arch,perturbation,perturbation_size,c_source,c_target,time_standard,time_advstd,delta_standard_lower_bound,delta_standard_upper_bound,delta_advstd_lower_bound,delta_advstd_upper_bound,mip_start,branch_priorities,lp_basis,bound_tightening,seed,how_much_faster,gap_standard,gap_advstd,solve_status_standard,solve_status_advstd,standard_file,advstd_file
cnn1,patch,"1,14,14,3",0,3,1815.58,1742.11,16.516488,57.456391,16.516491,16.524639,no,yes,no,yes,4,1.04x,40.939903,0.008148,,OPTIMAL,"/root/Downloads/for_dana/vaghar_org/paper_experiments/mnist/cnn1_exp/patch/eps_1,14,14,3/vagharNoPerturbed_cnn1_seed42_itr20_sgd_itr1/63910131706641_cnn1_patch_1.0,14.0,14.0,3.0_ctag0__HyperAttackHints_VagharDeps_cTag1.txt","/root/Downloads/for_dana/vaghar_org/paper_experiments/mnist/cnn1_exp/patch/eps_1,14,14,3/advStd_cnn1_N1_model_seed42_itr20/63911746039615_n2_cnn1_patch_1.0,14.0,14.0,3.0_ctag0_model_seed42_itr20_sgd_itr1_N2_advStd_branchPri_boundTight_seed2_HyperAttackHints_VagharDeps_PerturbedIntervals_cTag1.txt"
cnn1,patch,"1,14,14,3",0,3,1815.58,1652.93,16.516488,57.456391,16.516491,16.524639,no,yes,yes,yes,4,1.10x,40.939903,0.008148,,OPTIMAL,"/root/Downloads/for_dana/vaghar_org/paper_experiments/mnist/cnn1_exp/patch/eps_1,14,14,3/vagharNoPerturbed_cnn1_seed42_itr20_sgd_itr1/63910131706641_cnn1_patch_1.0,14.0,14.0,3.0_ctag0__HyperAttackHints_VagharDeps_cTag1.txt","/root/Downloads/for_dana/vaghar_org/paper_experiments/mnist/cnn1_exp/patch/eps_1,14,14,3/advStd_cnn1_N1_model_seed42_itr20/63911741701175_n2_cnn1_patch_1.0,14.0,14.0,3.0_ctag0_model_seed42_itr20_sgd_itr1_N2_advStd_branchPri_lpBasis_boundTight_seed2_HyperAttackHints_VagharDeps_PerturbedIntervals_cTag1.txt"
cnn1,patch,"1,14,14,3",0,3,1815.58,1647.16,16.516488,57.456391,16.516491,16.524639,no,yes,yes,no,4,1.10x,40.939903,0.008148,,OPTIMAL,"/root/Downloads/for_dana/vaghar_org/paper_experiments/mnist/cnn1_exp/patch/eps_1,14,14,3/vagharNoPerturbed_cnn1_seed42_itr20_sgd_itr1/63910131706641_cnn1_patch_1.0,14.0,14.0,3.0_ctag0__HyperAttackHints_VagharDeps_cTag1.txt","/root/Downloads/for_dana/vaghar_org/paper_experiments/mnist/cnn1_exp/patch/eps_1,14,14,3/advStd_cnn1_N1_model_seed42_itr20/63911744660470_n2_cnn1_patch_1.0,14.0,14.0,3.0_ctag0_model_seed42_itr20_sgd_itr1_N2_advStd_branchPri_lpBasis_seed2_HyperAttackHints_VagharDeps_PerturbedIntervals_cTag1.txt"
cnn1,patch,"1,14,14,3",0,3,1815.58,1652.63,16.516488,57.456391,16.516491,16.524639,no,yes,no,no,4,1.10x,40.939903,0.008148,,OPTIMAL,"/root/Downloads/for_dana/vaghar_org/paper_experiments/mnist/cnn1_exp/patch/eps_1,14,14,3/vagharNoPerturbed_cnn1_seed42_itr20_sgd_itr1/63910131706641_cnn1_patch_1.0,14.0,14.0,3.0_ctag0__HyperAttackHints_VagharDeps_cTag1.txt","/root/Downloads/for_dana/vaghar_org/paper_experiments/mnist/cnn1_exp/patch/eps_1,14,14,3/advStd_cnn1_N1_model_seed42_itr20/63911747437184_n2_cnn1_patch_1.0,14.0,14.0,3.0_ctag0_model_seed42_itr20_sgd_itr1_N2_advStd_branchPri_seed2_HyperAttackHints_VagharDeps_PerturbedIntervals_cTag1.txt"
cnn1,patch,"1,14,14,3",0,3,1815.58,1563.02,16.516488,57.456391,16.516497,16.536939,yes,yes,yes,yes,4,1.16x,40.939903,0.020443,,OPTIMAL,"/root/Downloads/for_dana/vaghar_org/paper_experiments/mnist/cnn1_exp/patch/eps_1,14,14,3/vagharNoPerturbed_cnn1_seed42_itr20_sgd_itr1/63910131706641_cnn1_patch_1.0,14.0,14.0,3.0_ctag0__HyperAttackHints_VagharDeps_cTag1.txt","/root/Downloads/for_dana/vaghar_org/paper_experiments/mnist/cnn1_exp/patch/eps_1,14,14,3/advStd_cnn1_N1_model_seed42_itr20/63911730700232_n2_cnn1_patch_1.0,14.0,14.0,3.0_ctag0_model_seed42_itr20_sgd_itr1_N2_advStd_mipStart_branchPri_lpBasis_boundTight_seed4_HyperAttackCutoff_VagharDeps_PerturbedIntervals_cTag1.txt"
cnn1,patch,"1,14,14,3",0,3,1815.58,1569.78,16.516488,57.456391,16.516497,16.536939,yes,no,yes,no,4,1.16x,40.939903,0.020443,,OPTIMAL,"/root/Downloads/for_dana/vaghar_org/paper_experiments/mnist/cnn1_exp/patch/eps_1,14,14,3/vagharNoPerturbed_cnn1_seed42_itr20_sgd_itr1/63910131706641_cnn1_patch_1.0,14.0,14.0,3.0_ctag0__HyperAttackHints_VagharDeps_cTag1.txt","/root/Downloads/for_dana/vaghar_org/paper_experiments/mnist/cnn1_exp/patch/eps_1,14,14,3/advStd_cnn1_N1_model_seed42_itr20/63911738098473_n2_cnn1_patch_1.0,14.0,14.0,3.0_ctag0_model_seed42_itr20_sgd_itr1_N2_advStd_mipStart_lpBasis_seed4_HyperAttackCutoff_VagharDeps_PerturbedIntervals_cTag1.txt"
cnn1,patch,"1,14,14,3",0,3,1815.58,1549.63,16.516488,57.456391,16.516497,16.536939,yes,yes,yes,no,4,1.17x,40.939903,0.020443,,OPTIMAL,"/root/Downloads/for_dana/vaghar_org/paper_experiments/mnist/cnn1_exp/patch/eps_1,14,14,3/vagharNoPerturbed_cnn1_seed42_itr20_sgd_itr1/63910131706641_cnn1_patch_1.0,14.0,14.0,3.0_ctag0__HyperAttackHints_VagharDeps_cTag1.txt","/root/Downloads/for_dana/vaghar_org/paper_experiments/mnist/cnn1_exp/patch/eps_1,14,14,3/advStd_cnn1_N1_model_seed42_itr20/63911732453061_n2_cnn1_patch_1.0,14.0,14.0,3.0_ctag0_model_seed42_itr20_sgd_itr1_N2_advStd_mipStart_branchPri_lpBasis_seed4_HyperAttackCutoff_VagharDeps_PerturbedIntervals_cTag1.txt"
cnn1,patch,"1,14,14,3",0,3,1815.58,1535.77,16.516488,57.456391,13.430349,13.514991,yes,no,yes,yes,4,1.18x,40.939903,0.084642,,OPTIMAL,"/root/Downloads/for_dana/vaghar_org/paper_experiments/mnist/cnn1_exp/patch/eps_1,14,14,3/vagharNoPerturbed_cnn1_seed42_itr20_sgd_itr1/63910131706641_cnn1_patch_1.0,14.0,14.0,3.0_ctag0__HyperAttackHints_VagharDeps_cTag1.txt","/root/Downloads/for_dana/vaghar_org/paper_experiments/mnist/cnn1_exp/patch/eps_1,14,14,3/advStd_cnn1_N1_model_seed42_itr20/63911697547387_n2_cnn1_patch_1.0,14.0,14.0,3.0_ctag0_model_seed42_itr20_sgd_itr1_N2_advStd_mipStart_lpBasis_boundTight_HyperAttackCutoff_VagharDeps_PerturbedIntervals_cTag1.txt"
cnn1,patch,"1,14,14,3",0,3,1815.58,1542.74,16.516488,57.456391,16.516497,16.536939,yes,no,no,yes,4,1.18x,40.939903,0.020443,,OPTIMAL,"/root/Downloads/for_dana/vaghar_org/paper_experiments/mnist/cnn1_exp/patch/eps_1,14,14,3/vagharNoPerturbed_cnn1_seed42_itr20_sgd_itr1/63910131706641_cnn1_patch_1.0,14.0,14.0,3.0_ctag0__HyperAttackHints_VagharDeps_cTag1.txt","/root/Downloads/for_dana/vaghar_org/paper_experiments/mnist/cnn1_exp/patch/eps_1,14,14,3/advStd_cnn1_N1_model_seed42_itr20/63911739885093_n2_cnn1_patch_1.0,14.0,14.0,3.0_ctag0_model_seed42_itr20_sgd_itr1_N2_advStd_mipStart_boundTight_seed4_HyperAttackCutoff_VagharDeps_PerturbedIntervals_cTag1.txt"
cnn1,patch,"1,14,14,3",0,3,1815.58,1524.59,16.516488,57.456391,16.516497,16.536939,yes,no,yes,yes,4,1.19x,40.939903,0.020443,,OPTIMAL,"/root/Downloads/for_dana/vaghar_org/paper_experiments/mnist/cnn1_exp/patch/eps_1,14,14,3/vagharNoPerturbed_cnn1_seed42_itr20_sgd_itr1/63910131706641_cnn1_patch_1.0,14.0,14.0,3.0_ctag0__HyperAttackHints_VagharDeps_cTag1.txt","/root/Downloads/for_dana/vaghar_org/paper_experiments/mnist/cnn1_exp/patch/eps_1,14,14,3/advStd_cnn1_N1_model_seed42_itr20/63911736862943_n2_cnn1_patch_1.0,14.0,14.0,3.0_ctag0_model_seed42_itr20_sgd_itr1_N2_advStd_mipStart_lpBasis_boundTight_seed4_HyperAttackCutoff_VagharDeps_PerturbedIntervals_cTag1.txt"
cnn1,patch,"1,14,14,3",0,3,1815.58,1514.30,16.516488,57.456391,16.516497,16.536939,yes,yes,no,yes,4,1.20x,40.939903,0.020443,,OPTIMAL,"/root/Downloads/for_dana/vaghar_org/paper_experiments/mnist/cnn1_exp/patch/eps_1,14,14,3/vagharNoPerturbed_cnn1_seed42_itr20_sgd_itr1/63910131706641_cnn1_patch_1.0,14.0,14.0,3.0_ctag0__HyperAttackHints_VagharDeps_cTag1.txt","/root/Downloads/for_dana/vaghar_org/paper_experiments/mnist/cnn1_exp/patch/eps_1,14,14,3/advStd_cnn1_N1_model_seed42_itr20/63911733277775_n2_cnn1_patch_1.0,14.0,14.0,3.0_ctag0_model_seed42_itr20_sgd_itr1_N2_advStd_mipStart_branchPri_boundTight_seed4_HyperAttackCutoff_VagharDeps_PerturbedIntervals_cTag1.txt"
cnn1,patch,"1,14,14,3",0,3,1815.58,1509.00,16.516488,57.456391,16.516497,16.536939,yes,yes,no,no,4,1.20x,40.939903,0.020443,,OPTIMAL,"/root/Downloads/for_dana/vaghar_org/paper_experiments/mnist/cnn1_exp/patch/eps_1,14,14,3/vagharNoPerturbed_cnn1_seed42_itr20_sgd_itr1/63910131706641_cnn1_patch_1.0,14.0,14.0,3.0_ctag0__HyperAttackHints_VagharDeps_cTag1.txt","/root/Downloads/for_dana/vaghar_org/paper_experiments/mnist/cnn1_exp/patch/eps_1,14,14,3/advStd_cnn1_N1_model_seed42_itr20/63911735080168_n2_cnn1_patch_1.0,14.0,14.0,3.0_ctag0_model_seed42_itr20_sgd_itr1_N2_advStd_mipStart_branchPri_seed4_HyperAttackCutoff_VagharDeps_PerturbedIntervals_cTag1.txt"
cnn1,patch,"1,14,14,3",0,3,1815.58,1509.97,16.516488,57.456391,16.516497,16.536939,yes,no,no,no,4,1.20x,40.939903,0.020443,,OPTIMAL,"/root/Downloads/for_dana/vaghar_org/paper_experiments/mnist/cnn1_exp/patch/eps_1,14,14,3/vagharNoPerturbed_cnn1_seed42_itr20_sgd_itr1/63910131706641_cnn1_patch_1.0,14.0,14.0,3.0_ctag0__HyperAttackHints_VagharDeps_cTag1.txt","/root/Downloads/for_dana/vaghar_org/paper_experiments/mnist/cnn1_exp/patch/eps_1,14,14,3/advStd_cnn1_N1_model_seed42_itr20/63911741632558_n2_cnn1_patch_1.0,14.0,14.0,3.0_ctag0_model_seed42_itr20_sgd_itr1_N2_advStd_mipStart_seed4_HyperAttackCutoff_VagharDeps_PerturbedIntervals_cTag1.txt"
cnn1,patch,"1,14,14,3",0,3,1815.58,1156.13,16.516488,57.456391,16.516490,16.530000,yes,yes,yes,yes,4,1.57x,40.939903,0.013510,,OPTIMAL,"/root/Downloads/for_dana/vaghar_org/paper_experiments/mnist/cnn1_exp/patch/eps_1,14,14,3/vagharNoPerturbed_cnn1_seed42_itr20_sgd_itr1/63910131706641_cnn1_patch_1.0,14.0,14.0,3.0_ctag0__HyperAttackHints_VagharDeps_cTag1.txt","/root/Downloads/for_dana/vaghar_org/paper_experiments/mnist/cnn1_exp/patch/eps_1,14,14,3/advStd_cnn1_N1_model_seed42_itr20/63911697544097_n2_cnn1_patch_1.0,14.0,14.0,3.0_ctag0_model_seed42_itr20_sgd_itr1_N2_advStd_mipStart_branchPri_lpBasis_boundTight_HyperAttackCutoff_VagharDeps_PerturbedIntervals_cTag1.txt"
cnn1,patch,"1,14,14,3",0,3,1815.58,833.47,16.516488,57.456391,16.516491,16.516694,yes,no,yes,yes,4,2.18x,40.939903,0.000203,,OPTIMAL,"/root/Downloads/for_dana/vaghar_org/paper_experiments/mnist/cnn1_exp/patch/eps_1,14,14,3/vagharNoPerturbed_cnn1_seed42_itr20_sgd_itr1/63910131706641_cnn1_patch_1.0,14.0,14.0,3.0_ctag0__HyperAttackHints_VagharDeps_cTag1.txt","/root/Downloads/for_dana/vaghar_org/paper_experiments/mnist/cnn1_exp/patch/eps_1,14,14,3/advStd_cnn1_N1_model_seed42_itr20/63911696356525_n2_cnn1_patch_1.0,14.0,14.0,3.0_ctag0_model_seed42_itr20_sgd_itr1_N2_advStd_mipStart_lpBasis_boundTight_VagharDeps_PerturbedIntervals_cTag1.txt"
cnn1,patch,"1,14,14,3",0,3,1815.58,819.18,16.516488,57.456391,16.516491,16.516694,yes,yes,yes,no,4,2.22x,40.939903,0.000203,,OPTIMAL,"/root/Downloads/for_dana/vaghar_org/paper_experiments/mnist/cnn1_exp/patch/eps_1,14,14,3/vagharNoPerturbed_cnn1_seed42_itr20_sgd_itr1/63910131706641_cnn1_patch_1.0,14.0,14.0,3.0_ctag0__HyperAttackHints_VagharDeps_cTag1.txt","/root/Downloads/for_dana/vaghar_org/paper_experiments/mnist/cnn1_exp/patch/eps_1,14,14,3/advStd_cnn1_N1_model_seed42_itr20/63911696342541_n2_cnn1_patch_1.0,14.0,14.0,3.0_ctag0_model_seed42_itr20_sgd_itr1_N2_advStd_mipStart_branchPri_lpBasis_VagharDeps_PerturbedIntervals_cTag1.txt"
cnn1,patch,"1,14,14,3",0,3,1815.58,773.99,16.516488,57.456391,16.516489,16.674326,yes,yes,yes,yes,4,2.35x,40.939903,0.157837,,OPTIMAL,"/root/Downloads/for_dana/vaghar_org/paper_experiments/mnist/cnn1_exp/patch/eps_1,14,14,3/vagharNoPerturbed_cnn1_seed42_itr20_sgd_itr1/63910131706641_cnn1_patch_1.0,14.0,14.0,3.0_ctag0__HyperAttackHints_VagharDeps_cTag1.txt","/root/Downloads/for_dana/vaghar_org/paper_experiments/mnist/cnn1_exp/patch/eps_1,14,14,3/advStd_cnn1_N1_model_seed42_itr20/63911730701214_n2_cnn1_patch_1.0,14.0,14.0,3.0_ctag0_model_seed42_itr20_sgd_itr1_N2_advStd_mipStart_branchPri_lpBasis_boundTight_seed2_HyperAttackCutoff_VagharDeps_PerturbedIntervals_cTag1.txt"
cnn1,patch,"1,14,14,3",0,3,1815.58,757.45,16.516488,57.456391,16.516489,16.674326,yes,yes,yes,no,4,2.40x,40.939903,0.157837,,OPTIMAL,"/root/Downloads/for_dana/vaghar_org/paper_experiments/mnist/cnn1_exp/patch/eps_1,14,14,3/vagharNoPerturbed_cnn1_seed42_itr20_sgd_itr1/63910131706641_cnn1_patch_1.0,14.0,14.0,3.0_ctag0__HyperAttackHints_VagharDeps_cTag1.txt","/root/Downloads/for_dana/vaghar_org/paper_experiments/mnist/cnn1_exp/patch/eps_1,14,14,3/advStd_cnn1_N1_model_seed42_itr20/63911730738344_n2_cnn1_patch_1.0,14.0,14.0,3.0_ctag0_model_seed42_itr20_sgd_itr1_N2_advStd_mipStart_branchPri_lpBasis_seed2_HyperAttackCutoff_VagharDeps_PerturbedIntervals_cTag1.txt"
cnn1,patch,"1,14,14,3",0,3,1815.58,742.23,16.516488,57.456391,16.516489,16.674326,yes,no,yes,no,4,2.45x,40.939903,0.157837,,OPTIMAL,"/root/Downloads/for_dana/vaghar_org/paper_experiments/mnist/cnn1_exp/patch/eps_1,14,14,3/vagharNoPerturbed_cnn1_seed42_itr20_sgd_itr1/63910131706641_cnn1_patch_1.0,14.0,14.0,3.0_ctag0__HyperAttackHints_VagharDeps_cTag1.txt","/root/Downloads/for_dana/vaghar_org/paper_experiments/mnist/cnn1_exp/patch/eps_1,14,14,3/advStd_cnn1_N1_model_seed42_itr20/63911737321112_n2_cnn1_patch_1.0,14.0,14.0,3.0_ctag0_model_seed42_itr20_sgd_itr1_N2_advStd_mipStart_lpBasis_seed2_HyperAttackCutoff_VagharDeps_PerturbedIntervals_cTag1.txt"
cnn1,patch,"1,14,14,3",0,3,1815.58,736.00,16.516488,57.456391,16.516489,16.674326,yes,yes,no,yes,4,2.47x,40.939903,0.157837,,OPTIMAL,"/root/Downloads/for_dana/vaghar_org/paper_experiments/mnist/cnn1_exp/patch/eps_1,14,14,3/vagharNoPerturbed_cnn1_seed42_itr20_sgd_itr1/63910131706641_cnn1_patch_1.0,14.0,14.0,3.0_ctag0__HyperAttackHints_VagharDeps_cTag1.txt","/root/Downloads/for_dana/vaghar_org/paper_experiments/mnist/cnn1_exp/patch/eps_1,14,14,3/advStd_cnn1_N1_model_seed42_itr20/63911732540408_n2_cnn1_patch_1.0,14.0,14.0,3.0_ctag0_model_seed42_itr20_sgd_itr1_N2_advStd_mipStart_branchPri_boundTight_seed2_HyperAttackCutoff_VagharDeps_PerturbedIntervals_cTag1.txt"
cnn1,patch,"1,14,14,3",0,3,1815.58,734.22,16.516488,57.456391,16.516489,16.674326,yes,no,yes,yes,4,2.47x,40.939903,0.157837,,OPTIMAL,"/root/Downloads/for_dana/vaghar_org/paper_experiments/mnist/cnn1_exp/patch/eps_1,14,14,3/vagharNoPerturbed_cnn1_seed42_itr20_sgd_itr1/63910131706641_cnn1_patch_1.0,14.0,14.0,3.0_ctag0__HyperAttackHints_VagharDeps_cTag1.txt","/root/Downloads/for_dana/vaghar_org/paper_experiments/mnist/cnn1_exp/patch/eps_1,14,14,3/advStd_cnn1_N1_model_seed42_itr20/63911735568922_n2_cnn1_patch_1.0,14.0,14.0,3.0_ctag0_model_seed42_itr20_sgd_itr1_N2_advStd_mipStart_lpBasis_boundTight_seed2_HyperAttackCutoff_VagharDeps_PerturbedIntervals_cTag1.txt"
cnn1,patch,"1,14,14,3",0,3,1815.58,735.49,16.516488,57.456391,16.516489,16.674326,yes,no,no,yes,4,2.47x,40.939903,0.157837,,OPTIMAL,"/root/Downloads/for_dana/vaghar_org/paper_experiments/mnist/cnn1_exp/patch/eps_1,14,14,3/vagharNoPerturbed_cnn1_seed42_itr20_sgd_itr1/63910131706641_cnn1_patch_1.0,14.0,14.0,3.0_ctag0__HyperAttackHints_VagharDeps_cTag1.txt","/root/Downloads/for_dana/vaghar_org/paper_experiments/mnist/cnn1_exp/patch/eps_1,14,14,3/advStd_cnn1_N1_model_seed42_itr20/63911738622446_n2_cnn1_patch_1.0,14.0,14.0,3.0_ctag0_model_seed42_itr20_sgd_itr1_N2_advStd_mipStart_boundTight_seed2_HyperAttackCutoff_VagharDeps_PerturbedIntervals_cTag1.txt"
cnn1,patch,"1,14,14,3",0,3,1815.58,725.07,16.516488,57.456391,16.516489,16.674326,yes,yes,no,no,4,2.50x,40.939903,0.157837,,OPTIMAL,"/root/Downloads/for_dana/vaghar_org/paper_experiments/mnist/cnn1_exp/patch/eps_1,14,14,3/vagharNoPerturbed_cnn1_seed42_itr20_sgd_itr1/63910131706641_cnn1_patch_1.0,14.0,14.0,3.0_ctag0__HyperAttackHints_VagharDeps_cTag1.txt","/root/Downloads/for_dana/vaghar_org/paper_experiments/mnist/cnn1_exp/patch/eps_1,14,14,3/advStd_cnn1_N1_model_seed42_itr20/63911734197280_n2_cnn1_patch_1.0,14.0,14.0,3.0_ctag0_model_seed42_itr20_sgd_itr1_N2_advStd_mipStart_branchPri_seed2_HyperAttackCutoff_VagharDeps_PerturbedIntervals_cTag1.txt"
cnn1,patch,"1,14,14,3",0,3,1815.58,726.04,16.516488,57.456391,16.516489,16.674326,yes,no,no,no,4,2.50x,40.939903,0.157837,,OPTIMAL,"/root/Downloads/for_dana/vaghar_org/paper_experiments/mnist/cnn1_exp/patch/eps_1,14,14,3/vagharNoPerturbed_cnn1_seed42_itr20_sgd_itr1/63910131706641_cnn1_patch_1.0,14.0,14.0,3.0_ctag0__HyperAttackHints_VagharDeps_cTag1.txt","/root/Downloads/for_dana/vaghar_org/paper_experiments/mnist/cnn1_exp/patch/eps_1,14,14,3/advStd_cnn1_N1_model_seed42_itr20/63911740168308_n2_cnn1_patch_1.0,14.0,14.0,3.0_ctag0_model_seed42_itr20_sgd_itr1_N2_advStd_mipStart_seed2_HyperAttackCutoff_VagharDeps_PerturbedIntervals_cTag1.txt"
cnn1,patch,"1,14,14,3",0,3,1815.58,715.24,16.516488,57.456391,16.516491,16.516694,yes,yes,no,no,4,2.54x,40.939903,0.000203,,OPTIMAL,"/root/Downloads/for_dana/vaghar_org/paper_experiments/mnist/cnn1_exp/patch/eps_1,14,14,3/vagharNoPerturbed_cnn1_seed42_itr20_sgd_itr1/63910131706641_cnn1_patch_1.0,14.0,14.0,3.0_ctag0__HyperAttackHints_VagharDeps_cTag1.txt","/root/Downloads/for_dana/vaghar_org/paper_experiments/mnist/cnn1_exp/patch/eps_1,14,14,3/advStd_cnn1_N1_model_seed42_itr20/63911696309204_n2_cnn1_patch_1.0,14.0,14.0,3.0_ctag0_model_seed42_itr20_sgd_itr1_N2_advStd_mipStart_branchPri_VagharDeps_PerturbedIntervals_cTag1.txt"
cnn1,patch,"1,14,14,3",0,3,1815.58,659.50,16.516488,57.456391,16.516491,16.516694,yes,no,no,yes,4,2.75x,40.939903,0.000203,,OPTIMAL,"/root/Downloads/for_dana/vaghar_org/paper_experiments/mnist/cnn1_exp/patch/eps_1,14,14,3/vagharNoPerturbed_cnn1_seed42_itr20_sgd_itr1/63910131706641_cnn1_patch_1.0,14.0,14.0,3.0_ctag0__HyperAttackHints_VagharDeps_cTag1.txt","/root/Downloads/for_dana/vaghar_org/paper_experiments/mnist/cnn1_exp/patch/eps_1,14,14,3/advStd_cnn1_N1_model_seed42_itr20/63911692315235_n2_cnn1_patch_1.0,14.0,14.0,3.0_ctag0_model_seed42_itr20_sgd_itr1_N2_advStd_mipStart_boundTight_VagharDeps_PerturbedIntervals_cTag1.txt"
cnn1,patch,"1,14,14,3",0,3,1815.58,628.25,16.516488,57.456391,16.516491,16.516694,yes,no,yes,no,4,2.89x,40.939903,0.000203,,OPTIMAL,"/root/Downloads/for_dana/vaghar_org/paper_experiments/mnist/cnn1_exp/patch/eps_1,14,14,3/vagharNoPerturbed_cnn1_seed42_itr20_sgd_itr1/63910131706641_cnn1_patch_1.0,14.0,14.0,3.0_ctag0__HyperAttackHints_VagharDeps_cTag1.txt","/root/Downloads/for_dana/vaghar_org/paper_experiments/mnist/cnn1_exp/patch/eps_1,14,14,3/advStd_cnn1_N1_model_seed42_itr20/63911691607590_n2_cnn1_patch_1.0,14.0,14.0,3.0_ctag0_model_seed42_itr20_sgd_itr1_N2_advStd_mipStart_lpBasis_VagharDeps_PerturbedIntervals_cTag1.txt"
cnn1,patch,"1,14,14,3",0,3,1815.58,603.79,16.516488,57.456391,16.516491,16.516694,yes,no,no,no,4,3.01x,40.939903,0.000203,,OPTIMAL,"/root/Downloads/for_dana/vaghar_org/paper_experiments/mnist/cnn1_exp/patch/eps_1,14,14,3/vagharNoPerturbed_cnn1_seed42_itr20_sgd_itr1/63910131706641_cnn1_patch_1.0,14.0,14.0,3.0_ctag0__HyperAttackHints_VagharDeps_cTag1.txt","/root/Downloads/for_dana/vaghar_org/paper_experiments/mnist/cnn1_exp/patch/eps_1,14,14,3/advStd_cnn1_N1_model_seed42_itr20/63911694156254_n2_cnn1_patch_1.0,14.0,14.0,3.0_ctag0_model_seed42_itr20_sgd_itr1_N2_advStd_mipStart_VagharDeps_PerturbedIntervals_cTag1.txt"
cnn1,patch,"1,14,14,3",0,3,1815.58,587.87,16.516488,57.456391,16.516491,16.516694,yes,yes,no,yes,4,3.09x,40.939903,0.000203,,OPTIMAL,"/root/Downloads/for_dana/vaghar_org/paper_experiments/mnist/cnn1_exp/patch/eps_1,14,14,3/vagharNoPerturbed_cnn1_seed42_itr20_sgd_itr1/63910131706641_cnn1_patch_1.0,14.0,14.0,3.0_ctag0__HyperAttackHints_VagharDeps_cTag1.txt","/root/Downloads/for_dana/vaghar_org/paper_experiments/mnist/cnn1_exp/patch/eps_1,14,14,3/advStd_cnn1_N1_model_seed42_itr20/63911696302687_n2_cnn1_patch_1.0,14.0,14.0,3.0_ctag0_model_seed42_itr20_sgd_itr1_N2_advStd_mipStart_branchPri_boundTight_VagharDeps_PerturbedIntervals_cTag1.txt"
cnn1,patch,"1,14,14,3",0,3,1815.58,569.39,16.516488,57.456391,13.430348,13.430527,yes,no,yes,yes,4,3.19x,40.939903,0.000180,,OPTIMAL,"/root/Downloads/for_dana/vaghar_org/paper_experiments/mnist/cnn1_exp/patch/eps_1,14,14,3/vagharNoPerturbed_cnn1_seed42_itr20_sgd_itr1/63910131706641_cnn1_patch_1.0,14.0,14.0,3.0_ctag0__HyperAttackHints_VagharDeps_cTag1.txt","/root/Downloads/for_dana/vaghar_org/paper_experiments/mnist/cnn1_exp/patch/eps_1,14,14,3/advStd_cnn1_N1_model_seed42_itr20/63911691619099_n2_cnn1_patch_1.0,14.0,14.0,3.0_ctag0_model_seed42_itr20_sgd_itr1_N2_advStd_mipStart_lpBasis_boundTight_VagharDeps_PerturbedIntervals_cTag1.txt"
cnn1,patch,"1,14,14,3",0,3,1815.58,568.03,16.516488,57.456391,16.516491,16.516694,yes,no,no,no,4,3.20x,40.939903,0.000203,,OPTIMAL,"/root/Downloads/for_dana/vaghar_org/paper_experiments/mnist/cnn1_exp/patch/eps_1,14,14,3/vagharNoPerturbed_cnn1_seed42_itr20_sgd_itr1/63910131706641_cnn1_patch_1.0,14.0,14.0,3.0_ctag0__HyperAttackHints_VagharDeps_cTag1.txt","/root/Downloads/for_dana/vaghar_org/paper_experiments/mnist/cnn1_exp/patch/eps_1,14,14,3/advStd_cnn1_N1_model_seed42_itr20/63911692885354_n2_cnn1_patch_1.0,14.0,14.0,3.0_ctag0_model_seed42_itr20_sgd_itr1_N2_advStd_mipStart_VagharDeps_PerturbedIntervals_cTag1.txt"
cnn1,patch,"1,14,14,3",0,3,1815.58,490.76,16.516488,57.456391,16.516491,16.516694,yes,no,no,yes,4,3.70x,40.939903,0.000203,,OPTIMAL,"/root/Downloads/for_dana/vaghar_org/paper_experiments/mnist/cnn1_exp/patch/eps_1,14,14,3/vagharNoPerturbed_cnn1_seed42_itr20_sgd_itr1/63910131706641_cnn1_patch_1.0,14.0,14.0,3.0_ctag0__HyperAttackHints_VagharDeps_cTag1.txt","/root/Downloads/for_dana/vaghar_org/paper_experiments/mnist/cnn1_exp/patch/eps_1,14,14,3/advStd_cnn1_N1_model_seed42_itr20/63911691602842_n2_cnn1_patch_1.0,14.0,14.0,3.0_ctag0_model_seed42_itr20_sgd_itr1_N2_advStd_mipStart_boundTight_VagharDeps_PerturbedIntervals_cTag1.txt"
cnn1,patch,"1,14,14,3",0,3,1815.58,474.72,16.516488,57.456391,16.516491,16.516694,yes,no,no,no,4,3.82x,40.939903,0.000203,,OPTIMAL,"/root/Downloads/for_dana/vaghar_org/paper_experiments/mnist/cnn1_exp/patch/eps_1,14,14,3/vagharNoPerturbed_cnn1_seed42_itr20_sgd_itr1/63910131706641_cnn1_patch_1.0,14.0,14.0,3.0_ctag0__HyperAttackHints_VagharDeps_cTag1.txt","/root/Downloads/for_dana/vaghar_org/paper_experiments/mnist/cnn1_exp/patch/eps_1,14,14,3/advStd_cnn1_N1_model_seed42_itr20/63911692123327_n2_cnn1_patch_1.0,14.0,14.0,3.0_ctag0_model_seed42_itr20_sgd_itr1_N2_advStd_mipStart_VagharDeps_PerturbedIntervals_cTag1.txt"
cnn1,patch,"1,14,14,3",0,3,1815.58,298.42,16.516488,57.456391,16.384817,16.533998,yes,no,yes,no,4,6.08x,40.939903,0.149180,,OPTIMAL,"/root/Downloads/for_dana/vaghar_org/paper_experiments/mnist/cnn1_exp/patch/eps_1,14,14,3/vagharNoPerturbed_cnn1_seed42_itr20_sgd_itr1/63910131706641_cnn1_patch_1.0,14.0,14.0,3.0_ctag0__HyperAttackHints_VagharDeps_cTag1.txt","/root/Downloads/for_dana/vaghar_org/paper_experiments/mnist/cnn1_exp/patch/eps_1,14,14,3/advStd_cnn1_N1_model_seed42_itr20/63911692311861_n2_cnn1_patch_1.0,14.0,14.0,3.0_ctag0_model_seed42_itr20_sgd_itr1_N2_advStd_mipStart_lpBasis_VagharDeps_PerturbedIntervals_cTag1.txt"
cnn1,patch,"1,14,14,3",0,3,1815.58,267.99,16.516488,57.456391,16.384820,16.516486,yes,no,yes,yes,4,6.77x,40.939903,0.131666,,OPTIMAL,"/root/Downloads/for_dana/vaghar_org/paper_experiments/mnist/cnn1_exp/patch/eps_1,14,14,3/vagharNoPerturbed_cnn1_seed42_itr20_sgd_itr1/63910131706641_cnn1_patch_1.0,14.0,14.0,3.0_ctag0__HyperAttackHints_VagharDeps_cTag1.txt","/root/Downloads/for_dana/vaghar_org/paper_experiments/mnist/cnn1_exp/patch/eps_1,14,14,3/advStd_cnn1_N1_model_seed42_itr20/63911693608403_n2_cnn1_patch_1.0,14.0,14.0,3.0_ctag0_model_seed42_itr20_sgd_itr1_N2_advStd_mipStart_lpBasis_boundTight_VagharDeps_PerturbedIntervals_cTag1.txt"
cnn1,patch,"1,14,14,3",0,3,1815.58,252.41,16.516488,57.456391,16.384820,16.516486,yes,no,yes,no,4,7.19x,40.939903,0.131666,,OPTIMAL,"/root/Downloads/for_dana/vaghar_org/paper_experiments/mnist/cnn1_exp/patch/eps_1,14,14,3/vagharNoPerturbed_cnn1_seed42_itr20_sgd_itr1/63910131706641_cnn1_patch_1.0,14.0,14.0,3.0_ctag0__HyperAttackHints_VagharDeps_cTag1.txt","/root/Downloads/for_dana/vaghar_org/paper_experiments/mnist/cnn1_exp/patch/eps_1,14,14,3/advStd_cnn1_N1_model_seed42_itr20/63911696347162_n2_cnn1_patch_1.0,14.0,14.0,3.0_ctag0_model_seed42_itr20_sgd_itr1_N2_advStd_mipStart_lpBasis_VagharDeps_PerturbedIntervals_cTag1.txt"
cnn1,patch,"1,14,14,3",0,3,1815.58,245.19,16.516488,57.456391,16.384820,16.516486,yes,no,no,yes,4,7.40x,40.939903,0.131666,,OPTIMAL,"/root/Downloads/for_dana/vaghar_org/paper_experiments/mnist/cnn1_exp/patch/eps_1,14,14,3/vagharNoPerturbed_cnn1_seed42_itr20_sgd_itr1/63910131706641_cnn1_patch_1.0,14.0,14.0,3.0_ctag0__HyperAttackHints_VagharDeps_cTag1.txt","/root/Downloads/for_dana/vaghar_org/paper_experiments/mnist/cnn1_exp/patch/eps_1,14,14,3/advStd_cnn1_N1_model_seed42_itr20/63911696298659_n2_cnn1_patch_1.0,14.0,14.0,3.0_ctag0_model_seed42_itr20_sgd_itr1_N2_advStd_mipStart_boundTight_VagharDeps_PerturbedIntervals_cTag1.txt"
cnn1,patch,"1,14,14,3",0,3,1815.58,215.02,16.516488,57.456391,16.384820,16.516486,yes,no,no,yes,4,8.44x,40.939903,0.131666,,OPTIMAL,"/root/Downloads/for_dana/vaghar_org/paper_experiments/mnist/cnn1_exp/patch/eps_1,14,14,3/vagharNoPerturbed_cnn1_seed42_itr20_sgd_itr1/63910131706641_cnn1_patch_1.0,14.0,14.0,3.0_ctag0__HyperAttackHints_VagharDeps_cTag1.txt","/root/Downloads/for_dana/vaghar_org/paper_experiments/mnist/cnn1_exp/patch/eps_1,14,14,3/advStd_cnn1_N1_model_seed42_itr20/63911693565786_n2_cnn1_patch_1.0,14.0,14.0,3.0_ctag0_model_seed42_itr20_sgd_itr1_N2_advStd_mipStart_boundTight_VagharDeps_PerturbedIntervals_cTag1.txt"
cnn1,patch,"1,14,14,3",0,3,1815.58,195.81,16.516488,57.456391,16.384820,16.516486,yes,yes,yes,yes,4,9.27x,40.939903,0.131666,,OPTIMAL,"/root/Downloads/for_dana/vaghar_org/paper_experiments/mnist/cnn1_exp/patch/eps_1,14,14,3/vagharNoPerturbed_cnn1_seed42_itr20_sgd_itr1/63910131706641_cnn1_patch_1.0,14.0,14.0,3.0_ctag0__HyperAttackHints_VagharDeps_cTag1.txt","/root/Downloads/for_dana/vaghar_org/paper_experiments/mnist/cnn1_exp/patch/eps_1,14,14,3/advStd_cnn1_N1_model_seed42_itr20/63911696351973_n2_cnn1_patch_1.0,14.0,14.0,3.0_ctag0_model_seed42_itr20_sgd_itr1_N2_advStd_mipStart_branchPri_lpBasis_boundTight_VagharDeps_PerturbedIntervals_cTag1.txt"
cnn1,patch,"1,14,14,3",0,3,1815.58,180.05,16.516488,57.456391,16.384816,16.537480,yes,no,no,yes,4,10.08x,40.939903,0.152664,,OPTIMAL,"/root/Downloads/for_dana/vaghar_org/paper_experiments/mnist/cnn1_exp/patch/eps_1,14,14,3/vagharNoPerturbed_cnn1_seed42_itr20_sgd_itr1/63910131706641_cnn1_patch_1.0,14.0,14.0,3.0_ctag0__HyperAttackHints_VagharDeps_cTag1.txt","/root/Downloads/for_dana/vaghar_org/paper_experiments/mnist/cnn1_exp/patch/eps_1,14,14,3/advStd_cnn1_N1_model_seed42_itr20/63911697516742_n2_cnn1_patch_1.0,14.0,14.0,3.0_ctag0_model_seed42_itr20_sgd_itr1_N2_advStd_mipStart_boundTight_HyperAttackCutoff_VagharDeps_PerturbedIntervals_cTag1.txt"
cnn1,patch,"1,14,14,3",0,3,1815.58,172.22,16.516488,57.456391,16.516486,16.644788,no,yes,no,yes,4,10.54x,40.939903,0.128302,,OPTIMAL,"/root/Downloads/for_dana/vaghar_org/paper_experiments/mnist/cnn1_exp/patch/eps_1,14,14,3/vagharNoPerturbed_cnn1_seed42_itr20_sgd_itr1/63910131706641_cnn1_patch_1.0,14.0,14.0,3.0_ctag0__HyperAttackHints_VagharDeps_cTag1.txt","/root/Downloads/for_dana/vaghar_org/paper_experiments/mnist/cnn1_exp/patch/eps_1,14,14,3/advStd_cnn1_N1_model_seed42_itr20/63911705663797_n2_cnn1_patch_1.0,14.0,14.0,3.0_ctag0_model_seed42_itr20_sgd_itr1_N2_advStd_branchPri_boundTight_HyperAttackHints_VagharDeps_PerturbedIntervals_cTag1.txt"
cnn1,patch,"1,14,14,3",0,3,1815.58,164.29,16.516488,57.456391,16.516486,16.644788,no,no,yes,yes,4,11.05x,40.939903,0.128302,,OPTIMAL,"/root/Downloads/for_dana/vaghar_org/paper_experiments/mnist/cnn1_exp/patch/eps_1,14,14,3/vagharNoPerturbed_cnn1_seed42_itr20_sgd_itr1/63910131706641_cnn1_patch_1.0,14.0,14.0,3.0_ctag0__HyperAttackHints_VagharDeps_cTag1.txt","/root/Downloads/for_dana/vaghar_org/paper_experiments/mnist/cnn1_exp/patch/eps_1,14,14,3/advStd_cnn1_N1_model_seed42_itr20/63911695049950_n2_cnn1_patch_1.0,14.0,14.0,3.0_ctag0_model_seed42_itr20_sgd_itr1_N2_advStd_lpBasis_boundTight_HyperAttackHints_VagharDeps_PerturbedIntervals_cTag1.txt"
cnn1,patch,"1,14,14,3",0,3,1815.58,135.82,16.516488,57.456391,16.516486,16.644788,no,no,yes,no,4,13.37x,40.939903,0.128302,,OPTIMAL,"/root/Downloads/for_dana/vaghar_org/paper_experiments/mnist/cnn1_exp/patch/eps_1,14,14,3/vagharNoPerturbed_cnn1_seed42_itr20_sgd_itr1/63910131706641_cnn1_patch_1.0,14.0,14.0,3.0_ctag0__HyperAttackHints_VagharDeps_cTag1.txt","/root/Downloads/for_dana/vaghar_org/paper_experiments/mnist/cnn1_exp/patch/eps_1,14,14,3/advStd_cnn1_N1_model_seed42_itr20/63911695424869_n2_cnn1_patch_1.0,14.0,14.0,3.0_ctag0_model_seed42_itr20_sgd_itr1_N2_advStd_lpBasis_HyperAttackHints_VagharDeps_PerturbedIntervals_cTag1.txt"
cnn1,patch,"1,14,14,3",0,3,1815.58,125.12,16.516488,57.456391,16.516486,16.644788,no,yes,yes,no,4,14.51x,40.939903,0.128302,,OPTIMAL,"/root/Downloads/for_dana/vaghar_org/paper_experiments/mnist/cnn1_exp/patch/eps_1,14,14,3/vagharNoPerturbed_cnn1_seed42_itr20_sgd_itr1/63910131706641_cnn1_patch_1.0,14.0,14.0,3.0_ctag0__HyperAttackHints_VagharDeps_cTag1.txt","/root/Downloads/for_dana/vaghar_org/paper_experiments/mnist/cnn1_exp/patch/eps_1,14,14,3/advStd_cnn1_N1_model_seed42_itr20/63911705194376_n2_cnn1_patch_1.0,14.0,14.0,3.0_ctag0_model_seed42_itr20_sgd_itr1_N2_advStd_branchPri_lpBasis_HyperAttackHints_VagharDeps_PerturbedIntervals_cTag1.txt"
cnn1,patch,"1,14,14,3",0,3,1815.58,120.10,16.516488,57.456391,16.384816,16.516486,yes,no,yes,no,4,15.12x,40.939903,0.131670,,OPTIMAL,"/root/Downloads/for_dana/vaghar_org/paper_experiments/mnist/cnn1_exp/patch/eps_1,14,14,3/vagharNoPerturbed_cnn1_seed42_itr20_sgd_itr1/63910131706641_cnn1_patch_1.0,14.0,14.0,3.0_ctag0__HyperAttackHints_VagharDeps_cTag1.txt","/root/Downloads/for_dana/vaghar_org/paper_experiments/mnist/cnn1_exp/patch/eps_1,14,14,3/advStd_cnn1_N1_model_seed42_itr20/63911697538749_n2_cnn1_patch_1.0,14.0,14.0,3.0_ctag0_model_seed42_itr20_sgd_itr1_N2_advStd_mipStart_lpBasis_HyperAttackCutoff_VagharDeps_PerturbedIntervals_cTag1.txt"
cnn1,patch,"1,14,14,3",0,3,1815.58,105.40,16.516488,57.456391,16.516486,16.527722,no,no,no,yes,4,17.23x,40.939903,0.011236,,OPTIMAL,"/root/Downloads/for_dana/vaghar_org/paper_experiments/mnist/cnn1_exp/patch/eps_1,14,14,3/vagharNoPerturbed_cnn1_seed42_itr20_sgd_itr1/63910131706641_cnn1_patch_1.0,14.0,14.0,3.0_ctag0__HyperAttackHints_VagharDeps_cTag1.txt","/root/Downloads/for_dana/vaghar_org/paper_experiments/mnist/cnn1_exp/patch/eps_1,14,14,3/advStd_cnn1_N1_model_seed42_itr20/63911695475545_n2_cnn1_patch_1.0,14.0,14.0,3.0_ctag0_model_seed42_itr20_sgd_itr1_N2_advStd_boundTight_HyperAttackHints_VagharDeps_PerturbedIntervals_cTag1.txt"
cnn1,patch,"1,14,14,3",0,3,1815.58,101.30,16.516488,57.456391,16.516486,16.644788,no,yes,yes,yes,4,17.92x,40.939903,0.128302,,OPTIMAL,"/root/Downloads/for_dana/vaghar_org/paper_experiments/mnist/cnn1_exp/patch/eps_1,14,14,3/vagharNoPerturbed_cnn1_seed42_itr20_sgd_itr1/63910131706641_cnn1_patch_1.0,14.0,14.0,3.0_ctag0__HyperAttackHints_VagharDeps_cTag1.txt","/root/Downloads/for_dana/vaghar_org/paper_experiments/mnist/cnn1_exp/patch/eps_1,14,14,3/advStd_cnn1_N1_model_seed42_itr20/63911704816144_n2_cnn1_patch_1.0,14.0,14.0,3.0_ctag0_model_seed42_itr20_sgd_itr1_N2_advStd_branchPri_lpBasis_boundTight_HyperAttackHints_VagharDeps_PerturbedIntervals_cTag1.txt"
cnn1,patch,"1,14,14,3",0,3,1815.58,99.57,16.516488,57.456391,16.516486,16.546080,yes,yes,no,no,4,18.23x,40.939903,0.029594,,OPTIMAL,"/root/Downloads/for_dana/vaghar_org/paper_experiments/mnist/cnn1_exp/patch/eps_1,14,14,3/vagharNoPerturbed_cnn1_seed42_itr20_sgd_itr1/63910131706641_cnn1_patch_1.0,14.0,14.0,3.0_ctag0__HyperAttackHints_VagharDeps_cTag1.txt","/root/Downloads/for_dana/vaghar_org/paper_experiments/mnist/cnn1_exp/patch/eps_1,14,14,3/advStd_cnn1_N1_model_seed42_itr20/63911697478502_n2_cnn1_patch_1.0,14.0,14.0,3.0_ctag0_model_seed42_itr20_sgd_itr1_N2_advStd_mipStart_branchPri_HyperAttackCutoff_VagharDeps_PerturbedIntervals_cTag1.txt"
cnn1,patch,"1,14,14,3",0,3,1815.58,82.12,16.516488,57.456391,16.384816,16.543062,yes,yes,no,yes,4,22.11x,40.939903,0.158246,,OPTIMAL,"/root/Downloads/for_dana/vaghar_org/paper_experiments/mnist/cnn1_exp/patch/eps_1,14,14,3/vagharNoPerturbed_cnn1_seed42_itr20_sgd_itr1/63910131706641_cnn1_patch_1.0,14.0,14.0,3.0_ctag0__HyperAttackHints_VagharDeps_cTag1.txt","/root/Downloads/for_dana/vaghar_org/paper_experiments/mnist/cnn1_exp/patch/eps_1,14,14,3/advStd_cnn1_N1_model_seed42_itr20/63911697509801_n2_cnn1_patch_1.0,14.0,14.0,3.0_ctag0_model_seed42_itr20_sgd_itr1_N2_advStd_mipStart_branchPri_boundTight_HyperAttackCutoff_VagharDeps_PerturbedIntervals_cTag1.txt"
cnn1,patch,"1,14,14,3",0,3,1815.58,80.60,16.516488,57.456391,16.516486,16.644788,no,yes,no,no,4,22.53x,40.939903,0.128302,,OPTIMAL,"/root/Downloads/for_dana/vaghar_org/paper_experiments/mnist/cnn1_exp/patch/eps_1,14,14,3/vagharNoPerturbed_cnn1_seed42_itr20_sgd_itr1/63910131706641_cnn1_patch_1.0,14.0,14.0,3.0_ctag0__HyperAttackHints_VagharDeps_cTag1.txt","/root/Downloads/for_dana/vaghar_org/paper_experiments/mnist/cnn1_exp/patch/eps_1,14,14,3/advStd_cnn1_N1_model_seed42_itr20/63911705667836_n2_cnn1_patch_1.0,14.0,14.0,3.0_ctag0_model_seed42_itr20_sgd_itr1_N2_advStd_branchPri_HyperAttackHints_VagharDeps_PerturbedIntervals_cTag1.txt"
cnn1,patch,"1,14,14,3",0,3,1815.58,77.51,16.516488,57.456391,16.495391,16.602950,yes,yes,yes,yes,4,23.43x,40.939903,0.107559,,OPTIMAL,"/root/Downloads/for_dana/vaghar_org/paper_experiments/mnist/cnn1_exp/patch/eps_1,14,14,3/vagharNoPerturbed_cnn1_seed42_itr20_sgd_itr1/63910131706641_cnn1_patch_1.0,14.0,14.0,3.0_ctag0__HyperAttackHints_VagharDeps_cTag1.txt","/root/Downloads/for_dana/vaghar_org/paper_experiments/mnist/cnn1_exp/patch/eps_1,14,14,3/advStd_cnn1_N1_model_seed42_itr20/63911730702337_n2_cnn1_patch_1.0,14.0,14.0,3.0_ctag0_model_seed42_itr20_sgd_itr1_N2_advStd_mipStart_branchPri_lpBasis_boundTight_seed1_HyperAttackCutoff_VagharDeps_PerturbedIntervals_cTag1.txt"
cnn1,patch,"1,14,14,3",0,3,1815.58,70.32,16.516488,57.456391,16.384816,16.516486,yes,yes,yes,yes,4,25.82x,40.939903,0.131670,,OPTIMAL,"/root/Downloads/for_dana/vaghar_org/paper_experiments/mnist/cnn1_exp/patch/eps_1,14,14,3/vagharNoPerturbed_cnn1_seed42_itr20_sgd_itr1/63910131706641_cnn1_patch_1.0,14.0,14.0,3.0_ctag0__HyperAttackHints_VagharDeps_cTag1.txt","/root/Downloads/for_dana/vaghar_org/paper_experiments/mnist/cnn1_exp/patch/eps_1,14,14,3/advStd_cnn1_N1_model_seed42_itr20/63911730700931_n2_cnn1_patch_1.0,14.0,14.0,3.0_ctag0_model_seed42_itr20_sgd_itr1_N2_advStd_mipStart_branchPri_lpBasis_boundTight_seed3_HyperAttackCutoff_VagharDeps_PerturbedIntervals_cTag1.txt"
cnn1,patch,"1,14,14,3",0,3,1815.58,63.77,16.516488,57.456391,16.384816,16.527722,yes,yes,yes,no,4,28.47x,40.939903,0.142906,,OPTIMAL,"/root/Downloads/for_dana/vaghar_org/paper_experiments/mnist/cnn1_exp/patch/eps_1,14,14,3/vagharNoPerturbed_cnn1_seed42_itr20_sgd_itr1/63910131706641_cnn1_patch_1.0,14.0,14.0,3.0_ctag0__HyperAttackHints_VagharDeps_cTag1.txt","/root/Downloads/for_dana/vaghar_org/paper_experiments/mnist/cnn1_exp/patch/eps_1,14,14,3/advStd_cnn1_N1_model_seed42_itr20/63911697516439_n2_cnn1_patch_1.0,14.0,14.0,3.0_ctag0_model_seed42_itr20_sgd_itr1_N2_advStd_mipStart_branchPri_lpBasis_HyperAttackCutoff_VagharDeps_PerturbedIntervals_cTag1.txt"
cnn1,patch,"1,14,14,3",0,3,1815.58,63.76,16.516488,57.456391,16.495391,16.602950,yes,yes,yes,no,4,28.48x,40.939903,0.107559,,OPTIMAL,"/root/Downloads/for_dana/vaghar_org/paper_experiments/mnist/cnn1_exp/patch/eps_1,14,14,3/vagharNoPerturbed_cnn1_seed42_itr20_sgd_itr1/63910131706641_cnn1_patch_1.0,14.0,14.0,3.0_ctag0__HyperAttackHints_VagharDeps_cTag1.txt","/root/Downloads/for_dana/vaghar_org/paper_experiments/mnist/cnn1_exp/patch/eps_1,14,14,3/advStd_cnn1_N1_model_seed42_itr20/63911730700843_n2_cnn1_patch_1.0,14.0,14.0,3.0_ctag0_model_seed42_itr20_sgd_itr1_N2_advStd_mipStart_branchPri_lpBasis_seed1_HyperAttackCutoff_VagharDeps_PerturbedIntervals_cTag1.txt"
cnn1,patch,"1,14,14,3",0,3,1815.58,62.53,16.516488,57.456391,16.384816,16.516486,yes,yes,yes,no,4,29.04x,40.939903,0.131670,,OPTIMAL,"/root/Downloads/for_dana/vaghar_org/paper_experiments/mnist/cnn1_exp/patch/eps_1,14,14,3/vagharNoPerturbed_cnn1_seed42_itr20_sgd_itr1/63910131706641_cnn1_patch_1.0,14.0,14.0,3.0_ctag0__HyperAttackHints_VagharDeps_cTag1.txt","/root/Downloads/for_dana/vaghar_org/paper_experiments/mnist/cnn1_exp/patch/eps_1,14,14,3/advStd_cnn1_N1_model_seed42_itr20/63911730740375_n2_cnn1_patch_1.0,14.0,14.0,3.0_ctag0_model_seed42_itr20_sgd_itr1_N2_advStd_mipStart_branchPri_lpBasis_seed3_HyperAttackCutoff_VagharDeps_PerturbedIntervals_cTag1.txt"
cnn1,patch,"1,14,14,3",0,3,1815.58,61.76,16.516488,57.456391,16.495391,16.602950,yes,no,yes,yes,4,29.40x,40.939903,0.107559,,OPTIMAL,"/root/Downloads/for_dana/vaghar_org/paper_experiments/mnist/cnn1_exp/patch/eps_1,14,14,3/vagharNoPerturbed_cnn1_seed42_itr20_sgd_itr1/63910131706641_cnn1_patch_1.0,14.0,14.0,3.0_ctag0__HyperAttackHints_VagharDeps_cTag1.txt","/root/Downloads/for_dana/vaghar_org/paper_experiments/mnist/cnn1_exp/patch/eps_1,14,14,3/advStd_cnn1_N1_model_seed42_itr20/63911735184529_n2_cnn1_patch_1.0,14.0,14.0,3.0_ctag0_model_seed42_itr20_sgd_itr1_N2_advStd_mipStart_lpBasis_boundTight_seed1_HyperAttackCutoff_VagharDeps_PerturbedIntervals_cTag1.txt"
cnn1,patch,"1,14,14,3",0,3,1815.58,60.73,16.516488,57.456391,16.384816,16.516486,yes,yes,no,no,4,29.89x,40.939903,0.131670,,OPTIMAL,"/root/Downloads/for_dana/vaghar_org/paper_experiments/mnist/cnn1_exp/patch/eps_1,14,14,3/vagharNoPerturbed_cnn1_seed42_itr20_sgd_itr1/63910131706641_cnn1_patch_1.0,14.0,14.0,3.0_ctag0__HyperAttackHints_VagharDeps_cTag1.txt","/root/Downloads/for_dana/vaghar_org/paper_experiments/mnist/cnn1_exp/patch/eps_1,14,14,3/advStd_cnn1_N1_model_seed42_itr20/63911735055072_n2_cnn1_patch_1.0,14.0,14.0,3.0_ctag0_model_seed42_itr20_sgd_itr1_N2_advStd_mipStart_branchPri_seed3_HyperAttackCutoff_VagharDeps_PerturbedIntervals_cTag1.txt"
cnn1,patch,"1,14,14,3",0,3,1815.58,60.60,16.516488,57.456391,16.384816,16.516486,yes,no,yes,no,4,29.96x,40.939903,0.131670,,OPTIMAL,"/root/Downloads/for_dana/vaghar_org/paper_experiments/mnist/cnn1_exp/patch/eps_1,14,14,3/vagharNoPerturbed_cnn1_seed42_itr20_sgd_itr1/63910131706641_cnn1_patch_1.0,14.0,14.0,3.0_ctag0__HyperAttackHints_VagharDeps_cTag1.txt","/root/Downloads/for_dana/vaghar_org/paper_experiments/mnist/cnn1_exp/patch/eps_1,14,14,3/advStd_cnn1_N1_model_seed42_itr20/63911738079402_n2_cnn1_patch_1.0,14.0,14.0,3.0_ctag0_model_seed42_itr20_sgd_itr1_N2_advStd_mipStart_lpBasis_seed3_HyperAttackCutoff_VagharDeps_PerturbedIntervals_cTag1.txt"
cnn1,patch,"1,14,14,3",0,3,1815.58,60.60,16.516488,57.456391,16.495391,16.602950,yes,no,no,no,4,29.96x,40.939903,0.107559,,OPTIMAL,"/root/Downloads/for_dana/vaghar_org/paper_experiments/mnist/cnn1_exp/patch/eps_1,14,14,3/vagharNoPerturbed_cnn1_seed42_itr20_sgd_itr1/63910131706641_cnn1_patch_1.0,14.0,14.0,3.0_ctag0__HyperAttackHints_VagharDeps_cTag1.txt","/root/Downloads/for_dana/vaghar_org/paper_experiments/mnist/cnn1_exp/patch/eps_1,14,14,3/advStd_cnn1_N1_model_seed42_itr20/63911739956201_n2_cnn1_patch_1.0,14.0,14.0,3.0_ctag0_model_seed42_itr20_sgd_itr1_N2_advStd_mipStart_seed1_HyperAttackCutoff_VagharDeps_PerturbedIntervals_cTag1.txt"
cnn1,patch,"1,14,14,3",0,3,1815.58,59.10,16.516488,57.456391,16.495391,16.602950,yes,no,yes,no,4,30.72x,40.939903,0.107559,,OPTIMAL,"/root/Downloads/for_dana/vaghar_org/paper_experiments/mnist/cnn1_exp/patch/eps_1,14,14,3/vagharNoPerturbed_cnn1_seed42_itr20_sgd_itr1/63910131706641_cnn1_patch_1.0,14.0,14.0,3.0_ctag0__HyperAttackHints_VagharDeps_cTag1.txt","/root/Downloads/for_dana/vaghar_org/paper_experiments/mnist/cnn1_exp/patch/eps_1,14,14,3/advStd_cnn1_N1_model_seed42_itr20/63911736947593_n2_cnn1_patch_1.0,14.0,14.0,3.0_ctag0_model_seed42_itr20_sgd_itr1_N2_advStd_mipStart_lpBasis_seed1_HyperAttackCutoff_VagharDeps_PerturbedIntervals_cTag1.txt"
cnn1,patch,"1,14,14,3",0,3,1815.58,58.94,16.516488,57.456391,16.384816,16.516486,yes,no,yes,yes,4,30.80x,40.939903,0.131670,,OPTIMAL,"/root/Downloads/for_dana/vaghar_org/paper_experiments/mnist/cnn1_exp/patch/eps_1,14,14,3/vagharNoPerturbed_cnn1_seed42_itr20_sgd_itr1/63910131706641_cnn1_patch_1.0,14.0,14.0,3.0_ctag0__HyperAttackHints_VagharDeps_cTag1.txt","/root/Downloads/for_dana/vaghar_org/paper_experiments/mnist/cnn1_exp/patch/eps_1,14,14,3/advStd_cnn1_N1_model_seed42_itr20/63911736701714_n2_cnn1_patch_1.0,14.0,14.0,3.0_ctag0_model_seed42_itr20_sgd_itr1_N2_advStd_mipStart_lpBasis_boundTight_seed3_HyperAttackCutoff_VagharDeps_PerturbedIntervals_cTag1.txt"
cnn1,patch,"1,14,14,3",0,3,1815.58,58.84,16.516488,57.456391,16.384816,16.516486,yes,no,no,yes,4,30.86x,40.939903,0.131670,,OPTIMAL,"/root/Downloads/for_dana/vaghar_org/paper_experiments/mnist/cnn1_exp/patch/eps_1,14,14,3/vagharNoPerturbed_cnn1_seed42_itr20_sgd_itr1/63910131706641_cnn1_patch_1.0,14.0,14.0,3.0_ctag0__HyperAttackHints_VagharDeps_cTag1.txt","/root/Downloads/for_dana/vaghar_org/paper_experiments/mnist/cnn1_exp/patch/eps_1,14,14,3/advStd_cnn1_N1_model_seed42_itr20/63911739857002_n2_cnn1_patch_1.0,14.0,14.0,3.0_ctag0_model_seed42_itr20_sgd_itr1_N2_advStd_mipStart_boundTight_seed3_HyperAttackCutoff_VagharDeps_PerturbedIntervals_cTag1.txt"
cnn1,patch,"1,14,14,3",0,3,1815.58,58.80,16.516488,57.456391,16.495391,16.602950,yes,no,no,yes,4,30.88x,40.939903,0.107559,,OPTIMAL,"/root/Downloads/for_dana/vaghar_org/paper_experiments/mnist/cnn1_exp/patch/eps_1,14,14,3/vagharNoPerturbed_cnn1_seed42_itr20_sgd_itr1/63910131706641_cnn1_patch_1.0,14.0,14.0,3.0_ctag0__HyperAttackHints_VagharDeps_cTag1.txt","/root/Downloads/for_dana/vaghar_org/paper_experiments/mnist/cnn1_exp/patch/eps_1,14,14,3/advStd_cnn1_N1_model_seed42_itr20/63911738500054_n2_cnn1_patch_1.0,14.0,14.0,3.0_ctag0_model_seed42_itr20_sgd_itr1_N2_advStd_mipStart_boundTight_seed1_HyperAttackCutoff_VagharDeps_PerturbedIntervals_cTag1.txt"
cnn1,patch,"1,14,14,3",0,3,1815.58,58.65,16.516488,57.456391,16.384816,16.516486,yes,yes,no,yes,4,30.96x,40.939903,0.131670,,OPTIMAL,"/root/Downloads/for_dana/vaghar_org/paper_experiments/mnist/cnn1_exp/patch/eps_1,14,14,3/vagharNoPerturbed_cnn1_seed42_itr20_sgd_itr1/63910131706641_cnn1_patch_1.0,14.0,14.0,3.0_ctag0__HyperAttackHints_VagharDeps_cTag1.txt","/root/Downloads/for_dana/vaghar_org/paper_experiments/mnist/cnn1_exp/patch/eps_1,14,14,3/advStd_cnn1_N1_model_seed42_itr20/63911733263077_n2_cnn1_patch_1.0,14.0,14.0,3.0_ctag0_model_seed42_itr20_sgd_itr1_N2_advStd_mipStart_branchPri_boundTight_seed3_HyperAttackCutoff_VagharDeps_PerturbedIntervals_cTag1.txt"
cnn1,patch,"1,14,14,3",0,3,1815.58,57.73,16.516488,57.456391,16.495391,16.602950,yes,yes,no,no,4,31.45x,40.939903,0.107559,,OPTIMAL,"/root/Downloads/for_dana/vaghar_org/paper_experiments/mnist/cnn1_exp/patch/eps_1,14,14,3/vagharNoPerturbed_cnn1_seed42_itr20_sgd_itr1/63910131706641_cnn1_patch_1.0,14.0,14.0,3.0_ctag0__HyperAttackHints_VagharDeps_cTag1.txt","/root/Downloads/for_dana/vaghar_org/paper_experiments/mnist/cnn1_exp/patch/eps_1,14,14,3/advStd_cnn1_N1_model_seed42_itr20/63911733438340_n2_cnn1_patch_1.0,14.0,14.0,3.0_ctag0_model_seed42_itr20_sgd_itr1_N2_advStd_mipStart_branchPri_seed1_HyperAttackCutoff_VagharDeps_PerturbedIntervals_cTag1.txt"
cnn1,patch,"1,14,14,3",0,3,1815.58,57.60,16.516488,57.456391,16.495391,16.602950,yes,yes,no,yes,4,31.52x,40.939903,0.107559,,OPTIMAL,"/root/Downloads/for_dana/vaghar_org/paper_experiments/mnist/cnn1_exp/patch/eps_1,14,14,3/vagharNoPerturbed_cnn1_seed42_itr20_sgd_itr1/63910131706641_cnn1_patch_1.0,14.0,14.0,3.0_ctag0__HyperAttackHints_VagharDeps_cTag1.txt","/root/Downloads/for_dana/vaghar_org/paper_experiments/mnist/cnn1_exp/patch/eps_1,14,14,3/advStd_cnn1_N1_model_seed42_itr20/63911732530924_n2_cnn1_patch_1.0,14.0,14.0,3.0_ctag0_model_seed42_itr20_sgd_itr1_N2_advStd_mipStart_branchPri_boundTight_seed1_HyperAttackCutoff_VagharDeps_PerturbedIntervals_cTag1.txt"
cnn1,patch,"1,14,14,3",0,3,1815.58,57.61,16.516488,57.456391,16.384816,16.516486,yes,no,no,no,4,31.52x,40.939903,0.131670,,OPTIMAL,"/root/Downloads/for_dana/vaghar_org/paper_experiments/mnist/cnn1_exp/patch/eps_1,14,14,3/vagharNoPerturbed_cnn1_seed42_itr20_sgd_itr1/63910131706641_cnn1_patch_1.0,14.0,14.0,3.0_ctag0__HyperAttackHints_VagharDeps_cTag1.txt","/root/Downloads/for_dana/vaghar_org/paper_experiments/mnist/cnn1_exp/patch/eps_1,14,14,3/advStd_cnn1_N1_model_seed42_itr20/63911741136408_n2_cnn1_patch_1.0,14.0,14.0,3.0_ctag0_model_seed42_itr20_sgd_itr1_N2_advStd_mipStart_seed3_HyperAttackCutoff_VagharDeps_PerturbedIntervals_cTag1.txt"
cnn1,patch,"1,14,14,3",0,3,1815.58,49.77,16.516488,57.456391,16.516486,16.650576,no,yes,no,yes,4,36.48x,40.939903,0.134090,,OPTIMAL,"/root/Downloads/for_dana/vaghar_org/paper_experiments/mnist/cnn1_exp/patch/eps_1,14,14,3/vagharNoPerturbed_cnn1_seed42_itr20_sgd_itr1/63910131706641_cnn1_patch_1.0,14.0,14.0,3.0_ctag0__HyperAttackHints_VagharDeps_cTag1.txt","/root/Downloads/for_dana/vaghar_org/paper_experiments/mnist/cnn1_exp/patch/eps_1,14,14,3/advStd_cnn1_N1_model_seed42_itr20/63911746743362_n2_cnn1_patch_1.0,14.0,14.0,3.0_ctag0_model_seed42_itr20_sgd_itr1_N2_advStd_branchPri_boundTight_seed4_HyperAttackHints_VagharDeps_PerturbedIntervals_cTag1.txt"
cnn1,patch,"1,14,14,3",0,3,1815.58,48.50,16.516488,57.456391,16.384816,16.516486,no,yes,yes,yes,4,37.43x,40.939903,0.131670,,OPTIMAL,"/root/Downloads/for_dana/vaghar_org/paper_experiments/mnist/cnn1_exp/patch/eps_1,14,14,3/vagharNoPerturbed_cnn1_seed42_itr20_sgd_itr1/63910131706641_cnn1_patch_1.0,14.0,14.0,3.0_ctag0__HyperAttackHints_VagharDeps_cTag1.txt","/root/Downloads/for_dana/vaghar_org/paper_experiments/mnist/cnn1_exp/patch/eps_1,14,14,3/advStd_cnn1_N1_model_seed42_itr20/63911741681785_n2_cnn1_patch_1.0,14.0,14.0,3.0_ctag0_model_seed42_itr20_sgd_itr1_N2_advStd_branchPri_lpBasis_boundTight_seed1_HyperAttackHints_VagharDeps_PerturbedIntervals_cTag1.txt"
cnn1,patch,"1,14,14,3",0,3,1815.58,48.42,16.516488,57.456391,16.516486,16.650576,no,yes,yes,yes,4,37.49x,40.939903,0.134090,,OPTIMAL,"/root/Downloads/for_dana/vaghar_org/paper_experiments/mnist/cnn1_exp/patch/eps_1,14,14,3/vagharNoPerturbed_cnn1_seed42_itr20_sgd_itr1/63910131706641_cnn1_patch_1.0,14.0,14.0,3.0_ctag0__HyperAttackHints_VagharDeps_cTag1.txt","/root/Downloads/for_dana/vaghar_org/paper_experiments/mnist/cnn1_exp/patch/eps_1,14,14,3/advStd_cnn1_N1_model_seed42_itr20/63911742918107_n2_cnn1_patch_1.0,14.0,14.0,3.0_ctag0_model_seed42_itr20_sgd_itr1_N2_advStd_branchPri_lpBasis_boundTight_seed4_HyperAttackHints_VagharDeps_PerturbedIntervals_cTag1.txt"
cnn1,patch,"1,14,14,3",0,3,1815.58,47.58,16.516488,57.456391,16.516486,16.650576,no,yes,yes,no,4,38.16x,40.939903,0.134090,,OPTIMAL,"/root/Downloads/for_dana/vaghar_org/paper_experiments/mnist/cnn1_exp/patch/eps_1,14,14,3/vagharNoPerturbed_cnn1_seed42_itr20_sgd_itr1/63910131706641_cnn1_patch_1.0,14.0,14.0,3.0_ctag0__HyperAttackHints_VagharDeps_cTag1.txt","/root/Downloads/for_dana/vaghar_org/paper_experiments/mnist/cnn1_exp/patch/eps_1,14,14,3/advStd_cnn1_N1_model_seed42_itr20/63911744845600_n2_cnn1_patch_1.0,14.0,14.0,3.0_ctag0_model_seed42_itr20_sgd_itr1_N2_advStd_branchPri_lpBasis_seed4_HyperAttackHints_VagharDeps_PerturbedIntervals_cTag1.txt"
cnn1,patch,"1,14,14,3",0,3,1815.58,47.41,16.516488,57.456391,16.516486,16.650576,no,yes,no,no,4,38.30x,40.939903,0.134090,,OPTIMAL,"/root/Downloads/for_dana/vaghar_org/paper_experiments/mnist/cnn1_exp/patch/eps_1,14,14,3/vagharNoPerturbed_cnn1_seed42_itr20_sgd_itr1/63910131706641_cnn1_patch_1.0,14.0,14.0,3.0_ctag0__HyperAttackHints_VagharDeps_cTag1.txt","/root/Downloads/for_dana/vaghar_org/paper_experiments/mnist/cnn1_exp/patch/eps_1,14,14,3/advStd_cnn1_N1_model_seed42_itr20/63911748662731_n2_cnn1_patch_1.0,14.0,14.0,3.0_ctag0_model_seed42_itr20_sgd_itr1_N2_advStd_branchPri_seed4_HyperAttackHints_VagharDeps_PerturbedIntervals_cTag1.txt"
cnn1,patch,"1,14,14,3",0,3,1815.58,47.30,16.516488,57.456391,16.384816,16.516486,no,yes,no,yes,4,38.38x,40.939903,0.131670,,OPTIMAL,"/root/Downloads/for_dana/vaghar_org/paper_experiments/mnist/cnn1_exp/patch/eps_1,14,14,3/vagharNoPerturbed_cnn1_seed42_itr20_sgd_itr1/63910131706641_cnn1_patch_1.0,14.0,14.0,3.0_ctag0__HyperAttackHints_VagharDeps_cTag1.txt","/root/Downloads/for_dana/vaghar_org/paper_experiments/mnist/cnn1_exp/patch/eps_1,14,14,3/advStd_cnn1_N1_model_seed42_itr20/63911745565413_n2_cnn1_patch_1.0,14.0,14.0,3.0_ctag0_model_seed42_itr20_sgd_itr1_N2_advStd_branchPri_boundTight_seed1_HyperAttackHints_VagharDeps_PerturbedIntervals_cTag1.txt"
cnn1,patch,"1,14,14,3",0,3,1815.58,47.12,16.516488,57.456391,16.516486,16.650576,no,no,yes,yes,4,38.53x,40.939903,0.134090,,OPTIMAL,"/root/Downloads/for_dana/vaghar_org/paper_experiments/mnist/cnn1_exp/patch/eps_1,14,14,3/vagharNoPerturbed_cnn1_seed42_itr20_sgd_itr1/63910131706641_cnn1_patch_1.0,14.0,14.0,3.0_ctag0__HyperAttackHints_VagharDeps_cTag1.txt","/root/Downloads/for_dana/vaghar_org/paper_experiments/mnist/cnn1_exp/patch/eps_1,14,14,3/advStd_cnn1_N1_model_seed42_itr20/63911750456450_n2_cnn1_patch_1.0,14.0,14.0,3.0_ctag0_model_seed42_itr20_sgd_itr1_N2_advStd_lpBasis_boundTight_seed4_HyperAttackHints_VagharDeps_PerturbedIntervals_cTag1.txt"
cnn1,patch,"1,14,14,3",0,3,1815.58,46.64,16.516488,57.456391,16.516486,16.612776,no,no,yes,yes,4,38.93x,40.939903,0.096289,,OPTIMAL,"/root/Downloads/for_dana/vaghar_org/paper_experiments/mnist/cnn1_exp/patch/eps_1,14,14,3/vagharNoPerturbed_cnn1_seed42_itr20_sgd_itr1/63910131706641_cnn1_patch_1.0,14.0,14.0,3.0_ctag0__HyperAttackHints_VagharDeps_cTag1.txt","/root/Downloads/for_dana/vaghar_org/paper_experiments/mnist/cnn1_exp/patch/eps_1,14,14,3/advStd_cnn1_N1_model_seed42_itr20/63911749972267_n2_cnn1_patch_1.0,14.0,14.0,3.0_ctag0_model_seed42_itr20_sgd_itr1_N2_advStd_lpBasis_boundTight_seed3_HyperAttackHints_VagharDeps_PerturbedIntervals_cTag1.txt"
cnn1,patch,"1,14,14,3",0,3,1815.58,45.00,16.516488,57.456391,16.384816,16.516486,no,yes,no,no,4,40.35x,40.939903,0.131670,,OPTIMAL,"/root/Downloads/for_dana/vaghar_org/paper_experiments/mnist/cnn1_exp/patch/eps_1,14,14,3/vagharNoPerturbed_cnn1_seed42_itr20_sgd_itr1/63910131706641_cnn1_patch_1.0,14.0,14.0,3.0_ctag0__HyperAttackHints_VagharDeps_cTag1.txt","/root/Downloads/for_dana/vaghar_org/paper_experiments/mnist/cnn1_exp/patch/eps_1,14,14,3/advStd_cnn1_N1_model_seed42_itr20/63911746793944_n2_cnn1_patch_1.0,14.0,14.0,3.0_ctag0_model_seed42_itr20_sgd_itr1_N2_advStd_branchPri_seed1_HyperAttackHints_VagharDeps_PerturbedIntervals_cTag1.txt"
cnn1,patch,"1,14,14,3",0,3,1815.58,44.29,16.516488,57.456391,16.516486,16.612776,no,yes,yes,no,4,40.99x,40.939903,0.096289,,OPTIMAL,"/root/Downloads/for_dana/vaghar_org/paper_experiments/mnist/cnn1_exp/patch/eps_1,14,14,3/vagharNoPerturbed_cnn1_seed42_itr20_sgd_itr1/63910131706641_cnn1_patch_1.0,14.0,14.0,3.0_ctag0__HyperAttackHints_VagharDeps_cTag1.txt","/root/Downloads/for_dana/vaghar_org/paper_experiments/mnist/cnn1_exp/patch/eps_1,14,14,3/advStd_cnn1_N1_model_seed42_itr20/63911744747680_n2_cnn1_patch_1.0,14.0,14.0,3.0_ctag0_model_seed42_itr20_sgd_itr1_N2_advStd_branchPri_lpBasis_seed3_HyperAttackHints_VagharDeps_PerturbedIntervals_cTag1.txt"
cnn1,patch,"1,14,14,3",0,3,1815.58,43.02,16.516488,57.456391,16.516486,16.612776,no,yes,no,no,4,42.20x,40.939903,0.096289,,OPTIMAL,"/root/Downloads/for_dana/vaghar_org/paper_experiments/mnist/cnn1_exp/patch/eps_1,14,14,3/vagharNoPerturbed_cnn1_seed42_itr20_sgd_itr1/63910131706641_cnn1_patch_1.0,14.0,14.0,3.0_ctag0__HyperAttackHints_VagharDeps_cTag1.txt","/root/Downloads/for_dana/vaghar_org/paper_experiments/mnist/cnn1_exp/patch/eps_1,14,14,3/advStd_cnn1_N1_model_seed42_itr20/63911748464881_n2_cnn1_patch_1.0,14.0,14.0,3.0_ctag0_model_seed42_itr20_sgd_itr1_N2_advStd_branchPri_seed3_HyperAttackHints_VagharDeps_PerturbedIntervals_cTag1.txt"
cnn1,patch,"1,14,14,3",0,3,1815.58,42.52,16.516488,57.456391,16.516486,16.612776,no,yes,no,yes,4,42.70x,40.939903,0.096289,,OPTIMAL,"/root/Downloads/for_dana/vaghar_org/paper_experiments/mnist/cnn1_exp/patch/eps_1,14,14,3/vagharNoPerturbed_cnn1_seed42_itr20_sgd_itr1/63910131706641_cnn1_patch_1.0,14.0,14.0,3.0_ctag0__HyperAttackHints_VagharDeps_cTag1.txt","/root/Downloads/for_dana/vaghar_org/paper_experiments/mnist/cnn1_exp/patch/eps_1,14,14,3/advStd_cnn1_N1_model_seed42_itr20/63911746457114_n2_cnn1_patch_1.0,14.0,14.0,3.0_ctag0_model_seed42_itr20_sgd_itr1_N2_advStd_branchPri_boundTight_seed3_HyperAttackHints_VagharDeps_PerturbedIntervals_cTag1.txt"
cnn1,patch,"1,14,14,3",0,3,1815.58,42.16,16.516488,57.456391,16.384816,16.516486,no,no,yes,yes,4,43.07x,40.939903,0.131670,,OPTIMAL,"/root/Downloads/for_dana/vaghar_org/paper_experiments/mnist/cnn1_exp/patch/eps_1,14,14,3/vagharNoPerturbed_cnn1_seed42_itr20_sgd_itr1/63910131706641_cnn1_patch_1.0,14.0,14.0,3.0_ctag0__HyperAttackHints_VagharDeps_cTag1.txt","/root/Downloads/for_dana/vaghar_org/paper_experiments/mnist/cnn1_exp/patch/eps_1,14,14,3/advStd_cnn1_N1_model_seed42_itr20/63911749449079_n2_cnn1_patch_1.0,14.0,14.0,3.0_ctag0_model_seed42_itr20_sgd_itr1_N2_advStd_lpBasis_boundTight_seed1_HyperAttackHints_VagharDeps_PerturbedIntervals_cTag1.txt"
cnn1,patch,"1,14,14,3",0,3,1815.58,42.08,16.516488,57.456391,16.516486,16.612776,no,yes,yes,yes,4,43.14x,40.939903,0.096289,,OPTIMAL,"/root/Downloads/for_dana/vaghar_org/paper_experiments/mnist/cnn1_exp/patch/eps_1,14,14,3/vagharNoPerturbed_cnn1_seed42_itr20_sgd_itr1/63910131706641_cnn1_patch_1.0,14.0,14.0,3.0_ctag0__HyperAttackHints_VagharDeps_cTag1.txt","/root/Downloads/for_dana/vaghar_org/paper_experiments/mnist/cnn1_exp/patch/eps_1,14,14,3/advStd_cnn1_N1_model_seed42_itr20/63911742662295_n2_cnn1_patch_1.0,14.0,14.0,3.0_ctag0_model_seed42_itr20_sgd_itr1_N2_advStd_branchPri_lpBasis_boundTight_seed3_HyperAttackHints_VagharDeps_PerturbedIntervals_cTag1.txt"
cnn1,patch,"1,14,14,3",0,3,1815.58,38.98,16.516488,57.456391,16.384816,16.516486,no,yes,yes,no,4,46.57x,40.939903,0.131670,,OPTIMAL,"/root/Downloads/for_dana/vaghar_org/paper_experiments/mnist/cnn1_exp/patch/eps_1,14,14,3/vagharNoPerturbed_cnn1_seed42_itr20_sgd_itr1/63910131706641_cnn1_patch_1.0,14.0,14.0,3.0_ctag0__HyperAttackHints_VagharDeps_cTag1.txt","/root/Downloads/for_dana/vaghar_org/paper_experiments/mnist/cnn1_exp/patch/eps_1,14,14,3/advStd_cnn1_N1_model_seed42_itr20/63911743013568_n2_cnn1_patch_1.0,14.0,14.0,3.0_ctag0_model_seed42_itr20_sgd_itr1_N2_advStd_branchPri_lpBasis_seed1_HyperAttackHints_VagharDeps_PerturbedIntervals_cTag1.txt"
,,,,,,,,,,,,,,,,,,,,,,
cnn1,patch,"1,14,14,3",0,4,715.75,703.59,12.531821,12.634458,12.531838,12.625428,yes,no,yes,yes,4,1.02x,0.102637,0.093590,,OPTIMAL,"/root/Downloads/for_dana/vaghar_org/paper_experiments/mnist/cnn1_exp/patch/eps_1,14,14,3/vagharNoPerturbed_cnn1_seed42_itr20_sgd_itr1/63910131706641_cnn1_patch_1.0,14.0,14.0,3.0_ctag0__HyperAttackHints_VagharDeps_cTag1.txt","/root/Downloads/for_dana/vaghar_org/paper_experiments/mnist/cnn1_exp/patch/eps_1,14,14,3/advStd_cnn1_N1_model_seed42_itr20/63911692317564_n2_cnn1_patch_1.0,14.0,14.0,3.0_ctag0_model_seed42_itr20_sgd_itr1_N2_advStd_mipStart_lpBasis_boundTight_VagharDeps_PerturbedIntervals_cTag1.txt"
cnn1,patch,"1,14,14,3",0,4,715.75,668.24,12.531821,12.634458,12.531821,12.631076,yes,no,yes,no,4,1.07x,0.102637,0.099255,,OPTIMAL,"/root/Downloads/for_dana/vaghar_org/paper_experiments/mnist/cnn1_exp/patch/eps_1,14,14,3/vagharNoPerturbed_cnn1_seed42_itr20_sgd_itr1/63910131706641_cnn1_patch_1.0,14.0,14.0,3.0_ctag0__HyperAttackHints_VagharDeps_cTag1.txt","/root/Downloads/for_dana/vaghar_org/paper_experiments/mnist/cnn1_exp/patch/eps_1,14,14,3/advStd_cnn1_N1_model_seed42_itr20/63911697538749_n2_cnn1_patch_1.0,14.0,14.0,3.0_ctag0_model_seed42_itr20_sgd_itr1_N2_advStd_mipStart_lpBasis_HyperAttackCutoff_VagharDeps_PerturbedIntervals_cTag1.txt"
cnn1,patch,"1,14,14,3",0,4,715.75,655.74,12.531821,12.634458,12.531823,12.628094,yes,no,no,yes,4,1.09x,0.102637,0.096271,,OPTIMAL,"/root/Downloads/for_dana/vaghar_org/paper_experiments/mnist/cnn1_exp/patch/eps_1,14,14,3/vagharNoPerturbed_cnn1_seed42_itr20_sgd_itr1/63910131706641_cnn1_patch_1.0,14.0,14.0,3.0_ctag0__HyperAttackHints_VagharDeps_cTag1.txt","/root/Downloads/for_dana/vaghar_org/paper_experiments/mnist/cnn1_exp/patch/eps_1,14,14,3/advStd_cnn1_N1_model_seed42_itr20/63911692315235_n2_cnn1_patch_1.0,14.0,14.0,3.0_ctag0_model_seed42_itr20_sgd_itr1_N2_advStd_mipStart_boundTight_VagharDeps_PerturbedIntervals_cTag1.txt"
cnn1,patch,"1,14,14,3",0,4,715.75,566.99,12.531821,12.634458,12.531821,12.645662,yes,no,no,yes,4,1.26x,0.102637,0.113841,,OPTIMAL,"/root/Downloads/for_dana/vaghar_org/paper_experiments/mnist/cnn1_exp/patch/eps_1,14,14,3/vagharNoPerturbed_cnn1_seed42_itr20_sgd_itr1/63910131706641_cnn1_patch_1.0,14.0,14.0,3.0_ctag0__HyperAttackHints_VagharDeps_cTag1.txt","/root/Downloads/for_dana/vaghar_org/paper_experiments/mnist/cnn1_exp/patch/eps_1,14,14,3/advStd_cnn1_N1_model_seed42_itr20/63911693565786_n2_cnn1_patch_1.0,14.0,14.0,3.0_ctag0_model_seed42_itr20_sgd_itr1_N2_advStd_mipStart_boundTight_VagharDeps_PerturbedIntervals_cTag1.txt"
cnn1,patch,"1,14,14,3",0,4,715.75,535.32,12.531821,12.634458,12.531822,12.627686,yes,no,yes,yes,4,1.34x,0.102637,0.095865,,OPTIMAL,"/root/Downloads/for_dana/vaghar_org/paper_experiments/mnist/cnn1_exp/patch/eps_1,14,14,3/vagharNoPerturbed_cnn1_seed42_itr20_sgd_itr1/63910131706641_cnn1_patch_1.0,14.0,14.0,3.0_ctag0__HyperAttackHints_VagharDeps_cTag1.txt","/root/Downloads/for_dana/vaghar_org/paper_experiments/mnist/cnn1_exp/patch/eps_1,14,14,3/advStd_cnn1_N1_model_seed42_itr20/63911691619099_n2_cnn1_patch_1.0,14.0,14.0,3.0_ctag0_model_seed42_itr20_sgd_itr1_N2_advStd_mipStart_lpBasis_boundTight_VagharDeps_PerturbedIntervals_cTag1.txt"
cnn1,patch,"1,14,14,3",0,4,715.75,518.24,12.531821,12.634458,12.531821,12.648855,yes,no,yes,yes,4,1.38x,0.102637,0.117034,,OPTIMAL,"/root/Downloads/for_dana/vaghar_org/paper_experiments/mnist/cnn1_exp/patch/eps_1,14,14,3/vagharNoPerturbed_cnn1_seed42_itr20_sgd_itr1/63910131706641_cnn1_patch_1.0,14.0,14.0,3.0_ctag0__HyperAttackHints_VagharDeps_cTag1.txt","/root/Downloads/for_dana/vaghar_org/paper_experiments/mnist/cnn1_exp/patch/eps_1,14,14,3/advStd_cnn1_N1_model_seed42_itr20/63911696356525_n2_cnn1_patch_1.0,14.0,14.0,3.0_ctag0_model_seed42_itr20_sgd_itr1_N2_advStd_mipStart_lpBasis_boundTight_VagharDeps_PerturbedIntervals_cTag1.txt"
cnn1,patch,"1,14,14,3",0,4,715.75,512.56,12.531821,12.634458,12.531821,12.631076,yes,yes,yes,no,4,1.40x,0.102637,0.099255,,OPTIMAL,"/root/Downloads/for_dana/vaghar_org/paper_experiments/mnist/cnn1_exp/patch/eps_1,14,14,3/vagharNoPerturbed_cnn1_seed42_itr20_sgd_itr1/63910131706641_cnn1_patch_1.0,14.0,14.0,3.0_ctag0__HyperAttackHints_VagharDeps_cTag1.txt","/root/Downloads/for_dana/vaghar_org/paper_experiments/mnist/cnn1_exp/patch/eps_1,14,14,3/advStd_cnn1_N1_model_seed42_itr20/63911697516439_n2_cnn1_patch_1.0,14.0,14.0,3.0_ctag0_model_seed42_itr20_sgd_itr1_N2_advStd_mipStart_branchPri_lpBasis_HyperAttackCutoff_VagharDeps_PerturbedIntervals_cTag1.txt"
cnn1,patch,"1,14,14,3",0,4,715.75,499.19,12.531821,12.634458,12.531822,12.609829,yes,yes,no,yes,4,1.43x,0.102637,0.078007,,OPTIMAL,"/root/Downloads/for_dana/vaghar_org/paper_experiments/mnist/cnn1_exp/patch/eps_1,14,14,3/vagharNoPerturbed_cnn1_seed42_itr20_sgd_itr1/63910131706641_cnn1_patch_1.0,14.0,14.0,3.0_ctag0__HyperAttackHints_VagharDeps_cTag1.txt","/root/Downloads/for_dana/vaghar_org/paper_experiments/mnist/cnn1_exp/patch/eps_1,14,14,3/advStd_cnn1_N1_model_seed42_itr20/63911696302687_n2_cnn1_patch_1.0,14.0,14.0,3.0_ctag0_model_seed42_itr20_sgd_itr1_N2_advStd_mipStart_branchPri_boundTight_VagharDeps_PerturbedIntervals_cTag1.txt"
cnn1,patch,"1,14,14,3",0,4,715.75,487.92,12.531821,12.634458,12.531822,12.559958,yes,no,no,yes,4,1.47x,0.102637,0.028136,,OPTIMAL,"/root/Downloads/for_dana/vaghar_org/paper_experiments/mnist/cnn1_exp/patch/eps_1,14,14,3/vagharNoPerturbed_cnn1_seed42_itr20_sgd_itr1/63910131706641_cnn1_patch_1.0,14.0,14.0,3.0_ctag0__HyperAttackHints_VagharDeps_cTag1.txt","/root/Downloads/for_dana/vaghar_org/paper_experiments/mnist/cnn1_exp/patch/eps_1,14,14,3/advStd_cnn1_N1_model_seed42_itr20/63911691602842_n2_cnn1_patch_1.0,14.0,14.0,3.0_ctag0_model_seed42_itr20_sgd_itr1_N2_advStd_mipStart_boundTight_VagharDeps_PerturbedIntervals_cTag1.txt"
cnn1,patch,"1,14,14,3",0,4,715.75,485.90,12.531821,12.634458,12.531821,12.652708,no,yes,no,yes,4,1.47x,0.102637,0.120887,,OPTIMAL,"/root/Downloads/for_dana/vaghar_org/paper_experiments/mnist/cnn1_exp/patch/eps_1,14,14,3/vagharNoPerturbed_cnn1_seed42_itr20_sgd_itr1/63910131706641_cnn1_patch_1.0,14.0,14.0,3.0_ctag0__HyperAttackHints_VagharDeps_cTag1.txt","/root/Downloads/for_dana/vaghar_org/paper_experiments/mnist/cnn1_exp/patch/eps_1,14,14,3/advStd_cnn1_N1_model_seed42_itr20/63911746743362_n2_cnn1_patch_1.0,14.0,14.0,3.0_ctag0_model_seed42_itr20_sgd_itr1_N2_advStd_branchPri_boundTight_seed4_HyperAttackHints_VagharDeps_PerturbedIntervals_cTag1.txt"
cnn1,patch,"1,14,14,3",0,4,715.75,454.00,12.531821,12.634458,12.531822,12.627686,yes,yes,yes,no,4,1.58x,0.102637,0.095865,,OPTIMAL,"/root/Downloads/for_dana/vaghar_org/paper_experiments/mnist/cnn1_exp/patch/eps_1,14,14,3/vagharNoPerturbed_cnn1_seed42_itr20_sgd_itr1/63910131706641_cnn1_patch_1.0,14.0,14.0,3.0_ctag0__HyperAttackHints_VagharDeps_cTag1.txt","/root/Downloads/for_dana/vaghar_org/paper_experiments/mnist/cnn1_exp/patch/eps_1,14,14,3/advStd_cnn1_N1_model_seed42_itr20/63911696342541_n2_cnn1_patch_1.0,14.0,14.0,3.0_ctag0_model_seed42_itr20_sgd_itr1_N2_advStd_mipStart_branchPri_lpBasis_VagharDeps_PerturbedIntervals_cTag1.txt"
cnn1,patch,"1,14,14,3",0,4,715.75,449.03,12.531821,12.634458,12.531821,12.631076,yes,yes,no,yes,4,1.59x,0.102637,0.099255,,OPTIMAL,"/root/Downloads/for_dana/vaghar_org/paper_experiments/mnist/cnn1_exp/patch/eps_1,14,14,3/vagharNoPerturbed_cnn1_seed42_itr20_sgd_itr1/63910131706641_cnn1_patch_1.0,14.0,14.0,3.0_ctag0__HyperAttackHints_VagharDeps_cTag1.txt","/root/Downloads/for_dana/vaghar_org/paper_experiments/mnist/cnn1_exp/patch/eps_1,14,14,3/advStd_cnn1_N1_model_seed42_itr20/63911697509801_n2_cnn1_patch_1.0,14.0,14.0,3.0_ctag0_model_seed42_itr20_sgd_itr1_N2_advStd_mipStart_branchPri_boundTight_HyperAttackCutoff_VagharDeps_PerturbedIntervals_cTag1.txt"
cnn1,patch,"1,14,14,3",0,4,715.75,448.90,12.531821,12.634458,12.531821,12.652708,no,yes,yes,yes,4,1.59x,0.102637,0.120887,,OPTIMAL,"/root/Downloads/for_dana/vaghar_org/paper_experiments/mnist/cnn1_exp/patch/eps_1,14,14,3/vagharNoPerturbed_cnn1_seed42_itr20_sgd_itr1/63910131706641_cnn1_patch_1.0,14.0,14.0,3.0_ctag0__HyperAttackHints_VagharDeps_cTag1.txt","/root/Downloads/for_dana/vaghar_org/paper_experiments/mnist/cnn1_exp/patch/eps_1,14,14,3/advStd_cnn1_N1_model_seed42_itr20/63911742918107_n2_cnn1_patch_1.0,14.0,14.0,3.0_ctag0_model_seed42_itr20_sgd_itr1_N2_advStd_branchPri_lpBasis_boundTight_seed4_HyperAttackHints_VagharDeps_PerturbedIntervals_cTag1.txt"
cnn1,patch,"1,14,14,3",0,4,715.75,450.65,12.531821,12.634458,12.531821,12.652708,no,yes,yes,no,4,1.59x,0.102637,0.120887,,OPTIMAL,"/root/Downloads/for_dana/vaghar_org/paper_experiments/mnist/cnn1_exp/patch/eps_1,14,14,3/vagharNoPerturbed_cnn1_seed42_itr20_sgd_itr1/63910131706641_cnn1_patch_1.0,14.0,14.0,3.0_ctag0__HyperAttackHints_VagharDeps_cTag1.txt","/root/Downloads/for_dana/vaghar_org/paper_experiments/mnist/cnn1_exp/patch/eps_1,14,14,3/advStd_cnn1_N1_model_seed42_itr20/63911744845600_n2_cnn1_patch_1.0,14.0,14.0,3.0_ctag0_model_seed42_itr20_sgd_itr1_N2_advStd_branchPri_lpBasis_seed4_HyperAttackHints_VagharDeps_PerturbedIntervals_cTag1.txt"
cnn1,patch,"1,14,14,3",0,4,715.75,445.99,12.531821,12.634458,12.531822,12.559958,yes,yes,yes,yes,4,1.60x,0.102637,0.028136,,OPTIMAL,"/root/Downloads/for_dana/vaghar_org/paper_experiments/mnist/cnn1_exp/patch/eps_1,14,14,3/vagharNoPerturbed_cnn1_seed42_itr20_sgd_itr1/63910131706641_cnn1_patch_1.0,14.0,14.0,3.0_ctag0__HyperAttackHints_VagharDeps_cTag1.txt","/root/Downloads/for_dana/vaghar_org/paper_experiments/mnist/cnn1_exp/patch/eps_1,14,14,3/advStd_cnn1_N1_model_seed42_itr20/63911696351973_n2_cnn1_patch_1.0,14.0,14.0,3.0_ctag0_model_seed42_itr20_sgd_itr1_N2_advStd_mipStart_branchPri_lpBasis_boundTight_VagharDeps_PerturbedIntervals_cTag1.txt"
cnn1,patch,"1,14,14,3",0,4,715.75,445.27,12.531821,12.634458,12.531822,12.559958,yes,no,no,yes,4,1.61x,0.102637,0.028136,,OPTIMAL,"/root/Downloads/for_dana/vaghar_org/paper_experiments/mnist/cnn1_exp/patch/eps_1,14,14,3/vagharNoPerturbed_cnn1_seed42_itr20_sgd_itr1/63910131706641_cnn1_patch_1.0,14.0,14.0,3.0_ctag0__HyperAttackHints_VagharDeps_cTag1.txt","/root/Downloads/for_dana/vaghar_org/paper_experiments/mnist/cnn1_exp/patch/eps_1,14,14,3/advStd_cnn1_N1_model_seed42_itr20/63911696298659_n2_cnn1_patch_1.0,14.0,14.0,3.0_ctag0_model_seed42_itr20_sgd_itr1_N2_advStd_mipStart_boundTight_VagharDeps_PerturbedIntervals_cTag1.txt"
cnn1,patch,"1,14,14,3",0,4,715.75,435.93,12.531821,12.634458,12.531821,12.652708,no,yes,no,no,4,1.64x,0.102637,0.120887,,OPTIMAL,"/root/Downloads/for_dana/vaghar_org/paper_experiments/mnist/cnn1_exp/patch/eps_1,14,14,3/vagharNoPerturbed_cnn1_seed42_itr20_sgd_itr1/63910131706641_cnn1_patch_1.0,14.0,14.0,3.0_ctag0__HyperAttackHints_VagharDeps_cTag1.txt","/root/Downloads/for_dana/vaghar_org/paper_experiments/mnist/cnn1_exp/patch/eps_1,14,14,3/advStd_cnn1_N1_model_seed42_itr20/63911748662731_n2_cnn1_patch_1.0,14.0,14.0,3.0_ctag0_model_seed42_itr20_sgd_itr1_N2_advStd_branchPri_seed4_HyperAttackHints_VagharDeps_PerturbedIntervals_cTag1.txt"
cnn1,patch,"1,14,14,3",0,4,715.75,432.18,12.531821,12.634458,12.531821,12.631076,yes,yes,no,no,4,1.66x,0.102637,0.099255,,OPTIMAL,"/root/Downloads/for_dana/vaghar_org/paper_experiments/mnist/cnn1_exp/patch/eps_1,14,14,3/vagharNoPerturbed_cnn1_seed42_itr20_sgd_itr1/63910131706641_cnn1_patch_1.0,14.0,14.0,3.0_ctag0__HyperAttackHints_VagharDeps_cTag1.txt","/root/Downloads/for_dana/vaghar_org/paper_experiments/mnist/cnn1_exp/patch/eps_1,14,14,3/advStd_cnn1_N1_model_seed42_itr20/63911697478502_n2_cnn1_patch_1.0,14.0,14.0,3.0_ctag0_model_seed42_itr20_sgd_itr1_N2_advStd_mipStart_branchPri_HyperAttackCutoff_VagharDeps_PerturbedIntervals_cTag1.txt"
cnn1,patch,"1,14,14,3",0,4,715.75,412.04,12.531821,12.634458,12.531821,12.641662,no,yes,no,yes,4,1.74x,0.102637,0.109841,,OPTIMAL,"/root/Downloads/for_dana/vaghar_org/paper_experiments/mnist/cnn1_exp/patch/eps_1,14,14,3/vagharNoPerturbed_cnn1_seed42_itr20_sgd_itr1/63910131706641_cnn1_patch_1.0,14.0,14.0,3.0_ctag0__HyperAttackHints_VagharDeps_cTag1.txt","/root/Downloads/for_dana/vaghar_org/paper_experiments/mnist/cnn1_exp/patch/eps_1,14,14,3/advStd_cnn1_N1_model_seed42_itr20/63911746457114_n2_cnn1_patch_1.0,14.0,14.0,3.0_ctag0_model_seed42_itr20_sgd_itr1_N2_advStd_branchPri_boundTight_seed3_HyperAttackHints_VagharDeps_PerturbedIntervals_cTag1.txt"
cnn1,patch,"1,14,14,3",0,4,715.75,410.92,12.531821,12.634458,12.531821,12.641662,no,yes,no,no,4,1.74x,0.102637,0.109841,,OPTIMAL,"/root/Downloads/for_dana/vaghar_org/paper_experiments/mnist/cnn1_exp/patch/eps_1,14,14,3/vagharNoPerturbed_cnn1_seed42_itr20_sgd_itr1/63910131706641_cnn1_patch_1.0,14.0,14.0,3.0_ctag0__HyperAttackHints_VagharDeps_cTag1.txt","/root/Downloads/for_dana/vaghar_org/paper_experiments/mnist/cnn1_exp/patch/eps_1,14,14,3/advStd_cnn1_N1_model_seed42_itr20/63911748464881_n2_cnn1_patch_1.0,14.0,14.0,3.0_ctag0_model_seed42_itr20_sgd_itr1_N2_advStd_branchPri_seed3_HyperAttackHints_VagharDeps_PerturbedIntervals_cTag1.txt"
cnn1,patch,"1,14,14,3",0,4,715.75,403.95,12.531821,12.634458,12.531821,12.641662,no,yes,yes,no,4,1.77x,0.102637,0.109841,,OPTIMAL,"/root/Downloads/for_dana/vaghar_org/paper_experiments/mnist/cnn1_exp/patch/eps_1,14,14,3/vagharNoPerturbed_cnn1_seed42_itr20_sgd_itr1/63910131706641_cnn1_patch_1.0,14.0,14.0,3.0_ctag0__HyperAttackHints_VagharDeps_cTag1.txt","/root/Downloads/for_dana/vaghar_org/paper_experiments/mnist/cnn1_exp/patch/eps_1,14,14,3/advStd_cnn1_N1_model_seed42_itr20/63911744747680_n2_cnn1_patch_1.0,14.0,14.0,3.0_ctag0_model_seed42_itr20_sgd_itr1_N2_advStd_branchPri_lpBasis_seed3_HyperAttackHints_VagharDeps_PerturbedIntervals_cTag1.txt"
cnn1,patch,"1,14,14,3",0,4,715.75,401.13,12.531821,12.634458,12.531821,12.588245,no,no,yes,yes,4,1.78x,0.102637,0.056424,,OPTIMAL,"/root/Downloads/for_dana/vaghar_org/paper_experiments/mnist/cnn1_exp/patch/eps_1,14,14,3/vagharNoPerturbed_cnn1_seed42_itr20_sgd_itr1/63910131706641_cnn1_patch_1.0,14.0,14.0,3.0_ctag0__HyperAttackHints_VagharDeps_cTag1.txt","/root/Downloads/for_dana/vaghar_org/paper_experiments/mnist/cnn1_exp/patch/eps_1,14,14,3/advStd_cnn1_N1_model_seed42_itr20/63911695049950_n2_cnn1_patch_1.0,14.0,14.0,3.0_ctag0_model_seed42_itr20_sgd_itr1_N2_advStd_lpBasis_boundTight_HyperAttackHints_VagharDeps_PerturbedIntervals_cTag1.txt"
cnn1,patch,"1,14,14,3",0,4,715.75,397.63,12.531821,12.634458,12.531822,12.627686,yes,yes,no,no,4,1.80x,0.102637,0.095865,,OPTIMAL,"/root/Downloads/for_dana/vaghar_org/paper_experiments/mnist/cnn1_exp/patch/eps_1,14,14,3/vagharNoPerturbed_cnn1_seed42_itr20_sgd_itr1/63910131706641_cnn1_patch_1.0,14.0,14.0,3.0_ctag0__HyperAttackHints_VagharDeps_cTag1.txt","/root/Downloads/for_dana/vaghar_org/paper_experiments/mnist/cnn1_exp/patch/eps_1,14,14,3/advStd_cnn1_N1_model_seed42_itr20/63911696309204_n2_cnn1_patch_1.0,14.0,14.0,3.0_ctag0_model_seed42_itr20_sgd_itr1_N2_advStd_mipStart_branchPri_VagharDeps_PerturbedIntervals_cTag1.txt"
cnn1,patch,"1,14,14,3",0,4,715.75,391.38,12.531821,12.634458,12.531821,12.641662,no,yes,yes,yes,4,1.83x,0.102637,0.109841,,OPTIMAL,"/root/Downloads/for_dana/vaghar_org/paper_experiments/mnist/cnn1_exp/patch/eps_1,14,14,3/vagharNoPerturbed_cnn1_seed42_itr20_sgd_itr1/63910131706641_cnn1_patch_1.0,14.0,14.0,3.0_ctag0__HyperAttackHints_VagharDeps_cTag1.txt","/root/Downloads/for_dana/vaghar_org/paper_experiments/mnist/cnn1_exp/patch/eps_1,14,14,3/advStd_cnn1_N1_model_seed42_itr20/63911742662295_n2_cnn1_patch_1.0,14.0,14.0,3.0_ctag0_model_seed42_itr20_sgd_itr1_N2_advStd_branchPri_lpBasis_boundTight_seed3_HyperAttackHints_VagharDeps_PerturbedIntervals_cTag1.txt"
cnn1,patch,"1,14,14,3",0,4,715.75,382.60,12.531821,12.634458,12.531821,12.588245,no,yes,no,yes,4,1.87x,0.102637,0.056424,,OPTIMAL,"/root/Downloads/for_dana/vaghar_org/paper_experiments/mnist/cnn1_exp/patch/eps_1,14,14,3/vagharNoPerturbed_cnn1_seed42_itr20_sgd_itr1/63910131706641_cnn1_patch_1.0,14.0,14.0,3.0_ctag0__HyperAttackHints_VagharDeps_cTag1.txt","/root/Downloads/for_dana/vaghar_org/paper_experiments/mnist/cnn1_exp/patch/eps_1,14,14,3/advStd_cnn1_N1_model_seed42_itr20/63911705663797_n2_cnn1_patch_1.0,14.0,14.0,3.0_ctag0_model_seed42_itr20_sgd_itr1_N2_advStd_branchPri_boundTight_HyperAttackHints_VagharDeps_PerturbedIntervals_cTag1.txt"
cnn1,patch,"1,14,14,3",0,4,715.75,379.75,12.531821,12.634458,12.531822,12.559958,yes,no,no,no,4,1.88x,0.102637,0.028136,,OPTIMAL,"/root/Downloads/for_dana/vaghar_org/paper_experiments/mnist/cnn1_exp/patch/eps_1,14,14,3/vagharNoPerturbed_cnn1_seed42_itr20_sgd_itr1/63910131706641_cnn1_patch_1.0,14.0,14.0,3.0_ctag0__HyperAttackHints_VagharDeps_cTag1.txt","/root/Downloads/for_dana/vaghar_org/paper_experiments/mnist/cnn1_exp/patch/eps_1,14,14,3/advStd_cnn1_N1_model_seed42_itr20/63911692885354_n2_cnn1_patch_1.0,14.0,14.0,3.0_ctag0_model_seed42_itr20_sgd_itr1_N2_advStd_mipStart_VagharDeps_PerturbedIntervals_cTag1.txt"
cnn1,patch,"1,14,14,3",0,4,715.75,377.26,12.531821,12.634458,12.531822,12.627686,yes,no,no,no,4,1.90x,0.102637,0.095865,,OPTIMAL,"/root/Downloads/for_dana/vaghar_org/paper_experiments/mnist/cnn1_exp/patch/eps_1,14,14,3/vagharNoPerturbed_cnn1_seed42_itr20_sgd_itr1/63910131706641_cnn1_patch_1.0,14.0,14.0,3.0_ctag0__HyperAttackHints_VagharDeps_cTag1.txt","/root/Downloads/for_dana/vaghar_org/paper_experiments/mnist/cnn1_exp/patch/eps_1,14,14,3/advStd_cnn1_N1_model_seed42_itr20/63911694156254_n2_cnn1_patch_1.0,14.0,14.0,3.0_ctag0_model_seed42_itr20_sgd_itr1_N2_advStd_mipStart_VagharDeps_PerturbedIntervals_cTag1.txt"
cnn1,patch,"1,14,14,3",0,4,715.75,375.18,12.531821,12.634458,12.531822,12.559958,yes,no,no,no,4,1.91x,0.102637,0.028136,,OPTIMAL,"/root/Downloads/for_dana/vaghar_org/paper_experiments/mnist/cnn1_exp/patch/eps_1,14,14,3/vagharNoPerturbed_cnn1_seed42_itr20_sgd_itr1/63910131706641_cnn1_patch_1.0,14.0,14.0,3.0_ctag0__HyperAttackHints_VagharDeps_cTag1.txt","/root/Downloads/for_dana/vaghar_org/paper_experiments/mnist/cnn1_exp/patch/eps_1,14,14,3/advStd_cnn1_N1_model_seed42_itr20/63911692123327_n2_cnn1_patch_1.0,14.0,14.0,3.0_ctag0_model_seed42_itr20_sgd_itr1_N2_advStd_mipStart_VagharDeps_PerturbedIntervals_cTag1.txt"
cnn1,patch,"1,14,14,3",0,4,715.75,349.82,12.531821,12.634458,12.531821,12.626609,yes,no,yes,no,4,2.05x,0.102637,0.094788,,OPTIMAL,"/root/Downloads/for_dana/vaghar_org/paper_experiments/mnist/cnn1_exp/patch/eps_1,14,14,3/vagharNoPerturbed_cnn1_seed42_itr20_sgd_itr1/63910131706641_cnn1_patch_1.0,14.0,14.0,3.0_ctag0__HyperAttackHints_VagharDeps_cTag1.txt","/root/Downloads/for_dana/vaghar_org/paper_experiments/mnist/cnn1_exp/patch/eps_1,14,14,3/advStd_cnn1_N1_model_seed42_itr20/63911696347162_n2_cnn1_patch_1.0,14.0,14.0,3.0_ctag0_model_seed42_itr20_sgd_itr1_N2_advStd_mipStart_lpBasis_VagharDeps_PerturbedIntervals_cTag1.txt"
cnn1,patch,"1,14,14,3",0,4,715.75,331.01,12.531821,12.634458,12.531822,12.559958,yes,no,yes,no,4,2.16x,0.102637,0.028136,,OPTIMAL,"/root/Downloads/for_dana/vaghar_org/paper_experiments/mnist/cnn1_exp/patch/eps_1,14,14,3/vagharNoPerturbed_cnn1_seed42_itr20_sgd_itr1/63910131706641_cnn1_patch_1.0,14.0,14.0,3.0_ctag0__HyperAttackHints_VagharDeps_cTag1.txt","/root/Downloads/for_dana/vaghar_org/paper_experiments/mnist/cnn1_exp/patch/eps_1,14,14,3/advStd_cnn1_N1_model_seed42_itr20/63911691607590_n2_cnn1_patch_1.0,14.0,14.0,3.0_ctag0_model_seed42_itr20_sgd_itr1_N2_advStd_mipStart_lpBasis_VagharDeps_PerturbedIntervals_cTag1.txt"
cnn1,patch,"1,14,14,3",0,4,715.75,325.24,12.531821,12.634458,12.531821,12.588245,no,no,yes,no,4,2.20x,0.102637,0.056424,,OPTIMAL,"/root/Downloads/for_dana/vaghar_org/paper_experiments/mnist/cnn1_exp/patch/eps_1,14,14,3/vagharNoPerturbed_cnn1_seed42_itr20_sgd_itr1/63910131706641_cnn1_patch_1.0,14.0,14.0,3.0_ctag0__HyperAttackHints_VagharDeps_cTag1.txt","/root/Downloads/for_dana/vaghar_org/paper_experiments/mnist/cnn1_exp/patch/eps_1,14,14,3/advStd_cnn1_N1_model_seed42_itr20/63911695424869_n2_cnn1_patch_1.0,14.0,14.0,3.0_ctag0_model_seed42_itr20_sgd_itr1_N2_advStd_lpBasis_HyperAttackHints_VagharDeps_PerturbedIntervals_cTag1.txt"
cnn1,patch,"1,14,14,3",0,4,715.75,313.73,12.531821,12.634458,12.531821,12.588245,no,no,no,yes,4,2.28x,0.102637,0.056424,,OPTIMAL,"/root/Downloads/for_dana/vaghar_org/paper_experiments/mnist/cnn1_exp/patch/eps_1,14,14,3/vagharNoPerturbed_cnn1_seed42_itr20_sgd_itr1/63910131706641_cnn1_patch_1.0,14.0,14.0,3.0_ctag0__HyperAttackHints_VagharDeps_cTag1.txt","/root/Downloads/for_dana/vaghar_org/paper_experiments/mnist/cnn1_exp/patch/eps_1,14,14,3/advStd_cnn1_N1_model_seed42_itr20/63911695475545_n2_cnn1_patch_1.0,14.0,14.0,3.0_ctag0_model_seed42_itr20_sgd_itr1_N2_advStd_boundTight_HyperAttackHints_VagharDeps_PerturbedIntervals_cTag1.txt"
cnn1,patch,"1,14,14,3",0,4,715.75,314.45,12.531821,12.634458,12.531821,12.588245,no,yes,yes,no,4,2.28x,0.102637,0.056424,,OPTIMAL,"/root/Downloads/for_dana/vaghar_org/paper_experiments/mnist/cnn1_exp/patch/eps_1,14,14,3/vagharNoPerturbed_cnn1_seed42_itr20_sgd_itr1/63910131706641_cnn1_patch_1.0,14.0,14.0,3.0_ctag0__HyperAttackHints_VagharDeps_cTag1.txt","/root/Downloads/for_dana/vaghar_org/paper_experiments/mnist/cnn1_exp/patch/eps_1,14,14,3/advStd_cnn1_N1_model_seed42_itr20/63911705194376_n2_cnn1_patch_1.0,14.0,14.0,3.0_ctag0_model_seed42_itr20_sgd_itr1_N2_advStd_branchPri_lpBasis_HyperAttackHints_VagharDeps_PerturbedIntervals_cTag1.txt"
cnn1,patch,"1,14,14,3",0,4,715.75,307.59,12.531821,12.634458,12.531822,12.544385,yes,no,yes,no,4,2.33x,0.102637,0.012563,,OPTIMAL,"/root/Downloads/for_dana/vaghar_org/paper_experiments/mnist/cnn1_exp/patch/eps_1,14,14,3/vagharNoPerturbed_cnn1_seed42_itr20_sgd_itr1/63910131706641_cnn1_patch_1.0,14.0,14.0,3.0_ctag0__HyperAttackHints_VagharDeps_cTag1.txt","/root/Downloads/for_dana/vaghar_org/paper_experiments/mnist/cnn1_exp/patch/eps_1,14,14,3/advStd_cnn1_N1_model_seed42_itr20/63911737321112_n2_cnn1_patch_1.0,14.0,14.0,3.0_ctag0_model_seed42_itr20_sgd_itr1_N2_advStd_mipStart_lpBasis_seed2_HyperAttackCutoff_VagharDeps_PerturbedIntervals_cTag1.txt"
cnn1,patch,"1,14,14,3",0,4,715.75,293.52,12.531821,12.634458,12.531822,12.544385,yes,yes,no,yes,4,2.44x,0.102637,0.012563,,OPTIMAL,"/root/Downloads/for_dana/vaghar_org/paper_experiments/mnist/cnn1_exp/patch/eps_1,14,14,3/vagharNoPerturbed_cnn1_seed42_itr20_sgd_itr1/63910131706641_cnn1_patch_1.0,14.0,14.0,3.0_ctag0__HyperAttackHints_VagharDeps_cTag1.txt","/root/Downloads/for_dana/vaghar_org/paper_experiments/mnist/cnn1_exp/patch/eps_1,14,14,3/advStd_cnn1_N1_model_seed42_itr20/63911732540408_n2_cnn1_patch_1.0,14.0,14.0,3.0_ctag0_model_seed42_itr20_sgd_itr1_N2_advStd_mipStart_branchPri_boundTight_seed2_HyperAttackCutoff_VagharDeps_PerturbedIntervals_cTag1.txt"
cnn1,patch,"1,14,14,3",0,4,715.75,290.85,12.531821,12.634458,12.531822,12.544385,yes,yes,yes,yes,4,2.46x,0.102637,0.012563,,OPTIMAL,"/root/Downloads/for_dana/vaghar_org/paper_experiments/mnist/cnn1_exp/patch/eps_1,14,14,3/vagharNoPerturbed_cnn1_seed42_itr20_sgd_itr1/63910131706641_cnn1_patch_1.0,14.0,14.0,3.0_ctag0__HyperAttackHints_VagharDeps_cTag1.txt","/root/Downloads/for_dana/vaghar_org/paper_experiments/mnist/cnn1_exp/patch/eps_1,14,14,3/advStd_cnn1_N1_model_seed42_itr20/63911730701214_n2_cnn1_patch_1.0,14.0,14.0,3.0_ctag0_model_seed42_itr20_sgd_itr1_N2_advStd_mipStart_branchPri_lpBasis_boundTight_seed2_HyperAttackCutoff_VagharDeps_PerturbedIntervals_cTag1.txt"
cnn1,patch,"1,14,14,3",0,4,715.75,290.68,12.531821,12.634458,12.531822,12.544385,yes,yes,yes,no,4,2.46x,0.102637,0.012563,,OPTIMAL,"/root/Downloads/for_dana/vaghar_org/paper_experiments/mnist/cnn1_exp/patch/eps_1,14,14,3/vagharNoPerturbed_cnn1_seed42_itr20_sgd_itr1/63910131706641_cnn1_patch_1.0,14.0,14.0,3.0_ctag0__HyperAttackHints_VagharDeps_cTag1.txt","/root/Downloads/for_dana/vaghar_org/paper_experiments/mnist/cnn1_exp/patch/eps_1,14,14,3/advStd_cnn1_N1_model_seed42_itr20/63911730738344_n2_cnn1_patch_1.0,14.0,14.0,3.0_ctag0_model_seed42_itr20_sgd_itr1_N2_advStd_mipStart_branchPri_lpBasis_seed2_HyperAttackCutoff_VagharDeps_PerturbedIntervals_cTag1.txt"
cnn1,patch,"1,14,14,3",0,4,715.75,288.63,12.531821,12.634458,12.531822,12.544385,yes,no,yes,yes,4,2.48x,0.102637,0.012563,,OPTIMAL,"/root/Downloads/for_dana/vaghar_org/paper_experiments/mnist/cnn1_exp/patch/eps_1,14,14,3/vagharNoPerturbed_cnn1_seed42_itr20_sgd_itr1/63910131706641_cnn1_patch_1.0,14.0,14.0,3.0_ctag0__HyperAttackHints_VagharDeps_cTag1.txt","/root/Downloads/for_dana/vaghar_org/paper_experiments/mnist/cnn1_exp/patch/eps_1,14,14,3/advStd_cnn1_N1_model_seed42_itr20/63911735568922_n2_cnn1_patch_1.0,14.0,14.0,3.0_ctag0_model_seed42_itr20_sgd_itr1_N2_advStd_mipStart_lpBasis_boundTight_seed2_HyperAttackCutoff_VagharDeps_PerturbedIntervals_cTag1.txt"
cnn1,patch,"1,14,14,3",0,4,715.75,287.69,12.531821,12.634458,12.531822,12.544385,yes,no,no,yes,4,2.49x,0.102637,0.012563,,OPTIMAL,"/root/Downloads/for_dana/vaghar_org/paper_experiments/mnist/cnn1_exp/patch/eps_1,14,14,3/vagharNoPerturbed_cnn1_seed42_itr20_sgd_itr1/63910131706641_cnn1_patch_1.0,14.0,14.0,3.0_ctag0__HyperAttackHints_VagharDeps_cTag1.txt","/root/Downloads/for_dana/vaghar_org/paper_experiments/mnist/cnn1_exp/patch/eps_1,14,14,3/advStd_cnn1_N1_model_seed42_itr20/63911738622446_n2_cnn1_patch_1.0,14.0,14.0,3.0_ctag0_model_seed42_itr20_sgd_itr1_N2_advStd_mipStart_boundTight_seed2_HyperAttackCutoff_VagharDeps_PerturbedIntervals_cTag1.txt"
cnn1,patch,"1,14,14,3",0,4,715.75,281.78,12.531821,12.634458,12.531822,12.544385,yes,yes,no,no,4,2.54x,0.102637,0.012563,,OPTIMAL,"/root/Downloads/for_dana/vaghar_org/paper_experiments/mnist/cnn1_exp/patch/eps_1,14,14,3/vagharNoPerturbed_cnn1_seed42_itr20_sgd_itr1/63910131706641_cnn1_patch_1.0,14.0,14.0,3.0_ctag0__HyperAttackHints_VagharDeps_cTag1.txt","/root/Downloads/for_dana/vaghar_org/paper_experiments/mnist/cnn1_exp/patch/eps_1,14,14,3/advStd_cnn1_N1_model_seed42_itr20/63911734197280_n2_cnn1_patch_1.0,14.0,14.0,3.0_ctag0_model_seed42_itr20_sgd_itr1_N2_advStd_mipStart_branchPri_seed2_HyperAttackCutoff_VagharDeps_PerturbedIntervals_cTag1.txt"
cnn1,patch,"1,14,14,3",0,4,715.75,280.37,12.531821,12.634458,12.531822,12.544385,yes,no,no,no,4,2.55x,0.102637,0.012563,,OPTIMAL,"/root/Downloads/for_dana/vaghar_org/paper_experiments/mnist/cnn1_exp/patch/eps_1,14,14,3/vagharNoPerturbed_cnn1_seed42_itr20_sgd_itr1/63910131706641_cnn1_patch_1.0,14.0,14.0,3.0_ctag0__HyperAttackHints_VagharDeps_cTag1.txt","/root/Downloads/for_dana/vaghar_org/paper_experiments/mnist/cnn1_exp/patch/eps_1,14,14,3/advStd_cnn1_N1_model_seed42_itr20/63911740168308_n2_cnn1_patch_1.0,14.0,14.0,3.0_ctag0_model_seed42_itr20_sgd_itr1_N2_advStd_mipStart_seed2_HyperAttackCutoff_VagharDeps_PerturbedIntervals_cTag1.txt"
cnn1,patch,"1,14,14,3",0,4,715.75,273.15,12.531821,12.634458,12.526331,12.531821,no,yes,no,no,4,2.62x,0.102637,0.005490,,OPTIMAL,"/root/Downloads/for_dana/vaghar_org/paper_experiments/mnist/cnn1_exp/patch/eps_1,14,14,3/vagharNoPerturbed_cnn1_seed42_itr20_sgd_itr1/63910131706641_cnn1_patch_1.0,14.0,14.0,3.0_ctag0__HyperAttackHints_VagharDeps_cTag1.txt","/root/Downloads/for_dana/vaghar_org/paper_experiments/mnist/cnn1_exp/patch/eps_1,14,14,3/advStd_cnn1_N1_model_seed42_itr20/63911746793944_n2_cnn1_patch_1.0,14.0,14.0,3.0_ctag0_model_seed42_itr20_sgd_itr1_N2_advStd_branchPri_seed1_HyperAttackHints_VagharDeps_PerturbedIntervals_cTag1.txt"
cnn1,patch,"1,14,14,3",0,4,715.75,245.86,12.531821,12.634458,12.531821,12.640178,yes,no,no,yes,4,2.91x,0.102637,0.108357,,OPTIMAL,"/root/Downloads/for_dana/vaghar_org/paper_experiments/mnist/cnn1_exp/patch/eps_1,14,14,3/vagharNoPerturbed_cnn1_seed42_itr20_sgd_itr1/63910131706641_cnn1_patch_1.0,14.0,14.0,3.0_ctag0__HyperAttackHints_VagharDeps_cTag1.txt","/root/Downloads/for_dana/vaghar_org/paper_experiments/mnist/cnn1_exp/patch/eps_1,14,14,3/advStd_cnn1_N1_model_seed42_itr20/63911697516742_n2_cnn1_patch_1.0,14.0,14.0,3.0_ctag0_model_seed42_itr20_sgd_itr1_N2_advStd_mipStart_boundTight_HyperAttackCutoff_VagharDeps_PerturbedIntervals_cTag1.txt"
cnn1,patch,"1,14,14,3",0,4,715.75,245.88,12.531821,12.634458,12.531821,12.640178,yes,yes,yes,yes,4,2.91x,0.102637,0.108357,,OPTIMAL,"/root/Downloads/for_dana/vaghar_org/paper_experiments/mnist/cnn1_exp/patch/eps_1,14,14,3/vagharNoPerturbed_cnn1_seed42_itr20_sgd_itr1/63910131706641_cnn1_patch_1.0,14.0,14.0,3.0_ctag0__HyperAttackHints_VagharDeps_cTag1.txt","/root/Downloads/for_dana/vaghar_org/paper_experiments/mnist/cnn1_exp/patch/eps_1,14,14,3/advStd_cnn1_N1_model_seed42_itr20/63911697544097_n2_cnn1_patch_1.0,14.0,14.0,3.0_ctag0_model_seed42_itr20_sgd_itr1_N2_advStd_mipStart_branchPri_lpBasis_boundTight_HyperAttackCutoff_VagharDeps_PerturbedIntervals_cTag1.txt"
cnn1,patch,"1,14,14,3",0,4,715.75,242.51,12.531821,12.634458,12.526331,12.531821,no,no,yes,yes,4,2.95x,0.102637,0.005490,,OPTIMAL,"/root/Downloads/for_dana/vaghar_org/paper_experiments/mnist/cnn1_exp/patch/eps_1,14,14,3/vagharNoPerturbed_cnn1_seed42_itr20_sgd_itr1/63910131706641_cnn1_patch_1.0,14.0,14.0,3.0_ctag0__HyperAttackHints_VagharDeps_cTag1.txt","/root/Downloads/for_dana/vaghar_org/paper_experiments/mnist/cnn1_exp/patch/eps_1,14,14,3/advStd_cnn1_N1_model_seed42_itr20/63911749449079_n2_cnn1_patch_1.0,14.0,14.0,3.0_ctag0_model_seed42_itr20_sgd_itr1_N2_advStd_lpBasis_boundTight_seed1_HyperAttackHints_VagharDeps_PerturbedIntervals_cTag1.txt"
cnn1,patch,"1,14,14,3",0,4,715.75,240.54,12.531821,12.634458,12.526331,12.531821,no,yes,yes,no,4,2.98x,0.102637,0.005490,,OPTIMAL,"/root/Downloads/for_dana/vaghar_org/paper_experiments/mnist/cnn1_exp/patch/eps_1,14,14,3/vagharNoPerturbed_cnn1_seed42_itr20_sgd_itr1/63910131706641_cnn1_patch_1.0,14.0,14.0,3.0_ctag0__HyperAttackHints_VagharDeps_cTag1.txt","/root/Downloads/for_dana/vaghar_org/paper_experiments/mnist/cnn1_exp/patch/eps_1,14,14,3/advStd_cnn1_N1_model_seed42_itr20/63911743013568_n2_cnn1_patch_1.0,14.0,14.0,3.0_ctag0_model_seed42_itr20_sgd_itr1_N2_advStd_branchPri_lpBasis_seed1_HyperAttackHints_VagharDeps_PerturbedIntervals_cTag1.txt"
cnn1,patch,"1,14,14,3",0,4,715.75,238.61,12.531821,12.634458,12.526331,12.531821,no,yes,yes,yes,4,3.00x,0.102637,0.005490,,OPTIMAL,"/root/Downloads/for_dana/vaghar_org/paper_experiments/mnist/cnn1_exp/patch/eps_1,14,14,3/vagharNoPerturbed_cnn1_seed42_itr20_sgd_itr1/63910131706641_cnn1_patch_1.0,14.0,14.0,3.0_ctag0__HyperAttackHints_VagharDeps_cTag1.txt","/root/Downloads/for_dana/vaghar_org/paper_experiments/mnist/cnn1_exp/patch/eps_1,14,14,3/advStd_cnn1_N1_model_seed42_itr20/63911741681785_n2_cnn1_patch_1.0,14.0,14.0,3.0_ctag0_model_seed42_itr20_sgd_itr1_N2_advStd_branchPri_lpBasis_boundTight_seed1_HyperAttackHints_VagharDeps_PerturbedIntervals_cTag1.txt"
cnn1,patch,"1,14,14,3",0,4,715.75,238.49,12.531821,12.634458,12.526331,12.531821,no,yes,no,yes,4,3.00x,0.102637,0.005490,,OPTIMAL,"/root/Downloads/for_dana/vaghar_org/paper_experiments/mnist/cnn1_exp/patch/eps_1,14,14,3/vagharNoPerturbed_cnn1_seed42_itr20_sgd_itr1/63910131706641_cnn1_patch_1.0,14.0,14.0,3.0_ctag0__HyperAttackHints_VagharDeps_cTag1.txt","/root/Downloads/for_dana/vaghar_org/paper_experiments/mnist/cnn1_exp/patch/eps_1,14,14,3/advStd_cnn1_N1_model_seed42_itr20/63911745565413_n2_cnn1_patch_1.0,14.0,14.0,3.0_ctag0_model_seed42_itr20_sgd_itr1_N2_advStd_branchPri_boundTight_seed1_HyperAttackHints_VagharDeps_PerturbedIntervals_cTag1.txt"
cnn1,patch,"1,14,14,3",0,4,715.75,236.70,12.531821,12.634458,12.531825,12.634489,yes,yes,yes,no,4,3.02x,0.102637,0.102663,,OPTIMAL,"/root/Downloads/for_dana/vaghar_org/paper_experiments/mnist/cnn1_exp/patch/eps_1,14,14,3/vagharNoPerturbed_cnn1_seed42_itr20_sgd_itr1/63910131706641_cnn1_patch_1.0,14.0,14.0,3.0_ctag0__HyperAttackHints_VagharDeps_cTag1.txt","/root/Downloads/for_dana/vaghar_org/paper_experiments/mnist/cnn1_exp/patch/eps_1,14,14,3/advStd_cnn1_N1_model_seed42_itr20/63911730740375_n2_cnn1_patch_1.0,14.0,14.0,3.0_ctag0_model_seed42_itr20_sgd_itr1_N2_advStd_mipStart_branchPri_lpBasis_seed3_HyperAttackCutoff_VagharDeps_PerturbedIntervals_cTag1.txt"
cnn1,patch,"1,14,14,3",0,4,715.75,229.67,12.531821,12.634458,12.531825,12.634489,yes,yes,no,no,4,3.12x,0.102637,0.102663,,OPTIMAL,"/root/Downloads/for_dana/vaghar_org/paper_experiments/mnist/cnn1_exp/patch/eps_1,14,14,3/vagharNoPerturbed_cnn1_seed42_itr20_sgd_itr1/63910131706641_cnn1_patch_1.0,14.0,14.0,3.0_ctag0__HyperAttackHints_VagharDeps_cTag1.txt","/root/Downloads/for_dana/vaghar_org/paper_experiments/mnist/cnn1_exp/patch/eps_1,14,14,3/advStd_cnn1_N1_model_seed42_itr20/63911735055072_n2_cnn1_patch_1.0,14.0,14.0,3.0_ctag0_model_seed42_itr20_sgd_itr1_N2_advStd_mipStart_branchPri_seed3_HyperAttackCutoff_VagharDeps_PerturbedIntervals_cTag1.txt"
cnn1,patch,"1,14,14,3",0,4,715.75,228.25,12.531821,12.634458,12.531825,12.634489,yes,no,yes,no,4,3.14x,0.102637,0.102663,,OPTIMAL,"/root/Downloads/for_dana/vaghar_org/paper_experiments/mnist/cnn1_exp/patch/eps_1,14,14,3/vagharNoPerturbed_cnn1_seed42_itr20_sgd_itr1/63910131706641_cnn1_patch_1.0,14.0,14.0,3.0_ctag0__HyperAttackHints_VagharDeps_cTag1.txt","/root/Downloads/for_dana/vaghar_org/paper_experiments/mnist/cnn1_exp/patch/eps_1,14,14,3/advStd_cnn1_N1_model_seed42_itr20/63911738079402_n2_cnn1_patch_1.0,14.0,14.0,3.0_ctag0_model_seed42_itr20_sgd_itr1_N2_advStd_mipStart_lpBasis_seed3_HyperAttackCutoff_VagharDeps_PerturbedIntervals_cTag1.txt"
cnn1,patch,"1,14,14,3",0,4,715.75,226.85,12.531821,12.634458,12.531821,12.588245,no,yes,no,no,4,3.16x,0.102637,0.056424,,OPTIMAL,"/root/Downloads/for_dana/vaghar_org/paper_experiments/mnist/cnn1_exp/patch/eps_1,14,14,3/vagharNoPerturbed_cnn1_seed42_itr20_sgd_itr1/63910131706641_cnn1_patch_1.0,14.0,14.0,3.0_ctag0__HyperAttackHints_VagharDeps_cTag1.txt","/root/Downloads/for_dana/vaghar_org/paper_experiments/mnist/cnn1_exp/patch/eps_1,14,14,3/advStd_cnn1_N1_model_seed42_itr20/63911705667836_n2_cnn1_patch_1.0,14.0,14.0,3.0_ctag0_model_seed42_itr20_sgd_itr1_N2_advStd_branchPri_HyperAttackHints_VagharDeps_PerturbedIntervals_cTag1.txt"
cnn1,patch,"1,14,14,3",0,4,715.75,224.23,12.531821,12.634458,12.531825,12.634489,yes,no,no,yes,4,3.19x,0.102637,0.102663,,OPTIMAL,"/root/Downloads/for_dana/vaghar_org/paper_experiments/mnist/cnn1_exp/patch/eps_1,14,14,3/vagharNoPerturbed_cnn1_seed42_itr20_sgd_itr1/63910131706641_cnn1_patch_1.0,14.0,14.0,3.0_ctag0__HyperAttackHints_VagharDeps_cTag1.txt","/root/Downloads/for_dana/vaghar_org/paper_experiments/mnist/cnn1_exp/patch/eps_1,14,14,3/advStd_cnn1_N1_model_seed42_itr20/63911739857002_n2_cnn1_patch_1.0,14.0,14.0,3.0_ctag0_model_seed42_itr20_sgd_itr1_N2_advStd_mipStart_boundTight_seed3_HyperAttackCutoff_VagharDeps_PerturbedIntervals_cTag1.txt"
cnn1,patch,"1,14,14,3",0,4,715.75,217.79,12.531821,12.634458,12.531825,12.634489,yes,no,no,no,4,3.29x,0.102637,0.102663,,OPTIMAL,"/root/Downloads/for_dana/vaghar_org/paper_experiments/mnist/cnn1_exp/patch/eps_1,14,14,3/vagharNoPerturbed_cnn1_seed42_itr20_sgd_itr1/63910131706641_cnn1_patch_1.0,14.0,14.0,3.0_ctag0__HyperAttackHints_VagharDeps_cTag1.txt","/root/Downloads/for_dana/vaghar_org/paper_experiments/mnist/cnn1_exp/patch/eps_1,14,14,3/advStd_cnn1_N1_model_seed42_itr20/63911741136408_n2_cnn1_patch_1.0,14.0,14.0,3.0_ctag0_model_seed42_itr20_sgd_itr1_N2_advStd_mipStart_seed3_HyperAttackCutoff_VagharDeps_PerturbedIntervals_cTag1.txt"
cnn1,patch,"1,14,14,3",0,4,715.75,214.84,12.531821,12.634458,12.531821,12.588245,no,yes,yes,yes,4,3.33x,0.102637,0.056424,,OPTIMAL,"/root/Downloads/for_dana/vaghar_org/paper_experiments/mnist/cnn1_exp/patch/eps_1,14,14,3/vagharNoPerturbed_cnn1_seed42_itr20_sgd_itr1/63910131706641_cnn1_patch_1.0,14.0,14.0,3.0_ctag0__HyperAttackHints_VagharDeps_cTag1.txt","/root/Downloads/for_dana/vaghar_org/paper_experiments/mnist/cnn1_exp/patch/eps_1,14,14,3/advStd_cnn1_N1_model_seed42_itr20/63911704816144_n2_cnn1_patch_1.0,14.0,14.0,3.0_ctag0_model_seed42_itr20_sgd_itr1_N2_advStd_branchPri_lpBasis_boundTight_HyperAttackHints_VagharDeps_PerturbedIntervals_cTag1.txt"
cnn1,patch,"1,14,14,3",0,4,715.75,214.55,12.531821,12.634458,12.531825,12.634489,yes,yes,no,yes,4,3.34x,0.102637,0.102663,,OPTIMAL,"/root/Downloads/for_dana/vaghar_org/paper_experiments/mnist/cnn1_exp/patch/eps_1,14,14,3/vagharNoPerturbed_cnn1_seed42_itr20_sgd_itr1/63910131706641_cnn1_patch_1.0,14.0,14.0,3.0_ctag0__HyperAttackHints_VagharDeps_cTag1.txt","/root/Downloads/for_dana/vaghar_org/paper_experiments/mnist/cnn1_exp/patch/eps_1,14,14,3/advStd_cnn1_N1_model_seed42_itr20/63911733263077_n2_cnn1_patch_1.0,14.0,14.0,3.0_ctag0_model_seed42_itr20_sgd_itr1_N2_advStd_mipStart_branchPri_boundTight_seed3_HyperAttackCutoff_VagharDeps_PerturbedIntervals_cTag1.txt"
cnn1,patch,"1,14,14,3",0,4,715.75,213.07,12.531821,12.634458,12.531825,12.634489,yes,yes,yes,yes,4,3.36x,0.102637,0.102663,,OPTIMAL,"/root/Downloads/for_dana/vaghar_org/paper_experiments/mnist/cnn1_exp/patch/eps_1,14,14,3/vagharNoPerturbed_cnn1_seed42_itr20_sgd_itr1/63910131706641_cnn1_patch_1.0,14.0,14.0,3.0_ctag0__HyperAttackHints_VagharDeps_cTag1.txt","/root/Downloads/for_dana/vaghar_org/paper_experiments/mnist/cnn1_exp/patch/eps_1,14,14,3/advStd_cnn1_N1_model_seed42_itr20/63911730700931_n2_cnn1_patch_1.0,14.0,14.0,3.0_ctag0_model_seed42_itr20_sgd_itr1_N2_advStd_mipStart_branchPri_lpBasis_boundTight_seed3_HyperAttackCutoff_VagharDeps_PerturbedIntervals_cTag1.txt"
cnn1,patch,"1,14,14,3",0,4,715.75,199.26,12.531821,12.634458,12.531825,12.634489,yes,no,yes,yes,4,3.59x,0.102637,0.102663,,OPTIMAL,"/root/Downloads/for_dana/vaghar_org/paper_experiments/mnist/cnn1_exp/patch/eps_1,14,14,3/vagharNoPerturbed_cnn1_seed42_itr20_sgd_itr1/63910131706641_cnn1_patch_1.0,14.0,14.0,3.0_ctag0__HyperAttackHints_VagharDeps_cTag1.txt","/root/Downloads/for_dana/vaghar_org/paper_experiments/mnist/cnn1_exp/patch/eps_1,14,14,3/advStd_cnn1_N1_model_seed42_itr20/63911736701714_n2_cnn1_patch_1.0,14.0,14.0,3.0_ctag0_model_seed42_itr20_sgd_itr1_N2_advStd_mipStart_lpBasis_boundTight_seed3_HyperAttackCutoff_VagharDeps_PerturbedIntervals_cTag1.txt"
cnn1,patch,"1,14,14,3",0,4,715.75,108.52,12.531821,12.634458,12.531821,12.628535,yes,no,yes,yes,4,6.60x,0.102637,0.096714,,OPTIMAL,"/root/Downloads/for_dana/vaghar_org/paper_experiments/mnist/cnn1_exp/patch/eps_1,14,14,3/vagharNoPerturbed_cnn1_seed42_itr20_sgd_itr1/63910131706641_cnn1_patch_1.0,14.0,14.0,3.0_ctag0__HyperAttackHints_VagharDeps_cTag1.txt","/root/Downloads/for_dana/vaghar_org/paper_experiments/mnist/cnn1_exp/patch/eps_1,14,14,3/advStd_cnn1_N1_model_seed42_itr20/63911735184529_n2_cnn1_patch_1.0,14.0,14.0,3.0_ctag0_model_seed42_itr20_sgd_itr1_N2_advStd_mipStart_lpBasis_boundTight_seed1_HyperAttackCutoff_VagharDeps_PerturbedIntervals_cTag1.txt"
cnn1,patch,"1,14,14,3",0,4,715.75,99.67,12.531821,12.634458,12.531821,12.628535,yes,yes,yes,yes,4,7.18x,0.102637,0.096714,,OPTIMAL,"/root/Downloads/for_dana/vaghar_org/paper_experiments/mnist/cnn1_exp/patch/eps_1,14,14,3/vagharNoPerturbed_cnn1_seed42_itr20_sgd_itr1/63910131706641_cnn1_patch_1.0,14.0,14.0,3.0_ctag0__HyperAttackHints_VagharDeps_cTag1.txt","/root/Downloads/for_dana/vaghar_org/paper_experiments/mnist/cnn1_exp/patch/eps_1,14,14,3/advStd_cnn1_N1_model_seed42_itr20/63911730702337_n2_cnn1_patch_1.0,14.0,14.0,3.0_ctag0_model_seed42_itr20_sgd_itr1_N2_advStd_mipStart_branchPri_lpBasis_boundTight_seed1_HyperAttackCutoff_VagharDeps_PerturbedIntervals_cTag1.txt"
cnn1,patch,"1,14,14,3",0,4,715.75,96.81,12.531821,12.634458,12.531821,12.628535,yes,no,no,no,4,7.39x,0.102637,0.096714,,OPTIMAL,"/root/Downloads/for_dana/vaghar_org/paper_experiments/mnist/cnn1_exp/patch/eps_1,14,14,3/vagharNoPerturbed_cnn1_seed42_itr20_sgd_itr1/63910131706641_cnn1_patch_1.0,14.0,14.0,3.0_ctag0__HyperAttackHints_VagharDeps_cTag1.txt","/root/Downloads/for_dana/vaghar_org/paper_experiments/mnist/cnn1_exp/patch/eps_1,14,14,3/advStd_cnn1_N1_model_seed42_itr20/63911739956201_n2_cnn1_patch_1.0,14.0,14.0,3.0_ctag0_model_seed42_itr20_sgd_itr1_N2_advStd_mipStart_seed1_HyperAttackCutoff_VagharDeps_PerturbedIntervals_cTag1.txt"
cnn1,patch,"1,14,14,3",0,4,715.75,90.58,12.531821,12.634458,12.531821,12.628535,yes,yes,yes,no,4,7.90x,0.102637,0.096714,,OPTIMAL,"/root/Downloads/for_dana/vaghar_org/paper_experiments/mnist/cnn1_exp/patch/eps_1,14,14,3/vagharNoPerturbed_cnn1_seed42_itr20_sgd_itr1/63910131706641_cnn1_patch_1.0,14.0,14.0,3.0_ctag0__HyperAttackHints_VagharDeps_cTag1.txt","/root/Downloads/for_dana/vaghar_org/paper_experiments/mnist/cnn1_exp/patch/eps_1,14,14,3/advStd_cnn1_N1_model_seed42_itr20/63911730700843_n2_cnn1_patch_1.0,14.0,14.0,3.0_ctag0_model_seed42_itr20_sgd_itr1_N2_advStd_mipStart_branchPri_lpBasis_seed1_HyperAttackCutoff_VagharDeps_PerturbedIntervals_cTag1.txt"
cnn1,patch,"1,14,14,3",0,4,715.75,90.07,12.531821,12.634458,12.531821,12.628535,yes,yes,no,no,4,7.95x,0.102637,0.096714,,OPTIMAL,"/root/Downloads/for_dana/vaghar_org/paper_experiments/mnist/cnn1_exp/patch/eps_1,14,14,3/vagharNoPerturbed_cnn1_seed42_itr20_sgd_itr1/63910131706641_cnn1_patch_1.0,14.0,14.0,3.0_ctag0__HyperAttackHints_VagharDeps_cTag1.txt","/root/Downloads/for_dana/vaghar_org/paper_experiments/mnist/cnn1_exp/patch/eps_1,14,14,3/advStd_cnn1_N1_model_seed42_itr20/63911733438340_n2_cnn1_patch_1.0,14.0,14.0,3.0_ctag0_model_seed42_itr20_sgd_itr1_N2_advStd_mipStart_branchPri_seed1_HyperAttackCutoff_VagharDeps_PerturbedIntervals_cTag1.txt"
cnn1,patch,"1,14,14,3",0,4,715.75,86.55,12.531821,12.634458,12.531821,12.628535,yes,no,yes,no,4,8.27x,0.102637,0.096714,,OPTIMAL,"/root/Downloads/for_dana/vaghar_org/paper_experiments/mnist/cnn1_exp/patch/eps_1,14,14,3/vagharNoPerturbed_cnn1_seed42_itr20_sgd_itr1/63910131706641_cnn1_patch_1.0,14.0,14.0,3.0_ctag0__HyperAttackHints_VagharDeps_cTag1.txt","/root/Downloads/for_dana/vaghar_org/paper_experiments/mnist/cnn1_exp/patch/eps_1,14,14,3/advStd_cnn1_N1_model_seed42_itr20/63911736947593_n2_cnn1_patch_1.0,14.0,14.0,3.0_ctag0_model_seed42_itr20_sgd_itr1_N2_advStd_mipStart_lpBasis_seed1_HyperAttackCutoff_VagharDeps_PerturbedIntervals_cTag1.txt"
cnn1,patch,"1,14,14,3",0,4,715.75,83.64,12.531821,12.634458,12.531821,12.628535,yes,no,no,yes,4,8.56x,0.102637,0.096714,,OPTIMAL,"/root/Downloads/for_dana/vaghar_org/paper_experiments/mnist/cnn1_exp/patch/eps_1,14,14,3/vagharNoPerturbed_cnn1_seed42_itr20_sgd_itr1/63910131706641_cnn1_patch_1.0,14.0,14.0,3.0_ctag0__HyperAttackHints_VagharDeps_cTag1.txt","/root/Downloads/for_dana/vaghar_org/paper_experiments/mnist/cnn1_exp/patch/eps_1,14,14,3/advStd_cnn1_N1_model_seed42_itr20/63911738500054_n2_cnn1_patch_1.0,14.0,14.0,3.0_ctag0_model_seed42_itr20_sgd_itr1_N2_advStd_mipStart_boundTight_seed1_HyperAttackCutoff_VagharDeps_PerturbedIntervals_cTag1.txt"
cnn1,patch,"1,14,14,3",0,4,715.75,83.35,12.531821,12.634458,12.531821,12.628535,yes,yes,no,yes,4,8.59x,0.102637,0.096714,,OPTIMAL,"/root/Downloads/for_dana/vaghar_org/paper_experiments/mnist/cnn1_exp/patch/eps_1,14,14,3/vagharNoPerturbed_cnn1_seed42_itr20_sgd_itr1/63910131706641_cnn1_patch_1.0,14.0,14.0,3.0_ctag0__HyperAttackHints_VagharDeps_cTag1.txt","/root/Downloads/for_dana/vaghar_org/paper_experiments/mnist/cnn1_exp/patch/eps_1,14,14,3/advStd_cnn1_N1_model_seed42_itr20/63911732530924_n2_cnn1_patch_1.0,14.0,14.0,3.0_ctag0_model_seed42_itr20_sgd_itr1_N2_advStd_mipStart_branchPri_boundTight_seed1_HyperAttackCutoff_VagharDeps_PerturbedIntervals_cTag1.txt"
,,,,,,,,,,,,,,,,,,,,,,
cnn1,patch,"1,14,14,3",0,5,1816.73,1376.17,13.672997,51.260469,13.898669,13.999467,no,yes,yes,yes,4,1.32x,37.587471,0.100798,,OPTIMAL,"/root/Downloads/for_dana/vaghar_org/paper_experiments/mnist/cnn1_exp/patch/eps_1,14,14,3/vagharNoPerturbed_cnn1_seed42_itr20_sgd_itr1/63910131706641_cnn1_patch_1.0,14.0,14.0,3.0_ctag0__HyperAttackHints_VagharDeps_cTag1.txt","/root/Downloads/for_dana/vaghar_org/paper_experiments/mnist/cnn1_exp/patch/eps_1,14,14,3/advStd_cnn1_N1_model_seed42_itr20/63911741681785_n2_cnn1_patch_1.0,14.0,14.0,3.0_ctag0_model_seed42_itr20_sgd_itr1_N2_advStd_branchPri_lpBasis_boundTight_seed1_HyperAttackHints_VagharDeps_PerturbedIntervals_cTag1.txt"
cnn1,patch,"1,14,14,3",0,5,1816.73,1332.07,13.672997,51.260469,13.898669,13.999467,no,yes,no,no,4,1.36x,37.587471,0.100798,,OPTIMAL,"/root/Downloads/for_dana/vaghar_org/paper_experiments/mnist/cnn1_exp/patch/eps_1,14,14,3/vagharNoPerturbed_cnn1_seed42_itr20_sgd_itr1/63910131706641_cnn1_patch_1.0,14.0,14.0,3.0_ctag0__HyperAttackHints_VagharDeps_cTag1.txt","/root/Downloads/for_dana/vaghar_org/paper_experiments/mnist/cnn1_exp/patch/eps_1,14,14,3/advStd_cnn1_N1_model_seed42_itr20/63911746793944_n2_cnn1_patch_1.0,14.0,14.0,3.0_ctag0_model_seed42_itr20_sgd_itr1_N2_advStd_branchPri_seed1_HyperAttackHints_VagharDeps_PerturbedIntervals_cTag1.txt"
cnn1,patch,"1,14,14,3",0,5,1816.73,1292.76,13.672997,51.260469,13.898669,13.999467,no,yes,no,yes,4,1.41x,37.587471,0.100798,,OPTIMAL,"/root/Downloads/for_dana/vaghar_org/paper_experiments/mnist/cnn1_exp/patch/eps_1,14,14,3/vagharNoPerturbed_cnn1_seed42_itr20_sgd_itr1/63910131706641_cnn1_patch_1.0,14.0,14.0,3.0_ctag0__HyperAttackHints_VagharDeps_cTag1.txt","/root/Downloads/for_dana/vaghar_org/paper_experiments/mnist/cnn1_exp/patch/eps_1,14,14,3/advStd_cnn1_N1_model_seed42_itr20/63911745565413_n2_cnn1_patch_1.0,14.0,14.0,3.0_ctag0_model_seed42_itr20_sgd_itr1_N2_advStd_branchPri_boundTight_seed1_HyperAttackHints_VagharDeps_PerturbedIntervals_cTag1.txt"
cnn1,patch,"1,14,14,3",0,5,1816.73,1271.37,13.672997,51.260469,11.177544,11.186360,yes,no,no,yes,4,1.43x,37.587471,0.008816,,OPTIMAL,"/root/Downloads/for_dana/vaghar_org/paper_experiments/mnist/cnn1_exp/patch/eps_1,14,14,3/vagharNoPerturbed_cnn1_seed42_itr20_sgd_itr1/63910131706641_cnn1_patch_1.0,14.0,14.0,3.0_ctag0__HyperAttackHints_VagharDeps_cTag1.txt","/root/Downloads/for_dana/vaghar_org/paper_experiments/mnist/cnn1_exp/patch/eps_1,14,14,3/advStd_cnn1_N1_model_seed42_itr20/63911691602842_n2_cnn1_patch_1.0,14.0,14.0,3.0_ctag0_model_seed42_itr20_sgd_itr1_N2_advStd_mipStart_boundTight_VagharDeps_PerturbedIntervals_cTag1.txt"
cnn1,patch,"1,14,14,3",0,5,1816.73,1249.24,13.672997,51.260469,13.898669,14.008172,no,yes,yes,no,4,1.45x,37.587471,0.109503,,OPTIMAL,"/root/Downloads/for_dana/vaghar_org/paper_experiments/mnist/cnn1_exp/patch/eps_1,14,14,3/vagharNoPerturbed_cnn1_seed42_itr20_sgd_itr1/63910131706641_cnn1_patch_1.0,14.0,14.0,3.0_ctag0__HyperAttackHints_VagharDeps_cTag1.txt","/root/Downloads/for_dana/vaghar_org/paper_experiments/mnist/cnn1_exp/patch/eps_1,14,14,3/advStd_cnn1_N1_model_seed42_itr20/63911743013568_n2_cnn1_patch_1.0,14.0,14.0,3.0_ctag0_model_seed42_itr20_sgd_itr1_N2_advStd_branchPri_lpBasis_seed1_HyperAttackHints_VagharDeps_PerturbedIntervals_cTag1.txt"
cnn1,patch,"1,14,14,3",0,5,1816.73,1224.62,13.672997,51.260469,11.177544,11.186360,yes,no,yes,yes,4,1.48x,37.587471,0.008816,,OPTIMAL,"/root/Downloads/for_dana/vaghar_org/paper_experiments/mnist/cnn1_exp/patch/eps_1,14,14,3/vagharNoPerturbed_cnn1_seed42_itr20_sgd_itr1/63910131706641_cnn1_patch_1.0,14.0,14.0,3.0_ctag0__HyperAttackHints_VagharDeps_cTag1.txt","/root/Downloads/for_dana/vaghar_org/paper_experiments/mnist/cnn1_exp/patch/eps_1,14,14,3/advStd_cnn1_N1_model_seed42_itr20/63911696356525_n2_cnn1_patch_1.0,14.0,14.0,3.0_ctag0_model_seed42_itr20_sgd_itr1_N2_advStd_mipStart_lpBasis_boundTight_VagharDeps_PerturbedIntervals_cTag1.txt"
cnn1,patch,"1,14,14,3",0,5,1816.73,1073.22,13.672997,51.260469,13.898683,13.976015,yes,yes,yes,no,4,1.69x,37.587471,0.077332,,OPTIMAL,"/root/Downloads/for_dana/vaghar_org/paper_experiments/mnist/cnn1_exp/patch/eps_1,14,14,3/vagharNoPerturbed_cnn1_seed42_itr20_sgd_itr1/63910131706641_cnn1_patch_1.0,14.0,14.0,3.0_ctag0__HyperAttackHints_VagharDeps_cTag1.txt","/root/Downloads/for_dana/vaghar_org/paper_experiments/mnist/cnn1_exp/patch/eps_1,14,14,3/advStd_cnn1_N1_model_seed42_itr20/63911730700843_n2_cnn1_patch_1.0,14.0,14.0,3.0_ctag0_model_seed42_itr20_sgd_itr1_N2_advStd_mipStart_branchPri_lpBasis_seed1_HyperAttackCutoff_VagharDeps_PerturbedIntervals_cTag1.txt"
cnn1,patch,"1,14,14,3",0,5,1816.73,608.42,13.672997,51.260469,13.898676,14.037513,no,yes,no,yes,4,2.99x,37.587471,0.138837,,OPTIMAL,"/root/Downloads/for_dana/vaghar_org/paper_experiments/mnist/cnn1_exp/patch/eps_1,14,14,3/vagharNoPerturbed_cnn1_seed42_itr20_sgd_itr1/63910131706641_cnn1_patch_1.0,14.0,14.0,3.0_ctag0__HyperAttackHints_VagharDeps_cTag1.txt","/root/Downloads/for_dana/vaghar_org/paper_experiments/mnist/cnn1_exp/patch/eps_1,14,14,3/advStd_cnn1_N1_model_seed42_itr20/63911746743362_n2_cnn1_patch_1.0,14.0,14.0,3.0_ctag0_model_seed42_itr20_sgd_itr1_N2_advStd_branchPri_boundTight_seed4_HyperAttackHints_VagharDeps_PerturbedIntervals_cTag1.txt"
cnn1,patch,"1,14,14,3",0,5,1816.73,605.37,13.672997,51.260469,13.898676,14.037513,no,yes,yes,yes,4,3.00x,37.587471,0.138837,,OPTIMAL,"/root/Downloads/for_dana/vaghar_org/paper_experiments/mnist/cnn1_exp/patch/eps_1,14,14,3/vagharNoPerturbed_cnn1_seed42_itr20_sgd_itr1/63910131706641_cnn1_patch_1.0,14.0,14.0,3.0_ctag0__HyperAttackHints_VagharDeps_cTag1.txt","/root/Downloads/for_dana/vaghar_org/paper_experiments/mnist/cnn1_exp/patch/eps_1,14,14,3/advStd_cnn1_N1_model_seed42_itr20/63911742918107_n2_cnn1_patch_1.0,14.0,14.0,3.0_ctag0_model_seed42_itr20_sgd_itr1_N2_advStd_branchPri_lpBasis_boundTight_seed4_HyperAttackHints_VagharDeps_PerturbedIntervals_cTag1.txt"
cnn1,patch,"1,14,14,3",0,5,1816.73,600.33,13.672997,51.260469,13.898676,14.037513,no,yes,yes,no,4,3.03x,37.587471,0.138837,,OPTIMAL,"/root/Downloads/for_dana/vaghar_org/paper_experiments/mnist/cnn1_exp/patch/eps_1,14,14,3/vagharNoPerturbed_cnn1_seed42_itr20_sgd_itr1/63910131706641_cnn1_patch_1.0,14.0,14.0,3.0_ctag0__HyperAttackHints_VagharDeps_cTag1.txt","/root/Downloads/for_dana/vaghar_org/paper_experiments/mnist/cnn1_exp/patch/eps_1,14,14,3/advStd_cnn1_N1_model_seed42_itr20/63911744845600_n2_cnn1_patch_1.0,14.0,14.0,3.0_ctag0_model_seed42_itr20_sgd_itr1_N2_advStd_branchPri_lpBasis_seed4_HyperAttackHints_VagharDeps_PerturbedIntervals_cTag1.txt"
cnn1,patch,"1,14,14,3",0,5,1816.73,598.74,13.672997,51.260469,13.898676,14.037513,no,yes,no,no,4,3.03x,37.587471,0.138837,,OPTIMAL,"/root/Downloads/for_dana/vaghar_org/paper_experiments/mnist/cnn1_exp/patch/eps_1,14,14,3/vagharNoPerturbed_cnn1_seed42_itr20_sgd_itr1/63910131706641_cnn1_patch_1.0,14.0,14.0,3.0_ctag0__HyperAttackHints_VagharDeps_cTag1.txt","/root/Downloads/for_dana/vaghar_org/paper_experiments/mnist/cnn1_exp/patch/eps_1,14,14,3/advStd_cnn1_N1_model_seed42_itr20/63911748662731_n2_cnn1_patch_1.0,14.0,14.0,3.0_ctag0_model_seed42_itr20_sgd_itr1_N2_advStd_branchPri_seed4_HyperAttackHints_VagharDeps_PerturbedIntervals_cTag1.txt"
cnn1,patch,"1,14,14,3",0,5,1816.73,195.67,13.672997,51.260469,13.898665,13.898665,yes,no,yes,no,4,9.28x,37.587471,0.000000,,OPTIMAL,"/root/Downloads/for_dana/vaghar_org/paper_experiments/mnist/cnn1_exp/patch/eps_1,14,14,3/vagharNoPerturbed_cnn1_seed42_itr20_sgd_itr1/63910131706641_cnn1_patch_1.0,14.0,14.0,3.0_ctag0__HyperAttackHints_VagharDeps_cTag1.txt","/root/Downloads/for_dana/vaghar_org/paper_experiments/mnist/cnn1_exp/patch/eps_1,14,14,3/advStd_cnn1_N1_model_seed42_itr20/63911697538749_n2_cnn1_patch_1.0,14.0,14.0,3.0_ctag0_model_seed42_itr20_sgd_itr1_N2_advStd_mipStart_lpBasis_HyperAttackCutoff_VagharDeps_PerturbedIntervals_cTag1.txt"
cnn1,patch,"1,14,14,3",0,5,1816.73,192.36,13.672997,51.260469,13.898665,14.014760,yes,no,yes,no,4,9.44x,37.587471,0.116094,,OPTIMAL,"/root/Downloads/for_dana/vaghar_org/paper_experiments/mnist/cnn1_exp/patch/eps_1,14,14,3/vagharNoPerturbed_cnn1_seed42_itr20_sgd_itr1/63910131706641_cnn1_patch_1.0,14.0,14.0,3.0_ctag0__HyperAttackHints_VagharDeps_cTag1.txt","/root/Downloads/for_dana/vaghar_org/paper_experiments/mnist/cnn1_exp/patch/eps_1,14,14,3/advStd_cnn1_N1_model_seed42_itr20/63911693586883_n2_cnn1_patch_1.0,14.0,14.0,3.0_ctag0_model_seed42_itr20_sgd_itr1_N2_advStd_mipStart_lpBasis_VagharDeps_PerturbedIntervals_cTag1.txt"
cnn1,patch,"1,14,14,3",0,5,1816.73,156.48,13.672997,51.260469,13.898665,14.014760,yes,no,yes,yes,4,11.61x,37.587471,0.116094,,OPTIMAL,"/root/Downloads/for_dana/vaghar_org/paper_experiments/mnist/cnn1_exp/patch/eps_1,14,14,3/vagharNoPerturbed_cnn1_seed42_itr20_sgd_itr1/63910131706641_cnn1_patch_1.0,14.0,14.0,3.0_ctag0__HyperAttackHints_VagharDeps_cTag1.txt","/root/Downloads/for_dana/vaghar_org/paper_experiments/mnist/cnn1_exp/patch/eps_1,14,14,3/advStd_cnn1_N1_model_seed42_itr20/63911692317564_n2_cnn1_patch_1.0,14.0,14.0,3.0_ctag0_model_seed42_itr20_sgd_itr1_N2_advStd_mipStart_lpBasis_boundTight_VagharDeps_PerturbedIntervals_cTag1.txt"
cnn1,patch,"1,14,14,3",0,5,1816.73,150.70,13.672997,51.260469,13.898665,14.014760,yes,no,no,no,4,12.06x,37.587471,0.116094,,OPTIMAL,"/root/Downloads/for_dana/vaghar_org/paper_experiments/mnist/cnn1_exp/patch/eps_1,14,14,3/vagharNoPerturbed_cnn1_seed42_itr20_sgd_itr1/63910131706641_cnn1_patch_1.0,14.0,14.0,3.0_ctag0__HyperAttackHints_VagharDeps_cTag1.txt","/root/Downloads/for_dana/vaghar_org/paper_experiments/mnist/cnn1_exp/patch/eps_1,14,14,3/advStd_cnn1_N1_model_seed42_itr20/63911692123327_n2_cnn1_patch_1.0,14.0,14.0,3.0_ctag0_model_seed42_itr20_sgd_itr1_N2_advStd_mipStart_VagharDeps_PerturbedIntervals_cTag1.txt"
cnn1,patch,"1,14,14,3",0,5,1816.73,149.79,13.672997,51.260469,13.898665,13.931253,yes,no,yes,no,4,12.13x,37.587471,0.032588,,OPTIMAL,"/root/Downloads/for_dana/vaghar_org/paper_experiments/mnist/cnn1_exp/patch/eps_1,14,14,3/vagharNoPerturbed_cnn1_seed42_itr20_sgd_itr1/63910131706641_cnn1_patch_1.0,14.0,14.0,3.0_ctag0__HyperAttackHints_VagharDeps_cTag1.txt","/root/Downloads/for_dana/vaghar_org/paper_experiments/mnist/cnn1_exp/patch/eps_1,14,14,3/advStd_cnn1_N1_model_seed42_itr20/63911691607590_n2_cnn1_patch_1.0,14.0,14.0,3.0_ctag0_model_seed42_itr20_sgd_itr1_N2_advStd_mipStart_lpBasis_VagharDeps_PerturbedIntervals_cTag1.txt"
cnn1,patch,"1,14,14,3",0,5,1816.73,145.05,13.672997,51.260469,13.796666,13.907650,no,yes,yes,no,4,12.53x,37.587471,0.110984,,OPTIMAL,"/root/Downloads/for_dana/vaghar_org/paper_experiments/mnist/cnn1_exp/patch/eps_1,14,14,3/vagharNoPerturbed_cnn1_seed42_itr20_sgd_itr1/63910131706641_cnn1_patch_1.0,14.0,14.0,3.0_ctag0__HyperAttackHints_VagharDeps_cTag1.txt","/root/Downloads/for_dana/vaghar_org/paper_experiments/mnist/cnn1_exp/patch/eps_1,14,14,3/advStd_cnn1_N1_model_seed42_itr20/63911705194376_n2_cnn1_patch_1.0,14.0,14.0,3.0_ctag0_model_seed42_itr20_sgd_itr1_N2_advStd_branchPri_lpBasis_HyperAttackHints_VagharDeps_PerturbedIntervals_cTag1.txt"
cnn1,patch,"1,14,14,3",0,5,1816.73,143.20,13.672997,51.260469,13.796666,13.907650,no,yes,no,no,4,12.69x,37.587471,0.110984,,OPTIMAL,"/root/Downloads/for_dana/vaghar_org/paper_experiments/mnist/cnn1_exp/patch/eps_1,14,14,3/vagharNoPerturbed_cnn1_seed42_itr20_sgd_itr1/63910131706641_cnn1_patch_1.0,14.0,14.0,3.0_ctag0__HyperAttackHints_VagharDeps_cTag1.txt","/root/Downloads/for_dana/vaghar_org/paper_experiments/mnist/cnn1_exp/patch/eps_1,14,14,3/advStd_cnn1_N1_model_seed42_itr20/63911705667836_n2_cnn1_patch_1.0,14.0,14.0,3.0_ctag0_model_seed42_itr20_sgd_itr1_N2_advStd_branchPri_HyperAttackHints_VagharDeps_PerturbedIntervals_cTag1.txt"
cnn1,patch,"1,14,14,3",0,5,1816.73,131.42,13.672997,51.260469,13.869039,13.909743,yes,yes,yes,yes,4,13.82x,37.587471,0.040705,,OPTIMAL,"/root/Downloads/for_dana/vaghar_org/paper_experiments/mnist/cnn1_exp/patch/eps_1,14,14,3/vagharNoPerturbed_cnn1_seed42_itr20_sgd_itr1/63910131706641_cnn1_patch_1.0,14.0,14.0,3.0_ctag0__HyperAttackHints_VagharDeps_cTag1.txt","/root/Downloads/for_dana/vaghar_org/paper_experiments/mnist/cnn1_exp/patch/eps_1,14,14,3/advStd_cnn1_N1_model_seed42_itr20/63911697544097_n2_cnn1_patch_1.0,14.0,14.0,3.0_ctag0_model_seed42_itr20_sgd_itr1_N2_advStd_mipStart_branchPri_lpBasis_boundTight_HyperAttackCutoff_VagharDeps_PerturbedIntervals_cTag1.txt"
cnn1,patch,"1,14,14,3",0,5,1816.73,122.20,13.672997,51.260469,13.898665,13.931253,yes,no,yes,no,4,14.87x,37.587471,0.032588,,OPTIMAL,"/root/Downloads/for_dana/vaghar_org/paper_experiments/mnist/cnn1_exp/patch/eps_1,14,14,3/vagharNoPerturbed_cnn1_seed42_itr20_sgd_itr1/63910131706641_cnn1_patch_1.0,14.0,14.0,3.0_ctag0__HyperAttackHints_VagharDeps_cTag1.txt","/root/Downloads/for_dana/vaghar_org/paper_experiments/mnist/cnn1_exp/patch/eps_1,14,14,3/advStd_cnn1_N1_model_seed42_itr20/63911696347162_n2_cnn1_patch_1.0,14.0,14.0,3.0_ctag0_model_seed42_itr20_sgd_itr1_N2_advStd_mipStart_lpBasis_VagharDeps_PerturbedIntervals_cTag1.txt"
cnn1,patch,"1,14,14,3",0,5,1816.73,119.72,13.672997,51.260469,11.138394,11.181577,yes,no,yes,yes,4,15.17x,37.587471,0.043183,,OPTIMAL,"/root/Downloads/for_dana/vaghar_org/paper_experiments/mnist/cnn1_exp/patch/eps_1,14,14,3/vagharNoPerturbed_cnn1_seed42_itr20_sgd_itr1/63910131706641_cnn1_patch_1.0,14.0,14.0,3.0_ctag0__HyperAttackHints_VagharDeps_cTag1.txt","/root/Downloads/for_dana/vaghar_org/paper_experiments/mnist/cnn1_exp/patch/eps_1,14,14,3/advStd_cnn1_N1_model_seed42_itr20/63911691619099_n2_cnn1_patch_1.0,14.0,14.0,3.0_ctag0_model_seed42_itr20_sgd_itr1_N2_advStd_mipStart_lpBasis_boundTight_VagharDeps_PerturbedIntervals_cTag1.txt"
cnn1,patch,"1,14,14,3",0,5,1816.73,110.66,13.672997,51.260469,13.869039,13.909743,yes,yes,yes,no,4,16.42x,37.587471,0.040705,,OPTIMAL,"/root/Downloads/for_dana/vaghar_org/paper_experiments/mnist/cnn1_exp/patch/eps_1,14,14,3/vagharNoPerturbed_cnn1_seed42_itr20_sgd_itr1/63910131706641_cnn1_patch_1.0,14.0,14.0,3.0_ctag0__HyperAttackHints_VagharDeps_cTag1.txt","/root/Downloads/for_dana/vaghar_org/paper_experiments/mnist/cnn1_exp/patch/eps_1,14,14,3/advStd_cnn1_N1_model_seed42_itr20/63911697516439_n2_cnn1_patch_1.0,14.0,14.0,3.0_ctag0_model_seed42_itr20_sgd_itr1_N2_advStd_mipStart_branchPri_lpBasis_HyperAttackCutoff_VagharDeps_PerturbedIntervals_cTag1.txt"
cnn1,patch,"1,14,14,3",0,5,1816.73,108.00,13.672997,51.260469,13.898665,14.014760,yes,no,no,yes,4,16.82x,37.587471,0.116094,,OPTIMAL,"/root/Downloads/for_dana/vaghar_org/paper_experiments/mnist/cnn1_exp/patch/eps_1,14,14,3/vagharNoPerturbed_cnn1_seed42_itr20_sgd_itr1/63910131706641_cnn1_patch_1.0,14.0,14.0,3.0_ctag0__HyperAttackHints_VagharDeps_cTag1.txt","/root/Downloads/for_dana/vaghar_org/paper_experiments/mnist/cnn1_exp/patch/eps_1,14,14,3/advStd_cnn1_N1_model_seed42_itr20/63911693565786_n2_cnn1_patch_1.0,14.0,14.0,3.0_ctag0_model_seed42_itr20_sgd_itr1_N2_advStd_mipStart_boundTight_VagharDeps_PerturbedIntervals_cTag1.txt"
cnn1,patch,"1,14,14,3",0,5,1816.73,107.59,13.672997,51.260469,13.898665,13.931253,yes,no,yes,no,4,16.89x,37.587471,0.032588,,OPTIMAL,"/root/Downloads/for_dana/vaghar_org/paper_experiments/mnist/cnn1_exp/patch/eps_1,14,14,3/vagharNoPerturbed_cnn1_seed42_itr20_sgd_itr1/63910131706641_cnn1_patch_1.0,14.0,14.0,3.0_ctag0__HyperAttackHints_VagharDeps_cTag1.txt","/root/Downloads/for_dana/vaghar_org/paper_experiments/mnist/cnn1_exp/patch/eps_1,14,14,3/advStd_cnn1_N1_model_seed42_itr20/63911692311861_n2_cnn1_patch_1.0,14.0,14.0,3.0_ctag0_model_seed42_itr20_sgd_itr1_N2_advStd_mipStart_lpBasis_VagharDeps_PerturbedIntervals_cTag1.txt"
cnn1,patch,"1,14,14,3",0,5,1816.73,102.91,13.672997,51.260469,13.898665,14.026819,yes,no,yes,yes,4,17.65x,37.587471,0.128153,,OPTIMAL,"/root/Downloads/for_dana/vaghar_org/paper_experiments/mnist/cnn1_exp/patch/eps_1,14,14,3/vagharNoPerturbed_cnn1_seed42_itr20_sgd_itr1/63910131706641_cnn1_patch_1.0,14.0,14.0,3.0_ctag0__HyperAttackHints_VagharDeps_cTag1.txt","/root/Downloads/for_dana/vaghar_org/paper_experiments/mnist/cnn1_exp/patch/eps_1,14,14,3/advStd_cnn1_N1_model_seed42_itr20/63911693608403_n2_cnn1_patch_1.0,14.0,14.0,3.0_ctag0_model_seed42_itr20_sgd_itr1_N2_advStd_mipStart_lpBasis_boundTight_VagharDeps_PerturbedIntervals_cTag1.txt"
cnn1,patch,"1,14,14,3",0,5,1816.73,102.25,13.672997,51.260469,13.869039,13.909743,yes,yes,no,yes,4,17.77x,37.587471,0.040705,,OPTIMAL,"/root/Downloads/for_dana/vaghar_org/paper_experiments/mnist/cnn1_exp/patch/eps_1,14,14,3/vagharNoPerturbed_cnn1_seed42_itr20_sgd_itr1/63910131706641_cnn1_patch_1.0,14.0,14.0,3.0_ctag0__HyperAttackHints_VagharDeps_cTag1.txt","/root/Downloads/for_dana/vaghar_org/paper_experiments/mnist/cnn1_exp/patch/eps_1,14,14,3/advStd_cnn1_N1_model_seed42_itr20/63911697509801_n2_cnn1_patch_1.0,14.0,14.0,3.0_ctag0_model_seed42_itr20_sgd_itr1_N2_advStd_mipStart_branchPri_boundTight_HyperAttackCutoff_VagharDeps_PerturbedIntervals_cTag1.txt"
cnn1,patch,"1,14,14,3",0,5,1816.73,102.05,13.672997,51.260469,13.898665,13.931253,yes,yes,yes,yes,4,17.80x,37.587471,0.032588,,OPTIMAL,"/root/Downloads/for_dana/vaghar_org/paper_experiments/mnist/cnn1_exp/patch/eps_1,14,14,3/vagharNoPerturbed_cnn1_seed42_itr20_sgd_itr1/63910131706641_cnn1_patch_1.0,14.0,14.0,3.0_ctag0__HyperAttackHints_VagharDeps_cTag1.txt","/root/Downloads/for_dana/vaghar_org/paper_experiments/mnist/cnn1_exp/patch/eps_1,14,14,3/advStd_cnn1_N1_model_seed42_itr20/63911696351973_n2_cnn1_patch_1.0,14.0,14.0,3.0_ctag0_model_seed42_itr20_sgd_itr1_N2_advStd_mipStart_branchPri_lpBasis_boundTight_VagharDeps_PerturbedIntervals_cTag1.txt"
cnn1,patch,"1,14,14,3",0,5,1816.73,99.64,13.672997,51.260469,13.898665,13.931253,yes,no,no,yes,4,18.23x,37.587471,0.032588,,OPTIMAL,"/root/Downloads/for_dana/vaghar_org/paper_experiments/mnist/cnn1_exp/patch/eps_1,14,14,3/vagharNoPerturbed_cnn1_seed42_itr20_sgd_itr1/63910131706641_cnn1_patch_1.0,14.0,14.0,3.0_ctag0__HyperAttackHints_VagharDeps_cTag1.txt","/root/Downloads/for_dana/vaghar_org/paper_experiments/mnist/cnn1_exp/patch/eps_1,14,14,3/advStd_cnn1_N1_model_seed42_itr20/63911692315235_n2_cnn1_patch_1.0,14.0,14.0,3.0_ctag0_model_seed42_itr20_sgd_itr1_N2_advStd_mipStart_boundTight_VagharDeps_PerturbedIntervals_cTag1.txt"
cnn1,patch,"1,14,14,3",0,5,1816.73,98.51,13.672997,51.260469,13.869039,13.909743,yes,yes,no,no,4,18.44x,37.587471,0.040705,,OPTIMAL,"/root/Downloads/for_dana/vaghar_org/paper_experiments/mnist/cnn1_exp/patch/eps_1,14,14,3/vagharNoPerturbed_cnn1_seed42_itr20_sgd_itr1/63910131706641_cnn1_patch_1.0,14.0,14.0,3.0_ctag0__HyperAttackHints_VagharDeps_cTag1.txt","/root/Downloads/for_dana/vaghar_org/paper_experiments/mnist/cnn1_exp/patch/eps_1,14,14,3/advStd_cnn1_N1_model_seed42_itr20/63911697478502_n2_cnn1_patch_1.0,14.0,14.0,3.0_ctag0_model_seed42_itr20_sgd_itr1_N2_advStd_mipStart_branchPri_HyperAttackCutoff_VagharDeps_PerturbedIntervals_cTag1.txt"
cnn1,patch,"1,14,14,3",0,5,1816.73,91.36,13.672997,51.260469,13.767760,13.898665,yes,yes,yes,yes,4,19.88x,37.587471,0.130905,,OPTIMAL,"/root/Downloads/for_dana/vaghar_org/paper_experiments/mnist/cnn1_exp/patch/eps_1,14,14,3/vagharNoPerturbed_cnn1_seed42_itr20_sgd_itr1/63910131706641_cnn1_patch_1.0,14.0,14.0,3.0_ctag0__HyperAttackHints_VagharDeps_cTag1.txt","/root/Downloads/for_dana/vaghar_org/paper_experiments/mnist/cnn1_exp/patch/eps_1,14,14,3/advStd_cnn1_N1_model_seed42_itr20/63911730702337_n2_cnn1_patch_1.0,14.0,14.0,3.0_ctag0_model_seed42_itr20_sgd_itr1_N2_advStd_mipStart_branchPri_lpBasis_boundTight_seed1_HyperAttackCutoff_VagharDeps_PerturbedIntervals_cTag1.txt"
cnn1,patch,"1,14,14,3",0,5,1816.73,90.27,13.672997,51.260469,13.898665,13.931253,yes,yes,yes,no,4,20.13x,37.587471,0.032588,,OPTIMAL,"/root/Downloads/for_dana/vaghar_org/paper_experiments/mnist/cnn1_exp/patch/eps_1,14,14,3/vagharNoPerturbed_cnn1_seed42_itr20_sgd_itr1/63910131706641_cnn1_patch_1.0,14.0,14.0,3.0_ctag0__HyperAttackHints_VagharDeps_cTag1.txt","/root/Downloads/for_dana/vaghar_org/paper_experiments/mnist/cnn1_exp/patch/eps_1,14,14,3/advStd_cnn1_N1_model_seed42_itr20/63911696342541_n2_cnn1_patch_1.0,14.0,14.0,3.0_ctag0_model_seed42_itr20_sgd_itr1_N2_advStd_mipStart_branchPri_lpBasis_VagharDeps_PerturbedIntervals_cTag1.txt"
cnn1,patch,"1,14,14,3",0,5,1816.73,89.41,13.672997,51.260469,13.898665,13.931253,yes,no,no,no,4,20.32x,37.587471,0.032588,,OPTIMAL,"/root/Downloads/for_dana/vaghar_org/paper_experiments/mnist/cnn1_exp/patch/eps_1,14,14,3/vagharNoPerturbed_cnn1_seed42_itr20_sgd_itr1/63910131706641_cnn1_patch_1.0,14.0,14.0,3.0_ctag0__HyperAttackHints_VagharDeps_cTag1.txt","/root/Downloads/for_dana/vaghar_org/paper_experiments/mnist/cnn1_exp/patch/eps_1,14,14,3/advStd_cnn1_N1_model_seed42_itr20/63911692885354_n2_cnn1_patch_1.0,14.0,14.0,3.0_ctag0_model_seed42_itr20_sgd_itr1_N2_advStd_mipStart_VagharDeps_PerturbedIntervals_cTag1.txt"
cnn1,patch,"1,14,14,3",0,5,1816.73,87.95,13.672997,51.260469,13.869039,13.909743,yes,no,yes,yes,4,20.66x,37.587471,0.040705,,OPTIMAL,"/root/Downloads/for_dana/vaghar_org/paper_experiments/mnist/cnn1_exp/patch/eps_1,14,14,3/vagharNoPerturbed_cnn1_seed42_itr20_sgd_itr1/63910131706641_cnn1_patch_1.0,14.0,14.0,3.0_ctag0__HyperAttackHints_VagharDeps_cTag1.txt","/root/Downloads/for_dana/vaghar_org/paper_experiments/mnist/cnn1_exp/patch/eps_1,14,14,3/advStd_cnn1_N1_model_seed42_itr20/63911697547387_n2_cnn1_patch_1.0,14.0,14.0,3.0_ctag0_model_seed42_itr20_sgd_itr1_N2_advStd_mipStart_lpBasis_boundTight_HyperAttackCutoff_VagharDeps_PerturbedIntervals_cTag1.txt"
cnn1,patch,"1,14,14,3",0,5,1816.73,87.74,13.672997,51.260469,13.767760,13.898665,yes,no,yes,yes,4,20.71x,37.587471,0.130905,,OPTIMAL,"/root/Downloads/for_dana/vaghar_org/paper_experiments/mnist/cnn1_exp/patch/eps_1,14,14,3/vagharNoPerturbed_cnn1_seed42_itr20_sgd_itr1/63910131706641_cnn1_patch_1.0,14.0,14.0,3.0_ctag0__HyperAttackHints_VagharDeps_cTag1.txt","/root/Downloads/for_dana/vaghar_org/paper_experiments/mnist/cnn1_exp/patch/eps_1,14,14,3/advStd_cnn1_N1_model_seed42_itr20/63911735184529_n2_cnn1_patch_1.0,14.0,14.0,3.0_ctag0_model_seed42_itr20_sgd_itr1_N2_advStd_mipStart_lpBasis_boundTight_seed1_HyperAttackCutoff_VagharDeps_PerturbedIntervals_cTag1.txt"
cnn1,patch,"1,14,14,3",0,5,1816.73,87.27,13.672997,51.260469,13.767760,13.898665,yes,no,no,no,4,20.82x,37.587471,0.130905,,OPTIMAL,"/root/Downloads/for_dana/vaghar_org/paper_experiments/mnist/cnn1_exp/patch/eps_1,14,14,3/vagharNoPerturbed_cnn1_seed42_itr20_sgd_itr1/63910131706641_cnn1_patch_1.0,14.0,14.0,3.0_ctag0__HyperAttackHints_VagharDeps_cTag1.txt","/root/Downloads/for_dana/vaghar_org/paper_experiments/mnist/cnn1_exp/patch/eps_1,14,14,3/advStd_cnn1_N1_model_seed42_itr20/63911739956201_n2_cnn1_patch_1.0,14.0,14.0,3.0_ctag0_model_seed42_itr20_sgd_itr1_N2_advStd_mipStart_seed1_HyperAttackCutoff_VagharDeps_PerturbedIntervals_cTag1.txt"
cnn1,patch,"1,14,14,3",0,5,1816.73,86.63,13.672997,51.260469,13.898665,13.931253,yes,no,no,no,4,20.97x,37.587471,0.032588,,OPTIMAL,"/root/Downloads/for_dana/vaghar_org/paper_experiments/mnist/cnn1_exp/patch/eps_1,14,14,3/vagharNoPerturbed_cnn1_seed42_itr20_sgd_itr1/63910131706641_cnn1_patch_1.0,14.0,14.0,3.0_ctag0__HyperAttackHints_VagharDeps_cTag1.txt","/root/Downloads/for_dana/vaghar_org/paper_experiments/mnist/cnn1_exp/patch/eps_1,14,14,3/advStd_cnn1_N1_model_seed42_itr20/63911694156254_n2_cnn1_patch_1.0,14.0,14.0,3.0_ctag0_model_seed42_itr20_sgd_itr1_N2_advStd_mipStart_VagharDeps_PerturbedIntervals_cTag1.txt"
cnn1,patch,"1,14,14,3",0,5,1816.73,85.96,13.672997,51.260469,13.767760,13.898665,yes,no,yes,no,4,21.13x,37.587471,0.130905,,OPTIMAL,"/root/Downloads/for_dana/vaghar_org/paper_experiments/mnist/cnn1_exp/patch/eps_1,14,14,3/vagharNoPerturbed_cnn1_seed42_itr20_sgd_itr1/63910131706641_cnn1_patch_1.0,14.0,14.0,3.0_ctag0__HyperAttackHints_VagharDeps_cTag1.txt","/root/Downloads/for_dana/vaghar_org/paper_experiments/mnist/cnn1_exp/patch/eps_1,14,14,3/advStd_cnn1_N1_model_seed42_itr20/63911736947593_n2_cnn1_patch_1.0,14.0,14.0,3.0_ctag0_model_seed42_itr20_sgd_itr1_N2_advStd_mipStart_lpBasis_seed1_HyperAttackCutoff_VagharDeps_PerturbedIntervals_cTag1.txt"
cnn1,patch,"1,14,14,3",0,5,1816.73,85.85,13.672997,51.260469,13.767760,13.898665,yes,no,no,yes,4,21.16x,37.587471,0.130905,,OPTIMAL,"/root/Downloads/for_dana/vaghar_org/paper_experiments/mnist/cnn1_exp/patch/eps_1,14,14,3/vagharNoPerturbed_cnn1_seed42_itr20_sgd_itr1/63910131706641_cnn1_patch_1.0,14.0,14.0,3.0_ctag0__HyperAttackHints_VagharDeps_cTag1.txt","/root/Downloads/for_dana/vaghar_org/paper_experiments/mnist/cnn1_exp/patch/eps_1,14,14,3/advStd_cnn1_N1_model_seed42_itr20/63911738500054_n2_cnn1_patch_1.0,14.0,14.0,3.0_ctag0_model_seed42_itr20_sgd_itr1_N2_advStd_mipStart_boundTight_seed1_HyperAttackCutoff_VagharDeps_PerturbedIntervals_cTag1.txt"
cnn1,patch,"1,14,14,3",0,5,1816.73,85.05,13.672997,51.260469,13.767760,13.898665,yes,yes,no,no,4,21.36x,37.587471,0.130905,,OPTIMAL,"/root/Downloads/for_dana/vaghar_org/paper_experiments/mnist/cnn1_exp/patch/eps_1,14,14,3/vagharNoPerturbed_cnn1_seed42_itr20_sgd_itr1/63910131706641_cnn1_patch_1.0,14.0,14.0,3.0_ctag0__HyperAttackHints_VagharDeps_cTag1.txt","/root/Downloads/for_dana/vaghar_org/paper_experiments/mnist/cnn1_exp/patch/eps_1,14,14,3/advStd_cnn1_N1_model_seed42_itr20/63911733438340_n2_cnn1_patch_1.0,14.0,14.0,3.0_ctag0_model_seed42_itr20_sgd_itr1_N2_advStd_mipStart_branchPri_seed1_HyperAttackCutoff_VagharDeps_PerturbedIntervals_cTag1.txt"
cnn1,patch,"1,14,14,3",0,5,1816.73,84.85,13.672997,51.260469,13.767760,13.898665,yes,yes,no,yes,4,21.41x,37.587471,0.130905,,OPTIMAL,"/root/Downloads/for_dana/vaghar_org/paper_experiments/mnist/cnn1_exp/patch/eps_1,14,14,3/vagharNoPerturbed_cnn1_seed42_itr20_sgd_itr1/63910131706641_cnn1_patch_1.0,14.0,14.0,3.0_ctag0__HyperAttackHints_VagharDeps_cTag1.txt","/root/Downloads/for_dana/vaghar_org/paper_experiments/mnist/cnn1_exp/patch/eps_1,14,14,3/advStd_cnn1_N1_model_seed42_itr20/63911732530924_n2_cnn1_patch_1.0,14.0,14.0,3.0_ctag0_model_seed42_itr20_sgd_itr1_N2_advStd_mipStart_branchPri_boundTight_seed1_HyperAttackCutoff_VagharDeps_PerturbedIntervals_cTag1.txt"
cnn1,patch,"1,14,14,3",0,5,1816.73,82.28,13.672997,51.260469,13.898665,13.929192,yes,no,no,yes,4,22.08x,37.587471,0.030526,,OPTIMAL,"/root/Downloads/for_dana/vaghar_org/paper_experiments/mnist/cnn1_exp/patch/eps_1,14,14,3/vagharNoPerturbed_cnn1_seed42_itr20_sgd_itr1/63910131706641_cnn1_patch_1.0,14.0,14.0,3.0_ctag0__HyperAttackHints_VagharDeps_cTag1.txt","/root/Downloads/for_dana/vaghar_org/paper_experiments/mnist/cnn1_exp/patch/eps_1,14,14,3/advStd_cnn1_N1_model_seed42_itr20/63911697516742_n2_cnn1_patch_1.0,14.0,14.0,3.0_ctag0_model_seed42_itr20_sgd_itr1_N2_advStd_mipStart_boundTight_HyperAttackCutoff_VagharDeps_PerturbedIntervals_cTag1.txt"
cnn1,patch,"1,14,14,3",0,5,1816.73,82.17,13.672997,51.260469,13.898665,13.931253,yes,no,no,yes,4,22.11x,37.587471,0.032588,,OPTIMAL,"/root/Downloads/for_dana/vaghar_org/paper_experiments/mnist/cnn1_exp/patch/eps_1,14,14,3/vagharNoPerturbed_cnn1_seed42_itr20_sgd_itr1/63910131706641_cnn1_patch_1.0,14.0,14.0,3.0_ctag0__HyperAttackHints_VagharDeps_cTag1.txt","/root/Downloads/for_dana/vaghar_org/paper_experiments/mnist/cnn1_exp/patch/eps_1,14,14,3/advStd_cnn1_N1_model_seed42_itr20/63911696298659_n2_cnn1_patch_1.0,14.0,14.0,3.0_ctag0_model_seed42_itr20_sgd_itr1_N2_advStd_mipStart_boundTight_VagharDeps_PerturbedIntervals_cTag1.txt"
cnn1,patch,"1,14,14,3",0,5,1816.73,80.37,13.672997,51.260469,13.898665,13.931253,yes,yes,no,yes,4,22.61x,37.587471,0.032588,,OPTIMAL,"/root/Downloads/for_dana/vaghar_org/paper_experiments/mnist/cnn1_exp/patch/eps_1,14,14,3/vagharNoPerturbed_cnn1_seed42_itr20_sgd_itr1/63910131706641_cnn1_patch_1.0,14.0,14.0,3.0_ctag0__HyperAttackHints_VagharDeps_cTag1.txt","/root/Downloads/for_dana/vaghar_org/paper_experiments/mnist/cnn1_exp/patch/eps_1,14,14,3/advStd_cnn1_N1_model_seed42_itr20/63911696302687_n2_cnn1_patch_1.0,14.0,14.0,3.0_ctag0_model_seed42_itr20_sgd_itr1_N2_advStd_mipStart_branchPri_boundTight_VagharDeps_PerturbedIntervals_cTag1.txt"
cnn1,patch,"1,14,14,3",0,5,1816.73,78.20,13.672997,51.260469,13.796666,13.907650,no,no,yes,yes,4,23.23x,37.587471,0.110984,,OPTIMAL,"/root/Downloads/for_dana/vaghar_org/paper_experiments/mnist/cnn1_exp/patch/eps_1,14,14,3/vagharNoPerturbed_cnn1_seed42_itr20_sgd_itr1/63910131706641_cnn1_patch_1.0,14.0,14.0,3.0_ctag0__HyperAttackHints_VagharDeps_cTag1.txt","/root/Downloads/for_dana/vaghar_org/paper_experiments/mnist/cnn1_exp/patch/eps_1,14,14,3/advStd_cnn1_N1_model_seed42_itr20/63911695049950_n2_cnn1_patch_1.0,14.0,14.0,3.0_ctag0_model_seed42_itr20_sgd_itr1_N2_advStd_lpBasis_boundTight_HyperAttackHints_VagharDeps_PerturbedIntervals_cTag1.txt"
cnn1,patch,"1,14,14,3",0,5,1816.73,75.17,13.672997,51.260469,13.898665,13.931253,yes,yes,no,no,4,24.17x,37.587471,0.032588,,OPTIMAL,"/root/Downloads/for_dana/vaghar_org/paper_experiments/mnist/cnn1_exp/patch/eps_1,14,14,3/vagharNoPerturbed_cnn1_seed42_itr20_sgd_itr1/63910131706641_cnn1_patch_1.0,14.0,14.0,3.0_ctag0__HyperAttackHints_VagharDeps_cTag1.txt","/root/Downloads/for_dana/vaghar_org/paper_experiments/mnist/cnn1_exp/patch/eps_1,14,14,3/advStd_cnn1_N1_model_seed42_itr20/63911696309204_n2_cnn1_patch_1.0,14.0,14.0,3.0_ctag0_model_seed42_itr20_sgd_itr1_N2_advStd_mipStart_branchPri_VagharDeps_PerturbedIntervals_cTag1.txt"
cnn1,patch,"1,14,14,3",0,5,1816.73,68.64,13.672997,51.260469,13.898665,13.898665,yes,yes,no,yes,4,26.47x,37.587471,0.000000,,OPTIMAL,"/root/Downloads/for_dana/vaghar_org/paper_experiments/mnist/cnn1_exp/patch/eps_1,14,14,3/vagharNoPerturbed_cnn1_seed42_itr20_sgd_itr1/63910131706641_cnn1_patch_1.0,14.0,14.0,3.0_ctag0__HyperAttackHints_VagharDeps_cTag1.txt","/root/Downloads/for_dana/vaghar_org/paper_experiments/mnist/cnn1_exp/patch/eps_1,14,14,3/advStd_cnn1_N1_model_seed42_itr20/63911732540408_n2_cnn1_patch_1.0,14.0,14.0,3.0_ctag0_model_seed42_itr20_sgd_itr1_N2_advStd_mipStart_branchPri_boundTight_seed2_HyperAttackCutoff_VagharDeps_PerturbedIntervals_cTag1.txt"
cnn1,patch,"1,14,14,3",0,5,1816.73,67.85,13.672997,51.260469,13.796666,13.907650,no,no,no,yes,4,26.78x,37.587471,0.110984,,OPTIMAL,"/root/Downloads/for_dana/vaghar_org/paper_experiments/mnist/cnn1_exp/patch/eps_1,14,14,3/vagharNoPerturbed_cnn1_seed42_itr20_sgd_itr1/63910131706641_cnn1_patch_1.0,14.0,14.0,3.0_ctag0__HyperAttackHints_VagharDeps_cTag1.txt","/root/Downloads/for_dana/vaghar_org/paper_experiments/mnist/cnn1_exp/patch/eps_1,14,14,3/advStd_cnn1_N1_model_seed42_itr20/63911695475545_n2_cnn1_patch_1.0,14.0,14.0,3.0_ctag0_model_seed42_itr20_sgd_itr1_N2_advStd_boundTight_HyperAttackHints_VagharDeps_PerturbedIntervals_cTag1.txt"
cnn1,patch,"1,14,14,3",0,5,1816.73,63.09,13.672997,51.260469,13.898665,14.034184,no,no,yes,no,4,28.80x,37.587471,0.135519,,OPTIMAL,"/root/Downloads/for_dana/vaghar_org/paper_experiments/mnist/cnn1_exp/patch/eps_1,14,14,3/vagharNoPerturbed_cnn1_seed42_itr20_sgd_itr1/63910131706641_cnn1_patch_1.0,14.0,14.0,3.0_ctag0__HyperAttackHints_VagharDeps_cTag1.txt","/root/Downloads/for_dana/vaghar_org/paper_experiments/mnist/cnn1_exp/patch/eps_1,14,14,3/advStd_cnn1_N1_model_seed42_itr20/63911695424869_n2_cnn1_patch_1.0,14.0,14.0,3.0_ctag0_model_seed42_itr20_sgd_itr1_N2_advStd_lpBasis_HyperAttackHints_VagharDeps_PerturbedIntervals_cTag1.txt"
cnn1,patch,"1,14,14,3",0,5,1816.73,59.90,13.672997,51.260469,13.796666,13.907650,no,yes,yes,yes,4,30.33x,37.587471,0.110984,,OPTIMAL,"/root/Downloads/for_dana/vaghar_org/paper_experiments/mnist/cnn1_exp/patch/eps_1,14,14,3/vagharNoPerturbed_cnn1_seed42_itr20_sgd_itr1/63910131706641_cnn1_patch_1.0,14.0,14.0,3.0_ctag0__HyperAttackHints_VagharDeps_cTag1.txt","/root/Downloads/for_dana/vaghar_org/paper_experiments/mnist/cnn1_exp/patch/eps_1,14,14,3/advStd_cnn1_N1_model_seed42_itr20/63911704816144_n2_cnn1_patch_1.0,14.0,14.0,3.0_ctag0_model_seed42_itr20_sgd_itr1_N2_advStd_branchPri_lpBasis_boundTight_HyperAttackHints_VagharDeps_PerturbedIntervals_cTag1.txt"
cnn1,patch,"1,14,14,3",0,5,1816.73,57.79,13.672997,51.260469,13.898665,13.898665,no,yes,yes,yes,4,31.44x,37.587471,0.000000,,OPTIMAL,"/root/Downloads/for_dana/vaghar_org/paper_experiments/mnist/cnn1_exp/patch/eps_1,14,14,3/vagharNoPerturbed_cnn1_seed42_itr20_sgd_itr1/63910131706641_cnn1_patch_1.0,14.0,14.0,3.0_ctag0__HyperAttackHints_VagharDeps_cTag1.txt","/root/Downloads/for_dana/vaghar_org/paper_experiments/mnist/cnn1_exp/patch/eps_1,14,14,3/advStd_cnn1_N1_model_seed42_itr20/63911741701175_n2_cnn1_patch_1.0,14.0,14.0,3.0_ctag0_model_seed42_itr20_sgd_itr1_N2_advStd_branchPri_lpBasis_boundTight_seed2_HyperAttackHints_VagharDeps_PerturbedIntervals_cTag1.txt"
cnn1,patch,"1,14,14,3",0,5,1816.73,57.13,13.672997,51.260469,13.796666,13.907650,no,yes,no,yes,4,31.80x,37.587471,0.110984,,OPTIMAL,"/root/Downloads/for_dana/vaghar_org/paper_experiments/mnist/cnn1_exp/patch/eps_1,14,14,3/vagharNoPerturbed_cnn1_seed42_itr20_sgd_itr1/63910131706641_cnn1_patch_1.0,14.0,14.0,3.0_ctag0__HyperAttackHints_VagharDeps_cTag1.txt","/root/Downloads/for_dana/vaghar_org/paper_experiments/mnist/cnn1_exp/patch/eps_1,14,14,3/advStd_cnn1_N1_model_seed42_itr20/63911705663797_n2_cnn1_patch_1.0,14.0,14.0,3.0_ctag0_model_seed42_itr20_sgd_itr1_N2_advStd_branchPri_boundTight_HyperAttackHints_VagharDeps_PerturbedIntervals_cTag1.txt"
cnn1,patch,"1,14,14,3",0,5,1816.73,56.66,13.672997,51.260469,13.804680,13.898665,no,yes,yes,no,4,32.06x,37.587471,0.093985,,OPTIMAL,"/root/Downloads/for_dana/vaghar_org/paper_experiments/mnist/cnn1_exp/patch/eps_1,14,14,3/vagharNoPerturbed_cnn1_seed42_itr20_sgd_itr1/63910131706641_cnn1_patch_1.0,14.0,14.0,3.0_ctag0__HyperAttackHints_VagharDeps_cTag1.txt","/root/Downloads/for_dana/vaghar_org/paper_experiments/mnist/cnn1_exp/patch/eps_1,14,14,3/advStd_cnn1_N1_model_seed42_itr20/63911744747680_n2_cnn1_patch_1.0,14.0,14.0,3.0_ctag0_model_seed42_itr20_sgd_itr1_N2_advStd_branchPri_lpBasis_seed3_HyperAttackHints_VagharDeps_PerturbedIntervals_cTag1.txt"
cnn1,patch,"1,14,14,3",0,5,1816.73,56.17,13.672997,51.260469,13.898665,13.898665,no,yes,no,yes,4,32.34x,37.587471,0.000000,,OPTIMAL,"/root/Downloads/for_dana/vaghar_org/paper_experiments/mnist/cnn1_exp/patch/eps_1,14,14,3/vagharNoPerturbed_cnn1_seed42_itr20_sgd_itr1/63910131706641_cnn1_patch_1.0,14.0,14.0,3.0_ctag0__HyperAttackHints_VagharDeps_cTag1.txt","/root/Downloads/for_dana/vaghar_org/paper_experiments/mnist/cnn1_exp/patch/eps_1,14,14,3/advStd_cnn1_N1_model_seed42_itr20/63911746039615_n2_cnn1_patch_1.0,14.0,14.0,3.0_ctag0_model_seed42_itr20_sgd_itr1_N2_advStd_branchPri_boundTight_seed2_HyperAttackHints_VagharDeps_PerturbedIntervals_cTag1.txt"
cnn1,patch,"1,14,14,3",0,5,1816.73,53.29,13.672997,51.260469,13.898665,14.028527,yes,no,no,no,4,34.09x,37.587471,0.129862,,OPTIMAL,"/root/Downloads/for_dana/vaghar_org/paper_experiments/mnist/cnn1_exp/patch/eps_1,14,14,3/vagharNoPerturbed_cnn1_seed42_itr20_sgd_itr1/63910131706641_cnn1_patch_1.0,14.0,14.0,3.0_ctag0__HyperAttackHints_VagharDeps_cTag1.txt","/root/Downloads/for_dana/vaghar_org/paper_experiments/mnist/cnn1_exp/patch/eps_1,14,14,3/advStd_cnn1_N1_model_seed42_itr20/63911741136408_n2_cnn1_patch_1.0,14.0,14.0,3.0_ctag0_model_seed42_itr20_sgd_itr1_N2_advStd_mipStart_seed3_HyperAttackCutoff_VagharDeps_PerturbedIntervals_cTag1.txt"
cnn1,patch,"1,14,14,3",0,5,1816.73,52.68,13.672997,51.260469,13.898665,14.028527,yes,yes,no,yes,4,34.49x,37.587471,0.129862,,OPTIMAL,"/root/Downloads/for_dana/vaghar_org/paper_experiments/mnist/cnn1_exp/patch/eps_1,14,14,3/vagharNoPerturbed_cnn1_seed42_itr20_sgd_itr1/63910131706641_cnn1_patch_1.0,14.0,14.0,3.0_ctag0__HyperAttackHints_VagharDeps_cTag1.txt","/root/Downloads/for_dana/vaghar_org/paper_experiments/mnist/cnn1_exp/patch/eps_1,14,14,3/advStd_cnn1_N1_model_seed42_itr20/63911733263077_n2_cnn1_patch_1.0,14.0,14.0,3.0_ctag0_model_seed42_itr20_sgd_itr1_N2_advStd_mipStart_branchPri_boundTight_seed3_HyperAttackCutoff_VagharDeps_PerturbedIntervals_cTag1.txt"
cnn1,patch,"1,14,14,3",0,5,1816.73,52.11,13.672997,51.260469,13.898665,14.028527,yes,yes,no,no,4,34.87x,37.587471,0.129862,,OPTIMAL,"/root/Downloads/for_dana/vaghar_org/paper_experiments/mnist/cnn1_exp/patch/eps_1,14,14,3/vagharNoPerturbed_cnn1_seed42_itr20_sgd_itr1/63910131706641_cnn1_patch_1.0,14.0,14.0,3.0_ctag0__HyperAttackHints_VagharDeps_cTag1.txt","/root/Downloads/for_dana/vaghar_org/paper_experiments/mnist/cnn1_exp/patch/eps_1,14,14,3/advStd_cnn1_N1_model_seed42_itr20/63911735055072_n2_cnn1_patch_1.0,14.0,14.0,3.0_ctag0_model_seed42_itr20_sgd_itr1_N2_advStd_mipStart_branchPri_seed3_HyperAttackCutoff_VagharDeps_PerturbedIntervals_cTag1.txt"
cnn1,patch,"1,14,14,3",0,5,1816.73,51.91,13.672997,51.260469,13.804680,13.898665,no,yes,no,yes,4,35.00x,37.587471,0.093985,,OPTIMAL,"/root/Downloads/for_dana/vaghar_org/paper_experiments/mnist/cnn1_exp/patch/eps_1,14,14,3/vagharNoPerturbed_cnn1_seed42_itr20_sgd_itr1/63910131706641_cnn1_patch_1.0,14.0,14.0,3.0_ctag0__HyperAttackHints_VagharDeps_cTag1.txt","/root/Downloads/for_dana/vaghar_org/paper_experiments/mnist/cnn1_exp/patch/eps_1,14,14,3/advStd_cnn1_N1_model_seed42_itr20/63911746457114_n2_cnn1_patch_1.0,14.0,14.0,3.0_ctag0_model_seed42_itr20_sgd_itr1_N2_advStd_branchPri_boundTight_seed3_HyperAttackHints_VagharDeps_PerturbedIntervals_cTag1.txt"
cnn1,patch,"1,14,14,3",0,5,1816.73,51.61,13.672997,51.260469,13.804680,13.898665,no,yes,yes,yes,4,35.20x,37.587471,0.093985,,OPTIMAL,"/root/Downloads/for_dana/vaghar_org/paper_experiments/mnist/cnn1_exp/patch/eps_1,14,14,3/vagharNoPerturbed_cnn1_seed42_itr20_sgd_itr1/63910131706641_cnn1_patch_1.0,14.0,14.0,3.0_ctag0__HyperAttackHints_VagharDeps_cTag1.txt","/root/Downloads/for_dana/vaghar_org/paper_experiments/mnist/cnn1_exp/patch/eps_1,14,14,3/advStd_cnn1_N1_model_seed42_itr20/63911742662295_n2_cnn1_patch_1.0,14.0,14.0,3.0_ctag0_model_seed42_itr20_sgd_itr1_N2_advStd_branchPri_lpBasis_boundTight_seed3_HyperAttackHints_VagharDeps_PerturbedIntervals_cTag1.txt"
cnn1,patch,"1,14,14,3",0,5,1816.73,51.43,13.672997,51.260469,13.898665,14.028527,yes,yes,yes,no,4,35.33x,37.587471,0.129862,,OPTIMAL,"/root/Downloads/for_dana/vaghar_org/paper_experiments/mnist/cnn1_exp/patch/eps_1,14,14,3/vagharNoPerturbed_cnn1_seed42_itr20_sgd_itr1/63910131706641_cnn1_patch_1.0,14.0,14.0,3.0_ctag0__HyperAttackHints_VagharDeps_cTag1.txt","/root/Downloads/for_dana/vaghar_org/paper_experiments/mnist/cnn1_exp/patch/eps_1,14,14,3/advStd_cnn1_N1_model_seed42_itr20/63911730740375_n2_cnn1_patch_1.0,14.0,14.0,3.0_ctag0_model_seed42_itr20_sgd_itr1_N2_advStd_mipStart_branchPri_lpBasis_seed3_HyperAttackCutoff_VagharDeps_PerturbedIntervals_cTag1.txt"
cnn1,patch,"1,14,14,3",0,5,1816.73,50.30,13.672997,51.260469,13.804680,13.898665,no,yes,no,no,4,36.12x,37.587471,0.093985,,OPTIMAL,"/root/Downloads/for_dana/vaghar_org/paper_experiments/mnist/cnn1_exp/patch/eps_1,14,14,3/vagharNoPerturbed_cnn1_seed42_itr20_sgd_itr1/63910131706641_cnn1_patch_1.0,14.0,14.0,3.0_ctag0__HyperAttackHints_VagharDeps_cTag1.txt","/root/Downloads/for_dana/vaghar_org/paper_experiments/mnist/cnn1_exp/patch/eps_1,14,14,3/advStd_cnn1_N1_model_seed42_itr20/63911748464881_n2_cnn1_patch_1.0,14.0,14.0,3.0_ctag0_model_seed42_itr20_sgd_itr1_N2_advStd_branchPri_seed3_HyperAttackHints_VagharDeps_PerturbedIntervals_cTag1.txt"
cnn1,patch,"1,14,14,3",0,5,1816.73,50.20,13.672997,51.260469,13.898665,14.028527,yes,yes,yes,yes,4,36.19x,37.587471,0.129862,,OPTIMAL,"/root/Downloads/for_dana/vaghar_org/paper_experiments/mnist/cnn1_exp/patch/eps_1,14,14,3/vagharNoPerturbed_cnn1_seed42_itr20_sgd_itr1/63910131706641_cnn1_patch_1.0,14.0,14.0,3.0_ctag0__HyperAttackHints_VagharDeps_cTag1.txt","/root/Downloads/for_dana/vaghar_org/paper_experiments/mnist/cnn1_exp/patch/eps_1,14,14,3/advStd_cnn1_N1_model_seed42_itr20/63911730700931_n2_cnn1_patch_1.0,14.0,14.0,3.0_ctag0_model_seed42_itr20_sgd_itr1_N2_advStd_mipStart_branchPri_lpBasis_boundTight_seed3_HyperAttackCutoff_VagharDeps_PerturbedIntervals_cTag1.txt"
cnn1,patch,"1,14,14,3",0,5,1816.73,50.20,13.672997,51.260469,13.898665,14.028527,yes,no,no,yes,4,36.19x,37.587471,0.129862,,OPTIMAL,"/root/Downloads/for_dana/vaghar_org/paper_experiments/mnist/cnn1_exp/patch/eps_1,14,14,3/vagharNoPerturbed_cnn1_seed42_itr20_sgd_itr1/63910131706641_cnn1_patch_1.0,14.0,14.0,3.0_ctag0__HyperAttackHints_VagharDeps_cTag1.txt","/root/Downloads/for_dana/vaghar_org/paper_experiments/mnist/cnn1_exp/patch/eps_1,14,14,3/advStd_cnn1_N1_model_seed42_itr20/63911739857002_n2_cnn1_patch_1.0,14.0,14.0,3.0_ctag0_model_seed42_itr20_sgd_itr1_N2_advStd_mipStart_boundTight_seed3_HyperAttackCutoff_VagharDeps_PerturbedIntervals_cTag1.txt"
cnn1,patch,"1,14,14,3",0,5,1816.73,50.12,13.672997,51.260469,13.898665,14.028527,yes,no,yes,yes,4,36.25x,37.587471,0.129862,,OPTIMAL,"/root/Downloads/for_dana/vaghar_org/paper_experiments/mnist/cnn1_exp/patch/eps_1,14,14,3/vagharNoPerturbed_cnn1_seed42_itr20_sgd_itr1/63910131706641_cnn1_patch_1.0,14.0,14.0,3.0_ctag0__HyperAttackHints_VagharDeps_cTag1.txt","/root/Downloads/for_dana/vaghar_org/paper_experiments/mnist/cnn1_exp/patch/eps_1,14,14,3/advStd_cnn1_N1_model_seed42_itr20/63911736701714_n2_cnn1_patch_1.0,14.0,14.0,3.0_ctag0_model_seed42_itr20_sgd_itr1_N2_advStd_mipStart_lpBasis_boundTight_seed3_HyperAttackCutoff_VagharDeps_PerturbedIntervals_cTag1.txt"
cnn1,patch,"1,14,14,3",0,5,1816.73,49.95,13.672997,51.260469,13.898665,14.028527,yes,no,yes,no,4,36.37x,37.587471,0.129862,,OPTIMAL,"/root/Downloads/for_dana/vaghar_org/paper_experiments/mnist/cnn1_exp/patch/eps_1,14,14,3/vagharNoPerturbed_cnn1_seed42_itr20_sgd_itr1/63910131706641_cnn1_patch_1.0,14.0,14.0,3.0_ctag0__HyperAttackHints_VagharDeps_cTag1.txt","/root/Downloads/for_dana/vaghar_org/paper_experiments/mnist/cnn1_exp/patch/eps_1,14,14,3/advStd_cnn1_N1_model_seed42_itr20/63911738079402_n2_cnn1_patch_1.0,14.0,14.0,3.0_ctag0_model_seed42_itr20_sgd_itr1_N2_advStd_mipStart_lpBasis_seed3_HyperAttackCutoff_VagharDeps_PerturbedIntervals_cTag1.txt"
cnn1,patch,"1,14,14,3",0,5,1816.73,49.50,13.672997,51.260469,13.898665,13.898665,no,yes,yes,no,4,36.70x,37.587471,0.000000,,OPTIMAL,"/root/Downloads/for_dana/vaghar_org/paper_experiments/mnist/cnn1_exp/patch/eps_1,14,14,3/vagharNoPerturbed_cnn1_seed42_itr20_sgd_itr1/63910131706641_cnn1_patch_1.0,14.0,14.0,3.0_ctag0__HyperAttackHints_VagharDeps_cTag1.txt","/root/Downloads/for_dana/vaghar_org/paper_experiments/mnist/cnn1_exp/patch/eps_1,14,14,3/advStd_cnn1_N1_model_seed42_itr20/63911744660470_n2_cnn1_patch_1.0,14.0,14.0,3.0_ctag0_model_seed42_itr20_sgd_itr1_N2_advStd_branchPri_lpBasis_seed2_HyperAttackHints_VagharDeps_PerturbedIntervals_cTag1.txt"
cnn1,patch,"1,14,14,3",0,5,1816.73,48.77,13.672997,51.260469,13.869039,13.907493,yes,no,yes,no,4,37.25x,37.587471,0.038454,,OPTIMAL,"/root/Downloads/for_dana/vaghar_org/paper_experiments/mnist/cnn1_exp/patch/eps_1,14,14,3/vagharNoPerturbed_cnn1_seed42_itr20_sgd_itr1/63910131706641_cnn1_patch_1.0,14.0,14.0,3.0_ctag0__HyperAttackHints_VagharDeps_cTag1.txt","/root/Downloads/for_dana/vaghar_org/paper_experiments/mnist/cnn1_exp/patch/eps_1,14,14,3/advStd_cnn1_N1_model_seed42_itr20/63911737321112_n2_cnn1_patch_1.0,14.0,14.0,3.0_ctag0_model_seed42_itr20_sgd_itr1_N2_advStd_mipStart_lpBasis_seed2_HyperAttackCutoff_VagharDeps_PerturbedIntervals_cTag1.txt"
cnn1,patch,"1,14,14,3",0,5,1816.73,46.97,13.672997,51.260469,13.898665,13.994100,yes,yes,no,no,4,38.68x,37.587471,0.095434,,OPTIMAL,"/root/Downloads/for_dana/vaghar_org/paper_experiments/mnist/cnn1_exp/patch/eps_1,14,14,3/vagharNoPerturbed_cnn1_seed42_itr20_sgd_itr1/63910131706641_cnn1_patch_1.0,14.0,14.0,3.0_ctag0__HyperAttackHints_VagharDeps_cTag1.txt","/root/Downloads/for_dana/vaghar_org/paper_experiments/mnist/cnn1_exp/patch/eps_1,14,14,3/advStd_cnn1_N1_model_seed42_itr20/63911735080168_n2_cnn1_patch_1.0,14.0,14.0,3.0_ctag0_model_seed42_itr20_sgd_itr1_N2_advStd_mipStart_branchPri_seed4_HyperAttackCutoff_VagharDeps_PerturbedIntervals_cTag1.txt"
cnn1,patch,"1,14,14,3",0,5,1816.73,45.67,13.672997,51.260469,13.898665,13.994100,yes,yes,no,yes,4,39.78x,37.587471,0.095434,,OPTIMAL,"/root/Downloads/for_dana/vaghar_org/paper_experiments/mnist/cnn1_exp/patch/eps_1,14,14,3/vagharNoPerturbed_cnn1_seed42_itr20_sgd_itr1/63910131706641_cnn1_patch_1.0,14.0,14.0,3.0_ctag0__HyperAttackHints_VagharDeps_cTag1.txt","/root/Downloads/for_dana/vaghar_org/paper_experiments/mnist/cnn1_exp/patch/eps_1,14,14,3/advStd_cnn1_N1_model_seed42_itr20/63911733277775_n2_cnn1_patch_1.0,14.0,14.0,3.0_ctag0_model_seed42_itr20_sgd_itr1_N2_advStd_mipStart_branchPri_boundTight_seed4_HyperAttackCutoff_VagharDeps_PerturbedIntervals_cTag1.txt"
cnn1,patch,"1,14,14,3",0,5,1816.73,45.47,13.672997,51.260469,13.898665,13.994100,yes,no,yes,yes,4,39.96x,37.587471,0.095434,,OPTIMAL,"/root/Downloads/for_dana/vaghar_org/paper_experiments/mnist/cnn1_exp/patch/eps_1,14,14,3/vagharNoPerturbed_cnn1_seed42_itr20_sgd_itr1/63910131706641_cnn1_patch_1.0,14.0,14.0,3.0_ctag0__HyperAttackHints_VagharDeps_cTag1.txt","/root/Downloads/for_dana/vaghar_org/paper_experiments/mnist/cnn1_exp/patch/eps_1,14,14,3/advStd_cnn1_N1_model_seed42_itr20/63911736862943_n2_cnn1_patch_1.0,14.0,14.0,3.0_ctag0_model_seed42_itr20_sgd_itr1_N2_advStd_mipStart_lpBasis_boundTight_seed4_HyperAttackCutoff_VagharDeps_PerturbedIntervals_cTag1.txt"
cnn1,patch,"1,14,14,3",0,5,1816.73,45.46,13.672997,51.260469,13.898665,13.994100,yes,no,no,yes,4,39.96x,37.587471,0.095434,,OPTIMAL,"/root/Downloads/for_dana/vaghar_org/paper_experiments/mnist/cnn1_exp/patch/eps_1,14,14,3/vagharNoPerturbed_cnn1_seed42_itr20_sgd_itr1/63910131706641_cnn1_patch_1.0,14.0,14.0,3.0_ctag0__HyperAttackHints_VagharDeps_cTag1.txt","/root/Downloads/for_dana/vaghar_org/paper_experiments/mnist/cnn1_exp/patch/eps_1,14,14,3/advStd_cnn1_N1_model_seed42_itr20/63911739885093_n2_cnn1_patch_1.0,14.0,14.0,3.0_ctag0_model_seed42_itr20_sgd_itr1_N2_advStd_mipStart_boundTight_seed4_HyperAttackCutoff_VagharDeps_PerturbedIntervals_cTag1.txt"
cnn1,patch,"1,14,14,3",0,5,1816.73,45.35,13.672997,51.260469,13.898665,13.994100,yes,yes,yes,no,4,40.06x,37.587471,0.095434,,OPTIMAL,"/root/Downloads/for_dana/vaghar_org/paper_experiments/mnist/cnn1_exp/patch/eps_1,14,14,3/vagharNoPerturbed_cnn1_seed42_itr20_sgd_itr1/63910131706641_cnn1_patch_1.0,14.0,14.0,3.0_ctag0__HyperAttackHints_VagharDeps_cTag1.txt","/root/Downloads/for_dana/vaghar_org/paper_experiments/mnist/cnn1_exp/patch/eps_1,14,14,3/advStd_cnn1_N1_model_seed42_itr20/63911732453061_n2_cnn1_patch_1.0,14.0,14.0,3.0_ctag0_model_seed42_itr20_sgd_itr1_N2_advStd_mipStart_branchPri_lpBasis_seed4_HyperAttackCutoff_VagharDeps_PerturbedIntervals_cTag1.txt"
cnn1,patch,"1,14,14,3",0,5,1816.73,44.74,13.672997,51.260469,13.869039,13.907493,yes,yes,yes,no,4,40.61x,37.587471,0.038454,,OPTIMAL,"/root/Downloads/for_dana/vaghar_org/paper_experiments/mnist/cnn1_exp/patch/eps_1,14,14,3/vagharNoPerturbed_cnn1_seed42_itr20_sgd_itr1/63910131706641_cnn1_patch_1.0,14.0,14.0,3.0_ctag0__HyperAttackHints_VagharDeps_cTag1.txt","/root/Downloads/for_dana/vaghar_org/paper_experiments/mnist/cnn1_exp/patch/eps_1,14,14,3/advStd_cnn1_N1_model_seed42_itr20/63911730738344_n2_cnn1_patch_1.0,14.0,14.0,3.0_ctag0_model_seed42_itr20_sgd_itr1_N2_advStd_mipStart_branchPri_lpBasis_seed2_HyperAttackCutoff_VagharDeps_PerturbedIntervals_cTag1.txt"
cnn1,patch,"1,14,14,3",0,5,1816.73,44.38,13.672997,51.260469,13.898665,13.994100,yes,no,yes,no,4,40.94x,37.587471,0.095434,,OPTIMAL,"/root/Downloads/for_dana/vaghar_org/paper_experiments/mnist/cnn1_exp/patch/eps_1,14,14,3/vagharNoPerturbed_cnn1_seed42_itr20_sgd_itr1/63910131706641_cnn1_patch_1.0,14.0,14.0,3.0_ctag0__HyperAttackHints_VagharDeps_cTag1.txt","/root/Downloads/for_dana/vaghar_org/paper_experiments/mnist/cnn1_exp/patch/eps_1,14,14,3/advStd_cnn1_N1_model_seed42_itr20/63911738098473_n2_cnn1_patch_1.0,14.0,14.0,3.0_ctag0_model_seed42_itr20_sgd_itr1_N2_advStd_mipStart_lpBasis_seed4_HyperAttackCutoff_VagharDeps_PerturbedIntervals_cTag1.txt"
cnn1,patch,"1,14,14,3",0,5,1816.73,44.13,13.672997,51.260469,13.898665,13.994100,yes,no,no,no,4,41.17x,37.587471,0.095434,,OPTIMAL,"/root/Downloads/for_dana/vaghar_org/paper_experiments/mnist/cnn1_exp/patch/eps_1,14,14,3/vagharNoPerturbed_cnn1_seed42_itr20_sgd_itr1/63910131706641_cnn1_patch_1.0,14.0,14.0,3.0_ctag0__HyperAttackHints_VagharDeps_cTag1.txt","/root/Downloads/for_dana/vaghar_org/paper_experiments/mnist/cnn1_exp/patch/eps_1,14,14,3/advStd_cnn1_N1_model_seed42_itr20/63911741632558_n2_cnn1_patch_1.0,14.0,14.0,3.0_ctag0_model_seed42_itr20_sgd_itr1_N2_advStd_mipStart_seed4_HyperAttackCutoff_VagharDeps_PerturbedIntervals_cTag1.txt"
cnn1,patch,"1,14,14,3",0,5,1816.73,43.91,13.672997,51.260469,13.898665,13.994100,yes,yes,yes,yes,4,41.37x,37.587471,0.095434,,OPTIMAL,"/root/Downloads/for_dana/vaghar_org/paper_experiments/mnist/cnn1_exp/patch/eps_1,14,14,3/vagharNoPerturbed_cnn1_seed42_itr20_sgd_itr1/63910131706641_cnn1_patch_1.0,14.0,14.0,3.0_ctag0__HyperAttackHints_VagharDeps_cTag1.txt","/root/Downloads/for_dana/vaghar_org/paper_experiments/mnist/cnn1_exp/patch/eps_1,14,14,3/advStd_cnn1_N1_model_seed42_itr20/63911730700232_n2_cnn1_patch_1.0,14.0,14.0,3.0_ctag0_model_seed42_itr20_sgd_itr1_N2_advStd_mipStart_branchPri_lpBasis_boundTight_seed4_HyperAttackCutoff_VagharDeps_PerturbedIntervals_cTag1.txt"
cnn1,patch,"1,14,14,3",0,5,1816.73,43.86,13.672997,51.260469,13.869039,13.907493,yes,no,yes,yes,4,41.42x,37.587471,0.038454,,OPTIMAL,"/root/Downloads/for_dana/vaghar_org/paper_experiments/mnist/cnn1_exp/patch/eps_1,14,14,3/vagharNoPerturbed_cnn1_seed42_itr20_sgd_itr1/63910131706641_cnn1_patch_1.0,14.0,14.0,3.0_ctag0__HyperAttackHints_VagharDeps_cTag1.txt","/root/Downloads/for_dana/vaghar_org/paper_experiments/mnist/cnn1_exp/patch/eps_1,14,14,3/advStd_cnn1_N1_model_seed42_itr20/63911735568922_n2_cnn1_patch_1.0,14.0,14.0,3.0_ctag0_model_seed42_itr20_sgd_itr1_N2_advStd_mipStart_lpBasis_boundTight_seed2_HyperAttackCutoff_VagharDeps_PerturbedIntervals_cTag1.txt"
cnn1,patch,"1,14,14,3",0,5,1816.73,42.57,13.672997,51.260469,13.869039,13.907493,yes,no,no,no,4,42.68x,37.587471,0.038454,,OPTIMAL,"/root/Downloads/for_dana/vaghar_org/paper_experiments/mnist/cnn1_exp/patch/eps_1,14,14,3/vagharNoPerturbed_cnn1_seed42_itr20_sgd_itr1/63910131706641_cnn1_patch_1.0,14.0,14.0,3.0_ctag0__HyperAttackHints_VagharDeps_cTag1.txt","/root/Downloads/for_dana/vaghar_org/paper_experiments/mnist/cnn1_exp/patch/eps_1,14,14,3/advStd_cnn1_N1_model_seed42_itr20/63911740168308_n2_cnn1_patch_1.0,14.0,14.0,3.0_ctag0_model_seed42_itr20_sgd_itr1_N2_advStd_mipStart_seed2_HyperAttackCutoff_VagharDeps_PerturbedIntervals_cTag1.txt"
cnn1,patch,"1,14,14,3",0,5,1816.73,42.14,13.672997,51.260469,13.869039,13.907493,yes,yes,yes,yes,4,43.11x,37.587471,0.038454,,OPTIMAL,"/root/Downloads/for_dana/vaghar_org/paper_experiments/mnist/cnn1_exp/patch/eps_1,14,14,3/vagharNoPerturbed_cnn1_seed42_itr20_sgd_itr1/63910131706641_cnn1_patch_1.0,14.0,14.0,3.0_ctag0__HyperAttackHints_VagharDeps_cTag1.txt","/root/Downloads/for_dana/vaghar_org/paper_experiments/mnist/cnn1_exp/patch/eps_1,14,14,3/advStd_cnn1_N1_model_seed42_itr20/63911730701214_n2_cnn1_patch_1.0,14.0,14.0,3.0_ctag0_model_seed42_itr20_sgd_itr1_N2_advStd_mipStart_branchPri_lpBasis_boundTight_seed2_HyperAttackCutoff_VagharDeps_PerturbedIntervals_cTag1.txt"
cnn1,patch,"1,14,14,3",0,5,1816.73,41.58,13.672997,51.260469,13.869039,13.907493,yes,no,no,yes,4,43.69x,37.587471,0.038454,,OPTIMAL,"/root/Downloads/for_dana/vaghar_org/paper_experiments/mnist/cnn1_exp/patch/eps_1,14,14,3/vagharNoPerturbed_cnn1_seed42_itr20_sgd_itr1/63910131706641_cnn1_patch_1.0,14.0,14.0,3.0_ctag0__HyperAttackHints_VagharDeps_cTag1.txt","/root/Downloads/for_dana/vaghar_org/paper_experiments/mnist/cnn1_exp/patch/eps_1,14,14,3/advStd_cnn1_N1_model_seed42_itr20/63911738622446_n2_cnn1_patch_1.0,14.0,14.0,3.0_ctag0_model_seed42_itr20_sgd_itr1_N2_advStd_mipStart_boundTight_seed2_HyperAttackCutoff_VagharDeps_PerturbedIntervals_cTag1.txt"
cnn1,patch,"1,14,14,3",0,5,1816.73,41.01,13.672997,51.260469,13.869039,13.907493,yes,yes,no,no,4,44.30x,37.587471,0.038454,,OPTIMAL,"/root/Downloads/for_dana/vaghar_org/paper_experiments/mnist/cnn1_exp/patch/eps_1,14,14,3/vagharNoPerturbed_cnn1_seed42_itr20_sgd_itr1/63910131706641_cnn1_patch_1.0,14.0,14.0,3.0_ctag0__HyperAttackHints_VagharDeps_cTag1.txt","/root/Downloads/for_dana/vaghar_org/paper_experiments/mnist/cnn1_exp/patch/eps_1,14,14,3/advStd_cnn1_N1_model_seed42_itr20/63911734197280_n2_cnn1_patch_1.0,14.0,14.0,3.0_ctag0_model_seed42_itr20_sgd_itr1_N2_advStd_mipStart_branchPri_seed2_HyperAttackCutoff_VagharDeps_PerturbedIntervals_cTag1.txt"
