arch,perturbation,perturbation_size,c_source,c_target,time_standard,time_advstd,delta_standard_lower_bound,delta_standard_upper_bound,delta_advstd_lower_bound,delta_advstd_upper_bound,delta_error,mip_start,branch_priorities,lp_basis,bound_tightening,var_hint,zono_bounds,n1_probe,relax_threshold,relax_mode,sibling_gate,elim_org,elim_pert,relaxed_org,relaxed_pert,sibgate_both_thin,sibgate_one_thin_org_dropped,sibgate_one_thin_pert_dropped,seed,how_much_faster,lp_optimization_time,time_advstd_with_lp,how_much_faster_with_lp,gap_standard,gap_advstd,solve_status_standard,solve_status_advstd,standard_file,advstd_file
3x50,linf,0.1,0,2,3616.40,3622.53,8.145790,19.284508,7.620928,18.955029,-0.329479,no,off,no,yes,prev_pgd,no,off,0.0,btpr,yes,elim not activated,elim not activated,0,0,0,0,0,4,,0.00,3622.53,1.00x,11.138719,11.334101,TIME_LIMIT,TIME_LIMIT,/root/Downloads/for_dana/vaghar_org/paper_experiments/mnist/3x50_exp/linf/eps_0.1/vagharWithPerturbed_3x50_19_sgd_itr1/63912754931977_3x50_linf_0.1_ctag0__HyperAttackHints_VagharDeps_PertruebedIntervals_cTag1.txt,/root/Downloads/for_dana/vaghar_org/paper_experiments/mnist/3x50_exp/linf/eps_0.1/advStd_3x50_N1_19/63914466048251_n2_3x50_linf_0.1_ctag0_19_sgd_itr1_N2_advStd_BoundTightPertRelax0.0_SibGate_varHintPrevPGD_seed4_both0_orgDrop0_pertDrop0_HyperAttackHints_VagharDeps_PerturbedIntervals_cTag1.txt
3x50,linf,0.1,0,2,3616.40,3614.68,8.145790,19.284508,7.320436,18.917013,-0.367496,no,off,no,yes,prev_pgd,yes,off,0.0,btpr,yes,elim not activated,elim not activated,0,0,0,0,0,4,,0.00,3614.68,1.00x,11.138719,11.596577,TIME_LIMIT,TIME_LIMIT,/root/Downloads/for_dana/vaghar_org/paper_experiments/mnist/3x50_exp/linf/eps_0.1/vagharWithPerturbed_3x50_19_sgd_itr1/63912754931977_3x50_linf_0.1_ctag0__HyperAttackHints_VagharDeps_PertruebedIntervals_cTag1.txt,/root/Downloads/for_dana/vaghar_org/paper_experiments/mnist/3x50_exp/linf/eps_0.1/advStd_3x50_N1_19/63914499062753_n2_3x50_linf_0.1_ctag0_19_sgd_itr1_N2_advStd_BoundTightPertRelax0.0_SibGate_zonoBounds_varHintPrevPGD_seed4_both0_orgDrop0_pertDrop0_HyperAttackHints_VagharDeps_PerturbedIntervals_cTag1.txt
3x50,linf,0.1,0,2,3616.40,3612.86,8.145790,19.284508,7.327348,19.013096,-0.271412,no,off,no,yes,prev_pgd,no,off,0.25,btpr,yes,elim not activated,elim not activated,7,7,7,0,0,4,,0.00,3612.86,1.00x,11.138719,11.685748,TIME_LIMIT,TIME_LIMIT,/root/Downloads/for_dana/vaghar_org/paper_experiments/mnist/3x50_exp/linf/eps_0.1/vagharWithPerturbed_3x50_19_sgd_itr1/63912754931977_3x50_linf_0.1_ctag0__HyperAttackHints_VagharDeps_PertruebedIntervals_cTag1.txt,/root/Downloads/for_dana/vaghar_org/paper_experiments/mnist/3x50_exp/linf/eps_0.1/advStd_3x50_N1_19/63914466129272_n2_3x50_linf_0.1_ctag0_19_sgd_itr1_N2_advStd_BoundTightPertRelax0.25_SibGate_varHintPrevPGD_seed4_both7_orgDrop0_pertDrop0_HyperAttackHints_VagharDeps_PerturbedIntervals_cTag1.txt
3x50,linf,0.1,0,2,3616.40,3614.84,8.145790,19.284508,7.363122,19.212381,-0.072128,no,off,no,yes,prev_pgd,yes,off,0.0,btpr,no,elim not activated,elim not activated,0,0,,,,4,,0.00,3614.84,1.00x,11.138719,11.849258,TIME_LIMIT,TIME_LIMIT,/root/Downloads/for_dana/vaghar_org/paper_experiments/mnist/3x50_exp/linf/eps_0.1/vagharWithPerturbed_3x50_19_sgd_itr1/63912754931977_3x50_linf_0.1_ctag0__HyperAttackHints_VagharDeps_PertruebedIntervals_cTag1.txt,/root/Downloads/for_dana/vaghar_org/paper_experiments/mnist/3x50_exp/linf/eps_0.1/advStd_3x50_N1_19/63912838324133_n2_3x50_linf_0.1_ctag0_19_sgd_itr1_N2_advStd_BoundTightPertRelax0.0_zonoBounds_varHintPrevPGD_seed4_HyperAttackHints_VagharDeps_PerturbedIntervals_cTag1.txt
,,,,,,,,,,,,,,,,,,,,,,,,,,,,,,,,,,,,,,,
3x50,linf,0.1,0,9,3613.23,3616.04,10.961121,19.155539,10.704605,19.037390,-0.118149,no,off,no,yes,prev_pgd,no,off,0.0,btpr,yes,elim not activated,elim not activated,0,0,0,0,0,4,,0.00,3616.04,1.00x,8.194417,8.332784,TIME_LIMIT,TIME_LIMIT,/root/Downloads/for_dana/vaghar_org/paper_experiments/mnist/3x50_exp/linf/eps_0.1/vagharWithPerturbed_3x50_19_sgd_itr1/63912754931977_3x50_linf_0.1_ctag0__HyperAttackHints_VagharDeps_PertruebedIntervals_cTag1.txt,/root/Downloads/for_dana/vaghar_org/paper_experiments/mnist/3x50_exp/linf/eps_0.1/advStd_3x50_N1_19/63914466048251_n2_3x50_linf_0.1_ctag0_19_sgd_itr1_N2_advStd_BoundTightPertRelax0.0_SibGate_varHintPrevPGD_seed4_both0_orgDrop0_pertDrop0_HyperAttackHints_VagharDeps_PerturbedIntervals_cTag1.txt
3x50,linf,0.1,0,9,3613.23,3611.41,10.961121,19.155539,10.661916,19.060694,-0.094844,no,off,no,yes,prev_pgd,no,off,0.25,btpr,yes,elim not activated,elim not activated,7,7,7,0,0,4,,0.00,3611.41,1.00x,8.194417,8.398779,TIME_LIMIT,TIME_LIMIT,/root/Downloads/for_dana/vaghar_org/paper_experiments/mnist/3x50_exp/linf/eps_0.1/vagharWithPerturbed_3x50_19_sgd_itr1/63912754931977_3x50_linf_0.1_ctag0__HyperAttackHints_VagharDeps_PertruebedIntervals_cTag1.txt,/root/Downloads/for_dana/vaghar_org/paper_experiments/mnist/3x50_exp/linf/eps_0.1/advStd_3x50_N1_19/63914466129272_n2_3x50_linf_0.1_ctag0_19_sgd_itr1_N2_advStd_BoundTightPertRelax0.25_SibGate_varHintPrevPGD_seed4_both7_orgDrop0_pertDrop0_HyperAttackHints_VagharDeps_PerturbedIntervals_cTag1.txt
3x50,linf,0.1,0,9,3613.23,3613.78,10.961121,19.155539,10.376006,19.147156,-0.008383,no,off,no,yes,prev_pgd,yes,off,0.0,btpr,no,elim not activated,elim not activated,0,0,,,,4,,0.00,3613.78,1.00x,8.194417,8.771150,TIME_LIMIT,TIME_LIMIT,/root/Downloads/for_dana/vaghar_org/paper_experiments/mnist/3x50_exp/linf/eps_0.1/vagharWithPerturbed_3x50_19_sgd_itr1/63912754931977_3x50_linf_0.1_ctag0__HyperAttackHints_VagharDeps_PertruebedIntervals_cTag1.txt,/root/Downloads/for_dana/vaghar_org/paper_experiments/mnist/3x50_exp/linf/eps_0.1/advStd_3x50_N1_19/63912838324133_n2_3x50_linf_0.1_ctag0_19_sgd_itr1_N2_advStd_BoundTightPertRelax0.0_zonoBounds_varHintPrevPGD_seed4_HyperAttackHints_VagharDeps_PerturbedIntervals_cTag1.txt
,,,,,,,,,,,,,,,,,,,,,,,,,,,,,,,,,,,,,,,
3x50,linf,0.1,1,0,3615.27,3620.22,9.880364,12.737753,10.603968,23.172101,10.434349,no,off,no,yes,prev_pgd,yes,off,0.0,btpr,yes,elim not activated,elim not activated,0,0,0,0,0,4,,0.00,3620.22,1.00x,2.857389,12.568133,TIME_LIMIT,TIME_LIMIT,/root/Downloads/for_dana/vaghar_org/paper_experiments/mnist/3x50_exp/linf/eps_0.1/vagharWithPerturbed_3x50_19_sgd_itr1/63912936899417_3x50_linf_0.1_ctag1__HyperAttackHints_VagharDeps_PertruebedIntervals_cTag2.txt,/root/Downloads/for_dana/vaghar_org/paper_experiments/mnist/3x50_exp/linf/eps_0.1/advStd_3x50_N1_19/63914786735392_n2_3x50_linf_0.1_ctag1_19_sgd_itr1_N2_advStd_BoundTightPertRelax0.0_SibGate_zonoBounds_varHintPrevPGD_seed4_both0_orgDrop0_pertDrop0_HyperAttackHints_VagharDeps_PerturbedIntervals_cTag2.txt
3x50,linf,0.1,1,0,3615.27,3617.87,9.880364,12.737753,10.785539,23.634798,10.897046,no,off,no,yes,prev_pgd,yes,off,0.5,btpr,no,elim not activated,elim not activated,12,9,,,,4,,0.00,3617.87,1.00x,2.857389,12.849260,TIME_LIMIT,TIME_LIMIT,/root/Downloads/for_dana/vaghar_org/paper_experiments/mnist/3x50_exp/linf/eps_0.1/vagharWithPerturbed_3x50_19_sgd_itr1/63912936899417_3x50_linf_0.1_ctag1__HyperAttackHints_VagharDeps_PertruebedIntervals_cTag2.txt,/root/Downloads/for_dana/vaghar_org/paper_experiments/mnist/3x50_exp/linf/eps_0.1/advStd_3x50_N1_19/63913025515038_n2_3x50_linf_0.1_ctag1_19_sgd_itr1_N2_advStd_BoundTightPertRelax0.5_zonoBounds_varHintPrevPGD_seed4_HyperAttackHints_VagharDeps_PerturbedIntervals_cTag2.txt
,,,,,,,,,,,,,,,,,,,,,,,,,,,,,,,,,,,,,,,
3x50,linf,0.1,1,3,3613.90,3611.10,8.843824,12.845769,8.696497,12.801412,-0.044357,no,off,no,yes,prev_pgd,yes,off,0.5,btpr,yes,elim not activated,elim not activated,12,9,13,0,0,4,,0.00,3611.10,1.00x,4.001945,4.104914,TIME_LIMIT,TIME_LIMIT,/root/Downloads/for_dana/vaghar_org/paper_experiments/mnist/3x50_exp/linf/eps_0.1/vagharWithPerturbed_3x50_19_sgd_itr1/63912936899417_3x50_linf_0.1_ctag1__HyperAttackHints_VagharDeps_PertruebedIntervals_cTag2.txt,/root/Downloads/for_dana/vaghar_org/paper_experiments/mnist/3x50_exp/linf/eps_0.1/advStd_3x50_N1_19/63914788724246_n2_3x50_linf_0.1_ctag1_19_sgd_itr1_N2_advStd_BoundTightPertRelax0.5_SibGate_zonoBounds_varHintPrevPGD_seed4_both13_orgDrop0_pertDrop0_HyperAttackHints_VagharDeps_PerturbedIntervals_cTag2.txt
3x50,linf,0.1,1,3,3613.90,3617.14,8.843824,12.845769,8.696349,12.836497,-0.009272,no,off,no,yes,prev_pgd,yes,off,0.5,btpr,no,elim not activated,elim not activated,12,9,,,,4,,0.00,3617.14,1.00x,4.001945,4.140148,TIME_LIMIT,TIME_LIMIT,/root/Downloads/for_dana/vaghar_org/paper_experiments/mnist/3x50_exp/linf/eps_0.1/vagharWithPerturbed_3x50_19_sgd_itr1/63912936899417_3x50_linf_0.1_ctag1__HyperAttackHints_VagharDeps_PertruebedIntervals_cTag2.txt,/root/Downloads/for_dana/vaghar_org/paper_experiments/mnist/3x50_exp/linf/eps_0.1/advStd_3x50_N1_19/63913025515038_n2_3x50_linf_0.1_ctag1_19_sgd_itr1_N2_advStd_BoundTightPertRelax0.5_zonoBounds_varHintPrevPGD_seed4_HyperAttackHints_VagharDeps_PerturbedIntervals_cTag2.txt
3x50,linf,0.1,1,3,3613.90,3622.58,8.843824,12.845769,8.696496,12.840388,-0.005380,no,off,no,yes,prev_pgd,no,off,0.5,btpr,yes,elim not activated,elim not activated,9,9,9,0,0,4,,0.00,3622.58,1.00x,4.001945,4.143892,TIME_LIMIT,TIME_LIMIT,/root/Downloads/for_dana/vaghar_org/paper_experiments/mnist/3x50_exp/linf/eps_0.1/vagharWithPerturbed_3x50_19_sgd_itr1/63912936899417_3x50_linf_0.1_ctag1__HyperAttackHints_VagharDeps_PertruebedIntervals_cTag2.txt,/root/Downloads/for_dana/vaghar_org/paper_experiments/mnist/3x50_exp/linf/eps_0.1/advStd_3x50_N1_19/63914783080653_n2_3x50_linf_0.1_ctag1_19_sgd_itr1_N2_advStd_BoundTightPertRelax0.5_SibGate_varHintPrevPGD_seed4_both9_orgDrop0_pertDrop0_HyperAttackHints_VagharDeps_PerturbedIntervals_cTag2.txt
3x50,linf,0.1,1,3,3613.90,3613.21,8.843824,12.845769,8.668291,12.843115,-0.002654,no,off,no,yes,prev_pgd,yes,off,0.25,btpr,yes,elim not activated,elim not activated,10,7,11,0,0,4,,0.00,3613.21,1.00x,4.001945,4.174824,TIME_LIMIT,TIME_LIMIT,/root/Downloads/for_dana/vaghar_org/paper_experiments/mnist/3x50_exp/linf/eps_0.1/vagharWithPerturbed_3x50_19_sgd_itr1/63912936899417_3x50_linf_0.1_ctag1__HyperAttackHints_VagharDeps_PertruebedIntervals_cTag2.txt,/root/Downloads/for_dana/vaghar_org/paper_experiments/mnist/3x50_exp/linf/eps_0.1/advStd_3x50_N1_19/63914786868139_n2_3x50_linf_0.1_ctag1_19_sgd_itr1_N2_advStd_BoundTightPertRelax0.25_SibGate_zonoBounds_varHintPrevPGD_seed4_both11_orgDrop0_pertDrop0_HyperAttackHints_VagharDeps_PerturbedIntervals_cTag2.txt
3x50,linf,0.1,1,3,3613.90,3620.10,8.843824,12.845769,8.668291,12.845917,0.000149,no,off,no,yes,prev_pgd,no,off,0.25,btpr,yes,elim not activated,elim not activated,7,7,7,0,0,4,,0.00,3620.10,1.00x,4.001945,4.177627,TIME_LIMIT,TIME_LIMIT,/root/Downloads/for_dana/vaghar_org/paper_experiments/mnist/3x50_exp/linf/eps_0.1/vagharWithPerturbed_3x50_19_sgd_itr1/63912936899417_3x50_linf_0.1_ctag1__HyperAttackHints_VagharDeps_PertruebedIntervals_cTag2.txt,/root/Downloads/for_dana/vaghar_org/paper_experiments/mnist/3x50_exp/linf/eps_0.1/advStd_3x50_N1_19/63914754674622_n2_3x50_linf_0.1_ctag1_19_sgd_itr1_N2_advStd_BoundTightPertRelax0.25_SibGate_varHintPrevPGD_seed4_both7_orgDrop0_pertDrop0_HyperAttackHints_VagharDeps_PerturbedIntervals_cTag2.txt
3x50,linf,0.1,1,3,3613.90,3621.28,8.843824,12.845769,8.660870,12.845769,0.000000,no,off,no,yes,prev_pgd,yes,off,0.0,btpr,yes,elim not activated,elim not activated,0,0,0,0,0,4,,0.00,3621.28,1.00x,4.001945,4.184899,TIME_LIMIT,TIME_LIMIT,/root/Downloads/for_dana/vaghar_org/paper_experiments/mnist/3x50_exp/linf/eps_0.1/vagharWithPerturbed_3x50_19_sgd_itr1/63912936899417_3x50_linf_0.1_ctag1__HyperAttackHints_VagharDeps_PertruebedIntervals_cTag2.txt,/root/Downloads/for_dana/vaghar_org/paper_experiments/mnist/3x50_exp/linf/eps_0.1/advStd_3x50_N1_19/63914786735392_n2_3x50_linf_0.1_ctag1_19_sgd_itr1_N2_advStd_BoundTightPertRelax0.0_SibGate_zonoBounds_varHintPrevPGD_seed4_both0_orgDrop0_pertDrop0_HyperAttackHints_VagharDeps_PerturbedIntervals_cTag2.txt
3x50,linf,0.1,1,3,3613.90,3620.69,8.843824,12.845769,8.626393,12.833729,-0.012040,no,off,no,yes,prev_pgd,no,off,0.0,btpr,yes,elim not activated,elim not activated,0,0,0,0,0,4,,0.00,3620.69,1.00x,4.001945,4.207335,TIME_LIMIT,TIME_LIMIT,/root/Downloads/for_dana/vaghar_org/paper_experiments/mnist/3x50_exp/linf/eps_0.1/vagharWithPerturbed_3x50_19_sgd_itr1/63912936899417_3x50_linf_0.1_ctag1__HyperAttackHints_VagharDeps_PertruebedIntervals_cTag2.txt,/root/Downloads/for_dana/vaghar_org/paper_experiments/mnist/3x50_exp/linf/eps_0.1/advStd_3x50_N1_19/63914754036755_n2_3x50_linf_0.1_ctag1_19_sgd_itr1_N2_advStd_BoundTightPertRelax0.0_SibGate_varHintPrevPGD_seed4_both0_orgDrop0_pertDrop0_HyperAttackHints_VagharDeps_PerturbedIntervals_cTag2.txt
3x50,linf,0.1,1,3,3613.90,3615.39,8.843824,12.845769,8.581758,12.845769,0.000000,no,off,no,yes,prev_pgd,yes,off,0.0,btpr,no,elim not activated,elim not activated,0,0,,,,4,,0.00,3615.39,1.00x,4.001945,4.264011,TIME_LIMIT,TIME_LIMIT,/root/Downloads/for_dana/vaghar_org/paper_experiments/mnist/3x50_exp/linf/eps_0.1/vagharWithPerturbed_3x50_19_sgd_itr1/63912936899417_3x50_linf_0.1_ctag1__HyperAttackHints_VagharDeps_PertruebedIntervals_cTag2.txt,/root/Downloads/for_dana/vaghar_org/paper_experiments/mnist/3x50_exp/linf/eps_0.1/advStd_3x50_N1_19/63913021928201_n2_3x50_linf_0.1_ctag1_19_sgd_itr1_N2_advStd_BoundTightPertRelax0.0_zonoBounds_varHintPrevPGD_seed4_HyperAttackHints_VagharDeps_PerturbedIntervals_cTag2.txt
,,,,,,,,,,,,,,,,,,,,,,,,,,,,,,,,,,,,,,,
3x50,linf,0.1,1,7,3611.58,3618.77,7.340390,12.594712,7.443268,12.813996,0.219284,no,off,no,yes,prev_pgd,yes,off,0.5,btpr,no,elim not activated,elim not activated,12,9,,,,4,,0.00,3618.77,1.00x,5.254322,5.370728,TIME_LIMIT,TIME_LIMIT,/root/Downloads/for_dana/vaghar_org/paper_experiments/mnist/3x50_exp/linf/eps_0.1/vagharWithPerturbed_3x50_19_sgd_itr1/63912936899417_3x50_linf_0.1_ctag1__HyperAttackHints_VagharDeps_PertruebedIntervals_cTag2.txt,/root/Downloads/for_dana/vaghar_org/paper_experiments/mnist/3x50_exp/linf/eps_0.1/advStd_3x50_N1_19/63913025515038_n2_3x50_linf_0.1_ctag1_19_sgd_itr1_N2_advStd_BoundTightPertRelax0.5_zonoBounds_varHintPrevPGD_seed4_HyperAttackHints_VagharDeps_PerturbedIntervals_cTag2.txt
3x50,linf,0.1,1,7,3611.58,3618.13,7.340390,12.594712,7.140880,12.614613,0.019901,no,off,no,yes,prev_pgd,no,off,0.25,btpr,yes,elim not activated,elim not activated,7,7,7,0,0,4,,0.00,3618.13,1.00x,5.254322,5.473733,TIME_LIMIT,TIME_LIMIT,/root/Downloads/for_dana/vaghar_org/paper_experiments/mnist/3x50_exp/linf/eps_0.1/vagharWithPerturbed_3x50_19_sgd_itr1/63912936899417_3x50_linf_0.1_ctag1__HyperAttackHints_VagharDeps_PertruebedIntervals_cTag2.txt,/root/Downloads/for_dana/vaghar_org/paper_experiments/mnist/3x50_exp/linf/eps_0.1/advStd_3x50_N1_19/63914754674622_n2_3x50_linf_0.1_ctag1_19_sgd_itr1_N2_advStd_BoundTightPertRelax0.25_SibGate_varHintPrevPGD_seed4_both7_orgDrop0_pertDrop0_HyperAttackHints_VagharDeps_PerturbedIntervals_cTag2.txt
3x50,linf,0.1,1,7,3611.58,3621.04,7.340390,12.594712,7.060279,12.658868,0.064156,no,off,no,yes,prev_pgd,no,off,0.0,btpr,yes,elim not activated,elim not activated,0,0,0,0,0,4,,0.00,3621.04,1.00x,5.254322,5.598589,TIME_LIMIT,TIME_LIMIT,/root/Downloads/for_dana/vaghar_org/paper_experiments/mnist/3x50_exp/linf/eps_0.1/vagharWithPerturbed_3x50_19_sgd_itr1/63912936899417_3x50_linf_0.1_ctag1__HyperAttackHints_VagharDeps_PertruebedIntervals_cTag2.txt,/root/Downloads/for_dana/vaghar_org/paper_experiments/mnist/3x50_exp/linf/eps_0.1/advStd_3x50_N1_19/63914754036755_n2_3x50_linf_0.1_ctag1_19_sgd_itr1_N2_advStd_BoundTightPertRelax0.0_SibGate_varHintPrevPGD_seed4_both0_orgDrop0_pertDrop0_HyperAttackHints_VagharDeps_PerturbedIntervals_cTag2.txt
3x50,linf,0.1,1,7,3611.58,3611.68,7.340390,12.594712,6.955277,12.611498,0.016786,no,off,no,yes,prev_pgd,no,off,0.5,btpr,yes,elim not activated,elim not activated,9,9,9,0,0,4,,0.00,3611.68,1.00x,5.254322,5.656221,TIME_LIMIT,TIME_LIMIT,/root/Downloads/for_dana/vaghar_org/paper_experiments/mnist/3x50_exp/linf/eps_0.1/vagharWithPerturbed_3x50_19_sgd_itr1/63912936899417_3x50_linf_0.1_ctag1__HyperAttackHints_VagharDeps_PertruebedIntervals_cTag2.txt,/root/Downloads/for_dana/vaghar_org/paper_experiments/mnist/3x50_exp/linf/eps_0.1/advStd_3x50_N1_19/63914783080653_n2_3x50_linf_0.1_ctag1_19_sgd_itr1_N2_advStd_BoundTightPertRelax0.5_SibGate_varHintPrevPGD_seed4_both9_orgDrop0_pertDrop0_HyperAttackHints_VagharDeps_PerturbedIntervals_cTag2.txt
3x50,linf,0.1,1,7,3611.58,3621.55,7.340390,12.594712,6.876961,12.620731,0.026019,no,off,no,yes,prev_pgd,yes,off,0.0,btpr,yes,elim not activated,elim not activated,0,0,0,0,0,4,,0.00,3621.55,1.00x,5.254322,5.743771,TIME_LIMIT,TIME_LIMIT,/root/Downloads/for_dana/vaghar_org/paper_experiments/mnist/3x50_exp/linf/eps_0.1/vagharWithPerturbed_3x50_19_sgd_itr1/63912936899417_3x50_linf_0.1_ctag1__HyperAttackHints_VagharDeps_PertruebedIntervals_cTag2.txt,/root/Downloads/for_dana/vaghar_org/paper_experiments/mnist/3x50_exp/linf/eps_0.1/advStd_3x50_N1_19/63914786735392_n2_3x50_linf_0.1_ctag1_19_sgd_itr1_N2_advStd_BoundTightPertRelax0.0_SibGate_zonoBounds_varHintPrevPGD_seed4_both0_orgDrop0_pertDrop0_HyperAttackHints_VagharDeps_PerturbedIntervals_cTag2.txt
3x50,linf,0.1,1,7,3611.58,3612.91,7.340390,12.594712,6.885636,12.768557,0.173846,no,off,no,yes,prev_pgd,yes,off,0.25,btpr,yes,elim not activated,elim not activated,10,7,11,0,0,4,,0.00,3612.91,1.00x,5.254322,5.882922,TIME_LIMIT,TIME_LIMIT,/root/Downloads/for_dana/vaghar_org/paper_experiments/mnist/3x50_exp/linf/eps_0.1/vagharWithPerturbed_3x50_19_sgd_itr1/63912936899417_3x50_linf_0.1_ctag1__HyperAttackHints_VagharDeps_PertruebedIntervals_cTag2.txt,/root/Downloads/for_dana/vaghar_org/paper_experiments/mnist/3x50_exp/linf/eps_0.1/advStd_3x50_N1_19/63914786868139_n2_3x50_linf_0.1_ctag1_19_sgd_itr1_N2_advStd_BoundTightPertRelax0.25_SibGate_zonoBounds_varHintPrevPGD_seed4_both11_orgDrop0_pertDrop0_HyperAttackHints_VagharDeps_PerturbedIntervals_cTag2.txt
3x50,linf,0.1,1,7,3611.58,3615.70,7.340390,12.594712,6.876836,12.802848,0.208136,no,off,no,yes,prev_pgd,yes,off,0.0,btpr,no,elim not activated,elim not activated,0,0,,,,4,,0.00,3615.70,1.00x,5.254322,5.926011,TIME_LIMIT,TIME_LIMIT,/root/Downloads/for_dana/vaghar_org/paper_experiments/mnist/3x50_exp/linf/eps_0.1/vagharWithPerturbed_3x50_19_sgd_itr1/63912936899417_3x50_linf_0.1_ctag1__HyperAttackHints_VagharDeps_PertruebedIntervals_cTag2.txt,/root/Downloads/for_dana/vaghar_org/paper_experiments/mnist/3x50_exp/linf/eps_0.1/advStd_3x50_N1_19/63913021928201_n2_3x50_linf_0.1_ctag1_19_sgd_itr1_N2_advStd_BoundTightPertRelax0.0_zonoBounds_varHintPrevPGD_seed4_HyperAttackHints_VagharDeps_PerturbedIntervals_cTag2.txt
,,,,,,,,,,,,,,,,,,,,,,,,,,,,,,,,,,,,,,,
3x50,linf,0.1,1,9,3613.16,3614.20,8.647699,12.755120,9.315294,22.933224,10.178104,no,off,no,yes,prev_pgd,yes,off,0.5,btpr,no,elim not activated,elim not activated,12,9,,,,4,,0.00,3614.20,1.00x,4.107421,13.617930,TIME_LIMIT,TIME_LIMIT,/root/Downloads/for_dana/vaghar_org/paper_experiments/mnist/3x50_exp/linf/eps_0.1/vagharWithPerturbed_3x50_19_sgd_itr1/63912936899417_3x50_linf_0.1_ctag1__HyperAttackHints_VagharDeps_PertruebedIntervals_cTag2.txt,/root/Downloads/for_dana/vaghar_org/paper_experiments/mnist/3x50_exp/linf/eps_0.1/advStd_3x50_N1_19/63913025515038_n2_3x50_linf_0.1_ctag1_19_sgd_itr1_N2_advStd_BoundTightPertRelax0.5_zonoBounds_varHintPrevPGD_seed4_HyperAttackHints_VagharDeps_PerturbedIntervals_cTag2.txt
,,,,,,,,,,,,,,,,,,,,,,,,,,,,,,,,,,,,,,,
3x50,occ,"3,3,5",0,1,3617.16,3613.13,0.099861,0.393948,0.142005,0.451670,0.057722,no,off,no,yes,prev_pgd,no,off,0.0,btpr,yes,elim not activated,elim not activated,0,0,0,0,0,4,,0.00,3613.13,1.00x,0.294086,0.309665,TIME_LIMIT,TIME_LIMIT,"/root/Downloads/for_dana/vaghar_org/paper_experiments/mnist/3x50_exp/occ/eps_3,3,5/vagharWithPerturbed_3x50_19_sgd_itr1/63912745523777_3x50_occ_3.0,3.0,5.0_ctag0__HyperAttackHints_VagharDeps_PertruebedIntervals_cTag1.txt","/root/Downloads/for_dana/vaghar_org/paper_experiments/mnist/3x50_exp/occ/eps_3,3,5/advStd_3x50_N1_19/63914430519310_n2_3x50_occ_3.0,3.0,5.0_ctag0_19_sgd_itr1_N2_advStd_BoundTightPertRelax0.0_SibGate_varHintPrevPGD_seed4_both0_orgDrop0_pertDrop0_HyperAttackHints_VagharDeps_PerturbedIntervals_cTag1.txt"
3x50,occ,"3,3,5",0,1,3617.16,3612.53,0.099861,0.393948,0.142228,0.456077,0.062130,no,off,no,yes,prev_pgd,yes,off,0.0,btpr,yes,elim not activated,elim not activated,0,0,0,0,0,4,,0.00,3612.53,1.00x,0.294086,0.313849,TIME_LIMIT,TIME_LIMIT,"/root/Downloads/for_dana/vaghar_org/paper_experiments/mnist/3x50_exp/occ/eps_3,3,5/vagharWithPerturbed_3x50_19_sgd_itr1/63912745523777_3x50_occ_3.0,3.0,5.0_ctag0__HyperAttackHints_VagharDeps_PertruebedIntervals_cTag1.txt","/root/Downloads/for_dana/vaghar_org/paper_experiments/mnist/3x50_exp/occ/eps_3,3,5/advStd_3x50_N1_19/63914911013628_n2_3x50_occ_3.0,3.0,5.0_ctag0_19_sgd_itr1_N2_advStd_BoundTightPertRelax0.0_SibGate_zonoBounds_varHintPrevPGD_seed4_both0_orgDrop0_pertDrop0_HyperAttackHints_VagharDeps_PerturbedIntervals_cTag1.txt"
,,,,,,,,,,,,,,,,,,,,,,,,,,,,,,,,,,,,,,,
3x50,occ,"3,3,5",0,2,3616.52,3621.39,0.115364,0.230420,0.120123,0.256832,0.026413,no,off,no,yes,prev_pgd,yes,off,0.0,btpr,yes,elim not activated,elim not activated,0,0,0,0,0,4,,0.00,3621.39,1.00x,0.115056,0.136709,TIME_LIMIT,TIME_LIMIT,"/root/Downloads/for_dana/vaghar_org/paper_experiments/mnist/3x50_exp/occ/eps_3,3,5/vagharWithPerturbed_3x50_19_sgd_itr1/63912745523777_3x50_occ_3.0,3.0,5.0_ctag0__HyperAttackHints_VagharDeps_PertruebedIntervals_cTag1.txt","/root/Downloads/for_dana/vaghar_org/paper_experiments/mnist/3x50_exp/occ/eps_3,3,5/advStd_3x50_N1_19/63914462937615_n2_3x50_occ_3.0,3.0,5.0_ctag0_19_sgd_itr1_N2_advStd_BoundTightPertRelax0.0_SibGate_zonoBounds_varHintPrevPGD_seed4_both0_orgDrop0_pertDrop0_HyperAttackHints_VagharDeps_PerturbedIntervals_cTag1.txt"
,,,,,,,,,,,,,,,,,,,,,,,,,,,,,,,,,,,,,,,
3x50,occ,"3,3,5",0,3,3617.63,3615.49,0.156795,0.250777,0.156796,0.263544,0.012767,no,off,no,yes,prev_pgd,yes,off,0.0,btpr,no,elim not activated,elim not activated,0,0,,,,4,,0.00,3615.49,1.00x,0.093982,0.106748,TIME_LIMIT,TIME_LIMIT,"/root/Downloads/for_dana/vaghar_org/paper_experiments/mnist/3x50_exp/occ/eps_3,3,5/vagharWithPerturbed_3x50_19_sgd_itr1/63912745523777_3x50_occ_3.0,3.0,5.0_ctag0__HyperAttackHints_VagharDeps_PertruebedIntervals_cTag1.txt","/root/Downloads/for_dana/vaghar_org/paper_experiments/mnist/3x50_exp/occ/eps_3,3,5/advStd_3x50_N1_19/63912836677991_n2_3x50_occ_3.0,3.0,5.0_ctag0_19_sgd_itr1_N2_advStd_BoundTightPertRelax0.0_zonoBounds_varHintPrevPGD_seed4_HyperAttackHints_VagharDeps_PerturbedIntervals_cTag1.txt"
3x50,occ,"3,3,5",0,3,3617.63,3611.55,0.156795,0.250777,0.156798,0.270439,0.019662,no,off,no,yes,prev_pgd,yes,off,0.0,btpr,yes,elim not activated,elim not activated,0,0,0,0,0,4,,0.00,3611.55,1.00x,0.093982,0.113641,TIME_LIMIT,TIME_LIMIT,"/root/Downloads/for_dana/vaghar_org/paper_experiments/mnist/3x50_exp/occ/eps_3,3,5/vagharWithPerturbed_3x50_19_sgd_itr1/63912745523777_3x50_occ_3.0,3.0,5.0_ctag0__HyperAttackHints_VagharDeps_PertruebedIntervals_cTag1.txt","/root/Downloads/for_dana/vaghar_org/paper_experiments/mnist/3x50_exp/occ/eps_3,3,5/advStd_3x50_N1_19/63914911013628_n2_3x50_occ_3.0,3.0,5.0_ctag0_19_sgd_itr1_N2_advStd_BoundTightPertRelax0.0_SibGate_zonoBounds_varHintPrevPGD_seed4_both0_orgDrop0_pertDrop0_HyperAttackHints_VagharDeps_PerturbedIntervals_cTag1.txt"
3x50,occ,"3,3,5",0,3,3617.63,3613.18,0.156795,0.250777,0.158343,0.316094,0.065318,no,off,no,yes,prev_pgd,no,off,0.0,btpr,yes,elim not activated,elim not activated,0,0,0,0,0,4,,0.00,3613.18,1.00x,0.093982,0.157751,TIME_LIMIT,TIME_LIMIT,"/root/Downloads/for_dana/vaghar_org/paper_experiments/mnist/3x50_exp/occ/eps_3,3,5/vagharWithPerturbed_3x50_19_sgd_itr1/63912745523777_3x50_occ_3.0,3.0,5.0_ctag0__HyperAttackHints_VagharDeps_PertruebedIntervals_cTag1.txt","/root/Downloads/for_dana/vaghar_org/paper_experiments/mnist/3x50_exp/occ/eps_3,3,5/advStd_3x50_N1_19/63914430519310_n2_3x50_occ_3.0,3.0,5.0_ctag0_19_sgd_itr1_N2_advStd_BoundTightPertRelax0.0_SibGate_varHintPrevPGD_seed4_both0_orgDrop0_pertDrop0_HyperAttackHints_VagharDeps_PerturbedIntervals_cTag1.txt"
,,,,,,,,,,,,,,,,,,,,,,,,,,,,,,,,,,,,,,,
3x50,occ,"3,3,5",0,5,3614.28,3617.85,0.122961,0.323016,0.134746,0.370598,0.047582,no,off,no,yes,prev_pgd,yes,off,0.0,btpr,yes,elim not activated,elim not activated,0,0,0,0,0,4,,0.00,3617.85,1.00x,0.200055,0.235852,TIME_LIMIT,TIME_LIMIT,"/root/Downloads/for_dana/vaghar_org/paper_experiments/mnist/3x50_exp/occ/eps_3,3,5/vagharWithPerturbed_3x50_19_sgd_itr1/63912745523777_3x50_occ_3.0,3.0,5.0_ctag0__HyperAttackHints_VagharDeps_PertruebedIntervals_cTag1.txt","/root/Downloads/for_dana/vaghar_org/paper_experiments/mnist/3x50_exp/occ/eps_3,3,5/advStd_3x50_N1_19/63914462937615_n2_3x50_occ_3.0,3.0,5.0_ctag0_19_sgd_itr1_N2_advStd_BoundTightPertRelax0.0_SibGate_zonoBounds_varHintPrevPGD_seed4_both0_orgDrop0_pertDrop0_HyperAttackHints_VagharDeps_PerturbedIntervals_cTag1.txt"
,,,,,,,,,,,,,,,,,,,,,,,,,,,,,,,,,,,,,,,
3x50,occ,"3,3,5",0,6,3613.76,3615.10,0.103087,0.235177,0.127251,0.267705,0.032528,no,off,no,yes,prev_pgd,yes,off,0.5,btpr,no,elim not activated,elim not activated,12,11,,,,4,,0.00,3615.10,1.00x,0.132089,0.140454,TIME_LIMIT,TIME_LIMIT,"/root/Downloads/for_dana/vaghar_org/paper_experiments/mnist/3x50_exp/occ/eps_3,3,5/vagharWithPerturbed_3x50_19_sgd_itr1/63912745523777_3x50_occ_3.0,3.0,5.0_ctag0__HyperAttackHints_VagharDeps_PertruebedIntervals_cTag1.txt","/root/Downloads/for_dana/vaghar_org/paper_experiments/mnist/3x50_exp/occ/eps_3,3,5/advStd_3x50_N1_19/63912838117628_n2_3x50_occ_3.0,3.0,5.0_ctag0_19_sgd_itr1_N2_advStd_BoundTightPertRelax0.5_zonoBounds_varHintPrevPGD_seed4_HyperAttackHints_VagharDeps_PerturbedIntervals_cTag1.txt"
3x50,occ,"3,3,5",0,6,3613.76,3612.54,0.103087,0.235177,0.119007,0.260074,0.024897,no,off,no,yes,prev_pgd,yes,off,0.25,btpr,yes,elim not activated,elim not activated,10,10,11,0,0,4,,0.00,3612.54,1.00x,0.132089,0.141068,TIME_LIMIT,TIME_LIMIT,"/root/Downloads/for_dana/vaghar_org/paper_experiments/mnist/3x50_exp/occ/eps_3,3,5/vagharWithPerturbed_3x50_19_sgd_itr1/63912745523777_3x50_occ_3.0,3.0,5.0_ctag0__HyperAttackHints_VagharDeps_PertruebedIntervals_cTag1.txt","/root/Downloads/for_dana/vaghar_org/paper_experiments/mnist/3x50_exp/occ/eps_3,3,5/advStd_3x50_N1_19/63914463522872_n2_3x50_occ_3.0,3.0,5.0_ctag0_19_sgd_itr1_N2_advStd_BoundTightPertRelax0.25_SibGate_zonoBounds_varHintPrevPGD_seed4_both11_orgDrop0_pertDrop0_HyperAttackHints_VagharDeps_PerturbedIntervals_cTag1.txt"
3x50,occ,"3,3,5",0,6,3613.76,3618.37,0.103087,0.235177,0.100972,0.249395,0.014218,no,off,no,yes,prev_pgd,yes,off,0.0,btpr,yes,elim not activated,elim not activated,0,0,0,0,0,4,,0.00,3618.37,1.00x,0.132089,0.148423,TIME_LIMIT,TIME_LIMIT,"/root/Downloads/for_dana/vaghar_org/paper_experiments/mnist/3x50_exp/occ/eps_3,3,5/vagharWithPerturbed_3x50_19_sgd_itr1/63912745523777_3x50_occ_3.0,3.0,5.0_ctag0__HyperAttackHints_VagharDeps_PertruebedIntervals_cTag1.txt","/root/Downloads/for_dana/vaghar_org/paper_experiments/mnist/3x50_exp/occ/eps_3,3,5/advStd_3x50_N1_19/63914462937615_n2_3x50_occ_3.0,3.0,5.0_ctag0_19_sgd_itr1_N2_advStd_BoundTightPertRelax0.0_SibGate_zonoBounds_varHintPrevPGD_seed4_both0_orgDrop0_pertDrop0_HyperAttackHints_VagharDeps_PerturbedIntervals_cTag1.txt"
3x50,occ,"3,3,5",0,6,3613.76,3613.53,0.103087,0.235177,0.102050,0.259466,0.024289,no,off,no,yes,prev_pgd,no,off,0.0,btpr,yes,elim not activated,elim not activated,0,0,0,0,0,4,,0.00,3613.53,1.00x,0.132089,0.157416,TIME_LIMIT,TIME_LIMIT,"/root/Downloads/for_dana/vaghar_org/paper_experiments/mnist/3x50_exp/occ/eps_3,3,5/vagharWithPerturbed_3x50_19_sgd_itr1/63912745523777_3x50_occ_3.0,3.0,5.0_ctag0__HyperAttackHints_VagharDeps_PertruebedIntervals_cTag1.txt","/root/Downloads/for_dana/vaghar_org/paper_experiments/mnist/3x50_exp/occ/eps_3,3,5/advStd_3x50_N1_19/63914430519310_n2_3x50_occ_3.0,3.0,5.0_ctag0_19_sgd_itr1_N2_advStd_BoundTightPertRelax0.0_SibGate_varHintPrevPGD_seed4_both0_orgDrop0_pertDrop0_HyperAttackHints_VagharDeps_PerturbedIntervals_cTag1.txt"
3x50,occ,"3,3,5",0,6,3613.76,3617.80,0.103087,0.235177,0.099597,0.271211,0.036034,no,off,no,yes,prev_pgd,yes,off,0.0,btpr,yes,elim not activated,elim not activated,0,0,0,0,0,4,,0.00,3617.80,1.00x,0.132089,0.171613,TIME_LIMIT,TIME_LIMIT,"/root/Downloads/for_dana/vaghar_org/paper_experiments/mnist/3x50_exp/occ/eps_3,3,5/vagharWithPerturbed_3x50_19_sgd_itr1/63912745523777_3x50_occ_3.0,3.0,5.0_ctag0__HyperAttackHints_VagharDeps_PertruebedIntervals_cTag1.txt","/root/Downloads/for_dana/vaghar_org/paper_experiments/mnist/3x50_exp/occ/eps_3,3,5/advStd_3x50_N1_19/63914911013628_n2_3x50_occ_3.0,3.0,5.0_ctag0_19_sgd_itr1_N2_advStd_BoundTightPertRelax0.0_SibGate_zonoBounds_varHintPrevPGD_seed4_both0_orgDrop0_pertDrop0_HyperAttackHints_VagharDeps_PerturbedIntervals_cTag1.txt"
,,,,,,,,,,,,,,,,,,,,,,,,,,,,,,,,,,,,,,,
3x50,occ,"3,3,5",0,9,3613.30,3614.53,0.110228,0.307587,0.110926,0.326927,0.019340,no,off,no,yes,prev_pgd,yes,off,0.0,btpr,no,elim not activated,elim not activated,0,0,,,,4,,0.00,3614.53,1.00x,0.197359,0.216001,TIME_LIMIT,TIME_LIMIT,"/root/Downloads/for_dana/vaghar_org/paper_experiments/mnist/3x50_exp/occ/eps_3,3,5/vagharWithPerturbed_3x50_19_sgd_itr1/63912745523777_3x50_occ_3.0,3.0,5.0_ctag0__HyperAttackHints_VagharDeps_PertruebedIntervals_cTag1.txt","/root/Downloads/for_dana/vaghar_org/paper_experiments/mnist/3x50_exp/occ/eps_3,3,5/advStd_3x50_N1_19/63912836677991_n2_3x50_occ_3.0,3.0,5.0_ctag0_19_sgd_itr1_N2_advStd_BoundTightPertRelax0.0_zonoBounds_varHintPrevPGD_seed4_HyperAttackHints_VagharDeps_PerturbedIntervals_cTag1.txt"
3x50,occ,"3,3,5",0,9,3613.30,3612.22,0.110228,0.307587,0.109290,0.336052,0.028465,no,off,no,yes,prev_pgd,no,off,0.0,btpr,yes,elim not activated,elim not activated,0,0,0,0,0,4,,0.00,3612.22,1.00x,0.197359,0.226762,TIME_LIMIT,TIME_LIMIT,"/root/Downloads/for_dana/vaghar_org/paper_experiments/mnist/3x50_exp/occ/eps_3,3,5/vagharWithPerturbed_3x50_19_sgd_itr1/63912745523777_3x50_occ_3.0,3.0,5.0_ctag0__HyperAttackHints_VagharDeps_PertruebedIntervals_cTag1.txt","/root/Downloads/for_dana/vaghar_org/paper_experiments/mnist/3x50_exp/occ/eps_3,3,5/advStd_3x50_N1_19/63914430519310_n2_3x50_occ_3.0,3.0,5.0_ctag0_19_sgd_itr1_N2_advStd_BoundTightPertRelax0.0_SibGate_varHintPrevPGD_seed4_both0_orgDrop0_pertDrop0_HyperAttackHints_VagharDeps_PerturbedIntervals_cTag1.txt"
,,,,,,,,,,,,,,,,,,,,,,,,,,,,,,,,,,,,,,,
3x50,occ,"3,3,5",1,0,3614.65,3616.34,0.147945,0.369848,0.147986,0.389281,0.019433,no,off,no,yes,prev_pgd,yes,off,0.0,btpr,no,elim not activated,elim not activated,0,0,,,,4,,0.00,3616.34,1.00x,0.221903,0.241296,TIME_LIMIT,TIME_LIMIT,"/root/Downloads/for_dana/vaghar_org/paper_experiments/mnist/3x50_exp/occ/eps_3,3,5/vagharWithPerturbed_3x50_19_sgd_itr1/63912936752437_3x50_occ_3.0,3.0,5.0_ctag1__HyperAttackHints_VagharDeps_PertruebedIntervals_cTag2.txt","/root/Downloads/for_dana/vaghar_org/paper_experiments/mnist/3x50_exp/occ/eps_3,3,5/advStd_3x50_N1_19/63913019598156_n2_3x50_occ_3.0,3.0,5.0_ctag1_19_sgd_itr1_N2_advStd_BoundTightPertRelax0.0_zonoBounds_varHintPrevPGD_seed4_HyperAttackHints_VagharDeps_PerturbedIntervals_cTag2.txt"
,,,,,,,,,,,,,,,,,,,,,,,,,,,,,,,,,,,,,,,
3x50,occ,"3,3,5",1,4,3617.83,3611.59,0.093141,0.226846,0.094052,0.229463,0.002617,no,off,no,yes,prev_pgd,no,off,0.0,btpr,yes,elim not activated,elim not activated,0,0,0,0,0,4,,0.00,3611.59,1.00x,0.133705,0.135411,TIME_LIMIT,TIME_LIMIT,"/root/Downloads/for_dana/vaghar_org/paper_experiments/mnist/3x50_exp/occ/eps_3,3,5/vagharWithPerturbed_3x50_19_sgd_itr1/63912936752437_3x50_occ_3.0,3.0,5.0_ctag1__HyperAttackHints_VagharDeps_PertruebedIntervals_cTag2.txt","/root/Downloads/for_dana/vaghar_org/paper_experiments/mnist/3x50_exp/occ/eps_3,3,5/advStd_3x50_N1_19/63914718873273_n2_3x50_occ_3.0,3.0,5.0_ctag1_19_sgd_itr1_N2_advStd_BoundTightPertRelax0.0_SibGate_varHintPrevPGD_seed4_both0_orgDrop0_pertDrop0_HyperAttackHints_VagharDeps_PerturbedIntervals_cTag2.txt"
3x50,occ,"3,3,5",1,4,3617.83,3621.22,0.093141,0.226846,0.105923,0.250312,0.023466,no,off,no,yes,prev_pgd,no,off,0.25,btpr,yes,elim not activated,elim not activated,9,8,9,0,0,4,,0.00,3621.22,1.00x,0.133705,0.144389,TIME_LIMIT,TIME_LIMIT,"/root/Downloads/for_dana/vaghar_org/paper_experiments/mnist/3x50_exp/occ/eps_3,3,5/vagharWithPerturbed_3x50_19_sgd_itr1/63912936752437_3x50_occ_3.0,3.0,5.0_ctag1__HyperAttackHints_VagharDeps_PertruebedIntervals_cTag2.txt","/root/Downloads/for_dana/vaghar_org/paper_experiments/mnist/3x50_exp/occ/eps_3,3,5/advStd_3x50_N1_19/63914746602942_n2_3x50_occ_3.0,3.0,5.0_ctag1_19_sgd_itr1_N2_advStd_BoundTightPertRelax0.25_SibGate_varHintPrevPGD_seed4_both9_orgDrop0_pertDrop0_HyperAttackHints_VagharDeps_PerturbedIntervals_cTag2.txt"
3x50,occ,"3,3,5",1,4,3617.83,3617.32,0.093141,0.226846,0.094048,0.241601,0.014755,no,off,no,yes,prev_pgd,yes,off,0.0,btpr,no,elim not activated,elim not activated,0,0,,,,4,,0.00,3617.32,1.00x,0.133705,0.147553,TIME_LIMIT,TIME_LIMIT,"/root/Downloads/for_dana/vaghar_org/paper_experiments/mnist/3x50_exp/occ/eps_3,3,5/vagharWithPerturbed_3x50_19_sgd_itr1/63912936752437_3x50_occ_3.0,3.0,5.0_ctag1__HyperAttackHints_VagharDeps_PertruebedIntervals_cTag2.txt","/root/Downloads/for_dana/vaghar_org/paper_experiments/mnist/3x50_exp/occ/eps_3,3,5/advStd_3x50_N1_19/63913019598156_n2_3x50_occ_3.0,3.0,5.0_ctag1_19_sgd_itr1_N2_advStd_BoundTightPertRelax0.0_zonoBounds_varHintPrevPGD_seed4_HyperAttackHints_VagharDeps_PerturbedIntervals_cTag2.txt"
,,,,,,,,,,,,,,,,,,,,,,,,,,,,,,,,,,,,,,,
3x50,occ,"3,3,5",1,5,3617.30,3615.12,0.140452,0.317047,0.140465,0.320591,0.003544,no,off,no,yes,prev_pgd,yes,off,0.0,btpr,no,elim not activated,elim not activated,0,0,,,,4,,0.00,3615.12,1.00x,0.176595,0.180126,TIME_LIMIT,TIME_LIMIT,"/root/Downloads/for_dana/vaghar_org/paper_experiments/mnist/3x50_exp/occ/eps_3,3,5/vagharWithPerturbed_3x50_19_sgd_itr1/63912936752437_3x50_occ_3.0,3.0,5.0_ctag1__HyperAttackHints_VagharDeps_PertruebedIntervals_cTag2.txt","/root/Downloads/for_dana/vaghar_org/paper_experiments/mnist/3x50_exp/occ/eps_3,3,5/advStd_3x50_N1_19/63913019598156_n2_3x50_occ_3.0,3.0,5.0_ctag1_19_sgd_itr1_N2_advStd_BoundTightPertRelax0.0_zonoBounds_varHintPrevPGD_seed4_HyperAttackHints_VagharDeps_PerturbedIntervals_cTag2.txt"
3x50,occ,"3,3,5",1,5,3617.30,3612.07,0.140452,0.317047,0.140456,0.331608,0.014561,no,off,no,yes,prev_pgd,yes,off,0.0,btpr,yes,elim not activated,elim not activated,0,0,0,0,0,4,,0.00,3612.07,1.00x,0.176595,0.191152,TIME_LIMIT,TIME_LIMIT,"/root/Downloads/for_dana/vaghar_org/paper_experiments/mnist/3x50_exp/occ/eps_3,3,5/vagharWithPerturbed_3x50_19_sgd_itr1/63912936752437_3x50_occ_3.0,3.0,5.0_ctag1__HyperAttackHints_VagharDeps_PertruebedIntervals_cTag2.txt","/root/Downloads/for_dana/vaghar_org/paper_experiments/mnist/3x50_exp/occ/eps_3,3,5/advStd_3x50_N1_19/63914751302156_n2_3x50_occ_3.0,3.0,5.0_ctag1_19_sgd_itr1_N2_advStd_BoundTightPertRelax0.0_SibGate_zonoBounds_varHintPrevPGD_seed4_both0_orgDrop0_pertDrop0_HyperAttackHints_VagharDeps_PerturbedIntervals_cTag2.txt"
3x50,occ,"3,3,5",1,5,3617.30,3612.23,0.140452,0.317047,0.140454,0.343178,0.026132,no,off,no,yes,prev_pgd,no,off,0.0,btpr,yes,elim not activated,elim not activated,0,0,0,0,0,4,,0.00,3612.23,1.00x,0.176595,0.202725,TIME_LIMIT,TIME_LIMIT,"/root/Downloads/for_dana/vaghar_org/paper_experiments/mnist/3x50_exp/occ/eps_3,3,5/vagharWithPerturbed_3x50_19_sgd_itr1/63912936752437_3x50_occ_3.0,3.0,5.0_ctag1__HyperAttackHints_VagharDeps_PertruebedIntervals_cTag2.txt","/root/Downloads/for_dana/vaghar_org/paper_experiments/mnist/3x50_exp/occ/eps_3,3,5/advStd_3x50_N1_19/63914718873273_n2_3x50_occ_3.0,3.0,5.0_ctag1_19_sgd_itr1_N2_advStd_BoundTightPertRelax0.0_SibGate_varHintPrevPGD_seed4_both0_orgDrop0_pertDrop0_HyperAttackHints_VagharDeps_PerturbedIntervals_cTag2.txt"
,,,,,,,,,,,,,,,,,,,,,,,,,,,,,,,,,,,,,,,
3x50,occ,"3,3,5",1,6,3617.82,3612.61,0.152555,0.347508,0.152835,0.368268,0.020760,no,off,no,yes,prev_pgd,no,off,0.0,btpr,yes,elim not activated,elim not activated,0,0,0,0,0,4,,0.00,3612.61,1.00x,0.194952,0.215433,TIME_LIMIT,TIME_LIMIT,"/root/Downloads/for_dana/vaghar_org/paper_experiments/mnist/3x50_exp/occ/eps_3,3,5/vagharWithPerturbed_3x50_19_sgd_itr1/63912936752437_3x50_occ_3.0,3.0,5.0_ctag1__HyperAttackHints_VagharDeps_PertruebedIntervals_cTag2.txt","/root/Downloads/for_dana/vaghar_org/paper_experiments/mnist/3x50_exp/occ/eps_3,3,5/advStd_3x50_N1_19/63914718873273_n2_3x50_occ_3.0,3.0,5.0_ctag1_19_sgd_itr1_N2_advStd_BoundTightPertRelax0.0_SibGate_varHintPrevPGD_seed4_both0_orgDrop0_pertDrop0_HyperAttackHints_VagharDeps_PerturbedIntervals_cTag2.txt"
3x50,occ,"3,3,5",1,6,3617.82,3613.97,0.152555,0.347508,0.152835,0.369873,0.022365,no,off,no,yes,prev_pgd,yes,off,0.0,btpr,yes,elim not activated,elim not activated,0,0,0,0,0,4,,0.00,3613.97,1.00x,0.194952,0.217038,TIME_LIMIT,TIME_LIMIT,"/root/Downloads/for_dana/vaghar_org/paper_experiments/mnist/3x50_exp/occ/eps_3,3,5/vagharWithPerturbed_3x50_19_sgd_itr1/63912936752437_3x50_occ_3.0,3.0,5.0_ctag1__HyperAttackHints_VagharDeps_PertruebedIntervals_cTag2.txt","/root/Downloads/for_dana/vaghar_org/paper_experiments/mnist/3x50_exp/occ/eps_3,3,5/advStd_3x50_N1_19/63914751302156_n2_3x50_occ_3.0,3.0,5.0_ctag1_19_sgd_itr1_N2_advStd_BoundTightPertRelax0.0_SibGate_zonoBounds_varHintPrevPGD_seed4_both0_orgDrop0_pertDrop0_HyperAttackHints_VagharDeps_PerturbedIntervals_cTag2.txt"
3x50,occ,"3,3,5",1,6,3617.82,3616.82,0.152555,0.347508,0.152763,0.372652,0.025144,no,off,no,yes,prev_pgd,yes,off,0.0,btpr,no,elim not activated,elim not activated,0,0,,,,4,,0.00,3616.82,1.00x,0.194952,0.219889,TIME_LIMIT,TIME_LIMIT,"/root/Downloads/for_dana/vaghar_org/paper_experiments/mnist/3x50_exp/occ/eps_3,3,5/vagharWithPerturbed_3x50_19_sgd_itr1/63912936752437_3x50_occ_3.0,3.0,5.0_ctag1__HyperAttackHints_VagharDeps_PertruebedIntervals_cTag2.txt","/root/Downloads/for_dana/vaghar_org/paper_experiments/mnist/3x50_exp/occ/eps_3,3,5/advStd_3x50_N1_19/63913019598156_n2_3x50_occ_3.0,3.0,5.0_ctag1_19_sgd_itr1_N2_advStd_BoundTightPertRelax0.0_zonoBounds_varHintPrevPGD_seed4_HyperAttackHints_VagharDeps_PerturbedIntervals_cTag2.txt"
,,,,,,,,,,,,,,,,,,,,,,,,,,,,,,,,,,,,,,,
3x50,occ,"3,3,5",1,7,3616.42,3616.61,0.106852,0.277849,0.101724,0.288936,0.011087,no,off,no,yes,prev_pgd,yes,off,0.0,btpr,no,elim not activated,elim not activated,0,0,,,,4,,0.00,3616.61,1.00x,0.170997,0.187212,TIME_LIMIT,TIME_LIMIT,"/root/Downloads/for_dana/vaghar_org/paper_experiments/mnist/3x50_exp/occ/eps_3,3,5/vagharWithPerturbed_3x50_19_sgd_itr1/63912936752437_3x50_occ_3.0,3.0,5.0_ctag1__HyperAttackHints_VagharDeps_PertruebedIntervals_cTag2.txt","/root/Downloads/for_dana/vaghar_org/paper_experiments/mnist/3x50_exp/occ/eps_3,3,5/advStd_3x50_N1_19/63913019598156_n2_3x50_occ_3.0,3.0,5.0_ctag1_19_sgd_itr1_N2_advStd_BoundTightPertRelax0.0_zonoBounds_varHintPrevPGD_seed4_HyperAttackHints_VagharDeps_PerturbedIntervals_cTag2.txt"
3x50,occ,"3,3,5",1,7,3616.42,3612.67,0.106852,0.277849,0.106577,0.312665,0.034817,no,off,no,yes,prev_pgd,yes,off,0.0,btpr,yes,elim not activated,elim not activated,0,0,0,0,0,4,,0.00,3612.67,1.00x,0.170997,0.206089,TIME_LIMIT,TIME_LIMIT,"/root/Downloads/for_dana/vaghar_org/paper_experiments/mnist/3x50_exp/occ/eps_3,3,5/vagharWithPerturbed_3x50_19_sgd_itr1/63912936752437_3x50_occ_3.0,3.0,5.0_ctag1__HyperAttackHints_VagharDeps_PertruebedIntervals_cTag2.txt","/root/Downloads/for_dana/vaghar_org/paper_experiments/mnist/3x50_exp/occ/eps_3,3,5/advStd_3x50_N1_19/63914751302156_n2_3x50_occ_3.0,3.0,5.0_ctag1_19_sgd_itr1_N2_advStd_BoundTightPertRelax0.0_SibGate_zonoBounds_varHintPrevPGD_seed4_both0_orgDrop0_pertDrop0_HyperAttackHints_VagharDeps_PerturbedIntervals_cTag2.txt"
3x50,occ,"3,3,5",1,7,3616.42,3611.96,0.106852,0.277849,0.103621,0.311918,0.034069,no,off,no,yes,prev_pgd,no,off,0.0,btpr,yes,elim not activated,elim not activated,0,0,0,0,0,4,,0.00,3611.96,1.00x,0.170997,0.208296,TIME_LIMIT,TIME_LIMIT,"/root/Downloads/for_dana/vaghar_org/paper_experiments/mnist/3x50_exp/occ/eps_3,3,5/vagharWithPerturbed_3x50_19_sgd_itr1/63912936752437_3x50_occ_3.0,3.0,5.0_ctag1__HyperAttackHints_VagharDeps_PertruebedIntervals_cTag2.txt","/root/Downloads/for_dana/vaghar_org/paper_experiments/mnist/3x50_exp/occ/eps_3,3,5/advStd_3x50_N1_19/63914718873273_n2_3x50_occ_3.0,3.0,5.0_ctag1_19_sgd_itr1_N2_advStd_BoundTightPertRelax0.0_SibGate_varHintPrevPGD_seed4_both0_orgDrop0_pertDrop0_HyperAttackHints_VagharDeps_PerturbedIntervals_cTag2.txt"
,,,,,,,,,,,,,,,,,,,,,,,,,,,,,,,,,,,,,,,
3x50,occ,"3,3,5",1,9,3615.23,3613.80,0.114982,0.263989,0.108728,0.266711,0.002722,no,off,no,yes,prev_pgd,yes,off,0.0,btpr,yes,elim not activated,elim not activated,0,0,0,0,0,4,,0.00,3613.80,1.00x,0.149007,0.157983,TIME_LIMIT,TIME_LIMIT,"/root/Downloads/for_dana/vaghar_org/paper_experiments/mnist/3x50_exp/occ/eps_3,3,5/vagharWithPerturbed_3x50_19_sgd_itr1/63912936752437_3x50_occ_3.0,3.0,5.0_ctag1__HyperAttackHints_VagharDeps_PertruebedIntervals_cTag2.txt","/root/Downloads/for_dana/vaghar_org/paper_experiments/mnist/3x50_exp/occ/eps_3,3,5/advStd_3x50_N1_19/63914751302156_n2_3x50_occ_3.0,3.0,5.0_ctag1_19_sgd_itr1_N2_advStd_BoundTightPertRelax0.0_SibGate_zonoBounds_varHintPrevPGD_seed4_both0_orgDrop0_pertDrop0_HyperAttackHints_VagharDeps_PerturbedIntervals_cTag2.txt"
3x50,occ,"3,3,5",1,9,3615.23,3612.08,0.114982,0.263989,0.115387,0.302696,0.038707,no,off,no,yes,prev_pgd,no,off,0.0,btpr,yes,elim not activated,elim not activated,0,0,0,0,0,4,,0.00,3612.08,1.00x,0.149007,0.187310,TIME_LIMIT,TIME_LIMIT,"/root/Downloads/for_dana/vaghar_org/paper_experiments/mnist/3x50_exp/occ/eps_3,3,5/vagharWithPerturbed_3x50_19_sgd_itr1/63912936752437_3x50_occ_3.0,3.0,5.0_ctag1__HyperAttackHints_VagharDeps_PertruebedIntervals_cTag2.txt","/root/Downloads/for_dana/vaghar_org/paper_experiments/mnist/3x50_exp/occ/eps_3,3,5/advStd_3x50_N1_19/63914718873273_n2_3x50_occ_3.0,3.0,5.0_ctag1_19_sgd_itr1_N2_advStd_BoundTightPertRelax0.0_SibGate_varHintPrevPGD_seed4_both0_orgDrop0_pertDrop0_HyperAttackHints_VagharDeps_PerturbedIntervals_cTag2.txt"
,,,,,,,,,,,,,,,,,,,,,,,,,,,,,,,,,,,,,,,
3x50,occ,"5,5,5",0,1,3615.00,3620.75,1.492565,2.957032,1.557995,3.104845,0.147812,no,off,no,yes,prev_pgd,yes,off,0.0,btpr,yes,elim not activated,elim not activated,0,0,0,0,0,4,,0.00,3620.75,1.00x,1.464467,1.546849,TIME_LIMIT,TIME_LIMIT,"/root/Downloads/for_dana/vaghar_org/paper_experiments/mnist/3x50_exp/occ/eps_5,5,5/vagharWithPerturbed_3x50_19_sgd_itr1/63912744500662_3x50_occ_5.0,5.0,5.0_ctag0__HyperAttackHints_VagharDeps_PertruebedIntervals_cTag1.txt","/root/Downloads/for_dana/vaghar_org/paper_experiments/mnist/3x50_exp/occ/eps_5,5,5/advStd_3x50_N1_19/63914903371464_n2_3x50_occ_5.0,5.0,5.0_ctag0_19_sgd_itr1_N2_advStd_BoundTightPertRelax0.0_SibGate_zonoBounds_varHintPrevPGD_seed4_both0_orgDrop0_pertDrop0_HyperAttackHints_VagharDeps_PerturbedIntervals_cTag1.txt"
,,,,,,,,,,,,,,,,,,,,,,,,,,,,,,,,,,,,,,,
3x50,occ,"5,5,5",0,3,3615.59,3623.60,1.113901,2.170796,1.021177,2.105681,-0.065115,no,off,no,yes,prev_pgd,yes,off,0.0,btpr,yes,elim not activated,elim not activated,0,0,0,0,0,4,,0.00,3623.60,1.00x,1.056894,1.084503,TIME_LIMIT,TIME_LIMIT,"/root/Downloads/for_dana/vaghar_org/paper_experiments/mnist/3x50_exp/occ/eps_5,5,5/vagharWithPerturbed_3x50_19_sgd_itr1/63912744500662_3x50_occ_5.0,5.0,5.0_ctag0__HyperAttackHints_VagharDeps_PertruebedIntervals_cTag1.txt","/root/Downloads/for_dana/vaghar_org/paper_experiments/mnist/3x50_exp/occ/eps_5,5,5/advStd_3x50_N1_19/63914903371464_n2_3x50_occ_5.0,5.0,5.0_ctag0_19_sgd_itr1_N2_advStd_BoundTightPertRelax0.0_SibGate_zonoBounds_varHintPrevPGD_seed4_both0_orgDrop0_pertDrop0_HyperAttackHints_VagharDeps_PerturbedIntervals_cTag1.txt"
,,,,,,,,,,,,,,,,,,,,,,,,,,,,,,,,,,,,,,,
3x50,occ,"5,5,5",0,4,3617.41,3624.67,1.672709,3.122810,1.631813,3.219363,0.096553,no,off,no,yes,prev_pgd,yes,off,0.0,btpr,yes,elim not activated,elim not activated,0,0,0,0,0,4,,0.00,3624.67,1.00x,1.450100,1.587550,TIME_LIMIT,TIME_LIMIT,"/root/Downloads/for_dana/vaghar_org/paper_experiments/mnist/3x50_exp/occ/eps_5,5,5/vagharWithPerturbed_3x50_19_sgd_itr1/63912744500662_3x50_occ_5.0,5.0,5.0_ctag0__HyperAttackHints_VagharDeps_PertruebedIntervals_cTag1.txt","/root/Downloads/for_dana/vaghar_org/paper_experiments/mnist/3x50_exp/occ/eps_5,5,5/advStd_3x50_N1_19/63914903371464_n2_3x50_occ_5.0,5.0,5.0_ctag0_19_sgd_itr1_N2_advStd_BoundTightPertRelax0.0_SibGate_zonoBounds_varHintPrevPGD_seed4_both0_orgDrop0_pertDrop0_HyperAttackHints_VagharDeps_PerturbedIntervals_cTag1.txt"
3x50,occ,"5,5,5",0,4,3617.41,3620.32,1.672709,3.122810,1.606582,3.290628,0.167819,no,off,no,yes,prev_pgd,no,off,0.0,btpr,yes,elim not activated,elim not activated,0,0,0,0,0,4,,0.00,3620.32,1.00x,1.450100,1.684047,TIME_LIMIT,TIME_LIMIT,"/root/Downloads/for_dana/vaghar_org/paper_experiments/mnist/3x50_exp/occ/eps_5,5,5/vagharWithPerturbed_3x50_19_sgd_itr1/63912744500662_3x50_occ_5.0,5.0,5.0_ctag0__HyperAttackHints_VagharDeps_PertruebedIntervals_cTag1.txt","/root/Downloads/for_dana/vaghar_org/paper_experiments/mnist/3x50_exp/occ/eps_5,5,5/advStd_3x50_N1_19/63914423630577_n2_3x50_occ_5.0,5.0,5.0_ctag0_19_sgd_itr1_N2_advStd_BoundTightPertRelax0.0_SibGate_varHintPrevPGD_seed4_both0_orgDrop0_pertDrop0_HyperAttackHints_VagharDeps_PerturbedIntervals_cTag1.txt"
3x50,occ,"5,5,5",0,4,3617.41,3618.98,1.672709,3.122810,1.570392,3.279959,0.157150,no,off,no,yes,prev_pgd,yes,off,0.0,btpr,no,elim not activated,elim not activated,0,0,,,,4,,0.00,3618.98,1.00x,1.450100,1.709567,TIME_LIMIT,TIME_LIMIT,"/root/Downloads/for_dana/vaghar_org/paper_experiments/mnist/3x50_exp/occ/eps_5,5,5/vagharWithPerturbed_3x50_19_sgd_itr1/63912744500662_3x50_occ_5.0,5.0,5.0_ctag0__HyperAttackHints_VagharDeps_PertruebedIntervals_cTag1.txt","/root/Downloads/for_dana/vaghar_org/paper_experiments/mnist/3x50_exp/occ/eps_5,5,5/advStd_3x50_N1_19/63912833402897_n2_3x50_occ_5.0,5.0,5.0_ctag0_19_sgd_itr1_N2_advStd_BoundTightPertRelax0.0_zonoBounds_varHintPrevPGD_seed4_HyperAttackHints_VagharDeps_PerturbedIntervals_cTag1.txt"
,,,,,,,,,,,,,,,,,,,,,,,,,,,,,,,,,,,,,,,
3x50,occ,"5,5,5",0,5,3613.89,3614.49,1.537707,3.108483,1.402645,2.999735,-0.108748,no,off,no,yes,prev_pgd,yes,off,0.0,btpr,yes,elim not activated,elim not activated,0,0,0,0,0,4,,0.00,3614.49,1.00x,1.570776,1.597090,TIME_LIMIT,TIME_LIMIT,"/root/Downloads/for_dana/vaghar_org/paper_experiments/mnist/3x50_exp/occ/eps_5,5,5/vagharWithPerturbed_3x50_19_sgd_itr1/63912744500662_3x50_occ_5.0,5.0,5.0_ctag0__HyperAttackHints_VagharDeps_PertruebedIntervals_cTag1.txt","/root/Downloads/for_dana/vaghar_org/paper_experiments/mnist/3x50_exp/occ/eps_5,5,5/advStd_3x50_N1_19/63914426755022_n2_3x50_occ_5.0,5.0,5.0_ctag0_19_sgd_itr1_N2_advStd_BoundTightPertRelax0.0_SibGate_zonoBounds_varHintPrevPGD_seed4_both0_orgDrop0_pertDrop0_HyperAttackHints_VagharDeps_PerturbedIntervals_cTag1.txt"
3x50,occ,"5,5,5",0,5,3613.89,3619.65,1.537707,3.108483,1.446936,3.181606,0.073123,no,off,no,yes,prev_pgd,yes,off,0.0,btpr,no,elim not activated,elim not activated,0,0,,,,4,,0.00,3619.65,1.00x,1.570776,1.734670,TIME_LIMIT,TIME_LIMIT,"/root/Downloads/for_dana/vaghar_org/paper_experiments/mnist/3x50_exp/occ/eps_5,5,5/vagharWithPerturbed_3x50_19_sgd_itr1/63912744500662_3x50_occ_5.0,5.0,5.0_ctag0__HyperAttackHints_VagharDeps_PertruebedIntervals_cTag1.txt","/root/Downloads/for_dana/vaghar_org/paper_experiments/mnist/3x50_exp/occ/eps_5,5,5/advStd_3x50_N1_19/63912833402897_n2_3x50_occ_5.0,5.0,5.0_ctag0_19_sgd_itr1_N2_advStd_BoundTightPertRelax0.0_zonoBounds_varHintPrevPGD_seed4_HyperAttackHints_VagharDeps_PerturbedIntervals_cTag1.txt"
,,,,,,,,,,,,,,,,,,,,,,,,,,,,,,,,,,,,,,,
3x50,occ,"5,5,5",0,6,3613.50,3620.71,1.042353,2.292634,1.142934,2.425757,0.133123,no,off,no,yes,prev_pgd,no,off,0.25,btpr,yes,elim not activated,elim not activated,9,9,9,0,0,4,,0.00,3620.71,1.00x,1.250281,1.282822,TIME_LIMIT,TIME_LIMIT,"/root/Downloads/for_dana/vaghar_org/paper_experiments/mnist/3x50_exp/occ/eps_5,5,5/vagharWithPerturbed_3x50_19_sgd_itr1/63912744500662_3x50_occ_5.0,5.0,5.0_ctag0__HyperAttackHints_VagharDeps_PertruebedIntervals_cTag1.txt","/root/Downloads/for_dana/vaghar_org/paper_experiments/mnist/3x50_exp/occ/eps_5,5,5/advStd_3x50_N1_19/63914426600729_n2_3x50_occ_5.0,5.0,5.0_ctag0_19_sgd_itr1_N2_advStd_BoundTightPertRelax0.25_SibGate_varHintPrevPGD_seed4_both9_orgDrop0_pertDrop0_HyperAttackHints_VagharDeps_PerturbedIntervals_cTag1.txt"
3x50,occ,"5,5,5",0,6,3613.50,3619.43,1.042353,2.292634,1.025212,2.354012,0.061378,no,off,no,yes,prev_pgd,yes,off,0.0,btpr,yes,elim not activated,elim not activated,0,0,0,0,0,4,,0.00,3619.43,1.00x,1.250281,1.328800,TIME_LIMIT,TIME_LIMIT,"/root/Downloads/for_dana/vaghar_org/paper_experiments/mnist/3x50_exp/occ/eps_5,5,5/vagharWithPerturbed_3x50_19_sgd_itr1/63912744500662_3x50_occ_5.0,5.0,5.0_ctag0__HyperAttackHints_VagharDeps_PertruebedIntervals_cTag1.txt","/root/Downloads/for_dana/vaghar_org/paper_experiments/mnist/3x50_exp/occ/eps_5,5,5/advStd_3x50_N1_19/63914426755022_n2_3x50_occ_5.0,5.0,5.0_ctag0_19_sgd_itr1_N2_advStd_BoundTightPertRelax0.0_SibGate_zonoBounds_varHintPrevPGD_seed4_both0_orgDrop0_pertDrop0_HyperAttackHints_VagharDeps_PerturbedIntervals_cTag1.txt"
,,,,,,,,,,,,,,,,,,,,,,,,,,,,,,,,,,,,,,,
3x50,occ,"5,5,5",0,7,3613.21,3619.13,1.319336,3.308100,1.452722,3.497838,0.189738,no,off,no,yes,prev_pgd,yes,off,0.0,btpr,no,elim not activated,elim not activated,0,0,,,,4,,0.00,3619.13,1.00x,1.988764,2.045116,TIME_LIMIT,TIME_LIMIT,"/root/Downloads/for_dana/vaghar_org/paper_experiments/mnist/3x50_exp/occ/eps_5,5,5/vagharWithPerturbed_3x50_19_sgd_itr1/63912744500662_3x50_occ_5.0,5.0,5.0_ctag0__HyperAttackHints_VagharDeps_PertruebedIntervals_cTag1.txt","/root/Downloads/for_dana/vaghar_org/paper_experiments/mnist/3x50_exp/occ/eps_5,5,5/advStd_3x50_N1_19/63912833402897_n2_3x50_occ_5.0,5.0,5.0_ctag0_19_sgd_itr1_N2_advStd_BoundTightPertRelax0.0_zonoBounds_varHintPrevPGD_seed4_HyperAttackHints_VagharDeps_PerturbedIntervals_cTag1.txt"
,,,,,,,,,,,,,,,,,,,,,,,,,,,,,,,,,,,,,,,
3x50,occ,"5,5,5",0,8,3613.49,3621.67,0.881832,2.116235,0.943296,2.214845,0.098610,no,off,no,yes,prev_pgd,no,off,0.5,btpr,yes,elim not activated,elim not activated,11,11,11,0,0,4,,0.00,3621.67,1.00x,1.234403,1.271549,TIME_LIMIT,TIME_LIMIT,"/root/Downloads/for_dana/vaghar_org/paper_experiments/mnist/3x50_exp/occ/eps_5,5,5/vagharWithPerturbed_3x50_19_sgd_itr1/63912744500662_3x50_occ_5.0,5.0,5.0_ctag0__HyperAttackHints_VagharDeps_PertruebedIntervals_cTag1.txt","/root/Downloads/for_dana/vaghar_org/paper_experiments/mnist/3x50_exp/occ/eps_5,5,5/advStd_3x50_N1_19/63914426586410_n2_3x50_occ_5.0,5.0,5.0_ctag0_19_sgd_itr1_N2_advStd_BoundTightPertRelax0.5_SibGate_varHintPrevPGD_seed4_both11_orgDrop0_pertDrop0_HyperAttackHints_VagharDeps_PerturbedIntervals_cTag1.txt"
3x50,occ,"5,5,5",0,8,3613.49,3618.71,0.881832,2.116235,0.904021,2.177542,0.061306,no,off,no,yes,prev_pgd,yes,off,0.0,btpr,no,elim not activated,elim not activated,0,0,,,,4,,0.00,3618.71,1.00x,1.234403,1.273521,TIME_LIMIT,TIME_LIMIT,"/root/Downloads/for_dana/vaghar_org/paper_experiments/mnist/3x50_exp/occ/eps_5,5,5/vagharWithPerturbed_3x50_19_sgd_itr1/63912744500662_3x50_occ_5.0,5.0,5.0_ctag0__HyperAttackHints_VagharDeps_PertruebedIntervals_cTag1.txt","/root/Downloads/for_dana/vaghar_org/paper_experiments/mnist/3x50_exp/occ/eps_5,5,5/advStd_3x50_N1_19/63912833402897_n2_3x50_occ_5.0,5.0,5.0_ctag0_19_sgd_itr1_N2_advStd_BoundTightPertRelax0.0_zonoBounds_varHintPrevPGD_seed4_HyperAttackHints_VagharDeps_PerturbedIntervals_cTag1.txt"
3x50,occ,"5,5,5",0,8,3613.49,3614.44,0.881832,2.116235,0.893228,2.275846,0.159610,no,off,no,yes,prev_pgd,yes,off,0.5,btpr,no,elim not activated,elim not activated,12,11,,,,4,,0.00,3614.44,1.00x,1.234403,1.382618,TIME_LIMIT,TIME_LIMIT,"/root/Downloads/for_dana/vaghar_org/paper_experiments/mnist/3x50_exp/occ/eps_5,5,5/vagharWithPerturbed_3x50_19_sgd_itr1/63912744500662_3x50_occ_5.0,5.0,5.0_ctag0__HyperAttackHints_VagharDeps_PertruebedIntervals_cTag1.txt","/root/Downloads/for_dana/vaghar_org/paper_experiments/mnist/3x50_exp/occ/eps_5,5,5/advStd_3x50_N1_19/63912834401820_n2_3x50_occ_5.0,5.0,5.0_ctag0_19_sgd_itr1_N2_advStd_BoundTightPertRelax0.5_zonoBounds_varHintPrevPGD_seed4_HyperAttackHints_VagharDeps_PerturbedIntervals_cTag1.txt"
,,,,,,,,,,,,,,,,,,,,,,,,,,,,,,,,,,,,,,,
3x50,occ,"5,5,5",0,9,3613.05,3616.30,1.487176,2.508486,1.493278,2.529435,0.020949,no,off,no,yes,prev_pgd,yes,off,0.0,btpr,yes,elim not activated,elim not activated,0,0,0,0,0,4,,0.00,3616.30,1.00x,1.021310,1.036157,TIME_LIMIT,TIME_LIMIT,"/root/Downloads/for_dana/vaghar_org/paper_experiments/mnist/3x50_exp/occ/eps_5,5,5/vagharWithPerturbed_3x50_19_sgd_itr1/63912744500662_3x50_occ_5.0,5.0,5.0_ctag0__HyperAttackHints_VagharDeps_PertruebedIntervals_cTag1.txt","/root/Downloads/for_dana/vaghar_org/paper_experiments/mnist/3x50_exp/occ/eps_5,5,5/advStd_3x50_N1_19/63914426755022_n2_3x50_occ_5.0,5.0,5.0_ctag0_19_sgd_itr1_N2_advStd_BoundTightPertRelax0.0_SibGate_zonoBounds_varHintPrevPGD_seed4_both0_orgDrop0_pertDrop0_HyperAttackHints_VagharDeps_PerturbedIntervals_cTag1.txt"
3x50,occ,"5,5,5",0,9,3613.05,3618.49,1.487176,2.508486,1.522741,2.640795,0.132309,no,off,no,yes,prev_pgd,yes,off,0.0,btpr,no,elim not activated,elim not activated,0,0,,,,4,,0.00,3618.49,1.00x,1.021310,1.118054,TIME_LIMIT,TIME_LIMIT,"/root/Downloads/for_dana/vaghar_org/paper_experiments/mnist/3x50_exp/occ/eps_5,5,5/vagharWithPerturbed_3x50_19_sgd_itr1/63912744500662_3x50_occ_5.0,5.0,5.0_ctag0__HyperAttackHints_VagharDeps_PertruebedIntervals_cTag1.txt","/root/Downloads/for_dana/vaghar_org/paper_experiments/mnist/3x50_exp/occ/eps_5,5,5/advStd_3x50_N1_19/63912833402897_n2_3x50_occ_5.0,5.0,5.0_ctag0_19_sgd_itr1_N2_advStd_BoundTightPertRelax0.0_zonoBounds_varHintPrevPGD_seed4_HyperAttackHints_VagharDeps_PerturbedIntervals_cTag1.txt"
3x50,occ,"5,5,5",0,9,3613.05,3620.32,1.487176,2.508486,1.493279,2.661289,0.152803,no,off,no,yes,prev_pgd,no,off,0.0,btpr,yes,elim not activated,elim not activated,0,0,0,0,0,4,,0.00,3620.32,1.00x,1.021310,1.168010,TIME_LIMIT,TIME_LIMIT,"/root/Downloads/for_dana/vaghar_org/paper_experiments/mnist/3x50_exp/occ/eps_5,5,5/vagharWithPerturbed_3x50_19_sgd_itr1/63912744500662_3x50_occ_5.0,5.0,5.0_ctag0__HyperAttackHints_VagharDeps_PertruebedIntervals_cTag1.txt","/root/Downloads/for_dana/vaghar_org/paper_experiments/mnist/3x50_exp/occ/eps_5,5,5/advStd_3x50_N1_19/63914423630577_n2_3x50_occ_5.0,5.0,5.0_ctag0_19_sgd_itr1_N2_advStd_BoundTightPertRelax0.0_SibGate_varHintPrevPGD_seed4_both0_orgDrop0_pertDrop0_HyperAttackHints_VagharDeps_PerturbedIntervals_cTag1.txt"
,,,,,,,,,,,,,,,,,,,,,,,,,,,,,,,,,,,,,,,
3x50,occ,"5,5,5",1,7,3617.14,3617.82,1.086501,2.339735,1.100605,2.443260,0.103525,no,off,no,yes,prev_pgd,yes,off,0.0,btpr,no,elim not activated,elim not activated,0,0,,,,4,,0.00,3617.82,1.00x,1.253234,1.342655,TIME_LIMIT,TIME_LIMIT,"/root/Downloads/for_dana/vaghar_org/paper_experiments/mnist/3x50_exp/occ/eps_5,5,5/vagharWithPerturbed_3x50_19_sgd_itr1/63912936543626_3x50_occ_5.0,5.0,5.0_ctag1__HyperAttackHints_VagharDeps_PertruebedIntervals_cTag2.txt","/root/Downloads/for_dana/vaghar_org/paper_experiments/mnist/3x50_exp/occ/eps_5,5,5/advStd_3x50_N1_19/63913012535896_n2_3x50_occ_5.0,5.0,5.0_ctag1_19_sgd_itr1_N2_advStd_BoundTightPertRelax0.0_zonoBounds_varHintPrevPGD_seed4_HyperAttackHints_VagharDeps_PerturbedIntervals_cTag2.txt"
3x50,occ,"5,5,5",1,7,3617.14,3621.83,1.086501,2.339735,1.130609,2.493732,0.153997,no,off,no,yes,prev_pgd,no,off,0.0,btpr,yes,elim not activated,elim not activated,0,0,0,0,0,4,,0.00,3621.83,1.00x,1.253234,1.363123,TIME_LIMIT,TIME_LIMIT,"/root/Downloads/for_dana/vaghar_org/paper_experiments/mnist/3x50_exp/occ/eps_5,5,5/vagharWithPerturbed_3x50_19_sgd_itr1/63912936543626_3x50_occ_5.0,5.0,5.0_ctag1__HyperAttackHints_VagharDeps_PertruebedIntervals_cTag2.txt","/root/Downloads/for_dana/vaghar_org/paper_experiments/mnist/3x50_exp/occ/eps_5,5,5/advStd_3x50_N1_19/63914709737962_n2_3x50_occ_5.0,5.0,5.0_ctag1_19_sgd_itr1_N2_advStd_BoundTightPertRelax0.0_SibGate_varHintPrevPGD_seed4_both0_orgDrop0_pertDrop0_HyperAttackHints_VagharDeps_PerturbedIntervals_cTag2.txt"
,,,,,,,,,,,,,,,,,,,,,,,,,,,,,,,,,,,,,,,
3x50,patch,"1,14,14,3",0,1,3613.40,3615.61,11.719942,16.139126,11.716080,16.634755,0.495629,no,off,no,yes,prev_pgd,yes,off,0.0,btpr,no,elim not activated,elim not activated,0,0,,,,4,,0.00,3615.61,1.00x,4.419184,4.918676,TIME_LIMIT,TIME_LIMIT,"/root/Downloads/for_dana/vaghar_org/paper_experiments/mnist/3x50_exp/patch/eps_1,14,14,3/vagharWithPerturbed_3x50_19_sgd_itr1/63912739904193_3x50_patch_1.0,14.0,14.0,3.0_ctag0__HyperAttackHints_VagharDeps_PertruebedIntervals_cTag1.txt","/root/Downloads/for_dana/vaghar_org/paper_experiments/mnist/3x50_exp/patch/eps_1,14,14,3/advStd_3x50_N1_19/63912795253923_n2_3x50_patch_1.0,14.0,14.0,3.0_ctag0_19_sgd_itr1_N2_advStd_BoundTightPertRelax0.0_zonoBounds_varHintPrevPGD_seed4_HyperAttackHints_VagharDeps_PerturbedIntervals_cTag1.txt"
,,,,,,,,,,,,,,,,,,,,,,,,,,,,,,,,,,,,,,,
3x50,patch,"1,14,14,3",0,2,3618.08,3614.48,8.729468,13.627944,8.809282,13.811675,0.183731,no,off,no,yes,prev_pgd,yes,off,0.5,btpr,no,elim not activated,elim not activated,12,11,,,,4,,0.00,3614.48,1.00x,4.898476,5.002392,TIME_LIMIT,TIME_LIMIT,"/root/Downloads/for_dana/vaghar_org/paper_experiments/mnist/3x50_exp/patch/eps_1,14,14,3/vagharWithPerturbed_3x50_19_sgd_itr1/63912739904193_3x50_patch_1.0,14.0,14.0,3.0_ctag0__HyperAttackHints_VagharDeps_PertruebedIntervals_cTag1.txt","/root/Downloads/for_dana/vaghar_org/paper_experiments/mnist/3x50_exp/patch/eps_1,14,14,3/advStd_3x50_N1_19/63912795538515_n2_3x50_patch_1.0,14.0,14.0,3.0_ctag0_19_sgd_itr1_N2_advStd_BoundTightPertRelax0.5_zonoBounds_varHintPrevPGD_seed4_HyperAttackHints_VagharDeps_PerturbedIntervals_cTag1.txt"
,,,,,,,,,,,,,,,,,,,,,,,,,,,,,,,,,,,,,,,
3x50,patch,"1,14,14,3",0,3,3618.72,3614.73,12.759682,15.111491,12.993610,15.600713,0.489222,no,off,no,yes,prev_pgd,yes,off,0.5,btpr,no,elim not activated,elim not activated,12,11,,,,4,,0.00,3614.73,1.00x,2.351809,2.607103,TIME_LIMIT,TIME_LIMIT,"/root/Downloads/for_dana/vaghar_org/paper_experiments/mnist/3x50_exp/patch/eps_1,14,14,3/vagharWithPerturbed_3x50_19_sgd_itr1/63912739904193_3x50_patch_1.0,14.0,14.0,3.0_ctag0__HyperAttackHints_VagharDeps_PertruebedIntervals_cTag1.txt","/root/Downloads/for_dana/vaghar_org/paper_experiments/mnist/3x50_exp/patch/eps_1,14,14,3/advStd_3x50_N1_19/63912795538515_n2_3x50_patch_1.0,14.0,14.0,3.0_ctag0_19_sgd_itr1_N2_advStd_BoundTightPertRelax0.5_zonoBounds_varHintPrevPGD_seed4_HyperAttackHints_VagharDeps_PerturbedIntervals_cTag1.txt"
3x50,patch,"1,14,14,3",0,3,3618.72,3614.87,12.759682,15.111491,13.014545,15.971333,0.859842,no,off,no,yes,prev_pgd,yes,off,0.0,btpr,no,elim not activated,elim not activated,0,0,,,,4,,0.00,3614.87,1.00x,2.351809,2.956788,TIME_LIMIT,TIME_LIMIT,"/root/Downloads/for_dana/vaghar_org/paper_experiments/mnist/3x50_exp/patch/eps_1,14,14,3/vagharWithPerturbed_3x50_19_sgd_itr1/63912739904193_3x50_patch_1.0,14.0,14.0,3.0_ctag0__HyperAttackHints_VagharDeps_PertruebedIntervals_cTag1.txt","/root/Downloads/for_dana/vaghar_org/paper_experiments/mnist/3x50_exp/patch/eps_1,14,14,3/advStd_3x50_N1_19/63912795253923_n2_3x50_patch_1.0,14.0,14.0,3.0_ctag0_19_sgd_itr1_N2_advStd_BoundTightPertRelax0.0_zonoBounds_varHintPrevPGD_seed4_HyperAttackHints_VagharDeps_PerturbedIntervals_cTag1.txt"
,,,,,,,,,,,,,,,,,,,,,,,,,,,,,,,,,,,,,,,
3x50,patch,"1,14,14,3",0,4,3618.68,3615.05,12.575061,15.804625,12.673617,16.069728,0.265103,no,off,no,yes,prev_pgd,yes,off,0.5,btpr,no,elim not activated,elim not activated,12,11,,,,4,,0.00,3615.05,1.00x,3.229564,3.396111,TIME_LIMIT,TIME_LIMIT,"/root/Downloads/for_dana/vaghar_org/paper_experiments/mnist/3x50_exp/patch/eps_1,14,14,3/vagharWithPerturbed_3x50_19_sgd_itr1/63912739904193_3x50_patch_1.0,14.0,14.0,3.0_ctag0__HyperAttackHints_VagharDeps_PertruebedIntervals_cTag1.txt","/root/Downloads/for_dana/vaghar_org/paper_experiments/mnist/3x50_exp/patch/eps_1,14,14,3/advStd_3x50_N1_19/63912795538515_n2_3x50_patch_1.0,14.0,14.0,3.0_ctag0_19_sgd_itr1_N2_advStd_BoundTightPertRelax0.5_zonoBounds_varHintPrevPGD_seed4_HyperAttackHints_VagharDeps_PerturbedIntervals_cTag1.txt"
3x50,patch,"1,14,14,3",0,4,3618.68,3614.33,12.575061,15.804625,12.523801,16.201707,0.397082,no,off,no,yes,prev_pgd,yes,off,0.0,btpr,no,elim not activated,elim not activated,0,0,,,,4,,0.00,3614.33,1.00x,3.229564,3.677907,TIME_LIMIT,TIME_LIMIT,"/root/Downloads/for_dana/vaghar_org/paper_experiments/mnist/3x50_exp/patch/eps_1,14,14,3/vagharWithPerturbed_3x50_19_sgd_itr1/63912739904193_3x50_patch_1.0,14.0,14.0,3.0_ctag0__HyperAttackHints_VagharDeps_PertruebedIntervals_cTag1.txt","/root/Downloads/for_dana/vaghar_org/paper_experiments/mnist/3x50_exp/patch/eps_1,14,14,3/advStd_3x50_N1_19/63912795253923_n2_3x50_patch_1.0,14.0,14.0,3.0_ctag0_19_sgd_itr1_N2_advStd_BoundTightPertRelax0.0_zonoBounds_varHintPrevPGD_seed4_HyperAttackHints_VagharDeps_PerturbedIntervals_cTag1.txt"
,,,,,,,,,,,,,,,,,,,,,,,,,,,,,,,,,,,,,,,
3x50,patch,"1,14,14,3",0,6,3618.16,3623.01,8.943293,15.919173,8.700694,15.807677,-0.111496,no,off,no,yes,prev_pgd,yes,off,0.0,btpr,yes,elim not activated,elim not activated,0,0,0,0,0,4,,0.00,3623.01,1.00x,6.975879,7.106983,TIME_LIMIT,TIME_LIMIT,"/root/Downloads/for_dana/vaghar_org/paper_experiments/mnist/3x50_exp/patch/eps_1,14,14,3/vagharWithPerturbed_3x50_19_sgd_itr1/63912739904193_3x50_patch_1.0,14.0,14.0,3.0_ctag0__HyperAttackHints_VagharDeps_PertruebedIntervals_cTag1.txt","/root/Downloads/for_dana/vaghar_org/paper_experiments/mnist/3x50_exp/patch/eps_1,14,14,3/advStd_3x50_N1_19/63914881965439_n2_3x50_patch_1.0,14.0,14.0,3.0_ctag0_19_sgd_itr1_N2_advStd_BoundTightPertRelax0.0_SibGate_zonoBounds_varHintPrevPGD_seed4_both0_orgDrop0_pertDrop0_HyperAttackHints_VagharDeps_PerturbedIntervals_cTag1.txt"
3x50,patch,"1,14,14,3",0,6,3618.16,3620.09,8.943293,15.919173,8.738700,15.849376,-0.069796,no,off,no,yes,prev_pgd,yes,off,0.5,btpr,yes,elim not activated,elim not activated,12,11,13,0,0,4,,0.00,3620.09,1.00x,6.975879,7.110677,TIME_LIMIT,TIME_LIMIT,"/root/Downloads/for_dana/vaghar_org/paper_experiments/mnist/3x50_exp/patch/eps_1,14,14,3/vagharWithPerturbed_3x50_19_sgd_itr1/63912739904193_3x50_patch_1.0,14.0,14.0,3.0_ctag0__HyperAttackHints_VagharDeps_PertruebedIntervals_cTag1.txt","/root/Downloads/for_dana/vaghar_org/paper_experiments/mnist/3x50_exp/patch/eps_1,14,14,3/advStd_3x50_N1_19/63914350754237_n2_3x50_patch_1.0,14.0,14.0,3.0_ctag0_19_sgd_itr1_N2_advStd_BoundTightPertRelax0.5_SibGate_zonoBounds_varHintPrevPGD_seed4_both13_orgDrop0_pertDrop0_HyperAttackHints_VagharDeps_PerturbedIntervals_cTag1.txt"
3x50,patch,"1,14,14,3",0,6,3618.16,3613.97,8.943293,15.919173,8.700694,16.344511,0.425338,no,off,no,yes,prev_pgd,yes,off,0.0,btpr,no,elim not activated,elim not activated,0,0,,,,4,,0.00,3613.97,1.00x,6.975879,7.643817,TIME_LIMIT,TIME_LIMIT,"/root/Downloads/for_dana/vaghar_org/paper_experiments/mnist/3x50_exp/patch/eps_1,14,14,3/vagharWithPerturbed_3x50_19_sgd_itr1/63912739904193_3x50_patch_1.0,14.0,14.0,3.0_ctag0__HyperAttackHints_VagharDeps_PertruebedIntervals_cTag1.txt","/root/Downloads/for_dana/vaghar_org/paper_experiments/mnist/3x50_exp/patch/eps_1,14,14,3/advStd_3x50_N1_19/63912795253923_n2_3x50_patch_1.0,14.0,14.0,3.0_ctag0_19_sgd_itr1_N2_advStd_BoundTightPertRelax0.0_zonoBounds_varHintPrevPGD_seed4_HyperAttackHints_VagharDeps_PerturbedIntervals_cTag1.txt"
,,,,,,,,,,,,,,,,,,,,,,,,,,,,,,,,,,,,,,,
3x50,patch,"1,14,14,3",0,8,3616.74,3613.47,12.605161,13.947370,12.620242,14.490430,0.543060,no,off,no,yes,prev_pgd,yes,off,0.0,btpr,no,elim not activated,elim not activated,0,0,,,,4,,0.00,3613.47,1.00x,1.342209,1.870188,TIME_LIMIT,TIME_LIMIT,"/root/Downloads/for_dana/vaghar_org/paper_experiments/mnist/3x50_exp/patch/eps_1,14,14,3/vagharWithPerturbed_3x50_19_sgd_itr1/63912739904193_3x50_patch_1.0,14.0,14.0,3.0_ctag0__HyperAttackHints_VagharDeps_PertruebedIntervals_cTag1.txt","/root/Downloads/for_dana/vaghar_org/paper_experiments/mnist/3x50_exp/patch/eps_1,14,14,3/advStd_3x50_N1_19/63912795253923_n2_3x50_patch_1.0,14.0,14.0,3.0_ctag0_19_sgd_itr1_N2_advStd_BoundTightPertRelax0.0_zonoBounds_varHintPrevPGD_seed4_HyperAttackHints_VagharDeps_PerturbedIntervals_cTag1.txt"
,,,,,,,,,,,,,,,,,,,,,,,,,,,,,,,,,,,,,,,
3x50,patch,"1,14,14,3",1,6,3618.00,3614.58,9.640898,10.958258,9.687098,11.147539,0.189282,no,off,no,yes,prev_pgd,yes,off,0.0,btpr,no,elim not activated,elim not activated,0,0,,,,4,,0.00,3614.58,1.00x,1.317360,1.460442,TIME_LIMIT,TIME_LIMIT,"/root/Downloads/for_dana/vaghar_org/paper_experiments/mnist/3x50_exp/patch/eps_1,14,14,3/vagharWithPerturbed_3x50_19_sgd_itr1/63912926101739_3x50_patch_1.0,14.0,14.0,3.0_ctag1__HyperAttackHints_VagharDeps_PertruebedIntervals_cTag2.txt","/root/Downloads/for_dana/vaghar_org/paper_experiments/mnist/3x50_exp/patch/eps_1,14,14,3/advStd_3x50_N1_19/63912983354702_n2_3x50_patch_1.0,14.0,14.0,3.0_ctag1_19_sgd_itr1_N2_advStd_BoundTightPertRelax0.0_zonoBounds_varHintPrevPGD_seed4_HyperAttackHints_VagharDeps_PerturbedIntervals_cTag2.txt"
,,,,,,,,,,,,,,,,,,,,,,,,,,,,,,,,,,,,,,,
3x50,patch,"1,14,14,3",1,7,3616.20,3613.58,8.528308,10.406717,8.316771,10.415366,0.008649,no,off,no,yes,prev_pgd,yes,off,0.5,btpr,no,elim not activated,elim not activated,12,11,,,,4,,0.00,3613.58,1.00x,1.878409,2.098596,TIME_LIMIT,TIME_LIMIT,"/root/Downloads/for_dana/vaghar_org/paper_experiments/mnist/3x50_exp/patch/eps_1,14,14,3/vagharWithPerturbed_3x50_19_sgd_itr1/63912926101739_3x50_patch_1.0,14.0,14.0,3.0_ctag1__HyperAttackHints_VagharDeps_PertruebedIntervals_cTag2.txt","/root/Downloads/for_dana/vaghar_org/paper_experiments/mnist/3x50_exp/patch/eps_1,14,14,3/advStd_3x50_N1_19/63912983435412_n2_3x50_patch_1.0,14.0,14.0,3.0_ctag1_19_sgd_itr1_N2_advStd_BoundTightPertRelax0.5_zonoBounds_varHintPrevPGD_seed4_HyperAttackHints_VagharDeps_PerturbedIntervals_cTag2.txt"
3x50,patch,"1,14,14,3",1,7,3616.20,3615.88,8.528308,10.406717,8.314695,10.620779,0.214061,no,off,no,yes,prev_pgd,yes,off,0.0,btpr,no,elim not activated,elim not activated,0,0,,,,4,,0.00,3615.88,1.00x,1.878409,2.306084,TIME_LIMIT,TIME_LIMIT,"/root/Downloads/for_dana/vaghar_org/paper_experiments/mnist/3x50_exp/patch/eps_1,14,14,3/vagharWithPerturbed_3x50_19_sgd_itr1/63912926101739_3x50_patch_1.0,14.0,14.0,3.0_ctag1__HyperAttackHints_VagharDeps_PertruebedIntervals_cTag2.txt","/root/Downloads/for_dana/vaghar_org/paper_experiments/mnist/3x50_exp/patch/eps_1,14,14,3/advStd_3x50_N1_19/63912983354702_n2_3x50_patch_1.0,14.0,14.0,3.0_ctag1_19_sgd_itr1_N2_advStd_BoundTightPertRelax0.0_zonoBounds_varHintPrevPGD_seed4_HyperAttackHints_VagharDeps_PerturbedIntervals_cTag2.txt"
,,,,,,,,,,,,,,,,,,,,,,,,,,,,,,,,,,,,,,,
3x50,patch,"1,14,14,3",1,9,3616.01,3623.83,7.213988,10.010711,6.748024,10.016133,0.005422,no,off,no,yes,prev_pgd,no,off,0.5,btpr,yes,elim not activated,elim not activated,11,10,11,0,0,4,,0.00,3623.83,1.00x,2.796723,3.268108,TIME_LIMIT,TIME_LIMIT,"/root/Downloads/for_dana/vaghar_org/paper_experiments/mnist/3x50_exp/patch/eps_1,14,14,3/vagharWithPerturbed_3x50_19_sgd_itr1/63912926101739_3x50_patch_1.0,14.0,14.0,3.0_ctag1__HyperAttackHints_VagharDeps_PertruebedIntervals_cTag2.txt","/root/Downloads/for_dana/vaghar_org/paper_experiments/mnist/3x50_exp/patch/eps_1,14,14,3/advStd_3x50_N1_19/63914650731520_n2_3x50_patch_1.0,14.0,14.0,3.0_ctag1_19_sgd_itr1_N2_advStd_BoundTightPertRelax0.5_SibGate_varHintPrevPGD_seed4_both11_orgDrop0_pertDrop0_HyperAttackHints_VagharDeps_PerturbedIntervals_cTag2.txt"
3x50,patch,"1,14,14,3",1,9,3616.01,3615.12,7.213988,10.010711,6.695360,10.033149,0.022438,no,off,no,yes,prev_pgd,yes,off,0.0,btpr,yes,elim not activated,elim not activated,0,0,0,0,0,4,,0.00,3615.12,1.00x,2.796723,3.337789,TIME_LIMIT,TIME_LIMIT,"/root/Downloads/for_dana/vaghar_org/paper_experiments/mnist/3x50_exp/patch/eps_1,14,14,3/vagharWithPerturbed_3x50_19_sgd_itr1/63912926101739_3x50_patch_1.0,14.0,14.0,3.0_ctag1__HyperAttackHints_VagharDeps_PertruebedIntervals_cTag2.txt","/root/Downloads/for_dana/vaghar_org/paper_experiments/mnist/3x50_exp/patch/eps_1,14,14,3/advStd_3x50_N1_19/63914650788330_n2_3x50_patch_1.0,14.0,14.0,3.0_ctag1_19_sgd_itr1_N2_advStd_BoundTightPertRelax0.0_SibGate_zonoBounds_varHintPrevPGD_seed4_both0_orgDrop0_pertDrop0_HyperAttackHints_VagharDeps_PerturbedIntervals_cTag2.txt"
3x50,patch,"1,14,14,3",1,9,3616.01,3613.10,7.213988,10.010711,6.748025,10.139911,0.129201,no,off,no,yes,prev_pgd,yes,off,0.5,btpr,yes,elim not activated,elim not activated,12,11,13,0,0,4,,0.00,3613.10,1.00x,2.796723,3.391886,TIME_LIMIT,TIME_LIMIT,"/root/Downloads/for_dana/vaghar_org/paper_experiments/mnist/3x50_exp/patch/eps_1,14,14,3/vagharWithPerturbed_3x50_19_sgd_itr1/63912926101739_3x50_patch_1.0,14.0,14.0,3.0_ctag1__HyperAttackHints_VagharDeps_PertruebedIntervals_cTag2.txt","/root/Downloads/for_dana/vaghar_org/paper_experiments/mnist/3x50_exp/patch/eps_1,14,14,3/advStd_3x50_N1_19/63914653031580_n2_3x50_patch_1.0,14.0,14.0,3.0_ctag1_19_sgd_itr1_N2_advStd_BoundTightPertRelax0.5_SibGate_zonoBounds_varHintPrevPGD_seed4_both13_orgDrop0_pertDrop0_HyperAttackHints_VagharDeps_PerturbedIntervals_cTag2.txt"
3x50,patch,"1,14,14,3",1,9,3616.01,3622.82,7.213988,10.010711,6.748024,10.250501,0.239791,no,off,no,yes,prev_pgd,yes,off,0.5,btpr,no,elim not activated,elim not activated,12,11,,,,4,,0.00,3622.82,1.00x,2.796723,3.502477,TIME_LIMIT,TIME_LIMIT,"/root/Downloads/for_dana/vaghar_org/paper_experiments/mnist/3x50_exp/patch/eps_1,14,14,3/vagharWithPerturbed_3x50_19_sgd_itr1/63912926101739_3x50_patch_1.0,14.0,14.0,3.0_ctag1__HyperAttackHints_VagharDeps_PertruebedIntervals_cTag2.txt","/root/Downloads/for_dana/vaghar_org/paper_experiments/mnist/3x50_exp/patch/eps_1,14,14,3/advStd_3x50_N1_19/63912983435412_n2_3x50_patch_1.0,14.0,14.0,3.0_ctag1_19_sgd_itr1_N2_advStd_BoundTightPertRelax0.5_zonoBounds_varHintPrevPGD_seed4_HyperAttackHints_VagharDeps_PerturbedIntervals_cTag2.txt"
3x50,patch,"1,14,14,3",1,9,3616.01,3615.71,7.213988,10.010711,6.695348,10.475933,0.465222,no,off,no,yes,prev_pgd,yes,off,0.0,btpr,no,elim not activated,elim not activated,0,0,,,,4,,0.00,3615.71,1.00x,2.796723,3.780585,TIME_LIMIT,TIME_LIMIT,"/root/Downloads/for_dana/vaghar_org/paper_experiments/mnist/3x50_exp/patch/eps_1,14,14,3/vagharWithPerturbed_3x50_19_sgd_itr1/63912926101739_3x50_patch_1.0,14.0,14.0,3.0_ctag1__HyperAttackHints_VagharDeps_PertruebedIntervals_cTag2.txt","/root/Downloads/for_dana/vaghar_org/paper_experiments/mnist/3x50_exp/patch/eps_1,14,14,3/advStd_3x50_N1_19/63912983354702_n2_3x50_patch_1.0,14.0,14.0,3.0_ctag1_19_sgd_itr1_N2_advStd_BoundTightPertRelax0.0_zonoBounds_varHintPrevPGD_seed4_HyperAttackHints_VagharDeps_PerturbedIntervals_cTag2.txt"
,,,,,,,,,,,,,,,,,,,,,,,,,,,,,,,,,,,,,,,
3x50,patch,"1,14,14,3",2,9,3617.45,3613.63,7.479755,13.879493,7.634387,14.121898,0.242406,no,off,no,yes,prev_pgd,yes,off,0.0,btpr,no,elim not activated,elim not activated,0,0,,,,4,,0.00,3613.63,1.00x,6.399737,6.487511,TIME_LIMIT,TIME_LIMIT,"/root/Downloads/for_dana/vaghar_org/paper_experiments/mnist/3x50_exp/patch/eps_1,14,14,3/vagharWithPerturbed_3x50_19_sgd_itr1/63913097746429_3x50_patch_1.0,14.0,14.0,3.0_ctag2__HyperAttackHints_VagharDeps_PertruebedIntervals_cTag3.txt","/root/Downloads/for_dana/vaghar_org/paper_experiments/mnist/3x50_exp/patch/eps_1,14,14,3/advStd_3x50_N1_19/63913145851129_n2_3x50_patch_1.0,14.0,14.0,3.0_ctag2_19_sgd_itr1_N2_advStd_BoundTightPertRelax0.0_zonoBounds_varHintPrevPGD_seed4_HyperAttackHints_VagharDeps_PerturbedIntervals_cTag3.txt"
,,,,,,,,,,,,,,,,,,,,,,,,,,,,,,,,,,,,,,,
3x50,translation,"1,1",0,5,3618.73,3621.10,18.403160,19.034034,18.440305,19.083339,0.049305,no,off,no,yes,prev_pgd,yes,off,0.0,btpr,no,elim not activated,elim not activated,0,0,,,,4,,0.00,3621.10,1.00x,0.630874,0.643034,TIME_LIMIT,TIME_LIMIT,"/root/Downloads/for_dana/vaghar_org/paper_experiments/mnist/3x50_exp/translation/eps_1,1/vagharWithPerturbed_3x50_19_sgd_itr1/63912739953740_3x50_translation_1.0,1.0_ctag0__HyperAttackHints_VagharDeps_PertruebedIntervals_cTag1.txt","/root/Downloads/for_dana/vaghar_org/paper_experiments/mnist/3x50_exp/translation/eps_1,1/advStd_3x50_N1_19/63912796981568_n2_3x50_translation_1.0,1.0_ctag0_19_sgd_itr1_N2_advStd_BoundTightPertRelax0.0_zonoBounds_varHintPrevPGD_seed4_HyperAttackHints_VagharDeps_PerturbedIntervals_cTag1.txt"
,,,,,,,,,,,,,,,,,,,,,,,,,,,,,,,,,,,,,,,
3x50,translation,"1,1",0,9,3616.33,3614.45,17.440075,18.719136,17.440075,18.854905,0.135769,no,off,no,yes,prev_pgd,yes,off,0.0,btpr,no,elim not activated,elim not activated,0,0,,,,4,,0.00,3614.45,1.00x,1.279061,1.414830,TIME_LIMIT,TIME_LIMIT,"/root/Downloads/for_dana/vaghar_org/paper_experiments/mnist/3x50_exp/translation/eps_1,1/vagharWithPerturbed_3x50_19_sgd_itr1/63912739953740_3x50_translation_1.0,1.0_ctag0__HyperAttackHints_VagharDeps_PertruebedIntervals_cTag1.txt","/root/Downloads/for_dana/vaghar_org/paper_experiments/mnist/3x50_exp/translation/eps_1,1/advStd_3x50_N1_19/63912796981568_n2_3x50_translation_1.0,1.0_ctag0_19_sgd_itr1_N2_advStd_BoundTightPertRelax0.0_zonoBounds_varHintPrevPGD_seed4_HyperAttackHints_VagharDeps_PerturbedIntervals_cTag1.txt"
,,,,,,,,,,,,,,,,,,,,,,,,,,,,,,,,,,,,,,,
3x50,translation,"1,1",1,3,3617.19,3618.80,12.446188,12.679781,12.474649,12.711761,0.031980,no,off,no,yes,prev_pgd,yes,off,0.5,btpr,no,elim not activated,elim not activated,12,12,,,,4,,0.00,3618.80,1.00x,0.233592,0.237112,TIME_LIMIT,TIME_LIMIT,"/root/Downloads/for_dana/vaghar_org/paper_experiments/mnist/3x50_exp/translation/eps_1,1/vagharWithPerturbed_3x50_19_sgd_itr1/63912926323022_3x50_translation_1.0,1.0_ctag1__HyperAttackHints_VagharDeps_PertruebedIntervals_cTag2.txt","/root/Downloads/for_dana/vaghar_org/paper_experiments/mnist/3x50_exp/translation/eps_1,1/advStd_3x50_N1_19/63912985711665_n2_3x50_translation_1.0,1.0_ctag1_19_sgd_itr1_N2_advStd_BoundTightPertRelax0.5_zonoBounds_varHintPrevPGD_seed4_HyperAttackHints_VagharDeps_PerturbedIntervals_cTag2.txt"
,,,,,,,,,,,,,,,,,,,,,,,,,,,,,,,,,,,,,,,
3x50,translation,"1,1",1,6,3618.79,3612.55,12.375042,12.521662,12.376179,12.536488,0.014826,no,off,no,yes,prev_pgd,no,off,0.25,btpr,yes,elim not activated,elim not activated,9,9,9,0,0,4,,0.00,3612.55,1.00x,0.146620,0.160309,TIME_LIMIT,TIME_LIMIT,"/root/Downloads/for_dana/vaghar_org/paper_experiments/mnist/3x50_exp/translation/eps_1,1/vagharWithPerturbed_3x50_19_sgd_itr1/63912926323022_3x50_translation_1.0,1.0_ctag1__HyperAttackHints_VagharDeps_PertruebedIntervals_cTag2.txt","/root/Downloads/for_dana/vaghar_org/paper_experiments/mnist/3x50_exp/translation/eps_1,1/advStd_3x50_N1_19/63914654821615_n2_3x50_translation_1.0,1.0_ctag1_19_sgd_itr1_N2_advStd_BoundTightPertRelax0.25_SibGate_varHintPrevPGD_seed4_both9_orgDrop0_pertDrop0_HyperAttackHints_VagharDeps_PerturbedIntervals_cTag2.txt"
3x50,translation,"1,1",1,6,3618.79,3615.28,12.375042,12.521662,12.375042,12.549191,0.027528,no,off,no,yes,prev_pgd,yes,off,0.0,btpr,no,elim not activated,elim not activated,0,0,,,,4,,0.00,3615.28,1.00x,0.146620,0.174149,TIME_LIMIT,TIME_LIMIT,"/root/Downloads/for_dana/vaghar_org/paper_experiments/mnist/3x50_exp/translation/eps_1,1/vagharWithPerturbed_3x50_19_sgd_itr1/63912926323022_3x50_translation_1.0,1.0_ctag1__HyperAttackHints_VagharDeps_PertruebedIntervals_cTag2.txt","/root/Downloads/for_dana/vaghar_org/paper_experiments/mnist/3x50_exp/translation/eps_1,1/advStd_3x50_N1_19/63912983648017_n2_3x50_translation_1.0,1.0_ctag1_19_sgd_itr1_N2_advStd_BoundTightPertRelax0.0_zonoBounds_varHintPrevPGD_seed4_HyperAttackHints_VagharDeps_PerturbedIntervals_cTag2.txt"
3x50,translation,"1,1",1,6,3618.79,3622.94,12.375042,12.521662,12.378282,12.580529,0.058867,no,off,no,yes,prev_pgd,no,off,0.5,btpr,yes,elim not activated,elim not activated,11,11,11,0,0,4,,0.00,3622.94,1.00x,0.146620,0.202247,TIME_LIMIT,TIME_LIMIT,"/root/Downloads/for_dana/vaghar_org/paper_experiments/mnist/3x50_exp/translation/eps_1,1/vagharWithPerturbed_3x50_19_sgd_itr1/63912926323022_3x50_translation_1.0,1.0_ctag1__HyperAttackHints_VagharDeps_PertruebedIntervals_cTag2.txt","/root/Downloads/for_dana/vaghar_org/paper_experiments/mnist/3x50_exp/translation/eps_1,1/advStd_3x50_N1_19/63914680823113_n2_3x50_translation_1.0,1.0_ctag1_19_sgd_itr1_N2_advStd_BoundTightPertRelax0.5_SibGate_varHintPrevPGD_seed4_both11_orgDrop0_pertDrop0_HyperAttackHints_VagharDeps_PerturbedIntervals_cTag2.txt"
3x50,translation,"1,1",1,6,3618.79,3616.69,12.375042,12.521662,12.378282,12.590940,0.069277,no,off,no,yes,prev_pgd,yes,off,0.5,btpr,no,elim not activated,elim not activated,12,12,,,,4,,0.00,3616.69,1.00x,0.146620,0.212658,TIME_LIMIT,TIME_LIMIT,"/root/Downloads/for_dana/vaghar_org/paper_experiments/mnist/3x50_exp/translation/eps_1,1/vagharWithPerturbed_3x50_19_sgd_itr1/63912926323022_3x50_translation_1.0,1.0_ctag1__HyperAttackHints_VagharDeps_PertruebedIntervals_cTag2.txt","/root/Downloads/for_dana/vaghar_org/paper_experiments/mnist/3x50_exp/translation/eps_1,1/advStd_3x50_N1_19/63912985711665_n2_3x50_translation_1.0,1.0_ctag1_19_sgd_itr1_N2_advStd_BoundTightPertRelax0.5_zonoBounds_varHintPrevPGD_seed4_HyperAttackHints_VagharDeps_PerturbedIntervals_cTag2.txt"
,,,,,,,,,,,,,,,,,,,,,,,,,,,,,,,,,,,,,,,
3x50,translation,"3,3",1,5,3618.14,3616.97,12.459421,12.726534,12.465140,12.739248,0.012714,no,off,no,yes,prev_pgd,yes,off,0.0,btpr,no,elim not activated,elim not activated,0,0,,,,4,,0.00,3616.97,1.00x,0.267113,0.274108,TIME_LIMIT,TIME_LIMIT,"/root/Downloads/for_dana/vaghar_org/paper_experiments/mnist/3x50_exp/translation/eps_3,3/vagharWithPerturbed_3x50_19_sgd_itr1/63912927473610_3x50_translation_3.0,3.0_ctag1__HyperAttackHints_VagharDeps_PertruebedIntervals_cTag2.txt","/root/Downloads/for_dana/vaghar_org/paper_experiments/mnist/3x50_exp/translation/eps_3,3/advStd_3x50_N1_19/63913006316821_n2_3x50_translation_3.0,3.0_ctag1_19_sgd_itr1_N2_advStd_BoundTightPertRelax0.0_zonoBounds_varHintPrevPGD_seed4_HyperAttackHints_VagharDeps_PerturbedIntervals_cTag2.txt"
,,,,,,,,,,,,,,,,,,,,,,,,,,,,,,,,,,,,,,,
cnn1,linf,0.1,0,1,3620.83,3615.91,37.656386,54.322884,37.330381,54.258861,-0.064023,no,off,no,yes,prev_pgd,yes,off,0.0,btpr,no,elim not activated,elim not activated,0,0,,,,4,,0.00,3615.91,1.00x,16.666497,16.928480,TIME_LIMIT,TIME_LIMIT,/root/Downloads/for_dana/vaghar_org/paper_experiments/mnist/cnn1_exp/linf/eps_0.1/vagharWithPerturbed_cnn1_model_seed42_itr20_sgd_itr1/63912739106759_cnn1_linf_0.1_ctag0__HyperAttackHints_VagharDeps_PertruebedIntervals_cTag1.txt,/root/Downloads/for_dana/vaghar_org/paper_experiments/mnist/cnn1_exp/linf/eps_0.1/advStd_cnn1_N1_model_seed42_itr20/63912794993348_n2_cnn1_linf_0.1_ctag0_model_seed42_itr20_sgd_itr1_N2_advStd_BoundTightPertRelax0.0_zonoBounds_varHintPrevPGD_seed4_HyperAttackHints_VagharDeps_PerturbedIntervals_cTag1.txt
cnn1,linf,0.1,0,1,3620.83,3611.20,37.656386,54.322884,37.329130,54.272584,-0.050300,no,off,no,yes,prev_pgd,yes,off,0.0,btpr,yes,elim not activated,elim not activated,0,0,0,0,0,4,,0.00,3611.20,1.00x,16.666497,16.943454,TIME_LIMIT,TIME_LIMIT,/root/Downloads/for_dana/vaghar_org/paper_experiments/mnist/cnn1_exp/linf/eps_0.1/vagharWithPerturbed_cnn1_model_seed42_itr20_sgd_itr1/63912739106759_cnn1_linf_0.1_ctag0__HyperAttackHints_VagharDeps_PertruebedIntervals_cTag1.txt,/root/Downloads/for_dana/vaghar_org/paper_experiments/mnist/cnn1_exp/linf/eps_0.1/advStd_cnn1_N1_model_seed42_itr20/63914308441473_n2_cnn1_linf_0.1_ctag0_model_seed42_itr20_sgd_itr1_N2_advStd_BoundTightPertRelax0.0_SibGate_zonoBounds_varHintPrevPGD_seed4_both0_orgDrop0_pertDrop0_HyperAttackHints_VagharDeps_PerturbedIntervals_cTag1.txt
,,,,,,,,,,,,,,,,,,,,,,,,,,,,,,,,,,,,,,,
cnn1,linf,0.1,0,2,3623.78,3616.89,39.985211,54.339125,41.734053,60.551634,6.212509,no,off,no,yes,prev_pgd,yes,off,0.0,btpr,no,elim not activated,elim not activated,0,0,,,,4,,0.00,3616.89,1.00x,14.353914,18.817581,TIME_LIMIT,TIME_LIMIT,/root/Downloads/for_dana/vaghar_org/paper_experiments/mnist/cnn1_exp/linf/eps_0.1/vagharWithPerturbed_cnn1_model_seed42_itr20_sgd_itr1/63912739106759_cnn1_linf_0.1_ctag0__HyperAttackHints_VagharDeps_PertruebedIntervals_cTag1.txt,/root/Downloads/for_dana/vaghar_org/paper_experiments/mnist/cnn1_exp/linf/eps_0.1/advStd_cnn1_N1_model_seed42_itr20/63912794993348_n2_cnn1_linf_0.1_ctag0_model_seed42_itr20_sgd_itr1_N2_advStd_BoundTightPertRelax0.0_zonoBounds_varHintPrevPGD_seed4_HyperAttackHints_VagharDeps_PerturbedIntervals_cTag1.txt
cnn1,linf,0.1,0,2,3623.78,3613.83,39.985211,54.339125,41.734053,60.551634,6.212509,no,off,no,yes,prev_pgd,no,off,0.0,btpr,yes,elim not activated,elim not activated,0,0,0,0,0,4,,0.00,3613.83,1.00x,14.353914,18.817581,TIME_LIMIT,TIME_LIMIT,/root/Downloads/for_dana/vaghar_org/paper_experiments/mnist/cnn1_exp/linf/eps_0.1/vagharWithPerturbed_cnn1_model_seed42_itr20_sgd_itr1/63912739106759_cnn1_linf_0.1_ctag0__HyperAttackHints_VagharDeps_PertruebedIntervals_cTag1.txt,/root/Downloads/for_dana/vaghar_org/paper_experiments/mnist/cnn1_exp/linf/eps_0.1/advStd_cnn1_N1_model_seed42_itr20/63914305956785_n2_cnn1_linf_0.1_ctag0_model_seed42_itr20_sgd_itr1_N2_advStd_BoundTightPertRelax0.0_SibGate_varHintPrevPGD_seed4_both0_orgDrop0_pertDrop0_HyperAttackHints_VagharDeps_PerturbedIntervals_cTag1.txt
cnn1,linf,0.1,0,2,3623.78,3611.38,39.985211,54.339125,41.734053,60.551634,6.212509,no,off,no,yes,prev_pgd,yes,off,0.0,btpr,yes,elim not activated,elim not activated,0,0,0,0,0,4,,0.00,3611.38,1.00x,14.353914,18.817581,TIME_LIMIT,TIME_LIMIT,/root/Downloads/for_dana/vaghar_org/paper_experiments/mnist/cnn1_exp/linf/eps_0.1/vagharWithPerturbed_cnn1_model_seed42_itr20_sgd_itr1/63912739106759_cnn1_linf_0.1_ctag0__HyperAttackHints_VagharDeps_PertruebedIntervals_cTag1.txt,/root/Downloads/for_dana/vaghar_org/paper_experiments/mnist/cnn1_exp/linf/eps_0.1/advStd_cnn1_N1_model_seed42_itr20/63914308441473_n2_cnn1_linf_0.1_ctag0_model_seed42_itr20_sgd_itr1_N2_advStd_BoundTightPertRelax0.0_SibGate_zonoBounds_varHintPrevPGD_seed4_both0_orgDrop0_pertDrop0_HyperAttackHints_VagharDeps_PerturbedIntervals_cTag1.txt
,,,,,,,,,,,,,,,,,,,,,,,,,,,,,,,,,,,,,,,
cnn1,linf,0.1,0,5,1812.49,3613.70,39.912181,54.335725,44.442082,60.276793,5.941069,no,off,no,yes,prev_pgd,no,off,0.5,btpr,yes,elim not activated,elim not activated,82,82,82,0,0,4,,0.00,3613.70,1.99x,14.423543,15.834711,TIME_LIMIT,TIME_LIMIT,/root/Downloads/for_dana/vaghar_org/paper_experiments/mnist/cnn1_exp/linf/eps_0.1/vagharWithPerturbed_cnn1_seed42_itr20_sgd_itr1/63910328217802_cnn1_linf_0.1_ctag0__HyperAttackHints_VagharDeps_PertruebedIntervals_cTag1.txt,/root/Downloads/for_dana/vaghar_org/paper_experiments/mnist/cnn1_exp/linf/eps_0.1/advStd_cnn1_N1_model_seed42_itr20/63914308057023_n2_cnn1_linf_0.1_ctag0_model_seed42_itr20_sgd_itr1_N2_advStd_BoundTightPertRelax0.5_SibGate_varHintPrevPGD_seed4_both82_orgDrop0_pertDrop0_HyperAttackHints_VagharDeps_PerturbedIntervals_cTag1.txt
cnn1,linf,0.1,0,5,1812.49,3621.95,39.912181,54.335725,44.442082,60.276793,5.941069,no,off,no,yes,prev_pgd,yes,off,0.25,btpr,yes,elim not activated,elim not activated,82,82,82,0,0,4,,0.00,3621.95,2.00x,14.423543,15.834711,TIME_LIMIT,TIME_LIMIT,/root/Downloads/for_dana/vaghar_org/paper_experiments/mnist/cnn1_exp/linf/eps_0.1/vagharWithPerturbed_cnn1_seed42_itr20_sgd_itr1/63910328217802_cnn1_linf_0.1_ctag0__HyperAttackHints_VagharDeps_PertruebedIntervals_cTag1.txt,/root/Downloads/for_dana/vaghar_org/paper_experiments/mnist/cnn1_exp/linf/eps_0.1/advStd_cnn1_N1_model_seed42_itr20/63914308653035_n2_cnn1_linf_0.1_ctag0_model_seed42_itr20_sgd_itr1_N2_advStd_BoundTightPertRelax0.25_SibGate_zonoBounds_varHintPrevPGD_seed4_both82_orgDrop0_pertDrop0_HyperAttackHints_VagharDeps_PerturbedIntervals_cTag1.txt
cnn1,linf,0.1,0,5,1812.49,3611.88,39.912181,54.335725,44.442082,60.276793,5.941069,no,off,no,yes,prev_pgd,yes,off,0.5,btpr,yes,elim not activated,elim not activated,82,82,82,0,0,4,,0.00,3611.88,1.99x,14.423543,15.834711,TIME_LIMIT,TIME_LIMIT,/root/Downloads/for_dana/vaghar_org/paper_experiments/mnist/cnn1_exp/linf/eps_0.1/vagharWithPerturbed_cnn1_seed42_itr20_sgd_itr1/63910328217802_cnn1_linf_0.1_ctag0__HyperAttackHints_VagharDeps_PertruebedIntervals_cTag1.txt,/root/Downloads/for_dana/vaghar_org/paper_experiments/mnist/cnn1_exp/linf/eps_0.1/advStd_cnn1_N1_model_seed42_itr20/63914309193991_n2_cnn1_linf_0.1_ctag0_model_seed42_itr20_sgd_itr1_N2_advStd_BoundTightPertRelax0.5_SibGate_zonoBounds_varHintPrevPGD_seed4_both82_orgDrop0_pertDrop0_HyperAttackHints_VagharDeps_PerturbedIntervals_cTag1.txt
cnn1,linf,0.1,0,5,1812.49,3611.29,39.912181,54.335725,42.689733,59.730698,5.394973,no,off,no,yes,prev_pgd,yes,off,0.0,btpr,yes,elim not activated,elim not activated,0,0,0,0,0,4,,0.00,3611.29,1.99x,14.423543,17.040965,TIME_LIMIT,TIME_LIMIT,/root/Downloads/for_dana/vaghar_org/paper_experiments/mnist/cnn1_exp/linf/eps_0.1/vagharWithPerturbed_cnn1_seed42_itr20_sgd_itr1/63910328217802_cnn1_linf_0.1_ctag0__HyperAttackHints_VagharDeps_PertruebedIntervals_cTag1.txt,/root/Downloads/for_dana/vaghar_org/paper_experiments/mnist/cnn1_exp/linf/eps_0.1/advStd_cnn1_N1_model_seed42_itr20/63914308441473_n2_cnn1_linf_0.1_ctag0_model_seed42_itr20_sgd_itr1_N2_advStd_BoundTightPertRelax0.0_SibGate_zonoBounds_varHintPrevPGD_seed4_both0_orgDrop0_pertDrop0_HyperAttackHints_VagharDeps_PerturbedIntervals_cTag1.txt
cnn1,linf,0.1,0,5,1812.49,3617.23,39.912181,54.335725,42.509212,60.679221,6.343497,no,off,no,yes,prev_pgd,yes,off,0.0,btpr,no,elim not activated,elim not activated,0,0,,,,4,,0.00,3617.23,2.00x,14.423543,18.170010,TIME_LIMIT,TIME_LIMIT,/root/Downloads/for_dana/vaghar_org/paper_experiments/mnist/cnn1_exp/linf/eps_0.1/vagharWithPerturbed_cnn1_seed42_itr20_sgd_itr1/63910328217802_cnn1_linf_0.1_ctag0__HyperAttackHints_VagharDeps_PertruebedIntervals_cTag1.txt,/root/Downloads/for_dana/vaghar_org/paper_experiments/mnist/cnn1_exp/linf/eps_0.1/advStd_cnn1_N1_model_seed42_itr20/63912794993348_n2_cnn1_linf_0.1_ctag0_model_seed42_itr20_sgd_itr1_N2_advStd_BoundTightPertRelax0.0_zonoBounds_varHintPrevPGD_seed4_HyperAttackHints_VagharDeps_PerturbedIntervals_cTag1.txt
cnn1,linf,0.1,0,5,1812.49,3615.15,39.912181,54.335725,42.426465,60.679221,6.343497,no,off,no,yes,prev_pgd,no,off,0.0,btpr,yes,elim not activated,elim not activated,0,0,0,0,0,4,,0.00,3615.15,1.99x,14.423543,18.252757,TIME_LIMIT,TIME_LIMIT,/root/Downloads/for_dana/vaghar_org/paper_experiments/mnist/cnn1_exp/linf/eps_0.1/vagharWithPerturbed_cnn1_seed42_itr20_sgd_itr1/63910328217802_cnn1_linf_0.1_ctag0__HyperAttackHints_VagharDeps_PertruebedIntervals_cTag1.txt,/root/Downloads/for_dana/vaghar_org/paper_experiments/mnist/cnn1_exp/linf/eps_0.1/advStd_cnn1_N1_model_seed42_itr20/63914305956785_n2_cnn1_linf_0.1_ctag0_model_seed42_itr20_sgd_itr1_N2_advStd_BoundTightPertRelax0.0_SibGate_varHintPrevPGD_seed4_both0_orgDrop0_pertDrop0_HyperAttackHints_VagharDeps_PerturbedIntervals_cTag1.txt
,,,,,,,,,,,,,,,,,,,,,,,,,,,,,,,,,,,,,,,
cnn1,linf,0.1,0,7,3618.34,3619.95,41.090714,54.333214,43.374770,60.317681,5.984467,no,off,no,yes,prev_pgd,yes,off,0.0,btpr,no,elim not activated,elim not activated,0,0,,,,4,,0.00,3619.95,1.00x,13.242500,16.942911,TIME_LIMIT,TIME_LIMIT,/root/Downloads/for_dana/vaghar_org/paper_experiments/mnist/cnn1_exp/linf/eps_0.1/vagharWithPerturbed_cnn1_model_seed42_itr20_sgd_itr1/63912739106759_cnn1_linf_0.1_ctag0__HyperAttackHints_VagharDeps_PertruebedIntervals_cTag1.txt,/root/Downloads/for_dana/vaghar_org/paper_experiments/mnist/cnn1_exp/linf/eps_0.1/advStd_cnn1_N1_model_seed42_itr20/63912794993348_n2_cnn1_linf_0.1_ctag0_model_seed42_itr20_sgd_itr1_N2_advStd_BoundTightPertRelax0.0_zonoBounds_varHintPrevPGD_seed4_HyperAttackHints_VagharDeps_PerturbedIntervals_cTag1.txt
cnn1,linf,0.1,0,7,3618.34,3611.32,41.090714,54.333214,43.374770,60.317681,5.984467,no,off,no,yes,prev_pgd,yes,off,0.0,btpr,yes,elim not activated,elim not activated,0,0,0,0,0,4,,0.00,3611.32,1.00x,13.242500,16.942911,TIME_LIMIT,TIME_LIMIT,/root/Downloads/for_dana/vaghar_org/paper_experiments/mnist/cnn1_exp/linf/eps_0.1/vagharWithPerturbed_cnn1_model_seed42_itr20_sgd_itr1/63912739106759_cnn1_linf_0.1_ctag0__HyperAttackHints_VagharDeps_PertruebedIntervals_cTag1.txt,/root/Downloads/for_dana/vaghar_org/paper_experiments/mnist/cnn1_exp/linf/eps_0.1/advStd_cnn1_N1_model_seed42_itr20/63914308441473_n2_cnn1_linf_0.1_ctag0_model_seed42_itr20_sgd_itr1_N2_advStd_BoundTightPertRelax0.0_SibGate_zonoBounds_varHintPrevPGD_seed4_both0_orgDrop0_pertDrop0_HyperAttackHints_VagharDeps_PerturbedIntervals_cTag1.txt
,,,,,,,,,,,,,,,,,,,,,,,,,,,,,,,,,,,,,,,
cnn1,linf,0.1,0,8,3615.99,3615.72,28.223531,54.317774,27.088028,60.393230,6.075456,no,off,no,yes,prev_pgd,yes,off,0.0,btpr,no,elim not activated,elim not activated,0,0,,,,4,,0.00,3615.72,1.00x,26.094243,33.305202,TIME_LIMIT,TIME_LIMIT,/root/Downloads/for_dana/vaghar_org/paper_experiments/mnist/cnn1_exp/linf/eps_0.1/vagharWithPerturbed_cnn1_model_seed42_itr20_sgd_itr1/63912739106759_cnn1_linf_0.1_ctag0__HyperAttackHints_VagharDeps_PertruebedIntervals_cTag1.txt,/root/Downloads/for_dana/vaghar_org/paper_experiments/mnist/cnn1_exp/linf/eps_0.1/advStd_cnn1_N1_model_seed42_itr20/63912794993348_n2_cnn1_linf_0.1_ctag0_model_seed42_itr20_sgd_itr1_N2_advStd_BoundTightPertRelax0.0_zonoBounds_varHintPrevPGD_seed4_HyperAttackHints_VagharDeps_PerturbedIntervals_cTag1.txt
cnn1,linf,0.1,0,8,3615.99,3611.69,28.223531,54.317774,27.088028,60.393230,6.075456,no,off,no,yes,prev_pgd,yes,off,0.0,btpr,yes,elim not activated,elim not activated,0,0,0,0,0,4,,0.00,3611.69,1.00x,26.094243,33.305202,TIME_LIMIT,TIME_LIMIT,/root/Downloads/for_dana/vaghar_org/paper_experiments/mnist/cnn1_exp/linf/eps_0.1/vagharWithPerturbed_cnn1_model_seed42_itr20_sgd_itr1/63912739106759_cnn1_linf_0.1_ctag0__HyperAttackHints_VagharDeps_PertruebedIntervals_cTag1.txt,/root/Downloads/for_dana/vaghar_org/paper_experiments/mnist/cnn1_exp/linf/eps_0.1/advStd_cnn1_N1_model_seed42_itr20/63914308441473_n2_cnn1_linf_0.1_ctag0_model_seed42_itr20_sgd_itr1_N2_advStd_BoundTightPertRelax0.0_SibGate_zonoBounds_varHintPrevPGD_seed4_both0_orgDrop0_pertDrop0_HyperAttackHints_VagharDeps_PerturbedIntervals_cTag1.txt
cnn1,linf,0.1,0,8,3615.99,3616.40,28.223531,54.317774,25.084777,60.393230,6.075456,no,off,no,yes,prev_pgd,no,off,0.0,btpr,yes,elim not activated,elim not activated,0,0,0,0,0,4,,0.00,3616.40,1.00x,26.094243,35.308453,TIME_LIMIT,TIME_LIMIT,/root/Downloads/for_dana/vaghar_org/paper_experiments/mnist/cnn1_exp/linf/eps_0.1/vagharWithPerturbed_cnn1_model_seed42_itr20_sgd_itr1/63912739106759_cnn1_linf_0.1_ctag0__HyperAttackHints_VagharDeps_PertruebedIntervals_cTag1.txt,/root/Downloads/for_dana/vaghar_org/paper_experiments/mnist/cnn1_exp/linf/eps_0.1/advStd_cnn1_N1_model_seed42_itr20/63914305956785_n2_cnn1_linf_0.1_ctag0_model_seed42_itr20_sgd_itr1_N2_advStd_BoundTightPertRelax0.0_SibGate_varHintPrevPGD_seed4_both0_orgDrop0_pertDrop0_HyperAttackHints_VagharDeps_PerturbedIntervals_cTag1.txt
,,,,,,,,,,,,,,,,,,,,,,,,,,,,,,,,,,,,,,,
cnn1,linf,0.1,1,0,3621.18,3613.58,35.252006,74.919671,40.870673,82.996782,8.077111,no,off,no,yes,prev_pgd,no,off,0.25,btpr,yes,elim not activated,elim not activated,82,82,82,0,0,4,,0.00,3613.58,1.00x,39.667665,42.126109,TIME_LIMIT,TIME_LIMIT,/root/Downloads/for_dana/vaghar_org/paper_experiments/mnist/cnn1_exp/linf/eps_0.1/vagharWithPerturbed_cnn1_model_seed42_itr20_sgd_itr1/63912925248645_cnn1_linf_0.1_ctag1__HyperAttackHints_VagharDeps_PertruebedIntervals_cTag2.txt,/root/Downloads/for_dana/vaghar_org/paper_experiments/mnist/cnn1_exp/linf/eps_0.1/advStd_cnn1_N1_model_seed42_itr20/63914609155693_n2_cnn1_linf_0.1_ctag1_model_seed42_itr20_sgd_itr1_N2_advStd_BoundTightPertRelax0.25_SibGate_varHintPrevPGD_seed4_both82_orgDrop0_pertDrop0_HyperAttackHints_VagharDeps_PerturbedIntervals_cTag2.txt
,,,,,,,,,,,,,,,,,,,,,,,,,,,,,,,,,,,,,,,
cnn1,linf,0.1,1,2,3618.57,3615.38,35.118843,74.938656,39.058908,83.039045,8.100390,no,off,no,yes,prev_pgd,yes,off,0.5,btpr,no,elim not activated,elim not activated,82,82,,,,4,,0.00,3615.38,1.00x,39.819812,43.980138,TIME_LIMIT,TIME_LIMIT,/root/Downloads/for_dana/vaghar_org/paper_experiments/mnist/cnn1_exp/linf/eps_0.1/vagharWithPerturbed_cnn1_model_seed42_itr20_sgd_itr1/63912925248645_cnn1_linf_0.1_ctag1__HyperAttackHints_VagharDeps_PertruebedIntervals_cTag2.txt,/root/Downloads/for_dana/vaghar_org/paper_experiments/mnist/cnn1_exp/linf/eps_0.1/advStd_cnn1_N1_model_seed42_itr20/63912983009566_n2_cnn1_linf_0.1_ctag1_model_seed42_itr20_sgd_itr1_N2_advStd_BoundTightPertRelax0.5_zonoBounds_varHintPrevPGD_seed4_HyperAttackHints_VagharDeps_PerturbedIntervals_cTag2.txt
cnn1,linf,0.1,1,2,3618.57,3624.93,35.118843,74.938656,39.430172,88.980653,14.041997,no,off,no,yes,prev_pgd,no,off,0.5,btpr,yes,elim not activated,elim not activated,82,82,82,0,0,4,,0.00,3624.93,1.00x,39.819812,49.550481,TIME_LIMIT,TIME_LIMIT,/root/Downloads/for_dana/vaghar_org/paper_experiments/mnist/cnn1_exp/linf/eps_0.1/vagharWithPerturbed_cnn1_model_seed42_itr20_sgd_itr1/63912925248645_cnn1_linf_0.1_ctag1__HyperAttackHints_VagharDeps_PertruebedIntervals_cTag2.txt,/root/Downloads/for_dana/vaghar_org/paper_experiments/mnist/cnn1_exp/linf/eps_0.1/advStd_cnn1_N1_model_seed42_itr20/63914611546161_n2_cnn1_linf_0.1_ctag1_model_seed42_itr20_sgd_itr1_N2_advStd_BoundTightPertRelax0.5_SibGate_varHintPrevPGD_seed4_both82_orgDrop0_pertDrop0_HyperAttackHints_VagharDeps_PerturbedIntervals_cTag2.txt
cnn1,linf,0.1,1,2,3618.57,3612.33,35.118843,74.938656,39.100871,88.980653,14.041997,no,off,no,yes,prev_pgd,yes,off,0.5,btpr,yes,elim not activated,elim not activated,82,82,82,0,0,4,,0.00,3612.33,1.00x,39.819812,49.879782,TIME_LIMIT,TIME_LIMIT,/root/Downloads/for_dana/vaghar_org/paper_experiments/mnist/cnn1_exp/linf/eps_0.1/vagharWithPerturbed_cnn1_model_seed42_itr20_sgd_itr1/63912925248645_cnn1_linf_0.1_ctag1__HyperAttackHints_VagharDeps_PertruebedIntervals_cTag2.txt,/root/Downloads/for_dana/vaghar_org/paper_experiments/mnist/cnn1_exp/linf/eps_0.1/advStd_cnn1_N1_model_seed42_itr20/63914613374783_n2_cnn1_linf_0.1_ctag1_model_seed42_itr20_sgd_itr1_N2_advStd_BoundTightPertRelax0.5_SibGate_zonoBounds_varHintPrevPGD_seed4_both82_orgDrop0_pertDrop0_HyperAttackHints_VagharDeps_PerturbedIntervals_cTag2.txt
,,,,,,,,,,,,,,,,,,,,,,,,,,,,,,,,,,,,,,,
cnn1,linf,0.1,1,3,3615.92,3611.77,40.382378,74.959298,42.784744,88.089964,13.130666,no,off,no,yes,prev_pgd,yes,off,0.0,btpr,yes,elim not activated,elim not activated,0,0,0,0,0,4,,0.00,3611.77,1.00x,34.576921,45.305220,TIME_LIMIT,TIME_LIMIT,/root/Downloads/for_dana/vaghar_org/paper_experiments/mnist/cnn1_exp/linf/eps_0.1/vagharWithPerturbed_cnn1_model_seed42_itr20_sgd_itr1/63912925248645_cnn1_linf_0.1_ctag1__HyperAttackHints_VagharDeps_PertruebedIntervals_cTag2.txt,/root/Downloads/for_dana/vaghar_org/paper_experiments/mnist/cnn1_exp/linf/eps_0.1/advStd_cnn1_N1_model_seed42_itr20/63914611677468_n2_cnn1_linf_0.1_ctag1_model_seed42_itr20_sgd_itr1_N2_advStd_BoundTightPertRelax0.0_SibGate_zonoBounds_varHintPrevPGD_seed4_both0_orgDrop0_pertDrop0_HyperAttackHints_VagharDeps_PerturbedIntervals_cTag2.txt
,,,,,,,,,,,,,,,,,,,,,,,,,,,,,,,,,,,,,,,
cnn1,linf,0.1,1,8,3613.69,3622.54,38.895626,74.900880,42.198631,87.559359,12.658479,no,off,no,yes,prev_pgd,yes,off,0.25,btpr,yes,elim not activated,elim not activated,82,82,82,0,0,4,,0.00,3622.54,1.00x,36.005254,45.360728,TIME_LIMIT,TIME_LIMIT,/root/Downloads/for_dana/vaghar_org/paper_experiments/mnist/cnn1_exp/linf/eps_0.1/vagharWithPerturbed_cnn1_model_seed42_itr20_sgd_itr1/63912925248645_cnn1_linf_0.1_ctag1__HyperAttackHints_VagharDeps_PertruebedIntervals_cTag2.txt,/root/Downloads/for_dana/vaghar_org/paper_experiments/mnist/cnn1_exp/linf/eps_0.1/advStd_cnn1_N1_model_seed42_itr20/63914612298963_n2_cnn1_linf_0.1_ctag1_model_seed42_itr20_sgd_itr1_N2_advStd_BoundTightPertRelax0.25_SibGate_zonoBounds_varHintPrevPGD_seed4_both82_orgDrop0_pertDrop0_HyperAttackHints_VagharDeps_PerturbedIntervals_cTag2.txt
cnn1,linf,0.1,1,8,3613.69,3615.62,38.895626,74.900880,39.753884,87.499464,12.598585,no,off,no,yes,prev_pgd,no,off,0.0,btpr,yes,elim not activated,elim not activated,0,0,0,0,0,4,,0.00,3615.62,1.00x,36.005254,47.745581,TIME_LIMIT,TIME_LIMIT,/root/Downloads/for_dana/vaghar_org/paper_experiments/mnist/cnn1_exp/linf/eps_0.1/vagharWithPerturbed_cnn1_model_seed42_itr20_sgd_itr1/63912925248645_cnn1_linf_0.1_ctag1__HyperAttackHints_VagharDeps_PertruebedIntervals_cTag2.txt,/root/Downloads/for_dana/vaghar_org/paper_experiments/mnist/cnn1_exp/linf/eps_0.1/advStd_cnn1_N1_model_seed42_itr20/63914608586235_n2_cnn1_linf_0.1_ctag1_model_seed42_itr20_sgd_itr1_N2_advStd_BoundTightPertRelax0.0_SibGate_varHintPrevPGD_seed4_both0_orgDrop0_pertDrop0_HyperAttackHints_VagharDeps_PerturbedIntervals_cTag2.txt
,,,,,,,,,,,,,,,,,,,,,,,,,,,,,,,,,,,,,,,
cnn1,linf,0.1,1,9,3613.41,3612.64,44.565232,74.862929,45.394815,82.649202,7.786273,no,off,no,yes,prev_pgd,yes,off,0.0,btpr,yes,elim not activated,elim not activated,0,0,0,0,0,4,,0.00,3612.64,1.00x,30.297697,37.254386,TIME_LIMIT,TIME_LIMIT,/root/Downloads/for_dana/vaghar_org/paper_experiments/mnist/cnn1_exp/linf/eps_0.1/vagharWithPerturbed_cnn1_model_seed42_itr20_sgd_itr1/63912925248645_cnn1_linf_0.1_ctag1__HyperAttackHints_VagharDeps_PertruebedIntervals_cTag2.txt,/root/Downloads/for_dana/vaghar_org/paper_experiments/mnist/cnn1_exp/linf/eps_0.1/advStd_cnn1_N1_model_seed42_itr20/63914611677468_n2_cnn1_linf_0.1_ctag1_model_seed42_itr20_sgd_itr1_N2_advStd_BoundTightPertRelax0.0_SibGate_zonoBounds_varHintPrevPGD_seed4_both0_orgDrop0_pertDrop0_HyperAttackHints_VagharDeps_PerturbedIntervals_cTag2.txt
,,,,,,,,,,,,,,,,,,,,,,,,,,,,,,,,,,,,,,,
cnn1,translation,"1,1",1,8,1820.97,1831.25,73.705847,74.560926,73.708012,74.573262,0.012336,no,off,no,yes,no,no,off,0.1,btpr,no,elim not activated,elim not activated,1,26,,,,4,,0.00,1831.25,1.01x,0.855079,0.865250,TIME_LIMIT,TIME_LIMIT,"/root/Downloads/for_dana/vaghar_org/paper_experiments/mnist/cnn1_exp/translation/eps_1,1/vagharWithPerturbed_cnn1_model_seed42_itr20_sgd_itr1/63912303076963_cnn1_translation_1.0,1.0_ctag1__HyperAttackHints_VagharDeps_PertruebedIntervals_cTag2.txt","/root/Downloads/for_dana/vaghar_org/paper_experiments/mnist/cnn1_exp/translation/eps_1,1/advStd_cnn1_N1_model_seed42_itr20/63912382556265_n2_cnn1_translation_1.0,1.0_ctag1_model_seed42_itr20_sgd_itr1_N2_advStd_BoundTightPertRelax0.1_seed4_HyperAttackHints_VagharDeps_PerturbedIntervals_cTag2.txt"
cnn1,translation,"1,1",1,8,1820.97,1820.06,73.705847,74.560926,73.698282,74.580251,0.019325,no,off,no,yes,no,no,off,0.0,btpr,no,elim not activated,elim not activated,0,0,,,,4,,0.00,1820.06,1.00x,0.855079,0.881969,TIME_LIMIT,TIME_LIMIT,"/root/Downloads/for_dana/vaghar_org/paper_experiments/mnist/cnn1_exp/translation/eps_1,1/vagharWithPerturbed_cnn1_model_seed42_itr20_sgd_itr1/63912303076963_cnn1_translation_1.0,1.0_ctag1__HyperAttackHints_VagharDeps_PertruebedIntervals_cTag2.txt","/root/Downloads/for_dana/vaghar_org/paper_experiments/mnist/cnn1_exp/translation/eps_1,1/advStd_cnn1_N1_model_seed42_itr20/63912380735428_n2_cnn1_translation_1.0,1.0_ctag1_model_seed42_itr20_sgd_itr1_N2_advStd_BoundTightPertRelax0.0_seed4_HyperAttackHints_VagharDeps_PerturbedIntervals_cTag2.txt"
cnn1,translation,"1,1",1,8,1820.97,1816.26,73.705847,74.560926,73.943230,74.836024,0.275098,no,off,no,yes,prev_pgd,yes,off,0.5,btpr,no,elim not activated,elim not activated,82,90,,,,4,,0.00,1816.26,1.00x,0.855079,0.892794,TIME_LIMIT,TIME_LIMIT,"/root/Downloads/for_dana/vaghar_org/paper_experiments/mnist/cnn1_exp/translation/eps_1,1/vagharWithPerturbed_cnn1_model_seed42_itr20_sgd_itr1/63912303076963_cnn1_translation_1.0,1.0_ctag1__HyperAttackHints_VagharDeps_PertruebedIntervals_cTag2.txt","/root/Downloads/for_dana/vaghar_org/paper_experiments/mnist/cnn1_exp/translation/eps_1,1/advStd_cnn1_N1_model_seed42_itr20/63912544321825_n2_cnn1_translation_1.0,1.0_ctag1_model_seed42_itr20_sgd_itr1_N2_advStd_BoundTightPertRelax0.5_zonoBounds_varHintPrevPGD_seed4_HyperAttackHints_VagharDeps_PerturbedIntervals_cTag2.txt"
cnn1,translation,"1,1",1,8,1820.97,1816.26,73.705847,74.560926,73.943230,74.836024,0.275098,no,off,no,yes,prev_pgd,yes,off,0.5,btpr,no,elim not activated,elim not activated,82,90,,,,4,,0.00,1816.26,1.00x,0.855079,0.892794,TIME_LIMIT,TIME_LIMIT,"/root/Downloads/for_dana/vaghar_org/paper_experiments/mnist/cnn1_exp/translation/eps_1,1/vagharWithPerturbed_cnn1_model_seed42_itr20_sgd_itr1/63912303076963_cnn1_translation_1.0,1.0_ctag1__HyperAttackHints_VagharDeps_PertruebedIntervals_cTag2.txt","/root/Downloads/for_dana/vaghar_org/paper_experiments/mnist/cnn1_exp/translation/eps_1,1/advStd_cnn1_N1_model_seed42_itr20/63912970169621_n2_cnn1_translation_1.0,1.0_ctag1_model_seed42_itr20_sgd_itr1_N2_advStd_BoundTightPertRelax0.5_zonoBounds_varHintPrevPGD_seed4_HyperAttackHints_VagharDeps_PerturbedIntervals_cTag2.txt"
cnn1,translation,"1,1",1,8,1820.97,1814.79,73.705847,74.560926,73.922517,74.819014,0.258089,no,off,no,yes,prev_pgd,no,off,0.5,btpr,no,elim not activated,elim not activated,81,90,,,,4,,0.00,1814.79,1.00x,0.855079,0.896497,TIME_LIMIT,TIME_LIMIT,"/root/Downloads/for_dana/vaghar_org/paper_experiments/mnist/cnn1_exp/translation/eps_1,1/vagharWithPerturbed_cnn1_model_seed42_itr20_sgd_itr1/63912303076963_cnn1_translation_1.0,1.0_ctag1__HyperAttackHints_VagharDeps_PertruebedIntervals_cTag2.txt","/root/Downloads/for_dana/vaghar_org/paper_experiments/mnist/cnn1_exp/translation/eps_1,1/advStd_cnn1_N1_model_seed42_itr20/63912535185364_n2_cnn1_translation_1.0,1.0_ctag1_model_seed42_itr20_sgd_itr1_N2_advStd_BoundTightPertRelax0.5_varHintPrevPGD_seed4_HyperAttackHints_VagharDeps_PerturbedIntervals_cTag2.txt"
cnn1,translation,"1,1",1,8,1820.97,1814.30,73.705847,74.560926,73.698462,74.627784,0.066858,no,off,no,yes,prev_pgd,no,off,0.0,btpr,no,elim not activated,elim not activated,0,0,,,,4,,0.00,1814.30,1.00x,0.855079,0.929321,TIME_LIMIT,TIME_LIMIT,"/root/Downloads/for_dana/vaghar_org/paper_experiments/mnist/cnn1_exp/translation/eps_1,1/vagharWithPerturbed_cnn1_model_seed42_itr20_sgd_itr1/63912303076963_cnn1_translation_1.0,1.0_ctag1__HyperAttackHints_VagharDeps_PertruebedIntervals_cTag2.txt","/root/Downloads/for_dana/vaghar_org/paper_experiments/mnist/cnn1_exp/translation/eps_1,1/advStd_cnn1_N1_model_seed42_itr20/63912535068835_n2_cnn1_translation_1.0,1.0_ctag1_model_seed42_itr20_sgd_itr1_N2_advStd_BoundTightPertRelax0.0_varHintPrevPGD_seed4_HyperAttackHints_VagharDeps_PerturbedIntervals_cTag2.txt"
cnn1,translation,"1,1",1,8,1820.97,1811.96,73.705847,74.560926,73.705847,74.641378,0.080453,no,off,no,yes,prev,no,off,0.0,btpr,no,elim not activated,elim not activated,0,0,,,,4,,0.00,1811.96,1.00x,0.855079,0.935532,TIME_LIMIT,TIME_LIMIT,"/root/Downloads/for_dana/vaghar_org/paper_experiments/mnist/cnn1_exp/translation/eps_1,1/vagharWithPerturbed_cnn1_model_seed42_itr20_sgd_itr1/63912303076963_cnn1_translation_1.0,1.0_ctag1__HyperAttackHints_VagharDeps_PertruebedIntervals_cTag2.txt","/root/Downloads/for_dana/vaghar_org/paper_experiments/mnist/cnn1_exp/translation/eps_1,1/advStd_cnn1_N1_model_seed42_itr20/63912422574738_n2_cnn1_translation_1.0,1.0_ctag1_model_seed42_itr20_sgd_itr1_N2_advStd_BoundTightPertRelax0.0_varHintFixed_seed4_HyperAttackHints_VagharDeps_PerturbedIntervals_cTag2.txt"
cnn1,translation,"1,1",1,8,1820.97,1812.79,73.705847,74.560926,73.937965,74.883161,0.322235,no,off,no,yes,no,no,off,0.5,btpr,no,elim not activated,elim not activated,81,90,,,,4,,0.00,1812.79,1.00x,0.855079,0.945196,TIME_LIMIT,TIME_LIMIT,"/root/Downloads/for_dana/vaghar_org/paper_experiments/mnist/cnn1_exp/translation/eps_1,1/vagharWithPerturbed_cnn1_model_seed42_itr20_sgd_itr1/63912303076963_cnn1_translation_1.0,1.0_ctag1__HyperAttackHints_VagharDeps_PertruebedIntervals_cTag2.txt","/root/Downloads/for_dana/vaghar_org/paper_experiments/mnist/cnn1_exp/translation/eps_1,1/advStd_cnn1_N1_model_seed42_itr20/63912383770276_n2_cnn1_translation_1.0,1.0_ctag1_model_seed42_itr20_sgd_itr1_N2_advStd_BoundTightPertRelax0.5_seed4_HyperAttackHints_VagharDeps_PerturbedIntervals_cTag2.txt"
cnn1,translation,"1,1",1,8,1820.97,1812.91,73.705847,74.560926,73.671298,74.618911,0.057985,no,off,no,yes,no,yes,off,0.05,btpr,no,elim not activated,elim not activated,1,17,,,,4,,0.00,1812.91,1.00x,0.855079,0.947613,TIME_LIMIT,TIME_LIMIT,"/root/Downloads/for_dana/vaghar_org/paper_experiments/mnist/cnn1_exp/translation/eps_1,1/vagharWithPerturbed_cnn1_model_seed42_itr20_sgd_itr1/63912303076963_cnn1_translation_1.0,1.0_ctag1__HyperAttackHints_VagharDeps_PertruebedIntervals_cTag2.txt","/root/Downloads/for_dana/vaghar_org/paper_experiments/mnist/cnn1_exp/translation/eps_1,1/advStd_cnn1_N1_model_seed42_itr20/63912389715845_n2_cnn1_translation_1.0,1.0_ctag1_model_seed42_itr20_sgd_itr1_N2_advStd_BoundTightPertRelax0.05_zonoBounds_seed4_HyperAttackHints_VagharDeps_PerturbedIntervals_cTag2.txt"
cnn1,translation,"1,1",1,8,1820.97,1813.87,73.705847,74.560926,73.937519,74.889554,0.328628,no,off,no,yes,direct_pgd,no,off,0.5,btpr,no,elim not activated,elim not activated,81,90,,,,4,,0.00,1813.87,1.00x,0.855079,0.952035,TIME_LIMIT,TIME_LIMIT,"/root/Downloads/for_dana/vaghar_org/paper_experiments/mnist/cnn1_exp/translation/eps_1,1/vagharWithPerturbed_cnn1_model_seed42_itr20_sgd_itr1/63912303076963_cnn1_translation_1.0,1.0_ctag1__HyperAttackHints_VagharDeps_PertruebedIntervals_cTag2.txt","/root/Downloads/for_dana/vaghar_org/paper_experiments/mnist/cnn1_exp/translation/eps_1,1/advStd_cnn1_N1_model_seed42_itr20/63912535123881_n2_cnn1_translation_1.0,1.0_ctag1_model_seed42_itr20_sgd_itr1_N2_advStd_BoundTightPertRelax0.5_varHintDirectPGD_seed4_HyperAttackHints_VagharDeps_PerturbedIntervals_cTag2.txt"
cnn1,translation,"1,1",1,8,1820.97,1830.87,73.705847,74.560926,73.706048,74.663598,0.102672,no,off,no,yes,no,no,off,0.05,btpr,no,elim not activated,elim not activated,1,17,,,,4,,0.00,1830.87,1.01x,0.855079,0.957550,TIME_LIMIT,TIME_LIMIT,"/root/Downloads/for_dana/vaghar_org/paper_experiments/mnist/cnn1_exp/translation/eps_1,1/vagharWithPerturbed_cnn1_model_seed42_itr20_sgd_itr1/63912303076963_cnn1_translation_1.0,1.0_ctag1__HyperAttackHints_VagharDeps_PertruebedIntervals_cTag2.txt","/root/Downloads/for_dana/vaghar_org/paper_experiments/mnist/cnn1_exp/translation/eps_1,1/advStd_cnn1_N1_model_seed42_itr20/63912380947085_n2_cnn1_translation_1.0,1.0_ctag1_model_seed42_itr20_sgd_itr1_N2_advStd_BoundTightPertRelax0.05_seed4_HyperAttackHints_VagharDeps_PerturbedIntervals_cTag2.txt"
cnn1,translation,"1,1",1,8,1820.97,1817.80,73.705847,74.560926,73.705788,74.675988,0.115063,no,off,no,yes,no,yes,off,0.0,btpr,no,elim not activated,elim not activated,0,0,,,,4,,0.00,1817.80,1.00x,0.855079,0.970200,TIME_LIMIT,TIME_LIMIT,"/root/Downloads/for_dana/vaghar_org/paper_experiments/mnist/cnn1_exp/translation/eps_1,1/vagharWithPerturbed_cnn1_model_seed42_itr20_sgd_itr1/63912303076963_cnn1_translation_1.0,1.0_ctag1__HyperAttackHints_VagharDeps_PertruebedIntervals_cTag2.txt","/root/Downloads/for_dana/vaghar_org/paper_experiments/mnist/cnn1_exp/translation/eps_1,1/advStd_cnn1_N1_model_seed42_itr20/63912384268247_n2_cnn1_translation_1.0,1.0_ctag1_model_seed42_itr20_sgd_itr1_N2_advStd_BoundTightPertRelax0.0_zonoBounds_seed4_HyperAttackHints_VagharDeps_PerturbedIntervals_cTag2.txt"
cnn1,translation,"1,1",1,8,1820.97,1814.85,73.705847,74.560926,73.705847,74.686640,0.125714,no,off,no,yes,direct_pgd,yes,off,0.0,btpr,no,elim not activated,elim not activated,0,0,,,,4,,0.00,1814.85,1.00x,0.855079,0.980793,TIME_LIMIT,TIME_LIMIT,"/root/Downloads/for_dana/vaghar_org/paper_experiments/mnist/cnn1_exp/translation/eps_1,1/vagharWithPerturbed_cnn1_model_seed42_itr20_sgd_itr1/63912303076963_cnn1_translation_1.0,1.0_ctag1__HyperAttackHints_VagharDeps_PertruebedIntervals_cTag2.txt","/root/Downloads/for_dana/vaghar_org/paper_experiments/mnist/cnn1_exp/translation/eps_1,1/advStd_cnn1_N1_model_seed42_itr20/63912536276593_n2_cnn1_translation_1.0,1.0_ctag1_model_seed42_itr20_sgd_itr1_N2_advStd_BoundTightPertRelax0.0_zonoBounds_varHintDirectPGD_seed4_HyperAttackHints_VagharDeps_PerturbedIntervals_cTag2.txt"
cnn1,translation,"1,1",1,8,1820.97,1813.96,73.705847,74.560926,73.698064,74.689965,0.129040,no,off,no,yes,direct,yes,off,0.0,btpr,no,elim not activated,elim not activated,0,0,,,,4,,0.00,1813.96,1.00x,0.855079,0.991901,TIME_LIMIT,TIME_LIMIT,"/root/Downloads/for_dana/vaghar_org/paper_experiments/mnist/cnn1_exp/translation/eps_1,1/vagharWithPerturbed_cnn1_model_seed42_itr20_sgd_itr1/63912303076963_cnn1_translation_1.0,1.0_ctag1__HyperAttackHints_VagharDeps_PertruebedIntervals_cTag2.txt","/root/Downloads/for_dana/vaghar_org/paper_experiments/mnist/cnn1_exp/translation/eps_1,1/advStd_cnn1_N1_model_seed42_itr20/63912472727006_n2_cnn1_translation_1.0,1.0_ctag1_model_seed42_itr20_sgd_itr1_N2_advStd_BoundTightPertRelax0.0_zonoBounds_varHintDirect_seed4_HyperAttackHints_VagharDeps_PerturbedIntervals_cTag2.txt"
cnn1,translation,"1,1",1,8,1820.97,1814.94,73.705847,74.560926,73.704819,74.703736,0.142811,no,off,no,yes,direct_pgd,no,off,0.0,btpr,no,elim not activated,elim not activated,0,0,,,,4,,0.00,1814.94,1.00x,0.855079,0.998917,TIME_LIMIT,TIME_LIMIT,"/root/Downloads/for_dana/vaghar_org/paper_experiments/mnist/cnn1_exp/translation/eps_1,1/vagharWithPerturbed_cnn1_model_seed42_itr20_sgd_itr1/63912303076963_cnn1_translation_1.0,1.0_ctag1__HyperAttackHints_VagharDeps_PertruebedIntervals_cTag2.txt","/root/Downloads/for_dana/vaghar_org/paper_experiments/mnist/cnn1_exp/translation/eps_1,1/advStd_cnn1_N1_model_seed42_itr20/63912535000750_n2_cnn1_translation_1.0,1.0_ctag1_model_seed42_itr20_sgd_itr1_N2_advStd_BoundTightPertRelax0.0_varHintDirectPGD_seed4_HyperAttackHints_VagharDeps_PerturbedIntervals_cTag2.txt"
cnn1,translation,"1,1",1,8,1820.97,1830.39,73.705847,74.560926,73.700125,74.704067,0.143141,no,off,no,yes,no,yes,off,0.01,btpr,no,elim not activated,elim not activated,0,8,,,,4,,0.00,1830.39,1.01x,0.855079,1.003942,TIME_LIMIT,TIME_LIMIT,"/root/Downloads/for_dana/vaghar_org/paper_experiments/mnist/cnn1_exp/translation/eps_1,1/vagharWithPerturbed_cnn1_model_seed42_itr20_sgd_itr1/63912303076963_cnn1_translation_1.0,1.0_ctag1__HyperAttackHints_VagharDeps_PertruebedIntervals_cTag2.txt","/root/Downloads/for_dana/vaghar_org/paper_experiments/mnist/cnn1_exp/translation/eps_1,1/advStd_cnn1_N1_model_seed42_itr20/63912384378730_n2_cnn1_translation_1.0,1.0_ctag1_model_seed42_itr20_sgd_itr1_N2_advStd_BoundTightPertRelax0.01_zonoBounds_seed4_HyperAttackHints_VagharDeps_PerturbedIntervals_cTag2.txt"
cnn1,translation,"1,1",1,8,1820.97,1812.51,73.705847,74.560926,73.675159,74.688074,0.127148,no,off,no,yes,prev,yes,off,0.0,btpr,no,elim not activated,elim not activated,0,0,,,,4,,0.00,1812.51,1.00x,0.855079,1.012915,TIME_LIMIT,TIME_LIMIT,"/root/Downloads/for_dana/vaghar_org/paper_experiments/mnist/cnn1_exp/translation/eps_1,1/vagharWithPerturbed_cnn1_model_seed42_itr20_sgd_itr1/63912303076963_cnn1_translation_1.0,1.0_ctag1__HyperAttackHints_VagharDeps_PertruebedIntervals_cTag2.txt","/root/Downloads/for_dana/vaghar_org/paper_experiments/mnist/cnn1_exp/translation/eps_1,1/advStd_cnn1_N1_model_seed42_itr20/63912422698640_n2_cnn1_translation_1.0,1.0_ctag1_model_seed42_itr20_sgd_itr1_N2_advStd_BoundTightPertRelax0.0_zonoBounds_varHintFixed_seed4_HyperAttackHints_VagharDeps_PerturbedIntervals_cTag2.txt"
cnn1,translation,"1,1",1,8,1820.97,1819.69,73.705847,74.560926,73.705788,74.719909,0.158984,no,off,no,yes,prev_pgd,yes,off,0.0,btpr,no,elim not activated,elim not activated,0,0,,,,4,,0.00,1819.69,1.00x,0.855079,1.014121,TIME_LIMIT,TIME_LIMIT,"/root/Downloads/for_dana/vaghar_org/paper_experiments/mnist/cnn1_exp/translation/eps_1,1/vagharWithPerturbed_cnn1_model_seed42_itr20_sgd_itr1/63912303076963_cnn1_translation_1.0,1.0_ctag1__HyperAttackHints_VagharDeps_PertruebedIntervals_cTag2.txt","/root/Downloads/for_dana/vaghar_org/paper_experiments/mnist/cnn1_exp/translation/eps_1,1/advStd_cnn1_N1_model_seed42_itr20/63912536492667_n2_cnn1_translation_1.0,1.0_ctag1_model_seed42_itr20_sgd_itr1_N2_advStd_BoundTightPertRelax0.0_zonoBounds_varHintPrevPGD_seed4_HyperAttackHints_VagharDeps_PerturbedIntervals_cTag2.txt"
cnn1,translation,"1,1",1,8,1820.97,1819.69,73.705847,74.560926,73.705788,74.719909,0.158984,no,off,no,yes,prev_pgd,yes,off,0.0,btpr,no,elim not activated,elim not activated,0,0,,,,4,,0.00,1819.69,1.00x,0.855079,1.014121,TIME_LIMIT,TIME_LIMIT,"/root/Downloads/for_dana/vaghar_org/paper_experiments/mnist/cnn1_exp/translation/eps_1,1/vagharWithPerturbed_cnn1_model_seed42_itr20_sgd_itr1/63912303076963_cnn1_translation_1.0,1.0_ctag1__HyperAttackHints_VagharDeps_PertruebedIntervals_cTag2.txt","/root/Downloads/for_dana/vaghar_org/paper_experiments/mnist/cnn1_exp/translation/eps_1,1/advStd_cnn1_N1_model_seed42_itr20/63912970179476_n2_cnn1_translation_1.0,1.0_ctag1_model_seed42_itr20_sgd_itr1_N2_advStd_BoundTightPertRelax0.0_zonoBounds_varHintPrevPGD_seed4_HyperAttackHints_VagharDeps_PerturbedIntervals_cTag2.txt"
cnn1,translation,"1,1",1,8,1820.97,1821.66,73.705847,74.560926,73.918683,74.934894,0.373969,no,off,no,yes,direct,no,off,0.5,btpr,no,elim not activated,elim not activated,81,90,,,,4,,0.00,1821.66,1.00x,0.855079,1.016212,TIME_LIMIT,TIME_LIMIT,"/root/Downloads/for_dana/vaghar_org/paper_experiments/mnist/cnn1_exp/translation/eps_1,1/vagharWithPerturbed_cnn1_model_seed42_itr20_sgd_itr1/63912303076963_cnn1_translation_1.0,1.0_ctag1__HyperAttackHints_VagharDeps_PertruebedIntervals_cTag2.txt","/root/Downloads/for_dana/vaghar_org/paper_experiments/mnist/cnn1_exp/translation/eps_1,1/advStd_cnn1_N1_model_seed42_itr20/63912472653869_n2_cnn1_translation_1.0,1.0_ctag1_model_seed42_itr20_sgd_itr1_N2_advStd_BoundTightPertRelax0.5_varHintDirect_seed4_HyperAttackHints_VagharDeps_PerturbedIntervals_cTag2.txt"
cnn1,translation,"1,1",1,8,1820.97,1815.10,73.705847,74.560926,73.907505,74.937658,0.376733,no,off,no,yes,direct_pgd,yes,off,0.5,btpr,no,elim not activated,elim not activated,82,90,,,,4,,0.00,1815.10,1.00x,0.855079,1.030153,TIME_LIMIT,TIME_LIMIT,"/root/Downloads/for_dana/vaghar_org/paper_experiments/mnist/cnn1_exp/translation/eps_1,1/vagharWithPerturbed_cnn1_model_seed42_itr20_sgd_itr1/63912303076963_cnn1_translation_1.0,1.0_ctag1__HyperAttackHints_VagharDeps_PertruebedIntervals_cTag2.txt","/root/Downloads/for_dana/vaghar_org/paper_experiments/mnist/cnn1_exp/translation/eps_1,1/advStd_cnn1_N1_model_seed42_itr20/63912538408056_n2_cnn1_translation_1.0,1.0_ctag1_model_seed42_itr20_sgd_itr1_N2_advStd_BoundTightPertRelax0.5_zonoBounds_varHintDirectPGD_seed4_HyperAttackHints_VagharDeps_PerturbedIntervals_cTag2.txt"
cnn1,translation,"1,1",1,8,1820.97,1835.40,73.705847,74.560926,73.673829,74.764961,0.204036,no,off,no,yes,no,yes,off,0.1,btpr,no,elim not activated,elim not activated,1,26,,,,4,,0.00,1835.40,1.01x,0.855079,1.091132,TIME_LIMIT,TIME_LIMIT,"/root/Downloads/for_dana/vaghar_org/paper_experiments/mnist/cnn1_exp/translation/eps_1,1/vagharWithPerturbed_cnn1_model_seed42_itr20_sgd_itr1/63912303076963_cnn1_translation_1.0,1.0_ctag1__HyperAttackHints_VagharDeps_PertruebedIntervals_cTag2.txt","/root/Downloads/for_dana/vaghar_org/paper_experiments/mnist/cnn1_exp/translation/eps_1,1/advStd_cnn1_N1_model_seed42_itr20/63912389936896_n2_cnn1_translation_1.0,1.0_ctag1_model_seed42_itr20_sgd_itr1_N2_advStd_BoundTightPertRelax0.1_zonoBounds_seed4_HyperAttackHints_VagharDeps_PerturbedIntervals_cTag2.txt"
cnn1,translation,"1,1",1,8,1820.97,1819.53,73.705847,74.560926,73.671082,74.763602,0.202677,no,off,no,yes,direct,no,off,0.0,btpr,no,elim not activated,elim not activated,0,0,,,,4,,0.00,1819.53,1.00x,0.855079,1.092520,TIME_LIMIT,TIME_LIMIT,"/root/Downloads/for_dana/vaghar_org/paper_experiments/mnist/cnn1_exp/translation/eps_1,1/vagharWithPerturbed_cnn1_model_seed42_itr20_sgd_itr1/63912303076963_cnn1_translation_1.0,1.0_ctag1__HyperAttackHints_VagharDeps_PertruebedIntervals_cTag2.txt","/root/Downloads/for_dana/vaghar_org/paper_experiments/mnist/cnn1_exp/translation/eps_1,1/advStd_cnn1_N1_model_seed42_itr20/63912472588067_n2_cnn1_translation_1.0,1.0_ctag1_model_seed42_itr20_sgd_itr1_N2_advStd_BoundTightPertRelax0.0_varHintDirect_seed4_HyperAttackHints_VagharDeps_PerturbedIntervals_cTag2.txt"
cnn1,translation,"1,1",1,8,1820.97,1814.38,73.705847,74.560926,73.504637,88.610661,14.049736,no,off,no,yes,no,no,off,0.01,btpr,no,elim not activated,elim not activated,0,8,,,,4,,0.00,1814.38,1.00x,0.855079,15.106025,TIME_LIMIT,TIME_LIMIT,"/root/Downloads/for_dana/vaghar_org/paper_experiments/mnist/cnn1_exp/translation/eps_1,1/vagharWithPerturbed_cnn1_model_seed42_itr20_sgd_itr1/63912303076963_cnn1_translation_1.0,1.0_ctag1__HyperAttackHints_VagharDeps_PertruebedIntervals_cTag2.txt","/root/Downloads/for_dana/vaghar_org/paper_experiments/mnist/cnn1_exp/translation/eps_1,1/advStd_cnn1_N1_model_seed42_itr20/63912380851828_n2_cnn1_translation_1.0,1.0_ctag1_model_seed42_itr20_sgd_itr1_N2_advStd_BoundTightPertRelax0.01_seed4_HyperAttackHints_VagharDeps_PerturbedIntervals_cTag2.txt"
,,,,,,,,,,,,,,,,,,,,,,,,,,,,,,,,,,,,,,,
cnn1,translation,"1,1",1,9,3619.49,3611.98,73.264236,74.268286,73.264237,74.315727,0.047441,no,off,no,yes,prev_pgd,no,off,0.0,btpr,yes,elim not activated,elim not activated,0,0,0,0,0,4,,0.00,3611.98,1.00x,1.004050,1.051490,TIME_LIMIT,TIME_LIMIT,"/root/Downloads/for_dana/vaghar_org/paper_experiments/mnist/cnn1_exp/translation/eps_1,1/vagharWithPerturbed_cnn1_model_seed42_itr20_sgd_itr1/63912925246557_cnn1_translation_1.0,1.0_ctag1__HyperAttackHints_VagharDeps_PertruebedIntervals_cTag2.txt","/root/Downloads/for_dana/vaghar_org/paper_experiments/mnist/cnn1_exp/translation/eps_1,1/advStd_cnn1_N1_model_seed42_itr20/63914539625184_n2_cnn1_translation_1.0,1.0_ctag1_model_seed42_itr20_sgd_itr1_N2_advStd_BoundTightPertRelax0.0_SibGate_varHintPrevPGD_seed4_both0_orgDrop0_pertDrop0_HyperAttackHints_VagharDeps_PerturbedIntervals_cTag2.txt"
cnn1,translation,"1,1",1,9,3619.49,3613.89,73.264236,74.268286,73.264237,74.416576,0.148290,no,off,no,yes,prev_pgd,yes,off,0.0,btpr,no,elim not activated,elim not activated,0,0,,,,4,,0.00,3613.89,1.00x,1.004050,1.152339,TIME_LIMIT,TIME_LIMIT,"/root/Downloads/for_dana/vaghar_org/paper_experiments/mnist/cnn1_exp/translation/eps_1,1/vagharWithPerturbed_cnn1_model_seed42_itr20_sgd_itr1/63912925246557_cnn1_translation_1.0,1.0_ctag1__HyperAttackHints_VagharDeps_PertruebedIntervals_cTag2.txt","/root/Downloads/for_dana/vaghar_org/paper_experiments/mnist/cnn1_exp/translation/eps_1,1/advStd_cnn1_N1_model_seed42_itr20/63912970179476_n2_cnn1_translation_1.0,1.0_ctag1_model_seed42_itr20_sgd_itr1_N2_advStd_BoundTightPertRelax0.0_zonoBounds_varHintPrevPGD_seed4_HyperAttackHints_VagharDeps_PerturbedIntervals_cTag2.txt"
cnn1,translation,"1,1",1,9,3619.49,3622.93,73.264236,74.268286,73.501328,88.406656,14.138370,no,off,no,yes,prev_pgd,yes,off,0.25,btpr,yes,elim not activated,elim not activated,82,90,82,0,9,4,,0.00,3622.93,1.00x,1.004050,14.905328,TIME_LIMIT,TIME_LIMIT,"/root/Downloads/for_dana/vaghar_org/paper_experiments/mnist/cnn1_exp/translation/eps_1,1/vagharWithPerturbed_cnn1_model_seed42_itr20_sgd_itr1/63912925246557_cnn1_translation_1.0,1.0_ctag1__HyperAttackHints_VagharDeps_PertruebedIntervals_cTag2.txt","/root/Downloads/for_dana/vaghar_org/paper_experiments/mnist/cnn1_exp/translation/eps_1,1/advStd_cnn1_N1_model_seed42_itr20/63914544623471_n2_cnn1_translation_1.0,1.0_ctag1_model_seed42_itr20_sgd_itr1_N2_advStd_BoundTightPertRelax0.25_SibGate_zonoBounds_varHintPrevPGD_seed4_both82_orgDrop0_pertDrop9_HyperAttackHints_VagharDeps_PerturbedIntervals_cTag2.txt"
,,,,,,,,,,,,,,,,,,,,,,,,,,,,,,,,,,,,,,,
cnn1,translation,"3,3",0,9,3612.87,3620.89,52.086110,53.652569,52.323938,53.925003,0.272434,no,off,no,yes,prev_pgd,yes,off,0.5,btpr,no,elim not activated,elim not activated,82,108,,,,4,,0.00,3620.89,1.00x,1.566459,1.601065,TIME_LIMIT,TIME_LIMIT,"/root/Downloads/for_dana/vaghar_org/paper_experiments/mnist/cnn1_exp/translation/eps_3,3/vagharWithPerturbed_cnn1_model_seed42_itr20_sgd_itr1/63912739106322_cnn1_translation_3.0,3.0_ctag0__HyperAttackHints_VagharDeps_PertruebedIntervals_cTag1.txt","/root/Downloads/for_dana/vaghar_org/paper_experiments/mnist/cnn1_exp/translation/eps_3,3/advStd_cnn1_N1_model_seed42_itr20/63912789993248_n2_cnn1_translation_3.0,3.0_ctag0_model_seed42_itr20_sgd_itr1_N2_advStd_BoundTightPertRelax0.5_zonoBounds_varHintPrevPGD_seed4_HyperAttackHints_VagharDeps_PerturbedIntervals_cTag1.txt"
,,,,,,,,,,,,,,,,,,,,,,,,,,,,,,,,,,,,,,,
cnn1,translation,"3,3",1,2,3617.57,3612.43,72.373107,74.523021,72.372722,87.185399,12.662378,no,off,no,yes,prev_pgd,yes,off,0.0,btpr,yes,elim not activated,elim not activated,0,0,0,0,0,4,,0.00,3612.43,1.00x,2.149914,14.812677,TIME_LIMIT,TIME_LIMIT,"/root/Downloads/for_dana/vaghar_org/paper_experiments/mnist/cnn1_exp/translation/eps_3,3/vagharWithPerturbed_cnn1_model_seed42_itr20_sgd_itr1/63912925239293_cnn1_translation_3.0,3.0_ctag1__HyperAttackHints_VagharDeps_PertruebedIntervals_cTag2.txt","/root/Downloads/for_dana/vaghar_org/paper_experiments/mnist/cnn1_exp/translation/eps_3,3/advStd_cnn1_N1_model_seed42_itr20/63914572505717_n2_cnn1_translation_3.0,3.0_ctag1_model_seed42_itr20_sgd_itr1_N2_advStd_BoundTightPertRelax0.0_SibGate_zonoBounds_varHintPrevPGD_seed4_both0_orgDrop0_pertDrop0_HyperAttackHints_VagharDeps_PerturbedIntervals_cTag2.txt"
,,,,,,,,,,,,,,,,,,,,,,,,,,,,,,,,,,,,,,,
cnn1,translation,"3,3",1,3,1812.65,1822.16,72.219763,74.509132,72.417924,74.775180,0.266048,no,off,no,yes,direct_pgd,no,off,0.5,btpr,no,elim not activated,elim not activated,73,108,,,,4,,0.00,1822.16,1.01x,2.289369,2.357256,TIME_LIMIT,TIME_LIMIT,"/root/Downloads/for_dana/vaghar_org/paper_experiments/mnist/cnn1_exp/translation/eps_3,3/vagharWithPerturbed_cnn1_model_seed42_itr20_sgd_itr1/63912303076876_cnn1_translation_3.0,3.0_ctag1__HyperAttackHints_VagharDeps_PertruebedIntervals_cTag2.txt","/root/Downloads/for_dana/vaghar_org/paper_experiments/mnist/cnn1_exp/translation/eps_3,3/advStd_cnn1_N1_model_seed42_itr20/63912573963219_n2_cnn1_translation_3.0,3.0_ctag1_model_seed42_itr20_sgd_itr1_N2_advStd_BoundTightPertRelax0.5_varHintDirectPGD_seed4_HyperAttackHints_VagharDeps_PerturbedIntervals_cTag2.txt"
cnn1,translation,"3,3",1,3,1812.65,1815.72,72.219763,74.509132,72.259082,74.617052,0.107920,no,off,no,yes,no,no,off,0.0,btpr,no,elim not activated,elim not activated,0,0,,,,4,,0.00,1815.72,1.00x,2.289369,2.357970,TIME_LIMIT,TIME_LIMIT,"/root/Downloads/for_dana/vaghar_org/paper_experiments/mnist/cnn1_exp/translation/eps_3,3/vagharWithPerturbed_cnn1_model_seed42_itr20_sgd_itr1/63912303076876_cnn1_translation_3.0,3.0_ctag1__HyperAttackHints_VagharDeps_PertruebedIntervals_cTag2.txt","/root/Downloads/for_dana/vaghar_org/paper_experiments/mnist/cnn1_exp/translation/eps_3,3/advStd_cnn1_N1_model_seed42_itr20/63912573917361_n2_cnn1_translation_3.0,3.0_ctag1_model_seed42_itr20_sgd_itr1_N2_advStd_BoundTightPertRelax0.0_seed4_HyperAttackHints_VagharDeps_PerturbedIntervals_cTag2.txt"
cnn1,translation,"3,3",1,3,1812.65,1816.32,72.219763,74.509132,72.272891,74.674349,0.165218,no,off,no,yes,direct_pgd,yes,off,0.0,btpr,no,elim not activated,elim not activated,0,0,,,,4,,0.00,1816.32,1.00x,2.289369,2.401459,TIME_LIMIT,TIME_LIMIT,"/root/Downloads/for_dana/vaghar_org/paper_experiments/mnist/cnn1_exp/translation/eps_3,3/vagharWithPerturbed_cnn1_model_seed42_itr20_sgd_itr1/63912303076876_cnn1_translation_3.0,3.0_ctag1__HyperAttackHints_VagharDeps_PertruebedIntervals_cTag2.txt","/root/Downloads/for_dana/vaghar_org/paper_experiments/mnist/cnn1_exp/translation/eps_3,3/advStd_cnn1_N1_model_seed42_itr20/63912577577013_n2_cnn1_translation_3.0,3.0_ctag1_model_seed42_itr20_sgd_itr1_N2_advStd_BoundTightPertRelax0.0_zonoBounds_varHintDirectPGD_seed4_HyperAttackHints_VagharDeps_PerturbedIntervals_cTag2.txt"
cnn1,translation,"3,3",1,3,1812.65,1817.10,72.219763,74.509132,72.546042,74.948938,0.439806,no,off,no,yes,no,yes,off,0.5,btpr,no,elim not activated,elim not activated,82,108,,,,4,,0.00,1817.10,1.00x,2.289369,2.402896,TIME_LIMIT,TIME_LIMIT,"/root/Downloads/for_dana/vaghar_org/paper_experiments/mnist/cnn1_exp/translation/eps_3,3/vagharWithPerturbed_cnn1_model_seed42_itr20_sgd_itr1/63912303076876_cnn1_translation_3.0,3.0_ctag1__HyperAttackHints_VagharDeps_PertruebedIntervals_cTag2.txt","/root/Downloads/for_dana/vaghar_org/paper_experiments/mnist/cnn1_exp/translation/eps_3,3/advStd_cnn1_N1_model_seed42_itr20/63912588613374_n2_cnn1_translation_3.0,3.0_ctag1_model_seed42_itr20_sgd_itr1_N2_advStd_BoundTightPertRelax0.5_zonoBounds_seed4_HyperAttackHints_VagharDeps_PerturbedIntervals_cTag2.txt"
cnn1,translation,"3,3",1,3,1812.65,1815.41,72.219763,74.509132,72.471049,74.937777,0.428645,no,off,no,yes,no,no,off,0.5,btpr,no,elim not activated,elim not activated,73,107,,,,4,,0.00,1815.41,1.00x,2.289369,2.466728,TIME_LIMIT,TIME_LIMIT,"/root/Downloads/for_dana/vaghar_org/paper_experiments/mnist/cnn1_exp/translation/eps_3,3/vagharWithPerturbed_cnn1_model_seed42_itr20_sgd_itr1/63912303076876_cnn1_translation_3.0,3.0_ctag1__HyperAttackHints_VagharDeps_PertruebedIntervals_cTag2.txt","/root/Downloads/for_dana/vaghar_org/paper_experiments/mnist/cnn1_exp/translation/eps_3,3/advStd_cnn1_N1_model_seed42_itr20/63912574592821_n2_cnn1_translation_3.0,3.0_ctag1_model_seed42_itr20_sgd_itr1_N2_advStd_BoundTightPertRelax0.5_seed4_HyperAttackHints_VagharDeps_PerturbedIntervals_cTag2.txt"
cnn1,translation,"3,3",1,3,1812.65,1813.61,72.219763,74.509132,72.280282,74.787359,0.278227,no,off,no,yes,direct_pgd,no,off,0.0,btpr,no,elim not activated,elim not activated,0,0,,,,4,,0.00,1813.61,1.00x,2.289369,2.507077,TIME_LIMIT,TIME_LIMIT,"/root/Downloads/for_dana/vaghar_org/paper_experiments/mnist/cnn1_exp/translation/eps_3,3/vagharWithPerturbed_cnn1_model_seed42_itr20_sgd_itr1/63912303076876_cnn1_translation_3.0,3.0_ctag1__HyperAttackHints_VagharDeps_PertruebedIntervals_cTag2.txt","/root/Downloads/for_dana/vaghar_org/paper_experiments/mnist/cnn1_exp/translation/eps_3,3/advStd_cnn1_N1_model_seed42_itr20/63912572152821_n2_cnn1_translation_3.0,3.0_ctag1_model_seed42_itr20_sgd_itr1_N2_advStd_BoundTightPertRelax0.0_varHintDirectPGD_seed4_HyperAttackHints_VagharDeps_PerturbedIntervals_cTag2.txt"
,,,,,,,,,,,,,,,,,,,,,,,,,,,,,,,,,,,,,,,
cnn1,translation,"3,3",1,6,1815.56,1816.59,71.738513,74.452082,71.735792,74.506547,0.054465,no,off,no,yes,prev_pgd,yes,off,0.0,btpr,no,elim not activated,elim not activated,0,0,,,,4,,0.00,1816.59,1.00x,2.713569,2.770755,TIME_LIMIT,TIME_LIMIT,"/root/Downloads/for_dana/vaghar_org/paper_experiments/mnist/cnn1_exp/translation/eps_3,3/vagharWithPerturbed_cnn1_model_seed42_itr20_sgd_itr1/63912303076876_cnn1_translation_3.0,3.0_ctag1__HyperAttackHints_VagharDeps_PertruebedIntervals_cTag2.txt","/root/Downloads/for_dana/vaghar_org/paper_experiments/mnist/cnn1_exp/translation/eps_3,3/advStd_cnn1_N1_model_seed42_itr20/63912586757856_n2_cnn1_translation_3.0,3.0_ctag1_model_seed42_itr20_sgd_itr1_N2_advStd_BoundTightPertRelax0.0_zonoBounds_varHintPrevPGD_seed4_HyperAttackHints_VagharDeps_PerturbedIntervals_cTag2.txt"
cnn1,translation,"3,3",1,6,1815.56,1816.59,71.738513,74.452082,71.735792,74.506547,0.054465,no,off,no,yes,prev_pgd,yes,off,0.0,btpr,no,elim not activated,elim not activated,0,0,,,,4,,0.00,1816.59,1.00x,2.713569,2.770755,TIME_LIMIT,TIME_LIMIT,"/root/Downloads/for_dana/vaghar_org/paper_experiments/mnist/cnn1_exp/translation/eps_3,3/vagharWithPerturbed_cnn1_model_seed42_itr20_sgd_itr1/63912303076876_cnn1_translation_3.0,3.0_ctag1__HyperAttackHints_VagharDeps_PertruebedIntervals_cTag2.txt","/root/Downloads/for_dana/vaghar_org/paper_experiments/mnist/cnn1_exp/translation/eps_3,3/advStd_cnn1_N1_model_seed42_itr20/63912970179314_n2_cnn1_translation_3.0,3.0_ctag1_model_seed42_itr20_sgd_itr1_N2_advStd_BoundTightPertRelax0.0_zonoBounds_varHintPrevPGD_seed4_HyperAttackHints_VagharDeps_PerturbedIntervals_cTag2.txt"
cnn1,translation,"3,3",1,6,1815.56,1814.60,71.738513,74.452082,72.018465,74.801536,0.349454,no,off,no,yes,no,no,off,0.5,btpr,no,elim not activated,elim not activated,73,108,,,,4,,0.00,1814.60,1.00x,2.713569,2.783071,TIME_LIMIT,TIME_LIMIT,"/root/Downloads/for_dana/vaghar_org/paper_experiments/mnist/cnn1_exp/translation/eps_3,3/vagharWithPerturbed_cnn1_model_seed42_itr20_sgd_itr1/63912303076876_cnn1_translation_3.0,3.0_ctag1__HyperAttackHints_VagharDeps_PertruebedIntervals_cTag2.txt","/root/Downloads/for_dana/vaghar_org/paper_experiments/mnist/cnn1_exp/translation/eps_3,3/advStd_cnn1_N1_model_seed42_itr20/63912574592821_n2_cnn1_translation_3.0,3.0_ctag1_model_seed42_itr20_sgd_itr1_N2_advStd_BoundTightPertRelax0.5_seed4_HyperAttackHints_VagharDeps_PerturbedIntervals_cTag2.txt"
cnn1,translation,"3,3",1,6,1815.56,1814.10,71.738513,74.452082,71.740953,74.588953,0.136870,no,off,no,yes,prev_pgd,no,off,0.0,btpr,no,elim not activated,elim not activated,0,0,,,,4,,0.00,1814.10,1.00x,2.713569,2.848000,TIME_LIMIT,TIME_LIMIT,"/root/Downloads/for_dana/vaghar_org/paper_experiments/mnist/cnn1_exp/translation/eps_3,3/vagharWithPerturbed_cnn1_model_seed42_itr20_sgd_itr1/63912303076876_cnn1_translation_3.0,3.0_ctag1__HyperAttackHints_VagharDeps_PertruebedIntervals_cTag2.txt","/root/Downloads/for_dana/vaghar_org/paper_experiments/mnist/cnn1_exp/translation/eps_3,3/advStd_cnn1_N1_model_seed42_itr20/63912572738224_n2_cnn1_translation_3.0,3.0_ctag1_model_seed42_itr20_sgd_itr1_N2_advStd_BoundTightPertRelax0.0_varHintPrevPGD_seed4_HyperAttackHints_VagharDeps_PerturbedIntervals_cTag2.txt"
cnn1,translation,"3,3",1,6,1815.56,1813.43,71.738513,74.452082,71.699667,74.634610,0.182528,no,off,no,yes,direct_pgd,no,off,0.0,btpr,no,elim not activated,elim not activated,0,0,,,,4,,0.00,1813.43,1.00x,2.713569,2.934943,TIME_LIMIT,TIME_LIMIT,"/root/Downloads/for_dana/vaghar_org/paper_experiments/mnist/cnn1_exp/translation/eps_3,3/vagharWithPerturbed_cnn1_model_seed42_itr20_sgd_itr1/63912303076876_cnn1_translation_3.0,3.0_ctag1__HyperAttackHints_VagharDeps_PertruebedIntervals_cTag2.txt","/root/Downloads/for_dana/vaghar_org/paper_experiments/mnist/cnn1_exp/translation/eps_3,3/advStd_cnn1_N1_model_seed42_itr20/63912572152821_n2_cnn1_translation_3.0,3.0_ctag1_model_seed42_itr20_sgd_itr1_N2_advStd_BoundTightPertRelax0.0_varHintDirectPGD_seed4_HyperAttackHints_VagharDeps_PerturbedIntervals_cTag2.txt"
cnn1,translation,"3,3",1,6,1815.56,1815.52,71.738513,74.452082,71.932557,74.912067,0.459985,no,off,no,yes,no,yes,off,0.5,btpr,no,elim not activated,elim not activated,82,108,,,,4,,0.00,1815.52,1.00x,2.713569,2.979511,TIME_LIMIT,TIME_LIMIT,"/root/Downloads/for_dana/vaghar_org/paper_experiments/mnist/cnn1_exp/translation/eps_3,3/vagharWithPerturbed_cnn1_model_seed42_itr20_sgd_itr1/63912303076876_cnn1_translation_3.0,3.0_ctag1__HyperAttackHints_VagharDeps_PertruebedIntervals_cTag2.txt","/root/Downloads/for_dana/vaghar_org/paper_experiments/mnist/cnn1_exp/translation/eps_3,3/advStd_cnn1_N1_model_seed42_itr20/63912588613374_n2_cnn1_translation_3.0,3.0_ctag1_model_seed42_itr20_sgd_itr1_N2_advStd_BoundTightPertRelax0.5_zonoBounds_seed4_HyperAttackHints_VagharDeps_PerturbedIntervals_cTag2.txt"
cnn1,translation,"3,3",1,6,1815.56,1815.10,71.738513,74.452082,71.455291,87.751488,13.299406,no,off,no,yes,direct_pgd,yes,off,0.5,btpr,no,elim not activated,elim not activated,82,108,,,,4,,0.00,1815.10,1.00x,2.713569,16.296198,TIME_LIMIT,TIME_LIMIT,"/root/Downloads/for_dana/vaghar_org/paper_experiments/mnist/cnn1_exp/translation/eps_3,3/vagharWithPerturbed_cnn1_model_seed42_itr20_sgd_itr1/63912303076876_cnn1_translation_3.0,3.0_ctag1__HyperAttackHints_VagharDeps_PertruebedIntervals_cTag2.txt","/root/Downloads/for_dana/vaghar_org/paper_experiments/mnist/cnn1_exp/translation/eps_3,3/advStd_cnn1_N1_model_seed42_itr20/63912588593086_n2_cnn1_translation_3.0,3.0_ctag1_model_seed42_itr20_sgd_itr1_N2_advStd_BoundTightPertRelax0.5_zonoBounds_varHintDirectPGD_seed4_HyperAttackHints_VagharDeps_PerturbedIntervals_cTag2.txt"
,,,,,,,,,,,,,,,,,,,,,,,,,,,,,,,,,,,,,,,
cnn1,translation,"3,3",1,8,1820.58,1822.56,72.468282,74.364437,72.694578,74.634122,0.269686,no,off,no,yes,direct_pgd,no,off,0.5,btpr,no,elim not activated,elim not activated,73,108,,,,4,,0.00,1822.56,1.00x,1.896155,1.939544,TIME_LIMIT,TIME_LIMIT,"/root/Downloads/for_dana/vaghar_org/paper_experiments/mnist/cnn1_exp/translation/eps_3,3/vagharWithPerturbed_cnn1_model_seed42_itr20_sgd_itr1/63912303076876_cnn1_translation_3.0,3.0_ctag1__HyperAttackHints_VagharDeps_PertruebedIntervals_cTag2.txt","/root/Downloads/for_dana/vaghar_org/paper_experiments/mnist/cnn1_exp/translation/eps_3,3/advStd_cnn1_N1_model_seed42_itr20/63912573963219_n2_cnn1_translation_3.0,3.0_ctag1_model_seed42_itr20_sgd_itr1_N2_advStd_BoundTightPertRelax0.5_varHintDirectPGD_seed4_HyperAttackHints_VagharDeps_PerturbedIntervals_cTag2.txt"
cnn1,translation,"3,3",1,8,1820.58,1814.40,72.468282,74.364437,72.441490,74.384044,0.019608,no,off,no,yes,direct_pgd,no,off,0.0,btpr,no,elim not activated,elim not activated,0,0,,,,4,,0.00,1814.40,1.00x,1.896155,1.942554,TIME_LIMIT,TIME_LIMIT,"/root/Downloads/for_dana/vaghar_org/paper_experiments/mnist/cnn1_exp/translation/eps_3,3/vagharWithPerturbed_cnn1_model_seed42_itr20_sgd_itr1/63912303076876_cnn1_translation_3.0,3.0_ctag1__HyperAttackHints_VagharDeps_PertruebedIntervals_cTag2.txt","/root/Downloads/for_dana/vaghar_org/paper_experiments/mnist/cnn1_exp/translation/eps_3,3/advStd_cnn1_N1_model_seed42_itr20/63912572152821_n2_cnn1_translation_3.0,3.0_ctag1_model_seed42_itr20_sgd_itr1_N2_advStd_BoundTightPertRelax0.0_varHintDirectPGD_seed4_HyperAttackHints_VagharDeps_PerturbedIntervals_cTag2.txt"
cnn1,translation,"3,3",1,8,1820.58,1813.81,72.468282,74.364437,72.468859,74.449021,0.084584,no,off,no,yes,prev_pgd,no,off,0.0,btpr,no,elim not activated,elim not activated,0,0,,,,4,,0.00,1813.81,1.00x,1.896155,1.980162,TIME_LIMIT,TIME_LIMIT,"/root/Downloads/for_dana/vaghar_org/paper_experiments/mnist/cnn1_exp/translation/eps_3,3/vagharWithPerturbed_cnn1_model_seed42_itr20_sgd_itr1/63912303076876_cnn1_translation_3.0,3.0_ctag1__HyperAttackHints_VagharDeps_PertruebedIntervals_cTag2.txt","/root/Downloads/for_dana/vaghar_org/paper_experiments/mnist/cnn1_exp/translation/eps_3,3/advStd_cnn1_N1_model_seed42_itr20/63912572738224_n2_cnn1_translation_3.0,3.0_ctag1_model_seed42_itr20_sgd_itr1_N2_advStd_BoundTightPertRelax0.0_varHintPrevPGD_seed4_HyperAttackHints_VagharDeps_PerturbedIntervals_cTag2.txt"
cnn1,translation,"3,3",1,8,1820.58,1819.58,72.468282,74.364437,72.439397,74.509420,0.144984,no,off,no,yes,direct_pgd,yes,off,0.0,btpr,no,elim not activated,elim not activated,0,0,,,,4,,0.00,1819.58,1.00x,1.896155,2.070024,TIME_LIMIT,TIME_LIMIT,"/root/Downloads/for_dana/vaghar_org/paper_experiments/mnist/cnn1_exp/translation/eps_3,3/vagharWithPerturbed_cnn1_model_seed42_itr20_sgd_itr1/63912303076876_cnn1_translation_3.0,3.0_ctag1__HyperAttackHints_VagharDeps_PertruebedIntervals_cTag2.txt","/root/Downloads/for_dana/vaghar_org/paper_experiments/mnist/cnn1_exp/translation/eps_3,3/advStd_cnn1_N1_model_seed42_itr20/63912577577013_n2_cnn1_translation_3.0,3.0_ctag1_model_seed42_itr20_sgd_itr1_N2_advStd_BoundTightPertRelax0.0_zonoBounds_varHintDirectPGD_seed4_HyperAttackHints_VagharDeps_PerturbedIntervals_cTag2.txt"
cnn1,translation,"3,3",1,8,1820.58,1816.41,72.468282,74.364437,72.696485,74.772242,0.407805,no,off,no,yes,no,yes,off,0.5,btpr,no,elim not activated,elim not activated,82,108,,,,4,,0.00,1816.41,1.00x,1.896155,2.075757,TIME_LIMIT,TIME_LIMIT,"/root/Downloads/for_dana/vaghar_org/paper_experiments/mnist/cnn1_exp/translation/eps_3,3/vagharWithPerturbed_cnn1_model_seed42_itr20_sgd_itr1/63912303076876_cnn1_translation_3.0,3.0_ctag1__HyperAttackHints_VagharDeps_PertruebedIntervals_cTag2.txt","/root/Downloads/for_dana/vaghar_org/paper_experiments/mnist/cnn1_exp/translation/eps_3,3/advStd_cnn1_N1_model_seed42_itr20/63912588613374_n2_cnn1_translation_3.0,3.0_ctag1_model_seed42_itr20_sgd_itr1_N2_advStd_BoundTightPertRelax0.5_zonoBounds_seed4_HyperAttackHints_VagharDeps_PerturbedIntervals_cTag2.txt"
cnn1,translation,"3,3",1,8,1820.58,1816.23,72.468282,74.364437,72.676613,74.814588,0.450151,no,off,no,yes,prev_pgd,no,off,0.5,btpr,no,elim not activated,elim not activated,73,108,,,,4,,0.00,1816.23,1.00x,1.896155,2.137975,TIME_LIMIT,TIME_LIMIT,"/root/Downloads/for_dana/vaghar_org/paper_experiments/mnist/cnn1_exp/translation/eps_3,3/vagharWithPerturbed_cnn1_model_seed42_itr20_sgd_itr1/63912303076876_cnn1_translation_3.0,3.0_ctag1__HyperAttackHints_VagharDeps_PertruebedIntervals_cTag2.txt","/root/Downloads/for_dana/vaghar_org/paper_experiments/mnist/cnn1_exp/translation/eps_3,3/advStd_cnn1_N1_model_seed42_itr20/63912574121112_n2_cnn1_translation_3.0,3.0_ctag1_model_seed42_itr20_sgd_itr1_N2_advStd_BoundTightPertRelax0.5_varHintPrevPGD_seed4_HyperAttackHints_VagharDeps_PerturbedIntervals_cTag2.txt"
cnn1,translation,"3,3",1,8,1820.58,1814.55,72.468282,74.364437,72.428801,74.579027,0.214591,no,off,no,yes,no,no,off,0.0,btpr,no,elim not activated,elim not activated,0,0,,,,4,,0.00,1814.55,1.00x,1.896155,2.150226,TIME_LIMIT,TIME_LIMIT,"/root/Downloads/for_dana/vaghar_org/paper_experiments/mnist/cnn1_exp/translation/eps_3,3/vagharWithPerturbed_cnn1_model_seed42_itr20_sgd_itr1/63912303076876_cnn1_translation_3.0,3.0_ctag1__HyperAttackHints_VagharDeps_PertruebedIntervals_cTag2.txt","/root/Downloads/for_dana/vaghar_org/paper_experiments/mnist/cnn1_exp/translation/eps_3,3/advStd_cnn1_N1_model_seed42_itr20/63912573917361_n2_cnn1_translation_3.0,3.0_ctag1_model_seed42_itr20_sgd_itr1_N2_advStd_BoundTightPertRelax0.0_seed4_HyperAttackHints_VagharDeps_PerturbedIntervals_cTag2.txt"
cnn1,translation,"3,3",1,8,1820.58,3614.02,72.468282,74.364437,72.441617,74.642422,0.277985,no,off,no,yes,prev_pgd,no,off,0.0,btpr,yes,elim not activated,elim not activated,0,0,0,0,0,4,,0.00,3614.02,1.99x,1.896155,2.200805,TIME_LIMIT,TIME_LIMIT,"/root/Downloads/for_dana/vaghar_org/paper_experiments/mnist/cnn1_exp/translation/eps_3,3/vagharWithPerturbed_cnn1_model_seed42_itr20_sgd_itr1/63912303076876_cnn1_translation_3.0,3.0_ctag1__HyperAttackHints_VagharDeps_PertruebedIntervals_cTag2.txt","/root/Downloads/for_dana/vaghar_org/paper_experiments/mnist/cnn1_exp/translation/eps_3,3/advStd_cnn1_N1_model_seed42_itr20/63914567058808_n2_cnn1_translation_3.0,3.0_ctag1_model_seed42_itr20_sgd_itr1_N2_advStd_BoundTightPertRelax0.0_SibGate_varHintPrevPGD_seed4_both0_orgDrop0_pertDrop0_HyperAttackHints_VagharDeps_PerturbedIntervals_cTag2.txt"
cnn1,translation,"3,3",1,8,1820.58,1816.18,72.468282,74.364437,72.733874,74.961028,0.596592,no,off,no,yes,prev_pgd,yes,off,0.5,btpr,no,elim not activated,elim not activated,82,108,,,,4,,0.00,1816.18,1.00x,1.896155,2.227154,TIME_LIMIT,TIME_LIMIT,"/root/Downloads/for_dana/vaghar_org/paper_experiments/mnist/cnn1_exp/translation/eps_3,3/vagharWithPerturbed_cnn1_model_seed42_itr20_sgd_itr1/63912303076876_cnn1_translation_3.0,3.0_ctag1__HyperAttackHints_VagharDeps_PertruebedIntervals_cTag2.txt","/root/Downloads/for_dana/vaghar_org/paper_experiments/mnist/cnn1_exp/translation/eps_3,3/advStd_cnn1_N1_model_seed42_itr20/63912588601914_n2_cnn1_translation_3.0,3.0_ctag1_model_seed42_itr20_sgd_itr1_N2_advStd_BoundTightPertRelax0.5_zonoBounds_varHintPrevPGD_seed4_HyperAttackHints_VagharDeps_PerturbedIntervals_cTag2.txt"
cnn1,translation,"3,3",1,8,1820.58,1816.18,72.468282,74.364437,72.733874,74.961028,0.596592,no,off,no,yes,prev_pgd,yes,off,0.5,btpr,no,elim not activated,elim not activated,82,108,,,,4,,0.00,1816.18,1.00x,1.896155,2.227154,TIME_LIMIT,TIME_LIMIT,"/root/Downloads/for_dana/vaghar_org/paper_experiments/mnist/cnn1_exp/translation/eps_3,3/vagharWithPerturbed_cnn1_model_seed42_itr20_sgd_itr1/63912303076876_cnn1_translation_3.0,3.0_ctag1__HyperAttackHints_VagharDeps_PertruebedIntervals_cTag2.txt","/root/Downloads/for_dana/vaghar_org/paper_experiments/mnist/cnn1_exp/translation/eps_3,3/advStd_cnn1_N1_model_seed42_itr20/63912972266742_n2_cnn1_translation_3.0,3.0_ctag1_model_seed42_itr20_sgd_itr1_N2_advStd_BoundTightPertRelax0.5_zonoBounds_varHintPrevPGD_seed4_HyperAttackHints_VagharDeps_PerturbedIntervals_cTag2.txt"
cnn1,translation,"3,3",1,8,1820.58,1823.02,72.468282,74.364437,72.441617,74.682614,0.318178,no,off,no,yes,prev_pgd,yes,off,0.0,btpr,no,elim not activated,elim not activated,0,0,,,,4,,0.00,1823.02,1.00x,1.896155,2.240997,TIME_LIMIT,TIME_LIMIT,"/root/Downloads/for_dana/vaghar_org/paper_experiments/mnist/cnn1_exp/translation/eps_3,3/vagharWithPerturbed_cnn1_model_seed42_itr20_sgd_itr1/63912303076876_cnn1_translation_3.0,3.0_ctag1__HyperAttackHints_VagharDeps_PertruebedIntervals_cTag2.txt","/root/Downloads/for_dana/vaghar_org/paper_experiments/mnist/cnn1_exp/translation/eps_3,3/advStd_cnn1_N1_model_seed42_itr20/63912586757856_n2_cnn1_translation_3.0,3.0_ctag1_model_seed42_itr20_sgd_itr1_N2_advStd_BoundTightPertRelax0.0_zonoBounds_varHintPrevPGD_seed4_HyperAttackHints_VagharDeps_PerturbedIntervals_cTag2.txt"
cnn1,translation,"3,3",1,8,1820.58,1823.02,72.468282,74.364437,72.441617,74.682614,0.318178,no,off,no,yes,prev_pgd,yes,off,0.0,btpr,no,elim not activated,elim not activated,0,0,,,,4,,0.00,1823.02,1.00x,1.896155,2.240997,TIME_LIMIT,TIME_LIMIT,"/root/Downloads/for_dana/vaghar_org/paper_experiments/mnist/cnn1_exp/translation/eps_3,3/vagharWithPerturbed_cnn1_model_seed42_itr20_sgd_itr1/63912303076876_cnn1_translation_3.0,3.0_ctag1__HyperAttackHints_VagharDeps_PertruebedIntervals_cTag2.txt","/root/Downloads/for_dana/vaghar_org/paper_experiments/mnist/cnn1_exp/translation/eps_3,3/advStd_cnn1_N1_model_seed42_itr20/63912970179314_n2_cnn1_translation_3.0,3.0_ctag1_model_seed42_itr20_sgd_itr1_N2_advStd_BoundTightPertRelax0.0_zonoBounds_varHintPrevPGD_seed4_HyperAttackHints_VagharDeps_PerturbedIntervals_cTag2.txt"
cnn1,translation,"3,3",1,8,1820.58,1819.30,72.468282,74.364437,72.430261,74.726167,0.361730,no,off,no,yes,no,yes,off,0.0,btpr,no,elim not activated,elim not activated,0,0,,,,4,,0.00,1819.30,1.00x,1.896155,2.295906,TIME_LIMIT,TIME_LIMIT,"/root/Downloads/for_dana/vaghar_org/paper_experiments/mnist/cnn1_exp/translation/eps_3,3/vagharWithPerturbed_cnn1_model_seed42_itr20_sgd_itr1/63912303076876_cnn1_translation_3.0,3.0_ctag1__HyperAttackHints_VagharDeps_PertruebedIntervals_cTag2.txt","/root/Downloads/for_dana/vaghar_org/paper_experiments/mnist/cnn1_exp/translation/eps_3,3/advStd_cnn1_N1_model_seed42_itr20/63912586802301_n2_cnn1_translation_3.0,3.0_ctag1_model_seed42_itr20_sgd_itr1_N2_advStd_BoundTightPertRelax0.0_zonoBounds_seed4_HyperAttackHints_VagharDeps_PerturbedIntervals_cTag2.txt"
cnn1,translation,"3,3",1,8,1820.58,1817.76,72.468282,74.364437,72.654074,74.984784,0.620347,no,off,no,yes,no,no,off,0.5,btpr,no,elim not activated,elim not activated,73,108,,,,4,,0.00,1817.76,1.00x,1.896155,2.330710,TIME_LIMIT,TIME_LIMIT,"/root/Downloads/for_dana/vaghar_org/paper_experiments/mnist/cnn1_exp/translation/eps_3,3/vagharWithPerturbed_cnn1_model_seed42_itr20_sgd_itr1/63912303076876_cnn1_translation_3.0,3.0_ctag1__HyperAttackHints_VagharDeps_PertruebedIntervals_cTag2.txt","/root/Downloads/for_dana/vaghar_org/paper_experiments/mnist/cnn1_exp/translation/eps_3,3/advStd_cnn1_N1_model_seed42_itr20/63912574592821_n2_cnn1_translation_3.0,3.0_ctag1_model_seed42_itr20_sgd_itr1_N2_advStd_BoundTightPertRelax0.5_seed4_HyperAttackHints_VagharDeps_PerturbedIntervals_cTag2.txt"
,,,,,,,,,,,,,,,,,,,,,,,,,,,,,,,,,,,,,,,
cnn1,translation,"3,3",1,9,3616.82,3615.83,70.683113,73.390938,70.963287,73.706608,0.315670,no,off,no,yes,prev_pgd,yes,off,0.25,btpr,yes,elim not activated,elim not activated,82,106,82,0,34,4,,0.00,3615.83,1.00x,2.707824,2.743321,TIME_LIMIT,TIME_LIMIT,"/root/Downloads/for_dana/vaghar_org/paper_experiments/mnist/cnn1_exp/translation/eps_3,3/vagharWithPerturbed_cnn1_model_seed42_itr20_sgd_itr1/63912925239293_cnn1_translation_3.0,3.0_ctag1__HyperAttackHints_VagharDeps_PertruebedIntervals_cTag2.txt","/root/Downloads/for_dana/vaghar_org/paper_experiments/mnist/cnn1_exp/translation/eps_3,3/advStd_cnn1_N1_model_seed42_itr20/63914572595242_n2_cnn1_translation_3.0,3.0_ctag1_model_seed42_itr20_sgd_itr1_N2_advStd_BoundTightPertRelax0.25_SibGate_zonoBounds_varHintPrevPGD_seed4_both82_orgDrop0_pertDrop34_HyperAttackHints_VagharDeps_PerturbedIntervals_cTag2.txt"
cnn1,translation,"3,3",1,9,3616.82,3611.94,70.683113,73.390938,70.687787,73.448443,0.057505,no,off,no,yes,prev_pgd,yes,off,0.0,btpr,yes,elim not activated,elim not activated,0,0,0,0,0,4,,0.00,3611.94,1.00x,2.707824,2.760656,TIME_LIMIT,TIME_LIMIT,"/root/Downloads/for_dana/vaghar_org/paper_experiments/mnist/cnn1_exp/translation/eps_3,3/vagharWithPerturbed_cnn1_model_seed42_itr20_sgd_itr1/63912925239293_cnn1_translation_3.0,3.0_ctag1__HyperAttackHints_VagharDeps_PertruebedIntervals_cTag2.txt","/root/Downloads/for_dana/vaghar_org/paper_experiments/mnist/cnn1_exp/translation/eps_3,3/advStd_cnn1_N1_model_seed42_itr20/63914572505717_n2_cnn1_translation_3.0,3.0_ctag1_model_seed42_itr20_sgd_itr1_N2_advStd_BoundTightPertRelax0.0_SibGate_zonoBounds_varHintPrevPGD_seed4_both0_orgDrop0_pertDrop0_HyperAttackHints_VagharDeps_PerturbedIntervals_cTag2.txt"
cnn1,translation,"3,3",1,9,3616.82,3612.46,70.683113,73.390938,70.687787,73.960296,0.569358,no,off,no,yes,prev_pgd,no,off,0.0,btpr,yes,elim not activated,elim not activated,0,0,0,0,0,4,,0.00,3612.46,1.00x,2.707824,3.272508,TIME_LIMIT,TIME_LIMIT,"/root/Downloads/for_dana/vaghar_org/paper_experiments/mnist/cnn1_exp/translation/eps_3,3/vagharWithPerturbed_cnn1_model_seed42_itr20_sgd_itr1/63912925239293_cnn1_translation_3.0,3.0_ctag1__HyperAttackHints_VagharDeps_PertruebedIntervals_cTag2.txt","/root/Downloads/for_dana/vaghar_org/paper_experiments/mnist/cnn1_exp/translation/eps_3,3/advStd_cnn1_N1_model_seed42_itr20/63914567058808_n2_cnn1_translation_3.0,3.0_ctag1_model_seed42_itr20_sgd_itr1_N2_advStd_BoundTightPertRelax0.0_SibGate_varHintPrevPGD_seed4_both0_orgDrop0_pertDrop0_HyperAttackHints_VagharDeps_PerturbedIntervals_cTag2.txt"
