arch,perturbation,perturbation_size,c_source,c_target,time_standard,time_advstd,delta_standard_lower_bound,delta_standard_upper_bound,delta_advstd_lower_bound,delta_advstd_upper_bound,delta_error,mip_start,branch_priorities,lp_basis,bound_tightening,var_hint,zono_bounds,n1_probe,relax_threshold,elim_org,elim_pert,relaxed_org,relaxed_pert,seed,how_much_faster,lp_optimization_time,time_advstd_with_lp,how_much_faster_with_lp,gap_standard,gap_advstd,solve_status_standard,solve_status_advstd,standard_file,advstd_file
3x10,patch,"1,14,14,3",0,3,14.75,14.97,9.061635,9.061635,9.061635,9.061635,0.000000,no,bounds,no,yes,yes,no,off,off,elim not activated,elim not activated,relax not activated,relax not activated,2,1.01x,,,,0.000000,0.000000,OPTIMAL,OPTIMAL,"/root/Downloads/for_dana/vaghar_org/paper_experiments/mnist/3x10_exp/patch/eps_1,14,14,3/vagharWithPerturbed_3x10_19_sgd_itr1/63911229042743_3x10_patch_1.0,14.0,14.0,3.0_ctag0__HyperAttackHints_VagharDeps_PertruebedIntervals_cTag1.txt","/root/Downloads/for_dana/vaghar_org/paper_experiments/mnist/3x10_exp/patch/eps_1,14,14,3/advStd_3x10_N1_19/63911937201696_n2_3x10_patch_1.0,14.0,14.0,3.0_ctag0_19_sgd_itr1_N2_advStd_branchPri_boundTight_varHint_seed2_HyperAttackHints_VagharDeps_PerturbedIntervals_cTag1.txt"
3x10,patch,"1,14,14,3",0,3,14.75,14.97,9.061635,9.061635,9.061635,9.061635,-0.000000,no,bounds,no,yes,yes,no,off,off,elim not activated,elim not activated,relax not activated,relax not activated,3,1.01x,,,,0.000000,0.000000,OPTIMAL,OPTIMAL,"/root/Downloads/for_dana/vaghar_org/paper_experiments/mnist/3x10_exp/patch/eps_1,14,14,3/vagharWithPerturbed_3x10_19_sgd_itr1/63911229042743_3x10_patch_1.0,14.0,14.0,3.0_ctag0__HyperAttackHints_VagharDeps_PertruebedIntervals_cTag1.txt","/root/Downloads/for_dana/vaghar_org/paper_experiments/mnist/3x10_exp/patch/eps_1,14,14,3/advStd_3x10_N1_19/63911937202072_n2_3x10_patch_1.0,14.0,14.0,3.0_ctag0_19_sgd_itr1_N2_advStd_branchPri_boundTight_varHint_seed3_HyperAttackHints_VagharDeps_PerturbedIntervals_cTag1.txt"
3x10,patch,"1,14,14,3",0,3,14.75,14.95,9.061635,9.061635,9.061637,9.061637,0.000002,no,bounds,no,yes,no,no,off,0.01,elim not activated,elim not activated,0,0,1,1.01x,,,,0.000000,0.000000,OPTIMAL,OPTIMAL,"/root/Downloads/for_dana/vaghar_org/paper_experiments/mnist/3x10_exp/patch/eps_1,14,14,3/vagharWithPerturbed_3x10_19_sgd_itr1/63911229042743_3x10_patch_1.0,14.0,14.0,3.0_ctag0__HyperAttackHints_VagharDeps_PertruebedIntervals_cTag1.txt","/root/Downloads/for_dana/vaghar_org/paper_experiments/mnist/3x10_exp/patch/eps_1,14,14,3/advStd_3x10_N1_19/63911937211322_n2_3x10_patch_1.0,14.0,14.0,3.0_ctag0_19_sgd_itr1_N2_advStd_branchPri_boundTight_relaxT0.01_seed1_HyperAttackHints_VagharDeps_PerturbedIntervals_cTag1.txt"
3x10,patch,"1,14,14,3",0,3,14.75,14.92,9.061635,9.061635,9.061635,9.061635,0.000000,no,bounds,no,yes,no,no,lp,off,0,0,relax not activated,relax not activated,2,1.01x,,,,0.000000,0.000000,OPTIMAL,OPTIMAL,"/root/Downloads/for_dana/vaghar_org/paper_experiments/mnist/3x10_exp/patch/eps_1,14,14,3/vagharWithPerturbed_3x10_19_sgd_itr1/63911229042743_3x10_patch_1.0,14.0,14.0,3.0_ctag0__HyperAttackHints_VagharDeps_PertruebedIntervals_cTag1.txt","/root/Downloads/for_dana/vaghar_org/paper_experiments/mnist/3x10_exp/patch/eps_1,14,14,3/advStd_3x10_N1_19/63911937971816_n2_3x10_patch_1.0,14.0,14.0,3.0_ctag0_19_sgd_itr1_N2_advStd_branchPri_boundTight_n1ProbeLP_seed2_elimOrg0_elimPert0_HyperAttackHints_VagharDeps_PerturbedIntervals_cTag1.txt"
3x10,patch,"1,14,14,3",0,3,14.75,15.09,9.061635,9.061635,9.061635,9.061635,-0.000000,yes,bounds,no,yes,no,no,off,off,elim not activated,elim not activated,relax not activated,relax not activated,2,1.02x,,,,0.000000,0.000000,OPTIMAL,OPTIMAL,"/root/Downloads/for_dana/vaghar_org/paper_experiments/mnist/3x10_exp/patch/eps_1,14,14,3/vagharWithPerturbed_3x10_19_sgd_itr1/63911229042743_3x10_patch_1.0,14.0,14.0,3.0_ctag0__HyperAttackHints_VagharDeps_PertruebedIntervals_cTag1.txt","/root/Downloads/for_dana/vaghar_org/paper_experiments/mnist/3x10_exp/patch/eps_1,14,14,3/advStd_3x10_N1_19/63911755577490_n2_3x10_patch_1.0,14.0,14.0,3.0_ctag0_19_sgd_itr1_N2_advStd_mipStart_branchPri_boundTight_seed2_HyperAttackCutoff_VagharDeps_PerturbedIntervals_cTag1.txt"
3x10,patch,"1,14,14,3",0,3,14.75,15.00,9.061635,9.061635,9.061635,9.061635,0.000000,no,off,no,yes,no,yes,lp,off,0,0,relax not activated,relax not activated,2,1.02x,,,,0.000000,0.000000,OPTIMAL,OPTIMAL,"/root/Downloads/for_dana/vaghar_org/paper_experiments/mnist/3x10_exp/patch/eps_1,14,14,3/vagharWithPerturbed_3x10_19_sgd_itr1/63911229042743_3x10_patch_1.0,14.0,14.0,3.0_ctag0__HyperAttackHints_VagharDeps_PertruebedIntervals_cTag1.txt","/root/Downloads/for_dana/vaghar_org/paper_experiments/mnist/3x10_exp/patch/eps_1,14,14,3/advStd_3x10_N1_19/63911936250441_n2_3x10_patch_1.0,14.0,14.0,3.0_ctag0_19_sgd_itr1_N2_advStd_boundTight_zonoBounds_n1ProbeLP_seed2_elimOrg0_elimPert0_HyperAttackHints_VagharDeps_PerturbedIntervals_cTag1.txt"
3x10,patch,"1,14,14,3",0,3,14.75,15.01,9.061635,9.061635,9.061635,9.061635,-0.000000,no,bounds,no,yes,no,no,lp,off,0,0,relax not activated,relax not activated,3,1.02x,,,,0.000000,0.000000,OPTIMAL,OPTIMAL,"/root/Downloads/for_dana/vaghar_org/paper_experiments/mnist/3x10_exp/patch/eps_1,14,14,3/vagharWithPerturbed_3x10_19_sgd_itr1/63911229042743_3x10_patch_1.0,14.0,14.0,3.0_ctag0__HyperAttackHints_VagharDeps_PertruebedIntervals_cTag1.txt","/root/Downloads/for_dana/vaghar_org/paper_experiments/mnist/3x10_exp/patch/eps_1,14,14,3/advStd_3x10_N1_19/63911937971707_n2_3x10_patch_1.0,14.0,14.0,3.0_ctag0_19_sgd_itr1_N2_advStd_branchPri_boundTight_n1ProbeLP_seed3_elimOrg0_elimPert0_HyperAttackHints_VagharDeps_PerturbedIntervals_cTag1.txt"
3x10,patch,"1,14,14,3",0,3,14.75,15.01,9.061635,9.061635,9.061637,9.061637,0.000002,no,bounds,no,yes,yes,no,lp,0.01,0,0,0,0,1,1.02x,,,,0.000000,0.000000,OPTIMAL,OPTIMAL,"/root/Downloads/for_dana/vaghar_org/paper_experiments/mnist/3x10_exp/patch/eps_1,14,14,3/vagharWithPerturbed_3x10_19_sgd_itr1/63911229042743_3x10_patch_1.0,14.0,14.0,3.0_ctag0__HyperAttackHints_VagharDeps_PertruebedIntervals_cTag1.txt","/root/Downloads/for_dana/vaghar_org/paper_experiments/mnist/3x10_exp/patch/eps_1,14,14,3/advStd_3x10_N1_19/63911938224095_n2_3x10_patch_1.0,14.0,14.0,3.0_ctag0_19_sgd_itr1_N2_advStd_branchPri_boundTight_n1ProbeLP_relaxT0.01_varHint_seed1_elimOrg0_elimPert0_HyperAttackHints_VagharDeps_PerturbedIntervals_cTag1.txt"
3x10,patch,"1,14,14,3",0,3,14.75,15.05,9.061635,9.061635,9.061635,9.061635,0.000000,no,bounds,no,yes,no,yes,lp,0.5,0,0,0,0,2,1.02x,,,,0.000000,0.000000,OPTIMAL,OPTIMAL,"/root/Downloads/for_dana/vaghar_org/paper_experiments/mnist/3x10_exp/patch/eps_1,14,14,3/vagharWithPerturbed_3x10_19_sgd_itr1/63911229042743_3x10_patch_1.0,14.0,14.0,3.0_ctag0__HyperAttackHints_VagharDeps_PertruebedIntervals_cTag1.txt","/root/Downloads/for_dana/vaghar_org/paper_experiments/mnist/3x10_exp/patch/eps_1,14,14,3/advStd_3x10_N1_19/63911940408465_n2_3x10_patch_1.0,14.0,14.0,3.0_ctag0_19_sgd_itr1_N2_advStd_branchPri_boundTight_zonoBounds_n1ProbeLP_relaxT0.5_seed2_elimOrg0_elimPert0_HyperAttackHints_VagharDeps_PerturbedIntervals_cTag1.txt"
3x10,patch,"1,14,14,3",0,3,14.75,15.21,9.061635,9.061635,9.061637,9.061637,0.000002,no,off,no,yes,yes,no,off,0.01,elim not activated,elim not activated,0,0,1,1.03x,,,,0.000000,0.000000,OPTIMAL,OPTIMAL,"/root/Downloads/for_dana/vaghar_org/paper_experiments/mnist/3x10_exp/patch/eps_1,14,14,3/vagharWithPerturbed_3x10_19_sgd_itr1/63911229042743_3x10_patch_1.0,14.0,14.0,3.0_ctag0__HyperAttackHints_VagharDeps_PertruebedIntervals_cTag1.txt","/root/Downloads/for_dana/vaghar_org/paper_experiments/mnist/3x10_exp/patch/eps_1,14,14,3/advStd_3x10_N1_19/63911933786663_n2_3x10_patch_1.0,14.0,14.0,3.0_ctag0_19_sgd_itr1_N2_advStd_boundTight_relaxT0.01_varHint_seed1_HyperAttackHints_VagharDeps_PerturbedIntervals_cTag1.txt"
3x10,patch,"1,14,14,3",0,3,14.75,15.26,9.061635,9.061635,9.061635,9.061635,-0.000000,no,off,no,yes,yes,yes,lp,0.01,0,0,0,0,3,1.03x,,,,0.000000,0.000000,OPTIMAL,OPTIMAL,"/root/Downloads/for_dana/vaghar_org/paper_experiments/mnist/3x10_exp/patch/eps_1,14,14,3/vagharWithPerturbed_3x10_19_sgd_itr1/63911229042743_3x10_patch_1.0,14.0,14.0,3.0_ctag0__HyperAttackHints_VagharDeps_PertruebedIntervals_cTag1.txt","/root/Downloads/for_dana/vaghar_org/paper_experiments/mnist/3x10_exp/patch/eps_1,14,14,3/advStd_3x10_N1_19/63911936540266_n2_3x10_patch_1.0,14.0,14.0,3.0_ctag0_19_sgd_itr1_N2_advStd_boundTight_zonoBounds_n1ProbeLP_relaxT0.01_varHint_seed3_elimOrg0_elimPert0_HyperAttackHints_VagharDeps_PerturbedIntervals_cTag1.txt"
3x10,patch,"1,14,14,3",0,3,14.75,15.22,9.061635,9.061635,9.061635,9.061635,0.000000,no,off,no,yes,no,yes,lp,0.1,0,0,0,0,0,1.03x,,,,0.000000,0.000000,OPTIMAL,OPTIMAL,"/root/Downloads/for_dana/vaghar_org/paper_experiments/mnist/3x10_exp/patch/eps_1,14,14,3/vagharWithPerturbed_3x10_19_sgd_itr1/63911229042743_3x10_patch_1.0,14.0,14.0,3.0_ctag0__HyperAttackHints_VagharDeps_PertruebedIntervals_cTag1.txt","/root/Downloads/for_dana/vaghar_org/paper_experiments/mnist/3x10_exp/patch/eps_1,14,14,3/advStd_3x10_N1_19/63911936579927_n2_3x10_patch_1.0,14.0,14.0,3.0_ctag0_19_sgd_itr1_N2_advStd_boundTight_zonoBounds_n1ProbeLP_relaxT0.1_elimOrg0_elimPert0_HyperAttackHints_VagharDeps_PerturbedIntervals_cTag1.txt"
3x10,patch,"1,14,14,3",0,3,14.75,15.21,9.061635,9.061635,9.061637,9.061637,0.000002,no,bounds,no,yes,no,yes,off,1.0,elim not activated,elim not activated,0,0,1,1.03x,,,,0.000000,0.000000,OPTIMAL,OPTIMAL,"/root/Downloads/for_dana/vaghar_org/paper_experiments/mnist/3x10_exp/patch/eps_1,14,14,3/vagharWithPerturbed_3x10_19_sgd_itr1/63911229042743_3x10_patch_1.0,14.0,14.0,3.0_ctag0__HyperAttackHints_VagharDeps_PertruebedIntervals_cTag1.txt","/root/Downloads/for_dana/vaghar_org/paper_experiments/mnist/3x10_exp/patch/eps_1,14,14,3/advStd_3x10_N1_19/63911939519758_n2_3x10_patch_1.0,14.0,14.0,3.0_ctag0_19_sgd_itr1_N2_advStd_branchPri_boundTight_zonoBounds_relaxT1.0_seed1_HyperAttackHints_VagharDeps_PerturbedIntervals_cTag1.txt"
3x10,patch,"1,14,14,3",0,3,14.75,15.33,9.061635,9.061635,9.061635,9.061635,-0.000000,no,off,no,yes,yes,yes,off,off,elim not activated,elim not activated,relax not activated,relax not activated,3,1.04x,,,,0.000000,0.000000,OPTIMAL,OPTIMAL,"/root/Downloads/for_dana/vaghar_org/paper_experiments/mnist/3x10_exp/patch/eps_1,14,14,3/vagharWithPerturbed_3x10_19_sgd_itr1/63911229042743_3x10_patch_1.0,14.0,14.0,3.0_ctag0__HyperAttackHints_VagharDeps_PertruebedIntervals_cTag1.txt","/root/Downloads/for_dana/vaghar_org/paper_experiments/mnist/3x10_exp/patch/eps_1,14,14,3/advStd_3x10_N1_19/63911935452786_n2_3x10_patch_1.0,14.0,14.0,3.0_ctag0_19_sgd_itr1_N2_advStd_boundTight_zonoBounds_varHint_seed3_HyperAttackHints_VagharDeps_PerturbedIntervals_cTag1.txt"
3x10,patch,"1,14,14,3",0,3,14.75,15.32,9.061635,9.061635,9.061637,9.061637,0.000002,no,bounds,no,yes,yes,yes,off,off,elim not activated,elim not activated,relax not activated,relax not activated,1,1.04x,,,,0.000000,0.000000,OPTIMAL,OPTIMAL,"/root/Downloads/for_dana/vaghar_org/paper_experiments/mnist/3x10_exp/patch/eps_1,14,14,3/vagharWithPerturbed_3x10_19_sgd_itr1/63911229042743_3x10_patch_1.0,14.0,14.0,3.0_ctag0__HyperAttackHints_VagharDeps_PertruebedIntervals_cTag1.txt","/root/Downloads/for_dana/vaghar_org/paper_experiments/mnist/3x10_exp/patch/eps_1,14,14,3/advStd_3x10_N1_19/63911938914213_n2_3x10_patch_1.0,14.0,14.0,3.0_ctag0_19_sgd_itr1_N2_advStd_branchPri_boundTight_zonoBounds_varHint_seed1_HyperAttackHints_VagharDeps_PerturbedIntervals_cTag1.txt"
3x10,patch,"1,14,14,3",0,3,14.75,15.28,9.061635,9.061635,9.061635,9.061635,-0.000000,no,bounds,no,yes,no,yes,off,0.1,elim not activated,elim not activated,0,0,4,1.04x,,,,0.000000,0.000000,OPTIMAL,OPTIMAL,"/root/Downloads/for_dana/vaghar_org/paper_experiments/mnist/3x10_exp/patch/eps_1,14,14,3/vagharWithPerturbed_3x10_19_sgd_itr1/63911229042743_3x10_patch_1.0,14.0,14.0,3.0_ctag0__HyperAttackHints_VagharDeps_PertruebedIntervals_cTag1.txt","/root/Downloads/for_dana/vaghar_org/paper_experiments/mnist/3x10_exp/patch/eps_1,14,14,3/advStd_3x10_N1_19/63911939243088_n2_3x10_patch_1.0,14.0,14.0,3.0_ctag0_19_sgd_itr1_N2_advStd_branchPri_boundTight_zonoBounds_relaxT0.1_seed4_HyperAttackHints_VagharDeps_PerturbedIntervals_cTag1.txt"
3x10,patch,"1,14,14,3",0,3,14.75,15.39,9.061635,9.061635,9.061637,9.061637,0.000002,no,off,no,yes,yes,no,off,0.01,elim not activated,elim not activated,0,0,1,1.04x,,,,0.000000,0.000000,OPTIMAL,OPTIMAL,"/root/Downloads/for_dana/vaghar_org/paper_experiments/mnist/3x10_exp/patch/eps_1,14,14,3/vagharWithPerturbed_3x10_19_sgd_itr1/63911229042743_3x10_patch_1.0,14.0,14.0,3.0_ctag0__HyperAttackHints_VagharDeps_PertruebedIntervals_cTag1.txt","/root/Downloads/for_dana/vaghar_org/paper_experiments/mnist/3x10_exp/patch/eps_1,14,14,3/advStd_3x10_N1_19/63912011582107_n2_3x10_patch_1.0,14.0,14.0,3.0_ctag0_19_sgd_itr1_N2_advStd_boundTight_relaxT0.01_varHint_seed1_HyperAttackHints_VagharDeps_PerturbedIntervals_cTag1.txt"
3x10,patch,"1,14,14,3",0,3,14.75,15.44,9.061635,9.061635,9.061635,9.061635,0.000000,no,off,no,yes,no,yes,lp,0.01,0,0,0,0,2,1.05x,,,,0.000000,0.000000,OPTIMAL,OPTIMAL,"/root/Downloads/for_dana/vaghar_org/paper_experiments/mnist/3x10_exp/patch/eps_1,14,14,3/vagharWithPerturbed_3x10_19_sgd_itr1/63911229042743_3x10_patch_1.0,14.0,14.0,3.0_ctag0__HyperAttackHints_VagharDeps_PertruebedIntervals_cTag1.txt","/root/Downloads/for_dana/vaghar_org/paper_experiments/mnist/3x10_exp/patch/eps_1,14,14,3/advStd_3x10_N1_19/63911936447650_n2_3x10_patch_1.0,14.0,14.0,3.0_ctag0_19_sgd_itr1_N2_advStd_boundTight_zonoBounds_n1ProbeLP_relaxT0.01_seed2_elimOrg0_elimPert0_HyperAttackHints_VagharDeps_PerturbedIntervals_cTag1.txt"
3x10,patch,"1,14,14,3",0,3,14.75,15.42,9.061635,9.061635,9.061637,9.061637,0.000002,no,bounds,no,yes,yes,no,off,off,elim not activated,elim not activated,relax not activated,relax not activated,1,1.05x,,,,0.000000,0.000000,OPTIMAL,OPTIMAL,"/root/Downloads/for_dana/vaghar_org/paper_experiments/mnist/3x10_exp/patch/eps_1,14,14,3/vagharWithPerturbed_3x10_19_sgd_itr1/63911229042743_3x10_patch_1.0,14.0,14.0,3.0_ctag0__HyperAttackHints_VagharDeps_PertruebedIntervals_cTag1.txt","/root/Downloads/for_dana/vaghar_org/paper_experiments/mnist/3x10_exp/patch/eps_1,14,14,3/advStd_3x10_N1_19/63911937201118_n2_3x10_patch_1.0,14.0,14.0,3.0_ctag0_19_sgd_itr1_N2_advStd_branchPri_boundTight_varHint_seed1_HyperAttackHints_VagharDeps_PerturbedIntervals_cTag1.txt"
3x10,patch,"1,14,14,3",0,3,14.75,15.46,9.061635,9.061635,9.061635,9.061635,0.000000,no,bounds,no,yes,yes,no,off,1.0,elim not activated,elim not activated,0,0,2,1.05x,,,,0.000000,0.000000,OPTIMAL,OPTIMAL,"/root/Downloads/for_dana/vaghar_org/paper_experiments/mnist/3x10_exp/patch/eps_1,14,14,3/vagharWithPerturbed_3x10_19_sgd_itr1/63911229042743_3x10_patch_1.0,14.0,14.0,3.0_ctag0__HyperAttackHints_VagharDeps_PertruebedIntervals_cTag1.txt","/root/Downloads/for_dana/vaghar_org/paper_experiments/mnist/3x10_exp/patch/eps_1,14,14,3/advStd_3x10_N1_19/63911937883693_n2_3x10_patch_1.0,14.0,14.0,3.0_ctag0_19_sgd_itr1_N2_advStd_branchPri_boundTight_relaxT1.0_varHint_seed2_HyperAttackHints_VagharDeps_PerturbedIntervals_cTag1.txt"
3x10,patch,"1,14,14,3",0,3,14.75,15.41,9.061635,9.061635,9.061635,9.061635,-0.000000,no,off,no,yes,no,no,off,0.01,elim not activated,elim not activated,0,0,3,1.05x,,,,0.000000,0.000000,OPTIMAL,OPTIMAL,"/root/Downloads/for_dana/vaghar_org/paper_experiments/mnist/3x10_exp/patch/eps_1,14,14,3/vagharWithPerturbed_3x10_19_sgd_itr1/63911229042743_3x10_patch_1.0,14.0,14.0,3.0_ctag0__HyperAttackHints_VagharDeps_PertruebedIntervals_cTag1.txt","/root/Downloads/for_dana/vaghar_org/paper_experiments/mnist/3x10_exp/patch/eps_1,14,14,3/advStd_3x10_N1_19/63912011522100_n2_3x10_patch_1.0,14.0,14.0,3.0_ctag0_19_sgd_itr1_N2_advStd_boundTight_relaxT0.01_seed3_HyperAttackHints_VagharDeps_PerturbedIntervals_cTag1.txt"
3x10,patch,"1,14,14,3",0,3,14.75,15.57,9.061635,9.061635,9.061635,9.061635,0.000000,no,off,no,yes,yes,no,lp,0.5,0,0,0,0,2,1.06x,,,,0.000000,0.000000,OPTIMAL,OPTIMAL,"/root/Downloads/for_dana/vaghar_org/paper_experiments/mnist/3x10_exp/patch/eps_1,14,14,3/vagharWithPerturbed_3x10_19_sgd_itr1/63911229042743_3x10_patch_1.0,14.0,14.0,3.0_ctag0__HyperAttackHints_VagharDeps_PertruebedIntervals_cTag1.txt","/root/Downloads/for_dana/vaghar_org/paper_experiments/mnist/3x10_exp/patch/eps_1,14,14,3/advStd_3x10_N1_19/63911935038447_n2_3x10_patch_1.0,14.0,14.0,3.0_ctag0_19_sgd_itr1_N2_advStd_boundTight_n1ProbeLP_relaxT0.5_varHint_seed2_elimOrg0_elimPert0_HyperAttackHints_VagharDeps_PerturbedIntervals_cTag1.txt"
3x10,patch,"1,14,14,3",0,3,14.75,15.58,9.061635,9.061635,9.061635,9.061635,0.000000,no,off,no,yes,yes,yes,lp,0.01,0,0,0,0,2,1.06x,,,,0.000000,0.000000,OPTIMAL,OPTIMAL,"/root/Downloads/for_dana/vaghar_org/paper_experiments/mnist/3x10_exp/patch/eps_1,14,14,3/vagharWithPerturbed_3x10_19_sgd_itr1/63911229042743_3x10_patch_1.0,14.0,14.0,3.0_ctag0__HyperAttackHints_VagharDeps_PertruebedIntervals_cTag1.txt","/root/Downloads/for_dana/vaghar_org/paper_experiments/mnist/3x10_exp/patch/eps_1,14,14,3/advStd_3x10_N1_19/63911936540328_n2_3x10_patch_1.0,14.0,14.0,3.0_ctag0_19_sgd_itr1_N2_advStd_boundTight_zonoBounds_n1ProbeLP_relaxT0.01_varHint_seed2_elimOrg0_elimPert0_HyperAttackHints_VagharDeps_PerturbedIntervals_cTag1.txt"
3x10,patch,"1,14,14,3",0,3,14.75,15.68,9.061635,9.061635,9.061635,9.066591,0.004956,no,bounds,no,yes,yes,no,lp,0.01,0,0,0,0,0,1.06x,,,,0.000000,0.004956,OPTIMAL,OPTIMAL,"/root/Downloads/for_dana/vaghar_org/paper_experiments/mnist/3x10_exp/patch/eps_1,14,14,3/vagharWithPerturbed_3x10_19_sgd_itr1/63911229042743_3x10_patch_1.0,14.0,14.0,3.0_ctag0__HyperAttackHints_VagharDeps_PertruebedIntervals_cTag1.txt","/root/Downloads/for_dana/vaghar_org/paper_experiments/mnist/3x10_exp/patch/eps_1,14,14,3/advStd_3x10_N1_19/63911938225231_n2_3x10_patch_1.0,14.0,14.0,3.0_ctag0_19_sgd_itr1_N2_advStd_branchPri_boundTight_n1ProbeLP_relaxT0.01_varHint_elimOrg0_elimPert0_HyperAttackHints_VagharDeps_PerturbedIntervals_cTag1.txt"
3x10,patch,"1,14,14,3",0,3,14.75,15.80,9.061635,9.061635,9.061635,9.061635,0.000000,no,off,no,yes,no,yes,lp,0.5,0,0,0,0,0,1.07x,,,,0.000000,0.000000,OPTIMAL,OPTIMAL,"/root/Downloads/for_dana/vaghar_org/paper_experiments/mnist/3x10_exp/patch/eps_1,14,14,3/vagharWithPerturbed_3x10_19_sgd_itr1/63911229042743_3x10_patch_1.0,14.0,14.0,3.0_ctag0__HyperAttackHints_VagharDeps_PertruebedIntervals_cTag1.txt","/root/Downloads/for_dana/vaghar_org/paper_experiments/mnist/3x10_exp/patch/eps_1,14,14,3/advStd_3x10_N1_19/63911936766483_n2_3x10_patch_1.0,14.0,14.0,3.0_ctag0_19_sgd_itr1_N2_advStd_boundTight_zonoBounds_n1ProbeLP_relaxT0.5_elimOrg0_elimPert0_HyperAttackHints_VagharDeps_PerturbedIntervals_cTag1.txt"
3x10,patch,"1,14,14,3",0,3,14.75,15.81,9.061635,9.061635,9.061637,9.061637,0.000002,no,off,no,yes,yes,no,off,off,elim not activated,elim not activated,relax not activated,relax not activated,1,1.07x,,,,0.000000,0.000000,OPTIMAL,OPTIMAL,"/root/Downloads/for_dana/vaghar_org/paper_experiments/mnist/3x10_exp/patch/eps_1,14,14,3/vagharWithPerturbed_3x10_19_sgd_itr1/63911229042743_3x10_patch_1.0,14.0,14.0,3.0_ctag0__HyperAttackHints_VagharDeps_PertruebedIntervals_cTag1.txt","/root/Downloads/for_dana/vaghar_org/paper_experiments/mnist/3x10_exp/patch/eps_1,14,14,3/advStd_3x10_N1_19/63912011233182_n2_3x10_patch_1.0,14.0,14.0,3.0_ctag0_19_sgd_itr1_N2_advStd_boundTight_varHint_seed1_HyperAttackHints_VagharDeps_PerturbedIntervals_cTag1.txt"
3x10,patch,"1,14,14,3",0,3,14.75,15.94,9.061635,9.061635,9.061635,9.061635,-0.000000,no,off,no,yes,yes,yes,off,0.1,elim not activated,elim not activated,0,0,3,1.08x,,,,0.000000,0.000000,OPTIMAL,OPTIMAL,"/root/Downloads/for_dana/vaghar_org/paper_experiments/mnist/3x10_exp/patch/eps_1,14,14,3/vagharWithPerturbed_3x10_19_sgd_itr1/63911229042743_3x10_patch_1.0,14.0,14.0,3.0_ctag0__HyperAttackHints_VagharDeps_PertruebedIntervals_cTag1.txt","/root/Downloads/for_dana/vaghar_org/paper_experiments/mnist/3x10_exp/patch/eps_1,14,14,3/advStd_3x10_N1_19/63911935811203_n2_3x10_patch_1.0,14.0,14.0,3.0_ctag0_19_sgd_itr1_N2_advStd_boundTight_zonoBounds_relaxT0.1_varHint_seed3_HyperAttackHints_VagharDeps_PerturbedIntervals_cTag1.txt"
3x10,patch,"1,14,14,3",0,3,14.75,15.86,9.061635,9.061635,9.061637,9.061637,0.000002,no,off,no,yes,yes,yes,off,0.5,elim not activated,elim not activated,0,0,1,1.08x,,,,0.000000,0.000000,OPTIMAL,OPTIMAL,"/root/Downloads/for_dana/vaghar_org/paper_experiments/mnist/3x10_exp/patch/eps_1,14,14,3/vagharWithPerturbed_3x10_19_sgd_itr1/63911229042743_3x10_patch_1.0,14.0,14.0,3.0_ctag0__HyperAttackHints_VagharDeps_PertruebedIntervals_cTag1.txt","/root/Downloads/for_dana/vaghar_org/paper_experiments/mnist/3x10_exp/patch/eps_1,14,14,3/advStd_3x10_N1_19/63911935990703_n2_3x10_patch_1.0,14.0,14.0,3.0_ctag0_19_sgd_itr1_N2_advStd_boundTight_zonoBounds_relaxT0.5_varHint_seed1_HyperAttackHints_VagharDeps_PerturbedIntervals_cTag1.txt"
3x10,patch,"1,14,14,3",0,3,14.75,15.97,9.061635,9.061635,9.061635,9.061635,0.000000,no,bounds,no,yes,yes,no,off,0.01,elim not activated,elim not activated,0,0,2,1.08x,,,,0.000000,0.000000,OPTIMAL,OPTIMAL,"/root/Downloads/for_dana/vaghar_org/paper_experiments/mnist/3x10_exp/patch/eps_1,14,14,3/vagharWithPerturbed_3x10_19_sgd_itr1/63911229042743_3x10_patch_1.0,14.0,14.0,3.0_ctag0__HyperAttackHints_VagharDeps_PertruebedIntervals_cTag1.txt","/root/Downloads/for_dana/vaghar_org/paper_experiments/mnist/3x10_exp/patch/eps_1,14,14,3/advStd_3x10_N1_19/63911937335452_n2_3x10_patch_1.0,14.0,14.0,3.0_ctag0_19_sgd_itr1_N2_advStd_branchPri_boundTight_relaxT0.01_varHint_seed2_HyperAttackHints_VagharDeps_PerturbedIntervals_cTag1.txt"
3x10,patch,"1,14,14,3",0,3,14.75,15.99,9.061635,9.061635,9.061637,9.061637,0.000002,no,bounds,no,yes,no,no,lp,off,0,0,relax not activated,relax not activated,1,1.08x,,,,0.000000,0.000000,OPTIMAL,OPTIMAL,"/root/Downloads/for_dana/vaghar_org/paper_experiments/mnist/3x10_exp/patch/eps_1,14,14,3/vagharWithPerturbed_3x10_19_sgd_itr1/63911229042743_3x10_patch_1.0,14.0,14.0,3.0_ctag0__HyperAttackHints_VagharDeps_PertruebedIntervals_cTag1.txt","/root/Downloads/for_dana/vaghar_org/paper_experiments/mnist/3x10_exp/patch/eps_1,14,14,3/advStd_3x10_N1_19/63911937962108_n2_3x10_patch_1.0,14.0,14.0,3.0_ctag0_19_sgd_itr1_N2_advStd_branchPri_boundTight_n1ProbeLP_seed1_elimOrg0_elimPert0_HyperAttackHints_VagharDeps_PerturbedIntervals_cTag1.txt"
3x10,patch,"1,14,14,3",0,3,14.75,15.99,9.061635,9.061635,9.061635,9.061635,0.000000,no,off,no,yes,no,no,off,0.01,elim not activated,elim not activated,0,0,2,1.08x,,,,0.000000,0.000000,OPTIMAL,OPTIMAL,"/root/Downloads/for_dana/vaghar_org/paper_experiments/mnist/3x10_exp/patch/eps_1,14,14,3/vagharWithPerturbed_3x10_19_sgd_itr1/63911229042743_3x10_patch_1.0,14.0,14.0,3.0_ctag0__HyperAttackHints_VagharDeps_PertruebedIntervals_cTag1.txt","/root/Downloads/for_dana/vaghar_org/paper_experiments/mnist/3x10_exp/patch/eps_1,14,14,3/advStd_3x10_N1_19/63912011520975_n2_3x10_patch_1.0,14.0,14.0,3.0_ctag0_19_sgd_itr1_N2_advStd_boundTight_relaxT0.01_seed2_HyperAttackHints_VagharDeps_PerturbedIntervals_cTag1.txt"
3x10,patch,"1,14,14,3",0,3,14.75,15.92,9.061635,9.061635,9.061635,9.061635,-0.000000,no,off,no,yes,no,no,off,0.01,elim not activated,elim not activated,0,0,4,1.08x,,,,0.000000,0.000000,OPTIMAL,OPTIMAL,"/root/Downloads/for_dana/vaghar_org/paper_experiments/mnist/3x10_exp/patch/eps_1,14,14,3/vagharWithPerturbed_3x10_19_sgd_itr1/63911229042743_3x10_patch_1.0,14.0,14.0,3.0_ctag0__HyperAttackHints_VagharDeps_PertruebedIntervals_cTag1.txt","/root/Downloads/for_dana/vaghar_org/paper_experiments/mnist/3x10_exp/patch/eps_1,14,14,3/advStd_3x10_N1_19/63912011523379_n2_3x10_patch_1.0,14.0,14.0,3.0_ctag0_19_sgd_itr1_N2_advStd_boundTight_relaxT0.01_seed4_HyperAttackHints_VagharDeps_PerturbedIntervals_cTag1.txt"
3x10,patch,"1,14,14,3",0,3,14.75,16.15,9.061635,9.061635,9.061637,9.061637,0.000002,no,off,no,yes,no,yes,lp,0.1,0,0,0,0,1,1.09x,,,,0.000000,0.000000,OPTIMAL,OPTIMAL,"/root/Downloads/for_dana/vaghar_org/paper_experiments/mnist/3x10_exp/patch/eps_1,14,14,3/vagharWithPerturbed_3x10_19_sgd_itr1/63911229042743_3x10_patch_1.0,14.0,14.0,3.0_ctag0__HyperAttackHints_VagharDeps_PertruebedIntervals_cTag1.txt","/root/Downloads/for_dana/vaghar_org/paper_experiments/mnist/3x10_exp/patch/eps_1,14,14,3/advStd_3x10_N1_19/63911936597813_n2_3x10_patch_1.0,14.0,14.0,3.0_ctag0_19_sgd_itr1_N2_advStd_boundTight_zonoBounds_n1ProbeLP_relaxT0.1_seed1_elimOrg0_elimPert0_HyperAttackHints_VagharDeps_PerturbedIntervals_cTag1.txt"
3x10,patch,"1,14,14,3",0,3,14.75,16.08,9.061635,9.061635,9.061635,9.061635,0.000000,no,off,no,yes,yes,yes,lp,0.1,0,0,0,0,2,1.09x,,,,0.000000,0.000000,OPTIMAL,OPTIMAL,"/root/Downloads/for_dana/vaghar_org/paper_experiments/mnist/3x10_exp/patch/eps_1,14,14,3/vagharWithPerturbed_3x10_19_sgd_itr1/63911229042743_3x10_patch_1.0,14.0,14.0,3.0_ctag0__HyperAttackHints_VagharDeps_PertruebedIntervals_cTag1.txt","/root/Downloads/for_dana/vaghar_org/paper_experiments/mnist/3x10_exp/patch/eps_1,14,14,3/advStd_3x10_N1_19/63911936706782_n2_3x10_patch_1.0,14.0,14.0,3.0_ctag0_19_sgd_itr1_N2_advStd_boundTight_zonoBounds_n1ProbeLP_relaxT0.1_varHint_seed2_elimOrg0_elimPert0_HyperAttackHints_VagharDeps_PerturbedIntervals_cTag1.txt"
3x10,patch,"1,14,14,3",0,3,14.75,16.21,9.061635,9.061635,9.061635,9.061635,-0.000000,no,bounds,no,yes,no,no,off,off,elim not activated,elim not activated,relax not activated,relax not activated,3,1.10x,,,,0.000000,0.000000,OPTIMAL,OPTIMAL,"/root/Downloads/for_dana/vaghar_org/paper_experiments/mnist/3x10_exp/patch/eps_1,14,14,3/vagharWithPerturbed_3x10_19_sgd_itr1/63911229042743_3x10_patch_1.0,14.0,14.0,3.0_ctag0__HyperAttackHints_VagharDeps_PertruebedIntervals_cTag1.txt","/root/Downloads/for_dana/vaghar_org/paper_experiments/mnist/3x10_exp/patch/eps_1,14,14,3/advStd_3x10_N1_19/63911756829618_n2_3x10_patch_1.0,14.0,14.0,3.0_ctag0_19_sgd_itr1_N2_advStd_branchPri_boundTight_seed3_HyperAttackHints_VagharDeps_PerturbedIntervals_cTag1.txt"
3x10,patch,"1,14,14,3",0,3,14.75,16.15,9.061635,9.061635,9.061635,9.066591,0.004956,no,off,no,yes,yes,no,off,0.01,elim not activated,elim not activated,0,0,0,1.10x,,,,0.000000,0.004956,OPTIMAL,OPTIMAL,"/root/Downloads/for_dana/vaghar_org/paper_experiments/mnist/3x10_exp/patch/eps_1,14,14,3/vagharWithPerturbed_3x10_19_sgd_itr1/63911229042743_3x10_patch_1.0,14.0,14.0,3.0_ctag0__HyperAttackHints_VagharDeps_PertruebedIntervals_cTag1.txt","/root/Downloads/for_dana/vaghar_org/paper_experiments/mnist/3x10_exp/patch/eps_1,14,14,3/advStd_3x10_N1_19/63911933785110_n2_3x10_patch_1.0,14.0,14.0,3.0_ctag0_19_sgd_itr1_N2_advStd_boundTight_relaxT0.01_varHint_HyperAttackHints_VagharDeps_PerturbedIntervals_cTag1.txt"
3x10,patch,"1,14,14,3",0,3,14.75,16.19,9.061635,9.061635,9.061635,9.061635,0.000000,no,off,no,yes,no,no,lp,0.5,0,0,0,0,0,1.10x,,,,0.000000,0.000000,OPTIMAL,OPTIMAL,"/root/Downloads/for_dana/vaghar_org/paper_experiments/mnist/3x10_exp/patch/eps_1,14,14,3/vagharWithPerturbed_3x10_19_sgd_itr1/63911229042743_3x10_patch_1.0,14.0,14.0,3.0_ctag0__HyperAttackHints_VagharDeps_PertruebedIntervals_cTag1.txt","/root/Downloads/for_dana/vaghar_org/paper_experiments/mnist/3x10_exp/patch/eps_1,14,14,3/advStd_3x10_N1_19/63911934897010_n2_3x10_patch_1.0,14.0,14.0,3.0_ctag0_19_sgd_itr1_N2_advStd_boundTight_n1ProbeLP_relaxT0.5_elimOrg0_elimPert0_HyperAttackHints_VagharDeps_PerturbedIntervals_cTag1.txt"
3x10,patch,"1,14,14,3",0,3,14.75,16.19,9.061635,9.061635,9.061635,9.066591,0.004956,no,off,no,yes,yes,yes,off,0.5,elim not activated,elim not activated,0,0,0,1.10x,,,,0.000000,0.004956,OPTIMAL,OPTIMAL,"/root/Downloads/for_dana/vaghar_org/paper_experiments/mnist/3x10_exp/patch/eps_1,14,14,3/vagharWithPerturbed_3x10_19_sgd_itr1/63911229042743_3x10_patch_1.0,14.0,14.0,3.0_ctag0__HyperAttackHints_VagharDeps_PertruebedIntervals_cTag1.txt","/root/Downloads/for_dana/vaghar_org/paper_experiments/mnist/3x10_exp/patch/eps_1,14,14,3/advStd_3x10_N1_19/63911935945545_n2_3x10_patch_1.0,14.0,14.0,3.0_ctag0_19_sgd_itr1_N2_advStd_boundTight_zonoBounds_relaxT0.5_varHint_HyperAttackHints_VagharDeps_PerturbedIntervals_cTag1.txt"
3x10,patch,"1,14,14,3",0,3,14.75,16.20,9.061635,9.061635,9.061635,9.061635,-0.000000,no,bounds,no,yes,yes,no,off,off,elim not activated,elim not activated,relax not activated,relax not activated,4,1.10x,,,,0.000000,0.000000,OPTIMAL,OPTIMAL,"/root/Downloads/for_dana/vaghar_org/paper_experiments/mnist/3x10_exp/patch/eps_1,14,14,3/vagharWithPerturbed_3x10_19_sgd_itr1/63911229042743_3x10_patch_1.0,14.0,14.0,3.0_ctag0__HyperAttackHints_VagharDeps_PertruebedIntervals_cTag1.txt","/root/Downloads/for_dana/vaghar_org/paper_experiments/mnist/3x10_exp/patch/eps_1,14,14,3/advStd_3x10_N1_19/63911937208993_n2_3x10_patch_1.0,14.0,14.0,3.0_ctag0_19_sgd_itr1_N2_advStd_branchPri_boundTight_varHint_seed4_HyperAttackHints_VagharDeps_PerturbedIntervals_cTag1.txt"
3x10,patch,"1,14,14,3",0,3,14.75,16.20,9.061635,9.061635,9.061637,9.061637,0.000002,no,bounds,no,yes,yes,no,off,1.0,elim not activated,elim not activated,0,0,1,1.10x,,,,0.000000,0.000000,OPTIMAL,OPTIMAL,"/root/Downloads/for_dana/vaghar_org/paper_experiments/mnist/3x10_exp/patch/eps_1,14,14,3/vagharWithPerturbed_3x10_19_sgd_itr1/63911229042743_3x10_patch_1.0,14.0,14.0,3.0_ctag0__HyperAttackHints_VagharDeps_PertruebedIntervals_cTag1.txt","/root/Downloads/for_dana/vaghar_org/paper_experiments/mnist/3x10_exp/patch/eps_1,14,14,3/advStd_3x10_N1_19/63911937844506_n2_3x10_patch_1.0,14.0,14.0,3.0_ctag0_19_sgd_itr1_N2_advStd_branchPri_boundTight_relaxT1.0_varHint_seed1_HyperAttackHints_VagharDeps_PerturbedIntervals_cTag1.txt"
3x10,patch,"1,14,14,3",0,3,14.75,16.18,9.061635,9.061635,9.061635,9.061635,-0.000000,no,bounds,no,yes,no,yes,lp,0.5,0,0,0,0,3,1.10x,,,,0.000000,0.000000,OPTIMAL,OPTIMAL,"/root/Downloads/for_dana/vaghar_org/paper_experiments/mnist/3x10_exp/patch/eps_1,14,14,3/vagharWithPerturbed_3x10_19_sgd_itr1/63911229042743_3x10_patch_1.0,14.0,14.0,3.0_ctag0__HyperAttackHints_VagharDeps_PertruebedIntervals_cTag1.txt","/root/Downloads/for_dana/vaghar_org/paper_experiments/mnist/3x10_exp/patch/eps_1,14,14,3/advStd_3x10_N1_19/63911940410268_n2_3x10_patch_1.0,14.0,14.0,3.0_ctag0_19_sgd_itr1_N2_advStd_branchPri_boundTight_zonoBounds_n1ProbeLP_relaxT0.5_seed3_elimOrg0_elimPert0_HyperAttackHints_VagharDeps_PerturbedIntervals_cTag1.txt"
3x10,patch,"1,14,14,3",0,3,14.75,16.43,9.061635,9.061635,9.061635,9.061635,0.000000,no,off,no,yes,yes,yes,off,off,elim not activated,elim not activated,relax not activated,relax not activated,2,1.11x,,,,0.000000,0.000000,OPTIMAL,OPTIMAL,"/root/Downloads/for_dana/vaghar_org/paper_experiments/mnist/3x10_exp/patch/eps_1,14,14,3/vagharWithPerturbed_3x10_19_sgd_itr1/63911229042743_3x10_patch_1.0,14.0,14.0,3.0_ctag0__HyperAttackHints_VagharDeps_PertruebedIntervals_cTag1.txt","/root/Downloads/for_dana/vaghar_org/paper_experiments/mnist/3x10_exp/patch/eps_1,14,14,3/advStd_3x10_N1_19/63911935420197_n2_3x10_patch_1.0,14.0,14.0,3.0_ctag0_19_sgd_itr1_N2_advStd_boundTight_zonoBounds_varHint_seed2_HyperAttackHints_VagharDeps_PerturbedIntervals_cTag1.txt"
3x10,patch,"1,14,14,3",0,3,14.75,16.39,9.061635,9.061635,9.061637,9.061637,0.000002,no,bounds,no,yes,yes,no,off,0.01,elim not activated,elim not activated,0,0,1,1.11x,,,,0.000000,0.000000,OPTIMAL,OPTIMAL,"/root/Downloads/for_dana/vaghar_org/paper_experiments/mnist/3x10_exp/patch/eps_1,14,14,3/vagharWithPerturbed_3x10_19_sgd_itr1/63911229042743_3x10_patch_1.0,14.0,14.0,3.0_ctag0__HyperAttackHints_VagharDeps_PertruebedIntervals_cTag1.txt","/root/Downloads/for_dana/vaghar_org/paper_experiments/mnist/3x10_exp/patch/eps_1,14,14,3/advStd_3x10_N1_19/63911937334355_n2_3x10_patch_1.0,14.0,14.0,3.0_ctag0_19_sgd_itr1_N2_advStd_branchPri_boundTight_relaxT0.01_varHint_seed1_HyperAttackHints_VagharDeps_PerturbedIntervals_cTag1.txt"
3x10,patch,"1,14,14,3",0,3,14.75,16.39,9.061635,9.061635,9.061635,9.061635,-0.000000,no,bounds,no,yes,yes,no,off,0.5,elim not activated,elim not activated,0,0,4,1.11x,,,,0.000000,0.000000,OPTIMAL,OPTIMAL,"/root/Downloads/for_dana/vaghar_org/paper_experiments/mnist/3x10_exp/patch/eps_1,14,14,3/vagharWithPerturbed_3x10_19_sgd_itr1/63911229042743_3x10_patch_1.0,14.0,14.0,3.0_ctag0__HyperAttackHints_VagharDeps_PertruebedIntervals_cTag1.txt","/root/Downloads/for_dana/vaghar_org/paper_experiments/mnist/3x10_exp/patch/eps_1,14,14,3/advStd_3x10_N1_19/63911937716581_n2_3x10_patch_1.0,14.0,14.0,3.0_ctag0_19_sgd_itr1_N2_advStd_branchPri_boundTight_relaxT0.5_varHint_seed4_HyperAttackHints_VagharDeps_PerturbedIntervals_cTag1.txt"
3x10,patch,"1,14,14,3",0,3,14.75,16.32,9.061635,9.061635,9.061635,9.061635,0.000000,no,bounds,no,yes,no,yes,off,1.0,elim not activated,elim not activated,0,0,0,1.11x,,,,0.000000,0.000000,OPTIMAL,OPTIMAL,"/root/Downloads/for_dana/vaghar_org/paper_experiments/mnist/3x10_exp/patch/eps_1,14,14,3/vagharWithPerturbed_3x10_19_sgd_itr1/63911229042743_3x10_patch_1.0,14.0,14.0,3.0_ctag0__HyperAttackHints_VagharDeps_PertruebedIntervals_cTag1.txt","/root/Downloads/for_dana/vaghar_org/paper_experiments/mnist/3x10_exp/patch/eps_1,14,14,3/advStd_3x10_N1_19/63911939519909_n2_3x10_patch_1.0,14.0,14.0,3.0_ctag0_19_sgd_itr1_N2_advStd_branchPri_boundTight_zonoBounds_relaxT1.0_HyperAttackHints_VagharDeps_PerturbedIntervals_cTag1.txt"
3x10,patch,"1,14,14,3",0,3,14.75,16.51,9.061635,9.061635,9.061635,9.061635,-0.000000,no,off,no,yes,yes,yes,lp,0.01,0,0,0,0,4,1.12x,,,,0.000000,0.000000,OPTIMAL,OPTIMAL,"/root/Downloads/for_dana/vaghar_org/paper_experiments/mnist/3x10_exp/patch/eps_1,14,14,3/vagharWithPerturbed_3x10_19_sgd_itr1/63911229042743_3x10_patch_1.0,14.0,14.0,3.0_ctag0__HyperAttackHints_VagharDeps_PertruebedIntervals_cTag1.txt","/root/Downloads/for_dana/vaghar_org/paper_experiments/mnist/3x10_exp/patch/eps_1,14,14,3/advStd_3x10_N1_19/63911936577983_n2_3x10_patch_1.0,14.0,14.0,3.0_ctag0_19_sgd_itr1_N2_advStd_boundTight_zonoBounds_n1ProbeLP_relaxT0.01_varHint_seed4_elimOrg0_elimPert0_HyperAttackHints_VagharDeps_PerturbedIntervals_cTag1.txt"
3x10,patch,"1,14,14,3",0,3,14.75,16.65,9.061635,9.061635,9.061635,9.061635,0.000000,no,bounds,no,yes,no,no,off,off,elim not activated,elim not activated,relax not activated,relax not activated,2,1.13x,,,,0.000000,0.000000,OPTIMAL,OPTIMAL,"/root/Downloads/for_dana/vaghar_org/paper_experiments/mnist/3x10_exp/patch/eps_1,14,14,3/vagharWithPerturbed_3x10_19_sgd_itr1/63911229042743_3x10_patch_1.0,14.0,14.0,3.0_ctag0__HyperAttackHints_VagharDeps_PertruebedIntervals_cTag1.txt","/root/Downloads/for_dana/vaghar_org/paper_experiments/mnist/3x10_exp/patch/eps_1,14,14,3/advStd_3x10_N1_19/63911756826665_n2_3x10_patch_1.0,14.0,14.0,3.0_ctag0_19_sgd_itr1_N2_advStd_branchPri_boundTight_seed2_HyperAttackHints_VagharDeps_PerturbedIntervals_cTag1.txt"
3x10,patch,"1,14,14,3",0,3,14.75,16.83,9.061635,9.061635,9.061635,9.061635,-0.000000,no,off,no,yes,yes,no,lp,0.1,0,0,0,0,4,1.14x,,,,0.000000,0.000000,OPTIMAL,OPTIMAL,"/root/Downloads/for_dana/vaghar_org/paper_experiments/mnist/3x10_exp/patch/eps_1,14,14,3/vagharWithPerturbed_3x10_19_sgd_itr1/63911229042743_3x10_patch_1.0,14.0,14.0,3.0_ctag0__HyperAttackHints_VagharDeps_PertruebedIntervals_cTag1.txt","/root/Downloads/for_dana/vaghar_org/paper_experiments/mnist/3x10_exp/patch/eps_1,14,14,3/advStd_3x10_N1_19/63911934897983_n2_3x10_patch_1.0,14.0,14.0,3.0_ctag0_19_sgd_itr1_N2_advStd_boundTight_n1ProbeLP_relaxT0.1_varHint_seed4_elimOrg0_elimPert0_HyperAttackHints_VagharDeps_PerturbedIntervals_cTag1.txt"
3x10,patch,"1,14,14,3",0,3,14.75,16.79,9.061635,9.061635,9.061635,9.061635,0.000000,no,bounds,no,yes,yes,no,off,0.5,elim not activated,elim not activated,0,0,2,1.14x,,,,0.000000,0.000000,OPTIMAL,OPTIMAL,"/root/Downloads/for_dana/vaghar_org/paper_experiments/mnist/3x10_exp/patch/eps_1,14,14,3/vagharWithPerturbed_3x10_19_sgd_itr1/63911229042743_3x10_patch_1.0,14.0,14.0,3.0_ctag0__HyperAttackHints_VagharDeps_PertruebedIntervals_cTag1.txt","/root/Downloads/for_dana/vaghar_org/paper_experiments/mnist/3x10_exp/patch/eps_1,14,14,3/advStd_3x10_N1_19/63911937716295_n2_3x10_patch_1.0,14.0,14.0,3.0_ctag0_19_sgd_itr1_N2_advStd_branchPri_boundTight_relaxT0.5_varHint_seed2_HyperAttackHints_VagharDeps_PerturbedIntervals_cTag1.txt"
3x10,patch,"1,14,14,3",0,3,14.75,16.84,9.061635,9.061635,9.061635,9.061635,-0.000000,no,bounds,no,yes,no,yes,off,off,elim not activated,elim not activated,relax not activated,relax not activated,3,1.14x,,,,0.000000,0.000000,OPTIMAL,OPTIMAL,"/root/Downloads/for_dana/vaghar_org/paper_experiments/mnist/3x10_exp/patch/eps_1,14,14,3/vagharWithPerturbed_3x10_19_sgd_itr1/63911229042743_3x10_patch_1.0,14.0,14.0,3.0_ctag0__HyperAttackHints_VagharDeps_PertruebedIntervals_cTag1.txt","/root/Downloads/for_dana/vaghar_org/paper_experiments/mnist/3x10_exp/patch/eps_1,14,14,3/advStd_3x10_N1_19/63911938883767_n2_3x10_patch_1.0,14.0,14.0,3.0_ctag0_19_sgd_itr1_N2_advStd_branchPri_boundTight_zonoBounds_seed3_HyperAttackHints_VagharDeps_PerturbedIntervals_cTag1.txt"
3x10,patch,"1,14,14,3",0,3,14.75,17.01,9.061635,9.061635,9.061635,9.061635,-0.000000,no,bounds,no,yes,yes,no,off,0.01,elim not activated,elim not activated,0,0,3,1.15x,,,,0.000000,0.000000,OPTIMAL,OPTIMAL,"/root/Downloads/for_dana/vaghar_org/paper_experiments/mnist/3x10_exp/patch/eps_1,14,14,3/vagharWithPerturbed_3x10_19_sgd_itr1/63911229042743_3x10_patch_1.0,14.0,14.0,3.0_ctag0__HyperAttackHints_VagharDeps_PertruebedIntervals_cTag1.txt","/root/Downloads/for_dana/vaghar_org/paper_experiments/mnist/3x10_exp/patch/eps_1,14,14,3/advStd_3x10_N1_19/63911937336618_n2_3x10_patch_1.0,14.0,14.0,3.0_ctag0_19_sgd_itr1_N2_advStd_branchPri_boundTight_relaxT0.01_varHint_seed3_HyperAttackHints_VagharDeps_PerturbedIntervals_cTag1.txt"
3x10,patch,"1,14,14,3",0,3,14.75,16.98,9.061635,9.061635,9.061635,9.061635,-0.000000,no,bounds,no,yes,yes,no,off,0.5,elim not activated,elim not activated,0,0,3,1.15x,,,,0.000000,0.000000,OPTIMAL,OPTIMAL,"/root/Downloads/for_dana/vaghar_org/paper_experiments/mnist/3x10_exp/patch/eps_1,14,14,3/vagharWithPerturbed_3x10_19_sgd_itr1/63911229042743_3x10_patch_1.0,14.0,14.0,3.0_ctag0__HyperAttackHints_VagharDeps_PertruebedIntervals_cTag1.txt","/root/Downloads/for_dana/vaghar_org/paper_experiments/mnist/3x10_exp/patch/eps_1,14,14,3/advStd_3x10_N1_19/63911937716775_n2_3x10_patch_1.0,14.0,14.0,3.0_ctag0_19_sgd_itr1_N2_advStd_branchPri_boundTight_relaxT0.5_varHint_seed3_HyperAttackHints_VagharDeps_PerturbedIntervals_cTag1.txt"
3x10,patch,"1,14,14,3",0,3,14.75,17.07,9.061635,9.061635,9.061635,9.066591,0.004956,no,bounds,no,yes,yes,no,off,1.0,elim not activated,elim not activated,0,0,0,1.16x,,,,0.000000,0.004956,OPTIMAL,OPTIMAL,"/root/Downloads/for_dana/vaghar_org/paper_experiments/mnist/3x10_exp/patch/eps_1,14,14,3/vagharWithPerturbed_3x10_19_sgd_itr1/63911229042743_3x10_patch_1.0,14.0,14.0,3.0_ctag0__HyperAttackHints_VagharDeps_PertruebedIntervals_cTag1.txt","/root/Downloads/for_dana/vaghar_org/paper_experiments/mnist/3x10_exp/patch/eps_1,14,14,3/advStd_3x10_N1_19/63911937843764_n2_3x10_patch_1.0,14.0,14.0,3.0_ctag0_19_sgd_itr1_N2_advStd_branchPri_boundTight_relaxT1.0_varHint_HyperAttackHints_VagharDeps_PerturbedIntervals_cTag1.txt"
3x10,patch,"1,14,14,3",0,3,14.75,17.58,9.061635,9.061635,9.061635,9.061635,-0.000000,no,bounds,no,yes,no,no,off,0.01,elim not activated,elim not activated,0,0,4,1.19x,,,,0.000000,0.000000,OPTIMAL,OPTIMAL,"/root/Downloads/for_dana/vaghar_org/paper_experiments/mnist/3x10_exp/patch/eps_1,14,14,3/vagharWithPerturbed_3x10_19_sgd_itr1/63911229042743_3x10_patch_1.0,14.0,14.0,3.0_ctag0__HyperAttackHints_VagharDeps_PertruebedIntervals_cTag1.txt","/root/Downloads/for_dana/vaghar_org/paper_experiments/mnist/3x10_exp/patch/eps_1,14,14,3/advStd_3x10_N1_19/63911937333478_n2_3x10_patch_1.0,14.0,14.0,3.0_ctag0_19_sgd_itr1_N2_advStd_branchPri_boundTight_relaxT0.01_seed4_HyperAttackHints_VagharDeps_PerturbedIntervals_cTag1.txt"
3x10,patch,"1,14,14,3",0,3,14.75,17.77,9.061635,9.061635,9.061635,9.061635,0.000000,no,bounds,no,no,no,no,off,off,elim not activated,elim not activated,relax not activated,relax not activated,0,1.20x,,,,0.000000,0.000000,OPTIMAL,OPTIMAL,"/root/Downloads/for_dana/vaghar_org/paper_experiments/mnist/3x10_exp/patch/eps_1,14,14,3/vagharWithPerturbed_3x10_19_sgd_itr1/63911229042743_3x10_patch_1.0,14.0,14.0,3.0_ctag0__HyperAttackHints_VagharDeps_PertruebedIntervals_cTag1.txt","/root/Downloads/for_dana/vaghar_org/paper_experiments/mnist/3x10_exp/patch/eps_1,14,14,3/advStd_3x10_N1_19/63911708004911_n2_3x10_patch_1.0,14.0,14.0,3.0_ctag0_19_sgd_itr1_N2_advStd_branchPri_HyperAttackHints_VagharDeps_PerturbedIntervals_cTag1.txt"
3x10,patch,"1,14,14,3",0,3,14.75,17.94,9.061635,9.061635,9.061635,9.071015,0.009380,yes,bounds,no,no,no,no,off,off,elim not activated,elim not activated,relax not activated,relax not activated,0,1.22x,,,,0.000000,0.009381,OPTIMAL,OPTIMAL,"/root/Downloads/for_dana/vaghar_org/paper_experiments/mnist/3x10_exp/patch/eps_1,14,14,3/vagharWithPerturbed_3x10_19_sgd_itr1/63911229042743_3x10_patch_1.0,14.0,14.0,3.0_ctag0__HyperAttackHints_VagharDeps_PertruebedIntervals_cTag1.txt","/root/Downloads/for_dana/vaghar_org/paper_experiments/mnist/3x10_exp/patch/eps_1,14,14,3/advStd_3x10_N1_19/63911706846931_n2_3x10_patch_1.0,14.0,14.0,3.0_ctag0_19_sgd_itr1_N2_advStd_mipStart_branchPri_HyperAttackCutoff_VagharDeps_PerturbedIntervals_cTag1.txt"
3x10,patch,"1,14,14,3",0,3,14.75,18.69,9.061635,9.061635,9.061635,9.071015,0.009380,yes,bounds,no,yes,no,no,off,off,elim not activated,elim not activated,relax not activated,relax not activated,0,1.27x,,,,0.000000,0.009381,OPTIMAL,OPTIMAL,"/root/Downloads/for_dana/vaghar_org/paper_experiments/mnist/3x10_exp/patch/eps_1,14,14,3/vagharWithPerturbed_3x10_19_sgd_itr1/63911229042743_3x10_patch_1.0,14.0,14.0,3.0_ctag0__HyperAttackHints_VagharDeps_PertruebedIntervals_cTag1.txt","/root/Downloads/for_dana/vaghar_org/paper_experiments/mnist/3x10_exp/patch/eps_1,14,14,3/advStd_3x10_N1_19/63911706522516_n2_3x10_patch_1.0,14.0,14.0,3.0_ctag0_19_sgd_itr1_N2_advStd_mipStart_branchPri_boundTight_HyperAttackCutoff_VagharDeps_PerturbedIntervals_cTag1.txt"
3x10,patch,"1,14,14,3",0,3,14.75,19.30,9.061635,9.061635,9.061635,9.061635,-0.000000,no,bounds,no,yes,no,yes,lp,0.01,0,0,0,0,3,1.31x,,,,0.000000,0.000000,OPTIMAL,OPTIMAL,"/root/Downloads/for_dana/vaghar_org/paper_experiments/mnist/3x10_exp/patch/eps_1,14,14,3/vagharWithPerturbed_3x10_19_sgd_itr1/63911229042743_3x10_patch_1.0,14.0,14.0,3.0_ctag0__HyperAttackHints_VagharDeps_PertruebedIntervals_cTag1.txt","/root/Downloads/for_dana/vaghar_org/paper_experiments/mnist/3x10_exp/patch/eps_1,14,14,3/advStd_3x10_N1_19/63911940050244_n2_3x10_patch_1.0,14.0,14.0,3.0_ctag0_19_sgd_itr1_N2_advStd_branchPri_boundTight_zonoBounds_n1ProbeLP_relaxT0.01_seed3_elimOrg0_elimPert0_HyperAttackHints_VagharDeps_PerturbedIntervals_cTag1.txt"
3x10,patch,"1,14,14,3",0,3,14.75,19.86,9.061635,9.061635,9.061635,9.061635,0.000000,no,bounds,no,yes,no,no,off,off,elim not activated,elim not activated,relax not activated,relax not activated,0,1.35x,,,,0.000000,0.000000,OPTIMAL,OPTIMAL,"/root/Downloads/for_dana/vaghar_org/paper_experiments/mnist/3x10_exp/patch/eps_1,14,14,3/vagharWithPerturbed_3x10_19_sgd_itr1/63911229042743_3x10_patch_1.0,14.0,14.0,3.0_ctag0__HyperAttackHints_VagharDeps_PertruebedIntervals_cTag1.txt","/root/Downloads/for_dana/vaghar_org/paper_experiments/mnist/3x10_exp/patch/eps_1,14,14,3/advStd_3x10_N1_19/63911707974529_n2_3x10_patch_1.0,14.0,14.0,3.0_ctag0_19_sgd_itr1_N2_advStd_branchPri_boundTight_HyperAttackHints_VagharDeps_PerturbedIntervals_cTag1.txt"
3x10,patch,"1,14,14,3",0,3,14.75,20.23,9.061635,9.061635,9.061635,9.071015,0.009380,yes,off,no,yes,no,no,off,off,elim not activated,elim not activated,relax not activated,relax not activated,0,1.37x,,,,0.000000,0.009381,OPTIMAL,OPTIMAL,"/root/Downloads/for_dana/vaghar_org/paper_experiments/mnist/3x10_exp/patch/eps_1,14,14,3/vagharWithPerturbed_3x10_19_sgd_itr1/63911229042743_3x10_patch_1.0,14.0,14.0,3.0_ctag0__HyperAttackHints_VagharDeps_PertruebedIntervals_cTag1.txt","/root/Downloads/for_dana/vaghar_org/paper_experiments/mnist/3x10_exp/patch/eps_1,14,14,3/advStd_3x10_N1_19/63911707267877_n2_3x10_patch_1.0,14.0,14.0,3.0_ctag0_19_sgd_itr1_N2_advStd_mipStart_boundTight_HyperAttackCutoff_VagharDeps_PerturbedIntervals_cTag1.txt"
,,,,,,,,,,,,,,,,,,,,,,,,,,,,,,,,,,
3x10,patch,"1,14,14,3",0,4,15.24,15.43,6.450657,6.450657,6.450657,6.450657,-0.000000,no,off,no,yes,no,no,off,off,elim not activated,elim not activated,relax not activated,relax not activated,4,1.01x,,,,0.000000,0.000000,OPTIMAL,OPTIMAL,"/root/Downloads/for_dana/vaghar_org/paper_experiments/mnist/3x10_exp/patch/eps_1,14,14,3/vagharWithPerturbed_3x10_19_sgd_itr1/63911229042743_3x10_patch_1.0,14.0,14.0,3.0_ctag0__HyperAttackHints_VagharDeps_PertruebedIntervals_cTag1.txt","/root/Downloads/for_dana/vaghar_org/paper_experiments/mnist/3x10_exp/patch/eps_1,14,14,3/advStd_3x10_N1_19/63911757213150_n2_3x10_patch_1.0,14.0,14.0,3.0_ctag0_19_sgd_itr1_N2_advStd_boundTight_seed4_HyperAttackHints_VagharDeps_PerturbedIntervals_cTag1.txt"
3x10,patch,"1,14,14,3",0,4,15.24,15.49,6.450657,6.450657,6.450657,6.450657,-0.000000,no,off,no,yes,yes,no,lp,0.01,0,0,0,0,0,1.02x,,,,0.000000,0.000000,OPTIMAL,OPTIMAL,"/root/Downloads/for_dana/vaghar_org/paper_experiments/mnist/3x10_exp/patch/eps_1,14,14,3/vagharWithPerturbed_3x10_19_sgd_itr1/63911229042743_3x10_patch_1.0,14.0,14.0,3.0_ctag0__HyperAttackHints_VagharDeps_PertruebedIntervals_cTag1.txt","/root/Downloads/for_dana/vaghar_org/paper_experiments/mnist/3x10_exp/patch/eps_1,14,14,3/advStd_3x10_N1_19/63911934618083_n2_3x10_patch_1.0,14.0,14.0,3.0_ctag0_19_sgd_itr1_N2_advStd_boundTight_n1ProbeLP_relaxT0.01_varHint_elimOrg0_elimPert0_HyperAttackHints_VagharDeps_PerturbedIntervals_cTag1.txt"
3x10,patch,"1,14,14,3",0,4,15.24,15.50,6.450657,6.450657,6.450657,6.466491,0.015834,no,off,no,yes,yes,yes,lp,0.01,0,0,0,0,3,1.02x,,,,0.000000,0.015834,OPTIMAL,OPTIMAL,"/root/Downloads/for_dana/vaghar_org/paper_experiments/mnist/3x10_exp/patch/eps_1,14,14,3/vagharWithPerturbed_3x10_19_sgd_itr1/63911229042743_3x10_patch_1.0,14.0,14.0,3.0_ctag0__HyperAttackHints_VagharDeps_PertruebedIntervals_cTag1.txt","/root/Downloads/for_dana/vaghar_org/paper_experiments/mnist/3x10_exp/patch/eps_1,14,14,3/advStd_3x10_N1_19/63911936540266_n2_3x10_patch_1.0,14.0,14.0,3.0_ctag0_19_sgd_itr1_N2_advStd_boundTight_zonoBounds_n1ProbeLP_relaxT0.01_varHint_seed3_elimOrg0_elimPert0_HyperAttackHints_VagharDeps_PerturbedIntervals_cTag1.txt"
3x10,patch,"1,14,14,3",0,4,15.24,15.58,6.450657,6.450657,6.450657,6.450657,-0.000000,no,off,no,yes,yes,yes,lp,0.01,0,0,0,0,2,1.02x,,,,0.000000,0.000000,OPTIMAL,OPTIMAL,"/root/Downloads/for_dana/vaghar_org/paper_experiments/mnist/3x10_exp/patch/eps_1,14,14,3/vagharWithPerturbed_3x10_19_sgd_itr1/63911229042743_3x10_patch_1.0,14.0,14.0,3.0_ctag0__HyperAttackHints_VagharDeps_PertruebedIntervals_cTag1.txt","/root/Downloads/for_dana/vaghar_org/paper_experiments/mnist/3x10_exp/patch/eps_1,14,14,3/advStd_3x10_N1_19/63911936540328_n2_3x10_patch_1.0,14.0,14.0,3.0_ctag0_19_sgd_itr1_N2_advStd_boundTight_zonoBounds_n1ProbeLP_relaxT0.01_varHint_seed2_elimOrg0_elimPert0_HyperAttackHints_VagharDeps_PerturbedIntervals_cTag1.txt"
3x10,patch,"1,14,14,3",0,4,15.24,15.60,6.450657,6.450657,6.450657,6.450657,-0.000000,no,off,no,yes,yes,yes,lp,0.5,0,0,0,0,2,1.02x,,,,0.000000,0.000000,OPTIMAL,OPTIMAL,"/root/Downloads/for_dana/vaghar_org/paper_experiments/mnist/3x10_exp/patch/eps_1,14,14,3/vagharWithPerturbed_3x10_19_sgd_itr1/63911229042743_3x10_patch_1.0,14.0,14.0,3.0_ctag0__HyperAttackHints_VagharDeps_PertruebedIntervals_cTag1.txt","/root/Downloads/for_dana/vaghar_org/paper_experiments/mnist/3x10_exp/patch/eps_1,14,14,3/advStd_3x10_N1_19/63911936899575_n2_3x10_patch_1.0,14.0,14.0,3.0_ctag0_19_sgd_itr1_N2_advStd_boundTight_zonoBounds_n1ProbeLP_relaxT0.5_varHint_seed2_elimOrg0_elimPert0_HyperAttackHints_VagharDeps_PerturbedIntervals_cTag1.txt"
3x10,patch,"1,14,14,3",0,4,15.24,15.48,6.450657,6.450657,6.450657,6.450657,-0.000000,no,off,no,yes,yes,no,off,0.01,elim not activated,elim not activated,0,0,0,1.02x,,,,0.000000,0.000000,OPTIMAL,OPTIMAL,"/root/Downloads/for_dana/vaghar_org/paper_experiments/mnist/3x10_exp/patch/eps_1,14,14,3/vagharWithPerturbed_3x10_19_sgd_itr1/63911229042743_3x10_patch_1.0,14.0,14.0,3.0_ctag0__HyperAttackHints_VagharDeps_PertruebedIntervals_cTag1.txt","/root/Downloads/for_dana/vaghar_org/paper_experiments/mnist/3x10_exp/patch/eps_1,14,14,3/advStd_3x10_N1_19/63912011546479_n2_3x10_patch_1.0,14.0,14.0,3.0_ctag0_19_sgd_itr1_N2_advStd_boundTight_relaxT0.01_varHint_HyperAttackHints_VagharDeps_PerturbedIntervals_cTag1.txt"
3x10,patch,"1,14,14,3",0,4,15.24,15.63,6.450657,6.450657,6.450658,6.450658,0.000001,no,off,no,yes,no,yes,off,off,elim not activated,elim not activated,relax not activated,relax not activated,3,1.03x,,,,0.000000,0.000000,OPTIMAL,OPTIMAL,"/root/Downloads/for_dana/vaghar_org/paper_experiments/mnist/3x10_exp/patch/eps_1,14,14,3/vagharWithPerturbed_3x10_19_sgd_itr1/63911229042743_3x10_patch_1.0,14.0,14.0,3.0_ctag0__HyperAttackHints_VagharDeps_PertruebedIntervals_cTag1.txt","/root/Downloads/for_dana/vaghar_org/paper_experiments/mnist/3x10_exp/patch/eps_1,14,14,3/advStd_3x10_N1_19/63911935385732_n2_3x10_patch_1.0,14.0,14.0,3.0_ctag0_19_sgd_itr1_N2_advStd_boundTight_zonoBounds_seed3_HyperAttackHints_VagharDeps_PerturbedIntervals_cTag1.txt"
3x10,patch,"1,14,14,3",0,4,15.24,15.76,6.450657,6.450657,6.450657,6.450657,-0.000000,no,bounds,no,yes,yes,no,off,off,elim not activated,elim not activated,relax not activated,relax not activated,2,1.03x,,,,0.000000,0.000000,OPTIMAL,OPTIMAL,"/root/Downloads/for_dana/vaghar_org/paper_experiments/mnist/3x10_exp/patch/eps_1,14,14,3/vagharWithPerturbed_3x10_19_sgd_itr1/63911229042743_3x10_patch_1.0,14.0,14.0,3.0_ctag0__HyperAttackHints_VagharDeps_PertruebedIntervals_cTag1.txt","/root/Downloads/for_dana/vaghar_org/paper_experiments/mnist/3x10_exp/patch/eps_1,14,14,3/advStd_3x10_N1_19/63911937201696_n2_3x10_patch_1.0,14.0,14.0,3.0_ctag0_19_sgd_itr1_N2_advStd_branchPri_boundTight_varHint_seed2_HyperAttackHints_VagharDeps_PerturbedIntervals_cTag1.txt"
3x10,patch,"1,14,14,3",0,4,15.24,15.64,6.450657,6.450657,6.450657,6.450657,-0.000000,no,bounds,no,yes,no,yes,off,0.5,elim not activated,elim not activated,0,0,1,1.03x,,,,0.000000,0.000000,OPTIMAL,OPTIMAL,"/root/Downloads/for_dana/vaghar_org/paper_experiments/mnist/3x10_exp/patch/eps_1,14,14,3/vagharWithPerturbed_3x10_19_sgd_itr1/63911229042743_3x10_patch_1.0,14.0,14.0,3.0_ctag0__HyperAttackHints_VagharDeps_PertruebedIntervals_cTag1.txt","/root/Downloads/for_dana/vaghar_org/paper_experiments/mnist/3x10_exp/patch/eps_1,14,14,3/advStd_3x10_N1_19/63911939371762_n2_3x10_patch_1.0,14.0,14.0,3.0_ctag0_19_sgd_itr1_N2_advStd_branchPri_boundTight_zonoBounds_relaxT0.5_seed1_HyperAttackHints_VagharDeps_PerturbedIntervals_cTag1.txt"
3x10,patch,"1,14,14,3",0,4,15.24,15.86,6.450657,6.450657,6.450657,6.450657,-0.000000,no,bounds,no,yes,yes,no,off,1.0,elim not activated,elim not activated,0,0,1,1.04x,,,,0.000000,0.000000,OPTIMAL,OPTIMAL,"/root/Downloads/for_dana/vaghar_org/paper_experiments/mnist/3x10_exp/patch/eps_1,14,14,3/vagharWithPerturbed_3x10_19_sgd_itr1/63911229042743_3x10_patch_1.0,14.0,14.0,3.0_ctag0__HyperAttackHints_VagharDeps_PertruebedIntervals_cTag1.txt","/root/Downloads/for_dana/vaghar_org/paper_experiments/mnist/3x10_exp/patch/eps_1,14,14,3/advStd_3x10_N1_19/63911937844506_n2_3x10_patch_1.0,14.0,14.0,3.0_ctag0_19_sgd_itr1_N2_advStd_branchPri_boundTight_relaxT1.0_varHint_seed1_HyperAttackHints_VagharDeps_PerturbedIntervals_cTag1.txt"
3x10,patch,"1,14,14,3",0,4,15.24,15.78,6.450657,6.450657,6.450657,6.450657,-0.000000,no,bounds,no,yes,no,no,lp,0.1,0,0,0,0,4,1.04x,,,,0.000000,0.000000,OPTIMAL,OPTIMAL,"/root/Downloads/for_dana/vaghar_org/paper_experiments/mnist/3x10_exp/patch/eps_1,14,14,3/vagharWithPerturbed_3x10_19_sgd_itr1/63911229042743_3x10_patch_1.0,14.0,14.0,3.0_ctag0__HyperAttackHints_VagharDeps_PertruebedIntervals_cTag1.txt","/root/Downloads/for_dana/vaghar_org/paper_experiments/mnist/3x10_exp/patch/eps_1,14,14,3/advStd_3x10_N1_19/63911938368787_n2_3x10_patch_1.0,14.0,14.0,3.0_ctag0_19_sgd_itr1_N2_advStd_branchPri_boundTight_n1ProbeLP_relaxT0.1_seed4_elimOrg0_elimPert0_HyperAttackHints_VagharDeps_PerturbedIntervals_cTag1.txt"
3x10,patch,"1,14,14,3",0,4,15.24,15.93,6.450657,6.450657,6.450657,6.450657,-0.000000,no,off,no,yes,no,yes,off,0.5,elim not activated,elim not activated,0,0,2,1.05x,,,,0.000000,0.000000,OPTIMAL,OPTIMAL,"/root/Downloads/for_dana/vaghar_org/paper_experiments/mnist/3x10_exp/patch/eps_1,14,14,3/vagharWithPerturbed_3x10_19_sgd_itr1/63911229042743_3x10_patch_1.0,14.0,14.0,3.0_ctag0__HyperAttackHints_VagharDeps_PertruebedIntervals_cTag1.txt","/root/Downloads/for_dana/vaghar_org/paper_experiments/mnist/3x10_exp/patch/eps_1,14,14,3/advStd_3x10_N1_19/63911935907852_n2_3x10_patch_1.0,14.0,14.0,3.0_ctag0_19_sgd_itr1_N2_advStd_boundTight_zonoBounds_relaxT0.5_seed2_HyperAttackHints_VagharDeps_PerturbedIntervals_cTag1.txt"
3x10,patch,"1,14,14,3",0,4,15.24,15.95,6.450657,6.450657,6.450657,6.450657,-0.000000,no,bounds,no,yes,yes,yes,off,0.1,elim not activated,elim not activated,0,0,0,1.05x,,,,0.000000,0.000000,OPTIMAL,OPTIMAL,"/root/Downloads/for_dana/vaghar_org/paper_experiments/mnist/3x10_exp/patch/eps_1,14,14,3/vagharWithPerturbed_3x10_19_sgd_itr1/63911229042743_3x10_patch_1.0,14.0,14.0,3.0_ctag0__HyperAttackHints_VagharDeps_PertruebedIntervals_cTag1.txt","/root/Downloads/for_dana/vaghar_org/paper_experiments/mnist/3x10_exp/patch/eps_1,14,14,3/advStd_3x10_N1_19/63911939259909_n2_3x10_patch_1.0,14.0,14.0,3.0_ctag0_19_sgd_itr1_N2_advStd_branchPri_boundTight_zonoBounds_relaxT0.1_varHint_HyperAttackHints_VagharDeps_PerturbedIntervals_cTag1.txt"
3x10,patch,"1,14,14,3",0,4,15.24,16.07,6.450657,6.450657,6.450657,6.450657,-0.000000,no,bounds,no,yes,no,yes,lp,0.01,0,0,0,0,1,1.05x,,,,0.000000,0.000000,OPTIMAL,OPTIMAL,"/root/Downloads/for_dana/vaghar_org/paper_experiments/mnist/3x10_exp/patch/eps_1,14,14,3/vagharWithPerturbed_3x10_19_sgd_itr1/63911229042743_3x10_patch_1.0,14.0,14.0,3.0_ctag0__HyperAttackHints_VagharDeps_PertruebedIntervals_cTag1.txt","/root/Downloads/for_dana/vaghar_org/paper_experiments/mnist/3x10_exp/patch/eps_1,14,14,3/advStd_3x10_N1_19/63911940012400_n2_3x10_patch_1.0,14.0,14.0,3.0_ctag0_19_sgd_itr1_N2_advStd_branchPri_boundTight_zonoBounds_n1ProbeLP_relaxT0.01_seed1_elimOrg0_elimPert0_HyperAttackHints_VagharDeps_PerturbedIntervals_cTag1.txt"
3x10,patch,"1,14,14,3",0,4,15.24,16.20,6.450657,6.450657,6.450657,6.450657,-0.000000,no,off,no,yes,no,no,off,0.01,elim not activated,elim not activated,0,0,4,1.06x,,,,0.000000,0.000000,OPTIMAL,OPTIMAL,"/root/Downloads/for_dana/vaghar_org/paper_experiments/mnist/3x10_exp/patch/eps_1,14,14,3/vagharWithPerturbed_3x10_19_sgd_itr1/63911229042743_3x10_patch_1.0,14.0,14.0,3.0_ctag0__HyperAttackHints_VagharDeps_PertruebedIntervals_cTag1.txt","/root/Downloads/for_dana/vaghar_org/paper_experiments/mnist/3x10_exp/patch/eps_1,14,14,3/advStd_3x10_N1_19/63912011523379_n2_3x10_patch_1.0,14.0,14.0,3.0_ctag0_19_sgd_itr1_N2_advStd_boundTight_relaxT0.01_seed4_HyperAttackHints_VagharDeps_PerturbedIntervals_cTag1.txt"
3x10,patch,"1,14,14,3",0,4,15.24,16.32,6.450657,6.450657,6.450657,6.450657,-0.000000,no,off,no,yes,no,no,lp,0.01,0,0,0,0,4,1.07x,,,,0.000000,0.000000,OPTIMAL,OPTIMAL,"/root/Downloads/for_dana/vaghar_org/paper_experiments/mnist/3x10_exp/patch/eps_1,14,14,3/vagharWithPerturbed_3x10_19_sgd_itr1/63911229042743_3x10_patch_1.0,14.0,14.0,3.0_ctag0__HyperAttackHints_VagharDeps_PertruebedIntervals_cTag1.txt","/root/Downloads/for_dana/vaghar_org/paper_experiments/mnist/3x10_exp/patch/eps_1,14,14,3/advStd_3x10_N1_19/63911934616288_n2_3x10_patch_1.0,14.0,14.0,3.0_ctag0_19_sgd_itr1_N2_advStd_boundTight_n1ProbeLP_relaxT0.01_seed4_elimOrg0_elimPert0_HyperAttackHints_VagharDeps_PerturbedIntervals_cTag1.txt"
3x10,patch,"1,14,14,3",0,4,15.24,16.27,6.450657,6.450657,6.450658,6.450658,0.000001,no,off,no,yes,no,yes,off,0.5,elim not activated,elim not activated,0,0,3,1.07x,,,,0.000000,0.000000,OPTIMAL,OPTIMAL,"/root/Downloads/for_dana/vaghar_org/paper_experiments/mnist/3x10_exp/patch/eps_1,14,14,3/vagharWithPerturbed_3x10_19_sgd_itr1/63911229042743_3x10_patch_1.0,14.0,14.0,3.0_ctag0__HyperAttackHints_VagharDeps_PertruebedIntervals_cTag1.txt","/root/Downloads/for_dana/vaghar_org/paper_experiments/mnist/3x10_exp/patch/eps_1,14,14,3/advStd_3x10_N1_19/63911935909562_n2_3x10_patch_1.0,14.0,14.0,3.0_ctag0_19_sgd_itr1_N2_advStd_boundTight_zonoBounds_relaxT0.5_seed3_HyperAttackHints_VagharDeps_PerturbedIntervals_cTag1.txt"
3x10,patch,"1,14,14,3",0,4,15.24,16.36,6.450657,6.450657,6.450657,6.466491,0.015834,no,off,no,yes,yes,yes,lp,0.1,0,0,0,0,3,1.07x,,,,0.000000,0.015834,OPTIMAL,OPTIMAL,"/root/Downloads/for_dana/vaghar_org/paper_experiments/mnist/3x10_exp/patch/eps_1,14,14,3/vagharWithPerturbed_3x10_19_sgd_itr1/63911229042743_3x10_patch_1.0,14.0,14.0,3.0_ctag0__HyperAttackHints_VagharDeps_PertruebedIntervals_cTag1.txt","/root/Downloads/for_dana/vaghar_org/paper_experiments/mnist/3x10_exp/patch/eps_1,14,14,3/advStd_3x10_N1_19/63911936726377_n2_3x10_patch_1.0,14.0,14.0,3.0_ctag0_19_sgd_itr1_N2_advStd_boundTight_zonoBounds_n1ProbeLP_relaxT0.1_varHint_seed3_elimOrg0_elimPert0_HyperAttackHints_VagharDeps_PerturbedIntervals_cTag1.txt"
3x10,patch,"1,14,14,3",0,4,15.24,16.39,6.450657,6.450657,6.450657,6.450657,-0.000000,no,off,no,yes,no,no,off,0.01,elim not activated,elim not activated,0,0,2,1.07x,,,,0.000000,0.000000,OPTIMAL,OPTIMAL,"/root/Downloads/for_dana/vaghar_org/paper_experiments/mnist/3x10_exp/patch/eps_1,14,14,3/vagharWithPerturbed_3x10_19_sgd_itr1/63911229042743_3x10_patch_1.0,14.0,14.0,3.0_ctag0__HyperAttackHints_VagharDeps_PertruebedIntervals_cTag1.txt","/root/Downloads/for_dana/vaghar_org/paper_experiments/mnist/3x10_exp/patch/eps_1,14,14,3/advStd_3x10_N1_19/63912011520975_n2_3x10_patch_1.0,14.0,14.0,3.0_ctag0_19_sgd_itr1_N2_advStd_boundTight_relaxT0.01_seed2_HyperAttackHints_VagharDeps_PerturbedIntervals_cTag1.txt"
3x10,patch,"1,14,14,3",0,4,15.24,16.43,6.450657,6.450657,6.450657,6.450657,-0.000000,no,bounds,no,yes,yes,no,off,0.01,elim not activated,elim not activated,0,0,2,1.08x,,,,0.000000,0.000000,OPTIMAL,OPTIMAL,"/root/Downloads/for_dana/vaghar_org/paper_experiments/mnist/3x10_exp/patch/eps_1,14,14,3/vagharWithPerturbed_3x10_19_sgd_itr1/63911229042743_3x10_patch_1.0,14.0,14.0,3.0_ctag0__HyperAttackHints_VagharDeps_PertruebedIntervals_cTag1.txt","/root/Downloads/for_dana/vaghar_org/paper_experiments/mnist/3x10_exp/patch/eps_1,14,14,3/advStd_3x10_N1_19/63911937335452_n2_3x10_patch_1.0,14.0,14.0,3.0_ctag0_19_sgd_itr1_N2_advStd_branchPri_boundTight_relaxT0.01_varHint_seed2_HyperAttackHints_VagharDeps_PerturbedIntervals_cTag1.txt"
3x10,patch,"1,14,14,3",0,4,15.24,16.46,6.450657,6.450657,6.450657,6.450657,-0.000000,no,bounds,no,yes,no,no,off,0.1,elim not activated,elim not activated,0,0,2,1.08x,,,,0.000000,0.000000,OPTIMAL,OPTIMAL,"/root/Downloads/for_dana/vaghar_org/paper_experiments/mnist/3x10_exp/patch/eps_1,14,14,3/vagharWithPerturbed_3x10_19_sgd_itr1/63911229042743_3x10_patch_1.0,14.0,14.0,3.0_ctag0__HyperAttackHints_VagharDeps_PertruebedIntervals_cTag1.txt","/root/Downloads/for_dana/vaghar_org/paper_experiments/mnist/3x10_exp/patch/eps_1,14,14,3/advStd_3x10_N1_19/63911937460005_n2_3x10_patch_1.0,14.0,14.0,3.0_ctag0_19_sgd_itr1_N2_advStd_branchPri_boundTight_relaxT0.1_seed2_HyperAttackHints_VagharDeps_PerturbedIntervals_cTag1.txt"
3x10,patch,"1,14,14,3",0,4,15.24,16.40,6.450657,6.450657,6.450658,6.450658,0.000001,no,bounds,no,yes,yes,yes,lp,0.1,0,0,0,0,4,1.08x,,,,0.000000,0.000000,OPTIMAL,OPTIMAL,"/root/Downloads/for_dana/vaghar_org/paper_experiments/mnist/3x10_exp/patch/eps_1,14,14,3/vagharWithPerturbed_3x10_19_sgd_itr1/63911229042743_3x10_patch_1.0,14.0,14.0,3.0_ctag0__HyperAttackHints_VagharDeps_PertruebedIntervals_cTag1.txt","/root/Downloads/for_dana/vaghar_org/paper_experiments/mnist/3x10_exp/patch/eps_1,14,14,3/advStd_3x10_N1_19/63911940374339_n2_3x10_patch_1.0,14.0,14.0,3.0_ctag0_19_sgd_itr1_N2_advStd_branchPri_boundTight_zonoBounds_n1ProbeLP_relaxT0.1_varHint_seed4_elimOrg0_elimPert0_HyperAttackHints_VagharDeps_PerturbedIntervals_cTag1.txt"
3x10,patch,"1,14,14,3",0,4,15.24,16.56,6.450657,6.450657,6.450657,6.466491,0.015834,no,off,no,yes,yes,no,off,0.01,elim not activated,elim not activated,0,0,3,1.09x,,,,0.000000,0.015834,OPTIMAL,OPTIMAL,"/root/Downloads/for_dana/vaghar_org/paper_experiments/mnist/3x10_exp/patch/eps_1,14,14,3/vagharWithPerturbed_3x10_19_sgd_itr1/63911229042743_3x10_patch_1.0,14.0,14.0,3.0_ctag0__HyperAttackHints_VagharDeps_PertruebedIntervals_cTag1.txt","/root/Downloads/for_dana/vaghar_org/paper_experiments/mnist/3x10_exp/patch/eps_1,14,14,3/advStd_3x10_N1_19/63912011667771_n2_3x10_patch_1.0,14.0,14.0,3.0_ctag0_19_sgd_itr1_N2_advStd_boundTight_relaxT0.01_varHint_seed3_HyperAttackHints_VagharDeps_PerturbedIntervals_cTag1.txt"
3x10,patch,"1,14,14,3",0,4,15.24,16.54,6.450657,6.450657,6.450657,6.450657,-0.000000,no,off,no,yes,no,no,off,1.0,elim not activated,elim not activated,0,0,4,1.09x,,,,0.000000,0.000000,OPTIMAL,OPTIMAL,"/root/Downloads/for_dana/vaghar_org/paper_experiments/mnist/3x10_exp/patch/eps_1,14,14,3/vagharWithPerturbed_3x10_19_sgd_itr1/63911229042743_3x10_patch_1.0,14.0,14.0,3.0_ctag0__HyperAttackHints_VagharDeps_PertruebedIntervals_cTag1.txt","/root/Downloads/for_dana/vaghar_org/paper_experiments/mnist/3x10_exp/patch/eps_1,14,14,3/advStd_3x10_N1_19/63912012208447_n2_3x10_patch_1.0,14.0,14.0,3.0_ctag0_19_sgd_itr1_N2_advStd_boundTight_relaxT1.0_seed4_HyperAttackHints_VagharDeps_PerturbedIntervals_cTag1.txt"
3x10,patch,"1,14,14,3",0,4,15.24,16.74,6.450657,6.450657,6.450657,6.466491,0.015834,no,bounds,no,yes,yes,no,off,0.01,elim not activated,elim not activated,0,0,3,1.10x,,,,0.000000,0.015834,OPTIMAL,OPTIMAL,"/root/Downloads/for_dana/vaghar_org/paper_experiments/mnist/3x10_exp/patch/eps_1,14,14,3/vagharWithPerturbed_3x10_19_sgd_itr1/63911229042743_3x10_patch_1.0,14.0,14.0,3.0_ctag0__HyperAttackHints_VagharDeps_PertruebedIntervals_cTag1.txt","/root/Downloads/for_dana/vaghar_org/paper_experiments/mnist/3x10_exp/patch/eps_1,14,14,3/advStd_3x10_N1_19/63911937336618_n2_3x10_patch_1.0,14.0,14.0,3.0_ctag0_19_sgd_itr1_N2_advStd_branchPri_boundTight_relaxT0.01_varHint_seed3_HyperAttackHints_VagharDeps_PerturbedIntervals_cTag1.txt"
3x10,patch,"1,14,14,3",0,4,15.24,16.80,6.450657,6.450657,6.450657,6.450657,-0.000000,no,bounds,no,yes,no,yes,lp,0.01,0,0,0,0,2,1.10x,,,,0.000000,0.000000,OPTIMAL,OPTIMAL,"/root/Downloads/for_dana/vaghar_org/paper_experiments/mnist/3x10_exp/patch/eps_1,14,14,3/vagharWithPerturbed_3x10_19_sgd_itr1/63911229042743_3x10_patch_1.0,14.0,14.0,3.0_ctag0__HyperAttackHints_VagharDeps_PertruebedIntervals_cTag1.txt","/root/Downloads/for_dana/vaghar_org/paper_experiments/mnist/3x10_exp/patch/eps_1,14,14,3/advStd_3x10_N1_19/63911940017784_n2_3x10_patch_1.0,14.0,14.0,3.0_ctag0_19_sgd_itr1_N2_advStd_branchPri_boundTight_zonoBounds_n1ProbeLP_relaxT0.01_seed2_elimOrg0_elimPert0_HyperAttackHints_VagharDeps_PerturbedIntervals_cTag1.txt"
3x10,patch,"1,14,14,3",0,4,15.24,16.70,6.450657,6.450657,6.450658,6.450658,0.000001,no,off,no,yes,yes,no,off,0.01,elim not activated,elim not activated,0,0,4,1.10x,,,,0.000000,0.000000,OPTIMAL,OPTIMAL,"/root/Downloads/for_dana/vaghar_org/paper_experiments/mnist/3x10_exp/patch/eps_1,14,14,3/vagharWithPerturbed_3x10_19_sgd_itr1/63911229042743_3x10_patch_1.0,14.0,14.0,3.0_ctag0__HyperAttackHints_VagharDeps_PertruebedIntervals_cTag1.txt","/root/Downloads/for_dana/vaghar_org/paper_experiments/mnist/3x10_exp/patch/eps_1,14,14,3/advStd_3x10_N1_19/63912011668090_n2_3x10_patch_1.0,14.0,14.0,3.0_ctag0_19_sgd_itr1_N2_advStd_boundTight_relaxT0.01_varHint_seed4_HyperAttackHints_VagharDeps_PerturbedIntervals_cTag1.txt"
3x10,patch,"1,14,14,3",0,4,15.24,16.91,6.450657,6.450657,6.450657,6.450657,-0.000000,no,bounds,no,yes,yes,no,off,0.01,elim not activated,elim not activated,0,0,1,1.11x,,,,0.000000,0.000000,OPTIMAL,OPTIMAL,"/root/Downloads/for_dana/vaghar_org/paper_experiments/mnist/3x10_exp/patch/eps_1,14,14,3/vagharWithPerturbed_3x10_19_sgd_itr1/63911229042743_3x10_patch_1.0,14.0,14.0,3.0_ctag0__HyperAttackHints_VagharDeps_PertruebedIntervals_cTag1.txt","/root/Downloads/for_dana/vaghar_org/paper_experiments/mnist/3x10_exp/patch/eps_1,14,14,3/advStd_3x10_N1_19/63911937334355_n2_3x10_patch_1.0,14.0,14.0,3.0_ctag0_19_sgd_itr1_N2_advStd_branchPri_boundTight_relaxT0.01_varHint_seed1_HyperAttackHints_VagharDeps_PerturbedIntervals_cTag1.txt"
3x10,patch,"1,14,14,3",0,4,15.24,17.21,6.450657,6.450657,6.450657,6.450657,0.000000,no,bounds,no,yes,no,no,off,0.5,elim not activated,elim not activated,0,0,0,1.13x,,,,0.000000,0.000000,OPTIMAL,OPTIMAL,"/root/Downloads/for_dana/vaghar_org/paper_experiments/mnist/3x10_exp/patch/eps_1,14,14,3/vagharWithPerturbed_3x10_19_sgd_itr1/63911229042743_3x10_patch_1.0,14.0,14.0,3.0_ctag0__HyperAttackHints_VagharDeps_PertruebedIntervals_cTag1.txt","/root/Downloads/for_dana/vaghar_org/paper_experiments/mnist/3x10_exp/patch/eps_1,14,14,3/advStd_3x10_N1_19/63911937586256_n2_3x10_patch_1.0,14.0,14.0,3.0_ctag0_19_sgd_itr1_N2_advStd_branchPri_boundTight_relaxT0.5_HyperAttackHints_VagharDeps_PerturbedIntervals_cTag1.txt"
3x10,patch,"1,14,14,3",0,4,15.24,18.21,6.450657,6.450657,6.450657,6.450657,0.000000,no,bounds,no,yes,no,no,off,off,elim not activated,elim not activated,relax not activated,relax not activated,0,1.19x,,,,0.000000,0.000000,OPTIMAL,OPTIMAL,"/root/Downloads/for_dana/vaghar_org/paper_experiments/mnist/3x10_exp/patch/eps_1,14,14,3/vagharWithPerturbed_3x10_19_sgd_itr1/63911229042743_3x10_patch_1.0,14.0,14.0,3.0_ctag0__HyperAttackHints_VagharDeps_PertruebedIntervals_cTag1.txt","/root/Downloads/for_dana/vaghar_org/paper_experiments/mnist/3x10_exp/patch/eps_1,14,14,3/advStd_3x10_N1_19/63911707974529_n2_3x10_patch_1.0,14.0,14.0,3.0_ctag0_19_sgd_itr1_N2_advStd_branchPri_boundTight_HyperAttackHints_VagharDeps_PerturbedIntervals_cTag1.txt"
3x10,patch,"1,14,14,3",0,4,15.24,18.35,6.450657,6.450657,6.450657,6.450657,-0.000000,yes,bounds,no,yes,no,no,off,off,elim not activated,elim not activated,relax not activated,relax not activated,0,1.20x,,,,0.000000,0.000000,OPTIMAL,OPTIMAL,"/root/Downloads/for_dana/vaghar_org/paper_experiments/mnist/3x10_exp/patch/eps_1,14,14,3/vagharWithPerturbed_3x10_19_sgd_itr1/63911229042743_3x10_patch_1.0,14.0,14.0,3.0_ctag0__HyperAttackHints_VagharDeps_PertruebedIntervals_cTag1.txt","/root/Downloads/for_dana/vaghar_org/paper_experiments/mnist/3x10_exp/patch/eps_1,14,14,3/advStd_3x10_N1_19/63911706522516_n2_3x10_patch_1.0,14.0,14.0,3.0_ctag0_19_sgd_itr1_N2_advStd_mipStart_branchPri_boundTight_HyperAttackCutoff_VagharDeps_PerturbedIntervals_cTag1.txt"
3x10,patch,"1,14,14,3",0,4,15.24,18.94,6.450657,6.450657,6.450657,6.450657,-0.000000,yes,bounds,no,no,no,no,off,off,elim not activated,elim not activated,relax not activated,relax not activated,0,1.24x,,,,0.000000,0.000000,OPTIMAL,OPTIMAL,"/root/Downloads/for_dana/vaghar_org/paper_experiments/mnist/3x10_exp/patch/eps_1,14,14,3/vagharWithPerturbed_3x10_19_sgd_itr1/63911229042743_3x10_patch_1.0,14.0,14.0,3.0_ctag0__HyperAttackHints_VagharDeps_PertruebedIntervals_cTag1.txt","/root/Downloads/for_dana/vaghar_org/paper_experiments/mnist/3x10_exp/patch/eps_1,14,14,3/advStd_3x10_N1_19/63911706846931_n2_3x10_patch_1.0,14.0,14.0,3.0_ctag0_19_sgd_itr1_N2_advStd_mipStart_branchPri_HyperAttackCutoff_VagharDeps_PerturbedIntervals_cTag1.txt"
3x10,patch,"1,14,14,3",0,4,15.24,20.80,6.450657,6.450657,6.450657,6.450657,-0.000000,yes,off,no,yes,no,no,off,off,elim not activated,elim not activated,relax not activated,relax not activated,0,1.36x,,,,0.000000,0.000000,OPTIMAL,OPTIMAL,"/root/Downloads/for_dana/vaghar_org/paper_experiments/mnist/3x10_exp/patch/eps_1,14,14,3/vagharWithPerturbed_3x10_19_sgd_itr1/63911229042743_3x10_patch_1.0,14.0,14.0,3.0_ctag0__HyperAttackHints_VagharDeps_PertruebedIntervals_cTag1.txt","/root/Downloads/for_dana/vaghar_org/paper_experiments/mnist/3x10_exp/patch/eps_1,14,14,3/advStd_3x10_N1_19/63911707267877_n2_3x10_patch_1.0,14.0,14.0,3.0_ctag0_19_sgd_itr1_N2_advStd_mipStart_boundTight_HyperAttackCutoff_VagharDeps_PerturbedIntervals_cTag1.txt"
3x10,patch,"1,14,14,3",0,4,15.24,105.12,6.450657,6.450657,6.450657,6.450657,0.000000,no,bounds,no,no,no,no,off,off,elim not activated,elim not activated,relax not activated,relax not activated,0,6.90x,,,,0.000000,0.000000,OPTIMAL,OPTIMAL,"/root/Downloads/for_dana/vaghar_org/paper_experiments/mnist/3x10_exp/patch/eps_1,14,14,3/vagharWithPerturbed_3x10_19_sgd_itr1/63911229042743_3x10_patch_1.0,14.0,14.0,3.0_ctag0__HyperAttackHints_VagharDeps_PertruebedIntervals_cTag1.txt","/root/Downloads/for_dana/vaghar_org/paper_experiments/mnist/3x10_exp/patch/eps_1,14,14,3/advStd_3x10_N1_19/63911708004911_n2_3x10_patch_1.0,14.0,14.0,3.0_ctag0_19_sgd_itr1_N2_advStd_branchPri_HyperAttackHints_VagharDeps_PerturbedIntervals_cTag1.txt"
,,,,,,,,,,,,,,,,,,,,,,,,,,,,,,,,,,
3x10,patch,"1,14,14,3",0,5,16.13,16.47,8.701272,8.720406,8.701272,8.719073,-0.001333,no,off,no,yes,no,no,off,0.01,elim not activated,elim not activated,0,0,4,1.02x,,,,0.019134,0.017800,OPTIMAL,OPTIMAL,"/root/Downloads/for_dana/vaghar_org/paper_experiments/mnist/3x10_exp/patch/eps_1,14,14,3/vagharWithPerturbed_3x10_19_sgd_itr1/63911229042743_3x10_patch_1.0,14.0,14.0,3.0_ctag0__HyperAttackHints_VagharDeps_PertruebedIntervals_cTag1.txt","/root/Downloads/for_dana/vaghar_org/paper_experiments/mnist/3x10_exp/patch/eps_1,14,14,3/advStd_3x10_N1_19/63912011523379_n2_3x10_patch_1.0,14.0,14.0,3.0_ctag0_19_sgd_itr1_N2_advStd_boundTight_relaxT0.01_seed4_HyperAttackHints_VagharDeps_PerturbedIntervals_cTag1.txt"
3x10,patch,"1,14,14,3",0,5,16.13,16.63,8.701272,8.720406,8.701271,8.701271,-0.019135,no,off,no,yes,no,yes,off,1.0,elim not activated,elim not activated,0,0,1,1.03x,,,,0.019134,0.000000,OPTIMAL,OPTIMAL,"/root/Downloads/for_dana/vaghar_org/paper_experiments/mnist/3x10_exp/patch/eps_1,14,14,3/vagharWithPerturbed_3x10_19_sgd_itr1/63911229042743_3x10_patch_1.0,14.0,14.0,3.0_ctag0__HyperAttackHints_VagharDeps_PertruebedIntervals_cTag1.txt","/root/Downloads/for_dana/vaghar_org/paper_experiments/mnist/3x10_exp/patch/eps_1,14,14,3/advStd_3x10_N1_19/63911936066565_n2_3x10_patch_1.0,14.0,14.0,3.0_ctag0_19_sgd_itr1_N2_advStd_boundTight_zonoBounds_relaxT1.0_seed1_HyperAttackHints_VagharDeps_PerturbedIntervals_cTag1.txt"
3x10,patch,"1,14,14,3",0,5,16.13,16.55,8.701272,8.720406,8.701272,8.724011,0.003605,no,off,no,yes,no,yes,lp,0.01,0,0,0,0,2,1.03x,,,,0.019134,0.022738,OPTIMAL,OPTIMAL,"/root/Downloads/for_dana/vaghar_org/paper_experiments/mnist/3x10_exp/patch/eps_1,14,14,3/vagharWithPerturbed_3x10_19_sgd_itr1/63911229042743_3x10_patch_1.0,14.0,14.0,3.0_ctag0__HyperAttackHints_VagharDeps_PertruebedIntervals_cTag1.txt","/root/Downloads/for_dana/vaghar_org/paper_experiments/mnist/3x10_exp/patch/eps_1,14,14,3/advStd_3x10_N1_19/63911936447650_n2_3x10_patch_1.0,14.0,14.0,3.0_ctag0_19_sgd_itr1_N2_advStd_boundTight_zonoBounds_n1ProbeLP_relaxT0.01_seed2_elimOrg0_elimPert0_HyperAttackHints_VagharDeps_PerturbedIntervals_cTag1.txt"
3x10,patch,"1,14,14,3",0,5,16.13,16.57,8.701272,8.720406,8.701272,8.720406,0.000000,no,bounds,no,yes,no,no,off,0.01,elim not activated,elim not activated,0,0,0,1.03x,,,,0.019134,0.019134,OPTIMAL,OPTIMAL,"/root/Downloads/for_dana/vaghar_org/paper_experiments/mnist/3x10_exp/patch/eps_1,14,14,3/vagharWithPerturbed_3x10_19_sgd_itr1/63911229042743_3x10_patch_1.0,14.0,14.0,3.0_ctag0__HyperAttackHints_VagharDeps_PertruebedIntervals_cTag1.txt","/root/Downloads/for_dana/vaghar_org/paper_experiments/mnist/3x10_exp/patch/eps_1,14,14,3/advStd_3x10_N1_19/63911937208877_n2_3x10_patch_1.0,14.0,14.0,3.0_ctag0_19_sgd_itr1_N2_advStd_branchPri_boundTight_relaxT0.01_HyperAttackHints_VagharDeps_PerturbedIntervals_cTag1.txt"
3x10,patch,"1,14,14,3",0,5,16.13,16.71,8.701272,8.720406,8.701271,8.741812,0.021406,no,bounds,no,yes,no,no,off,0.01,elim not activated,elim not activated,0,0,3,1.04x,,,,0.019134,0.040541,OPTIMAL,OPTIMAL,"/root/Downloads/for_dana/vaghar_org/paper_experiments/mnist/3x10_exp/patch/eps_1,14,14,3/vagharWithPerturbed_3x10_19_sgd_itr1/63911229042743_3x10_patch_1.0,14.0,14.0,3.0_ctag0__HyperAttackHints_VagharDeps_PertruebedIntervals_cTag1.txt","/root/Downloads/for_dana/vaghar_org/paper_experiments/mnist/3x10_exp/patch/eps_1,14,14,3/advStd_3x10_N1_19/63911937325291_n2_3x10_patch_1.0,14.0,14.0,3.0_ctag0_19_sgd_itr1_N2_advStd_branchPri_boundTight_relaxT0.01_seed3_HyperAttackHints_VagharDeps_PerturbedIntervals_cTag1.txt"
3x10,patch,"1,14,14,3",0,5,16.13,17.04,8.701272,8.720406,8.701272,8.724011,0.003605,no,off,no,yes,no,no,off,0.01,elim not activated,elim not activated,0,0,2,1.06x,,,,0.019134,0.022738,OPTIMAL,OPTIMAL,"/root/Downloads/for_dana/vaghar_org/paper_experiments/mnist/3x10_exp/patch/eps_1,14,14,3/vagharWithPerturbed_3x10_19_sgd_itr1/63911229042743_3x10_patch_1.0,14.0,14.0,3.0_ctag0__HyperAttackHints_VagharDeps_PertruebedIntervals_cTag1.txt","/root/Downloads/for_dana/vaghar_org/paper_experiments/mnist/3x10_exp/patch/eps_1,14,14,3/advStd_3x10_N1_19/63912011520975_n2_3x10_patch_1.0,14.0,14.0,3.0_ctag0_19_sgd_itr1_N2_advStd_boundTight_relaxT0.01_seed2_HyperAttackHints_VagharDeps_PerturbedIntervals_cTag1.txt"
3x10,patch,"1,14,14,3",0,5,16.13,17.21,8.701272,8.720406,8.701271,8.724011,0.003605,no,bounds,no,yes,yes,no,off,off,elim not activated,elim not activated,relax not activated,relax not activated,2,1.07x,,,,0.019134,0.022739,OPTIMAL,OPTIMAL,"/root/Downloads/for_dana/vaghar_org/paper_experiments/mnist/3x10_exp/patch/eps_1,14,14,3/vagharWithPerturbed_3x10_19_sgd_itr1/63911229042743_3x10_patch_1.0,14.0,14.0,3.0_ctag0__HyperAttackHints_VagharDeps_PertruebedIntervals_cTag1.txt","/root/Downloads/for_dana/vaghar_org/paper_experiments/mnist/3x10_exp/patch/eps_1,14,14,3/advStd_3x10_N1_19/63911937201696_n2_3x10_patch_1.0,14.0,14.0,3.0_ctag0_19_sgd_itr1_N2_advStd_branchPri_boundTight_varHint_seed2_HyperAttackHints_VagharDeps_PerturbedIntervals_cTag1.txt"
3x10,patch,"1,14,14,3",0,5,16.13,17.38,8.701272,8.720406,8.701271,8.711084,-0.009322,yes,bounds,no,yes,no,no,off,off,elim not activated,elim not activated,relax not activated,relax not activated,0,1.08x,,,,0.019134,0.009812,OPTIMAL,OPTIMAL,"/root/Downloads/for_dana/vaghar_org/paper_experiments/mnist/3x10_exp/patch/eps_1,14,14,3/vagharWithPerturbed_3x10_19_sgd_itr1/63911229042743_3x10_patch_1.0,14.0,14.0,3.0_ctag0__HyperAttackHints_VagharDeps_PertruebedIntervals_cTag1.txt","/root/Downloads/for_dana/vaghar_org/paper_experiments/mnist/3x10_exp/patch/eps_1,14,14,3/advStd_3x10_N1_19/63911706522516_n2_3x10_patch_1.0,14.0,14.0,3.0_ctag0_19_sgd_itr1_N2_advStd_mipStart_branchPri_boundTight_HyperAttackCutoff_VagharDeps_PerturbedIntervals_cTag1.txt"
3x10,patch,"1,14,14,3",0,5,16.13,17.63,8.701272,8.720406,8.701272,8.724011,0.003605,no,bounds,no,yes,no,yes,off,off,elim not activated,elim not activated,relax not activated,relax not activated,2,1.09x,,,,0.019134,0.022738,OPTIMAL,OPTIMAL,"/root/Downloads/for_dana/vaghar_org/paper_experiments/mnist/3x10_exp/patch/eps_1,14,14,3/vagharWithPerturbed_3x10_19_sgd_itr1/63911229042743_3x10_patch_1.0,14.0,14.0,3.0_ctag0__HyperAttackHints_VagharDeps_PertruebedIntervals_cTag1.txt","/root/Downloads/for_dana/vaghar_org/paper_experiments/mnist/3x10_exp/patch/eps_1,14,14,3/advStd_3x10_N1_19/63911938860733_n2_3x10_patch_1.0,14.0,14.0,3.0_ctag0_19_sgd_itr1_N2_advStd_branchPri_boundTight_zonoBounds_seed2_HyperAttackHints_VagharDeps_PerturbedIntervals_cTag1.txt"
3x10,patch,"1,14,14,3",0,5,16.13,19.27,8.701272,8.720406,8.701271,8.711084,-0.009322,yes,bounds,no,no,no,no,off,off,elim not activated,elim not activated,relax not activated,relax not activated,0,1.19x,,,,0.019134,0.009812,OPTIMAL,OPTIMAL,"/root/Downloads/for_dana/vaghar_org/paper_experiments/mnist/3x10_exp/patch/eps_1,14,14,3/vagharWithPerturbed_3x10_19_sgd_itr1/63911229042743_3x10_patch_1.0,14.0,14.0,3.0_ctag0__HyperAttackHints_VagharDeps_PertruebedIntervals_cTag1.txt","/root/Downloads/for_dana/vaghar_org/paper_experiments/mnist/3x10_exp/patch/eps_1,14,14,3/advStd_3x10_N1_19/63911706846931_n2_3x10_patch_1.0,14.0,14.0,3.0_ctag0_19_sgd_itr1_N2_advStd_mipStart_branchPri_HyperAttackCutoff_VagharDeps_PerturbedIntervals_cTag1.txt"
3x10,patch,"1,14,14,3",0,5,16.13,19.31,8.701272,8.720406,8.701272,8.719073,-0.001333,no,off,no,yes,no,no,off,1.0,elim not activated,elim not activated,0,0,4,1.20x,,,,0.019134,0.017800,OPTIMAL,OPTIMAL,"/root/Downloads/for_dana/vaghar_org/paper_experiments/mnist/3x10_exp/patch/eps_1,14,14,3/vagharWithPerturbed_3x10_19_sgd_itr1/63911229042743_3x10_patch_1.0,14.0,14.0,3.0_ctag0__HyperAttackHints_VagharDeps_PertruebedIntervals_cTag1.txt","/root/Downloads/for_dana/vaghar_org/paper_experiments/mnist/3x10_exp/patch/eps_1,14,14,3/advStd_3x10_N1_19/63912012208447_n2_3x10_patch_1.0,14.0,14.0,3.0_ctag0_19_sgd_itr1_N2_advStd_boundTight_relaxT1.0_seed4_HyperAttackHints_VagharDeps_PerturbedIntervals_cTag1.txt"
3x10,patch,"1,14,14,3",0,5,16.13,20.93,8.701272,8.720406,8.701271,8.711084,-0.009322,yes,off,no,yes,no,no,off,off,elim not activated,elim not activated,relax not activated,relax not activated,0,1.30x,,,,0.019134,0.009812,OPTIMAL,OPTIMAL,"/root/Downloads/for_dana/vaghar_org/paper_experiments/mnist/3x10_exp/patch/eps_1,14,14,3/vagharWithPerturbed_3x10_19_sgd_itr1/63911229042743_3x10_patch_1.0,14.0,14.0,3.0_ctag0__HyperAttackHints_VagharDeps_PertruebedIntervals_cTag1.txt","/root/Downloads/for_dana/vaghar_org/paper_experiments/mnist/3x10_exp/patch/eps_1,14,14,3/advStd_3x10_N1_19/63911707267877_n2_3x10_patch_1.0,14.0,14.0,3.0_ctag0_19_sgd_itr1_N2_advStd_mipStart_boundTight_HyperAttackCutoff_VagharDeps_PerturbedIntervals_cTag1.txt"
3x10,patch,"1,14,14,3",0,5,16.13,95.86,8.701272,8.720406,8.701271,8.701271,-0.019135,no,bounds,no,yes,no,yes,off,1.0,elim not activated,elim not activated,0,0,1,5.94x,,,,0.019134,0.000000,OPTIMAL,OPTIMAL,"/root/Downloads/for_dana/vaghar_org/paper_experiments/mnist/3x10_exp/patch/eps_1,14,14,3/vagharWithPerturbed_3x10_19_sgd_itr1/63911229042743_3x10_patch_1.0,14.0,14.0,3.0_ctag0__HyperAttackHints_VagharDeps_PertruebedIntervals_cTag1.txt","/root/Downloads/for_dana/vaghar_org/paper_experiments/mnist/3x10_exp/patch/eps_1,14,14,3/advStd_3x10_N1_19/63911939519758_n2_3x10_patch_1.0,14.0,14.0,3.0_ctag0_19_sgd_itr1_N2_advStd_branchPri_boundTight_zonoBounds_relaxT1.0_seed1_HyperAttackHints_VagharDeps_PerturbedIntervals_cTag1.txt"
3x10,patch,"1,14,14,3",0,5,16.13,103.67,8.701272,8.720406,8.701272,8.720406,0.000000,no,bounds,no,yes,no,no,off,off,elim not activated,elim not activated,relax not activated,relax not activated,0,6.43x,,,,0.019134,0.019134,OPTIMAL,OPTIMAL,"/root/Downloads/for_dana/vaghar_org/paper_experiments/mnist/3x10_exp/patch/eps_1,14,14,3/vagharWithPerturbed_3x10_19_sgd_itr1/63911229042743_3x10_patch_1.0,14.0,14.0,3.0_ctag0__HyperAttackHints_VagharDeps_PertruebedIntervals_cTag1.txt","/root/Downloads/for_dana/vaghar_org/paper_experiments/mnist/3x10_exp/patch/eps_1,14,14,3/advStd_3x10_N1_19/63911707974529_n2_3x10_patch_1.0,14.0,14.0,3.0_ctag0_19_sgd_itr1_N2_advStd_branchPri_boundTight_HyperAttackHints_VagharDeps_PerturbedIntervals_cTag1.txt"
3x10,patch,"1,14,14,3",0,5,16.13,107.05,8.701272,8.720406,8.701271,8.741812,0.021406,no,bounds,no,yes,yes,yes,off,0.5,elim not activated,elim not activated,0,0,3,6.64x,,,,0.019134,0.040541,OPTIMAL,OPTIMAL,"/root/Downloads/for_dana/vaghar_org/paper_experiments/mnist/3x10_exp/patch/eps_1,14,14,3/vagharWithPerturbed_3x10_19_sgd_itr1/63911229042743_3x10_patch_1.0,14.0,14.0,3.0_ctag0__HyperAttackHints_VagharDeps_PertruebedIntervals_cTag1.txt","/root/Downloads/for_dana/vaghar_org/paper_experiments/mnist/3x10_exp/patch/eps_1,14,14,3/advStd_3x10_N1_19/63911939505880_n2_3x10_patch_1.0,14.0,14.0,3.0_ctag0_19_sgd_itr1_N2_advStd_branchPri_boundTight_zonoBounds_relaxT0.5_varHint_seed3_HyperAttackHints_VagharDeps_PerturbedIntervals_cTag1.txt"
3x10,patch,"1,14,14,3",0,5,16.13,109.07,8.701272,8.720406,8.701272,8.719073,-0.001333,no,bounds,no,yes,yes,yes,off,0.5,elim not activated,elim not activated,0,0,4,6.76x,,,,0.019134,0.017800,OPTIMAL,OPTIMAL,"/root/Downloads/for_dana/vaghar_org/paper_experiments/mnist/3x10_exp/patch/eps_1,14,14,3/vagharWithPerturbed_3x10_19_sgd_itr1/63911229042743_3x10_patch_1.0,14.0,14.0,3.0_ctag0__HyperAttackHints_VagharDeps_PertruebedIntervals_cTag1.txt","/root/Downloads/for_dana/vaghar_org/paper_experiments/mnist/3x10_exp/patch/eps_1,14,14,3/advStd_3x10_N1_19/63911939509248_n2_3x10_patch_1.0,14.0,14.0,3.0_ctag0_19_sgd_itr1_N2_advStd_branchPri_boundTight_zonoBounds_relaxT0.5_varHint_seed4_HyperAttackHints_VagharDeps_PerturbedIntervals_cTag1.txt"
,,,,,,,,,,,,,,,,,,,,,,,,,,,,,,,,,,
cnn1,occ,"1,1,5",0,3,74.46,78.68,11.551457,11.551457,11.553911,11.651249,0.099793,no,bounds,no,yes,yes,no,lp,0.1,0,6,1,3,4,1.06x,22.36,101.04,1.36x,0.000000,0.097338,,OPTIMAL,"/root/Downloads/for_dana/vaghar_org/paper_experiments/mnist/cnn1_exp/occ/eps_1,1,5/vagharWithPerturbed_cnn1_seed42_itr20_sgd_itr1/63910220802988_cnn1_occ_1.0,1.0,5.0_ctag0__HyperAttackHints_VagharDeps_PertruebedIntervals_cTag1.txt","/root/Downloads/for_dana/vaghar_org/paper_experiments/mnist/cnn1_exp/occ/eps_1,1,5/advStd_cnn1_N1_model_seed42_itr20/63912244872395_n2_cnn1_occ_1.0,1.0,5.0_ctag0_model_seed42_itr20_sgd_itr1_N2_advStd_branchPri_boundTight_n1ProbeLP_relaxT0.1_varHint_seed4_elimOrg0_elimPert6_HyperAttackHints_VagharDeps_PerturbedIntervals_cTag1.txt"
cnn1,occ,"1,1,5",0,3,74.46,79.71,11.551457,11.551457,11.556703,11.662634,0.111177,no,off,no,yes,no,no,lp,0.1,0,6,1,3,4,1.07x,22.14,101.85,1.37x,0.000000,0.105931,,OPTIMAL,"/root/Downloads/for_dana/vaghar_org/paper_experiments/mnist/cnn1_exp/occ/eps_1,1,5/vagharWithPerturbed_cnn1_seed42_itr20_sgd_itr1/63910220802988_cnn1_occ_1.0,1.0,5.0_ctag0__HyperAttackHints_VagharDeps_PertruebedIntervals_cTag1.txt","/root/Downloads/for_dana/vaghar_org/paper_experiments/mnist/cnn1_exp/occ/eps_1,1,5/advStd_cnn1_N1_model_seed42_itr20/63912245630822_n2_cnn1_occ_1.0,1.0,5.0_ctag0_model_seed42_itr20_sgd_itr1_N2_advStd_boundTight_n1ProbeLP_relaxT0.1_seed4_elimOrg0_elimPert6_HyperAttackHints_VagharDeps_PerturbedIntervals_cTag1.txt"
cnn1,occ,"1,1,5",0,3,74.46,88.89,11.551457,11.551457,11.556703,11.662634,0.111177,no,off,no,yes,no,yes,lp,0.1,0,6,1,3,4,1.19x,33.02,121.91,1.64x,0.000000,0.105931,,OPTIMAL,"/root/Downloads/for_dana/vaghar_org/paper_experiments/mnist/cnn1_exp/occ/eps_1,1,5/vagharWithPerturbed_cnn1_seed42_itr20_sgd_itr1/63910220802988_cnn1_occ_1.0,1.0,5.0_ctag0__HyperAttackHints_VagharDeps_PertruebedIntervals_cTag1.txt","/root/Downloads/for_dana/vaghar_org/paper_experiments/mnist/cnn1_exp/occ/eps_1,1,5/advStd_cnn1_N1_model_seed42_itr20/63912246293584_n2_cnn1_occ_1.0,1.0,5.0_ctag0_model_seed42_itr20_sgd_itr1_N2_advStd_boundTight_zonoBounds_n1ProbeLP_relaxT0.1_seed4_elimOrg0_elimPert6_HyperAttackHints_VagharDeps_PerturbedIntervals_cTag1.txt"
cnn1,occ,"1,1,5",0,3,74.46,126.24,11.551457,11.551457,11.556665,11.558429,0.006972,no,bounds,no,yes,no,no,lp,0.1,0,6,1,3,4,1.70x,27.44,153.69,2.06x,0.000000,0.001764,,OPTIMAL,"/root/Downloads/for_dana/vaghar_org/paper_experiments/mnist/cnn1_exp/occ/eps_1,1,5/vagharWithPerturbed_cnn1_seed42_itr20_sgd_itr1/63910220802988_cnn1_occ_1.0,1.0,5.0_ctag0__HyperAttackHints_VagharDeps_PertruebedIntervals_cTag1.txt","/root/Downloads/for_dana/vaghar_org/paper_experiments/mnist/cnn1_exp/occ/eps_1,1,5/advStd_cnn1_N1_model_seed42_itr20/63912244782945_n2_cnn1_occ_1.0,1.0,5.0_ctag0_model_seed42_itr20_sgd_itr1_N2_advStd_branchPri_boundTight_n1ProbeLP_relaxT0.1_seed4_elimOrg0_elimPert6_HyperAttackHints_VagharDeps_PerturbedIntervals_cTag1.txt"
cnn1,occ,"1,1,5",0,3,74.46,145.97,11.551457,11.551457,11.556665,11.558429,0.006972,no,bounds,no,yes,no,yes,off,0.1,elim not activated,elim not activated,1,3,4,1.96x,0.00,145.97,1.96x,0.000000,0.001764,,OPTIMAL,"/root/Downloads/for_dana/vaghar_org/paper_experiments/mnist/cnn1_exp/occ/eps_1,1,5/vagharWithPerturbed_cnn1_seed42_itr20_sgd_itr1/63910220802988_cnn1_occ_1.0,1.0,5.0_ctag0__HyperAttackHints_VagharDeps_PertruebedIntervals_cTag1.txt","/root/Downloads/for_dana/vaghar_org/paper_experiments/mnist/cnn1_exp/occ/eps_1,1,5/advStd_cnn1_N1_model_seed42_itr20/63912244909160_n2_cnn1_occ_1.0,1.0,5.0_ctag0_model_seed42_itr20_sgd_itr1_N2_advStd_branchPri_boundTight_zonoBounds_relaxT0.1_seed4_HyperAttackHints_VagharDeps_PerturbedIntervals_cTag1.txt"
,,,,,,,,,,,,,,,,,,,,,,,,,,,,,,,,,,
cnn1,occ,"1,1,5",0,4,194.19,255.71,7.027990,7.094580,7.019337,7.077385,-0.017195,no,off,no,yes,no,no,off,0.1,elim not activated,elim not activated,1,3,4,1.32x,0.00,255.71,1.32x,0.066590,0.058048,,OPTIMAL,"/root/Downloads/for_dana/vaghar_org/paper_experiments/mnist/cnn1_exp/occ/eps_1,1,5/vagharWithPerturbed_cnn1_seed42_itr20_sgd_itr1/63910220802988_cnn1_occ_1.0,1.0,5.0_ctag0__HyperAttackHints_VagharDeps_PertruebedIntervals_cTag1.txt","/root/Downloads/for_dana/vaghar_org/paper_experiments/mnist/cnn1_exp/occ/eps_1,1,5/advStd_cnn1_N1_model_seed42_itr20/63912245463881_n2_cnn1_occ_1.0,1.0,5.0_ctag0_model_seed42_itr20_sgd_itr1_N2_advStd_boundTight_relaxT0.1_seed4_HyperAttackHints_VagharDeps_PerturbedIntervals_cTag1.txt"
cnn1,occ,"1,1,5",0,4,194.19,274.51,7.027990,7.094580,7.019337,7.077385,-0.017195,no,off,no,yes,no,no,lp,0.1,0,6,1,3,4,1.41x,22.14,296.65,1.53x,0.066590,0.058048,,OPTIMAL,"/root/Downloads/for_dana/vaghar_org/paper_experiments/mnist/cnn1_exp/occ/eps_1,1,5/vagharWithPerturbed_cnn1_seed42_itr20_sgd_itr1/63910220802988_cnn1_occ_1.0,1.0,5.0_ctag0__HyperAttackHints_VagharDeps_PertruebedIntervals_cTag1.txt","/root/Downloads/for_dana/vaghar_org/paper_experiments/mnist/cnn1_exp/occ/eps_1,1,5/advStd_cnn1_N1_model_seed42_itr20/63912245630822_n2_cnn1_occ_1.0,1.0,5.0_ctag0_model_seed42_itr20_sgd_itr1_N2_advStd_boundTight_n1ProbeLP_relaxT0.1_seed4_elimOrg0_elimPert6_HyperAttackHints_VagharDeps_PerturbedIntervals_cTag1.txt"
cnn1,occ,"1,1,5",0,4,194.19,276.80,7.027990,7.094580,7.019337,7.077385,-0.017195,no,off,no,yes,no,yes,off,0.1,elim not activated,elim not activated,1,3,4,1.43x,0.00,276.80,1.43x,0.066590,0.058048,,OPTIMAL,"/root/Downloads/for_dana/vaghar_org/paper_experiments/mnist/cnn1_exp/occ/eps_1,1,5/vagharWithPerturbed_cnn1_seed42_itr20_sgd_itr1/63910220802988_cnn1_occ_1.0,1.0,5.0_ctag0__HyperAttackHints_VagharDeps_PertruebedIntervals_cTag1.txt","/root/Downloads/for_dana/vaghar_org/paper_experiments/mnist/cnn1_exp/occ/eps_1,1,5/advStd_cnn1_N1_model_seed42_itr20/63912243419334_n2_cnn1_occ_1.0,1.0,5.0_ctag0_model_seed42_itr20_sgd_itr1_N2_advStd_boundTight_zonoBounds_relaxT0.1_seed4_HyperAttackHints_VagharDeps_PerturbedIntervals_cTag1.txt"
cnn1,occ,"1,1,5",0,4,194.19,313.83,7.027990,7.094580,7.019337,7.077385,-0.017195,no,off,no,yes,no,yes,lp,0.1,0,6,1,3,4,1.62x,33.02,346.85,1.79x,0.066590,0.058048,,OPTIMAL,"/root/Downloads/for_dana/vaghar_org/paper_experiments/mnist/cnn1_exp/occ/eps_1,1,5/vagharWithPerturbed_cnn1_seed42_itr20_sgd_itr1/63910220802988_cnn1_occ_1.0,1.0,5.0_ctag0__HyperAttackHints_VagharDeps_PertruebedIntervals_cTag1.txt","/root/Downloads/for_dana/vaghar_org/paper_experiments/mnist/cnn1_exp/occ/eps_1,1,5/advStd_cnn1_N1_model_seed42_itr20/63912246293584_n2_cnn1_occ_1.0,1.0,5.0_ctag0_model_seed42_itr20_sgd_itr1_N2_advStd_boundTight_zonoBounds_n1ProbeLP_relaxT0.1_seed4_elimOrg0_elimPert6_HyperAttackHints_VagharDeps_PerturbedIntervals_cTag1.txt"
cnn1,occ,"1,1,5",0,4,194.19,354.25,7.027990,7.094580,7.041299,7.104897,0.010316,no,off,no,yes,yes,yes,lp,0.1,0,6,1,3,4,1.82x,23.65,377.90,1.95x,0.066590,0.063598,,OPTIMAL,"/root/Downloads/for_dana/vaghar_org/paper_experiments/mnist/cnn1_exp/occ/eps_1,1,5/vagharWithPerturbed_cnn1_seed42_itr20_sgd_itr1/63910220802988_cnn1_occ_1.0,1.0,5.0_ctag0__HyperAttackHints_VagharDeps_PertruebedIntervals_cTag1.txt","/root/Downloads/for_dana/vaghar_org/paper_experiments/mnist/cnn1_exp/occ/eps_1,1,5/advStd_cnn1_N1_model_seed42_itr20/63912243837721_n2_cnn1_occ_1.0,1.0,5.0_ctag0_model_seed42_itr20_sgd_itr1_N2_advStd_boundTight_zonoBounds_n1ProbeLP_relaxT0.1_varHint_seed4_elimOrg0_elimPert6_HyperAttackHints_VagharDeps_PerturbedIntervals_cTag1.txt"
cnn1,occ,"1,1,5",0,4,194.19,396.05,7.027990,7.094580,7.041299,7.104897,0.010316,no,off,no,yes,yes,yes,off,0.1,elim not activated,elim not activated,1,3,4,2.04x,0.00,396.05,2.04x,0.066590,0.063598,,OPTIMAL,"/root/Downloads/for_dana/vaghar_org/paper_experiments/mnist/cnn1_exp/occ/eps_1,1,5/vagharWithPerturbed_cnn1_seed42_itr20_sgd_itr1/63910220802988_cnn1_occ_1.0,1.0,5.0_ctag0__HyperAttackHints_VagharDeps_PertruebedIntervals_cTag1.txt","/root/Downloads/for_dana/vaghar_org/paper_experiments/mnist/cnn1_exp/occ/eps_1,1,5/advStd_cnn1_N1_model_seed42_itr20/63912245950454_n2_cnn1_occ_1.0,1.0,5.0_ctag0_model_seed42_itr20_sgd_itr1_N2_advStd_boundTight_zonoBounds_relaxT0.1_varHint_seed4_HyperAttackHints_VagharDeps_PerturbedIntervals_cTag1.txt"
cnn1,occ,"1,1,5",0,4,194.19,399.77,7.027990,7.094580,7.041299,7.104897,0.010316,no,off,no,yes,yes,no,lp,0.1,0,6,1,3,4,2.06x,45.27,445.04,2.29x,0.066590,0.063598,,OPTIMAL,"/root/Downloads/for_dana/vaghar_org/paper_experiments/mnist/cnn1_exp/occ/eps_1,1,5/vagharWithPerturbed_cnn1_seed42_itr20_sgd_itr1/63910220802988_cnn1_occ_1.0,1.0,5.0_ctag0__HyperAttackHints_VagharDeps_PertruebedIntervals_cTag1.txt","/root/Downloads/for_dana/vaghar_org/paper_experiments/mnist/cnn1_exp/occ/eps_1,1,5/advStd_cnn1_N1_model_seed42_itr20/63912243882246_n2_cnn1_occ_1.0,1.0,5.0_ctag0_model_seed42_itr20_sgd_itr1_N2_advStd_boundTight_n1ProbeLP_relaxT0.1_varHint_seed4_elimOrg0_elimPert6_HyperAttackHints_VagharDeps_PerturbedIntervals_cTag1.txt"
cnn1,occ,"1,1,5",0,4,194.19,532.64,7.027990,7.094580,7.041299,7.104897,0.010316,no,off,no,yes,yes,no,off,0.1,elim not activated,elim not activated,1,3,4,2.74x,0.00,532.64,2.74x,0.066590,0.063598,,OPTIMAL,"/root/Downloads/for_dana/vaghar_org/paper_experiments/mnist/cnn1_exp/occ/eps_1,1,5/vagharWithPerturbed_cnn1_seed42_itr20_sgd_itr1/63910220802988_cnn1_occ_1.0,1.0,5.0_ctag0__HyperAttackHints_VagharDeps_PertruebedIntervals_cTag1.txt","/root/Downloads/for_dana/vaghar_org/paper_experiments/mnist/cnn1_exp/occ/eps_1,1,5/advStd_cnn1_N1_model_seed42_itr20/63912243088264_n2_cnn1_occ_1.0,1.0,5.0_ctag0_model_seed42_itr20_sgd_itr1_N2_advStd_boundTight_relaxT0.1_varHint_seed4_HyperAttackHints_VagharDeps_PerturbedIntervals_cTag1.txt"
cnn1,occ,"1,1,5",0,4,194.19,702.45,7.027990,7.094580,7.040420,7.103900,0.009319,no,bounds,no,yes,yes,no,lp,0.1,0,6,1,3,4,3.62x,22.36,724.81,3.73x,0.066590,0.063480,,OPTIMAL,"/root/Downloads/for_dana/vaghar_org/paper_experiments/mnist/cnn1_exp/occ/eps_1,1,5/vagharWithPerturbed_cnn1_seed42_itr20_sgd_itr1/63910220802988_cnn1_occ_1.0,1.0,5.0_ctag0__HyperAttackHints_VagharDeps_PertruebedIntervals_cTag1.txt","/root/Downloads/for_dana/vaghar_org/paper_experiments/mnist/cnn1_exp/occ/eps_1,1,5/advStd_cnn1_N1_model_seed42_itr20/63912244872395_n2_cnn1_occ_1.0,1.0,5.0_ctag0_model_seed42_itr20_sgd_itr1_N2_advStd_branchPri_boundTight_n1ProbeLP_relaxT0.1_varHint_seed4_elimOrg0_elimPert6_HyperAttackHints_VagharDeps_PerturbedIntervals_cTag1.txt"
cnn1,occ,"1,1,5",0,4,194.19,965.90,7.027990,7.094580,7.022585,7.075450,-0.019131,no,bounds,no,yes,no,no,lp,0.1,0,6,1,3,4,4.97x,27.44,993.34,5.12x,0.066590,0.052865,,OPTIMAL,"/root/Downloads/for_dana/vaghar_org/paper_experiments/mnist/cnn1_exp/occ/eps_1,1,5/vagharWithPerturbed_cnn1_seed42_itr20_sgd_itr1/63910220802988_cnn1_occ_1.0,1.0,5.0_ctag0__HyperAttackHints_VagharDeps_PertruebedIntervals_cTag1.txt","/root/Downloads/for_dana/vaghar_org/paper_experiments/mnist/cnn1_exp/occ/eps_1,1,5/advStd_cnn1_N1_model_seed42_itr20/63912244782945_n2_cnn1_occ_1.0,1.0,5.0_ctag0_model_seed42_itr20_sgd_itr1_N2_advStd_branchPri_boundTight_n1ProbeLP_relaxT0.1_seed4_elimOrg0_elimPert6_HyperAttackHints_VagharDeps_PerturbedIntervals_cTag1.txt"
cnn1,occ,"1,1,5",0,4,194.19,1193.56,7.027990,7.094580,7.039970,7.106588,0.012007,no,bounds,no,yes,no,yes,off,0.1,elim not activated,elim not activated,1,3,4,6.15x,0.00,1193.56,6.15x,0.066590,0.066618,,OPTIMAL,"/root/Downloads/for_dana/vaghar_org/paper_experiments/mnist/cnn1_exp/occ/eps_1,1,5/vagharWithPerturbed_cnn1_seed42_itr20_sgd_itr1/63910220802988_cnn1_occ_1.0,1.0,5.0_ctag0__HyperAttackHints_VagharDeps_PertruebedIntervals_cTag1.txt","/root/Downloads/for_dana/vaghar_org/paper_experiments/mnist/cnn1_exp/occ/eps_1,1,5/advStd_cnn1_N1_model_seed42_itr20/63912244909160_n2_cnn1_occ_1.0,1.0,5.0_ctag0_model_seed42_itr20_sgd_itr1_N2_advStd_branchPri_boundTight_zonoBounds_relaxT0.1_seed4_HyperAttackHints_VagharDeps_PerturbedIntervals_cTag1.txt"
,,,,,,,,,,,,,,,,,,,,,,,,,,,,,,,,,,
cnn1,occ,"1,1,5",0,5,174.89,213.26,4.770548,4.809775,4.781882,4.827628,0.017853,no,off,no,yes,yes,yes,lp,0.1,0,6,1,3,4,1.22x,23.65,236.91,1.35x,0.039227,0.045746,,OPTIMAL,"/root/Downloads/for_dana/vaghar_org/paper_experiments/mnist/cnn1_exp/occ/eps_1,1,5/vagharWithPerturbed_cnn1_seed42_itr20_sgd_itr1/63910220802988_cnn1_occ_1.0,1.0,5.0_ctag0__HyperAttackHints_VagharDeps_PertruebedIntervals_cTag1.txt","/root/Downloads/for_dana/vaghar_org/paper_experiments/mnist/cnn1_exp/occ/eps_1,1,5/advStd_cnn1_N1_model_seed42_itr20/63912243837721_n2_cnn1_occ_1.0,1.0,5.0_ctag0_model_seed42_itr20_sgd_itr1_N2_advStd_boundTight_zonoBounds_n1ProbeLP_relaxT0.1_varHint_seed4_elimOrg0_elimPert6_HyperAttackHints_VagharDeps_PerturbedIntervals_cTag1.txt"
cnn1,occ,"1,1,5",0,5,174.89,218.97,4.770548,4.809775,4.779492,4.826126,0.016351,no,off,no,yes,no,yes,off,0.1,elim not activated,elim not activated,1,3,4,1.25x,0.00,218.97,1.25x,0.039227,0.046635,,OPTIMAL,"/root/Downloads/for_dana/vaghar_org/paper_experiments/mnist/cnn1_exp/occ/eps_1,1,5/vagharWithPerturbed_cnn1_seed42_itr20_sgd_itr1/63910220802988_cnn1_occ_1.0,1.0,5.0_ctag0__HyperAttackHints_VagharDeps_PertruebedIntervals_cTag1.txt","/root/Downloads/for_dana/vaghar_org/paper_experiments/mnist/cnn1_exp/occ/eps_1,1,5/advStd_cnn1_N1_model_seed42_itr20/63912243419334_n2_cnn1_occ_1.0,1.0,5.0_ctag0_model_seed42_itr20_sgd_itr1_N2_advStd_boundTight_zonoBounds_relaxT0.1_seed4_HyperAttackHints_VagharDeps_PerturbedIntervals_cTag1.txt"
cnn1,occ,"1,1,5",0,5,174.89,242.43,4.770548,4.809775,4.781882,4.827628,0.017853,no,off,no,yes,yes,no,off,0.1,elim not activated,elim not activated,1,3,4,1.39x,0.00,242.43,1.39x,0.039227,0.045746,,OPTIMAL,"/root/Downloads/for_dana/vaghar_org/paper_experiments/mnist/cnn1_exp/occ/eps_1,1,5/vagharWithPerturbed_cnn1_seed42_itr20_sgd_itr1/63910220802988_cnn1_occ_1.0,1.0,5.0_ctag0__HyperAttackHints_VagharDeps_PertruebedIntervals_cTag1.txt","/root/Downloads/for_dana/vaghar_org/paper_experiments/mnist/cnn1_exp/occ/eps_1,1,5/advStd_cnn1_N1_model_seed42_itr20/63912243088264_n2_cnn1_occ_1.0,1.0,5.0_ctag0_model_seed42_itr20_sgd_itr1_N2_advStd_boundTight_relaxT0.1_varHint_seed4_HyperAttackHints_VagharDeps_PerturbedIntervals_cTag1.txt"
cnn1,occ,"1,1,5",0,5,174.89,244.94,4.770548,4.809775,4.779492,4.826126,0.016351,no,off,no,yes,no,no,off,0.1,elim not activated,elim not activated,1,3,4,1.40x,0.00,244.94,1.40x,0.039227,0.046635,,OPTIMAL,"/root/Downloads/for_dana/vaghar_org/paper_experiments/mnist/cnn1_exp/occ/eps_1,1,5/vagharWithPerturbed_cnn1_seed42_itr20_sgd_itr1/63910220802988_cnn1_occ_1.0,1.0,5.0_ctag0__HyperAttackHints_VagharDeps_PertruebedIntervals_cTag1.txt","/root/Downloads/for_dana/vaghar_org/paper_experiments/mnist/cnn1_exp/occ/eps_1,1,5/advStd_cnn1_N1_model_seed42_itr20/63912245463881_n2_cnn1_occ_1.0,1.0,5.0_ctag0_model_seed42_itr20_sgd_itr1_N2_advStd_boundTight_relaxT0.1_seed4_HyperAttackHints_VagharDeps_PerturbedIntervals_cTag1.txt"
cnn1,occ,"1,1,5",0,5,174.89,248.85,4.770548,4.809775,4.781882,4.827628,0.017853,no,off,no,yes,yes,yes,off,0.1,elim not activated,elim not activated,1,3,4,1.42x,0.00,248.85,1.42x,0.039227,0.045746,,OPTIMAL,"/root/Downloads/for_dana/vaghar_org/paper_experiments/mnist/cnn1_exp/occ/eps_1,1,5/vagharWithPerturbed_cnn1_seed42_itr20_sgd_itr1/63910220802988_cnn1_occ_1.0,1.0,5.0_ctag0__HyperAttackHints_VagharDeps_PertruebedIntervals_cTag1.txt","/root/Downloads/for_dana/vaghar_org/paper_experiments/mnist/cnn1_exp/occ/eps_1,1,5/advStd_cnn1_N1_model_seed42_itr20/63912245950454_n2_cnn1_occ_1.0,1.0,5.0_ctag0_model_seed42_itr20_sgd_itr1_N2_advStd_boundTight_zonoBounds_relaxT0.1_varHint_seed4_HyperAttackHints_VagharDeps_PerturbedIntervals_cTag1.txt"
cnn1,occ,"1,1,5",0,5,174.89,262.95,4.770548,4.809775,4.781882,4.827628,0.017853,no,off,no,yes,yes,no,lp,0.1,0,6,1,3,4,1.50x,45.27,308.22,1.76x,0.039227,0.045746,,OPTIMAL,"/root/Downloads/for_dana/vaghar_org/paper_experiments/mnist/cnn1_exp/occ/eps_1,1,5/vagharWithPerturbed_cnn1_seed42_itr20_sgd_itr1/63910220802988_cnn1_occ_1.0,1.0,5.0_ctag0__HyperAttackHints_VagharDeps_PertruebedIntervals_cTag1.txt","/root/Downloads/for_dana/vaghar_org/paper_experiments/mnist/cnn1_exp/occ/eps_1,1,5/advStd_cnn1_N1_model_seed42_itr20/63912243882246_n2_cnn1_occ_1.0,1.0,5.0_ctag0_model_seed42_itr20_sgd_itr1_N2_advStd_boundTight_n1ProbeLP_relaxT0.1_varHint_seed4_elimOrg0_elimPert6_HyperAttackHints_VagharDeps_PerturbedIntervals_cTag1.txt"
cnn1,occ,"1,1,5",0,5,174.89,319.22,4.770548,4.809775,4.779492,4.826126,0.016351,no,off,no,yes,no,no,lp,0.1,0,6,1,3,4,1.83x,22.14,341.36,1.95x,0.039227,0.046635,,OPTIMAL,"/root/Downloads/for_dana/vaghar_org/paper_experiments/mnist/cnn1_exp/occ/eps_1,1,5/vagharWithPerturbed_cnn1_seed42_itr20_sgd_itr1/63910220802988_cnn1_occ_1.0,1.0,5.0_ctag0__HyperAttackHints_VagharDeps_PertruebedIntervals_cTag1.txt","/root/Downloads/for_dana/vaghar_org/paper_experiments/mnist/cnn1_exp/occ/eps_1,1,5/advStd_cnn1_N1_model_seed42_itr20/63912245630822_n2_cnn1_occ_1.0,1.0,5.0_ctag0_model_seed42_itr20_sgd_itr1_N2_advStd_boundTight_n1ProbeLP_relaxT0.1_seed4_elimOrg0_elimPert6_HyperAttackHints_VagharDeps_PerturbedIntervals_cTag1.txt"
cnn1,occ,"1,1,5",0,5,174.89,329.47,4.770548,4.809775,4.779492,4.826126,0.016351,no,off,no,yes,no,yes,lp,0.1,0,6,1,3,4,1.88x,33.02,362.49,2.07x,0.039227,0.046635,,OPTIMAL,"/root/Downloads/for_dana/vaghar_org/paper_experiments/mnist/cnn1_exp/occ/eps_1,1,5/vagharWithPerturbed_cnn1_seed42_itr20_sgd_itr1/63910220802988_cnn1_occ_1.0,1.0,5.0_ctag0__HyperAttackHints_VagharDeps_PertruebedIntervals_cTag1.txt","/root/Downloads/for_dana/vaghar_org/paper_experiments/mnist/cnn1_exp/occ/eps_1,1,5/advStd_cnn1_N1_model_seed42_itr20/63912246293584_n2_cnn1_occ_1.0,1.0,5.0_ctag0_model_seed42_itr20_sgd_itr1_N2_advStd_boundTight_zonoBounds_n1ProbeLP_relaxT0.1_seed4_elimOrg0_elimPert6_HyperAttackHints_VagharDeps_PerturbedIntervals_cTag1.txt"
cnn1,occ,"1,1,5",0,5,174.89,1175.09,4.770548,4.809775,4.781805,4.828688,0.018913,no,bounds,no,yes,no,no,lp,0.1,0,6,1,3,4,6.72x,27.44,1202.53,6.88x,0.039227,0.046883,,OPTIMAL,"/root/Downloads/for_dana/vaghar_org/paper_experiments/mnist/cnn1_exp/occ/eps_1,1,5/vagharWithPerturbed_cnn1_seed42_itr20_sgd_itr1/63910220802988_cnn1_occ_1.0,1.0,5.0_ctag0__HyperAttackHints_VagharDeps_PertruebedIntervals_cTag1.txt","/root/Downloads/for_dana/vaghar_org/paper_experiments/mnist/cnn1_exp/occ/eps_1,1,5/advStd_cnn1_N1_model_seed42_itr20/63912244782945_n2_cnn1_occ_1.0,1.0,5.0_ctag0_model_seed42_itr20_sgd_itr1_N2_advStd_branchPri_boundTight_n1ProbeLP_relaxT0.1_seed4_elimOrg0_elimPert6_HyperAttackHints_VagharDeps_PerturbedIntervals_cTag1.txt"
cnn1,occ,"1,1,5",0,5,174.89,1314.23,4.770548,4.809775,4.789615,4.836802,0.027026,no,bounds,no,yes,no,yes,off,0.1,elim not activated,elim not activated,1,3,4,7.51x,0.00,1314.23,7.51x,0.039227,0.047187,,OPTIMAL,"/root/Downloads/for_dana/vaghar_org/paper_experiments/mnist/cnn1_exp/occ/eps_1,1,5/vagharWithPerturbed_cnn1_seed42_itr20_sgd_itr1/63910220802988_cnn1_occ_1.0,1.0,5.0_ctag0__HyperAttackHints_VagharDeps_PertruebedIntervals_cTag1.txt","/root/Downloads/for_dana/vaghar_org/paper_experiments/mnist/cnn1_exp/occ/eps_1,1,5/advStd_cnn1_N1_model_seed42_itr20/63912244909160_n2_cnn1_occ_1.0,1.0,5.0_ctag0_model_seed42_itr20_sgd_itr1_N2_advStd_branchPri_boundTight_zonoBounds_relaxT0.1_seed4_HyperAttackHints_VagharDeps_PerturbedIntervals_cTag1.txt"
cnn1,occ,"1,1,5",0,5,174.89,1491.50,4.770548,4.809775,4.789293,4.836009,0.026234,no,bounds,no,yes,yes,no,lp,0.1,0,6,1,3,4,8.53x,22.36,1513.86,8.66x,0.039227,0.046716,,OPTIMAL,"/root/Downloads/for_dana/vaghar_org/paper_experiments/mnist/cnn1_exp/occ/eps_1,1,5/vagharWithPerturbed_cnn1_seed42_itr20_sgd_itr1/63910220802988_cnn1_occ_1.0,1.0,5.0_ctag0__HyperAttackHints_VagharDeps_PertruebedIntervals_cTag1.txt","/root/Downloads/for_dana/vaghar_org/paper_experiments/mnist/cnn1_exp/occ/eps_1,1,5/advStd_cnn1_N1_model_seed42_itr20/63912244872395_n2_cnn1_occ_1.0,1.0,5.0_ctag0_model_seed42_itr20_sgd_itr1_N2_advStd_branchPri_boundTight_n1ProbeLP_relaxT0.1_varHint_seed4_elimOrg0_elimPert6_HyperAttackHints_VagharDeps_PerturbedIntervals_cTag1.txt"
,,,,,,,,,,,,,,,,,,,,,,,,,,,,,,,,,,
cnn1,occ,"3,3,5",0,3,191.10,271.61,15.967411,16.021949,15.974700,16.118468,0.096519,no,off,no,yes,yes,no,off,0.1,elim not activated,elim not activated,1,6,4,1.42x,0.00,271.61,1.42x,0.054538,0.143768,OPTIMAL,OPTIMAL,"/root/Downloads/for_dana/vaghar_org/paper_experiments/mnist/cnn1_exp/occ/eps_3,3,5/vagharWithPerturbed_cnn1_seed42_itr20_sgd_itr1/63910321869758_cnn1_occ_3.0,3.0,5.0_ctag0__HyperAttackHints_VagharDeps_PertruebedIntervals_cTag1.txt","/root/Downloads/for_dana/vaghar_org/paper_experiments/mnist/cnn1_exp/occ/eps_3,3,5/advStd_cnn1_N1_model_seed42_itr20/63912208206683_n2_cnn1_occ_3.0,3.0,5.0_ctag0_model_seed42_itr20_sgd_itr1_N2_advStd_boundTight_relaxT0.1_varHint_seed4_HyperAttackHints_VagharDeps_PerturbedIntervals_cTag1.txt"
cnn1,occ,"3,3,5",0,3,191.10,1812.50,15.967411,16.021949,15.967185,27.447553,11.425603,no,bounds,no,yes,no,no,lp,0.01,0,5,1,3,4,9.48x,20.67,1833.17,9.59x,0.054538,11.480368,OPTIMAL,TIME_LIMIT,"/root/Downloads/for_dana/vaghar_org/paper_experiments/mnist/cnn1_exp/occ/eps_3,3,5/vagharWithPerturbed_cnn1_seed42_itr20_sgd_itr1/63910321869758_cnn1_occ_3.0,3.0,5.0_ctag0__HyperAttackHints_VagharDeps_PertruebedIntervals_cTag1.txt","/root/Downloads/for_dana/vaghar_org/paper_experiments/mnist/cnn1_exp/occ/eps_3,3,5/advStd_cnn1_N1_model_seed42_itr20/63912152500837_n2_cnn1_occ_3.0,3.0,5.0_ctag0_model_seed42_itr20_sgd_itr1_N2_advStd_branchPri_boundTight_n1ProbeLP_relaxT0.01_seed4_elimOrg0_elimPert5_HyperAttackHints_VagharDeps_PerturbedIntervals_cTag1.txt"
cnn1,occ,"3,3,5",0,3,191.10,1812.62,15.967411,16.021949,15.967765,27.496683,11.474733,no,bounds,no,yes,no,yes,off,0.01,elim not activated,elim not activated,1,3,4,9.49x,0.00,1812.62,9.49x,0.054538,11.528918,OPTIMAL,TIME_LIMIT,"/root/Downloads/for_dana/vaghar_org/paper_experiments/mnist/cnn1_exp/occ/eps_3,3,5/vagharWithPerturbed_cnn1_seed42_itr20_sgd_itr1/63910321869758_cnn1_occ_3.0,3.0,5.0_ctag0__HyperAttackHints_VagharDeps_PertruebedIntervals_cTag1.txt","/root/Downloads/for_dana/vaghar_org/paper_experiments/mnist/cnn1_exp/occ/eps_3,3,5/advStd_cnn1_N1_model_seed42_itr20/63912152648953_n2_cnn1_occ_3.0,3.0,5.0_ctag0_model_seed42_itr20_sgd_itr1_N2_advStd_branchPri_boundTight_zonoBounds_relaxT0.01_seed4_HyperAttackHints_VagharDeps_PerturbedIntervals_cTag1.txt"
,,,,,,,,,,,,,,,,,,,,,,,,,,,,,,,,,,
cnn1,occ,"3,3,5",0,4,367.16,422.42,10.867350,10.967109,10.907602,11.001411,0.034302,no,off,no,yes,yes,yes,lp,0.1,0,5,1,6,4,1.15x,41.70,464.12,1.26x,0.099759,0.093809,OPTIMAL,OPTIMAL,"/root/Downloads/for_dana/vaghar_org/paper_experiments/mnist/cnn1_exp/occ/eps_3,3,5/vagharWithPerturbed_cnn1_seed42_itr20_sgd_itr1/63910321869758_cnn1_occ_3.0,3.0,5.0_ctag0__HyperAttackHints_VagharDeps_PertruebedIntervals_cTag1.txt","/root/Downloads/for_dana/vaghar_org/paper_experiments/mnist/cnn1_exp/occ/eps_3,3,5/advStd_cnn1_N1_model_seed42_itr20/63912210927094_n2_cnn1_occ_3.0,3.0,5.0_ctag0_model_seed42_itr20_sgd_itr1_N2_advStd_boundTight_zonoBounds_n1ProbeLP_relaxT0.1_varHint_seed4_elimOrg0_elimPert5_HyperAttackHints_VagharDeps_PerturbedIntervals_cTag1.txt"
cnn1,occ,"3,3,5",0,4,367.16,437.16,10.867350,10.967109,10.904074,11.009544,0.042435,no,bounds,no,yes,yes,no,off,0.1,elim not activated,elim not activated,1,6,4,1.19x,0.00,437.16,1.19x,0.099759,0.105470,OPTIMAL,OPTIMAL,"/root/Downloads/for_dana/vaghar_org/paper_experiments/mnist/cnn1_exp/occ/eps_3,3,5/vagharWithPerturbed_cnn1_seed42_itr20_sgd_itr1/63910321869758_cnn1_occ_3.0,3.0,5.0_ctag0__HyperAttackHints_VagharDeps_PertruebedIntervals_cTag1.txt","/root/Downloads/for_dana/vaghar_org/paper_experiments/mnist/cnn1_exp/occ/eps_3,3,5/advStd_cnn1_N1_model_seed42_itr20/63912151939835_n2_cnn1_occ_3.0,3.0,5.0_ctag0_model_seed42_itr20_sgd_itr1_N2_advStd_branchPri_boundTight_relaxT0.1_varHint_seed4_HyperAttackHints_VagharDeps_PerturbedIntervals_cTag1.txt"
cnn1,occ,"3,3,5",0,4,367.16,487.03,10.867350,10.967109,10.904074,11.009544,0.042435,no,bounds,no,yes,yes,yes,off,0.1,elim not activated,elim not activated,1,6,4,1.33x,0.00,487.03,1.33x,0.099759,0.105470,OPTIMAL,OPTIMAL,"/root/Downloads/for_dana/vaghar_org/paper_experiments/mnist/cnn1_exp/occ/eps_3,3,5/vagharWithPerturbed_cnn1_seed42_itr20_sgd_itr1/63910321869758_cnn1_occ_3.0,3.0,5.0_ctag0__HyperAttackHints_VagharDeps_PertruebedIntervals_cTag1.txt","/root/Downloads/for_dana/vaghar_org/paper_experiments/mnist/cnn1_exp/occ/eps_3,3,5/advStd_cnn1_N1_model_seed42_itr20/63912152940199_n2_cnn1_occ_3.0,3.0,5.0_ctag0_model_seed42_itr20_sgd_itr1_N2_advStd_branchPri_boundTight_zonoBounds_relaxT0.1_varHint_seed4_HyperAttackHints_VagharDeps_PerturbedIntervals_cTag1.txt"
cnn1,occ,"3,3,5",0,4,367.16,530.06,10.867350,10.967109,10.904074,11.009544,0.042435,no,bounds,no,yes,yes,no,lp,0.1,0,5,1,6,4,1.44x,27.30,557.36,1.52x,0.099759,0.105470,OPTIMAL,OPTIMAL,"/root/Downloads/for_dana/vaghar_org/paper_experiments/mnist/cnn1_exp/occ/eps_3,3,5/vagharWithPerturbed_cnn1_seed42_itr20_sgd_itr1/63910321869758_cnn1_occ_3.0,3.0,5.0_ctag0__HyperAttackHints_VagharDeps_PertruebedIntervals_cTag1.txt","/root/Downloads/for_dana/vaghar_org/paper_experiments/mnist/cnn1_exp/occ/eps_3,3,5/advStd_cnn1_N1_model_seed42_itr20/63912212271484_n2_cnn1_occ_3.0,3.0,5.0_ctag0_model_seed42_itr20_sgd_itr1_N2_advStd_branchPri_boundTight_n1ProbeLP_relaxT0.1_varHint_seed4_elimOrg0_elimPert5_HyperAttackHints_VagharDeps_PerturbedIntervals_cTag1.txt"
cnn1,occ,"3,3,5",0,4,367.16,600.13,10.867350,10.967109,10.904074,11.009544,0.042435,no,bounds,no,yes,yes,yes,lp,0.1,0,5,1,6,4,1.63x,25.84,625.97,1.70x,0.099759,0.105470,OPTIMAL,OPTIMAL,"/root/Downloads/for_dana/vaghar_org/paper_experiments/mnist/cnn1_exp/occ/eps_3,3,5/vagharWithPerturbed_cnn1_seed42_itr20_sgd_itr1/63910321869758_cnn1_occ_3.0,3.0,5.0_ctag0__HyperAttackHints_VagharDeps_PertruebedIntervals_cTag1.txt","/root/Downloads/for_dana/vaghar_org/paper_experiments/mnist/cnn1_exp/occ/eps_3,3,5/advStd_cnn1_N1_model_seed42_itr20/63912154532094_n2_cnn1_occ_3.0,3.0,5.0_ctag0_model_seed42_itr20_sgd_itr1_N2_advStd_branchPri_boundTight_zonoBounds_n1ProbeLP_relaxT0.1_varHint_seed4_elimOrg0_elimPert5_HyperAttackHints_VagharDeps_PerturbedIntervals_cTag1.txt"
cnn1,occ,"3,3,5",0,4,367.16,806.62,10.867350,10.967109,10.914787,11.001996,0.034887,no,bounds,no,yes,no,yes,off,0.1,elim not activated,elim not activated,1,6,4,2.20x,0.00,806.62,2.20x,0.099759,0.087209,OPTIMAL,OPTIMAL,"/root/Downloads/for_dana/vaghar_org/paper_experiments/mnist/cnn1_exp/occ/eps_3,3,5/vagharWithPerturbed_cnn1_seed42_itr20_sgd_itr1/63910321869758_cnn1_occ_3.0,3.0,5.0_ctag0__HyperAttackHints_VagharDeps_PertruebedIntervals_cTag1.txt","/root/Downloads/for_dana/vaghar_org/paper_experiments/mnist/cnn1_exp/occ/eps_3,3,5/advStd_cnn1_N1_model_seed42_itr20/63912212570474_n2_cnn1_occ_3.0,3.0,5.0_ctag0_model_seed42_itr20_sgd_itr1_N2_advStd_branchPri_boundTight_zonoBounds_relaxT0.1_seed4_HyperAttackHints_VagharDeps_PerturbedIntervals_cTag1.txt"
cnn1,occ,"3,3,5",0,4,367.16,865.62,10.867350,10.967109,10.914787,11.001996,0.034887,no,bounds,no,yes,no,no,off,0.1,elim not activated,elim not activated,1,6,4,2.36x,0.00,865.62,2.36x,0.099759,0.087209,OPTIMAL,OPTIMAL,"/root/Downloads/for_dana/vaghar_org/paper_experiments/mnist/cnn1_exp/occ/eps_3,3,5/vagharWithPerturbed_cnn1_seed42_itr20_sgd_itr1/63910321869758_cnn1_occ_3.0,3.0,5.0_ctag0__HyperAttackHints_VagharDeps_PertruebedIntervals_cTag1.txt","/root/Downloads/for_dana/vaghar_org/paper_experiments/mnist/cnn1_exp/occ/eps_3,3,5/advStd_cnn1_N1_model_seed42_itr20/63912151090724_n2_cnn1_occ_3.0,3.0,5.0_ctag0_model_seed42_itr20_sgd_itr1_N2_advStd_branchPri_boundTight_relaxT0.1_seed4_HyperAttackHints_VagharDeps_PerturbedIntervals_cTag1.txt"
cnn1,occ,"3,3,5",0,4,367.16,871.79,10.867350,10.967109,10.914787,11.001996,0.034887,no,bounds,no,yes,no,no,lp,0.1,0,5,1,6,4,2.37x,30.01,901.80,2.46x,0.099759,0.087209,OPTIMAL,OPTIMAL,"/root/Downloads/for_dana/vaghar_org/paper_experiments/mnist/cnn1_exp/occ/eps_3,3,5/vagharWithPerturbed_cnn1_seed42_itr20_sgd_itr1/63910321869758_cnn1_occ_3.0,3.0,5.0_ctag0__HyperAttackHints_VagharDeps_PertruebedIntervals_cTag1.txt","/root/Downloads/for_dana/vaghar_org/paper_experiments/mnist/cnn1_exp/occ/eps_3,3,5/advStd_cnn1_N1_model_seed42_itr20/63912211894187_n2_cnn1_occ_3.0,3.0,5.0_ctag0_model_seed42_itr20_sgd_itr1_N2_advStd_branchPri_boundTight_n1ProbeLP_relaxT0.1_seed4_elimOrg0_elimPert5_HyperAttackHints_VagharDeps_PerturbedIntervals_cTag1.txt"
cnn1,occ,"3,3,5",0,4,367.16,946.33,10.867350,10.967109,10.914787,11.001996,0.034887,no,bounds,no,yes,no,yes,lp,0.1,0,5,1,6,4,2.58x,38.40,984.73,2.68x,0.099759,0.087209,OPTIMAL,OPTIMAL,"/root/Downloads/for_dana/vaghar_org/paper_experiments/mnist/cnn1_exp/occ/eps_3,3,5/vagharWithPerturbed_cnn1_seed42_itr20_sgd_itr1/63910321869758_cnn1_occ_3.0,3.0,5.0_ctag0__HyperAttackHints_VagharDeps_PertruebedIntervals_cTag1.txt","/root/Downloads/for_dana/vaghar_org/paper_experiments/mnist/cnn1_exp/occ/eps_3,3,5/advStd_cnn1_N1_model_seed42_itr20/63912154520264_n2_cnn1_occ_3.0,3.0,5.0_ctag0_model_seed42_itr20_sgd_itr1_N2_advStd_branchPri_boundTight_zonoBounds_n1ProbeLP_relaxT0.1_seed4_elimOrg0_elimPert5_HyperAttackHints_VagharDeps_PerturbedIntervals_cTag1.txt"
cnn1,occ,"3,3,5",0,4,367.16,956.67,10.867350,10.967109,10.892238,10.994342,0.027233,no,bounds,no,yes,yes,yes,off,0.01,elim not activated,elim not activated,1,3,4,2.61x,0.00,956.67,2.61x,0.099759,0.102104,OPTIMAL,OPTIMAL,"/root/Downloads/for_dana/vaghar_org/paper_experiments/mnist/cnn1_exp/occ/eps_3,3,5/vagharWithPerturbed_cnn1_seed42_itr20_sgd_itr1/63910321869758_cnn1_occ_3.0,3.0,5.0_ctag0__HyperAttackHints_VagharDeps_PertruebedIntervals_cTag1.txt","/root/Downloads/for_dana/vaghar_org/paper_experiments/mnist/cnn1_exp/occ/eps_3,3,5/advStd_cnn1_N1_model_seed42_itr20/63912152865456_n2_cnn1_occ_3.0,3.0,5.0_ctag0_model_seed42_itr20_sgd_itr1_N2_advStd_branchPri_boundTight_zonoBounds_relaxT0.01_varHint_seed4_HyperAttackHints_VagharDeps_PerturbedIntervals_cTag1.txt"
cnn1,occ,"3,3,5",0,4,367.16,1026.15,10.867350,10.967109,10.906506,11.004409,0.037300,no,bounds,no,yes,no,no,lp,0.01,0,5,1,3,4,2.79x,20.67,1046.82,2.85x,0.099759,0.097903,OPTIMAL,OPTIMAL,"/root/Downloads/for_dana/vaghar_org/paper_experiments/mnist/cnn1_exp/occ/eps_3,3,5/vagharWithPerturbed_cnn1_seed42_itr20_sgd_itr1/63910321869758_cnn1_occ_3.0,3.0,5.0_ctag0__HyperAttackHints_VagharDeps_PertruebedIntervals_cTag1.txt","/root/Downloads/for_dana/vaghar_org/paper_experiments/mnist/cnn1_exp/occ/eps_3,3,5/advStd_cnn1_N1_model_seed42_itr20/63912152500837_n2_cnn1_occ_3.0,3.0,5.0_ctag0_model_seed42_itr20_sgd_itr1_N2_advStd_branchPri_boundTight_n1ProbeLP_relaxT0.01_seed4_elimOrg0_elimPert5_HyperAttackHints_VagharDeps_PerturbedIntervals_cTag1.txt"
cnn1,occ,"3,3,5",0,4,367.16,1547.48,10.867350,10.967109,10.923963,11.009659,0.042550,no,bounds,no,yes,no,yes,off,0.01,elim not activated,elim not activated,1,3,4,4.21x,0.00,1547.48,4.21x,0.099759,0.085696,OPTIMAL,OPTIMAL,"/root/Downloads/for_dana/vaghar_org/paper_experiments/mnist/cnn1_exp/occ/eps_3,3,5/vagharWithPerturbed_cnn1_seed42_itr20_sgd_itr1/63910321869758_cnn1_occ_3.0,3.0,5.0_ctag0__HyperAttackHints_VagharDeps_PertruebedIntervals_cTag1.txt","/root/Downloads/for_dana/vaghar_org/paper_experiments/mnist/cnn1_exp/occ/eps_3,3,5/advStd_cnn1_N1_model_seed42_itr20/63912152648953_n2_cnn1_occ_3.0,3.0,5.0_ctag0_model_seed42_itr20_sgd_itr1_N2_advStd_branchPri_boundTight_zonoBounds_relaxT0.01_seed4_HyperAttackHints_VagharDeps_PerturbedIntervals_cTag1.txt"
,,,,,,,,,,,,,,,,,,,,,,,,,,,,,,,,,,
cnn1,occ,"3,3,5",0,5,134.16,150.53,8.632793,8.633531,8.641866,8.709311,0.075780,no,off,no,yes,yes,no,lp,0.1,0,5,1,6,4,1.12x,37.04,187.57,1.40x,0.000739,0.067445,OPTIMAL,OPTIMAL,"/root/Downloads/for_dana/vaghar_org/paper_experiments/mnist/cnn1_exp/occ/eps_3,3,5/vagharWithPerturbed_cnn1_seed42_itr20_sgd_itr1/63910321869758_cnn1_occ_3.0,3.0,5.0_ctag0__HyperAttackHints_VagharDeps_PertruebedIntervals_cTag1.txt","/root/Downloads/for_dana/vaghar_org/paper_experiments/mnist/cnn1_exp/occ/eps_3,3,5/advStd_cnn1_N1_model_seed42_itr20/63912211136093_n2_cnn1_occ_3.0,3.0,5.0_ctag0_model_seed42_itr20_sgd_itr1_N2_advStd_boundTight_n1ProbeLP_relaxT0.1_varHint_seed4_elimOrg0_elimPert5_HyperAttackHints_VagharDeps_PerturbedIntervals_cTag1.txt"
cnn1,occ,"3,3,5",0,5,134.16,177.08,8.632793,8.633531,8.641863,8.712583,0.079051,no,bounds,no,yes,yes,no,lp,0.1,0,5,1,6,4,1.32x,27.30,204.38,1.52x,0.000739,0.070720,OPTIMAL,OPTIMAL,"/root/Downloads/for_dana/vaghar_org/paper_experiments/mnist/cnn1_exp/occ/eps_3,3,5/vagharWithPerturbed_cnn1_seed42_itr20_sgd_itr1/63910321869758_cnn1_occ_3.0,3.0,5.0_ctag0__HyperAttackHints_VagharDeps_PertruebedIntervals_cTag1.txt","/root/Downloads/for_dana/vaghar_org/paper_experiments/mnist/cnn1_exp/occ/eps_3,3,5/advStd_cnn1_N1_model_seed42_itr20/63912212271484_n2_cnn1_occ_3.0,3.0,5.0_ctag0_model_seed42_itr20_sgd_itr1_N2_advStd_branchPri_boundTight_n1ProbeLP_relaxT0.1_varHint_seed4_elimOrg0_elimPert5_HyperAttackHints_VagharDeps_PerturbedIntervals_cTag1.txt"
cnn1,occ,"3,3,5",0,5,134.16,209.39,8.632793,8.633531,8.641863,8.712583,0.079051,no,bounds,no,yes,yes,yes,lp,0.1,0,5,1,6,4,1.56x,25.84,235.24,1.75x,0.000739,0.070720,OPTIMAL,OPTIMAL,"/root/Downloads/for_dana/vaghar_org/paper_experiments/mnist/cnn1_exp/occ/eps_3,3,5/vagharWithPerturbed_cnn1_seed42_itr20_sgd_itr1/63910321869758_cnn1_occ_3.0,3.0,5.0_ctag0__HyperAttackHints_VagharDeps_PertruebedIntervals_cTag1.txt","/root/Downloads/for_dana/vaghar_org/paper_experiments/mnist/cnn1_exp/occ/eps_3,3,5/advStd_cnn1_N1_model_seed42_itr20/63912154532094_n2_cnn1_occ_3.0,3.0,5.0_ctag0_model_seed42_itr20_sgd_itr1_N2_advStd_branchPri_boundTight_zonoBounds_n1ProbeLP_relaxT0.1_varHint_seed4_elimOrg0_elimPert5_HyperAttackHints_VagharDeps_PerturbedIntervals_cTag1.txt"
cnn1,occ,"3,3,5",0,5,134.16,214.17,8.632793,8.633531,8.633204,8.711259,0.077727,no,off,no,yes,yes,yes,lp,0.01,0,5,1,3,4,1.60x,21.01,235.18,1.75x,0.000739,0.078055,OPTIMAL,OPTIMAL,"/root/Downloads/for_dana/vaghar_org/paper_experiments/mnist/cnn1_exp/occ/eps_3,3,5/vagharWithPerturbed_cnn1_seed42_itr20_sgd_itr1/63910321869758_cnn1_occ_3.0,3.0,5.0_ctag0__HyperAttackHints_VagharDeps_PertruebedIntervals_cTag1.txt","/root/Downloads/for_dana/vaghar_org/paper_experiments/mnist/cnn1_exp/occ/eps_3,3,5/advStd_cnn1_N1_model_seed42_itr20/63912150942111_n2_cnn1_occ_3.0,3.0,5.0_ctag0_model_seed42_itr20_sgd_itr1_N2_advStd_boundTight_zonoBounds_n1ProbeLP_relaxT0.01_varHint_seed4_elimOrg0_elimPert5_HyperAttackHints_VagharDeps_PerturbedIntervals_cTag1.txt"
cnn1,occ,"3,3,5",0,5,134.16,276.92,8.632793,8.633531,8.630043,8.679059,0.045527,no,bounds,no,yes,no,yes,off,0.01,elim not activated,elim not activated,1,3,4,2.06x,0.00,276.92,2.06x,0.000739,0.049016,OPTIMAL,OPTIMAL,"/root/Downloads/for_dana/vaghar_org/paper_experiments/mnist/cnn1_exp/occ/eps_3,3,5/vagharWithPerturbed_cnn1_seed42_itr20_sgd_itr1/63910321869758_cnn1_occ_3.0,3.0,5.0_ctag0__HyperAttackHints_VagharDeps_PertruebedIntervals_cTag1.txt","/root/Downloads/for_dana/vaghar_org/paper_experiments/mnist/cnn1_exp/occ/eps_3,3,5/advStd_cnn1_N1_model_seed42_itr20/63912152648953_n2_cnn1_occ_3.0,3.0,5.0_ctag0_model_seed42_itr20_sgd_itr1_N2_advStd_branchPri_boundTight_zonoBounds_relaxT0.01_seed4_HyperAttackHints_VagharDeps_PerturbedIntervals_cTag1.txt"
cnn1,occ,"3,3,5",0,5,134.16,290.10,8.632793,8.633531,8.633123,8.718662,0.085131,no,off,no,yes,yes,yes,off,0.01,elim not activated,elim not activated,1,3,4,2.16x,0.00,290.10,2.16x,0.000739,0.085540,OPTIMAL,OPTIMAL,"/root/Downloads/for_dana/vaghar_org/paper_experiments/mnist/cnn1_exp/occ/eps_3,3,5/vagharWithPerturbed_cnn1_seed42_itr20_sgd_itr1/63910321869758_cnn1_occ_3.0,3.0,5.0_ctag0__HyperAttackHints_VagharDeps_PertruebedIntervals_cTag1.txt","/root/Downloads/for_dana/vaghar_org/paper_experiments/mnist/cnn1_exp/occ/eps_3,3,5/advStd_cnn1_N1_model_seed42_itr20/63912149555080_n2_cnn1_occ_3.0,3.0,5.0_ctag0_model_seed42_itr20_sgd_itr1_N2_advStd_boundTight_zonoBounds_relaxT0.01_varHint_seed4_HyperAttackHints_VagharDeps_PerturbedIntervals_cTag1.txt"
cnn1,occ,"3,3,5",0,5,134.16,290.63,8.632793,8.633531,8.562973,8.637265,0.003734,no,bounds,no,yes,no,no,lp,0.01,0,5,1,3,4,2.17x,20.67,311.29,2.32x,0.000739,0.074292,OPTIMAL,OPTIMAL,"/root/Downloads/for_dana/vaghar_org/paper_experiments/mnist/cnn1_exp/occ/eps_3,3,5/vagharWithPerturbed_cnn1_seed42_itr20_sgd_itr1/63910321869758_cnn1_occ_3.0,3.0,5.0_ctag0__HyperAttackHints_VagharDeps_PertruebedIntervals_cTag1.txt","/root/Downloads/for_dana/vaghar_org/paper_experiments/mnist/cnn1_exp/occ/eps_3,3,5/advStd_cnn1_N1_model_seed42_itr20/63912152500837_n2_cnn1_occ_3.0,3.0,5.0_ctag0_model_seed42_itr20_sgd_itr1_N2_advStd_branchPri_boundTight_n1ProbeLP_relaxT0.01_seed4_elimOrg0_elimPert5_HyperAttackHints_VagharDeps_PerturbedIntervals_cTag1.txt"
cnn1,occ,"3,3,5",0,5,134.16,339.66,8.632793,8.633531,8.641878,8.641883,0.008351,no,bounds,no,yes,no,yes,off,0.1,elim not activated,elim not activated,1,6,4,2.53x,0.00,339.66,2.53x,0.000739,0.000005,OPTIMAL,OPTIMAL,"/root/Downloads/for_dana/vaghar_org/paper_experiments/mnist/cnn1_exp/occ/eps_3,3,5/vagharWithPerturbed_cnn1_seed42_itr20_sgd_itr1/63910321869758_cnn1_occ_3.0,3.0,5.0_ctag0__HyperAttackHints_VagharDeps_PertruebedIntervals_cTag1.txt","/root/Downloads/for_dana/vaghar_org/paper_experiments/mnist/cnn1_exp/occ/eps_3,3,5/advStd_cnn1_N1_model_seed42_itr20/63912212570474_n2_cnn1_occ_3.0,3.0,5.0_ctag0_model_seed42_itr20_sgd_itr1_N2_advStd_branchPri_boundTight_zonoBounds_relaxT0.1_seed4_HyperAttackHints_VagharDeps_PerturbedIntervals_cTag1.txt"
cnn1,occ,"3,3,5",0,5,134.16,362.02,8.632793,8.633531,8.633119,8.714438,0.080906,no,bounds,no,yes,yes,yes,off,0.01,elim not activated,elim not activated,1,3,4,2.70x,0.00,362.02,2.70x,0.000739,0.081319,OPTIMAL,OPTIMAL,"/root/Downloads/for_dana/vaghar_org/paper_experiments/mnist/cnn1_exp/occ/eps_3,3,5/vagharWithPerturbed_cnn1_seed42_itr20_sgd_itr1/63910321869758_cnn1_occ_3.0,3.0,5.0_ctag0__HyperAttackHints_VagharDeps_PertruebedIntervals_cTag1.txt","/root/Downloads/for_dana/vaghar_org/paper_experiments/mnist/cnn1_exp/occ/eps_3,3,5/advStd_cnn1_N1_model_seed42_itr20/63912152865456_n2_cnn1_occ_3.0,3.0,5.0_ctag0_model_seed42_itr20_sgd_itr1_N2_advStd_branchPri_boundTight_zonoBounds_relaxT0.01_varHint_seed4_HyperAttackHints_VagharDeps_PerturbedIntervals_cTag1.txt"
cnn1,occ,"3,3,5",0,5,134.16,384.77,8.632793,8.633531,8.602310,8.668841,0.035309,no,bounds,no,yes,no,yes,lp,0.1,0,5,1,6,4,2.87x,38.40,423.17,3.15x,0.000739,0.066531,OPTIMAL,OPTIMAL,"/root/Downloads/for_dana/vaghar_org/paper_experiments/mnist/cnn1_exp/occ/eps_3,3,5/vagharWithPerturbed_cnn1_seed42_itr20_sgd_itr1/63910321869758_cnn1_occ_3.0,3.0,5.0_ctag0__HyperAttackHints_VagharDeps_PertruebedIntervals_cTag1.txt","/root/Downloads/for_dana/vaghar_org/paper_experiments/mnist/cnn1_exp/occ/eps_3,3,5/advStd_cnn1_N1_model_seed42_itr20/63912154520264_n2_cnn1_occ_3.0,3.0,5.0_ctag0_model_seed42_itr20_sgd_itr1_N2_advStd_branchPri_boundTight_zonoBounds_n1ProbeLP_relaxT0.1_seed4_elimOrg0_elimPert5_HyperAttackHints_VagharDeps_PerturbedIntervals_cTag1.txt"
cnn1,occ,"3,3,5",0,5,134.16,400.56,8.632793,8.633531,8.602310,8.668841,0.035309,no,bounds,no,yes,no,no,lp,0.1,0,5,1,6,4,2.99x,30.01,430.57,3.21x,0.000739,0.066531,OPTIMAL,OPTIMAL,"/root/Downloads/for_dana/vaghar_org/paper_experiments/mnist/cnn1_exp/occ/eps_3,3,5/vagharWithPerturbed_cnn1_seed42_itr20_sgd_itr1/63910321869758_cnn1_occ_3.0,3.0,5.0_ctag0__HyperAttackHints_VagharDeps_PertruebedIntervals_cTag1.txt","/root/Downloads/for_dana/vaghar_org/paper_experiments/mnist/cnn1_exp/occ/eps_3,3,5/advStd_cnn1_N1_model_seed42_itr20/63912211894187_n2_cnn1_occ_3.0,3.0,5.0_ctag0_model_seed42_itr20_sgd_itr1_N2_advStd_branchPri_boundTight_n1ProbeLP_relaxT0.1_seed4_elimOrg0_elimPert5_HyperAttackHints_VagharDeps_PerturbedIntervals_cTag1.txt"
cnn1,occ,"3,3,5",0,5,134.16,573.19,8.632793,8.633531,8.641878,8.641883,0.008351,no,bounds,no,yes,no,no,off,0.1,elim not activated,elim not activated,1,6,4,4.27x,0.00,573.19,4.27x,0.000739,0.000005,OPTIMAL,OPTIMAL,"/root/Downloads/for_dana/vaghar_org/paper_experiments/mnist/cnn1_exp/occ/eps_3,3,5/vagharWithPerturbed_cnn1_seed42_itr20_sgd_itr1/63910321869758_cnn1_occ_3.0,3.0,5.0_ctag0__HyperAttackHints_VagharDeps_PertruebedIntervals_cTag1.txt","/root/Downloads/for_dana/vaghar_org/paper_experiments/mnist/cnn1_exp/occ/eps_3,3,5/advStd_cnn1_N1_model_seed42_itr20/63912151090724_n2_cnn1_occ_3.0,3.0,5.0_ctag0_model_seed42_itr20_sgd_itr1_N2_advStd_branchPri_boundTight_relaxT0.1_seed4_HyperAttackHints_VagharDeps_PerturbedIntervals_cTag1.txt"
cnn1,occ,"3,3,5",0,5,134.16,594.49,8.632793,8.633531,8.641871,8.720466,0.086934,no,bounds,no,yes,yes,yes,off,0.1,elim not activated,elim not activated,1,6,4,4.43x,0.00,594.49,4.43x,0.000739,0.078595,OPTIMAL,OPTIMAL,"/root/Downloads/for_dana/vaghar_org/paper_experiments/mnist/cnn1_exp/occ/eps_3,3,5/vagharWithPerturbed_cnn1_seed42_itr20_sgd_itr1/63910321869758_cnn1_occ_3.0,3.0,5.0_ctag0__HyperAttackHints_VagharDeps_PertruebedIntervals_cTag1.txt","/root/Downloads/for_dana/vaghar_org/paper_experiments/mnist/cnn1_exp/occ/eps_3,3,5/advStd_cnn1_N1_model_seed42_itr20/63912152940199_n2_cnn1_occ_3.0,3.0,5.0_ctag0_model_seed42_itr20_sgd_itr1_N2_advStd_branchPri_boundTight_zonoBounds_relaxT0.1_varHint_seed4_HyperAttackHints_VagharDeps_PerturbedIntervals_cTag1.txt"
cnn1,occ,"3,3,5",0,5,134.16,622.66,8.632793,8.633531,8.641871,8.720466,0.086934,no,bounds,no,yes,yes,no,off,0.1,elim not activated,elim not activated,1,6,4,4.64x,0.00,622.66,4.64x,0.000739,0.078595,OPTIMAL,OPTIMAL,"/root/Downloads/for_dana/vaghar_org/paper_experiments/mnist/cnn1_exp/occ/eps_3,3,5/vagharWithPerturbed_cnn1_seed42_itr20_sgd_itr1/63910321869758_cnn1_occ_3.0,3.0,5.0_ctag0__HyperAttackHints_VagharDeps_PertruebedIntervals_cTag1.txt","/root/Downloads/for_dana/vaghar_org/paper_experiments/mnist/cnn1_exp/occ/eps_3,3,5/advStd_cnn1_N1_model_seed42_itr20/63912151939835_n2_cnn1_occ_3.0,3.0,5.0_ctag0_model_seed42_itr20_sgd_itr1_N2_advStd_branchPri_boundTight_relaxT0.1_varHint_seed4_HyperAttackHints_VagharDeps_PerturbedIntervals_cTag1.txt"
,,,,,,,,,,,,,,,,,,,,,,,,,,,,,,,,,,
cnn1,occ,"5,5,5",0,3,42.18,44.00,12.546487,12.669380,12.628600,12.752634,0.083254,no,off,no,yes,yes,yes,off,0.1,elim not activated,elim not activated,1,2,4,1.04x,0.00,44.00,1.04x,0.122893,0.124034,OPTIMAL,OPTIMAL,"/root/Downloads/for_dana/vaghar_org/paper_experiments/mnist/cnn1_exp/occ/eps_5,5,5/vagharWithPerturbed_cnn1_seed42_itr20_sgd_itr1/63910321839332_cnn1_occ_5.0,5.0,5.0_ctag0__HyperAttackHints_VagharDeps_PertruebedIntervals_cTag1.txt","/root/Downloads/for_dana/vaghar_org/paper_experiments/mnist/cnn1_exp/occ/eps_5,5,5/advStd_cnn1_N1_model_seed42_itr20/63912141385707_n2_cnn1_occ_5.0,5.0,5.0_ctag0_model_seed42_itr20_sgd_itr1_N2_advStd_boundTight_zonoBounds_relaxT0.1_varHint_seed4_HyperAttackHints_VagharDeps_PerturbedIntervals_cTag1.txt"
cnn1,occ,"5,5,5",0,3,42.18,43.99,12.546487,12.669380,12.628600,12.691965,0.022585,no,off,no,yes,yes,yes,off,0.01,elim not activated,elim not activated,1,1,4,1.04x,0.00,43.99,1.04x,0.122893,0.063365,OPTIMAL,OPTIMAL,"/root/Downloads/for_dana/vaghar_org/paper_experiments/mnist/cnn1_exp/occ/eps_5,5,5/vagharWithPerturbed_cnn1_seed42_itr20_sgd_itr1/63910321839332_cnn1_occ_5.0,5.0,5.0_ctag0__HyperAttackHints_VagharDeps_PertruebedIntervals_cTag1.txt","/root/Downloads/for_dana/vaghar_org/paper_experiments/mnist/cnn1_exp/occ/eps_5,5,5/advStd_cnn1_N1_model_seed42_itr20/63912141385827_n2_cnn1_occ_5.0,5.0,5.0_ctag0_model_seed42_itr20_sgd_itr1_N2_advStd_boundTight_zonoBounds_relaxT0.01_varHint_seed4_HyperAttackHints_VagharDeps_PerturbedIntervals_cTag1.txt"
cnn1,occ,"5,5,5",0,3,42.18,49.75,12.546487,12.669380,12.628602,12.628603,-0.040777,no,off,no,yes,no,yes,lp,0.01,0,0,1,1,4,1.18x,22.47,72.22,1.71x,0.122893,0.000001,OPTIMAL,OPTIMAL,"/root/Downloads/for_dana/vaghar_org/paper_experiments/mnist/cnn1_exp/occ/eps_5,5,5/vagharWithPerturbed_cnn1_seed42_itr20_sgd_itr1/63910321839332_cnn1_occ_5.0,5.0,5.0_ctag0__HyperAttackHints_VagharDeps_PertruebedIntervals_cTag1.txt","/root/Downloads/for_dana/vaghar_org/paper_experiments/mnist/cnn1_exp/occ/eps_5,5,5/advStd_cnn1_N1_model_seed42_itr20/63912141482854_n2_cnn1_occ_5.0,5.0,5.0_ctag0_model_seed42_itr20_sgd_itr1_N2_advStd_boundTight_zonoBounds_n1ProbeLP_relaxT0.01_seed4_elimOrg0_elimPert0_HyperAttackHints_VagharDeps_PerturbedIntervals_cTag1.txt"
cnn1,occ,"5,5,5",0,3,42.18,50.72,12.546487,12.669380,12.628602,12.628603,-0.040777,no,off,no,yes,no,yes,off,0.01,elim not activated,elim not activated,1,1,4,1.20x,0.00,50.72,1.20x,0.122893,0.000001,OPTIMAL,OPTIMAL,"/root/Downloads/for_dana/vaghar_org/paper_experiments/mnist/cnn1_exp/occ/eps_5,5,5/vagharWithPerturbed_cnn1_seed42_itr20_sgd_itr1/63910321839332_cnn1_occ_5.0,5.0,5.0_ctag0__HyperAttackHints_VagharDeps_PertruebedIntervals_cTag1.txt","/root/Downloads/for_dana/vaghar_org/paper_experiments/mnist/cnn1_exp/occ/eps_5,5,5/advStd_cnn1_N1_model_seed42_itr20/63912141131052_n2_cnn1_occ_5.0,5.0,5.0_ctag0_model_seed42_itr20_sgd_itr1_N2_advStd_boundTight_zonoBounds_relaxT0.01_seed4_HyperAttackHints_VagharDeps_PerturbedIntervals_cTag1.txt"
cnn1,occ,"5,5,5",0,3,42.18,65.87,12.546487,12.669380,12.628602,12.628603,-0.040777,no,off,no,yes,no,no,off,0.01,elim not activated,elim not activated,1,1,4,1.56x,0.00,65.87,1.56x,0.122893,0.000001,OPTIMAL,OPTIMAL,"/root/Downloads/for_dana/vaghar_org/paper_experiments/mnist/cnn1_exp/occ/eps_5,5,5/vagharWithPerturbed_cnn1_seed42_itr20_sgd_itr1/63910321839332_cnn1_occ_5.0,5.0,5.0_ctag0__HyperAttackHints_VagharDeps_PertruebedIntervals_cTag1.txt","/root/Downloads/for_dana/vaghar_org/paper_experiments/mnist/cnn1_exp/occ/eps_5,5,5/advStd_cnn1_N1_model_seed42_itr20/63912135444238_n2_cnn1_occ_5.0,5.0,5.0_ctag0_model_seed42_itr20_sgd_itr1_N2_advStd_boundTight_relaxT0.01_seed4_HyperAttackHints_VagharDeps_PerturbedIntervals_cTag1.txt"
cnn1,occ,"5,5,5",0,3,42.18,74.73,12.546487,12.669380,12.628600,12.752634,0.083254,no,off,no,yes,yes,no,off,0.1,elim not activated,elim not activated,1,2,4,1.77x,0.00,74.73,1.77x,0.122893,0.124034,OPTIMAL,OPTIMAL,"/root/Downloads/for_dana/vaghar_org/paper_experiments/mnist/cnn1_exp/occ/eps_5,5,5/vagharWithPerturbed_cnn1_seed42_itr20_sgd_itr1/63910321839332_cnn1_occ_5.0,5.0,5.0_ctag0__HyperAttackHints_VagharDeps_PertruebedIntervals_cTag1.txt","/root/Downloads/for_dana/vaghar_org/paper_experiments/mnist/cnn1_exp/occ/eps_5,5,5/advStd_cnn1_N1_model_seed42_itr20/63912204731650_n2_cnn1_occ_5.0,5.0,5.0_ctag0_model_seed42_itr20_sgd_itr1_N2_advStd_boundTight_relaxT0.1_varHint_seed4_HyperAttackHints_VagharDeps_PerturbedIntervals_cTag1.txt"
cnn1,occ,"5,5,5",0,3,42.18,86.20,12.546487,12.669380,12.628600,12.752634,0.083254,no,off,no,yes,yes,no,lp,0.1,0,0,1,2,4,2.04x,25.94,112.14,2.66x,0.122893,0.124034,OPTIMAL,OPTIMAL,"/root/Downloads/for_dana/vaghar_org/paper_experiments/mnist/cnn1_exp/occ/eps_5,5,5/vagharWithPerturbed_cnn1_seed42_itr20_sgd_itr1/63910321839332_cnn1_occ_5.0,5.0,5.0_ctag0__HyperAttackHints_VagharDeps_PertruebedIntervals_cTag1.txt","/root/Downloads/for_dana/vaghar_org/paper_experiments/mnist/cnn1_exp/occ/eps_5,5,5/advStd_cnn1_N1_model_seed42_itr20/63912204767750_n2_cnn1_occ_5.0,5.0,5.0_ctag0_model_seed42_itr20_sgd_itr1_N2_advStd_boundTight_n1ProbeLP_relaxT0.1_varHint_seed4_elimOrg0_elimPert0_HyperAttackHints_VagharDeps_PerturbedIntervals_cTag1.txt"
cnn1,occ,"5,5,5",0,3,42.18,90.96,12.546487,12.669380,12.628599,12.628599,-0.040781,no,off,no,yes,no,yes,lp,0.1,0,0,1,2,4,2.16x,24.97,115.93,2.75x,0.122893,0.000000,OPTIMAL,OPTIMAL,"/root/Downloads/for_dana/vaghar_org/paper_experiments/mnist/cnn1_exp/occ/eps_5,5,5/vagharWithPerturbed_cnn1_seed42_itr20_sgd_itr1/63910321839332_cnn1_occ_5.0,5.0,5.0_ctag0__HyperAttackHints_VagharDeps_PertruebedIntervals_cTag1.txt","/root/Downloads/for_dana/vaghar_org/paper_experiments/mnist/cnn1_exp/occ/eps_5,5,5/advStd_cnn1_N1_model_seed42_itr20/63912141546184_n2_cnn1_occ_5.0,5.0,5.0_ctag0_model_seed42_itr20_sgd_itr1_N2_advStd_boundTight_zonoBounds_n1ProbeLP_relaxT0.1_seed4_elimOrg0_elimPert0_HyperAttackHints_VagharDeps_PerturbedIntervals_cTag1.txt"
cnn1,occ,"5,5,5",0,3,42.18,93.34,12.546487,12.669380,12.628600,12.752634,0.083254,no,off,no,yes,yes,yes,lp,0.1,0,0,1,2,4,2.21x,27.45,120.79,2.86x,0.122893,0.124034,OPTIMAL,OPTIMAL,"/root/Downloads/for_dana/vaghar_org/paper_experiments/mnist/cnn1_exp/occ/eps_5,5,5/vagharWithPerturbed_cnn1_seed42_itr20_sgd_itr1/63910321839332_cnn1_occ_5.0,5.0,5.0_ctag0__HyperAttackHints_VagharDeps_PertruebedIntervals_cTag1.txt","/root/Downloads/for_dana/vaghar_org/paper_experiments/mnist/cnn1_exp/occ/eps_5,5,5/advStd_cnn1_N1_model_seed42_itr20/63912204763063_n2_cnn1_occ_5.0,5.0,5.0_ctag0_model_seed42_itr20_sgd_itr1_N2_advStd_boundTight_zonoBounds_n1ProbeLP_relaxT0.1_varHint_seed4_elimOrg0_elimPert0_HyperAttackHints_VagharDeps_PerturbedIntervals_cTag1.txt"
cnn1,occ,"5,5,5",0,3,42.18,130.95,12.546487,12.669380,12.628599,12.628599,-0.040781,no,off,no,yes,no,no,lp,0.1,0,0,1,2,4,3.10x,22.68,153.63,3.64x,0.122893,0.000000,OPTIMAL,OPTIMAL,"/root/Downloads/for_dana/vaghar_org/paper_experiments/mnist/cnn1_exp/occ/eps_5,5,5/vagharWithPerturbed_cnn1_seed42_itr20_sgd_itr1/63910321839332_cnn1_occ_5.0,5.0,5.0_ctag0__HyperAttackHints_VagharDeps_PertruebedIntervals_cTag1.txt","/root/Downloads/for_dana/vaghar_org/paper_experiments/mnist/cnn1_exp/occ/eps_5,5,5/advStd_cnn1_N1_model_seed42_itr20/63912139708036_n2_cnn1_occ_5.0,5.0,5.0_ctag0_model_seed42_itr20_sgd_itr1_N2_advStd_boundTight_n1ProbeLP_relaxT0.1_seed4_elimOrg0_elimPert0_HyperAttackHints_VagharDeps_PerturbedIntervals_cTag1.txt"
cnn1,occ,"5,5,5",0,3,42.18,138.60,12.546487,12.669380,12.628599,12.628599,-0.040781,no,off,no,yes,no,no,off,0.1,elim not activated,elim not activated,1,2,4,3.29x,0.00,138.60,3.29x,0.122893,0.000000,OPTIMAL,OPTIMAL,"/root/Downloads/for_dana/vaghar_org/paper_experiments/mnist/cnn1_exp/occ/eps_5,5,5/vagharWithPerturbed_cnn1_seed42_itr20_sgd_itr1/63910321839332_cnn1_occ_5.0,5.0,5.0_ctag0__HyperAttackHints_VagharDeps_PertruebedIntervals_cTag1.txt","/root/Downloads/for_dana/vaghar_org/paper_experiments/mnist/cnn1_exp/occ/eps_5,5,5/advStd_cnn1_N1_model_seed42_itr20/63912137589226_n2_cnn1_occ_5.0,5.0,5.0_ctag0_model_seed42_itr20_sgd_itr1_N2_advStd_boundTight_relaxT0.1_seed4_HyperAttackHints_VagharDeps_PerturbedIntervals_cTag1.txt"
cnn1,occ,"5,5,5",0,3,42.18,202.05,12.546487,12.669380,12.628599,12.628599,-0.040781,no,off,no,yes,no,yes,off,0.1,elim not activated,elim not activated,1,2,4,4.79x,0.00,202.05,4.79x,0.122893,0.000000,OPTIMAL,OPTIMAL,"/root/Downloads/for_dana/vaghar_org/paper_experiments/mnist/cnn1_exp/occ/eps_5,5,5/vagharWithPerturbed_cnn1_seed42_itr20_sgd_itr1/63910321839332_cnn1_occ_5.0,5.0,5.0_ctag0__HyperAttackHints_VagharDeps_PertruebedIntervals_cTag1.txt","/root/Downloads/for_dana/vaghar_org/paper_experiments/mnist/cnn1_exp/occ/eps_5,5,5/advStd_cnn1_N1_model_seed42_itr20/63912204744611_n2_cnn1_occ_5.0,5.0,5.0_ctag0_model_seed42_itr20_sgd_itr1_N2_advStd_boundTight_zonoBounds_relaxT0.1_seed4_HyperAttackHints_VagharDeps_PerturbedIntervals_cTag1.txt"
cnn1,occ,"5,5,5",0,3,42.18,507.21,12.546487,12.669380,12.628602,12.734561,0.065181,no,bounds,no,yes,yes,yes,off,0.01,elim not activated,elim not activated,1,1,4,12.02x,0.00,507.21,12.02x,0.122893,0.105958,OPTIMAL,OPTIMAL,"/root/Downloads/for_dana/vaghar_org/paper_experiments/mnist/cnn1_exp/occ/eps_5,5,5/vagharWithPerturbed_cnn1_seed42_itr20_sgd_itr1/63910321839332_cnn1_occ_5.0,5.0,5.0_ctag0__HyperAttackHints_VagharDeps_PertruebedIntervals_cTag1.txt","/root/Downloads/for_dana/vaghar_org/paper_experiments/mnist/cnn1_exp/occ/eps_5,5,5/advStd_cnn1_N1_model_seed42_itr20/63912143354481_n2_cnn1_occ_5.0,5.0,5.0_ctag0_model_seed42_itr20_sgd_itr1_N2_advStd_branchPri_boundTight_zonoBounds_relaxT0.01_varHint_seed4_HyperAttackHints_VagharDeps_PerturbedIntervals_cTag1.txt"
cnn1,occ,"5,5,5",0,3,42.18,802.83,12.546487,12.669380,12.628696,12.735065,0.065685,no,bounds,no,yes,yes,yes,lp,0.1,0,0,1,2,4,19.03x,42.83,845.66,20.05x,0.122893,0.106369,OPTIMAL,OPTIMAL,"/root/Downloads/for_dana/vaghar_org/paper_experiments/mnist/cnn1_exp/occ/eps_5,5,5/vagharWithPerturbed_cnn1_seed42_itr20_sgd_itr1/63910321839332_cnn1_occ_5.0,5.0,5.0_ctag0__HyperAttackHints_VagharDeps_PertruebedIntervals_cTag1.txt","/root/Downloads/for_dana/vaghar_org/paper_experiments/mnist/cnn1_exp/occ/eps_5,5,5/advStd_cnn1_N1_model_seed42_itr20/63912148803445_n2_cnn1_occ_5.0,5.0,5.0_ctag0_model_seed42_itr20_sgd_itr1_N2_advStd_branchPri_boundTight_zonoBounds_n1ProbeLP_relaxT0.1_varHint_seed4_elimOrg0_elimPert0_HyperAttackHints_VagharDeps_PerturbedIntervals_cTag1.txt"
cnn1,occ,"5,5,5",0,3,42.18,828.59,12.546487,12.669380,12.628901,12.740021,0.070641,no,bounds,no,yes,yes,no,off,0.1,elim not activated,elim not activated,1,2,4,19.64x,0.00,828.59,19.64x,0.122893,0.111120,OPTIMAL,OPTIMAL,"/root/Downloads/for_dana/vaghar_org/paper_experiments/mnist/cnn1_exp/occ/eps_5,5,5/vagharWithPerturbed_cnn1_seed42_itr20_sgd_itr1/63910321839332_cnn1_occ_5.0,5.0,5.0_ctag0__HyperAttackHints_VagharDeps_PertruebedIntervals_cTag1.txt","/root/Downloads/for_dana/vaghar_org/paper_experiments/mnist/cnn1_exp/occ/eps_5,5,5/advStd_cnn1_N1_model_seed42_itr20/63912142926301_n2_cnn1_occ_5.0,5.0,5.0_ctag0_model_seed42_itr20_sgd_itr1_N2_advStd_branchPri_boundTight_relaxT0.1_varHint_seed4_HyperAttackHints_VagharDeps_PerturbedIntervals_cTag1.txt"
cnn1,occ,"5,5,5",0,3,42.18,863.96,12.546487,12.669380,12.625499,12.639949,-0.029431,no,bounds,no,yes,no,no,lp,0.01,0,0,1,1,4,20.48x,23.44,887.40,21.04x,0.122893,0.014449,OPTIMAL,OPTIMAL,"/root/Downloads/for_dana/vaghar_org/paper_experiments/mnist/cnn1_exp/occ/eps_5,5,5/vagharWithPerturbed_cnn1_seed42_itr20_sgd_itr1/63910321839332_cnn1_occ_5.0,5.0,5.0_ctag0__HyperAttackHints_VagharDeps_PertruebedIntervals_cTag1.txt","/root/Downloads/for_dana/vaghar_org/paper_experiments/mnist/cnn1_exp/occ/eps_5,5,5/advStd_cnn1_N1_model_seed42_itr20/63912143184973_n2_cnn1_occ_5.0,5.0,5.0_ctag0_model_seed42_itr20_sgd_itr1_N2_advStd_branchPri_boundTight_n1ProbeLP_relaxT0.01_seed4_elimOrg0_elimPert0_HyperAttackHints_VagharDeps_PerturbedIntervals_cTag1.txt"
cnn1,occ,"5,5,5",0,3,42.18,873.09,12.546487,12.669380,12.628604,12.634214,-0.035166,no,bounds,no,yes,no,yes,off,0.01,elim not activated,elim not activated,1,1,4,20.70x,0.00,873.09,20.70x,0.122893,0.005610,OPTIMAL,OPTIMAL,"/root/Downloads/for_dana/vaghar_org/paper_experiments/mnist/cnn1_exp/occ/eps_5,5,5/vagharWithPerturbed_cnn1_seed42_itr20_sgd_itr1/63910321839332_cnn1_occ_5.0,5.0,5.0_ctag0__HyperAttackHints_VagharDeps_PertruebedIntervals_cTag1.txt","/root/Downloads/for_dana/vaghar_org/paper_experiments/mnist/cnn1_exp/occ/eps_5,5,5/advStd_cnn1_N1_model_seed42_itr20/63912143266068_n2_cnn1_occ_5.0,5.0,5.0_ctag0_model_seed42_itr20_sgd_itr1_N2_advStd_branchPri_boundTight_zonoBounds_relaxT0.01_seed4_HyperAttackHints_VagharDeps_PerturbedIntervals_cTag1.txt"
cnn1,occ,"5,5,5",0,3,42.18,896.59,12.546487,12.669380,12.628901,12.740021,0.070641,no,bounds,no,yes,yes,yes,off,0.1,elim not activated,elim not activated,1,2,4,21.26x,0.00,896.59,21.26x,0.122893,0.111120,OPTIMAL,OPTIMAL,"/root/Downloads/for_dana/vaghar_org/paper_experiments/mnist/cnn1_exp/occ/eps_5,5,5/vagharWithPerturbed_cnn1_seed42_itr20_sgd_itr1/63910321839332_cnn1_occ_5.0,5.0,5.0_ctag0__HyperAttackHints_VagharDeps_PertruebedIntervals_cTag1.txt","/root/Downloads/for_dana/vaghar_org/paper_experiments/mnist/cnn1_exp/occ/eps_5,5,5/advStd_cnn1_N1_model_seed42_itr20/63912143376941_n2_cnn1_occ_5.0,5.0,5.0_ctag0_model_seed42_itr20_sgd_itr1_N2_advStd_branchPri_boundTight_zonoBounds_relaxT0.1_varHint_seed4_HyperAttackHints_VagharDeps_PerturbedIntervals_cTag1.txt"
cnn1,occ,"5,5,5",0,3,42.18,1081.78,12.546487,12.669380,12.628696,12.735065,0.065685,no,bounds,no,yes,yes,no,lp,0.1,0,0,1,2,4,25.65x,25.48,1107.26,26.25x,0.122893,0.106369,OPTIMAL,OPTIMAL,"/root/Downloads/for_dana/vaghar_org/paper_experiments/mnist/cnn1_exp/occ/eps_5,5,5/vagharWithPerturbed_cnn1_seed42_itr20_sgd_itr1/63910321839332_cnn1_occ_5.0,5.0,5.0_ctag0__HyperAttackHints_VagharDeps_PertruebedIntervals_cTag1.txt","/root/Downloads/for_dana/vaghar_org/paper_experiments/mnist/cnn1_exp/occ/eps_5,5,5/advStd_cnn1_N1_model_seed42_itr20/63912207072804_n2_cnn1_occ_5.0,5.0,5.0_ctag0_model_seed42_itr20_sgd_itr1_N2_advStd_branchPri_boundTight_n1ProbeLP_relaxT0.1_varHint_seed4_elimOrg0_elimPert0_HyperAttackHints_VagharDeps_PerturbedIntervals_cTag1.txt"
cnn1,occ,"5,5,5",0,3,42.18,1811.20,12.546487,12.669380,12.628608,19.738716,7.069336,no,bounds,no,yes,no,no,off,0.1,elim not activated,elim not activated,1,2,4,42.94x,0.00,1811.20,42.94x,0.122893,7.110108,OPTIMAL,TIME_LIMIT,"/root/Downloads/for_dana/vaghar_org/paper_experiments/mnist/cnn1_exp/occ/eps_5,5,5/vagharWithPerturbed_cnn1_seed42_itr20_sgd_itr1/63910321839332_cnn1_occ_5.0,5.0,5.0_ctag0__HyperAttackHints_VagharDeps_PertruebedIntervals_cTag1.txt","/root/Downloads/for_dana/vaghar_org/paper_experiments/mnist/cnn1_exp/occ/eps_5,5,5/advStd_cnn1_N1_model_seed42_itr20/63912141901765_n2_cnn1_occ_5.0,5.0,5.0_ctag0_model_seed42_itr20_sgd_itr1_N2_advStd_branchPri_boundTight_relaxT0.1_seed4_HyperAttackHints_VagharDeps_PerturbedIntervals_cTag1.txt"
cnn1,occ,"5,5,5",0,3,42.18,1811.55,12.546487,12.669380,12.628604,19.738716,7.069336,no,bounds,no,yes,no,yes,lp,0.1,0,0,1,2,4,42.95x,22.82,1834.37,43.49x,0.122893,7.110112,OPTIMAL,TIME_LIMIT,"/root/Downloads/for_dana/vaghar_org/paper_experiments/mnist/cnn1_exp/occ/eps_5,5,5/vagharWithPerturbed_cnn1_seed42_itr20_sgd_itr1/63910321839332_cnn1_occ_5.0,5.0,5.0_ctag0__HyperAttackHints_VagharDeps_PertruebedIntervals_cTag1.txt","/root/Downloads/for_dana/vaghar_org/paper_experiments/mnist/cnn1_exp/occ/eps_5,5,5/advStd_cnn1_N1_model_seed42_itr20/63912143430772_n2_cnn1_occ_5.0,5.0,5.0_ctag0_model_seed42_itr20_sgd_itr1_N2_advStd_branchPri_boundTight_zonoBounds_n1ProbeLP_relaxT0.1_seed4_elimOrg0_elimPert0_HyperAttackHints_VagharDeps_PerturbedIntervals_cTag1.txt"
cnn1,occ,"5,5,5",0,3,42.18,1813.06,12.546487,12.669380,12.628603,19.738716,7.069336,no,bounds,no,yes,no,no,lp,0.1,0,0,1,2,4,42.98x,23.52,1836.58,43.54x,0.122893,7.110113,OPTIMAL,TIME_LIMIT,"/root/Downloads/for_dana/vaghar_org/paper_experiments/mnist/cnn1_exp/occ/eps_5,5,5/vagharWithPerturbed_cnn1_seed42_itr20_sgd_itr1/63910321839332_cnn1_occ_5.0,5.0,5.0_ctag0__HyperAttackHints_VagharDeps_PertruebedIntervals_cTag1.txt","/root/Downloads/for_dana/vaghar_org/paper_experiments/mnist/cnn1_exp/occ/eps_5,5,5/advStd_cnn1_N1_model_seed42_itr20/63912204797583_n2_cnn1_occ_5.0,5.0,5.0_ctag0_model_seed42_itr20_sgd_itr1_N2_advStd_branchPri_boundTight_n1ProbeLP_relaxT0.1_seed4_elimOrg0_elimPert0_HyperAttackHints_VagharDeps_PerturbedIntervals_cTag1.txt"
cnn1,occ,"5,5,5",0,3,42.18,1816.96,12.546487,12.669380,12.628603,19.738716,7.069336,no,bounds,no,yes,no,yes,off,0.1,elim not activated,elim not activated,1,2,4,43.07x,0.00,1816.96,43.07x,0.122893,7.110113,OPTIMAL,TIME_LIMIT,"/root/Downloads/for_dana/vaghar_org/paper_experiments/mnist/cnn1_exp/occ/eps_5,5,5/vagharWithPerturbed_cnn1_seed42_itr20_sgd_itr1/63910321839332_cnn1_occ_5.0,5.0,5.0_ctag0__HyperAttackHints_VagharDeps_PertruebedIntervals_cTag1.txt","/root/Downloads/for_dana/vaghar_org/paper_experiments/mnist/cnn1_exp/occ/eps_5,5,5/advStd_cnn1_N1_model_seed42_itr20/63912207711855_n2_cnn1_occ_5.0,5.0,5.0_ctag0_model_seed42_itr20_sgd_itr1_N2_advStd_branchPri_boundTight_zonoBounds_relaxT0.1_seed4_HyperAttackHints_VagharDeps_PerturbedIntervals_cTag1.txt"
,,,,,,,,,,,,,,,,,,,,,,,,,,,,,,,,,,
cnn1,occ,"5,5,5",0,4,536.01,762.09,8.644089,8.716495,8.633533,8.697754,-0.018741,no,off,no,yes,yes,no,lp,0.1,0,0,1,2,4,1.42x,25.94,788.03,1.47x,0.072406,0.064221,OPTIMAL,OPTIMAL,"/root/Downloads/for_dana/vaghar_org/paper_experiments/mnist/cnn1_exp/occ/eps_5,5,5/vagharWithPerturbed_cnn1_seed42_itr20_sgd_itr1/63910321839332_cnn1_occ_5.0,5.0,5.0_ctag0__HyperAttackHints_VagharDeps_PertruebedIntervals_cTag1.txt","/root/Downloads/for_dana/vaghar_org/paper_experiments/mnist/cnn1_exp/occ/eps_5,5,5/advStd_cnn1_N1_model_seed42_itr20/63912204767750_n2_cnn1_occ_5.0,5.0,5.0_ctag0_model_seed42_itr20_sgd_itr1_N2_advStd_boundTight_n1ProbeLP_relaxT0.1_varHint_seed4_elimOrg0_elimPert0_HyperAttackHints_VagharDeps_PerturbedIntervals_cTag1.txt"
cnn1,occ,"5,5,5",0,4,536.01,892.95,8.644089,8.716495,8.634168,8.715746,-0.000749,no,off,no,yes,yes,yes,lp,0.1,0,0,1,2,4,1.67x,27.45,920.40,1.72x,0.072406,0.081578,OPTIMAL,OPTIMAL,"/root/Downloads/for_dana/vaghar_org/paper_experiments/mnist/cnn1_exp/occ/eps_5,5,5/vagharWithPerturbed_cnn1_seed42_itr20_sgd_itr1/63910321839332_cnn1_occ_5.0,5.0,5.0_ctag0__HyperAttackHints_VagharDeps_PertruebedIntervals_cTag1.txt","/root/Downloads/for_dana/vaghar_org/paper_experiments/mnist/cnn1_exp/occ/eps_5,5,5/advStd_cnn1_N1_model_seed42_itr20/63912204763063_n2_cnn1_occ_5.0,5.0,5.0_ctag0_model_seed42_itr20_sgd_itr1_N2_advStd_boundTight_zonoBounds_n1ProbeLP_relaxT0.1_varHint_seed4_elimOrg0_elimPert0_HyperAttackHints_VagharDeps_PerturbedIntervals_cTag1.txt"
cnn1,occ,"5,5,5",0,4,536.01,965.96,8.644089,8.716495,8.643341,8.685924,-0.030571,no,off,no,yes,no,yes,off,0.1,elim not activated,elim not activated,1,2,4,1.80x,0.00,965.96,1.80x,0.072406,0.042582,OPTIMAL,OPTIMAL,"/root/Downloads/for_dana/vaghar_org/paper_experiments/mnist/cnn1_exp/occ/eps_5,5,5/vagharWithPerturbed_cnn1_seed42_itr20_sgd_itr1/63910321839332_cnn1_occ_5.0,5.0,5.0_ctag0__HyperAttackHints_VagharDeps_PertruebedIntervals_cTag1.txt","/root/Downloads/for_dana/vaghar_org/paper_experiments/mnist/cnn1_exp/occ/eps_5,5,5/advStd_cnn1_N1_model_seed42_itr20/63912204744611_n2_cnn1_occ_5.0,5.0,5.0_ctag0_model_seed42_itr20_sgd_itr1_N2_advStd_boundTight_zonoBounds_relaxT0.1_seed4_HyperAttackHints_VagharDeps_PerturbedIntervals_cTag1.txt"
cnn1,occ,"5,5,5",0,4,536.01,1813.85,8.644089,8.716495,8.484148,13.874337,5.157841,no,bounds,no,yes,yes,no,off,0.1,elim not activated,elim not activated,1,2,4,3.38x,0.00,1813.85,3.38x,0.072406,5.390188,OPTIMAL,TIME_LIMIT,"/root/Downloads/for_dana/vaghar_org/paper_experiments/mnist/cnn1_exp/occ/eps_5,5,5/vagharWithPerturbed_cnn1_seed42_itr20_sgd_itr1/63910321839332_cnn1_occ_5.0,5.0,5.0_ctag0__HyperAttackHints_VagharDeps_PertruebedIntervals_cTag1.txt","/root/Downloads/for_dana/vaghar_org/paper_experiments/mnist/cnn1_exp/occ/eps_5,5,5/advStd_cnn1_N1_model_seed42_itr20/63912142926301_n2_cnn1_occ_5.0,5.0,5.0_ctag0_model_seed42_itr20_sgd_itr1_N2_advStd_branchPri_boundTight_relaxT0.1_varHint_seed4_HyperAttackHints_VagharDeps_PerturbedIntervals_cTag1.txt"
cnn1,occ,"5,5,5",0,4,536.01,1813.90,8.644089,8.716495,8.485713,14.653535,5.937040,no,bounds,no,yes,no,no,lp,0.01,0,0,1,1,4,3.38x,23.44,1837.34,3.43x,0.072406,6.167822,OPTIMAL,TIME_LIMIT,"/root/Downloads/for_dana/vaghar_org/paper_experiments/mnist/cnn1_exp/occ/eps_5,5,5/vagharWithPerturbed_cnn1_seed42_itr20_sgd_itr1/63910321839332_cnn1_occ_5.0,5.0,5.0_ctag0__HyperAttackHints_VagharDeps_PertruebedIntervals_cTag1.txt","/root/Downloads/for_dana/vaghar_org/paper_experiments/mnist/cnn1_exp/occ/eps_5,5,5/advStd_cnn1_N1_model_seed42_itr20/63912143184973_n2_cnn1_occ_5.0,5.0,5.0_ctag0_model_seed42_itr20_sgd_itr1_N2_advStd_branchPri_boundTight_n1ProbeLP_relaxT0.01_seed4_elimOrg0_elimPert0_HyperAttackHints_VagharDeps_PerturbedIntervals_cTag1.txt"
cnn1,occ,"5,5,5",0,4,536.01,1811.33,8.644089,8.716495,8.483645,14.653535,5.937040,no,bounds,no,yes,no,yes,off,0.01,elim not activated,elim not activated,1,1,4,3.38x,0.00,1811.33,3.38x,0.072406,6.169890,OPTIMAL,TIME_LIMIT,"/root/Downloads/for_dana/vaghar_org/paper_experiments/mnist/cnn1_exp/occ/eps_5,5,5/vagharWithPerturbed_cnn1_seed42_itr20_sgd_itr1/63910321839332_cnn1_occ_5.0,5.0,5.0_ctag0__HyperAttackHints_VagharDeps_PertruebedIntervals_cTag1.txt","/root/Downloads/for_dana/vaghar_org/paper_experiments/mnist/cnn1_exp/occ/eps_5,5,5/advStd_cnn1_N1_model_seed42_itr20/63912143266068_n2_cnn1_occ_5.0,5.0,5.0_ctag0_model_seed42_itr20_sgd_itr1_N2_advStd_branchPri_boundTight_zonoBounds_relaxT0.01_seed4_HyperAttackHints_VagharDeps_PerturbedIntervals_cTag1.txt"
cnn1,occ,"5,5,5",0,4,536.01,1811.73,8.644089,8.716495,8.483646,14.654080,5.937584,no,bounds,no,yes,yes,yes,off,0.01,elim not activated,elim not activated,1,1,4,3.38x,0.00,1811.73,3.38x,0.072406,6.170434,OPTIMAL,TIME_LIMIT,"/root/Downloads/for_dana/vaghar_org/paper_experiments/mnist/cnn1_exp/occ/eps_5,5,5/vagharWithPerturbed_cnn1_seed42_itr20_sgd_itr1/63910321839332_cnn1_occ_5.0,5.0,5.0_ctag0__HyperAttackHints_VagharDeps_PertruebedIntervals_cTag1.txt","/root/Downloads/for_dana/vaghar_org/paper_experiments/mnist/cnn1_exp/occ/eps_5,5,5/advStd_cnn1_N1_model_seed42_itr20/63912143354481_n2_cnn1_occ_5.0,5.0,5.0_ctag0_model_seed42_itr20_sgd_itr1_N2_advStd_branchPri_boundTight_zonoBounds_relaxT0.01_varHint_seed4_HyperAttackHints_VagharDeps_PerturbedIntervals_cTag1.txt"
cnn1,occ,"5,5,5",0,4,536.01,1812.59,8.644089,8.716495,8.484148,15.794999,7.078504,no,bounds,no,yes,yes,yes,off,0.1,elim not activated,elim not activated,1,2,4,3.38x,0.00,1812.59,3.38x,0.072406,7.310851,OPTIMAL,TIME_LIMIT,"/root/Downloads/for_dana/vaghar_org/paper_experiments/mnist/cnn1_exp/occ/eps_5,5,5/vagharWithPerturbed_cnn1_seed42_itr20_sgd_itr1/63910321839332_cnn1_occ_5.0,5.0,5.0_ctag0__HyperAttackHints_VagharDeps_PertruebedIntervals_cTag1.txt","/root/Downloads/for_dana/vaghar_org/paper_experiments/mnist/cnn1_exp/occ/eps_5,5,5/advStd_cnn1_N1_model_seed42_itr20/63912143376941_n2_cnn1_occ_5.0,5.0,5.0_ctag0_model_seed42_itr20_sgd_itr1_N2_advStd_branchPri_boundTight_zonoBounds_relaxT0.1_varHint_seed4_HyperAttackHints_VagharDeps_PerturbedIntervals_cTag1.txt"
cnn1,occ,"5,5,5",0,4,536.01,1816.58,8.644089,8.716495,7.008679,11.326028,2.609533,no,bounds,no,yes,no,no,off,0.1,elim not activated,elim not activated,1,2,4,3.39x,0.00,1816.58,3.39x,0.072406,4.317349,OPTIMAL,TIME_LIMIT,"/root/Downloads/for_dana/vaghar_org/paper_experiments/mnist/cnn1_exp/occ/eps_5,5,5/vagharWithPerturbed_cnn1_seed42_itr20_sgd_itr1/63910321839332_cnn1_occ_5.0,5.0,5.0_ctag0__HyperAttackHints_VagharDeps_PertruebedIntervals_cTag1.txt","/root/Downloads/for_dana/vaghar_org/paper_experiments/mnist/cnn1_exp/occ/eps_5,5,5/advStd_cnn1_N1_model_seed42_itr20/63912141901765_n2_cnn1_occ_5.0,5.0,5.0_ctag0_model_seed42_itr20_sgd_itr1_N2_advStd_branchPri_boundTight_relaxT0.1_seed4_HyperAttackHints_VagharDeps_PerturbedIntervals_cTag1.txt"
cnn1,occ,"5,5,5",0,4,536.01,1819.67,8.644089,8.716495,7.008679,12.360975,3.644480,no,bounds,no,yes,no,yes,lp,0.1,0,0,1,2,4,3.39x,22.82,1842.49,3.44x,0.072406,5.352296,OPTIMAL,TIME_LIMIT,"/root/Downloads/for_dana/vaghar_org/paper_experiments/mnist/cnn1_exp/occ/eps_5,5,5/vagharWithPerturbed_cnn1_seed42_itr20_sgd_itr1/63910321839332_cnn1_occ_5.0,5.0,5.0_ctag0__HyperAttackHints_VagharDeps_PertruebedIntervals_cTag1.txt","/root/Downloads/for_dana/vaghar_org/paper_experiments/mnist/cnn1_exp/occ/eps_5,5,5/advStd_cnn1_N1_model_seed42_itr20/63912143430772_n2_cnn1_occ_5.0,5.0,5.0_ctag0_model_seed42_itr20_sgd_itr1_N2_advStd_branchPri_boundTight_zonoBounds_n1ProbeLP_relaxT0.1_seed4_elimOrg0_elimPert0_HyperAttackHints_VagharDeps_PerturbedIntervals_cTag1.txt"
cnn1,occ,"5,5,5",0,4,536.01,1818.71,8.644089,8.716495,8.573405,12.716250,3.999755,no,bounds,no,yes,yes,yes,lp,0.1,0,0,1,2,4,3.39x,42.83,1861.53,3.47x,0.072406,4.142846,OPTIMAL,TIME_LIMIT,"/root/Downloads/for_dana/vaghar_org/paper_experiments/mnist/cnn1_exp/occ/eps_5,5,5/vagharWithPerturbed_cnn1_seed42_itr20_sgd_itr1/63910321839332_cnn1_occ_5.0,5.0,5.0_ctag0__HyperAttackHints_VagharDeps_PertruebedIntervals_cTag1.txt","/root/Downloads/for_dana/vaghar_org/paper_experiments/mnist/cnn1_exp/occ/eps_5,5,5/advStd_cnn1_N1_model_seed42_itr20/63912148803445_n2_cnn1_occ_5.0,5.0,5.0_ctag0_model_seed42_itr20_sgd_itr1_N2_advStd_branchPri_boundTight_zonoBounds_n1ProbeLP_relaxT0.1_varHint_seed4_elimOrg0_elimPert0_HyperAttackHints_VagharDeps_PerturbedIntervals_cTag1.txt"
cnn1,occ,"5,5,5",0,4,536.01,1816.70,8.644089,8.716495,8.573405,12.664290,3.947794,no,bounds,no,yes,yes,no,lp,0.1,0,0,1,2,4,3.39x,25.48,1842.18,3.44x,0.072406,4.090885,OPTIMAL,TIME_LIMIT,"/root/Downloads/for_dana/vaghar_org/paper_experiments/mnist/cnn1_exp/occ/eps_5,5,5/vagharWithPerturbed_cnn1_seed42_itr20_sgd_itr1/63910321839332_cnn1_occ_5.0,5.0,5.0_ctag0__HyperAttackHints_VagharDeps_PertruebedIntervals_cTag1.txt","/root/Downloads/for_dana/vaghar_org/paper_experiments/mnist/cnn1_exp/occ/eps_5,5,5/advStd_cnn1_N1_model_seed42_itr20/63912207072804_n2_cnn1_occ_5.0,5.0,5.0_ctag0_model_seed42_itr20_sgd_itr1_N2_advStd_branchPri_boundTight_n1ProbeLP_relaxT0.1_varHint_seed4_elimOrg0_elimPert0_HyperAttackHints_VagharDeps_PerturbedIntervals_cTag1.txt"
cnn1,occ,"5,5,5",0,4,536.01,1821.00,8.644089,8.716495,7.008679,16.419521,7.703025,no,bounds,no,yes,no,no,lp,0.1,0,0,1,2,4,3.40x,23.52,1844.52,3.44x,0.072406,9.410841,OPTIMAL,TIME_LIMIT,"/root/Downloads/for_dana/vaghar_org/paper_experiments/mnist/cnn1_exp/occ/eps_5,5,5/vagharWithPerturbed_cnn1_seed42_itr20_sgd_itr1/63910321839332_cnn1_occ_5.0,5.0,5.0_ctag0__HyperAttackHints_VagharDeps_PertruebedIntervals_cTag1.txt","/root/Downloads/for_dana/vaghar_org/paper_experiments/mnist/cnn1_exp/occ/eps_5,5,5/advStd_cnn1_N1_model_seed42_itr20/63912204797583_n2_cnn1_occ_5.0,5.0,5.0_ctag0_model_seed42_itr20_sgd_itr1_N2_advStd_branchPri_boundTight_n1ProbeLP_relaxT0.1_seed4_elimOrg0_elimPert0_HyperAttackHints_VagharDeps_PerturbedIntervals_cTag1.txt"
cnn1,occ,"5,5,5",0,4,536.01,1820.48,8.644089,8.716495,7.008679,11.208546,2.492050,no,bounds,no,yes,no,yes,off,0.1,elim not activated,elim not activated,1,2,4,3.40x,0.00,1820.48,3.40x,0.072406,4.199867,OPTIMAL,TIME_LIMIT,"/root/Downloads/for_dana/vaghar_org/paper_experiments/mnist/cnn1_exp/occ/eps_5,5,5/vagharWithPerturbed_cnn1_seed42_itr20_sgd_itr1/63910321839332_cnn1_occ_5.0,5.0,5.0_ctag0__HyperAttackHints_VagharDeps_PertruebedIntervals_cTag1.txt","/root/Downloads/for_dana/vaghar_org/paper_experiments/mnist/cnn1_exp/occ/eps_5,5,5/advStd_cnn1_N1_model_seed42_itr20/63912207711855_n2_cnn1_occ_5.0,5.0,5.0_ctag0_model_seed42_itr20_sgd_itr1_N2_advStd_branchPri_boundTight_zonoBounds_relaxT0.1_seed4_HyperAttackHints_VagharDeps_PerturbedIntervals_cTag1.txt"
,,,,,,,,,,,,,,,,,,,,,,,,,,,,,,,,,,
cnn1,occ,"5,5,5",0,5,110.91,131.63,7.422875,7.422883,7.423627,7.491032,0.068149,no,off,no,yes,yes,yes,lp,0.1,0,0,1,2,4,1.19x,27.45,159.09,1.43x,0.000008,0.067405,OPTIMAL,OPTIMAL,"/root/Downloads/for_dana/vaghar_org/paper_experiments/mnist/cnn1_exp/occ/eps_5,5,5/vagharWithPerturbed_cnn1_seed42_itr20_sgd_itr1/63910321839332_cnn1_occ_5.0,5.0,5.0_ctag0__HyperAttackHints_VagharDeps_PertruebedIntervals_cTag1.txt","/root/Downloads/for_dana/vaghar_org/paper_experiments/mnist/cnn1_exp/occ/eps_5,5,5/advStd_cnn1_N1_model_seed42_itr20/63912204763063_n2_cnn1_occ_5.0,5.0,5.0_ctag0_model_seed42_itr20_sgd_itr1_N2_advStd_boundTight_zonoBounds_n1ProbeLP_relaxT0.1_varHint_seed4_elimOrg0_elimPert0_HyperAttackHints_VagharDeps_PerturbedIntervals_cTag1.txt"
cnn1,occ,"5,5,5",0,5,110.91,296.73,7.422875,7.422883,7.423626,7.494405,0.071522,no,off,no,yes,yes,no,lp,0.1,0,0,1,2,4,2.68x,25.94,322.67,2.91x,0.000008,0.070779,OPTIMAL,OPTIMAL,"/root/Downloads/for_dana/vaghar_org/paper_experiments/mnist/cnn1_exp/occ/eps_5,5,5/vagharWithPerturbed_cnn1_seed42_itr20_sgd_itr1/63910321839332_cnn1_occ_5.0,5.0,5.0_ctag0__HyperAttackHints_VagharDeps_PertruebedIntervals_cTag1.txt","/root/Downloads/for_dana/vaghar_org/paper_experiments/mnist/cnn1_exp/occ/eps_5,5,5/advStd_cnn1_N1_model_seed42_itr20/63912204767750_n2_cnn1_occ_5.0,5.0,5.0_ctag0_model_seed42_itr20_sgd_itr1_N2_advStd_boundTight_n1ProbeLP_relaxT0.1_varHint_seed4_elimOrg0_elimPert0_HyperAttackHints_VagharDeps_PerturbedIntervals_cTag1.txt"
cnn1,occ,"5,5,5",0,5,110.91,1811.42,7.422875,7.422883,7.423210,9.844550,2.421667,no,bounds,no,yes,yes,yes,off,0.01,elim not activated,elim not activated,1,1,4,16.33x,0.00,1811.42,16.33x,0.000008,2.421340,OPTIMAL,TIME_LIMIT,"/root/Downloads/for_dana/vaghar_org/paper_experiments/mnist/cnn1_exp/occ/eps_5,5,5/vagharWithPerturbed_cnn1_seed42_itr20_sgd_itr1/63910321839332_cnn1_occ_5.0,5.0,5.0_ctag0__HyperAttackHints_VagharDeps_PertruebedIntervals_cTag1.txt","/root/Downloads/for_dana/vaghar_org/paper_experiments/mnist/cnn1_exp/occ/eps_5,5,5/advStd_cnn1_N1_model_seed42_itr20/63912143354481_n2_cnn1_occ_5.0,5.0,5.0_ctag0_model_seed42_itr20_sgd_itr1_N2_advStd_branchPri_boundTight_zonoBounds_relaxT0.01_varHint_seed4_HyperAttackHints_VagharDeps_PerturbedIntervals_cTag1.txt"
cnn1,occ,"5,5,5",0,5,110.91,1811.54,7.422875,7.422883,7.423873,10.592826,3.169943,no,bounds,no,yes,yes,yes,lp,0.1,0,0,1,2,4,16.33x,42.83,1854.37,16.72x,0.000008,3.168952,OPTIMAL,TIME_LIMIT,"/root/Downloads/for_dana/vaghar_org/paper_experiments/mnist/cnn1_exp/occ/eps_5,5,5/vagharWithPerturbed_cnn1_seed42_itr20_sgd_itr1/63910321839332_cnn1_occ_5.0,5.0,5.0_ctag0__HyperAttackHints_VagharDeps_PertruebedIntervals_cTag1.txt","/root/Downloads/for_dana/vaghar_org/paper_experiments/mnist/cnn1_exp/occ/eps_5,5,5/advStd_cnn1_N1_model_seed42_itr20/63912148803445_n2_cnn1_occ_5.0,5.0,5.0_ctag0_model_seed42_itr20_sgd_itr1_N2_advStd_branchPri_boundTight_zonoBounds_n1ProbeLP_relaxT0.1_varHint_seed4_elimOrg0_elimPert0_HyperAttackHints_VagharDeps_PerturbedIntervals_cTag1.txt"
cnn1,occ,"5,5,5",0,5,110.91,1811.97,7.422875,7.422883,7.423207,9.176543,1.753660,no,bounds,no,yes,no,yes,off,0.01,elim not activated,elim not activated,1,1,4,16.34x,0.00,1811.97,16.34x,0.000008,1.753336,OPTIMAL,TIME_LIMIT,"/root/Downloads/for_dana/vaghar_org/paper_experiments/mnist/cnn1_exp/occ/eps_5,5,5/vagharWithPerturbed_cnn1_seed42_itr20_sgd_itr1/63910321839332_cnn1_occ_5.0,5.0,5.0_ctag0__HyperAttackHints_VagharDeps_PertruebedIntervals_cTag1.txt","/root/Downloads/for_dana/vaghar_org/paper_experiments/mnist/cnn1_exp/occ/eps_5,5,5/advStd_cnn1_N1_model_seed42_itr20/63912143266068_n2_cnn1_occ_5.0,5.0,5.0_ctag0_model_seed42_itr20_sgd_itr1_N2_advStd_branchPri_boundTight_zonoBounds_relaxT0.01_seed4_HyperAttackHints_VagharDeps_PerturbedIntervals_cTag1.txt"
cnn1,occ,"5,5,5",0,5,110.91,1812.45,7.422875,7.422883,7.423629,8.007745,0.584862,no,bounds,no,yes,no,yes,off,0.1,elim not activated,elim not activated,1,2,4,16.34x,0.00,1812.45,16.34x,0.000008,0.584117,OPTIMAL,TIME_LIMIT,"/root/Downloads/for_dana/vaghar_org/paper_experiments/mnist/cnn1_exp/occ/eps_5,5,5/vagharWithPerturbed_cnn1_seed42_itr20_sgd_itr1/63910321839332_cnn1_occ_5.0,5.0,5.0_ctag0__HyperAttackHints_VagharDeps_PertruebedIntervals_cTag1.txt","/root/Downloads/for_dana/vaghar_org/paper_experiments/mnist/cnn1_exp/occ/eps_5,5,5/advStd_cnn1_N1_model_seed42_itr20/63912207711855_n2_cnn1_occ_5.0,5.0,5.0_ctag0_model_seed42_itr20_sgd_itr1_N2_advStd_branchPri_boundTight_zonoBounds_relaxT0.1_seed4_HyperAttackHints_VagharDeps_PerturbedIntervals_cTag1.txt"
cnn1,occ,"5,5,5",0,5,110.91,1813.33,7.422875,7.422883,7.423627,9.015547,1.592664,no,bounds,no,yes,no,no,off,0.1,elim not activated,elim not activated,1,2,4,16.35x,0.00,1813.33,16.35x,0.000008,1.591920,OPTIMAL,TIME_LIMIT,"/root/Downloads/for_dana/vaghar_org/paper_experiments/mnist/cnn1_exp/occ/eps_5,5,5/vagharWithPerturbed_cnn1_seed42_itr20_sgd_itr1/63910321839332_cnn1_occ_5.0,5.0,5.0_ctag0__HyperAttackHints_VagharDeps_PertruebedIntervals_cTag1.txt","/root/Downloads/for_dana/vaghar_org/paper_experiments/mnist/cnn1_exp/occ/eps_5,5,5/advStd_cnn1_N1_model_seed42_itr20/63912141901765_n2_cnn1_occ_5.0,5.0,5.0_ctag0_model_seed42_itr20_sgd_itr1_N2_advStd_branchPri_boundTight_relaxT0.1_seed4_HyperAttackHints_VagharDeps_PerturbedIntervals_cTag1.txt"
cnn1,occ,"5,5,5",0,5,110.91,1813.62,7.422875,7.422883,7.423873,10.776554,3.353671,no,bounds,no,yes,yes,no,off,0.1,elim not activated,elim not activated,1,2,4,16.35x,0.00,1813.62,16.35x,0.000008,3.352681,OPTIMAL,TIME_LIMIT,"/root/Downloads/for_dana/vaghar_org/paper_experiments/mnist/cnn1_exp/occ/eps_5,5,5/vagharWithPerturbed_cnn1_seed42_itr20_sgd_itr1/63910321839332_cnn1_occ_5.0,5.0,5.0_ctag0__HyperAttackHints_VagharDeps_PertruebedIntervals_cTag1.txt","/root/Downloads/for_dana/vaghar_org/paper_experiments/mnist/cnn1_exp/occ/eps_5,5,5/advStd_cnn1_N1_model_seed42_itr20/63912142926301_n2_cnn1_occ_5.0,5.0,5.0_ctag0_model_seed42_itr20_sgd_itr1_N2_advStd_branchPri_boundTight_relaxT0.1_varHint_seed4_HyperAttackHints_VagharDeps_PerturbedIntervals_cTag1.txt"
cnn1,occ,"5,5,5",0,5,110.91,1814.44,7.422875,7.422883,7.423628,8.295670,0.872787,no,bounds,no,yes,no,no,lp,0.1,0,0,1,2,4,16.36x,23.52,1837.96,16.57x,0.000008,0.872042,OPTIMAL,TIME_LIMIT,"/root/Downloads/for_dana/vaghar_org/paper_experiments/mnist/cnn1_exp/occ/eps_5,5,5/vagharWithPerturbed_cnn1_seed42_itr20_sgd_itr1/63910321839332_cnn1_occ_5.0,5.0,5.0_ctag0__HyperAttackHints_VagharDeps_PertruebedIntervals_cTag1.txt","/root/Downloads/for_dana/vaghar_org/paper_experiments/mnist/cnn1_exp/occ/eps_5,5,5/advStd_cnn1_N1_model_seed42_itr20/63912204797583_n2_cnn1_occ_5.0,5.0,5.0_ctag0_model_seed42_itr20_sgd_itr1_N2_advStd_branchPri_boundTight_n1ProbeLP_relaxT0.1_seed4_elimOrg0_elimPert0_HyperAttackHints_VagharDeps_PerturbedIntervals_cTag1.txt"
cnn1,occ,"5,5,5",0,5,110.91,1813.94,7.422875,7.422883,7.423873,10.181007,2.758124,no,bounds,no,yes,yes,no,lp,0.1,0,0,1,2,4,16.36x,25.48,1839.42,16.59x,0.000008,2.757134,OPTIMAL,TIME_LIMIT,"/root/Downloads/for_dana/vaghar_org/paper_experiments/mnist/cnn1_exp/occ/eps_5,5,5/vagharWithPerturbed_cnn1_seed42_itr20_sgd_itr1/63910321839332_cnn1_occ_5.0,5.0,5.0_ctag0__HyperAttackHints_VagharDeps_PertruebedIntervals_cTag1.txt","/root/Downloads/for_dana/vaghar_org/paper_experiments/mnist/cnn1_exp/occ/eps_5,5,5/advStd_cnn1_N1_model_seed42_itr20/63912207072804_n2_cnn1_occ_5.0,5.0,5.0_ctag0_model_seed42_itr20_sgd_itr1_N2_advStd_branchPri_boundTight_n1ProbeLP_relaxT0.1_varHint_seed4_elimOrg0_elimPert0_HyperAttackHints_VagharDeps_PerturbedIntervals_cTag1.txt"
cnn1,occ,"5,5,5",0,5,110.91,1816.63,7.422875,7.422883,7.423873,11.247745,3.824862,no,bounds,no,yes,yes,yes,off,0.1,elim not activated,elim not activated,1,2,4,16.38x,0.00,1816.63,16.38x,0.000008,3.823872,OPTIMAL,TIME_LIMIT,"/root/Downloads/for_dana/vaghar_org/paper_experiments/mnist/cnn1_exp/occ/eps_5,5,5/vagharWithPerturbed_cnn1_seed42_itr20_sgd_itr1/63910321839332_cnn1_occ_5.0,5.0,5.0_ctag0__HyperAttackHints_VagharDeps_PertruebedIntervals_cTag1.txt","/root/Downloads/for_dana/vaghar_org/paper_experiments/mnist/cnn1_exp/occ/eps_5,5,5/advStd_cnn1_N1_model_seed42_itr20/63912143376941_n2_cnn1_occ_5.0,5.0,5.0_ctag0_model_seed42_itr20_sgd_itr1_N2_advStd_branchPri_boundTight_zonoBounds_relaxT0.1_varHint_seed4_HyperAttackHints_VagharDeps_PerturbedIntervals_cTag1.txt"
cnn1,occ,"5,5,5",0,5,110.91,1818.22,7.422875,7.422883,7.246833,9.180871,1.757988,no,bounds,no,yes,no,no,lp,0.01,0,0,1,1,4,16.39x,23.44,1841.66,16.61x,0.000008,1.934038,OPTIMAL,TIME_LIMIT,"/root/Downloads/for_dana/vaghar_org/paper_experiments/mnist/cnn1_exp/occ/eps_5,5,5/vagharWithPerturbed_cnn1_seed42_itr20_sgd_itr1/63910321839332_cnn1_occ_5.0,5.0,5.0_ctag0__HyperAttackHints_VagharDeps_PertruebedIntervals_cTag1.txt","/root/Downloads/for_dana/vaghar_org/paper_experiments/mnist/cnn1_exp/occ/eps_5,5,5/advStd_cnn1_N1_model_seed42_itr20/63912143184973_n2_cnn1_occ_5.0,5.0,5.0_ctag0_model_seed42_itr20_sgd_itr1_N2_advStd_branchPri_boundTight_n1ProbeLP_relaxT0.01_seed4_elimOrg0_elimPert0_HyperAttackHints_VagharDeps_PerturbedIntervals_cTag1.txt"
cnn1,occ,"5,5,5",0,5,110.91,1821.77,7.422875,7.422883,7.423628,8.178308,0.755425,no,bounds,no,yes,no,yes,lp,0.1,0,0,1,2,4,16.43x,22.82,1844.59,16.63x,0.000008,0.754680,OPTIMAL,TIME_LIMIT,"/root/Downloads/for_dana/vaghar_org/paper_experiments/mnist/cnn1_exp/occ/eps_5,5,5/vagharWithPerturbed_cnn1_seed42_itr20_sgd_itr1/63910321839332_cnn1_occ_5.0,5.0,5.0_ctag0__HyperAttackHints_VagharDeps_PertruebedIntervals_cTag1.txt","/root/Downloads/for_dana/vaghar_org/paper_experiments/mnist/cnn1_exp/occ/eps_5,5,5/advStd_cnn1_N1_model_seed42_itr20/63912143430772_n2_cnn1_occ_5.0,5.0,5.0_ctag0_model_seed42_itr20_sgd_itr1_N2_advStd_branchPri_boundTight_zonoBounds_n1ProbeLP_relaxT0.1_seed4_elimOrg0_elimPert0_HyperAttackHints_VagharDeps_PerturbedIntervals_cTag1.txt"
,,,,,,,,,,,,,,,,,,,,,,,,,,,,,,,,,,
cnn1,patch,"1,14,14,3",0,3,96.17,99.57,16.516486,16.644788,16.516486,16.546080,-0.098708,yes,bounds,no,no,no,no,off,off,elim not activated,elim not activated,relax not activated,relax not activated,0,1.04x,,,,0.128302,0.029594,,OPTIMAL,"/root/Downloads/for_dana/vaghar_org/paper_experiments/mnist/cnn1_exp/patch/eps_1,14,14,3/vagharWithPerturbed_cnn1_seed42_itr20_sgd_itr1/63910122191521_cnn1_patch_1.0,14.0,14.0,3.0_ctag0__HyperAttackHints_VagharDeps_PertruebedIntervals_cTag1.txt","/root/Downloads/for_dana/vaghar_org/paper_experiments/mnist/cnn1_exp/patch/eps_1,14,14,3/advStd_cnn1_N1_model_seed42_itr20/63911697478502_n2_cnn1_patch_1.0,14.0,14.0,3.0_ctag0_model_seed42_itr20_sgd_itr1_N2_advStd_mipStart_branchPri_HyperAttackCutoff_VagharDeps_PerturbedIntervals_cTag1.txt"
cnn1,patch,"1,14,14,3",0,3,96.17,103.94,16.516486,16.644788,16.516959,16.589754,-0.055034,no,bounds,no,yes,yes,no,lp,0.1,0,0,1,1,4,1.08x,,,,0.128302,0.072795,,OPTIMAL,"/root/Downloads/for_dana/vaghar_org/paper_experiments/mnist/cnn1_exp/patch/eps_1,14,14,3/vagharWithPerturbed_cnn1_seed42_itr20_sgd_itr1/63910122191521_cnn1_patch_1.0,14.0,14.0,3.0_ctag0__HyperAttackHints_VagharDeps_PertruebedIntervals_cTag1.txt","/root/Downloads/for_dana/vaghar_org/paper_experiments/mnist/cnn1_exp/patch/eps_1,14,14,3/advStd_cnn1_N1_model_seed42_itr20/63911925229005_n2_cnn1_patch_1.0,14.0,14.0,3.0_ctag0_model_seed42_itr20_sgd_itr1_N2_advStd_branchPri_boundTight_n1ProbeLP_relaxT0.1_varHint_seed4_elimOrg0_elimPert0_HyperAttackHints_VagharDeps_PerturbedIntervals_cTag1.txt"
cnn1,patch,"1,14,14,3",0,3,96.17,105.40,16.516486,16.644788,16.516486,16.527722,-0.117066,no,off,no,yes,no,no,off,off,elim not activated,elim not activated,relax not activated,relax not activated,0,1.10x,,,,0.128302,0.011236,,OPTIMAL,"/root/Downloads/for_dana/vaghar_org/paper_experiments/mnist/cnn1_exp/patch/eps_1,14,14,3/vagharWithPerturbed_cnn1_seed42_itr20_sgd_itr1/63910122191521_cnn1_patch_1.0,14.0,14.0,3.0_ctag0__HyperAttackHints_VagharDeps_PertruebedIntervals_cTag1.txt","/root/Downloads/for_dana/vaghar_org/paper_experiments/mnist/cnn1_exp/patch/eps_1,14,14,3/advStd_cnn1_N1_model_seed42_itr20/63911695475545_n2_cnn1_patch_1.0,14.0,14.0,3.0_ctag0_model_seed42_itr20_sgd_itr1_N2_advStd_boundTight_HyperAttackHints_VagharDeps_PerturbedIntervals_cTag1.txt"
cnn1,patch,"1,14,14,3",0,3,96.17,107.34,16.516486,16.644788,16.604701,16.710851,0.066063,no,bounds,no,yes,yes,no,lp,1.0,0,0,82,82,3,1.12x,,,,0.128302,0.106150,,OPTIMAL,"/root/Downloads/for_dana/vaghar_org/paper_experiments/mnist/cnn1_exp/patch/eps_1,14,14,3/vagharWithPerturbed_cnn1_seed42_itr20_sgd_itr1/63910122191521_cnn1_patch_1.0,14.0,14.0,3.0_ctag0__HyperAttackHints_VagharDeps_PertruebedIntervals_cTag1.txt","/root/Downloads/for_dana/vaghar_org/paper_experiments/mnist/cnn1_exp/patch/eps_1,14,14,3/advStd_cnn1_N1_model_seed42_itr20/63911930840527_n2_cnn1_patch_1.0,14.0,14.0,3.0_ctag0_model_seed42_itr20_sgd_itr1_N2_advStd_branchPri_boundTight_n1ProbeLP_relaxT1.0_varHint_seed3_elimOrg0_elimPert0_HyperAttackHints_VagharDeps_PerturbedIntervals_cTag1.txt"
cnn1,patch,"1,14,14,3",0,3,96.17,172.22,16.516486,16.644788,16.516486,16.644788,0.000000,no,bounds,no,yes,no,no,off,off,elim not activated,elim not activated,relax not activated,relax not activated,0,1.79x,,,,0.128302,0.128302,,OPTIMAL,"/root/Downloads/for_dana/vaghar_org/paper_experiments/mnist/cnn1_exp/patch/eps_1,14,14,3/vagharWithPerturbed_cnn1_seed42_itr20_sgd_itr1/63910122191521_cnn1_patch_1.0,14.0,14.0,3.0_ctag0__HyperAttackHints_VagharDeps_PertruebedIntervals_cTag1.txt","/root/Downloads/for_dana/vaghar_org/paper_experiments/mnist/cnn1_exp/patch/eps_1,14,14,3/advStd_cnn1_N1_model_seed42_itr20/63911705663797_n2_cnn1_patch_1.0,14.0,14.0,3.0_ctag0_model_seed42_itr20_sgd_itr1_N2_advStd_branchPri_boundTight_HyperAttackHints_VagharDeps_PerturbedIntervals_cTag1.txt"
cnn1,patch,"1,14,14,3",0,3,96.17,180.05,16.516486,16.644788,16.384816,16.537480,-0.107308,yes,off,no,yes,no,no,off,off,elim not activated,elim not activated,relax not activated,relax not activated,0,1.87x,,,,0.128302,0.152664,,OPTIMAL,"/root/Downloads/for_dana/vaghar_org/paper_experiments/mnist/cnn1_exp/patch/eps_1,14,14,3/vagharWithPerturbed_cnn1_seed42_itr20_sgd_itr1/63910122191521_cnn1_patch_1.0,14.0,14.0,3.0_ctag0__HyperAttackHints_VagharDeps_PertruebedIntervals_cTag1.txt","/root/Downloads/for_dana/vaghar_org/paper_experiments/mnist/cnn1_exp/patch/eps_1,14,14,3/advStd_cnn1_N1_model_seed42_itr20/63911697516742_n2_cnn1_patch_1.0,14.0,14.0,3.0_ctag0_model_seed42_itr20_sgd_itr1_N2_advStd_mipStart_boundTight_HyperAttackCutoff_VagharDeps_PerturbedIntervals_cTag1.txt"
cnn1,patch,"1,14,14,3",0,3,96.17,215.02,16.516486,16.644788,16.384820,16.516486,-0.128302,yes,off,no,yes,no,no,off,off,elim not activated,elim not activated,relax not activated,relax not activated,0,2.24x,,,,0.128302,0.131666,,OPTIMAL,"/root/Downloads/for_dana/vaghar_org/paper_experiments/mnist/cnn1_exp/patch/eps_1,14,14,3/vagharWithPerturbed_cnn1_seed42_itr20_sgd_itr1/63910122191521_cnn1_patch_1.0,14.0,14.0,3.0_ctag0__HyperAttackHints_VagharDeps_PertruebedIntervals_cTag1.txt","/root/Downloads/for_dana/vaghar_org/paper_experiments/mnist/cnn1_exp/patch/eps_1,14,14,3/advStd_cnn1_N1_model_seed42_itr20/63911693565786_n2_cnn1_patch_1.0,14.0,14.0,3.0_ctag0_model_seed42_itr20_sgd_itr1_N2_advStd_mipStart_boundTight_VagharDeps_PerturbedIntervals_cTag1.txt"
cnn1,patch,"1,14,14,3",0,3,96.17,245.19,16.516486,16.644788,16.384820,16.516486,-0.128302,yes,off,no,yes,no,no,off,off,elim not activated,elim not activated,relax not activated,relax not activated,0,2.55x,,,,0.128302,0.131666,,OPTIMAL,"/root/Downloads/for_dana/vaghar_org/paper_experiments/mnist/cnn1_exp/patch/eps_1,14,14,3/vagharWithPerturbed_cnn1_seed42_itr20_sgd_itr1/63910122191521_cnn1_patch_1.0,14.0,14.0,3.0_ctag0__HyperAttackHints_VagharDeps_PertruebedIntervals_cTag1.txt","/root/Downloads/for_dana/vaghar_org/paper_experiments/mnist/cnn1_exp/patch/eps_1,14,14,3/advStd_cnn1_N1_model_seed42_itr20/63911696298659_n2_cnn1_patch_1.0,14.0,14.0,3.0_ctag0_model_seed42_itr20_sgd_itr1_N2_advStd_mipStart_boundTight_VagharDeps_PerturbedIntervals_cTag1.txt"
cnn1,patch,"1,14,14,3",0,3,96.17,474.72,16.516486,16.644788,16.516491,16.516694,-0.128094,yes,off,no,no,no,no,off,off,elim not activated,elim not activated,relax not activated,relax not activated,0,4.94x,,,,0.128302,0.000203,,OPTIMAL,"/root/Downloads/for_dana/vaghar_org/paper_experiments/mnist/cnn1_exp/patch/eps_1,14,14,3/vagharWithPerturbed_cnn1_seed42_itr20_sgd_itr1/63910122191521_cnn1_patch_1.0,14.0,14.0,3.0_ctag0__HyperAttackHints_VagharDeps_PertruebedIntervals_cTag1.txt","/root/Downloads/for_dana/vaghar_org/paper_experiments/mnist/cnn1_exp/patch/eps_1,14,14,3/advStd_cnn1_N1_model_seed42_itr20/63911692123327_n2_cnn1_patch_1.0,14.0,14.0,3.0_ctag0_model_seed42_itr20_sgd_itr1_N2_advStd_mipStart_VagharDeps_PerturbedIntervals_cTag1.txt"
cnn1,patch,"1,14,14,3",0,3,96.17,490.76,16.516486,16.644788,16.516491,16.516694,-0.128094,yes,off,no,yes,no,no,off,off,elim not activated,elim not activated,relax not activated,relax not activated,0,5.10x,,,,0.128302,0.000203,,OPTIMAL,"/root/Downloads/for_dana/vaghar_org/paper_experiments/mnist/cnn1_exp/patch/eps_1,14,14,3/vagharWithPerturbed_cnn1_seed42_itr20_sgd_itr1/63910122191521_cnn1_patch_1.0,14.0,14.0,3.0_ctag0__HyperAttackHints_VagharDeps_PertruebedIntervals_cTag1.txt","/root/Downloads/for_dana/vaghar_org/paper_experiments/mnist/cnn1_exp/patch/eps_1,14,14,3/advStd_cnn1_N1_model_seed42_itr20/63911691602842_n2_cnn1_patch_1.0,14.0,14.0,3.0_ctag0_model_seed42_itr20_sgd_itr1_N2_advStd_mipStart_boundTight_VagharDeps_PerturbedIntervals_cTag1.txt"
cnn1,patch,"1,14,14,3",0,3,96.17,568.03,16.516486,16.644788,16.516491,16.516694,-0.128094,yes,off,no,no,no,no,off,off,elim not activated,elim not activated,relax not activated,relax not activated,0,5.91x,,,,0.128302,0.000203,,OPTIMAL,"/root/Downloads/for_dana/vaghar_org/paper_experiments/mnist/cnn1_exp/patch/eps_1,14,14,3/vagharWithPerturbed_cnn1_seed42_itr20_sgd_itr1/63910122191521_cnn1_patch_1.0,14.0,14.0,3.0_ctag0__HyperAttackHints_VagharDeps_PertruebedIntervals_cTag1.txt","/root/Downloads/for_dana/vaghar_org/paper_experiments/mnist/cnn1_exp/patch/eps_1,14,14,3/advStd_cnn1_N1_model_seed42_itr20/63911692885354_n2_cnn1_patch_1.0,14.0,14.0,3.0_ctag0_model_seed42_itr20_sgd_itr1_N2_advStd_mipStart_VagharDeps_PerturbedIntervals_cTag1.txt"
cnn1,patch,"1,14,14,3",0,3,96.17,587.87,16.516486,16.644788,16.516491,16.516694,-0.128094,yes,bounds,no,yes,no,no,off,off,elim not activated,elim not activated,relax not activated,relax not activated,0,6.11x,,,,0.128302,0.000203,,OPTIMAL,"/root/Downloads/for_dana/vaghar_org/paper_experiments/mnist/cnn1_exp/patch/eps_1,14,14,3/vagharWithPerturbed_cnn1_seed42_itr20_sgd_itr1/63910122191521_cnn1_patch_1.0,14.0,14.0,3.0_ctag0__HyperAttackHints_VagharDeps_PertruebedIntervals_cTag1.txt","/root/Downloads/for_dana/vaghar_org/paper_experiments/mnist/cnn1_exp/patch/eps_1,14,14,3/advStd_cnn1_N1_model_seed42_itr20/63911696302687_n2_cnn1_patch_1.0,14.0,14.0,3.0_ctag0_model_seed42_itr20_sgd_itr1_N2_advStd_mipStart_branchPri_boundTight_VagharDeps_PerturbedIntervals_cTag1.txt"
cnn1,patch,"1,14,14,3",0,3,96.17,603.79,16.516486,16.644788,16.516491,16.516694,-0.128094,yes,off,no,no,no,no,off,off,elim not activated,elim not activated,relax not activated,relax not activated,0,6.28x,,,,0.128302,0.000203,,OPTIMAL,"/root/Downloads/for_dana/vaghar_org/paper_experiments/mnist/cnn1_exp/patch/eps_1,14,14,3/vagharWithPerturbed_cnn1_seed42_itr20_sgd_itr1/63910122191521_cnn1_patch_1.0,14.0,14.0,3.0_ctag0__HyperAttackHints_VagharDeps_PertruebedIntervals_cTag1.txt","/root/Downloads/for_dana/vaghar_org/paper_experiments/mnist/cnn1_exp/patch/eps_1,14,14,3/advStd_cnn1_N1_model_seed42_itr20/63911694156254_n2_cnn1_patch_1.0,14.0,14.0,3.0_ctag0_model_seed42_itr20_sgd_itr1_N2_advStd_mipStart_VagharDeps_PerturbedIntervals_cTag1.txt"
cnn1,patch,"1,14,14,3",0,3,96.17,659.50,16.516486,16.644788,16.516491,16.516694,-0.128094,yes,off,no,yes,no,no,off,off,elim not activated,elim not activated,relax not activated,relax not activated,0,6.86x,,,,0.128302,0.000203,,OPTIMAL,"/root/Downloads/for_dana/vaghar_org/paper_experiments/mnist/cnn1_exp/patch/eps_1,14,14,3/vagharWithPerturbed_cnn1_seed42_itr20_sgd_itr1/63910122191521_cnn1_patch_1.0,14.0,14.0,3.0_ctag0__HyperAttackHints_VagharDeps_PertruebedIntervals_cTag1.txt","/root/Downloads/for_dana/vaghar_org/paper_experiments/mnist/cnn1_exp/patch/eps_1,14,14,3/advStd_cnn1_N1_model_seed42_itr20/63911692315235_n2_cnn1_patch_1.0,14.0,14.0,3.0_ctag0_model_seed42_itr20_sgd_itr1_N2_advStd_mipStart_boundTight_VagharDeps_PerturbedIntervals_cTag1.txt"
cnn1,patch,"1,14,14,3",0,3,96.17,715.24,16.516486,16.644788,16.516491,16.516694,-0.128094,yes,bounds,no,no,no,no,off,off,elim not activated,elim not activated,relax not activated,relax not activated,0,7.44x,,,,0.128302,0.000203,,OPTIMAL,"/root/Downloads/for_dana/vaghar_org/paper_experiments/mnist/cnn1_exp/patch/eps_1,14,14,3/vagharWithPerturbed_cnn1_seed42_itr20_sgd_itr1/63910122191521_cnn1_patch_1.0,14.0,14.0,3.0_ctag0__HyperAttackHints_VagharDeps_PertruebedIntervals_cTag1.txt","/root/Downloads/for_dana/vaghar_org/paper_experiments/mnist/cnn1_exp/patch/eps_1,14,14,3/advStd_cnn1_N1_model_seed42_itr20/63911696309204_n2_cnn1_patch_1.0,14.0,14.0,3.0_ctag0_model_seed42_itr20_sgd_itr1_N2_advStd_mipStart_branchPri_VagharDeps_PerturbedIntervals_cTag1.txt"
cnn1,patch,"1,14,14,3",0,3,96.17,725.07,16.516486,16.644788,16.516489,16.674326,0.029538,yes,bounds,no,no,no,no,off,off,elim not activated,elim not activated,relax not activated,relax not activated,2,7.54x,,,,0.128302,0.157837,,OPTIMAL,"/root/Downloads/for_dana/vaghar_org/paper_experiments/mnist/cnn1_exp/patch/eps_1,14,14,3/vagharWithPerturbed_cnn1_seed42_itr20_sgd_itr1/63910122191521_cnn1_patch_1.0,14.0,14.0,3.0_ctag0__HyperAttackHints_VagharDeps_PertruebedIntervals_cTag1.txt","/root/Downloads/for_dana/vaghar_org/paper_experiments/mnist/cnn1_exp/patch/eps_1,14,14,3/advStd_cnn1_N1_model_seed42_itr20/63911734197280_n2_cnn1_patch_1.0,14.0,14.0,3.0_ctag0_model_seed42_itr20_sgd_itr1_N2_advStd_mipStart_branchPri_seed2_HyperAttackCutoff_VagharDeps_PerturbedIntervals_cTag1.txt"
cnn1,patch,"1,14,14,3",0,3,96.17,726.04,16.516486,16.644788,16.516489,16.674326,0.029538,yes,off,no,no,no,no,off,off,elim not activated,elim not activated,relax not activated,relax not activated,2,7.55x,,,,0.128302,0.157837,,OPTIMAL,"/root/Downloads/for_dana/vaghar_org/paper_experiments/mnist/cnn1_exp/patch/eps_1,14,14,3/vagharWithPerturbed_cnn1_seed42_itr20_sgd_itr1/63910122191521_cnn1_patch_1.0,14.0,14.0,3.0_ctag0__HyperAttackHints_VagharDeps_PertruebedIntervals_cTag1.txt","/root/Downloads/for_dana/vaghar_org/paper_experiments/mnist/cnn1_exp/patch/eps_1,14,14,3/advStd_cnn1_N1_model_seed42_itr20/63911740168308_n2_cnn1_patch_1.0,14.0,14.0,3.0_ctag0_model_seed42_itr20_sgd_itr1_N2_advStd_mipStart_seed2_HyperAttackCutoff_VagharDeps_PerturbedIntervals_cTag1.txt"
cnn1,patch,"1,14,14,3",0,3,96.17,736.00,16.516486,16.644788,16.516489,16.674326,0.029538,yes,bounds,no,yes,no,no,off,off,elim not activated,elim not activated,relax not activated,relax not activated,2,7.65x,,,,0.128302,0.157837,,OPTIMAL,"/root/Downloads/for_dana/vaghar_org/paper_experiments/mnist/cnn1_exp/patch/eps_1,14,14,3/vagharWithPerturbed_cnn1_seed42_itr20_sgd_itr1/63910122191521_cnn1_patch_1.0,14.0,14.0,3.0_ctag0__HyperAttackHints_VagharDeps_PertruebedIntervals_cTag1.txt","/root/Downloads/for_dana/vaghar_org/paper_experiments/mnist/cnn1_exp/patch/eps_1,14,14,3/advStd_cnn1_N1_model_seed42_itr20/63911732540408_n2_cnn1_patch_1.0,14.0,14.0,3.0_ctag0_model_seed42_itr20_sgd_itr1_N2_advStd_mipStart_branchPri_boundTight_seed2_HyperAttackCutoff_VagharDeps_PerturbedIntervals_cTag1.txt"
cnn1,patch,"1,14,14,3",0,3,96.17,735.49,16.516486,16.644788,16.516489,16.674326,0.029538,yes,off,no,yes,no,no,off,off,elim not activated,elim not activated,relax not activated,relax not activated,2,7.65x,,,,0.128302,0.157837,,OPTIMAL,"/root/Downloads/for_dana/vaghar_org/paper_experiments/mnist/cnn1_exp/patch/eps_1,14,14,3/vagharWithPerturbed_cnn1_seed42_itr20_sgd_itr1/63910122191521_cnn1_patch_1.0,14.0,14.0,3.0_ctag0__HyperAttackHints_VagharDeps_PertruebedIntervals_cTag1.txt","/root/Downloads/for_dana/vaghar_org/paper_experiments/mnist/cnn1_exp/patch/eps_1,14,14,3/advStd_cnn1_N1_model_seed42_itr20/63911738622446_n2_cnn1_patch_1.0,14.0,14.0,3.0_ctag0_model_seed42_itr20_sgd_itr1_N2_advStd_mipStart_boundTight_seed2_HyperAttackCutoff_VagharDeps_PerturbedIntervals_cTag1.txt"
cnn1,patch,"1,14,14,3",0,3,96.17,1509.00,16.516486,16.644788,16.516497,16.536939,-0.107849,yes,bounds,no,no,no,no,off,off,elim not activated,elim not activated,relax not activated,relax not activated,4,15.69x,,,,0.128302,0.020443,,OPTIMAL,"/root/Downloads/for_dana/vaghar_org/paper_experiments/mnist/cnn1_exp/patch/eps_1,14,14,3/vagharWithPerturbed_cnn1_seed42_itr20_sgd_itr1/63910122191521_cnn1_patch_1.0,14.0,14.0,3.0_ctag0__HyperAttackHints_VagharDeps_PertruebedIntervals_cTag1.txt","/root/Downloads/for_dana/vaghar_org/paper_experiments/mnist/cnn1_exp/patch/eps_1,14,14,3/advStd_cnn1_N1_model_seed42_itr20/63911735080168_n2_cnn1_patch_1.0,14.0,14.0,3.0_ctag0_model_seed42_itr20_sgd_itr1_N2_advStd_mipStart_branchPri_seed4_HyperAttackCutoff_VagharDeps_PerturbedIntervals_cTag1.txt"
cnn1,patch,"1,14,14,3",0,3,96.17,1509.97,16.516486,16.644788,16.516497,16.536939,-0.107849,yes,off,no,no,no,no,off,off,elim not activated,elim not activated,relax not activated,relax not activated,4,15.70x,,,,0.128302,0.020443,,OPTIMAL,"/root/Downloads/for_dana/vaghar_org/paper_experiments/mnist/cnn1_exp/patch/eps_1,14,14,3/vagharWithPerturbed_cnn1_seed42_itr20_sgd_itr1/63910122191521_cnn1_patch_1.0,14.0,14.0,3.0_ctag0__HyperAttackHints_VagharDeps_PertruebedIntervals_cTag1.txt","/root/Downloads/for_dana/vaghar_org/paper_experiments/mnist/cnn1_exp/patch/eps_1,14,14,3/advStd_cnn1_N1_model_seed42_itr20/63911741632558_n2_cnn1_patch_1.0,14.0,14.0,3.0_ctag0_model_seed42_itr20_sgd_itr1_N2_advStd_mipStart_seed4_HyperAttackCutoff_VagharDeps_PerturbedIntervals_cTag1.txt"
cnn1,patch,"1,14,14,3",0,3,96.17,1514.30,16.516486,16.644788,16.516497,16.536939,-0.107849,yes,bounds,no,yes,no,no,off,off,elim not activated,elim not activated,relax not activated,relax not activated,4,15.75x,,,,0.128302,0.020443,,OPTIMAL,"/root/Downloads/for_dana/vaghar_org/paper_experiments/mnist/cnn1_exp/patch/eps_1,14,14,3/vagharWithPerturbed_cnn1_seed42_itr20_sgd_itr1/63910122191521_cnn1_patch_1.0,14.0,14.0,3.0_ctag0__HyperAttackHints_VagharDeps_PertruebedIntervals_cTag1.txt","/root/Downloads/for_dana/vaghar_org/paper_experiments/mnist/cnn1_exp/patch/eps_1,14,14,3/advStd_cnn1_N1_model_seed42_itr20/63911733277775_n2_cnn1_patch_1.0,14.0,14.0,3.0_ctag0_model_seed42_itr20_sgd_itr1_N2_advStd_mipStart_branchPri_boundTight_seed4_HyperAttackCutoff_VagharDeps_PerturbedIntervals_cTag1.txt"
cnn1,patch,"1,14,14,3",0,3,96.17,1542.74,16.516486,16.644788,16.516497,16.536939,-0.107849,yes,off,no,yes,no,no,off,off,elim not activated,elim not activated,relax not activated,relax not activated,4,16.04x,,,,0.128302,0.020443,,OPTIMAL,"/root/Downloads/for_dana/vaghar_org/paper_experiments/mnist/cnn1_exp/patch/eps_1,14,14,3/vagharWithPerturbed_cnn1_seed42_itr20_sgd_itr1/63910122191521_cnn1_patch_1.0,14.0,14.0,3.0_ctag0__HyperAttackHints_VagharDeps_PertruebedIntervals_cTag1.txt","/root/Downloads/for_dana/vaghar_org/paper_experiments/mnist/cnn1_exp/patch/eps_1,14,14,3/advStd_cnn1_N1_model_seed42_itr20/63911739885093_n2_cnn1_patch_1.0,14.0,14.0,3.0_ctag0_model_seed42_itr20_sgd_itr1_N2_advStd_mipStart_boundTight_seed4_HyperAttackCutoff_VagharDeps_PerturbedIntervals_cTag1.txt"
cnn1,patch,"1,14,14,3",0,3,96.17,1634.95,16.516486,16.644788,16.516491,16.524639,-0.120149,no,off,no,yes,no,no,lp,off,0,0,relax not activated,relax not activated,2,17.00x,,,,0.128302,0.008148,,OPTIMAL,"/root/Downloads/for_dana/vaghar_org/paper_experiments/mnist/cnn1_exp/patch/eps_1,14,14,3/vagharWithPerturbed_cnn1_seed42_itr20_sgd_itr1/63910122191521_cnn1_patch_1.0,14.0,14.0,3.0_ctag0__HyperAttackHints_VagharDeps_PertruebedIntervals_cTag1.txt","/root/Downloads/for_dana/vaghar_org/paper_experiments/mnist/cnn1_exp/patch/eps_1,14,14,3/advStd_cnn1_N1_model_seed42_itr20/63911885853526_n2_cnn1_patch_1.0,14.0,14.0,3.0_ctag0_model_seed42_itr20_sgd_itr1_N2_advStd_boundTight_n1ProbeLP_seed2_elimOrg0_elimPert0_HyperAttackHints_VagharDeps_PerturbedIntervals_cTag1.txt"
cnn1,patch,"1,14,14,3",0,3,96.17,1644.28,16.516486,16.644788,16.516491,16.524639,-0.120149,no,off,no,yes,no,yes,off,off,elim not activated,elim not activated,relax not activated,relax not activated,2,17.10x,,,,0.128302,0.008148,,OPTIMAL,"/root/Downloads/for_dana/vaghar_org/paper_experiments/mnist/cnn1_exp/patch/eps_1,14,14,3/vagharWithPerturbed_cnn1_seed42_itr20_sgd_itr1/63910122191521_cnn1_patch_1.0,14.0,14.0,3.0_ctag0__HyperAttackHints_VagharDeps_PertruebedIntervals_cTag1.txt","/root/Downloads/for_dana/vaghar_org/paper_experiments/mnist/cnn1_exp/patch/eps_1,14,14,3/advStd_cnn1_N1_model_seed42_itr20/63911946565753_n2_cnn1_patch_1.0,14.0,14.0,3.0_ctag0_model_seed42_itr20_sgd_itr1_N2_advStd_boundTight_zonoBounds_seed2_HyperAttackHints_VagharDeps_PerturbedIntervals_cTag1.txt"
cnn1,patch,"1,14,14,3",0,3,96.17,1652.63,16.516486,16.644788,16.516491,16.524639,-0.120149,no,bounds,no,no,no,no,off,off,elim not activated,elim not activated,relax not activated,relax not activated,2,17.18x,,,,0.128302,0.008148,,OPTIMAL,"/root/Downloads/for_dana/vaghar_org/paper_experiments/mnist/cnn1_exp/patch/eps_1,14,14,3/vagharWithPerturbed_cnn1_seed42_itr20_sgd_itr1/63910122191521_cnn1_patch_1.0,14.0,14.0,3.0_ctag0__HyperAttackHints_VagharDeps_PertruebedIntervals_cTag1.txt","/root/Downloads/for_dana/vaghar_org/paper_experiments/mnist/cnn1_exp/patch/eps_1,14,14,3/advStd_cnn1_N1_model_seed42_itr20/63911747437184_n2_cnn1_patch_1.0,14.0,14.0,3.0_ctag0_model_seed42_itr20_sgd_itr1_N2_advStd_branchPri_seed2_HyperAttackHints_VagharDeps_PerturbedIntervals_cTag1.txt"
cnn1,patch,"1,14,14,3",0,3,96.17,1655.62,16.516486,16.644788,16.516491,16.524639,-0.120149,no,off,no,yes,no,no,off,off,elim not activated,elim not activated,relax not activated,relax not activated,2,17.21x,,,,0.128302,0.008148,,OPTIMAL,"/root/Downloads/for_dana/vaghar_org/paper_experiments/mnist/cnn1_exp/patch/eps_1,14,14,3/vagharWithPerturbed_cnn1_seed42_itr20_sgd_itr1/63910122191521_cnn1_patch_1.0,14.0,14.0,3.0_ctag0__HyperAttackHints_VagharDeps_PertruebedIntervals_cTag1.txt","/root/Downloads/for_dana/vaghar_org/paper_experiments/mnist/cnn1_exp/patch/eps_1,14,14,3/advStd_cnn1_N1_model_seed42_itr20/63911753068117_n2_cnn1_patch_1.0,14.0,14.0,3.0_ctag0_model_seed42_itr20_sgd_itr1_N2_advStd_boundTight_seed2_HyperAttackHints_VagharDeps_PerturbedIntervals_cTag1.txt"
cnn1,patch,"1,14,14,3",0,3,96.17,1678.89,16.516486,16.644788,16.516491,16.524639,-0.120149,no,bounds,no,yes,no,yes,off,off,elim not activated,elim not activated,relax not activated,relax not activated,2,17.46x,,,,0.128302,0.008148,,OPTIMAL,"/root/Downloads/for_dana/vaghar_org/paper_experiments/mnist/cnn1_exp/patch/eps_1,14,14,3/vagharWithPerturbed_cnn1_seed42_itr20_sgd_itr1/63910122191521_cnn1_patch_1.0,14.0,14.0,3.0_ctag0__HyperAttackHints_VagharDeps_PertruebedIntervals_cTag1.txt","/root/Downloads/for_dana/vaghar_org/paper_experiments/mnist/cnn1_exp/patch/eps_1,14,14,3/advStd_cnn1_N1_model_seed42_itr20/63911979396214_n2_cnn1_patch_1.0,14.0,14.0,3.0_ctag0_model_seed42_itr20_sgd_itr1_N2_advStd_branchPri_boundTight_zonoBounds_seed2_HyperAttackHints_VagharDeps_PerturbedIntervals_cTag1.txt"
cnn1,patch,"1,14,14,3",0,3,96.17,1685.29,16.516486,16.644788,16.516491,16.524639,-0.120149,no,bounds,no,yes,no,no,lp,off,0,0,relax not activated,relax not activated,2,17.52x,,,,0.128302,0.008148,,OPTIMAL,"/root/Downloads/for_dana/vaghar_org/paper_experiments/mnist/cnn1_exp/patch/eps_1,14,14,3/vagharWithPerturbed_cnn1_seed42_itr20_sgd_itr1/63910122191521_cnn1_patch_1.0,14.0,14.0,3.0_ctag0__HyperAttackHints_VagharDeps_PertruebedIntervals_cTag1.txt","/root/Downloads/for_dana/vaghar_org/paper_experiments/mnist/cnn1_exp/patch/eps_1,14,14,3/advStd_cnn1_N1_model_seed42_itr20/63911916553797_n2_cnn1_patch_1.0,14.0,14.0,3.0_ctag0_model_seed42_itr20_sgd_itr1_N2_advStd_branchPri_boundTight_n1ProbeLP_seed2_elimOrg0_elimPert0_HyperAttackHints_VagharDeps_PerturbedIntervals_cTag1.txt"
cnn1,patch,"1,14,14,3",0,3,96.17,1686.18,16.516486,16.644788,16.516491,16.524639,-0.120149,no,bounds,no,yes,no,yes,lp,off,0,0,relax not activated,relax not activated,2,17.53x,,,,0.128302,0.008148,,OPTIMAL,"/root/Downloads/for_dana/vaghar_org/paper_experiments/mnist/cnn1_exp/patch/eps_1,14,14,3/vagharWithPerturbed_cnn1_seed42_itr20_sgd_itr1/63910122191521_cnn1_patch_1.0,14.0,14.0,3.0_ctag0__HyperAttackHints_VagharDeps_PertruebedIntervals_cTag1.txt","/root/Downloads/for_dana/vaghar_org/paper_experiments/mnist/cnn1_exp/patch/eps_1,14,14,3/advStd_cnn1_N1_model_seed42_itr20/63911995393975_n2_cnn1_patch_1.0,14.0,14.0,3.0_ctag0_model_seed42_itr20_sgd_itr1_N2_advStd_branchPri_boundTight_zonoBounds_n1ProbeLP_seed2_elimOrg0_elimPert0_HyperAttackHints_VagharDeps_PerturbedIntervals_cTag1.txt"
cnn1,patch,"1,14,14,3",0,3,96.17,1722.91,16.516486,16.644788,16.516491,16.524639,-0.120149,no,off,no,yes,no,yes,lp,off,0,0,relax not activated,relax not activated,2,17.91x,,,,0.128302,0.008148,,OPTIMAL,"/root/Downloads/for_dana/vaghar_org/paper_experiments/mnist/cnn1_exp/patch/eps_1,14,14,3/vagharWithPerturbed_cnn1_seed42_itr20_sgd_itr1/63910122191521_cnn1_patch_1.0,14.0,14.0,3.0_ctag0__HyperAttackHints_VagharDeps_PertruebedIntervals_cTag1.txt","/root/Downloads/for_dana/vaghar_org/paper_experiments/mnist/cnn1_exp/patch/eps_1,14,14,3/advStd_cnn1_N1_model_seed42_itr20/63911962463298_n2_cnn1_patch_1.0,14.0,14.0,3.0_ctag0_model_seed42_itr20_sgd_itr1_N2_advStd_boundTight_zonoBounds_n1ProbeLP_seed2_elimOrg0_elimPert0_HyperAttackHints_VagharDeps_PerturbedIntervals_cTag1.txt"
cnn1,patch,"1,14,14,3",0,3,96.17,1742.11,16.516486,16.644788,16.516491,16.524639,-0.120149,no,bounds,no,yes,no,no,off,off,elim not activated,elim not activated,relax not activated,relax not activated,2,18.11x,,,,0.128302,0.008148,,OPTIMAL,"/root/Downloads/for_dana/vaghar_org/paper_experiments/mnist/cnn1_exp/patch/eps_1,14,14,3/vagharWithPerturbed_cnn1_seed42_itr20_sgd_itr1/63910122191521_cnn1_patch_1.0,14.0,14.0,3.0_ctag0__HyperAttackHints_VagharDeps_PertruebedIntervals_cTag1.txt","/root/Downloads/for_dana/vaghar_org/paper_experiments/mnist/cnn1_exp/patch/eps_1,14,14,3/advStd_cnn1_N1_model_seed42_itr20/63911746039615_n2_cnn1_patch_1.0,14.0,14.0,3.0_ctag0_model_seed42_itr20_sgd_itr1_N2_advStd_branchPri_boundTight_seed2_HyperAttackHints_VagharDeps_PerturbedIntervals_cTag1.txt"
cnn1,patch,"1,14,14,3",0,3,96.17,1811.39,16.516486,16.644788,16.604709,16.964571,0.319783,no,off,no,yes,no,no,off,1.0,elim not activated,elim not activated,82,82,2,18.83x,,,,0.128302,0.359862,,TIME_LIMIT,"/root/Downloads/for_dana/vaghar_org/paper_experiments/mnist/cnn1_exp/patch/eps_1,14,14,3/vagharWithPerturbed_cnn1_seed42_itr20_sgd_itr1/63910122191521_cnn1_patch_1.0,14.0,14.0,3.0_ctag0__HyperAttackHints_VagharDeps_PertruebedIntervals_cTag1.txt","/root/Downloads/for_dana/vaghar_org/paper_experiments/mnist/cnn1_exp/patch/eps_1,14,14,3/advStd_cnn1_N1_model_seed42_itr20/63911882595534_n2_cnn1_patch_1.0,14.0,14.0,3.0_ctag0_model_seed42_itr20_sgd_itr1_N2_advStd_boundTight_relaxT1.0_seed2_HyperAttackHints_VagharDeps_PerturbedIntervals_cTag1.txt"
cnn1,patch,"1,14,14,3",0,3,96.17,1811.26,16.516486,16.644788,16.604723,19.712360,3.067572,no,off,no,yes,yes,no,lp,0.5,0,0,82,82,2,18.83x,,,,0.128302,3.107637,,TIME_LIMIT,"/root/Downloads/for_dana/vaghar_org/paper_experiments/mnist/cnn1_exp/patch/eps_1,14,14,3/vagharWithPerturbed_cnn1_seed42_itr20_sgd_itr1/63910122191521_cnn1_patch_1.0,14.0,14.0,3.0_ctag0__HyperAttackHints_VagharDeps_PertruebedIntervals_cTag1.txt","/root/Downloads/for_dana/vaghar_org/paper_experiments/mnist/cnn1_exp/patch/eps_1,14,14,3/advStd_cnn1_N1_model_seed42_itr20/63911896079493_n2_cnn1_patch_1.0,14.0,14.0,3.0_ctag0_model_seed42_itr20_sgd_itr1_N2_advStd_boundTight_n1ProbeLP_relaxT0.5_varHint_seed2_elimOrg0_elimPert0_HyperAttackHints_VagharDeps_PerturbedIntervals_cTag1.txt"
cnn1,patch,"1,14,14,3",0,3,96.17,1811.31,16.516486,16.644788,16.604723,19.712360,3.067572,no,off,no,yes,yes,no,lp,1.0,0,0,82,82,2,18.83x,,,,0.128302,3.107637,,TIME_LIMIT,"/root/Downloads/for_dana/vaghar_org/paper_experiments/mnist/cnn1_exp/patch/eps_1,14,14,3/vagharWithPerturbed_cnn1_seed42_itr20_sgd_itr1/63910122191521_cnn1_patch_1.0,14.0,14.0,3.0_ctag0__HyperAttackHints_VagharDeps_PertruebedIntervals_cTag1.txt","/root/Downloads/for_dana/vaghar_org/paper_experiments/mnist/cnn1_exp/patch/eps_1,14,14,3/advStd_cnn1_N1_model_seed42_itr20/63911899807303_n2_cnn1_patch_1.0,14.0,14.0,3.0_ctag0_model_seed42_itr20_sgd_itr1_N2_advStd_boundTight_n1ProbeLP_relaxT1.0_varHint_seed2_elimOrg0_elimPert0_HyperAttackHints_VagharDeps_PerturbedIntervals_cTag1.txt"
cnn1,patch,"1,14,14,3",0,3,96.17,1811.33,16.516486,16.644788,16.604709,16.964571,0.319783,no,bounds,no,yes,no,yes,off,1.0,elim not activated,elim not activated,82,82,2,18.83x,,,,0.128302,0.359862,,TIME_LIMIT,"/root/Downloads/for_dana/vaghar_org/paper_experiments/mnist/cnn1_exp/patch/eps_1,14,14,3/vagharWithPerturbed_cnn1_seed42_itr20_sgd_itr1/63910122191521_cnn1_patch_1.0,14.0,14.0,3.0_ctag0__HyperAttackHints_VagharDeps_PertruebedIntervals_cTag1.txt","/root/Downloads/for_dana/vaghar_org/paper_experiments/mnist/cnn1_exp/patch/eps_1,14,14,3/advStd_cnn1_N1_model_seed42_itr20/63911991987681_n2_cnn1_patch_1.0,14.0,14.0,3.0_ctag0_model_seed42_itr20_sgd_itr1_N2_advStd_branchPri_boundTight_zonoBounds_relaxT1.0_seed2_HyperAttackHints_VagharDeps_PerturbedIntervals_cTag1.txt"
cnn1,patch,"1,14,14,3",0,3,96.17,1811.36,16.516486,16.644788,16.604723,19.712360,3.067572,no,bounds,no,yes,yes,yes,off,1.0,elim not activated,elim not activated,82,82,2,18.83x,,,,0.128302,3.107637,,TIME_LIMIT,"/root/Downloads/for_dana/vaghar_org/paper_experiments/mnist/cnn1_exp/patch/eps_1,14,14,3/vagharWithPerturbed_cnn1_seed42_itr20_sgd_itr1/63910122191521_cnn1_patch_1.0,14.0,14.0,3.0_ctag0__HyperAttackHints_VagharDeps_PertruebedIntervals_cTag1.txt","/root/Downloads/for_dana/vaghar_org/paper_experiments/mnist/cnn1_exp/patch/eps_1,14,14,3/advStd_cnn1_N1_model_seed42_itr20/63911993411653_n2_cnn1_patch_1.0,14.0,14.0,3.0_ctag0_model_seed42_itr20_sgd_itr1_N2_advStd_branchPri_boundTight_zonoBounds_relaxT1.0_varHint_seed2_HyperAttackHints_VagharDeps_PerturbedIntervals_cTag1.txt"
cnn1,patch,"1,14,14,3",0,3,96.17,1811.74,16.516486,16.644788,16.604709,16.964571,0.319783,no,off,no,yes,no,no,off,0.5,elim not activated,elim not activated,82,82,2,18.84x,,,,0.128302,0.359862,,TIME_LIMIT,"/root/Downloads/for_dana/vaghar_org/paper_experiments/mnist/cnn1_exp/patch/eps_1,14,14,3/vagharWithPerturbed_cnn1_seed42_itr20_sgd_itr1/63910122191521_cnn1_patch_1.0,14.0,14.0,3.0_ctag0__HyperAttackHints_VagharDeps_PertruebedIntervals_cTag1.txt","/root/Downloads/for_dana/vaghar_org/paper_experiments/mnist/cnn1_exp/patch/eps_1,14,14,3/advStd_cnn1_N1_model_seed42_itr20/63911879416569_n2_cnn1_patch_1.0,14.0,14.0,3.0_ctag0_model_seed42_itr20_sgd_itr1_N2_advStd_boundTight_relaxT0.5_seed2_HyperAttackHints_VagharDeps_PerturbedIntervals_cTag1.txt"
cnn1,patch,"1,14,14,3",0,3,96.17,1812.03,16.516486,16.644788,16.604716,22.988899,6.344111,no,off,no,yes,no,no,off,0.5,elim not activated,elim not activated,82,82,3,18.84x,,,,0.128302,6.384183,,TIME_LIMIT,"/root/Downloads/for_dana/vaghar_org/paper_experiments/mnist/cnn1_exp/patch/eps_1,14,14,3/vagharWithPerturbed_cnn1_seed42_itr20_sgd_itr1/63910122191521_cnn1_patch_1.0,14.0,14.0,3.0_ctag0__HyperAttackHints_VagharDeps_PertruebedIntervals_cTag1.txt","/root/Downloads/for_dana/vaghar_org/paper_experiments/mnist/cnn1_exp/patch/eps_1,14,14,3/advStd_cnn1_N1_model_seed42_itr20/63911879449825_n2_cnn1_patch_1.0,14.0,14.0,3.0_ctag0_model_seed42_itr20_sgd_itr1_N2_advStd_boundTight_relaxT0.5_seed3_HyperAttackHints_VagharDeps_PerturbedIntervals_cTag1.txt"
cnn1,patch,"1,14,14,3",0,3,96.17,1811.71,16.516486,16.644788,16.604723,19.712360,3.067572,no,off,no,yes,yes,no,off,1.0,elim not activated,elim not activated,82,82,2,18.84x,,,,0.128302,3.107637,,TIME_LIMIT,"/root/Downloads/for_dana/vaghar_org/paper_experiments/mnist/cnn1_exp/patch/eps_1,14,14,3/vagharWithPerturbed_cnn1_seed42_itr20_sgd_itr1/63910122191521_cnn1_patch_1.0,14.0,14.0,3.0_ctag0__HyperAttackHints_VagharDeps_PertruebedIntervals_cTag1.txt","/root/Downloads/for_dana/vaghar_org/paper_experiments/mnist/cnn1_exp/patch/eps_1,14,14,3/advStd_cnn1_N1_model_seed42_itr20/63911883558437_n2_cnn1_patch_1.0,14.0,14.0,3.0_ctag0_model_seed42_itr20_sgd_itr1_N2_advStd_boundTight_relaxT1.0_varHint_seed2_HyperAttackHints_VagharDeps_PerturbedIntervals_cTag1.txt"
cnn1,patch,"1,14,14,3",0,3,96.17,1811.87,16.516486,16.644788,16.604716,22.988899,6.344111,no,off,no,yes,no,no,lp,0.5,0,0,82,82,3,18.84x,,,,0.128302,6.384183,,TIME_LIMIT,"/root/Downloads/for_dana/vaghar_org/paper_experiments/mnist/cnn1_exp/patch/eps_1,14,14,3/vagharWithPerturbed_cnn1_seed42_itr20_sgd_itr1/63910122191521_cnn1_patch_1.0,14.0,14.0,3.0_ctag0__HyperAttackHints_VagharDeps_PertruebedIntervals_cTag1.txt","/root/Downloads/for_dana/vaghar_org/paper_experiments/mnist/cnn1_exp/patch/eps_1,14,14,3/advStd_cnn1_N1_model_seed42_itr20/63911895738337_n2_cnn1_patch_1.0,14.0,14.0,3.0_ctag0_model_seed42_itr20_sgd_itr1_N2_advStd_boundTight_n1ProbeLP_relaxT0.5_seed3_elimOrg0_elimPert0_HyperAttackHints_VagharDeps_PerturbedIntervals_cTag1.txt"
cnn1,patch,"1,14,14,3",0,3,96.17,1812.04,16.516486,16.644788,16.604709,16.964571,0.319783,no,bounds,no,yes,no,no,off,0.5,elim not activated,elim not activated,82,82,2,18.84x,,,,0.128302,0.359862,,TIME_LIMIT,"/root/Downloads/for_dana/vaghar_org/paper_experiments/mnist/cnn1_exp/patch/eps_1,14,14,3/vagharWithPerturbed_cnn1_seed42_itr20_sgd_itr1/63910122191521_cnn1_patch_1.0,14.0,14.0,3.0_ctag0__HyperAttackHints_VagharDeps_PertruebedIntervals_cTag1.txt","/root/Downloads/for_dana/vaghar_org/paper_experiments/mnist/cnn1_exp/patch/eps_1,14,14,3/advStd_cnn1_N1_model_seed42_itr20/63911910085986_n2_cnn1_patch_1.0,14.0,14.0,3.0_ctag0_model_seed42_itr20_sgd_itr1_N2_advStd_branchPri_boundTight_relaxT0.5_seed2_HyperAttackHints_VagharDeps_PerturbedIntervals_cTag1.txt"
cnn1,patch,"1,14,14,3",0,3,96.17,1811.68,16.516486,16.644788,16.604709,16.964571,0.319783,no,bounds,no,yes,no,no,off,1.0,elim not activated,elim not activated,82,82,2,18.84x,,,,0.128302,0.359862,,TIME_LIMIT,"/root/Downloads/for_dana/vaghar_org/paper_experiments/mnist/cnn1_exp/patch/eps_1,14,14,3/vagharWithPerturbed_cnn1_seed42_itr20_sgd_itr1/63910122191521_cnn1_patch_1.0,14.0,14.0,3.0_ctag0__HyperAttackHints_VagharDeps_PertruebedIntervals_cTag1.txt","/root/Downloads/for_dana/vaghar_org/paper_experiments/mnist/cnn1_exp/patch/eps_1,14,14,3/advStd_cnn1_N1_model_seed42_itr20/63911913411483_n2_cnn1_patch_1.0,14.0,14.0,3.0_ctag0_model_seed42_itr20_sgd_itr1_N2_advStd_branchPri_boundTight_relaxT1.0_seed2_HyperAttackHints_VagharDeps_PerturbedIntervals_cTag1.txt"
cnn1,patch,"1,14,14,3",0,3,96.17,1812.18,16.516486,16.644788,16.604716,22.988899,6.344111,no,bounds,no,yes,no,no,off,1.0,elim not activated,elim not activated,82,82,3,18.84x,,,,0.128302,6.384184,,TIME_LIMIT,"/root/Downloads/for_dana/vaghar_org/paper_experiments/mnist/cnn1_exp/patch/eps_1,14,14,3/vagharWithPerturbed_cnn1_seed42_itr20_sgd_itr1/63910122191521_cnn1_patch_1.0,14.0,14.0,3.0_ctag0__HyperAttackHints_VagharDeps_PertruebedIntervals_cTag1.txt","/root/Downloads/for_dana/vaghar_org/paper_experiments/mnist/cnn1_exp/patch/eps_1,14,14,3/advStd_cnn1_N1_model_seed42_itr20/63911913515631_n2_cnn1_patch_1.0,14.0,14.0,3.0_ctag0_model_seed42_itr20_sgd_itr1_N2_advStd_branchPri_boundTight_relaxT1.0_seed3_HyperAttackHints_VagharDeps_PerturbedIntervals_cTag1.txt"
cnn1,patch,"1,14,14,3",0,3,96.17,1812.27,16.516486,16.644788,16.604723,19.712360,3.067572,no,bounds,no,yes,yes,no,off,1.0,elim not activated,elim not activated,82,82,2,18.84x,,,,0.128302,3.107637,,TIME_LIMIT,"/root/Downloads/for_dana/vaghar_org/paper_experiments/mnist/cnn1_exp/patch/eps_1,14,14,3/vagharWithPerturbed_cnn1_seed42_itr20_sgd_itr1/63910122191521_cnn1_patch_1.0,14.0,14.0,3.0_ctag0__HyperAttackHints_VagharDeps_PertruebedIntervals_cTag1.txt","/root/Downloads/for_dana/vaghar_org/paper_experiments/mnist/cnn1_exp/patch/eps_1,14,14,3/advStd_cnn1_N1_model_seed42_itr20/63911914837670_n2_cnn1_patch_1.0,14.0,14.0,3.0_ctag0_model_seed42_itr20_sgd_itr1_N2_advStd_branchPri_boundTight_relaxT1.0_varHint_seed2_HyperAttackHints_VagharDeps_PerturbedIntervals_cTag1.txt"
cnn1,patch,"1,14,14,3",0,3,96.17,1812.33,16.516486,16.644788,16.604716,22.988899,6.344111,no,bounds,no,yes,no,no,lp,0.5,0,0,82,82,3,18.84x,,,,0.128302,6.384183,,TIME_LIMIT,"/root/Downloads/for_dana/vaghar_org/paper_experiments/mnist/cnn1_exp/patch/eps_1,14,14,3/vagharWithPerturbed_cnn1_seed42_itr20_sgd_itr1/63910122191521_cnn1_patch_1.0,14.0,14.0,3.0_ctag0__HyperAttackHints_VagharDeps_PertruebedIntervals_cTag1.txt","/root/Downloads/for_dana/vaghar_org/paper_experiments/mnist/cnn1_exp/patch/eps_1,14,14,3/advStd_cnn1_N1_model_seed42_itr20/63911926488336_n2_cnn1_patch_1.0,14.0,14.0,3.0_ctag0_model_seed42_itr20_sgd_itr1_N2_advStd_branchPri_boundTight_n1ProbeLP_relaxT0.5_seed3_elimOrg0_elimPert0_HyperAttackHints_VagharDeps_PerturbedIntervals_cTag1.txt"
cnn1,patch,"1,14,14,3",0,3,96.17,1811.77,16.516486,16.644788,16.604723,19.712360,3.067572,no,bounds,no,yes,yes,no,lp,0.5,0,0,82,82,2,18.84x,,,,0.128302,3.107637,,TIME_LIMIT,"/root/Downloads/for_dana/vaghar_org/paper_experiments/mnist/cnn1_exp/patch/eps_1,14,14,3/vagharWithPerturbed_cnn1_seed42_itr20_sgd_itr1/63910122191521_cnn1_patch_1.0,14.0,14.0,3.0_ctag0__HyperAttackHints_VagharDeps_PertruebedIntervals_cTag1.txt","/root/Downloads/for_dana/vaghar_org/paper_experiments/mnist/cnn1_exp/patch/eps_1,14,14,3/advStd_cnn1_N1_model_seed42_itr20/63911927120704_n2_cnn1_patch_1.0,14.0,14.0,3.0_ctag0_model_seed42_itr20_sgd_itr1_N2_advStd_branchPri_boundTight_n1ProbeLP_relaxT0.5_varHint_seed2_elimOrg0_elimPert0_HyperAttackHints_VagharDeps_PerturbedIntervals_cTag1.txt"
cnn1,patch,"1,14,14,3",0,3,96.17,1812.15,16.516486,16.644788,16.604709,16.964571,0.319783,no,bounds,no,yes,no,no,lp,1.0,0,0,82,82,2,18.84x,,,,0.128302,0.359862,,TIME_LIMIT,"/root/Downloads/for_dana/vaghar_org/paper_experiments/mnist/cnn1_exp/patch/eps_1,14,14,3/vagharWithPerturbed_cnn1_seed42_itr20_sgd_itr1/63910122191521_cnn1_patch_1.0,14.0,14.0,3.0_ctag0__HyperAttackHints_VagharDeps_PertruebedIntervals_cTag1.txt","/root/Downloads/for_dana/vaghar_org/paper_experiments/mnist/cnn1_exp/patch/eps_1,14,14,3/advStd_cnn1_N1_model_seed42_itr20/63911929179451_n2_cnn1_patch_1.0,14.0,14.0,3.0_ctag0_model_seed42_itr20_sgd_itr1_N2_advStd_branchPri_boundTight_n1ProbeLP_relaxT1.0_seed2_elimOrg0_elimPert0_HyperAttackHints_VagharDeps_PerturbedIntervals_cTag1.txt"
cnn1,patch,"1,14,14,3",0,3,96.17,1811.76,16.516486,16.644788,16.604716,22.988899,6.344111,no,bounds,no,yes,no,no,lp,1.0,0,0,82,82,3,18.84x,,,,0.128302,6.384184,,TIME_LIMIT,"/root/Downloads/for_dana/vaghar_org/paper_experiments/mnist/cnn1_exp/patch/eps_1,14,14,3/vagharWithPerturbed_cnn1_seed42_itr20_sgd_itr1/63910122191521_cnn1_patch_1.0,14.0,14.0,3.0_ctag0__HyperAttackHints_VagharDeps_PertruebedIntervals_cTag1.txt","/root/Downloads/for_dana/vaghar_org/paper_experiments/mnist/cnn1_exp/patch/eps_1,14,14,3/advStd_cnn1_N1_model_seed42_itr20/63911929446364_n2_cnn1_patch_1.0,14.0,14.0,3.0_ctag0_model_seed42_itr20_sgd_itr1_N2_advStd_branchPri_boundTight_n1ProbeLP_relaxT1.0_seed3_elimOrg0_elimPert0_HyperAttackHints_VagharDeps_PerturbedIntervals_cTag1.txt"
cnn1,patch,"1,14,14,3",0,3,96.17,1812.25,16.516486,16.644788,16.604723,19.712360,3.067572,no,bounds,no,yes,yes,no,lp,1.0,0,0,82,82,2,18.84x,,,,0.128302,3.107637,,TIME_LIMIT,"/root/Downloads/for_dana/vaghar_org/paper_experiments/mnist/cnn1_exp/patch/eps_1,14,14,3/vagharWithPerturbed_cnn1_seed42_itr20_sgd_itr1/63910122191521_cnn1_patch_1.0,14.0,14.0,3.0_ctag0__HyperAttackHints_VagharDeps_PertruebedIntervals_cTag1.txt","/root/Downloads/for_dana/vaghar_org/paper_experiments/mnist/cnn1_exp/patch/eps_1,14,14,3/advStd_cnn1_N1_model_seed42_itr20/63911930601039_n2_cnn1_patch_1.0,14.0,14.0,3.0_ctag0_model_seed42_itr20_sgd_itr1_N2_advStd_branchPri_boundTight_n1ProbeLP_relaxT1.0_varHint_seed2_elimOrg0_elimPert0_HyperAttackHints_VagharDeps_PerturbedIntervals_cTag1.txt"
cnn1,patch,"1,14,14,3",0,3,96.17,1812.10,16.516486,16.644788,16.604709,16.964571,0.319783,no,off,no,yes,no,yes,off,0.5,elim not activated,elim not activated,82,82,2,18.84x,,,,0.128302,0.359862,,TIME_LIMIT,"/root/Downloads/for_dana/vaghar_org/paper_experiments/mnist/cnn1_exp/patch/eps_1,14,14,3/vagharWithPerturbed_cnn1_seed42_itr20_sgd_itr1/63910122191521_cnn1_patch_1.0,14.0,14.0,3.0_ctag0__HyperAttackHints_VagharDeps_PertruebedIntervals_cTag1.txt","/root/Downloads/for_dana/vaghar_org/paper_experiments/mnist/cnn1_exp/patch/eps_1,14,14,3/advStd_cnn1_N1_model_seed42_itr20/63911955718104_n2_cnn1_patch_1.0,14.0,14.0,3.0_ctag0_model_seed42_itr20_sgd_itr1_N2_advStd_boundTight_zonoBounds_relaxT0.5_seed2_HyperAttackHints_VagharDeps_PerturbedIntervals_cTag1.txt"
cnn1,patch,"1,14,14,3",0,3,96.17,1811.52,16.516486,16.644788,16.604723,19.712360,3.067572,no,off,no,yes,yes,yes,off,0.5,elim not activated,elim not activated,82,82,2,18.84x,,,,0.128302,3.107637,,TIME_LIMIT,"/root/Downloads/for_dana/vaghar_org/paper_experiments/mnist/cnn1_exp/patch/eps_1,14,14,3/vagharWithPerturbed_cnn1_seed42_itr20_sgd_itr1/63910122191521_cnn1_patch_1.0,14.0,14.0,3.0_ctag0__HyperAttackHints_VagharDeps_PertruebedIntervals_cTag1.txt","/root/Downloads/for_dana/vaghar_org/paper_experiments/mnist/cnn1_exp/patch/eps_1,14,14,3/advStd_cnn1_N1_model_seed42_itr20/63911957113233_n2_cnn1_patch_1.0,14.0,14.0,3.0_ctag0_model_seed42_itr20_sgd_itr1_N2_advStd_boundTight_zonoBounds_relaxT0.5_varHint_seed2_HyperAttackHints_VagharDeps_PerturbedIntervals_cTag1.txt"
cnn1,patch,"1,14,14,3",0,3,96.17,1811.50,16.516486,16.644788,16.604723,19.712360,3.067572,no,off,no,yes,yes,yes,off,1.0,elim not activated,elim not activated,82,82,2,18.84x,,,,0.128302,3.107637,,TIME_LIMIT,"/root/Downloads/for_dana/vaghar_org/paper_experiments/mnist/cnn1_exp/patch/eps_1,14,14,3/vagharWithPerturbed_cnn1_seed42_itr20_sgd_itr1/63910122191521_cnn1_patch_1.0,14.0,14.0,3.0_ctag0__HyperAttackHints_VagharDeps_PertruebedIntervals_cTag1.txt","/root/Downloads/for_dana/vaghar_org/paper_experiments/mnist/cnn1_exp/patch/eps_1,14,14,3/advStd_cnn1_N1_model_seed42_itr20/63911960539682_n2_cnn1_patch_1.0,14.0,14.0,3.0_ctag0_model_seed42_itr20_sgd_itr1_N2_advStd_boundTight_zonoBounds_relaxT1.0_varHint_seed2_HyperAttackHints_VagharDeps_PerturbedIntervals_cTag1.txt"
cnn1,patch,"1,14,14,3",0,3,96.17,1811.63,16.516486,16.644788,16.604709,16.964571,0.319783,no,off,no,yes,no,yes,lp,0.5,0,0,82,82,2,18.84x,,,,0.128302,0.359862,,TIME_LIMIT,"/root/Downloads/for_dana/vaghar_org/paper_experiments/mnist/cnn1_exp/patch/eps_1,14,14,3/vagharWithPerturbed_cnn1_seed42_itr20_sgd_itr1/63910122191521_cnn1_patch_1.0,14.0,14.0,3.0_ctag0__HyperAttackHints_VagharDeps_PertruebedIntervals_cTag1.txt","/root/Downloads/for_dana/vaghar_org/paper_experiments/mnist/cnn1_exp/patch/eps_1,14,14,3/advStd_cnn1_N1_model_seed42_itr20/63911971690768_n2_cnn1_patch_1.0,14.0,14.0,3.0_ctag0_model_seed42_itr20_sgd_itr1_N2_advStd_boundTight_zonoBounds_n1ProbeLP_relaxT0.5_seed2_elimOrg0_elimPert0_HyperAttackHints_VagharDeps_PerturbedIntervals_cTag1.txt"
cnn1,patch,"1,14,14,3",0,3,96.17,1811.98,16.516486,16.644788,16.604716,22.988899,6.344111,no,off,no,yes,no,yes,lp,0.5,0,0,82,82,3,18.84x,,,,0.128302,6.384183,,TIME_LIMIT,"/root/Downloads/for_dana/vaghar_org/paper_experiments/mnist/cnn1_exp/patch/eps_1,14,14,3/vagharWithPerturbed_cnn1_seed42_itr20_sgd_itr1/63910122191521_cnn1_patch_1.0,14.0,14.0,3.0_ctag0__HyperAttackHints_VagharDeps_PertruebedIntervals_cTag1.txt","/root/Downloads/for_dana/vaghar_org/paper_experiments/mnist/cnn1_exp/patch/eps_1,14,14,3/advStd_cnn1_N1_model_seed42_itr20/63911972586847_n2_cnn1_patch_1.0,14.0,14.0,3.0_ctag0_model_seed42_itr20_sgd_itr1_N2_advStd_boundTight_zonoBounds_n1ProbeLP_relaxT0.5_seed3_elimOrg0_elimPert0_HyperAttackHints_VagharDeps_PerturbedIntervals_cTag1.txt"
cnn1,patch,"1,14,14,3",0,3,96.17,1812.09,16.516486,16.644788,16.604709,16.964571,0.319783,no,off,no,yes,no,yes,lp,1.0,0,0,82,82,2,18.84x,,,,0.128302,0.359862,,TIME_LIMIT,"/root/Downloads/for_dana/vaghar_org/paper_experiments/mnist/cnn1_exp/patch/eps_1,14,14,3/vagharWithPerturbed_cnn1_seed42_itr20_sgd_itr1/63910122191521_cnn1_patch_1.0,14.0,14.0,3.0_ctag0__HyperAttackHints_VagharDeps_PertruebedIntervals_cTag1.txt","/root/Downloads/for_dana/vaghar_org/paper_experiments/mnist/cnn1_exp/patch/eps_1,14,14,3/advStd_cnn1_N1_model_seed42_itr20/63911975048131_n2_cnn1_patch_1.0,14.0,14.0,3.0_ctag0_model_seed42_itr20_sgd_itr1_N2_advStd_boundTight_zonoBounds_n1ProbeLP_relaxT1.0_seed2_elimOrg0_elimPert0_HyperAttackHints_VagharDeps_PerturbedIntervals_cTag1.txt"
cnn1,patch,"1,14,14,3",0,3,96.17,1811.76,16.516486,16.644788,16.604716,22.988899,6.344111,no,off,no,yes,no,yes,lp,1.0,0,0,82,82,3,18.84x,,,,0.128302,6.384183,,TIME_LIMIT,"/root/Downloads/for_dana/vaghar_org/paper_experiments/mnist/cnn1_exp/patch/eps_1,14,14,3/vagharWithPerturbed_cnn1_seed42_itr20_sgd_itr1/63910122191521_cnn1_patch_1.0,14.0,14.0,3.0_ctag0__HyperAttackHints_VagharDeps_PertruebedIntervals_cTag1.txt","/root/Downloads/for_dana/vaghar_org/paper_experiments/mnist/cnn1_exp/patch/eps_1,14,14,3/advStd_cnn1_N1_model_seed42_itr20/63911975120662_n2_cnn1_patch_1.0,14.0,14.0,3.0_ctag0_model_seed42_itr20_sgd_itr1_N2_advStd_boundTight_zonoBounds_n1ProbeLP_relaxT1.0_seed3_elimOrg0_elimPert0_HyperAttackHints_VagharDeps_PerturbedIntervals_cTag1.txt"
cnn1,patch,"1,14,14,3",0,3,96.17,1811.68,16.516486,16.644788,16.604709,16.964571,0.319783,no,bounds,no,yes,no,yes,off,0.5,elim not activated,elim not activated,82,82,2,18.84x,,,,0.128302,0.359862,,TIME_LIMIT,"/root/Downloads/for_dana/vaghar_org/paper_experiments/mnist/cnn1_exp/patch/eps_1,14,14,3/vagharWithPerturbed_cnn1_seed42_itr20_sgd_itr1/63910122191521_cnn1_patch_1.0,14.0,14.0,3.0_ctag0__HyperAttackHints_VagharDeps_PertruebedIntervals_cTag1.txt","/root/Downloads/for_dana/vaghar_org/paper_experiments/mnist/cnn1_exp/patch/eps_1,14,14,3/advStd_cnn1_N1_model_seed42_itr20/63911988522881_n2_cnn1_patch_1.0,14.0,14.0,3.0_ctag0_model_seed42_itr20_sgd_itr1_N2_advStd_branchPri_boundTight_zonoBounds_relaxT0.5_seed2_HyperAttackHints_VagharDeps_PerturbedIntervals_cTag1.txt"
cnn1,patch,"1,14,14,3",0,3,96.17,1811.92,16.516486,16.644788,16.604716,22.988899,6.344111,no,bounds,no,yes,no,yes,off,0.5,elim not activated,elim not activated,82,82,3,18.84x,,,,0.128302,6.384184,,TIME_LIMIT,"/root/Downloads/for_dana/vaghar_org/paper_experiments/mnist/cnn1_exp/patch/eps_1,14,14,3/vagharWithPerturbed_cnn1_seed42_itr20_sgd_itr1/63910122191521_cnn1_patch_1.0,14.0,14.0,3.0_ctag0__HyperAttackHints_VagharDeps_PertruebedIntervals_cTag1.txt","/root/Downloads/for_dana/vaghar_org/paper_experiments/mnist/cnn1_exp/patch/eps_1,14,14,3/advStd_cnn1_N1_model_seed42_itr20/63911988958250_n2_cnn1_patch_1.0,14.0,14.0,3.0_ctag0_model_seed42_itr20_sgd_itr1_N2_advStd_branchPri_boundTight_zonoBounds_relaxT0.5_seed3_HyperAttackHints_VagharDeps_PerturbedIntervals_cTag1.txt"
cnn1,patch,"1,14,14,3",0,3,96.17,1811.99,16.516486,16.644788,16.604716,22.988899,6.344111,no,bounds,no,yes,no,yes,off,1.0,elim not activated,elim not activated,82,82,3,18.84x,,,,0.128302,6.384184,,TIME_LIMIT,"/root/Downloads/for_dana/vaghar_org/paper_experiments/mnist/cnn1_exp/patch/eps_1,14,14,3/vagharWithPerturbed_cnn1_seed42_itr20_sgd_itr1/63910122191521_cnn1_patch_1.0,14.0,14.0,3.0_ctag0__HyperAttackHints_VagharDeps_PertruebedIntervals_cTag1.txt","/root/Downloads/for_dana/vaghar_org/paper_experiments/mnist/cnn1_exp/patch/eps_1,14,14,3/advStd_cnn1_N1_model_seed42_itr20/63911992047112_n2_cnn1_patch_1.0,14.0,14.0,3.0_ctag0_model_seed42_itr20_sgd_itr1_N2_advStd_branchPri_boundTight_zonoBounds_relaxT1.0_seed3_HyperAttackHints_VagharDeps_PerturbedIntervals_cTag1.txt"
cnn1,patch,"1,14,14,3",0,3,96.17,1811.50,16.516486,16.644788,16.604709,16.964571,0.319783,no,bounds,no,yes,no,yes,lp,0.5,0,0,82,82,2,18.84x,,,,0.128302,0.359862,,TIME_LIMIT,"/root/Downloads/for_dana/vaghar_org/paper_experiments/mnist/cnn1_exp/patch/eps_1,14,14,3/vagharWithPerturbed_cnn1_seed42_itr20_sgd_itr1/63910122191521_cnn1_patch_1.0,14.0,14.0,3.0_ctag0__HyperAttackHints_VagharDeps_PertruebedIntervals_cTag1.txt","/root/Downloads/for_dana/vaghar_org/paper_experiments/mnist/cnn1_exp/patch/eps_1,14,14,3/advStd_cnn1_N1_model_seed42_itr20/63912004687227_n2_cnn1_patch_1.0,14.0,14.0,3.0_ctag0_model_seed42_itr20_sgd_itr1_N2_advStd_branchPri_boundTight_zonoBounds_n1ProbeLP_relaxT0.5_seed2_elimOrg0_elimPert0_HyperAttackHints_VagharDeps_PerturbedIntervals_cTag1.txt"
cnn1,patch,"1,14,14,3",0,3,96.17,1811.64,16.516486,16.644788,16.604716,22.988899,6.344111,no,bounds,no,yes,no,yes,lp,0.5,0,0,82,82,3,18.84x,,,,0.128302,6.384183,,TIME_LIMIT,"/root/Downloads/for_dana/vaghar_org/paper_experiments/mnist/cnn1_exp/patch/eps_1,14,14,3/vagharWithPerturbed_cnn1_seed42_itr20_sgd_itr1/63910122191521_cnn1_patch_1.0,14.0,14.0,3.0_ctag0__HyperAttackHints_VagharDeps_PertruebedIntervals_cTag1.txt","/root/Downloads/for_dana/vaghar_org/paper_experiments/mnist/cnn1_exp/patch/eps_1,14,14,3/advStd_cnn1_N1_model_seed42_itr20/63912005397604_n2_cnn1_patch_1.0,14.0,14.0,3.0_ctag0_model_seed42_itr20_sgd_itr1_N2_advStd_branchPri_boundTight_zonoBounds_n1ProbeLP_relaxT0.5_seed3_elimOrg0_elimPert0_HyperAttackHints_VagharDeps_PerturbedIntervals_cTag1.txt"
cnn1,patch,"1,14,14,3",0,3,96.17,1811.99,16.516486,16.644788,16.604723,19.712360,3.067572,no,bounds,no,yes,yes,yes,lp,0.5,0,0,82,82,2,18.84x,,,,0.128302,3.107637,,TIME_LIMIT,"/root/Downloads/for_dana/vaghar_org/paper_experiments/mnist/cnn1_exp/patch/eps_1,14,14,3/vagharWithPerturbed_cnn1_seed42_itr20_sgd_itr1/63910122191521_cnn1_patch_1.0,14.0,14.0,3.0_ctag0__HyperAttackHints_VagharDeps_PertruebedIntervals_cTag1.txt","/root/Downloads/for_dana/vaghar_org/paper_experiments/mnist/cnn1_exp/patch/eps_1,14,14,3/advStd_cnn1_N1_model_seed42_itr20/63912005898204_n2_cnn1_patch_1.0,14.0,14.0,3.0_ctag0_model_seed42_itr20_sgd_itr1_N2_advStd_branchPri_boundTight_zonoBounds_n1ProbeLP_relaxT0.5_varHint_seed2_elimOrg0_elimPert0_HyperAttackHints_VagharDeps_PerturbedIntervals_cTag1.txt"
cnn1,patch,"1,14,14,3",0,3,96.17,1811.79,16.516486,16.644788,16.604709,16.964571,0.319783,no,bounds,no,yes,no,yes,lp,1.0,0,0,82,82,2,18.84x,,,,0.128302,0.359862,,TIME_LIMIT,"/root/Downloads/for_dana/vaghar_org/paper_experiments/mnist/cnn1_exp/patch/eps_1,14,14,3/vagharWithPerturbed_cnn1_seed42_itr20_sgd_itr1/63910122191521_cnn1_patch_1.0,14.0,14.0,3.0_ctag0__HyperAttackHints_VagharDeps_PertruebedIntervals_cTag1.txt","/root/Downloads/for_dana/vaghar_org/paper_experiments/mnist/cnn1_exp/patch/eps_1,14,14,3/advStd_cnn1_N1_model_seed42_itr20/63912007962286_n2_cnn1_patch_1.0,14.0,14.0,3.0_ctag0_model_seed42_itr20_sgd_itr1_N2_advStd_branchPri_boundTight_zonoBounds_n1ProbeLP_relaxT1.0_seed2_elimOrg0_elimPert0_HyperAttackHints_VagharDeps_PerturbedIntervals_cTag1.txt"
cnn1,patch,"1,14,14,3",0,3,96.17,1811.53,16.516486,16.644788,16.604716,22.988899,6.344111,no,bounds,no,yes,no,yes,lp,1.0,0,0,82,82,3,18.84x,,,,0.128302,6.384184,,TIME_LIMIT,"/root/Downloads/for_dana/vaghar_org/paper_experiments/mnist/cnn1_exp/patch/eps_1,14,14,3/vagharWithPerturbed_cnn1_seed42_itr20_sgd_itr1/63910122191521_cnn1_patch_1.0,14.0,14.0,3.0_ctag0__HyperAttackHints_VagharDeps_PertruebedIntervals_cTag1.txt","/root/Downloads/for_dana/vaghar_org/paper_experiments/mnist/cnn1_exp/patch/eps_1,14,14,3/advStd_cnn1_N1_model_seed42_itr20/63912008175440_n2_cnn1_patch_1.0,14.0,14.0,3.0_ctag0_model_seed42_itr20_sgd_itr1_N2_advStd_branchPri_boundTight_zonoBounds_n1ProbeLP_relaxT1.0_seed3_elimOrg0_elimPert0_HyperAttackHints_VagharDeps_PerturbedIntervals_cTag1.txt"
cnn1,patch,"1,14,14,3",0,3,96.17,1811.47,16.516486,16.644788,16.604723,19.712360,3.067572,no,bounds,no,yes,yes,yes,lp,1.0,0,0,82,82,2,18.84x,,,,0.128302,3.107637,,TIME_LIMIT,"/root/Downloads/for_dana/vaghar_org/paper_experiments/mnist/cnn1_exp/patch/eps_1,14,14,3/vagharWithPerturbed_cnn1_seed42_itr20_sgd_itr1/63910122191521_cnn1_patch_1.0,14.0,14.0,3.0_ctag0__HyperAttackHints_VagharDeps_PertruebedIntervals_cTag1.txt","/root/Downloads/for_dana/vaghar_org/paper_experiments/mnist/cnn1_exp/patch/eps_1,14,14,3/advStd_cnn1_N1_model_seed42_itr20/63912009569710_n2_cnn1_patch_1.0,14.0,14.0,3.0_ctag0_model_seed42_itr20_sgd_itr1_N2_advStd_branchPri_boundTight_zonoBounds_n1ProbeLP_relaxT1.0_varHint_seed2_elimOrg0_elimPert0_HyperAttackHints_VagharDeps_PerturbedIntervals_cTag1.txt"
cnn1,patch,"1,14,14,3",0,3,96.17,1812.54,16.516486,16.644788,16.604709,16.964571,0.319783,no,off,no,yes,no,no,lp,1.0,0,0,82,82,2,18.85x,,,,0.128302,0.359862,,TIME_LIMIT,"/root/Downloads/for_dana/vaghar_org/paper_experiments/mnist/cnn1_exp/patch/eps_1,14,14,3/vagharWithPerturbed_cnn1_seed42_itr20_sgd_itr1/63910122191521_cnn1_patch_1.0,14.0,14.0,3.0_ctag0__HyperAttackHints_VagharDeps_PertruebedIntervals_cTag1.txt","/root/Downloads/for_dana/vaghar_org/paper_experiments/mnist/cnn1_exp/patch/eps_1,14,14,3/advStd_cnn1_N1_model_seed42_itr20/63911898501980_n2_cnn1_patch_1.0,14.0,14.0,3.0_ctag0_model_seed42_itr20_sgd_itr1_N2_advStd_boundTight_n1ProbeLP_relaxT1.0_seed2_elimOrg0_elimPert0_HyperAttackHints_VagharDeps_PerturbedIntervals_cTag1.txt"
cnn1,patch,"1,14,14,3",0,3,96.17,1813.15,16.516486,16.644788,16.604716,22.988899,6.344111,no,bounds,no,yes,no,no,off,0.5,elim not activated,elim not activated,82,82,3,18.85x,,,,0.128302,6.384184,,TIME_LIMIT,"/root/Downloads/for_dana/vaghar_org/paper_experiments/mnist/cnn1_exp/patch/eps_1,14,14,3/vagharWithPerturbed_cnn1_seed42_itr20_sgd_itr1/63910122191521_cnn1_patch_1.0,14.0,14.0,3.0_ctag0__HyperAttackHints_VagharDeps_PertruebedIntervals_cTag1.txt","/root/Downloads/for_dana/vaghar_org/paper_experiments/mnist/cnn1_exp/patch/eps_1,14,14,3/advStd_cnn1_N1_model_seed42_itr20/63911910132489_n2_cnn1_patch_1.0,14.0,14.0,3.0_ctag0_model_seed42_itr20_sgd_itr1_N2_advStd_branchPri_boundTight_relaxT0.5_seed3_HyperAttackHints_VagharDeps_PerturbedIntervals_cTag1.txt"
cnn1,patch,"1,14,14,3",0,3,96.17,1812.75,16.516486,16.644788,16.604709,16.964571,0.319783,no,bounds,no,yes,no,no,lp,0.5,0,0,82,82,2,18.85x,,,,0.128302,0.359862,,TIME_LIMIT,"/root/Downloads/for_dana/vaghar_org/paper_experiments/mnist/cnn1_exp/patch/eps_1,14,14,3/vagharWithPerturbed_cnn1_seed42_itr20_sgd_itr1/63910122191521_cnn1_patch_1.0,14.0,14.0,3.0_ctag0__HyperAttackHints_VagharDeps_PertruebedIntervals_cTag1.txt","/root/Downloads/for_dana/vaghar_org/paper_experiments/mnist/cnn1_exp/patch/eps_1,14,14,3/advStd_cnn1_N1_model_seed42_itr20/63911926027381_n2_cnn1_patch_1.0,14.0,14.0,3.0_ctag0_model_seed42_itr20_sgd_itr1_N2_advStd_branchPri_boundTight_n1ProbeLP_relaxT0.5_seed2_elimOrg0_elimPert0_HyperAttackHints_VagharDeps_PerturbedIntervals_cTag1.txt"
cnn1,patch,"1,14,14,3",0,3,96.17,1812.56,16.516486,16.644788,16.604716,22.988899,6.344111,no,off,no,yes,no,yes,off,0.5,elim not activated,elim not activated,82,82,3,18.85x,,,,0.128302,6.384184,,TIME_LIMIT,"/root/Downloads/for_dana/vaghar_org/paper_experiments/mnist/cnn1_exp/patch/eps_1,14,14,3/vagharWithPerturbed_cnn1_seed42_itr20_sgd_itr1/63910122191521_cnn1_patch_1.0,14.0,14.0,3.0_ctag0__HyperAttackHints_VagharDeps_PertruebedIntervals_cTag1.txt","/root/Downloads/for_dana/vaghar_org/paper_experiments/mnist/cnn1_exp/patch/eps_1,14,14,3/advStd_cnn1_N1_model_seed42_itr20/63911955824592_n2_cnn1_patch_1.0,14.0,14.0,3.0_ctag0_model_seed42_itr20_sgd_itr1_N2_advStd_boundTight_zonoBounds_relaxT0.5_seed3_HyperAttackHints_VagharDeps_PerturbedIntervals_cTag1.txt"
cnn1,patch,"1,14,14,3",0,3,96.17,1812.51,16.516486,16.644788,16.604716,22.988899,6.344111,no,off,no,yes,no,yes,off,1.0,elim not activated,elim not activated,82,82,3,18.85x,,,,0.128302,6.384183,,TIME_LIMIT,"/root/Downloads/for_dana/vaghar_org/paper_experiments/mnist/cnn1_exp/patch/eps_1,14,14,3/vagharWithPerturbed_cnn1_seed42_itr20_sgd_itr1/63910122191521_cnn1_patch_1.0,14.0,14.0,3.0_ctag0__HyperAttackHints_VagharDeps_PertruebedIntervals_cTag1.txt","/root/Downloads/for_dana/vaghar_org/paper_experiments/mnist/cnn1_exp/patch/eps_1,14,14,3/advStd_cnn1_N1_model_seed42_itr20/63911959224250_n2_cnn1_patch_1.0,14.0,14.0,3.0_ctag0_model_seed42_itr20_sgd_itr1_N2_advStd_boundTight_zonoBounds_relaxT1.0_seed3_HyperAttackHints_VagharDeps_PerturbedIntervals_cTag1.txt"
cnn1,patch,"1,14,14,3",0,3,96.17,1812.67,16.516486,16.644788,16.604723,19.712360,3.067572,no,off,no,yes,yes,yes,lp,0.5,0,0,82,82,2,18.85x,,,,0.128302,3.107637,,TIME_LIMIT,"/root/Downloads/for_dana/vaghar_org/paper_experiments/mnist/cnn1_exp/patch/eps_1,14,14,3/vagharWithPerturbed_cnn1_seed42_itr20_sgd_itr1/63910122191521_cnn1_patch_1.0,14.0,14.0,3.0_ctag0__HyperAttackHints_VagharDeps_PertruebedIntervals_cTag1.txt","/root/Downloads/for_dana/vaghar_org/paper_experiments/mnist/cnn1_exp/patch/eps_1,14,14,3/advStd_cnn1_N1_model_seed42_itr20/63911973067257_n2_cnn1_patch_1.0,14.0,14.0,3.0_ctag0_model_seed42_itr20_sgd_itr1_N2_advStd_boundTight_zonoBounds_n1ProbeLP_relaxT0.5_varHint_seed2_elimOrg0_elimPert0_HyperAttackHints_VagharDeps_PerturbedIntervals_cTag1.txt"
cnn1,patch,"1,14,14,3",0,3,96.17,1812.85,16.516486,16.644788,16.604723,19.712360,3.067572,no,off,no,yes,yes,yes,lp,1.0,0,0,82,82,2,18.85x,,,,0.128302,3.107637,,TIME_LIMIT,"/root/Downloads/for_dana/vaghar_org/paper_experiments/mnist/cnn1_exp/patch/eps_1,14,14,3/vagharWithPerturbed_cnn1_seed42_itr20_sgd_itr1/63910122191521_cnn1_patch_1.0,14.0,14.0,3.0_ctag0__HyperAttackHints_VagharDeps_PertruebedIntervals_cTag1.txt","/root/Downloads/for_dana/vaghar_org/paper_experiments/mnist/cnn1_exp/patch/eps_1,14,14,3/advStd_cnn1_N1_model_seed42_itr20/63911976419407_n2_cnn1_patch_1.0,14.0,14.0,3.0_ctag0_model_seed42_itr20_sgd_itr1_N2_advStd_boundTight_zonoBounds_n1ProbeLP_relaxT1.0_varHint_seed2_elimOrg0_elimPert0_HyperAttackHints_VagharDeps_PerturbedIntervals_cTag1.txt"
cnn1,patch,"1,14,14,3",0,3,96.17,1812.46,16.516486,16.644788,16.604723,19.712360,3.067572,no,bounds,no,yes,yes,yes,off,0.5,elim not activated,elim not activated,82,82,2,18.85x,,,,0.128302,3.107637,,TIME_LIMIT,"/root/Downloads/for_dana/vaghar_org/paper_experiments/mnist/cnn1_exp/patch/eps_1,14,14,3/vagharWithPerturbed_cnn1_seed42_itr20_sgd_itr1/63910122191521_cnn1_patch_1.0,14.0,14.0,3.0_ctag0__HyperAttackHints_VagharDeps_PertruebedIntervals_cTag1.txt","/root/Downloads/for_dana/vaghar_org/paper_experiments/mnist/cnn1_exp/patch/eps_1,14,14,3/advStd_cnn1_N1_model_seed42_itr20/63911989960759_n2_cnn1_patch_1.0,14.0,14.0,3.0_ctag0_model_seed42_itr20_sgd_itr1_N2_advStd_branchPri_boundTight_zonoBounds_relaxT0.5_varHint_seed2_HyperAttackHints_VagharDeps_PerturbedIntervals_cTag1.txt"
cnn1,patch,"1,14,14,3",0,3,96.17,1813.38,16.516486,16.644788,16.604723,19.712360,3.067572,no,off,no,yes,yes,no,off,0.5,elim not activated,elim not activated,82,82,2,18.86x,,,,0.128302,3.107637,,TIME_LIMIT,"/root/Downloads/for_dana/vaghar_org/paper_experiments/mnist/cnn1_exp/patch/eps_1,14,14,3/vagharWithPerturbed_cnn1_seed42_itr20_sgd_itr1/63910122191521_cnn1_patch_1.0,14.0,14.0,3.0_ctag0__HyperAttackHints_VagharDeps_PertruebedIntervals_cTag1.txt","/root/Downloads/for_dana/vaghar_org/paper_experiments/mnist/cnn1_exp/patch/eps_1,14,14,3/advStd_cnn1_N1_model_seed42_itr20/63911880998907_n2_cnn1_patch_1.0,14.0,14.0,3.0_ctag0_model_seed42_itr20_sgd_itr1_N2_advStd_boundTight_relaxT0.5_varHint_seed2_HyperAttackHints_VagharDeps_PerturbedIntervals_cTag1.txt"
cnn1,patch,"1,14,14,3",0,3,96.17,1813.68,16.516486,16.644788,16.604716,22.988899,6.344111,no,off,no,yes,no,no,off,1.0,elim not activated,elim not activated,82,82,3,18.86x,,,,0.128302,6.384184,,TIME_LIMIT,"/root/Downloads/for_dana/vaghar_org/paper_experiments/mnist/cnn1_exp/patch/eps_1,14,14,3/vagharWithPerturbed_cnn1_seed42_itr20_sgd_itr1/63910122191521_cnn1_patch_1.0,14.0,14.0,3.0_ctag0__HyperAttackHints_VagharDeps_PertruebedIntervals_cTag1.txt","/root/Downloads/for_dana/vaghar_org/paper_experiments/mnist/cnn1_exp/patch/eps_1,14,14,3/advStd_cnn1_N1_model_seed42_itr20/63911882792981_n2_cnn1_patch_1.0,14.0,14.0,3.0_ctag0_model_seed42_itr20_sgd_itr1_N2_advStd_boundTight_relaxT1.0_seed3_HyperAttackHints_VagharDeps_PerturbedIntervals_cTag1.txt"
cnn1,patch,"1,14,14,3",0,3,96.17,1813.66,16.516486,16.644788,16.604709,16.964571,0.319783,no,off,no,yes,no,no,lp,0.5,0,0,82,82,2,18.86x,,,,0.128302,0.359862,,TIME_LIMIT,"/root/Downloads/for_dana/vaghar_org/paper_experiments/mnist/cnn1_exp/patch/eps_1,14,14,3/vagharWithPerturbed_cnn1_seed42_itr20_sgd_itr1/63910122191521_cnn1_patch_1.0,14.0,14.0,3.0_ctag0__HyperAttackHints_VagharDeps_PertruebedIntervals_cTag1.txt","/root/Downloads/for_dana/vaghar_org/paper_experiments/mnist/cnn1_exp/patch/eps_1,14,14,3/advStd_cnn1_N1_model_seed42_itr20/63911895317287_n2_cnn1_patch_1.0,14.0,14.0,3.0_ctag0_model_seed42_itr20_sgd_itr1_N2_advStd_boundTight_n1ProbeLP_relaxT0.5_seed2_elimOrg0_elimPert0_HyperAttackHints_VagharDeps_PerturbedIntervals_cTag1.txt"
cnn1,patch,"1,14,14,3",0,3,96.17,1813.64,16.516486,16.644788,16.604709,16.964571,0.319783,no,off,no,yes,no,yes,off,1.0,elim not activated,elim not activated,82,82,2,18.86x,,,,0.128302,0.359862,,TIME_LIMIT,"/root/Downloads/for_dana/vaghar_org/paper_experiments/mnist/cnn1_exp/patch/eps_1,14,14,3/vagharWithPerturbed_cnn1_seed42_itr20_sgd_itr1/63910122191521_cnn1_patch_1.0,14.0,14.0,3.0_ctag0__HyperAttackHints_VagharDeps_PertruebedIntervals_cTag1.txt","/root/Downloads/for_dana/vaghar_org/paper_experiments/mnist/cnn1_exp/patch/eps_1,14,14,3/advStd_cnn1_N1_model_seed42_itr20/63911959136430_n2_cnn1_patch_1.0,14.0,14.0,3.0_ctag0_model_seed42_itr20_sgd_itr1_N2_advStd_boundTight_zonoBounds_relaxT1.0_seed2_HyperAttackHints_VagharDeps_PerturbedIntervals_cTag1.txt"
cnn1,patch,"1,14,14,3",0,3,96.17,1816.17,16.516486,16.644788,16.604723,19.712360,3.067572,no,bounds,no,yes,yes,no,off,0.5,elim not activated,elim not activated,82,82,2,18.88x,,,,0.128302,3.107637,,TIME_LIMIT,"/root/Downloads/for_dana/vaghar_org/paper_experiments/mnist/cnn1_exp/patch/eps_1,14,14,3/vagharWithPerturbed_cnn1_seed42_itr20_sgd_itr1/63910122191521_cnn1_patch_1.0,14.0,14.0,3.0_ctag0__HyperAttackHints_VagharDeps_PertruebedIntervals_cTag1.txt","/root/Downloads/for_dana/vaghar_org/paper_experiments/mnist/cnn1_exp/patch/eps_1,14,14,3/advStd_cnn1_N1_model_seed42_itr20/63911911608749_n2_cnn1_patch_1.0,14.0,14.0,3.0_ctag0_model_seed42_itr20_sgd_itr1_N2_advStd_branchPri_boundTight_relaxT0.5_varHint_seed2_HyperAttackHints_VagharDeps_PerturbedIntervals_cTag1.txt"
,,,,,,,,,,,,,,,,,,,,,,,,,,,,,,,,,,
cnn1,patch,"1,14,14,3",0,4,328.21,332.69,12.531821,12.588245,12.530718,12.611109,0.022864,no,bounds,no,yes,no,yes,lp,0.01,0,0,1,1,2,1.01x,,,,0.056424,0.080391,,OPTIMAL,"/root/Downloads/for_dana/vaghar_org/paper_experiments/mnist/cnn1_exp/patch/eps_1,14,14,3/vagharWithPerturbed_cnn1_seed42_itr20_sgd_itr1/63910122191521_cnn1_patch_1.0,14.0,14.0,3.0_ctag0__HyperAttackHints_VagharDeps_PertruebedIntervals_cTag1.txt","/root/Downloads/for_dana/vaghar_org/paper_experiments/mnist/cnn1_exp/patch/eps_1,14,14,3/advStd_cnn1_N1_model_seed42_itr20/63911999812334_n2_cnn1_patch_1.0,14.0,14.0,3.0_ctag0_model_seed42_itr20_sgd_itr1_N2_advStd_branchPri_boundTight_zonoBounds_n1ProbeLP_relaxT0.01_seed2_elimOrg0_elimPert0_HyperAttackHints_VagharDeps_PerturbedIntervals_cTag1.txt"
cnn1,patch,"1,14,14,3",0,4,328.21,336.89,12.531821,12.588245,12.530718,12.611109,0.022864,no,off,no,yes,no,no,off,0.01,elim not activated,elim not activated,1,1,2,1.03x,,,,0.056424,0.080391,,OPTIMAL,"/root/Downloads/for_dana/vaghar_org/paper_experiments/mnist/cnn1_exp/patch/eps_1,14,14,3/vagharWithPerturbed_cnn1_seed42_itr20_sgd_itr1/63910122191521_cnn1_patch_1.0,14.0,14.0,3.0_ctag0__HyperAttackHints_VagharDeps_PertruebedIntervals_cTag1.txt","/root/Downloads/for_dana/vaghar_org/paper_experiments/mnist/cnn1_exp/patch/eps_1,14,14,3/advStd_cnn1_N1_model_seed42_itr20/63911866612472_n2_cnn1_patch_1.0,14.0,14.0,3.0_ctag0_model_seed42_itr20_sgd_itr1_N2_advStd_boundTight_relaxT0.01_seed2_relaxOrg1_relaxPert1_HyperAttackHints_VagharDeps_PerturbedIntervals_cTag1.txt"
cnn1,patch,"1,14,14,3",0,4,328.21,337.60,12.531821,12.588245,12.530718,12.611109,0.022864,no,bounds,no,yes,no,no,lp,0.01,0,0,1,1,2,1.03x,,,,0.056424,0.080391,,OPTIMAL,"/root/Downloads/for_dana/vaghar_org/paper_experiments/mnist/cnn1_exp/patch/eps_1,14,14,3/vagharWithPerturbed_cnn1_seed42_itr20_sgd_itr1/63910122191521_cnn1_patch_1.0,14.0,14.0,3.0_ctag0__HyperAttackHints_VagharDeps_PertruebedIntervals_cTag1.txt","/root/Downloads/for_dana/vaghar_org/paper_experiments/mnist/cnn1_exp/patch/eps_1,14,14,3/advStd_cnn1_N1_model_seed42_itr20/63911920885821_n2_cnn1_patch_1.0,14.0,14.0,3.0_ctag0_model_seed42_itr20_sgd_itr1_N2_advStd_branchPri_boundTight_n1ProbeLP_relaxT0.01_seed2_elimOrg0_elimPert0_HyperAttackHints_VagharDeps_PerturbedIntervals_cTag1.txt"
cnn1,patch,"1,14,14,3",0,4,328.21,341.43,12.531821,12.588245,12.530718,12.611109,0.022864,no,bounds,no,yes,no,no,off,0.01,elim not activated,elim not activated,1,1,2,1.04x,,,,0.056424,0.080391,,OPTIMAL,"/root/Downloads/for_dana/vaghar_org/paper_experiments/mnist/cnn1_exp/patch/eps_1,14,14,3/vagharWithPerturbed_cnn1_seed42_itr20_sgd_itr1/63910122191521_cnn1_patch_1.0,14.0,14.0,3.0_ctag0__HyperAttackHints_VagharDeps_PertruebedIntervals_cTag1.txt","/root/Downloads/for_dana/vaghar_org/paper_experiments/mnist/cnn1_exp/patch/eps_1,14,14,3/advStd_cnn1_N1_model_seed42_itr20/63911904570308_n2_cnn1_patch_1.0,14.0,14.0,3.0_ctag0_model_seed42_itr20_sgd_itr1_N2_advStd_branchPri_boundTight_relaxT0.01_seed2_HyperAttackHints_VagharDeps_PerturbedIntervals_cTag1.txt"
cnn1,patch,"1,14,14,3",0,4,328.21,339.85,12.531821,12.588245,12.530718,12.611109,0.022864,no,off,no,yes,no,yes,off,0.1,elim not activated,elim not activated,1,1,2,1.04x,,,,0.056424,0.080391,,OPTIMAL,"/root/Downloads/for_dana/vaghar_org/paper_experiments/mnist/cnn1_exp/patch/eps_1,14,14,3/vagharWithPerturbed_cnn1_seed42_itr20_sgd_itr1/63910122191521_cnn1_patch_1.0,14.0,14.0,3.0_ctag0__HyperAttackHints_VagharDeps_PertruebedIntervals_cTag1.txt","/root/Downloads/for_dana/vaghar_org/paper_experiments/mnist/cnn1_exp/patch/eps_1,14,14,3/advStd_cnn1_N1_model_seed42_itr20/63911953342872_n2_cnn1_patch_1.0,14.0,14.0,3.0_ctag0_model_seed42_itr20_sgd_itr1_N2_advStd_boundTight_zonoBounds_relaxT0.1_seed2_HyperAttackHints_VagharDeps_PerturbedIntervals_cTag1.txt"
cnn1,patch,"1,14,14,3",0,4,328.21,339.78,12.531821,12.588245,12.530718,12.611109,0.022864,no,off,no,yes,no,yes,lp,0.01,0,0,1,1,2,1.04x,,,,0.056424,0.080391,,OPTIMAL,"/root/Downloads/for_dana/vaghar_org/paper_experiments/mnist/cnn1_exp/patch/eps_1,14,14,3/vagharWithPerturbed_cnn1_seed42_itr20_sgd_itr1/63910122191521_cnn1_patch_1.0,14.0,14.0,3.0_ctag0__HyperAttackHints_VagharDeps_PertruebedIntervals_cTag1.txt","/root/Downloads/for_dana/vaghar_org/paper_experiments/mnist/cnn1_exp/patch/eps_1,14,14,3/advStd_cnn1_N1_model_seed42_itr20/63911966968743_n2_cnn1_patch_1.0,14.0,14.0,3.0_ctag0_model_seed42_itr20_sgd_itr1_N2_advStd_boundTight_zonoBounds_n1ProbeLP_relaxT0.01_seed2_elimOrg0_elimPert0_HyperAttackHints_VagharDeps_PerturbedIntervals_cTag1.txt"
cnn1,patch,"1,14,14,3",0,4,328.21,344.49,12.531821,12.588245,12.530718,12.611109,0.022864,no,bounds,no,yes,no,yes,off,0.1,elim not activated,elim not activated,1,1,2,1.05x,,,,0.056424,0.080391,,OPTIMAL,"/root/Downloads/for_dana/vaghar_org/paper_experiments/mnist/cnn1_exp/patch/eps_1,14,14,3/vagharWithPerturbed_cnn1_seed42_itr20_sgd_itr1/63910122191521_cnn1_patch_1.0,14.0,14.0,3.0_ctag0__HyperAttackHints_VagharDeps_PertruebedIntervals_cTag1.txt","/root/Downloads/for_dana/vaghar_org/paper_experiments/mnist/cnn1_exp/patch/eps_1,14,14,3/advStd_cnn1_N1_model_seed42_itr20/63911986297580_n2_cnn1_patch_1.0,14.0,14.0,3.0_ctag0_model_seed42_itr20_sgd_itr1_N2_advStd_branchPri_boundTight_zonoBounds_relaxT0.1_seed2_HyperAttackHints_VagharDeps_PerturbedIntervals_cTag1.txt"
cnn1,patch,"1,14,14,3",0,4,328.21,348.64,12.531821,12.588245,12.530718,12.611109,0.022864,no,bounds,no,yes,no,no,off,0.1,elim not activated,elim not activated,1,1,2,1.06x,,,,0.056424,0.080391,,OPTIMAL,"/root/Downloads/for_dana/vaghar_org/paper_experiments/mnist/cnn1_exp/patch/eps_1,14,14,3/vagharWithPerturbed_cnn1_seed42_itr20_sgd_itr1/63910122191521_cnn1_patch_1.0,14.0,14.0,3.0_ctag0__HyperAttackHints_VagharDeps_PertruebedIntervals_cTag1.txt","/root/Downloads/for_dana/vaghar_org/paper_experiments/mnist/cnn1_exp/patch/eps_1,14,14,3/advStd_cnn1_N1_model_seed42_itr20/63911907957034_n2_cnn1_patch_1.0,14.0,14.0,3.0_ctag0_model_seed42_itr20_sgd_itr1_N2_advStd_branchPri_boundTight_relaxT0.1_seed2_HyperAttackHints_VagharDeps_PerturbedIntervals_cTag1.txt"
cnn1,patch,"1,14,14,3",0,4,328.21,349.69,12.531821,12.588245,12.530718,12.611109,0.022864,no,bounds,no,yes,no,yes,off,0.01,elim not activated,elim not activated,1,1,2,1.07x,,,,0.056424,0.080391,,OPTIMAL,"/root/Downloads/for_dana/vaghar_org/paper_experiments/mnist/cnn1_exp/patch/eps_1,14,14,3/vagharWithPerturbed_cnn1_seed42_itr20_sgd_itr1/63910122191521_cnn1_patch_1.0,14.0,14.0,3.0_ctag0__HyperAttackHints_VagharDeps_PertruebedIntervals_cTag1.txt","/root/Downloads/for_dana/vaghar_org/paper_experiments/mnist/cnn1_exp/patch/eps_1,14,14,3/advStd_cnn1_N1_model_seed42_itr20/63911983201633_n2_cnn1_patch_1.0,14.0,14.0,3.0_ctag0_model_seed42_itr20_sgd_itr1_N2_advStd_branchPri_boundTight_zonoBounds_relaxT0.01_seed2_HyperAttackHints_VagharDeps_PerturbedIntervals_cTag1.txt"
cnn1,patch,"1,14,14,3",0,4,328.21,353.70,12.531821,12.588245,12.530718,12.611109,0.022864,no,off,no,yes,no,no,off,0.1,elim not activated,elim not activated,1,1,2,1.08x,,,,0.056424,0.080391,,OPTIMAL,"/root/Downloads/for_dana/vaghar_org/paper_experiments/mnist/cnn1_exp/patch/eps_1,14,14,3/vagharWithPerturbed_cnn1_seed42_itr20_sgd_itr1/63910122191521_cnn1_patch_1.0,14.0,14.0,3.0_ctag0__HyperAttackHints_VagharDeps_PertruebedIntervals_cTag1.txt","/root/Downloads/for_dana/vaghar_org/paper_experiments/mnist/cnn1_exp/patch/eps_1,14,14,3/advStd_cnn1_N1_model_seed42_itr20/63911875906166_n2_cnn1_patch_1.0,14.0,14.0,3.0_ctag0_model_seed42_itr20_sgd_itr1_N2_advStd_boundTight_relaxT0.1_seed2_HyperAttackHints_VagharDeps_PerturbedIntervals_cTag1.txt"
cnn1,patch,"1,14,14,3",0,4,328.21,355.85,12.531821,12.588245,12.530718,12.611109,0.022864,no,off,no,yes,no,yes,lp,0.1,0,0,1,1,2,1.08x,,,,0.056424,0.080391,,OPTIMAL,"/root/Downloads/for_dana/vaghar_org/paper_experiments/mnist/cnn1_exp/patch/eps_1,14,14,3/vagharWithPerturbed_cnn1_seed42_itr20_sgd_itr1/63910122191521_cnn1_patch_1.0,14.0,14.0,3.0_ctag0__HyperAttackHints_VagharDeps_PertruebedIntervals_cTag1.txt","/root/Downloads/for_dana/vaghar_org/paper_experiments/mnist/cnn1_exp/patch/eps_1,14,14,3/advStd_cnn1_N1_model_seed42_itr20/63911969166185_n2_cnn1_patch_1.0,14.0,14.0,3.0_ctag0_model_seed42_itr20_sgd_itr1_N2_advStd_boundTight_zonoBounds_n1ProbeLP_relaxT0.1_seed2_elimOrg0_elimPert0_HyperAttackHints_VagharDeps_PerturbedIntervals_cTag1.txt"
cnn1,patch,"1,14,14,3",0,4,328.21,356.83,12.531821,12.588245,12.530718,12.611109,0.022864,no,off,no,yes,no,yes,off,0.01,elim not activated,elim not activated,1,1,2,1.09x,,,,0.056424,0.080391,,OPTIMAL,"/root/Downloads/for_dana/vaghar_org/paper_experiments/mnist/cnn1_exp/patch/eps_1,14,14,3/vagharWithPerturbed_cnn1_seed42_itr20_sgd_itr1/63910122191521_cnn1_patch_1.0,14.0,14.0,3.0_ctag0__HyperAttackHints_VagharDeps_PertruebedIntervals_cTag1.txt","/root/Downloads/for_dana/vaghar_org/paper_experiments/mnist/cnn1_exp/patch/eps_1,14,14,3/advStd_cnn1_N1_model_seed42_itr20/63911950009216_n2_cnn1_patch_1.0,14.0,14.0,3.0_ctag0_model_seed42_itr20_sgd_itr1_N2_advStd_boundTight_zonoBounds_relaxT0.01_seed2_HyperAttackHints_VagharDeps_PerturbedIntervals_cTag1.txt"
cnn1,patch,"1,14,14,3",0,4,328.21,359.42,12.531821,12.588245,12.530718,12.611109,0.022864,no,bounds,no,yes,no,no,lp,0.1,0,0,1,1,2,1.10x,,,,0.056424,0.080391,,OPTIMAL,"/root/Downloads/for_dana/vaghar_org/paper_experiments/mnist/cnn1_exp/patch/eps_1,14,14,3/vagharWithPerturbed_cnn1_seed42_itr20_sgd_itr1/63910122191521_cnn1_patch_1.0,14.0,14.0,3.0_ctag0__HyperAttackHints_VagharDeps_PertruebedIntervals_cTag1.txt","/root/Downloads/for_dana/vaghar_org/paper_experiments/mnist/cnn1_exp/patch/eps_1,14,14,3/advStd_cnn1_N1_model_seed42_itr20/63911923431193_n2_cnn1_patch_1.0,14.0,14.0,3.0_ctag0_model_seed42_itr20_sgd_itr1_N2_advStd_branchPri_boundTight_n1ProbeLP_relaxT0.1_seed2_elimOrg0_elimPert0_HyperAttackHints_VagharDeps_PerturbedIntervals_cTag1.txt"
cnn1,patch,"1,14,14,3",0,4,328.21,362.63,12.531821,12.588245,12.530718,12.611109,0.022864,no,bounds,no,yes,no,yes,lp,0.1,0,0,1,1,2,1.10x,,,,0.056424,0.080391,,OPTIMAL,"/root/Downloads/for_dana/vaghar_org/paper_experiments/mnist/cnn1_exp/patch/eps_1,14,14,3/vagharWithPerturbed_cnn1_seed42_itr20_sgd_itr1/63910122191521_cnn1_patch_1.0,14.0,14.0,3.0_ctag0__HyperAttackHints_VagharDeps_PertruebedIntervals_cTag1.txt","/root/Downloads/for_dana/vaghar_org/paper_experiments/mnist/cnn1_exp/patch/eps_1,14,14,3/advStd_cnn1_N1_model_seed42_itr20/63912002137695_n2_cnn1_patch_1.0,14.0,14.0,3.0_ctag0_model_seed42_itr20_sgd_itr1_N2_advStd_branchPri_boundTight_zonoBounds_n1ProbeLP_relaxT0.1_seed2_elimOrg0_elimPert0_HyperAttackHints_VagharDeps_PerturbedIntervals_cTag1.txt"
cnn1,patch,"1,14,14,3",0,4,328.21,365.51,12.531821,12.588245,12.530718,12.611109,0.022864,no,off,no,yes,no,no,lp,0.01,0,0,1,1,2,1.11x,,,,0.056424,0.080391,,OPTIMAL,"/root/Downloads/for_dana/vaghar_org/paper_experiments/mnist/cnn1_exp/patch/eps_1,14,14,3/vagharWithPerturbed_cnn1_seed42_itr20_sgd_itr1/63910122191521_cnn1_patch_1.0,14.0,14.0,3.0_ctag0__HyperAttackHints_VagharDeps_PertruebedIntervals_cTag1.txt","/root/Downloads/for_dana/vaghar_org/paper_experiments/mnist/cnn1_exp/patch/eps_1,14,14,3/advStd_cnn1_N1_model_seed42_itr20/63911890313206_n2_cnn1_patch_1.0,14.0,14.0,3.0_ctag0_model_seed42_itr20_sgd_itr1_N2_advStd_boundTight_n1ProbeLP_relaxT0.01_seed2_elimOrg0_elimPert0_HyperAttackHints_VagharDeps_PerturbedIntervals_cTag1.txt"
cnn1,patch,"1,14,14,3",0,4,328.21,367.47,12.531821,12.588245,12.530718,12.611109,0.022864,no,off,no,yes,no,no,off,0.01,elim not activated,elim not activated,1,1,2,1.12x,,,,0.056424,0.080391,,OPTIMAL,"/root/Downloads/for_dana/vaghar_org/paper_experiments/mnist/cnn1_exp/patch/eps_1,14,14,3/vagharWithPerturbed_cnn1_seed42_itr20_sgd_itr1/63910122191521_cnn1_patch_1.0,14.0,14.0,3.0_ctag0__HyperAttackHints_VagharDeps_PertruebedIntervals_cTag1.txt","/root/Downloads/for_dana/vaghar_org/paper_experiments/mnist/cnn1_exp/patch/eps_1,14,14,3/advStd_cnn1_N1_model_seed42_itr20/63911873933239_n2_cnn1_patch_1.0,14.0,14.0,3.0_ctag0_model_seed42_itr20_sgd_itr1_N2_advStd_boundTight_relaxT0.01_seed2_HyperAttackHints_VagharDeps_PerturbedIntervals_cTag1.txt"
cnn1,patch,"1,14,14,3",0,4,328.21,375.18,12.531821,12.588245,12.531822,12.559958,-0.028287,yes,off,no,no,no,no,off,off,elim not activated,elim not activated,relax not activated,relax not activated,0,1.14x,,,,0.056424,0.028136,,OPTIMAL,"/root/Downloads/for_dana/vaghar_org/paper_experiments/mnist/cnn1_exp/patch/eps_1,14,14,3/vagharWithPerturbed_cnn1_seed42_itr20_sgd_itr1/63910122191521_cnn1_patch_1.0,14.0,14.0,3.0_ctag0__HyperAttackHints_VagharDeps_PertruebedIntervals_cTag1.txt","/root/Downloads/for_dana/vaghar_org/paper_experiments/mnist/cnn1_exp/patch/eps_1,14,14,3/advStd_cnn1_N1_model_seed42_itr20/63911692123327_n2_cnn1_patch_1.0,14.0,14.0,3.0_ctag0_model_seed42_itr20_sgd_itr1_N2_advStd_mipStart_VagharDeps_PerturbedIntervals_cTag1.txt"
cnn1,patch,"1,14,14,3",0,4,328.21,377.26,12.531821,12.588245,12.531822,12.627686,0.039442,yes,off,no,no,no,no,off,off,elim not activated,elim not activated,relax not activated,relax not activated,0,1.15x,,,,0.056424,0.095865,,OPTIMAL,"/root/Downloads/for_dana/vaghar_org/paper_experiments/mnist/cnn1_exp/patch/eps_1,14,14,3/vagharWithPerturbed_cnn1_seed42_itr20_sgd_itr1/63910122191521_cnn1_patch_1.0,14.0,14.0,3.0_ctag0__HyperAttackHints_VagharDeps_PertruebedIntervals_cTag1.txt","/root/Downloads/for_dana/vaghar_org/paper_experiments/mnist/cnn1_exp/patch/eps_1,14,14,3/advStd_cnn1_N1_model_seed42_itr20/63911694156254_n2_cnn1_patch_1.0,14.0,14.0,3.0_ctag0_model_seed42_itr20_sgd_itr1_N2_advStd_mipStart_VagharDeps_PerturbedIntervals_cTag1.txt"
cnn1,patch,"1,14,14,3",0,4,328.21,379.75,12.531821,12.588245,12.531822,12.559958,-0.028287,yes,off,no,no,no,no,off,off,elim not activated,elim not activated,relax not activated,relax not activated,0,1.16x,,,,0.056424,0.028136,,OPTIMAL,"/root/Downloads/for_dana/vaghar_org/paper_experiments/mnist/cnn1_exp/patch/eps_1,14,14,3/vagharWithPerturbed_cnn1_seed42_itr20_sgd_itr1/63910122191521_cnn1_patch_1.0,14.0,14.0,3.0_ctag0__HyperAttackHints_VagharDeps_PertruebedIntervals_cTag1.txt","/root/Downloads/for_dana/vaghar_org/paper_experiments/mnist/cnn1_exp/patch/eps_1,14,14,3/advStd_cnn1_N1_model_seed42_itr20/63911692885354_n2_cnn1_patch_1.0,14.0,14.0,3.0_ctag0_model_seed42_itr20_sgd_itr1_N2_advStd_mipStart_VagharDeps_PerturbedIntervals_cTag1.txt"
cnn1,patch,"1,14,14,3",0,4,328.21,382.60,12.531821,12.588245,12.531821,12.588245,0.000000,no,bounds,no,yes,no,no,off,off,elim not activated,elim not activated,relax not activated,relax not activated,0,1.17x,,,,0.056424,0.056424,,OPTIMAL,"/root/Downloads/for_dana/vaghar_org/paper_experiments/mnist/cnn1_exp/patch/eps_1,14,14,3/vagharWithPerturbed_cnn1_seed42_itr20_sgd_itr1/63910122191521_cnn1_patch_1.0,14.0,14.0,3.0_ctag0__HyperAttackHints_VagharDeps_PertruebedIntervals_cTag1.txt","/root/Downloads/for_dana/vaghar_org/paper_experiments/mnist/cnn1_exp/patch/eps_1,14,14,3/advStd_cnn1_N1_model_seed42_itr20/63911705663797_n2_cnn1_patch_1.0,14.0,14.0,3.0_ctag0_model_seed42_itr20_sgd_itr1_N2_advStd_branchPri_boundTight_HyperAttackHints_VagharDeps_PerturbedIntervals_cTag1.txt"
cnn1,patch,"1,14,14,3",0,4,328.21,397.63,12.531821,12.588245,12.531822,12.627686,0.039442,yes,bounds,no,no,no,no,off,off,elim not activated,elim not activated,relax not activated,relax not activated,0,1.21x,,,,0.056424,0.095865,,OPTIMAL,"/root/Downloads/for_dana/vaghar_org/paper_experiments/mnist/cnn1_exp/patch/eps_1,14,14,3/vagharWithPerturbed_cnn1_seed42_itr20_sgd_itr1/63910122191521_cnn1_patch_1.0,14.0,14.0,3.0_ctag0__HyperAttackHints_VagharDeps_PertruebedIntervals_cTag1.txt","/root/Downloads/for_dana/vaghar_org/paper_experiments/mnist/cnn1_exp/patch/eps_1,14,14,3/advStd_cnn1_N1_model_seed42_itr20/63911696309204_n2_cnn1_patch_1.0,14.0,14.0,3.0_ctag0_model_seed42_itr20_sgd_itr1_N2_advStd_mipStart_branchPri_VagharDeps_PerturbedIntervals_cTag1.txt"
cnn1,patch,"1,14,14,3",0,4,328.21,397.34,12.531821,12.588245,12.532055,12.630446,0.042201,no,bounds,no,yes,yes,no,off,0.1,elim not activated,elim not activated,1,1,2,1.21x,,,,0.056424,0.098391,,OPTIMAL,"/root/Downloads/for_dana/vaghar_org/paper_experiments/mnist/cnn1_exp/patch/eps_1,14,14,3/vagharWithPerturbed_cnn1_seed42_itr20_sgd_itr1/63910122191521_cnn1_patch_1.0,14.0,14.0,3.0_ctag0__HyperAttackHints_VagharDeps_PertruebedIntervals_cTag1.txt","/root/Downloads/for_dana/vaghar_org/paper_experiments/mnist/cnn1_exp/patch/eps_1,14,14,3/advStd_cnn1_N1_model_seed42_itr20/63911908317168_n2_cnn1_patch_1.0,14.0,14.0,3.0_ctag0_model_seed42_itr20_sgd_itr1_N2_advStd_branchPri_boundTight_relaxT0.1_varHint_seed2_HyperAttackHints_VagharDeps_PerturbedIntervals_cTag1.txt"
cnn1,patch,"1,14,14,3",0,4,328.21,401.63,12.531821,12.588245,12.532055,12.630446,0.042201,no,off,no,yes,yes,yes,lp,0.01,0,0,1,1,2,1.22x,,,,0.056424,0.098391,,OPTIMAL,"/root/Downloads/for_dana/vaghar_org/paper_experiments/mnist/cnn1_exp/patch/eps_1,14,14,3/vagharWithPerturbed_cnn1_seed42_itr20_sgd_itr1/63910122191521_cnn1_patch_1.0,14.0,14.0,3.0_ctag0__HyperAttackHints_VagharDeps_PertruebedIntervals_cTag1.txt","/root/Downloads/for_dana/vaghar_org/paper_experiments/mnist/cnn1_exp/patch/eps_1,14,14,3/advStd_cnn1_N1_model_seed42_itr20/63911967821058_n2_cnn1_patch_1.0,14.0,14.0,3.0_ctag0_model_seed42_itr20_sgd_itr1_N2_advStd_boundTight_zonoBounds_n1ProbeLP_relaxT0.01_varHint_seed2_elimOrg0_elimPert0_HyperAttackHints_VagharDeps_PerturbedIntervals_cTag1.txt"
cnn1,patch,"1,14,14,3",0,4,328.21,401.66,12.531821,12.588245,12.532055,12.630446,0.042201,no,bounds,no,yes,yes,yes,off,0.01,elim not activated,elim not activated,1,1,2,1.22x,,,,0.056424,0.098391,,OPTIMAL,"/root/Downloads/for_dana/vaghar_org/paper_experiments/mnist/cnn1_exp/patch/eps_1,14,14,3/vagharWithPerturbed_cnn1_seed42_itr20_sgd_itr1/63910122191521_cnn1_patch_1.0,14.0,14.0,3.0_ctag0__HyperAttackHints_VagharDeps_PertruebedIntervals_cTag1.txt","/root/Downloads/for_dana/vaghar_org/paper_experiments/mnist/cnn1_exp/patch/eps_1,14,14,3/advStd_cnn1_N1_model_seed42_itr20/63911984638598_n2_cnn1_patch_1.0,14.0,14.0,3.0_ctag0_model_seed42_itr20_sgd_itr1_N2_advStd_branchPri_boundTight_zonoBounds_relaxT0.01_varHint_seed2_HyperAttackHints_VagharDeps_PerturbedIntervals_cTag1.txt"
cnn1,patch,"1,14,14,3",0,4,328.21,399.43,12.531821,12.588245,12.532055,12.630446,0.042201,no,bounds,no,yes,yes,yes,off,0.1,elim not activated,elim not activated,1,1,2,1.22x,,,,0.056424,0.098391,,OPTIMAL,"/root/Downloads/for_dana/vaghar_org/paper_experiments/mnist/cnn1_exp/patch/eps_1,14,14,3/vagharWithPerturbed_cnn1_seed42_itr20_sgd_itr1/63910122191521_cnn1_patch_1.0,14.0,14.0,3.0_ctag0__HyperAttackHints_VagharDeps_PertruebedIntervals_cTag1.txt","/root/Downloads/for_dana/vaghar_org/paper_experiments/mnist/cnn1_exp/patch/eps_1,14,14,3/advStd_cnn1_N1_model_seed42_itr20/63911987467627_n2_cnn1_patch_1.0,14.0,14.0,3.0_ctag0_model_seed42_itr20_sgd_itr1_N2_advStd_branchPri_boundTight_zonoBounds_relaxT0.1_varHint_seed2_HyperAttackHints_VagharDeps_PerturbedIntervals_cTag1.txt"
cnn1,patch,"1,14,14,3",0,4,328.21,403.23,12.531821,12.588245,12.532055,12.630446,0.042201,no,off,no,yes,yes,yes,off,0.1,elim not activated,elim not activated,1,1,2,1.23x,,,,0.056424,0.098391,,OPTIMAL,"/root/Downloads/for_dana/vaghar_org/paper_experiments/mnist/cnn1_exp/patch/eps_1,14,14,3/vagharWithPerturbed_cnn1_seed42_itr20_sgd_itr1/63910122191521_cnn1_patch_1.0,14.0,14.0,3.0_ctag0__HyperAttackHints_VagharDeps_PertruebedIntervals_cTag1.txt","/root/Downloads/for_dana/vaghar_org/paper_experiments/mnist/cnn1_exp/patch/eps_1,14,14,3/advStd_cnn1_N1_model_seed42_itr20/63911954646735_n2_cnn1_patch_1.0,14.0,14.0,3.0_ctag0_model_seed42_itr20_sgd_itr1_N2_advStd_boundTight_zonoBounds_relaxT0.1_varHint_seed2_HyperAttackHints_VagharDeps_PerturbedIntervals_cTag1.txt"
cnn1,patch,"1,14,14,3",0,4,328.21,404.25,12.531821,12.588245,12.531821,12.641662,0.053417,no,off,no,yes,no,yes,lp,off,0,0,relax not activated,relax not activated,3,1.23x,,,,0.056424,0.109841,,OPTIMAL,"/root/Downloads/for_dana/vaghar_org/paper_experiments/mnist/cnn1_exp/patch/eps_1,14,14,3/vagharWithPerturbed_cnn1_seed42_itr20_sgd_itr1/63910122191521_cnn1_patch_1.0,14.0,14.0,3.0_ctag0__HyperAttackHints_VagharDeps_PertruebedIntervals_cTag1.txt","/root/Downloads/for_dana/vaghar_org/paper_experiments/mnist/cnn1_exp/patch/eps_1,14,14,3/advStd_cnn1_N1_model_seed42_itr20/63911962471195_n2_cnn1_patch_1.0,14.0,14.0,3.0_ctag0_model_seed42_itr20_sgd_itr1_N2_advStd_boundTight_zonoBounds_n1ProbeLP_seed3_elimOrg0_elimPert0_HyperAttackHints_VagharDeps_PerturbedIntervals_cTag1.txt"
cnn1,patch,"1,14,14,3",0,4,328.21,404.41,12.531821,12.588245,12.532055,12.630446,0.042201,no,bounds,no,yes,yes,yes,lp,0.1,0,0,1,1,2,1.23x,,,,0.056424,0.098391,,OPTIMAL,"/root/Downloads/for_dana/vaghar_org/paper_experiments/mnist/cnn1_exp/patch/eps_1,14,14,3/vagharWithPerturbed_cnn1_seed42_itr20_sgd_itr1/63910122191521_cnn1_patch_1.0,14.0,14.0,3.0_ctag0__HyperAttackHints_VagharDeps_PertruebedIntervals_cTag1.txt","/root/Downloads/for_dana/vaghar_org/paper_experiments/mnist/cnn1_exp/patch/eps_1,14,14,3/advStd_cnn1_N1_model_seed42_itr20/63912003657970_n2_cnn1_patch_1.0,14.0,14.0,3.0_ctag0_model_seed42_itr20_sgd_itr1_N2_advStd_branchPri_boundTight_zonoBounds_n1ProbeLP_relaxT0.1_varHint_seed2_elimOrg0_elimPert0_HyperAttackHints_VagharDeps_PerturbedIntervals_cTag1.txt"
cnn1,patch,"1,14,14,3",0,4,328.21,405.95,12.531821,12.588245,12.531821,12.641662,0.053417,no,bounds,no,yes,no,no,lp,off,0,0,relax not activated,relax not activated,3,1.24x,,,,0.056424,0.109841,,OPTIMAL,"/root/Downloads/for_dana/vaghar_org/paper_experiments/mnist/cnn1_exp/patch/eps_1,14,14,3/vagharWithPerturbed_cnn1_seed42_itr20_sgd_itr1/63910122191521_cnn1_patch_1.0,14.0,14.0,3.0_ctag0__HyperAttackHints_VagharDeps_PertruebedIntervals_cTag1.txt","/root/Downloads/for_dana/vaghar_org/paper_experiments/mnist/cnn1_exp/patch/eps_1,14,14,3/advStd_cnn1_N1_model_seed42_itr20/63911916632161_n2_cnn1_patch_1.0,14.0,14.0,3.0_ctag0_model_seed42_itr20_sgd_itr1_N2_advStd_branchPri_boundTight_n1ProbeLP_seed3_elimOrg0_elimPert0_HyperAttackHints_VagharDeps_PerturbedIntervals_cTag1.txt"
cnn1,patch,"1,14,14,3",0,4,328.21,406.06,12.531821,12.588245,12.532055,12.630446,0.042201,no,off,no,yes,yes,yes,off,0.01,elim not activated,elim not activated,1,1,2,1.24x,,,,0.056424,0.098391,,OPTIMAL,"/root/Downloads/for_dana/vaghar_org/paper_experiments/mnist/cnn1_exp/patch/eps_1,14,14,3/vagharWithPerturbed_cnn1_seed42_itr20_sgd_itr1/63910122191521_cnn1_patch_1.0,14.0,14.0,3.0_ctag0__HyperAttackHints_VagharDeps_PertruebedIntervals_cTag1.txt","/root/Downloads/for_dana/vaghar_org/paper_experiments/mnist/cnn1_exp/patch/eps_1,14,14,3/advStd_cnn1_N1_model_seed42_itr20/63911951862159_n2_cnn1_patch_1.0,14.0,14.0,3.0_ctag0_model_seed42_itr20_sgd_itr1_N2_advStd_boundTight_zonoBounds_relaxT0.01_varHint_seed2_HyperAttackHints_VagharDeps_PerturbedIntervals_cTag1.txt"
cnn1,patch,"1,14,14,3",0,4,328.21,410.92,12.531821,12.588245,12.531821,12.641662,0.053417,no,bounds,no,no,no,no,off,off,elim not activated,elim not activated,relax not activated,relax not activated,3,1.25x,,,,0.056424,0.109841,,OPTIMAL,"/root/Downloads/for_dana/vaghar_org/paper_experiments/mnist/cnn1_exp/patch/eps_1,14,14,3/vagharWithPerturbed_cnn1_seed42_itr20_sgd_itr1/63910122191521_cnn1_patch_1.0,14.0,14.0,3.0_ctag0__HyperAttackHints_VagharDeps_PertruebedIntervals_cTag1.txt","/root/Downloads/for_dana/vaghar_org/paper_experiments/mnist/cnn1_exp/patch/eps_1,14,14,3/advStd_cnn1_N1_model_seed42_itr20/63911748464881_n2_cnn1_patch_1.0,14.0,14.0,3.0_ctag0_model_seed42_itr20_sgd_itr1_N2_advStd_branchPri_seed3_HyperAttackHints_VagharDeps_PerturbedIntervals_cTag1.txt"
cnn1,patch,"1,14,14,3",0,4,328.21,410.45,12.531821,12.588245,12.531821,12.641662,0.053417,no,off,no,yes,no,no,off,off,elim not activated,elim not activated,relax not activated,relax not activated,3,1.25x,,,,0.056424,0.109841,,OPTIMAL,"/root/Downloads/for_dana/vaghar_org/paper_experiments/mnist/cnn1_exp/patch/eps_1,14,14,3/vagharWithPerturbed_cnn1_seed42_itr20_sgd_itr1/63910122191521_cnn1_patch_1.0,14.0,14.0,3.0_ctag0__HyperAttackHints_VagharDeps_PertruebedIntervals_cTag1.txt","/root/Downloads/for_dana/vaghar_org/paper_experiments/mnist/cnn1_exp/patch/eps_1,14,14,3/advStd_cnn1_N1_model_seed42_itr20/63911754034825_n2_cnn1_patch_1.0,14.0,14.0,3.0_ctag0_model_seed42_itr20_sgd_itr1_N2_advStd_boundTight_seed3_HyperAttackHints_VagharDeps_PerturbedIntervals_cTag1.txt"
cnn1,patch,"1,14,14,3",0,4,328.21,411.45,12.531821,12.588245,12.531821,12.641662,0.053417,no,bounds,no,yes,no,yes,lp,off,0,0,relax not activated,relax not activated,3,1.25x,,,,0.056424,0.109841,,OPTIMAL,"/root/Downloads/for_dana/vaghar_org/paper_experiments/mnist/cnn1_exp/patch/eps_1,14,14,3/vagharWithPerturbed_cnn1_seed42_itr20_sgd_itr1/63910122191521_cnn1_patch_1.0,14.0,14.0,3.0_ctag0__HyperAttackHints_VagharDeps_PertruebedIntervals_cTag1.txt","/root/Downloads/for_dana/vaghar_org/paper_experiments/mnist/cnn1_exp/patch/eps_1,14,14,3/advStd_cnn1_N1_model_seed42_itr20/63911995401494_n2_cnn1_patch_1.0,14.0,14.0,3.0_ctag0_model_seed42_itr20_sgd_itr1_N2_advStd_branchPri_boundTight_zonoBounds_n1ProbeLP_seed3_elimOrg0_elimPert0_HyperAttackHints_VagharDeps_PerturbedIntervals_cTag1.txt"
cnn1,patch,"1,14,14,3",0,4,328.21,412.04,12.531821,12.588245,12.531821,12.641662,0.053417,no,bounds,no,yes,no,no,off,off,elim not activated,elim not activated,relax not activated,relax not activated,3,1.26x,,,,0.056424,0.109841,,OPTIMAL,"/root/Downloads/for_dana/vaghar_org/paper_experiments/mnist/cnn1_exp/patch/eps_1,14,14,3/vagharWithPerturbed_cnn1_seed42_itr20_sgd_itr1/63910122191521_cnn1_patch_1.0,14.0,14.0,3.0_ctag0__HyperAttackHints_VagharDeps_PertruebedIntervals_cTag1.txt","/root/Downloads/for_dana/vaghar_org/paper_experiments/mnist/cnn1_exp/patch/eps_1,14,14,3/advStd_cnn1_N1_model_seed42_itr20/63911746457114_n2_cnn1_patch_1.0,14.0,14.0,3.0_ctag0_model_seed42_itr20_sgd_itr1_N2_advStd_branchPri_boundTight_seed3_HyperAttackHints_VagharDeps_PerturbedIntervals_cTag1.txt"
cnn1,patch,"1,14,14,3",0,4,328.21,414.69,12.531821,12.588245,12.532055,12.630446,0.042201,no,bounds,no,yes,yes,yes,lp,0.01,0,0,1,1,2,1.26x,,,,0.056424,0.098391,,OPTIMAL,"/root/Downloads/for_dana/vaghar_org/paper_experiments/mnist/cnn1_exp/patch/eps_1,14,14,3/vagharWithPerturbed_cnn1_seed42_itr20_sgd_itr1/63910122191521_cnn1_patch_1.0,14.0,14.0,3.0_ctag0__HyperAttackHints_VagharDeps_PertruebedIntervals_cTag1.txt","/root/Downloads/for_dana/vaghar_org/paper_experiments/mnist/cnn1_exp/patch/eps_1,14,14,3/advStd_cnn1_N1_model_seed42_itr20/63912000806349_n2_cnn1_patch_1.0,14.0,14.0,3.0_ctag0_model_seed42_itr20_sgd_itr1_N2_advStd_branchPri_boundTight_zonoBounds_n1ProbeLP_relaxT0.01_varHint_seed2_elimOrg0_elimPert0_HyperAttackHints_VagharDeps_PerturbedIntervals_cTag1.txt"
cnn1,patch,"1,14,14,3",0,4,328.21,417.89,12.531821,12.588245,12.532055,12.630446,0.042201,no,off,no,yes,yes,no,off,0.1,elim not activated,elim not activated,1,1,2,1.27x,,,,0.056424,0.098391,,OPTIMAL,"/root/Downloads/for_dana/vaghar_org/paper_experiments/mnist/cnn1_exp/patch/eps_1,14,14,3/vagharWithPerturbed_cnn1_seed42_itr20_sgd_itr1/63910122191521_cnn1_patch_1.0,14.0,14.0,3.0_ctag0__HyperAttackHints_VagharDeps_PertruebedIntervals_cTag1.txt","/root/Downloads/for_dana/vaghar_org/paper_experiments/mnist/cnn1_exp/patch/eps_1,14,14,3/advStd_cnn1_N1_model_seed42_itr20/63911877672195_n2_cnn1_patch_1.0,14.0,14.0,3.0_ctag0_model_seed42_itr20_sgd_itr1_N2_advStd_boundTight_relaxT0.1_varHint_seed2_HyperAttackHints_VagharDeps_PerturbedIntervals_cTag1.txt"
cnn1,patch,"1,14,14,3",0,4,328.21,416.37,12.531821,12.588245,12.531821,12.641662,0.053417,no,off,no,yes,no,no,lp,off,0,0,relax not activated,relax not activated,3,1.27x,,,,0.056424,0.109841,,OPTIMAL,"/root/Downloads/for_dana/vaghar_org/paper_experiments/mnist/cnn1_exp/patch/eps_1,14,14,3/vagharWithPerturbed_cnn1_seed42_itr20_sgd_itr1/63910122191521_cnn1_patch_1.0,14.0,14.0,3.0_ctag0__HyperAttackHints_VagharDeps_PertruebedIntervals_cTag1.txt","/root/Downloads/for_dana/vaghar_org/paper_experiments/mnist/cnn1_exp/patch/eps_1,14,14,3/advStd_cnn1_N1_model_seed42_itr20/63911885917224_n2_cnn1_patch_1.0,14.0,14.0,3.0_ctag0_model_seed42_itr20_sgd_itr1_N2_advStd_boundTight_n1ProbeLP_seed3_elimOrg0_elimPert0_HyperAttackHints_VagharDeps_PerturbedIntervals_cTag1.txt"
cnn1,patch,"1,14,14,3",0,4,328.21,415.89,12.531821,12.588245,12.532055,12.630446,0.042201,no,bounds,no,yes,yes,no,lp,0.1,0,0,1,1,2,1.27x,,,,0.056424,0.098391,,OPTIMAL,"/root/Downloads/for_dana/vaghar_org/paper_experiments/mnist/cnn1_exp/patch/eps_1,14,14,3/vagharWithPerturbed_cnn1_seed42_itr20_sgd_itr1/63910122191521_cnn1_patch_1.0,14.0,14.0,3.0_ctag0__HyperAttackHints_VagharDeps_PertruebedIntervals_cTag1.txt","/root/Downloads/for_dana/vaghar_org/paper_experiments/mnist/cnn1_exp/patch/eps_1,14,14,3/advStd_cnn1_N1_model_seed42_itr20/63911924714486_n2_cnn1_patch_1.0,14.0,14.0,3.0_ctag0_model_seed42_itr20_sgd_itr1_N2_advStd_branchPri_boundTight_n1ProbeLP_relaxT0.1_varHint_seed2_elimOrg0_elimPert0_HyperAttackHints_VagharDeps_PerturbedIntervals_cTag1.txt"
cnn1,patch,"1,14,14,3",0,4,328.21,428.79,12.531821,12.588245,12.532055,12.630446,0.042201,no,off,no,yes,yes,no,lp,0.01,0,0,1,1,2,1.31x,,,,0.056424,0.098391,,OPTIMAL,"/root/Downloads/for_dana/vaghar_org/paper_experiments/mnist/cnn1_exp/patch/eps_1,14,14,3/vagharWithPerturbed_cnn1_seed42_itr20_sgd_itr1/63910122191521_cnn1_patch_1.0,14.0,14.0,3.0_ctag0__HyperAttackHints_VagharDeps_PertruebedIntervals_cTag1.txt","/root/Downloads/for_dana/vaghar_org/paper_experiments/mnist/cnn1_exp/patch/eps_1,14,14,3/advStd_cnn1_N1_model_seed42_itr20/63911891370302_n2_cnn1_patch_1.0,14.0,14.0,3.0_ctag0_model_seed42_itr20_sgd_itr1_N2_advStd_boundTight_n1ProbeLP_relaxT0.01_varHint_seed2_elimOrg0_elimPert0_HyperAttackHints_VagharDeps_PerturbedIntervals_cTag1.txt"
cnn1,patch,"1,14,14,3",0,4,328.21,429.75,12.531821,12.588245,12.532055,12.630446,0.042201,no,off,no,yes,yes,no,lp,0.1,0,0,1,1,2,1.31x,,,,0.056424,0.098391,,OPTIMAL,"/root/Downloads/for_dana/vaghar_org/paper_experiments/mnist/cnn1_exp/patch/eps_1,14,14,3/vagharWithPerturbed_cnn1_seed42_itr20_sgd_itr1/63910122191521_cnn1_patch_1.0,14.0,14.0,3.0_ctag0__HyperAttackHints_VagharDeps_PertruebedIntervals_cTag1.txt","/root/Downloads/for_dana/vaghar_org/paper_experiments/mnist/cnn1_exp/patch/eps_1,14,14,3/advStd_cnn1_N1_model_seed42_itr20/63911894025989_n2_cnn1_patch_1.0,14.0,14.0,3.0_ctag0_model_seed42_itr20_sgd_itr1_N2_advStd_boundTight_n1ProbeLP_relaxT0.1_varHint_seed2_elimOrg0_elimPert0_HyperAttackHints_VagharDeps_PerturbedIntervals_cTag1.txt"
cnn1,patch,"1,14,14,3",0,4,328.21,429.23,12.531821,12.588245,12.532055,12.630446,0.042201,no,bounds,no,yes,yes,no,off,0.01,elim not activated,elim not activated,1,1,2,1.31x,,,,0.056424,0.098391,,OPTIMAL,"/root/Downloads/for_dana/vaghar_org/paper_experiments/mnist/cnn1_exp/patch/eps_1,14,14,3/vagharWithPerturbed_cnn1_seed42_itr20_sgd_itr1/63910122191521_cnn1_patch_1.0,14.0,14.0,3.0_ctag0__HyperAttackHints_VagharDeps_PertruebedIntervals_cTag1.txt","/root/Downloads/for_dana/vaghar_org/paper_experiments/mnist/cnn1_exp/patch/eps_1,14,14,3/advStd_cnn1_N1_model_seed42_itr20/63911906191008_n2_cnn1_patch_1.0,14.0,14.0,3.0_ctag0_model_seed42_itr20_sgd_itr1_N2_advStd_branchPri_boundTight_relaxT0.01_varHint_seed2_HyperAttackHints_VagharDeps_PerturbedIntervals_cTag1.txt"
cnn1,patch,"1,14,14,3",0,4,328.21,432.18,12.531821,12.588245,12.531821,12.631076,0.042831,yes,bounds,no,no,no,no,off,off,elim not activated,elim not activated,relax not activated,relax not activated,0,1.32x,,,,0.056424,0.099255,,OPTIMAL,"/root/Downloads/for_dana/vaghar_org/paper_experiments/mnist/cnn1_exp/patch/eps_1,14,14,3/vagharWithPerturbed_cnn1_seed42_itr20_sgd_itr1/63910122191521_cnn1_patch_1.0,14.0,14.0,3.0_ctag0__HyperAttackHints_VagharDeps_PertruebedIntervals_cTag1.txt","/root/Downloads/for_dana/vaghar_org/paper_experiments/mnist/cnn1_exp/patch/eps_1,14,14,3/advStd_cnn1_N1_model_seed42_itr20/63911697478502_n2_cnn1_patch_1.0,14.0,14.0,3.0_ctag0_model_seed42_itr20_sgd_itr1_N2_advStd_mipStart_branchPri_HyperAttackCutoff_VagharDeps_PerturbedIntervals_cTag1.txt"
cnn1,patch,"1,14,14,3",0,4,328.21,434.10,12.531821,12.588245,12.532055,12.630446,0.042201,no,bounds,no,yes,yes,no,lp,0.01,0,0,1,1,2,1.32x,,,,0.056424,0.098391,,OPTIMAL,"/root/Downloads/for_dana/vaghar_org/paper_experiments/mnist/cnn1_exp/patch/eps_1,14,14,3/vagharWithPerturbed_cnn1_seed42_itr20_sgd_itr1/63910122191521_cnn1_patch_1.0,14.0,14.0,3.0_ctag0__HyperAttackHints_VagharDeps_PertruebedIntervals_cTag1.txt","/root/Downloads/for_dana/vaghar_org/paper_experiments/mnist/cnn1_exp/patch/eps_1,14,14,3/advStd_cnn1_N1_model_seed42_itr20/63911922089236_n2_cnn1_patch_1.0,14.0,14.0,3.0_ctag0_model_seed42_itr20_sgd_itr1_N2_advStd_branchPri_boundTight_n1ProbeLP_relaxT0.01_varHint_seed2_elimOrg0_elimPert0_HyperAttackHints_VagharDeps_PerturbedIntervals_cTag1.txt"
cnn1,patch,"1,14,14,3",0,4,328.21,434.75,12.531821,12.588245,12.531821,12.652708,0.064463,no,bounds,no,yes,no,yes,lp,off,0,0,relax not activated,relax not activated,4,1.32x,,,,0.056424,0.120887,,OPTIMAL,"/root/Downloads/for_dana/vaghar_org/paper_experiments/mnist/cnn1_exp/patch/eps_1,14,14,3/vagharWithPerturbed_cnn1_seed42_itr20_sgd_itr1/63910122191521_cnn1_patch_1.0,14.0,14.0,3.0_ctag0__HyperAttackHints_VagharDeps_PertruebedIntervals_cTag1.txt","/root/Downloads/for_dana/vaghar_org/paper_experiments/mnist/cnn1_exp/patch/eps_1,14,14,3/advStd_cnn1_N1_model_seed42_itr20/63911995462952_n2_cnn1_patch_1.0,14.0,14.0,3.0_ctag0_model_seed42_itr20_sgd_itr1_N2_advStd_branchPri_boundTight_zonoBounds_n1ProbeLP_seed4_elimOrg0_elimPert0_HyperAttackHints_VagharDeps_PerturbedIntervals_cTag1.txt"
cnn1,patch,"1,14,14,3",0,4,328.21,435.93,12.531821,12.588245,12.531821,12.652708,0.064463,no,bounds,no,no,no,no,off,off,elim not activated,elim not activated,relax not activated,relax not activated,4,1.33x,,,,0.056424,0.120887,,OPTIMAL,"/root/Downloads/for_dana/vaghar_org/paper_experiments/mnist/cnn1_exp/patch/eps_1,14,14,3/vagharWithPerturbed_cnn1_seed42_itr20_sgd_itr1/63910122191521_cnn1_patch_1.0,14.0,14.0,3.0_ctag0__HyperAttackHints_VagharDeps_PertruebedIntervals_cTag1.txt","/root/Downloads/for_dana/vaghar_org/paper_experiments/mnist/cnn1_exp/patch/eps_1,14,14,3/advStd_cnn1_N1_model_seed42_itr20/63911748662731_n2_cnn1_patch_1.0,14.0,14.0,3.0_ctag0_model_seed42_itr20_sgd_itr1_N2_advStd_branchPri_seed4_HyperAttackHints_VagharDeps_PerturbedIntervals_cTag1.txt"
cnn1,patch,"1,14,14,3",0,4,328.21,438.83,12.531821,12.588245,12.532055,12.630446,0.042201,no,off,no,yes,yes,no,off,0.01,elim not activated,elim not activated,1,1,2,1.34x,,,,0.056424,0.098391,,OPTIMAL,"/root/Downloads/for_dana/vaghar_org/paper_experiments/mnist/cnn1_exp/patch/eps_1,14,14,3/vagharWithPerturbed_cnn1_seed42_itr20_sgd_itr1/63910122191521_cnn1_patch_1.0,14.0,14.0,3.0_ctag0__HyperAttackHints_VagharDeps_PertruebedIntervals_cTag1.txt","/root/Downloads/for_dana/vaghar_org/paper_experiments/mnist/cnn1_exp/patch/eps_1,14,14,3/advStd_cnn1_N1_model_seed42_itr20/63911875675169_n2_cnn1_patch_1.0,14.0,14.0,3.0_ctag0_model_seed42_itr20_sgd_itr1_N2_advStd_boundTight_relaxT0.01_varHint_seed2_HyperAttackHints_VagharDeps_PerturbedIntervals_cTag1.txt"
cnn1,patch,"1,14,14,3",0,4,328.21,439.31,12.531821,12.588245,12.531821,12.652708,0.064463,no,bounds,no,yes,no,no,lp,off,0,0,relax not activated,relax not activated,4,1.34x,,,,0.056424,0.120887,,OPTIMAL,"/root/Downloads/for_dana/vaghar_org/paper_experiments/mnist/cnn1_exp/patch/eps_1,14,14,3/vagharWithPerturbed_cnn1_seed42_itr20_sgd_itr1/63910122191521_cnn1_patch_1.0,14.0,14.0,3.0_ctag0__HyperAttackHints_VagharDeps_PertruebedIntervals_cTag1.txt","/root/Downloads/for_dana/vaghar_org/paper_experiments/mnist/cnn1_exp/patch/eps_1,14,14,3/advStd_cnn1_N1_model_seed42_itr20/63911916820054_n2_cnn1_patch_1.0,14.0,14.0,3.0_ctag0_model_seed42_itr20_sgd_itr1_N2_advStd_branchPri_boundTight_n1ProbeLP_seed4_elimOrg0_elimPert0_HyperAttackHints_VagharDeps_PerturbedIntervals_cTag1.txt"
cnn1,patch,"1,14,14,3",0,4,328.21,443.92,12.531821,12.588245,12.531821,12.652708,0.064463,no,off,no,yes,no,no,off,off,elim not activated,elim not activated,relax not activated,relax not activated,4,1.35x,,,,0.056424,0.120887,,OPTIMAL,"/root/Downloads/for_dana/vaghar_org/paper_experiments/mnist/cnn1_exp/patch/eps_1,14,14,3/vagharWithPerturbed_cnn1_seed42_itr20_sgd_itr1/63910122191521_cnn1_patch_1.0,14.0,14.0,3.0_ctag0__HyperAttackHints_VagharDeps_PertruebedIntervals_cTag1.txt","/root/Downloads/for_dana/vaghar_org/paper_experiments/mnist/cnn1_exp/patch/eps_1,14,14,3/advStd_cnn1_N1_model_seed42_itr20/63911754322189_n2_cnn1_patch_1.0,14.0,14.0,3.0_ctag0_model_seed42_itr20_sgd_itr1_N2_advStd_boundTight_seed4_HyperAttackHints_VagharDeps_PerturbedIntervals_cTag1.txt"
cnn1,patch,"1,14,14,3",0,4,328.21,443.55,12.531821,12.588245,12.532055,12.630446,0.042201,no,off,no,yes,yes,yes,lp,0.1,0,0,1,1,2,1.35x,,,,0.056424,0.098391,,OPTIMAL,"/root/Downloads/for_dana/vaghar_org/paper_experiments/mnist/cnn1_exp/patch/eps_1,14,14,3/vagharWithPerturbed_cnn1_seed42_itr20_sgd_itr1/63910122191521_cnn1_patch_1.0,14.0,14.0,3.0_ctag0__HyperAttackHints_VagharDeps_PertruebedIntervals_cTag1.txt","/root/Downloads/for_dana/vaghar_org/paper_experiments/mnist/cnn1_exp/patch/eps_1,14,14,3/advStd_cnn1_N1_model_seed42_itr20/63911970780591_n2_cnn1_patch_1.0,14.0,14.0,3.0_ctag0_model_seed42_itr20_sgd_itr1_N2_advStd_boundTight_zonoBounds_n1ProbeLP_relaxT0.1_varHint_seed2_elimOrg0_elimPert0_HyperAttackHints_VagharDeps_PerturbedIntervals_cTag1.txt"
cnn1,patch,"1,14,14,3",0,4,328.21,445.27,12.531821,12.588245,12.531822,12.559958,-0.028287,yes,off,no,yes,no,no,off,off,elim not activated,elim not activated,relax not activated,relax not activated,0,1.36x,,,,0.056424,0.028136,,OPTIMAL,"/root/Downloads/for_dana/vaghar_org/paper_experiments/mnist/cnn1_exp/patch/eps_1,14,14,3/vagharWithPerturbed_cnn1_seed42_itr20_sgd_itr1/63910122191521_cnn1_patch_1.0,14.0,14.0,3.0_ctag0__HyperAttackHints_VagharDeps_PertruebedIntervals_cTag1.txt","/root/Downloads/for_dana/vaghar_org/paper_experiments/mnist/cnn1_exp/patch/eps_1,14,14,3/advStd_cnn1_N1_model_seed42_itr20/63911696298659_n2_cnn1_patch_1.0,14.0,14.0,3.0_ctag0_model_seed42_itr20_sgd_itr1_N2_advStd_mipStart_boundTight_VagharDeps_PerturbedIntervals_cTag1.txt"
cnn1,patch,"1,14,14,3",0,4,328.21,449.03,12.531821,12.588245,12.531821,12.631076,0.042831,yes,bounds,no,yes,no,no,off,off,elim not activated,elim not activated,relax not activated,relax not activated,0,1.37x,,,,0.056424,0.099255,,OPTIMAL,"/root/Downloads/for_dana/vaghar_org/paper_experiments/mnist/cnn1_exp/patch/eps_1,14,14,3/vagharWithPerturbed_cnn1_seed42_itr20_sgd_itr1/63910122191521_cnn1_patch_1.0,14.0,14.0,3.0_ctag0__HyperAttackHints_VagharDeps_PertruebedIntervals_cTag1.txt","/root/Downloads/for_dana/vaghar_org/paper_experiments/mnist/cnn1_exp/patch/eps_1,14,14,3/advStd_cnn1_N1_model_seed42_itr20/63911697509801_n2_cnn1_patch_1.0,14.0,14.0,3.0_ctag0_model_seed42_itr20_sgd_itr1_N2_advStd_mipStart_branchPri_boundTight_HyperAttackCutoff_VagharDeps_PerturbedIntervals_cTag1.txt"
cnn1,patch,"1,14,14,3",0,4,328.21,461.76,12.531821,12.588245,12.531821,12.652708,0.064463,no,off,no,yes,no,yes,lp,off,0,0,relax not activated,relax not activated,4,1.41x,,,,0.056424,0.120887,,OPTIMAL,"/root/Downloads/for_dana/vaghar_org/paper_experiments/mnist/cnn1_exp/patch/eps_1,14,14,3/vagharWithPerturbed_cnn1_seed42_itr20_sgd_itr1/63910122191521_cnn1_patch_1.0,14.0,14.0,3.0_ctag0__HyperAttackHints_VagharDeps_PertruebedIntervals_cTag1.txt","/root/Downloads/for_dana/vaghar_org/paper_experiments/mnist/cnn1_exp/patch/eps_1,14,14,3/advStd_cnn1_N1_model_seed42_itr20/63911962565016_n2_cnn1_patch_1.0,14.0,14.0,3.0_ctag0_model_seed42_itr20_sgd_itr1_N2_advStd_boundTight_zonoBounds_n1ProbeLP_seed4_elimOrg0_elimPert0_HyperAttackHints_VagharDeps_PerturbedIntervals_cTag1.txt"
cnn1,patch,"1,14,14,3",0,4,328.21,465.06,12.531821,12.588245,12.531821,12.652708,0.064463,no,off,no,yes,no,no,lp,off,0,0,relax not activated,relax not activated,4,1.42x,,,,0.056424,0.120887,,OPTIMAL,"/root/Downloads/for_dana/vaghar_org/paper_experiments/mnist/cnn1_exp/patch/eps_1,14,14,3/vagharWithPerturbed_cnn1_seed42_itr20_sgd_itr1/63910122191521_cnn1_patch_1.0,14.0,14.0,3.0_ctag0__HyperAttackHints_VagharDeps_PertruebedIntervals_cTag1.txt","/root/Downloads/for_dana/vaghar_org/paper_experiments/mnist/cnn1_exp/patch/eps_1,14,14,3/advStd_cnn1_N1_model_seed42_itr20/63911886012081_n2_cnn1_patch_1.0,14.0,14.0,3.0_ctag0_model_seed42_itr20_sgd_itr1_N2_advStd_boundTight_n1ProbeLP_seed4_elimOrg0_elimPert0_HyperAttackHints_VagharDeps_PerturbedIntervals_cTag1.txt"
cnn1,patch,"1,14,14,3",0,4,328.21,465.77,12.531821,12.588245,12.531821,12.641662,0.053417,no,bounds,no,yes,no,yes,off,off,elim not activated,elim not activated,relax not activated,relax not activated,3,1.42x,,,,0.056424,0.109841,,OPTIMAL,"/root/Downloads/for_dana/vaghar_org/paper_experiments/mnist/cnn1_exp/patch/eps_1,14,14,3/vagharWithPerturbed_cnn1_seed42_itr20_sgd_itr1/63910122191521_cnn1_patch_1.0,14.0,14.0,3.0_ctag0__HyperAttackHints_VagharDeps_PertruebedIntervals_cTag1.txt","/root/Downloads/for_dana/vaghar_org/paper_experiments/mnist/cnn1_exp/patch/eps_1,14,14,3/advStd_cnn1_N1_model_seed42_itr20/63911979398225_n2_cnn1_patch_1.0,14.0,14.0,3.0_ctag0_model_seed42_itr20_sgd_itr1_N2_advStd_branchPri_boundTight_zonoBounds_seed3_HyperAttackHints_VagharDeps_PerturbedIntervals_cTag1.txt"
cnn1,patch,"1,14,14,3",0,4,328.21,482.12,12.531821,12.588245,12.531821,12.652708,0.064463,no,bounds,no,yes,no,yes,off,off,elim not activated,elim not activated,relax not activated,relax not activated,4,1.47x,,,,0.056424,0.120887,,OPTIMAL,"/root/Downloads/for_dana/vaghar_org/paper_experiments/mnist/cnn1_exp/patch/eps_1,14,14,3/vagharWithPerturbed_cnn1_seed42_itr20_sgd_itr1/63910122191521_cnn1_patch_1.0,14.0,14.0,3.0_ctag0__HyperAttackHints_VagharDeps_PertruebedIntervals_cTag1.txt","/root/Downloads/for_dana/vaghar_org/paper_experiments/mnist/cnn1_exp/patch/eps_1,14,14,3/advStd_cnn1_N1_model_seed42_itr20/63911979398476_n2_cnn1_patch_1.0,14.0,14.0,3.0_ctag0_model_seed42_itr20_sgd_itr1_N2_advStd_branchPri_boundTight_zonoBounds_seed4_HyperAttackHints_VagharDeps_PerturbedIntervals_cTag1.txt"
cnn1,patch,"1,14,14,3",0,4,328.21,485.90,12.531821,12.588245,12.531821,12.652708,0.064463,no,bounds,no,yes,no,no,off,off,elim not activated,elim not activated,relax not activated,relax not activated,4,1.48x,,,,0.056424,0.120887,,OPTIMAL,"/root/Downloads/for_dana/vaghar_org/paper_experiments/mnist/cnn1_exp/patch/eps_1,14,14,3/vagharWithPerturbed_cnn1_seed42_itr20_sgd_itr1/63910122191521_cnn1_patch_1.0,14.0,14.0,3.0_ctag0__HyperAttackHints_VagharDeps_PertruebedIntervals_cTag1.txt","/root/Downloads/for_dana/vaghar_org/paper_experiments/mnist/cnn1_exp/patch/eps_1,14,14,3/advStd_cnn1_N1_model_seed42_itr20/63911746743362_n2_cnn1_patch_1.0,14.0,14.0,3.0_ctag0_model_seed42_itr20_sgd_itr1_N2_advStd_branchPri_boundTight_seed4_HyperAttackHints_VagharDeps_PerturbedIntervals_cTag1.txt"
cnn1,patch,"1,14,14,3",0,4,328.21,487.92,12.531821,12.588245,12.531822,12.559958,-0.028287,yes,off,no,yes,no,no,off,off,elim not activated,elim not activated,relax not activated,relax not activated,0,1.49x,,,,0.056424,0.028136,,OPTIMAL,"/root/Downloads/for_dana/vaghar_org/paper_experiments/mnist/cnn1_exp/patch/eps_1,14,14,3/vagharWithPerturbed_cnn1_seed42_itr20_sgd_itr1/63910122191521_cnn1_patch_1.0,14.0,14.0,3.0_ctag0__HyperAttackHints_VagharDeps_PertruebedIntervals_cTag1.txt","/root/Downloads/for_dana/vaghar_org/paper_experiments/mnist/cnn1_exp/patch/eps_1,14,14,3/advStd_cnn1_N1_model_seed42_itr20/63911691602842_n2_cnn1_patch_1.0,14.0,14.0,3.0_ctag0_model_seed42_itr20_sgd_itr1_N2_advStd_mipStart_boundTight_VagharDeps_PerturbedIntervals_cTag1.txt"
cnn1,patch,"1,14,14,3",0,4,328.21,494.55,12.531821,12.588245,12.531821,12.641662,0.053417,no,off,no,yes,no,yes,off,off,elim not activated,elim not activated,relax not activated,relax not activated,3,1.51x,,,,0.056424,0.109841,,OPTIMAL,"/root/Downloads/for_dana/vaghar_org/paper_experiments/mnist/cnn1_exp/patch/eps_1,14,14,3/vagharWithPerturbed_cnn1_seed42_itr20_sgd_itr1/63910122191521_cnn1_patch_1.0,14.0,14.0,3.0_ctag0__HyperAttackHints_VagharDeps_PertruebedIntervals_cTag1.txt","/root/Downloads/for_dana/vaghar_org/paper_experiments/mnist/cnn1_exp/patch/eps_1,14,14,3/advStd_cnn1_N1_model_seed42_itr20/63911946573200_n2_cnn1_patch_1.0,14.0,14.0,3.0_ctag0_model_seed42_itr20_sgd_itr1_N2_advStd_boundTight_zonoBounds_seed3_HyperAttackHints_VagharDeps_PerturbedIntervals_cTag1.txt"
cnn1,patch,"1,14,14,3",0,4,328.21,499.19,12.531821,12.588245,12.531822,12.609829,0.021584,yes,bounds,no,yes,no,no,off,off,elim not activated,elim not activated,relax not activated,relax not activated,0,1.52x,,,,0.056424,0.078007,,OPTIMAL,"/root/Downloads/for_dana/vaghar_org/paper_experiments/mnist/cnn1_exp/patch/eps_1,14,14,3/vagharWithPerturbed_cnn1_seed42_itr20_sgd_itr1/63910122191521_cnn1_patch_1.0,14.0,14.0,3.0_ctag0__HyperAttackHints_VagharDeps_PertruebedIntervals_cTag1.txt","/root/Downloads/for_dana/vaghar_org/paper_experiments/mnist/cnn1_exp/patch/eps_1,14,14,3/advStd_cnn1_N1_model_seed42_itr20/63911696302687_n2_cnn1_patch_1.0,14.0,14.0,3.0_ctag0_model_seed42_itr20_sgd_itr1_N2_advStd_mipStart_branchPri_boundTight_VagharDeps_PerturbedIntervals_cTag1.txt"
cnn1,patch,"1,14,14,3",0,4,328.21,527.83,12.531821,12.588245,12.531821,12.652708,0.064463,no,off,no,yes,no,yes,off,off,elim not activated,elim not activated,relax not activated,relax not activated,4,1.61x,,,,0.056424,0.120887,,OPTIMAL,"/root/Downloads/for_dana/vaghar_org/paper_experiments/mnist/cnn1_exp/patch/eps_1,14,14,3/vagharWithPerturbed_cnn1_seed42_itr20_sgd_itr1/63910122191521_cnn1_patch_1.0,14.0,14.0,3.0_ctag0__HyperAttackHints_VagharDeps_PertruebedIntervals_cTag1.txt","/root/Downloads/for_dana/vaghar_org/paper_experiments/mnist/cnn1_exp/patch/eps_1,14,14,3/advStd_cnn1_N1_model_seed42_itr20/63911946574049_n2_cnn1_patch_1.0,14.0,14.0,3.0_ctag0_model_seed42_itr20_sgd_itr1_N2_advStd_boundTight_zonoBounds_seed4_HyperAttackHints_VagharDeps_PerturbedIntervals_cTag1.txt"
cnn1,patch,"1,14,14,3",0,4,328.21,566.99,12.531821,12.588245,12.531821,12.645662,0.057417,yes,off,no,yes,no,no,off,off,elim not activated,elim not activated,relax not activated,relax not activated,0,1.73x,,,,0.056424,0.113841,,OPTIMAL,"/root/Downloads/for_dana/vaghar_org/paper_experiments/mnist/cnn1_exp/patch/eps_1,14,14,3/vagharWithPerturbed_cnn1_seed42_itr20_sgd_itr1/63910122191521_cnn1_patch_1.0,14.0,14.0,3.0_ctag0__HyperAttackHints_VagharDeps_PertruebedIntervals_cTag1.txt","/root/Downloads/for_dana/vaghar_org/paper_experiments/mnist/cnn1_exp/patch/eps_1,14,14,3/advStd_cnn1_N1_model_seed42_itr20/63911693565786_n2_cnn1_patch_1.0,14.0,14.0,3.0_ctag0_model_seed42_itr20_sgd_itr1_N2_advStd_mipStart_boundTight_VagharDeps_PerturbedIntervals_cTag1.txt"
cnn1,patch,"1,14,14,3",0,4,328.21,655.74,12.531821,12.588245,12.531823,12.628094,0.039849,yes,off,no,yes,no,no,off,off,elim not activated,elim not activated,relax not activated,relax not activated,0,2.00x,,,,0.056424,0.096271,,OPTIMAL,"/root/Downloads/for_dana/vaghar_org/paper_experiments/mnist/cnn1_exp/patch/eps_1,14,14,3/vagharWithPerturbed_cnn1_seed42_itr20_sgd_itr1/63910122191521_cnn1_patch_1.0,14.0,14.0,3.0_ctag0__HyperAttackHints_VagharDeps_PertruebedIntervals_cTag1.txt","/root/Downloads/for_dana/vaghar_org/paper_experiments/mnist/cnn1_exp/patch/eps_1,14,14,3/advStd_cnn1_N1_model_seed42_itr20/63911692315235_n2_cnn1_patch_1.0,14.0,14.0,3.0_ctag0_model_seed42_itr20_sgd_itr1_N2_advStd_mipStart_boundTight_VagharDeps_PerturbedIntervals_cTag1.txt"
cnn1,patch,"1,14,14,3",0,4,328.21,684.65,12.531821,12.588245,12.633705,12.732601,0.144356,no,bounds,no,yes,yes,no,off,1.0,elim not activated,elim not activated,82,82,0,2.09x,,,,0.056424,0.098896,,OPTIMAL,"/root/Downloads/for_dana/vaghar_org/paper_experiments/mnist/cnn1_exp/patch/eps_1,14,14,3/vagharWithPerturbed_cnn1_seed42_itr20_sgd_itr1/63910122191521_cnn1_patch_1.0,14.0,14.0,3.0_ctag0__HyperAttackHints_VagharDeps_PertruebedIntervals_cTag1.txt","/root/Downloads/for_dana/vaghar_org/paper_experiments/mnist/cnn1_exp/patch/eps_1,14,14,3/advStd_cnn1_N1_model_seed42_itr20/63911913547851_n2_cnn1_patch_1.0,14.0,14.0,3.0_ctag0_model_seed42_itr20_sgd_itr1_N2_advStd_branchPri_boundTight_relaxT1.0_varHint_HyperAttackHints_VagharDeps_PerturbedIntervals_cTag1.txt"
cnn1,patch,"1,14,14,3",0,4,328.21,708.05,12.531821,12.588245,12.633705,12.732601,0.144356,no,bounds,no,yes,yes,yes,off,1.0,elim not activated,elim not activated,82,82,0,2.16x,,,,0.056424,0.098896,,OPTIMAL,"/root/Downloads/for_dana/vaghar_org/paper_experiments/mnist/cnn1_exp/patch/eps_1,14,14,3/vagharWithPerturbed_cnn1_seed42_itr20_sgd_itr1/63910122191521_cnn1_patch_1.0,14.0,14.0,3.0_ctag0__HyperAttackHints_VagharDeps_PertruebedIntervals_cTag1.txt","/root/Downloads/for_dana/vaghar_org/paper_experiments/mnist/cnn1_exp/patch/eps_1,14,14,3/advStd_cnn1_N1_model_seed42_itr20/63911992689039_n2_cnn1_patch_1.0,14.0,14.0,3.0_ctag0_model_seed42_itr20_sgd_itr1_N2_advStd_branchPri_boundTight_zonoBounds_relaxT1.0_varHint_HyperAttackHints_VagharDeps_PerturbedIntervals_cTag1.txt"
cnn1,patch,"1,14,14,3",0,4,328.21,717.01,12.531821,12.588245,12.633705,12.732601,0.144356,no,off,no,yes,yes,yes,off,1.0,elim not activated,elim not activated,82,82,0,2.18x,,,,0.056424,0.098896,,OPTIMAL,"/root/Downloads/for_dana/vaghar_org/paper_experiments/mnist/cnn1_exp/patch/eps_1,14,14,3/vagharWithPerturbed_cnn1_seed42_itr20_sgd_itr1/63910122191521_cnn1_patch_1.0,14.0,14.0,3.0_ctag0__HyperAttackHints_VagharDeps_PertruebedIntervals_cTag1.txt","/root/Downloads/for_dana/vaghar_org/paper_experiments/mnist/cnn1_exp/patch/eps_1,14,14,3/advStd_cnn1_N1_model_seed42_itr20/63911959825320_n2_cnn1_patch_1.0,14.0,14.0,3.0_ctag0_model_seed42_itr20_sgd_itr1_N2_advStd_boundTight_zonoBounds_relaxT1.0_varHint_HyperAttackHints_VagharDeps_PerturbedIntervals_cTag1.txt"
cnn1,patch,"1,14,14,3",0,4,328.21,720.09,12.531821,12.588245,12.633705,12.732601,0.144356,no,bounds,no,yes,yes,no,lp,0.5,0,0,82,82,0,2.19x,,,,0.056424,0.098896,,OPTIMAL,"/root/Downloads/for_dana/vaghar_org/paper_experiments/mnist/cnn1_exp/patch/eps_1,14,14,3/vagharWithPerturbed_cnn1_seed42_itr20_sgd_itr1/63910122191521_cnn1_patch_1.0,14.0,14.0,3.0_ctag0__HyperAttackHints_VagharDeps_PertruebedIntervals_cTag1.txt","/root/Downloads/for_dana/vaghar_org/paper_experiments/mnist/cnn1_exp/patch/eps_1,14,14,3/advStd_cnn1_N1_model_seed42_itr20/63911926768136_n2_cnn1_patch_1.0,14.0,14.0,3.0_ctag0_model_seed42_itr20_sgd_itr1_N2_advStd_branchPri_boundTight_n1ProbeLP_relaxT0.5_varHint_elimOrg0_elimPert0_HyperAttackHints_VagharDeps_PerturbedIntervals_cTag1.txt"
cnn1,patch,"1,14,14,3",0,4,328.21,727.90,12.531821,12.588245,12.633705,12.732601,0.144356,no,bounds,no,yes,yes,no,off,0.5,elim not activated,elim not activated,82,82,0,2.22x,,,,0.056424,0.098896,,OPTIMAL,"/root/Downloads/for_dana/vaghar_org/paper_experiments/mnist/cnn1_exp/patch/eps_1,14,14,3/vagharWithPerturbed_cnn1_seed42_itr20_sgd_itr1/63910122191521_cnn1_patch_1.0,14.0,14.0,3.0_ctag0__HyperAttackHints_VagharDeps_PertruebedIntervals_cTag1.txt","/root/Downloads/for_dana/vaghar_org/paper_experiments/mnist/cnn1_exp/patch/eps_1,14,14,3/advStd_cnn1_N1_model_seed42_itr20/63911910378782_n2_cnn1_patch_1.0,14.0,14.0,3.0_ctag0_model_seed42_itr20_sgd_itr1_N2_advStd_branchPri_boundTight_relaxT0.5_varHint_HyperAttackHints_VagharDeps_PerturbedIntervals_cTag1.txt"
cnn1,patch,"1,14,14,3",0,4,328.21,729.81,12.531821,12.588245,12.633705,12.732601,0.144356,no,bounds,no,yes,yes,yes,lp,0.5,0,0,82,82,0,2.22x,,,,0.056424,0.098896,,OPTIMAL,"/root/Downloads/for_dana/vaghar_org/paper_experiments/mnist/cnn1_exp/patch/eps_1,14,14,3/vagharWithPerturbed_cnn1_seed42_itr20_sgd_itr1/63910122191521_cnn1_patch_1.0,14.0,14.0,3.0_ctag0__HyperAttackHints_VagharDeps_PertruebedIntervals_cTag1.txt","/root/Downloads/for_dana/vaghar_org/paper_experiments/mnist/cnn1_exp/patch/eps_1,14,14,3/advStd_cnn1_N1_model_seed42_itr20/63912005724149_n2_cnn1_patch_1.0,14.0,14.0,3.0_ctag0_model_seed42_itr20_sgd_itr1_N2_advStd_branchPri_boundTight_zonoBounds_n1ProbeLP_relaxT0.5_varHint_elimOrg0_elimPert0_HyperAttackHints_VagharDeps_PerturbedIntervals_cTag1.txt"
cnn1,patch,"1,14,14,3",0,4,328.21,733.23,12.531821,12.588245,12.633705,12.732601,0.144356,no,off,no,yes,yes,yes,lp,1.0,0,0,82,82,0,2.23x,,,,0.056424,0.098896,,OPTIMAL,"/root/Downloads/for_dana/vaghar_org/paper_experiments/mnist/cnn1_exp/patch/eps_1,14,14,3/vagharWithPerturbed_cnn1_seed42_itr20_sgd_itr1/63910122191521_cnn1_patch_1.0,14.0,14.0,3.0_ctag0__HyperAttackHints_VagharDeps_PertruebedIntervals_cTag1.txt","/root/Downloads/for_dana/vaghar_org/paper_experiments/mnist/cnn1_exp/patch/eps_1,14,14,3/advStd_cnn1_N1_model_seed42_itr20/63911976048275_n2_cnn1_patch_1.0,14.0,14.0,3.0_ctag0_model_seed42_itr20_sgd_itr1_N2_advStd_boundTight_zonoBounds_n1ProbeLP_relaxT1.0_varHint_elimOrg0_elimPert0_HyperAttackHints_VagharDeps_PerturbedIntervals_cTag1.txt"
cnn1,patch,"1,14,14,3",0,4,328.21,734.37,12.531821,12.588245,12.633705,12.732601,0.144356,no,off,no,yes,yes,no,lp,1.0,0,0,82,82,0,2.24x,,,,0.056424,0.098896,,OPTIMAL,"/root/Downloads/for_dana/vaghar_org/paper_experiments/mnist/cnn1_exp/patch/eps_1,14,14,3/vagharWithPerturbed_cnn1_seed42_itr20_sgd_itr1/63910122191521_cnn1_patch_1.0,14.0,14.0,3.0_ctag0__HyperAttackHints_VagharDeps_PertruebedIntervals_cTag1.txt","/root/Downloads/for_dana/vaghar_org/paper_experiments/mnist/cnn1_exp/patch/eps_1,14,14,3/advStd_cnn1_N1_model_seed42_itr20/63911899424811_n2_cnn1_patch_1.0,14.0,14.0,3.0_ctag0_model_seed42_itr20_sgd_itr1_N2_advStd_boundTight_n1ProbeLP_relaxT1.0_varHint_elimOrg0_elimPert0_HyperAttackHints_VagharDeps_PerturbedIntervals_cTag1.txt"
cnn1,patch,"1,14,14,3",0,4,328.21,738.26,12.531821,12.588245,12.633705,12.732601,0.144356,no,off,no,yes,yes,no,off,1.0,elim not activated,elim not activated,82,82,0,2.25x,,,,0.056424,0.098896,,OPTIMAL,"/root/Downloads/for_dana/vaghar_org/paper_experiments/mnist/cnn1_exp/patch/eps_1,14,14,3/vagharWithPerturbed_cnn1_seed42_itr20_sgd_itr1/63910122191521_cnn1_patch_1.0,14.0,14.0,3.0_ctag0__HyperAttackHints_VagharDeps_PertruebedIntervals_cTag1.txt","/root/Downloads/for_dana/vaghar_org/paper_experiments/mnist/cnn1_exp/patch/eps_1,14,14,3/advStd_cnn1_N1_model_seed42_itr20/63911882820462_n2_cnn1_patch_1.0,14.0,14.0,3.0_ctag0_model_seed42_itr20_sgd_itr1_N2_advStd_boundTight_relaxT1.0_varHint_HyperAttackHints_VagharDeps_PerturbedIntervals_cTag1.txt"
cnn1,patch,"1,14,14,3",0,4,328.21,739.32,12.531821,12.588245,12.633705,12.732601,0.144356,no,bounds,no,yes,yes,no,lp,1.0,0,0,82,82,0,2.25x,,,,0.056424,0.098896,,OPTIMAL,"/root/Downloads/for_dana/vaghar_org/paper_experiments/mnist/cnn1_exp/patch/eps_1,14,14,3/vagharWithPerturbed_cnn1_seed42_itr20_sgd_itr1/63910122191521_cnn1_patch_1.0,14.0,14.0,3.0_ctag0__HyperAttackHints_VagharDeps_PertruebedIntervals_cTag1.txt","/root/Downloads/for_dana/vaghar_org/paper_experiments/mnist/cnn1_exp/patch/eps_1,14,14,3/advStd_cnn1_N1_model_seed42_itr20/63911929835889_n2_cnn1_patch_1.0,14.0,14.0,3.0_ctag0_model_seed42_itr20_sgd_itr1_N2_advStd_branchPri_boundTight_n1ProbeLP_relaxT1.0_varHint_elimOrg0_elimPert0_HyperAttackHints_VagharDeps_PerturbedIntervals_cTag1.txt"
cnn1,patch,"1,14,14,3",0,4,328.21,745.30,12.531821,12.588245,12.633705,12.732601,0.144356,no,off,no,yes,yes,no,off,0.5,elim not activated,elim not activated,82,82,0,2.27x,,,,0.056424,0.098896,,OPTIMAL,"/root/Downloads/for_dana/vaghar_org/paper_experiments/mnist/cnn1_exp/patch/eps_1,14,14,3/vagharWithPerturbed_cnn1_seed42_itr20_sgd_itr1/63910122191521_cnn1_patch_1.0,14.0,14.0,3.0_ctag0__HyperAttackHints_VagharDeps_PertruebedIntervals_cTag1.txt","/root/Downloads/for_dana/vaghar_org/paper_experiments/mnist/cnn1_exp/patch/eps_1,14,14,3/advStd_cnn1_N1_model_seed42_itr20/63911879727119_n2_cnn1_patch_1.0,14.0,14.0,3.0_ctag0_model_seed42_itr20_sgd_itr1_N2_advStd_boundTight_relaxT0.5_varHint_HyperAttackHints_VagharDeps_PerturbedIntervals_cTag1.txt"
cnn1,patch,"1,14,14,3",0,4,328.21,745.13,12.531821,12.588245,12.633705,12.732601,0.144356,no,off,no,yes,yes,no,lp,0.5,0,0,82,82,0,2.27x,,,,0.056424,0.098896,,OPTIMAL,"/root/Downloads/for_dana/vaghar_org/paper_experiments/mnist/cnn1_exp/patch/eps_1,14,14,3/vagharWithPerturbed_cnn1_seed42_itr20_sgd_itr1/63910122191521_cnn1_patch_1.0,14.0,14.0,3.0_ctag0__HyperAttackHints_VagharDeps_PertruebedIntervals_cTag1.txt","/root/Downloads/for_dana/vaghar_org/paper_experiments/mnist/cnn1_exp/patch/eps_1,14,14,3/advStd_cnn1_N1_model_seed42_itr20/63911895943477_n2_cnn1_patch_1.0,14.0,14.0,3.0_ctag0_model_seed42_itr20_sgd_itr1_N2_advStd_boundTight_n1ProbeLP_relaxT0.5_varHint_elimOrg0_elimPert0_HyperAttackHints_VagharDeps_PerturbedIntervals_cTag1.txt"
cnn1,patch,"1,14,14,3",0,4,328.21,745.44,12.531821,12.588245,12.633705,12.732601,0.144356,no,off,no,yes,yes,yes,off,0.5,elim not activated,elim not activated,82,82,0,2.27x,,,,0.056424,0.098896,,OPTIMAL,"/root/Downloads/for_dana/vaghar_org/paper_experiments/mnist/cnn1_exp/patch/eps_1,14,14,3/vagharWithPerturbed_cnn1_seed42_itr20_sgd_itr1/63910122191521_cnn1_patch_1.0,14.0,14.0,3.0_ctag0__HyperAttackHints_VagharDeps_PertruebedIntervals_cTag1.txt","/root/Downloads/for_dana/vaghar_org/paper_experiments/mnist/cnn1_exp/patch/eps_1,14,14,3/advStd_cnn1_N1_model_seed42_itr20/63911956955019_n2_cnn1_patch_1.0,14.0,14.0,3.0_ctag0_model_seed42_itr20_sgd_itr1_N2_advStd_boundTight_zonoBounds_relaxT0.5_varHint_HyperAttackHints_VagharDeps_PerturbedIntervals_cTag1.txt"
cnn1,patch,"1,14,14,3",0,4,328.21,744.23,12.531821,12.588245,12.633705,12.732601,0.144356,no,bounds,no,yes,yes,yes,lp,1.0,0,0,82,82,0,2.27x,,,,0.056424,0.098896,,OPTIMAL,"/root/Downloads/for_dana/vaghar_org/paper_experiments/mnist/cnn1_exp/patch/eps_1,14,14,3/vagharWithPerturbed_cnn1_seed42_itr20_sgd_itr1/63910122191521_cnn1_patch_1.0,14.0,14.0,3.0_ctag0__HyperAttackHints_VagharDeps_PertruebedIntervals_cTag1.txt","/root/Downloads/for_dana/vaghar_org/paper_experiments/mnist/cnn1_exp/patch/eps_1,14,14,3/advStd_cnn1_N1_model_seed42_itr20/63912008783396_n2_cnn1_patch_1.0,14.0,14.0,3.0_ctag0_model_seed42_itr20_sgd_itr1_N2_advStd_branchPri_boundTight_zonoBounds_n1ProbeLP_relaxT1.0_varHint_elimOrg0_elimPert0_HyperAttackHints_VagharDeps_PerturbedIntervals_cTag1.txt"
cnn1,patch,"1,14,14,3",0,4,328.21,748.82,12.531821,12.588245,12.633705,12.732601,0.144356,no,bounds,no,yes,yes,yes,off,0.5,elim not activated,elim not activated,82,82,0,2.28x,,,,0.056424,0.098896,,OPTIMAL,"/root/Downloads/for_dana/vaghar_org/paper_experiments/mnist/cnn1_exp/patch/eps_1,14,14,3/vagharWithPerturbed_cnn1_seed42_itr20_sgd_itr1/63910122191521_cnn1_patch_1.0,14.0,14.0,3.0_ctag0__HyperAttackHints_VagharDeps_PertruebedIntervals_cTag1.txt","/root/Downloads/for_dana/vaghar_org/paper_experiments/mnist/cnn1_exp/patch/eps_1,14,14,3/advStd_cnn1_N1_model_seed42_itr20/63911989787101_n2_cnn1_patch_1.0,14.0,14.0,3.0_ctag0_model_seed42_itr20_sgd_itr1_N2_advStd_branchPri_boundTight_zonoBounds_relaxT0.5_varHint_HyperAttackHints_VagharDeps_PerturbedIntervals_cTag1.txt"
cnn1,patch,"1,14,14,3",0,4,328.21,759.65,12.531821,12.588245,12.633705,12.732601,0.144356,no,off,no,yes,yes,yes,lp,0.5,0,0,82,82,0,2.31x,,,,0.056424,0.098896,,OPTIMAL,"/root/Downloads/for_dana/vaghar_org/paper_experiments/mnist/cnn1_exp/patch/eps_1,14,14,3/vagharWithPerturbed_cnn1_seed42_itr20_sgd_itr1/63910122191521_cnn1_patch_1.0,14.0,14.0,3.0_ctag0__HyperAttackHints_VagharDeps_PertruebedIntervals_cTag1.txt","/root/Downloads/for_dana/vaghar_org/paper_experiments/mnist/cnn1_exp/patch/eps_1,14,14,3/advStd_cnn1_N1_model_seed42_itr20/63911972864972_n2_cnn1_patch_1.0,14.0,14.0,3.0_ctag0_model_seed42_itr20_sgd_itr1_N2_advStd_boundTight_zonoBounds_n1ProbeLP_relaxT0.5_varHint_elimOrg0_elimPert0_HyperAttackHints_VagharDeps_PerturbedIntervals_cTag1.txt"
cnn1,patch,"1,14,14,3",0,4,328.21,1811.92,12.531821,12.588245,12.531825,20.821582,8.233337,yes,bounds,no,yes,no,no,off,off,elim not activated,elim not activated,relax not activated,relax not activated,4,5.52x,,,,0.056424,8.289757,,TIME_LIMIT,"/root/Downloads/for_dana/vaghar_org/paper_experiments/mnist/cnn1_exp/patch/eps_1,14,14,3/vagharWithPerturbed_cnn1_seed42_itr20_sgd_itr1/63910122191521_cnn1_patch_1.0,14.0,14.0,3.0_ctag0__HyperAttackHints_VagharDeps_PertruebedIntervals_cTag1.txt","/root/Downloads/for_dana/vaghar_org/paper_experiments/mnist/cnn1_exp/patch/eps_1,14,14,3/advStd_cnn1_N1_model_seed42_itr20/63911733277775_n2_cnn1_patch_1.0,14.0,14.0,3.0_ctag0_model_seed42_itr20_sgd_itr1_N2_advStd_mipStart_branchPri_boundTight_seed4_HyperAttackCutoff_VagharDeps_PerturbedIntervals_cTag1.txt"
cnn1,patch,"1,14,14,3",0,4,328.21,1812.32,12.531821,12.588245,12.531825,20.821582,8.233337,yes,bounds,no,no,no,no,off,off,elim not activated,elim not activated,relax not activated,relax not activated,4,5.52x,,,,0.056424,8.289757,,TIME_LIMIT,"/root/Downloads/for_dana/vaghar_org/paper_experiments/mnist/cnn1_exp/patch/eps_1,14,14,3/vagharWithPerturbed_cnn1_seed42_itr20_sgd_itr1/63910122191521_cnn1_patch_1.0,14.0,14.0,3.0_ctag0__HyperAttackHints_VagharDeps_PertruebedIntervals_cTag1.txt","/root/Downloads/for_dana/vaghar_org/paper_experiments/mnist/cnn1_exp/patch/eps_1,14,14,3/advStd_cnn1_N1_model_seed42_itr20/63911735080168_n2_cnn1_patch_1.0,14.0,14.0,3.0_ctag0_model_seed42_itr20_sgd_itr1_N2_advStd_mipStart_branchPri_seed4_HyperAttackCutoff_VagharDeps_PerturbedIntervals_cTag1.txt"
cnn1,patch,"1,14,14,3",0,4,328.21,1812.07,12.531821,12.588245,12.531825,20.821582,8.233337,yes,off,no,yes,no,no,off,off,elim not activated,elim not activated,relax not activated,relax not activated,4,5.52x,,,,0.056424,8.289757,,TIME_LIMIT,"/root/Downloads/for_dana/vaghar_org/paper_experiments/mnist/cnn1_exp/patch/eps_1,14,14,3/vagharWithPerturbed_cnn1_seed42_itr20_sgd_itr1/63910122191521_cnn1_patch_1.0,14.0,14.0,3.0_ctag0__HyperAttackHints_VagharDeps_PertruebedIntervals_cTag1.txt","/root/Downloads/for_dana/vaghar_org/paper_experiments/mnist/cnn1_exp/patch/eps_1,14,14,3/advStd_cnn1_N1_model_seed42_itr20/63911739885093_n2_cnn1_patch_1.0,14.0,14.0,3.0_ctag0_model_seed42_itr20_sgd_itr1_N2_advStd_mipStart_boundTight_seed4_HyperAttackCutoff_VagharDeps_PerturbedIntervals_cTag1.txt"
cnn1,patch,"1,14,14,3",0,4,328.21,1811.94,12.531821,12.588245,12.531825,20.821582,8.233337,yes,off,no,no,no,no,off,off,elim not activated,elim not activated,relax not activated,relax not activated,4,5.52x,,,,0.056424,8.289757,,TIME_LIMIT,"/root/Downloads/for_dana/vaghar_org/paper_experiments/mnist/cnn1_exp/patch/eps_1,14,14,3/vagharWithPerturbed_cnn1_seed42_itr20_sgd_itr1/63910122191521_cnn1_patch_1.0,14.0,14.0,3.0_ctag0__HyperAttackHints_VagharDeps_PertruebedIntervals_cTag1.txt","/root/Downloads/for_dana/vaghar_org/paper_experiments/mnist/cnn1_exp/patch/eps_1,14,14,3/advStd_cnn1_N1_model_seed42_itr20/63911741632558_n2_cnn1_patch_1.0,14.0,14.0,3.0_ctag0_model_seed42_itr20_sgd_itr1_N2_advStd_mipStart_seed4_HyperAttackCutoff_VagharDeps_PerturbedIntervals_cTag1.txt"
cnn1,patch,"1,14,14,3",0,4,328.21,1811.15,12.531821,12.588245,12.531825,19.218436,6.630191,no,bounds,no,yes,no,no,off,off,elim not activated,elim not activated,relax not activated,relax not activated,2,5.52x,,,,0.056424,6.686611,,TIME_LIMIT,"/root/Downloads/for_dana/vaghar_org/paper_experiments/mnist/cnn1_exp/patch/eps_1,14,14,3/vagharWithPerturbed_cnn1_seed42_itr20_sgd_itr1/63910122191521_cnn1_patch_1.0,14.0,14.0,3.0_ctag0__HyperAttackHints_VagharDeps_PertruebedIntervals_cTag1.txt","/root/Downloads/for_dana/vaghar_org/paper_experiments/mnist/cnn1_exp/patch/eps_1,14,14,3/advStd_cnn1_N1_model_seed42_itr20/63911746039615_n2_cnn1_patch_1.0,14.0,14.0,3.0_ctag0_model_seed42_itr20_sgd_itr1_N2_advStd_branchPri_boundTight_seed2_HyperAttackHints_VagharDeps_PerturbedIntervals_cTag1.txt"
cnn1,patch,"1,14,14,3",0,4,328.21,1811.71,12.531821,12.588245,12.531825,19.218436,6.630191,no,bounds,no,no,no,no,off,off,elim not activated,elim not activated,relax not activated,relax not activated,2,5.52x,,,,0.056424,6.686611,,TIME_LIMIT,"/root/Downloads/for_dana/vaghar_org/paper_experiments/mnist/cnn1_exp/patch/eps_1,14,14,3/vagharWithPerturbed_cnn1_seed42_itr20_sgd_itr1/63910122191521_cnn1_patch_1.0,14.0,14.0,3.0_ctag0__HyperAttackHints_VagharDeps_PertruebedIntervals_cTag1.txt","/root/Downloads/for_dana/vaghar_org/paper_experiments/mnist/cnn1_exp/patch/eps_1,14,14,3/advStd_cnn1_N1_model_seed42_itr20/63911747437184_n2_cnn1_patch_1.0,14.0,14.0,3.0_ctag0_model_seed42_itr20_sgd_itr1_N2_advStd_branchPri_seed2_HyperAttackHints_VagharDeps_PerturbedIntervals_cTag1.txt"
cnn1,patch,"1,14,14,3",0,4,328.21,1811.37,12.531821,12.588245,12.531825,19.218436,6.630191,no,off,no,yes,no,no,off,off,elim not activated,elim not activated,relax not activated,relax not activated,2,5.52x,,,,0.056424,6.686611,,TIME_LIMIT,"/root/Downloads/for_dana/vaghar_org/paper_experiments/mnist/cnn1_exp/patch/eps_1,14,14,3/vagharWithPerturbed_cnn1_seed42_itr20_sgd_itr1/63910122191521_cnn1_patch_1.0,14.0,14.0,3.0_ctag0__HyperAttackHints_VagharDeps_PertruebedIntervals_cTag1.txt","/root/Downloads/for_dana/vaghar_org/paper_experiments/mnist/cnn1_exp/patch/eps_1,14,14,3/advStd_cnn1_N1_model_seed42_itr20/63911753068117_n2_cnn1_patch_1.0,14.0,14.0,3.0_ctag0_model_seed42_itr20_sgd_itr1_N2_advStd_boundTight_seed2_HyperAttackHints_VagharDeps_PerturbedIntervals_cTag1.txt"
cnn1,patch,"1,14,14,3",0,4,328.21,1812.90,12.531821,12.588245,12.531824,20.896883,8.308638,no,off,no,yes,yes,no,off,off,elim not activated,elim not activated,relax not activated,relax not activated,0,5.52x,,,,0.056424,8.365059,,TIME_LIMIT,"/root/Downloads/for_dana/vaghar_org/paper_experiments/mnist/cnn1_exp/patch/eps_1,14,14,3/vagharWithPerturbed_cnn1_seed42_itr20_sgd_itr1/63910122191521_cnn1_patch_1.0,14.0,14.0,3.0_ctag0__HyperAttackHints_VagharDeps_PertruebedIntervals_cTag1.txt","/root/Downloads/for_dana/vaghar_org/paper_experiments/mnist/cnn1_exp/patch/eps_1,14,14,3/advStd_cnn1_N1_model_seed42_itr20/63911872222354_n2_cnn1_patch_1.0,14.0,14.0,3.0_ctag0_model_seed42_itr20_sgd_itr1_N2_advStd_boundTight_varHint_HyperAttackHints_VagharDeps_PerturbedIntervals_cTag1.txt"
cnn1,patch,"1,14,14,3",0,4,328.21,1812.11,12.531821,12.588245,12.531822,22.174524,9.586279,no,off,no,yes,yes,no,off,off,elim not activated,elim not activated,relax not activated,relax not activated,2,5.52x,,,,0.056424,9.642702,,TIME_LIMIT,"/root/Downloads/for_dana/vaghar_org/paper_experiments/mnist/cnn1_exp/patch/eps_1,14,14,3/vagharWithPerturbed_cnn1_seed42_itr20_sgd_itr1/63910122191521_cnn1_patch_1.0,14.0,14.0,3.0_ctag0__HyperAttackHints_VagharDeps_PertruebedIntervals_cTag1.txt","/root/Downloads/for_dana/vaghar_org/paper_experiments/mnist/cnn1_exp/patch/eps_1,14,14,3/advStd_cnn1_N1_model_seed42_itr20/63911872266656_n2_cnn1_patch_1.0,14.0,14.0,3.0_ctag0_model_seed42_itr20_sgd_itr1_N2_advStd_boundTight_varHint_seed2_HyperAttackHints_VagharDeps_PerturbedIntervals_cTag1.txt"
cnn1,patch,"1,14,14,3",0,4,328.21,1812.31,12.531821,12.588245,12.531822,20.858753,8.270508,no,off,no,yes,yes,no,off,off,elim not activated,elim not activated,relax not activated,relax not activated,3,5.52x,,,,0.056424,8.326931,,TIME_LIMIT,"/root/Downloads/for_dana/vaghar_org/paper_experiments/mnist/cnn1_exp/patch/eps_1,14,14,3/vagharWithPerturbed_cnn1_seed42_itr20_sgd_itr1/63910122191521_cnn1_patch_1.0,14.0,14.0,3.0_ctag0__HyperAttackHints_VagharDeps_PertruebedIntervals_cTag1.txt","/root/Downloads/for_dana/vaghar_org/paper_experiments/mnist/cnn1_exp/patch/eps_1,14,14,3/advStd_cnn1_N1_model_seed42_itr20/63911872271403_n2_cnn1_patch_1.0,14.0,14.0,3.0_ctag0_model_seed42_itr20_sgd_itr1_N2_advStd_boundTight_varHint_seed3_HyperAttackHints_VagharDeps_PerturbedIntervals_cTag1.txt"
cnn1,patch,"1,14,14,3",0,4,328.21,1812.50,12.531821,12.588245,12.531825,19.218436,6.630191,no,off,no,yes,no,no,lp,off,0,0,relax not activated,relax not activated,2,5.52x,,,,0.056424,6.686611,,TIME_LIMIT,"/root/Downloads/for_dana/vaghar_org/paper_experiments/mnist/cnn1_exp/patch/eps_1,14,14,3/vagharWithPerturbed_cnn1_seed42_itr20_sgd_itr1/63910122191521_cnn1_patch_1.0,14.0,14.0,3.0_ctag0__HyperAttackHints_VagharDeps_PertruebedIntervals_cTag1.txt","/root/Downloads/for_dana/vaghar_org/paper_experiments/mnist/cnn1_exp/patch/eps_1,14,14,3/advStd_cnn1_N1_model_seed42_itr20/63911885853526_n2_cnn1_patch_1.0,14.0,14.0,3.0_ctag0_model_seed42_itr20_sgd_itr1_N2_advStd_boundTight_n1ProbeLP_seed2_elimOrg0_elimPert0_HyperAttackHints_VagharDeps_PerturbedIntervals_cTag1.txt"
cnn1,patch,"1,14,14,3",0,4,328.21,1812.14,12.531821,12.588245,12.531824,20.896883,8.308638,no,off,no,yes,yes,no,lp,off,0,0,relax not activated,relax not activated,0,5.52x,,,,0.056424,8.365059,,TIME_LIMIT,"/root/Downloads/for_dana/vaghar_org/paper_experiments/mnist/cnn1_exp/patch/eps_1,14,14,3/vagharWithPerturbed_cnn1_seed42_itr20_sgd_itr1/63910122191521_cnn1_patch_1.0,14.0,14.0,3.0_ctag0__HyperAttackHints_VagharDeps_PertruebedIntervals_cTag1.txt","/root/Downloads/for_dana/vaghar_org/paper_experiments/mnist/cnn1_exp/patch/eps_1,14,14,3/advStd_cnn1_N1_model_seed42_itr20/63911886180932_n2_cnn1_patch_1.0,14.0,14.0,3.0_ctag0_model_seed42_itr20_sgd_itr1_N2_advStd_boundTight_n1ProbeLP_varHint_elimOrg0_elimPert0_HyperAttackHints_VagharDeps_PerturbedIntervals_cTag1.txt"
cnn1,patch,"1,14,14,3",0,4,328.21,1812.10,12.531821,12.588245,12.531822,22.174524,9.586279,no,off,no,yes,yes,no,lp,off,0,0,relax not activated,relax not activated,2,5.52x,,,,0.056424,9.642702,,TIME_LIMIT,"/root/Downloads/for_dana/vaghar_org/paper_experiments/mnist/cnn1_exp/patch/eps_1,14,14,3/vagharWithPerturbed_cnn1_seed42_itr20_sgd_itr1/63910122191521_cnn1_patch_1.0,14.0,14.0,3.0_ctag0__HyperAttackHints_VagharDeps_PertruebedIntervals_cTag1.txt","/root/Downloads/for_dana/vaghar_org/paper_experiments/mnist/cnn1_exp/patch/eps_1,14,14,3/advStd_cnn1_N1_model_seed42_itr20/63911886878080_n2_cnn1_patch_1.0,14.0,14.0,3.0_ctag0_model_seed42_itr20_sgd_itr1_N2_advStd_boundTight_n1ProbeLP_varHint_seed2_elimOrg0_elimPert0_HyperAttackHints_VagharDeps_PerturbedIntervals_cTag1.txt"
cnn1,patch,"1,14,14,3",0,4,328.21,1812.51,12.531821,12.588245,12.531822,20.858753,8.270508,no,off,no,yes,yes,no,lp,off,0,0,relax not activated,relax not activated,3,5.52x,,,,0.056424,8.326931,,TIME_LIMIT,"/root/Downloads/for_dana/vaghar_org/paper_experiments/mnist/cnn1_exp/patch/eps_1,14,14,3/vagharWithPerturbed_cnn1_seed42_itr20_sgd_itr1/63910122191521_cnn1_patch_1.0,14.0,14.0,3.0_ctag0__HyperAttackHints_VagharDeps_PertruebedIntervals_cTag1.txt","/root/Downloads/for_dana/vaghar_org/paper_experiments/mnist/cnn1_exp/patch/eps_1,14,14,3/advStd_cnn1_N1_model_seed42_itr20/63911887965674_n2_cnn1_patch_1.0,14.0,14.0,3.0_ctag0_model_seed42_itr20_sgd_itr1_N2_advStd_boundTight_n1ProbeLP_varHint_seed3_elimOrg0_elimPert0_HyperAttackHints_VagharDeps_PerturbedIntervals_cTag1.txt"
cnn1,patch,"1,14,14,3",0,4,328.21,1813.17,12.531821,12.588245,12.633814,18.322366,5.734122,no,off,no,yes,no,no,lp,0.5,0,0,82,82,2,5.52x,,,,0.056424,5.688553,,TIME_LIMIT,"/root/Downloads/for_dana/vaghar_org/paper_experiments/mnist/cnn1_exp/patch/eps_1,14,14,3/vagharWithPerturbed_cnn1_seed42_itr20_sgd_itr1/63910122191521_cnn1_patch_1.0,14.0,14.0,3.0_ctag0__HyperAttackHints_VagharDeps_PertruebedIntervals_cTag1.txt","/root/Downloads/for_dana/vaghar_org/paper_experiments/mnist/cnn1_exp/patch/eps_1,14,14,3/advStd_cnn1_N1_model_seed42_itr20/63911895317287_n2_cnn1_patch_1.0,14.0,14.0,3.0_ctag0_model_seed42_itr20_sgd_itr1_N2_advStd_boundTight_n1ProbeLP_relaxT0.5_seed2_elimOrg0_elimPert0_HyperAttackHints_VagharDeps_PerturbedIntervals_cTag1.txt"
cnn1,patch,"1,14,14,3",0,4,328.21,1812.90,12.531821,12.588245,12.531824,20.896883,8.308638,no,bounds,no,yes,yes,no,off,off,elim not activated,elim not activated,relax not activated,relax not activated,0,5.52x,,,,0.056424,8.365059,,TIME_LIMIT,"/root/Downloads/for_dana/vaghar_org/paper_experiments/mnist/cnn1_exp/patch/eps_1,14,14,3/vagharWithPerturbed_cnn1_seed42_itr20_sgd_itr1/63910122191521_cnn1_patch_1.0,14.0,14.0,3.0_ctag0__HyperAttackHints_VagharDeps_PertruebedIntervals_cTag1.txt","/root/Downloads/for_dana/vaghar_org/paper_experiments/mnist/cnn1_exp/patch/eps_1,14,14,3/advStd_cnn1_N1_model_seed42_itr20/63911902750615_n2_cnn1_patch_1.0,14.0,14.0,3.0_ctag0_model_seed42_itr20_sgd_itr1_N2_advStd_branchPri_boundTight_varHint_HyperAttackHints_VagharDeps_PerturbedIntervals_cTag1.txt"
cnn1,patch,"1,14,14,3",0,4,328.21,1811.41,12.531821,12.588245,12.531831,21.186306,8.598061,no,bounds,no,yes,yes,no,off,off,elim not activated,elim not activated,relax not activated,relax not activated,1,5.52x,,,,0.056424,8.654475,,TIME_LIMIT,"/root/Downloads/for_dana/vaghar_org/paper_experiments/mnist/cnn1_exp/patch/eps_1,14,14,3/vagharWithPerturbed_cnn1_seed42_itr20_sgd_itr1/63910122191521_cnn1_patch_1.0,14.0,14.0,3.0_ctag0__HyperAttackHints_VagharDeps_PertruebedIntervals_cTag1.txt","/root/Downloads/for_dana/vaghar_org/paper_experiments/mnist/cnn1_exp/patch/eps_1,14,14,3/advStd_cnn1_N1_model_seed42_itr20/63911902759992_n2_cnn1_patch_1.0,14.0,14.0,3.0_ctag0_model_seed42_itr20_sgd_itr1_N2_advStd_branchPri_boundTight_varHint_seed1_HyperAttackHints_VagharDeps_PerturbedIntervals_cTag1.txt"
cnn1,patch,"1,14,14,3",0,4,328.21,1812.25,12.531821,12.588245,12.531825,19.218436,6.630191,no,bounds,no,yes,no,no,lp,off,0,0,relax not activated,relax not activated,2,5.52x,,,,0.056424,6.686611,,TIME_LIMIT,"/root/Downloads/for_dana/vaghar_org/paper_experiments/mnist/cnn1_exp/patch/eps_1,14,14,3/vagharWithPerturbed_cnn1_seed42_itr20_sgd_itr1/63910122191521_cnn1_patch_1.0,14.0,14.0,3.0_ctag0__HyperAttackHints_VagharDeps_PertruebedIntervals_cTag1.txt","/root/Downloads/for_dana/vaghar_org/paper_experiments/mnist/cnn1_exp/patch/eps_1,14,14,3/advStd_cnn1_N1_model_seed42_itr20/63911916553797_n2_cnn1_patch_1.0,14.0,14.0,3.0_ctag0_model_seed42_itr20_sgd_itr1_N2_advStd_branchPri_boundTight_n1ProbeLP_seed2_elimOrg0_elimPert0_HyperAttackHints_VagharDeps_PerturbedIntervals_cTag1.txt"
cnn1,patch,"1,14,14,3",0,4,328.21,1812.62,12.531821,12.588245,12.531824,20.896883,8.308638,no,bounds,no,yes,yes,no,lp,off,0,0,relax not activated,relax not activated,0,5.52x,,,,0.056424,8.365059,,TIME_LIMIT,"/root/Downloads/for_dana/vaghar_org/paper_experiments/mnist/cnn1_exp/patch/eps_1,14,14,3/vagharWithPerturbed_cnn1_seed42_itr20_sgd_itr1/63910122191521_cnn1_patch_1.0,14.0,14.0,3.0_ctag0__HyperAttackHints_VagharDeps_PertruebedIntervals_cTag1.txt","/root/Downloads/for_dana/vaghar_org/paper_experiments/mnist/cnn1_exp/patch/eps_1,14,14,3/advStd_cnn1_N1_model_seed42_itr20/63911916890589_n2_cnn1_patch_1.0,14.0,14.0,3.0_ctag0_model_seed42_itr20_sgd_itr1_N2_advStd_branchPri_boundTight_n1ProbeLP_varHint_elimOrg0_elimPert0_HyperAttackHints_VagharDeps_PerturbedIntervals_cTag1.txt"
cnn1,patch,"1,14,14,3",0,4,328.21,1812.51,12.531821,12.588245,12.531831,20.606536,8.018291,no,bounds,no,yes,yes,no,lp,off,0,0,relax not activated,relax not activated,1,5.52x,,,,0.056424,8.074705,,TIME_LIMIT,"/root/Downloads/for_dana/vaghar_org/paper_experiments/mnist/cnn1_exp/patch/eps_1,14,14,3/vagharWithPerturbed_cnn1_seed42_itr20_sgd_itr1/63910122191521_cnn1_patch_1.0,14.0,14.0,3.0_ctag0__HyperAttackHints_VagharDeps_PertruebedIntervals_cTag1.txt","/root/Downloads/for_dana/vaghar_org/paper_experiments/mnist/cnn1_exp/patch/eps_1,14,14,3/advStd_cnn1_N1_model_seed42_itr20/63911917482213_n2_cnn1_patch_1.0,14.0,14.0,3.0_ctag0_model_seed42_itr20_sgd_itr1_N2_advStd_branchPri_boundTight_n1ProbeLP_varHint_seed1_elimOrg0_elimPert0_HyperAttackHints_VagharDeps_PerturbedIntervals_cTag1.txt"
cnn1,patch,"1,14,14,3",0,4,328.21,1812.28,12.531821,12.588245,12.531822,22.174524,9.586279,no,bounds,no,yes,yes,no,lp,off,0,0,relax not activated,relax not activated,2,5.52x,,,,0.056424,9.642702,,TIME_LIMIT,"/root/Downloads/for_dana/vaghar_org/paper_experiments/mnist/cnn1_exp/patch/eps_1,14,14,3/vagharWithPerturbed_cnn1_seed42_itr20_sgd_itr1/63910122191521_cnn1_patch_1.0,14.0,14.0,3.0_ctag0__HyperAttackHints_VagharDeps_PertruebedIntervals_cTag1.txt","/root/Downloads/for_dana/vaghar_org/paper_experiments/mnist/cnn1_exp/patch/eps_1,14,14,3/advStd_cnn1_N1_model_seed42_itr20/63911918212443_n2_cnn1_patch_1.0,14.0,14.0,3.0_ctag0_model_seed42_itr20_sgd_itr1_N2_advStd_branchPri_boundTight_n1ProbeLP_varHint_seed2_elimOrg0_elimPert0_HyperAttackHints_VagharDeps_PerturbedIntervals_cTag1.txt"
cnn1,patch,"1,14,14,3",0,4,328.21,1812.95,12.531821,12.588245,12.531822,20.858753,8.270508,no,bounds,no,yes,yes,no,lp,off,0,0,relax not activated,relax not activated,3,5.52x,,,,0.056424,8.326931,,TIME_LIMIT,"/root/Downloads/for_dana/vaghar_org/paper_experiments/mnist/cnn1_exp/patch/eps_1,14,14,3/vagharWithPerturbed_cnn1_seed42_itr20_sgd_itr1/63910122191521_cnn1_patch_1.0,14.0,14.0,3.0_ctag0__HyperAttackHints_VagharDeps_PertruebedIntervals_cTag1.txt","/root/Downloads/for_dana/vaghar_org/paper_experiments/mnist/cnn1_exp/patch/eps_1,14,14,3/advStd_cnn1_N1_model_seed42_itr20/63911918682697_n2_cnn1_patch_1.0,14.0,14.0,3.0_ctag0_model_seed42_itr20_sgd_itr1_N2_advStd_branchPri_boundTight_n1ProbeLP_varHint_seed3_elimOrg0_elimPert0_HyperAttackHints_VagharDeps_PerturbedIntervals_cTag1.txt"
cnn1,patch,"1,14,14,3",0,4,328.21,1812.60,12.531821,12.588245,12.531825,19.218436,6.630191,no,off,no,yes,no,yes,off,off,elim not activated,elim not activated,relax not activated,relax not activated,2,5.52x,,,,0.056424,6.686611,,TIME_LIMIT,"/root/Downloads/for_dana/vaghar_org/paper_experiments/mnist/cnn1_exp/patch/eps_1,14,14,3/vagharWithPerturbed_cnn1_seed42_itr20_sgd_itr1/63910122191521_cnn1_patch_1.0,14.0,14.0,3.0_ctag0__HyperAttackHints_VagharDeps_PertruebedIntervals_cTag1.txt","/root/Downloads/for_dana/vaghar_org/paper_experiments/mnist/cnn1_exp/patch/eps_1,14,14,3/advStd_cnn1_N1_model_seed42_itr20/63911946565753_n2_cnn1_patch_1.0,14.0,14.0,3.0_ctag0_model_seed42_itr20_sgd_itr1_N2_advStd_boundTight_zonoBounds_seed2_HyperAttackHints_VagharDeps_PerturbedIntervals_cTag1.txt"
cnn1,patch,"1,14,14,3",0,4,328.21,1812.31,12.531821,12.588245,12.531824,20.896883,8.308638,no,off,no,yes,yes,yes,off,off,elim not activated,elim not activated,relax not activated,relax not activated,0,5.52x,,,,0.056424,8.365059,,TIME_LIMIT,"/root/Downloads/for_dana/vaghar_org/paper_experiments/mnist/cnn1_exp/patch/eps_1,14,14,3/vagharWithPerturbed_cnn1_seed42_itr20_sgd_itr1/63910122191521_cnn1_patch_1.0,14.0,14.0,3.0_ctag0__HyperAttackHints_VagharDeps_PertruebedIntervals_cTag1.txt","/root/Downloads/for_dana/vaghar_org/paper_experiments/mnist/cnn1_exp/patch/eps_1,14,14,3/advStd_cnn1_N1_model_seed42_itr20/63911946594668_n2_cnn1_patch_1.0,14.0,14.0,3.0_ctag0_model_seed42_itr20_sgd_itr1_N2_advStd_boundTight_zonoBounds_varHint_HyperAttackHints_VagharDeps_PerturbedIntervals_cTag1.txt"
cnn1,patch,"1,14,14,3",0,4,328.21,1812.99,12.531821,12.588245,12.531831,21.186306,8.598061,no,off,no,yes,yes,yes,off,off,elim not activated,elim not activated,relax not activated,relax not activated,1,5.52x,,,,0.056424,8.654475,,TIME_LIMIT,"/root/Downloads/for_dana/vaghar_org/paper_experiments/mnist/cnn1_exp/patch/eps_1,14,14,3/vagharWithPerturbed_cnn1_seed42_itr20_sgd_itr1/63910122191521_cnn1_patch_1.0,14.0,14.0,3.0_ctag0__HyperAttackHints_VagharDeps_PertruebedIntervals_cTag1.txt","/root/Downloads/for_dana/vaghar_org/paper_experiments/mnist/cnn1_exp/patch/eps_1,14,14,3/advStd_cnn1_N1_model_seed42_itr20/63911946599072_n2_cnn1_patch_1.0,14.0,14.0,3.0_ctag0_model_seed42_itr20_sgd_itr1_N2_advStd_boundTight_zonoBounds_varHint_seed1_HyperAttackHints_VagharDeps_PerturbedIntervals_cTag1.txt"
cnn1,patch,"1,14,14,3",0,4,328.21,1811.84,12.531821,12.588245,12.531822,22.174524,9.586279,no,off,no,yes,yes,yes,off,off,elim not activated,elim not activated,relax not activated,relax not activated,2,5.52x,,,,0.056424,9.642702,,TIME_LIMIT,"/root/Downloads/for_dana/vaghar_org/paper_experiments/mnist/cnn1_exp/patch/eps_1,14,14,3/vagharWithPerturbed_cnn1_seed42_itr20_sgd_itr1/63910122191521_cnn1_patch_1.0,14.0,14.0,3.0_ctag0__HyperAttackHints_VagharDeps_PertruebedIntervals_cTag1.txt","/root/Downloads/for_dana/vaghar_org/paper_experiments/mnist/cnn1_exp/patch/eps_1,14,14,3/advStd_cnn1_N1_model_seed42_itr20/63911948406971_n2_cnn1_patch_1.0,14.0,14.0,3.0_ctag0_model_seed42_itr20_sgd_itr1_N2_advStd_boundTight_zonoBounds_varHint_seed2_HyperAttackHints_VagharDeps_PerturbedIntervals_cTag1.txt"
cnn1,patch,"1,14,14,3",0,4,328.21,1812.74,12.531821,12.588245,12.531822,20.858753,8.270508,no,off,no,yes,yes,yes,off,off,elim not activated,elim not activated,relax not activated,relax not activated,3,5.52x,,,,0.056424,8.326931,,TIME_LIMIT,"/root/Downloads/for_dana/vaghar_org/paper_experiments/mnist/cnn1_exp/patch/eps_1,14,14,3/vagharWithPerturbed_cnn1_seed42_itr20_sgd_itr1/63910122191521_cnn1_patch_1.0,14.0,14.0,3.0_ctag0__HyperAttackHints_VagharDeps_PertruebedIntervals_cTag1.txt","/root/Downloads/for_dana/vaghar_org/paper_experiments/mnist/cnn1_exp/patch/eps_1,14,14,3/advStd_cnn1_N1_model_seed42_itr20/63911948673241_n2_cnn1_patch_1.0,14.0,14.0,3.0_ctag0_model_seed42_itr20_sgd_itr1_N2_advStd_boundTight_zonoBounds_varHint_seed3_HyperAttackHints_VagharDeps_PerturbedIntervals_cTag1.txt"
cnn1,patch,"1,14,14,3",0,4,328.21,1812.38,12.531821,12.588245,12.531825,19.218436,6.630191,no,off,no,yes,no,yes,lp,off,0,0,relax not activated,relax not activated,2,5.52x,,,,0.056424,6.686611,,TIME_LIMIT,"/root/Downloads/for_dana/vaghar_org/paper_experiments/mnist/cnn1_exp/patch/eps_1,14,14,3/vagharWithPerturbed_cnn1_seed42_itr20_sgd_itr1/63910122191521_cnn1_patch_1.0,14.0,14.0,3.0_ctag0__HyperAttackHints_VagharDeps_PertruebedIntervals_cTag1.txt","/root/Downloads/for_dana/vaghar_org/paper_experiments/mnist/cnn1_exp/patch/eps_1,14,14,3/advStd_cnn1_N1_model_seed42_itr20/63911962463298_n2_cnn1_patch_1.0,14.0,14.0,3.0_ctag0_model_seed42_itr20_sgd_itr1_N2_advStd_boundTight_zonoBounds_n1ProbeLP_seed2_elimOrg0_elimPert0_HyperAttackHints_VagharDeps_PerturbedIntervals_cTag1.txt"
cnn1,patch,"1,14,14,3",0,4,328.21,1812.01,12.531821,12.588245,12.531824,20.896883,8.308638,no,off,no,yes,yes,yes,lp,off,0,0,relax not activated,relax not activated,0,5.52x,,,,0.056424,8.365059,,TIME_LIMIT,"/root/Downloads/for_dana/vaghar_org/paper_experiments/mnist/cnn1_exp/patch/eps_1,14,14,3/vagharWithPerturbed_cnn1_seed42_itr20_sgd_itr1/63910122191521_cnn1_patch_1.0,14.0,14.0,3.0_ctag0__HyperAttackHints_VagharDeps_PertruebedIntervals_cTag1.txt","/root/Downloads/for_dana/vaghar_org/paper_experiments/mnist/cnn1_exp/patch/eps_1,14,14,3/advStd_cnn1_N1_model_seed42_itr20/63911962588429_n2_cnn1_patch_1.0,14.0,14.0,3.0_ctag0_model_seed42_itr20_sgd_itr1_N2_advStd_boundTight_zonoBounds_n1ProbeLP_varHint_elimOrg0_elimPert0_HyperAttackHints_VagharDeps_PerturbedIntervals_cTag1.txt"
cnn1,patch,"1,14,14,3",0,4,328.21,1811.77,12.531821,12.588245,12.531822,22.174524,9.586279,no,off,no,yes,yes,yes,lp,off,0,0,relax not activated,relax not activated,2,5.52x,,,,0.056424,9.642702,,TIME_LIMIT,"/root/Downloads/for_dana/vaghar_org/paper_experiments/mnist/cnn1_exp/patch/eps_1,14,14,3/vagharWithPerturbed_cnn1_seed42_itr20_sgd_itr1/63910122191521_cnn1_patch_1.0,14.0,14.0,3.0_ctag0__HyperAttackHints_VagharDeps_PertruebedIntervals_cTag1.txt","/root/Downloads/for_dana/vaghar_org/paper_experiments/mnist/cnn1_exp/patch/eps_1,14,14,3/advStd_cnn1_N1_model_seed42_itr20/63911963880508_n2_cnn1_patch_1.0,14.0,14.0,3.0_ctag0_model_seed42_itr20_sgd_itr1_N2_advStd_boundTight_zonoBounds_n1ProbeLP_varHint_seed2_elimOrg0_elimPert0_HyperAttackHints_VagharDeps_PerturbedIntervals_cTag1.txt"
cnn1,patch,"1,14,14,3",0,4,328.21,1812.80,12.531821,12.588245,12.531831,20.606536,8.018291,no,off,no,yes,yes,yes,lp,off,0,0,relax not activated,relax not activated,1,5.52x,,,,0.056424,8.074705,,TIME_LIMIT,"/root/Downloads/for_dana/vaghar_org/paper_experiments/mnist/cnn1_exp/patch/eps_1,14,14,3/vagharWithPerturbed_cnn1_seed42_itr20_sgd_itr1/63910122191521_cnn1_patch_1.0,14.0,14.0,3.0_ctag0__HyperAttackHints_VagharDeps_PertruebedIntervals_cTag1.txt","/root/Downloads/for_dana/vaghar_org/paper_experiments/mnist/cnn1_exp/patch/eps_1,14,14,3/advStd_cnn1_N1_model_seed42_itr20/63911963882660_n2_cnn1_patch_1.0,14.0,14.0,3.0_ctag0_model_seed42_itr20_sgd_itr1_N2_advStd_boundTight_zonoBounds_n1ProbeLP_varHint_seed1_elimOrg0_elimPert0_HyperAttackHints_VagharDeps_PerturbedIntervals_cTag1.txt"
cnn1,patch,"1,14,14,3",0,4,328.21,1812.65,12.531821,12.588245,12.531822,20.858753,8.270508,no,off,no,yes,yes,yes,lp,off,0,0,relax not activated,relax not activated,3,5.52x,,,,0.056424,8.326931,,TIME_LIMIT,"/root/Downloads/for_dana/vaghar_org/paper_experiments/mnist/cnn1_exp/patch/eps_1,14,14,3/vagharWithPerturbed_cnn1_seed42_itr20_sgd_itr1/63910122191521_cnn1_patch_1.0,14.0,14.0,3.0_ctag0__HyperAttackHints_VagharDeps_PertruebedIntervals_cTag1.txt","/root/Downloads/for_dana/vaghar_org/paper_experiments/mnist/cnn1_exp/patch/eps_1,14,14,3/advStd_cnn1_N1_model_seed42_itr20/63911964473767_n2_cnn1_patch_1.0,14.0,14.0,3.0_ctag0_model_seed42_itr20_sgd_itr1_N2_advStd_boundTight_zonoBounds_n1ProbeLP_varHint_seed3_elimOrg0_elimPert0_HyperAttackHints_VagharDeps_PerturbedIntervals_cTag1.txt"
cnn1,patch,"1,14,14,3",0,4,328.21,1812.09,12.531821,12.588245,12.531825,19.218436,6.630191,no,bounds,no,yes,no,yes,off,off,elim not activated,elim not activated,relax not activated,relax not activated,2,5.52x,,,,0.056424,6.686611,,TIME_LIMIT,"/root/Downloads/for_dana/vaghar_org/paper_experiments/mnist/cnn1_exp/patch/eps_1,14,14,3/vagharWithPerturbed_cnn1_seed42_itr20_sgd_itr1/63910122191521_cnn1_patch_1.0,14.0,14.0,3.0_ctag0__HyperAttackHints_VagharDeps_PertruebedIntervals_cTag1.txt","/root/Downloads/for_dana/vaghar_org/paper_experiments/mnist/cnn1_exp/patch/eps_1,14,14,3/advStd_cnn1_N1_model_seed42_itr20/63911979396214_n2_cnn1_patch_1.0,14.0,14.0,3.0_ctag0_model_seed42_itr20_sgd_itr1_N2_advStd_branchPri_boundTight_zonoBounds_seed2_HyperAttackHints_VagharDeps_PerturbedIntervals_cTag1.txt"
cnn1,patch,"1,14,14,3",0,4,328.21,1812.66,12.531821,12.588245,12.531824,20.896883,8.308638,no,bounds,no,yes,yes,yes,off,off,elim not activated,elim not activated,relax not activated,relax not activated,0,5.52x,,,,0.056424,8.365059,,TIME_LIMIT,"/root/Downloads/for_dana/vaghar_org/paper_experiments/mnist/cnn1_exp/patch/eps_1,14,14,3/vagharWithPerturbed_cnn1_seed42_itr20_sgd_itr1/63910122191521_cnn1_patch_1.0,14.0,14.0,3.0_ctag0__HyperAttackHints_VagharDeps_PertruebedIntervals_cTag1.txt","/root/Downloads/for_dana/vaghar_org/paper_experiments/mnist/cnn1_exp/patch/eps_1,14,14,3/advStd_cnn1_N1_model_seed42_itr20/63911979411739_n2_cnn1_patch_1.0,14.0,14.0,3.0_ctag0_model_seed42_itr20_sgd_itr1_N2_advStd_branchPri_boundTight_zonoBounds_varHint_HyperAttackHints_VagharDeps_PerturbedIntervals_cTag1.txt"
cnn1,patch,"1,14,14,3",0,4,328.21,1812.27,12.531821,12.588245,12.531831,21.186306,8.598061,no,bounds,no,yes,yes,yes,off,off,elim not activated,elim not activated,relax not activated,relax not activated,1,5.52x,,,,0.056424,8.654475,,TIME_LIMIT,"/root/Downloads/for_dana/vaghar_org/paper_experiments/mnist/cnn1_exp/patch/eps_1,14,14,3/vagharWithPerturbed_cnn1_seed42_itr20_sgd_itr1/63910122191521_cnn1_patch_1.0,14.0,14.0,3.0_ctag0__HyperAttackHints_VagharDeps_PertruebedIntervals_cTag1.txt","/root/Downloads/for_dana/vaghar_org/paper_experiments/mnist/cnn1_exp/patch/eps_1,14,14,3/advStd_cnn1_N1_model_seed42_itr20/63911979693231_n2_cnn1_patch_1.0,14.0,14.0,3.0_ctag0_model_seed42_itr20_sgd_itr1_N2_advStd_branchPri_boundTight_zonoBounds_varHint_seed1_HyperAttackHints_VagharDeps_PerturbedIntervals_cTag1.txt"
cnn1,patch,"1,14,14,3",0,4,328.21,1811.65,12.531821,12.588245,12.531822,22.174524,9.586279,no,bounds,no,yes,yes,yes,off,off,elim not activated,elim not activated,relax not activated,relax not activated,2,5.52x,,,,0.056424,9.642702,,TIME_LIMIT,"/root/Downloads/for_dana/vaghar_org/paper_experiments/mnist/cnn1_exp/patch/eps_1,14,14,3/vagharWithPerturbed_cnn1_seed42_itr20_sgd_itr1/63910122191521_cnn1_patch_1.0,14.0,14.0,3.0_ctag0__HyperAttackHints_VagharDeps_PertruebedIntervals_cTag1.txt","/root/Downloads/for_dana/vaghar_org/paper_experiments/mnist/cnn1_exp/patch/eps_1,14,14,3/advStd_cnn1_N1_model_seed42_itr20/63911981175949_n2_cnn1_patch_1.0,14.0,14.0,3.0_ctag0_model_seed42_itr20_sgd_itr1_N2_advStd_branchPri_boundTight_zonoBounds_varHint_seed2_HyperAttackHints_VagharDeps_PerturbedIntervals_cTag1.txt"
cnn1,patch,"1,14,14,3",0,4,328.21,1811.81,12.531821,12.588245,12.531822,20.858753,8.270508,no,bounds,no,yes,yes,yes,off,off,elim not activated,elim not activated,relax not activated,relax not activated,3,5.52x,,,,0.056424,8.326931,,TIME_LIMIT,"/root/Downloads/for_dana/vaghar_org/paper_experiments/mnist/cnn1_exp/patch/eps_1,14,14,3/vagharWithPerturbed_cnn1_seed42_itr20_sgd_itr1/63910122191521_cnn1_patch_1.0,14.0,14.0,3.0_ctag0__HyperAttackHints_VagharDeps_PertruebedIntervals_cTag1.txt","/root/Downloads/for_dana/vaghar_org/paper_experiments/mnist/cnn1_exp/patch/eps_1,14,14,3/advStd_cnn1_N1_model_seed42_itr20/63911981462805_n2_cnn1_patch_1.0,14.0,14.0,3.0_ctag0_model_seed42_itr20_sgd_itr1_N2_advStd_branchPri_boundTight_zonoBounds_varHint_seed3_HyperAttackHints_VagharDeps_PerturbedIntervals_cTag1.txt"
cnn1,patch,"1,14,14,3",0,4,328.21,1811.77,12.531821,12.588245,12.531825,19.218436,6.630191,no,bounds,no,yes,no,yes,lp,off,0,0,relax not activated,relax not activated,2,5.52x,,,,0.056424,6.686611,,TIME_LIMIT,"/root/Downloads/for_dana/vaghar_org/paper_experiments/mnist/cnn1_exp/patch/eps_1,14,14,3/vagharWithPerturbed_cnn1_seed42_itr20_sgd_itr1/63910122191521_cnn1_patch_1.0,14.0,14.0,3.0_ctag0__HyperAttackHints_VagharDeps_PertruebedIntervals_cTag1.txt","/root/Downloads/for_dana/vaghar_org/paper_experiments/mnist/cnn1_exp/patch/eps_1,14,14,3/advStd_cnn1_N1_model_seed42_itr20/63911995393975_n2_cnn1_patch_1.0,14.0,14.0,3.0_ctag0_model_seed42_itr20_sgd_itr1_N2_advStd_branchPri_boundTight_zonoBounds_n1ProbeLP_seed2_elimOrg0_elimPert0_HyperAttackHints_VagharDeps_PerturbedIntervals_cTag1.txt"
cnn1,patch,"1,14,14,3",0,4,328.21,1813.34,12.531821,12.588245,12.531824,20.896883,8.308638,no,bounds,no,yes,yes,yes,lp,off,0,0,relax not activated,relax not activated,0,5.52x,,,,0.056424,8.365059,,TIME_LIMIT,"/root/Downloads/for_dana/vaghar_org/paper_experiments/mnist/cnn1_exp/patch/eps_1,14,14,3/vagharWithPerturbed_cnn1_seed42_itr20_sgd_itr1/63910122191521_cnn1_patch_1.0,14.0,14.0,3.0_ctag0__HyperAttackHints_VagharDeps_PertruebedIntervals_cTag1.txt","/root/Downloads/for_dana/vaghar_org/paper_experiments/mnist/cnn1_exp/patch/eps_1,14,14,3/advStd_cnn1_N1_model_seed42_itr20/63911995614137_n2_cnn1_patch_1.0,14.0,14.0,3.0_ctag0_model_seed42_itr20_sgd_itr1_N2_advStd_branchPri_boundTight_zonoBounds_n1ProbeLP_varHint_elimOrg0_elimPert0_HyperAttackHints_VagharDeps_PerturbedIntervals_cTag1.txt"
cnn1,patch,"1,14,14,3",0,4,328.21,1811.81,12.531821,12.588245,12.531831,20.606536,8.018291,no,bounds,no,yes,yes,yes,lp,off,0,0,relax not activated,relax not activated,1,5.52x,,,,0.056424,8.074705,,TIME_LIMIT,"/root/Downloads/for_dana/vaghar_org/paper_experiments/mnist/cnn1_exp/patch/eps_1,14,14,3/vagharWithPerturbed_cnn1_seed42_itr20_sgd_itr1/63910122191521_cnn1_patch_1.0,14.0,14.0,3.0_ctag0__HyperAttackHints_VagharDeps_PertruebedIntervals_cTag1.txt","/root/Downloads/for_dana/vaghar_org/paper_experiments/mnist/cnn1_exp/patch/eps_1,14,14,3/advStd_cnn1_N1_model_seed42_itr20/63911996740998_n2_cnn1_patch_1.0,14.0,14.0,3.0_ctag0_model_seed42_itr20_sgd_itr1_N2_advStd_branchPri_boundTight_zonoBounds_n1ProbeLP_varHint_seed1_elimOrg0_elimPert0_HyperAttackHints_VagharDeps_PerturbedIntervals_cTag1.txt"
cnn1,patch,"1,14,14,3",0,4,328.21,1812.52,12.531821,12.588245,12.531822,22.174524,9.586279,no,bounds,no,yes,yes,yes,lp,off,0,0,relax not activated,relax not activated,2,5.52x,,,,0.056424,9.642702,,TIME_LIMIT,"/root/Downloads/for_dana/vaghar_org/paper_experiments/mnist/cnn1_exp/patch/eps_1,14,14,3/vagharWithPerturbed_cnn1_seed42_itr20_sgd_itr1/63910122191521_cnn1_patch_1.0,14.0,14.0,3.0_ctag0__HyperAttackHints_VagharDeps_PertruebedIntervals_cTag1.txt","/root/Downloads/for_dana/vaghar_org/paper_experiments/mnist/cnn1_exp/patch/eps_1,14,14,3/advStd_cnn1_N1_model_seed42_itr20/63911996795554_n2_cnn1_patch_1.0,14.0,14.0,3.0_ctag0_model_seed42_itr20_sgd_itr1_N2_advStd_branchPri_boundTight_zonoBounds_n1ProbeLP_varHint_seed2_elimOrg0_elimPert0_HyperAttackHints_VagharDeps_PerturbedIntervals_cTag1.txt"
cnn1,patch,"1,14,14,3",0,4,328.21,1812.04,12.531821,12.588245,12.531822,20.858753,8.270508,no,bounds,no,yes,yes,yes,lp,off,0,0,relax not activated,relax not activated,3,5.52x,,,,0.056424,8.326931,,TIME_LIMIT,"/root/Downloads/for_dana/vaghar_org/paper_experiments/mnist/cnn1_exp/patch/eps_1,14,14,3/vagharWithPerturbed_cnn1_seed42_itr20_sgd_itr1/63910122191521_cnn1_patch_1.0,14.0,14.0,3.0_ctag0__HyperAttackHints_VagharDeps_PertruebedIntervals_cTag1.txt","/root/Downloads/for_dana/vaghar_org/paper_experiments/mnist/cnn1_exp/patch/eps_1,14,14,3/advStd_cnn1_N1_model_seed42_itr20/63911997414543_n2_cnn1_patch_1.0,14.0,14.0,3.0_ctag0_model_seed42_itr20_sgd_itr1_N2_advStd_branchPri_boundTight_zonoBounds_n1ProbeLP_varHint_seed3_elimOrg0_elimPert0_HyperAttackHints_VagharDeps_PerturbedIntervals_cTag1.txt"
cnn1,patch,"1,14,14,3",0,4,328.21,1813.94,12.531821,12.588245,12.531831,20.606536,8.018291,no,off,no,yes,yes,no,lp,off,0,0,relax not activated,relax not activated,1,5.53x,,,,0.056424,8.074705,,TIME_LIMIT,"/root/Downloads/for_dana/vaghar_org/paper_experiments/mnist/cnn1_exp/patch/eps_1,14,14,3/vagharWithPerturbed_cnn1_seed42_itr20_sgd_itr1/63910122191521_cnn1_patch_1.0,14.0,14.0,3.0_ctag0__HyperAttackHints_VagharDeps_PertruebedIntervals_cTag1.txt","/root/Downloads/for_dana/vaghar_org/paper_experiments/mnist/cnn1_exp/patch/eps_1,14,14,3/advStd_cnn1_N1_model_seed42_itr20/63911886850069_n2_cnn1_patch_1.0,14.0,14.0,3.0_ctag0_model_seed42_itr20_sgd_itr1_N2_advStd_boundTight_n1ProbeLP_varHint_seed1_elimOrg0_elimPert0_HyperAttackHints_VagharDeps_PerturbedIntervals_cTag1.txt"
cnn1,patch,"1,14,14,3",0,4,328.21,1813.39,12.531821,12.588245,12.531822,22.174524,9.586279,no,bounds,no,yes,yes,no,off,off,elim not activated,elim not activated,relax not activated,relax not activated,2,5.53x,,,,0.056424,9.642702,,TIME_LIMIT,"/root/Downloads/for_dana/vaghar_org/paper_experiments/mnist/cnn1_exp/patch/eps_1,14,14,3/vagharWithPerturbed_cnn1_seed42_itr20_sgd_itr1/63910122191521_cnn1_patch_1.0,14.0,14.0,3.0_ctag0__HyperAttackHints_VagharDeps_PertruebedIntervals_cTag1.txt","/root/Downloads/for_dana/vaghar_org/paper_experiments/mnist/cnn1_exp/patch/eps_1,14,14,3/advStd_cnn1_N1_model_seed42_itr20/63911902774392_n2_cnn1_patch_1.0,14.0,14.0,3.0_ctag0_model_seed42_itr20_sgd_itr1_N2_advStd_branchPri_boundTight_varHint_seed2_HyperAttackHints_VagharDeps_PerturbedIntervals_cTag1.txt"
cnn1,patch,"1,14,14,3",0,4,328.21,1813.52,12.531821,12.588245,12.531822,20.858753,8.270508,no,bounds,no,yes,yes,no,off,off,elim not activated,elim not activated,relax not activated,relax not activated,3,5.53x,,,,0.056424,8.326931,,TIME_LIMIT,"/root/Downloads/for_dana/vaghar_org/paper_experiments/mnist/cnn1_exp/patch/eps_1,14,14,3/vagharWithPerturbed_cnn1_seed42_itr20_sgd_itr1/63910122191521_cnn1_patch_1.0,14.0,14.0,3.0_ctag0__HyperAttackHints_VagharDeps_PertruebedIntervals_cTag1.txt","/root/Downloads/for_dana/vaghar_org/paper_experiments/mnist/cnn1_exp/patch/eps_1,14,14,3/advStd_cnn1_N1_model_seed42_itr20/63911902782035_n2_cnn1_patch_1.0,14.0,14.0,3.0_ctag0_model_seed42_itr20_sgd_itr1_N2_advStd_branchPri_boundTight_varHint_seed3_HyperAttackHints_VagharDeps_PerturbedIntervals_cTag1.txt"
,,,,,,,,,,,,,,,,,,,,,,,,,,,,,,,,,,
cnn1,patch,"1,14,14,3",0,5,62.33,63.70,13.796666,13.907650,13.983340,14.043203,0.135553,no,bounds,no,yes,yes,no,lp,0.5,0,0,82,82,2,1.02x,,,,0.110984,0.059863,,OPTIMAL,"/root/Downloads/for_dana/vaghar_org/paper_experiments/mnist/cnn1_exp/patch/eps_1,14,14,3/vagharWithPerturbed_cnn1_seed42_itr20_sgd_itr1/63910122191521_cnn1_patch_1.0,14.0,14.0,3.0_ctag0__HyperAttackHints_VagharDeps_PertruebedIntervals_cTag1.txt","/root/Downloads/for_dana/vaghar_org/paper_experiments/mnist/cnn1_exp/patch/eps_1,14,14,3/advStd_cnn1_N1_model_seed42_itr20/63911927120704_n2_cnn1_patch_1.0,14.0,14.0,3.0_ctag0_model_seed42_itr20_sgd_itr1_N2_advStd_branchPri_boundTight_n1ProbeLP_relaxT0.5_varHint_seed2_elimOrg0_elimPert0_HyperAttackHints_VagharDeps_PerturbedIntervals_cTag1.txt"
cnn1,patch,"1,14,14,3",0,5,62.33,65.35,13.796666,13.907650,13.983340,14.043203,0.135553,no,off,no,yes,yes,no,off,0.5,elim not activated,elim not activated,82,82,2,1.05x,,,,0.110984,0.059863,,OPTIMAL,"/root/Downloads/for_dana/vaghar_org/paper_experiments/mnist/cnn1_exp/patch/eps_1,14,14,3/vagharWithPerturbed_cnn1_seed42_itr20_sgd_itr1/63910122191521_cnn1_patch_1.0,14.0,14.0,3.0_ctag0__HyperAttackHints_VagharDeps_PertruebedIntervals_cTag1.txt","/root/Downloads/for_dana/vaghar_org/paper_experiments/mnist/cnn1_exp/patch/eps_1,14,14,3/advStd_cnn1_N1_model_seed42_itr20/63911880998907_n2_cnn1_patch_1.0,14.0,14.0,3.0_ctag0_model_seed42_itr20_sgd_itr1_N2_advStd_boundTight_relaxT0.5_varHint_seed2_HyperAttackHints_VagharDeps_PerturbedIntervals_cTag1.txt"
cnn1,patch,"1,14,14,3",0,5,62.33,67.85,13.796666,13.907650,13.796666,13.907650,0.000000,no,off,no,yes,no,no,off,off,elim not activated,elim not activated,relax not activated,relax not activated,0,1.09x,,,,0.110984,0.110984,,OPTIMAL,"/root/Downloads/for_dana/vaghar_org/paper_experiments/mnist/cnn1_exp/patch/eps_1,14,14,3/vagharWithPerturbed_cnn1_seed42_itr20_sgd_itr1/63910122191521_cnn1_patch_1.0,14.0,14.0,3.0_ctag0__HyperAttackHints_VagharDeps_PertruebedIntervals_cTag1.txt","/root/Downloads/for_dana/vaghar_org/paper_experiments/mnist/cnn1_exp/patch/eps_1,14,14,3/advStd_cnn1_N1_model_seed42_itr20/63911695475545_n2_cnn1_patch_1.0,14.0,14.0,3.0_ctag0_model_seed42_itr20_sgd_itr1_N2_advStd_boundTight_HyperAttackHints_VagharDeps_PerturbedIntervals_cTag1.txt"
cnn1,patch,"1,14,14,3",0,5,62.33,68.64,13.796666,13.907650,13.898665,13.898665,-0.008985,yes,bounds,no,yes,no,no,off,off,elim not activated,elim not activated,relax not activated,relax not activated,2,1.10x,,,,0.110984,0.000000,,OPTIMAL,"/root/Downloads/for_dana/vaghar_org/paper_experiments/mnist/cnn1_exp/patch/eps_1,14,14,3/vagharWithPerturbed_cnn1_seed42_itr20_sgd_itr1/63910122191521_cnn1_patch_1.0,14.0,14.0,3.0_ctag0__HyperAttackHints_VagharDeps_PertruebedIntervals_cTag1.txt","/root/Downloads/for_dana/vaghar_org/paper_experiments/mnist/cnn1_exp/patch/eps_1,14,14,3/advStd_cnn1_N1_model_seed42_itr20/63911732540408_n2_cnn1_patch_1.0,14.0,14.0,3.0_ctag0_model_seed42_itr20_sgd_itr1_N2_advStd_mipStart_branchPri_boundTight_seed2_HyperAttackCutoff_VagharDeps_PerturbedIntervals_cTag1.txt"
cnn1,patch,"1,14,14,3",0,5,62.33,69.48,13.796666,13.907650,13.898963,14.006759,0.099109,no,bounds,no,yes,yes,no,off,0.01,elim not activated,elim not activated,1,1,3,1.11x,,,,0.110984,0.107796,,OPTIMAL,"/root/Downloads/for_dana/vaghar_org/paper_experiments/mnist/cnn1_exp/patch/eps_1,14,14,3/vagharWithPerturbed_cnn1_seed42_itr20_sgd_itr1/63910122191521_cnn1_patch_1.0,14.0,14.0,3.0_ctag0__HyperAttackHints_VagharDeps_PertruebedIntervals_cTag1.txt","/root/Downloads/for_dana/vaghar_org/paper_experiments/mnist/cnn1_exp/patch/eps_1,14,14,3/advStd_cnn1_N1_model_seed42_itr20/63911906255309_n2_cnn1_patch_1.0,14.0,14.0,3.0_ctag0_model_seed42_itr20_sgd_itr1_N2_advStd_branchPri_boundTight_relaxT0.01_varHint_seed3_HyperAttackHints_VagharDeps_PerturbedIntervals_cTag1.txt"
cnn1,patch,"1,14,14,3",0,5,62.33,69.95,13.796666,13.907650,13.898963,14.006759,0.099109,no,bounds,no,yes,yes,no,off,0.1,elim not activated,elim not activated,1,1,3,1.12x,,,,0.110984,0.107796,,OPTIMAL,"/root/Downloads/for_dana/vaghar_org/paper_experiments/mnist/cnn1_exp/patch/eps_1,14,14,3/vagharWithPerturbed_cnn1_seed42_itr20_sgd_itr1/63910122191521_cnn1_patch_1.0,14.0,14.0,3.0_ctag0__HyperAttackHints_VagharDeps_PertruebedIntervals_cTag1.txt","/root/Downloads/for_dana/vaghar_org/paper_experiments/mnist/cnn1_exp/patch/eps_1,14,14,3/advStd_cnn1_N1_model_seed42_itr20/63911908466581_n2_cnn1_patch_1.0,14.0,14.0,3.0_ctag0_model_seed42_itr20_sgd_itr1_N2_advStd_branchPri_boundTight_relaxT0.1_varHint_seed3_HyperAttackHints_VagharDeps_PerturbedIntervals_cTag1.txt"
cnn1,patch,"1,14,14,3",0,5,62.33,69.87,13.796666,13.907650,13.898963,14.006759,0.099109,no,off,no,yes,yes,yes,off,0.1,elim not activated,elim not activated,1,1,3,1.12x,,,,0.110984,0.107796,,OPTIMAL,"/root/Downloads/for_dana/vaghar_org/paper_experiments/mnist/cnn1_exp/patch/eps_1,14,14,3/vagharWithPerturbed_cnn1_seed42_itr20_sgd_itr1/63910122191521_cnn1_patch_1.0,14.0,14.0,3.0_ctag0__HyperAttackHints_VagharDeps_PertruebedIntervals_cTag1.txt","/root/Downloads/for_dana/vaghar_org/paper_experiments/mnist/cnn1_exp/patch/eps_1,14,14,3/advStd_cnn1_N1_model_seed42_itr20/63911955095549_n2_cnn1_patch_1.0,14.0,14.0,3.0_ctag0_model_seed42_itr20_sgd_itr1_N2_advStd_boundTight_zonoBounds_relaxT0.1_varHint_seed3_HyperAttackHints_VagharDeps_PerturbedIntervals_cTag1.txt"
cnn1,patch,"1,14,14,3",0,5,62.33,69.66,13.796666,13.907650,13.898963,14.006759,0.099109,no,off,no,yes,yes,yes,lp,0.01,0,0,1,1,3,1.12x,,,,0.110984,0.107796,,OPTIMAL,"/root/Downloads/for_dana/vaghar_org/paper_experiments/mnist/cnn1_exp/patch/eps_1,14,14,3/vagharWithPerturbed_cnn1_seed42_itr20_sgd_itr1/63910122191521_cnn1_patch_1.0,14.0,14.0,3.0_ctag0__HyperAttackHints_VagharDeps_PertruebedIntervals_cTag1.txt","/root/Downloads/for_dana/vaghar_org/paper_experiments/mnist/cnn1_exp/patch/eps_1,14,14,3/advStd_cnn1_N1_model_seed42_itr20/63911967856005_n2_cnn1_patch_1.0,14.0,14.0,3.0_ctag0_model_seed42_itr20_sgd_itr1_N2_advStd_boundTight_zonoBounds_n1ProbeLP_relaxT0.01_varHint_seed3_elimOrg0_elimPert0_HyperAttackHints_VagharDeps_PerturbedIntervals_cTag1.txt"
cnn1,patch,"1,14,14,3",0,5,62.33,70.26,13.796666,13.907650,13.898963,14.006759,0.099109,no,off,no,yes,yes,no,off,0.1,elim not activated,elim not activated,1,1,3,1.13x,,,,0.110984,0.107796,,OPTIMAL,"/root/Downloads/for_dana/vaghar_org/paper_experiments/mnist/cnn1_exp/patch/eps_1,14,14,3/vagharWithPerturbed_cnn1_seed42_itr20_sgd_itr1/63910122191521_cnn1_patch_1.0,14.0,14.0,3.0_ctag0__HyperAttackHints_VagharDeps_PertruebedIntervals_cTag1.txt","/root/Downloads/for_dana/vaghar_org/paper_experiments/mnist/cnn1_exp/patch/eps_1,14,14,3/advStd_cnn1_N1_model_seed42_itr20/63911877752402_n2_cnn1_patch_1.0,14.0,14.0,3.0_ctag0_model_seed42_itr20_sgd_itr1_N2_advStd_boundTight_relaxT0.1_varHint_seed3_HyperAttackHints_VagharDeps_PerturbedIntervals_cTag1.txt"
cnn1,patch,"1,14,14,3",0,5,62.33,70.46,13.796666,13.907650,13.983343,14.045452,0.137802,no,off,no,yes,yes,no,lp,1.0,0,0,82,82,3,1.13x,,,,0.110984,0.062109,,OPTIMAL,"/root/Downloads/for_dana/vaghar_org/paper_experiments/mnist/cnn1_exp/patch/eps_1,14,14,3/vagharWithPerturbed_cnn1_seed42_itr20_sgd_itr1/63910122191521_cnn1_patch_1.0,14.0,14.0,3.0_ctag0__HyperAttackHints_VagharDeps_PertruebedIntervals_cTag1.txt","/root/Downloads/for_dana/vaghar_org/paper_experiments/mnist/cnn1_exp/patch/eps_1,14,14,3/advStd_cnn1_N1_model_seed42_itr20/63911900355870_n2_cnn1_patch_1.0,14.0,14.0,3.0_ctag0_model_seed42_itr20_sgd_itr1_N2_advStd_boundTight_n1ProbeLP_relaxT1.0_varHint_seed3_elimOrg0_elimPert0_HyperAttackHints_VagharDeps_PerturbedIntervals_cTag1.txt"
cnn1,patch,"1,14,14,3",0,5,62.33,70.68,13.796666,13.907650,13.983340,14.043203,0.135553,no,bounds,no,yes,yes,no,off,1.0,elim not activated,elim not activated,82,82,2,1.13x,,,,0.110984,0.059863,,OPTIMAL,"/root/Downloads/for_dana/vaghar_org/paper_experiments/mnist/cnn1_exp/patch/eps_1,14,14,3/vagharWithPerturbed_cnn1_seed42_itr20_sgd_itr1/63910122191521_cnn1_patch_1.0,14.0,14.0,3.0_ctag0__HyperAttackHints_VagharDeps_PertruebedIntervals_cTag1.txt","/root/Downloads/for_dana/vaghar_org/paper_experiments/mnist/cnn1_exp/patch/eps_1,14,14,3/advStd_cnn1_N1_model_seed42_itr20/63911914837670_n2_cnn1_patch_1.0,14.0,14.0,3.0_ctag0_model_seed42_itr20_sgd_itr1_N2_advStd_branchPri_boundTight_relaxT1.0_varHint_seed2_HyperAttackHints_VagharDeps_PerturbedIntervals_cTag1.txt"
cnn1,patch,"1,14,14,3",0,5,62.33,70.56,13.796666,13.907650,13.898963,14.006759,0.099109,no,bounds,no,yes,yes,yes,off,0.1,elim not activated,elim not activated,1,1,3,1.13x,,,,0.110984,0.107796,,OPTIMAL,"/root/Downloads/for_dana/vaghar_org/paper_experiments/mnist/cnn1_exp/patch/eps_1,14,14,3/vagharWithPerturbed_cnn1_seed42_itr20_sgd_itr1/63910122191521_cnn1_patch_1.0,14.0,14.0,3.0_ctag0__HyperAttackHints_VagharDeps_PertruebedIntervals_cTag1.txt","/root/Downloads/for_dana/vaghar_org/paper_experiments/mnist/cnn1_exp/patch/eps_1,14,14,3/advStd_cnn1_N1_model_seed42_itr20/63911987913972_n2_cnn1_patch_1.0,14.0,14.0,3.0_ctag0_model_seed42_itr20_sgd_itr1_N2_advStd_branchPri_boundTight_zonoBounds_relaxT0.1_varHint_seed3_HyperAttackHints_VagharDeps_PerturbedIntervals_cTag1.txt"
cnn1,patch,"1,14,14,3",0,5,62.33,70.62,13.796666,13.907650,13.898963,14.006759,0.099109,no,bounds,no,yes,yes,yes,lp,0.1,0,0,1,1,3,1.13x,,,,0.110984,0.107796,,OPTIMAL,"/root/Downloads/for_dana/vaghar_org/paper_experiments/mnist/cnn1_exp/patch/eps_1,14,14,3/vagharWithPerturbed_cnn1_seed42_itr20_sgd_itr1/63910122191521_cnn1_patch_1.0,14.0,14.0,3.0_ctag0__HyperAttackHints_VagharDeps_PertruebedIntervals_cTag1.txt","/root/Downloads/for_dana/vaghar_org/paper_experiments/mnist/cnn1_exp/patch/eps_1,14,14,3/advStd_cnn1_N1_model_seed42_itr20/63912003838401_n2_cnn1_patch_1.0,14.0,14.0,3.0_ctag0_model_seed42_itr20_sgd_itr1_N2_advStd_branchPri_boundTight_zonoBounds_n1ProbeLP_relaxT0.1_varHint_seed3_elimOrg0_elimPert0_HyperAttackHints_VagharDeps_PerturbedIntervals_cTag1.txt"
cnn1,patch,"1,14,14,3",0,5,62.33,72.06,13.796666,13.907650,13.898963,14.006759,0.099109,no,off,no,yes,yes,yes,off,0.01,elim not activated,elim not activated,1,1,3,1.16x,,,,0.110984,0.107796,,OPTIMAL,"/root/Downloads/for_dana/vaghar_org/paper_experiments/mnist/cnn1_exp/patch/eps_1,14,14,3/vagharWithPerturbed_cnn1_seed42_itr20_sgd_itr1/63910122191521_cnn1_patch_1.0,14.0,14.0,3.0_ctag0__HyperAttackHints_VagharDeps_PertruebedIntervals_cTag1.txt","/root/Downloads/for_dana/vaghar_org/paper_experiments/mnist/cnn1_exp/patch/eps_1,14,14,3/advStd_cnn1_N1_model_seed42_itr20/63911951976351_n2_cnn1_patch_1.0,14.0,14.0,3.0_ctag0_model_seed42_itr20_sgd_itr1_N2_advStd_boundTight_zonoBounds_relaxT0.01_varHint_seed3_HyperAttackHints_VagharDeps_PerturbedIntervals_cTag1.txt"
cnn1,patch,"1,14,14,3",0,5,62.33,72.81,13.796666,13.907650,13.898963,14.006759,0.099109,no,off,no,yes,yes,no,lp,0.1,0,0,1,1,3,1.17x,,,,0.110984,0.107796,,OPTIMAL,"/root/Downloads/for_dana/vaghar_org/paper_experiments/mnist/cnn1_exp/patch/eps_1,14,14,3/vagharWithPerturbed_cnn1_seed42_itr20_sgd_itr1/63910122191521_cnn1_patch_1.0,14.0,14.0,3.0_ctag0__HyperAttackHints_VagharDeps_PertruebedIntervals_cTag1.txt","/root/Downloads/for_dana/vaghar_org/paper_experiments/mnist/cnn1_exp/patch/eps_1,14,14,3/advStd_cnn1_N1_model_seed42_itr20/63911894053527_n2_cnn1_patch_1.0,14.0,14.0,3.0_ctag0_model_seed42_itr20_sgd_itr1_N2_advStd_boundTight_n1ProbeLP_relaxT0.1_varHint_seed3_elimOrg0_elimPert0_HyperAttackHints_VagharDeps_PerturbedIntervals_cTag1.txt"
cnn1,patch,"1,14,14,3",0,5,62.33,72.89,13.796666,13.907650,13.898963,14.006759,0.099109,no,bounds,no,yes,yes,no,lp,0.1,0,0,1,1,3,1.17x,,,,0.110984,0.107796,,OPTIMAL,"/root/Downloads/for_dana/vaghar_org/paper_experiments/mnist/cnn1_exp/patch/eps_1,14,14,3/vagharWithPerturbed_cnn1_seed42_itr20_sgd_itr1/63910122191521_cnn1_patch_1.0,14.0,14.0,3.0_ctag0__HyperAttackHints_VagharDeps_PertruebedIntervals_cTag1.txt","/root/Downloads/for_dana/vaghar_org/paper_experiments/mnist/cnn1_exp/patch/eps_1,14,14,3/advStd_cnn1_N1_model_seed42_itr20/63911924884168_n2_cnn1_patch_1.0,14.0,14.0,3.0_ctag0_model_seed42_itr20_sgd_itr1_N2_advStd_branchPri_boundTight_n1ProbeLP_relaxT0.1_varHint_seed3_elimOrg0_elimPert0_HyperAttackHints_VagharDeps_PerturbedIntervals_cTag1.txt"
cnn1,patch,"1,14,14,3",0,5,62.33,73.32,13.796666,13.907650,13.898967,13.898967,-0.008684,no,off,no,yes,no,no,off,0.01,elim not activated,elim not activated,1,1,1,1.18x,,,,0.110984,0.000000,,OPTIMAL,"/root/Downloads/for_dana/vaghar_org/paper_experiments/mnist/cnn1_exp/patch/eps_1,14,14,3/vagharWithPerturbed_cnn1_seed42_itr20_sgd_itr1/63910122191521_cnn1_patch_1.0,14.0,14.0,3.0_ctag0__HyperAttackHints_VagharDeps_PertruebedIntervals_cTag1.txt","/root/Downloads/for_dana/vaghar_org/paper_experiments/mnist/cnn1_exp/patch/eps_1,14,14,3/advStd_cnn1_N1_model_seed42_itr20/63911864832929_n2_cnn1_patch_1.0,14.0,14.0,3.0_ctag0_model_seed42_itr20_sgd_itr1_N2_advStd_boundTight_relaxT0.01_seed1_relaxOrg1_relaxPert1_HyperAttackHints_VagharDeps_PerturbedIntervals_cTag1.txt"
cnn1,patch,"1,14,14,3",0,5,62.33,73.67,13.796666,13.907650,13.898967,13.898967,-0.008684,no,bounds,no,yes,no,no,off,0.1,elim not activated,elim not activated,1,1,1,1.18x,,,,0.110984,0.000000,,OPTIMAL,"/root/Downloads/for_dana/vaghar_org/paper_experiments/mnist/cnn1_exp/patch/eps_1,14,14,3/vagharWithPerturbed_cnn1_seed42_itr20_sgd_itr1/63910122191521_cnn1_patch_1.0,14.0,14.0,3.0_ctag0__HyperAttackHints_VagharDeps_PertruebedIntervals_cTag1.txt","/root/Downloads/for_dana/vaghar_org/paper_experiments/mnist/cnn1_exp/patch/eps_1,14,14,3/advStd_cnn1_N1_model_seed42_itr20/63911906647491_n2_cnn1_patch_1.0,14.0,14.0,3.0_ctag0_model_seed42_itr20_sgd_itr1_N2_advStd_branchPri_boundTight_relaxT0.1_seed1_HyperAttackHints_VagharDeps_PerturbedIntervals_cTag1.txt"
cnn1,patch,"1,14,14,3",0,5,62.33,73.66,13.796666,13.907650,13.898967,13.898967,-0.008684,no,off,no,yes,no,yes,off,0.01,elim not activated,elim not activated,1,1,1,1.18x,,,,0.110984,0.000000,,OPTIMAL,"/root/Downloads/for_dana/vaghar_org/paper_experiments/mnist/cnn1_exp/patch/eps_1,14,14,3/vagharWithPerturbed_cnn1_seed42_itr20_sgd_itr1/63910122191521_cnn1_patch_1.0,14.0,14.0,3.0_ctag0__HyperAttackHints_VagharDeps_PertruebedIntervals_cTag1.txt","/root/Downloads/for_dana/vaghar_org/paper_experiments/mnist/cnn1_exp/patch/eps_1,14,14,3/advStd_cnn1_N1_model_seed42_itr20/63911949991533_n2_cnn1_patch_1.0,14.0,14.0,3.0_ctag0_model_seed42_itr20_sgd_itr1_N2_advStd_boundTight_zonoBounds_relaxT0.01_seed1_HyperAttackHints_VagharDeps_PerturbedIntervals_cTag1.txt"
cnn1,patch,"1,14,14,3",0,5,62.33,73.50,13.796666,13.907650,13.898963,14.006759,0.099109,no,bounds,no,yes,yes,yes,off,0.01,elim not activated,elim not activated,1,1,3,1.18x,,,,0.110984,0.107796,,OPTIMAL,"/root/Downloads/for_dana/vaghar_org/paper_experiments/mnist/cnn1_exp/patch/eps_1,14,14,3/vagharWithPerturbed_cnn1_seed42_itr20_sgd_itr1/63910122191521_cnn1_patch_1.0,14.0,14.0,3.0_ctag0__HyperAttackHints_VagharDeps_PertruebedIntervals_cTag1.txt","/root/Downloads/for_dana/vaghar_org/paper_experiments/mnist/cnn1_exp/patch/eps_1,14,14,3/advStd_cnn1_N1_model_seed42_itr20/63911984851846_n2_cnn1_patch_1.0,14.0,14.0,3.0_ctag0_model_seed42_itr20_sgd_itr1_N2_advStd_branchPri_boundTight_zonoBounds_relaxT0.01_varHint_seed3_HyperAttackHints_VagharDeps_PerturbedIntervals_cTag1.txt"
cnn1,patch,"1,14,14,3",0,5,62.33,73.68,13.796666,13.907650,13.898967,13.898967,-0.008684,no,bounds,no,yes,no,yes,lp,0.1,0,0,1,1,1,1.18x,,,,0.110984,0.000000,,OPTIMAL,"/root/Downloads/for_dana/vaghar_org/paper_experiments/mnist/cnn1_exp/patch/eps_1,14,14,3/vagharWithPerturbed_cnn1_seed42_itr20_sgd_itr1/63910122191521_cnn1_patch_1.0,14.0,14.0,3.0_ctag0__HyperAttackHints_VagharDeps_PertruebedIntervals_cTag1.txt","/root/Downloads/for_dana/vaghar_org/paper_experiments/mnist/cnn1_exp/patch/eps_1,14,14,3/advStd_cnn1_N1_model_seed42_itr20/63912001991062_n2_cnn1_patch_1.0,14.0,14.0,3.0_ctag0_model_seed42_itr20_sgd_itr1_N2_advStd_branchPri_boundTight_zonoBounds_n1ProbeLP_relaxT0.1_seed1_elimOrg0_elimPert0_HyperAttackHints_VagharDeps_PerturbedIntervals_cTag1.txt"
cnn1,patch,"1,14,14,3",0,5,62.33,74.24,13.796666,13.907650,13.898967,13.898967,-0.008684,no,off,no,yes,no,no,off,0.01,elim not activated,elim not activated,1,1,1,1.19x,,,,0.110984,0.000000,,OPTIMAL,"/root/Downloads/for_dana/vaghar_org/paper_experiments/mnist/cnn1_exp/patch/eps_1,14,14,3/vagharWithPerturbed_cnn1_seed42_itr20_sgd_itr1/63910122191521_cnn1_patch_1.0,14.0,14.0,3.0_ctag0__HyperAttackHints_VagharDeps_PertruebedIntervals_cTag1.txt","/root/Downloads/for_dana/vaghar_org/paper_experiments/mnist/cnn1_exp/patch/eps_1,14,14,3/advStd_cnn1_N1_model_seed42_itr20/63911872270072_n2_cnn1_patch_1.0,14.0,14.0,3.0_ctag0_model_seed42_itr20_sgd_itr1_N2_advStd_boundTight_relaxT0.01_seed1_HyperAttackHints_VagharDeps_PerturbedIntervals_cTag1.txt"
cnn1,patch,"1,14,14,3",0,5,62.33,74.08,13.796666,13.907650,13.898967,13.898967,-0.008684,no,off,no,yes,no,no,off,0.1,elim not activated,elim not activated,1,1,1,1.19x,,,,0.110984,0.000000,,OPTIMAL,"/root/Downloads/for_dana/vaghar_org/paper_experiments/mnist/cnn1_exp/patch/eps_1,14,14,3/vagharWithPerturbed_cnn1_seed42_itr20_sgd_itr1/63910122191521_cnn1_patch_1.0,14.0,14.0,3.0_ctag0__HyperAttackHints_VagharDeps_PertruebedIntervals_cTag1.txt","/root/Downloads/for_dana/vaghar_org/paper_experiments/mnist/cnn1_exp/patch/eps_1,14,14,3/advStd_cnn1_N1_model_seed42_itr20/63911875863604_n2_cnn1_patch_1.0,14.0,14.0,3.0_ctag0_model_seed42_itr20_sgd_itr1_N2_advStd_boundTight_relaxT0.1_seed1_HyperAttackHints_VagharDeps_PerturbedIntervals_cTag1.txt"
cnn1,patch,"1,14,14,3",0,5,62.33,74.11,13.796666,13.907650,13.898967,13.898967,-0.008684,no,bounds,no,yes,no,yes,off,0.01,elim not activated,elim not activated,1,1,1,1.19x,,,,0.110984,0.000000,,OPTIMAL,"/root/Downloads/for_dana/vaghar_org/paper_experiments/mnist/cnn1_exp/patch/eps_1,14,14,3/vagharWithPerturbed_cnn1_seed42_itr20_sgd_itr1/63910122191521_cnn1_patch_1.0,14.0,14.0,3.0_ctag0__HyperAttackHints_VagharDeps_PertruebedIntervals_cTag1.txt","/root/Downloads/for_dana/vaghar_org/paper_experiments/mnist/cnn1_exp/patch/eps_1,14,14,3/advStd_cnn1_N1_model_seed42_itr20/63911982826914_n2_cnn1_patch_1.0,14.0,14.0,3.0_ctag0_model_seed42_itr20_sgd_itr1_N2_advStd_branchPri_boundTight_zonoBounds_relaxT0.01_seed1_HyperAttackHints_VagharDeps_PerturbedIntervals_cTag1.txt"
cnn1,patch,"1,14,14,3",0,5,62.33,74.46,13.796666,13.907650,13.898963,14.006759,0.099109,no,bounds,no,yes,yes,yes,lp,0.01,0,0,1,1,3,1.19x,,,,0.110984,0.107796,,OPTIMAL,"/root/Downloads/for_dana/vaghar_org/paper_experiments/mnist/cnn1_exp/patch/eps_1,14,14,3/vagharWithPerturbed_cnn1_seed42_itr20_sgd_itr1/63910122191521_cnn1_patch_1.0,14.0,14.0,3.0_ctag0__HyperAttackHints_VagharDeps_PertruebedIntervals_cTag1.txt","/root/Downloads/for_dana/vaghar_org/paper_experiments/mnist/cnn1_exp/patch/eps_1,14,14,3/advStd_cnn1_N1_model_seed42_itr20/63912000916671_n2_cnn1_patch_1.0,14.0,14.0,3.0_ctag0_model_seed42_itr20_sgd_itr1_N2_advStd_branchPri_boundTight_zonoBounds_n1ProbeLP_relaxT0.01_varHint_seed3_elimOrg0_elimPert0_HyperAttackHints_VagharDeps_PerturbedIntervals_cTag1.txt"
cnn1,patch,"1,14,14,3",0,5,62.33,74.78,13.796666,13.907650,13.898967,13.898967,-0.008684,no,bounds,no,yes,no,no,off,0.01,elim not activated,elim not activated,1,1,1,1.20x,,,,0.110984,0.000000,,OPTIMAL,"/root/Downloads/for_dana/vaghar_org/paper_experiments/mnist/cnn1_exp/patch/eps_1,14,14,3/vagharWithPerturbed_cnn1_seed42_itr20_sgd_itr1/63910122191521_cnn1_patch_1.0,14.0,14.0,3.0_ctag0__HyperAttackHints_VagharDeps_PertruebedIntervals_cTag1.txt","/root/Downloads/for_dana/vaghar_org/paper_experiments/mnist/cnn1_exp/patch/eps_1,14,14,3/advStd_cnn1_N1_model_seed42_itr20/63911903062772_n2_cnn1_patch_1.0,14.0,14.0,3.0_ctag0_model_seed42_itr20_sgd_itr1_N2_advStd_branchPri_boundTight_relaxT0.01_seed1_HyperAttackHints_VagharDeps_PerturbedIntervals_cTag1.txt"
cnn1,patch,"1,14,14,3",0,5,62.33,74.59,13.796666,13.907650,13.898967,13.898967,-0.008684,no,off,no,yes,no,yes,lp,0.01,0,0,1,1,1,1.20x,,,,0.110984,0.000000,,OPTIMAL,"/root/Downloads/for_dana/vaghar_org/paper_experiments/mnist/cnn1_exp/patch/eps_1,14,14,3/vagharWithPerturbed_cnn1_seed42_itr20_sgd_itr1/63910122191521_cnn1_patch_1.0,14.0,14.0,3.0_ctag0__HyperAttackHints_VagharDeps_PertruebedIntervals_cTag1.txt","/root/Downloads/for_dana/vaghar_org/paper_experiments/mnist/cnn1_exp/patch/eps_1,14,14,3/advStd_cnn1_N1_model_seed42_itr20/63911966010594_n2_cnn1_patch_1.0,14.0,14.0,3.0_ctag0_model_seed42_itr20_sgd_itr1_N2_advStd_boundTight_zonoBounds_n1ProbeLP_relaxT0.01_seed1_elimOrg0_elimPert0_HyperAttackHints_VagharDeps_PerturbedIntervals_cTag1.txt"
cnn1,patch,"1,14,14,3",0,5,62.33,75.17,13.796666,13.907650,13.898665,13.931253,0.023603,yes,bounds,no,no,no,no,off,off,elim not activated,elim not activated,relax not activated,relax not activated,0,1.21x,,,,0.110984,0.032588,,OPTIMAL,"/root/Downloads/for_dana/vaghar_org/paper_experiments/mnist/cnn1_exp/patch/eps_1,14,14,3/vagharWithPerturbed_cnn1_seed42_itr20_sgd_itr1/63910122191521_cnn1_patch_1.0,14.0,14.0,3.0_ctag0__HyperAttackHints_VagharDeps_PertruebedIntervals_cTag1.txt","/root/Downloads/for_dana/vaghar_org/paper_experiments/mnist/cnn1_exp/patch/eps_1,14,14,3/advStd_cnn1_N1_model_seed42_itr20/63911696309204_n2_cnn1_patch_1.0,14.0,14.0,3.0_ctag0_model_seed42_itr20_sgd_itr1_N2_advStd_mipStart_branchPri_VagharDeps_PerturbedIntervals_cTag1.txt"
cnn1,patch,"1,14,14,3",0,5,62.33,75.43,13.796666,13.907650,13.898967,13.898967,-0.008684,no,bounds,no,yes,no,no,lp,0.01,0,0,1,1,1,1.21x,,,,0.110984,0.000000,,OPTIMAL,"/root/Downloads/for_dana/vaghar_org/paper_experiments/mnist/cnn1_exp/patch/eps_1,14,14,3/vagharWithPerturbed_cnn1_seed42_itr20_sgd_itr1/63910122191521_cnn1_patch_1.0,14.0,14.0,3.0_ctag0__HyperAttackHints_VagharDeps_PertruebedIntervals_cTag1.txt","/root/Downloads/for_dana/vaghar_org/paper_experiments/mnist/cnn1_exp/patch/eps_1,14,14,3/advStd_cnn1_N1_model_seed42_itr20/63911920388447_n2_cnn1_patch_1.0,14.0,14.0,3.0_ctag0_model_seed42_itr20_sgd_itr1_N2_advStd_branchPri_boundTight_n1ProbeLP_relaxT0.01_seed1_elimOrg0_elimPert0_HyperAttackHints_VagharDeps_PerturbedIntervals_cTag1.txt"
cnn1,patch,"1,14,14,3",0,5,62.33,75.25,13.796666,13.907650,13.898963,14.006759,0.099109,no,off,no,yes,yes,yes,lp,0.1,0,0,1,1,3,1.21x,,,,0.110984,0.107796,,OPTIMAL,"/root/Downloads/for_dana/vaghar_org/paper_experiments/mnist/cnn1_exp/patch/eps_1,14,14,3/vagharWithPerturbed_cnn1_seed42_itr20_sgd_itr1/63910122191521_cnn1_patch_1.0,14.0,14.0,3.0_ctag0__HyperAttackHints_VagharDeps_PertruebedIntervals_cTag1.txt","/root/Downloads/for_dana/vaghar_org/paper_experiments/mnist/cnn1_exp/patch/eps_1,14,14,3/advStd_cnn1_N1_model_seed42_itr20/63911970951508_n2_cnn1_patch_1.0,14.0,14.0,3.0_ctag0_model_seed42_itr20_sgd_itr1_N2_advStd_boundTight_zonoBounds_n1ProbeLP_relaxT0.1_varHint_seed3_elimOrg0_elimPert0_HyperAttackHints_VagharDeps_PerturbedIntervals_cTag1.txt"
cnn1,patch,"1,14,14,3",0,5,62.33,76.31,13.796666,13.907650,13.983343,13.983344,0.075694,no,bounds,no,yes,no,no,off,1.0,elim not activated,elim not activated,82,82,0,1.22x,,,,0.110984,0.000000,,OPTIMAL,"/root/Downloads/for_dana/vaghar_org/paper_experiments/mnist/cnn1_exp/patch/eps_1,14,14,3/vagharWithPerturbed_cnn1_seed42_itr20_sgd_itr1/63910122191521_cnn1_patch_1.0,14.0,14.0,3.0_ctag0__HyperAttackHints_VagharDeps_PertruebedIntervals_cTag1.txt","/root/Downloads/for_dana/vaghar_org/paper_experiments/mnist/cnn1_exp/patch/eps_1,14,14,3/advStd_cnn1_N1_model_seed42_itr20/63911912564199_n2_cnn1_patch_1.0,14.0,14.0,3.0_ctag0_model_seed42_itr20_sgd_itr1_N2_advStd_branchPri_boundTight_relaxT1.0_HyperAttackHints_VagharDeps_PerturbedIntervals_cTag1.txt"
cnn1,patch,"1,14,14,3",0,5,62.33,76.58,13.796666,13.907650,13.898963,14.006759,0.099109,no,off,no,yes,yes,no,off,0.01,elim not activated,elim not activated,1,1,3,1.23x,,,,0.110984,0.107796,,OPTIMAL,"/root/Downloads/for_dana/vaghar_org/paper_experiments/mnist/cnn1_exp/patch/eps_1,14,14,3/vagharWithPerturbed_cnn1_seed42_itr20_sgd_itr1/63910122191521_cnn1_patch_1.0,14.0,14.0,3.0_ctag0__HyperAttackHints_VagharDeps_PertruebedIntervals_cTag1.txt","/root/Downloads/for_dana/vaghar_org/paper_experiments/mnist/cnn1_exp/patch/eps_1,14,14,3/advStd_cnn1_N1_model_seed42_itr20/63911875716332_n2_cnn1_patch_1.0,14.0,14.0,3.0_ctag0_model_seed42_itr20_sgd_itr1_N2_advStd_boundTight_relaxT0.01_varHint_seed3_HyperAttackHints_VagharDeps_PerturbedIntervals_cTag1.txt"
cnn1,patch,"1,14,14,3",0,5,62.33,76.58,13.796666,13.907650,13.898967,13.898967,-0.008684,no,off,no,yes,no,no,lp,0.1,0,0,1,1,1,1.23x,,,,0.110984,0.000000,,OPTIMAL,"/root/Downloads/for_dana/vaghar_org/paper_experiments/mnist/cnn1_exp/patch/eps_1,14,14,3/vagharWithPerturbed_cnn1_seed42_itr20_sgd_itr1/63910122191521_cnn1_patch_1.0,14.0,14.0,3.0_ctag0__HyperAttackHints_VagharDeps_PertruebedIntervals_cTag1.txt","/root/Downloads/for_dana/vaghar_org/paper_experiments/mnist/cnn1_exp/patch/eps_1,14,14,3/advStd_cnn1_N1_model_seed42_itr20/63911892257992_n2_cnn1_patch_1.0,14.0,14.0,3.0_ctag0_model_seed42_itr20_sgd_itr1_N2_advStd_boundTight_n1ProbeLP_relaxT0.1_seed1_elimOrg0_elimPert0_HyperAttackHints_VagharDeps_PerturbedIntervals_cTag1.txt"
cnn1,patch,"1,14,14,3",0,5,62.33,77.55,13.796666,13.907650,13.898967,13.898967,-0.008684,no,off,no,yes,no,yes,lp,0.1,0,0,1,1,1,1.24x,,,,0.110984,0.000000,,OPTIMAL,"/root/Downloads/for_dana/vaghar_org/paper_experiments/mnist/cnn1_exp/patch/eps_1,14,14,3/vagharWithPerturbed_cnn1_seed42_itr20_sgd_itr1/63910122191521_cnn1_patch_1.0,14.0,14.0,3.0_ctag0__HyperAttackHints_VagharDeps_PertruebedIntervals_cTag1.txt","/root/Downloads/for_dana/vaghar_org/paper_experiments/mnist/cnn1_exp/patch/eps_1,14,14,3/advStd_cnn1_N1_model_seed42_itr20/63911969142342_n2_cnn1_patch_1.0,14.0,14.0,3.0_ctag0_model_seed42_itr20_sgd_itr1_N2_advStd_boundTight_zonoBounds_n1ProbeLP_relaxT0.1_seed1_elimOrg0_elimPert0_HyperAttackHints_VagharDeps_PerturbedIntervals_cTag1.txt"
cnn1,patch,"1,14,14,3",0,5,62.33,78.49,13.796666,13.907650,13.898963,14.006759,0.099109,no,bounds,no,yes,yes,no,lp,0.01,0,0,1,1,3,1.26x,,,,0.110984,0.107796,,OPTIMAL,"/root/Downloads/for_dana/vaghar_org/paper_experiments/mnist/cnn1_exp/patch/eps_1,14,14,3/vagharWithPerturbed_cnn1_seed42_itr20_sgd_itr1/63910122191521_cnn1_patch_1.0,14.0,14.0,3.0_ctag0__HyperAttackHints_VagharDeps_PertruebedIntervals_cTag1.txt","/root/Downloads/for_dana/vaghar_org/paper_experiments/mnist/cnn1_exp/patch/eps_1,14,14,3/advStd_cnn1_N1_model_seed42_itr20/63911922191467_n2_cnn1_patch_1.0,14.0,14.0,3.0_ctag0_model_seed42_itr20_sgd_itr1_N2_advStd_branchPri_boundTight_n1ProbeLP_relaxT0.01_varHint_seed3_elimOrg0_elimPert0_HyperAttackHints_VagharDeps_PerturbedIntervals_cTag1.txt"
cnn1,patch,"1,14,14,3",0,5,62.33,78.97,13.796666,13.907650,13.898963,14.006759,0.099109,no,off,no,yes,yes,no,lp,0.01,0,0,1,1,3,1.27x,,,,0.110984,0.107796,,OPTIMAL,"/root/Downloads/for_dana/vaghar_org/paper_experiments/mnist/cnn1_exp/patch/eps_1,14,14,3/vagharWithPerturbed_cnn1_seed42_itr20_sgd_itr1/63910122191521_cnn1_patch_1.0,14.0,14.0,3.0_ctag0__HyperAttackHints_VagharDeps_PertruebedIntervals_cTag1.txt","/root/Downloads/for_dana/vaghar_org/paper_experiments/mnist/cnn1_exp/patch/eps_1,14,14,3/advStd_cnn1_N1_model_seed42_itr20/63911891483600_n2_cnn1_patch_1.0,14.0,14.0,3.0_ctag0_model_seed42_itr20_sgd_itr1_N2_advStd_boundTight_n1ProbeLP_relaxT0.01_varHint_seed3_elimOrg0_elimPert0_HyperAttackHints_VagharDeps_PerturbedIntervals_cTag1.txt"
cnn1,patch,"1,14,14,3",0,5,62.33,79.89,13.796666,13.907650,13.898967,13.898967,-0.008684,no,off,no,yes,no,no,lp,0.01,0,0,1,1,1,1.28x,,,,0.110984,0.000000,,OPTIMAL,"/root/Downloads/for_dana/vaghar_org/paper_experiments/mnist/cnn1_exp/patch/eps_1,14,14,3/vagharWithPerturbed_cnn1_seed42_itr20_sgd_itr1/63910122191521_cnn1_patch_1.0,14.0,14.0,3.0_ctag0__HyperAttackHints_VagharDeps_PertruebedIntervals_cTag1.txt","/root/Downloads/for_dana/vaghar_org/paper_experiments/mnist/cnn1_exp/patch/eps_1,14,14,3/advStd_cnn1_N1_model_seed42_itr20/63911889674948_n2_cnn1_patch_1.0,14.0,14.0,3.0_ctag0_model_seed42_itr20_sgd_itr1_N2_advStd_boundTight_n1ProbeLP_relaxT0.01_seed1_elimOrg0_elimPert0_HyperAttackHints_VagharDeps_PerturbedIntervals_cTag1.txt"
cnn1,patch,"1,14,14,3",0,5,62.33,79.95,13.796666,13.907650,13.898967,13.898967,-0.008684,no,bounds,no,yes,no,yes,lp,0.01,0,0,1,1,1,1.28x,,,,0.110984,0.000000,,OPTIMAL,"/root/Downloads/for_dana/vaghar_org/paper_experiments/mnist/cnn1_exp/patch/eps_1,14,14,3/vagharWithPerturbed_cnn1_seed42_itr20_sgd_itr1/63910122191521_cnn1_patch_1.0,14.0,14.0,3.0_ctag0__HyperAttackHints_VagharDeps_PertruebedIntervals_cTag1.txt","/root/Downloads/for_dana/vaghar_org/paper_experiments/mnist/cnn1_exp/patch/eps_1,14,14,3/advStd_cnn1_N1_model_seed42_itr20/63911999077246_n2_cnn1_patch_1.0,14.0,14.0,3.0_ctag0_model_seed42_itr20_sgd_itr1_N2_advStd_branchPri_boundTight_zonoBounds_n1ProbeLP_relaxT0.01_seed1_elimOrg0_elimPert0_HyperAttackHints_VagharDeps_PerturbedIntervals_cTag1.txt"
cnn1,patch,"1,14,14,3",0,5,62.33,80.37,13.796666,13.907650,13.898665,13.931253,0.023603,yes,bounds,no,yes,no,no,off,off,elim not activated,elim not activated,relax not activated,relax not activated,0,1.29x,,,,0.110984,0.032588,,OPTIMAL,"/root/Downloads/for_dana/vaghar_org/paper_experiments/mnist/cnn1_exp/patch/eps_1,14,14,3/vagharWithPerturbed_cnn1_seed42_itr20_sgd_itr1/63910122191521_cnn1_patch_1.0,14.0,14.0,3.0_ctag0__HyperAttackHints_VagharDeps_PertruebedIntervals_cTag1.txt","/root/Downloads/for_dana/vaghar_org/paper_experiments/mnist/cnn1_exp/patch/eps_1,14,14,3/advStd_cnn1_N1_model_seed42_itr20/63911696302687_n2_cnn1_patch_1.0,14.0,14.0,3.0_ctag0_model_seed42_itr20_sgd_itr1_N2_advStd_mipStart_branchPri_boundTight_VagharDeps_PerturbedIntervals_cTag1.txt"
cnn1,patch,"1,14,14,3",0,5,62.33,82.17,13.796666,13.907650,13.898665,13.931253,0.023603,yes,off,no,yes,no,no,off,off,elim not activated,elim not activated,relax not activated,relax not activated,0,1.32x,,,,0.110984,0.032588,,OPTIMAL,"/root/Downloads/for_dana/vaghar_org/paper_experiments/mnist/cnn1_exp/patch/eps_1,14,14,3/vagharWithPerturbed_cnn1_seed42_itr20_sgd_itr1/63910122191521_cnn1_patch_1.0,14.0,14.0,3.0_ctag0__HyperAttackHints_VagharDeps_PertruebedIntervals_cTag1.txt","/root/Downloads/for_dana/vaghar_org/paper_experiments/mnist/cnn1_exp/patch/eps_1,14,14,3/advStd_cnn1_N1_model_seed42_itr20/63911696298659_n2_cnn1_patch_1.0,14.0,14.0,3.0_ctag0_model_seed42_itr20_sgd_itr1_N2_advStd_mipStart_boundTight_VagharDeps_PerturbedIntervals_cTag1.txt"
cnn1,patch,"1,14,14,3",0,5,62.33,82.28,13.796666,13.907650,13.898665,13.929192,0.021542,yes,off,no,yes,no,no,off,off,elim not activated,elim not activated,relax not activated,relax not activated,0,1.32x,,,,0.110984,0.030526,,OPTIMAL,"/root/Downloads/for_dana/vaghar_org/paper_experiments/mnist/cnn1_exp/patch/eps_1,14,14,3/vagharWithPerturbed_cnn1_seed42_itr20_sgd_itr1/63910122191521_cnn1_patch_1.0,14.0,14.0,3.0_ctag0__HyperAttackHints_VagharDeps_PertruebedIntervals_cTag1.txt","/root/Downloads/for_dana/vaghar_org/paper_experiments/mnist/cnn1_exp/patch/eps_1,14,14,3/advStd_cnn1_N1_model_seed42_itr20/63911697516742_n2_cnn1_patch_1.0,14.0,14.0,3.0_ctag0_model_seed42_itr20_sgd_itr1_N2_advStd_mipStart_boundTight_HyperAttackCutoff_VagharDeps_PerturbedIntervals_cTag1.txt"
cnn1,patch,"1,14,14,3",0,5,62.33,82.47,13.796666,13.907650,13.983343,13.983343,0.075693,no,bounds,no,yes,no,yes,off,1.0,elim not activated,elim not activated,82,82,1,1.32x,,,,0.110984,0.000000,,OPTIMAL,"/root/Downloads/for_dana/vaghar_org/paper_experiments/mnist/cnn1_exp/patch/eps_1,14,14,3/vagharWithPerturbed_cnn1_seed42_itr20_sgd_itr1/63910122191521_cnn1_patch_1.0,14.0,14.0,3.0_ctag0__HyperAttackHints_VagharDeps_PertruebedIntervals_cTag1.txt","/root/Downloads/for_dana/vaghar_org/paper_experiments/mnist/cnn1_exp/patch/eps_1,14,14,3/advStd_cnn1_N1_model_seed42_itr20/63911991977739_n2_cnn1_patch_1.0,14.0,14.0,3.0_ctag0_model_seed42_itr20_sgd_itr1_N2_advStd_branchPri_boundTight_zonoBounds_relaxT1.0_seed1_HyperAttackHints_VagharDeps_PerturbedIntervals_cTag1.txt"
cnn1,patch,"1,14,14,3",0,5,62.33,84.85,13.796666,13.907650,13.767760,13.898665,-0.008985,yes,bounds,no,yes,no,no,off,off,elim not activated,elim not activated,relax not activated,relax not activated,1,1.36x,,,,0.110984,0.130905,,OPTIMAL,"/root/Downloads/for_dana/vaghar_org/paper_experiments/mnist/cnn1_exp/patch/eps_1,14,14,3/vagharWithPerturbed_cnn1_seed42_itr20_sgd_itr1/63910122191521_cnn1_patch_1.0,14.0,14.0,3.0_ctag0__HyperAttackHints_VagharDeps_PertruebedIntervals_cTag1.txt","/root/Downloads/for_dana/vaghar_org/paper_experiments/mnist/cnn1_exp/patch/eps_1,14,14,3/advStd_cnn1_N1_model_seed42_itr20/63911732530924_n2_cnn1_patch_1.0,14.0,14.0,3.0_ctag0_model_seed42_itr20_sgd_itr1_N2_advStd_mipStart_branchPri_boundTight_seed1_HyperAttackCutoff_VagharDeps_PerturbedIntervals_cTag1.txt"
cnn1,patch,"1,14,14,3",0,5,62.33,85.05,13.796666,13.907650,13.767760,13.898665,-0.008985,yes,bounds,no,no,no,no,off,off,elim not activated,elim not activated,relax not activated,relax not activated,1,1.36x,,,,0.110984,0.130905,,OPTIMAL,"/root/Downloads/for_dana/vaghar_org/paper_experiments/mnist/cnn1_exp/patch/eps_1,14,14,3/vagharWithPerturbed_cnn1_seed42_itr20_sgd_itr1/63910122191521_cnn1_patch_1.0,14.0,14.0,3.0_ctag0__HyperAttackHints_VagharDeps_PertruebedIntervals_cTag1.txt","/root/Downloads/for_dana/vaghar_org/paper_experiments/mnist/cnn1_exp/patch/eps_1,14,14,3/advStd_cnn1_N1_model_seed42_itr20/63911733438340_n2_cnn1_patch_1.0,14.0,14.0,3.0_ctag0_model_seed42_itr20_sgd_itr1_N2_advStd_mipStart_branchPri_seed1_HyperAttackCutoff_VagharDeps_PerturbedIntervals_cTag1.txt"
cnn1,patch,"1,14,14,3",0,5,62.33,85.85,13.796666,13.907650,13.767760,13.898665,-0.008985,yes,off,no,yes,no,no,off,off,elim not activated,elim not activated,relax not activated,relax not activated,1,1.38x,,,,0.110984,0.130905,,OPTIMAL,"/root/Downloads/for_dana/vaghar_org/paper_experiments/mnist/cnn1_exp/patch/eps_1,14,14,3/vagharWithPerturbed_cnn1_seed42_itr20_sgd_itr1/63910122191521_cnn1_patch_1.0,14.0,14.0,3.0_ctag0__HyperAttackHints_VagharDeps_PertruebedIntervals_cTag1.txt","/root/Downloads/for_dana/vaghar_org/paper_experiments/mnist/cnn1_exp/patch/eps_1,14,14,3/advStd_cnn1_N1_model_seed42_itr20/63911738500054_n2_cnn1_patch_1.0,14.0,14.0,3.0_ctag0_model_seed42_itr20_sgd_itr1_N2_advStd_mipStart_boundTight_seed1_HyperAttackCutoff_VagharDeps_PerturbedIntervals_cTag1.txt"
cnn1,patch,"1,14,14,3",0,5,62.33,86.63,13.796666,13.907650,13.898665,13.931253,0.023603,yes,off,no,no,no,no,off,off,elim not activated,elim not activated,relax not activated,relax not activated,0,1.39x,,,,0.110984,0.032588,,OPTIMAL,"/root/Downloads/for_dana/vaghar_org/paper_experiments/mnist/cnn1_exp/patch/eps_1,14,14,3/vagharWithPerturbed_cnn1_seed42_itr20_sgd_itr1/63910122191521_cnn1_patch_1.0,14.0,14.0,3.0_ctag0__HyperAttackHints_VagharDeps_PertruebedIntervals_cTag1.txt","/root/Downloads/for_dana/vaghar_org/paper_experiments/mnist/cnn1_exp/patch/eps_1,14,14,3/advStd_cnn1_N1_model_seed42_itr20/63911694156254_n2_cnn1_patch_1.0,14.0,14.0,3.0_ctag0_model_seed42_itr20_sgd_itr1_N2_advStd_mipStart_VagharDeps_PerturbedIntervals_cTag1.txt"
cnn1,patch,"1,14,14,3",0,5,62.33,87.27,13.796666,13.907650,13.767760,13.898665,-0.008985,yes,off,no,no,no,no,off,off,elim not activated,elim not activated,relax not activated,relax not activated,1,1.40x,,,,0.110984,0.130905,,OPTIMAL,"/root/Downloads/for_dana/vaghar_org/paper_experiments/mnist/cnn1_exp/patch/eps_1,14,14,3/vagharWithPerturbed_cnn1_seed42_itr20_sgd_itr1/63910122191521_cnn1_patch_1.0,14.0,14.0,3.0_ctag0__HyperAttackHints_VagharDeps_PertruebedIntervals_cTag1.txt","/root/Downloads/for_dana/vaghar_org/paper_experiments/mnist/cnn1_exp/patch/eps_1,14,14,3/advStd_cnn1_N1_model_seed42_itr20/63911739956201_n2_cnn1_patch_1.0,14.0,14.0,3.0_ctag0_model_seed42_itr20_sgd_itr1_N2_advStd_mipStart_seed1_HyperAttackCutoff_VagharDeps_PerturbedIntervals_cTag1.txt"
cnn1,patch,"1,14,14,3",0,5,62.33,89.41,13.796666,13.907650,13.898665,13.931253,0.023603,yes,off,no,no,no,no,off,off,elim not activated,elim not activated,relax not activated,relax not activated,0,1.43x,,,,0.110984,0.032588,,OPTIMAL,"/root/Downloads/for_dana/vaghar_org/paper_experiments/mnist/cnn1_exp/patch/eps_1,14,14,3/vagharWithPerturbed_cnn1_seed42_itr20_sgd_itr1/63910122191521_cnn1_patch_1.0,14.0,14.0,3.0_ctag0__HyperAttackHints_VagharDeps_PertruebedIntervals_cTag1.txt","/root/Downloads/for_dana/vaghar_org/paper_experiments/mnist/cnn1_exp/patch/eps_1,14,14,3/advStd_cnn1_N1_model_seed42_itr20/63911692885354_n2_cnn1_patch_1.0,14.0,14.0,3.0_ctag0_model_seed42_itr20_sgd_itr1_N2_advStd_mipStart_VagharDeps_PerturbedIntervals_cTag1.txt"
cnn1,patch,"1,14,14,3",0,5,62.33,90.62,13.796666,13.907650,13.898967,13.898967,-0.008684,no,off,no,yes,no,yes,off,0.1,elim not activated,elim not activated,1,1,1,1.45x,,,,0.110984,0.000000,,OPTIMAL,"/root/Downloads/for_dana/vaghar_org/paper_experiments/mnist/cnn1_exp/patch/eps_1,14,14,3/vagharWithPerturbed_cnn1_seed42_itr20_sgd_itr1/63910122191521_cnn1_patch_1.0,14.0,14.0,3.0_ctag0__HyperAttackHints_VagharDeps_PertruebedIntervals_cTag1.txt","/root/Downloads/for_dana/vaghar_org/paper_experiments/mnist/cnn1_exp/patch/eps_1,14,14,3/advStd_cnn1_N1_model_seed42_itr20/63911953277145_n2_cnn1_patch_1.0,14.0,14.0,3.0_ctag0_model_seed42_itr20_sgd_itr1_N2_advStd_boundTight_zonoBounds_relaxT0.1_seed1_HyperAttackHints_VagharDeps_PerturbedIntervals_cTag1.txt"
cnn1,patch,"1,14,14,3",0,5,62.33,90.64,13.796666,13.907650,13.898967,13.898967,-0.008684,no,bounds,no,yes,no,yes,off,0.1,elim not activated,elim not activated,1,1,1,1.45x,,,,0.110984,0.000000,,OPTIMAL,"/root/Downloads/for_dana/vaghar_org/paper_experiments/mnist/cnn1_exp/patch/eps_1,14,14,3/vagharWithPerturbed_cnn1_seed42_itr20_sgd_itr1/63910122191521_cnn1_patch_1.0,14.0,14.0,3.0_ctag0__HyperAttackHints_VagharDeps_PertruebedIntervals_cTag1.txt","/root/Downloads/for_dana/vaghar_org/paper_experiments/mnist/cnn1_exp/patch/eps_1,14,14,3/advStd_cnn1_N1_model_seed42_itr20/63911986115621_n2_cnn1_patch_1.0,14.0,14.0,3.0_ctag0_model_seed42_itr20_sgd_itr1_N2_advStd_branchPri_boundTight_zonoBounds_relaxT0.1_seed1_HyperAttackHints_VagharDeps_PerturbedIntervals_cTag1.txt"
cnn1,patch,"1,14,14,3",0,5,62.33,93.74,13.796666,13.907650,13.898967,13.898967,-0.008684,no,bounds,no,yes,no,no,lp,0.1,0,0,1,1,1,1.50x,,,,0.110984,0.000000,,OPTIMAL,"/root/Downloads/for_dana/vaghar_org/paper_experiments/mnist/cnn1_exp/patch/eps_1,14,14,3/vagharWithPerturbed_cnn1_seed42_itr20_sgd_itr1/63910122191521_cnn1_patch_1.0,14.0,14.0,3.0_ctag0__HyperAttackHints_VagharDeps_PertruebedIntervals_cTag1.txt","/root/Downloads/for_dana/vaghar_org/paper_experiments/mnist/cnn1_exp/patch/eps_1,14,14,3/advStd_cnn1_N1_model_seed42_itr20/63911923033125_n2_cnn1_patch_1.0,14.0,14.0,3.0_ctag0_model_seed42_itr20_sgd_itr1_N2_advStd_branchPri_boundTight_n1ProbeLP_relaxT0.1_seed1_elimOrg0_elimPert0_HyperAttackHints_VagharDeps_PerturbedIntervals_cTag1.txt"
cnn1,patch,"1,14,14,3",0,5,62.33,98.51,13.796666,13.907650,13.869039,13.909743,0.002093,yes,bounds,no,no,no,no,off,off,elim not activated,elim not activated,relax not activated,relax not activated,0,1.58x,,,,0.110984,0.040705,,OPTIMAL,"/root/Downloads/for_dana/vaghar_org/paper_experiments/mnist/cnn1_exp/patch/eps_1,14,14,3/vagharWithPerturbed_cnn1_seed42_itr20_sgd_itr1/63910122191521_cnn1_patch_1.0,14.0,14.0,3.0_ctag0__HyperAttackHints_VagharDeps_PertruebedIntervals_cTag1.txt","/root/Downloads/for_dana/vaghar_org/paper_experiments/mnist/cnn1_exp/patch/eps_1,14,14,3/advStd_cnn1_N1_model_seed42_itr20/63911697478502_n2_cnn1_patch_1.0,14.0,14.0,3.0_ctag0_model_seed42_itr20_sgd_itr1_N2_advStd_mipStart_branchPri_HyperAttackCutoff_VagharDeps_PerturbedIntervals_cTag1.txt"
cnn1,patch,"1,14,14,3",0,5,62.33,99.64,13.796666,13.907650,13.898665,13.931253,0.023603,yes,off,no,yes,no,no,off,off,elim not activated,elim not activated,relax not activated,relax not activated,0,1.60x,,,,0.110984,0.032588,,OPTIMAL,"/root/Downloads/for_dana/vaghar_org/paper_experiments/mnist/cnn1_exp/patch/eps_1,14,14,3/vagharWithPerturbed_cnn1_seed42_itr20_sgd_itr1/63910122191521_cnn1_patch_1.0,14.0,14.0,3.0_ctag0__HyperAttackHints_VagharDeps_PertruebedIntervals_cTag1.txt","/root/Downloads/for_dana/vaghar_org/paper_experiments/mnist/cnn1_exp/patch/eps_1,14,14,3/advStd_cnn1_N1_model_seed42_itr20/63911692315235_n2_cnn1_patch_1.0,14.0,14.0,3.0_ctag0_model_seed42_itr20_sgd_itr1_N2_advStd_mipStart_boundTight_VagharDeps_PerturbedIntervals_cTag1.txt"
cnn1,patch,"1,14,14,3",0,5,62.33,102.25,13.796666,13.907650,13.869039,13.909743,0.002093,yes,bounds,no,yes,no,no,off,off,elim not activated,elim not activated,relax not activated,relax not activated,0,1.64x,,,,0.110984,0.040705,,OPTIMAL,"/root/Downloads/for_dana/vaghar_org/paper_experiments/mnist/cnn1_exp/patch/eps_1,14,14,3/vagharWithPerturbed_cnn1_seed42_itr20_sgd_itr1/63910122191521_cnn1_patch_1.0,14.0,14.0,3.0_ctag0__HyperAttackHints_VagharDeps_PertruebedIntervals_cTag1.txt","/root/Downloads/for_dana/vaghar_org/paper_experiments/mnist/cnn1_exp/patch/eps_1,14,14,3/advStd_cnn1_N1_model_seed42_itr20/63911697509801_n2_cnn1_patch_1.0,14.0,14.0,3.0_ctag0_model_seed42_itr20_sgd_itr1_N2_advStd_mipStart_branchPri_boundTight_HyperAttackCutoff_VagharDeps_PerturbedIntervals_cTag1.txt"
cnn1,patch,"1,14,14,3",0,5,62.33,108.00,13.796666,13.907650,13.898665,14.014760,0.107110,yes,off,no,yes,no,no,off,off,elim not activated,elim not activated,relax not activated,relax not activated,0,1.73x,,,,0.110984,0.116094,,OPTIMAL,"/root/Downloads/for_dana/vaghar_org/paper_experiments/mnist/cnn1_exp/patch/eps_1,14,14,3/vagharWithPerturbed_cnn1_seed42_itr20_sgd_itr1/63910122191521_cnn1_patch_1.0,14.0,14.0,3.0_ctag0__HyperAttackHints_VagharDeps_PertruebedIntervals_cTag1.txt","/root/Downloads/for_dana/vaghar_org/paper_experiments/mnist/cnn1_exp/patch/eps_1,14,14,3/advStd_cnn1_N1_model_seed42_itr20/63911693565786_n2_cnn1_patch_1.0,14.0,14.0,3.0_ctag0_model_seed42_itr20_sgd_itr1_N2_advStd_mipStart_boundTight_VagharDeps_PerturbedIntervals_cTag1.txt"
cnn1,patch,"1,14,14,3",0,5,62.33,143.20,13.796666,13.907650,13.796666,13.907650,0.000000,no,bounds,no,no,no,no,off,off,elim not activated,elim not activated,relax not activated,relax not activated,0,2.30x,,,,0.110984,0.110984,,OPTIMAL,"/root/Downloads/for_dana/vaghar_org/paper_experiments/mnist/cnn1_exp/patch/eps_1,14,14,3/vagharWithPerturbed_cnn1_seed42_itr20_sgd_itr1/63910122191521_cnn1_patch_1.0,14.0,14.0,3.0_ctag0__HyperAttackHints_VagharDeps_PertruebedIntervals_cTag1.txt","/root/Downloads/for_dana/vaghar_org/paper_experiments/mnist/cnn1_exp/patch/eps_1,14,14,3/advStd_cnn1_N1_model_seed42_itr20/63911705667836_n2_cnn1_patch_1.0,14.0,14.0,3.0_ctag0_model_seed42_itr20_sgd_itr1_N2_advStd_branchPri_HyperAttackHints_VagharDeps_PerturbedIntervals_cTag1.txt"
cnn1,patch,"1,14,14,3",0,5,62.33,150.70,13.796666,13.907650,13.898665,14.014760,0.107110,yes,off,no,no,no,no,off,off,elim not activated,elim not activated,relax not activated,relax not activated,0,2.42x,,,,0.110984,0.116094,,OPTIMAL,"/root/Downloads/for_dana/vaghar_org/paper_experiments/mnist/cnn1_exp/patch/eps_1,14,14,3/vagharWithPerturbed_cnn1_seed42_itr20_sgd_itr1/63910122191521_cnn1_patch_1.0,14.0,14.0,3.0_ctag0__HyperAttackHints_VagharDeps_PertruebedIntervals_cTag1.txt","/root/Downloads/for_dana/vaghar_org/paper_experiments/mnist/cnn1_exp/patch/eps_1,14,14,3/advStd_cnn1_N1_model_seed42_itr20/63911692123327_n2_cnn1_patch_1.0,14.0,14.0,3.0_ctag0_model_seed42_itr20_sgd_itr1_N2_advStd_mipStart_VagharDeps_PerturbedIntervals_cTag1.txt"
cnn1,patch,"1,14,14,3",0,5,62.33,427.53,13.796666,13.907650,13.983349,14.095976,0.188326,no,bounds,no,yes,yes,yes,lp,1.0,0,0,82,82,1,6.86x,,,,0.110984,0.112627,,OPTIMAL,"/root/Downloads/for_dana/vaghar_org/paper_experiments/mnist/cnn1_exp/patch/eps_1,14,14,3/vagharWithPerturbed_cnn1_seed42_itr20_sgd_itr1/63910122191521_cnn1_patch_1.0,14.0,14.0,3.0_ctag0__HyperAttackHints_VagharDeps_PertruebedIntervals_cTag1.txt","/root/Downloads/for_dana/vaghar_org/paper_experiments/mnist/cnn1_exp/patch/eps_1,14,14,3/advStd_cnn1_N1_model_seed42_itr20/63912009228110_n2_cnn1_patch_1.0,14.0,14.0,3.0_ctag0_model_seed42_itr20_sgd_itr1_N2_advStd_branchPri_boundTight_zonoBounds_n1ProbeLP_relaxT1.0_varHint_seed1_elimOrg0_elimPert0_HyperAttackHints_VagharDeps_PerturbedIntervals_cTag1.txt"
cnn1,patch,"1,14,14,3",0,5,62.33,429.62,13.796666,13.907650,13.983349,14.095976,0.188326,no,bounds,no,yes,yes,yes,off,1.0,elim not activated,elim not activated,82,82,1,6.89x,,,,0.110984,0.112627,,OPTIMAL,"/root/Downloads/for_dana/vaghar_org/paper_experiments/mnist/cnn1_exp/patch/eps_1,14,14,3/vagharWithPerturbed_cnn1_seed42_itr20_sgd_itr1/63910122191521_cnn1_patch_1.0,14.0,14.0,3.0_ctag0__HyperAttackHints_VagharDeps_PertruebedIntervals_cTag1.txt","/root/Downloads/for_dana/vaghar_org/paper_experiments/mnist/cnn1_exp/patch/eps_1,14,14,3/advStd_cnn1_N1_model_seed42_itr20/63911993382940_n2_cnn1_patch_1.0,14.0,14.0,3.0_ctag0_model_seed42_itr20_sgd_itr1_N2_advStd_branchPri_boundTight_zonoBounds_relaxT1.0_varHint_seed1_HyperAttackHints_VagharDeps_PerturbedIntervals_cTag1.txt"
cnn1,patch,"1,14,14,3",0,5,62.33,430.36,13.796666,13.907650,13.983349,14.095976,0.188326,no,off,no,yes,yes,no,lp,1.0,0,0,82,82,1,6.91x,,,,0.110984,0.112627,,OPTIMAL,"/root/Downloads/for_dana/vaghar_org/paper_experiments/mnist/cnn1_exp/patch/eps_1,14,14,3/vagharWithPerturbed_cnn1_seed42_itr20_sgd_itr1/63910122191521_cnn1_patch_1.0,14.0,14.0,3.0_ctag0__HyperAttackHints_VagharDeps_PertruebedIntervals_cTag1.txt","/root/Downloads/for_dana/vaghar_org/paper_experiments/mnist/cnn1_exp/patch/eps_1,14,14,3/advStd_cnn1_N1_model_seed42_itr20/63911899647687_n2_cnn1_patch_1.0,14.0,14.0,3.0_ctag0_model_seed42_itr20_sgd_itr1_N2_advStd_boundTight_n1ProbeLP_relaxT1.0_varHint_seed1_elimOrg0_elimPert0_HyperAttackHints_VagharDeps_PerturbedIntervals_cTag1.txt"
cnn1,patch,"1,14,14,3",0,5,62.33,431.89,13.796666,13.907650,13.983349,14.095976,0.188326,no,off,no,yes,yes,no,lp,0.5,0,0,82,82,1,6.93x,,,,0.110984,0.112627,,OPTIMAL,"/root/Downloads/for_dana/vaghar_org/paper_experiments/mnist/cnn1_exp/patch/eps_1,14,14,3/vagharWithPerturbed_cnn1_seed42_itr20_sgd_itr1/63910122191521_cnn1_patch_1.0,14.0,14.0,3.0_ctag0__HyperAttackHints_VagharDeps_PertruebedIntervals_cTag1.txt","/root/Downloads/for_dana/vaghar_org/paper_experiments/mnist/cnn1_exp/patch/eps_1,14,14,3/advStd_cnn1_N1_model_seed42_itr20/63911895989175_n2_cnn1_patch_1.0,14.0,14.0,3.0_ctag0_model_seed42_itr20_sgd_itr1_N2_advStd_boundTight_n1ProbeLP_relaxT0.5_varHint_seed1_elimOrg0_elimPert0_HyperAttackHints_VagharDeps_PerturbedIntervals_cTag1.txt"
cnn1,patch,"1,14,14,3",0,5,62.33,432.23,13.796666,13.907650,13.983349,14.095976,0.188326,no,bounds,no,yes,yes,no,off,0.5,elim not activated,elim not activated,82,82,1,6.94x,,,,0.110984,0.112627,,OPTIMAL,"/root/Downloads/for_dana/vaghar_org/paper_experiments/mnist/cnn1_exp/patch/eps_1,14,14,3/vagharWithPerturbed_cnn1_seed42_itr20_sgd_itr1/63910122191521_cnn1_patch_1.0,14.0,14.0,3.0_ctag0__HyperAttackHints_VagharDeps_PertruebedIntervals_cTag1.txt","/root/Downloads/for_dana/vaghar_org/paper_experiments/mnist/cnn1_exp/patch/eps_1,14,14,3/advStd_cnn1_N1_model_seed42_itr20/63911911526538_n2_cnn1_patch_1.0,14.0,14.0,3.0_ctag0_model_seed42_itr20_sgd_itr1_N2_advStd_branchPri_boundTight_relaxT0.5_varHint_seed1_HyperAttackHints_VagharDeps_PerturbedIntervals_cTag1.txt"
cnn1,patch,"1,14,14,3",0,5,62.33,433.58,13.796666,13.907650,13.983349,14.095976,0.188326,no,off,no,yes,yes,yes,lp,1.0,0,0,82,82,1,6.96x,,,,0.110984,0.112627,,OPTIMAL,"/root/Downloads/for_dana/vaghar_org/paper_experiments/mnist/cnn1_exp/patch/eps_1,14,14,3/vagharWithPerturbed_cnn1_seed42_itr20_sgd_itr1/63910122191521_cnn1_patch_1.0,14.0,14.0,3.0_ctag0__HyperAttackHints_VagharDeps_PertruebedIntervals_cTag1.txt","/root/Downloads/for_dana/vaghar_org/paper_experiments/mnist/cnn1_exp/patch/eps_1,14,14,3/advStd_cnn1_N1_model_seed42_itr20/63911976307937_n2_cnn1_patch_1.0,14.0,14.0,3.0_ctag0_model_seed42_itr20_sgd_itr1_N2_advStd_boundTight_zonoBounds_n1ProbeLP_relaxT1.0_varHint_seed1_elimOrg0_elimPert0_HyperAttackHints_VagharDeps_PerturbedIntervals_cTag1.txt"
cnn1,patch,"1,14,14,3",0,5,62.33,435.48,13.796666,13.907650,13.983349,14.095976,0.188326,no,bounds,no,yes,yes,no,lp,1.0,0,0,82,82,1,6.99x,,,,0.110984,0.112627,,OPTIMAL,"/root/Downloads/for_dana/vaghar_org/paper_experiments/mnist/cnn1_exp/patch/eps_1,14,14,3/vagharWithPerturbed_cnn1_seed42_itr20_sgd_itr1/63910122191521_cnn1_patch_1.0,14.0,14.0,3.0_ctag0__HyperAttackHints_VagharDeps_PertruebedIntervals_cTag1.txt","/root/Downloads/for_dana/vaghar_org/paper_experiments/mnist/cnn1_exp/patch/eps_1,14,14,3/advStd_cnn1_N1_model_seed42_itr20/63911930477022_n2_cnn1_patch_1.0,14.0,14.0,3.0_ctag0_model_seed42_itr20_sgd_itr1_N2_advStd_branchPri_boundTight_n1ProbeLP_relaxT1.0_varHint_seed1_elimOrg0_elimPert0_HyperAttackHints_VagharDeps_PerturbedIntervals_cTag1.txt"
cnn1,patch,"1,14,14,3",0,5,62.33,437.80,13.796666,13.907650,13.983349,14.095976,0.188326,no,off,no,yes,yes,no,off,1.0,elim not activated,elim not activated,82,82,1,7.02x,,,,0.110984,0.112627,,OPTIMAL,"/root/Downloads/for_dana/vaghar_org/paper_experiments/mnist/cnn1_exp/patch/eps_1,14,14,3/vagharWithPerturbed_cnn1_seed42_itr20_sgd_itr1/63910122191521_cnn1_patch_1.0,14.0,14.0,3.0_ctag0__HyperAttackHints_VagharDeps_PertruebedIntervals_cTag1.txt","/root/Downloads/for_dana/vaghar_org/paper_experiments/mnist/cnn1_exp/patch/eps_1,14,14,3/advStd_cnn1_N1_model_seed42_itr20/63911883546649_n2_cnn1_patch_1.0,14.0,14.0,3.0_ctag0_model_seed42_itr20_sgd_itr1_N2_advStd_boundTight_relaxT1.0_varHint_seed1_HyperAttackHints_VagharDeps_PerturbedIntervals_cTag1.txt"
cnn1,patch,"1,14,14,3",0,5,62.33,438.84,13.796666,13.907650,13.983349,14.095976,0.188326,no,bounds,no,yes,yes,yes,off,0.5,elim not activated,elim not activated,82,82,1,7.04x,,,,0.110984,0.112627,,OPTIMAL,"/root/Downloads/for_dana/vaghar_org/paper_experiments/mnist/cnn1_exp/patch/eps_1,14,14,3/vagharWithPerturbed_cnn1_seed42_itr20_sgd_itr1/63910122191521_cnn1_patch_1.0,14.0,14.0,3.0_ctag0__HyperAttackHints_VagharDeps_PertruebedIntervals_cTag1.txt","/root/Downloads/for_dana/vaghar_org/paper_experiments/mnist/cnn1_exp/patch/eps_1,14,14,3/advStd_cnn1_N1_model_seed42_itr20/63911989944607_n2_cnn1_patch_1.0,14.0,14.0,3.0_ctag0_model_seed42_itr20_sgd_itr1_N2_advStd_branchPri_boundTight_zonoBounds_relaxT0.5_varHint_seed1_HyperAttackHints_VagharDeps_PerturbedIntervals_cTag1.txt"
cnn1,patch,"1,14,14,3",0,5,62.33,439.46,13.796666,13.907650,13.983349,14.095976,0.188326,no,off,no,yes,yes,no,off,0.5,elim not activated,elim not activated,82,82,1,7.05x,,,,0.110984,0.112627,,OPTIMAL,"/root/Downloads/for_dana/vaghar_org/paper_experiments/mnist/cnn1_exp/patch/eps_1,14,14,3/vagharWithPerturbed_cnn1_seed42_itr20_sgd_itr1/63910122191521_cnn1_patch_1.0,14.0,14.0,3.0_ctag0__HyperAttackHints_VagharDeps_PertruebedIntervals_cTag1.txt","/root/Downloads/for_dana/vaghar_org/paper_experiments/mnist/cnn1_exp/patch/eps_1,14,14,3/advStd_cnn1_N1_model_seed42_itr20/63911879744859_n2_cnn1_patch_1.0,14.0,14.0,3.0_ctag0_model_seed42_itr20_sgd_itr1_N2_advStd_boundTight_relaxT0.5_varHint_seed1_HyperAttackHints_VagharDeps_PerturbedIntervals_cTag1.txt"
cnn1,patch,"1,14,14,3",0,5,62.33,443.12,13.796666,13.907650,13.983349,14.095976,0.188326,no,bounds,no,yes,yes,no,lp,0.5,0,0,82,82,1,7.11x,,,,0.110984,0.112627,,OPTIMAL,"/root/Downloads/for_dana/vaghar_org/paper_experiments/mnist/cnn1_exp/patch/eps_1,14,14,3/vagharWithPerturbed_cnn1_seed42_itr20_sgd_itr1/63910122191521_cnn1_patch_1.0,14.0,14.0,3.0_ctag0__HyperAttackHints_VagharDeps_PertruebedIntervals_cTag1.txt","/root/Downloads/for_dana/vaghar_org/paper_experiments/mnist/cnn1_exp/patch/eps_1,14,14,3/advStd_cnn1_N1_model_seed42_itr20/63911927095871_n2_cnn1_patch_1.0,14.0,14.0,3.0_ctag0_model_seed42_itr20_sgd_itr1_N2_advStd_branchPri_boundTight_n1ProbeLP_relaxT0.5_varHint_seed1_elimOrg0_elimPert0_HyperAttackHints_VagharDeps_PerturbedIntervals_cTag1.txt"
cnn1,patch,"1,14,14,3",0,5,62.33,443.56,13.796666,13.907650,13.983349,14.095976,0.188326,no,off,no,yes,yes,yes,off,0.5,elim not activated,elim not activated,82,82,1,7.12x,,,,0.110984,0.112627,,OPTIMAL,"/root/Downloads/for_dana/vaghar_org/paper_experiments/mnist/cnn1_exp/patch/eps_1,14,14,3/vagharWithPerturbed_cnn1_seed42_itr20_sgd_itr1/63910122191521_cnn1_patch_1.0,14.0,14.0,3.0_ctag0__HyperAttackHints_VagharDeps_PertruebedIntervals_cTag1.txt","/root/Downloads/for_dana/vaghar_org/paper_experiments/mnist/cnn1_exp/patch/eps_1,14,14,3/advStd_cnn1_N1_model_seed42_itr20/63911957036898_n2_cnn1_patch_1.0,14.0,14.0,3.0_ctag0_model_seed42_itr20_sgd_itr1_N2_advStd_boundTight_zonoBounds_relaxT0.5_varHint_seed1_HyperAttackHints_VagharDeps_PerturbedIntervals_cTag1.txt"
cnn1,patch,"1,14,14,3",0,5,62.33,444.45,13.796666,13.907650,13.983349,14.095976,0.188326,no,off,no,yes,yes,yes,lp,0.5,0,0,82,82,1,7.13x,,,,0.110984,0.112627,,OPTIMAL,"/root/Downloads/for_dana/vaghar_org/paper_experiments/mnist/cnn1_exp/patch/eps_1,14,14,3/vagharWithPerturbed_cnn1_seed42_itr20_sgd_itr1/63910122191521_cnn1_patch_1.0,14.0,14.0,3.0_ctag0__HyperAttackHints_VagharDeps_PertruebedIntervals_cTag1.txt","/root/Downloads/for_dana/vaghar_org/paper_experiments/mnist/cnn1_exp/patch/eps_1,14,14,3/advStd_cnn1_N1_model_seed42_itr20/63911972902234_n2_cnn1_patch_1.0,14.0,14.0,3.0_ctag0_model_seed42_itr20_sgd_itr1_N2_advStd_boundTight_zonoBounds_n1ProbeLP_relaxT0.5_varHint_seed1_elimOrg0_elimPert0_HyperAttackHints_VagharDeps_PerturbedIntervals_cTag1.txt"
cnn1,patch,"1,14,14,3",0,5,62.33,445.25,13.796666,13.907650,13.983349,14.095976,0.188326,no,bounds,no,yes,yes,yes,lp,0.5,0,0,82,82,1,7.14x,,,,0.110984,0.112627,,OPTIMAL,"/root/Downloads/for_dana/vaghar_org/paper_experiments/mnist/cnn1_exp/patch/eps_1,14,14,3/vagharWithPerturbed_cnn1_seed42_itr20_sgd_itr1/63910122191521_cnn1_patch_1.0,14.0,14.0,3.0_ctag0__HyperAttackHints_VagharDeps_PertruebedIntervals_cTag1.txt","/root/Downloads/for_dana/vaghar_org/paper_experiments/mnist/cnn1_exp/patch/eps_1,14,14,3/advStd_cnn1_N1_model_seed42_itr20/63912005857721_n2_cnn1_patch_1.0,14.0,14.0,3.0_ctag0_model_seed42_itr20_sgd_itr1_N2_advStd_branchPri_boundTight_zonoBounds_n1ProbeLP_relaxT0.5_varHint_seed1_elimOrg0_elimPert0_HyperAttackHints_VagharDeps_PerturbedIntervals_cTag1.txt"
cnn1,patch,"1,14,14,3",0,5,62.33,445.47,13.796666,13.907650,13.983349,14.095976,0.188326,no,off,no,yes,yes,yes,off,1.0,elim not activated,elim not activated,82,82,1,7.15x,,,,0.110984,0.112627,,OPTIMAL,"/root/Downloads/for_dana/vaghar_org/paper_experiments/mnist/cnn1_exp/patch/eps_1,14,14,3/vagharWithPerturbed_cnn1_seed42_itr20_sgd_itr1/63910122191521_cnn1_patch_1.0,14.0,14.0,3.0_ctag0__HyperAttackHints_VagharDeps_PertruebedIntervals_cTag1.txt","/root/Downloads/for_dana/vaghar_org/paper_experiments/mnist/cnn1_exp/patch/eps_1,14,14,3/advStd_cnn1_N1_model_seed42_itr20/63911960424651_n2_cnn1_patch_1.0,14.0,14.0,3.0_ctag0_model_seed42_itr20_sgd_itr1_N2_advStd_boundTight_zonoBounds_relaxT1.0_varHint_seed1_HyperAttackHints_VagharDeps_PerturbedIntervals_cTag1.txt"
cnn1,patch,"1,14,14,3",0,5,62.33,448.25,13.796666,13.907650,13.983349,14.095976,0.188326,no,bounds,no,yes,yes,no,off,1.0,elim not activated,elim not activated,82,82,1,7.19x,,,,0.110984,0.112627,,OPTIMAL,"/root/Downloads/for_dana/vaghar_org/paper_experiments/mnist/cnn1_exp/patch/eps_1,14,14,3/vagharWithPerturbed_cnn1_seed42_itr20_sgd_itr1/63910122191521_cnn1_patch_1.0,14.0,14.0,3.0_ctag0__HyperAttackHints_VagharDeps_PertruebedIntervals_cTag1.txt","/root/Downloads/for_dana/vaghar_org/paper_experiments/mnist/cnn1_exp/patch/eps_1,14,14,3/advStd_cnn1_N1_model_seed42_itr20/63911914258309_n2_cnn1_patch_1.0,14.0,14.0,3.0_ctag0_model_seed42_itr20_sgd_itr1_N2_advStd_branchPri_boundTight_relaxT1.0_varHint_seed1_HyperAttackHints_VagharDeps_PerturbedIntervals_cTag1.txt"
cnn1,patch,"1,14,14,3",0,5,62.33,592.03,13.796666,13.907650,13.898676,14.037513,0.129863,no,bounds,no,yes,no,yes,lp,off,0,0,relax not activated,relax not activated,4,9.50x,,,,0.110984,0.138837,,OPTIMAL,"/root/Downloads/for_dana/vaghar_org/paper_experiments/mnist/cnn1_exp/patch/eps_1,14,14,3/vagharWithPerturbed_cnn1_seed42_itr20_sgd_itr1/63910122191521_cnn1_patch_1.0,14.0,14.0,3.0_ctag0__HyperAttackHints_VagharDeps_PertruebedIntervals_cTag1.txt","/root/Downloads/for_dana/vaghar_org/paper_experiments/mnist/cnn1_exp/patch/eps_1,14,14,3/advStd_cnn1_N1_model_seed42_itr20/63911995462952_n2_cnn1_patch_1.0,14.0,14.0,3.0_ctag0_model_seed42_itr20_sgd_itr1_N2_advStd_branchPri_boundTight_zonoBounds_n1ProbeLP_seed4_elimOrg0_elimPert0_HyperAttackHints_VagharDeps_PerturbedIntervals_cTag1.txt"
cnn1,patch,"1,14,14,3",0,5,62.33,597.07,13.796666,13.907650,13.898676,14.037513,0.129863,no,off,no,yes,no,no,off,off,elim not activated,elim not activated,relax not activated,relax not activated,4,9.58x,,,,0.110984,0.138837,,OPTIMAL,"/root/Downloads/for_dana/vaghar_org/paper_experiments/mnist/cnn1_exp/patch/eps_1,14,14,3/vagharWithPerturbed_cnn1_seed42_itr20_sgd_itr1/63910122191521_cnn1_patch_1.0,14.0,14.0,3.0_ctag0__HyperAttackHints_VagharDeps_PertruebedIntervals_cTag1.txt","/root/Downloads/for_dana/vaghar_org/paper_experiments/mnist/cnn1_exp/patch/eps_1,14,14,3/advStd_cnn1_N1_model_seed42_itr20/63911754322189_n2_cnn1_patch_1.0,14.0,14.0,3.0_ctag0_model_seed42_itr20_sgd_itr1_N2_advStd_boundTight_seed4_HyperAttackHints_VagharDeps_PerturbedIntervals_cTag1.txt"
cnn1,patch,"1,14,14,3",0,5,62.33,598.40,13.796666,13.907650,13.898676,14.037513,0.129863,no,off,no,yes,no,yes,lp,off,0,0,relax not activated,relax not activated,4,9.60x,,,,0.110984,0.138837,,OPTIMAL,"/root/Downloads/for_dana/vaghar_org/paper_experiments/mnist/cnn1_exp/patch/eps_1,14,14,3/vagharWithPerturbed_cnn1_seed42_itr20_sgd_itr1/63910122191521_cnn1_patch_1.0,14.0,14.0,3.0_ctag0__HyperAttackHints_VagharDeps_PertruebedIntervals_cTag1.txt","/root/Downloads/for_dana/vaghar_org/paper_experiments/mnist/cnn1_exp/patch/eps_1,14,14,3/advStd_cnn1_N1_model_seed42_itr20/63911962565016_n2_cnn1_patch_1.0,14.0,14.0,3.0_ctag0_model_seed42_itr20_sgd_itr1_N2_advStd_boundTight_zonoBounds_n1ProbeLP_seed4_elimOrg0_elimPert0_HyperAttackHints_VagharDeps_PerturbedIntervals_cTag1.txt"
cnn1,patch,"1,14,14,3",0,5,62.33,598.74,13.796666,13.907650,13.898676,14.037513,0.129863,no,bounds,no,no,no,no,off,off,elim not activated,elim not activated,relax not activated,relax not activated,4,9.61x,,,,0.110984,0.138837,,OPTIMAL,"/root/Downloads/for_dana/vaghar_org/paper_experiments/mnist/cnn1_exp/patch/eps_1,14,14,3/vagharWithPerturbed_cnn1_seed42_itr20_sgd_itr1/63910122191521_cnn1_patch_1.0,14.0,14.0,3.0_ctag0__HyperAttackHints_VagharDeps_PertruebedIntervals_cTag1.txt","/root/Downloads/for_dana/vaghar_org/paper_experiments/mnist/cnn1_exp/patch/eps_1,14,14,3/advStd_cnn1_N1_model_seed42_itr20/63911748662731_n2_cnn1_patch_1.0,14.0,14.0,3.0_ctag0_model_seed42_itr20_sgd_itr1_N2_advStd_branchPri_seed4_HyperAttackHints_VagharDeps_PerturbedIntervals_cTag1.txt"
cnn1,patch,"1,14,14,3",0,5,62.33,600.06,13.796666,13.907650,13.898676,14.037513,0.129863,no,off,no,yes,no,no,lp,off,0,0,relax not activated,relax not activated,4,9.63x,,,,0.110984,0.138837,,OPTIMAL,"/root/Downloads/for_dana/vaghar_org/paper_experiments/mnist/cnn1_exp/patch/eps_1,14,14,3/vagharWithPerturbed_cnn1_seed42_itr20_sgd_itr1/63910122191521_cnn1_patch_1.0,14.0,14.0,3.0_ctag0__HyperAttackHints_VagharDeps_PertruebedIntervals_cTag1.txt","/root/Downloads/for_dana/vaghar_org/paper_experiments/mnist/cnn1_exp/patch/eps_1,14,14,3/advStd_cnn1_N1_model_seed42_itr20/63911886012081_n2_cnn1_patch_1.0,14.0,14.0,3.0_ctag0_model_seed42_itr20_sgd_itr1_N2_advStd_boundTight_n1ProbeLP_seed4_elimOrg0_elimPert0_HyperAttackHints_VagharDeps_PerturbedIntervals_cTag1.txt"
cnn1,patch,"1,14,14,3",0,5,62.33,600.11,13.796666,13.907650,13.898676,14.037513,0.129863,no,bounds,no,yes,no,yes,off,off,elim not activated,elim not activated,relax not activated,relax not activated,4,9.63x,,,,0.110984,0.138837,,OPTIMAL,"/root/Downloads/for_dana/vaghar_org/paper_experiments/mnist/cnn1_exp/patch/eps_1,14,14,3/vagharWithPerturbed_cnn1_seed42_itr20_sgd_itr1/63910122191521_cnn1_patch_1.0,14.0,14.0,3.0_ctag0__HyperAttackHints_VagharDeps_PertruebedIntervals_cTag1.txt","/root/Downloads/for_dana/vaghar_org/paper_experiments/mnist/cnn1_exp/patch/eps_1,14,14,3/advStd_cnn1_N1_model_seed42_itr20/63911979398476_n2_cnn1_patch_1.0,14.0,14.0,3.0_ctag0_model_seed42_itr20_sgd_itr1_N2_advStd_branchPri_boundTight_zonoBounds_seed4_HyperAttackHints_VagharDeps_PerturbedIntervals_cTag1.txt"
cnn1,patch,"1,14,14,3",0,5,62.33,603.73,13.796666,13.907650,13.898676,14.037513,0.129863,no,bounds,no,yes,no,no,lp,off,0,0,relax not activated,relax not activated,4,9.69x,,,,0.110984,0.138837,,OPTIMAL,"/root/Downloads/for_dana/vaghar_org/paper_experiments/mnist/cnn1_exp/patch/eps_1,14,14,3/vagharWithPerturbed_cnn1_seed42_itr20_sgd_itr1/63910122191521_cnn1_patch_1.0,14.0,14.0,3.0_ctag0__HyperAttackHints_VagharDeps_PertruebedIntervals_cTag1.txt","/root/Downloads/for_dana/vaghar_org/paper_experiments/mnist/cnn1_exp/patch/eps_1,14,14,3/advStd_cnn1_N1_model_seed42_itr20/63911916820054_n2_cnn1_patch_1.0,14.0,14.0,3.0_ctag0_model_seed42_itr20_sgd_itr1_N2_advStd_branchPri_boundTight_n1ProbeLP_seed4_elimOrg0_elimPert0_HyperAttackHints_VagharDeps_PerturbedIntervals_cTag1.txt"
cnn1,patch,"1,14,14,3",0,5,62.33,605.24,13.796666,13.907650,13.898676,14.037513,0.129863,no,off,no,yes,no,yes,off,off,elim not activated,elim not activated,relax not activated,relax not activated,4,9.71x,,,,0.110984,0.138837,,OPTIMAL,"/root/Downloads/for_dana/vaghar_org/paper_experiments/mnist/cnn1_exp/patch/eps_1,14,14,3/vagharWithPerturbed_cnn1_seed42_itr20_sgd_itr1/63910122191521_cnn1_patch_1.0,14.0,14.0,3.0_ctag0__HyperAttackHints_VagharDeps_PertruebedIntervals_cTag1.txt","/root/Downloads/for_dana/vaghar_org/paper_experiments/mnist/cnn1_exp/patch/eps_1,14,14,3/advStd_cnn1_N1_model_seed42_itr20/63911946574049_n2_cnn1_patch_1.0,14.0,14.0,3.0_ctag0_model_seed42_itr20_sgd_itr1_N2_advStd_boundTight_zonoBounds_seed4_HyperAttackHints_VagharDeps_PerturbedIntervals_cTag1.txt"
cnn1,patch,"1,14,14,3",0,5,62.33,608.42,13.796666,13.907650,13.898676,14.037513,0.129863,no,bounds,no,yes,no,no,off,off,elim not activated,elim not activated,relax not activated,relax not activated,4,9.76x,,,,0.110984,0.138837,,OPTIMAL,"/root/Downloads/for_dana/vaghar_org/paper_experiments/mnist/cnn1_exp/patch/eps_1,14,14,3/vagharWithPerturbed_cnn1_seed42_itr20_sgd_itr1/63910122191521_cnn1_patch_1.0,14.0,14.0,3.0_ctag0__HyperAttackHints_VagharDeps_PertruebedIntervals_cTag1.txt","/root/Downloads/for_dana/vaghar_org/paper_experiments/mnist/cnn1_exp/patch/eps_1,14,14,3/advStd_cnn1_N1_model_seed42_itr20/63911746743362_n2_cnn1_patch_1.0,14.0,14.0,3.0_ctag0_model_seed42_itr20_sgd_itr1_N2_advStd_branchPri_boundTight_seed4_HyperAttackHints_VagharDeps_PerturbedIntervals_cTag1.txt"
cnn1,patch,"1,14,14,3",0,5,62.33,1271.37,13.796666,13.907650,11.177544,11.186360,-2.721290,yes,off,no,yes,no,no,off,off,elim not activated,elim not activated,relax not activated,relax not activated,0,20.40x,,,,0.110984,0.008816,,OPTIMAL,"/root/Downloads/for_dana/vaghar_org/paper_experiments/mnist/cnn1_exp/patch/eps_1,14,14,3/vagharWithPerturbed_cnn1_seed42_itr20_sgd_itr1/63910122191521_cnn1_patch_1.0,14.0,14.0,3.0_ctag0__HyperAttackHints_VagharDeps_PertruebedIntervals_cTag1.txt","/root/Downloads/for_dana/vaghar_org/paper_experiments/mnist/cnn1_exp/patch/eps_1,14,14,3/advStd_cnn1_N1_model_seed42_itr20/63911691602842_n2_cnn1_patch_1.0,14.0,14.0,3.0_ctag0_model_seed42_itr20_sgd_itr1_N2_advStd_mipStart_boundTight_VagharDeps_PerturbedIntervals_cTag1.txt"
cnn1,patch,"1,14,14,3",0,5,62.33,1292.76,13.796666,13.907650,13.898669,13.999467,0.091817,no,bounds,no,yes,no,no,off,off,elim not activated,elim not activated,relax not activated,relax not activated,1,20.74x,,,,0.110984,0.100798,,OPTIMAL,"/root/Downloads/for_dana/vaghar_org/paper_experiments/mnist/cnn1_exp/patch/eps_1,14,14,3/vagharWithPerturbed_cnn1_seed42_itr20_sgd_itr1/63910122191521_cnn1_patch_1.0,14.0,14.0,3.0_ctag0__HyperAttackHints_VagharDeps_PertruebedIntervals_cTag1.txt","/root/Downloads/for_dana/vaghar_org/paper_experiments/mnist/cnn1_exp/patch/eps_1,14,14,3/advStd_cnn1_N1_model_seed42_itr20/63911745565413_n2_cnn1_patch_1.0,14.0,14.0,3.0_ctag0_model_seed42_itr20_sgd_itr1_N2_advStd_branchPri_boundTight_seed1_HyperAttackHints_VagharDeps_PerturbedIntervals_cTag1.txt"
cnn1,patch,"1,14,14,3",0,5,62.33,1295.61,13.796666,13.907650,13.898669,13.999467,0.091817,no,bounds,no,yes,no,no,lp,off,0,0,relax not activated,relax not activated,1,20.79x,,,,0.110984,0.100798,,OPTIMAL,"/root/Downloads/for_dana/vaghar_org/paper_experiments/mnist/cnn1_exp/patch/eps_1,14,14,3/vagharWithPerturbed_cnn1_seed42_itr20_sgd_itr1/63910122191521_cnn1_patch_1.0,14.0,14.0,3.0_ctag0__HyperAttackHints_VagharDeps_PertruebedIntervals_cTag1.txt","/root/Downloads/for_dana/vaghar_org/paper_experiments/mnist/cnn1_exp/patch/eps_1,14,14,3/advStd_cnn1_N1_model_seed42_itr20/63911916340221_n2_cnn1_patch_1.0,14.0,14.0,3.0_ctag0_model_seed42_itr20_sgd_itr1_N2_advStd_branchPri_boundTight_n1ProbeLP_seed1_elimOrg0_elimPert0_HyperAttackHints_VagharDeps_PerturbedIntervals_cTag1.txt"
cnn1,patch,"1,14,14,3",0,5,62.33,1298.92,13.796666,13.907650,13.898669,13.999467,0.091817,no,bounds,no,yes,no,yes,lp,off,0,0,relax not activated,relax not activated,1,20.84x,,,,0.110984,0.100798,,OPTIMAL,"/root/Downloads/for_dana/vaghar_org/paper_experiments/mnist/cnn1_exp/patch/eps_1,14,14,3/vagharWithPerturbed_cnn1_seed42_itr20_sgd_itr1/63910122191521_cnn1_patch_1.0,14.0,14.0,3.0_ctag0__HyperAttackHints_VagharDeps_PertruebedIntervals_cTag1.txt","/root/Downloads/for_dana/vaghar_org/paper_experiments/mnist/cnn1_exp/patch/eps_1,14,14,3/advStd_cnn1_N1_model_seed42_itr20/63911995257522_n2_cnn1_patch_1.0,14.0,14.0,3.0_ctag0_model_seed42_itr20_sgd_itr1_N2_advStd_branchPri_boundTight_zonoBounds_n1ProbeLP_seed1_elimOrg0_elimPert0_HyperAttackHints_VagharDeps_PerturbedIntervals_cTag1.txt"
cnn1,patch,"1,14,14,3",0,5,62.33,1302.40,13.796666,13.907650,13.898669,13.999467,0.091817,no,off,no,yes,no,yes,off,off,elim not activated,elim not activated,relax not activated,relax not activated,1,20.90x,,,,0.110984,0.100798,,OPTIMAL,"/root/Downloads/for_dana/vaghar_org/paper_experiments/mnist/cnn1_exp/patch/eps_1,14,14,3/vagharWithPerturbed_cnn1_seed42_itr20_sgd_itr1/63910122191521_cnn1_patch_1.0,14.0,14.0,3.0_ctag0__HyperAttackHints_VagharDeps_PertruebedIntervals_cTag1.txt","/root/Downloads/for_dana/vaghar_org/paper_experiments/mnist/cnn1_exp/patch/eps_1,14,14,3/advStd_cnn1_N1_model_seed42_itr20/63911946565135_n2_cnn1_patch_1.0,14.0,14.0,3.0_ctag0_model_seed42_itr20_sgd_itr1_N2_advStd_boundTight_zonoBounds_seed1_HyperAttackHints_VagharDeps_PerturbedIntervals_cTag1.txt"
cnn1,patch,"1,14,14,3",0,5,62.33,1303.94,13.796666,13.907650,13.898669,13.999467,0.091817,no,off,no,yes,no,no,lp,off,0,0,relax not activated,relax not activated,1,20.92x,,,,0.110984,0.100798,,OPTIMAL,"/root/Downloads/for_dana/vaghar_org/paper_experiments/mnist/cnn1_exp/patch/eps_1,14,14,3/vagharWithPerturbed_cnn1_seed42_itr20_sgd_itr1/63910122191521_cnn1_patch_1.0,14.0,14.0,3.0_ctag0__HyperAttackHints_VagharDeps_PertruebedIntervals_cTag1.txt","/root/Downloads/for_dana/vaghar_org/paper_experiments/mnist/cnn1_exp/patch/eps_1,14,14,3/advStd_cnn1_N1_model_seed42_itr20/63911885575586_n2_cnn1_patch_1.0,14.0,14.0,3.0_ctag0_model_seed42_itr20_sgd_itr1_N2_advStd_boundTight_n1ProbeLP_seed1_elimOrg0_elimPert0_HyperAttackHints_VagharDeps_PerturbedIntervals_cTag1.txt"
cnn1,patch,"1,14,14,3",0,5,62.33,1305.23,13.796666,13.907650,13.898669,13.999467,0.091817,no,bounds,no,yes,no,yes,off,off,elim not activated,elim not activated,relax not activated,relax not activated,1,20.94x,,,,0.110984,0.100798,,OPTIMAL,"/root/Downloads/for_dana/vaghar_org/paper_experiments/mnist/cnn1_exp/patch/eps_1,14,14,3/vagharWithPerturbed_cnn1_seed42_itr20_sgd_itr1/63910122191521_cnn1_patch_1.0,14.0,14.0,3.0_ctag0__HyperAttackHints_VagharDeps_PertruebedIntervals_cTag1.txt","/root/Downloads/for_dana/vaghar_org/paper_experiments/mnist/cnn1_exp/patch/eps_1,14,14,3/advStd_cnn1_N1_model_seed42_itr20/63911979386368_n2_cnn1_patch_1.0,14.0,14.0,3.0_ctag0_model_seed42_itr20_sgd_itr1_N2_advStd_branchPri_boundTight_zonoBounds_seed1_HyperAttackHints_VagharDeps_PerturbedIntervals_cTag1.txt"
cnn1,patch,"1,14,14,3",0,5,62.33,1305.71,13.796666,13.907650,13.898669,13.999467,0.091817,no,off,no,yes,no,yes,lp,off,0,0,relax not activated,relax not activated,1,20.95x,,,,0.110984,0.100798,,OPTIMAL,"/root/Downloads/for_dana/vaghar_org/paper_experiments/mnist/cnn1_exp/patch/eps_1,14,14,3/vagharWithPerturbed_cnn1_seed42_itr20_sgd_itr1/63910122191521_cnn1_patch_1.0,14.0,14.0,3.0_ctag0__HyperAttackHints_VagharDeps_PertruebedIntervals_cTag1.txt","/root/Downloads/for_dana/vaghar_org/paper_experiments/mnist/cnn1_exp/patch/eps_1,14,14,3/advStd_cnn1_N1_model_seed42_itr20/63911962323128_n2_cnn1_patch_1.0,14.0,14.0,3.0_ctag0_model_seed42_itr20_sgd_itr1_N2_advStd_boundTight_zonoBounds_n1ProbeLP_seed1_elimOrg0_elimPert0_HyperAttackHints_VagharDeps_PerturbedIntervals_cTag1.txt"
cnn1,patch,"1,14,14,3",0,5,62.33,1332.07,13.796666,13.907650,13.898669,13.999467,0.091817,no,bounds,no,no,no,no,off,off,elim not activated,elim not activated,relax not activated,relax not activated,1,21.37x,,,,0.110984,0.100798,,OPTIMAL,"/root/Downloads/for_dana/vaghar_org/paper_experiments/mnist/cnn1_exp/patch/eps_1,14,14,3/vagharWithPerturbed_cnn1_seed42_itr20_sgd_itr1/63910122191521_cnn1_patch_1.0,14.0,14.0,3.0_ctag0__HyperAttackHints_VagharDeps_PertruebedIntervals_cTag1.txt","/root/Downloads/for_dana/vaghar_org/paper_experiments/mnist/cnn1_exp/patch/eps_1,14,14,3/advStd_cnn1_N1_model_seed42_itr20/63911746793944_n2_cnn1_patch_1.0,14.0,14.0,3.0_ctag0_model_seed42_itr20_sgd_itr1_N2_advStd_branchPri_seed1_HyperAttackHints_VagharDeps_PerturbedIntervals_cTag1.txt"
cnn1,patch,"1,14,14,3",0,5,62.33,1413.84,13.796666,13.907650,13.898669,13.999467,0.091817,no,off,no,yes,no,no,off,off,elim not activated,elim not activated,relax not activated,relax not activated,1,22.68x,,,,0.110984,0.100798,,OPTIMAL,"/root/Downloads/for_dana/vaghar_org/paper_experiments/mnist/cnn1_exp/patch/eps_1,14,14,3/vagharWithPerturbed_cnn1_seed42_itr20_sgd_itr1/63910122191521_cnn1_patch_1.0,14.0,14.0,3.0_ctag0__HyperAttackHints_VagharDeps_PertruebedIntervals_cTag1.txt","/root/Downloads/for_dana/vaghar_org/paper_experiments/mnist/cnn1_exp/patch/eps_1,14,14,3/advStd_cnn1_N1_model_seed42_itr20/63911752666432_n2_cnn1_patch_1.0,14.0,14.0,3.0_ctag0_model_seed42_itr20_sgd_itr1_N2_advStd_boundTight_seed1_HyperAttackHints_VagharDeps_PerturbedIntervals_cTag1.txt"
,,,,,,,,,,,,,,,,,,,,,,,,,,,,,,,,,,
cnn1,rotation,10,0,3,251.66,379.97,53.978746,54.514462,53.846330,54.353378,-0.161084,no,off,no,yes,no,yes,lp,0.1,0,0,1,26,4,1.51x,0.00,379.97,1.51x,0.535716,0.507048,OPTIMAL,OPTIMAL,/root/Downloads/for_dana/vaghar_org/paper_experiments/mnist/cnn1_exp/rotation/eps_10/vagharWithPerturbed_cnn1_model_seed42_itr20_sgd_itr1/63912117949536_cnn1_rotation_10.0_ctag0__HyperAttackHints_VagharDeps_PertruebedIntervals_cTag1.txt,/root/Downloads/for_dana/vaghar_org/paper_experiments/mnist/cnn1_exp/rotation/eps_10/advStd_cnn1_N1_model_seed42_itr20/63912239268966_n2_cnn1_rotation_10.0_ctag0_model_seed42_itr20_sgd_itr1_N2_advStd_boundTight_zonoBounds_n1ProbeLP_relaxT0.1_seed4_elimOrg0_elimPert0_HyperAttackHints_VagharDeps_PerturbedIntervals_cTag1.txt
cnn1,rotation,10,0,3,251.66,413.15,53.978746,54.514462,53.944844,54.475986,-0.038476,no,off,no,yes,no,yes,off,0.1,elim not activated,elim not activated,1,26,4,1.64x,0.00,413.15,1.64x,0.535716,0.531142,OPTIMAL,OPTIMAL,/root/Downloads/for_dana/vaghar_org/paper_experiments/mnist/cnn1_exp/rotation/eps_10/vagharWithPerturbed_cnn1_model_seed42_itr20_sgd_itr1/63912117949536_cnn1_rotation_10.0_ctag0__HyperAttackHints_VagharDeps_PertruebedIntervals_cTag1.txt,/root/Downloads/for_dana/vaghar_org/paper_experiments/mnist/cnn1_exp/rotation/eps_10/advStd_cnn1_N1_model_seed42_itr20/63912232794874_n2_cnn1_rotation_10.0_ctag0_model_seed42_itr20_sgd_itr1_N2_advStd_boundTight_zonoBounds_relaxT0.1_seed4_HyperAttackHints_VagharDeps_PerturbedIntervals_cTag1.txt
cnn1,rotation,10,0,3,251.66,444.22,53.978746,54.514462,53.846330,54.353378,-0.161084,no,off,no,yes,no,no,lp,0.1,0,0,1,26,4,1.77x,0.00,444.22,1.77x,0.535716,0.507048,OPTIMAL,OPTIMAL,/root/Downloads/for_dana/vaghar_org/paper_experiments/mnist/cnn1_exp/rotation/eps_10/vagharWithPerturbed_cnn1_model_seed42_itr20_sgd_itr1/63912117949536_cnn1_rotation_10.0_ctag0__HyperAttackHints_VagharDeps_PertruebedIntervals_cTag1.txt,/root/Downloads/for_dana/vaghar_org/paper_experiments/mnist/cnn1_exp/rotation/eps_10/advStd_cnn1_N1_model_seed42_itr20/63912238627072_n2_cnn1_rotation_10.0_ctag0_model_seed42_itr20_sgd_itr1_N2_advStd_boundTight_n1ProbeLP_relaxT0.1_seed4_elimOrg0_elimPert0_HyperAttackHints_VagharDeps_PerturbedIntervals_cTag1.txt
cnn1,rotation,10,0,3,251.66,504.23,53.978746,54.514462,54.057702,54.596611,0.082150,no,off,no,yes,yes,no,lp,0.1,0,0,1,26,4,2.00x,0.00,504.23,2.00x,0.535716,0.538910,OPTIMAL,OPTIMAL,/root/Downloads/for_dana/vaghar_org/paper_experiments/mnist/cnn1_exp/rotation/eps_10/vagharWithPerturbed_cnn1_model_seed42_itr20_sgd_itr1/63912117949536_cnn1_rotation_10.0_ctag0__HyperAttackHints_VagharDeps_PertruebedIntervals_cTag1.txt,/root/Downloads/for_dana/vaghar_org/paper_experiments/mnist/cnn1_exp/rotation/eps_10/advStd_cnn1_N1_model_seed42_itr20/63912233161077_n2_cnn1_rotation_10.0_ctag0_model_seed42_itr20_sgd_itr1_N2_advStd_boundTight_n1ProbeLP_relaxT0.1_varHint_seed4_elimOrg0_elimPert0_HyperAttackHints_VagharDeps_PerturbedIntervals_cTag1.txt
cnn1,rotation,10,0,3,251.66,517.85,53.978746,54.514462,54.057702,54.596611,0.082150,no,off,no,yes,yes,yes,lp,0.1,0,0,1,26,4,2.06x,0.00,517.85,2.06x,0.535716,0.538910,OPTIMAL,OPTIMAL,/root/Downloads/for_dana/vaghar_org/paper_experiments/mnist/cnn1_exp/rotation/eps_10/vagharWithPerturbed_cnn1_model_seed42_itr20_sgd_itr1/63912117949536_cnn1_rotation_10.0_ctag0__HyperAttackHints_VagharDeps_PertruebedIntervals_cTag1.txt,/root/Downloads/for_dana/vaghar_org/paper_experiments/mnist/cnn1_exp/rotation/eps_10/advStd_cnn1_N1_model_seed42_itr20/63912233059599_n2_cnn1_rotation_10.0_ctag0_model_seed42_itr20_sgd_itr1_N2_advStd_boundTight_zonoBounds_n1ProbeLP_relaxT0.1_varHint_seed4_elimOrg0_elimPert0_HyperAttackHints_VagharDeps_PerturbedIntervals_cTag1.txt
cnn1,rotation,10,0,3,251.66,556.71,53.978746,54.514462,54.057702,54.596611,0.082150,no,off,no,yes,yes,no,off,0.1,elim not activated,elim not activated,1,26,4,2.21x,0.00,556.71,2.21x,0.535716,0.538910,OPTIMAL,OPTIMAL,/root/Downloads/for_dana/vaghar_org/paper_experiments/mnist/cnn1_exp/rotation/eps_10/vagharWithPerturbed_cnn1_model_seed42_itr20_sgd_itr1/63912117949536_cnn1_rotation_10.0_ctag0__HyperAttackHints_VagharDeps_PertruebedIntervals_cTag1.txt,/root/Downloads/for_dana/vaghar_org/paper_experiments/mnist/cnn1_exp/rotation/eps_10/advStd_cnn1_N1_model_seed42_itr20/63912232401963_n2_cnn1_rotation_10.0_ctag0_model_seed42_itr20_sgd_itr1_N2_advStd_boundTight_relaxT0.1_varHint_seed4_HyperAttackHints_VagharDeps_PerturbedIntervals_cTag1.txt
cnn1,rotation,10,0,3,251.66,649.05,53.978746,54.514462,53.846330,54.353378,-0.161084,no,off,no,yes,no,no,off,0.1,elim not activated,elim not activated,1,26,4,2.58x,0.00,649.05,2.58x,0.535716,0.507048,OPTIMAL,OPTIMAL,/root/Downloads/for_dana/vaghar_org/paper_experiments/mnist/cnn1_exp/rotation/eps_10/vagharWithPerturbed_cnn1_model_seed42_itr20_sgd_itr1/63912117949536_cnn1_rotation_10.0_ctag0__HyperAttackHints_VagharDeps_PertruebedIntervals_cTag1.txt,/root/Downloads/for_dana/vaghar_org/paper_experiments/mnist/cnn1_exp/rotation/eps_10/advStd_cnn1_N1_model_seed42_itr20/63912237919757_n2_cnn1_rotation_10.0_ctag0_model_seed42_itr20_sgd_itr1_N2_advStd_boundTight_relaxT0.1_seed4_HyperAttackHints_VagharDeps_PerturbedIntervals_cTag1.txt
cnn1,rotation,10,0,3,251.66,671.29,53.978746,54.514462,54.080803,54.570391,0.055930,no,off,no,yes,yes,yes,off,0.1,elim not activated,elim not activated,1,26,4,2.67x,0.00,671.29,2.67x,0.535716,0.489589,OPTIMAL,OPTIMAL,/root/Downloads/for_dana/vaghar_org/paper_experiments/mnist/cnn1_exp/rotation/eps_10/vagharWithPerturbed_cnn1_model_seed42_itr20_sgd_itr1/63912117949536_cnn1_rotation_10.0_ctag0__HyperAttackHints_VagharDeps_PertruebedIntervals_cTag1.txt,/root/Downloads/for_dana/vaghar_org/paper_experiments/mnist/cnn1_exp/rotation/eps_10/advStd_cnn1_N1_model_seed42_itr20/63912238787848_n2_cnn1_rotation_10.0_ctag0_model_seed42_itr20_sgd_itr1_N2_advStd_boundTight_zonoBounds_relaxT0.1_varHint_seed4_HyperAttackHints_VagharDeps_PerturbedIntervals_cTag1.txt
cnn1,rotation,10,0,3,251.66,1836.67,53.978746,54.514462,53.914397,55.584378,1.069916,no,bounds,no,yes,no,yes,off,0.1,elim not activated,elim not activated,1,26,4,7.30x,0.00,1836.67,7.30x,0.535716,1.669981,OPTIMAL,TIME_LIMIT,/root/Downloads/for_dana/vaghar_org/paper_experiments/mnist/cnn1_exp/rotation/eps_10/vagharWithPerturbed_cnn1_model_seed42_itr20_sgd_itr1/63912117949536_cnn1_rotation_10.0_ctag0__HyperAttackHints_VagharDeps_PertruebedIntervals_cTag1.txt,/root/Downloads/for_dana/vaghar_org/paper_experiments/mnist/cnn1_exp/rotation/eps_10/advStd_cnn1_N1_model_seed42_itr20/63912237645798_n2_cnn1_rotation_10.0_ctag0_model_seed42_itr20_sgd_itr1_N2_advStd_branchPri_boundTight_zonoBounds_relaxT0.1_seed4_HyperAttackHints_VagharDeps_PerturbedIntervals_cTag1.txt
cnn1,rotation,10,0,3,251.66,1838.48,53.978746,54.514462,53.914397,55.768540,1.254078,no,bounds,no,yes,no,no,lp,0.1,0,0,1,26,4,7.31x,0.00,1838.48,7.31x,0.535716,1.854143,OPTIMAL,TIME_LIMIT,/root/Downloads/for_dana/vaghar_org/paper_experiments/mnist/cnn1_exp/rotation/eps_10/vagharWithPerturbed_cnn1_model_seed42_itr20_sgd_itr1/63912117949536_cnn1_rotation_10.0_ctag0__HyperAttackHints_VagharDeps_PertruebedIntervals_cTag1.txt,/root/Downloads/for_dana/vaghar_org/paper_experiments/mnist/cnn1_exp/rotation/eps_10/advStd_cnn1_N1_model_seed42_itr20/63912237379475_n2_cnn1_rotation_10.0_ctag0_model_seed42_itr20_sgd_itr1_N2_advStd_branchPri_boundTight_n1ProbeLP_relaxT0.1_seed4_elimOrg0_elimPert0_HyperAttackHints_VagharDeps_PerturbedIntervals_cTag1.txt
cnn1,rotation,10,0,3,251.66,1849.67,53.978746,54.514462,54.095958,58.482861,3.968399,no,bounds,no,yes,yes,no,lp,0.1,0,0,1,26,4,7.35x,0.00,1849.67,7.35x,0.535716,4.386903,OPTIMAL,TIME_LIMIT,/root/Downloads/for_dana/vaghar_org/paper_experiments/mnist/cnn1_exp/rotation/eps_10/vagharWithPerturbed_cnn1_model_seed42_itr20_sgd_itr1/63912117949536_cnn1_rotation_10.0_ctag0__HyperAttackHints_VagharDeps_PertruebedIntervals_cTag1.txt,/root/Downloads/for_dana/vaghar_org/paper_experiments/mnist/cnn1_exp/rotation/eps_10/advStd_cnn1_N1_model_seed42_itr20/63912237447818_n2_cnn1_rotation_10.0_ctag0_model_seed42_itr20_sgd_itr1_N2_advStd_branchPri_boundTight_n1ProbeLP_relaxT0.1_varHint_seed4_elimOrg0_elimPert0_HyperAttackHints_VagharDeps_PerturbedIntervals_cTag1.txt
,,,,,,,,,,,,,,,,,,,,,,,,,,,,,,,,,,
cnn1,rotation,10,0,5,427.66,437.45,53.843760,54.373655,53.820779,54.342926,-0.030730,no,off,no,yes,no,no,off,0.1,elim not activated,elim not activated,1,26,4,1.02x,0.00,437.45,1.02x,0.529895,0.522146,OPTIMAL,OPTIMAL,/root/Downloads/for_dana/vaghar_org/paper_experiments/mnist/cnn1_exp/rotation/eps_10/vagharWithPerturbed_cnn1_model_seed42_itr20_sgd_itr1/63912117949536_cnn1_rotation_10.0_ctag0__HyperAttackHints_VagharDeps_PertruebedIntervals_cTag1.txt,/root/Downloads/for_dana/vaghar_org/paper_experiments/mnist/cnn1_exp/rotation/eps_10/advStd_cnn1_N1_model_seed42_itr20/63912237919757_n2_cnn1_rotation_10.0_ctag0_model_seed42_itr20_sgd_itr1_N2_advStd_boundTight_relaxT0.1_seed4_HyperAttackHints_VagharDeps_PerturbedIntervals_cTag1.txt
cnn1,rotation,10,0,5,427.66,446.05,53.843760,54.373655,53.976652,54.480534,0.106879,no,off,no,yes,no,no,lp,0.1,0,0,1,26,4,1.04x,0.00,446.05,1.04x,0.529895,0.503882,OPTIMAL,OPTIMAL,/root/Downloads/for_dana/vaghar_org/paper_experiments/mnist/cnn1_exp/rotation/eps_10/vagharWithPerturbed_cnn1_model_seed42_itr20_sgd_itr1/63912117949536_cnn1_rotation_10.0_ctag0__HyperAttackHints_VagharDeps_PertruebedIntervals_cTag1.txt,/root/Downloads/for_dana/vaghar_org/paper_experiments/mnist/cnn1_exp/rotation/eps_10/advStd_cnn1_N1_model_seed42_itr20/63912238627072_n2_cnn1_rotation_10.0_ctag0_model_seed42_itr20_sgd_itr1_N2_advStd_boundTight_n1ProbeLP_relaxT0.1_seed4_elimOrg0_elimPert0_HyperAttackHints_VagharDeps_PerturbedIntervals_cTag1.txt
cnn1,rotation,10,0,5,427.66,448.38,53.843760,54.373655,53.976652,54.480534,0.106879,no,off,no,yes,no,yes,lp,0.1,0,0,1,26,4,1.05x,0.00,448.38,1.05x,0.529895,0.503882,OPTIMAL,OPTIMAL,/root/Downloads/for_dana/vaghar_org/paper_experiments/mnist/cnn1_exp/rotation/eps_10/vagharWithPerturbed_cnn1_model_seed42_itr20_sgd_itr1/63912117949536_cnn1_rotation_10.0_ctag0__HyperAttackHints_VagharDeps_PertruebedIntervals_cTag1.txt,/root/Downloads/for_dana/vaghar_org/paper_experiments/mnist/cnn1_exp/rotation/eps_10/advStd_cnn1_N1_model_seed42_itr20/63912239268966_n2_cnn1_rotation_10.0_ctag0_model_seed42_itr20_sgd_itr1_N2_advStd_boundTight_zonoBounds_n1ProbeLP_relaxT0.1_seed4_elimOrg0_elimPert0_HyperAttackHints_VagharDeps_PerturbedIntervals_cTag1.txt
cnn1,rotation,10,0,5,427.66,468.25,53.843760,54.373655,53.820779,54.342926,-0.030730,no,off,no,yes,no,yes,off,0.1,elim not activated,elim not activated,1,26,4,1.09x,0.00,468.25,1.09x,0.529895,0.522146,OPTIMAL,OPTIMAL,/root/Downloads/for_dana/vaghar_org/paper_experiments/mnist/cnn1_exp/rotation/eps_10/vagharWithPerturbed_cnn1_model_seed42_itr20_sgd_itr1/63912117949536_cnn1_rotation_10.0_ctag0__HyperAttackHints_VagharDeps_PertruebedIntervals_cTag1.txt,/root/Downloads/for_dana/vaghar_org/paper_experiments/mnist/cnn1_exp/rotation/eps_10/advStd_cnn1_N1_model_seed42_itr20/63912232794874_n2_cnn1_rotation_10.0_ctag0_model_seed42_itr20_sgd_itr1_N2_advStd_boundTight_zonoBounds_relaxT0.1_seed4_HyperAttackHints_VagharDeps_PerturbedIntervals_cTag1.txt
cnn1,rotation,10,0,5,427.66,465.82,53.843760,54.373655,54.047265,54.558216,0.184561,no,off,no,yes,yes,yes,lp,0.1,0,0,1,26,4,1.09x,0.00,465.82,1.09x,0.529895,0.510951,OPTIMAL,OPTIMAL,/root/Downloads/for_dana/vaghar_org/paper_experiments/mnist/cnn1_exp/rotation/eps_10/vagharWithPerturbed_cnn1_model_seed42_itr20_sgd_itr1/63912117949536_cnn1_rotation_10.0_ctag0__HyperAttackHints_VagharDeps_PertruebedIntervals_cTag1.txt,/root/Downloads/for_dana/vaghar_org/paper_experiments/mnist/cnn1_exp/rotation/eps_10/advStd_cnn1_N1_model_seed42_itr20/63912233059599_n2_cnn1_rotation_10.0_ctag0_model_seed42_itr20_sgd_itr1_N2_advStd_boundTight_zonoBounds_n1ProbeLP_relaxT0.1_varHint_seed4_elimOrg0_elimPert0_HyperAttackHints_VagharDeps_PerturbedIntervals_cTag1.txt
cnn1,rotation,10,0,5,427.66,478.98,53.843760,54.373655,54.047265,54.558216,0.184561,no,off,no,yes,yes,no,off,0.1,elim not activated,elim not activated,1,26,4,1.12x,0.00,478.98,1.12x,0.529895,0.510951,OPTIMAL,OPTIMAL,/root/Downloads/for_dana/vaghar_org/paper_experiments/mnist/cnn1_exp/rotation/eps_10/vagharWithPerturbed_cnn1_model_seed42_itr20_sgd_itr1/63912117949536_cnn1_rotation_10.0_ctag0__HyperAttackHints_VagharDeps_PertruebedIntervals_cTag1.txt,/root/Downloads/for_dana/vaghar_org/paper_experiments/mnist/cnn1_exp/rotation/eps_10/advStd_cnn1_N1_model_seed42_itr20/63912232401963_n2_cnn1_rotation_10.0_ctag0_model_seed42_itr20_sgd_itr1_N2_advStd_boundTight_relaxT0.1_varHint_seed4_HyperAttackHints_VagharDeps_PerturbedIntervals_cTag1.txt
cnn1,rotation,10,0,5,427.66,477.56,53.843760,54.373655,54.047265,54.558216,0.184561,no,off,no,yes,yes,no,lp,0.1,0,0,1,26,4,1.12x,0.00,477.56,1.12x,0.529895,0.510951,OPTIMAL,OPTIMAL,/root/Downloads/for_dana/vaghar_org/paper_experiments/mnist/cnn1_exp/rotation/eps_10/vagharWithPerturbed_cnn1_model_seed42_itr20_sgd_itr1/63912117949536_cnn1_rotation_10.0_ctag0__HyperAttackHints_VagharDeps_PertruebedIntervals_cTag1.txt,/root/Downloads/for_dana/vaghar_org/paper_experiments/mnist/cnn1_exp/rotation/eps_10/advStd_cnn1_N1_model_seed42_itr20/63912233161077_n2_cnn1_rotation_10.0_ctag0_model_seed42_itr20_sgd_itr1_N2_advStd_boundTight_n1ProbeLP_relaxT0.1_varHint_seed4_elimOrg0_elimPert0_HyperAttackHints_VagharDeps_PerturbedIntervals_cTag1.txt
cnn1,rotation,10,0,5,427.66,560.90,53.843760,54.373655,54.047265,54.558216,0.184561,no,off,no,yes,yes,yes,off,0.1,elim not activated,elim not activated,1,26,4,1.31x,0.00,560.90,1.31x,0.529895,0.510951,OPTIMAL,OPTIMAL,/root/Downloads/for_dana/vaghar_org/paper_experiments/mnist/cnn1_exp/rotation/eps_10/vagharWithPerturbed_cnn1_model_seed42_itr20_sgd_itr1/63912117949536_cnn1_rotation_10.0_ctag0__HyperAttackHints_VagharDeps_PertruebedIntervals_cTag1.txt,/root/Downloads/for_dana/vaghar_org/paper_experiments/mnist/cnn1_exp/rotation/eps_10/advStd_cnn1_N1_model_seed42_itr20/63912238787848_n2_cnn1_rotation_10.0_ctag0_model_seed42_itr20_sgd_itr1_N2_advStd_boundTight_zonoBounds_relaxT0.1_varHint_seed4_HyperAttackHints_VagharDeps_PerturbedIntervals_cTag1.txt
cnn1,rotation,10,0,5,427.66,1836.45,53.843760,54.373655,53.913871,55.211638,0.837983,no,bounds,no,yes,no,yes,off,0.1,elim not activated,elim not activated,1,26,4,4.29x,0.00,1836.45,4.29x,0.529895,1.297768,OPTIMAL,TIME_LIMIT,/root/Downloads/for_dana/vaghar_org/paper_experiments/mnist/cnn1_exp/rotation/eps_10/vagharWithPerturbed_cnn1_model_seed42_itr20_sgd_itr1/63912117949536_cnn1_rotation_10.0_ctag0__HyperAttackHints_VagharDeps_PertruebedIntervals_cTag1.txt,/root/Downloads/for_dana/vaghar_org/paper_experiments/mnist/cnn1_exp/rotation/eps_10/advStd_cnn1_N1_model_seed42_itr20/63912237645798_n2_cnn1_rotation_10.0_ctag0_model_seed42_itr20_sgd_itr1_N2_advStd_branchPri_boundTight_zonoBounds_relaxT0.1_seed4_HyperAttackHints_VagharDeps_PerturbedIntervals_cTag1.txt
cnn1,rotation,10,0,5,427.66,1841.37,53.843760,54.373655,53.913871,55.450179,1.076524,no,bounds,no,yes,no,no,lp,0.1,0,0,1,26,4,4.31x,0.00,1841.37,4.31x,0.529895,1.536308,OPTIMAL,TIME_LIMIT,/root/Downloads/for_dana/vaghar_org/paper_experiments/mnist/cnn1_exp/rotation/eps_10/vagharWithPerturbed_cnn1_model_seed42_itr20_sgd_itr1/63912117949536_cnn1_rotation_10.0_ctag0__HyperAttackHints_VagharDeps_PertruebedIntervals_cTag1.txt,/root/Downloads/for_dana/vaghar_org/paper_experiments/mnist/cnn1_exp/rotation/eps_10/advStd_cnn1_N1_model_seed42_itr20/63912237379475_n2_cnn1_rotation_10.0_ctag0_model_seed42_itr20_sgd_itr1_N2_advStd_branchPri_boundTight_n1ProbeLP_relaxT0.1_seed4_elimOrg0_elimPert0_HyperAttackHints_VagharDeps_PerturbedIntervals_cTag1.txt
cnn1,rotation,10,0,5,427.66,1850.68,53.843760,54.373655,54.114553,56.369349,1.995694,no,bounds,no,yes,yes,no,lp,0.1,0,0,1,26,4,4.33x,0.00,1850.68,4.33x,0.529895,2.254796,OPTIMAL,TIME_LIMIT,/root/Downloads/for_dana/vaghar_org/paper_experiments/mnist/cnn1_exp/rotation/eps_10/vagharWithPerturbed_cnn1_model_seed42_itr20_sgd_itr1/63912117949536_cnn1_rotation_10.0_ctag0__HyperAttackHints_VagharDeps_PertruebedIntervals_cTag1.txt,/root/Downloads/for_dana/vaghar_org/paper_experiments/mnist/cnn1_exp/rotation/eps_10/advStd_cnn1_N1_model_seed42_itr20/63912237447818_n2_cnn1_rotation_10.0_ctag0_model_seed42_itr20_sgd_itr1_N2_advStd_branchPri_boundTight_n1ProbeLP_relaxT0.1_varHint_seed4_elimOrg0_elimPert0_HyperAttackHints_VagharDeps_PerturbedIntervals_cTag1.txt
,,,,,,,,,,,,,,,,,,,,,,,,,,,,,,,,,,
cnn1,translation,"1,1",0,3,344.88,351.39,54.002731,54.540085,53.846544,54.361966,-0.178119,no,off,no,yes,no,no,lp,0.1,0,1,1,26,4,1.02x,24.66,376.05,1.09x,0.537354,0.515421,,OPTIMAL,"/root/Downloads/for_dana/vaghar_org/paper_experiments/mnist/cnn1_exp/translation/eps_1,1/vagharWithPerturbed_cnn1_seed42_itr20_sgd_itr1/63910121401048_cnn1_translation_1.0,1.0_ctag0__HyperAttackHints_VagharDeps_PertruebedIntervals_cTag1.txt","/root/Downloads/for_dana/vaghar_org/paper_experiments/mnist/cnn1_exp/translation/eps_1,1/advStd_cnn1_N1_model_seed42_itr20/63912155683602_n2_cnn1_translation_1.0,1.0_ctag0_model_seed42_itr20_sgd_itr1_N2_advStd_boundTight_n1ProbeLP_relaxT0.1_seed4_elimOrg0_elimPert1_HyperAttackHints_VagharDeps_PerturbedIntervals_cTag1.txt"
cnn1,translation,"1,1",0,3,344.88,353.19,54.002731,54.540085,53.942400,54.445509,-0.094577,no,bounds,no,yes,no,no,off,0.1,elim not activated,elim not activated,1,26,4,1.02x,0.00,353.19,1.02x,0.537354,0.503108,,OPTIMAL,"/root/Downloads/for_dana/vaghar_org/paper_experiments/mnist/cnn1_exp/translation/eps_1,1/vagharWithPerturbed_cnn1_seed42_itr20_sgd_itr1/63910121401048_cnn1_translation_1.0,1.0_ctag0__HyperAttackHints_VagharDeps_PertruebedIntervals_cTag1.txt","/root/Downloads/for_dana/vaghar_org/paper_experiments/mnist/cnn1_exp/translation/eps_1,1/advStd_cnn1_N1_model_seed42_itr20/63912159017857_n2_cnn1_translation_1.0,1.0_ctag0_model_seed42_itr20_sgd_itr1_N2_advStd_branchPri_boundTight_relaxT0.1_seed4_HyperAttackHints_VagharDeps_PerturbedIntervals_cTag1.txt"
cnn1,translation,"1,1",0,3,344.88,359.25,54.002731,54.540085,54.234416,54.769828,0.229743,no,off,no,yes,yes,yes,off,0.01,elim not activated,elim not activated,1,9,4,1.04x,0.00,359.25,1.04x,0.537354,0.535412,,OPTIMAL,"/root/Downloads/for_dana/vaghar_org/paper_experiments/mnist/cnn1_exp/translation/eps_1,1/vagharWithPerturbed_cnn1_seed42_itr20_sgd_itr1/63910121401048_cnn1_translation_1.0,1.0_ctag0__HyperAttackHints_VagharDeps_PertruebedIntervals_cTag1.txt","/root/Downloads/for_dana/vaghar_org/paper_experiments/mnist/cnn1_exp/translation/eps_1,1/advStd_cnn1_N1_model_seed42_itr20/63912157037213_n2_cnn1_translation_1.0,1.0_ctag0_model_seed42_itr20_sgd_itr1_N2_advStd_boundTight_zonoBounds_relaxT0.01_varHint_seed4_HyperAttackHints_VagharDeps_PerturbedIntervals_cTag1.txt"
cnn1,translation,"1,1",0,3,344.88,357.94,54.002731,54.540085,54.234416,54.769828,0.229743,no,off,no,yes,yes,yes,lp,0.01,0,1,1,9,4,1.04x,20.64,378.58,1.10x,0.537354,0.535412,,OPTIMAL,"/root/Downloads/for_dana/vaghar_org/paper_experiments/mnist/cnn1_exp/translation/eps_1,1/vagharWithPerturbed_cnn1_seed42_itr20_sgd_itr1/63910121401048_cnn1_translation_1.0,1.0_ctag0__HyperAttackHints_VagharDeps_PertruebedIntervals_cTag1.txt","/root/Downloads/for_dana/vaghar_org/paper_experiments/mnist/cnn1_exp/translation/eps_1,1/advStd_cnn1_N1_model_seed42_itr20/63912158671723_n2_cnn1_translation_1.0,1.0_ctag0_model_seed42_itr20_sgd_itr1_N2_advStd_boundTight_zonoBounds_n1ProbeLP_relaxT0.01_varHint_seed4_elimOrg0_elimPert1_HyperAttackHints_VagharDeps_PerturbedIntervals_cTag1.txt"
cnn1,translation,"1,1",0,3,344.88,363.57,54.002731,54.540085,53.846544,54.361966,-0.178119,no,off,no,yes,no,yes,lp,0.1,0,1,1,26,4,1.05x,23.89,387.45,1.12x,0.537354,0.515421,,OPTIMAL,"/root/Downloads/for_dana/vaghar_org/paper_experiments/mnist/cnn1_exp/translation/eps_1,1/vagharWithPerturbed_cnn1_seed42_itr20_sgd_itr1/63910121401048_cnn1_translation_1.0,1.0_ctag0__HyperAttackHints_VagharDeps_PertruebedIntervals_cTag1.txt","/root/Downloads/for_dana/vaghar_org/paper_experiments/mnist/cnn1_exp/translation/eps_1,1/advStd_cnn1_N1_model_seed42_itr20/63912158897252_n2_cnn1_translation_1.0,1.0_ctag0_model_seed42_itr20_sgd_itr1_N2_advStd_boundTight_zonoBounds_n1ProbeLP_relaxT0.1_seed4_elimOrg0_elimPert1_HyperAttackHints_VagharDeps_PerturbedIntervals_cTag1.txt"
cnn1,translation,"1,1",0,3,344.88,360.54,54.002731,54.540085,53.846544,54.361966,-0.178119,no,off,no,yes,no,yes,off,0.1,elim not activated,elim not activated,1,26,4,1.05x,0.00,360.54,1.05x,0.537354,0.515421,,OPTIMAL,"/root/Downloads/for_dana/vaghar_org/paper_experiments/mnist/cnn1_exp/translation/eps_1,1/vagharWithPerturbed_cnn1_seed42_itr20_sgd_itr1/63910121401048_cnn1_translation_1.0,1.0_ctag0__HyperAttackHints_VagharDeps_PertruebedIntervals_cTag1.txt","/root/Downloads/for_dana/vaghar_org/paper_experiments/mnist/cnn1_exp/translation/eps_1,1/advStd_cnn1_N1_model_seed42_itr20/63912213403480_n2_cnn1_translation_1.0,1.0_ctag0_model_seed42_itr20_sgd_itr1_N2_advStd_boundTight_zonoBounds_relaxT0.1_seed4_HyperAttackHints_VagharDeps_PerturbedIntervals_cTag1.txt"
cnn1,translation,"1,1",0,3,344.88,367.47,54.002731,54.540085,53.846544,54.361966,-0.178119,no,off,no,yes,no,no,off,0.1,elim not activated,elim not activated,1,26,4,1.07x,0.00,367.47,1.07x,0.537354,0.515421,,OPTIMAL,"/root/Downloads/for_dana/vaghar_org/paper_experiments/mnist/cnn1_exp/translation/eps_1,1/vagharWithPerturbed_cnn1_seed42_itr20_sgd_itr1/63910121401048_cnn1_translation_1.0,1.0_ctag0__HyperAttackHints_VagharDeps_PertruebedIntervals_cTag1.txt","/root/Downloads/for_dana/vaghar_org/paper_experiments/mnist/cnn1_exp/translation/eps_1,1/advStd_cnn1_N1_model_seed42_itr20/63912155608096_n2_cnn1_translation_1.0,1.0_ctag0_model_seed42_itr20_sgd_itr1_N2_advStd_boundTight_relaxT0.1_seed4_HyperAttackHints_VagharDeps_PerturbedIntervals_cTag1.txt"
cnn1,translation,"1,1",0,3,344.88,369.43,54.002731,54.540085,54.223989,54.624818,0.084732,no,bounds,no,yes,yes,yes,off,0.01,elim not activated,elim not activated,1,9,4,1.07x,0.00,369.43,1.07x,0.537354,0.400829,,OPTIMAL,"/root/Downloads/for_dana/vaghar_org/paper_experiments/mnist/cnn1_exp/translation/eps_1,1/vagharWithPerturbed_cnn1_seed42_itr20_sgd_itr1/63910121401048_cnn1_translation_1.0,1.0_ctag0__HyperAttackHints_VagharDeps_PertruebedIntervals_cTag1.txt","/root/Downloads/for_dana/vaghar_org/paper_experiments/mnist/cnn1_exp/translation/eps_1,1/advStd_cnn1_N1_model_seed42_itr20/63912161772085_n2_cnn1_translation_1.0,1.0_ctag0_model_seed42_itr20_sgd_itr1_N2_advStd_branchPri_boundTight_zonoBounds_relaxT0.01_varHint_seed4_HyperAttackHints_VagharDeps_PerturbedIntervals_cTag1.txt"
cnn1,translation,"1,1",0,3,344.88,376.95,54.002731,54.540085,53.942400,54.445509,-0.094577,no,bounds,no,yes,no,no,lp,0.1,0,1,1,26,4,1.09x,21.86,398.81,1.16x,0.537354,0.503108,,OPTIMAL,"/root/Downloads/for_dana/vaghar_org/paper_experiments/mnist/cnn1_exp/translation/eps_1,1/vagharWithPerturbed_cnn1_seed42_itr20_sgd_itr1/63910121401048_cnn1_translation_1.0,1.0_ctag0__HyperAttackHints_VagharDeps_PertruebedIntervals_cTag1.txt","/root/Downloads/for_dana/vaghar_org/paper_experiments/mnist/cnn1_exp/translation/eps_1,1/advStd_cnn1_N1_model_seed42_itr20/63912214774197_n2_cnn1_translation_1.0,1.0_ctag0_model_seed42_itr20_sgd_itr1_N2_advStd_branchPri_boundTight_n1ProbeLP_relaxT0.1_seed4_elimOrg0_elimPert1_HyperAttackHints_VagharDeps_PerturbedIntervals_cTag1.txt"
cnn1,translation,"1,1",0,3,344.88,392.50,54.002731,54.540085,53.942400,54.445509,-0.094577,no,bounds,no,yes,no,yes,lp,0.1,0,1,1,26,4,1.14x,20.53,413.03,1.20x,0.537354,0.503108,,OPTIMAL,"/root/Downloads/for_dana/vaghar_org/paper_experiments/mnist/cnn1_exp/translation/eps_1,1/vagharWithPerturbed_cnn1_seed42_itr20_sgd_itr1/63910121401048_cnn1_translation_1.0,1.0_ctag0__HyperAttackHints_VagharDeps_PertruebedIntervals_cTag1.txt","/root/Downloads/for_dana/vaghar_org/paper_experiments/mnist/cnn1_exp/translation/eps_1,1/advStd_cnn1_N1_model_seed42_itr20/63912162172394_n2_cnn1_translation_1.0,1.0_ctag0_model_seed42_itr20_sgd_itr1_N2_advStd_branchPri_boundTight_zonoBounds_n1ProbeLP_relaxT0.1_seed4_elimOrg0_elimPert1_HyperAttackHints_VagharDeps_PerturbedIntervals_cTag1.txt"
cnn1,translation,"1,1",0,3,344.88,397.92,54.002731,54.540085,54.251935,54.738121,0.198036,no,bounds,no,yes,yes,yes,off,0.1,elim not activated,elim not activated,1,26,4,1.15x,0.00,397.92,1.15x,0.537354,0.486186,,OPTIMAL,"/root/Downloads/for_dana/vaghar_org/paper_experiments/mnist/cnn1_exp/translation/eps_1,1/vagharWithPerturbed_cnn1_seed42_itr20_sgd_itr1/63910121401048_cnn1_translation_1.0,1.0_ctag0__HyperAttackHints_VagharDeps_PertruebedIntervals_cTag1.txt","/root/Downloads/for_dana/vaghar_org/paper_experiments/mnist/cnn1_exp/translation/eps_1,1/advStd_cnn1_N1_model_seed42_itr20/63912162135975_n2_cnn1_translation_1.0,1.0_ctag0_model_seed42_itr20_sgd_itr1_N2_advStd_branchPri_boundTight_zonoBounds_relaxT0.1_varHint_seed4_HyperAttackHints_VagharDeps_PerturbedIntervals_cTag1.txt"
cnn1,translation,"1,1",0,3,344.88,410.93,54.002731,54.540085,54.251935,54.738121,0.198036,no,bounds,no,yes,yes,no,off,0.1,elim not activated,elim not activated,1,26,4,1.19x,0.00,410.93,1.19x,0.537354,0.486186,,OPTIMAL,"/root/Downloads/for_dana/vaghar_org/paper_experiments/mnist/cnn1_exp/translation/eps_1,1/vagharWithPerturbed_cnn1_seed42_itr20_sgd_itr1/63910121401048_cnn1_translation_1.0,1.0_ctag0__HyperAttackHints_VagharDeps_PertruebedIntervals_cTag1.txt","/root/Downloads/for_dana/vaghar_org/paper_experiments/mnist/cnn1_exp/translation/eps_1,1/advStd_cnn1_N1_model_seed42_itr20/63912160498895_n2_cnn1_translation_1.0,1.0_ctag0_model_seed42_itr20_sgd_itr1_N2_advStd_branchPri_boundTight_relaxT0.1_varHint_seed4_HyperAttackHints_VagharDeps_PerturbedIntervals_cTag1.txt"
cnn1,translation,"1,1",0,3,344.88,408.78,54.002731,54.540085,54.251935,54.738121,0.198036,no,bounds,no,yes,yes,yes,lp,0.1,0,1,1,26,4,1.19x,19.81,428.59,1.24x,0.537354,0.486186,,OPTIMAL,"/root/Downloads/for_dana/vaghar_org/paper_experiments/mnist/cnn1_exp/translation/eps_1,1/vagharWithPerturbed_cnn1_seed42_itr20_sgd_itr1/63910121401048_cnn1_translation_1.0,1.0_ctag0__HyperAttackHints_VagharDeps_PertruebedIntervals_cTag1.txt","/root/Downloads/for_dana/vaghar_org/paper_experiments/mnist/cnn1_exp/translation/eps_1,1/advStd_cnn1_N1_model_seed42_itr20/63912162323364_n2_cnn1_translation_1.0,1.0_ctag0_model_seed42_itr20_sgd_itr1_N2_advStd_branchPri_boundTight_zonoBounds_n1ProbeLP_relaxT0.1_varHint_seed4_elimOrg0_elimPert1_HyperAttackHints_VagharDeps_PerturbedIntervals_cTag1.txt"
cnn1,translation,"1,1",0,3,344.88,447.15,54.002731,54.540085,54.039016,54.467214,-0.072871,no,off,no,yes,no,no,off,0.01,elim not activated,elim not activated,1,9,4,1.30x,0.00,447.15,1.30x,0.537354,0.428198,,OPTIMAL,"/root/Downloads/for_dana/vaghar_org/paper_experiments/mnist/cnn1_exp/translation/eps_1,1/vagharWithPerturbed_cnn1_seed42_itr20_sgd_itr1/63910121401048_cnn1_translation_1.0,1.0_ctag0__HyperAttackHints_VagharDeps_PertruebedIntervals_cTag1.txt","/root/Downloads/for_dana/vaghar_org/paper_experiments/mnist/cnn1_exp/translation/eps_1,1/advStd_cnn1_N1_model_seed42_itr20/63912154815915_n2_cnn1_translation_1.0,1.0_ctag0_model_seed42_itr20_sgd_itr1_N2_advStd_boundTight_relaxT0.01_seed4_HyperAttackHints_VagharDeps_PerturbedIntervals_cTag1.txt"
cnn1,translation,"1,1",0,3,344.88,473.04,54.002731,54.540085,54.251935,54.738121,0.198036,no,bounds,no,yes,yes,no,lp,0.1,0,1,1,26,4,1.37x,36.56,509.60,1.48x,0.537354,0.486186,,OPTIMAL,"/root/Downloads/for_dana/vaghar_org/paper_experiments/mnist/cnn1_exp/translation/eps_1,1/vagharWithPerturbed_cnn1_seed42_itr20_sgd_itr1/63910121401048_cnn1_translation_1.0,1.0_ctag0__HyperAttackHints_VagharDeps_PertruebedIntervals_cTag1.txt","/root/Downloads/for_dana/vaghar_org/paper_experiments/mnist/cnn1_exp/translation/eps_1,1/advStd_cnn1_N1_model_seed42_itr20/63912214883240_n2_cnn1_translation_1.0,1.0_ctag0_model_seed42_itr20_sgd_itr1_N2_advStd_branchPri_boundTight_n1ProbeLP_relaxT0.1_varHint_seed4_elimOrg0_elimPert1_HyperAttackHints_VagharDeps_PerturbedIntervals_cTag1.txt"
,,,,,,,,,,,,,,,,,,,,,,,,,,,,,,,,,,
cnn1,translation,"1,1",0,5,393.83,459.00,54.122806,54.659402,54.128923,54.589182,-0.070220,no,off,no,yes,no,no,off,0.01,elim not activated,elim not activated,1,9,4,1.17x,0.00,459.00,1.17x,0.536596,0.460260,,OPTIMAL,"/root/Downloads/for_dana/vaghar_org/paper_experiments/mnist/cnn1_exp/translation/eps_1,1/vagharWithPerturbed_cnn1_seed42_itr20_sgd_itr1/63910121401048_cnn1_translation_1.0,1.0_ctag0__HyperAttackHints_VagharDeps_PertruebedIntervals_cTag1.txt","/root/Downloads/for_dana/vaghar_org/paper_experiments/mnist/cnn1_exp/translation/eps_1,1/advStd_cnn1_N1_model_seed42_itr20/63912154815915_n2_cnn1_translation_1.0,1.0_ctag0_model_seed42_itr20_sgd_itr1_N2_advStd_boundTight_relaxT0.01_seed4_HyperAttackHints_VagharDeps_PerturbedIntervals_cTag1.txt"
cnn1,translation,"1,1",0,5,393.83,1812.01,54.122806,54.659402,54.088542,57.900574,3.241172,no,off,no,yes,no,yes,off,0.01,elim not activated,elim not activated,1,9,4,4.60x,0.00,1812.01,4.60x,0.536596,3.812032,,TIME_LIMIT,"/root/Downloads/for_dana/vaghar_org/paper_experiments/mnist/cnn1_exp/translation/eps_1,1/vagharWithPerturbed_cnn1_seed42_itr20_sgd_itr1/63910121401048_cnn1_translation_1.0,1.0_ctag0__HyperAttackHints_VagharDeps_PertruebedIntervals_cTag1.txt","/root/Downloads/for_dana/vaghar_org/paper_experiments/mnist/cnn1_exp/translation/eps_1,1/advStd_cnn1_N1_model_seed42_itr20/63912157024684_n2_cnn1_translation_1.0,1.0_ctag0_model_seed42_itr20_sgd_itr1_N2_advStd_boundTight_zonoBounds_relaxT0.01_seed4_HyperAttackHints_VagharDeps_PerturbedIntervals_cTag1.txt"
,,,,,,,,,,,,,,,,,,,,,,,,,,,,,,,,,,
cnn1,translation,"1,3",0,3,251.33,267.53,54.251636,54.734867,54.215367,54.643256,-0.091611,no,off,no,yes,no,no,off,0.1,elim not activated,elim not activated,1,17,4,1.06x,0.00,267.53,1.06x,0.483231,0.427889,,OPTIMAL,"/root/Downloads/for_dana/vaghar_org/paper_experiments/mnist/cnn1_exp/translation/eps_1,3/vagharWithPerturbed_cnn1_seed42_itr20_sgd_itr1/63910124875715_cnn1_translation_1.0,3.0_ctag0__HyperAttackHints_VagharDeps_PertruebedIntervals_cTag1.txt","/root/Downloads/for_dana/vaghar_org/paper_experiments/mnist/cnn1_exp/translation/eps_1,3/advStd_cnn1_N1_model_seed42_itr20/63912163989585_n2_cnn1_translation_1.0,3.0_ctag0_model_seed42_itr20_sgd_itr1_N2_advStd_boundTight_relaxT0.1_seed4_HyperAttackHints_VagharDeps_PerturbedIntervals_cTag1.txt"
cnn1,translation,"1,3",0,3,251.33,267.60,54.251636,54.734867,54.215367,54.643256,-0.091611,no,off,no,yes,no,yes,off,0.1,elim not activated,elim not activated,1,17,4,1.06x,0.00,267.60,1.06x,0.483231,0.427889,,OPTIMAL,"/root/Downloads/for_dana/vaghar_org/paper_experiments/mnist/cnn1_exp/translation/eps_1,3/vagharWithPerturbed_cnn1_seed42_itr20_sgd_itr1/63910124875715_cnn1_translation_1.0,3.0_ctag0__HyperAttackHints_VagharDeps_PertruebedIntervals_cTag1.txt","/root/Downloads/for_dana/vaghar_org/paper_experiments/mnist/cnn1_exp/translation/eps_1,3/advStd_cnn1_N1_model_seed42_itr20/63912216887187_n2_cnn1_translation_1.0,3.0_ctag0_model_seed42_itr20_sgd_itr1_N2_advStd_boundTight_zonoBounds_relaxT0.1_seed4_HyperAttackHints_VagharDeps_PerturbedIntervals_cTag1.txt"
cnn1,translation,"1,3",0,3,251.33,271.81,54.251636,54.734867,54.215367,54.643256,-0.091611,no,off,no,yes,no,yes,lp,0.1,0,19,1,17,4,1.08x,39.85,311.66,1.24x,0.483231,0.427889,,OPTIMAL,"/root/Downloads/for_dana/vaghar_org/paper_experiments/mnist/cnn1_exp/translation/eps_1,3/vagharWithPerturbed_cnn1_seed42_itr20_sgd_itr1/63910124875715_cnn1_translation_1.0,3.0_ctag0__HyperAttackHints_VagharDeps_PertruebedIntervals_cTag1.txt","/root/Downloads/for_dana/vaghar_org/paper_experiments/mnist/cnn1_exp/translation/eps_1,3/advStd_cnn1_N1_model_seed42_itr20/63912169076596_n2_cnn1_translation_1.0,3.0_ctag0_model_seed42_itr20_sgd_itr1_N2_advStd_boundTight_zonoBounds_n1ProbeLP_relaxT0.1_seed4_elimOrg0_elimPert19_HyperAttackHints_VagharDeps_PerturbedIntervals_cTag1.txt"
cnn1,translation,"1,3",0,3,251.33,273.52,54.251636,54.734867,54.215367,54.643256,-0.091611,no,off,no,yes,no,no,lp,0.1,0,19,1,17,4,1.09x,29.51,303.03,1.21x,0.483231,0.427889,,OPTIMAL,"/root/Downloads/for_dana/vaghar_org/paper_experiments/mnist/cnn1_exp/translation/eps_1,3/vagharWithPerturbed_cnn1_seed42_itr20_sgd_itr1/63910124875715_cnn1_translation_1.0,3.0_ctag0__HyperAttackHints_VagharDeps_PertruebedIntervals_cTag1.txt","/root/Downloads/for_dana/vaghar_org/paper_experiments/mnist/cnn1_exp/translation/eps_1,3/advStd_cnn1_N1_model_seed42_itr20/63912164655514_n2_cnn1_translation_1.0,3.0_ctag0_model_seed42_itr20_sgd_itr1_N2_advStd_boundTight_n1ProbeLP_relaxT0.1_seed4_elimOrg0_elimPert19_HyperAttackHints_VagharDeps_PerturbedIntervals_cTag1.txt"
cnn1,translation,"1,3",0,3,251.33,292.42,54.251636,54.734867,54.198950,54.339125,-0.395741,no,off,no,yes,no,yes,off,0.01,elim not activated,elim not activated,1,9,4,1.16x,0.00,292.42,1.16x,0.483231,0.140176,,OPTIMAL,"/root/Downloads/for_dana/vaghar_org/paper_experiments/mnist/cnn1_exp/translation/eps_1,3/vagharWithPerturbed_cnn1_seed42_itr20_sgd_itr1/63910124875715_cnn1_translation_1.0,3.0_ctag0__HyperAttackHints_VagharDeps_PertruebedIntervals_cTag1.txt","/root/Downloads/for_dana/vaghar_org/paper_experiments/mnist/cnn1_exp/translation/eps_1,3/advStd_cnn1_N1_model_seed42_itr20/63912165072620_n2_cnn1_translation_1.0,3.0_ctag0_model_seed42_itr20_sgd_itr1_N2_advStd_boundTight_zonoBounds_relaxT0.01_seed4_HyperAttackHints_VagharDeps_PerturbedIntervals_cTag1.txt"
cnn1,translation,"1,3",0,3,251.33,290.82,54.251636,54.734867,54.198950,54.339125,-0.395741,no,off,no,yes,no,yes,lp,0.01,0,19,1,9,4,1.16x,20.58,311.40,1.24x,0.483231,0.140176,,OPTIMAL,"/root/Downloads/for_dana/vaghar_org/paper_experiments/mnist/cnn1_exp/translation/eps_1,3/vagharWithPerturbed_cnn1_seed42_itr20_sgd_itr1/63910124875715_cnn1_translation_1.0,3.0_ctag0__HyperAttackHints_VagharDeps_PertruebedIntervals_cTag1.txt","/root/Downloads/for_dana/vaghar_org/paper_experiments/mnist/cnn1_exp/translation/eps_1,3/advStd_cnn1_N1_model_seed42_itr20/63912165814747_n2_cnn1_translation_1.0,3.0_ctag0_model_seed42_itr20_sgd_itr1_N2_advStd_boundTight_zonoBounds_n1ProbeLP_relaxT0.01_seed4_elimOrg0_elimPert19_HyperAttackHints_VagharDeps_PerturbedIntervals_cTag1.txt"
cnn1,translation,"1,3",0,3,251.33,296.50,54.251636,54.734867,54.198950,54.339125,-0.395741,no,off,no,yes,no,no,off,0.01,elim not activated,elim not activated,1,9,4,1.18x,0.00,296.50,1.18x,0.483231,0.140176,,OPTIMAL,"/root/Downloads/for_dana/vaghar_org/paper_experiments/mnist/cnn1_exp/translation/eps_1,3/vagharWithPerturbed_cnn1_seed42_itr20_sgd_itr1/63910124875715_cnn1_translation_1.0,3.0_ctag0__HyperAttackHints_VagharDeps_PertruebedIntervals_cTag1.txt","/root/Downloads/for_dana/vaghar_org/paper_experiments/mnist/cnn1_exp/translation/eps_1,3/advStd_cnn1_N1_model_seed42_itr20/63912163847774_n2_cnn1_translation_1.0,3.0_ctag0_model_seed42_itr20_sgd_itr1_N2_advStd_boundTight_relaxT0.01_seed4_HyperAttackHints_VagharDeps_PerturbedIntervals_cTag1.txt"
cnn1,translation,"1,3",0,3,251.33,307.53,54.251636,54.734867,54.273214,54.774418,0.039551,no,off,no,yes,yes,yes,lp,0.01,0,19,1,9,4,1.22x,24.35,331.87,1.32x,0.483231,0.501204,,OPTIMAL,"/root/Downloads/for_dana/vaghar_org/paper_experiments/mnist/cnn1_exp/translation/eps_1,3/vagharWithPerturbed_cnn1_seed42_itr20_sgd_itr1/63910124875715_cnn1_translation_1.0,3.0_ctag0__HyperAttackHints_VagharDeps_PertruebedIntervals_cTag1.txt","/root/Downloads/for_dana/vaghar_org/paper_experiments/mnist/cnn1_exp/translation/eps_1,3/advStd_cnn1_N1_model_seed42_itr20/63912168988156_n2_cnn1_translation_1.0,3.0_ctag0_model_seed42_itr20_sgd_itr1_N2_advStd_boundTight_zonoBounds_n1ProbeLP_relaxT0.01_varHint_seed4_elimOrg0_elimPert19_HyperAttackHints_VagharDeps_PerturbedIntervals_cTag1.txt"
cnn1,translation,"1,3",0,3,251.33,335.63,54.251636,54.734867,54.239494,54.745971,0.011104,no,off,no,yes,yes,yes,off,0.1,elim not activated,elim not activated,1,17,4,1.34x,0.00,335.63,1.34x,0.483231,0.506477,,OPTIMAL,"/root/Downloads/for_dana/vaghar_org/paper_experiments/mnist/cnn1_exp/translation/eps_1,3/vagharWithPerturbed_cnn1_seed42_itr20_sgd_itr1/63910124875715_cnn1_translation_1.0,3.0_ctag0__HyperAttackHints_VagharDeps_PertruebedIntervals_cTag1.txt","/root/Downloads/for_dana/vaghar_org/paper_experiments/mnist/cnn1_exp/translation/eps_1,3/advStd_cnn1_N1_model_seed42_itr20/63912165541102_n2_cnn1_translation_1.0,3.0_ctag0_model_seed42_itr20_sgd_itr1_N2_advStd_boundTight_zonoBounds_relaxT0.1_varHint_seed4_HyperAttackHints_VagharDeps_PerturbedIntervals_cTag1.txt"
cnn1,translation,"1,3",0,3,251.33,342.08,54.251636,54.734867,54.239494,54.745971,0.011104,no,off,no,yes,yes,no,off,0.1,elim not activated,elim not activated,1,17,4,1.36x,0.00,342.08,1.36x,0.483231,0.506477,,OPTIMAL,"/root/Downloads/for_dana/vaghar_org/paper_experiments/mnist/cnn1_exp/translation/eps_1,3/vagharWithPerturbed_cnn1_seed42_itr20_sgd_itr1/63910124875715_cnn1_translation_1.0,3.0_ctag0__HyperAttackHints_VagharDeps_PertruebedIntervals_cTag1.txt","/root/Downloads/for_dana/vaghar_org/paper_experiments/mnist/cnn1_exp/translation/eps_1,3/advStd_cnn1_N1_model_seed42_itr20/63912216845489_n2_cnn1_translation_1.0,3.0_ctag0_model_seed42_itr20_sgd_itr1_N2_advStd_boundTight_relaxT0.1_varHint_seed4_HyperAttackHints_VagharDeps_PerturbedIntervals_cTag1.txt"
cnn1,translation,"1,3",0,3,251.33,356.38,54.251636,54.734867,54.239494,54.745971,0.011104,no,off,no,yes,yes,no,lp,0.1,0,19,1,17,4,1.42x,26.03,382.41,1.52x,0.483231,0.506477,,OPTIMAL,"/root/Downloads/for_dana/vaghar_org/paper_experiments/mnist/cnn1_exp/translation/eps_1,3/vagharWithPerturbed_cnn1_seed42_itr20_sgd_itr1/63910124875715_cnn1_translation_1.0,3.0_ctag0__HyperAttackHints_VagharDeps_PertruebedIntervals_cTag1.txt","/root/Downloads/for_dana/vaghar_org/paper_experiments/mnist/cnn1_exp/translation/eps_1,3/advStd_cnn1_N1_model_seed42_itr20/63912217847765_n2_cnn1_translation_1.0,3.0_ctag0_model_seed42_itr20_sgd_itr1_N2_advStd_boundTight_n1ProbeLP_relaxT0.1_varHint_seed4_elimOrg0_elimPert19_HyperAttackHints_VagharDeps_PerturbedIntervals_cTag1.txt"
cnn1,translation,"1,3",0,3,251.33,375.96,54.251636,54.734867,54.239494,54.745971,0.011104,no,off,no,yes,yes,yes,lp,0.1,0,19,1,17,4,1.50x,21.72,397.68,1.58x,0.483231,0.506477,,OPTIMAL,"/root/Downloads/for_dana/vaghar_org/paper_experiments/mnist/cnn1_exp/translation/eps_1,3/vagharWithPerturbed_cnn1_seed42_itr20_sgd_itr1/63910124875715_cnn1_translation_1.0,3.0_ctag0__HyperAttackHints_VagharDeps_PertruebedIntervals_cTag1.txt","/root/Downloads/for_dana/vaghar_org/paper_experiments/mnist/cnn1_exp/translation/eps_1,3/advStd_cnn1_N1_model_seed42_itr20/63912217186451_n2_cnn1_translation_1.0,3.0_ctag0_model_seed42_itr20_sgd_itr1_N2_advStd_boundTight_zonoBounds_n1ProbeLP_relaxT0.1_varHint_seed4_elimOrg0_elimPert19_HyperAttackHints_VagharDeps_PerturbedIntervals_cTag1.txt"
cnn1,translation,"1,3",0,3,251.33,571.15,54.251636,54.734867,54.212245,54.726473,-0.008394,no,bounds,no,yes,no,no,off,0.1,elim not activated,elim not activated,1,17,4,2.27x,0.00,571.15,2.27x,0.483231,0.514228,,OPTIMAL,"/root/Downloads/for_dana/vaghar_org/paper_experiments/mnist/cnn1_exp/translation/eps_1,3/vagharWithPerturbed_cnn1_seed42_itr20_sgd_itr1/63910124875715_cnn1_translation_1.0,3.0_ctag0__HyperAttackHints_VagharDeps_PertruebedIntervals_cTag1.txt","/root/Downloads/for_dana/vaghar_org/paper_experiments/mnist/cnn1_exp/translation/eps_1,3/advStd_cnn1_N1_model_seed42_itr20/63912169733436_n2_cnn1_translation_1.0,3.0_ctag0_model_seed42_itr20_sgd_itr1_N2_advStd_branchPri_boundTight_relaxT0.1_seed4_HyperAttackHints_VagharDeps_PerturbedIntervals_cTag1.txt"
cnn1,translation,"1,3",0,3,251.33,571.94,54.251636,54.734867,54.273214,54.774418,0.039551,no,off,no,yes,yes,yes,off,0.01,elim not activated,elim not activated,1,9,4,2.28x,0.00,571.94,2.28x,0.483231,0.501204,,OPTIMAL,"/root/Downloads/for_dana/vaghar_org/paper_experiments/mnist/cnn1_exp/translation/eps_1,3/vagharWithPerturbed_cnn1_seed42_itr20_sgd_itr1/63910124875715_cnn1_translation_1.0,3.0_ctag0__HyperAttackHints_VagharDeps_PertruebedIntervals_cTag1.txt","/root/Downloads/for_dana/vaghar_org/paper_experiments/mnist/cnn1_exp/translation/eps_1,3/advStd_cnn1_N1_model_seed42_itr20/63912165457950_n2_cnn1_translation_1.0,3.0_ctag0_model_seed42_itr20_sgd_itr1_N2_advStd_boundTight_zonoBounds_relaxT0.01_varHint_seed4_HyperAttackHints_VagharDeps_PerturbedIntervals_cTag1.txt"
cnn1,translation,"1,3",0,3,251.33,700.32,54.251636,54.734867,54.212245,54.726473,-0.008394,no,bounds,no,yes,no,no,lp,0.1,0,19,1,17,4,2.79x,21.43,721.75,2.87x,0.483231,0.514228,,OPTIMAL,"/root/Downloads/for_dana/vaghar_org/paper_experiments/mnist/cnn1_exp/translation/eps_1,3/vagharWithPerturbed_cnn1_seed42_itr20_sgd_itr1/63910124875715_cnn1_translation_1.0,3.0_ctag0__HyperAttackHints_VagharDeps_PertruebedIntervals_cTag1.txt","/root/Downloads/for_dana/vaghar_org/paper_experiments/mnist/cnn1_exp/translation/eps_1,3/advStd_cnn1_N1_model_seed42_itr20/63912218223530_n2_cnn1_translation_1.0,3.0_ctag0_model_seed42_itr20_sgd_itr1_N2_advStd_branchPri_boundTight_n1ProbeLP_relaxT0.1_seed4_elimOrg0_elimPert19_HyperAttackHints_VagharDeps_PerturbedIntervals_cTag1.txt"
cnn1,translation,"1,3",0,3,251.33,831.28,54.251636,54.734867,54.219717,54.747378,0.012512,no,bounds,no,yes,yes,no,off,0.1,elim not activated,elim not activated,1,17,4,3.31x,0.00,831.28,3.31x,0.483231,0.527661,,OPTIMAL,"/root/Downloads/for_dana/vaghar_org/paper_experiments/mnist/cnn1_exp/translation/eps_1,3/vagharWithPerturbed_cnn1_seed42_itr20_sgd_itr1/63910124875715_cnn1_translation_1.0,3.0_ctag0__HyperAttackHints_VagharDeps_PertruebedIntervals_cTag1.txt","/root/Downloads/for_dana/vaghar_org/paper_experiments/mnist/cnn1_exp/translation/eps_1,3/advStd_cnn1_N1_model_seed42_itr20/63912169816166_n2_cnn1_translation_1.0,3.0_ctag0_model_seed42_itr20_sgd_itr1_N2_advStd_branchPri_boundTight_relaxT0.1_varHint_seed4_HyperAttackHints_VagharDeps_PerturbedIntervals_cTag1.txt"
cnn1,translation,"1,3",0,3,251.33,846.29,54.251636,54.734867,54.219717,54.747378,0.012512,no,bounds,no,yes,yes,yes,lp,0.1,0,19,1,17,4,3.37x,21.06,867.35,3.45x,0.483231,0.527661,,OPTIMAL,"/root/Downloads/for_dana/vaghar_org/paper_experiments/mnist/cnn1_exp/translation/eps_1,3/vagharWithPerturbed_cnn1_seed42_itr20_sgd_itr1/63910124875715_cnn1_translation_1.0,3.0_ctag0__HyperAttackHints_VagharDeps_PertruebedIntervals_cTag1.txt","/root/Downloads/for_dana/vaghar_org/paper_experiments/mnist/cnn1_exp/translation/eps_1,3/advStd_cnn1_N1_model_seed42_itr20/63912175937131_n2_cnn1_translation_1.0,3.0_ctag0_model_seed42_itr20_sgd_itr1_N2_advStd_branchPri_boundTight_zonoBounds_n1ProbeLP_relaxT0.1_varHint_seed4_elimOrg0_elimPert19_HyperAttackHints_VagharDeps_PerturbedIntervals_cTag1.txt"
cnn1,translation,"1,3",0,3,251.33,1001.72,54.251636,54.734867,54.212245,54.726473,-0.008394,no,bounds,no,yes,no,yes,off,0.1,elim not activated,elim not activated,1,17,4,3.99x,0.00,1001.72,3.99x,0.483231,0.514228,,OPTIMAL,"/root/Downloads/for_dana/vaghar_org/paper_experiments/mnist/cnn1_exp/translation/eps_1,3/vagharWithPerturbed_cnn1_seed42_itr20_sgd_itr1/63910124875715_cnn1_translation_1.0,3.0_ctag0__HyperAttackHints_VagharDeps_PertruebedIntervals_cTag1.txt","/root/Downloads/for_dana/vaghar_org/paper_experiments/mnist/cnn1_exp/translation/eps_1,3/advStd_cnn1_N1_model_seed42_itr20/63912218616096_n2_cnn1_translation_1.0,3.0_ctag0_model_seed42_itr20_sgd_itr1_N2_advStd_branchPri_boundTight_zonoBounds_relaxT0.1_seed4_HyperAttackHints_VagharDeps_PerturbedIntervals_cTag1.txt"
cnn1,translation,"1,3",0,3,251.33,1037.59,54.251636,54.734867,54.212245,54.726473,-0.008394,no,bounds,no,yes,no,yes,lp,0.1,0,19,1,17,4,4.13x,22.56,1060.15,4.22x,0.483231,0.514228,,OPTIMAL,"/root/Downloads/for_dana/vaghar_org/paper_experiments/mnist/cnn1_exp/translation/eps_1,3/vagharWithPerturbed_cnn1_seed42_itr20_sgd_itr1/63910124875715_cnn1_translation_1.0,3.0_ctag0__HyperAttackHints_VagharDeps_PertruebedIntervals_cTag1.txt","/root/Downloads/for_dana/vaghar_org/paper_experiments/mnist/cnn1_exp/translation/eps_1,3/advStd_cnn1_N1_model_seed42_itr20/63912174557036_n2_cnn1_translation_1.0,3.0_ctag0_model_seed42_itr20_sgd_itr1_N2_advStd_branchPri_boundTight_zonoBounds_n1ProbeLP_relaxT0.1_seed4_elimOrg0_elimPert19_HyperAttackHints_VagharDeps_PerturbedIntervals_cTag1.txt"
cnn1,translation,"1,3",0,3,251.33,1215.30,54.251636,54.734867,54.219717,54.747378,0.012512,no,bounds,no,yes,yes,yes,off,0.1,elim not activated,elim not activated,1,17,4,4.84x,0.00,1215.30,4.84x,0.483231,0.527661,,OPTIMAL,"/root/Downloads/for_dana/vaghar_org/paper_experiments/mnist/cnn1_exp/translation/eps_1,3/vagharWithPerturbed_cnn1_seed42_itr20_sgd_itr1/63910124875715_cnn1_translation_1.0,3.0_ctag0__HyperAttackHints_VagharDeps_PertruebedIntervals_cTag1.txt","/root/Downloads/for_dana/vaghar_org/paper_experiments/mnist/cnn1_exp/translation/eps_1,3/advStd_cnn1_N1_model_seed42_itr20/63912174260578_n2_cnn1_translation_1.0,3.0_ctag0_model_seed42_itr20_sgd_itr1_N2_advStd_branchPri_boundTight_zonoBounds_relaxT0.1_varHint_seed4_HyperAttackHints_VagharDeps_PerturbedIntervals_cTag1.txt"
cnn1,translation,"1,3",0,3,251.33,1349.82,54.251636,54.734867,54.219717,54.747378,0.012512,no,bounds,no,yes,yes,no,lp,0.1,0,19,1,17,4,5.37x,20.89,1370.71,5.45x,0.483231,0.527661,,OPTIMAL,"/root/Downloads/for_dana/vaghar_org/paper_experiments/mnist/cnn1_exp/translation/eps_1,3/vagharWithPerturbed_cnn1_seed42_itr20_sgd_itr1/63910124875715_cnn1_translation_1.0,3.0_ctag0__HyperAttackHints_VagharDeps_PertruebedIntervals_cTag1.txt","/root/Downloads/for_dana/vaghar_org/paper_experiments/mnist/cnn1_exp/translation/eps_1,3/advStd_cnn1_N1_model_seed42_itr20/63912218328125_n2_cnn1_translation_1.0,3.0_ctag0_model_seed42_itr20_sgd_itr1_N2_advStd_branchPri_boundTight_n1ProbeLP_relaxT0.1_varHint_seed4_elimOrg0_elimPert19_HyperAttackHints_VagharDeps_PerturbedIntervals_cTag1.txt"
cnn1,translation,"1,3",0,3,251.33,1461.39,54.251636,54.734867,54.315001,54.848917,0.114050,no,bounds,no,yes,yes,yes,off,0.01,elim not activated,elim not activated,1,9,4,5.81x,0.00,1461.39,5.81x,0.483231,0.533915,,OPTIMAL,"/root/Downloads/for_dana/vaghar_org/paper_experiments/mnist/cnn1_exp/translation/eps_1,3/vagharWithPerturbed_cnn1_seed42_itr20_sgd_itr1/63910124875715_cnn1_translation_1.0,3.0_ctag0__HyperAttackHints_VagharDeps_PertruebedIntervals_cTag1.txt","/root/Downloads/for_dana/vaghar_org/paper_experiments/mnist/cnn1_exp/translation/eps_1,3/advStd_cnn1_N1_model_seed42_itr20/63912170976030_n2_cnn1_translation_1.0,3.0_ctag0_model_seed42_itr20_sgd_itr1_N2_advStd_branchPri_boundTight_zonoBounds_relaxT0.01_varHint_seed4_HyperAttackHints_VagharDeps_PerturbedIntervals_cTag1.txt"
cnn1,translation,"1,3",0,3,251.33,1811.64,54.251636,54.734867,54.330966,55.381415,0.646548,no,bounds,no,yes,no,no,lp,0.01,0,19,1,9,4,7.21x,20.77,1832.41,7.29x,0.483231,1.050448,,TIME_LIMIT,"/root/Downloads/for_dana/vaghar_org/paper_experiments/mnist/cnn1_exp/translation/eps_1,3/vagharWithPerturbed_cnn1_seed42_itr20_sgd_itr1/63910124875715_cnn1_translation_1.0,3.0_ctag0__HyperAttackHints_VagharDeps_PertruebedIntervals_cTag1.txt","/root/Downloads/for_dana/vaghar_org/paper_experiments/mnist/cnn1_exp/translation/eps_1,3/advStd_cnn1_N1_model_seed42_itr20/63912170571082_n2_cnn1_translation_1.0,3.0_ctag0_model_seed42_itr20_sgd_itr1_N2_advStd_branchPri_boundTight_n1ProbeLP_relaxT0.01_seed4_elimOrg0_elimPert19_HyperAttackHints_VagharDeps_PerturbedIntervals_cTag1.txt"
cnn1,translation,"1,3",0,3,251.33,1812.55,54.251636,54.734867,54.330209,55.494273,0.759406,no,bounds,no,yes,no,yes,off,0.01,elim not activated,elim not activated,1,9,4,7.21x,0.00,1812.55,7.21x,0.483231,1.164064,,TIME_LIMIT,"/root/Downloads/for_dana/vaghar_org/paper_experiments/mnist/cnn1_exp/translation/eps_1,3/vagharWithPerturbed_cnn1_seed42_itr20_sgd_itr1/63910124875715_cnn1_translation_1.0,3.0_ctag0__HyperAttackHints_VagharDeps_PertruebedIntervals_cTag1.txt","/root/Downloads/for_dana/vaghar_org/paper_experiments/mnist/cnn1_exp/translation/eps_1,3/advStd_cnn1_N1_model_seed42_itr20/63912170623818_n2_cnn1_translation_1.0,3.0_ctag0_model_seed42_itr20_sgd_itr1_N2_advStd_branchPri_boundTight_zonoBounds_relaxT0.01_seed4_HyperAttackHints_VagharDeps_PerturbedIntervals_cTag1.txt"
,,,,,,,,,,,,,,,,,,,,,,,,,,,,,,,,,,
cnn1,translation,"1,3",0,5,270.72,297.19,53.988235,54.441286,54.052430,54.558189,0.116903,no,off,no,yes,no,no,off,0.01,elim not activated,elim not activated,1,9,4,1.10x,0.00,297.19,1.10x,0.453052,0.505759,,OPTIMAL,"/root/Downloads/for_dana/vaghar_org/paper_experiments/mnist/cnn1_exp/translation/eps_1,3/vagharWithPerturbed_cnn1_seed42_itr20_sgd_itr1/63910124875715_cnn1_translation_1.0,3.0_ctag0__HyperAttackHints_VagharDeps_PertruebedIntervals_cTag1.txt","/root/Downloads/for_dana/vaghar_org/paper_experiments/mnist/cnn1_exp/translation/eps_1,3/advStd_cnn1_N1_model_seed42_itr20/63912163847774_n2_cnn1_translation_1.0,3.0_ctag0_model_seed42_itr20_sgd_itr1_N2_advStd_boundTight_relaxT0.01_seed4_HyperAttackHints_VagharDeps_PerturbedIntervals_cTag1.txt"
cnn1,translation,"1,3",0,5,270.72,316.55,53.988235,54.441286,54.127782,54.386919,-0.054367,no,off,no,yes,no,yes,off,0.1,elim not activated,elim not activated,1,17,4,1.17x,0.00,316.55,1.17x,0.453052,0.259138,,OPTIMAL,"/root/Downloads/for_dana/vaghar_org/paper_experiments/mnist/cnn1_exp/translation/eps_1,3/vagharWithPerturbed_cnn1_seed42_itr20_sgd_itr1/63910124875715_cnn1_translation_1.0,3.0_ctag0__HyperAttackHints_VagharDeps_PertruebedIntervals_cTag1.txt","/root/Downloads/for_dana/vaghar_org/paper_experiments/mnist/cnn1_exp/translation/eps_1,3/advStd_cnn1_N1_model_seed42_itr20/63912216887187_n2_cnn1_translation_1.0,3.0_ctag0_model_seed42_itr20_sgd_itr1_N2_advStd_boundTight_zonoBounds_relaxT0.1_seed4_HyperAttackHints_VagharDeps_PerturbedIntervals_cTag1.txt"
cnn1,translation,"1,3",0,5,270.72,340.02,53.988235,54.441286,54.127782,54.386919,-0.054367,no,off,no,yes,no,no,lp,0.1,0,19,1,17,4,1.26x,29.51,369.52,1.36x,0.453052,0.259138,,OPTIMAL,"/root/Downloads/for_dana/vaghar_org/paper_experiments/mnist/cnn1_exp/translation/eps_1,3/vagharWithPerturbed_cnn1_seed42_itr20_sgd_itr1/63910124875715_cnn1_translation_1.0,3.0_ctag0__HyperAttackHints_VagharDeps_PertruebedIntervals_cTag1.txt","/root/Downloads/for_dana/vaghar_org/paper_experiments/mnist/cnn1_exp/translation/eps_1,3/advStd_cnn1_N1_model_seed42_itr20/63912164655514_n2_cnn1_translation_1.0,3.0_ctag0_model_seed42_itr20_sgd_itr1_N2_advStd_boundTight_n1ProbeLP_relaxT0.1_seed4_elimOrg0_elimPert19_HyperAttackHints_VagharDeps_PerturbedIntervals_cTag1.txt"
cnn1,translation,"1,3",0,5,270.72,340.50,53.988235,54.441286,54.127782,54.386919,-0.054367,no,off,no,yes,no,yes,lp,0.1,0,19,1,17,4,1.26x,39.85,380.34,1.40x,0.453052,0.259138,,OPTIMAL,"/root/Downloads/for_dana/vaghar_org/paper_experiments/mnist/cnn1_exp/translation/eps_1,3/vagharWithPerturbed_cnn1_seed42_itr20_sgd_itr1/63910124875715_cnn1_translation_1.0,3.0_ctag0__HyperAttackHints_VagharDeps_PertruebedIntervals_cTag1.txt","/root/Downloads/for_dana/vaghar_org/paper_experiments/mnist/cnn1_exp/translation/eps_1,3/advStd_cnn1_N1_model_seed42_itr20/63912169076596_n2_cnn1_translation_1.0,3.0_ctag0_model_seed42_itr20_sgd_itr1_N2_advStd_boundTight_zonoBounds_n1ProbeLP_relaxT0.1_seed4_elimOrg0_elimPert19_HyperAttackHints_VagharDeps_PerturbedIntervals_cTag1.txt"
cnn1,translation,"1,3",0,5,270.72,468.92,53.988235,54.441286,54.314756,54.805039,0.363753,no,off,no,yes,yes,yes,off,0.01,elim not activated,elim not activated,1,9,4,1.73x,0.00,468.92,1.73x,0.453052,0.490284,,OPTIMAL,"/root/Downloads/for_dana/vaghar_org/paper_experiments/mnist/cnn1_exp/translation/eps_1,3/vagharWithPerturbed_cnn1_seed42_itr20_sgd_itr1/63910124875715_cnn1_translation_1.0,3.0_ctag0__HyperAttackHints_VagharDeps_PertruebedIntervals_cTag1.txt","/root/Downloads/for_dana/vaghar_org/paper_experiments/mnist/cnn1_exp/translation/eps_1,3/advStd_cnn1_N1_model_seed42_itr20/63912165457950_n2_cnn1_translation_1.0,3.0_ctag0_model_seed42_itr20_sgd_itr1_N2_advStd_boundTight_zonoBounds_relaxT0.01_varHint_seed4_HyperAttackHints_VagharDeps_PerturbedIntervals_cTag1.txt"
cnn1,translation,"1,3",0,5,270.72,486.60,53.988235,54.441286,54.315020,54.851340,0.410053,no,off,no,yes,yes,yes,off,0.1,elim not activated,elim not activated,1,17,4,1.80x,0.00,486.60,1.80x,0.453052,0.536320,,OPTIMAL,"/root/Downloads/for_dana/vaghar_org/paper_experiments/mnist/cnn1_exp/translation/eps_1,3/vagharWithPerturbed_cnn1_seed42_itr20_sgd_itr1/63910124875715_cnn1_translation_1.0,3.0_ctag0__HyperAttackHints_VagharDeps_PertruebedIntervals_cTag1.txt","/root/Downloads/for_dana/vaghar_org/paper_experiments/mnist/cnn1_exp/translation/eps_1,3/advStd_cnn1_N1_model_seed42_itr20/63912165541102_n2_cnn1_translation_1.0,3.0_ctag0_model_seed42_itr20_sgd_itr1_N2_advStd_boundTight_zonoBounds_relaxT0.1_varHint_seed4_HyperAttackHints_VagharDeps_PerturbedIntervals_cTag1.txt"
cnn1,translation,"1,3",0,5,270.72,513.52,53.988235,54.441286,54.127782,54.386919,-0.054367,no,off,no,yes,no,no,off,0.1,elim not activated,elim not activated,1,17,4,1.90x,0.00,513.52,1.90x,0.453052,0.259138,,OPTIMAL,"/root/Downloads/for_dana/vaghar_org/paper_experiments/mnist/cnn1_exp/translation/eps_1,3/vagharWithPerturbed_cnn1_seed42_itr20_sgd_itr1/63910124875715_cnn1_translation_1.0,3.0_ctag0__HyperAttackHints_VagharDeps_PertruebedIntervals_cTag1.txt","/root/Downloads/for_dana/vaghar_org/paper_experiments/mnist/cnn1_exp/translation/eps_1,3/advStd_cnn1_N1_model_seed42_itr20/63912163989585_n2_cnn1_translation_1.0,3.0_ctag0_model_seed42_itr20_sgd_itr1_N2_advStd_boundTight_relaxT0.1_seed4_HyperAttackHints_VagharDeps_PerturbedIntervals_cTag1.txt"
cnn1,translation,"1,3",0,5,270.72,521.60,53.988235,54.441286,54.315020,54.851340,0.410053,no,off,no,yes,yes,no,lp,0.1,0,19,1,17,4,1.93x,26.03,547.62,2.02x,0.453052,0.536320,,OPTIMAL,"/root/Downloads/for_dana/vaghar_org/paper_experiments/mnist/cnn1_exp/translation/eps_1,3/vagharWithPerturbed_cnn1_seed42_itr20_sgd_itr1/63910124875715_cnn1_translation_1.0,3.0_ctag0__HyperAttackHints_VagharDeps_PertruebedIntervals_cTag1.txt","/root/Downloads/for_dana/vaghar_org/paper_experiments/mnist/cnn1_exp/translation/eps_1,3/advStd_cnn1_N1_model_seed42_itr20/63912217847765_n2_cnn1_translation_1.0,3.0_ctag0_model_seed42_itr20_sgd_itr1_N2_advStd_boundTight_n1ProbeLP_relaxT0.1_varHint_seed4_elimOrg0_elimPert19_HyperAttackHints_VagharDeps_PerturbedIntervals_cTag1.txt"
cnn1,translation,"1,3",0,5,270.72,608.21,53.988235,54.441286,54.259525,54.797306,0.356020,no,bounds,no,yes,no,no,lp,0.1,0,19,1,17,4,2.25x,21.43,629.64,2.33x,0.453052,0.537781,,OPTIMAL,"/root/Downloads/for_dana/vaghar_org/paper_experiments/mnist/cnn1_exp/translation/eps_1,3/vagharWithPerturbed_cnn1_seed42_itr20_sgd_itr1/63910124875715_cnn1_translation_1.0,3.0_ctag0__HyperAttackHints_VagharDeps_PertruebedIntervals_cTag1.txt","/root/Downloads/for_dana/vaghar_org/paper_experiments/mnist/cnn1_exp/translation/eps_1,3/advStd_cnn1_N1_model_seed42_itr20/63912218223530_n2_cnn1_translation_1.0,3.0_ctag0_model_seed42_itr20_sgd_itr1_N2_advStd_branchPri_boundTight_n1ProbeLP_relaxT0.1_seed4_elimOrg0_elimPert19_HyperAttackHints_VagharDeps_PerturbedIntervals_cTag1.txt"
cnn1,translation,"1,3",0,5,270.72,620.73,53.988235,54.441286,54.315020,54.851340,0.410053,no,off,no,yes,yes,no,off,0.1,elim not activated,elim not activated,1,17,4,2.29x,0.00,620.73,2.29x,0.453052,0.536320,,OPTIMAL,"/root/Downloads/for_dana/vaghar_org/paper_experiments/mnist/cnn1_exp/translation/eps_1,3/vagharWithPerturbed_cnn1_seed42_itr20_sgd_itr1/63910124875715_cnn1_translation_1.0,3.0_ctag0__HyperAttackHints_VagharDeps_PertruebedIntervals_cTag1.txt","/root/Downloads/for_dana/vaghar_org/paper_experiments/mnist/cnn1_exp/translation/eps_1,3/advStd_cnn1_N1_model_seed42_itr20/63912216845489_n2_cnn1_translation_1.0,3.0_ctag0_model_seed42_itr20_sgd_itr1_N2_advStd_boundTight_relaxT0.1_varHint_seed4_HyperAttackHints_VagharDeps_PerturbedIntervals_cTag1.txt"
cnn1,translation,"1,3",0,5,270.72,682.24,53.988235,54.441286,54.259525,54.797306,0.356020,no,bounds,no,yes,no,yes,off,0.1,elim not activated,elim not activated,1,17,4,2.52x,0.00,682.24,2.52x,0.453052,0.537781,,OPTIMAL,"/root/Downloads/for_dana/vaghar_org/paper_experiments/mnist/cnn1_exp/translation/eps_1,3/vagharWithPerturbed_cnn1_seed42_itr20_sgd_itr1/63910124875715_cnn1_translation_1.0,3.0_ctag0__HyperAttackHints_VagharDeps_PertruebedIntervals_cTag1.txt","/root/Downloads/for_dana/vaghar_org/paper_experiments/mnist/cnn1_exp/translation/eps_1,3/advStd_cnn1_N1_model_seed42_itr20/63912218616096_n2_cnn1_translation_1.0,3.0_ctag0_model_seed42_itr20_sgd_itr1_N2_advStd_branchPri_boundTight_zonoBounds_relaxT0.1_seed4_HyperAttackHints_VagharDeps_PerturbedIntervals_cTag1.txt"
cnn1,translation,"1,3",0,5,270.72,755.97,53.988235,54.441286,54.315020,54.851340,0.410053,no,off,no,yes,yes,yes,lp,0.1,0,19,1,17,4,2.79x,21.72,777.69,2.87x,0.453052,0.536320,,OPTIMAL,"/root/Downloads/for_dana/vaghar_org/paper_experiments/mnist/cnn1_exp/translation/eps_1,3/vagharWithPerturbed_cnn1_seed42_itr20_sgd_itr1/63910124875715_cnn1_translation_1.0,3.0_ctag0__HyperAttackHints_VagharDeps_PertruebedIntervals_cTag1.txt","/root/Downloads/for_dana/vaghar_org/paper_experiments/mnist/cnn1_exp/translation/eps_1,3/advStd_cnn1_N1_model_seed42_itr20/63912217186451_n2_cnn1_translation_1.0,3.0_ctag0_model_seed42_itr20_sgd_itr1_N2_advStd_boundTight_zonoBounds_n1ProbeLP_relaxT0.1_varHint_seed4_elimOrg0_elimPert19_HyperAttackHints_VagharDeps_PerturbedIntervals_cTag1.txt"
cnn1,translation,"1,3",0,5,270.72,773.37,53.988235,54.441286,54.314756,54.805039,0.363753,no,off,no,yes,yes,yes,lp,0.01,0,19,1,9,4,2.86x,24.35,797.71,2.95x,0.453052,0.490284,,OPTIMAL,"/root/Downloads/for_dana/vaghar_org/paper_experiments/mnist/cnn1_exp/translation/eps_1,3/vagharWithPerturbed_cnn1_seed42_itr20_sgd_itr1/63910124875715_cnn1_translation_1.0,3.0_ctag0__HyperAttackHints_VagharDeps_PertruebedIntervals_cTag1.txt","/root/Downloads/for_dana/vaghar_org/paper_experiments/mnist/cnn1_exp/translation/eps_1,3/advStd_cnn1_N1_model_seed42_itr20/63912168988156_n2_cnn1_translation_1.0,3.0_ctag0_model_seed42_itr20_sgd_itr1_N2_advStd_boundTight_zonoBounds_n1ProbeLP_relaxT0.01_varHint_seed4_elimOrg0_elimPert19_HyperAttackHints_VagharDeps_PerturbedIntervals_cTag1.txt"
cnn1,translation,"1,3",0,5,270.72,1421.28,53.988235,54.441286,54.315677,54.843411,0.402124,no,bounds,no,yes,yes,yes,lp,0.1,0,19,1,17,4,5.25x,21.06,1442.34,5.33x,0.453052,0.527734,,OPTIMAL,"/root/Downloads/for_dana/vaghar_org/paper_experiments/mnist/cnn1_exp/translation/eps_1,3/vagharWithPerturbed_cnn1_seed42_itr20_sgd_itr1/63910124875715_cnn1_translation_1.0,3.0_ctag0__HyperAttackHints_VagharDeps_PertruebedIntervals_cTag1.txt","/root/Downloads/for_dana/vaghar_org/paper_experiments/mnist/cnn1_exp/translation/eps_1,3/advStd_cnn1_N1_model_seed42_itr20/63912175937131_n2_cnn1_translation_1.0,3.0_ctag0_model_seed42_itr20_sgd_itr1_N2_advStd_branchPri_boundTight_zonoBounds_n1ProbeLP_relaxT0.1_varHint_seed4_elimOrg0_elimPert19_HyperAttackHints_VagharDeps_PerturbedIntervals_cTag1.txt"
cnn1,translation,"1,3",0,5,270.72,1511.62,53.988235,54.441286,54.315677,54.843411,0.402124,no,bounds,no,yes,yes,no,lp,0.1,0,19,1,17,4,5.58x,20.89,1532.51,5.66x,0.453052,0.527734,,OPTIMAL,"/root/Downloads/for_dana/vaghar_org/paper_experiments/mnist/cnn1_exp/translation/eps_1,3/vagharWithPerturbed_cnn1_seed42_itr20_sgd_itr1/63910124875715_cnn1_translation_1.0,3.0_ctag0__HyperAttackHints_VagharDeps_PertruebedIntervals_cTag1.txt","/root/Downloads/for_dana/vaghar_org/paper_experiments/mnist/cnn1_exp/translation/eps_1,3/advStd_cnn1_N1_model_seed42_itr20/63912218328125_n2_cnn1_translation_1.0,3.0_ctag0_model_seed42_itr20_sgd_itr1_N2_advStd_branchPri_boundTight_n1ProbeLP_relaxT0.1_varHint_seed4_elimOrg0_elimPert19_HyperAttackHints_VagharDeps_PerturbedIntervals_cTag1.txt"
cnn1,translation,"1,3",0,5,270.72,1541.12,53.988235,54.441286,54.200326,54.672062,0.230775,no,bounds,no,yes,no,no,off,0.1,elim not activated,elim not activated,1,17,4,5.69x,0.00,1541.12,5.69x,0.453052,0.471736,,OPTIMAL,"/root/Downloads/for_dana/vaghar_org/paper_experiments/mnist/cnn1_exp/translation/eps_1,3/vagharWithPerturbed_cnn1_seed42_itr20_sgd_itr1/63910124875715_cnn1_translation_1.0,3.0_ctag0__HyperAttackHints_VagharDeps_PertruebedIntervals_cTag1.txt","/root/Downloads/for_dana/vaghar_org/paper_experiments/mnist/cnn1_exp/translation/eps_1,3/advStd_cnn1_N1_model_seed42_itr20/63912169733436_n2_cnn1_translation_1.0,3.0_ctag0_model_seed42_itr20_sgd_itr1_N2_advStd_branchPri_boundTight_relaxT0.1_seed4_HyperAttackHints_VagharDeps_PerturbedIntervals_cTag1.txt"
cnn1,translation,"1,3",0,5,270.72,1767.88,53.988235,54.441286,54.299418,54.840207,0.398920,no,bounds,no,yes,no,yes,lp,0.1,0,19,1,17,4,6.53x,22.56,1790.43,6.61x,0.453052,0.540789,,OPTIMAL,"/root/Downloads/for_dana/vaghar_org/paper_experiments/mnist/cnn1_exp/translation/eps_1,3/vagharWithPerturbed_cnn1_seed42_itr20_sgd_itr1/63910124875715_cnn1_translation_1.0,3.0_ctag0__HyperAttackHints_VagharDeps_PertruebedIntervals_cTag1.txt","/root/Downloads/for_dana/vaghar_org/paper_experiments/mnist/cnn1_exp/translation/eps_1,3/advStd_cnn1_N1_model_seed42_itr20/63912174557036_n2_cnn1_translation_1.0,3.0_ctag0_model_seed42_itr20_sgd_itr1_N2_advStd_branchPri_boundTight_zonoBounds_n1ProbeLP_relaxT0.1_seed4_elimOrg0_elimPert19_HyperAttackHints_VagharDeps_PerturbedIntervals_cTag1.txt"
cnn1,translation,"1,3",0,5,270.72,1813.97,53.988235,54.441286,54.315702,55.207963,0.766676,no,bounds,no,yes,yes,no,off,0.1,elim not activated,elim not activated,1,17,4,6.70x,0.00,1813.97,6.70x,0.453052,0.892260,,TIME_LIMIT,"/root/Downloads/for_dana/vaghar_org/paper_experiments/mnist/cnn1_exp/translation/eps_1,3/vagharWithPerturbed_cnn1_seed42_itr20_sgd_itr1/63910124875715_cnn1_translation_1.0,3.0_ctag0__HyperAttackHints_VagharDeps_PertruebedIntervals_cTag1.txt","/root/Downloads/for_dana/vaghar_org/paper_experiments/mnist/cnn1_exp/translation/eps_1,3/advStd_cnn1_N1_model_seed42_itr20/63912169816166_n2_cnn1_translation_1.0,3.0_ctag0_model_seed42_itr20_sgd_itr1_N2_advStd_branchPri_boundTight_relaxT0.1_varHint_seed4_HyperAttackHints_VagharDeps_PerturbedIntervals_cTag1.txt"
cnn1,translation,"1,3",0,5,270.72,1812.97,53.988235,54.441286,54.298666,57.439777,2.998491,no,bounds,no,yes,no,yes,off,0.01,elim not activated,elim not activated,1,9,4,6.70x,0.00,1812.97,6.70x,0.453052,3.141111,,TIME_LIMIT,"/root/Downloads/for_dana/vaghar_org/paper_experiments/mnist/cnn1_exp/translation/eps_1,3/vagharWithPerturbed_cnn1_seed42_itr20_sgd_itr1/63910124875715_cnn1_translation_1.0,3.0_ctag0__HyperAttackHints_VagharDeps_PertruebedIntervals_cTag1.txt","/root/Downloads/for_dana/vaghar_org/paper_experiments/mnist/cnn1_exp/translation/eps_1,3/advStd_cnn1_N1_model_seed42_itr20/63912170623818_n2_cnn1_translation_1.0,3.0_ctag0_model_seed42_itr20_sgd_itr1_N2_advStd_branchPri_boundTight_zonoBounds_relaxT0.01_seed4_HyperAttackHints_VagharDeps_PerturbedIntervals_cTag1.txt"
cnn1,translation,"1,3",0,5,270.72,1812.66,53.988235,54.441286,54.315677,54.843411,0.402124,no,bounds,no,yes,yes,yes,off,0.1,elim not activated,elim not activated,1,17,4,6.70x,0.00,1812.66,6.70x,0.453052,0.527734,,TIME_LIMIT,"/root/Downloads/for_dana/vaghar_org/paper_experiments/mnist/cnn1_exp/translation/eps_1,3/vagharWithPerturbed_cnn1_seed42_itr20_sgd_itr1/63910124875715_cnn1_translation_1.0,3.0_ctag0__HyperAttackHints_VagharDeps_PertruebedIntervals_cTag1.txt","/root/Downloads/for_dana/vaghar_org/paper_experiments/mnist/cnn1_exp/translation/eps_1,3/advStd_cnn1_N1_model_seed42_itr20/63912174260578_n2_cnn1_translation_1.0,3.0_ctag0_model_seed42_itr20_sgd_itr1_N2_advStd_branchPri_boundTight_zonoBounds_relaxT0.1_varHint_seed4_HyperAttackHints_VagharDeps_PerturbedIntervals_cTag1.txt"
cnn1,translation,"1,3",0,5,270.72,1821.95,53.988235,54.441286,54.299477,57.219027,2.777741,no,bounds,no,yes,no,no,lp,0.01,0,19,1,9,4,6.73x,20.77,1842.72,6.81x,0.453052,2.919550,,TIME_LIMIT,"/root/Downloads/for_dana/vaghar_org/paper_experiments/mnist/cnn1_exp/translation/eps_1,3/vagharWithPerturbed_cnn1_seed42_itr20_sgd_itr1/63910124875715_cnn1_translation_1.0,3.0_ctag0__HyperAttackHints_VagharDeps_PertruebedIntervals_cTag1.txt","/root/Downloads/for_dana/vaghar_org/paper_experiments/mnist/cnn1_exp/translation/eps_1,3/advStd_cnn1_N1_model_seed42_itr20/63912170571082_n2_cnn1_translation_1.0,3.0_ctag0_model_seed42_itr20_sgd_itr1_N2_advStd_branchPri_boundTight_n1ProbeLP_relaxT0.01_seed4_elimOrg0_elimPert19_HyperAttackHints_VagharDeps_PerturbedIntervals_cTag1.txt"
cnn1,translation,"1,3",0,5,270.72,1820.65,53.988235,54.441286,54.315684,54.956297,0.515011,no,bounds,no,yes,yes,yes,off,0.01,elim not activated,elim not activated,1,9,4,6.73x,0.00,1820.65,6.73x,0.453052,0.640613,,TIME_LIMIT,"/root/Downloads/for_dana/vaghar_org/paper_experiments/mnist/cnn1_exp/translation/eps_1,3/vagharWithPerturbed_cnn1_seed42_itr20_sgd_itr1/63910124875715_cnn1_translation_1.0,3.0_ctag0__HyperAttackHints_VagharDeps_PertruebedIntervals_cTag1.txt","/root/Downloads/for_dana/vaghar_org/paper_experiments/mnist/cnn1_exp/translation/eps_1,3/advStd_cnn1_N1_model_seed42_itr20/63912170976030_n2_cnn1_translation_1.0,3.0_ctag0_model_seed42_itr20_sgd_itr1_N2_advStd_branchPri_boundTight_zonoBounds_relaxT0.01_varHint_seed4_HyperAttackHints_VagharDeps_PerturbedIntervals_cTag1.txt"
,,,,,,,,,,,,,,,,,,,,,,,,,,,,,,,,,,
cnn1,translation,"3,1",0,3,458.41,1812.10,53.889233,54.343174,54.129284,56.813509,2.470335,no,bounds,no,yes,no,no,off,0.1,elim not activated,elim not activated,1,27,4,3.95x,0.00,1812.10,3.95x,0.453940,2.684224,,TIME_LIMIT,"/root/Downloads/for_dana/vaghar_org/paper_experiments/mnist/cnn1_exp/translation/eps_3,1/vagharWithPerturbed_cnn1_seed42_itr20_sgd_itr1/63910125470028_cnn1_translation_3.0,1.0_ctag0__HyperAttackHints_VagharDeps_PertruebedIntervals_cTag1.txt","/root/Downloads/for_dana/vaghar_org/paper_experiments/mnist/cnn1_exp/translation/eps_3,1/advStd_cnn1_N1_model_seed42_itr20/63912182346512_n2_cnn1_translation_3.0,1.0_ctag0_model_seed42_itr20_sgd_itr1_N2_advStd_branchPri_boundTight_relaxT0.1_seed4_HyperAttackHints_VagharDeps_PerturbedIntervals_cTag1.txt"
cnn1,translation,"3,1",0,3,458.41,1812.24,53.889233,54.343174,54.151599,60.735504,6.392330,no,bounds,no,yes,yes,yes,off,0.01,elim not activated,elim not activated,1,1,4,3.95x,0.00,1812.24,3.95x,0.453940,6.583904,,TIME_LIMIT,"/root/Downloads/for_dana/vaghar_org/paper_experiments/mnist/cnn1_exp/translation/eps_3,1/vagharWithPerturbed_cnn1_seed42_itr20_sgd_itr1/63910125470028_cnn1_translation_3.0,1.0_ctag0__HyperAttackHints_VagharDeps_PertruebedIntervals_cTag1.txt","/root/Downloads/for_dana/vaghar_org/paper_experiments/mnist/cnn1_exp/translation/eps_3,1/advStd_cnn1_N1_model_seed42_itr20/63912185048937_n2_cnn1_translation_3.0,1.0_ctag0_model_seed42_itr20_sgd_itr1_N2_advStd_branchPri_boundTight_zonoBounds_relaxT0.01_varHint_seed4_HyperAttackHints_VagharDeps_PerturbedIntervals_cTag1.txt"
cnn1,translation,"3,1",0,3,458.41,1811.36,53.889233,54.343174,54.202931,58.591062,4.247889,no,bounds,no,yes,yes,yes,off,0.1,elim not activated,elim not activated,1,27,4,3.95x,0.00,1811.36,3.95x,0.453940,4.388131,,TIME_LIMIT,"/root/Downloads/for_dana/vaghar_org/paper_experiments/mnist/cnn1_exp/translation/eps_3,1/vagharWithPerturbed_cnn1_seed42_itr20_sgd_itr1/63910125470028_cnn1_translation_3.0,1.0_ctag0__HyperAttackHints_VagharDeps_PertruebedIntervals_cTag1.txt","/root/Downloads/for_dana/vaghar_org/paper_experiments/mnist/cnn1_exp/translation/eps_3,1/advStd_cnn1_N1_model_seed42_itr20/63912185270880_n2_cnn1_translation_3.0,1.0_ctag0_model_seed42_itr20_sgd_itr1_N2_advStd_branchPri_boundTight_zonoBounds_relaxT0.1_varHint_seed4_HyperAttackHints_VagharDeps_PerturbedIntervals_cTag1.txt"
cnn1,translation,"3,1",0,3,458.41,1811.49,53.889233,54.343174,54.103983,57.809181,3.466008,no,bounds,no,yes,no,yes,lp,0.1,0,9,1,27,4,3.95x,20.54,1832.03,4.00x,0.453940,3.705198,,TIME_LIMIT,"/root/Downloads/for_dana/vaghar_org/paper_experiments/mnist/cnn1_exp/translation/eps_3,1/vagharWithPerturbed_cnn1_seed42_itr20_sgd_itr1/63910125470028_cnn1_translation_3.0,1.0_ctag0__HyperAttackHints_VagharDeps_PertruebedIntervals_cTag1.txt","/root/Downloads/for_dana/vaghar_org/paper_experiments/mnist/cnn1_exp/translation/eps_3,1/advStd_cnn1_N1_model_seed42_itr20/63912185598637_n2_cnn1_translation_3.0,1.0_ctag0_model_seed42_itr20_sgd_itr1_N2_advStd_branchPri_boundTight_zonoBounds_n1ProbeLP_relaxT0.1_seed4_elimOrg0_elimPert9_HyperAttackHints_VagharDeps_PerturbedIntervals_cTag1.txt"
cnn1,translation,"3,1",0,3,458.41,1812.62,53.889233,54.343174,54.103983,56.911020,2.567847,no,bounds,no,yes,no,no,lp,0.1,0,9,1,27,4,3.95x,19.96,1832.58,4.00x,0.453940,2.807037,,TIME_LIMIT,"/root/Downloads/for_dana/vaghar_org/paper_experiments/mnist/cnn1_exp/translation/eps_3,1/vagharWithPerturbed_cnn1_seed42_itr20_sgd_itr1/63910125470028_cnn1_translation_3.0,1.0_ctag0__HyperAttackHints_VagharDeps_PertruebedIntervals_cTag1.txt","/root/Downloads/for_dana/vaghar_org/paper_experiments/mnist/cnn1_exp/translation/eps_3,1/advStd_cnn1_N1_model_seed42_itr20/63912224070947_n2_cnn1_translation_3.0,1.0_ctag0_model_seed42_itr20_sgd_itr1_N2_advStd_branchPri_boundTight_n1ProbeLP_relaxT0.1_seed4_elimOrg0_elimPert9_HyperAttackHints_VagharDeps_PerturbedIntervals_cTag1.txt"
cnn1,translation,"3,1",0,3,458.41,1811.59,53.889233,54.343174,54.202932,57.716392,3.373219,no,bounds,no,yes,yes,no,lp,0.1,0,9,1,27,4,3.95x,20.03,1831.62,4.00x,0.453940,3.513460,,TIME_LIMIT,"/root/Downloads/for_dana/vaghar_org/paper_experiments/mnist/cnn1_exp/translation/eps_3,1/vagharWithPerturbed_cnn1_seed42_itr20_sgd_itr1/63910125470028_cnn1_translation_3.0,1.0_ctag0__HyperAttackHints_VagharDeps_PertruebedIntervals_cTag1.txt","/root/Downloads/for_dana/vaghar_org/paper_experiments/mnist/cnn1_exp/translation/eps_3,1/advStd_cnn1_N1_model_seed42_itr20/63912224807256_n2_cnn1_translation_3.0,1.0_ctag0_model_seed42_itr20_sgd_itr1_N2_advStd_branchPri_boundTight_n1ProbeLP_relaxT0.1_varHint_seed4_elimOrg0_elimPert9_HyperAttackHints_VagharDeps_PerturbedIntervals_cTag1.txt"
cnn1,translation,"3,1",0,3,458.41,1812.49,53.889233,54.343174,54.129284,56.843331,2.500158,no,bounds,no,yes,no,yes,off,0.1,elim not activated,elim not activated,1,27,4,3.95x,0.00,1812.49,3.95x,0.453940,2.714047,,TIME_LIMIT,"/root/Downloads/for_dana/vaghar_org/paper_experiments/mnist/cnn1_exp/translation/eps_3,1/vagharWithPerturbed_cnn1_seed42_itr20_sgd_itr1/63910125470028_cnn1_translation_3.0,1.0_ctag0__HyperAttackHints_VagharDeps_PertruebedIntervals_cTag1.txt","/root/Downloads/for_dana/vaghar_org/paper_experiments/mnist/cnn1_exp/translation/eps_3,1/advStd_cnn1_N1_model_seed42_itr20/63912225347100_n2_cnn1_translation_3.0,1.0_ctag0_model_seed42_itr20_sgd_itr1_N2_advStd_branchPri_boundTight_zonoBounds_relaxT0.1_seed4_HyperAttackHints_VagharDeps_PerturbedIntervals_cTag1.txt"
cnn1,translation,"3,1",0,3,458.41,1817.41,53.889233,54.343174,54.202932,57.592000,3.248826,no,bounds,no,yes,yes,no,off,0.1,elim not activated,elim not activated,1,27,4,3.96x,0.00,1817.41,3.96x,0.453940,3.389067,,TIME_LIMIT,"/root/Downloads/for_dana/vaghar_org/paper_experiments/mnist/cnn1_exp/translation/eps_3,1/vagharWithPerturbed_cnn1_seed42_itr20_sgd_itr1/63910125470028_cnn1_translation_3.0,1.0_ctag0__HyperAttackHints_VagharDeps_PertruebedIntervals_cTag1.txt","/root/Downloads/for_dana/vaghar_org/paper_experiments/mnist/cnn1_exp/translation/eps_3,1/advStd_cnn1_N1_model_seed42_itr20/63912182561729_n2_cnn1_translation_3.0,1.0_ctag0_model_seed42_itr20_sgd_itr1_N2_advStd_branchPri_boundTight_relaxT0.1_varHint_seed4_HyperAttackHints_VagharDeps_PerturbedIntervals_cTag1.txt"
cnn1,translation,"3,1",0,3,458.41,1814.89,53.889233,54.343174,53.991684,61.789344,7.446170,no,bounds,no,yes,no,no,lp,0.01,0,9,1,1,4,3.96x,23.55,1838.44,4.01x,0.453940,7.797660,,TIME_LIMIT,"/root/Downloads/for_dana/vaghar_org/paper_experiments/mnist/cnn1_exp/translation/eps_3,1/vagharWithPerturbed_cnn1_seed42_itr20_sgd_itr1/63910125470028_cnn1_translation_3.0,1.0_ctag0__HyperAttackHints_VagharDeps_PertruebedIntervals_cTag1.txt","/root/Downloads/for_dana/vaghar_org/paper_experiments/mnist/cnn1_exp/translation/eps_3,1/advStd_cnn1_N1_model_seed42_itr20/63912184600801_n2_cnn1_translation_3.0,1.0_ctag0_model_seed42_itr20_sgd_itr1_N2_advStd_branchPri_boundTight_n1ProbeLP_relaxT0.01_seed4_elimOrg0_elimPert9_HyperAttackHints_VagharDeps_PerturbedIntervals_cTag1.txt"
cnn1,translation,"3,1",0,3,458.41,1813.66,53.889233,54.343174,53.995422,62.055793,7.712620,no,bounds,no,yes,no,yes,off,0.01,elim not activated,elim not activated,1,1,4,3.96x,0.00,1813.66,3.96x,0.453940,8.060372,,TIME_LIMIT,"/root/Downloads/for_dana/vaghar_org/paper_experiments/mnist/cnn1_exp/translation/eps_3,1/vagharWithPerturbed_cnn1_seed42_itr20_sgd_itr1/63910125470028_cnn1_translation_3.0,1.0_ctag0__HyperAttackHints_VagharDeps_PertruebedIntervals_cTag1.txt","/root/Downloads/for_dana/vaghar_org/paper_experiments/mnist/cnn1_exp/translation/eps_3,1/advStd_cnn1_N1_model_seed42_itr20/63912184952077_n2_cnn1_translation_3.0,1.0_ctag0_model_seed42_itr20_sgd_itr1_N2_advStd_branchPri_boundTight_zonoBounds_relaxT0.01_seed4_HyperAttackHints_VagharDeps_PerturbedIntervals_cTag1.txt"
cnn1,translation,"3,1",0,3,458.41,1813.10,53.889233,54.343174,54.202932,57.676318,3.333144,no,bounds,no,yes,yes,yes,lp,0.1,0,9,1,27,4,3.96x,22.98,1836.08,4.01x,0.453940,3.473386,,TIME_LIMIT,"/root/Downloads/for_dana/vaghar_org/paper_experiments/mnist/cnn1_exp/translation/eps_3,1/vagharWithPerturbed_cnn1_seed42_itr20_sgd_itr1/63910125470028_cnn1_translation_3.0,1.0_ctag0__HyperAttackHints_VagharDeps_PertruebedIntervals_cTag1.txt","/root/Downloads/for_dana/vaghar_org/paper_experiments/mnist/cnn1_exp/translation/eps_3,1/advStd_cnn1_N1_model_seed42_itr20/63912190006703_n2_cnn1_translation_3.0,1.0_ctag0_model_seed42_itr20_sgd_itr1_N2_advStd_branchPri_boundTight_zonoBounds_n1ProbeLP_relaxT0.1_varHint_seed4_elimOrg0_elimPert9_HyperAttackHints_VagharDeps_PerturbedIntervals_cTag1.txt"
,,,,,,,,,,,,,,,,,,,,,,,,,,,,,,,,,,
cnn1,translation,"3,1",0,4,270.41,281.77,53.813611,54.343928,53.931285,54.339125,-0.004802,no,off,no,yes,no,no,off,0.01,elim not activated,elim not activated,1,1,4,1.04x,0.00,281.77,1.04x,0.530317,0.407841,OPTIMAL,OPTIMAL,"/root/Downloads/for_dana/vaghar_org/paper_experiments/mnist/cnn1_exp/translation/eps_3,1/vagharWithPerturbed_cnn1_model_seed42_itr20_sgd_itr1/63912116941380_cnn1_translation_3.0,1.0_ctag0__HyperAttackHints_VagharDeps_PertruebedIntervals_cTag1.txt","/root/Downloads/for_dana/vaghar_org/paper_experiments/mnist/cnn1_exp/translation/eps_3,1/advStd_cnn1_N1_model_seed42_itr20/63912177081103_n2_cnn1_translation_3.0,1.0_ctag0_model_seed42_itr20_sgd_itr1_N2_advStd_boundTight_relaxT0.01_seed4_HyperAttackHints_VagharDeps_PerturbedIntervals_cTag1.txt"
cnn1,translation,"3,1",0,4,270.41,297.11,53.813611,54.343928,53.801262,54.339125,-0.004802,no,off,no,yes,no,no,lp,0.1,0,9,1,27,4,1.10x,20.59,317.69,1.17x,0.530317,0.537863,OPTIMAL,OPTIMAL,"/root/Downloads/for_dana/vaghar_org/paper_experiments/mnist/cnn1_exp/translation/eps_3,1/vagharWithPerturbed_cnn1_model_seed42_itr20_sgd_itr1/63912116941380_cnn1_translation_3.0,1.0_ctag0__HyperAttackHints_VagharDeps_PertruebedIntervals_cTag1.txt","/root/Downloads/for_dana/vaghar_org/paper_experiments/mnist/cnn1_exp/translation/eps_3,1/advStd_cnn1_N1_model_seed42_itr20/63912178298255_n2_cnn1_translation_3.0,1.0_ctag0_model_seed42_itr20_sgd_itr1_N2_advStd_boundTight_n1ProbeLP_relaxT0.1_seed4_elimOrg0_elimPert9_HyperAttackHints_VagharDeps_PerturbedIntervals_cTag1.txt"
cnn1,translation,"3,1",0,4,270.41,302.15,53.813611,54.343928,53.801262,54.339125,-0.004802,no,off,no,yes,no,yes,lp,0.1,0,9,1,27,4,1.12x,22.43,324.58,1.20x,0.530317,0.537863,OPTIMAL,OPTIMAL,"/root/Downloads/for_dana/vaghar_org/paper_experiments/mnist/cnn1_exp/translation/eps_3,1/vagharWithPerturbed_cnn1_model_seed42_itr20_sgd_itr1/63912116941380_cnn1_translation_3.0,1.0_ctag0__HyperAttackHints_VagharDeps_PertruebedIntervals_cTag1.txt","/root/Downloads/for_dana/vaghar_org/paper_experiments/mnist/cnn1_exp/translation/eps_3,1/advStd_cnn1_N1_model_seed42_itr20/63912181802689_n2_cnn1_translation_3.0,1.0_ctag0_model_seed42_itr20_sgd_itr1_N2_advStd_boundTight_zonoBounds_n1ProbeLP_relaxT0.1_seed4_elimOrg0_elimPert9_HyperAttackHints_VagharDeps_PerturbedIntervals_cTag1.txt"
cnn1,translation,"3,1",0,4,270.41,304.87,53.813611,54.343928,53.801262,54.339125,-0.004802,no,off,no,yes,no,no,off,0.1,elim not activated,elim not activated,1,27,4,1.13x,0.00,304.87,1.13x,0.530317,0.537863,OPTIMAL,OPTIMAL,"/root/Downloads/for_dana/vaghar_org/paper_experiments/mnist/cnn1_exp/translation/eps_3,1/vagharWithPerturbed_cnn1_model_seed42_itr20_sgd_itr1/63912116941380_cnn1_translation_3.0,1.0_ctag0__HyperAttackHints_VagharDeps_PertruebedIntervals_cTag1.txt","/root/Downloads/for_dana/vaghar_org/paper_experiments/mnist/cnn1_exp/translation/eps_3,1/advStd_cnn1_N1_model_seed42_itr20/63912178289535_n2_cnn1_translation_3.0,1.0_ctag0_model_seed42_itr20_sgd_itr1_N2_advStd_boundTight_relaxT0.1_seed4_HyperAttackHints_VagharDeps_PerturbedIntervals_cTag1.txt"
cnn1,translation,"3,1",0,4,270.41,327.12,53.813611,54.343928,53.801262,54.339125,-0.004802,no,off,no,yes,no,yes,off,0.1,elim not activated,elim not activated,1,27,4,1.21x,0.00,327.12,1.21x,0.530317,0.537863,OPTIMAL,OPTIMAL,"/root/Downloads/for_dana/vaghar_org/paper_experiments/mnist/cnn1_exp/translation/eps_3,1/vagharWithPerturbed_cnn1_model_seed42_itr20_sgd_itr1/63912116941380_cnn1_translation_3.0,1.0_ctag0__HyperAttackHints_VagharDeps_PertruebedIntervals_cTag1.txt","/root/Downloads/for_dana/vaghar_org/paper_experiments/mnist/cnn1_exp/translation/eps_3,1/advStd_cnn1_N1_model_seed42_itr20/63912221959693_n2_cnn1_translation_3.0,1.0_ctag0_model_seed42_itr20_sgd_itr1_N2_advStd_boundTight_zonoBounds_relaxT0.1_seed4_HyperAttackHints_VagharDeps_PerturbedIntervals_cTag1.txt"
cnn1,translation,"3,1",0,4,270.41,339.65,53.813611,54.343928,53.931285,54.339125,-0.004802,no,off,no,yes,no,yes,lp,0.01,0,9,1,1,4,1.26x,22.41,362.06,1.34x,0.530317,0.407841,OPTIMAL,OPTIMAL,"/root/Downloads/for_dana/vaghar_org/paper_experiments/mnist/cnn1_exp/translation/eps_3,1/vagharWithPerturbed_cnn1_model_seed42_itr20_sgd_itr1/63912116941380_cnn1_translation_3.0,1.0_ctag0__HyperAttackHints_VagharDeps_PertruebedIntervals_cTag1.txt","/root/Downloads/for_dana/vaghar_org/paper_experiments/mnist/cnn1_exp/translation/eps_3,1/advStd_cnn1_N1_model_seed42_itr20/63912181720809_n2_cnn1_translation_3.0,1.0_ctag0_model_seed42_itr20_sgd_itr1_N2_advStd_boundTight_zonoBounds_n1ProbeLP_relaxT0.01_seed4_elimOrg0_elimPert9_HyperAttackHints_VagharDeps_PerturbedIntervals_cTag1.txt"
cnn1,translation,"3,1",0,4,270.41,355.30,53.813611,54.343928,54.068277,54.601271,0.257343,no,off,no,yes,yes,no,off,0.1,elim not activated,elim not activated,1,27,4,1.31x,0.00,355.30,1.31x,0.530317,0.532994,OPTIMAL,OPTIMAL,"/root/Downloads/for_dana/vaghar_org/paper_experiments/mnist/cnn1_exp/translation/eps_3,1/vagharWithPerturbed_cnn1_model_seed42_itr20_sgd_itr1/63912116941380_cnn1_translation_3.0,1.0_ctag0__HyperAttackHints_VagharDeps_PertruebedIntervals_cTag1.txt","/root/Downloads/for_dana/vaghar_org/paper_experiments/mnist/cnn1_exp/translation/eps_3,1/advStd_cnn1_N1_model_seed42_itr20/63912221803489_n2_cnn1_translation_3.0,1.0_ctag0_model_seed42_itr20_sgd_itr1_N2_advStd_boundTight_relaxT0.1_varHint_seed4_HyperAttackHints_VagharDeps_PerturbedIntervals_cTag1.txt"
cnn1,translation,"3,1",0,4,270.41,373.69,53.813611,54.343928,54.067390,54.582834,0.238906,no,off,no,yes,yes,yes,off,0.01,elim not activated,elim not activated,1,1,4,1.38x,0.00,373.69,1.38x,0.530317,0.515444,OPTIMAL,OPTIMAL,"/root/Downloads/for_dana/vaghar_org/paper_experiments/mnist/cnn1_exp/translation/eps_3,1/vagharWithPerturbed_cnn1_model_seed42_itr20_sgd_itr1/63912116941380_cnn1_translation_3.0,1.0_ctag0__HyperAttackHints_VagharDeps_PertruebedIntervals_cTag1.txt","/root/Downloads/for_dana/vaghar_org/paper_experiments/mnist/cnn1_exp/translation/eps_3,1/advStd_cnn1_N1_model_seed42_itr20/63912181218666_n2_cnn1_translation_3.0,1.0_ctag0_model_seed42_itr20_sgd_itr1_N2_advStd_boundTight_zonoBounds_relaxT0.01_varHint_seed4_HyperAttackHints_VagharDeps_PerturbedIntervals_cTag1.txt"
cnn1,translation,"3,1",0,4,270.41,452.38,53.813611,54.343928,54.067390,54.582834,0.238906,no,off,no,yes,yes,yes,lp,0.01,0,9,1,1,4,1.67x,22.84,475.23,1.76x,0.530317,0.515444,OPTIMAL,OPTIMAL,"/root/Downloads/for_dana/vaghar_org/paper_experiments/mnist/cnn1_exp/translation/eps_3,1/vagharWithPerturbed_cnn1_model_seed42_itr20_sgd_itr1/63912116941380_cnn1_translation_3.0,1.0_ctag0__HyperAttackHints_VagharDeps_PertruebedIntervals_cTag1.txt","/root/Downloads/for_dana/vaghar_org/paper_experiments/mnist/cnn1_exp/translation/eps_3,1/advStd_cnn1_N1_model_seed42_itr20/63912181721519_n2_cnn1_translation_3.0,1.0_ctag0_model_seed42_itr20_sgd_itr1_N2_advStd_boundTight_zonoBounds_n1ProbeLP_relaxT0.01_varHint_seed4_elimOrg0_elimPert9_HyperAttackHints_VagharDeps_PerturbedIntervals_cTag1.txt"
cnn1,translation,"3,1",0,4,270.41,453.47,53.813611,54.343928,53.931285,54.339125,-0.004802,no,off,no,yes,no,yes,off,0.01,elim not activated,elim not activated,1,1,4,1.68x,0.00,453.47,1.68x,0.530317,0.407841,OPTIMAL,OPTIMAL,"/root/Downloads/for_dana/vaghar_org/paper_experiments/mnist/cnn1_exp/translation/eps_3,1/vagharWithPerturbed_cnn1_model_seed42_itr20_sgd_itr1/63912116941380_cnn1_translation_3.0,1.0_ctag0__HyperAttackHints_VagharDeps_PertruebedIntervals_cTag1.txt","/root/Downloads/for_dana/vaghar_org/paper_experiments/mnist/cnn1_exp/translation/eps_3,1/advStd_cnn1_N1_model_seed42_itr20/63912178823179_n2_cnn1_translation_3.0,1.0_ctag0_model_seed42_itr20_sgd_itr1_N2_advStd_boundTight_zonoBounds_relaxT0.01_seed4_HyperAttackHints_VagharDeps_PerturbedIntervals_cTag1.txt"
cnn1,translation,"3,1",0,4,270.41,477.49,53.813611,54.343928,54.068277,54.601271,0.257343,no,off,no,yes,yes,yes,off,0.1,elim not activated,elim not activated,1,27,4,1.77x,0.00,477.49,1.77x,0.530317,0.532994,OPTIMAL,OPTIMAL,"/root/Downloads/for_dana/vaghar_org/paper_experiments/mnist/cnn1_exp/translation/eps_3,1/vagharWithPerturbed_cnn1_model_seed42_itr20_sgd_itr1/63912116941380_cnn1_translation_3.0,1.0_ctag0__HyperAttackHints_VagharDeps_PertruebedIntervals_cTag1.txt","/root/Downloads/for_dana/vaghar_org/paper_experiments/mnist/cnn1_exp/translation/eps_3,1/advStd_cnn1_N1_model_seed42_itr20/63912181632271_n2_cnn1_translation_3.0,1.0_ctag0_model_seed42_itr20_sgd_itr1_N2_advStd_boundTight_zonoBounds_relaxT0.1_varHint_seed4_HyperAttackHints_VagharDeps_PerturbedIntervals_cTag1.txt"
cnn1,translation,"3,1",0,4,270.41,577.78,53.813611,54.343928,54.068277,54.601271,0.257343,no,off,no,yes,yes,no,lp,0.1,0,9,1,27,4,2.14x,19.70,597.48,2.21x,0.530317,0.532994,OPTIMAL,OPTIMAL,"/root/Downloads/for_dana/vaghar_org/paper_experiments/mnist/cnn1_exp/translation/eps_3,1/vagharWithPerturbed_cnn1_model_seed42_itr20_sgd_itr1/63912116941380_cnn1_translation_3.0,1.0_ctag0__HyperAttackHints_VagharDeps_PertruebedIntervals_cTag1.txt","/root/Downloads/for_dana/vaghar_org/paper_experiments/mnist/cnn1_exp/translation/eps_3,1/advStd_cnn1_N1_model_seed42_itr20/63912223319760_n2_cnn1_translation_3.0,1.0_ctag0_model_seed42_itr20_sgd_itr1_N2_advStd_boundTight_n1ProbeLP_relaxT0.1_varHint_seed4_elimOrg0_elimPert9_HyperAttackHints_VagharDeps_PerturbedIntervals_cTag1.txt"
cnn1,translation,"3,1",0,4,270.41,605.24,53.813611,54.343928,54.068277,54.601271,0.257343,no,off,no,yes,yes,yes,lp,0.1,0,9,1,27,4,2.24x,34.51,639.75,2.37x,0.530317,0.532994,OPTIMAL,OPTIMAL,"/root/Downloads/for_dana/vaghar_org/paper_experiments/mnist/cnn1_exp/translation/eps_3,1/vagharWithPerturbed_cnn1_model_seed42_itr20_sgd_itr1/63912116941380_cnn1_translation_3.0,1.0_ctag0__HyperAttackHints_VagharDeps_PertruebedIntervals_cTag1.txt","/root/Downloads/for_dana/vaghar_org/paper_experiments/mnist/cnn1_exp/translation/eps_3,1/advStd_cnn1_N1_model_seed42_itr20/63912222457273_n2_cnn1_translation_3.0,1.0_ctag0_model_seed42_itr20_sgd_itr1_N2_advStd_boundTight_zonoBounds_n1ProbeLP_relaxT0.1_varHint_seed4_elimOrg0_elimPert9_HyperAttackHints_VagharDeps_PerturbedIntervals_cTag1.txt"
cnn1,translation,"3,1",0,4,270.41,1812.01,53.813611,54.343928,54.092112,60.566622,6.222695,no,bounds,no,yes,yes,yes,off,0.01,elim not activated,elim not activated,1,1,4,6.70x,0.00,1812.01,6.70x,0.530317,6.474510,OPTIMAL,TIME_LIMIT,"/root/Downloads/for_dana/vaghar_org/paper_experiments/mnist/cnn1_exp/translation/eps_3,1/vagharWithPerturbed_cnn1_model_seed42_itr20_sgd_itr1/63912116941380_cnn1_translation_3.0,1.0_ctag0__HyperAttackHints_VagharDeps_PertruebedIntervals_cTag1.txt","/root/Downloads/for_dana/vaghar_org/paper_experiments/mnist/cnn1_exp/translation/eps_3,1/advStd_cnn1_N1_model_seed42_itr20/63912185048937_n2_cnn1_translation_3.0,1.0_ctag0_model_seed42_itr20_sgd_itr1_N2_advStd_branchPri_boundTight_zonoBounds_relaxT0.01_varHint_seed4_HyperAttackHints_VagharDeps_PerturbedIntervals_cTag1.txt"
cnn1,translation,"3,1",0,4,270.41,1812.53,53.813611,54.343928,54.089478,57.568166,3.224239,no,bounds,no,yes,yes,yes,off,0.1,elim not activated,elim not activated,1,27,4,6.70x,0.00,1812.53,6.70x,0.530317,3.478688,OPTIMAL,TIME_LIMIT,"/root/Downloads/for_dana/vaghar_org/paper_experiments/mnist/cnn1_exp/translation/eps_3,1/vagharWithPerturbed_cnn1_model_seed42_itr20_sgd_itr1/63912116941380_cnn1_translation_3.0,1.0_ctag0__HyperAttackHints_VagharDeps_PertruebedIntervals_cTag1.txt","/root/Downloads/for_dana/vaghar_org/paper_experiments/mnist/cnn1_exp/translation/eps_3,1/advStd_cnn1_N1_model_seed42_itr20/63912185270880_n2_cnn1_translation_3.0,1.0_ctag0_model_seed42_itr20_sgd_itr1_N2_advStd_branchPri_boundTight_zonoBounds_relaxT0.1_varHint_seed4_HyperAttackHints_VagharDeps_PerturbedIntervals_cTag1.txt"
cnn1,translation,"3,1",0,4,270.41,1811.63,53.813611,54.343928,54.086426,56.032698,1.688770,no,bounds,no,yes,no,yes,lp,0.1,0,9,1,27,4,6.70x,20.54,1832.17,6.78x,0.530317,1.946272,OPTIMAL,TIME_LIMIT,"/root/Downloads/for_dana/vaghar_org/paper_experiments/mnist/cnn1_exp/translation/eps_3,1/vagharWithPerturbed_cnn1_model_seed42_itr20_sgd_itr1/63912116941380_cnn1_translation_3.0,1.0_ctag0__HyperAttackHints_VagharDeps_PertruebedIntervals_cTag1.txt","/root/Downloads/for_dana/vaghar_org/paper_experiments/mnist/cnn1_exp/translation/eps_3,1/advStd_cnn1_N1_model_seed42_itr20/63912185598637_n2_cnn1_translation_3.0,1.0_ctag0_model_seed42_itr20_sgd_itr1_N2_advStd_branchPri_boundTight_zonoBounds_n1ProbeLP_relaxT0.1_seed4_elimOrg0_elimPert9_HyperAttackHints_VagharDeps_PerturbedIntervals_cTag1.txt"
cnn1,translation,"3,1",0,4,270.41,1811.54,53.813611,54.343928,54.089478,58.191414,3.847487,no,bounds,no,yes,yes,no,lp,0.1,0,9,1,27,4,6.70x,20.03,1831.57,6.77x,0.530317,4.101936,OPTIMAL,TIME_LIMIT,"/root/Downloads/for_dana/vaghar_org/paper_experiments/mnist/cnn1_exp/translation/eps_3,1/vagharWithPerturbed_cnn1_model_seed42_itr20_sgd_itr1/63912116941380_cnn1_translation_3.0,1.0_ctag0__HyperAttackHints_VagharDeps_PertruebedIntervals_cTag1.txt","/root/Downloads/for_dana/vaghar_org/paper_experiments/mnist/cnn1_exp/translation/eps_3,1/advStd_cnn1_N1_model_seed42_itr20/63912224807256_n2_cnn1_translation_3.0,1.0_ctag0_model_seed42_itr20_sgd_itr1_N2_advStd_branchPri_boundTight_n1ProbeLP_relaxT0.1_varHint_seed4_elimOrg0_elimPert9_HyperAttackHints_VagharDeps_PerturbedIntervals_cTag1.txt"
cnn1,translation,"3,1",0,4,270.41,1814.72,53.813611,54.343928,54.082373,55.781319,1.437391,no,bounds,no,yes,no,no,off,0.1,elim not activated,elim not activated,1,27,4,6.71x,0.00,1814.72,6.71x,0.530317,1.698945,OPTIMAL,TIME_LIMIT,"/root/Downloads/for_dana/vaghar_org/paper_experiments/mnist/cnn1_exp/translation/eps_3,1/vagharWithPerturbed_cnn1_model_seed42_itr20_sgd_itr1/63912116941380_cnn1_translation_3.0,1.0_ctag0__HyperAttackHints_VagharDeps_PertruebedIntervals_cTag1.txt","/root/Downloads/for_dana/vaghar_org/paper_experiments/mnist/cnn1_exp/translation/eps_3,1/advStd_cnn1_N1_model_seed42_itr20/63912182346512_n2_cnn1_translation_3.0,1.0_ctag0_model_seed42_itr20_sgd_itr1_N2_advStd_branchPri_boundTight_relaxT0.1_seed4_HyperAttackHints_VagharDeps_PerturbedIntervals_cTag1.txt"
cnn1,translation,"3,1",0,4,270.41,1815.06,53.813611,54.343928,54.089478,57.315621,2.971693,no,bounds,no,yes,yes,no,off,0.1,elim not activated,elim not activated,1,27,4,6.71x,0.00,1815.06,6.71x,0.530317,3.226143,OPTIMAL,TIME_LIMIT,"/root/Downloads/for_dana/vaghar_org/paper_experiments/mnist/cnn1_exp/translation/eps_3,1/vagharWithPerturbed_cnn1_model_seed42_itr20_sgd_itr1/63912116941380_cnn1_translation_3.0,1.0_ctag0__HyperAttackHints_VagharDeps_PertruebedIntervals_cTag1.txt","/root/Downloads/for_dana/vaghar_org/paper_experiments/mnist/cnn1_exp/translation/eps_3,1/advStd_cnn1_N1_model_seed42_itr20/63912182561729_n2_cnn1_translation_3.0,1.0_ctag0_model_seed42_itr20_sgd_itr1_N2_advStd_branchPri_boundTight_relaxT0.1_varHint_seed4_HyperAttackHints_VagharDeps_PerturbedIntervals_cTag1.txt"
cnn1,translation,"3,1",0,4,270.41,1814.58,53.813611,54.343928,54.089478,56.391560,2.047632,no,bounds,no,yes,yes,yes,lp,0.1,0,9,1,27,4,6.71x,22.98,1837.56,6.80x,0.530317,2.302082,OPTIMAL,TIME_LIMIT,"/root/Downloads/for_dana/vaghar_org/paper_experiments/mnist/cnn1_exp/translation/eps_3,1/vagharWithPerturbed_cnn1_model_seed42_itr20_sgd_itr1/63912116941380_cnn1_translation_3.0,1.0_ctag0__HyperAttackHints_VagharDeps_PertruebedIntervals_cTag1.txt","/root/Downloads/for_dana/vaghar_org/paper_experiments/mnist/cnn1_exp/translation/eps_3,1/advStd_cnn1_N1_model_seed42_itr20/63912190006703_n2_cnn1_translation_3.0,1.0_ctag0_model_seed42_itr20_sgd_itr1_N2_advStd_branchPri_boundTight_zonoBounds_n1ProbeLP_relaxT0.1_varHint_seed4_elimOrg0_elimPert9_HyperAttackHints_VagharDeps_PerturbedIntervals_cTag1.txt"
cnn1,translation,"3,1",0,4,270.41,1813.26,53.813611,54.343928,54.086426,55.673048,1.329120,no,bounds,no,yes,no,no,lp,0.1,0,9,1,27,4,6.71x,19.96,1833.22,6.78x,0.530317,1.586621,OPTIMAL,TIME_LIMIT,"/root/Downloads/for_dana/vaghar_org/paper_experiments/mnist/cnn1_exp/translation/eps_3,1/vagharWithPerturbed_cnn1_model_seed42_itr20_sgd_itr1/63912116941380_cnn1_translation_3.0,1.0_ctag0__HyperAttackHints_VagharDeps_PertruebedIntervals_cTag1.txt","/root/Downloads/for_dana/vaghar_org/paper_experiments/mnist/cnn1_exp/translation/eps_3,1/advStd_cnn1_N1_model_seed42_itr20/63912224070947_n2_cnn1_translation_3.0,1.0_ctag0_model_seed42_itr20_sgd_itr1_N2_advStd_branchPri_boundTight_n1ProbeLP_relaxT0.1_seed4_elimOrg0_elimPert9_HyperAttackHints_VagharDeps_PerturbedIntervals_cTag1.txt"
cnn1,translation,"3,1",0,4,270.41,1813.09,53.813611,54.343928,54.082373,55.744211,1.400284,no,bounds,no,yes,no,yes,off,0.1,elim not activated,elim not activated,1,27,4,6.71x,0.00,1813.09,6.71x,0.530317,1.661838,OPTIMAL,TIME_LIMIT,"/root/Downloads/for_dana/vaghar_org/paper_experiments/mnist/cnn1_exp/translation/eps_3,1/vagharWithPerturbed_cnn1_model_seed42_itr20_sgd_itr1/63912116941380_cnn1_translation_3.0,1.0_ctag0__HyperAttackHints_VagharDeps_PertruebedIntervals_cTag1.txt","/root/Downloads/for_dana/vaghar_org/paper_experiments/mnist/cnn1_exp/translation/eps_3,1/advStd_cnn1_N1_model_seed42_itr20/63912225347100_n2_cnn1_translation_3.0,1.0_ctag0_model_seed42_itr20_sgd_itr1_N2_advStd_branchPri_boundTight_zonoBounds_relaxT0.1_seed4_HyperAttackHints_VagharDeps_PerturbedIntervals_cTag1.txt"
cnn1,translation,"3,1",0,4,270.41,1817.15,53.813611,54.343928,53.997922,60.784163,6.440235,no,bounds,no,yes,no,yes,off,0.01,elim not activated,elim not activated,1,1,4,6.72x,0.00,1817.15,6.72x,0.530317,6.786241,OPTIMAL,TIME_LIMIT,"/root/Downloads/for_dana/vaghar_org/paper_experiments/mnist/cnn1_exp/translation/eps_3,1/vagharWithPerturbed_cnn1_model_seed42_itr20_sgd_itr1/63912116941380_cnn1_translation_3.0,1.0_ctag0__HyperAttackHints_VagharDeps_PertruebedIntervals_cTag1.txt","/root/Downloads/for_dana/vaghar_org/paper_experiments/mnist/cnn1_exp/translation/eps_3,1/advStd_cnn1_N1_model_seed42_itr20/63912184952077_n2_cnn1_translation_3.0,1.0_ctag0_model_seed42_itr20_sgd_itr1_N2_advStd_branchPri_boundTight_zonoBounds_relaxT0.01_seed4_HyperAttackHints_VagharDeps_PerturbedIntervals_cTag1.txt"
cnn1,translation,"3,1",0,4,270.41,1818.81,53.813611,54.343928,53.997922,60.784163,6.440235,no,bounds,no,yes,no,no,lp,0.01,0,9,1,1,4,6.73x,23.55,1842.37,6.81x,0.530317,6.786241,OPTIMAL,TIME_LIMIT,"/root/Downloads/for_dana/vaghar_org/paper_experiments/mnist/cnn1_exp/translation/eps_3,1/vagharWithPerturbed_cnn1_model_seed42_itr20_sgd_itr1/63912116941380_cnn1_translation_3.0,1.0_ctag0__HyperAttackHints_VagharDeps_PertruebedIntervals_cTag1.txt","/root/Downloads/for_dana/vaghar_org/paper_experiments/mnist/cnn1_exp/translation/eps_3,1/advStd_cnn1_N1_model_seed42_itr20/63912184600801_n2_cnn1_translation_3.0,1.0_ctag0_model_seed42_itr20_sgd_itr1_N2_advStd_branchPri_boundTight_n1ProbeLP_relaxT0.01_seed4_elimOrg0_elimPert9_HyperAttackHints_VagharDeps_PerturbedIntervals_cTag1.txt"
,,,,,,,,,,,,,,,,,,,,,,,,,,,,,,,,,,
cnn1,translation,"3,1",0,5,285.88,309.44,54.127244,54.582090,54.277725,54.789909,0.207819,no,off,no,yes,yes,yes,lp,0.01,0,9,1,1,4,1.08x,22.84,332.29,1.16x,0.454846,0.512185,OPTIMAL,OPTIMAL,"/root/Downloads/for_dana/vaghar_org/paper_experiments/mnist/cnn1_exp/translation/eps_3,1/vagharWithPerturbed_cnn1_model_seed42_itr20_sgd_itr1/63912116941380_cnn1_translation_3.0,1.0_ctag0__HyperAttackHints_VagharDeps_PertruebedIntervals_cTag1.txt","/root/Downloads/for_dana/vaghar_org/paper_experiments/mnist/cnn1_exp/translation/eps_3,1/advStd_cnn1_N1_model_seed42_itr20/63912181721519_n2_cnn1_translation_3.0,1.0_ctag0_model_seed42_itr20_sgd_itr1_N2_advStd_boundTight_zonoBounds_n1ProbeLP_relaxT0.01_varHint_seed4_elimOrg0_elimPert9_HyperAttackHints_VagharDeps_PerturbedIntervals_cTag1.txt"
cnn1,translation,"3,1",0,5,285.88,374.13,54.127244,54.582090,54.088430,54.556240,-0.025850,no,off,no,yes,no,yes,off,0.01,elim not activated,elim not activated,1,1,4,1.31x,0.00,374.13,1.31x,0.454846,0.467810,OPTIMAL,OPTIMAL,"/root/Downloads/for_dana/vaghar_org/paper_experiments/mnist/cnn1_exp/translation/eps_3,1/vagharWithPerturbed_cnn1_model_seed42_itr20_sgd_itr1/63912116941380_cnn1_translation_3.0,1.0_ctag0__HyperAttackHints_VagharDeps_PertruebedIntervals_cTag1.txt","/root/Downloads/for_dana/vaghar_org/paper_experiments/mnist/cnn1_exp/translation/eps_3,1/advStd_cnn1_N1_model_seed42_itr20/63912178823179_n2_cnn1_translation_3.0,1.0_ctag0_model_seed42_itr20_sgd_itr1_N2_advStd_boundTight_zonoBounds_relaxT0.01_seed4_HyperAttackHints_VagharDeps_PerturbedIntervals_cTag1.txt"
cnn1,translation,"3,1",0,5,285.88,416.87,54.127244,54.582090,54.043551,54.535651,-0.046439,no,off,no,yes,no,yes,off,0.1,elim not activated,elim not activated,1,27,4,1.46x,0.00,416.87,1.46x,0.454846,0.492100,OPTIMAL,OPTIMAL,"/root/Downloads/for_dana/vaghar_org/paper_experiments/mnist/cnn1_exp/translation/eps_3,1/vagharWithPerturbed_cnn1_model_seed42_itr20_sgd_itr1/63912116941380_cnn1_translation_3.0,1.0_ctag0__HyperAttackHints_VagharDeps_PertruebedIntervals_cTag1.txt","/root/Downloads/for_dana/vaghar_org/paper_experiments/mnist/cnn1_exp/translation/eps_3,1/advStd_cnn1_N1_model_seed42_itr20/63912221959693_n2_cnn1_translation_3.0,1.0_ctag0_model_seed42_itr20_sgd_itr1_N2_advStd_boundTight_zonoBounds_relaxT0.1_seed4_HyperAttackHints_VagharDeps_PerturbedIntervals_cTag1.txt"
cnn1,translation,"3,1",0,5,285.88,429.11,54.127244,54.582090,54.043551,54.535651,-0.046439,no,off,no,yes,no,yes,lp,0.1,0,9,1,27,4,1.50x,22.43,451.54,1.58x,0.454846,0.492100,OPTIMAL,OPTIMAL,"/root/Downloads/for_dana/vaghar_org/paper_experiments/mnist/cnn1_exp/translation/eps_3,1/vagharWithPerturbed_cnn1_model_seed42_itr20_sgd_itr1/63912116941380_cnn1_translation_3.0,1.0_ctag0__HyperAttackHints_VagharDeps_PertruebedIntervals_cTag1.txt","/root/Downloads/for_dana/vaghar_org/paper_experiments/mnist/cnn1_exp/translation/eps_3,1/advStd_cnn1_N1_model_seed42_itr20/63912181802689_n2_cnn1_translation_3.0,1.0_ctag0_model_seed42_itr20_sgd_itr1_N2_advStd_boundTight_zonoBounds_n1ProbeLP_relaxT0.1_seed4_elimOrg0_elimPert9_HyperAttackHints_VagharDeps_PerturbedIntervals_cTag1.txt"
cnn1,translation,"3,1",0,5,285.88,457.73,54.127244,54.582090,54.234650,54.719644,0.137554,no,off,no,yes,yes,yes,off,0.1,elim not activated,elim not activated,1,27,4,1.60x,0.00,457.73,1.60x,0.454846,0.484994,OPTIMAL,OPTIMAL,"/root/Downloads/for_dana/vaghar_org/paper_experiments/mnist/cnn1_exp/translation/eps_3,1/vagharWithPerturbed_cnn1_model_seed42_itr20_sgd_itr1/63912116941380_cnn1_translation_3.0,1.0_ctag0__HyperAttackHints_VagharDeps_PertruebedIntervals_cTag1.txt","/root/Downloads/for_dana/vaghar_org/paper_experiments/mnist/cnn1_exp/translation/eps_3,1/advStd_cnn1_N1_model_seed42_itr20/63912181632271_n2_cnn1_translation_3.0,1.0_ctag0_model_seed42_itr20_sgd_itr1_N2_advStd_boundTight_zonoBounds_relaxT0.1_varHint_seed4_HyperAttackHints_VagharDeps_PerturbedIntervals_cTag1.txt"
cnn1,translation,"3,1",0,5,285.88,456.66,54.127244,54.582090,54.234650,54.719644,0.137554,no,off,no,yes,yes,yes,lp,0.1,0,9,1,27,4,1.60x,34.51,491.17,1.72x,0.454846,0.484994,OPTIMAL,OPTIMAL,"/root/Downloads/for_dana/vaghar_org/paper_experiments/mnist/cnn1_exp/translation/eps_3,1/vagharWithPerturbed_cnn1_model_seed42_itr20_sgd_itr1/63912116941380_cnn1_translation_3.0,1.0_ctag0__HyperAttackHints_VagharDeps_PertruebedIntervals_cTag1.txt","/root/Downloads/for_dana/vaghar_org/paper_experiments/mnist/cnn1_exp/translation/eps_3,1/advStd_cnn1_N1_model_seed42_itr20/63912222457273_n2_cnn1_translation_3.0,1.0_ctag0_model_seed42_itr20_sgd_itr1_N2_advStd_boundTight_zonoBounds_n1ProbeLP_relaxT0.1_varHint_seed4_elimOrg0_elimPert9_HyperAttackHints_VagharDeps_PerturbedIntervals_cTag1.txt"
cnn1,translation,"3,1",0,5,285.88,466.32,54.127244,54.582090,54.088430,54.556240,-0.025850,no,off,no,yes,no,yes,lp,0.01,0,9,1,1,4,1.63x,22.41,488.73,1.71x,0.454846,0.467810,OPTIMAL,OPTIMAL,"/root/Downloads/for_dana/vaghar_org/paper_experiments/mnist/cnn1_exp/translation/eps_3,1/vagharWithPerturbed_cnn1_model_seed42_itr20_sgd_itr1/63912116941380_cnn1_translation_3.0,1.0_ctag0__HyperAttackHints_VagharDeps_PertruebedIntervals_cTag1.txt","/root/Downloads/for_dana/vaghar_org/paper_experiments/mnist/cnn1_exp/translation/eps_3,1/advStd_cnn1_N1_model_seed42_itr20/63912181720809_n2_cnn1_translation_3.0,1.0_ctag0_model_seed42_itr20_sgd_itr1_N2_advStd_boundTight_zonoBounds_n1ProbeLP_relaxT0.01_seed4_elimOrg0_elimPert9_HyperAttackHints_VagharDeps_PerturbedIntervals_cTag1.txt"
cnn1,translation,"3,1",0,5,285.88,474.74,54.127244,54.582090,54.234650,54.719644,0.137554,no,off,no,yes,yes,no,off,0.1,elim not activated,elim not activated,1,27,4,1.66x,0.00,474.74,1.66x,0.454846,0.484994,OPTIMAL,OPTIMAL,"/root/Downloads/for_dana/vaghar_org/paper_experiments/mnist/cnn1_exp/translation/eps_3,1/vagharWithPerturbed_cnn1_model_seed42_itr20_sgd_itr1/63912116941380_cnn1_translation_3.0,1.0_ctag0__HyperAttackHints_VagharDeps_PertruebedIntervals_cTag1.txt","/root/Downloads/for_dana/vaghar_org/paper_experiments/mnist/cnn1_exp/translation/eps_3,1/advStd_cnn1_N1_model_seed42_itr20/63912221803489_n2_cnn1_translation_3.0,1.0_ctag0_model_seed42_itr20_sgd_itr1_N2_advStd_boundTight_relaxT0.1_varHint_seed4_HyperAttackHints_VagharDeps_PerturbedIntervals_cTag1.txt"
cnn1,translation,"3,1",0,5,285.88,530.44,54.127244,54.582090,54.234650,54.719644,0.137554,no,off,no,yes,yes,no,lp,0.1,0,9,1,27,4,1.86x,19.70,550.14,1.92x,0.454846,0.484994,OPTIMAL,OPTIMAL,"/root/Downloads/for_dana/vaghar_org/paper_experiments/mnist/cnn1_exp/translation/eps_3,1/vagharWithPerturbed_cnn1_model_seed42_itr20_sgd_itr1/63912116941380_cnn1_translation_3.0,1.0_ctag0__HyperAttackHints_VagharDeps_PertruebedIntervals_cTag1.txt","/root/Downloads/for_dana/vaghar_org/paper_experiments/mnist/cnn1_exp/translation/eps_3,1/advStd_cnn1_N1_model_seed42_itr20/63912223319760_n2_cnn1_translation_3.0,1.0_ctag0_model_seed42_itr20_sgd_itr1_N2_advStd_boundTight_n1ProbeLP_relaxT0.1_varHint_seed4_elimOrg0_elimPert9_HyperAttackHints_VagharDeps_PerturbedIntervals_cTag1.txt"
cnn1,translation,"3,1",0,5,285.88,542.89,54.127244,54.582090,54.043551,54.535651,-0.046439,no,off,no,yes,no,no,lp,0.1,0,9,1,27,4,1.90x,20.59,563.48,1.97x,0.454846,0.492100,OPTIMAL,OPTIMAL,"/root/Downloads/for_dana/vaghar_org/paper_experiments/mnist/cnn1_exp/translation/eps_3,1/vagharWithPerturbed_cnn1_model_seed42_itr20_sgd_itr1/63912116941380_cnn1_translation_3.0,1.0_ctag0__HyperAttackHints_VagharDeps_PertruebedIntervals_cTag1.txt","/root/Downloads/for_dana/vaghar_org/paper_experiments/mnist/cnn1_exp/translation/eps_3,1/advStd_cnn1_N1_model_seed42_itr20/63912178298255_n2_cnn1_translation_3.0,1.0_ctag0_model_seed42_itr20_sgd_itr1_N2_advStd_boundTight_n1ProbeLP_relaxT0.1_seed4_elimOrg0_elimPert9_HyperAttackHints_VagharDeps_PerturbedIntervals_cTag1.txt"
cnn1,translation,"3,1",0,5,285.88,576.71,54.127244,54.582090,54.043551,54.535651,-0.046439,no,off,no,yes,no,no,off,0.1,elim not activated,elim not activated,1,27,4,2.02x,0.00,576.71,2.02x,0.454846,0.492100,OPTIMAL,OPTIMAL,"/root/Downloads/for_dana/vaghar_org/paper_experiments/mnist/cnn1_exp/translation/eps_3,1/vagharWithPerturbed_cnn1_model_seed42_itr20_sgd_itr1/63912116941380_cnn1_translation_3.0,1.0_ctag0__HyperAttackHints_VagharDeps_PertruebedIntervals_cTag1.txt","/root/Downloads/for_dana/vaghar_org/paper_experiments/mnist/cnn1_exp/translation/eps_3,1/advStd_cnn1_N1_model_seed42_itr20/63912178289535_n2_cnn1_translation_3.0,1.0_ctag0_model_seed42_itr20_sgd_itr1_N2_advStd_boundTight_relaxT0.1_seed4_HyperAttackHints_VagharDeps_PerturbedIntervals_cTag1.txt"
cnn1,translation,"3,1",0,5,285.88,580.45,54.127244,54.582090,54.088430,54.556240,-0.025850,no,off,no,yes,no,no,off,0.01,elim not activated,elim not activated,1,1,4,2.03x,0.00,580.45,2.03x,0.454846,0.467810,OPTIMAL,OPTIMAL,"/root/Downloads/for_dana/vaghar_org/paper_experiments/mnist/cnn1_exp/translation/eps_3,1/vagharWithPerturbed_cnn1_model_seed42_itr20_sgd_itr1/63912116941380_cnn1_translation_3.0,1.0_ctag0__HyperAttackHints_VagharDeps_PertruebedIntervals_cTag1.txt","/root/Downloads/for_dana/vaghar_org/paper_experiments/mnist/cnn1_exp/translation/eps_3,1/advStd_cnn1_N1_model_seed42_itr20/63912177081103_n2_cnn1_translation_3.0,1.0_ctag0_model_seed42_itr20_sgd_itr1_N2_advStd_boundTight_relaxT0.01_seed4_HyperAttackHints_VagharDeps_PerturbedIntervals_cTag1.txt"
cnn1,translation,"3,1",0,5,285.88,1811.47,54.127244,54.582090,54.285507,58.763931,4.181841,no,bounds,no,yes,yes,yes,off,0.01,elim not activated,elim not activated,1,1,4,6.34x,0.00,1811.47,6.34x,0.454846,4.478424,OPTIMAL,TIME_LIMIT,"/root/Downloads/for_dana/vaghar_org/paper_experiments/mnist/cnn1_exp/translation/eps_3,1/vagharWithPerturbed_cnn1_model_seed42_itr20_sgd_itr1/63912116941380_cnn1_translation_3.0,1.0_ctag0__HyperAttackHints_VagharDeps_PertruebedIntervals_cTag1.txt","/root/Downloads/for_dana/vaghar_org/paper_experiments/mnist/cnn1_exp/translation/eps_3,1/advStd_cnn1_N1_model_seed42_itr20/63912185048937_n2_cnn1_translation_3.0,1.0_ctag0_model_seed42_itr20_sgd_itr1_N2_advStd_branchPri_boundTight_zonoBounds_relaxT0.01_varHint_seed4_HyperAttackHints_VagharDeps_PerturbedIntervals_cTag1.txt"
cnn1,translation,"3,1",0,5,285.88,1813.26,54.127244,54.582090,54.279227,56.813685,2.231595,no,bounds,no,yes,yes,yes,off,0.1,elim not activated,elim not activated,1,27,4,6.34x,0.00,1813.26,6.34x,0.454846,2.534458,OPTIMAL,TIME_LIMIT,"/root/Downloads/for_dana/vaghar_org/paper_experiments/mnist/cnn1_exp/translation/eps_3,1/vagharWithPerturbed_cnn1_model_seed42_itr20_sgd_itr1/63912116941380_cnn1_translation_3.0,1.0_ctag0__HyperAttackHints_VagharDeps_PertruebedIntervals_cTag1.txt","/root/Downloads/for_dana/vaghar_org/paper_experiments/mnist/cnn1_exp/translation/eps_3,1/advStd_cnn1_N1_model_seed42_itr20/63912185270880_n2_cnn1_translation_3.0,1.0_ctag0_model_seed42_itr20_sgd_itr1_N2_advStd_branchPri_boundTight_zonoBounds_relaxT0.1_varHint_seed4_HyperAttackHints_VagharDeps_PerturbedIntervals_cTag1.txt"
cnn1,translation,"3,1",0,5,285.88,1812.20,54.127244,54.582090,54.089927,56.345319,1.763229,no,bounds,no,yes,no,yes,lp,0.1,0,9,1,27,4,6.34x,20.54,1832.74,6.41x,0.454846,2.255392,OPTIMAL,TIME_LIMIT,"/root/Downloads/for_dana/vaghar_org/paper_experiments/mnist/cnn1_exp/translation/eps_3,1/vagharWithPerturbed_cnn1_model_seed42_itr20_sgd_itr1/63912116941380_cnn1_translation_3.0,1.0_ctag0__HyperAttackHints_VagharDeps_PertruebedIntervals_cTag1.txt","/root/Downloads/for_dana/vaghar_org/paper_experiments/mnist/cnn1_exp/translation/eps_3,1/advStd_cnn1_N1_model_seed42_itr20/63912185598637_n2_cnn1_translation_3.0,1.0_ctag0_model_seed42_itr20_sgd_itr1_N2_advStd_branchPri_boundTight_zonoBounds_n1ProbeLP_relaxT0.1_seed4_elimOrg0_elimPert9_HyperAttackHints_VagharDeps_PerturbedIntervals_cTag1.txt"
cnn1,translation,"3,1",0,5,285.88,1812.13,54.127244,54.582090,54.277003,56.321223,1.739133,no,bounds,no,yes,yes,yes,lp,0.1,0,9,1,27,4,6.34x,22.98,1835.11,6.42x,0.454846,2.044219,OPTIMAL,TIME_LIMIT,"/root/Downloads/for_dana/vaghar_org/paper_experiments/mnist/cnn1_exp/translation/eps_3,1/vagharWithPerturbed_cnn1_model_seed42_itr20_sgd_itr1/63912116941380_cnn1_translation_3.0,1.0_ctag0__HyperAttackHints_VagharDeps_PertruebedIntervals_cTag1.txt","/root/Downloads/for_dana/vaghar_org/paper_experiments/mnist/cnn1_exp/translation/eps_3,1/advStd_cnn1_N1_model_seed42_itr20/63912190006703_n2_cnn1_translation_3.0,1.0_ctag0_model_seed42_itr20_sgd_itr1_N2_advStd_branchPri_boundTight_zonoBounds_n1ProbeLP_relaxT0.1_varHint_seed4_elimOrg0_elimPert9_HyperAttackHints_VagharDeps_PerturbedIntervals_cTag1.txt"
cnn1,translation,"3,1",0,5,285.88,1811.34,54.127244,54.582090,54.277003,56.551456,1.969366,no,bounds,no,yes,yes,no,lp,0.1,0,9,1,27,4,6.34x,20.03,1831.37,6.41x,0.454846,2.274453,OPTIMAL,TIME_LIMIT,"/root/Downloads/for_dana/vaghar_org/paper_experiments/mnist/cnn1_exp/translation/eps_3,1/vagharWithPerturbed_cnn1_model_seed42_itr20_sgd_itr1/63912116941380_cnn1_translation_3.0,1.0_ctag0__HyperAttackHints_VagharDeps_PertruebedIntervals_cTag1.txt","/root/Downloads/for_dana/vaghar_org/paper_experiments/mnist/cnn1_exp/translation/eps_3,1/advStd_cnn1_N1_model_seed42_itr20/63912224807256_n2_cnn1_translation_3.0,1.0_ctag0_model_seed42_itr20_sgd_itr1_N2_advStd_branchPri_boundTight_n1ProbeLP_relaxT0.1_varHint_seed4_elimOrg0_elimPert9_HyperAttackHints_VagharDeps_PerturbedIntervals_cTag1.txt"
cnn1,translation,"3,1",0,5,285.88,1812.25,54.127244,54.582090,54.267289,56.072605,1.490514,no,bounds,no,yes,no,yes,off,0.1,elim not activated,elim not activated,1,27,4,6.34x,0.00,1812.25,6.34x,0.454846,1.805316,OPTIMAL,TIME_LIMIT,"/root/Downloads/for_dana/vaghar_org/paper_experiments/mnist/cnn1_exp/translation/eps_3,1/vagharWithPerturbed_cnn1_model_seed42_itr20_sgd_itr1/63912116941380_cnn1_translation_3.0,1.0_ctag0__HyperAttackHints_VagharDeps_PertruebedIntervals_cTag1.txt","/root/Downloads/for_dana/vaghar_org/paper_experiments/mnist/cnn1_exp/translation/eps_3,1/advStd_cnn1_N1_model_seed42_itr20/63912225347100_n2_cnn1_translation_3.0,1.0_ctag0_model_seed42_itr20_sgd_itr1_N2_advStd_branchPri_boundTight_zonoBounds_relaxT0.1_seed4_HyperAttackHints_VagharDeps_PerturbedIntervals_cTag1.txt"
cnn1,translation,"3,1",0,5,285.88,1815.61,54.127244,54.582090,54.188052,56.103846,1.521756,no,bounds,no,yes,no,no,off,0.1,elim not activated,elim not activated,1,27,4,6.35x,0.00,1815.61,6.35x,0.454846,1.915794,OPTIMAL,TIME_LIMIT,"/root/Downloads/for_dana/vaghar_org/paper_experiments/mnist/cnn1_exp/translation/eps_3,1/vagharWithPerturbed_cnn1_model_seed42_itr20_sgd_itr1/63912116941380_cnn1_translation_3.0,1.0_ctag0__HyperAttackHints_VagharDeps_PertruebedIntervals_cTag1.txt","/root/Downloads/for_dana/vaghar_org/paper_experiments/mnist/cnn1_exp/translation/eps_3,1/advStd_cnn1_N1_model_seed42_itr20/63912182346512_n2_cnn1_translation_3.0,1.0_ctag0_model_seed42_itr20_sgd_itr1_N2_advStd_branchPri_boundTight_relaxT0.1_seed4_HyperAttackHints_VagharDeps_PerturbedIntervals_cTag1.txt"
cnn1,translation,"3,1",0,5,285.88,1816.58,54.127244,54.582090,54.296349,58.804970,4.222880,no,bounds,no,yes,no,no,lp,0.01,0,9,1,1,4,6.35x,23.55,1840.13,6.44x,0.454846,4.508621,OPTIMAL,TIME_LIMIT,"/root/Downloads/for_dana/vaghar_org/paper_experiments/mnist/cnn1_exp/translation/eps_3,1/vagharWithPerturbed_cnn1_model_seed42_itr20_sgd_itr1/63912116941380_cnn1_translation_3.0,1.0_ctag0__HyperAttackHints_VagharDeps_PertruebedIntervals_cTag1.txt","/root/Downloads/for_dana/vaghar_org/paper_experiments/mnist/cnn1_exp/translation/eps_3,1/advStd_cnn1_N1_model_seed42_itr20/63912184600801_n2_cnn1_translation_3.0,1.0_ctag0_model_seed42_itr20_sgd_itr1_N2_advStd_branchPri_boundTight_n1ProbeLP_relaxT0.01_seed4_elimOrg0_elimPert9_HyperAttackHints_VagharDeps_PerturbedIntervals_cTag1.txt"
cnn1,translation,"3,1",0,5,285.88,1814.81,54.127244,54.582090,54.081763,56.482147,1.900057,no,bounds,no,yes,no,no,lp,0.1,0,9,1,27,4,6.35x,19.96,1834.77,6.42x,0.454846,2.400384,OPTIMAL,TIME_LIMIT,"/root/Downloads/for_dana/vaghar_org/paper_experiments/mnist/cnn1_exp/translation/eps_3,1/vagharWithPerturbed_cnn1_model_seed42_itr20_sgd_itr1/63912116941380_cnn1_translation_3.0,1.0_ctag0__HyperAttackHints_VagharDeps_PertruebedIntervals_cTag1.txt","/root/Downloads/for_dana/vaghar_org/paper_experiments/mnist/cnn1_exp/translation/eps_3,1/advStd_cnn1_N1_model_seed42_itr20/63912224070947_n2_cnn1_translation_3.0,1.0_ctag0_model_seed42_itr20_sgd_itr1_N2_advStd_branchPri_boundTight_n1ProbeLP_relaxT0.1_seed4_elimOrg0_elimPert9_HyperAttackHints_VagharDeps_PerturbedIntervals_cTag1.txt"
cnn1,translation,"3,1",0,5,285.88,1819.01,54.127244,54.582090,54.259920,59.204940,4.622850,no,bounds,no,yes,no,yes,off,0.01,elim not activated,elim not activated,1,1,4,6.36x,0.00,1819.01,6.36x,0.454846,4.945020,OPTIMAL,TIME_LIMIT,"/root/Downloads/for_dana/vaghar_org/paper_experiments/mnist/cnn1_exp/translation/eps_3,1/vagharWithPerturbed_cnn1_model_seed42_itr20_sgd_itr1/63912116941380_cnn1_translation_3.0,1.0_ctag0__HyperAttackHints_VagharDeps_PertruebedIntervals_cTag1.txt","/root/Downloads/for_dana/vaghar_org/paper_experiments/mnist/cnn1_exp/translation/eps_3,1/advStd_cnn1_N1_model_seed42_itr20/63912184952077_n2_cnn1_translation_3.0,1.0_ctag0_model_seed42_itr20_sgd_itr1_N2_advStd_branchPri_boundTight_zonoBounds_relaxT0.01_seed4_HyperAttackHints_VagharDeps_PerturbedIntervals_cTag1.txt"
cnn1,translation,"3,1",0,5,285.88,1819.92,54.127244,54.582090,54.279227,56.741992,2.159901,no,bounds,no,yes,yes,no,off,0.1,elim not activated,elim not activated,1,27,4,6.37x,0.00,1819.92,6.37x,0.454846,2.462765,OPTIMAL,TIME_LIMIT,"/root/Downloads/for_dana/vaghar_org/paper_experiments/mnist/cnn1_exp/translation/eps_3,1/vagharWithPerturbed_cnn1_model_seed42_itr20_sgd_itr1/63912116941380_cnn1_translation_3.0,1.0_ctag0__HyperAttackHints_VagharDeps_PertruebedIntervals_cTag1.txt","/root/Downloads/for_dana/vaghar_org/paper_experiments/mnist/cnn1_exp/translation/eps_3,1/advStd_cnn1_N1_model_seed42_itr20/63912182561729_n2_cnn1_translation_3.0,1.0_ctag0_model_seed42_itr20_sgd_itr1_N2_advStd_branchPri_boundTight_relaxT0.1_varHint_seed4_HyperAttackHints_VagharDeps_PerturbedIntervals_cTag1.txt"
,,,,,,,,,,,,,,,,,,,,,,,,,,,,,,,,,,
cnn1,translation,"3,3",0,3,800.69,820.36,53.838480,54.349677,53.801582,54.335725,-0.013952,no,off,no,yes,no,yes,lp,0.01,0,27,1,1,4,1.02x,20.96,841.33,1.05x,0.511197,0.534143,,OPTIMAL,"/root/Downloads/for_dana/vaghar_org/paper_experiments/mnist/cnn1_exp/translation/eps_3,3/vagharWithPerturbed_cnn1_seed42_itr20_sgd_itr1/63910125321970_cnn1_translation_3.0,3.0_ctag0__HyperAttackHints_VagharDeps_PertruebedIntervals_cTag1.txt","/root/Downloads/for_dana/vaghar_org/paper_experiments/mnist/cnn1_exp/translation/eps_3,3/advStd_cnn1_N1_model_seed42_itr20/63912195698756_n2_cnn1_translation_3.0,3.0_ctag0_model_seed42_itr20_sgd_itr1_N2_advStd_boundTight_zonoBounds_n1ProbeLP_relaxT0.01_seed4_elimOrg0_elimPert27_HyperAttackHints_VagharDeps_PerturbedIntervals_cTag1.txt"
cnn1,translation,"3,3",0,3,800.69,1812.13,53.838480,54.349677,53.871799,62.486234,8.136557,no,bounds,no,yes,no,no,off,0.1,elim not activated,elim not activated,1,19,4,2.26x,0.00,1812.13,2.26x,0.511197,8.614435,,TIME_LIMIT,"/root/Downloads/for_dana/vaghar_org/paper_experiments/mnist/cnn1_exp/translation/eps_3,3/vagharWithPerturbed_cnn1_seed42_itr20_sgd_itr1/63910125321970_cnn1_translation_3.0,3.0_ctag0__HyperAttackHints_VagharDeps_PertruebedIntervals_cTag1.txt","/root/Downloads/for_dana/vaghar_org/paper_experiments/mnist/cnn1_exp/translation/eps_3,3/advStd_cnn1_N1_model_seed42_itr20/63912197733721_n2_cnn1_translation_3.0,3.0_ctag0_model_seed42_itr20_sgd_itr1_N2_advStd_branchPri_boundTight_relaxT0.1_seed4_HyperAttackHints_VagharDeps_PerturbedIntervals_cTag1.txt"
cnn1,translation,"3,3",0,3,800.69,1811.80,53.838480,54.349677,53.981018,63.950071,9.600395,no,bounds,no,yes,yes,no,off,0.1,elim not activated,elim not activated,1,19,4,2.26x,0.00,1811.80,2.26x,0.511197,9.969053,,TIME_LIMIT,"/root/Downloads/for_dana/vaghar_org/paper_experiments/mnist/cnn1_exp/translation/eps_3,3/vagharWithPerturbed_cnn1_seed42_itr20_sgd_itr1/63910125321970_cnn1_translation_3.0,3.0_ctag0__HyperAttackHints_VagharDeps_PertruebedIntervals_cTag1.txt","/root/Downloads/for_dana/vaghar_org/paper_experiments/mnist/cnn1_exp/translation/eps_3,3/advStd_cnn1_N1_model_seed42_itr20/63912197951860_n2_cnn1_translation_3.0,3.0_ctag0_model_seed42_itr20_sgd_itr1_N2_advStd_branchPri_boundTight_relaxT0.1_varHint_seed4_HyperAttackHints_VagharDeps_PerturbedIntervals_cTag1.txt"
cnn1,translation,"3,3",0,3,800.69,1812.79,53.838480,54.349677,54.036355,63.063396,8.713719,no,bounds,no,yes,yes,yes,off,0.1,elim not activated,elim not activated,1,19,4,2.26x,0.00,1812.79,2.26x,0.511197,9.027041,,TIME_LIMIT,"/root/Downloads/for_dana/vaghar_org/paper_experiments/mnist/cnn1_exp/translation/eps_3,3/vagharWithPerturbed_cnn1_seed42_itr20_sgd_itr1/63910125321970_cnn1_translation_3.0,3.0_ctag0__HyperAttackHints_VagharDeps_PertruebedIntervals_cTag1.txt","/root/Downloads/for_dana/vaghar_org/paper_experiments/mnist/cnn1_exp/translation/eps_3,3/advStd_cnn1_N1_model_seed42_itr20/63912201926638_n2_cnn1_translation_3.0,3.0_ctag0_model_seed42_itr20_sgd_itr1_N2_advStd_branchPri_boundTight_zonoBounds_relaxT0.1_varHint_seed4_HyperAttackHints_VagharDeps_PerturbedIntervals_cTag1.txt"
cnn1,translation,"3,3",0,3,800.69,1812.00,53.838480,54.349677,53.869676,63.103980,8.754304,no,bounds,no,yes,no,yes,lp,0.1,0,27,1,19,4,2.26x,21.46,1833.46,2.29x,0.511197,9.234304,,TIME_LIMIT,"/root/Downloads/for_dana/vaghar_org/paper_experiments/mnist/cnn1_exp/translation/eps_3,3/vagharWithPerturbed_cnn1_seed42_itr20_sgd_itr1/63910125321970_cnn1_translation_3.0,3.0_ctag0__HyperAttackHints_VagharDeps_PertruebedIntervals_cTag1.txt","/root/Downloads/for_dana/vaghar_org/paper_experiments/mnist/cnn1_exp/translation/eps_3,3/advStd_cnn1_N1_model_seed42_itr20/63912202115063_n2_cnn1_translation_3.0,3.0_ctag0_model_seed42_itr20_sgd_itr1_N2_advStd_branchPri_boundTight_zonoBounds_n1ProbeLP_relaxT0.1_seed4_elimOrg0_elimPert27_HyperAttackHints_VagharDeps_PerturbedIntervals_cTag1.txt"
cnn1,translation,"3,3",0,3,800.69,1811.81,53.838480,54.349677,53.870469,62.659474,8.309797,no,bounds,no,yes,no,no,lp,0.1,0,27,1,19,4,2.26x,21.37,1833.18,2.29x,0.511197,8.789005,,TIME_LIMIT,"/root/Downloads/for_dana/vaghar_org/paper_experiments/mnist/cnn1_exp/translation/eps_3,3/vagharWithPerturbed_cnn1_seed42_itr20_sgd_itr1/63910125321970_cnn1_translation_3.0,3.0_ctag0__HyperAttackHints_VagharDeps_PertruebedIntervals_cTag1.txt","/root/Downloads/for_dana/vaghar_org/paper_experiments/mnist/cnn1_exp/translation/eps_3,3/advStd_cnn1_N1_model_seed42_itr20/63912230621948_n2_cnn1_translation_3.0,3.0_ctag0_model_seed42_itr20_sgd_itr1_N2_advStd_branchPri_boundTight_n1ProbeLP_relaxT0.1_seed4_elimOrg0_elimPert27_HyperAttackHints_VagharDeps_PerturbedIntervals_cTag1.txt"
cnn1,translation,"3,3",0,3,800.69,1812.06,53.838480,54.349677,53.870469,62.760374,8.410698,no,bounds,no,yes,no,yes,off,0.1,elim not activated,elim not activated,1,19,4,2.26x,0.00,1812.06,2.26x,0.511197,8.889906,,TIME_LIMIT,"/root/Downloads/for_dana/vaghar_org/paper_experiments/mnist/cnn1_exp/translation/eps_3,3/vagharWithPerturbed_cnn1_seed42_itr20_sgd_itr1/63910125321970_cnn1_translation_3.0,3.0_ctag0__HyperAttackHints_VagharDeps_PertruebedIntervals_cTag1.txt","/root/Downloads/for_dana/vaghar_org/paper_experiments/mnist/cnn1_exp/translation/eps_3,3/advStd_cnn1_N1_model_seed42_itr20/63912231313322_n2_cnn1_translation_3.0,3.0_ctag0_model_seed42_itr20_sgd_itr1_N2_advStd_branchPri_boundTight_zonoBounds_relaxT0.1_seed4_HyperAttackHints_VagharDeps_PerturbedIntervals_cTag1.txt"
cnn1,translation,"3,3",0,3,800.69,1813.78,53.838480,54.349677,54.029983,63.016179,8.666502,no,bounds,no,yes,no,no,lp,0.01,0,27,1,1,4,2.27x,23.47,1837.25,2.29x,0.511197,8.986196,,TIME_LIMIT,"/root/Downloads/for_dana/vaghar_org/paper_experiments/mnist/cnn1_exp/translation/eps_3,3/vagharWithPerturbed_cnn1_seed42_itr20_sgd_itr1/63910125321970_cnn1_translation_3.0,3.0_ctag0__HyperAttackHints_VagharDeps_PertruebedIntervals_cTag1.txt","/root/Downloads/for_dana/vaghar_org/paper_experiments/mnist/cnn1_exp/translation/eps_3,3/advStd_cnn1_N1_model_seed42_itr20/63912198398266_n2_cnn1_translation_3.0,3.0_ctag0_model_seed42_itr20_sgd_itr1_N2_advStd_branchPri_boundTight_n1ProbeLP_relaxT0.01_seed4_elimOrg0_elimPert27_HyperAttackHints_VagharDeps_PerturbedIntervals_cTag1.txt"
cnn1,translation,"3,3",0,3,800.69,1820.03,53.838480,54.349677,54.029983,62.958079,8.608403,no,bounds,no,yes,no,yes,off,0.01,elim not activated,elim not activated,1,1,4,2.27x,0.00,1820.03,2.27x,0.511197,8.928096,,TIME_LIMIT,"/root/Downloads/for_dana/vaghar_org/paper_experiments/mnist/cnn1_exp/translation/eps_3,3/vagharWithPerturbed_cnn1_seed42_itr20_sgd_itr1/63910125321970_cnn1_translation_3.0,3.0_ctag0__HyperAttackHints_VagharDeps_PertruebedIntervals_cTag1.txt","/root/Downloads/for_dana/vaghar_org/paper_experiments/mnist/cnn1_exp/translation/eps_3,3/advStd_cnn1_N1_model_seed42_itr20/63912199000789_n2_cnn1_translation_3.0,3.0_ctag0_model_seed42_itr20_sgd_itr1_N2_advStd_branchPri_boundTight_zonoBounds_relaxT0.01_seed4_HyperAttackHints_VagharDeps_PerturbedIntervals_cTag1.txt"
cnn1,translation,"3,3",0,3,800.69,1816.94,53.838480,54.349677,54.020646,63.942118,9.592441,no,bounds,no,yes,yes,yes,off,0.01,elim not activated,elim not activated,1,1,4,2.27x,0.00,1816.94,2.27x,0.511197,9.921472,,TIME_LIMIT,"/root/Downloads/for_dana/vaghar_org/paper_experiments/mnist/cnn1_exp/translation/eps_3,3/vagharWithPerturbed_cnn1_seed42_itr20_sgd_itr1/63910125321970_cnn1_translation_3.0,3.0_ctag0__HyperAttackHints_VagharDeps_PertruebedIntervals_cTag1.txt","/root/Downloads/for_dana/vaghar_org/paper_experiments/mnist/cnn1_exp/translation/eps_3,3/advStd_cnn1_N1_model_seed42_itr20/63912201433063_n2_cnn1_translation_3.0,3.0_ctag0_model_seed42_itr20_sgd_itr1_N2_advStd_branchPri_boundTight_zonoBounds_relaxT0.01_varHint_seed4_HyperAttackHints_VagharDeps_PerturbedIntervals_cTag1.txt"
cnn1,translation,"3,3",0,3,800.69,1818.33,53.838480,54.349677,53.981018,63.950071,9.600395,no,bounds,no,yes,yes,no,lp,0.1,0,27,1,19,4,2.27x,42.53,1860.86,2.32x,0.511197,9.969053,,TIME_LIMIT,"/root/Downloads/for_dana/vaghar_org/paper_experiments/mnist/cnn1_exp/translation/eps_3,3/vagharWithPerturbed_cnn1_seed42_itr20_sgd_itr1/63910125321970_cnn1_translation_3.0,3.0_ctag0__HyperAttackHints_VagharDeps_PertruebedIntervals_cTag1.txt","/root/Downloads/for_dana/vaghar_org/paper_experiments/mnist/cnn1_exp/translation/eps_3,3/advStd_cnn1_N1_model_seed42_itr20/63912230908902_n2_cnn1_translation_3.0,3.0_ctag0_model_seed42_itr20_sgd_itr1_N2_advStd_branchPri_boundTight_n1ProbeLP_relaxT0.1_varHint_seed4_elimOrg0_elimPert27_HyperAttackHints_VagharDeps_PerturbedIntervals_cTag1.txt"
,,,,,,,,,,,,,,,,,,,,,,,,,,,,,,,,,,
cnn1,translation,"3,3",0,5,682.97,1811.73,53.813441,54.346949,54.177229,62.862995,8.516046,no,bounds,no,yes,no,yes,lp,0.1,0,27,1,19,4,2.65x,21.46,1833.19,2.68x,0.533508,8.685766,,TIME_LIMIT,"/root/Downloads/for_dana/vaghar_org/paper_experiments/mnist/cnn1_exp/translation/eps_3,3/vagharWithPerturbed_cnn1_seed42_itr20_sgd_itr1/63910125321970_cnn1_translation_3.0,3.0_ctag0__HyperAttackHints_VagharDeps_PertruebedIntervals_cTag1.txt","/root/Downloads/for_dana/vaghar_org/paper_experiments/mnist/cnn1_exp/translation/eps_3,3/advStd_cnn1_N1_model_seed42_itr20/63912202115063_n2_cnn1_translation_3.0,3.0_ctag0_model_seed42_itr20_sgd_itr1_N2_advStd_branchPri_boundTight_zonoBounds_n1ProbeLP_relaxT0.1_seed4_elimOrg0_elimPert27_HyperAttackHints_VagharDeps_PerturbedIntervals_cTag1.txt"
cnn1,translation,"3,3",0,5,682.97,1815.76,53.813441,54.346949,54.177411,62.803145,8.456196,no,bounds,no,yes,no,no,off,0.1,elim not activated,elim not activated,1,19,4,2.66x,0.00,1815.76,2.66x,0.533508,8.625734,,TIME_LIMIT,"/root/Downloads/for_dana/vaghar_org/paper_experiments/mnist/cnn1_exp/translation/eps_3,3/vagharWithPerturbed_cnn1_seed42_itr20_sgd_itr1/63910125321970_cnn1_translation_3.0,3.0_ctag0__HyperAttackHints_VagharDeps_PertruebedIntervals_cTag1.txt","/root/Downloads/for_dana/vaghar_org/paper_experiments/mnist/cnn1_exp/translation/eps_3,3/advStd_cnn1_N1_model_seed42_itr20/63912197733721_n2_cnn1_translation_3.0,3.0_ctag0_model_seed42_itr20_sgd_itr1_N2_advStd_branchPri_boundTight_relaxT0.1_seed4_HyperAttackHints_VagharDeps_PerturbedIntervals_cTag1.txt"
cnn1,translation,"3,3",0,5,682.97,1814.80,53.813441,54.346949,54.141243,64.603747,10.256797,no,bounds,no,yes,yes,no,off,0.1,elim not activated,elim not activated,1,19,4,2.66x,0.00,1814.80,2.66x,0.533508,10.462504,,TIME_LIMIT,"/root/Downloads/for_dana/vaghar_org/paper_experiments/mnist/cnn1_exp/translation/eps_3,3/vagharWithPerturbed_cnn1_seed42_itr20_sgd_itr1/63910125321970_cnn1_translation_3.0,3.0_ctag0__HyperAttackHints_VagharDeps_PertruebedIntervals_cTag1.txt","/root/Downloads/for_dana/vaghar_org/paper_experiments/mnist/cnn1_exp/translation/eps_3,3/advStd_cnn1_N1_model_seed42_itr20/63912197951860_n2_cnn1_translation_3.0,3.0_ctag0_model_seed42_itr20_sgd_itr1_N2_advStd_branchPri_boundTight_relaxT0.1_varHint_seed4_HyperAttackHints_VagharDeps_PerturbedIntervals_cTag1.txt"
cnn1,translation,"3,3",0,5,682.97,1815.41,53.813441,54.346949,54.176366,64.018401,9.671452,no,bounds,no,yes,no,no,lp,0.01,0,27,1,1,4,2.66x,23.47,1838.88,2.69x,0.533508,9.842035,,TIME_LIMIT,"/root/Downloads/for_dana/vaghar_org/paper_experiments/mnist/cnn1_exp/translation/eps_3,3/vagharWithPerturbed_cnn1_seed42_itr20_sgd_itr1/63910125321970_cnn1_translation_3.0,3.0_ctag0__HyperAttackHints_VagharDeps_PertruebedIntervals_cTag1.txt","/root/Downloads/for_dana/vaghar_org/paper_experiments/mnist/cnn1_exp/translation/eps_3,3/advStd_cnn1_N1_model_seed42_itr20/63912198398266_n2_cnn1_translation_3.0,3.0_ctag0_model_seed42_itr20_sgd_itr1_N2_advStd_branchPri_boundTight_n1ProbeLP_relaxT0.01_seed4_elimOrg0_elimPert27_HyperAttackHints_VagharDeps_PerturbedIntervals_cTag1.txt"
cnn1,translation,"3,3",0,5,682.97,1814.67,53.813441,54.346949,54.155627,64.018401,9.671452,no,bounds,no,yes,no,yes,off,0.01,elim not activated,elim not activated,1,1,4,2.66x,0.00,1814.67,2.66x,0.533508,9.862774,,TIME_LIMIT,"/root/Downloads/for_dana/vaghar_org/paper_experiments/mnist/cnn1_exp/translation/eps_3,3/vagharWithPerturbed_cnn1_seed42_itr20_sgd_itr1/63910125321970_cnn1_translation_3.0,3.0_ctag0__HyperAttackHints_VagharDeps_PertruebedIntervals_cTag1.txt","/root/Downloads/for_dana/vaghar_org/paper_experiments/mnist/cnn1_exp/translation/eps_3,3/advStd_cnn1_N1_model_seed42_itr20/63912199000789_n2_cnn1_translation_3.0,3.0_ctag0_model_seed42_itr20_sgd_itr1_N2_advStd_branchPri_boundTight_zonoBounds_relaxT0.01_seed4_HyperAttackHints_VagharDeps_PerturbedIntervals_cTag1.txt"
cnn1,translation,"3,3",0,5,682.97,1818.38,53.813441,54.346949,54.138286,64.603747,10.256797,no,bounds,no,yes,yes,yes,off,0.1,elim not activated,elim not activated,1,19,4,2.66x,0.00,1818.38,2.66x,0.533508,10.465460,,TIME_LIMIT,"/root/Downloads/for_dana/vaghar_org/paper_experiments/mnist/cnn1_exp/translation/eps_3,3/vagharWithPerturbed_cnn1_seed42_itr20_sgd_itr1/63910125321970_cnn1_translation_3.0,3.0_ctag0__HyperAttackHints_VagharDeps_PertruebedIntervals_cTag1.txt","/root/Downloads/for_dana/vaghar_org/paper_experiments/mnist/cnn1_exp/translation/eps_3,3/advStd_cnn1_N1_model_seed42_itr20/63912201926638_n2_cnn1_translation_3.0,3.0_ctag0_model_seed42_itr20_sgd_itr1_N2_advStd_branchPri_boundTight_zonoBounds_relaxT0.1_varHint_seed4_HyperAttackHints_VagharDeps_PerturbedIntervals_cTag1.txt"
cnn1,translation,"3,3",0,5,682.97,1819.20,53.813441,54.346949,54.194788,62.680061,8.333111,no,bounds,no,yes,no,no,lp,0.1,0,27,1,19,4,2.66x,21.37,1840.57,2.69x,0.533508,8.485272,,TIME_LIMIT,"/root/Downloads/for_dana/vaghar_org/paper_experiments/mnist/cnn1_exp/translation/eps_3,3/vagharWithPerturbed_cnn1_seed42_itr20_sgd_itr1/63910125321970_cnn1_translation_3.0,3.0_ctag0__HyperAttackHints_VagharDeps_PertruebedIntervals_cTag1.txt","/root/Downloads/for_dana/vaghar_org/paper_experiments/mnist/cnn1_exp/translation/eps_3,3/advStd_cnn1_N1_model_seed42_itr20/63912230621948_n2_cnn1_translation_3.0,3.0_ctag0_model_seed42_itr20_sgd_itr1_N2_advStd_branchPri_boundTight_n1ProbeLP_relaxT0.1_seed4_elimOrg0_elimPert27_HyperAttackHints_VagharDeps_PerturbedIntervals_cTag1.txt"
cnn1,translation,"3,3",0,5,682.97,1813.94,53.813441,54.346949,54.177411,62.809305,8.462356,no,bounds,no,yes,no,yes,off,0.1,elim not activated,elim not activated,1,19,4,2.66x,0.00,1813.94,2.66x,0.533508,8.631894,,TIME_LIMIT,"/root/Downloads/for_dana/vaghar_org/paper_experiments/mnist/cnn1_exp/translation/eps_3,3/vagharWithPerturbed_cnn1_seed42_itr20_sgd_itr1/63910125321970_cnn1_translation_3.0,3.0_ctag0__HyperAttackHints_VagharDeps_PertruebedIntervals_cTag1.txt","/root/Downloads/for_dana/vaghar_org/paper_experiments/mnist/cnn1_exp/translation/eps_3,3/advStd_cnn1_N1_model_seed42_itr20/63912231313322_n2_cnn1_translation_3.0,3.0_ctag0_model_seed42_itr20_sgd_itr1_N2_advStd_branchPri_boundTight_zonoBounds_relaxT0.1_seed4_HyperAttackHints_VagharDeps_PerturbedIntervals_cTag1.txt"
cnn1,translation,"3,3",0,5,682.97,1822.90,53.813441,54.346949,54.166023,69.393176,15.046227,no,bounds,no,yes,yes,yes,off,0.01,elim not activated,elim not activated,1,1,4,2.67x,0.00,1822.90,2.67x,0.533508,15.227153,,TIME_LIMIT,"/root/Downloads/for_dana/vaghar_org/paper_experiments/mnist/cnn1_exp/translation/eps_3,3/vagharWithPerturbed_cnn1_seed42_itr20_sgd_itr1/63910125321970_cnn1_translation_3.0,3.0_ctag0__HyperAttackHints_VagharDeps_PertruebedIntervals_cTag1.txt","/root/Downloads/for_dana/vaghar_org/paper_experiments/mnist/cnn1_exp/translation/eps_3,3/advStd_cnn1_N1_model_seed42_itr20/63912201433063_n2_cnn1_translation_3.0,3.0_ctag0_model_seed42_itr20_sgd_itr1_N2_advStd_branchPri_boundTight_zonoBounds_relaxT0.01_varHint_seed4_HyperAttackHints_VagharDeps_PerturbedIntervals_cTag1.txt"
cnn1,translation,"3,3",0,5,682.97,1823.52,53.813441,54.346949,54.141247,64.603747,10.256797,no,bounds,no,yes,yes,no,lp,0.1,0,27,1,19,4,2.67x,42.53,1866.04,2.73x,0.533508,10.462499,,TIME_LIMIT,"/root/Downloads/for_dana/vaghar_org/paper_experiments/mnist/cnn1_exp/translation/eps_3,3/vagharWithPerturbed_cnn1_seed42_itr20_sgd_itr1/63910125321970_cnn1_translation_3.0,3.0_ctag0__HyperAttackHints_VagharDeps_PertruebedIntervals_cTag1.txt","/root/Downloads/for_dana/vaghar_org/paper_experiments/mnist/cnn1_exp/translation/eps_3,3/advStd_cnn1_N1_model_seed42_itr20/63912230908902_n2_cnn1_translation_3.0,3.0_ctag0_model_seed42_itr20_sgd_itr1_N2_advStd_branchPri_boundTight_n1ProbeLP_relaxT0.1_varHint_seed4_elimOrg0_elimPert27_HyperAttackHints_VagharDeps_PerturbedIntervals_cTag1.txt"
