arch,perturbation,perturbation_size,c_source,c_target,time_standard,time_advstd,delta_standard_lower_bound,delta_standard_upper_bound,delta_advstd_lower_bound,delta_advstd_upper_bound,delta_error,mip_start,branch_priorities,lp_basis,bound_tightening,var_hint,zono_bounds,n1_probe,relax_threshold,relax_mode,sibling_gate,elim_org,elim_pert,relaxed_org,relaxed_pert,sibgate_both_thin,sibgate_one_thin_org_dropped,sibgate_one_thin_pert_dropped,seed,how_much_faster,lp_optimization_time,time_advstd_with_lp,how_much_faster_with_lp,gap_standard,gap_advstd,solve_status_standard,solve_status_advstd,standard_file,advstd_file,geom
3x50,patch,"1,14,14,3",0,3,3618.72,6092.70,12.759682,15.111491,13.014545,13.144229,-1.967262,no,off,no,yes,prev_pgd,yes,off,0.0,btpr,yes,elim not activated,elim not activated,0,0,0,0,0,4,1.68x,0.00,6092.70,1.68x,2.351809,0.129684,TIME_LIMIT,OPTIMAL,"/root/Downloads/for_dana/vaghar_org/paper_experiments/mnist/3x50_exp/patch/eps_1,14,14,3/vagharWithPerturbed_3x50_19_sgd_itr1/63912739904193_3x50_patch_1.0,14.0,14.0,3.0_ctag0__HyperAttackHints_VagharDeps_PertruebedIntervals_cTag1.txt","/root/Downloads/for_dana/vaghar_org/paper_experiments/mnist/3x50_exp/patch/eps_1,14,14,3/advStd_3x50_N1_19/63915558255686_n2_3x50_patch_1.0,14.0,14.0,3.0_ctag0_19_sgd_itr1_N2_advStd_BoundTightPertRelax0.0_SibGate_zonoBounds_varHintPrevPGD_seed4_both0_orgDrop0_pertDrop0_HyperAttackHints_VagharDeps_PerturbedIntervals_cTag1.txt",no
3x50,patch,"1,14,14,3",0,3,3618.72,9594.12,12.759682,15.111491,13.057497,13.187341,-1.924150,no,off,no,yes,prev_pgd,yes,off,0.5,btpr,yes,elim not activated,elim not activated,12,11,13,0,0,4,2.65x,0.00,9594.12,2.65x,2.351809,0.129843,TIME_LIMIT,OPTIMAL,"/root/Downloads/for_dana/vaghar_org/paper_experiments/mnist/3x50_exp/patch/eps_1,14,14,3/vagharWithPerturbed_3x50_19_sgd_itr1/63912739904193_3x50_patch_1.0,14.0,14.0,3.0_ctag0__HyperAttackHints_VagharDeps_PertruebedIntervals_cTag1.txt","/root/Downloads/for_dana/vaghar_org/paper_experiments/mnist/3x50_exp/patch/eps_1,14,14,3/advStd_3x50_N1_19/63915559452015_n2_3x50_patch_1.0,14.0,14.0,3.0_ctag0_19_sgd_itr1_N2_advStd_BoundTightPertRelax0.5_SibGate_zonoBounds_varHintPrevPGD_seed4_both13_orgDrop0_pertDrop0_HyperAttackHints_VagharDeps_PerturbedIntervals_cTag1.txt",no
,,,,,,,,,,,,,,,,,,,,,,,,,,,,,,,,,,,,,,,,
3x50,patch,"1,14,14,3",0,8,3616.74,4274.57,12.605161,13.947370,12.620281,12.745806,-1.201564,no,off,no,yes,prev_pgd,yes,off,0.0,btpr,yes,elim not activated,elim not activated,0,0,0,0,0,4,1.18x,0.00,4274.57,1.18x,1.342209,0.125525,TIME_LIMIT,OPTIMAL,"/root/Downloads/for_dana/vaghar_org/paper_experiments/mnist/3x50_exp/patch/eps_1,14,14,3/vagharWithPerturbed_3x50_19_sgd_itr1/63912739904193_3x50_patch_1.0,14.0,14.0,3.0_ctag0__HyperAttackHints_VagharDeps_PertruebedIntervals_cTag1.txt","/root/Downloads/for_dana/vaghar_org/paper_experiments/mnist/3x50_exp/patch/eps_1,14,14,3/advStd_3x50_N1_19/63915558255686_n2_3x50_patch_1.0,14.0,14.0,3.0_ctag0_19_sgd_itr1_N2_advStd_BoundTightPertRelax0.0_SibGate_zonoBounds_varHintPrevPGD_seed4_both0_orgDrop0_pertDrop0_HyperAttackHints_VagharDeps_PerturbedIntervals_cTag1.txt",no
3x50,patch,"1,14,14,3",0,8,3616.74,5528.75,12.605161,13.947370,12.636077,12.761202,-1.186168,no,off,no,yes,prev_pgd,yes,off,0.5,btpr,yes,elim not activated,elim not activated,12,11,13,0,0,4,1.53x,0.00,5528.75,1.53x,1.342209,0.125125,TIME_LIMIT,OPTIMAL,"/root/Downloads/for_dana/vaghar_org/paper_experiments/mnist/3x50_exp/patch/eps_1,14,14,3/vagharWithPerturbed_3x50_19_sgd_itr1/63912739904193_3x50_patch_1.0,14.0,14.0,3.0_ctag0__HyperAttackHints_VagharDeps_PertruebedIntervals_cTag1.txt","/root/Downloads/for_dana/vaghar_org/paper_experiments/mnist/3x50_exp/patch/eps_1,14,14,3/advStd_3x50_N1_19/63915559452015_n2_3x50_patch_1.0,14.0,14.0,3.0_ctag0_19_sgd_itr1_N2_advStd_BoundTightPertRelax0.5_SibGate_zonoBounds_varHintPrevPGD_seed4_both13_orgDrop0_pertDrop0_HyperAttackHints_VagharDeps_PerturbedIntervals_cTag1.txt",no
,,,,,,,,,,,,,,,,,,,,,,,,,,,,,,,,,,,,,,,,
3x50,patch,"1,14,14,3",1,0,2559.91,3615.77,10.631326,10.736988,10.657069,10.812983,0.075995,no,off,no,yes,prev_pgd,yes,off,0.5,btpr,no,elim not activated,elim not activated,12,11,,,,4,1.41x,0.00,3615.77,1.41x,0.105661,0.155913,OPTIMAL,TIME_LIMIT,"/root/Downloads/for_dana/vaghar_org/paper_experiments/mnist/3x50_exp/patch/eps_1,14,14,3/vagharWithPerturbed_3x50_19_sgd_itr1/63912926101739_3x50_patch_1.0,14.0,14.0,3.0_ctag1__HyperAttackHints_VagharDeps_PertruebedIntervals_cTag2.txt","/root/Downloads/for_dana/vaghar_org/paper_experiments/mnist/3x50_exp/patch/eps_1,14,14,3/advStd_3x50_N1_19/63912983435412_n2_3x50_patch_1.0,14.0,14.0,3.0_ctag1_19_sgd_itr1_N2_advStd_BoundTightPertRelax0.5_zonoBounds_varHintPrevPGD_seed4_HyperAttackHints_VagharDeps_PerturbedIntervals_cTag2.txt",no
,,,,,,,,,,,,,,,,,,,,,,,,,,,,,,,,,,,,,,,,
3x50,patch,"1,14,14,3",1,6,3618.00,10063.81,9.640898,10.958258,9.707876,9.804906,-1.153351,no,off,no,yes,prev_pgd,yes,off,0.5,btpr,yes,elim not activated,elim not activated,12,11,13,0,0,4,2.78x,0.00,10063.81,2.78x,1.317360,0.097030,TIME_LIMIT,OPTIMAL,"/root/Downloads/for_dana/vaghar_org/paper_experiments/mnist/3x50_exp/patch/eps_1,14,14,3/vagharWithPerturbed_3x50_19_sgd_itr1/63912926101739_3x50_patch_1.0,14.0,14.0,3.0_ctag1__HyperAttackHints_VagharDeps_PertruebedIntervals_cTag2.txt","/root/Downloads/for_dana/vaghar_org/paper_experiments/mnist/3x50_exp/patch/eps_1,14,14,3/advStd_3x50_N1_19/63916082038097_n2_3x50_patch_1.0,14.0,14.0,3.0_ctag1_19_sgd_itr1_N2_advStd_BoundTightPertRelax0.5_SibGate_zonoBounds_varHintPrevPGD_seed4_both13_orgDrop0_pertDrop0_HyperAttackHints_VagharDeps_PerturbedIntervals_cTag2.txt",no
,,,,,,,,,,,,,,,,,,,,,,,,,,,,,,,,,,,,,,,,
3x50,translation,"1,1",0,5,3620.30,7463.88,18.376336,18.932036,18.457624,18.642000,-0.290036,no,off,no,yes,prev_pgd,yes,off,0.5,btpr,yes,elim not activated,elim not activated,12,12,13,0,0,4,2.06x,0.00,7463.88,2.06x,0.555700,0.184376,TIME_LIMIT,OPTIMAL,"/root/Downloads/for_dana/vaghar_org/paper_experiments/mnist/3x50_exp/translation/eps_1,1/vagharWithPerturbed_3x50_19_sgd_itr1/63915207284942_3x50_translation_1.0,1.0_ctag0__HyperAttackHints_VagharDeps_PertruebedIntervals_cTag1.txt","/root/Downloads/for_dana/vaghar_org/paper_experiments/mnist/3x50_exp/translation/eps_1,1/advStd_3x50_N1_19/63915559740632_n2_3x50_translation_1.0,1.0_ctag0_19_sgd_itr1_N2_advStd_BoundTightPertRelax0.5_SibGate_zonoBounds_varHintPrevPGD_seed4_both13_orgDrop0_pertDrop0_HyperAttackHints_VagharDeps_PerturbedIntervals_cTag1.txt",no
3x50,translation,"1,1",0,5,3620.30,9400.36,18.376336,18.932036,18.457624,18.642178,-0.289857,no,off,no,yes,prev_pgd,yes,off,0.5,btpr,yes,elim not activated,elim not activated,12,12,13,0,0,4,2.60x,0.00,9400.36,2.60x,0.555700,0.184555,TIME_LIMIT,OPTIMAL,"/root/Downloads/for_dana/vaghar_org/paper_experiments/mnist/3x50_exp/translation/eps_1,1/vagharWithPerturbed_3x50_19_sgd_itr1/63915207284942_3x50_translation_1.0,1.0_ctag0__HyperAttackHints_VagharDeps_PertruebedIntervals_cTag1.txt","/root/Downloads/for_dana/vaghar_org/paper_experiments/mnist/3x50_exp/translation/eps_1,1/advStd_3x50_N1_19/63917364754724_n2_3x50_translation_1.0,1.0_ctag0_19_sgd_itr1_N2_advStd_BoundTightPertRelax0.5_SibGate_zonoBounds_varHintPrevPGD_seed4_both13_orgDrop0_pertDrop0_HyperAttackHints_VagharDeps_PerturbedIntervals_geomInt_cTag1.txt",yes
,,,,,,,,,,,,,,,,,,,,,,,,,,,,,,,,,,,,,,,,
3x50,translation,"1,1",1,2,3620.30,6262.18,12.214034,12.429666,12.226909,12.348174,-0.081492,no,off,no,yes,prev_pgd,yes,off,0.5,btpr,yes,elim not activated,elim not activated,12,12,13,0,0,4,1.73x,0.00,6262.18,1.73x,0.215632,0.121265,TIME_LIMIT,OPTIMAL,"/root/Downloads/for_dana/vaghar_org/paper_experiments/mnist/3x50_exp/translation/eps_1,1/vagharWithPerturbed_3x50_19_sgd_itr1/63915219457008_3x50_translation_1.0,1.0_ctag1__HyperAttackHints_VagharDeps_PertruebedIntervals_cTag2.txt","/root/Downloads/for_dana/vaghar_org/paper_experiments/mnist/3x50_exp/translation/eps_1,1/advStd_3x50_N1_19/63916094528189_n2_3x50_translation_1.0,1.0_ctag1_19_sgd_itr1_N2_advStd_BoundTightPertRelax0.5_SibGate_zonoBounds_varHintPrevPGD_seed4_both13_orgDrop0_pertDrop0_HyperAttackHints_VagharDeps_PerturbedIntervals_cTag2.txt",no
3x50,translation,"1,1",1,2,3620.30,10090.89,12.214034,12.429666,12.226831,12.342001,-0.087664,no,off,no,yes,prev_pgd,yes,off,0.5,btpr,yes,elim not activated,elim not activated,12,12,13,0,0,4,2.79x,0.00,10090.89,2.79x,0.215632,0.115171,TIME_LIMIT,OPTIMAL,"/root/Downloads/for_dana/vaghar_org/paper_experiments/mnist/3x50_exp/translation/eps_1,1/vagharWithPerturbed_3x50_19_sgd_itr1/63915219457008_3x50_translation_1.0,1.0_ctag1__HyperAttackHints_VagharDeps_PertruebedIntervals_cTag2.txt","/root/Downloads/for_dana/vaghar_org/paper_experiments/mnist/3x50_exp/translation/eps_1,1/advStd_3x50_N1_19/63917372252958_n2_3x50_translation_1.0,1.0_ctag1_19_sgd_itr1_N2_advStd_BoundTightPertRelax0.5_SibGate_zonoBounds_varHintPrevPGD_seed4_both13_orgDrop0_pertDrop0_HyperAttackHints_VagharDeps_PerturbedIntervals_geomInt_cTag2.txt",yes
,,,,,,,,,,,,,,,,,,,,,,,,,,,,,,,,,,,,,,,,
3x50,translation,"1,1",1,3,3621.36,4713.03,12.455250,12.657048,12.474650,12.599244,-0.057804,no,off,no,yes,prev_pgd,yes,off,0.5,btpr,yes,elim not activated,elim not activated,12,12,13,0,0,4,1.30x,0.00,4713.03,1.30x,0.201797,0.124594,TIME_LIMIT,OPTIMAL,"/root/Downloads/for_dana/vaghar_org/paper_experiments/mnist/3x50_exp/translation/eps_1,1/vagharWithPerturbed_3x50_19_sgd_itr1/63915219457008_3x50_translation_1.0,1.0_ctag1__HyperAttackHints_VagharDeps_PertruebedIntervals_cTag2.txt","/root/Downloads/for_dana/vaghar_org/paper_experiments/mnist/3x50_exp/translation/eps_1,1/advStd_3x50_N1_19/63916094528189_n2_3x50_translation_1.0,1.0_ctag1_19_sgd_itr1_N2_advStd_BoundTightPertRelax0.5_SibGate_zonoBounds_varHintPrevPGD_seed4_both13_orgDrop0_pertDrop0_HyperAttackHints_VagharDeps_PerturbedIntervals_cTag2.txt",no
3x50,translation,"1,1",1,3,3621.36,7378.31,12.455250,12.657048,12.474649,12.599382,-0.057665,no,off,no,yes,prev_pgd,yes,off,0.5,btpr,yes,elim not activated,elim not activated,12,12,13,0,0,4,2.04x,0.00,7378.31,2.04x,0.201797,0.124733,TIME_LIMIT,OPTIMAL,"/root/Downloads/for_dana/vaghar_org/paper_experiments/mnist/3x50_exp/translation/eps_1,1/vagharWithPerturbed_3x50_19_sgd_itr1/63915219457008_3x50_translation_1.0,1.0_ctag1__HyperAttackHints_VagharDeps_PertruebedIntervals_cTag2.txt","/root/Downloads/for_dana/vaghar_org/paper_experiments/mnist/3x50_exp/translation/eps_1,1/advStd_3x50_N1_19/63917372252958_n2_3x50_translation_1.0,1.0_ctag1_19_sgd_itr1_N2_advStd_BoundTightPertRelax0.5_SibGate_zonoBounds_varHintPrevPGD_seed4_both13_orgDrop0_pertDrop0_HyperAttackHints_VagharDeps_PerturbedIntervals_geomInt_cTag2.txt",yes
,,,,,,,,,,,,,,,,,,,,,,,,,,,,,,,,,,,,,,,,
3x50,translation,"1,1",1,4,640.19,764.15,12.616954,12.739875,12.619384,12.741192,0.001317,no,off,no,yes,prev_pgd,yes,off,0.5,btpr,yes,elim not activated,elim not activated,12,12,13,0,0,4,1.19x,0.00,764.15,1.19x,0.122921,0.121808,OPTIMAL,OPTIMAL,"/root/Downloads/for_dana/vaghar_org/paper_experiments/mnist/3x50_exp/translation/eps_1,1/vagharWithPerturbed_3x50_19_sgd_itr1/63915219457008_3x50_translation_1.0,1.0_ctag1__HyperAttackHints_VagharDeps_PertruebedIntervals_cTag2.txt","/root/Downloads/for_dana/vaghar_org/paper_experiments/mnist/3x50_exp/translation/eps_1,1/advStd_3x50_N1_19/63916094528189_n2_3x50_translation_1.0,1.0_ctag1_19_sgd_itr1_N2_advStd_BoundTightPertRelax0.5_SibGate_zonoBounds_varHintPrevPGD_seed4_both13_orgDrop0_pertDrop0_HyperAttackHints_VagharDeps_PerturbedIntervals_cTag2.txt",no
3x50,translation,"1,1",1,4,640.19,844.34,12.616954,12.739875,12.619384,12.742803,0.002928,no,off,no,yes,prev_pgd,yes,off,0.5,btpr,yes,elim not activated,elim not activated,12,12,13,0,0,4,1.32x,0.00,844.34,1.32x,0.122921,0.123418,OPTIMAL,OPTIMAL,"/root/Downloads/for_dana/vaghar_org/paper_experiments/mnist/3x50_exp/translation/eps_1,1/vagharWithPerturbed_3x50_19_sgd_itr1/63915219457008_3x50_translation_1.0,1.0_ctag1__HyperAttackHints_VagharDeps_PertruebedIntervals_cTag2.txt","/root/Downloads/for_dana/vaghar_org/paper_experiments/mnist/3x50_exp/translation/eps_1,1/advStd_3x50_N1_19/63917372252958_n2_3x50_translation_1.0,1.0_ctag1_19_sgd_itr1_N2_advStd_BoundTightPertRelax0.5_SibGate_zonoBounds_varHintPrevPGD_seed4_both13_orgDrop0_pertDrop0_HyperAttackHints_VagharDeps_PerturbedIntervals_geomInt_cTag2.txt",yes
,,,,,,,,,,,,,,,,,,,,,,,,,,,,,,,,,,,,,,,,
3x50,translation,"1,1",1,5,3621.28,10619.43,12.195543,12.495397,12.236675,12.359038,-0.136359,no,off,no,yes,prev_pgd,yes,off,0.5,btpr,yes,elim not activated,elim not activated,12,12,13,0,0,4,2.93x,0.00,10619.43,2.93x,0.299854,0.122363,TIME_LIMIT,OPTIMAL,"/root/Downloads/for_dana/vaghar_org/paper_experiments/mnist/3x50_exp/translation/eps_1,1/vagharWithPerturbed_3x50_19_sgd_itr1/63915219457008_3x50_translation_1.0,1.0_ctag1__HyperAttackHints_VagharDeps_PertruebedIntervals_cTag2.txt","/root/Downloads/for_dana/vaghar_org/paper_experiments/mnist/3x50_exp/translation/eps_1,1/advStd_3x50_N1_19/63916094528189_n2_3x50_translation_1.0,1.0_ctag1_19_sgd_itr1_N2_advStd_BoundTightPertRelax0.5_SibGate_zonoBounds_varHintPrevPGD_seed4_both13_orgDrop0_pertDrop0_HyperAttackHints_VagharDeps_PerturbedIntervals_cTag2.txt",no
,,,,,,,,,,,,,,,,,,,,,,,,,,,,,,,,,,,,,,,,
3x50,translation,"1,1",1,6,3621.99,3946.47,12.375042,12.531044,12.378283,12.502017,-0.029027,no,off,no,yes,prev_pgd,yes,off,0.5,btpr,yes,elim not activated,elim not activated,12,12,13,0,0,4,1.09x,0.00,3946.47,1.09x,0.156002,0.123734,TIME_LIMIT,OPTIMAL,"/root/Downloads/for_dana/vaghar_org/paper_experiments/mnist/3x50_exp/translation/eps_1,1/vagharWithPerturbed_3x50_19_sgd_itr1/63915219457008_3x50_translation_1.0,1.0_ctag1__HyperAttackHints_VagharDeps_PertruebedIntervals_cTag2.txt","/root/Downloads/for_dana/vaghar_org/paper_experiments/mnist/3x50_exp/translation/eps_1,1/advStd_3x50_N1_19/63916094528189_n2_3x50_translation_1.0,1.0_ctag1_19_sgd_itr1_N2_advStd_BoundTightPertRelax0.5_SibGate_zonoBounds_varHintPrevPGD_seed4_both13_orgDrop0_pertDrop0_HyperAttackHints_VagharDeps_PerturbedIntervals_cTag2.txt",no
3x50,translation,"1,1",1,6,3621.99,5625.27,12.375042,12.531044,12.378282,12.502008,-0.029035,no,off,no,yes,prev_pgd,yes,off,0.5,btpr,yes,elim not activated,elim not activated,12,12,13,0,0,4,1.55x,0.00,5625.27,1.55x,0.156002,0.123726,TIME_LIMIT,OPTIMAL,"/root/Downloads/for_dana/vaghar_org/paper_experiments/mnist/3x50_exp/translation/eps_1,1/vagharWithPerturbed_3x50_19_sgd_itr1/63915219457008_3x50_translation_1.0,1.0_ctag1__HyperAttackHints_VagharDeps_PertruebedIntervals_cTag2.txt","/root/Downloads/for_dana/vaghar_org/paper_experiments/mnist/3x50_exp/translation/eps_1,1/advStd_3x50_N1_19/63917372252958_n2_3x50_translation_1.0,1.0_ctag1_19_sgd_itr1_N2_advStd_BoundTightPertRelax0.5_SibGate_zonoBounds_varHintPrevPGD_seed4_both13_orgDrop0_pertDrop0_HyperAttackHints_VagharDeps_PerturbedIntervals_geomInt_cTag2.txt",yes
,,,,,,,,,,,,,,,,,,,,,,,,,,,,,,,,,,,,,,,,
3x50,translation,"1,1",1,8,2031.54,2558.91,12.407087,12.531075,12.414931,12.537615,0.006540,no,off,no,yes,prev_pgd,yes,off,0.5,btpr,yes,elim not activated,elim not activated,12,12,13,0,0,4,1.26x,0.00,2558.91,1.26x,0.123988,0.122684,OPTIMAL,OPTIMAL,"/root/Downloads/for_dana/vaghar_org/paper_experiments/mnist/3x50_exp/translation/eps_1,1/vagharWithPerturbed_3x50_19_sgd_itr1/63915219457008_3x50_translation_1.0,1.0_ctag1__HyperAttackHints_VagharDeps_PertruebedIntervals_cTag2.txt","/root/Downloads/for_dana/vaghar_org/paper_experiments/mnist/3x50_exp/translation/eps_1,1/advStd_3x50_N1_19/63917372252958_n2_3x50_translation_1.0,1.0_ctag1_19_sgd_itr1_N2_advStd_BoundTightPertRelax0.5_SibGate_zonoBounds_varHintPrevPGD_seed4_both13_orgDrop0_pertDrop0_HyperAttackHints_VagharDeps_PerturbedIntervals_geomInt_cTag2.txt",yes
3x50,translation,"1,1",1,8,2031.54,2614.01,12.407087,12.531075,12.414931,12.538752,0.007677,no,off,no,yes,prev_pgd,yes,off,0.5,btpr,yes,elim not activated,elim not activated,12,12,13,0,0,4,1.29x,0.00,2614.01,1.29x,0.123988,0.123821,OPTIMAL,OPTIMAL,"/root/Downloads/for_dana/vaghar_org/paper_experiments/mnist/3x50_exp/translation/eps_1,1/vagharWithPerturbed_3x50_19_sgd_itr1/63915219457008_3x50_translation_1.0,1.0_ctag1__HyperAttackHints_VagharDeps_PertruebedIntervals_cTag2.txt","/root/Downloads/for_dana/vaghar_org/paper_experiments/mnist/3x50_exp/translation/eps_1,1/advStd_3x50_N1_19/63916094528189_n2_3x50_translation_1.0,1.0_ctag1_19_sgd_itr1_N2_advStd_BoundTightPertRelax0.5_SibGate_zonoBounds_varHintPrevPGD_seed4_both13_orgDrop0_pertDrop0_HyperAttackHints_VagharDeps_PerturbedIntervals_cTag2.txt",no
,,,,,,,,,,,,,,,,,,,,,,,,,,,,,,,,,,,,,,,,
3x50,translation,"1,1",2,0,3620.38,3970.83,17.094961,17.314177,17.109995,17.280385,-0.033793,no,off,no,yes,prev_pgd,yes,off,0.5,btpr,yes,elim not activated,elim not activated,12,12,13,0,0,4,1.10x,0.00,3970.83,1.10x,0.219216,0.170389,TIME_LIMIT,OPTIMAL,"/root/Downloads/for_dana/vaghar_org/paper_experiments/mnist/3x50_exp/translation/eps_1,1/vagharWithPerturbed_3x50_19_sgd_itr1/63915240101995_3x50_translation_1.0,1.0_ctag2__HyperAttackHints_VagharDeps_PertruebedIntervals_cTag3.txt","/root/Downloads/for_dana/vaghar_org/paper_experiments/mnist/3x50_exp/translation/eps_1,1/advStd_3x50_N1_19/63917372797994_n2_3x50_translation_1.0,1.0_ctag2_19_sgd_itr1_N2_advStd_BoundTightPertRelax0.5_SibGate_zonoBounds_varHintPrevPGD_seed4_both13_orgDrop0_pertDrop0_HyperAttackHints_VagharDeps_PerturbedIntervals_geomInt_cTag3.txt",yes
3x50,translation,"1,1",2,0,3620.38,5564.80,17.094961,17.314177,17.109995,17.280669,-0.033508,no,off,no,yes,prev_pgd,yes,off,0.5,btpr,yes,elim not activated,elim not activated,12,12,13,0,0,4,1.54x,0.00,5564.80,1.54x,0.219216,0.170674,TIME_LIMIT,OPTIMAL,"/root/Downloads/for_dana/vaghar_org/paper_experiments/mnist/3x50_exp/translation/eps_1,1/vagharWithPerturbed_3x50_19_sgd_itr1/63915240101995_3x50_translation_1.0,1.0_ctag2__HyperAttackHints_VagharDeps_PertruebedIntervals_cTag3.txt","/root/Downloads/for_dana/vaghar_org/paper_experiments/mnist/3x50_exp/translation/eps_1,1/advStd_3x50_N1_19/63917019599869_n2_3x50_translation_1.0,1.0_ctag2_19_sgd_itr1_N2_advStd_BoundTightPertRelax0.5_SibGate_zonoBounds_varHintPrevPGD_seed4_both13_orgDrop0_pertDrop0_HyperAttackHints_VagharDeps_PerturbedIntervals_cTag3.txt",no
,,,,,,,,,,,,,,,,,,,,,,,,,,,,,,,,,,,,,,,,
3x50,translation,"1,1",2,6,825.80,964.37,18.002205,18.116663,18.012005,18.189385,0.072722,no,off,no,yes,prev_pgd,yes,off,0.5,btpr,yes,elim not activated,elim not activated,12,12,13,0,0,4,1.17x,0.00,964.37,1.17x,0.114458,0.177380,OPTIMAL,OPTIMAL,"/root/Downloads/for_dana/vaghar_org/paper_experiments/mnist/3x50_exp/translation/eps_1,1/vagharWithPerturbed_3x50_19_sgd_itr1/63915240101995_3x50_translation_1.0,1.0_ctag2__HyperAttackHints_VagharDeps_PertruebedIntervals_cTag3.txt","/root/Downloads/for_dana/vaghar_org/paper_experiments/mnist/3x50_exp/translation/eps_1,1/advStd_3x50_N1_19/63917372797994_n2_3x50_translation_1.0,1.0_ctag2_19_sgd_itr1_N2_advStd_BoundTightPertRelax0.5_SibGate_zonoBounds_varHintPrevPGD_seed4_both13_orgDrop0_pertDrop0_HyperAttackHints_VagharDeps_PerturbedIntervals_geomInt_cTag3.txt",yes
,,,,,,,,,,,,,,,,,,,,,,,,,,,,,,,,,,,,,,,,
3x50,translation,"1,1",2,8,3617.30,8117.13,17.106251,17.502185,17.140943,17.311350,-0.190835,no,off,no,yes,prev_pgd,yes,off,0.5,btpr,yes,elim not activated,elim not activated,12,12,13,0,0,4,2.24x,0.00,8117.13,2.24x,0.395933,0.170407,TIME_LIMIT,OPTIMAL,"/root/Downloads/for_dana/vaghar_org/paper_experiments/mnist/3x50_exp/translation/eps_1,1/vagharWithPerturbed_3x50_19_sgd_itr1/63915240101995_3x50_translation_1.0,1.0_ctag2__HyperAttackHints_VagharDeps_PertruebedIntervals_cTag3.txt","/root/Downloads/for_dana/vaghar_org/paper_experiments/mnist/3x50_exp/translation/eps_1,1/advStd_3x50_N1_19/63917372797994_n2_3x50_translation_1.0,1.0_ctag2_19_sgd_itr1_N2_advStd_BoundTightPertRelax0.5_SibGate_zonoBounds_varHintPrevPGD_seed4_both13_orgDrop0_pertDrop0_HyperAttackHints_VagharDeps_PerturbedIntervals_geomInt_cTag3.txt",yes
,,,,,,,,,,,,,,,,,,,,,,,,,,,,,,,,,,,,,,,,
3x50,translation,"3,1",0,3,1533.28,1535.37,19.196280,19.348113,19.210484,19.402387,0.054274,no,off,no,yes,prev_pgd,yes,off,0.5,btpr,yes,elim not activated,elim not activated,12,11,13,0,0,4,1.00x,0.00,1535.37,1.00x,0.151833,0.191903,OPTIMAL,OPTIMAL,"/root/Downloads/for_dana/vaghar_org/paper_experiments/mnist/3x50_exp/translation/eps_3,1/vagharWithPerturbed_3x50_19_sgd_itr1/63915207318011_3x50_translation_3.0,1.0_ctag0__HyperAttackHints_VagharDeps_PertruebedIntervals_cTag1.txt","/root/Downloads/for_dana/vaghar_org/paper_experiments/mnist/3x50_exp/translation/eps_3,1/advStd_3x50_N1_19/63917433675545_n2_3x50_translation_3.0,1.0_ctag0_19_sgd_itr1_N2_advStd_BoundTightPertRelax0.5_SibGate_zonoBounds_varHintPrevPGD_seed4_both13_orgDrop0_pertDrop0_HyperAttackHints_VagharDeps_PerturbedIntervals_geomInt_cTag1.txt",yes
,,,,,,,,,,,,,,,,,,,,,,,,,,,,,,,,,,,,,,,,
3x50,translation,"3,1",0,4,636.00,684.48,19.300577,19.491072,19.300240,19.490404,-0.000668,no,off,no,yes,prev_pgd,yes,off,0.0,btpr,yes,elim not activated,elim not activated,0,0,0,0,0,4,1.08x,0.00,684.48,1.08x,0.190495,0.190164,OPTIMAL,OPTIMAL,"/root/Downloads/for_dana/vaghar_org/paper_experiments/mnist/3x50_exp/translation/eps_3,1/vagharWithPerturbed_3x50_19_sgd_itr1/63915207318011_3x50_translation_3.0,1.0_ctag0__HyperAttackHints_VagharDeps_PertruebedIntervals_cTag1.txt","/root/Downloads/for_dana/vaghar_org/paper_experiments/mnist/3x50_exp/translation/eps_3,1/advStd_3x50_N1_19/63915262975205_n2_3x50_translation_3.0,1.0_ctag0_19_sgd_itr1_N2_advStd_BoundTightPertRelax0.0_SibGate_zonoBounds_varHintPrevPGD_seed4_both0_orgDrop0_pertDrop0_HyperAttackHints_VagharDeps_PerturbedIntervals_cTag1.txt",no
3x50,translation,"3,1",0,4,636.00,1111.47,19.300577,19.491072,19.313875,19.504932,0.013860,no,off,no,yes,prev_pgd,yes,off,0.5,btpr,yes,elim not activated,elim not activated,12,11,13,0,0,4,1.75x,0.00,1111.47,1.75x,0.190495,0.191058,OPTIMAL,OPTIMAL,"/root/Downloads/for_dana/vaghar_org/paper_experiments/mnist/3x50_exp/translation/eps_3,1/vagharWithPerturbed_3x50_19_sgd_itr1/63915207318011_3x50_translation_3.0,1.0_ctag0__HyperAttackHints_VagharDeps_PertruebedIntervals_cTag1.txt","/root/Downloads/for_dana/vaghar_org/paper_experiments/mnist/3x50_exp/translation/eps_3,1/advStd_3x50_N1_19/63917433675545_n2_3x50_translation_3.0,1.0_ctag0_19_sgd_itr1_N2_advStd_BoundTightPertRelax0.5_SibGate_zonoBounds_varHintPrevPGD_seed4_both13_orgDrop0_pertDrop0_HyperAttackHints_VagharDeps_PerturbedIntervals_geomInt_cTag1.txt",yes
,,,,,,,,,,,,,,,,,,,,,,,,,,,,,,,,,,,,,,,,
3x50,translation,"3,1",0,5,408.89,413.93,19.449598,19.643912,19.497790,19.691489,0.047577,no,off,no,yes,prev_pgd,yes,off,0.0,btpr,yes,elim not activated,elim not activated,0,0,0,0,0,4,1.01x,0.00,413.93,1.01x,0.194314,0.193699,OPTIMAL,OPTIMAL,"/root/Downloads/for_dana/vaghar_org/paper_experiments/mnist/3x50_exp/translation/eps_3,1/vagharWithPerturbed_3x50_19_sgd_itr1/63915207318011_3x50_translation_3.0,1.0_ctag0__HyperAttackHints_VagharDeps_PertruebedIntervals_cTag1.txt","/root/Downloads/for_dana/vaghar_org/paper_experiments/mnist/3x50_exp/translation/eps_3,1/advStd_3x50_N1_19/63915262975205_n2_3x50_translation_3.0,1.0_ctag0_19_sgd_itr1_N2_advStd_BoundTightPertRelax0.0_SibGate_zonoBounds_varHintPrevPGD_seed4_both0_orgDrop0_pertDrop0_HyperAttackHints_VagharDeps_PerturbedIntervals_cTag1.txt",no
3x50,translation,"3,1",0,5,408.89,590.58,19.449598,19.643912,19.506929,19.700076,0.056164,no,off,no,yes,prev_pgd,yes,off,0.5,btpr,yes,elim not activated,elim not activated,12,11,13,0,0,4,1.44x,0.00,590.58,1.44x,0.194314,0.193147,OPTIMAL,OPTIMAL,"/root/Downloads/for_dana/vaghar_org/paper_experiments/mnist/3x50_exp/translation/eps_3,1/vagharWithPerturbed_3x50_19_sgd_itr1/63915207318011_3x50_translation_3.0,1.0_ctag0__HyperAttackHints_VagharDeps_PertruebedIntervals_cTag1.txt","/root/Downloads/for_dana/vaghar_org/paper_experiments/mnist/3x50_exp/translation/eps_3,1/advStd_3x50_N1_19/63917433675545_n2_3x50_translation_3.0,1.0_ctag0_19_sgd_itr1_N2_advStd_BoundTightPertRelax0.5_SibGate_zonoBounds_varHintPrevPGD_seed4_both13_orgDrop0_pertDrop0_HyperAttackHints_VagharDeps_PerturbedIntervals_geomInt_cTag1.txt",yes
,,,,,,,,,,,,,,,,,,,,,,,,,,,,,,,,,,,,,,,,
3x50,translation,"3,1",0,6,337.58,373.74,19.632231,19.725449,19.650479,19.846038,0.120590,no,off,no,yes,prev_pgd,yes,off,0.5,btpr,yes,elim not activated,elim not activated,12,11,13,0,0,4,1.11x,0.00,373.74,1.11x,0.093218,0.195560,OPTIMAL,OPTIMAL,"/root/Downloads/for_dana/vaghar_org/paper_experiments/mnist/3x50_exp/translation/eps_3,1/vagharWithPerturbed_3x50_19_sgd_itr1/63915207318011_3x50_translation_3.0,1.0_ctag0__HyperAttackHints_VagharDeps_PertruebedIntervals_cTag1.txt","/root/Downloads/for_dana/vaghar_org/paper_experiments/mnist/3x50_exp/translation/eps_3,1/advStd_3x50_N1_19/63915265841528_n2_3x50_translation_3.0,1.0_ctag0_19_sgd_itr1_N2_advStd_BoundTightPertRelax0.5_SibGate_zonoBounds_varHintPrevPGD_seed4_both13_orgDrop0_pertDrop0_HyperAttackHints_VagharDeps_PerturbedIntervals_cTag1.txt",no
,,,,,,,,,,,,,,,,,,,,,,,,,,,,,,,,,,,,,,,,
3x50,translation,"3,1",0,7,2066.31,2248.68,19.086279,19.276820,19.141040,19.332303,0.055483,no,off,no,yes,prev_pgd,yes,off,0.5,btpr,yes,elim not activated,elim not activated,12,11,13,0,0,4,1.09x,0.00,2248.68,1.09x,0.190540,0.191263,OPTIMAL,OPTIMAL,"/root/Downloads/for_dana/vaghar_org/paper_experiments/mnist/3x50_exp/translation/eps_3,1/vagharWithPerturbed_3x50_19_sgd_itr1/63915207318011_3x50_translation_3.0,1.0_ctag0__HyperAttackHints_VagharDeps_PertruebedIntervals_cTag1.txt","/root/Downloads/for_dana/vaghar_org/paper_experiments/mnist/3x50_exp/translation/eps_3,1/advStd_3x50_N1_19/63917433675545_n2_3x50_translation_3.0,1.0_ctag0_19_sgd_itr1_N2_advStd_BoundTightPertRelax0.5_SibGate_zonoBounds_varHintPrevPGD_seed4_both13_orgDrop0_pertDrop0_HyperAttackHints_VagharDeps_PerturbedIntervals_geomInt_cTag1.txt",yes
3x50,translation,"3,1",0,7,2066.31,2353.66,19.086279,19.276820,19.144287,19.335642,0.058823,no,off,no,yes,prev_pgd,yes,off,0.0,btpr,yes,elim not activated,elim not activated,0,0,0,0,0,4,1.14x,0.00,2353.66,1.14x,0.190540,0.191355,OPTIMAL,OPTIMAL,"/root/Downloads/for_dana/vaghar_org/paper_experiments/mnist/3x50_exp/translation/eps_3,1/vagharWithPerturbed_3x50_19_sgd_itr1/63915207318011_3x50_translation_3.0,1.0_ctag0__HyperAttackHints_VagharDeps_PertruebedIntervals_cTag1.txt","/root/Downloads/for_dana/vaghar_org/paper_experiments/mnist/3x50_exp/translation/eps_3,1/advStd_3x50_N1_19/63915262975205_n2_3x50_translation_3.0,1.0_ctag0_19_sgd_itr1_N2_advStd_BoundTightPertRelax0.0_SibGate_zonoBounds_varHintPrevPGD_seed4_both0_orgDrop0_pertDrop0_HyperAttackHints_VagharDeps_PerturbedIntervals_cTag1.txt",no
,,,,,,,,,,,,,,,,,,,,,,,,,,,,,,,,,,,,,,,,
3x50,translation,"3,1",0,8,210.60,246.83,19.547378,19.740511,19.532572,19.727212,-0.013299,no,off,no,yes,prev_pgd,yes,off,0.0,btpr,yes,elim not activated,elim not activated,0,0,0,0,0,4,1.17x,0.00,246.83,1.17x,0.193134,0.194640,OPTIMAL,OPTIMAL,"/root/Downloads/for_dana/vaghar_org/paper_experiments/mnist/3x50_exp/translation/eps_3,1/vagharWithPerturbed_3x50_19_sgd_itr1/63915207318011_3x50_translation_3.0,1.0_ctag0__HyperAttackHints_VagharDeps_PertruebedIntervals_cTag1.txt","/root/Downloads/for_dana/vaghar_org/paper_experiments/mnist/3x50_exp/translation/eps_3,1/advStd_3x50_N1_19/63915262975205_n2_3x50_translation_3.0,1.0_ctag0_19_sgd_itr1_N2_advStd_BoundTightPertRelax0.0_SibGate_zonoBounds_varHintPrevPGD_seed4_both0_orgDrop0_pertDrop0_HyperAttackHints_VagharDeps_PerturbedIntervals_cTag1.txt",no
3x50,translation,"3,1",0,8,210.60,263.50,19.547378,19.740511,19.558947,19.749126,0.008615,no,off,no,yes,prev_pgd,yes,off,0.5,btpr,yes,elim not activated,elim not activated,12,11,13,0,0,4,1.25x,0.00,263.50,1.25x,0.193134,0.190179,OPTIMAL,OPTIMAL,"/root/Downloads/for_dana/vaghar_org/paper_experiments/mnist/3x50_exp/translation/eps_3,1/vagharWithPerturbed_3x50_19_sgd_itr1/63915207318011_3x50_translation_3.0,1.0_ctag0__HyperAttackHints_VagharDeps_PertruebedIntervals_cTag1.txt","/root/Downloads/for_dana/vaghar_org/paper_experiments/mnist/3x50_exp/translation/eps_3,1/advStd_3x50_N1_19/63915265841528_n2_3x50_translation_3.0,1.0_ctag0_19_sgd_itr1_N2_advStd_BoundTightPertRelax0.5_SibGate_zonoBounds_varHintPrevPGD_seed4_both13_orgDrop0_pertDrop0_HyperAttackHints_VagharDeps_PerturbedIntervals_cTag1.txt",no
3x50,translation,"3,1",0,8,210.60,399.99,19.547378,19.740511,19.556953,19.735543,-0.004968,no,off,no,yes,prev_pgd,yes,off,0.5,btpr,yes,elim not activated,elim not activated,12,11,13,0,0,4,1.90x,0.00,399.99,1.90x,0.193134,0.178590,OPTIMAL,OPTIMAL,"/root/Downloads/for_dana/vaghar_org/paper_experiments/mnist/3x50_exp/translation/eps_3,1/vagharWithPerturbed_3x50_19_sgd_itr1/63915207318011_3x50_translation_3.0,1.0_ctag0__HyperAttackHints_VagharDeps_PertruebedIntervals_cTag1.txt","/root/Downloads/for_dana/vaghar_org/paper_experiments/mnist/3x50_exp/translation/eps_3,1/advStd_3x50_N1_19/63917433675545_n2_3x50_translation_3.0,1.0_ctag0_19_sgd_itr1_N2_advStd_BoundTightPertRelax0.5_SibGate_zonoBounds_varHintPrevPGD_seed4_both13_orgDrop0_pertDrop0_HyperAttackHints_VagharDeps_PerturbedIntervals_geomInt_cTag1.txt",yes
,,,,,,,,,,,,,,,,,,,,,,,,,,,,,,,,,,,,,,,,
3x50,translation,"3,1",0,9,672.76,1379.08,19.161723,19.350872,19.173929,19.364852,0.013980,no,off,no,yes,prev_pgd,yes,off,0.5,btpr,yes,elim not activated,elim not activated,12,11,13,0,0,4,2.05x,0.00,1379.08,2.05x,0.189149,0.190923,OPTIMAL,OPTIMAL,"/root/Downloads/for_dana/vaghar_org/paper_experiments/mnist/3x50_exp/translation/eps_3,1/vagharWithPerturbed_3x50_19_sgd_itr1/63915207318011_3x50_translation_3.0,1.0_ctag0__HyperAttackHints_VagharDeps_PertruebedIntervals_cTag1.txt","/root/Downloads/for_dana/vaghar_org/paper_experiments/mnist/3x50_exp/translation/eps_3,1/advStd_3x50_N1_19/63917433675545_n2_3x50_translation_3.0,1.0_ctag0_19_sgd_itr1_N2_advStd_BoundTightPertRelax0.5_SibGate_zonoBounds_varHintPrevPGD_seed4_both13_orgDrop0_pertDrop0_HyperAttackHints_VagharDeps_PerturbedIntervals_geomInt_cTag1.txt",yes
,,,,,,,,,,,,,,,,,,,,,,,,,,,,,,,,,,,,,,,,
3x50,translation,"3,1",1,2,462.25,695.15,12.737473,12.852751,12.761931,12.886225,0.033474,no,off,no,yes,prev_pgd,yes,off,0.5,btpr,yes,elim not activated,elim not activated,12,11,13,0,0,4,1.50x,0.00,695.15,1.50x,0.115279,0.124294,OPTIMAL,OPTIMAL,"/root/Downloads/for_dana/vaghar_org/paper_experiments/mnist/3x50_exp/translation/eps_3,1/vagharWithPerturbed_3x50_19_sgd_itr1/63915219625525_3x50_translation_3.0,1.0_ctag1__HyperAttackHints_VagharDeps_PertruebedIntervals_cTag2.txt","/root/Downloads/for_dana/vaghar_org/paper_experiments/mnist/3x50_exp/translation/eps_3,1/advStd_3x50_N1_19/63916096670839_n2_3x50_translation_3.0,1.0_ctag1_19_sgd_itr1_N2_advStd_BoundTightPertRelax0.5_SibGate_zonoBounds_varHintPrevPGD_seed4_both13_orgDrop0_pertDrop0_HyperAttackHints_VagharDeps_PerturbedIntervals_cTag2.txt",no
3x50,translation,"3,1",1,2,462.25,698.64,12.737473,12.852751,12.762241,12.871909,0.019158,no,off,no,yes,prev_pgd,yes,off,0.5,btpr,yes,elim not activated,elim not activated,12,11,13,0,0,4,1.51x,0.00,698.64,1.51x,0.115279,0.109668,OPTIMAL,OPTIMAL,"/root/Downloads/for_dana/vaghar_org/paper_experiments/mnist/3x50_exp/translation/eps_3,1/vagharWithPerturbed_3x50_19_sgd_itr1/63915219625525_3x50_translation_3.0,1.0_ctag1__HyperAttackHints_VagharDeps_PertruebedIntervals_cTag2.txt","/root/Downloads/for_dana/vaghar_org/paper_experiments/mnist/3x50_exp/translation/eps_3,1/advStd_3x50_N1_19/63917434886569_n2_3x50_translation_3.0,1.0_ctag1_19_sgd_itr1_N2_advStd_BoundTightPertRelax0.5_SibGate_zonoBounds_varHintPrevPGD_seed4_both13_orgDrop0_pertDrop0_HyperAttackHints_VagharDeps_PerturbedIntervals_geomInt_cTag2.txt",yes
,,,,,,,,,,,,,,,,,,,,,,,,,,,,,,,,,,,,,,,,
3x50,translation,"3,1",1,3,570.39,633.36,12.832741,12.845769,12.837295,12.941193,0.095424,no,off,no,yes,prev_pgd,yes,off,0.5,btpr,yes,elim not activated,elim not activated,12,11,13,0,0,4,1.11x,0.00,633.36,1.11x,0.013028,0.103898,OPTIMAL,OPTIMAL,"/root/Downloads/for_dana/vaghar_org/paper_experiments/mnist/3x50_exp/translation/eps_3,1/vagharWithPerturbed_3x50_19_sgd_itr1/63915219625525_3x50_translation_3.0,1.0_ctag1__HyperAttackHints_VagharDeps_PertruebedIntervals_cTag2.txt","/root/Downloads/for_dana/vaghar_org/paper_experiments/mnist/3x50_exp/translation/eps_3,1/advStd_3x50_N1_19/63916096670839_n2_3x50_translation_3.0,1.0_ctag1_19_sgd_itr1_N2_advStd_BoundTightPertRelax0.5_SibGate_zonoBounds_varHintPrevPGD_seed4_both13_orgDrop0_pertDrop0_HyperAttackHints_VagharDeps_PerturbedIntervals_cTag2.txt",no
,,,,,,,,,,,,,,,,,,,,,,,,,,,,,,,,,,,,,,,,
3x50,translation,"3,1",1,4,726.65,842.57,12.792381,12.845769,12.818308,12.926455,0.080686,no,off,no,yes,prev_pgd,yes,off,0.5,btpr,yes,elim not activated,elim not activated,12,11,13,0,0,4,1.16x,0.00,842.57,1.16x,0.053388,0.108147,OPTIMAL,OPTIMAL,"/root/Downloads/for_dana/vaghar_org/paper_experiments/mnist/3x50_exp/translation/eps_3,1/vagharWithPerturbed_3x50_19_sgd_itr1/63915219625525_3x50_translation_3.0,1.0_ctag1__HyperAttackHints_VagharDeps_PertruebedIntervals_cTag2.txt","/root/Downloads/for_dana/vaghar_org/paper_experiments/mnist/3x50_exp/translation/eps_3,1/advStd_3x50_N1_19/63917434886569_n2_3x50_translation_3.0,1.0_ctag1_19_sgd_itr1_N2_advStd_BoundTightPertRelax0.5_SibGate_zonoBounds_varHintPrevPGD_seed4_both13_orgDrop0_pertDrop0_HyperAttackHints_VagharDeps_PerturbedIntervals_geomInt_cTag2.txt",yes
,,,,,,,,,,,,,,,,,,,,,,,,,,,,,,,,,,,,,,,,
3x50,translation,"3,1",1,5,601.10,744.72,12.721486,12.845769,12.725086,12.851845,0.006076,no,off,no,yes,prev_pgd,yes,off,0.5,btpr,yes,elim not activated,elim not activated,12,11,13,0,0,4,1.24x,0.00,744.72,1.24x,0.124283,0.126759,OPTIMAL,OPTIMAL,"/root/Downloads/for_dana/vaghar_org/paper_experiments/mnist/3x50_exp/translation/eps_3,1/vagharWithPerturbed_3x50_19_sgd_itr1/63915219625525_3x50_translation_3.0,1.0_ctag1__HyperAttackHints_VagharDeps_PertruebedIntervals_cTag2.txt","/root/Downloads/for_dana/vaghar_org/paper_experiments/mnist/3x50_exp/translation/eps_3,1/advStd_3x50_N1_19/63917434886569_n2_3x50_translation_3.0,1.0_ctag1_19_sgd_itr1_N2_advStd_BoundTightPertRelax0.5_SibGate_zonoBounds_varHintPrevPGD_seed4_both13_orgDrop0_pertDrop0_HyperAttackHints_VagharDeps_PerturbedIntervals_geomInt_cTag2.txt",yes
,,,,,,,,,,,,,,,,,,,,,,,,,,,,,,,,,,,,,,,,
3x50,translation,"3,1",1,8,429.29,529.81,12.738570,12.845769,12.820518,12.936066,0.090297,no,off,no,yes,prev_pgd,yes,off,0.5,btpr,yes,elim not activated,elim not activated,12,11,13,0,0,4,1.23x,0.00,529.81,1.23x,0.107199,0.115547,OPTIMAL,OPTIMAL,"/root/Downloads/for_dana/vaghar_org/paper_experiments/mnist/3x50_exp/translation/eps_3,1/vagharWithPerturbed_3x50_19_sgd_itr1/63915219625525_3x50_translation_3.0,1.0_ctag1__HyperAttackHints_VagharDeps_PertruebedIntervals_cTag2.txt","/root/Downloads/for_dana/vaghar_org/paper_experiments/mnist/3x50_exp/translation/eps_3,1/advStd_3x50_N1_19/63917434886569_n2_3x50_translation_3.0,1.0_ctag1_19_sgd_itr1_N2_advStd_BoundTightPertRelax0.5_SibGate_zonoBounds_varHintPrevPGD_seed4_both13_orgDrop0_pertDrop0_HyperAttackHints_VagharDeps_PerturbedIntervals_geomInt_cTag2.txt",yes
3x50,translation,"3,1",1,8,429.29,662.98,12.738570,12.845769,12.820118,12.927491,0.081722,no,off,no,yes,prev_pgd,yes,off,0.5,btpr,yes,elim not activated,elim not activated,12,11,13,0,0,4,1.54x,0.00,662.98,1.54x,0.107199,0.107372,OPTIMAL,OPTIMAL,"/root/Downloads/for_dana/vaghar_org/paper_experiments/mnist/3x50_exp/translation/eps_3,1/vagharWithPerturbed_3x50_19_sgd_itr1/63915219625525_3x50_translation_3.0,1.0_ctag1__HyperAttackHints_VagharDeps_PertruebedIntervals_cTag2.txt","/root/Downloads/for_dana/vaghar_org/paper_experiments/mnist/3x50_exp/translation/eps_3,1/advStd_3x50_N1_19/63916096670839_n2_3x50_translation_3.0,1.0_ctag1_19_sgd_itr1_N2_advStd_BoundTightPertRelax0.5_SibGate_zonoBounds_varHintPrevPGD_seed4_both13_orgDrop0_pertDrop0_HyperAttackHints_VagharDeps_PerturbedIntervals_cTag2.txt",no
,,,,,,,,,,,,,,,,,,,,,,,,,,,,,,,,,,,,,,,,
3x50,translation,"3,1",1,9,537.50,641.32,12.782299,12.845769,12.819267,12.922555,0.076786,no,off,no,yes,prev_pgd,yes,off,0.5,btpr,yes,elim not activated,elim not activated,12,11,13,0,0,4,1.19x,0.00,641.32,1.19x,0.063470,0.103288,OPTIMAL,OPTIMAL,"/root/Downloads/for_dana/vaghar_org/paper_experiments/mnist/3x50_exp/translation/eps_3,1/vagharWithPerturbed_3x50_19_sgd_itr1/63915219625525_3x50_translation_3.0,1.0_ctag1__HyperAttackHints_VagharDeps_PertruebedIntervals_cTag2.txt","/root/Downloads/for_dana/vaghar_org/paper_experiments/mnist/3x50_exp/translation/eps_3,1/advStd_3x50_N1_19/63917434886569_n2_3x50_translation_3.0,1.0_ctag1_19_sgd_itr1_N2_advStd_BoundTightPertRelax0.5_SibGate_zonoBounds_varHintPrevPGD_seed4_both13_orgDrop0_pertDrop0_HyperAttackHints_VagharDeps_PerturbedIntervals_geomInt_cTag2.txt",yes
3x50,translation,"3,1",1,9,537.50,644.32,12.782299,12.845769,12.819267,12.931402,0.085633,no,off,no,yes,prev_pgd,yes,off,0.5,btpr,yes,elim not activated,elim not activated,12,11,13,0,0,4,1.20x,0.00,644.32,1.20x,0.063470,0.112135,OPTIMAL,OPTIMAL,"/root/Downloads/for_dana/vaghar_org/paper_experiments/mnist/3x50_exp/translation/eps_3,1/vagharWithPerturbed_3x50_19_sgd_itr1/63915219625525_3x50_translation_3.0,1.0_ctag1__HyperAttackHints_VagharDeps_PertruebedIntervals_cTag2.txt","/root/Downloads/for_dana/vaghar_org/paper_experiments/mnist/3x50_exp/translation/eps_3,1/advStd_3x50_N1_19/63916096670839_n2_3x50_translation_3.0,1.0_ctag1_19_sgd_itr1_N2_advStd_BoundTightPertRelax0.5_SibGate_zonoBounds_varHintPrevPGD_seed4_both13_orgDrop0_pertDrop0_HyperAttackHints_VagharDeps_PerturbedIntervals_cTag2.txt",no
,,,,,,,,,,,,,,,,,,,,,,,,,,,,,,,,,,,,,,,,
3x50,translation,"3,1",2,0,410.24,643.47,18.597531,18.738369,18.620287,18.770875,0.032505,no,off,no,yes,prev_pgd,yes,off,0.5,btpr,yes,elim not activated,elim not activated,12,11,13,0,0,4,1.57x,0.00,643.47,1.57x,0.140838,0.150588,OPTIMAL,OPTIMAL,"/root/Downloads/for_dana/vaghar_org/paper_experiments/mnist/3x50_exp/translation/eps_3,1/vagharWithPerturbed_3x50_19_sgd_itr1/63915240433581_3x50_translation_3.0,1.0_ctag2__HyperAttackHints_VagharDeps_PertruebedIntervals_cTag3.txt","/root/Downloads/for_dana/vaghar_org/paper_experiments/mnist/3x50_exp/translation/eps_3,1/advStd_3x50_N1_19/63917438349763_n2_3x50_translation_3.0,1.0_ctag2_19_sgd_itr1_N2_advStd_BoundTightPertRelax0.5_SibGate_zonoBounds_varHintPrevPGD_seed4_both13_orgDrop0_pertDrop0_HyperAttackHints_VagharDeps_PerturbedIntervals_geomInt_cTag3.txt",yes
,,,,,,,,,,,,,,,,,,,,,,,,,,,,,,,,,,,,,,,,
3x50,translation,"3,1",2,1,421.23,653.25,18.604304,18.737856,18.693233,18.848622,0.110767,no,off,no,yes,prev_pgd,yes,off,0.5,btpr,yes,elim not activated,elim not activated,12,11,13,0,0,4,1.55x,0.00,653.25,1.55x,0.133552,0.155389,OPTIMAL,OPTIMAL,"/root/Downloads/for_dana/vaghar_org/paper_experiments/mnist/3x50_exp/translation/eps_3,1/vagharWithPerturbed_3x50_19_sgd_itr1/63915240433581_3x50_translation_3.0,1.0_ctag2__HyperAttackHints_VagharDeps_PertruebedIntervals_cTag3.txt","/root/Downloads/for_dana/vaghar_org/paper_experiments/mnist/3x50_exp/translation/eps_3,1/advStd_3x50_N1_19/63917438349763_n2_3x50_translation_3.0,1.0_ctag2_19_sgd_itr1_N2_advStd_BoundTightPertRelax0.5_SibGate_zonoBounds_varHintPrevPGD_seed4_both13_orgDrop0_pertDrop0_HyperAttackHints_VagharDeps_PerturbedIntervals_geomInt_cTag3.txt",yes
,,,,,,,,,,,,,,,,,,,,,,,,,,,,,,,,,,,,,,,,
3x50,translation,"3,1",2,3,630.68,916.74,18.465991,18.523242,18.446144,18.597770,0.074528,no,off,no,yes,prev_pgd,yes,off,0.5,btpr,yes,elim not activated,elim not activated,12,11,13,0,0,4,1.45x,0.00,916.74,1.45x,0.057251,0.151626,OPTIMAL,OPTIMAL,"/root/Downloads/for_dana/vaghar_org/paper_experiments/mnist/3x50_exp/translation/eps_3,1/vagharWithPerturbed_3x50_19_sgd_itr1/63915240433581_3x50_translation_3.0,1.0_ctag2__HyperAttackHints_VagharDeps_PertruebedIntervals_cTag3.txt","/root/Downloads/for_dana/vaghar_org/paper_experiments/mnist/3x50_exp/translation/eps_3,1/advStd_3x50_N1_19/63917438349763_n2_3x50_translation_3.0,1.0_ctag2_19_sgd_itr1_N2_advStd_BoundTightPertRelax0.5_SibGate_zonoBounds_varHintPrevPGD_seed4_both13_orgDrop0_pertDrop0_HyperAttackHints_VagharDeps_PerturbedIntervals_geomInt_cTag3.txt",yes
,,,,,,,,,,,,,,,,,,,,,,,,,,,,,,,,,,,,,,,,
3x50,translation,"3,1",2,5,199.47,505.64,18.708241,18.738328,18.719717,18.903410,0.165082,no,off,no,yes,prev_pgd,yes,off,0.5,btpr,yes,elim not activated,elim not activated,12,11,13,0,0,4,2.53x,0.00,505.64,2.53x,0.030087,0.183693,OPTIMAL,OPTIMAL,"/root/Downloads/for_dana/vaghar_org/paper_experiments/mnist/3x50_exp/translation/eps_3,1/vagharWithPerturbed_3x50_19_sgd_itr1/63915240433581_3x50_translation_3.0,1.0_ctag2__HyperAttackHints_VagharDeps_PertruebedIntervals_cTag3.txt","/root/Downloads/for_dana/vaghar_org/paper_experiments/mnist/3x50_exp/translation/eps_3,1/advStd_3x50_N1_19/63917438349763_n2_3x50_translation_3.0,1.0_ctag2_19_sgd_itr1_N2_advStd_BoundTightPertRelax0.5_SibGate_zonoBounds_varHintPrevPGD_seed4_both13_orgDrop0_pertDrop0_HyperAttackHints_VagharDeps_PerturbedIntervals_geomInt_cTag3.txt",yes
,,,,,,,,,,,,,,,,,,,,,,,,,,,,,,,,,,,,,,,,
3x50,translation,"3,1",2,6,250.01,723.10,18.720513,18.738369,18.724651,18.905152,0.166782,no,off,no,yes,prev_pgd,yes,off,0.5,btpr,yes,elim not activated,elim not activated,12,11,13,0,0,4,2.89x,0.00,723.10,2.89x,0.017856,0.180501,OPTIMAL,OPTIMAL,"/root/Downloads/for_dana/vaghar_org/paper_experiments/mnist/3x50_exp/translation/eps_3,1/vagharWithPerturbed_3x50_19_sgd_itr1/63915240433581_3x50_translation_3.0,1.0_ctag2__HyperAttackHints_VagharDeps_PertruebedIntervals_cTag3.txt","/root/Downloads/for_dana/vaghar_org/paper_experiments/mnist/3x50_exp/translation/eps_3,1/advStd_3x50_N1_19/63917438349763_n2_3x50_translation_3.0,1.0_ctag2_19_sgd_itr1_N2_advStd_BoundTightPertRelax0.5_SibGate_zonoBounds_varHintPrevPGD_seed4_both13_orgDrop0_pertDrop0_HyperAttackHints_VagharDeps_PerturbedIntervals_geomInt_cTag3.txt",yes
,,,,,,,,,,,,,,,,,,,,,,,,,,,,,,,,,,,,,,,,
3x50,translation,"3,1",2,7,2928.44,4862.66,18.120326,18.301341,18.118217,18.299395,-0.001946,no,off,no,yes,prev_pgd,yes,off,0.5,btpr,yes,elim not activated,elim not activated,12,11,13,0,0,4,1.66x,0.00,4862.66,1.66x,0.181016,0.181178,OPTIMAL,OPTIMAL,"/root/Downloads/for_dana/vaghar_org/paper_experiments/mnist/3x50_exp/translation/eps_3,1/vagharWithPerturbed_3x50_19_sgd_itr1/63915240433581_3x50_translation_3.0,1.0_ctag2__HyperAttackHints_VagharDeps_PertruebedIntervals_cTag3.txt","/root/Downloads/for_dana/vaghar_org/paper_experiments/mnist/3x50_exp/translation/eps_3,1/advStd_3x50_N1_19/63917438349763_n2_3x50_translation_3.0,1.0_ctag2_19_sgd_itr1_N2_advStd_BoundTightPertRelax0.5_SibGate_zonoBounds_varHintPrevPGD_seed4_both13_orgDrop0_pertDrop0_HyperAttackHints_VagharDeps_PerturbedIntervals_geomInt_cTag3.txt",yes
,,,,,,,,,,,,,,,,,,,,,,,,,,,,,,,,,,,,,,,,
3x50,translation,"3,1",2,8,186.38,552.93,18.647686,18.738369,18.708702,18.876672,0.138303,no,off,no,yes,prev_pgd,yes,off,0.5,btpr,yes,elim not activated,elim not activated,12,11,13,0,0,4,2.97x,0.00,552.93,2.97x,0.090684,0.167970,OPTIMAL,OPTIMAL,"/root/Downloads/for_dana/vaghar_org/paper_experiments/mnist/3x50_exp/translation/eps_3,1/vagharWithPerturbed_3x50_19_sgd_itr1/63915240433581_3x50_translation_3.0,1.0_ctag2__HyperAttackHints_VagharDeps_PertruebedIntervals_cTag3.txt","/root/Downloads/for_dana/vaghar_org/paper_experiments/mnist/3x50_exp/translation/eps_3,1/advStd_3x50_N1_19/63917438349763_n2_3x50_translation_3.0,1.0_ctag2_19_sgd_itr1_N2_advStd_BoundTightPertRelax0.5_SibGate_zonoBounds_varHintPrevPGD_seed4_both13_orgDrop0_pertDrop0_HyperAttackHints_VagharDeps_PerturbedIntervals_geomInt_cTag3.txt",yes
,,,,,,,,,,,,,,,,,,,,,,,,,,,,,,,,,,,,,,,,
3x50,translation,"3,1",2,9,3611.31,8920.65,17.499252,17.780010,17.514183,17.689109,-0.090901,no,off,no,yes,prev_pgd,yes,off,0.5,btpr,yes,elim not activated,elim not activated,12,11,13,0,0,4,2.47x,0.00,8920.65,2.47x,0.280758,0.174925,TIME_LIMIT,OPTIMAL,"/root/Downloads/for_dana/vaghar_org/paper_experiments/mnist/3x50_exp/translation/eps_3,1/vagharWithPerturbed_3x50_19_sgd_itr1/63915240433581_3x50_translation_3.0,1.0_ctag2__HyperAttackHints_VagharDeps_PertruebedIntervals_cTag3.txt","/root/Downloads/for_dana/vaghar_org/paper_experiments/mnist/3x50_exp/translation/eps_3,1/advStd_3x50_N1_19/63917438349763_n2_3x50_translation_3.0,1.0_ctag2_19_sgd_itr1_N2_advStd_BoundTightPertRelax0.5_SibGate_zonoBounds_varHintPrevPGD_seed4_both13_orgDrop0_pertDrop0_HyperAttackHints_VagharDeps_PerturbedIntervals_geomInt_cTag3.txt",yes
,,,,,,,,,,,,,,,,,,,,,,,,,,,,,,,,,,,,,,,,
3x50,translation,"3,3",0,5,232.94,235.75,19.575123,19.748836,19.571826,19.763987,0.015152,no,off,no,yes,prev_pgd,yes,off,0.5,btpr,yes,elim not activated,elim not activated,12,11,13,0,0,4,1.01x,0.00,235.75,1.01x,0.173713,0.192161,OPTIMAL,OPTIMAL,"/root/Downloads/for_dana/vaghar_org/paper_experiments/mnist/3x50_exp/translation/eps_3,3/vagharWithPerturbed_3x50_19_sgd_itr1/63915207377653_3x50_translation_3.0,3.0_ctag0__HyperAttackHints_VagharDeps_PertruebedIntervals_cTag1.txt","/root/Downloads/for_dana/vaghar_org/paper_experiments/mnist/3x50_exp/translation/eps_3,3/advStd_3x50_N1_19/63915270564483_n2_3x50_translation_3.0,3.0_ctag0_19_sgd_itr1_N2_advStd_BoundTightPertRelax0.5_SibGate_zonoBounds_varHintPrevPGD_seed4_both13_orgDrop0_pertDrop0_HyperAttackHints_VagharDeps_PerturbedIntervals_cTag1.txt",no
3x50,translation,"3,3",0,5,232.94,322.55,19.575123,19.748836,19.572117,19.763987,0.015152,no,off,no,yes,prev_pgd,yes,off,0.5,btpr,yes,elim not activated,elim not activated,12,11,13,0,0,4,1.38x,0.00,322.55,1.38x,0.173713,0.191870,OPTIMAL,OPTIMAL,"/root/Downloads/for_dana/vaghar_org/paper_experiments/mnist/3x50_exp/translation/eps_3,3/vagharWithPerturbed_3x50_19_sgd_itr1/63915207377653_3x50_translation_3.0,3.0_ctag0__HyperAttackHints_VagharDeps_PertruebedIntervals_cTag1.txt","/root/Downloads/for_dana/vaghar_org/paper_experiments/mnist/3x50_exp/translation/eps_3,3/advStd_3x50_N1_19/63917472665917_n2_3x50_translation_3.0,3.0_ctag0_19_sgd_itr1_N2_advStd_BoundTightPertRelax0.5_SibGate_zonoBounds_varHintPrevPGD_seed4_both13_orgDrop0_pertDrop0_HyperAttackHints_VagharDeps_PerturbedIntervals_geomInt_cTag1.txt",yes
,,,,,,,,,,,,,,,,,,,,,,,,,,,,,,,,,,,,,,,,
3x50,translation,"3,3",0,6,234.27,500.51,19.583790,19.772176,19.555334,19.750476,-0.021700,no,off,no,yes,prev_pgd,yes,off,0.5,btpr,yes,elim not activated,elim not activated,12,11,13,0,0,4,2.14x,0.00,500.51,2.14x,0.188386,0.195142,OPTIMAL,OPTIMAL,"/root/Downloads/for_dana/vaghar_org/paper_experiments/mnist/3x50_exp/translation/eps_3,3/vagharWithPerturbed_3x50_19_sgd_itr1/63915207377653_3x50_translation_3.0,3.0_ctag0__HyperAttackHints_VagharDeps_PertruebedIntervals_cTag1.txt","/root/Downloads/for_dana/vaghar_org/paper_experiments/mnist/3x50_exp/translation/eps_3,3/advStd_3x50_N1_19/63917472665917_n2_3x50_translation_3.0,3.0_ctag0_19_sgd_itr1_N2_advStd_BoundTightPertRelax0.5_SibGate_zonoBounds_varHintPrevPGD_seed4_both13_orgDrop0_pertDrop0_HyperAttackHints_VagharDeps_PerturbedIntervals_geomInt_cTag1.txt",yes
,,,,,,,,,,,,,,,,,,,,,,,,,,,,,,,,,,,,,,,,
3x50,translation,"3,3",0,8,119.96,140.40,19.752236,19.930087,19.763987,19.952447,0.022361,no,off,no,yes,prev_pgd,yes,off,0.5,btpr,yes,elim not activated,elim not activated,12,11,13,0,0,4,1.17x,0.00,140.40,1.17x,0.177851,0.188460,OPTIMAL,OPTIMAL,"/root/Downloads/for_dana/vaghar_org/paper_experiments/mnist/3x50_exp/translation/eps_3,3/vagharWithPerturbed_3x50_19_sgd_itr1/63915207377653_3x50_translation_3.0,3.0_ctag0__HyperAttackHints_VagharDeps_PertruebedIntervals_cTag1.txt","/root/Downloads/for_dana/vaghar_org/paper_experiments/mnist/3x50_exp/translation/eps_3,3/advStd_3x50_N1_19/63917472665917_n2_3x50_translation_3.0,3.0_ctag0_19_sgd_itr1_N2_advStd_BoundTightPertRelax0.5_SibGate_zonoBounds_varHintPrevPGD_seed4_both13_orgDrop0_pertDrop0_HyperAttackHints_VagharDeps_PerturbedIntervals_geomInt_cTag1.txt",yes
3x50,translation,"3,3",0,8,119.96,195.29,19.752236,19.930087,19.752236,19.924438,-0.005648,no,off,no,yes,prev_pgd,yes,off,0.0,btpr,yes,elim not activated,elim not activated,0,0,0,0,0,4,1.63x,0.00,195.29,1.63x,0.177851,0.172203,OPTIMAL,OPTIMAL,"/root/Downloads/for_dana/vaghar_org/paper_experiments/mnist/3x50_exp/translation/eps_3,3/vagharWithPerturbed_3x50_19_sgd_itr1/63915207377653_3x50_translation_3.0,3.0_ctag0__HyperAttackHints_VagharDeps_PertruebedIntervals_cTag1.txt","/root/Downloads/for_dana/vaghar_org/paper_experiments/mnist/3x50_exp/translation/eps_3,3/advStd_3x50_N1_19/63915270153357_n2_3x50_translation_3.0,3.0_ctag0_19_sgd_itr1_N2_advStd_BoundTightPertRelax0.0_SibGate_zonoBounds_varHintPrevPGD_seed4_both0_orgDrop0_pertDrop0_HyperAttackHints_VagharDeps_PerturbedIntervals_cTag1.txt",no
,,,,,,,,,,,,,,,,,,,,,,,,,,,,,,,,,,,,,,,,
3x50,translation,"3,3",0,9,258.22,285.89,19.560660,19.753308,19.612648,19.781040,0.027732,no,off,no,yes,prev_pgd,yes,off,0.0,btpr,yes,elim not activated,elim not activated,0,0,0,0,0,4,1.11x,0.00,285.89,1.11x,0.192648,0.168392,OPTIMAL,OPTIMAL,"/root/Downloads/for_dana/vaghar_org/paper_experiments/mnist/3x50_exp/translation/eps_3,3/vagharWithPerturbed_3x50_19_sgd_itr1/63915207377653_3x50_translation_3.0,3.0_ctag0__HyperAttackHints_VagharDeps_PertruebedIntervals_cTag1.txt","/root/Downloads/for_dana/vaghar_org/paper_experiments/mnist/3x50_exp/translation/eps_3,3/advStd_3x50_N1_19/63915270153357_n2_3x50_translation_3.0,3.0_ctag0_19_sgd_itr1_N2_advStd_BoundTightPertRelax0.0_SibGate_zonoBounds_varHintPrevPGD_seed4_both0_orgDrop0_pertDrop0_HyperAttackHints_VagharDeps_PerturbedIntervals_cTag1.txt",no
,,,,,,,,,,,,,,,,,,,,,,,,,,,,,,,,,,,,,,,,
3x50,translation,"3,3",1,0,381.33,556.05,12.809444,12.845769,12.816795,12.921727,0.075959,no,off,no,yes,prev_pgd,yes,off,0.5,btpr,yes,elim not activated,elim not activated,12,11,13,0,0,4,1.46x,0.00,556.05,1.46x,0.036325,0.104932,OPTIMAL,OPTIMAL,"/root/Downloads/for_dana/vaghar_org/paper_experiments/mnist/3x50_exp/translation/eps_3,3/vagharWithPerturbed_3x50_19_sgd_itr1/63915220906325_3x50_translation_3.0,3.0_ctag1__HyperAttackHints_VagharDeps_PertruebedIntervals_cTag2.txt","/root/Downloads/for_dana/vaghar_org/paper_experiments/mnist/3x50_exp/translation/eps_3,3/advStd_3x50_N1_19/63917473583345_n2_3x50_translation_3.0,3.0_ctag1_19_sgd_itr1_N2_advStd_BoundTightPertRelax0.5_SibGate_zonoBounds_varHintPrevPGD_seed4_both13_orgDrop0_pertDrop0_HyperAttackHints_VagharDeps_PerturbedIntervals_geomInt_cTag2.txt",yes
3x50,translation,"3,3",1,0,381.33,625.88,12.809444,12.845769,12.816795,12.941358,0.095589,no,off,no,yes,prev_pgd,yes,off,0.5,btpr,yes,elim not activated,elim not activated,12,11,13,0,0,4,1.64x,0.00,625.88,1.64x,0.036325,0.124563,OPTIMAL,OPTIMAL,"/root/Downloads/for_dana/vaghar_org/paper_experiments/mnist/3x50_exp/translation/eps_3,3/vagharWithPerturbed_3x50_19_sgd_itr1/63915220906325_3x50_translation_3.0,3.0_ctag1__HyperAttackHints_VagharDeps_PertruebedIntervals_cTag2.txt","/root/Downloads/for_dana/vaghar_org/paper_experiments/mnist/3x50_exp/translation/eps_3,3/advStd_3x50_N1_19/63916098391952_n2_3x50_translation_3.0,3.0_ctag1_19_sgd_itr1_N2_advStd_BoundTightPertRelax0.5_SibGate_zonoBounds_varHintPrevPGD_seed4_both13_orgDrop0_pertDrop0_HyperAttackHints_VagharDeps_PerturbedIntervals_cTag2.txt",no
,,,,,,,,,,,,,,,,,,,,,,,,,,,,,,,,,,,,,,,,
3x50,translation,"3,3",1,2,176.23,343.90,12.729219,12.849075,12.845354,12.957893,0.108818,no,off,no,yes,prev_pgd,yes,off,0.5,btpr,yes,elim not activated,elim not activated,12,11,13,0,0,4,1.95x,0.00,343.90,1.95x,0.119856,0.112539,OPTIMAL,OPTIMAL,"/root/Downloads/for_dana/vaghar_org/paper_experiments/mnist/3x50_exp/translation/eps_3,3/vagharWithPerturbed_3x50_19_sgd_itr1/63915220906325_3x50_translation_3.0,3.0_ctag1__HyperAttackHints_VagharDeps_PertruebedIntervals_cTag2.txt","/root/Downloads/for_dana/vaghar_org/paper_experiments/mnist/3x50_exp/translation/eps_3,3/advStd_3x50_N1_19/63917473583345_n2_3x50_translation_3.0,3.0_ctag1_19_sgd_itr1_N2_advStd_BoundTightPertRelax0.5_SibGate_zonoBounds_varHintPrevPGD_seed4_both13_orgDrop0_pertDrop0_HyperAttackHints_VagharDeps_PerturbedIntervals_geomInt_cTag2.txt",yes
3x50,translation,"3,3",1,2,176.23,374.36,12.729219,12.849075,12.845393,12.962179,0.113104,no,off,no,yes,prev_pgd,yes,off,0.5,btpr,yes,elim not activated,elim not activated,12,11,13,0,0,4,2.12x,0.00,374.36,2.12x,0.119856,0.116786,OPTIMAL,OPTIMAL,"/root/Downloads/for_dana/vaghar_org/paper_experiments/mnist/3x50_exp/translation/eps_3,3/vagharWithPerturbed_3x50_19_sgd_itr1/63915220906325_3x50_translation_3.0,3.0_ctag1__HyperAttackHints_VagharDeps_PertruebedIntervals_cTag2.txt","/root/Downloads/for_dana/vaghar_org/paper_experiments/mnist/3x50_exp/translation/eps_3,3/advStd_3x50_N1_19/63916098391952_n2_3x50_translation_3.0,3.0_ctag1_19_sgd_itr1_N2_advStd_BoundTightPertRelax0.5_SibGate_zonoBounds_varHintPrevPGD_seed4_both13_orgDrop0_pertDrop0_HyperAttackHints_VagharDeps_PerturbedIntervals_cTag2.txt",no
,,,,,,,,,,,,,,,,,,,,,,,,,,,,,,,,,,,,,,,,
3x50,translation,"3,3",1,3,285.36,424.79,12.807113,12.920918,12.840807,12.962050,0.041132,no,off,no,yes,prev_pgd,yes,off,0.5,btpr,yes,elim not activated,elim not activated,12,11,13,0,0,4,1.49x,0.00,424.79,1.49x,0.113805,0.121243,OPTIMAL,OPTIMAL,"/root/Downloads/for_dana/vaghar_org/paper_experiments/mnist/3x50_exp/translation/eps_3,3/vagharWithPerturbed_3x50_19_sgd_itr1/63915220906325_3x50_translation_3.0,3.0_ctag1__HyperAttackHints_VagharDeps_PertruebedIntervals_cTag2.txt","/root/Downloads/for_dana/vaghar_org/paper_experiments/mnist/3x50_exp/translation/eps_3,3/advStd_3x50_N1_19/63917473583345_n2_3x50_translation_3.0,3.0_ctag1_19_sgd_itr1_N2_advStd_BoundTightPertRelax0.5_SibGate_zonoBounds_varHintPrevPGD_seed4_both13_orgDrop0_pertDrop0_HyperAttackHints_VagharDeps_PerturbedIntervals_geomInt_cTag2.txt",yes
3x50,translation,"3,3",1,3,285.36,810.41,12.807113,12.920918,12.840807,12.965560,0.044642,no,off,no,yes,prev_pgd,yes,off,0.5,btpr,yes,elim not activated,elim not activated,12,11,13,0,0,4,2.84x,0.00,810.41,2.84x,0.113805,0.124753,OPTIMAL,OPTIMAL,"/root/Downloads/for_dana/vaghar_org/paper_experiments/mnist/3x50_exp/translation/eps_3,3/vagharWithPerturbed_3x50_19_sgd_itr1/63915220906325_3x50_translation_3.0,3.0_ctag1__HyperAttackHints_VagharDeps_PertruebedIntervals_cTag2.txt","/root/Downloads/for_dana/vaghar_org/paper_experiments/mnist/3x50_exp/translation/eps_3,3/advStd_3x50_N1_19/63916098391952_n2_3x50_translation_3.0,3.0_ctag1_19_sgd_itr1_N2_advStd_BoundTightPertRelax0.5_SibGate_zonoBounds_varHintPrevPGD_seed4_both13_orgDrop0_pertDrop0_HyperAttackHints_VagharDeps_PerturbedIntervals_cTag2.txt",no
,,,,,,,,,,,,,,,,,,,,,,,,,,,,,,,,,,,,,,,,
3x50,translation,"3,3",1,4,332.86,414.68,12.845769,12.950677,12.846231,12.953169,0.002492,no,off,no,yes,prev_pgd,yes,off,0.5,btpr,yes,elim not activated,elim not activated,12,11,13,0,0,4,1.25x,0.00,414.68,1.25x,0.104908,0.106938,OPTIMAL,OPTIMAL,"/root/Downloads/for_dana/vaghar_org/paper_experiments/mnist/3x50_exp/translation/eps_3,3/vagharWithPerturbed_3x50_19_sgd_itr1/63915220906325_3x50_translation_3.0,3.0_ctag1__HyperAttackHints_VagharDeps_PertruebedIntervals_cTag2.txt","/root/Downloads/for_dana/vaghar_org/paper_experiments/mnist/3x50_exp/translation/eps_3,3/advStd_3x50_N1_19/63917473583345_n2_3x50_translation_3.0,3.0_ctag1_19_sgd_itr1_N2_advStd_BoundTightPertRelax0.5_SibGate_zonoBounds_varHintPrevPGD_seed4_both13_orgDrop0_pertDrop0_HyperAttackHints_VagharDeps_PerturbedIntervals_geomInt_cTag2.txt",yes
3x50,translation,"3,3",1,4,332.86,793.43,12.845769,12.950677,12.846231,12.949364,-0.001313,no,off,no,yes,prev_pgd,yes,off,0.5,btpr,yes,elim not activated,elim not activated,12,11,13,0,0,4,2.38x,0.00,793.43,2.38x,0.104908,0.103133,OPTIMAL,OPTIMAL,"/root/Downloads/for_dana/vaghar_org/paper_experiments/mnist/3x50_exp/translation/eps_3,3/vagharWithPerturbed_3x50_19_sgd_itr1/63915220906325_3x50_translation_3.0,3.0_ctag1__HyperAttackHints_VagharDeps_PertruebedIntervals_cTag2.txt","/root/Downloads/for_dana/vaghar_org/paper_experiments/mnist/3x50_exp/translation/eps_3,3/advStd_3x50_N1_19/63916098391952_n2_3x50_translation_3.0,3.0_ctag1_19_sgd_itr1_N2_advStd_BoundTightPertRelax0.5_SibGate_zonoBounds_varHintPrevPGD_seed4_both13_orgDrop0_pertDrop0_HyperAttackHints_VagharDeps_PerturbedIntervals_cTag2.txt",no
,,,,,,,,,,,,,,,,,,,,,,,,,,,,,,,,,,,,,,,,
3x50,translation,"3,3",1,5,3614.20,5574.47,12.466124,12.671522,12.505182,12.630205,-0.041317,no,off,no,yes,prev_pgd,yes,off,0.5,btpr,yes,elim not activated,elim not activated,12,11,13,0,0,4,1.54x,0.00,5574.47,1.54x,0.205398,0.125023,TIME_LIMIT,OPTIMAL,"/root/Downloads/for_dana/vaghar_org/paper_experiments/mnist/3x50_exp/translation/eps_3,3/vagharWithPerturbed_3x50_19_sgd_itr1/63915220906325_3x50_translation_3.0,3.0_ctag1__HyperAttackHints_VagharDeps_PertruebedIntervals_cTag2.txt","/root/Downloads/for_dana/vaghar_org/paper_experiments/mnist/3x50_exp/translation/eps_3,3/advStd_3x50_N1_19/63917473583345_n2_3x50_translation_3.0,3.0_ctag1_19_sgd_itr1_N2_advStd_BoundTightPertRelax0.5_SibGate_zonoBounds_varHintPrevPGD_seed4_both13_orgDrop0_pertDrop0_HyperAttackHints_VagharDeps_PerturbedIntervals_geomInt_cTag2.txt",yes
3x50,translation,"3,3",1,5,3614.20,6053.52,12.466124,12.671522,12.505182,12.630205,-0.041317,no,off,no,yes,prev_pgd,yes,off,0.5,btpr,yes,elim not activated,elim not activated,12,11,13,0,0,4,1.67x,0.00,6053.52,1.67x,0.205398,0.125023,TIME_LIMIT,OPTIMAL,"/root/Downloads/for_dana/vaghar_org/paper_experiments/mnist/3x50_exp/translation/eps_3,3/vagharWithPerturbed_3x50_19_sgd_itr1/63915220906325_3x50_translation_3.0,3.0_ctag1__HyperAttackHints_VagharDeps_PertruebedIntervals_cTag2.txt","/root/Downloads/for_dana/vaghar_org/paper_experiments/mnist/3x50_exp/translation/eps_3,3/advStd_3x50_N1_19/63916098391952_n2_3x50_translation_3.0,3.0_ctag1_19_sgd_itr1_N2_advStd_BoundTightPertRelax0.5_SibGate_zonoBounds_varHintPrevPGD_seed4_both13_orgDrop0_pertDrop0_HyperAttackHints_VagharDeps_PerturbedIntervals_cTag2.txt",no
,,,,,,,,,,,,,,,,,,,,,,,,,,,,,,,,,,,,,,,,
3x50,translation,"3,3",1,6,2164.47,5011.69,12.444921,12.568423,12.446653,12.571025,0.002601,no,off,no,yes,prev_pgd,yes,off,0.5,btpr,yes,elim not activated,elim not activated,12,11,13,0,0,4,2.32x,0.00,5011.69,2.32x,0.123502,0.124372,OPTIMAL,OPTIMAL,"/root/Downloads/for_dana/vaghar_org/paper_experiments/mnist/3x50_exp/translation/eps_3,3/vagharWithPerturbed_3x50_19_sgd_itr1/63915220906325_3x50_translation_3.0,3.0_ctag1__HyperAttackHints_VagharDeps_PertruebedIntervals_cTag2.txt","/root/Downloads/for_dana/vaghar_org/paper_experiments/mnist/3x50_exp/translation/eps_3,3/advStd_3x50_N1_19/63916098391952_n2_3x50_translation_3.0,3.0_ctag1_19_sgd_itr1_N2_advStd_BoundTightPertRelax0.5_SibGate_zonoBounds_varHintPrevPGD_seed4_both13_orgDrop0_pertDrop0_HyperAttackHints_VagharDeps_PerturbedIntervals_cTag2.txt",no
,,,,,,,,,,,,,,,,,,,,,,,,,,,,,,,,,,,,,,,,
3x50,translation,"3,3",1,7,301.75,305.32,12.728053,12.845929,12.845146,12.957385,0.111456,no,off,no,yes,prev_pgd,yes,off,0.5,btpr,yes,elim not activated,elim not activated,12,11,13,0,0,4,1.01x,0.00,305.32,1.01x,0.117876,0.112239,OPTIMAL,OPTIMAL,"/root/Downloads/for_dana/vaghar_org/paper_experiments/mnist/3x50_exp/translation/eps_3,3/vagharWithPerturbed_3x50_19_sgd_itr1/63915220906325_3x50_translation_3.0,3.0_ctag1__HyperAttackHints_VagharDeps_PertruebedIntervals_cTag2.txt","/root/Downloads/for_dana/vaghar_org/paper_experiments/mnist/3x50_exp/translation/eps_3,3/advStd_3x50_N1_19/63917473583345_n2_3x50_translation_3.0,3.0_ctag1_19_sgd_itr1_N2_advStd_BoundTightPertRelax0.5_SibGate_zonoBounds_varHintPrevPGD_seed4_both13_orgDrop0_pertDrop0_HyperAttackHints_VagharDeps_PerturbedIntervals_geomInt_cTag2.txt",yes
3x50,translation,"3,3",1,7,301.75,339.64,12.728053,12.845929,12.845146,12.971171,0.125242,no,off,no,yes,prev_pgd,yes,off,0.5,btpr,yes,elim not activated,elim not activated,12,11,13,0,0,4,1.13x,0.00,339.64,1.13x,0.117876,0.126025,OPTIMAL,OPTIMAL,"/root/Downloads/for_dana/vaghar_org/paper_experiments/mnist/3x50_exp/translation/eps_3,3/vagharWithPerturbed_3x50_19_sgd_itr1/63915220906325_3x50_translation_3.0,3.0_ctag1__HyperAttackHints_VagharDeps_PertruebedIntervals_cTag2.txt","/root/Downloads/for_dana/vaghar_org/paper_experiments/mnist/3x50_exp/translation/eps_3,3/advStd_3x50_N1_19/63916098391952_n2_3x50_translation_3.0,3.0_ctag1_19_sgd_itr1_N2_advStd_BoundTightPertRelax0.5_SibGate_zonoBounds_varHintPrevPGD_seed4_both13_orgDrop0_pertDrop0_HyperAttackHints_VagharDeps_PerturbedIntervals_cTag2.txt",no
,,,,,,,,,,,,,,,,,,,,,,,,,,,,,,,,,,,,,,,,
3x50,translation,"3,3",1,8,351.56,393.50,12.840407,12.845769,12.841651,12.961799,0.116030,no,off,no,yes,prev_pgd,yes,off,0.5,btpr,yes,elim not activated,elim not activated,12,11,13,0,0,4,1.12x,0.00,393.50,1.12x,0.005362,0.120148,OPTIMAL,OPTIMAL,"/root/Downloads/for_dana/vaghar_org/paper_experiments/mnist/3x50_exp/translation/eps_3,3/vagharWithPerturbed_3x50_19_sgd_itr1/63915220906325_3x50_translation_3.0,3.0_ctag1__HyperAttackHints_VagharDeps_PertruebedIntervals_cTag2.txt","/root/Downloads/for_dana/vaghar_org/paper_experiments/mnist/3x50_exp/translation/eps_3,3/advStd_3x50_N1_19/63917473583345_n2_3x50_translation_3.0,3.0_ctag1_19_sgd_itr1_N2_advStd_BoundTightPertRelax0.5_SibGate_zonoBounds_varHintPrevPGD_seed4_both13_orgDrop0_pertDrop0_HyperAttackHints_VagharDeps_PerturbedIntervals_geomInt_cTag2.txt",yes
3x50,translation,"3,3",1,8,351.56,500.49,12.840407,12.845769,12.842651,12.945777,0.100008,no,off,no,yes,prev_pgd,yes,off,0.5,btpr,yes,elim not activated,elim not activated,12,11,13,0,0,4,1.42x,0.00,500.49,1.42x,0.005362,0.103126,OPTIMAL,OPTIMAL,"/root/Downloads/for_dana/vaghar_org/paper_experiments/mnist/3x50_exp/translation/eps_3,3/vagharWithPerturbed_3x50_19_sgd_itr1/63915220906325_3x50_translation_3.0,3.0_ctag1__HyperAttackHints_VagharDeps_PertruebedIntervals_cTag2.txt","/root/Downloads/for_dana/vaghar_org/paper_experiments/mnist/3x50_exp/translation/eps_3,3/advStd_3x50_N1_19/63916098391952_n2_3x50_translation_3.0,3.0_ctag1_19_sgd_itr1_N2_advStd_BoundTightPertRelax0.5_SibGate_zonoBounds_varHintPrevPGD_seed4_both13_orgDrop0_pertDrop0_HyperAttackHints_VagharDeps_PerturbedIntervals_cTag2.txt",no
,,,,,,,,,,,,,,,,,,,,,,,,,,,,,,,,,,,,,,,,
3x50,translation,"3,3",1,9,161.79,386.85,12.825917,12.845769,12.842068,12.950678,0.104909,no,off,no,yes,prev_pgd,yes,off,0.5,btpr,yes,elim not activated,elim not activated,12,11,13,0,0,4,2.39x,0.00,386.85,2.39x,0.019852,0.108611,OPTIMAL,OPTIMAL,"/root/Downloads/for_dana/vaghar_org/paper_experiments/mnist/3x50_exp/translation/eps_3,3/vagharWithPerturbed_3x50_19_sgd_itr1/63915220906325_3x50_translation_3.0,3.0_ctag1__HyperAttackHints_VagharDeps_PertruebedIntervals_cTag2.txt","/root/Downloads/for_dana/vaghar_org/paper_experiments/mnist/3x50_exp/translation/eps_3,3/advStd_3x50_N1_19/63917473583345_n2_3x50_translation_3.0,3.0_ctag1_19_sgd_itr1_N2_advStd_BoundTightPertRelax0.5_SibGate_zonoBounds_varHintPrevPGD_seed4_both13_orgDrop0_pertDrop0_HyperAttackHints_VagharDeps_PerturbedIntervals_geomInt_cTag2.txt",yes
3x50,translation,"3,3",1,9,161.79,652.64,12.825917,12.845769,12.842067,12.959927,0.114158,no,off,no,yes,prev_pgd,yes,off,0.5,btpr,yes,elim not activated,elim not activated,12,11,13,0,0,4,4.03x,0.00,652.64,4.03x,0.019852,0.117860,OPTIMAL,OPTIMAL,"/root/Downloads/for_dana/vaghar_org/paper_experiments/mnist/3x50_exp/translation/eps_3,3/vagharWithPerturbed_3x50_19_sgd_itr1/63915220906325_3x50_translation_3.0,3.0_ctag1__HyperAttackHints_VagharDeps_PertruebedIntervals_cTag2.txt","/root/Downloads/for_dana/vaghar_org/paper_experiments/mnist/3x50_exp/translation/eps_3,3/advStd_3x50_N1_19/63916098391952_n2_3x50_translation_3.0,3.0_ctag1_19_sgd_itr1_N2_advStd_BoundTightPertRelax0.5_SibGate_zonoBounds_varHintPrevPGD_seed4_both13_orgDrop0_pertDrop0_HyperAttackHints_VagharDeps_PerturbedIntervals_cTag2.txt",no
,,,,,,,,,,,,,,,,,,,,,,,,,,,,,,,,,,,,,,,,
3x50,translation,"3,3",2,8,372.44,522.75,18.563479,18.746858,18.672517,18.831810,0.084952,no,off,no,yes,prev_pgd,yes,off,0.5,btpr,yes,elim not activated,elim not activated,12,11,13,0,0,4,1.40x,0.00,522.75,1.40x,0.183379,0.159293,OPTIMAL,OPTIMAL,"/root/Downloads/for_dana/vaghar_org/paper_experiments/mnist/3x50_exp/translation/eps_3,3/vagharWithPerturbed_3x50_19_sgd_itr1/63915242280806_3x50_translation_3.0,3.0_ctag2__HyperAttackHints_VagharDeps_PertruebedIntervals_cTag3.txt","/root/Downloads/for_dana/vaghar_org/paper_experiments/mnist/3x50_exp/translation/eps_3,3/advStd_3x50_N1_19/63917476003787_n2_3x50_translation_3.0,3.0_ctag2_19_sgd_itr1_N2_advStd_BoundTightPertRelax0.5_SibGate_zonoBounds_varHintPrevPGD_seed4_both13_orgDrop0_pertDrop0_HyperAttackHints_VagharDeps_PerturbedIntervals_geomInt_cTag3.txt",yes
,,,,,,,,,,,,,,,,,,,,,,,,,,,,,,,,,,,,,,,,
3x50,translation,"3,3",2,9,364.01,436.83,18.589167,18.738107,18.605531,18.784483,0.046376,no,off,no,yes,prev_pgd,yes,off,0.5,btpr,yes,elim not activated,elim not activated,12,11,13,0,0,4,1.20x,0.00,436.83,1.20x,0.148940,0.178953,OPTIMAL,OPTIMAL,"/root/Downloads/for_dana/vaghar_org/paper_experiments/mnist/3x50_exp/translation/eps_3,3/vagharWithPerturbed_3x50_19_sgd_itr1/63915242280806_3x50_translation_3.0,3.0_ctag2__HyperAttackHints_VagharDeps_PertruebedIntervals_cTag3.txt","/root/Downloads/for_dana/vaghar_org/paper_experiments/mnist/3x50_exp/translation/eps_3,3/advStd_3x50_N1_19/63917476003787_n2_3x50_translation_3.0,3.0_ctag2_19_sgd_itr1_N2_advStd_BoundTightPertRelax0.5_SibGate_zonoBounds_varHintPrevPGD_seed4_both13_orgDrop0_pertDrop0_HyperAttackHints_VagharDeps_PerturbedIntervals_geomInt_cTag3.txt",yes
,,,,,,,,,,,,,,,,,,,,,,,,,,,,,,,,,,,,,,,,
cnn1,occ,"3,3,5",0,4,367.16,388.84,10.867350,10.967109,11.011619,11.108368,0.141259,no,off,no,yes,prev_pgd,yes,off,0.5,btpr,yes,elim not activated,elim not activated,82,84,82,0,3,4,1.06x,0.00,388.84,1.06x,0.099759,0.096748,OPTIMAL,OPTIMAL,"/root/Downloads/for_dana/vaghar_org/paper_experiments/mnist/cnn1_exp/occ/eps_3,3,5/vagharWithPerturbed_cnn1_seed42_itr20_sgd_itr1/63910321869758_cnn1_occ_3.0,3.0,5.0_ctag0__HyperAttackHints_VagharDeps_PertruebedIntervals_cTag1.txt","/root/Downloads/for_dana/vaghar_org/paper_experiments/mnist/cnn1_exp/occ/eps_3,3,5/advStd_cnn1_N1_model_seed42_itr20/63914881670863_n2_cnn1_occ_3.0,3.0,5.0_ctag0_model_seed42_itr20_sgd_itr1_N2_advStd_BoundTightPertRelax0.5_SibGate_zonoBounds_varHintPrevPGD_seed4_both82_orgDrop0_pertDrop3_HyperAttackHints_VagharDeps_PerturbedIntervals_cTag1.txt",no
cnn1,occ,"3,3,5",0,4,367.16,596.74,10.867350,10.967109,11.022251,11.121114,0.154005,no,off,no,yes,prev_pgd,no,off,0.25,btpr,yes,elim not activated,elim not activated,81,83,81,0,2,4,1.63x,0.00,596.74,1.63x,0.099759,0.098863,OPTIMAL,OPTIMAL,"/root/Downloads/for_dana/vaghar_org/paper_experiments/mnist/cnn1_exp/occ/eps_3,3,5/vagharWithPerturbed_cnn1_seed42_itr20_sgd_itr1/63910321869758_cnn1_occ_3.0,3.0,5.0_ctag0__HyperAttackHints_VagharDeps_PertruebedIntervals_cTag1.txt","/root/Downloads/for_dana/vaghar_org/paper_experiments/mnist/cnn1_exp/occ/eps_3,3,5/advStd_cnn1_N1_model_seed42_itr20/63914299796469_n2_cnn1_occ_3.0,3.0,5.0_ctag0_model_seed42_itr20_sgd_itr1_N2_advStd_BoundTightPertRelax0.25_SibGate_varHintPrevPGD_seed4_both81_orgDrop0_pertDrop2_HyperAttackHints_VagharDeps_PerturbedIntervals_cTag1.txt",no
cnn1,occ,"3,3,5",0,4,367.16,743.95,10.867350,10.967109,11.011118,11.119631,0.152522,no,off,no,yes,prev_pgd,yes,off,0.5,btpr,no,elim not activated,elim not activated,82,84,,,,4,2.03x,0.00,743.95,2.03x,0.099759,0.108513,OPTIMAL,OPTIMAL,"/root/Downloads/for_dana/vaghar_org/paper_experiments/mnist/cnn1_exp/occ/eps_3,3,5/vagharWithPerturbed_cnn1_seed42_itr20_sgd_itr1/63910321869758_cnn1_occ_3.0,3.0,5.0_ctag0__HyperAttackHints_VagharDeps_PertruebedIntervals_cTag1.txt","/root/Downloads/for_dana/vaghar_org/paper_experiments/mnist/cnn1_exp/occ/eps_3,3,5/advStd_cnn1_N1_model_seed42_itr20/63912794764814_n2_cnn1_occ_3.0,3.0,5.0_ctag0_model_seed42_itr20_sgd_itr1_N2_advStd_BoundTightPertRelax0.5_zonoBounds_varHintPrevPGD_seed4_HyperAttackHints_VagharDeps_PerturbedIntervals_cTag1.txt",no
cnn1,occ,"3,3,5",0,4,367.16,3612.90,10.867350,10.967109,10.895080,16.278038,5.310929,no,off,no,yes,prev_pgd,yes,off,0.0,btpr,yes,elim not activated,elim not activated,0,0,0,0,0,4,9.84x,0.00,3612.90,9.84x,0.099759,5.382959,OPTIMAL,TIME_LIMIT,"/root/Downloads/for_dana/vaghar_org/paper_experiments/mnist/cnn1_exp/occ/eps_3,3,5/vagharWithPerturbed_cnn1_seed42_itr20_sgd_itr1/63910321869758_cnn1_occ_3.0,3.0,5.0_ctag0__HyperAttackHints_VagharDeps_PertruebedIntervals_cTag1.txt","/root/Downloads/for_dana/vaghar_org/paper_experiments/mnist/cnn1_exp/occ/eps_3,3,5/advStd_cnn1_N1_model_seed42_itr20/63914304086266_n2_cnn1_occ_3.0,3.0,5.0_ctag0_model_seed42_itr20_sgd_itr1_N2_advStd_BoundTightPertRelax0.0_SibGate_zonoBounds_varHintPrevPGD_seed4_both0_orgDrop0_pertDrop0_HyperAttackHints_VagharDeps_PerturbedIntervals_cTag1.txt",no
cnn1,occ,"3,3,5",0,4,367.16,3620.51,10.867350,10.967109,10.895079,16.278038,5.310929,no,off,no,yes,prev_pgd,yes,off,0.0,btpr,no,elim not activated,elim not activated,0,0,,,,4,9.86x,0.00,3620.51,9.86x,0.099759,5.382959,OPTIMAL,TIME_LIMIT,"/root/Downloads/for_dana/vaghar_org/paper_experiments/mnist/cnn1_exp/occ/eps_3,3,5/vagharWithPerturbed_cnn1_seed42_itr20_sgd_itr1/63910321869758_cnn1_occ_3.0,3.0,5.0_ctag0__HyperAttackHints_VagharDeps_PertruebedIntervals_cTag1.txt","/root/Downloads/for_dana/vaghar_org/paper_experiments/mnist/cnn1_exp/occ/eps_3,3,5/advStd_cnn1_N1_model_seed42_itr20/63912794662980_n2_cnn1_occ_3.0,3.0,5.0_ctag0_model_seed42_itr20_sgd_itr1_N2_advStd_BoundTightPertRelax0.0_zonoBounds_varHintPrevPGD_seed4_HyperAttackHints_VagharDeps_PerturbedIntervals_cTag1.txt",no
cnn1,occ,"3,3,5",0,4,367.16,10819.91,10.867350,10.967109,10.895080,14.623202,3.656093,no,off,no,yes,prev_pgd,yes,off,0.0,btpr,yes,elim not activated,elim not activated,0,0,0,0,0,4,29.47x,0.00,10819.91,29.47x,0.099759,3.728122,OPTIMAL,TIME_LIMIT,"/root/Downloads/for_dana/vaghar_org/paper_experiments/mnist/cnn1_exp/occ/eps_3,3,5/vagharWithPerturbed_cnn1_seed42_itr20_sgd_itr1/63910321869758_cnn1_occ_3.0,3.0,5.0_ctag0__HyperAttackHints_VagharDeps_PertruebedIntervals_cTag1.txt","/root/Downloads/for_dana/vaghar_org/paper_experiments/mnist/cnn1_exp/occ/eps_3,3,5/advStd_cnn1_N1_model_seed42_itr20/63915548122131_n2_cnn1_occ_3.0,3.0,5.0_ctag0_model_seed42_itr20_sgd_itr1_N2_advStd_BoundTightPertRelax0.0_SibGate_zonoBounds_varHintPrevPGD_seed4_both0_orgDrop0_pertDrop0_HyperAttackHints_VagharDeps_PerturbedIntervals_cTag1.txt",no
,,,,,,,,,,,,,,,,,,,,,,,,,,,,,,,,,,,,,,,,
cnn1,occ,"3,3,5",0,5,134.16,168.59,8.632793,8.633531,8.685517,8.771893,0.138361,no,off,no,yes,prev_pgd,yes,off,0.5,btpr,yes,elim not activated,elim not activated,82,84,82,0,3,4,1.26x,0.00,168.59,1.26x,0.000739,0.086376,OPTIMAL,OPTIMAL,"/root/Downloads/for_dana/vaghar_org/paper_experiments/mnist/cnn1_exp/occ/eps_3,3,5/vagharWithPerturbed_cnn1_seed42_itr20_sgd_itr1/63910321869758_cnn1_occ_3.0,3.0,5.0_ctag0__HyperAttackHints_VagharDeps_PertruebedIntervals_cTag1.txt","/root/Downloads/for_dana/vaghar_org/paper_experiments/mnist/cnn1_exp/occ/eps_3,3,5/advStd_cnn1_N1_model_seed42_itr20/63914881670863_n2_cnn1_occ_3.0,3.0,5.0_ctag0_model_seed42_itr20_sgd_itr1_N2_advStd_BoundTightPertRelax0.5_SibGate_zonoBounds_varHintPrevPGD_seed4_both82_orgDrop0_pertDrop3_HyperAttackHints_VagharDeps_PerturbedIntervals_cTag1.txt",no
cnn1,occ,"3,3,5",0,5,134.16,235.66,8.632793,8.633531,8.687561,8.769789,0.136258,no,off,no,yes,prev_pgd,yes,off,0.5,btpr,no,elim not activated,elim not activated,82,84,,,,4,1.76x,0.00,235.66,1.76x,0.000739,0.082228,OPTIMAL,OPTIMAL,"/root/Downloads/for_dana/vaghar_org/paper_experiments/mnist/cnn1_exp/occ/eps_3,3,5/vagharWithPerturbed_cnn1_seed42_itr20_sgd_itr1/63910321869758_cnn1_occ_3.0,3.0,5.0_ctag0__HyperAttackHints_VagharDeps_PertruebedIntervals_cTag1.txt","/root/Downloads/for_dana/vaghar_org/paper_experiments/mnist/cnn1_exp/occ/eps_3,3,5/advStd_cnn1_N1_model_seed42_itr20/63912794764814_n2_cnn1_occ_3.0,3.0,5.0_ctag0_model_seed42_itr20_sgd_itr1_N2_advStd_BoundTightPertRelax0.5_zonoBounds_varHintPrevPGD_seed4_HyperAttackHints_VagharDeps_PerturbedIntervals_cTag1.txt",no
,,,,,,,,,,,,,,,,,,,,,,,,,,,,,,,,,,,,,,,,
cnn1,occ,"3,3,5",0,6,39.08,39.45,8.482280,8.554149,8.536066,8.620441,0.066292,no,off,no,yes,prev_pgd,no,off,0.5,btpr,yes,elim not activated,elim not activated,81,84,81,0,3,4,1.01x,0.00,39.45,1.01x,0.071869,0.084375,OPTIMAL,OPTIMAL,"/root/Downloads/for_dana/vaghar_org/paper_experiments/mnist/cnn1_exp/occ/eps_3,3,5/vagharWithPerturbed_cnn1_model_seed42_itr20_sgd_itr1/63912316283491_cnn1_occ_3.0,3.0,5.0_ctag0__HyperAttackHints_VagharDeps_PertruebedIntervals_cTag1.txt","/root/Downloads/for_dana/vaghar_org/paper_experiments/mnist/cnn1_exp/occ/eps_3,3,5/advStd_cnn1_N1_model_seed42_itr20/63914299912470_n2_cnn1_occ_3.0,3.0,5.0_ctag0_model_seed42_itr20_sgd_itr1_N2_advStd_BoundTightPertRelax0.5_SibGate_varHintPrevPGD_seed4_both81_orgDrop0_pertDrop3_HyperAttackHints_VagharDeps_PerturbedIntervals_cTag1.txt",no
cnn1,occ,"3,3,5",0,6,39.08,46.23,8.482280,8.554149,8.495401,8.576551,0.022402,no,off,no,yes,prev_pgd,no,off,0.0,btpr,yes,elim not activated,elim not activated,0,0,0,0,0,4,1.18x,0.00,46.23,1.18x,0.071869,0.081151,OPTIMAL,OPTIMAL,"/root/Downloads/for_dana/vaghar_org/paper_experiments/mnist/cnn1_exp/occ/eps_3,3,5/vagharWithPerturbed_cnn1_model_seed42_itr20_sgd_itr1/63912316283491_cnn1_occ_3.0,3.0,5.0_ctag0__HyperAttackHints_VagharDeps_PertruebedIntervals_cTag1.txt","/root/Downloads/for_dana/vaghar_org/paper_experiments/mnist/cnn1_exp/occ/eps_3,3,5/advStd_cnn1_N1_model_seed42_itr20/63914299756062_n2_cnn1_occ_3.0,3.0,5.0_ctag0_model_seed42_itr20_sgd_itr1_N2_advStd_BoundTightPertRelax0.0_SibGate_varHintPrevPGD_seed4_both0_orgDrop0_pertDrop0_HyperAttackHints_VagharDeps_PerturbedIntervals_cTag1.txt",no
cnn1,occ,"3,3,5",0,6,39.08,46.32,8.482280,8.554149,8.529066,8.586842,0.032692,no,off,no,yes,prev_pgd,yes,off,0.5,btpr,yes,elim not activated,elim not activated,82,84,82,0,3,4,1.19x,0.00,46.32,1.19x,0.071869,0.057776,OPTIMAL,OPTIMAL,"/root/Downloads/for_dana/vaghar_org/paper_experiments/mnist/cnn1_exp/occ/eps_3,3,5/vagharWithPerturbed_cnn1_model_seed42_itr20_sgd_itr1/63912316283491_cnn1_occ_3.0,3.0,5.0_ctag0__HyperAttackHints_VagharDeps_PertruebedIntervals_cTag1.txt","/root/Downloads/for_dana/vaghar_org/paper_experiments/mnist/cnn1_exp/occ/eps_3,3,5/advStd_cnn1_N1_model_seed42_itr20/63914304604067_n2_cnn1_occ_3.0,3.0,5.0_ctag0_model_seed42_itr20_sgd_itr1_N2_advStd_BoundTightPertRelax0.5_SibGate_zonoBounds_varHintPrevPGD_seed4_both82_orgDrop0_pertDrop3_HyperAttackHints_VagharDeps_PerturbedIntervals_cTag1.txt",no
cnn1,occ,"3,3,5",0,6,39.08,53.50,8.482280,8.554149,8.529071,8.611462,0.057313,no,off,no,yes,prev_pgd,yes,off,0.25,btpr,yes,elim not activated,elim not activated,82,83,82,0,2,4,1.37x,0.00,53.50,1.37x,0.071869,0.082391,OPTIMAL,OPTIMAL,"/root/Downloads/for_dana/vaghar_org/paper_experiments/mnist/cnn1_exp/occ/eps_3,3,5/vagharWithPerturbed_cnn1_model_seed42_itr20_sgd_itr1/63912316283491_cnn1_occ_3.0,3.0,5.0_ctag0__HyperAttackHints_VagharDeps_PertruebedIntervals_cTag1.txt","/root/Downloads/for_dana/vaghar_org/paper_experiments/mnist/cnn1_exp/occ/eps_3,3,5/advStd_cnn1_N1_model_seed42_itr20/63914304161091_n2_cnn1_occ_3.0,3.0,5.0_ctag0_model_seed42_itr20_sgd_itr1_N2_advStd_BoundTightPertRelax0.25_SibGate_zonoBounds_varHintPrevPGD_seed4_both82_orgDrop0_pertDrop2_HyperAttackHints_VagharDeps_PerturbedIntervals_cTag1.txt",no
cnn1,occ,"3,3,5",0,6,39.08,55.19,8.482280,8.554149,8.495401,8.576551,0.022402,no,off,no,yes,prev_pgd,yes,off,0.0,btpr,yes,elim not activated,elim not activated,0,0,0,0,0,4,1.41x,0.00,55.19,1.41x,0.071869,0.081151,OPTIMAL,OPTIMAL,"/root/Downloads/for_dana/vaghar_org/paper_experiments/mnist/cnn1_exp/occ/eps_3,3,5/vagharWithPerturbed_cnn1_model_seed42_itr20_sgd_itr1/63912316283491_cnn1_occ_3.0,3.0,5.0_ctag0__HyperAttackHints_VagharDeps_PertruebedIntervals_cTag1.txt","/root/Downloads/for_dana/vaghar_org/paper_experiments/mnist/cnn1_exp/occ/eps_3,3,5/advStd_cnn1_N1_model_seed42_itr20/63914878726560_n2_cnn1_occ_3.0,3.0,5.0_ctag0_model_seed42_itr20_sgd_itr1_N2_advStd_BoundTightPertRelax0.0_SibGate_zonoBounds_varHintPrevPGD_seed4_both0_orgDrop0_pertDrop0_HyperAttackHints_VagharDeps_PerturbedIntervals_cTag1.txt",no
cnn1,occ,"3,3,5",0,6,39.08,57.10,8.482280,8.554149,8.495401,8.576551,0.022402,no,off,no,yes,prev_pgd,yes,off,0.0,btpr,yes,elim not activated,elim not activated,0,0,0,0,0,4,1.46x,0.00,57.10,1.46x,0.071869,0.081151,OPTIMAL,OPTIMAL,"/root/Downloads/for_dana/vaghar_org/paper_experiments/mnist/cnn1_exp/occ/eps_3,3,5/vagharWithPerturbed_cnn1_model_seed42_itr20_sgd_itr1/63912316283491_cnn1_occ_3.0,3.0,5.0_ctag0__HyperAttackHints_VagharDeps_PertruebedIntervals_cTag1.txt","/root/Downloads/for_dana/vaghar_org/paper_experiments/mnist/cnn1_exp/occ/eps_3,3,5/advStd_cnn1_N1_model_seed42_itr20/63914304086266_n2_cnn1_occ_3.0,3.0,5.0_ctag0_model_seed42_itr20_sgd_itr1_N2_advStd_BoundTightPertRelax0.0_SibGate_zonoBounds_varHintPrevPGD_seed4_both0_orgDrop0_pertDrop0_HyperAttackHints_VagharDeps_PerturbedIntervals_cTag1.txt",no
cnn1,occ,"3,3,5",0,6,39.08,60.91,8.482280,8.554149,8.526162,8.595378,0.041229,no,off,no,yes,prev_pgd,no,off,0.25,btpr,yes,elim not activated,elim not activated,81,83,81,0,2,4,1.56x,0.00,60.91,1.56x,0.071869,0.069216,OPTIMAL,OPTIMAL,"/root/Downloads/for_dana/vaghar_org/paper_experiments/mnist/cnn1_exp/occ/eps_3,3,5/vagharWithPerturbed_cnn1_model_seed42_itr20_sgd_itr1/63912316283491_cnn1_occ_3.0,3.0,5.0_ctag0__HyperAttackHints_VagharDeps_PertruebedIntervals_cTag1.txt","/root/Downloads/for_dana/vaghar_org/paper_experiments/mnist/cnn1_exp/occ/eps_3,3,5/advStd_cnn1_N1_model_seed42_itr20/63914299796469_n2_cnn1_occ_3.0,3.0,5.0_ctag0_model_seed42_itr20_sgd_itr1_N2_advStd_BoundTightPertRelax0.25_SibGate_varHintPrevPGD_seed4_both81_orgDrop0_pertDrop2_HyperAttackHints_VagharDeps_PerturbedIntervals_cTag1.txt",no
cnn1,occ,"3,3,5",0,6,39.08,64.13,8.482280,8.554149,8.495401,8.576551,0.022402,no,off,no,yes,prev_pgd,yes,off,0.0,btpr,no,elim not activated,elim not activated,0,0,,,,4,1.64x,0.00,64.13,1.64x,0.071869,0.081151,OPTIMAL,OPTIMAL,"/root/Downloads/for_dana/vaghar_org/paper_experiments/mnist/cnn1_exp/occ/eps_3,3,5/vagharWithPerturbed_cnn1_model_seed42_itr20_sgd_itr1/63912316283491_cnn1_occ_3.0,3.0,5.0_ctag0__HyperAttackHints_VagharDeps_PertruebedIntervals_cTag1.txt","/root/Downloads/for_dana/vaghar_org/paper_experiments/mnist/cnn1_exp/occ/eps_3,3,5/advStd_cnn1_N1_model_seed42_itr20/63912794662980_n2_cnn1_occ_3.0,3.0,5.0_ctag0_model_seed42_itr20_sgd_itr1_N2_advStd_BoundTightPertRelax0.0_zonoBounds_varHintPrevPGD_seed4_HyperAttackHints_VagharDeps_PerturbedIntervals_cTag1.txt",no
cnn1,occ,"3,3,5",0,6,39.08,66.42,8.482280,8.554149,8.529066,8.586842,0.032692,no,off,no,yes,prev_pgd,yes,off,0.5,btpr,yes,elim not activated,elim not activated,82,84,82,0,3,4,1.70x,0.00,66.42,1.70x,0.071869,0.057776,OPTIMAL,OPTIMAL,"/root/Downloads/for_dana/vaghar_org/paper_experiments/mnist/cnn1_exp/occ/eps_3,3,5/vagharWithPerturbed_cnn1_model_seed42_itr20_sgd_itr1/63912316283491_cnn1_occ_3.0,3.0,5.0_ctag0__HyperAttackHints_VagharDeps_PertruebedIntervals_cTag1.txt","/root/Downloads/for_dana/vaghar_org/paper_experiments/mnist/cnn1_exp/occ/eps_3,3,5/advStd_cnn1_N1_model_seed42_itr20/63914881670863_n2_cnn1_occ_3.0,3.0,5.0_ctag0_model_seed42_itr20_sgd_itr1_N2_advStd_BoundTightPertRelax0.5_SibGate_zonoBounds_varHintPrevPGD_seed4_both82_orgDrop0_pertDrop3_HyperAttackHints_VagharDeps_PerturbedIntervals_cTag1.txt",no
cnn1,occ,"3,3,5",0,6,39.08,75.39,8.482280,8.554149,8.533712,8.615654,0.061504,no,off,no,yes,prev_pgd,yes,off,0.5,btpr,no,elim not activated,elim not activated,82,84,,,,4,1.93x,0.00,75.39,1.93x,0.071869,0.081941,OPTIMAL,OPTIMAL,"/root/Downloads/for_dana/vaghar_org/paper_experiments/mnist/cnn1_exp/occ/eps_3,3,5/vagharWithPerturbed_cnn1_model_seed42_itr20_sgd_itr1/63912316283491_cnn1_occ_3.0,3.0,5.0_ctag0__HyperAttackHints_VagharDeps_PertruebedIntervals_cTag1.txt","/root/Downloads/for_dana/vaghar_org/paper_experiments/mnist/cnn1_exp/occ/eps_3,3,5/advStd_cnn1_N1_model_seed42_itr20/63912794764814_n2_cnn1_occ_3.0,3.0,5.0_ctag0_model_seed42_itr20_sgd_itr1_N2_advStd_BoundTightPertRelax0.5_zonoBounds_varHintPrevPGD_seed4_HyperAttackHints_VagharDeps_PerturbedIntervals_cTag1.txt",no
,,,,,,,,,,,,,,,,,,,,,,,,,,,,,,,,,,,,,,,,
cnn1,occ,"3,3,5",0,7,107.68,137.09,18.988756,18.988756,19.133106,19.289810,0.301054,no,off,no,yes,prev_pgd,yes,off,0.5,btpr,yes,elim not activated,elim not activated,82,84,82,0,3,4,1.27x,0.00,137.09,1.27x,0.000000,0.156704,OPTIMAL,OPTIMAL,"/root/Downloads/for_dana/vaghar_org/paper_experiments/mnist/cnn1_exp/occ/eps_3,3,5/vagharWithPerturbed_cnn1_model_seed42_itr20_sgd_itr1/63912316283491_cnn1_occ_3.0,3.0,5.0_ctag0__HyperAttackHints_VagharDeps_PertruebedIntervals_cTag1.txt","/root/Downloads/for_dana/vaghar_org/paper_experiments/mnist/cnn1_exp/occ/eps_3,3,5/advStd_cnn1_N1_model_seed42_itr20/63914881670863_n2_cnn1_occ_3.0,3.0,5.0_ctag0_model_seed42_itr20_sgd_itr1_N2_advStd_BoundTightPertRelax0.5_SibGate_zonoBounds_varHintPrevPGD_seed4_both82_orgDrop0_pertDrop3_HyperAttackHints_VagharDeps_PerturbedIntervals_cTag1.txt",no
cnn1,occ,"3,3,5",0,7,107.68,143.30,18.988756,18.988756,19.133106,19.289810,0.301054,no,off,no,yes,prev_pgd,yes,off,0.5,btpr,yes,elim not activated,elim not activated,82,84,82,0,3,4,1.33x,0.00,143.30,1.33x,0.000000,0.156704,OPTIMAL,OPTIMAL,"/root/Downloads/for_dana/vaghar_org/paper_experiments/mnist/cnn1_exp/occ/eps_3,3,5/vagharWithPerturbed_cnn1_model_seed42_itr20_sgd_itr1/63912316283491_cnn1_occ_3.0,3.0,5.0_ctag0__HyperAttackHints_VagharDeps_PertruebedIntervals_cTag1.txt","/root/Downloads/for_dana/vaghar_org/paper_experiments/mnist/cnn1_exp/occ/eps_3,3,5/advStd_cnn1_N1_model_seed42_itr20/63914304604067_n2_cnn1_occ_3.0,3.0,5.0_ctag0_model_seed42_itr20_sgd_itr1_N2_advStd_BoundTightPertRelax0.5_SibGate_zonoBounds_varHintPrevPGD_seed4_both82_orgDrop0_pertDrop3_HyperAttackHints_VagharDeps_PerturbedIntervals_cTag1.txt",no
,,,,,,,,,,,,,,,,,,,,,,,,,,,,,,,,,,,,,,,,
cnn1,occ,"3,3,5",0,8,41.26,41.56,10.438404,10.442126,10.579278,10.624333,0.182208,no,off,no,yes,prev_pgd,yes,off,0.5,btpr,no,elim not activated,elim not activated,82,84,,,,4,1.01x,0.00,41.56,1.01x,0.003721,0.045056,OPTIMAL,OPTIMAL,"/root/Downloads/for_dana/vaghar_org/paper_experiments/mnist/cnn1_exp/occ/eps_3,3,5/vagharWithPerturbed_cnn1_model_seed42_itr20_sgd_itr1/63912316283491_cnn1_occ_3.0,3.0,5.0_ctag0__HyperAttackHints_VagharDeps_PertruebedIntervals_cTag1.txt","/root/Downloads/for_dana/vaghar_org/paper_experiments/mnist/cnn1_exp/occ/eps_3,3,5/advStd_cnn1_N1_model_seed42_itr20/63912794764814_n2_cnn1_occ_3.0,3.0,5.0_ctag0_model_seed42_itr20_sgd_itr1_N2_advStd_BoundTightPertRelax0.5_zonoBounds_varHintPrevPGD_seed4_HyperAttackHints_VagharDeps_PerturbedIntervals_cTag1.txt",no
cnn1,occ,"3,3,5",0,8,41.26,43.97,10.438404,10.442126,10.440655,10.540352,0.098227,no,off,no,yes,prev_pgd,no,off,0.0,btpr,yes,elim not activated,elim not activated,0,0,0,0,0,4,1.07x,0.00,43.97,1.07x,0.003721,0.099698,OPTIMAL,OPTIMAL,"/root/Downloads/for_dana/vaghar_org/paper_experiments/mnist/cnn1_exp/occ/eps_3,3,5/vagharWithPerturbed_cnn1_model_seed42_itr20_sgd_itr1/63912316283491_cnn1_occ_3.0,3.0,5.0_ctag0__HyperAttackHints_VagharDeps_PertruebedIntervals_cTag1.txt","/root/Downloads/for_dana/vaghar_org/paper_experiments/mnist/cnn1_exp/occ/eps_3,3,5/advStd_cnn1_N1_model_seed42_itr20/63914299756062_n2_cnn1_occ_3.0,3.0,5.0_ctag0_model_seed42_itr20_sgd_itr1_N2_advStd_BoundTightPertRelax0.0_SibGate_varHintPrevPGD_seed4_both0_orgDrop0_pertDrop0_HyperAttackHints_VagharDeps_PerturbedIntervals_cTag1.txt",no
cnn1,occ,"3,3,5",0,8,41.26,48.21,10.438404,10.442126,10.440655,10.540352,0.098227,no,off,no,yes,prev_pgd,yes,off,0.0,btpr,yes,elim not activated,elim not activated,0,0,0,0,0,4,1.17x,0.00,48.21,1.17x,0.003721,0.099698,OPTIMAL,OPTIMAL,"/root/Downloads/for_dana/vaghar_org/paper_experiments/mnist/cnn1_exp/occ/eps_3,3,5/vagharWithPerturbed_cnn1_model_seed42_itr20_sgd_itr1/63912316283491_cnn1_occ_3.0,3.0,5.0_ctag0__HyperAttackHints_VagharDeps_PertruebedIntervals_cTag1.txt","/root/Downloads/for_dana/vaghar_org/paper_experiments/mnist/cnn1_exp/occ/eps_3,3,5/advStd_cnn1_N1_model_seed42_itr20/63914304086266_n2_cnn1_occ_3.0,3.0,5.0_ctag0_model_seed42_itr20_sgd_itr1_N2_advStd_BoundTightPertRelax0.0_SibGate_zonoBounds_varHintPrevPGD_seed4_both0_orgDrop0_pertDrop0_HyperAttackHints_VagharDeps_PerturbedIntervals_cTag1.txt",no
cnn1,occ,"3,3,5",0,8,41.26,52.50,10.438404,10.442126,10.579281,10.683822,0.241696,no,off,no,yes,prev_pgd,yes,off,0.5,btpr,yes,elim not activated,elim not activated,82,84,82,0,3,4,1.27x,0.00,52.50,1.27x,0.003721,0.104540,OPTIMAL,OPTIMAL,"/root/Downloads/for_dana/vaghar_org/paper_experiments/mnist/cnn1_exp/occ/eps_3,3,5/vagharWithPerturbed_cnn1_model_seed42_itr20_sgd_itr1/63912316283491_cnn1_occ_3.0,3.0,5.0_ctag0__HyperAttackHints_VagharDeps_PertruebedIntervals_cTag1.txt","/root/Downloads/for_dana/vaghar_org/paper_experiments/mnist/cnn1_exp/occ/eps_3,3,5/advStd_cnn1_N1_model_seed42_itr20/63914304604067_n2_cnn1_occ_3.0,3.0,5.0_ctag0_model_seed42_itr20_sgd_itr1_N2_advStd_BoundTightPertRelax0.5_SibGate_zonoBounds_varHintPrevPGD_seed4_both82_orgDrop0_pertDrop3_HyperAttackHints_VagharDeps_PerturbedIntervals_cTag1.txt",no
cnn1,occ,"3,3,5",0,8,41.26,54.40,10.438404,10.442126,10.440655,10.540352,0.098227,no,off,no,yes,prev_pgd,yes,off,0.0,btpr,no,elim not activated,elim not activated,0,0,,,,4,1.32x,0.00,54.40,1.32x,0.003721,0.099698,OPTIMAL,OPTIMAL,"/root/Downloads/for_dana/vaghar_org/paper_experiments/mnist/cnn1_exp/occ/eps_3,3,5/vagharWithPerturbed_cnn1_model_seed42_itr20_sgd_itr1/63912316283491_cnn1_occ_3.0,3.0,5.0_ctag0__HyperAttackHints_VagharDeps_PertruebedIntervals_cTag1.txt","/root/Downloads/for_dana/vaghar_org/paper_experiments/mnist/cnn1_exp/occ/eps_3,3,5/advStd_cnn1_N1_model_seed42_itr20/63912794662980_n2_cnn1_occ_3.0,3.0,5.0_ctag0_model_seed42_itr20_sgd_itr1_N2_advStd_BoundTightPertRelax0.0_zonoBounds_varHintPrevPGD_seed4_HyperAttackHints_VagharDeps_PerturbedIntervals_cTag1.txt",no
cnn1,occ,"3,3,5",0,8,41.26,71.71,10.438404,10.442126,10.579281,10.683822,0.241696,no,off,no,yes,prev_pgd,yes,off,0.5,btpr,yes,elim not activated,elim not activated,82,84,82,0,3,4,1.74x,0.00,71.71,1.74x,0.003721,0.104540,OPTIMAL,OPTIMAL,"/root/Downloads/for_dana/vaghar_org/paper_experiments/mnist/cnn1_exp/occ/eps_3,3,5/vagharWithPerturbed_cnn1_model_seed42_itr20_sgd_itr1/63912316283491_cnn1_occ_3.0,3.0,5.0_ctag0__HyperAttackHints_VagharDeps_PertruebedIntervals_cTag1.txt","/root/Downloads/for_dana/vaghar_org/paper_experiments/mnist/cnn1_exp/occ/eps_3,3,5/advStd_cnn1_N1_model_seed42_itr20/63914881670863_n2_cnn1_occ_3.0,3.0,5.0_ctag0_model_seed42_itr20_sgd_itr1_N2_advStd_BoundTightPertRelax0.5_SibGate_zonoBounds_varHintPrevPGD_seed4_both82_orgDrop0_pertDrop3_HyperAttackHints_VagharDeps_PerturbedIntervals_cTag1.txt",no
,,,,,,,,,,,,,,,,,,,,,,,,,,,,,,,,,,,,,,,,
cnn1,occ,"3,3,5",1,0,304.94,3617.31,15.287868,15.364651,15.321376,16.463988,1.099336,no,off,no,yes,prev_pgd,yes,off,0.0,btpr,no,elim not activated,elim not activated,0,0,,,,4,11.86x,0.00,3617.31,11.86x,0.076783,1.142611,OPTIMAL,TIME_LIMIT,"/root/Downloads/for_dana/vaghar_org/paper_experiments/mnist/cnn1_exp/occ/eps_3,3,5/vagharWithPerturbed_cnn1_model_seed42_itr20_sgd_itr1/63912925247953_cnn1_occ_3.0,3.0,5.0_ctag1__HyperAttackHints_VagharDeps_PertruebedIntervals_cTag2.txt","/root/Downloads/for_dana/vaghar_org/paper_experiments/mnist/cnn1_exp/occ/eps_3,3,5/advStd_cnn1_N1_model_seed42_itr20/63912975581050_n2_cnn1_occ_3.0,3.0,5.0_ctag1_model_seed42_itr20_sgd_itr1_N2_advStd_BoundTightPertRelax0.0_zonoBounds_varHintPrevPGD_seed4_HyperAttackHints_VagharDeps_PerturbedIntervals_cTag2.txt",no
,,,,,,,,,,,,,,,,,,,,,,,,,,,,,,,,,,,,,,,,
cnn1,occ,"3,3,5",1,2,63.44,105.93,10.734236,10.835688,10.631609,10.734919,-0.100769,no,off,no,yes,prev_pgd,yes,off,0.0,btpr,no,elim not activated,elim not activated,0,0,,,,4,1.67x,0.00,105.93,1.67x,0.101452,0.103310,OPTIMAL,OPTIMAL,"/root/Downloads/for_dana/vaghar_org/paper_experiments/mnist/cnn1_exp/occ/eps_3,3,5/vagharWithPerturbed_cnn1_model_seed42_itr20_sgd_itr1/63912925247953_cnn1_occ_3.0,3.0,5.0_ctag1__HyperAttackHints_VagharDeps_PertruebedIntervals_cTag2.txt","/root/Downloads/for_dana/vaghar_org/paper_experiments/mnist/cnn1_exp/occ/eps_3,3,5/advStd_cnn1_N1_model_seed42_itr20/63912975581050_n2_cnn1_occ_3.0,3.0,5.0_ctag1_model_seed42_itr20_sgd_itr1_N2_advStd_BoundTightPertRelax0.0_zonoBounds_varHintPrevPGD_seed4_HyperAttackHints_VagharDeps_PerturbedIntervals_cTag2.txt",no
,,,,,,,,,,,,,,,,,,,,,,,,,,,,,,,,,,,,,,,,
cnn1,occ,"3,3,5",1,3,47.05,47.47,8.337169,8.374284,8.410625,8.489232,0.114948,no,off,no,yes,prev_pgd,no,off,0.5,btpr,yes,elim not activated,elim not activated,81,84,81,0,3,4,1.01x,0.00,47.47,1.01x,0.037114,0.078607,OPTIMAL,OPTIMAL,"/root/Downloads/for_dana/vaghar_org/paper_experiments/mnist/cnn1_exp/occ/eps_3,3,5/vagharWithPerturbed_cnn1_model_seed42_itr20_sgd_itr1/63912303077079_cnn1_occ_3.0,3.0,5.0_ctag1__HyperAttackHints_VagharDeps_PertruebedIntervals_cTag2.txt","/root/Downloads/for_dana/vaghar_org/paper_experiments/mnist/cnn1_exp/occ/eps_3,3,5/advStd_cnn1_N1_model_seed42_itr20/63914603635433_n2_cnn1_occ_3.0,3.0,5.0_ctag1_model_seed42_itr20_sgd_itr1_N2_advStd_BoundTightPertRelax0.5_SibGate_varHintPrevPGD_seed4_both81_orgDrop0_pertDrop3_HyperAttackHints_VagharDeps_PerturbedIntervals_cTag2.txt",no
cnn1,occ,"3,3,5",1,3,47.05,56.87,8.337169,8.374284,8.419744,8.493813,0.119529,no,off,no,yes,prev_pgd,yes,off,0.25,btpr,yes,elim not activated,elim not activated,82,83,82,0,2,4,1.21x,0.00,56.87,1.21x,0.037114,0.074069,OPTIMAL,OPTIMAL,"/root/Downloads/for_dana/vaghar_org/paper_experiments/mnist/cnn1_exp/occ/eps_3,3,5/vagharWithPerturbed_cnn1_model_seed42_itr20_sgd_itr1/63912303077079_cnn1_occ_3.0,3.0,5.0_ctag1__HyperAttackHints_VagharDeps_PertruebedIntervals_cTag2.txt","/root/Downloads/for_dana/vaghar_org/paper_experiments/mnist/cnn1_exp/occ/eps_3,3,5/advStd_cnn1_N1_model_seed42_itr20/63914607458267_n2_cnn1_occ_3.0,3.0,5.0_ctag1_model_seed42_itr20_sgd_itr1_N2_advStd_BoundTightPertRelax0.25_SibGate_zonoBounds_varHintPrevPGD_seed4_both82_orgDrop0_pertDrop2_HyperAttackHints_VagharDeps_PerturbedIntervals_cTag2.txt",no
cnn1,occ,"3,3,5",1,3,47.05,67.89,8.337169,8.374284,8.418139,8.471763,0.097479,no,off,no,yes,prev_pgd,yes,off,0.5,btpr,no,elim not activated,elim not activated,82,84,,,,4,1.44x,0.00,67.89,1.44x,0.037114,0.053623,OPTIMAL,OPTIMAL,"/root/Downloads/for_dana/vaghar_org/paper_experiments/mnist/cnn1_exp/occ/eps_3,3,5/vagharWithPerturbed_cnn1_model_seed42_itr20_sgd_itr1/63912303077079_cnn1_occ_3.0,3.0,5.0_ctag1__HyperAttackHints_VagharDeps_PertruebedIntervals_cTag2.txt","/root/Downloads/for_dana/vaghar_org/paper_experiments/mnist/cnn1_exp/occ/eps_3,3,5/advStd_cnn1_N1_model_seed42_itr20/63912976560640_n2_cnn1_occ_3.0,3.0,5.0_ctag1_model_seed42_itr20_sgd_itr1_N2_advStd_BoundTightPertRelax0.5_zonoBounds_varHintPrevPGD_seed4_HyperAttackHints_VagharDeps_PerturbedIntervals_cTag2.txt",no
cnn1,occ,"3,3,5",1,3,47.05,68.37,8.337169,8.374284,8.355600,8.428397,0.054113,no,off,no,yes,prev_pgd,yes,off,0.0,btpr,yes,elim not activated,elim not activated,0,0,0,0,0,4,1.45x,0.00,68.37,1.45x,0.037114,0.072797,OPTIMAL,OPTIMAL,"/root/Downloads/for_dana/vaghar_org/paper_experiments/mnist/cnn1_exp/occ/eps_3,3,5/vagharWithPerturbed_cnn1_model_seed42_itr20_sgd_itr1/63912303077079_cnn1_occ_3.0,3.0,5.0_ctag1__HyperAttackHints_VagharDeps_PertruebedIntervals_cTag2.txt","/root/Downloads/for_dana/vaghar_org/paper_experiments/mnist/cnn1_exp/occ/eps_3,3,5/advStd_cnn1_N1_model_seed42_itr20/63914605315666_n2_cnn1_occ_3.0,3.0,5.0_ctag1_model_seed42_itr20_sgd_itr1_N2_advStd_BoundTightPertRelax0.0_SibGate_zonoBounds_varHintPrevPGD_seed4_both0_orgDrop0_pertDrop0_HyperAttackHints_VagharDeps_PerturbedIntervals_cTag2.txt",no
cnn1,occ,"3,3,5",1,3,47.05,79.81,8.337169,8.374284,8.410209,8.493608,0.119325,no,off,no,yes,prev_pgd,no,off,0.25,btpr,yes,elim not activated,elim not activated,81,83,81,0,2,4,1.70x,0.00,79.81,1.70x,0.037114,0.083399,OPTIMAL,OPTIMAL,"/root/Downloads/for_dana/vaghar_org/paper_experiments/mnist/cnn1_exp/occ/eps_3,3,5/vagharWithPerturbed_cnn1_model_seed42_itr20_sgd_itr1/63912303077079_cnn1_occ_3.0,3.0,5.0_ctag1__HyperAttackHints_VagharDeps_PertruebedIntervals_cTag2.txt","/root/Downloads/for_dana/vaghar_org/paper_experiments/mnist/cnn1_exp/occ/eps_3,3,5/advStd_cnn1_N1_model_seed42_itr20/63914603622682_n2_cnn1_occ_3.0,3.0,5.0_ctag1_model_seed42_itr20_sgd_itr1_N2_advStd_BoundTightPertRelax0.25_SibGate_varHintPrevPGD_seed4_both81_orgDrop0_pertDrop2_HyperAttackHints_VagharDeps_PerturbedIntervals_cTag2.txt",no
cnn1,occ,"3,3,5",1,3,47.05,109.62,8.337169,8.374284,8.355600,8.439147,0.064863,no,off,no,yes,prev_pgd,yes,off,0.0,btpr,no,elim not activated,elim not activated,0,0,,,,4,2.33x,0.00,109.62,2.33x,0.037114,0.083547,OPTIMAL,OPTIMAL,"/root/Downloads/for_dana/vaghar_org/paper_experiments/mnist/cnn1_exp/occ/eps_3,3,5/vagharWithPerturbed_cnn1_model_seed42_itr20_sgd_itr1/63912303077079_cnn1_occ_3.0,3.0,5.0_ctag1__HyperAttackHints_VagharDeps_PertruebedIntervals_cTag2.txt","/root/Downloads/for_dana/vaghar_org/paper_experiments/mnist/cnn1_exp/occ/eps_3,3,5/advStd_cnn1_N1_model_seed42_itr20/63912975581050_n2_cnn1_occ_3.0,3.0,5.0_ctag1_model_seed42_itr20_sgd_itr1_N2_advStd_BoundTightPertRelax0.0_zonoBounds_varHintPrevPGD_seed4_HyperAttackHints_VagharDeps_PerturbedIntervals_cTag2.txt",no
,,,,,,,,,,,,,,,,,,,,,,,,,,,,,,,,,,,,,,,,
cnn1,occ,"3,3,5",1,4,51.14,52.24,17.476117,17.476207,17.438239,17.538617,0.062410,no,off,no,yes,prev_pgd,no,off,0.0,btpr,yes,elim not activated,elim not activated,0,0,0,0,0,4,1.02x,0.00,52.24,1.02x,0.000090,0.100378,OPTIMAL,OPTIMAL,"/root/Downloads/for_dana/vaghar_org/paper_experiments/mnist/cnn1_exp/occ/eps_3,3,5/vagharWithPerturbed_cnn1_model_seed42_itr20_sgd_itr1/63912303077079_cnn1_occ_3.0,3.0,5.0_ctag1__HyperAttackHints_VagharDeps_PertruebedIntervals_cTag2.txt","/root/Downloads/for_dana/vaghar_org/paper_experiments/mnist/cnn1_exp/occ/eps_3,3,5/advStd_cnn1_N1_model_seed42_itr20/63914602428564_n2_cnn1_occ_3.0,3.0,5.0_ctag1_model_seed42_itr20_sgd_itr1_N2_advStd_BoundTightPertRelax0.0_SibGate_varHintPrevPGD_seed4_both0_orgDrop0_pertDrop0_HyperAttackHints_VagharDeps_PerturbedIntervals_cTag2.txt",no
cnn1,occ,"3,3,5",1,4,51.14,61.24,17.476117,17.476207,17.715032,17.880546,0.404338,no,off,no,yes,prev_pgd,yes,off,0.25,btpr,yes,elim not activated,elim not activated,82,83,82,0,2,4,1.20x,0.00,61.24,1.20x,0.000090,0.165514,OPTIMAL,OPTIMAL,"/root/Downloads/for_dana/vaghar_org/paper_experiments/mnist/cnn1_exp/occ/eps_3,3,5/vagharWithPerturbed_cnn1_model_seed42_itr20_sgd_itr1/63912303077079_cnn1_occ_3.0,3.0,5.0_ctag1__HyperAttackHints_VagharDeps_PertruebedIntervals_cTag2.txt","/root/Downloads/for_dana/vaghar_org/paper_experiments/mnist/cnn1_exp/occ/eps_3,3,5/advStd_cnn1_N1_model_seed42_itr20/63914607458267_n2_cnn1_occ_3.0,3.0,5.0_ctag1_model_seed42_itr20_sgd_itr1_N2_advStd_BoundTightPertRelax0.25_SibGate_zonoBounds_varHintPrevPGD_seed4_both82_orgDrop0_pertDrop2_HyperAttackHints_VagharDeps_PerturbedIntervals_cTag2.txt",no
cnn1,occ,"3,3,5",1,4,51.14,74.70,17.476117,17.476207,17.713779,17.831433,0.355226,no,off,no,yes,prev_pgd,no,off,0.25,btpr,yes,elim not activated,elim not activated,81,83,81,0,2,4,1.46x,0.00,74.70,1.46x,0.000090,0.117655,OPTIMAL,OPTIMAL,"/root/Downloads/for_dana/vaghar_org/paper_experiments/mnist/cnn1_exp/occ/eps_3,3,5/vagharWithPerturbed_cnn1_model_seed42_itr20_sgd_itr1/63912303077079_cnn1_occ_3.0,3.0,5.0_ctag1__HyperAttackHints_VagharDeps_PertruebedIntervals_cTag2.txt","/root/Downloads/for_dana/vaghar_org/paper_experiments/mnist/cnn1_exp/occ/eps_3,3,5/advStd_cnn1_N1_model_seed42_itr20/63914603622682_n2_cnn1_occ_3.0,3.0,5.0_ctag1_model_seed42_itr20_sgd_itr1_N2_advStd_BoundTightPertRelax0.25_SibGate_varHintPrevPGD_seed4_both81_orgDrop0_pertDrop2_HyperAttackHints_VagharDeps_PerturbedIntervals_cTag2.txt",no
cnn1,occ,"3,3,5",1,4,51.14,86.78,17.476117,17.476207,17.715536,17.785410,0.309203,no,off,no,yes,prev_pgd,yes,off,0.5,btpr,no,elim not activated,elim not activated,82,84,,,,4,1.70x,0.00,86.78,1.70x,0.000090,0.069874,OPTIMAL,OPTIMAL,"/root/Downloads/for_dana/vaghar_org/paper_experiments/mnist/cnn1_exp/occ/eps_3,3,5/vagharWithPerturbed_cnn1_model_seed42_itr20_sgd_itr1/63912303077079_cnn1_occ_3.0,3.0,5.0_ctag1__HyperAttackHints_VagharDeps_PertruebedIntervals_cTag2.txt","/root/Downloads/for_dana/vaghar_org/paper_experiments/mnist/cnn1_exp/occ/eps_3,3,5/advStd_cnn1_N1_model_seed42_itr20/63912976560640_n2_cnn1_occ_3.0,3.0,5.0_ctag1_model_seed42_itr20_sgd_itr1_N2_advStd_BoundTightPertRelax0.5_zonoBounds_varHintPrevPGD_seed4_HyperAttackHints_VagharDeps_PerturbedIntervals_cTag2.txt",no
cnn1,occ,"3,3,5",1,4,51.14,93.99,17.476117,17.476207,17.438239,17.538617,0.062410,no,off,no,yes,prev_pgd,yes,off,0.0,btpr,no,elim not activated,elim not activated,0,0,,,,4,1.84x,0.00,93.99,1.84x,0.000090,0.100378,OPTIMAL,OPTIMAL,"/root/Downloads/for_dana/vaghar_org/paper_experiments/mnist/cnn1_exp/occ/eps_3,3,5/vagharWithPerturbed_cnn1_model_seed42_itr20_sgd_itr1/63912303077079_cnn1_occ_3.0,3.0,5.0_ctag1__HyperAttackHints_VagharDeps_PertruebedIntervals_cTag2.txt","/root/Downloads/for_dana/vaghar_org/paper_experiments/mnist/cnn1_exp/occ/eps_3,3,5/advStd_cnn1_N1_model_seed42_itr20/63912975581050_n2_cnn1_occ_3.0,3.0,5.0_ctag1_model_seed42_itr20_sgd_itr1_N2_advStd_BoundTightPertRelax0.0_zonoBounds_varHintPrevPGD_seed4_HyperAttackHints_VagharDeps_PerturbedIntervals_cTag2.txt",no
,,,,,,,,,,,,,,,,,,,,,,,,,,,,,,,,,,,,,,,,
cnn1,occ,"3,3,5",1,5,26.16,32.20,17.443954,17.444016,17.533740,17.696917,0.252901,no,off,no,yes,prev_pgd,yes,off,0.25,btpr,yes,elim not activated,elim not activated,82,83,82,0,2,4,1.23x,0.00,32.20,1.23x,0.000062,0.163177,OPTIMAL,OPTIMAL,"/root/Downloads/for_dana/vaghar_org/paper_experiments/mnist/cnn1_exp/occ/eps_3,3,5/vagharWithPerturbed_cnn1_model_seed42_itr20_sgd_itr1/63912303077079_cnn1_occ_3.0,3.0,5.0_ctag1__HyperAttackHints_VagharDeps_PertruebedIntervals_cTag2.txt","/root/Downloads/for_dana/vaghar_org/paper_experiments/mnist/cnn1_exp/occ/eps_3,3,5/advStd_cnn1_N1_model_seed42_itr20/63914607458267_n2_cnn1_occ_3.0,3.0,5.0_ctag1_model_seed42_itr20_sgd_itr1_N2_advStd_BoundTightPertRelax0.25_SibGate_zonoBounds_varHintPrevPGD_seed4_both82_orgDrop0_pertDrop2_HyperAttackHints_VagharDeps_PerturbedIntervals_cTag2.txt",no
cnn1,occ,"3,3,5",1,5,26.16,35.06,17.443954,17.444016,17.533740,17.700207,0.256191,no,off,no,yes,prev_pgd,yes,off,0.5,btpr,yes,elim not activated,elim not activated,82,84,82,0,3,4,1.34x,0.00,35.06,1.34x,0.000062,0.166467,OPTIMAL,OPTIMAL,"/root/Downloads/for_dana/vaghar_org/paper_experiments/mnist/cnn1_exp/occ/eps_3,3,5/vagharWithPerturbed_cnn1_model_seed42_itr20_sgd_itr1/63912303077079_cnn1_occ_3.0,3.0,5.0_ctag1__HyperAttackHints_VagharDeps_PertruebedIntervals_cTag2.txt","/root/Downloads/for_dana/vaghar_org/paper_experiments/mnist/cnn1_exp/occ/eps_3,3,5/advStd_cnn1_N1_model_seed42_itr20/63914608106995_n2_cnn1_occ_3.0,3.0,5.0_ctag1_model_seed42_itr20_sgd_itr1_N2_advStd_BoundTightPertRelax0.5_SibGate_zonoBounds_varHintPrevPGD_seed4_both82_orgDrop0_pertDrop3_HyperAttackHints_VagharDeps_PerturbedIntervals_cTag2.txt",no
cnn1,occ,"3,3,5",1,5,26.16,40.24,17.443954,17.444016,17.525575,17.694524,0.250508,no,off,no,yes,prev_pgd,no,off,0.5,btpr,yes,elim not activated,elim not activated,81,84,81,0,3,4,1.54x,0.00,40.24,1.54x,0.000062,0.168949,OPTIMAL,OPTIMAL,"/root/Downloads/for_dana/vaghar_org/paper_experiments/mnist/cnn1_exp/occ/eps_3,3,5/vagharWithPerturbed_cnn1_model_seed42_itr20_sgd_itr1/63912303077079_cnn1_occ_3.0,3.0,5.0_ctag1__HyperAttackHints_VagharDeps_PertruebedIntervals_cTag2.txt","/root/Downloads/for_dana/vaghar_org/paper_experiments/mnist/cnn1_exp/occ/eps_3,3,5/advStd_cnn1_N1_model_seed42_itr20/63914603635433_n2_cnn1_occ_3.0,3.0,5.0_ctag1_model_seed42_itr20_sgd_itr1_N2_advStd_BoundTightPertRelax0.5_SibGate_varHintPrevPGD_seed4_both81_orgDrop0_pertDrop3_HyperAttackHints_VagharDeps_PerturbedIntervals_cTag2.txt",no
cnn1,occ,"3,3,5",1,5,26.16,41.73,17.443954,17.444016,17.533737,17.708696,0.264680,no,off,no,yes,prev_pgd,yes,off,0.5,btpr,no,elim not activated,elim not activated,82,84,,,,4,1.60x,0.00,41.73,1.60x,0.000062,0.174958,OPTIMAL,OPTIMAL,"/root/Downloads/for_dana/vaghar_org/paper_experiments/mnist/cnn1_exp/occ/eps_3,3,5/vagharWithPerturbed_cnn1_model_seed42_itr20_sgd_itr1/63912303077079_cnn1_occ_3.0,3.0,5.0_ctag1__HyperAttackHints_VagharDeps_PertruebedIntervals_cTag2.txt","/root/Downloads/for_dana/vaghar_org/paper_experiments/mnist/cnn1_exp/occ/eps_3,3,5/advStd_cnn1_N1_model_seed42_itr20/63912976560640_n2_cnn1_occ_3.0,3.0,5.0_ctag1_model_seed42_itr20_sgd_itr1_N2_advStd_BoundTightPertRelax0.5_zonoBounds_varHintPrevPGD_seed4_HyperAttackHints_VagharDeps_PerturbedIntervals_cTag2.txt",no
cnn1,occ,"3,3,5",1,5,26.16,44.96,17.443954,17.444016,17.443954,17.570641,0.126625,no,off,no,yes,prev_pgd,yes,off,0.0,btpr,yes,elim not activated,elim not activated,0,0,0,0,0,4,1.72x,0.00,44.96,1.72x,0.000062,0.126687,OPTIMAL,OPTIMAL,"/root/Downloads/for_dana/vaghar_org/paper_experiments/mnist/cnn1_exp/occ/eps_3,3,5/vagharWithPerturbed_cnn1_model_seed42_itr20_sgd_itr1/63912303077079_cnn1_occ_3.0,3.0,5.0_ctag1__HyperAttackHints_VagharDeps_PertruebedIntervals_cTag2.txt","/root/Downloads/for_dana/vaghar_org/paper_experiments/mnist/cnn1_exp/occ/eps_3,3,5/advStd_cnn1_N1_model_seed42_itr20/63914605315666_n2_cnn1_occ_3.0,3.0,5.0_ctag1_model_seed42_itr20_sgd_itr1_N2_advStd_BoundTightPertRelax0.0_SibGate_zonoBounds_varHintPrevPGD_seed4_both0_orgDrop0_pertDrop0_HyperAttackHints_VagharDeps_PerturbedIntervals_cTag2.txt",no
cnn1,occ,"3,3,5",1,5,26.16,60.78,17.443954,17.444016,17.443954,17.602049,0.158033,no,off,no,yes,prev_pgd,no,off,0.0,btpr,yes,elim not activated,elim not activated,0,0,0,0,0,4,2.32x,0.00,60.78,2.32x,0.000062,0.158095,OPTIMAL,OPTIMAL,"/root/Downloads/for_dana/vaghar_org/paper_experiments/mnist/cnn1_exp/occ/eps_3,3,5/vagharWithPerturbed_cnn1_model_seed42_itr20_sgd_itr1/63912303077079_cnn1_occ_3.0,3.0,5.0_ctag1__HyperAttackHints_VagharDeps_PertruebedIntervals_cTag2.txt","/root/Downloads/for_dana/vaghar_org/paper_experiments/mnist/cnn1_exp/occ/eps_3,3,5/advStd_cnn1_N1_model_seed42_itr20/63914602428564_n2_cnn1_occ_3.0,3.0,5.0_ctag1_model_seed42_itr20_sgd_itr1_N2_advStd_BoundTightPertRelax0.0_SibGate_varHintPrevPGD_seed4_both0_orgDrop0_pertDrop0_HyperAttackHints_VagharDeps_PerturbedIntervals_cTag2.txt",no
cnn1,occ,"3,3,5",1,5,26.16,80.93,17.443954,17.444016,17.443970,17.610527,0.166512,no,off,no,yes,prev_pgd,yes,off,0.0,btpr,no,elim not activated,elim not activated,0,0,,,,4,3.09x,0.00,80.93,3.09x,0.000062,0.166557,OPTIMAL,OPTIMAL,"/root/Downloads/for_dana/vaghar_org/paper_experiments/mnist/cnn1_exp/occ/eps_3,3,5/vagharWithPerturbed_cnn1_model_seed42_itr20_sgd_itr1/63912303077079_cnn1_occ_3.0,3.0,5.0_ctag1__HyperAttackHints_VagharDeps_PertruebedIntervals_cTag2.txt","/root/Downloads/for_dana/vaghar_org/paper_experiments/mnist/cnn1_exp/occ/eps_3,3,5/advStd_cnn1_N1_model_seed42_itr20/63912975581050_n2_cnn1_occ_3.0,3.0,5.0_ctag1_model_seed42_itr20_sgd_itr1_N2_advStd_BoundTightPertRelax0.0_zonoBounds_varHintPrevPGD_seed4_HyperAttackHints_VagharDeps_PerturbedIntervals_cTag2.txt",no
cnn1,occ,"3,3,5",1,5,26.16,117.91,17.443954,17.444016,17.525576,17.688027,0.244011,no,off,no,yes,prev_pgd,no,off,0.25,btpr,yes,elim not activated,elim not activated,81,83,81,0,2,4,4.51x,0.00,117.91,4.51x,0.000062,0.162451,OPTIMAL,OPTIMAL,"/root/Downloads/for_dana/vaghar_org/paper_experiments/mnist/cnn1_exp/occ/eps_3,3,5/vagharWithPerturbed_cnn1_model_seed42_itr20_sgd_itr1/63912303077079_cnn1_occ_3.0,3.0,5.0_ctag1__HyperAttackHints_VagharDeps_PertruebedIntervals_cTag2.txt","/root/Downloads/for_dana/vaghar_org/paper_experiments/mnist/cnn1_exp/occ/eps_3,3,5/advStd_cnn1_N1_model_seed42_itr20/63914603622682_n2_cnn1_occ_3.0,3.0,5.0_ctag1_model_seed42_itr20_sgd_itr1_N2_advStd_BoundTightPertRelax0.25_SibGate_varHintPrevPGD_seed4_both81_orgDrop0_pertDrop2_HyperAttackHints_VagharDeps_PerturbedIntervals_cTag2.txt",no
,,,,,,,,,,,,,,,,,,,,,,,,,,,,,,,,,,,,,,,,
cnn1,occ,"3,3,5",1,6,88.87,94.02,17.771247,17.771247,17.771247,17.922605,0.151358,no,off,no,yes,prev_pgd,yes,off,0.0,btpr,no,elim not activated,elim not activated,0,0,,,,4,1.06x,0.00,94.02,1.06x,0.000000,0.151358,OPTIMAL,OPTIMAL,"/root/Downloads/for_dana/vaghar_org/paper_experiments/mnist/cnn1_exp/occ/eps_3,3,5/vagharWithPerturbed_cnn1_model_seed42_itr20_sgd_itr1/63915218627172_cnn1_occ_3.0,3.0,5.0_ctag1__HyperAttackHints_VagharDeps_PertruebedIntervals_cTag2.txt","/root/Downloads/for_dana/vaghar_org/paper_experiments/mnist/cnn1_exp/occ/eps_3,3,5/advStd_cnn1_N1_model_seed42_itr20/63912975581050_n2_cnn1_occ_3.0,3.0,5.0_ctag1_model_seed42_itr20_sgd_itr1_N2_advStd_BoundTightPertRelax0.0_zonoBounds_varHintPrevPGD_seed4_HyperAttackHints_VagharDeps_PerturbedIntervals_cTag2.txt",no
cnn1,occ,"3,3,5",1,6,88.87,108.84,17.771247,17.771247,17.844559,17.999234,0.227987,no,off,no,yes,prev_pgd,yes,off,0.5,btpr,yes,elim not activated,elim not activated,82,84,82,0,3,4,1.22x,0.00,108.84,1.22x,0.000000,0.154675,OPTIMAL,OPTIMAL,"/root/Downloads/for_dana/vaghar_org/paper_experiments/mnist/cnn1_exp/occ/eps_3,3,5/vagharWithPerturbed_cnn1_model_seed42_itr20_sgd_itr1/63915218627172_cnn1_occ_3.0,3.0,5.0_ctag1__HyperAttackHints_VagharDeps_PertruebedIntervals_cTag2.txt","/root/Downloads/for_dana/vaghar_org/paper_experiments/mnist/cnn1_exp/occ/eps_3,3,5/advStd_cnn1_N1_model_seed42_itr20/63914608106995_n2_cnn1_occ_3.0,3.0,5.0_ctag1_model_seed42_itr20_sgd_itr1_N2_advStd_BoundTightPertRelax0.5_SibGate_zonoBounds_varHintPrevPGD_seed4_both82_orgDrop0_pertDrop3_HyperAttackHints_VagharDeps_PerturbedIntervals_cTag2.txt",no
cnn1,occ,"3,3,5",1,6,88.87,3612.42,17.771247,17.771247,17.846010,21.614931,3.843684,no,off,no,yes,prev_pgd,yes,off,0.25,btpr,yes,elim not activated,elim not activated,82,83,82,0,2,4,40.65x,0.00,3612.42,40.65x,0.000000,3.768922,OPTIMAL,TIME_LIMIT,"/root/Downloads/for_dana/vaghar_org/paper_experiments/mnist/cnn1_exp/occ/eps_3,3,5/vagharWithPerturbed_cnn1_model_seed42_itr20_sgd_itr1/63915218627172_cnn1_occ_3.0,3.0,5.0_ctag1__HyperAttackHints_VagharDeps_PertruebedIntervals_cTag2.txt","/root/Downloads/for_dana/vaghar_org/paper_experiments/mnist/cnn1_exp/occ/eps_3,3,5/advStd_cnn1_N1_model_seed42_itr20/63914607458267_n2_cnn1_occ_3.0,3.0,5.0_ctag1_model_seed42_itr20_sgd_itr1_N2_advStd_BoundTightPertRelax0.25_SibGate_zonoBounds_varHintPrevPGD_seed4_both82_orgDrop0_pertDrop2_HyperAttackHints_VagharDeps_PerturbedIntervals_cTag2.txt",no
,,,,,,,,,,,,,,,,,,,,,,,,,,,,,,,,,,,,,,,,
cnn1,occ,"3,3,5",1,7,100.71,128.27,16.252185,16.252185,16.444958,16.528285,0.276100,no,off,no,yes,prev_pgd,yes,off,0.5,btpr,no,elim not activated,elim not activated,82,84,,,,4,1.27x,0.00,128.27,1.27x,0.000000,0.083327,OPTIMAL,OPTIMAL,"/root/Downloads/for_dana/vaghar_org/paper_experiments/mnist/cnn1_exp/occ/eps_3,3,5/vagharWithPerturbed_cnn1_model_seed42_itr20_sgd_itr1/63912303077079_cnn1_occ_3.0,3.0,5.0_ctag1__HyperAttackHints_VagharDeps_PertruebedIntervals_cTag2.txt","/root/Downloads/for_dana/vaghar_org/paper_experiments/mnist/cnn1_exp/occ/eps_3,3,5/advStd_cnn1_N1_model_seed42_itr20/63912976560640_n2_cnn1_occ_3.0,3.0,5.0_ctag1_model_seed42_itr20_sgd_itr1_N2_advStd_BoundTightPertRelax0.5_zonoBounds_varHintPrevPGD_seed4_HyperAttackHints_VagharDeps_PerturbedIntervals_cTag2.txt",no
,,,,,,,,,,,,,,,,,,,,,,,,,,,,,,,,,,,,,,,,
cnn1,occ,"3,3,5",1,8,40.61,43.66,13.505237,13.563330,13.646588,13.733293,0.169963,no,off,no,yes,prev_pgd,no,off,0.25,btpr,yes,elim not activated,elim not activated,81,83,81,0,2,4,1.07x,0.00,43.66,1.07x,0.058093,0.086705,OPTIMAL,OPTIMAL,"/root/Downloads/for_dana/vaghar_org/paper_experiments/mnist/cnn1_exp/occ/eps_3,3,5/vagharWithPerturbed_cnn1_model_seed42_itr20_sgd_itr1/63912303077079_cnn1_occ_3.0,3.0,5.0_ctag1__HyperAttackHints_VagharDeps_PertruebedIntervals_cTag2.txt","/root/Downloads/for_dana/vaghar_org/paper_experiments/mnist/cnn1_exp/occ/eps_3,3,5/advStd_cnn1_N1_model_seed42_itr20/63914603622682_n2_cnn1_occ_3.0,3.0,5.0_ctag1_model_seed42_itr20_sgd_itr1_N2_advStd_BoundTightPertRelax0.25_SibGate_varHintPrevPGD_seed4_both81_orgDrop0_pertDrop2_HyperAttackHints_VagharDeps_PerturbedIntervals_cTag2.txt",no
cnn1,occ,"3,3,5",1,8,40.61,46.48,13.505237,13.563330,13.649027,13.729160,0.165830,no,off,no,yes,prev_pgd,yes,off,0.5,btpr,yes,elim not activated,elim not activated,82,84,82,0,3,4,1.14x,0.00,46.48,1.14x,0.058093,0.080133,OPTIMAL,OPTIMAL,"/root/Downloads/for_dana/vaghar_org/paper_experiments/mnist/cnn1_exp/occ/eps_3,3,5/vagharWithPerturbed_cnn1_model_seed42_itr20_sgd_itr1/63912303077079_cnn1_occ_3.0,3.0,5.0_ctag1__HyperAttackHints_VagharDeps_PertruebedIntervals_cTag2.txt","/root/Downloads/for_dana/vaghar_org/paper_experiments/mnist/cnn1_exp/occ/eps_3,3,5/advStd_cnn1_N1_model_seed42_itr20/63914608106995_n2_cnn1_occ_3.0,3.0,5.0_ctag1_model_seed42_itr20_sgd_itr1_N2_advStd_BoundTightPertRelax0.5_SibGate_zonoBounds_varHintPrevPGD_seed4_both82_orgDrop0_pertDrop3_HyperAttackHints_VagharDeps_PerturbedIntervals_cTag2.txt",no
cnn1,occ,"3,3,5",1,8,40.61,59.37,13.505237,13.563330,13.546514,13.670978,0.107648,no,off,no,yes,prev_pgd,yes,off,0.0,btpr,yes,elim not activated,elim not activated,0,0,0,0,0,4,1.46x,0.00,59.37,1.46x,0.058093,0.124464,OPTIMAL,OPTIMAL,"/root/Downloads/for_dana/vaghar_org/paper_experiments/mnist/cnn1_exp/occ/eps_3,3,5/vagharWithPerturbed_cnn1_model_seed42_itr20_sgd_itr1/63912303077079_cnn1_occ_3.0,3.0,5.0_ctag1__HyperAttackHints_VagharDeps_PertruebedIntervals_cTag2.txt","/root/Downloads/for_dana/vaghar_org/paper_experiments/mnist/cnn1_exp/occ/eps_3,3,5/advStd_cnn1_N1_model_seed42_itr20/63914605315666_n2_cnn1_occ_3.0,3.0,5.0_ctag1_model_seed42_itr20_sgd_itr1_N2_advStd_BoundTightPertRelax0.0_SibGate_zonoBounds_varHintPrevPGD_seed4_both0_orgDrop0_pertDrop0_HyperAttackHints_VagharDeps_PerturbedIntervals_cTag2.txt",no
cnn1,occ,"3,3,5",1,8,40.61,68.07,13.505237,13.563330,13.649028,13.741945,0.178615,no,off,no,yes,prev_pgd,yes,off,0.25,btpr,yes,elim not activated,elim not activated,82,83,82,0,2,4,1.68x,0.00,68.07,1.68x,0.058093,0.092917,OPTIMAL,OPTIMAL,"/root/Downloads/for_dana/vaghar_org/paper_experiments/mnist/cnn1_exp/occ/eps_3,3,5/vagharWithPerturbed_cnn1_model_seed42_itr20_sgd_itr1/63912303077079_cnn1_occ_3.0,3.0,5.0_ctag1__HyperAttackHints_VagharDeps_PertruebedIntervals_cTag2.txt","/root/Downloads/for_dana/vaghar_org/paper_experiments/mnist/cnn1_exp/occ/eps_3,3,5/advStd_cnn1_N1_model_seed42_itr20/63914607458267_n2_cnn1_occ_3.0,3.0,5.0_ctag1_model_seed42_itr20_sgd_itr1_N2_advStd_BoundTightPertRelax0.25_SibGate_zonoBounds_varHintPrevPGD_seed4_both82_orgDrop0_pertDrop2_HyperAttackHints_VagharDeps_PerturbedIntervals_cTag2.txt",no
cnn1,occ,"3,3,5",1,8,40.61,90.81,13.505237,13.563330,13.646588,13.757965,0.194636,no,off,no,yes,prev_pgd,no,off,0.5,btpr,yes,elim not activated,elim not activated,81,84,81,0,3,4,2.24x,0.00,90.81,2.24x,0.058093,0.111377,OPTIMAL,OPTIMAL,"/root/Downloads/for_dana/vaghar_org/paper_experiments/mnist/cnn1_exp/occ/eps_3,3,5/vagharWithPerturbed_cnn1_model_seed42_itr20_sgd_itr1/63912303077079_cnn1_occ_3.0,3.0,5.0_ctag1__HyperAttackHints_VagharDeps_PertruebedIntervals_cTag2.txt","/root/Downloads/for_dana/vaghar_org/paper_experiments/mnist/cnn1_exp/occ/eps_3,3,5/advStd_cnn1_N1_model_seed42_itr20/63914603635433_n2_cnn1_occ_3.0,3.0,5.0_ctag1_model_seed42_itr20_sgd_itr1_N2_advStd_BoundTightPertRelax0.5_SibGate_varHintPrevPGD_seed4_both81_orgDrop0_pertDrop3_HyperAttackHints_VagharDeps_PerturbedIntervals_cTag2.txt",no
cnn1,occ,"3,3,5",1,8,40.61,106.44,13.505237,13.563330,13.546515,13.671102,0.107772,no,off,no,yes,prev_pgd,no,off,0.0,btpr,yes,elim not activated,elim not activated,0,0,0,0,0,4,2.62x,0.00,106.44,2.62x,0.058093,0.124587,OPTIMAL,OPTIMAL,"/root/Downloads/for_dana/vaghar_org/paper_experiments/mnist/cnn1_exp/occ/eps_3,3,5/vagharWithPerturbed_cnn1_model_seed42_itr20_sgd_itr1/63912303077079_cnn1_occ_3.0,3.0,5.0_ctag1__HyperAttackHints_VagharDeps_PertruebedIntervals_cTag2.txt","/root/Downloads/for_dana/vaghar_org/paper_experiments/mnist/cnn1_exp/occ/eps_3,3,5/advStd_cnn1_N1_model_seed42_itr20/63914602428564_n2_cnn1_occ_3.0,3.0,5.0_ctag1_model_seed42_itr20_sgd_itr1_N2_advStd_BoundTightPertRelax0.0_SibGate_varHintPrevPGD_seed4_both0_orgDrop0_pertDrop0_HyperAttackHints_VagharDeps_PerturbedIntervals_cTag2.txt",no
cnn1,occ,"3,3,5",1,8,40.61,214.68,13.505237,13.563330,13.546514,13.670978,0.107648,no,off,no,yes,prev_pgd,yes,off,0.0,btpr,no,elim not activated,elim not activated,0,0,,,,4,5.29x,0.00,214.68,5.29x,0.058093,0.124464,OPTIMAL,OPTIMAL,"/root/Downloads/for_dana/vaghar_org/paper_experiments/mnist/cnn1_exp/occ/eps_3,3,5/vagharWithPerturbed_cnn1_model_seed42_itr20_sgd_itr1/63912303077079_cnn1_occ_3.0,3.0,5.0_ctag1__HyperAttackHints_VagharDeps_PertruebedIntervals_cTag2.txt","/root/Downloads/for_dana/vaghar_org/paper_experiments/mnist/cnn1_exp/occ/eps_3,3,5/advStd_cnn1_N1_model_seed42_itr20/63912975581050_n2_cnn1_occ_3.0,3.0,5.0_ctag1_model_seed42_itr20_sgd_itr1_N2_advStd_BoundTightPertRelax0.0_zonoBounds_varHintPrevPGD_seed4_HyperAttackHints_VagharDeps_PerturbedIntervals_cTag2.txt",no
cnn1,occ,"3,3,5",1,8,40.61,301.23,13.505237,13.563330,13.649029,13.755464,0.192134,no,off,no,yes,prev_pgd,yes,off,0.5,btpr,no,elim not activated,elim not activated,82,84,,,,4,7.42x,0.00,301.23,7.42x,0.058093,0.106435,OPTIMAL,OPTIMAL,"/root/Downloads/for_dana/vaghar_org/paper_experiments/mnist/cnn1_exp/occ/eps_3,3,5/vagharWithPerturbed_cnn1_model_seed42_itr20_sgd_itr1/63912303077079_cnn1_occ_3.0,3.0,5.0_ctag1__HyperAttackHints_VagharDeps_PertruebedIntervals_cTag2.txt","/root/Downloads/for_dana/vaghar_org/paper_experiments/mnist/cnn1_exp/occ/eps_3,3,5/advStd_cnn1_N1_model_seed42_itr20/63912976560640_n2_cnn1_occ_3.0,3.0,5.0_ctag1_model_seed42_itr20_sgd_itr1_N2_advStd_BoundTightPertRelax0.5_zonoBounds_varHintPrevPGD_seed4_HyperAttackHints_VagharDeps_PerturbedIntervals_cTag2.txt",no
,,,,,,,,,,,,,,,,,,,,,,,,,,,,,,,,,,,,,,,,
cnn1,occ,"3,3,5",1,9,326.37,438.78,11.070011,11.178222,11.219406,11.331109,0.152887,no,off,no,yes,prev_pgd,yes,off,0.5,btpr,no,elim not activated,elim not activated,82,84,,,,4,1.34x,0.00,438.78,1.34x,0.108211,0.111702,OPTIMAL,OPTIMAL,"/root/Downloads/for_dana/vaghar_org/paper_experiments/mnist/cnn1_exp/occ/eps_3,3,5/vagharWithPerturbed_cnn1_model_seed42_itr20_sgd_itr1/63912925247953_cnn1_occ_3.0,3.0,5.0_ctag1__HyperAttackHints_VagharDeps_PertruebedIntervals_cTag2.txt","/root/Downloads/for_dana/vaghar_org/paper_experiments/mnist/cnn1_exp/occ/eps_3,3,5/advStd_cnn1_N1_model_seed42_itr20/63912976560640_n2_cnn1_occ_3.0,3.0,5.0_ctag1_model_seed42_itr20_sgd_itr1_N2_advStd_BoundTightPertRelax0.5_zonoBounds_varHintPrevPGD_seed4_HyperAttackHints_VagharDeps_PerturbedIntervals_cTag2.txt",no
cnn1,occ,"3,3,5",1,9,326.37,546.56,11.070011,11.178222,11.139994,11.226619,0.048397,no,off,no,yes,prev_pgd,yes,off,0.0,btpr,no,elim not activated,elim not activated,0,0,,,,4,1.67x,0.00,546.56,1.67x,0.108211,0.086625,OPTIMAL,OPTIMAL,"/root/Downloads/for_dana/vaghar_org/paper_experiments/mnist/cnn1_exp/occ/eps_3,3,5/vagharWithPerturbed_cnn1_model_seed42_itr20_sgd_itr1/63912925247953_cnn1_occ_3.0,3.0,5.0_ctag1__HyperAttackHints_VagharDeps_PertruebedIntervals_cTag2.txt","/root/Downloads/for_dana/vaghar_org/paper_experiments/mnist/cnn1_exp/occ/eps_3,3,5/advStd_cnn1_N1_model_seed42_itr20/63912975581050_n2_cnn1_occ_3.0,3.0,5.0_ctag1_model_seed42_itr20_sgd_itr1_N2_advStd_BoundTightPertRelax0.0_zonoBounds_varHintPrevPGD_seed4_HyperAttackHints_VagharDeps_PerturbedIntervals_cTag2.txt",no
,,,,,,,,,,,,,,,,,,,,,,,,,,,,,,,,,,,,,,,,
cnn1,occ,"3,3,5",2,6,152.80,205.85,18.627570,18.808361,18.865387,19.028027,0.219666,no,off,no,yes,prev_pgd,yes,off,0.5,btpr,yes,elim not activated,elim not activated,82,84,82,0,3,4,1.35x,0.00,205.85,1.35x,0.180792,0.162640,OPTIMAL,OPTIMAL,"/root/Downloads/for_dana/vaghar_org/paper_experiments/mnist/cnn1_exp/occ/eps_3,3,5/vagharWithPerturbed_cnn1_model_seed42_itr20_sgd_itr1/63913096861598_cnn1_occ_3.0,3.0,5.0_ctag2__HyperAttackHints_VagharDeps_PertruebedIntervals_cTag3.txt","/root/Downloads/for_dana/vaghar_org/paper_experiments/mnist/cnn1_exp/occ/eps_3,3,5/advStd_cnn1_N1_model_seed42_itr20/63914961840095_n2_cnn1_occ_3.0,3.0,5.0_ctag2_model_seed42_itr20_sgd_itr1_N2_advStd_BoundTightPertRelax0.5_SibGate_zonoBounds_varHintPrevPGD_seed4_both82_orgDrop0_pertDrop3_HyperAttackHints_VagharDeps_PerturbedIntervals_cTag3.txt",no
,,,,,,,,,,,,,,,,,,,,,,,,,,,,,,,,,,,,,,,,
cnn1,occ,"3,3,5",2,9,427.00,3613.73,12.458279,12.515194,12.477827,19.294568,6.779373,no,off,no,yes,prev_pgd,yes,off,0.0,btpr,yes,elim not activated,elim not activated,0,0,0,0,0,4,8.46x,0.00,3613.73,8.46x,0.056915,6.816741,OPTIMAL,TIME_LIMIT,"/root/Downloads/for_dana/vaghar_org/paper_experiments/mnist/cnn1_exp/occ/eps_3,3,5/vagharWithPerturbed_cnn1_model_seed42_itr20_sgd_itr1/63913096861598_cnn1_occ_3.0,3.0,5.0_ctag2__HyperAttackHints_VagharDeps_PertruebedIntervals_cTag3.txt","/root/Downloads/for_dana/vaghar_org/paper_experiments/mnist/cnn1_exp/occ/eps_3,3,5/advStd_cnn1_N1_model_seed42_itr20/63914960621297_n2_cnn1_occ_3.0,3.0,5.0_ctag2_model_seed42_itr20_sgd_itr1_N2_advStd_BoundTightPertRelax0.0_SibGate_zonoBounds_varHintPrevPGD_seed4_both0_orgDrop0_pertDrop0_HyperAttackHints_VagharDeps_PerturbedIntervals_cTag3.txt",no
,,,,,,,,,,,,,,,,,,,,,,,,,,,,,,,,,,,,,,,,
cnn1,occ,"5,5,5",0,1,59.49,74.31,9.059303,9.059612,9.206731,9.277819,0.218207,no,off,no,yes,prev_pgd,yes,off,0.5,btpr,no,elim not activated,elim not activated,82,91,,,,4,1.25x,0.00,74.31,1.25x,0.000310,0.071088,OPTIMAL,OPTIMAL,"/root/Downloads/for_dana/vaghar_org/paper_experiments/mnist/cnn1_exp/occ/eps_5,5,5/vagharWithPerturbed_cnn1_model_seed42_itr20_sgd_itr1/63912739120936_cnn1_occ_5.0,5.0,5.0_ctag0__HyperAttackHints_VagharDeps_PertruebedIntervals_cTag1.txt","/root/Downloads/for_dana/vaghar_org/paper_experiments/mnist/cnn1_exp/occ/eps_5,5,5/advStd_cnn1_N1_model_seed42_itr20/63912792089962_n2_cnn1_occ_5.0,5.0,5.0_ctag0_model_seed42_itr20_sgd_itr1_N2_advStd_BoundTightPertRelax0.5_zonoBounds_varHintPrevPGD_seed4_HyperAttackHints_VagharDeps_PerturbedIntervals_cTag1.txt",no
,,,,,,,,,,,,,,,,,,,,,,,,,,,,,,,,,,,,,,,,
cnn1,occ,"5,5,5",0,2,58.98,65.33,12.765862,12.765862,12.765862,12.825362,0.059500,no,off,no,yes,prev_pgd,no,off,0.0,btpr,yes,elim not activated,elim not activated,0,0,0,0,0,4,1.11x,0.00,65.33,1.11x,0.000000,0.059499,OPTIMAL,OPTIMAL,"/root/Downloads/for_dana/vaghar_org/paper_experiments/mnist/cnn1_exp/occ/eps_5,5,5/vagharWithPerturbed_cnn1_model_seed42_itr20_sgd_itr1/63912739120936_cnn1_occ_5.0,5.0,5.0_ctag0__HyperAttackHints_VagharDeps_PertruebedIntervals_cTag1.txt","/root/Downloads/for_dana/vaghar_org/paper_experiments/mnist/cnn1_exp/occ/eps_5,5,5/advStd_cnn1_N1_model_seed42_itr20/63914287601644_n2_cnn1_occ_5.0,5.0,5.0_ctag0_model_seed42_itr20_sgd_itr1_N2_advStd_BoundTightPertRelax0.0_SibGate_varHintPrevPGD_seed4_both0_orgDrop0_pertDrop0_HyperAttackHints_VagharDeps_PerturbedIntervals_cTag1.txt",no
cnn1,occ,"5,5,5",0,2,58.98,69.88,12.765862,12.765862,12.765862,12.825362,0.059500,no,off,no,yes,prev_pgd,no,off,0.0,btpr,yes,elim not activated,elim not activated,0,0,0,0,0,4,1.18x,0.00,69.88,1.18x,0.000000,0.059499,OPTIMAL,OPTIMAL,"/root/Downloads/for_dana/vaghar_org/paper_experiments/mnist/cnn1_exp/occ/eps_5,5,5/vagharWithPerturbed_cnn1_model_seed42_itr20_sgd_itr1/63912739120936_cnn1_occ_5.0,5.0,5.0_ctag0__HyperAttackHints_VagharDeps_PertruebedIntervals_cTag1.txt","/root/Downloads/for_dana/vaghar_org/paper_experiments/mnist/cnn1_exp/occ/eps_5,5,5/advStd_cnn1_N1_model_seed42_itr20/63913677951277_n2_cnn1_occ_5.0,5.0,5.0_ctag0_model_seed42_itr20_sgd_itr1_N2_advStd_BoundTightPertRelax0.0_SibGate_varHintPrevPGD_seed4_both0_orgDrop0_pertDrop0_HyperAttackHints_VagharDeps_PerturbedIntervals_cTag1.txt",no
cnn1,occ,"5,5,5",0,2,58.98,111.33,12.765862,12.765862,12.988650,13.064849,0.298987,no,off,no,yes,prev_pgd,yes,off,0.5,btpr,no,elim not activated,elim not activated,82,91,,,,4,1.89x,0.00,111.33,1.89x,0.000000,0.076198,OPTIMAL,OPTIMAL,"/root/Downloads/for_dana/vaghar_org/paper_experiments/mnist/cnn1_exp/occ/eps_5,5,5/vagharWithPerturbed_cnn1_model_seed42_itr20_sgd_itr1/63912739120936_cnn1_occ_5.0,5.0,5.0_ctag0__HyperAttackHints_VagharDeps_PertruebedIntervals_cTag1.txt","/root/Downloads/for_dana/vaghar_org/paper_experiments/mnist/cnn1_exp/occ/eps_5,5,5/advStd_cnn1_N1_model_seed42_itr20/63912792089962_n2_cnn1_occ_5.0,5.0,5.0_ctag0_model_seed42_itr20_sgd_itr1_N2_advStd_BoundTightPertRelax0.5_zonoBounds_varHintPrevPGD_seed4_HyperAttackHints_VagharDeps_PerturbedIntervals_cTag1.txt",no
,,,,,,,,,,,,,,,,,,,,,,,,,,,,,,,,,,,,,,,,
cnn1,occ,"5,5,5",0,3,42.18,43.78,12.546487,12.669380,12.628256,12.628256,-0.041124,no,off,no,yes,direct,no,off,0.0,btpr,no,elim not activated,elim not activated,0,0,,,,4,1.04x,0.00,43.78,1.04x,0.122893,0.000000,OPTIMAL,OPTIMAL,"/root/Downloads/for_dana/vaghar_org/paper_experiments/mnist/cnn1_exp/occ/eps_5,5,5/vagharWithPerturbed_cnn1_seed42_itr20_sgd_itr1/63910321839332_cnn1_occ_5.0,5.0,5.0_ctag0__HyperAttackHints_VagharDeps_PertruebedIntervals_cTag1.txt","/root/Downloads/for_dana/vaghar_org/paper_experiments/mnist/cnn1_exp/occ/eps_5,5,5/advStd_cnn1_N1_model_seed42_itr20/63912465898156_n2_cnn1_occ_5.0,5.0,5.0_ctag0_model_seed42_itr20_sgd_itr1_N2_advStd_BoundTightPertRelax0.0_varHintDirect_seed4_HyperAttackHints_VagharDeps_PerturbedIntervals_cTag1.txt",no
cnn1,occ,"5,5,5",0,3,42.18,43.88,12.546487,12.669380,12.628256,12.628256,-0.041124,no,off,no,yes,direct,yes,off,0.0,btpr,no,elim not activated,elim not activated,0,0,,,,4,1.04x,0.00,43.88,1.04x,0.122893,0.000000,OPTIMAL,OPTIMAL,"/root/Downloads/for_dana/vaghar_org/paper_experiments/mnist/cnn1_exp/occ/eps_5,5,5/vagharWithPerturbed_cnn1_seed42_itr20_sgd_itr1/63910321839332_cnn1_occ_5.0,5.0,5.0_ctag0__HyperAttackHints_VagharDeps_PertruebedIntervals_cTag1.txt","/root/Downloads/for_dana/vaghar_org/paper_experiments/mnist/cnn1_exp/occ/eps_5,5,5/advStd_cnn1_N1_model_seed42_itr20/63912467860415_n2_cnn1_occ_5.0,5.0,5.0_ctag0_model_seed42_itr20_sgd_itr1_N2_advStd_BoundTightPertRelax0.0_zonoBounds_varHintDirect_seed4_HyperAttackHints_VagharDeps_PerturbedIntervals_cTag1.txt",no
cnn1,occ,"5,5,5",0,3,42.18,47.45,12.546487,12.669380,12.814130,12.871533,0.202153,no,off,no,yes,direct,no,off,0.5,btpr,no,elim not activated,elim not activated,82,91,,,,4,1.12x,0.00,47.45,1.12x,0.122893,0.057404,OPTIMAL,OPTIMAL,"/root/Downloads/for_dana/vaghar_org/paper_experiments/mnist/cnn1_exp/occ/eps_5,5,5/vagharWithPerturbed_cnn1_seed42_itr20_sgd_itr1/63910321839332_cnn1_occ_5.0,5.0,5.0_ctag0__HyperAttackHints_VagharDeps_PertruebedIntervals_cTag1.txt","/root/Downloads/for_dana/vaghar_org/paper_experiments/mnist/cnn1_exp/occ/eps_5,5,5/advStd_cnn1_N1_model_seed42_itr20/63912466868178_n2_cnn1_occ_5.0,5.0,5.0_ctag0_model_seed42_itr20_sgd_itr1_N2_advStd_BoundTightPertRelax0.5_varHintDirect_seed4_HyperAttackHints_VagharDeps_PerturbedIntervals_cTag1.txt",no
cnn1,occ,"5,5,5",0,3,42.18,49.80,12.546487,12.669380,12.628257,12.708925,0.039545,no,off,no,yes,prev_pgd,no,off,0.0,btpr,yes,elim not activated,elim not activated,0,0,0,0,0,4,1.18x,0.00,49.80,1.18x,0.122893,0.080668,OPTIMAL,OPTIMAL,"/root/Downloads/for_dana/vaghar_org/paper_experiments/mnist/cnn1_exp/occ/eps_5,5,5/vagharWithPerturbed_cnn1_seed42_itr20_sgd_itr1/63910321839332_cnn1_occ_5.0,5.0,5.0_ctag0__HyperAttackHints_VagharDeps_PertruebedIntervals_cTag1.txt","/root/Downloads/for_dana/vaghar_org/paper_experiments/mnist/cnn1_exp/occ/eps_5,5,5/advStd_cnn1_N1_model_seed42_itr20/63914287601644_n2_cnn1_occ_5.0,5.0,5.0_ctag0_model_seed42_itr20_sgd_itr1_N2_advStd_BoundTightPertRelax0.0_SibGate_varHintPrevPGD_seed4_both0_orgDrop0_pertDrop0_HyperAttackHints_VagharDeps_PerturbedIntervals_cTag1.txt",no
cnn1,occ,"5,5,5",0,3,42.18,49.97,12.546487,12.669380,12.833273,12.917764,0.248384,no,off,no,yes,prev_pgd,no,off,0.5,btpr,yes,elim not activated,elim not activated,82,91,82,0,9,4,1.18x,0.00,49.97,1.18x,0.122893,0.084491,OPTIMAL,OPTIMAL,"/root/Downloads/for_dana/vaghar_org/paper_experiments/mnist/cnn1_exp/occ/eps_5,5,5/vagharWithPerturbed_cnn1_seed42_itr20_sgd_itr1/63910321839332_cnn1_occ_5.0,5.0,5.0_ctag0__HyperAttackHints_VagharDeps_PertruebedIntervals_cTag1.txt","/root/Downloads/for_dana/vaghar_org/paper_experiments/mnist/cnn1_exp/occ/eps_5,5,5/advStd_cnn1_N1_model_seed42_itr20/63914292881971_n2_cnn1_occ_5.0,5.0,5.0_ctag0_model_seed42_itr20_sgd_itr1_N2_advStd_BoundTightPertRelax0.5_SibGate_varHintPrevPGD_seed4_both82_orgDrop0_pertDrop9_HyperAttackHints_VagharDeps_PerturbedIntervals_cTag1.txt",no
cnn1,occ,"5,5,5",0,3,42.18,51.03,12.546487,12.669380,12.833273,12.917764,0.248384,no,off,no,yes,prev_pgd,yes,off,0.5,btpr,yes,elim not activated,elim not activated,82,91,82,0,9,4,1.21x,0.00,51.03,1.21x,0.122893,0.084491,OPTIMAL,OPTIMAL,"/root/Downloads/for_dana/vaghar_org/paper_experiments/mnist/cnn1_exp/occ/eps_5,5,5/vagharWithPerturbed_cnn1_seed42_itr20_sgd_itr1/63910321839332_cnn1_occ_5.0,5.0,5.0_ctag0__HyperAttackHints_VagharDeps_PertruebedIntervals_cTag1.txt","/root/Downloads/for_dana/vaghar_org/paper_experiments/mnist/cnn1_exp/occ/eps_5,5,5/advStd_cnn1_N1_model_seed42_itr20/63914297904062_n2_cnn1_occ_5.0,5.0,5.0_ctag0_model_seed42_itr20_sgd_itr1_N2_advStd_BoundTightPertRelax0.5_SibGate_zonoBounds_varHintPrevPGD_seed4_both82_orgDrop0_pertDrop9_HyperAttackHints_VagharDeps_PerturbedIntervals_cTag1.txt",no
cnn1,occ,"5,5,5",0,3,42.18,52.01,12.546487,12.669380,12.628256,12.716748,0.047368,no,off,no,yes,prev_pgd,yes,off,0.0,btpr,yes,elim not activated,elim not activated,0,0,0,0,0,4,1.23x,0.00,52.01,1.23x,0.122893,0.088492,OPTIMAL,OPTIMAL,"/root/Downloads/for_dana/vaghar_org/paper_experiments/mnist/cnn1_exp/occ/eps_5,5,5/vagharWithPerturbed_cnn1_seed42_itr20_sgd_itr1/63910321839332_cnn1_occ_5.0,5.0,5.0_ctag0__HyperAttackHints_VagharDeps_PertruebedIntervals_cTag1.txt","/root/Downloads/for_dana/vaghar_org/paper_experiments/mnist/cnn1_exp/occ/eps_5,5,5/advStd_cnn1_N1_model_seed42_itr20/63914293288359_n2_cnn1_occ_5.0,5.0,5.0_ctag0_model_seed42_itr20_sgd_itr1_N2_advStd_BoundTightPertRelax0.0_SibGate_zonoBounds_varHintPrevPGD_seed4_both0_orgDrop0_pertDrop0_HyperAttackHints_VagharDeps_PerturbedIntervals_cTag1.txt",no
cnn1,occ,"5,5,5",0,3,42.18,52.34,12.546487,12.669380,12.814130,12.871533,0.202153,no,off,no,yes,direct,yes,off,0.5,btpr,no,elim not activated,elim not activated,82,91,,,,4,1.24x,0.00,52.34,1.24x,0.122893,0.057404,OPTIMAL,OPTIMAL,"/root/Downloads/for_dana/vaghar_org/paper_experiments/mnist/cnn1_exp/occ/eps_5,5,5/vagharWithPerturbed_cnn1_seed42_itr20_sgd_itr1/63910321839332_cnn1_occ_5.0,5.0,5.0_ctag0__HyperAttackHints_VagharDeps_PertruebedIntervals_cTag1.txt","/root/Downloads/for_dana/vaghar_org/paper_experiments/mnist/cnn1_exp/occ/eps_5,5,5/advStd_cnn1_N1_model_seed42_itr20/63912468892073_n2_cnn1_occ_5.0,5.0,5.0_ctag0_model_seed42_itr20_sgd_itr1_N2_advStd_BoundTightPertRelax0.5_zonoBounds_varHintDirect_seed4_HyperAttackHints_VagharDeps_PerturbedIntervals_cTag1.txt",no
cnn1,occ,"5,5,5",0,3,42.18,53.85,12.546487,12.669380,12.628256,12.716748,0.047368,no,off,no,yes,prev_pgd,yes,off,0.0,btpr,no,elim not activated,elim not activated,0,0,,,,4,1.28x,0.00,53.85,1.28x,0.122893,0.088492,OPTIMAL,OPTIMAL,"/root/Downloads/for_dana/vaghar_org/paper_experiments/mnist/cnn1_exp/occ/eps_5,5,5/vagharWithPerturbed_cnn1_seed42_itr20_sgd_itr1/63910321839332_cnn1_occ_5.0,5.0,5.0_ctag0__HyperAttackHints_VagharDeps_PertruebedIntervals_cTag1.txt","/root/Downloads/for_dana/vaghar_org/paper_experiments/mnist/cnn1_exp/occ/eps_5,5,5/advStd_cnn1_N1_model_seed42_itr20/63912526644795_n2_cnn1_occ_5.0,5.0,5.0_ctag0_model_seed42_itr20_sgd_itr1_N2_advStd_BoundTightPertRelax0.0_zonoBounds_varHintPrevPGD_seed4_HyperAttackHints_VagharDeps_PerturbedIntervals_cTag1.txt",no
cnn1,occ,"5,5,5",0,3,42.18,53.85,12.546487,12.669380,12.628256,12.716748,0.047368,no,off,no,yes,prev_pgd,yes,off,0.0,btpr,no,elim not activated,elim not activated,0,0,,,,4,1.28x,0.00,53.85,1.28x,0.122893,0.088492,OPTIMAL,OPTIMAL,"/root/Downloads/for_dana/vaghar_org/paper_experiments/mnist/cnn1_exp/occ/eps_5,5,5/vagharWithPerturbed_cnn1_seed42_itr20_sgd_itr1/63910321839332_cnn1_occ_5.0,5.0,5.0_ctag0__HyperAttackHints_VagharDeps_PertruebedIntervals_cTag1.txt","/root/Downloads/for_dana/vaghar_org/paper_experiments/mnist/cnn1_exp/occ/eps_5,5,5/advStd_cnn1_N1_model_seed42_itr20/63912790193159_n2_cnn1_occ_5.0,5.0,5.0_ctag0_model_seed42_itr20_sgd_itr1_N2_advStd_BoundTightPertRelax0.0_zonoBounds_varHintPrevPGD_seed4_HyperAttackHints_VagharDeps_PerturbedIntervals_cTag1.txt",no
cnn1,occ,"5,5,5",0,3,42.18,57.57,12.546487,12.669380,12.663267,12.788250,0.118870,no,off,no,yes,prev_pgd,no,off,0.25,btpr,yes,elim not activated,elim not activated,82,82,82,0,0,4,1.36x,0.00,57.57,1.36x,0.122893,0.124984,OPTIMAL,OPTIMAL,"/root/Downloads/for_dana/vaghar_org/paper_experiments/mnist/cnn1_exp/occ/eps_5,5,5/vagharWithPerturbed_cnn1_seed42_itr20_sgd_itr1/63910321839332_cnn1_occ_5.0,5.0,5.0_ctag0__HyperAttackHints_VagharDeps_PertruebedIntervals_cTag1.txt","/root/Downloads/for_dana/vaghar_org/paper_experiments/mnist/cnn1_exp/occ/eps_5,5,5/advStd_cnn1_N1_model_seed42_itr20/63914291058616_n2_cnn1_occ_5.0,5.0,5.0_ctag0_model_seed42_itr20_sgd_itr1_N2_advStd_BoundTightPertRelax0.25_SibGate_varHintPrevPGD_seed4_both82_orgDrop0_pertDrop0_HyperAttackHints_VagharDeps_PerturbedIntervals_cTag1.txt",no
cnn1,occ,"5,5,5",0,3,42.18,58.00,12.546487,12.669380,12.833275,12.874969,0.205589,no,off,no,yes,prev_pgd,yes,off,0.5,btpr,yes,elim not activated,elim not activated,82,91,82,0,9,4,1.37x,0.00,58.00,1.37x,0.122893,0.041694,OPTIMAL,OPTIMAL,"/root/Downloads/for_dana/vaghar_org/paper_experiments/mnist/cnn1_exp/occ/eps_5,5,5/vagharWithPerturbed_cnn1_seed42_itr20_sgd_itr1/63910321839332_cnn1_occ_5.0,5.0,5.0_ctag0__HyperAttackHints_VagharDeps_PertruebedIntervals_cTag1.txt","/root/Downloads/for_dana/vaghar_org/paper_experiments/mnist/cnn1_exp/occ/eps_5,5,5/advStd_cnn1_N1_model_seed42_itr20/63914878717890_n2_cnn1_occ_5.0,5.0,5.0_ctag0_model_seed42_itr20_sgd_itr1_N2_advStd_BoundTightPertRelax0.5_SibGate_zonoBounds_varHintPrevPGD_seed4_both82_orgDrop0_pertDrop9_HyperAttackHints_VagharDeps_PerturbedIntervals_cTag1.txt",no
cnn1,occ,"5,5,5",0,3,42.18,60.27,12.546487,12.669380,12.663267,12.788250,0.118870,no,off,no,yes,prev_pgd,yes,off,0.25,btpr,yes,elim not activated,elim not activated,82,82,82,0,0,4,1.43x,0.00,60.27,1.43x,0.122893,0.124984,OPTIMAL,OPTIMAL,"/root/Downloads/for_dana/vaghar_org/paper_experiments/mnist/cnn1_exp/occ/eps_5,5,5/vagharWithPerturbed_cnn1_seed42_itr20_sgd_itr1/63910321839332_cnn1_occ_5.0,5.0,5.0_ctag0__HyperAttackHints_VagharDeps_PertruebedIntervals_cTag1.txt","/root/Downloads/for_dana/vaghar_org/paper_experiments/mnist/cnn1_exp/occ/eps_5,5,5/advStd_cnn1_N1_model_seed42_itr20/63914295511268_n2_cnn1_occ_5.0,5.0,5.0_ctag0_model_seed42_itr20_sgd_itr1_N2_advStd_BoundTightPertRelax0.25_SibGate_zonoBounds_varHintPrevPGD_seed4_both82_orgDrop0_pertDrop0_HyperAttackHints_VagharDeps_PerturbedIntervals_cTag1.txt",no
cnn1,occ,"5,5,5",0,3,42.18,61.63,12.546487,12.669380,12.628256,12.716748,0.047368,no,off,no,yes,prev_pgd,yes,off,0.0,btpr,yes,elim not activated,elim not activated,0,0,0,0,0,4,1.46x,0.00,61.63,1.46x,0.122893,0.088492,OPTIMAL,OPTIMAL,"/root/Downloads/for_dana/vaghar_org/paper_experiments/mnist/cnn1_exp/occ/eps_5,5,5/vagharWithPerturbed_cnn1_seed42_itr20_sgd_itr1/63910321839332_cnn1_occ_5.0,5.0,5.0_ctag0__HyperAttackHints_VagharDeps_PertruebedIntervals_cTag1.txt","/root/Downloads/for_dana/vaghar_org/paper_experiments/mnist/cnn1_exp/occ/eps_5,5,5/advStd_cnn1_N1_model_seed42_itr20/63914873713081_n2_cnn1_occ_5.0,5.0,5.0_ctag0_model_seed42_itr20_sgd_itr1_N2_advStd_BoundTightPertRelax0.0_SibGate_zonoBounds_varHintPrevPGD_seed4_both0_orgDrop0_pertDrop0_HyperAttackHints_VagharDeps_PerturbedIntervals_cTag1.txt",no
cnn1,occ,"5,5,5",0,3,42.18,65.05,12.546487,12.669380,12.628256,12.628353,-0.041026,no,off,no,yes,no,no,off,0.0,btpr,no,elim not activated,elim not activated,0,0,,,,4,1.54x,0.00,65.05,1.54x,0.122893,0.000098,OPTIMAL,OPTIMAL,"/root/Downloads/for_dana/vaghar_org/paper_experiments/mnist/cnn1_exp/occ/eps_5,5,5/vagharWithPerturbed_cnn1_seed42_itr20_sgd_itr1/63910321839332_cnn1_occ_5.0,5.0,5.0_ctag0__HyperAttackHints_VagharDeps_PertruebedIntervals_cTag1.txt","/root/Downloads/for_dana/vaghar_org/paper_experiments/mnist/cnn1_exp/occ/eps_5,5,5/advStd_cnn1_N1_model_seed42_itr20/63912366158733_n2_cnn1_occ_5.0,5.0,5.0_ctag0_model_seed42_itr20_sgd_itr1_N2_advStd_BoundTightPertRelax0.0_seed4_HyperAttackHints_VagharDeps_PerturbedIntervals_cTag1.txt",no
cnn1,occ,"5,5,5",0,3,42.18,64.93,12.546487,12.669380,12.591574,12.630234,-0.039146,no,off,no,yes,direct_pgd,no,off,0.0,btpr,no,elim not activated,elim not activated,0,0,,,,4,1.54x,0.00,64.93,1.54x,0.122893,0.038660,OPTIMAL,OPTIMAL,"/root/Downloads/for_dana/vaghar_org/paper_experiments/mnist/cnn1_exp/occ/eps_5,5,5/vagharWithPerturbed_cnn1_seed42_itr20_sgd_itr1/63910321839332_cnn1_occ_5.0,5.0,5.0_ctag0__HyperAttackHints_VagharDeps_PertruebedIntervals_cTag1.txt","/root/Downloads/for_dana/vaghar_org/paper_experiments/mnist/cnn1_exp/occ/eps_5,5,5/advStd_cnn1_N1_model_seed42_itr20/63912522601509_n2_cnn1_occ_5.0,5.0,5.0_ctag0_model_seed42_itr20_sgd_itr1_N2_advStd_BoundTightPertRelax0.0_varHintDirectPGD_seed4_HyperAttackHints_VagharDeps_PerturbedIntervals_cTag1.txt",no
cnn1,occ,"5,5,5",0,3,42.18,75.61,12.546487,12.669380,12.628256,12.716748,0.047368,no,off,no,yes,prev_pgd,no,off,0.0,btpr,no,elim not activated,elim not activated,0,0,,,,4,1.79x,0.00,75.61,1.79x,0.122893,0.088492,OPTIMAL,OPTIMAL,"/root/Downloads/for_dana/vaghar_org/paper_experiments/mnist/cnn1_exp/occ/eps_5,5,5/vagharWithPerturbed_cnn1_seed42_itr20_sgd_itr1/63910321839332_cnn1_occ_5.0,5.0,5.0_ctag0__HyperAttackHints_VagharDeps_PertruebedIntervals_cTag1.txt","/root/Downloads/for_dana/vaghar_org/paper_experiments/mnist/cnn1_exp/occ/eps_5,5,5/advStd_cnn1_N1_model_seed42_itr20/63912523163087_n2_cnn1_occ_5.0,5.0,5.0_ctag0_model_seed42_itr20_sgd_itr1_N2_advStd_BoundTightPertRelax0.0_varHintPrevPGD_seed4_HyperAttackHints_VagharDeps_PerturbedIntervals_cTag1.txt",no
cnn1,occ,"5,5,5",0,3,42.18,75.64,12.546487,12.669380,12.663267,12.788250,0.118870,no,off,no,yes,prev_pgd,no,off,0.25,btpr,yes,elim not activated,elim not activated,82,82,82,0,0,4,1.79x,0.00,75.64,1.79x,0.122893,0.124984,OPTIMAL,OPTIMAL,"/root/Downloads/for_dana/vaghar_org/paper_experiments/mnist/cnn1_exp/occ/eps_5,5,5/vagharWithPerturbed_cnn1_seed42_itr20_sgd_itr1/63910321839332_cnn1_occ_5.0,5.0,5.0_ctag0__HyperAttackHints_VagharDeps_PertruebedIntervals_cTag1.txt","/root/Downloads/for_dana/vaghar_org/paper_experiments/mnist/cnn1_exp/occ/eps_5,5,5/advStd_cnn1_N1_model_seed42_itr20/63913677960328_n2_cnn1_occ_5.0,5.0,5.0_ctag0_model_seed42_itr20_sgd_itr1_N2_advStd_BoundTightPertRelax0.25_SibGate_varHintPrevPGD_seed4_both82_orgDrop0_pertDrop0_HyperAttackHints_VagharDeps_PerturbedIntervals_cTag1.txt",no
cnn1,occ,"5,5,5",0,3,42.18,77.33,12.546487,12.669380,12.628256,12.716748,0.047368,no,off,no,yes,prev_pgd,no,off,0.0,btpr,yes,elim not activated,elim not activated,0,0,0,0,0,4,1.83x,0.00,77.33,1.83x,0.122893,0.088492,OPTIMAL,OPTIMAL,"/root/Downloads/for_dana/vaghar_org/paper_experiments/mnist/cnn1_exp/occ/eps_5,5,5/vagharWithPerturbed_cnn1_seed42_itr20_sgd_itr1/63910321839332_cnn1_occ_5.0,5.0,5.0_ctag0__HyperAttackHints_VagharDeps_PertruebedIntervals_cTag1.txt","/root/Downloads/for_dana/vaghar_org/paper_experiments/mnist/cnn1_exp/occ/eps_5,5,5/advStd_cnn1_N1_model_seed42_itr20/63913677951277_n2_cnn1_occ_5.0,5.0,5.0_ctag0_model_seed42_itr20_sgd_itr1_N2_advStd_BoundTightPertRelax0.0_SibGate_varHintPrevPGD_seed4_both0_orgDrop0_pertDrop0_HyperAttackHints_VagharDeps_PerturbedIntervals_cTag1.txt",no
cnn1,occ,"5,5,5",0,3,42.18,81.38,12.546487,12.669380,12.628256,12.628353,-0.041026,no,off,no,yes,no,no,off,0.01,btpr,no,elim not activated,elim not activated,0,0,,,,4,1.93x,0.00,81.38,1.93x,0.122893,0.000098,OPTIMAL,OPTIMAL,"/root/Downloads/for_dana/vaghar_org/paper_experiments/mnist/cnn1_exp/occ/eps_5,5,5/vagharWithPerturbed_cnn1_seed42_itr20_sgd_itr1/63910321839332_cnn1_occ_5.0,5.0,5.0_ctag0__HyperAttackHints_VagharDeps_PertruebedIntervals_cTag1.txt","/root/Downloads/for_dana/vaghar_org/paper_experiments/mnist/cnn1_exp/occ/eps_5,5,5/advStd_cnn1_N1_model_seed42_itr20/63912366568197_n2_cnn1_occ_5.0,5.0,5.0_ctag0_model_seed42_itr20_sgd_itr1_N2_advStd_BoundTightPertRelax0.01_seed4_HyperAttackHints_VagharDeps_PerturbedIntervals_cTag1.txt",no
cnn1,occ,"5,5,5",0,3,42.18,89.09,12.546487,12.669380,12.628599,12.628599,-0.040781,no,off,no,yes,no,no,off,0.1,btpr,no,elim not activated,elim not activated,1,2,,,,4,2.11x,0.00,89.09,2.11x,0.122893,0.000000,OPTIMAL,OPTIMAL,"/root/Downloads/for_dana/vaghar_org/paper_experiments/mnist/cnn1_exp/occ/eps_5,5,5/vagharWithPerturbed_cnn1_seed42_itr20_sgd_itr1/63910321839332_cnn1_occ_5.0,5.0,5.0_ctag0__HyperAttackHints_VagharDeps_PertruebedIntervals_cTag1.txt","/root/Downloads/for_dana/vaghar_org/paper_experiments/mnist/cnn1_exp/occ/eps_5,5,5/advStd_cnn1_N1_model_seed42_itr20/63912369552258_n2_cnn1_occ_5.0,5.0,5.0_ctag0_model_seed42_itr20_sgd_itr1_N2_advStd_BoundTightPertRelax0.1_seed4_HyperAttackHints_VagharDeps_PerturbedIntervals_cTag1.txt",no
cnn1,occ,"5,5,5",0,3,42.18,95.77,12.546487,12.669380,12.628256,12.628353,-0.041026,no,off,no,yes,no,yes,off,0.01,btpr,no,elim not activated,elim not activated,0,0,,,,4,2.27x,0.00,95.77,2.27x,0.122893,0.000098,OPTIMAL,OPTIMAL,"/root/Downloads/for_dana/vaghar_org/paper_experiments/mnist/cnn1_exp/occ/eps_5,5,5/vagharWithPerturbed_cnn1_seed42_itr20_sgd_itr1/63910321839332_cnn1_occ_5.0,5.0,5.0_ctag0__HyperAttackHints_VagharDeps_PertruebedIntervals_cTag1.txt","/root/Downloads/for_dana/vaghar_org/paper_experiments/mnist/cnn1_exp/occ/eps_5,5,5/advStd_cnn1_N1_model_seed42_itr20/63912371784925_n2_cnn1_occ_5.0,5.0,5.0_ctag0_model_seed42_itr20_sgd_itr1_N2_advStd_BoundTightPertRelax0.01_zonoBounds_seed4_HyperAttackHints_VagharDeps_PerturbedIntervals_cTag1.txt",no
cnn1,occ,"5,5,5",0,3,42.18,97.84,12.546487,12.669380,12.628599,12.628599,-0.040781,no,off,no,yes,no,yes,off,0.1,btpr,no,elim not activated,elim not activated,1,2,,,,4,2.32x,0.00,97.84,2.32x,0.122893,0.000000,OPTIMAL,OPTIMAL,"/root/Downloads/for_dana/vaghar_org/paper_experiments/mnist/cnn1_exp/occ/eps_5,5,5/vagharWithPerturbed_cnn1_seed42_itr20_sgd_itr1/63910321839332_cnn1_occ_5.0,5.0,5.0_ctag0__HyperAttackHints_VagharDeps_PertruebedIntervals_cTag1.txt","/root/Downloads/for_dana/vaghar_org/paper_experiments/mnist/cnn1_exp/occ/eps_5,5,5/advStd_cnn1_N1_model_seed42_itr20/63912373050370_n2_cnn1_occ_5.0,5.0,5.0_ctag0_model_seed42_itr20_sgd_itr1_N2_advStd_BoundTightPertRelax0.1_zonoBounds_seed4_HyperAttackHints_VagharDeps_PerturbedIntervals_cTag1.txt",no
cnn1,occ,"5,5,5",0,3,42.18,118.64,12.546487,12.669380,12.628599,12.628599,-0.040781,no,off,no,yes,no,no,off,0.05,btpr,no,elim not activated,elim not activated,1,2,,,,4,2.81x,0.00,118.64,2.81x,0.122893,0.000000,OPTIMAL,OPTIMAL,"/root/Downloads/for_dana/vaghar_org/paper_experiments/mnist/cnn1_exp/occ/eps_5,5,5/vagharWithPerturbed_cnn1_seed42_itr20_sgd_itr1/63910321839332_cnn1_occ_5.0,5.0,5.0_ctag0__HyperAttackHints_VagharDeps_PertruebedIntervals_cTag1.txt","/root/Downloads/for_dana/vaghar_org/paper_experiments/mnist/cnn1_exp/occ/eps_5,5,5/advStd_cnn1_N1_model_seed42_itr20/63912367691515_n2_cnn1_occ_5.0,5.0,5.0_ctag0_model_seed42_itr20_sgd_itr1_N2_advStd_BoundTightPertRelax0.05_seed4_HyperAttackHints_VagharDeps_PerturbedIntervals_cTag1.txt",no
cnn1,occ,"5,5,5",0,3,42.18,122.06,12.546487,12.669380,12.628256,12.628353,-0.041026,no,off,no,yes,no,yes,off,0.0,btpr,no,elim not activated,elim not activated,0,0,,,,4,2.89x,0.00,122.06,2.89x,0.122893,0.000098,OPTIMAL,OPTIMAL,"/root/Downloads/for_dana/vaghar_org/paper_experiments/mnist/cnn1_exp/occ/eps_5,5,5/vagharWithPerturbed_cnn1_seed42_itr20_sgd_itr1/63910321839332_cnn1_occ_5.0,5.0,5.0_ctag0__HyperAttackHints_VagharDeps_PertruebedIntervals_cTag1.txt","/root/Downloads/for_dana/vaghar_org/paper_experiments/mnist/cnn1_exp/occ/eps_5,5,5/advStd_cnn1_N1_model_seed42_itr20/63912371184518_n2_cnn1_occ_5.0,5.0,5.0_ctag0_model_seed42_itr20_sgd_itr1_N2_advStd_BoundTightPertRelax0.0_zonoBounds_seed4_HyperAttackHints_VagharDeps_PerturbedIntervals_cTag1.txt",no
cnn1,occ,"5,5,5",0,3,42.18,135.90,12.546487,12.669380,12.628599,12.628599,-0.040781,no,off,no,yes,no,yes,off,0.05,btpr,no,elim not activated,elim not activated,1,2,,,,4,3.22x,0.00,135.90,3.22x,0.122893,0.000000,OPTIMAL,OPTIMAL,"/root/Downloads/for_dana/vaghar_org/paper_experiments/mnist/cnn1_exp/occ/eps_5,5,5/vagharWithPerturbed_cnn1_seed42_itr20_sgd_itr1/63910321839332_cnn1_occ_5.0,5.0,5.0_ctag0__HyperAttackHints_VagharDeps_PertruebedIntervals_cTag1.txt","/root/Downloads/for_dana/vaghar_org/paper_experiments/mnist/cnn1_exp/occ/eps_5,5,5/advStd_cnn1_N1_model_seed42_itr20/63912372451172_n2_cnn1_occ_5.0,5.0,5.0_ctag0_model_seed42_itr20_sgd_itr1_N2_advStd_BoundTightPertRelax0.05_zonoBounds_seed4_HyperAttackHints_VagharDeps_PerturbedIntervals_cTag1.txt",no
,,,,,,,,,,,,,,,,,,,,,,,,,,,,,,,,,,,,,,,,
cnn1,occ,"5,5,5",0,4,536.01,541.92,8.644089,8.716495,8.640021,8.711358,-0.005138,no,off,no,yes,prev_pgd,no,off,0.0,btpr,yes,elim not activated,elim not activated,0,0,0,0,0,4,1.01x,0.00,541.92,1.01x,0.072406,0.071337,OPTIMAL,OPTIMAL,"/root/Downloads/for_dana/vaghar_org/paper_experiments/mnist/cnn1_exp/occ/eps_5,5,5/vagharWithPerturbed_cnn1_seed42_itr20_sgd_itr1/63910321839332_cnn1_occ_5.0,5.0,5.0_ctag0__HyperAttackHints_VagharDeps_PertruebedIntervals_cTag1.txt","/root/Downloads/for_dana/vaghar_org/paper_experiments/mnist/cnn1_exp/occ/eps_5,5,5/advStd_cnn1_N1_model_seed42_itr20/63914287601644_n2_cnn1_occ_5.0,5.0,5.0_ctag0_model_seed42_itr20_sgd_itr1_N2_advStd_BoundTightPertRelax0.0_SibGate_varHintPrevPGD_seed4_both0_orgDrop0_pertDrop0_HyperAttackHints_VagharDeps_PerturbedIntervals_cTag1.txt",no
cnn1,occ,"5,5,5",0,4,536.01,549.47,8.644089,8.716495,8.921135,8.947928,0.231433,no,off,no,yes,direct,no,off,0.5,btpr,no,elim not activated,elim not activated,82,91,,,,4,1.03x,0.00,549.47,1.03x,0.072406,0.026793,OPTIMAL,OPTIMAL,"/root/Downloads/for_dana/vaghar_org/paper_experiments/mnist/cnn1_exp/occ/eps_5,5,5/vagharWithPerturbed_cnn1_seed42_itr20_sgd_itr1/63910321839332_cnn1_occ_5.0,5.0,5.0_ctag0__HyperAttackHints_VagharDeps_PertruebedIntervals_cTag1.txt","/root/Downloads/for_dana/vaghar_org/paper_experiments/mnist/cnn1_exp/occ/eps_5,5,5/advStd_cnn1_N1_model_seed42_itr20/63912466868178_n2_cnn1_occ_5.0,5.0,5.0_ctag0_model_seed42_itr20_sgd_itr1_N2_advStd_BoundTightPertRelax0.5_varHintDirect_seed4_HyperAttackHints_VagharDeps_PerturbedIntervals_cTag1.txt",no
cnn1,occ,"5,5,5",0,4,536.01,582.56,8.644089,8.716495,8.921135,8.947928,0.231433,no,off,no,yes,direct,yes,off,0.5,btpr,no,elim not activated,elim not activated,82,91,,,,4,1.09x,0.00,582.56,1.09x,0.072406,0.026793,OPTIMAL,OPTIMAL,"/root/Downloads/for_dana/vaghar_org/paper_experiments/mnist/cnn1_exp/occ/eps_5,5,5/vagharWithPerturbed_cnn1_seed42_itr20_sgd_itr1/63910321839332_cnn1_occ_5.0,5.0,5.0_ctag0__HyperAttackHints_VagharDeps_PertruebedIntervals_cTag1.txt","/root/Downloads/for_dana/vaghar_org/paper_experiments/mnist/cnn1_exp/occ/eps_5,5,5/advStd_cnn1_N1_model_seed42_itr20/63912468892073_n2_cnn1_occ_5.0,5.0,5.0_ctag0_model_seed42_itr20_sgd_itr1_N2_advStd_BoundTightPertRelax0.5_zonoBounds_varHintDirect_seed4_HyperAttackHints_VagharDeps_PerturbedIntervals_cTag1.txt",no
cnn1,occ,"5,5,5",0,4,536.01,3611.39,8.644089,8.716495,8.702840,14.132114,5.415618,no,off,no,yes,prev_pgd,yes,off,0.5,btpr,yes,elim not activated,elim not activated,82,91,82,0,9,4,6.74x,0.00,3611.39,6.74x,0.072406,5.429274,OPTIMAL,TIME_LIMIT,"/root/Downloads/for_dana/vaghar_org/paper_experiments/mnist/cnn1_exp/occ/eps_5,5,5/vagharWithPerturbed_cnn1_seed42_itr20_sgd_itr1/63910321839332_cnn1_occ_5.0,5.0,5.0_ctag0__HyperAttackHints_VagharDeps_PertruebedIntervals_cTag1.txt","/root/Downloads/for_dana/vaghar_org/paper_experiments/mnist/cnn1_exp/occ/eps_5,5,5/advStd_cnn1_N1_model_seed42_itr20/63914297904062_n2_cnn1_occ_5.0,5.0,5.0_ctag0_model_seed42_itr20_sgd_itr1_N2_advStd_BoundTightPertRelax0.5_SibGate_zonoBounds_varHintPrevPGD_seed4_both82_orgDrop0_pertDrop9_HyperAttackHints_VagharDeps_PerturbedIntervals_cTag1.txt",no
cnn1,occ,"5,5,5",0,4,536.01,10817.66,8.644089,8.716495,8.823333,14.132114,5.415618,no,off,no,yes,prev_pgd,yes,off,0.5,btpr,yes,elim not activated,elim not activated,82,91,82,0,9,4,20.18x,0.00,10817.66,20.18x,0.072406,5.308780,OPTIMAL,TIME_LIMIT,"/root/Downloads/for_dana/vaghar_org/paper_experiments/mnist/cnn1_exp/occ/eps_5,5,5/vagharWithPerturbed_cnn1_seed42_itr20_sgd_itr1/63910321839332_cnn1_occ_5.0,5.0,5.0_ctag0__HyperAttackHints_VagharDeps_PertruebedIntervals_cTag1.txt","/root/Downloads/for_dana/vaghar_org/paper_experiments/mnist/cnn1_exp/occ/eps_5,5,5/advStd_cnn1_N1_model_seed42_itr20/63915807577363_n2_cnn1_occ_5.0,5.0,5.0_ctag0_model_seed42_itr20_sgd_itr1_N2_advStd_BoundTightPertRelax0.5_SibGate_zonoBounds_varHintPrevPGD_seed4_both82_orgDrop0_pertDrop9_HyperAttackHints_VagharDeps_PerturbedIntervals_cTag1.txt",no
cnn1,occ,"5,5,5",0,4,536.01,10817.88,8.644089,8.716495,8.828727,13.242899,4.526404,no,off,no,yes,prev_pgd,yes,off,0.5,btpr,yes,elim not activated,elim not activated,82,91,82,0,9,4,20.18x,0.00,10817.88,20.18x,0.072406,4.414172,OPTIMAL,TIME_LIMIT,"/root/Downloads/for_dana/vaghar_org/paper_experiments/mnist/cnn1_exp/occ/eps_5,5,5/vagharWithPerturbed_cnn1_seed42_itr20_sgd_itr1/63910321839332_cnn1_occ_5.0,5.0,5.0_ctag0__HyperAttackHints_VagharDeps_PertruebedIntervals_cTag1.txt","/root/Downloads/for_dana/vaghar_org/paper_experiments/mnist/cnn1_exp/occ/eps_5,5,5/advStd_cnn1_N1_model_seed42_itr20/63916487318569_n2_cnn1_occ_5.0,5.0,5.0_ctag0_model_seed42_itr20_sgd_itr1_N2_advStd_BoundTightPertRelax0.5_SibGate_zonoBounds_varHintPrevPGD_seed4_both82_orgDrop0_pertDrop9_HyperAttackHints_VagharDeps_PerturbedIntervals_cTag1.txt",no
cnn1,occ,"5,5,5",0,4,536.01,10820.14,8.644089,8.716495,8.828726,14.132114,5.415618,no,off,no,yes,prev_pgd,yes,off,0.5,btpr,yes,elim not activated,elim not activated,82,91,82,0,9,4,20.19x,0.00,10820.14,20.19x,0.072406,5.303388,OPTIMAL,TIME_LIMIT,"/root/Downloads/for_dana/vaghar_org/paper_experiments/mnist/cnn1_exp/occ/eps_5,5,5/vagharWithPerturbed_cnn1_seed42_itr20_sgd_itr1/63910321839332_cnn1_occ_5.0,5.0,5.0_ctag0__HyperAttackHints_VagharDeps_PertruebedIntervals_cTag1.txt","/root/Downloads/for_dana/vaghar_org/paper_experiments/mnist/cnn1_exp/occ/eps_5,5,5/advStd_cnn1_N1_model_seed42_itr20/63915548120345_n2_cnn1_occ_5.0,5.0,5.0_ctag0_model_seed42_itr20_sgd_itr1_N2_advStd_BoundTightPertRelax0.5_SibGate_zonoBounds_varHintPrevPGD_seed4_both82_orgDrop0_pertDrop9_HyperAttackHints_VagharDeps_PerturbedIntervals_cTag1.txt",no
,,,,,,,,,,,,,,,,,,,,,,,,,,,,,,,,,,,,,,,,
cnn1,occ,"5,5,5",0,5,110.91,114.35,7.422875,7.422883,7.661803,7.726180,0.303297,no,off,no,yes,prev_pgd,yes,off,0.5,btpr,yes,elim not activated,elim not activated,82,91,82,0,9,4,1.03x,0.00,114.35,1.03x,0.000008,0.064377,OPTIMAL,OPTIMAL,"/root/Downloads/for_dana/vaghar_org/paper_experiments/mnist/cnn1_exp/occ/eps_5,5,5/vagharWithPerturbed_cnn1_seed42_itr20_sgd_itr1/63910321839332_cnn1_occ_5.0,5.0,5.0_ctag0__HyperAttackHints_VagharDeps_PertruebedIntervals_cTag1.txt","/root/Downloads/for_dana/vaghar_org/paper_experiments/mnist/cnn1_exp/occ/eps_5,5,5/advStd_cnn1_N1_model_seed42_itr20/63914878717890_n2_cnn1_occ_5.0,5.0,5.0_ctag0_model_seed42_itr20_sgd_itr1_N2_advStd_BoundTightPertRelax0.5_SibGate_zonoBounds_varHintPrevPGD_seed4_both82_orgDrop0_pertDrop9_HyperAttackHints_VagharDeps_PerturbedIntervals_cTag1.txt",no
cnn1,occ,"5,5,5",0,5,110.91,119.21,7.422875,7.422883,7.430779,7.499905,0.077022,no,off,no,yes,prev_pgd,no,off,0.25,btpr,yes,elim not activated,elim not activated,82,82,82,0,0,4,1.07x,0.00,119.21,1.07x,0.000008,0.069126,OPTIMAL,OPTIMAL,"/root/Downloads/for_dana/vaghar_org/paper_experiments/mnist/cnn1_exp/occ/eps_5,5,5/vagharWithPerturbed_cnn1_seed42_itr20_sgd_itr1/63910321839332_cnn1_occ_5.0,5.0,5.0_ctag0__HyperAttackHints_VagharDeps_PertruebedIntervals_cTag1.txt","/root/Downloads/for_dana/vaghar_org/paper_experiments/mnist/cnn1_exp/occ/eps_5,5,5/advStd_cnn1_N1_model_seed42_itr20/63913677960328_n2_cnn1_occ_5.0,5.0,5.0_ctag0_model_seed42_itr20_sgd_itr1_N2_advStd_BoundTightPertRelax0.25_SibGate_varHintPrevPGD_seed4_both82_orgDrop0_pertDrop0_HyperAttackHints_VagharDeps_PerturbedIntervals_cTag1.txt",no
,,,,,,,,,,,,,,,,,,,,,,,,,,,,,,,,,,,,,,,,
cnn1,occ,"5,5,5",0,6,33.37,34.23,9.914134,9.940540,9.883025,9.964620,0.024080,no,off,no,yes,prev_pgd,yes,off,0.0,btpr,no,elim not activated,elim not activated,0,0,,,,4,1.03x,0.00,34.23,1.03x,0.026406,0.081596,OPTIMAL,OPTIMAL,"/root/Downloads/for_dana/vaghar_org/paper_experiments/mnist/cnn1_exp/occ/eps_5,5,5/vagharWithPerturbed_cnn1_model_seed42_itr20_sgd_itr1/63912316282832_cnn1_occ_5.0,5.0,5.0_ctag0__HyperAttackHints_VagharDeps_PertruebedIntervals_cTag1.txt","/root/Downloads/for_dana/vaghar_org/paper_experiments/mnist/cnn1_exp/occ/eps_5,5,5/advStd_cnn1_N1_model_seed42_itr20/63912526644795_n2_cnn1_occ_5.0,5.0,5.0_ctag0_model_seed42_itr20_sgd_itr1_N2_advStd_BoundTightPertRelax0.0_zonoBounds_varHintPrevPGD_seed4_HyperAttackHints_VagharDeps_PerturbedIntervals_cTag1.txt",no
cnn1,occ,"5,5,5",0,6,33.37,34.23,9.914134,9.940540,9.883025,9.964620,0.024080,no,off,no,yes,prev_pgd,yes,off,0.0,btpr,no,elim not activated,elim not activated,0,0,,,,4,1.03x,0.00,34.23,1.03x,0.026406,0.081596,OPTIMAL,OPTIMAL,"/root/Downloads/for_dana/vaghar_org/paper_experiments/mnist/cnn1_exp/occ/eps_5,5,5/vagharWithPerturbed_cnn1_model_seed42_itr20_sgd_itr1/63912316282832_cnn1_occ_5.0,5.0,5.0_ctag0__HyperAttackHints_VagharDeps_PertruebedIntervals_cTag1.txt","/root/Downloads/for_dana/vaghar_org/paper_experiments/mnist/cnn1_exp/occ/eps_5,5,5/advStd_cnn1_N1_model_seed42_itr20/63912790193159_n2_cnn1_occ_5.0,5.0,5.0_ctag0_model_seed42_itr20_sgd_itr1_N2_advStd_BoundTightPertRelax0.0_zonoBounds_varHintPrevPGD_seed4_HyperAttackHints_VagharDeps_PerturbedIntervals_cTag1.txt",no
cnn1,occ,"5,5,5",0,6,33.37,35.27,9.914134,9.940540,9.883025,9.964620,0.024080,no,off,no,yes,prev_pgd,yes,off,0.0,btpr,yes,elim not activated,elim not activated,0,0,0,0,0,4,1.06x,0.00,35.27,1.06x,0.026406,0.081596,OPTIMAL,OPTIMAL,"/root/Downloads/for_dana/vaghar_org/paper_experiments/mnist/cnn1_exp/occ/eps_5,5,5/vagharWithPerturbed_cnn1_model_seed42_itr20_sgd_itr1/63912316282832_cnn1_occ_5.0,5.0,5.0_ctag0__HyperAttackHints_VagharDeps_PertruebedIntervals_cTag1.txt","/root/Downloads/for_dana/vaghar_org/paper_experiments/mnist/cnn1_exp/occ/eps_5,5,5/advStd_cnn1_N1_model_seed42_itr20/63914293288359_n2_cnn1_occ_5.0,5.0,5.0_ctag0_model_seed42_itr20_sgd_itr1_N2_advStd_BoundTightPertRelax0.0_SibGate_zonoBounds_varHintPrevPGD_seed4_both0_orgDrop0_pertDrop0_HyperAttackHints_VagharDeps_PerturbedIntervals_cTag1.txt",no
cnn1,occ,"5,5,5",0,6,33.37,36.06,9.914134,9.940540,9.863729,9.951154,0.010614,no,off,no,yes,prev,no,off,0.0,btpr,no,elim not activated,elim not activated,0,0,,,,4,1.08x,0.00,36.06,1.08x,0.026406,0.087425,OPTIMAL,OPTIMAL,"/root/Downloads/for_dana/vaghar_org/paper_experiments/mnist/cnn1_exp/occ/eps_5,5,5/vagharWithPerturbed_cnn1_model_seed42_itr20_sgd_itr1/63912316282832_cnn1_occ_5.0,5.0,5.0_ctag0__HyperAttackHints_VagharDeps_PertruebedIntervals_cTag1.txt","/root/Downloads/for_dana/vaghar_org/paper_experiments/mnist/cnn1_exp/occ/eps_5,5,5/advStd_cnn1_N1_model_seed42_itr20/63912445277068_n2_cnn1_occ_5.0,5.0,5.0_ctag0_model_seed42_itr20_sgd_itr1_N2_advStd_BoundTightPertRelax0.0_varHintFixed_seed4_HyperAttackHints_VagharDeps_PerturbedIntervals_cTag1.txt",no
cnn1,occ,"5,5,5",0,6,33.37,35.94,9.914134,9.940540,9.883025,9.964620,0.024080,no,off,no,yes,prev_pgd,no,off,0.0,btpr,no,elim not activated,elim not activated,0,0,,,,4,1.08x,0.00,35.94,1.08x,0.026406,0.081596,OPTIMAL,OPTIMAL,"/root/Downloads/for_dana/vaghar_org/paper_experiments/mnist/cnn1_exp/occ/eps_5,5,5/vagharWithPerturbed_cnn1_model_seed42_itr20_sgd_itr1/63912316282832_cnn1_occ_5.0,5.0,5.0_ctag0__HyperAttackHints_VagharDeps_PertruebedIntervals_cTag1.txt","/root/Downloads/for_dana/vaghar_org/paper_experiments/mnist/cnn1_exp/occ/eps_5,5,5/advStd_cnn1_N1_model_seed42_itr20/63912523163087_n2_cnn1_occ_5.0,5.0,5.0_ctag0_model_seed42_itr20_sgd_itr1_N2_advStd_BoundTightPertRelax0.0_varHintPrevPGD_seed4_HyperAttackHints_VagharDeps_PerturbedIntervals_cTag1.txt",no
cnn1,occ,"5,5,5",0,6,33.37,37.94,9.914134,9.940540,10.172181,10.225953,0.285412,no,off,no,yes,prev_pgd,no,off,0.5,btpr,no,elim not activated,elim not activated,82,91,,,,4,1.14x,0.00,37.94,1.14x,0.026406,0.053772,OPTIMAL,OPTIMAL,"/root/Downloads/for_dana/vaghar_org/paper_experiments/mnist/cnn1_exp/occ/eps_5,5,5/vagharWithPerturbed_cnn1_model_seed42_itr20_sgd_itr1/63912316282832_cnn1_occ_5.0,5.0,5.0_ctag0__HyperAttackHints_VagharDeps_PertruebedIntervals_cTag1.txt","/root/Downloads/for_dana/vaghar_org/paper_experiments/mnist/cnn1_exp/occ/eps_5,5,5/advStd_cnn1_N1_model_seed42_itr20/63912526197744_n2_cnn1_occ_5.0,5.0,5.0_ctag0_model_seed42_itr20_sgd_itr1_N2_advStd_BoundTightPertRelax0.5_varHintPrevPGD_seed4_HyperAttackHints_VagharDeps_PerturbedIntervals_cTag1.txt",no
cnn1,occ,"5,5,5",0,6,33.37,38.41,9.914134,9.940540,10.158271,10.258641,0.318100,no,off,no,yes,prev_pgd,yes,off,0.5,btpr,yes,elim not activated,elim not activated,82,91,82,0,9,4,1.15x,0.00,38.41,1.15x,0.026406,0.100370,OPTIMAL,OPTIMAL,"/root/Downloads/for_dana/vaghar_org/paper_experiments/mnist/cnn1_exp/occ/eps_5,5,5/vagharWithPerturbed_cnn1_model_seed42_itr20_sgd_itr1/63912316282832_cnn1_occ_5.0,5.0,5.0_ctag0__HyperAttackHints_VagharDeps_PertruebedIntervals_cTag1.txt","/root/Downloads/for_dana/vaghar_org/paper_experiments/mnist/cnn1_exp/occ/eps_5,5,5/advStd_cnn1_N1_model_seed42_itr20/63914297904062_n2_cnn1_occ_5.0,5.0,5.0_ctag0_model_seed42_itr20_sgd_itr1_N2_advStd_BoundTightPertRelax0.5_SibGate_zonoBounds_varHintPrevPGD_seed4_both82_orgDrop0_pertDrop9_HyperAttackHints_VagharDeps_PerturbedIntervals_cTag1.txt",no
cnn1,occ,"5,5,5",0,6,33.37,38.78,9.914134,9.940540,10.172181,10.225953,0.285412,no,off,no,yes,prev_pgd,yes,off,0.5,btpr,no,elim not activated,elim not activated,82,91,,,,4,1.16x,0.00,38.78,1.16x,0.026406,0.053772,OPTIMAL,OPTIMAL,"/root/Downloads/for_dana/vaghar_org/paper_experiments/mnist/cnn1_exp/occ/eps_5,5,5/vagharWithPerturbed_cnn1_model_seed42_itr20_sgd_itr1/63912316282832_cnn1_occ_5.0,5.0,5.0_ctag0__HyperAttackHints_VagharDeps_PertruebedIntervals_cTag1.txt","/root/Downloads/for_dana/vaghar_org/paper_experiments/mnist/cnn1_exp/occ/eps_5,5,5/advStd_cnn1_N1_model_seed42_itr20/63912526951169_n2_cnn1_occ_5.0,5.0,5.0_ctag0_model_seed42_itr20_sgd_itr1_N2_advStd_BoundTightPertRelax0.5_zonoBounds_varHintPrevPGD_seed4_HyperAttackHints_VagharDeps_PerturbedIntervals_cTag1.txt",no
cnn1,occ,"5,5,5",0,6,33.37,38.78,9.914134,9.940540,10.172181,10.225953,0.285412,no,off,no,yes,prev_pgd,yes,off,0.5,btpr,no,elim not activated,elim not activated,82,91,,,,4,1.16x,0.00,38.78,1.16x,0.026406,0.053772,OPTIMAL,OPTIMAL,"/root/Downloads/for_dana/vaghar_org/paper_experiments/mnist/cnn1_exp/occ/eps_5,5,5/vagharWithPerturbed_cnn1_model_seed42_itr20_sgd_itr1/63912316282832_cnn1_occ_5.0,5.0,5.0_ctag0__HyperAttackHints_VagharDeps_PertruebedIntervals_cTag1.txt","/root/Downloads/for_dana/vaghar_org/paper_experiments/mnist/cnn1_exp/occ/eps_5,5,5/advStd_cnn1_N1_model_seed42_itr20/63912792089962_n2_cnn1_occ_5.0,5.0,5.0_ctag0_model_seed42_itr20_sgd_itr1_N2_advStd_BoundTightPertRelax0.5_zonoBounds_varHintPrevPGD_seed4_HyperAttackHints_VagharDeps_PerturbedIntervals_cTag1.txt",no
cnn1,occ,"5,5,5",0,6,33.37,40.82,9.914134,9.940540,9.883025,9.964620,0.024080,no,off,no,yes,prev_pgd,no,off,0.0,btpr,yes,elim not activated,elim not activated,0,0,0,0,0,4,1.22x,0.00,40.82,1.22x,0.026406,0.081596,OPTIMAL,OPTIMAL,"/root/Downloads/for_dana/vaghar_org/paper_experiments/mnist/cnn1_exp/occ/eps_5,5,5/vagharWithPerturbed_cnn1_model_seed42_itr20_sgd_itr1/63912316282832_cnn1_occ_5.0,5.0,5.0_ctag0__HyperAttackHints_VagharDeps_PertruebedIntervals_cTag1.txt","/root/Downloads/for_dana/vaghar_org/paper_experiments/mnist/cnn1_exp/occ/eps_5,5,5/advStd_cnn1_N1_model_seed42_itr20/63914287601644_n2_cnn1_occ_5.0,5.0,5.0_ctag0_model_seed42_itr20_sgd_itr1_N2_advStd_BoundTightPertRelax0.0_SibGate_varHintPrevPGD_seed4_both0_orgDrop0_pertDrop0_HyperAttackHints_VagharDeps_PerturbedIntervals_cTag1.txt",no
cnn1,occ,"5,5,5",0,6,33.37,40.92,9.914134,9.940540,9.900470,9.942826,0.002286,no,off,no,yes,no,no,off,0.1,btpr,no,elim not activated,elim not activated,1,2,,,,4,1.23x,0.00,40.92,1.23x,0.026406,0.042356,OPTIMAL,OPTIMAL,"/root/Downloads/for_dana/vaghar_org/paper_experiments/mnist/cnn1_exp/occ/eps_5,5,5/vagharWithPerturbed_cnn1_model_seed42_itr20_sgd_itr1/63912316282832_cnn1_occ_5.0,5.0,5.0_ctag0__HyperAttackHints_VagharDeps_PertruebedIntervals_cTag1.txt","/root/Downloads/for_dana/vaghar_org/paper_experiments/mnist/cnn1_exp/occ/eps_5,5,5/advStd_cnn1_N1_model_seed42_itr20/63912369552258_n2_cnn1_occ_5.0,5.0,5.0_ctag0_model_seed42_itr20_sgd_itr1_N2_advStd_BoundTightPertRelax0.1_seed4_HyperAttackHints_VagharDeps_PerturbedIntervals_cTag1.txt",no
cnn1,occ,"5,5,5",0,6,33.37,40.99,9.914134,9.940540,10.186256,10.225935,0.285395,no,off,no,yes,direct_pgd,yes,off,0.5,btpr,no,elim not activated,elim not activated,82,91,,,,4,1.23x,0.00,40.99,1.23x,0.026406,0.039679,OPTIMAL,OPTIMAL,"/root/Downloads/for_dana/vaghar_org/paper_experiments/mnist/cnn1_exp/occ/eps_5,5,5/vagharWithPerturbed_cnn1_model_seed42_itr20_sgd_itr1/63912316282832_cnn1_occ_5.0,5.0,5.0_ctag0__HyperAttackHints_VagharDeps_PertruebedIntervals_cTag1.txt","/root/Downloads/for_dana/vaghar_org/paper_experiments/mnist/cnn1_exp/occ/eps_5,5,5/advStd_cnn1_N1_model_seed42_itr20/63912526809836_n2_cnn1_occ_5.0,5.0,5.0_ctag0_model_seed42_itr20_sgd_itr1_N2_advStd_BoundTightPertRelax0.5_zonoBounds_varHintDirectPGD_seed4_HyperAttackHints_VagharDeps_PerturbedIntervals_cTag1.txt",no
cnn1,occ,"5,5,5",0,6,33.37,41.54,9.914134,9.940540,9.900470,9.942826,0.002286,no,off,no,yes,no,yes,off,0.05,btpr,no,elim not activated,elim not activated,1,2,,,,4,1.24x,0.00,41.54,1.24x,0.026406,0.042356,OPTIMAL,OPTIMAL,"/root/Downloads/for_dana/vaghar_org/paper_experiments/mnist/cnn1_exp/occ/eps_5,5,5/vagharWithPerturbed_cnn1_model_seed42_itr20_sgd_itr1/63912316282832_cnn1_occ_5.0,5.0,5.0_ctag0__HyperAttackHints_VagharDeps_PertruebedIntervals_cTag1.txt","/root/Downloads/for_dana/vaghar_org/paper_experiments/mnist/cnn1_exp/occ/eps_5,5,5/advStd_cnn1_N1_model_seed42_itr20/63912372451172_n2_cnn1_occ_5.0,5.0,5.0_ctag0_model_seed42_itr20_sgd_itr1_N2_advStd_BoundTightPertRelax0.05_zonoBounds_seed4_HyperAttackHints_VagharDeps_PerturbedIntervals_cTag1.txt",no
cnn1,occ,"5,5,5",0,6,33.37,41.37,9.914134,9.940540,10.186256,10.225935,0.285395,no,off,no,yes,direct_pgd,no,off,0.5,btpr,no,elim not activated,elim not activated,82,91,,,,4,1.24x,0.00,41.37,1.24x,0.026406,0.039679,OPTIMAL,OPTIMAL,"/root/Downloads/for_dana/vaghar_org/paper_experiments/mnist/cnn1_exp/occ/eps_5,5,5/vagharWithPerturbed_cnn1_model_seed42_itr20_sgd_itr1/63912316282832_cnn1_occ_5.0,5.0,5.0_ctag0__HyperAttackHints_VagharDeps_PertruebedIntervals_cTag1.txt","/root/Downloads/for_dana/vaghar_org/paper_experiments/mnist/cnn1_exp/occ/eps_5,5,5/advStd_cnn1_N1_model_seed42_itr20/63912524608381_n2_cnn1_occ_5.0,5.0,5.0_ctag0_model_seed42_itr20_sgd_itr1_N2_advStd_BoundTightPertRelax0.5_varHintDirectPGD_seed4_HyperAttackHints_VagharDeps_PerturbedIntervals_cTag1.txt",no
cnn1,occ,"5,5,5",0,6,33.37,41.88,9.914134,9.940540,10.158271,10.258641,0.318100,no,off,no,yes,prev_pgd,no,off,0.5,btpr,yes,elim not activated,elim not activated,82,91,82,0,9,4,1.25x,0.00,41.88,1.25x,0.026406,0.100370,OPTIMAL,OPTIMAL,"/root/Downloads/for_dana/vaghar_org/paper_experiments/mnist/cnn1_exp/occ/eps_5,5,5/vagharWithPerturbed_cnn1_model_seed42_itr20_sgd_itr1/63912316282832_cnn1_occ_5.0,5.0,5.0_ctag0__HyperAttackHints_VagharDeps_PertruebedIntervals_cTag1.txt","/root/Downloads/for_dana/vaghar_org/paper_experiments/mnist/cnn1_exp/occ/eps_5,5,5/advStd_cnn1_N1_model_seed42_itr20/63914292881971_n2_cnn1_occ_5.0,5.0,5.0_ctag0_model_seed42_itr20_sgd_itr1_N2_advStd_BoundTightPertRelax0.5_SibGate_varHintPrevPGD_seed4_both82_orgDrop0_pertDrop9_HyperAttackHints_VagharDeps_PerturbedIntervals_cTag1.txt",no
cnn1,occ,"5,5,5",0,6,33.37,44.16,9.914134,9.940540,9.916442,9.940363,-0.000178,no,off,no,yes,no,no,off,0.0,btpr,no,elim not activated,elim not activated,0,0,,,,4,1.32x,0.00,44.16,1.32x,0.026406,0.023921,OPTIMAL,OPTIMAL,"/root/Downloads/for_dana/vaghar_org/paper_experiments/mnist/cnn1_exp/occ/eps_5,5,5/vagharWithPerturbed_cnn1_model_seed42_itr20_sgd_itr1/63912316282832_cnn1_occ_5.0,5.0,5.0_ctag0__HyperAttackHints_VagharDeps_PertruebedIntervals_cTag1.txt","/root/Downloads/for_dana/vaghar_org/paper_experiments/mnist/cnn1_exp/occ/eps_5,5,5/advStd_cnn1_N1_model_seed42_itr20/63912366158733_n2_cnn1_occ_5.0,5.0,5.0_ctag0_model_seed42_itr20_sgd_itr1_N2_advStd_BoundTightPertRelax0.0_seed4_HyperAttackHints_VagharDeps_PerturbedIntervals_cTag1.txt",no
cnn1,occ,"5,5,5",0,6,33.37,45.81,9.914134,9.940540,9.900470,9.942826,0.002286,no,off,no,yes,no,yes,off,0.1,btpr,no,elim not activated,elim not activated,1,2,,,,4,1.37x,0.00,45.81,1.37x,0.026406,0.042356,OPTIMAL,OPTIMAL,"/root/Downloads/for_dana/vaghar_org/paper_experiments/mnist/cnn1_exp/occ/eps_5,5,5/vagharWithPerturbed_cnn1_model_seed42_itr20_sgd_itr1/63912316282832_cnn1_occ_5.0,5.0,5.0_ctag0__HyperAttackHints_VagharDeps_PertruebedIntervals_cTag1.txt","/root/Downloads/for_dana/vaghar_org/paper_experiments/mnist/cnn1_exp/occ/eps_5,5,5/advStd_cnn1_N1_model_seed42_itr20/63912373050370_n2_cnn1_occ_5.0,5.0,5.0_ctag0_model_seed42_itr20_sgd_itr1_N2_advStd_BoundTightPertRelax0.1_zonoBounds_seed4_HyperAttackHints_VagharDeps_PerturbedIntervals_cTag1.txt",no
cnn1,occ,"5,5,5",0,6,33.37,46.82,9.914134,9.940540,10.164608,10.225901,0.285361,no,off,no,yes,direct,yes,off,0.5,btpr,no,elim not activated,elim not activated,82,91,,,,4,1.40x,0.00,46.82,1.40x,0.026406,0.061294,OPTIMAL,OPTIMAL,"/root/Downloads/for_dana/vaghar_org/paper_experiments/mnist/cnn1_exp/occ/eps_5,5,5/vagharWithPerturbed_cnn1_model_seed42_itr20_sgd_itr1/63912316282832_cnn1_occ_5.0,5.0,5.0_ctag0__HyperAttackHints_VagharDeps_PertruebedIntervals_cTag1.txt","/root/Downloads/for_dana/vaghar_org/paper_experiments/mnist/cnn1_exp/occ/eps_5,5,5/advStd_cnn1_N1_model_seed42_itr20/63912468892073_n2_cnn1_occ_5.0,5.0,5.0_ctag0_model_seed42_itr20_sgd_itr1_N2_advStd_BoundTightPertRelax0.5_zonoBounds_varHintDirect_seed4_HyperAttackHints_VagharDeps_PerturbedIntervals_cTag1.txt",no
cnn1,occ,"5,5,5",0,6,33.37,47.44,9.914134,9.940540,9.883025,9.964620,0.024080,no,off,no,yes,prev_pgd,yes,off,0.0,btpr,yes,elim not activated,elim not activated,0,0,0,0,0,4,1.42x,0.00,47.44,1.42x,0.026406,0.081596,OPTIMAL,OPTIMAL,"/root/Downloads/for_dana/vaghar_org/paper_experiments/mnist/cnn1_exp/occ/eps_5,5,5/vagharWithPerturbed_cnn1_model_seed42_itr20_sgd_itr1/63912316282832_cnn1_occ_5.0,5.0,5.0_ctag0__HyperAttackHints_VagharDeps_PertruebedIntervals_cTag1.txt","/root/Downloads/for_dana/vaghar_org/paper_experiments/mnist/cnn1_exp/occ/eps_5,5,5/advStd_cnn1_N1_model_seed42_itr20/63914873713081_n2_cnn1_occ_5.0,5.0,5.0_ctag0_model_seed42_itr20_sgd_itr1_N2_advStd_BoundTightPertRelax0.0_SibGate_zonoBounds_varHintPrevPGD_seed4_both0_orgDrop0_pertDrop0_HyperAttackHints_VagharDeps_PerturbedIntervals_cTag1.txt",no
cnn1,occ,"5,5,5",0,6,33.37,48.51,9.914134,9.940540,9.902088,9.940363,-0.000177,no,off,no,yes,direct,no,off,0.0,btpr,no,elim not activated,elim not activated,0,0,,,,4,1.45x,0.00,48.51,1.45x,0.026406,0.038275,OPTIMAL,OPTIMAL,"/root/Downloads/for_dana/vaghar_org/paper_experiments/mnist/cnn1_exp/occ/eps_5,5,5/vagharWithPerturbed_cnn1_model_seed42_itr20_sgd_itr1/63912316282832_cnn1_occ_5.0,5.0,5.0_ctag0__HyperAttackHints_VagharDeps_PertruebedIntervals_cTag1.txt","/root/Downloads/for_dana/vaghar_org/paper_experiments/mnist/cnn1_exp/occ/eps_5,5,5/advStd_cnn1_N1_model_seed42_itr20/63912465898156_n2_cnn1_occ_5.0,5.0,5.0_ctag0_model_seed42_itr20_sgd_itr1_N2_advStd_BoundTightPertRelax0.0_varHintDirect_seed4_HyperAttackHints_VagharDeps_PerturbedIntervals_cTag1.txt",no
cnn1,occ,"5,5,5",0,6,33.37,49.85,9.914134,9.940540,9.902088,9.940363,-0.000177,no,off,no,yes,direct,yes,off,0.0,btpr,no,elim not activated,elim not activated,0,0,,,,4,1.49x,0.00,49.85,1.49x,0.026406,0.038275,OPTIMAL,OPTIMAL,"/root/Downloads/for_dana/vaghar_org/paper_experiments/mnist/cnn1_exp/occ/eps_5,5,5/vagharWithPerturbed_cnn1_model_seed42_itr20_sgd_itr1/63912316282832_cnn1_occ_5.0,5.0,5.0_ctag0__HyperAttackHints_VagharDeps_PertruebedIntervals_cTag1.txt","/root/Downloads/for_dana/vaghar_org/paper_experiments/mnist/cnn1_exp/occ/eps_5,5,5/advStd_cnn1_N1_model_seed42_itr20/63912467860415_n2_cnn1_occ_5.0,5.0,5.0_ctag0_model_seed42_itr20_sgd_itr1_N2_advStd_BoundTightPertRelax0.0_zonoBounds_varHintDirect_seed4_HyperAttackHints_VagharDeps_PerturbedIntervals_cTag1.txt",no
cnn1,occ,"5,5,5",0,6,33.37,49.63,9.914134,9.940540,9.883025,9.964620,0.024080,no,off,no,yes,prev_pgd,no,off,0.0,btpr,yes,elim not activated,elim not activated,0,0,0,0,0,4,1.49x,0.00,49.63,1.49x,0.026406,0.081596,OPTIMAL,OPTIMAL,"/root/Downloads/for_dana/vaghar_org/paper_experiments/mnist/cnn1_exp/occ/eps_5,5,5/vagharWithPerturbed_cnn1_model_seed42_itr20_sgd_itr1/63912316282832_cnn1_occ_5.0,5.0,5.0_ctag0__HyperAttackHints_VagharDeps_PertruebedIntervals_cTag1.txt","/root/Downloads/for_dana/vaghar_org/paper_experiments/mnist/cnn1_exp/occ/eps_5,5,5/advStd_cnn1_N1_model_seed42_itr20/63913677951277_n2_cnn1_occ_5.0,5.0,5.0_ctag0_model_seed42_itr20_sgd_itr1_N2_advStd_BoundTightPertRelax0.0_SibGate_varHintPrevPGD_seed4_both0_orgDrop0_pertDrop0_HyperAttackHints_VagharDeps_PerturbedIntervals_cTag1.txt",no
cnn1,occ,"5,5,5",0,6,33.37,50.15,9.914134,9.940540,9.916442,9.940363,-0.000178,no,off,no,yes,no,yes,off,0.01,btpr,no,elim not activated,elim not activated,0,0,,,,4,1.50x,0.00,50.15,1.50x,0.026406,0.023921,OPTIMAL,OPTIMAL,"/root/Downloads/for_dana/vaghar_org/paper_experiments/mnist/cnn1_exp/occ/eps_5,5,5/vagharWithPerturbed_cnn1_model_seed42_itr20_sgd_itr1/63912316282832_cnn1_occ_5.0,5.0,5.0_ctag0__HyperAttackHints_VagharDeps_PertruebedIntervals_cTag1.txt","/root/Downloads/for_dana/vaghar_org/paper_experiments/mnist/cnn1_exp/occ/eps_5,5,5/advStd_cnn1_N1_model_seed42_itr20/63912371784925_n2_cnn1_occ_5.0,5.0,5.0_ctag0_model_seed42_itr20_sgd_itr1_N2_advStd_BoundTightPertRelax0.01_zonoBounds_seed4_HyperAttackHints_VagharDeps_PerturbedIntervals_cTag1.txt",no
cnn1,occ,"5,5,5",0,6,33.37,51.67,9.914134,9.940540,9.885805,9.940537,-0.000003,no,off,no,yes,direct_pgd,yes,off,0.0,btpr,no,elim not activated,elim not activated,0,0,,,,4,1.55x,0.00,51.67,1.55x,0.026406,0.054732,OPTIMAL,OPTIMAL,"/root/Downloads/for_dana/vaghar_org/paper_experiments/mnist/cnn1_exp/occ/eps_5,5,5/vagharWithPerturbed_cnn1_model_seed42_itr20_sgd_itr1/63912316282832_cnn1_occ_5.0,5.0,5.0_ctag0__HyperAttackHints_VagharDeps_PertruebedIntervals_cTag1.txt","/root/Downloads/for_dana/vaghar_org/paper_experiments/mnist/cnn1_exp/occ/eps_5,5,5/advStd_cnn1_N1_model_seed42_itr20/63912526500265_n2_cnn1_occ_5.0,5.0,5.0_ctag0_model_seed42_itr20_sgd_itr1_N2_advStd_BoundTightPertRelax0.0_zonoBounds_varHintDirectPGD_seed4_HyperAttackHints_VagharDeps_PerturbedIntervals_cTag1.txt",no
cnn1,occ,"5,5,5",0,6,33.37,54.35,9.914134,9.940540,9.916442,9.940363,-0.000178,no,off,no,yes,no,yes,off,0.0,btpr,no,elim not activated,elim not activated,0,0,,,,4,1.63x,0.00,54.35,1.63x,0.026406,0.023921,OPTIMAL,OPTIMAL,"/root/Downloads/for_dana/vaghar_org/paper_experiments/mnist/cnn1_exp/occ/eps_5,5,5/vagharWithPerturbed_cnn1_model_seed42_itr20_sgd_itr1/63912316282832_cnn1_occ_5.0,5.0,5.0_ctag0__HyperAttackHints_VagharDeps_PertruebedIntervals_cTag1.txt","/root/Downloads/for_dana/vaghar_org/paper_experiments/mnist/cnn1_exp/occ/eps_5,5,5/advStd_cnn1_N1_model_seed42_itr20/63912371184518_n2_cnn1_occ_5.0,5.0,5.0_ctag0_model_seed42_itr20_sgd_itr1_N2_advStd_BoundTightPertRelax0.0_zonoBounds_seed4_HyperAttackHints_VagharDeps_PerturbedIntervals_cTag1.txt",no
cnn1,occ,"5,5,5",0,6,33.37,55.37,9.914134,9.940540,9.891724,9.952023,0.011483,no,off,no,yes,prev_pgd,no,off,0.25,btpr,yes,elim not activated,elim not activated,82,82,82,0,0,4,1.66x,0.00,55.37,1.66x,0.026406,0.060299,OPTIMAL,OPTIMAL,"/root/Downloads/for_dana/vaghar_org/paper_experiments/mnist/cnn1_exp/occ/eps_5,5,5/vagharWithPerturbed_cnn1_model_seed42_itr20_sgd_itr1/63912316282832_cnn1_occ_5.0,5.0,5.0_ctag0__HyperAttackHints_VagharDeps_PertruebedIntervals_cTag1.txt","/root/Downloads/for_dana/vaghar_org/paper_experiments/mnist/cnn1_exp/occ/eps_5,5,5/advStd_cnn1_N1_model_seed42_itr20/63913677960328_n2_cnn1_occ_5.0,5.0,5.0_ctag0_model_seed42_itr20_sgd_itr1_N2_advStd_BoundTightPertRelax0.25_SibGate_varHintPrevPGD_seed4_both82_orgDrop0_pertDrop0_HyperAttackHints_VagharDeps_PerturbedIntervals_cTag1.txt",no
cnn1,occ,"5,5,5",0,6,33.37,59.67,9.914134,9.940540,10.158271,10.258641,0.318100,no,off,no,yes,prev_pgd,yes,off,0.5,btpr,yes,elim not activated,elim not activated,82,91,82,0,9,4,1.79x,0.00,59.67,1.79x,0.026406,0.100370,OPTIMAL,OPTIMAL,"/root/Downloads/for_dana/vaghar_org/paper_experiments/mnist/cnn1_exp/occ/eps_5,5,5/vagharWithPerturbed_cnn1_model_seed42_itr20_sgd_itr1/63912316282832_cnn1_occ_5.0,5.0,5.0_ctag0__HyperAttackHints_VagharDeps_PertruebedIntervals_cTag1.txt","/root/Downloads/for_dana/vaghar_org/paper_experiments/mnist/cnn1_exp/occ/eps_5,5,5/advStd_cnn1_N1_model_seed42_itr20/63914878717890_n2_cnn1_occ_5.0,5.0,5.0_ctag0_model_seed42_itr20_sgd_itr1_N2_advStd_BoundTightPertRelax0.5_SibGate_zonoBounds_varHintPrevPGD_seed4_both82_orgDrop0_pertDrop9_HyperAttackHints_VagharDeps_PerturbedIntervals_cTag1.txt",no
cnn1,occ,"5,5,5",0,6,33.37,61.14,9.914134,9.940540,10.164608,10.225901,0.285361,no,off,no,yes,direct,no,off,0.5,btpr,no,elim not activated,elim not activated,82,91,,,,4,1.83x,0.00,61.14,1.83x,0.026406,0.061294,OPTIMAL,OPTIMAL,"/root/Downloads/for_dana/vaghar_org/paper_experiments/mnist/cnn1_exp/occ/eps_5,5,5/vagharWithPerturbed_cnn1_model_seed42_itr20_sgd_itr1/63912316282832_cnn1_occ_5.0,5.0,5.0_ctag0__HyperAttackHints_VagharDeps_PertruebedIntervals_cTag1.txt","/root/Downloads/for_dana/vaghar_org/paper_experiments/mnist/cnn1_exp/occ/eps_5,5,5/advStd_cnn1_N1_model_seed42_itr20/63912466868178_n2_cnn1_occ_5.0,5.0,5.0_ctag0_model_seed42_itr20_sgd_itr1_N2_advStd_BoundTightPertRelax0.5_varHintDirect_seed4_HyperAttackHints_VagharDeps_PerturbedIntervals_cTag1.txt",no
cnn1,occ,"5,5,5",0,6,33.37,63.26,9.914134,9.940540,9.885805,9.940537,-0.000003,no,off,no,yes,direct_pgd,no,off,0.0,btpr,no,elim not activated,elim not activated,0,0,,,,4,1.90x,0.00,63.26,1.90x,0.026406,0.054732,OPTIMAL,OPTIMAL,"/root/Downloads/for_dana/vaghar_org/paper_experiments/mnist/cnn1_exp/occ/eps_5,5,5/vagharWithPerturbed_cnn1_model_seed42_itr20_sgd_itr1/63912316282832_cnn1_occ_5.0,5.0,5.0_ctag0__HyperAttackHints_VagharDeps_PertruebedIntervals_cTag1.txt","/root/Downloads/for_dana/vaghar_org/paper_experiments/mnist/cnn1_exp/occ/eps_5,5,5/advStd_cnn1_N1_model_seed42_itr20/63912522601509_n2_cnn1_occ_5.0,5.0,5.0_ctag0_model_seed42_itr20_sgd_itr1_N2_advStd_BoundTightPertRelax0.0_varHintDirectPGD_seed4_HyperAttackHints_VagharDeps_PerturbedIntervals_cTag1.txt",no
cnn1,occ,"5,5,5",0,6,33.37,64.98,9.914134,9.940540,9.916442,9.940363,-0.000178,no,off,no,yes,no,no,off,0.01,btpr,no,elim not activated,elim not activated,0,0,,,,4,1.95x,0.00,64.98,1.95x,0.026406,0.023921,OPTIMAL,OPTIMAL,"/root/Downloads/for_dana/vaghar_org/paper_experiments/mnist/cnn1_exp/occ/eps_5,5,5/vagharWithPerturbed_cnn1_model_seed42_itr20_sgd_itr1/63912316282832_cnn1_occ_5.0,5.0,5.0_ctag0__HyperAttackHints_VagharDeps_PertruebedIntervals_cTag1.txt","/root/Downloads/for_dana/vaghar_org/paper_experiments/mnist/cnn1_exp/occ/eps_5,5,5/advStd_cnn1_N1_model_seed42_itr20/63912366568197_n2_cnn1_occ_5.0,5.0,5.0_ctag0_model_seed42_itr20_sgd_itr1_N2_advStd_BoundTightPertRelax0.01_seed4_HyperAttackHints_VagharDeps_PerturbedIntervals_cTag1.txt",no
cnn1,occ,"5,5,5",0,6,33.37,65.73,9.914134,9.940540,10.148782,10.225909,0.285369,no,off,no,yes,no,no,off,0.5,btpr,no,elim not activated,elim not activated,82,91,,,,4,1.97x,0.00,65.73,1.97x,0.026406,0.077127,OPTIMAL,OPTIMAL,"/root/Downloads/for_dana/vaghar_org/paper_experiments/mnist/cnn1_exp/occ/eps_5,5,5/vagharWithPerturbed_cnn1_model_seed42_itr20_sgd_itr1/63912316282832_cnn1_occ_5.0,5.0,5.0_ctag0__HyperAttackHints_VagharDeps_PertruebedIntervals_cTag1.txt","/root/Downloads/for_dana/vaghar_org/paper_experiments/mnist/cnn1_exp/occ/eps_5,5,5/advStd_cnn1_N1_model_seed42_itr20/63912370158664_n2_cnn1_occ_5.0,5.0,5.0_ctag0_model_seed42_itr20_sgd_itr1_N2_advStd_BoundTightPertRelax0.5_seed4_HyperAttackHints_VagharDeps_PerturbedIntervals_cTag1.txt",no
cnn1,occ,"5,5,5",0,6,33.37,67.29,9.914134,9.940540,9.900470,9.942826,0.002286,no,off,no,yes,no,no,off,0.05,btpr,no,elim not activated,elim not activated,1,2,,,,4,2.02x,0.00,67.29,2.02x,0.026406,0.042356,OPTIMAL,OPTIMAL,"/root/Downloads/for_dana/vaghar_org/paper_experiments/mnist/cnn1_exp/occ/eps_5,5,5/vagharWithPerturbed_cnn1_model_seed42_itr20_sgd_itr1/63912316282832_cnn1_occ_5.0,5.0,5.0_ctag0__HyperAttackHints_VagharDeps_PertruebedIntervals_cTag1.txt","/root/Downloads/for_dana/vaghar_org/paper_experiments/mnist/cnn1_exp/occ/eps_5,5,5/advStd_cnn1_N1_model_seed42_itr20/63912367691515_n2_cnn1_occ_5.0,5.0,5.0_ctag0_model_seed42_itr20_sgd_itr1_N2_advStd_BoundTightPertRelax0.05_seed4_HyperAttackHints_VagharDeps_PerturbedIntervals_cTag1.txt",no
cnn1,occ,"5,5,5",0,6,33.37,67.59,9.914134,9.940540,10.148782,10.225909,0.285369,no,off,no,yes,no,yes,off,0.5,btpr,no,elim not activated,elim not activated,82,91,,,,4,2.03x,0.00,67.59,2.03x,0.026406,0.077127,OPTIMAL,OPTIMAL,"/root/Downloads/for_dana/vaghar_org/paper_experiments/mnist/cnn1_exp/occ/eps_5,5,5/vagharWithPerturbed_cnn1_model_seed42_itr20_sgd_itr1/63912316282832_cnn1_occ_5.0,5.0,5.0_ctag0__HyperAttackHints_VagharDeps_PertruebedIntervals_cTag1.txt","/root/Downloads/for_dana/vaghar_org/paper_experiments/mnist/cnn1_exp/occ/eps_5,5,5/advStd_cnn1_N1_model_seed42_itr20/63912373355321_n2_cnn1_occ_5.0,5.0,5.0_ctag0_model_seed42_itr20_sgd_itr1_N2_advStd_BoundTightPertRelax0.5_zonoBounds_seed4_HyperAttackHints_VagharDeps_PerturbedIntervals_cTag1.txt",no
,,,,,,,,,,,,,,,,,,,,,,,,,,,,,,,,,,,,,,,,
cnn1,occ,"5,5,5",0,7,56.20,57.00,13.143510,13.147601,13.147358,13.147620,0.000018,no,off,no,yes,direct,no,off,0.0,btpr,no,elim not activated,elim not activated,0,0,,,,4,1.01x,0.00,57.00,1.01x,0.004091,0.000261,OPTIMAL,OPTIMAL,"/root/Downloads/for_dana/vaghar_org/paper_experiments/mnist/cnn1_exp/occ/eps_5,5,5/vagharWithPerturbed_cnn1_model_seed42_itr20_sgd_itr1/63912316282832_cnn1_occ_5.0,5.0,5.0_ctag0__HyperAttackHints_VagharDeps_PertruebedIntervals_cTag1.txt","/root/Downloads/for_dana/vaghar_org/paper_experiments/mnist/cnn1_exp/occ/eps_5,5,5/advStd_cnn1_N1_model_seed42_itr20/63912465898156_n2_cnn1_occ_5.0,5.0,5.0_ctag0_model_seed42_itr20_sgd_itr1_N2_advStd_BoundTightPertRelax0.0_varHintDirect_seed4_HyperAttackHints_VagharDeps_PerturbedIntervals_cTag1.txt",no
cnn1,occ,"5,5,5",0,7,56.20,58.31,13.143510,13.147601,13.147358,13.147358,-0.000243,no,off,no,yes,direct_pgd,yes,off,0.0,btpr,no,elim not activated,elim not activated,0,0,,,,4,1.04x,0.00,58.31,1.04x,0.004091,0.000000,OPTIMAL,OPTIMAL,"/root/Downloads/for_dana/vaghar_org/paper_experiments/mnist/cnn1_exp/occ/eps_5,5,5/vagharWithPerturbed_cnn1_model_seed42_itr20_sgd_itr1/63912316282832_cnn1_occ_5.0,5.0,5.0_ctag0__HyperAttackHints_VagharDeps_PertruebedIntervals_cTag1.txt","/root/Downloads/for_dana/vaghar_org/paper_experiments/mnist/cnn1_exp/occ/eps_5,5,5/advStd_cnn1_N1_model_seed42_itr20/63912526500265_n2_cnn1_occ_5.0,5.0,5.0_ctag0_model_seed42_itr20_sgd_itr1_N2_advStd_BoundTightPertRelax0.0_zonoBounds_varHintDirectPGD_seed4_HyperAttackHints_VagharDeps_PerturbedIntervals_cTag1.txt",no
cnn1,occ,"5,5,5",0,7,56.20,58.56,13.143510,13.147601,13.147359,13.273401,0.125800,no,off,no,yes,prev_pgd,yes,off,0.0,btpr,yes,elim not activated,elim not activated,0,0,0,0,0,4,1.04x,0.00,58.56,1.04x,0.004091,0.126042,OPTIMAL,OPTIMAL,"/root/Downloads/for_dana/vaghar_org/paper_experiments/mnist/cnn1_exp/occ/eps_5,5,5/vagharWithPerturbed_cnn1_model_seed42_itr20_sgd_itr1/63912316282832_cnn1_occ_5.0,5.0,5.0_ctag0__HyperAttackHints_VagharDeps_PertruebedIntervals_cTag1.txt","/root/Downloads/for_dana/vaghar_org/paper_experiments/mnist/cnn1_exp/occ/eps_5,5,5/advStd_cnn1_N1_model_seed42_itr20/63914873713081_n2_cnn1_occ_5.0,5.0,5.0_ctag0_model_seed42_itr20_sgd_itr1_N2_advStd_BoundTightPertRelax0.0_SibGate_zonoBounds_varHintPrevPGD_seed4_both0_orgDrop0_pertDrop0_HyperAttackHints_VagharDeps_PerturbedIntervals_cTag1.txt",no
cnn1,occ,"5,5,5",0,7,56.20,61.39,13.143510,13.147601,13.147358,13.151905,0.004304,no,off,no,yes,no,no,off,0.01,btpr,no,elim not activated,elim not activated,0,0,,,,4,1.09x,0.00,61.39,1.09x,0.004091,0.004547,OPTIMAL,OPTIMAL,"/root/Downloads/for_dana/vaghar_org/paper_experiments/mnist/cnn1_exp/occ/eps_5,5,5/vagharWithPerturbed_cnn1_model_seed42_itr20_sgd_itr1/63912316282832_cnn1_occ_5.0,5.0,5.0_ctag0__HyperAttackHints_VagharDeps_PertruebedIntervals_cTag1.txt","/root/Downloads/for_dana/vaghar_org/paper_experiments/mnist/cnn1_exp/occ/eps_5,5,5/advStd_cnn1_N1_model_seed42_itr20/63912366568197_n2_cnn1_occ_5.0,5.0,5.0_ctag0_model_seed42_itr20_sgd_itr1_N2_advStd_BoundTightPertRelax0.01_seed4_HyperAttackHints_VagharDeps_PerturbedIntervals_cTag1.txt",no
cnn1,occ,"5,5,5",0,7,56.20,62.06,13.143510,13.147601,13.147358,13.151905,0.004304,no,off,no,yes,no,no,off,0.0,btpr,no,elim not activated,elim not activated,0,0,,,,4,1.10x,0.00,62.06,1.10x,0.004091,0.004547,OPTIMAL,OPTIMAL,"/root/Downloads/for_dana/vaghar_org/paper_experiments/mnist/cnn1_exp/occ/eps_5,5,5/vagharWithPerturbed_cnn1_model_seed42_itr20_sgd_itr1/63912316282832_cnn1_occ_5.0,5.0,5.0_ctag0__HyperAttackHints_VagharDeps_PertruebedIntervals_cTag1.txt","/root/Downloads/for_dana/vaghar_org/paper_experiments/mnist/cnn1_exp/occ/eps_5,5,5/advStd_cnn1_N1_model_seed42_itr20/63912366158733_n2_cnn1_occ_5.0,5.0,5.0_ctag0_model_seed42_itr20_sgd_itr1_N2_advStd_BoundTightPertRelax0.0_seed4_HyperAttackHints_VagharDeps_PerturbedIntervals_cTag1.txt",no
cnn1,occ,"5,5,5",0,7,56.20,64.03,13.143510,13.147601,13.147358,13.147358,-0.000243,no,off,no,yes,direct_pgd,no,off,0.0,btpr,no,elim not activated,elim not activated,0,0,,,,4,1.14x,0.00,64.03,1.14x,0.004091,0.000000,OPTIMAL,OPTIMAL,"/root/Downloads/for_dana/vaghar_org/paper_experiments/mnist/cnn1_exp/occ/eps_5,5,5/vagharWithPerturbed_cnn1_model_seed42_itr20_sgd_itr1/63912316282832_cnn1_occ_5.0,5.0,5.0_ctag0__HyperAttackHints_VagharDeps_PertruebedIntervals_cTag1.txt","/root/Downloads/for_dana/vaghar_org/paper_experiments/mnist/cnn1_exp/occ/eps_5,5,5/advStd_cnn1_N1_model_seed42_itr20/63912522601509_n2_cnn1_occ_5.0,5.0,5.0_ctag0_model_seed42_itr20_sgd_itr1_N2_advStd_BoundTightPertRelax0.0_varHintDirectPGD_seed4_HyperAttackHints_VagharDeps_PerturbedIntervals_cTag1.txt",no
cnn1,occ,"5,5,5",0,7,56.20,67.59,13.143510,13.147601,13.147358,13.151905,0.004304,no,off,no,yes,no,yes,off,0.0,btpr,no,elim not activated,elim not activated,0,0,,,,4,1.20x,0.00,67.59,1.20x,0.004091,0.004547,OPTIMAL,OPTIMAL,"/root/Downloads/for_dana/vaghar_org/paper_experiments/mnist/cnn1_exp/occ/eps_5,5,5/vagharWithPerturbed_cnn1_model_seed42_itr20_sgd_itr1/63912316282832_cnn1_occ_5.0,5.0,5.0_ctag0__HyperAttackHints_VagharDeps_PertruebedIntervals_cTag1.txt","/root/Downloads/for_dana/vaghar_org/paper_experiments/mnist/cnn1_exp/occ/eps_5,5,5/advStd_cnn1_N1_model_seed42_itr20/63912371184518_n2_cnn1_occ_5.0,5.0,5.0_ctag0_model_seed42_itr20_sgd_itr1_N2_advStd_BoundTightPertRelax0.0_zonoBounds_seed4_HyperAttackHints_VagharDeps_PerturbedIntervals_cTag1.txt",no
cnn1,occ,"5,5,5",0,7,56.20,68.52,13.143510,13.147601,13.147358,13.151905,0.004304,no,off,no,yes,no,yes,off,0.01,btpr,no,elim not activated,elim not activated,0,0,,,,4,1.22x,0.00,68.52,1.22x,0.004091,0.004547,OPTIMAL,OPTIMAL,"/root/Downloads/for_dana/vaghar_org/paper_experiments/mnist/cnn1_exp/occ/eps_5,5,5/vagharWithPerturbed_cnn1_model_seed42_itr20_sgd_itr1/63912316282832_cnn1_occ_5.0,5.0,5.0_ctag0__HyperAttackHints_VagharDeps_PertruebedIntervals_cTag1.txt","/root/Downloads/for_dana/vaghar_org/paper_experiments/mnist/cnn1_exp/occ/eps_5,5,5/advStd_cnn1_N1_model_seed42_itr20/63912371784925_n2_cnn1_occ_5.0,5.0,5.0_ctag0_model_seed42_itr20_sgd_itr1_N2_advStd_BoundTightPertRelax0.01_zonoBounds_seed4_HyperAttackHints_VagharDeps_PerturbedIntervals_cTag1.txt",no
cnn1,occ,"5,5,5",0,7,56.20,85.46,13.143510,13.147601,13.190574,13.275512,0.127911,no,off,no,yes,prev_pgd,no,off,0.25,btpr,yes,elim not activated,elim not activated,82,82,82,0,0,4,1.52x,0.00,85.46,1.52x,0.004091,0.084939,OPTIMAL,OPTIMAL,"/root/Downloads/for_dana/vaghar_org/paper_experiments/mnist/cnn1_exp/occ/eps_5,5,5/vagharWithPerturbed_cnn1_model_seed42_itr20_sgd_itr1/63912316282832_cnn1_occ_5.0,5.0,5.0_ctag0__HyperAttackHints_VagharDeps_PertruebedIntervals_cTag1.txt","/root/Downloads/for_dana/vaghar_org/paper_experiments/mnist/cnn1_exp/occ/eps_5,5,5/advStd_cnn1_N1_model_seed42_itr20/63913677960328_n2_cnn1_occ_5.0,5.0,5.0_ctag0_model_seed42_itr20_sgd_itr1_N2_advStd_BoundTightPertRelax0.25_SibGate_varHintPrevPGD_seed4_both82_orgDrop0_pertDrop0_HyperAttackHints_VagharDeps_PerturbedIntervals_cTag1.txt",no
cnn1,occ,"5,5,5",0,7,56.20,92.77,13.143510,13.147601,13.421556,13.555486,0.407884,no,off,no,yes,no,no,off,0.5,btpr,no,elim not activated,elim not activated,82,91,,,,4,1.65x,0.00,92.77,1.65x,0.004091,0.133930,OPTIMAL,OPTIMAL,"/root/Downloads/for_dana/vaghar_org/paper_experiments/mnist/cnn1_exp/occ/eps_5,5,5/vagharWithPerturbed_cnn1_model_seed42_itr20_sgd_itr1/63912316282832_cnn1_occ_5.0,5.0,5.0_ctag0__HyperAttackHints_VagharDeps_PertruebedIntervals_cTag1.txt","/root/Downloads/for_dana/vaghar_org/paper_experiments/mnist/cnn1_exp/occ/eps_5,5,5/advStd_cnn1_N1_model_seed42_itr20/63912370158664_n2_cnn1_occ_5.0,5.0,5.0_ctag0_model_seed42_itr20_sgd_itr1_N2_advStd_BoundTightPertRelax0.5_seed4_HyperAttackHints_VagharDeps_PerturbedIntervals_cTag1.txt",no
cnn1,occ,"5,5,5",0,7,56.20,100.10,13.143510,13.147601,13.421556,13.555486,0.407884,no,off,no,yes,no,yes,off,0.5,btpr,no,elim not activated,elim not activated,82,91,,,,4,1.78x,0.00,100.10,1.78x,0.004091,0.133930,OPTIMAL,OPTIMAL,"/root/Downloads/for_dana/vaghar_org/paper_experiments/mnist/cnn1_exp/occ/eps_5,5,5/vagharWithPerturbed_cnn1_model_seed42_itr20_sgd_itr1/63912316282832_cnn1_occ_5.0,5.0,5.0_ctag0__HyperAttackHints_VagharDeps_PertruebedIntervals_cTag1.txt","/root/Downloads/for_dana/vaghar_org/paper_experiments/mnist/cnn1_exp/occ/eps_5,5,5/advStd_cnn1_N1_model_seed42_itr20/63912373355321_n2_cnn1_occ_5.0,5.0,5.0_ctag0_model_seed42_itr20_sgd_itr1_N2_advStd_BoundTightPertRelax0.5_zonoBounds_seed4_HyperAttackHints_VagharDeps_PerturbedIntervals_cTag1.txt",no
cnn1,occ,"5,5,5",0,7,56.20,101.98,13.143510,13.147601,13.147366,13.256508,0.108907,no,off,no,yes,prev_pgd,no,off,0.0,btpr,yes,elim not activated,elim not activated,0,0,0,0,0,4,1.81x,0.00,101.98,1.81x,0.004091,0.109143,OPTIMAL,OPTIMAL,"/root/Downloads/for_dana/vaghar_org/paper_experiments/mnist/cnn1_exp/occ/eps_5,5,5/vagharWithPerturbed_cnn1_model_seed42_itr20_sgd_itr1/63912316282832_cnn1_occ_5.0,5.0,5.0_ctag0__HyperAttackHints_VagharDeps_PertruebedIntervals_cTag1.txt","/root/Downloads/for_dana/vaghar_org/paper_experiments/mnist/cnn1_exp/occ/eps_5,5,5/advStd_cnn1_N1_model_seed42_itr20/63913677951277_n2_cnn1_occ_5.0,5.0,5.0_ctag0_model_seed42_itr20_sgd_itr1_N2_advStd_BoundTightPertRelax0.0_SibGate_varHintPrevPGD_seed4_both0_orgDrop0_pertDrop0_HyperAttackHints_VagharDeps_PerturbedIntervals_cTag1.txt",no
cnn1,occ,"5,5,5",0,7,56.20,147.12,13.143510,13.147601,13.421837,13.421838,0.274237,no,off,no,yes,direct,yes,off,0.5,btpr,no,elim not activated,elim not activated,82,91,,,,4,2.62x,0.00,147.12,2.62x,0.004091,0.000001,OPTIMAL,OPTIMAL,"/root/Downloads/for_dana/vaghar_org/paper_experiments/mnist/cnn1_exp/occ/eps_5,5,5/vagharWithPerturbed_cnn1_model_seed42_itr20_sgd_itr1/63912316282832_cnn1_occ_5.0,5.0,5.0_ctag0__HyperAttackHints_VagharDeps_PertruebedIntervals_cTag1.txt","/root/Downloads/for_dana/vaghar_org/paper_experiments/mnist/cnn1_exp/occ/eps_5,5,5/advStd_cnn1_N1_model_seed42_itr20/63912468892073_n2_cnn1_occ_5.0,5.0,5.0_ctag0_model_seed42_itr20_sgd_itr1_N2_advStd_BoundTightPertRelax0.5_zonoBounds_varHintDirect_seed4_HyperAttackHints_VagharDeps_PerturbedIntervals_cTag1.txt",no
cnn1,occ,"5,5,5",0,7,56.20,151.12,13.143510,13.147601,13.421837,13.421838,0.274237,no,off,no,yes,direct,no,off,0.5,btpr,no,elim not activated,elim not activated,82,91,,,,4,2.69x,0.00,151.12,2.69x,0.004091,0.000001,OPTIMAL,OPTIMAL,"/root/Downloads/for_dana/vaghar_org/paper_experiments/mnist/cnn1_exp/occ/eps_5,5,5/vagharWithPerturbed_cnn1_model_seed42_itr20_sgd_itr1/63912316282832_cnn1_occ_5.0,5.0,5.0_ctag0__HyperAttackHints_VagharDeps_PertruebedIntervals_cTag1.txt","/root/Downloads/for_dana/vaghar_org/paper_experiments/mnist/cnn1_exp/occ/eps_5,5,5/advStd_cnn1_N1_model_seed42_itr20/63912466868178_n2_cnn1_occ_5.0,5.0,5.0_ctag0_model_seed42_itr20_sgd_itr1_N2_advStd_BoundTightPertRelax0.5_varHintDirect_seed4_HyperAttackHints_VagharDeps_PerturbedIntervals_cTag1.txt",no
cnn1,occ,"5,5,5",0,7,56.20,168.64,13.143510,13.147601,13.153891,13.153891,0.006290,no,off,no,yes,no,yes,off,0.05,btpr,no,elim not activated,elim not activated,1,2,,,,4,3.00x,0.00,168.64,3.00x,0.004091,0.000000,OPTIMAL,OPTIMAL,"/root/Downloads/for_dana/vaghar_org/paper_experiments/mnist/cnn1_exp/occ/eps_5,5,5/vagharWithPerturbed_cnn1_model_seed42_itr20_sgd_itr1/63912316282832_cnn1_occ_5.0,5.0,5.0_ctag0__HyperAttackHints_VagharDeps_PertruebedIntervals_cTag1.txt","/root/Downloads/for_dana/vaghar_org/paper_experiments/mnist/cnn1_exp/occ/eps_5,5,5/advStd_cnn1_N1_model_seed42_itr20/63912372451172_n2_cnn1_occ_5.0,5.0,5.0_ctag0_model_seed42_itr20_sgd_itr1_N2_advStd_BoundTightPertRelax0.05_zonoBounds_seed4_HyperAttackHints_VagharDeps_PerturbedIntervals_cTag1.txt",no
cnn1,occ,"5,5,5",0,7,56.20,190.17,13.143510,13.147601,13.153891,13.153891,0.006290,no,off,no,yes,no,yes,off,0.1,btpr,no,elim not activated,elim not activated,1,2,,,,4,3.38x,0.00,190.17,3.38x,0.004091,0.000000,OPTIMAL,OPTIMAL,"/root/Downloads/for_dana/vaghar_org/paper_experiments/mnist/cnn1_exp/occ/eps_5,5,5/vagharWithPerturbed_cnn1_model_seed42_itr20_sgd_itr1/63912316282832_cnn1_occ_5.0,5.0,5.0_ctag0__HyperAttackHints_VagharDeps_PertruebedIntervals_cTag1.txt","/root/Downloads/for_dana/vaghar_org/paper_experiments/mnist/cnn1_exp/occ/eps_5,5,5/advStd_cnn1_N1_model_seed42_itr20/63912373050370_n2_cnn1_occ_5.0,5.0,5.0_ctag0_model_seed42_itr20_sgd_itr1_N2_advStd_BoundTightPertRelax0.1_zonoBounds_seed4_HyperAttackHints_VagharDeps_PerturbedIntervals_cTag1.txt",no
cnn1,occ,"5,5,5",0,7,56.20,205.69,13.143510,13.147601,13.153891,13.153891,0.006290,no,off,no,yes,no,no,off,0.1,btpr,no,elim not activated,elim not activated,1,2,,,,4,3.66x,0.00,205.69,3.66x,0.004091,0.000000,OPTIMAL,OPTIMAL,"/root/Downloads/for_dana/vaghar_org/paper_experiments/mnist/cnn1_exp/occ/eps_5,5,5/vagharWithPerturbed_cnn1_model_seed42_itr20_sgd_itr1/63912316282832_cnn1_occ_5.0,5.0,5.0_ctag0__HyperAttackHints_VagharDeps_PertruebedIntervals_cTag1.txt","/root/Downloads/for_dana/vaghar_org/paper_experiments/mnist/cnn1_exp/occ/eps_5,5,5/advStd_cnn1_N1_model_seed42_itr20/63912369552258_n2_cnn1_occ_5.0,5.0,5.0_ctag0_model_seed42_itr20_sgd_itr1_N2_advStd_BoundTightPertRelax0.1_seed4_HyperAttackHints_VagharDeps_PerturbedIntervals_cTag1.txt",no
cnn1,occ,"5,5,5",0,7,56.20,218.07,13.143510,13.147601,13.153891,13.153891,0.006290,no,off,no,yes,no,no,off,0.05,btpr,no,elim not activated,elim not activated,1,2,,,,4,3.88x,0.00,218.07,3.88x,0.004091,0.000000,OPTIMAL,OPTIMAL,"/root/Downloads/for_dana/vaghar_org/paper_experiments/mnist/cnn1_exp/occ/eps_5,5,5/vagharWithPerturbed_cnn1_model_seed42_itr20_sgd_itr1/63912316282832_cnn1_occ_5.0,5.0,5.0_ctag0__HyperAttackHints_VagharDeps_PertruebedIntervals_cTag1.txt","/root/Downloads/for_dana/vaghar_org/paper_experiments/mnist/cnn1_exp/occ/eps_5,5,5/advStd_cnn1_N1_model_seed42_itr20/63912367691515_n2_cnn1_occ_5.0,5.0,5.0_ctag0_model_seed42_itr20_sgd_itr1_N2_advStd_BoundTightPertRelax0.05_seed4_HyperAttackHints_VagharDeps_PerturbedIntervals_cTag1.txt",no
cnn1,occ,"5,5,5",0,7,56.20,3122.22,13.143510,13.147601,13.422053,13.453077,0.305476,no,off,no,yes,prev_pgd,yes,off,0.5,btpr,yes,elim not activated,elim not activated,82,91,82,0,9,4,55.56x,0.00,3122.22,55.56x,0.004091,0.031025,OPTIMAL,OPTIMAL,"/root/Downloads/for_dana/vaghar_org/paper_experiments/mnist/cnn1_exp/occ/eps_5,5,5/vagharWithPerturbed_cnn1_model_seed42_itr20_sgd_itr1/63912316282832_cnn1_occ_5.0,5.0,5.0_ctag0__HyperAttackHints_VagharDeps_PertruebedIntervals_cTag1.txt","/root/Downloads/for_dana/vaghar_org/paper_experiments/mnist/cnn1_exp/occ/eps_5,5,5/advStd_cnn1_N1_model_seed42_itr20/63914297904062_n2_cnn1_occ_5.0,5.0,5.0_ctag0_model_seed42_itr20_sgd_itr1_N2_advStd_BoundTightPertRelax0.5_SibGate_zonoBounds_varHintPrevPGD_seed4_both82_orgDrop0_pertDrop9_HyperAttackHints_VagharDeps_PerturbedIntervals_cTag1.txt",no
cnn1,occ,"5,5,5",0,7,56.20,3186.88,13.143510,13.147601,13.422053,13.453077,0.305476,no,off,no,yes,prev_pgd,no,off,0.5,btpr,yes,elim not activated,elim not activated,82,91,82,0,9,4,56.71x,0.00,3186.88,56.71x,0.004091,0.031025,OPTIMAL,OPTIMAL,"/root/Downloads/for_dana/vaghar_org/paper_experiments/mnist/cnn1_exp/occ/eps_5,5,5/vagharWithPerturbed_cnn1_model_seed42_itr20_sgd_itr1/63912316282832_cnn1_occ_5.0,5.0,5.0_ctag0__HyperAttackHints_VagharDeps_PertruebedIntervals_cTag1.txt","/root/Downloads/for_dana/vaghar_org/paper_experiments/mnist/cnn1_exp/occ/eps_5,5,5/advStd_cnn1_N1_model_seed42_itr20/63914292881971_n2_cnn1_occ_5.0,5.0,5.0_ctag0_model_seed42_itr20_sgd_itr1_N2_advStd_BoundTightPertRelax0.5_SibGate_varHintPrevPGD_seed4_both82_orgDrop0_pertDrop9_HyperAttackHints_VagharDeps_PerturbedIntervals_cTag1.txt",no
,,,,,,,,,,,,,,,,,,,,,,,,,,,,,,,,,,,,,,,,
cnn1,occ,"5,5,5",0,8,57.73,60.66,7.592239,7.601013,7.596401,7.596401,-0.004612,no,off,no,yes,no,yes,off,0.05,btpr,no,elim not activated,elim not activated,1,2,,,,4,1.05x,0.00,60.66,1.05x,0.008774,0.000000,OPTIMAL,OPTIMAL,"/root/Downloads/for_dana/vaghar_org/paper_experiments/mnist/cnn1_exp/occ/eps_5,5,5/vagharWithPerturbed_cnn1_model_seed42_itr20_sgd_itr1/63912316282832_cnn1_occ_5.0,5.0,5.0_ctag0__HyperAttackHints_VagharDeps_PertruebedIntervals_cTag1.txt","/root/Downloads/for_dana/vaghar_org/paper_experiments/mnist/cnn1_exp/occ/eps_5,5,5/advStd_cnn1_N1_model_seed42_itr20/63912372451172_n2_cnn1_occ_5.0,5.0,5.0_ctag0_model_seed42_itr20_sgd_itr1_N2_advStd_BoundTightPertRelax0.05_zonoBounds_seed4_HyperAttackHints_VagharDeps_PerturbedIntervals_cTag1.txt",no
cnn1,occ,"5,5,5",0,8,57.73,62.44,7.592239,7.601013,7.712940,7.782095,0.181082,no,off,no,yes,prev_pgd,yes,off,0.5,btpr,no,elim not activated,elim not activated,82,91,,,,4,1.08x,0.00,62.44,1.08x,0.008774,0.069154,OPTIMAL,OPTIMAL,"/root/Downloads/for_dana/vaghar_org/paper_experiments/mnist/cnn1_exp/occ/eps_5,5,5/vagharWithPerturbed_cnn1_model_seed42_itr20_sgd_itr1/63912316282832_cnn1_occ_5.0,5.0,5.0_ctag0__HyperAttackHints_VagharDeps_PertruebedIntervals_cTag1.txt","/root/Downloads/for_dana/vaghar_org/paper_experiments/mnist/cnn1_exp/occ/eps_5,5,5/advStd_cnn1_N1_model_seed42_itr20/63912526951169_n2_cnn1_occ_5.0,5.0,5.0_ctag0_model_seed42_itr20_sgd_itr1_N2_advStd_BoundTightPertRelax0.5_zonoBounds_varHintPrevPGD_seed4_HyperAttackHints_VagharDeps_PerturbedIntervals_cTag1.txt",no
cnn1,occ,"5,5,5",0,8,57.73,62.44,7.592239,7.601013,7.712940,7.782095,0.181082,no,off,no,yes,prev_pgd,yes,off,0.5,btpr,no,elim not activated,elim not activated,82,91,,,,4,1.08x,0.00,62.44,1.08x,0.008774,0.069154,OPTIMAL,OPTIMAL,"/root/Downloads/for_dana/vaghar_org/paper_experiments/mnist/cnn1_exp/occ/eps_5,5,5/vagharWithPerturbed_cnn1_model_seed42_itr20_sgd_itr1/63912316282832_cnn1_occ_5.0,5.0,5.0_ctag0__HyperAttackHints_VagharDeps_PertruebedIntervals_cTag1.txt","/root/Downloads/for_dana/vaghar_org/paper_experiments/mnist/cnn1_exp/occ/eps_5,5,5/advStd_cnn1_N1_model_seed42_itr20/63912792089962_n2_cnn1_occ_5.0,5.0,5.0_ctag0_model_seed42_itr20_sgd_itr1_N2_advStd_BoundTightPertRelax0.5_zonoBounds_varHintPrevPGD_seed4_HyperAttackHints_VagharDeps_PerturbedIntervals_cTag1.txt",no
cnn1,occ,"5,5,5",0,8,57.73,63.37,7.592239,7.601013,7.594273,7.594273,-0.006740,no,off,no,yes,no,no,off,0.0,btpr,no,elim not activated,elim not activated,0,0,,,,4,1.10x,0.00,63.37,1.10x,0.008774,0.000000,OPTIMAL,OPTIMAL,"/root/Downloads/for_dana/vaghar_org/paper_experiments/mnist/cnn1_exp/occ/eps_5,5,5/vagharWithPerturbed_cnn1_model_seed42_itr20_sgd_itr1/63912316282832_cnn1_occ_5.0,5.0,5.0_ctag0__HyperAttackHints_VagharDeps_PertruebedIntervals_cTag1.txt","/root/Downloads/for_dana/vaghar_org/paper_experiments/mnist/cnn1_exp/occ/eps_5,5,5/advStd_cnn1_N1_model_seed42_itr20/63912366158733_n2_cnn1_occ_5.0,5.0,5.0_ctag0_model_seed42_itr20_sgd_itr1_N2_advStd_BoundTightPertRelax0.0_seed4_HyperAttackHints_VagharDeps_PerturbedIntervals_cTag1.txt",no
cnn1,occ,"5,5,5",0,8,57.73,67.72,7.592239,7.601013,7.712940,7.782095,0.181082,no,off,no,yes,prev_pgd,no,off,0.5,btpr,no,elim not activated,elim not activated,82,91,,,,4,1.17x,0.00,67.72,1.17x,0.008774,0.069154,OPTIMAL,OPTIMAL,"/root/Downloads/for_dana/vaghar_org/paper_experiments/mnist/cnn1_exp/occ/eps_5,5,5/vagharWithPerturbed_cnn1_model_seed42_itr20_sgd_itr1/63912316282832_cnn1_occ_5.0,5.0,5.0_ctag0__HyperAttackHints_VagharDeps_PertruebedIntervals_cTag1.txt","/root/Downloads/for_dana/vaghar_org/paper_experiments/mnist/cnn1_exp/occ/eps_5,5,5/advStd_cnn1_N1_model_seed42_itr20/63912526197744_n2_cnn1_occ_5.0,5.0,5.0_ctag0_model_seed42_itr20_sgd_itr1_N2_advStd_BoundTightPertRelax0.5_varHintPrevPGD_seed4_HyperAttackHints_VagharDeps_PerturbedIntervals_cTag1.txt",no
cnn1,occ,"5,5,5",0,8,57.73,68.23,7.592239,7.601013,7.594273,7.594273,-0.006740,no,off,no,yes,no,yes,off,0.0,btpr,no,elim not activated,elim not activated,0,0,,,,4,1.18x,0.00,68.23,1.18x,0.008774,0.000000,OPTIMAL,OPTIMAL,"/root/Downloads/for_dana/vaghar_org/paper_experiments/mnist/cnn1_exp/occ/eps_5,5,5/vagharWithPerturbed_cnn1_model_seed42_itr20_sgd_itr1/63912316282832_cnn1_occ_5.0,5.0,5.0_ctag0__HyperAttackHints_VagharDeps_PertruebedIntervals_cTag1.txt","/root/Downloads/for_dana/vaghar_org/paper_experiments/mnist/cnn1_exp/occ/eps_5,5,5/advStd_cnn1_N1_model_seed42_itr20/63912371184518_n2_cnn1_occ_5.0,5.0,5.0_ctag0_model_seed42_itr20_sgd_itr1_N2_advStd_BoundTightPertRelax0.0_zonoBounds_seed4_HyperAttackHints_VagharDeps_PerturbedIntervals_cTag1.txt",no
cnn1,occ,"5,5,5",0,8,57.73,82.56,7.592239,7.601013,7.596401,7.596401,-0.004612,no,off,no,yes,no,no,off,0.05,btpr,no,elim not activated,elim not activated,1,2,,,,4,1.43x,0.00,82.56,1.43x,0.008774,0.000000,OPTIMAL,OPTIMAL,"/root/Downloads/for_dana/vaghar_org/paper_experiments/mnist/cnn1_exp/occ/eps_5,5,5/vagharWithPerturbed_cnn1_model_seed42_itr20_sgd_itr1/63912316282832_cnn1_occ_5.0,5.0,5.0_ctag0__HyperAttackHints_VagharDeps_PertruebedIntervals_cTag1.txt","/root/Downloads/for_dana/vaghar_org/paper_experiments/mnist/cnn1_exp/occ/eps_5,5,5/advStd_cnn1_N1_model_seed42_itr20/63912367691515_n2_cnn1_occ_5.0,5.0,5.0_ctag0_model_seed42_itr20_sgd_itr1_N2_advStd_BoundTightPertRelax0.05_seed4_HyperAttackHints_VagharDeps_PerturbedIntervals_cTag1.txt",no
cnn1,occ,"5,5,5",0,8,57.73,92.15,7.592239,7.601013,7.594273,7.594273,-0.006740,no,off,no,yes,no,yes,off,0.01,btpr,no,elim not activated,elim not activated,0,0,,,,4,1.60x,0.00,92.15,1.60x,0.008774,0.000000,OPTIMAL,OPTIMAL,"/root/Downloads/for_dana/vaghar_org/paper_experiments/mnist/cnn1_exp/occ/eps_5,5,5/vagharWithPerturbed_cnn1_model_seed42_itr20_sgd_itr1/63912316282832_cnn1_occ_5.0,5.0,5.0_ctag0__HyperAttackHints_VagharDeps_PertruebedIntervals_cTag1.txt","/root/Downloads/for_dana/vaghar_org/paper_experiments/mnist/cnn1_exp/occ/eps_5,5,5/advStd_cnn1_N1_model_seed42_itr20/63912371784925_n2_cnn1_occ_5.0,5.0,5.0_ctag0_model_seed42_itr20_sgd_itr1_N2_advStd_BoundTightPertRelax0.01_zonoBounds_seed4_HyperAttackHints_VagharDeps_PerturbedIntervals_cTag1.txt",no
,,,,,,,,,,,,,,,,,,,,,,,,,,,,,,,,,,,,,,,,
cnn1,occ,"5,5,5",0,9,89.23,89.33,7.653687,7.656238,7.654451,7.729125,0.072887,no,off,no,yes,prev_pgd,yes,off,0.0,btpr,yes,elim not activated,elim not activated,0,0,0,0,0,4,1.00x,0.00,89.33,1.00x,0.002551,0.074674,OPTIMAL,OPTIMAL,"/root/Downloads/for_dana/vaghar_org/paper_experiments/mnist/cnn1_exp/occ/eps_5,5,5/vagharWithPerturbed_cnn1_model_seed42_itr20_sgd_itr1/63912739120936_cnn1_occ_5.0,5.0,5.0_ctag0__HyperAttackHints_VagharDeps_PertruebedIntervals_cTag1.txt","/root/Downloads/for_dana/vaghar_org/paper_experiments/mnist/cnn1_exp/occ/eps_5,5,5/advStd_cnn1_N1_model_seed42_itr20/63914293288359_n2_cnn1_occ_5.0,5.0,5.0_ctag0_model_seed42_itr20_sgd_itr1_N2_advStd_BoundTightPertRelax0.0_SibGate_zonoBounds_varHintPrevPGD_seed4_both0_orgDrop0_pertDrop0_HyperAttackHints_VagharDeps_PerturbedIntervals_cTag1.txt",no
cnn1,occ,"5,5,5",0,9,89.23,107.49,7.653687,7.656238,7.766849,7.824284,0.168046,no,off,no,yes,prev_pgd,yes,off,0.5,btpr,no,elim not activated,elim not activated,82,91,,,,4,1.20x,0.00,107.49,1.20x,0.002551,0.057435,OPTIMAL,OPTIMAL,"/root/Downloads/for_dana/vaghar_org/paper_experiments/mnist/cnn1_exp/occ/eps_5,5,5/vagharWithPerturbed_cnn1_model_seed42_itr20_sgd_itr1/63912739120936_cnn1_occ_5.0,5.0,5.0_ctag0__HyperAttackHints_VagharDeps_PertruebedIntervals_cTag1.txt","/root/Downloads/for_dana/vaghar_org/paper_experiments/mnist/cnn1_exp/occ/eps_5,5,5/advStd_cnn1_N1_model_seed42_itr20/63912792089962_n2_cnn1_occ_5.0,5.0,5.0_ctag0_model_seed42_itr20_sgd_itr1_N2_advStd_BoundTightPertRelax0.5_zonoBounds_varHintPrevPGD_seed4_HyperAttackHints_VagharDeps_PerturbedIntervals_cTag1.txt",no
cnn1,occ,"5,5,5",0,9,89.23,109.47,7.653687,7.656238,7.654451,7.729125,0.072887,no,off,no,yes,prev_pgd,no,off,0.0,btpr,yes,elim not activated,elim not activated,0,0,0,0,0,4,1.23x,0.00,109.47,1.23x,0.002551,0.074674,OPTIMAL,OPTIMAL,"/root/Downloads/for_dana/vaghar_org/paper_experiments/mnist/cnn1_exp/occ/eps_5,5,5/vagharWithPerturbed_cnn1_model_seed42_itr20_sgd_itr1/63912739120936_cnn1_occ_5.0,5.0,5.0_ctag0__HyperAttackHints_VagharDeps_PertruebedIntervals_cTag1.txt","/root/Downloads/for_dana/vaghar_org/paper_experiments/mnist/cnn1_exp/occ/eps_5,5,5/advStd_cnn1_N1_model_seed42_itr20/63913677951277_n2_cnn1_occ_5.0,5.0,5.0_ctag0_model_seed42_itr20_sgd_itr1_N2_advStd_BoundTightPertRelax0.0_SibGate_varHintPrevPGD_seed4_both0_orgDrop0_pertDrop0_HyperAttackHints_VagharDeps_PerturbedIntervals_cTag1.txt",no
cnn1,occ,"5,5,5",0,9,89.23,131.01,7.653687,7.656238,7.654451,7.729125,0.072887,no,off,no,yes,prev_pgd,yes,off,0.0,btpr,no,elim not activated,elim not activated,0,0,,,,4,1.47x,0.00,131.01,1.47x,0.002551,0.074674,OPTIMAL,OPTIMAL,"/root/Downloads/for_dana/vaghar_org/paper_experiments/mnist/cnn1_exp/occ/eps_5,5,5/vagharWithPerturbed_cnn1_model_seed42_itr20_sgd_itr1/63912739120936_cnn1_occ_5.0,5.0,5.0_ctag0__HyperAttackHints_VagharDeps_PertruebedIntervals_cTag1.txt","/root/Downloads/for_dana/vaghar_org/paper_experiments/mnist/cnn1_exp/occ/eps_5,5,5/advStd_cnn1_N1_model_seed42_itr20/63912790193159_n2_cnn1_occ_5.0,5.0,5.0_ctag0_model_seed42_itr20_sgd_itr1_N2_advStd_BoundTightPertRelax0.0_zonoBounds_varHintPrevPGD_seed4_HyperAttackHints_VagharDeps_PerturbedIntervals_cTag1.txt",no
,,,,,,,,,,,,,,,,,,,,,,,,,,,,,,,,,,,,,,,,
cnn1,occ,"5,5,5",1,0,67.88,69.29,17.650502,17.826063,17.722619,17.895980,0.069917,no,off,no,yes,prev_pgd,yes,off,0.25,btpr,yes,elim not activated,elim not activated,82,82,82,0,0,4,1.02x,0.00,69.29,1.02x,0.175561,0.173360,OPTIMAL,OPTIMAL,"/root/Downloads/for_dana/vaghar_org/paper_experiments/mnist/cnn1_exp/occ/eps_5,5,5/vagharWithPerturbed_cnn1_model_seed42_itr20_sgd_itr1/63912925247660_cnn1_occ_5.0,5.0,5.0_ctag1__HyperAttackHints_VagharDeps_PertruebedIntervals_cTag2.txt","/root/Downloads/for_dana/vaghar_org/paper_experiments/mnist/cnn1_exp/occ/eps_5,5,5/advStd_cnn1_N1_model_seed42_itr20/63914599278855_n2_cnn1_occ_5.0,5.0,5.0_ctag1_model_seed42_itr20_sgd_itr1_N2_advStd_BoundTightPertRelax0.25_SibGate_zonoBounds_varHintPrevPGD_seed4_both82_orgDrop0_pertDrop0_HyperAttackHints_VagharDeps_PerturbedIntervals_cTag2.txt",no
cnn1,occ,"5,5,5",1,0,67.88,100.45,17.650502,17.826063,17.692486,17.868352,0.042288,no,off,no,yes,prev_pgd,no,off,0.0,btpr,yes,elim not activated,elim not activated,0,0,0,0,0,4,1.48x,0.00,100.45,1.48x,0.175561,0.175866,OPTIMAL,OPTIMAL,"/root/Downloads/for_dana/vaghar_org/paper_experiments/mnist/cnn1_exp/occ/eps_5,5,5/vagharWithPerturbed_cnn1_model_seed42_itr20_sgd_itr1/63912925247660_cnn1_occ_5.0,5.0,5.0_ctag1__HyperAttackHints_VagharDeps_PertruebedIntervals_cTag2.txt","/root/Downloads/for_dana/vaghar_org/paper_experiments/mnist/cnn1_exp/occ/eps_5,5,5/advStd_cnn1_N1_model_seed42_itr20/63914578765790_n2_cnn1_occ_5.0,5.0,5.0_ctag1_model_seed42_itr20_sgd_itr1_N2_advStd_BoundTightPertRelax0.0_SibGate_varHintPrevPGD_seed4_both0_orgDrop0_pertDrop0_HyperAttackHints_VagharDeps_PerturbedIntervals_cTag2.txt",no
cnn1,occ,"5,5,5",1,0,67.88,102.58,17.650502,17.826063,17.979955,18.159615,0.333552,no,off,no,yes,prev_pgd,yes,off,0.5,btpr,no,elim not activated,elim not activated,82,91,,,,4,1.51x,0.00,102.58,1.51x,0.175561,0.179661,OPTIMAL,OPTIMAL,"/root/Downloads/for_dana/vaghar_org/paper_experiments/mnist/cnn1_exp/occ/eps_5,5,5/vagharWithPerturbed_cnn1_model_seed42_itr20_sgd_itr1/63912925247660_cnn1_occ_5.0,5.0,5.0_ctag1__HyperAttackHints_VagharDeps_PertruebedIntervals_cTag2.txt","/root/Downloads/for_dana/vaghar_org/paper_experiments/mnist/cnn1_exp/occ/eps_5,5,5/advStd_cnn1_N1_model_seed42_itr20/63912974500606_n2_cnn1_occ_5.0,5.0,5.0_ctag1_model_seed42_itr20_sgd_itr1_N2_advStd_BoundTightPertRelax0.5_zonoBounds_varHintPrevPGD_seed4_HyperAttackHints_VagharDeps_PerturbedIntervals_cTag2.txt",no
cnn1,occ,"5,5,5",1,0,67.88,117.51,17.650502,17.826063,17.722694,17.893610,0.067547,no,off,no,yes,prev_pgd,no,off,0.25,btpr,yes,elim not activated,elim not activated,82,82,82,0,0,4,1.73x,0.00,117.51,1.73x,0.175561,0.170916,OPTIMAL,OPTIMAL,"/root/Downloads/for_dana/vaghar_org/paper_experiments/mnist/cnn1_exp/occ/eps_5,5,5/vagharWithPerturbed_cnn1_model_seed42_itr20_sgd_itr1/63912925247660_cnn1_occ_5.0,5.0,5.0_ctag1__HyperAttackHints_VagharDeps_PertruebedIntervals_cTag2.txt","/root/Downloads/for_dana/vaghar_org/paper_experiments/mnist/cnn1_exp/occ/eps_5,5,5/advStd_cnn1_N1_model_seed42_itr20/63914584262780_n2_cnn1_occ_5.0,5.0,5.0_ctag1_model_seed42_itr20_sgd_itr1_N2_advStd_BoundTightPertRelax0.25_SibGate_varHintPrevPGD_seed4_both82_orgDrop0_pertDrop0_HyperAttackHints_VagharDeps_PerturbedIntervals_cTag2.txt",no
cnn1,occ,"5,5,5",1,0,67.88,133.40,17.650502,17.826063,17.725226,17.881845,0.055782,no,off,no,yes,prev_pgd,yes,off,0.0,btpr,yes,elim not activated,elim not activated,0,0,0,0,0,4,1.97x,0.00,133.40,1.97x,0.175561,0.156620,OPTIMAL,OPTIMAL,"/root/Downloads/for_dana/vaghar_org/paper_experiments/mnist/cnn1_exp/occ/eps_5,5,5/vagharWithPerturbed_cnn1_model_seed42_itr20_sgd_itr1/63912925247660_cnn1_occ_5.0,5.0,5.0_ctag1__HyperAttackHints_VagharDeps_PertruebedIntervals_cTag2.txt","/root/Downloads/for_dana/vaghar_org/paper_experiments/mnist/cnn1_exp/occ/eps_5,5,5/advStd_cnn1_N1_model_seed42_itr20/63914595338788_n2_cnn1_occ_5.0,5.0,5.0_ctag1_model_seed42_itr20_sgd_itr1_N2_advStd_BoundTightPertRelax0.0_SibGate_zonoBounds_varHintPrevPGD_seed4_both0_orgDrop0_pertDrop0_HyperAttackHints_VagharDeps_PerturbedIntervals_cTag2.txt",no
cnn1,occ,"5,5,5",1,0,67.88,159.02,17.650502,17.826063,17.692486,17.868352,0.042288,no,off,no,yes,prev_pgd,yes,off,0.0,btpr,no,elim not activated,elim not activated,0,0,,,,4,2.34x,0.00,159.02,2.34x,0.175561,0.175866,OPTIMAL,OPTIMAL,"/root/Downloads/for_dana/vaghar_org/paper_experiments/mnist/cnn1_exp/occ/eps_5,5,5/vagharWithPerturbed_cnn1_model_seed42_itr20_sgd_itr1/63912925247660_cnn1_occ_5.0,5.0,5.0_ctag1__HyperAttackHints_VagharDeps_PertruebedIntervals_cTag2.txt","/root/Downloads/for_dana/vaghar_org/paper_experiments/mnist/cnn1_exp/occ/eps_5,5,5/advStd_cnn1_N1_model_seed42_itr20/63912974132536_n2_cnn1_occ_5.0,5.0,5.0_ctag1_model_seed42_itr20_sgd_itr1_N2_advStd_BoundTightPertRelax0.0_zonoBounds_varHintPrevPGD_seed4_HyperAttackHints_VagharDeps_PerturbedIntervals_cTag2.txt",no
,,,,,,,,,,,,,,,,,,,,,,,,,,,,,,,,,,,,,,,,
cnn1,occ,"5,5,5",1,2,55.31,59.25,6.617418,6.617461,6.617418,6.674252,0.056791,no,off,no,yes,prev_pgd,no,off,0.0,btpr,yes,elim not activated,elim not activated,0,0,0,0,0,4,1.07x,0.00,59.25,1.07x,0.000043,0.056834,OPTIMAL,OPTIMAL,"/root/Downloads/for_dana/vaghar_org/paper_experiments/mnist/cnn1_exp/occ/eps_5,5,5/vagharWithPerturbed_cnn1_model_seed42_itr20_sgd_itr1/63912925247660_cnn1_occ_5.0,5.0,5.0_ctag1__HyperAttackHints_VagharDeps_PertruebedIntervals_cTag2.txt","/root/Downloads/for_dana/vaghar_org/paper_experiments/mnist/cnn1_exp/occ/eps_5,5,5/advStd_cnn1_N1_model_seed42_itr20/63914578765790_n2_cnn1_occ_5.0,5.0,5.0_ctag1_model_seed42_itr20_sgd_itr1_N2_advStd_BoundTightPertRelax0.0_SibGate_varHintPrevPGD_seed4_both0_orgDrop0_pertDrop0_HyperAttackHints_VagharDeps_PerturbedIntervals_cTag2.txt",no
cnn1,occ,"5,5,5",1,2,55.31,66.19,6.617418,6.617461,6.617418,6.674252,0.056791,no,off,no,yes,prev_pgd,yes,off,0.0,btpr,yes,elim not activated,elim not activated,0,0,0,0,0,4,1.20x,0.00,66.19,1.20x,0.000043,0.056834,OPTIMAL,OPTIMAL,"/root/Downloads/for_dana/vaghar_org/paper_experiments/mnist/cnn1_exp/occ/eps_5,5,5/vagharWithPerturbed_cnn1_model_seed42_itr20_sgd_itr1/63912925247660_cnn1_occ_5.0,5.0,5.0_ctag1__HyperAttackHints_VagharDeps_PertruebedIntervals_cTag2.txt","/root/Downloads/for_dana/vaghar_org/paper_experiments/mnist/cnn1_exp/occ/eps_5,5,5/advStd_cnn1_N1_model_seed42_itr20/63914595338788_n2_cnn1_occ_5.0,5.0,5.0_ctag1_model_seed42_itr20_sgd_itr1_N2_advStd_BoundTightPertRelax0.0_SibGate_zonoBounds_varHintPrevPGD_seed4_both0_orgDrop0_pertDrop0_HyperAttackHints_VagharDeps_PerturbedIntervals_cTag2.txt",no
cnn1,occ,"5,5,5",1,2,55.31,72.56,6.617418,6.617461,6.640373,6.689955,0.072493,no,off,no,yes,prev_pgd,yes,off,0.25,btpr,yes,elim not activated,elim not activated,82,82,82,0,0,4,1.31x,0.00,72.56,1.31x,0.000043,0.049581,OPTIMAL,OPTIMAL,"/root/Downloads/for_dana/vaghar_org/paper_experiments/mnist/cnn1_exp/occ/eps_5,5,5/vagharWithPerturbed_cnn1_model_seed42_itr20_sgd_itr1/63912925247660_cnn1_occ_5.0,5.0,5.0_ctag1__HyperAttackHints_VagharDeps_PertruebedIntervals_cTag2.txt","/root/Downloads/for_dana/vaghar_org/paper_experiments/mnist/cnn1_exp/occ/eps_5,5,5/advStd_cnn1_N1_model_seed42_itr20/63914599278855_n2_cnn1_occ_5.0,5.0,5.0_ctag1_model_seed42_itr20_sgd_itr1_N2_advStd_BoundTightPertRelax0.25_SibGate_zonoBounds_varHintPrevPGD_seed4_both82_orgDrop0_pertDrop0_HyperAttackHints_VagharDeps_PerturbedIntervals_cTag2.txt",no
cnn1,occ,"5,5,5",1,2,55.31,84.51,6.617418,6.617461,6.670908,6.723284,0.105823,no,off,no,yes,prev_pgd,yes,off,0.5,btpr,no,elim not activated,elim not activated,82,91,,,,4,1.53x,0.00,84.51,1.53x,0.000043,0.052377,OPTIMAL,OPTIMAL,"/root/Downloads/for_dana/vaghar_org/paper_experiments/mnist/cnn1_exp/occ/eps_5,5,5/vagharWithPerturbed_cnn1_model_seed42_itr20_sgd_itr1/63912925247660_cnn1_occ_5.0,5.0,5.0_ctag1__HyperAttackHints_VagharDeps_PertruebedIntervals_cTag2.txt","/root/Downloads/for_dana/vaghar_org/paper_experiments/mnist/cnn1_exp/occ/eps_5,5,5/advStd_cnn1_N1_model_seed42_itr20/63912974500606_n2_cnn1_occ_5.0,5.0,5.0_ctag1_model_seed42_itr20_sgd_itr1_N2_advStd_BoundTightPertRelax0.5_zonoBounds_varHintPrevPGD_seed4_HyperAttackHints_VagharDeps_PerturbedIntervals_cTag2.txt",no
cnn1,occ,"5,5,5",1,2,55.31,88.21,6.617418,6.617461,6.617418,6.674252,0.056791,no,off,no,yes,prev_pgd,yes,off,0.0,btpr,no,elim not activated,elim not activated,0,0,,,,4,1.59x,0.00,88.21,1.59x,0.000043,0.056834,OPTIMAL,OPTIMAL,"/root/Downloads/for_dana/vaghar_org/paper_experiments/mnist/cnn1_exp/occ/eps_5,5,5/vagharWithPerturbed_cnn1_model_seed42_itr20_sgd_itr1/63912925247660_cnn1_occ_5.0,5.0,5.0_ctag1__HyperAttackHints_VagharDeps_PertruebedIntervals_cTag2.txt","/root/Downloads/for_dana/vaghar_org/paper_experiments/mnist/cnn1_exp/occ/eps_5,5,5/advStd_cnn1_N1_model_seed42_itr20/63912974132536_n2_cnn1_occ_5.0,5.0,5.0_ctag1_model_seed42_itr20_sgd_itr1_N2_advStd_BoundTightPertRelax0.0_zonoBounds_varHintPrevPGD_seed4_HyperAttackHints_VagharDeps_PerturbedIntervals_cTag2.txt",no
,,,,,,,,,,,,,,,,,,,,,,,,,,,,,,,,,,,,,,,,
cnn1,occ,"5,5,5",1,4,35.85,36.01,17.896983,17.896983,17.906923,18.008333,0.111350,no,off,no,yes,prev_pgd,yes,off,0.25,btpr,yes,elim not activated,elim not activated,82,82,82,0,0,4,1.00x,0.00,36.01,1.00x,0.000000,0.101410,OPTIMAL,OPTIMAL,"/root/Downloads/for_dana/vaghar_org/paper_experiments/mnist/cnn1_exp/occ/eps_5,5,5/vagharWithPerturbed_cnn1_model_seed42_itr20_sgd_itr1/63912303076399_cnn1_occ_5.0,5.0,5.0_ctag1__HyperAttackHints_VagharDeps_PertruebedIntervals_cTag2.txt","/root/Downloads/for_dana/vaghar_org/paper_experiments/mnist/cnn1_exp/occ/eps_5,5,5/advStd_cnn1_N1_model_seed42_itr20/63914599278855_n2_cnn1_occ_5.0,5.0,5.0_ctag1_model_seed42_itr20_sgd_itr1_N2_advStd_BoundTightPertRelax0.25_SibGate_zonoBounds_varHintPrevPGD_seed4_both82_orgDrop0_pertDrop0_HyperAttackHints_VagharDeps_PerturbedIntervals_cTag2.txt",no
cnn1,occ,"5,5,5",1,4,35.85,37.47,17.896983,17.896983,18.361454,18.361458,0.464475,no,off,no,yes,no,no,off,0.5,btpr,no,elim not activated,elim not activated,82,91,,,,4,1.05x,0.00,37.47,1.05x,0.000000,0.000004,OPTIMAL,OPTIMAL,"/root/Downloads/for_dana/vaghar_org/paper_experiments/mnist/cnn1_exp/occ/eps_5,5,5/vagharWithPerturbed_cnn1_model_seed42_itr20_sgd_itr1/63912303076399_cnn1_occ_5.0,5.0,5.0_ctag1__HyperAttackHints_VagharDeps_PertruebedIntervals_cTag2.txt","/root/Downloads/for_dana/vaghar_org/paper_experiments/mnist/cnn1_exp/occ/eps_5,5,5/advStd_cnn1_N1_model_seed42_itr20/63912598978228_n2_cnn1_occ_5.0,5.0,5.0_ctag1_model_seed42_itr20_sgd_itr1_N2_advStd_BoundTightPertRelax0.5_seed4_HyperAttackHints_VagharDeps_PerturbedIntervals_cTag2.txt",no
cnn1,occ,"5,5,5",1,4,35.85,39.50,17.896983,17.896983,17.896983,17.973300,0.076317,no,off,no,yes,prev_pgd,no,off,0.0,btpr,no,elim not activated,elim not activated,0,0,,,,4,1.10x,0.00,39.50,1.10x,0.000000,0.076317,OPTIMAL,OPTIMAL,"/root/Downloads/for_dana/vaghar_org/paper_experiments/mnist/cnn1_exp/occ/eps_5,5,5/vagharWithPerturbed_cnn1_model_seed42_itr20_sgd_itr1/63912303076399_cnn1_occ_5.0,5.0,5.0_ctag1__HyperAttackHints_VagharDeps_PertruebedIntervals_cTag2.txt","/root/Downloads/for_dana/vaghar_org/paper_experiments/mnist/cnn1_exp/occ/eps_5,5,5/advStd_cnn1_N1_model_seed42_itr20/63912592370788_n2_cnn1_occ_5.0,5.0,5.0_ctag1_model_seed42_itr20_sgd_itr1_N2_advStd_BoundTightPertRelax0.0_varHintPrevPGD_seed4_HyperAttackHints_VagharDeps_PerturbedIntervals_cTag2.txt",no
cnn1,occ,"5,5,5",1,4,35.85,39.42,17.896983,17.896983,18.361430,18.530447,0.633464,no,off,no,yes,prev_pgd,yes,off,0.5,btpr,yes,elim not activated,elim not activated,82,91,82,0,9,4,1.10x,0.00,39.42,1.10x,0.000000,0.169017,OPTIMAL,OPTIMAL,"/root/Downloads/for_dana/vaghar_org/paper_experiments/mnist/cnn1_exp/occ/eps_5,5,5/vagharWithPerturbed_cnn1_model_seed42_itr20_sgd_itr1/63912303076399_cnn1_occ_5.0,5.0,5.0_ctag1__HyperAttackHints_VagharDeps_PertruebedIntervals_cTag2.txt","/root/Downloads/for_dana/vaghar_org/paper_experiments/mnist/cnn1_exp/occ/eps_5,5,5/advStd_cnn1_N1_model_seed42_itr20/63914600907189_n2_cnn1_occ_5.0,5.0,5.0_ctag1_model_seed42_itr20_sgd_itr1_N2_advStd_BoundTightPertRelax0.5_SibGate_zonoBounds_varHintPrevPGD_seed4_both82_orgDrop0_pertDrop9_HyperAttackHints_VagharDeps_PerturbedIntervals_cTag2.txt",no
cnn1,occ,"5,5,5",1,4,35.85,40.76,17.896983,17.896983,18.361429,18.540416,0.643433,no,off,no,yes,prev_pgd,no,off,0.5,btpr,no,elim not activated,elim not activated,82,91,,,,4,1.14x,0.00,40.76,1.14x,0.000000,0.178987,OPTIMAL,OPTIMAL,"/root/Downloads/for_dana/vaghar_org/paper_experiments/mnist/cnn1_exp/occ/eps_5,5,5/vagharWithPerturbed_cnn1_model_seed42_itr20_sgd_itr1/63912303076399_cnn1_occ_5.0,5.0,5.0_ctag1__HyperAttackHints_VagharDeps_PertruebedIntervals_cTag2.txt","/root/Downloads/for_dana/vaghar_org/paper_experiments/mnist/cnn1_exp/occ/eps_5,5,5/advStd_cnn1_N1_model_seed42_itr20/63912596847047_n2_cnn1_occ_5.0,5.0,5.0_ctag1_model_seed42_itr20_sgd_itr1_N2_advStd_BoundTightPertRelax0.5_varHintPrevPGD_seed4_HyperAttackHints_VagharDeps_PerturbedIntervals_cTag2.txt",no
cnn1,occ,"5,5,5",1,4,35.85,41.46,17.896983,17.896983,17.896983,17.897084,0.000101,no,off,no,yes,direct_pgd,yes,off,0.0,btpr,no,elim not activated,elim not activated,0,0,,,,4,1.16x,0.00,41.46,1.16x,0.000000,0.000101,OPTIMAL,OPTIMAL,"/root/Downloads/for_dana/vaghar_org/paper_experiments/mnist/cnn1_exp/occ/eps_5,5,5/vagharWithPerturbed_cnn1_model_seed42_itr20_sgd_itr1/63912303076399_cnn1_occ_5.0,5.0,5.0_ctag1__HyperAttackHints_VagharDeps_PertruebedIntervals_cTag2.txt","/root/Downloads/for_dana/vaghar_org/paper_experiments/mnist/cnn1_exp/occ/eps_5,5,5/advStd_cnn1_N1_model_seed42_itr20/63912600037901_n2_cnn1_occ_5.0,5.0,5.0_ctag1_model_seed42_itr20_sgd_itr1_N2_advStd_BoundTightPertRelax0.0_zonoBounds_varHintDirectPGD_seed4_HyperAttackHints_VagharDeps_PerturbedIntervals_cTag2.txt",no
cnn1,occ,"5,5,5",1,4,35.85,42.36,17.896983,17.896983,18.355662,18.530014,0.633031,no,off,no,yes,direct_pgd,yes,off,0.5,btpr,no,elim not activated,elim not activated,82,91,,,,4,1.18x,0.00,42.36,1.18x,0.000000,0.174352,OPTIMAL,OPTIMAL,"/root/Downloads/for_dana/vaghar_org/paper_experiments/mnist/cnn1_exp/occ/eps_5,5,5/vagharWithPerturbed_cnn1_model_seed42_itr20_sgd_itr1/63912303076399_cnn1_occ_5.0,5.0,5.0_ctag1__HyperAttackHints_VagharDeps_PertruebedIntervals_cTag2.txt","/root/Downloads/for_dana/vaghar_org/paper_experiments/mnist/cnn1_exp/occ/eps_5,5,5/advStd_cnn1_N1_model_seed42_itr20/63912602126362_n2_cnn1_occ_5.0,5.0,5.0_ctag1_model_seed42_itr20_sgd_itr1_N2_advStd_BoundTightPertRelax0.5_zonoBounds_varHintDirectPGD_seed4_HyperAttackHints_VagharDeps_PerturbedIntervals_cTag2.txt",no
cnn1,occ,"5,5,5",1,4,35.85,43.11,17.896983,17.896983,17.896983,17.897062,0.000079,no,off,no,yes,no,no,off,0.0,btpr,no,elim not activated,elim not activated,0,0,,,,4,1.20x,0.00,43.11,1.20x,0.000000,0.000079,OPTIMAL,OPTIMAL,"/root/Downloads/for_dana/vaghar_org/paper_experiments/mnist/cnn1_exp/occ/eps_5,5,5/vagharWithPerturbed_cnn1_model_seed42_itr20_sgd_itr1/63912303076399_cnn1_occ_5.0,5.0,5.0_ctag1__HyperAttackHints_VagharDeps_PertruebedIntervals_cTag2.txt","/root/Downloads/for_dana/vaghar_org/paper_experiments/mnist/cnn1_exp/occ/eps_5,5,5/advStd_cnn1_N1_model_seed42_itr20/63912593364806_n2_cnn1_occ_5.0,5.0,5.0_ctag1_model_seed42_itr20_sgd_itr1_N2_advStd_BoundTightPertRelax0.0_seed4_HyperAttackHints_VagharDeps_PerturbedIntervals_cTag2.txt",no
cnn1,occ,"5,5,5",1,4,35.85,43.22,17.896983,17.896983,18.361455,18.361459,0.464476,no,off,no,yes,direct_pgd,no,off,0.5,btpr,no,elim not activated,elim not activated,82,91,,,,4,1.21x,0.00,43.22,1.21x,0.000000,0.000004,OPTIMAL,OPTIMAL,"/root/Downloads/for_dana/vaghar_org/paper_experiments/mnist/cnn1_exp/occ/eps_5,5,5/vagharWithPerturbed_cnn1_model_seed42_itr20_sgd_itr1/63912303076399_cnn1_occ_5.0,5.0,5.0_ctag1__HyperAttackHints_VagharDeps_PertruebedIntervals_cTag2.txt","/root/Downloads/for_dana/vaghar_org/paper_experiments/mnist/cnn1_exp/occ/eps_5,5,5/advStd_cnn1_N1_model_seed42_itr20/63912595774395_n2_cnn1_occ_5.0,5.0,5.0_ctag1_model_seed42_itr20_sgd_itr1_N2_advStd_BoundTightPertRelax0.5_varHintDirectPGD_seed4_HyperAttackHints_VagharDeps_PerturbedIntervals_cTag2.txt",no
cnn1,occ,"5,5,5",1,4,35.85,49.17,17.896983,17.896983,18.361429,18.523170,0.626188,no,off,no,yes,prev_pgd,yes,off,0.5,btpr,no,elim not activated,elim not activated,82,91,,,,4,1.37x,0.00,49.17,1.37x,0.000000,0.161741,OPTIMAL,OPTIMAL,"/root/Downloads/for_dana/vaghar_org/paper_experiments/mnist/cnn1_exp/occ/eps_5,5,5/vagharWithPerturbed_cnn1_model_seed42_itr20_sgd_itr1/63912303076399_cnn1_occ_5.0,5.0,5.0_ctag1__HyperAttackHints_VagharDeps_PertruebedIntervals_cTag2.txt","/root/Downloads/for_dana/vaghar_org/paper_experiments/mnist/cnn1_exp/occ/eps_5,5,5/advStd_cnn1_N1_model_seed42_itr20/63912602374897_n2_cnn1_occ_5.0,5.0,5.0_ctag1_model_seed42_itr20_sgd_itr1_N2_advStd_BoundTightPertRelax0.5_zonoBounds_varHintPrevPGD_seed4_HyperAttackHints_VagharDeps_PerturbedIntervals_cTag2.txt",no
cnn1,occ,"5,5,5",1,4,35.85,49.17,17.896983,17.896983,18.361429,18.523170,0.626188,no,off,no,yes,prev_pgd,yes,off,0.5,btpr,no,elim not activated,elim not activated,82,91,,,,4,1.37x,0.00,49.17,1.37x,0.000000,0.161741,OPTIMAL,OPTIMAL,"/root/Downloads/for_dana/vaghar_org/paper_experiments/mnist/cnn1_exp/occ/eps_5,5,5/vagharWithPerturbed_cnn1_model_seed42_itr20_sgd_itr1/63912303076399_cnn1_occ_5.0,5.0,5.0_ctag1__HyperAttackHints_VagharDeps_PertruebedIntervals_cTag2.txt","/root/Downloads/for_dana/vaghar_org/paper_experiments/mnist/cnn1_exp/occ/eps_5,5,5/advStd_cnn1_N1_model_seed42_itr20/63912974500606_n2_cnn1_occ_5.0,5.0,5.0_ctag1_model_seed42_itr20_sgd_itr1_N2_advStd_BoundTightPertRelax0.5_zonoBounds_varHintPrevPGD_seed4_HyperAttackHints_VagharDeps_PerturbedIntervals_cTag2.txt",no
cnn1,occ,"5,5,5",1,4,35.85,49.65,17.896983,17.896983,17.896983,17.896983,0.000000,no,off,no,yes,no,yes,off,0.0,btpr,no,elim not activated,elim not activated,0,0,,,,4,1.39x,0.00,49.65,1.39x,0.000000,0.000000,OPTIMAL,OPTIMAL,"/root/Downloads/for_dana/vaghar_org/paper_experiments/mnist/cnn1_exp/occ/eps_5,5,5/vagharWithPerturbed_cnn1_model_seed42_itr20_sgd_itr1/63912303076399_cnn1_occ_5.0,5.0,5.0_ctag1__HyperAttackHints_VagharDeps_PertruebedIntervals_cTag2.txt","/root/Downloads/for_dana/vaghar_org/paper_experiments/mnist/cnn1_exp/occ/eps_5,5,5/advStd_cnn1_N1_model_seed42_itr20/63912601699024_n2_cnn1_occ_5.0,5.0,5.0_ctag1_model_seed42_itr20_sgd_itr1_N2_advStd_BoundTightPertRelax0.0_zonoBounds_seed4_HyperAttackHints_VagharDeps_PerturbedIntervals_cTag2.txt",no
cnn1,occ,"5,5,5",1,4,35.85,50.58,17.896983,17.896983,17.896985,17.987511,0.090528,no,off,no,yes,prev_pgd,yes,off,0.0,btpr,yes,elim not activated,elim not activated,0,0,0,0,0,4,1.41x,0.00,50.58,1.41x,0.000000,0.090525,OPTIMAL,OPTIMAL,"/root/Downloads/for_dana/vaghar_org/paper_experiments/mnist/cnn1_exp/occ/eps_5,5,5/vagharWithPerturbed_cnn1_model_seed42_itr20_sgd_itr1/63912303076399_cnn1_occ_5.0,5.0,5.0_ctag1__HyperAttackHints_VagharDeps_PertruebedIntervals_cTag2.txt","/root/Downloads/for_dana/vaghar_org/paper_experiments/mnist/cnn1_exp/occ/eps_5,5,5/advStd_cnn1_N1_model_seed42_itr20/63914595338788_n2_cnn1_occ_5.0,5.0,5.0_ctag1_model_seed42_itr20_sgd_itr1_N2_advStd_BoundTightPertRelax0.0_SibGate_zonoBounds_varHintPrevPGD_seed4_both0_orgDrop0_pertDrop0_HyperAttackHints_VagharDeps_PerturbedIntervals_cTag2.txt",no
cnn1,occ,"5,5,5",1,4,35.85,54.25,17.896983,17.896983,18.361430,18.483896,0.586913,no,off,no,yes,prev_pgd,no,off,0.5,btpr,yes,elim not activated,elim not activated,82,91,82,0,9,4,1.51x,0.00,54.25,1.51x,0.000000,0.122466,OPTIMAL,OPTIMAL,"/root/Downloads/for_dana/vaghar_org/paper_experiments/mnist/cnn1_exp/occ/eps_5,5,5/vagharWithPerturbed_cnn1_model_seed42_itr20_sgd_itr1/63912303076399_cnn1_occ_5.0,5.0,5.0_ctag1__HyperAttackHints_VagharDeps_PertruebedIntervals_cTag2.txt","/root/Downloads/for_dana/vaghar_org/paper_experiments/mnist/cnn1_exp/occ/eps_5,5,5/advStd_cnn1_N1_model_seed42_itr20/63914590012395_n2_cnn1_occ_5.0,5.0,5.0_ctag1_model_seed42_itr20_sgd_itr1_N2_advStd_BoundTightPertRelax0.5_SibGate_varHintPrevPGD_seed4_both82_orgDrop0_pertDrop9_HyperAttackHints_VagharDeps_PerturbedIntervals_cTag2.txt",no
cnn1,occ,"5,5,5",1,4,35.85,55.05,17.896983,17.896983,17.896983,17.973300,0.076317,no,off,no,yes,prev_pgd,yes,off,0.0,btpr,no,elim not activated,elim not activated,0,0,,,,4,1.54x,0.00,55.05,1.54x,0.000000,0.076317,OPTIMAL,OPTIMAL,"/root/Downloads/for_dana/vaghar_org/paper_experiments/mnist/cnn1_exp/occ/eps_5,5,5/vagharWithPerturbed_cnn1_model_seed42_itr20_sgd_itr1/63912303076399_cnn1_occ_5.0,5.0,5.0_ctag1__HyperAttackHints_VagharDeps_PertruebedIntervals_cTag2.txt","/root/Downloads/for_dana/vaghar_org/paper_experiments/mnist/cnn1_exp/occ/eps_5,5,5/advStd_cnn1_N1_model_seed42_itr20/63912600597844_n2_cnn1_occ_5.0,5.0,5.0_ctag1_model_seed42_itr20_sgd_itr1_N2_advStd_BoundTightPertRelax0.0_zonoBounds_varHintPrevPGD_seed4_HyperAttackHints_VagharDeps_PerturbedIntervals_cTag2.txt",no
cnn1,occ,"5,5,5",1,4,35.85,55.05,17.896983,17.896983,17.896983,17.973300,0.076317,no,off,no,yes,prev_pgd,yes,off,0.0,btpr,no,elim not activated,elim not activated,0,0,,,,4,1.54x,0.00,55.05,1.54x,0.000000,0.076317,OPTIMAL,OPTIMAL,"/root/Downloads/for_dana/vaghar_org/paper_experiments/mnist/cnn1_exp/occ/eps_5,5,5/vagharWithPerturbed_cnn1_model_seed42_itr20_sgd_itr1/63912303076399_cnn1_occ_5.0,5.0,5.0_ctag1__HyperAttackHints_VagharDeps_PertruebedIntervals_cTag2.txt","/root/Downloads/for_dana/vaghar_org/paper_experiments/mnist/cnn1_exp/occ/eps_5,5,5/advStd_cnn1_N1_model_seed42_itr20/63912974132536_n2_cnn1_occ_5.0,5.0,5.0_ctag1_model_seed42_itr20_sgd_itr1_N2_advStd_BoundTightPertRelax0.0_zonoBounds_varHintPrevPGD_seed4_HyperAttackHints_VagharDeps_PerturbedIntervals_cTag2.txt",no
cnn1,occ,"5,5,5",1,4,35.85,60.74,17.896983,17.896983,17.896983,17.896983,0.000000,no,off,no,yes,direct_pgd,no,off,0.0,btpr,no,elim not activated,elim not activated,0,0,,,,4,1.69x,0.00,60.74,1.69x,0.000000,0.000000,OPTIMAL,OPTIMAL,"/root/Downloads/for_dana/vaghar_org/paper_experiments/mnist/cnn1_exp/occ/eps_5,5,5/vagharWithPerturbed_cnn1_model_seed42_itr20_sgd_itr1/63912303076399_cnn1_occ_5.0,5.0,5.0_ctag1__HyperAttackHints_VagharDeps_PertruebedIntervals_cTag2.txt","/root/Downloads/for_dana/vaghar_org/paper_experiments/mnist/cnn1_exp/occ/eps_5,5,5/advStd_cnn1_N1_model_seed42_itr20/63912588751477_n2_cnn1_occ_5.0,5.0,5.0_ctag1_model_seed42_itr20_sgd_itr1_N2_advStd_BoundTightPertRelax0.0_varHintDirectPGD_seed4_HyperAttackHints_VagharDeps_PerturbedIntervals_cTag2.txt",no
cnn1,occ,"5,5,5",1,4,35.85,60.99,17.896983,17.896983,18.361453,18.361458,0.464475,no,off,no,yes,no,yes,off,0.5,btpr,no,elim not activated,elim not activated,82,91,,,,4,1.70x,0.00,60.99,1.70x,0.000000,0.000005,OPTIMAL,OPTIMAL,"/root/Downloads/for_dana/vaghar_org/paper_experiments/mnist/cnn1_exp/occ/eps_5,5,5/vagharWithPerturbed_cnn1_model_seed42_itr20_sgd_itr1/63912303076399_cnn1_occ_5.0,5.0,5.0_ctag1__HyperAttackHints_VagharDeps_PertruebedIntervals_cTag2.txt","/root/Downloads/for_dana/vaghar_org/paper_experiments/mnist/cnn1_exp/occ/eps_5,5,5/advStd_cnn1_N1_model_seed42_itr20/63912602712509_n2_cnn1_occ_5.0,5.0,5.0_ctag1_model_seed42_itr20_sgd_itr1_N2_advStd_BoundTightPertRelax0.5_zonoBounds_seed4_HyperAttackHints_VagharDeps_PerturbedIntervals_cTag2.txt",no
,,,,,,,,,,,,,,,,,,,,,,,,,,,,,,,,,,,,,,,,
cnn1,occ,"5,5,5",1,5,35.61,35.74,20.047986,20.146874,20.089463,20.184371,0.037498,no,off,no,yes,prev_pgd,yes,off,0.0,btpr,no,elim not activated,elim not activated,0,0,,,,4,1.00x,0.00,35.74,1.00x,0.098887,0.094908,OPTIMAL,OPTIMAL,"/root/Downloads/for_dana/vaghar_org/paper_experiments/mnist/cnn1_exp/occ/eps_5,5,5/vagharWithPerturbed_cnn1_model_seed42_itr20_sgd_itr1/63912303076399_cnn1_occ_5.0,5.0,5.0_ctag1__HyperAttackHints_VagharDeps_PertruebedIntervals_cTag2.txt","/root/Downloads/for_dana/vaghar_org/paper_experiments/mnist/cnn1_exp/occ/eps_5,5,5/advStd_cnn1_N1_model_seed42_itr20/63912600597844_n2_cnn1_occ_5.0,5.0,5.0_ctag1_model_seed42_itr20_sgd_itr1_N2_advStd_BoundTightPertRelax0.0_zonoBounds_varHintPrevPGD_seed4_HyperAttackHints_VagharDeps_PerturbedIntervals_cTag2.txt",no
cnn1,occ,"5,5,5",1,5,35.61,35.74,20.047986,20.146874,20.089463,20.184371,0.037498,no,off,no,yes,prev_pgd,yes,off,0.0,btpr,no,elim not activated,elim not activated,0,0,,,,4,1.00x,0.00,35.74,1.00x,0.098887,0.094908,OPTIMAL,OPTIMAL,"/root/Downloads/for_dana/vaghar_org/paper_experiments/mnist/cnn1_exp/occ/eps_5,5,5/vagharWithPerturbed_cnn1_model_seed42_itr20_sgd_itr1/63912303076399_cnn1_occ_5.0,5.0,5.0_ctag1__HyperAttackHints_VagharDeps_PertruebedIntervals_cTag2.txt","/root/Downloads/for_dana/vaghar_org/paper_experiments/mnist/cnn1_exp/occ/eps_5,5,5/advStd_cnn1_N1_model_seed42_itr20/63912974132536_n2_cnn1_occ_5.0,5.0,5.0_ctag1_model_seed42_itr20_sgd_itr1_N2_advStd_BoundTightPertRelax0.0_zonoBounds_varHintPrevPGD_seed4_HyperAttackHints_VagharDeps_PerturbedIntervals_cTag2.txt",no
cnn1,occ,"5,5,5",1,5,35.61,37.22,20.047986,20.146874,20.089463,20.137036,-0.009838,no,off,no,yes,prev_pgd,yes,off,0.0,btpr,yes,elim not activated,elim not activated,0,0,0,0,0,4,1.05x,0.00,37.22,1.05x,0.098887,0.047572,OPTIMAL,OPTIMAL,"/root/Downloads/for_dana/vaghar_org/paper_experiments/mnist/cnn1_exp/occ/eps_5,5,5/vagharWithPerturbed_cnn1_model_seed42_itr20_sgd_itr1/63912303076399_cnn1_occ_5.0,5.0,5.0_ctag1__HyperAttackHints_VagharDeps_PertruebedIntervals_cTag2.txt","/root/Downloads/for_dana/vaghar_org/paper_experiments/mnist/cnn1_exp/occ/eps_5,5,5/advStd_cnn1_N1_model_seed42_itr20/63914595338788_n2_cnn1_occ_5.0,5.0,5.0_ctag1_model_seed42_itr20_sgd_itr1_N2_advStd_BoundTightPertRelax0.0_SibGate_zonoBounds_varHintPrevPGD_seed4_both0_orgDrop0_pertDrop0_HyperAttackHints_VagharDeps_PerturbedIntervals_cTag2.txt",no
cnn1,occ,"5,5,5",1,5,35.61,37.87,20.047986,20.146874,19.982950,20.156146,0.009272,no,off,no,yes,no,yes,off,0.0,btpr,no,elim not activated,elim not activated,0,0,,,,4,1.06x,0.00,37.87,1.06x,0.098887,0.173195,OPTIMAL,OPTIMAL,"/root/Downloads/for_dana/vaghar_org/paper_experiments/mnist/cnn1_exp/occ/eps_5,5,5/vagharWithPerturbed_cnn1_model_seed42_itr20_sgd_itr1/63912303076399_cnn1_occ_5.0,5.0,5.0_ctag1__HyperAttackHints_VagharDeps_PertruebedIntervals_cTag2.txt","/root/Downloads/for_dana/vaghar_org/paper_experiments/mnist/cnn1_exp/occ/eps_5,5,5/advStd_cnn1_N1_model_seed42_itr20/63912601699024_n2_cnn1_occ_5.0,5.0,5.0_ctag1_model_seed42_itr20_sgd_itr1_N2_advStd_BoundTightPertRelax0.0_zonoBounds_seed4_HyperAttackHints_VagharDeps_PerturbedIntervals_cTag2.txt",no
cnn1,occ,"5,5,5",1,5,35.61,40.23,20.047986,20.146874,20.089463,20.089463,-0.057410,no,off,no,yes,direct_pgd,yes,off,0.0,btpr,no,elim not activated,elim not activated,0,0,,,,4,1.13x,0.00,40.23,1.13x,0.098887,0.000000,OPTIMAL,OPTIMAL,"/root/Downloads/for_dana/vaghar_org/paper_experiments/mnist/cnn1_exp/occ/eps_5,5,5/vagharWithPerturbed_cnn1_model_seed42_itr20_sgd_itr1/63912303076399_cnn1_occ_5.0,5.0,5.0_ctag1__HyperAttackHints_VagharDeps_PertruebedIntervals_cTag2.txt","/root/Downloads/for_dana/vaghar_org/paper_experiments/mnist/cnn1_exp/occ/eps_5,5,5/advStd_cnn1_N1_model_seed42_itr20/63912600037901_n2_cnn1_occ_5.0,5.0,5.0_ctag1_model_seed42_itr20_sgd_itr1_N2_advStd_BoundTightPertRelax0.0_zonoBounds_varHintDirectPGD_seed4_HyperAttackHints_VagharDeps_PerturbedIntervals_cTag2.txt",no
cnn1,occ,"5,5,5",1,5,35.61,40.50,20.047986,20.146874,20.546794,20.546794,0.399921,no,off,no,yes,direct_pgd,no,off,0.5,btpr,no,elim not activated,elim not activated,82,91,,,,4,1.14x,0.00,40.50,1.14x,0.098887,0.000000,OPTIMAL,OPTIMAL,"/root/Downloads/for_dana/vaghar_org/paper_experiments/mnist/cnn1_exp/occ/eps_5,5,5/vagharWithPerturbed_cnn1_model_seed42_itr20_sgd_itr1/63912303076399_cnn1_occ_5.0,5.0,5.0_ctag1__HyperAttackHints_VagharDeps_PertruebedIntervals_cTag2.txt","/root/Downloads/for_dana/vaghar_org/paper_experiments/mnist/cnn1_exp/occ/eps_5,5,5/advStd_cnn1_N1_model_seed42_itr20/63912595774395_n2_cnn1_occ_5.0,5.0,5.0_ctag1_model_seed42_itr20_sgd_itr1_N2_advStd_BoundTightPertRelax0.5_varHintDirectPGD_seed4_HyperAttackHints_VagharDeps_PerturbedIntervals_cTag2.txt",no
cnn1,occ,"5,5,5",1,5,35.61,42.45,20.047986,20.146874,20.546789,20.546794,0.399921,no,off,no,yes,prev_pgd,no,off,0.5,btpr,yes,elim not activated,elim not activated,82,91,82,0,9,4,1.19x,0.00,42.45,1.19x,0.098887,0.000005,OPTIMAL,OPTIMAL,"/root/Downloads/for_dana/vaghar_org/paper_experiments/mnist/cnn1_exp/occ/eps_5,5,5/vagharWithPerturbed_cnn1_model_seed42_itr20_sgd_itr1/63912303076399_cnn1_occ_5.0,5.0,5.0_ctag1__HyperAttackHints_VagharDeps_PertruebedIntervals_cTag2.txt","/root/Downloads/for_dana/vaghar_org/paper_experiments/mnist/cnn1_exp/occ/eps_5,5,5/advStd_cnn1_N1_model_seed42_itr20/63914590012395_n2_cnn1_occ_5.0,5.0,5.0_ctag1_model_seed42_itr20_sgd_itr1_N2_advStd_BoundTightPertRelax0.5_SibGate_varHintPrevPGD_seed4_both82_orgDrop0_pertDrop9_HyperAttackHints_VagharDeps_PerturbedIntervals_cTag2.txt",no
cnn1,occ,"5,5,5",1,5,35.61,48.13,20.047986,20.146874,20.089463,20.089527,-0.057347,no,off,no,yes,no,no,off,0.0,btpr,no,elim not activated,elim not activated,0,0,,,,4,1.35x,0.00,48.13,1.35x,0.098887,0.000064,OPTIMAL,OPTIMAL,"/root/Downloads/for_dana/vaghar_org/paper_experiments/mnist/cnn1_exp/occ/eps_5,5,5/vagharWithPerturbed_cnn1_model_seed42_itr20_sgd_itr1/63912303076399_cnn1_occ_5.0,5.0,5.0_ctag1__HyperAttackHints_VagharDeps_PertruebedIntervals_cTag2.txt","/root/Downloads/for_dana/vaghar_org/paper_experiments/mnist/cnn1_exp/occ/eps_5,5,5/advStd_cnn1_N1_model_seed42_itr20/63912593364806_n2_cnn1_occ_5.0,5.0,5.0_ctag1_model_seed42_itr20_sgd_itr1_N2_advStd_BoundTightPertRelax0.0_seed4_HyperAttackHints_VagharDeps_PerturbedIntervals_cTag2.txt",no
cnn1,occ,"5,5,5",1,5,35.61,50.26,20.047986,20.146874,20.089463,20.199809,0.052936,no,off,no,yes,prev_pgd,no,off,0.0,btpr,no,elim not activated,elim not activated,0,0,,,,4,1.41x,0.00,50.26,1.41x,0.098887,0.110346,OPTIMAL,OPTIMAL,"/root/Downloads/for_dana/vaghar_org/paper_experiments/mnist/cnn1_exp/occ/eps_5,5,5/vagharWithPerturbed_cnn1_model_seed42_itr20_sgd_itr1/63912303076399_cnn1_occ_5.0,5.0,5.0_ctag1__HyperAttackHints_VagharDeps_PertruebedIntervals_cTag2.txt","/root/Downloads/for_dana/vaghar_org/paper_experiments/mnist/cnn1_exp/occ/eps_5,5,5/advStd_cnn1_N1_model_seed42_itr20/63912592370788_n2_cnn1_occ_5.0,5.0,5.0_ctag1_model_seed42_itr20_sgd_itr1_N2_advStd_BoundTightPertRelax0.0_varHintPrevPGD_seed4_HyperAttackHints_VagharDeps_PerturbedIntervals_cTag2.txt",no
cnn1,occ,"5,5,5",1,5,35.61,924.61,20.047986,20.146874,20.089486,20.265690,0.118816,no,off,no,yes,direct_pgd,no,off,0.0,btpr,no,elim not activated,elim not activated,0,0,,,,4,25.97x,0.00,924.61,25.97x,0.098887,0.176203,OPTIMAL,OPTIMAL,"/root/Downloads/for_dana/vaghar_org/paper_experiments/mnist/cnn1_exp/occ/eps_5,5,5/vagharWithPerturbed_cnn1_model_seed42_itr20_sgd_itr1/63912303076399_cnn1_occ_5.0,5.0,5.0_ctag1__HyperAttackHints_VagharDeps_PertruebedIntervals_cTag2.txt","/root/Downloads/for_dana/vaghar_org/paper_experiments/mnist/cnn1_exp/occ/eps_5,5,5/advStd_cnn1_N1_model_seed42_itr20/63912588751477_n2_cnn1_occ_5.0,5.0,5.0_ctag1_model_seed42_itr20_sgd_itr1_N2_advStd_BoundTightPertRelax0.0_varHintDirectPGD_seed4_HyperAttackHints_VagharDeps_PerturbedIntervals_cTag2.txt",no
,,,,,,,,,,,,,,,,,,,,,,,,,,,,,,,,,,,,,,,,
cnn1,occ,"5,5,5",1,6,41.49,42.70,22.061753,22.061753,22.061753,22.061753,0.000000,no,off,no,yes,direct_pgd,no,off,0.0,btpr,no,elim not activated,elim not activated,0,0,,,,4,1.03x,0.00,42.70,1.03x,0.000000,0.000000,OPTIMAL,OPTIMAL,"/root/Downloads/for_dana/vaghar_org/paper_experiments/mnist/cnn1_exp/occ/eps_5,5,5/vagharWithPerturbed_cnn1_model_seed42_itr20_sgd_itr1/63912303076399_cnn1_occ_5.0,5.0,5.0_ctag1__HyperAttackHints_VagharDeps_PertruebedIntervals_cTag2.txt","/root/Downloads/for_dana/vaghar_org/paper_experiments/mnist/cnn1_exp/occ/eps_5,5,5/advStd_cnn1_N1_model_seed42_itr20/63912588751477_n2_cnn1_occ_5.0,5.0,5.0_ctag1_model_seed42_itr20_sgd_itr1_N2_advStd_BoundTightPertRelax0.0_varHintDirectPGD_seed4_HyperAttackHints_VagharDeps_PerturbedIntervals_cTag2.txt",no
cnn1,occ,"5,5,5",1,6,41.49,43.22,22.061753,22.061753,22.522489,22.686641,0.624887,no,off,no,yes,prev_pgd,yes,off,0.5,btpr,no,elim not activated,elim not activated,82,91,,,,4,1.04x,0.00,43.22,1.04x,0.000000,0.164152,OPTIMAL,OPTIMAL,"/root/Downloads/for_dana/vaghar_org/paper_experiments/mnist/cnn1_exp/occ/eps_5,5,5/vagharWithPerturbed_cnn1_model_seed42_itr20_sgd_itr1/63912303076399_cnn1_occ_5.0,5.0,5.0_ctag1__HyperAttackHints_VagharDeps_PertruebedIntervals_cTag2.txt","/root/Downloads/for_dana/vaghar_org/paper_experiments/mnist/cnn1_exp/occ/eps_5,5,5/advStd_cnn1_N1_model_seed42_itr20/63912602374897_n2_cnn1_occ_5.0,5.0,5.0_ctag1_model_seed42_itr20_sgd_itr1_N2_advStd_BoundTightPertRelax0.5_zonoBounds_varHintPrevPGD_seed4_HyperAttackHints_VagharDeps_PerturbedIntervals_cTag2.txt",no
cnn1,occ,"5,5,5",1,6,41.49,43.22,22.061753,22.061753,22.522489,22.686641,0.624887,no,off,no,yes,prev_pgd,yes,off,0.5,btpr,no,elim not activated,elim not activated,82,91,,,,4,1.04x,0.00,43.22,1.04x,0.000000,0.164152,OPTIMAL,OPTIMAL,"/root/Downloads/for_dana/vaghar_org/paper_experiments/mnist/cnn1_exp/occ/eps_5,5,5/vagharWithPerturbed_cnn1_model_seed42_itr20_sgd_itr1/63912303076399_cnn1_occ_5.0,5.0,5.0_ctag1__HyperAttackHints_VagharDeps_PertruebedIntervals_cTag2.txt","/root/Downloads/for_dana/vaghar_org/paper_experiments/mnist/cnn1_exp/occ/eps_5,5,5/advStd_cnn1_N1_model_seed42_itr20/63912974500606_n2_cnn1_occ_5.0,5.0,5.0_ctag1_model_seed42_itr20_sgd_itr1_N2_advStd_BoundTightPertRelax0.5_zonoBounds_varHintPrevPGD_seed4_HyperAttackHints_VagharDeps_PerturbedIntervals_cTag2.txt",no
cnn1,occ,"5,5,5",1,6,41.49,43.46,22.061753,22.061753,22.509924,22.522755,0.461002,no,off,no,yes,direct_pgd,yes,off,0.5,btpr,no,elim not activated,elim not activated,82,91,,,,4,1.05x,0.00,43.46,1.05x,0.000000,0.012831,OPTIMAL,OPTIMAL,"/root/Downloads/for_dana/vaghar_org/paper_experiments/mnist/cnn1_exp/occ/eps_5,5,5/vagharWithPerturbed_cnn1_model_seed42_itr20_sgd_itr1/63912303076399_cnn1_occ_5.0,5.0,5.0_ctag1__HyperAttackHints_VagharDeps_PertruebedIntervals_cTag2.txt","/root/Downloads/for_dana/vaghar_org/paper_experiments/mnist/cnn1_exp/occ/eps_5,5,5/advStd_cnn1_N1_model_seed42_itr20/63912602126362_n2_cnn1_occ_5.0,5.0,5.0_ctag1_model_seed42_itr20_sgd_itr1_N2_advStd_BoundTightPertRelax0.5_zonoBounds_varHintDirectPGD_seed4_HyperAttackHints_VagharDeps_PerturbedIntervals_cTag2.txt",no
cnn1,occ,"5,5,5",1,6,41.49,50.80,22.061753,22.061753,22.522489,22.630073,0.568320,no,off,no,yes,prev_pgd,no,off,0.5,btpr,yes,elim not activated,elim not activated,82,91,82,0,9,4,1.22x,0.00,50.80,1.22x,0.000000,0.107584,OPTIMAL,OPTIMAL,"/root/Downloads/for_dana/vaghar_org/paper_experiments/mnist/cnn1_exp/occ/eps_5,5,5/vagharWithPerturbed_cnn1_model_seed42_itr20_sgd_itr1/63912303076399_cnn1_occ_5.0,5.0,5.0_ctag1__HyperAttackHints_VagharDeps_PertruebedIntervals_cTag2.txt","/root/Downloads/for_dana/vaghar_org/paper_experiments/mnist/cnn1_exp/occ/eps_5,5,5/advStd_cnn1_N1_model_seed42_itr20/63914590012395_n2_cnn1_occ_5.0,5.0,5.0_ctag1_model_seed42_itr20_sgd_itr1_N2_advStd_BoundTightPertRelax0.5_SibGate_varHintPrevPGD_seed4_both82_orgDrop0_pertDrop9_HyperAttackHints_VagharDeps_PerturbedIntervals_cTag2.txt",no
cnn1,occ,"5,5,5",1,6,41.49,54.65,22.061753,22.061753,22.061753,22.061753,0.000000,no,off,no,yes,direct_pgd,yes,off,0.0,btpr,no,elim not activated,elim not activated,0,0,,,,4,1.32x,0.00,54.65,1.32x,0.000000,0.000000,OPTIMAL,OPTIMAL,"/root/Downloads/for_dana/vaghar_org/paper_experiments/mnist/cnn1_exp/occ/eps_5,5,5/vagharWithPerturbed_cnn1_model_seed42_itr20_sgd_itr1/63912303076399_cnn1_occ_5.0,5.0,5.0_ctag1__HyperAttackHints_VagharDeps_PertruebedIntervals_cTag2.txt","/root/Downloads/for_dana/vaghar_org/paper_experiments/mnist/cnn1_exp/occ/eps_5,5,5/advStd_cnn1_N1_model_seed42_itr20/63912600037901_n2_cnn1_occ_5.0,5.0,5.0_ctag1_model_seed42_itr20_sgd_itr1_N2_advStd_BoundTightPertRelax0.0_zonoBounds_varHintDirectPGD_seed4_HyperAttackHints_VagharDeps_PerturbedIntervals_cTag2.txt",no
cnn1,occ,"5,5,5",1,6,41.49,55.21,22.061753,22.061753,22.522559,22.522669,0.460916,no,off,no,yes,direct_pgd,no,off,0.5,btpr,no,elim not activated,elim not activated,82,91,,,,4,1.33x,0.00,55.21,1.33x,0.000000,0.000110,OPTIMAL,OPTIMAL,"/root/Downloads/for_dana/vaghar_org/paper_experiments/mnist/cnn1_exp/occ/eps_5,5,5/vagharWithPerturbed_cnn1_model_seed42_itr20_sgd_itr1/63912303076399_cnn1_occ_5.0,5.0,5.0_ctag1__HyperAttackHints_VagharDeps_PertruebedIntervals_cTag2.txt","/root/Downloads/for_dana/vaghar_org/paper_experiments/mnist/cnn1_exp/occ/eps_5,5,5/advStd_cnn1_N1_model_seed42_itr20/63912595774395_n2_cnn1_occ_5.0,5.0,5.0_ctag1_model_seed42_itr20_sgd_itr1_N2_advStd_BoundTightPertRelax0.5_varHintDirectPGD_seed4_HyperAttackHints_VagharDeps_PerturbedIntervals_cTag2.txt",no
cnn1,occ,"5,5,5",1,6,41.49,58.00,22.061753,22.061753,22.472637,22.522855,0.461102,no,off,no,yes,no,no,off,0.5,btpr,no,elim not activated,elim not activated,82,91,,,,4,1.40x,0.00,58.00,1.40x,0.000000,0.050218,OPTIMAL,OPTIMAL,"/root/Downloads/for_dana/vaghar_org/paper_experiments/mnist/cnn1_exp/occ/eps_5,5,5/vagharWithPerturbed_cnn1_model_seed42_itr20_sgd_itr1/63912303076399_cnn1_occ_5.0,5.0,5.0_ctag1__HyperAttackHints_VagharDeps_PertruebedIntervals_cTag2.txt","/root/Downloads/for_dana/vaghar_org/paper_experiments/mnist/cnn1_exp/occ/eps_5,5,5/advStd_cnn1_N1_model_seed42_itr20/63912598978228_n2_cnn1_occ_5.0,5.0,5.0_ctag1_model_seed42_itr20_sgd_itr1_N2_advStd_BoundTightPertRelax0.5_seed4_HyperAttackHints_VagharDeps_PerturbedIntervals_cTag2.txt",no
cnn1,occ,"5,5,5",1,6,41.49,59.36,22.061753,22.061753,22.085140,22.088053,0.026299,no,off,no,yes,prev_pgd,no,off,0.25,btpr,yes,elim not activated,elim not activated,82,82,82,0,0,4,1.43x,0.00,59.36,1.43x,0.000000,0.002912,OPTIMAL,OPTIMAL,"/root/Downloads/for_dana/vaghar_org/paper_experiments/mnist/cnn1_exp/occ/eps_5,5,5/vagharWithPerturbed_cnn1_model_seed42_itr20_sgd_itr1/63912303076399_cnn1_occ_5.0,5.0,5.0_ctag1__HyperAttackHints_VagharDeps_PertruebedIntervals_cTag2.txt","/root/Downloads/for_dana/vaghar_org/paper_experiments/mnist/cnn1_exp/occ/eps_5,5,5/advStd_cnn1_N1_model_seed42_itr20/63914584262780_n2_cnn1_occ_5.0,5.0,5.0_ctag1_model_seed42_itr20_sgd_itr1_N2_advStd_BoundTightPertRelax0.25_SibGate_varHintPrevPGD_seed4_both82_orgDrop0_pertDrop0_HyperAttackHints_VagharDeps_PerturbedIntervals_cTag2.txt",no
,,,,,,,,,,,,,,,,,,,,,,,,,,,,,,,,,,,,,,,,
cnn1,occ,"5,5,5",1,7,38.38,39.79,10.679110,10.679174,10.668241,10.679175,0.000000,no,off,no,yes,no,yes,off,0.0,btpr,no,elim not activated,elim not activated,0,0,,,,4,1.04x,0.00,39.79,1.04x,0.000064,0.010934,OPTIMAL,OPTIMAL,"/root/Downloads/for_dana/vaghar_org/paper_experiments/mnist/cnn1_exp/occ/eps_5,5,5/vagharWithPerturbed_cnn1_model_seed42_itr20_sgd_itr1/63912303076399_cnn1_occ_5.0,5.0,5.0_ctag1__HyperAttackHints_VagharDeps_PertruebedIntervals_cTag2.txt","/root/Downloads/for_dana/vaghar_org/paper_experiments/mnist/cnn1_exp/occ/eps_5,5,5/advStd_cnn1_N1_model_seed42_itr20/63912601699024_n2_cnn1_occ_5.0,5.0,5.0_ctag1_model_seed42_itr20_sgd_itr1_N2_advStd_BoundTightPertRelax0.0_zonoBounds_seed4_HyperAttackHints_VagharDeps_PerturbedIntervals_cTag2.txt",no
cnn1,occ,"5,5,5",1,7,38.38,40.74,10.679110,10.679174,10.679110,10.755224,0.076049,no,off,no,yes,prev_pgd,no,off,0.0,btpr,no,elim not activated,elim not activated,0,0,,,,4,1.06x,0.00,40.74,1.06x,0.000064,0.076113,OPTIMAL,OPTIMAL,"/root/Downloads/for_dana/vaghar_org/paper_experiments/mnist/cnn1_exp/occ/eps_5,5,5/vagharWithPerturbed_cnn1_model_seed42_itr20_sgd_itr1/63912303076399_cnn1_occ_5.0,5.0,5.0_ctag1__HyperAttackHints_VagharDeps_PertruebedIntervals_cTag2.txt","/root/Downloads/for_dana/vaghar_org/paper_experiments/mnist/cnn1_exp/occ/eps_5,5,5/advStd_cnn1_N1_model_seed42_itr20/63912592370788_n2_cnn1_occ_5.0,5.0,5.0_ctag1_model_seed42_itr20_sgd_itr1_N2_advStd_BoundTightPertRelax0.0_varHintPrevPGD_seed4_HyperAttackHints_VagharDeps_PerturbedIntervals_cTag2.txt",no
cnn1,occ,"5,5,5",1,7,38.38,41.41,10.679110,10.679174,10.871345,10.871345,0.192171,no,off,no,yes,no,no,off,0.5,btpr,no,elim not activated,elim not activated,82,91,,,,4,1.08x,0.00,41.41,1.08x,0.000064,0.000000,OPTIMAL,OPTIMAL,"/root/Downloads/for_dana/vaghar_org/paper_experiments/mnist/cnn1_exp/occ/eps_5,5,5/vagharWithPerturbed_cnn1_model_seed42_itr20_sgd_itr1/63912303076399_cnn1_occ_5.0,5.0,5.0_ctag1__HyperAttackHints_VagharDeps_PertruebedIntervals_cTag2.txt","/root/Downloads/for_dana/vaghar_org/paper_experiments/mnist/cnn1_exp/occ/eps_5,5,5/advStd_cnn1_N1_model_seed42_itr20/63912598978228_n2_cnn1_occ_5.0,5.0,5.0_ctag1_model_seed42_itr20_sgd_itr1_N2_advStd_BoundTightPertRelax0.5_seed4_HyperAttackHints_VagharDeps_PerturbedIntervals_cTag2.txt",no
cnn1,occ,"5,5,5",1,7,38.38,41.95,10.679110,10.679174,10.871345,10.871345,0.192171,no,off,no,yes,no,yes,off,0.5,btpr,no,elim not activated,elim not activated,82,91,,,,4,1.09x,0.00,41.95,1.09x,0.000064,0.000000,OPTIMAL,OPTIMAL,"/root/Downloads/for_dana/vaghar_org/paper_experiments/mnist/cnn1_exp/occ/eps_5,5,5/vagharWithPerturbed_cnn1_model_seed42_itr20_sgd_itr1/63912303076399_cnn1_occ_5.0,5.0,5.0_ctag1__HyperAttackHints_VagharDeps_PertruebedIntervals_cTag2.txt","/root/Downloads/for_dana/vaghar_org/paper_experiments/mnist/cnn1_exp/occ/eps_5,5,5/advStd_cnn1_N1_model_seed42_itr20/63912602712509_n2_cnn1_occ_5.0,5.0,5.0_ctag1_model_seed42_itr20_sgd_itr1_N2_advStd_BoundTightPertRelax0.5_zonoBounds_seed4_HyperAttackHints_VagharDeps_PerturbedIntervals_cTag2.txt",no
cnn1,occ,"5,5,5",1,7,38.38,41.73,10.679110,10.679174,10.718735,10.786278,0.107104,no,off,no,yes,prev_pgd,no,off,0.25,btpr,yes,elim not activated,elim not activated,82,82,82,0,0,4,1.09x,0.00,41.73,1.09x,0.000064,0.067543,OPTIMAL,OPTIMAL,"/root/Downloads/for_dana/vaghar_org/paper_experiments/mnist/cnn1_exp/occ/eps_5,5,5/vagharWithPerturbed_cnn1_model_seed42_itr20_sgd_itr1/63912303076399_cnn1_occ_5.0,5.0,5.0_ctag1__HyperAttackHints_VagharDeps_PertruebedIntervals_cTag2.txt","/root/Downloads/for_dana/vaghar_org/paper_experiments/mnist/cnn1_exp/occ/eps_5,5,5/advStd_cnn1_N1_model_seed42_itr20/63914584262780_n2_cnn1_occ_5.0,5.0,5.0_ctag1_model_seed42_itr20_sgd_itr1_N2_advStd_BoundTightPertRelax0.25_SibGate_varHintPrevPGD_seed4_both82_orgDrop0_pertDrop0_HyperAttackHints_VagharDeps_PerturbedIntervals_cTag2.txt",no
cnn1,occ,"5,5,5",1,7,38.38,41.74,10.679110,10.679174,10.718730,10.795113,0.115938,no,off,no,yes,prev_pgd,yes,off,0.25,btpr,yes,elim not activated,elim not activated,82,82,82,0,0,4,1.09x,0.00,41.74,1.09x,0.000064,0.076383,OPTIMAL,OPTIMAL,"/root/Downloads/for_dana/vaghar_org/paper_experiments/mnist/cnn1_exp/occ/eps_5,5,5/vagharWithPerturbed_cnn1_model_seed42_itr20_sgd_itr1/63912303076399_cnn1_occ_5.0,5.0,5.0_ctag1__HyperAttackHints_VagharDeps_PertruebedIntervals_cTag2.txt","/root/Downloads/for_dana/vaghar_org/paper_experiments/mnist/cnn1_exp/occ/eps_5,5,5/advStd_cnn1_N1_model_seed42_itr20/63914599278855_n2_cnn1_occ_5.0,5.0,5.0_ctag1_model_seed42_itr20_sgd_itr1_N2_advStd_BoundTightPertRelax0.25_SibGate_zonoBounds_varHintPrevPGD_seed4_both82_orgDrop0_pertDrop0_HyperAttackHints_VagharDeps_PerturbedIntervals_cTag2.txt",no
cnn1,occ,"5,5,5",1,7,38.38,43.01,10.679110,10.679174,10.871338,10.967146,0.287972,no,off,no,yes,prev_pgd,no,off,0.5,btpr,yes,elim not activated,elim not activated,82,91,82,0,9,4,1.12x,0.00,43.01,1.12x,0.000064,0.095808,OPTIMAL,OPTIMAL,"/root/Downloads/for_dana/vaghar_org/paper_experiments/mnist/cnn1_exp/occ/eps_5,5,5/vagharWithPerturbed_cnn1_model_seed42_itr20_sgd_itr1/63912303076399_cnn1_occ_5.0,5.0,5.0_ctag1__HyperAttackHints_VagharDeps_PertruebedIntervals_cTag2.txt","/root/Downloads/for_dana/vaghar_org/paper_experiments/mnist/cnn1_exp/occ/eps_5,5,5/advStd_cnn1_N1_model_seed42_itr20/63914590012395_n2_cnn1_occ_5.0,5.0,5.0_ctag1_model_seed42_itr20_sgd_itr1_N2_advStd_BoundTightPertRelax0.5_SibGate_varHintPrevPGD_seed4_both82_orgDrop0_pertDrop9_HyperAttackHints_VagharDeps_PerturbedIntervals_cTag2.txt",no
cnn1,occ,"5,5,5",1,7,38.38,48.51,10.679110,10.679174,10.666921,10.679175,0.000000,no,off,no,yes,direct_pgd,no,off,0.0,btpr,no,elim not activated,elim not activated,0,0,,,,4,1.26x,0.00,48.51,1.26x,0.000064,0.012253,OPTIMAL,OPTIMAL,"/root/Downloads/for_dana/vaghar_org/paper_experiments/mnist/cnn1_exp/occ/eps_5,5,5/vagharWithPerturbed_cnn1_model_seed42_itr20_sgd_itr1/63912303076399_cnn1_occ_5.0,5.0,5.0_ctag1__HyperAttackHints_VagharDeps_PertruebedIntervals_cTag2.txt","/root/Downloads/for_dana/vaghar_org/paper_experiments/mnist/cnn1_exp/occ/eps_5,5,5/advStd_cnn1_N1_model_seed42_itr20/63912588751477_n2_cnn1_occ_5.0,5.0,5.0_ctag1_model_seed42_itr20_sgd_itr1_N2_advStd_BoundTightPertRelax0.0_varHintDirectPGD_seed4_HyperAttackHints_VagharDeps_PerturbedIntervals_cTag2.txt",no
cnn1,occ,"5,5,5",1,7,38.38,48.75,10.679110,10.679174,10.651682,10.716879,0.037705,no,off,no,yes,no,no,off,0.0,btpr,no,elim not activated,elim not activated,0,0,,,,4,1.27x,0.00,48.75,1.27x,0.000064,0.065197,OPTIMAL,OPTIMAL,"/root/Downloads/for_dana/vaghar_org/paper_experiments/mnist/cnn1_exp/occ/eps_5,5,5/vagharWithPerturbed_cnn1_model_seed42_itr20_sgd_itr1/63912303076399_cnn1_occ_5.0,5.0,5.0_ctag1__HyperAttackHints_VagharDeps_PertruebedIntervals_cTag2.txt","/root/Downloads/for_dana/vaghar_org/paper_experiments/mnist/cnn1_exp/occ/eps_5,5,5/advStd_cnn1_N1_model_seed42_itr20/63912593364806_n2_cnn1_occ_5.0,5.0,5.0_ctag1_model_seed42_itr20_sgd_itr1_N2_advStd_BoundTightPertRelax0.0_seed4_HyperAttackHints_VagharDeps_PerturbedIntervals_cTag2.txt",no
cnn1,occ,"5,5,5",1,7,38.38,49.07,10.679110,10.679174,10.670843,10.679175,0.000001,no,off,no,yes,direct_pgd,yes,off,0.0,btpr,no,elim not activated,elim not activated,0,0,,,,4,1.28x,0.00,49.07,1.28x,0.000064,0.008332,OPTIMAL,OPTIMAL,"/root/Downloads/for_dana/vaghar_org/paper_experiments/mnist/cnn1_exp/occ/eps_5,5,5/vagharWithPerturbed_cnn1_model_seed42_itr20_sgd_itr1/63912303076399_cnn1_occ_5.0,5.0,5.0_ctag1__HyperAttackHints_VagharDeps_PertruebedIntervals_cTag2.txt","/root/Downloads/for_dana/vaghar_org/paper_experiments/mnist/cnn1_exp/occ/eps_5,5,5/advStd_cnn1_N1_model_seed42_itr20/63912600037901_n2_cnn1_occ_5.0,5.0,5.0_ctag1_model_seed42_itr20_sgd_itr1_N2_advStd_BoundTightPertRelax0.0_zonoBounds_varHintDirectPGD_seed4_HyperAttackHints_VagharDeps_PerturbedIntervals_cTag2.txt",no
cnn1,occ,"5,5,5",1,7,38.38,55.80,10.679110,10.679174,10.871338,10.924824,0.245650,no,off,no,yes,prev_pgd,no,off,0.5,btpr,no,elim not activated,elim not activated,82,91,,,,4,1.45x,0.00,55.80,1.45x,0.000064,0.053486,OPTIMAL,OPTIMAL,"/root/Downloads/for_dana/vaghar_org/paper_experiments/mnist/cnn1_exp/occ/eps_5,5,5/vagharWithPerturbed_cnn1_model_seed42_itr20_sgd_itr1/63912303076399_cnn1_occ_5.0,5.0,5.0_ctag1__HyperAttackHints_VagharDeps_PertruebedIntervals_cTag2.txt","/root/Downloads/for_dana/vaghar_org/paper_experiments/mnist/cnn1_exp/occ/eps_5,5,5/advStd_cnn1_N1_model_seed42_itr20/63912596847047_n2_cnn1_occ_5.0,5.0,5.0_ctag1_model_seed42_itr20_sgd_itr1_N2_advStd_BoundTightPertRelax0.5_varHintPrevPGD_seed4_HyperAttackHints_VagharDeps_PerturbedIntervals_cTag2.txt",no
cnn1,occ,"5,5,5",1,7,38.38,88.80,10.679110,10.679174,10.679110,10.769235,0.090060,no,off,no,yes,prev_pgd,no,off,0.0,btpr,yes,elim not activated,elim not activated,0,0,0,0,0,4,2.31x,0.00,88.80,2.31x,0.000064,0.090124,OPTIMAL,OPTIMAL,"/root/Downloads/for_dana/vaghar_org/paper_experiments/mnist/cnn1_exp/occ/eps_5,5,5/vagharWithPerturbed_cnn1_model_seed42_itr20_sgd_itr1/63912303076399_cnn1_occ_5.0,5.0,5.0_ctag1__HyperAttackHints_VagharDeps_PertruebedIntervals_cTag2.txt","/root/Downloads/for_dana/vaghar_org/paper_experiments/mnist/cnn1_exp/occ/eps_5,5,5/advStd_cnn1_N1_model_seed42_itr20/63914578765790_n2_cnn1_occ_5.0,5.0,5.0_ctag1_model_seed42_itr20_sgd_itr1_N2_advStd_BoundTightPertRelax0.0_SibGate_varHintPrevPGD_seed4_both0_orgDrop0_pertDrop0_HyperAttackHints_VagharDeps_PerturbedIntervals_cTag2.txt",no
,,,,,,,,,,,,,,,,,,,,,,,,,,,,,,,,,,,,,,,,
cnn1,occ,"5,5,5",1,8,40.33,40.37,15.183941,15.190959,15.442115,15.507499,0.316539,no,off,no,yes,prev_pgd,yes,off,0.5,btpr,no,elim not activated,elim not activated,82,91,,,,4,1.00x,0.00,40.37,1.00x,0.007018,0.065384,OPTIMAL,OPTIMAL,"/root/Downloads/for_dana/vaghar_org/paper_experiments/mnist/cnn1_exp/occ/eps_5,5,5/vagharWithPerturbed_cnn1_model_seed42_itr20_sgd_itr1/63912303076399_cnn1_occ_5.0,5.0,5.0_ctag1__HyperAttackHints_VagharDeps_PertruebedIntervals_cTag2.txt","/root/Downloads/for_dana/vaghar_org/paper_experiments/mnist/cnn1_exp/occ/eps_5,5,5/advStd_cnn1_N1_model_seed42_itr20/63912602374897_n2_cnn1_occ_5.0,5.0,5.0_ctag1_model_seed42_itr20_sgd_itr1_N2_advStd_BoundTightPertRelax0.5_zonoBounds_varHintPrevPGD_seed4_HyperAttackHints_VagharDeps_PerturbedIntervals_cTag2.txt",no
cnn1,occ,"5,5,5",1,8,40.33,40.37,15.183941,15.190959,15.442115,15.507499,0.316539,no,off,no,yes,prev_pgd,yes,off,0.5,btpr,no,elim not activated,elim not activated,82,91,,,,4,1.00x,0.00,40.37,1.00x,0.007018,0.065384,OPTIMAL,OPTIMAL,"/root/Downloads/for_dana/vaghar_org/paper_experiments/mnist/cnn1_exp/occ/eps_5,5,5/vagharWithPerturbed_cnn1_model_seed42_itr20_sgd_itr1/63912303076399_cnn1_occ_5.0,5.0,5.0_ctag1__HyperAttackHints_VagharDeps_PertruebedIntervals_cTag2.txt","/root/Downloads/for_dana/vaghar_org/paper_experiments/mnist/cnn1_exp/occ/eps_5,5,5/advStd_cnn1_N1_model_seed42_itr20/63912974500606_n2_cnn1_occ_5.0,5.0,5.0_ctag1_model_seed42_itr20_sgd_itr1_N2_advStd_BoundTightPertRelax0.5_zonoBounds_varHintPrevPGD_seed4_HyperAttackHints_VagharDeps_PerturbedIntervals_cTag2.txt",no
cnn1,occ,"5,5,5",1,8,40.33,40.50,15.183941,15.190959,15.212615,15.277617,0.086657,no,off,no,yes,prev_pgd,no,off,0.25,btpr,yes,elim not activated,elim not activated,82,82,82,0,0,4,1.00x,0.00,40.50,1.00x,0.007018,0.065002,OPTIMAL,OPTIMAL,"/root/Downloads/for_dana/vaghar_org/paper_experiments/mnist/cnn1_exp/occ/eps_5,5,5/vagharWithPerturbed_cnn1_model_seed42_itr20_sgd_itr1/63912303076399_cnn1_occ_5.0,5.0,5.0_ctag1__HyperAttackHints_VagharDeps_PertruebedIntervals_cTag2.txt","/root/Downloads/for_dana/vaghar_org/paper_experiments/mnist/cnn1_exp/occ/eps_5,5,5/advStd_cnn1_N1_model_seed42_itr20/63914584262780_n2_cnn1_occ_5.0,5.0,5.0_ctag1_model_seed42_itr20_sgd_itr1_N2_advStd_BoundTightPertRelax0.25_SibGate_varHintPrevPGD_seed4_both82_orgDrop0_pertDrop0_HyperAttackHints_VagharDeps_PerturbedIntervals_cTag2.txt",no
cnn1,occ,"5,5,5",1,8,40.33,45.21,15.183941,15.190959,15.442158,15.442189,0.251230,no,off,no,yes,no,yes,off,0.5,btpr,no,elim not activated,elim not activated,82,91,,,,4,1.12x,0.00,45.21,1.12x,0.007018,0.000031,OPTIMAL,OPTIMAL,"/root/Downloads/for_dana/vaghar_org/paper_experiments/mnist/cnn1_exp/occ/eps_5,5,5/vagharWithPerturbed_cnn1_model_seed42_itr20_sgd_itr1/63912303076399_cnn1_occ_5.0,5.0,5.0_ctag1__HyperAttackHints_VagharDeps_PertruebedIntervals_cTag2.txt","/root/Downloads/for_dana/vaghar_org/paper_experiments/mnist/cnn1_exp/occ/eps_5,5,5/advStd_cnn1_N1_model_seed42_itr20/63912602712509_n2_cnn1_occ_5.0,5.0,5.0_ctag1_model_seed42_itr20_sgd_itr1_N2_advStd_BoundTightPertRelax0.5_zonoBounds_seed4_HyperAttackHints_VagharDeps_PerturbedIntervals_cTag2.txt",no
cnn1,occ,"5,5,5",1,8,40.33,45.53,15.183941,15.190959,15.352672,15.442189,0.251230,no,off,no,yes,direct_pgd,yes,off,0.5,btpr,no,elim not activated,elim not activated,82,91,,,,4,1.13x,0.00,45.53,1.13x,0.007018,0.089517,OPTIMAL,OPTIMAL,"/root/Downloads/for_dana/vaghar_org/paper_experiments/mnist/cnn1_exp/occ/eps_5,5,5/vagharWithPerturbed_cnn1_model_seed42_itr20_sgd_itr1/63912303076399_cnn1_occ_5.0,5.0,5.0_ctag1__HyperAttackHints_VagharDeps_PertruebedIntervals_cTag2.txt","/root/Downloads/for_dana/vaghar_org/paper_experiments/mnist/cnn1_exp/occ/eps_5,5,5/advStd_cnn1_N1_model_seed42_itr20/63912602126362_n2_cnn1_occ_5.0,5.0,5.0_ctag1_model_seed42_itr20_sgd_itr1_N2_advStd_BoundTightPertRelax0.5_zonoBounds_varHintDirectPGD_seed4_HyperAttackHints_VagharDeps_PerturbedIntervals_cTag2.txt",no
cnn1,occ,"5,5,5",1,8,40.33,45.90,15.183941,15.190959,15.190959,15.190959,0.000000,no,off,no,yes,no,no,off,0.0,btpr,no,elim not activated,elim not activated,0,0,,,,4,1.14x,0.00,45.90,1.14x,0.007018,0.000000,OPTIMAL,OPTIMAL,"/root/Downloads/for_dana/vaghar_org/paper_experiments/mnist/cnn1_exp/occ/eps_5,5,5/vagharWithPerturbed_cnn1_model_seed42_itr20_sgd_itr1/63912303076399_cnn1_occ_5.0,5.0,5.0_ctag1__HyperAttackHints_VagharDeps_PertruebedIntervals_cTag2.txt","/root/Downloads/for_dana/vaghar_org/paper_experiments/mnist/cnn1_exp/occ/eps_5,5,5/advStd_cnn1_N1_model_seed42_itr20/63912593364806_n2_cnn1_occ_5.0,5.0,5.0_ctag1_model_seed42_itr20_sgd_itr1_N2_advStd_BoundTightPertRelax0.0_seed4_HyperAttackHints_VagharDeps_PerturbedIntervals_cTag2.txt",no
cnn1,occ,"5,5,5",1,8,40.33,47.95,15.183941,15.190959,15.442175,15.442188,0.251228,no,off,no,yes,direct_pgd,no,off,0.5,btpr,no,elim not activated,elim not activated,82,91,,,,4,1.19x,0.00,47.95,1.19x,0.007018,0.000013,OPTIMAL,OPTIMAL,"/root/Downloads/for_dana/vaghar_org/paper_experiments/mnist/cnn1_exp/occ/eps_5,5,5/vagharWithPerturbed_cnn1_model_seed42_itr20_sgd_itr1/63912303076399_cnn1_occ_5.0,5.0,5.0_ctag1__HyperAttackHints_VagharDeps_PertruebedIntervals_cTag2.txt","/root/Downloads/for_dana/vaghar_org/paper_experiments/mnist/cnn1_exp/occ/eps_5,5,5/advStd_cnn1_N1_model_seed42_itr20/63912595774395_n2_cnn1_occ_5.0,5.0,5.0_ctag1_model_seed42_itr20_sgd_itr1_N2_advStd_BoundTightPertRelax0.5_varHintDirectPGD_seed4_HyperAttackHints_VagharDeps_PerturbedIntervals_cTag2.txt",no
cnn1,occ,"5,5,5",1,8,40.33,48.83,15.183941,15.190959,15.442171,15.442187,0.251228,no,off,no,yes,no,no,off,0.5,btpr,no,elim not activated,elim not activated,82,91,,,,4,1.21x,0.00,48.83,1.21x,0.007018,0.000016,OPTIMAL,OPTIMAL,"/root/Downloads/for_dana/vaghar_org/paper_experiments/mnist/cnn1_exp/occ/eps_5,5,5/vagharWithPerturbed_cnn1_model_seed42_itr20_sgd_itr1/63912303076399_cnn1_occ_5.0,5.0,5.0_ctag1__HyperAttackHints_VagharDeps_PertruebedIntervals_cTag2.txt","/root/Downloads/for_dana/vaghar_org/paper_experiments/mnist/cnn1_exp/occ/eps_5,5,5/advStd_cnn1_N1_model_seed42_itr20/63912598978228_n2_cnn1_occ_5.0,5.0,5.0_ctag1_model_seed42_itr20_sgd_itr1_N2_advStd_BoundTightPertRelax0.5_seed4_HyperAttackHints_VagharDeps_PerturbedIntervals_cTag2.txt",no
cnn1,occ,"5,5,5",1,8,40.33,68.17,15.183941,15.190959,15.145799,15.282330,0.091370,no,off,no,yes,direct_pgd,no,off,0.0,btpr,no,elim not activated,elim not activated,0,0,,,,4,1.69x,0.00,68.17,1.69x,0.007018,0.136531,OPTIMAL,OPTIMAL,"/root/Downloads/for_dana/vaghar_org/paper_experiments/mnist/cnn1_exp/occ/eps_5,5,5/vagharWithPerturbed_cnn1_model_seed42_itr20_sgd_itr1/63912303076399_cnn1_occ_5.0,5.0,5.0_ctag1__HyperAttackHints_VagharDeps_PertruebedIntervals_cTag2.txt","/root/Downloads/for_dana/vaghar_org/paper_experiments/mnist/cnn1_exp/occ/eps_5,5,5/advStd_cnn1_N1_model_seed42_itr20/63912588751477_n2_cnn1_occ_5.0,5.0,5.0_ctag1_model_seed42_itr20_sgd_itr1_N2_advStd_BoundTightPertRelax0.0_varHintDirectPGD_seed4_HyperAttackHints_VagharDeps_PerturbedIntervals_cTag2.txt",no
,,,,,,,,,,,,,,,,,,,,,,,,,,,,,,,,,,,,,,,,
cnn1,occ,"5,5,5",1,9,379.24,442.94,11.354270,11.445614,11.389097,11.496624,0.051011,no,off,no,yes,prev_pgd,no,off,0.25,btpr,yes,elim not activated,elim not activated,82,82,82,0,0,4,1.17x,0.00,442.94,1.17x,0.091343,0.107527,OPTIMAL,OPTIMAL,"/root/Downloads/for_dana/vaghar_org/paper_experiments/mnist/cnn1_exp/occ/eps_5,5,5/vagharWithPerturbed_cnn1_model_seed42_itr20_sgd_itr1/63912925247660_cnn1_occ_5.0,5.0,5.0_ctag1__HyperAttackHints_VagharDeps_PertruebedIntervals_cTag2.txt","/root/Downloads/for_dana/vaghar_org/paper_experiments/mnist/cnn1_exp/occ/eps_5,5,5/advStd_cnn1_N1_model_seed42_itr20/63914584262780_n2_cnn1_occ_5.0,5.0,5.0_ctag1_model_seed42_itr20_sgd_itr1_N2_advStd_BoundTightPertRelax0.25_SibGate_varHintPrevPGD_seed4_both82_orgDrop0_pertDrop0_HyperAttackHints_VagharDeps_PerturbedIntervals_cTag2.txt",no
,,,,,,,,,,,,,,,,,,,,,,,,,,,,,,,,,,,,,,,,
cnn1,occ,"5,5,5",2,0,43.91,59.53,19.152592,19.152592,19.604364,19.733061,0.580469,no,off,no,yes,prev_pgd,yes,off,0.5,btpr,yes,elim not activated,elim not activated,82,91,82,0,9,4,1.36x,0.00,59.53,1.36x,0.000000,0.128697,OPTIMAL,OPTIMAL,"/root/Downloads/for_dana/vaghar_org/paper_experiments/mnist/cnn1_exp/occ/eps_5,5,5/vagharWithPerturbed_cnn1_model_seed42_itr20_sgd_itr1/63913096861293_cnn1_occ_5.0,5.0,5.0_ctag2__HyperAttackHints_VagharDeps_PertruebedIntervals_cTag3.txt","/root/Downloads/for_dana/vaghar_org/paper_experiments/mnist/cnn1_exp/occ/eps_5,5,5/advStd_cnn1_N1_model_seed42_itr20/63914957490936_n2_cnn1_occ_5.0,5.0,5.0_ctag2_model_seed42_itr20_sgd_itr1_N2_advStd_BoundTightPertRelax0.5_SibGate_zonoBounds_varHintPrevPGD_seed4_both82_orgDrop0_pertDrop9_HyperAttackHints_VagharDeps_PerturbedIntervals_cTag3.txt",no
,,,,,,,,,,,,,,,,,,,,,,,,,,,,,,,,,,,,,,,,
cnn1,occ,"5,5,5",2,1,154.12,202.88,4.561915,4.598536,4.561915,4.604761,0.006225,no,off,no,yes,prev_pgd,yes,off,0.0,btpr,yes,elim not activated,elim not activated,0,0,0,0,0,4,1.32x,0.00,202.88,1.32x,0.036621,0.042846,OPTIMAL,OPTIMAL,"/root/Downloads/for_dana/vaghar_org/paper_experiments/mnist/cnn1_exp/occ/eps_5,5,5/vagharWithPerturbed_cnn1_model_seed42_itr20_sgd_itr1/63913096861293_cnn1_occ_5.0,5.0,5.0_ctag2__HyperAttackHints_VagharDeps_PertruebedIntervals_cTag3.txt","/root/Downloads/for_dana/vaghar_org/paper_experiments/mnist/cnn1_exp/occ/eps_5,5,5/advStd_cnn1_N1_model_seed42_itr20/63914951131459_n2_cnn1_occ_5.0,5.0,5.0_ctag2_model_seed42_itr20_sgd_itr1_N2_advStd_BoundTightPertRelax0.0_SibGate_zonoBounds_varHintPrevPGD_seed4_both0_orgDrop0_pertDrop0_HyperAttackHints_VagharDeps_PerturbedIntervals_cTag3.txt",no
,,,,,,,,,,,,,,,,,,,,,,,,,,,,,,,,,,,,,,,,
cnn1,occ,"5,5,5",2,3,107.60,118.87,6.066647,6.102450,6.102450,6.134580,0.032130,no,off,no,yes,prev_pgd,yes,off,0.0,btpr,yes,elim not activated,elim not activated,0,0,0,0,0,4,1.10x,0.00,118.87,1.10x,0.035804,0.032130,OPTIMAL,OPTIMAL,"/root/Downloads/for_dana/vaghar_org/paper_experiments/mnist/cnn1_exp/occ/eps_5,5,5/vagharWithPerturbed_cnn1_model_seed42_itr20_sgd_itr1/63912617797513_cnn1_occ_5.0,5.0,5.0_ctag2__HyperAttackHints_VagharDeps_PertruebedIntervals_cTag3.txt","/root/Downloads/for_dana/vaghar_org/paper_experiments/mnist/cnn1_exp/occ/eps_5,5,5/advStd_cnn1_N1_model_seed42_itr20/63914951131459_n2_cnn1_occ_5.0,5.0,5.0_ctag2_model_seed42_itr20_sgd_itr1_N2_advStd_BoundTightPertRelax0.0_SibGate_zonoBounds_varHintPrevPGD_seed4_both0_orgDrop0_pertDrop0_HyperAttackHints_VagharDeps_PerturbedIntervals_cTag3.txt",no
,,,,,,,,,,,,,,,,,,,,,,,,,,,,,,,,,,,,,,,,
cnn1,occ,"5,5,5",2,4,86.23,101.67,19.405602,19.512178,19.388256,19.579118,0.066940,no,off,no,yes,prev_pgd,yes,off,0.0,btpr,yes,elim not activated,elim not activated,0,0,0,0,0,4,1.18x,0.00,101.67,1.18x,0.106576,0.190862,OPTIMAL,OPTIMAL,"/root/Downloads/for_dana/vaghar_org/paper_experiments/mnist/cnn1_exp/occ/eps_5,5,5/vagharWithPerturbed_cnn1_model_seed42_itr20_sgd_itr1/63912617797513_cnn1_occ_5.0,5.0,5.0_ctag2__HyperAttackHints_VagharDeps_PertruebedIntervals_cTag3.txt","/root/Downloads/for_dana/vaghar_org/paper_experiments/mnist/cnn1_exp/occ/eps_5,5,5/advStd_cnn1_N1_model_seed42_itr20/63914951131459_n2_cnn1_occ_5.0,5.0,5.0_ctag2_model_seed42_itr20_sgd_itr1_N2_advStd_BoundTightPertRelax0.0_SibGate_zonoBounds_varHintPrevPGD_seed4_both0_orgDrop0_pertDrop0_HyperAttackHints_VagharDeps_PerturbedIntervals_cTag3.txt",no
cnn1,occ,"5,5,5",2,4,86.23,108.42,19.405602,19.512178,19.959386,20.155476,0.643298,no,off,no,yes,prev_pgd,yes,off,0.5,btpr,yes,elim not activated,elim not activated,82,91,82,0,9,4,1.26x,0.00,108.42,1.26x,0.106576,0.196090,OPTIMAL,OPTIMAL,"/root/Downloads/for_dana/vaghar_org/paper_experiments/mnist/cnn1_exp/occ/eps_5,5,5/vagharWithPerturbed_cnn1_model_seed42_itr20_sgd_itr1/63912617797513_cnn1_occ_5.0,5.0,5.0_ctag2__HyperAttackHints_VagharDeps_PertruebedIntervals_cTag3.txt","/root/Downloads/for_dana/vaghar_org/paper_experiments/mnist/cnn1_exp/occ/eps_5,5,5/advStd_cnn1_N1_model_seed42_itr20/63914957490936_n2_cnn1_occ_5.0,5.0,5.0_ctag2_model_seed42_itr20_sgd_itr1_N2_advStd_BoundTightPertRelax0.5_SibGate_zonoBounds_varHintPrevPGD_seed4_both82_orgDrop0_pertDrop9_HyperAttackHints_VagharDeps_PerturbedIntervals_cTag3.txt",no
,,,,,,,,,,,,,,,,,,,,,,,,,,,,,,,,,,,,,,,,
cnn1,occ,"5,5,5",2,8,40.99,74.80,12.966126,13.068129,13.342553,13.471933,0.403803,no,off,no,yes,prev_pgd,yes,off,0.5,btpr,yes,elim not activated,elim not activated,82,91,82,0,9,4,1.82x,0.00,74.80,1.82x,0.102003,0.129380,OPTIMAL,OPTIMAL,"/root/Downloads/for_dana/vaghar_org/paper_experiments/mnist/cnn1_exp/occ/eps_5,5,5/vagharWithPerturbed_cnn1_model_seed42_itr20_sgd_itr1/63912617797513_cnn1_occ_5.0,5.0,5.0_ctag2__HyperAttackHints_VagharDeps_PertruebedIntervals_cTag3.txt","/root/Downloads/for_dana/vaghar_org/paper_experiments/mnist/cnn1_exp/occ/eps_5,5,5/advStd_cnn1_N1_model_seed42_itr20/63914957490936_n2_cnn1_occ_5.0,5.0,5.0_ctag2_model_seed42_itr20_sgd_itr1_N2_advStd_BoundTightPertRelax0.5_SibGate_zonoBounds_varHintPrevPGD_seed4_both82_orgDrop0_pertDrop9_HyperAttackHints_VagharDeps_PerturbedIntervals_cTag3.txt",no
,,,,,,,,,,,,,,,,,,,,,,,,,,,,,,,,,,,,,,,,
cnn1,occ,"5,5,5",2,9,205.61,514.30,13.586057,13.709732,13.852186,13.971779,0.262047,no,off,no,yes,prev_pgd,yes,off,0.5,btpr,yes,elim not activated,elim not activated,82,91,82,0,9,4,2.50x,0.00,514.30,2.50x,0.123675,0.119593,OPTIMAL,OPTIMAL,"/root/Downloads/for_dana/vaghar_org/paper_experiments/mnist/cnn1_exp/occ/eps_5,5,5/vagharWithPerturbed_cnn1_model_seed42_itr20_sgd_itr1/63913096861293_cnn1_occ_5.0,5.0,5.0_ctag2__HyperAttackHints_VagharDeps_PertruebedIntervals_cTag3.txt","/root/Downloads/for_dana/vaghar_org/paper_experiments/mnist/cnn1_exp/occ/eps_5,5,5/advStd_cnn1_N1_model_seed42_itr20/63914957490936_n2_cnn1_occ_5.0,5.0,5.0_ctag2_model_seed42_itr20_sgd_itr1_N2_advStd_BoundTightPertRelax0.5_SibGate_zonoBounds_varHintPrevPGD_seed4_both82_orgDrop0_pertDrop9_HyperAttackHints_VagharDeps_PerturbedIntervals_cTag3.txt",no
cnn1,occ,"5,5,5",2,9,205.61,527.98,13.586057,13.709732,13.623498,13.727479,0.017747,no,off,no,yes,prev_pgd,yes,off,0.0,btpr,yes,elim not activated,elim not activated,0,0,0,0,0,4,2.57x,0.00,527.98,2.57x,0.123675,0.103981,OPTIMAL,OPTIMAL,"/root/Downloads/for_dana/vaghar_org/paper_experiments/mnist/cnn1_exp/occ/eps_5,5,5/vagharWithPerturbed_cnn1_model_seed42_itr20_sgd_itr1/63913096861293_cnn1_occ_5.0,5.0,5.0_ctag2__HyperAttackHints_VagharDeps_PertruebedIntervals_cTag3.txt","/root/Downloads/for_dana/vaghar_org/paper_experiments/mnist/cnn1_exp/occ/eps_5,5,5/advStd_cnn1_N1_model_seed42_itr20/63914951131459_n2_cnn1_occ_5.0,5.0,5.0_ctag2_model_seed42_itr20_sgd_itr1_N2_advStd_BoundTightPertRelax0.0_SibGate_zonoBounds_varHintPrevPGD_seed4_both0_orgDrop0_pertDrop0_HyperAttackHints_VagharDeps_PerturbedIntervals_cTag3.txt",no
,,,,,,,,,,,,,,,,,,,,,,,,,,,,,,,,,,,,,,,,
cnn1,patch,"1,14,14,3",0,3,96.17,121.05,16.516486,16.644788,16.604707,16.662490,0.017702,no,off,no,yes,direct,yes,off,0.5,btpr,no,elim not activated,elim not activated,82,82,,,,4,1.26x,0.00,121.05,1.26x,0.128302,0.057783,,OPTIMAL,"/root/Downloads/for_dana/vaghar_org/paper_experiments/mnist/cnn1_exp/patch/eps_1,14,14,3/vagharWithPerturbed_cnn1_seed42_itr20_sgd_itr1/63910122191521_cnn1_patch_1.0,14.0,14.0,3.0_ctag0__HyperAttackHints_VagharDeps_PertruebedIntervals_cTag1.txt","/root/Downloads/for_dana/vaghar_org/paper_experiments/mnist/cnn1_exp/patch/eps_1,14,14,3/advStd_cnn1_N1_model_seed42_itr20/63912448960525_n2_cnn1_patch_1.0,14.0,14.0,3.0_ctag0_model_seed42_itr20_sgd_itr1_N2_advStd_BoundTightPertRelax0.5_zonoBounds_varHintDirect_seed4_HyperAttackHints_VagharDeps_PerturbedIntervals_cTag1.txt",no
cnn1,patch,"1,14,14,3",0,3,96.17,122.92,16.516486,16.644788,16.604707,16.662490,0.017702,no,off,no,yes,direct,no,off,0.5,btpr,no,elim not activated,elim not activated,82,82,,,,4,1.28x,0.00,122.92,1.28x,0.128302,0.057783,,OPTIMAL,"/root/Downloads/for_dana/vaghar_org/paper_experiments/mnist/cnn1_exp/patch/eps_1,14,14,3/vagharWithPerturbed_cnn1_seed42_itr20_sgd_itr1/63910122191521_cnn1_patch_1.0,14.0,14.0,3.0_ctag0__HyperAttackHints_VagharDeps_PertruebedIntervals_cTag1.txt","/root/Downloads/for_dana/vaghar_org/paper_experiments/mnist/cnn1_exp/patch/eps_1,14,14,3/advStd_cnn1_N1_model_seed42_itr20/63912448960822_n2_cnn1_patch_1.0,14.0,14.0,3.0_ctag0_model_seed42_itr20_sgd_itr1_N2_advStd_BoundTightPertRelax0.5_varHintDirect_seed4_HyperAttackHints_VagharDeps_PerturbedIntervals_cTag1.txt",no
,,,,,,,,,,,,,,,,,,,,,,,,,,,,,,,,,,,,,,,,
cnn1,patch,"1,14,14,3",0,4,328.21,366.58,12.531821,12.588245,12.632449,12.744099,0.155854,no,off,no,yes,prev_pgd,yes,off,0.5,btpr,no,elim not activated,elim not activated,82,82,,,,4,1.12x,0.00,366.58,1.12x,0.056424,0.111649,,OPTIMAL,"/root/Downloads/for_dana/vaghar_org/paper_experiments/mnist/cnn1_exp/patch/eps_1,14,14,3/vagharWithPerturbed_cnn1_seed42_itr20_sgd_itr1/63910122191521_cnn1_patch_1.0,14.0,14.0,3.0_ctag0__HyperAttackHints_VagharDeps_PertruebedIntervals_cTag1.txt","/root/Downloads/for_dana/vaghar_org/paper_experiments/mnist/cnn1_exp/patch/eps_1,14,14,3/advStd_cnn1_N1_model_seed42_itr20/63912489571581_n2_cnn1_patch_1.0,14.0,14.0,3.0_ctag0_model_seed42_itr20_sgd_itr1_N2_advStd_BoundTightPertRelax0.5_zonoBounds_varHintPrevPGD_seed4_HyperAttackHints_VagharDeps_PerturbedIntervals_cTag1.txt",no
cnn1,patch,"1,14,14,3",0,4,328.21,366.58,12.531821,12.588245,12.632449,12.744099,0.155854,no,off,no,yes,prev_pgd,yes,off,0.5,btpr,no,elim not activated,elim not activated,82,82,,,,4,1.12x,0.00,366.58,1.12x,0.056424,0.111649,,OPTIMAL,"/root/Downloads/for_dana/vaghar_org/paper_experiments/mnist/cnn1_exp/patch/eps_1,14,14,3/vagharWithPerturbed_cnn1_seed42_itr20_sgd_itr1/63910122191521_cnn1_patch_1.0,14.0,14.0,3.0_ctag0__HyperAttackHints_VagharDeps_PertruebedIntervals_cTag1.txt","/root/Downloads/for_dana/vaghar_org/paper_experiments/mnist/cnn1_exp/patch/eps_1,14,14,3/advStd_cnn1_N1_model_seed42_itr20/63912788247417_n2_cnn1_patch_1.0,14.0,14.0,3.0_ctag0_model_seed42_itr20_sgd_itr1_N2_advStd_BoundTightPertRelax0.5_zonoBounds_varHintPrevPGD_seed4_HyperAttackHints_VagharDeps_PerturbedIntervals_cTag1.txt",no
cnn1,patch,"1,14,14,3",0,4,328.21,374.86,12.531821,12.588245,12.633704,12.633705,0.045460,no,off,no,yes,direct_pgd,yes,off,0.5,btpr,no,elim not activated,elim not activated,82,82,,,,4,1.14x,0.00,374.86,1.14x,0.056424,0.000001,,OPTIMAL,"/root/Downloads/for_dana/vaghar_org/paper_experiments/mnist/cnn1_exp/patch/eps_1,14,14,3/vagharWithPerturbed_cnn1_seed42_itr20_sgd_itr1/63910122191521_cnn1_patch_1.0,14.0,14.0,3.0_ctag0__HyperAttackHints_VagharDeps_PertruebedIntervals_cTag1.txt","/root/Downloads/for_dana/vaghar_org/paper_experiments/mnist/cnn1_exp/patch/eps_1,14,14,3/advStd_cnn1_N1_model_seed42_itr20/63912486187683_n2_cnn1_patch_1.0,14.0,14.0,3.0_ctag0_model_seed42_itr20_sgd_itr1_N2_advStd_BoundTightPertRelax0.5_zonoBounds_varHintDirectPGD_seed4_HyperAttackHints_VagharDeps_PerturbedIntervals_cTag1.txt",no
cnn1,patch,"1,14,14,3",0,4,328.21,414.52,12.531821,12.588245,12.508753,12.632627,0.044382,no,off,no,yes,direct,no,off,0.0,btpr,no,elim not activated,elim not activated,0,0,,,,4,1.26x,0.00,414.52,1.26x,0.056424,0.123874,,OPTIMAL,"/root/Downloads/for_dana/vaghar_org/paper_experiments/mnist/cnn1_exp/patch/eps_1,14,14,3/vagharWithPerturbed_cnn1_seed42_itr20_sgd_itr1/63910122191521_cnn1_patch_1.0,14.0,14.0,3.0_ctag0__HyperAttackHints_VagharDeps_PertruebedIntervals_cTag1.txt","/root/Downloads/for_dana/vaghar_org/paper_experiments/mnist/cnn1_exp/patch/eps_1,14,14,3/advStd_cnn1_N1_model_seed42_itr20/63912448943016_n2_cnn1_patch_1.0,14.0,14.0,3.0_ctag0_model_seed42_itr20_sgd_itr1_N2_advStd_BoundTightPertRelax0.0_varHintDirect_seed4_HyperAttackHints_VagharDeps_PerturbedIntervals_cTag1.txt",no
cnn1,patch,"1,14,14,3",0,4,328.21,417.67,12.531821,12.588245,12.508753,12.632627,0.044382,no,off,no,yes,direct,yes,off,0.0,btpr,no,elim not activated,elim not activated,0,0,,,,4,1.27x,0.00,417.67,1.27x,0.056424,0.123874,,OPTIMAL,"/root/Downloads/for_dana/vaghar_org/paper_experiments/mnist/cnn1_exp/patch/eps_1,14,14,3/vagharWithPerturbed_cnn1_seed42_itr20_sgd_itr1/63910122191521_cnn1_patch_1.0,14.0,14.0,3.0_ctag0__HyperAttackHints_VagharDeps_PertruebedIntervals_cTag1.txt","/root/Downloads/for_dana/vaghar_org/paper_experiments/mnist/cnn1_exp/patch/eps_1,14,14,3/advStd_cnn1_N1_model_seed42_itr20/63912448942089_n2_cnn1_patch_1.0,14.0,14.0,3.0_ctag0_model_seed42_itr20_sgd_itr1_N2_advStd_BoundTightPertRelax0.0_zonoBounds_varHintDirect_seed4_HyperAttackHints_VagharDeps_PerturbedIntervals_cTag1.txt",no
cnn1,patch,"1,14,14,3",0,4,328.21,428.98,12.531821,12.588245,12.531822,12.616795,0.028550,no,off,no,yes,prev_pgd,no,off,0.0,btpr,no,elim not activated,elim not activated,0,0,,,,4,1.31x,0.00,428.98,1.31x,0.056424,0.084973,,OPTIMAL,"/root/Downloads/for_dana/vaghar_org/paper_experiments/mnist/cnn1_exp/patch/eps_1,14,14,3/vagharWithPerturbed_cnn1_seed42_itr20_sgd_itr1/63910122191521_cnn1_patch_1.0,14.0,14.0,3.0_ctag0__HyperAttackHints_VagharDeps_PertruebedIntervals_cTag1.txt","/root/Downloads/for_dana/vaghar_org/paper_experiments/mnist/cnn1_exp/patch/eps_1,14,14,3/advStd_cnn1_N1_model_seed42_itr20/63912485997672_n2_cnn1_patch_1.0,14.0,14.0,3.0_ctag0_model_seed42_itr20_sgd_itr1_N2_advStd_BoundTightPertRelax0.0_varHintPrevPGD_seed4_HyperAttackHints_VagharDeps_PerturbedIntervals_cTag1.txt",no
cnn1,patch,"1,14,14,3",0,4,328.21,468.98,12.531821,12.588245,12.531821,12.652708,0.064463,no,off,no,yes,no,no,off,0.01,btpr,no,elim not activated,elim not activated,0,0,,,,4,1.43x,0.00,468.98,1.43x,0.056424,0.120887,,OPTIMAL,"/root/Downloads/for_dana/vaghar_org/paper_experiments/mnist/cnn1_exp/patch/eps_1,14,14,3/vagharWithPerturbed_cnn1_seed42_itr20_sgd_itr1/63910122191521_cnn1_patch_1.0,14.0,14.0,3.0_ctag0__HyperAttackHints_VagharDeps_PertruebedIntervals_cTag1.txt","/root/Downloads/for_dana/vaghar_org/paper_experiments/mnist/cnn1_exp/patch/eps_1,14,14,3/advStd_cnn1_N1_model_seed42_itr20/63912278625875_n2_cnn1_patch_1.0,14.0,14.0,3.0_ctag0_model_seed42_itr20_sgd_itr1_N2_advStd_BoundTightPertRelax0.01_seed4_HyperAttackHints_VagharDeps_PerturbedIntervals_cTag1.txt",no
cnn1,patch,"1,14,14,3",0,4,328.21,482.18,12.531821,12.588245,12.531821,12.652708,0.064463,no,off,no,yes,no,no,off,0.0,btpr,no,elim not activated,elim not activated,0,0,,,,4,1.47x,0.00,482.18,1.47x,0.056424,0.120887,,OPTIMAL,"/root/Downloads/for_dana/vaghar_org/paper_experiments/mnist/cnn1_exp/patch/eps_1,14,14,3/vagharWithPerturbed_cnn1_seed42_itr20_sgd_itr1/63910122191521_cnn1_patch_1.0,14.0,14.0,3.0_ctag0__HyperAttackHints_VagharDeps_PertruebedIntervals_cTag1.txt","/root/Downloads/for_dana/vaghar_org/paper_experiments/mnist/cnn1_exp/patch/eps_1,14,14,3/advStd_cnn1_N1_model_seed42_itr20/63912278624968_n2_cnn1_patch_1.0,14.0,14.0,3.0_ctag0_model_seed42_itr20_sgd_itr1_N2_advStd_BoundTightPertRelax0.0_seed4_HyperAttackHints_VagharDeps_PerturbedIntervals_cTag1.txt",no
cnn1,patch,"1,14,14,3",0,4,328.21,503.18,12.531821,12.588245,12.531821,12.652708,0.064463,no,off,no,yes,no,yes,off,0.0,btpr,no,elim not activated,elim not activated,0,0,,,,4,1.53x,0.00,503.18,1.53x,0.056424,0.120887,,OPTIMAL,"/root/Downloads/for_dana/vaghar_org/paper_experiments/mnist/cnn1_exp/patch/eps_1,14,14,3/vagharWithPerturbed_cnn1_seed42_itr20_sgd_itr1/63910122191521_cnn1_patch_1.0,14.0,14.0,3.0_ctag0__HyperAttackHints_VagharDeps_PertruebedIntervals_cTag1.txt","/root/Downloads/for_dana/vaghar_org/paper_experiments/mnist/cnn1_exp/patch/eps_1,14,14,3/advStd_cnn1_N1_model_seed42_itr20/63912283035301_n2_cnn1_patch_1.0,14.0,14.0,3.0_ctag0_model_seed42_itr20_sgd_itr1_N2_advStd_BoundTightPertRelax0.0_zonoBounds_seed4_HyperAttackHints_VagharDeps_PerturbedIntervals_cTag1.txt",no
cnn1,patch,"1,14,14,3",0,4,328.21,525.50,12.531821,12.588245,12.531821,12.652708,0.064463,no,off,no,yes,no,yes,off,0.0,btpr,no,elim not activated,elim not activated,0,0,,,,4,1.60x,0.00,525.50,1.60x,0.056424,0.120887,,OPTIMAL,"/root/Downloads/for_dana/vaghar_org/paper_experiments/mnist/cnn1_exp/patch/eps_1,14,14,3/vagharWithPerturbed_cnn1_seed42_itr20_sgd_itr1/63910122191521_cnn1_patch_1.0,14.0,14.0,3.0_ctag0__HyperAttackHints_VagharDeps_PertruebedIntervals_cTag1.txt","/root/Downloads/for_dana/vaghar_org/paper_experiments/mnist/cnn1_exp/patch/eps_1,14,14,3/advStd_cnn1_N1_model_seed42_itr20/63912282117838_n2_cnn1_patch_1.0,14.0,14.0,3.0_ctag0_model_seed42_itr20_sgd_itr1_N2_advStd_BoundTightPertRelax0.0_zonoBounds_seed4_HyperAttackHints_VagharDeps_PerturbedIntervals_cTag1.txt",no
cnn1,patch,"1,14,14,3",0,4,328.21,539.19,12.531821,12.588245,12.531821,12.652708,0.064463,no,off,no,yes,no,yes,off,0.01,btpr,no,elim not activated,elim not activated,0,0,,,,4,1.64x,0.00,539.19,1.64x,0.056424,0.120887,,OPTIMAL,"/root/Downloads/for_dana/vaghar_org/paper_experiments/mnist/cnn1_exp/patch/eps_1,14,14,3/vagharWithPerturbed_cnn1_seed42_itr20_sgd_itr1/63910122191521_cnn1_patch_1.0,14.0,14.0,3.0_ctag0__HyperAttackHints_VagharDeps_PertruebedIntervals_cTag1.txt","/root/Downloads/for_dana/vaghar_org/paper_experiments/mnist/cnn1_exp/patch/eps_1,14,14,3/advStd_cnn1_N1_model_seed42_itr20/63912283037584_n2_cnn1_patch_1.0,14.0,14.0,3.0_ctag0_model_seed42_itr20_sgd_itr1_N2_advStd_BoundTightPertRelax0.01_zonoBounds_seed4_HyperAttackHints_VagharDeps_PerturbedIntervals_cTag1.txt",no
cnn1,patch,"1,14,14,3",0,4,328.21,545.86,12.531821,12.588245,12.531821,12.652708,0.064463,no,off,no,yes,no,yes,off,0.01,btpr,no,elim not activated,elim not activated,0,0,,,,4,1.66x,0.00,545.86,1.66x,0.056424,0.120887,,OPTIMAL,"/root/Downloads/for_dana/vaghar_org/paper_experiments/mnist/cnn1_exp/patch/eps_1,14,14,3/vagharWithPerturbed_cnn1_seed42_itr20_sgd_itr1/63910122191521_cnn1_patch_1.0,14.0,14.0,3.0_ctag0__HyperAttackHints_VagharDeps_PertruebedIntervals_cTag1.txt","/root/Downloads/for_dana/vaghar_org/paper_experiments/mnist/cnn1_exp/patch/eps_1,14,14,3/advStd_cnn1_N1_model_seed42_itr20/63912282828164_n2_cnn1_patch_1.0,14.0,14.0,3.0_ctag0_model_seed42_itr20_sgd_itr1_N2_advStd_BoundTightPertRelax0.01_zonoBounds_seed4_HyperAttackHints_VagharDeps_PerturbedIntervals_cTag1.txt",no
cnn1,patch,"1,14,14,3",0,4,328.21,579.79,12.531821,12.588245,12.531821,12.635271,0.047026,no,off,no,yes,direct_pgd,yes,off,0.0,btpr,no,elim not activated,elim not activated,0,0,,,,4,1.77x,0.00,579.79,1.77x,0.056424,0.103450,,OPTIMAL,"/root/Downloads/for_dana/vaghar_org/paper_experiments/mnist/cnn1_exp/patch/eps_1,14,14,3/vagharWithPerturbed_cnn1_seed42_itr20_sgd_itr1/63910122191521_cnn1_patch_1.0,14.0,14.0,3.0_ctag0__HyperAttackHints_VagharDeps_PertruebedIntervals_cTag1.txt","/root/Downloads/for_dana/vaghar_org/paper_experiments/mnist/cnn1_exp/patch/eps_1,14,14,3/advStd_cnn1_N1_model_seed42_itr20/63912485963377_n2_cnn1_patch_1.0,14.0,14.0,3.0_ctag0_model_seed42_itr20_sgd_itr1_N2_advStd_BoundTightPertRelax0.0_zonoBounds_varHintDirectPGD_seed4_HyperAttackHints_VagharDeps_PerturbedIntervals_cTag1.txt",no
cnn1,patch,"1,14,14,3",0,4,328.21,636.96,12.531821,12.588245,12.531821,12.635271,0.047026,no,off,no,yes,direct_pgd,no,off,0.0,btpr,no,elim not activated,elim not activated,0,0,,,,4,1.94x,0.00,636.96,1.94x,0.056424,0.103450,,OPTIMAL,"/root/Downloads/for_dana/vaghar_org/paper_experiments/mnist/cnn1_exp/patch/eps_1,14,14,3/vagharWithPerturbed_cnn1_seed42_itr20_sgd_itr1/63910122191521_cnn1_patch_1.0,14.0,14.0,3.0_ctag0__HyperAttackHints_VagharDeps_PertruebedIntervals_cTag1.txt","/root/Downloads/for_dana/vaghar_org/paper_experiments/mnist/cnn1_exp/patch/eps_1,14,14,3/advStd_cnn1_N1_model_seed42_itr20/63912486022660_n2_cnn1_patch_1.0,14.0,14.0,3.0_ctag0_model_seed42_itr20_sgd_itr1_N2_advStd_BoundTightPertRelax0.0_varHintDirectPGD_seed4_HyperAttackHints_VagharDeps_PerturbedIntervals_cTag1.txt",no
,,,,,,,,,,,,,,,,,,,,,,,,,,,,,,,,,,,,,,,,
cnn1,patch,"1,14,14,3",0,5,62.33,62.86,13.796666,13.907650,13.983341,13.983342,0.075692,no,off,no,yes,no,no,off,0.5,btpr,no,elim not activated,elim not activated,82,82,,,,4,1.01x,0.00,62.86,1.01x,0.110984,0.000001,,OPTIMAL,"/root/Downloads/for_dana/vaghar_org/paper_experiments/mnist/cnn1_exp/patch/eps_1,14,14,3/vagharWithPerturbed_cnn1_seed42_itr20_sgd_itr1/63910122191521_cnn1_patch_1.0,14.0,14.0,3.0_ctag0__HyperAttackHints_VagharDeps_PertruebedIntervals_cTag1.txt","/root/Downloads/for_dana/vaghar_org/paper_experiments/mnist/cnn1_exp/patch/eps_1,14,14,3/advStd_cnn1_N1_model_seed42_itr20/63912282052985_n2_cnn1_patch_1.0,14.0,14.0,3.0_ctag0_model_seed42_itr20_sgd_itr1_N2_advStd_BoundTightPertRelax0.5_seed4_HyperAttackHints_VagharDeps_PerturbedIntervals_cTag1.txt",no
cnn1,patch,"1,14,14,3",0,5,62.33,74.07,13.796666,13.907650,13.791304,13.908929,0.001279,no,off,no,yes,direct_pgd,no,off,0.0,btpr,no,elim not activated,elim not activated,0,0,,,,4,1.19x,0.00,74.07,1.19x,0.110984,0.117625,,OPTIMAL,"/root/Downloads/for_dana/vaghar_org/paper_experiments/mnist/cnn1_exp/patch/eps_1,14,14,3/vagharWithPerturbed_cnn1_seed42_itr20_sgd_itr1/63910122191521_cnn1_patch_1.0,14.0,14.0,3.0_ctag0__HyperAttackHints_VagharDeps_PertruebedIntervals_cTag1.txt","/root/Downloads/for_dana/vaghar_org/paper_experiments/mnist/cnn1_exp/patch/eps_1,14,14,3/advStd_cnn1_N1_model_seed42_itr20/63912486022660_n2_cnn1_patch_1.0,14.0,14.0,3.0_ctag0_model_seed42_itr20_sgd_itr1_N2_advStd_BoundTightPertRelax0.0_varHintDirectPGD_seed4_HyperAttackHints_VagharDeps_PerturbedIntervals_cTag1.txt",no
cnn1,patch,"1,14,14,3",0,5,62.33,90.33,13.796666,13.907650,13.983341,14.033241,0.125591,no,off,no,yes,prev,yes,off,0.5,btpr,no,elim not activated,elim not activated,82,82,,,,4,1.45x,0.00,90.33,1.45x,0.110984,0.049900,,OPTIMAL,"/root/Downloads/for_dana/vaghar_org/paper_experiments/mnist/cnn1_exp/patch/eps_1,14,14,3/vagharWithPerturbed_cnn1_seed42_itr20_sgd_itr1/63910122191521_cnn1_patch_1.0,14.0,14.0,3.0_ctag0__HyperAttackHints_VagharDeps_PertruebedIntervals_cTag1.txt","/root/Downloads/for_dana/vaghar_org/paper_experiments/mnist/cnn1_exp/patch/eps_1,14,14,3/advStd_cnn1_N1_model_seed42_itr20/63912428484171_n2_cnn1_patch_1.0,14.0,14.0,3.0_ctag0_model_seed42_itr20_sgd_itr1_N2_advStd_BoundTightPertRelax0.5_zonoBounds_varHintFixed_seed4_HyperAttackHints_VagharDeps_PerturbedIntervals_cTag1.txt",no
cnn1,patch,"1,14,14,3",0,5,62.33,109.38,13.796666,13.907650,13.983341,14.033241,0.125591,no,off,no,yes,prev,no,off,0.5,btpr,no,elim not activated,elim not activated,82,82,,,,4,1.75x,0.00,109.38,1.75x,0.110984,0.049900,,OPTIMAL,"/root/Downloads/for_dana/vaghar_org/paper_experiments/mnist/cnn1_exp/patch/eps_1,14,14,3/vagharWithPerturbed_cnn1_seed42_itr20_sgd_itr1/63910122191521_cnn1_patch_1.0,14.0,14.0,3.0_ctag0__HyperAttackHints_VagharDeps_PertruebedIntervals_cTag1.txt","/root/Downloads/for_dana/vaghar_org/paper_experiments/mnist/cnn1_exp/patch/eps_1,14,14,3/advStd_cnn1_N1_model_seed42_itr20/63912428487340_n2_cnn1_patch_1.0,14.0,14.0,3.0_ctag0_model_seed42_itr20_sgd_itr1_N2_advStd_BoundTightPertRelax0.5_varHintFixed_seed4_HyperAttackHints_VagharDeps_PerturbedIntervals_cTag1.txt",no
cnn1,patch,"1,14,14,3",0,5,62.33,598.51,13.796666,13.907650,13.898676,14.037513,0.129863,no,off,no,yes,no,no,off,0.01,btpr,no,elim not activated,elim not activated,0,0,,,,4,9.60x,0.00,598.51,9.60x,0.110984,0.138837,,OPTIMAL,"/root/Downloads/for_dana/vaghar_org/paper_experiments/mnist/cnn1_exp/patch/eps_1,14,14,3/vagharWithPerturbed_cnn1_seed42_itr20_sgd_itr1/63910122191521_cnn1_patch_1.0,14.0,14.0,3.0_ctag0__HyperAttackHints_VagharDeps_PertruebedIntervals_cTag1.txt","/root/Downloads/for_dana/vaghar_org/paper_experiments/mnist/cnn1_exp/patch/eps_1,14,14,3/advStd_cnn1_N1_model_seed42_itr20/63912278625875_n2_cnn1_patch_1.0,14.0,14.0,3.0_ctag0_model_seed42_itr20_sgd_itr1_N2_advStd_BoundTightPertRelax0.01_seed4_HyperAttackHints_VagharDeps_PerturbedIntervals_cTag1.txt",no
cnn1,patch,"1,14,14,3",0,5,62.33,603.28,13.796666,13.907650,13.898676,14.037513,0.129863,no,off,no,yes,no,no,off,0.0,btpr,no,elim not activated,elim not activated,0,0,,,,4,9.68x,0.00,603.28,9.68x,0.110984,0.138837,,OPTIMAL,"/root/Downloads/for_dana/vaghar_org/paper_experiments/mnist/cnn1_exp/patch/eps_1,14,14,3/vagharWithPerturbed_cnn1_seed42_itr20_sgd_itr1/63910122191521_cnn1_patch_1.0,14.0,14.0,3.0_ctag0__HyperAttackHints_VagharDeps_PertruebedIntervals_cTag1.txt","/root/Downloads/for_dana/vaghar_org/paper_experiments/mnist/cnn1_exp/patch/eps_1,14,14,3/advStd_cnn1_N1_model_seed42_itr20/63912278624968_n2_cnn1_patch_1.0,14.0,14.0,3.0_ctag0_model_seed42_itr20_sgd_itr1_N2_advStd_BoundTightPertRelax0.0_seed4_HyperAttackHints_VagharDeps_PerturbedIntervals_cTag1.txt",no
cnn1,patch,"1,14,14,3",0,5,62.33,619.60,13.796666,13.907650,13.898676,14.037513,0.129863,no,off,no,yes,no,yes,off,0.0,btpr,no,elim not activated,elim not activated,0,0,,,,4,9.94x,0.00,619.60,9.94x,0.110984,0.138837,,OPTIMAL,"/root/Downloads/for_dana/vaghar_org/paper_experiments/mnist/cnn1_exp/patch/eps_1,14,14,3/vagharWithPerturbed_cnn1_seed42_itr20_sgd_itr1/63910122191521_cnn1_patch_1.0,14.0,14.0,3.0_ctag0__HyperAttackHints_VagharDeps_PertruebedIntervals_cTag1.txt","/root/Downloads/for_dana/vaghar_org/paper_experiments/mnist/cnn1_exp/patch/eps_1,14,14,3/advStd_cnn1_N1_model_seed42_itr20/63912283035301_n2_cnn1_patch_1.0,14.0,14.0,3.0_ctag0_model_seed42_itr20_sgd_itr1_N2_advStd_BoundTightPertRelax0.0_zonoBounds_seed4_HyperAttackHints_VagharDeps_PerturbedIntervals_cTag1.txt",no
cnn1,patch,"1,14,14,3",0,5,62.33,628.66,13.796666,13.907650,13.898676,14.037513,0.129863,no,off,no,yes,no,yes,off,0.01,btpr,no,elim not activated,elim not activated,0,0,,,,4,10.09x,0.00,628.66,10.09x,0.110984,0.138837,,OPTIMAL,"/root/Downloads/for_dana/vaghar_org/paper_experiments/mnist/cnn1_exp/patch/eps_1,14,14,3/vagharWithPerturbed_cnn1_seed42_itr20_sgd_itr1/63910122191521_cnn1_patch_1.0,14.0,14.0,3.0_ctag0__HyperAttackHints_VagharDeps_PertruebedIntervals_cTag1.txt","/root/Downloads/for_dana/vaghar_org/paper_experiments/mnist/cnn1_exp/patch/eps_1,14,14,3/advStd_cnn1_N1_model_seed42_itr20/63912282828164_n2_cnn1_patch_1.0,14.0,14.0,3.0_ctag0_model_seed42_itr20_sgd_itr1_N2_advStd_BoundTightPertRelax0.01_zonoBounds_seed4_HyperAttackHints_VagharDeps_PerturbedIntervals_cTag1.txt",no
cnn1,patch,"1,14,14,3",0,5,62.33,652.89,13.796666,13.907650,13.898676,14.037513,0.129863,no,off,no,yes,no,yes,off,0.01,btpr,no,elim not activated,elim not activated,0,0,,,,4,10.48x,0.00,652.89,10.48x,0.110984,0.138837,,OPTIMAL,"/root/Downloads/for_dana/vaghar_org/paper_experiments/mnist/cnn1_exp/patch/eps_1,14,14,3/vagharWithPerturbed_cnn1_seed42_itr20_sgd_itr1/63910122191521_cnn1_patch_1.0,14.0,14.0,3.0_ctag0__HyperAttackHints_VagharDeps_PertruebedIntervals_cTag1.txt","/root/Downloads/for_dana/vaghar_org/paper_experiments/mnist/cnn1_exp/patch/eps_1,14,14,3/advStd_cnn1_N1_model_seed42_itr20/63912283037584_n2_cnn1_patch_1.0,14.0,14.0,3.0_ctag0_model_seed42_itr20_sgd_itr1_N2_advStd_BoundTightPertRelax0.01_zonoBounds_seed4_HyperAttackHints_VagharDeps_PerturbedIntervals_cTag1.txt",no
cnn1,patch,"1,14,14,3",0,5,62.33,744.70,13.796666,13.907650,13.898676,14.037513,0.129863,no,off,no,yes,no,yes,off,0.0,btpr,no,elim not activated,elim not activated,0,0,,,,4,11.95x,0.00,744.70,11.95x,0.110984,0.138837,,OPTIMAL,"/root/Downloads/for_dana/vaghar_org/paper_experiments/mnist/cnn1_exp/patch/eps_1,14,14,3/vagharWithPerturbed_cnn1_seed42_itr20_sgd_itr1/63910122191521_cnn1_patch_1.0,14.0,14.0,3.0_ctag0__HyperAttackHints_VagharDeps_PertruebedIntervals_cTag1.txt","/root/Downloads/for_dana/vaghar_org/paper_experiments/mnist/cnn1_exp/patch/eps_1,14,14,3/advStd_cnn1_N1_model_seed42_itr20/63912282117838_n2_cnn1_patch_1.0,14.0,14.0,3.0_ctag0_model_seed42_itr20_sgd_itr1_N2_advStd_BoundTightPertRelax0.0_zonoBounds_seed4_HyperAttackHints_VagharDeps_PerturbedIntervals_cTag1.txt",no
,,,,,,,,,,,,,,,,,,,,,,,,,,,,,,,,,,,,,,,,
cnn1,patch,"1,14,14,3",0,6,34.38,35.26,8.702296,8.780980,8.760406,8.772818,-0.008162,no,off,no,yes,no,yes,off,0.1,btpr,no,elim not activated,elim not activated,1,1,,,,4,1.03x,0.00,35.26,1.03x,0.078684,0.012412,OPTIMAL,OPTIMAL,"/root/Downloads/for_dana/vaghar_org/paper_experiments/mnist/cnn1_exp/patch/eps_1,14,14,3/vagharWithPerturbed_cnn1_model_seed42_itr20_sgd_itr1/63912316281398_cnn1_patch_1.0,14.0,14.0,3.0_ctag0__HyperAttackHints_VagharDeps_PertruebedIntervals_cTag1.txt","/root/Downloads/for_dana/vaghar_org/paper_experiments/mnist/cnn1_exp/patch/eps_1,14,14,3/advStd_cnn1_N1_model_seed42_itr20/63912288224377_n2_cnn1_patch_1.0,14.0,14.0,3.0_ctag0_model_seed42_itr20_sgd_itr1_N2_advStd_BoundTightPertRelax0.1_zonoBounds_seed4_HyperAttackHints_VagharDeps_PerturbedIntervals_cTag1.txt",no
cnn1,patch,"1,14,14,3",0,6,34.38,39.63,8.702296,8.780980,8.783077,8.854956,0.073975,no,off,no,yes,no,yes,off,0.5,btpr,no,elim not activated,elim not activated,82,82,,,,4,1.15x,0.00,39.63,1.15x,0.078684,0.071878,OPTIMAL,OPTIMAL,"/root/Downloads/for_dana/vaghar_org/paper_experiments/mnist/cnn1_exp/patch/eps_1,14,14,3/vagharWithPerturbed_cnn1_model_seed42_itr20_sgd_itr1/63912316281398_cnn1_patch_1.0,14.0,14.0,3.0_ctag0__HyperAttackHints_VagharDeps_PertruebedIntervals_cTag1.txt","/root/Downloads/for_dana/vaghar_org/paper_experiments/mnist/cnn1_exp/patch/eps_1,14,14,3/advStd_cnn1_N1_model_seed42_itr20/63912286665950_n2_cnn1_patch_1.0,14.0,14.0,3.0_ctag0_model_seed42_itr20_sgd_itr1_N2_advStd_BoundTightPertRelax0.5_zonoBounds_seed4_HyperAttackHints_VagharDeps_PerturbedIntervals_cTag1.txt",no
cnn1,patch,"1,14,14,3",0,6,34.38,42.42,8.702296,8.780980,8.783077,8.854956,0.073975,no,off,no,yes,no,yes,off,0.5,btpr,no,elim not activated,elim not activated,82,82,,,,4,1.23x,0.00,42.42,1.23x,0.078684,0.071878,OPTIMAL,OPTIMAL,"/root/Downloads/for_dana/vaghar_org/paper_experiments/mnist/cnn1_exp/patch/eps_1,14,14,3/vagharWithPerturbed_cnn1_model_seed42_itr20_sgd_itr1/63912316281398_cnn1_patch_1.0,14.0,14.0,3.0_ctag0__HyperAttackHints_VagharDeps_PertruebedIntervals_cTag1.txt","/root/Downloads/for_dana/vaghar_org/paper_experiments/mnist/cnn1_exp/patch/eps_1,14,14,3/advStd_cnn1_N1_model_seed42_itr20/63912288226688_n2_cnn1_patch_1.0,14.0,14.0,3.0_ctag0_model_seed42_itr20_sgd_itr1_N2_advStd_BoundTightPertRelax0.5_zonoBounds_seed4_HyperAttackHints_VagharDeps_PerturbedIntervals_cTag1.txt",no
cnn1,patch,"1,14,14,3",0,6,34.38,42.39,8.702296,8.780980,8.760296,8.825496,0.044516,no,off,no,yes,prev_pgd,no,off,0.0,btpr,yes,elim not activated,elim not activated,0,0,0,0,0,4,1.23x,0.00,42.39,1.23x,0.078684,0.065201,OPTIMAL,OPTIMAL,"/root/Downloads/for_dana/vaghar_org/paper_experiments/mnist/cnn1_exp/patch/eps_1,14,14,3/vagharWithPerturbed_cnn1_model_seed42_itr20_sgd_itr1/63912316281398_cnn1_patch_1.0,14.0,14.0,3.0_ctag0__HyperAttackHints_VagharDeps_PertruebedIntervals_cTag1.txt","/root/Downloads/for_dana/vaghar_org/paper_experiments/mnist/cnn1_exp/patch/eps_1,14,14,3/advStd_cnn1_N1_model_seed42_itr20/63914256528968_n2_cnn1_patch_1.0,14.0,14.0,3.0_ctag0_model_seed42_itr20_sgd_itr1_N2_advStd_BoundTightPertRelax0.0_SibGate_varHintPrevPGD_seed4_both0_orgDrop0_pertDrop0_HyperAttackHints_VagharDeps_PerturbedIntervals_cTag1.txt",no
cnn1,patch,"1,14,14,3",0,6,34.38,42.69,8.702296,8.780980,8.760296,8.825496,0.044516,no,off,no,yes,prev_pgd,yes,off,0.0,btpr,yes,elim not activated,elim not activated,0,0,0,0,0,4,1.24x,0.00,42.69,1.24x,0.078684,0.065201,OPTIMAL,OPTIMAL,"/root/Downloads/for_dana/vaghar_org/paper_experiments/mnist/cnn1_exp/patch/eps_1,14,14,3/vagharWithPerturbed_cnn1_model_seed42_itr20_sgd_itr1/63912316281398_cnn1_patch_1.0,14.0,14.0,3.0_ctag0__HyperAttackHints_VagharDeps_PertruebedIntervals_cTag1.txt","/root/Downloads/for_dana/vaghar_org/paper_experiments/mnist/cnn1_exp/patch/eps_1,14,14,3/advStd_cnn1_N1_model_seed42_itr20/63914868467546_n2_cnn1_patch_1.0,14.0,14.0,3.0_ctag0_model_seed42_itr20_sgd_itr1_N2_advStd_BoundTightPertRelax0.0_SibGate_zonoBounds_varHintPrevPGD_seed4_both0_orgDrop0_pertDrop0_HyperAttackHints_VagharDeps_PerturbedIntervals_cTag1.txt",no
cnn1,patch,"1,14,14,3",0,6,34.38,43.55,8.702296,8.780980,8.831215,8.831215,0.050235,no,off,no,yes,direct_pgd,no,off,0.5,btpr,no,elim not activated,elim not activated,82,82,,,,4,1.27x,0.00,43.55,1.27x,0.078684,0.000000,OPTIMAL,OPTIMAL,"/root/Downloads/for_dana/vaghar_org/paper_experiments/mnist/cnn1_exp/patch/eps_1,14,14,3/vagharWithPerturbed_cnn1_model_seed42_itr20_sgd_itr1/63912316281398_cnn1_patch_1.0,14.0,14.0,3.0_ctag0__HyperAttackHints_VagharDeps_PertruebedIntervals_cTag1.txt","/root/Downloads/for_dana/vaghar_org/paper_experiments/mnist/cnn1_exp/patch/eps_1,14,14,3/advStd_cnn1_N1_model_seed42_itr20/63912485983044_n2_cnn1_patch_1.0,14.0,14.0,3.0_ctag0_model_seed42_itr20_sgd_itr1_N2_advStd_BoundTightPertRelax0.5_varHintDirectPGD_seed4_HyperAttackHints_VagharDeps_PerturbedIntervals_cTag1.txt",no
cnn1,patch,"1,14,14,3",0,6,34.38,45.06,8.702296,8.780980,8.760296,8.825496,0.044516,no,off,no,yes,prev_pgd,yes,off,0.0,btpr,no,elim not activated,elim not activated,0,0,,,,4,1.31x,0.00,45.06,1.31x,0.078684,0.065201,OPTIMAL,OPTIMAL,"/root/Downloads/for_dana/vaghar_org/paper_experiments/mnist/cnn1_exp/patch/eps_1,14,14,3/vagharWithPerturbed_cnn1_model_seed42_itr20_sgd_itr1/63912316281398_cnn1_patch_1.0,14.0,14.0,3.0_ctag0__HyperAttackHints_VagharDeps_PertruebedIntervals_cTag1.txt","/root/Downloads/for_dana/vaghar_org/paper_experiments/mnist/cnn1_exp/patch/eps_1,14,14,3/advStd_cnn1_N1_model_seed42_itr20/63912486022232_n2_cnn1_patch_1.0,14.0,14.0,3.0_ctag0_model_seed42_itr20_sgd_itr1_N2_advStd_BoundTightPertRelax0.0_zonoBounds_varHintPrevPGD_seed4_HyperAttackHints_VagharDeps_PerturbedIntervals_cTag1.txt",no
cnn1,patch,"1,14,14,3",0,6,34.38,45.06,8.702296,8.780980,8.760296,8.825496,0.044516,no,off,no,yes,prev_pgd,yes,off,0.0,btpr,no,elim not activated,elim not activated,0,0,,,,4,1.31x,0.00,45.06,1.31x,0.078684,0.065201,OPTIMAL,OPTIMAL,"/root/Downloads/for_dana/vaghar_org/paper_experiments/mnist/cnn1_exp/patch/eps_1,14,14,3/vagharWithPerturbed_cnn1_model_seed42_itr20_sgd_itr1/63912316281398_cnn1_patch_1.0,14.0,14.0,3.0_ctag0__HyperAttackHints_VagharDeps_PertruebedIntervals_cTag1.txt","/root/Downloads/for_dana/vaghar_org/paper_experiments/mnist/cnn1_exp/patch/eps_1,14,14,3/advStd_cnn1_N1_model_seed42_itr20/63912788250841_n2_cnn1_patch_1.0,14.0,14.0,3.0_ctag0_model_seed42_itr20_sgd_itr1_N2_advStd_BoundTightPertRelax0.0_zonoBounds_varHintPrevPGD_seed4_HyperAttackHints_VagharDeps_PerturbedIntervals_cTag1.txt",no
cnn1,patch,"1,14,14,3",0,6,34.38,47.16,8.702296,8.780980,8.783077,8.854956,0.073975,no,off,no,yes,no,no,off,0.5,btpr,no,elim not activated,elim not activated,82,82,,,,4,1.37x,0.00,47.16,1.37x,0.078684,0.071878,OPTIMAL,OPTIMAL,"/root/Downloads/for_dana/vaghar_org/paper_experiments/mnist/cnn1_exp/patch/eps_1,14,14,3/vagharWithPerturbed_cnn1_model_seed42_itr20_sgd_itr1/63912316281398_cnn1_patch_1.0,14.0,14.0,3.0_ctag0__HyperAttackHints_VagharDeps_PertruebedIntervals_cTag1.txt","/root/Downloads/for_dana/vaghar_org/paper_experiments/mnist/cnn1_exp/patch/eps_1,14,14,3/advStd_cnn1_N1_model_seed42_itr20/63912282052985_n2_cnn1_patch_1.0,14.0,14.0,3.0_ctag0_model_seed42_itr20_sgd_itr1_N2_advStd_BoundTightPertRelax0.5_seed4_HyperAttackHints_VagharDeps_PerturbedIntervals_cTag1.txt",no
cnn1,patch,"1,14,14,3",0,6,34.38,49.07,8.702296,8.780980,8.760296,8.825496,0.044516,no,off,no,yes,prev_pgd,yes,off,0.0,btpr,yes,elim not activated,elim not activated,0,0,0,0,0,4,1.43x,0.00,49.07,1.43x,0.078684,0.065201,OPTIMAL,OPTIMAL,"/root/Downloads/for_dana/vaghar_org/paper_experiments/mnist/cnn1_exp/patch/eps_1,14,14,3/vagharWithPerturbed_cnn1_model_seed42_itr20_sgd_itr1/63912316281398_cnn1_patch_1.0,14.0,14.0,3.0_ctag0__HyperAttackHints_VagharDeps_PertruebedIntervals_cTag1.txt","/root/Downloads/for_dana/vaghar_org/paper_experiments/mnist/cnn1_exp/patch/eps_1,14,14,3/advStd_cnn1_N1_model_seed42_itr20/63914256641824_n2_cnn1_patch_1.0,14.0,14.0,3.0_ctag0_model_seed42_itr20_sgd_itr1_N2_advStd_BoundTightPertRelax0.0_SibGate_zonoBounds_varHintPrevPGD_seed4_both0_orgDrop0_pertDrop0_HyperAttackHints_VagharDeps_PerturbedIntervals_cTag1.txt",no
cnn1,patch,"1,14,14,3",0,6,34.38,49.68,8.702296,8.780980,8.760296,8.825496,0.044516,no,off,no,yes,prev_pgd,no,off,0.0,btpr,yes,elim not activated,elim not activated,0,0,0,0,0,4,1.45x,0.00,49.68,1.45x,0.078684,0.065201,OPTIMAL,OPTIMAL,"/root/Downloads/for_dana/vaghar_org/paper_experiments/mnist/cnn1_exp/patch/eps_1,14,14,3/vagharWithPerturbed_cnn1_model_seed42_itr20_sgd_itr1/63912316281398_cnn1_patch_1.0,14.0,14.0,3.0_ctag0__HyperAttackHints_VagharDeps_PertruebedIntervals_cTag1.txt","/root/Downloads/for_dana/vaghar_org/paper_experiments/mnist/cnn1_exp/patch/eps_1,14,14,3/advStd_cnn1_N1_model_seed42_itr20/63913669538163_n2_cnn1_patch_1.0,14.0,14.0,3.0_ctag0_model_seed42_itr20_sgd_itr1_N2_advStd_BoundTightPertRelax0.0_SibGate_varHintPrevPGD_seed4_both0_orgDrop0_pertDrop0_HyperAttackHints_VagharDeps_PerturbedIntervals_cTag1.txt",no
cnn1,patch,"1,14,14,3",0,6,34.38,52.81,8.702296,8.780980,8.783077,8.854956,0.073975,no,off,no,yes,no,no,off,0.5,btpr,no,elim not activated,elim not activated,82,82,,,,4,1.54x,0.00,52.81,1.54x,0.078684,0.071878,OPTIMAL,OPTIMAL,"/root/Downloads/for_dana/vaghar_org/paper_experiments/mnist/cnn1_exp/patch/eps_1,14,14,3/vagharWithPerturbed_cnn1_model_seed42_itr20_sgd_itr1/63912316281398_cnn1_patch_1.0,14.0,14.0,3.0_ctag0__HyperAttackHints_VagharDeps_PertruebedIntervals_cTag1.txt","/root/Downloads/for_dana/vaghar_org/paper_experiments/mnist/cnn1_exp/patch/eps_1,14,14,3/advStd_cnn1_N1_model_seed42_itr20/63912283038304_n2_cnn1_patch_1.0,14.0,14.0,3.0_ctag0_model_seed42_itr20_sgd_itr1_N2_advStd_BoundTightPertRelax0.5_seed4_HyperAttackHints_VagharDeps_PerturbedIntervals_cTag1.txt",no
cnn1,patch,"1,14,14,3",0,6,34.38,54.04,8.702296,8.780980,8.760296,8.825496,0.044516,no,off,no,yes,prev_pgd,yes,off,0.0,btpr,yes,elim not activated,elim not activated,0,0,0,0,0,4,1.57x,0.00,54.04,1.57x,0.078684,0.065201,OPTIMAL,OPTIMAL,"/root/Downloads/for_dana/vaghar_org/paper_experiments/mnist/cnn1_exp/patch/eps_1,14,14,3/vagharWithPerturbed_cnn1_model_seed42_itr20_sgd_itr1/63912316281398_cnn1_patch_1.0,14.0,14.0,3.0_ctag0__HyperAttackHints_VagharDeps_PertruebedIntervals_cTag1.txt","/root/Downloads/for_dana/vaghar_org/paper_experiments/mnist/cnn1_exp/patch/eps_1,14,14,3/advStd_cnn1_N1_model_seed42_itr20/63913669611729_n2_cnn1_patch_1.0,14.0,14.0,3.0_ctag0_model_seed42_itr20_sgd_itr1_N2_advStd_BoundTightPertRelax0.0_SibGate_zonoBounds_varHintPrevPGD_seed4_both0_orgDrop0_pertDrop0_HyperAttackHints_VagharDeps_PerturbedIntervals_cTag1.txt",no
cnn1,patch,"1,14,14,3",0,6,34.38,54.43,8.702296,8.780980,8.831215,8.831215,0.050235,no,off,no,yes,direct_pgd,yes,off,0.5,btpr,no,elim not activated,elim not activated,82,82,,,,4,1.58x,0.00,54.43,1.58x,0.078684,0.000000,OPTIMAL,OPTIMAL,"/root/Downloads/for_dana/vaghar_org/paper_experiments/mnist/cnn1_exp/patch/eps_1,14,14,3/vagharWithPerturbed_cnn1_model_seed42_itr20_sgd_itr1/63912316281398_cnn1_patch_1.0,14.0,14.0,3.0_ctag0__HyperAttackHints_VagharDeps_PertruebedIntervals_cTag1.txt","/root/Downloads/for_dana/vaghar_org/paper_experiments/mnist/cnn1_exp/patch/eps_1,14,14,3/advStd_cnn1_N1_model_seed42_itr20/63912486187683_n2_cnn1_patch_1.0,14.0,14.0,3.0_ctag0_model_seed42_itr20_sgd_itr1_N2_advStd_BoundTightPertRelax0.5_zonoBounds_varHintDirectPGD_seed4_HyperAttackHints_VagharDeps_PerturbedIntervals_cTag1.txt",no
cnn1,patch,"1,14,14,3",0,6,34.38,56.96,8.702296,8.780980,8.747634,8.806976,0.025995,no,off,no,yes,no,no,off,0.0,btpr,no,elim not activated,elim not activated,0,0,,,,4,1.66x,0.00,56.96,1.66x,0.078684,0.059341,OPTIMAL,OPTIMAL,"/root/Downloads/for_dana/vaghar_org/paper_experiments/mnist/cnn1_exp/patch/eps_1,14,14,3/vagharWithPerturbed_cnn1_model_seed42_itr20_sgd_itr1/63912316281398_cnn1_patch_1.0,14.0,14.0,3.0_ctag0__HyperAttackHints_VagharDeps_PertruebedIntervals_cTag1.txt","/root/Downloads/for_dana/vaghar_org/paper_experiments/mnist/cnn1_exp/patch/eps_1,14,14,3/advStd_cnn1_N1_model_seed42_itr20/63912278624968_n2_cnn1_patch_1.0,14.0,14.0,3.0_ctag0_model_seed42_itr20_sgd_itr1_N2_advStd_BoundTightPertRelax0.0_seed4_HyperAttackHints_VagharDeps_PerturbedIntervals_cTag1.txt",no
cnn1,patch,"1,14,14,3",0,6,34.38,57.09,8.702296,8.780980,8.747634,8.806976,0.025995,no,off,no,yes,no,no,off,0.01,btpr,no,elim not activated,elim not activated,0,0,,,,4,1.66x,0.00,57.09,1.66x,0.078684,0.059341,OPTIMAL,OPTIMAL,"/root/Downloads/for_dana/vaghar_org/paper_experiments/mnist/cnn1_exp/patch/eps_1,14,14,3/vagharWithPerturbed_cnn1_model_seed42_itr20_sgd_itr1/63912316281398_cnn1_patch_1.0,14.0,14.0,3.0_ctag0__HyperAttackHints_VagharDeps_PertruebedIntervals_cTag1.txt","/root/Downloads/for_dana/vaghar_org/paper_experiments/mnist/cnn1_exp/patch/eps_1,14,14,3/advStd_cnn1_N1_model_seed42_itr20/63912278625875_n2_cnn1_patch_1.0,14.0,14.0,3.0_ctag0_model_seed42_itr20_sgd_itr1_N2_advStd_BoundTightPertRelax0.01_seed4_HyperAttackHints_VagharDeps_PerturbedIntervals_cTag1.txt",no
cnn1,patch,"1,14,14,3",0,6,34.38,57.98,8.702296,8.780980,8.747634,8.806976,0.025995,no,off,no,yes,no,yes,off,0.0,btpr,no,elim not activated,elim not activated,0,0,,,,4,1.69x,0.00,57.98,1.69x,0.078684,0.059341,OPTIMAL,OPTIMAL,"/root/Downloads/for_dana/vaghar_org/paper_experiments/mnist/cnn1_exp/patch/eps_1,14,14,3/vagharWithPerturbed_cnn1_model_seed42_itr20_sgd_itr1/63912316281398_cnn1_patch_1.0,14.0,14.0,3.0_ctag0__HyperAttackHints_VagharDeps_PertruebedIntervals_cTag1.txt","/root/Downloads/for_dana/vaghar_org/paper_experiments/mnist/cnn1_exp/patch/eps_1,14,14,3/advStd_cnn1_N1_model_seed42_itr20/63912283035301_n2_cnn1_patch_1.0,14.0,14.0,3.0_ctag0_model_seed42_itr20_sgd_itr1_N2_advStd_BoundTightPertRelax0.0_zonoBounds_seed4_HyperAttackHints_VagharDeps_PerturbedIntervals_cTag1.txt",no
cnn1,patch,"1,14,14,3",0,6,34.38,59.43,8.702296,8.780980,8.831212,8.915240,0.134260,no,off,no,yes,prev,yes,off,0.5,btpr,no,elim not activated,elim not activated,82,82,,,,4,1.73x,0.00,59.43,1.73x,0.078684,0.084028,OPTIMAL,OPTIMAL,"/root/Downloads/for_dana/vaghar_org/paper_experiments/mnist/cnn1_exp/patch/eps_1,14,14,3/vagharWithPerturbed_cnn1_model_seed42_itr20_sgd_itr1/63912316281398_cnn1_patch_1.0,14.0,14.0,3.0_ctag0__HyperAttackHints_VagharDeps_PertruebedIntervals_cTag1.txt","/root/Downloads/for_dana/vaghar_org/paper_experiments/mnist/cnn1_exp/patch/eps_1,14,14,3/advStd_cnn1_N1_model_seed42_itr20/63912428484171_n2_cnn1_patch_1.0,14.0,14.0,3.0_ctag0_model_seed42_itr20_sgd_itr1_N2_advStd_BoundTightPertRelax0.5_zonoBounds_varHintFixed_seed4_HyperAttackHints_VagharDeps_PerturbedIntervals_cTag1.txt",no
cnn1,patch,"1,14,14,3",0,6,34.38,62.84,8.702296,8.780980,8.760295,8.760295,-0.020685,no,off,no,yes,direct_pgd,no,off,0.0,btpr,no,elim not activated,elim not activated,0,0,,,,4,1.83x,0.00,62.84,1.83x,0.078684,0.000000,OPTIMAL,OPTIMAL,"/root/Downloads/for_dana/vaghar_org/paper_experiments/mnist/cnn1_exp/patch/eps_1,14,14,3/vagharWithPerturbed_cnn1_model_seed42_itr20_sgd_itr1/63912316281398_cnn1_patch_1.0,14.0,14.0,3.0_ctag0__HyperAttackHints_VagharDeps_PertruebedIntervals_cTag1.txt","/root/Downloads/for_dana/vaghar_org/paper_experiments/mnist/cnn1_exp/patch/eps_1,14,14,3/advStd_cnn1_N1_model_seed42_itr20/63912486022660_n2_cnn1_patch_1.0,14.0,14.0,3.0_ctag0_model_seed42_itr20_sgd_itr1_N2_advStd_BoundTightPertRelax0.0_varHintDirectPGD_seed4_HyperAttackHints_VagharDeps_PerturbedIntervals_cTag1.txt",no
cnn1,patch,"1,14,14,3",0,6,34.38,63.33,8.702296,8.780980,8.747634,8.806976,0.025995,no,off,no,yes,no,yes,off,0.01,btpr,no,elim not activated,elim not activated,0,0,,,,4,1.84x,0.00,63.33,1.84x,0.078684,0.059341,OPTIMAL,OPTIMAL,"/root/Downloads/for_dana/vaghar_org/paper_experiments/mnist/cnn1_exp/patch/eps_1,14,14,3/vagharWithPerturbed_cnn1_model_seed42_itr20_sgd_itr1/63912316281398_cnn1_patch_1.0,14.0,14.0,3.0_ctag0__HyperAttackHints_VagharDeps_PertruebedIntervals_cTag1.txt","/root/Downloads/for_dana/vaghar_org/paper_experiments/mnist/cnn1_exp/patch/eps_1,14,14,3/advStd_cnn1_N1_model_seed42_itr20/63912282828164_n2_cnn1_patch_1.0,14.0,14.0,3.0_ctag0_model_seed42_itr20_sgd_itr1_N2_advStd_BoundTightPertRelax0.01_zonoBounds_seed4_HyperAttackHints_VagharDeps_PerturbedIntervals_cTag1.txt",no
cnn1,patch,"1,14,14,3",0,6,34.38,65.59,8.702296,8.780980,8.747634,8.806976,0.025995,no,off,no,yes,no,yes,off,0.01,btpr,no,elim not activated,elim not activated,0,0,,,,4,1.91x,0.00,65.59,1.91x,0.078684,0.059341,OPTIMAL,OPTIMAL,"/root/Downloads/for_dana/vaghar_org/paper_experiments/mnist/cnn1_exp/patch/eps_1,14,14,3/vagharWithPerturbed_cnn1_model_seed42_itr20_sgd_itr1/63912316281398_cnn1_patch_1.0,14.0,14.0,3.0_ctag0__HyperAttackHints_VagharDeps_PertruebedIntervals_cTag1.txt","/root/Downloads/for_dana/vaghar_org/paper_experiments/mnist/cnn1_exp/patch/eps_1,14,14,3/advStd_cnn1_N1_model_seed42_itr20/63912283037584_n2_cnn1_patch_1.0,14.0,14.0,3.0_ctag0_model_seed42_itr20_sgd_itr1_N2_advStd_BoundTightPertRelax0.01_zonoBounds_seed4_HyperAttackHints_VagharDeps_PerturbedIntervals_cTag1.txt",no
cnn1,patch,"1,14,14,3",0,6,34.38,67.41,8.702296,8.780980,8.831212,8.915240,0.134260,no,off,no,yes,prev,no,off,0.5,btpr,no,elim not activated,elim not activated,82,82,,,,4,1.96x,0.00,67.41,1.96x,0.078684,0.084028,OPTIMAL,OPTIMAL,"/root/Downloads/for_dana/vaghar_org/paper_experiments/mnist/cnn1_exp/patch/eps_1,14,14,3/vagharWithPerturbed_cnn1_model_seed42_itr20_sgd_itr1/63912316281398_cnn1_patch_1.0,14.0,14.0,3.0_ctag0__HyperAttackHints_VagharDeps_PertruebedIntervals_cTag1.txt","/root/Downloads/for_dana/vaghar_org/paper_experiments/mnist/cnn1_exp/patch/eps_1,14,14,3/advStd_cnn1_N1_model_seed42_itr20/63912428487340_n2_cnn1_patch_1.0,14.0,14.0,3.0_ctag0_model_seed42_itr20_sgd_itr1_N2_advStd_BoundTightPertRelax0.5_varHintFixed_seed4_HyperAttackHints_VagharDeps_PerturbedIntervals_cTag1.txt",no
cnn1,patch,"1,14,14,3",0,6,34.38,68.74,8.702296,8.780980,8.747634,8.806976,0.025995,no,off,no,yes,no,yes,off,0.0,btpr,no,elim not activated,elim not activated,0,0,,,,4,2.00x,0.00,68.74,2.00x,0.078684,0.059341,OPTIMAL,OPTIMAL,"/root/Downloads/for_dana/vaghar_org/paper_experiments/mnist/cnn1_exp/patch/eps_1,14,14,3/vagharWithPerturbed_cnn1_model_seed42_itr20_sgd_itr1/63912316281398_cnn1_patch_1.0,14.0,14.0,3.0_ctag0__HyperAttackHints_VagharDeps_PertruebedIntervals_cTag1.txt","/root/Downloads/for_dana/vaghar_org/paper_experiments/mnist/cnn1_exp/patch/eps_1,14,14,3/advStd_cnn1_N1_model_seed42_itr20/63912282117838_n2_cnn1_patch_1.0,14.0,14.0,3.0_ctag0_model_seed42_itr20_sgd_itr1_N2_advStd_BoundTightPertRelax0.0_zonoBounds_seed4_HyperAttackHints_VagharDeps_PerturbedIntervals_cTag1.txt",no
cnn1,patch,"1,14,14,3",0,6,34.38,69.70,8.702296,8.780980,8.723219,8.795033,0.014052,no,off,no,yes,direct,no,off,0.0,btpr,no,elim not activated,elim not activated,0,0,,,,4,2.03x,0.00,69.70,2.03x,0.078684,0.071814,OPTIMAL,OPTIMAL,"/root/Downloads/for_dana/vaghar_org/paper_experiments/mnist/cnn1_exp/patch/eps_1,14,14,3/vagharWithPerturbed_cnn1_model_seed42_itr20_sgd_itr1/63912316281398_cnn1_patch_1.0,14.0,14.0,3.0_ctag0__HyperAttackHints_VagharDeps_PertruebedIntervals_cTag1.txt","/root/Downloads/for_dana/vaghar_org/paper_experiments/mnist/cnn1_exp/patch/eps_1,14,14,3/advStd_cnn1_N1_model_seed42_itr20/63912448943016_n2_cnn1_patch_1.0,14.0,14.0,3.0_ctag0_model_seed42_itr20_sgd_itr1_N2_advStd_BoundTightPertRelax0.0_varHintDirect_seed4_HyperAttackHints_VagharDeps_PerturbedIntervals_cTag1.txt",no
cnn1,patch,"1,14,14,3",0,6,34.38,70.26,8.702296,8.780980,8.723219,8.795033,0.014052,no,off,no,yes,direct,yes,off,0.0,btpr,no,elim not activated,elim not activated,0,0,,,,4,2.04x,0.00,70.26,2.04x,0.078684,0.071814,OPTIMAL,OPTIMAL,"/root/Downloads/for_dana/vaghar_org/paper_experiments/mnist/cnn1_exp/patch/eps_1,14,14,3/vagharWithPerturbed_cnn1_model_seed42_itr20_sgd_itr1/63912316281398_cnn1_patch_1.0,14.0,14.0,3.0_ctag0__HyperAttackHints_VagharDeps_PertruebedIntervals_cTag1.txt","/root/Downloads/for_dana/vaghar_org/paper_experiments/mnist/cnn1_exp/patch/eps_1,14,14,3/advStd_cnn1_N1_model_seed42_itr20/63912448942089_n2_cnn1_patch_1.0,14.0,14.0,3.0_ctag0_model_seed42_itr20_sgd_itr1_N2_advStd_BoundTightPertRelax0.0_zonoBounds_varHintDirect_seed4_HyperAttackHints_VagharDeps_PerturbedIntervals_cTag1.txt",no
cnn1,patch,"1,14,14,3",0,6,34.38,84.39,8.702296,8.780980,8.760295,8.760295,-0.020685,no,off,no,yes,direct_pgd,yes,off,0.0,btpr,no,elim not activated,elim not activated,0,0,,,,4,2.45x,0.00,84.39,2.45x,0.078684,0.000000,OPTIMAL,OPTIMAL,"/root/Downloads/for_dana/vaghar_org/paper_experiments/mnist/cnn1_exp/patch/eps_1,14,14,3/vagharWithPerturbed_cnn1_model_seed42_itr20_sgd_itr1/63912316281398_cnn1_patch_1.0,14.0,14.0,3.0_ctag0__HyperAttackHints_VagharDeps_PertruebedIntervals_cTag1.txt","/root/Downloads/for_dana/vaghar_org/paper_experiments/mnist/cnn1_exp/patch/eps_1,14,14,3/advStd_cnn1_N1_model_seed42_itr20/63912485963377_n2_cnn1_patch_1.0,14.0,14.0,3.0_ctag0_model_seed42_itr20_sgd_itr1_N2_advStd_BoundTightPertRelax0.0_zonoBounds_varHintDirectPGD_seed4_HyperAttackHints_VagharDeps_PerturbedIntervals_cTag1.txt",no
cnn1,patch,"1,14,14,3",0,6,34.38,87.08,8.702296,8.780980,8.760296,8.846552,0.065572,no,off,no,yes,prev,no,off,0.0,btpr,no,elim not activated,elim not activated,0,0,,,,4,2.53x,0.00,87.08,2.53x,0.078684,0.086257,OPTIMAL,OPTIMAL,"/root/Downloads/for_dana/vaghar_org/paper_experiments/mnist/cnn1_exp/patch/eps_1,14,14,3/vagharWithPerturbed_cnn1_model_seed42_itr20_sgd_itr1/63912316281398_cnn1_patch_1.0,14.0,14.0,3.0_ctag0__HyperAttackHints_VagharDeps_PertruebedIntervals_cTag1.txt","/root/Downloads/for_dana/vaghar_org/paper_experiments/mnist/cnn1_exp/patch/eps_1,14,14,3/advStd_cnn1_N1_model_seed42_itr20/63912428510938_n2_cnn1_patch_1.0,14.0,14.0,3.0_ctag0_model_seed42_itr20_sgd_itr1_N2_advStd_BoundTightPertRelax0.0_varHintFixed_seed4_HyperAttackHints_VagharDeps_PerturbedIntervals_cTag1.txt",no
cnn1,patch,"1,14,14,3",0,6,34.38,89.39,8.702296,8.780980,8.760295,8.828378,0.047397,no,off,no,yes,prev_pgd,no,off,0.0,btpr,no,elim not activated,elim not activated,0,0,,,,4,2.60x,0.00,89.39,2.60x,0.078684,0.068082,OPTIMAL,OPTIMAL,"/root/Downloads/for_dana/vaghar_org/paper_experiments/mnist/cnn1_exp/patch/eps_1,14,14,3/vagharWithPerturbed_cnn1_model_seed42_itr20_sgd_itr1/63912316281398_cnn1_patch_1.0,14.0,14.0,3.0_ctag0__HyperAttackHints_VagharDeps_PertruebedIntervals_cTag1.txt","/root/Downloads/for_dana/vaghar_org/paper_experiments/mnist/cnn1_exp/patch/eps_1,14,14,3/advStd_cnn1_N1_model_seed42_itr20/63912485997672_n2_cnn1_patch_1.0,14.0,14.0,3.0_ctag0_model_seed42_itr20_sgd_itr1_N2_advStd_BoundTightPertRelax0.0_varHintPrevPGD_seed4_HyperAttackHints_VagharDeps_PerturbedIntervals_cTag1.txt",no
cnn1,patch,"1,14,14,3",0,6,34.38,101.62,8.702296,8.780980,8.760296,8.846552,0.065572,no,off,no,yes,prev,yes,off,0.0,btpr,no,elim not activated,elim not activated,0,0,,,,4,2.96x,0.00,101.62,2.96x,0.078684,0.086257,OPTIMAL,OPTIMAL,"/root/Downloads/for_dana/vaghar_org/paper_experiments/mnist/cnn1_exp/patch/eps_1,14,14,3/vagharWithPerturbed_cnn1_model_seed42_itr20_sgd_itr1/63912316281398_cnn1_patch_1.0,14.0,14.0,3.0_ctag0__HyperAttackHints_VagharDeps_PertruebedIntervals_cTag1.txt","/root/Downloads/for_dana/vaghar_org/paper_experiments/mnist/cnn1_exp/patch/eps_1,14,14,3/advStd_cnn1_N1_model_seed42_itr20/63912428491140_n2_cnn1_patch_1.0,14.0,14.0,3.0_ctag0_model_seed42_itr20_sgd_itr1_N2_advStd_BoundTightPertRelax0.0_zonoBounds_varHintFixed_seed4_HyperAttackHints_VagharDeps_PerturbedIntervals_cTag1.txt",no
,,,,,,,,,,,,,,,,,,,,,,,,,,,,,,,,,,,,,,,,
cnn1,patch,"1,14,14,3",0,7,71.72,72.22,9.863165,9.941854,9.897342,9.983967,0.042113,no,off,no,yes,prev_pgd,no,off,0.0,btpr,yes,elim not activated,elim not activated,0,0,0,0,0,4,1.01x,0.00,72.22,1.01x,0.078690,0.086625,OPTIMAL,OPTIMAL,"/root/Downloads/for_dana/vaghar_org/paper_experiments/mnist/cnn1_exp/patch/eps_1,14,14,3/vagharWithPerturbed_cnn1_model_seed42_itr20_sgd_itr1/63912316281398_cnn1_patch_1.0,14.0,14.0,3.0_ctag0__HyperAttackHints_VagharDeps_PertruebedIntervals_cTag1.txt","/root/Downloads/for_dana/vaghar_org/paper_experiments/mnist/cnn1_exp/patch/eps_1,14,14,3/advStd_cnn1_N1_model_seed42_itr20/63913669538163_n2_cnn1_patch_1.0,14.0,14.0,3.0_ctag0_model_seed42_itr20_sgd_itr1_N2_advStd_BoundTightPertRelax0.0_SibGate_varHintPrevPGD_seed4_both0_orgDrop0_pertDrop0_HyperAttackHints_VagharDeps_PerturbedIntervals_cTag1.txt",no
cnn1,patch,"1,14,14,3",0,7,71.72,77.54,9.863165,9.941854,9.897342,9.983967,0.042113,no,off,no,yes,prev_pgd,yes,off,0.0,btpr,no,elim not activated,elim not activated,0,0,,,,4,1.08x,0.00,77.54,1.08x,0.078690,0.086625,OPTIMAL,OPTIMAL,"/root/Downloads/for_dana/vaghar_org/paper_experiments/mnist/cnn1_exp/patch/eps_1,14,14,3/vagharWithPerturbed_cnn1_model_seed42_itr20_sgd_itr1/63912316281398_cnn1_patch_1.0,14.0,14.0,3.0_ctag0__HyperAttackHints_VagharDeps_PertruebedIntervals_cTag1.txt","/root/Downloads/for_dana/vaghar_org/paper_experiments/mnist/cnn1_exp/patch/eps_1,14,14,3/advStd_cnn1_N1_model_seed42_itr20/63912486022232_n2_cnn1_patch_1.0,14.0,14.0,3.0_ctag0_model_seed42_itr20_sgd_itr1_N2_advStd_BoundTightPertRelax0.0_zonoBounds_varHintPrevPGD_seed4_HyperAttackHints_VagharDeps_PerturbedIntervals_cTag1.txt",no
cnn1,patch,"1,14,14,3",0,7,71.72,77.54,9.863165,9.941854,9.897342,9.983967,0.042113,no,off,no,yes,prev_pgd,yes,off,0.0,btpr,no,elim not activated,elim not activated,0,0,,,,4,1.08x,0.00,77.54,1.08x,0.078690,0.086625,OPTIMAL,OPTIMAL,"/root/Downloads/for_dana/vaghar_org/paper_experiments/mnist/cnn1_exp/patch/eps_1,14,14,3/vagharWithPerturbed_cnn1_model_seed42_itr20_sgd_itr1/63912316281398_cnn1_patch_1.0,14.0,14.0,3.0_ctag0__HyperAttackHints_VagharDeps_PertruebedIntervals_cTag1.txt","/root/Downloads/for_dana/vaghar_org/paper_experiments/mnist/cnn1_exp/patch/eps_1,14,14,3/advStd_cnn1_N1_model_seed42_itr20/63912788250841_n2_cnn1_patch_1.0,14.0,14.0,3.0_ctag0_model_seed42_itr20_sgd_itr1_N2_advStd_BoundTightPertRelax0.0_zonoBounds_varHintPrevPGD_seed4_HyperAttackHints_VagharDeps_PerturbedIntervals_cTag1.txt",no
cnn1,patch,"1,14,14,3",0,7,71.72,77.27,9.863165,9.941854,9.897342,9.983967,0.042113,no,off,no,yes,prev_pgd,yes,off,0.0,btpr,yes,elim not activated,elim not activated,0,0,0,0,0,4,1.08x,0.00,77.27,1.08x,0.078690,0.086625,OPTIMAL,OPTIMAL,"/root/Downloads/for_dana/vaghar_org/paper_experiments/mnist/cnn1_exp/patch/eps_1,14,14,3/vagharWithPerturbed_cnn1_model_seed42_itr20_sgd_itr1/63912316281398_cnn1_patch_1.0,14.0,14.0,3.0_ctag0__HyperAttackHints_VagharDeps_PertruebedIntervals_cTag1.txt","/root/Downloads/for_dana/vaghar_org/paper_experiments/mnist/cnn1_exp/patch/eps_1,14,14,3/advStd_cnn1_N1_model_seed42_itr20/63913669611729_n2_cnn1_patch_1.0,14.0,14.0,3.0_ctag0_model_seed42_itr20_sgd_itr1_N2_advStd_BoundTightPertRelax0.0_SibGate_zonoBounds_varHintPrevPGD_seed4_both0_orgDrop0_pertDrop0_HyperAttackHints_VagharDeps_PerturbedIntervals_cTag1.txt",no
cnn1,patch,"1,14,14,3",0,7,71.72,87.56,9.863165,9.941854,9.929438,9.985140,0.043286,no,off,no,yes,direct_pgd,no,off,0.5,btpr,no,elim not activated,elim not activated,82,82,,,,4,1.22x,0.00,87.56,1.22x,0.078690,0.055702,OPTIMAL,OPTIMAL,"/root/Downloads/for_dana/vaghar_org/paper_experiments/mnist/cnn1_exp/patch/eps_1,14,14,3/vagharWithPerturbed_cnn1_model_seed42_itr20_sgd_itr1/63912316281398_cnn1_patch_1.0,14.0,14.0,3.0_ctag0__HyperAttackHints_VagharDeps_PertruebedIntervals_cTag1.txt","/root/Downloads/for_dana/vaghar_org/paper_experiments/mnist/cnn1_exp/patch/eps_1,14,14,3/advStd_cnn1_N1_model_seed42_itr20/63912485983044_n2_cnn1_patch_1.0,14.0,14.0,3.0_ctag0_model_seed42_itr20_sgd_itr1_N2_advStd_BoundTightPertRelax0.5_varHintDirectPGD_seed4_HyperAttackHints_VagharDeps_PerturbedIntervals_cTag1.txt",no
cnn1,patch,"1,14,14,3",0,7,71.72,88.39,9.863165,9.941854,9.897342,9.930314,-0.011540,no,off,no,yes,direct_pgd,no,off,0.0,btpr,no,elim not activated,elim not activated,0,0,,,,4,1.23x,0.00,88.39,1.23x,0.078690,0.032972,OPTIMAL,OPTIMAL,"/root/Downloads/for_dana/vaghar_org/paper_experiments/mnist/cnn1_exp/patch/eps_1,14,14,3/vagharWithPerturbed_cnn1_model_seed42_itr20_sgd_itr1/63912316281398_cnn1_patch_1.0,14.0,14.0,3.0_ctag0__HyperAttackHints_VagharDeps_PertruebedIntervals_cTag1.txt","/root/Downloads/for_dana/vaghar_org/paper_experiments/mnist/cnn1_exp/patch/eps_1,14,14,3/advStd_cnn1_N1_model_seed42_itr20/63912486022660_n2_cnn1_patch_1.0,14.0,14.0,3.0_ctag0_model_seed42_itr20_sgd_itr1_N2_advStd_BoundTightPertRelax0.0_varHintDirectPGD_seed4_HyperAttackHints_VagharDeps_PerturbedIntervals_cTag1.txt",no
cnn1,patch,"1,14,14,3",0,7,71.72,92.93,9.863165,9.941854,9.964376,9.985135,0.043281,no,off,no,yes,direct,no,off,0.5,btpr,no,elim not activated,elim not activated,82,82,,,,4,1.30x,0.00,92.93,1.30x,0.078690,0.020760,OPTIMAL,OPTIMAL,"/root/Downloads/for_dana/vaghar_org/paper_experiments/mnist/cnn1_exp/patch/eps_1,14,14,3/vagharWithPerturbed_cnn1_model_seed42_itr20_sgd_itr1/63912316281398_cnn1_patch_1.0,14.0,14.0,3.0_ctag0__HyperAttackHints_VagharDeps_PertruebedIntervals_cTag1.txt","/root/Downloads/for_dana/vaghar_org/paper_experiments/mnist/cnn1_exp/patch/eps_1,14,14,3/advStd_cnn1_N1_model_seed42_itr20/63912448960822_n2_cnn1_patch_1.0,14.0,14.0,3.0_ctag0_model_seed42_itr20_sgd_itr1_N2_advStd_BoundTightPertRelax0.5_varHintDirect_seed4_HyperAttackHints_VagharDeps_PerturbedIntervals_cTag1.txt",no
cnn1,patch,"1,14,14,3",0,7,71.72,94.25,9.863165,9.941854,9.892573,9.924212,-0.017642,no,off,no,yes,no,yes,off,0.0,btpr,no,elim not activated,elim not activated,0,0,,,,4,1.31x,0.00,94.25,1.31x,0.078690,0.031639,OPTIMAL,OPTIMAL,"/root/Downloads/for_dana/vaghar_org/paper_experiments/mnist/cnn1_exp/patch/eps_1,14,14,3/vagharWithPerturbed_cnn1_model_seed42_itr20_sgd_itr1/63912316281398_cnn1_patch_1.0,14.0,14.0,3.0_ctag0__HyperAttackHints_VagharDeps_PertruebedIntervals_cTag1.txt","/root/Downloads/for_dana/vaghar_org/paper_experiments/mnist/cnn1_exp/patch/eps_1,14,14,3/advStd_cnn1_N1_model_seed42_itr20/63912282117838_n2_cnn1_patch_1.0,14.0,14.0,3.0_ctag0_model_seed42_itr20_sgd_itr1_N2_advStd_BoundTightPertRelax0.0_zonoBounds_seed4_HyperAttackHints_VagharDeps_PerturbedIntervals_cTag1.txt",no
cnn1,patch,"1,14,14,3",0,7,71.72,96.81,9.863165,9.941854,9.962466,10.002511,0.060657,no,off,no,yes,prev,yes,off,0.5,btpr,no,elim not activated,elim not activated,82,82,,,,4,1.35x,0.00,96.81,1.35x,0.078690,0.040046,OPTIMAL,OPTIMAL,"/root/Downloads/for_dana/vaghar_org/paper_experiments/mnist/cnn1_exp/patch/eps_1,14,14,3/vagharWithPerturbed_cnn1_model_seed42_itr20_sgd_itr1/63912316281398_cnn1_patch_1.0,14.0,14.0,3.0_ctag0__HyperAttackHints_VagharDeps_PertruebedIntervals_cTag1.txt","/root/Downloads/for_dana/vaghar_org/paper_experiments/mnist/cnn1_exp/patch/eps_1,14,14,3/advStd_cnn1_N1_model_seed42_itr20/63912428484171_n2_cnn1_patch_1.0,14.0,14.0,3.0_ctag0_model_seed42_itr20_sgd_itr1_N2_advStd_BoundTightPertRelax0.5_zonoBounds_varHintFixed_seed4_HyperAttackHints_VagharDeps_PerturbedIntervals_cTag1.txt",no
cnn1,patch,"1,14,14,3",0,7,71.72,97.50,9.863165,9.941854,9.962279,9.985138,0.043284,no,off,no,yes,no,yes,off,0.5,btpr,no,elim not activated,elim not activated,82,82,,,,4,1.36x,0.00,97.50,1.36x,0.078690,0.022859,OPTIMAL,OPTIMAL,"/root/Downloads/for_dana/vaghar_org/paper_experiments/mnist/cnn1_exp/patch/eps_1,14,14,3/vagharWithPerturbed_cnn1_model_seed42_itr20_sgd_itr1/63912316281398_cnn1_patch_1.0,14.0,14.0,3.0_ctag0__HyperAttackHints_VagharDeps_PertruebedIntervals_cTag1.txt","/root/Downloads/for_dana/vaghar_org/paper_experiments/mnist/cnn1_exp/patch/eps_1,14,14,3/advStd_cnn1_N1_model_seed42_itr20/63912286665950_n2_cnn1_patch_1.0,14.0,14.0,3.0_ctag0_model_seed42_itr20_sgd_itr1_N2_advStd_BoundTightPertRelax0.5_zonoBounds_seed4_HyperAttackHints_VagharDeps_PerturbedIntervals_cTag1.txt",no
cnn1,patch,"1,14,14,3",0,7,71.72,97.36,9.863165,9.941854,9.962466,10.002511,0.060657,no,off,no,yes,prev,no,off,0.5,btpr,no,elim not activated,elim not activated,82,82,,,,4,1.36x,0.00,97.36,1.36x,0.078690,0.040046,OPTIMAL,OPTIMAL,"/root/Downloads/for_dana/vaghar_org/paper_experiments/mnist/cnn1_exp/patch/eps_1,14,14,3/vagharWithPerturbed_cnn1_model_seed42_itr20_sgd_itr1/63912316281398_cnn1_patch_1.0,14.0,14.0,3.0_ctag0__HyperAttackHints_VagharDeps_PertruebedIntervals_cTag1.txt","/root/Downloads/for_dana/vaghar_org/paper_experiments/mnist/cnn1_exp/patch/eps_1,14,14,3/advStd_cnn1_N1_model_seed42_itr20/63912428487340_n2_cnn1_patch_1.0,14.0,14.0,3.0_ctag0_model_seed42_itr20_sgd_itr1_N2_advStd_BoundTightPertRelax0.5_varHintFixed_seed4_HyperAttackHints_VagharDeps_PerturbedIntervals_cTag1.txt",no
cnn1,patch,"1,14,14,3",0,7,71.72,98.45,9.863165,9.941854,9.897342,9.930314,-0.011540,no,off,no,yes,direct_pgd,yes,off,0.0,btpr,no,elim not activated,elim not activated,0,0,,,,4,1.37x,0.00,98.45,1.37x,0.078690,0.032972,OPTIMAL,OPTIMAL,"/root/Downloads/for_dana/vaghar_org/paper_experiments/mnist/cnn1_exp/patch/eps_1,14,14,3/vagharWithPerturbed_cnn1_model_seed42_itr20_sgd_itr1/63912316281398_cnn1_patch_1.0,14.0,14.0,3.0_ctag0__HyperAttackHints_VagharDeps_PertruebedIntervals_cTag1.txt","/root/Downloads/for_dana/vaghar_org/paper_experiments/mnist/cnn1_exp/patch/eps_1,14,14,3/advStd_cnn1_N1_model_seed42_itr20/63912485963377_n2_cnn1_patch_1.0,14.0,14.0,3.0_ctag0_model_seed42_itr20_sgd_itr1_N2_advStd_BoundTightPertRelax0.0_zonoBounds_varHintDirectPGD_seed4_HyperAttackHints_VagharDeps_PerturbedIntervals_cTag1.txt",no
cnn1,patch,"1,14,14,3",0,7,71.72,98.20,9.863165,9.941854,9.962486,10.042606,0.100752,no,off,no,yes,prev_pgd,yes,off,0.25,btpr,yes,elim not activated,elim not activated,82,82,82,0,0,4,1.37x,0.00,98.20,1.37x,0.078690,0.080120,OPTIMAL,OPTIMAL,"/root/Downloads/for_dana/vaghar_org/paper_experiments/mnist/cnn1_exp/patch/eps_1,14,14,3/vagharWithPerturbed_cnn1_model_seed42_itr20_sgd_itr1/63912316281398_cnn1_patch_1.0,14.0,14.0,3.0_ctag0__HyperAttackHints_VagharDeps_PertruebedIntervals_cTag1.txt","/root/Downloads/for_dana/vaghar_org/paper_experiments/mnist/cnn1_exp/patch/eps_1,14,14,3/advStd_cnn1_N1_model_seed42_itr20/63914256641896_n2_cnn1_patch_1.0,14.0,14.0,3.0_ctag0_model_seed42_itr20_sgd_itr1_N2_advStd_BoundTightPertRelax0.25_SibGate_zonoBounds_varHintPrevPGD_seed4_both82_orgDrop0_pertDrop0_HyperAttackHints_VagharDeps_PerturbedIntervals_cTag1.txt",no
cnn1,patch,"1,14,14,3",0,7,71.72,102.11,9.863165,9.941854,9.962486,10.042606,0.100752,no,off,no,yes,prev_pgd,yes,off,0.5,btpr,yes,elim not activated,elim not activated,82,82,82,0,0,4,1.42x,0.00,102.11,1.42x,0.078690,0.080120,OPTIMAL,OPTIMAL,"/root/Downloads/for_dana/vaghar_org/paper_experiments/mnist/cnn1_exp/patch/eps_1,14,14,3/vagharWithPerturbed_cnn1_model_seed42_itr20_sgd_itr1/63912316281398_cnn1_patch_1.0,14.0,14.0,3.0_ctag0__HyperAttackHints_VagharDeps_PertruebedIntervals_cTag1.txt","/root/Downloads/for_dana/vaghar_org/paper_experiments/mnist/cnn1_exp/patch/eps_1,14,14,3/advStd_cnn1_N1_model_seed42_itr20/63914868474576_n2_cnn1_patch_1.0,14.0,14.0,3.0_ctag0_model_seed42_itr20_sgd_itr1_N2_advStd_BoundTightPertRelax0.5_SibGate_zonoBounds_varHintPrevPGD_seed4_both82_orgDrop0_pertDrop0_HyperAttackHints_VagharDeps_PerturbedIntervals_cTag1.txt",no
cnn1,patch,"1,14,14,3",0,7,71.72,103.13,9.863165,9.941854,9.962486,10.042606,0.100752,no,off,no,yes,prev_pgd,yes,off,0.5,btpr,yes,elim not activated,elim not activated,82,82,82,0,0,4,1.44x,0.00,103.13,1.44x,0.078690,0.080120,OPTIMAL,OPTIMAL,"/root/Downloads/for_dana/vaghar_org/paper_experiments/mnist/cnn1_exp/patch/eps_1,14,14,3/vagharWithPerturbed_cnn1_model_seed42_itr20_sgd_itr1/63912316281398_cnn1_patch_1.0,14.0,14.0,3.0_ctag0__HyperAttackHints_VagharDeps_PertruebedIntervals_cTag1.txt","/root/Downloads/for_dana/vaghar_org/paper_experiments/mnist/cnn1_exp/patch/eps_1,14,14,3/advStd_cnn1_N1_model_seed42_itr20/63914256647596_n2_cnn1_patch_1.0,14.0,14.0,3.0_ctag0_model_seed42_itr20_sgd_itr1_N2_advStd_BoundTightPertRelax0.5_SibGate_zonoBounds_varHintPrevPGD_seed4_both82_orgDrop0_pertDrop0_HyperAttackHints_VagharDeps_PerturbedIntervals_cTag1.txt",no
cnn1,patch,"1,14,14,3",0,7,71.72,104.67,9.863165,9.941854,9.897342,9.987940,0.046086,no,off,no,yes,prev,no,off,0.0,btpr,no,elim not activated,elim not activated,0,0,,,,4,1.46x,0.00,104.67,1.46x,0.078690,0.090598,OPTIMAL,OPTIMAL,"/root/Downloads/for_dana/vaghar_org/paper_experiments/mnist/cnn1_exp/patch/eps_1,14,14,3/vagharWithPerturbed_cnn1_model_seed42_itr20_sgd_itr1/63912316281398_cnn1_patch_1.0,14.0,14.0,3.0_ctag0__HyperAttackHints_VagharDeps_PertruebedIntervals_cTag1.txt","/root/Downloads/for_dana/vaghar_org/paper_experiments/mnist/cnn1_exp/patch/eps_1,14,14,3/advStd_cnn1_N1_model_seed42_itr20/63912428510938_n2_cnn1_patch_1.0,14.0,14.0,3.0_ctag0_model_seed42_itr20_sgd_itr1_N2_advStd_BoundTightPertRelax0.0_varHintFixed_seed4_HyperAttackHints_VagharDeps_PerturbedIntervals_cTag1.txt",no
cnn1,patch,"1,14,14,3",0,7,71.72,108.97,9.863165,9.941854,9.964378,9.985124,0.043270,no,off,no,yes,no,no,off,0.5,btpr,no,elim not activated,elim not activated,82,82,,,,4,1.52x,0.00,108.97,1.52x,0.078690,0.020746,OPTIMAL,OPTIMAL,"/root/Downloads/for_dana/vaghar_org/paper_experiments/mnist/cnn1_exp/patch/eps_1,14,14,3/vagharWithPerturbed_cnn1_model_seed42_itr20_sgd_itr1/63912316281398_cnn1_patch_1.0,14.0,14.0,3.0_ctag0__HyperAttackHints_VagharDeps_PertruebedIntervals_cTag1.txt","/root/Downloads/for_dana/vaghar_org/paper_experiments/mnist/cnn1_exp/patch/eps_1,14,14,3/advStd_cnn1_N1_model_seed42_itr20/63912283038304_n2_cnn1_patch_1.0,14.0,14.0,3.0_ctag0_model_seed42_itr20_sgd_itr1_N2_advStd_BoundTightPertRelax0.5_seed4_HyperAttackHints_VagharDeps_PerturbedIntervals_cTag1.txt",no
cnn1,patch,"1,14,14,3",0,7,71.72,109.11,9.863165,9.941854,9.962486,10.042606,0.100752,no,off,no,yes,prev_pgd,yes,off,0.5,btpr,no,elim not activated,elim not activated,82,82,,,,4,1.52x,0.00,109.11,1.52x,0.078690,0.080120,OPTIMAL,OPTIMAL,"/root/Downloads/for_dana/vaghar_org/paper_experiments/mnist/cnn1_exp/patch/eps_1,14,14,3/vagharWithPerturbed_cnn1_model_seed42_itr20_sgd_itr1/63912316281398_cnn1_patch_1.0,14.0,14.0,3.0_ctag0__HyperAttackHints_VagharDeps_PertruebedIntervals_cTag1.txt","/root/Downloads/for_dana/vaghar_org/paper_experiments/mnist/cnn1_exp/patch/eps_1,14,14,3/advStd_cnn1_N1_model_seed42_itr20/63912489571581_n2_cnn1_patch_1.0,14.0,14.0,3.0_ctag0_model_seed42_itr20_sgd_itr1_N2_advStd_BoundTightPertRelax0.5_zonoBounds_varHintPrevPGD_seed4_HyperAttackHints_VagharDeps_PerturbedIntervals_cTag1.txt",no
cnn1,patch,"1,14,14,3",0,7,71.72,109.11,9.863165,9.941854,9.962486,10.042606,0.100752,no,off,no,yes,prev_pgd,yes,off,0.5,btpr,no,elim not activated,elim not activated,82,82,,,,4,1.52x,0.00,109.11,1.52x,0.078690,0.080120,OPTIMAL,OPTIMAL,"/root/Downloads/for_dana/vaghar_org/paper_experiments/mnist/cnn1_exp/patch/eps_1,14,14,3/vagharWithPerturbed_cnn1_model_seed42_itr20_sgd_itr1/63912316281398_cnn1_patch_1.0,14.0,14.0,3.0_ctag0__HyperAttackHints_VagharDeps_PertruebedIntervals_cTag1.txt","/root/Downloads/for_dana/vaghar_org/paper_experiments/mnist/cnn1_exp/patch/eps_1,14,14,3/advStd_cnn1_N1_model_seed42_itr20/63912788247417_n2_cnn1_patch_1.0,14.0,14.0,3.0_ctag0_model_seed42_itr20_sgd_itr1_N2_advStd_BoundTightPertRelax0.5_zonoBounds_varHintPrevPGD_seed4_HyperAttackHints_VagharDeps_PerturbedIntervals_cTag1.txt",no
cnn1,patch,"1,14,14,3",0,7,71.72,114.01,9.863165,9.941854,9.962486,10.042606,0.100752,no,off,no,yes,prev_pgd,no,off,0.5,btpr,yes,elim not activated,elim not activated,82,82,82,0,0,4,1.59x,0.00,114.01,1.59x,0.078690,0.080120,OPTIMAL,OPTIMAL,"/root/Downloads/for_dana/vaghar_org/paper_experiments/mnist/cnn1_exp/patch/eps_1,14,14,3/vagharWithPerturbed_cnn1_model_seed42_itr20_sgd_itr1/63912316281398_cnn1_patch_1.0,14.0,14.0,3.0_ctag0__HyperAttackHints_VagharDeps_PertruebedIntervals_cTag1.txt","/root/Downloads/for_dana/vaghar_org/paper_experiments/mnist/cnn1_exp/patch/eps_1,14,14,3/advStd_cnn1_N1_model_seed42_itr20/63914256580310_n2_cnn1_patch_1.0,14.0,14.0,3.0_ctag0_model_seed42_itr20_sgd_itr1_N2_advStd_BoundTightPertRelax0.5_SibGate_varHintPrevPGD_seed4_both82_orgDrop0_pertDrop0_HyperAttackHints_VagharDeps_PerturbedIntervals_cTag1.txt",no
cnn1,patch,"1,14,14,3",0,7,71.72,115.10,9.863165,9.941854,9.897342,9.983967,0.042113,no,off,no,yes,prev_pgd,no,off,0.0,btpr,no,elim not activated,elim not activated,0,0,,,,4,1.60x,0.00,115.10,1.60x,0.078690,0.086625,OPTIMAL,OPTIMAL,"/root/Downloads/for_dana/vaghar_org/paper_experiments/mnist/cnn1_exp/patch/eps_1,14,14,3/vagharWithPerturbed_cnn1_model_seed42_itr20_sgd_itr1/63912316281398_cnn1_patch_1.0,14.0,14.0,3.0_ctag0__HyperAttackHints_VagharDeps_PertruebedIntervals_cTag1.txt","/root/Downloads/for_dana/vaghar_org/paper_experiments/mnist/cnn1_exp/patch/eps_1,14,14,3/advStd_cnn1_N1_model_seed42_itr20/63912485997672_n2_cnn1_patch_1.0,14.0,14.0,3.0_ctag0_model_seed42_itr20_sgd_itr1_N2_advStd_BoundTightPertRelax0.0_varHintPrevPGD_seed4_HyperAttackHints_VagharDeps_PerturbedIntervals_cTag1.txt",no
cnn1,patch,"1,14,14,3",0,7,71.72,116.56,9.863165,9.941854,9.962486,10.042606,0.100752,no,off,no,yes,prev_pgd,no,off,0.5,btpr,no,elim not activated,elim not activated,82,82,,,,4,1.63x,0.00,116.56,1.63x,0.078690,0.080120,OPTIMAL,OPTIMAL,"/root/Downloads/for_dana/vaghar_org/paper_experiments/mnist/cnn1_exp/patch/eps_1,14,14,3/vagharWithPerturbed_cnn1_model_seed42_itr20_sgd_itr1/63912316281398_cnn1_patch_1.0,14.0,14.0,3.0_ctag0__HyperAttackHints_VagharDeps_PertruebedIntervals_cTag1.txt","/root/Downloads/for_dana/vaghar_org/paper_experiments/mnist/cnn1_exp/patch/eps_1,14,14,3/advStd_cnn1_N1_model_seed42_itr20/63912486015929_n2_cnn1_patch_1.0,14.0,14.0,3.0_ctag0_model_seed42_itr20_sgd_itr1_N2_advStd_BoundTightPertRelax0.5_varHintPrevPGD_seed4_HyperAttackHints_VagharDeps_PerturbedIntervals_cTag1.txt",no
cnn1,patch,"1,14,14,3",0,7,71.72,119.19,9.863165,9.941854,9.962486,10.042606,0.100752,no,off,no,yes,prev_pgd,no,off,0.25,btpr,yes,elim not activated,elim not activated,82,82,82,0,0,4,1.66x,0.00,119.19,1.66x,0.078690,0.080120,OPTIMAL,OPTIMAL,"/root/Downloads/for_dana/vaghar_org/paper_experiments/mnist/cnn1_exp/patch/eps_1,14,14,3/vagharWithPerturbed_cnn1_model_seed42_itr20_sgd_itr1/63912316281398_cnn1_patch_1.0,14.0,14.0,3.0_ctag0__HyperAttackHints_VagharDeps_PertruebedIntervals_cTag1.txt","/root/Downloads/for_dana/vaghar_org/paper_experiments/mnist/cnn1_exp/patch/eps_1,14,14,3/advStd_cnn1_N1_model_seed42_itr20/63913669577799_n2_cnn1_patch_1.0,14.0,14.0,3.0_ctag0_model_seed42_itr20_sgd_itr1_N2_advStd_BoundTightPertRelax0.25_SibGate_varHintPrevPGD_seed4_both82_orgDrop0_pertDrop0_HyperAttackHints_VagharDeps_PerturbedIntervals_cTag1.txt",no
cnn1,patch,"1,14,14,3",0,7,71.72,121.01,9.863165,9.941854,9.962486,10.042606,0.100752,no,off,no,yes,prev_pgd,no,off,0.5,btpr,yes,elim not activated,elim not activated,82,82,82,0,0,4,1.69x,0.00,121.01,1.69x,0.078690,0.080120,OPTIMAL,OPTIMAL,"/root/Downloads/for_dana/vaghar_org/paper_experiments/mnist/cnn1_exp/patch/eps_1,14,14,3/vagharWithPerturbed_cnn1_model_seed42_itr20_sgd_itr1/63912316281398_cnn1_patch_1.0,14.0,14.0,3.0_ctag0__HyperAttackHints_VagharDeps_PertruebedIntervals_cTag1.txt","/root/Downloads/for_dana/vaghar_org/paper_experiments/mnist/cnn1_exp/patch/eps_1,14,14,3/advStd_cnn1_N1_model_seed42_itr20/63913669588302_n2_cnn1_patch_1.0,14.0,14.0,3.0_ctag0_model_seed42_itr20_sgd_itr1_N2_advStd_BoundTightPertRelax0.5_SibGate_varHintPrevPGD_seed4_both82_orgDrop0_pertDrop0_HyperAttackHints_VagharDeps_PerturbedIntervals_cTag1.txt",no
cnn1,patch,"1,14,14,3",0,7,71.72,120.85,9.863165,9.941854,9.963910,10.046339,0.104484,no,off,no,yes,prev_pgd,no,off,0.25,btpr,yes,elim not activated,elim not activated,82,82,82,0,0,4,1.69x,0.00,120.85,1.69x,0.078690,0.082429,OPTIMAL,OPTIMAL,"/root/Downloads/for_dana/vaghar_org/paper_experiments/mnist/cnn1_exp/patch/eps_1,14,14,3/vagharWithPerturbed_cnn1_model_seed42_itr20_sgd_itr1/63912316281398_cnn1_patch_1.0,14.0,14.0,3.0_ctag0__HyperAttackHints_VagharDeps_PertruebedIntervals_cTag1.txt","/root/Downloads/for_dana/vaghar_org/paper_experiments/mnist/cnn1_exp/patch/eps_1,14,14,3/advStd_cnn1_N1_model_seed42_itr20/63914256540689_n2_cnn1_patch_1.0,14.0,14.0,3.0_ctag0_model_seed42_itr20_sgd_itr1_N2_advStd_BoundTightPertRelax0.25_SibGate_varHintPrevPGD_seed4_both82_orgDrop0_pertDrop0_HyperAttackHints_VagharDeps_PerturbedIntervals_cTag1.txt",no
cnn1,patch,"1,14,14,3",0,7,71.72,124.15,9.863165,9.941854,9.964377,9.985132,0.043278,no,off,no,yes,no,no,off,0.5,btpr,no,elim not activated,elim not activated,82,82,,,,4,1.73x,0.00,124.15,1.73x,0.078690,0.020755,OPTIMAL,OPTIMAL,"/root/Downloads/for_dana/vaghar_org/paper_experiments/mnist/cnn1_exp/patch/eps_1,14,14,3/vagharWithPerturbed_cnn1_model_seed42_itr20_sgd_itr1/63912316281398_cnn1_patch_1.0,14.0,14.0,3.0_ctag0__HyperAttackHints_VagharDeps_PertruebedIntervals_cTag1.txt","/root/Downloads/for_dana/vaghar_org/paper_experiments/mnist/cnn1_exp/patch/eps_1,14,14,3/advStd_cnn1_N1_model_seed42_itr20/63912282052985_n2_cnn1_patch_1.0,14.0,14.0,3.0_ctag0_model_seed42_itr20_sgd_itr1_N2_advStd_BoundTightPertRelax0.5_seed4_HyperAttackHints_VagharDeps_PerturbedIntervals_cTag1.txt",no
cnn1,patch,"1,14,14,3",0,7,71.72,124.55,9.863165,9.941854,9.897342,9.987940,0.046086,no,off,no,yes,prev,yes,off,0.0,btpr,no,elim not activated,elim not activated,0,0,,,,4,1.74x,0.00,124.55,1.74x,0.078690,0.090598,OPTIMAL,OPTIMAL,"/root/Downloads/for_dana/vaghar_org/paper_experiments/mnist/cnn1_exp/patch/eps_1,14,14,3/vagharWithPerturbed_cnn1_model_seed42_itr20_sgd_itr1/63912316281398_cnn1_patch_1.0,14.0,14.0,3.0_ctag0__HyperAttackHints_VagharDeps_PertruebedIntervals_cTag1.txt","/root/Downloads/for_dana/vaghar_org/paper_experiments/mnist/cnn1_exp/patch/eps_1,14,14,3/advStd_cnn1_N1_model_seed42_itr20/63912428491140_n2_cnn1_patch_1.0,14.0,14.0,3.0_ctag0_model_seed42_itr20_sgd_itr1_N2_advStd_BoundTightPertRelax0.0_zonoBounds_varHintFixed_seed4_HyperAttackHints_VagharDeps_PerturbedIntervals_cTag1.txt",no
cnn1,patch,"1,14,14,3",0,7,71.72,125.19,9.863165,9.941854,9.962486,10.042606,0.100752,no,off,no,yes,prev_pgd,yes,off,0.5,btpr,yes,elim not activated,elim not activated,82,82,82,0,0,4,1.75x,0.00,125.19,1.75x,0.078690,0.080120,OPTIMAL,OPTIMAL,"/root/Downloads/for_dana/vaghar_org/paper_experiments/mnist/cnn1_exp/patch/eps_1,14,14,3/vagharWithPerturbed_cnn1_model_seed42_itr20_sgd_itr1/63912316281398_cnn1_patch_1.0,14.0,14.0,3.0_ctag0__HyperAttackHints_VagharDeps_PertruebedIntervals_cTag1.txt","/root/Downloads/for_dana/vaghar_org/paper_experiments/mnist/cnn1_exp/patch/eps_1,14,14,3/advStd_cnn1_N1_model_seed42_itr20/63913669656655_n2_cnn1_patch_1.0,14.0,14.0,3.0_ctag0_model_seed42_itr20_sgd_itr1_N2_advStd_BoundTightPertRelax0.5_SibGate_zonoBounds_varHintPrevPGD_seed4_both82_orgDrop0_pertDrop0_HyperAttackHints_VagharDeps_PerturbedIntervals_cTag1.txt",no
cnn1,patch,"1,14,14,3",0,7,71.72,126.57,9.863165,9.941854,9.897914,9.924823,-0.017032,no,off,no,yes,no,yes,off,0.1,btpr,no,elim not activated,elim not activated,1,1,,,,4,1.76x,0.00,126.57,1.76x,0.078690,0.026909,OPTIMAL,OPTIMAL,"/root/Downloads/for_dana/vaghar_org/paper_experiments/mnist/cnn1_exp/patch/eps_1,14,14,3/vagharWithPerturbed_cnn1_model_seed42_itr20_sgd_itr1/63912316281398_cnn1_patch_1.0,14.0,14.0,3.0_ctag0__HyperAttackHints_VagharDeps_PertruebedIntervals_cTag1.txt","/root/Downloads/for_dana/vaghar_org/paper_experiments/mnist/cnn1_exp/patch/eps_1,14,14,3/advStd_cnn1_N1_model_seed42_itr20/63912288224377_n2_cnn1_patch_1.0,14.0,14.0,3.0_ctag0_model_seed42_itr20_sgd_itr1_N2_advStd_BoundTightPertRelax0.1_zonoBounds_seed4_HyperAttackHints_VagharDeps_PerturbedIntervals_cTag1.txt",no
cnn1,patch,"1,14,14,3",0,7,71.72,127.37,9.863165,9.941854,9.897914,9.924823,-0.017032,no,off,no,yes,no,no,off,0.1,btpr,no,elim not activated,elim not activated,1,1,,,,4,1.78x,0.00,127.37,1.78x,0.078690,0.026909,OPTIMAL,OPTIMAL,"/root/Downloads/for_dana/vaghar_org/paper_experiments/mnist/cnn1_exp/patch/eps_1,14,14,3/vagharWithPerturbed_cnn1_model_seed42_itr20_sgd_itr1/63912316281398_cnn1_patch_1.0,14.0,14.0,3.0_ctag0__HyperAttackHints_VagharDeps_PertruebedIntervals_cTag1.txt","/root/Downloads/for_dana/vaghar_org/paper_experiments/mnist/cnn1_exp/patch/eps_1,14,14,3/advStd_cnn1_N1_model_seed42_itr20/63912278625808_n2_cnn1_patch_1.0,14.0,14.0,3.0_ctag0_model_seed42_itr20_sgd_itr1_N2_advStd_BoundTightPertRelax0.1_seed4_HyperAttackHints_VagharDeps_PerturbedIntervals_cTag1.txt",no
cnn1,patch,"1,14,14,3",0,7,71.72,127.33,9.863165,9.941854,9.897914,9.924823,-0.017032,no,off,no,yes,no,yes,off,0.1,btpr,no,elim not activated,elim not activated,1,1,,,,4,1.78x,0.00,127.33,1.78x,0.078690,0.026909,OPTIMAL,OPTIMAL,"/root/Downloads/for_dana/vaghar_org/paper_experiments/mnist/cnn1_exp/patch/eps_1,14,14,3/vagharWithPerturbed_cnn1_model_seed42_itr20_sgd_itr1/63912316281398_cnn1_patch_1.0,14.0,14.0,3.0_ctag0__HyperAttackHints_VagharDeps_PertruebedIntervals_cTag1.txt","/root/Downloads/for_dana/vaghar_org/paper_experiments/mnist/cnn1_exp/patch/eps_1,14,14,3/advStd_cnn1_N1_model_seed42_itr20/63912285739015_n2_cnn1_patch_1.0,14.0,14.0,3.0_ctag0_model_seed42_itr20_sgd_itr1_N2_advStd_BoundTightPertRelax0.1_zonoBounds_seed4_HyperAttackHints_VagharDeps_PerturbedIntervals_cTag1.txt",no
cnn1,patch,"1,14,14,3",0,7,71.72,127.80,9.863165,9.941854,9.897914,9.924823,-0.017032,no,off,no,yes,no,yes,off,0.05,btpr,no,elim not activated,elim not activated,1,1,,,,4,1.78x,0.00,127.80,1.78x,0.078690,0.026909,OPTIMAL,OPTIMAL,"/root/Downloads/for_dana/vaghar_org/paper_experiments/mnist/cnn1_exp/patch/eps_1,14,14,3/vagharWithPerturbed_cnn1_model_seed42_itr20_sgd_itr1/63912316281398_cnn1_patch_1.0,14.0,14.0,3.0_ctag0__HyperAttackHints_VagharDeps_PertruebedIntervals_cTag1.txt","/root/Downloads/for_dana/vaghar_org/paper_experiments/mnist/cnn1_exp/patch/eps_1,14,14,3/advStd_cnn1_N1_model_seed42_itr20/63912288224130_n2_cnn1_patch_1.0,14.0,14.0,3.0_ctag0_model_seed42_itr20_sgd_itr1_N2_advStd_BoundTightPertRelax0.05_zonoBounds_seed4_HyperAttackHints_VagharDeps_PerturbedIntervals_cTag1.txt",no
cnn1,patch,"1,14,14,3",0,7,71.72,133.13,9.863165,9.941854,9.897914,9.924823,-0.017032,no,off,no,yes,no,no,off,0.05,btpr,no,elim not activated,elim not activated,1,1,,,,4,1.86x,0.00,133.13,1.86x,0.078690,0.026909,OPTIMAL,OPTIMAL,"/root/Downloads/for_dana/vaghar_org/paper_experiments/mnist/cnn1_exp/patch/eps_1,14,14,3/vagharWithPerturbed_cnn1_model_seed42_itr20_sgd_itr1/63912316281398_cnn1_patch_1.0,14.0,14.0,3.0_ctag0__HyperAttackHints_VagharDeps_PertruebedIntervals_cTag1.txt","/root/Downloads/for_dana/vaghar_org/paper_experiments/mnist/cnn1_exp/patch/eps_1,14,14,3/advStd_cnn1_N1_model_seed42_itr20/63912278625017_n2_cnn1_patch_1.0,14.0,14.0,3.0_ctag0_model_seed42_itr20_sgd_itr1_N2_advStd_BoundTightPertRelax0.05_seed4_HyperAttackHints_VagharDeps_PerturbedIntervals_cTag1.txt",no
cnn1,patch,"1,14,14,3",0,7,71.72,144.75,9.863165,9.941854,9.897914,9.924823,-0.017032,no,off,no,yes,no,yes,off,0.05,btpr,no,elim not activated,elim not activated,1,1,,,,4,2.02x,0.00,144.75,2.02x,0.078690,0.026909,OPTIMAL,OPTIMAL,"/root/Downloads/for_dana/vaghar_org/paper_experiments/mnist/cnn1_exp/patch/eps_1,14,14,3/vagharWithPerturbed_cnn1_model_seed42_itr20_sgd_itr1/63912316281398_cnn1_patch_1.0,14.0,14.0,3.0_ctag0__HyperAttackHints_VagharDeps_PertruebedIntervals_cTag1.txt","/root/Downloads/for_dana/vaghar_org/paper_experiments/mnist/cnn1_exp/patch/eps_1,14,14,3/advStd_cnn1_N1_model_seed42_itr20/63912285326087_n2_cnn1_patch_1.0,14.0,14.0,3.0_ctag0_model_seed42_itr20_sgd_itr1_N2_advStd_BoundTightPertRelax0.05_zonoBounds_seed4_HyperAttackHints_VagharDeps_PerturbedIntervals_cTag1.txt",no
cnn1,patch,"1,14,14,3",0,7,71.72,157.33,9.863165,9.941854,9.962486,10.042606,0.100752,no,off,no,yes,prev_pgd,yes,off,0.25,btpr,yes,elim not activated,elim not activated,82,82,82,0,0,4,2.19x,0.00,157.33,2.19x,0.078690,0.080120,OPTIMAL,OPTIMAL,"/root/Downloads/for_dana/vaghar_org/paper_experiments/mnist/cnn1_exp/patch/eps_1,14,14,3/vagharWithPerturbed_cnn1_model_seed42_itr20_sgd_itr1/63912316281398_cnn1_patch_1.0,14.0,14.0,3.0_ctag0__HyperAttackHints_VagharDeps_PertruebedIntervals_cTag1.txt","/root/Downloads/for_dana/vaghar_org/paper_experiments/mnist/cnn1_exp/patch/eps_1,14,14,3/advStd_cnn1_N1_model_seed42_itr20/63913669629692_n2_cnn1_patch_1.0,14.0,14.0,3.0_ctag0_model_seed42_itr20_sgd_itr1_N2_advStd_BoundTightPertRelax0.25_SibGate_zonoBounds_varHintPrevPGD_seed4_both82_orgDrop0_pertDrop0_HyperAttackHints_VagharDeps_PerturbedIntervals_cTag1.txt",no
cnn1,patch,"1,14,14,3",0,7,71.72,205.70,9.863165,9.941854,9.929438,9.985140,0.043286,no,off,no,yes,direct_pgd,yes,off,0.5,btpr,no,elim not activated,elim not activated,82,82,,,,4,2.87x,0.00,205.70,2.87x,0.078690,0.055702,OPTIMAL,OPTIMAL,"/root/Downloads/for_dana/vaghar_org/paper_experiments/mnist/cnn1_exp/patch/eps_1,14,14,3/vagharWithPerturbed_cnn1_model_seed42_itr20_sgd_itr1/63912316281398_cnn1_patch_1.0,14.0,14.0,3.0_ctag0__HyperAttackHints_VagharDeps_PertruebedIntervals_cTag1.txt","/root/Downloads/for_dana/vaghar_org/paper_experiments/mnist/cnn1_exp/patch/eps_1,14,14,3/advStd_cnn1_N1_model_seed42_itr20/63912486187683_n2_cnn1_patch_1.0,14.0,14.0,3.0_ctag0_model_seed42_itr20_sgd_itr1_N2_advStd_BoundTightPertRelax0.5_zonoBounds_varHintDirectPGD_seed4_HyperAttackHints_VagharDeps_PerturbedIntervals_cTag1.txt",no
cnn1,patch,"1,14,14,3",0,7,71.72,240.36,9.863165,9.941854,9.876332,9.970430,0.028575,no,off,no,yes,direct,yes,off,0.5,btpr,no,elim not activated,elim not activated,82,82,,,,4,3.35x,0.00,240.36,3.35x,0.078690,0.094098,OPTIMAL,OPTIMAL,"/root/Downloads/for_dana/vaghar_org/paper_experiments/mnist/cnn1_exp/patch/eps_1,14,14,3/vagharWithPerturbed_cnn1_model_seed42_itr20_sgd_itr1/63912316281398_cnn1_patch_1.0,14.0,14.0,3.0_ctag0__HyperAttackHints_VagharDeps_PertruebedIntervals_cTag1.txt","/root/Downloads/for_dana/vaghar_org/paper_experiments/mnist/cnn1_exp/patch/eps_1,14,14,3/advStd_cnn1_N1_model_seed42_itr20/63912448960525_n2_cnn1_patch_1.0,14.0,14.0,3.0_ctag0_model_seed42_itr20_sgd_itr1_N2_advStd_BoundTightPertRelax0.5_zonoBounds_varHintDirect_seed4_HyperAttackHints_VagharDeps_PerturbedIntervals_cTag1.txt",no
,,,,,,,,,,,,,,,,,,,,,,,,,,,,,,,,,,,,,,,,
cnn1,patch,"1,14,14,3",0,8,55.30,58.76,12.563151,12.573730,12.503768,12.619429,0.045700,no,off,no,yes,prev_pgd,yes,off,0.0,btpr,no,elim not activated,elim not activated,0,0,,,,4,1.06x,0.00,58.76,1.06x,0.010578,0.115661,OPTIMAL,OPTIMAL,"/root/Downloads/for_dana/vaghar_org/paper_experiments/mnist/cnn1_exp/patch/eps_1,14,14,3/vagharWithPerturbed_cnn1_model_seed42_itr20_sgd_itr1/63912316281398_cnn1_patch_1.0,14.0,14.0,3.0_ctag0__HyperAttackHints_VagharDeps_PertruebedIntervals_cTag1.txt","/root/Downloads/for_dana/vaghar_org/paper_experiments/mnist/cnn1_exp/patch/eps_1,14,14,3/advStd_cnn1_N1_model_seed42_itr20/63912486022232_n2_cnn1_patch_1.0,14.0,14.0,3.0_ctag0_model_seed42_itr20_sgd_itr1_N2_advStd_BoundTightPertRelax0.0_zonoBounds_varHintPrevPGD_seed4_HyperAttackHints_VagharDeps_PerturbedIntervals_cTag1.txt",no
cnn1,patch,"1,14,14,3",0,8,55.30,58.76,12.563151,12.573730,12.503768,12.619429,0.045700,no,off,no,yes,prev_pgd,yes,off,0.0,btpr,no,elim not activated,elim not activated,0,0,,,,4,1.06x,0.00,58.76,1.06x,0.010578,0.115661,OPTIMAL,OPTIMAL,"/root/Downloads/for_dana/vaghar_org/paper_experiments/mnist/cnn1_exp/patch/eps_1,14,14,3/vagharWithPerturbed_cnn1_model_seed42_itr20_sgd_itr1/63912316281398_cnn1_patch_1.0,14.0,14.0,3.0_ctag0__HyperAttackHints_VagharDeps_PertruebedIntervals_cTag1.txt","/root/Downloads/for_dana/vaghar_org/paper_experiments/mnist/cnn1_exp/patch/eps_1,14,14,3/advStd_cnn1_N1_model_seed42_itr20/63912788250841_n2_cnn1_patch_1.0,14.0,14.0,3.0_ctag0_model_seed42_itr20_sgd_itr1_N2_advStd_BoundTightPertRelax0.0_zonoBounds_varHintPrevPGD_seed4_HyperAttackHints_VagharDeps_PerturbedIntervals_cTag1.txt",no
cnn1,patch,"1,14,14,3",0,8,55.30,59.63,12.563151,12.573730,12.503039,12.573730,0.000000,no,off,no,yes,no,yes,off,0.0,btpr,no,elim not activated,elim not activated,0,0,,,,4,1.08x,0.00,59.63,1.08x,0.010578,0.070691,OPTIMAL,OPTIMAL,"/root/Downloads/for_dana/vaghar_org/paper_experiments/mnist/cnn1_exp/patch/eps_1,14,14,3/vagharWithPerturbed_cnn1_model_seed42_itr20_sgd_itr1/63912316281398_cnn1_patch_1.0,14.0,14.0,3.0_ctag0__HyperAttackHints_VagharDeps_PertruebedIntervals_cTag1.txt","/root/Downloads/for_dana/vaghar_org/paper_experiments/mnist/cnn1_exp/patch/eps_1,14,14,3/advStd_cnn1_N1_model_seed42_itr20/63912282117838_n2_cnn1_patch_1.0,14.0,14.0,3.0_ctag0_model_seed42_itr20_sgd_itr1_N2_advStd_BoundTightPertRelax0.0_zonoBounds_seed4_HyperAttackHints_VagharDeps_PerturbedIntervals_cTag1.txt",no
cnn1,patch,"1,14,14,3",0,8,55.30,59.63,12.563151,12.573730,12.503039,12.573730,0.000000,no,off,no,yes,no,yes,off,0.0,btpr,no,elim not activated,elim not activated,0,0,,,,4,1.08x,0.00,59.63,1.08x,0.010578,0.070691,OPTIMAL,OPTIMAL,"/root/Downloads/for_dana/vaghar_org/paper_experiments/mnist/cnn1_exp/patch/eps_1,14,14,3/vagharWithPerturbed_cnn1_model_seed42_itr20_sgd_itr1/63912316281398_cnn1_patch_1.0,14.0,14.0,3.0_ctag0__HyperAttackHints_VagharDeps_PertruebedIntervals_cTag1.txt","/root/Downloads/for_dana/vaghar_org/paper_experiments/mnist/cnn1_exp/patch/eps_1,14,14,3/advStd_cnn1_N1_model_seed42_itr20/63912283035301_n2_cnn1_patch_1.0,14.0,14.0,3.0_ctag0_model_seed42_itr20_sgd_itr1_N2_advStd_BoundTightPertRelax0.0_zonoBounds_seed4_HyperAttackHints_VagharDeps_PerturbedIntervals_cTag1.txt",no
cnn1,patch,"1,14,14,3",0,8,55.30,62.96,12.563151,12.573730,12.503768,12.564801,-0.008929,no,off,no,yes,direct,yes,off,0.0,btpr,no,elim not activated,elim not activated,0,0,,,,4,1.14x,0.00,62.96,1.14x,0.010578,0.061033,OPTIMAL,OPTIMAL,"/root/Downloads/for_dana/vaghar_org/paper_experiments/mnist/cnn1_exp/patch/eps_1,14,14,3/vagharWithPerturbed_cnn1_model_seed42_itr20_sgd_itr1/63912316281398_cnn1_patch_1.0,14.0,14.0,3.0_ctag0__HyperAttackHints_VagharDeps_PertruebedIntervals_cTag1.txt","/root/Downloads/for_dana/vaghar_org/paper_experiments/mnist/cnn1_exp/patch/eps_1,14,14,3/advStd_cnn1_N1_model_seed42_itr20/63912448942089_n2_cnn1_patch_1.0,14.0,14.0,3.0_ctag0_model_seed42_itr20_sgd_itr1_N2_advStd_BoundTightPertRelax0.0_zonoBounds_varHintDirect_seed4_HyperAttackHints_VagharDeps_PerturbedIntervals_cTag1.txt",no
cnn1,patch,"1,14,14,3",0,8,55.30,63.69,12.563151,12.573730,12.503039,12.573730,0.000000,no,off,no,yes,no,yes,off,0.01,btpr,no,elim not activated,elim not activated,0,0,,,,4,1.15x,0.00,63.69,1.15x,0.010578,0.070691,OPTIMAL,OPTIMAL,"/root/Downloads/for_dana/vaghar_org/paper_experiments/mnist/cnn1_exp/patch/eps_1,14,14,3/vagharWithPerturbed_cnn1_model_seed42_itr20_sgd_itr1/63912316281398_cnn1_patch_1.0,14.0,14.0,3.0_ctag0__HyperAttackHints_VagharDeps_PertruebedIntervals_cTag1.txt","/root/Downloads/for_dana/vaghar_org/paper_experiments/mnist/cnn1_exp/patch/eps_1,14,14,3/advStd_cnn1_N1_model_seed42_itr20/63912282828164_n2_cnn1_patch_1.0,14.0,14.0,3.0_ctag0_model_seed42_itr20_sgd_itr1_N2_advStd_BoundTightPertRelax0.01_zonoBounds_seed4_HyperAttackHints_VagharDeps_PerturbedIntervals_cTag1.txt",no
cnn1,patch,"1,14,14,3",0,8,55.30,64.92,12.563151,12.573730,12.643366,12.643366,0.069637,no,off,no,yes,direct_pgd,no,off,0.5,btpr,no,elim not activated,elim not activated,82,82,,,,4,1.17x,0.00,64.92,1.17x,0.010578,0.000000,OPTIMAL,OPTIMAL,"/root/Downloads/for_dana/vaghar_org/paper_experiments/mnist/cnn1_exp/patch/eps_1,14,14,3/vagharWithPerturbed_cnn1_model_seed42_itr20_sgd_itr1/63912316281398_cnn1_patch_1.0,14.0,14.0,3.0_ctag0__HyperAttackHints_VagharDeps_PertruebedIntervals_cTag1.txt","/root/Downloads/for_dana/vaghar_org/paper_experiments/mnist/cnn1_exp/patch/eps_1,14,14,3/advStd_cnn1_N1_model_seed42_itr20/63912485983044_n2_cnn1_patch_1.0,14.0,14.0,3.0_ctag0_model_seed42_itr20_sgd_itr1_N2_advStd_BoundTightPertRelax0.5_varHintDirectPGD_seed4_HyperAttackHints_VagharDeps_PerturbedIntervals_cTag1.txt",no
cnn1,patch,"1,14,14,3",0,8,55.30,67.96,12.563151,12.573730,12.503039,12.573730,0.000000,no,off,no,yes,no,no,off,0.0,btpr,no,elim not activated,elim not activated,0,0,,,,4,1.23x,0.00,67.96,1.23x,0.010578,0.070691,OPTIMAL,OPTIMAL,"/root/Downloads/for_dana/vaghar_org/paper_experiments/mnist/cnn1_exp/patch/eps_1,14,14,3/vagharWithPerturbed_cnn1_model_seed42_itr20_sgd_itr1/63912316281398_cnn1_patch_1.0,14.0,14.0,3.0_ctag0__HyperAttackHints_VagharDeps_PertruebedIntervals_cTag1.txt","/root/Downloads/for_dana/vaghar_org/paper_experiments/mnist/cnn1_exp/patch/eps_1,14,14,3/advStd_cnn1_N1_model_seed42_itr20/63912278624968_n2_cnn1_patch_1.0,14.0,14.0,3.0_ctag0_model_seed42_itr20_sgd_itr1_N2_advStd_BoundTightPertRelax0.0_seed4_HyperAttackHints_VagharDeps_PerturbedIntervals_cTag1.txt",no
cnn1,patch,"1,14,14,3",0,8,55.30,68.82,12.563151,12.573730,12.461405,12.572178,-0.001552,no,off,no,yes,prev_pgd,no,off,0.0,btpr,no,elim not activated,elim not activated,0,0,,,,4,1.24x,0.00,68.82,1.24x,0.010578,0.110773,OPTIMAL,OPTIMAL,"/root/Downloads/for_dana/vaghar_org/paper_experiments/mnist/cnn1_exp/patch/eps_1,14,14,3/vagharWithPerturbed_cnn1_model_seed42_itr20_sgd_itr1/63912316281398_cnn1_patch_1.0,14.0,14.0,3.0_ctag0__HyperAttackHints_VagharDeps_PertruebedIntervals_cTag1.txt","/root/Downloads/for_dana/vaghar_org/paper_experiments/mnist/cnn1_exp/patch/eps_1,14,14,3/advStd_cnn1_N1_model_seed42_itr20/63912485997672_n2_cnn1_patch_1.0,14.0,14.0,3.0_ctag0_model_seed42_itr20_sgd_itr1_N2_advStd_BoundTightPertRelax0.0_varHintPrevPGD_seed4_HyperAttackHints_VagharDeps_PerturbedIntervals_cTag1.txt",no
cnn1,patch,"1,14,14,3",0,8,55.30,69.66,12.563151,12.573730,12.503039,12.573730,0.000000,no,off,no,yes,no,no,off,0.01,btpr,no,elim not activated,elim not activated,0,0,,,,4,1.26x,0.00,69.66,1.26x,0.010578,0.070691,OPTIMAL,OPTIMAL,"/root/Downloads/for_dana/vaghar_org/paper_experiments/mnist/cnn1_exp/patch/eps_1,14,14,3/vagharWithPerturbed_cnn1_model_seed42_itr20_sgd_itr1/63912316281398_cnn1_patch_1.0,14.0,14.0,3.0_ctag0__HyperAttackHints_VagharDeps_PertruebedIntervals_cTag1.txt","/root/Downloads/for_dana/vaghar_org/paper_experiments/mnist/cnn1_exp/patch/eps_1,14,14,3/advStd_cnn1_N1_model_seed42_itr20/63912278625875_n2_cnn1_patch_1.0,14.0,14.0,3.0_ctag0_model_seed42_itr20_sgd_itr1_N2_advStd_BoundTightPertRelax0.01_seed4_HyperAttackHints_VagharDeps_PerturbedIntervals_cTag1.txt",no
cnn1,patch,"1,14,14,3",0,8,55.30,75.87,12.563151,12.573730,12.503768,12.564801,-0.008929,no,off,no,yes,direct,no,off,0.0,btpr,no,elim not activated,elim not activated,0,0,,,,4,1.37x,0.00,75.87,1.37x,0.010578,0.061033,OPTIMAL,OPTIMAL,"/root/Downloads/for_dana/vaghar_org/paper_experiments/mnist/cnn1_exp/patch/eps_1,14,14,3/vagharWithPerturbed_cnn1_model_seed42_itr20_sgd_itr1/63912316281398_cnn1_patch_1.0,14.0,14.0,3.0_ctag0__HyperAttackHints_VagharDeps_PertruebedIntervals_cTag1.txt","/root/Downloads/for_dana/vaghar_org/paper_experiments/mnist/cnn1_exp/patch/eps_1,14,14,3/advStd_cnn1_N1_model_seed42_itr20/63912448943016_n2_cnn1_patch_1.0,14.0,14.0,3.0_ctag0_model_seed42_itr20_sgd_itr1_N2_advStd_BoundTightPertRelax0.0_varHintDirect_seed4_HyperAttackHints_VagharDeps_PerturbedIntervals_cTag1.txt",no
cnn1,patch,"1,14,14,3",0,8,55.30,78.50,12.563151,12.573730,12.503039,12.573730,0.000000,no,off,no,yes,no,yes,off,0.01,btpr,no,elim not activated,elim not activated,0,0,,,,4,1.42x,0.00,78.50,1.42x,0.010578,0.070691,OPTIMAL,OPTIMAL,"/root/Downloads/for_dana/vaghar_org/paper_experiments/mnist/cnn1_exp/patch/eps_1,14,14,3/vagharWithPerturbed_cnn1_model_seed42_itr20_sgd_itr1/63912316281398_cnn1_patch_1.0,14.0,14.0,3.0_ctag0__HyperAttackHints_VagharDeps_PertruebedIntervals_cTag1.txt","/root/Downloads/for_dana/vaghar_org/paper_experiments/mnist/cnn1_exp/patch/eps_1,14,14,3/advStd_cnn1_N1_model_seed42_itr20/63912283037584_n2_cnn1_patch_1.0,14.0,14.0,3.0_ctag0_model_seed42_itr20_sgd_itr1_N2_advStd_BoundTightPertRelax0.01_zonoBounds_seed4_HyperAttackHints_VagharDeps_PerturbedIntervals_cTag1.txt",no
cnn1,patch,"1,14,14,3",0,8,55.30,103.94,12.563151,12.573730,12.643366,12.643366,0.069637,no,off,no,yes,direct_pgd,yes,off,0.5,btpr,no,elim not activated,elim not activated,82,82,,,,4,1.88x,0.00,103.94,1.88x,0.010578,0.000000,OPTIMAL,OPTIMAL,"/root/Downloads/for_dana/vaghar_org/paper_experiments/mnist/cnn1_exp/patch/eps_1,14,14,3/vagharWithPerturbed_cnn1_model_seed42_itr20_sgd_itr1/63912316281398_cnn1_patch_1.0,14.0,14.0,3.0_ctag0__HyperAttackHints_VagharDeps_PertruebedIntervals_cTag1.txt","/root/Downloads/for_dana/vaghar_org/paper_experiments/mnist/cnn1_exp/patch/eps_1,14,14,3/advStd_cnn1_N1_model_seed42_itr20/63912486187683_n2_cnn1_patch_1.0,14.0,14.0,3.0_ctag0_model_seed42_itr20_sgd_itr1_N2_advStd_BoundTightPertRelax0.5_zonoBounds_varHintDirectPGD_seed4_HyperAttackHints_VagharDeps_PerturbedIntervals_cTag1.txt",no
cnn1,patch,"1,14,14,3",0,8,55.30,113.47,12.563151,12.573730,12.503768,12.564634,-0.009095,no,off,no,yes,direct_pgd,yes,off,0.0,btpr,no,elim not activated,elim not activated,0,0,,,,4,2.05x,0.00,113.47,2.05x,0.010578,0.060866,OPTIMAL,OPTIMAL,"/root/Downloads/for_dana/vaghar_org/paper_experiments/mnist/cnn1_exp/patch/eps_1,14,14,3/vagharWithPerturbed_cnn1_model_seed42_itr20_sgd_itr1/63912316281398_cnn1_patch_1.0,14.0,14.0,3.0_ctag0__HyperAttackHints_VagharDeps_PertruebedIntervals_cTag1.txt","/root/Downloads/for_dana/vaghar_org/paper_experiments/mnist/cnn1_exp/patch/eps_1,14,14,3/advStd_cnn1_N1_model_seed42_itr20/63912485963377_n2_cnn1_patch_1.0,14.0,14.0,3.0_ctag0_model_seed42_itr20_sgd_itr1_N2_advStd_BoundTightPertRelax0.0_zonoBounds_varHintDirectPGD_seed4_HyperAttackHints_VagharDeps_PerturbedIntervals_cTag1.txt",no
cnn1,patch,"1,14,14,3",0,8,55.30,126.11,12.563151,12.573730,12.588364,12.688047,0.114318,no,off,no,yes,prev_pgd,no,off,0.5,btpr,no,elim not activated,elim not activated,82,82,,,,4,2.28x,0.00,126.11,2.28x,0.010578,0.099683,OPTIMAL,OPTIMAL,"/root/Downloads/for_dana/vaghar_org/paper_experiments/mnist/cnn1_exp/patch/eps_1,14,14,3/vagharWithPerturbed_cnn1_model_seed42_itr20_sgd_itr1/63912316281398_cnn1_patch_1.0,14.0,14.0,3.0_ctag0__HyperAttackHints_VagharDeps_PertruebedIntervals_cTag1.txt","/root/Downloads/for_dana/vaghar_org/paper_experiments/mnist/cnn1_exp/patch/eps_1,14,14,3/advStd_cnn1_N1_model_seed42_itr20/63912486015929_n2_cnn1_patch_1.0,14.0,14.0,3.0_ctag0_model_seed42_itr20_sgd_itr1_N2_advStd_BoundTightPertRelax0.5_varHintPrevPGD_seed4_HyperAttackHints_VagharDeps_PerturbedIntervals_cTag1.txt",no
cnn1,patch,"1,14,14,3",0,8,55.30,129.35,12.563151,12.573730,12.564634,12.564691,-0.009039,no,off,no,yes,direct_pgd,no,off,0.0,btpr,no,elim not activated,elim not activated,0,0,,,,4,2.34x,0.00,129.35,2.34x,0.010578,0.000056,OPTIMAL,OPTIMAL,"/root/Downloads/for_dana/vaghar_org/paper_experiments/mnist/cnn1_exp/patch/eps_1,14,14,3/vagharWithPerturbed_cnn1_model_seed42_itr20_sgd_itr1/63912316281398_cnn1_patch_1.0,14.0,14.0,3.0_ctag0__HyperAttackHints_VagharDeps_PertruebedIntervals_cTag1.txt","/root/Downloads/for_dana/vaghar_org/paper_experiments/mnist/cnn1_exp/patch/eps_1,14,14,3/advStd_cnn1_N1_model_seed42_itr20/63912486022660_n2_cnn1_patch_1.0,14.0,14.0,3.0_ctag0_model_seed42_itr20_sgd_itr1_N2_advStd_BoundTightPertRelax0.0_varHintDirectPGD_seed4_HyperAttackHints_VagharDeps_PerturbedIntervals_cTag1.txt",no
,,,,,,,,,,,,,,,,,,,,,,,,,,,,,,,,,,,,,,,,
cnn1,patch,"1,14,14,3",0,9,65.33,67.28,12.837422,12.837422,12.940496,12.956616,0.119194,no,off,no,yes,prev_pgd,yes,off,0.5,btpr,yes,elim not activated,elim not activated,82,82,82,0,0,4,1.03x,0.00,67.28,1.03x,0.000000,0.016120,OPTIMAL,OPTIMAL,"/root/Downloads/for_dana/vaghar_org/paper_experiments/mnist/cnn1_exp/patch/eps_1,14,14,3/vagharWithPerturbed_cnn1_model_seed42_itr20_sgd_itr1/63912739121383_cnn1_patch_1.0,14.0,14.0,3.0_ctag0__HyperAttackHints_VagharDeps_PertruebedIntervals_cTag1.txt","/root/Downloads/for_dana/vaghar_org/paper_experiments/mnist/cnn1_exp/patch/eps_1,14,14,3/advStd_cnn1_N1_model_seed42_itr20/63914868474576_n2_cnn1_patch_1.0,14.0,14.0,3.0_ctag0_model_seed42_itr20_sgd_itr1_N2_advStd_BoundTightPertRelax0.5_SibGate_zonoBounds_varHintPrevPGD_seed4_both82_orgDrop0_pertDrop0_HyperAttackHints_VagharDeps_PerturbedIntervals_cTag1.txt",no
cnn1,patch,"1,14,14,3",0,9,65.33,70.02,12.837422,12.837422,12.815210,12.871733,0.034311,no,off,no,yes,prev_pgd,yes,off,0.0,btpr,no,elim not activated,elim not activated,0,0,,,,4,1.07x,0.00,70.02,1.07x,0.000000,0.056524,OPTIMAL,OPTIMAL,"/root/Downloads/for_dana/vaghar_org/paper_experiments/mnist/cnn1_exp/patch/eps_1,14,14,3/vagharWithPerturbed_cnn1_model_seed42_itr20_sgd_itr1/63912739121383_cnn1_patch_1.0,14.0,14.0,3.0_ctag0__HyperAttackHints_VagharDeps_PertruebedIntervals_cTag1.txt","/root/Downloads/for_dana/vaghar_org/paper_experiments/mnist/cnn1_exp/patch/eps_1,14,14,3/advStd_cnn1_N1_model_seed42_itr20/63912788250841_n2_cnn1_patch_1.0,14.0,14.0,3.0_ctag0_model_seed42_itr20_sgd_itr1_N2_advStd_BoundTightPertRelax0.0_zonoBounds_varHintPrevPGD_seed4_HyperAttackHints_VagharDeps_PerturbedIntervals_cTag1.txt",no
cnn1,patch,"1,14,14,3",0,9,65.33,70.60,12.837422,12.837422,12.815210,12.871733,0.034311,no,off,no,yes,prev_pgd,no,off,0.0,btpr,yes,elim not activated,elim not activated,0,0,0,0,0,4,1.08x,0.00,70.60,1.08x,0.000000,0.056524,OPTIMAL,OPTIMAL,"/root/Downloads/for_dana/vaghar_org/paper_experiments/mnist/cnn1_exp/patch/eps_1,14,14,3/vagharWithPerturbed_cnn1_model_seed42_itr20_sgd_itr1/63912739121383_cnn1_patch_1.0,14.0,14.0,3.0_ctag0__HyperAttackHints_VagharDeps_PertruebedIntervals_cTag1.txt","/root/Downloads/for_dana/vaghar_org/paper_experiments/mnist/cnn1_exp/patch/eps_1,14,14,3/advStd_cnn1_N1_model_seed42_itr20/63913669538163_n2_cnn1_patch_1.0,14.0,14.0,3.0_ctag0_model_seed42_itr20_sgd_itr1_N2_advStd_BoundTightPertRelax0.0_SibGate_varHintPrevPGD_seed4_both0_orgDrop0_pertDrop0_HyperAttackHints_VagharDeps_PerturbedIntervals_cTag1.txt",no
cnn1,patch,"1,14,14,3",0,9,65.33,71.03,12.837422,12.837422,12.815210,12.871733,0.034311,no,off,no,yes,prev_pgd,yes,off,0.0,btpr,yes,elim not activated,elim not activated,0,0,0,0,0,4,1.09x,0.00,71.03,1.09x,0.000000,0.056524,OPTIMAL,OPTIMAL,"/root/Downloads/for_dana/vaghar_org/paper_experiments/mnist/cnn1_exp/patch/eps_1,14,14,3/vagharWithPerturbed_cnn1_model_seed42_itr20_sgd_itr1/63912739121383_cnn1_patch_1.0,14.0,14.0,3.0_ctag0__HyperAttackHints_VagharDeps_PertruebedIntervals_cTag1.txt","/root/Downloads/for_dana/vaghar_org/paper_experiments/mnist/cnn1_exp/patch/eps_1,14,14,3/advStd_cnn1_N1_model_seed42_itr20/63913669611729_n2_cnn1_patch_1.0,14.0,14.0,3.0_ctag0_model_seed42_itr20_sgd_itr1_N2_advStd_BoundTightPertRelax0.0_SibGate_zonoBounds_varHintPrevPGD_seed4_both0_orgDrop0_pertDrop0_HyperAttackHints_VagharDeps_PerturbedIntervals_cTag1.txt",no
,,,,,,,,,,,,,,,,,,,,,,,,,,,,,,,,,,,,,,,,
cnn1,patch,"1,14,14,3",1,0,56.34,60.50,8.203906,8.276857,8.203906,8.203906,-0.072951,no,off,no,yes,prev_pgd,yes,off,0.0,btpr,no,elim not activated,elim not activated,0,0,,,,4,1.07x,0.00,60.50,1.07x,0.072951,0.000000,OPTIMAL,OPTIMAL,"/root/Downloads/for_dana/vaghar_org/paper_experiments/mnist/cnn1_exp/patch/eps_1,14,14,3/vagharWithPerturbed_cnn1_model_seed42_itr20_sgd_itr1/63912925246920_cnn1_patch_1.0,14.0,14.0,3.0_ctag1__HyperAttackHints_VagharDeps_PertruebedIntervals_cTag2.txt","/root/Downloads/for_dana/vaghar_org/paper_experiments/mnist/cnn1_exp/patch/eps_1,14,14,3/advStd_cnn1_N1_model_seed42_itr20/63912970178288_n2_cnn1_patch_1.0,14.0,14.0,3.0_ctag1_model_seed42_itr20_sgd_itr1_N2_advStd_BoundTightPertRelax0.0_zonoBounds_varHintPrevPGD_seed4_HyperAttackHints_VagharDeps_PerturbedIntervals_cTag2.txt",no
cnn1,patch,"1,14,14,3",1,0,56.34,63.16,8.203906,8.276857,8.313929,8.366647,0.089790,no,off,no,yes,prev_pgd,yes,off,0.5,btpr,no,elim not activated,elim not activated,82,82,,,,4,1.12x,0.00,63.16,1.12x,0.072951,0.052718,OPTIMAL,OPTIMAL,"/root/Downloads/for_dana/vaghar_org/paper_experiments/mnist/cnn1_exp/patch/eps_1,14,14,3/vagharWithPerturbed_cnn1_model_seed42_itr20_sgd_itr1/63912925246920_cnn1_patch_1.0,14.0,14.0,3.0_ctag1__HyperAttackHints_VagharDeps_PertruebedIntervals_cTag2.txt","/root/Downloads/for_dana/vaghar_org/paper_experiments/mnist/cnn1_exp/patch/eps_1,14,14,3/advStd_cnn1_N1_model_seed42_itr20/63912970176187_n2_cnn1_patch_1.0,14.0,14.0,3.0_ctag1_model_seed42_itr20_sgd_itr1_N2_advStd_BoundTightPertRelax0.5_zonoBounds_varHintPrevPGD_seed4_HyperAttackHints_VagharDeps_PerturbedIntervals_cTag2.txt",no
cnn1,patch,"1,14,14,3",1,0,56.34,63.35,8.203906,8.276857,8.313928,8.379629,0.102773,no,off,no,yes,prev_pgd,no,off,0.5,btpr,yes,elim not activated,elim not activated,82,82,82,0,0,4,1.12x,0.00,63.35,1.12x,0.072951,0.065701,OPTIMAL,OPTIMAL,"/root/Downloads/for_dana/vaghar_org/paper_experiments/mnist/cnn1_exp/patch/eps_1,14,14,3/vagharWithPerturbed_cnn1_model_seed42_itr20_sgd_itr1/63912925246920_cnn1_patch_1.0,14.0,14.0,3.0_ctag1__HyperAttackHints_VagharDeps_PertruebedIntervals_cTag2.txt","/root/Downloads/for_dana/vaghar_org/paper_experiments/mnist/cnn1_exp/patch/eps_1,14,14,3/advStd_cnn1_N1_model_seed42_itr20/63914539486995_n2_cnn1_patch_1.0,14.0,14.0,3.0_ctag1_model_seed42_itr20_sgd_itr1_N2_advStd_BoundTightPertRelax0.5_SibGate_varHintPrevPGD_seed4_both82_orgDrop0_pertDrop0_HyperAttackHints_VagharDeps_PerturbedIntervals_cTag2.txt",no
,,,,,,,,,,,,,,,,,,,,,,,,,,,,,,,,,,,,,,,,
cnn1,patch,"1,14,14,3",1,2,54.24,58.49,6.169018,6.204671,6.202514,6.250254,0.045583,no,off,no,yes,prev_pgd,yes,off,0.25,btpr,yes,elim not activated,elim not activated,82,82,82,0,0,4,1.08x,0.00,58.49,1.08x,0.035653,0.047740,OPTIMAL,OPTIMAL,"/root/Downloads/for_dana/vaghar_org/paper_experiments/mnist/cnn1_exp/patch/eps_1,14,14,3/vagharWithPerturbed_cnn1_model_seed42_itr20_sgd_itr1/63912925246920_cnn1_patch_1.0,14.0,14.0,3.0_ctag1__HyperAttackHints_VagharDeps_PertruebedIntervals_cTag2.txt","/root/Downloads/for_dana/vaghar_org/paper_experiments/mnist/cnn1_exp/patch/eps_1,14,14,3/advStd_cnn1_N1_model_seed42_itr20/63914539588784_n2_cnn1_patch_1.0,14.0,14.0,3.0_ctag1_model_seed42_itr20_sgd_itr1_N2_advStd_BoundTightPertRelax0.25_SibGate_zonoBounds_varHintPrevPGD_seed4_both82_orgDrop0_pertDrop0_HyperAttackHints_VagharDeps_PerturbedIntervals_cTag2.txt",no
cnn1,patch,"1,14,14,3",1,2,54.24,66.38,6.169018,6.204671,6.183611,6.238705,0.034035,no,off,no,yes,prev_pgd,yes,off,0.0,btpr,yes,elim not activated,elim not activated,0,0,0,0,0,4,1.22x,0.00,66.38,1.22x,0.035653,0.055094,OPTIMAL,OPTIMAL,"/root/Downloads/for_dana/vaghar_org/paper_experiments/mnist/cnn1_exp/patch/eps_1,14,14,3/vagharWithPerturbed_cnn1_model_seed42_itr20_sgd_itr1/63912925246920_cnn1_patch_1.0,14.0,14.0,3.0_ctag1__HyperAttackHints_VagharDeps_PertruebedIntervals_cTag2.txt","/root/Downloads/for_dana/vaghar_org/paper_experiments/mnist/cnn1_exp/patch/eps_1,14,14,3/advStd_cnn1_N1_model_seed42_itr20/63914539517429_n2_cnn1_patch_1.0,14.0,14.0,3.0_ctag1_model_seed42_itr20_sgd_itr1_N2_advStd_BoundTightPertRelax0.0_SibGate_zonoBounds_varHintPrevPGD_seed4_both0_orgDrop0_pertDrop0_HyperAttackHints_VagharDeps_PerturbedIntervals_cTag2.txt",no
cnn1,patch,"1,14,14,3",1,2,54.24,85.27,6.169018,6.204671,6.202514,6.261111,0.056440,no,off,no,yes,prev_pgd,yes,off,0.5,btpr,no,elim not activated,elim not activated,82,82,,,,4,1.57x,0.00,85.27,1.57x,0.035653,0.058596,OPTIMAL,OPTIMAL,"/root/Downloads/for_dana/vaghar_org/paper_experiments/mnist/cnn1_exp/patch/eps_1,14,14,3/vagharWithPerturbed_cnn1_model_seed42_itr20_sgd_itr1/63912925246920_cnn1_patch_1.0,14.0,14.0,3.0_ctag1__HyperAttackHints_VagharDeps_PertruebedIntervals_cTag2.txt","/root/Downloads/for_dana/vaghar_org/paper_experiments/mnist/cnn1_exp/patch/eps_1,14,14,3/advStd_cnn1_N1_model_seed42_itr20/63912970176187_n2_cnn1_patch_1.0,14.0,14.0,3.0_ctag1_model_seed42_itr20_sgd_itr1_N2_advStd_BoundTightPertRelax0.5_zonoBounds_varHintPrevPGD_seed4_HyperAttackHints_VagharDeps_PerturbedIntervals_cTag2.txt",no
cnn1,patch,"1,14,14,3",1,2,54.24,96.94,6.169018,6.204671,6.183611,6.235074,0.030403,no,off,no,yes,prev_pgd,yes,off,0.0,btpr,no,elim not activated,elim not activated,0,0,,,,4,1.79x,0.00,96.94,1.79x,0.035653,0.051463,OPTIMAL,OPTIMAL,"/root/Downloads/for_dana/vaghar_org/paper_experiments/mnist/cnn1_exp/patch/eps_1,14,14,3/vagharWithPerturbed_cnn1_model_seed42_itr20_sgd_itr1/63912925246920_cnn1_patch_1.0,14.0,14.0,3.0_ctag1__HyperAttackHints_VagharDeps_PertruebedIntervals_cTag2.txt","/root/Downloads/for_dana/vaghar_org/paper_experiments/mnist/cnn1_exp/patch/eps_1,14,14,3/advStd_cnn1_N1_model_seed42_itr20/63912970178288_n2_cnn1_patch_1.0,14.0,14.0,3.0_ctag1_model_seed42_itr20_sgd_itr1_N2_advStd_BoundTightPertRelax0.0_zonoBounds_varHintPrevPGD_seed4_HyperAttackHints_VagharDeps_PerturbedIntervals_cTag2.txt",no
cnn1,patch,"1,14,14,3",1,2,54.24,127.86,6.169018,6.204671,6.183611,6.230513,0.025842,no,off,no,yes,prev_pgd,no,off,0.0,btpr,yes,elim not activated,elim not activated,0,0,0,0,0,4,2.36x,0.00,127.86,2.36x,0.035653,0.046902,OPTIMAL,OPTIMAL,"/root/Downloads/for_dana/vaghar_org/paper_experiments/mnist/cnn1_exp/patch/eps_1,14,14,3/vagharWithPerturbed_cnn1_model_seed42_itr20_sgd_itr1/63912925246920_cnn1_patch_1.0,14.0,14.0,3.0_ctag1__HyperAttackHints_VagharDeps_PertruebedIntervals_cTag2.txt","/root/Downloads/for_dana/vaghar_org/paper_experiments/mnist/cnn1_exp/patch/eps_1,14,14,3/advStd_cnn1_N1_model_seed42_itr20/63914539450269_n2_cnn1_patch_1.0,14.0,14.0,3.0_ctag1_model_seed42_itr20_sgd_itr1_N2_advStd_BoundTightPertRelax0.0_SibGate_varHintPrevPGD_seed4_both0_orgDrop0_pertDrop0_HyperAttackHints_VagharDeps_PerturbedIntervals_cTag2.txt",no
,,,,,,,,,,,,,,,,,,,,,,,,,,,,,,,,,,,,,,,,
cnn1,patch,"1,14,14,3",1,4,113.19,127.16,9.540657,9.540657,9.540898,9.543455,0.002798,no,off,no,yes,no,yes,off,0.05,btpr,no,elim not activated,elim not activated,1,1,,,,4,1.12x,0.00,127.16,1.12x,0.000000,0.002557,,OPTIMAL,"/root/Downloads/for_dana/vaghar_org/paper_experiments/mnist/cnn1_exp/patch/eps_1,14,14,3/vagharWithPerturbed_cnn1_seed42_itr20_sgd_itr1/63910139914668_cnn1_patch_1.0,14.0,14.0,3.0_ctag1__HyperAttackHints_VagharDeps_PertruebedIntervals_cTag2.txt","/root/Downloads/for_dana/vaghar_org/paper_experiments/mnist/cnn1_exp/patch/eps_1,14,14,3/advStd_cnn1_N1_model_seed42_itr20/63912380394528_n2_cnn1_patch_1.0,14.0,14.0,3.0_ctag1_model_seed42_itr20_sgd_itr1_N2_advStd_BoundTightPertRelax0.05_zonoBounds_seed4_HyperAttackHints_VagharDeps_PerturbedIntervals_cTag2.txt",no
cnn1,patch,"1,14,14,3",1,4,113.19,156.66,9.540657,9.540657,9.533281,9.543213,0.002555,no,off,no,yes,direct,yes,off,0.0,btpr,no,elim not activated,elim not activated,0,0,,,,4,1.38x,0.00,156.66,1.38x,0.000000,0.009931,,OPTIMAL,"/root/Downloads/for_dana/vaghar_org/paper_experiments/mnist/cnn1_exp/patch/eps_1,14,14,3/vagharWithPerturbed_cnn1_seed42_itr20_sgd_itr1/63910139914668_cnn1_patch_1.0,14.0,14.0,3.0_ctag1__HyperAttackHints_VagharDeps_PertruebedIntervals_cTag2.txt","/root/Downloads/for_dana/vaghar_org/paper_experiments/mnist/cnn1_exp/patch/eps_1,14,14,3/advStd_cnn1_N1_model_seed42_itr20/63912472515162_n2_cnn1_patch_1.0,14.0,14.0,3.0_ctag1_model_seed42_itr20_sgd_itr1_N2_advStd_BoundTightPertRelax0.0_zonoBounds_varHintDirect_seed4_HyperAttackHints_VagharDeps_PerturbedIntervals_cTag2.txt",no
cnn1,patch,"1,14,14,3",1,4,113.19,169.45,9.540657,9.540657,9.540657,9.540657,-0.000000,no,off,no,yes,no,yes,off,0.0,btpr,no,elim not activated,elim not activated,0,0,,,,4,1.50x,0.00,169.45,1.50x,0.000000,0.000000,,OPTIMAL,"/root/Downloads/for_dana/vaghar_org/paper_experiments/mnist/cnn1_exp/patch/eps_1,14,14,3/vagharWithPerturbed_cnn1_seed42_itr20_sgd_itr1/63910139914668_cnn1_patch_1.0,14.0,14.0,3.0_ctag1__HyperAttackHints_VagharDeps_PertruebedIntervals_cTag2.txt","/root/Downloads/for_dana/vaghar_org/paper_experiments/mnist/cnn1_exp/patch/eps_1,14,14,3/advStd_cnn1_N1_model_seed42_itr20/63912377357431_n2_cnn1_patch_1.0,14.0,14.0,3.0_ctag1_model_seed42_itr20_sgd_itr1_N2_advStd_BoundTightPertRelax0.0_zonoBounds_seed4_HyperAttackHints_VagharDeps_PerturbedIntervals_cTag2.txt",no
cnn1,patch,"1,14,14,3",1,4,113.19,178.66,9.540657,9.540657,9.540657,9.540657,-0.000000,no,off,no,yes,no,no,off,0.01,btpr,no,elim not activated,elim not activated,0,0,,,,4,1.58x,0.00,178.66,1.58x,0.000000,0.000000,,OPTIMAL,"/root/Downloads/for_dana/vaghar_org/paper_experiments/mnist/cnn1_exp/patch/eps_1,14,14,3/vagharWithPerturbed_cnn1_seed42_itr20_sgd_itr1/63910139914668_cnn1_patch_1.0,14.0,14.0,3.0_ctag1__HyperAttackHints_VagharDeps_PertruebedIntervals_cTag2.txt","/root/Downloads/for_dana/vaghar_org/paper_experiments/mnist/cnn1_exp/patch/eps_1,14,14,3/advStd_cnn1_N1_model_seed42_itr20/63912377363702_n2_cnn1_patch_1.0,14.0,14.0,3.0_ctag1_model_seed42_itr20_sgd_itr1_N2_advStd_BoundTightPertRelax0.01_seed4_HyperAttackHints_VagharDeps_PerturbedIntervals_cTag2.txt",no
cnn1,patch,"1,14,14,3",1,4,113.19,188.34,9.540657,9.540657,9.540657,9.540657,-0.000000,no,off,no,yes,direct,no,off,0.0,btpr,no,elim not activated,elim not activated,0,0,,,,4,1.66x,0.00,188.34,1.66x,0.000000,0.000000,,OPTIMAL,"/root/Downloads/for_dana/vaghar_org/paper_experiments/mnist/cnn1_exp/patch/eps_1,14,14,3/vagharWithPerturbed_cnn1_seed42_itr20_sgd_itr1/63910139914668_cnn1_patch_1.0,14.0,14.0,3.0_ctag1__HyperAttackHints_VagharDeps_PertruebedIntervals_cTag2.txt","/root/Downloads/for_dana/vaghar_org/paper_experiments/mnist/cnn1_exp/patch/eps_1,14,14,3/advStd_cnn1_N1_model_seed42_itr20/63912472513947_n2_cnn1_patch_1.0,14.0,14.0,3.0_ctag1_model_seed42_itr20_sgd_itr1_N2_advStd_BoundTightPertRelax0.0_varHintDirect_seed4_HyperAttackHints_VagharDeps_PerturbedIntervals_cTag2.txt",no
cnn1,patch,"1,14,14,3",1,4,113.19,3612.16,9.540657,9.540657,9.601225,15.060000,5.519342,no,off,no,yes,prev_pgd,no,off,0.25,btpr,yes,elim not activated,elim not activated,82,82,82,0,0,4,31.91x,0.00,3612.16,31.91x,0.000000,5.458775,,TIME_LIMIT,"/root/Downloads/for_dana/vaghar_org/paper_experiments/mnist/cnn1_exp/patch/eps_1,14,14,3/vagharWithPerturbed_cnn1_seed42_itr20_sgd_itr1/63910139914668_cnn1_patch_1.0,14.0,14.0,3.0_ctag1__HyperAttackHints_VagharDeps_PertruebedIntervals_cTag2.txt","/root/Downloads/for_dana/vaghar_org/paper_experiments/mnist/cnn1_exp/patch/eps_1,14,14,3/advStd_cnn1_N1_model_seed42_itr20/63914539481237_n2_cnn1_patch_1.0,14.0,14.0,3.0_ctag1_model_seed42_itr20_sgd_itr1_N2_advStd_BoundTightPertRelax0.25_SibGate_varHintPrevPGD_seed4_both82_orgDrop0_pertDrop0_HyperAttackHints_VagharDeps_PerturbedIntervals_cTag2.txt",no
,,,,,,,,,,,,,,,,,,,,,,,,,,,,,,,,,,,,,,,,
cnn1,patch,"1,14,14,3",1,5,138.25,163.03,9.376198,9.448297,9.399711,9.399711,-0.048586,no,off,no,yes,no,no,off,0.01,btpr,no,elim not activated,elim not activated,0,0,,,,4,1.18x,0.00,163.03,1.18x,0.072099,0.000000,,OPTIMAL,"/root/Downloads/for_dana/vaghar_org/paper_experiments/mnist/cnn1_exp/patch/eps_1,14,14,3/vagharWithPerturbed_cnn1_seed42_itr20_sgd_itr1/63910139914668_cnn1_patch_1.0,14.0,14.0,3.0_ctag1__HyperAttackHints_VagharDeps_PertruebedIntervals_cTag2.txt","/root/Downloads/for_dana/vaghar_org/paper_experiments/mnist/cnn1_exp/patch/eps_1,14,14,3/advStd_cnn1_N1_model_seed42_itr20/63912377363702_n2_cnn1_patch_1.0,14.0,14.0,3.0_ctag1_model_seed42_itr20_sgd_itr1_N2_advStd_BoundTightPertRelax0.01_seed4_HyperAttackHints_VagharDeps_PerturbedIntervals_cTag2.txt",no
cnn1,patch,"1,14,14,3",1,5,138.25,163.32,9.376198,9.448297,9.399895,9.399895,-0.048402,no,off,no,yes,no,yes,off,0.05,btpr,no,elim not activated,elim not activated,1,1,,,,4,1.18x,0.00,163.32,1.18x,0.072099,0.000000,,OPTIMAL,"/root/Downloads/for_dana/vaghar_org/paper_experiments/mnist/cnn1_exp/patch/eps_1,14,14,3/vagharWithPerturbed_cnn1_seed42_itr20_sgd_itr1/63910139914668_cnn1_patch_1.0,14.0,14.0,3.0_ctag1__HyperAttackHints_VagharDeps_PertruebedIntervals_cTag2.txt","/root/Downloads/for_dana/vaghar_org/paper_experiments/mnist/cnn1_exp/patch/eps_1,14,14,3/advStd_cnn1_N1_model_seed42_itr20/63912380394528_n2_cnn1_patch_1.0,14.0,14.0,3.0_ctag1_model_seed42_itr20_sgd_itr1_N2_advStd_BoundTightPertRelax0.05_zonoBounds_seed4_HyperAttackHints_VagharDeps_PerturbedIntervals_cTag2.txt",no
,,,,,,,,,,,,,,,,,,,,,,,,,,,,,,,,,,,,,,,,
cnn1,patch,"1,14,14,3",1,6,206.61,2654.58,5.460397,5.478147,5.478165,5.527961,0.049814,no,off,no,yes,prev_pgd,yes,off,0.0,btpr,yes,elim not activated,elim not activated,0,0,0,0,0,4,12.85x,0.00,2654.58,12.85x,0.017751,0.049796,OPTIMAL,OPTIMAL,"/root/Downloads/for_dana/vaghar_org/paper_experiments/mnist/cnn1_exp/patch/eps_1,14,14,3/vagharWithPerturbed_cnn1_model_seed42_itr20_sgd_itr1/63912303076090_cnn1_patch_1.0,14.0,14.0,3.0_ctag1__HyperAttackHints_VagharDeps_PertruebedIntervals_cTag2.txt","/root/Downloads/for_dana/vaghar_org/paper_experiments/mnist/cnn1_exp/patch/eps_1,14,14,3/advStd_cnn1_N1_model_seed42_itr20/63914539517429_n2_cnn1_patch_1.0,14.0,14.0,3.0_ctag1_model_seed42_itr20_sgd_itr1_N2_advStd_BoundTightPertRelax0.0_SibGate_zonoBounds_varHintPrevPGD_seed4_both0_orgDrop0_pertDrop0_HyperAttackHints_VagharDeps_PerturbedIntervals_cTag2.txt",no
,,,,,,,,,,,,,,,,,,,,,,,,,,,,,,,,,,,,,,,,
cnn1,patch,"1,14,14,3",1,7,83.24,100.81,10.747508,10.747508,10.747522,10.846015,0.098507,no,off,no,yes,prev_pgd,no,off,0.0,btpr,yes,elim not activated,elim not activated,0,0,0,0,0,4,1.21x,0.00,100.81,1.21x,0.000000,0.098494,OPTIMAL,OPTIMAL,"/root/Downloads/for_dana/vaghar_org/paper_experiments/mnist/cnn1_exp/patch/eps_1,14,14,3/vagharWithPerturbed_cnn1_model_seed42_itr20_sgd_itr1/63912303076090_cnn1_patch_1.0,14.0,14.0,3.0_ctag1__HyperAttackHints_VagharDeps_PertruebedIntervals_cTag2.txt","/root/Downloads/for_dana/vaghar_org/paper_experiments/mnist/cnn1_exp/patch/eps_1,14,14,3/advStd_cnn1_N1_model_seed42_itr20/63914539450269_n2_cnn1_patch_1.0,14.0,14.0,3.0_ctag1_model_seed42_itr20_sgd_itr1_N2_advStd_BoundTightPertRelax0.0_SibGate_varHintPrevPGD_seed4_both0_orgDrop0_pertDrop0_HyperAttackHints_VagharDeps_PerturbedIntervals_cTag2.txt",no
cnn1,patch,"1,14,14,3",1,7,83.24,125.07,10.747508,10.747508,10.712525,10.762006,0.014498,no,off,no,yes,direct_pgd,no,off,0.0,btpr,no,elim not activated,elim not activated,0,0,,,,4,1.50x,0.00,125.07,1.50x,0.000000,0.049482,OPTIMAL,OPTIMAL,"/root/Downloads/for_dana/vaghar_org/paper_experiments/mnist/cnn1_exp/patch/eps_1,14,14,3/vagharWithPerturbed_cnn1_model_seed42_itr20_sgd_itr1/63912303076090_cnn1_patch_1.0,14.0,14.0,3.0_ctag1__HyperAttackHints_VagharDeps_PertruebedIntervals_cTag2.txt","/root/Downloads/for_dana/vaghar_org/paper_experiments/mnist/cnn1_exp/patch/eps_1,14,14,3/advStd_cnn1_N1_model_seed42_itr20/63912531112439_n2_cnn1_patch_1.0,14.0,14.0,3.0_ctag1_model_seed42_itr20_sgd_itr1_N2_advStd_BoundTightPertRelax0.0_varHintDirectPGD_seed4_HyperAttackHints_VagharDeps_PerturbedIntervals_cTag2.txt",no
cnn1,patch,"1,14,14,3",1,7,83.24,128.46,10.747508,10.747508,10.747522,10.846015,0.098507,no,off,no,yes,prev_pgd,yes,off,0.0,btpr,no,elim not activated,elim not activated,0,0,,,,4,1.54x,0.00,128.46,1.54x,0.000000,0.098494,OPTIMAL,OPTIMAL,"/root/Downloads/for_dana/vaghar_org/paper_experiments/mnist/cnn1_exp/patch/eps_1,14,14,3/vagharWithPerturbed_cnn1_model_seed42_itr20_sgd_itr1/63912303076090_cnn1_patch_1.0,14.0,14.0,3.0_ctag1__HyperAttackHints_VagharDeps_PertruebedIntervals_cTag2.txt","/root/Downloads/for_dana/vaghar_org/paper_experiments/mnist/cnn1_exp/patch/eps_1,14,14,3/advStd_cnn1_N1_model_seed42_itr20/63912531187792_n2_cnn1_patch_1.0,14.0,14.0,3.0_ctag1_model_seed42_itr20_sgd_itr1_N2_advStd_BoundTightPertRelax0.0_zonoBounds_varHintPrevPGD_seed4_HyperAttackHints_VagharDeps_PerturbedIntervals_cTag2.txt",no
cnn1,patch,"1,14,14,3",1,7,83.24,128.46,10.747508,10.747508,10.747522,10.846015,0.098507,no,off,no,yes,prev_pgd,yes,off,0.0,btpr,no,elim not activated,elim not activated,0,0,,,,4,1.54x,0.00,128.46,1.54x,0.000000,0.098494,OPTIMAL,OPTIMAL,"/root/Downloads/for_dana/vaghar_org/paper_experiments/mnist/cnn1_exp/patch/eps_1,14,14,3/vagharWithPerturbed_cnn1_model_seed42_itr20_sgd_itr1/63912303076090_cnn1_patch_1.0,14.0,14.0,3.0_ctag1__HyperAttackHints_VagharDeps_PertruebedIntervals_cTag2.txt","/root/Downloads/for_dana/vaghar_org/paper_experiments/mnist/cnn1_exp/patch/eps_1,14,14,3/advStd_cnn1_N1_model_seed42_itr20/63912970178288_n2_cnn1_patch_1.0,14.0,14.0,3.0_ctag1_model_seed42_itr20_sgd_itr1_N2_advStd_BoundTightPertRelax0.0_zonoBounds_varHintPrevPGD_seed4_HyperAttackHints_VagharDeps_PerturbedIntervals_cTag2.txt",no
cnn1,patch,"1,14,14,3",1,7,83.24,189.58,10.747508,10.747508,10.737600,10.835169,0.087661,no,off,no,yes,prev_pgd,yes,off,0.0,btpr,yes,elim not activated,elim not activated,0,0,0,0,0,4,2.28x,0.00,189.58,2.28x,0.000000,0.097568,OPTIMAL,OPTIMAL,"/root/Downloads/for_dana/vaghar_org/paper_experiments/mnist/cnn1_exp/patch/eps_1,14,14,3/vagharWithPerturbed_cnn1_model_seed42_itr20_sgd_itr1/63912303076090_cnn1_patch_1.0,14.0,14.0,3.0_ctag1__HyperAttackHints_VagharDeps_PertruebedIntervals_cTag2.txt","/root/Downloads/for_dana/vaghar_org/paper_experiments/mnist/cnn1_exp/patch/eps_1,14,14,3/advStd_cnn1_N1_model_seed42_itr20/63914539517429_n2_cnn1_patch_1.0,14.0,14.0,3.0_ctag1_model_seed42_itr20_sgd_itr1_N2_advStd_BoundTightPertRelax0.0_SibGate_zonoBounds_varHintPrevPGD_seed4_both0_orgDrop0_pertDrop0_HyperAttackHints_VagharDeps_PerturbedIntervals_cTag2.txt",no
cnn1,patch,"1,14,14,3",1,7,83.24,199.19,10.747508,10.747508,10.747508,10.747508,-0.000000,no,off,no,yes,direct_pgd,yes,off,0.0,btpr,no,elim not activated,elim not activated,0,0,,,,4,2.39x,0.00,199.19,2.39x,0.000000,0.000000,OPTIMAL,OPTIMAL,"/root/Downloads/for_dana/vaghar_org/paper_experiments/mnist/cnn1_exp/patch/eps_1,14,14,3/vagharWithPerturbed_cnn1_model_seed42_itr20_sgd_itr1/63912303076090_cnn1_patch_1.0,14.0,14.0,3.0_ctag1__HyperAttackHints_VagharDeps_PertruebedIntervals_cTag2.txt","/root/Downloads/for_dana/vaghar_org/paper_experiments/mnist/cnn1_exp/patch/eps_1,14,14,3/advStd_cnn1_N1_model_seed42_itr20/63912531113693_n2_cnn1_patch_1.0,14.0,14.0,3.0_ctag1_model_seed42_itr20_sgd_itr1_N2_advStd_BoundTightPertRelax0.0_zonoBounds_varHintDirectPGD_seed4_HyperAttackHints_VagharDeps_PerturbedIntervals_cTag2.txt",no
,,,,,,,,,,,,,,,,,,,,,,,,,,,,,,,,,,,,,,,,
cnn1,patch,"1,14,14,3",1,8,67.32,74.84,9.104941,9.104941,9.104941,9.104941,-0.000000,no,off,no,yes,direct_pgd,no,off,0.0,btpr,no,elim not activated,elim not activated,0,0,,,,4,1.11x,0.00,74.84,1.11x,0.000000,0.000000,OPTIMAL,OPTIMAL,"/root/Downloads/for_dana/vaghar_org/paper_experiments/mnist/cnn1_exp/patch/eps_1,14,14,3/vagharWithPerturbed_cnn1_model_seed42_itr20_sgd_itr1/63912303076090_cnn1_patch_1.0,14.0,14.0,3.0_ctag1__HyperAttackHints_VagharDeps_PertruebedIntervals_cTag2.txt","/root/Downloads/for_dana/vaghar_org/paper_experiments/mnist/cnn1_exp/patch/eps_1,14,14,3/advStd_cnn1_N1_model_seed42_itr20/63912531112439_n2_cnn1_patch_1.0,14.0,14.0,3.0_ctag1_model_seed42_itr20_sgd_itr1_N2_advStd_BoundTightPertRelax0.0_varHintDirectPGD_seed4_HyperAttackHints_VagharDeps_PerturbedIntervals_cTag2.txt",no
cnn1,patch,"1,14,14,3",1,8,67.32,80.83,9.104941,9.104941,9.104941,9.105235,0.000294,no,off,no,yes,direct,no,off,0.0,btpr,no,elim not activated,elim not activated,0,0,,,,4,1.20x,0.00,80.83,1.20x,0.000000,0.000294,OPTIMAL,OPTIMAL,"/root/Downloads/for_dana/vaghar_org/paper_experiments/mnist/cnn1_exp/patch/eps_1,14,14,3/vagharWithPerturbed_cnn1_model_seed42_itr20_sgd_itr1/63912303076090_cnn1_patch_1.0,14.0,14.0,3.0_ctag1__HyperAttackHints_VagharDeps_PertruebedIntervals_cTag2.txt","/root/Downloads/for_dana/vaghar_org/paper_experiments/mnist/cnn1_exp/patch/eps_1,14,14,3/advStd_cnn1_N1_model_seed42_itr20/63912472513947_n2_cnn1_patch_1.0,14.0,14.0,3.0_ctag1_model_seed42_itr20_sgd_itr1_N2_advStd_BoundTightPertRelax0.0_varHintDirect_seed4_HyperAttackHints_VagharDeps_PerturbedIntervals_cTag2.txt",no
,,,,,,,,,,,,,,,,,,,,,,,,,,,,,,,,,,,,,,,,
cnn1,patch,"1,14,14,3",1,9,102.50,3614.35,11.748769,11.748769,11.832527,17.232014,5.483245,no,off,no,yes,prev_pgd,yes,off,0.5,btpr,no,elim not activated,elim not activated,82,82,,,,4,35.26x,0.00,3614.35,35.26x,0.000000,5.399487,OPTIMAL,TIME_LIMIT,"/root/Downloads/for_dana/vaghar_org/paper_experiments/mnist/cnn1_exp/patch/eps_1,14,14,3/vagharWithPerturbed_cnn1_model_seed42_itr20_sgd_itr1/63912925246920_cnn1_patch_1.0,14.0,14.0,3.0_ctag1__HyperAttackHints_VagharDeps_PertruebedIntervals_cTag2.txt","/root/Downloads/for_dana/vaghar_org/paper_experiments/mnist/cnn1_exp/patch/eps_1,14,14,3/advStd_cnn1_N1_model_seed42_itr20/63912970176187_n2_cnn1_patch_1.0,14.0,14.0,3.0_ctag1_model_seed42_itr20_sgd_itr1_N2_advStd_BoundTightPertRelax0.5_zonoBounds_varHintPrevPGD_seed4_HyperAttackHints_VagharDeps_PerturbedIntervals_cTag2.txt",no
,,,,,,,,,,,,,,,,,,,,,,,,,,,,,,,,,,,,,,,,
cnn1,patch,"1,14,14,3",2,1,95.11,225.68,6.166798,6.200898,6.188885,6.247116,0.046218,no,off,no,yes,prev_pgd,yes,off,0.0,btpr,yes,elim not activated,elim not activated,0,0,0,0,0,4,2.37x,0.00,225.68,2.37x,0.034100,0.058230,OPTIMAL,OPTIMAL,"/root/Downloads/for_dana/vaghar_org/paper_experiments/mnist/cnn1_exp/patch/eps_1,14,14,3/vagharWithPerturbed_cnn1_model_seed42_itr20_sgd_itr1/63913096860149_cnn1_patch_1.0,14.0,14.0,3.0_ctag2__HyperAttackHints_VagharDeps_PertruebedIntervals_cTag3.txt","/root/Downloads/for_dana/vaghar_org/paper_experiments/mnist/cnn1_exp/patch/eps_1,14,14,3/advStd_cnn1_N1_model_seed42_itr20/63914945219750_n2_cnn1_patch_1.0,14.0,14.0,3.0_ctag2_model_seed42_itr20_sgd_itr1_N2_advStd_BoundTightPertRelax0.0_SibGate_zonoBounds_varHintPrevPGD_seed4_both0_orgDrop0_pertDrop0_HyperAttackHints_VagharDeps_PerturbedIntervals_cTag3.txt",no
,,,,,,,,,,,,,,,,,,,,,,,,,,,,,,,,,,,,,,,,
cnn1,patch,"1,14,14,3",2,3,129.59,129.99,10.419788,10.468006,10.419788,10.468006,-0.000000,no,off,no,yes,no,no,off,0.0,btpr,no,elim not activated,elim not activated,0,0,,,,4,1.00x,0.00,129.99,1.00x,0.048218,0.048218,OPTIMAL,OPTIMAL,"/root/Downloads/for_dana/vaghar_org/paper_experiments/mnist/cnn1_exp/patch/eps_1,14,14,3/vagharWithPerturbed_cnn1_model_seed42_itr20_sgd_itr1/63912617796626_cnn1_patch_1.0,14.0,14.0,3.0_ctag2__HyperAttackHints_VagharDeps_PertruebedIntervals_cTag3.txt","/root/Downloads/for_dana/vaghar_org/paper_experiments/mnist/cnn1_exp/patch/eps_1,14,14,3/advStd_cnn1_N1_model_seed42_itr20/63912628368203_n2_cnn1_patch_1.0,14.0,14.0,3.0_ctag2_model_seed42_itr20_sgd_itr1_N2_advStd_BoundTightPertRelax0.0_seed4_HyperAttackHints_VagharDeps_PerturbedIntervals_cTag3.txt",no
cnn1,patch,"1,14,14,3",2,3,129.59,133.12,10.419788,10.468006,10.419788,10.468006,-0.000000,no,off,no,yes,no,yes,off,0.0,btpr,no,elim not activated,elim not activated,0,0,,,,4,1.03x,0.00,133.12,1.03x,0.048218,0.048218,OPTIMAL,OPTIMAL,"/root/Downloads/for_dana/vaghar_org/paper_experiments/mnist/cnn1_exp/patch/eps_1,14,14,3/vagharWithPerturbed_cnn1_model_seed42_itr20_sgd_itr1/63912617796626_cnn1_patch_1.0,14.0,14.0,3.0_ctag2__HyperAttackHints_VagharDeps_PertruebedIntervals_cTag3.txt","/root/Downloads/for_dana/vaghar_org/paper_experiments/mnist/cnn1_exp/patch/eps_1,14,14,3/advStd_cnn1_N1_model_seed42_itr20/63912632099473_n2_cnn1_patch_1.0,14.0,14.0,3.0_ctag2_model_seed42_itr20_sgd_itr1_N2_advStd_BoundTightPertRelax0.0_zonoBounds_seed4_HyperAttackHints_VagharDeps_PerturbedIntervals_cTag3.txt",no
,,,,,,,,,,,,,,,,,,,,,,,,,,,,,,,,,,,,,,,,
cnn1,patch,"1,14,14,3",2,4,130.79,130.90,8.987443,9.007427,8.979701,9.054379,0.046953,no,off,no,yes,no,yes,off,0.0,btpr,no,elim not activated,elim not activated,0,0,,,,4,1.00x,0.00,130.90,1.00x,0.019984,0.074679,OPTIMAL,OPTIMAL,"/root/Downloads/for_dana/vaghar_org/paper_experiments/mnist/cnn1_exp/patch/eps_1,14,14,3/vagharWithPerturbed_cnn1_model_seed42_itr20_sgd_itr1/63912617796626_cnn1_patch_1.0,14.0,14.0,3.0_ctag2__HyperAttackHints_VagharDeps_PertruebedIntervals_cTag3.txt","/root/Downloads/for_dana/vaghar_org/paper_experiments/mnist/cnn1_exp/patch/eps_1,14,14,3/advStd_cnn1_N1_model_seed42_itr20/63912632099473_n2_cnn1_patch_1.0,14.0,14.0,3.0_ctag2_model_seed42_itr20_sgd_itr1_N2_advStd_BoundTightPertRelax0.0_zonoBounds_seed4_HyperAttackHints_VagharDeps_PerturbedIntervals_cTag3.txt",no
cnn1,patch,"1,14,14,3",2,4,130.79,152.97,8.987443,9.007427,8.987448,9.054249,0.046822,no,off,no,yes,prev_pgd,yes,off,0.0,btpr,yes,elim not activated,elim not activated,0,0,0,0,0,4,1.17x,0.00,152.97,1.17x,0.019984,0.066802,OPTIMAL,OPTIMAL,"/root/Downloads/for_dana/vaghar_org/paper_experiments/mnist/cnn1_exp/patch/eps_1,14,14,3/vagharWithPerturbed_cnn1_model_seed42_itr20_sgd_itr1/63912617796626_cnn1_patch_1.0,14.0,14.0,3.0_ctag2__HyperAttackHints_VagharDeps_PertruebedIntervals_cTag3.txt","/root/Downloads/for_dana/vaghar_org/paper_experiments/mnist/cnn1_exp/patch/eps_1,14,14,3/advStd_cnn1_N1_model_seed42_itr20/63914945219750_n2_cnn1_patch_1.0,14.0,14.0,3.0_ctag2_model_seed42_itr20_sgd_itr1_N2_advStd_BoundTightPertRelax0.0_SibGate_zonoBounds_varHintPrevPGD_seed4_both0_orgDrop0_pertDrop0_HyperAttackHints_VagharDeps_PerturbedIntervals_cTag3.txt",no
cnn1,patch,"1,14,14,3",2,4,130.79,154.25,8.987443,9.007427,8.987448,9.054249,0.046822,no,off,no,yes,prev_pgd,yes,off,0.0,btpr,no,elim not activated,elim not activated,0,0,,,,4,1.18x,0.00,154.25,1.18x,0.019984,0.066802,OPTIMAL,OPTIMAL,"/root/Downloads/for_dana/vaghar_org/paper_experiments/mnist/cnn1_exp/patch/eps_1,14,14,3/vagharWithPerturbed_cnn1_model_seed42_itr20_sgd_itr1/63912617796626_cnn1_patch_1.0,14.0,14.0,3.0_ctag2__HyperAttackHints_VagharDeps_PertruebedIntervals_cTag3.txt","/root/Downloads/for_dana/vaghar_org/paper_experiments/mnist/cnn1_exp/patch/eps_1,14,14,3/advStd_cnn1_N1_model_seed42_itr20/63912632003641_n2_cnn1_patch_1.0,14.0,14.0,3.0_ctag2_model_seed42_itr20_sgd_itr1_N2_advStd_BoundTightPertRelax0.0_zonoBounds_varHintPrevPGD_seed4_HyperAttackHints_VagharDeps_PerturbedIntervals_cTag3.txt",no
cnn1,patch,"1,14,14,3",2,4,130.79,155.45,8.987443,9.007427,9.039346,9.119526,0.112100,no,off,no,yes,prev_pgd,yes,off,0.5,btpr,yes,elim not activated,elim not activated,82,82,82,0,0,4,1.19x,0.00,155.45,1.19x,0.019984,0.080180,OPTIMAL,OPTIMAL,"/root/Downloads/for_dana/vaghar_org/paper_experiments/mnist/cnn1_exp/patch/eps_1,14,14,3/vagharWithPerturbed_cnn1_model_seed42_itr20_sgd_itr1/63912617796626_cnn1_patch_1.0,14.0,14.0,3.0_ctag2__HyperAttackHints_VagharDeps_PertruebedIntervals_cTag3.txt","/root/Downloads/for_dana/vaghar_org/paper_experiments/mnist/cnn1_exp/patch/eps_1,14,14,3/advStd_cnn1_N1_model_seed42_itr20/63914945235199_n2_cnn1_patch_1.0,14.0,14.0,3.0_ctag2_model_seed42_itr20_sgd_itr1_N2_advStd_BoundTightPertRelax0.5_SibGate_zonoBounds_varHintPrevPGD_seed4_both82_orgDrop0_pertDrop0_HyperAttackHints_VagharDeps_PerturbedIntervals_cTag3.txt",no
cnn1,patch,"1,14,14,3",2,4,130.79,158.30,8.987443,9.007427,8.985060,9.039362,0.031935,no,off,no,yes,direct_pgd,no,off,0.5,btpr,no,elim not activated,elim not activated,82,82,,,,4,1.21x,0.00,158.30,1.21x,0.019984,0.054303,OPTIMAL,OPTIMAL,"/root/Downloads/for_dana/vaghar_org/paper_experiments/mnist/cnn1_exp/patch/eps_1,14,14,3/vagharWithPerturbed_cnn1_model_seed42_itr20_sgd_itr1/63912617796626_cnn1_patch_1.0,14.0,14.0,3.0_ctag2__HyperAttackHints_VagharDeps_PertruebedIntervals_cTag3.txt","/root/Downloads/for_dana/vaghar_org/paper_experiments/mnist/cnn1_exp/patch/eps_1,14,14,3/advStd_cnn1_N1_model_seed42_itr20/63912628367988_n2_cnn1_patch_1.0,14.0,14.0,3.0_ctag2_model_seed42_itr20_sgd_itr1_N2_advStd_BoundTightPertRelax0.5_varHintDirectPGD_seed4_HyperAttackHints_VagharDeps_PerturbedIntervals_cTag3.txt",no
cnn1,patch,"1,14,14,3",2,4,130.79,169.63,8.987443,9.007427,8.987448,9.054249,0.046822,no,off,no,yes,prev_pgd,no,off,0.0,btpr,no,elim not activated,elim not activated,0,0,,,,4,1.30x,0.00,169.63,1.30x,0.019984,0.066802,OPTIMAL,OPTIMAL,"/root/Downloads/for_dana/vaghar_org/paper_experiments/mnist/cnn1_exp/patch/eps_1,14,14,3/vagharWithPerturbed_cnn1_model_seed42_itr20_sgd_itr1/63912617796626_cnn1_patch_1.0,14.0,14.0,3.0_ctag2__HyperAttackHints_VagharDeps_PertruebedIntervals_cTag3.txt","/root/Downloads/for_dana/vaghar_org/paper_experiments/mnist/cnn1_exp/patch/eps_1,14,14,3/advStd_cnn1_N1_model_seed42_itr20/63912628367291_n2_cnn1_patch_1.0,14.0,14.0,3.0_ctag2_model_seed42_itr20_sgd_itr1_N2_advStd_BoundTightPertRelax0.0_varHintPrevPGD_seed4_HyperAttackHints_VagharDeps_PerturbedIntervals_cTag3.txt",no
cnn1,patch,"1,14,14,3",2,4,130.79,170.01,8.987443,9.007427,8.985060,9.039362,0.031935,no,off,no,yes,direct_pgd,yes,off,0.5,btpr,no,elim not activated,elim not activated,82,82,,,,4,1.30x,0.00,170.01,1.30x,0.019984,0.054303,OPTIMAL,OPTIMAL,"/root/Downloads/for_dana/vaghar_org/paper_experiments/mnist/cnn1_exp/patch/eps_1,14,14,3/vagharWithPerturbed_cnn1_model_seed42_itr20_sgd_itr1/63912617796626_cnn1_patch_1.0,14.0,14.0,3.0_ctag2__HyperAttackHints_VagharDeps_PertruebedIntervals_cTag3.txt","/root/Downloads/for_dana/vaghar_org/paper_experiments/mnist/cnn1_exp/patch/eps_1,14,14,3/advStd_cnn1_N1_model_seed42_itr20/63912632562157_n2_cnn1_patch_1.0,14.0,14.0,3.0_ctag2_model_seed42_itr20_sgd_itr1_N2_advStd_BoundTightPertRelax0.5_zonoBounds_varHintDirectPGD_seed4_HyperAttackHints_VagharDeps_PerturbedIntervals_cTag3.txt",no
cnn1,patch,"1,14,14,3",2,4,130.79,177.97,8.987443,9.007427,9.039346,9.119526,0.112100,no,off,no,yes,prev_pgd,no,off,0.5,btpr,no,elim not activated,elim not activated,82,82,,,,4,1.36x,0.00,177.97,1.36x,0.019984,0.080180,OPTIMAL,OPTIMAL,"/root/Downloads/for_dana/vaghar_org/paper_experiments/mnist/cnn1_exp/patch/eps_1,14,14,3/vagharWithPerturbed_cnn1_model_seed42_itr20_sgd_itr1/63912617796626_cnn1_patch_1.0,14.0,14.0,3.0_ctag2__HyperAttackHints_VagharDeps_PertruebedIntervals_cTag3.txt","/root/Downloads/for_dana/vaghar_org/paper_experiments/mnist/cnn1_exp/patch/eps_1,14,14,3/advStd_cnn1_N1_model_seed42_itr20/63912628367637_n2_cnn1_patch_1.0,14.0,14.0,3.0_ctag2_model_seed42_itr20_sgd_itr1_N2_advStd_BoundTightPertRelax0.5_varHintPrevPGD_seed4_HyperAttackHints_VagharDeps_PerturbedIntervals_cTag3.txt",no
cnn1,patch,"1,14,14,3",2,4,130.79,181.54,8.987443,9.007427,8.987443,8.987443,-0.019984,no,off,no,yes,no,no,off,0.0,btpr,no,elim not activated,elim not activated,0,0,,,,4,1.39x,0.00,181.54,1.39x,0.019984,0.000000,OPTIMAL,OPTIMAL,"/root/Downloads/for_dana/vaghar_org/paper_experiments/mnist/cnn1_exp/patch/eps_1,14,14,3/vagharWithPerturbed_cnn1_model_seed42_itr20_sgd_itr1/63912617796626_cnn1_patch_1.0,14.0,14.0,3.0_ctag2__HyperAttackHints_VagharDeps_PertruebedIntervals_cTag3.txt","/root/Downloads/for_dana/vaghar_org/paper_experiments/mnist/cnn1_exp/patch/eps_1,14,14,3/advStd_cnn1_N1_model_seed42_itr20/63912628368203_n2_cnn1_patch_1.0,14.0,14.0,3.0_ctag2_model_seed42_itr20_sgd_itr1_N2_advStd_BoundTightPertRelax0.0_seed4_HyperAttackHints_VagharDeps_PerturbedIntervals_cTag3.txt",no
cnn1,patch,"1,14,14,3",2,4,130.79,182.58,8.987443,9.007427,9.030840,9.099538,0.092112,no,off,no,yes,no,no,off,0.5,btpr,no,elim not activated,elim not activated,82,82,,,,4,1.40x,0.00,182.58,1.40x,0.019984,0.068698,OPTIMAL,OPTIMAL,"/root/Downloads/for_dana/vaghar_org/paper_experiments/mnist/cnn1_exp/patch/eps_1,14,14,3/vagharWithPerturbed_cnn1_model_seed42_itr20_sgd_itr1/63912617796626_cnn1_patch_1.0,14.0,14.0,3.0_ctag2__HyperAttackHints_VagharDeps_PertruebedIntervals_cTag3.txt","/root/Downloads/for_dana/vaghar_org/paper_experiments/mnist/cnn1_exp/patch/eps_1,14,14,3/advStd_cnn1_N1_model_seed42_itr20/63912628368363_n2_cnn1_patch_1.0,14.0,14.0,3.0_ctag2_model_seed42_itr20_sgd_itr1_N2_advStd_BoundTightPertRelax0.5_seed4_HyperAttackHints_VagharDeps_PerturbedIntervals_cTag3.txt",no
cnn1,patch,"1,14,14,3",2,4,130.79,197.14,8.987443,9.007427,9.032846,9.039366,0.031939,no,off,no,yes,no,yes,off,0.5,btpr,no,elim not activated,elim not activated,82,82,,,,4,1.51x,0.00,197.14,1.51x,0.019984,0.006520,OPTIMAL,OPTIMAL,"/root/Downloads/for_dana/vaghar_org/paper_experiments/mnist/cnn1_exp/patch/eps_1,14,14,3/vagharWithPerturbed_cnn1_model_seed42_itr20_sgd_itr1/63912617796626_cnn1_patch_1.0,14.0,14.0,3.0_ctag2__HyperAttackHints_VagharDeps_PertruebedIntervals_cTag3.txt","/root/Downloads/for_dana/vaghar_org/paper_experiments/mnist/cnn1_exp/patch/eps_1,14,14,3/advStd_cnn1_N1_model_seed42_itr20/63912634505295_n2_cnn1_patch_1.0,14.0,14.0,3.0_ctag2_model_seed42_itr20_sgd_itr1_N2_advStd_BoundTightPertRelax0.5_zonoBounds_seed4_HyperAttackHints_VagharDeps_PerturbedIntervals_cTag3.txt",no
cnn1,patch,"1,14,14,3",2,4,130.79,222.25,8.987443,9.007427,9.039346,9.119526,0.112100,no,off,no,yes,prev_pgd,yes,off,0.5,btpr,no,elim not activated,elim not activated,82,82,,,,4,1.70x,0.00,222.25,1.70x,0.019984,0.080180,OPTIMAL,OPTIMAL,"/root/Downloads/for_dana/vaghar_org/paper_experiments/mnist/cnn1_exp/patch/eps_1,14,14,3/vagharWithPerturbed_cnn1_model_seed42_itr20_sgd_itr1/63912617796626_cnn1_patch_1.0,14.0,14.0,3.0_ctag2__HyperAttackHints_VagharDeps_PertruebedIntervals_cTag3.txt","/root/Downloads/for_dana/vaghar_org/paper_experiments/mnist/cnn1_exp/patch/eps_1,14,14,3/advStd_cnn1_N1_model_seed42_itr20/63912633830948_n2_cnn1_patch_1.0,14.0,14.0,3.0_ctag2_model_seed42_itr20_sgd_itr1_N2_advStd_BoundTightPertRelax0.5_zonoBounds_varHintPrevPGD_seed4_HyperAttackHints_VagharDeps_PerturbedIntervals_cTag3.txt",no
,,,,,,,,,,,,,,,,,,,,,,,,,,,,,,,,,,,,,,,,
cnn1,patch,"1,14,14,3",2,5,161.86,175.97,9.916123,9.931733,10.010249,10.107088,0.175355,no,off,no,yes,prev_pgd,yes,off,0.5,btpr,no,elim not activated,elim not activated,82,82,,,,4,1.09x,0.00,175.97,1.09x,0.015610,0.096839,OPTIMAL,OPTIMAL,"/root/Downloads/for_dana/vaghar_org/paper_experiments/mnist/cnn1_exp/patch/eps_1,14,14,3/vagharWithPerturbed_cnn1_model_seed42_itr20_sgd_itr1/63912617796626_cnn1_patch_1.0,14.0,14.0,3.0_ctag2__HyperAttackHints_VagharDeps_PertruebedIntervals_cTag3.txt","/root/Downloads/for_dana/vaghar_org/paper_experiments/mnist/cnn1_exp/patch/eps_1,14,14,3/advStd_cnn1_N1_model_seed42_itr20/63912633830948_n2_cnn1_patch_1.0,14.0,14.0,3.0_ctag2_model_seed42_itr20_sgd_itr1_N2_advStd_BoundTightPertRelax0.5_zonoBounds_varHintPrevPGD_seed4_HyperAttackHints_VagharDeps_PerturbedIntervals_cTag3.txt",no
cnn1,patch,"1,14,14,3",2,5,161.86,227.31,9.916123,9.931733,9.877748,9.940606,0.008873,no,off,no,yes,no,no,off,0.0,btpr,no,elim not activated,elim not activated,0,0,,,,4,1.40x,0.00,227.31,1.40x,0.015610,0.062858,OPTIMAL,OPTIMAL,"/root/Downloads/for_dana/vaghar_org/paper_experiments/mnist/cnn1_exp/patch/eps_1,14,14,3/vagharWithPerturbed_cnn1_model_seed42_itr20_sgd_itr1/63912617796626_cnn1_patch_1.0,14.0,14.0,3.0_ctag2__HyperAttackHints_VagharDeps_PertruebedIntervals_cTag3.txt","/root/Downloads/for_dana/vaghar_org/paper_experiments/mnist/cnn1_exp/patch/eps_1,14,14,3/advStd_cnn1_N1_model_seed42_itr20/63912628368203_n2_cnn1_patch_1.0,14.0,14.0,3.0_ctag2_model_seed42_itr20_sgd_itr1_N2_advStd_BoundTightPertRelax0.0_seed4_HyperAttackHints_VagharDeps_PerturbedIntervals_cTag3.txt",no
cnn1,patch,"1,14,14,3",2,5,161.86,242.77,9.916123,9.931733,9.877748,9.940606,0.008873,no,off,no,yes,no,yes,off,0.0,btpr,no,elim not activated,elim not activated,0,0,,,,4,1.50x,0.00,242.77,1.50x,0.015610,0.062858,OPTIMAL,OPTIMAL,"/root/Downloads/for_dana/vaghar_org/paper_experiments/mnist/cnn1_exp/patch/eps_1,14,14,3/vagharWithPerturbed_cnn1_model_seed42_itr20_sgd_itr1/63912617796626_cnn1_patch_1.0,14.0,14.0,3.0_ctag2__HyperAttackHints_VagharDeps_PertruebedIntervals_cTag3.txt","/root/Downloads/for_dana/vaghar_org/paper_experiments/mnist/cnn1_exp/patch/eps_1,14,14,3/advStd_cnn1_N1_model_seed42_itr20/63912632099473_n2_cnn1_patch_1.0,14.0,14.0,3.0_ctag2_model_seed42_itr20_sgd_itr1_N2_advStd_BoundTightPertRelax0.0_zonoBounds_seed4_HyperAttackHints_VagharDeps_PerturbedIntervals_cTag3.txt",no
,,,,,,,,,,,,,,,,,,,,,,,,,,,,,,,,,,,,,,,,
cnn1,patch,"1,14,14,3",2,8,88.80,98.11,8.329370,8.329370,8.406872,8.480189,0.150819,no,off,no,yes,prev_pgd,no,off,0.5,btpr,no,elim not activated,elim not activated,82,82,,,,4,1.10x,0.00,98.11,1.10x,0.000000,0.073317,OPTIMAL,OPTIMAL,"/root/Downloads/for_dana/vaghar_org/paper_experiments/mnist/cnn1_exp/patch/eps_1,14,14,3/vagharWithPerturbed_cnn1_model_seed42_itr20_sgd_itr1/63912617796626_cnn1_patch_1.0,14.0,14.0,3.0_ctag2__HyperAttackHints_VagharDeps_PertruebedIntervals_cTag3.txt","/root/Downloads/for_dana/vaghar_org/paper_experiments/mnist/cnn1_exp/patch/eps_1,14,14,3/advStd_cnn1_N1_model_seed42_itr20/63912628367637_n2_cnn1_patch_1.0,14.0,14.0,3.0_ctag2_model_seed42_itr20_sgd_itr1_N2_advStd_BoundTightPertRelax0.5_varHintPrevPGD_seed4_HyperAttackHints_VagharDeps_PerturbedIntervals_cTag3.txt",no
cnn1,patch,"1,14,14,3",2,8,88.80,109.96,8.329370,8.329370,8.406872,8.480189,0.150819,no,off,no,yes,prev_pgd,yes,off,0.5,btpr,no,elim not activated,elim not activated,82,82,,,,4,1.24x,0.00,109.96,1.24x,0.000000,0.073317,OPTIMAL,OPTIMAL,"/root/Downloads/for_dana/vaghar_org/paper_experiments/mnist/cnn1_exp/patch/eps_1,14,14,3/vagharWithPerturbed_cnn1_model_seed42_itr20_sgd_itr1/63912617796626_cnn1_patch_1.0,14.0,14.0,3.0_ctag2__HyperAttackHints_VagharDeps_PertruebedIntervals_cTag3.txt","/root/Downloads/for_dana/vaghar_org/paper_experiments/mnist/cnn1_exp/patch/eps_1,14,14,3/advStd_cnn1_N1_model_seed42_itr20/63912633830948_n2_cnn1_patch_1.0,14.0,14.0,3.0_ctag2_model_seed42_itr20_sgd_itr1_N2_advStd_BoundTightPertRelax0.5_zonoBounds_varHintPrevPGD_seed4_HyperAttackHints_VagharDeps_PerturbedIntervals_cTag3.txt",no
cnn1,patch,"1,14,14,3",2,8,88.80,122.44,8.329370,8.329370,8.406292,8.406876,0.077506,no,off,no,yes,direct_pgd,yes,off,0.5,btpr,no,elim not activated,elim not activated,82,82,,,,4,1.38x,0.00,122.44,1.38x,0.000000,0.000584,OPTIMAL,OPTIMAL,"/root/Downloads/for_dana/vaghar_org/paper_experiments/mnist/cnn1_exp/patch/eps_1,14,14,3/vagharWithPerturbed_cnn1_model_seed42_itr20_sgd_itr1/63912617796626_cnn1_patch_1.0,14.0,14.0,3.0_ctag2__HyperAttackHints_VagharDeps_PertruebedIntervals_cTag3.txt","/root/Downloads/for_dana/vaghar_org/paper_experiments/mnist/cnn1_exp/patch/eps_1,14,14,3/advStd_cnn1_N1_model_seed42_itr20/63912632562157_n2_cnn1_patch_1.0,14.0,14.0,3.0_ctag2_model_seed42_itr20_sgd_itr1_N2_advStd_BoundTightPertRelax0.5_zonoBounds_varHintDirectPGD_seed4_HyperAttackHints_VagharDeps_PerturbedIntervals_cTag3.txt",no
cnn1,patch,"1,14,14,3",2,8,88.80,125.26,8.329370,8.329370,8.406292,8.406876,0.077506,no,off,no,yes,direct_pgd,no,off,0.5,btpr,no,elim not activated,elim not activated,82,82,,,,4,1.41x,0.00,125.26,1.41x,0.000000,0.000584,OPTIMAL,OPTIMAL,"/root/Downloads/for_dana/vaghar_org/paper_experiments/mnist/cnn1_exp/patch/eps_1,14,14,3/vagharWithPerturbed_cnn1_model_seed42_itr20_sgd_itr1/63912617796626_cnn1_patch_1.0,14.0,14.0,3.0_ctag2__HyperAttackHints_VagharDeps_PertruebedIntervals_cTag3.txt","/root/Downloads/for_dana/vaghar_org/paper_experiments/mnist/cnn1_exp/patch/eps_1,14,14,3/advStd_cnn1_N1_model_seed42_itr20/63912628367988_n2_cnn1_patch_1.0,14.0,14.0,3.0_ctag2_model_seed42_itr20_sgd_itr1_N2_advStd_BoundTightPertRelax0.5_varHintDirectPGD_seed4_HyperAttackHints_VagharDeps_PerturbedIntervals_cTag3.txt",no
,,,,,,,,,,,,,,,,,,,,,,,,,,,,,,,,,,,,,,,,
cnn1,patch,"1,14,14,3",2,9,71.08,248.62,11.337193,11.378660,11.337194,11.437457,0.058797,no,off,no,yes,prev_pgd,yes,off,0.0,btpr,yes,elim not activated,elim not activated,0,0,0,0,0,4,3.50x,0.00,248.62,3.50x,0.041467,0.100263,OPTIMAL,OPTIMAL,"/root/Downloads/for_dana/vaghar_org/paper_experiments/mnist/cnn1_exp/patch/eps_1,14,14,3/vagharWithPerturbed_cnn1_model_seed42_itr20_sgd_itr1/63913096860149_cnn1_patch_1.0,14.0,14.0,3.0_ctag2__HyperAttackHints_VagharDeps_PertruebedIntervals_cTag3.txt","/root/Downloads/for_dana/vaghar_org/paper_experiments/mnist/cnn1_exp/patch/eps_1,14,14,3/advStd_cnn1_N1_model_seed42_itr20/63914945219750_n2_cnn1_patch_1.0,14.0,14.0,3.0_ctag2_model_seed42_itr20_sgd_itr1_N2_advStd_BoundTightPertRelax0.0_SibGate_zonoBounds_varHintPrevPGD_seed4_both0_orgDrop0_pertDrop0_HyperAttackHints_VagharDeps_PerturbedIntervals_cTag3.txt",no
,,,,,,,,,,,,,,,,,,,,,,,,,,,,,,,,,,,,,,,,
cnn1,translation,"1,1",0,3,396.47,577.12,54.122057,54.623567,54.340092,54.820944,0.197377,no,off,no,yes,prev_pgd,yes,off,0.5,btpr,yes,elim not activated,elim not activated,82,90,82,0,9,4,1.46x,0.00,577.12,1.46x,0.501509,0.480852,OPTIMAL,OPTIMAL,"/root/Downloads/for_dana/vaghar_org/paper_experiments/mnist/cnn1_exp/translation/eps_1,1/vagharWithPerturbed_cnn1_model_seed42_itr20_sgd_itr1/63915207020490_cnn1_translation_1.0,1.0_ctag0__HyperAttackHints_VagharDeps_PertruebedIntervals_cTag1.txt","/root/Downloads/for_dana/vaghar_org/paper_experiments/mnist/cnn1_exp/translation/eps_1,1/advStd_cnn1_N1_model_seed42_itr20/63917110773039_n2_cnn1_translation_1.0,1.0_ctag0_model_seed42_itr20_sgd_itr1_N2_advStd_BoundTightPertRelax0.5_SibGate_zonoBounds_varHintPrevPGD_seed4_both82_orgDrop0_pertDrop9_HyperAttackHints_VagharDeps_PerturbedIntervals_geomInt_cTag1.txt",yes
cnn1,translation,"1,1",0,3,396.47,671.24,54.122057,54.623567,54.354629,54.822261,0.198695,no,off,no,yes,prev_pgd,yes,off,0.5,btpr,yes,elim not activated,elim not activated,82,90,82,0,9,4,1.69x,0.00,671.24,1.69x,0.501509,0.467632,OPTIMAL,OPTIMAL,"/root/Downloads/for_dana/vaghar_org/paper_experiments/mnist/cnn1_exp/translation/eps_1,1/vagharWithPerturbed_cnn1_model_seed42_itr20_sgd_itr1/63915207020490_cnn1_translation_1.0,1.0_ctag0__HyperAttackHints_VagharDeps_PertruebedIntervals_cTag1.txt","/root/Downloads/for_dana/vaghar_org/paper_experiments/mnist/cnn1_exp/translation/eps_1,1/advStd_cnn1_N1_model_seed42_itr20/63915244247698_n2_cnn1_translation_1.0,1.0_ctag0_model_seed42_itr20_sgd_itr1_N2_advStd_BoundTightPertRelax0.5_SibGate_zonoBounds_varHintPrevPGD_seed4_both82_orgDrop0_pertDrop9_HyperAttackHints_VagharDeps_PerturbedIntervals_cTag1.txt",no
,,,,,,,,,,,,,,,,,,,,,,,,,,,,,,,,,,,,,,,,
cnn1,translation,"1,1",0,4,427.21,494.53,53.830826,54.323415,54.009346,54.513870,0.190456,no,off,no,yes,prev_pgd,yes,off,0.5,btpr,yes,elim not activated,elim not activated,82,90,82,0,9,4,1.16x,0.00,494.53,1.16x,0.492588,0.504525,OPTIMAL,OPTIMAL,"/root/Downloads/for_dana/vaghar_org/paper_experiments/mnist/cnn1_exp/translation/eps_1,1/vagharWithPerturbed_cnn1_model_seed42_itr20_sgd_itr1/63915207020490_cnn1_translation_1.0,1.0_ctag0__HyperAttackHints_VagharDeps_PertruebedIntervals_cTag1.txt","/root/Downloads/for_dana/vaghar_org/paper_experiments/mnist/cnn1_exp/translation/eps_1,1/advStd_cnn1_N1_model_seed42_itr20/63915244247698_n2_cnn1_translation_1.0,1.0_ctag0_model_seed42_itr20_sgd_itr1_N2_advStd_BoundTightPertRelax0.5_SibGate_zonoBounds_varHintPrevPGD_seed4_both82_orgDrop0_pertDrop9_HyperAttackHints_VagharDeps_PerturbedIntervals_cTag1.txt",no
,,,,,,,,,,,,,,,,,,,,,,,,,,,,,,,,,,,,,,,,
cnn1,translation,"1,1",0,5,353.94,549.25,54.159075,54.698647,54.127529,54.565338,-0.133309,no,off,no,yes,prev_pgd,yes,off,0.5,btpr,yes,elim not activated,elim not activated,82,90,82,0,9,4,1.55x,0.00,549.25,1.55x,0.539572,0.437808,OPTIMAL,OPTIMAL,"/root/Downloads/for_dana/vaghar_org/paper_experiments/mnist/cnn1_exp/translation/eps_1,1/vagharWithPerturbed_cnn1_model_seed42_itr20_sgd_itr1/63915207020490_cnn1_translation_1.0,1.0_ctag0__HyperAttackHints_VagharDeps_PertruebedIntervals_cTag1.txt","/root/Downloads/for_dana/vaghar_org/paper_experiments/mnist/cnn1_exp/translation/eps_1,1/advStd_cnn1_N1_model_seed42_itr20/63915244247698_n2_cnn1_translation_1.0,1.0_ctag0_model_seed42_itr20_sgd_itr1_N2_advStd_BoundTightPertRelax0.5_SibGate_zonoBounds_varHintPrevPGD_seed4_both82_orgDrop0_pertDrop9_HyperAttackHints_VagharDeps_PerturbedIntervals_cTag1.txt",no
cnn1,translation,"1,1",0,5,353.94,602.62,54.159075,54.698647,54.261832,54.767737,0.069090,no,off,no,yes,prev_pgd,yes,off,0.0,btpr,yes,elim not activated,elim not activated,0,0,0,0,0,4,1.70x,0.00,602.62,1.70x,0.539572,0.505905,OPTIMAL,OPTIMAL,"/root/Downloads/for_dana/vaghar_org/paper_experiments/mnist/cnn1_exp/translation/eps_1,1/vagharWithPerturbed_cnn1_model_seed42_itr20_sgd_itr1/63915207020490_cnn1_translation_1.0,1.0_ctag0__HyperAttackHints_VagharDeps_PertruebedIntervals_cTag1.txt","/root/Downloads/for_dana/vaghar_org/paper_experiments/mnist/cnn1_exp/translation/eps_1,1/advStd_cnn1_N1_model_seed42_itr20/63915244216744_n2_cnn1_translation_1.0,1.0_ctag0_model_seed42_itr20_sgd_itr1_N2_advStd_BoundTightPertRelax0.0_SibGate_zonoBounds_varHintPrevPGD_seed4_both0_orgDrop0_pertDrop0_HyperAttackHints_VagharDeps_PerturbedIntervals_cTag1.txt",no
cnn1,translation,"1,1",0,5,353.94,776.69,54.159075,54.698647,54.376854,54.883839,0.185193,no,off,no,yes,prev_pgd,yes,off,0.5,btpr,yes,elim not activated,elim not activated,82,90,82,0,9,4,2.19x,0.00,776.69,2.19x,0.539572,0.506985,OPTIMAL,OPTIMAL,"/root/Downloads/for_dana/vaghar_org/paper_experiments/mnist/cnn1_exp/translation/eps_1,1/vagharWithPerturbed_cnn1_model_seed42_itr20_sgd_itr1/63915207020490_cnn1_translation_1.0,1.0_ctag0__HyperAttackHints_VagharDeps_PertruebedIntervals_cTag1.txt","/root/Downloads/for_dana/vaghar_org/paper_experiments/mnist/cnn1_exp/translation/eps_1,1/advStd_cnn1_N1_model_seed42_itr20/63917110773039_n2_cnn1_translation_1.0,1.0_ctag0_model_seed42_itr20_sgd_itr1_N2_advStd_BoundTightPertRelax0.5_SibGate_zonoBounds_varHintPrevPGD_seed4_both82_orgDrop0_pertDrop9_HyperAttackHints_VagharDeps_PerturbedIntervals_geomInt_cTag1.txt",yes
,,,,,,,,,,,,,,,,,,,,,,,,,,,,,,,,,,,,,,,,
cnn1,translation,"1,1",0,6,396.65,581.62,53.947606,54.436113,54.304992,54.815850,0.379737,no,off,no,yes,prev_pgd,yes,off,0.5,btpr,yes,elim not activated,elim not activated,82,90,82,0,9,4,1.47x,0.00,581.62,1.47x,0.488507,0.510858,OPTIMAL,OPTIMAL,"/root/Downloads/for_dana/vaghar_org/paper_experiments/mnist/cnn1_exp/translation/eps_1,1/vagharWithPerturbed_cnn1_model_seed42_itr20_sgd_itr1/63915207020490_cnn1_translation_1.0,1.0_ctag0__HyperAttackHints_VagharDeps_PertruebedIntervals_cTag1.txt","/root/Downloads/for_dana/vaghar_org/paper_experiments/mnist/cnn1_exp/translation/eps_1,1/advStd_cnn1_N1_model_seed42_itr20/63915244247698_n2_cnn1_translation_1.0,1.0_ctag0_model_seed42_itr20_sgd_itr1_N2_advStd_BoundTightPertRelax0.5_SibGate_zonoBounds_varHintPrevPGD_seed4_both82_orgDrop0_pertDrop9_HyperAttackHints_VagharDeps_PerturbedIntervals_cTag1.txt",no
cnn1,translation,"1,1",0,6,396.65,979.95,53.947606,54.436113,54.304992,54.815850,0.379737,no,off,no,yes,prev_pgd,yes,off,0.5,btpr,yes,elim not activated,elim not activated,82,90,82,0,9,4,2.47x,0.00,979.95,2.47x,0.488507,0.510858,OPTIMAL,OPTIMAL,"/root/Downloads/for_dana/vaghar_org/paper_experiments/mnist/cnn1_exp/translation/eps_1,1/vagharWithPerturbed_cnn1_model_seed42_itr20_sgd_itr1/63915207020490_cnn1_translation_1.0,1.0_ctag0__HyperAttackHints_VagharDeps_PertruebedIntervals_cTag1.txt","/root/Downloads/for_dana/vaghar_org/paper_experiments/mnist/cnn1_exp/translation/eps_1,1/advStd_cnn1_N1_model_seed42_itr20/63917110773039_n2_cnn1_translation_1.0,1.0_ctag0_model_seed42_itr20_sgd_itr1_N2_advStd_BoundTightPertRelax0.5_SibGate_zonoBounds_varHintPrevPGD_seed4_both82_orgDrop0_pertDrop9_HyperAttackHints_VagharDeps_PerturbedIntervals_geomInt_cTag1.txt",yes
,,,,,,,,,,,,,,,,,,,,,,,,,,,,,,,,,,,,,,,,
cnn1,translation,"1,1",0,7,380.41,407.09,53.909228,54.372409,54.252228,54.737659,0.365250,no,off,no,yes,prev_pgd,yes,off,0.5,btpr,yes,elim not activated,elim not activated,82,90,82,0,9,4,1.07x,0.00,407.09,1.07x,0.463181,0.485431,OPTIMAL,OPTIMAL,"/root/Downloads/for_dana/vaghar_org/paper_experiments/mnist/cnn1_exp/translation/eps_1,1/vagharWithPerturbed_cnn1_model_seed42_itr20_sgd_itr1/63915207020490_cnn1_translation_1.0,1.0_ctag0__HyperAttackHints_VagharDeps_PertruebedIntervals_cTag1.txt","/root/Downloads/for_dana/vaghar_org/paper_experiments/mnist/cnn1_exp/translation/eps_1,1/advStd_cnn1_N1_model_seed42_itr20/63915244247698_n2_cnn1_translation_1.0,1.0_ctag0_model_seed42_itr20_sgd_itr1_N2_advStd_BoundTightPertRelax0.5_SibGate_zonoBounds_varHintPrevPGD_seed4_both82_orgDrop0_pertDrop9_HyperAttackHints_VagharDeps_PerturbedIntervals_cTag1.txt",no
cnn1,translation,"1,1",0,7,380.41,495.97,53.909228,54.372409,54.072623,54.595876,0.223467,no,off,no,yes,prev_pgd,yes,off,0.0,btpr,yes,elim not activated,elim not activated,0,0,0,0,0,4,1.30x,0.00,495.97,1.30x,0.463181,0.523252,OPTIMAL,OPTIMAL,"/root/Downloads/for_dana/vaghar_org/paper_experiments/mnist/cnn1_exp/translation/eps_1,1/vagharWithPerturbed_cnn1_model_seed42_itr20_sgd_itr1/63915207020490_cnn1_translation_1.0,1.0_ctag0__HyperAttackHints_VagharDeps_PertruebedIntervals_cTag1.txt","/root/Downloads/for_dana/vaghar_org/paper_experiments/mnist/cnn1_exp/translation/eps_1,1/advStd_cnn1_N1_model_seed42_itr20/63915244216744_n2_cnn1_translation_1.0,1.0_ctag0_model_seed42_itr20_sgd_itr1_N2_advStd_BoundTightPertRelax0.0_SibGate_zonoBounds_varHintPrevPGD_seed4_both0_orgDrop0_pertDrop0_HyperAttackHints_VagharDeps_PerturbedIntervals_cTag1.txt",no
cnn1,translation,"1,1",0,7,380.41,715.72,53.909228,54.372409,54.252228,54.737659,0.365250,no,off,no,yes,prev_pgd,yes,off,0.5,btpr,yes,elim not activated,elim not activated,82,90,82,0,9,4,1.88x,0.00,715.72,1.88x,0.463181,0.485431,OPTIMAL,OPTIMAL,"/root/Downloads/for_dana/vaghar_org/paper_experiments/mnist/cnn1_exp/translation/eps_1,1/vagharWithPerturbed_cnn1_model_seed42_itr20_sgd_itr1/63915207020490_cnn1_translation_1.0,1.0_ctag0__HyperAttackHints_VagharDeps_PertruebedIntervals_cTag1.txt","/root/Downloads/for_dana/vaghar_org/paper_experiments/mnist/cnn1_exp/translation/eps_1,1/advStd_cnn1_N1_model_seed42_itr20/63917110773039_n2_cnn1_translation_1.0,1.0_ctag0_model_seed42_itr20_sgd_itr1_N2_advStd_BoundTightPertRelax0.5_SibGate_zonoBounds_varHintPrevPGD_seed4_both82_orgDrop0_pertDrop9_HyperAttackHints_VagharDeps_PerturbedIntervals_geomInt_cTag1.txt",yes
,,,,,,,,,,,,,,,,,,,,,,,,,,,,,,,,,,,,,,,,
cnn1,translation,"1,1",0,8,1215.81,1291.95,53.638194,54.171461,53.707466,54.242665,0.071204,no,off,no,yes,prev_pgd,yes,off,0.0,btpr,yes,elim not activated,elim not activated,0,0,0,0,0,4,1.06x,0.00,1291.95,1.06x,0.533267,0.535199,OPTIMAL,OPTIMAL,"/root/Downloads/for_dana/vaghar_org/paper_experiments/mnist/cnn1_exp/translation/eps_1,1/vagharWithPerturbed_cnn1_model_seed42_itr20_sgd_itr1/63915207020490_cnn1_translation_1.0,1.0_ctag0__HyperAttackHints_VagharDeps_PertruebedIntervals_cTag1.txt","/root/Downloads/for_dana/vaghar_org/paper_experiments/mnist/cnn1_exp/translation/eps_1,1/advStd_cnn1_N1_model_seed42_itr20/63915244216744_n2_cnn1_translation_1.0,1.0_ctag0_model_seed42_itr20_sgd_itr1_N2_advStd_BoundTightPertRelax0.0_SibGate_zonoBounds_varHintPrevPGD_seed4_both0_orgDrop0_pertDrop0_HyperAttackHints_VagharDeps_PerturbedIntervals_cTag1.txt",no
,,,,,,,,,,,,,,,,,,,,,,,,,,,,,,,,,,,,,,,,
cnn1,translation,"1,1",0,9,3614.49,8042.03,53.006613,53.815451,53.188916,53.715574,-0.099877,no,off,no,yes,prev_pgd,yes,off,0.5,btpr,yes,elim not activated,elim not activated,82,90,82,0,9,4,2.22x,0.00,8042.03,2.22x,0.808838,0.526658,TIME_LIMIT,OPTIMAL,"/root/Downloads/for_dana/vaghar_org/paper_experiments/mnist/cnn1_exp/translation/eps_1,1/vagharWithPerturbed_cnn1_model_seed42_itr20_sgd_itr1/63915207020490_cnn1_translation_1.0,1.0_ctag0__HyperAttackHints_VagharDeps_PertruebedIntervals_cTag1.txt","/root/Downloads/for_dana/vaghar_org/paper_experiments/mnist/cnn1_exp/translation/eps_1,1/advStd_cnn1_N1_model_seed42_itr20/63915548122750_n2_cnn1_translation_1.0,1.0_ctag0_model_seed42_itr20_sgd_itr1_N2_advStd_BoundTightPertRelax0.5_SibGate_zonoBounds_varHintPrevPGD_seed4_both82_orgDrop0_pertDrop9_HyperAttackHints_VagharDeps_PerturbedIntervals_cTag1.txt",no
cnn1,translation,"1,1",0,9,3614.49,10637.48,53.006613,53.815451,53.188916,53.715574,-0.099877,no,off,no,yes,prev_pgd,yes,off,0.5,btpr,yes,elim not activated,elim not activated,82,90,82,0,9,4,2.94x,0.00,10637.48,2.94x,0.808838,0.526658,TIME_LIMIT,OPTIMAL,"/root/Downloads/for_dana/vaghar_org/paper_experiments/mnist/cnn1_exp/translation/eps_1,1/vagharWithPerturbed_cnn1_model_seed42_itr20_sgd_itr1/63915207020490_cnn1_translation_1.0,1.0_ctag0__HyperAttackHints_VagharDeps_PertruebedIntervals_cTag1.txt","/root/Downloads/for_dana/vaghar_org/paper_experiments/mnist/cnn1_exp/translation/eps_1,1/advStd_cnn1_N1_model_seed42_itr20/63917110773039_n2_cnn1_translation_1.0,1.0_ctag0_model_seed42_itr20_sgd_itr1_N2_advStd_BoundTightPertRelax0.5_SibGate_zonoBounds_varHintPrevPGD_seed4_both82_orgDrop0_pertDrop9_HyperAttackHints_VagharDeps_PerturbedIntervals_geomInt_cTag1.txt",yes
,,,,,,,,,,,,,,,,,,,,,,,,,,,,,,,,,,,,,,,,
cnn1,translation,"1,1",1,2,3614.93,6035.88,73.382909,74.618108,73.629911,74.353686,-0.264421,no,off,no,yes,prev_pgd,yes,off,0.5,btpr,yes,elim not activated,elim not activated,82,90,82,0,9,4,1.67x,0.00,6035.88,1.67x,1.235199,0.723776,TIME_LIMIT,OPTIMAL,"/root/Downloads/for_dana/vaghar_org/paper_experiments/mnist/cnn1_exp/translation/eps_1,1/vagharWithPerturbed_cnn1_model_seed42_itr20_sgd_itr1/63915217058543_cnn1_translation_1.0,1.0_ctag1__HyperAttackHints_VagharDeps_PertruebedIntervals_cTag2.txt","/root/Downloads/for_dana/vaghar_org/paper_experiments/mnist/cnn1_exp/translation/eps_1,1/advStd_cnn1_N1_model_seed42_itr20/63917124775919_n2_cnn1_translation_1.0,1.0_ctag1_model_seed42_itr20_sgd_itr1_N2_advStd_BoundTightPertRelax0.5_SibGate_zonoBounds_varHintPrevPGD_seed4_both82_orgDrop0_pertDrop9_HyperAttackHints_VagharDeps_PerturbedIntervals_geomInt_cTag2.txt",yes
,,,,,,,,,,,,,,,,,,,,,,,,,,,,,,,,,,,,,,,,
cnn1,translation,"1,1",1,3,316.85,357.17,74.390597,74.958163,74.697290,75.359500,0.401337,no,off,no,yes,prev_pgd,yes,off,0.5,btpr,yes,elim not activated,elim not activated,82,90,82,0,9,4,1.13x,0.00,357.17,1.13x,0.567566,0.662210,OPTIMAL,OPTIMAL,"/root/Downloads/for_dana/vaghar_org/paper_experiments/mnist/cnn1_exp/translation/eps_1,1/vagharWithPerturbed_cnn1_model_seed42_itr20_sgd_itr1/63915217058543_cnn1_translation_1.0,1.0_ctag1__HyperAttackHints_VagharDeps_PertruebedIntervals_cTag2.txt","/root/Downloads/for_dana/vaghar_org/paper_experiments/mnist/cnn1_exp/translation/eps_1,1/advStd_cnn1_N1_model_seed42_itr20/63917124775919_n2_cnn1_translation_1.0,1.0_ctag1_model_seed42_itr20_sgd_itr1_N2_advStd_BoundTightPertRelax0.5_SibGate_zonoBounds_varHintPrevPGD_seed4_both82_orgDrop0_pertDrop9_HyperAttackHints_VagharDeps_PerturbedIntervals_geomInt_cTag2.txt",yes
cnn1,translation,"1,1",1,3,316.85,533.16,74.390597,74.958163,74.697290,75.359500,0.401337,no,off,no,yes,prev_pgd,yes,off,0.5,btpr,yes,elim not activated,elim not activated,82,90,82,0,9,4,1.68x,0.00,533.16,1.68x,0.567566,0.662210,OPTIMAL,OPTIMAL,"/root/Downloads/for_dana/vaghar_org/paper_experiments/mnist/cnn1_exp/translation/eps_1,1/vagharWithPerturbed_cnn1_model_seed42_itr20_sgd_itr1/63915217058543_cnn1_translation_1.0,1.0_ctag1__HyperAttackHints_VagharDeps_PertruebedIntervals_cTag2.txt","/root/Downloads/for_dana/vaghar_org/paper_experiments/mnist/cnn1_exp/translation/eps_1,1/advStd_cnn1_N1_model_seed42_itr20/63916019555156_n2_cnn1_translation_1.0,1.0_ctag1_model_seed42_itr20_sgd_itr1_N2_advStd_BoundTightPertRelax0.5_SibGate_zonoBounds_varHintPrevPGD_seed4_both82_orgDrop0_pertDrop9_HyperAttackHints_VagharDeps_PerturbedIntervals_cTag2.txt",no
,,,,,,,,,,,,,,,,,,,,,,,,,,,,,,,,,,,,,,,,
cnn1,translation,"1,1",1,6,322.07,489.08,74.383776,74.945295,74.592576,75.292076,0.346781,no,off,no,yes,prev_pgd,yes,off,0.5,btpr,yes,elim not activated,elim not activated,82,90,82,0,9,4,1.52x,0.00,489.08,1.52x,0.561520,0.699500,OPTIMAL,OPTIMAL,"/root/Downloads/for_dana/vaghar_org/paper_experiments/mnist/cnn1_exp/translation/eps_1,1/vagharWithPerturbed_cnn1_model_seed42_itr20_sgd_itr1/63915217058543_cnn1_translation_1.0,1.0_ctag1__HyperAttackHints_VagharDeps_PertruebedIntervals_cTag2.txt","/root/Downloads/for_dana/vaghar_org/paper_experiments/mnist/cnn1_exp/translation/eps_1,1/advStd_cnn1_N1_model_seed42_itr20/63916019555156_n2_cnn1_translation_1.0,1.0_ctag1_model_seed42_itr20_sgd_itr1_N2_advStd_BoundTightPertRelax0.5_SibGate_zonoBounds_varHintPrevPGD_seed4_both82_orgDrop0_pertDrop9_HyperAttackHints_VagharDeps_PerturbedIntervals_cTag2.txt",no
,,,,,,,,,,,,,,,,,,,,,,,,,,,,,,,,,,,,,,,,
cnn1,translation,"1,1",1,8,3620.86,5094.39,73.705849,74.606529,73.943180,74.678916,0.072387,no,off,no,yes,prev_pgd,yes,off,0.5,btpr,yes,elim not activated,elim not activated,82,90,82,0,9,4,1.41x,0.00,5094.39,1.41x,0.900680,0.735736,TIME_LIMIT,OPTIMAL,"/root/Downloads/for_dana/vaghar_org/paper_experiments/mnist/cnn1_exp/translation/eps_1,1/vagharWithPerturbed_cnn1_model_seed42_itr20_sgd_itr1/63915217058543_cnn1_translation_1.0,1.0_ctag1__HyperAttackHints_VagharDeps_PertruebedIntervals_cTag2.txt","/root/Downloads/for_dana/vaghar_org/paper_experiments/mnist/cnn1_exp/translation/eps_1,1/advStd_cnn1_N1_model_seed42_itr20/63916019555156_n2_cnn1_translation_1.0,1.0_ctag1_model_seed42_itr20_sgd_itr1_N2_advStd_BoundTightPertRelax0.5_SibGate_zonoBounds_varHintPrevPGD_seed4_both82_orgDrop0_pertDrop9_HyperAttackHints_VagharDeps_PerturbedIntervals_cTag2.txt",no
,,,,,,,,,,,,,,,,,,,,,,,,,,,,,,,,,,,,,,,,
cnn1,translation,"1,1",1,9,3621.04,4104.30,73.264236,74.439864,73.530987,74.252383,-0.187481,no,off,no,yes,prev_pgd,yes,off,0.5,btpr,yes,elim not activated,elim not activated,82,90,82,0,9,4,1.13x,0.00,4104.30,1.13x,1.175628,0.721396,TIME_LIMIT,OPTIMAL,"/root/Downloads/for_dana/vaghar_org/paper_experiments/mnist/cnn1_exp/translation/eps_1,1/vagharWithPerturbed_cnn1_model_seed42_itr20_sgd_itr1/63915217058543_cnn1_translation_1.0,1.0_ctag1__HyperAttackHints_VagharDeps_PertruebedIntervals_cTag2.txt","/root/Downloads/for_dana/vaghar_org/paper_experiments/mnist/cnn1_exp/translation/eps_1,1/advStd_cnn1_N1_model_seed42_itr20/63916019555156_n2_cnn1_translation_1.0,1.0_ctag1_model_seed42_itr20_sgd_itr1_N2_advStd_BoundTightPertRelax0.5_SibGate_zonoBounds_varHintPrevPGD_seed4_both82_orgDrop0_pertDrop9_HyperAttackHints_VagharDeps_PerturbedIntervals_cTag2.txt",no
,,,,,,,,,,,,,,,,,,,,,,,,,,,,,,,,,,,,,,,,
cnn1,translation,"1,1",2,3,1214.52,1929.27,72.936874,73.644228,73.336599,74.051707,0.407479,no,off,no,yes,prev_pgd,yes,off,0.5,btpr,yes,elim not activated,elim not activated,82,90,82,0,9,4,1.59x,0.00,1929.27,1.59x,0.707354,0.715108,OPTIMAL,OPTIMAL,"/root/Downloads/for_dana/vaghar_org/paper_experiments/mnist/cnn1_exp/translation/eps_1,1/vagharWithPerturbed_cnn1_model_seed42_itr20_sgd_itr1/63915226903008_cnn1_translation_1.0,1.0_ctag2__HyperAttackHints_VagharDeps_PertruebedIntervals_cTag3.txt","/root/Downloads/for_dana/vaghar_org/paper_experiments/mnist/cnn1_exp/translation/eps_1,1/advStd_cnn1_N1_model_seed42_itr20/63916315246348_n2_cnn1_translation_1.0,1.0_ctag2_model_seed42_itr20_sgd_itr1_N2_advStd_BoundTightPertRelax0.5_SibGate_zonoBounds_varHintPrevPGD_seed4_both82_orgDrop0_pertDrop9_HyperAttackHints_VagharDeps_PerturbedIntervals_cTag3.txt",no
,,,,,,,,,,,,,,,,,,,,,,,,,,,,,,,,,,,,,,,,
cnn1,translation,"1,1",2,8,961.39,1094.25,73.002164,73.711536,73.105383,73.830683,0.119147,no,off,no,yes,prev_pgd,yes,off,0.5,btpr,yes,elim not activated,elim not activated,82,90,82,0,9,4,1.14x,0.00,1094.25,1.14x,0.709372,0.725300,OPTIMAL,OPTIMAL,"/root/Downloads/for_dana/vaghar_org/paper_experiments/mnist/cnn1_exp/translation/eps_1,1/vagharWithPerturbed_cnn1_model_seed42_itr20_sgd_itr1/63915226903008_cnn1_translation_1.0,1.0_ctag2__HyperAttackHints_VagharDeps_PertruebedIntervals_cTag3.txt","/root/Downloads/for_dana/vaghar_org/paper_experiments/mnist/cnn1_exp/translation/eps_1,1/advStd_cnn1_N1_model_seed42_itr20/63916315246348_n2_cnn1_translation_1.0,1.0_ctag2_model_seed42_itr20_sgd_itr1_N2_advStd_BoundTightPertRelax0.5_SibGate_zonoBounds_varHintPrevPGD_seed4_both82_orgDrop0_pertDrop9_HyperAttackHints_VagharDeps_PerturbedIntervals_cTag3.txt",no
,,,,,,,,,,,,,,,,,,,,,,,,,,,,,,,,,,,,,,,,
cnn1,translation,"3,1",0,3,578.23,825.95,53.889233,54.343174,54.303598,54.798428,0.455255,no,off,no,yes,prev_pgd,yes,off,0.5,btpr,yes,elim not activated,elim not activated,82,108,82,0,35,4,1.43x,0.00,825.95,1.43x,0.453940,0.494831,OPTIMAL,OPTIMAL,"/root/Downloads/for_dana/vaghar_org/paper_experiments/mnist/cnn1_exp/translation/eps_3,1/vagharWithPerturbed_cnn1_model_seed42_itr20_sgd_itr1/63915207010873_cnn1_translation_3.0,1.0_ctag0__HyperAttackHints_VagharDeps_PertruebedIntervals_cTag1.txt","/root/Downloads/for_dana/vaghar_org/paper_experiments/mnist/cnn1_exp/translation/eps_3,1/advStd_cnn1_N1_model_seed42_itr20/63915248568684_n2_cnn1_translation_3.0,1.0_ctag0_model_seed42_itr20_sgd_itr1_N2_advStd_BoundTightPertRelax0.5_SibGate_zonoBounds_varHintPrevPGD_seed4_both82_orgDrop0_pertDrop35_HyperAttackHints_VagharDeps_PerturbedIntervals_cTag1.txt",no
,,,,,,,,,,,,,,,,,,,,,,,,,,,,,,,,,,,,,,,,
cnn1,translation,"3,1",0,4,553.01,619.57,53.813611,54.343928,54.074134,54.580111,0.236184,no,off,no,yes,prev_pgd,yes,off,0.0,btpr,yes,elim not activated,elim not activated,0,0,0,0,0,4,1.12x,0.00,619.57,1.12x,0.530317,0.505977,OPTIMAL,OPTIMAL,"/root/Downloads/for_dana/vaghar_org/paper_experiments/mnist/cnn1_exp/translation/eps_3,1/vagharWithPerturbed_cnn1_model_seed42_itr20_sgd_itr1/63915207010873_cnn1_translation_3.0,1.0_ctag0__HyperAttackHints_VagharDeps_PertruebedIntervals_cTag1.txt","/root/Downloads/for_dana/vaghar_org/paper_experiments/mnist/cnn1_exp/translation/eps_3,1/advStd_cnn1_N1_model_seed42_itr20/63915247921501_n2_cnn1_translation_3.0,1.0_ctag0_model_seed42_itr20_sgd_itr1_N2_advStd_BoundTightPertRelax0.0_SibGate_zonoBounds_varHintPrevPGD_seed4_both0_orgDrop0_pertDrop0_HyperAttackHints_VagharDeps_PerturbedIntervals_cTag1.txt",no
,,,,,,,,,,,,,,,,,,,,,,,,,,,,,,,,,,,,,,,,
cnn1,translation,"3,1",0,5,547.85,561.06,54.127244,54.582090,54.416042,54.886608,0.304517,no,off,no,yes,prev_pgd,yes,off,0.5,btpr,yes,elim not activated,elim not activated,82,108,82,0,35,4,1.02x,0.00,561.06,1.02x,0.454846,0.470565,OPTIMAL,OPTIMAL,"/root/Downloads/for_dana/vaghar_org/paper_experiments/mnist/cnn1_exp/translation/eps_3,1/vagharWithPerturbed_cnn1_model_seed42_itr20_sgd_itr1/63915207010873_cnn1_translation_3.0,1.0_ctag0__HyperAttackHints_VagharDeps_PertruebedIntervals_cTag1.txt","/root/Downloads/for_dana/vaghar_org/paper_experiments/mnist/cnn1_exp/translation/eps_3,1/advStd_cnn1_N1_model_seed42_itr20/63915248568684_n2_cnn1_translation_3.0,1.0_ctag0_model_seed42_itr20_sgd_itr1_N2_advStd_BoundTightPertRelax0.5_SibGate_zonoBounds_varHintPrevPGD_seed4_both82_orgDrop0_pertDrop35_HyperAttackHints_VagharDeps_PerturbedIntervals_cTag1.txt",no
,,,,,,,,,,,,,,,,,,,,,,,,,,,,,,,,,,,,,,,,
cnn1,translation,"3,1",0,6,553.28,737.07,54.001543,54.526149,54.413775,54.907633,0.381484,no,off,no,yes,prev_pgd,yes,off,0.5,btpr,yes,elim not activated,elim not activated,82,108,82,0,35,4,1.33x,0.00,737.07,1.33x,0.524605,0.493858,OPTIMAL,OPTIMAL,"/root/Downloads/for_dana/vaghar_org/paper_experiments/mnist/cnn1_exp/translation/eps_3,1/vagharWithPerturbed_cnn1_model_seed42_itr20_sgd_itr1/63915207010873_cnn1_translation_3.0,1.0_ctag0__HyperAttackHints_VagharDeps_PertruebedIntervals_cTag1.txt","/root/Downloads/for_dana/vaghar_org/paper_experiments/mnist/cnn1_exp/translation/eps_3,1/advStd_cnn1_N1_model_seed42_itr20/63915248568684_n2_cnn1_translation_3.0,1.0_ctag0_model_seed42_itr20_sgd_itr1_N2_advStd_BoundTightPertRelax0.5_SibGate_zonoBounds_varHintPrevPGD_seed4_both82_orgDrop0_pertDrop35_HyperAttackHints_VagharDeps_PerturbedIntervals_cTag1.txt",no
,,,,,,,,,,,,,,,,,,,,,,,,,,,,,,,,,,,,,,,,
cnn1,translation,"3,1",0,7,628.08,687.81,53.944585,54.444905,54.099186,54.547421,0.102516,no,off,no,yes,prev_pgd,yes,off,0.5,btpr,yes,elim not activated,elim not activated,82,108,82,0,35,4,1.10x,0.00,687.81,1.10x,0.500320,0.448235,OPTIMAL,OPTIMAL,"/root/Downloads/for_dana/vaghar_org/paper_experiments/mnist/cnn1_exp/translation/eps_3,1/vagharWithPerturbed_cnn1_model_seed42_itr20_sgd_itr1/63915207010873_cnn1_translation_3.0,1.0_ctag0__HyperAttackHints_VagharDeps_PertruebedIntervals_cTag1.txt","/root/Downloads/for_dana/vaghar_org/paper_experiments/mnist/cnn1_exp/translation/eps_3,1/advStd_cnn1_N1_model_seed42_itr20/63915248568684_n2_cnn1_translation_3.0,1.0_ctag0_model_seed42_itr20_sgd_itr1_N2_advStd_BoundTightPertRelax0.5_SibGate_zonoBounds_varHintPrevPGD_seed4_both82_orgDrop0_pertDrop35_HyperAttackHints_VagharDeps_PerturbedIntervals_cTag1.txt",no
,,,,,,,,,,,,,,,,,,,,,,,,,,,,,,,,,,,,,,,,
cnn1,translation,"3,1",0,8,622.25,793.25,53.875454,54.380547,54.099905,54.588805,0.208258,no,off,no,yes,prev_pgd,yes,off,0.0,btpr,yes,elim not activated,elim not activated,0,0,0,0,0,4,1.27x,0.00,793.25,1.27x,0.505093,0.488900,OPTIMAL,OPTIMAL,"/root/Downloads/for_dana/vaghar_org/paper_experiments/mnist/cnn1_exp/translation/eps_3,1/vagharWithPerturbed_cnn1_model_seed42_itr20_sgd_itr1/63915207010873_cnn1_translation_3.0,1.0_ctag0__HyperAttackHints_VagharDeps_PertruebedIntervals_cTag1.txt","/root/Downloads/for_dana/vaghar_org/paper_experiments/mnist/cnn1_exp/translation/eps_3,1/advStd_cnn1_N1_model_seed42_itr20/63915247921501_n2_cnn1_translation_3.0,1.0_ctag0_model_seed42_itr20_sgd_itr1_N2_advStd_BoundTightPertRelax0.0_SibGate_zonoBounds_varHintPrevPGD_seed4_both0_orgDrop0_pertDrop0_HyperAttackHints_VagharDeps_PerturbedIntervals_cTag1.txt",no
cnn1,translation,"3,1",0,8,622.25,1065.84,53.875454,54.380547,54.309369,54.825254,0.444707,no,off,no,yes,prev_pgd,yes,off,0.5,btpr,yes,elim not activated,elim not activated,82,108,82,0,35,4,1.71x,0.00,1065.84,1.71x,0.505093,0.515885,OPTIMAL,OPTIMAL,"/root/Downloads/for_dana/vaghar_org/paper_experiments/mnist/cnn1_exp/translation/eps_3,1/vagharWithPerturbed_cnn1_model_seed42_itr20_sgd_itr1/63915207010873_cnn1_translation_3.0,1.0_ctag0__HyperAttackHints_VagharDeps_PertruebedIntervals_cTag1.txt","/root/Downloads/for_dana/vaghar_org/paper_experiments/mnist/cnn1_exp/translation/eps_3,1/advStd_cnn1_N1_model_seed42_itr20/63915248568684_n2_cnn1_translation_3.0,1.0_ctag0_model_seed42_itr20_sgd_itr1_N2_advStd_BoundTightPertRelax0.5_SibGate_zonoBounds_varHintPrevPGD_seed4_both82_orgDrop0_pertDrop35_HyperAttackHints_VagharDeps_PerturbedIntervals_cTag1.txt",no
,,,,,,,,,,,,,,,,,,,,,,,,,,,,,,,,,,,,,,,,
cnn1,translation,"3,1",0,9,3626.42,4465.60,53.354854,54.082722,53.381512,53.909501,-0.173220,no,off,no,yes,prev_pgd,yes,off,0.0,btpr,yes,elim not activated,elim not activated,0,0,0,0,0,4,1.23x,0.00,4465.60,1.23x,0.727867,0.527990,TIME_LIMIT,OPTIMAL,"/root/Downloads/for_dana/vaghar_org/paper_experiments/mnist/cnn1_exp/translation/eps_3,1/vagharWithPerturbed_cnn1_model_seed42_itr20_sgd_itr1/63915207010873_cnn1_translation_3.0,1.0_ctag0__HyperAttackHints_VagharDeps_PertruebedIntervals_cTag1.txt","/root/Downloads/for_dana/vaghar_org/paper_experiments/mnist/cnn1_exp/translation/eps_3,1/advStd_cnn1_N1_model_seed42_itr20/63915548122124_n2_cnn1_translation_3.0,1.0_ctag0_model_seed42_itr20_sgd_itr1_N2_advStd_BoundTightPertRelax0.0_SibGate_zonoBounds_varHintPrevPGD_seed4_both0_orgDrop0_pertDrop0_HyperAttackHints_VagharDeps_PerturbedIntervals_cTag1.txt",no
,,,,,,,,,,,,,,,,,,,,,,,,,,,,,,,,,,,,,,,,
cnn1,translation,"3,1",1,0,488.43,681.02,74.355115,74.953618,74.678660,75.316117,0.362499,no,off,no,yes,prev_pgd,yes,off,0.5,btpr,yes,elim not activated,elim not activated,82,108,82,0,35,4,1.39x,0.00,681.02,1.39x,0.598503,0.637457,OPTIMAL,OPTIMAL,"/root/Downloads/for_dana/vaghar_org/paper_experiments/mnist/cnn1_exp/translation/eps_3,1/vagharWithPerturbed_cnn1_model_seed42_itr20_sgd_itr1/63915217032513_cnn1_translation_3.0,1.0_ctag1__HyperAttackHints_VagharDeps_PertruebedIntervals_cTag2.txt","/root/Downloads/for_dana/vaghar_org/paper_experiments/mnist/cnn1_exp/translation/eps_3,1/advStd_cnn1_N1_model_seed42_itr20/63916054701843_n2_cnn1_translation_3.0,1.0_ctag1_model_seed42_itr20_sgd_itr1_N2_advStd_BoundTightPertRelax0.5_SibGate_zonoBounds_varHintPrevPGD_seed4_both82_orgDrop0_pertDrop35_HyperAttackHints_VagharDeps_PerturbedIntervals_cTag2.txt",no
,,,,,,,,,,,,,,,,,,,,,,,,,,,,,,,,,,,,,,,,
cnn1,translation,"3,1",1,3,263.14,283.29,74.493392,74.959298,74.950638,75.670124,0.710826,no,off,no,yes,prev_pgd,yes,off,0.5,btpr,yes,elim not activated,elim not activated,82,108,82,0,35,4,1.08x,0.00,283.29,1.08x,0.465906,0.719486,OPTIMAL,OPTIMAL,"/root/Downloads/for_dana/vaghar_org/paper_experiments/mnist/cnn1_exp/translation/eps_3,1/vagharWithPerturbed_cnn1_model_seed42_itr20_sgd_itr1/63915217032513_cnn1_translation_3.0,1.0_ctag1__HyperAttackHints_VagharDeps_PertruebedIntervals_cTag2.txt","/root/Downloads/for_dana/vaghar_org/paper_experiments/mnist/cnn1_exp/translation/eps_3,1/advStd_cnn1_N1_model_seed42_itr20/63916054701843_n2_cnn1_translation_3.0,1.0_ctag1_model_seed42_itr20_sgd_itr1_N2_advStd_BoundTightPertRelax0.5_SibGate_zonoBounds_varHintPrevPGD_seed4_both82_orgDrop0_pertDrop35_HyperAttackHints_VagharDeps_PerturbedIntervals_cTag2.txt",no
,,,,,,,,,,,,,,,,,,,,,,,,,,,,,,,,,,,,,,,,
cnn1,translation,"3,1",1,5,161.75,255.53,74.627827,75.222922,74.967032,75.671057,0.448135,no,off,no,yes,prev_pgd,yes,off,0.5,btpr,yes,elim not activated,elim not activated,82,108,82,0,35,4,1.58x,0.00,255.53,1.58x,0.595094,0.704024,OPTIMAL,OPTIMAL,"/root/Downloads/for_dana/vaghar_org/paper_experiments/mnist/cnn1_exp/translation/eps_3,1/vagharWithPerturbed_cnn1_model_seed42_itr20_sgd_itr1/63915217032513_cnn1_translation_3.0,1.0_ctag1__HyperAttackHints_VagharDeps_PertruebedIntervals_cTag2.txt","/root/Downloads/for_dana/vaghar_org/paper_experiments/mnist/cnn1_exp/translation/eps_3,1/advStd_cnn1_N1_model_seed42_itr20/63916054701843_n2_cnn1_translation_3.0,1.0_ctag1_model_seed42_itr20_sgd_itr1_N2_advStd_BoundTightPertRelax0.5_SibGate_zonoBounds_varHintPrevPGD_seed4_both82_orgDrop0_pertDrop35_HyperAttackHints_VagharDeps_PerturbedIntervals_cTag2.txt",no
,,,,,,,,,,,,,,,,,,,,,,,,,,,,,,,,,,,,,,,,
cnn1,translation,"3,1",1,6,95.84,237.57,74.389011,75.090580,75.045043,75.742258,0.651678,no,off,no,yes,prev_pgd,yes,off,0.5,btpr,yes,elim not activated,elim not activated,82,108,82,0,35,4,2.48x,0.00,237.57,2.48x,0.701569,0.697215,OPTIMAL,OPTIMAL,"/root/Downloads/for_dana/vaghar_org/paper_experiments/mnist/cnn1_exp/translation/eps_3,1/vagharWithPerturbed_cnn1_model_seed42_itr20_sgd_itr1/63915217032513_cnn1_translation_3.0,1.0_ctag1__HyperAttackHints_VagharDeps_PertruebedIntervals_cTag2.txt","/root/Downloads/for_dana/vaghar_org/paper_experiments/mnist/cnn1_exp/translation/eps_3,1/advStd_cnn1_N1_model_seed42_itr20/63917141999492_n2_cnn1_translation_3.0,1.0_ctag1_model_seed42_itr20_sgd_itr1_N2_advStd_BoundTightPertRelax0.5_SibGate_zonoBounds_varHintPrevPGD_seed4_both82_orgDrop0_pertDrop35_HyperAttackHints_VagharDeps_PerturbedIntervals_geomInt_cTag2.txt",yes
cnn1,translation,"3,1",1,6,95.84,582.14,74.389011,75.090580,75.049700,75.632769,0.542189,no,off,no,yes,prev_pgd,yes,off,0.5,btpr,yes,elim not activated,elim not activated,82,108,82,0,35,4,6.07x,0.00,582.14,6.07x,0.701569,0.583069,OPTIMAL,OPTIMAL,"/root/Downloads/for_dana/vaghar_org/paper_experiments/mnist/cnn1_exp/translation/eps_3,1/vagharWithPerturbed_cnn1_model_seed42_itr20_sgd_itr1/63915217032513_cnn1_translation_3.0,1.0_ctag1__HyperAttackHints_VagharDeps_PertruebedIntervals_cTag2.txt","/root/Downloads/for_dana/vaghar_org/paper_experiments/mnist/cnn1_exp/translation/eps_3,1/advStd_cnn1_N1_model_seed42_itr20/63916054701843_n2_cnn1_translation_3.0,1.0_ctag1_model_seed42_itr20_sgd_itr1_N2_advStd_BoundTightPertRelax0.5_SibGate_zonoBounds_varHintPrevPGD_seed4_both82_orgDrop0_pertDrop35_HyperAttackHints_VagharDeps_PerturbedIntervals_cTag2.txt",no
,,,,,,,,,,,,,,,,,,,,,,,,,,,,,,,,,,,,,,,,
cnn1,translation,"3,1",1,7,223.78,281.22,74.627129,75.314410,75.007843,75.716414,0.402004,no,off,no,yes,prev_pgd,yes,off,0.5,btpr,yes,elim not activated,elim not activated,82,108,82,0,35,4,1.26x,0.00,281.22,1.26x,0.687281,0.708572,OPTIMAL,OPTIMAL,"/root/Downloads/for_dana/vaghar_org/paper_experiments/mnist/cnn1_exp/translation/eps_3,1/vagharWithPerturbed_cnn1_model_seed42_itr20_sgd_itr1/63915217032513_cnn1_translation_3.0,1.0_ctag1__HyperAttackHints_VagharDeps_PertruebedIntervals_cTag2.txt","/root/Downloads/for_dana/vaghar_org/paper_experiments/mnist/cnn1_exp/translation/eps_3,1/advStd_cnn1_N1_model_seed42_itr20/63916054701843_n2_cnn1_translation_3.0,1.0_ctag1_model_seed42_itr20_sgd_itr1_N2_advStd_BoundTightPertRelax0.5_SibGate_zonoBounds_varHintPrevPGD_seed4_both82_orgDrop0_pertDrop35_HyperAttackHints_VagharDeps_PerturbedIntervals_cTag2.txt",no
,,,,,,,,,,,,,,,,,,,,,,,,,,,,,,,,,,,,,,,,
cnn1,translation,"3,1",2,0,720.97,759.66,73.053097,73.773765,73.292321,73.981035,0.207270,no,off,no,yes,prev_pgd,yes,off,0.5,btpr,yes,elim not activated,elim not activated,82,108,82,0,35,4,1.05x,0.00,759.66,1.05x,0.720667,0.688714,OPTIMAL,OPTIMAL,"/root/Downloads/for_dana/vaghar_org/paper_experiments/mnist/cnn1_exp/translation/eps_3,1/vagharWithPerturbed_cnn1_model_seed42_itr20_sgd_itr1/63915226975709_cnn1_translation_3.0,1.0_ctag2__HyperAttackHints_VagharDeps_PertruebedIntervals_cTag3.txt","/root/Downloads/for_dana/vaghar_org/paper_experiments/mnist/cnn1_exp/translation/eps_3,1/advStd_cnn1_N1_model_seed42_itr20/63917145942914_n2_cnn1_translation_3.0,1.0_ctag2_model_seed42_itr20_sgd_itr1_N2_advStd_BoundTightPertRelax0.5_SibGate_zonoBounds_varHintPrevPGD_seed4_both82_orgDrop0_pertDrop35_HyperAttackHints_VagharDeps_PerturbedIntervals_geomInt_cTag3.txt",yes
cnn1,translation,"3,1",2,0,720.97,1412.12,73.053097,73.773765,73.292321,73.981035,0.207270,no,off,no,yes,prev_pgd,yes,off,0.5,btpr,yes,elim not activated,elim not activated,82,108,82,0,35,4,1.96x,0.00,1412.12,1.96x,0.720667,0.688714,OPTIMAL,OPTIMAL,"/root/Downloads/for_dana/vaghar_org/paper_experiments/mnist/cnn1_exp/translation/eps_3,1/vagharWithPerturbed_cnn1_model_seed42_itr20_sgd_itr1/63915226975709_cnn1_translation_3.0,1.0_ctag2__HyperAttackHints_VagharDeps_PertruebedIntervals_cTag3.txt","/root/Downloads/for_dana/vaghar_org/paper_experiments/mnist/cnn1_exp/translation/eps_3,1/advStd_cnn1_N1_model_seed42_itr20/63916334626778_n2_cnn1_translation_3.0,1.0_ctag2_model_seed42_itr20_sgd_itr1_N2_advStd_BoundTightPertRelax0.5_SibGate_zonoBounds_varHintPrevPGD_seed4_both82_orgDrop0_pertDrop35_HyperAttackHints_VagharDeps_PerturbedIntervals_cTag3.txt",no
,,,,,,,,,,,,,,,,,,,,,,,,,,,,,,,,,,,,,,,,
cnn1,translation,"3,1",2,6,691.38,994.09,72.896889,73.614877,73.253907,73.934874,0.319997,no,off,no,yes,prev_pgd,yes,off,0.5,btpr,yes,elim not activated,elim not activated,82,108,82,0,35,4,1.44x,0.00,994.09,1.44x,0.717988,0.680968,OPTIMAL,OPTIMAL,"/root/Downloads/for_dana/vaghar_org/paper_experiments/mnist/cnn1_exp/translation/eps_3,1/vagharWithPerturbed_cnn1_model_seed42_itr20_sgd_itr1/63915226975709_cnn1_translation_3.0,1.0_ctag2__HyperAttackHints_VagharDeps_PertruebedIntervals_cTag3.txt","/root/Downloads/for_dana/vaghar_org/paper_experiments/mnist/cnn1_exp/translation/eps_3,1/advStd_cnn1_N1_model_seed42_itr20/63917145942914_n2_cnn1_translation_3.0,1.0_ctag2_model_seed42_itr20_sgd_itr1_N2_advStd_BoundTightPertRelax0.5_SibGate_zonoBounds_varHintPrevPGD_seed4_both82_orgDrop0_pertDrop35_HyperAttackHints_VagharDeps_PerturbedIntervals_geomInt_cTag3.txt",yes
cnn1,translation,"3,1",2,6,691.38,1189.31,72.896889,73.614877,73.253907,73.934874,0.319997,no,off,no,yes,prev_pgd,yes,off,0.5,btpr,yes,elim not activated,elim not activated,82,108,82,0,35,4,1.72x,0.00,1189.31,1.72x,0.717988,0.680968,OPTIMAL,OPTIMAL,"/root/Downloads/for_dana/vaghar_org/paper_experiments/mnist/cnn1_exp/translation/eps_3,1/vagharWithPerturbed_cnn1_model_seed42_itr20_sgd_itr1/63915226975709_cnn1_translation_3.0,1.0_ctag2__HyperAttackHints_VagharDeps_PertruebedIntervals_cTag3.txt","/root/Downloads/for_dana/vaghar_org/paper_experiments/mnist/cnn1_exp/translation/eps_3,1/advStd_cnn1_N1_model_seed42_itr20/63916334626778_n2_cnn1_translation_3.0,1.0_ctag2_model_seed42_itr20_sgd_itr1_N2_advStd_BoundTightPertRelax0.5_SibGate_zonoBounds_varHintPrevPGD_seed4_both82_orgDrop0_pertDrop35_HyperAttackHints_VagharDeps_PerturbedIntervals_cTag3.txt",no
,,,,,,,,,,,,,,,,,,,,,,,,,,,,,,,,,,,,,,,,
cnn1,translation,"3,1",2,7,714.62,1185.49,73.185827,73.893779,73.307400,74.009232,0.115452,no,off,no,yes,prev_pgd,yes,off,0.5,btpr,yes,elim not activated,elim not activated,82,108,82,0,35,4,1.66x,0.00,1185.49,1.66x,0.707953,0.701832,OPTIMAL,OPTIMAL,"/root/Downloads/for_dana/vaghar_org/paper_experiments/mnist/cnn1_exp/translation/eps_3,1/vagharWithPerturbed_cnn1_model_seed42_itr20_sgd_itr1/63915226975709_cnn1_translation_3.0,1.0_ctag2__HyperAttackHints_VagharDeps_PertruebedIntervals_cTag3.txt","/root/Downloads/for_dana/vaghar_org/paper_experiments/mnist/cnn1_exp/translation/eps_3,1/advStd_cnn1_N1_model_seed42_itr20/63917145942914_n2_cnn1_translation_3.0,1.0_ctag2_model_seed42_itr20_sgd_itr1_N2_advStd_BoundTightPertRelax0.5_SibGate_zonoBounds_varHintPrevPGD_seed4_both82_orgDrop0_pertDrop35_HyperAttackHints_VagharDeps_PerturbedIntervals_geomInt_cTag3.txt",yes
cnn1,translation,"3,1",2,7,714.62,1240.10,73.185827,73.893779,73.307400,74.009232,0.115452,no,off,no,yes,prev_pgd,yes,off,0.5,btpr,yes,elim not activated,elim not activated,82,108,82,0,35,4,1.74x,0.00,1240.10,1.74x,0.707953,0.701832,OPTIMAL,OPTIMAL,"/root/Downloads/for_dana/vaghar_org/paper_experiments/mnist/cnn1_exp/translation/eps_3,1/vagharWithPerturbed_cnn1_model_seed42_itr20_sgd_itr1/63915226975709_cnn1_translation_3.0,1.0_ctag2__HyperAttackHints_VagharDeps_PertruebedIntervals_cTag3.txt","/root/Downloads/for_dana/vaghar_org/paper_experiments/mnist/cnn1_exp/translation/eps_3,1/advStd_cnn1_N1_model_seed42_itr20/63916334626778_n2_cnn1_translation_3.0,1.0_ctag2_model_seed42_itr20_sgd_itr1_N2_advStd_BoundTightPertRelax0.5_SibGate_zonoBounds_varHintPrevPGD_seed4_both82_orgDrop0_pertDrop35_HyperAttackHints_VagharDeps_PerturbedIntervals_cTag3.txt",no
,,,,,,,,,,,,,,,,,,,,,,,,,,,,,,,,,,,,,,,,
cnn1,translation,"3,1",2,8,664.96,1283.27,73.156015,73.834258,73.216213,73.942522,0.108264,no,off,no,yes,prev_pgd,yes,off,0.5,btpr,yes,elim not activated,elim not activated,82,108,82,0,35,4,1.93x,0.00,1283.27,1.93x,0.678243,0.726309,OPTIMAL,OPTIMAL,"/root/Downloads/for_dana/vaghar_org/paper_experiments/mnist/cnn1_exp/translation/eps_3,1/vagharWithPerturbed_cnn1_model_seed42_itr20_sgd_itr1/63915226975709_cnn1_translation_3.0,1.0_ctag2__HyperAttackHints_VagharDeps_PertruebedIntervals_cTag3.txt","/root/Downloads/for_dana/vaghar_org/paper_experiments/mnist/cnn1_exp/translation/eps_3,1/advStd_cnn1_N1_model_seed42_itr20/63917145942914_n2_cnn1_translation_3.0,1.0_ctag2_model_seed42_itr20_sgd_itr1_N2_advStd_BoundTightPertRelax0.5_SibGate_zonoBounds_varHintPrevPGD_seed4_both82_orgDrop0_pertDrop35_HyperAttackHints_VagharDeps_PerturbedIntervals_geomInt_cTag3.txt",yes
cnn1,translation,"3,1",2,8,664.96,1692.71,73.156015,73.834258,73.216213,73.942522,0.108264,no,off,no,yes,prev_pgd,yes,off,0.5,btpr,yes,elim not activated,elim not activated,82,108,82,0,35,4,2.55x,0.00,1692.71,2.55x,0.678243,0.726309,OPTIMAL,OPTIMAL,"/root/Downloads/for_dana/vaghar_org/paper_experiments/mnist/cnn1_exp/translation/eps_3,1/vagharWithPerturbed_cnn1_model_seed42_itr20_sgd_itr1/63915226975709_cnn1_translation_3.0,1.0_ctag2__HyperAttackHints_VagharDeps_PertruebedIntervals_cTag3.txt","/root/Downloads/for_dana/vaghar_org/paper_experiments/mnist/cnn1_exp/translation/eps_3,1/advStd_cnn1_N1_model_seed42_itr20/63916334626778_n2_cnn1_translation_3.0,1.0_ctag2_model_seed42_itr20_sgd_itr1_N2_advStd_BoundTightPertRelax0.5_SibGate_zonoBounds_varHintPrevPGD_seed4_both82_orgDrop0_pertDrop35_HyperAttackHints_VagharDeps_PerturbedIntervals_cTag3.txt",no
,,,,,,,,,,,,,,,,,,,,,,,,,,,,,,,,,,,,,,,,
cnn1,translation,"3,3",0,3,726.30,847.35,53.855106,54.373537,54.069838,54.501960,0.128423,no,off,no,yes,prev_pgd,yes,off,0.5,btpr,yes,elim not activated,elim not activated,82,108,82,0,35,4,1.17x,0.00,847.35,1.17x,0.518431,0.432122,OPTIMAL,OPTIMAL,"/root/Downloads/for_dana/vaghar_org/paper_experiments/mnist/cnn1_exp/translation/eps_3,3/vagharWithPerturbed_cnn1_model_seed42_itr20_sgd_itr1/63915207053112_cnn1_translation_3.0,3.0_ctag0__HyperAttackHints_VagharDeps_PertruebedIntervals_cTag1.txt","/root/Downloads/for_dana/vaghar_org/paper_experiments/mnist/cnn1_exp/translation/eps_3,3/advStd_cnn1_N1_model_seed42_itr20/63917170498880_n2_cnn1_translation_3.0,3.0_ctag0_model_seed42_itr20_sgd_itr1_N2_advStd_BoundTightPertRelax0.5_SibGate_zonoBounds_varHintPrevPGD_seed4_both82_orgDrop0_pertDrop35_HyperAttackHints_VagharDeps_PerturbedIntervals_geomInt_cTag1.txt",yes
,,,,,,,,,,,,,,,,,,,,,,,,,,,,,,,,,,,,,,,,
cnn1,translation,"3,3",0,8,408.27,3615.70,54.280256,54.798858,54.454798,56.934639,2.135781,no,off,no,yes,prev_pgd,yes,off,0.5,btpr,yes,elim not activated,elim not activated,82,108,82,0,35,4,8.86x,0.00,3615.70,8.86x,0.518602,2.479841,OPTIMAL,TIME_LIMIT,"/root/Downloads/for_dana/vaghar_org/paper_experiments/mnist/cnn1_exp/translation/eps_3,3/vagharWithPerturbed_cnn1_model_seed42_itr20_sgd_itr1/63915207053112_cnn1_translation_3.0,3.0_ctag0__HyperAttackHints_VagharDeps_PertruebedIntervals_cTag1.txt","/root/Downloads/for_dana/vaghar_org/paper_experiments/mnist/cnn1_exp/translation/eps_3,3/advStd_cnn1_N1_model_seed42_itr20/63915259287967_n2_cnn1_translation_3.0,3.0_ctag0_model_seed42_itr20_sgd_itr1_N2_advStd_BoundTightPertRelax0.5_SibGate_zonoBounds_varHintPrevPGD_seed4_both82_orgDrop0_pertDrop35_HyperAttackHints_VagharDeps_PerturbedIntervals_cTag1.txt",no
cnn1,translation,"3,3",0,8,408.27,10816.87,54.280256,54.798858,54.454798,56.934639,2.135781,no,off,no,yes,prev_pgd,yes,off,0.5,btpr,yes,elim not activated,elim not activated,82,108,82,0,35,4,26.49x,0.00,10816.87,26.49x,0.518602,2.479841,OPTIMAL,TIME_LIMIT,"/root/Downloads/for_dana/vaghar_org/paper_experiments/mnist/cnn1_exp/translation/eps_3,3/vagharWithPerturbed_cnn1_model_seed42_itr20_sgd_itr1/63915207053112_cnn1_translation_3.0,3.0_ctag0__HyperAttackHints_VagharDeps_PertruebedIntervals_cTag1.txt","/root/Downloads/for_dana/vaghar_org/paper_experiments/mnist/cnn1_exp/translation/eps_3,3/advStd_cnn1_N1_model_seed42_itr20/63915807577941_n2_cnn1_translation_3.0,3.0_ctag0_model_seed42_itr20_sgd_itr1_N2_advStd_BoundTightPertRelax0.5_SibGate_zonoBounds_varHintPrevPGD_seed4_both82_orgDrop0_pertDrop35_HyperAttackHints_VagharDeps_PerturbedIntervals_cTag1.txt",no
cnn1,translation,"3,3",0,8,408.27,10819.04,54.280256,54.798858,54.454798,56.934639,2.135781,no,off,no,yes,prev_pgd,yes,off,0.5,btpr,yes,elim not activated,elim not activated,82,108,82,0,35,4,26.50x,0.00,10819.04,26.50x,0.518602,2.479841,OPTIMAL,TIME_LIMIT,"/root/Downloads/for_dana/vaghar_org/paper_experiments/mnist/cnn1_exp/translation/eps_3,3/vagharWithPerturbed_cnn1_model_seed42_itr20_sgd_itr1/63915207053112_cnn1_translation_3.0,3.0_ctag0__HyperAttackHints_VagharDeps_PertruebedIntervals_cTag1.txt","/root/Downloads/for_dana/vaghar_org/paper_experiments/mnist/cnn1_exp/translation/eps_3,3/advStd_cnn1_N1_model_seed42_itr20/63915548120639_n2_cnn1_translation_3.0,3.0_ctag0_model_seed42_itr20_sgd_itr1_N2_advStd_BoundTightPertRelax0.5_SibGate_zonoBounds_varHintPrevPGD_seed4_both82_orgDrop0_pertDrop35_HyperAttackHints_VagharDeps_PerturbedIntervals_cTag1.txt",no
cnn1,translation,"3,3",0,8,408.27,10818.74,54.280256,54.798858,54.454798,56.934639,2.135781,no,off,no,yes,prev_pgd,yes,off,0.5,btpr,yes,elim not activated,elim not activated,82,108,82,0,35,4,26.50x,0.00,10818.74,26.50x,0.518602,2.479841,OPTIMAL,TIME_LIMIT,"/root/Downloads/for_dana/vaghar_org/paper_experiments/mnist/cnn1_exp/translation/eps_3,3/vagharWithPerturbed_cnn1_model_seed42_itr20_sgd_itr1/63915207053112_cnn1_translation_3.0,3.0_ctag0__HyperAttackHints_VagharDeps_PertruebedIntervals_cTag1.txt","/root/Downloads/for_dana/vaghar_org/paper_experiments/mnist/cnn1_exp/translation/eps_3,3/advStd_cnn1_N1_model_seed42_itr20/63916421454114_n2_cnn1_translation_3.0,3.0_ctag0_model_seed42_itr20_sgd_itr1_N2_advStd_BoundTightPertRelax0.5_SibGate_zonoBounds_varHintPrevPGD_seed4_both82_orgDrop0_pertDrop35_HyperAttackHints_VagharDeps_PerturbedIntervals_cTag1.txt",no
cnn1,translation,"3,3",0,8,408.27,10822.10,54.280256,54.798858,54.454798,56.934639,2.135781,no,off,no,yes,prev_pgd,yes,off,0.5,btpr,yes,elim not activated,elim not activated,82,108,82,0,35,4,26.51x,0.00,10822.10,26.51x,0.518602,2.479841,OPTIMAL,TIME_LIMIT,"/root/Downloads/for_dana/vaghar_org/paper_experiments/mnist/cnn1_exp/translation/eps_3,3/vagharWithPerturbed_cnn1_model_seed42_itr20_sgd_itr1/63915207053112_cnn1_translation_3.0,3.0_ctag0__HyperAttackHints_VagharDeps_PertruebedIntervals_cTag1.txt","/root/Downloads/for_dana/vaghar_org/paper_experiments/mnist/cnn1_exp/translation/eps_3,3/advStd_cnn1_N1_model_seed42_itr20/63917170498880_n2_cnn1_translation_3.0,3.0_ctag0_model_seed42_itr20_sgd_itr1_N2_advStd_BoundTightPertRelax0.5_SibGate_zonoBounds_varHintPrevPGD_seed4_both82_orgDrop0_pertDrop35_HyperAttackHints_VagharDeps_PerturbedIntervals_geomInt_cTag1.txt",yes
,,,,,,,,,,,,,,,,,,,,,,,,,,,,,,,,,,,,,,,,
cnn1,translation,"3,3",0,9,3612.96,9442.97,52.086110,53.676981,52.111239,52.629864,-1.047117,no,off,no,yes,prev_pgd,yes,off,0.0,btpr,yes,elim not activated,elim not activated,0,0,0,0,0,4,2.61x,0.00,9442.97,2.61x,1.590871,0.518625,TIME_LIMIT,OPTIMAL,"/root/Downloads/for_dana/vaghar_org/paper_experiments/mnist/cnn1_exp/translation/eps_3,3/vagharWithPerturbed_cnn1_model_seed42_itr20_sgd_itr1/63915207053112_cnn1_translation_3.0,3.0_ctag0__HyperAttackHints_VagharDeps_PertruebedIntervals_cTag1.txt","/root/Downloads/for_dana/vaghar_org/paper_experiments/mnist/cnn1_exp/translation/eps_3,3/advStd_cnn1_N1_model_seed42_itr20/63915548121531_n2_cnn1_translation_3.0,3.0_ctag0_model_seed42_itr20_sgd_itr1_N2_advStd_BoundTightPertRelax0.0_SibGate_zonoBounds_varHintPrevPGD_seed4_both0_orgDrop0_pertDrop0_HyperAttackHints_VagharDeps_PerturbedIntervals_cTag1.txt",no
,,,,,,,,,,,,,,,,,,,,,,,,,,,,,,,,,,,,,,,,
cnn1,translation,"3,3",1,0,3619.92,8929.92,71.683286,73.811056,71.987355,72.702853,-1.108203,no,off,no,yes,prev_pgd,yes,off,0.5,btpr,yes,elim not activated,elim not activated,82,108,82,0,35,4,2.47x,0.00,8929.92,2.47x,2.127770,0.715499,TIME_LIMIT,OPTIMAL,"/root/Downloads/for_dana/vaghar_org/paper_experiments/mnist/cnn1_exp/translation/eps_3,3/vagharWithPerturbed_cnn1_model_seed42_itr20_sgd_itr1/63915217510684_cnn1_translation_3.0,3.0_ctag1__HyperAttackHints_VagharDeps_PertruebedIntervals_cTag2.txt","/root/Downloads/for_dana/vaghar_org/paper_experiments/mnist/cnn1_exp/translation/eps_3,3/advStd_cnn1_N1_model_seed42_itr20/63916068516994_n2_cnn1_translation_3.0,3.0_ctag1_model_seed42_itr20_sgd_itr1_N2_advStd_BoundTightPertRelax0.5_SibGate_zonoBounds_varHintPrevPGD_seed4_both82_orgDrop0_pertDrop35_HyperAttackHints_VagharDeps_PerturbedIntervals_cTag2.txt",no
,,,,,,,,,,,,,,,,,,,,,,,,,,,,,,,,,,,,,,,,
cnn1,translation,"3,3",1,5,3624.51,5889.43,73.335232,74.654632,73.596630,74.328200,-0.326433,no,off,no,yes,prev_pgd,yes,off,0.5,btpr,yes,elim not activated,elim not activated,82,108,82,0,35,4,1.62x,0.00,5889.43,1.62x,1.319401,0.731570,TIME_LIMIT,OPTIMAL,"/root/Downloads/for_dana/vaghar_org/paper_experiments/mnist/cnn1_exp/translation/eps_3,3/vagharWithPerturbed_cnn1_model_seed42_itr20_sgd_itr1/63915217510684_cnn1_translation_3.0,3.0_ctag1__HyperAttackHints_VagharDeps_PertruebedIntervals_cTag2.txt","/root/Downloads/for_dana/vaghar_org/paper_experiments/mnist/cnn1_exp/translation/eps_3,3/advStd_cnn1_N1_model_seed42_itr20/63917170777974_n2_cnn1_translation_3.0,3.0_ctag1_model_seed42_itr20_sgd_itr1_N2_advStd_BoundTightPertRelax0.5_SibGate_zonoBounds_varHintPrevPGD_seed4_both82_orgDrop0_pertDrop35_HyperAttackHints_VagharDeps_PerturbedIntervals_geomInt_cTag2.txt",yes
,,,,,,,,,,,,,,,,,,,,,,,,,,,,,,,,,,,,,,,,
cnn1,translation,"3,3",1,6,3623.87,8717.89,71.740953,73.598155,72.031492,72.743674,-0.854481,no,off,no,yes,prev_pgd,yes,off,0.5,btpr,yes,elim not activated,elim not activated,82,108,82,0,35,4,2.41x,0.00,8717.89,2.41x,1.857202,0.712182,TIME_LIMIT,OPTIMAL,"/root/Downloads/for_dana/vaghar_org/paper_experiments/mnist/cnn1_exp/translation/eps_3,3/vagharWithPerturbed_cnn1_model_seed42_itr20_sgd_itr1/63915217510684_cnn1_translation_3.0,3.0_ctag1__HyperAttackHints_VagharDeps_PertruebedIntervals_cTag2.txt","/root/Downloads/for_dana/vaghar_org/paper_experiments/mnist/cnn1_exp/translation/eps_3,3/advStd_cnn1_N1_model_seed42_itr20/63916440809505_n2_cnn1_translation_3.0,3.0_ctag1_model_seed42_itr20_sgd_itr1_N2_advStd_BoundTightPertRelax0.5_SibGate_zonoBounds_varHintPrevPGD_seed4_both82_orgDrop0_pertDrop35_HyperAttackHints_VagharDeps_PerturbedIntervals_cTag2.txt",no
,,,,,,,,,,,,,,,,,,,,,,,,,,,,,,,,,,,,,,,,
cnn1,translation,"3,3",2,3,484.50,654.88,73.060109,73.785150,73.470811,74.178335,0.393185,no,off,no,yes,prev_pgd,yes,off,0.5,btpr,yes,elim not activated,elim not activated,82,108,82,0,35,4,1.35x,0.00,654.88,1.35x,0.725041,0.707525,OPTIMAL,OPTIMAL,"/root/Downloads/for_dana/vaghar_org/paper_experiments/mnist/cnn1_exp/translation/eps_3,3/vagharWithPerturbed_cnn1_model_seed42_itr20_sgd_itr1/63915229083887_cnn1_translation_3.0,3.0_ctag2__HyperAttackHints_VagharDeps_PertruebedIntervals_cTag3.txt","/root/Downloads/for_dana/vaghar_org/paper_experiments/mnist/cnn1_exp/translation/eps_3,3/advStd_cnn1_N1_model_seed42_itr20/63916441410618_n2_cnn1_translation_3.0,3.0_ctag2_model_seed42_itr20_sgd_itr1_N2_advStd_BoundTightPertRelax0.5_SibGate_zonoBounds_varHintPrevPGD_seed4_both82_orgDrop0_pertDrop35_HyperAttackHints_VagharDeps_PerturbedIntervals_cTag3.txt",no
cnn1,translation,"3,3",2,3,484.50,877.94,73.060109,73.785150,73.470811,74.178335,0.393185,no,off,no,yes,prev_pgd,yes,off,0.5,btpr,yes,elim not activated,elim not activated,82,108,82,0,35,4,1.81x,0.00,877.94,1.81x,0.725041,0.707525,OPTIMAL,OPTIMAL,"/root/Downloads/for_dana/vaghar_org/paper_experiments/mnist/cnn1_exp/translation/eps_3,3/vagharWithPerturbed_cnn1_model_seed42_itr20_sgd_itr1/63915229083887_cnn1_translation_3.0,3.0_ctag2__HyperAttackHints_VagharDeps_PertruebedIntervals_cTag3.txt","/root/Downloads/for_dana/vaghar_org/paper_experiments/mnist/cnn1_exp/translation/eps_3,3/advStd_cnn1_N1_model_seed42_itr20/63917178463976_n2_cnn1_translation_3.0,3.0_ctag2_model_seed42_itr20_sgd_itr1_N2_advStd_BoundTightPertRelax0.5_SibGate_zonoBounds_varHintPrevPGD_seed4_both82_orgDrop0_pertDrop35_HyperAttackHints_VagharDeps_PerturbedIntervals_geomInt_cTag3.txt",yes
,,,,,,,,,,,,,,,,,,,,,,,,,,,,,,,,,,,,,,,,
cnn1,translation,"3,3",2,5,3614.55,9443.04,72.378642,73.207741,72.570205,73.295887,0.088145,no,off,no,yes,prev_pgd,yes,off,0.5,btpr,yes,elim not activated,elim not activated,82,108,82,0,35,4,2.61x,0.00,9443.04,2.61x,0.829099,0.725682,TIME_LIMIT,OPTIMAL,"/root/Downloads/for_dana/vaghar_org/paper_experiments/mnist/cnn1_exp/translation/eps_3,3/vagharWithPerturbed_cnn1_model_seed42_itr20_sgd_itr1/63915229083887_cnn1_translation_3.0,3.0_ctag2__HyperAttackHints_VagharDeps_PertruebedIntervals_cTag3.txt","/root/Downloads/for_dana/vaghar_org/paper_experiments/mnist/cnn1_exp/translation/eps_3,3/advStd_cnn1_N1_model_seed42_itr20/63916441410618_n2_cnn1_translation_3.0,3.0_ctag2_model_seed42_itr20_sgd_itr1_N2_advStd_BoundTightPertRelax0.5_SibGate_zonoBounds_varHintPrevPGD_seed4_both82_orgDrop0_pertDrop35_HyperAttackHints_VagharDeps_PerturbedIntervals_cTag3.txt",no
cnn1,translation,"3,3",2,5,3614.55,9925.71,72.378642,73.207741,72.570205,73.295887,0.088145,no,off,no,yes,prev_pgd,yes,off,0.5,btpr,yes,elim not activated,elim not activated,82,108,82,0,35,4,2.75x,0.00,9925.71,2.75x,0.829099,0.725682,TIME_LIMIT,OPTIMAL,"/root/Downloads/for_dana/vaghar_org/paper_experiments/mnist/cnn1_exp/translation/eps_3,3/vagharWithPerturbed_cnn1_model_seed42_itr20_sgd_itr1/63915229083887_cnn1_translation_3.0,3.0_ctag2__HyperAttackHints_VagharDeps_PertruebedIntervals_cTag3.txt","/root/Downloads/for_dana/vaghar_org/paper_experiments/mnist/cnn1_exp/translation/eps_3,3/advStd_cnn1_N1_model_seed42_itr20/63917178463976_n2_cnn1_translation_3.0,3.0_ctag2_model_seed42_itr20_sgd_itr1_N2_advStd_BoundTightPertRelax0.5_SibGate_zonoBounds_varHintPrevPGD_seed4_both82_orgDrop0_pertDrop35_HyperAttackHints_VagharDeps_PerturbedIntervals_geomInt_cTag3.txt",yes
