dataset,arch,model,perturbation,size,layer,neuron,l_org,u_org,l_pert,u_pert,guard_ge,guard_le,min_bound,min_val,max_bound,max_val,verdict_ge,verdict_le,old_stamp_ge,old_stamp_le,old_val_min,old_val_max,fired_ge,fired_le,witness_ok,witness_z,witness_zp,probe_sec,witness_file
cifar10,cnn1,model_seed42_itr19_sgd_itr1,linf,0.1,1,1,-3.788464061450213,6.693761674687266,-3.788464061450213,6.693761674687266,true,true,-1.048222573613748,-1.048222573613748,1.0482225736137485,1.0482225736137485,WRONG,WRONG,false,false,-1.048222573613748,1.0482225736137485,false,false,true,0.0,1.0482225736137474,5.561,cifar10__cnn1__linf__0.1__model_seed42_itr19_sgd_itr1_w1.bin
cifar10,cnn1,model_seed42_itr19_sgd_itr1,linf,0.1,1,2,-3.788464061450213,6.693761674687266,-3.788464061450213,6.693761674687266,true,true,-1.0482225736137478,-1.0482225736137478,1.0482225736137485,1.0482225736137485,WRONG,WRONG,false,false,-1.0482225736137478,1.0482225736137485,false,false,true,7.424616477180734e-16,1.0482225736137487,4.66,cifar10__cnn1__linf__0.1__model_seed42_itr19_sgd_itr1_w2.bin
cifar10,cnn1,model_seed42_itr19_sgd_itr1,linf,0.1,1,3,-3.788464061450213,6.693761674687266,-3.788464061450213,6.693761674687266,true,true,-1.048222573613748,-1.048222573613748,1.0482225736137485,1.0482225736137485,WRONG,WRONG,false,false,-1.048222573613748,1.0482225736137485,false,false,true,3.2612801348363973e-16,1.048222573613748,4.48,cifar10__cnn1__linf__0.1__model_seed42_itr19_sgd_itr1_w3.bin
cifar10,cnn1,model_seed42_itr19_sgd_itr1,linf,0.1,1,4,-3.788464061450213,6.693761674687266,-3.788464061450213,6.693761674687266,true,true,-1.0482225736137483,-1.0482225736137483,1.0482225736137487,1.0482225736137487,WRONG,WRONG,false,false,-1.0482225736137483,1.0482225736137487,false,false,true,0.0,1.0482225736137476,3.965,cifar10__cnn1__linf__0.1__model_seed42_itr19_sgd_itr1_w4.bin
cifar10,cnn1,model_seed42_itr19_sgd_itr1,linf,0.1,1,5,-3.788464061450213,6.693761674687266,-3.788464061450213,6.693761674687266,true,true,-1.0482225736137476,-1.0482225736137476,1.0482225736137476,1.0482225736137476,WRONG,WRONG,false,false,-1.0482225736137476,1.0482225736137476,false,false,true,0.0,1.0482225736137478,4.75,cifar10__cnn1__linf__0.1__model_seed42_itr19_sgd_itr1_w5.bin
cifar10,cnn1,model_seed42_itr19_sgd_itr1,linf,0.1,1,6,-3.788464061450213,6.693761674687266,-3.788464061450213,6.693761674687266,true,true,-1.0482225736137483,-1.0482225736137483,1.048222573613748,1.048222573613748,WRONG,WRONG,false,false,-1.0482225736137483,1.048222573613748,false,false,true,1.1102230246251565e-16,1.048222573613748,3.981,cifar10__cnn1__linf__0.1__model_seed42_itr19_sgd_itr1_w6.bin
cifar10,cnn1,model_seed42_itr19_sgd_itr1,linf,0.1,1,7,-3.788464061450213,6.693761674687266,-3.788464061450213,6.693761674687266,true,true,-1.0482225736137485,-1.0482225736137485,1.0482225736137483,1.0482225736137483,WRONG,WRONG,false,false,-1.0482225736137485,1.0482225736137483,false,false,true,3.3306690738754696e-16,1.0482225736137483,5.584,cifar10__cnn1__linf__0.1__model_seed42_itr19_sgd_itr1_w7.bin
cifar10,cnn1,model_seed42_itr19_sgd_itr1,linf,0.1,1,8,-3.788464061450213,6.693761674687266,-3.788464061450213,6.693761674687266,true,true,-1.0482225736137485,-1.0482225736137485,1.0482225736137483,1.0482225736137483,WRONG,WRONG,false,false,-1.0482225736137485,1.0482225736137483,false,false,true,5.551115123125783e-16,1.048222573613749,4.59,cifar10__cnn1__linf__0.1__model_seed42_itr19_sgd_itr1_w8.bin
cifar10,cnn1,model_seed42_itr19_sgd_itr1,linf,0.1,1,9,-3.788464061450213,6.693761674687266,-3.788464061450213,6.693761674687266,true,true,-1.0482225736137483,-1.0482225736137483,1.0482225736137485,1.0482225736137485,WRONG,WRONG,false,false,-1.0482225736137483,1.0482225736137485,false,false,true,1.3877787807814457e-16,1.0482225736137476,5.392,cifar10__cnn1__linf__0.1__model_seed42_itr19_sgd_itr1_w9.bin
cifar10,cnn1,model_seed42_itr19_sgd_itr1,linf,0.1,1,10,-3.788464061450213,6.693761674687266,-3.788464061450213,6.693761674687266,true,true,-1.048222573613748,-1.048222573613748,1.0482225736137487,1.0482225736137487,WRONG,WRONG,true,false,0.0,1.048222573613748,true,false,true,0.0,1.0482225736137478,9.135,cifar10__cnn1__linf__0.1__model_seed42_itr19_sgd_itr1_w10.bin
cifar10,cnn1,model_seed42_itr19_sgd_itr1,linf,0.1,1,11,-3.788464061450213,6.693761674687266,-3.788464061450213,6.693761674687266,true,true,-1.0482225736137483,-1.0482225736137483,1.0482225736137478,1.0482225736137478,WRONG,WRONG,false,false,-1.0482225736137483,1.0482225736137478,false,false,true,1.1102230246251565e-16,1.048222573613748,4.507,cifar10__cnn1__linf__0.1__model_seed42_itr19_sgd_itr1_w11.bin
cifar10,cnn1,model_seed42_itr19_sgd_itr1,linf,0.1,1,12,-3.788464061450213,6.693761674687266,-3.788464061450213,6.693761674687266,true,true,-1.0482225736137478,-1.0482225736137478,1.0482225736137478,1.0482225736137478,WRONG,WRONG,false,false,-1.0482225736137478,1.0482225736137478,false,false,true,0.0,1.0482225736137478,5.561,cifar10__cnn1__linf__0.1__model_seed42_itr19_sgd_itr1_w12.bin
cifar10,cnn1,model_seed42_itr19_sgd_itr1,linf,0.1,1,13,-3.788464061450213,6.693761674687266,-3.788464061450213,6.693761674687266,true,true,-1.0482225736137478,-1.0482225736137478,1.048222573613748,1.048222573613748,WRONG,WRONG,false,false,-1.0482225736137478,1.048222573613748,false,false,true,0.0,1.0482225736137476,5.28,cifar10__cnn1__linf__0.1__model_seed42_itr19_sgd_itr1_w13.bin
cifar10,cnn1,model_seed42_itr19_sgd_itr1,linf,0.1,1,14,-3.788464061450213,6.693761674687266,-3.788464061450213,6.693761674687266,true,true,-1.0482225736137492,-1.0482225736137492,1.0482225736137485,1.0482225736137485,WRONG,WRONG,false,false,-1.0482225736137492,1.0482225736137485,false,false,true,5.551115123125783e-17,1.0482225736137478,4.364,cifar10__cnn1__linf__0.1__model_seed42_itr19_sgd_itr1_w14.bin
cifar10,cnn1,model_seed42_itr19_sgd_itr1,linf,0.1,1,15,-3.788464061450213,6.693761674687266,-3.788464061450213,6.693761674687266,true,true,-1.048222573613748,-1.048222573613748,1.0482225736137485,1.0482225736137485,WRONG,WRONG,false,false,-1.048222573613748,1.0482225736137485,false,false,true,0.0,1.0482225736137476,5.331,cifar10__cnn1__linf__0.1__model_seed42_itr19_sgd_itr1_w15.bin
cifar10,cnn1,model_seed42_itr19_sgd_itr1,linf,0.1,1,16,-3.788464061450213,6.693761674687266,-3.788464061450213,6.693761674687266,true,true,-1.0482225736137483,-1.0482225736137483,1.048222573613748,1.0138708427767331,WRONG,WRONG,false,false,-1.0482225736137483,1.048222573613748,false,false,true,2.220446049250313e-16,1.0482225736137483,5.757,cifar10__cnn1__linf__0.1__model_seed42_itr19_sgd_itr1_w16.bin
cifar10,cnn1,model_seed42_itr19_sgd_itr1,linf,0.1,1,17,-3.788464061450213,6.693761674687266,-3.788464061450213,6.693761674687266,true,true,-1.048222573613748,-1.048222573613748,1.048222573613748,1.048222573613748,WRONG,WRONG,false,false,-1.048222573613748,1.048222573613748,false,false,true,0.0,1.0482225736137476,5.45,cifar10__cnn1__linf__0.1__model_seed42_itr19_sgd_itr1_w17.bin
cifar10,cnn1,model_seed42_itr19_sgd_itr1,linf,0.1,1,18,-3.788464061450213,6.693761674687266,-3.788464061450213,6.693761674687266,true,true,-1.0482225736137478,-1.0482225736137478,1.0482225736137485,1.0482225736137485,WRONG,WRONG,false,false,-1.048222573613748,1.048222573613748,false,false,true,1.1102230246251565e-16,1.0482225736137476,6.954,cifar10__cnn1__linf__0.1__model_seed42_itr19_sgd_itr1_w18.bin
cifar10,cnn1,model_seed42_itr19_sgd_itr1,linf,0.1,1,19,-3.788464061450213,6.693761674687266,-3.788464061450213,6.693761674687266,true,true,-1.048222573613748,-1.048222573613748,1.0482225736137476,1.0482225736137476,WRONG,WRONG,false,false,-1.048222573613748,1.0482225736137476,false,false,true,0.0,1.0482225736137478,5.884,cifar10__cnn1__linf__0.1__model_seed42_itr19_sgd_itr1_w19.bin
cifar10,cnn1,model_seed42_itr19_sgd_itr1,linf,0.1,1,20,-3.788464061450213,6.693761674687266,-3.788464061450213,6.693761674687266,true,true,-1.048222573613749,-1.048222573613749,1.0482225736137483,1.0482225736137483,WRONG,WRONG,false,false,-1.048222573613749,1.0482225736137483,false,false,true,9.43689570931383e-16,1.0482225736137487,4.937,cifar10__cnn1__linf__0.1__model_seed42_itr19_sgd_itr1_w20.bin
cifar10,cnn1,model_seed42_itr19_sgd_itr1,linf,0.1,1,21,-3.788464061450213,6.693761674687266,-3.788464061450213,6.693761674687266,true,true,-1.0482225736137487,-1.0482225736137487,1.0482225736137476,1.0482225736137476,WRONG,WRONG,false,false,-1.0482225736137487,1.0482225736137476,false,false,true,0.0,1.0482225736137474,4.368,cifar10__cnn1__linf__0.1__model_seed42_itr19_sgd_itr1_w21.bin
cifar10,cnn1,model_seed42_itr19_sgd_itr1,linf,0.1,1,22,-3.788464061450213,6.693761674687266,-3.788464061450213,6.693761674687266,true,true,-1.0482225736137476,-1.0482225736137476,6.693761674687266,1.0482225736137483,WRONG,WRONG,false,false,-1.048222573613748,1.0482225736137483,false,false,true,0.002814736810662438,1.0510373104244102,2.597,cifar10__cnn1__linf__0.1__model_seed42_itr19_sgd_itr1_w22.bin
cifar10,cnn1,model_seed42_itr19_sgd_itr1,linf,0.1,1,23,-3.788464061450213,6.693761674687266,-3.788464061450213,6.693761674687266,true,true,-1.0482225736137478,-1.0482225736137478,1.0482225736137485,1.0482225736137485,WRONG,WRONG,false,false,-1.0482225736137478,1.0482225736137485,false,false,true,2.0816681711721685e-17,1.0482225736137478,4.167,cifar10__cnn1__linf__0.1__model_seed42_itr19_sgd_itr1_w23.bin
cifar10,cnn1,model_seed42_itr19_sgd_itr1,linf,0.1,1,24,-3.788464061450213,6.693761674687266,-3.788464061450213,6.693761674687266,true,true,-1.048222573613748,-1.048222573613748,1.048222573613748,1.048222573613748,WRONG,WRONG,false,false,-1.048222573613748,1.048222573613748,false,false,true,3.0531133177191805e-16,1.0482225736137478,4.318,cifar10__cnn1__linf__0.1__model_seed42_itr19_sgd_itr1_w24.bin
cifar10,cnn1,model_seed42_itr19_sgd_itr1,linf,0.1,1,25,-3.788464061450213,6.693761674687266,-3.788464061450213,6.693761674687266,true,true,-1.0482225736137483,-1.0482225736137483,1.0482225736137483,1.0482225736137483,WRONG,WRONG,false,false,-1.0482225736137483,1.0482225736137483,false,false,true,0.0,1.0482225736137476,5.497,cifar10__cnn1__linf__0.1__model_seed42_itr19_sgd_itr1_w25.bin
cifar10,cnn1,model_seed42_itr19_sgd_itr1,linf,0.1,1,26,-3.788464061450213,6.693761674687266,-3.788464061450213,6.693761674687266,true,true,-1.0482225736137478,-1.0482225736137478,1.0482225736137483,1.0482225736137483,WRONG,WRONG,false,false,-1.0482225736137478,1.0482225736137483,false,false,true,0.0,1.0482225736137476,3.981,cifar10__cnn1__linf__0.1__model_seed42_itr19_sgd_itr1_w26.bin
cifar10,cnn1,model_seed42_itr19_sgd_itr1,linf,0.1,1,27,-3.788464061450213,6.693761674687266,-3.788464061450213,6.693761674687266,true,true,-1.048222573613748,-1.048222573613748,1.0482225736137476,1.0482225736137476,WRONG,WRONG,false,false,-1.048222573613748,1.0482225736137476,false,false,true,8.326672684688674e-17,1.0482225736137474,3.598,cifar10__cnn1__linf__0.1__model_seed42_itr19_sgd_itr1_w27.bin
cifar10,cnn1,model_seed42_itr19_sgd_itr1,linf,0.1,1,28,-3.788464061450213,6.693761674687266,-3.788464061450213,6.693761674687266,true,true,-1.048222573613748,-1.048222573613748,1.0482225736137483,1.0482225736137483,WRONG,WRONG,false,false,-1.048222573613748,1.0482225736137483,false,false,true,4.0245584642661925e-16,1.048222573613748,5.541,cifar10__cnn1__linf__0.1__model_seed42_itr19_sgd_itr1_w28.bin
cifar10,cnn1,model_seed42_itr19_sgd_itr1,linf,0.1,1,29,-3.788464061450213,6.693761674687266,-3.788464061450213,6.693761674687266,true,true,-1.0482225736137478,-1.0482225736137478,1.0482225736137478,1.0482225736137478,WRONG,WRONG,false,false,-1.0482225736137478,1.0482225736137478,false,false,true,3.3306690738754696e-16,1.0482225736137476,4.607,cifar10__cnn1__linf__0.1__model_seed42_itr19_sgd_itr1_w29.bin
cifar10,cnn1,model_seed42_itr19_sgd_itr1,linf,0.1,1,30,-3.788464061450213,6.693761674687266,-3.788464061450213,6.693761674687266,true,true,-1.0482225736137476,-1.0482225736137476,1.0482225736137485,1.0482225736137485,WRONG,WRONG,false,false,-1.0482225736137476,1.0482225736137485,false,false,true,0.0,1.0482225736137478,5.246,cifar10__cnn1__linf__0.1__model_seed42_itr19_sgd_itr1_w30.bin
cifar10,cnn1,model_seed42_itr19_sgd_itr1,linf,0.1,1,31,-3.788464061450213,6.693761674687266,-3.788464061450213,6.693761674687266,true,true,-1.0482225736137478,-1.0482225736137478,1.0482225736137476,1.0482225736137476,WRONG,WRONG,false,false,-1.0482225736137478,1.0482225736137476,false,false,true,8.326672684688674e-17,1.0482225736137474,5.318,cifar10__cnn1__linf__0.1__model_seed42_itr19_sgd_itr1_w31.bin
cifar10,cnn1,model_seed42_itr19_sgd_itr1,linf,0.1,1,32,-3.788464061450213,6.693761674687266,-3.788464061450213,6.693761674687266,true,true,-1.048222573613748,-1.048222573613748,1.0482225736137485,1.0482225736137485,WRONG,WRONG,false,false,-1.048222573613748,1.0482225736137485,false,false,true,2.498001805406602e-16,1.0482225736137483,5.585,cifar10__cnn1__linf__0.1__model_seed42_itr19_sgd_itr1_w32.bin
cifar10,cnn1,model_seed42_itr19_sgd_itr1,linf,0.1,1,33,-3.788464061450213,6.693761674687266,-3.788464061450213,6.693761674687266,true,true,-1.048222573613748,-1.048222573613748,1.0482225736137478,1.0482225736137478,WRONG,WRONG,false,false,-1.048222573613748,1.0482225736137478,false,false,true,0.0,1.0482225736137478,4.84,cifar10__cnn1__linf__0.1__model_seed42_itr19_sgd_itr1_w33.bin
cifar10,cnn1,model_seed42_itr19_sgd_itr1,linf,0.1,1,34,-3.788464061450213,6.693761674687266,-3.788464061450213,6.693761674687266,true,true,-1.0482225736137485,-1.0482225736137485,1.0482225736137485,1.0482225736137485,WRONG,WRONG,false,false,-1.0482225736137485,1.0482225736137485,false,false,true,5.551115123125783e-17,1.0482225736137478,5.119,cifar10__cnn1__linf__0.1__model_seed42_itr19_sgd_itr1_w34.bin
cifar10,cnn1,model_seed42_itr19_sgd_itr1,linf,0.1,1,35,-3.788464061450213,6.693761674687266,-3.788464061450213,6.693761674687266,true,true,-1.0482225736137483,-1.0482225736137483,1.0482225736137485,1.0482225736137485,WRONG,WRONG,false,false,-1.0482225736137483,1.0482225736137485,false,false,true,2.7755575615628914e-17,1.048222573613748,4.438,cifar10__cnn1__linf__0.1__model_seed42_itr19_sgd_itr1_w35.bin
cifar10,cnn1,model_seed42_itr19_sgd_itr1,linf,0.1,1,36,-3.788464061450213,6.693761674687266,-3.788464061450213,6.693761674687266,true,true,-1.0482225736137485,-1.0482225736137485,1.048222573613749,1.048222573613749,WRONG,WRONG,false,false,-1.0482225736137485,1.048222573613749,false,false,true,4.996003610813204e-16,1.0482225736137478,5.841,cifar10__cnn1__linf__0.1__model_seed42_itr19_sgd_itr1_w36.bin
cifar10,cnn1,model_seed42_itr19_sgd_itr1,linf,0.1,1,37,-3.788464061450213,6.693761674687266,-3.788464061450213,6.693761674687266,true,true,-1.0482225736137483,-1.0482225736137483,1.0482225736137483,1.0482225736137483,WRONG,WRONG,false,false,-1.0482225736137483,1.0482225736137483,false,false,true,3.0531133177191805e-16,1.048222573613748,4.369,cifar10__cnn1__linf__0.1__model_seed42_itr19_sgd_itr1_w37.bin
cifar10,cnn1,model_seed42_itr19_sgd_itr1,linf,0.1,1,38,-3.788464061450213,6.693761674687266,-3.788464061450213,6.693761674687266,true,true,-1.048222573613748,-1.048222573613748,1.0482225736137483,1.0482225736137483,WRONG,WRONG,false,false,-1.048222573613748,1.0482225736137483,false,false,true,1.6653345369377348e-16,1.0482225736137478,5.346,cifar10__cnn1__linf__0.1__model_seed42_itr19_sgd_itr1_w38.bin
cifar10,cnn1,model_seed42_itr19_sgd_itr1,linf,0.1,1,39,-3.788464061450213,6.693761674687266,-3.788464061450213,6.693761674687266,true,true,-1.0482225736137483,-1.0482225736137483,6.693761674687266,0.9330851888664335,WRONG,WRONG,false,false,-1.048222573613748,1.048222573613748,false,false,true,2.220446049250313e-16,1.0482225736137478,7.798,cifar10__cnn1__linf__0.1__model_seed42_itr19_sgd_itr1_w39.bin
cifar10,cnn1,model_seed42_itr19_sgd_itr1,linf,0.1,1,40,-3.788464061450213,6.693761674687266,-3.788464061450213,6.693761674687266,true,true,-1.0482225736137494,-1.0482225736137494,1.048222573613749,1.048222573613749,WRONG,WRONG,false,false,-1.0482225736137494,1.048222573613749,false,false,true,9.71445146547012e-16,1.0482225736137487,5.824,cifar10__cnn1__linf__0.1__model_seed42_itr19_sgd_itr1_w40.bin
cifar10,cnn1,model_seed42_itr19_sgd_itr1,linf,0.1,1,41,-3.788464061450213,6.693761674687266,-3.788464061450213,6.693761674687266,true,true,-1.0482225736137487,-1.0482225736137487,1.0482225736137478,1.0482225736137478,WRONG,WRONG,false,false,-1.0482225736137487,1.0482225736137478,false,false,true,1.3877787807814457e-16,1.048222573613748,5.43,cifar10__cnn1__linf__0.1__model_seed42_itr19_sgd_itr1_w41.bin
cifar10,cnn1,model_seed42_itr19_sgd_itr1,linf,0.1,1,42,-3.788464061450213,6.693761674687266,-3.788464061450213,6.693761674687266,true,true,-1.0482225736137478,-1.0482225736137478,1.0482225736137492,1.0482225736137492,WRONG,WRONG,false,false,-1.0482225736137478,1.0482225736137492,false,false,true,0.0,1.0482225736137474,5.021,cifar10__cnn1__linf__0.1__model_seed42_itr19_sgd_itr1_w42.bin
cifar10,cnn1,model_seed42_itr19_sgd_itr1,linf,0.1,1,43,-3.788464061450213,6.693761674687266,-3.788464061450213,6.693761674687266,true,true,-1.048222573613748,-1.048222573613748,1.048222573613748,1.048222573613748,WRONG,WRONG,false,false,-1.048222573613748,1.048222573613748,false,false,true,0.0,1.0482225736137474,3.675,cifar10__cnn1__linf__0.1__model_seed42_itr19_sgd_itr1_w43.bin
cifar10,cnn1,model_seed42_itr19_sgd_itr1,linf,0.1,1,44,-3.788464061450213,6.693761674687266,-3.788464061450213,6.693761674687266,true,true,-1.0482225736137483,-1.0482225736137483,6.693761674687266,0.4342905851546879,WRONG,WRONG,false,false,-1.048222573613748,1.0482225736137487,false,false,true,0.32333034830056384,1.3715529219143114,1.676,cifar10__cnn1__linf__0.1__model_seed42_itr19_sgd_itr1_w44.bin
cifar10,cnn1,model_seed42_itr19_sgd_itr1,linf,0.1,1,45,-3.788464061450213,6.693761674687266,-3.788464061450213,6.693761674687266,true,true,-1.0482225736137485,-1.0482225736137485,1.0482225736137476,1.0482225736137476,WRONG,WRONG,false,false,-1.0482225736137485,1.0482225736137476,false,false,true,2.0816681711721685e-16,1.0482225736137478,4.57,cifar10__cnn1__linf__0.1__model_seed42_itr19_sgd_itr1_w45.bin
cifar10,cnn1,model_seed42_itr19_sgd_itr1,linf,0.1,1,46,-3.788464061450213,6.693761674687266,-3.788464061450213,6.693761674687266,true,true,-1.048222573613748,-1.048222573613748,1.048222573613748,1.048222573613748,WRONG,WRONG,false,false,-1.048222573613748,1.048222573613748,false,false,true,0.0,1.048222573613748,5.241,cifar10__cnn1__linf__0.1__model_seed42_itr19_sgd_itr1_w46.bin
cifar10,cnn1,model_seed42_itr19_sgd_itr1,linf,0.1,1,47,-3.788464061450213,6.693761674687266,-3.788464061450213,6.693761674687266,true,true,-1.0482225736137476,-1.0482225736137476,1.0482225736137503,1.0482225736137503,WRONG,WRONG,false,false,-1.0482225736137476,1.0482225736137503,false,false,true,5.551115123125783e-17,1.0482225736137478,4.74,cifar10__cnn1__linf__0.1__model_seed42_itr19_sgd_itr1_w47.bin
cifar10,cnn1,model_seed42_itr19_sgd_itr1,linf,0.1,1,48,-3.788464061450213,6.693761674687266,-3.788464061450213,6.693761674687266,true,true,-1.0482225736137483,-1.0482225736137483,1.0482225736137476,1.0482225736137476,WRONG,WRONG,false,false,-1.0482225736137483,1.0482225736137476,false,false,true,3.608224830031759e-16,1.048222573613748,5.924,cifar10__cnn1__linf__0.1__model_seed42_itr19_sgd_itr1_w48.bin
cifar10,cnn1,model_seed42_itr19_sgd_itr1,linf,0.1,1,49,-3.788464061450213,6.693761674687266,-3.788464061450213,6.693761674687266,true,true,-1.048222573613748,-1.048222573613748,1.048222573613748,1.048222573613748,WRONG,WRONG,true,false,0.0,1.0482225736137478,true,false,true,1.6306400674181987e-16,1.0482225736137478,7.825,cifar10__cnn1__linf__0.1__model_seed42_itr19_sgd_itr1_w49.bin
cifar10,cnn1,model_seed42_itr19_sgd_itr1,linf,0.1,1,50,-3.788464061450213,6.693761674687266,-3.788464061450213,6.693761674687266,true,true,-1.0482225736137487,-1.0482225736137487,1.0482225736137478,1.0482225736137478,WRONG,WRONG,false,false,-1.0482225736137487,1.0482225736137478,false,false,true,5.551115123125783e-17,1.048222573613748,4.139,cifar10__cnn1__linf__0.1__model_seed42_itr19_sgd_itr1_w50.bin
cifar10,cnn1,model_seed42_itr19_sgd_itr1,linf,0.1,1,51,-3.788464061450213,6.693761674687266,-3.788464061450213,6.693761674687266,true,true,-1.048222573613749,-1.048222573613749,1.0482225736137476,1.0482225736137476,WRONG,WRONG,false,false,-1.048222573613749,1.0482225736137476,false,false,true,3.3306690738754696e-16,1.0482225736137478,4.682,cifar10__cnn1__linf__0.1__model_seed42_itr19_sgd_itr1_w51.bin
cifar10,cnn1,model_seed42_itr19_sgd_itr1,linf,0.1,1,52,-3.788464061450213,6.693761674687266,-3.788464061450213,6.693761674687266,true,true,-1.048222573613748,-1.048222573613748,1.048222573613748,1.048222573613748,WRONG,WRONG,false,false,-1.048222573613748,1.048222573613748,false,false,true,4.163336342344337e-17,1.0482225736137478,5.534,cifar10__cnn1__linf__0.1__model_seed42_itr19_sgd_itr1_w52.bin
cifar10,cnn1,model_seed42_itr19_sgd_itr1,linf,0.1,1,53,-3.788464061450213,6.693761674687266,-3.788464061450213,6.693761674687266,true,true,-1.0482225736137485,-1.0482225736137485,1.0482225736137483,1.0482225736137483,WRONG,WRONG,false,false,-1.0482225736137485,1.0482225736137483,false,false,true,4.0245584642661925e-16,1.048222573613748,4.453,cifar10__cnn1__linf__0.1__model_seed42_itr19_sgd_itr1_w53.bin
cifar10,cnn1,model_seed42_itr19_sgd_itr1,linf,0.1,1,54,-3.788464061450213,6.693761674687266,-3.788464061450213,6.693761674687266,true,true,-1.048222573613748,-1.048222573613748,1.048222573613748,1.048222573613748,WRONG,WRONG,false,false,-1.048222573613748,1.048222573613748,false,false,true,3.191891195797325e-16,1.0482225736137476,4.614,cifar10__cnn1__linf__0.1__model_seed42_itr19_sgd_itr1_w54.bin
cifar10,cnn1,model_seed42_itr19_sgd_itr1,linf,0.1,1,55,-3.788464061450213,6.693761674687266,-3.788464061450213,6.693761674687266,true,true,-1.0482225736137483,-1.0482225736137483,1.0482225736137483,1.0482225736137483,WRONG,WRONG,false,false,-1.0482225736137483,1.0482225736137483,false,false,true,1.3183898417423734e-16,1.048222573613748,4.138,cifar10__cnn1__linf__0.1__model_seed42_itr19_sgd_itr1_w55.bin
cifar10,cnn1,model_seed42_itr19_sgd_itr1,linf,0.1,1,56,-3.788464061450213,6.693761674687266,-3.788464061450213,6.693761674687266,true,true,-1.0482225736137483,-1.0482225736137483,1.048222573613748,1.048222573613748,WRONG,WRONG,false,false,-1.0482225736137483,1.048222573613748,false,false,true,1.1102230246251565e-16,1.0482225736137478,4.643,cifar10__cnn1__linf__0.1__model_seed42_itr19_sgd_itr1_w56.bin
cifar10,cnn1,model_seed42_itr19_sgd_itr1,linf,0.1,1,57,-3.788464061450213,6.693761674687266,-3.788464061450213,6.693761674687266,true,true,-1.0482225736137483,-1.0482225736137483,1.0482225736137478,1.0482225736137478,WRONG,WRONG,false,false,-1.0482225736137483,1.0482225736137478,false,false,true,3.0531133177191805e-16,1.048222573613748,3.92,cifar10__cnn1__linf__0.1__model_seed42_itr19_sgd_itr1_w57.bin
cifar10,cnn1,model_seed42_itr19_sgd_itr1,linf,0.1,1,58,-3.788464061450213,6.693761674687266,-3.788464061450213,6.693761674687266,true,true,-6.693761674687266,-1.048222573613748,1.0482225736137478,1.0482225736137478,WRONG,WRONG,false,false,-1.048222573613748,1.0482225736137478,false,false,true,1.1102230246251565e-16,1.0482225736137478,3.255,cifar10__cnn1__linf__0.1__model_seed42_itr19_sgd_itr1_w58.bin
cifar10,cnn1,model_seed42_itr19_sgd_itr1,linf,0.1,1,59,-3.788464061450213,6.693761674687266,-3.788464061450213,6.693761674687266,true,true,-1.0482225736137487,-1.0482225736137487,1.0482225736137485,1.0482225736137485,WRONG,WRONG,false,false,-1.0482225736137487,1.0482225736137485,false,false,true,2.220446049250313e-16,1.048222573613748,5.587,cifar10__cnn1__linf__0.1__model_seed42_itr19_sgd_itr1_w59.bin
cifar10,cnn1,model_seed42_itr19_sgd_itr1,linf,0.1,1,60,-3.788464061450213,6.693761674687266,-3.788464061450213,6.693761674687266,true,true,-1.0482225736137483,-1.0482225736137483,1.0482225736137476,1.0482225736137476,WRONG,WRONG,false,false,-1.0482225736137483,1.0482225736137476,false,false,true,0.0,1.048222573613748,3.801,cifar10__cnn1__linf__0.1__model_seed42_itr19_sgd_itr1_w60.bin
cifar10,cnn1,model_seed42_itr19_sgd_itr1,linf,0.1,1,61,-3.788464061450213,6.693761674687266,-3.788464061450213,6.693761674687266,true,true,-1.0482225736137485,-1.0482225736137485,1.0482225736137485,1.0482225736137485,WRONG,WRONG,false,false,-1.0482225736137485,1.0482225736137485,false,false,true,4.718447854656915e-16,1.0482225736137487,4.722,cifar10__cnn1__linf__0.1__model_seed42_itr19_sgd_itr1_w61.bin
cifar10,cnn1,model_seed42_itr19_sgd_itr1,linf,0.1,1,62,-3.788464061450213,6.693761674687266,-3.788464061450213,6.693761674687266,true,true,-1.048222573613748,-1.048222573613748,1.048222573613748,1.048222573613748,WRONG,WRONG,false,false,-1.048222573613748,1.048222573613748,false,false,true,3.3306690738754696e-16,1.048222573613748,4.828,cifar10__cnn1__linf__0.1__model_seed42_itr19_sgd_itr1_w62.bin
cifar10,cnn1,model_seed42_itr19_sgd_itr1,linf,0.1,1,63,-3.788464061450213,6.693761674687266,-3.788464061450213,6.693761674687266,true,true,-1.0482225736137485,-1.0482225736137485,1.048222573613748,1.048222573613748,WRONG,WRONG,false,false,-1.0482225736137485,1.048222573613748,false,false,true,2.7755575615628914e-16,1.048222573613748,5.25,cifar10__cnn1__linf__0.1__model_seed42_itr19_sgd_itr1_w63.bin
cifar10,cnn1,model_seed42_itr19_sgd_itr1,linf,0.1,1,64,-3.788464061450213,6.693761674687266,-3.788464061450213,6.693761674687266,true,true,-1.0482225736137478,-1.0482225736137478,1.0482225736137478,1.0482225736137478,WRONG,WRONG,false,false,-1.0482225736137478,1.0482225736137478,false,false,true,5.551115123125783e-17,1.0482225736137478,4.312,cifar10__cnn1__linf__0.1__model_seed42_itr19_sgd_itr1_w64.bin
cifar10,cnn1,model_seed42_itr19_sgd_itr1,linf,0.1,1,65,-3.788464061450213,6.693761674687266,-3.788464061450213,6.693761674687266,true,true,-6.693761674687266,-0.9330851888664339,1.0482225736137485,1.0482225736137485,WRONG,WRONG,false,false,-1.0482225736137483,1.0482225736137485,false,false,true,1.3877787807814457e-17,0.9330851888664337,2.418,cifar10__cnn1__linf__0.1__model_seed42_itr19_sgd_itr1_w65.bin
cifar10,cnn1,model_seed42_itr19_sgd_itr1,linf,0.1,1,66,-3.788464061450213,6.693761674687266,-3.788464061450213,6.693761674687266,true,true,-1.0482225736137478,-1.0482225736137478,1.0482225736137483,1.0482225736137483,WRONG,WRONG,false,false,-1.0482225736137478,1.0482225736137483,false,false,true,0.0,1.048222573613748,5.793,cifar10__cnn1__linf__0.1__model_seed42_itr19_sgd_itr1_w66.bin
cifar10,cnn1,model_seed42_itr19_sgd_itr1,linf,0.1,1,67,-3.788464061450213,6.693761674687266,-3.788464061450213,6.693761674687266,true,true,-1.0482225736137483,-1.0482225736137483,1.0482225736137483,1.0482225736137483,WRONG,WRONG,false,false,-1.0482225736137483,1.0482225736137483,false,false,true,2.220446049250313e-16,1.048222573613748,4.217,cifar10__cnn1__linf__0.1__model_seed42_itr19_sgd_itr1_w67.bin
cifar10,cnn1,model_seed42_itr19_sgd_itr1,linf,0.1,1,68,-3.788464061450213,6.693761674687266,-3.788464061450213,6.693761674687266,true,true,-1.0482225736137476,-1.0482225736137476,1.048222573613748,1.048222573613748,WRONG,WRONG,false,true,-1.0482225736137476,-0.0,false,true,true,0.0,1.048222573613748,8.39,cifar10__cnn1__linf__0.1__model_seed42_itr19_sgd_itr1_w68.bin
cifar10,cnn1,model_seed42_itr19_sgd_itr1,linf,0.1,1,69,-3.788464061450213,6.693761674687266,-3.788464061450213,6.693761674687266,true,true,-1.048222573613748,-1.048222573613748,1.0482225736137476,1.0482225736137476,WRONG,WRONG,false,false,-1.048222573613748,1.0482225736137476,false,false,true,3.0531133177191805e-16,1.048222573613748,4.458,cifar10__cnn1__linf__0.1__model_seed42_itr19_sgd_itr1_w69.bin
cifar10,cnn1,model_seed42_itr19_sgd_itr1,linf,0.1,1,70,-3.788464061450213,6.693761674687266,-3.788464061450213,6.693761674687266,true,true,-1.048222573613748,-1.048222573613748,1.0482225736137483,1.0482225736137483,WRONG,WRONG,false,false,-1.048222573613748,1.0482225736137483,false,false,true,0.0,1.0482225736137476,4.002,cifar10__cnn1__linf__0.1__model_seed42_itr19_sgd_itr1_w70.bin
cifar10,cnn1,model_seed42_itr19_sgd_itr1,linf,0.1,1,71,-3.788464061450213,6.693761674687266,-3.788464061450213,6.693761674687266,true,true,-1.048222573613748,-1.048222573613748,1.048222573613749,1.048222573613749,WRONG,WRONG,false,false,-1.048222573613748,1.048222573613749,false,false,true,1.1102230246251565e-16,1.0482225736137478,4.523,cifar10__cnn1__linf__0.1__model_seed42_itr19_sgd_itr1_w71.bin
cifar10,cnn1,model_seed42_itr19_sgd_itr1,linf,0.1,1,72,-3.788464061450213,6.693761674687266,-3.788464061450213,6.693761674687266,true,true,-1.0482225736137483,-1.0482225736137483,1.048222573613748,1.048222573613748,WRONG,WRONG,false,false,-1.0482225736137483,1.048222573613748,false,false,true,1.6653345369377348e-16,1.0482225736137476,6.764,cifar10__cnn1__linf__0.1__model_seed42_itr19_sgd_itr1_w72.bin
cifar10,cnn1,model_seed42_itr19_sgd_itr1,linf,0.1,1,73,-3.788464061450213,6.693761674687266,-3.788464061450213,6.693761674687266,true,true,-1.0482225736137483,-1.0482225736137483,1.048222573613748,1.048222573613748,WRONG,WRONG,false,false,-1.0482225736137483,1.048222573613748,false,false,true,3.608224830031759e-16,1.0482225736137483,4.082,cifar10__cnn1__linf__0.1__model_seed42_itr19_sgd_itr1_w73.bin
cifar10,cnn1,model_seed42_itr19_sgd_itr1,linf,0.1,1,74,-3.788464061450213,6.693761674687266,-3.788464061450213,6.693761674687266,true,true,-1.0482225736137485,-1.0482225736137485,1.0482225736137485,1.0482225736137485,WRONG,WRONG,false,false,-1.0482225736137485,1.0482225736137485,false,false,true,3.885780586188048e-16,1.0482225736137483,3.944,cifar10__cnn1__linf__0.1__model_seed42_itr19_sgd_itr1_w74.bin
cifar10,cnn1,model_seed42_itr19_sgd_itr1,linf,0.1,1,75,-3.788464061450213,6.693761674687266,-3.788464061450213,6.693761674687266,true,true,-1.048222573613748,-1.048222573613748,1.0482225736137476,1.0482225736137476,WRONG,WRONG,false,false,-1.048222573613748,1.0482225736137476,false,false,true,1.6653345369377348e-16,1.0482225736137476,6.096,cifar10__cnn1__linf__0.1__model_seed42_itr19_sgd_itr1_w75.bin
cifar10,cnn1,model_seed42_itr19_sgd_itr1,linf,0.1,1,76,-3.788464061450213,6.693761674687266,-3.788464061450213,6.693761674687266,true,true,-1.0482225736137478,-1.0482225736137478,1.0482225736137478,1.0482225736137478,WRONG,WRONG,false,false,-1.0482225736137478,1.0482225736137478,false,false,true,0.0,1.0482225736137478,4.288,cifar10__cnn1__linf__0.1__model_seed42_itr19_sgd_itr1_w76.bin
cifar10,cnn1,model_seed42_itr19_sgd_itr1,linf,0.1,1,77,-3.788464061450213,6.693761674687266,-3.788464061450213,6.693761674687266,true,true,-1.048222573613748,-1.048222573613748,1.0482225736137483,1.0482225736137483,WRONG,WRONG,false,false,-1.048222573613748,1.0482225736137483,false,false,true,0.0,1.0482225736137478,4.816,cifar10__cnn1__linf__0.1__model_seed42_itr19_sgd_itr1_w77.bin
cifar10,cnn1,model_seed42_itr19_sgd_itr1,linf,0.1,1,78,-3.788464061450213,6.693761674687266,-3.788464061450213,6.693761674687266,true,true,-1.0482225736137483,-1.0482225736137483,1.048222573613748,1.048222573613748,WRONG,WRONG,false,false,-1.0482225736137483,1.048222573613748,false,false,true,0.0,1.0482225736137478,5.679,cifar10__cnn1__linf__0.1__model_seed42_itr19_sgd_itr1_w78.bin
cifar10,cnn1,model_seed42_itr19_sgd_itr1,linf,0.1,1,79,-3.788464061450213,6.693761674687266,-3.788464061450213,6.693761674687266,true,true,-1.0482225736137483,-1.0482225736137483,1.0482225736137478,1.0482225736137478,WRONG,WRONG,false,false,-1.0482225736137483,1.0482225736137478,false,false,true,4.718447854656915e-16,1.048222573613748,3.44,cifar10__cnn1__linf__0.1__model_seed42_itr19_sgd_itr1_w79.bin
cifar10,cnn1,model_seed42_itr19_sgd_itr1,linf,0.1,1,80,-3.788464061450213,6.693761674687266,-3.788464061450213,6.693761674687266,true,true,-1.048222573613748,-1.048222573613748,1.0482225736137485,1.0482225736137485,WRONG,WRONG,true,false,0.0,1.048222573613748,true,false,true,8.326672684688674e-17,1.0482225736137476,12.404,cifar10__cnn1__linf__0.1__model_seed42_itr19_sgd_itr1_w80.bin
cifar10,cnn1,model_seed42_itr19_sgd_itr1,linf,0.1,1,81,-3.788464061450213,6.693761674687266,-3.788464061450213,6.693761674687266,true,true,-1.0482225736137476,-1.0482225736137476,1.0482225736137483,1.0482225736137483,WRONG,WRONG,false,false,-1.0482225736137476,1.0482225736137483,false,false,true,3.677613769070831e-16,1.048222573613748,3.981,cifar10__cnn1__linf__0.1__model_seed42_itr19_sgd_itr1_w81.bin
cifar10,cnn1,model_seed42_itr19_sgd_itr1,linf,0.1,1,82,-3.788464061450213,6.693761674687266,-3.788464061450213,6.693761674687266,true,true,-1.048222573613748,-1.048222573613748,1.0482225736137483,1.0482225736137483,WRONG,WRONG,false,false,-1.048222573613748,1.0482225736137483,false,false,true,5.551115123125783e-17,1.048222573613748,3.972,cifar10__cnn1__linf__0.1__model_seed42_itr19_sgd_itr1_w82.bin
cifar10,cnn1,model_seed42_itr19_sgd_itr1,linf,0.1,1,83,-3.788464061450213,6.693761674687266,-3.788464061450213,6.693761674687266,true,true,-1.0482225736137483,-1.0482225736137483,1.048222573613748,1.048222573613748,WRONG,WRONG,false,false,-1.0482225736137483,1.048222573613748,false,false,true,1.942890293094024e-16,1.048222573613748,4.785,cifar10__cnn1__linf__0.1__model_seed42_itr19_sgd_itr1_w83.bin
cifar10,cnn1,model_seed42_itr19_sgd_itr1,linf,0.1,1,84,-3.788464061450213,6.693761674687266,-3.788464061450213,6.693761674687266,true,true,-1.0482225736137478,-1.0482225736137478,1.0482225736137483,1.0482225736137483,WRONG,WRONG,false,false,-1.0482225736137478,1.0482225736137483,false,false,true,8.673617379884035e-17,1.048222573613748,5.082,cifar10__cnn1__linf__0.1__model_seed42_itr19_sgd_itr1_w84.bin
cifar10,cnn1,model_seed42_itr19_sgd_itr1,linf,0.1,1,85,-3.788464061450213,6.693761674687266,-3.788464061450213,6.693761674687266,true,true,-1.048222573613748,-1.048222573613748,1.0482225736137483,1.0482225736137483,WRONG,WRONG,false,false,-1.048222573613748,1.0482225736137483,false,false,true,1.6653345369377348e-16,1.0482225736137476,5.118,cifar10__cnn1__linf__0.1__model_seed42_itr19_sgd_itr1_w85.bin
cifar10,cnn1,model_seed42_itr19_sgd_itr1,linf,0.1,1,86,-3.788464061450213,6.693761674687266,-3.788464061450213,6.693761674687266,true,true,-1.0482225736137487,-1.0482225736137487,1.048222573613748,1.048222573613748,WRONG,WRONG,false,false,-1.0482225736137487,1.048222573613748,false,false,true,5.273559366969494e-16,1.0482225736137483,2.946,cifar10__cnn1__linf__0.1__model_seed42_itr19_sgd_itr1_w86.bin
cifar10,cnn1,model_seed42_itr19_sgd_itr1,linf,0.1,1,87,-3.788464061450213,6.693761674687266,-3.788464061450213,6.693761674687266,true,true,-1.048222573613749,-1.048222573613749,1.0482225736137485,1.0482225736137485,WRONG,WRONG,false,false,-1.048222573613749,1.0482225736137485,false,false,true,4.0245584642661925e-16,1.048222573613748,4.268,cifar10__cnn1__linf__0.1__model_seed42_itr19_sgd_itr1_w87.bin
cifar10,cnn1,model_seed42_itr19_sgd_itr1,linf,0.1,1,88,-3.788464061450213,6.693761674687266,-3.788464061450213,6.693761674687266,true,true,-6.693761674687266,-0.9379284415059863,1.0482225736137483,1.0482225736137483,WRONG,WRONG,false,false,-1.0482225736137483,1.0482225736137483,false,false,true,0.0,0.937928441505986,2.637,cifar10__cnn1__linf__0.1__model_seed42_itr19_sgd_itr1_w88.bin
cifar10,cnn1,model_seed42_itr19_sgd_itr1,linf,0.1,1,89,-3.788464061450213,6.693761674687266,-3.788464061450213,6.693761674687266,true,true,-1.0482225736137483,-1.0482225736137483,1.0482225736137483,1.0482225736137483,WRONG,WRONG,false,false,-1.0482225736137483,1.0482225736137483,false,false,true,3.3306690738754696e-16,1.0482225736137476,3.581,cifar10__cnn1__linf__0.1__model_seed42_itr19_sgd_itr1_w89.bin
cifar10,cnn1,model_seed42_itr19_sgd_itr1,linf,0.1,1,90,-3.788464061450213,6.693761674687266,-3.788464061450213,6.693761674687266,true,true,-1.048222573613748,-1.048222573613748,1.0482225736137483,1.0482225736137483,WRONG,WRONG,false,false,-1.048222573613748,1.0482225736137483,false,false,true,0.0,1.0482225736137478,4.563,cifar10__cnn1__linf__0.1__model_seed42_itr19_sgd_itr1_w90.bin
cifar10,cnn1,model_seed42_itr19_sgd_itr1,linf,0.1,1,91,-3.788464061450213,6.693761674687266,-3.788464061450213,6.693761674687266,true,true,-1.0482225736137478,-1.0482225736137478,1.048222573613748,1.048222573613748,WRONG,WRONG,true,false,0.0,1.0482225736137483,true,false,true,0.0,1.0482225736137478,8.108,cifar10__cnn1__linf__0.1__model_seed42_itr19_sgd_itr1_w91.bin
cifar10,cnn1,model_seed42_itr19_sgd_itr1,linf,0.1,1,92,-3.788464061450213,6.693761674687266,-3.788464061450213,6.693761674687266,true,true,-1.048222573613748,-1.048222573613748,1.0482225736137483,1.0482225736137483,WRONG,WRONG,false,false,-1.048222573613748,1.0482225736137483,false,false,true,0.0,1.0482225736137478,4.365,cifar10__cnn1__linf__0.1__model_seed42_itr19_sgd_itr1_w92.bin
cifar10,cnn1,model_seed42_itr19_sgd_itr1,linf,0.1,1,93,-3.788464061450213,6.693761674687266,-3.788464061450213,6.693761674687266,true,true,-1.0482225736137476,-1.0482225736137476,1.0482225736137476,1.0482225736137476,WRONG,WRONG,false,false,-1.0482225736137476,1.0482225736137476,false,false,true,0.0,1.0482225736137472,4.656,cifar10__cnn1__linf__0.1__model_seed42_itr19_sgd_itr1_w93.bin
cifar10,cnn1,model_seed42_itr19_sgd_itr1,linf,0.1,1,94,-3.788464061450213,6.693761674687266,-3.788464061450213,6.693761674687266,true,true,-1.048222573613748,-1.048222573613748,1.0482225736137476,1.0482225736137476,WRONG,WRONG,false,false,-1.048222573613748,1.0482225736137476,false,false,true,0.0,1.048222573613748,5.345,cifar10__cnn1__linf__0.1__model_seed42_itr19_sgd_itr1_w94.bin
cifar10,cnn1,model_seed42_itr19_sgd_itr1,linf,0.1,1,95,-3.788464061450213,6.693761674687266,-3.788464061450213,6.693761674687266,true,true,-1.0482225736137483,-1.0482225736137483,1.048222573613748,1.048222573613748,WRONG,WRONG,false,false,-1.0482225736137483,1.048222573613748,false,false,true,1.3877787807814457e-16,1.048222573613748,4.608,cifar10__cnn1__linf__0.1__model_seed42_itr19_sgd_itr1_w95.bin
cifar10,cnn1,model_seed42_itr19_sgd_itr1,linf,0.1,1,96,-3.788464061450213,6.693761674687266,-3.788464061450213,6.693761674687266,true,true,-1.0482225736137476,-1.0482225736137476,1.0482225736137478,1.0482225736137478,WRONG,WRONG,false,false,-1.0482225736137476,1.0482225736137478,false,false,true,0.0,1.0482225736137476,5.313,cifar10__cnn1__linf__0.1__model_seed42_itr19_sgd_itr1_w96.bin
cifar10,cnn1,model_seed42_itr19_sgd_itr1,linf,0.1,1,97,-3.788464061450213,6.693761674687266,-3.788464061450213,6.693761674687266,true,true,-1.0482225736137483,-1.0482225736137483,1.0482225736137476,1.0482225736137476,WRONG,WRONG,false,false,-1.0482225736137483,1.0482225736137476,false,false,true,0.0,1.0482225736137478,4.386,cifar10__cnn1__linf__0.1__model_seed42_itr19_sgd_itr1_w97.bin
cifar10,cnn1,model_seed42_itr19_sgd_itr1,linf,0.1,1,98,-3.788464061450213,6.693761674687266,-3.788464061450213,6.693761674687266,true,true,-1.0482225736137478,-1.0482225736137478,1.0482225736137478,1.0482225736137478,WRONG,WRONG,true,false,0.0,1.048222573613748,true,false,true,0.0,1.0482225736137476,9.118,cifar10__cnn1__linf__0.1__model_seed42_itr19_sgd_itr1_w98.bin
cifar10,cnn1,model_seed42_itr19_sgd_itr1,linf,0.1,1,99,-3.788464061450213,6.693761674687266,-3.788464061450213,6.693761674687266,true,true,-1.0482225736137485,-1.0482225736137485,1.0482225736137485,1.0482225736137485,WRONG,WRONG,false,false,-1.0482225736137485,1.0482225736137485,false,false,true,0.0,1.0482225736137476,3.785,cifar10__cnn1__linf__0.1__model_seed42_itr19_sgd_itr1_w99.bin
cifar10,cnn1,model_seed42_itr19_sgd_itr1,linf,0.1,1,100,-3.788464061450213,6.693761674687266,-3.788464061450213,6.693761674687266,true,true,-1.0482225736137483,-1.0482225736137483,1.0482225736137476,1.0482225736137476,WRONG,WRONG,false,false,-1.0482225736137483,1.0482225736137476,false,false,true,0.0,1.0482225736137476,4.057,cifar10__cnn1__linf__0.1__model_seed42_itr19_sgd_itr1_w100.bin
cifar10,cnn1,model_seed42_itr19_sgd_itr1,linf,0.1,1,101,-8.203707790700719,8.079587623476982,-8.203707790700719,8.079587623476982,true,true,-8.079587623476982,-1.6283295414177705,8.079587623476982,1.6283295414177703,WRONG,WRONG,false,false,-1.6283295414177705,1.6283295414177703,false,false,true,0.6470682933336732,2.2753978347514434,0.88,cifar10__cnn1__linf__0.1__model_seed42_itr19_sgd_itr1_w101.bin
cifar10,cnn1,model_seed42_itr19_sgd_itr1,linf,0.1,1,102,-8.203707790700719,8.079587623476982,-8.203707790700719,8.079587623476982,true,true,-8.079587623476982,-1.6283295414177703,1.6283295414177705,1.6283295414177705,WRONG,WRONG,false,false,-1.6283295414177699,1.6283295414177705,false,false,true,0.0,1.6283295414177699,2.636,cifar10__cnn1__linf__0.1__model_seed42_itr19_sgd_itr1_w102.bin
cifar10,cnn1,model_seed42_itr19_sgd_itr1,linf,0.1,1,103,-8.203707790700719,8.079587623476982,-8.203707790700719,8.079587623476982,true,true,-8.079587623476982,-1.628329541417771,8.079587623476982,1.6283295414177712,WRONG,WRONG,false,false,-1.628329541417771,1.6283295414177712,false,false,true,0.770273892377921,2.398603433795691,0.843,cifar10__cnn1__linf__0.1__model_seed42_itr19_sgd_itr1_w103.bin
cifar10,cnn1,model_seed42_itr19_sgd_itr1,linf,0.1,1,104,-8.203707790700719,8.079587623476982,-8.203707790700719,8.079587623476982,true,true,-8.079587623476982,-1.550956293981911,8.079587623476982,1.6283295414177703,WRONG,WRONG,false,false,-1.6283295414177703,1.6283295414177692,false,false,true,0.17412270240548094,1.7250789963873918,0.752,cifar10__cnn1__linf__0.1__model_seed42_itr19_sgd_itr1_w104.bin
cifar10,cnn1,model_seed42_itr19_sgd_itr1,linf,0.1,1,105,-8.203707790700719,8.079587623476982,-8.203707790700719,8.079587623476982,true,true,-1.6283295414177692,-1.6283295414177692,1.6283295414177694,1.6283295414177694,WRONG,WRONG,false,false,-1.6283295414177692,1.6283295414177694,false,false,true,0.0,1.6283295414177685,5.373,cifar10__cnn1__linf__0.1__model_seed42_itr19_sgd_itr1_w105.bin
cifar10,cnn1,model_seed42_itr19_sgd_itr1,linf,0.1,1,106,-8.203707790700719,8.079587623476982,-8.203707790700719,8.079587623476982,true,true,-8.079587623476982,-1.628329541417771,8.079587623476982,1.6283295414177705,WRONG,WRONG,false,false,-1.628329541417771,1.6283295414177705,false,false,true,2.734852259630242,4.363181801048012,0.739,cifar10__cnn1__linf__0.1__model_seed42_itr19_sgd_itr1_w106.bin
cifar10,cnn1,model_seed42_itr19_sgd_itr1,linf,0.1,1,107,-8.203707790700719,8.079587623476982,-8.203707790700719,8.079587623476982,true,true,-8.079587623476982,-1.6283295414177703,8.079587623476982,1.6283295414177705,WRONG,WRONG,false,false,-1.6283295414177703,1.6283295414177705,false,false,true,0.0,1.6283295414177703,0.861,cifar10__cnn1__linf__0.1__model_seed42_itr19_sgd_itr1_w107.bin
cifar10,cnn1,model_seed42_itr19_sgd_itr1,linf,0.1,1,108,-8.203707790700719,8.079587623476982,-8.203707790700719,8.079587623476982,true,true,-8.079587623476982,-1.369258438330533,8.079587623476982,1.5503214521524966,WRONG,WRONG,false,false,-1.6283295414177703,1.6283295414177683,false,false,true,2.83178267640666,4.201041114737192,0.95,cifar10__cnn1__linf__0.1__model_seed42_itr19_sgd_itr1_w108.bin
cifar10,cnn1,model_seed42_itr19_sgd_itr1,linf,0.1,1,109,-8.203707790700719,8.079587623476982,-8.203707790700719,8.079587623476982,true,true,-1.6283295414177692,-1.6283295414177692,1.6283295414177699,1.6283295414177699,WRONG,WRONG,false,false,-1.6283295414177692,1.6283295414177699,false,false,true,0.0,1.6283295414177692,4.992,cifar10__cnn1__linf__0.1__model_seed42_itr19_sgd_itr1_w109.bin
cifar10,cnn1,model_seed42_itr19_sgd_itr1,linf,0.1,1,110,-8.203707790700719,8.079587623476982,-8.203707790700719,8.079587623476982,true,true,-8.079587623476982,-1.6283295414177708,8.079587623476982,1.6283295414177708,WRONG,WRONG,false,false,-1.6283295414177708,1.6283295414177708,false,false,true,0.2847500132029698,1.91307955462074,0.769,cifar10__cnn1__linf__0.1__model_seed42_itr19_sgd_itr1_w110.bin
cifar10,cnn1,model_seed42_itr19_sgd_itr1,linf,0.1,1,111,-8.203707790700719,8.079587623476982,-8.203707790700719,8.079587623476982,true,true,-8.079587623476982,-1.6283295414177705,8.079587623476982,1.6283295414177705,WRONG,WRONG,false,false,-1.6283295414177705,1.6283295414177705,false,false,true,1.249000902703301e-16,1.6283295414177703,0.805,cifar10__cnn1__linf__0.1__model_seed42_itr19_sgd_itr1_w111.bin
cifar10,cnn1,model_seed42_itr19_sgd_itr1,linf,0.1,1,112,-8.203707790700719,8.079587623476982,-8.203707790700719,8.079587623476982,true,true,-8.079587623476982,-1.6283295414177705,8.079587623476982,1.6283295414177703,WRONG,WRONG,false,false,-1.6283295414177705,1.6283295414177703,false,false,true,0.7722903717322398,2.40061991315001,0.894,cifar10__cnn1__linf__0.1__model_seed42_itr19_sgd_itr1_w112.bin
cifar10,cnn1,model_seed42_itr19_sgd_itr1,linf,0.1,1,113,-8.203707790700719,8.079587623476982,-8.203707790700719,8.079587623476982,true,true,-8.079587623476982,-1.6283295414177703,8.079587623476982,1.6283295414177705,WRONG,WRONG,false,false,-1.6283295414177703,1.6283295414177705,false,false,true,0.060727126769940645,1.689056668187711,0.802,cifar10__cnn1__linf__0.1__model_seed42_itr19_sgd_itr1_w113.bin
cifar10,cnn1,model_seed42_itr19_sgd_itr1,linf,0.1,1,114,-8.203707790700719,8.079587623476982,-8.203707790700719,8.079587623476982,true,true,-8.079587623476982,-1.6283295414177703,8.079587623476982,1.6283295414177699,WRONG,WRONG,false,false,-1.6283295414177703,1.6283295414177699,false,false,true,1.942890293094024e-16,1.6283295414177705,0.826,cifar10__cnn1__linf__0.1__model_seed42_itr19_sgd_itr1_w114.bin
cifar10,cnn1,model_seed42_itr19_sgd_itr1,linf,0.1,1,115,-8.203707790700719,8.079587623476982,-8.203707790700719,8.079587623476982,true,true,-8.079587623476982,-1.6283295414177708,8.079587623476982,1.6283295414177705,WRONG,WRONG,false,false,-1.6283295414177708,1.6283295414177705,false,false,true,0.7296613091695394,2.357990850587309,0.894,cifar10__cnn1__linf__0.1__model_seed42_itr19_sgd_itr1_w115.bin
cifar10,cnn1,model_seed42_itr19_sgd_itr1,linf,0.1,1,116,-8.203707790700719,8.079587623476982,-8.203707790700719,8.079587623476982,true,true,-8.079587623476982,-1.6283295414177703,8.079587623476982,1.62832954141777,WRONG,WRONG,false,false,-1.6283295414177703,1.62832954141777,false,false,true,1.249000902703301e-16,1.6283295414177705,0.762,cifar10__cnn1__linf__0.1__model_seed42_itr19_sgd_itr1_w116.bin
cifar10,cnn1,model_seed42_itr19_sgd_itr1,linf,0.1,1,117,-8.203707790700719,8.079587623476982,-8.203707790700719,8.079587623476982,true,true,-8.079587623476982,-1.6283295414177708,8.079587623476982,1.6283295414177703,WRONG,WRONG,false,false,-1.6283295414177708,1.6283295414177703,false,false,true,4.163336342344337e-17,1.6283295414177708,0.851,cifar10__cnn1__linf__0.1__model_seed42_itr19_sgd_itr1_w117.bin
cifar10,cnn1,model_seed42_itr19_sgd_itr1,linf,0.1,1,118,-8.203707790700719,8.079587623476982,-8.203707790700719,8.079587623476982,true,true,-8.079587623476982,-1.6283295414177705,8.079587623476982,1.628329541417771,WRONG,WRONG,false,false,-1.6283295414177705,1.628329541417771,false,false,true,0.9418491156084421,2.570178657026212,0.806,cifar10__cnn1__linf__0.1__model_seed42_itr19_sgd_itr1_w118.bin
cifar10,cnn1,model_seed42_itr19_sgd_itr1,linf,0.1,1,119,-8.203707790700719,8.079587623476982,-8.203707790700719,8.079587623476982,true,true,-8.079587623476982,-1.6283295414177705,8.079587623476982,1.628329541417771,WRONG,WRONG,false,false,-1.6283295414177705,1.628329541417771,false,false,true,4.163336342344337e-17,1.6283295414177705,0.781,cifar10__cnn1__linf__0.1__model_seed42_itr19_sgd_itr1_w119.bin
cifar10,cnn1,model_seed42_itr19_sgd_itr1,linf,0.1,1,120,-8.203707790700719,8.079587623476982,-8.203707790700719,8.079587623476982,true,true,-8.079587623476982,-1.62832954141777,8.079587623476982,1.6283295414177703,WRONG,WRONG,false,false,-1.62832954141777,1.6283295414177703,false,false,true,0.0,1.62832954141777,0.857,cifar10__cnn1__linf__0.1__model_seed42_itr19_sgd_itr1_w120.bin
cifar10,cnn1,model_seed42_itr19_sgd_itr1,linf,0.1,1,121,-8.203707790700719,8.079587623476982,-8.203707790700719,8.079587623476982,true,true,-8.079587623476982,-1.6283295414177703,8.079587623476982,1.62832954141777,WRONG,WRONG,false,false,-1.6283295414177703,1.62832954141777,false,false,true,9.71445146547012e-17,1.6283295414177705,0.869,cifar10__cnn1__linf__0.1__model_seed42_itr19_sgd_itr1_w121.bin
cifar10,cnn1,model_seed42_itr19_sgd_itr1,linf,0.1,1,122,-8.203707790700719,8.079587623476982,-8.203707790700719,8.079587623476982,true,true,-8.079587623476982,-1.62832954141777,8.079587623476982,1.628329541417771,WRONG,WRONG,false,false,-1.62832954141777,1.628329541417771,false,false,true,4.163336342344337e-17,1.62832954141777,0.799,cifar10__cnn1__linf__0.1__model_seed42_itr19_sgd_itr1_w122.bin
cifar10,cnn1,model_seed42_itr19_sgd_itr1,linf,0.1,1,123,-8.203707790700719,8.079587623476982,-8.203707790700719,8.079587623476982,true,true,-1.6283295414177694,-1.6283295414177694,8.079587623476982,1.628329541417771,WRONG,WRONG,false,false,-1.628329541417771,1.628329541417771,false,false,true,0.016702865729835575,1.6450324071476052,3.012,cifar10__cnn1__linf__0.1__model_seed42_itr19_sgd_itr1_w123.bin
cifar10,cnn1,model_seed42_itr19_sgd_itr1,linf,0.1,1,124,-8.203707790700719,8.079587623476982,-8.203707790700719,8.079587623476982,true,true,-1.6283295414177696,-1.6283295414177696,1.62832954141777,1.62832954141777,WRONG,WRONG,false,false,-1.6283295414177696,1.62832954141777,false,false,true,0.0,1.6283295414177692,4.552,cifar10__cnn1__linf__0.1__model_seed42_itr19_sgd_itr1_w124.bin
cifar10,cnn1,model_seed42_itr19_sgd_itr1,linf,0.1,1,125,-8.203707790700719,8.079587623476982,-8.203707790700719,8.079587623476982,true,true,-8.079587623476982,-1.6283295414177705,8.079587623476982,1.628329541417771,WRONG,WRONG,false,false,-1.6283295414177705,1.628329541417771,false,false,true,2.226109996473019,3.854439537890788,0.83,cifar10__cnn1__linf__0.1__model_seed42_itr19_sgd_itr1_w125.bin
cifar10,cnn1,model_seed42_itr19_sgd_itr1,linf,0.1,1,126,-8.203707790700719,8.079587623476982,-8.203707790700719,8.079587623476982,true,true,-1.6283295414177699,-1.6283295414177699,1.6283295414177748,1.6283295414177748,WRONG,WRONG,false,false,-1.6283295414177699,1.6283295414177748,false,false,true,0.0,1.62832954141777,4.808,cifar10__cnn1__linf__0.1__model_seed42_itr19_sgd_itr1_w126.bin
cifar10,cnn1,model_seed42_itr19_sgd_itr1,linf,0.1,1,127,-8.203707790700719,8.079587623476982,-8.203707790700719,8.079587623476982,true,true,-1.6283295414177703,-1.6283295414177703,1.62832954141777,1.62832954141777,WRONG,WRONG,false,true,-1.6283295414177703,-0.0,false,true,true,0.0,1.6283295414177694,7.808,cifar10__cnn1__linf__0.1__model_seed42_itr19_sgd_itr1_w127.bin
cifar10,cnn1,model_seed42_itr19_sgd_itr1,linf,0.1,1,128,-8.203707790700719,8.079587623476982,-8.203707790700719,8.079587623476982,true,true,-8.079587623476982,-1.62832954141777,8.079587623476982,1.62832954141777,WRONG,WRONG,false,false,-1.62832954141777,1.62832954141777,false,false,true,0.0,1.6283295414177705,0.69,cifar10__cnn1__linf__0.1__model_seed42_itr19_sgd_itr1_w128.bin
cifar10,cnn1,model_seed42_itr19_sgd_itr1,linf,0.1,1,129,-8.203707790700719,8.079587623476982,-8.203707790700719,8.079587623476982,true,true,-8.079587623476982,-1.62832954141777,8.079587623476982,1.62832954141777,WRONG,WRONG,false,false,-1.62832954141777,1.62832954141777,false,false,true,0.16941905155321868,1.7977485929709893,0.766,cifar10__cnn1__linf__0.1__model_seed42_itr19_sgd_itr1_w129.bin
cifar10,cnn1,model_seed42_itr19_sgd_itr1,linf,0.1,1,130,-8.203707790700719,8.079587623476982,-8.203707790700719,8.079587623476982,true,true,-8.079587623476982,-1.62832954141777,8.079587623476982,1.6283295414177703,WRONG,WRONG,false,false,-1.6283295414177703,1.6283295414177703,false,false,true,5.551115123125783e-17,1.6283295414177705,0.751,cifar10__cnn1__linf__0.1__model_seed42_itr19_sgd_itr1_w130.bin
cifar10,cnn1,model_seed42_itr19_sgd_itr1,linf,0.1,1,131,-8.203707790700719,8.079587623476982,-8.203707790700719,8.079587623476982,true,true,-1.628329541417769,-1.628329541417769,1.6283295414177683,1.6283295414177683,WRONG,WRONG,false,false,-1.628329541417769,1.6283295414177683,false,false,true,0.0,1.6283295414177699,3.801,cifar10__cnn1__linf__0.1__model_seed42_itr19_sgd_itr1_w131.bin
cifar10,cnn1,model_seed42_itr19_sgd_itr1,linf,0.1,1,132,-8.203707790700719,8.079587623476982,-8.203707790700719,8.079587623476982,true,true,-1.6283295414177692,-1.6283295414177692,1.6283295414177692,1.6283295414177692,WRONG,WRONG,false,false,-1.6283295414177692,1.6283295414177692,false,false,true,3.3306690738754696e-16,1.6283295414177699,3.609,cifar10__cnn1__linf__0.1__model_seed42_itr19_sgd_itr1_w132.bin
cifar10,cnn1,model_seed42_itr19_sgd_itr1,linf,0.1,1,133,-8.203707790700719,8.079587623476982,-8.203707790700719,8.079587623476982,true,true,-8.079587623476982,-1.62832954141777,1.6283295414177694,1.6283295414177694,WRONG,WRONG,false,false,-1.6283295414177696,1.6283295414177694,false,false,true,0.0,1.6283295414177705,1.998,cifar10__cnn1__linf__0.1__model_seed42_itr19_sgd_itr1_w133.bin
cifar10,cnn1,model_seed42_itr19_sgd_itr1,linf,0.1,1,134,-8.203707790700719,8.079587623476982,-8.203707790700719,8.079587623476982,true,true,-1.6283295414177696,-1.6283295414177696,8.079587623476982,1.550956293981911,WRONG,WRONG,false,false,-1.6283295414177703,1.62832954141777,false,false,true,0.28799912713795284,1.9163286685557224,11.17,cifar10__cnn1__linf__0.1__model_seed42_itr19_sgd_itr1_w134.bin
cifar10,cnn1,model_seed42_itr19_sgd_itr1,linf,0.1,1,135,-8.203707790700719,8.079587623476982,-8.203707790700719,8.079587623476982,true,true,-8.079587623476982,-1.5509562939819093,8.079587623476982,1.6283295414177705,WRONG,WRONG,false,false,-1.6283295414177692,1.6283295414177696,false,false,true,0.12022833087760146,1.671184624859512,0.845,cifar10__cnn1__linf__0.1__model_seed42_itr19_sgd_itr1_w135.bin
cifar10,cnn1,model_seed42_itr19_sgd_itr1,linf,0.1,1,136,-8.203707790700719,8.079587623476982,-8.203707790700719,8.079587623476982,true,true,-8.079587623476982,-1.62832954141777,8.079587623476982,1.6283295414177705,WRONG,WRONG,false,false,-1.62832954141777,1.6283295414177705,false,false,true,1.365404353087117,2.993733894504887,0.724,cifar10__cnn1__linf__0.1__model_seed42_itr19_sgd_itr1_w136.bin
cifar10,cnn1,model_seed42_itr19_sgd_itr1,linf,0.1,1,137,-8.203707790700719,8.079587623476982,-8.203707790700719,8.079587623476982,true,true,-1.6283295414177694,-1.6283295414177694,1.62832954141777,1.62832954141777,WRONG,WRONG,false,false,-1.6283295414177694,1.62832954141777,false,false,true,0.0,1.6283295414177692,5.572,cifar10__cnn1__linf__0.1__model_seed42_itr19_sgd_itr1_w137.bin
cifar10,cnn1,model_seed42_itr19_sgd_itr1,linf,0.1,1,138,-8.203707790700719,8.079587623476982,-8.203707790700719,8.079587623476982,true,true,-1.62832954141777,-1.62832954141777,1.6283295414177705,1.6283295414177705,WRONG,WRONG,false,false,-1.62832954141777,1.6283295414177705,false,false,true,1.033895191682177e-15,1.6283295414177708,4.761,cifar10__cnn1__linf__0.1__model_seed42_itr19_sgd_itr1_w138.bin
cifar10,cnn1,model_seed42_itr19_sgd_itr1,linf,0.1,1,139,-8.203707790700719,8.079587623476982,-8.203707790700719,8.079587623476982,true,true,-8.079587623476982,-1.6183468234607865,8.079587623476982,1.5509562939819106,WRONG,WRONG,false,false,-1.6283295414177699,1.6283295414177696,false,false,true,4.163336342344337e-17,1.6183468234607867,0.567,cifar10__cnn1__linf__0.1__model_seed42_itr19_sgd_itr1_w139.bin
cifar10,cnn1,model_seed42_itr19_sgd_itr1,linf,0.1,1,140,-8.203707790700719,8.079587623476982,-8.203707790700719,8.079587623476982,true,true,-8.079587623476982,-1.6283295414177703,8.079587623476982,1.6283295414177708,WRONG,WRONG,false,false,-1.6283295414177703,1.6283295414177708,false,false,true,8.326672684688674e-17,1.6283295414177708,0.984,cifar10__cnn1__linf__0.1__model_seed42_itr19_sgd_itr1_w140.bin
cifar10,cnn1,model_seed42_itr19_sgd_itr1,linf,0.1,1,141,-8.203707790700719,8.079587623476982,-8.203707790700719,8.079587623476982,true,true,-8.079587623476982,-1.6183468234607867,8.079587623476982,1.6283295414177705,WRONG,WRONG,false,false,-1.6283295414177692,1.62832954141777,false,false,true,0.0,1.618346823460787,0.89,cifar10__cnn1__linf__0.1__model_seed42_itr19_sgd_itr1_w141.bin
cifar10,cnn1,model_seed42_itr19_sgd_itr1,linf,0.1,1,142,-8.203707790700719,8.079587623476982,-8.203707790700719,8.079587623476982,true,true,-8.079587623476982,-1.6283295414177714,8.079587623476982,1.6283295414177708,WRONG,WRONG,false,false,-1.6283295414177714,1.6283295414177708,false,false,true,2.5095004222224215,4.137829963640192,0.775,cifar10__cnn1__linf__0.1__model_seed42_itr19_sgd_itr1_w142.bin
cifar10,cnn1,model_seed42_itr19_sgd_itr1,linf,0.1,1,143,-8.203707790700719,8.079587623476982,-8.203707790700719,8.079587623476982,true,true,-8.079587623476982,-1.6283295414177705,8.079587623476982,1.6283295414177708,WRONG,WRONG,false,false,-1.6283295414177705,1.6283295414177708,false,false,true,0.7952140667794715,2.423543608197242,0.805,cifar10__cnn1__linf__0.1__model_seed42_itr19_sgd_itr1_w143.bin
cifar10,cnn1,model_seed42_itr19_sgd_itr1,linf,0.1,1,144,-8.203707790700719,8.079587623476982,-8.203707790700719,8.079587623476982,true,true,-8.079587623476982,-1.62832954141777,8.079587623476982,1.6283295414177705,WRONG,WRONG,false,false,-1.62832954141777,1.6283295414177705,false,false,true,4.163336342344337e-17,1.6283295414177705,0.785,cifar10__cnn1__linf__0.1__model_seed42_itr19_sgd_itr1_w144.bin
cifar10,cnn1,model_seed42_itr19_sgd_itr1,linf,0.1,1,145,-8.203707790700719,8.079587623476982,-8.203707790700719,8.079587623476982,true,true,-8.079587623476982,-1.6283295414177703,8.079587623476982,1.6283295414177712,WRONG,WRONG,false,false,-1.6283295414177703,1.6283295414177712,false,false,true,0.7934199679009919,2.4217495093187615,0.737,cifar10__cnn1__linf__0.1__model_seed42_itr19_sgd_itr1_w145.bin
cifar10,cnn1,model_seed42_itr19_sgd_itr1,linf,0.1,1,146,-8.203707790700719,8.079587623476982,-8.203707790700719,8.079587623476982,true,true,-8.079587623476982,-1.5509562939819115,8.079587623476982,1.6283295414177705,WRONG,WRONG,false,false,-1.6283295414177703,1.6283295414177694,false,false,true,0.03280846412630106,1.5837647581082122,0.829,cifar10__cnn1__linf__0.1__model_seed42_itr19_sgd_itr1_w146.bin
cifar10,cnn1,model_seed42_itr19_sgd_itr1,linf,0.1,1,147,-8.203707790700719,8.079587623476982,-8.203707790700719,8.079587623476982,true,true,-8.079587623476982,-1.628329541417771,8.079587623476982,1.6283295414177705,WRONG,WRONG,false,false,-1.628329541417771,1.6283295414177705,false,false,true,0.25405341560274713,1.8823829570205177,0.561,cifar10__cnn1__linf__0.1__model_seed42_itr19_sgd_itr1_w147.bin
cifar10,cnn1,model_seed42_itr19_sgd_itr1,linf,0.1,1,148,-8.203707790700719,8.079587623476982,-8.203707790700719,8.079587623476982,true,true,-1.6283295414177692,-1.6283295414177692,1.6283295414177696,1.6283295414177696,WRONG,WRONG,false,false,-1.6283295414177692,1.6283295414177696,false,false,true,0.0,1.6283295414177692,5.13,cifar10__cnn1__linf__0.1__model_seed42_itr19_sgd_itr1_w148.bin
cifar10,cnn1,model_seed42_itr19_sgd_itr1,linf,0.1,1,149,-8.203707790700719,8.079587623476982,-8.203707790700719,8.079587623476982,true,true,-8.079587623476982,-1.628329541417771,8.079587623476982,1.628329541417771,WRONG,WRONG,false,false,-1.628329541417771,1.628329541417771,false,false,true,2.046322888822057,3.674652430239826,1.082,cifar10__cnn1__linf__0.1__model_seed42_itr19_sgd_itr1_w149.bin
cifar10,cnn1,model_seed42_itr19_sgd_itr1,linf,0.1,1,150,-8.203707790700719,8.079587623476982,-8.203707790700719,8.079587623476982,true,true,-8.079587623476982,-1.62832954141777,8.079587623476982,1.62832954141777,WRONG,WRONG,false,false,-1.62832954141777,1.62832954141777,false,false,true,0.0,1.6283295414177699,1.355,cifar10__cnn1__linf__0.1__model_seed42_itr19_sgd_itr1_w150.bin
cifar10,cnn1,model_seed42_itr19_sgd_itr1,linf,0.1,1,151,-8.203707790700719,8.079587623476982,-8.203707790700719,8.079587623476982,true,true,-8.079587623476982,-1.6283295414177705,8.079587623476982,1.6283295414177705,WRONG,WRONG,false,false,-1.6283295414177705,1.6283295414177705,false,false,true,0.0,1.6283295414177703,1.104,cifar10__cnn1__linf__0.1__model_seed42_itr19_sgd_itr1_w151.bin
cifar10,cnn1,model_seed42_itr19_sgd_itr1,linf,0.1,1,152,-8.203707790700719,8.079587623476982,-8.203707790700719,8.079587623476982,true,true,-8.079587623476982,-1.62832954141777,8.079587623476982,1.6283295414177708,WRONG,WRONG,false,false,-1.62832954141777,1.6283295414177708,false,false,true,0.0,1.6283295414177703,1.231,cifar10__cnn1__linf__0.1__model_seed42_itr19_sgd_itr1_w152.bin
cifar10,cnn1,model_seed42_itr19_sgd_itr1,linf,0.1,1,153,-8.203707790700719,8.079587623476982,-8.203707790700719,8.079587623476982,true,true,-8.079587623476982,-1.6283295414177699,8.079587623476982,1.62832954141777,WRONG,WRONG,false,false,-1.6283295414177699,1.62832954141777,false,false,true,0.0,1.6283295414177703,1.108,cifar10__cnn1__linf__0.1__model_seed42_itr19_sgd_itr1_w153.bin
cifar10,cnn1,model_seed42_itr19_sgd_itr1,linf,0.1,1,154,-8.203707790700719,8.079587623476982,-8.203707790700719,8.079587623476982,true,true,-8.079587623476982,-1.62832954141777,8.079587623476982,1.62832954141777,WRONG,WRONG,false,false,-1.62832954141777,1.62832954141777,false,false,true,7.632783294297951e-17,1.6283295414177705,1.299,cifar10__cnn1__linf__0.1__model_seed42_itr19_sgd_itr1_w154.bin
cifar10,cnn1,model_seed42_itr19_sgd_itr1,linf,0.1,1,155,-8.203707790700719,8.079587623476982,-8.203707790700719,8.079587623476982,true,true,-8.079587623476982,-1.6283295414177703,1.6283295414177699,1.6283295414177699,WRONG,WRONG,false,false,-1.6283295414177705,1.6283295414177685,false,false,true,0.0,1.6283295414177705,2.578,cifar10__cnn1__linf__0.1__model_seed42_itr19_sgd_itr1_w155.bin
cifar10,cnn1,model_seed42_itr19_sgd_itr1,linf,0.1,1,156,-8.203707790700719,8.079587623476982,-8.203707790700719,8.079587623476982,true,true,-1.6283295414177692,-1.6283295414177692,1.6283295414177699,1.6283295414177699,WRONG,WRONG,false,false,-1.6283295414177692,1.6283295414177699,false,false,true,0.0,1.6283295414177699,4.713,cifar10__cnn1__linf__0.1__model_seed42_itr19_sgd_itr1_w156.bin
cifar10,cnn1,model_seed42_itr19_sgd_itr1,linf,0.1,1,157,-8.203707790700719,8.079587623476982,-8.203707790700719,8.079587623476982,true,true,-8.079587623476982,-0.5760332232463268,8.079587623476982,1.6283295414177699,WRONG,WRONG,false,false,-1.62832954141777,1.6283295414177688,false,false,true,1.6306400674181987e-16,0.5760332232463273,0.689,cifar10__cnn1__linf__0.1__model_seed42_itr19_sgd_itr1_w157.bin
cifar10,cnn1,model_seed42_itr19_sgd_itr1,linf,0.1,1,158,-8.203707790700719,8.079587623476982,-8.203707790700719,8.079587623476982,true,true,-1.62832954141777,-1.62832954141777,1.6283295414177705,1.6283295414177705,WRONG,WRONG,false,false,-1.62832954141777,1.6283295414177705,false,false,true,1.942890293094024e-16,1.6283295414177692,5.698,cifar10__cnn1__linf__0.1__model_seed42_itr19_sgd_itr1_w158.bin
cifar10,cnn1,model_seed42_itr19_sgd_itr1,linf,0.1,1,159,-8.203707790700719,8.079587623476982,-8.203707790700719,8.079587623476982,true,true,-1.6283295414177705,-1.6283295414177705,8.079587623476982,1.5509562939819108,WRONG,WRONG,false,false,-1.6283295414177708,1.6283295414177696,false,false,true,0.06896718268581814,1.6972967241035883,3.291,cifar10__cnn1__linf__0.1__model_seed42_itr19_sgd_itr1_w159.bin
cifar10,cnn1,model_seed42_itr19_sgd_itr1,linf,0.1,1,160,-8.203707790700719,8.079587623476982,-8.203707790700719,8.079587623476982,true,true,-8.079587623476982,-1.6283295414177703,8.079587623476982,1.6283295414177703,WRONG,WRONG,false,false,-1.6283295414177703,1.6283295414177703,false,false,true,0.0,1.62832954141777,0.819,cifar10__cnn1__linf__0.1__model_seed42_itr19_sgd_itr1_w160.bin
cifar10,cnn1,model_seed42_itr19_sgd_itr1,linf,0.1,1,161,-8.203707790700719,8.079587623476982,-8.203707790700719,8.079587623476982,true,true,-8.079587623476982,-1.6283295414177703,1.6283295414177699,1.6283295414177699,WRONG,WRONG,false,false,-1.6283295414177688,1.6283295414177699,false,false,true,0.0,1.6283295414177703,3.837,cifar10__cnn1__linf__0.1__model_seed42_itr19_sgd_itr1_w161.bin
cifar10,cnn1,model_seed42_itr19_sgd_itr1,linf,0.1,1,162,-8.203707790700719,8.079587623476982,-8.203707790700719,8.079587623476982,true,true,-1.62832954141777,-1.62832954141777,1.6283295414177703,1.6283295414177703,WRONG,WRONG,false,false,-1.62832954141777,1.6283295414177703,false,false,true,3.191891195797325e-16,1.6283295414177699,4.964,cifar10__cnn1__linf__0.1__model_seed42_itr19_sgd_itr1_w162.bin
cifar10,cnn1,model_seed42_itr19_sgd_itr1,linf,0.1,1,163,-8.203707790700719,8.079587623476982,-8.203707790700719,8.079587623476982,true,true,-1.62832954141777,-1.62832954141777,1.62832954141777,1.62832954141777,WRONG,WRONG,false,false,-1.62832954141777,1.6283295414177692,false,false,true,3.7470027081099033e-16,1.6283295414177705,6.435,cifar10__cnn1__linf__0.1__model_seed42_itr19_sgd_itr1_w163.bin
cifar10,cnn1,model_seed42_itr19_sgd_itr1,linf,0.1,1,164,-8.203707790700719,8.079587623476982,-8.203707790700719,8.079587623476982,true,true,-1.6283295414177694,-1.6283295414177694,1.6283295414177692,1.6283295414177692,WRONG,WRONG,false,false,-1.6283295414177694,1.6283295414177692,false,false,true,0.0,1.6283295414177692,4.46,cifar10__cnn1__linf__0.1__model_seed42_itr19_sgd_itr1_w164.bin
cifar10,cnn1,model_seed42_itr19_sgd_itr1,linf,0.1,1,165,-8.203707790700719,8.079587623476982,-8.203707790700719,8.079587623476982,true,true,-8.079587623476982,-1.5509562939819106,8.079587623476982,1.6078708990116084,WRONG,WRONG,false,false,-1.6283295414177692,1.6283295414177705,false,false,true,0.4950356913785748,2.0459919853604855,0.935,cifar10__cnn1__linf__0.1__model_seed42_itr19_sgd_itr1_w165.bin
cifar10,cnn1,model_seed42_itr19_sgd_itr1,linf,0.1,1,166,-8.203707790700719,8.079587623476982,-8.203707790700719,8.079587623476982,true,true,-8.079587623476982,-1.6283295414177703,8.079587623476982,1.5509562939819108,WRONG,WRONG,false,false,-1.6283295414177703,1.6283295414177703,false,false,true,9.71445146547012e-17,1.6283295414177703,0.879,cifar10__cnn1__linf__0.1__model_seed42_itr19_sgd_itr1_w166.bin
cifar10,cnn1,model_seed42_itr19_sgd_itr1,linf,0.1,1,167,-8.203707790700719,8.079587623476982,-8.203707790700719,8.079587623476982,true,true,-8.079587623476982,-1.6283295414177708,8.079587623476982,1.5509562939819106,WRONG,WRONG,false,false,-1.6283295414177708,1.6283295414177688,false,false,true,0.0,1.6283295414177703,0.774,cifar10__cnn1__linf__0.1__model_seed42_itr19_sgd_itr1_w167.bin
cifar10,cnn1,model_seed42_itr19_sgd_itr1,linf,0.1,1,168,-8.203707790700719,8.079587623476982,-8.203707790700719,8.079587623476982,true,true,-1.6283295414177694,-1.6283295414177694,1.6283295414177703,1.6283295414177703,WRONG,WRONG,false,false,-1.6283295414177694,1.6283295414177703,false,false,true,0.0,1.6283295414177692,4.097,cifar10__cnn1__linf__0.1__model_seed42_itr19_sgd_itr1_w168.bin
cifar10,cnn1,model_seed42_itr19_sgd_itr1,linf,0.1,1,169,-8.203707790700719,8.079587623476982,-8.203707790700719,8.079587623476982,true,true,-8.079587623476982,-1.62832954141777,1.62832954141777,1.62832954141777,WRONG,WRONG,true,false,0.0,1.6283295414177703,true,false,true,0.0,1.6283295414177705,2.583,cifar10__cnn1__linf__0.1__model_seed42_itr19_sgd_itr1_w169.bin
cifar10,cnn1,model_seed42_itr19_sgd_itr1,linf,0.1,1,170,-8.203707790700719,8.079587623476982,-8.203707790700719,8.079587623476982,true,true,-8.079587623476982,-1.6283295414177703,8.079587623476982,1.6283295414177703,WRONG,WRONG,false,false,-1.6283295414177703,1.6283295414177703,false,false,true,0.7185748735242616,2.3469044149420313,0.927,cifar10__cnn1__linf__0.1__model_seed42_itr19_sgd_itr1_w170.bin
cifar10,cnn1,model_seed42_itr19_sgd_itr1,linf,0.1,1,171,-8.203707790700719,8.079587623476982,-8.203707790700719,8.079587623476982,true,true,-8.079587623476982,-1.6283295414177703,1.6283295414177694,1.6283295414177694,WRONG,WRONG,false,false,-1.6283295414177692,1.6283295414177694,false,false,true,1.3877787807814457e-17,1.62832954141777,3.037,cifar10__cnn1__linf__0.1__model_seed42_itr19_sgd_itr1_w171.bin
cifar10,cnn1,model_seed42_itr19_sgd_itr1,linf,0.1,1,172,-8.203707790700719,8.079587623476982,-8.203707790700719,8.079587623476982,true,true,-1.6283295414177699,-1.6283295414177699,1.628329541417771,1.628329541417771,WRONG,WRONG,false,false,-1.6283295414177699,1.628329541417771,false,false,true,1.1796119636642288e-16,1.6283295414177699,3.868,cifar10__cnn1__linf__0.1__model_seed42_itr19_sgd_itr1_w172.bin
cifar10,cnn1,model_seed42_itr19_sgd_itr1,linf,0.1,1,173,-8.203707790700719,8.079587623476982,-8.203707790700719,8.079587623476982,true,true,-8.079587623476982,-1.6283295414177705,1.6283295414177705,1.6283295414177705,WRONG,WRONG,false,false,-1.6283295414177699,1.62832954141777,false,false,true,0.0,1.6283295414177703,3.148,cifar10__cnn1__linf__0.1__model_seed42_itr19_sgd_itr1_w173.bin
cifar10,cnn1,model_seed42_itr19_sgd_itr1,linf,0.1,1,174,-8.203707790700719,8.079587623476982,-8.203707790700719,8.079587623476982,true,true,-8.079587623476982,-1.6283295414177705,8.079587623476982,1.62832954141777,WRONG,WRONG,false,false,-1.6283295414177705,1.62832954141777,false,false,true,2.3245294578089215e-16,1.6283295414177705,0.693,cifar10__cnn1__linf__0.1__model_seed42_itr19_sgd_itr1_w174.bin
cifar10,cnn1,model_seed42_itr19_sgd_itr1,linf,0.1,1,175,-8.203707790700719,8.079587623476982,-8.203707790700719,8.079587623476982,true,true,-8.079587623476982,-1.6283295414177703,1.6283295414177685,1.6283295414177685,WRONG,WRONG,false,false,-1.6283295414177694,1.6283295414177685,false,false,true,0.0,1.6283295414177705,3.221,cifar10__cnn1__linf__0.1__model_seed42_itr19_sgd_itr1_w175.bin
cifar10,cnn1,model_seed42_itr19_sgd_itr1,linf,0.1,1,176,-8.203707790700719,8.079587623476982,-8.203707790700719,8.079587623476982,true,true,-8.079587623476982,-1.6283295414177705,1.6283295414177708,1.6283295414177708,WRONG,WRONG,false,false,-1.62832954141777,1.6283295414177708,false,false,true,0.0,1.62832954141777,2.53,cifar10__cnn1__linf__0.1__model_seed42_itr19_sgd_itr1_w176.bin
cifar10,cnn1,model_seed42_itr19_sgd_itr1,linf,0.1,1,177,-8.203707790700719,8.079587623476982,-8.203707790700719,8.079587623476982,true,true,-8.079587623476982,-1.62832954141777,8.079587623476982,1.62832954141777,WRONG,WRONG,false,false,-1.62832954141777,1.62832954141777,false,false,true,0.0,1.6283295414177703,0.896,cifar10__cnn1__linf__0.1__model_seed42_itr19_sgd_itr1_w177.bin
cifar10,cnn1,model_seed42_itr19_sgd_itr1,linf,0.1,1,178,-8.203707790700719,8.079587623476982,-8.203707790700719,8.079587623476982,true,true,-8.079587623476982,-1.6283295414177705,8.079587623476982,1.6283295414177703,WRONG,WRONG,false,false,-1.6283295414177705,1.6283295414177703,false,false,true,0.0,1.62832954141777,1.001,cifar10__cnn1__linf__0.1__model_seed42_itr19_sgd_itr1_w178.bin
cifar10,cnn1,model_seed42_itr19_sgd_itr1,linf,0.1,1,179,-8.203707790700719,8.079587623476982,-8.203707790700719,8.079587623476982,true,true,-8.079587623476982,-1.5509562939819108,8.079587623476982,1.628329541417771,WRONG,WRONG,false,false,-1.628329541417768,1.6283295414177978,false,false,true,0.0,1.550956293981911,0.937,cifar10__cnn1__linf__0.1__model_seed42_itr19_sgd_itr1_w179.bin
cifar10,cnn1,model_seed42_itr19_sgd_itr1,linf,0.1,1,180,-8.203707790700719,8.079587623476982,-8.203707790700719,8.079587623476982,true,true,-8.079587623476982,-1.6283295414177703,8.079587623476982,1.6283295414177699,WRONG,WRONG,false,false,-1.6283295414177703,1.6283295414177699,false,false,true,0.0,1.6283295414177705,0.98,cifar10__cnn1__linf__0.1__model_seed42_itr19_sgd_itr1_w180.bin
cifar10,cnn1,model_seed42_itr19_sgd_itr1,linf,0.1,1,181,-8.203707790700719,8.079587623476982,-8.203707790700719,8.079587623476982,true,true,-8.079587623476982,-1.5509562939819106,1.6283295414177692,1.6283295414177692,WRONG,WRONG,false,false,-1.6283295414177696,1.6283295414177692,false,false,true,0.0,1.5509562939819106,2.283,cifar10__cnn1__linf__0.1__model_seed42_itr19_sgd_itr1_w181.bin
cifar10,cnn1,model_seed42_itr19_sgd_itr1,linf,0.1,1,182,-8.203707790700719,8.079587623476982,-8.203707790700719,8.079587623476982,true,true,-1.6283295414177696,-1.6283295414177696,1.62832954141777,1.62832954141777,WRONG,WRONG,false,false,-1.6283295414177696,1.62832954141777,false,false,true,5.967448757360216e-16,1.6283295414177705,4.0,cifar10__cnn1__linf__0.1__model_seed42_itr19_sgd_itr1_w182.bin
cifar10,cnn1,model_seed42_itr19_sgd_itr1,linf,0.1,1,183,-8.203707790700719,8.079587623476982,-8.203707790700719,8.079587623476982,true,true,-1.6283295414177692,-1.6283295414177692,1.6283295414177692,1.6283295414177692,WRONG,WRONG,false,false,-1.6283295414177705,1.6283295414177705,false,false,true,0.0,1.62832954141777,3.748,cifar10__cnn1__linf__0.1__model_seed42_itr19_sgd_itr1_w183.bin
cifar10,cnn1,model_seed42_itr19_sgd_itr1,linf,0.1,1,184,-8.203707790700719,8.079587623476982,-8.203707790700719,8.079587623476982,true,true,-8.079587623476982,-1.62832954141777,8.079587623476982,1.62832954141777,WRONG,WRONG,false,false,-1.62832954141777,1.62832954141777,false,false,true,4.163336342344337e-17,1.6283295414177703,0.815,cifar10__cnn1__linf__0.1__model_seed42_itr19_sgd_itr1_w184.bin
cifar10,cnn1,model_seed42_itr19_sgd_itr1,linf,0.1,1,185,-8.203707790700719,8.079587623476982,-8.203707790700719,8.079587623476982,true,true,-8.079587623476982,-1.548103562903058,8.079587623476982,1.6283295414177699,WRONG,WRONG,false,false,-1.548103562903058,1.6283295414177699,false,false,true,0.8339111346576864,2.382014697560744,0.761,cifar10__cnn1__linf__0.1__model_seed42_itr19_sgd_itr1_w185.bin
cifar10,cnn1,model_seed42_itr19_sgd_itr1,linf,0.1,1,186,-8.203707790700719,8.079587623476982,-8.203707790700719,8.079587623476982,true,true,-8.079587623476982,-1.62832954141777,8.079587623476982,1.5509562939819106,WRONG,WRONG,false,false,-1.62832954141777,1.62832954141777,false,false,true,0.3068547962882243,1.9351843377059947,0.835,cifar10__cnn1__linf__0.1__model_seed42_itr19_sgd_itr1_w186.bin
cifar10,cnn1,model_seed42_itr19_sgd_itr1,linf,0.1,1,187,-8.203707790700719,8.079587623476982,-8.203707790700719,8.079587623476982,true,true,-8.079587623476982,-1.5509562939819106,8.079587623476982,1.6283295414177699,WRONG,WRONG,false,false,-1.62832954141777,1.6283295414177679,false,false,true,0.0,1.5509562939819108,0.82,cifar10__cnn1__linf__0.1__model_seed42_itr19_sgd_itr1_w187.bin
cifar10,cnn1,model_seed42_itr19_sgd_itr1,linf,0.1,1,188,-8.203707790700719,8.079587623476982,-8.203707790700719,8.079587623476982,true,true,-1.6283295414177694,-1.6283295414177694,1.6283295414177694,1.6283295414177694,WRONG,WRONG,true,false,0.0,1.6283295414177708,true,false,true,5.273559366969494e-16,1.6283295414177708,10.921,cifar10__cnn1__linf__0.1__model_seed42_itr19_sgd_itr1_w188.bin
cifar10,cnn1,model_seed42_itr19_sgd_itr1,linf,0.1,1,189,-8.203707790700719,8.079587623476982,-8.203707790700719,8.079587623476982,true,true,-1.6283295414177692,-1.6283295414177692,1.6283295414177712,1.6283295414177712,WRONG,WRONG,false,false,-1.6283295414177692,1.6283295414177712,false,false,true,3.9898639947466563e-16,1.6283295414177705,5.722,cifar10__cnn1__linf__0.1__model_seed42_itr19_sgd_itr1_w189.bin
cifar10,cnn1,model_seed42_itr19_sgd_itr1,linf,0.1,1,190,-8.203707790700719,8.079587623476982,-8.203707790700719,8.079587623476982,true,true,-8.079587623476982,-1.62832954141777,8.079587623476982,1.6283295414177699,WRONG,WRONG,false,false,-1.62832954141777,1.6283295414177699,false,false,true,0.0,1.6283295414177703,0.804,cifar10__cnn1__linf__0.1__model_seed42_itr19_sgd_itr1_w190.bin
cifar10,cnn1,model_seed42_itr19_sgd_itr1,linf,0.1,1,191,-8.203707790700719,8.079587623476982,-8.203707790700719,8.079587623476982,true,true,-8.079587623476982,-1.6283295414177705,8.079587623476982,1.6283295414177703,WRONG,WRONG,false,false,-1.6283295414177705,1.6283295414177703,false,false,true,0.0,1.6283295414177705,0.913,cifar10__cnn1__linf__0.1__model_seed42_itr19_sgd_itr1_w191.bin
cifar10,cnn1,model_seed42_itr19_sgd_itr1,linf,0.1,1,192,-8.203707790700719,8.079587623476982,-8.203707790700719,8.079587623476982,true,true,-8.079587623476982,-1.2307679479041425,8.079587623476982,1.6283295414177705,WRONG,WRONG,false,false,-1.6283295414177703,1.6283295414177699,false,false,true,1.8041124150158794e-16,1.2307679479041425,0.82,cifar10__cnn1__linf__0.1__model_seed42_itr19_sgd_itr1_w192.bin
cifar10,cnn1,model_seed42_itr19_sgd_itr1,linf,0.1,1,193,-8.203707790700719,8.079587623476982,-8.203707790700719,8.079587623476982,true,true,-8.079587623476982,-1.62832954141777,8.079587623476982,1.62832954141777,WRONG,WRONG,false,false,-1.62832954141777,1.62832954141777,false,false,true,0.0,1.6283295414177705,0.817,cifar10__cnn1__linf__0.1__model_seed42_itr19_sgd_itr1_w193.bin
cifar10,cnn1,model_seed42_itr19_sgd_itr1,linf,0.1,1,194,-8.203707790700719,8.079587623476982,-8.203707790700719,8.079587623476982,true,true,-8.079587623476982,-1.6283295414177703,8.079587623476982,1.6283295414177703,WRONG,WRONG,false,false,-1.6283295414177703,1.6283295414177703,false,false,true,5.551115123125783e-17,1.6283295414177705,0.856,cifar10__cnn1__linf__0.1__model_seed42_itr19_sgd_itr1_w194.bin
cifar10,cnn1,model_seed42_itr19_sgd_itr1,linf,0.1,1,195,-8.203707790700719,8.079587623476982,-8.203707790700719,8.079587623476982,true,true,-8.079587623476982,-1.62832954141777,8.079587623476982,1.62832954141777,WRONG,WRONG,false,false,-1.62832954141777,1.62832954141777,false,false,true,9.71445146547012e-17,1.6283295414177705,0.93,cifar10__cnn1__linf__0.1__model_seed42_itr19_sgd_itr1_w195.bin
cifar10,cnn1,model_seed42_itr19_sgd_itr1,linf,0.1,1,196,-8.203707790700719,8.079587623476982,-8.203707790700719,8.079587623476982,true,true,-8.079587623476982,-1.6283295414177703,8.079587623476982,1.62832954141777,WRONG,WRONG,false,false,-1.6283295414177703,1.62832954141777,false,false,true,0.0,1.6283295414177705,0.8,cifar10__cnn1__linf__0.1__model_seed42_itr19_sgd_itr1_w196.bin
cifar10,cnn1,model_seed42_itr19_sgd_itr1,linf,0.1,1,197,-8.203707790700719,8.079587623476982,-8.203707790700719,8.079587623476982,true,true,-8.079587623476982,-1.6283295414177703,8.079587623476982,1.6283295414177708,WRONG,WRONG,false,false,-1.6283295414177703,1.6283295414177708,false,false,true,1.1102230246251565e-16,1.6283295414177705,0.862,cifar10__cnn1__linf__0.1__model_seed42_itr19_sgd_itr1_w197.bin
cifar10,cnn1,model_seed42_itr19_sgd_itr1,linf,0.1,1,198,-8.203707790700719,8.079587623476982,-8.203707790700719,8.079587623476982,true,true,-8.079587623476982,-1.6283295414177703,8.079587623476982,1.62832954141777,WRONG,WRONG,false,false,-1.6283295414177703,1.62832954141777,false,false,true,8.326672684688674e-17,1.62832954141777,0.839,cifar10__cnn1__linf__0.1__model_seed42_itr19_sgd_itr1_w198.bin
cifar10,cnn1,model_seed42_itr19_sgd_itr1,linf,0.1,1,199,-8.203707790700719,8.079587623476982,-8.203707790700719,8.079587623476982,true,true,-8.079587623476982,-1.6283295414177703,8.079587623476982,1.6283295414177703,WRONG,WRONG,false,false,-1.6283295414177703,1.6283295414177703,false,false,true,1.3877787807814457e-17,1.6283295414177708,0.813,cifar10__cnn1__linf__0.1__model_seed42_itr19_sgd_itr1_w199.bin
cifar10,cnn1,model_seed42_itr19_sgd_itr1,linf,0.1,1,200,-8.203707790700719,8.079587623476982,-8.203707790700719,8.079587623476982,true,true,-8.079587623476982,-1.6283295414177703,8.079587623476982,1.62832954141777,WRONG,WRONG,false,false,-1.6283295414177703,1.62832954141777,false,false,true,1.3877787807814457e-17,1.6283295414177705,0.864,cifar10__cnn1__linf__0.1__model_seed42_itr19_sgd_itr1_w200.bin
cifar10,cnn1,model_seed42_itr19_sgd_itr1,linf,0.1,1,201,-0.007634494946614723,0.0025161929546300144,-0.007634494946614723,0.002515942867498211,true,false,-0.0010150687901244735,-0.0010150687901244735,0.0025161929546300144,0.0010056266356489308,WRONG,n/a,false,false,-0.0010150410026653846,NaN,false,n/a,true,2.3750965515998893e-6,0.0010174438866760735,3.276,cifar10__cnn1__linf__0.1__model_seed42_itr19_sgd_itr1_w201.bin
cifar10,cnn1,model_seed42_itr19_sgd_itr1,linf,0.1,1,202,-0.007634494946614723,0.0025161929546300144,-0.007634494946614723,0.002515942867498211,true,false,-0.001015068790124474,-0.001015068790124474,0.0025161929546300144,0.001005626635648931,WRONG,n/a,false,false,-0.0010150410026653844,NaN,false,n/a,true,1.3485355679437682e-6,0.0010164173256924174,2.586,cifar10__cnn1__linf__0.1__model_seed42_itr19_sgd_itr1_w202.bin
cifar10,cnn1,model_seed42_itr19_sgd_itr1,linf,0.1,1,203,-0.007634494946614723,0.0025161929546300144,-0.007634494946614723,0.002515942867498211,true,false,-0.001015068790124474,-0.001015068790124474,0.0010150687901244737,0.0010150687901244737,WRONG,n/a,false,false,-0.001015068790124474,NaN,false,n/a,true,1.7618285302889447e-19,0.0010150687901244737,3.766,cifar10__cnn1__linf__0.1__model_seed42_itr19_sgd_itr1_w203.bin
cifar10,cnn1,model_seed42_itr19_sgd_itr1,linf,0.1,1,204,-0.007634494946614723,0.0025161929546300144,-0.007634494946614723,0.002515942867498211,true,false,-0.0010150687901244741,-0.0010150687901244741,0.0025161929546300144,0.001005626635648931,WRONG,n/a,false,false,-0.0010150410026653844,NaN,false,n/a,true,0.00011931348640083842,0.001134382276525312,2.62,cifar10__cnn1__linf__0.1__model_seed42_itr19_sgd_itr1_w204.bin
cifar10,cnn1,model_seed42_itr19_sgd_itr1,linf,0.1,1,205,-0.007634494946614723,0.0025161929546300144,-0.007634494946614723,0.002515942867498211,true,false,-0.001015068790124474,-0.001015068790124474,0.0010150687901244741,0.0010150687901244741,WRONG,n/a,false,false,-0.001015068790124474,NaN,false,n/a,true,2.0328790734103208e-19,0.0010150687901244737,4.096,cifar10__cnn1__linf__0.1__model_seed42_itr19_sgd_itr1_w205.bin
cifar10,cnn1,model_seed42_itr19_sgd_itr1,linf,0.1,1,206,-0.007634494946614723,0.0025161929546300144,-0.007634494946614723,0.002515942867498211,true,false,-0.0010150687901244737,-0.0010150687901244737,0.0025161929546300144,0.0010015504521712322,WRONG,n/a,false,false,-0.001015013215206295,NaN,false,n/a,true,7.480322889097583e-6,0.0010225491130135711,2.166,cifar10__cnn1__linf__0.1__model_seed42_itr19_sgd_itr1_w206.bin
cifar10,cnn1,model_seed42_itr19_sgd_itr1,linf,0.1,1,207,-0.007634494946614723,0.0025161929546300144,-0.007634494946614723,0.002515942867498211,true,false,-0.0010150687901244737,-0.0010150687901244737,0.0025161929546300144,0.0010150410026653844,WRONG,n/a,false,false,-0.0010150410026653846,NaN,false,n/a,true,1.32388638916587e-6,0.0010163926765136395,3.461,cifar10__cnn1__linf__0.1__model_seed42_itr19_sgd_itr1_w207.bin
cifar10,cnn1,model_seed42_itr19_sgd_itr1,linf,0.1,1,208,-0.007634494946614723,0.0025161929546300144,-0.007634494946614723,0.002515942867498211,true,false,-0.0010150687901244728,-0.0010150687901244728,0.0010150687901244735,0.0010150687901244735,WRONG,n/a,false,false,-0.0010150687901244728,NaN,false,n/a,true,0.0,0.001015068790124473,3.937,cifar10__cnn1__linf__0.1__model_seed42_itr19_sgd_itr1_w208.bin
cifar10,cnn1,model_seed42_itr19_sgd_itr1,linf,0.1,1,209,-0.007634494946614723,0.0025161929546300144,-0.007634494946614723,0.002515942867498211,true,false,-0.0010150687901244735,-0.0010150687901244735,0.0025161929546300144,0.0010065575223808382,WRONG,n/a,false,false,-0.0010150410026653844,NaN,false,n/a,true,8.046416202658751e-5,0.0010955329521510613,2.375,cifar10__cnn1__linf__0.1__model_seed42_itr19_sgd_itr1_w209.bin
cifar10,cnn1,model_seed42_itr19_sgd_itr1,linf,0.1,1,210,-0.007634494946614723,0.0025161929546300144,-0.007634494946614723,0.002515942867498211,true,false,-0.0010150687901244737,-0.0010150687901244737,0.0025161929546300144,0.0010150410026653844,WRONG,n/a,false,false,-0.0010150410026653844,NaN,false,n/a,true,7.005340078218332e-5,0.0010851221909066568,2.117,cifar10__cnn1__linf__0.1__model_seed42_itr19_sgd_itr1_w210.bin
cifar10,cnn1,model_seed42_itr19_sgd_itr1,linf,0.1,1,211,-0.007634494946614723,0.0025161929546300144,-0.007634494946614723,0.002515942867498211,true,false,-0.0010150687901244741,-0.0010150687901244741,0.0025161929546300144,0.0010150410026653844,WRONG,n/a,false,false,-0.0010150410026653844,NaN,false,n/a,true,8.329052803938028e-6,0.0010233978429284119,2.312,cifar10__cnn1__linf__0.1__model_seed42_itr19_sgd_itr1_w211.bin
cifar10,cnn1,model_seed42_itr19_sgd_itr1,linf,0.1,1,212,-0.007634494946614723,0.0025161929546300144,-0.007634494946614723,0.002515942867498211,true,false,-0.0010150687901244737,-0.0010150687901244737,0.0025161929546300144,0.001005626635648931,WRONG,n/a,false,false,-0.0010150410026653846,NaN,false,n/a,true,4.898090895598621e-5,0.0010640496990804598,3.102,cifar10__cnn1__linf__0.1__model_seed42_itr19_sgd_itr1_w212.bin
cifar10,cnn1,model_seed42_itr19_sgd_itr1,linf,0.1,1,213,-0.007634494946614723,0.0025161929546300144,-0.007634494946614723,0.002515942867498211,true,false,-0.001015068790124474,-0.001015068790124474,0.001015068790124474,0.001015068790124474,WRONG,n/a,false,false,-0.001015068790124474,NaN,false,n/a,true,1.4907779871675686e-19,0.0010150687901244737,4.056,cifar10__cnn1__linf__0.1__model_seed42_itr19_sgd_itr1_w213.bin
cifar10,cnn1,model_seed42_itr19_sgd_itr1,linf,0.1,1,214,-0.007634494946614723,0.0025161929546300144,-0.007634494946614723,0.002515942867498211,true,false,-0.0010150687901244733,-0.0010150687901244733,0.001015068790124474,0.001015068790124474,WRONG,n/a,false,false,-0.001015068790124474,NaN,false,n/a,true,0.0,0.0010150687901244733,3.937,cifar10__cnn1__linf__0.1__model_seed42_itr19_sgd_itr1_w214.bin
cifar10,cnn1,model_seed42_itr19_sgd_itr1,linf,0.1,1,215,-0.007634494946614723,0.0025161929546300144,-0.007634494946614723,0.002515942867498211,true,false,-0.001015068790124474,-0.001015068790124474,0.0025161929546300144,0.0009659393026904098,WRONG,n/a,false,false,-0.0010150410026653841,NaN,false,n/a,true,6.557958872724098e-5,0.0010806483788517148,2.891,cifar10__cnn1__linf__0.1__model_seed42_itr19_sgd_itr1_w215.bin
cifar10,cnn1,model_seed42_itr19_sgd_itr1,linf,0.1,1,216,-0.007634494946614723,0.0025161929546300144,-0.007634494946614723,0.002515942867498211,true,false,-0.0010150687901244737,-0.0010150687901244737,0.0025161929546300144,0.0010065575223808382,WRONG,n/a,false,false,-0.0010150132152062948,NaN,false,n/a,true,1.0016172193657858e-6,0.0010160704073438392,2.718,cifar10__cnn1__linf__0.1__model_seed42_itr19_sgd_itr1_w216.bin
cifar10,cnn1,model_seed42_itr19_sgd_itr1,linf,0.1,1,217,-0.007634494946614723,0.0025161929546300144,-0.007634494946614723,0.002515942867498211,true,false,-0.0010150687901244744,-0.0010150687901244744,0.001015068790124473,0.001015068790124473,WRONG,n/a,false,false,-0.0010150410026653844,NaN,false,n/a,true,6.911788849595091e-19,0.0010150687901244741,5.068,cifar10__cnn1__linf__0.1__model_seed42_itr19_sgd_itr1_w217.bin
cifar10,cnn1,model_seed42_itr19_sgd_itr1,linf,0.1,1,218,-0.007634494946614723,0.0025161929546300144,-0.007634494946614723,0.002515942867498211,true,false,-0.001015068790124474,-0.001015068790124474,0.0025161929546300144,0.0010150687901244735,WRONG,n/a,false,false,-0.001015013215206295,NaN,false,n/a,true,0.00014448065386999835,0.0011595494439944718,2.738,cifar10__cnn1__linf__0.1__model_seed42_itr19_sgd_itr1_w218.bin
cifar10,cnn1,model_seed42_itr19_sgd_itr1,linf,0.1,1,219,-0.007634494946614723,0.0025161929546300144,-0.007634494946614723,0.002515942867498211,true,false,-0.0010150687901244735,-0.0010150687901244735,0.0025161929546300144,0.0010150410026653844,WRONG,n/a,false,false,-0.0010150410026653844,NaN,false,n/a,true,3.129625861963797e-5,0.0010463650487441115,4.012,cifar10__cnn1__linf__0.1__model_seed42_itr19_sgd_itr1_w219.bin
cifar10,cnn1,model_seed42_itr19_sgd_itr1,linf,0.1,1,220,-0.007634494946614723,0.0025161929546300144,-0.007634494946614723,0.002515942867498211,true,false,-0.0010150687901244744,-0.0010150687901244744,0.0010150687901244737,0.0010150687901244737,WRONG,n/a,false,false,-0.0010150687901244744,NaN,false,n/a,true,9.486769009248164e-20,0.0010150687901244737,3.915,cifar10__cnn1__linf__0.1__model_seed42_itr19_sgd_itr1_w220.bin
cifar10,cnn1,model_seed42_itr19_sgd_itr1,linf,0.1,1,221,-0.007634494946614723,0.0025161929546300144,-0.007634494946614723,0.002515942867498211,true,false,-0.0010150687901244735,-0.0010150687901244735,0.0025161929546300144,0.0010150410026653844,WRONG,n/a,false,false,-0.0010150410026653844,NaN,false,n/a,true,2.5668793697296565e-5,0.00104073758382177,2.395,cifar10__cnn1__linf__0.1__model_seed42_itr19_sgd_itr1_w221.bin
cifar10,cnn1,model_seed42_itr19_sgd_itr1,linf,0.1,1,222,-0.007634494946614723,0.0025161929546300144,-0.007634494946614723,0.002515942867498211,true,false,-0.0010150687901244737,-0.0010150687901244737,0.0025161929546300144,0.0010056266356489305,WRONG,n/a,false,false,-0.001015013215206295,NaN,false,n/a,true,1.4885612886436024e-5,0.0010299544030109096,3.011,cifar10__cnn1__linf__0.1__model_seed42_itr19_sgd_itr1_w222.bin
cifar10,cnn1,model_seed42_itr19_sgd_itr1,linf,0.1,1,223,-0.007634494946614723,0.0025161929546300144,-0.007634494946614723,0.002515942867498211,true,false,-0.001015068790124474,-0.001015068790124474,0.0025161929546300144,0.001015068790124474,WRONG,n/a,false,false,-0.0010150410026653844,NaN,false,n/a,true,1.4907779871675686e-19,0.0010150687901244737,2.931,cifar10__cnn1__linf__0.1__model_seed42_itr19_sgd_itr1_w223.bin
cifar10,cnn1,model_seed42_itr19_sgd_itr1,linf,0.1,1,224,-0.007634494946614723,0.0025161929546300144,-0.007634494946614723,0.002515942867498211,true,false,-0.0010150687901244737,-0.0010150687901244737,0.0010150687901244735,0.0010150687901244735,WRONG,n/a,false,false,-0.0010150687901244737,NaN,false,n/a,true,0.0,0.0010150687901244735,3.616,cifar10__cnn1__linf__0.1__model_seed42_itr19_sgd_itr1_w224.bin
cifar10,cnn1,model_seed42_itr19_sgd_itr1,linf,0.1,1,225,-0.007634494946614723,0.0025161929546300144,-0.007634494946614723,0.0025161929546300144,true,true,-0.0010150687901244735,-0.0010150687901244735,0.0025161929546300144,0.0010150687901244737,WRONG,WRONG,false,false,-0.001015036502284294,0.0010150687901244737,false,false,true,7.311754177370709e-5,0.0010881863318981807,3.049,cifar10__cnn1__linf__0.1__model_seed42_itr19_sgd_itr1_w225.bin
cifar10,cnn1,model_seed42_itr19_sgd_itr1,linf,0.1,1,226,-0.007634494946614723,0.0025161929546300144,-0.007634494946614723,0.0025161929546300144,true,true,-0.0010150687901244737,-0.0010150687901244737,0.0025161929546300144,0.0010150410026653841,WRONG,WRONG,false,false,-0.0010150132152062952,0.0010150410026653841,false,false,true,3.416010158171247e-5,0.0010492288917061862,3.138,cifar10__cnn1__linf__0.1__model_seed42_itr19_sgd_itr1_w226.bin
cifar10,cnn1,model_seed42_itr19_sgd_itr1,linf,0.1,1,227,-0.007634494946614723,0.0025161929546300144,-0.007634494946614723,0.002515942867498211,true,false,-0.001015068790124474,-0.001015068790124474,0.0025161929546300144,0.0010150687901244735,WRONG,n/a,false,false,-0.0010150132152062952,NaN,false,n/a,true,2.2497383242790908e-5,0.0010375661733672643,3.233,cifar10__cnn1__linf__0.1__model_seed42_itr19_sgd_itr1_w227.bin
cifar10,cnn1,model_seed42_itr19_sgd_itr1,linf,0.1,1,228,-0.007634494946614723,0.0025161929546300144,-0.007634494946614723,0.002515942867498211,true,false,-0.0010150410026653841,-0.0010150410026653841,0.0010150687901244735,0.0010150687901244735,WRONG,n/a,false,false,-0.0010150410026653846,NaN,false,n/a,true,0.0,0.0010150410026653844,5.252,cifar10__cnn1__linf__0.1__model_seed42_itr19_sgd_itr1_w228.bin
cifar10,cnn1,model_seed42_itr19_sgd_itr1,linf,0.1,1,229,-0.007634494946614723,0.0025161929546300144,-0.007634494946614723,0.002515942867498211,true,false,-0.0010150687901244735,-0.0010150687901244735,0.0010150687901244737,0.0010150687901244737,WRONG,n/a,false,false,-0.0010150687901244735,NaN,false,n/a,true,0.0,0.0010150687901244737,4.13,cifar10__cnn1__linf__0.1__model_seed42_itr19_sgd_itr1_w229.bin
cifar10,cnn1,model_seed42_itr19_sgd_itr1,linf,0.1,1,230,-0.007634494946614723,0.0025161929546300144,-0.007634494946614723,0.002515942867498211,true,false,-0.0010150687901244737,-0.0010150687901244737,0.0025161929546300144,0.0010150410026653844,WRONG,n/a,false,false,-0.0010150410026653844,NaN,false,n/a,true,0.00015535300461096986,0.0011704217947354435,2.726,cifar10__cnn1__linf__0.1__model_seed42_itr19_sgd_itr1_w230.bin
cifar10,cnn1,model_seed42_itr19_sgd_itr1,linf,0.1,1,231,-0.007634494946614723,0.0025161929546300144,-0.007634494946614723,0.002515942867498211,true,false,-0.0010150687901244737,-0.0010150687901244737,0.0010150410026653891,0.0010150410026653891,WRONG,n/a,false,false,-0.0010150687901244737,NaN,false,n/a,true,0.0,0.0010150687901244735,3.773,cifar10__cnn1__linf__0.1__model_seed42_itr19_sgd_itr1_w231.bin
cifar10,cnn1,model_seed42_itr19_sgd_itr1,linf,0.1,1,232,-0.007634494946614723,0.0025161929546300144,-0.007634494946614723,0.002515942867498211,true,false,-0.0010150410026653844,-0.0010150410026653844,0.0010150687901244737,0.0010150687901244737,WRONG,n/a,false,false,-0.0010150410026653844,NaN,false,n/a,true,0.0,0.0010150410026653844,4.857,cifar10__cnn1__linf__0.1__model_seed42_itr19_sgd_itr1_w232.bin
cifar10,cnn1,model_seed42_itr19_sgd_itr1,linf,0.1,1,233,-0.007634494946614723,0.0025161929546300144,-0.007634494946614723,0.002515942867498211,true,false,-0.001015068790124474,-0.001015068790124474,0.0025161929546300144,0.0010015058093451796,WRONG,n/a,false,false,-0.001015013215206295,NaN,false,n/a,true,0.00021436179451221583,0.0012294305846366894,4.026,cifar10__cnn1__linf__0.1__model_seed42_itr19_sgd_itr1_w233.bin
cifar10,cnn1,model_seed42_itr19_sgd_itr1,linf,0.1,1,234,-0.007634494946614723,0.0025161929546300144,-0.007634494946614723,0.0025161929546300144,true,true,-0.0010150687901244735,-0.0010150687901244735,0.0025161929546300144,0.0010150132152062952,WRONG,WRONG,false,false,-0.0010150687901244737,0.0010150132152062952,false,false,true,0.0,0.0010150687901244737,4.215,cifar10__cnn1__linf__0.1__model_seed42_itr19_sgd_itr1_w234.bin
cifar10,cnn1,model_seed42_itr19_sgd_itr1,linf,0.1,1,235,-0.007634494946614723,0.0025161929546300144,-0.007634494946614723,0.002515942867498211,true,false,-0.001015068790124474,-0.001015068790124474,0.0010150687901244741,0.0010150687901244741,WRONG,n/a,false,false,-0.001015013215206295,NaN,false,n/a,true,1.6263032587282567e-19,0.0010150687901244737,5.266,cifar10__cnn1__linf__0.1__model_seed42_itr19_sgd_itr1_w235.bin
cifar10,cnn1,model_seed42_itr19_sgd_itr1,linf,0.1,1,236,-0.007634494946614723,0.0025161929546300144,-0.007634494946614723,0.002515942867498211,true,false,-0.001015068790124474,-0.001015068790124474,0.0025161929546300144,0.0010150410026653844,WRONG,n/a,false,false,-0.001015041002665385,NaN,false,n/a,true,0.00020591431949820444,0.0012209831096226778,3.463,cifar10__cnn1__linf__0.1__model_seed42_itr19_sgd_itr1_w236.bin
cifar10,cnn1,model_seed42_itr19_sgd_itr1,linf,0.1,1,237,-0.007634494946614723,0.0025161929546300144,-0.007634494946614723,0.002515942867498211,true,false,-0.0010150687901244735,-0.0010150687901244735,0.0025161929546300144,0.0009848356924551458,WRONG,n/a,false,false,-0.0010150687901244737,NaN,false,n/a,true,7.488150391640893e-7,0.0010158176051636378,2.292,cifar10__cnn1__linf__0.1__model_seed42_itr19_sgd_itr1_w237.bin
cifar10,cnn1,model_seed42_itr19_sgd_itr1,linf,0.1,1,238,-0.007634494946614723,0.0025161929546300144,-0.007634494946614723,0.002515942867498211,true,false,-0.001015068790124474,-0.001015068790124474,0.0025161929546300144,0.001005626635648931,WRONG,n/a,false,false,-0.0010150410026653841,NaN,false,n/a,true,4.6897324959915796e-5,0.0010619661150843894,2.93,cifar10__cnn1__linf__0.1__model_seed42_itr19_sgd_itr1_w238.bin
cifar10,cnn1,model_seed42_itr19_sgd_itr1,linf,0.1,1,239,-0.007634494946614723,0.0025161929546300144,-0.007634494946614723,0.002515942867498211,true,false,-0.001015068790124474,-0.001015068790124474,0.0025161929546300144,0.0010150410026653846,WRONG,n/a,false,false,-0.0010150410026653846,NaN,false,n/a,true,3.3877685614624794e-5,0.0010489464757390985,2.888,cifar10__cnn1__linf__0.1__model_seed42_itr19_sgd_itr1_w239.bin
cifar10,cnn1,model_seed42_itr19_sgd_itr1,linf,0.1,1,240,-0.007634494946614723,0.0025161929546300144,-0.007634494946614723,0.0025161929546300144,true,true,-0.0010150687901244737,-0.0010150687901244737,0.0025161929546300144,0.0010150410026653844,WRONG,WRONG,false,false,-0.0010150410026653841,0.0010150410026653844,false,false,true,3.05994485110232e-5,0.0010456682386354966,3.149,cifar10__cnn1__linf__0.1__model_seed42_itr19_sgd_itr1_w240.bin
cifar10,cnn1,model_seed42_itr19_sgd_itr1,linf,0.1,1,241,-0.007634494946614723,0.0025161929546300144,-0.007634494946614723,0.002515942867498211,true,false,-0.0010150687901244737,-0.0010150687901244737,0.001015068790125503,0.001015068790125503,WRONG,n/a,false,false,-0.0010150687901244737,NaN,false,n/a,true,4.0657581468206416e-20,0.0010150687901244737,4.402,cifar10__cnn1__linf__0.1__model_seed42_itr19_sgd_itr1_w241.bin
cifar10,cnn1,model_seed42_itr19_sgd_itr1,linf,0.1,1,242,-0.007634494946614723,0.0025161929546300144,-0.007634494946614723,0.002515942867498211,true,false,-0.0010150687901244737,-0.0010150687901244737,0.0010150687901244735,0.0010150687901244735,WRONG,n/a,false,false,-0.0010150410026653846,NaN,false,n/a,true,4.0657581468206416e-20,0.0010150687901244737,3.215,cifar10__cnn1__linf__0.1__model_seed42_itr19_sgd_itr1_w242.bin
cifar10,cnn1,model_seed42_itr19_sgd_itr1,linf,0.1,1,243,-0.007634494946614723,0.0025161929546300144,-0.007634494946614723,0.002515942867498211,true,false,-0.0010150410026653841,-0.0010150410026653841,0.0025161929546300144,0.0009511635686139397,WRONG,n/a,false,false,-0.0010150410026653844,NaN,false,n/a,true,2.3309029105669443e-6,0.0010173719055759512,2.754,cifar10__cnn1__linf__0.1__model_seed42_itr19_sgd_itr1_w243.bin
cifar10,cnn1,model_seed42_itr19_sgd_itr1,linf,0.1,1,244,-0.007634494946614723,0.0025161929546300144,-0.007634494946614723,0.002515942867498211,true,false,-0.0010150687901244737,-0.0010150687901244737,0.0010150687901244737,0.0010150687901244737,WRONG,n/a,false,false,-0.0010150132152062952,NaN,false,n/a,true,0.0,0.0010150687901244735,3.967,cifar10__cnn1__linf__0.1__model_seed42_itr19_sgd_itr1_w244.bin
cifar10,cnn1,model_seed42_itr19_sgd_itr1,linf,0.1,1,245,-0.007634494946614723,0.0025161929546300144,-0.007634494946614723,0.002515942867498211,true,false,-0.0010150410026653844,-0.0010150410026653844,0.0025161929546300144,0.0010129949390629263,WRONG,n/a,false,false,-0.0010150687901244733,NaN,false,n/a,true,2.9213135574309503e-6,0.0010179623162228154,2.941,cifar10__cnn1__linf__0.1__model_seed42_itr19_sgd_itr1_w245.bin
cifar10,cnn1,model_seed42_itr19_sgd_itr1,linf,0.1,1,246,-0.007634494946614723,0.0025161929546300144,-0.007634494946614723,0.002515942867498211,true,false,-0.0010150687901244737,-0.0010150687901244737,0.0025161929546300144,0.0010056266356489373,WRONG,n/a,false,false,-0.0010150410026653841,NaN,false,n/a,true,1.1384429887676466e-5,0.00102645322001215,3.013,cifar10__cnn1__linf__0.1__model_seed42_itr19_sgd_itr1_w246.bin
cifar10,cnn1,model_seed42_itr19_sgd_itr1,linf,0.1,1,247,-0.007634494946614723,0.0025161929546300144,-0.007634494946614723,0.0025161929546300144,true,true,-0.0010150687901244735,-0.0010150687901244735,0.0010150687901244733,0.0010150687901244733,WRONG,WRONG,false,false,-0.0010150687901244737,0.0010150687901244733,false,false,true,4.0657581468206416e-20,0.0010150687901244737,4.405,cifar10__cnn1__linf__0.1__model_seed42_itr19_sgd_itr1_w247.bin
cifar10,cnn1,model_seed42_itr19_sgd_itr1,linf,0.1,1,248,-0.007634494946614723,0.0025161929546300144,-0.007634494946614723,0.0025161929546300144,true,true,-0.0010150687901244737,-0.0010150687901244737,0.001015068790124474,0.001015068790124474,WRONG,WRONG,false,false,-0.0010150687901244737,0.001015068790124474,false,false,true,0.0,0.0010150687901244735,3.779,cifar10__cnn1__linf__0.1__model_seed42_itr19_sgd_itr1_w248.bin
cifar10,cnn1,model_seed42_itr19_sgd_itr1,linf,0.1,1,249,-0.007634494946614723,0.0025161929546300144,-0.007634494946614723,0.0025161929546300144,true,true,-0.0010150687901244737,-0.0010150687901244737,0.0025161929546300144,0.0010150410026653844,WRONG,WRONG,false,false,-0.0010150410026653844,0.0010150410026653844,false,false,true,6.098637220230962e-20,0.0010150687901244735,2.616,cifar10__cnn1__linf__0.1__model_seed42_itr19_sgd_itr1_w249.bin
cifar10,cnn1,model_seed42_itr19_sgd_itr1,linf,0.1,1,250,-0.007634494946614723,0.0025161929546300144,-0.007634494946614723,0.002515942867498211,true,false,-0.0010150687901244735,-0.0010150687901244735,0.0025161929546300144,0.0010150687901244735,WRONG,n/a,false,false,-0.0010150132152062954,NaN,false,n/a,true,1.0797496589066483e-5,0.0010258662867135403,2.345,cifar10__cnn1__linf__0.1__model_seed42_itr19_sgd_itr1_w250.bin
cifar10,cnn1,model_seed42_itr19_sgd_itr1,linf,0.1,1,251,-0.007634494946614723,0.0025161929546300144,-0.007634494946614723,0.002515942867498211,true,false,-0.0010150687901244737,-0.0010150687901244737,0.0025161929546300144,0.001006557522380838,WRONG,n/a,false,false,-0.0010150410026653841,NaN,false,n/a,true,0.00012120604296023611,0.0011362748330847096,2.375,cifar10__cnn1__linf__0.1__model_seed42_itr19_sgd_itr1_w251.bin
cifar10,cnn1,model_seed42_itr19_sgd_itr1,linf,0.1,1,252,-0.007634494946614723,0.0025161929546300144,-0.007634494946614723,0.002515942867498211,true,false,-0.001015068790124474,-0.001015068790124474,0.0025161929546300144,0.0010150410026653844,WRONG,n/a,false,false,-0.0010150410026653844,NaN,false,n/a,true,1.1709011072535662e-5,0.0010267778011970093,2.32,cifar10__cnn1__linf__0.1__model_seed42_itr19_sgd_itr1_w252.bin
cifar10,cnn1,model_seed42_itr19_sgd_itr1,linf,0.1,1,253,-0.007634494946614723,0.0025161929546300144,-0.007634494946614723,0.002515942867498211,true,false,-0.0010150687901244735,-0.0010150687901244735,0.0025161929546300144,0.0010150410026653846,WRONG,n/a,false,false,-0.0010150410026653844,NaN,false,n/a,true,0.00019267448902439242,0.0012077432791488658,3.247,cifar10__cnn1__linf__0.1__model_seed42_itr19_sgd_itr1_w253.bin
cifar10,cnn1,model_seed42_itr19_sgd_itr1,linf,0.1,1,254,-0.007634494946614723,0.0025161929546300144,-0.007634494946614723,0.002515942867498211,true,false,-0.0010150687901244741,-0.0010150687901244741,0.0025161929546300144,0.0010065575223808382,WRONG,n/a,false,false,-0.0010150687901244735,NaN,false,n/a,true,0.0003244330287271775,0.0013395018188516509,2.816,cifar10__cnn1__linf__0.1__model_seed42_itr19_sgd_itr1_w254.bin
cifar10,cnn1,model_seed42_itr19_sgd_itr1,linf,0.1,1,255,-0.007634494946614723,0.0025161929546300144,-0.007634494946614723,0.002515942867498211,true,false,-0.0010150687901244733,-0.0010150687901244733,0.001015068790124474,0.001015068790124474,WRONG,n/a,false,false,-0.001015068790124474,NaN,false,n/a,true,0.0,0.0010150687901244735,4.166,cifar10__cnn1__linf__0.1__model_seed42_itr19_sgd_itr1_w255.bin
cifar10,cnn1,model_seed42_itr19_sgd_itr1,linf,0.1,1,256,-0.007634494946614723,0.0025161929546300144,-0.007634494946614723,0.002515942867498211,true,false,-0.0010150687901244741,-0.0010150687901244741,0.001015068790124474,0.001015068790124474,WRONG,n/a,false,false,-0.001015041002665384,NaN,false,n/a,true,4.0657581468206416e-20,0.0010150687901244737,5.304,cifar10__cnn1__linf__0.1__model_seed42_itr19_sgd_itr1_w256.bin
cifar10,cnn1,model_seed42_itr19_sgd_itr1,linf,0.1,1,257,-0.007634494946614723,0.0025161929546300144,-0.007634494946614723,0.002515942867498211,true,false,-0.0010150687901244737,-0.0010150687901244737,0.0025161929546300144,0.001015041002665383,WRONG,n/a,false,false,-0.0010150410026653846,NaN,false,n/a,true,6.98406960551503e-5,0.0010849094861796237,2.409,cifar10__cnn1__linf__0.1__model_seed42_itr19_sgd_itr1_w257.bin
cifar10,cnn1,model_seed42_itr19_sgd_itr1,linf,0.1,1,258,-0.007634494946614723,0.0025161929546300144,-0.007634494946614723,0.002515942867498211,true,false,-0.0010150687901244737,-0.0010150687901244737,0.0025161929546300144,0.001006557522380838,WRONG,n/a,false,false,-0.0010150410026653841,NaN,false,n/a,true,0.0,0.0010150687901244733,2.623,cifar10__cnn1__linf__0.1__model_seed42_itr19_sgd_itr1_w258.bin
cifar10,cnn1,model_seed42_itr19_sgd_itr1,linf,0.1,1,259,-0.007634494946614723,0.0025161929546300144,-0.007634494946614723,0.002515942867498211,true,false,-0.0010150687901244741,-0.0010150687901244741,0.0010150687901244735,0.0010150687901244735,WRONG,n/a,false,false,-0.0010150687901244741,NaN,false,n/a,true,0.0,0.0010150687901244737,4.213,cifar10__cnn1__linf__0.1__model_seed42_itr19_sgd_itr1_w259.bin
cifar10,cnn1,model_seed42_itr19_sgd_itr1,linf,0.1,1,260,-0.007634494946614723,0.0025161929546300144,-0.007634494946614723,0.002515942867498211,true,false,-0.0010150410026653841,-0.0010150410026653841,0.0025161929546300144,0.0010056266356489308,WRONG,n/a,false,false,-0.0010150410026653844,NaN,false,n/a,true,4.207066712565968e-6,0.0010192480693779502,2.282,cifar10__cnn1__linf__0.1__model_seed42_itr19_sgd_itr1_w260.bin
cifar10,cnn1,model_seed42_itr19_sgd_itr1,linf,0.1,1,261,-0.007634494946614723,0.0025161929546300144,-0.007634494946614723,0.002515942867498211,true,false,-0.001015068790124474,-0.001015068790124474,0.0010150687901244741,0.0010150687901244741,WRONG,n/a,false,false,-0.0010150410026653844,NaN,false,n/a,true,2.439454888092385e-19,0.0010150687901244737,4.608,cifar10__cnn1__linf__0.1__model_seed42_itr19_sgd_itr1_w261.bin
cifar10,cnn1,model_seed42_itr19_sgd_itr1,linf,0.1,1,262,-0.007634494946614723,0.0025161929546300144,-0.007634494946614723,0.002515942867498211,true,false,-0.0010150687901244733,-0.0010150687901244733,0.0025161929546300144,0.0010150523711185836,WRONG,n/a,false,false,-0.0010150687901244737,NaN,false,n/a,true,1.1719976018298653e-5,0.0010267887661427723,3.127,cifar10__cnn1__linf__0.1__model_seed42_itr19_sgd_itr1_w262.bin
cifar10,cnn1,model_seed42_itr19_sgd_itr1,linf,0.1,1,263,-0.007634494946614723,0.0025161929546300144,-0.007634494946614723,0.002515942867498211,true,false,-0.001015068790124474,-0.001015068790124474,0.0010150410026653846,0.0010150410026653846,WRONG,n/a,false,false,-0.0010150410026653857,NaN,false,n/a,true,2.846030702774449e-19,0.0010150687901244737,5.034,cifar10__cnn1__linf__0.1__model_seed42_itr19_sgd_itr1_w263.bin
cifar10,cnn1,model_seed42_itr19_sgd_itr1,linf,0.1,1,264,-0.007634494946614723,0.0025161929546300144,-0.007634494946614723,0.002515942867498211,true,false,-0.0010150687901244737,-0.0010150687901244737,0.0010150687901244741,0.0010150687901244741,WRONG,n/a,false,false,-0.0010150410026653846,NaN,false,n/a,true,1.8295911660692887e-19,0.0010150687901244735,3.794,cifar10__cnn1__linf__0.1__model_seed42_itr19_sgd_itr1_w264.bin
cifar10,cnn1,model_seed42_itr19_sgd_itr1,linf,0.1,1,265,-0.007634494946614723,0.0025161929546300144,-0.007634494946614723,0.002515942867498211,true,false,-0.001015068790124474,-0.001015068790124474,0.0025161929546300144,0.0010129949390629263,WRONG,n/a,false,false,-0.0010150687901244735,NaN,false,n/a,true,5.145548461604459e-5,0.0010665242747405182,3.245,cifar10__cnn1__linf__0.1__model_seed42_itr19_sgd_itr1_w265.bin
cifar10,cnn1,model_seed42_itr19_sgd_itr1,linf,0.1,1,266,-0.007634494946614723,0.0025161929546300144,-0.007634494946614723,0.002515942867498211,true,false,-0.0010150687901244733,-0.0010150132152062946,0.0010150687901244737,0.0010150687901244737,WRONG,n/a,false,false,-0.0010150132152062946,NaN,false,n/a,true,0.0,0.001015013215206295,4.706,cifar10__cnn1__linf__0.1__model_seed42_itr19_sgd_itr1_w266.bin
cifar10,cnn1,model_seed42_itr19_sgd_itr1,linf,0.1,1,267,-0.007634494946614723,0.0025161929546300144,-0.007634494946614723,0.002515942867498211,true,false,-0.0010150687901244741,-0.0010150687901244741,0.0025161929546300144,0.0010150410026653844,WRONG,n/a,false,false,-0.0010150410026653841,NaN,false,n/a,true,2.7624273803209873e-5,0.0010426930639276834,3.193,cifar10__cnn1__linf__0.1__model_seed42_itr19_sgd_itr1_w267.bin
cifar10,cnn1,model_seed42_itr19_sgd_itr1,linf,0.1,1,268,-0.007634494946614723,0.0025161929546300144,-0.007634494946614723,0.002515942867498211,true,false,-0.001015068790124474,-0.001015068790124474,0.0025161929546300144,0.001005626635648931,WRONG,n/a,false,false,-0.0010150410026653846,NaN,false,n/a,true,6.464263551525961e-5,0.001079711425639733,3.581,cifar10__cnn1__linf__0.1__model_seed42_itr19_sgd_itr1_w268.bin
cifar10,cnn1,model_seed42_itr19_sgd_itr1,linf,0.1,1,269,-0.007634494946614723,0.0025161929546300144,-0.007634494946614723,0.002515942867498211,true,false,-0.0010150687901244737,-0.0010150687901244737,0.0025161929546300144,0.0010150410026653844,WRONG,n/a,false,false,-0.0010150410026653846,NaN,false,n/a,true,9.153395431837914e-5,0.0011066027444428528,3.182,cifar10__cnn1__linf__0.1__model_seed42_itr19_sgd_itr1_w269.bin
cifar10,cnn1,model_seed42_itr19_sgd_itr1,linf,0.1,1,270,-0.007634494946614723,0.0025161929546300144,-0.007634494946614723,0.002515942867498211,true,false,-0.0010150687901244737,-0.0010150687901244737,0.0010150687901244737,0.0010150687901244737,WRONG,n/a,false,false,-0.0010150687901244737,NaN,false,n/a,true,0.0,0.0010150687901244735,4.047,cifar10__cnn1__linf__0.1__model_seed42_itr19_sgd_itr1_w270.bin
cifar10,cnn1,model_seed42_itr19_sgd_itr1,linf,0.1,1,271,-0.007634494946614723,0.0025161929546300144,-0.007634494946614723,0.002515942867498211,true,false,-0.0010150687901244737,-0.0010150687901244737,0.0010150687901244737,0.0010150687901244737,WRONG,n/a,false,false,-0.0010150687901244737,NaN,false,n/a,true,9.486769009248164e-20,0.0010150687901244737,3.311,cifar10__cnn1__linf__0.1__model_seed42_itr19_sgd_itr1_w271.bin
cifar10,cnn1,model_seed42_itr19_sgd_itr1,linf,0.1,1,272,-0.007634494946614723,0.0025161929546300144,-0.007634494946614723,0.0025161929546300144,true,true,-0.0010150687901244737,-0.0010150687901244737,0.0025161929546300144,0.0009848356924551456,WRONG,WRONG,false,false,-0.0010150410026653846,0.001015041002665385,false,false,true,5.385211076777348e-5,0.0010689209008922472,2.509,cifar10__cnn1__linf__0.1__model_seed42_itr19_sgd_itr1_w272.bin
cifar10,cnn1,model_seed42_itr19_sgd_itr1,linf,0.1,1,273,-0.007634494946614723,0.0025161929546300144,-0.007634494946614723,0.002515942867498211,true,false,-0.0010150687901244737,-0.0010150687901244737,0.0025161929546300144,0.001001505809345179,WRONG,n/a,false,false,-0.0010150410026653841,NaN,false,n/a,true,7.558697612952983e-5,0.0010906557662540037,2.525,cifar10__cnn1__linf__0.1__model_seed42_itr19_sgd_itr1_w273.bin
cifar10,cnn1,model_seed42_itr19_sgd_itr1,linf,0.1,1,274,-0.007634494946614723,0.0025161929546300144,-0.007634494946614723,0.002515942867498211,true,false,-0.0010150687901244737,-0.0010150687901244737,0.0025161929546300144,0.0010150410026653846,WRONG,n/a,false,false,-0.0010150687901244737,NaN,false,n/a,true,0.0,0.0010150687901244735,3.036,cifar10__cnn1__linf__0.1__model_seed42_itr19_sgd_itr1_w274.bin
cifar10,cnn1,model_seed42_itr19_sgd_itr1,linf,0.1,1,275,-0.007634494946614723,0.0025161929546300144,-0.007634494946614723,0.002515942867498211,true,false,-0.0010150687901244735,-0.0010150687901244735,0.001015068790124474,0.001015068790124474,WRONG,n/a,false,false,-0.0010150687901244735,NaN,false,n/a,true,7.453889935837843e-20,0.0010150687901244737,3.617,cifar10__cnn1__linf__0.1__model_seed42_itr19_sgd_itr1_w275.bin
cifar10,cnn1,model_seed42_itr19_sgd_itr1,linf,0.1,1,276,-0.007634494946614723,0.0025161929546300144,-0.007634494946614723,0.002515942867498211,true,false,-0.0010150687901244735,-0.0010150687901244735,0.0025161929546300144,0.0009511635686139392,WRONG,n/a,false,false,-0.0010150132152062952,NaN,false,n/a,true,0.00014685255238913316,0.0011619213425136067,2.597,cifar10__cnn1__linf__0.1__model_seed42_itr19_sgd_itr1_w276.bin
cifar10,cnn1,model_seed42_itr19_sgd_itr1,linf,0.1,1,277,-0.007634494946614723,0.0025161929546300144,-0.007634494946614723,0.002515942867498211,true,false,-0.001015068790124474,-0.001015068790124474,0.0025161929546300144,0.001015068790124474,WRONG,n/a,false,false,-0.0010150410026653844,NaN,false,n/a,true,5.614175512300315e-5,0.0010712105452474767,3.045,cifar10__cnn1__linf__0.1__model_seed42_itr19_sgd_itr1_w277.bin
cifar10,cnn1,model_seed42_itr19_sgd_itr1,linf,0.1,1,278,-0.007634494946614723,0.0025161929546300144,-0.007634494946614723,0.002515942867498211,true,false,-0.0010150687901244741,-0.0010150687901244741,0.0025161929546300144,0.0009930737058323393,WRONG,n/a,false,false,-0.0010150687901244737,NaN,false,n/a,true,8.812673389786867e-6,0.0010238814635142603,2.459,cifar10__cnn1__linf__0.1__model_seed42_itr19_sgd_itr1_w278.bin
cifar10,cnn1,model_seed42_itr19_sgd_itr1,linf,0.1,1,279,-0.007634494946614723,0.0025161929546300144,-0.007634494946614723,0.002515942867498211,true,false,-0.001015068790124474,-0.001015068790124474,0.001015068790124474,0.001015068790124474,WRONG,n/a,false,false,-0.001015068790124474,NaN,false,n/a,true,4.0657581468206416e-20,0.0010150687901244735,3.655,cifar10__cnn1__linf__0.1__model_seed42_itr19_sgd_itr1_w279.bin
cifar10,cnn1,model_seed42_itr19_sgd_itr1,linf,0.1,1,280,-0.007634494946614723,0.0025161929546300144,-0.007634494946614723,0.002515942867498211,true,false,-0.0010150687901244741,-0.0010150687901244741,0.001015041002665385,0.001015041002665385,WRONG,n/a,false,false,-0.0010150687901244741,NaN,false,n/a,true,5.421010862427522e-19,0.0010150687901244741,3.555,cifar10__cnn1__linf__0.1__model_seed42_itr19_sgd_itr1_w280.bin
cifar10,cnn1,model_seed42_itr19_sgd_itr1,linf,0.1,1,281,-0.007634494946614723,0.0025161929546300144,-0.007634494946614723,0.002515942867498211,true,false,-0.0010150687901244737,-0.0010150687901244737,0.001015068790124474,0.001015068790124474,WRONG,n/a,false,false,-0.0010150687901244737,NaN,false,n/a,true,9.486769009248164e-20,0.0010150687901244737,3.823,cifar10__cnn1__linf__0.1__model_seed42_itr19_sgd_itr1_w281.bin
cifar10,cnn1,model_seed42_itr19_sgd_itr1,linf,0.1,1,282,-0.007634494946614723,0.0025161929546300144,-0.007634494946614723,0.002515942867498211,true,false,-0.0010150687901244737,-0.0010150687901244737,0.0010150410026653846,0.0010150410026653846,WRONG,n/a,false,false,-0.0010150687901244737,NaN,false,n/a,true,0.0,0.0010150687901244735,4.228,cifar10__cnn1__linf__0.1__model_seed42_itr19_sgd_itr1_w282.bin
cifar10,cnn1,model_seed42_itr19_sgd_itr1,linf,0.1,1,283,-0.007634494946614723,0.0025161929546300144,-0.007634494946614723,0.002515942867498211,true,false,-0.0010150687901244735,-0.0010150687901244735,0.0010150410026653848,0.0010150410026653848,WRONG,n/a,false,false,-0.0010150687901244735,NaN,false,n/a,true,0.0,0.0010150687901244735,5.429,cifar10__cnn1__linf__0.1__model_seed42_itr19_sgd_itr1_w283.bin
cifar10,cnn1,model_seed42_itr19_sgd_itr1,linf,0.1,1,284,-0.007634494946614723,0.0025161929546300144,-0.007634494946614723,0.002515942867498211,true,false,-0.0010150687901244737,-0.0010150687901244737,0.0025161929546300144,0.0010150687901244733,WRONG,n/a,false,false,-0.0010150687901244737,NaN,false,n/a,true,2.506713464054308e-6,0.0010175755035885278,2.6,cifar10__cnn1__linf__0.1__model_seed42_itr19_sgd_itr1_w284.bin
cifar10,cnn1,model_seed42_itr19_sgd_itr1,linf,0.1,1,285,-0.007634494946614723,0.0025161929546300144,-0.007634494946614723,0.002515942867498211,true,false,-0.001015068790124474,-0.0010150347939032395,0.0025161929546300144,0.0009919944081299157,WRONG,n/a,false,false,-0.0010150132152062954,NaN,false,n/a,true,0.0,0.0010150347939032393,3.461,cifar10__cnn1__linf__0.1__model_seed42_itr19_sgd_itr1_w285.bin
cifar10,cnn1,model_seed42_itr19_sgd_itr1,linf,0.1,1,286,-0.007634494946614723,0.0025161929546300144,-0.007634494946614723,0.002515942867498211,true,false,-0.0010150687901244737,-0.0010150687901244737,0.001015068790124474,0.001015068790124474,WRONG,n/a,false,false,-0.0010150410026653844,NaN,false,n/a,true,0.0,0.0010150687901244737,3.887,cifar10__cnn1__linf__0.1__model_seed42_itr19_sgd_itr1_w286.bin
cifar10,cnn1,model_seed42_itr19_sgd_itr1,linf,0.1,1,287,-0.007634494946614723,0.0025161929546300144,-0.007634494946614723,0.002515942867498211,true,false,-0.001015068790124474,-0.001015068790124474,0.0010150687901244737,0.0010150687901244737,WRONG,n/a,false,false,-0.001015068790124474,NaN,false,n/a,true,4.0657581468206416e-20,0.0010150687901244737,4.039,cifar10__cnn1__linf__0.1__model_seed42_itr19_sgd_itr1_w287.bin
cifar10,cnn1,model_seed42_itr19_sgd_itr1,linf,0.1,1,288,-0.007634494946614723,0.0025161929546300144,-0.007634494946614723,0.002515942867498211,true,false,-0.0010150687901244746,-0.0010150687901244746,0.0010150687901244741,0.0010150687901244741,WRONG,n/a,false,false,-0.0010150687901244746,NaN,false,n/a,true,6.776263578034403e-20,0.0010150687901244737,5.18,cifar10__cnn1__linf__0.1__model_seed42_itr19_sgd_itr1_w288.bin
cifar10,cnn1,model_seed42_itr19_sgd_itr1,linf,0.1,1,289,-0.007634494946614723,0.0025161929546300144,-0.007634494946614723,0.002515942867498211,true,false,-0.0010150687901244737,-0.0010150687901244737,0.0025161929546300144,0.001005626635648931,WRONG,n/a,false,false,-0.0010150687901244737,NaN,false,n/a,true,0.00013376932560598738,0.001148838115730461,3.356,cifar10__cnn1__linf__0.1__model_seed42_itr19_sgd_itr1_w289.bin
cifar10,cnn1,model_seed42_itr19_sgd_itr1,linf,0.1,1,290,-0.007634494946614723,0.0025161929546300144,-0.007634494946614723,0.002515942867498211,true,false,-0.0010150687901244737,-0.0010150687901244737,0.0025161929546300144,0.0010150687901244737,WRONG,n/a,false,false,-0.0010150132152062952,NaN,false,n/a,true,0.0003564234798124607,0.0013714922699369343,2.041,cifar10__cnn1__linf__0.1__model_seed42_itr19_sgd_itr1_w290.bin
cifar10,cnn1,model_seed42_itr19_sgd_itr1,linf,0.1,1,291,-0.007634494946614723,0.0025161929546300144,-0.007634494946614723,0.002515942867498211,true,false,-0.001015068790124474,-0.001015068790124474,0.001015068790124474,0.001015068790124474,WRONG,n/a,false,false,-0.001015068790124474,NaN,false,n/a,true,0.0,0.0010150687901244737,4.427,cifar10__cnn1__linf__0.1__model_seed42_itr19_sgd_itr1_w291.bin
cifar10,cnn1,model_seed42_itr19_sgd_itr1,linf,0.1,1,292,-0.007634494946614723,0.0025161929546300144,-0.007634494946614723,0.002515942867498211,true,false,-0.0010150687901244741,-0.0010150687901244741,0.0025161929546300144,0.001005626635648931,WRONG,n/a,false,false,-0.0010150410026653844,NaN,false,n/a,true,3.4288382606040255e-5,0.0010493571727305138,5.382,cifar10__cnn1__linf__0.1__model_seed42_itr19_sgd_itr1_w292.bin
cifar10,cnn1,model_seed42_itr19_sgd_itr1,linf,0.1,1,293,-0.007634494946614723,0.0025161929546300144,-0.007634494946614723,0.002515942867498211,true,false,-0.0010150687901244741,-0.0010150687901244741,0.0010150687901244744,0.0010150687901244744,WRONG,n/a,false,false,-0.0010150410026653846,NaN,false,n/a,true,5.421010862427522e-20,0.0010150687901244735,4.61,cifar10__cnn1__linf__0.1__model_seed42_itr19_sgd_itr1_w293.bin
cifar10,cnn1,model_seed42_itr19_sgd_itr1,linf,0.1,1,294,-0.007634494946614723,0.0025161929546300144,-0.007634494946614723,0.002515942867498211,true,false,-0.001015068790124474,-0.001015068790124474,0.0025161929546300144,0.0010150410026653844,WRONG,n/a,false,false,-0.0010150410026653844,NaN,false,n/a,true,7.485148761435385e-5,0.0010899202777388275,2.418,cifar10__cnn1__linf__0.1__model_seed42_itr19_sgd_itr1_w294.bin
cifar10,cnn1,model_seed42_itr19_sgd_itr1,linf,0.1,1,295,-0.007634494946614723,0.0025161929546300144,-0.007634494946614723,0.002515942867498211,true,false,-0.0010150687901244735,-0.0010150687901244735,0.0025161929546300144,0.0010150132152062946,WRONG,n/a,false,false,-0.0010150687901244733,NaN,false,n/a,true,0.00026564212632007594,0.0012807109164445494,2.372,cifar10__cnn1__linf__0.1__model_seed42_itr19_sgd_itr1_w295.bin
cifar10,cnn1,model_seed42_itr19_sgd_itr1,linf,0.1,1,296,-0.007634494946614723,0.0025161929546300144,-0.007634494946614723,0.002515942867498211,true,false,-0.0010150687901244737,-0.0010150687901244737,0.0010150687901244737,0.0010150687901244737,WRONG,n/a,false,false,-0.0010150687901244737,NaN,false,n/a,true,0.0,0.0010150687901244735,4.899,cifar10__cnn1__linf__0.1__model_seed42_itr19_sgd_itr1_w296.bin
cifar10,cnn1,model_seed42_itr19_sgd_itr1,linf,0.1,1,297,-0.007634494946614723,0.0025161929546300144,-0.007634494946614723,0.002515942867498211,true,false,-0.001015068790124474,-0.001015068790124474,0.0010150687901244744,0.0010150687901244744,WRONG,n/a,false,false,-0.001015068790124474,NaN,false,n/a,true,9.486769009248164e-20,0.0010150687901244737,3.988,cifar10__cnn1__linf__0.1__model_seed42_itr19_sgd_itr1_w297.bin
cifar10,cnn1,model_seed42_itr19_sgd_itr1,linf,0.1,1,298,-0.007634494946614723,0.0025161929546300144,-0.007634494946614723,0.002515942867498211,true,false,-0.001015068790124474,-0.001015068790124474,0.0010150687901244741,0.0010150687901244741,WRONG,n/a,false,false,-0.001015068790124474,NaN,false,n/a,true,4.0657581468206416e-20,0.0010150687901244737,4.249,cifar10__cnn1__linf__0.1__model_seed42_itr19_sgd_itr1_w298.bin
cifar10,cnn1,model_seed42_itr19_sgd_itr1,linf,0.1,1,299,-0.007634494946614723,0.0025161929546300144,-0.007634494946614723,0.002515942867498211,true,false,-0.0010150687901244744,-0.0010150687901244744,0.0010150687901244744,0.0010150687901244744,WRONG,n/a,false,false,-0.001015041002665385,NaN,false,n/a,true,9.486769009248164e-20,0.0010150687901244737,4.07,cifar10__cnn1__linf__0.1__model_seed42_itr19_sgd_itr1_w299.bin
cifar10,cnn1,model_seed42_itr19_sgd_itr1,linf,0.1,1,300,-0.007634494946614723,0.0025161929546300144,-0.007634494946614723,0.002515942867498211,true,false,-0.0010150687901244741,-0.0010150687901244741,0.0010150687901244744,0.0010150687901244744,WRONG,n/a,false,false,-0.0010150687901244741,NaN,false,n/a,true,1.3552527156068805e-20,0.0010150687901244737,3.657,cifar10__cnn1__linf__0.1__model_seed42_itr19_sgd_itr1_w300.bin
cifar10,cnn1,model_seed42_itr19_sgd_itr1,linf,0.1,1,301,-8.323142098262906,9.379527755081654,-8.323142098262906,9.379527755081654,true,true,-9.379527755081654,-1.7702669853344561,9.379527755081654,1.7702669853344564,WRONG,WRONG,false,false,-1.7702669853344561,1.7702669853344564,false,false,true,1.5472290311487173,3.317496016483173,0.895,cifar10__cnn1__linf__0.1__model_seed42_itr19_sgd_itr1_w301.bin
cifar10,cnn1,model_seed42_itr19_sgd_itr1,linf,0.1,1,302,-8.323142098262906,9.379527755081654,-8.323142098262906,9.379527755081654,true,true,-9.379527755081654,-1.7616466030406457,9.379527755081654,1.7702669853344561,WRONG,WRONG,false,false,-1.7702669853344544,1.7702669853344564,false,false,true,0.9874256226174998,2.749072225658146,1.0,cifar10__cnn1__linf__0.1__model_seed42_itr19_sgd_itr1_w302.bin
cifar10,cnn1,model_seed42_itr19_sgd_itr1,linf,0.1,1,303,-8.323142098262906,9.379527755081654,-8.323142098262906,9.379527755081654,true,true,-9.379527755081654,-1.7702669853344555,9.379527755081654,1.770266985334456,WRONG,WRONG,false,false,-1.7702669853344555,1.770266985334456,false,false,true,0.2867660624695076,2.0570330478039636,0.99,cifar10__cnn1__linf__0.1__model_seed42_itr19_sgd_itr1_w303.bin
cifar10,cnn1,model_seed42_itr19_sgd_itr1,linf,0.1,1,304,-8.323142098262906,9.379527755081654,-8.323142098262906,9.379527755081654,true,true,-9.379527755081654,-1.7702669853344557,9.379527755081654,1.7702669853344557,WRONG,WRONG,false,false,-1.7702669853344557,1.7702669853344557,false,false,true,1.0578611226619954,2.8281281079964513,0.936,cifar10__cnn1__linf__0.1__model_seed42_itr19_sgd_itr1_w304.bin
cifar10,cnn1,model_seed42_itr19_sgd_itr1,linf,0.1,1,305,-8.323142098262906,9.379527755081654,-8.323142098262906,9.379527755081654,true,true,-1.770266985334456,-1.770266985334456,1.770266985334456,1.770266985334456,WRONG,WRONG,false,false,-1.770266985334456,1.770266985334456,false,false,true,7.771561172376096e-16,1.7702669853344564,5.2,cifar10__cnn1__linf__0.1__model_seed42_itr19_sgd_itr1_w305.bin
cifar10,cnn1,model_seed42_itr19_sgd_itr1,linf,0.1,1,306,-8.323142098262906,9.379527755081654,-8.323142098262906,9.379527755081654,true,true,-9.379527755081654,-1.7702669853344561,9.379527755081654,1.770266985334456,WRONG,WRONG,false,false,-1.7702669853344561,1.770266985334456,false,false,true,0.19611526858061568,1.9663822539150715,0.712,cifar10__cnn1__linf__0.1__model_seed42_itr19_sgd_itr1_w306.bin
cifar10,cnn1,model_seed42_itr19_sgd_itr1,linf,0.1,1,307,-8.323142098262906,9.379527755081654,-8.323142098262906,9.379527755081654,true,true,-9.379527755081654,-1.770266985334456,9.379527755081654,1.7702669853344561,WRONG,WRONG,false,false,-1.770266985334456,1.7702669853344561,false,false,true,0.19209143072219237,1.9623584160566483,0.806,cifar10__cnn1__linf__0.1__model_seed42_itr19_sgd_itr1_w307.bin
cifar10,cnn1,model_seed42_itr19_sgd_itr1,linf,0.1,1,308,-8.323142098262906,9.379527755081654,-8.323142098262906,9.379527755081654,true,true,-9.379527755081654,-1.7702669853344557,9.379527755081654,1.770266985334456,WRONG,WRONG,false,false,-1.7702669853344557,1.770266985334456,false,false,true,0.7737243522870904,2.543991337621546,0.815,cifar10__cnn1__linf__0.1__model_seed42_itr19_sgd_itr1_w308.bin
cifar10,cnn1,model_seed42_itr19_sgd_itr1,linf,0.1,1,309,-8.323142098262906,9.379527755081654,-8.323142098262906,9.379527755081654,true,true,-9.379527755081654,-1.7616466030406461,9.379527755081654,1.7702669853344564,WRONG,WRONG,false,false,-1.7702669853344544,1.7702669853344557,false,false,true,0.20078983889176077,1.962436441932407,0.75,cifar10__cnn1__linf__0.1__model_seed42_itr19_sgd_itr1_w309.bin
cifar10,cnn1,model_seed42_itr19_sgd_itr1,linf,0.1,1,310,-8.323142098262906,9.379527755081654,-8.323142098262906,9.379527755081654,true,true,-9.379527755081654,-1.7702669853344561,9.379527755081654,1.7702669853344561,WRONG,WRONG,false,false,-1.7702669853344561,1.7702669853344561,false,false,true,1.050310052414765,2.820577037749221,0.882,cifar10__cnn1__linf__0.1__model_seed42_itr19_sgd_itr1_w310.bin
cifar10,cnn1,model_seed42_itr19_sgd_itr1,linf,0.1,1,311,-8.323142098262906,9.379527755081654,-8.323142098262906,9.379527755081654,true,true,-9.379527755081654,-1.7702669853344557,9.379527755081654,1.7702669853344561,WRONG,WRONG,false,false,-1.7702669853344557,1.7702669853344561,false,false,true,0.8806090577017779,2.6508760430362335,0.844,cifar10__cnn1__linf__0.1__model_seed42_itr19_sgd_itr1_w311.bin
cifar10,cnn1,model_seed42_itr19_sgd_itr1,linf,0.1,1,312,-8.323142098262906,9.379527755081654,-8.323142098262906,9.379527755081654,true,true,-9.379527755081654,-1.7702669853344553,9.379527755081654,1.7702669853344557,WRONG,WRONG,false,false,-1.7702669853344553,1.7702669853344557,false,false,true,1.1102230246251565e-16,1.7702669853344557,0.809,cifar10__cnn1__linf__0.1__model_seed42_itr19_sgd_itr1_w312.bin
cifar10,cnn1,model_seed42_itr19_sgd_itr1,linf,0.1,1,313,-8.323142098262906,9.379527755081654,-8.323142098262906,9.379527755081654,true,true,-9.379527755081654,-1.7702669853344561,9.379527755081654,1.770266985334456,WRONG,WRONG,false,false,-1.7702669853344561,1.770266985334456,false,false,true,0.0,1.7702669853344557,0.832,cifar10__cnn1__linf__0.1__model_seed42_itr19_sgd_itr1_w313.bin
cifar10,cnn1,model_seed42_itr19_sgd_itr1,linf,0.1,1,314,-8.323142098262906,9.379527755081654,-8.323142098262906,9.379527755081654,true,true,-9.379527755081654,-1.7702669853344564,9.379527755081654,1.7702669853344557,WRONG,WRONG,false,false,-1.7702669853344564,1.7702669853344557,false,false,true,0.778761512169825,2.549028497504281,0.965,cifar10__cnn1__linf__0.1__model_seed42_itr19_sgd_itr1_w314.bin
cifar10,cnn1,model_seed42_itr19_sgd_itr1,linf,0.1,1,315,-8.323142098262906,9.379527755081654,-8.323142098262906,9.379527755081654,true,true,-1.770266985334456,-1.770266985334456,1.7702669853344548,1.7702669853344548,WRONG,WRONG,false,false,-1.770266985334456,1.7702669853344548,false,false,true,8.881784197001252e-16,1.770266985334456,3.389,cifar10__cnn1__linf__0.1__model_seed42_itr19_sgd_itr1_w315.bin
cifar10,cnn1,model_seed42_itr19_sgd_itr1,linf,0.1,1,316,-8.323142098262906,9.379527755081654,-8.323142098262906,9.379527755081654,true,true,-9.379527755081654,-1.7702669853344561,9.379527755081654,1.7702669853344557,WRONG,WRONG,false,false,-1.7702669853344561,1.7702669853344557,false,false,true,0.0,1.7702669853344561,0.662,cifar10__cnn1__linf__0.1__model_seed42_itr19_sgd_itr1_w316.bin
cifar10,cnn1,model_seed42_itr19_sgd_itr1,linf,0.1,1,317,-8.323142098262906,9.379527755081654,-8.323142098262906,9.379527755081654,true,true,-9.379527755081654,-1.770266985334456,9.379527755081654,1.770266985334456,WRONG,WRONG,false,false,-1.770266985334456,1.770266985334456,false,false,true,0.7609061969444157,2.5311731822788714,0.702,cifar10__cnn1__linf__0.1__model_seed42_itr19_sgd_itr1_w317.bin
cifar10,cnn1,model_seed42_itr19_sgd_itr1,linf,0.1,1,318,-8.323142098262906,9.379527755081654,-8.323142098262906,9.379527755081654,true,true,-9.379527755081654,-1.7702669853344566,9.379527755081654,1.770266985334456,WRONG,WRONG,false,false,-1.7702669853344566,1.770266985334456,false,false,true,0.15852425731856085,1.928791242653017,0.711,cifar10__cnn1__linf__0.1__model_seed42_itr19_sgd_itr1_w318.bin
cifar10,cnn1,model_seed42_itr19_sgd_itr1,linf,0.1,1,319,-8.323142098262906,9.379527755081654,-8.323142098262906,9.379527755081654,true,true,-9.379527755081654,-1.7702669853344564,9.379527755081654,1.7616466030406464,WRONG,WRONG,false,false,-1.7702669853344564,1.7702669853344548,false,false,true,1.8041124150158794e-16,1.770266985334456,0.699,cifar10__cnn1__linf__0.1__model_seed42_itr19_sgd_itr1_w319.bin
cifar10,cnn1,model_seed42_itr19_sgd_itr1,linf,0.1,1,320,-8.323142098262906,9.379527755081654,-8.323142098262906,9.379527755081654,true,true,-9.379527755081654,-1.7702669853344566,9.379527755081654,1.7702669853344564,WRONG,WRONG,false,false,-1.7702669853344566,1.7702669853344564,false,false,true,0.36846810272119784,2.138735088055654,1.213,cifar10__cnn1__linf__0.1__model_seed42_itr19_sgd_itr1_w320.bin
cifar10,cnn1,model_seed42_itr19_sgd_itr1,linf,0.1,1,321,-8.323142098262906,9.379527755081654,-8.323142098262906,9.379527755081654,true,true,-9.379527755081654,-1.7702669853344553,9.379527755081654,1.770266985334455,WRONG,WRONG,false,false,-1.7702669853344553,1.770266985334455,false,false,true,1.716797277145088,3.4870642624795436,1.065,cifar10__cnn1__linf__0.1__model_seed42_itr19_sgd_itr1_w321.bin
cifar10,cnn1,model_seed42_itr19_sgd_itr1,linf,0.1,1,322,-8.323142098262906,9.379527755081654,-8.323142098262906,9.379527755081654,true,true,-9.379527755081654,-1.770266985334456,9.379527755081654,1.7702669853344557,WRONG,WRONG,false,false,-1.770266985334456,1.7702669853344557,false,false,true,0.37631490256865807,2.146581887903114,1.123,cifar10__cnn1__linf__0.1__model_seed42_itr19_sgd_itr1_w322.bin
cifar10,cnn1,model_seed42_itr19_sgd_itr1,linf,0.1,1,323,-8.323142098262906,9.379527755081654,-8.323142098262906,9.379527755081654,true,true,-9.379527755081654,-1.7702669853344555,9.379527755081654,1.7616466030406464,WRONG,WRONG,false,false,-1.7702669853344555,1.7702669853344397,false,false,true,0.0474613192402544,1.8177283045747104,1.052,cifar10__cnn1__linf__0.1__model_seed42_itr19_sgd_itr1_w323.bin
cifar10,cnn1,model_seed42_itr19_sgd_itr1,linf,0.1,1,324,-8.323142098262906,9.379527755081654,-8.323142098262906,9.379527755081654,true,true,-1.7702669853344561,-1.7702669853344561,1.7702669853344555,1.7702669853344555,WRONG,WRONG,false,false,-1.7702669853344561,1.7702669853344555,false,false,true,1.1102230246251565e-16,1.7702669853344564,5.816,cifar10__cnn1__linf__0.1__model_seed42_itr19_sgd_itr1_w324.bin
cifar10,cnn1,model_seed42_itr19_sgd_itr1,linf,0.1,1,325,-8.323142098262906,9.379527755081654,-8.323142098262906,9.379527755081654,true,true,-9.379527755081654,-1.7702669853344564,9.379527755081654,1.7702669853344561,WRONG,WRONG,false,false,-1.7702669853344564,1.7702669853344561,false,false,true,0.35588236269385776,2.1261493480283136,0.79,cifar10__cnn1__linf__0.1__model_seed42_itr19_sgd_itr1_w325.bin
cifar10,cnn1,model_seed42_itr19_sgd_itr1,linf,0.1,1,326,-8.323142098262906,9.379527755081654,-8.323142098262906,9.379527755081654,true,true,-9.379527755081654,-1.7702669853344555,9.379527755081654,1.55463266231184,WRONG,WRONG,false,false,-1.7702669853344555,1.7702669853344561,false,false,true,0.0,1.7702669853344557,0.812,cifar10__cnn1__linf__0.1__model_seed42_itr19_sgd_itr1_w326.bin
cifar10,cnn1,model_seed42_itr19_sgd_itr1,linf,0.1,1,327,-8.323142098262906,9.379527755081654,-8.323142098262906,9.379527755081654,true,true,-9.379527755081654,-1.7702669853344557,9.379527755081654,1.7702669853344555,WRONG,WRONG,false,false,-1.7702669853344557,1.7702669853344555,false,false,true,1.2077750754225534,2.978042060757009,0.755,cifar10__cnn1__linf__0.1__model_seed42_itr19_sgd_itr1_w327.bin
cifar10,cnn1,model_seed42_itr19_sgd_itr1,linf,0.1,1,328,-8.323142098262906,9.379527755081654,-8.323142098262906,9.379527755081654,true,true,-9.379527755081654,-1.7702669853344561,9.379527755081654,1.770266985334456,WRONG,WRONG,false,false,-1.7702669853344561,1.770266985334456,false,false,true,0.015225871709135808,1.7854928570435917,0.738,cifar10__cnn1__linf__0.1__model_seed42_itr19_sgd_itr1_w328.bin
cifar10,cnn1,model_seed42_itr19_sgd_itr1,linf,0.1,1,329,-8.323142098262906,9.379527755081654,-8.323142098262906,9.379527755081654,true,true,-9.379527755081654,-1.7702669853344561,9.379527755081654,1.761646603040646,WRONG,WRONG,false,false,-1.7702669853344561,1.7702669853344561,false,false,true,2.220446049250313e-16,1.7702669853344561,0.715,cifar10__cnn1__linf__0.1__model_seed42_itr19_sgd_itr1_w329.bin
cifar10,cnn1,model_seed42_itr19_sgd_itr1,linf,0.1,1,330,-8.323142098262906,9.379527755081654,-8.323142098262906,9.379527755081654,true,true,-9.379527755081654,-1.7702669853344561,9.379527755081654,1.7702669853344564,WRONG,WRONG,false,false,-1.7702669853344561,1.7702669853344564,false,false,true,0.42042986842201385,2.1906968537564695,0.869,cifar10__cnn1__linf__0.1__model_seed42_itr19_sgd_itr1_w330.bin
cifar10,cnn1,model_seed42_itr19_sgd_itr1,linf,0.1,1,331,-8.323142098262906,9.379527755081654,-8.323142098262906,9.379527755081654,true,true,-9.379527755081654,-1.7702669853344546,9.379527755081654,1.7702669853344546,WRONG,WRONG,false,false,-1.7702669853344546,1.7702669853344546,false,false,true,1.590938477021078,3.361205462355534,0.834,cifar10__cnn1__linf__0.1__model_seed42_itr19_sgd_itr1_w331.bin
cifar10,cnn1,model_seed42_itr19_sgd_itr1,linf,0.1,1,332,-8.323142098262906,9.379527755081654,-8.323142098262906,9.379527755081654,true,true,-9.379527755081654,-1.770266985334456,9.379527755081654,1.770266985334456,WRONG,WRONG,false,false,-1.770266985334456,1.770266985334456,false,false,true,1.473357528172273,3.243624513506729,0.822,cifar10__cnn1__linf__0.1__model_seed42_itr19_sgd_itr1_w332.bin
cifar10,cnn1,model_seed42_itr19_sgd_itr1,linf,0.1,1,333,-8.323142098262906,9.379527755081654,-8.323142098262906,9.379527755081654,true,true,-9.379527755081654,-1.7702669853344564,9.379527755081654,1.770266985334456,WRONG,WRONG,false,false,-1.7702669853344564,1.770266985334456,false,false,true,0.7746248846470728,2.544891869981529,0.898,cifar10__cnn1__linf__0.1__model_seed42_itr19_sgd_itr1_w333.bin
cifar10,cnn1,model_seed42_itr19_sgd_itr1,linf,0.1,1,334,-8.323142098262906,9.379527755081654,-8.323142098262906,9.379527755081654,true,true,-9.379527755081654,-1.7702669853344557,9.379527755081654,1.7702669853344564,WRONG,WRONG,false,false,-1.7702669853344557,1.7702669853344564,false,false,true,0.7562462063049615,2.5265131916394172,0.882,cifar10__cnn1__linf__0.1__model_seed42_itr19_sgd_itr1_w334.bin
cifar10,cnn1,model_seed42_itr19_sgd_itr1,linf,0.1,1,335,-8.323142098262906,9.379527755081654,-8.323142098262906,9.379527755081654,true,true,-9.379527755081654,-1.7616466030406457,9.379527755081654,1.7702669853344557,WRONG,WRONG,false,false,-1.7702669853344564,1.7702669853344557,false,false,true,0.7126947694343895,2.4743413724750356,0.827,cifar10__cnn1__linf__0.1__model_seed42_itr19_sgd_itr1_w335.bin
cifar10,cnn1,model_seed42_itr19_sgd_itr1,linf,0.1,1,336,-8.323142098262906,9.379527755081654,-8.323142098262906,9.379527755081654,true,true,-9.379527755081654,-1.7616466030406461,9.379527755081654,1.7702669853344561,WRONG,WRONG,false,false,-1.7702669853344561,1.7702669853344553,false,false,true,0.34270313390063534,2.1043497369412814,0.602,cifar10__cnn1__linf__0.1__model_seed42_itr19_sgd_itr1_w336.bin
cifar10,cnn1,model_seed42_itr19_sgd_itr1,linf,0.1,1,337,-8.323142098262906,9.379527755081654,-8.323142098262906,9.379527755081654,true,true,-9.379527755081654,-1.7616466030406452,9.379527755081654,1.7702669853344561,WRONG,WRONG,false,false,-1.7702669853344555,1.7702669853344537,false,false,true,1.1369731123063165,2.8986197153469626,0.671,cifar10__cnn1__linf__0.1__model_seed42_itr19_sgd_itr1_w337.bin
cifar10,cnn1,model_seed42_itr19_sgd_itr1,linf,0.1,1,338,-8.323142098262906,9.379527755081654,-8.323142098262906,9.379527755081654,true,true,-9.379527755081654,-1.7702669853344548,9.379527755081654,1.7702669853344561,WRONG,WRONG,false,false,-1.7702669853344548,1.7702669853344561,false,false,true,1.0988055551793652,2.8690725405138204,0.721,cifar10__cnn1__linf__0.1__model_seed42_itr19_sgd_itr1_w338.bin
cifar10,cnn1,model_seed42_itr19_sgd_itr1,linf,0.1,1,339,-8.323142098262906,9.379527755081654,-8.323142098262906,9.379527755081654,true,true,-9.379527755081654,-1.7702669853344561,1.7702669853344546,1.7702669853344546,WRONG,WRONG,false,false,-1.7702669853344548,1.7702669853344555,false,false,true,0.0,1.770266985334456,2.02,cifar10__cnn1__linf__0.1__model_seed42_itr19_sgd_itr1_w339.bin
cifar10,cnn1,model_seed42_itr19_sgd_itr1,linf,0.1,1,340,-8.323142098262906,9.379527755081654,-8.323142098262906,9.379527755081654,true,true,-9.379527755081654,-1.7702669853344561,9.379527755081654,1.7702669853344564,WRONG,WRONG,false,false,-1.7702669853344561,1.7702669853344564,false,false,true,0.38832157136033363,2.1585885566947893,0.647,cifar10__cnn1__linf__0.1__model_seed42_itr19_sgd_itr1_w340.bin
cifar10,cnn1,model_seed42_itr19_sgd_itr1,linf,0.1,1,341,-8.323142098262906,9.379527755081654,-8.323142098262906,9.379527755081654,true,true,-9.379527755081654,-1.7702669853344561,9.379527755081654,1.7702669853344557,WRONG,WRONG,false,false,-1.7702669853344561,1.7702669853344557,false,false,true,0.13928106929229567,1.9095480546267516,0.604,cifar10__cnn1__linf__0.1__model_seed42_itr19_sgd_itr1_w341.bin
cifar10,cnn1,model_seed42_itr19_sgd_itr1,linf,0.1,1,342,-8.323142098262906,9.379527755081654,-8.323142098262906,9.379527755081654,true,true,-9.379527755081654,-1.7702669853344553,9.379527755081654,1.770266985334457,WRONG,WRONG,false,false,-1.7702669853344553,1.770266985334457,false,false,true,0.13012553204248856,1.9003925173769445,0.601,cifar10__cnn1__linf__0.1__model_seed42_itr19_sgd_itr1_w342.bin
cifar10,cnn1,model_seed42_itr19_sgd_itr1,linf,0.1,1,343,-8.323142098262906,9.379527755081654,-8.323142098262906,9.379527755081654,true,true,-9.379527755081654,-1.770266985334456,9.379527755081654,1.770266985334456,WRONG,WRONG,false,false,-1.770266985334456,1.770266985334456,false,false,true,0.0,1.7702669853344557,0.6,cifar10__cnn1__linf__0.1__model_seed42_itr19_sgd_itr1_w343.bin
cifar10,cnn1,model_seed42_itr19_sgd_itr1,linf,0.1,1,344,-8.323142098262906,9.379527755081654,-8.323142098262906,9.379527755081654,true,true,-9.379527755081654,-1.5546326623118403,9.379527755081654,1.7702669853344561,WRONG,WRONG,false,false,-1.7702669853344553,1.770266985334456,false,false,true,0.8552764034641934,2.409909065776033,0.599,cifar10__cnn1__linf__0.1__model_seed42_itr19_sgd_itr1_w344.bin
cifar10,cnn1,model_seed42_itr19_sgd_itr1,linf,0.1,1,345,-8.323142098262906,9.379527755081654,-8.323142098262906,9.379527755081654,true,true,-9.379527755081654,-1.770266985334456,9.379527755081654,1.7702669853344561,WRONG,WRONG,false,false,-1.770266985334456,1.7702669853344561,false,false,true,0.0,1.770266985334456,1.011,cifar10__cnn1__linf__0.1__model_seed42_itr19_sgd_itr1_w345.bin
cifar10,cnn1,model_seed42_itr19_sgd_itr1,linf,0.1,1,346,-8.323142098262906,9.379527755081654,-8.323142098262906,9.379527755081654,true,true,-9.379527755081654,-1.7702669853344557,9.379527755081654,1.770266985334456,WRONG,WRONG,false,false,-1.7702669853344557,1.770266985334456,false,false,true,0.0,1.7702669853344561,1.011,cifar10__cnn1__linf__0.1__model_seed42_itr19_sgd_itr1_w346.bin
cifar10,cnn1,model_seed42_itr19_sgd_itr1,linf,0.1,1,347,-8.323142098262906,9.379527755081654,-8.323142098262906,9.379527755081654,true,true,-9.379527755081654,-1.7702669853344561,9.379527755081654,1.7702669853344561,WRONG,WRONG,false,false,-1.7702669853344561,1.7702669853344561,false,false,true,4.440892098500626e-16,1.7702669853344561,0.855,cifar10__cnn1__linf__0.1__model_seed42_itr19_sgd_itr1_w347.bin
cifar10,cnn1,model_seed42_itr19_sgd_itr1,linf,0.1,1,348,-8.323142098262906,9.379527755081654,-8.323142098262906,9.379527755081654,true,true,-9.379527755081654,-1.770266985334456,9.379527755081654,1.7702669853344557,WRONG,WRONG,false,false,-1.770266985334456,1.7702669853344557,false,false,true,0.0,1.7702669853344557,1.04,cifar10__cnn1__linf__0.1__model_seed42_itr19_sgd_itr1_w348.bin
cifar10,cnn1,model_seed42_itr19_sgd_itr1,linf,0.1,1,349,-8.323142098262906,9.379527755081654,-8.323142098262906,9.379527755081654,true,true,-9.379527755081654,-1.7702669853344564,9.379527755081654,1.7702669853344561,WRONG,WRONG,false,false,-1.7702669853344564,1.7702669853344561,false,false,true,2.220446049250313e-16,1.7702669853344561,1.014,cifar10__cnn1__linf__0.1__model_seed42_itr19_sgd_itr1_w349.bin
cifar10,cnn1,model_seed42_itr19_sgd_itr1,linf,0.1,1,350,-8.323142098262906,9.379527755081654,-8.323142098262906,9.379527755081654,true,true,-9.379527755081654,-1.770266985334456,9.379527755081654,1.7702669853344561,WRONG,WRONG,false,false,-1.7702669853344557,1.7702669853344561,false,false,true,0.0,1.7702669853344557,0.903,cifar10__cnn1__linf__0.1__model_seed42_itr19_sgd_itr1_w350.bin
cifar10,cnn1,model_seed42_itr19_sgd_itr1,linf,0.1,1,351,-8.323142098262906,9.379527755081654,-8.323142098262906,9.379527755081654,true,true,-9.379527755081654,-1.7702669853344557,9.379527755081654,1.7702669853344557,WRONG,WRONG,false,false,-1.7702669853344557,1.7702669853344557,false,false,true,1.4980590706887362,3.268326056023192,0.87,cifar10__cnn1__linf__0.1__model_seed42_itr19_sgd_itr1_w351.bin
cifar10,cnn1,model_seed42_itr19_sgd_itr1,linf,0.1,1,352,-8.323142098262906,9.379527755081654,-8.323142098262906,9.379527755081654,true,true,-9.379527755081654,-1.7702669853344561,9.379527755081654,1.770266985334456,WRONG,WRONG,false,false,-1.7702669853344561,1.770266985334456,false,false,true,1.1102230246251565e-16,1.7702669853344557,0.944,cifar10__cnn1__linf__0.1__model_seed42_itr19_sgd_itr1_w352.bin
cifar10,cnn1,model_seed42_itr19_sgd_itr1,linf,0.1,1,353,-8.323142098262906,9.379527755081654,-8.323142098262906,9.379527755081654,true,true,-9.379527755081654,-1.770266985334456,9.379527755081654,1.770266985334456,WRONG,WRONG,false,false,-1.770266985334456,1.770266985334456,false,false,true,0.0,1.7702669853344561,0.896,cifar10__cnn1__linf__0.1__model_seed42_itr19_sgd_itr1_w353.bin
cifar10,cnn1,model_seed42_itr19_sgd_itr1,linf,0.1,1,354,-8.323142098262906,9.379527755081654,-8.323142098262906,9.379527755081654,true,true,-1.770266985334456,-1.770266985334456,1.7702669853344546,1.7702669853344546,WRONG,WRONG,false,false,-1.770266985334456,1.7702669853344546,false,false,true,1.1102230246251565e-16,1.7702669853344564,6.821,cifar10__cnn1__linf__0.1__model_seed42_itr19_sgd_itr1_w354.bin
cifar10,cnn1,model_seed42_itr19_sgd_itr1,linf,0.1,1,355,-8.323142098262906,9.379527755081654,-8.323142098262906,9.379527755081654,true,true,-9.379527755081654,-1.7702669853344566,9.379527755081654,1.7702669853344566,WRONG,WRONG,false,false,-1.7702669853344566,1.7702669853344566,false,false,true,0.0,1.7702669853344561,0.726,cifar10__cnn1__linf__0.1__model_seed42_itr19_sgd_itr1_w355.bin
cifar10,cnn1,model_seed42_itr19_sgd_itr1,linf,0.1,1,356,-8.323142098262906,9.379527755081654,-8.323142098262906,9.379527755081654,true,true,-9.379527755081654,-1.770266985334456,9.379527755081654,1.7702669853344561,WRONG,WRONG,false,false,-1.770266985334456,1.7702669853344561,false,false,true,2.220446049250313e-16,1.7702669853344561,0.75,cifar10__cnn1__linf__0.1__model_seed42_itr19_sgd_itr1_w356.bin
cifar10,cnn1,model_seed42_itr19_sgd_itr1,linf,0.1,1,357,-8.323142098262906,9.379527755081654,-8.323142098262906,9.379527755081654,true,true,-9.379527755081654,-1.7616466030406457,9.379527755081654,1.7702669853344557,WRONG,WRONG,false,true,-1.7702669853344548,-0.0,false,true,true,1.163734160255896,2.925380763296542,0.749,cifar10__cnn1__linf__0.1__model_seed42_itr19_sgd_itr1_w357.bin
cifar10,cnn1,model_seed42_itr19_sgd_itr1,linf,0.1,1,358,-8.323142098262906,9.379527755081654,-8.323142098262906,9.379527755081654,true,true,-9.379527755081654,-1.7616466030406466,9.379527755081654,1.7702669853344557,WRONG,WRONG,false,false,-1.7702669853344553,1.7702669853344557,false,false,true,0.3591149921849005,2.1207615952255465,1.207,cifar10__cnn1__linf__0.1__model_seed42_itr19_sgd_itr1_w358.bin
cifar10,cnn1,model_seed42_itr19_sgd_itr1,linf,0.1,1,359,-8.323142098262906,9.379527755081654,-8.323142098262906,9.379527755081654,true,true,-9.379527755081654,-1.7702669853344564,9.379527755081654,1.7702669853344561,WRONG,WRONG,false,false,-1.7702669853344564,1.7702669853344561,false,false,true,0.055436379645350295,1.8257033649798062,1.017,cifar10__cnn1__linf__0.1__model_seed42_itr19_sgd_itr1_w359.bin
cifar10,cnn1,model_seed42_itr19_sgd_itr1,linf,0.1,1,360,-8.323142098262906,9.379527755081654,-8.323142098262906,9.379527755081654,true,true,-9.379527755081654,-1.7702669853344566,9.379527755081654,1.7702669853344564,WRONG,WRONG,false,false,-1.7702669853344566,1.7702669853344564,false,false,true,0.27927086591380396,2.0495378512482603,1.057,cifar10__cnn1__linf__0.1__model_seed42_itr19_sgd_itr1_w360.bin
cifar10,cnn1,model_seed42_itr19_sgd_itr1,linf,0.1,1,361,-8.323142098262906,9.379527755081654,-8.323142098262906,9.379527755081654,true,true,-9.379527755081654,-1.7702669853344553,9.379527755081654,1.7702669853344553,WRONG,WRONG,false,false,-1.7702669853344553,1.7702669853344553,false,false,true,2.337924117635701,4.1081911029701565,0.99,cifar10__cnn1__linf__0.1__model_seed42_itr19_sgd_itr1_w361.bin
cifar10,cnn1,model_seed42_itr19_sgd_itr1,linf,0.1,1,362,-8.323142098262906,9.379527755081654,-8.323142098262906,9.379527755081654,true,true,-1.7702669853344544,-1.7702669853344544,1.7702669853344561,1.7702669853344561,WRONG,WRONG,false,false,-1.7702669853344544,1.7702669853344561,false,false,true,1.6653345369377348e-16,1.770266985334456,4.933,cifar10__cnn1__linf__0.1__model_seed42_itr19_sgd_itr1_w362.bin
cifar10,cnn1,model_seed42_itr19_sgd_itr1,linf,0.1,1,363,-8.323142098262906,9.379527755081654,-8.323142098262906,9.379527755081654,true,true,-9.379527755081654,-1.7702669853344566,9.379527755081654,1.7616466030406457,WRONG,WRONG,false,false,-1.7702669853344566,1.7616466030406457,false,false,true,0.4981070423946469,2.2683740277291027,0.761,cifar10__cnn1__linf__0.1__model_seed42_itr19_sgd_itr1_w363.bin
cifar10,cnn1,model_seed42_itr19_sgd_itr1,linf,0.1,1,364,-8.323142098262906,9.379527755081654,-8.323142098262906,9.379527755081654,true,true,-9.379527755081654,-1.7702669853344561,9.379527755081654,1.7702669853344555,WRONG,WRONG,false,false,-1.7702669853344561,1.7702669853344555,false,false,true,1.4700664126298906,3.240333397964346,0.796,cifar10__cnn1__linf__0.1__model_seed42_itr19_sgd_itr1_w364.bin
cifar10,cnn1,model_seed42_itr19_sgd_itr1,linf,0.1,1,365,-8.323142098262906,9.379527755081654,-8.323142098262906,9.379527755081654,true,true,-9.379527755081654,-1.7616466030406475,9.379527755081654,1.7702669853344564,WRONG,WRONG,false,false,-1.770266985334456,1.7702669853344555,false,false,true,1.663854107547275,3.425500710587921,0.79,cifar10__cnn1__linf__0.1__model_seed42_itr19_sgd_itr1_w365.bin
cifar10,cnn1,model_seed42_itr19_sgd_itr1,linf,0.1,1,366,-8.323142098262906,9.379527755081654,-8.323142098262906,9.379527755081654,true,true,-9.379527755081654,-1.770266985334456,9.379527755081654,1.770266985334456,WRONG,WRONG,false,false,-1.770266985334456,1.770266985334456,false,false,true,0.7609061969444157,2.5311731822788714,0.68,cifar10__cnn1__linf__0.1__model_seed42_itr19_sgd_itr1_w366.bin
cifar10,cnn1,model_seed42_itr19_sgd_itr1,linf,0.1,1,367,-8.323142098262906,9.379527755081654,-8.323142098262906,9.379527755081654,true,true,-9.379527755081654,-1.7702669853344561,9.379527755081654,1.7702669853344548,WRONG,WRONG,false,false,-1.7702669853344561,1.7702669853344548,false,false,true,0.3061871222574396,2.0764541075918954,0.71,cifar10__cnn1__linf__0.1__model_seed42_itr19_sgd_itr1_w367.bin
cifar10,cnn1,model_seed42_itr19_sgd_itr1,linf,0.1,1,368,-8.323142098262906,9.379527755081654,-8.323142098262906,9.379527755081654,true,true,-9.379527755081654,-1.7616466030406461,9.379527755081654,1.770266985334456,WRONG,WRONG,false,false,-1.7702669853344544,1.7702669853344557,false,false,true,1.4472897091334902,3.2089363121741363,0.656,cifar10__cnn1__linf__0.1__model_seed42_itr19_sgd_itr1_w368.bin
cifar10,cnn1,model_seed42_itr19_sgd_itr1,linf,0.1,1,369,-8.323142098262906,9.379527755081654,-8.323142098262906,9.379527755081654,true,true,-9.379527755081654,-1.7702669853344564,9.379527755081654,1.7702669853344561,WRONG,WRONG,false,false,-1.7702669853344564,1.7702669853344561,false,false,true,2.220446049250313e-16,1.7702669853344561,0.925,cifar10__cnn1__linf__0.1__model_seed42_itr19_sgd_itr1_w369.bin
cifar10,cnn1,model_seed42_itr19_sgd_itr1,linf,0.1,1,370,-8.323142098262906,9.379527755081654,-8.323142098262906,9.379527755081654,true,true,-9.379527755081654,-1.7702669853344566,9.379527755081654,1.7702669853344566,WRONG,WRONG,false,false,-1.7702669853344566,1.7702669853344566,false,false,true,0.3366675284913656,2.1069345138258213,1.019,cifar10__cnn1__linf__0.1__model_seed42_itr19_sgd_itr1_w370.bin
cifar10,cnn1,model_seed42_itr19_sgd_itr1,linf,0.1,1,371,-8.323142098262906,9.379527755081654,-8.323142098262906,9.379527755081654,true,true,-9.379527755081654,-1.7702669853344544,9.379527755081654,1.7616466030406461,WRONG,WRONG,false,false,-1.7702669853344544,1.7702669853344544,false,false,true,4.401895862053211,6.172162847387667,1.068,cifar10__cnn1__linf__0.1__model_seed42_itr19_sgd_itr1_w371.bin
cifar10,cnn1,model_seed42_itr19_sgd_itr1,linf,0.1,1,372,-8.323142098262906,9.379527755081654,-8.323142098262906,9.379527755081654,true,true,-1.7702669853344566,-1.7702669853344566,1.7702669853344557,1.7702669853344557,WRONG,WRONG,false,false,-1.7702669853344566,1.7702669853344557,false,false,true,0.0,1.7702669853344561,5.314,cifar10__cnn1__linf__0.1__model_seed42_itr19_sgd_itr1_w372.bin
cifar10,cnn1,model_seed42_itr19_sgd_itr1,linf,0.1,1,373,-8.323142098262906,9.379527755081654,-8.323142098262906,9.379527755081654,true,true,-9.379527755081654,-1.7616466030406464,1.7702669853344557,1.7702669853344557,WRONG,WRONG,false,false,-1.7702669853344557,1.7702669853344557,false,false,true,0.0,1.7616466030406461,2.269,cifar10__cnn1__linf__0.1__model_seed42_itr19_sgd_itr1_w373.bin
cifar10,cnn1,model_seed42_itr19_sgd_itr1,linf,0.1,1,374,-8.323142098262906,9.379527755081654,-8.323142098262906,9.379527755081654,true,true,-1.7702669853344548,-1.7702669853344548,1.7702669853344553,1.7702669853344553,WRONG,WRONG,false,false,-1.7702669853344548,1.7702669853344553,false,false,true,5.551115123125783e-16,1.7702669853344553,4.433,cifar10__cnn1__linf__0.1__model_seed42_itr19_sgd_itr1_w374.bin
cifar10,cnn1,model_seed42_itr19_sgd_itr1,linf,0.1,1,375,-8.323142098262906,9.379527755081654,-8.323142098262906,9.379527755081654,true,true,-1.7702669853344557,-1.7702669853344557,1.7702669853344555,1.7702669853344555,WRONG,WRONG,false,false,-1.7702669853344557,1.7702669853344555,false,false,true,1.1102230246251565e-16,1.770266985334456,6.222,cifar10__cnn1__linf__0.1__model_seed42_itr19_sgd_itr1_w375.bin
cifar10,cnn1,model_seed42_itr19_sgd_itr1,linf,0.1,1,376,-8.323142098262906,9.379527755081654,-8.323142098262906,9.379527755081654,true,true,-9.379527755081654,-1.7616466030406461,9.379527755081654,1.7702669853344561,WRONG,WRONG,false,false,-1.7702669853344541,1.7702669853344561,false,false,true,0.9011851999785776,2.6628318030192237,0.713,cifar10__cnn1__linf__0.1__model_seed42_itr19_sgd_itr1_w376.bin
cifar10,cnn1,model_seed42_itr19_sgd_itr1,linf,0.1,1,377,-8.323142098262906,9.379527755081654,-8.323142098262906,9.379527755081654,true,true,-9.379527755081654,-1.7702669853344555,9.379527755081654,1.7702669853344541,WRONG,WRONG,false,false,-1.7702669853344555,1.7702669853344541,false,false,true,0.7620253875507448,2.5322923728852005,1.03,cifar10__cnn1__linf__0.1__model_seed42_itr19_sgd_itr1_w377.bin
cifar10,cnn1,model_seed42_itr19_sgd_itr1,linf,0.1,1,378,-8.323142098262906,9.379527755081654,-8.323142098262906,9.379527755081654,true,true,-1.7702669853344555,-1.7702669853344555,1.7702669853344546,1.7702669853344546,WRONG,WRONG,false,false,-1.7702669853344555,1.7702669853344546,false,false,true,9.992007221626409e-16,1.7702669853344564,3.738,cifar10__cnn1__linf__0.1__model_seed42_itr19_sgd_itr1_w378.bin
cifar10,cnn1,model_seed42_itr19_sgd_itr1,linf,0.1,1,379,-8.323142098262906,9.379527755081654,-8.323142098262906,9.379527755081654,true,true,-9.379527755081654,-1.7616466030406464,9.379527755081654,1.7702669853344561,WRONG,WRONG,false,false,-1.770266985334456,1.7702669853344557,false,false,true,0.7732030961973855,2.5348496992380314,0.583,cifar10__cnn1__linf__0.1__model_seed42_itr19_sgd_itr1_w379.bin
cifar10,cnn1,model_seed42_itr19_sgd_itr1,linf,0.1,1,380,-8.323142098262906,9.379527755081654,-8.323142098262906,9.379527755081654,true,true,-9.379527755081654,-1.7702669853344566,9.379527755081654,1.770266985334456,WRONG,WRONG,false,false,-1.7702669853344566,1.770266985334456,false,false,true,0.1006803698555997,1.8709473551900557,0.864,cifar10__cnn1__linf__0.1__model_seed42_itr19_sgd_itr1_w380.bin
cifar10,cnn1,model_seed42_itr19_sgd_itr1,linf,0.1,1,381,-8.323142098262906,9.379527755081654,-8.323142098262906,9.379527755081654,true,true,-9.379527755081654,-1.7616466030406457,9.379527755081654,1.7702669853344553,WRONG,WRONG,false,false,-1.7702669853344561,1.7702669853344526,false,false,true,1.8118844642403735,3.57353106728102,0.825,cifar10__cnn1__linf__0.1__model_seed42_itr19_sgd_itr1_w381.bin
cifar10,cnn1,model_seed42_itr19_sgd_itr1,linf,0.1,1,382,-8.323142098262906,9.379527755081654,-8.323142098262906,9.379527755081654,true,true,-9.379527755081654,-1.7702669853344557,1.7702669853344548,1.7702669853344548,WRONG,WRONG,false,false,-1.7702669853344561,1.7702669853344548,false,false,true,0.0,1.7702669853344557,3.066,cifar10__cnn1__linf__0.1__model_seed42_itr19_sgd_itr1_w382.bin
cifar10,cnn1,model_seed42_itr19_sgd_itr1,linf,0.1,1,383,-8.323142098262906,9.379527755081654,-8.323142098262906,9.379527755081654,true,true,-1.7702669853344557,-1.7702669853344557,1.770266985334456,1.770266985334456,WRONG,WRONG,false,false,-1.7702669853344557,1.770266985334456,false,false,true,0.0,1.7702669853344557,3.567,cifar10__cnn1__linf__0.1__model_seed42_itr19_sgd_itr1_w383.bin
cifar10,cnn1,model_seed42_itr19_sgd_itr1,linf,0.1,1,384,-8.323142098262906,9.379527755081654,-8.323142098262906,9.379527755081654,true,true,-9.379527755081654,-1.7702669853344561,1.7702669853344553,1.7702669853344553,WRONG,WRONG,false,false,-1.7702669853344548,1.7702669853344553,false,false,true,1.1102230246251565e-16,1.770266985334456,1.729,cifar10__cnn1__linf__0.1__model_seed42_itr19_sgd_itr1_w384.bin
cifar10,cnn1,model_seed42_itr19_sgd_itr1,linf,0.1,1,385,-8.323142098262906,9.379527755081654,-8.323142098262906,9.379527755081654,true,true,-9.379527755081654,-1.7702669853344557,9.379527755081654,1.7702669853344555,WRONG,WRONG,false,false,-1.7702669853344557,1.7702669853344555,false,false,true,0.7035723062446546,2.47383929157911,0.606,cifar10__cnn1__linf__0.1__model_seed42_itr19_sgd_itr1_w385.bin
cifar10,cnn1,model_seed42_itr19_sgd_itr1,linf,0.1,1,386,-8.323142098262906,9.379527755081654,-8.323142098262906,9.379527755081654,true,true,-1.770266985334456,-1.770266985334456,1.7702669853344555,1.7702669853344555,WRONG,WRONG,false,false,-1.770266985334456,1.7702669853344555,false,false,true,1.1102230246251565e-16,1.7702669853344561,5.336,cifar10__cnn1__linf__0.1__model_seed42_itr19_sgd_itr1_w386.bin
cifar10,cnn1,model_seed42_itr19_sgd_itr1,linf,0.1,1,387,-8.323142098262906,9.379527755081654,-8.323142098262906,9.379527755081654,true,true,-9.379527755081654,-1.7702669853344553,9.379527755081654,1.7702669853344561,WRONG,WRONG,false,false,-1.7702669853344553,1.7702669853344561,false,false,true,2.318556491942375,4.088823477276831,0.662,cifar10__cnn1__linf__0.1__model_seed42_itr19_sgd_itr1_w387.bin
cifar10,cnn1,model_seed42_itr19_sgd_itr1,linf,0.1,1,388,-8.323142098262906,9.379527755081654,-8.323142098262906,9.379527755081654,true,true,-9.379527755081654,-1.5546326623118403,9.379527755081654,1.7702669853344557,WRONG,WRONG,false,false,-1.770266985334456,1.7702669853344548,false,false,true,0.34650113082345985,1.9011337931352996,0.657,cifar10__cnn1__linf__0.1__model_seed42_itr19_sgd_itr1_w388.bin
cifar10,cnn1,model_seed42_itr19_sgd_itr1,linf,0.1,1,389,-8.323142098262906,9.379527755081654,-8.323142098262906,9.379527755081654,true,true,-9.379527755081654,-1.7702669853344561,1.7702669853344564,1.7702669853344564,WRONG,WRONG,true,false,0.0,1.770266985334456,true,false,true,0.0,1.770266985334456,3.536,cifar10__cnn1__linf__0.1__model_seed42_itr19_sgd_itr1_w389.bin
cifar10,cnn1,model_seed42_itr19_sgd_itr1,linf,0.1,1,390,-8.323142098262906,9.379527755081654,-8.323142098262906,9.379527755081654,true,true,-9.379527755081654,-1.7702669853344561,9.379527755081654,1.7702669853344561,WRONG,WRONG,false,false,-1.7702669853344561,1.7702669853344561,false,false,true,0.5508452526346908,2.3211122379691465,0.843,cifar10__cnn1__linf__0.1__model_seed42_itr19_sgd_itr1_w390.bin
cifar10,cnn1,model_seed42_itr19_sgd_itr1,linf,0.1,1,391,-8.323142098262906,9.379527755081654,-8.323142098262906,9.379527755081654,true,true,-9.379527755081654,-1.770266985334456,9.379527755081654,1.7702669853344561,WRONG,WRONG,false,false,-1.770266985334456,1.7702669853344561,false,false,true,0.44491472677267846,2.215181712107134,0.825,cifar10__cnn1__linf__0.1__model_seed42_itr19_sgd_itr1_w391.bin
cifar10,cnn1,model_seed42_itr19_sgd_itr1,linf,0.1,1,392,-8.323142098262906,9.379527755081654,-8.323142098262906,9.379527755081654,true,true,-9.379527755081654,-1.770266985334456,9.379527755081654,1.770266985334456,WRONG,WRONG,false,false,-1.770266985334456,1.770266985334456,false,false,true,0.0,1.770266985334456,0.845,cifar10__cnn1__linf__0.1__model_seed42_itr19_sgd_itr1_w392.bin
cifar10,cnn1,model_seed42_itr19_sgd_itr1,linf,0.1,1,393,-8.323142098262906,9.379527755081654,-8.323142098262906,9.379527755081654,true,true,-9.379527755081654,-1.7702669853344557,9.379527755081654,1.7702669853344557,WRONG,WRONG,false,false,-1.7702669853344557,1.7702669853344557,false,false,true,0.480095674244318,2.250362659578774,0.867,cifar10__cnn1__linf__0.1__model_seed42_itr19_sgd_itr1_w393.bin
cifar10,cnn1,model_seed42_itr19_sgd_itr1,linf,0.1,1,394,-8.323142098262906,9.379527755081654,-8.323142098262906,9.379527755081654,true,true,-9.379527755081654,-1.7702669853344561,9.379527755081654,1.770266985334456,WRONG,WRONG,false,false,-1.7702669853344561,1.770266985334456,false,false,true,0.4801342475002097,2.2504012328346654,0.83,cifar10__cnn1__linf__0.1__model_seed42_itr19_sgd_itr1_w394.bin
cifar10,cnn1,model_seed42_itr19_sgd_itr1,linf,0.1,1,395,-8.323142098262906,9.379527755081654,-8.323142098262906,9.379527755081654,true,true,-9.379527755081654,-1.770266985334456,9.379527755081654,1.7702669853344561,WRONG,WRONG,false,false,-1.770266985334456,1.7702669853344561,false,false,true,0.44491472677267846,2.215181712107134,0.854,cifar10__cnn1__linf__0.1__model_seed42_itr19_sgd_itr1_w395.bin
cifar10,cnn1,model_seed42_itr19_sgd_itr1,linf,0.1,1,396,-8.323142098262906,9.379527755081654,-8.323142098262906,9.379527755081654,true,true,-9.379527755081654,-1.7702669853344564,9.379527755081654,1.7702669853344561,WRONG,WRONG,false,false,-1.7702669853344564,1.7702669853344561,false,false,true,0.9746403164875819,2.7449073018220376,0.851,cifar10__cnn1__linf__0.1__model_seed42_itr19_sgd_itr1_w396.bin
cifar10,cnn1,model_seed42_itr19_sgd_itr1,linf,0.1,1,397,-8.323142098262906,9.379527755081654,-8.323142098262906,9.379527755081654,true,true,-9.379527755081654,-1.770266985334456,9.379527755081654,1.7702669853344561,WRONG,WRONG,false,false,-1.770266985334456,1.7702669853344561,false,false,true,0.0,1.770266985334456,0.792,cifar10__cnn1__linf__0.1__model_seed42_itr19_sgd_itr1_w397.bin
cifar10,cnn1,model_seed42_itr19_sgd_itr1,linf,0.1,1,398,-8.323142098262906,9.379527755081654,-8.323142098262906,9.379527755081654,true,true,-9.379527755081654,-1.761646603040646,9.379527755081654,1.7702669853344561,WRONG,WRONG,false,false,-1.7702669853344561,1.7702669853344564,false,false,true,0.46849021778454303,2.2301368208251886,0.849,cifar10__cnn1__linf__0.1__model_seed42_itr19_sgd_itr1_w398.bin
cifar10,cnn1,model_seed42_itr19_sgd_itr1,linf,0.1,1,399,-8.323142098262906,9.379527755081654,-8.323142098262906,9.379527755081654,true,true,-9.379527755081654,-1.770266985334456,9.379527755081654,1.7702669853344561,WRONG,WRONG,false,false,-1.770266985334456,1.7702669853344561,false,false,true,0.44491472677267846,2.215181712107134,1.168,cifar10__cnn1__linf__0.1__model_seed42_itr19_sgd_itr1_w399.bin
cifar10,cnn1,model_seed42_itr19_sgd_itr1,linf,0.1,1,400,-8.323142098262906,9.379527755081654,-8.323142098262906,9.379527755081654,true,true,-9.379527755081654,-1.7702669853344561,9.379527755081654,1.770266985334456,WRONG,WRONG,false,false,-1.7702669853344561,1.770266985334456,false,false,true,0.957240812362736,2.727507797697192,1.116,cifar10__cnn1__linf__0.1__model_seed42_itr19_sgd_itr1_w400.bin
cifar10,cnn1,model_seed42_itr19_sgd_itr1,linf,0.1,1,401,-0.0518958702305099,0.0022082556679379195,-0.0518958702305099,0.0022082556679379195,true,true,-0.002208255667937919,-0.002208255667937919,0.0022082556679379195,0.0022082556679379195,WRONG,WRONG,false,false,-0.002208255667937919,0.0022082556679379195,false,false,true,0.0,0.0022082556679379195,3.572,cifar10__cnn1__linf__0.1__model_seed42_itr19_sgd_itr1_w401.bin
cifar10,cnn1,model_seed42_itr19_sgd_itr1,linf,0.1,1,402,-0.0518958702305099,0.0022082556679379195,-0.0518958702305099,0.0022082556679379195,true,true,-0.002208255667937919,-0.002208255667937919,0.0022082556679379195,0.0022082556679379195,WRONG,WRONG,false,false,-0.002208255667937919,0.0022082556679379195,false,false,true,0.0,0.0022082556679379195,3.626,cifar10__cnn1__linf__0.1__model_seed42_itr19_sgd_itr1_w402.bin
cifar10,cnn1,model_seed42_itr19_sgd_itr1,linf,0.1,1,403,-0.0518958702305099,0.0022082556679379195,-0.0518958702305099,0.0022082556679379195,true,true,-0.0022082556679379195,-0.0022082556679379195,0.002208255667937919,0.002208255667937919,WRONG,WRONG,false,false,-0.0022082556679379195,0.002208255667937919,false,false,true,0.0,0.0022082556679379195,3.331,cifar10__cnn1__linf__0.1__model_seed42_itr19_sgd_itr1_w403.bin
cifar10,cnn1,model_seed42_itr19_sgd_itr1,linf,0.1,1,404,-0.0518958702305099,0.0022082556679379195,-0.0518958702305099,0.0022082556679379195,true,true,-0.002208255667937919,-0.002208255667937919,0.002208255667937919,0.002208255667937919,WRONG,WRONG,false,false,-0.002208255667937919,0.002208255667937919,false,false,true,0.0,0.0022082556679379195,3.089,cifar10__cnn1__linf__0.1__model_seed42_itr19_sgd_itr1_w404.bin
cifar10,cnn1,model_seed42_itr19_sgd_itr1,linf,0.1,1,405,-0.0518958702305099,0.0022082556679379195,-0.0518958702305099,0.0022082556679379195,true,true,-0.0022082556679379195,-0.0022082556679379195,0.002208255667937919,0.002208255667937919,WRONG,WRONG,false,false,-0.0022082556679379195,0.002208255667937919,false,false,true,1.6263032587282567e-19,0.0022082556679379195,5.019,cifar10__cnn1__linf__0.1__model_seed42_itr19_sgd_itr1_w405.bin
cifar10,cnn1,model_seed42_itr19_sgd_itr1,linf,0.1,1,406,-0.0518958702305099,0.0022082556679379195,-0.0518958702305099,0.0022082556679379195,true,true,-0.0022082556679379195,-0.0022082556679379195,0.0022082556679379195,0.0022082556679379195,WRONG,WRONG,false,false,-0.0022082556679379195,0.0022082556679379195,false,false,true,0.0,0.0022082556679379195,4.144,cifar10__cnn1__linf__0.1__model_seed42_itr19_sgd_itr1_w406.bin
cifar10,cnn1,model_seed42_itr19_sgd_itr1,linf,0.1,1,407,-0.0518958702305099,0.0022082556679379195,-0.0518958702305099,0.0022082556679379195,true,true,-0.002208255667937919,-0.002208255667937919,0.002208255667937919,0.002208255667937919,WRONG,WRONG,false,false,-0.002208255667937919,0.002208255667937919,false,false,true,2.710505431213761e-20,0.0022082556679379195,3.612,cifar10__cnn1__linf__0.1__model_seed42_itr19_sgd_itr1_w407.bin
cifar10,cnn1,model_seed42_itr19_sgd_itr1,linf,0.1,1,408,-0.0518958702305099,0.0022082556679379195,-0.0518958702305099,0.0022082556679379195,true,true,-0.002208255667937919,-0.002208255667937919,0.0022082556679379195,0.0022082556679379195,WRONG,WRONG,false,false,-0.002208255667937919,0.0022082556679379195,false,false,true,0.0,0.0022082556679379195,2.999,cifar10__cnn1__linf__0.1__model_seed42_itr19_sgd_itr1_w408.bin
cifar10,cnn1,model_seed42_itr19_sgd_itr1,linf,0.1,1,409,-0.0518958702305099,0.0022082556679379195,-0.0518958702305099,0.0022082556679379195,true,true,-0.0022082556679379195,-0.0022082556679379195,0.0022082556679379195,0.0022082556679379195,WRONG,WRONG,false,false,-0.0022082556679379195,0.0022082556679379195,false,false,true,0.0,0.0022082556679379195,3.378,cifar10__cnn1__linf__0.1__model_seed42_itr19_sgd_itr1_w409.bin
cifar10,cnn1,model_seed42_itr19_sgd_itr1,linf,0.1,1,410,-0.0518958702305099,0.0022082556679379195,-0.0518958702305099,0.0022082556679379195,true,true,-0.0022082556679379195,-0.0022082556679379195,0.0022082556679379195,0.0022082556679379195,WRONG,WRONG,false,false,-0.0022082556679379195,0.0022082556679379195,false,false,true,1.0842021724855044e-19,0.0022082556679379195,2.934,cifar10__cnn1__linf__0.1__model_seed42_itr19_sgd_itr1_w410.bin
cifar10,cnn1,model_seed42_itr19_sgd_itr1,linf,0.1,1,411,-0.0518958702305099,0.0022082556679379195,-0.0518958702305099,0.0022082556679379195,true,true,-0.0022082556679379195,-0.0022082556679379195,0.002208255667937919,0.002208255667937919,WRONG,WRONG,false,false,-0.0022082556679379195,0.002208255667937919,false,false,true,0.0,0.0022082556679379195,3.516,cifar10__cnn1__linf__0.1__model_seed42_itr19_sgd_itr1_w411.bin
cifar10,cnn1,model_seed42_itr19_sgd_itr1,linf,0.1,1,412,-0.0518958702305099,0.0022082556679379195,-0.0518958702305099,0.0022082556679379195,true,true,-0.0022082556679379195,-0.0022082556679379195,0.0022082556679379195,0.0022082556679379195,WRONG,WRONG,false,false,-0.0022082556679379195,0.0022082556679379195,false,false,true,0.0,0.0022082556679379195,3.055,cifar10__cnn1__linf__0.1__model_seed42_itr19_sgd_itr1_w412.bin
cifar10,cnn1,model_seed42_itr19_sgd_itr1,linf,0.1,1,413,-0.0518958702305099,0.0022082556679379195,-0.0518958702305099,0.0022082556679379195,true,true,-0.0022082556679379195,-0.0022082556679379195,0.0022082556679379195,0.0022082556679379195,WRONG,WRONG,false,false,-0.0022082556679379195,0.0022082556679379195,false,false,true,0.0,0.0022082556679379195,4.34,cifar10__cnn1__linf__0.1__model_seed42_itr19_sgd_itr1_w413.bin
cifar10,cnn1,model_seed42_itr19_sgd_itr1,linf,0.1,1,414,-0.0518958702305099,0.0022082556679379195,-0.0518958702305099,0.0022082556679379195,true,true,-0.0022082556679379195,-0.0022082556679379195,0.0022082556679379195,0.0022082556679379195,WRONG,WRONG,false,false,-0.0022082556679379195,0.0022082556679379195,false,false,true,1.3552527156068805e-19,0.0022082556679379195,3.405,cifar10__cnn1__linf__0.1__model_seed42_itr19_sgd_itr1_w414.bin
cifar10,cnn1,model_seed42_itr19_sgd_itr1,linf,0.1,1,415,-0.0518958702305099,0.0022082556679379195,-0.0518958702305099,0.0022082556679379195,true,true,-0.0022082556679379195,-0.0022082556679379195,0.0022082556679379195,0.0022082556679379195,WRONG,WRONG,false,false,-0.0022082556679379195,0.0022082556679379195,false,false,true,0.0,0.0022082556679379195,3.659,cifar10__cnn1__linf__0.1__model_seed42_itr19_sgd_itr1_w415.bin
cifar10,cnn1,model_seed42_itr19_sgd_itr1,linf,0.1,1,416,-0.0518958702305099,0.0022082556679379195,-0.0518958702305099,0.0022082556679379195,true,true,-0.0022082556679379195,-0.0022082556679379195,0.0022082556679379195,0.0022082556679379195,WRONG,WRONG,false,false,-0.0022082556679379195,0.0022082556679379195,false,false,true,0.0,0.0022082556679379195,3.799,cifar10__cnn1__linf__0.1__model_seed42_itr19_sgd_itr1_w416.bin
cifar10,cnn1,model_seed42_itr19_sgd_itr1,linf,0.1,1,417,-0.0518958702305099,0.0022082556679379195,-0.0518958702305099,0.0022082556679379195,true,true,-0.0022082556679379195,-0.0022082556679379195,0.002208255667937919,0.002208255667937919,WRONG,WRONG,false,false,-0.0022082556679379195,0.002208255667937919,false,false,true,0.0,0.0022082556679379195,3.484,cifar10__cnn1__linf__0.1__model_seed42_itr19_sgd_itr1_w417.bin
cifar10,cnn1,model_seed42_itr19_sgd_itr1,linf,0.1,1,418,-0.0518958702305099,0.0022082556679379195,-0.0518958702305099,0.0022082556679379195,true,true,-0.0022082556679379195,-0.0022082556679379195,0.0022082556679379195,0.0022082556679379195,WRONG,WRONG,false,false,-0.0022082556679379195,0.0022082556679379195,false,false,true,0.0,0.0022082556679379195,2.945,cifar10__cnn1__linf__0.1__model_seed42_itr19_sgd_itr1_w418.bin
cifar10,cnn1,model_seed42_itr19_sgd_itr1,linf,0.1,1,419,-0.0518958702305099,0.0022082556679379195,-0.0518958702305099,0.0022082556679379195,true,true,-0.0022082556679379195,-0.0022082556679379195,0.002208255667937919,0.002208255667937919,WRONG,WRONG,false,false,-0.0022082556679379195,0.002208255667937919,false,false,true,0.0,0.0022082556679379195,3.48,cifar10__cnn1__linf__0.1__model_seed42_itr19_sgd_itr1_w419.bin
cifar10,cnn1,model_seed42_itr19_sgd_itr1,linf,0.1,1,420,-0.0518958702305099,0.0022082556679379195,-0.0518958702305099,0.0022082556679379195,true,true,-0.0022082556679379195,-0.0022082556679379195,0.0022082556679379195,0.0022082556679379195,WRONG,WRONG,false,false,-0.0022082556679379195,0.0022082556679379195,false,false,true,0.0,0.0022082556679379195,3.465,cifar10__cnn1__linf__0.1__model_seed42_itr19_sgd_itr1_w420.bin
cifar10,cnn1,model_seed42_itr19_sgd_itr1,linf,0.1,1,421,-0.0518958702305099,0.0022082556679379195,-0.0518958702305099,0.0022082556679379195,true,true,-0.0022082556679379195,-0.0022082556679379195,0.0022082556679379195,0.0022082556679379195,WRONG,WRONG,false,false,-0.0022082556679379195,0.0022082556679379195,false,false,true,0.0,0.0022082556679379195,3.581,cifar10__cnn1__linf__0.1__model_seed42_itr19_sgd_itr1_w421.bin
cifar10,cnn1,model_seed42_itr19_sgd_itr1,linf,0.1,1,422,-0.0518958702305099,0.0022082556679379195,-0.0518958702305099,0.0022082556679379195,true,true,-0.0022082556679379195,-0.0022082556679379195,0.0022082556679379195,0.0022082556679379195,WRONG,WRONG,false,false,-0.0022082556679379195,0.0022082556679379195,false,false,true,0.0,0.0022082556679379195,3.616,cifar10__cnn1__linf__0.1__model_seed42_itr19_sgd_itr1_w422.bin
cifar10,cnn1,model_seed42_itr19_sgd_itr1,linf,0.1,1,423,-0.0518958702305099,0.0022082556679379195,-0.0518958702305099,0.0022082556679379195,true,true,-0.0022082556679379195,-0.0022082556679379195,0.0022082556679379195,0.0022082556679379195,WRONG,WRONG,false,false,-0.0022082556679379195,0.0022082556679379195,false,false,true,0.0,0.0022082556679379195,4.211,cifar10__cnn1__linf__0.1__model_seed42_itr19_sgd_itr1_w423.bin
cifar10,cnn1,model_seed42_itr19_sgd_itr1,linf,0.1,1,424,-0.0518958702305099,0.0022082556679379195,-0.0518958702305099,0.0022082556679379195,true,true,-0.0022082556679379195,-0.0022082556679379195,0.0022082556679379195,0.0022082556679379195,WRONG,WRONG,false,false,-0.0022082556679379195,0.0022082556679379195,false,false,true,0.0,0.0022082556679379195,3.359,cifar10__cnn1__linf__0.1__model_seed42_itr19_sgd_itr1_w424.bin
cifar10,cnn1,model_seed42_itr19_sgd_itr1,linf,0.1,1,425,-0.0518958702305099,0.0022082556679379195,-0.0518958702305099,0.0022082556679379195,true,true,-0.0022082556679379195,-0.0022082556679379195,0.002208255667937919,0.002208255667937919,WRONG,WRONG,false,false,-0.0022082556679379195,0.002208255667937919,false,false,true,0.0,0.0022082556679379195,3.284,cifar10__cnn1__linf__0.1__model_seed42_itr19_sgd_itr1_w425.bin
cifar10,cnn1,model_seed42_itr19_sgd_itr1,linf,0.1,1,426,-0.0518958702305099,0.0022082556679379195,-0.0518958702305099,0.0022082556679379195,true,true,-0.002208255667937919,-0.002208255667937919,0.0022082556679379195,0.0022082556679379195,WRONG,WRONG,false,false,-0.002208255667937919,0.0022082556679379195,false,false,true,0.0,0.0022082556679379195,3.555,cifar10__cnn1__linf__0.1__model_seed42_itr19_sgd_itr1_w426.bin
cifar10,cnn1,model_seed42_itr19_sgd_itr1,linf,0.1,1,427,-0.0518958702305099,0.0022082556679379195,-0.0518958702305099,0.0022082556679379195,true,true,-0.0022082556679379195,-0.0022082556679379195,0.0022082556679379195,0.0022082556679379195,WRONG,WRONG,false,false,-0.0022082556679379195,0.0022082556679379195,false,false,true,0.0,0.0022082556679379195,3.362,cifar10__cnn1__linf__0.1__model_seed42_itr19_sgd_itr1_w427.bin
cifar10,cnn1,model_seed42_itr19_sgd_itr1,linf,0.1,1,428,-0.0518958702305099,0.0022082556679379195,-0.0518958702305099,0.0022082556679379195,true,true,-0.002208255667937919,-0.002208255667937919,0.0022082556679379195,0.0022082556679379195,WRONG,WRONG,false,false,-0.002208255667937919,0.0022082556679379195,false,false,true,0.0,0.0022082556679379195,3.593,cifar10__cnn1__linf__0.1__model_seed42_itr19_sgd_itr1_w428.bin
cifar10,cnn1,model_seed42_itr19_sgd_itr1,linf,0.1,1,429,-0.0518958702305099,0.0022082556679379195,-0.0518958702305099,0.0022082556679379195,true,true,-0.0022082556679379195,-0.0022082556679379195,0.0022082556679379195,0.0022082556679379195,WRONG,WRONG,false,false,-0.0022082556679379195,0.0022082556679379195,false,false,true,0.0,0.0022082556679379195,3.857,cifar10__cnn1__linf__0.1__model_seed42_itr19_sgd_itr1_w429.bin
cifar10,cnn1,model_seed42_itr19_sgd_itr1,linf,0.1,1,430,-0.0518958702305099,0.0022082556679379195,-0.0518958702305099,0.0022082556679379195,true,true,-0.0022082556679379195,-0.0022082556679379195,0.0022082556679379195,0.0022082556679379195,WRONG,WRONG,false,false,-0.0022082556679379195,0.0022082556679379195,false,false,true,1.2197274440461925e-19,0.0022082556679379195,3.67,cifar10__cnn1__linf__0.1__model_seed42_itr19_sgd_itr1_w430.bin
cifar10,cnn1,model_seed42_itr19_sgd_itr1,linf,0.1,1,431,-0.0518958702305099,0.0022082556679379195,-0.0518958702305099,0.0022082556679379195,true,true,-0.0022082556679379195,-0.0022082556679379195,0.0022082556679379195,0.0022082556679379195,WRONG,WRONG,false,false,-0.0022082556679379195,0.0022082556679379195,false,false,true,0.0,0.0022082556679379195,3.525,cifar10__cnn1__linf__0.1__model_seed42_itr19_sgd_itr1_w431.bin
cifar10,cnn1,model_seed42_itr19_sgd_itr1,linf,0.1,1,432,-0.0518958702305099,0.0022082556679379195,-0.0518958702305099,0.0022082556679379195,true,true,-0.0022082556679379195,-0.0022082556679379195,0.002208255667937919,0.002208255667937919,WRONG,WRONG,false,false,-0.0022082556679379195,0.002208255667937919,false,false,true,0.0,0.0022082556679379195,2.61,cifar10__cnn1__linf__0.1__model_seed42_itr19_sgd_itr1_w432.bin
cifar10,cnn1,model_seed42_itr19_sgd_itr1,linf,0.1,1,433,-0.0518958702305099,0.0022082556679379195,-0.0518958702305099,0.0022082556679379195,true,true,-0.0022082556679379195,-0.0022082556679379195,0.0022082556679379195,0.0022082556679379195,WRONG,WRONG,false,false,-0.0022082556679379195,0.0022082556679379195,false,false,true,0.0,0.0022082556679379195,3.822,cifar10__cnn1__linf__0.1__model_seed42_itr19_sgd_itr1_w433.bin
cifar10,cnn1,model_seed42_itr19_sgd_itr1,linf,0.1,1,434,-0.0518958702305099,0.0022082556679379195,-0.0518958702305099,0.0022082556679379195,true,true,-0.0022082556679379195,-0.0022082556679379195,0.0022082556679379195,0.0022082556679379195,WRONG,WRONG,false,false,-0.0022082556679379195,0.0022082556679379195,false,false,true,0.0,0.0022082556679379195,3.101,cifar10__cnn1__linf__0.1__model_seed42_itr19_sgd_itr1_w434.bin
cifar10,cnn1,model_seed42_itr19_sgd_itr1,linf,0.1,1,435,-0.0518958702305099,0.0022082556679379195,-0.0518958702305099,0.0022082556679379195,true,true,-0.0022082556679379195,-0.0022082556679379195,0.0022082556679379195,0.0022082556679379195,WRONG,WRONG,false,false,-0.0022082556679379195,0.0022082556679379195,false,false,true,4.336808689942018e-19,0.0022082556679379195,3.23,cifar10__cnn1__linf__0.1__model_seed42_itr19_sgd_itr1_w435.bin
cifar10,cnn1,model_seed42_itr19_sgd_itr1,linf,0.1,1,436,-0.0518958702305099,0.0022082556679379195,-0.0518958702305099,0.0022082556679379195,true,true,-0.0022082556679379195,-0.0022082556679379195,0.0022082556679379195,0.0022082556679379195,WRONG,WRONG,false,false,-0.0022082556679379195,0.0022082556679379195,false,false,true,0.0,0.0022082556679379195,3.265,cifar10__cnn1__linf__0.1__model_seed42_itr19_sgd_itr1_w436.bin
cifar10,cnn1,model_seed42_itr19_sgd_itr1,linf,0.1,1,437,-0.0518958702305099,0.0022082556679379195,-0.0518958702305099,0.0022082556679379195,true,true,-0.0022082556679379195,-0.0022082556679379195,0.0022082556679379195,0.0022082556679379195,WRONG,WRONG,false,false,-0.0022082556679379195,0.0022082556679379195,false,false,true,0.0,0.0022082556679379195,2.833,cifar10__cnn1__linf__0.1__model_seed42_itr19_sgd_itr1_w437.bin
cifar10,cnn1,model_seed42_itr19_sgd_itr1,linf,0.1,1,438,-0.0518958702305099,0.0022082556679379195,-0.0518958702305099,0.0022082556679379195,true,true,-0.0022082556679379195,-0.0022082556679379195,0.0022082556679379195,0.0022082556679379195,WRONG,WRONG,false,false,-0.0022082556679379195,0.0022082556679379195,false,false,true,0.0,0.0022082556679379195,3.104,cifar10__cnn1__linf__0.1__model_seed42_itr19_sgd_itr1_w438.bin
cifar10,cnn1,model_seed42_itr19_sgd_itr1,linf,0.1,1,439,-0.0518958702305099,0.0022082556679379195,-0.0518958702305099,0.0022082556679379195,true,true,-0.0022082556679379195,-0.0022082556679379195,0.002208255667937919,0.002208255667937919,WRONG,WRONG,false,false,-0.0022082556679379195,0.002208255667937919,false,false,true,0.0,0.0022082556679379195,3.254,cifar10__cnn1__linf__0.1__model_seed42_itr19_sgd_itr1_w439.bin
cifar10,cnn1,model_seed42_itr19_sgd_itr1,linf,0.1,1,440,-0.0518958702305099,0.0022082556679379195,-0.0518958702305099,0.0022082556679379195,true,true,-0.0022082556679379195,-0.0022082556679379195,0.0022082556679379195,0.0022082556679379195,WRONG,WRONG,false,false,-0.0022082556679379195,0.0022082556679379195,false,false,true,1.8973538018496328e-19,0.0022082556679379195,3.639,cifar10__cnn1__linf__0.1__model_seed42_itr19_sgd_itr1_w440.bin
cifar10,cnn1,model_seed42_itr19_sgd_itr1,linf,0.1,1,441,-0.0518958702305099,0.0022082556679379195,-0.0518958702305099,0.0022082556679379195,true,true,-0.002208255667937919,-0.002208255667937919,0.0022082556679379195,0.0022082556679379195,WRONG,WRONG,false,false,-0.002208255667937919,0.0022082556679379195,false,false,true,0.0,0.0022082556679379195,3.353,cifar10__cnn1__linf__0.1__model_seed42_itr19_sgd_itr1_w441.bin
cifar10,cnn1,model_seed42_itr19_sgd_itr1,linf,0.1,1,442,-0.0518958702305099,0.0022082556679379195,-0.0518958702305099,0.0022082556679379195,true,true,-0.0022082556679379195,-0.0022082556679379195,0.002208255667937919,0.002208255667937919,WRONG,WRONG,false,false,-0.0022082556679379195,0.002208255667937919,false,false,true,0.0,0.0022082556679379195,3.067,cifar10__cnn1__linf__0.1__model_seed42_itr19_sgd_itr1_w442.bin
cifar10,cnn1,model_seed42_itr19_sgd_itr1,linf,0.1,1,443,-0.0518958702305099,0.0022082556679379195,-0.0518958702305099,0.0022082556679379195,true,true,-0.0022082556679379195,-0.0022082556679379195,0.002208255667937919,0.002208255667937919,WRONG,WRONG,false,false,-0.0022082556679379195,0.002208255667937919,false,false,true,0.0,0.0022082556679379195,3.55,cifar10__cnn1__linf__0.1__model_seed42_itr19_sgd_itr1_w443.bin
cifar10,cnn1,model_seed42_itr19_sgd_itr1,linf,0.1,1,444,-0.0518958702305099,0.0022082556679379195,-0.0518958702305099,0.0022082556679379195,true,true,-0.0022082556679379195,-0.0022082556679379195,0.002208255667937919,0.002208255667937919,WRONG,WRONG,false,false,-0.0022082556679379195,0.002208255667937919,false,false,true,4.336808689942018e-19,0.0022082556679379195,3.221,cifar10__cnn1__linf__0.1__model_seed42_itr19_sgd_itr1_w444.bin
cifar10,cnn1,model_seed42_itr19_sgd_itr1,linf,0.1,1,445,-0.0518958702305099,0.0022082556679379195,-0.0518958702305099,0.0022082556679379195,true,true,-0.0022082556679379195,-0.0022082556679379195,0.0022082556679379195,0.0022082556679379195,WRONG,WRONG,false,false,-0.0022082556679379195,0.0022082556679379195,false,false,true,0.0,0.0022082556679379195,3.059,cifar10__cnn1__linf__0.1__model_seed42_itr19_sgd_itr1_w445.bin
cifar10,cnn1,model_seed42_itr19_sgd_itr1,linf,0.1,1,446,-0.0518958702305099,0.0022082556679379195,-0.0518958702305099,0.0022082556679379195,true,true,-0.0022082556679379195,-0.0022082556679379195,0.0022082556679379195,0.0022082556679379195,WRONG,WRONG,false,false,-0.0022082556679379195,0.0022082556679379195,false,false,true,0.0,0.0022082556679379195,3.06,cifar10__cnn1__linf__0.1__model_seed42_itr19_sgd_itr1_w446.bin
cifar10,cnn1,model_seed42_itr19_sgd_itr1,linf,0.1,1,447,-0.0518958702305099,0.0022082556679379195,-0.0518958702305099,0.0022082556679379195,true,true,-0.0022082556679379195,-0.0022082556679379195,0.0022082556679379195,0.0022082556679379195,WRONG,WRONG,false,false,-0.0022082556679379195,0.0022082556679379195,false,false,true,0.0,0.0022082556679379195,3.251,cifar10__cnn1__linf__0.1__model_seed42_itr19_sgd_itr1_w447.bin
cifar10,cnn1,model_seed42_itr19_sgd_itr1,linf,0.1,1,448,-0.0518958702305099,0.0022082556679379195,-0.0518958702305099,0.0022082556679379195,true,true,-0.002208255667937919,-0.002208255667937919,0.0022082556679379195,0.0022082556679379195,WRONG,WRONG,false,false,-0.002208255667937919,0.0022082556679379195,false,false,true,0.0,0.0022082556679379195,3.32,cifar10__cnn1__linf__0.1__model_seed42_itr19_sgd_itr1_w448.bin
cifar10,cnn1,model_seed42_itr19_sgd_itr1,linf,0.1,1,449,-0.0518958702305099,0.0022082556679379195,-0.0518958702305099,0.0022082556679379195,true,true,-0.0022082556679379195,-0.0022082556679379195,0.0022082556679379195,0.0022082556679379195,WRONG,WRONG,false,false,-0.0022082556679379195,0.0022082556679379195,false,false,true,0.0,0.0022082556679379195,3.335,cifar10__cnn1__linf__0.1__model_seed42_itr19_sgd_itr1_w449.bin
cifar10,cnn1,model_seed42_itr19_sgd_itr1,linf,0.1,1,450,-0.0518958702305099,0.0022082556679379195,-0.0518958702305099,0.0022082556679379195,true,true,-0.0022082556679379195,-0.0022082556679379195,0.0022082556679379195,0.0022082556679379195,WRONG,WRONG,false,false,-0.0022082556679379195,0.0022082556679379195,false,false,true,0.0,0.0022082556679379195,3.145,cifar10__cnn1__linf__0.1__model_seed42_itr19_sgd_itr1_w450.bin
cifar10,cnn1,model_seed42_itr19_sgd_itr1,linf,0.1,1,451,-0.0518958702305099,0.0022082556679379195,-0.0518958702305099,0.0022082556679379195,true,true,-0.0022082556679379195,-0.0022082556679379195,0.0022082556679379195,0.0022082556679379195,WRONG,WRONG,false,false,-0.0022082556679379195,0.0022082556679379195,false,false,true,0.0,0.0022082556679379195,3.491,cifar10__cnn1__linf__0.1__model_seed42_itr19_sgd_itr1_w451.bin
cifar10,cnn1,model_seed42_itr19_sgd_itr1,linf,0.1,1,452,-0.0518958702305099,0.0022082556679379195,-0.0518958702305099,0.0022082556679379195,true,true,-0.0022082556679379195,-0.0022082556679379195,0.0022082556679379195,0.0022082556679379195,WRONG,WRONG,false,false,-0.0022082556679379195,0.0022082556679379195,false,false,true,0.0,0.0022082556679379195,3.437,cifar10__cnn1__linf__0.1__model_seed42_itr19_sgd_itr1_w452.bin
cifar10,cnn1,model_seed42_itr19_sgd_itr1,linf,0.1,1,453,-0.0518958702305099,0.0022082556679379195,-0.0518958702305099,0.0022082556679379195,true,true,-0.002208255667937919,-0.002208255667937919,0.0022082556679379195,0.0022082556679379195,WRONG,WRONG,false,false,-0.002208255667937919,0.0022082556679379195,false,false,true,0.0,0.0022082556679379195,3.28,cifar10__cnn1__linf__0.1__model_seed42_itr19_sgd_itr1_w453.bin
cifar10,cnn1,model_seed42_itr19_sgd_itr1,linf,0.1,1,454,-0.0518958702305099,0.0022082556679379195,-0.0518958702305099,0.0022082556679379195,true,true,-0.0022082556679379195,-0.0022082556679379195,0.0022082556679379195,0.0022082556679379195,WRONG,WRONG,false,false,-0.0022082556679379195,0.0022082556679379195,false,false,true,0.0,0.0022082556679379195,3.286,cifar10__cnn1__linf__0.1__model_seed42_itr19_sgd_itr1_w454.bin
cifar10,cnn1,model_seed42_itr19_sgd_itr1,linf,0.1,1,455,-0.0518958702305099,0.0022082556679379195,-0.0518958702305099,0.0022082556679379195,true,true,-0.0022082556679379195,-0.0022082556679379195,0.0022082556679379195,0.0022082556679379195,WRONG,WRONG,false,false,-0.0022082556679379195,0.0022082556679379195,false,false,true,0.0,0.0022082556679379195,3.181,cifar10__cnn1__linf__0.1__model_seed42_itr19_sgd_itr1_w455.bin
cifar10,cnn1,model_seed42_itr19_sgd_itr1,linf,0.1,1,456,-0.0518958702305099,0.0022082556679379195,-0.0518958702305099,0.0022082556679379195,true,true,-0.0022082556679379195,-0.0022082556679379195,0.0022082556679379195,0.0022082556679379195,WRONG,WRONG,false,false,-0.0022082556679379195,0.0022082556679379195,false,false,true,0.0,0.0022082556679379195,3.565,cifar10__cnn1__linf__0.1__model_seed42_itr19_sgd_itr1_w456.bin
cifar10,cnn1,model_seed42_itr19_sgd_itr1,linf,0.1,1,457,-0.0518958702305099,0.0022082556679379195,-0.0518958702305099,0.0022082556679379195,true,true,-0.0022082556679379195,-0.0022082556679379195,0.0022082556679379195,0.0022082556679379195,WRONG,WRONG,false,false,-0.0022082556679379195,0.0022082556679379195,false,false,true,0.0,0.0022082556679379195,3.604,cifar10__cnn1__linf__0.1__model_seed42_itr19_sgd_itr1_w457.bin
cifar10,cnn1,model_seed42_itr19_sgd_itr1,linf,0.1,1,458,-0.0518958702305099,0.0022082556679379195,-0.0518958702305099,0.0022082556679379195,true,true,-0.0022082556679379195,-0.0022082556679379195,0.0022082556679379195,0.0022082556679379195,WRONG,WRONG,false,false,-0.0022082556679379195,0.0022082556679379195,false,false,true,0.0,0.0022082556679379195,3.073,cifar10__cnn1__linf__0.1__model_seed42_itr19_sgd_itr1_w458.bin
cifar10,cnn1,model_seed42_itr19_sgd_itr1,linf,0.1,1,459,-0.0518958702305099,0.0022082556679379195,-0.0518958702305099,0.0022082556679379195,true,true,-0.0022082556679379195,-0.0022082556679379195,0.002208255667937919,0.002208255667937919,WRONG,WRONG,false,false,-0.0022082556679379195,0.002208255667937919,false,false,true,9.486769009248164e-20,0.0022082556679379195,2.916,cifar10__cnn1__linf__0.1__model_seed42_itr19_sgd_itr1_w459.bin
cifar10,cnn1,model_seed42_itr19_sgd_itr1,linf,0.1,1,460,-0.0518958702305099,0.0022082556679379195,-0.0518958702305099,0.0022082556679379195,true,true,-0.0022082556679379195,-0.0022082556679379195,0.0022082556679379195,0.0022082556679379195,WRONG,WRONG,false,false,-0.0022082556679379195,0.0022082556679379195,false,false,true,0.0,0.0022082556679379195,3.675,cifar10__cnn1__linf__0.1__model_seed42_itr19_sgd_itr1_w460.bin
cifar10,cnn1,model_seed42_itr19_sgd_itr1,linf,0.1,1,461,-0.0518958702305099,0.0022082556679379195,-0.0518958702305099,0.0022082556679379195,true,true,-0.0022082556679379195,-0.0022082556679379195,0.0022082556679379195,0.0022082556679379195,WRONG,WRONG,false,false,-0.0022082556679379195,0.0022082556679379195,false,false,true,0.0,0.0022082556679379195,3.343,cifar10__cnn1__linf__0.1__model_seed42_itr19_sgd_itr1_w461.bin
cifar10,cnn1,model_seed42_itr19_sgd_itr1,linf,0.1,1,462,-0.0518958702305099,0.0022082556679379195,-0.0518958702305099,0.0022082556679379195,true,true,-0.002208255667937919,-0.002208255667937919,0.002208255667937919,0.002208255667937919,WRONG,WRONG,false,false,-0.002208255667937919,0.002208255667937919,false,false,true,0.0,0.0022082556679379195,3.579,cifar10__cnn1__linf__0.1__model_seed42_itr19_sgd_itr1_w462.bin
cifar10,cnn1,model_seed42_itr19_sgd_itr1,linf,0.1,1,463,-0.0518958702305099,0.0022082556679379195,-0.0518958702305099,0.0022082556679379195,true,true,-0.0022082556679379195,-0.0022082556679379195,0.0022082556679379195,0.0022082556679379195,WRONG,WRONG,false,false,-0.0022082556679379195,0.0022082556679379195,false,false,true,0.0,0.0022082556679379195,3.873,cifar10__cnn1__linf__0.1__model_seed42_itr19_sgd_itr1_w463.bin
cifar10,cnn1,model_seed42_itr19_sgd_itr1,linf,0.1,1,464,-0.0518958702305099,0.0022082556679379195,-0.0518958702305099,0.0022082556679379195,true,true,-0.0022082556679379195,-0.0022082556679379195,0.002208255667937919,0.002208255667937919,WRONG,WRONG,false,false,-0.0022082556679379195,0.002208255667937919,false,false,true,0.0,0.0022082556679379195,3.213,cifar10__cnn1__linf__0.1__model_seed42_itr19_sgd_itr1_w464.bin
cifar10,cnn1,model_seed42_itr19_sgd_itr1,linf,0.1,1,465,-0.0518958702305099,0.0022082556679379195,-0.0518958702305099,0.0022082556679379195,true,true,-0.002208255667937919,-0.002208255667937919,0.0022082556679379195,0.0022082556679379195,WRONG,WRONG,false,false,-0.002208255667937919,0.0022082556679379195,false,false,true,2.574980159653073e-19,0.0022082556679379195,3.184,cifar10__cnn1__linf__0.1__model_seed42_itr19_sgd_itr1_w465.bin
cifar10,cnn1,model_seed42_itr19_sgd_itr1,linf,0.1,1,466,-0.0518958702305099,0.0022082556679379195,-0.0518958702305099,0.0022082556679379195,true,true,-0.0022082556679379195,-0.0022082556679379195,0.0022082556679379195,0.0022082556679379195,WRONG,WRONG,false,false,-0.0022082556679379195,0.0022082556679379195,false,false,true,0.0,0.0022082556679379195,3.389,cifar10__cnn1__linf__0.1__model_seed42_itr19_sgd_itr1_w466.bin
cifar10,cnn1,model_seed42_itr19_sgd_itr1,linf,0.1,1,467,-0.0518958702305099,0.0022082556679379195,-0.0518958702305099,0.0022082556679379195,true,true,-0.002208255667937919,-0.002208255667937919,0.0022082556679379195,0.0022082556679379195,WRONG,WRONG,false,false,-0.002208255667937919,0.0022082556679379195,false,false,true,0.0,0.0022082556679379195,3.155,cifar10__cnn1__linf__0.1__model_seed42_itr19_sgd_itr1_w467.bin
cifar10,cnn1,model_seed42_itr19_sgd_itr1,linf,0.1,1,468,-0.0518958702305099,0.0022082556679379195,-0.0518958702305099,0.0022082556679379195,true,true,-0.0022082556679379195,-0.0022082556679379195,0.0022082556679379195,0.0022082556679379195,WRONG,WRONG,false,false,-0.0022082556679379195,0.0022082556679379195,false,false,true,0.0,0.0022082556679379195,3.157,cifar10__cnn1__linf__0.1__model_seed42_itr19_sgd_itr1_w468.bin
cifar10,cnn1,model_seed42_itr19_sgd_itr1,linf,0.1,1,469,-0.0518958702305099,0.0022082556679379195,-0.0518958702305099,0.0022082556679379195,true,true,-0.002208255667937919,-0.002208255667937919,0.0022082556679379195,0.0022082556679379195,WRONG,WRONG,false,false,-0.002208255667937919,0.0022082556679379195,false,false,true,1.0842021724855044e-19,0.0022082556679379195,3.037,cifar10__cnn1__linf__0.1__model_seed42_itr19_sgd_itr1_w469.bin
cifar10,cnn1,model_seed42_itr19_sgd_itr1,linf,0.1,1,470,-0.0518958702305099,0.0022082556679379195,-0.0518958702305099,0.0022082556679379195,true,true,-0.0022082556679379195,-0.0022082556679379195,0.0022082556679379195,0.0022082556679379195,WRONG,WRONG,false,false,-0.0022082556679379195,0.0022082556679379195,false,false,true,0.0,0.0022082556679379195,3.169,cifar10__cnn1__linf__0.1__model_seed42_itr19_sgd_itr1_w470.bin
cifar10,cnn1,model_seed42_itr19_sgd_itr1,linf,0.1,1,471,-0.0518958702305099,0.0022082556679379195,-0.0518958702305099,0.0022082556679379195,true,true,-0.002208255667937919,-0.002208255667937919,0.0022082556679379195,0.0022082556679379195,WRONG,WRONG,false,false,-0.002208255667937919,0.0022082556679379195,false,false,true,0.0,0.0022082556679379195,3.271,cifar10__cnn1__linf__0.1__model_seed42_itr19_sgd_itr1_w471.bin
cifar10,cnn1,model_seed42_itr19_sgd_itr1,linf,0.1,1,472,-0.0518958702305099,0.0022082556679379195,-0.0518958702305099,0.0022082556679379195,true,true,-0.0022082556679379195,-0.0022082556679379195,0.0022082556679379195,0.0022082556679379195,WRONG,WRONG,false,false,-0.0022082556679379195,0.0022082556679379195,false,false,true,0.0,0.0022082556679379195,3.711,cifar10__cnn1__linf__0.1__model_seed42_itr19_sgd_itr1_w472.bin
cifar10,cnn1,model_seed42_itr19_sgd_itr1,linf,0.1,1,473,-0.0518958702305099,0.0022082556679379195,-0.0518958702305099,0.0022082556679379195,true,true,-0.0022082556679379195,-0.0022082556679379195,0.0022082556679379195,0.0022082556679379195,WRONG,WRONG,false,false,-0.0022082556679379195,0.0022082556679379195,false,false,true,8.131516293641283e-20,0.0022082556679379195,3.397,cifar10__cnn1__linf__0.1__model_seed42_itr19_sgd_itr1_w473.bin
cifar10,cnn1,model_seed42_itr19_sgd_itr1,linf,0.1,1,474,-0.0518958702305099,0.0022082556679379195,-0.0518958702305099,0.0022082556679379195,true,true,-0.0022082556679379195,-0.0022082556679379195,0.0022082556679379195,0.0022082556679379195,WRONG,WRONG,false,false,-0.0022082556679379195,0.0022082556679379195,false,false,true,0.0,0.0022082556679379195,3.153,cifar10__cnn1__linf__0.1__model_seed42_itr19_sgd_itr1_w474.bin
cifar10,cnn1,model_seed42_itr19_sgd_itr1,linf,0.1,1,475,-0.0518958702305099,0.0022082556679379195,-0.0518958702305099,0.0022082556679379195,true,true,-0.0022082556679379195,-0.0022082556679379195,0.0022082556679379195,0.0022082556679379195,WRONG,WRONG,false,false,-0.0022082556679379195,0.0022082556679379195,false,false,true,0.0,0.0022082556679379195,3.281,cifar10__cnn1__linf__0.1__model_seed42_itr19_sgd_itr1_w475.bin
cifar10,cnn1,model_seed42_itr19_sgd_itr1,linf,0.1,1,476,-0.0518958702305099,0.0022082556679379195,-0.0518958702305099,0.0022082556679379195,true,true,-0.002208255667937919,-0.002208255667937919,0.0022082556679379195,0.0022082556679379195,WRONG,WRONG,false,false,-0.002208255667937919,0.0022082556679379195,false,false,true,8.131516293641283e-20,0.0022082556679379195,3.676,cifar10__cnn1__linf__0.1__model_seed42_itr19_sgd_itr1_w476.bin
cifar10,cnn1,model_seed42_itr19_sgd_itr1,linf,0.1,1,477,-0.0518958702305099,0.0022082556679379195,-0.0518958702305099,0.0022082556679379195,true,true,-0.0022082556679379195,-0.0022082556679379195,0.0022082556679379195,0.0022082556679379195,WRONG,WRONG,false,false,-0.0022082556679379195,0.0022082556679379195,false,false,true,0.0,0.0022082556679379195,3.645,cifar10__cnn1__linf__0.1__model_seed42_itr19_sgd_itr1_w477.bin
cifar10,cnn1,model_seed42_itr19_sgd_itr1,linf,0.1,1,478,-0.0518958702305099,0.0022082556679379195,-0.0518958702305099,0.0022082556679379195,true,true,-0.0022082556679379195,-0.0022082556679379195,0.0022082556679379195,0.0022082556679379195,WRONG,WRONG,false,false,-0.0022082556679379195,0.0022082556679379195,false,false,true,0.0,0.0022082556679379195,3.232,cifar10__cnn1__linf__0.1__model_seed42_itr19_sgd_itr1_w478.bin
cifar10,cnn1,model_seed42_itr19_sgd_itr1,linf,0.1,1,479,-0.0518958702305099,0.0022082556679379195,-0.0518958702305099,0.0022082556679379195,true,true,-0.002208255667937919,-0.002208255667937919,0.0022082556679379195,0.0022082556679379195,WRONG,WRONG,false,false,-0.002208255667937919,0.0022082556679379195,false,false,true,0.0,0.0022082556679379195,3.288,cifar10__cnn1__linf__0.1__model_seed42_itr19_sgd_itr1_w479.bin
cifar10,cnn1,model_seed42_itr19_sgd_itr1,linf,0.1,1,480,-0.0518958702305099,0.0022082556679379195,-0.0518958702305099,0.0022082556679379195,true,true,-0.0022082556679379195,-0.0022082556679379195,0.0022082556679379195,0.0022082556679379195,WRONG,WRONG,false,false,-0.0022082556679379195,0.0022082556679379195,false,false,true,0.0,0.0022082556679379195,3.265,cifar10__cnn1__linf__0.1__model_seed42_itr19_sgd_itr1_w480.bin
cifar10,cnn1,model_seed42_itr19_sgd_itr1,linf,0.1,1,481,-0.0518958702305099,0.0022082556679379195,-0.0518958702305099,0.0022082556679379195,true,true,-0.002208255667937919,-0.002208255667937919,0.0022082556679379195,0.0022082556679379195,WRONG,WRONG,false,false,-0.002208255667937919,0.0022082556679379195,false,false,true,0.0,0.0022082556679379195,3.509,cifar10__cnn1__linf__0.1__model_seed42_itr19_sgd_itr1_w481.bin
cifar10,cnn1,model_seed42_itr19_sgd_itr1,linf,0.1,1,482,-0.0518958702305099,0.0022082556679379195,-0.0518958702305099,0.0022082556679379195,true,true,-0.002208255667937919,-0.002208255667937919,0.0022082556679379195,0.0022082556679379195,WRONG,WRONG,false,false,-0.002208255667937919,0.0022082556679379195,false,false,true,0.0,0.0022082556679379195,4.549,cifar10__cnn1__linf__0.1__model_seed42_itr19_sgd_itr1_w482.bin
cifar10,cnn1,model_seed42_itr19_sgd_itr1,linf,0.1,1,483,-0.0518958702305099,0.0022082556679379195,-0.0518958702305099,0.0022082556679379195,true,true,-0.0022082556679379195,-0.0022082556679379195,0.0022082556679379195,0.0022082556679379195,WRONG,WRONG,false,false,-0.0022082556679379195,0.0022082556679379195,false,false,true,0.0,0.0022082556679379195,4.136,cifar10__cnn1__linf__0.1__model_seed42_itr19_sgd_itr1_w483.bin
cifar10,cnn1,model_seed42_itr19_sgd_itr1,linf,0.1,1,484,-0.0518958702305099,0.0022082556679379195,-0.0518958702305099,0.0022082556679379195,true,true,-0.0022082556679379195,-0.0022082556679379195,0.0022082556679379195,0.0022082556679379195,WRONG,WRONG,false,false,-0.0022082556679379195,0.0022082556679379195,false,false,true,0.0,0.0022082556679379195,2.98,cifar10__cnn1__linf__0.1__model_seed42_itr19_sgd_itr1_w484.bin
cifar10,cnn1,model_seed42_itr19_sgd_itr1,linf,0.1,1,485,-0.0518958702305099,0.0022082556679379195,-0.0518958702305099,0.0022082556679379195,true,true,-0.002208255667937919,-0.002208255667937919,0.002208255667937919,0.002208255667937919,WRONG,WRONG,false,false,-0.002208255667937919,0.002208255667937919,false,false,true,0.0,0.0022082556679379195,3.02,cifar10__cnn1__linf__0.1__model_seed42_itr19_sgd_itr1_w485.bin
cifar10,cnn1,model_seed42_itr19_sgd_itr1,linf,0.1,1,486,-0.0518958702305099,0.0022082556679379195,-0.0518958702305099,0.0022082556679379195,true,true,-0.002208255667937919,-0.002208255667937919,0.002208255667937919,0.002208255667937919,WRONG,WRONG,false,false,-0.002208255667937919,0.002208255667937919,false,false,true,2.439454888092385e-19,0.0022082556679379195,3.68,cifar10__cnn1__linf__0.1__model_seed42_itr19_sgd_itr1_w486.bin
cifar10,cnn1,model_seed42_itr19_sgd_itr1,linf,0.1,1,487,-0.0518958702305099,0.0022082556679379195,-0.0518958702305099,0.0022082556679379195,true,true,-0.002208255667937919,-0.002208255667937919,0.002208255667937919,0.002208255667937919,WRONG,WRONG,false,false,-0.002208255667937919,0.002208255667937919,false,false,true,0.0,0.0022082556679379195,2.745,cifar10__cnn1__linf__0.1__model_seed42_itr19_sgd_itr1_w487.bin
cifar10,cnn1,model_seed42_itr19_sgd_itr1,linf,0.1,1,488,-0.0518958702305099,0.0022082556679379195,-0.0518958702305099,0.0022082556679379195,true,true,-0.0022082556679379195,-0.0022082556679379195,0.002208255667937919,0.002208255667937919,WRONG,WRONG,false,false,-0.0022082556679379195,0.002208255667937919,false,false,true,0.0,0.0022082556679379195,2.782,cifar10__cnn1__linf__0.1__model_seed42_itr19_sgd_itr1_w488.bin
cifar10,cnn1,model_seed42_itr19_sgd_itr1,linf,0.1,1,489,-0.0518958702305099,0.0022082556679379195,-0.0518958702305099,0.0022082556679379195,true,true,-0.002208255667937919,-0.002208255667937919,0.0022082556679379195,0.0022082556679379195,WRONG,WRONG,false,false,-0.002208255667937919,0.0022082556679379195,false,false,true,0.0,0.0022082556679379195,3.632,cifar10__cnn1__linf__0.1__model_seed42_itr19_sgd_itr1_w489.bin
cifar10,cnn1,model_seed42_itr19_sgd_itr1,linf,0.1,1,490,-0.0518958702305099,0.0022082556679379195,-0.0518958702305099,0.0022082556679379195,true,true,-0.0022082556679379195,-0.0022082556679379195,0.0022082556679379195,0.0022082556679379195,WRONG,WRONG,false,false,-0.0022082556679379195,0.0022082556679379195,false,false,true,0.0,0.0022082556679379195,3.1,cifar10__cnn1__linf__0.1__model_seed42_itr19_sgd_itr1_w490.bin
cifar10,cnn1,model_seed42_itr19_sgd_itr1,linf,0.1,1,491,-0.0518958702305099,0.0022082556679379195,-0.0518958702305099,0.0022082556679379195,true,true,-0.0022082556679379195,-0.0022082556679379195,0.0022082556679379195,0.0022082556679379195,WRONG,WRONG,false,false,-0.0022082556679379195,0.0022082556679379195,false,false,true,0.0,0.0022082556679379195,3.051,cifar10__cnn1__linf__0.1__model_seed42_itr19_sgd_itr1_w491.bin
cifar10,cnn1,model_seed42_itr19_sgd_itr1,linf,0.1,1,492,-0.0518958702305099,0.0022082556679379195,-0.0518958702305099,0.0022082556679379195,true,true,-0.0022082556679379195,-0.0022082556679379195,0.0022082556679379195,0.0022082556679379195,WRONG,WRONG,false,false,-0.0022082556679379195,0.0022082556679379195,false,false,true,0.0,0.0022082556679379195,3.012,cifar10__cnn1__linf__0.1__model_seed42_itr19_sgd_itr1_w492.bin
cifar10,cnn1,model_seed42_itr19_sgd_itr1,linf,0.1,1,493,-0.0518958702305099,0.0022082556679379195,-0.0518958702305099,0.0022082556679379195,true,true,-0.0022082556679379195,-0.0022082556679379195,0.0022082556679379195,0.0022082556679379195,WRONG,WRONG,false,false,-0.0022082556679379195,0.0022082556679379195,false,false,true,0.0,0.0022082556679379195,2.899,cifar10__cnn1__linf__0.1__model_seed42_itr19_sgd_itr1_w493.bin
cifar10,cnn1,model_seed42_itr19_sgd_itr1,linf,0.1,1,494,-0.0518958702305099,0.0022082556679379195,-0.0518958702305099,0.0022082556679379195,true,true,-0.0022082556679379195,-0.0022082556679379195,0.0022082556679379195,0.0022082556679379195,WRONG,WRONG,false,false,-0.0022082556679379195,0.0022082556679379195,false,false,true,0.0,0.0022082556679379195,2.854,cifar10__cnn1__linf__0.1__model_seed42_itr19_sgd_itr1_w494.bin
cifar10,cnn1,model_seed42_itr19_sgd_itr1,linf,0.1,1,495,-0.0518958702305099,0.0022082556679379195,-0.0518958702305099,0.0022082556679379195,true,true,-0.0022082556679379195,-0.0022082556679379195,0.0022082556679379195,0.0022082556679379195,WRONG,WRONG,false,false,-0.0022082556679379195,0.0022082556679379195,false,false,true,0.0,0.0022082556679379195,3.012,cifar10__cnn1__linf__0.1__model_seed42_itr19_sgd_itr1_w495.bin
cifar10,cnn1,model_seed42_itr19_sgd_itr1,linf,0.1,1,496,-0.0518958702305099,0.0022082556679379195,-0.0518958702305099,0.0022082556679379195,true,true,-0.0022082556679379195,-0.0022082556679379195,0.0022082556679379195,0.0022082556679379195,WRONG,WRONG,false,false,-0.0022082556679379195,0.0022082556679379195,false,false,true,0.0,0.0022082556679379195,3.98,cifar10__cnn1__linf__0.1__model_seed42_itr19_sgd_itr1_w496.bin
cifar10,cnn1,model_seed42_itr19_sgd_itr1,linf,0.1,1,497,-0.0518958702305099,0.0022082556679379195,-0.0518958702305099,0.0022082556679379195,true,true,-0.0022082556679379195,-0.0022082556679379195,0.0022082556679379195,0.0022082556679379195,WRONG,WRONG,false,false,-0.0022082556679379195,0.0022082556679379195,false,false,true,0.0,0.0022082556679379195,2.839,cifar10__cnn1__linf__0.1__model_seed42_itr19_sgd_itr1_w497.bin
cifar10,cnn1,model_seed42_itr19_sgd_itr1,linf,0.1,1,498,-0.0518958702305099,0.0022082556679379195,-0.0518958702305099,0.0022082556679379195,true,true,-0.0022082556679379195,-0.0022082556679379195,0.0022082556679379195,0.0022082556679379195,WRONG,WRONG,false,false,-0.0022082556679379195,0.0022082556679379195,false,false,true,0.0,0.0022082556679379195,2.977,cifar10__cnn1__linf__0.1__model_seed42_itr19_sgd_itr1_w498.bin
cifar10,cnn1,model_seed42_itr19_sgd_itr1,linf,0.1,1,499,-0.0518958702305099,0.0022082556679379195,-0.0518958702305099,0.0022082556679379195,true,true,-0.0022082556679379195,-0.0022082556679379195,0.0022082556679379195,0.0022082556679379195,WRONG,WRONG,false,false,-0.0022082556679379195,0.0022082556679379195,false,false,true,2.574980159653073e-19,0.0022082556679379195,2.823,cifar10__cnn1__linf__0.1__model_seed42_itr19_sgd_itr1_w499.bin
cifar10,cnn1,model_seed42_itr19_sgd_itr1,linf,0.1,1,500,-0.0518958702305099,0.0022082556679379195,-0.0518958702305099,0.0022082556679379195,true,true,-0.0022082556679379195,-0.0022082556679379195,0.0022082556679379195,0.0022082556679379195,WRONG,WRONG,false,false,-0.0022082556679379195,0.0022082556679379195,false,false,true,1.6263032587282567e-19,0.0022082556679379195,3.9,cifar10__cnn1__linf__0.1__model_seed42_itr19_sgd_itr1_w500.bin
cifar10,cnn1,model_seed42_itr19_sgd_itr1,linf,0.1,1,501,-0.006470931925605328,0.0033095248363679275,-0.006470931925605328,0.0033095248363679275,true,true,-0.0009780456761973254,-0.0009780456761973254,0.0009780456761973259,0.0009780456761973259,WRONG,WRONG,false,false,-0.0009780456761973254,0.0009780456761973259,false,false,true,1.6263032587282567e-19,0.0009780456761973254,3.665,cifar10__cnn1__linf__0.1__model_seed42_itr19_sgd_itr1_w501.bin
cifar10,cnn1,model_seed42_itr19_sgd_itr1,linf,0.1,1,502,-0.006470931925605328,0.0033095248363679275,-0.006470931925605328,0.0033095248363679275,true,true,-0.000978045676197325,-0.000978045676197325,0.0009780456761973256,0.0009780456761973256,WRONG,WRONG,false,false,-0.000978045676197325,0.0009780456761973256,false,false,true,0.0,0.0009780456761973254,4.933,cifar10__cnn1__linf__0.1__model_seed42_itr19_sgd_itr1_w502.bin
cifar10,cnn1,model_seed42_itr19_sgd_itr1,linf,0.1,1,503,-0.006470931925605328,0.0033095248363679275,-0.006470931925605328,0.0033095248363679275,true,true,-0.000978045676197325,-0.000978045676197325,0.0009780456761973256,0.0009780456761973256,WRONG,WRONG,false,false,-0.000978045676197325,0.0009780456761973256,false,false,true,6.030874584450618e-19,0.0009780456761973256,3.051,cifar10__cnn1__linf__0.1__model_seed42_itr19_sgd_itr1_w503.bin
cifar10,cnn1,model_seed42_itr19_sgd_itr1,linf,0.1,1,504,-0.006470931925605328,0.0033095248363679275,-0.006470931925605328,0.0033095248363679275,true,true,-0.0009780456761973254,-0.0009780456761973254,0.0009780456761973259,0.0009780456761973259,WRONG,WRONG,false,false,-0.0009780456761973254,0.0009780456761973259,false,false,true,1.6263032587282567e-19,0.0009780456761973256,4.646,cifar10__cnn1__linf__0.1__model_seed42_itr19_sgd_itr1_w504.bin
cifar10,cnn1,model_seed42_itr19_sgd_itr1,linf,0.1,1,505,-0.006470931925605328,0.0033095248363679275,-0.006470931925605328,0.0033095248363679275,true,true,-0.0009780456761973259,-0.0009780456761973259,0.0009780456761973254,0.0009780456761973254,WRONG,WRONG,false,false,-0.0009780456761973259,0.0009780456761973254,false,false,true,6.505213034913027e-19,0.000978045676197326,3.557,cifar10__cnn1__linf__0.1__model_seed42_itr19_sgd_itr1_w505.bin
cifar10,cnn1,model_seed42_itr19_sgd_itr1,linf,0.1,1,506,-0.006470931925605328,0.0033095248363679275,-0.006470931925605328,0.0033095248363679275,true,true,-0.0009780456761973252,-0.0009780456761973252,0.0009780456761973252,0.0009780456761973252,WRONG,WRONG,false,false,-0.0009780456761973252,0.0009780456761973252,false,false,true,0.0,0.0009780456761973254,4.166,cifar10__cnn1__linf__0.1__model_seed42_itr19_sgd_itr1_w506.bin
cifar10,cnn1,model_seed42_itr19_sgd_itr1,linf,0.1,1,507,-0.006470931925605328,0.0033095248363679275,-0.006470931925605328,0.0033095248363679275,true,true,-0.0009780456761973256,-0.0009780456761973256,0.0009780456761973259,0.0009780456761973259,WRONG,WRONG,false,false,-0.0009780456761973256,0.0009780456761973259,false,false,true,1.6263032587282567e-19,0.0009780456761973254,4.099,cifar10__cnn1__linf__0.1__model_seed42_itr19_sgd_itr1_w507.bin
cifar10,cnn1,model_seed42_itr19_sgd_itr1,linf,0.1,1,508,-0.006470931925605328,0.0033095248363679275,-0.006470931925605328,0.0033095248363679275,true,true,-0.0009780456761973259,-0.0009780456761973259,0.0009780456761973254,0.0009780456761973254,WRONG,WRONG,false,false,-0.0009780456761973259,0.0009780456761973254,false,false,true,4.87890977618477e-19,0.0009780456761973259,4.415,cifar10__cnn1__linf__0.1__model_seed42_itr19_sgd_itr1_w508.bin
cifar10,cnn1,model_seed42_itr19_sgd_itr1,linf,0.1,1,509,-0.006470931925605328,0.0033095248363679275,-0.006470931925605328,0.0033095248363679275,true,true,-0.0009780456761973246,-0.0009780456761973246,0.0009780456761973252,0.0009780456761973252,WRONG,WRONG,false,false,-0.0009780456761973246,0.0009780456761973252,false,false,true,3.2526065174565133e-19,0.0009780456761973254,3.498,cifar10__cnn1__linf__0.1__model_seed42_itr19_sgd_itr1_w509.bin
cifar10,cnn1,model_seed42_itr19_sgd_itr1,linf,0.1,1,510,-0.006470931925605328,0.0033095248363679275,-0.006470931925605328,0.0033095248363679275,true,true,-0.0009780456761973263,-0.0009780456761973263,0.000978045676197326,0.000978045676197326,WRONG,WRONG,false,false,-0.0009780456761973263,0.000978045676197326,false,false,true,2.710505431213761e-19,0.000978045676197326,4.466,cifar10__cnn1__linf__0.1__model_seed42_itr19_sgd_itr1_w510.bin
cifar10,cnn1,model_seed42_itr19_sgd_itr1,linf,0.1,1,511,-0.006470931925605328,0.0033095248363679275,-0.006470931925605328,0.0033095248363679275,true,true,-0.000978045676197325,-0.000978045676197325,0.000978045676197326,0.000978045676197326,WRONG,WRONG,false,false,-0.000978045676197325,0.000978045676197326,false,false,true,0.0,0.000978045676197325,3.961,cifar10__cnn1__linf__0.1__model_seed42_itr19_sgd_itr1_w511.bin
cifar10,cnn1,model_seed42_itr19_sgd_itr1,linf,0.1,1,512,-0.006470931925605328,0.0033095248363679275,-0.006470931925605328,0.0033095248363679275,true,true,-0.0009780456761973256,-0.0009780456761973256,0.0009780456761973263,0.0009780456761973263,WRONG,WRONG,false,false,-0.0009780456761973256,0.0009780456761973263,false,false,true,2.574980159653073e-19,0.0009780456761973259,4.122,cifar10__cnn1__linf__0.1__model_seed42_itr19_sgd_itr1_w512.bin
cifar10,cnn1,model_seed42_itr19_sgd_itr1,linf,0.1,1,513,-0.006470931925605328,0.0033095248363679275,-0.006470931925605328,0.0033095248363679275,true,true,-0.000978045676197325,-0.000978045676197325,0.000978045676197326,0.000978045676197326,WRONG,WRONG,true,false,0.0,0.0009780456761973252,true,false,true,9.215718466126788e-19,0.0009780456761973263,7.972,cifar10__cnn1__linf__0.1__model_seed42_itr19_sgd_itr1_w513.bin
cifar10,cnn1,model_seed42_itr19_sgd_itr1,linf,0.1,1,514,-0.006470931925605328,0.0033095248363679275,-0.006470931925605328,0.0033095248363679275,true,true,-0.000978045676197326,-0.000978045676197326,0.0009780456761973254,0.0009780456761973254,WRONG,WRONG,false,false,-0.000978045676197326,0.0009780456761973254,false,false,true,5.149960319306146e-19,0.0009780456761973256,3.259,cifar10__cnn1__linf__0.1__model_seed42_itr19_sgd_itr1_w514.bin
cifar10,cnn1,model_seed42_itr19_sgd_itr1,linf,0.1,1,515,-0.006470931925605328,0.0033095248363679275,-0.006470931925605328,0.0033095248363679275,true,true,-0.0009780456761973256,-0.0009780456761973256,0.000978045676197326,0.000978045676197326,WRONG,WRONG,false,false,-0.0009780456761973256,0.000978045676197326,false,false,true,0.0,0.0009780456761973259,3.678,cifar10__cnn1__linf__0.1__model_seed42_itr19_sgd_itr1_w515.bin
cifar10,cnn1,model_seed42_itr19_sgd_itr1,linf,0.1,1,516,-0.006470931925605328,0.0033095248363679275,-0.006470931925605328,0.0033095248363679275,true,true,-0.0009780456761973256,-0.0009780456761973256,0.000978045676197326,0.000978045676197326,WRONG,WRONG,false,false,-0.0009780456761973256,0.000978045676197326,false,false,true,0.0,0.0009780456761973254,3.692,cifar10__cnn1__linf__0.1__model_seed42_itr19_sgd_itr1_w516.bin
cifar10,cnn1,model_seed42_itr19_sgd_itr1,linf,0.1,1,517,-0.006470931925605328,0.0033095248363679275,-0.006470931925605328,0.0033095248363679275,true,true,-0.0009780456761973259,-0.0009780456761973259,0.0009780456761973259,0.0009780456761973259,WRONG,WRONG,false,false,-0.0009780456761973259,0.0009780456761973259,false,false,true,7.047314121155779e-19,0.0009780456761973263,3.116,cifar10__cnn1__linf__0.1__model_seed42_itr19_sgd_itr1_w517.bin
cifar10,cnn1,model_seed42_itr19_sgd_itr1,linf,0.1,1,518,-0.006470931925605328,0.0033095248363679275,-0.006470931925605328,0.0033095248363679275,true,true,-0.0009780456761973263,-0.0009780456761973263,0.0009780456761973254,0.0009780456761973254,WRONG,WRONG,false,false,-0.0009780456761973263,0.0009780456761973254,false,false,true,4.472333961502706e-19,0.0009780456761973259,4.277,cifar10__cnn1__linf__0.1__model_seed42_itr19_sgd_itr1_w518.bin
cifar10,cnn1,model_seed42_itr19_sgd_itr1,linf,0.1,1,519,-0.006470931925605328,0.0033095248363679275,-0.006470931925605328,0.0033095248363679275,true,true,-0.0009780456761973263,-0.0009780456761973263,0.0009780456761973254,0.0009780456761973254,WRONG,WRONG,false,false,-0.0009780456761973263,0.0009780456761973254,false,false,true,5.759824041329242e-19,0.0009780456761973256,5.519,cifar10__cnn1__linf__0.1__model_seed42_itr19_sgd_itr1_w519.bin
cifar10,cnn1,model_seed42_itr19_sgd_itr1,linf,0.1,1,520,-0.006470931925605328,0.0033095248363679275,-0.006470931925605328,0.0033095248363679275,true,true,-0.000978045676197325,-0.000978045676197325,0.0009780456761973263,0.0009780456761973263,WRONG,WRONG,false,false,-0.000978045676197325,0.0009780456761973263,false,false,true,5.421010862427522e-20,0.0009780456761973254,3.746,cifar10__cnn1__linf__0.1__model_seed42_itr19_sgd_itr1_w520.bin
cifar10,cnn1,model_seed42_itr19_sgd_itr1,linf,0.1,1,521,-0.006470931925605328,0.0033095248363679275,-0.006470931925605328,0.0033095248363679275,true,true,-0.0009780456761973263,-0.0009780456761973263,0.0009780456761973259,0.0009780456761973259,WRONG,WRONG,false,false,-0.0009780456761973263,0.0009780456761973259,false,false,true,7.047314121155779e-19,0.000978045676197326,3.712,cifar10__cnn1__linf__0.1__model_seed42_itr19_sgd_itr1_w521.bin
cifar10,cnn1,model_seed42_itr19_sgd_itr1,linf,0.1,1,522,-0.006470931925605328,0.0033095248363679275,-0.006470931925605328,0.0033095248363679275,true,true,-0.000978045676197324,-0.000978045676197324,0.000978045676197326,0.000978045676197326,WRONG,WRONG,false,false,-0.000978045676197324,0.000978045676197326,false,false,true,0.0,0.0009780456761973237,3.135,cifar10__cnn1__linf__0.1__model_seed42_itr19_sgd_itr1_w522.bin
cifar10,cnn1,model_seed42_itr19_sgd_itr1,linf,0.1,1,523,-0.006470931925605328,0.0033095248363679275,-0.006470931925605328,0.0033095248363679275,true,true,-0.000978045676197325,-0.000978045676197325,0.0009780456761973259,0.0009780456761973259,WRONG,WRONG,false,false,-0.000978045676197325,0.0009780456761973259,false,false,true,3.2526065174565133e-19,0.0009780456761973256,3.717,cifar10__cnn1__linf__0.1__model_seed42_itr19_sgd_itr1_w523.bin
cifar10,cnn1,model_seed42_itr19_sgd_itr1,linf,0.1,1,524,-0.006470931925605328,0.0033095248363679275,-0.006470931925605328,0.0033095248363679275,true,true,-0.0009780456761973256,-0.0009780456761973256,0.0009780456761973243,0.0009780456761973243,WRONG,WRONG,false,false,-0.0009780456761973256,0.0009780456761973243,false,false,true,3.3881317890172014e-19,0.0009780456761973259,3.759,cifar10__cnn1__linf__0.1__model_seed42_itr19_sgd_itr1_w524.bin
cifar10,cnn1,model_seed42_itr19_sgd_itr1,linf,0.1,1,525,-0.006470931925605328,0.0033095248363679275,-0.006470931925605328,0.0033095248363679275,true,true,-0.000978045676197325,-0.000978045676197325,0.0009780456761973254,0.0009780456761973254,WRONG,WRONG,false,false,-0.000978045676197325,0.0009780456761973254,false,false,true,1.1519648082658485e-19,0.0009780456761973254,4.639,cifar10__cnn1__linf__0.1__model_seed42_itr19_sgd_itr1_w525.bin
cifar10,cnn1,model_seed42_itr19_sgd_itr1,linf,0.1,1,526,-0.006470931925605328,0.0033095248363679275,-0.006470931925605328,0.0033095248363679275,true,true,-0.0009780456761973254,-0.0009780456761973254,0.0009780456761973254,0.0009780456761973254,WRONG,WRONG,false,false,-0.0009780456761973254,0.0009780456761973254,false,false,true,1.6263032587282567e-19,0.0009780456761973256,3.825,cifar10__cnn1__linf__0.1__model_seed42_itr19_sgd_itr1_w526.bin
cifar10,cnn1,model_seed42_itr19_sgd_itr1,linf,0.1,1,527,-0.006470931925605328,0.0033095248363679275,-0.006470931925605328,0.0033095248363679275,true,true,-0.0009780456761973259,-0.0009780456761973259,0.0009780456761973259,0.0009780456761973259,WRONG,WRONG,false,false,-0.0009780456761973259,0.0009780456761973259,false,false,true,5.454892180317694e-19,0.000978045676197326,4.183,cifar10__cnn1__linf__0.1__model_seed42_itr19_sgd_itr1_w527.bin
cifar10,cnn1,model_seed42_itr19_sgd_itr1,linf,0.1,1,528,-0.006470931925605328,0.0033095248363679275,-0.006470931925605328,0.0033095248363679275,true,true,-0.000978045676197326,-0.000978045676197326,0.0009780456761973256,0.0009780456761973256,WRONG,WRONG,false,false,-0.000978045676197326,0.0009780456761973256,false,false,true,4.607859233063394e-19,0.0009780456761973259,3.499,cifar10__cnn1__linf__0.1__model_seed42_itr19_sgd_itr1_w528.bin
cifar10,cnn1,model_seed42_itr19_sgd_itr1,linf,0.1,1,529,-0.006470931925605328,0.0033095248363679275,-0.006470931925605328,0.0033095248363679275,true,true,-0.0009780456761973259,-0.0009780456761973259,0.0009780456761973254,0.0009780456761973254,WRONG,WRONG,false,false,-0.0009780456761973259,0.0009780456761973254,false,false,true,7.995991022080595e-19,0.0009780456761973256,3.733,cifar10__cnn1__linf__0.1__model_seed42_itr19_sgd_itr1_w529.bin
cifar10,cnn1,model_seed42_itr19_sgd_itr1,linf,0.1,1,530,-0.006470931925605328,0.0033095248363679275,-0.006470931925605328,0.0033095248363679275,true,true,-0.0009780456761973254,-0.0009780456761973254,0.000978045676197326,0.000978045676197326,WRONG,WRONG,false,false,-0.0009780456761973254,0.000978045676197326,false,false,true,1.6263032587282567e-19,0.0009780456761973256,4.194,cifar10__cnn1__linf__0.1__model_seed42_itr19_sgd_itr1_w530.bin
cifar10,cnn1,model_seed42_itr19_sgd_itr1,linf,0.1,1,531,-0.006470931925605328,0.0033095248363679275,-0.006470931925605328,0.0033095248363679275,true,true,-0.0009780456761973254,-0.0009780456761973254,0.000978045676197326,0.000978045676197326,WRONG,WRONG,false,false,-0.0009780456761973254,0.000978045676197326,false,false,true,5.421010862427522e-19,0.000978045676197326,3.324,cifar10__cnn1__linf__0.1__model_seed42_itr19_sgd_itr1_w531.bin
cifar10,cnn1,model_seed42_itr19_sgd_itr1,linf,0.1,1,532,-0.006470931925605328,0.0033095248363679275,-0.006470931925605328,0.0033095248363679275,true,true,-0.0009780456761973256,-0.0009780456761973256,0.0009780456761973254,0.0009780456761973254,WRONG,WRONG,false,false,-0.0009780456761973256,0.0009780456761973254,false,false,true,2.710505431213761e-19,0.0009780456761973256,4.155,cifar10__cnn1__linf__0.1__model_seed42_itr19_sgd_itr1_w532.bin
cifar10,cnn1,model_seed42_itr19_sgd_itr1,linf,0.1,1,533,-0.006470931925605328,0.0033095248363679275,-0.006470931925605328,0.0033095248363679275,true,true,-0.000978045676197325,-0.000978045676197325,0.0009780456761973254,0.0009780456761973254,WRONG,WRONG,true,false,0.0,0.0009780456761973259,true,false,true,0.0,0.0009780456761973254,7.033,cifar10__cnn1__linf__0.1__model_seed42_itr19_sgd_itr1_w533.bin
cifar10,cnn1,model_seed42_itr19_sgd_itr1,linf,0.1,1,534,-0.006470931925605328,0.0033095248363679275,-0.006470931925605328,0.0033095248363679275,true,true,-0.0009780456761973272,-0.0009780456761973272,0.0009780456761973259,0.0009780456761973259,WRONG,WRONG,false,false,-0.0009780456761973272,0.0009780456761973259,false,false,true,1.3010426069826053e-18,0.0009780456761973274,3.875,cifar10__cnn1__linf__0.1__model_seed42_itr19_sgd_itr1_w534.bin
cifar10,cnn1,model_seed42_itr19_sgd_itr1,linf,0.1,1,535,-0.006470931925605328,0.0033095248363679275,-0.006470931925605328,0.0033095248363679275,true,true,-0.0009780456761973252,-0.0009780456761973252,0.0009780456761973259,0.0009780456761973259,WRONG,WRONG,false,false,-0.0009780456761973252,0.0009780456761973259,false,false,true,5.963111948670274e-19,0.0009780456761973259,3.62,cifar10__cnn1__linf__0.1__model_seed42_itr19_sgd_itr1_w535.bin
cifar10,cnn1,model_seed42_itr19_sgd_itr1,linf,0.1,1,536,-0.006470931925605328,0.0033095248363679275,-0.006470931925605328,0.0033095248363679275,true,true,-0.0009780456761973259,-0.0009780456761973259,0.0009780456761973256,0.0009780456761973256,WRONG,WRONG,false,false,-0.0009780456761973259,0.0009780456761973256,false,false,true,4.336808689942018e-19,0.0009780456761973259,3.735,cifar10__cnn1__linf__0.1__model_seed42_itr19_sgd_itr1_w536.bin
cifar10,cnn1,model_seed42_itr19_sgd_itr1,linf,0.1,1,537,-0.006470931925605328,0.0033095248363679275,-0.006470931925605328,0.0033095248363679275,true,true,-0.0009780456761973263,-0.0009780456761973263,0.0009780456761973256,0.0009780456761973256,WRONG,WRONG,false,false,-0.0009780456761973263,0.0009780456761973256,false,false,true,0.0,0.0009780456761973256,4.718,cifar10__cnn1__linf__0.1__model_seed42_itr19_sgd_itr1_w537.bin
cifar10,cnn1,model_seed42_itr19_sgd_itr1,linf,0.1,1,538,-0.006470931925605328,0.0033095248363679275,-0.006470931925605328,0.0033095248363679275,true,true,-0.0009780456761973263,-0.0009780456761973263,0.0009780456761973256,0.0009780456761973256,WRONG,WRONG,false,false,-0.0009780456761973263,0.0009780456761973256,false,false,true,7.047314121155779e-19,0.0009780456761973259,5.18,cifar10__cnn1__linf__0.1__model_seed42_itr19_sgd_itr1_w538.bin
cifar10,cnn1,model_seed42_itr19_sgd_itr1,linf,0.1,1,539,-0.006470931925605328,0.0033095248363679275,-0.006470931925605328,0.0033095248363679275,true,true,-0.0009780456761973259,-0.0009780456761973259,0.0009780456761973259,0.0009780456761973259,WRONG,WRONG,false,false,-0.0009780456761973259,0.0009780456761973259,false,false,true,3.2526065174565133e-19,0.0009780456761973256,4.377,cifar10__cnn1__linf__0.1__model_seed42_itr19_sgd_itr1_w539.bin
cifar10,cnn1,model_seed42_itr19_sgd_itr1,linf,0.1,1,540,-0.006470931925605328,0.0033095248363679275,-0.006470931925605328,0.0033095248363679275,true,true,-0.0009780456761973254,-0.0009780456761973254,0.0009780456761973259,0.0009780456761973259,WRONG,WRONG,false,false,-0.0009780456761973254,0.0009780456761973259,false,false,true,2.168404344971009e-19,0.0009780456761973254,4.402,cifar10__cnn1__linf__0.1__model_seed42_itr19_sgd_itr1_w540.bin
cifar10,cnn1,model_seed42_itr19_sgd_itr1,linf,0.1,1,541,-0.006470931925605328,0.0033095248363679275,-0.006470931925605328,0.0033095248363679275,true,true,-0.0009780456761973256,-0.0009780456761973256,0.000978045676197326,0.000978045676197326,WRONG,WRONG,false,false,-0.0009780456761973256,0.000978045676197326,false,false,true,5.014435047745458e-19,0.0009780456761973259,3.221,cifar10__cnn1__linf__0.1__model_seed42_itr19_sgd_itr1_w541.bin
cifar10,cnn1,model_seed42_itr19_sgd_itr1,linf,0.1,1,542,-0.006470931925605328,0.0033095248363679275,-0.006470931925605328,0.0033095248363679275,true,true,-0.0009780456761973254,-0.0009780456761973254,0.0009780456761973259,0.0009780456761973259,WRONG,WRONG,false,false,-0.0009780456761973254,0.0009780456761973259,false,false,true,0.0,0.0009780456761973252,3.458,cifar10__cnn1__linf__0.1__model_seed42_itr19_sgd_itr1_w542.bin
cifar10,cnn1,model_seed42_itr19_sgd_itr1,linf,0.1,1,543,-0.006470931925605328,0.0033095248363679275,-0.006470931925605328,0.0033095248363679275,true,true,-0.0009780456761973256,-0.0009780456761973256,0.000978045676197326,0.000978045676197326,WRONG,WRONG,false,false,-0.0009780456761973256,0.000978045676197326,false,false,true,4.0657581468206416e-19,0.0009780456761973259,3.288,cifar10__cnn1__linf__0.1__model_seed42_itr19_sgd_itr1_w543.bin
cifar10,cnn1,model_seed42_itr19_sgd_itr1,linf,0.1,1,544,-0.006470931925605328,0.0033095248363679275,-0.006470931925605328,0.0033095248363679275,true,true,-0.0009780456761973254,-0.0009780456761973254,0.0009780456761973259,0.0009780456761973259,WRONG,WRONG,false,false,-0.0009780456761973254,0.0009780456761973259,false,false,true,6.979551485375435e-19,0.000978045676197326,3.537,cifar10__cnn1__linf__0.1__model_seed42_itr19_sgd_itr1_w544.bin
cifar10,cnn1,model_seed42_itr19_sgd_itr1,linf,0.1,1,545,-0.006470931925605328,0.0033095248363679275,-0.006470931925605328,0.0033095248363679275,true,true,-0.000978045676197326,-0.000978045676197326,0.0009780456761973256,0.0009780456761973256,WRONG,WRONG,false,false,-0.000978045676197326,0.0009780456761973256,false,false,true,5.963111948670274e-19,0.0009780456761973259,3.811,cifar10__cnn1__linf__0.1__model_seed42_itr19_sgd_itr1_w545.bin
cifar10,cnn1,model_seed42_itr19_sgd_itr1,linf,0.1,1,546,-0.006470931925605328,0.0033095248363679275,-0.006470931925605328,0.0033095248363679275,true,true,-0.0009780456761973254,-0.0009780456761973254,0.0009780456761973256,0.0009780456761973256,WRONG,WRONG,false,false,-0.0009780456761973254,0.0009780456761973256,false,false,true,2.303929616531697e-19,0.0009780456761973256,3.95,cifar10__cnn1__linf__0.1__model_seed42_itr19_sgd_itr1_w546.bin
cifar10,cnn1,model_seed42_itr19_sgd_itr1,linf,0.1,1,547,-0.006470931925605328,0.0033095248363679275,-0.006470931925605328,0.0033095248363679275,true,true,-0.0009780456761973259,-0.0009780456761973259,0.000978045676197325,0.000978045676197325,WRONG,WRONG,false,false,-0.0009780456761973259,0.000978045676197325,false,false,true,6.776263578034403e-19,0.000978045676197326,3.46,cifar10__cnn1__linf__0.1__model_seed42_itr19_sgd_itr1_w547.bin
cifar10,cnn1,model_seed42_itr19_sgd_itr1,linf,0.1,1,548,-0.006470931925605328,0.0033095248363679275,-0.006470931925605328,0.0033095248363679275,true,true,-0.0009780456761973259,-0.0009780456761973259,0.000978045676197326,0.000978045676197326,WRONG,WRONG,false,false,-0.0009780456761973259,0.000978045676197326,false,false,true,6.640738306473715e-19,0.0009780456761973259,4.037,cifar10__cnn1__linf__0.1__model_seed42_itr19_sgd_itr1_w548.bin
cifar10,cnn1,model_seed42_itr19_sgd_itr1,linf,0.1,1,549,-0.006470931925605328,0.0033095248363679275,-0.006470931925605328,0.0033095248363679275,true,true,-0.0009780456761973259,-0.0009780456761973259,0.0009780456761973259,0.0009780456761973259,WRONG,WRONG,false,false,-0.0009780456761973259,0.0009780456761973259,false,false,true,5.014435047745458e-19,0.0009780456761973256,3.311,cifar10__cnn1__linf__0.1__model_seed42_itr19_sgd_itr1_w549.bin
cifar10,cnn1,model_seed42_itr19_sgd_itr1,linf,0.1,1,550,-0.006470931925605328,0.0033095248363679275,-0.006470931925605328,0.0033095248363679275,true,true,-0.000978045676197326,-0.000978045676197326,0.000978045676197326,0.000978045676197326,WRONG,WRONG,false,false,-0.000978045676197326,0.000978045676197326,false,false,true,3.2526065174565133e-19,0.0009780456761973259,5.13,cifar10__cnn1__linf__0.1__model_seed42_itr19_sgd_itr1_w550.bin
cifar10,cnn1,model_seed42_itr19_sgd_itr1,linf,0.1,1,551,-0.006470931925605328,0.0033095248363679275,-0.006470931925605328,0.0033095248363679275,true,true,-0.0009780456761973254,-0.0009780456761973254,0.0009780456761973254,0.0009780456761973254,WRONG,WRONG,false,false,-0.0009780456761973254,0.0009780456761973254,false,false,true,3.7947076036992655e-19,0.0009780456761973259,3.178,cifar10__cnn1__linf__0.1__model_seed42_itr19_sgd_itr1_w551.bin
cifar10,cnn1,model_seed42_itr19_sgd_itr1,linf,0.1,1,552,-0.006470931925605328,0.0033095248363679275,-0.006470931925605328,0.0033095248363679275,true,true,-0.000978045676197325,-0.000978045676197325,0.0009780456761973259,0.0009780456761973259,WRONG,WRONG,false,false,-0.000978045676197325,0.0009780456761973259,false,false,true,3.049318610115481e-19,0.0009780456761973254,3.566,cifar10__cnn1__linf__0.1__model_seed42_itr19_sgd_itr1_w552.bin
cifar10,cnn1,model_seed42_itr19_sgd_itr1,linf,0.1,1,553,-0.006470931925605328,0.0033095248363679275,-0.006470931925605328,0.0033095248363679275,true,true,-0.0009780456761973259,-0.0009780456761973259,0.0009780456761973252,0.0009780456761973252,WRONG,WRONG,false,false,-0.0009780456761973259,0.0009780456761973252,false,false,true,2.981555974335137e-19,0.0009780456761973256,3.636,cifar10__cnn1__linf__0.1__model_seed42_itr19_sgd_itr1_w553.bin
cifar10,cnn1,model_seed42_itr19_sgd_itr1,linf,0.1,1,554,-0.006470931925605328,0.0033095248363679275,-0.006470931925605328,0.0033095248363679275,true,true,-0.0009780456761973256,-0.0009780456761973256,0.0009780456761973259,0.0009780456761973259,WRONG,WRONG,false,false,-0.0009780456761973256,0.0009780456761973259,false,false,true,7.453889935837843e-19,0.0009780456761973259,3.636,cifar10__cnn1__linf__0.1__model_seed42_itr19_sgd_itr1_w554.bin
cifar10,cnn1,model_seed42_itr19_sgd_itr1,linf,0.1,1,555,-0.006470931925605328,0.0033095248363679275,-0.006470931925605328,0.0033095248363679275,true,true,-0.0009780456761973254,-0.0009780456761973254,0.000978045676197326,0.000978045676197326,WRONG,WRONG,false,false,-0.0009780456761973254,0.000978045676197326,false,false,true,0.0,0.0009780456761973254,3.724,cifar10__cnn1__linf__0.1__model_seed42_itr19_sgd_itr1_w555.bin
cifar10,cnn1,model_seed42_itr19_sgd_itr1,linf,0.1,1,556,-0.006470931925605328,0.0033095248363679275,-0.006470931925605328,0.0033095248363679275,true,true,-0.000978045676197326,-0.000978045676197326,0.0009780456761973256,0.0009780456761973256,WRONG,WRONG,false,false,-0.000978045676197326,0.0009780456761973256,false,false,true,6.776263578034403e-19,0.0009780456761973263,4.137,cifar10__cnn1__linf__0.1__model_seed42_itr19_sgd_itr1_w556.bin
cifar10,cnn1,model_seed42_itr19_sgd_itr1,linf,0.1,1,557,-0.006470931925605328,0.0033095248363679275,-0.006470931925605328,0.0033095248363679275,true,true,-0.0009780456761973254,-0.0009780456761973254,0.0009780456761973233,0.0009780456761973233,WRONG,WRONG,false,false,-0.0009780456761973254,0.0009780456761973233,false,false,true,1.8973538018496328e-19,0.0009780456761973256,3.117,cifar10__cnn1__linf__0.1__model_seed42_itr19_sgd_itr1_w557.bin
cifar10,cnn1,model_seed42_itr19_sgd_itr1,linf,0.1,1,558,-0.006470931925605328,0.0033095248363679275,-0.006470931925605328,0.0033095248363679275,true,true,-0.000978045676197326,-0.000978045676197326,0.0009780456761973259,0.0009780456761973259,WRONG,WRONG,false,false,-0.000978045676197326,0.0009780456761973259,false,false,true,1.6263032587282567e-19,0.0009780456761973254,7.753,cifar10__cnn1__linf__0.1__model_seed42_itr19_sgd_itr1_w558.bin
cifar10,cnn1,model_seed42_itr19_sgd_itr1,linf,0.1,1,559,-0.006470931925605328,0.0033095248363679275,-0.006470931925605328,0.0033095248363679275,true,true,-0.000978045676197326,-0.000978045676197326,0.0009780456761973256,0.0009780456761973256,WRONG,WRONG,false,false,-0.000978045676197326,0.0009780456761973256,false,false,true,3.5236570605778894e-19,0.0009780456761973259,3.47,cifar10__cnn1__linf__0.1__model_seed42_itr19_sgd_itr1_w559.bin
cifar10,cnn1,model_seed42_itr19_sgd_itr1,linf,0.1,1,560,-0.006470931925605328,0.0033095248363679275,-0.006470931925605328,0.0033095248363679275,true,true,-0.000978045676197326,-0.000978045676197326,0.000978045676197326,0.000978045676197326,WRONG,WRONG,false,false,-0.000978045676197326,0.000978045676197326,false,false,true,3.7947076036992655e-19,0.0009780456761973259,4.25,cifar10__cnn1__linf__0.1__model_seed42_itr19_sgd_itr1_w560.bin
cifar10,cnn1,model_seed42_itr19_sgd_itr1,linf,0.1,1,561,-0.006470931925605328,0.0033095248363679275,-0.006470931925605328,0.0033095248363679275,true,true,-0.0009780456761973254,-0.0009780456761973254,0.0009780456761973256,0.0009780456761973256,WRONG,WRONG,false,false,-0.0009780456761973254,0.0009780456761973256,false,false,true,2.710505431213761e-19,0.0009780456761973256,4.308,cifar10__cnn1__linf__0.1__model_seed42_itr19_sgd_itr1_w561.bin
cifar10,cnn1,model_seed42_itr19_sgd_itr1,linf,0.1,1,562,-0.006470931925605328,0.0033095248363679275,-0.006470931925605328,0.0033095248363679275,true,true,-0.0009780456761973263,-0.0009780456761973263,0.0009780456761973259,0.0009780456761973259,WRONG,WRONG,false,false,-0.0009780456761973263,0.0009780456761973259,false,false,true,9.75781955236954e-19,0.000978045676197326,5.146,cifar10__cnn1__linf__0.1__model_seed42_itr19_sgd_itr1_w562.bin
cifar10,cnn1,model_seed42_itr19_sgd_itr1,linf,0.1,1,563,-0.006470931925605328,0.0033095248363679275,-0.006470931925605328,0.0033095248363679275,true,true,-0.0009780456761973259,-0.0009780456761973259,0.0009780456761973254,0.0009780456761973254,WRONG,WRONG,false,false,-0.0009780456761973259,0.0009780456761973254,false,false,true,5.014435047745458e-19,0.0009780456761973259,2.946,cifar10__cnn1__linf__0.1__model_seed42_itr19_sgd_itr1_w563.bin
cifar10,cnn1,model_seed42_itr19_sgd_itr1,linf,0.1,1,564,-0.006470931925605328,0.0033095248363679275,-0.006470931925605328,0.0033095248363679275,true,true,-0.0009780456761973259,-0.0009780456761973259,0.0009780456761973256,0.0009780456761973256,WRONG,WRONG,false,false,-0.0009780456761973259,0.0009780456761973256,false,false,true,4.472333961502706e-19,0.000978045676197326,3.363,cifar10__cnn1__linf__0.1__model_seed42_itr19_sgd_itr1_w564.bin
cifar10,cnn1,model_seed42_itr19_sgd_itr1,linf,0.1,1,565,-0.006470931925605328,0.0033095248363679275,-0.006470931925605328,0.0033095248363679275,true,true,-0.0009780456761973259,-0.0009780456761973259,0.0009780456761973256,0.0009780456761973256,WRONG,WRONG,false,false,-0.0009780456761973259,0.0009780456761973256,false,false,true,3.2526065174565133e-19,0.0009780456761973256,4.326,cifar10__cnn1__linf__0.1__model_seed42_itr19_sgd_itr1_w565.bin
cifar10,cnn1,model_seed42_itr19_sgd_itr1,linf,0.1,1,566,-0.006470931925605328,0.0033095248363679275,-0.006470931925605328,0.0033095248363679275,true,true,-0.0009780456761973256,-0.0009780456761973256,0.0009780456761973256,0.0009780456761973256,WRONG,WRONG,false,false,-0.0009780456761973256,0.0009780456761973256,false,false,true,4.946672411965114e-19,0.0009780456761973254,2.961,cifar10__cnn1__linf__0.1__model_seed42_itr19_sgd_itr1_w566.bin
cifar10,cnn1,model_seed42_itr19_sgd_itr1,linf,0.1,1,567,-0.006470931925605328,0.0033095248363679275,-0.006470931925605328,0.0033095248363679275,true,true,-0.0009780456761973259,-0.0009780456761973259,0.0009780456761973252,0.0009780456761973252,WRONG,WRONG,false,false,-0.0009780456761973259,0.0009780456761973252,false,false,true,8.538092108323347e-19,0.0009780456761973259,3.748,cifar10__cnn1__linf__0.1__model_seed42_itr19_sgd_itr1_w567.bin
cifar10,cnn1,model_seed42_itr19_sgd_itr1,linf,0.1,1,568,-0.006470931925605328,0.0033095248363679275,-0.006470931925605328,0.0033095248363679275,true,true,-0.0009780456761973254,-0.0009780456761973254,0.0009780456761973254,0.0009780456761973254,WRONG,WRONG,false,false,-0.0009780456761973254,0.0009780456761973254,false,false,true,8.131516293641283e-20,0.0009780456761973254,3.862,cifar10__cnn1__linf__0.1__model_seed42_itr19_sgd_itr1_w568.bin
cifar10,cnn1,model_seed42_itr19_sgd_itr1,linf,0.1,1,569,-0.006470931925605328,0.0033095248363679275,-0.006470931925605328,0.0033095248363679275,true,true,-0.0009780456761973254,-0.0009780456761973254,0.000978045676197326,0.000978045676197326,WRONG,WRONG,false,false,-0.0009780456761973254,0.000978045676197326,false,false,true,1.0842021724855044e-19,0.0009780456761973254,4.318,cifar10__cnn1__linf__0.1__model_seed42_itr19_sgd_itr1_w569.bin
cifar10,cnn1,model_seed42_itr19_sgd_itr1,linf,0.1,1,570,-0.006470931925605328,0.0033095248363679275,-0.006470931925605328,0.0033095248363679275,true,true,-0.0009780456761973259,-0.0009780456761973259,0.0009780456761973259,0.0009780456761973259,WRONG,WRONG,false,false,-0.0009780456761973259,0.0009780456761973259,false,false,true,3.7947076036992655e-19,0.0009780456761973259,4.112,cifar10__cnn1__linf__0.1__model_seed42_itr19_sgd_itr1_w570.bin
cifar10,cnn1,model_seed42_itr19_sgd_itr1,linf,0.1,1,571,-0.006470931925605328,0.0033095248363679275,-0.006470931925605328,0.0033095248363679275,true,true,-0.0009780456761973252,-0.0009780456761973252,0.0009780456761973256,0.0009780456761973256,WRONG,WRONG,false,false,-0.0009780456761973252,0.0009780456761973256,false,false,true,7.962109704190423e-20,0.0009780456761973256,3.043,cifar10__cnn1__linf__0.1__model_seed42_itr19_sgd_itr1_w571.bin
cifar10,cnn1,model_seed42_itr19_sgd_itr1,linf,0.1,1,572,-0.006470931925605328,0.0033095248363679275,-0.006470931925605328,0.0033095248363679275,true,true,-0.0009780456761973259,-0.0009780456761973259,0.0009780456761973259,0.0009780456761973259,WRONG,WRONG,false,false,-0.0009780456761973259,0.0009780456761973259,false,false,true,5.692061405548898e-19,0.0009780456761973259,4.213,cifar10__cnn1__linf__0.1__model_seed42_itr19_sgd_itr1_w572.bin
cifar10,cnn1,model_seed42_itr19_sgd_itr1,linf,0.1,1,573,-0.006470931925605328,0.0033095248363679275,-0.006470931925605328,0.0033095248363679275,true,true,-0.0009780456761973263,-0.0009780456761973263,0.0009780456761973252,0.0009780456761973252,WRONG,WRONG,false,false,-0.0009780456761973263,0.0009780456761973252,false,false,true,9.215718466126788e-19,0.0009780456761973263,5.369,cifar10__cnn1__linf__0.1__model_seed42_itr19_sgd_itr1_w573.bin
cifar10,cnn1,model_seed42_itr19_sgd_itr1,linf,0.1,1,574,-0.006470931925605328,0.0033095248363679275,-0.006470931925605328,0.0033095248363679275,true,true,-0.0009780456761973259,-0.0009780456761973259,0.0009780456761973256,0.0009780456761973256,WRONG,WRONG,false,false,-0.0009780456761973259,0.0009780456761973256,false,false,true,3.6591823321385775e-19,0.0009780456761973259,4.171,cifar10__cnn1__linf__0.1__model_seed42_itr19_sgd_itr1_w574.bin
cifar10,cnn1,model_seed42_itr19_sgd_itr1,linf,0.1,1,575,-0.006470931925605328,0.0033095248363679275,-0.006470931925605328,0.0033095248363679275,true,true,-0.0009780456761973263,-0.0009780456761973263,0.000978045676197326,0.000978045676197326,WRONG,WRONG,false,false,-0.0009780456761973263,0.000978045676197326,false,false,true,4.607859233063394e-19,0.000978045676197326,3.584,cifar10__cnn1__linf__0.1__model_seed42_itr19_sgd_itr1_w575.bin
cifar10,cnn1,model_seed42_itr19_sgd_itr1,linf,0.1,1,576,-0.006470931925605328,0.0033095248363679275,-0.006470931925605328,0.0033095248363679275,true,true,-0.0009780456761973256,-0.0009780456761973256,0.000978045676197326,0.000978045676197326,WRONG,WRONG,false,false,-0.0009780456761973256,0.000978045676197326,false,false,true,3.049318610115481e-19,0.0009780456761973256,3.434,cifar10__cnn1__linf__0.1__model_seed42_itr19_sgd_itr1_w576.bin
cifar10,cnn1,model_seed42_itr19_sgd_itr1,linf,0.1,1,577,-0.006470931925605328,0.0033095248363679275,-0.006470931925605328,0.0033095248363679275,true,true,-0.0009780456761973256,-0.0009780456761973256,0.0009780456761973259,0.0009780456761973259,WRONG,WRONG,false,false,-0.0009780456761973256,0.0009780456761973259,false,false,true,7.589415207398531e-19,0.000978045676197326,4.051,cifar10__cnn1__linf__0.1__model_seed42_itr19_sgd_itr1_w577.bin
cifar10,cnn1,model_seed42_itr19_sgd_itr1,linf,0.1,1,578,-0.006470931925605328,0.0033095248363679275,-0.006470931925605328,0.0033095248363679275,true,true,-0.0009780456761973259,-0.0009780456761973259,0.000978045676197326,0.000978045676197326,WRONG,WRONG,false,false,-0.0009780456761973259,0.000978045676197326,false,false,true,4.607859233063394e-19,0.0009780456761973259,2.959,cifar10__cnn1__linf__0.1__model_seed42_itr19_sgd_itr1_w578.bin
cifar10,cnn1,model_seed42_itr19_sgd_itr1,linf,0.1,1,579,-0.006470931925605328,0.0033095248363679275,-0.006470931925605328,0.0033095248363679275,true,true,-0.0009780456761973285,-0.0009780456761973285,0.0009780456761973254,0.0009780456761973254,WRONG,WRONG,false,false,-0.0009780456761973285,0.0009780456761973254,false,false,true,2.8189256484623115e-18,0.000978045676197328,5.459,cifar10__cnn1__linf__0.1__model_seed42_itr19_sgd_itr1_w579.bin
cifar10,cnn1,model_seed42_itr19_sgd_itr1,linf,0.1,1,580,-0.006470931925605328,0.0033095248363679275,-0.006470931925605328,0.0033095248363679275,true,true,-0.0009780456761973259,-0.0009780456761973259,0.000978045676197326,0.000978045676197326,WRONG,WRONG,false,false,-0.0009780456761973259,0.000978045676197326,false,false,true,4.87890977618477e-19,0.000978045676197326,4.366,cifar10__cnn1__linf__0.1__model_seed42_itr19_sgd_itr1_w580.bin
cifar10,cnn1,model_seed42_itr19_sgd_itr1,linf,0.1,1,581,-0.006470931925605328,0.0033095248363679275,-0.006470931925605328,0.0033095248363679275,true,true,-0.0009780456761973259,-0.0009780456761973259,0.0009780456761973252,0.0009780456761973252,WRONG,WRONG,false,false,-0.0009780456761973259,0.0009780456761973252,false,false,true,8.944667923005412e-19,0.0009780456761973259,3.956,cifar10__cnn1__linf__0.1__model_seed42_itr19_sgd_itr1_w581.bin
cifar10,cnn1,model_seed42_itr19_sgd_itr1,linf,0.1,1,582,-0.006470931925605328,0.0033095248363679275,-0.006470931925605328,0.0033095248363679275,true,true,-0.0009780456761973254,-0.0009780456761973254,0.0009780456761973248,0.0009780456761973248,WRONG,WRONG,false,false,-0.0009780456761973254,0.0009780456761973248,false,false,true,3.2526065174565133e-19,0.0009780456761973254,3.582,cifar10__cnn1__linf__0.1__model_seed42_itr19_sgd_itr1_w582.bin
cifar10,cnn1,model_seed42_itr19_sgd_itr1,linf,0.1,1,583,-0.006470931925605328,0.0033095248363679275,-0.006470931925605328,0.0033095248363679275,true,true,-0.000978045676197325,-0.000978045676197325,0.0009780456761973265,0.0009780456761973265,WRONG,WRONG,false,false,-0.000978045676197325,0.0009780456761973265,false,false,true,1.6263032587282567e-19,0.0009780456761973259,3.681,cifar10__cnn1__linf__0.1__model_seed42_itr19_sgd_itr1_w583.bin
cifar10,cnn1,model_seed42_itr19_sgd_itr1,linf,0.1,1,584,-0.006470931925605328,0.0033095248363679275,-0.006470931925605328,0.0033095248363679275,true,true,-0.0009780456761973256,-0.0009780456761973256,0.0009780456761973259,0.0009780456761973259,WRONG,WRONG,false,false,-0.0009780456761973256,0.0009780456761973259,false,false,true,5.421010862427522e-19,0.000978045676197326,4.076,cifar10__cnn1__linf__0.1__model_seed42_itr19_sgd_itr1_w584.bin
cifar10,cnn1,model_seed42_itr19_sgd_itr1,linf,0.1,1,585,-0.006470931925605328,0.0033095248363679275,-0.006470931925605328,0.0033095248363679275,true,true,-0.0009780456761973263,-0.0009780456761973263,0.0009780456761973256,0.0009780456761973256,WRONG,WRONG,false,false,-0.0009780456761973263,0.0009780456761973256,false,false,true,1.221421509940701e-18,0.0009780456761973265,3.33,cifar10__cnn1__linf__0.1__model_seed42_itr19_sgd_itr1_w585.bin
cifar10,cnn1,model_seed42_itr19_sgd_itr1,linf,0.1,1,586,-0.006470931925605328,0.0033095248363679275,-0.006470931925605328,0.0033095248363679275,true,true,-0.0009780456761973263,-0.0009780456761973263,0.0009780456761973252,0.0009780456761973252,WRONG,WRONG,false,false,-0.0009780456761973263,0.0009780456761973252,false,false,true,5.963111948670274e-19,0.0009780456761973259,3.177,cifar10__cnn1__linf__0.1__model_seed42_itr19_sgd_itr1_w586.bin
cifar10,cnn1,model_seed42_itr19_sgd_itr1,linf,0.1,1,587,-0.006470931925605328,0.0033095248363679275,-0.006470931925605328,0.0033095248363679275,true,true,-0.0009780456761973248,-0.0009780456761973248,0.0009780456761973259,0.0009780456761973259,WRONG,WRONG,false,false,-0.0009780456761973248,0.0009780456761973259,false,false,true,0.0,0.000978045676197325,4.692,cifar10__cnn1__linf__0.1__model_seed42_itr19_sgd_itr1_w587.bin
cifar10,cnn1,model_seed42_itr19_sgd_itr1,linf,0.1,1,588,-0.006470931925605328,0.0033095248363679275,-0.006470931925605328,0.0033095248363679275,true,true,-0.0009780456761973256,-0.0009780456761973256,0.000978045676197326,0.000978045676197326,WRONG,WRONG,false,false,-0.0009780456761973256,0.000978045676197326,false,false,true,6.505213034913027e-19,0.0009780456761973256,5.809,cifar10__cnn1__linf__0.1__model_seed42_itr19_sgd_itr1_w588.bin
cifar10,cnn1,model_seed42_itr19_sgd_itr1,linf,0.1,1,589,-0.006470931925605328,0.0033095248363679275,-0.006470931925605328,0.0033095248363679275,true,true,-0.0009780456761973259,-0.0009780456761973259,0.0009780456761973256,0.0009780456761973256,WRONG,WRONG,false,false,-0.0009780456761973259,0.0009780456761973256,false,false,true,9.215718466126788e-19,0.0009780456761973263,6.003,cifar10__cnn1__linf__0.1__model_seed42_itr19_sgd_itr1_w589.bin
cifar10,cnn1,model_seed42_itr19_sgd_itr1,linf,0.1,1,590,-0.006470931925605328,0.0033095248363679275,-0.006470931925605328,0.0033095248363679275,true,true,-0.0009780456761973254,-0.0009780456761973254,0.0009780456761973259,0.0009780456761973259,WRONG,WRONG,false,false,-0.0009780456761973254,0.0009780456761973259,false,false,true,1.0842021724855044e-19,0.0009780456761973254,4.117,cifar10__cnn1__linf__0.1__model_seed42_itr19_sgd_itr1_w590.bin
cifar10,cnn1,model_seed42_itr19_sgd_itr1,linf,0.1,1,591,-0.006470931925605328,0.0033095248363679275,-0.006470931925605328,0.0033095248363679275,true,true,-0.0009780456761973259,-0.0009780456761973259,0.0009780456761973267,0.0009780456761973267,WRONG,WRONG,false,false,-0.0009780456761973259,0.0009780456761973267,false,false,true,0.0,0.0009780456761973256,4.416,cifar10__cnn1__linf__0.1__model_seed42_itr19_sgd_itr1_w591.bin
cifar10,cnn1,model_seed42_itr19_sgd_itr1,linf,0.1,1,592,-0.006470931925605328,0.0033095248363679275,-0.006470931925605328,0.0033095248363679275,true,true,-0.0009780456761973259,-0.0009780456761973259,0.0009780456761973259,0.0009780456761973259,WRONG,WRONG,false,false,-0.0009780456761973259,0.0009780456761973259,false,false,true,4.87890977618477e-19,0.0009780456761973259,3.146,cifar10__cnn1__linf__0.1__model_seed42_itr19_sgd_itr1_w592.bin
cifar10,cnn1,model_seed42_itr19_sgd_itr1,linf,0.1,1,593,-0.006470931925605328,0.0033095248363679275,-0.006470931925605328,0.0033095248363679275,true,true,-0.0009780456761973259,-0.0009780456761973259,0.000978045676197326,0.000978045676197326,WRONG,WRONG,false,false,-0.0009780456761973259,0.000978045676197326,false,false,true,2.168404344971009e-19,0.0009780456761973259,6.486,cifar10__cnn1__linf__0.1__model_seed42_itr19_sgd_itr1_w593.bin
cifar10,cnn1,model_seed42_itr19_sgd_itr1,linf,0.1,1,594,-0.006470931925605328,0.0033095248363679275,-0.006470931925605328,0.0033095248363679275,true,true,-0.0009780456761973259,-0.0009780456761973259,0.0009780456761973259,0.0009780456761973259,WRONG,WRONG,false,false,-0.0009780456761973259,0.0009780456761973259,false,false,true,0.0,0.0009780456761973259,5.025,cifar10__cnn1__linf__0.1__model_seed42_itr19_sgd_itr1_w594.bin
cifar10,cnn1,model_seed42_itr19_sgd_itr1,linf,0.1,1,595,-0.006470931925605328,0.0033095248363679275,-0.006470931925605328,0.0033095248363679275,true,true,-0.000978045676197326,-0.000978045676197326,0.000978045676197326,0.000978045676197326,WRONG,WRONG,false,false,-0.000978045676197326,0.000978045676197326,false,false,true,1.0842021724855044e-19,0.0009780456761973256,4.878,cifar10__cnn1__linf__0.1__model_seed42_itr19_sgd_itr1_w595.bin
cifar10,cnn1,model_seed42_itr19_sgd_itr1,linf,0.1,1,596,-0.006470931925605328,0.0033095248363679275,-0.006470931925605328,0.0033095248363679275,true,true,-0.0009780456761973259,-0.0009780456761973259,0.0009780456761973265,0.0009780456761973265,WRONG,WRONG,false,false,-0.0009780456761973259,0.0009780456761973265,false,false,true,2.168404344971009e-19,0.0009780456761973259,4.004,cifar10__cnn1__linf__0.1__model_seed42_itr19_sgd_itr1_w596.bin
cifar10,cnn1,model_seed42_itr19_sgd_itr1,linf,0.1,1,597,-0.006470931925605328,0.0033095248363679275,-0.006470931925605328,0.0033095248363679275,true,true,-0.0009780456761973254,-0.0009780456761973254,0.0009780456761973259,0.0009780456761973259,WRONG,WRONG,false,false,-0.0009780456761973254,0.0009780456761973259,false,false,true,1.8973538018496328e-19,0.0009780456761973256,3.681,cifar10__cnn1__linf__0.1__model_seed42_itr19_sgd_itr1_w597.bin
cifar10,cnn1,model_seed42_itr19_sgd_itr1,linf,0.1,1,598,-0.006470931925605328,0.0033095248363679275,-0.006470931925605328,0.0033095248363679275,true,true,-0.0009780456761973263,-0.0009780456761973263,0.0009780456761866703,0.0009780456761866703,WRONG,WRONG,false,false,-0.0009780456761973263,0.0009780456761866703,false,false,true,3.2526065174565133e-19,0.0009780456761973259,6.725,cifar10__cnn1__linf__0.1__model_seed42_itr19_sgd_itr1_w598.bin
cifar10,cnn1,model_seed42_itr19_sgd_itr1,linf,0.1,1,599,-0.006470931925605328,0.0033095248363679275,-0.006470931925605328,0.0033095248363679275,true,true,-0.000978045676197326,-0.000978045676197326,0.0009780456761973259,0.0009780456761973259,WRONG,WRONG,false,false,-0.000978045676197326,0.0009780456761973259,false,false,true,4.336808689942018e-19,0.0009780456761973256,4.129,cifar10__cnn1__linf__0.1__model_seed42_itr19_sgd_itr1_w599.bin
cifar10,cnn1,model_seed42_itr19_sgd_itr1,linf,0.1,1,600,-0.006470931925605328,0.0033095248363679275,-0.006470931925605328,0.0033095248363679275,true,true,-0.000978045676197326,-0.000978045676197326,0.0009780456761973259,0.0009780456761973259,WRONG,WRONG,false,false,-0.000978045676197326,0.0009780456761973259,false,false,true,5.963111948670274e-19,0.000978045676197326,3.472,cifar10__cnn1__linf__0.1__model_seed42_itr19_sgd_itr1_w600.bin
