dataset,arch,model,perturbation,size,layer,neuron,l_org,u_org,l_pert,u_pert,guard_ge,guard_le,min_bound,min_val,max_bound,max_val,verdict_ge,verdict_le,old_stamp_ge,old_stamp_le,old_val_min,old_val_max,fired_ge,fired_le,witness_ok,witness_z,witness_zp,probe_sec,witness_file
cifar10,cnn1,model_seed42_itr19_sgd_itr1,rotation,10.0,1,1,-3.788464061450213,6.693761674687266,-0.8711832310581271,1.940017249020344,false,false,NaN,NaN,NaN,NaN,n/a,n/a,false,false,NaN,NaN,n/a,n/a,false,NaN,NaN,0.0,
cifar10,cnn1,model_seed42_itr19_sgd_itr1,rotation,10.0,1,2,-3.788464061450213,6.693761674687266,-3.3225385779090626,6.227836191146116,false,false,NaN,NaN,NaN,NaN,n/a,n/a,false,false,NaN,NaN,n/a,n/a,false,NaN,NaN,0.0,
cifar10,cnn1,model_seed42_itr19_sgd_itr1,rotation,10.0,1,3,-3.788464061450213,6.693761674687266,-3.133005529459632,6.038303142696685,false,false,NaN,NaN,NaN,NaN,n/a,n/a,false,false,NaN,NaN,n/a,n/a,false,NaN,NaN,0.0,
cifar10,cnn1,model_seed42_itr19_sgd_itr1,rotation,10.0,1,4,-3.788464061450213,6.693761674687266,-3.3098671106796385,6.215164723916692,false,false,NaN,NaN,NaN,NaN,n/a,n/a,false,false,NaN,NaN,n/a,n/a,false,NaN,NaN,0.0,
cifar10,cnn1,model_seed42_itr19_sgd_itr1,rotation,10.0,1,5,-3.788464061450213,6.693761674687266,-3.1490126627708466,6.0543102760079,false,false,NaN,NaN,NaN,NaN,n/a,n/a,false,false,NaN,NaN,n/a,n/a,false,NaN,NaN,0.0,
cifar10,cnn1,model_seed42_itr19_sgd_itr1,rotation,10.0,1,6,-3.788464061450213,6.693761674687266,-2.5589340837119106,5.1428154008841105,false,false,NaN,NaN,NaN,NaN,n/a,n/a,false,false,NaN,NaN,n/a,n/a,false,NaN,NaN,0.0,
cifar10,cnn1,model_seed42_itr19_sgd_itr1,rotation,10.0,1,7,-3.788464061450213,6.693761674687266,-1.764765217859182,4.1689531937761934,false,false,NaN,NaN,NaN,NaN,n/a,n/a,false,false,NaN,NaN,n/a,n/a,false,NaN,NaN,0.0,
cifar10,cnn1,model_seed42_itr19_sgd_itr1,rotation,10.0,1,8,-3.788464061450213,6.693761674687266,-1.798921259927286,3.0943761848534477,false,false,NaN,NaN,NaN,NaN,n/a,n/a,false,false,NaN,NaN,n/a,n/a,false,NaN,NaN,0.0,
cifar10,cnn1,model_seed42_itr19_sgd_itr1,rotation,10.0,1,9,-3.788464061450213,6.693761674687266,-1.3347688041261812,2.5108452740691085,false,false,NaN,NaN,NaN,NaN,n/a,n/a,false,false,NaN,NaN,n/a,n/a,false,NaN,NaN,0.0,
cifar10,cnn1,model_seed42_itr19_sgd_itr1,rotation,10.0,1,10,-3.788464061450213,6.693761674687266,-0.9836215497837029,1.6043600952163897,false,false,NaN,NaN,NaN,NaN,n/a,n/a,false,false,NaN,NaN,n/a,n/a,false,NaN,NaN,0.0,
cifar10,cnn1,model_seed42_itr19_sgd_itr1,rotation,10.0,1,11,-3.788464061450213,6.693761674687266,-1.5158468220662598,2.8533233256358925,false,false,NaN,NaN,NaN,NaN,n/a,n/a,false,false,NaN,NaN,n/a,n/a,false,NaN,NaN,0.0,
cifar10,cnn1,model_seed42_itr19_sgd_itr1,rotation,10.0,1,12,-3.788464061450213,6.693761674687266,-3.172150713900631,6.077448327137684,false,false,NaN,NaN,NaN,NaN,n/a,n/a,false,false,NaN,NaN,n/a,n/a,false,NaN,NaN,0.0,
cifar10,cnn1,model_seed42_itr19_sgd_itr1,rotation,10.0,1,13,-3.788464061450213,6.693761674687266,-3.0235180274763254,5.9288156407133785,false,false,NaN,NaN,NaN,NaN,n/a,n/a,false,false,NaN,NaN,n/a,n/a,false,NaN,NaN,0.0,
cifar10,cnn1,model_seed42_itr19_sgd_itr1,rotation,10.0,1,14,-3.788464061450213,6.693761674687266,-3.2043370741548722,6.109634687391925,false,false,NaN,NaN,NaN,NaN,n/a,n/a,false,false,NaN,NaN,n/a,n/a,false,NaN,NaN,0.0,
cifar10,cnn1,model_seed42_itr19_sgd_itr1,rotation,10.0,1,15,-3.788464061450213,6.693761674687266,-3.053905897396179,5.959203510633232,false,false,NaN,NaN,NaN,NaN,n/a,n/a,false,false,NaN,NaN,n/a,n/a,false,NaN,NaN,0.0,
cifar10,cnn1,model_seed42_itr19_sgd_itr1,rotation,10.0,1,16,-3.788464061450213,6.693761674687266,-3.19239890660388,6.097696519840932,false,false,NaN,NaN,NaN,NaN,n/a,n/a,false,false,NaN,NaN,n/a,n/a,false,NaN,NaN,0.0,
cifar10,cnn1,model_seed42_itr19_sgd_itr1,rotation,10.0,1,17,-3.788464061450213,6.693761674687266,-3.1368292992535456,6.0421269124906,false,false,NaN,NaN,NaN,NaN,n/a,n/a,false,false,NaN,NaN,n/a,n/a,false,NaN,NaN,0.0,
cifar10,cnn1,model_seed42_itr19_sgd_itr1,rotation,10.0,1,18,-3.788464061450213,6.693761674687266,-3.1861809966355104,6.0914786098725635,false,false,NaN,NaN,NaN,NaN,n/a,n/a,false,false,NaN,NaN,n/a,n/a,false,NaN,NaN,0.0,
cifar10,cnn1,model_seed42_itr19_sgd_itr1,rotation,10.0,1,19,-3.788464061450213,6.693761674687266,-3.214246593032794,6.119544206269847,false,false,NaN,NaN,NaN,NaN,n/a,n/a,false,false,NaN,NaN,n/a,n/a,false,NaN,NaN,0.0,
cifar10,cnn1,model_seed42_itr19_sgd_itr1,rotation,10.0,1,20,-3.788464061450213,6.693761674687266,-3.1927157242109776,6.09801333744803,false,false,NaN,NaN,NaN,NaN,n/a,n/a,false,false,NaN,NaN,n/a,n/a,false,NaN,NaN,0.0,
cifar10,cnn1,model_seed42_itr19_sgd_itr1,rotation,10.0,1,21,-3.788464061450213,6.693761674687266,-1.5323967247003591,3.5219172786654807,false,false,NaN,NaN,NaN,NaN,n/a,n/a,false,false,NaN,NaN,n/a,n/a,false,NaN,NaN,0.0,
cifar10,cnn1,model_seed42_itr19_sgd_itr1,rotation,10.0,1,22,-3.788464061450213,6.693761674687266,-3.2976964271854903,6.202994040422544,false,false,NaN,NaN,NaN,NaN,n/a,n/a,false,false,NaN,NaN,n/a,n/a,false,NaN,NaN,0.0,
cifar10,cnn1,model_seed42_itr19_sgd_itr1,rotation,10.0,1,23,-3.788464061450213,6.693761674687266,-3.2053429943191682,6.110640607556221,false,false,NaN,NaN,NaN,NaN,n/a,n/a,false,false,NaN,NaN,n/a,n/a,false,NaN,NaN,0.0,
cifar10,cnn1,model_seed42_itr19_sgd_itr1,rotation,10.0,1,24,-3.788464061450213,6.693761674687266,-3.284615169816668,6.189924047716124,false,false,NaN,NaN,NaN,NaN,n/a,n/a,false,false,NaN,NaN,n/a,n/a,false,NaN,NaN,0.0,
cifar10,cnn1,model_seed42_itr19_sgd_itr1,rotation,10.0,1,25,-3.788464061450213,6.693761674687266,-3.24030596533996,6.145603578577013,false,false,NaN,NaN,NaN,NaN,n/a,n/a,false,false,NaN,NaN,n/a,n/a,false,NaN,NaN,0.0,
cifar10,cnn1,model_seed42_itr19_sgd_itr1,rotation,10.0,1,26,-3.788464061450213,6.693761674687266,-3.2146764296529504,6.119974042890004,false,false,NaN,NaN,NaN,NaN,n/a,n/a,false,false,NaN,NaN,n/a,n/a,false,NaN,NaN,0.0,
cifar10,cnn1,model_seed42_itr19_sgd_itr1,rotation,10.0,1,27,-3.788464061450213,6.693761674687266,-3.2355543060254,6.140851919262454,false,false,NaN,NaN,NaN,NaN,n/a,n/a,false,false,NaN,NaN,n/a,n/a,false,NaN,NaN,0.0,
cifar10,cnn1,model_seed42_itr19_sgd_itr1,rotation,10.0,1,28,-3.788464061450213,6.693761674687266,-3.1505475355083474,6.055845148745401,false,false,NaN,NaN,NaN,NaN,n/a,n/a,false,false,NaN,NaN,n/a,n/a,false,NaN,NaN,0.0,
cifar10,cnn1,model_seed42_itr19_sgd_itr1,rotation,10.0,1,29,-3.788464061450213,6.693761674687266,-3.2318361474690303,6.137133760706083,false,false,NaN,NaN,NaN,NaN,n/a,n/a,false,false,NaN,NaN,n/a,n/a,false,NaN,NaN,0.0,
cifar10,cnn1,model_seed42_itr19_sgd_itr1,rotation,10.0,1,30,-3.788464061450213,6.693761674687266,-3.1065455146120664,6.011843127849119,false,false,NaN,NaN,NaN,NaN,n/a,n/a,false,false,NaN,NaN,n/a,n/a,false,NaN,NaN,0.0,
cifar10,cnn1,model_seed42_itr19_sgd_itr1,rotation,10.0,1,31,-3.788464061450213,6.693761674687266,-1.821012202207109,4.725685335718206,false,false,NaN,NaN,NaN,NaN,n/a,n/a,false,false,NaN,NaN,n/a,n/a,false,NaN,NaN,0.0,
cifar10,cnn1,model_seed42_itr19_sgd_itr1,rotation,10.0,1,32,-3.788464061450213,6.693761674687266,-3.1433366719018574,6.048634285138911,false,false,NaN,NaN,NaN,NaN,n/a,n/a,false,false,NaN,NaN,n/a,n/a,false,NaN,NaN,0.0,
cifar10,cnn1,model_seed42_itr19_sgd_itr1,rotation,10.0,1,33,-3.788464061450213,6.693761674687266,-3.082664602793186,5.987962216030239,false,false,NaN,NaN,NaN,NaN,n/a,n/a,false,false,NaN,NaN,n/a,n/a,false,NaN,NaN,0.0,
cifar10,cnn1,model_seed42_itr19_sgd_itr1,rotation,10.0,1,34,-3.788464061450213,6.693761674687266,-3.1246974115118307,6.029995024748884,false,false,NaN,NaN,NaN,NaN,n/a,n/a,false,false,NaN,NaN,n/a,n/a,false,NaN,NaN,0.0,
cifar10,cnn1,model_seed42_itr19_sgd_itr1,rotation,10.0,1,35,-3.788464061450213,6.693761674687266,-3.1440439062798493,6.0493415195169025,false,false,NaN,NaN,NaN,NaN,n/a,n/a,false,false,NaN,NaN,n/a,n/a,false,NaN,NaN,0.0,
cifar10,cnn1,model_seed42_itr19_sgd_itr1,rotation,10.0,1,36,-3.788464061450213,6.693761674687266,-3.109083212436661,6.014380825673714,false,false,NaN,NaN,NaN,NaN,n/a,n/a,false,false,NaN,NaN,n/a,n/a,false,NaN,NaN,0.0,
cifar10,cnn1,model_seed42_itr19_sgd_itr1,rotation,10.0,1,37,-3.788464061450213,6.693761674687266,-3.223756093034073,6.129053706271127,false,false,NaN,NaN,NaN,NaN,n/a,n/a,false,false,NaN,NaN,n/a,n/a,false,NaN,NaN,0.0,
cifar10,cnn1,model_seed42_itr19_sgd_itr1,rotation,10.0,1,38,-3.788464061450213,6.693761674687266,-3.1345247400205682,6.039822353257621,false,false,NaN,NaN,NaN,NaN,n/a,n/a,false,false,NaN,NaN,n/a,n/a,false,NaN,NaN,0.0,
cifar10,cnn1,model_seed42_itr19_sgd_itr1,rotation,10.0,1,39,-3.788464061450213,6.693761674687266,-3.2737718255213384,6.1790694387583915,false,false,NaN,NaN,NaN,NaN,n/a,n/a,false,false,NaN,NaN,n/a,n/a,false,NaN,NaN,0.0,
cifar10,cnn1,model_seed42_itr19_sgd_itr1,rotation,10.0,1,40,-3.788464061450213,6.693761674687266,-3.1499181956554887,6.055215808892542,false,false,NaN,NaN,NaN,NaN,n/a,n/a,false,false,NaN,NaN,n/a,n/a,false,NaN,NaN,0.0,
cifar10,cnn1,model_seed42_itr19_sgd_itr1,rotation,10.0,1,41,-3.788464061450213,6.693761674687266,-2.4261861697623157,5.330824995212409,false,false,NaN,NaN,NaN,NaN,n/a,n/a,false,false,NaN,NaN,n/a,n/a,false,NaN,NaN,0.0,
cifar10,cnn1,model_seed42_itr19_sgd_itr1,rotation,10.0,1,42,-3.788464061450213,6.693761674687266,-3.2301641585851804,6.135461771822234,false,false,NaN,NaN,NaN,NaN,n/a,n/a,false,false,NaN,NaN,n/a,n/a,false,NaN,NaN,0.0,
cifar10,cnn1,model_seed42_itr19_sgd_itr1,rotation,10.0,1,43,-3.788464061450213,6.693761674687266,-3.2828477440704362,6.188145357307489,false,false,NaN,NaN,NaN,NaN,n/a,n/a,false,false,NaN,NaN,n/a,n/a,false,NaN,NaN,0.0,
cifar10,cnn1,model_seed42_itr19_sgd_itr1,rotation,10.0,1,44,-3.788464061450213,6.693761674687266,-3.224033463008074,6.129331076245128,false,false,NaN,NaN,NaN,NaN,n/a,n/a,false,false,NaN,NaN,n/a,n/a,false,NaN,NaN,0.0,
cifar10,cnn1,model_seed42_itr19_sgd_itr1,rotation,10.0,1,45,-3.788464061450213,6.693761674687266,-3.324302613835899,6.229600227072952,false,false,NaN,NaN,NaN,NaN,n/a,n/a,false,false,NaN,NaN,n/a,n/a,false,NaN,NaN,0.0,
cifar10,cnn1,model_seed42_itr19_sgd_itr1,rotation,10.0,1,46,-3.788464061450213,6.693761674687266,-3.2087188827554263,6.114016495992479,false,false,NaN,NaN,NaN,NaN,n/a,n/a,false,false,NaN,NaN,n/a,n/a,false,NaN,NaN,0.0,
cifar10,cnn1,model_seed42_itr19_sgd_itr1,rotation,10.0,1,47,-3.788464061450213,6.693761674687266,-3.304121588325209,6.209419201562262,false,false,NaN,NaN,NaN,NaN,n/a,n/a,false,false,NaN,NaN,n/a,n/a,false,NaN,NaN,0.0,
cifar10,cnn1,model_seed42_itr19_sgd_itr1,rotation,10.0,1,48,-3.788464061450213,6.693761674687266,-3.1362228192902792,6.0415204325273315,false,false,NaN,NaN,NaN,NaN,n/a,n/a,false,false,NaN,NaN,n/a,n/a,false,NaN,NaN,0.0,
cifar10,cnn1,model_seed42_itr19_sgd_itr1,rotation,10.0,1,49,-3.788464061450213,6.693761674687266,-3.2809279870852532,6.186225600322306,false,false,NaN,NaN,NaN,NaN,n/a,n/a,false,false,NaN,NaN,n/a,n/a,false,NaN,NaN,0.0,
cifar10,cnn1,model_seed42_itr19_sgd_itr1,rotation,10.0,1,50,-3.788464061450213,6.693761674687266,-3.0459230053539663,5.9512206185910195,false,false,NaN,NaN,NaN,NaN,n/a,n/a,false,false,NaN,NaN,n/a,n/a,false,NaN,NaN,0.0,
cifar10,cnn1,model_seed42_itr19_sgd_itr1,rotation,10.0,1,51,-3.788464061450213,6.693761674687266,-3.174556499771879,6.079854113008932,false,false,NaN,NaN,NaN,NaN,n/a,n/a,false,false,NaN,NaN,n/a,n/a,false,NaN,NaN,0.0,
cifar10,cnn1,model_seed42_itr19_sgd_itr1,rotation,10.0,1,52,-3.788464061450213,6.693761674687266,-3.0986209747796556,6.00391858801671,false,false,NaN,NaN,NaN,NaN,n/a,n/a,false,false,NaN,NaN,n/a,n/a,false,NaN,NaN,0.0,
cifar10,cnn1,model_seed42_itr19_sgd_itr1,rotation,10.0,1,53,-3.788464061450213,6.693761674687266,-3.2064563476568955,6.111753960893948,false,false,NaN,NaN,NaN,NaN,n/a,n/a,false,false,NaN,NaN,n/a,n/a,false,NaN,NaN,0.0,
cifar10,cnn1,model_seed42_itr19_sgd_itr1,rotation,10.0,1,54,-3.788464061450213,6.693761674687266,-3.0718235317964395,5.977121145033492,false,false,NaN,NaN,NaN,NaN,n/a,n/a,false,false,NaN,NaN,n/a,n/a,false,NaN,NaN,0.0,
cifar10,cnn1,model_seed42_itr19_sgd_itr1,rotation,10.0,1,55,-3.788464061450213,6.693761674687266,-3.2192404582783443,6.1245380715153965,false,false,NaN,NaN,NaN,NaN,n/a,n/a,false,false,NaN,NaN,n/a,n/a,false,NaN,NaN,0.0,
cifar10,cnn1,model_seed42_itr19_sgd_itr1,rotation,10.0,1,56,-3.788464061450213,6.693761674687266,-3.05025916111017,5.955556774347224,false,false,NaN,NaN,NaN,NaN,n/a,n/a,false,false,NaN,NaN,n/a,n/a,false,NaN,NaN,0.0,
cifar10,cnn1,model_seed42_itr19_sgd_itr1,rotation,10.0,1,57,-3.788464061450213,6.693761674687266,-3.2334861834849633,6.1387837967220165,false,false,NaN,NaN,NaN,NaN,n/a,n/a,false,false,NaN,NaN,n/a,n/a,false,NaN,NaN,0.0,
cifar10,cnn1,model_seed42_itr19_sgd_itr1,rotation,10.0,1,58,-3.788464061450213,6.693761674687266,-3.0407743524189783,5.9460719656560315,false,false,NaN,NaN,NaN,NaN,n/a,n/a,false,false,NaN,NaN,n/a,n/a,false,NaN,NaN,0.0,
cifar10,cnn1,model_seed42_itr19_sgd_itr1,rotation,10.0,1,59,-3.788464061450213,6.693761674687266,-3.2424160288278374,6.147713642064891,false,false,NaN,NaN,NaN,NaN,n/a,n/a,false,false,NaN,NaN,n/a,n/a,false,NaN,NaN,0.0,
cifar10,cnn1,model_seed42_itr19_sgd_itr1,rotation,10.0,1,60,-3.788464061450213,6.693761674687266,-3.057811294876422,5.963108908113476,false,false,NaN,NaN,NaN,NaN,n/a,n/a,false,false,NaN,NaN,n/a,n/a,false,NaN,NaN,0.0,
cifar10,cnn1,model_seed42_itr19_sgd_itr1,rotation,10.0,1,61,-3.788464061450213,6.693761674687266,-3.2871000752824355,6.192397688519488,false,false,NaN,NaN,NaN,NaN,n/a,n/a,false,false,NaN,NaN,n/a,n/a,false,NaN,NaN,0.0,
cifar10,cnn1,model_seed42_itr19_sgd_itr1,rotation,10.0,1,62,-3.788464061450213,6.693761674687266,-3.195467322380968,6.100764935618021,false,false,NaN,NaN,NaN,NaN,n/a,n/a,false,false,NaN,NaN,n/a,n/a,false,NaN,NaN,0.0,
cifar10,cnn1,model_seed42_itr19_sgd_itr1,rotation,10.0,1,63,-3.788464061450213,6.693761674687266,-3.331017582888701,6.236315196125754,false,false,NaN,NaN,NaN,NaN,n/a,n/a,false,false,NaN,NaN,n/a,n/a,false,NaN,NaN,0.0,
cifar10,cnn1,model_seed42_itr19_sgd_itr1,rotation,10.0,1,64,-3.788464061450213,6.693761674687266,-3.1789338251482135,6.084231438385267,false,false,NaN,NaN,NaN,NaN,n/a,n/a,false,false,NaN,NaN,n/a,n/a,false,NaN,NaN,0.0,
cifar10,cnn1,model_seed42_itr19_sgd_itr1,rotation,10.0,1,65,-3.788464061450213,6.693761674687266,-3.31995062906604,6.225248242303094,false,false,NaN,NaN,NaN,NaN,n/a,n/a,false,false,NaN,NaN,n/a,n/a,false,NaN,NaN,0.0,
cifar10,cnn1,model_seed42_itr19_sgd_itr1,rotation,10.0,1,66,-3.788464061450213,6.693761674687266,-3.141472176551349,6.046769789788402,false,false,NaN,NaN,NaN,NaN,n/a,n/a,false,false,NaN,NaN,n/a,n/a,false,NaN,NaN,0.0,
cifar10,cnn1,model_seed42_itr19_sgd_itr1,rotation,10.0,1,67,-3.788464061450213,6.693761674687266,-3.3419976255495487,6.247349535324831,false,false,NaN,NaN,NaN,NaN,n/a,n/a,false,false,NaN,NaN,n/a,n/a,false,NaN,NaN,0.0,
cifar10,cnn1,model_seed42_itr19_sgd_itr1,rotation,10.0,1,68,-3.788464061450213,6.693761674687266,-3.0888700094746273,5.9939086996702144,false,false,NaN,NaN,NaN,NaN,n/a,n/a,false,false,NaN,NaN,n/a,n/a,false,NaN,NaN,0.0,
cifar10,cnn1,model_seed42_itr19_sgd_itr1,rotation,10.0,1,69,-3.788464061450213,6.693761674687266,-3.318697614747837,6.22399522798489,false,false,NaN,NaN,NaN,NaN,n/a,n/a,false,false,NaN,NaN,n/a,n/a,false,NaN,NaN,0.0,
cifar10,cnn1,model_seed42_itr19_sgd_itr1,rotation,10.0,1,70,-3.788464061450213,6.693761674687266,-3.040121430404842,5.9454190436418966,false,false,NaN,NaN,NaN,NaN,n/a,n/a,false,false,NaN,NaN,n/a,n/a,false,NaN,NaN,0.0,
cifar10,cnn1,model_seed42_itr19_sgd_itr1,rotation,10.0,1,71,-3.788464061450213,6.693761674687266,-3.260632491511039,6.1659301047480914,false,false,NaN,NaN,NaN,NaN,n/a,n/a,false,false,NaN,NaN,n/a,n/a,false,NaN,NaN,0.0,
cifar10,cnn1,model_seed42_itr19_sgd_itr1,rotation,10.0,1,72,-3.788464061450213,6.693761674687266,-3.040306336862807,5.94560395009986,false,false,NaN,NaN,NaN,NaN,n/a,n/a,false,false,NaN,NaN,n/a,n/a,false,NaN,NaN,0.0,
cifar10,cnn1,model_seed42_itr19_sgd_itr1,rotation,10.0,1,73,-3.788464061450213,6.693761674687266,-3.23530446339311,6.140602076630163,false,false,NaN,NaN,NaN,NaN,n/a,n/a,false,false,NaN,NaN,n/a,n/a,false,NaN,NaN,0.0,
cifar10,cnn1,model_seed42_itr19_sgd_itr1,rotation,10.0,1,74,-3.788464061450213,6.693761674687266,-2.9907721800080784,5.896069793245131,false,false,NaN,NaN,NaN,NaN,n/a,n/a,false,false,NaN,NaN,n/a,n/a,false,NaN,NaN,0.0,
cifar10,cnn1,model_seed42_itr19_sgd_itr1,rotation,10.0,1,75,-3.788464061450213,6.693761674687266,-3.21642905056079,6.121726663797844,false,false,NaN,NaN,NaN,NaN,n/a,n/a,false,false,NaN,NaN,n/a,n/a,false,NaN,NaN,0.0,
cifar10,cnn1,model_seed42_itr19_sgd_itr1,rotation,10.0,1,76,-3.788464061450213,6.693761674687266,-2.989822251412977,5.895119864650029,false,false,NaN,NaN,NaN,NaN,n/a,n/a,false,false,NaN,NaN,n/a,n/a,false,NaN,NaN,0.0,
cifar10,cnn1,model_seed42_itr19_sgd_itr1,rotation,10.0,1,77,-3.788464061450213,6.693761674687266,-3.222940411684974,6.128238024922028,false,false,NaN,NaN,NaN,NaN,n/a,n/a,false,false,NaN,NaN,n/a,n/a,false,NaN,NaN,0.0,
cifar10,cnn1,model_seed42_itr19_sgd_itr1,rotation,10.0,1,78,-3.788464061450213,6.693761674687266,-2.997003393348841,5.902301006585894,false,false,NaN,NaN,NaN,NaN,n/a,n/a,false,false,NaN,NaN,n/a,n/a,false,NaN,NaN,0.0,
cifar10,cnn1,model_seed42_itr19_sgd_itr1,rotation,10.0,1,79,-3.788464061450213,6.693761674687266,-3.2361375171140123,6.141435130351066,false,false,NaN,NaN,NaN,NaN,n/a,n/a,false,false,NaN,NaN,n/a,n/a,false,NaN,NaN,0.0,
cifar10,cnn1,model_seed42_itr19_sgd_itr1,rotation,10.0,1,80,-3.788464061450213,6.693761674687266,-2.9397028492336736,4.922645216671901,false,false,NaN,NaN,NaN,NaN,n/a,n/a,false,false,NaN,NaN,n/a,n/a,false,NaN,NaN,0.0,
cifar10,cnn1,model_seed42_itr19_sgd_itr1,rotation,10.0,1,81,-3.788464061450213,6.693761674687266,-3.2696420086409663,6.1749396218780195,false,false,NaN,NaN,NaN,NaN,n/a,n/a,false,false,NaN,NaN,n/a,n/a,false,NaN,NaN,0.0,
cifar10,cnn1,model_seed42_itr19_sgd_itr1,rotation,10.0,1,82,-3.788464061450213,6.693761674687266,-3.0964026389540993,6.001700252191153,false,false,NaN,NaN,NaN,NaN,n/a,n/a,false,false,NaN,NaN,n/a,n/a,false,NaN,NaN,0.0,
cifar10,cnn1,model_seed42_itr19_sgd_itr1,rotation,10.0,1,83,-3.788464061450213,6.693761674687266,-3.2979756739602886,6.203273287197342,false,false,NaN,NaN,NaN,NaN,n/a,n/a,false,false,NaN,NaN,n/a,n/a,false,NaN,NaN,0.0,
cifar10,cnn1,model_seed42_itr19_sgd_itr1,rotation,10.0,1,84,-3.788464061450213,6.693761674687266,-3.108992719549769,6.014290332786822,false,false,NaN,NaN,NaN,NaN,n/a,n/a,false,false,NaN,NaN,n/a,n/a,false,NaN,NaN,0.0,
cifar10,cnn1,model_seed42_itr19_sgd_itr1,rotation,10.0,1,85,-3.788464061450213,6.693761674687266,-3.347239701924493,6.252537315161546,false,false,NaN,NaN,NaN,NaN,n/a,n/a,false,false,NaN,NaN,n/a,n/a,false,NaN,NaN,0.0,
cifar10,cnn1,model_seed42_itr19_sgd_itr1,rotation,10.0,1,86,-3.788464061450213,6.693761674687266,-3.108061775230082,6.0133593884671335,false,false,NaN,NaN,NaN,NaN,n/a,n/a,false,false,NaN,NaN,n/a,n/a,false,NaN,NaN,0.0,
cifar10,cnn1,model_seed42_itr19_sgd_itr1,rotation,10.0,1,87,-3.788464061450213,6.693761674687266,-3.3545410000450415,6.259838613282094,false,false,NaN,NaN,NaN,NaN,n/a,n/a,false,false,NaN,NaN,n/a,n/a,false,NaN,NaN,0.0,
cifar10,cnn1,model_seed42_itr19_sgd_itr1,rotation,10.0,1,88,-3.788464061450213,6.693761674687266,-3.108033065676432,6.013330678913485,false,false,NaN,NaN,NaN,NaN,n/a,n/a,false,false,NaN,NaN,n/a,n/a,false,NaN,NaN,0.0,
cifar10,cnn1,model_seed42_itr19_sgd_itr1,rotation,10.0,1,89,-3.788464061450213,6.693761674687266,-3.2897897444866335,6.195087357723686,false,false,NaN,NaN,NaN,NaN,n/a,n/a,false,false,NaN,NaN,n/a,n/a,false,NaN,NaN,0.0,
cifar10,cnn1,model_seed42_itr19_sgd_itr1,rotation,10.0,1,90,-3.788464061450213,6.693761674687266,-2.67653755102974,3.8306405259218597,false,false,NaN,NaN,NaN,NaN,n/a,n/a,false,false,NaN,NaN,n/a,n/a,false,NaN,NaN,0.0,
cifar10,cnn1,model_seed42_itr19_sgd_itr1,rotation,10.0,1,91,-3.788464061450213,6.693761674687266,-2.46432437695126,3.601060684710098,false,false,NaN,NaN,NaN,NaN,n/a,n/a,false,false,NaN,NaN,n/a,n/a,false,NaN,NaN,0.0,
cifar10,cnn1,model_seed42_itr19_sgd_itr1,rotation,10.0,1,92,-3.788464061450213,6.693761674687266,-3.2617294152710965,4.509274713925683,false,false,NaN,NaN,NaN,NaN,n/a,n/a,false,false,NaN,NaN,n/a,n/a,false,NaN,NaN,0.0,
cifar10,cnn1,model_seed42_itr19_sgd_itr1,rotation,10.0,1,93,-3.788464061450213,6.693761674687266,-3.341825948778644,5.421676641546294,false,false,NaN,NaN,NaN,NaN,n/a,n/a,false,false,NaN,NaN,n/a,n/a,false,NaN,NaN,0.0,
cifar10,cnn1,model_seed42_itr19_sgd_itr1,rotation,10.0,1,94,-3.788464061450213,6.693761674687266,-2.9967971161551343,5.9020947293921875,false,false,NaN,NaN,NaN,NaN,n/a,n/a,false,false,NaN,NaN,n/a,n/a,false,NaN,NaN,0.0,
cifar10,cnn1,model_seed42_itr19_sgd_itr1,rotation,10.0,1,95,-3.788464061450213,6.693761674687266,-3.1978328176373547,6.103130430874407,false,false,NaN,NaN,NaN,NaN,n/a,n/a,false,false,NaN,NaN,n/a,n/a,false,NaN,NaN,0.0,
cifar10,cnn1,model_seed42_itr19_sgd_itr1,rotation,10.0,1,96,-3.788464061450213,6.693761674687266,-2.992180286795806,5.897477900032859,false,false,NaN,NaN,NaN,NaN,n/a,n/a,false,false,NaN,NaN,n/a,n/a,false,NaN,NaN,0.0,
cifar10,cnn1,model_seed42_itr19_sgd_itr1,rotation,10.0,1,97,-3.788464061450213,6.693761674687266,-3.188641196033982,6.093938809271036,false,false,NaN,NaN,NaN,NaN,n/a,n/a,false,false,NaN,NaN,n/a,n/a,false,NaN,NaN,0.0,
cifar10,cnn1,model_seed42_itr19_sgd_itr1,rotation,10.0,1,98,-3.788464061450213,6.693761674687266,-3.0051461711882324,5.9104437844252855,false,false,NaN,NaN,NaN,NaN,n/a,n/a,false,false,NaN,NaN,n/a,n/a,false,NaN,NaN,0.0,
cifar10,cnn1,model_seed42_itr19_sgd_itr1,rotation,10.0,1,99,-3.788464061450213,6.693761674687266,-3.218221820820879,6.123519434057933,false,false,NaN,NaN,NaN,NaN,n/a,n/a,false,false,NaN,NaN,n/a,n/a,false,NaN,NaN,0.0,
cifar10,cnn1,model_seed42_itr19_sgd_itr1,rotation,10.0,1,100,-3.788464061450213,6.693761674687266,-2.4227463128570568,3.0671205288324606,false,false,NaN,NaN,NaN,NaN,n/a,n/a,false,false,NaN,NaN,n/a,n/a,false,NaN,NaN,0.0,
cifar10,cnn1,model_seed42_itr19_sgd_itr1,rotation,10.0,1,101,-8.203707790700719,8.079587623476982,-4.053895172999504,2.0891103421908648,false,false,NaN,NaN,NaN,NaN,n/a,n/a,false,false,NaN,NaN,n/a,n/a,false,NaN,NaN,0.0,
cifar10,cnn1,model_seed42_itr19_sgd_itr1,rotation,10.0,1,102,-8.203707790700719,8.079587623476982,-7.506087821741028,7.381967654517291,false,false,NaN,NaN,NaN,NaN,n/a,n/a,false,false,NaN,NaN,n/a,n/a,false,NaN,NaN,0.0,
cifar10,cnn1,model_seed42_itr19_sgd_itr1,rotation,10.0,1,103,-8.203707790700719,8.079587623476982,-6.972082107526894,6.848004136797612,false,false,NaN,NaN,NaN,NaN,n/a,n/a,false,false,NaN,NaN,n/a,n/a,false,NaN,NaN,0.0,
cifar10,cnn1,model_seed42_itr19_sgd_itr1,rotation,10.0,1,104,-8.203707790700719,8.079587623476982,-7.50571697933877,7.381596812115033,false,false,NaN,NaN,NaN,NaN,n/a,n/a,false,false,NaN,NaN,n/a,n/a,false,NaN,NaN,0.0,
cifar10,cnn1,model_seed42_itr19_sgd_itr1,rotation,10.0,1,105,-8.203707790700719,8.079587623476982,-6.979472486111785,6.855352318888048,false,false,NaN,NaN,NaN,NaN,n/a,n/a,false,false,NaN,NaN,n/a,n/a,false,NaN,NaN,0.0,
cifar10,cnn1,model_seed42_itr19_sgd_itr1,rotation,10.0,1,106,-8.203707790700719,8.079587623476982,-7.642097236117691,4.052910010092304,false,false,NaN,NaN,NaN,NaN,n/a,n/a,false,false,NaN,NaN,n/a,n/a,false,NaN,NaN,0.0,
cifar10,cnn1,model_seed42_itr19_sgd_itr1,rotation,10.0,1,107,-8.203707790700719,8.079587623476982,-7.482684372638845,2.578459028102019,false,false,NaN,NaN,NaN,NaN,n/a,n/a,false,false,NaN,NaN,n/a,n/a,false,NaN,NaN,0.0,
cifar10,cnn1,model_seed42_itr19_sgd_itr1,rotation,10.0,1,108,-8.203707790700719,8.079587623476982,-6.4851540784747925,1.963142531358229,false,false,NaN,NaN,NaN,NaN,n/a,n/a,false,false,NaN,NaN,n/a,n/a,false,NaN,NaN,0.0,
cifar10,cnn1,model_seed42_itr19_sgd_itr1,rotation,10.0,1,109,-8.203707790700719,8.079587623476982,-6.393795655486945,1.537885072320539,false,false,NaN,NaN,NaN,NaN,n/a,n/a,false,false,NaN,NaN,n/a,n/a,false,NaN,NaN,0.0,
cifar10,cnn1,model_seed42_itr19_sgd_itr1,rotation,10.0,1,110,-8.203707790700719,8.079587623476982,-4.993925552563683,0.8419934881198559,false,false,NaN,NaN,NaN,NaN,n/a,n/a,false,false,NaN,NaN,n/a,n/a,false,NaN,NaN,0.0,
cifar10,cnn1,model_seed42_itr19_sgd_itr1,rotation,10.0,1,111,-8.203707790700719,8.079587623476982,-4.546198290492376,3.839571811909755,false,false,NaN,NaN,NaN,NaN,n/a,n/a,false,false,NaN,NaN,n/a,n/a,false,NaN,NaN,0.0,
cifar10,cnn1,model_seed42_itr19_sgd_itr1,rotation,10.0,1,112,-8.203707790700719,8.079587623476982,-7.494566063877235,7.370445896653499,false,false,NaN,NaN,NaN,NaN,n/a,n/a,false,false,NaN,NaN,n/a,n/a,false,NaN,NaN,0.0,
cifar10,cnn1,model_seed42_itr19_sgd_itr1,rotation,10.0,1,113,-8.203707790700719,8.079587623476982,-6.9887439791872366,6.864623811963499,false,false,NaN,NaN,NaN,NaN,n/a,n/a,false,false,NaN,NaN,n/a,n/a,false,NaN,NaN,0.0,
cifar10,cnn1,model_seed42_itr19_sgd_itr1,rotation,10.0,1,114,-8.203707790700719,8.079587623476982,-7.559009147602612,7.434888980378876,false,false,NaN,NaN,NaN,NaN,n/a,n/a,false,false,NaN,NaN,n/a,n/a,false,NaN,NaN,0.0,
cifar10,cnn1,model_seed42_itr19_sgd_itr1,rotation,10.0,1,115,-8.203707790700719,8.079587623476982,-6.97228870258148,6.848168535357743,false,false,NaN,NaN,NaN,NaN,n/a,n/a,false,false,NaN,NaN,n/a,n/a,false,NaN,NaN,0.0,
cifar10,cnn1,model_seed42_itr19_sgd_itr1,rotation,10.0,1,116,-8.203707790700719,8.079587623476982,-7.4808385413409955,7.356718374117259,false,false,NaN,NaN,NaN,NaN,n/a,n/a,false,false,NaN,NaN,n/a,n/a,false,NaN,NaN,0.0,
cifar10,cnn1,model_seed42_itr19_sgd_itr1,rotation,10.0,1,117,-8.203707790700719,8.079587623476982,-7.037603126391213,6.913482959167476,false,false,NaN,NaN,NaN,NaN,n/a,n/a,false,false,NaN,NaN,n/a,n/a,false,NaN,NaN,0.0,
cifar10,cnn1,model_seed42_itr19_sgd_itr1,rotation,10.0,1,118,-8.203707790700719,8.079587623476982,-7.410563455588001,7.286443288364264,false,false,NaN,NaN,NaN,NaN,n/a,n/a,false,false,NaN,NaN,n/a,n/a,false,NaN,NaN,0.0,
cifar10,cnn1,model_seed42_itr19_sgd_itr1,rotation,10.0,1,119,-8.203707790700719,8.079587623476982,-7.125587633364727,7.0014674661409915,false,false,NaN,NaN,NaN,NaN,n/a,n/a,false,false,NaN,NaN,n/a,n/a,false,NaN,NaN,0.0,
cifar10,cnn1,model_seed42_itr19_sgd_itr1,rotation,10.0,1,120,-8.203707790700719,8.079587623476982,-7.339705982043365,7.2161793768083005,false,false,NaN,NaN,NaN,NaN,n/a,n/a,false,false,NaN,NaN,n/a,n/a,false,NaN,NaN,0.0,
cifar10,cnn1,model_seed42_itr19_sgd_itr1,rotation,10.0,1,121,-8.203707790700719,8.079587623476982,-6.155970151073689,3.851118704772943,false,false,NaN,NaN,NaN,NaN,n/a,n/a,false,false,NaN,NaN,n/a,n/a,false,NaN,NaN,0.0,
cifar10,cnn1,model_seed42_itr19_sgd_itr1,rotation,10.0,1,122,-8.203707790700719,8.079587623476982,-7.498728271377429,7.374608104153691,false,false,NaN,NaN,NaN,NaN,n/a,n/a,false,false,NaN,NaN,n/a,n/a,false,NaN,NaN,0.0,
cifar10,cnn1,model_seed42_itr19_sgd_itr1,rotation,10.0,1,123,-8.203707790700719,8.079587623476982,-7.0160161879184315,6.891896020694695,false,false,NaN,NaN,NaN,NaN,n/a,n/a,false,false,NaN,NaN,n/a,n/a,false,NaN,NaN,0.0,
cifar10,cnn1,model_seed42_itr19_sgd_itr1,rotation,10.0,1,124,-8.203707790700719,8.079587623476982,-7.464666184161661,7.3410762147415465,false,false,NaN,NaN,NaN,NaN,n/a,n/a,false,false,NaN,NaN,n/a,n/a,false,NaN,NaN,0.0,
cifar10,cnn1,model_seed42_itr19_sgd_itr1,rotation,10.0,1,125,-8.203707790700719,8.079587623476982,-7.10790030548026,6.983780138256523,false,false,NaN,NaN,NaN,NaN,n/a,n/a,false,false,NaN,NaN,n/a,n/a,false,NaN,NaN,0.0,
cifar10,cnn1,model_seed42_itr19_sgd_itr1,rotation,10.0,1,126,-8.203707790700719,8.079587623476982,-7.415602947001627,7.2914827797778905,false,false,NaN,NaN,NaN,NaN,n/a,n/a,false,false,NaN,NaN,n/a,n/a,false,NaN,NaN,0.0,
cifar10,cnn1,model_seed42_itr19_sgd_itr1,rotation,10.0,1,127,-8.203707790700719,8.079587623476982,-7.172016077366111,7.047895910142374,false,false,NaN,NaN,NaN,NaN,n/a,n/a,false,false,NaN,NaN,n/a,n/a,false,NaN,NaN,0.0,
cifar10,cnn1,model_seed42_itr19_sgd_itr1,rotation,10.0,1,128,-8.203707790700719,8.079587623476982,-7.3538061691015955,7.229686001877859,false,false,NaN,NaN,NaN,NaN,n/a,n/a,false,false,NaN,NaN,n/a,n/a,false,NaN,NaN,0.0,
cifar10,cnn1,model_seed42_itr19_sgd_itr1,rotation,10.0,1,129,-8.203707790700719,8.079587623476982,-7.243508636866105,7.119388469642368,false,false,NaN,NaN,NaN,NaN,n/a,n/a,false,false,NaN,NaN,n/a,n/a,false,NaN,NaN,0.0,
cifar10,cnn1,model_seed42_itr19_sgd_itr1,rotation,10.0,1,130,-8.203707790700719,8.079587623476982,-7.295654312226654,7.171534145002919,false,false,NaN,NaN,NaN,NaN,n/a,n/a,false,false,NaN,NaN,n/a,n/a,false,NaN,NaN,0.0,
cifar10,cnn1,model_seed42_itr19_sgd_itr1,rotation,10.0,1,131,-8.203707790700719,8.079587623476982,-6.540437943825271,5.86818806902669,false,false,NaN,NaN,NaN,NaN,n/a,n/a,false,false,NaN,NaN,n/a,n/a,false,NaN,NaN,0.0,
cifar10,cnn1,model_seed42_itr19_sgd_itr1,rotation,10.0,1,132,-8.203707790700719,8.079587623476982,-7.486980823409453,7.362860656185715,false,false,NaN,NaN,NaN,NaN,n/a,n/a,false,false,NaN,NaN,n/a,n/a,false,NaN,NaN,0.0,
cifar10,cnn1,model_seed42_itr19_sgd_itr1,rotation,10.0,1,133,-8.203707790700719,8.079587623476982,-7.072370402825894,6.948250235602156,false,false,NaN,NaN,NaN,NaN,n/a,n/a,false,false,NaN,NaN,n/a,n/a,false,NaN,NaN,0.0,
cifar10,cnn1,model_seed42_itr19_sgd_itr1,rotation,10.0,1,134,-8.203707790700719,8.079587623476982,-7.476901078372374,7.3527809111486375,false,false,NaN,NaN,NaN,NaN,n/a,n/a,false,false,NaN,NaN,n/a,n/a,false,NaN,NaN,0.0,
cifar10,cnn1,model_seed42_itr19_sgd_itr1,rotation,10.0,1,135,-8.203707790700719,8.079587623476982,-7.173196126630798,7.0490759594070616,false,false,NaN,NaN,NaN,NaN,n/a,n/a,false,false,NaN,NaN,n/a,n/a,false,NaN,NaN,0.0,
cifar10,cnn1,model_seed42_itr19_sgd_itr1,rotation,10.0,1,136,-8.203707790700719,8.079587623476982,-7.397391680116456,7.27327151289272,false,false,NaN,NaN,NaN,NaN,n/a,n/a,false,false,NaN,NaN,n/a,n/a,false,NaN,NaN,0.0,
cifar10,cnn1,model_seed42_itr19_sgd_itr1,rotation,10.0,1,137,-8.203707790700719,8.079587623476982,-7.244313275835406,7.120193108611669,false,false,NaN,NaN,NaN,NaN,n/a,n/a,false,false,NaN,NaN,n/a,n/a,false,NaN,NaN,0.0,
cifar10,cnn1,model_seed42_itr19_sgd_itr1,rotation,10.0,1,138,-8.203707790700719,8.079587623476982,-7.3257324426599295,7.201594811802425,false,false,NaN,NaN,NaN,NaN,n/a,n/a,false,false,NaN,NaN,n/a,n/a,false,NaN,NaN,0.0,
cifar10,cnn1,model_seed42_itr19_sgd_itr1,rotation,10.0,1,139,-8.203707790700719,8.079587623476982,-7.3482790377019285,7.224158870478191,false,false,NaN,NaN,NaN,NaN,n/a,n/a,false,false,NaN,NaN,n/a,n/a,false,NaN,NaN,0.0,
cifar10,cnn1,model_seed42_itr19_sgd_itr1,rotation,10.0,1,140,-8.203707790700719,8.079587623476982,-7.2446171930814725,7.120497025857735,false,false,NaN,NaN,NaN,NaN,n/a,n/a,false,false,NaN,NaN,n/a,n/a,false,NaN,NaN,0.0,
cifar10,cnn1,model_seed42_itr19_sgd_itr1,rotation,10.0,1,141,-8.203707790700719,8.079587623476982,-7.022236755601121,6.704350780480532,false,false,NaN,NaN,NaN,NaN,n/a,n/a,false,false,NaN,NaN,n/a,n/a,false,NaN,NaN,0.0,
cifar10,cnn1,model_seed42_itr19_sgd_itr1,rotation,10.0,1,142,-8.203707790700719,8.079587623476982,-7.403244187715238,7.279124020491501,false,false,NaN,NaN,NaN,NaN,n/a,n/a,false,false,NaN,NaN,n/a,n/a,false,NaN,NaN,0.0,
cifar10,cnn1,model_seed42_itr19_sgd_itr1,rotation,10.0,1,143,-8.203707790700719,8.079587623476982,-7.198217311482907,7.074097144259172,false,false,NaN,NaN,NaN,NaN,n/a,n/a,false,false,NaN,NaN,n/a,n/a,false,NaN,NaN,0.0,
cifar10,cnn1,model_seed42_itr19_sgd_itr1,rotation,10.0,1,144,-8.203707790700719,8.079587623476982,-7.342274860526844,7.2181546933031075,false,false,NaN,NaN,NaN,NaN,n/a,n/a,false,false,NaN,NaN,n/a,n/a,false,NaN,NaN,0.0,
cifar10,cnn1,model_seed42_itr19_sgd_itr1,rotation,10.0,1,145,-8.203707790700719,8.079587623476982,-7.307543906226677,7.18342373900294,false,false,NaN,NaN,NaN,NaN,n/a,n/a,false,false,NaN,NaN,n/a,n/a,false,NaN,NaN,0.0,
cifar10,cnn1,model_seed42_itr19_sgd_itr1,rotation,10.0,1,146,-8.203707790700719,8.079587623476982,-7.3046622131058,7.1805420458820635,false,false,NaN,NaN,NaN,NaN,n/a,n/a,false,false,NaN,NaN,n/a,n/a,false,NaN,NaN,0.0,
cifar10,cnn1,model_seed42_itr19_sgd_itr1,rotation,10.0,1,147,-8.203707790700719,8.079587623476982,-7.371750141011191,7.247629973787453,false,false,NaN,NaN,NaN,NaN,n/a,n/a,false,false,NaN,NaN,n/a,n/a,false,NaN,NaN,0.0,
cifar10,cnn1,model_seed42_itr19_sgd_itr1,rotation,10.0,1,148,-8.203707790700719,8.079587623476982,-7.2232435377839215,7.099123370560186,false,false,NaN,NaN,NaN,NaN,n/a,n/a,false,false,NaN,NaN,n/a,n/a,false,NaN,NaN,0.0,
cifar10,cnn1,model_seed42_itr19_sgd_itr1,rotation,10.0,1,149,-8.203707790700719,8.079587623476982,-7.381331008513624,7.257850094221151,false,false,NaN,NaN,NaN,NaN,n/a,n/a,false,false,NaN,NaN,n/a,n/a,false,NaN,NaN,0.0,
cifar10,cnn1,model_seed42_itr19_sgd_itr1,rotation,10.0,1,150,-8.203707790700719,8.079587623476982,-7.128027134558803,7.003906967335065,false,false,NaN,NaN,NaN,NaN,n/a,n/a,false,false,NaN,NaN,n/a,n/a,false,NaN,NaN,0.0,
cifar10,cnn1,model_seed42_itr19_sgd_itr1,rotation,10.0,1,151,-8.203707790700719,8.079587623476982,-7.16213168728677,7.0380115200630335,false,false,NaN,NaN,NaN,NaN,n/a,n/a,false,false,NaN,NaN,n/a,n/a,false,NaN,NaN,0.0,
cifar10,cnn1,model_seed42_itr19_sgd_itr1,rotation,10.0,1,152,-8.203707790700719,8.079587623476982,-7.344000805627616,7.21988063840388,false,false,NaN,NaN,NaN,NaN,n/a,n/a,false,false,NaN,NaN,n/a,n/a,false,NaN,NaN,0.0,
cifar10,cnn1,model_seed42_itr19_sgd_itr1,rotation,10.0,1,153,-8.203707790700719,8.079587623476982,-7.257137529114546,7.1330173618908095,false,false,NaN,NaN,NaN,NaN,n/a,n/a,false,false,NaN,NaN,n/a,n/a,false,NaN,NaN,0.0,
cifar10,cnn1,model_seed42_itr19_sgd_itr1,rotation,10.0,1,154,-8.203707790700719,8.079587623476982,-7.346774559861983,7.222000599880633,false,false,NaN,NaN,NaN,NaN,n/a,n/a,false,false,NaN,NaN,n/a,n/a,false,NaN,NaN,0.0,
cifar10,cnn1,model_seed42_itr19_sgd_itr1,rotation,10.0,1,155,-8.203707790700719,8.079587623476982,-7.368702452144414,7.244582284920678,false,false,NaN,NaN,NaN,NaN,n/a,n/a,false,false,NaN,NaN,n/a,n/a,false,NaN,NaN,0.0,
cifar10,cnn1,model_seed42_itr19_sgd_itr1,rotation,10.0,1,156,-8.203707790700719,8.079587623476982,-7.330874790826332,7.206754623602596,false,false,NaN,NaN,NaN,NaN,n/a,n/a,false,false,NaN,NaN,n/a,n/a,false,NaN,NaN,0.0,
cifar10,cnn1,model_seed42_itr19_sgd_itr1,rotation,10.0,1,157,-8.203707790700719,8.079587623476982,-7.385917172990894,7.261797005767157,false,false,NaN,NaN,NaN,NaN,n/a,n/a,false,false,NaN,NaN,n/a,n/a,false,NaN,NaN,0.0,
cifar10,cnn1,model_seed42_itr19_sgd_itr1,rotation,10.0,1,158,-8.203707790700719,8.079587623476982,-7.162975269909763,7.038855102686027,false,false,NaN,NaN,NaN,NaN,n/a,n/a,false,false,NaN,NaN,n/a,n/a,false,NaN,NaN,0.0,
cifar10,cnn1,model_seed42_itr19_sgd_itr1,rotation,10.0,1,159,-8.203707790700719,8.079587623476982,-7.4405413806632446,7.316421213439508,false,false,NaN,NaN,NaN,NaN,n/a,n/a,false,false,NaN,NaN,n/a,n/a,false,NaN,NaN,0.0,
cifar10,cnn1,model_seed42_itr19_sgd_itr1,rotation,10.0,1,160,-8.203707790700719,8.079587623476982,-7.05112494631486,6.927004779091124,false,false,NaN,NaN,NaN,NaN,n/a,n/a,false,false,NaN,NaN,n/a,n/a,false,NaN,NaN,0.0,
cifar10,cnn1,model_seed42_itr19_sgd_itr1,rotation,10.0,1,161,-8.203707790700719,8.079587623476982,-7.289246568538857,7.1651264013151215,false,false,NaN,NaN,NaN,NaN,n/a,n/a,false,false,NaN,NaN,n/a,n/a,false,NaN,NaN,0.0,
cifar10,cnn1,model_seed42_itr19_sgd_itr1,rotation,10.0,1,162,-8.203707790700719,8.079587623476982,-7.288640950843456,7.164542730284268,false,false,NaN,NaN,NaN,NaN,n/a,n/a,false,false,NaN,NaN,n/a,n/a,false,NaN,NaN,0.0,
cifar10,cnn1,model_seed42_itr19_sgd_itr1,rotation,10.0,1,163,-8.203707790700719,8.079587623476982,-7.400817464047989,7.276697296824253,false,false,NaN,NaN,NaN,NaN,n/a,n/a,false,false,NaN,NaN,n/a,n/a,false,NaN,NaN,0.0,
cifar10,cnn1,model_seed42_itr19_sgd_itr1,rotation,10.0,1,164,-8.203707790700719,8.079587623476982,-7.207976776695844,7.084014168198812,false,false,NaN,NaN,NaN,NaN,n/a,n/a,false,false,NaN,NaN,n/a,n/a,false,NaN,NaN,0.0,
cifar10,cnn1,model_seed42_itr19_sgd_itr1,rotation,10.0,1,165,-8.203707790700719,8.079587623476982,-7.405652052752721,7.281531885528984,false,false,NaN,NaN,NaN,NaN,n/a,n/a,false,false,NaN,NaN,n/a,n/a,false,NaN,NaN,0.0,
cifar10,cnn1,model_seed42_itr19_sgd_itr1,rotation,10.0,1,166,-8.203707790700719,8.079587623476982,-7.145233815389813,7.021113648166076,false,false,NaN,NaN,NaN,NaN,n/a,n/a,false,false,NaN,NaN,n/a,n/a,false,NaN,NaN,0.0,
cifar10,cnn1,model_seed42_itr19_sgd_itr1,rotation,10.0,1,167,-8.203707790700719,8.079587623476982,-7.457153540380737,7.333033373157001,false,false,NaN,NaN,NaN,NaN,n/a,n/a,false,false,NaN,NaN,n/a,n/a,false,NaN,NaN,0.0,
cifar10,cnn1,model_seed42_itr19_sgd_itr1,rotation,10.0,1,168,-8.203707790700719,8.079587623476982,-7.060396311428823,6.936276144205086,false,false,NaN,NaN,NaN,NaN,n/a,n/a,false,false,NaN,NaN,n/a,n/a,false,NaN,NaN,0.0,
cifar10,cnn1,model_seed42_itr19_sgd_itr1,rotation,10.0,1,169,-8.203707790700719,8.079587623476982,-7.484189982062679,7.360069814838942,false,false,NaN,NaN,NaN,NaN,n/a,n/a,false,false,NaN,NaN,n/a,n/a,false,NaN,NaN,0.0,
cifar10,cnn1,model_seed42_itr19_sgd_itr1,rotation,10.0,1,170,-8.203707790700719,8.079587623476982,-7.024134764733687,6.9000145975099505,false,false,NaN,NaN,NaN,NaN,n/a,n/a,false,false,NaN,NaN,n/a,n/a,false,NaN,NaN,0.0,
cifar10,cnn1,model_seed42_itr19_sgd_itr1,rotation,10.0,1,171,-8.203707790700719,8.079587623476982,-7.348126431838189,7.224006264614452,false,false,NaN,NaN,NaN,NaN,n/a,n/a,false,false,NaN,NaN,n/a,n/a,false,NaN,NaN,0.0,
cifar10,cnn1,model_seed42_itr19_sgd_itr1,rotation,10.0,1,172,-8.203707790700719,8.079587623476982,-7.196400572253345,7.072280405029608,false,false,NaN,NaN,NaN,NaN,n/a,n/a,false,false,NaN,NaN,n/a,n/a,false,NaN,NaN,0.0,
cifar10,cnn1,model_seed42_itr19_sgd_itr1,rotation,10.0,1,173,-8.203707790700719,8.079587623476982,-7.375381670052976,7.251261502829238,false,false,NaN,NaN,NaN,NaN,n/a,n/a,false,false,NaN,NaN,n/a,n/a,false,NaN,NaN,0.0,
cifar10,cnn1,model_seed42_itr19_sgd_itr1,rotation,10.0,1,174,-8.203707790700719,8.079587623476982,-7.179101588958769,7.054981421735032,false,false,NaN,NaN,NaN,NaN,n/a,n/a,false,false,NaN,NaN,n/a,n/a,false,NaN,NaN,0.0,
cifar10,cnn1,model_seed42_itr19_sgd_itr1,rotation,10.0,1,175,-8.203707790700719,8.079587623476982,-7.41651747817055,7.292397310946813,false,false,NaN,NaN,NaN,NaN,n/a,n/a,false,false,NaN,NaN,n/a,n/a,false,NaN,NaN,0.0,
cifar10,cnn1,model_seed42_itr19_sgd_itr1,rotation,10.0,1,176,-8.203707790700719,8.079587623476982,-7.159344338529254,7.035224171305519,false,false,NaN,NaN,NaN,NaN,n/a,n/a,false,false,NaN,NaN,n/a,n/a,false,NaN,NaN,0.0,
cifar10,cnn1,model_seed42_itr19_sgd_itr1,rotation,10.0,1,177,-8.203707790700719,8.079587623476982,-7.519577335625794,7.395923576668016,false,false,NaN,NaN,NaN,NaN,n/a,n/a,false,false,NaN,NaN,n/a,n/a,false,NaN,NaN,0.0,
cifar10,cnn1,model_seed42_itr19_sgd_itr1,rotation,10.0,1,178,-8.203707790700719,8.079587623476982,-7.0155139688584764,6.89139380163474,false,false,NaN,NaN,NaN,NaN,n/a,n/a,false,false,NaN,NaN,n/a,n/a,false,NaN,NaN,0.0,
cifar10,cnn1,model_seed42_itr19_sgd_itr1,rotation,10.0,1,179,-8.203707790700719,8.079587623476982,-7.526367337285047,7.402247170061311,false,false,NaN,NaN,NaN,NaN,n/a,n/a,false,false,NaN,NaN,n/a,n/a,false,NaN,NaN,0.0,
cifar10,cnn1,model_seed42_itr19_sgd_itr1,rotation,10.0,1,180,-8.203707790700719,8.079587623476982,-4.534020048874899,6.712371638586282,false,false,NaN,NaN,NaN,NaN,n/a,n/a,false,false,NaN,NaN,n/a,n/a,false,NaN,NaN,0.0,
cifar10,cnn1,model_seed42_itr19_sgd_itr1,rotation,10.0,1,181,-8.203707790700719,8.079587623476982,-7.395649184065766,7.271529016842029,false,false,NaN,NaN,NaN,NaN,n/a,n/a,false,false,NaN,NaN,n/a,n/a,false,NaN,NaN,0.0,
cifar10,cnn1,model_seed42_itr19_sgd_itr1,rotation,10.0,1,182,-8.203707790700719,8.079587623476982,-7.102314083868442,6.978193916644705,false,false,NaN,NaN,NaN,NaN,n/a,n/a,false,false,NaN,NaN,n/a,n/a,false,NaN,NaN,0.0,
cifar10,cnn1,model_seed42_itr19_sgd_itr1,rotation,10.0,1,183,-8.203707790700719,8.079587623476982,-7.466047535829522,7.341927368605786,false,false,NaN,NaN,NaN,NaN,n/a,n/a,false,false,NaN,NaN,n/a,n/a,false,NaN,NaN,0.0,
cifar10,cnn1,model_seed42_itr19_sgd_itr1,rotation,10.0,1,184,-8.203707790700719,8.079587623476982,-7.043551715992886,6.919431548769149,false,false,NaN,NaN,NaN,NaN,n/a,n/a,false,false,NaN,NaN,n/a,n/a,false,NaN,NaN,0.0,
cifar10,cnn1,model_seed42_itr19_sgd_itr1,rotation,10.0,1,185,-8.203707790700719,8.079587623476982,-7.506525210045256,7.382405042821519,false,false,NaN,NaN,NaN,NaN,n/a,n/a,false,false,NaN,NaN,n/a,n/a,false,NaN,NaN,0.0,
cifar10,cnn1,model_seed42_itr19_sgd_itr1,rotation,10.0,1,186,-8.203707790700719,8.079587623476982,-6.9989060710569095,6.874785903833174,false,false,NaN,NaN,NaN,NaN,n/a,n/a,false,false,NaN,NaN,n/a,n/a,false,NaN,NaN,0.0,
cifar10,cnn1,model_seed42_itr19_sgd_itr1,rotation,10.0,1,187,-8.203707790700719,8.079587623476982,-7.533428471336458,7.40930830411272,false,false,NaN,NaN,NaN,NaN,n/a,n/a,false,false,NaN,NaN,n/a,n/a,false,NaN,NaN,0.0,
cifar10,cnn1,model_seed42_itr19_sgd_itr1,rotation,10.0,1,188,-8.203707790700719,8.079587623476982,-6.995653289598382,6.871533122374645,false,false,NaN,NaN,NaN,NaN,n/a,n/a,false,false,NaN,NaN,n/a,n/a,false,NaN,NaN,0.0,
cifar10,cnn1,model_seed42_itr19_sgd_itr1,rotation,10.0,1,189,-8.203707790700719,8.079587623476982,-7.491860674346408,7.367740507122671,false,false,NaN,NaN,NaN,NaN,n/a,n/a,false,false,NaN,NaN,n/a,n/a,false,NaN,NaN,0.0,
cifar10,cnn1,model_seed42_itr19_sgd_itr1,rotation,10.0,1,190,-8.203707790700719,8.079587623476982,-4.376071185429137,4.883677402368304,false,false,NaN,NaN,NaN,NaN,n/a,n/a,false,false,NaN,NaN,n/a,n/a,false,NaN,NaN,0.0,
cifar10,cnn1,model_seed42_itr19_sgd_itr1,rotation,10.0,1,191,-8.203707790700719,8.079587623476982,-1.6591845366856797,5.947287886192535,false,false,NaN,NaN,NaN,NaN,n/a,n/a,false,false,NaN,NaN,n/a,n/a,false,NaN,NaN,0.0,
cifar10,cnn1,model_seed42_itr19_sgd_itr1,rotation,10.0,1,192,-8.203707790700719,8.079587623476982,-2.2006313923830843,7.29182007020253,false,false,NaN,NaN,NaN,NaN,n/a,n/a,false,false,NaN,NaN,n/a,n/a,false,NaN,NaN,0.0,
cifar10,cnn1,model_seed42_itr19_sgd_itr1,rotation,10.0,1,193,-8.203707790700719,8.079587623476982,-5.567785912078438,7.467131452752842,false,false,NaN,NaN,NaN,NaN,n/a,n/a,false,false,NaN,NaN,n/a,n/a,false,NaN,NaN,0.0,
cifar10,cnn1,model_seed42_itr19_sgd_itr1,rotation,10.0,1,194,-8.203707790700719,8.079587623476982,-7.026239658914793,6.902119491691057,false,false,NaN,NaN,NaN,NaN,n/a,n/a,false,false,NaN,NaN,n/a,n/a,false,NaN,NaN,0.0,
cifar10,cnn1,model_seed42_itr19_sgd_itr1,rotation,10.0,1,195,-8.203707790700719,8.079587623476982,-7.483378107761995,7.359257940538258,false,false,NaN,NaN,NaN,NaN,n/a,n/a,false,false,NaN,NaN,n/a,n/a,false,NaN,NaN,0.0,
cifar10,cnn1,model_seed42_itr19_sgd_itr1,rotation,10.0,1,196,-8.203707790700719,8.079587623476982,-6.991004147127684,6.866883979903948,false,false,NaN,NaN,NaN,NaN,n/a,n/a,false,false,NaN,NaN,n/a,n/a,false,NaN,NaN,0.0,
cifar10,cnn1,model_seed42_itr19_sgd_itr1,rotation,10.0,1,197,-8.203707790700719,8.079587623476982,-7.537559500454183,7.413439333230445,false,false,NaN,NaN,NaN,NaN,n/a,n/a,false,false,NaN,NaN,n/a,n/a,false,NaN,NaN,0.0,
cifar10,cnn1,model_seed42_itr19_sgd_itr1,rotation,10.0,1,198,-8.203707790700719,8.079587623476982,-6.9712968516301554,6.84717668440642,false,false,NaN,NaN,NaN,NaN,n/a,n/a,false,false,NaN,NaN,n/a,n/a,false,NaN,NaN,0.0,
cifar10,cnn1,model_seed42_itr19_sgd_itr1,rotation,10.0,1,199,-8.203707790700719,8.079587623476982,-7.508156058537901,7.384035891314165,false,false,NaN,NaN,NaN,NaN,n/a,n/a,false,false,NaN,NaN,n/a,n/a,false,NaN,NaN,0.0,
cifar10,cnn1,model_seed42_itr19_sgd_itr1,rotation,10.0,1,200,-8.203707790700719,8.079587623476982,-2.21101272960809,4.530286571408259,false,false,NaN,NaN,NaN,NaN,n/a,n/a,false,false,NaN,NaN,n/a,n/a,false,NaN,NaN,0.0,
cifar10,cnn1,model_seed42_itr19_sgd_itr1,rotation,10.0,1,201,-0.007634494946614723,0.0025161929546300144,-0.0024421307360639128,0.0006038203544916851,false,false,NaN,NaN,NaN,NaN,n/a,n/a,false,false,NaN,NaN,n/a,n/a,false,NaN,NaN,0.0,
cifar10,cnn1,model_seed42_itr19_sgd_itr1,rotation,10.0,1,202,-0.007634494946614723,0.0025161929546300144,-0.006740676379812644,0.001622380259142977,false,false,NaN,NaN,NaN,NaN,n/a,n/a,false,false,NaN,NaN,n/a,n/a,false,NaN,NaN,0.0,
cifar10,cnn1,model_seed42_itr19_sgd_itr1,rotation,10.0,1,203,-0.007634494946614723,0.0025161929546300144,-0.006588372324406696,0.0014705419619435193,false,false,NaN,NaN,NaN,NaN,n/a,n/a,false,false,NaN,NaN,n/a,n/a,false,NaN,NaN,0.0,
cifar10,cnn1,model_seed42_itr19_sgd_itr1,rotation,10.0,1,204,-0.007634494946614723,0.0025161929546300144,-0.00675276819090027,0.0016344661989155622,false,false,NaN,NaN,NaN,NaN,n/a,n/a,false,false,NaN,NaN,n/a,n/a,false,NaN,NaN,0.0,
cifar10,cnn1,model_seed42_itr19_sgd_itr1,rotation,10.0,1,205,-0.007634494946614723,0.0025161929546300144,-0.006559991638541041,0.0014416896465563318,false,false,NaN,NaN,NaN,NaN,n/a,n/a,false,false,NaN,NaN,n/a,n/a,false,NaN,NaN,0.0,
cifar10,cnn1,model_seed42_itr19_sgd_itr1,rotation,10.0,1,206,-0.007634494946614723,0.0025161929546300144,-0.0057919135630776645,0.0011163042754753088,false,false,NaN,NaN,NaN,NaN,n/a,n/a,false,false,NaN,NaN,n/a,n/a,false,NaN,NaN,0.0,
cifar10,cnn1,model_seed42_itr19_sgd_itr1,rotation,10.0,1,207,-0.007634494946614723,0.0025161929546300144,-0.005378912703964396,0.0005239844650938252,false,false,NaN,NaN,NaN,NaN,n/a,n/a,false,false,NaN,NaN,n/a,n/a,false,NaN,NaN,0.0,
cifar10,cnn1,model_seed42_itr19_sgd_itr1,rotation,10.0,1,208,-0.007634494946614723,0.0025161929546300144,-0.004351397472971712,0.0004619877399375127,false,false,NaN,NaN,NaN,NaN,n/a,n/a,false,false,NaN,NaN,n/a,n/a,false,NaN,NaN,0.0,
cifar10,cnn1,model_seed42_itr19_sgd_itr1,rotation,10.0,1,209,-0.007634494946614723,0.0025161929546300144,-0.003773831420419099,0.000380724276838889,false,false,NaN,NaN,NaN,NaN,n/a,n/a,false,false,NaN,NaN,n/a,n/a,false,NaN,NaN,0.0,
cifar10,cnn1,model_seed42_itr19_sgd_itr1,rotation,10.0,1,210,-0.007634494946614723,0.0025161929546300144,-0.0021788831698011293,0.0003852348416026616,false,false,NaN,NaN,NaN,NaN,n/a,n/a,false,false,NaN,NaN,n/a,n/a,false,NaN,NaN,0.0,
cifar10,cnn1,model_seed42_itr19_sgd_itr1,rotation,10.0,1,211,-0.007634494946614723,0.0025161929546300144,-0.0031868774773769963,0.0007187259003998897,false,false,NaN,NaN,NaN,NaN,n/a,n/a,false,false,NaN,NaN,n/a,n/a,false,NaN,NaN,0.0,
cifar10,cnn1,model_seed42_itr19_sgd_itr1,rotation,10.0,1,212,-0.007634494946614723,0.0025161929546300144,-0.006444259937827136,0.0013259579458424274,false,false,NaN,NaN,NaN,NaN,n/a,n/a,false,false,NaN,NaN,n/a,n/a,false,NaN,NaN,0.0,
cifar10,cnn1,model_seed42_itr19_sgd_itr1,rotation,10.0,1,213,-0.007634494946614723,0.0025161929546300144,-0.006350233799825335,0.001231931807840627,false,false,NaN,NaN,NaN,NaN,n/a,n/a,false,false,NaN,NaN,n/a,n/a,false,NaN,NaN,0.0,
cifar10,cnn1,model_seed42_itr19_sgd_itr1,rotation,10.0,1,214,-0.007634494946614723,0.0025161929546300144,-0.006546719710278587,0.0014284177182938788,false,false,NaN,NaN,NaN,NaN,n/a,n/a,false,false,NaN,NaN,n/a,n/a,false,NaN,NaN,0.0,
cifar10,cnn1,model_seed42_itr19_sgd_itr1,rotation,10.0,1,215,-0.007634494946614723,0.0025161929546300144,-0.006319844265250706,0.0012015422732659976,false,false,NaN,NaN,NaN,NaN,n/a,n/a,false,false,NaN,NaN,n/a,n/a,false,NaN,NaN,0.0,
cifar10,cnn1,model_seed42_itr19_sgd_itr1,rotation,10.0,1,216,-0.007634494946614723,0.0025161929546300144,-0.006590131803769503,0.0014718298117847952,false,false,NaN,NaN,NaN,NaN,n/a,n/a,false,false,NaN,NaN,n/a,n/a,false,NaN,NaN,0.0,
cifar10,cnn1,model_seed42_itr19_sgd_itr1,rotation,10.0,1,217,-0.007634494946614723,0.0025161929546300144,-0.006313682594987069,0.001195380603002361,false,false,NaN,NaN,NaN,NaN,n/a,n/a,false,false,NaN,NaN,n/a,n/a,false,NaN,NaN,0.0,
cifar10,cnn1,model_seed42_itr19_sgd_itr1,rotation,10.0,1,218,-0.007634494946614723,0.0025161929546300144,-0.006680061158897159,0.0015617591669124507,false,false,NaN,NaN,NaN,NaN,n/a,n/a,false,false,NaN,NaN,n/a,n/a,false,NaN,NaN,0.0,
cifar10,cnn1,model_seed42_itr19_sgd_itr1,rotation,10.0,1,219,-0.007634494946614723,0.0025161929546300144,-0.006404219946646323,0.001285917954661615,false,false,NaN,NaN,NaN,NaN,n/a,n/a,false,false,NaN,NaN,n/a,n/a,false,NaN,NaN,0.0,
cifar10,cnn1,model_seed42_itr19_sgd_itr1,rotation,10.0,1,220,-0.007634494946614723,0.0025161929546300144,-0.006695094351896482,0.0015767923599117734,false,false,NaN,NaN,NaN,NaN,n/a,n/a,false,false,NaN,NaN,n/a,n/a,false,NaN,NaN,0.0,
cifar10,cnn1,model_seed42_itr19_sgd_itr1,rotation,10.0,1,221,-0.007634494946614723,0.0025161929546300144,-0.0039892406977521735,0.0007301927609439729,false,false,NaN,NaN,NaN,NaN,n/a,n/a,false,false,NaN,NaN,n/a,n/a,false,NaN,NaN,0.0,
cifar10,cnn1,model_seed42_itr19_sgd_itr1,rotation,10.0,1,222,-0.007634494946614723,0.0025161929546300144,-0.006761241053808056,0.0016429015619888758,false,false,NaN,NaN,NaN,NaN,n/a,n/a,false,false,NaN,NaN,n/a,n/a,false,NaN,NaN,0.0,
cifar10,cnn1,model_seed42_itr19_sgd_itr1,rotation,10.0,1,223,-0.007634494946614723,0.0025161929546300144,-0.006577723884994484,0.0014594365470123143,false,false,NaN,NaN,NaN,NaN,n/a,n/a,false,false,NaN,NaN,n/a,n/a,false,NaN,NaN,0.0,
cifar10,cnn1,model_seed42_itr19_sgd_itr1,rotation,10.0,1,224,-0.007634494946614723,0.0025161929546300144,-0.006796702710600358,0.00167840071861565,false,false,NaN,NaN,NaN,NaN,n/a,n/a,false,false,NaN,NaN,n/a,n/a,false,NaN,NaN,0.0,
cifar10,cnn1,model_seed42_itr19_sgd_itr1,rotation,10.0,1,225,-0.007634494946614723,0.0025161929546300144,-0.006641120163266472,0.0015228477967613014,false,false,NaN,NaN,NaN,NaN,n/a,n/a,false,false,NaN,NaN,n/a,n/a,false,NaN,NaN,0.0,
cifar10,cnn1,model_seed42_itr19_sgd_itr1,rotation,10.0,1,226,-0.007634494946614723,0.0025161929546300144,-0.006684462221898325,0.0015661602299136164,false,false,NaN,NaN,NaN,NaN,n/a,n/a,false,false,NaN,NaN,n/a,n/a,false,NaN,NaN,0.0,
cifar10,cnn1,model_seed42_itr19_sgd_itr1,rotation,10.0,1,227,-0.007634494946614723,0.0025161929546300144,-0.00656039655023738,0.001442094558252672,false,false,NaN,NaN,NaN,NaN,n/a,n/a,false,false,NaN,NaN,n/a,n/a,false,NaN,NaN,0.0,
cifar10,cnn1,model_seed42_itr19_sgd_itr1,rotation,10.0,1,228,-0.007634494946614723,0.0025161929546300144,-0.006566865746570257,0.0014492047157192846,false,false,NaN,NaN,NaN,NaN,n/a,n/a,false,false,NaN,NaN,n/a,n/a,false,NaN,NaN,0.0,
cifar10,cnn1,model_seed42_itr19_sgd_itr1,rotation,10.0,1,229,-0.007634494946614723,0.0025161929546300144,-0.0064920767393144545,0.0013737747473297464,false,false,NaN,NaN,NaN,NaN,n/a,n/a,false,false,NaN,NaN,n/a,n/a,false,NaN,NaN,0.0,
cifar10,cnn1,model_seed42_itr19_sgd_itr1,rotation,10.0,1,230,-0.007634494946614723,0.0025161929546300144,-0.006470388751238612,0.001352086759253903,false,false,NaN,NaN,NaN,NaN,n/a,n/a,false,false,NaN,NaN,n/a,n/a,false,NaN,NaN,0.0,
cifar10,cnn1,model_seed42_itr19_sgd_itr1,rotation,10.0,1,231,-0.007634494946614723,0.0025161929546300144,-0.005292857152967148,0.0006833043533740729,false,false,NaN,NaN,NaN,NaN,n/a,n/a,false,false,NaN,NaN,n/a,n/a,false,NaN,NaN,0.0,
cifar10,cnn1,model_seed42_itr19_sgd_itr1,rotation,10.0,1,232,-0.007634494946614723,0.0025161929546300144,-0.006459724742639406,0.0013414227506546974,false,false,NaN,NaN,NaN,NaN,n/a,n/a,false,false,NaN,NaN,n/a,n/a,false,NaN,NaN,0.0,
cifar10,cnn1,model_seed42_itr19_sgd_itr1,rotation,10.0,1,233,-0.007634494946614723,0.0025161929546300144,-0.006365478111334123,0.001247176119349415,false,false,NaN,NaN,NaN,NaN,n/a,n/a,false,false,NaN,NaN,n/a,n/a,false,NaN,NaN,0.0,
cifar10,cnn1,model_seed42_itr19_sgd_itr1,rotation,10.0,1,234,-0.007634494946614723,0.0025161929546300144,-0.006489950551469709,0.0013716485594850003,false,false,NaN,NaN,NaN,NaN,n/a,n/a,false,false,NaN,NaN,n/a,n/a,false,NaN,NaN,0.0,
cifar10,cnn1,model_seed42_itr19_sgd_itr1,rotation,10.0,1,235,-0.007634494946614723,0.0025161929546300144,-0.006366003684398219,0.0012477016924135112,false,false,NaN,NaN,NaN,NaN,n/a,n/a,false,false,NaN,NaN,n/a,n/a,false,NaN,NaN,0.0,
cifar10,cnn1,model_seed42_itr19_sgd_itr1,rotation,10.0,1,236,-0.007634494946614723,0.0025161929546300144,-0.0065131851235226,0.0013948831315378912,false,false,NaN,NaN,NaN,NaN,n/a,n/a,false,false,NaN,NaN,n/a,n/a,false,NaN,NaN,0.0,
cifar10,cnn1,model_seed42_itr19_sgd_itr1,rotation,10.0,1,237,-0.007634494946614723,0.0025161929546300144,-0.006345992996313824,0.00122759981631448,false,false,NaN,NaN,NaN,NaN,n/a,n/a,false,false,NaN,NaN,n/a,n/a,false,NaN,NaN,0.0,
cifar10,cnn1,model_seed42_itr19_sgd_itr1,rotation,10.0,1,238,-0.007634494946614723,0.0025161929546300144,-0.006608760962614171,0.0014904589706294614,false,false,NaN,NaN,NaN,NaN,n/a,n/a,false,false,NaN,NaN,n/a,n/a,false,NaN,NaN,0.0,
cifar10,cnn1,model_seed42_itr19_sgd_itr1,rotation,10.0,1,239,-0.007634494946614723,0.0025161929546300144,-0.006468465825586844,0.0013501638336021352,false,false,NaN,NaN,NaN,NaN,n/a,n/a,false,false,NaN,NaN,n/a,n/a,false,NaN,NaN,0.0,
cifar10,cnn1,model_seed42_itr19_sgd_itr1,rotation,10.0,1,240,-0.007634494946614723,0.0025161929546300144,-0.006643752984678093,0.0015254509926933843,false,false,NaN,NaN,NaN,NaN,n/a,n/a,false,false,NaN,NaN,n/a,n/a,false,NaN,NaN,0.0,
cifar10,cnn1,model_seed42_itr19_sgd_itr1,rotation,10.0,1,241,-0.007634494946614723,0.0025161929546300144,-0.006282330513892967,0.0009022178300265664,false,false,NaN,NaN,NaN,NaN,n/a,n/a,false,false,NaN,NaN,n/a,n/a,false,NaN,NaN,0.0,
cifar10,cnn1,model_seed42_itr19_sgd_itr1,rotation,10.0,1,242,-0.007634494946614723,0.0025161929546300144,-0.006737901650474039,0.0016195996584893303,false,false,NaN,NaN,NaN,NaN,n/a,n/a,false,false,NaN,NaN,n/a,n/a,false,NaN,NaN,0.0,
cifar10,cnn1,model_seed42_itr19_sgd_itr1,rotation,10.0,1,243,-0.007634494946614723,0.0025161929546300144,-0.006584837942963153,0.001466535950978446,false,false,NaN,NaN,NaN,NaN,n/a,n/a,false,false,NaN,NaN,n/a,n/a,false,NaN,NaN,0.0,
cifar10,cnn1,model_seed42_itr19_sgd_itr1,rotation,10.0,1,244,-0.007634494946614723,0.0025161929546300144,-0.006766863425497498,0.00164856143351279,false,false,NaN,NaN,NaN,NaN,n/a,n/a,false,false,NaN,NaN,n/a,n/a,false,NaN,NaN,0.0,
cifar10,cnn1,model_seed42_itr19_sgd_itr1,rotation,10.0,1,245,-0.007634494946614723,0.0025161929546300144,-0.006689062087199037,0.001570760095214329,false,false,NaN,NaN,NaN,NaN,n/a,n/a,false,false,NaN,NaN,n/a,n/a,false,NaN,NaN,0.0,
cifar10,cnn1,model_seed42_itr19_sgd_itr1,rotation,10.0,1,246,-0.007634494946614723,0.0025161929546300144,-0.006776019788707312,0.0016577177967226032,false,false,NaN,NaN,NaN,NaN,n/a,n/a,false,false,NaN,NaN,n/a,n/a,false,NaN,NaN,0.0,
cifar10,cnn1,model_seed42_itr19_sgd_itr1,rotation,10.0,1,247,-0.007634494946614723,0.0025161929546300144,-0.006633604439158317,0.001515302447173608,false,false,NaN,NaN,NaN,NaN,n/a,n/a,false,false,NaN,NaN,n/a,n/a,false,NaN,NaN,0.0,
cifar10,cnn1,model_seed42_itr19_sgd_itr1,rotation,10.0,1,248,-0.007634494946614723,0.0025161929546300144,-0.006654976552802101,0.0015366745608173926,false,false,NaN,NaN,NaN,NaN,n/a,n/a,false,false,NaN,NaN,n/a,n/a,false,NaN,NaN,0.0,
cifar10,cnn1,model_seed42_itr19_sgd_itr1,rotation,10.0,1,249,-0.007634494946614723,0.0025161929546300144,-0.006527181147189295,0.0014088791552045877,false,false,NaN,NaN,NaN,NaN,n/a,n/a,false,false,NaN,NaN,n/a,n/a,false,NaN,NaN,0.0,
cifar10,cnn1,model_seed42_itr19_sgd_itr1,rotation,10.0,1,250,-0.007634494946614723,0.0025161929546300144,-0.0064931137491194574,0.0013748117571347489,false,false,NaN,NaN,NaN,NaN,n/a,n/a,false,false,NaN,NaN,n/a,n/a,false,NaN,NaN,0.0,
cifar10,cnn1,model_seed42_itr19_sgd_itr1,rotation,10.0,1,251,-0.007634494946614723,0.0025161929546300144,-0.0064341447704902195,0.0013158427785055118,false,false,NaN,NaN,NaN,NaN,n/a,n/a,false,false,NaN,NaN,n/a,n/a,false,NaN,NaN,0.0,
cifar10,cnn1,model_seed42_itr19_sgd_itr1,rotation,10.0,1,252,-0.007634494946614723,0.0025161929546300144,-0.006413560706508262,0.0012957460615418913,false,false,NaN,NaN,NaN,NaN,n/a,n/a,false,false,NaN,NaN,n/a,n/a,false,NaN,NaN,0.0,
cifar10,cnn1,model_seed42_itr19_sgd_itr1,rotation,10.0,1,253,-0.007634494946614723,0.0025161929546300144,-0.006403424793507459,0.0012851228015227513,false,false,NaN,NaN,NaN,NaN,n/a,n/a,false,false,NaN,NaN,n/a,n/a,false,NaN,NaN,0.0,
cifar10,cnn1,model_seed42_itr19_sgd_itr1,rotation,10.0,1,254,-0.007634494946614723,0.0025161929546300144,-0.006408527945521019,0.0012902259535363101,false,false,NaN,NaN,NaN,NaN,n/a,n/a,false,false,NaN,NaN,n/a,n/a,false,NaN,NaN,0.0,
cifar10,cnn1,model_seed42_itr19_sgd_itr1,rotation,10.0,1,255,-0.007634494946614723,0.0025161929546300144,-0.0063677983440605206,0.0012494963520758128,false,false,NaN,NaN,NaN,NaN,n/a,n/a,false,false,NaN,NaN,n/a,n/a,false,NaN,NaN,0.0,
cifar10,cnn1,model_seed42_itr19_sgd_itr1,rotation,10.0,1,256,-0.007634494946614723,0.0025161929546300144,-0.006482610248424824,0.0013643082564401166,false,false,NaN,NaN,NaN,NaN,n/a,n/a,false,false,NaN,NaN,n/a,n/a,false,NaN,NaN,0.0,
cifar10,cnn1,model_seed42_itr19_sgd_itr1,rotation,10.0,1,257,-0.007634494946614723,0.0025161929546300144,-0.006384776381398774,0.0012664743894140649,false,false,NaN,NaN,NaN,NaN,n/a,n/a,false,false,NaN,NaN,n/a,n/a,false,NaN,NaN,0.0,
cifar10,cnn1,model_seed42_itr19_sgd_itr1,rotation,10.0,1,258,-0.007634494946614723,0.0025161929546300144,-0.00644206896479803,0.001323766972813321,false,false,NaN,NaN,NaN,NaN,n/a,n/a,false,false,NaN,NaN,n/a,n/a,false,NaN,NaN,0.0,
cifar10,cnn1,model_seed42_itr19_sgd_itr1,rotation,10.0,1,259,-0.007634494946614723,0.0025161929546300144,-0.006519482528127661,0.0014011805361429513,false,false,NaN,NaN,NaN,NaN,n/a,n/a,false,false,NaN,NaN,n/a,n/a,false,NaN,NaN,0.0,
cifar10,cnn1,model_seed42_itr19_sgd_itr1,rotation,10.0,1,260,-0.007634494946614723,0.0025161929546300144,-0.006480222786733454,0.0013619207947487462,false,false,NaN,NaN,NaN,NaN,n/a,n/a,false,false,NaN,NaN,n/a,n/a,false,NaN,NaN,0.0,
cifar10,cnn1,model_seed42_itr19_sgd_itr1,rotation,10.0,1,261,-0.007634494946614723,0.0025161929546300144,-0.006483829410112037,0.0013655274181273286,false,false,NaN,NaN,NaN,NaN,n/a,n/a,false,false,NaN,NaN,n/a,n/a,false,NaN,NaN,0.0,
cifar10,cnn1,model_seed42_itr19_sgd_itr1,rotation,10.0,1,262,-0.007634494946614723,0.0025161929546300144,-0.006701168700155576,0.001582866708170868,false,false,NaN,NaN,NaN,NaN,n/a,n/a,false,false,NaN,NaN,n/a,n/a,false,NaN,NaN,0.0,
cifar10,cnn1,model_seed42_itr19_sgd_itr1,rotation,10.0,1,263,-0.007634494946614723,0.0025161929546300144,-0.006603874891057703,0.0014855728990729952,false,false,NaN,NaN,NaN,NaN,n/a,n/a,false,false,NaN,NaN,n/a,n/a,false,NaN,NaN,0.0,
cifar10,cnn1,model_seed42_itr19_sgd_itr1,rotation,10.0,1,264,-0.007634494946614723,0.0025161929546300144,-0.006715541827391208,0.0015972398354065,false,false,NaN,NaN,NaN,NaN,n/a,n/a,false,false,NaN,NaN,n/a,n/a,false,NaN,NaN,0.0,
cifar10,cnn1,model_seed42_itr19_sgd_itr1,rotation,10.0,1,265,-0.007634494946614723,0.0025161929546300144,-0.006670336491099389,0.0015520344991146802,false,false,NaN,NaN,NaN,NaN,n/a,n/a,false,false,NaN,NaN,n/a,n/a,false,NaN,NaN,0.0,
cifar10,cnn1,model_seed42_itr19_sgd_itr1,rotation,10.0,1,266,-0.007634494946614723,0.0025161929546300144,-0.006707451668728348,0.0015891496767436396,false,false,NaN,NaN,NaN,NaN,n/a,n/a,false,false,NaN,NaN,n/a,n/a,false,NaN,NaN,0.0,
cifar10,cnn1,model_seed42_itr19_sgd_itr1,rotation,10.0,1,267,-0.007634494946614723,0.0025161929546300144,-0.0066785731854586625,0.001560271193473954,false,false,NaN,NaN,NaN,NaN,n/a,n/a,false,false,NaN,NaN,n/a,n/a,false,NaN,NaN,0.0,
cifar10,cnn1,model_seed42_itr19_sgd_itr1,rotation,10.0,1,268,-0.007634494946614723,0.0025161929546300144,-0.006591469010240951,0.0014731670182562438,false,false,NaN,NaN,NaN,NaN,n/a,n/a,false,false,NaN,NaN,n/a,n/a,false,NaN,NaN,0.0,
cifar10,cnn1,model_seed42_itr19_sgd_itr1,rotation,10.0,1,269,-0.007634494946614723,0.0025161929546300144,-0.006582984133968423,0.001464682141983716,false,false,NaN,NaN,NaN,NaN,n/a,n/a,false,false,NaN,NaN,n/a,n/a,false,NaN,NaN,0.0,
cifar10,cnn1,model_seed42_itr19_sgd_itr1,rotation,10.0,1,270,-0.007634494946614723,0.0025161929546300144,-0.006469304856901284,0.0013510028649165754,false,false,NaN,NaN,NaN,NaN,n/a,n/a,false,false,NaN,NaN,n/a,n/a,false,NaN,NaN,0.0,
cifar10,cnn1,model_seed42_itr19_sgd_itr1,rotation,10.0,1,271,-0.007634494946614723,0.0025161929546300144,-0.006472232814395584,0.0013539308224108744,false,false,NaN,NaN,NaN,NaN,n/a,n/a,false,false,NaN,NaN,n/a,n/a,false,NaN,NaN,0.0,
cifar10,cnn1,model_seed42_itr19_sgd_itr1,rotation,10.0,1,272,-0.007634494946614723,0.0025161929546300144,-0.006441851892985566,0.0013235499010008584,false,false,NaN,NaN,NaN,NaN,n/a,n/a,false,false,NaN,NaN,n/a,n/a,false,NaN,NaN,0.0,
cifar10,cnn1,model_seed42_itr19_sgd_itr1,rotation,10.0,1,273,-0.007634494946614723,0.0025161929546300144,-0.006409003851809427,0.0012907018598247188,false,false,NaN,NaN,NaN,NaN,n/a,n/a,false,false,NaN,NaN,n/a,n/a,false,NaN,NaN,0.0,
cifar10,cnn1,model_seed42_itr19_sgd_itr1,rotation,10.0,1,274,-0.007634494946614723,0.0025161929546300144,-0.006345563825290843,0.001227261833306135,false,false,NaN,NaN,NaN,NaN,n/a,n/a,false,false,NaN,NaN,n/a,n/a,false,NaN,NaN,0.0,
cifar10,cnn1,model_seed42_itr19_sgd_itr1,rotation,10.0,1,275,-0.007634494946614723,0.0025161929546300144,-0.006383285902320983,0.001264983910336275,false,false,NaN,NaN,NaN,NaN,n/a,n/a,false,false,NaN,NaN,n/a,n/a,false,NaN,NaN,0.0,
cifar10,cnn1,model_seed42_itr19_sgd_itr1,rotation,10.0,1,276,-0.007634494946614723,0.0025161929546300144,-0.00634312745261768,0.0012248254606329722,false,false,NaN,NaN,NaN,NaN,n/a,n/a,false,false,NaN,NaN,n/a,n/a,false,NaN,NaN,0.0,
cifar10,cnn1,model_seed42_itr19_sgd_itr1,rotation,10.0,1,277,-0.007634494946614723,0.0025161929546300144,-0.006461914494124046,0.0013436125021393374,false,false,NaN,NaN,NaN,NaN,n/a,n/a,false,false,NaN,NaN,n/a,n/a,false,NaN,NaN,0.0,
cifar10,cnn1,model_seed42_itr19_sgd_itr1,rotation,10.0,1,278,-0.007634494946614723,0.0025161929546300144,-0.00633317949627865,0.0012148775042939404,false,false,NaN,NaN,NaN,NaN,n/a,n/a,false,false,NaN,NaN,n/a,n/a,false,NaN,NaN,0.0,
cifar10,cnn1,model_seed42_itr19_sgd_itr1,rotation,10.0,1,279,-0.007634494946614723,0.0025161929546300144,-0.006554172730693372,0.0014358707387086625,false,false,NaN,NaN,NaN,NaN,n/a,n/a,false,false,NaN,NaN,n/a,n/a,false,NaN,NaN,0.0,
cifar10,cnn1,model_seed42_itr19_sgd_itr1,rotation,10.0,1,280,-0.007634494946614723,0.0025161929546300144,-0.005359012604014034,0.0013377254480067863,false,false,NaN,NaN,NaN,NaN,n/a,n/a,false,false,NaN,NaN,n/a,n/a,false,NaN,NaN,0.0,
cifar10,cnn1,model_seed42_itr19_sgd_itr1,rotation,10.0,1,281,-0.007634494946614723,0.0025161929546300144,-0.006541591027657676,0.0014232890356729675,false,false,NaN,NaN,NaN,NaN,n/a,n/a,false,false,NaN,NaN,n/a,n/a,false,NaN,NaN,0.0,
cifar10,cnn1,model_seed42_itr19_sgd_itr1,rotation,10.0,1,282,-0.007634494946614723,0.0025161929546300144,-0.006542151946096109,0.001423849954111401,false,false,NaN,NaN,NaN,NaN,n/a,n/a,false,false,NaN,NaN,n/a,n/a,false,NaN,NaN,0.0,
cifar10,cnn1,model_seed42_itr19_sgd_itr1,rotation,10.0,1,283,-0.007634494946614723,0.0025161929546300144,-0.006648744888959106,0.0015304428969743974,false,false,NaN,NaN,NaN,NaN,n/a,n/a,false,false,NaN,NaN,n/a,n/a,false,NaN,NaN,0.0,
cifar10,cnn1,model_seed42_itr19_sgd_itr1,rotation,10.0,1,284,-0.007634494946614723,0.0025161929546300144,-0.0065348920638878625,0.0014165900719031541,false,false,NaN,NaN,NaN,NaN,n/a,n/a,false,false,NaN,NaN,n/a,n/a,false,NaN,NaN,0.0,
cifar10,cnn1,model_seed42_itr19_sgd_itr1,rotation,10.0,1,285,-0.007634494946614723,0.0025161929546300144,-0.00672619323192655,0.0016078912399418418,false,false,NaN,NaN,NaN,NaN,n/a,n/a,false,false,NaN,NaN,n/a,n/a,false,NaN,NaN,0.0,
cifar10,cnn1,model_seed42_itr19_sgd_itr1,rotation,10.0,1,286,-0.007634494946614723,0.0025161929546300144,-0.0065693942247349695,0.0014510922327502609,false,false,NaN,NaN,NaN,NaN,n/a,n/a,false,false,NaN,NaN,n/a,n/a,false,NaN,NaN,0.0,
cifar10,cnn1,model_seed42_itr19_sgd_itr1,rotation,10.0,1,287,-0.007634494946614723,0.0025161929546300144,-0.006754016459133117,0.0016357281522812012,false,false,NaN,NaN,NaN,NaN,n/a,n/a,false,false,NaN,NaN,n/a,n/a,false,NaN,NaN,0.0,
cifar10,cnn1,model_seed42_itr19_sgd_itr1,rotation,10.0,1,288,-0.007634494946614723,0.0025161929546300144,-0.006584036753157439,0.0014657347611727299,false,false,NaN,NaN,NaN,NaN,n/a,n/a,false,false,NaN,NaN,n/a,n/a,false,NaN,NaN,0.0,
cifar10,cnn1,model_seed42_itr19_sgd_itr1,rotation,10.0,1,289,-0.007634494946614723,0.0025161929546300144,-0.006628224146015219,0.0015099221540305105,false,false,NaN,NaN,NaN,NaN,n/a,n/a,false,false,NaN,NaN,n/a,n/a,false,NaN,NaN,0.0,
cifar10,cnn1,model_seed42_itr19_sgd_itr1,rotation,10.0,1,290,-0.007634494946614723,0.0025161929546300144,-0.004345070967530313,0.0013687019687997634,false,false,NaN,NaN,NaN,NaN,n/a,n/a,false,false,NaN,NaN,n/a,n/a,false,NaN,NaN,0.0,
cifar10,cnn1,model_seed42_itr19_sgd_itr1,rotation,10.0,1,291,-0.007634494946614723,0.0025161929546300144,-0.0033236665141364117,0.0008242259274472506,false,false,NaN,NaN,NaN,NaN,n/a,n/a,false,false,NaN,NaN,n/a,n/a,false,NaN,NaN,0.0,
cifar10,cnn1,model_seed42_itr19_sgd_itr1,rotation,10.0,1,292,-0.007634494946614723,0.0025161929546300144,-0.004744810614871517,0.0008930638372091873,false,false,NaN,NaN,NaN,NaN,n/a,n/a,false,false,NaN,NaN,n/a,n/a,false,NaN,NaN,0.0,
cifar10,cnn1,model_seed42_itr19_sgd_itr1,rotation,10.0,1,293,-0.007634494946614723,0.0025161929546300144,-0.005282129154472453,0.0014112874222202364,false,false,NaN,NaN,NaN,NaN,n/a,n/a,false,false,NaN,NaN,n/a,n/a,false,NaN,NaN,0.0,
cifar10,cnn1,model_seed42_itr19_sgd_itr1,rotation,10.0,1,294,-0.007634494946614723,0.0025161929546300144,-0.006357361206915518,0.0012390592149308095,false,false,NaN,NaN,NaN,NaN,n/a,n/a,false,false,NaN,NaN,n/a,n/a,false,NaN,NaN,0.0,
cifar10,cnn1,model_seed42_itr19_sgd_itr1,rotation,10.0,1,295,-0.007634494946614723,0.0025161929546300144,-0.0064148466729187555,0.0012965446809340467,false,false,NaN,NaN,NaN,NaN,n/a,n/a,false,false,NaN,NaN,n/a,n/a,false,NaN,NaN,0.0,
cifar10,cnn1,model_seed42_itr19_sgd_itr1,rotation,10.0,1,296,-0.007634494946614723,0.0025161929546300144,-0.006334491709411548,0.0012161897174268398,false,false,NaN,NaN,NaN,NaN,n/a,n/a,false,false,NaN,NaN,n/a,n/a,false,NaN,NaN,0.0,
cifar10,cnn1,model_seed42_itr19_sgd_itr1,rotation,10.0,1,297,-0.007634494946614723,0.0025161929546300144,-0.006485675513684057,0.0013673735216993479,false,false,NaN,NaN,NaN,NaN,n/a,n/a,false,false,NaN,NaN,n/a,n/a,false,NaN,NaN,0.0,
cifar10,cnn1,model_seed42_itr19_sgd_itr1,rotation,10.0,1,298,-0.007634494946614723,0.0025161929546300144,-0.0063447032905098065,0.0012264012985250985,false,false,NaN,NaN,NaN,NaN,n/a,n/a,false,false,NaN,NaN,n/a,n/a,false,NaN,NaN,0.0,
cifar10,cnn1,model_seed42_itr19_sgd_itr1,rotation,10.0,1,299,-0.007634494946614723,0.0025161929546300144,-0.006533663303015797,0.0014153613110310889,false,false,NaN,NaN,NaN,NaN,n/a,n/a,false,false,NaN,NaN,n/a,n/a,false,NaN,NaN,0.0,
cifar10,cnn1,model_seed42_itr19_sgd_itr1,rotation,10.0,1,300,-0.007634494946614723,0.0025161929546300144,-0.003859721181611194,0.0009365492173843267,false,false,NaN,NaN,NaN,NaN,n/a,n/a,false,false,NaN,NaN,n/a,n/a,false,NaN,NaN,0.0,
cifar10,cnn1,model_seed42_itr19_sgd_itr1,rotation,10.0,1,301,-8.323142098262906,9.379527755081654,-2.298837096331619,3.581778070790671,false,false,NaN,NaN,NaN,NaN,n/a,n/a,false,false,NaN,NaN,n/a,n/a,false,NaN,NaN,0.0,
cifar10,cnn1,model_seed42_itr19_sgd_itr1,rotation,10.0,1,302,-8.323142098262906,9.379527755081654,-7.719925565010358,8.776311221829104,false,false,NaN,NaN,NaN,NaN,n/a,n/a,false,false,NaN,NaN,n/a,n/a,false,NaN,NaN,0.0,
cifar10,cnn1,model_seed42_itr19_sgd_itr1,rotation,10.0,1,303,-8.323142098262906,9.379527755081654,-7.218481845282449,8.275084502699698,false,false,NaN,NaN,NaN,NaN,n/a,n/a,false,false,NaN,NaN,n/a,n/a,false,NaN,NaN,0.0,
cifar10,cnn1,model_seed42_itr19_sgd_itr1,rotation,10.0,1,304,-8.323142098262906,9.379527755081654,-7.6695876071302,8.725973263948948,false,false,NaN,NaN,NaN,NaN,n/a,n/a,false,false,NaN,NaN,n/a,n/a,false,NaN,NaN,0.0,
cifar10,cnn1,model_seed42_itr19_sgd_itr1,rotation,10.0,1,305,-8.323142098262906,9.379527755081654,-7.2092574131829,8.265643070001648,false,false,NaN,NaN,NaN,NaN,n/a,n/a,false,false,NaN,NaN,n/a,n/a,false,NaN,NaN,0.0,
cifar10,cnn1,model_seed42_itr19_sgd_itr1,rotation,10.0,1,306,-8.323142098262906,9.379527755081654,-6.769718484843994,7.997711591313506,false,false,NaN,NaN,NaN,NaN,n/a,n/a,false,false,NaN,NaN,n/a,n/a,false,NaN,NaN,0.0,
cifar10,cnn1,model_seed42_itr19_sgd_itr1,rotation,10.0,1,307,-8.323142098262906,9.379527755081654,-5.765792878038159,7.2408033457313685,false,false,NaN,NaN,NaN,NaN,n/a,n/a,false,false,NaN,NaN,n/a,n/a,false,NaN,NaN,0.0,
cifar10,cnn1,model_seed42_itr19_sgd_itr1,rotation,10.0,1,308,-8.323142098262906,9.379527755081654,-4.78280975261772,5.987683651615622,false,false,NaN,NaN,NaN,NaN,n/a,n/a,false,false,NaN,NaN,n/a,n/a,false,NaN,NaN,0.0,
cifar10,cnn1,model_seed42_itr19_sgd_itr1,rotation,10.0,1,309,-8.323142098262906,9.379527755081654,-4.56687167852439,5.880914568968788,false,false,NaN,NaN,NaN,NaN,n/a,n/a,false,false,NaN,NaN,n/a,n/a,false,NaN,NaN,0.0,
cifar10,cnn1,model_seed42_itr19_sgd_itr1,rotation,10.0,1,310,-8.323142098262906,9.379527755081654,-2.4239351838162326,3.4772452502777957,false,false,NaN,NaN,NaN,NaN,n/a,n/a,false,false,NaN,NaN,n/a,n/a,false,NaN,NaN,0.0,
cifar10,cnn1,model_seed42_itr19_sgd_itr1,rotation,10.0,1,311,-8.323142098262906,9.379527755081654,-3.669278537185134,4.845286886469664,false,false,NaN,NaN,NaN,NaN,n/a,n/a,false,false,NaN,NaN,n/a,n/a,false,NaN,NaN,0.0,
cifar10,cnn1,model_seed42_itr19_sgd_itr1,rotation,10.0,1,312,-8.323142098262906,9.379527755081654,-7.739066471336386,8.795452128155134,false,false,NaN,NaN,NaN,NaN,n/a,n/a,false,false,NaN,NaN,n/a,n/a,false,NaN,NaN,0.0,
cifar10,cnn1,model_seed42_itr19_sgd_itr1,rotation,10.0,1,313,-8.323142098262906,9.379527755081654,-7.239114135609013,8.29549979242776,false,false,NaN,NaN,NaN,NaN,n/a,n/a,false,false,NaN,NaN,n/a,n/a,false,NaN,NaN,0.0,
cifar10,cnn1,model_seed42_itr19_sgd_itr1,rotation,10.0,1,314,-8.323142098262906,9.379527755081654,-7.774858639262151,8.831244296080898,false,false,NaN,NaN,NaN,NaN,n/a,n/a,false,false,NaN,NaN,n/a,n/a,false,NaN,NaN,0.0,
cifar10,cnn1,model_seed42_itr19_sgd_itr1,rotation,10.0,1,315,-8.323142098262906,9.379527755081654,-7.241677192358513,8.29806284917726,false,false,NaN,NaN,NaN,NaN,n/a,n/a,false,false,NaN,NaN,n/a,n/a,false,NaN,NaN,0.0,
cifar10,cnn1,model_seed42_itr19_sgd_itr1,rotation,10.0,1,316,-8.323142098262906,9.379527755081654,-7.752153361730494,8.808539018549242,false,false,NaN,NaN,NaN,NaN,n/a,n/a,false,false,NaN,NaN,n/a,n/a,false,NaN,NaN,0.0,
cifar10,cnn1,model_seed42_itr19_sgd_itr1,rotation,10.0,1,317,-8.323142098262906,9.379527755081654,-7.293870856742872,8.35025651356162,false,false,NaN,NaN,NaN,NaN,n/a,n/a,false,false,NaN,NaN,n/a,n/a,false,NaN,NaN,0.0,
cifar10,cnn1,model_seed42_itr19_sgd_itr1,rotation,10.0,1,318,-8.323142098262906,9.379527755081654,-7.725494998301302,8.78188065512005,false,false,NaN,NaN,NaN,NaN,n/a,n/a,false,false,NaN,NaN,n/a,n/a,false,NaN,NaN,0.0,
cifar10,cnn1,model_seed42_itr19_sgd_itr1,rotation,10.0,1,319,-8.323142098262906,9.379527755081654,-7.386072979500943,8.44245863631969,false,false,NaN,NaN,NaN,NaN,n/a,n/a,false,false,NaN,NaN,n/a,n/a,false,NaN,NaN,0.0,
cifar10,cnn1,model_seed42_itr19_sgd_itr1,rotation,10.0,1,320,-8.323142098262906,9.379527755081654,-7.637802203536259,8.694187860355006,false,false,NaN,NaN,NaN,NaN,n/a,n/a,false,false,NaN,NaN,n/a,n/a,false,NaN,NaN,0.0,
cifar10,cnn1,model_seed42_itr19_sgd_itr1,rotation,10.0,1,321,-8.323142098262906,9.379527755081654,-4.36176577859507,5.66412514165924,false,false,NaN,NaN,NaN,NaN,n/a,n/a,false,false,NaN,NaN,n/a,n/a,false,NaN,NaN,0.0,
cifar10,cnn1,model_seed42_itr19_sgd_itr1,rotation,10.0,1,322,-8.323142098262906,9.379527755081654,-7.692721215339432,8.749106872158182,false,false,NaN,NaN,NaN,NaN,n/a,n/a,false,false,NaN,NaN,n/a,n/a,false,NaN,NaN,0.0,
cifar10,cnn1,model_seed42_itr19_sgd_itr1,rotation,10.0,1,323,-8.323142098262906,9.379527755081654,-7.236129367788744,8.292515024607493,false,false,NaN,NaN,NaN,NaN,n/a,n/a,false,false,NaN,NaN,n/a,n/a,false,NaN,NaN,0.0,
cifar10,cnn1,model_seed42_itr19_sgd_itr1,rotation,10.0,1,324,-8.323142098262906,9.379527755081654,-7.660266756234575,8.716652413053325,false,false,NaN,NaN,NaN,NaN,n/a,n/a,false,false,NaN,NaN,n/a,n/a,false,NaN,NaN,0.0,
cifar10,cnn1,model_seed42_itr19_sgd_itr1,rotation,10.0,1,325,-8.323142098262906,9.379527755081654,-7.270361449497868,8.326747106316615,false,false,NaN,NaN,NaN,NaN,n/a,n/a,false,false,NaN,NaN,n/a,n/a,false,NaN,NaN,0.0,
cifar10,cnn1,model_seed42_itr19_sgd_itr1,rotation,10.0,1,326,-8.323142098262906,9.379527755081654,-7.616383260628551,8.672768917447298,false,false,NaN,NaN,NaN,NaN,n/a,n/a,false,false,NaN,NaN,n/a,n/a,false,NaN,NaN,0.0,
cifar10,cnn1,model_seed42_itr19_sgd_itr1,rotation,10.0,1,327,-8.323142098262906,9.379527755081654,-7.354285448586056,8.410671105404806,false,false,NaN,NaN,NaN,NaN,n/a,n/a,false,false,NaN,NaN,n/a,n/a,false,NaN,NaN,0.0,
cifar10,cnn1,model_seed42_itr19_sgd_itr1,rotation,10.0,1,328,-8.323142098262906,9.379527755081654,-7.563798100164928,8.620183756983675,false,false,NaN,NaN,NaN,NaN,n/a,n/a,false,false,NaN,NaN,n/a,n/a,false,NaN,NaN,0.0,
cifar10,cnn1,model_seed42_itr19_sgd_itr1,rotation,10.0,1,329,-8.323142098262906,9.379527755081654,-7.4268448295314915,8.483230486350239,false,false,NaN,NaN,NaN,NaN,n/a,n/a,false,false,NaN,NaN,n/a,n/a,false,NaN,NaN,0.0,
cifar10,cnn1,model_seed42_itr19_sgd_itr1,rotation,10.0,1,330,-8.323142098262906,9.379527755081654,-7.501787328552927,8.558172985371675,false,false,NaN,NaN,NaN,NaN,n/a,n/a,false,false,NaN,NaN,n/a,n/a,false,NaN,NaN,0.0,
cifar10,cnn1,model_seed42_itr19_sgd_itr1,rotation,10.0,1,331,-8.323142098262906,9.379527755081654,-5.670540148498754,7.012400671946148,false,false,NaN,NaN,NaN,NaN,n/a,n/a,false,false,NaN,NaN,n/a,n/a,false,NaN,NaN,0.0,
cifar10,cnn1,model_seed42_itr19_sgd_itr1,rotation,10.0,1,332,-8.323142098262906,9.379527755081654,-7.68337181500344,8.739757471822188,false,false,NaN,NaN,NaN,NaN,n/a,n/a,false,false,NaN,NaN,n/a,n/a,false,NaN,NaN,0.0,
cifar10,cnn1,model_seed42_itr19_sgd_itr1,rotation,10.0,1,333,-8.323142098262906,9.379527755081654,-7.292555514567776,8.348941171386524,false,false,NaN,NaN,NaN,NaN,n/a,n/a,false,false,NaN,NaN,n/a,n/a,false,NaN,NaN,0.0,
cifar10,cnn1,model_seed42_itr19_sgd_itr1,rotation,10.0,1,334,-8.323142098262906,9.379527755081654,-7.673606126929132,8.729991783747879,false,false,NaN,NaN,NaN,NaN,n/a,n/a,false,false,NaN,NaN,n/a,n/a,false,NaN,NaN,0.0,
cifar10,cnn1,model_seed42_itr19_sgd_itr1,rotation,10.0,1,335,-8.323142098262906,9.379527755081654,-7.376354850049012,8.43274050686776,false,false,NaN,NaN,NaN,NaN,n/a,n/a,false,false,NaN,NaN,n/a,n/a,false,NaN,NaN,0.0,
cifar10,cnn1,model_seed42_itr19_sgd_itr1,rotation,10.0,1,336,-8.323142098262906,9.379527755081654,-7.657044366764829,8.713430023583577,false,false,NaN,NaN,NaN,NaN,n/a,n/a,false,false,NaN,NaN,n/a,n/a,false,NaN,NaN,0.0,
cifar10,cnn1,model_seed42_itr19_sgd_itr1,rotation,10.0,1,337,-8.323142098262906,9.379527755081654,-7.500454636225896,8.556840293044644,false,false,NaN,NaN,NaN,NaN,n/a,n/a,false,false,NaN,NaN,n/a,n/a,false,NaN,NaN,0.0,
cifar10,cnn1,model_seed42_itr19_sgd_itr1,rotation,10.0,1,338,-8.323142098262906,9.379527755081654,-7.627733085594105,8.684118742412853,false,false,NaN,NaN,NaN,NaN,n/a,n/a,false,false,NaN,NaN,n/a,n/a,false,NaN,NaN,0.0,
cifar10,cnn1,model_seed42_itr19_sgd_itr1,rotation,10.0,1,339,-8.323142098262906,9.379527755081654,-7.624676155766302,8.68106181258505,false,false,NaN,NaN,NaN,NaN,n/a,n/a,false,false,NaN,NaN,n/a,n/a,false,NaN,NaN,0.0,
cifar10,cnn1,model_seed42_itr19_sgd_itr1,rotation,10.0,1,340,-8.323142098262906,9.379527755081654,-7.548389599936918,8.604775256755666,false,false,NaN,NaN,NaN,NaN,n/a,n/a,false,false,NaN,NaN,n/a,n/a,false,NaN,NaN,0.0,
cifar10,cnn1,model_seed42_itr19_sgd_itr1,rotation,10.0,1,341,-8.323142098262906,9.379527755081654,-6.512371311131567,7.79164032654807,false,false,NaN,NaN,NaN,NaN,n/a,n/a,false,false,NaN,NaN,n/a,n/a,false,NaN,NaN,0.0,
cifar10,cnn1,model_seed42_itr19_sgd_itr1,rotation,10.0,1,342,-8.323142098262906,9.379527755081654,-7.641291745155074,8.697677401973824,false,false,NaN,NaN,NaN,NaN,n/a,n/a,false,false,NaN,NaN,n/a,n/a,false,NaN,NaN,0.0,
cifar10,cnn1,model_seed42_itr19_sgd_itr1,rotation,10.0,1,343,-8.323142098262906,9.379527755081654,-7.396949626739135,8.453335283557882,false,false,NaN,NaN,NaN,NaN,n/a,n/a,false,false,NaN,NaN,n/a,n/a,false,NaN,NaN,0.0,
cifar10,cnn1,model_seed42_itr19_sgd_itr1,rotation,10.0,1,344,-8.323142098262906,9.379527755081654,-7.563177074555685,8.619562731374433,false,false,NaN,NaN,NaN,NaN,n/a,n/a,false,false,NaN,NaN,n/a,n/a,false,NaN,NaN,0.0,
cifar10,cnn1,model_seed42_itr19_sgd_itr1,rotation,10.0,1,345,-8.323142098262906,9.379527755081654,-7.470897637083731,8.527283293902478,false,false,NaN,NaN,NaN,NaN,n/a,n/a,false,false,NaN,NaN,n/a,n/a,false,NaN,NaN,0.0,
cifar10,cnn1,model_seed42_itr19_sgd_itr1,rotation,10.0,1,346,-8.323142098262906,9.379527755081654,-7.518306287178164,8.574691943996912,false,false,NaN,NaN,NaN,NaN,n/a,n/a,false,false,NaN,NaN,n/a,n/a,false,NaN,NaN,0.0,
cifar10,cnn1,model_seed42_itr19_sgd_itr1,rotation,10.0,1,347,-8.323142098262906,9.379527755081654,-7.532267015833178,8.588652672651925,false,false,NaN,NaN,NaN,NaN,n/a,n/a,false,false,NaN,NaN,n/a,n/a,false,NaN,NaN,0.0,
cifar10,cnn1,model_seed42_itr19_sgd_itr1,rotation,10.0,1,348,-8.323142098262906,9.379527755081654,-7.452187825365883,8.50857348218463,false,false,NaN,NaN,NaN,NaN,n/a,n/a,false,false,NaN,NaN,n/a,n/a,false,NaN,NaN,0.0,
cifar10,cnn1,model_seed42_itr19_sgd_itr1,rotation,10.0,1,349,-8.323142098262906,9.379527755081654,-7.536984024658965,8.593369681477713,false,false,NaN,NaN,NaN,NaN,n/a,n/a,false,false,NaN,NaN,n/a,n/a,false,NaN,NaN,0.0,
cifar10,cnn1,model_seed42_itr19_sgd_itr1,rotation,10.0,1,350,-8.323142098262906,9.379527755081654,-7.374548039668229,8.430933696486976,false,false,NaN,NaN,NaN,NaN,n/a,n/a,false,false,NaN,NaN,n/a,n/a,false,NaN,NaN,0.0,
cifar10,cnn1,model_seed42_itr19_sgd_itr1,rotation,10.0,1,351,-8.323142098262906,9.379527755081654,-7.369551213304801,8.425936870123548,false,false,NaN,NaN,NaN,NaN,n/a,n/a,false,false,NaN,NaN,n/a,n/a,false,NaN,NaN,0.0,
cifar10,cnn1,model_seed42_itr19_sgd_itr1,rotation,10.0,1,352,-8.323142098262906,9.379527755081654,-7.550316221344205,8.606701878162951,false,false,NaN,NaN,NaN,NaN,n/a,n/a,false,false,NaN,NaN,n/a,n/a,false,NaN,NaN,0.0,
cifar10,cnn1,model_seed42_itr19_sgd_itr1,rotation,10.0,1,353,-8.323142098262906,9.379527755081654,-7.445764344436216,8.502150001254963,false,false,NaN,NaN,NaN,NaN,n/a,n/a,false,false,NaN,NaN,n/a,n/a,false,NaN,NaN,0.0,
cifar10,cnn1,model_seed42_itr19_sgd_itr1,rotation,10.0,1,354,-8.323142098262906,9.379527755081654,-7.558522568936024,8.614908225754771,false,false,NaN,NaN,NaN,NaN,n/a,n/a,false,false,NaN,NaN,n/a,n/a,false,NaN,NaN,0.0,
cifar10,cnn1,model_seed42_itr19_sgd_itr1,rotation,10.0,1,355,-8.323142098262906,9.379527755081654,-7.569637569989458,8.626023226808204,false,false,NaN,NaN,NaN,NaN,n/a,n/a,false,false,NaN,NaN,n/a,n/a,false,NaN,NaN,0.0,
cifar10,cnn1,model_seed42_itr19_sgd_itr1,rotation,10.0,1,356,-8.323142098262906,9.379527755081654,-7.558600454706898,8.614986111525646,false,false,NaN,NaN,NaN,NaN,n/a,n/a,false,false,NaN,NaN,n/a,n/a,false,NaN,NaN,0.0,
cifar10,cnn1,model_seed42_itr19_sgd_itr1,rotation,10.0,1,357,-8.323142098262906,9.379527755081654,-7.666400961241717,8.722786618060464,false,false,NaN,NaN,NaN,NaN,n/a,n/a,false,false,NaN,NaN,n/a,n/a,false,NaN,NaN,0.0,
cifar10,cnn1,model_seed42_itr19_sgd_itr1,rotation,10.0,1,358,-8.323142098262906,9.379527755081654,-7.4787844707734035,8.535170127592151,false,false,NaN,NaN,NaN,NaN,n/a,n/a,false,false,NaN,NaN,n/a,n/a,false,NaN,NaN,0.0,
cifar10,cnn1,model_seed42_itr19_sgd_itr1,rotation,10.0,1,359,-8.323142098262906,9.379527755081654,-7.737070942966664,8.793456599785411,false,false,NaN,NaN,NaN,NaN,n/a,n/a,false,false,NaN,NaN,n/a,n/a,false,NaN,NaN,0.0,
cifar10,cnn1,model_seed42_itr19_sgd_itr1,rotation,10.0,1,360,-8.323142098262906,9.379527755081654,-7.4074977600193375,8.463883416838083,false,false,NaN,NaN,NaN,NaN,n/a,n/a,false,false,NaN,NaN,n/a,n/a,false,NaN,NaN,0.0,
cifar10,cnn1,model_seed42_itr19_sgd_itr1,rotation,10.0,1,361,-8.323142098262906,9.379527755081654,-7.536889918368556,8.593275575187302,false,false,NaN,NaN,NaN,NaN,n/a,n/a,false,false,NaN,NaN,n/a,n/a,false,NaN,NaN,0.0,
cifar10,cnn1,model_seed42_itr19_sgd_itr1,rotation,10.0,1,362,-8.323142098262906,9.379527755081654,-7.561328167063319,8.617713823882067,false,false,NaN,NaN,NaN,NaN,n/a,n/a,false,false,NaN,NaN,n/a,n/a,false,NaN,NaN,0.0,
cifar10,cnn1,model_seed42_itr19_sgd_itr1,rotation,10.0,1,363,-8.323142098262906,9.379527755081654,-7.610576571149725,8.666990486678188,false,false,NaN,NaN,NaN,NaN,n/a,n/a,false,false,NaN,NaN,n/a,n/a,false,NaN,NaN,0.0,
cifar10,cnn1,model_seed42_itr19_sgd_itr1,rotation,10.0,1,364,-8.323142098262906,9.379527755081654,-7.4831971662789325,8.539582823097682,false,false,NaN,NaN,NaN,NaN,n/a,n/a,false,false,NaN,NaN,n/a,n/a,false,NaN,NaN,0.0,
cifar10,cnn1,model_seed42_itr19_sgd_itr1,rotation,10.0,1,365,-8.323142098262906,9.379527755081654,-7.6118030682926445,8.668188725111392,false,false,NaN,NaN,NaN,NaN,n/a,n/a,false,false,NaN,NaN,n/a,n/a,false,NaN,NaN,0.0,
cifar10,cnn1,model_seed42_itr19_sgd_itr1,rotation,10.0,1,366,-8.323142098262906,9.379527755081654,-7.394259692028826,8.450645348847573,false,false,NaN,NaN,NaN,NaN,n/a,n/a,false,false,NaN,NaN,n/a,n/a,false,NaN,NaN,0.0,
cifar10,cnn1,model_seed42_itr19_sgd_itr1,rotation,10.0,1,367,-8.323142098262906,9.379527755081654,-7.611170265549081,8.667555922367828,false,false,NaN,NaN,NaN,NaN,n/a,n/a,false,false,NaN,NaN,n/a,n/a,false,NaN,NaN,0.0,
cifar10,cnn1,model_seed42_itr19_sgd_itr1,rotation,10.0,1,368,-8.323142098262906,9.379527755081654,-7.298215078074481,8.354600734893229,false,false,NaN,NaN,NaN,NaN,n/a,n/a,false,false,NaN,NaN,n/a,n/a,false,NaN,NaN,0.0,
cifar10,cnn1,model_seed42_itr19_sgd_itr1,rotation,10.0,1,369,-8.323142098262906,9.379527755081654,-7.650962490125455,8.707348146944202,false,false,NaN,NaN,NaN,NaN,n/a,n/a,false,false,NaN,NaN,n/a,n/a,false,NaN,NaN,0.0,
cifar10,cnn1,model_seed42_itr19_sgd_itr1,rotation,10.0,1,370,-8.323142098262906,9.379527755081654,-7.2554191617991775,8.311804818617926,false,false,NaN,NaN,NaN,NaN,n/a,n/a,false,false,NaN,NaN,n/a,n/a,false,NaN,NaN,0.0,
cifar10,cnn1,model_seed42_itr19_sgd_itr1,rotation,10.0,1,371,-8.323142098262906,9.379527755081654,-7.513856055142145,8.570241711960891,false,false,NaN,NaN,NaN,NaN,n/a,n/a,false,false,NaN,NaN,n/a,n/a,false,NaN,NaN,0.0,
cifar10,cnn1,model_seed42_itr19_sgd_itr1,rotation,10.0,1,372,-8.323142098262906,9.379527755081654,-7.446946789478972,8.503332446297721,false,false,NaN,NaN,NaN,NaN,n/a,n/a,false,false,NaN,NaN,n/a,n/a,false,NaN,NaN,0.0,
cifar10,cnn1,model_seed42_itr19_sgd_itr1,rotation,10.0,1,373,-8.323142098262906,9.379527755081654,-7.560422001858403,8.616848152228783,false,false,NaN,NaN,NaN,NaN,n/a,n/a,false,false,NaN,NaN,n/a,n/a,false,NaN,NaN,0.0,
cifar10,cnn1,model_seed42_itr19_sgd_itr1,rotation,10.0,1,374,-8.323142098262906,9.379527755081654,-7.4255667338405145,8.481952390659263,false,false,NaN,NaN,NaN,NaN,n/a,n/a,false,false,NaN,NaN,n/a,n/a,false,NaN,NaN,0.0,
cifar10,cnn1,model_seed42_itr19_sgd_itr1,rotation,10.0,1,375,-8.323142098262906,9.379527755081654,-7.666986146389309,8.723371803208057,false,false,NaN,NaN,NaN,NaN,n/a,n/a,false,false,NaN,NaN,n/a,n/a,false,NaN,NaN,0.0,
cifar10,cnn1,model_seed42_itr19_sgd_itr1,rotation,10.0,1,376,-8.323142098262906,9.379527755081654,-7.388744920072156,8.445130576890904,false,false,NaN,NaN,NaN,NaN,n/a,n/a,false,false,NaN,NaN,n/a,n/a,false,NaN,NaN,0.0,
cifar10,cnn1,model_seed42_itr19_sgd_itr1,rotation,10.0,1,377,-8.323142098262906,9.379527755081654,-7.781878322081706,8.838263978900454,false,false,NaN,NaN,NaN,NaN,n/a,n/a,false,false,NaN,NaN,n/a,n/a,false,NaN,NaN,0.0,
cifar10,cnn1,model_seed42_itr19_sgd_itr1,rotation,10.0,1,378,-8.323142098262906,9.379527755081654,-7.353505699717037,8.409891356535784,false,false,NaN,NaN,NaN,NaN,n/a,n/a,false,false,NaN,NaN,n/a,n/a,false,NaN,NaN,0.0,
cifar10,cnn1,model_seed42_itr19_sgd_itr1,rotation,10.0,1,379,-8.323142098262906,9.379527755081654,-7.835329630227683,8.89171528704643,false,false,NaN,NaN,NaN,NaN,n/a,n/a,false,false,NaN,NaN,n/a,n/a,false,NaN,NaN,0.0,
cifar10,cnn1,model_seed42_itr19_sgd_itr1,rotation,10.0,1,380,-8.323142098262906,9.379527755081654,-5.768642985249366,6.646291618222798,false,false,NaN,NaN,NaN,NaN,n/a,n/a,false,false,NaN,NaN,n/a,n/a,false,NaN,NaN,0.0,
cifar10,cnn1,model_seed42_itr19_sgd_itr1,rotation,10.0,1,381,-8.323142098262906,9.379527755081654,-7.690656238309735,8.747041895128481,false,false,NaN,NaN,NaN,NaN,n/a,n/a,false,false,NaN,NaN,n/a,n/a,false,NaN,NaN,0.0,
cifar10,cnn1,model_seed42_itr19_sgd_itr1,rotation,10.0,1,382,-8.323142098262906,9.379527755081654,-7.422965322653692,8.47935097947244,false,false,NaN,NaN,NaN,NaN,n/a,n/a,false,false,NaN,NaN,n/a,n/a,false,NaN,NaN,0.0,
cifar10,cnn1,model_seed42_itr19_sgd_itr1,rotation,10.0,1,383,-8.323142098262906,9.379527755081654,-7.710464400986439,8.766850057805186,false,false,NaN,NaN,NaN,NaN,n/a,n/a,false,false,NaN,NaN,n/a,n/a,false,NaN,NaN,0.0,
cifar10,cnn1,model_seed42_itr19_sgd_itr1,rotation,10.0,1,384,-8.323142098262906,9.379527755081654,-7.348285229118596,8.404670885937344,false,false,NaN,NaN,NaN,NaN,n/a,n/a,false,false,NaN,NaN,n/a,n/a,false,NaN,NaN,0.0,
cifar10,cnn1,model_seed42_itr19_sgd_itr1,rotation,10.0,1,385,-8.323142098262906,9.379527755081654,-7.710070995746769,8.766456652565516,false,false,NaN,NaN,NaN,NaN,n/a,n/a,false,false,NaN,NaN,n/a,n/a,false,NaN,NaN,0.0,
cifar10,cnn1,model_seed42_itr19_sgd_itr1,rotation,10.0,1,386,-8.323142098262906,9.379527755081654,-7.260466082122478,8.316851738941224,false,false,NaN,NaN,NaN,NaN,n/a,n/a,false,false,NaN,NaN,n/a,n/a,false,NaN,NaN,0.0,
cifar10,cnn1,model_seed42_itr19_sgd_itr1,rotation,10.0,1,387,-8.323142098262906,9.379527755081654,-7.722736047140948,8.778668805379555,false,false,NaN,NaN,NaN,NaN,n/a,n/a,false,false,NaN,NaN,n/a,n/a,false,NaN,NaN,0.0,
cifar10,cnn1,model_seed42_itr19_sgd_itr1,rotation,10.0,1,388,-8.323142098262906,9.379527755081654,-7.216656357517398,8.273042014336145,false,false,NaN,NaN,NaN,NaN,n/a,n/a,false,false,NaN,NaN,n/a,n/a,false,NaN,NaN,0.0,
cifar10,cnn1,model_seed42_itr19_sgd_itr1,rotation,10.0,1,389,-8.323142098262906,9.379527755081654,-7.667130725018502,8.723516381837248,false,false,NaN,NaN,NaN,NaN,n/a,n/a,false,false,NaN,NaN,n/a,n/a,false,NaN,NaN,0.0,
cifar10,cnn1,model_seed42_itr19_sgd_itr1,rotation,10.0,1,390,-8.323142098262906,9.379527755081654,-5.071378959009786,5.803794545719763,false,false,NaN,NaN,NaN,NaN,n/a,n/a,false,false,NaN,NaN,n/a,n/a,false,NaN,NaN,0.0,
cifar10,cnn1,model_seed42_itr19_sgd_itr1,rotation,10.0,1,391,-8.323142098262906,9.379527755081654,-3.317677981068836,4.026984643971072,false,false,NaN,NaN,NaN,NaN,n/a,n/a,false,false,NaN,NaN,n/a,n/a,false,NaN,NaN,0.0,
cifar10,cnn1,model_seed42_itr19_sgd_itr1,rotation,10.0,1,392,-8.323142098262906,9.379527755081654,-4.997632302170587,5.6498293036725045,false,false,NaN,NaN,NaN,NaN,n/a,n/a,false,false,NaN,NaN,n/a,n/a,false,NaN,NaN,0.0,
cifar10,cnn1,model_seed42_itr19_sgd_itr1,rotation,10.0,1,393,-8.323142098262906,9.379527755081654,-6.7264571959973125,7.54939822916694,false,false,NaN,NaN,NaN,NaN,n/a,n/a,false,false,NaN,NaN,n/a,n/a,false,NaN,NaN,0.0,
cifar10,cnn1,model_seed42_itr19_sgd_itr1,rotation,10.0,1,394,-8.323142098262906,9.379527755081654,-7.286521822694077,8.342907479512824,false,false,NaN,NaN,NaN,NaN,n/a,n/a,false,false,NaN,NaN,n/a,n/a,false,NaN,NaN,0.0,
cifar10,cnn1,model_seed42_itr19_sgd_itr1,rotation,10.0,1,395,-8.323142098262906,9.379527755081654,-7.749219515797515,8.805605172616263,false,false,NaN,NaN,NaN,NaN,n/a,n/a,false,false,NaN,NaN,n/a,n/a,false,NaN,NaN,0.0,
cifar10,cnn1,model_seed42_itr19_sgd_itr1,rotation,10.0,1,396,-8.323142098262906,9.379527755081654,-7.284276067972678,8.340661724791426,false,false,NaN,NaN,NaN,NaN,n/a,n/a,false,false,NaN,NaN,n/a,n/a,false,NaN,NaN,0.0,
cifar10,cnn1,model_seed42_itr19_sgd_itr1,rotation,10.0,1,397,-8.323142098262906,9.379527755081654,-7.790815243819193,8.84720090063794,false,false,NaN,NaN,NaN,NaN,n/a,n/a,false,false,NaN,NaN,n/a,n/a,false,NaN,NaN,0.0,
cifar10,cnn1,model_seed42_itr19_sgd_itr1,rotation,10.0,1,398,-8.323142098262906,9.379527755081654,-7.261535249354018,8.317920906172766,false,false,NaN,NaN,NaN,NaN,n/a,n/a,false,false,NaN,NaN,n/a,n/a,false,NaN,NaN,0.0,
cifar10,cnn1,model_seed42_itr19_sgd_itr1,rotation,10.0,1,399,-8.323142098262906,9.379527755081654,-7.7843707601853005,8.840756417004048,false,false,NaN,NaN,NaN,NaN,n/a,n/a,false,false,NaN,NaN,n/a,n/a,false,NaN,NaN,0.0,
cifar10,cnn1,model_seed42_itr19_sgd_itr1,rotation,10.0,1,400,-8.323142098262906,9.379527755081654,-3.8067330668433375,4.320437977717704,false,false,NaN,NaN,NaN,NaN,n/a,n/a,false,false,NaN,NaN,n/a,n/a,false,NaN,NaN,0.0,
cifar10,cnn1,model_seed42_itr19_sgd_itr1,rotation,10.0,1,402,-0.0518958702305099,0.0022082556679379195,-0.051270023218144285,0.0015824086555723065,false,false,NaN,NaN,NaN,NaN,n/a,n/a,false,false,NaN,NaN,n/a,n/a,false,NaN,NaN,0.0,
cifar10,cnn1,model_seed42_itr19_sgd_itr1,rotation,10.0,1,403,-0.0518958702305099,0.0022082556679379195,-0.05094071425022605,0.0012530996876540697,false,false,NaN,NaN,NaN,NaN,n/a,n/a,false,false,NaN,NaN,n/a,n/a,false,NaN,NaN,0.0,
cifar10,cnn1,model_seed42_itr19_sgd_itr1,rotation,10.0,1,404,-0.0518958702305099,0.0022082556679379195,-0.0512803338663297,0.0015927193037577206,false,false,NaN,NaN,NaN,NaN,n/a,n/a,false,false,NaN,NaN,n/a,n/a,false,NaN,NaN,0.0,
cifar10,cnn1,model_seed42_itr19_sgd_itr1,rotation,10.0,1,405,-0.0518958702305099,0.0022082556679379195,-0.050955295407051154,0.0012676808444791739,false,false,NaN,NaN,NaN,NaN,n/a,n/a,false,false,NaN,NaN,n/a,n/a,false,NaN,NaN,0.0,
cifar10,cnn1,model_seed42_itr19_sgd_itr1,rotation,10.0,1,412,-0.0518958702305099,0.0022082556679379195,-0.05133500447688886,0.001647389914316883,false,false,NaN,NaN,NaN,NaN,n/a,n/a,false,false,NaN,NaN,n/a,n/a,false,NaN,NaN,0.0,
cifar10,cnn1,model_seed42_itr19_sgd_itr1,rotation,10.0,1,413,-0.0518958702305099,0.0022082556679379195,-0.051016052585478346,0.0013284380229063616,false,false,NaN,NaN,NaN,NaN,n/a,n/a,false,false,NaN,NaN,n/a,n/a,false,NaN,NaN,0.0,
cifar10,cnn1,model_seed42_itr19_sgd_itr1,rotation,10.0,1,414,-0.0518958702305099,0.0022082556679379195,-0.05133927303021828,0.0016516584676462961,false,false,NaN,NaN,NaN,NaN,n/a,n/a,false,false,NaN,NaN,n/a,n/a,false,NaN,NaN,0.0,
cifar10,cnn1,model_seed42_itr19_sgd_itr1,rotation,10.0,1,415,-0.0518958702305099,0.0022082556679379195,-0.051047631897862024,0.0013620327112500268,false,false,NaN,NaN,NaN,NaN,n/a,n/a,false,false,NaN,NaN,n/a,n/a,false,NaN,NaN,0.0,
cifar10,cnn1,model_seed42_itr19_sgd_itr1,rotation,10.0,1,416,-0.0518958702305099,0.0022082556679379195,-0.05130835592247947,0.0016207413599074864,false,false,NaN,NaN,NaN,NaN,n/a,n/a,false,false,NaN,NaN,n/a,n/a,false,NaN,NaN,0.0,
cifar10,cnn1,model_seed42_itr19_sgd_itr1,rotation,10.0,1,417,-0.0518958702305099,0.0022082556679379195,-0.051062323776733975,0.0013747092141619998,false,false,NaN,NaN,NaN,NaN,n/a,n/a,false,false,NaN,NaN,n/a,n/a,false,NaN,NaN,0.0,
cifar10,cnn1,model_seed42_itr19_sgd_itr1,rotation,10.0,1,418,-0.0518958702305099,0.0022082556679379195,-0.05119815977204515,0.0015105452094731691,false,false,NaN,NaN,NaN,NaN,n/a,n/a,false,false,NaN,NaN,n/a,n/a,false,NaN,NaN,0.0,
cifar10,cnn1,model_seed42_itr19_sgd_itr1,rotation,10.0,1,419,-0.0518958702305099,0.0022082556679379195,-0.05106845606788059,0.0013808415053086103,false,false,NaN,NaN,NaN,NaN,n/a,n/a,false,false,NaN,NaN,n/a,n/a,false,NaN,NaN,0.0,
cifar10,cnn1,model_seed42_itr19_sgd_itr1,rotation,10.0,1,420,-0.0518958702305099,0.0022082556679379195,-0.051069089979020516,0.0013814754164485307,false,false,NaN,NaN,NaN,NaN,n/a,n/a,false,false,NaN,NaN,n/a,n/a,false,NaN,NaN,0.0,
cifar10,cnn1,model_seed42_itr19_sgd_itr1,rotation,10.0,1,422,-0.0518958702305099,0.0022082556679379195,-0.05126169143121591,0.0015740768686439265,false,false,NaN,NaN,NaN,NaN,n/a,n/a,false,false,NaN,NaN,n/a,n/a,false,NaN,NaN,0.0,
cifar10,cnn1,model_seed42_itr19_sgd_itr1,rotation,10.0,1,423,-0.0518958702305099,0.0022082556679379195,-0.050986625936146376,0.0013009726995294184,false,false,NaN,NaN,NaN,NaN,n/a,n/a,false,false,NaN,NaN,n/a,n/a,false,NaN,NaN,0.0,
cifar10,cnn1,model_seed42_itr19_sgd_itr1,rotation,10.0,1,424,-0.0518958702305099,0.0022082556679379195,-0.05125241129891605,0.0015647967363440684,false,false,NaN,NaN,NaN,NaN,n/a,n/a,false,false,NaN,NaN,n/a,n/a,false,NaN,NaN,0.0,
cifar10,cnn1,model_seed42_itr19_sgd_itr1,rotation,10.0,1,425,-0.0518958702305099,0.0022082556679379195,-0.05104944865529637,0.0013618340927243865,false,false,NaN,NaN,NaN,NaN,n/a,n/a,false,false,NaN,NaN,n/a,n/a,false,NaN,NaN,0.0,
cifar10,cnn1,model_seed42_itr19_sgd_itr1,rotation,10.0,1,426,-0.0518958702305099,0.0022082556679379195,-0.05117805639146221,0.001490441828890231,false,false,NaN,NaN,NaN,NaN,n/a,n/a,false,false,NaN,NaN,n/a,n/a,false,NaN,NaN,0.0,
cifar10,cnn1,model_seed42_itr19_sgd_itr1,rotation,10.0,1,427,-0.0518958702305099,0.0022082556679379195,-0.05110767815644428,0.0014200635938723012,false,false,NaN,NaN,NaN,NaN,n/a,n/a,false,false,NaN,NaN,n/a,n/a,false,NaN,NaN,0.0,
cifar10,cnn1,model_seed42_itr19_sgd_itr1,rotation,10.0,1,428,-0.0518958702305099,0.0022082556679379195,-0.05109983787821898,0.0014122233156469949,false,false,NaN,NaN,NaN,NaN,n/a,n/a,false,false,NaN,NaN,n/a,n/a,false,NaN,NaN,0.0,
cifar10,cnn1,model_seed42_itr19_sgd_itr1,rotation,10.0,1,429,-0.0518958702305099,0.0022082556679379195,-0.05116129095609981,0.001473676393527829,false,false,NaN,NaN,NaN,NaN,n/a,n/a,false,false,NaN,NaN,n/a,n/a,false,NaN,NaN,0.0,
cifar10,cnn1,model_seed42_itr19_sgd_itr1,rotation,10.0,1,430,-0.0518958702305099,0.0022082556679379195,-0.05103678271396839,0.0013491681513964054,false,false,NaN,NaN,NaN,NaN,n/a,n/a,false,false,NaN,NaN,n/a,n/a,false,NaN,NaN,0.0,
cifar10,cnn1,model_seed42_itr19_sgd_itr1,rotation,10.0,1,431,-0.0518958702305099,0.0022082556679379195,-0.03823227059473086,0.0006060852858218177,false,false,NaN,NaN,NaN,NaN,n/a,n/a,false,false,NaN,NaN,n/a,n/a,false,NaN,NaN,0.0,
cifar10,cnn1,model_seed42_itr19_sgd_itr1,rotation,10.0,1,432,-0.0518958702305099,0.0022082556679379195,-0.05130511390250593,0.0016174993399339548,false,false,NaN,NaN,NaN,NaN,n/a,n/a,false,false,NaN,NaN,n/a,n/a,false,NaN,NaN,0.0,
cifar10,cnn1,model_seed42_itr19_sgd_itr1,rotation,10.0,1,433,-0.0518958702305099,0.0022082556679379195,-0.05109696755506287,0.0014093529924908885,false,false,NaN,NaN,NaN,NaN,n/a,n/a,false,false,NaN,NaN,n/a,n/a,false,NaN,NaN,0.0,
cifar10,cnn1,model_seed42_itr19_sgd_itr1,rotation,10.0,1,434,-0.0518958702305099,0.0022082556679379195,-0.051262031235518306,0.0015744166729463266,false,false,NaN,NaN,NaN,NaN,n/a,n/a,false,false,NaN,NaN,n/a,n/a,false,NaN,NaN,0.0,
cifar10,cnn1,model_seed42_itr19_sgd_itr1,rotation,10.0,1,435,-0.0518958702305099,0.0022082556679379195,-0.051140345713652974,0.0014527311510809946,false,false,NaN,NaN,NaN,NaN,n/a,n/a,false,false,NaN,NaN,n/a,n/a,false,NaN,NaN,0.0,
cifar10,cnn1,model_seed42_itr19_sgd_itr1,rotation,10.0,1,436,-0.0518958702305099,0.0022082556679379195,-0.051147141143639434,0.0014595265810674503,false,false,NaN,NaN,NaN,NaN,n/a,n/a,false,false,NaN,NaN,n/a,n/a,false,NaN,NaN,0.0,
cifar10,cnn1,model_seed42_itr19_sgd_itr1,rotation,10.0,1,437,-0.0518958702305099,0.0022082556679379195,-0.05117287875873397,0.001485264196161986,false,false,NaN,NaN,NaN,NaN,n/a,n/a,false,false,NaN,NaN,n/a,n/a,false,NaN,NaN,0.0,
cifar10,cnn1,model_seed42_itr19_sgd_itr1,rotation,10.0,1,438,-0.0518958702305099,0.0022082556679379195,-0.051010200621819365,0.001322586059247385,false,false,NaN,NaN,NaN,NaN,n/a,n/a,false,false,NaN,NaN,n/a,n/a,false,NaN,NaN,0.0,
cifar10,cnn1,model_seed42_itr19_sgd_itr1,rotation,10.0,1,439,-0.0518958702305099,0.0022082556679379195,-0.05120305362989834,0.0015154390673263636,false,false,NaN,NaN,NaN,NaN,n/a,n/a,false,false,NaN,NaN,n/a,n/a,false,NaN,NaN,0.0,
cifar10,cnn1,model_seed42_itr19_sgd_itr1,rotation,10.0,1,440,-0.0518958702305099,0.0022082556679379195,-0.050965142873296745,0.0012775283107247667,false,false,NaN,NaN,NaN,NaN,n/a,n/a,false,false,NaN,NaN,n/a,n/a,false,NaN,NaN,0.0,
cifar10,cnn1,model_seed42_itr19_sgd_itr1,rotation,10.0,1,441,-0.0518958702305099,0.0022082556679379195,-0.04766494585506749,0.0006392722688907853,false,false,NaN,NaN,NaN,NaN,n/a,n/a,false,false,NaN,NaN,n/a,n/a,false,NaN,NaN,0.0,
cifar10,cnn1,model_seed42_itr19_sgd_itr1,rotation,10.0,1,442,-0.0518958702305099,0.0022082556679379195,-0.051130607174929926,0.0014429926123579488,false,false,NaN,NaN,NaN,NaN,n/a,n/a,false,false,NaN,NaN,n/a,n/a,false,NaN,NaN,0.0,
cifar10,cnn1,model_seed42_itr19_sgd_itr1,rotation,10.0,1,443,-0.0518958702305099,0.0022082556679379195,-0.051097378914731525,0.0014097643521595433,false,false,NaN,NaN,NaN,NaN,n/a,n/a,false,false,NaN,NaN,n/a,n/a,false,NaN,NaN,0.0,
cifar10,cnn1,model_seed42_itr19_sgd_itr1,rotation,10.0,1,444,-0.0518958702305099,0.0022082556679379195,-0.051046053531334595,0.0013633739827576632,false,false,NaN,NaN,NaN,NaN,n/a,n/a,false,false,NaN,NaN,n/a,n/a,false,NaN,NaN,0.0,
cifar10,cnn1,model_seed42_itr19_sgd_itr1,rotation,10.0,1,445,-0.0518958702305099,0.0022082556679379195,-0.05115626277725841,0.0014686482146864313,false,false,NaN,NaN,NaN,NaN,n/a,n/a,false,false,NaN,NaN,n/a,n/a,false,NaN,NaN,0.0,
cifar10,cnn1,model_seed42_itr19_sgd_itr1,rotation,10.0,1,446,-0.0518958702305099,0.0022082556679379195,-0.050977636976256686,0.0012900224136847076,false,false,NaN,NaN,NaN,NaN,n/a,n/a,false,false,NaN,NaN,n/a,n/a,false,NaN,NaN,0.0,
cifar10,cnn1,model_seed42_itr19_sgd_itr1,rotation,10.0,1,447,-0.0518958702305099,0.0022082556679379195,-0.05120410932168566,0.001516494759113678,false,false,NaN,NaN,NaN,NaN,n/a,n/a,false,false,NaN,NaN,n/a,n/a,false,NaN,NaN,0.0,
cifar10,cnn1,model_seed42_itr19_sgd_itr1,rotation,10.0,1,448,-0.0518958702305099,0.0022082556679379195,-0.050942507042740795,0.0012548924801688167,false,false,NaN,NaN,NaN,NaN,n/a,n/a,false,false,NaN,NaN,n/a,n/a,false,NaN,NaN,0.0,
cifar10,cnn1,model_seed42_itr19_sgd_itr1,rotation,10.0,1,449,-0.0518958702305099,0.0022082556679379195,-0.051235233013664394,0.001547618451092414,false,false,NaN,NaN,NaN,NaN,n/a,n/a,false,false,NaN,NaN,n/a,n/a,false,NaN,NaN,0.0,
cifar10,cnn1,model_seed42_itr19_sgd_itr1,rotation,10.0,1,450,-0.0518958702305099,0.0022082556679379195,-0.05089690265072205,0.001209288088150069,false,false,NaN,NaN,NaN,NaN,n/a,n/a,false,false,NaN,NaN,n/a,n/a,false,NaN,NaN,0.0,
cifar10,cnn1,model_seed42_itr19_sgd_itr1,rotation,10.0,1,451,-0.0518958702305099,0.0022082556679379195,-0.051133641722306916,0.0014460271597349348,false,false,NaN,NaN,NaN,NaN,n/a,n/a,false,false,NaN,NaN,n/a,n/a,false,NaN,NaN,0.0,
cifar10,cnn1,model_seed42_itr19_sgd_itr1,rotation,10.0,1,452,-0.0518958702305099,0.0022082556679379195,-0.05111454892907529,0.0014269343665033142,false,false,NaN,NaN,NaN,NaN,n/a,n/a,false,false,NaN,NaN,n/a,n/a,false,NaN,NaN,0.0,
cifar10,cnn1,model_seed42_itr19_sgd_itr1,rotation,10.0,1,453,-0.0518958702305099,0.0022082556679379195,-0.05118249922613978,0.0014948846635677963,false,false,NaN,NaN,NaN,NaN,n/a,n/a,false,false,NaN,NaN,n/a,n/a,false,NaN,NaN,0.0,
cifar10,cnn1,model_seed42_itr19_sgd_itr1,rotation,10.0,1,454,-0.0518958702305099,0.0022082556679379195,-0.05106500511111681,0.001377390548544829,false,false,NaN,NaN,NaN,NaN,n/a,n/a,false,false,NaN,NaN,n/a,n/a,false,NaN,NaN,0.0,
cifar10,cnn1,model_seed42_itr19_sgd_itr1,rotation,10.0,1,455,-0.0518958702305099,0.0022082556679379195,-0.05126982688675369,0.0015822123241817044,false,false,NaN,NaN,NaN,NaN,n/a,n/a,false,false,NaN,NaN,n/a,n/a,false,NaN,NaN,0.0,
cifar10,cnn1,model_seed42_itr19_sgd_itr1,rotation,10.0,1,456,-0.0518958702305099,0.0022082556679379195,-0.05102858222503719,0.0013409676624652122,false,false,NaN,NaN,NaN,NaN,n/a,n/a,false,false,NaN,NaN,n/a,n/a,false,NaN,NaN,0.0,
cifar10,cnn1,model_seed42_itr19_sgd_itr1,rotation,10.0,1,457,-0.0518958702305099,0.0022082556679379195,-0.051269195262832745,0.00158158070026076,false,false,NaN,NaN,NaN,NaN,n/a,n/a,false,false,NaN,NaN,n/a,n/a,false,NaN,NaN,0.0,
cifar10,cnn1,model_seed42_itr19_sgd_itr1,rotation,10.0,1,458,-0.0518958702305099,0.0022082556679379195,-0.050940283498030786,0.0012526689354588057,false,false,NaN,NaN,NaN,NaN,n/a,n/a,false,false,NaN,NaN,n/a,n/a,false,NaN,NaN,0.0,
cifar10,cnn1,model_seed42_itr19_sgd_itr1,rotation,10.0,1,459,-0.0518958702305099,0.0022082556679379195,-0.051245143210779026,0.001557528648207046,false,false,NaN,NaN,NaN,NaN,n/a,n/a,false,false,NaN,NaN,n/a,n/a,false,NaN,NaN,0.0,
cifar10,cnn1,model_seed42_itr19_sgd_itr1,rotation,10.0,1,460,-0.0518958702305099,0.0022082556679379195,-0.0508704396170763,0.0011828250545043197,false,false,NaN,NaN,NaN,NaN,n/a,n/a,false,false,NaN,NaN,n/a,n/a,false,NaN,NaN,0.0,
cifar10,cnn1,model_seed42_itr19_sgd_itr1,rotation,10.0,1,461,-0.0518958702305099,0.0022082556679379195,-0.05115323385439351,0.0014656192918215318,false,false,NaN,NaN,NaN,NaN,n/a,n/a,false,false,NaN,NaN,n/a,n/a,false,NaN,NaN,0.0,
cifar10,cnn1,model_seed42_itr19_sgd_itr1,rotation,10.0,1,462,-0.0518958702305099,0.0022082556679379195,-0.050959997179523916,0.0012723826169519395,false,false,NaN,NaN,NaN,NaN,n/a,n/a,false,false,NaN,NaN,n/a,n/a,false,NaN,NaN,0.0,
cifar10,cnn1,model_seed42_itr19_sgd_itr1,rotation,10.0,1,463,-0.0518958702305099,0.0022082556679379195,-0.05119918110939214,0.0015115665468201553,false,false,NaN,NaN,NaN,NaN,n/a,n/a,false,false,NaN,NaN,n/a,n/a,false,NaN,NaN,0.0,
cifar10,cnn1,model_seed42_itr19_sgd_itr1,rotation,10.0,1,464,-0.0518958702305099,0.0022082556679379195,-0.05092892307060484,0.0012413085080328666,false,false,NaN,NaN,NaN,NaN,n/a,n/a,false,false,NaN,NaN,n/a,n/a,false,NaN,NaN,0.0,
cifar10,cnn1,model_seed42_itr19_sgd_itr1,rotation,10.0,1,465,-0.0518958702305099,0.0022082556679379195,-0.051206520800705035,0.0015189062381330593,false,false,NaN,NaN,NaN,NaN,n/a,n/a,false,false,NaN,NaN,n/a,n/a,false,NaN,NaN,0.0,
cifar10,cnn1,model_seed42_itr19_sgd_itr1,rotation,10.0,1,466,-0.0518958702305099,0.0022082556679379195,-0.050862156663116734,0.0011745421005447598,false,false,NaN,NaN,NaN,NaN,n/a,n/a,false,false,NaN,NaN,n/a,n/a,false,NaN,NaN,0.0,
cifar10,cnn1,model_seed42_itr19_sgd_itr1,rotation,10.0,1,467,-0.0518958702305099,0.0022082556679379195,-0.05125399891700291,0.0015663843544309348,false,false,NaN,NaN,NaN,NaN,n/a,n/a,false,false,NaN,NaN,n/a,n/a,false,NaN,NaN,0.0,
cifar10,cnn1,model_seed42_itr19_sgd_itr1,rotation,10.0,1,468,-0.0518958702305099,0.0022082556679379195,-0.050885013489015245,0.001197398926443262,false,false,NaN,NaN,NaN,NaN,n/a,n/a,false,false,NaN,NaN,n/a,n/a,false,NaN,NaN,0.0,
cifar10,cnn1,model_seed42_itr19_sgd_itr1,rotation,10.0,1,469,-0.0518958702305099,0.0022082556679379195,-0.05129350616513857,0.0016058916025665907,false,false,NaN,NaN,NaN,NaN,n/a,n/a,false,false,NaN,NaN,n/a,n/a,false,NaN,NaN,0.0,
cifar10,cnn1,model_seed42_itr19_sgd_itr1,rotation,10.0,1,470,-0.0518958702305099,0.0022082556679379195,-0.05090349942011399,0.0012158848575420118,false,false,NaN,NaN,NaN,NaN,n/a,n/a,false,false,NaN,NaN,n/a,n/a,false,NaN,NaN,0.0,
cifar10,cnn1,model_seed42_itr19_sgd_itr1,rotation,10.0,1,471,-0.0518958702305099,0.0022082556679379195,-0.05122841855407589,0.001540803991503907,false,false,NaN,NaN,NaN,NaN,n/a,n/a,false,false,NaN,NaN,n/a,n/a,false,NaN,NaN,0.0,
cifar10,cnn1,model_seed42_itr19_sgd_itr1,rotation,10.0,1,472,-0.0518958702305099,0.0022082556679379195,-0.05095004913646434,0.001262434573892357,false,false,NaN,NaN,NaN,NaN,n/a,n/a,false,false,NaN,NaN,n/a,n/a,false,NaN,NaN,0.0,
cifar10,cnn1,model_seed42_itr19_sgd_itr1,rotation,10.0,1,473,-0.0518958702305099,0.0022082556679379195,-0.051266556741329565,0.001578942178757592,false,false,NaN,NaN,NaN,NaN,n/a,n/a,false,false,NaN,NaN,n/a,n/a,false,NaN,NaN,0.0,
cifar10,cnn1,model_seed42_itr19_sgd_itr1,rotation,10.0,1,474,-0.0518958702305099,0.0022082556679379195,-0.05093939035769532,0.0012517757951233405,false,false,NaN,NaN,NaN,NaN,n/a,n/a,false,false,NaN,NaN,n/a,n/a,false,NaN,NaN,0.0,
cifar10,cnn1,model_seed42_itr19_sgd_itr1,rotation,10.0,1,475,-0.0518958702305099,0.0022082556679379195,-0.05129672406042103,0.0016091094978490537,false,false,NaN,NaN,NaN,NaN,n/a,n/a,false,false,NaN,NaN,n/a,n/a,false,NaN,NaN,0.0,
cifar10,cnn1,model_seed42_itr19_sgd_itr1,rotation,10.0,1,476,-0.0518958702305099,0.0022082556679379195,-0.05091990359032225,0.0012322890277502714,false,false,NaN,NaN,NaN,NaN,n/a,n/a,false,false,NaN,NaN,n/a,n/a,false,NaN,NaN,0.0,
cifar10,cnn1,model_seed42_itr19_sgd_itr1,rotation,10.0,1,477,-0.0518958702305099,0.0022082556679379195,-0.051356471377604365,0.0016688568150323817,false,false,NaN,NaN,NaN,NaN,n/a,n/a,false,false,NaN,NaN,n/a,n/a,false,NaN,NaN,0.0,
cifar10,cnn1,model_seed42_itr19_sgd_itr1,rotation,10.0,1,478,-0.0518958702305099,0.0022082556679379195,-0.05090864351081463,0.0012210289482426436,false,false,NaN,NaN,NaN,NaN,n/a,n/a,false,false,NaN,NaN,n/a,n/a,false,NaN,NaN,0.0,
cifar10,cnn1,model_seed42_itr19_sgd_itr1,rotation,10.0,1,479,-0.0518958702305099,0.0022082556679379195,-0.05136171819963831,0.0016741036370663221,false,false,NaN,NaN,NaN,NaN,n/a,n/a,false,false,NaN,NaN,n/a,n/a,false,NaN,NaN,0.0,
cifar10,cnn1,model_seed42_itr19_sgd_itr1,rotation,10.0,1,480,-0.0518958702305099,0.0022082556679379195,-0.040640304468801514,0.001246458331939222,false,false,NaN,NaN,NaN,NaN,n/a,n/a,false,false,NaN,NaN,n/a,n/a,false,NaN,NaN,0.0,
cifar10,cnn1,model_seed42_itr19_sgd_itr1,rotation,10.0,1,481,-0.0518958702305099,0.0022082556679379195,-0.05120285415426227,0.0015152395916902934,false,false,NaN,NaN,NaN,NaN,n/a,n/a,false,false,NaN,NaN,n/a,n/a,false,NaN,NaN,0.0,
cifar10,cnn1,model_seed42_itr19_sgd_itr1,rotation,10.0,1,482,-0.0518958702305099,0.0022082556679379195,-0.05088462231028594,0.0011970077477139636,false,false,NaN,NaN,NaN,NaN,n/a,n/a,false,false,NaN,NaN,n/a,n/a,false,NaN,NaN,0.0,
cifar10,cnn1,model_seed42_itr19_sgd_itr1,rotation,10.0,1,483,-0.0518958702305099,0.0022082556679379195,-0.05123783911903708,0.0015502245564650934,false,false,NaN,NaN,NaN,NaN,n/a,n/a,false,false,NaN,NaN,n/a,n/a,false,NaN,NaN,0.0,
cifar10,cnn1,model_seed42_itr19_sgd_itr1,rotation,10.0,1,484,-0.0518958702305099,0.0022082556679379195,-0.05088205121786615,0.001194436655294174,false,false,NaN,NaN,NaN,NaN,n/a,n/a,false,false,NaN,NaN,n/a,n/a,false,NaN,NaN,0.0,
cifar10,cnn1,model_seed42_itr19_sgd_itr1,rotation,10.0,1,485,-0.0518958702305099,0.0022082556679379195,-0.05128644700911193,0.0015988324465399514,false,false,NaN,NaN,NaN,NaN,n/a,n/a,false,false,NaN,NaN,n/a,n/a,false,NaN,NaN,0.0,
cifar10,cnn1,model_seed42_itr19_sgd_itr1,rotation,10.0,1,486,-0.0518958702305099,0.0022082556679379195,-0.05090552756502962,0.0012179130024576393,false,false,NaN,NaN,NaN,NaN,n/a,n/a,false,false,NaN,NaN,n/a,n/a,false,NaN,NaN,0.0,
cifar10,cnn1,model_seed42_itr19_sgd_itr1,rotation,10.0,1,487,-0.0518958702305099,0.0022082556679379195,-0.05129956084135301,0.0016119462787810342,false,false,NaN,NaN,NaN,NaN,n/a,n/a,false,false,NaN,NaN,n/a,n/a,false,NaN,NaN,0.0,
cifar10,cnn1,model_seed42_itr19_sgd_itr1,rotation,10.0,1,488,-0.0518958702305099,0.0022082556679379195,-0.050924633017393334,0.0012370184548213489,false,false,NaN,NaN,NaN,NaN,n/a,n/a,false,false,NaN,NaN,n/a,n/a,false,NaN,NaN,0.0,
cifar10,cnn1,model_seed42_itr19_sgd_itr1,rotation,10.0,1,489,-0.0518958702305099,0.0022082556679379195,-0.051294626175365746,0.001607011612793763,false,false,NaN,NaN,NaN,NaN,n/a,n/a,false,false,NaN,NaN,n/a,n/a,false,NaN,NaN,0.0,
cifar10,cnn1,model_seed42_itr19_sgd_itr1,rotation,10.0,1,490,-0.0518958702305099,0.0022082556679379195,-0.03895111284921214,0.0006560617807953467,false,false,NaN,NaN,NaN,NaN,n/a,n/a,false,false,NaN,NaN,n/a,n/a,false,NaN,NaN,0.0,
cifar10,cnn1,model_seed42_itr19_sgd_itr1,rotation,10.0,1,491,-0.0518958702305099,0.0022082556679379195,-0.017068128155215596,0.0015908265295642883,false,false,NaN,NaN,NaN,NaN,n/a,n/a,false,false,NaN,NaN,n/a,n/a,false,NaN,NaN,0.0,
cifar10,cnn1,model_seed42_itr19_sgd_itr1,rotation,10.0,1,492,-0.0518958702305099,0.0022082556679379195,-0.028316335156747145,0.0012062088070213832,false,false,NaN,NaN,NaN,NaN,n/a,n/a,false,false,NaN,NaN,n/a,n/a,false,NaN,NaN,0.0,
cifar10,cnn1,model_seed42_itr19_sgd_itr1,rotation,10.0,1,493,-0.0518958702305099,0.0022082556679379195,-0.04071325377349686,0.0016221236224327287,false,false,NaN,NaN,NaN,NaN,n/a,n/a,false,false,NaN,NaN,n/a,n/a,false,NaN,NaN,0.0,
cifar10,cnn1,model_seed42_itr19_sgd_itr1,rotation,10.0,1,494,-0.0518958702305099,0.0022082556679379195,-0.05090780719072964,0.0012201926281576628,false,false,NaN,NaN,NaN,NaN,n/a,n/a,false,false,NaN,NaN,n/a,n/a,false,NaN,NaN,0.0,
cifar10,cnn1,model_seed42_itr19_sgd_itr1,rotation,10.0,1,495,-0.0518958702305099,0.0022082556679379195,-0.051362495056451976,0.001674880493879997,false,false,NaN,NaN,NaN,NaN,n/a,n/a,false,false,NaN,NaN,n/a,n/a,false,NaN,NaN,0.0,
cifar10,cnn1,model_seed42_itr19_sgd_itr1,rotation,10.0,1,496,-0.0518958702305099,0.0022082556679379195,-0.05094146907857861,0.001253854516006629,false,false,NaN,NaN,NaN,NaN,n/a,n/a,false,false,NaN,NaN,n/a,n/a,false,NaN,NaN,0.0,
cifar10,cnn1,model_seed42_itr19_sgd_itr1,rotation,10.0,1,497,-0.0518958702305099,0.0022082556679379195,-0.05137918148461397,0.0016915669220419808,false,false,NaN,NaN,NaN,NaN,n/a,n/a,false,false,NaN,NaN,n/a,n/a,false,NaN,NaN,0.0,
cifar10,cnn1,model_seed42_itr19_sgd_itr1,rotation,10.0,1,498,-0.0518958702305099,0.0022082556679379195,-0.050991527564261126,0.0013039130016891495,false,false,NaN,NaN,NaN,NaN,n/a,n/a,false,false,NaN,NaN,n/a,n/a,false,NaN,NaN,0.0,
cifar10,cnn1,model_seed42_itr19_sgd_itr1,rotation,10.0,1,499,-0.0518958702305099,0.0022082556679379195,-0.05131933947737359,0.0016317249148016114,false,false,NaN,NaN,NaN,NaN,n/a,n/a,false,false,NaN,NaN,n/a,n/a,false,NaN,NaN,0.0,
cifar10,cnn1,model_seed42_itr19_sgd_itr1,rotation,10.0,1,500,-0.0518958702305099,0.0022082556679379195,-0.027081022700898676,0.000886809568059027,false,false,NaN,NaN,NaN,NaN,n/a,n/a,false,false,NaN,NaN,n/a,n/a,false,NaN,NaN,0.0,
cifar10,cnn1,model_seed42_itr19_sgd_itr1,rotation,10.0,1,501,-0.006470931925605328,0.0033095248363679275,-0.002779285688772654,0.00011885452928887602,false,false,NaN,NaN,NaN,NaN,n/a,n/a,false,false,NaN,NaN,n/a,n/a,false,NaN,NaN,0.0,
cifar10,cnn1,model_seed42_itr19_sgd_itr1,rotation,10.0,1,502,-0.006470931925605328,0.0033095248363679275,-0.0052171184109823954,0.0020557113217449952,false,false,NaN,NaN,NaN,NaN,n/a,n/a,false,false,NaN,NaN,n/a,n/a,false,NaN,NaN,0.0,
cifar10,cnn1,model_seed42_itr19_sgd_itr1,rotation,10.0,1,503,-0.006470931925605328,0.0033095248363679275,-0.0048989129802569555,0.0017375058910195557,false,false,NaN,NaN,NaN,NaN,n/a,n/a,false,false,NaN,NaN,n/a,n/a,false,NaN,NaN,0.0,
cifar10,cnn1,model_seed42_itr19_sgd_itr1,rotation,10.0,1,504,-0.006470931925605328,0.0033095248363679275,-0.0051332175207952635,0.0019718104315578633,false,false,NaN,NaN,NaN,NaN,n/a,n/a,false,false,NaN,NaN,n/a,n/a,false,NaN,NaN,0.0,
cifar10,cnn1,model_seed42_itr19_sgd_itr1,rotation,10.0,1,505,-0.006470931925605328,0.0033095248363679275,-0.0047889573405753725,0.0016275502513379732,false,false,NaN,NaN,NaN,NaN,n/a,n/a,false,false,NaN,NaN,n/a,n/a,false,NaN,NaN,0.0,
cifar10,cnn1,model_seed42_itr19_sgd_itr1,rotation,10.0,1,506,-0.006470931925605328,0.0033095248363679275,-0.00485028304280891,0.0014433991062316228,false,false,NaN,NaN,NaN,NaN,n/a,n/a,false,false,NaN,NaN,n/a,n/a,false,NaN,NaN,0.0,
cifar10,cnn1,model_seed42_itr19_sgd_itr1,rotation,10.0,1,507,-0.006470931925605328,0.0033095248363679275,-0.0042523072373748215,0.0005120571128096852,false,false,NaN,NaN,NaN,NaN,n/a,n/a,false,false,NaN,NaN,n/a,n/a,false,NaN,NaN,0.0,
cifar10,cnn1,model_seed42_itr19_sgd_itr1,rotation,10.0,1,508,-0.006470931925605328,0.0033095248363679275,-0.0036970554071492114,0.0006752269412969728,false,false,NaN,NaN,NaN,NaN,n/a,n/a,false,false,NaN,NaN,n/a,n/a,false,NaN,NaN,0.0,
cifar10,cnn1,model_seed42_itr19_sgd_itr1,rotation,10.0,1,509,-0.006470931925605328,0.0033095248363679275,-0.0031107746960026177,0.0002199379440719259,false,false,NaN,NaN,NaN,NaN,n/a,n/a,false,false,NaN,NaN,n/a,n/a,false,NaN,NaN,0.0,
cifar10,cnn1,model_seed42_itr19_sgd_itr1,rotation,10.0,1,511,-0.006470931925605328,0.0033095248363679275,-0.0029840853274222894,0.0007696197035571089,false,false,NaN,NaN,NaN,NaN,n/a,n/a,false,false,NaN,NaN,n/a,n/a,false,NaN,NaN,0.0,
cifar10,cnn1,model_seed42_itr19_sgd_itr1,rotation,10.0,1,512,-0.006470931925605328,0.0033095248363679275,-0.005191935191015644,0.002030528101778245,false,false,NaN,NaN,NaN,NaN,n/a,n/a,false,false,NaN,NaN,n/a,n/a,false,NaN,NaN,0.0,
cifar10,cnn1,model_seed42_itr19_sgd_itr1,rotation,10.0,1,513,-0.006470931925605328,0.0033095248363679275,-0.0050425626380331025,0.0018811555487957023,false,false,NaN,NaN,NaN,NaN,n/a,n/a,false,false,NaN,NaN,n/a,n/a,false,NaN,NaN,0.0,
cifar10,cnn1,model_seed42_itr19_sgd_itr1,rotation,10.0,1,514,-0.006470931925605328,0.0033095248363679275,-0.005414455848619429,0.002253048759382029,false,false,NaN,NaN,NaN,NaN,n/a,n/a,false,false,NaN,NaN,n/a,n/a,false,NaN,NaN,0.0,
cifar10,cnn1,model_seed42_itr19_sgd_itr1,rotation,10.0,1,515,-0.006470931925605328,0.0033095248363679275,-0.005110679282355143,0.001949272193117742,false,false,NaN,NaN,NaN,NaN,n/a,n/a,false,false,NaN,NaN,n/a,n/a,false,NaN,NaN,0.0,
cifar10,cnn1,model_seed42_itr19_sgd_itr1,rotation,10.0,1,516,-0.006470931925605328,0.0033095248363679275,-0.005484200022256703,0.0023227929330193035,false,false,NaN,NaN,NaN,NaN,n/a,n/a,false,false,NaN,NaN,n/a,n/a,false,NaN,NaN,0.0,
cifar10,cnn1,model_seed42_itr19_sgd_itr1,rotation,10.0,1,517,-0.006470931925605328,0.0033095248363679275,-0.005168133129520805,0.0020067260402834046,false,false,NaN,NaN,NaN,NaN,n/a,n/a,false,false,NaN,NaN,n/a,n/a,false,NaN,NaN,0.0,
cifar10,cnn1,model_seed42_itr19_sgd_itr1,rotation,10.0,1,518,-0.006470931925605328,0.0033095248363679275,-0.005482727113671907,0.002321090598160475,false,false,NaN,NaN,NaN,NaN,n/a,n/a,false,false,NaN,NaN,n/a,n/a,false,NaN,NaN,0.0,
cifar10,cnn1,model_seed42_itr19_sgd_itr1,rotation,10.0,1,519,-0.006470931925605328,0.0033095248363679275,-0.005077727344504054,0.0019163202552666542,false,false,NaN,NaN,NaN,NaN,n/a,n/a,false,false,NaN,NaN,n/a,n/a,false,NaN,NaN,0.0,
cifar10,cnn1,model_seed42_itr19_sgd_itr1,rotation,10.0,1,520,-0.006470931925605328,0.0033095248363679275,-0.005349661104336849,0.002188254015099449,false,false,NaN,NaN,NaN,NaN,n/a,n/a,false,false,NaN,NaN,n/a,n/a,false,NaN,NaN,0.0,
cifar10,cnn1,model_seed42_itr19_sgd_itr1,rotation,10.0,1,521,-0.006470931925605328,0.0033095248363679275,-0.0037205995802568038,0.0008709048761746645,false,false,NaN,NaN,NaN,NaN,n/a,n/a,false,false,NaN,NaN,n/a,n/a,false,NaN,NaN,0.0,
cifar10,cnn1,model_seed42_itr19_sgd_itr1,rotation,10.0,1,522,-0.006470931925605328,0.0033095248363679275,-0.0053269880544822585,0.0021655809652448583,false,false,NaN,NaN,NaN,NaN,n/a,n/a,false,false,NaN,NaN,n/a,n/a,false,NaN,NaN,0.0,
cifar10,cnn1,model_seed42_itr19_sgd_itr1,rotation,10.0,1,523,-0.006470931925605328,0.0033095248363679275,-0.004891270901603298,0.0017298638123658975,false,false,NaN,NaN,NaN,NaN,n/a,n/a,false,false,NaN,NaN,n/a,n/a,false,NaN,NaN,0.0,
cifar10,cnn1,model_seed42_itr19_sgd_itr1,rotation,10.0,1,524,-0.006470931925605328,0.0033095248363679275,-0.005251140244968672,0.0020896579961063332,false,false,NaN,NaN,NaN,NaN,n/a,n/a,false,false,NaN,NaN,n/a,n/a,false,NaN,NaN,0.0,
cifar10,cnn1,model_seed42_itr19_sgd_itr1,rotation,10.0,1,525,-0.006470931925605328,0.0033095248363679275,-0.004845204044588264,0.001683796955350864,false,false,NaN,NaN,NaN,NaN,n/a,n/a,false,false,NaN,NaN,n/a,n/a,false,NaN,NaN,0.0,
cifar10,cnn1,model_seed42_itr19_sgd_itr1,rotation,10.0,1,526,-0.006470931925605328,0.0033095248363679275,-0.005083745654780808,0.0019223385655434081,false,false,NaN,NaN,NaN,NaN,n/a,n/a,false,false,NaN,NaN,n/a,n/a,false,NaN,NaN,0.0,
cifar10,cnn1,model_seed42_itr19_sgd_itr1,rotation,10.0,1,527,-0.006470931925605328,0.0033095248363679275,-0.004799607324954098,0.0016382002357166981,false,false,NaN,NaN,NaN,NaN,n/a,n/a,false,false,NaN,NaN,n/a,n/a,false,NaN,NaN,0.0,
cifar10,cnn1,model_seed42_itr19_sgd_itr1,rotation,10.0,1,528,-0.006470931925605328,0.0033095248363679275,-0.004984086447039857,0.0018226793578024567,false,false,NaN,NaN,NaN,NaN,n/a,n/a,false,false,NaN,NaN,n/a,n/a,false,NaN,NaN,0.0,
cifar10,cnn1,model_seed42_itr19_sgd_itr1,rotation,10.0,1,529,-0.006470931925605328,0.0033095248363679275,-0.004788650398992025,0.0016272433097546252,false,false,NaN,NaN,NaN,NaN,n/a,n/a,false,false,NaN,NaN,n/a,n/a,false,NaN,NaN,0.0,
cifar10,cnn1,model_seed42_itr19_sgd_itr1,rotation,10.0,1,530,-0.006470931925605328,0.0033095248363679275,-0.005010845191682851,0.0018494381024454511,false,false,NaN,NaN,NaN,NaN,n/a,n/a,false,false,NaN,NaN,n/a,n/a,false,NaN,NaN,0.0,
cifar10,cnn1,model_seed42_itr19_sgd_itr1,rotation,10.0,1,531,-0.006470931925605328,0.0033095248363679275,-0.004213283937770283,0.0010088738581091818,false,false,NaN,NaN,NaN,NaN,n/a,n/a,false,false,NaN,NaN,n/a,n/a,false,NaN,NaN,0.0,
cifar10,cnn1,model_seed42_itr19_sgd_itr1,rotation,10.0,1,532,-0.006470931925605328,0.0033095248363679275,-0.005212291558414556,0.0020508844691771557,false,false,NaN,NaN,NaN,NaN,n/a,n/a,false,false,NaN,NaN,n/a,n/a,false,NaN,NaN,0.0,
cifar10,cnn1,model_seed42_itr19_sgd_itr1,rotation,10.0,1,533,-0.006470931925605328,0.0033095248363679275,-0.004984778952222223,0.0018233718629848223,false,false,NaN,NaN,NaN,NaN,n/a,n/a,false,false,NaN,NaN,n/a,n/a,false,NaN,NaN,0.0,
cifar10,cnn1,model_seed42_itr19_sgd_itr1,rotation,10.0,1,534,-0.006470931925605328,0.0033095248363679275,-0.00534587858154439,0.00218447149230699,false,false,NaN,NaN,NaN,NaN,n/a,n/a,false,false,NaN,NaN,n/a,n/a,false,NaN,NaN,0.0,
cifar10,cnn1,model_seed42_itr19_sgd_itr1,rotation,10.0,1,535,-0.006470931925605328,0.0033095248363679275,-0.005123931383950035,0.0019625242947126347,false,false,NaN,NaN,NaN,NaN,n/a,n/a,false,false,NaN,NaN,n/a,n/a,false,NaN,NaN,0.0,
cifar10,cnn1,model_seed42_itr19_sgd_itr1,rotation,10.0,1,536,-0.006470931925605328,0.0033095248363679275,-0.0053966809348260985,0.0022352738455886987,false,false,NaN,NaN,NaN,NaN,n/a,n/a,false,false,NaN,NaN,n/a,n/a,false,NaN,NaN,0.0,
cifar10,cnn1,model_seed42_itr19_sgd_itr1,rotation,10.0,1,537,-0.006470931925605328,0.0033095248363679275,-0.005223968773263682,0.0020621078875829187,false,false,NaN,NaN,NaN,NaN,n/a,n/a,false,false,NaN,NaN,n/a,n/a,false,NaN,NaN,0.0,
cifar10,cnn1,model_seed42_itr19_sgd_itr1,rotation,10.0,1,538,-0.006470931925605328,0.0033095248363679275,-0.005440031255609703,0.0022786241663723034,false,false,NaN,NaN,NaN,NaN,n/a,n/a,false,false,NaN,NaN,n/a,n/a,false,NaN,NaN,0.0,
cifar10,cnn1,model_seed42_itr19_sgd_itr1,rotation,10.0,1,539,-0.006470931925605328,0.0033095248363679275,-0.0052881889127377,0.0021267818235002995,false,false,NaN,NaN,NaN,NaN,n/a,n/a,false,false,NaN,NaN,n/a,n/a,false,NaN,NaN,0.0,
cifar10,cnn1,model_seed42_itr19_sgd_itr1,rotation,10.0,1,540,-0.006470931925605328,0.0033095248363679275,-0.005341456466801137,0.002180049377563737,false,false,NaN,NaN,NaN,NaN,n/a,n/a,false,false,NaN,NaN,n/a,n/a,false,NaN,NaN,0.0,
cifar10,cnn1,model_seed42_itr19_sgd_itr1,rotation,10.0,1,541,-0.006470931925605328,0.0033095248363679275,-0.004909942277426476,0.001321080922015777,false,false,NaN,NaN,NaN,NaN,n/a,n/a,false,false,NaN,NaN,n/a,n/a,false,NaN,NaN,0.0,
cifar10,cnn1,model_seed42_itr19_sgd_itr1,rotation,10.0,1,542,-0.006470931925605328,0.0033095248363679275,-0.005300196136107869,0.0021387890468704688,false,false,NaN,NaN,NaN,NaN,n/a,n/a,false,false,NaN,NaN,n/a,n/a,false,NaN,NaN,0.0,
cifar10,cnn1,model_seed42_itr19_sgd_itr1,rotation,10.0,1,543,-0.006470931925605328,0.0033095248363679275,-0.004973919165934193,0.0018125120766967922,false,false,NaN,NaN,NaN,NaN,n/a,n/a,false,false,NaN,NaN,n/a,n/a,false,NaN,NaN,0.0,
cifar10,cnn1,model_seed42_itr19_sgd_itr1,rotation,10.0,1,544,-0.006470931925605328,0.0033095248363679275,-0.005203740508596854,0.0020423334193594538,false,false,NaN,NaN,NaN,NaN,n/a,n/a,false,false,NaN,NaN,n/a,n/a,false,NaN,NaN,0.0,
cifar10,cnn1,model_seed42_itr19_sgd_itr1,rotation,10.0,1,545,-0.006470931925605328,0.0033095248363679275,-0.00498490512008562,0.0018234980308482196,false,false,NaN,NaN,NaN,NaN,n/a,n/a,false,false,NaN,NaN,n/a,n/a,false,NaN,NaN,0.0,
cifar10,cnn1,model_seed42_itr19_sgd_itr1,rotation,10.0,1,546,-0.006470931925605328,0.0033095248363679275,-0.0051049116658220765,0.0019435045765846758,false,false,NaN,NaN,NaN,NaN,n/a,n/a,false,false,NaN,NaN,n/a,n/a,false,NaN,NaN,0.0,
cifar10,cnn1,model_seed42_itr19_sgd_itr1,rotation,10.0,1,547,-0.006470931925605328,0.0033095248363679275,-0.004876605019222778,0.0017151979299853777,false,false,NaN,NaN,NaN,NaN,n/a,n/a,false,false,NaN,NaN,n/a,n/a,false,NaN,NaN,0.0,
cifar10,cnn1,model_seed42_itr19_sgd_itr1,rotation,10.0,1,548,-0.006470931925605328,0.0033095248363679275,-0.004949259572131546,0.001787852482894146,false,false,NaN,NaN,NaN,NaN,n/a,n/a,false,false,NaN,NaN,n/a,n/a,false,NaN,NaN,0.0,
cifar10,cnn1,model_seed42_itr19_sgd_itr1,rotation,10.0,1,549,-0.006470931925605328,0.0033095248363679275,-0.004808052521385834,0.0016466454321484333,false,false,NaN,NaN,NaN,NaN,n/a,n/a,false,false,NaN,NaN,n/a,n/a,false,NaN,NaN,0.0,
cifar10,cnn1,model_seed42_itr19_sgd_itr1,rotation,10.0,1,550,-0.006470931925605328,0.0033095248363679275,-0.004923366506797344,0.0017619594175599437,false,false,NaN,NaN,NaN,NaN,n/a,n/a,false,false,NaN,NaN,n/a,n/a,false,NaN,NaN,0.0,
cifar10,cnn1,model_seed42_itr19_sgd_itr1,rotation,10.0,1,551,-0.006470931925605328,0.0033095248363679275,-0.004825139204474445,0.0016637321152370458,false,false,NaN,NaN,NaN,NaN,n/a,n/a,false,false,NaN,NaN,n/a,n/a,false,NaN,NaN,0.0,
cifar10,cnn1,model_seed42_itr19_sgd_itr1,rotation,10.0,1,552,-0.006470931925605328,0.0033095248363679275,-0.005114798099239518,0.001953391010002117,false,false,NaN,NaN,NaN,NaN,n/a,n/a,false,false,NaN,NaN,n/a,n/a,false,NaN,NaN,0.0,
cifar10,cnn1,model_seed42_itr19_sgd_itr1,rotation,10.0,1,553,-0.006470931925605328,0.0033095248363679275,-0.004962122575500373,0.0018007154862629726,false,false,NaN,NaN,NaN,NaN,n/a,n/a,false,false,NaN,NaN,n/a,n/a,false,NaN,NaN,0.0,
cifar10,cnn1,model_seed42_itr19_sgd_itr1,rotation,10.0,1,554,-0.006470931925605328,0.0033095248363679275,-0.005230712400920735,0.002069305311683335,false,false,NaN,NaN,NaN,NaN,n/a,n/a,false,false,NaN,NaN,n/a,n/a,false,NaN,NaN,0.0,
cifar10,cnn1,model_seed42_itr19_sgd_itr1,rotation,10.0,1,555,-0.006470931925605328,0.0033095248363679275,-0.00513606048624092,0.0019746533970035197,false,false,NaN,NaN,NaN,NaN,n/a,n/a,false,false,NaN,NaN,n/a,n/a,false,NaN,NaN,0.0,
cifar10,cnn1,model_seed42_itr19_sgd_itr1,rotation,10.0,1,556,-0.006470931925605328,0.0033095248363679275,-0.005337635312110709,0.002176228222873309,false,false,NaN,NaN,NaN,NaN,n/a,n/a,false,false,NaN,NaN,n/a,n/a,false,NaN,NaN,0.0,
cifar10,cnn1,model_seed42_itr19_sgd_itr1,rotation,10.0,1,557,-0.006470931925605328,0.0033095248363679275,-0.005232721237252641,0.002071827548405924,false,false,NaN,NaN,NaN,NaN,n/a,n/a,false,false,NaN,NaN,n/a,n/a,false,NaN,NaN,0.0,
cifar10,cnn1,model_seed42_itr19_sgd_itr1,rotation,10.0,1,558,-0.006470931925605328,0.0033095248363679275,-0.005310327881029968,0.0021489207917925676,false,false,NaN,NaN,NaN,NaN,n/a,n/a,false,false,NaN,NaN,n/a,n/a,false,NaN,NaN,0.0,
cifar10,cnn1,model_seed42_itr19_sgd_itr1,rotation,10.0,1,559,-0.006470931925605328,0.0033095248363679275,-0.005355536904034356,0.002194129814796956,false,false,NaN,NaN,NaN,NaN,n/a,n/a,false,false,NaN,NaN,n/a,n/a,false,NaN,NaN,0.0,
cifar10,cnn1,model_seed42_itr19_sgd_itr1,rotation,10.0,1,560,-0.006470931925605328,0.0033095248363679275,-0.005254068230508299,0.0020929194568434827,false,false,NaN,NaN,NaN,NaN,n/a,n/a,false,false,NaN,NaN,n/a,n/a,false,NaN,NaN,0.0,
cifar10,cnn1,model_seed42_itr19_sgd_itr1,rotation,10.0,1,561,-0.006470931925605328,0.0033095248363679275,-0.005155302049416589,0.0019938949601791883,false,false,NaN,NaN,NaN,NaN,n/a,n/a,false,false,NaN,NaN,n/a,n/a,false,NaN,NaN,0.0,
cifar10,cnn1,model_seed42_itr19_sgd_itr1,rotation,10.0,1,562,-0.006470931925605328,0.0033095248363679275,-0.005294230293679801,0.0021328232044424016,false,false,NaN,NaN,NaN,NaN,n/a,n/a,false,false,NaN,NaN,n/a,n/a,false,NaN,NaN,0.0,
cifar10,cnn1,model_seed42_itr19_sgd_itr1,rotation,10.0,1,563,-0.006470931925605328,0.0033095248363679275,-0.005118789260928312,0.001957517054028608,false,false,NaN,NaN,NaN,NaN,n/a,n/a,false,false,NaN,NaN,n/a,n/a,false,NaN,NaN,0.0,
cifar10,cnn1,model_seed42_itr19_sgd_itr1,rotation,10.0,1,564,-0.006470931925605328,0.0033095248363679275,-0.005158677421400542,0.0019972703321631414,false,false,NaN,NaN,NaN,NaN,n/a,n/a,false,false,NaN,NaN,n/a,n/a,false,NaN,NaN,0.0,
cifar10,cnn1,model_seed42_itr19_sgd_itr1,rotation,10.0,1,565,-0.006470931925605328,0.0033095248363679275,-0.0050725419426775695,0.0019111348534401693,false,false,NaN,NaN,NaN,NaN,n/a,n/a,false,false,NaN,NaN,n/a,n/a,false,NaN,NaN,0.0,
cifar10,cnn1,model_seed42_itr19_sgd_itr1,rotation,10.0,1,566,-0.006470931925605328,0.0033095248363679275,-0.005044686499021819,0.0018832794097844185,false,false,NaN,NaN,NaN,NaN,n/a,n/a,false,false,NaN,NaN,n/a,n/a,false,NaN,NaN,0.0,
cifar10,cnn1,model_seed42_itr19_sgd_itr1,rotation,10.0,1,567,-0.006470931925605328,0.0033095248363679275,-0.004980118456607043,0.0018186718586235139,false,false,NaN,NaN,NaN,NaN,n/a,n/a,false,false,NaN,NaN,n/a,n/a,false,NaN,NaN,0.0,
cifar10,cnn1,model_seed42_itr19_sgd_itr1,rotation,10.0,1,568,-0.006470931925605328,0.0033095248363679275,-0.004888180521164988,0.0017267734319275875,false,false,NaN,NaN,NaN,NaN,n/a,n/a,false,false,NaN,NaN,n/a,n/a,false,NaN,NaN,0.0,
cifar10,cnn1,model_seed42_itr19_sgd_itr1,rotation,10.0,1,569,-0.006470931925605328,0.0033095248363679275,-0.004903700645466669,0.001742293556229269,false,false,NaN,NaN,NaN,NaN,n/a,n/a,false,false,NaN,NaN,n/a,n/a,false,NaN,NaN,0.0,
cifar10,cnn1,model_seed42_itr19_sgd_itr1,rotation,10.0,1,570,-0.006470931925605328,0.0033095248363679275,-0.004827832652239674,0.0016664255630022742,false,false,NaN,NaN,NaN,NaN,n/a,n/a,false,false,NaN,NaN,n/a,n/a,false,NaN,NaN,0.0,
cifar10,cnn1,model_seed42_itr19_sgd_itr1,rotation,10.0,1,571,-0.006470931925605328,0.0033095248363679275,-0.004805737504653847,0.0016443304154164472,false,false,NaN,NaN,NaN,NaN,n/a,n/a,false,false,NaN,NaN,n/a,n/a,false,NaN,NaN,0.0,
cifar10,cnn1,model_seed42_itr19_sgd_itr1,rotation,10.0,1,572,-0.006470931925605328,0.0033095248363679275,-0.0049988752970396965,0.0018374682078022963,false,false,NaN,NaN,NaN,NaN,n/a,n/a,false,false,NaN,NaN,n/a,n/a,false,NaN,NaN,0.0,
cifar10,cnn1,model_seed42_itr19_sgd_itr1,rotation,10.0,1,573,-0.006470931925605328,0.0033095248363679275,-0.004904655000725998,0.001743247911488598,false,false,NaN,NaN,NaN,NaN,n/a,n/a,false,false,NaN,NaN,n/a,n/a,false,NaN,NaN,0.0,
cifar10,cnn1,model_seed42_itr19_sgd_itr1,rotation,10.0,1,574,-0.006470931925605328,0.0033095248363679275,-0.005074576609382542,0.001913169520145142,false,false,NaN,NaN,NaN,NaN,n/a,n/a,false,false,NaN,NaN,n/a,n/a,false,NaN,NaN,0.0,
cifar10,cnn1,model_seed42_itr19_sgd_itr1,rotation,10.0,1,575,-0.006470931925605328,0.0033095248363679275,-0.005073039778879905,0.001911632689642505,false,false,NaN,NaN,NaN,NaN,n/a,n/a,false,false,NaN,NaN,n/a,n/a,false,NaN,NaN,0.0,
cifar10,cnn1,model_seed42_itr19_sgd_itr1,rotation,10.0,1,576,-0.006470931925605328,0.0033095248363679275,-0.005191276603282826,0.002029869514045427,false,false,NaN,NaN,NaN,NaN,n/a,n/a,false,false,NaN,NaN,n/a,n/a,false,NaN,NaN,0.0,
cifar10,cnn1,model_seed42_itr19_sgd_itr1,rotation,10.0,1,577,-0.006470931925605328,0.0033095248363679275,-0.005242162874615893,0.0020807557853784924,false,false,NaN,NaN,NaN,NaN,n/a,n/a,false,false,NaN,NaN,n/a,n/a,false,NaN,NaN,0.0,
cifar10,cnn1,model_seed42_itr19_sgd_itr1,rotation,10.0,1,578,-0.006470931925605328,0.0033095248363679275,-0.005202437273521001,0.002041030184283601,false,false,NaN,NaN,NaN,NaN,n/a,n/a,false,false,NaN,NaN,n/a,n/a,false,NaN,NaN,0.0,
cifar10,cnn1,model_seed42_itr19_sgd_itr1,rotation,10.0,1,579,-0.006470931925605328,0.0033095248363679275,-0.005345109716851058,0.0021837026276136573,false,false,NaN,NaN,NaN,NaN,n/a,n/a,false,false,NaN,NaN,n/a,n/a,false,NaN,NaN,0.0,
cifar10,cnn1,model_seed42_itr19_sgd_itr1,rotation,10.0,1,580,-0.006470931925605328,0.0033095248363679275,-0.0042610794726614136,0.0020136786034243874,false,false,NaN,NaN,NaN,NaN,n/a,n/a,false,false,NaN,NaN,n/a,n/a,false,NaN,NaN,0.0,
cifar10,cnn1,model_seed42_itr19_sgd_itr1,rotation,10.0,1,581,-0.006470931925605328,0.0033095248363679275,-0.005284444013259487,0.0021230369240220876,false,false,NaN,NaN,NaN,NaN,n/a,n/a,false,false,NaN,NaN,n/a,n/a,false,NaN,NaN,0.0,
cifar10,cnn1,model_seed42_itr19_sgd_itr1,rotation,10.0,1,582,-0.006470931925605328,0.0033095248363679275,-0.005223623197632048,0.0020622161083946483,false,false,NaN,NaN,NaN,NaN,n/a,n/a,false,false,NaN,NaN,n/a,n/a,false,NaN,NaN,0.0,
cifar10,cnn1,model_seed42_itr19_sgd_itr1,rotation,10.0,1,583,-0.006470931925605328,0.0033095248363679275,-0.005240708446910843,0.002079301357673442,false,false,NaN,NaN,NaN,NaN,n/a,n/a,false,false,NaN,NaN,n/a,n/a,false,NaN,NaN,0.0,
cifar10,cnn1,model_seed42_itr19_sgd_itr1,rotation,10.0,1,584,-0.006470931925605328,0.0033095248363679275,-0.00507312869180529,0.0019117216025678896,false,false,NaN,NaN,NaN,NaN,n/a,n/a,false,false,NaN,NaN,n/a,n/a,false,NaN,NaN,0.0,
cifar10,cnn1,model_seed42_itr19_sgd_itr1,rotation,10.0,1,585,-0.006470931925605328,0.0033095248363679275,-0.005199931915938001,0.002038524826700602,false,false,NaN,NaN,NaN,NaN,n/a,n/a,false,false,NaN,NaN,n/a,n/a,false,NaN,NaN,0.0,
cifar10,cnn1,model_seed42_itr19_sgd_itr1,rotation,10.0,1,586,-0.006470931925605328,0.0033095248363679275,-0.004940338388847077,0.0017789312996096753,false,false,NaN,NaN,NaN,NaN,n/a,n/a,false,false,NaN,NaN,n/a,n/a,false,NaN,NaN,0.0,
cifar10,cnn1,model_seed42_itr19_sgd_itr1,rotation,10.0,1,587,-0.006470931925605328,0.0033095248363679275,-0.005145486606239499,0.001984079517002099,false,false,NaN,NaN,NaN,NaN,n/a,n/a,false,false,NaN,NaN,n/a,n/a,false,NaN,NaN,0.0,
cifar10,cnn1,model_seed42_itr19_sgd_itr1,rotation,10.0,1,588,-0.006470931925605328,0.0033095248363679275,-0.004855358997162516,0.0016939519079251161,false,false,NaN,NaN,NaN,NaN,n/a,n/a,false,false,NaN,NaN,n/a,n/a,false,NaN,NaN,0.0,
cifar10,cnn1,model_seed42_itr19_sgd_itr1,rotation,10.0,1,589,-0.006470931925605328,0.0033095248363679275,-0.005006883795418655,0.0018454767061812545,false,false,NaN,NaN,NaN,NaN,n/a,n/a,false,false,NaN,NaN,n/a,n/a,false,NaN,NaN,0.0,
cifar10,cnn1,model_seed42_itr19_sgd_itr1,rotation,10.0,1,590,-0.006470931925605328,0.0033095248363679275,-0.0031501746134491287,0.0015383368724231669,false,false,NaN,NaN,NaN,NaN,n/a,n/a,false,false,NaN,NaN,n/a,n/a,false,NaN,NaN,0.0,
cifar10,cnn1,model_seed42_itr19_sgd_itr1,rotation,10.0,1,591,-0.006470931925605328,0.0033095248363679275,-0.0026016348808193855,0.0010445933220931166,false,false,NaN,NaN,NaN,NaN,n/a,n/a,false,false,NaN,NaN,n/a,n/a,false,NaN,NaN,0.0,
cifar10,cnn1,model_seed42_itr19_sgd_itr1,rotation,10.0,1,592,-0.006470931925605328,0.0033095248363679275,-0.003114104442644358,0.0016463721917358235,false,false,NaN,NaN,NaN,NaN,n/a,n/a,false,false,NaN,NaN,n/a,n/a,false,NaN,NaN,0.0,
cifar10,cnn1,model_seed42_itr19_sgd_itr1,rotation,10.0,1,593,-0.006470931925605328,0.0033095248363679275,-0.004115454179779352,0.0019085850049093446,false,false,NaN,NaN,NaN,NaN,n/a,n/a,false,false,NaN,NaN,n/a,n/a,false,NaN,NaN,0.0,
cifar10,cnn1,model_seed42_itr19_sgd_itr1,rotation,10.0,1,594,-0.006470931925605328,0.0033095248363679275,-0.004932513210115343,0.001771106120877942,false,false,NaN,NaN,NaN,NaN,n/a,n/a,false,false,NaN,NaN,n/a,n/a,false,NaN,NaN,0.0,
cifar10,cnn1,model_seed42_itr19_sgd_itr1,rotation,10.0,1,595,-0.006470931925605328,0.0033095248363679275,-0.005052435690877538,0.0018910286016401386,false,false,NaN,NaN,NaN,NaN,n/a,n/a,false,false,NaN,NaN,n/a,n/a,false,NaN,NaN,0.0,
cifar10,cnn1,model_seed42_itr19_sgd_itr1,rotation,10.0,1,596,-0.006470931925605328,0.0033095248363679275,-0.00502604497542791,0.00186463788619051,false,false,NaN,NaN,NaN,NaN,n/a,n/a,false,false,NaN,NaN,n/a,n/a,false,NaN,NaN,0.0,
cifar10,cnn1,model_seed42_itr19_sgd_itr1,rotation,10.0,1,597,-0.006470931925605328,0.0033095248363679275,-0.005270314506261918,0.0021089074170245175,false,false,NaN,NaN,NaN,NaN,n/a,n/a,false,false,NaN,NaN,n/a,n/a,false,NaN,NaN,0.0,
cifar10,cnn1,model_seed42_itr19_sgd_itr1,rotation,10.0,1,598,-0.006470931925605328,0.0033095248363679275,-0.005107924323314764,0.0019465172340773626,false,false,NaN,NaN,NaN,NaN,n/a,n/a,false,false,NaN,NaN,n/a,n/a,false,NaN,NaN,0.0,
cifar10,cnn1,model_seed42_itr19_sgd_itr1,rotation,10.0,1,599,-0.006470931925605328,0.0033095248363679275,-0.005401848315791652,0.002240441226554253,false,false,NaN,NaN,NaN,NaN,n/a,n/a,false,false,NaN,NaN,n/a,n/a,false,NaN,NaN,0.0,
cifar10,cnn1,model_seed42_itr19_sgd_itr1,rotation,10.0,1,600,-0.006470931925605328,0.0033095248363679275,-0.002574768920098929,0.0012513943133717726,false,false,NaN,NaN,NaN,NaN,n/a,n/a,false,false,NaN,NaN,n/a,n/a,false,NaN,NaN,0.0,
