dataset,arch,model,perturbation,size,layer,neuron,l_org,u_org,l_pert,u_pert,guard_ge,guard_le,min_bound,min_val,max_bound,max_val,verdict_ge,verdict_le,old_stamp_ge,old_stamp_le,old_val_min,old_val_max,fired_ge,fired_le,witness_ok,witness_z,witness_zp,probe_sec,witness_file
fmnist,cnn1,model_seed42_itr19_sgd_itr1,linf,0.05,1,82,-0.7210531886667013,4.7143519192468375,-0.7210531886667013,4.7143519192468375,true,true,-4.7143519192468375,-0.271770255395677,4.7143519192468375,0.27177025539567723,WRONG,WRONG,false,false,-0.2717702553956772,0.27177025539567723,false,false,true,0.5419710585523899,0.813741313948067,1.105,fmnist__cnn1__linf__0.05__model_seed42_itr19_sgd_itr1_w1.bin
fmnist,cnn1,model_seed42_itr19_sgd_itr1,linf,0.05,1,83,-0.7210531886667013,4.7143519192468375,-0.7210531886667013,4.7143519192468375,true,true,-4.7143519192468375,-0.271770255395677,0.27177025539567706,0.27177025539567706,WRONG,WRONG,false,false,-0.27177025539567734,0.2717702553956771,false,false,true,0.0,0.2717702553956769,0.884,fmnist__cnn1__linf__0.05__model_seed42_itr19_sgd_itr1_w2.bin
fmnist,cnn1,model_seed42_itr19_sgd_itr1,linf,0.05,1,84,-0.7210531886667013,4.7143519192468375,-0.7210531886667013,4.7143519192468375,true,true,-0.271770255395677,-0.271770255395677,0.271770255395677,0.271770255395677,WRONG,WRONG,false,false,-0.271770255395677,0.271770255395677,false,false,true,0.0,0.27177025539567695,1.574,fmnist__cnn1__linf__0.05__model_seed42_itr19_sgd_itr1_w3.bin
fmnist,cnn1,model_seed42_itr19_sgd_itr1,linf,0.05,1,85,-0.7210531886667013,4.7143519192468375,-0.7210531886667013,4.7143519192468375,true,true,-4.7143519192468375,-0.2717702553956771,4.7143519192468375,0.2717702553956767,WRONG,WRONG,false,false,-0.2717702553956771,0.2717702553956767,false,false,true,1.6467895235106527,1.9185597789063296,0.425,fmnist__cnn1__linf__0.05__model_seed42_itr19_sgd_itr1_w4.bin
fmnist,cnn1,model_seed42_itr19_sgd_itr1,linf,0.05,1,86,-0.7210531886667013,4.7143519192468375,-0.7210531886667013,4.7143519192468375,true,true,-4.7143519192468375,-0.2717702553956771,4.7143519192468375,0.271770255395677,WRONG,WRONG,false,false,-0.2717702553956771,0.271770255395677,false,false,true,0.6854017791117297,0.9571720345074065,0.434,fmnist__cnn1__linf__0.05__model_seed42_itr19_sgd_itr1_w5.bin
fmnist,cnn1,model_seed42_itr19_sgd_itr1,linf,0.05,1,87,-0.7210531886667013,4.7143519192468375,-0.7210531886667013,4.7143519192468375,true,true,-4.7143519192468375,-0.2717702553956771,4.7143519192468375,0.271770255395677,WRONG,WRONG,false,false,-0.2717702553956771,0.271770255395677,false,false,true,1.1999170543431457,1.4716873097388228,0.433,fmnist__cnn1__linf__0.05__model_seed42_itr19_sgd_itr1_w6.bin
fmnist,cnn1,model_seed42_itr19_sgd_itr1,linf,0.05,1,88,-0.7210531886667013,4.7143519192468375,-0.7210531886667013,4.7143519192468375,true,true,-4.7143519192468375,-0.2682400235287288,4.7143519192468375,0.2717702553956771,WRONG,WRONG,false,false,-0.2717702553956771,0.27177025539567756,false,false,true,1.61322446669617,1.8814644902248985,0.431,fmnist__cnn1__linf__0.05__model_seed42_itr19_sgd_itr1_w7.bin
fmnist,cnn1,model_seed42_itr19_sgd_itr1,linf,0.05,1,89,-0.7210531886667013,4.7143519192468375,-0.7210531886667013,4.7143519192468375,true,true,-0.27177025539567706,-0.27177025539567706,4.7143519192468375,0.27177025539567734,WRONG,WRONG,false,false,-0.271770255395677,0.27177025539567734,false,false,true,1.1058862159352145e-17,0.27177025539567695,0.772,fmnist__cnn1__linf__0.05__model_seed42_itr19_sgd_itr1_w8.bin
fmnist,cnn1,model_seed42_itr19_sgd_itr1,linf,0.05,1,90,-0.7210531886667013,4.7143519192468375,-0.7210531886667013,4.7143519192468375,true,true,-4.7143519192468375,-0.271770255395677,4.7143519192468375,0.271770255395677,WRONG,WRONG,false,false,-0.271770255395677,0.271770255395677,false,false,true,0.15365264529735984,0.42542290069303673,0.427,fmnist__cnn1__linf__0.05__model_seed42_itr19_sgd_itr1_w9.bin
fmnist,cnn1,model_seed42_itr19_sgd_itr1,linf,0.05,1,91,-0.7210531886667013,4.7143519192468375,-0.7210531886667013,4.7143519192468375,true,true,-4.7143519192468375,-0.2717702553956769,4.7143519192468375,0.2717702553956771,WRONG,WRONG,false,false,-0.2717702553956769,0.2717702553956771,false,false,true,0.9762701062551944,1.2480403616508713,0.427,fmnist__cnn1__linf__0.05__model_seed42_itr19_sgd_itr1_w10.bin
fmnist,cnn1,model_seed42_itr19_sgd_itr1,linf,0.05,1,92,-0.7210531886667013,4.7143519192468375,-0.7210531886667013,4.7143519192468375,true,true,-4.7143519192468375,-0.271770255395677,4.7143519192468375,0.2717702553956771,WRONG,WRONG,false,false,-0.271770255395677,0.2717702553956771,false,false,true,0.29807070307891903,0.5698409584745959,0.43,fmnist__cnn1__linf__0.05__model_seed42_itr19_sgd_itr1_w11.bin
fmnist,cnn1,model_seed42_itr19_sgd_itr1,linf,0.05,1,93,-0.7210531886667013,4.7143519192468375,-0.7210531886667013,4.7143519192468375,true,true,-4.7143519192468375,-0.271770255395677,4.7143519192468375,0.2717702553956769,WRONG,WRONG,false,false,-0.271770255395677,0.2717702553956769,false,false,true,0.4126320225186646,0.6844022779143416,0.435,fmnist__cnn1__linf__0.05__model_seed42_itr19_sgd_itr1_w12.bin
fmnist,cnn1,model_seed42_itr19_sgd_itr1,linf,0.05,1,94,-0.7210531886667013,4.7143519192468375,-0.7210531886667013,4.7143519192468375,true,true,-4.7143519192468375,-0.27177025539567706,4.7143519192468375,0.27177025539567706,WRONG,WRONG,false,false,-0.27177025539567706,0.27177025539567706,false,false,true,0.43381786479495693,0.705588120190634,0.43,fmnist__cnn1__linf__0.05__model_seed42_itr19_sgd_itr1_w13.bin
fmnist,cnn1,model_seed42_itr19_sgd_itr1,linf,0.05,1,95,-0.7210531886667013,4.7143519192468375,-0.7210531886667013,4.7143519192468375,true,true,-4.7143519192468375,-0.271770255395677,4.7143519192468375,0.271770255395677,WRONG,WRONG,false,false,-0.271770255395677,0.271770255395677,false,false,true,0.293243081162034,0.5650133365577108,0.433,fmnist__cnn1__linf__0.05__model_seed42_itr19_sgd_itr1_w14.bin
fmnist,cnn1,model_seed42_itr19_sgd_itr1,linf,0.05,1,96,-0.7210531886667013,4.7143519192468375,-0.7210531886667013,4.7143519192468375,true,true,-4.7143519192468375,-0.271770255395677,4.7143519192468375,0.2717702553956771,WRONG,WRONG,false,false,-0.271770255395677,0.2717702553956771,false,false,true,0.4126320225186646,0.6844022779143416,0.427,fmnist__cnn1__linf__0.05__model_seed42_itr19_sgd_itr1_w15.bin
fmnist,cnn1,model_seed42_itr19_sgd_itr1,linf,0.05,1,97,-0.7210531886667013,4.7143519192468375,-0.7210531886667013,4.7143519192468375,true,true,-4.7143519192468375,-0.2717702553956771,4.7143519192468375,0.27177025539567706,WRONG,WRONG,false,false,-0.2717702553956771,0.27177025539567706,false,false,true,0.5729900433191745,0.8447602987148514,0.432,fmnist__cnn1__linf__0.05__model_seed42_itr19_sgd_itr1_w16.bin
fmnist,cnn1,model_seed42_itr19_sgd_itr1,linf,0.05,1,98,-0.7210531886667013,4.7143519192468375,-0.7210531886667013,4.7143519192468375,true,true,-4.7143519192468375,-0.27177025539567695,4.7143519192468375,0.271770255395677,WRONG,WRONG,false,false,-0.27177025539567695,0.271770255395677,false,false,true,0.30765810665965565,0.5794283620553325,0.437,fmnist__cnn1__linf__0.05__model_seed42_itr19_sgd_itr1_w17.bin
fmnist,cnn1,model_seed42_itr19_sgd_itr1,linf,0.05,1,99,-0.7210531886667013,4.7143519192468375,-0.7210531886667013,4.7143519192468375,true,true,-4.7143519192468375,-0.271770255395677,4.7143519192468375,0.271770255395677,WRONG,WRONG,false,false,-0.271770255395677,0.271770255395677,false,false,true,0.4126320225186646,0.6844022779143416,0.426,fmnist__cnn1__linf__0.05__model_seed42_itr19_sgd_itr1_w18.bin
fmnist,cnn1,model_seed42_itr19_sgd_itr1,linf,0.05,1,100,-0.7210531886667013,4.7143519192468375,-0.7210531886667013,4.7143519192468375,true,true,-4.7143519192468375,-0.2717702553956769,4.7143519192468375,0.2717702553956771,WRONG,WRONG,false,false,-0.2717702553956769,0.2717702553956771,false,false,true,0.9930457703579535,1.2648160257536303,0.425,fmnist__cnn1__linf__0.05__model_seed42_itr19_sgd_itr1_w19.bin
fmnist,cnn1,model_seed42_itr19_sgd_itr1,linf,0.05,1,101,-0.7210531886667013,4.7143519192468375,-0.7210531886667013,4.7143519192468375,true,true,-4.7143519192468375,-0.271770255395677,4.7143519192468375,0.271770255395677,WRONG,WRONG,false,false,-0.271770255395677,0.271770255395677,false,false,true,0.4126320225186646,0.6844022779143416,0.42,fmnist__cnn1__linf__0.05__model_seed42_itr19_sgd_itr1_w20.bin
fmnist,cnn1,model_seed42_itr19_sgd_itr1,linf,0.05,1,102,-0.7210531886667013,4.7143519192468375,-0.7210531886667013,4.7143519192468375,true,true,-4.7143519192468375,-0.271770255395677,4.7143519192468375,0.271770255395677,WRONG,WRONG,false,false,-0.271770255395677,0.271770255395677,false,false,true,0.4126320225186646,0.6844022779143416,0.426,fmnist__cnn1__linf__0.05__model_seed42_itr19_sgd_itr1_w21.bin
fmnist,cnn1,model_seed42_itr19_sgd_itr1,linf,0.05,1,103,-0.7210531886667013,4.7143519192468375,-0.7210531886667013,4.7143519192468375,true,true,-4.7143519192468375,-0.271770255395677,4.7143519192468375,0.2717702553956771,WRONG,WRONG,false,false,-0.271770255395677,0.2717702553956771,false,false,true,0.9247831136063172,1.196553369001994,0.435,fmnist__cnn1__linf__0.05__model_seed42_itr19_sgd_itr1_w22.bin
fmnist,cnn1,model_seed42_itr19_sgd_itr1,linf,0.05,1,104,-0.7210531886667013,4.7143519192468375,-0.7210531886667013,4.7143519192468375,true,true,-4.7143519192468375,-0.271770255395677,4.7143519192468375,0.271770255395677,WRONG,WRONG,false,false,-0.271770255395677,0.271770255395677,false,false,true,0.4126320225186646,0.6844022779143416,0.429,fmnist__cnn1__linf__0.05__model_seed42_itr19_sgd_itr1_w23.bin
fmnist,cnn1,model_seed42_itr19_sgd_itr1,linf,0.05,1,105,-0.7210531886667013,4.7143519192468375,-0.7210531886667013,4.7143519192468375,true,true,-4.7143519192468375,-0.2717702553956771,4.7143519192468375,0.26824002352872833,WRONG,WRONG,false,false,-0.2717702553956771,0.27177025539567734,false,false,true,1.4312058344286211,1.702976089824298,0.433,fmnist__cnn1__linf__0.05__model_seed42_itr19_sgd_itr1_w24.bin
fmnist,cnn1,model_seed42_itr19_sgd_itr1,linf,0.05,1,106,-0.7210531886667013,4.7143519192468375,-0.7210531886667013,4.7143519192468375,true,true,-4.7143519192468375,-0.2717702553956771,4.7143519192468375,0.2717702553956771,WRONG,WRONG,false,false,-0.2717702553956771,0.2717702553956771,false,false,true,1.5175683683812786,1.7893386237769555,0.426,fmnist__cnn1__linf__0.05__model_seed42_itr19_sgd_itr1_w25.bin
fmnist,cnn1,model_seed42_itr19_sgd_itr1,linf,0.05,1,107,-0.7210531886667013,4.7143519192468375,-0.7210531886667013,4.7143519192468375,true,true,-4.7143519192468375,-0.271770255395677,4.7143519192468375,0.271770255395677,WRONG,WRONG,false,false,-0.271770255395677,0.271770255395677,false,false,true,0.4126320225186646,0.6844022779143416,0.421,fmnist__cnn1__linf__0.05__model_seed42_itr19_sgd_itr1_w26.bin
fmnist,cnn1,model_seed42_itr19_sgd_itr1,linf,0.05,1,108,-0.7210531886667013,4.7143519192468375,-0.7210531886667013,4.7143519192468375,true,true,-4.7143519192468375,-0.2717702553956769,4.7143519192468375,0.27177025539567734,WRONG,WRONG,false,false,-0.2717702553956769,0.27177025539567734,false,false,true,1.6302946931391742,1.9020649485348509,0.416,fmnist__cnn1__linf__0.05__model_seed42_itr19_sgd_itr1_w27.bin
fmnist,cnn1,model_seed42_itr19_sgd_itr1,linf,0.05,1,109,-0.7210531886667013,4.7143519192468375,-0.7210531886667013,4.7143519192468375,true,true,-4.7143519192468375,-0.26861756921678026,4.7143519192468375,0.2717702553956771,WRONG,WRONG,false,false,-0.2717702553956771,0.27177025539567756,false,false,true,1.1854706187679493,1.4540881879847296,0.415,fmnist__cnn1__linf__0.05__model_seed42_itr19_sgd_itr1_w28.bin
fmnist,cnn1,model_seed42_itr19_sgd_itr1,linf,0.05,1,110,-0.7210531886667013,4.7143519192468375,-0.7210531886667013,4.7143519192468375,true,true,-4.7143519192468375,-0.27177025539567695,4.7143519192468375,0.2717702553956771,WRONG,WRONG,false,false,-0.27177025539567695,0.2717702553956771,false,false,true,0.34750634286721865,0.6192765982628956,0.427,fmnist__cnn1__linf__0.05__model_seed42_itr19_sgd_itr1_w29.bin
fmnist,cnn1,model_seed42_itr19_sgd_itr1,linf,0.05,1,111,-0.7210531886667013,4.7143519192468375,-0.7210531886667013,4.7143519192468375,true,true,-4.7143519192468375,-0.27177025539567706,4.7143519192468375,0.271770255395677,WRONG,WRONG,false,false,-0.27177025539567706,0.271770255395677,false,false,true,0.4237225457966582,0.6954928011923353,0.426,fmnist__cnn1__linf__0.05__model_seed42_itr19_sgd_itr1_w30.bin
fmnist,cnn1,model_seed42_itr19_sgd_itr1,linf,0.05,1,112,-0.7210531886667013,4.7143519192468375,-0.7210531886667013,4.7143519192468375,true,true,-4.7143519192468375,-0.2717702553956771,4.7143519192468375,0.2717702553956771,WRONG,WRONG,false,false,-0.2717702553956771,0.2717702553956771,false,false,true,1.6828063508600775,1.9545766062557546,0.423,fmnist__cnn1__linf__0.05__model_seed42_itr19_sgd_itr1_w31.bin
fmnist,cnn1,model_seed42_itr19_sgd_itr1,linf,0.05,1,113,-0.7210531886667013,4.7143519192468375,-0.7210531886667013,4.7143519192468375,true,true,-4.7143519192468375,-0.2717702553956771,4.7143519192468375,0.2717702553956769,WRONG,WRONG,false,false,-0.2717702553956771,0.2717702553956769,false,false,true,0.27918043963194045,0.5509506950276173,0.431,fmnist__cnn1__linf__0.05__model_seed42_itr19_sgd_itr1_w32.bin
fmnist,cnn1,model_seed42_itr19_sgd_itr1,linf,0.05,1,114,-0.7210531886667013,4.7143519192468375,-0.7210531886667013,4.7143519192468375,true,true,-4.7143519192468375,-0.271770255395677,4.7143519192468375,0.271770255395677,WRONG,WRONG,false,false,-0.271770255395677,0.271770255395677,false,false,true,0.4126320225186646,0.6844022779143416,0.426,fmnist__cnn1__linf__0.05__model_seed42_itr19_sgd_itr1_w33.bin
fmnist,cnn1,model_seed42_itr19_sgd_itr1,linf,0.05,1,115,-0.7210531886667013,4.7143519192468375,-0.7210531886667013,4.7143519192468375,true,true,-4.7143519192468375,-0.26824002352872833,4.7143519192468375,0.2717702553956771,WRONG,WRONG,false,false,-0.271770255395677,0.27177025539567756,false,false,true,1.6369030979361934,1.9051431214649222,0.426,fmnist__cnn1__linf__0.05__model_seed42_itr19_sgd_itr1_w34.bin
fmnist,cnn1,model_seed42_itr19_sgd_itr1,linf,0.05,1,116,-0.7210531886667013,4.7143519192468375,-0.7210531886667013,4.7143519192468375,true,true,-4.7143519192468375,-0.27177025539567734,4.7143519192468375,0.2717702553956769,WRONG,WRONG,false,false,-0.27177025539567734,0.2717702553956769,false,false,true,1.4715831751136106,1.7433534305092875,0.443,fmnist__cnn1__linf__0.05__model_seed42_itr19_sgd_itr1_w35.bin
fmnist,cnn1,model_seed42_itr19_sgd_itr1,linf,0.05,1,117,-0.7210531886667013,4.7143519192468375,-0.7210531886667013,4.7143519192468375,true,true,-4.7143519192468375,-0.271770255395677,4.7143519192468375,0.271770255395677,WRONG,WRONG,false,false,-0.271770255395677,0.271770255395677,false,false,true,0.4126320225186646,0.6844022779143416,0.439,fmnist__cnn1__linf__0.05__model_seed42_itr19_sgd_itr1_w36.bin
fmnist,cnn1,model_seed42_itr19_sgd_itr1,linf,0.05,1,118,-0.7210531886667013,4.7143519192468375,-0.7210531886667013,4.7143519192468375,true,true,-4.7143519192468375,-0.2717702553956771,4.7143519192468375,0.2712666802455843,WRONG,WRONG,false,false,-0.2717702553956771,0.27177025539567756,false,false,true,0.9893081677809112,1.261078423176588,0.44,fmnist__cnn1__linf__0.05__model_seed42_itr19_sgd_itr1_w37.bin
fmnist,cnn1,model_seed42_itr19_sgd_itr1,linf,0.05,1,119,-0.7210531886667013,4.7143519192468375,-0.7210531886667013,4.7143519192468375,true,true,-4.7143519192468375,-0.27177025539567706,4.7143519192468375,0.27177025539567734,WRONG,WRONG,false,false,-0.27177025539567706,0.27177025539567734,false,false,true,0.2782302332325458,0.5500004886282227,0.432,fmnist__cnn1__linf__0.05__model_seed42_itr19_sgd_itr1_w38.bin
fmnist,cnn1,model_seed42_itr19_sgd_itr1,linf,0.05,1,120,-0.7210531886667013,4.7143519192468375,-0.7210531886667013,4.7143519192468375,true,true,-4.7143519192468375,-0.271770255395677,4.7143519192468375,0.271770255395677,WRONG,WRONG,false,false,-0.271770255395677,0.271770255395677,false,false,true,0.4126320225186646,0.6844022779143416,0.442,fmnist__cnn1__linf__0.05__model_seed42_itr19_sgd_itr1_w39.bin
fmnist,cnn1,model_seed42_itr19_sgd_itr1,linf,0.05,1,121,-0.7210531886667013,4.7143519192468375,-0.7210531886667013,4.7143519192468375,true,true,-4.7143519192468375,-0.2717702553956771,4.7143519192468375,0.271770255395677,WRONG,WRONG,false,false,-0.2717702553956771,0.271770255395677,false,false,true,1.4312058344286211,1.702976089824298,0.486,fmnist__cnn1__linf__0.05__model_seed42_itr19_sgd_itr1_w40.bin
fmnist,cnn1,model_seed42_itr19_sgd_itr1,linf,0.05,1,122,-0.7210531886667013,4.7143519192468375,-0.7210531886667013,4.7143519192468375,true,true,-4.7143519192468375,-0.271770255395677,4.7143519192468375,0.271770255395677,WRONG,WRONG,false,false,-0.271770255395677,0.271770255395677,false,false,true,0.4126320225186646,0.6844022779143416,0.42,fmnist__cnn1__linf__0.05__model_seed42_itr19_sgd_itr1_w41.bin
fmnist,cnn1,model_seed42_itr19_sgd_itr1,linf,0.05,1,123,-0.7210531886667013,4.7143519192468375,-0.7210531886667013,4.7143519192468375,true,true,-4.7143519192468375,-0.271770255395677,4.7143519192468375,0.271770255395677,WRONG,WRONG,false,false,-0.271770255395677,0.271770255395677,false,false,true,0.4126320225186646,0.6844022779143416,0.441,fmnist__cnn1__linf__0.05__model_seed42_itr19_sgd_itr1_w42.bin
fmnist,cnn1,model_seed42_itr19_sgd_itr1,linf,0.05,1,124,-0.7210531886667013,4.7143519192468375,-0.7210531886667013,4.7143519192468375,true,true,-4.7143519192468375,-0.2717702553956771,4.7143519192468375,0.2717702553956769,WRONG,WRONG,false,false,-0.2717702553956771,0.2717702553956769,false,false,true,1.4312058344286211,1.702976089824298,0.433,fmnist__cnn1__linf__0.05__model_seed42_itr19_sgd_itr1_w43.bin
fmnist,cnn1,model_seed42_itr19_sgd_itr1,linf,0.05,1,125,-0.7210531886667013,4.7143519192468375,-0.7210531886667013,4.7143519192468375,true,true,-4.7143519192468375,-0.271770255395677,4.7143519192468375,0.271770255395677,WRONG,WRONG,false,false,-0.271770255395677,0.271770255395677,false,false,true,0.4126320225186646,0.6844022779143416,0.431,fmnist__cnn1__linf__0.05__model_seed42_itr19_sgd_itr1_w44.bin
fmnist,cnn1,model_seed42_itr19_sgd_itr1,linf,0.05,1,126,-0.7210531886667013,4.7143519192468375,-0.7210531886667013,4.7143519192468375,true,true,-4.7143519192468375,-0.271770255395677,4.7143519192468375,0.271770255395677,WRONG,WRONG,false,false,-0.271770255395677,0.271770255395677,false,false,true,0.4126320225186646,0.6844022779143416,0.432,fmnist__cnn1__linf__0.05__model_seed42_itr19_sgd_itr1_w45.bin
fmnist,cnn1,model_seed42_itr19_sgd_itr1,linf,0.05,1,127,-0.7210531886667013,4.7143519192468375,-0.7210531886667013,4.7143519192468375,true,true,-4.7143519192468375,-0.2686175692167807,4.7143519192468375,0.2717702553956771,WRONG,WRONG,false,false,-0.27177025539567734,0.2717702553956769,false,false,true,0.7044774616335475,0.9730950308503278,0.43,fmnist__cnn1__linf__0.05__model_seed42_itr19_sgd_itr1_w46.bin
fmnist,cnn1,model_seed42_itr19_sgd_itr1,linf,0.05,1,128,-0.7210531886667013,4.7143519192468375,-0.7210531886667013,4.7143519192468375,true,true,-4.7143519192468375,-0.2717702553956771,4.7143519192468375,0.27177025539567684,WRONG,WRONG,false,false,-0.2717702553956771,0.27177025539567684,false,false,true,0.4572490856526259,0.7290193410483027,0.463,fmnist__cnn1__linf__0.05__model_seed42_itr19_sgd_itr1_w47.bin
fmnist,cnn1,model_seed42_itr19_sgd_itr1,linf,0.05,1,129,-0.7210531886667013,4.7143519192468375,-0.7210531886667013,4.7143519192468375,true,true,-4.7143519192468375,-0.2717702553956771,4.7143519192468375,0.2717702553956769,WRONG,WRONG,false,false,-0.2717702553956771,0.2717702553956769,false,false,true,1.4312058344286211,1.702976089824298,0.467,fmnist__cnn1__linf__0.05__model_seed42_itr19_sgd_itr1_w48.bin
fmnist,cnn1,model_seed42_itr19_sgd_itr1,linf,0.05,1,130,-0.7210531886667013,4.7143519192468375,-0.7210531886667013,4.7143519192468375,true,true,-4.7143519192468375,-0.27177025539567756,4.7143519192468375,0.2717702553956771,WRONG,WRONG,false,false,-0.27177025539567756,0.2717702553956771,false,false,true,1.6627419300919806,1.9345121854876577,0.505,fmnist__cnn1__linf__0.05__model_seed42_itr19_sgd_itr1_w49.bin
fmnist,cnn1,model_seed42_itr19_sgd_itr1,linf,0.05,1,131,-0.7210531886667013,4.7143519192468375,-0.7210531886667013,4.7143519192468375,true,true,-4.7143519192468375,-0.271770255395677,4.7143519192468375,0.271770255395677,WRONG,WRONG,false,false,-0.271770255395677,0.271770255395677,false,false,true,0.4126320225186646,0.6844022779143416,0.478,fmnist__cnn1__linf__0.05__model_seed42_itr19_sgd_itr1_w50.bin
fmnist,cnn1,model_seed42_itr19_sgd_itr1,linf,0.05,1,132,-0.7210531886667013,4.7143519192468375,-0.7210531886667013,4.7143519192468375,true,true,-4.7143519192468375,-0.271770255395677,4.7143519192468375,0.271770255395677,WRONG,WRONG,false,false,-0.271770255395677,0.271770255395677,false,false,true,0.5451129540167501,0.816883209412427,0.466,fmnist__cnn1__linf__0.05__model_seed42_itr19_sgd_itr1_w51.bin
fmnist,cnn1,model_seed42_itr19_sgd_itr1,linf,0.05,1,133,-0.7210531886667013,4.7143519192468375,-0.7210531886667013,4.7143519192468375,true,true,-4.7143519192468375,-0.2717702553956771,4.7143519192468375,0.27177025539567734,WRONG,WRONG,false,false,-0.2717702553956771,0.27177025539567734,false,false,true,1.4007255679287987,1.6724958233244756,0.471,fmnist__cnn1__linf__0.05__model_seed42_itr19_sgd_itr1_w52.bin
fmnist,cnn1,model_seed42_itr19_sgd_itr1,linf,0.05,1,134,-0.7210531886667013,4.7143519192468375,-0.7210531886667013,4.7143519192468375,true,true,-4.7143519192468375,-0.27177025539567706,4.7143519192468375,0.271770255395677,WRONG,WRONG,false,false,-0.27177025539567706,0.271770255395677,false,false,true,0.2908714855926564,0.5626417409883333,0.476,fmnist__cnn1__linf__0.05__model_seed42_itr19_sgd_itr1_w53.bin
fmnist,cnn1,model_seed42_itr19_sgd_itr1,linf,0.05,1,135,-0.7210531886667013,4.7143519192468375,-0.7210531886667013,4.7143519192468375,true,true,-4.7143519192468375,-0.2717702553956771,4.7143519192468375,0.27177025539567734,WRONG,WRONG,false,false,-0.2717702553956771,0.27177025539567734,false,false,true,1.5312736011713424,1.8030438565670195,0.47,fmnist__cnn1__linf__0.05__model_seed42_itr19_sgd_itr1_w54.bin
fmnist,cnn1,model_seed42_itr19_sgd_itr1,linf,0.05,1,136,-0.7210531886667013,4.7143519192468375,-0.7210531886667013,4.7143519192468375,true,true,-4.7143519192468375,-0.2717702553956771,4.7143519192468375,0.2717702553956769,WRONG,WRONG,false,false,-0.2717702553956771,0.2717702553956769,false,false,true,1.4110009774105405,1.6827712328062179,0.461,fmnist__cnn1__linf__0.05__model_seed42_itr19_sgd_itr1_w55.bin
fmnist,cnn1,model_seed42_itr19_sgd_itr1,linf,0.05,1,137,-0.7210531886667013,4.7143519192468375,-0.7210531886667013,4.7143519192468375,true,true,-4.7143519192468375,-0.271770255395677,4.7143519192468375,0.27177025539567706,WRONG,WRONG,false,false,-0.271770255395677,0.27177025539567706,false,false,true,0.2890750505983979,0.5608453059940748,0.47,fmnist__cnn1__linf__0.05__model_seed42_itr19_sgd_itr1_w56.bin
fmnist,cnn1,model_seed42_itr19_sgd_itr1,linf,0.05,1,138,-0.7210531886667013,4.7143519192468375,-0.7210531886667013,4.7143519192468375,true,true,-4.7143519192468375,-0.2717702553956771,4.7143519192468375,0.27177025539567706,WRONG,WRONG,false,false,-0.2717702553956771,0.27177025539567706,false,false,true,0.42846696498430303,0.7002372203799802,0.46,fmnist__cnn1__linf__0.05__model_seed42_itr19_sgd_itr1_w57.bin
fmnist,cnn1,model_seed42_itr19_sgd_itr1,linf,0.05,1,139,-0.7210531886667013,4.7143519192468375,-0.7210531886667013,4.7143519192468375,true,true,-4.7143519192468375,-0.2686175692167806,4.7143519192468375,0.2717702553956771,WRONG,WRONG,false,false,-0.2717702553956767,0.271770255395677,false,false,true,0.669884750107322,0.9385023193241022,0.477,fmnist__cnn1__linf__0.05__model_seed42_itr19_sgd_itr1_w58.bin
fmnist,cnn1,model_seed42_itr19_sgd_itr1,linf,0.05,1,140,-0.7210531886667013,4.7143519192468375,-0.7210531886667013,4.7143519192468375,true,true,-0.2717702553956771,-0.2717702553956771,4.7143519192468375,0.27177025539567756,WRONG,WRONG,false,false,-0.2717702553956767,0.27177025539567756,false,false,true,3.881443777498106e-17,0.2717702553956771,0.737,fmnist__cnn1__linf__0.05__model_seed42_itr19_sgd_itr1_w59.bin
fmnist,cnn1,model_seed42_itr19_sgd_itr1,linf,0.05,1,141,-0.7210531886667013,4.7143519192468375,-0.7210531886667013,4.7143519192468375,true,true,-4.7143519192468375,-0.27177025539567695,4.7143519192468375,0.271770255395677,WRONG,WRONG,false,false,-0.27177025539567695,0.271770255395677,false,false,true,0.2449416152657716,0.5167118706614485,0.419,fmnist__cnn1__linf__0.05__model_seed42_itr19_sgd_itr1_w60.bin
fmnist,cnn1,model_seed42_itr19_sgd_itr1,linf,0.05,1,142,-0.7210531886667013,4.7143519192468375,-0.7210531886667013,4.7143519192468375,true,true,-4.7143519192468375,-0.2717702553956769,4.7143519192468375,0.2686175692167805,WRONG,WRONG,false,false,-0.2717702553956769,0.2717702553956771,false,false,true,1.5658372540134018,1.8376075094090787,0.419,fmnist__cnn1__linf__0.05__model_seed42_itr19_sgd_itr1_w61.bin
fmnist,cnn1,model_seed42_itr19_sgd_itr1,linf,0.05,1,143,-0.7210531886667013,4.7143519192468375,-0.7210531886667013,4.7143519192468375,true,true,-0.27177025539567723,-0.27177025539567723,4.7143519192468375,0.2717702553956771,WRONG,WRONG,false,false,-0.2717702553956771,0.2717702553956771,false,false,true,0.0,0.27177025539567695,0.956,fmnist__cnn1__linf__0.05__model_seed42_itr19_sgd_itr1_w62.bin
fmnist,cnn1,model_seed42_itr19_sgd_itr1,linf,0.05,1,144,-0.7210531886667013,4.7143519192468375,-0.7210531886667013,4.7143519192468375,true,true,-4.7143519192468375,-0.2717702553956769,4.7143519192468375,0.2717702553956771,WRONG,WRONG,false,false,-0.2717702553956769,0.2717702553956771,false,false,true,0.29450657965671556,0.5662768350523923,0.426,fmnist__cnn1__linf__0.05__model_seed42_itr19_sgd_itr1_w63.bin
fmnist,cnn1,model_seed42_itr19_sgd_itr1,linf,0.05,1,145,-0.7210531886667013,4.7143519192468375,-0.7210531886667013,4.7143519192468375,true,true,-4.7143519192468375,-0.2717702553956769,4.7143519192468375,0.2717702553956771,WRONG,WRONG,false,false,-0.2717702553956769,0.2717702553956771,false,false,true,1.4925282777873354,1.7642985331830123,0.423,fmnist__cnn1__linf__0.05__model_seed42_itr19_sgd_itr1_w64.bin
fmnist,cnn1,model_seed42_itr19_sgd_itr1,linf,0.05,1,146,-0.7210531886667013,4.7143519192468375,-0.7210531886667013,4.7143519192468375,true,true,-4.7143519192468375,-0.2717702553956771,4.7143519192468375,0.2717702553956769,WRONG,WRONG,false,false,-0.2717702553956771,0.2717702553956769,false,false,true,1.5208345607225615,1.7926048161182386,0.432,fmnist__cnn1__linf__0.05__model_seed42_itr19_sgd_itr1_w65.bin
fmnist,cnn1,model_seed42_itr19_sgd_itr1,linf,0.05,1,147,-0.7210531886667013,4.7143519192468375,-0.7210531886667013,4.7143519192468375,true,true,-4.7143519192468375,-0.271770255395677,4.7143519192468375,0.271770255395677,WRONG,WRONG,false,false,-0.271770255395677,0.271770255395677,false,false,true,0.4126320225186646,0.6844022779143416,0.437,fmnist__cnn1__linf__0.05__model_seed42_itr19_sgd_itr1_w66.bin
fmnist,cnn1,model_seed42_itr19_sgd_itr1,linf,0.05,1,148,-0.7210531886667013,4.7143519192468375,-0.7210531886667013,4.7143519192468375,true,true,-4.7143519192468375,-0.271770255395677,4.7143519192468375,0.271770255395677,WRONG,WRONG,false,false,-0.271770255395677,0.271770255395677,false,false,true,0.4126320225186646,0.6844022779143416,0.444,fmnist__cnn1__linf__0.05__model_seed42_itr19_sgd_itr1_w67.bin
fmnist,cnn1,model_seed42_itr19_sgd_itr1,linf,0.05,1,149,-0.7210531886667013,4.7143519192468375,-0.7210531886667013,4.7143519192468375,true,true,-4.7143519192468375,-0.271770255395677,4.7143519192468375,0.271770255395677,WRONG,WRONG,false,false,-0.271770255395677,0.271770255395677,false,false,true,0.4126320225186646,0.6844022779143416,0.438,fmnist__cnn1__linf__0.05__model_seed42_itr19_sgd_itr1_w68.bin
fmnist,cnn1,model_seed42_itr19_sgd_itr1,linf,0.05,1,150,-0.7210531886667013,4.7143519192468375,-0.7210531886667013,4.7143519192468375,true,true,-4.7143519192468375,-0.271770255395677,4.7143519192468375,0.271770255395677,WRONG,WRONG,false,false,-0.271770255395677,0.271770255395677,false,false,true,0.4126320225186646,0.6844022779143416,0.429,fmnist__cnn1__linf__0.05__model_seed42_itr19_sgd_itr1_w69.bin
fmnist,cnn1,model_seed42_itr19_sgd_itr1,linf,0.05,1,151,-0.7210531886667013,4.7143519192468375,-0.7210531886667013,4.7143519192468375,true,true,-4.7143519192468375,-0.2717702553956769,4.7143519192468375,0.2717702553956771,WRONG,WRONG,false,false,-0.2717702553956769,0.2717702553956771,false,false,true,1.3973187094126323,1.6690889648083092,0.436,fmnist__cnn1__linf__0.05__model_seed42_itr19_sgd_itr1_w70.bin
fmnist,cnn1,model_seed42_itr19_sgd_itr1,linf,0.05,1,152,-0.7210531886667013,4.7143519192468375,-0.7210531886667013,4.7143519192468375,true,true,-4.7143519192468375,-0.271770255395677,4.7143519192468375,0.271770255395677,WRONG,WRONG,false,false,-0.271770255395677,0.271770255395677,false,false,true,0.2701372677706701,0.5419075231663469,0.433,fmnist__cnn1__linf__0.05__model_seed42_itr19_sgd_itr1_w71.bin
fmnist,cnn1,model_seed42_itr19_sgd_itr1,linf,0.05,1,153,-0.7210531886667013,4.7143519192468375,-0.7210531886667013,4.7143519192468375,true,true,-4.7143519192468375,-0.271770255395677,4.7143519192468375,0.271770255395677,WRONG,WRONG,false,false,-0.271770255395677,0.271770255395677,false,false,true,0.4126320225186646,0.6844022779143416,0.434,fmnist__cnn1__linf__0.05__model_seed42_itr19_sgd_itr1_w72.bin
fmnist,cnn1,model_seed42_itr19_sgd_itr1,linf,0.05,1,154,-0.7210531886667013,4.7143519192468375,-0.7210531886667013,4.7143519192468375,true,true,-4.7143519192468375,-0.2717702553956771,4.7143519192468375,0.2717702553956771,WRONG,WRONG,false,false,-0.2717702553956771,0.2717702553956771,false,false,true,2.6891736027724744,2.960943858168152,0.6,fmnist__cnn1__linf__0.05__model_seed42_itr19_sgd_itr1_w73.bin
fmnist,cnn1,model_seed42_itr19_sgd_itr1,linf,0.05,1,155,-0.7210531886667013,4.7143519192468375,-0.7210531886667013,4.7143519192468375,true,true,-4.7143519192468375,-0.27177025539567734,4.7143519192468375,0.2717702553956769,WRONG,WRONG,false,false,-0.27177025539567734,0.2717702553956769,false,false,true,1.6263918462955576,1.8981621016912344,0.438,fmnist__cnn1__linf__0.05__model_seed42_itr19_sgd_itr1_w74.bin
fmnist,cnn1,model_seed42_itr19_sgd_itr1,linf,0.05,1,156,-0.7210531886667013,4.7143519192468375,-0.7210531886667013,4.7143519192468375,true,true,-4.7143519192468375,-0.27177025539567734,4.7143519192468375,0.27177025539567695,WRONG,WRONG,false,false,-0.27177025539567734,0.27177025539567695,false,false,true,1.7155676833092453,1.9873379387049224,0.425,fmnist__cnn1__linf__0.05__model_seed42_itr19_sgd_itr1_w75.bin
fmnist,cnn1,model_seed42_itr19_sgd_itr1,linf,0.05,1,157,-0.7210531886667013,4.7143519192468375,-0.7210531886667013,4.7143519192468375,true,true,-4.7143519192468375,-0.2717702553956771,4.7143519192468375,0.2712666802455843,WRONG,WRONG,false,false,-0.2717702553956771,0.2717702553956771,false,false,true,1.5669242707217241,1.8386945261174013,0.43,fmnist__cnn1__linf__0.05__model_seed42_itr19_sgd_itr1_w76.bin
fmnist,cnn1,model_seed42_itr19_sgd_itr1,linf,0.05,1,158,-0.7210531886667013,4.7143519192468375,-0.7210531886667013,4.7143519192468375,true,true,-4.7143519192468375,-0.271770255395677,4.7143519192468375,0.271770255395677,WRONG,WRONG,false,false,-0.271770255395677,0.271770255395677,false,false,true,0.2697081633289796,0.5414784187246565,0.43,fmnist__cnn1__linf__0.05__model_seed42_itr19_sgd_itr1_w77.bin
fmnist,cnn1,model_seed42_itr19_sgd_itr1,linf,0.05,1,159,-0.7210531886667013,4.7143519192468375,-0.7210531886667013,4.7143519192468375,true,true,-4.7143519192468375,-0.271770255395677,4.7143519192468375,0.26861756921678026,WRONG,WRONG,false,false,-0.271770255395677,0.2717702553956769,false,false,true,0.7098481574933382,0.9816184128890151,0.431,fmnist__cnn1__linf__0.05__model_seed42_itr19_sgd_itr1_w78.bin
fmnist,cnn1,model_seed42_itr19_sgd_itr1,linf,0.05,1,160,-0.7210531886667013,4.7143519192468375,-0.7210531886667013,4.7143519192468375,true,true,-4.7143519192468375,-0.27177025539567734,4.7143519192468375,0.2712666802455841,WRONG,WRONG,false,false,-0.27177025539567734,0.271770255395677,false,false,true,1.6255302069558808,1.8973004623515577,0.42,fmnist__cnn1__linf__0.05__model_seed42_itr19_sgd_itr1_w79.bin
fmnist,cnn1,model_seed42_itr19_sgd_itr1,linf,0.05,1,161,-0.7210531886667013,4.7143519192468375,-0.7210531886667013,4.7143519192468375,true,true,-4.7143519192468375,-0.2717702553956769,4.7143519192468375,0.2712666802455843,WRONG,WRONG,false,false,-0.2717702553956769,0.27177025539567623,false,false,true,1.1868393732167344,1.4586096286124115,0.426,fmnist__cnn1__linf__0.05__model_seed42_itr19_sgd_itr1_w80.bin
fmnist,cnn1,model_seed42_itr19_sgd_itr1,linf,0.05,1,162,-0.7210531886667013,4.7143519192468375,-0.7210531886667013,4.7143519192468375,true,true,-4.7143519192468375,-0.27177025539567734,4.7143519192468375,0.27177025539567756,WRONG,WRONG,false,false,-0.27177025539567734,0.27177025539567756,false,false,true,1.6117724888326126,1.8835427442282897,0.417,fmnist__cnn1__linf__0.05__model_seed42_itr19_sgd_itr1_w81.bin
fmnist,cnn1,model_seed42_itr19_sgd_itr1,linf,0.05,1,163,-0.2510386034846306,5.502179866656661,-0.2510386034846306,5.502179866656661,true,true,-5.502179866656661,-0.28766092350706446,5.502179866656661,0.28766092350706457,WRONG,WRONG,false,false,-0.28766092350706446,0.28766092350706457,false,false,true,0.0,0.2876609235070645,0.42,fmnist__cnn1__linf__0.05__model_seed42_itr19_sgd_itr1_w82.bin
fmnist,cnn1,model_seed42_itr19_sgd_itr1,linf,0.05,1,164,-0.2510386034846306,5.502179866656661,-0.2510386034846306,5.502179866656661,true,true,-5.502179866656661,-0.28766092350706485,5.502179866656661,0.28766092350706457,WRONG,WRONG,false,false,-0.28766092350706485,0.28766092350706457,false,false,true,1.5350644742685835,1.8227253977756481,0.421,fmnist__cnn1__linf__0.05__model_seed42_itr19_sgd_itr1_w83.bin
fmnist,cnn1,model_seed42_itr19_sgd_itr1,linf,0.05,1,165,-0.2510386034846306,5.502179866656661,-0.2510386034846306,5.502179866656661,true,true,-5.502179866656661,-0.2876609235070646,5.502179866656661,0.2876609235070646,WRONG,WRONG,false,false,-0.2876609235070646,0.2876609235070646,false,false,true,0.22140812389552592,0.5090690474025905,0.43,fmnist__cnn1__linf__0.05__model_seed42_itr19_sgd_itr1_w84.bin
fmnist,cnn1,model_seed42_itr19_sgd_itr1,linf,0.05,1,166,-0.2510386034846306,5.502179866656661,-0.2510386034846306,5.502179866656661,true,true,-5.502179866656661,-0.2876609235070646,5.502179866656661,0.2876609235070646,WRONG,WRONG,false,false,-0.2876609235070646,0.2876609235070646,false,false,true,0.39662518064559094,0.6842861041526556,0.421,fmnist__cnn1__linf__0.05__model_seed42_itr19_sgd_itr1_w85.bin
fmnist,cnn1,model_seed42_itr19_sgd_itr1,linf,0.05,1,167,-0.2510386034846306,5.502179866656661,-0.2510386034846306,5.502179866656661,true,true,-5.502179866656661,-0.28766092350706485,5.502179866656661,0.28766092350706485,WRONG,WRONG,false,false,-0.28766092350706485,0.28766092350706485,false,false,true,2.077346193368119,2.3650071168751836,0.419,fmnist__cnn1__linf__0.05__model_seed42_itr19_sgd_itr1_w86.bin
fmnist,cnn1,model_seed42_itr19_sgd_itr1,linf,0.05,1,168,-0.2510386034846306,5.502179866656661,-0.2510386034846306,5.502179866656661,true,true,-5.502179866656661,-0.2876609235070646,5.502179866656661,0.2876609235070646,WRONG,WRONG,false,false,-0.2876609235070646,0.2876609235070646,false,false,true,1.2497615140201725,1.5374224375272372,0.424,fmnist__cnn1__linf__0.05__model_seed42_itr19_sgd_itr1_w87.bin
fmnist,cnn1,model_seed42_itr19_sgd_itr1,linf,0.05,1,169,-0.2510386034846306,5.502179866656661,-0.2510386034846306,5.502179866656661,true,true,-5.502179866656661,-0.2876609235070646,5.502179866656661,0.2876609235070646,WRONG,WRONG,false,false,-0.2876609235070646,0.2876609235070646,false,false,true,0.22140812389552592,0.5090690474025905,0.415,fmnist__cnn1__linf__0.05__model_seed42_itr19_sgd_itr1_w88.bin
fmnist,cnn1,model_seed42_itr19_sgd_itr1,linf,0.05,1,170,-0.2510386034846306,5.502179866656661,-0.2510386034846306,5.502179866656661,true,true,-5.502179866656661,-0.2876609235070644,5.502179866656661,0.2876609235070646,WRONG,WRONG,false,false,-0.2876609235070644,0.2876609235070646,false,false,true,1.3600589973888202,1.6477199208958848,0.419,fmnist__cnn1__linf__0.05__model_seed42_itr19_sgd_itr1_w89.bin
fmnist,cnn1,model_seed42_itr19_sgd_itr1,linf,0.05,1,171,-0.2510386034846306,5.502179866656661,-0.2510386034846306,5.502179866656661,true,true,-5.502179866656661,-0.2861482666444975,5.502179866656661,0.14353793317667984,WRONG,WRONG,false,false,-0.2876609235070644,0.28766092350706457,false,false,true,0.2502741926245943,0.5364224592690918,0.418,fmnist__cnn1__linf__0.05__model_seed42_itr19_sgd_itr1_w90.bin
fmnist,cnn1,model_seed42_itr19_sgd_itr1,linf,0.05,1,172,-0.2510386034846306,5.502179866656661,-0.2510386034846306,5.502179866656661,true,true,-5.502179866656661,-0.2876609235070646,5.502179866656661,0.2876609235070646,WRONG,WRONG,false,false,-0.2876609235070646,0.2876609235070646,false,false,true,0.2104244912180315,0.4980854147250961,0.432,fmnist__cnn1__linf__0.05__model_seed42_itr19_sgd_itr1_w91.bin
fmnist,cnn1,model_seed42_itr19_sgd_itr1,linf,0.05,1,173,-0.2510386034846306,5.502179866656661,-0.2510386034846306,5.502179866656661,true,true,-5.502179866656661,-0.2876609235070646,5.502179866656661,0.28766092350706457,WRONG,WRONG,false,false,-0.2876609235070646,0.28766092350706457,false,false,true,0.247935281935497,0.5355962054425616,0.433,fmnist__cnn1__linf__0.05__model_seed42_itr19_sgd_itr1_w92.bin
fmnist,cnn1,model_seed42_itr19_sgd_itr1,linf,0.05,1,174,-0.2510386034846306,5.502179866656661,-0.2510386034846306,5.502179866656661,true,true,-5.502179866656661,-0.2876609235070646,5.502179866656661,0.2876609235070646,WRONG,WRONG,false,false,-0.2876609235070646,0.2876609235070646,false,false,true,0.20194692234545167,0.48960784585251627,0.428,fmnist__cnn1__linf__0.05__model_seed42_itr19_sgd_itr1_w93.bin
fmnist,cnn1,model_seed42_itr19_sgd_itr1,linf,0.05,1,175,-0.2510386034846306,5.502179866656661,-0.2510386034846306,5.502179866656661,true,true,-5.502179866656661,-0.2876609235070646,5.502179866656661,0.2876609235070644,WRONG,WRONG,false,false,-0.2876609235070646,0.2876609235070644,false,false,true,0.3736756425758605,0.6613365660829252,0.432,fmnist__cnn1__linf__0.05__model_seed42_itr19_sgd_itr1_w94.bin
fmnist,cnn1,model_seed42_itr19_sgd_itr1,linf,0.05,1,176,-0.2510386034846306,5.502179866656661,-0.2510386034846306,5.502179866656661,true,true,-5.502179866656661,-0.2876609235070646,5.502179866656661,0.28766092350706474,WRONG,WRONG,false,false,-0.2876609235070646,0.28766092350706474,false,false,true,1.4082097636197983,1.6958706871268627,0.43,fmnist__cnn1__linf__0.05__model_seed42_itr19_sgd_itr1_w95.bin
fmnist,cnn1,model_seed42_itr19_sgd_itr1,linf,0.05,1,177,-0.2510386034846306,5.502179866656661,-0.2510386034846306,5.502179866656661,true,true,-5.502179866656661,-0.2876609235070646,5.502179866656661,0.2876609235070646,WRONG,WRONG,false,false,-0.2876609235070646,0.2876609235070646,false,false,true,0.22140812389552592,0.5090690474025905,0.436,fmnist__cnn1__linf__0.05__model_seed42_itr19_sgd_itr1_w96.bin
fmnist,cnn1,model_seed42_itr19_sgd_itr1,linf,0.05,1,178,-0.2510386034846306,5.502179866656661,-0.2510386034846306,5.502179866656661,true,true,-5.502179866656661,-0.2876609235070644,5.502179866656661,0.2876609235070644,WRONG,WRONG,false,false,-0.2876609235070644,0.2876609235070644,false,false,true,1.3600589973888202,1.6477199208958848,0.439,fmnist__cnn1__linf__0.05__model_seed42_itr19_sgd_itr1_w97.bin
fmnist,cnn1,model_seed42_itr19_sgd_itr1,linf,0.05,1,179,-0.2510386034846306,5.502179866656661,-0.2510386034846306,5.502179866656661,true,true,-5.502179866656661,-0.2876609235070645,5.502179866656661,0.2876609235070645,WRONG,WRONG,false,false,-0.2876609235070645,0.2876609235070645,false,false,true,0.22722324576394137,0.5148841692710059,0.424,fmnist__cnn1__linf__0.05__model_seed42_itr19_sgd_itr1_w98.bin
fmnist,cnn1,model_seed42_itr19_sgd_itr1,linf,0.05,1,180,-0.2510386034846306,5.502179866656661,-0.2510386034846306,5.502179866656661,true,true,-5.502179866656661,-0.28766092350706457,5.502179866656661,0.28766092350706457,WRONG,WRONG,false,false,-0.28766092350706457,0.28766092350706457,false,false,true,0.34095518823089394,0.6286161117379585,0.436,fmnist__cnn1__linf__0.05__model_seed42_itr19_sgd_itr1_w99.bin
fmnist,cnn1,model_seed42_itr19_sgd_itr1,linf,0.05,1,181,-0.2510386034846306,5.502179866656661,-0.2510386034846306,5.502179866656661,true,true,-5.502179866656661,-0.28614826664449744,5.502179866656661,0.14353793317668018,WRONG,WRONG,false,false,-0.2876609235070647,0.2876609235070646,false,false,true,0.22706461823349966,0.5132128848779971,0.436,fmnist__cnn1__linf__0.05__model_seed42_itr19_sgd_itr1_w100.bin
fmnist,cnn1,model_seed42_itr19_sgd_itr1,linf,0.05,1,182,-0.2510386034846306,5.502179866656661,-0.2510386034846306,5.502179866656661,true,true,-5.502179866656661,-0.2876609235070643,5.502179866656661,0.2876609235070644,WRONG,WRONG,false,false,-0.2876609235070643,0.2876609235070644,false,false,true,0.37732066107750833,0.6649815845845729,0.431,fmnist__cnn1__linf__0.05__model_seed42_itr19_sgd_itr1_w101.bin
fmnist,cnn1,model_seed42_itr19_sgd_itr1,linf,0.05,1,183,-0.2510386034846306,5.502179866656661,-0.2510386034846306,5.502179866656661,true,true,-5.502179866656661,-0.2876609235070646,5.502179866656661,0.28766092350706457,WRONG,WRONG,false,false,-0.2876609235070646,0.28766092350706457,false,false,true,0.6118751574970045,0.8995360810040692,0.432,fmnist__cnn1__linf__0.05__model_seed42_itr19_sgd_itr1_w102.bin
fmnist,cnn1,model_seed42_itr19_sgd_itr1,linf,0.05,1,184,-0.2510386034846306,5.502179866656661,-0.2510386034846306,5.502179866656661,true,true,-5.502179866656661,-0.14353793317667976,5.502179866656661,0.2876609235070646,WRONG,WRONG,false,false,-0.2876609235070644,0.28766092350706507,false,false,true,0.10939468569820392,0.2529326188748836,0.423,fmnist__cnn1__linf__0.05__model_seed42_itr19_sgd_itr1_w103.bin
fmnist,cnn1,model_seed42_itr19_sgd_itr1,linf,0.05,1,185,-0.2510386034846306,5.502179866656661,-0.2510386034846306,5.502179866656661,true,true,-5.502179866656661,-0.2876609235070645,5.502179866656661,0.2876609235070644,WRONG,WRONG,false,false,-0.2876609235070645,0.2876609235070644,false,false,true,0.8073109053515671,1.0949718288586316,0.44,fmnist__cnn1__linf__0.05__model_seed42_itr19_sgd_itr1_w104.bin
fmnist,cnn1,model_seed42_itr19_sgd_itr1,linf,0.05,1,186,-0.2510386034846306,5.502179866656661,-0.2510386034846306,5.502179866656661,true,true,-5.502179866656661,-0.2876609235070646,5.502179866656661,0.28766092350706485,WRONG,WRONG,false,false,-0.2876609235070646,0.28766092350706485,false,false,true,1.1443172044285246,1.431978127935589,0.438,fmnist__cnn1__linf__0.05__model_seed42_itr19_sgd_itr1_w105.bin
fmnist,cnn1,model_seed42_itr19_sgd_itr1,linf,0.05,1,187,-0.2510386034846306,5.502179866656661,-0.2510386034846306,5.502179866656661,true,true,-5.502179866656661,-0.28766092350706457,5.502179866656661,0.28766092350706457,WRONG,WRONG,false,false,-0.28766092350706457,0.28766092350706457,false,false,true,0.21724185872603358,0.5049027822330981,0.436,fmnist__cnn1__linf__0.05__model_seed42_itr19_sgd_itr1_w106.bin
fmnist,cnn1,model_seed42_itr19_sgd_itr1,linf,0.05,1,188,-0.2510386034846306,5.502179866656661,-0.2510386034846306,5.502179866656661,true,true,-5.502179866656661,-0.28766092350706446,5.502179866656661,0.28766092350706457,WRONG,WRONG,false,false,-0.28766092350706446,0.28766092350706457,false,false,true,0.3907343531105209,0.6783952766175856,0.428,fmnist__cnn1__linf__0.05__model_seed42_itr19_sgd_itr1_w107.bin
fmnist,cnn1,model_seed42_itr19_sgd_itr1,linf,0.05,1,189,-0.2510386034846306,5.502179866656661,-0.2510386034846306,5.502179866656661,true,true,-5.502179866656661,-0.28766092350706457,5.502179866656661,0.28766092350706457,WRONG,WRONG,false,false,-0.28766092350706457,0.28766092350706457,false,false,true,0.23031755201290213,0.5179784755199667,0.432,fmnist__cnn1__linf__0.05__model_seed42_itr19_sgd_itr1_w108.bin
fmnist,cnn1,model_seed42_itr19_sgd_itr1,linf,0.05,1,190,-0.2510386034846306,5.502179866656661,-0.2510386034846306,5.502179866656661,true,true,-5.502179866656661,-0.1435379331766798,5.502179866656661,0.2876609235070646,WRONG,WRONG,false,false,-0.28766092350706485,0.2876609235070646,false,false,true,0.2995054135431089,0.4430433467197886,0.451,fmnist__cnn1__linf__0.05__model_seed42_itr19_sgd_itr1_w109.bin
fmnist,cnn1,model_seed42_itr19_sgd_itr1,linf,0.05,1,191,-0.2510386034846306,5.502179866656661,-0.2510386034846306,5.502179866656661,true,true,-5.502179866656661,-0.28766092350706485,5.502179866656661,0.28766092350706446,WRONG,WRONG,false,false,-0.28766092350706485,0.28766092350706446,false,false,true,1.6337028241393448,1.9213637476464092,0.427,fmnist__cnn1__linf__0.05__model_seed42_itr19_sgd_itr1_w110.bin
fmnist,cnn1,model_seed42_itr19_sgd_itr1,linf,0.05,1,192,-0.2510386034846306,5.502179866656661,-0.2510386034846306,5.502179866656661,true,true,-5.502179866656661,-0.2876609235070644,5.502179866656661,0.28614826664449744,WRONG,WRONG,false,false,-0.2876609235070644,0.2876609235070646,false,false,true,2.8829879064516177,3.1706488299586826,0.435,fmnist__cnn1__linf__0.05__model_seed42_itr19_sgd_itr1_w111.bin
fmnist,cnn1,model_seed42_itr19_sgd_itr1,linf,0.05,1,193,-0.2510386034846306,5.502179866656661,-0.2510386034846306,5.502179866656661,true,true,-5.502179866656661,-0.2876609235070646,5.502179866656661,0.28766092350706485,WRONG,WRONG,false,false,-0.2876609235070646,0.28766092350706485,false,false,true,1.3002965744497335,1.5879574979567979,0.429,fmnist__cnn1__linf__0.05__model_seed42_itr19_sgd_itr1_w112.bin
fmnist,cnn1,model_seed42_itr19_sgd_itr1,linf,0.05,1,194,-0.2510386034846306,5.502179866656661,-0.2510386034846306,5.502179866656661,true,true,-5.502179866656661,-0.28614826664449744,5.502179866656661,0.2876609235070646,WRONG,WRONG,false,false,-0.28766092350706485,0.28766092350706457,false,false,true,0.9644790277608825,1.2506272944053798,0.438,fmnist__cnn1__linf__0.05__model_seed42_itr19_sgd_itr1_w113.bin
fmnist,cnn1,model_seed42_itr19_sgd_itr1,linf,0.05,1,195,-0.2510386034846306,5.502179866656661,-0.2510386034846306,5.502179866656661,true,true,-5.502179866656661,-0.2876609235070644,5.502179866656661,0.2876609235070646,WRONG,WRONG,false,false,-0.2876609235070644,0.2876609235070646,false,false,true,1.639388992321046,1.9270499158281107,0.445,fmnist__cnn1__linf__0.05__model_seed42_itr19_sgd_itr1_w114.bin
fmnist,cnn1,model_seed42_itr19_sgd_itr1,linf,0.05,1,196,-0.2510386034846306,5.502179866656661,-0.2510386034846306,5.502179866656661,true,true,-5.502179866656661,-0.2876609235070647,5.502179866656661,0.28766092350706446,WRONG,WRONG,false,false,-0.2876609235070647,0.28766092350706446,false,false,true,0.21553611405714096,0.5031970375642056,0.434,fmnist__cnn1__linf__0.05__model_seed42_itr19_sgd_itr1_w115.bin
fmnist,cnn1,model_seed42_itr19_sgd_itr1,linf,0.05,1,197,-0.2510386034846306,5.502179866656661,-0.2510386034846306,5.502179866656661,true,true,-5.502179866656661,-0.2876609235070646,5.502179866656661,0.28766092350706507,WRONG,WRONG,false,false,-0.2876609235070646,0.28766092350706507,false,false,true,1.5472103631106897,1.8348712866177541,0.441,fmnist__cnn1__linf__0.05__model_seed42_itr19_sgd_itr1_w116.bin
fmnist,cnn1,model_seed42_itr19_sgd_itr1,linf,0.05,1,198,-0.2510386034846306,5.502179866656661,-0.2510386034846306,5.502179866656661,true,true,-5.502179866656661,-0.2876609235070646,5.502179866656661,0.2876609235070646,WRONG,WRONG,false,false,-0.2876609235070646,0.2876609235070646,false,false,true,0.4510538332534614,0.738714756760526,0.43,fmnist__cnn1__linf__0.05__model_seed42_itr19_sgd_itr1_w117.bin
fmnist,cnn1,model_seed42_itr19_sgd_itr1,linf,0.05,1,199,-0.2510386034846306,5.502179866656661,-0.2510386034846306,5.502179866656661,true,true,-5.502179866656661,-0.14353793317667984,5.502179866656661,0.28766092350706457,WRONG,WRONG,false,false,-0.28766092350706485,0.2876609235070644,false,false,true,0.299074935694315,0.4426128688709947,0.424,fmnist__cnn1__linf__0.05__model_seed42_itr19_sgd_itr1_w118.bin
fmnist,cnn1,model_seed42_itr19_sgd_itr1,linf,0.05,1,200,-0.2510386034846306,5.502179866656661,-0.2510386034846306,5.502179866656661,true,true,-5.502179866656661,-0.2876609235070646,5.502179866656661,0.28766092350706457,WRONG,WRONG,false,false,-0.2876609235070646,0.28766092350706457,false,false,true,1.2874482724231144,1.5751091959301793,0.424,fmnist__cnn1__linf__0.05__model_seed42_itr19_sgd_itr1_w119.bin
fmnist,cnn1,model_seed42_itr19_sgd_itr1,linf,0.05,1,201,-0.2510386034846306,5.502179866656661,-0.2510386034846306,5.502179866656661,true,true,-5.502179866656661,-0.2876609235070646,5.502179866656661,0.2876609235070646,WRONG,WRONG,false,false,-0.2876609235070646,0.2876609235070646,false,false,true,0.22140812389552592,0.5090690474025905,0.433,fmnist__cnn1__linf__0.05__model_seed42_itr19_sgd_itr1_w120.bin
fmnist,cnn1,model_seed42_itr19_sgd_itr1,linf,0.05,1,202,-0.2510386034846306,5.502179866656661,-0.2510386034846306,5.502179866656661,true,true,-5.502179866656661,-0.2876609235070646,5.502179866656661,0.28766092350706457,WRONG,WRONG,false,false,-0.2876609235070646,0.28766092350706457,false,false,true,0.18903061287112663,0.4766915363781913,0.42,fmnist__cnn1__linf__0.05__model_seed42_itr19_sgd_itr1_w121.bin
fmnist,cnn1,model_seed42_itr19_sgd_itr1,linf,0.05,1,203,-0.2510386034846306,5.502179866656661,-0.2510386034846306,5.502179866656661,true,true,-5.502179866656661,-0.2876609235070646,5.502179866656661,0.28766092350706485,WRONG,WRONG,false,false,-0.2876609235070646,0.28766092350706485,false,false,true,1.100209812831142,1.3878707363382066,0.43,fmnist__cnn1__linf__0.05__model_seed42_itr19_sgd_itr1_w122.bin
fmnist,cnn1,model_seed42_itr19_sgd_itr1,linf,0.05,1,204,-0.2510386034846306,5.502179866656661,-0.2510386034846306,5.502179866656661,true,true,-5.502179866656661,-0.2876609235070646,5.502179866656661,0.28766092350706474,WRONG,WRONG,false,false,-0.2876609235070646,0.28766092350706474,false,false,true,0.22140812389552592,0.5090690474025905,0.439,fmnist__cnn1__linf__0.05__model_seed42_itr19_sgd_itr1_w123.bin
fmnist,cnn1,model_seed42_itr19_sgd_itr1,linf,0.05,1,205,-0.2510386034846306,5.502179866656661,-0.2510386034846306,5.502179866656661,true,true,-5.502179866656661,-0.2861482666444975,5.502179866656661,0.28766092350706457,WRONG,WRONG,false,false,-0.2876609235070644,0.28766092350706485,false,false,true,5.594483210025203e-17,0.2861482666444975,0.439,fmnist__cnn1__linf__0.05__model_seed42_itr19_sgd_itr1_w124.bin
fmnist,cnn1,model_seed42_itr19_sgd_itr1,linf,0.05,1,206,-0.2510386034846306,5.502179866656661,-0.2510386034846306,5.502179866656661,true,true,-5.502179866656661,-0.28766092350706485,5.502179866656661,0.28766092350706485,WRONG,WRONG,false,false,-0.28766092350706485,0.28766092350706485,false,false,true,1.2124384081148816,1.5000993316219462,0.455,fmnist__cnn1__linf__0.05__model_seed42_itr19_sgd_itr1_w125.bin
fmnist,cnn1,model_seed42_itr19_sgd_itr1,linf,0.05,1,207,-0.2510386034846306,5.502179866656661,-0.2510386034846306,5.502179866656661,true,true,-5.502179866656661,-0.28766092350706457,5.502179866656661,0.2876609235070643,WRONG,WRONG,false,false,-0.28766092350706457,0.2876609235070643,false,false,true,0.0,0.2876609235070645,0.463,fmnist__cnn1__linf__0.05__model_seed42_itr19_sgd_itr1_w126.bin
fmnist,cnn1,model_seed42_itr19_sgd_itr1,linf,0.05,1,208,-0.2510386034846306,5.502179866656661,-0.2510386034846306,5.502179866656661,true,true,-5.502179866656661,-0.2876609235070644,5.502179866656661,0.28766092350706457,WRONG,WRONG,false,false,-0.2876609235070644,0.28766092350706457,false,false,true,1.4465165265639437,1.734177450071008,0.465,fmnist__cnn1__linf__0.05__model_seed42_itr19_sgd_itr1_w127.bin
fmnist,cnn1,model_seed42_itr19_sgd_itr1,linf,0.05,1,209,-0.2510386034846306,5.502179866656661,-0.2510386034846306,5.502179866656661,true,true,-5.502179866656661,-0.2876609235070646,5.502179866656661,0.2876609235070646,WRONG,WRONG,false,false,-0.2876609235070646,0.2876609235070646,false,false,true,1.2178237646756902,1.5054846881827546,0.449,fmnist__cnn1__linf__0.05__model_seed42_itr19_sgd_itr1_w128.bin
fmnist,cnn1,model_seed42_itr19_sgd_itr1,linf,0.05,1,210,-0.2510386034846306,5.502179866656661,-0.2510386034846306,5.502179866656661,true,true,-5.502179866656661,-0.2876609235070645,5.502179866656661,0.2876609235070646,WRONG,WRONG,false,false,-0.2876609235070645,0.2876609235070646,false,false,true,0.4617066693253339,0.7493675928323985,0.457,fmnist__cnn1__linf__0.05__model_seed42_itr19_sgd_itr1_w129.bin
fmnist,cnn1,model_seed42_itr19_sgd_itr1,linf,0.05,1,211,-0.2510386034846306,5.502179866656661,-0.2510386034846306,5.502179866656661,true,true,-5.502179866656661,-0.2876609235070644,5.502179866656661,0.2876609235070646,WRONG,WRONG,false,false,-0.2876609235070644,0.2876609235070646,false,false,true,1.3429957270105644,1.6306566505176288,0.436,fmnist__cnn1__linf__0.05__model_seed42_itr19_sgd_itr1_w130.bin
fmnist,cnn1,model_seed42_itr19_sgd_itr1,linf,0.05,1,212,-0.2510386034846306,5.502179866656661,-0.2510386034846306,5.502179866656661,true,true,-5.502179866656661,-0.2876609235070646,5.502179866656661,0.28614826664449744,WRONG,WRONG,false,false,-0.2876609235070646,0.28766092350706485,false,false,true,0.41314592790392946,0.7008068514109941,0.448,fmnist__cnn1__linf__0.05__model_seed42_itr19_sgd_itr1_w131.bin
fmnist,cnn1,model_seed42_itr19_sgd_itr1,linf,0.05,1,213,-0.2510386034846306,5.502179866656661,-0.2510386034846306,5.502179866656661,true,true,-5.502179866656661,-0.2876609235070644,5.502179866656661,0.2876609235070644,WRONG,WRONG,false,false,-0.2876609235070644,0.2876609235070644,false,false,true,1.0241429815687706,1.3118039050758352,0.44,fmnist__cnn1__linf__0.05__model_seed42_itr19_sgd_itr1_w132.bin
fmnist,cnn1,model_seed42_itr19_sgd_itr1,linf,0.05,1,214,-0.2510386034846306,5.502179866656661,-0.2510386034846306,5.502179866656661,true,true,-5.502179866656661,-0.2876609235070646,5.502179866656661,0.2876609235070646,WRONG,WRONG,false,false,-0.2876609235070646,0.2876609235070646,false,false,true,0.35220761506935366,0.6398685385764183,0.437,fmnist__cnn1__linf__0.05__model_seed42_itr19_sgd_itr1_w133.bin
fmnist,cnn1,model_seed42_itr19_sgd_itr1,linf,0.05,1,215,-0.2510386034846306,5.502179866656661,-0.2510386034846306,5.502179866656661,true,true,-5.502179866656661,-0.28766092350706474,5.502179866656661,0.2876609235070645,WRONG,WRONG,false,false,-0.28766092350706474,0.2876609235070645,false,false,true,0.9114636347995444,1.1991245583066088,0.434,fmnist__cnn1__linf__0.05__model_seed42_itr19_sgd_itr1_w134.bin
fmnist,cnn1,model_seed42_itr19_sgd_itr1,linf,0.05,1,216,-0.2510386034846306,5.502179866656661,-0.2510386034846306,5.502179866656661,true,true,-5.502179866656661,-0.2876609235070646,5.502179866656661,0.2876609235070645,WRONG,WRONG,false,false,-0.2876609235070646,0.2876609235070645,false,false,true,0.0,0.28766092350706457,0.438,fmnist__cnn1__linf__0.05__model_seed42_itr19_sgd_itr1_w135.bin
fmnist,cnn1,model_seed42_itr19_sgd_itr1,linf,0.05,1,217,-0.2510386034846306,5.502179866656661,-0.2510386034846306,5.502179866656661,true,true,-5.502179866656661,-0.28766092350706457,5.502179866656661,0.2861482666444974,WRONG,WRONG,false,false,-0.28766092350706457,0.2876609235070648,false,false,true,0.0,0.2876609235070645,0.441,fmnist__cnn1__linf__0.05__model_seed42_itr19_sgd_itr1_w136.bin
fmnist,cnn1,model_seed42_itr19_sgd_itr1,linf,0.05,1,218,-0.2510386034846306,5.502179866656661,-0.2510386034846306,5.502179866656661,true,true,-5.502179866656661,-0.28766092350706485,5.502179866656661,0.2876609235070646,WRONG,WRONG,false,false,-0.28766092350706485,0.2876609235070646,false,false,true,1.7232146181483998,2.0108755416554644,0.434,fmnist__cnn1__linf__0.05__model_seed42_itr19_sgd_itr1_w137.bin
fmnist,cnn1,model_seed42_itr19_sgd_itr1,linf,0.05,1,219,-0.2510386034846306,5.502179866656661,-0.2510386034846306,5.502179866656661,true,true,-5.502179866656661,-0.2876609235070644,5.502179866656661,0.28766092350706485,WRONG,WRONG,false,false,-0.2876609235070644,0.28766092350706485,false,false,true,1.3600589973888202,1.6477199208958848,0.422,fmnist__cnn1__linf__0.05__model_seed42_itr19_sgd_itr1_w138.bin
fmnist,cnn1,model_seed42_itr19_sgd_itr1,linf,0.05,1,220,-0.2510386034846306,5.502179866656661,-0.2510386034846306,5.502179866656661,true,true,-5.502179866656661,-0.2876609235070646,5.502179866656661,0.2876609235070646,WRONG,WRONG,false,false,-0.2876609235070646,0.2876609235070646,false,false,true,0.22140812389552592,0.5090690474025905,0.441,fmnist__cnn1__linf__0.05__model_seed42_itr19_sgd_itr1_w139.bin
fmnist,cnn1,model_seed42_itr19_sgd_itr1,linf,0.05,1,221,-0.2510386034846306,5.502179866656661,-0.2510386034846306,5.502179866656661,true,true,-5.502179866656661,-0.2876609235070644,5.502179866656661,0.2876609235070646,WRONG,WRONG,false,false,-0.2876609235070644,0.2876609235070646,false,false,true,1.4413030108821194,1.7289639343891838,0.436,fmnist__cnn1__linf__0.05__model_seed42_itr19_sgd_itr1_w140.bin
fmnist,cnn1,model_seed42_itr19_sgd_itr1,linf,0.05,1,222,-0.2510386034846306,5.502179866656661,-0.2510386034846306,5.502179866656661,true,true,-5.502179866656661,-0.2876609235070646,5.502179866656661,0.2876609235070646,WRONG,WRONG,false,false,-0.2876609235070646,0.2876609235070646,false,false,true,0.23916171134579592,0.5268226348528605,0.436,fmnist__cnn1__linf__0.05__model_seed42_itr19_sgd_itr1_w141.bin
fmnist,cnn1,model_seed42_itr19_sgd_itr1,linf,0.05,1,223,-0.2510386034846306,5.502179866656661,-0.2510386034846306,5.502179866656661,true,true,-5.502179866656661,-0.2876609235070645,5.502179866656661,0.2876609235070646,WRONG,WRONG,false,false,-0.2876609235070645,0.2876609235070646,false,false,true,0.6340855420598789,0.9217464655669435,0.443,fmnist__cnn1__linf__0.05__model_seed42_itr19_sgd_itr1_w142.bin
fmnist,cnn1,model_seed42_itr19_sgd_itr1,linf,0.05,1,224,-0.2510386034846306,5.502179866656661,-0.2510386034846306,5.502179866656661,true,true,-5.502179866656661,-0.28766092350706485,5.502179866656661,0.28766092350706485,WRONG,WRONG,false,false,-0.28766092350706485,0.28766092350706485,false,false,true,1.6854102132953623,1.973071136802427,0.425,fmnist__cnn1__linf__0.05__model_seed42_itr19_sgd_itr1_w143.bin
fmnist,cnn1,model_seed42_itr19_sgd_itr1,linf,0.05,1,225,-0.2510386034846306,5.502179866656661,-0.2510386034846306,5.502179866656661,true,true,-5.502179866656661,-0.2876609235070646,5.502179866656661,0.2876609235070644,WRONG,WRONG,false,false,-0.2876609235070646,0.2876609235070644,false,false,true,0.5685641083057632,0.8562250318128278,0.438,fmnist__cnn1__linf__0.05__model_seed42_itr19_sgd_itr1_w144.bin
fmnist,cnn1,model_seed42_itr19_sgd_itr1,linf,0.05,1,226,-0.2510386034846306,5.502179866656661,-0.2510386034846306,5.502179866656661,true,true,-5.502179866656661,-0.28614826664449744,5.502179866656661,0.2876609235070645,WRONG,WRONG,false,false,-0.2876609235070646,0.28766092350706474,false,false,true,1.1780888165237586,1.4642370831682558,0.439,fmnist__cnn1__linf__0.05__model_seed42_itr19_sgd_itr1_w145.bin
fmnist,cnn1,model_seed42_itr19_sgd_itr1,linf,0.05,1,227,-0.2510386034846306,5.502179866656661,-0.2510386034846306,5.502179866656661,true,true,-5.502179866656661,-0.2876609235070646,5.502179866656661,0.2876609235070645,WRONG,WRONG,false,false,-0.2876609235070646,0.2876609235070645,false,false,true,0.40084700289444447,0.688507926401509,0.447,fmnist__cnn1__linf__0.05__model_seed42_itr19_sgd_itr1_w146.bin
fmnist,cnn1,model_seed42_itr19_sgd_itr1,linf,0.05,1,228,-0.2510386034846306,5.502179866656661,-0.2510386034846306,5.502179866656661,true,true,-5.502179866656661,-0.2876609235070646,5.502179866656661,0.2876609235070646,WRONG,WRONG,false,false,-0.2876609235070646,0.2876609235070646,false,false,true,0.22140812389552592,0.5090690474025905,0.436,fmnist__cnn1__linf__0.05__model_seed42_itr19_sgd_itr1_w147.bin
fmnist,cnn1,model_seed42_itr19_sgd_itr1,linf,0.05,1,229,-0.2510386034846306,5.502179866656661,-0.2510386034846306,5.502179866656661,true,true,-5.502179866656661,-0.2876609235070645,5.502179866656661,0.2876609235070645,WRONG,WRONG,false,false,-0.2876609235070645,0.2876609235070645,false,false,true,0.8661265966032187,1.1537875201102834,0.451,fmnist__cnn1__linf__0.05__model_seed42_itr19_sgd_itr1_w148.bin
fmnist,cnn1,model_seed42_itr19_sgd_itr1,linf,0.05,1,230,-0.2510386034846306,5.502179866656661,-0.2510386034846306,5.502179866656661,true,true,-5.502179866656661,-0.2876609235070644,5.502179866656661,0.2876609235070646,WRONG,WRONG,false,false,-0.2876609235070644,0.2876609235070646,false,false,true,1.6369512459627371,1.9246121694698017,0.444,fmnist__cnn1__linf__0.05__model_seed42_itr19_sgd_itr1_w149.bin
fmnist,cnn1,model_seed42_itr19_sgd_itr1,linf,0.05,1,231,-0.2510386034846306,5.502179866656661,-0.2510386034846306,5.502179866656661,true,true,-5.502179866656661,-0.28766092350706457,5.502179866656661,0.2876609235070646,WRONG,WRONG,false,false,-0.28766092350706457,0.2876609235070646,false,false,true,0.26456512986238134,0.552226053369446,0.45,fmnist__cnn1__linf__0.05__model_seed42_itr19_sgd_itr1_w150.bin
fmnist,cnn1,model_seed42_itr19_sgd_itr1,linf,0.05,1,232,-0.2510386034846306,5.502179866656661,-0.2510386034846306,5.502179866656661,true,true,-5.502179866656661,-0.2876609235070646,5.502179866656661,0.2876609235070646,WRONG,WRONG,false,false,-0.2876609235070646,0.2876609235070646,false,false,true,0.2503004274592946,0.5379613509663592,0.444,fmnist__cnn1__linf__0.05__model_seed42_itr19_sgd_itr1_w151.bin
fmnist,cnn1,model_seed42_itr19_sgd_itr1,linf,0.05,1,233,-0.2510386034846306,5.502179866656661,-0.2510386034846306,5.502179866656661,true,true,-5.502179866656661,-0.2876609235070647,5.502179866656661,0.28766092350706474,WRONG,WRONG,false,false,-0.2876609235070647,0.28766092350706474,false,false,true,0.4269248955291899,0.7145858190362545,0.445,fmnist__cnn1__linf__0.05__model_seed42_itr19_sgd_itr1_w152.bin
fmnist,cnn1,model_seed42_itr19_sgd_itr1,linf,0.05,1,234,-0.2510386034846306,5.502179866656661,-0.2510386034846306,5.502179866656661,true,true,-5.502179866656661,-0.2876609235070645,5.502179866656661,0.2876609235070645,WRONG,WRONG,false,false,-0.2876609235070645,0.2876609235070645,false,false,true,0.3969226446598285,0.6845835681668931,0.452,fmnist__cnn1__linf__0.05__model_seed42_itr19_sgd_itr1_w153.bin
fmnist,cnn1,model_seed42_itr19_sgd_itr1,linf,0.05,1,235,-0.2510386034846306,5.502179866656661,-0.2510386034846306,5.502179866656661,true,true,-5.502179866656661,-0.28766092350706457,5.502179866656661,0.2861482666444975,WRONG,WRONG,false,false,-0.28766092350706457,0.2876609235070646,false,false,true,0.0,0.28766092350706457,0.456,fmnist__cnn1__linf__0.05__model_seed42_itr19_sgd_itr1_w154.bin
fmnist,cnn1,model_seed42_itr19_sgd_itr1,linf,0.05,1,236,-0.2510386034846306,5.502179866656661,-0.2510386034846306,5.502179866656661,true,true,-5.502179866656661,-0.2876609235070646,5.502179866656661,0.14353793317667968,WRONG,WRONG,false,false,-0.2876609235070646,0.2876609235070644,false,false,true,0.12797405000198672,0.41563497350905126,0.484,fmnist__cnn1__linf__0.05__model_seed42_itr19_sgd_itr1_w155.bin
fmnist,cnn1,model_seed42_itr19_sgd_itr1,linf,0.05,1,237,-0.2510386034846306,5.502179866656661,-0.2510386034846306,5.502179866656661,true,true,-5.502179866656661,-0.28766092350706457,5.502179866656661,0.2876609235070645,WRONG,WRONG,false,false,-0.28766092350706457,0.2876609235070645,false,false,true,0.32429446281062474,0.6119553863176893,0.44,fmnist__cnn1__linf__0.05__model_seed42_itr19_sgd_itr1_w156.bin
fmnist,cnn1,model_seed42_itr19_sgd_itr1,linf,0.05,1,238,-0.2510386034846306,5.502179866656661,-0.2510386034846306,5.502179866656661,true,true,-5.502179866656661,-0.1315418844546815,5.502179866656661,0.28766092350706457,WRONG,WRONG,false,false,-0.2876609235070653,0.2876609235070644,false,false,true,0.4823250467392729,0.6138669311939545,0.467,fmnist__cnn1__linf__0.05__model_seed42_itr19_sgd_itr1_w157.bin
fmnist,cnn1,model_seed42_itr19_sgd_itr1,linf,0.05,1,239,-0.2510386034846306,5.502179866656661,-0.2510386034846306,5.502179866656661,true,true,-5.502179866656661,-0.2876609235070646,5.502179866656661,0.28766092350706474,WRONG,WRONG,false,false,-0.2876609235070646,0.28766092350706474,false,false,true,0.9293444659806784,1.217005389487743,0.444,fmnist__cnn1__linf__0.05__model_seed42_itr19_sgd_itr1_w158.bin
fmnist,cnn1,model_seed42_itr19_sgd_itr1,linf,0.05,1,240,-0.2510386034846306,5.502179866656661,-0.2510386034846306,5.502179866656661,true,true,-5.502179866656661,-0.14353793317667993,5.502179866656661,0.28614826664449744,WRONG,WRONG,false,false,-0.2876609235070646,0.2876609235070653,false,false,true,0.21010686316885913,0.3536447963455389,0.432,fmnist__cnn1__linf__0.05__model_seed42_itr19_sgd_itr1_w159.bin
fmnist,cnn1,model_seed42_itr19_sgd_itr1,linf,0.05,1,241,-0.2510386034846306,5.502179866656661,-0.2510386034846306,5.502179866656661,true,true,-5.502179866656661,-0.2876609235070644,5.502179866656661,0.2876609235070646,WRONG,WRONG,false,false,-0.2876609235070644,0.2876609235070646,false,false,true,1.3544531594453095,1.6421140829523744,0.451,fmnist__cnn1__linf__0.05__model_seed42_itr19_sgd_itr1_w160.bin
fmnist,cnn1,model_seed42_itr19_sgd_itr1,linf,0.05,1,242,-0.2510386034846306,5.502179866656661,-0.2510386034846306,5.502179866656661,true,true,-5.502179866656661,-0.2876609235070644,5.502179866656661,0.28766092350706485,WRONG,WRONG,false,false,-0.2876609235070644,0.28766092350706485,false,false,true,1.7248073251349847,2.0124682486420498,0.438,fmnist__cnn1__linf__0.05__model_seed42_itr19_sgd_itr1_w161.bin
fmnist,cnn1,model_seed42_itr19_sgd_itr1,linf,0.05,1,243,-0.2510386034846306,5.502179866656661,-0.2510386034846306,5.502179866656661,true,true,-5.502179866656661,-0.2876609235070645,5.502179866656661,0.2876609235070645,WRONG,WRONG,false,false,-0.2876609235070645,0.2876609235070645,false,false,true,0.3969226446598285,0.6845835681668931,0.454,fmnist__cnn1__linf__0.05__model_seed42_itr19_sgd_itr1_w162.bin
fmnist,cnn1,model_seed42_itr19_sgd_itr1,linf,0.05,1,244,-1.054734118282795,4.8492031544446945,-1.054734118282795,4.8492031544446945,true,true,-4.8492031544446945,-0.29519686363637443,4.8492031544446945,0.29519686363637465,WRONG,WRONG,false,false,-0.29519686363637443,0.29519686363637465,false,false,true,0.024005029723048205,0.3192018933594226,0.619,fmnist__cnn1__linf__0.05__model_seed42_itr19_sgd_itr1_w163.bin
fmnist,cnn1,model_seed42_itr19_sgd_itr1,linf,0.05,1,245,-1.054734118282795,4.8492031544446945,-1.054734118282795,4.8492031544446945,true,true,-4.8492031544446945,-0.29519686363637465,4.8492031544446945,0.29519686363637465,WRONG,WRONG,false,false,-0.29519686363637465,0.29519686363637465,false,false,true,1.4248282293417318,1.7200250929781062,0.454,fmnist__cnn1__linf__0.05__model_seed42_itr19_sgd_itr1_w164.bin
fmnist,cnn1,model_seed42_itr19_sgd_itr1,linf,0.05,1,246,-1.054734118282795,4.8492031544446945,-1.054734118282795,4.8492031544446945,true,true,-4.8492031544446945,-0.29519686363637465,4.8492031544446945,0.2951968636363753,WRONG,WRONG,false,false,-0.29519686363637465,0.2951968636363753,false,false,true,1.1935034029407308,1.4887002665771054,0.457,fmnist__cnn1__linf__0.05__model_seed42_itr19_sgd_itr1_w165.bin
fmnist,cnn1,model_seed42_itr19_sgd_itr1,linf,0.05,1,247,-1.054734118282795,4.8492031544446945,-1.054734118282795,4.8492031544446945,true,true,-4.8492031544446945,-0.2951968636363745,4.8492031544446945,0.2951968636363745,WRONG,WRONG,false,false,-0.2951968636363745,0.2951968636363745,false,false,true,0.0,0.2951968636363744,0.462,fmnist__cnn1__linf__0.05__model_seed42_itr19_sgd_itr1_w166.bin
fmnist,cnn1,model_seed42_itr19_sgd_itr1,linf,0.05,1,248,-1.054734118282795,4.8492031544446945,-1.054734118282795,4.8492031544446945,true,true,-4.8492031544446945,-0.2951968636363753,4.8492031544446945,0.29519686363637454,WRONG,WRONG,false,false,-0.2951968636363753,0.29519686363637454,false,false,true,1.9118372862288218,2.2070341498651964,0.479,fmnist__cnn1__linf__0.05__model_seed42_itr19_sgd_itr1_w167.bin
fmnist,cnn1,model_seed42_itr19_sgd_itr1,linf,0.05,1,249,-1.054734118282795,4.8492031544446945,-1.054734118282795,4.8492031544446945,true,true,-4.8492031544446945,-0.29519686363637454,4.8492031544446945,0.29519686363637443,WRONG,WRONG,false,false,-0.29519686363637454,0.29519686363637443,false,false,true,0.4285479810088873,0.7237448446452618,0.473,fmnist__cnn1__linf__0.05__model_seed42_itr19_sgd_itr1_w168.bin
fmnist,cnn1,model_seed42_itr19_sgd_itr1,linf,0.05,1,250,-1.054734118282795,4.8492031544446945,-1.054734118282795,4.8492031544446945,true,true,-4.8492031544446945,-0.29519686363637465,4.8492031544446945,0.2951968636363751,WRONG,WRONG,false,false,-0.29519686363637465,0.2951968636363751,false,false,true,1.4248282293417318,1.7200250929781062,0.481,fmnist__cnn1__linf__0.05__model_seed42_itr19_sgd_itr1_w169.bin
fmnist,cnn1,model_seed42_itr19_sgd_itr1,linf,0.05,1,251,-1.054734118282795,4.8492031544446945,-1.054734118282795,4.8492031544446945,true,true,-4.8492031544446945,-0.29519686363637465,4.8492031544446945,0.29519686363637465,WRONG,WRONG,false,false,-0.29519686363637465,0.29519686363637465,false,false,true,1.4248282293417318,1.7200250929781062,0.454,fmnist__cnn1__linf__0.05__model_seed42_itr19_sgd_itr1_w170.bin
fmnist,cnn1,model_seed42_itr19_sgd_itr1,linf,0.05,1,252,-1.054734118282795,4.8492031544446945,-1.054734118282795,4.8492031544446945,true,true,-0.29519686363637454,-0.29519686363637454,0.29519686363637443,0.29519686363637443,WRONG,WRONG,false,false,-0.29519686363637454,0.29519686363637443,false,false,true,1.1102230246251565e-16,0.2951968636363745,1.285,fmnist__cnn1__linf__0.05__model_seed42_itr19_sgd_itr1_w171.bin
fmnist,cnn1,model_seed42_itr19_sgd_itr1,linf,0.05,1,253,-1.054734118282795,4.8492031544446945,-1.054734118282795,4.8492031544446945,true,true,-4.8492031544446945,-0.29519686363637443,4.8492031544446945,0.29519686363637443,WRONG,WRONG,false,false,-0.29519686363637443,0.29519686363637443,false,false,true,0.024005029723048205,0.3192018933594226,0.453,fmnist__cnn1__linf__0.05__model_seed42_itr19_sgd_itr1_w172.bin
fmnist,cnn1,model_seed42_itr19_sgd_itr1,linf,0.05,1,254,-1.054734118282795,4.8492031544446945,-1.054734118282795,4.8492031544446945,true,true,-4.8492031544446945,-0.29519686363637465,4.8492031544446945,0.29519686363637443,WRONG,WRONG,false,false,-0.29519686363637465,0.29519686363637443,false,false,true,0.9010754070652198,1.1962722707015945,0.433,fmnist__cnn1__linf__0.05__model_seed42_itr19_sgd_itr1_w173.bin
fmnist,cnn1,model_seed42_itr19_sgd_itr1,linf,0.05,1,255,-1.054734118282795,4.8492031544446945,-1.054734118282795,4.8492031544446945,true,true,-4.8492031544446945,-0.29519686363637465,4.8492031544446945,0.29519686363637465,WRONG,WRONG,false,false,-0.29519686363637465,0.29519686363637465,false,false,true,0.8438180875033141,1.1390149511396888,0.465,fmnist__cnn1__linf__0.05__model_seed42_itr19_sgd_itr1_w174.bin
fmnist,cnn1,model_seed42_itr19_sgd_itr1,linf,0.05,1,256,-1.054734118282795,4.8492031544446945,-1.054734118282795,4.8492031544446945,true,true,-4.8492031544446945,-0.29519686363637465,4.8492031544446945,0.2951968636363751,WRONG,WRONG,false,false,-0.29519686363637465,0.2951968636363751,false,false,true,1.3878447957083133,1.683041659344688,0.442,fmnist__cnn1__linf__0.05__model_seed42_itr19_sgd_itr1_w175.bin
fmnist,cnn1,model_seed42_itr19_sgd_itr1,linf,0.05,1,257,-1.054734118282795,4.8492031544446945,-1.054734118282795,4.8492031544446945,true,true,-4.8492031544446945,-0.29519686363637443,4.8492031544446945,0.29519686363637454,WRONG,WRONG,false,false,-0.29519686363637443,0.29519686363637454,false,false,true,0.6307027800900733,0.9258996437264475,0.455,fmnist__cnn1__linf__0.05__model_seed42_itr19_sgd_itr1_w176.bin
fmnist,cnn1,model_seed42_itr19_sgd_itr1,linf,0.05,1,258,-1.054734118282795,4.8492031544446945,-1.054734118282795,4.8492031544446945,true,true,-4.8492031544446945,-0.29519686363637465,4.8492031544446945,0.29519686363637443,WRONG,WRONG,false,false,-0.29519686363637465,0.29519686363637443,false,false,true,1.4248282293417318,1.7200250929781062,0.453,fmnist__cnn1__linf__0.05__model_seed42_itr19_sgd_itr1_w177.bin
fmnist,cnn1,model_seed42_itr19_sgd_itr1,linf,0.05,1,259,-1.054734118282795,4.8492031544446945,-1.054734118282795,4.8492031544446945,true,true,-4.8492031544446945,-0.29519686363637443,0.2951968636363745,0.2951968636363745,WRONG,WRONG,false,false,-0.29519686363637443,0.2951968636363745,false,false,true,0.0,0.29519686363637443,1.041,fmnist__cnn1__linf__0.05__model_seed42_itr19_sgd_itr1_w178.bin
fmnist,cnn1,model_seed42_itr19_sgd_itr1,linf,0.05,1,260,-1.054734118282795,4.8492031544446945,-1.054734118282795,4.8492031544446945,true,true,-4.8492031544446945,-0.29519686363637443,4.8492031544446945,0.29519686363637465,WRONG,WRONG,false,false,-0.29519686363637443,0.29519686363637465,false,false,true,0.2596523112877878,0.5548491749241623,0.474,fmnist__cnn1__linf__0.05__model_seed42_itr19_sgd_itr1_w179.bin
fmnist,cnn1,model_seed42_itr19_sgd_itr1,linf,0.05,1,261,-1.054734118282795,4.8492031544446945,-1.054734118282795,4.8492031544446945,true,true,-4.8492031544446945,-0.29519686363637443,0.29519686363637454,0.29519686363637454,WRONG,WRONG,false,false,-0.29519686363637454,0.29519686363637454,false,false,true,0.0,0.29519686363637443,1.028,fmnist__cnn1__linf__0.05__model_seed42_itr19_sgd_itr1_w180.bin
fmnist,cnn1,model_seed42_itr19_sgd_itr1,linf,0.05,1,262,-1.054734118282795,4.8492031544446945,-1.054734118282795,4.8492031544446945,true,true,-4.8492031544446945,-0.29519686363637443,4.8492031544446945,0.29519686363637443,WRONG,WRONG,false,false,-0.29519686363637443,0.29519686363637443,false,false,true,0.842057807241237,1.1372546708776117,0.473,fmnist__cnn1__linf__0.05__model_seed42_itr19_sgd_itr1_w181.bin
fmnist,cnn1,model_seed42_itr19_sgd_itr1,linf,0.05,1,263,-1.054734118282795,4.8492031544446945,-1.054734118282795,4.8492031544446945,true,true,-4.8492031544446945,-0.29519686363637465,4.8492031544446945,0.29519686363637465,WRONG,WRONG,false,false,-0.29519686363637465,0.29519686363637465,false,false,true,1.5076386854547192,1.8028355490910937,0.482,fmnist__cnn1__linf__0.05__model_seed42_itr19_sgd_itr1_w182.bin
fmnist,cnn1,model_seed42_itr19_sgd_itr1,linf,0.05,1,264,-1.054734118282795,4.8492031544446945,-1.054734118282795,4.8492031544446945,true,true,-4.8492031544446945,-0.29519686363637443,4.8492031544446945,0.29519686363637443,WRONG,WRONG,false,false,-0.29519686363637443,0.29519686363637443,false,false,true,0.0,0.29519686363637443,0.49,fmnist__cnn1__linf__0.05__model_seed42_itr19_sgd_itr1_w183.bin
fmnist,cnn1,model_seed42_itr19_sgd_itr1,linf,0.05,1,265,-1.054734118282795,4.8492031544446945,-1.054734118282795,4.8492031544446945,true,true,-4.8492031544446945,-0.29519686363637443,4.8492031544446945,0.29519686363637443,WRONG,WRONG,false,false,-0.29519686363637443,0.29519686363637443,false,false,true,0.06664228049791981,0.36183914413429424,0.463,fmnist__cnn1__linf__0.05__model_seed42_itr19_sgd_itr1_w184.bin
fmnist,cnn1,model_seed42_itr19_sgd_itr1,linf,0.05,1,266,-1.054734118282795,4.8492031544446945,-1.054734118282795,4.8492031544446945,true,true,-4.8492031544446945,-0.29519686363637476,4.8492031544446945,0.29519686363637454,WRONG,WRONG,false,false,-0.29519686363637476,0.29519686363637454,false,false,true,0.7852542550126148,1.0804511186489896,0.475,fmnist__cnn1__linf__0.05__model_seed42_itr19_sgd_itr1_w185.bin
fmnist,cnn1,model_seed42_itr19_sgd_itr1,linf,0.05,1,267,-1.054734118282795,4.8492031544446945,-1.054734118282795,4.8492031544446945,true,true,-4.8492031544446945,-0.2776673894532069,4.8492031544446945,0.2951968636363744,WRONG,WRONG,false,false,-0.2951968636363751,0.2951968636363749,false,false,true,0.7337052107700086,1.0113726002232155,0.457,fmnist__cnn1__linf__0.05__model_seed42_itr19_sgd_itr1_w186.bin
fmnist,cnn1,model_seed42_itr19_sgd_itr1,linf,0.05,1,268,-1.054734118282795,4.8492031544446945,-1.054734118282795,4.8492031544446945,true,true,-4.8492031544446945,-0.29519686363637465,4.8492031544446945,0.29519686363637465,WRONG,WRONG,false,false,-0.29519686363637465,0.29519686363637465,false,false,true,1.4248282293417318,1.7200250929781062,0.452,fmnist__cnn1__linf__0.05__model_seed42_itr19_sgd_itr1_w187.bin
fmnist,cnn1,model_seed42_itr19_sgd_itr1,linf,0.05,1,269,-1.054734118282795,4.8492031544446945,-1.054734118282795,4.8492031544446945,true,true,-4.8492031544446945,-0.29519686363637443,4.8492031544446945,0.29519686363637443,WRONG,WRONG,false,false,-0.29519686363637443,0.29519686363637443,false,false,true,1.0751784558123727,1.3703753194487476,0.433,fmnist__cnn1__linf__0.05__model_seed42_itr19_sgd_itr1_w188.bin
fmnist,cnn1,model_seed42_itr19_sgd_itr1,linf,0.05,1,270,-1.054734118282795,4.8492031544446945,-1.054734118282795,4.8492031544446945,true,true,-0.2951968636363753,-0.2951968636363753,0.29519686363637443,0.29519686363637443,WRONG,WRONG,false,false,-0.2951968636363753,0.29519686363637443,false,false,true,8.326672684688674e-16,0.2951968636363752,1.416,fmnist__cnn1__linf__0.05__model_seed42_itr19_sgd_itr1_w189.bin
fmnist,cnn1,model_seed42_itr19_sgd_itr1,linf,0.05,1,271,-1.054734118282795,4.8492031544446945,-1.054734118282795,4.8492031544446945,true,true,-4.8492031544446945,-0.29519686363637443,4.8492031544446945,0.29519686363637443,WRONG,WRONG,false,false,-0.29519686363637443,0.29519686363637443,false,false,true,0.024005029723048205,0.3192018933594226,0.463,fmnist__cnn1__linf__0.05__model_seed42_itr19_sgd_itr1_w190.bin
fmnist,cnn1,model_seed42_itr19_sgd_itr1,linf,0.05,1,272,-1.054734118282795,4.8492031544446945,-1.054734118282795,4.8492031544446945,true,true,-4.8492031544446945,-0.2951968636363749,4.8492031544446945,0.29519686363637376,WRONG,WRONG,false,false,-0.2951968636363749,0.29519686363637376,false,false,true,1.9987381686997912,2.293935032336166,0.457,fmnist__cnn1__linf__0.05__model_seed42_itr19_sgd_itr1_w191.bin
fmnist,cnn1,model_seed42_itr19_sgd_itr1,linf,0.05,1,273,-1.054734118282795,4.8492031544446945,-1.054734118282795,4.8492031544446945,true,true,-4.8492031544446945,-0.2951968636363749,4.8492031544446945,0.29519686363637443,WRONG,WRONG,false,false,-0.2951968636363749,0.29519686363637443,false,false,true,1.652795821353078,1.9479926849894529,0.457,fmnist__cnn1__linf__0.05__model_seed42_itr19_sgd_itr1_w192.bin
fmnist,cnn1,model_seed42_itr19_sgd_itr1,linf,0.05,1,274,-1.054734118282795,4.8492031544446945,-1.054734118282795,4.8492031544446945,true,true,-4.8492031544446945,-0.29519686363637443,4.8492031544446945,0.29519686363637443,WRONG,WRONG,false,false,-0.29519686363637443,0.29519686363637443,false,false,true,0.024005029723048205,0.3192018933594226,0.473,fmnist__cnn1__linf__0.05__model_seed42_itr19_sgd_itr1_w193.bin
fmnist,cnn1,model_seed42_itr19_sgd_itr1,linf,0.05,1,275,-1.054734118282795,4.8492031544446945,-1.054734118282795,4.8492031544446945,true,true,-4.8492031544446945,-0.2951968636363749,4.8492031544446945,0.29519686363637454,WRONG,WRONG,false,false,-0.2951968636363749,0.29519686363637454,false,false,true,1.687370880661687,1.9825677442980616,0.464,fmnist__cnn1__linf__0.05__model_seed42_itr19_sgd_itr1_w194.bin
fmnist,cnn1,model_seed42_itr19_sgd_itr1,linf,0.05,1,276,-1.054734118282795,4.8492031544446945,-1.054734118282795,4.8492031544446945,true,true,-4.8492031544446945,-0.2951968636363749,4.8492031544446945,0.29519686363637443,WRONG,WRONG,false,false,-0.2951968636363749,0.29519686363637443,false,false,true,1.0802731647642634,1.375470028400638,0.479,fmnist__cnn1__linf__0.05__model_seed42_itr19_sgd_itr1_w195.bin
fmnist,cnn1,model_seed42_itr19_sgd_itr1,linf,0.05,1,277,-1.054734118282795,4.8492031544446945,-1.054734118282795,4.8492031544446945,true,true,-4.8492031544446945,-0.2951968636363745,0.29519686363637454,0.29519686363637454,WRONG,WRONG,false,false,-0.29519686363637443,0.29519686363637454,false,false,true,0.0,0.2951968636363745,0.71,fmnist__cnn1__linf__0.05__model_seed42_itr19_sgd_itr1_w196.bin
fmnist,cnn1,model_seed42_itr19_sgd_itr1,linf,0.05,1,278,-1.054734118282795,4.8492031544446945,-1.054734118282795,4.8492031544446945,true,true,-4.8492031544446945,-0.2951968636363751,4.8492031544446945,0.29519686363637443,WRONG,WRONG,false,false,-0.2951968636363751,0.29519686363637443,false,false,true,1.9983279293794027,2.293524793015777,0.441,fmnist__cnn1__linf__0.05__model_seed42_itr19_sgd_itr1_w197.bin
fmnist,cnn1,model_seed42_itr19_sgd_itr1,linf,0.05,1,279,-1.054734118282795,4.8492031544446945,-1.054734118282795,4.8492031544446945,true,true,-4.8492031544446945,-0.29519686363637465,4.8492031544446945,0.29519686363637465,WRONG,WRONG,false,false,-0.29519686363637465,0.29519686363637465,false,false,true,1.408450645250187,1.703647508886562,0.444,fmnist__cnn1__linf__0.05__model_seed42_itr19_sgd_itr1_w198.bin
fmnist,cnn1,model_seed42_itr19_sgd_itr1,linf,0.05,1,280,-1.054734118282795,4.8492031544446945,-1.054734118282795,4.8492031544446945,true,true,-0.2951968636363745,-0.2951968636363745,0.2951968636363745,0.2951968636363745,WRONG,WRONG,false,false,-0.2951968636363745,0.2951968636363745,false,false,true,0.0,0.29519686363637443,1.339,fmnist__cnn1__linf__0.05__model_seed42_itr19_sgd_itr1_w199.bin
fmnist,cnn1,model_seed42_itr19_sgd_itr1,linf,0.05,1,281,-1.054734118282795,4.8492031544446945,-1.054734118282795,4.8492031544446945,true,true,-4.8492031544446945,-0.2951968636363749,4.8492031544446945,0.2951968636363745,WRONG,WRONG,false,false,-0.2951968636363749,0.2951968636363745,false,false,true,0.900447339300975,1.1956442029373495,0.461,fmnist__cnn1__linf__0.05__model_seed42_itr19_sgd_itr1_w200.bin
fmnist,cnn1,model_seed42_itr19_sgd_itr1,linf,0.05,1,282,-1.054734118282795,4.8492031544446945,-1.054734118282795,4.8492031544446945,true,true,-4.8492031544446945,-0.29519686363637443,4.8492031544446945,0.29519686363637443,WRONG,WRONG,false,false,-0.29519686363637443,0.29519686363637443,false,false,true,0.024005029723048205,0.3192018933594226,0.444,fmnist__cnn1__linf__0.05__model_seed42_itr19_sgd_itr1_w201.bin
fmnist,cnn1,model_seed42_itr19_sgd_itr1,linf,0.05,1,283,-1.054734118282795,4.8492031544446945,-1.054734118282795,4.8492031544446945,true,true,-0.29519686363637465,-0.29519686363637465,0.29519686363637454,0.29519686363637454,WRONG,WRONG,false,false,-0.29519686363637465,0.29519686363637454,false,false,true,1.7694179454963432e-16,0.29519686363637465,1.199,fmnist__cnn1__linf__0.05__model_seed42_itr19_sgd_itr1_w202.bin
fmnist,cnn1,model_seed42_itr19_sgd_itr1,linf,0.05,1,284,-1.054734118282795,4.8492031544446945,-1.054734118282795,4.8492031544446945,true,true,-4.8492031544446945,-0.2951968636363749,4.8492031544446945,0.29519686363637443,WRONG,WRONG,false,false,-0.2951968636363749,0.29519686363637443,false,false,true,0.9114171702354559,1.2066140338718305,0.435,fmnist__cnn1__linf__0.05__model_seed42_itr19_sgd_itr1_w203.bin
fmnist,cnn1,model_seed42_itr19_sgd_itr1,linf,0.05,1,285,-1.054734118282795,4.8492031544446945,-1.054734118282795,4.8492031544446945,true,true,-4.8492031544446945,-0.29519686363637465,4.8492031544446945,0.29519686363637443,WRONG,WRONG,false,false,-0.29519686363637465,0.29519686363637443,false,false,true,0.8438180875033141,1.1390149511396888,0.422,fmnist__cnn1__linf__0.05__model_seed42_itr19_sgd_itr1_w204.bin
fmnist,cnn1,model_seed42_itr19_sgd_itr1,linf,0.05,1,286,-1.054734118282795,4.8492031544446945,-1.054734118282795,4.8492031544446945,true,true,-0.2951968636363745,-0.2951968636363745,0.29519686363637454,0.29519686363637454,WRONG,WRONG,false,false,-0.2951968636363745,0.29519686363637454,false,false,true,1.734723475976807e-17,0.2951968636363745,1.196,fmnist__cnn1__linf__0.05__model_seed42_itr19_sgd_itr1_w205.bin
fmnist,cnn1,model_seed42_itr19_sgd_itr1,linf,0.05,1,287,-1.054734118282795,4.8492031544446945,-1.054734118282795,4.8492031544446945,true,true,-4.8492031544446945,-0.29519686363637465,4.8492031544446945,0.29519686363637454,WRONG,WRONG,false,false,-0.29519686363637465,0.29519686363637454,false,false,true,1.0670228509951092,1.3622197146314838,0.453,fmnist__cnn1__linf__0.05__model_seed42_itr19_sgd_itr1_w206.bin
fmnist,cnn1,model_seed42_itr19_sgd_itr1,linf,0.05,1,288,-1.054734118282795,4.8492031544446945,-1.054734118282795,4.8492031544446945,true,true,-0.29519686363637465,-0.29519686363637465,0.29519686363637454,0.29519686363637454,WRONG,WRONG,false,false,-0.29519686363637465,0.29519686363637454,false,false,true,0.0,0.2951968636363746,1.242,fmnist__cnn1__linf__0.05__model_seed42_itr19_sgd_itr1_w207.bin
fmnist,cnn1,model_seed42_itr19_sgd_itr1,linf,0.05,1,289,-1.054734118282795,4.8492031544446945,-1.054734118282795,4.8492031544446945,true,true,-4.8492031544446945,-0.29519686363637443,0.29519686363637443,0.29519686363637443,WRONG,WRONG,false,false,-0.29519686363637454,0.29519686363637443,false,false,true,0.0,0.2951968636363745,0.803,fmnist__cnn1__linf__0.05__model_seed42_itr19_sgd_itr1_w208.bin
fmnist,cnn1,model_seed42_itr19_sgd_itr1,linf,0.05,1,290,-1.054734118282795,4.8492031544446945,-1.054734118282795,4.8492031544446945,true,true,-4.8492031544446945,-0.29519686363637465,4.8492031544446945,0.2951968636363749,WRONG,WRONG,false,false,-0.29519686363637465,0.2951968636363749,false,false,true,0.9479498779736404,1.243146741610015,0.452,fmnist__cnn1__linf__0.05__model_seed42_itr19_sgd_itr1_w209.bin
fmnist,cnn1,model_seed42_itr19_sgd_itr1,linf,0.05,1,291,-1.054734118282795,4.8492031544446945,-1.054734118282795,4.8492031544446945,true,true,-4.8492031544446945,-0.29519686363637443,0.29519686363637443,0.29519686363637443,WRONG,WRONG,false,false,-0.2951968636363745,0.29519686363637443,false,false,true,0.0,0.29519686363637443,1.055,fmnist__cnn1__linf__0.05__model_seed42_itr19_sgd_itr1_w210.bin
fmnist,cnn1,model_seed42_itr19_sgd_itr1,linf,0.05,1,292,-1.054734118282795,4.8492031544446945,-1.054734118282795,4.8492031544446945,true,true,-4.8492031544446945,-0.29519686363637443,4.8492031544446945,0.2951968636363751,WRONG,WRONG,false,false,-0.29519686363637443,0.2951968636363751,false,false,true,1.6968549171849088,1.9920517808212834,0.444,fmnist__cnn1__linf__0.05__model_seed42_itr19_sgd_itr1_w211.bin
fmnist,cnn1,model_seed42_itr19_sgd_itr1,linf,0.05,1,293,-1.054734118282795,4.8492031544446945,-1.054734118282795,4.8492031544446945,true,true,-0.2951968636363745,-0.2951968636363745,0.29519686363637454,0.29519686363637454,WRONG,WRONG,false,false,-0.2951968636363745,0.29519686363637454,false,false,true,3.469446951953614e-18,0.29519686363637443,1.6,fmnist__cnn1__linf__0.05__model_seed42_itr19_sgd_itr1_w212.bin
fmnist,cnn1,model_seed42_itr19_sgd_itr1,linf,0.05,1,294,-1.054734118282795,4.8492031544446945,-1.054734118282795,4.8492031544446945,true,true,-4.8492031544446945,-0.29519686363637443,4.8492031544446945,0.29519686363637443,WRONG,WRONG,false,false,-0.29519686363637443,0.29519686363637443,false,false,true,0.15171674118774164,0.446913604824116,0.446,fmnist__cnn1__linf__0.05__model_seed42_itr19_sgd_itr1_w213.bin
fmnist,cnn1,model_seed42_itr19_sgd_itr1,linf,0.05,1,295,-1.054734118282795,4.8492031544446945,-1.054734118282795,4.8492031544446945,true,true,-4.8492031544446945,-0.27766738945320707,0.29519686363637454,0.29519686363637454,WRONG,WRONG,false,false,-0.2951968636363745,0.29519686363637454,false,false,true,0.0,0.277667389453207,0.879,fmnist__cnn1__linf__0.05__model_seed42_itr19_sgd_itr1_w214.bin
fmnist,cnn1,model_seed42_itr19_sgd_itr1,linf,0.05,1,296,-1.054734118282795,4.8492031544446945,-1.054734118282795,4.8492031544446945,true,true,-4.8492031544446945,-0.29519686363637465,4.8492031544446945,0.29519686363637454,WRONG,WRONG,false,false,-0.29519686363637465,0.29519686363637454,false,false,true,1.6374700895889938,1.9326669532253682,0.451,fmnist__cnn1__linf__0.05__model_seed42_itr19_sgd_itr1_w215.bin
fmnist,cnn1,model_seed42_itr19_sgd_itr1,linf,0.05,1,297,-1.054734118282795,4.8492031544446945,-1.054734118282795,4.8492031544446945,true,true,-4.8492031544446945,-0.29519686363637443,0.2951968636363745,0.2951968636363745,WRONG,WRONG,false,false,-0.2951968636363745,0.2951968636363745,false,false,true,0.0,0.29519686363637443,0.739,fmnist__cnn1__linf__0.05__model_seed42_itr19_sgd_itr1_w216.bin
fmnist,cnn1,model_seed42_itr19_sgd_itr1,linf,0.05,1,298,-1.054734118282795,4.8492031544446945,-1.054734118282795,4.8492031544446945,true,true,-0.2951968636363745,-0.2951968636363745,0.2951968636363743,0.2951968636363743,WRONG,WRONG,false,false,-0.2951968636363745,0.2951968636363743,false,false,true,3.8163916471489756e-17,0.2951968636363746,1.309,fmnist__cnn1__linf__0.05__model_seed42_itr19_sgd_itr1_w217.bin
fmnist,cnn1,model_seed42_itr19_sgd_itr1,linf,0.05,1,299,-1.054734118282795,4.8492031544446945,-1.054734118282795,4.8492031544446945,true,true,-4.8492031544446945,-0.2951968636363751,4.8492031544446945,0.2951968636363745,WRONG,WRONG,false,false,-0.2951968636363751,0.2951968636363745,false,false,true,1.8336488198943093,2.1288456835306837,0.493,fmnist__cnn1__linf__0.05__model_seed42_itr19_sgd_itr1_w218.bin
fmnist,cnn1,model_seed42_itr19_sgd_itr1,linf,0.05,1,300,-1.054734118282795,4.8492031544446945,-1.054734118282795,4.8492031544446945,true,true,-4.8492031544446945,-0.29519686363637465,4.8492031544446945,0.29519686363637443,WRONG,WRONG,false,false,-0.29519686363637465,0.29519686363637443,false,false,true,0.8728655022777178,1.1680623659140925,0.494,fmnist__cnn1__linf__0.05__model_seed42_itr19_sgd_itr1_w219.bin
fmnist,cnn1,model_seed42_itr19_sgd_itr1,linf,0.05,1,301,-1.054734118282795,4.8492031544446945,-1.054734118282795,4.8492031544446945,true,true,-0.29519686363637454,-0.29519686363637454,0.29519686363637443,0.29519686363637443,WRONG,WRONG,false,false,-0.29519686363637454,0.29519686363637443,false,false,true,3.8163916471489756e-17,0.29519686363637443,1.829,fmnist__cnn1__linf__0.05__model_seed42_itr19_sgd_itr1_w220.bin
fmnist,cnn1,model_seed42_itr19_sgd_itr1,linf,0.05,1,302,-1.054734118282795,4.8492031544446945,-1.054734118282795,4.8492031544446945,true,true,-4.8492031544446945,-0.29519686363637443,4.8492031544446945,0.2951968636363745,WRONG,WRONG,false,false,-0.29519686363637443,0.2951968636363745,false,false,true,0.5247785073562212,0.8199753709925957,0.5,fmnist__cnn1__linf__0.05__model_seed42_itr19_sgd_itr1_w221.bin
fmnist,cnn1,model_seed42_itr19_sgd_itr1,linf,0.05,1,303,-1.054734118282795,4.8492031544446945,-1.054734118282795,4.8492031544446945,true,true,-4.8492031544446945,-0.29519686363637443,4.8492031544446945,0.29519686363637443,WRONG,WRONG,false,false,-0.29519686363637443,0.29519686363637443,false,false,true,0.5465194400784377,0.8417163037148121,0.472,fmnist__cnn1__linf__0.05__model_seed42_itr19_sgd_itr1_w222.bin
fmnist,cnn1,model_seed42_itr19_sgd_itr1,linf,0.05,1,304,-1.054734118282795,4.8492031544446945,-1.054734118282795,4.8492031544446945,true,true,-0.2951968636363745,-0.0072026886562664245,0.29519686363637443,0.29519686363637443,WRONG,WRONG,false,false,-0.29519686363637454,0.29519686363637443,false,false,true,8.854028621385623e-15,0.007202688656266512,1.685,fmnist__cnn1__linf__0.05__model_seed42_itr19_sgd_itr1_w223.bin
fmnist,cnn1,model_seed42_itr19_sgd_itr1,linf,0.05,1,305,-1.054734118282795,4.8492031544446945,-1.054734118282795,4.8492031544446945,true,true,-4.8492031544446945,-0.2951968636363742,4.8492031544446945,0.2951968636363753,WRONG,WRONG,false,false,-0.2951968636363742,0.2951968636363753,false,false,true,2.3267084831907137,2.6219053468270883,0.482,fmnist__cnn1__linf__0.05__model_seed42_itr19_sgd_itr1_w224.bin
fmnist,cnn1,model_seed42_itr19_sgd_itr1,linf,0.05,1,306,-1.054734118282795,4.8492031544446945,-1.054734118282795,4.8492031544446945,true,true,-4.8492031544446945,-0.29519686363637454,4.8492031544446945,0.29519686363637476,WRONG,WRONG,false,false,-0.29519686363637454,0.29519686363637476,false,false,true,0.7327421150488901,1.0279389786852646,0.457,fmnist__cnn1__linf__0.05__model_seed42_itr19_sgd_itr1_w225.bin
fmnist,cnn1,model_seed42_itr19_sgd_itr1,linf,0.05,1,307,-1.054734118282795,4.8492031544446945,-1.054734118282795,4.8492031544446945,true,true,-4.8492031544446945,-0.29519686363637443,4.8492031544446945,0.29519686363637443,WRONG,WRONG,false,false,-0.29519686363637443,0.29519686363637443,false,false,true,0.023202909715627308,0.3183997733520017,0.464,fmnist__cnn1__linf__0.05__model_seed42_itr19_sgd_itr1_w226.bin
fmnist,cnn1,model_seed42_itr19_sgd_itr1,linf,0.05,1,308,-1.054734118282795,4.8492031544446945,-1.054734118282795,4.8492031544446945,true,true,-4.8492031544446945,-0.29519686363637465,4.8492031544446945,0.29519686363637465,WRONG,WRONG,false,false,-0.29519686363637465,0.29519686363637465,false,false,true,0.8654515463735375,1.1606484100099121,0.462,fmnist__cnn1__linf__0.05__model_seed42_itr19_sgd_itr1_w227.bin
fmnist,cnn1,model_seed42_itr19_sgd_itr1,linf,0.05,1,309,-1.054734118282795,4.8492031544446945,-1.054734118282795,4.8492031544446945,true,true,-4.8492031544446945,-0.29519686363637443,4.8492031544446945,0.29519686363637443,WRONG,WRONG,false,false,-0.29519686363637443,0.29519686363637443,false,false,true,0.024005029723048205,0.3192018933594226,0.48,fmnist__cnn1__linf__0.05__model_seed42_itr19_sgd_itr1_w228.bin
fmnist,cnn1,model_seed42_itr19_sgd_itr1,linf,0.05,1,310,-1.054734118282795,4.8492031544446945,-1.054734118282795,4.8492031544446945,true,true,-0.29519686363637465,-0.29519686363637465,0.2951968636363743,0.2951968636363743,WRONG,WRONG,false,false,-0.29519686363637465,0.2951968636363743,false,false,true,3.8163916471489756e-17,0.29519686363637454,1.127,fmnist__cnn1__linf__0.05__model_seed42_itr19_sgd_itr1_w229.bin
fmnist,cnn1,model_seed42_itr19_sgd_itr1,linf,0.05,1,311,-1.054734118282795,4.8492031544446945,-1.054734118282795,4.8492031544446945,true,true,-4.8492031544446945,-0.29519686363637454,4.8492031544446945,0.2951968636363743,WRONG,WRONG,false,false,-0.29519686363637454,0.2951968636363743,false,false,true,0.9594255101095367,1.2546223737459112,0.482,fmnist__cnn1__linf__0.05__model_seed42_itr19_sgd_itr1_w230.bin
fmnist,cnn1,model_seed42_itr19_sgd_itr1,linf,0.05,1,312,-1.054734118282795,4.8492031544446945,-1.054734118282795,4.8492031544446945,true,true,-4.8492031544446945,-0.29519686363637443,4.8492031544446945,0.29519686363637443,WRONG,WRONG,false,false,-0.29519686363637443,0.29519686363637443,false,false,true,0.024005029723048205,0.3192018933594226,0.486,fmnist__cnn1__linf__0.05__model_seed42_itr19_sgd_itr1_w231.bin
fmnist,cnn1,model_seed42_itr19_sgd_itr1,linf,0.05,1,313,-1.054734118282795,4.8492031544446945,-1.054734118282795,4.8492031544446945,true,true,-4.8492031544446945,-0.2951968636363745,4.8492031544446945,0.29519686363637454,WRONG,WRONG,false,false,-0.2951968636363745,0.29519686363637454,false,false,true,0.0,0.29519686363637443,0.503,fmnist__cnn1__linf__0.05__model_seed42_itr19_sgd_itr1_w232.bin
fmnist,cnn1,model_seed42_itr19_sgd_itr1,linf,0.05,1,314,-1.054734118282795,4.8492031544446945,-1.054734118282795,4.8492031544446945,true,true,-4.8492031544446945,-0.29519686363637465,4.8492031544446945,0.2951968636363749,WRONG,WRONG,false,false,-0.29519686363637465,0.2951968636363749,false,false,true,1.0246280666269245,1.3198249302632992,0.48,fmnist__cnn1__linf__0.05__model_seed42_itr19_sgd_itr1_w233.bin
fmnist,cnn1,model_seed42_itr19_sgd_itr1,linf,0.05,1,315,-1.054734118282795,4.8492031544446945,-1.054734118282795,4.8492031544446945,true,true,-4.8492031544446945,-0.29519686363637454,4.8492031544446945,0.29519686363637443,WRONG,WRONG,false,false,-0.29519686363637454,0.29519686363637443,false,false,true,0.6055769663598763,0.9007738299962507,0.464,fmnist__cnn1__linf__0.05__model_seed42_itr19_sgd_itr1_w234.bin
fmnist,cnn1,model_seed42_itr19_sgd_itr1,linf,0.05,1,316,-1.054734118282795,4.8492031544446945,-1.054734118282795,4.8492031544446945,true,true,-4.8492031544446945,-0.29519686363637443,0.29519686363637443,0.29519686363637443,WRONG,WRONG,false,false,-0.29519686363637443,0.29519686363637443,false,false,true,0.0,0.29519686363637443,0.741,fmnist__cnn1__linf__0.05__model_seed42_itr19_sgd_itr1_w235.bin
fmnist,cnn1,model_seed42_itr19_sgd_itr1,linf,0.05,1,317,-1.054734118282795,4.8492031544446945,-1.054734118282795,4.8492031544446945,true,true,-4.8492031544446945,-0.29519686363637465,4.8492031544446945,0.29519686363637454,WRONG,WRONG,false,false,-0.29519686363637465,0.29519686363637454,false,false,true,1.6947541013671776,1.9899509650035525,0.457,fmnist__cnn1__linf__0.05__model_seed42_itr19_sgd_itr1_w236.bin
fmnist,cnn1,model_seed42_itr19_sgd_itr1,linf,0.05,1,318,-1.054734118282795,4.8492031544446945,-1.054734118282795,4.8492031544446945,true,true,-4.8492031544446945,-0.29519686363637443,4.8492031544446945,0.29519686363637443,WRONG,WRONG,false,false,-0.29519686363637443,0.29519686363637443,false,false,true,0.5880533458309788,0.8832502094673531,0.469,fmnist__cnn1__linf__0.05__model_seed42_itr19_sgd_itr1_w237.bin
fmnist,cnn1,model_seed42_itr19_sgd_itr1,linf,0.05,1,319,-1.054734118282795,4.8492031544446945,-1.054734118282795,4.8492031544446945,true,true,-4.8492031544446945,-0.2951968636363745,0.2951968636363745,0.2951968636363745,WRONG,WRONG,false,false,-0.29519686363637454,0.2951968636363745,false,false,true,0.0,0.29519686363637443,1.064,fmnist__cnn1__linf__0.05__model_seed42_itr19_sgd_itr1_w238.bin
fmnist,cnn1,model_seed42_itr19_sgd_itr1,linf,0.05,1,320,-1.054734118282795,4.8492031544446945,-1.054734118282795,4.8492031544446945,true,true,-4.8492031544446945,-0.2951968636363751,4.8492031544446945,0.27766738945320757,WRONG,WRONG,false,false,-0.2951968636363751,0.2951968636363742,false,false,true,1.0458391367827624,1.341036000419137,0.463,fmnist__cnn1__linf__0.05__model_seed42_itr19_sgd_itr1_w239.bin
fmnist,cnn1,model_seed42_itr19_sgd_itr1,linf,0.05,1,321,-1.054734118282795,4.8492031544446945,-1.054734118282795,4.8492031544446945,true,true,-4.8492031544446945,-0.29519686363637443,4.8492031544446945,0.29519686363637454,WRONG,WRONG,false,false,-0.29519686363637443,0.29519686363637454,false,false,true,0.04530144955434241,0.3404983131907169,0.495,fmnist__cnn1__linf__0.05__model_seed42_itr19_sgd_itr1_w240.bin
fmnist,cnn1,model_seed42_itr19_sgd_itr1,linf,0.05,1,322,-1.054734118282795,4.8492031544446945,-1.054734118282795,4.8492031544446945,true,true,-0.29519686363637454,-0.29519686363637454,0.29519686363637443,0.29519686363637443,WRONG,WRONG,false,false,-0.29519686363637454,0.29519686363637443,false,false,true,2.7755575615628914e-17,0.29519686363637443,1.17,fmnist__cnn1__linf__0.05__model_seed42_itr19_sgd_itr1_w241.bin
fmnist,cnn1,model_seed42_itr19_sgd_itr1,linf,0.05,1,323,-1.054734118282795,4.8492031544446945,-1.054734118282795,4.8492031544446945,true,true,-4.8492031544446945,-0.29519686363637465,4.8492031544446945,0.2951968636363751,WRONG,WRONG,false,false,-0.29519686363637465,0.2951968636363751,false,false,true,1.1590578766490112,1.4542547402853858,0.468,fmnist__cnn1__linf__0.05__model_seed42_itr19_sgd_itr1_w242.bin
fmnist,cnn1,model_seed42_itr19_sgd_itr1,linf,0.05,1,324,-1.054734118282795,4.8492031544446945,-1.054734118282795,4.8492031544446945,true,true,-0.29519686363637454,-0.29519686363637454,0.29519686363637443,0.29519686363637443,WRONG,WRONG,false,false,-0.29519686363637454,0.29519686363637443,false,false,true,0.0,0.2951968636363743,1.998,fmnist__cnn1__linf__0.05__model_seed42_itr19_sgd_itr1_w243.bin
fmnist,cnn1,model_seed42_itr19_sgd_itr1,linf,0.05,1,325,-0.08251320850104094,4.868803080637008,-0.08251320850104094,4.868803080637008,true,true,-4.868803080637008,-0.24459513236215694,4.868803080637008,0.23574654164714187,WRONG,WRONG,false,false,-0.24756581445690262,0.2475658144569025,false,false,true,0.22413910166893558,0.4687342340310927,0.463,fmnist__cnn1__linf__0.05__model_seed42_itr19_sgd_itr1_w244.bin
fmnist,cnn1,model_seed42_itr19_sgd_itr1,linf,0.05,1,326,-0.08251320850104094,4.868803080637008,-0.08251320850104094,4.868803080637008,true,true,-4.868803080637008,-0.24756581445690262,4.868803080637008,0.24756581445690237,WRONG,WRONG,false,false,-0.24756581445690262,0.24756581445690237,false,false,true,2.2302769995434555,2.477842814000358,0.472,fmnist__cnn1__linf__0.05__model_seed42_itr19_sgd_itr1_w245.bin
fmnist,cnn1,model_seed42_itr19_sgd_itr1,linf,0.05,1,327,-0.08251320850104094,4.868803080637008,-0.08251320850104094,4.868803080637008,true,true,-4.868803080637008,-0.24756581445690237,4.868803080637008,0.24756581445690248,WRONG,WRONG,false,false,-0.24756581445690237,0.24756581445690248,false,false,true,0.176507772738114,0.42407358719501653,0.474,fmnist__cnn1__linf__0.05__model_seed42_itr19_sgd_itr1_w246.bin
fmnist,cnn1,model_seed42_itr19_sgd_itr1,linf,0.05,1,328,-0.08251320850104094,4.868803080637008,-0.08251320850104094,4.868803080637008,true,true,-4.868803080637008,-0.24756581445690237,4.868803080637008,0.24756581445690237,WRONG,WRONG,false,false,-0.24756581445690237,0.24756581445690237,false,false,true,0.176507772738114,0.42407358719501653,0.472,fmnist__cnn1__linf__0.05__model_seed42_itr19_sgd_itr1_w247.bin
fmnist,cnn1,model_seed42_itr19_sgd_itr1,linf,0.05,1,329,-0.08251320850104094,4.868803080637008,-0.08251320850104094,4.868803080637008,true,true,-4.868803080637008,-0.24756581445690218,4.868803080637008,0.24756581445690218,WRONG,WRONG,false,false,-0.24756581445690218,0.24756581445690218,false,false,true,1.2898044245783238,1.5373702390352262,0.451,fmnist__cnn1__linf__0.05__model_seed42_itr19_sgd_itr1_w248.bin
fmnist,cnn1,model_seed42_itr19_sgd_itr1,linf,0.05,1,330,-0.08251320850104094,4.868803080637008,-0.08251320850104094,4.868803080637008,true,true,-4.868803080637008,-0.24756581445690237,4.868803080637008,0.24756581445690237,WRONG,WRONG,false,false,-0.24756581445690237,0.24756581445690237,false,false,true,0.17573333145259032,0.4232991459094928,0.447,fmnist__cnn1__linf__0.05__model_seed42_itr19_sgd_itr1_w249.bin
fmnist,cnn1,model_seed42_itr19_sgd_itr1,linf,0.05,1,331,-0.08251320850104094,4.868803080637008,-0.08251320850104094,4.868803080637008,true,true,-4.868803080637008,-0.24756581445690237,4.868803080637008,0.24756581445690237,WRONG,WRONG,false,false,-0.24756581445690237,0.24756581445690237,false,false,true,0.176507772738114,0.42407358719501653,0.462,fmnist__cnn1__linf__0.05__model_seed42_itr19_sgd_itr1_w250.bin
fmnist,cnn1,model_seed42_itr19_sgd_itr1,linf,0.05,1,332,-0.08251320850104094,4.868803080637008,-0.08251320850104094,4.868803080637008,true,true,-4.868803080637008,-0.24756581445690307,4.868803080637008,0.24756581445690307,WRONG,WRONG,false,false,-0.24756581445690307,0.24756581445690307,false,false,true,2.2774683503147926,2.525034164771695,0.529,fmnist__cnn1__linf__0.05__model_seed42_itr19_sgd_itr1_w251.bin
fmnist,cnn1,model_seed42_itr19_sgd_itr1,linf,0.05,1,333,-0.08251320850104094,4.868803080637008,-0.08251320850104094,4.868803080637008,true,true,-4.868803080637008,-0.24756581445690237,4.868803080637008,0.24756581445690243,WRONG,WRONG,false,false,-0.24756581445690237,0.24756581445690243,false,false,true,0.1731535031596285,0.42071931761653103,0.439,fmnist__cnn1__linf__0.05__model_seed42_itr19_sgd_itr1_w252.bin
fmnist,cnn1,model_seed42_itr19_sgd_itr1,linf,0.05,1,334,-0.08251320850104094,4.868803080637008,-0.08251320850104094,4.868803080637008,true,true,-4.868803080637008,-0.24756581445690237,4.868803080637008,0.24756581445690237,WRONG,WRONG,false,false,-0.24756581445690237,0.24756581445690237,false,false,true,0.176507772738114,0.42407358719501653,0.463,fmnist__cnn1__linf__0.05__model_seed42_itr19_sgd_itr1_w253.bin
fmnist,cnn1,model_seed42_itr19_sgd_itr1,linf,0.05,1,335,-0.08251320850104094,4.868803080637008,-0.08251320850104094,4.868803080637008,true,true,-4.868803080637008,-0.2475658144569025,4.868803080637008,0.24756581445690243,WRONG,WRONG,false,false,-0.2475658144569025,0.24756581445690243,false,false,true,0.7576365309301764,1.0052023453870789,0.469,fmnist__cnn1__linf__0.05__model_seed42_itr19_sgd_itr1_w254.bin
fmnist,cnn1,model_seed42_itr19_sgd_itr1,linf,0.05,1,336,-0.08251320850104094,4.868803080637008,-0.08251320850104094,4.868803080637008,true,true,-4.868803080637008,-0.24756581445690237,4.868803080637008,0.24756581445690237,WRONG,WRONG,false,false,-0.24756581445690237,0.24756581445690237,false,false,true,0.176507772738114,0.42407358719501653,0.478,fmnist__cnn1__linf__0.05__model_seed42_itr19_sgd_itr1_w255.bin
fmnist,cnn1,model_seed42_itr19_sgd_itr1,linf,0.05,1,337,-0.08251320850104094,4.868803080637008,-0.08251320850104094,4.868803080637008,true,true,-4.868803080637008,-0.2475658144569024,4.868803080637008,0.24756581445690246,WRONG,WRONG,false,false,-0.2475658144569024,0.24756581445690246,false,false,true,0.14448374808987788,0.39204956254678036,0.462,fmnist__cnn1__linf__0.05__model_seed42_itr19_sgd_itr1_w256.bin
fmnist,cnn1,model_seed42_itr19_sgd_itr1,linf,0.05,1,338,-0.08251320850104094,4.868803080637008,-0.08251320850104094,4.868803080637008,true,true,-4.868803080637008,-0.2475658144569024,4.868803080637008,0.24756581445690237,WRONG,WRONG,false,false,-0.2475658144569024,0.24756581445690237,false,false,true,0.37017121958764887,0.6177370340445512,0.441,fmnist__cnn1__linf__0.05__model_seed42_itr19_sgd_itr1_w257.bin
fmnist,cnn1,model_seed42_itr19_sgd_itr1,linf,0.05,1,339,-0.08251320850104094,4.868803080637008,-0.08251320850104094,4.868803080637008,true,true,-4.868803080637008,-0.24756581445690237,4.868803080637008,0.24756581445690237,WRONG,WRONG,false,false,-0.24756581445690237,0.24756581445690237,false,false,true,0.176507772738114,0.42407358719501653,0.439,fmnist__cnn1__linf__0.05__model_seed42_itr19_sgd_itr1_w258.bin
fmnist,cnn1,model_seed42_itr19_sgd_itr1,linf,0.05,1,340,-0.08251320850104094,4.868803080637008,-0.08251320850104094,4.868803080637008,true,true,-4.868803080637008,-0.2475658144569024,4.868803080637008,0.24756581445690218,WRONG,WRONG,false,false,-0.2475658144569024,0.24756581445690218,false,false,true,0.24404882611347806,0.49161464057038057,0.461,fmnist__cnn1__linf__0.05__model_seed42_itr19_sgd_itr1_w259.bin
fmnist,cnn1,model_seed42_itr19_sgd_itr1,linf,0.05,1,341,-0.08251320850104094,4.868803080637008,-0.08251320850104094,4.868803080637008,true,true,-4.868803080637008,-0.24756581445690237,4.868803080637008,0.24756581445690237,WRONG,WRONG,false,false,-0.24756581445690237,0.24756581445690237,false,false,true,0.176507772738114,0.42407358719501653,0.462,fmnist__cnn1__linf__0.05__model_seed42_itr19_sgd_itr1_w260.bin
fmnist,cnn1,model_seed42_itr19_sgd_itr1,linf,0.05,1,342,-0.08251320850104094,4.868803080637008,-0.08251320850104094,4.868803080637008,true,true,-4.868803080637008,-0.244595132362157,4.868803080637008,0.23574654164714198,WRONG,WRONG,false,false,-0.2475658144569025,0.24756581445690246,false,false,true,0.2168124130280535,0.4614075453902106,0.472,fmnist__cnn1__linf__0.05__model_seed42_itr19_sgd_itr1_w261.bin
fmnist,cnn1,model_seed42_itr19_sgd_itr1,linf,0.05,1,343,-0.08251320850104094,4.868803080637008,-0.08251320850104094,4.868803080637008,true,true,-4.868803080637008,-0.24756581445690243,4.868803080637008,0.24756581445690246,WRONG,WRONG,false,false,-0.24756581445690243,0.24756581445690246,false,false,true,0.24239656190003933,0.48996237635694184,0.484,fmnist__cnn1__linf__0.05__model_seed42_itr19_sgd_itr1_w262.bin
fmnist,cnn1,model_seed42_itr19_sgd_itr1,linf,0.05,1,344,-0.08251320850104094,4.868803080637008,-0.08251320850104094,4.868803080637008,true,true,-4.868803080637008,-0.2475658144569024,4.868803080637008,0.24756581445690246,WRONG,WRONG,false,false,-0.2475658144569024,0.24756581445690246,false,false,true,1.100457441598247,1.3480232560551493,0.456,fmnist__cnn1__linf__0.05__model_seed42_itr19_sgd_itr1_w263.bin
fmnist,cnn1,model_seed42_itr19_sgd_itr1,linf,0.05,1,345,-0.08251320850104094,4.868803080637008,-0.08251320850104094,4.868803080637008,true,true,-4.868803080637008,-0.2475658144569024,4.868803080637008,0.24756581445690218,WRONG,WRONG,false,false,-0.2475658144569024,0.24756581445690218,false,false,true,0.2792181745521109,0.5267839890090132,0.475,fmnist__cnn1__linf__0.05__model_seed42_itr19_sgd_itr1_w264.bin
fmnist,cnn1,model_seed42_itr19_sgd_itr1,linf,0.05,1,346,-0.08251320850104094,4.868803080637008,-0.08251320850104094,4.868803080637008,true,true,-4.868803080637008,-0.2475658144569024,4.868803080637008,0.244595132362157,WRONG,WRONG,false,false,-0.2475658144569024,0.24756581445690218,false,false,true,0.18654255248760387,0.4341083669445064,0.47,fmnist__cnn1__linf__0.05__model_seed42_itr19_sgd_itr1_w265.bin
fmnist,cnn1,model_seed42_itr19_sgd_itr1,linf,0.05,1,347,-0.08251320850104094,4.868803080637008,-0.08251320850104094,4.868803080637008,true,true,-4.868803080637008,-0.24756581445690237,4.868803080637008,0.24756581445690246,WRONG,WRONG,false,false,-0.24756581445690237,0.24756581445690246,false,false,true,0.22514666051595286,0.4727124749728553,0.441,fmnist__cnn1__linf__0.05__model_seed42_itr19_sgd_itr1_w266.bin
fmnist,cnn1,model_seed42_itr19_sgd_itr1,linf,0.05,1,348,-0.08251320850104094,4.868803080637008,-0.08251320850104094,4.868803080637008,true,true,-4.868803080637008,-0.24756581445690218,4.868803080637008,0.24756581445690243,WRONG,WRONG,false,false,-0.24756581445690218,0.24756581445690243,false,false,true,1.1732652598890927,1.4208310743459949,0.496,fmnist__cnn1__linf__0.05__model_seed42_itr19_sgd_itr1_w267.bin
fmnist,cnn1,model_seed42_itr19_sgd_itr1,linf,0.05,1,349,-0.08251320850104094,4.868803080637008,-0.08251320850104094,4.868803080637008,true,true,-4.868803080637008,-0.24756581445690237,4.868803080637008,0.24756581445690218,WRONG,WRONG,false,false,-0.24756581445690237,0.24756581445690218,false,false,true,0.176507772738114,0.42407358719501653,0.457,fmnist__cnn1__linf__0.05__model_seed42_itr19_sgd_itr1_w268.bin
fmnist,cnn1,model_seed42_itr19_sgd_itr1,linf,0.05,1,350,-0.08251320850104094,4.868803080637008,-0.08251320850104094,4.868803080637008,true,true,-4.868803080637008,-0.2475658144569025,4.868803080637008,0.2475658144569024,WRONG,WRONG,false,false,-0.2475658144569025,0.2475658144569024,false,false,true,0.34195790476537336,0.5895237192222759,0.473,fmnist__cnn1__linf__0.05__model_seed42_itr19_sgd_itr1_w269.bin
fmnist,cnn1,model_seed42_itr19_sgd_itr1,linf,0.05,1,351,-0.08251320850104094,4.868803080637008,-0.08251320850104094,4.868803080637008,true,true,-4.868803080637008,-0.24756581445690218,4.868803080637008,0.2475658144569024,WRONG,WRONG,false,false,-0.24756581445690218,0.2475658144569024,false,false,true,1.1652640334101705,1.4128298478670727,0.471,fmnist__cnn1__linf__0.05__model_seed42_itr19_sgd_itr1_w270.bin
fmnist,cnn1,model_seed42_itr19_sgd_itr1,linf,0.05,1,352,-0.08251320850104094,4.868803080637008,-0.08251320850104094,4.868803080637008,true,true,-4.868803080637008,-0.24756581445690234,4.868803080637008,0.24756581445690237,WRONG,WRONG,false,false,-0.24756581445690234,0.24756581445690237,false,false,true,0.13812013861505665,0.3856859530719592,0.459,fmnist__cnn1__linf__0.05__model_seed42_itr19_sgd_itr1_w271.bin
fmnist,cnn1,model_seed42_itr19_sgd_itr1,linf,0.05,1,353,-0.08251320850104094,4.868803080637008,-0.08251320850104094,4.868803080637008,true,true,-4.868803080637008,-0.24756581445690218,4.868803080637008,0.24756581445690234,WRONG,WRONG,false,false,-0.24756581445690218,0.24756581445690234,false,false,true,1.292090433725792,1.5396562481826943,0.444,fmnist__cnn1__linf__0.05__model_seed42_itr19_sgd_itr1_w272.bin
fmnist,cnn1,model_seed42_itr19_sgd_itr1,linf,0.05,1,354,-0.08251320850104094,4.868803080637008,-0.08251320850104094,4.868803080637008,true,true,-4.868803080637008,-0.24756581445690237,4.868803080637008,0.24756581445690237,WRONG,WRONG,false,false,-0.24756581445690237,0.24756581445690237,false,false,true,0.14003106912345561,0.38759688358035815,0.474,fmnist__cnn1__linf__0.05__model_seed42_itr19_sgd_itr1_w273.bin
fmnist,cnn1,model_seed42_itr19_sgd_itr1,linf,0.05,1,355,-0.08251320850104094,4.868803080637008,-0.08251320850104094,4.868803080637008,true,true,-4.868803080637008,-0.2445951323621569,4.868803080637008,0.24756581445690307,WRONG,WRONG,false,false,-0.2475658144569025,0.2475658144569025,false,false,true,0.7777651311801045,1.0223602635422617,0.487,fmnist__cnn1__linf__0.05__model_seed42_itr19_sgd_itr1_w274.bin
fmnist,cnn1,model_seed42_itr19_sgd_itr1,linf,0.05,1,356,-0.08251320850104094,4.868803080637008,-0.08251320850104094,4.868803080637008,true,true,-4.868803080637008,-0.24756581445690218,4.868803080637008,0.2475658144569024,WRONG,WRONG,false,false,-0.24756581445690218,0.2475658144569024,false,false,true,1.1345675039550842,1.3821333184119864,0.437,fmnist__cnn1__linf__0.05__model_seed42_itr19_sgd_itr1_w275.bin
fmnist,cnn1,model_seed42_itr19_sgd_itr1,linf,0.05,1,357,-0.08251320850104094,4.868803080637008,-0.08251320850104094,4.868803080637008,true,true,-4.868803080637008,-0.24756581445690237,4.868803080637008,0.24756581445690237,WRONG,WRONG,false,false,-0.24756581445690237,0.24756581445690237,false,false,true,0.176507772738114,0.42407358719501653,0.467,fmnist__cnn1__linf__0.05__model_seed42_itr19_sgd_itr1_w276.bin
fmnist,cnn1,model_seed42_itr19_sgd_itr1,linf,0.05,1,358,-0.08251320850104094,4.868803080637008,-0.08251320850104094,4.868803080637008,true,true,-4.868803080637008,-0.24756581445690248,4.868803080637008,0.24459513236215696,WRONG,WRONG,false,false,-0.24756581445690248,0.24756581445690307,false,false,true,0.14360852154396556,0.3911743360008681,0.445,fmnist__cnn1__linf__0.05__model_seed42_itr19_sgd_itr1_w277.bin
fmnist,cnn1,model_seed42_itr19_sgd_itr1,linf,0.05,1,359,-0.08251320850104094,4.868803080637008,-0.08251320850104094,4.868803080637008,true,true,-4.868803080637008,-0.2475658144569023,4.868803080637008,0.24756581445690262,WRONG,WRONG,false,false,-0.2475658144569023,0.24756581445690262,false,false,true,0.7021997081745656,0.949765522631468,0.483,fmnist__cnn1__linf__0.05__model_seed42_itr19_sgd_itr1_w278.bin
fmnist,cnn1,model_seed42_itr19_sgd_itr1,linf,0.05,1,360,-0.08251320850104094,4.868803080637008,-0.08251320850104094,4.868803080637008,true,true,-4.868803080637008,-0.24756581445690234,4.868803080637008,0.2475658144569024,WRONG,WRONG,false,false,-0.24756581445690234,0.2475658144569024,false,false,true,0.17379889516156893,0.42136470961847144,0.46,fmnist__cnn1__linf__0.05__model_seed42_itr19_sgd_itr1_w279.bin
fmnist,cnn1,model_seed42_itr19_sgd_itr1,linf,0.05,1,361,-0.08251320850104094,4.868803080637008,-0.08251320850104094,4.868803080637008,true,true,-4.868803080637008,-0.2475658144569024,4.868803080637008,0.24756581445690273,WRONG,WRONG,false,false,-0.2475658144569024,0.24756581445690273,false,false,true,0.16944027776862636,0.4170060922255288,0.478,fmnist__cnn1__linf__0.05__model_seed42_itr19_sgd_itr1_w280.bin
fmnist,cnn1,model_seed42_itr19_sgd_itr1,linf,0.05,1,362,-0.08251320850104094,4.868803080637008,-0.08251320850104094,4.868803080637008,true,true,-4.868803080637008,-0.24756581445690246,4.868803080637008,0.24756581445690248,WRONG,WRONG,false,false,-0.24756581445690246,0.24756581445690248,false,false,true,0.17857185716308638,0.4261376716199889,0.463,fmnist__cnn1__linf__0.05__model_seed42_itr19_sgd_itr1_w281.bin
fmnist,cnn1,model_seed42_itr19_sgd_itr1,linf,0.05,1,363,-0.08251320850104094,4.868803080637008,-0.08251320850104094,4.868803080637008,true,true,-4.868803080637008,-0.24756581445690237,4.868803080637008,0.24756581445690237,WRONG,WRONG,false,false,-0.24756581445690237,0.24756581445690237,false,false,true,0.176507772738114,0.42407358719501653,0.468,fmnist__cnn1__linf__0.05__model_seed42_itr19_sgd_itr1_w282.bin
fmnist,cnn1,model_seed42_itr19_sgd_itr1,linf,0.05,1,364,-0.08251320850104094,4.868803080637008,-0.08251320850104094,4.868803080637008,true,true,-4.868803080637008,-0.24756581445690237,4.868803080637008,0.24756581445690237,WRONG,WRONG,false,false,-0.24756581445690237,0.24756581445690237,false,false,true,0.176507772738114,0.42407358719501653,0.466,fmnist__cnn1__linf__0.05__model_seed42_itr19_sgd_itr1_w283.bin
fmnist,cnn1,model_seed42_itr19_sgd_itr1,linf,0.05,1,365,-0.08251320850104094,4.868803080637008,-0.08251320850104094,4.868803080637008,true,true,-4.868803080637008,-0.24756581445690237,4.868803080637008,0.24756581445690237,WRONG,WRONG,false,false,-0.24756581445690237,0.24756581445690237,false,false,true,0.176507772738114,0.42407358719501653,0.484,fmnist__cnn1__linf__0.05__model_seed42_itr19_sgd_itr1_w284.bin
fmnist,cnn1,model_seed42_itr19_sgd_itr1,linf,0.05,1,366,-0.08251320850104094,4.868803080637008,-0.08251320850104094,4.868803080637008,true,true,-4.868803080637008,-0.24756581445690237,4.868803080637008,0.24756581445690237,WRONG,WRONG,false,false,-0.24756581445690237,0.24756581445690237,false,false,true,0.176507772738114,0.42407358719501653,0.454,fmnist__cnn1__linf__0.05__model_seed42_itr19_sgd_itr1_w285.bin
fmnist,cnn1,model_seed42_itr19_sgd_itr1,linf,0.05,1,367,-0.08251320850104094,4.868803080637008,-0.08251320850104094,4.868803080637008,true,true,-4.868803080637008,-0.24756581445690196,4.868803080637008,0.24756581445690196,WRONG,WRONG,false,false,-0.24756581445690196,0.24756581445690196,false,false,true,1.537233476597474,1.7847992910543762,0.505,fmnist__cnn1__linf__0.05__model_seed42_itr19_sgd_itr1_w286.bin
fmnist,cnn1,model_seed42_itr19_sgd_itr1,linf,0.05,1,368,-0.08251320850104094,4.868803080637008,-0.08251320850104094,4.868803080637008,true,true,-4.868803080637008,-0.24756581445690234,4.868803080637008,0.24756581445690237,WRONG,WRONG,false,false,-0.24756581445690234,0.24756581445690237,false,false,true,0.17303977290909356,0.42060558736599607,0.469,fmnist__cnn1__linf__0.05__model_seed42_itr19_sgd_itr1_w287.bin
fmnist,cnn1,model_seed42_itr19_sgd_itr1,linf,0.05,1,369,-0.08251320850104094,4.868803080637008,-0.08251320850104094,4.868803080637008,true,true,-4.868803080637008,-0.24756581445690218,4.868803080637008,0.24756581445690218,WRONG,WRONG,false,false,-0.24756581445690218,0.24756581445690218,false,false,true,1.143718790645861,1.3912846051027632,0.487,fmnist__cnn1__linf__0.05__model_seed42_itr19_sgd_itr1_w288.bin
fmnist,cnn1,model_seed42_itr19_sgd_itr1,linf,0.05,1,370,-0.08251320850104094,4.868803080637008,-0.08251320850104094,4.868803080637008,true,true,-4.868803080637008,-0.24756581445690243,4.868803080637008,0.2445951323621569,WRONG,WRONG,false,false,-0.24756581445690243,0.24756581445690262,false,false,true,0.13441898006463865,0.3819847945215412,0.488,fmnist__cnn1__linf__0.05__model_seed42_itr19_sgd_itr1_w289.bin
fmnist,cnn1,model_seed42_itr19_sgd_itr1,linf,0.05,1,371,-0.08251320850104094,4.868803080637008,-0.08251320850104094,4.868803080637008,true,true,-4.868803080637008,-0.2475658144569024,4.868803080637008,0.24756581445690262,WRONG,WRONG,false,false,-0.2475658144569024,0.24756581445690262,false,false,true,1.2938389925040186,1.5414048069609212,0.45,fmnist__cnn1__linf__0.05__model_seed42_itr19_sgd_itr1_w290.bin
fmnist,cnn1,model_seed42_itr19_sgd_itr1,linf,0.05,1,372,-0.08251320850104094,4.868803080637008,-0.08251320850104094,4.868803080637008,true,true,-4.868803080637008,-0.2475658144569024,4.868803080637008,0.2475658144569025,WRONG,WRONG,false,false,-0.2475658144569024,0.2475658144569025,false,false,true,1.1386658046453229,1.3862316191022253,0.46,fmnist__cnn1__linf__0.05__model_seed42_itr19_sgd_itr1_w291.bin
fmnist,cnn1,model_seed42_itr19_sgd_itr1,linf,0.05,1,373,-0.08251320850104094,4.868803080637008,-0.08251320850104094,4.868803080637008,true,true,-4.868803080637008,-0.24756581445690248,4.868803080637008,0.2475658144569024,WRONG,WRONG,false,false,-0.24756581445690248,0.2475658144569024,false,false,true,0.17708278921086038,0.4246486036677629,0.456,fmnist__cnn1__linf__0.05__model_seed42_itr19_sgd_itr1_w292.bin
fmnist,cnn1,model_seed42_itr19_sgd_itr1,linf,0.05,1,374,-0.08251320850104094,4.868803080637008,-0.08251320850104094,4.868803080637008,true,true,-4.868803080637008,-0.24459513236215696,4.868803080637008,0.23574654164714182,WRONG,WRONG,false,false,-0.24756581445690262,0.24756581445690218,false,false,true,0.22413910166893558,0.4687342340310927,0.468,fmnist__cnn1__linf__0.05__model_seed42_itr19_sgd_itr1_w293.bin
fmnist,cnn1,model_seed42_itr19_sgd_itr1,linf,0.05,1,375,-0.08251320850104094,4.868803080637008,-0.08251320850104094,4.868803080637008,true,true,-4.868803080637008,-0.24756581445690234,4.868803080637008,0.2475658144569024,WRONG,WRONG,false,false,-0.24756581445690234,0.2475658144569024,false,false,true,0.25728337218878833,0.5048491866456907,0.494,fmnist__cnn1__linf__0.05__model_seed42_itr19_sgd_itr1_w294.bin
fmnist,cnn1,model_seed42_itr19_sgd_itr1,linf,0.05,1,376,-0.08251320850104094,4.868803080637008,-0.08251320850104094,4.868803080637008,true,true,-4.868803080637008,-0.2357465416471417,4.868803080637008,0.24756581445690223,WRONG,WRONG,false,false,-0.24756581445690262,0.24756581445690262,false,false,true,0.5889680941896273,0.8247146358367691,0.507,fmnist__cnn1__linf__0.05__model_seed42_itr19_sgd_itr1_w295.bin
fmnist,cnn1,model_seed42_itr19_sgd_itr1,linf,0.05,1,377,-0.08251320850104094,4.868803080637008,-0.08251320850104094,4.868803080637008,true,true,-4.868803080637008,-0.2475658144569025,4.868803080637008,0.2475658144569024,WRONG,WRONG,false,false,-0.2475658144569025,0.2475658144569024,false,false,true,0.8782145161844411,1.1257803306413432,0.479,fmnist__cnn1__linf__0.05__model_seed42_itr19_sgd_itr1_w296.bin
fmnist,cnn1,model_seed42_itr19_sgd_itr1,linf,0.05,1,378,-0.08251320850104094,4.868803080637008,-0.08251320850104094,4.868803080637008,true,true,-4.868803080637008,-0.24756581445690237,4.868803080637008,0.24459513236215713,WRONG,WRONG,false,false,-0.24756581445690237,0.24756581445690196,false,false,true,0.1421560511778113,0.38972186563471384,0.459,fmnist__cnn1__linf__0.05__model_seed42_itr19_sgd_itr1_w297.bin
fmnist,cnn1,model_seed42_itr19_sgd_itr1,linf,0.05,1,379,-0.08251320850104094,4.868803080637008,-0.08251320850104094,4.868803080637008,true,true,-4.868803080637008,-0.2475658144569024,4.868803080637008,0.24756581445690237,WRONG,WRONG,false,false,-0.2475658144569024,0.24756581445690237,false,false,true,0.20673378080004012,0.45429959525694263,0.479,fmnist__cnn1__linf__0.05__model_seed42_itr19_sgd_itr1_w298.bin
fmnist,cnn1,model_seed42_itr19_sgd_itr1,linf,0.05,1,380,-0.08251320850104094,4.868803080637008,-0.08251320850104094,4.868803080637008,true,true,-4.868803080637008,-0.24756581445690196,4.868803080637008,0.24756581445690218,WRONG,WRONG,false,false,-0.24756581445690196,0.24756581445690218,false,false,true,1.2559418742259951,1.5035076886828973,0.454,fmnist__cnn1__linf__0.05__model_seed42_itr19_sgd_itr1_w299.bin
fmnist,cnn1,model_seed42_itr19_sgd_itr1,linf,0.05,1,381,-0.08251320850104094,4.868803080637008,-0.08251320850104094,4.868803080637008,true,true,-4.868803080637008,-0.24756581445690237,4.868803080637008,0.2475658144569024,WRONG,WRONG,false,false,-0.24756581445690237,0.2475658144569024,false,false,true,0.176507772738114,0.42407358719501653,0.437,fmnist__cnn1__linf__0.05__model_seed42_itr19_sgd_itr1_w300.bin
fmnist,cnn1,model_seed42_itr19_sgd_itr1,linf,0.05,1,382,-0.08251320850104094,4.868803080637008,-0.08251320850104094,4.868803080637008,true,true,-4.868803080637008,-0.2475658144569025,4.868803080637008,0.2475658144569025,WRONG,WRONG,false,false,-0.2475658144569025,0.2475658144569025,false,false,true,0.6855764732713576,0.9331422877282602,0.461,fmnist__cnn1__linf__0.05__model_seed42_itr19_sgd_itr1_w301.bin
fmnist,cnn1,model_seed42_itr19_sgd_itr1,linf,0.05,1,383,-0.08251320850104094,4.868803080637008,-0.08251320850104094,4.868803080637008,true,true,-4.868803080637008,-0.24756581445690248,4.868803080637008,0.24756581445690248,WRONG,WRONG,false,false,-0.24756581445690248,0.24756581445690248,false,false,true,0.177520845755434,0.42508666021233654,0.455,fmnist__cnn1__linf__0.05__model_seed42_itr19_sgd_itr1_w302.bin
fmnist,cnn1,model_seed42_itr19_sgd_itr1,linf,0.05,1,384,-0.08251320850104094,4.868803080637008,-0.08251320850104094,4.868803080637008,true,true,-4.868803080637008,-0.24756581445690237,4.868803080637008,0.24756581445690237,WRONG,WRONG,false,false,-0.24756581445690237,0.24756581445690237,false,false,true,0.17038999243153605,0.4179558068884386,0.481,fmnist__cnn1__linf__0.05__model_seed42_itr19_sgd_itr1_w303.bin
fmnist,cnn1,model_seed42_itr19_sgd_itr1,linf,0.05,1,385,-0.08251320850104094,4.868803080637008,-0.08251320850104094,4.868803080637008,true,true,-4.868803080637008,-0.24756581445690237,4.868803080637008,0.2475658144569024,WRONG,WRONG,false,false,-0.24756581445690237,0.2475658144569024,false,false,true,0.12687396184476726,0.3744397763016698,0.439,fmnist__cnn1__linf__0.05__model_seed42_itr19_sgd_itr1_w304.bin
fmnist,cnn1,model_seed42_itr19_sgd_itr1,linf,0.05,1,386,-0.08251320850104094,4.868803080637008,-0.08251320850104094,4.868803080637008,true,true,-4.868803080637008,-0.2475658144569024,4.868803080637008,0.24756581445690218,WRONG,WRONG,false,false,-0.2475658144569024,0.24756581445690218,false,false,true,1.1465185047592577,1.39408431921616,0.456,fmnist__cnn1__linf__0.05__model_seed42_itr19_sgd_itr1_w305.bin
fmnist,cnn1,model_seed42_itr19_sgd_itr1,linf,0.05,1,387,-0.08251320850104094,4.868803080637008,-0.08251320850104094,4.868803080637008,true,true,-4.868803080637008,-0.24756581445690234,4.868803080637008,0.24756581445690234,WRONG,WRONG,false,false,-0.24756581445690234,0.24756581445690234,false,false,true,0.09940104492155882,0.34696685937846133,0.458,fmnist__cnn1__linf__0.05__model_seed42_itr19_sgd_itr1_w306.bin
fmnist,cnn1,model_seed42_itr19_sgd_itr1,linf,0.05,1,388,-0.08251320850104094,4.868803080637008,-0.08251320850104094,4.868803080637008,true,true,-4.868803080637008,-0.24756581445690246,4.868803080637008,0.24756581445690246,WRONG,WRONG,false,false,-0.24756581445690246,0.24756581445690246,false,false,true,0.40514242124039224,0.6527082356972947,0.46,fmnist__cnn1__linf__0.05__model_seed42_itr19_sgd_itr1_w307.bin
fmnist,cnn1,model_seed42_itr19_sgd_itr1,linf,0.05,1,389,-0.08251320850104094,4.868803080637008,-0.08251320850104094,4.868803080637008,true,true,-4.868803080637008,-0.24756581445690246,4.868803080637008,0.24756581445690246,WRONG,WRONG,false,false,-0.24756581445690246,0.24756581445690246,false,false,true,0.17873897487508905,0.42630478933199156,0.469,fmnist__cnn1__linf__0.05__model_seed42_itr19_sgd_itr1_w308.bin
fmnist,cnn1,model_seed42_itr19_sgd_itr1,linf,0.05,1,390,-0.08251320850104094,4.868803080637008,-0.08251320850104094,4.868803080637008,true,true,-4.868803080637008,-0.24756581445690237,4.868803080637008,0.24756581445690237,WRONG,WRONG,false,false,-0.24756581445690237,0.24756581445690237,false,false,true,0.176507772738114,0.42407358719501653,0.438,fmnist__cnn1__linf__0.05__model_seed42_itr19_sgd_itr1_w309.bin
fmnist,cnn1,model_seed42_itr19_sgd_itr1,linf,0.05,1,391,-0.08251320850104094,4.868803080637008,-0.08251320850104094,4.868803080637008,true,true,-4.868803080637008,-0.24756581445690237,4.868803080637008,0.23574654164714193,WRONG,WRONG,false,false,-0.24756581445690237,0.24756581445690284,false,false,true,0.09653686724327282,0.3441026817001754,0.466,fmnist__cnn1__linf__0.05__model_seed42_itr19_sgd_itr1_w310.bin
fmnist,cnn1,model_seed42_itr19_sgd_itr1,linf,0.05,1,392,-0.08251320850104094,4.868803080637008,-0.08251320850104094,4.868803080637008,true,true,-4.868803080637008,-0.24756581445690243,4.868803080637008,0.24756581445690248,WRONG,WRONG,false,false,-0.24756581445690243,0.24756581445690248,false,false,true,0.17890251508755203,0.4264683295444545,0.522,fmnist__cnn1__linf__0.05__model_seed42_itr19_sgd_itr1_w311.bin
fmnist,cnn1,model_seed42_itr19_sgd_itr1,linf,0.05,1,393,-0.08251320850104094,4.868803080637008,-0.08251320850104094,4.868803080637008,true,true,-4.868803080637008,-0.2475658144569024,4.868803080637008,0.24756581445690237,WRONG,WRONG,false,false,-0.2475658144569024,0.24756581445690237,false,false,true,0.7362979479848856,0.9838637624417882,0.521,fmnist__cnn1__linf__0.05__model_seed42_itr19_sgd_itr1_w312.bin
fmnist,cnn1,model_seed42_itr19_sgd_itr1,linf,0.05,1,394,-0.08251320850104094,4.868803080637008,-0.08251320850104094,4.868803080637008,true,true,-4.868803080637008,-0.24756581445690237,4.868803080637008,0.24756581445690218,WRONG,WRONG,false,false,-0.24756581445690237,0.24756581445690218,false,false,true,0.176507772738114,0.42407358719501653,0.5,fmnist__cnn1__linf__0.05__model_seed42_itr19_sgd_itr1_w313.bin
fmnist,cnn1,model_seed42_itr19_sgd_itr1,linf,0.05,1,395,-0.08251320850104094,4.868803080637008,-0.08251320850104094,4.868803080637008,true,true,-4.868803080637008,-0.24756581445690237,4.868803080637008,0.24756581445690237,WRONG,WRONG,false,false,-0.24756581445690237,0.24756581445690237,false,false,true,0.176507772738114,0.42407358719501653,0.504,fmnist__cnn1__linf__0.05__model_seed42_itr19_sgd_itr1_w314.bin
fmnist,cnn1,model_seed42_itr19_sgd_itr1,linf,0.05,1,396,-0.08251320850104094,4.868803080637008,-0.08251320850104094,4.868803080637008,true,true,-4.868803080637008,-0.23574654164714187,4.868803080637008,0.2445951323621569,WRONG,WRONG,false,false,-0.24756581445690262,0.24756581445690246,false,false,true,0.300035758428735,0.5357823000758769,0.49,fmnist__cnn1__linf__0.05__model_seed42_itr19_sgd_itr1_w315.bin
fmnist,cnn1,model_seed42_itr19_sgd_itr1,linf,0.05,1,397,-0.08251320850104094,4.868803080637008,-0.08251320850104094,4.868803080637008,true,true,-4.868803080637008,-0.24459513236215702,4.868803080637008,0.23574654164714182,WRONG,WRONG,false,false,-0.24756581445690218,0.2475658144569024,false,false,true,0.3579180909773995,0.6025132233395566,0.439,fmnist__cnn1__linf__0.05__model_seed42_itr19_sgd_itr1_w316.bin
fmnist,cnn1,model_seed42_itr19_sgd_itr1,linf,0.05,1,398,-0.08251320850104094,4.868803080637008,-0.08251320850104094,4.868803080637008,true,true,-4.868803080637008,-0.24756581445690248,4.868803080637008,0.24756581445690243,WRONG,WRONG,false,false,-0.24756581445690248,0.24756581445690243,false,false,true,0.17535380618290555,0.42291962063980804,0.474,fmnist__cnn1__linf__0.05__model_seed42_itr19_sgd_itr1_w317.bin
fmnist,cnn1,model_seed42_itr19_sgd_itr1,linf,0.05,1,399,-0.08251320850104094,4.868803080637008,-0.08251320850104094,4.868803080637008,true,true,-4.868803080637008,-0.24756581445690246,4.868803080637008,0.24756581445690237,WRONG,WRONG,false,false,-0.24756581445690246,0.24756581445690237,false,false,true,0.40514242124039224,0.6527082356972947,0.473,fmnist__cnn1__linf__0.05__model_seed42_itr19_sgd_itr1_w318.bin
fmnist,cnn1,model_seed42_itr19_sgd_itr1,linf,0.05,1,400,-0.08251320850104094,4.868803080637008,-0.08251320850104094,4.868803080637008,true,true,-4.868803080637008,-0.2475658144569024,4.868803080637008,0.24756581445690246,WRONG,WRONG,false,false,-0.2475658144569024,0.24756581445690246,false,false,true,0.48488644569540074,0.7324522601523032,0.474,fmnist__cnn1__linf__0.05__model_seed42_itr19_sgd_itr1_w319.bin
fmnist,cnn1,model_seed42_itr19_sgd_itr1,linf,0.05,1,401,-0.08251320850104094,4.868803080637008,-0.08251320850104094,4.868803080637008,true,true,-4.868803080637008,-0.2475658144569025,4.868803080637008,0.2475658144569024,WRONG,WRONG,false,false,-0.2475658144569025,0.2475658144569024,false,false,true,0.3563824454742221,0.6039482599311246,0.444,fmnist__cnn1__linf__0.05__model_seed42_itr19_sgd_itr1_w320.bin
fmnist,cnn1,model_seed42_itr19_sgd_itr1,linf,0.05,1,402,-0.08251320850104094,4.868803080637008,-0.08251320850104094,4.868803080637008,true,true,-4.868803080637008,-0.24459513236215713,4.868803080637008,0.2475658144569024,WRONG,WRONG,false,false,-0.24756581445690262,0.24756581445690246,false,false,true,1.153619394900543,1.3982145272627002,0.44,fmnist__cnn1__linf__0.05__model_seed42_itr19_sgd_itr1_w321.bin
fmnist,cnn1,model_seed42_itr19_sgd_itr1,linf,0.05,1,403,-0.08251320850104094,4.868803080637008,-0.08251320850104094,4.868803080637008,true,true,-4.868803080637008,-0.24459513236215696,4.868803080637008,0.24756581445690243,WRONG,WRONG,false,false,-0.24756581445690262,0.2475658144569024,false,false,true,0.25394943036816026,0.49854456273031733,0.442,fmnist__cnn1__linf__0.05__model_seed42_itr19_sgd_itr1_w322.bin
fmnist,cnn1,model_seed42_itr19_sgd_itr1,linf,0.05,1,404,-0.08251320850104094,4.868803080637008,-0.08251320850104094,4.868803080637008,true,true,-4.868803080637008,-0.2475658144569025,4.868803080637008,0.2475658144569024,WRONG,WRONG,false,false,-0.2475658144569025,0.2475658144569024,false,false,true,0.9362726823778169,1.183838496834719,0.46,fmnist__cnn1__linf__0.05__model_seed42_itr19_sgd_itr1_w323.bin
fmnist,cnn1,model_seed42_itr19_sgd_itr1,linf,0.05,1,405,-0.08251320850104094,4.868803080637008,-0.08251320850104094,4.868803080637008,true,true,-4.868803080637008,-0.24756581445690234,4.868803080637008,0.24756581445690246,WRONG,WRONG,false,false,-0.24756581445690234,0.24756581445690246,false,false,true,0.1317790857454979,0.3793449002024004,0.43,fmnist__cnn1__linf__0.05__model_seed42_itr19_sgd_itr1_w324.bin
fmnist,cnn1,model_seed42_itr19_sgd_itr1,linf,0.05,1,406,-6.120588358491659,2.86924447119236,-6.120588358491659,2.86924447119236,true,true,-0.44949164148420084,-0.44949164148420084,0.449491641484201,0.449491641484201,WRONG,WRONG,false,false,-0.44949164148420084,0.449491641484201,false,false,true,0.0,0.44949164148420084,1.435,fmnist__cnn1__linf__0.05__model_seed42_itr19_sgd_itr1_w325.bin
fmnist,cnn1,model_seed42_itr19_sgd_itr1,linf,0.05,1,407,-6.120588358491659,2.86924447119236,-6.120588358491659,2.86924447119236,true,true,-2.86924447119236,-0.4494916414842012,2.86924447119236,0.44949164148420095,WRONG,WRONG,false,false,-0.4494916414842012,0.44949164148420095,false,false,true,1.376226161311005,1.825717802795206,0.509,fmnist__cnn1__linf__0.05__model_seed42_itr19_sgd_itr1_w326.bin
fmnist,cnn1,model_seed42_itr19_sgd_itr1,linf,0.05,1,408,-6.120588358491659,2.86924447119236,-6.120588358491659,2.86924447119236,true,true,-2.86924447119236,-0.44949164148420095,2.86924447119236,0.4494916414842012,WRONG,WRONG,false,false,-0.44949164148420095,0.4494916414842012,false,false,true,1.2101669683981298,1.659658609882331,0.455,fmnist__cnn1__linf__0.05__model_seed42_itr19_sgd_itr1_w327.bin
fmnist,cnn1,model_seed42_itr19_sgd_itr1,linf,0.05,1,409,-6.120588358491659,2.86924447119236,-6.120588358491659,2.86924447119236,true,true,-0.44949164148420095,-0.44949164148420095,0.44949164148420095,0.44949164148420095,WRONG,WRONG,false,false,-0.44949164148420095,0.44949164148420095,false,false,true,2.7755575615628914e-17,0.44949164148420084,1.512,fmnist__cnn1__linf__0.05__model_seed42_itr19_sgd_itr1_w328.bin
fmnist,cnn1,model_seed42_itr19_sgd_itr1,linf,0.05,1,410,-6.120588358491659,2.86924447119236,-6.120588358491659,2.86924447119236,true,true,-2.86924447119236,-0.44949164148420107,2.86924447119236,0.4494916414842014,WRONG,WRONG,false,false,-0.44949164148420107,0.4494916414842014,false,false,true,0.8364445183325344,1.2859361598167354,0.445,fmnist__cnn1__linf__0.05__model_seed42_itr19_sgd_itr1_w329.bin
fmnist,cnn1,model_seed42_itr19_sgd_itr1,linf,0.05,1,411,-6.120588358491659,2.86924447119236,-6.120588358491659,2.86924447119236,true,true,-2.86924447119236,-0.4494916414842012,2.86924447119236,0.44949164148420095,WRONG,WRONG,false,false,-0.4494916414842012,0.44949164148420095,false,false,true,1.2858359344135313,1.7353275758977322,0.437,fmnist__cnn1__linf__0.05__model_seed42_itr19_sgd_itr1_w330.bin
fmnist,cnn1,model_seed42_itr19_sgd_itr1,linf,0.05,1,412,-6.120588358491659,2.86924447119236,-6.120588358491659,2.86924447119236,true,true,-2.86924447119236,-0.44949164148420095,2.86924447119236,0.44949164148420095,WRONG,WRONG,false,false,-0.44949164148420095,0.44949164148420095,false,false,true,1.2427823963183362,1.692274037802537,0.433,fmnist__cnn1__linf__0.05__model_seed42_itr19_sgd_itr1_w331.bin
fmnist,cnn1,model_seed42_itr19_sgd_itr1,linf,0.05,1,413,-6.120588358491659,2.86924447119236,-6.120588358491659,2.86924447119236,true,true,-2.86924447119236,-0.4494916414842012,2.86924447119236,0.4494916414842012,WRONG,WRONG,false,false,-0.4494916414842012,0.4494916414842012,false,false,true,1.2061870693546766,1.6556787108388773,0.427,fmnist__cnn1__linf__0.05__model_seed42_itr19_sgd_itr1_w332.bin
fmnist,cnn1,model_seed42_itr19_sgd_itr1,linf,0.05,1,414,-6.120588358491659,2.86924447119236,-6.120588358491659,2.86924447119236,true,true,-2.86924447119236,-0.44949164148420095,0.449491641484201,0.449491641484201,WRONG,WRONG,false,false,-0.44949164148420107,0.449491641484201,false,false,true,5.551115123125783e-17,0.44949164148420095,1.094,fmnist__cnn1__linf__0.05__model_seed42_itr19_sgd_itr1_w333.bin
fmnist,cnn1,model_seed42_itr19_sgd_itr1,linf,0.05,1,415,-6.120588358491659,2.86924447119236,-6.120588358491659,2.86924447119236,true,true,-2.86924447119236,-0.44949164148420084,0.449491641484201,0.449491641484201,WRONG,WRONG,false,false,-0.4494916414842013,0.449491641484201,false,false,true,2.7755575615628914e-17,0.44949164148420084,1.006,fmnist__cnn1__linf__0.05__model_seed42_itr19_sgd_itr1_w334.bin
fmnist,cnn1,model_seed42_itr19_sgd_itr1,linf,0.05,1,416,-6.120588358491659,2.86924447119236,-6.120588358491659,2.86924447119236,true,true,-2.86924447119236,-0.4494916414842012,2.86924447119236,0.44949164148420073,WRONG,WRONG,false,false,-0.4494916414842012,0.44949164148420073,false,false,true,1.226822851675455,1.6763144931596556,0.459,fmnist__cnn1__linf__0.05__model_seed42_itr19_sgd_itr1_w335.bin
fmnist,cnn1,model_seed42_itr19_sgd_itr1,linf,0.05,1,417,-6.120588358491659,2.86924447119236,-6.120588358491659,2.86924447119236,true,true,-2.86924447119236,-0.4494916414842009,2.86924447119236,0.44949164148420084,WRONG,WRONG,false,false,-0.4494916414842009,0.44949164148420084,false,false,true,0.27966992381344613,0.729161565297647,0.453,fmnist__cnn1__linf__0.05__model_seed42_itr19_sgd_itr1_w336.bin
fmnist,cnn1,model_seed42_itr19_sgd_itr1,linf,0.05,1,418,-6.120588358491659,2.86924447119236,-6.120588358491659,2.86924447119236,true,true,-2.86924447119236,-0.43142218836435864,2.86924447119236,0.44949164148420095,WRONG,WRONG,false,false,-0.4494916414842013,0.449491641484201,false,false,true,1.1102230246251565e-16,0.4314221883643586,0.445,fmnist__cnn1__linf__0.05__model_seed42_itr19_sgd_itr1_w337.bin
fmnist,cnn1,model_seed42_itr19_sgd_itr1,linf,0.05,1,419,-6.120588358491659,2.86924447119236,-6.120588358491659,2.86924447119236,true,true,-2.86924447119236,-0.44949164148420095,2.86924447119236,0.44949164148420095,WRONG,WRONG,false,false,-0.44949164148420095,0.44949164148420095,false,false,true,1.0955390287555855,1.545030670239786,0.455,fmnist__cnn1__linf__0.05__model_seed42_itr19_sgd_itr1_w338.bin
fmnist,cnn1,model_seed42_itr19_sgd_itr1,linf,0.05,1,420,-6.120588358491659,2.86924447119236,-6.120588358491659,2.86924447119236,true,true,-2.86924447119236,-0.44949164148420084,2.86924447119236,0.44949164148420084,WRONG,WRONG,false,false,-0.44949164148420084,0.44949164148420084,false,false,true,0.4588366689160466,0.9083283104002475,0.457,fmnist__cnn1__linf__0.05__model_seed42_itr19_sgd_itr1_w339.bin
fmnist,cnn1,model_seed42_itr19_sgd_itr1,linf,0.05,1,421,-6.120588358491659,2.86924447119236,-6.120588358491659,2.86924447119236,true,true,-2.86924447119236,-0.44949164148420084,0.449491641484201,0.449491641484201,WRONG,WRONG,false,false,-0.449491641484201,0.449491641484201,false,false,true,2.7755575615628914e-17,0.44949164148420084,0.918,fmnist__cnn1__linf__0.05__model_seed42_itr19_sgd_itr1_w340.bin
fmnist,cnn1,model_seed42_itr19_sgd_itr1,linf,0.05,1,422,-6.120588358491659,2.86924447119236,-6.120588358491659,2.86924447119236,true,true,-2.86924447119236,-0.44949164148420095,2.86924447119236,0.4494916414842014,WRONG,WRONG,false,false,-0.44949164148420095,0.4494916414842014,false,false,true,0.5473443530857378,0.9968359945699388,0.511,fmnist__cnn1__linf__0.05__model_seed42_itr19_sgd_itr1_w341.bin
fmnist,cnn1,model_seed42_itr19_sgd_itr1,linf,0.05,1,423,-6.120588358491659,2.86924447119236,-6.120588358491659,2.86924447119236,true,true,-2.86924447119236,-0.44949164148420095,2.86924447119236,0.44949164148420084,WRONG,WRONG,false,false,-0.44949164148420095,0.44949164148420084,false,false,true,0.0,0.4494916414842009,0.488,fmnist__cnn1__linf__0.05__model_seed42_itr19_sgd_itr1_w342.bin
fmnist,cnn1,model_seed42_itr19_sgd_itr1,linf,0.05,1,424,-6.120588358491659,2.86924447119236,-6.120588358491659,2.86924447119236,true,true,-2.86924447119236,-0.4494916414842014,2.86924447119236,0.4494916414842015,WRONG,WRONG,false,false,-0.4494916414842014,0.4494916414842015,false,false,true,2.220446049250313e-16,0.4494916414842012,0.479,fmnist__cnn1__linf__0.05__model_seed42_itr19_sgd_itr1_w343.bin
fmnist,cnn1,model_seed42_itr19_sgd_itr1,linf,0.05,1,425,-6.120588358491659,2.86924447119236,-6.120588358491659,2.86924447119236,true,true,-2.86924447119236,-0.4494916414842012,2.86924447119236,0.44949164148420095,WRONG,WRONG,false,false,-0.4494916414842012,0.44949164148420095,false,false,true,0.7073887683624207,1.1568804098466214,0.494,fmnist__cnn1__linf__0.05__model_seed42_itr19_sgd_itr1_w344.bin
fmnist,cnn1,model_seed42_itr19_sgd_itr1,linf,0.05,1,426,-6.120588358491659,2.86924447119236,-6.120588358491659,2.86924447119236,true,true,-2.86924447119236,-0.44949164148420095,2.86924447119236,0.44949164148420073,WRONG,WRONG,false,false,-0.44949164148420095,0.44949164148420073,false,false,true,2.7755575615628914e-16,0.44949164148420107,0.492,fmnist__cnn1__linf__0.05__model_seed42_itr19_sgd_itr1_w345.bin
fmnist,cnn1,model_seed42_itr19_sgd_itr1,linf,0.05,1,427,-6.120588358491659,2.86924447119236,-6.120588358491659,2.86924447119236,true,true,-0.449491641484201,-0.449491641484201,0.4494916414842011,0.4494916414842011,WRONG,WRONG,false,false,-0.449491641484201,0.4494916414842011,false,false,true,2.220446049250313e-16,0.44949164148420095,1.599,fmnist__cnn1__linf__0.05__model_seed42_itr19_sgd_itr1_w346.bin
fmnist,cnn1,model_seed42_itr19_sgd_itr1,linf,0.05,1,428,-6.120588358491659,2.86924447119236,-6.120588358491659,2.86924447119236,true,true,-2.86924447119236,-0.44949164148419996,2.86924447119236,0.44949164148420095,WRONG,WRONG,false,false,-0.44949164148419996,0.44949164148420095,false,false,true,0.8319767852239124,1.281468426708113,0.479,fmnist__cnn1__linf__0.05__model_seed42_itr19_sgd_itr1_w347.bin
fmnist,cnn1,model_seed42_itr19_sgd_itr1,linf,0.05,1,429,-6.120588358491659,2.86924447119236,-6.120588358491659,2.86924447119236,true,true,-2.86924447119236,-0.4494916414842009,0.44949164148420084,0.44949164148420084,WRONG,WRONG,false,false,-0.44949164148420084,0.44949164148420084,false,false,true,0.0,0.4494916414842009,1.128,fmnist__cnn1__linf__0.05__model_seed42_itr19_sgd_itr1_w348.bin
fmnist,cnn1,model_seed42_itr19_sgd_itr1,linf,0.05,1,430,-6.120588358491659,2.86924447119236,-6.120588358491659,2.86924447119236,true,true,-2.86924447119236,-0.44949164148420095,2.86924447119236,0.44949164148420107,WRONG,WRONG,false,false,-0.44949164148420095,0.44949164148420107,false,false,true,0.5161856292088892,0.9656772706930901,0.471,fmnist__cnn1__linf__0.05__model_seed42_itr19_sgd_itr1_w349.bin
fmnist,cnn1,model_seed42_itr19_sgd_itr1,linf,0.05,1,431,-6.120588358491659,2.86924447119236,-6.120588358491659,2.86924447119236,true,true,-2.86924447119236,-0.44949164148420073,2.86924447119236,0.4494916414842012,WRONG,WRONG,false,false,-0.44949164148420073,0.4494916414842012,false,false,true,0.7671470851260971,1.216638726610298,0.465,fmnist__cnn1__linf__0.05__model_seed42_itr19_sgd_itr1_w350.bin
fmnist,cnn1,model_seed42_itr19_sgd_itr1,linf,0.05,1,432,-6.120588358491659,2.86924447119236,-6.120588358491659,2.86924447119236,true,true,-2.86924447119236,-0.4314221883643587,2.86924447119236,0.449491641484201,WRONG,WRONG,false,false,-0.4494916414842014,0.44949164148420107,false,false,true,0.0,0.43142218836435847,0.505,fmnist__cnn1__linf__0.05__model_seed42_itr19_sgd_itr1_w351.bin
fmnist,cnn1,model_seed42_itr19_sgd_itr1,linf,0.05,1,433,-6.120588358491659,2.86924447119236,-6.120588358491659,2.86924447119236,true,true,-2.86924447119236,-0.4494916414842012,2.86924447119236,0.4494916414842012,WRONG,WRONG,false,false,-0.4494916414842012,0.4494916414842012,false,false,true,1.7806664772244645,2.2301581187086654,0.434,fmnist__cnn1__linf__0.05__model_seed42_itr19_sgd_itr1_w352.bin
fmnist,cnn1,model_seed42_itr19_sgd_itr1,linf,0.05,1,434,-6.120588358491659,2.86924447119236,-6.120588358491659,2.86924447119236,true,true,-2.86924447119236,-0.4494916414842014,2.86924447119236,0.4494916414842014,WRONG,WRONG,false,false,-0.4494916414842014,0.4494916414842014,false,false,true,1.4793033195937466,1.9287949610779473,0.437,fmnist__cnn1__linf__0.05__model_seed42_itr19_sgd_itr1_w353.bin
fmnist,cnn1,model_seed42_itr19_sgd_itr1,linf,0.05,1,435,-6.120588358491659,2.86924447119236,-6.120588358491659,2.86924447119236,true,true,-2.86924447119236,-0.4494916414842012,2.86924447119236,0.44949164148420095,WRONG,WRONG,false,false,-0.4494916414842012,0.44949164148420095,false,false,true,1.195150062549229,1.64464170403343,0.433,fmnist__cnn1__linf__0.05__model_seed42_itr19_sgd_itr1_w354.bin
fmnist,cnn1,model_seed42_itr19_sgd_itr1,linf,0.05,1,436,-6.120588358491659,2.86924447119236,-6.120588358491659,2.86924447119236,true,true,-2.86924447119236,-0.44949164148420084,2.86924447119236,0.43142218836435864,WRONG,WRONG,false,false,-0.44949164148420084,0.44949164148420095,false,false,true,0.005616991195408011,0.45510863267960894,0.445,fmnist__cnn1__linf__0.05__model_seed42_itr19_sgd_itr1_w355.bin
fmnist,cnn1,model_seed42_itr19_sgd_itr1,linf,0.05,1,437,-6.120588358491659,2.86924447119236,-6.120588358491659,2.86924447119236,true,true,-2.86924447119236,-0.44949164148420073,2.86924447119236,0.44949164148420095,WRONG,WRONG,false,false,-0.44949164148420073,0.44949164148420095,false,false,true,1.8868341196432061,2.3363257611274073,0.466,fmnist__cnn1__linf__0.05__model_seed42_itr19_sgd_itr1_w356.bin
fmnist,cnn1,model_seed42_itr19_sgd_itr1,linf,0.05,1,438,-6.120588358491659,2.86924447119236,-6.120588358491659,2.86924447119236,true,true,-2.86924447119236,-0.4494916414842014,2.86924447119236,0.4494916414842012,WRONG,WRONG,false,false,-0.4494916414842014,0.4494916414842012,false,false,true,1.7825777269298215,2.232069368414022,0.455,fmnist__cnn1__linf__0.05__model_seed42_itr19_sgd_itr1_w357.bin
fmnist,cnn1,model_seed42_itr19_sgd_itr1,linf,0.05,1,439,-6.120588358491659,2.86924447119236,-6.120588358491659,2.86924447119236,true,true,-0.4494916414842009,-0.4494916414842009,0.44949164148420095,0.44949164148420095,WRONG,WRONG,false,false,-0.4494916414842009,0.44949164148420095,false,false,true,2.7755575615628914e-17,0.4494916414842008,1.631,fmnist__cnn1__linf__0.05__model_seed42_itr19_sgd_itr1_w358.bin
fmnist,cnn1,model_seed42_itr19_sgd_itr1,linf,0.05,1,440,-6.120588358491659,2.86924447119236,-6.120588358491659,2.86924447119236,true,true,-2.86924447119236,-0.4494916414842014,2.86924447119236,0.4494916414842012,WRONG,WRONG,false,false,-0.4494916414842014,0.4494916414842012,false,false,true,1.2486287513747814,1.698120392858982,0.443,fmnist__cnn1__linf__0.05__model_seed42_itr19_sgd_itr1_w359.bin
fmnist,cnn1,model_seed42_itr19_sgd_itr1,linf,0.05,1,441,-6.120588358491659,2.86924447119236,-6.120588358491659,2.86924447119236,true,true,-0.44949164148420095,-0.44949164148420095,0.449491641484201,0.449491641484201,WRONG,WRONG,false,false,-0.44949164148420095,0.449491641484201,false,false,true,2.7755575615628914e-17,0.44949164148420095,1.361,fmnist__cnn1__linf__0.05__model_seed42_itr19_sgd_itr1_w360.bin
fmnist,cnn1,model_seed42_itr19_sgd_itr1,linf,0.05,1,442,-6.120588358491659,2.86924447119236,-6.120588358491659,2.86924447119236,true,true,-2.86924447119236,-0.44949164148420084,0.4494916414842011,0.4494916414842011,WRONG,WRONG,false,false,-0.44949164148420123,0.4494916414842011,false,false,true,0.0,0.4494916414842008,1.113,fmnist__cnn1__linf__0.05__model_seed42_itr19_sgd_itr1_w361.bin
fmnist,cnn1,model_seed42_itr19_sgd_itr1,linf,0.05,1,443,-6.120588358491659,2.86924447119236,-6.120588358491659,2.86924447119236,true,true,-2.86924447119236,-0.44949164148420073,2.86924447119236,0.44949164148420095,WRONG,WRONG,false,false,-0.44949164148420073,0.44949164148420095,false,false,true,1.0315042921561177,1.4809959336403182,0.468,fmnist__cnn1__linf__0.05__model_seed42_itr19_sgd_itr1_w362.bin
fmnist,cnn1,model_seed42_itr19_sgd_itr1,linf,0.05,1,444,-6.120588358491659,2.86924447119236,-6.120588358491659,2.86924447119236,true,true,-2.86924447119236,-0.44949164148420084,2.86924447119236,0.44949164148420084,WRONG,WRONG,false,false,-0.44949164148420084,0.44949164148420084,false,false,true,0.4588366689160466,0.9083283104002475,0.475,fmnist__cnn1__linf__0.05__model_seed42_itr19_sgd_itr1_w363.bin
fmnist,cnn1,model_seed42_itr19_sgd_itr1,linf,0.05,1,445,-6.120588358491659,2.86924447119236,-6.120588358491659,2.86924447119236,true,true,-0.4494916414842009,-0.4494916414842009,0.44949164148420084,0.44949164148420084,WRONG,WRONG,false,false,-0.4494916414842009,0.44949164148420084,false,false,true,2.7755575615628914e-17,0.4494916414842008,1.687,fmnist__cnn1__linf__0.05__model_seed42_itr19_sgd_itr1_w364.bin
fmnist,cnn1,model_seed42_itr19_sgd_itr1,linf,0.05,1,446,-6.120588358491659,2.86924447119236,-6.120588358491659,2.86924447119236,true,true,-2.86924447119236,-0.44949164148420073,2.86924447119236,0.44949164148420095,WRONG,WRONG,false,false,-0.44949164148420073,0.44949164148420095,false,false,true,1.0619082451980144,1.5113998866822154,0.475,fmnist__cnn1__linf__0.05__model_seed42_itr19_sgd_itr1_w365.bin
fmnist,cnn1,model_seed42_itr19_sgd_itr1,linf,0.05,1,447,-6.120588358491659,2.86924447119236,-6.120588358491659,2.86924447119236,true,true,-2.86924447119236,-0.44949164148420084,2.86924447119236,0.44949164148420084,WRONG,WRONG,false,false,-0.44949164148420084,0.44949164148420084,false,false,true,0.3675625425390877,0.8170541840232886,0.47,fmnist__cnn1__linf__0.05__model_seed42_itr19_sgd_itr1_w366.bin
fmnist,cnn1,model_seed42_itr19_sgd_itr1,linf,0.05,1,448,-6.120588358491659,2.86924447119236,-6.120588358491659,2.86924447119236,true,true,-2.86924447119236,-0.44949164148420084,2.86924447119236,0.4494916414842008,WRONG,WRONG,false,false,-0.44949164148420084,0.4494916414842008,false,false,true,0.28229822833091023,0.7317898698151111,0.474,fmnist__cnn1__linf__0.05__model_seed42_itr19_sgd_itr1_w367.bin
fmnist,cnn1,model_seed42_itr19_sgd_itr1,linf,0.05,1,449,-6.120588358491659,2.86924447119236,-6.120588358491659,2.86924447119236,true,true,-2.86924447119236,-0.44949164148420095,2.86924447119236,0.44949164148420084,WRONG,WRONG,false,false,-0.44949164148420095,0.44949164148420084,false,false,true,0.7283523249824856,1.1778439664666867,0.531,fmnist__cnn1__linf__0.05__model_seed42_itr19_sgd_itr1_w368.bin
fmnist,cnn1,model_seed42_itr19_sgd_itr1,linf,0.05,1,450,-6.120588358491659,2.86924447119236,-6.120588358491659,2.86924447119236,true,true,-2.86924447119236,-0.44949164148420084,2.86924447119236,0.44949164148420084,WRONG,WRONG,false,false,-0.44949164148420084,0.44949164148420084,false,false,true,0.0,0.4494916414842008,0.465,fmnist__cnn1__linf__0.05__model_seed42_itr19_sgd_itr1_w369.bin
fmnist,cnn1,model_seed42_itr19_sgd_itr1,linf,0.05,1,451,-6.120588358491659,2.86924447119236,-6.120588358491659,2.86924447119236,true,true,-2.86924447119236,-0.44949164148420107,2.86924447119236,0.4494916414842008,WRONG,WRONG,false,false,-0.44949164148420107,0.4494916414842008,false,false,true,0.9073013043083772,1.356792945792578,0.49,fmnist__cnn1__linf__0.05__model_seed42_itr19_sgd_itr1_w370.bin
fmnist,cnn1,model_seed42_itr19_sgd_itr1,linf,0.05,1,452,-6.120588358491659,2.86924447119236,-6.120588358491659,2.86924447119236,true,true,-2.86924447119236,-0.4494916414842006,2.86924447119236,0.4494916414842012,WRONG,WRONG,false,false,-0.4494916414842006,0.4494916414842012,false,false,true,0.837559128881221,1.287050770365422,0.48,fmnist__cnn1__linf__0.05__model_seed42_itr19_sgd_itr1_w371.bin
fmnist,cnn1,model_seed42_itr19_sgd_itr1,linf,0.05,1,453,-6.120588358491659,2.86924447119236,-6.120588358491659,2.86924447119236,true,true,-2.86924447119236,-0.44949164148420073,2.86924447119236,0.44949164148420095,WRONG,WRONG,false,false,-0.44949164148420073,0.44949164148420095,false,false,true,0.0,0.4494916414842006,0.476,fmnist__cnn1__linf__0.05__model_seed42_itr19_sgd_itr1_w372.bin
fmnist,cnn1,model_seed42_itr19_sgd_itr1,linf,0.05,1,454,-6.120588358491659,2.86924447119236,-6.120588358491659,2.86924447119236,true,true,-0.4494916414842011,-0.4494916414842011,0.44949164148420095,0.44949164148420095,WRONG,WRONG,false,false,-0.4494916414842011,0.44949164148420095,false,false,true,2.7755575615628914e-17,0.4494916414842011,1.925,fmnist__cnn1__linf__0.05__model_seed42_itr19_sgd_itr1_w373.bin
fmnist,cnn1,model_seed42_itr19_sgd_itr1,linf,0.05,1,455,-6.120588358491659,2.86924447119236,-6.120588358491659,2.86924447119236,true,true,-0.44949164148420095,-0.44949164148420095,0.4494916414842011,0.4494916414842011,WRONG,WRONG,false,false,-0.44949164148420095,0.4494916414842011,false,false,true,2.7755575615628914e-17,0.44949164148420084,1.685,fmnist__cnn1__linf__0.05__model_seed42_itr19_sgd_itr1_w374.bin
fmnist,cnn1,model_seed42_itr19_sgd_itr1,linf,0.05,1,456,-6.120588358491659,2.86924447119236,-6.120588358491659,2.86924447119236,true,true,-2.86924447119236,-0.44949164148420073,2.86924447119236,0.44949164148420084,WRONG,WRONG,false,false,-0.44949164148420073,0.44949164148420084,false,false,true,0.3305612698747453,0.780052911358946,0.483,fmnist__cnn1__linf__0.05__model_seed42_itr19_sgd_itr1_w375.bin
fmnist,cnn1,model_seed42_itr19_sgd_itr1,linf,0.05,1,457,-6.120588358491659,2.86924447119236,-6.120588358491659,2.86924447119236,true,true,-2.86924447119236,-0.44949164148420084,2.86924447119236,0.44949164148420073,WRONG,WRONG,false,false,-0.44949164148420084,0.44949164148420073,false,false,true,0.5295899102634892,0.9790815517476901,0.501,fmnist__cnn1__linf__0.05__model_seed42_itr19_sgd_itr1_w376.bin
fmnist,cnn1,model_seed42_itr19_sgd_itr1,linf,0.05,1,458,-6.120588358491659,2.86924447119236,-6.120588358491659,2.86924447119236,true,true,-2.86924447119236,-0.44949164148420095,2.86924447119236,0.4494916414842006,WRONG,WRONG,false,false,-0.44949164148420095,0.4494916414842006,false,false,true,0.8859526730944436,1.3354443145786445,0.482,fmnist__cnn1__linf__0.05__model_seed42_itr19_sgd_itr1_w377.bin
fmnist,cnn1,model_seed42_itr19_sgd_itr1,linf,0.05,1,459,-6.120588358491659,2.86924447119236,-6.120588358491659,2.86924447119236,true,true,-0.4494916414842012,-0.4494916414842012,0.44949164148420107,0.44949164148420107,WRONG,WRONG,false,false,-0.4494916414842012,0.44949164148420107,false,false,true,2.220446049250313e-16,0.4494916414842009,1.54,fmnist__cnn1__linf__0.05__model_seed42_itr19_sgd_itr1_w378.bin
fmnist,cnn1,model_seed42_itr19_sgd_itr1,linf,0.05,1,460,-6.120588358491659,2.86924447119236,-6.120588358491659,2.86924447119236,true,true,-2.86924447119236,-0.44949164148420084,2.86924447119236,0.4494916414842008,WRONG,WRONG,false,false,-0.44949164148420084,0.4494916414842008,false,false,true,0.0,0.44949164148420084,0.508,fmnist__cnn1__linf__0.05__model_seed42_itr19_sgd_itr1_w379.bin
fmnist,cnn1,model_seed42_itr19_sgd_itr1,linf,0.05,1,461,-6.120588358491659,2.86924447119236,-6.120588358491659,2.86924447119236,true,true,-2.86924447119236,-0.4494916414842015,2.86924447119236,0.4494916414842014,WRONG,WRONG,false,false,-0.4494916414842015,0.4494916414842014,false,false,true,0.7642813444067579,1.2137729858909592,0.541,fmnist__cnn1__linf__0.05__model_seed42_itr19_sgd_itr1_w380.bin
fmnist,cnn1,model_seed42_itr19_sgd_itr1,linf,0.05,1,462,-6.120588358491659,2.86924447119236,-6.120588358491659,2.86924447119236,true,true,-2.86924447119236,-0.44949164148420084,2.86924447119236,0.4494916414842012,WRONG,WRONG,false,false,-0.44949164148420084,0.4494916414842012,false,false,true,0.7584981767553614,1.2079898182395623,0.531,fmnist__cnn1__linf__0.05__model_seed42_itr19_sgd_itr1_w381.bin
fmnist,cnn1,model_seed42_itr19_sgd_itr1,linf,0.05,1,463,-6.120588358491659,2.86924447119236,-6.120588358491659,2.86924447119236,true,true,-2.86924447119236,-0.44949164148420084,0.449491641484201,0.449491641484201,WRONG,WRONG,false,false,-0.4494916414842008,0.449491641484201,false,false,true,0.0,0.44949164148420084,1.152,fmnist__cnn1__linf__0.05__model_seed42_itr19_sgd_itr1_w382.bin
fmnist,cnn1,model_seed42_itr19_sgd_itr1,linf,0.05,1,464,-6.120588358491659,2.86924447119236,-6.120588358491659,2.86924447119236,true,true,-2.86924447119236,-0.4494916414842012,2.86924447119236,0.44949164148420095,WRONG,WRONG,false,false,-0.4494916414842012,0.44949164148420095,false,false,true,1.1919829413989231,1.641474582883124,0.503,fmnist__cnn1__linf__0.05__model_seed42_itr19_sgd_itr1_w383.bin
fmnist,cnn1,model_seed42_itr19_sgd_itr1,linf,0.05,1,465,-6.120588358491659,2.86924447119236,-6.120588358491659,2.86924447119236,true,true,-2.86924447119236,-0.44949164148420095,2.86924447119236,0.4494916414842012,WRONG,WRONG,false,false,-0.44949164148420095,0.4494916414842012,false,false,true,0.5537443712974395,1.0032360127816404,0.5,fmnist__cnn1__linf__0.05__model_seed42_itr19_sgd_itr1_w384.bin
fmnist,cnn1,model_seed42_itr19_sgd_itr1,linf,0.05,1,466,-6.120588358491659,2.86924447119236,-6.120588358491659,2.86924447119236,true,true,-2.86924447119236,-0.4494916414842009,0.44949164148420084,0.44949164148420084,WRONG,WRONG,false,false,-0.449491641484201,0.44949164148420084,false,false,true,0.0,0.44949164148420084,1.134,fmnist__cnn1__linf__0.05__model_seed42_itr19_sgd_itr1_w385.bin
fmnist,cnn1,model_seed42_itr19_sgd_itr1,linf,0.05,1,467,-6.120588358491659,2.86924447119236,-6.120588358491659,2.86924447119236,true,true,-2.86924447119236,-0.4494916414842012,2.86924447119236,0.4494916414842014,WRONG,WRONG,false,false,-0.4494916414842012,0.4494916414842014,false,false,true,1.292389886320466,1.7418815278046667,0.462,fmnist__cnn1__linf__0.05__model_seed42_itr19_sgd_itr1_w386.bin
fmnist,cnn1,model_seed42_itr19_sgd_itr1,linf,0.05,1,468,-6.120588358491659,2.86924447119236,-6.120588358491659,2.86924447119236,true,true,-2.86924447119236,-0.44949164148420073,2.86924447119236,0.43142218836435864,WRONG,WRONG,false,false,-0.44949164148420073,0.4494916414842014,false,false,true,0.3407815910720454,0.7902732325562462,0.512,fmnist__cnn1__linf__0.05__model_seed42_itr19_sgd_itr1_w387.bin
fmnist,cnn1,model_seed42_itr19_sgd_itr1,linf,0.05,1,469,-6.120588358491659,2.86924447119236,-6.120588358491659,2.86924447119236,true,true,-2.86924447119236,-0.4494916414842014,2.86924447119236,0.4494916414842014,WRONG,WRONG,false,false,-0.4494916414842014,0.4494916414842014,false,false,true,2.220446049250313e-16,0.4494916414842014,0.486,fmnist__cnn1__linf__0.05__model_seed42_itr19_sgd_itr1_w388.bin
fmnist,cnn1,model_seed42_itr19_sgd_itr1,linf,0.05,1,470,-6.120588358491659,2.86924447119236,-6.120588358491659,2.86924447119236,true,true,-2.86924447119236,-0.44949164148420073,2.86924447119236,0.4494916414842014,WRONG,WRONG,false,false,-0.44949164148420073,0.4494916414842014,false,false,true,1.0245012926760995,1.4739929341603002,0.453,fmnist__cnn1__linf__0.05__model_seed42_itr19_sgd_itr1_w389.bin
fmnist,cnn1,model_seed42_itr19_sgd_itr1,linf,0.05,1,471,-6.120588358491659,2.86924447119236,-6.120588358491659,2.86924447119236,true,true,-2.86924447119236,-0.44949164148420095,2.86924447119236,0.44949164148420107,WRONG,WRONG,false,false,-0.44949164148420095,0.44949164148420107,false,false,true,1.111923159863901,1.5614148013481015,0.478,fmnist__cnn1__linf__0.05__model_seed42_itr19_sgd_itr1_w390.bin
fmnist,cnn1,model_seed42_itr19_sgd_itr1,linf,0.05,1,472,-6.120588358491659,2.86924447119236,-6.120588358491659,2.86924447119236,true,true,-2.86924447119236,-0.44949164148420084,0.4494916414842009,0.4494916414842009,WRONG,WRONG,false,false,-0.44949164148420084,0.4494916414842009,false,false,true,0.0,0.44949164148420084,1.115,fmnist__cnn1__linf__0.05__model_seed42_itr19_sgd_itr1_w391.bin
fmnist,cnn1,model_seed42_itr19_sgd_itr1,linf,0.05,1,473,-6.120588358491659,2.86924447119236,-6.120588358491659,2.86924447119236,true,true,-2.86924447119236,-0.4494916414842012,2.86924447119236,0.4494916414842013,WRONG,WRONG,false,false,-0.4494916414842012,0.4494916414842013,false,false,true,1.3385608093605461,1.788052450844747,0.48,fmnist__cnn1__linf__0.05__model_seed42_itr19_sgd_itr1_w392.bin
fmnist,cnn1,model_seed42_itr19_sgd_itr1,linf,0.05,1,474,-6.120588358491659,2.86924447119236,-6.120588358491659,2.86924447119236,true,true,-2.86924447119236,-0.44949164148420084,2.86924447119236,0.44949164148420084,WRONG,WRONG,false,false,-0.44949164148420084,0.44949164148420084,false,false,true,0.4588366689160466,0.9083283104002475,0.491,fmnist__cnn1__linf__0.05__model_seed42_itr19_sgd_itr1_w393.bin
fmnist,cnn1,model_seed42_itr19_sgd_itr1,linf,0.05,1,475,-6.120588358491659,2.86924447119236,-6.120588358491659,2.86924447119236,true,true,-2.86924447119236,-0.4494916414842012,2.86924447119236,0.4494916414842013,WRONG,WRONG,false,false,-0.4494916414842012,0.4494916414842013,false,false,true,0.9850033961595891,1.43449503764379,0.461,fmnist__cnn1__linf__0.05__model_seed42_itr19_sgd_itr1_w394.bin
fmnist,cnn1,model_seed42_itr19_sgd_itr1,linf,0.05,1,476,-6.120588358491659,2.86924447119236,-6.120588358491659,2.86924447119236,true,true,-2.86924447119236,-0.44949164148420095,2.86924447119236,0.44949164148420095,WRONG,WRONG,false,false,-0.44949164148420095,0.44949164148420095,false,false,true,1.0954482575653346,1.544939899049535,0.493,fmnist__cnn1__linf__0.05__model_seed42_itr19_sgd_itr1_w395.bin
fmnist,cnn1,model_seed42_itr19_sgd_itr1,linf,0.05,1,477,-6.120588358491659,2.86924447119236,-6.120588358491659,2.86924447119236,true,true,-0.4494916414842009,-0.4494916414842009,0.44949164148420095,0.44949164148420095,WRONG,WRONG,false,false,-0.4494916414842009,0.44949164148420095,false,false,true,8.326672684688674e-17,0.4494916414842008,1.66,fmnist__cnn1__linf__0.05__model_seed42_itr19_sgd_itr1_w396.bin
fmnist,cnn1,model_seed42_itr19_sgd_itr1,linf,0.05,1,478,-6.120588358491659,2.86924447119236,-6.120588358491659,2.86924447119236,true,true,-2.86924447119236,-0.44949164148420084,2.86924447119236,0.44949164148420084,WRONG,WRONG,false,false,-0.44949164148420084,0.44949164148420084,false,false,true,0.2020117621349815,0.6515034036191824,0.484,fmnist__cnn1__linf__0.05__model_seed42_itr19_sgd_itr1_w397.bin
fmnist,cnn1,model_seed42_itr19_sgd_itr1,linf,0.05,1,479,-6.120588358491659,2.86924447119236,-6.120588358491659,2.86924447119236,true,true,-2.86924447119236,-0.44949164148420084,2.86924447119236,0.44949164148420095,WRONG,WRONG,false,false,-0.44949164148420084,0.44949164148420095,false,false,true,0.13685708198841817,0.5863487234726193,0.459,fmnist__cnn1__linf__0.05__model_seed42_itr19_sgd_itr1_w398.bin
fmnist,cnn1,model_seed42_itr19_sgd_itr1,linf,0.05,1,480,-6.120588358491659,2.86924447119236,-6.120588358491659,2.86924447119236,true,true,-2.86924447119236,-0.44949164148420123,2.86924447119236,0.44949164148420123,WRONG,WRONG,false,false,-0.44949164148420123,0.44949164148420123,false,false,true,1.249000902703301e-16,0.44949164148420107,0.459,fmnist__cnn1__linf__0.05__model_seed42_itr19_sgd_itr1_w399.bin
fmnist,cnn1,model_seed42_itr19_sgd_itr1,linf,0.05,1,481,-6.120588358491659,2.86924447119236,-6.120588358491659,2.86924447119236,true,true,-0.44949164148420107,-0.44949164148420107,0.44949164148420095,0.44949164148420095,WRONG,WRONG,false,false,-0.44949164148420107,0.44949164148420095,false,false,true,2.7755575615628914e-17,0.44949164148420095,1.575,fmnist__cnn1__linf__0.05__model_seed42_itr19_sgd_itr1_w400.bin
fmnist,cnn1,model_seed42_itr19_sgd_itr1,linf,0.05,1,482,-6.120588358491659,2.86924447119236,-6.120588358491659,2.86924447119236,true,true,-2.86924447119236,-0.44949164148420095,2.86924447119236,0.44949164148420107,WRONG,WRONG,false,false,-0.44949164148420095,0.44949164148420107,false,false,true,0.8271070758758912,1.276598717360092,0.471,fmnist__cnn1__linf__0.05__model_seed42_itr19_sgd_itr1_w401.bin
fmnist,cnn1,model_seed42_itr19_sgd_itr1,linf,0.05,1,483,-6.120588358491659,2.86924447119236,-6.120588358491659,2.86924447119236,true,true,-2.86924447119236,-0.44949164148420095,2.86924447119236,0.4494916414842008,WRONG,WRONG,false,false,-0.44949164148420095,0.4494916414842008,false,false,true,1.249000902703301e-16,0.44949164148420084,0.53,fmnist__cnn1__linf__0.05__model_seed42_itr19_sgd_itr1_w402.bin
fmnist,cnn1,model_seed42_itr19_sgd_itr1,linf,0.05,1,484,-6.120588358491659,2.86924447119236,-6.120588358491659,2.86924447119236,true,true,-0.449491641484201,-0.449491641484201,0.4494916414842009,0.4494916414842009,WRONG,WRONG,false,false,-0.449491641484201,0.4494916414842009,false,false,true,1.942890293094024e-16,0.4494916414842012,1.433,fmnist__cnn1__linf__0.05__model_seed42_itr19_sgd_itr1_w403.bin
fmnist,cnn1,model_seed42_itr19_sgd_itr1,linf,0.05,1,485,-6.120588358491659,2.86924447119236,-6.120588358491659,2.86924447119236,true,true,-2.86924447119236,-0.44949164148420084,2.86924447119236,0.44949164148420095,WRONG,WRONG,false,false,-0.44949164148420084,0.44949164148420095,false,false,true,0.8490067202153564,1.2984983616995573,0.526,fmnist__cnn1__linf__0.05__model_seed42_itr19_sgd_itr1_w404.bin
fmnist,cnn1,model_seed42_itr19_sgd_itr1,linf,0.05,1,486,-6.120588358491659,2.86924447119236,-6.120588358491659,2.86924447119236,true,true,-2.86924447119236,-0.44949164148420084,0.44949164148420095,0.0137377719256635,WRONG,WRONG,false,false,-0.4494916414842009,0.44949164148420084,false,false,true,2.7755575615628914e-17,0.44949164148420084,0.978,fmnist__cnn1__linf__0.05__model_seed42_itr19_sgd_itr1_w405.bin
