dataset,arch,model,perturbation,size,layer,neuron,l_org,u_org,l_pert,u_pert,guard_ge,guard_le,min_bound,min_val,max_bound,max_val,verdict_ge,verdict_le,old_stamp_ge,old_stamp_le,old_val_min,old_val_max,fired_ge,fired_le,witness_ok,witness_z,witness_zp,probe_sec,witness_file
fmnist,cnn1,model_seed42_itr19_sgd_itr1,contrast,1.2,1,82,-0.7210531875823767,4.714351917162162,-0.7210531886667013,4.7143519192468375,false,false,NaN,NaN,NaN,NaN,n/a,n/a,false,false,NaN,NaN,n/a,n/a,false,NaN,NaN,0.0,
fmnist,cnn1,model_seed42_itr19_sgd_itr1,contrast,1.2,1,83,-0.7210531875823767,4.714351917162162,-0.7210531886667013,4.7143519192468375,false,false,NaN,NaN,NaN,NaN,n/a,n/a,false,false,NaN,NaN,n/a,n/a,false,NaN,NaN,0.0,
fmnist,cnn1,model_seed42_itr19_sgd_itr1,contrast,1.2,1,84,-0.7210531875823767,4.714351917162162,-0.7210531886667013,4.7143519192468375,false,false,NaN,NaN,NaN,NaN,n/a,n/a,false,false,NaN,NaN,n/a,n/a,false,NaN,NaN,0.0,
fmnist,cnn1,model_seed42_itr19_sgd_itr1,contrast,1.2,1,85,-0.7210531875823767,4.714351917162162,-0.7210531886667013,4.7143519192468375,false,false,NaN,NaN,NaN,NaN,n/a,n/a,false,false,NaN,NaN,n/a,n/a,false,NaN,NaN,0.0,
fmnist,cnn1,model_seed42_itr19_sgd_itr1,contrast,1.2,1,86,-0.7210531875823767,4.714351917162162,-0.7210531886667013,4.7143519192468375,false,false,NaN,NaN,NaN,NaN,n/a,n/a,false,false,NaN,NaN,n/a,n/a,false,NaN,NaN,0.0,
fmnist,cnn1,model_seed42_itr19_sgd_itr1,contrast,1.2,1,87,-0.7210531875823767,4.714351917162162,-0.721053039417098,4.714351897246667,false,false,NaN,NaN,NaN,NaN,n/a,n/a,false,false,NaN,NaN,n/a,n/a,false,NaN,NaN,0.0,
fmnist,cnn1,model_seed42_itr19_sgd_itr1,contrast,1.2,1,88,-0.7210531875823767,4.714351917162162,-0.7210531886667013,4.7143519192468375,false,false,NaN,NaN,NaN,NaN,n/a,n/a,false,false,NaN,NaN,n/a,n/a,false,NaN,NaN,0.0,
fmnist,cnn1,model_seed42_itr19_sgd_itr1,contrast,1.2,1,89,-0.7210531875823767,4.714351917162162,-0.7210531886667013,4.7143519192468375,false,false,NaN,NaN,NaN,NaN,n/a,n/a,false,false,NaN,NaN,n/a,n/a,false,NaN,NaN,0.0,
fmnist,cnn1,model_seed42_itr19_sgd_itr1,contrast,1.2,1,90,-0.7210531875823767,4.714351917162162,-0.7210531886667013,4.7143519192468375,false,false,NaN,NaN,NaN,NaN,n/a,n/a,false,false,NaN,NaN,n/a,n/a,false,NaN,NaN,0.0,
fmnist,cnn1,model_seed42_itr19_sgd_itr1,contrast,1.2,1,91,-0.7210531875823767,4.714351917162162,-0.7210531886667013,4.7143519192468375,false,false,NaN,NaN,NaN,NaN,n/a,n/a,false,false,NaN,NaN,n/a,n/a,false,NaN,NaN,0.0,
fmnist,cnn1,model_seed42_itr19_sgd_itr1,contrast,1.2,1,92,-0.7210531875823767,4.714351917162162,-0.7210531886667013,4.714351897246674,true,false,-2.313846684018658,-2.075503406720567,0.5059359551357471,0.24426976206872114,WRONG,n/a,false,false,-2.313846681100147,NaN,false,n/a,true,2.638848490526107,4.714351897246674,5.089,fmnist__cnn1__contrast__1.2__model_seed42_itr19_sgd_itr1_w1.bin
fmnist,cnn1,model_seed42_itr19_sgd_itr1,contrast,1.2,1,93,-0.7210531875823767,4.714351917162162,-0.7210531886667013,4.7143519192468375,false,false,NaN,NaN,NaN,NaN,n/a,n/a,false,false,NaN,NaN,n/a,n/a,false,NaN,NaN,0.0,
fmnist,cnn1,model_seed42_itr19_sgd_itr1,contrast,1.2,1,94,-0.7210531875823767,4.714351917162162,-0.7210531886667013,4.7143519192468375,false,false,NaN,NaN,NaN,NaN,n/a,n/a,false,false,NaN,NaN,n/a,n/a,false,NaN,NaN,0.0,
fmnist,cnn1,model_seed42_itr19_sgd_itr1,contrast,1.2,1,95,-0.7210531875823767,4.714351917162162,-0.7210531886667013,4.7143519192468375,false,false,NaN,NaN,NaN,NaN,n/a,n/a,false,false,NaN,NaN,n/a,n/a,false,NaN,NaN,0.0,
fmnist,cnn1,model_seed42_itr19_sgd_itr1,contrast,1.2,1,96,-0.7210531875823767,4.714351917162162,-0.7210531886667013,4.7143519192468375,false,false,NaN,NaN,NaN,NaN,n/a,n/a,false,false,NaN,NaN,n/a,n/a,false,NaN,NaN,0.0,
fmnist,cnn1,model_seed42_itr19_sgd_itr1,contrast,1.2,1,97,-0.7210531875823767,4.714351917162162,-0.7210531625494196,4.7143519192468375,false,true,-4.7143519192468375,-0.12492514189135617,0.6509197384796359,0.23631380041387579,n/a,WRONG,false,false,NaN,0.25761799920688855,n/a,false,true,0.23631380041387431,0.0,2.003,fmnist__cnn1__contrast__1.2__model_seed42_itr19_sgd_itr1_w2.bin
fmnist,cnn1,model_seed42_itr19_sgd_itr1,contrast,1.2,1,98,-0.7210531875823767,4.714351917162162,-0.7210531886667013,4.7143519192468375,false,false,NaN,NaN,NaN,NaN,n/a,n/a,false,false,NaN,NaN,n/a,n/a,false,NaN,NaN,0.0,
fmnist,cnn1,model_seed42_itr19_sgd_itr1,contrast,1.2,1,99,-0.7210531875823767,4.714351917162162,-0.7210531886667013,4.7143519192468375,false,false,NaN,NaN,NaN,NaN,n/a,n/a,false,false,NaN,NaN,n/a,n/a,false,NaN,NaN,0.0,
fmnist,cnn1,model_seed42_itr19_sgd_itr1,contrast,1.2,1,100,-0.7210531875823767,4.714351917162162,-0.7210531886667013,4.7143519192468375,false,false,NaN,NaN,NaN,NaN,n/a,n/a,false,false,NaN,NaN,n/a,n/a,false,NaN,NaN,0.0,
fmnist,cnn1,model_seed42_itr19_sgd_itr1,contrast,1.2,1,101,-0.7210531875823767,4.714351917162162,-0.7210531886667013,4.7143519192468375,false,false,NaN,NaN,NaN,NaN,n/a,n/a,false,false,NaN,NaN,n/a,n/a,false,NaN,NaN,0.0,
fmnist,cnn1,model_seed42_itr19_sgd_itr1,contrast,1.2,1,102,-0.7210531875823767,4.714351917162162,-0.7210531886667013,4.7143519192468375,false,false,NaN,NaN,NaN,NaN,n/a,n/a,false,false,NaN,NaN,n/a,n/a,false,NaN,NaN,0.0,
fmnist,cnn1,model_seed42_itr19_sgd_itr1,contrast,1.2,1,103,-0.7210531875823767,4.714351917162162,-0.7210531886667013,4.7143519192468375,false,false,NaN,NaN,NaN,NaN,n/a,n/a,false,false,NaN,NaN,n/a,n/a,false,NaN,NaN,0.0,
fmnist,cnn1,model_seed42_itr19_sgd_itr1,contrast,1.2,1,104,-0.7210531875823767,4.714351917162162,-0.7210531886667013,4.7143519192468375,false,false,NaN,NaN,NaN,NaN,n/a,n/a,false,false,NaN,NaN,n/a,n/a,false,NaN,NaN,0.0,
fmnist,cnn1,model_seed42_itr19_sgd_itr1,contrast,1.2,1,105,-0.7210531875823767,4.714351917162162,-0.7210531886667013,4.7143519192468375,false,false,NaN,NaN,NaN,NaN,n/a,n/a,false,false,NaN,NaN,n/a,n/a,false,NaN,NaN,0.0,
fmnist,cnn1,model_seed42_itr19_sgd_itr1,contrast,1.2,1,106,-0.7210531875823767,4.714351917162162,-0.7210531886667013,4.7143519192468375,false,false,NaN,NaN,NaN,NaN,n/a,n/a,false,false,NaN,NaN,n/a,n/a,false,NaN,NaN,0.0,
fmnist,cnn1,model_seed42_itr19_sgd_itr1,contrast,1.2,1,107,-0.7210531875823767,4.714351917162162,-0.7210531886667013,4.7143519192468375,false,false,NaN,NaN,NaN,NaN,n/a,n/a,false,false,NaN,NaN,n/a,n/a,false,NaN,NaN,0.0,
fmnist,cnn1,model_seed42_itr19_sgd_itr1,contrast,1.2,1,108,-0.7210531875823767,4.714351917162162,-0.7210531886667013,4.7143519192468375,false,false,NaN,NaN,NaN,NaN,n/a,n/a,false,false,NaN,NaN,n/a,n/a,false,NaN,NaN,0.0,
fmnist,cnn1,model_seed42_itr19_sgd_itr1,contrast,1.2,1,109,-0.7210531875823767,4.714351917162162,-0.7210531886667013,4.7143519192468375,false,false,NaN,NaN,NaN,NaN,n/a,n/a,false,false,NaN,NaN,n/a,n/a,false,NaN,NaN,0.0,
fmnist,cnn1,model_seed42_itr19_sgd_itr1,contrast,1.2,1,110,-0.7210531875823767,4.714351917162162,-0.7210531886667013,4.7143519192468375,false,false,NaN,NaN,NaN,NaN,n/a,n/a,false,false,NaN,NaN,n/a,n/a,false,NaN,NaN,0.0,
fmnist,cnn1,model_seed42_itr19_sgd_itr1,contrast,1.2,1,111,-0.7210531875823767,4.714351917162162,-0.7210531886667013,4.7143519192468375,false,false,NaN,NaN,NaN,NaN,n/a,n/a,false,false,NaN,NaN,n/a,n/a,false,NaN,NaN,0.0,
fmnist,cnn1,model_seed42_itr19_sgd_itr1,contrast,1.2,1,112,-0.7210531875823767,4.714351917162162,-0.7210531886667013,4.7143519192468375,false,false,NaN,NaN,NaN,NaN,n/a,n/a,false,false,NaN,NaN,n/a,n/a,false,NaN,NaN,0.0,
fmnist,cnn1,model_seed42_itr19_sgd_itr1,contrast,1.2,1,113,-0.7210531875823767,4.714351917162162,-0.7210531886667013,4.7143519192468375,false,false,NaN,NaN,NaN,NaN,n/a,n/a,false,false,NaN,NaN,n/a,n/a,false,NaN,NaN,0.0,
fmnist,cnn1,model_seed42_itr19_sgd_itr1,contrast,1.2,1,114,-0.7210531875823767,4.714351917162162,-0.7210531886667013,4.7143519192468375,false,false,NaN,NaN,NaN,NaN,n/a,n/a,false,false,NaN,NaN,n/a,n/a,false,NaN,NaN,0.0,
fmnist,cnn1,model_seed42_itr19_sgd_itr1,contrast,1.2,1,115,-0.7210531875823767,4.714351917162162,-0.7210531886667013,4.7143519192468375,false,false,NaN,NaN,NaN,NaN,n/a,n/a,false,false,NaN,NaN,n/a,n/a,false,NaN,NaN,0.0,
fmnist,cnn1,model_seed42_itr19_sgd_itr1,contrast,1.2,1,116,-0.7210531875823767,4.714351917162162,-0.7210531886667013,4.7143519192468375,false,false,NaN,NaN,NaN,NaN,n/a,n/a,false,false,NaN,NaN,n/a,n/a,false,NaN,NaN,0.0,
fmnist,cnn1,model_seed42_itr19_sgd_itr1,contrast,1.2,1,117,-0.7210531875823767,4.714351917162162,-0.7210531886667013,4.7143519192468375,false,false,NaN,NaN,NaN,NaN,n/a,n/a,false,false,NaN,NaN,n/a,n/a,false,NaN,NaN,0.0,
fmnist,cnn1,model_seed42_itr19_sgd_itr1,contrast,1.2,1,118,-0.7210531875823767,4.714351917162162,-0.7210531886667013,4.7143519192468375,false,false,NaN,NaN,NaN,NaN,n/a,n/a,false,false,NaN,NaN,n/a,n/a,false,NaN,NaN,0.0,
fmnist,cnn1,model_seed42_itr19_sgd_itr1,contrast,1.2,1,119,-0.7210531875823767,4.714351917162162,-0.7210531886667013,4.7143519192468375,false,false,NaN,NaN,NaN,NaN,n/a,n/a,false,false,NaN,NaN,n/a,n/a,false,NaN,NaN,0.0,
fmnist,cnn1,model_seed42_itr19_sgd_itr1,contrast,1.2,1,120,-0.7210531875823767,4.714351917162162,-0.7210531886667013,4.7143519192468375,false,false,NaN,NaN,NaN,NaN,n/a,n/a,false,false,NaN,NaN,n/a,n/a,false,NaN,NaN,0.0,
fmnist,cnn1,model_seed42_itr19_sgd_itr1,contrast,1.2,1,121,-0.7210531875823767,4.714351917162162,-0.7210531886667013,4.7143519192468375,false,false,NaN,NaN,NaN,NaN,n/a,n/a,false,false,NaN,NaN,n/a,n/a,false,NaN,NaN,0.0,
fmnist,cnn1,model_seed42_itr19_sgd_itr1,contrast,1.2,1,122,-0.7210531875823767,4.714351917162162,-0.7210531886667013,4.7143519192468375,false,false,NaN,NaN,NaN,NaN,n/a,n/a,false,false,NaN,NaN,n/a,n/a,false,NaN,NaN,0.0,
fmnist,cnn1,model_seed42_itr19_sgd_itr1,contrast,1.2,1,123,-0.7210531875823767,4.714351917162162,-0.7210531886667013,4.7143519192468375,false,false,NaN,NaN,NaN,NaN,n/a,n/a,false,false,NaN,NaN,n/a,n/a,false,NaN,NaN,0.0,
fmnist,cnn1,model_seed42_itr19_sgd_itr1,contrast,1.2,1,124,-0.7210531875823767,4.714351917162162,-0.7210531886667013,4.7143519192468375,false,false,NaN,NaN,NaN,NaN,n/a,n/a,false,false,NaN,NaN,n/a,n/a,false,NaN,NaN,0.0,
fmnist,cnn1,model_seed42_itr19_sgd_itr1,contrast,1.2,1,125,-0.7210531875823767,4.714351917162162,-0.7210531886667013,4.7143519192468375,false,false,NaN,NaN,NaN,NaN,n/a,n/a,false,false,NaN,NaN,n/a,n/a,false,NaN,NaN,0.0,
fmnist,cnn1,model_seed42_itr19_sgd_itr1,contrast,1.2,1,126,-0.7210531875823767,4.714351917162162,-0.7210531625724645,4.7143519192468375,false,true,-2.313846684018658,-2.313846684018658,0.5059359551357466,0.2576179992068898,n/a,WRONG,false,false,NaN,0.2576179992068898,n/a,false,true,0.2576179992068898,1.6653345369377348e-16,3.457,fmnist__cnn1__contrast__1.2__model_seed42_itr19_sgd_itr1_w3.bin
fmnist,cnn1,model_seed42_itr19_sgd_itr1,contrast,1.2,1,127,-0.7210531875823767,4.714351917162162,-0.7210531886667013,4.7143519192468375,false,false,NaN,NaN,NaN,NaN,n/a,n/a,false,false,NaN,NaN,n/a,n/a,false,NaN,NaN,0.0,
fmnist,cnn1,model_seed42_itr19_sgd_itr1,contrast,1.2,1,128,-0.7210531875823767,4.714351917162162,-0.7210531886667013,4.7143519192468375,false,false,NaN,NaN,NaN,NaN,n/a,n/a,false,false,NaN,NaN,n/a,n/a,false,NaN,NaN,0.0,
fmnist,cnn1,model_seed42_itr19_sgd_itr1,contrast,1.2,1,129,-0.7210531875823767,4.714351917162162,-0.7210531886667013,4.7143519192468375,false,false,NaN,NaN,NaN,NaN,n/a,n/a,false,false,NaN,NaN,n/a,n/a,false,NaN,NaN,0.0,
fmnist,cnn1,model_seed42_itr19_sgd_itr1,contrast,1.2,1,130,-0.7210531875823767,4.714351917162162,-0.7210531626572447,4.7143519192468375,false,true,-2.313846684018658,-1.5967312569347634,0.5713964175343162,0.25545389927365186,n/a,WRONG,false,false,NaN,0.2576179992068899,n/a,false,true,0.2554538992736518,0.0,4.391,fmnist__cnn1__contrast__1.2__model_seed42_itr19_sgd_itr1_w4.bin
fmnist,cnn1,model_seed42_itr19_sgd_itr1,contrast,1.2,1,131,-0.7210531875823767,4.714351917162162,-0.7210531886667013,4.7143519192468375,false,false,NaN,NaN,NaN,NaN,n/a,n/a,false,false,NaN,NaN,n/a,n/a,false,NaN,NaN,0.0,
fmnist,cnn1,model_seed42_itr19_sgd_itr1,contrast,1.2,1,132,-0.7210531875823767,4.714351917162162,-0.7210531886667013,4.7143519192468375,false,false,NaN,NaN,NaN,NaN,n/a,n/a,false,false,NaN,NaN,n/a,n/a,false,NaN,NaN,0.0,
fmnist,cnn1,model_seed42_itr19_sgd_itr1,contrast,1.2,1,133,-0.7210531875823767,4.714351917162162,-0.7210531886667013,4.7143519192468375,false,false,NaN,NaN,NaN,NaN,n/a,n/a,false,false,NaN,NaN,n/a,n/a,false,NaN,NaN,0.0,
fmnist,cnn1,model_seed42_itr19_sgd_itr1,contrast,1.2,1,134,-0.7210531875823767,4.714351917162162,-0.7210531886667013,4.7143519192468375,false,false,NaN,NaN,NaN,NaN,n/a,n/a,false,false,NaN,NaN,n/a,n/a,false,NaN,NaN,0.0,
fmnist,cnn1,model_seed42_itr19_sgd_itr1,contrast,1.2,1,135,-0.7210531875823767,4.714351917162162,-0.7210531886667013,4.7143519192468375,false,false,NaN,NaN,NaN,NaN,n/a,n/a,false,false,NaN,NaN,n/a,n/a,false,NaN,NaN,0.0,
fmnist,cnn1,model_seed42_itr19_sgd_itr1,contrast,1.2,1,136,-0.7210531875823767,4.714351917162162,-0.7210531886667013,4.7143519192468375,false,false,NaN,NaN,NaN,NaN,n/a,n/a,false,false,NaN,NaN,n/a,n/a,false,NaN,NaN,0.0,
fmnist,cnn1,model_seed42_itr19_sgd_itr1,contrast,1.2,1,137,-0.7210531875823767,4.714351917162162,-0.7210531886667013,4.7143519192468375,false,false,NaN,NaN,NaN,NaN,n/a,n/a,false,false,NaN,NaN,n/a,n/a,false,NaN,NaN,0.0,
fmnist,cnn1,model_seed42_itr19_sgd_itr1,contrast,1.2,1,138,-0.7210531875823767,4.714351917162162,-0.7210531886667013,4.7143519192468375,false,false,NaN,NaN,NaN,NaN,n/a,n/a,false,false,NaN,NaN,n/a,n/a,false,NaN,NaN,0.0,
fmnist,cnn1,model_seed42_itr19_sgd_itr1,contrast,1.2,1,139,-0.7210531875823767,4.714351917162162,-0.7210531886667013,4.7143519192468375,false,false,NaN,NaN,NaN,NaN,n/a,n/a,false,false,NaN,NaN,n/a,n/a,false,NaN,NaN,0.0,
fmnist,cnn1,model_seed42_itr19_sgd_itr1,contrast,1.2,1,140,-0.7210531875823767,4.714351917162162,-0.7210531886667013,4.7143519192468375,false,false,NaN,NaN,NaN,NaN,n/a,n/a,false,false,NaN,NaN,n/a,n/a,false,NaN,NaN,0.0,
fmnist,cnn1,model_seed42_itr19_sgd_itr1,contrast,1.2,1,141,-0.7210531875823767,4.714351917162162,-0.7210531886667013,4.7143519192468375,false,false,NaN,NaN,NaN,NaN,n/a,n/a,false,false,NaN,NaN,n/a,n/a,false,NaN,NaN,0.0,
fmnist,cnn1,model_seed42_itr19_sgd_itr1,contrast,1.2,1,142,-0.7210531875823767,4.714351917162162,-0.7210531886667013,4.7143519192468375,false,false,NaN,NaN,NaN,NaN,n/a,n/a,false,false,NaN,NaN,n/a,n/a,false,NaN,NaN,0.0,
fmnist,cnn1,model_seed42_itr19_sgd_itr1,contrast,1.2,1,143,-0.7210531875823767,4.714351917162162,-0.7210531630232457,4.7143519192468375,false,true,-4.7143519192468375,-1.3401976500371269,0.50593595513575,0.25761799727923396,n/a,WRONG,false,false,NaN,0.25761799796142065,n/a,false,true,0.2576179991069181,1.8276835565822491e-9,8.242,fmnist__cnn1__contrast__1.2__model_seed42_itr19_sgd_itr1_w5.bin
fmnist,cnn1,model_seed42_itr19_sgd_itr1,contrast,1.2,1,144,-0.7210531875823767,4.714351917162162,-0.7210531583139135,4.714351897245493,false,false,NaN,NaN,NaN,NaN,n/a,n/a,false,false,NaN,NaN,n/a,n/a,false,NaN,NaN,0.0,
fmnist,cnn1,model_seed42_itr19_sgd_itr1,contrast,1.2,1,145,-0.7210531875823767,4.714351917162162,-0.7210531886667013,4.7143519192468375,false,false,NaN,NaN,NaN,NaN,n/a,n/a,false,false,NaN,NaN,n/a,n/a,false,NaN,NaN,0.0,
fmnist,cnn1,model_seed42_itr19_sgd_itr1,contrast,1.2,1,146,-0.7210531875823767,4.714351917162162,-0.7210531886667013,4.7143519192468375,false,false,NaN,NaN,NaN,NaN,n/a,n/a,false,false,NaN,NaN,n/a,n/a,false,NaN,NaN,0.0,
fmnist,cnn1,model_seed42_itr19_sgd_itr1,contrast,1.2,1,147,-0.7210531875823767,4.714351917162162,-0.7210531886667013,4.7143519192468375,false,false,NaN,NaN,NaN,NaN,n/a,n/a,false,false,NaN,NaN,n/a,n/a,false,NaN,NaN,0.0,
fmnist,cnn1,model_seed42_itr19_sgd_itr1,contrast,1.2,1,148,-0.7210531875823767,4.714351917162162,-0.7210531886667013,4.7143519192468375,false,false,NaN,NaN,NaN,NaN,n/a,n/a,false,false,NaN,NaN,n/a,n/a,false,NaN,NaN,0.0,
fmnist,cnn1,model_seed42_itr19_sgd_itr1,contrast,1.2,1,149,-0.7210531875823767,4.714351917162162,-0.7210531886667013,4.7143519192468375,false,false,NaN,NaN,NaN,NaN,n/a,n/a,false,false,NaN,NaN,n/a,n/a,false,NaN,NaN,0.0,
fmnist,cnn1,model_seed42_itr19_sgd_itr1,contrast,1.2,1,150,-0.7210531875823767,4.714351917162162,-0.7210531886667013,4.7143519192468375,false,false,NaN,NaN,NaN,NaN,n/a,n/a,false,false,NaN,NaN,n/a,n/a,false,NaN,NaN,0.0,
fmnist,cnn1,model_seed42_itr19_sgd_itr1,contrast,1.2,1,151,-0.7210531875823767,4.714351917162162,-0.7210531886667013,4.7143519192468375,false,false,NaN,NaN,NaN,NaN,n/a,n/a,false,false,NaN,NaN,n/a,n/a,false,NaN,NaN,0.0,
fmnist,cnn1,model_seed42_itr19_sgd_itr1,contrast,1.2,1,152,-0.7210531875823767,4.714351917162162,-0.7210531886667013,4.7143519192468375,false,false,NaN,NaN,NaN,NaN,n/a,n/a,false,false,NaN,NaN,n/a,n/a,false,NaN,NaN,0.0,
fmnist,cnn1,model_seed42_itr19_sgd_itr1,contrast,1.2,1,153,-0.7210531875823767,4.714351917162162,-0.7210531886667013,4.714351917162162,true,false,-2.3138466837421077,-2.3138466828815623,0.6358938259425686,0.24387646848604544,WRONG,n/a,false,false,-2.3138466828815623,NaN,false,n/a,true,2.4005052342805997,4.714351917162162,2.998,fmnist__cnn1__contrast__1.2__model_seed42_itr19_sgd_itr1_w6.bin
fmnist,cnn1,model_seed42_itr19_sgd_itr1,contrast,1.2,1,154,-0.7210531875823767,4.714351917162162,-0.7210531886667013,4.7143519192468375,false,false,NaN,NaN,NaN,NaN,n/a,n/a,false,false,NaN,NaN,n/a,n/a,false,NaN,NaN,0.0,
fmnist,cnn1,model_seed42_itr19_sgd_itr1,contrast,1.2,1,155,-0.7210531875823767,4.714351917162162,-0.7210531886667013,4.7143519192468375,false,false,NaN,NaN,NaN,NaN,n/a,n/a,false,false,NaN,NaN,n/a,n/a,false,NaN,NaN,0.0,
fmnist,cnn1,model_seed42_itr19_sgd_itr1,contrast,1.2,1,156,-0.7210531875823767,4.714351917162162,-0.7210531886667013,4.7143519192468375,false,false,NaN,NaN,NaN,NaN,n/a,n/a,false,false,NaN,NaN,n/a,n/a,false,NaN,NaN,0.0,
fmnist,cnn1,model_seed42_itr19_sgd_itr1,contrast,1.2,1,157,-0.7210531875823767,4.714351917162162,-0.7210531886667013,4.7143519192468375,false,false,NaN,NaN,NaN,NaN,n/a,n/a,false,false,NaN,NaN,n/a,n/a,false,NaN,NaN,0.0,
fmnist,cnn1,model_seed42_itr19_sgd_itr1,contrast,1.2,1,158,-0.7210531875823767,4.714351917162162,-0.7210531886667013,4.7143519192468375,false,false,NaN,NaN,NaN,NaN,n/a,n/a,false,false,NaN,NaN,n/a,n/a,false,NaN,NaN,0.0,
fmnist,cnn1,model_seed42_itr19_sgd_itr1,contrast,1.2,1,159,-0.7210531875823767,4.714351917162162,-0.7210531886667013,4.7143519192468375,false,false,NaN,NaN,NaN,NaN,n/a,n/a,false,false,NaN,NaN,n/a,n/a,false,NaN,NaN,0.0,
fmnist,cnn1,model_seed42_itr19_sgd_itr1,contrast,1.2,1,160,-0.7210531875823767,4.714351917162162,-0.7210531886667013,4.7143519192468375,false,false,NaN,NaN,NaN,NaN,n/a,n/a,false,false,NaN,NaN,n/a,n/a,false,NaN,NaN,0.0,
fmnist,cnn1,model_seed42_itr19_sgd_itr1,contrast,1.2,1,161,-0.7210531875823767,4.714351917162162,-0.7210531886667013,4.7143519192468375,false,false,NaN,NaN,NaN,NaN,n/a,n/a,false,false,NaN,NaN,n/a,n/a,false,NaN,NaN,0.0,
fmnist,cnn1,model_seed42_itr19_sgd_itr1,contrast,1.2,1,162,-0.7210531875823767,4.714351917162162,-0.7210531886667013,4.7143519192468375,false,false,NaN,NaN,NaN,NaN,n/a,n/a,false,false,NaN,NaN,n/a,n/a,false,NaN,NaN,0.0,
fmnist,cnn1,model_seed42_itr19_sgd_itr1,contrast,1.2,1,163,-0.2510386034846306,5.502179866656661,-0.25103857503509064,5.502179866656661,false,true,-5.502179866656661,-0.0018893772968016087,0.27640123252719706,0.1310437099880334,n/a,WRONG,false,false,NaN,0.1343311315233057,n/a,false,true,0.1310437099880334,0.0,1.4,fmnist__cnn1__contrast__1.2__model_seed42_itr19_sgd_itr1_w7.bin
fmnist,cnn1,model_seed42_itr19_sgd_itr1,contrast,1.2,1,164,-0.2510386034846306,5.502179866656661,-0.25103857488610215,5.502179866656661,false,true,-5.502179866656661,-1.452494821917099,0.26537205540286485,0.1313367205134497,n/a,WRONG,false,false,NaN,0.13433112933541336,n/a,false,true,0.1313367205134497,4.8138576458356397e-17,2.208,fmnist__cnn1__contrast__1.2__model_seed42_itr19_sgd_itr1_w8.bin
fmnist,cnn1,model_seed42_itr19_sgd_itr1,contrast,1.2,1,165,-0.2510386034846306,5.502179866656661,-0.25103857516702643,5.502179866656661,false,true,-5.502179866656661,-1.6250403241784854,0.26537205540286324,0.13433112967920816,n/a,WRONG,false,false,NaN,0.13433112967920816,n/a,false,true,0.13433113149839288,1.8191833421610237e-9,2.4,fmnist__cnn1__contrast__1.2__model_seed42_itr19_sgd_itr1_w9.bin
fmnist,cnn1,model_seed42_itr19_sgd_itr1,contrast,1.2,1,166,-0.2510386034846306,5.502179866656661,-0.251038575069204,5.502179866656661,false,true,-5.502179866656661,-1.277290688732317,0.26537205540286685,0.08692014392684488,n/a,WRONG,false,false,NaN,0.13134428233497358,n/a,false,true,0.08692014392684488,0.0,2.097,fmnist__cnn1__contrast__1.2__model_seed42_itr19_sgd_itr1_w10.bin
fmnist,cnn1,model_seed42_itr19_sgd_itr1,contrast,1.2,1,167,-0.2510386034846306,5.502179866656661,-0.25103857476877944,5.502179866656661,false,true,-5.502179866656661,-0.7914054996627625,0.2653720554028652,0.13133672051344972,n/a,WRONG,false,false,NaN,0.13432828913858727,n/a,false,true,0.13133672051344972,0.0,1.707,fmnist__cnn1__contrast__1.2__model_seed42_itr19_sgd_itr1_w11.bin
fmnist,cnn1,model_seed42_itr19_sgd_itr1,contrast,1.2,1,168,-0.2510386034846306,5.502179866656661,-0.25103857503224575,5.502179866656661,false,true,-5.502179866656661,-0.5678784787826606,0.2712612788785584,0.1293761247328098,n/a,WRONG,false,false,NaN,0.13433113152330572,n/a,false,true,0.12937612473280913,0.0,1.429,fmnist__cnn1__contrast__1.2__model_seed42_itr19_sgd_itr1_w12.bin
fmnist,cnn1,model_seed42_itr19_sgd_itr1,contrast,1.2,1,169,-0.2510386034846306,5.502179866656661,-0.2510385750366412,5.502179866656661,false,true,-5.502179866656661,-0.24609894503912721,0.26537205540286585,0.13433113152330572,n/a,WRONG,false,false,NaN,0.13433113163673926,n/a,false,true,0.1343311315233057,0.0,2.199,fmnist__cnn1__contrast__1.2__model_seed42_itr19_sgd_itr1_w13.bin
fmnist,cnn1,model_seed42_itr19_sgd_itr1,contrast,1.2,1,170,-0.2510386034846306,5.502179866656661,-0.25103857496340054,5.502179866656661,false,true,-5.502179866656661,-0.3929397295577388,0.26537205540286507,0.1313367205134497,n/a,WRONG,false,false,NaN,0.13433112955230866,n/a,false,true,0.13133672051344966,0.0,2.723,fmnist__cnn1__contrast__1.2__model_seed42_itr19_sgd_itr1_w14.bin
fmnist,cnn1,model_seed42_itr19_sgd_itr1,contrast,1.2,1,171,-0.2510386034846306,5.502179866656661,-0.25103857509331207,5.502179866656661,false,true,-5.502179866656661,-1.4410089738002396,0.265372055402867,0.1343311305520687,n/a,WRONG,false,false,NaN,0.13433113066550106,n/a,false,true,0.13433113055206777,0.0,1.832,fmnist__cnn1__contrast__1.2__model_seed42_itr19_sgd_itr1_w15.bin
fmnist,cnn1,model_seed42_itr19_sgd_itr1,contrast,1.2,1,172,-0.2510386034846306,5.502179866656661,-0.2510386034846306,5.502179866656661,true,true,-5.502179866656661,-0.04197330489517481,0.2653720554028628,0.13133672051344972,WRONG,WRONG,false,false,-2.8668578866530536,0.134331129694519,false,false,true,0.28125149576175607,0.32322480065694736,1.397,fmnist__cnn1__contrast__1.2__model_seed42_itr19_sgd_itr1_w16.bin
fmnist,cnn1,model_seed42_itr19_sgd_itr1,contrast,1.2,1,173,-0.2510386034846306,5.502179866656661,-0.2510386034846306,5.502179848741922,true,false,-5.502179848741922,-1.00068412948691,0.26537205540286574,0.13433113068727148,WRONG,n/a,false,false,-2.866857868738278,NaN,false,n/a,true,1.0801771937803197,2.080861323267229,2.369,fmnist__cnn1__contrast__1.2__model_seed42_itr19_sgd_itr1_w17.bin
fmnist,cnn1,model_seed42_itr19_sgd_itr1,contrast,1.2,1,174,-0.2510386034846306,5.502179866656661,-0.2510386034846306,5.5021798487375335,true,false,-5.5021798487375335,-1.0639455413831949,0.2558270972654653,0.060005943704020584,WRONG,n/a,false,false,-2.8668578661259723,NaN,false,n/a,true,1.1328950256120562,2.196840566995251,6.788,fmnist__cnn1__contrast__1.2__model_seed42_itr19_sgd_itr1_w18.bin
fmnist,cnn1,model_seed42_itr19_sgd_itr1,contrast,1.2,1,175,-0.2510386034846306,5.502179866656661,-0.2510386034846306,5.502179866656661,true,true,-5.502179866656661,-0.8755857229308022,0.2682026561494294,0.024016003489874344,WRONG,WRONG,false,false,-2.8668578866530545,0.13433112984528764,false,false,true,0.9759285107908359,1.8515142337216381,2.306,fmnist__cnn1__contrast__1.2__model_seed42_itr19_sgd_itr1_w19.bin
fmnist,cnn1,model_seed42_itr19_sgd_itr1,contrast,1.2,1,176,-0.2510386034846306,5.502179866656661,-0.25103857439467786,5.502179866656661,false,true,-5.502179866656661,-1.157655825055939,0.2653720554028665,0.1313367205134497,n/a,WRONG,false,false,NaN,0.13432936859488206,n/a,false,true,0.1313367205134497,2.7755575615628914e-17,2.019,fmnist__cnn1__contrast__1.2__model_seed42_itr19_sgd_itr1_w20.bin
fmnist,cnn1,model_seed42_itr19_sgd_itr1,contrast,1.2,1,177,-0.2510386034846306,5.502179866656661,-0.2510386034846306,5.502179866656661,true,true,-5.502179866656661,-0.7042886106745291,0.2653720554028638,0.13433113152330595,WRONG,WRONG,false,false,-2.8668578866530545,0.13433112968882915,false,false,true,0.8331978622435285,1.5374864729180575,2.331,fmnist__cnn1__contrast__1.2__model_seed42_itr19_sgd_itr1_w21.bin
fmnist,cnn1,model_seed42_itr19_sgd_itr1,contrast,1.2,1,178,-0.2510386034846306,5.502179866656661,-0.25103857480603736,5.502179866656661,false,true,-5.502179866656661,-0.9645012134354056,0.268202656149427,0.025616015255724194,n/a,WRONG,false,false,NaN,0.13424825667671075,n/a,false,true,0.02561601525572421,0.0,2.133,fmnist__cnn1__contrast__1.2__model_seed42_itr19_sgd_itr1_w22.bin
fmnist,cnn1,model_seed42_itr19_sgd_itr1,contrast,1.2,1,179,-0.2510386034846306,5.502179866656661,-0.2510385750229164,5.502179866656661,false,true,-5.502179866656661,-0.9771625847629166,0.268202656149427,0.13433113152330572,n/a,WRONG,false,false,NaN,0.13433113163673926,n/a,false,true,0.13433113152330575,5.551115123125783e-17,2.543,fmnist__cnn1__contrast__1.2__model_seed42_itr19_sgd_itr1_w23.bin
fmnist,cnn1,model_seed42_itr19_sgd_itr1,contrast,1.2,1,180,-0.2510386034846306,5.502179866656661,-0.2510385751021257,5.502179866656661,false,true,-5.502179866656661,-0.5482358056972267,0.2653720554028647,0.13433113152330572,n/a,WRONG,false,false,NaN,0.13433113163673926,n/a,false,true,0.13433113152330575,0.0,1.975,fmnist__cnn1__contrast__1.2__model_seed42_itr19_sgd_itr1_w24.bin
fmnist,cnn1,model_seed42_itr19_sgd_itr1,contrast,1.2,1,181,-0.2510386034846306,5.502179866656661,-0.2510386034846306,5.502179866656661,true,true,-5.502179866656661,-0.2586400171295852,0.2653720554028667,0.1313367205134497,WRONG,WRONG,false,false,-2.8668578866530554,0.13433112985919118,false,false,true,0.46180708873405046,0.7204471058636386,1.53,fmnist__cnn1__contrast__1.2__model_seed42_itr19_sgd_itr1_w25.bin
fmnist,cnn1,model_seed42_itr19_sgd_itr1,contrast,1.2,1,182,-0.2510386034846306,5.502179866656661,-0.2510386034846306,5.502179866656661,true,true,-5.502179866656661,-1.3902014323051415,0.2653720554025723,0.13230425577433297,WRONG,WRONG,false,false,-2.866857886653055,0.13433113152330578,false,false,true,1.4047749465209516,2.7949763788260937,2.026,fmnist__cnn1__contrast__1.2__model_seed42_itr19_sgd_itr1_w26.bin
fmnist,cnn1,model_seed42_itr19_sgd_itr1,contrast,1.2,1,183,-0.2510386034846306,5.502179866656661,-0.2510385748356066,5.502179866656661,false,true,-5.502179866656661,-0.6374212159194688,0.26537205540286557,0.12999520594121225,n/a,WRONG,false,false,NaN,0.1343311315233057,n/a,false,true,0.1299952059412122,1.929879867024198e-17,1.913,fmnist__cnn1__contrast__1.2__model_seed42_itr19_sgd_itr1_w27.bin
fmnist,cnn1,model_seed42_itr19_sgd_itr1,contrast,1.2,1,184,-0.2510386034846306,5.502179866656661,-0.2510385751084659,5.502179866656661,false,true,-5.502179866656661,-0.6553033462501033,0.2653720554028647,0.13230425601654938,n/a,WRONG,false,false,NaN,0.13433112949714376,n/a,false,true,0.13602019444560268,0.0037159384290533226,2.448,fmnist__cnn1__contrast__1.2__model_seed42_itr19_sgd_itr1_w28.bin
fmnist,cnn1,model_seed42_itr19_sgd_itr1,contrast,1.2,1,185,-0.2510386034846306,5.502179866656661,-0.2510386034846306,5.502179866656661,true,true,-5.502179866656661,-1.1209119229446005,0.2653720554028686,0.09249416693126702,WRONG,WRONG,false,false,-2.866857886653055,0.1340788032143491,false,false,true,1.1803670258808838,2.301278948825483,1.865,fmnist__cnn1__contrast__1.2__model_seed42_itr19_sgd_itr1_w29.bin
fmnist,cnn1,model_seed42_itr19_sgd_itr1,contrast,1.2,1,186,-0.2510386034846306,5.502179866656661,-0.2510385750282921,5.502179866656661,false,true,-5.502179866656661,-0.6827570328343083,0.2539293869322063,0.13433112968189823,n/a,WRONG,false,false,NaN,0.13433112968189823,n/a,false,true,0.1343311315032338,1.8213342379419517e-9,7.636,fmnist__cnn1__contrast__1.2__model_seed42_itr19_sgd_itr1_w30.bin
fmnist,cnn1,model_seed42_itr19_sgd_itr1,contrast,1.2,1,187,-0.2510386034846306,5.502179866656661,-0.2510385751634832,5.502179848733862,false,false,NaN,NaN,NaN,NaN,n/a,n/a,false,false,NaN,NaN,n/a,n/a,false,NaN,NaN,0.0,
fmnist,cnn1,model_seed42_itr19_sgd_itr1,contrast,1.2,1,188,-0.2510386034846306,5.502179866656661,-0.2510385749636535,5.502179866656661,false,true,-5.502179866656661,-1.2341899448018836,0.268202656149429,0.11704864894899976,n/a,WRONG,false,false,NaN,0.1343311296402389,n/a,false,true,0.14873319898059206,0.03168455003159229,2.173,fmnist__cnn1__contrast__1.2__model_seed42_itr19_sgd_itr1_w31.bin
fmnist,cnn1,model_seed42_itr19_sgd_itr1,contrast,1.2,1,189,-0.2510386034846306,5.502179866656661,-0.25103857509645744,5.502179866656661,false,true,-5.502179866656661,-0.8114340984767567,0.2653720554028666,0.13193752025228656,n/a,WRONG,false,false,NaN,0.13433113152330117,n/a,false,true,0.13632580589771737,0.004388285645430808,2.308,fmnist__cnn1__contrast__1.2__model_seed42_itr19_sgd_itr1_w32.bin
fmnist,cnn1,model_seed42_itr19_sgd_itr1,contrast,1.2,1,190,-0.2510386034846306,5.502179866656661,-0.2510386034846306,5.502179866656661,true,true,-5.502179866656661,-0.12558356099044643,0.2653720554028647,0.13133672051344972,WRONG,WRONG,false,false,-2.866857886653055,0.13433112983950157,false,false,true,0.3509267086180992,0.4765102696085457,1.665,fmnist__cnn1__contrast__1.2__model_seed42_itr19_sgd_itr1_w33.bin
fmnist,cnn1,model_seed42_itr19_sgd_itr1,contrast,1.2,1,191,-0.2510386034846306,5.502179866656661,-0.25103857504614385,5.502179866656661,false,true,-5.502179866656661,-1.3014625896777767,0.265372055402863,0.13433113089393936,n/a,WRONG,false,false,NaN,0.13433113089393936,n/a,false,true,0.13433113089393933,0.0,1.419,fmnist__cnn1__contrast__1.2__model_seed42_itr19_sgd_itr1_w34.bin
fmnist,cnn1,model_seed42_itr19_sgd_itr1,contrast,1.2,1,192,-0.2510386034846306,5.502179866656661,-0.2510385748620872,5.502179866656661,false,true,-5.502179866656661,-0.4664349267508253,0.2558270972654641,0.13433112967793837,n/a,WRONG,false,false,NaN,0.13433112967793837,n/a,false,true,0.1343311315013244,1.823385033239422e-9,3.094,fmnist__cnn1__contrast__1.2__model_seed42_itr19_sgd_itr1_w35.bin
fmnist,cnn1,model_seed42_itr19_sgd_itr1,contrast,1.2,1,193,-0.2510386034846306,5.502179866656661,-0.2510386034846306,5.502179866656661,true,true,-5.502179866656661,-1.3358451979455956,0.265372055402864,0.13433113067247365,WRONG,WRONG,false,false,-2.866857886653055,0.13433112984311657,false,false,true,1.359478088255603,2.695323286201199,2.516,fmnist__cnn1__contrast__1.2__model_seed42_itr19_sgd_itr1_w36.bin
fmnist,cnn1,model_seed42_itr19_sgd_itr1,contrast,1.2,1,194,-0.2510386034846306,5.502179866656661,-0.2510385748767524,5.502179866656661,false,true,-5.502179866656661,-1.4796471763468475,0.26787607355983717,0.1312711133727098,n/a,WRONG,false,false,NaN,0.13433142729786568,n/a,false,true,0.1312711133727098,5.778797579347739e-17,1.903,fmnist__cnn1__contrast__1.2__model_seed42_itr19_sgd_itr1_w37.bin
fmnist,cnn1,model_seed42_itr19_sgd_itr1,contrast,1.2,1,195,-0.2510386034846306,5.502179866656661,-0.251038574999328,5.502179866656661,false,true,-5.502179866656661,-0.6764476742903127,0.2653720554028643,0.05525134925416947,n/a,WRONG,false,false,NaN,0.1343311291665757,n/a,false,true,0.19650741317961154,0.141256063925442,1.611,fmnist__cnn1__contrast__1.2__model_seed42_itr19_sgd_itr1_w38.bin
fmnist,cnn1,model_seed42_itr19_sgd_itr1,contrast,1.2,1,196,-0.2510386034846306,5.502179866656661,-0.2510385749437153,5.502179866656661,false,true,-5.502179866656661,-1.1954874091141048,0.26820265614942707,0.1313367205134497,n/a,WRONG,false,false,NaN,0.13433113152330575,n/a,false,true,0.13133672051344963,6.591949208711867e-17,1.724,fmnist__cnn1__contrast__1.2__model_seed42_itr19_sgd_itr1_w39.bin
fmnist,cnn1,model_seed42_itr19_sgd_itr1,contrast,1.2,1,197,-0.2510386034846306,5.502179866656661,-0.25103857484729214,5.502179866656661,false,true,-5.502179866656661,-0.9167704067158506,0.26820265614942607,0.1313367205134497,n/a,WRONG,false,false,NaN,0.13433123887112428,n/a,false,true,0.1313367205134497,1.3877787807814457e-17,1.556,fmnist__cnn1__contrast__1.2__model_seed42_itr19_sgd_itr1_w40.bin
fmnist,cnn1,model_seed42_itr19_sgd_itr1,contrast,1.2,1,198,-0.2510386034846306,5.502179866656661,-0.2510386034846306,5.502179866656661,true,true,-5.502179866656661,-0.6184324399290653,0.25392938693220635,0.13433112968619007,WRONG,WRONG,false,false,-2.866857886653055,0.13433112984378745,false,false,true,0.7616343463591232,1.3800667862881886,6.464,fmnist__cnn1__contrast__1.2__model_seed42_itr19_sgd_itr1_w41.bin
fmnist,cnn1,model_seed42_itr19_sgd_itr1,contrast,1.2,1,199,-0.2510386034846306,5.502179866656661,-0.2510386034846306,5.502179866656661,true,true,-5.502179866656661,-0.6597406805648065,0.26537205540286674,0.1313367205134497,WRONG,WRONG,false,false,-2.8668578866530536,0.13433113152330572,false,false,true,0.7960576472614513,1.4557983278262574,1.352,fmnist__cnn1__contrast__1.2__model_seed42_itr19_sgd_itr1_w42.bin
fmnist,cnn1,model_seed42_itr19_sgd_itr1,contrast,1.2,1,200,-0.2510386034846306,5.502179866656661,-0.2510385749686611,5.502179866656661,false,true,-5.502179866656661,-0.3668412628255606,0.268202656149429,0.12842892664865657,n/a,WRONG,false,false,NaN,0.13433113152330572,n/a,false,true,0.12842892664865657,2.7755575615628914e-17,1.903,fmnist__cnn1__contrast__1.2__model_seed42_itr19_sgd_itr1_w43.bin
fmnist,cnn1,model_seed42_itr19_sgd_itr1,contrast,1.2,1,201,-0.2510386034846306,5.502179866656661,-0.2510385750485598,5.502179866656661,false,true,-5.502179866656661,-1.3543966895377821,0.2653720554028665,0.13433113163673926,n/a,WRONG,false,false,NaN,0.13433113163673926,n/a,false,true,0.13433113152330572,2.7755575615628914e-17,1.654,fmnist__cnn1__contrast__1.2__model_seed42_itr19_sgd_itr1_w44.bin
fmnist,cnn1,model_seed42_itr19_sgd_itr1,contrast,1.2,1,202,-0.2510386034846306,5.502179866656661,-0.2510386034846306,5.502179866656661,true,true,-5.502179866656661,-0.603553743523228,0.2682026561494299,0.026374364441091425,WRONG,WRONG,false,false,-2.8668578866530554,0.13433112966792912,false,false,true,0.7492351940620876,1.3527889375853204,1.276,fmnist__cnn1__contrast__1.2__model_seed42_itr19_sgd_itr1_w45.bin
fmnist,cnn1,model_seed42_itr19_sgd_itr1,contrast,1.2,1,203,-0.2510386034846306,5.502179866656661,-0.25103857141908875,5.502179866656661,false,true,-5.502179866656661,-1.442431570413342,0.2653720554028628,0.13133672051344972,n/a,WRONG,false,false,NaN,0.13433113152330572,n/a,false,true,0.13133672051344975,5.941427905220564e-17,2.157,fmnist__cnn1__contrast__1.2__model_seed42_itr19_sgd_itr1_w46.bin
fmnist,cnn1,model_seed42_itr19_sgd_itr1,contrast,1.2,1,204,-0.2510386034846306,5.502179866656661,-0.251038574995646,5.502179866656661,false,true,-5.502179866656661,-1.703616965351941,0.2653720554028663,0.1313367205134497,n/a,WRONG,false,false,NaN,0.13433113152330578,n/a,false,true,0.13133672051344966,1.3010426069826053e-18,1.615,fmnist__cnn1__contrast__1.2__model_seed42_itr19_sgd_itr1_w47.bin
fmnist,cnn1,model_seed42_itr19_sgd_itr1,contrast,1.2,1,205,-0.2510386034846306,5.502179866656661,-0.2510386034846306,5.502179866656661,true,true,-5.502179866656661,-1.7590422860404944,0.26537205540286485,0.13133672051344986,WRONG,WRONG,false,false,-2.866857886653055,0.13433113152330575,false,false,true,1.7121423128264717,3.4711845988669663,1.985,fmnist__cnn1__contrast__1.2__model_seed42_itr19_sgd_itr1_w48.bin
fmnist,cnn1,model_seed42_itr19_sgd_itr1,contrast,1.2,1,206,-0.2510386034846306,5.502179866656661,-0.2510385748704288,5.502179866656661,false,true,-5.502179866656661,-0.995606754376545,0.26732757813826596,0.13133672051344975,n/a,WRONG,false,false,NaN,0.13433113152330578,n/a,false,true,0.13133672051344947,0.0,2.153,fmnist__cnn1__contrast__1.2__model_seed42_itr19_sgd_itr1_w49.bin
fmnist,cnn1,model_seed42_itr19_sgd_itr1,contrast,1.2,1,207,-0.2510386034846306,5.502179866656661,-0.2510385752051533,5.502179866656661,false,true,-5.502179866656661,-0.801457716740165,0.26537205540286507,0.13193752015582122,n/a,WRONG,false,false,NaN,0.1343311297533642,n/a,false,true,0.13632580766287616,0.004388287507054994,1.912,fmnist__cnn1__contrast__1.2__model_seed42_itr19_sgd_itr1_w50.bin
fmnist,cnn1,model_seed42_itr19_sgd_itr1,contrast,1.2,1,208,-0.2510386034846306,5.502179866656661,-0.2510386034846306,5.502179866656661,true,true,-5.502179866656661,-0.47533120919925165,0.26482627989859575,0.1272517520823119,WRONG,WRONG,false,false,-2.8668578866530545,0.1343311298513991,false,false,true,0.6423830867683181,1.1177142959675699,1.638,fmnist__cnn1__contrast__1.2__model_seed42_itr19_sgd_itr1_w51.bin
fmnist,cnn1,model_seed42_itr19_sgd_itr1,contrast,1.2,1,209,-0.2510386034846306,5.502179866656661,-0.2510386034846306,5.502179866656661,true,true,-5.502179866656661,-1.0939454276347373,0.2653720554028667,0.13433113090193474,WRONG,WRONG,false,false,-2.866857886653055,0.13433112965760058,false,false,true,1.1578949400976177,2.2518403677323553,2.048,fmnist__cnn1__contrast__1.2__model_seed42_itr19_sgd_itr1_w52.bin
fmnist,cnn1,model_seed42_itr19_sgd_itr1,contrast,1.2,1,210,-0.2510386034846306,5.502179866656661,-0.2510386034846306,5.502179866656661,true,true,-5.502179866656661,-1.5787393743624931,0.25392938693220685,0.11450759916819782,WRONG,WRONG,false,false,-2.866857886653055,0.13433112968569028,false,false,true,1.5618899052431676,3.140629279605661,8.05,fmnist__cnn1__contrast__1.2__model_seed42_itr19_sgd_itr1_w53.bin
fmnist,cnn1,model_seed42_itr19_sgd_itr1,contrast,1.2,1,211,-0.2510386034846306,5.502179866656661,-0.2510386034846306,5.502179866656661,true,true,-5.502179866656661,-0.7803049042376148,0.2653720554028633,0.13133672051344972,WRONG,WRONG,false,false,-2.866857886653054,0.13433113152330545,false,false,true,0.8965278369680264,1.6768327412056414,2.081,fmnist__cnn1__contrast__1.2__model_seed42_itr19_sgd_itr1_w54.bin
fmnist,cnn1,model_seed42_itr19_sgd_itr1,contrast,1.2,1,212,-0.2510386034846306,5.502179866656661,-0.251038574948687,5.502179866656661,false,true,-5.502179866656661,-1.1809663533290589,0.2653720491473256,0.07486998834074589,n/a,WRONG,false,false,NaN,0.1339653907297773,n/a,false,true,0.18001451812183827,0.10514452978109243,2.252,fmnist__cnn1__contrast__1.2__model_seed42_itr19_sgd_itr1_w55.bin
fmnist,cnn1,model_seed42_itr19_sgd_itr1,contrast,1.2,1,213,-0.2510386034846306,5.502179866656661,-0.2510386034846306,5.502179866656661,true,true,-5.502179866656661,-1.538625796766348,0.26537205229461974,0.13133107485402584,WRONG,WRONG,false,false,-2.866857886653055,0.13433112969732594,false,false,true,1.536163051278444,3.07478884804468,1.649,fmnist__cnn1__contrast__1.2__model_seed42_itr19_sgd_itr1_w56.bin
fmnist,cnn1,model_seed42_itr19_sgd_itr1,contrast,1.2,1,214,-0.2510386034846306,5.502179866656661,-0.2510386034846306,5.502179866656661,true,true,-5.502179866656661,-1.3759981245025854,0.2682026561494289,0.13433113068803715,WRONG,WRONG,false,false,-2.866857886653055,0.13433113152330564,false,false,true,1.392938860559826,2.768936985062415,2.04,fmnist__cnn1__contrast__1.2__model_seed42_itr19_sgd_itr1_w57.bin
fmnist,cnn1,model_seed42_itr19_sgd_itr1,contrast,1.2,1,215,-0.2510386034846306,5.502179866656661,-0.2510386034846306,5.502179866656661,true,true,-5.502179866656661,-0.7835595077958055,0.2648485350374277,0.1311325627753568,WRONG,WRONG,false,false,-2.866857886653055,0.1313367205134497,false,false,true,0.8992399976225665,1.6827995054183718,3.044,fmnist__cnn1__contrast__1.2__model_seed42_itr19_sgd_itr1_w58.bin
fmnist,cnn1,model_seed42_itr19_sgd_itr1,contrast,1.2,1,216,-0.2510386034846306,5.502179866656661,-0.2510385751666572,5.502179866656661,false,true,-5.502179866656661,-0.5396128888529368,0.26537205540286474,0.13133672051344972,n/a,WRONG,false,false,NaN,0.13433113152330572,n/a,false,true,0.13133672051344972,0.0,2.111,fmnist__cnn1__contrast__1.2__model_seed42_itr19_sgd_itr1_w59.bin
fmnist,cnn1,model_seed42_itr19_sgd_itr1,contrast,1.2,1,217,-0.2510386034846306,5.502179866656661,-0.25103857496849774,5.502179866656661,false,true,-5.502179866656661,-0.06120380612911408,0.26537205540286724,0.12791505428434694,n/a,WRONG,false,false,NaN,0.13433000817749013,n/a,false,true,0.12791505428434696,0.0,1.632,fmnist__cnn1__contrast__1.2__model_seed42_itr19_sgd_itr1_w60.bin
fmnist,cnn1,model_seed42_itr19_sgd_itr1,contrast,1.2,1,218,-0.2510386034846306,5.502179866656661,-0.25103857479769365,5.502179866656661,false,true,-5.502179866656661,-1.156576486598484,0.26537205540286507,0.1313367205134497,n/a,WRONG,false,false,NaN,0.13433113152330578,n/a,false,true,0.1313367205134496,0.0,1.925,fmnist__cnn1__contrast__1.2__model_seed42_itr19_sgd_itr1_w61.bin
fmnist,cnn1,model_seed42_itr19_sgd_itr1,contrast,1.2,1,219,-0.2510386034846306,5.502179866656661,-0.25103857505353616,5.502179866656661,false,true,-5.502179866656661,-1.1211690385837523,0.2653720554028846,0.12791505428434735,n/a,WRONG,false,false,NaN,0.1343311315233057,n/a,false,true,0.12791505428434655,0.0,1.799,fmnist__cnn1__contrast__1.2__model_seed42_itr19_sgd_itr1_w62.bin
fmnist,cnn1,model_seed42_itr19_sgd_itr1,contrast,1.2,1,220,-0.2510386034846306,5.502179866656661,-0.2510386034846306,5.502179866656661,true,true,-5.502179866656661,-0.6995286799500949,0.2653720554028648,0.08692014392684488,WRONG,WRONG,false,false,-2.866857886653055,0.13428760977058232,false,false,true,0.8292143077511396,1.5287429877012344,1.943,fmnist__cnn1__contrast__1.2__model_seed42_itr19_sgd_itr1_w63.bin
fmnist,cnn1,model_seed42_itr19_sgd_itr1,contrast,1.2,1,221,-0.2510386034846306,5.502179866656661,-0.2510386034846306,5.502179866656661,true,true,-5.502179866656661,-1.5602502172049164,0.26537205540286546,0.13133672051344972,WRONG,WRONG,false,false,-2.8668578866530536,0.13433112967760769,false,false,true,1.5471070026436256,3.107357219849503,1.939,fmnist__cnn1__contrast__1.2__model_seed42_itr19_sgd_itr1_w64.bin
fmnist,cnn1,model_seed42_itr19_sgd_itr1,contrast,1.2,1,222,-0.2510386034846306,5.502179866656661,-0.25103857497924686,5.502179866656661,false,true,-5.502179866656661,-1.1085141942353745,0.26468589499358597,0.13433112967642194,n/a,WRONG,false,false,NaN,0.13433112967642194,n/a,false,true,0.13433113149670453,1.8202810469873654e-9,3.567,fmnist__cnn1__contrast__1.2__model_seed42_itr19_sgd_itr1_w65.bin
fmnist,cnn1,model_seed42_itr19_sgd_itr1,contrast,1.2,1,223,-0.2510386034846306,5.502179866656661,-0.2510385749709314,5.502179866656661,false,true,-5.502179866656661,-1.3911280285437027,0.26537205540286674,0.1343311306692646,n/a,WRONG,false,false,NaN,0.13433113078269798,n/a,false,true,0.13433113066926464,2.7755575615628914e-17,1.947,fmnist__cnn1__contrast__1.2__model_seed42_itr19_sgd_itr1_w66.bin
fmnist,cnn1,model_seed42_itr19_sgd_itr1,contrast,1.2,1,224,-0.2510386034846306,5.502179866656661,-0.2510386034846306,5.502179866656661,true,true,-5.502179866656661,-0.445218738262552,0.2653720554028647,0.1343311306692646,WRONG,WRONG,false,false,-2.8668578866530536,0.014086289541946462,false,false,true,0.6172893615342734,1.0625080997968508,3.183,fmnist__cnn1__contrast__1.2__model_seed42_itr19_sgd_itr1_w67.bin
fmnist,cnn1,model_seed42_itr19_sgd_itr1,contrast,1.2,1,225,-0.2510386034846306,5.502179866656661,-0.2510386034846306,5.502179866656661,true,true,-5.502179866656661,-0.2554102489474305,0.13912453376783482,0.12791505428434696,WRONG,WRONG,false,false,-2.866857886653055,0.1343311315233055,false,false,true,0.7145258641963497,0.9699361131437803,4.083,fmnist__cnn1__contrast__1.2__model_seed42_itr19_sgd_itr1_w68.bin
fmnist,cnn1,model_seed42_itr19_sgd_itr1,contrast,1.2,1,226,-0.2510386034846306,5.502179866656661,-0.2510386034846306,5.502179866656661,true,true,-5.502179866656661,-0.10764187167991301,0.2653720554028667,0.1313367205134497,WRONG,WRONG,false,false,-2.8668578866530545,Inf,false,false,true,0.33597530085932115,0.44361717253923416,3.36,fmnist__cnn1__contrast__1.2__model_seed42_itr19_sgd_itr1_w69.bin
fmnist,cnn1,model_seed42_itr19_sgd_itr1,contrast,1.2,1,227,-0.2510386034846306,5.502179866656661,-0.2510385749682306,5.50217984873268,false,false,NaN,NaN,NaN,NaN,n/a,n/a,false,false,NaN,NaN,n/a,n/a,false,NaN,NaN,0.0,
fmnist,cnn1,model_seed42_itr19_sgd_itr1,contrast,1.2,1,228,-0.2510386034846306,5.502179866656661,-0.25103857519820794,5.502179848713638,false,false,NaN,NaN,NaN,NaN,n/a,n/a,false,false,NaN,NaN,n/a,n/a,false,NaN,NaN,0.0,
fmnist,cnn1,model_seed42_itr19_sgd_itr1,contrast,1.2,1,229,-0.2510386034846306,5.502179866656661,-0.251038575154783,5.502179866656661,false,true,-5.502179866656661,-0.006691559267546998,0.271261278878559,0.02637436444110658,n/a,WRONG,false,false,NaN,0.13433113163673926,n/a,false,true,0.22429510409180503,0.19792073965072637,1.475,fmnist__cnn1__contrast__1.2__model_seed42_itr19_sgd_itr1_w70.bin
fmnist,cnn1,model_seed42_itr19_sgd_itr1,contrast,1.2,1,230,-0.2510386034846306,5.502179866656661,-0.2510385747251547,5.502179848722777,false,false,NaN,NaN,NaN,NaN,n/a,n/a,false,false,NaN,NaN,n/a,n/a,false,NaN,NaN,0.0,
fmnist,cnn1,model_seed42_itr19_sgd_itr1,contrast,1.2,1,231,-0.2510386034846306,5.502179866656661,-0.2510386034846306,5.502179866656661,true,true,-5.502179866656661,-0.0012404937869105737,0.26537205540286674,0.1313367205134504,WRONG,WRONG,false,false,-2.8668578866530545,0.13433112969786457,false,false,true,0.24730748594848562,0.24854797973539589,1.324,fmnist__cnn1__contrast__1.2__model_seed42_itr19_sgd_itr1_w71.bin
fmnist,cnn1,model_seed42_itr19_sgd_itr1,contrast,1.2,1,232,-0.2510386034846306,5.502179866656661,-0.2510386034846306,5.502179866656661,true,true,-5.502179866656661,-0.7546132704046301,0.2653720554028648,0.13133672051344947,WRONG,WRONG,false,false,-2.8668578866530545,0.13433113152330572,false,false,true,0.8751181417060364,1.6297314121106659,2.149,fmnist__cnn1__contrast__1.2__model_seed42_itr19_sgd_itr1_w72.bin
fmnist,cnn1,model_seed42_itr19_sgd_itr1,contrast,1.2,1,233,-0.2510386034846306,5.502179866656661,-0.2510386034846306,5.502179848718537,true,false,-5.502179848718537,-0.7554192804749873,0.26455600457957235,0.13132107754357003,WRONG,n/a,false,false,-2.866857885870335,NaN,false,n/a,true,0.8757898081885499,1.6312090886635375,1.666,fmnist__cnn1__contrast__1.2__model_seed42_itr19_sgd_itr1_w73.bin
fmnist,cnn1,model_seed42_itr19_sgd_itr1,contrast,1.2,1,234,-0.2510386034846306,5.502179866656661,-0.2510385751145976,5.5021798487337445,false,false,NaN,NaN,NaN,NaN,n/a,n/a,false,false,NaN,NaN,n/a,n/a,false,NaN,NaN,0.0,
fmnist,cnn1,model_seed42_itr19_sgd_itr1,contrast,1.2,1,235,-0.2510386034846306,5.502179866656661,-0.2510386034846306,5.502179866656661,true,true,-5.502179866656661,-1.1463871251241813,0.2653720554028656,0.13133672051344972,WRONG,WRONG,false,false,-2.8668578866531624,0.13433113152330564,false,false,true,1.2015963453962115,2.3479834705203926,1.919,fmnist__cnn1__contrast__1.2__model_seed42_itr19_sgd_itr1_w74.bin
fmnist,cnn1,model_seed42_itr19_sgd_itr1,contrast,1.2,1,236,-0.2510386034846306,5.502179866656661,-0.2510385748026417,5.502179866656661,false,true,-5.502179866656661,-1.1241680328033694,0.26537205540286457,0.13133672051344947,n/a,WRONG,false,false,NaN,0.13433113152330575,n/a,false,true,0.1313367205134499,4.718447854656915e-16,2.346,fmnist__cnn1__contrast__1.2__model_seed42_itr19_sgd_itr1_w75.bin
fmnist,cnn1,model_seed42_itr19_sgd_itr1,contrast,1.2,1,237,-0.2510386034846306,5.502179866656661,-0.2510385751391047,5.50217984873646,false,false,NaN,NaN,NaN,NaN,n/a,n/a,false,false,NaN,NaN,n/a,n/a,false,NaN,NaN,0.0,
fmnist,cnn1,model_seed42_itr19_sgd_itr1,contrast,1.2,1,238,-0.2510386034846306,5.502179866656661,-0.2510386034846306,5.502179848737107,true,false,-5.502179848737107,-1.0240140310905188,0.2682026561494282,0.13133672051344972,WRONG,n/a,false,false,-2.866857876878753,NaN,false,n/a,true,1.0996187670348263,2.123632798125345,1.602,fmnist__cnn1__contrast__1.2__model_seed42_itr19_sgd_itr1_w76.bin
fmnist,cnn1,model_seed42_itr19_sgd_itr1,contrast,1.2,1,239,-0.2510386034846306,5.502179866656661,-0.2510386034846306,5.502179866656661,true,true,-5.502179866656661,-0.4210416457869789,0.26537205540286507,0.13133672051344966,WRONG,WRONG,false,false,-2.866857886653055,0.13433113152330567,false,false,true,0.5971417792818763,1.0181834250688553,1.604,fmnist__cnn1__contrast__1.2__model_seed42_itr19_sgd_itr1_w77.bin
fmnist,cnn1,model_seed42_itr19_sgd_itr1,contrast,1.2,1,240,-0.2510386034846306,5.502179866656661,-0.25103857513554445,5.502179866656661,false,true,-5.502179866656661,-0.7277018211104678,0.2653720554028766,0.1313367205134497,n/a,WRONG,false,false,NaN,0.13423913071039278,n/a,false,true,0.13133672051344963,0.0,2.126,fmnist__cnn1__contrast__1.2__model_seed42_itr19_sgd_itr1_w78.bin
fmnist,cnn1,model_seed42_itr19_sgd_itr1,contrast,1.2,1,241,-0.2510386034846306,5.502179866656661,-0.25103857502553867,5.502179866656661,false,true,-5.502179866656661,-0.32158696407158816,0.25572216229962513,0.1343311296778931,n/a,WRONG,false,false,NaN,0.1343311296778931,n/a,false,true,0.13433113150091028,1.8230160679644225e-9,6.49,fmnist__cnn1__contrast__1.2__model_seed42_itr19_sgd_itr1_w79.bin
fmnist,cnn1,model_seed42_itr19_sgd_itr1,contrast,1.2,1,242,-0.2510386034846306,5.502179866656661,-0.2510386034846306,5.502179866656661,true,true,-5.502179866656661,-1.580683440709396,0.2653720554028657,0.13133672051344947,WRONG,WRONG,false,false,-2.866857886653017,0.13331820163739808,false,false,true,1.5635099600730513,3.1441934007824472,1.941,fmnist__cnn1__contrast__1.2__model_seed42_itr19_sgd_itr1_w80.bin
fmnist,cnn1,model_seed42_itr19_sgd_itr1,contrast,1.2,1,243,-0.2510386034846306,5.502179866656661,-0.2510386034846306,5.502179866656661,true,true,-5.502179866656661,-1.2872314194740453,0.2653720554028625,0.13433113152330645,WRONG,WRONG,false,false,-2.866857886653055,0.13174468233415387,false,false,true,1.3368969092131133,2.624128328687159,2.285,fmnist__cnn1__contrast__1.2__model_seed42_itr19_sgd_itr1_w81.bin
fmnist,cnn1,model_seed42_itr19_sgd_itr1,contrast,1.2,1,244,-1.054734118282795,4.8492031544446945,-1.054734118282795,4.8492031544446945,true,true,-2.6009576618671426,-2.6009576618671426,0.5523893004157979,0.04406224055723769,WRONG,WRONG,false,false,-2.600957661867142,0.04366547461748114,false,false,true,2.248245492577553,4.8492031544446945,3.517,fmnist__cnn1__contrast__1.2__model_seed42_itr19_sgd_itr1_w82.bin
fmnist,cnn1,model_seed42_itr19_sgd_itr1,contrast,1.2,1,245,-1.054734118282795,4.8492031544446945,-1.054734118282795,4.8492031544446945,true,true,-4.8492031544446945,-0.14458886648817298,0.09503711076368715,0.043665474617481034,WRONG,WRONG,false,false,-2.6009576618671417,0.04406223859570286,false,false,true,0.20368013970979565,0.34826900619796863,2.17,fmnist__cnn1__contrast__1.2__model_seed42_itr19_sgd_itr1_w83.bin
fmnist,cnn1,model_seed42_itr19_sgd_itr1,contrast,1.2,1,246,-1.054734118282795,4.8492031544446945,-1.054734118282795,4.849203132670615,true,false,-4.849203132670615,-1.1211441175338484,0.09503711076368754,0.043665474617481936,WRONG,n/a,false,false,-2.600957649990372,NaN,false,n/a,true,1.0150675831918121,2.1362117007256605,2.395,fmnist__cnn1__contrast__1.2__model_seed42_itr19_sgd_itr1_w84.bin
fmnist,cnn1,model_seed42_itr19_sgd_itr1,contrast,1.2,1,247,-1.054734118282795,4.8492031544446945,-1.054734118282795,4.8492031544446945,true,true,-2.6009576618671417,-2.6009576618671417,0.09503711076368665,0.043580202871383235,WRONG,WRONG,false,false,-2.600957661867142,0.04366547461748103,false,false,true,2.248245492577553,4.8492031544446945,4.013,fmnist__cnn1__contrast__1.2__model_seed42_itr19_sgd_itr1_w85.bin
fmnist,cnn1,model_seed42_itr19_sgd_itr1,contrast,1.2,1,248,-1.054734118282795,4.8492031544446945,-1.054734118282795,4.8492031544446945,true,true,-4.8492031544446945,-0.6782623814156005,0.09503711076368909,0.038730296701833936,WRONG,WRONG,false,false,-2.6009576618671417,0.044062238777390295,false,false,true,0.6572983046785598,1.3355606860941593,2.772,fmnist__cnn1__contrast__1.2__model_seed42_itr19_sgd_itr1_w86.bin
fmnist,cnn1,model_seed42_itr19_sgd_itr1,contrast,1.2,1,249,-1.054734118282795,4.8492031544446945,-1.054734118282795,4.8492031544446945,true,true,-4.8492031544446945,-1.3928426224791917,0.09503711076368548,0.043665474617481936,WRONG,WRONG,false,false,-2.6009576618671426,0.04406223897772311,false,false,true,1.2414830050547074,2.6343256275338995,2.627,fmnist__cnn1__contrast__1.2__model_seed42_itr19_sgd_itr1_w87.bin
fmnist,cnn1,model_seed42_itr19_sgd_itr1,contrast,1.2,1,250,-1.054734118282795,4.8492031544446945,-1.054734118282795,4.8492031544446945,true,true,-4.8492031544446945,-1.3361419903552136,0.5850739491486862,0.041475519719402824,WRONG,WRONG,false,false,-2.600957661867142,0.044062240557237065,false,false,true,1.1942324683708478,2.530374458726062,1.622,fmnist__cnn1__contrast__1.2__model_seed42_itr19_sgd_itr1_w88.bin
fmnist,cnn1,model_seed42_itr19_sgd_itr1,contrast,1.2,1,251,-1.054734118282795,4.8492031544446945,-1.054734118282795,4.8492031544446945,true,true,-4.8492031544446945,-1.0565360757167772,0.5412888192510514,0.041681652525288694,WRONG,WRONG,false,false,-2.6009576618671417,0.044054978127340466,false,false,true,0.9612275041189129,2.01776357983569,2.081,fmnist__cnn1__contrast__1.2__model_seed42_itr19_sgd_itr1_w89.bin
fmnist,cnn1,model_seed42_itr19_sgd_itr1,contrast,1.2,1,252,-1.054734118282795,4.8492031544446945,-1.054734118282795,4.8492031326609295,true,false,-2.6009576579754867,-2.5184810309664956,0.4415004934842054,0.044054978127340466,WRONG,n/a,false,false,-2.600957649985088,NaN,false,n/a,true,2.1802761112720526,4.698757142238549,3.312,fmnist__cnn1__contrast__1.2__model_seed42_itr19_sgd_itr1_w90.bin
fmnist,cnn1,model_seed42_itr19_sgd_itr1,contrast,1.2,1,253,-1.054734118282795,4.8492031544446945,-1.054734118282795,4.8492031544446945,true,true,-2.600957661867141,-1.9075989094674606,0.09503711076368626,0.03713479942704932,WRONG,WRONG,false,false,-2.6009576618671417,0.044062239028539854,false,false,true,2.3228560099742674,4.230454919441728,3.189,fmnist__cnn1__contrast__1.2__model_seed42_itr19_sgd_itr1_w91.bin
fmnist,cnn1,model_seed42_itr19_sgd_itr1,contrast,1.2,1,254,-1.054734118282795,4.8492031544446945,-1.054734118282795,4.8492031544446945,true,true,-4.8492031544446945,-1.2652733114884491,0.5675770591005205,0.0440622400268303,WRONG,WRONG,false,false,-2.600957661867142,0.044062238706663544,false,false,true,1.135175228488657,2.400448539977106,1.783,fmnist__cnn1__contrast__1.2__model_seed42_itr19_sgd_itr1_w92.bin
fmnist,cnn1,model_seed42_itr19_sgd_itr1,contrast,1.2,1,255,-1.054734118282795,4.8492031544446945,-1.054734118282795,4.849203132727894,true,false,-4.849203132727894,-1.1647088832052377,0.09503711076368915,0.036718533797697586,WRONG,n/a,false,false,-2.600957650021614,NaN,false,n/a,true,1.0513715521741098,2.2160804353793475,1.909,fmnist__cnn1__contrast__1.2__model_seed42_itr19_sgd_itr1_w93.bin
fmnist,cnn1,model_seed42_itr19_sgd_itr1,contrast,1.2,1,256,-1.054734118282795,4.8492031544446945,-1.054734118282795,4.8492031544446945,true,true,-2.600957661867142,-2.600957661867142,0.09503711076368787,0.043786401312814194,WRONG,WRONG,false,false,-2.6009576618671417,0.044062240557237106,false,false,true,2.248245492577553,4.8492031544446945,4.859,fmnist__cnn1__contrast__1.2__model_seed42_itr19_sgd_itr1_w94.bin
fmnist,cnn1,model_seed42_itr19_sgd_itr1,contrast,1.2,1,257,-1.054734118282795,4.8492031544446945,-1.054734118282795,4.8492031544446945,true,true,-4.8492031544446945,-0.5297816534054484,0.5541980824040424,0.041621103054742425,WRONG,WRONG,false,false,-2.600957661867142,0.044062240557237106,false,false,true,0.5222654855261418,1.0520471389315904,1.534,fmnist__cnn1__contrast__1.2__model_seed42_itr19_sgd_itr1_w95.bin
fmnist,cnn1,model_seed42_itr19_sgd_itr1,contrast,1.2,1,258,-1.054734118282795,4.8492031544446945,-1.054734118282795,4.8492031544446945,true,true,-4.8492031544446945,-1.592065044145065,0.535573964494076,0.04170839766585681,WRONG,WRONG,false,true,-2.600957661867142,-0.0,false,true,true,1.4075016444758226,2.9995666886208876,1.913,fmnist__cnn1__contrast__1.2__model_seed42_itr19_sgd_itr1_w96.bin
fmnist,cnn1,model_seed42_itr19_sgd_itr1,contrast,1.2,1,259,-1.054734118282795,4.8492031544446945,-1.054734118282795,4.8492031544446945,true,true,-2.600957661867142,-2.600957661867142,0.5672944721945057,0.04155948395293382,WRONG,WRONG,false,false,-2.6009576389309554,0.0440622388277336,false,false,true,2.248245492577553,4.8492031544446945,3.649,fmnist__cnn1__contrast__1.2__model_seed42_itr19_sgd_itr1_w97.bin
fmnist,cnn1,model_seed42_itr19_sgd_itr1,contrast,1.2,1,260,-1.054734118282795,4.8492031544446945,-1.054734118282795,4.8492031544446945,true,true,-4.8492031544446945,-0.9026219531148864,0.5677522253914357,0.04155732669594919,WRONG,WRONG,false,false,-2.600957661867141,0.0440622388279737,false,false,true,0.8329657606560177,1.7355877137709037,1.505,fmnist__cnn1__contrast__1.2__model_seed42_itr19_sgd_itr1_w98.bin
fmnist,cnn1,model_seed42_itr19_sgd_itr1,contrast,1.2,1,261,-1.054734118282795,4.8492031544446945,-1.054734118282795,4.849203132709979,true,false,-4.849203132709979,-1.2904656206377607,0.5456690787032149,0.044062239892469976,WRONG,n/a,false,false,-2.6009576500118428,NaN,false,n/a,true,1.1561688272346544,2.446634447872415,1.75,fmnist__cnn1__contrast__1.2__model_seed42_itr19_sgd_itr1_w99.bin
fmnist,cnn1,model_seed42_itr19_sgd_itr1,contrast,1.2,1,262,-1.054734118282795,4.8492031544446945,-1.054734118282795,4.8492031544446945,true,true,-2.600957661867141,-2.278309060656973,0.5452922008151867,0.04166289514668167,WRONG,WRONG,false,false,-2.600957661867142,0.04406223902229519,false,false,true,1.979371658235745,4.2576807188927175,2.672,fmnist__cnn1__contrast__1.2__model_seed42_itr19_sgd_itr1_w100.bin
fmnist,cnn1,model_seed42_itr19_sgd_itr1,contrast,1.2,1,263,-1.054734118282795,4.8492031544446945,-1.054734118282795,4.8492031544446945,true,true,-4.8492031544446945,-1.8036379813342223,0.5749274148275955,0.04152348108611763,WRONG,WRONG,false,false,-2.6009576618672785,0.044062240557237106,false,false,true,1.583812476644086,3.3874504579782987,1.779,fmnist__cnn1__contrast__1.2__model_seed42_itr19_sgd_itr1_w101.bin
fmnist,cnn1,model_seed42_itr19_sgd_itr1,contrast,1.2,1,264,-1.054734118282795,4.8492031544446945,-1.054734118282795,4.849203132598441,true,false,-4.849203132598441,-0.6317379257895728,0.5846118427001669,0.041477706584275104,WRONG,n/a,false,false,-2.600957649951004,NaN,false,n/a,true,0.6072290458462455,1.2389669716358185,1.706,fmnist__cnn1__contrast__1.2__model_seed42_itr19_sgd_itr1_w102.bin
fmnist,cnn1,model_seed42_itr19_sgd_itr1,contrast,1.2,1,265,-1.054734118282795,4.8492031544446945,-1.054734118282795,4.8492031544446945,true,true,-4.8492031544446945,-0.330058625575814,0.5794173429303261,0.04150227221700148,WRONG,WRONG,false,false,-2.6009576618671417,0.044062238831978025,false,false,true,0.3558296290014463,0.6858882545772603,1.511,fmnist__cnn1__contrast__1.2__model_seed42_itr19_sgd_itr1_w103.bin
fmnist,cnn1,model_seed42_itr19_sgd_itr1,contrast,1.2,1,266,-1.054734118282795,4.8492031544446945,-1.054734118282795,4.8492031544446945,true,true,-4.8492031544446945,-1.0760522229150018,0.09503711076368976,0.04080895152682244,WRONG,WRONG,false,false,-2.600957661867142,0.03873029670183387,false,false,true,0.9774909893865606,2.053543212301562,2.434,fmnist__cnn1__contrast__1.2__model_seed42_itr19_sgd_itr1_w104.bin
fmnist,cnn1,model_seed42_itr19_sgd_itr1,contrast,1.2,1,267,-1.054734118282795,4.8492031544446945,-1.054734118282795,4.8492031324488325,true,false,-4.8492031324488325,-0.45606753383867915,0.09503711076368576,0.043665474617481034,WRONG,n/a,false,false,-2.6009576498693994,NaN,false,n/a,true,0.5760044428781353,1.0320719767168145,2.966,fmnist__cnn1__contrast__1.2__model_seed42_itr19_sgd_itr1_w105.bin
fmnist,cnn1,model_seed42_itr19_sgd_itr1,contrast,1.2,1,268,-1.054734118282795,4.8492031544446945,-1.054734118282795,4.8492031544446945,true,true,-2.600957661867142,-2.600957661867142,0.5358874118892799,0.04170693170129139,WRONG,WRONG,false,false,-2.6009576618671417,0.04406223873455118,false,false,true,2.248245492577553,4.8492031544446945,3.017,fmnist__cnn1__contrast__1.2__model_seed42_itr19_sgd_itr1_w106.bin
fmnist,cnn1,model_seed42_itr19_sgd_itr1,contrast,1.2,1,269,-1.054734118282795,4.8492031544446945,-1.054734118282795,4.8492031544446945,true,true,-4.8492031544446945,-1.1263362514782165,0.4391791412564136,0.03239774006108732,WRONG,WRONG,false,false,-2.600957661867142,0.04406223872398937,false,false,true,1.0193943558243141,2.145730607302531,2.384,fmnist__cnn1__contrast__1.2__model_seed42_itr19_sgd_itr1_w107.bin
fmnist,cnn1,model_seed42_itr19_sgd_itr1,contrast,1.2,1,270,-1.054734118282795,4.8492031544446945,-1.054734118282795,4.849203132464384,true,false,-4.849203132464384,-0.4687575576181211,0.09503711076368909,0.04406223906178195,WRONG,n/a,false,false,-2.600957649877882,NaN,false,n/a,true,0.4714120887226039,0.940169646340725,3.589,fmnist__cnn1__contrast__1.2__model_seed42_itr19_sgd_itr1_w108.bin
fmnist,cnn1,model_seed42_itr19_sgd_itr1,contrast,1.2,1,271,-1.054734118282795,4.8492031544446945,-1.054734118282795,4.8492031544446945,true,true,-2.600957661867142,-2.600957661867142,0.5430596005589435,0.04167335795459635,WRONG,WRONG,false,false,-2.6009576618671413,0.044062240557237106,false,false,true,2.248245492577553,4.8492031544446945,2.991,fmnist__cnn1__contrast__1.2__model_seed42_itr19_sgd_itr1_w109.bin
fmnist,cnn1,model_seed42_itr19_sgd_itr1,contrast,1.2,1,272,-1.054734118282795,4.8492031544446945,-1.054734118282795,4.849203133465826,true,false,-4.849203133465826,-1.0712923315141183,0.0950371107636877,0.043665474617481034,WRONG,n/a,false,false,-2.6009576504241227,NaN,false,n/a,true,0.9735243839500329,2.0448167154641514,2.15,fmnist__cnn1__contrast__1.2__model_seed42_itr19_sgd_itr1_w110.bin
fmnist,cnn1,model_seed42_itr19_sgd_itr1,contrast,1.2,1,273,-1.054734118282795,4.8492031544446945,-1.054734118282795,4.849203132676117,true,false,-2.6009576579782,-2.600957649993373,0.09503711076368632,0.03873032967879407,WRONG,n/a,false,false,-2.6009576499933726,NaN,false,n/a,true,2.2482454826827447,4.849203132676117,7.944,fmnist__cnn1__contrast__1.2__model_seed42_itr19_sgd_itr1_w111.bin
fmnist,cnn1,model_seed42_itr19_sgd_itr1,contrast,1.2,1,274,-1.054734118282795,4.8492031544446945,-1.054734118282795,4.8492031544446945,true,true,-2.6009576618671417,-2.6009576618671417,0.09503711076368782,0.04366547461748103,WRONG,WRONG,false,false,-2.600957661867142,0.04406223902186319,false,false,true,2.248245492577553,4.8492031544446945,3.246,fmnist__cnn1__contrast__1.2__model_seed42_itr19_sgd_itr1_w112.bin
fmnist,cnn1,model_seed42_itr19_sgd_itr1,contrast,1.2,1,275,-1.054734118282795,4.8492031544446945,-1.054734118282795,4.8492031544446945,true,true,-4.8492031544446945,-1.396517652211324,0.5667323389647881,0.04156213279788981,WRONG,WRONG,false,false,-2.6009576618671417,0.044062238936400815,false,false,true,1.2445455157622693,2.6410631679735928,1.706,fmnist__cnn1__contrast__1.2__model_seed42_itr19_sgd_itr1_w113.bin
fmnist,cnn1,model_seed42_itr19_sgd_itr1,contrast,1.2,1,276,-1.054734118282795,4.8492031544446945,-1.054734118282795,4.849203132707032,true,false,-4.849203132707032,-1.4338541935956166,0.09503711076368687,0.04366547461748192,WRONG,n/a,false,false,-2.600957650010235,NaN,false,n/a,true,1.2756593057623604,2.709513499357977,2.165,fmnist__cnn1__contrast__1.2__model_seed42_itr19_sgd_itr1_w114.bin
fmnist,cnn1,model_seed42_itr19_sgd_itr1,contrast,1.2,1,277,-1.054734118282795,4.8492031544446945,-1.054734118282795,4.8492031544446945,true,true,-2.6009576618671413,-2.6009576618671413,0.5478426629027201,0.04406224055723769,WRONG,WRONG,false,false,-2.6009576618671417,0.04366547461748103,false,false,true,2.248245492577553,4.8492031544446945,3.503,fmnist__cnn1__contrast__1.2__model_seed42_itr19_sgd_itr1_w115.bin
fmnist,cnn1,model_seed42_itr19_sgd_itr1,contrast,1.2,1,278,-1.054734118282795,4.8492031544446945,-1.054734118282795,4.8492031544446945,true,true,-4.8492031544446945,-0.1189611655078883,0.5647311678504551,0.04157155967338367,WRONG,WRONG,false,false,-2.600957661867142,0.044062240557237106,false,false,true,0.18189680145920656,0.30085796696709477,1.532,fmnist__cnn1__contrast__1.2__model_seed42_itr19_sgd_itr1_w116.bin
fmnist,cnn1,model_seed42_itr19_sgd_itr1,contrast,1.2,1,279,-1.054734118282795,4.8492031544446945,-1.054734091347024,4.849203132733793,false,false,NaN,NaN,NaN,NaN,n/a,n/a,false,false,NaN,NaN,n/a,n/a,false,NaN,NaN,0.0,
fmnist,cnn1,model_seed42_itr19_sgd_itr1,contrast,1.2,1,280,-1.054734118282795,4.8492031544446945,-1.054734118282795,4.8492031544446945,true,true,-2.6009576618671426,-2.6009576618671426,0.556971798556227,0.04160806876181361,WRONG,WRONG,false,false,-2.6009576618671417,0.044062238990452904,false,false,true,2.248245492577553,4.8492031544446945,2.637,fmnist__cnn1__contrast__1.2__model_seed42_itr19_sgd_itr1_w117.bin
fmnist,cnn1,model_seed42_itr19_sgd_itr1,contrast,1.2,1,281,-1.054734118282795,4.8492031544446945,-1.054734118282795,4.8492031544446945,true,true,-4.8492031544446945,-0.7135450962637301,0.09503711076368593,0.04406223998740063,WRONG,WRONG,false,false,-2.6009576618671417,0.044062240557237106,false,false,true,0.6754017048074882,1.3889468010712185,1.946,fmnist__cnn1__contrast__1.2__model_seed42_itr19_sgd_itr1_w118.bin
fmnist,cnn1,model_seed42_itr19_sgd_itr1,contrast,1.2,1,282,-1.054734118282795,4.8492031544446945,-1.054734118282795,4.84920313266168,true,false,-4.84920313266168,-0.2523725691233457,0.5257156502790624,0.04175444802402648,WRONG,n/a,false,false,-2.6009576499854976,NaN,false,n/a,true,0.29109124862438945,0.5434638177477351,1.664,fmnist__cnn1__contrast__1.2__model_seed42_itr19_sgd_itr1_w119.bin
fmnist,cnn1,model_seed42_itr19_sgd_itr1,contrast,1.2,1,283,-1.054734118282795,4.8492031544446945,-1.054734118282795,4.8492031544446945,true,true,-2.6009576618671417,-2.6009576618671417,0.09503711076368937,0.04406224055723769,WRONG,WRONG,false,false,-2.6009576618671417,0.04406223899228822,false,false,true,2.248245492577553,4.8492031544446945,3.613,fmnist__cnn1__contrast__1.2__model_seed42_itr19_sgd_itr1_w120.bin
fmnist,cnn1,model_seed42_itr19_sgd_itr1,contrast,1.2,1,284,-1.054734118282795,4.8492031544446945,-1.054734118282795,4.8492031544446945,true,true,-4.8492031544446945,-1.066182780618949,0.5358698257173323,0.043580202871383256,WRONG,WRONG,false,false,-2.600957661867142,0.044062240557237106,false,false,true,0.969266450833486,2.0354492314524353,3.838,fmnist__cnn1__contrast__1.2__model_seed42_itr19_sgd_itr1_w121.bin
fmnist,cnn1,model_seed42_itr19_sgd_itr1,contrast,1.2,1,285,-1.054734118282795,4.8492031544446945,-1.054734118282795,4.849203132646359,true,false,-4.849203132646359,-0.3015891368482747,0.543757050239985,0.03520769173866402,WRONG,n/a,false,false,-2.6009576499771407,NaN,false,n/a,true,0.3321050550618303,0.633694191910105,1.755,fmnist__cnn1__contrast__1.2__model_seed42_itr19_sgd_itr1_w122.bin
fmnist,cnn1,model_seed42_itr19_sgd_itr1,contrast,1.2,1,286,-1.054734118282795,4.8492031544446945,-1.054734118282795,4.8492031544446945,true,true,-2.600957661867142,-2.4733081812208346,0.5435240422824136,0.041671181866369034,WRONG,WRONG,false,false,-2.6009576618671417,0.044062238710965485,false,false,true,2.141870925372297,4.615179106593132,3.104,fmnist__cnn1__contrast__1.2__model_seed42_itr19_sgd_itr1_w123.bin
fmnist,cnn1,model_seed42_itr19_sgd_itr1,contrast,1.2,1,287,-1.054734118282795,4.8492031544446945,-1.054734118282795,4.8492031544446945,true,true,-4.8492031544446945,-0.9550007466210888,0.5794173429303283,0.041502272217000945,WRONG,WRONG,false,false,-2.6009576618671426,0.04406223908600742,false,false,true,0.8766147638486724,1.8316155104697613,1.729,fmnist__cnn1__contrast__1.2__model_seed42_itr19_sgd_itr1_w124.bin
fmnist,cnn1,model_seed42_itr19_sgd_itr1,contrast,1.2,1,288,-1.054734118282795,4.8492031544446945,-1.054734118282795,4.8492031544446945,true,true,-4.8492031544446945,-1.5466421662960128,0.5650152420216937,0.04157022176704886,WRONG,WRONG,false,false,-2.6009576618671417,0.04404477591301899,false,false,true,1.3696492767185986,2.916291443014611,1.746,fmnist__cnn1__contrast__1.2__model_seed42_itr19_sgd_itr1_w125.bin
fmnist,cnn1,model_seed42_itr19_sgd_itr1,contrast,1.2,1,289,-1.054734118282795,4.8492031544446945,-1.054734118282795,4.8492031544446945,true,true,-2.600957661867141,-0.021806848201301493,0.5691697483506732,0.03202068157797541,WRONG,WRONG,false,false,-2.6009576618671413,0.044062239939158705,false,false,true,0.09896900042578893,0.12077584862709045,2.575,fmnist__cnn1__contrast__1.2__model_seed42_itr19_sgd_itr1_w126.bin
fmnist,cnn1,model_seed42_itr19_sgd_itr1,contrast,1.2,1,290,-1.054734118282795,4.8492031544446945,-1.054734118282795,4.8492031544446945,true,true,-4.8492031544446945,-1.1692080440535733,0.09503711076368654,0.044062240081191965,WRONG,WRONG,false,false,-2.6009576618671417,0.044062238557169266,false,false,true,1.0551208342062612,2.224328878259836,1.855,fmnist__cnn1__contrast__1.2__model_seed42_itr19_sgd_itr1_w127.bin
fmnist,cnn1,model_seed42_itr19_sgd_itr1,contrast,1.2,1,291,-1.054734118282795,4.8492031544446945,-1.054734118282795,4.849203132667297,true,false,-4.849203132667297,-1.430589846848695,0.09503711076368498,0.0387302967018338,WRONG,n/a,false,false,-2.600957649988562,NaN,false,n/a,true,1.2729390395899158,2.7035288864386113,6.52,fmnist__cnn1__contrast__1.2__model_seed42_itr19_sgd_itr1_w128.bin
fmnist,cnn1,model_seed42_itr19_sgd_itr1,contrast,1.2,1,292,-1.054734118282795,4.8492031544446945,-1.054734118282795,4.8492031544446945,true,true,-2.6009576618671417,-2.6009576618671417,0.0950371107636902,0.04357939781556086,WRONG,WRONG,false,false,-2.600957661867142,0.044062238729871576,false,false,true,2.248245492577553,4.8492031544446945,4.787,fmnist__cnn1__contrast__1.2__model_seed42_itr19_sgd_itr1_w129.bin
fmnist,cnn1,model_seed42_itr19_sgd_itr1,contrast,1.2,1,293,-1.054734118282795,4.8492031544446945,-1.054734118282795,4.8492031544446945,true,true,-4.8492031544446945,-1.2540577791048768,0.09503711076368387,0.03873032969449022,WRONG,WRONG,false,false,-2.600957661867142,0.044062239047753755,false,false,true,1.1258289673305129,2.37988674643539,7.986,fmnist__cnn1__contrast__1.2__model_seed42_itr19_sgd_itr1_w130.bin
fmnist,cnn1,model_seed42_itr19_sgd_itr1,contrast,1.2,1,294,-1.054734118282795,4.8492031544446945,-1.054734118282795,4.8492031326250515,true,false,-4.8492031326250515,-1.3559029727231255,0.5306538028253709,0.04173139440187093,WRONG,n/a,false,false,-2.600957657969079,NaN,false,n/a,true,1.2106999495801247,2.5666029223032507,1.555,fmnist__cnn1__contrast__1.2__model_seed42_itr19_sgd_itr1_w131.bin
fmnist,cnn1,model_seed42_itr19_sgd_itr1,contrast,1.2,1,295,-1.054734118282795,4.8492031544446945,-1.054734118282795,4.8492031544446945,true,true,-4.8492031544446945,-1.0885422771627256,0.7105759045580685,0.044062240557237106,WRONG,WRONG,false,false,-2.6009576618671417,0.04358020287138315,false,false,true,0.9878993386572056,2.076441615819931,1.397,fmnist__cnn1__contrast__1.2__model_seed42_itr19_sgd_itr1_w132.bin
fmnist,cnn1,model_seed42_itr19_sgd_itr1,contrast,1.2,1,296,-1.054734118282795,4.8492031544446945,-1.054734118282795,4.8492031544446945,true,true,-4.8492031544446945,-0.982662942540394,0.09503711076368704,0.04080895152682244,WRONG,WRONG,false,false,-2.6009576618671417,0.04406223915482893,false,false,true,0.9195933688280825,1.9022563113684763,2.407,fmnist__cnn1__contrast__1.2__model_seed42_itr19_sgd_itr1_w133.bin
fmnist,cnn1,model_seed42_itr19_sgd_itr1,contrast,1.2,1,297,-1.054734118282795,4.8492031544446945,-1.054734118282795,4.8492031544446945,true,true,-4.8492031544446945,-1.2971350728428717,0.4503178318604405,0.044062240557237134,WRONG,WRONG,false,false,-2.6009576618671417,0.04406223900469461,false,false,true,1.1617266903019017,2.4588617631447742,1.866,fmnist__cnn1__contrast__1.2__model_seed42_itr19_sgd_itr1_w134.bin
fmnist,cnn1,model_seed42_itr19_sgd_itr1,contrast,1.2,1,298,-1.054734118282795,4.8492031544446945,-1.054734118282795,4.8492031544446945,true,true,-4.8492031544446945,-0.46752234427583406,0.09503711076368715,0.04358020287138315,WRONG,WRONG,false,true,-2.6009576618671417,-0.0,false,true,true,0.470382739643776,0.9379050839196102,3.679,fmnist__cnn1__contrast__1.2__model_seed42_itr19_sgd_itr1_w135.bin
fmnist,cnn1,model_seed42_itr19_sgd_itr1,contrast,1.2,1,299,-1.054734118282795,4.8492031544446945,-1.054734118282795,4.8492031544446945,true,true,-2.6009576618671417,-2.6009576618671417,0.6193717596205798,0.044062240557236954,WRONG,WRONG,false,false,-2.600957661867142,0.04406223906284658,false,false,true,2.248245492577553,4.8492031544446945,4.127,fmnist__cnn1__contrast__1.2__model_seed42_itr19_sgd_itr1_w136.bin
fmnist,cnn1,model_seed42_itr19_sgd_itr1,contrast,1.2,1,300,-1.054734118282795,4.8492031544446945,-1.054734118282795,4.849203132733454,true,false,-4.849203132733454,-1.1985648866761829,0.09503711076368626,0.03761030574571751,WRONG,n/a,false,false,-2.6009576500246467,NaN,false,n/a,true,1.0795848721058996,2.2781497587820816,4.828,fmnist__cnn1__contrast__1.2__model_seed42_itr19_sgd_itr1_w137.bin
fmnist,cnn1,model_seed42_itr19_sgd_itr1,contrast,1.2,1,301,-1.054734118282795,4.8492031544446945,-1.054734118282795,4.8492031326780705,true,false,-2.600957661867141,-0.056902794404463136,0.6193717596205803,0.04406224066164377,WRONG,n/a,false,false,-2.6009576579785505,NaN,false,n/a,true,0.12819976969198735,0.1851025640964508,2.736,fmnist__cnn1__contrast__1.2__model_seed42_itr19_sgd_itr1_w138.bin
fmnist,cnn1,model_seed42_itr19_sgd_itr1,contrast,1.2,1,302,-1.054734118282795,4.8492031544446945,-1.054734118282795,4.8492031544446945,true,true,-4.8492031544446945,-0.47435321591117163,0.09503711076368732,0.04406224055723769,WRONG,WRONG,false,false,-2.600957661867141,0.04334259415824384,false,false,true,0.4760751209475777,0.9504283368587494,2.527,fmnist__cnn1__contrast__1.2__model_seed42_itr19_sgd_itr1_w139.bin
fmnist,cnn1,model_seed42_itr19_sgd_itr1,contrast,1.2,1,303,-1.054734118282795,4.8492031544446945,-1.054734118282795,4.849203132599909,true,false,-4.849203132599909,-2.007334599157481,0.5536859983070934,0.041623508500352194,WRONG,n/a,false,false,-2.600957649951805,NaN,false,n/a,true,1.8146630187802169,3.821997617937698,2.09,fmnist__cnn1__contrast__1.2__model_seed42_itr19_sgd_itr1_w140.bin
fmnist,cnn1,model_seed42_itr19_sgd_itr1,contrast,1.2,1,304,-1.054734118282795,4.8492031544446945,-1.054734118282795,4.8492031544446945,true,true,-2.600957661867141,-0.3242718187292568,0.09503711076368909,0.006954941700704624,WRONG,WRONG,false,false,-2.600957661867142,0.0416241448304457,false,false,true,3.5228854035805353,3.847157222309792,3.729,fmnist__cnn1__contrast__1.2__model_seed42_itr19_sgd_itr1_w141.bin
fmnist,cnn1,model_seed42_itr19_sgd_itr1,contrast,1.2,1,305,-1.054734118282795,4.8492031544446945,-1.054734118282795,4.8492031544446945,true,true,-4.8492031544446945,-0.2081102730887764,0.5249629117213838,0.041624144830445894,WRONG,WRONG,false,false,-2.6009576618671413,Inf,false,false,true,0.27655409046200813,0.4846643635507845,2.912,fmnist__cnn1__contrast__1.2__model_seed42_itr19_sgd_itr1_w142.bin
fmnist,cnn1,model_seed42_itr19_sgd_itr1,contrast,1.2,1,306,-1.054734118282795,4.8492031544446945,-1.054734118282795,4.8492031544446945,true,true,-2.600957661867142,-2.600957661867142,0.09503711076368554,0.044062240557237106,WRONG,WRONG,false,false,-2.6009576618671417,0.0440622392636477,false,false,true,2.248245492577553,4.8492031544446945,6.549,fmnist__cnn1__contrast__1.2__model_seed42_itr19_sgd_itr1_w143.bin
fmnist,cnn1,model_seed42_itr19_sgd_itr1,contrast,1.2,1,307,-1.054734118282795,4.8492031544446945,-1.054734118282795,4.8492031544446945,true,true,-2.6009576618671417,-2.6009576618671417,0.5355739644940768,0.04170839766585646,WRONG,WRONG,false,false,-2.600957638905344,0.04406223861926934,false,false,true,2.248245492577553,4.8492031544446945,5.425,fmnist__cnn1__contrast__1.2__model_seed42_itr19_sgd_itr1_w144.bin
fmnist,cnn1,model_seed42_itr19_sgd_itr1,contrast,1.2,1,308,-1.054734118282795,4.8492031544446945,-1.054734118282795,4.8492031544446945,true,true,-4.8492031544446945,-0.8705198840865666,0.567752225391434,0.011582506725924162,WRONG,WRONG,false,false,-2.6009576618671417,0.04406223881862079,false,false,true,0.8062140463784059,1.6767339304649722,1.853,fmnist__cnn1__contrast__1.2__model_seed42_itr19_sgd_itr1_w145.bin
fmnist,cnn1,model_seed42_itr19_sgd_itr1,contrast,1.2,1,309,-1.054734118282795,4.8492031544446945,-1.054734118282795,4.8492031327250364,true,false,-4.8492031327250364,-1.4212298581916651,0.09503711076369009,0.043665474617481936,WRONG,n/a,false,false,-2.600957650020056,NaN,false,n/a,true,1.2651390268747287,2.686368885066394,2.54,fmnist__cnn1__contrast__1.2__model_seed42_itr19_sgd_itr1_w146.bin
fmnist,cnn1,model_seed42_itr19_sgd_itr1,contrast,1.2,1,310,-1.054734118282795,4.8492031544446945,-1.054734118282795,4.8492031544446945,true,true,-2.600957661867141,-2.5716723664733094,0.0950371107636852,0.044062240557237106,WRONG,WRONG,false,false,-2.6009576618671413,0.04406224055723704,false,false,true,2.223841079749359,4.795513446222666,4.174,fmnist__cnn1__contrast__1.2__model_seed42_itr19_sgd_itr1_w147.bin
fmnist,cnn1,model_seed42_itr19_sgd_itr1,contrast,1.2,1,311,-1.054734118282795,4.8492031544446945,-1.054734118282795,4.8492031544446945,true,true,-4.8492031544446945,-0.9332418285080302,0.09503711076368432,0.04358020287138323,WRONG,WRONG,false,false,-2.600957661867142,0.04406223881378997,false,false,true,0.8584822981116276,1.7917241266196577,2.801,fmnist__cnn1__contrast__1.2__model_seed42_itr19_sgd_itr1_w148.bin
fmnist,cnn1,model_seed42_itr19_sgd_itr1,contrast,1.2,1,312,-1.054734118282795,4.8492031544446945,-1.054734118282795,4.849203132711813,true,false,-4.849203132711813,-1.255990857601196,0.5560721344453806,0.04406223992043247,WRONG,n/a,false,false,-2.6009576528184843,NaN,false,n/a,true,1.1274398556232306,2.3834307132244263,2.057,fmnist__cnn1__contrast__1.2__model_seed42_itr19_sgd_itr1_w149.bin
fmnist,cnn1,model_seed42_itr19_sgd_itr1,contrast,1.2,1,313,-1.054734118282795,4.8492031544446945,-1.054734118282795,4.8492031332339804,true,false,-2.6009576618671426,-2.6009576618671426,0.09503711076368698,0.04406224055723769,WRONG,n/a,false,false,-2.6009576580778617,NaN,false,n/a,true,2.248245492577553,4.8492031544446945,3.464,fmnist__cnn1__contrast__1.2__model_seed42_itr19_sgd_itr1_w150.bin
fmnist,cnn1,model_seed42_itr19_sgd_itr1,contrast,1.2,1,314,-1.054734118282795,4.8492031544446945,-1.054734118282795,4.8492031544446945,true,true,-4.8492031544446945,-0.31187378176414937,0.6193717596205801,0.007529132667432291,WRONG,WRONG,false,true,-2.6009576618671417,-0.0,false,true,true,0.3406755924917257,0.652549374255875,1.301,fmnist__cnn1__contrast__1.2__model_seed42_itr19_sgd_itr1_w151.bin
fmnist,cnn1,model_seed42_itr19_sgd_itr1,contrast,1.2,1,315,-1.054734118282795,4.8492031544446945,-1.054734118282795,4.8492031544446945,true,true,-2.6009576618671058,-2.6009576618671058,0.6193717596205802,0.04171000688635057,WRONG,WRONG,false,false,-2.6009576618671426,0.04358117792689353,false,false,true,2.248245492577553,4.8492031544446945,3.188,fmnist__cnn1__contrast__1.2__model_seed42_itr19_sgd_itr1_w152.bin
fmnist,cnn1,model_seed42_itr19_sgd_itr1,contrast,1.2,1,316,-1.054734118282795,4.8492031544446945,-1.054734118282795,4.8492031544446945,true,true,-2.600957661867141,-0.011532419629010443,0.5489823082035097,0.04164558963082858,WRONG,WRONG,false,false,-2.6009576387483815,0.04406224055723707,false,false,true,0.0906245045257405,0.10215692415475654,3.314,fmnist__cnn1__contrast__1.2__model_seed42_itr19_sgd_itr1_w153.bin
fmnist,cnn1,model_seed42_itr19_sgd_itr1,contrast,1.2,1,317,-1.054734118282795,4.8492031544446945,-1.054734118282795,4.8492031544446945,true,true,-4.8492031544446945,-1.8326765380122485,0.6193717596205801,0.0034354947151094134,WRONG,WRONG,false,false,-2.6009576618671413,0.0440622390392027,false,false,true,1.608011222698468,3.4406877607107162,1.297,fmnist__cnn1__contrast__1.2__model_seed42_itr19_sgd_itr1_w154.bin
fmnist,cnn1,model_seed42_itr19_sgd_itr1,contrast,1.2,1,318,-1.054734118282795,4.8492031544446945,-1.054734118282795,4.8492031544446945,true,true,-4.8492031544446945,-1.0623209690391224,0.5598269423371407,0.04159464275695973,WRONG,WRONG,false,false,-2.600957661867142,0.04406223901489633,false,false,true,0.9660482717181378,2.028369240757261,1.765,fmnist__cnn1__contrast__1.2__model_seed42_itr19_sgd_itr1_w155.bin
fmnist,cnn1,model_seed42_itr19_sgd_itr1,contrast,1.2,1,319,-1.054734118282795,4.8492031544446945,-1.054734118282795,4.8492031544446945,true,true,-4.8492031544446945,-0.5529452312794969,0.09503711076368226,0.04171567834370228,WRONG,WRONG,false,false,-2.6009576618671417,0.044058597991916956,false,false,true,0.5415684809144036,1.0945137121939001,1.746,fmnist__cnn1__contrast__1.2__model_seed42_itr19_sgd_itr1_w156.bin
fmnist,cnn1,model_seed42_itr19_sgd_itr1,contrast,1.2,1,320,-1.054734118282795,4.8492031544446945,-1.054734118282795,4.8492031544446945,true,true,-4.8492031544446945,-0.805783855044213,0.567294472194506,0.04155948395293382,WRONG,WRONG,false,false,-2.600957661867142,0.04366547461748105,false,false,true,0.7523894542506171,1.5581733092948302,2.637,fmnist__cnn1__contrast__1.2__model_seed42_itr19_sgd_itr1_w157.bin
fmnist,cnn1,model_seed42_itr19_sgd_itr1,contrast,1.2,1,321,-1.054734118282795,4.8492031544446945,-1.054734118282795,4.8492031544446945,true,true,-4.8492031544446945,-0.3745635502722484,0.6193717596205798,0.006954941700701413,WRONG,WRONG,false,false,-2.6009576618671417,0.04406223879772934,false,false,true,0.39915675814680085,0.7737203084190492,1.509,fmnist__cnn1__contrast__1.2__model_seed42_itr19_sgd_itr1_w158.bin
fmnist,cnn1,model_seed42_itr19_sgd_itr1,contrast,1.2,1,322,-1.054734118282795,4.8492031544446945,-1.054734118282795,4.8492031544446945,true,true,-4.8492031544446945,-1.3574457800912114,0.0950371107636871,0.043665474617481936,WRONG,WRONG,false,true,-2.6009576618671417,-0.0,false,true,true,1.2119856288717445,2.5694314089629557,2.54,fmnist__cnn1__contrast__1.2__model_seed42_itr19_sgd_itr1_w159.bin
fmnist,cnn1,model_seed42_itr19_sgd_itr1,contrast,1.2,1,323,-1.054734118282795,4.8492031544446945,-1.054734118282795,4.8492031544446945,true,true,-2.600957661867142,-2.600957661867142,0.43796397095176715,0.044062240557237106,WRONG,WRONG,false,false,-2.6009576618671417,0.04358175756989632,false,false,true,2.248245492577553,4.8492031544446945,3.843,fmnist__cnn1__contrast__1.2__model_seed42_itr19_sgd_itr1_w160.bin
fmnist,cnn1,model_seed42_itr19_sgd_itr1,contrast,1.2,1,324,-1.054734118282795,4.8492031544446945,-1.054734118282795,4.8492031544446945,true,true,-4.8492031544446945,-1.135449143243645,0.0950371107636856,0.04366547461748144,WRONG,WRONG,false,false,-2.600957661867142,0.04406223895932442,false,false,true,1.0499383782064367,2.1853875214500813,2.452,fmnist__cnn1__contrast__1.2__model_seed42_itr19_sgd_itr1_w161.bin
fmnist,cnn1,model_seed42_itr19_sgd_itr1,contrast,1.2,1,325,-0.08251320850104094,4.868803080637008,-0.08251320850104094,4.868803080637008,true,true,-4.868803080637008,-0.8631428546164212,0.14872018061578274,0.10137726781101868,WRONG,WRONG,false,false,-2.551997773279749,0.10371297416955871,false,false,true,0.9094261896991281,1.7725690443155477,1.298,fmnist__cnn1__contrast__1.2__model_seed42_itr19_sgd_itr1_w162.bin
fmnist,cnn1,model_seed42_itr19_sgd_itr1,contrast,1.2,1,326,-0.08251320850104094,4.868803080637008,-0.08251320850104094,4.868803080637008,true,true,-4.868803080637008,-0.5882131934637881,0.14872018061578274,0.0440789437963679,WRONG,WRONG,false,false,-2.551997795277698,0.10371297419996361,false,false,true,0.6803181257614146,1.2685313192252028,1.208,fmnist__cnn1__contrast__1.2__model_seed42_itr19_sgd_itr1_w163.bin
fmnist,cnn1,model_seed42_itr19_sgd_itr1,contrast,1.2,1,327,-0.08251320850104094,4.868803080637008,-0.08251320850104094,4.868803080637008,true,true,-4.868803080637008,-0.7988067817285063,0.14872018061578274,0.10220749923414824,WRONG,WRONG,false,false,-2.551997795277698,0.10371297420000844,false,false,true,0.8558127853151178,1.6546195670436241,1.603,fmnist__cnn1__contrast__1.2__model_seed42_itr19_sgd_itr1_w164.bin
fmnist,cnn1,model_seed42_itr19_sgd_itr1,contrast,1.2,1,328,-0.08251320850104094,4.868803080637008,-0.082513182476806,4.8688030607745265,false,false,NaN,NaN,NaN,NaN,n/a,n/a,false,false,NaN,NaN,n/a,n/a,false,NaN,NaN,0.0,
fmnist,cnn1,model_seed42_itr19_sgd_itr1,contrast,1.2,1,329,-0.08251320850104094,4.868803080637008,-0.08251318243415673,4.868803080637008,false,true,-4.868803080637008,-1.1445613082891501,0.14818943942941526,0.042645713466566953,n/a,WRONG,false,false,NaN,0.10371297401248765,n/a,false,true,0.1487201806157827,0.10607446714927833,1.648,fmnist__cnn1__contrast__1.2__model_seed42_itr19_sgd_itr1_w165.bin
fmnist,cnn1,model_seed42_itr19_sgd_itr1,contrast,1.2,1,330,-0.08251320850104094,4.868803080637008,-0.08251320850104094,4.8688030607967505,true,false,-4.8688030607967505,-0.6620889187672405,0.14872018061578215,0.049704330414531955,WRONG,n/a,false,false,-2.55199778445574,NaN,false,n/a,true,0.7418812333390896,1.4039701521063301,2.133,fmnist__cnn1__contrast__1.2__model_seed42_itr19_sgd_itr1_w166.bin
fmnist,cnn1,model_seed42_itr19_sgd_itr1,contrast,1.2,1,331,-0.08251320850104094,4.868803080637008,-0.08251320850104094,4.868803060816006,true,false,-4.868803060816006,-0.19249412832772433,0.1481894394294152,0.10287349636174425,WRONG,n/a,false,false,-2.551997784466243,NaN,false,n/a,true,0.3505522295676644,0.5430463578953888,2.881,fmnist__cnn1__contrast__1.2__model_seed42_itr19_sgd_itr1_w167.bin
fmnist,cnn1,model_seed42_itr19_sgd_itr1,contrast,1.2,1,332,-0.08251320850104094,4.868803080637008,-0.08251318229353521,4.868803080637008,false,true,-4.868803080637008,-0.18823307846132092,0.14818943942943857,0.016004342701563125,n/a,WRONG,false,false,NaN,0.10371297412466236,n/a,false,true,0.052278191697193714,0.036273848995630534,1.803,fmnist__cnn1__contrast__1.2__model_seed42_itr19_sgd_itr1_w168.bin
fmnist,cnn1,model_seed42_itr19_sgd_itr1,contrast,1.2,1,333,-0.08251320850104094,4.868803080637008,-0.08251320850104094,4.868803080637008,true,true,-4.868803080637008,-0.26832094679097984,0.1475279810245255,0.1037129742005642,WRONG,WRONG,false,false,-2.5519977952776984,0.10371297415545697,false,false,true,0.4137412489030702,0.6820621956940506,4.012,fmnist__cnn1__contrast__1.2__model_seed42_itr19_sgd_itr1_w169.bin
fmnist,cnn1,model_seed42_itr19_sgd_itr1,contrast,1.2,1,334,-0.08251320850104094,4.868803080637008,-0.08251320850104094,4.868803080637008,true,true,-4.868803080637008,-0.7713241499796,0.14752798102451029,0.1037129742077659,WRONG,WRONG,false,false,-2.551997795277698,0.10371297597885129,false,false,true,0.832910595370073,1.6042347453496733,4.156,fmnist__cnn1__contrast__1.2__model_seed42_itr19_sgd_itr1_w170.bin
fmnist,cnn1,model_seed42_itr19_sgd_itr1,contrast,1.2,1,335,-0.08251320850104094,4.868803080637008,-0.0825131829729967,4.868803080637008,false,true,-4.868803080637008,-0.11342210271820863,0.14818249972207614,0.10287349636174412,n/a,WRONG,false,false,NaN,0.1036963312294392,n/a,false,true,0.10287349636174412,2.42861286636753e-17,2.198,fmnist__cnn1__contrast__1.2__model_seed42_itr19_sgd_itr1_w171.bin
fmnist,cnn1,model_seed42_itr19_sgd_itr1,contrast,1.2,1,336,-0.08251320850104094,4.868803080637008,-0.08251318240373995,4.868803080637008,false,true,-4.868803080637008,-0.6812716588100816,0.14752798102450657,0.10287349636174431,n/a,WRONG,false,false,NaN,0.10371345148442287,n/a,false,true,0.10287349636174391,0.0,1.816,fmnist__cnn1__contrast__1.2__model_seed42_itr19_sgd_itr1_w172.bin
fmnist,cnn1,model_seed42_itr19_sgd_itr1,contrast,1.2,1,337,-0.08251320850104094,4.868803080637008,-0.08251320850104094,4.868803080637008,true,true,-4.868803080637008,-0.5223370890915093,0.14752798102450676,0.1037129743225243,WRONG,WRONG,false,false,-2.551997795277698,0.10371297608922259,false,false,true,0.6254257798809645,1.147762868972443,6.063,fmnist__cnn1__contrast__1.2__model_seed42_itr19_sgd_itr1_w173.bin
fmnist,cnn1,model_seed42_itr19_sgd_itr1,contrast,1.2,1,338,-0.08251320850104094,4.868803080637008,-0.08251318253881151,4.868803080637008,false,true,-4.868803080637008,-0.1134221027181907,0.14818856144770948,0.10287209413638798,n/a,WRONG,false,false,NaN,0.10371322175077932,n/a,false,true,0.10287209413638801,6.938893903907228e-18,1.665,fmnist__cnn1__contrast__1.2__model_seed42_itr19_sgd_itr1_w174.bin
fmnist,cnn1,model_seed42_itr19_sgd_itr1,contrast,1.2,1,339,-0.08251320850104094,4.868803080637008,-0.08251318272968944,4.868803080637008,false,true,-4.868803080637008,-0.10680304645978334,0.14818943942942958,0.10287349636174431,n/a,WRONG,false,false,NaN,0.10371269559006045,n/a,false,true,0.10287349636174405,0.0,1.388,fmnist__cnn1__contrast__1.2__model_seed42_itr19_sgd_itr1_w175.bin
fmnist,cnn1,model_seed42_itr19_sgd_itr1,contrast,1.2,1,340,-0.08251320850104094,4.868803080637008,-0.08251320850104094,4.868803080637008,true,true,-4.868803080637008,-0.666886277359294,0.14818337957969102,0.1036096639129431,WRONG,WRONG,false,false,-2.5519977952776984,0.10371297431392659,false,false,true,0.7458804797183245,1.4127667570776183,4.036,fmnist__cnn1__contrast__1.2__model_seed42_itr19_sgd_itr1_w176.bin
fmnist,cnn1,model_seed42_itr19_sgd_itr1,contrast,1.2,1,341,-0.08251320850104094,4.868803080637008,-0.082513182475282,4.868803080637008,false,true,-4.868803080637008,-0.28600971754272775,0.14872018061578274,0.049704330414533496,n/a,WRONG,false,false,NaN,0.10371297597885133,n/a,false,true,0.1487201806157827,0.09901585020124914,1.522,fmnist__cnn1__contrast__1.2__model_seed42_itr19_sgd_itr1_w177.bin
fmnist,cnn1,model_seed42_itr19_sgd_itr1,contrast,1.2,1,342,-0.08251320850104094,4.868803080637008,-0.08251320850104094,4.868803080637008,true,true,-4.868803080637008,-0.0687789592533048,0.1481824997220905,0.10287210700392141,WRONG,WRONG,false,false,-2.551997795277698,0.10371297423624641,false,false,true,0.24745625533898125,0.3162352145922859,1.552,fmnist__cnn1__contrast__1.2__model_seed42_itr19_sgd_itr1_w178.bin
fmnist,cnn1,model_seed42_itr19_sgd_itr1,contrast,1.2,1,343,-0.08251320850104094,4.868803080637008,-0.08251318242730943,4.868803080637008,false,true,-4.868803080637008,-0.4609245119236619,0.14818856144770098,0.10287209413638801,n/a,WRONG,false,false,NaN,0.1037132224296528,n/a,false,true,0.10287209413638802,1.734723475976807e-17,2.292,fmnist__cnn1__contrast__1.2__model_seed42_itr19_sgd_itr1_w179.bin
fmnist,cnn1,model_seed42_itr19_sgd_itr1,contrast,1.2,1,344,-0.08251320850104094,4.868803080637008,-0.08251320850104094,4.868803080637008,true,true,-4.868803080637008,-0.1067977247962596,0.14752798102450992,0.09557086551418296,WRONG,WRONG,false,false,-2.551997795277698,0.10371297434278234,false,false,true,0.27913858613459064,0.38593631093085023,1.887,fmnist__cnn1__contrast__1.2__model_seed42_itr19_sgd_itr1_w180.bin
fmnist,cnn1,model_seed42_itr19_sgd_itr1,contrast,1.2,1,345,-0.08251320850104094,4.868803080637008,-0.08251318321873519,4.868803080637008,false,true,-4.868803080637008,-0.3232070088872285,0.14872018061578246,0.10201264146584128,n/a,WRONG,false,false,NaN,0.10371297597885133,n/a,false,true,0.10201264146584099,0.0,1.339,fmnist__cnn1__contrast__1.2__model_seed42_itr19_sgd_itr1_w181.bin
fmnist,cnn1,model_seed42_itr19_sgd_itr1,contrast,1.2,1,346,-0.08251320850104094,4.868803080637008,-0.08251320850104094,4.868803080637008,true,true,-4.868803080637008,-0.1608311934952394,0.1650264170020817,0.10137726781101894,WRONG,WRONG,false,false,-2.5519977952776984,0.10371297419605467,false,false,true,0.32416645054059356,0.4849976440358329,1.208,fmnist__cnn1__contrast__1.2__model_seed42_itr19_sgd_itr1_w182.bin
fmnist,cnn1,model_seed42_itr19_sgd_itr1,contrast,1.2,1,347,-0.08251320850104094,4.868803080637008,-0.08251320850104094,4.868803080637008,true,true,-4.868803080637008,-0.6992631523821119,0.14752798102450818,0.03215452184267992,WRONG,WRONG,false,false,-2.551997795277698,0.10371297431947969,false,false,true,0.7728597594977134,1.4721229118798251,2.084,fmnist__cnn1__contrast__1.2__model_seed42_itr19_sgd_itr1_w183.bin
fmnist,cnn1,model_seed42_itr19_sgd_itr1,contrast,1.2,1,348,-0.08251320850104094,4.868803080637008,-0.08251320850104094,4.868803080637008,true,true,-4.868803080637008,-0.7674474756888002,0.1481824997220869,0.10371297418471287,WRONG,WRONG,false,false,-2.551997795277698,0.10371297597885133,false,false,true,0.8296800271838598,1.59712750287266,2.84,fmnist__cnn1__contrast__1.2__model_seed42_itr19_sgd_itr1_w184.bin
fmnist,cnn1,model_seed42_itr19_sgd_itr1,contrast,1.2,1,349,-0.08251320850104094,4.868803080637008,-0.08251320850104094,4.868803080637008,true,true,-4.868803080637008,-0.1949495096425663,0.148189439429419,0.052017833854678786,WRONG,WRONG,false,false,-2.551997795277698,0.10371297430312765,false,false,true,0.3525983806633962,0.5475478903059987,1.325,fmnist__cnn1__contrast__1.2__model_seed42_itr19_sgd_itr1_w185.bin
fmnist,cnn1,model_seed42_itr19_sgd_itr1,contrast,1.2,1,350,-0.08251320850104094,4.868803080637008,-0.08251318292574067,4.868803080637008,false,true,-4.868803080637008,-1.147991952833893,0.1487201806157828,0.009047598084228697,n/a,WRONG,false,false,NaN,0.10371297408460185,n/a,false,true,0.11220396201696038,0.10315636393273352,1.708,fmnist__cnn1__contrast__1.2__model_seed42_itr19_sgd_itr1_w186.bin
fmnist,cnn1,model_seed42_itr19_sgd_itr1,contrast,1.2,1,351,-0.08251320850104094,4.868803080637008,-0.08251320850104094,4.868803080637008,true,true,-4.868803080637008,-0.33724268946809743,0.14818249972208955,0.10287210700392144,WRONG,WRONG,false,false,-2.551997795277698,0.10371297433607263,false,false,true,0.47117603613839554,0.8084187256064932,1.658,fmnist__cnn1__contrast__1.2__model_seed42_itr19_sgd_itr1_w187.bin
fmnist,cnn1,model_seed42_itr19_sgd_itr1,contrast,1.2,1,352,-0.08251320850104094,4.868803080637008,-0.08251320850104094,4.868803080637008,true,true,-4.868803080637008,-0.19760531979178664,0.14818249972208908,0.10287210700392097,WRONG,WRONG,false,false,-2.5519977952776984,0.10371297414768471,false,false,true,0.35481155784755675,0.552416877639344,2.383,fmnist__cnn1__contrast__1.2__model_seed42_itr19_sgd_itr1_w188.bin
fmnist,cnn1,model_seed42_itr19_sgd_itr1,contrast,1.2,1,353,-0.08251320850104094,4.868803080637008,-0.08251320850104094,4.868803080637008,true,true,-4.868803080637008,-0.8099203089271548,0.14849690727876041,0.009481836277181396,WRONG,WRONG,false,false,-2.551997795277698,0.10371297432604534,false,false,true,0.8650740588714104,1.674994367798565,1.783,fmnist__cnn1__contrast__1.2__model_seed42_itr19_sgd_itr1_w189.bin
fmnist,cnn1,model_seed42_itr19_sgd_itr1,contrast,1.2,1,354,-0.08251320850104094,4.868803080637008,-0.08251320850104094,4.8688030608138,true,false,-4.8688030608138,-0.4521393038824706,0.14818337957969216,0.10287209413638843,WRONG,n/a,false,false,-2.5519977844650397,NaN,false,n/a,true,0.5669232145509789,1.0190625184334494,2.312,fmnist__cnn1__contrast__1.2__model_seed42_itr19_sgd_itr1_w190.bin
fmnist,cnn1,model_seed42_itr19_sgd_itr1,contrast,1.2,1,355,-0.08251320850104094,4.868803080637008,-0.08251320850104094,4.868803080637008,true,true,-4.868803080637008,-0.1567757180287671,0.1487201806157828,0.04970433041453459,WRONG,WRONG,false,false,-2.5519977952776984,0.1037129743177319,false,false,true,0.3207868876518666,0.47756260568063363,1.367,fmnist__cnn1__contrast__1.2__model_seed42_itr19_sgd_itr1_w191.bin
fmnist,cnn1,model_seed42_itr19_sgd_itr1,contrast,1.2,1,356,-0.08251320850104094,4.868803080637008,-0.08251318241827016,4.868803080637008,false,true,-4.868803080637008,-0.702040359410527,0.1481824997220877,0.10287304433424452,n/a,WRONG,false,false,NaN,0.10371297433560904,n/a,false,true,0.10287304433424359,0.0,2.335,fmnist__cnn1__contrast__1.2__model_seed42_itr19_sgd_itr1_w192.bin
fmnist,cnn1,model_seed42_itr19_sgd_itr1,contrast,1.2,1,357,-0.08251320850104094,4.868803080637008,-0.08251320850104094,4.868803080637008,true,true,-4.868803080637008,-0.42874102189796426,0.14818943942941526,0.10287349636174431,WRONG,WRONG,false,false,-2.551997795277698,0.103712974318482,false,false,true,0.5474246459282589,0.9761656678255901,1.728,fmnist__cnn1__contrast__1.2__model_seed42_itr19_sgd_itr1_w193.bin
fmnist,cnn1,model_seed42_itr19_sgd_itr1,contrast,1.2,1,358,-0.08251320850104094,4.868803080637008,-0.08251320850104094,4.868803080637008,true,true,-4.868803080637008,-0.24421192334047648,0.14818249972207986,0.10371297536336638,WRONG,WRONG,false,false,-2.5519977952776984,0.1037129743402996,false,false,true,0.39365039473493574,0.637862318075412,2.141,fmnist__cnn1__contrast__1.2__model_seed42_itr19_sgd_itr1_w194.bin
fmnist,cnn1,model_seed42_itr19_sgd_itr1,contrast,1.2,1,359,-0.08251320850104094,4.868803080637008,-0.08251320850104094,4.868803080637008,true,true,-4.868803080637008,-0.6015987856717955,0.14818337957969024,0.10371297416939997,WRONG,WRONG,false,false,-2.551997795277698,0.10371297597889131,false,false,true,0.6914727838918285,1.2930715695636241,3.618,fmnist__cnn1__contrast__1.2__model_seed42_itr19_sgd_itr1_w195.bin
fmnist,cnn1,model_seed42_itr19_sgd_itr1,contrast,1.2,1,360,-0.08251320850104094,4.868803080637008,-0.08251320850104094,4.868803080637008,true,true,-4.868803080637008,-0.11342210271818143,0.14818249972208467,0.1037129759788519,WRONG,WRONG,false,false,-2.551997795277698,0.10371297597885122,false,false,true,0.28465887489305297,0.3980809776112437,1.873,fmnist__cnn1__contrast__1.2__model_seed42_itr19_sgd_itr1_w196.bin
fmnist,cnn1,model_seed42_itr19_sgd_itr1,contrast,1.2,1,361,-0.08251320850104094,4.868803080637008,-0.08251320850104094,4.868803080637008,true,true,-4.868803080637008,-0.1710635523757431,0.14818249972208944,0.04185882106379252,WRONG,WRONG,false,false,-2.5519977952776984,0.10371488317675454,false,false,true,0.3326934162743466,0.5037569686500897,3.113,fmnist__cnn1__contrast__1.2__model_seed42_itr19_sgd_itr1_w197.bin
fmnist,cnn1,model_seed42_itr19_sgd_itr1,contrast,1.2,1,362,-0.08251320850104094,4.868803080637008,-0.08251320850104094,4.868803060761306,true,false,-4.868803060761306,-0.11262054259467374,0.14849690727875967,0.039882714048341705,WRONG,n/a,false,false,-2.5519977844364066,NaN,false,n/a,true,0.2839909971462406,0.3966115397409143,1.303,fmnist__cnn1__contrast__1.2__model_seed42_itr19_sgd_itr1_w198.bin
fmnist,cnn1,model_seed42_itr19_sgd_itr1,contrast,1.2,1,363,-0.08251320850104094,4.868803080637008,-0.08251318251661721,4.868803080637008,false,true,-4.868803080637008,-0.06497469908473164,0.1487201806157828,0.04970433041453362,n/a,WRONG,false,false,NaN,0.10371297597885133,n/a,false,true,0.1487201806157827,0.09901585020124914,1.26,fmnist__cnn1__contrast__1.2__model_seed42_itr19_sgd_itr1_w199.bin
fmnist,cnn1,model_seed42_itr19_sgd_itr1,contrast,1.2,1,364,-0.08251320850104094,4.868803080637008,-0.08251320850104094,4.868803080637008,true,true,-4.868803080637008,-0.18220636935569867,0.14752798102450906,0.1037129759788519,WRONG,WRONG,false,false,-2.5519977952776984,0.10371297418054434,false,false,true,0.3419790970909763,0.524185466446675,2.157,fmnist__cnn1__contrast__1.2__model_seed42_itr19_sgd_itr1_w200.bin
fmnist,cnn1,model_seed42_itr19_sgd_itr1,contrast,1.2,1,365,-0.08251320850104094,4.868803080637008,-0.08251318274352287,4.868803080637008,false,true,-4.868803080637008,-0.32023269407832355,0.1487201806157828,0.0497043304145402,n/a,WRONG,false,false,NaN,0.10371297597885133,n/a,false,true,0.14872018061577727,0.09901585020124914,1.677,fmnist__cnn1__contrast__1.2__model_seed42_itr19_sgd_itr1_w201.bin
fmnist,cnn1,model_seed42_itr19_sgd_itr1,contrast,1.2,1,366,-0.08251320850104094,4.868803080637008,-0.08251318249379203,4.868803080637008,false,true,-4.868803080637008,-0.17816746456600707,0.1475279810244826,0.10371297420598181,n/a,WRONG,false,false,NaN,0.10371297420598181,n/a,false,true,0.10371297600992294,1.8039381100010132e-9,7.152,fmnist__cnn1__contrast__1.2__model_seed42_itr19_sgd_itr1_w202.bin
fmnist,cnn1,model_seed42_itr19_sgd_itr1,contrast,1.2,1,367,-0.08251320850104094,4.868803080637008,-0.08251320850104094,4.868803080637008,true,true,-4.868803080637008,-0.6199295595979354,0.1481824997220912,0.10287210700392144,WRONG,WRONG,false,false,-2.5519977952776984,0.10371297434713043,false,false,true,0.7067484309357317,1.326677990533667,1.916,fmnist__cnn1__contrast__1.2__model_seed42_itr19_sgd_itr1_w203.bin
fmnist,cnn1,model_seed42_itr19_sgd_itr1,contrast,1.2,1,368,-0.08251320850104094,4.868803080637008,-0.08251320850104094,4.868803080637008,true,true,-4.868803080637008,-0.23038263199509612,0.14818337957969094,0.1028734963617441,WRONG,WRONG,false,false,-2.5519977733431185,0.10371313980196155,false,false,true,0.38212598510476,0.6125086170998566,2.554,fmnist__cnn1__contrast__1.2__model_seed42_itr19_sgd_itr1_w204.bin
fmnist,cnn1,model_seed42_itr19_sgd_itr1,contrast,1.2,1,369,-0.08251320850104094,4.868803080637008,-0.08251320850104094,4.868803080637008,true,true,-4.868803080637008,-0.10694477601653546,0.14872018061578218,0.04970433041456135,WRONG,WRONG,false,false,-2.5519977952776984,0.10371297597885133,false,false,true,0.2792611200924292,0.38620589610896466,1.235,fmnist__cnn1__contrast__1.2__model_seed42_itr19_sgd_itr1_w205.bin
fmnist,cnn1,model_seed42_itr19_sgd_itr1,contrast,1.2,1,370,-0.08251320850104094,4.868803080637008,-0.08251320850104094,4.868803080637008,true,true,-2.5519977952776975,-2.5519977952776975,0.1487201806157828,0.0036682615278164077,WRONG,WRONG,false,false,-2.5519977952776984,0.10371297391783532,false,false,true,2.316805285359309,4.868803080637008,3.125,fmnist__cnn1__contrast__1.2__model_seed42_itr19_sgd_itr1_w206.bin
fmnist,cnn1,model_seed42_itr19_sgd_itr1,contrast,1.2,1,371,-0.08251320850104094,4.868803080637008,-0.08251318287645865,4.868803080637008,false,true,-4.868803080637008,-0.3784873925233436,0.1481885614477017,0.10371297474988186,n/a,WRONG,false,false,NaN,0.10371297474988186,n/a,false,true,0.10371297474988189,0.0,2.352,fmnist__cnn1__contrast__1.2__model_seed42_itr19_sgd_itr1_w207.bin
fmnist,cnn1,model_seed42_itr19_sgd_itr1,contrast,1.2,1,372,-0.08251320850104094,4.868803080637008,-0.08251318257509127,4.868803080637008,false,true,-4.868803080637008,-0.06703334271255676,0.1481824997220917,0.10371297474988186,n/a,WRONG,false,false,NaN,0.10371297474988186,n/a,false,true,0.10371297474988188,0.0,1.48,fmnist__cnn1__contrast__1.2__model_seed42_itr19_sgd_itr1_w208.bin
fmnist,cnn1,model_seed42_itr19_sgd_itr1,contrast,1.2,1,373,-0.08251320850104094,4.868803080637008,-0.08251320850104094,4.868803080637008,true,true,-4.868803080637008,-0.15501652784097936,0.14818856144770262,0.10287209413638784,WRONG,WRONG,false,false,-2.5519977952776984,0.10371297420921576,false,false,true,0.31932089919636386,0.47433742703734305,1.578,fmnist__cnn1__contrast__1.2__model_seed42_itr19_sgd_itr1_w209.bin
fmnist,cnn1,model_seed42_itr19_sgd_itr1,contrast,1.2,1,374,-0.08251320850104094,4.868803080637008,-0.08251320850104094,4.868803080637008,true,true,-4.868803080637008,-0.5519925593566399,0.14818943942943713,0.10287349636174381,WRONG,WRONG,false,false,-2.551997773031757,0.10371297425077441,false,false,true,0.6501342633471094,1.2021268227037498,1.796,fmnist__cnn1__contrast__1.2__model_seed42_itr19_sgd_itr1_w210.bin
fmnist,cnn1,model_seed42_itr19_sgd_itr1,contrast,1.2,1,375,-0.08251320850104094,4.868803080637008,-0.08251318253492357,4.868803080637008,false,true,-4.868803080637008,-0.31751019457159646,0.14752798102450818,0.10287210700392144,n/a,WRONG,false,false,NaN,0.10371316484349363,n/a,false,true,0.10287210700392145,0.0,2.554,fmnist__cnn1__contrast__1.2__model_seed42_itr19_sgd_itr1_w211.bin
fmnist,cnn1,model_seed42_itr19_sgd_itr1,contrast,1.2,1,376,-0.08251320850104094,4.868803080637008,-0.08251320850104094,4.868803080637008,true,true,-4.868803080637008,-0.6423137104434945,0.14818943942944052,0.049704330414533565,WRONG,WRONG,false,false,-2.5519977733361423,0.10371297433336968,false,false,true,0.7254024488813479,1.3677161593248424,1.339,fmnist__cnn1__contrast__1.2__model_seed42_itr19_sgd_itr1_w212.bin
fmnist,cnn1,model_seed42_itr19_sgd_itr1,contrast,1.2,1,377,-0.08251320850104094,4.868803080637008,-0.08251320850104094,4.868803080637008,true,true,-4.868803080637008,-0.566268741764228,0.1481824997220884,0.10360234770042734,WRONG,WRONG,false,false,-2.551997795277698,0.103712975978851,false,false,true,0.6620310801298556,1.2282998218940835,3.217,fmnist__cnn1__contrast__1.2__model_seed42_itr19_sgd_itr1_w213.bin
fmnist,cnn1,model_seed42_itr19_sgd_itr1,contrast,1.2,1,378,-0.08251320850104094,4.868803080637008,-0.08251320850104094,4.868803080637008,true,true,-4.868803080637008,-1.1771971653786868,0.14818249972208958,0.10287210700392141,WRONG,WRONG,false,false,-2.5519977952776984,0.1037129746158178,false,false,true,1.1711380937768012,2.3483352591554896,2.168,fmnist__cnn1__contrast__1.2__model_seed42_itr19_sgd_itr1_w214.bin
fmnist,cnn1,model_seed42_itr19_sgd_itr1,contrast,1.2,1,379,-0.08251320850104094,4.868803080637008,-0.08251320850104094,4.868803080637008,true,true,-4.868803080637008,-0.5378310430484139,0.14788878064388583,0.10371297512747059,WRONG,WRONG,false,false,-2.5519977952776984,0.10371297597885129,false,false,true,0.6383329999290114,1.1761640429774327,1.791,fmnist__cnn1__contrast__1.2__model_seed42_itr19_sgd_itr1_w215.bin
fmnist,cnn1,model_seed42_itr19_sgd_itr1,contrast,1.2,1,380,-0.08251320850104094,4.868803080637008,-0.0825131828500415,4.868803080637008,false,true,-4.868803080637008,-0.11342210271819109,0.1487201806157828,0.04970433041453361,n/a,WRONG,false,false,NaN,0.10371297597885133,n/a,false,true,0.14872018061578274,0.09901585020124912,1.148,fmnist__cnn1__contrast__1.2__model_seed42_itr19_sgd_itr1_w216.bin
fmnist,cnn1,model_seed42_itr19_sgd_itr1,contrast,1.2,1,381,-0.08251320850104094,4.868803080637008,-0.08251320850104094,4.868803080637008,true,true,-4.868803080637008,-0.1439729105072054,0.14872018061578274,0.10220749923414824,WRONG,WRONG,false,false,-2.551997795277698,0.10371297396579142,false,false,true,0.31011788138389856,0.454090791891104,1.684,fmnist__cnn1__contrast__1.2__model_seed42_itr19_sgd_itr1_w217.bin
fmnist,cnn1,model_seed42_itr19_sgd_itr1,contrast,1.2,1,382,-0.08251320850104094,4.868803080637008,-0.08251320850104094,4.868803080637008,true,true,-4.868803080637008,-0.2644791643138141,0.14849690727876014,0.04970433041453359,WRONG,WRONG,false,false,-2.5519977952776984,0.10371458972248108,false,false,true,0.41053976531076575,0.6750189296245792,1.255,fmnist__cnn1__contrast__1.2__model_seed42_itr19_sgd_itr1_w218.bin
fmnist,cnn1,model_seed42_itr19_sgd_itr1,contrast,1.2,1,383,-0.08251320850104094,4.868803080637008,-0.08251318252484174,4.868803080637008,false,true,-4.868803080637008,-0.11261964858172924,0.1487201806157828,0.049704330414526196,n/a,WRONG,false,false,NaN,0.10371297597885133,n/a,false,true,0.14872018061578274,0.09901585020124914,1.226,fmnist__cnn1__contrast__1.2__model_seed42_itr19_sgd_itr1_w219.bin
fmnist,cnn1,model_seed42_itr19_sgd_itr1,contrast,1.2,1,384,-0.08251320850104094,4.868803080637008,-0.08251320850104094,4.868803080637008,true,true,-4.868803080637008,-0.0932128541661259,0.14788878060046326,0.10371297597885133,WRONG,WRONG,false,false,-2.5519977952776984,0.10371297429712005,false,false,true,0.26781783443299906,0.36103068859912496,2.375,fmnist__cnn1__contrast__1.2__model_seed42_itr19_sgd_itr1_w220.bin
fmnist,cnn1,model_seed42_itr19_sgd_itr1,contrast,1.2,1,385,-0.08251320850104094,4.868803080637008,-0.08251320850104094,4.868803080637008,true,true,-4.868803080637008,-0.7164105911882864,0.14818249972208372,0.10287210700392144,WRONG,WRONG,false,false,-2.5519977952776984,0.10371297597885133,false,false,true,0.7871492904572557,1.5035598816455424,2.722,fmnist__cnn1__contrast__1.2__model_seed42_itr19_sgd_itr1_w221.bin
fmnist,cnn1,model_seed42_itr19_sgd_itr1,contrast,1.2,1,386,-0.08251320850104094,4.868803080637008,-0.08251320850104094,4.868803060721699,true,false,-4.868803060721699,-0.1149618184747837,0.1475279810245098,0.03444501236895003,WRONG,n/a,false,false,-2.551997784414803,NaN,false,n/a,true,0.28594197135688054,0.4009037898316643,1.724,fmnist__cnn1__contrast__1.2__model_seed42_itr19_sgd_itr1_w222.bin
fmnist,cnn1,model_seed42_itr19_sgd_itr1,contrast,1.2,1,387,-0.08251320850104094,4.868803080637008,-0.0825131826152527,4.868803080637008,false,true,-4.868803080637008,-0.03517890270982388,0.14818856144770137,0.10287209413638784,n/a,WRONG,false,false,NaN,0.10371297367182127,n/a,false,true,0.10287209413638809,2.498001805406602e-16,1.722,fmnist__cnn1__contrast__1.2__model_seed42_itr19_sgd_itr1_w223.bin
fmnist,cnn1,model_seed42_itr19_sgd_itr1,contrast,1.2,1,388,-0.08251320850104094,4.868803080637008,-0.08251320850104094,4.868803080637008,true,true,-4.868803080637008,-0.2708539299148427,0.1487201806157828,0.04257083769315734,WRONG,WRONG,false,true,-2.551997795277698,-0.0,false,true,true,0.4158520642237384,0.6867059941385808,1.375,fmnist__cnn1__contrast__1.2__model_seed42_itr19_sgd_itr1_w224.bin
fmnist,cnn1,model_seed42_itr19_sgd_itr1,contrast,1.2,1,389,-0.08251320850104094,4.868803080637008,-0.08251320850104094,4.868803080637008,true,true,-2.5519977952776984,-2.5519977952776984,0.1487201806157828,0.10371297597885133,WRONG,WRONG,false,false,-2.5519977730900494,0.10371297436513917,false,false,true,2.316805285359309,4.868803080637008,4.722,fmnist__cnn1__contrast__1.2__model_seed42_itr19_sgd_itr1_w225.bin
fmnist,cnn1,model_seed42_itr19_sgd_itr1,contrast,1.2,1,390,-0.08251320850104094,4.868803080637008,-0.08251318255950901,4.868803080637008,false,true,-4.868803080637008,-0.7224337396694583,0.14872018061578274,0.02984600448164622,n/a,WRONG,false,false,NaN,0.1036096788349079,n/a,false,true,0.1487201806157827,0.11887417613413648,1.356,fmnist__cnn1__contrast__1.2__model_seed42_itr19_sgd_itr1_w226.bin
fmnist,cnn1,model_seed42_itr19_sgd_itr1,contrast,1.2,1,391,-0.08251320850104094,4.868803080637008,-0.08251320850104094,4.868803080637008,true,true,-4.868803080637008,-0.2634372126886047,0.1481894394294291,0.10287349636174478,WRONG,WRONG,false,false,-2.551997795277698,0.10371297597885133,false,false,true,0.4101529784169037,0.6735901911055091,2.072,fmnist__cnn1__contrast__1.2__model_seed42_itr19_sgd_itr1_w227.bin
fmnist,cnn1,model_seed42_itr19_sgd_itr1,contrast,1.2,1,392,-0.08251320850104094,4.868803080637008,-0.08251320850104094,4.868803080637008,true,true,-4.868803080637008,-0.06738671232688662,0.14818943942942014,0.08708414158563474,WRONG,WRONG,false,false,-2.5519977952776984,0.10371297420595198,false,false,true,0.24629604956696624,0.31368276189385286,1.608,fmnist__cnn1__contrast__1.2__model_seed42_itr19_sgd_itr1_w228.bin
fmnist,cnn1,model_seed42_itr19_sgd_itr1,contrast,1.2,1,393,-0.08251320850104094,4.868803080637008,-0.08251318276677005,4.868803080637008,false,true,-4.868803080637008,-0.4127457149221998,0.14752798102450754,0.10371297418318211,n/a,WRONG,false,false,NaN,0.10371297418318211,n/a,false,true,0.1037129759892886,1.806103466436837e-9,3.143,fmnist__cnn1__contrast__1.2__model_seed42_itr19_sgd_itr1_w229.bin
fmnist,cnn1,model_seed42_itr19_sgd_itr1,contrast,1.2,1,394,-0.08251320850104094,4.868803080637008,-0.08251320850104094,4.868803080637008,true,true,-4.868803080637008,-0.7082578932184382,0.14872018061578274,0.10201264146584157,WRONG,WRONG,false,false,-2.5519977952776984,0.08425230561186692,false,false,true,0.7803553771216458,1.488613270340084,2.008,fmnist__cnn1__contrast__1.2__model_seed42_itr19_sgd_itr1_w230.bin
fmnist,cnn1,model_seed42_itr19_sgd_itr1,contrast,1.2,1,395,-0.08251320850104094,4.868803080637008,-0.08251320850104094,4.868803080637008,true,true,-4.868803080637008,-0.09806615893666165,0.14818856144770182,0.09306584630154158,WRONG,WRONG,false,false,-2.5519977952776984,0.10371297433336767,false,false,true,0.27204150090090995,0.3701076598375716,1.554,fmnist__cnn1__contrast__1.2__model_seed42_itr19_sgd_itr1_w231.bin
fmnist,cnn1,model_seed42_itr19_sgd_itr1,contrast,1.2,1,396,-0.08251320850104094,4.868803080637008,-0.08251320850104094,4.868803080637008,true,true,-4.868803080637008,-1.1017147993450405,0.14752798102450998,0.10371297531189536,WRONG,WRONG,false,false,-2.5519977952776984,0.10287304444453138,false,false,true,1.1082361350699161,2.2099509344149566,2.837,fmnist__cnn1__contrast__1.2__model_seed42_itr19_sgd_itr1_w232.bin
fmnist,cnn1,model_seed42_itr19_sgd_itr1,contrast,1.2,1,397,-0.08251320850104094,4.868803080637008,-0.08251320850104094,4.868803080637008,true,true,-4.868803080637008,-0.016048866381639132,0.1487201806157828,0.0003718370461585352,WRONG,WRONG,false,false,-2.551997795277698,0.1037129759788513,false,false,true,0.2037547417805764,0.21980360816221559,1.306,fmnist__cnn1__contrast__1.2__model_seed42_itr19_sgd_itr1_w233.bin
fmnist,cnn1,model_seed42_itr19_sgd_itr1,contrast,1.2,1,398,-0.08251320850104094,4.868803080637008,-0.08251318320179507,4.868803080637008,false,true,-4.868803080637008,-0.1185567340374058,0.1487201806157828,0.04970433041453362,n/a,WRONG,false,false,NaN,0.1037129759788513,n/a,false,true,0.14872018061578274,0.09901585020124912,1.481,fmnist__cnn1__contrast__1.2__model_seed42_itr19_sgd_itr1_w234.bin
fmnist,cnn1,model_seed42_itr19_sgd_itr1,contrast,1.2,1,399,-0.08251320850104094,4.868803080637008,-0.08251318266294555,4.868803080637008,false,true,-4.868803080637008,-0.21755753447793136,0.1487201806157811,0.04970433041453362,n/a,WRONG,false,false,NaN,0.10371297597885133,n/a,false,true,0.14872018061578274,0.09901585020124912,2.526,fmnist__cnn1__contrast__1.2__model_seed42_itr19_sgd_itr1_w235.bin
fmnist,cnn1,model_seed42_itr19_sgd_itr1,contrast,1.2,1,400,-0.08251320850104094,4.868803080637008,-0.08251320850104094,4.868803080637008,true,true,-4.868803080637008,-0.1285290659203452,0.1475279810245095,0.10371297597885133,WRONG,WRONG,false,false,-2.5519977732546795,0.10371297597885133,false,false,true,0.29724801089484854,0.42577707681519394,3.29,fmnist__cnn1__contrast__1.2__model_seed42_itr19_sgd_itr1_w236.bin
fmnist,cnn1,model_seed42_itr19_sgd_itr1,contrast,1.2,1,401,-0.08251320850104094,4.868803080637008,-0.08251320850104094,4.868803080637008,true,true,-4.868803080637008,-0.5661595964823033,0.1481833795796912,0.1028734963617441,WRONG,WRONG,false,false,-2.5519977952776984,Inf,false,false,true,0.6619401196964803,1.2280997161787834,2.502,fmnist__cnn1__contrast__1.2__model_seed42_itr19_sgd_itr1_w237.bin
fmnist,cnn1,model_seed42_itr19_sgd_itr1,contrast,1.2,1,402,-0.08251320850104094,4.868803080637008,-0.0825131829869929,4.868803080637008,false,true,-4.868803080637008,-1.1699025017124687,0.14823985063757442,0.10287349636174407,n/a,WRONG,false,false,NaN,0.10371323652100278,n/a,false,true,0.10287349636174407,3.469446951953614e-17,1.207,fmnist__cnn1__contrast__1.2__model_seed42_itr19_sgd_itr1_w238.bin
fmnist,cnn1,model_seed42_itr19_sgd_itr1,contrast,1.2,1,403,-0.08251320850104094,4.868803080637008,-0.08251320850104094,4.868803080637008,true,true,-4.868803080637008,-0.6996747626301817,0.1481833795796931,0.049704330414533565,WRONG,WRONG,false,false,-2.551997795277698,0.10371297419547158,false,false,true,0.7732027592402855,1.4728775218704673,1.781,fmnist__cnn1__contrast__1.2__model_seed42_itr19_sgd_itr1_w239.bin
fmnist,cnn1,model_seed42_itr19_sgd_itr1,contrast,1.2,1,404,-0.08251320850104094,4.868803080637008,-0.08251320850104094,4.868803080637008,true,true,-4.868803080637008,-0.5829628648384753,0.1487201806157828,0.004808453458678058,WRONG,WRONG,false,false,-2.5519977952776984,0.1037129742318342,false,false,true,0.6759428515559717,1.258905716394447,1.293,fmnist__cnn1__contrast__1.2__model_seed42_itr19_sgd_itr1_w240.bin
fmnist,cnn1,model_seed42_itr19_sgd_itr1,contrast,1.2,1,405,-0.08251320850104094,4.868803080637008,-0.08251320850104094,4.8688030607680535,true,false,-4.8688030607680535,-0.6748935976246228,0.14872018061578268,0.022782126914793283,WRONG,n/a,false,false,-2.5519977949465837,NaN,false,n/a,true,0.7525517964176747,1.4274453940422975,1.684,fmnist__cnn1__contrast__1.2__model_seed42_itr19_sgd_itr1_w241.bin
fmnist,cnn1,model_seed42_itr19_sgd_itr1,contrast,1.2,1,406,-6.120588358491659,2.86924447119236,-6.120588358491659,2.86924447119236,true,true,-1.2272466610778459,-1.2272466610778459,1.1157031655271783,0.2371880667157073,WRONG,WRONG,false,true,-1.2272466610778463,-0.0,false,true,true,1.6419978101145138,2.86924447119236,5.038,fmnist__cnn1__contrast__1.2__model_seed42_itr19_sgd_itr1_w242.bin
fmnist,cnn1,model_seed42_itr19_sgd_itr1,contrast,1.2,1,407,-6.120588358491659,2.86924447119236,-6.120588358491659,2.86924447119236,true,true,-1.227246661077846,-1.227246661077846,0.5902679417374986,0.26830360988068624,WRONG,WRONG,false,false,-1.227246661077846,0.33779577559134966,false,false,true,1.6419978101145138,2.86924447119236,3.462,fmnist__cnn1__contrast__1.2__model_seed42_itr19_sgd_itr1_w243.bin
fmnist,cnn1,model_seed42_itr19_sgd_itr1,contrast,1.2,1,408,-6.120588358491659,2.86924447119236,-6.120588358491659,2.86924447119236,true,true,-1.227246661077846,-1.1624317769964172,1.1733476471938218,0.28778528664840464,WRONG,WRONG,false,false,-1.227246661077846,0.33779577580219156,false,false,true,1.5879854180217026,2.7504171950181195,2.908,fmnist__cnn1__contrast__1.2__model_seed42_itr19_sgd_itr1_w244.bin
fmnist,cnn1,model_seed42_itr19_sgd_itr1,contrast,1.2,1,409,-6.120588358491659,2.86924447119236,-6.120588358491659,2.86924447119236,true,true,-1.2272466610778452,-1.2272466610778452,1.1733476471938218,0.17150275289240915,WRONG,WRONG,false,false,-1.227246661077846,0.33779577775434994,false,false,true,1.6419978101145138,2.86924447119236,3.38,fmnist__cnn1__contrast__1.2__model_seed42_itr19_sgd_itr1_w245.bin
fmnist,cnn1,model_seed42_itr19_sgd_itr1,contrast,1.2,1,410,-6.120588358491659,2.86924447119236,-6.120588358491659,2.86924447119236,true,true,-2.86924447119236,-0.3381788694035357,1.1733476471938236,0.3377957777543501,WRONG,WRONG,false,true,-1.2272466610778463,-0.0,false,true,true,0.9011079837192703,1.2392868531228243,2.026,fmnist__cnn1__contrast__1.2__model_seed42_itr19_sgd_itr1_w246.bin
fmnist,cnn1,model_seed42_itr19_sgd_itr1,contrast,1.2,1,411,-6.120588358491659,2.86924447119236,-6.120588358491659,2.86924447119236,true,true,-1.227246661077846,-1.2272466339156949,0.5902679417375096,0.30221593509221256,WRONG,WRONG,false,false,-1.227246661077846,0.33779577775441005,false,false,true,1.6419977892829223,2.8692444231986185,6.223,fmnist__cnn1__contrast__1.2__model_seed42_itr19_sgd_itr1_w247.bin
fmnist,cnn1,model_seed42_itr19_sgd_itr1,contrast,1.2,1,412,-6.120588358491659,2.86924447119236,-6.120588358491659,2.86924447119236,true,true,-2.86924447119236,-0.32188790501208364,1.1733476471938207,0.3377957778881293,WRONG,WRONG,false,false,-1.227246661077846,0.33779577775435027,false,false,true,0.8875321800597008,1.2094200850717716,1.387,fmnist__cnn1__contrast__1.2__model_seed42_itr19_sgd_itr1_w248.bin
fmnist,cnn1,model_seed42_itr19_sgd_itr1,contrast,1.2,1,413,-6.120588358491659,2.86924447119236,-6.120588358491659,2.86924447119236,true,true,-1.2272466610778472,-1.1024141169607449,1.1157031655271812,0.30343601319646096,WRONG,WRONG,false,false,-1.2272466610778465,0.33779577775435005,false,false,true,1.7668303542316146,2.86924447119236,4.12,fmnist__cnn1__contrast__1.2__model_seed42_itr19_sgd_itr1_w249.bin
fmnist,cnn1,model_seed42_itr19_sgd_itr1,contrast,1.2,1,414,-6.120588358491659,2.86924447119236,-6.120588358491659,2.86924447119236,true,true,-1.227246661077846,-1.227246661077846,0.7332178870769392,0.3377957758171874,WRONG,WRONG,false,false,-1.227246661077846,0.24276119387376816,false,false,true,1.6419978101145138,2.86924447119236,5.335,fmnist__cnn1__contrast__1.2__model_seed42_itr19_sgd_itr1_w250.bin
fmnist,cnn1,model_seed42_itr19_sgd_itr1,contrast,1.2,1,415,-6.120588358491659,2.86924447119236,-6.120588358491659,2.86924447119236,true,true,-2.86924447119236,-0.011702909734517153,0.5902679417375088,0.3022159350922126,WRONG,WRONG,false,false,-1.227246503118965,0.33779577775435005,false,false,true,0.6374438797435852,0.6491467894781021,2.514,fmnist__cnn1__contrast__1.2__model_seed42_itr19_sgd_itr1_w251.bin
fmnist,cnn1,model_seed42_itr19_sgd_itr1,contrast,1.2,1,416,-6.120588358491659,2.86924447119236,-6.120588358491659,2.86924447119236,true,true,-2.86924447119236,-0.5157677910544651,1.1733476471938247,0.10781275759805861,WRONG,WRONG,false,false,-1.2272466610778463,0.3377957777543501,false,false,true,1.049098751761697,1.564866542816162,1.243,fmnist__cnn1__contrast__1.2__model_seed42_itr19_sgd_itr1_w252.bin
fmnist,cnn1,model_seed42_itr19_sgd_itr1,contrast,1.2,1,417,-6.120588358491659,2.86924447119236,-6.120588358491659,2.8692444466902005,true,false,-1.227246652753676,-1.227246652753676,0.5902679417374935,0.33779577546314843,WRONG,n/a,false,false,-1.2272466610778456,NaN,false,n/a,true,1.641997793936525,2.8692444466902005,4.211,fmnist__cnn1__contrast__1.2__model_seed42_itr19_sgd_itr1_w253.bin
fmnist,cnn1,model_seed42_itr19_sgd_itr1,contrast,1.2,1,418,-6.120588358491659,2.86924447119236,-6.120588358491659,2.8692444463365283,true,false,-1.2272466610778463,-0.8869226684064488,0.5902679417375093,0.3022159350922126,WRONG,n/a,false,false,-1.2272466557919564,NaN,false,n/a,true,1.9823217779300792,2.869244446336528,3.579,fmnist__cnn1__contrast__1.2__model_seed42_itr19_sgd_itr1_w254.bin
fmnist,cnn1,model_seed42_itr19_sgd_itr1,contrast,1.2,1,419,-6.120588358491659,2.86924447119236,-6.120588358491659,2.86924447119236,true,true,-1.2272466610778463,-1.2272466610778463,1.173347647193824,0.3377957777543497,WRONG,WRONG,false,false,-1.2272466610778465,0.33779577605745437,false,false,true,1.6419978101145138,2.86924447119236,2.43,fmnist__cnn1__contrast__1.2__model_seed42_itr19_sgd_itr1_w255.bin
fmnist,cnn1,model_seed42_itr19_sgd_itr1,contrast,1.2,1,420,-6.120588358491659,2.86924447119236,-6.120588358491659,2.86924447119236,true,true,-1.227246661077846,-1.0018685759879176,0.5902679417375118,0.3377957770820728,WRONG,WRONG,false,false,-1.227246661077846,0.33779577775434955,false,false,true,1.454182742861737,2.4560513188496547,3.752,fmnist__cnn1__contrast__1.2__model_seed42_itr19_sgd_itr1_w256.bin
fmnist,cnn1,model_seed42_itr19_sgd_itr1,contrast,1.2,1,421,-6.120588358491659,2.86924447119236,-6.120588358491659,2.86924447119236,true,true,-2.86924447119236,-0.4210376575686674,1.115703165527179,0.0644153123565163,WRONG,WRONG,false,false,-1.227246661077846,0.3377988231322669,false,false,true,0.9701569738568643,1.3911946314255315,1.658,fmnist__cnn1__contrast__1.2__model_seed42_itr19_sgd_itr1_w257.bin
fmnist,cnn1,model_seed42_itr19_sgd_itr1,contrast,1.2,1,422,-6.120588358491659,2.86924447119236,-6.120588358491659,2.86924447119236,true,true,-2.86924447119236,-0.2920145860158073,1.1733476471938218,0.06441531235616708,WRONG,WRONG,false,false,-1.2272466610778463,0.3377957757818483,false,false,true,0.8626377475628145,1.154652333578622,1.519,fmnist__cnn1__contrast__1.2__model_seed42_itr19_sgd_itr1_w258.bin
fmnist,cnn1,model_seed42_itr19_sgd_itr1,contrast,1.2,1,423,-6.120588358491659,2.86924447119236,-6.120588335534625,2.86924447119236,false,true,-1.227246661077846,-1.1697294801952303,1.1733476471938218,0.2489251869580657,n/a,WRONG,false,false,NaN,0.33779577788812976,n/a,false,true,0.4118546034179203,0.16292941645985437,3.142,fmnist__cnn1__contrast__1.2__model_seed42_itr19_sgd_itr1_w259.bin
fmnist,cnn1,model_seed42_itr19_sgd_itr1,contrast,1.2,1,424,-6.120588358491659,2.86924447119236,-6.120588358491659,2.86924447119236,true,true,-1.2272466610778472,-0.8869226829373693,0.5902679417375115,0.3377980375400131,WRONG,WRONG,false,false,-1.2272466610778467,0.33779577581594056,false,false,true,1.9823217882549908,2.86924447119236,8.837,fmnist__cnn1__contrast__1.2__model_seed42_itr19_sgd_itr1_w260.bin
fmnist,cnn1,model_seed42_itr19_sgd_itr1,contrast,1.2,1,425,-6.120588358491659,2.86924447119236,-6.120588358491659,2.86924447119236,true,true,-1.227246661077846,-1.0750952122565847,0.5902679417375118,0.33779577681693357,WRONG,WRONG,false,true,-1.227246661077845,-0.0,false,true,true,1.5152049415665374,2.5903001538231223,3.956,fmnist__cnn1__contrast__1.2__model_seed42_itr19_sgd_itr1_w261.bin
fmnist,cnn1,model_seed42_itr19_sgd_itr1,contrast,1.2,1,426,-6.120588358491659,2.86924447119236,-6.120588358491659,2.86924447119236,true,true,-1.2272466610778874,-1.2272466610778874,0.5902679417375079,0.24276119387376816,WRONG,WRONG,false,false,-1.227246661077892,0.3377957758029341,false,false,true,1.6419978101145138,2.86924447119236,6.567,fmnist__cnn1__contrast__1.2__model_seed42_itr19_sgd_itr1_w262.bin
fmnist,cnn1,model_seed42_itr19_sgd_itr1,contrast,1.2,1,427,-6.120588358491659,2.86924447119236,-6.120588358491659,2.86924447119236,true,true,-1.2272466610778463,-1.2272466610778463,0.5902679417375118,0.131604496289634,WRONG,WRONG,false,false,-1.2272466610778463,0.3377957757981371,false,false,true,1.6419978101145138,2.86924447119236,3.653,fmnist__cnn1__contrast__1.2__model_seed42_itr19_sgd_itr1_w263.bin
fmnist,cnn1,model_seed42_itr19_sgd_itr1,contrast,1.2,1,428,-6.120588358491659,2.86924447119236,-6.120588358491659,2.86924447119236,true,true,-1.227246661077846,-1.1697294802427043,1.1733476471938207,0.28778528664840947,WRONG,WRONG,false,false,-1.227246661077846,0.3377957758265722,false,false,true,1.5940668321586142,2.7637963124013183,2.886,fmnist__cnn1__contrast__1.2__model_seed42_itr19_sgd_itr1_w264.bin
fmnist,cnn1,model_seed42_itr19_sgd_itr1,contrast,1.2,1,429,-6.120588358491659,2.86924447119236,-6.120588358491659,2.86924447119236,true,true,-1.2272466610778472,-0.8260079772935591,0.5902679417375056,0.337798037540013,WRONG,WRONG,false,false,-1.227246661077846,Inf,false,false,true,2.043236493898801,2.86924447119236,10.844,fmnist__cnn1__contrast__1.2__model_seed42_itr19_sgd_itr1_w265.bin
fmnist,cnn1,model_seed42_itr19_sgd_itr1,contrast,1.2,1,430,-6.120588358491659,2.86924447119236,-6.120588358491659,2.86924447119236,true,true,-1.227246661077846,-1.227246661077846,0.5902679417375118,0.1316044962897439,WRONG,WRONG,false,false,-1.2272466610778465,0.24276119387376827,false,false,true,1.6419978101145138,2.86924447119236,4.158,fmnist__cnn1__contrast__1.2__model_seed42_itr19_sgd_itr1_w266.bin
fmnist,cnn1,model_seed42_itr19_sgd_itr1,contrast,1.2,1,431,-6.120588358491659,2.86924447119236,-6.120588358491659,2.86924447119236,true,true,-2.86924447119236,-0.1341225047438388,0.5902679417375087,0.3377957758176067,WRONG,WRONG,false,true,-1.2272466610778463,-0.0,false,true,true,0.8273209346061132,0.9614434393499519,9.144,fmnist__cnn1__contrast__1.2__model_seed42_itr19_sgd_itr1_w267.bin
fmnist,cnn1,model_seed42_itr19_sgd_itr1,contrast,1.2,1,432,-6.120588358491659,2.86924447119236,-6.120588358491659,2.86924447119236,true,true,-1.227246661077846,-1.2272466339768715,0.5902679417375144,0.33779577582698167,WRONG,WRONG,false,true,-1.227246661077846,-0.0,false,true,true,1.6419977893346431,2.869244423311514,6.425,fmnist__cnn1__contrast__1.2__model_seed42_itr19_sgd_itr1_w268.bin
fmnist,cnn1,model_seed42_itr19_sgd_itr1,contrast,1.2,1,433,-6.120588358491659,2.86924447119236,-6.120588358491659,2.86924447119236,true,true,-1.2272466610778463,-1.2272466610778463,1.1733476471938218,0.3377957777543501,WRONG,WRONG,false,false,-1.227246661077846,0.337795775773983,false,false,true,1.6419978101145138,2.86924447119236,5.864,fmnist__cnn1__contrast__1.2__model_seed42_itr19_sgd_itr1_w269.bin
fmnist,cnn1,model_seed42_itr19_sgd_itr1,contrast,1.2,1,434,-6.120588358491659,2.86924447119236,-6.120588358491659,2.86924447119236,true,true,-1.2272466610778472,-1.169729480163223,1.1157031655271787,0.3377957767747365,WRONG,WRONG,false,false,-1.227246661077846,0.3377957758058859,false,false,true,1.5940668322380953,2.7637963124013183,3.297,fmnist__cnn1__contrast__1.2__model_seed42_itr19_sgd_itr1_w270.bin
fmnist,cnn1,model_seed42_itr19_sgd_itr1,contrast,1.2,1,435,-6.120588358491659,2.86924447119236,-6.120588358491659,2.86924447119236,true,true,-2.86924447119236,-0.5118598838826793,0.5902679417375083,0.33779803754001286,WRONG,WRONG,false,false,-1.227246661077846,Inf,false,false,true,1.0458421650882415,1.5577020489709203,6.813,fmnist__cnn1__contrast__1.2__model_seed42_itr19_sgd_itr1_w271.bin
fmnist,cnn1,model_seed42_itr19_sgd_itr1,contrast,1.2,1,436,-6.120588358491659,2.86924447119236,-6.120588358491659,2.86924447119236,true,true,-1.227246661077846,-1.227246661077846,0.5902679417375096,0.29224629577859257,WRONG,WRONG,false,false,-1.227246661077846,0.33779577775434977,false,false,true,1.6419978101145138,2.86924447119236,3.152,fmnist__cnn1__contrast__1.2__model_seed42_itr19_sgd_itr1_w272.bin
fmnist,cnn1,model_seed42_itr19_sgd_itr1,contrast,1.2,1,437,-6.120588358491659,2.86924447119236,-6.120588358491659,2.86924447119236,true,true,-1.2272466610778472,-0.88692268293737,0.5902679417375042,0.27329778131941374,WRONG,WRONG,false,false,-1.2272466610778463,0.3377957777543501,false,false,true,1.9823217882549902,2.86924447119236,7.301,fmnist__cnn1__contrast__1.2__model_seed42_itr19_sgd_itr1_w273.bin
fmnist,cnn1,model_seed42_itr19_sgd_itr1,contrast,1.2,1,438,-6.120588358491659,2.86924447119236,-6.120588358491659,2.86924447119236,true,true,-2.86924447119236,-0.09316894331991699,1.1733476471938247,0.3377957777543501,WRONG,WRONG,false,false,-1.2272466610778463,0.24276119399804452,false,false,true,0.6969330453162395,0.7901019886361565,1.33,fmnist__cnn1__contrast__1.2__model_seed42_itr19_sgd_itr1_w274.bin
fmnist,cnn1,model_seed42_itr19_sgd_itr1,contrast,1.2,1,439,-6.120588358491659,2.86924447119236,-6.120588358491659,2.86924447119236,true,true,-1.2272466610778465,-1.2272466610778465,0.7332178870769414,0.04510230836599449,WRONG,WRONG,false,false,-1.227246661077846,0.242761193873768,false,false,true,1.6419978101145138,2.86924447119236,3.997,fmnist__cnn1__contrast__1.2__model_seed42_itr19_sgd_itr1_w275.bin
fmnist,cnn1,model_seed42_itr19_sgd_itr1,contrast,1.2,1,440,-6.120588358491659,2.86924447119236,-6.120588358491659,2.86924447119236,true,true,-2.86924447119236,-0.16285162866299996,0.5902679417375072,0.33779577582105036,WRONG,WRONG,false,true,-1.227246661077846,-0.0,false,true,true,0.8718808062356149,1.0347324348986149,4.256,fmnist__cnn1__contrast__1.2__model_seed42_itr19_sgd_itr1_w276.bin
fmnist,cnn1,model_seed42_itr19_sgd_itr1,contrast,1.2,1,441,-6.120588358491659,2.86924447119236,-6.120588358491659,2.86924447119236,true,true,-1.227246661077846,-1.227246661077846,0.5902679417375118,0.3377957777543501,WRONG,WRONG,false,true,-1.2272466610778463,-0.0,false,true,true,1.6419978101145138,2.86924447119236,5.109,fmnist__cnn1__contrast__1.2__model_seed42_itr19_sgd_itr1_w277.bin
fmnist,cnn1,model_seed42_itr19_sgd_itr1,contrast,1.2,1,442,-6.120588358491659,2.86924447119236,-6.120588358491659,2.86924447119236,true,true,-1.2272466610778334,-1.2272466610778334,0.5902679417375034,0.3377957777543501,WRONG,WRONG,false,false,-1.2272466610778463,0.3377957758159622,false,false,true,1.6419978101145138,2.86924447119236,3.445,fmnist__cnn1__contrast__1.2__model_seed42_itr19_sgd_itr1_w278.bin
fmnist,cnn1,model_seed42_itr19_sgd_itr1,contrast,1.2,1,443,-6.120588358491659,2.86924447119236,-6.120588358491659,2.86924447119236,true,true,-2.86924447119236,-0.01990379583951951,1.1733476471938207,0.05331889416682555,WRONG,WRONG,false,false,-1.227246661077846,0.33779577775434994,false,false,true,0.6358787558506482,0.6557825516901679,1.404,fmnist__cnn1__contrast__1.2__model_seed42_itr19_sgd_itr1_w279.bin
fmnist,cnn1,model_seed42_itr19_sgd_itr1,contrast,1.2,1,444,-6.120588358491659,2.86924447119236,-6.120588358491659,2.86924447119236,true,true,-1.2272466610778472,-0.05165770889293442,0.5902679417375118,0.22351163913075756,WRONG,WRONG,false,false,-1.227246661077846,0.3377957778881959,false,false,true,1.0642745273093874,1.1159322362023678,3.553,fmnist__cnn1__contrast__1.2__model_seed42_itr19_sgd_itr1_w280.bin
fmnist,cnn1,model_seed42_itr19_sgd_itr1,contrast,1.2,1,445,-6.120588358491659,2.86924447119236,-6.120588358491659,2.86924447119236,true,true,-1.227246661077846,-1.227246661077846,1.1733476471938236,0.3377957777543501,WRONG,WRONG,false,false,-1.2272466610778463,0.33779577775435016,false,false,true,1.6419978101145138,2.86924447119236,7.156,fmnist__cnn1__contrast__1.2__model_seed42_itr19_sgd_itr1_w281.bin
fmnist,cnn1,model_seed42_itr19_sgd_itr1,contrast,1.2,1,446,-6.120588358491659,2.86924447119236,-6.120588358491659,2.86924447119236,true,true,-2.86924447119236,-0.17359243183507023,0.5902679417375127,0.2631943612717351,WRONG,WRONG,false,true,-1.2272466610778465,-0.0,false,true,true,0.7639526190788641,0.9375450509139309,1.78,fmnist__cnn1__contrast__1.2__model_seed42_itr19_sgd_itr1_w282.bin
fmnist,cnn1,model_seed42_itr19_sgd_itr1,contrast,1.2,1,447,-6.120588358491659,2.86924447119236,-6.120588358491659,2.86924447119236,true,true,-1.227246661077846,-1.0930493667085606,1.1157031655271783,0.3199411265032535,WRONG,WRONG,false,false,-1.2272466610778463,0.24276119387376816,false,false,true,1.6419978101145138,2.735047176823098,3.929,fmnist__cnn1__contrast__1.2__model_seed42_itr19_sgd_itr1_w283.bin
fmnist,cnn1,model_seed42_itr19_sgd_itr1,contrast,1.2,1,448,-6.120588358491659,2.86924447119236,-6.120588358491659,2.86924447119236,true,true,-1.2272466610778463,-1.2272466610778463,0.5902679417375034,0.3377957777543501,WRONG,WRONG,false,false,-1.2272466610778459,0.3377957758202638,false,false,true,1.6419978101145138,2.86924447119236,4.645,fmnist__cnn1__contrast__1.2__model_seed42_itr19_sgd_itr1_w284.bin
fmnist,cnn1,model_seed42_itr19_sgd_itr1,contrast,1.2,1,449,-6.120588358491659,2.86924447119236,-6.120588358491659,2.86924447119236,true,true,-1.2272466610778463,-1.2272466610778463,0.5902679417375041,0.2514741314410855,WRONG,WRONG,false,false,-1.2272466610778463,0.24276119387376816,false,false,true,1.6419978101145138,2.86924447119236,3.931,fmnist__cnn1__contrast__1.2__model_seed42_itr19_sgd_itr1_w285.bin
fmnist,cnn1,model_seed42_itr19_sgd_itr1,contrast,1.2,1,450,-6.120588358491659,2.86924447119236,-6.120588335532894,2.86924447119236,false,true,-1.2272466610778463,-1.2272466610778463,1.1733476471938207,0.030174525869084312,n/a,WRONG,false,false,NaN,0.3377957777543502,n/a,false,true,0.3593672790425291,0.32919275317344454,3.372,fmnist__cnn1__contrast__1.2__model_seed42_itr19_sgd_itr1_w286.bin
fmnist,cnn1,model_seed42_itr19_sgd_itr1,contrast,1.2,1,451,-6.120588358491659,2.86924447119236,-6.120588358491659,2.86924447119236,true,true,-1.2272466610778467,-1.1809094820179473,1.115703165527176,0.05331889416685347,WRONG,WRONG,false,true,-1.2272466610778463,-0.0,false,true,true,1.6033834942312648,2.7842929762492123,3.485,fmnist__cnn1__contrast__1.2__model_seed42_itr19_sgd_itr1_w287.bin
fmnist,cnn1,model_seed42_itr19_sgd_itr1,contrast,1.2,1,452,-6.120588358491659,2.86924447119236,-6.120588358491659,2.86924447119236,true,true,-1.227246661077846,-0.00843213406888177,0.5902679417375092,0.005064265843126287,WRONG,WRONG,false,true,-1.2272466610778463,-0.0,false,true,true,1.6419978101145138,1.650429944183406,4.444,fmnist__cnn1__contrast__1.2__model_seed42_itr19_sgd_itr1_w288.bin
fmnist,cnn1,model_seed42_itr19_sgd_itr1,contrast,1.2,1,453,-6.120588358491659,2.86924447119236,-6.120588358491659,2.86924447119236,true,true,-1.2272466610777242,-1.2272466610777242,1.1733476471938218,0.311276718677913,WRONG,WRONG,false,false,-1.2272466610778459,0.33779577788812976,false,false,true,1.6419978101145138,2.86924447119236,3.015,fmnist__cnn1__contrast__1.2__model_seed42_itr19_sgd_itr1_w289.bin
fmnist,cnn1,model_seed42_itr19_sgd_itr1,contrast,1.2,1,454,-6.120588358491659,2.86924447119236,-6.120588358491659,2.86924447119236,true,true,-2.86924447119236,-0.29166229519670583,1.1733476471938218,0.3377957777543501,WRONG,WRONG,false,false,-1.227246661077846,0.3377957777543501,false,false,true,0.86234417188023,1.1540064670769359,2.437,fmnist__cnn1__contrast__1.2__model_seed42_itr19_sgd_itr1_w290.bin
fmnist,cnn1,model_seed42_itr19_sgd_itr1,contrast,1.2,1,455,-6.120588358491659,2.86924447119236,-6.120588358491659,2.86924447119236,true,true,-1.227246661077846,-1.227246661077846,1.1157031655271774,0.3377957777543501,WRONG,WRONG,false,true,-1.2272466610778463,-0.0,false,true,true,1.6419978101145138,2.86924447119236,3.129,fmnist__cnn1__contrast__1.2__model_seed42_itr19_sgd_itr1_w291.bin
fmnist,cnn1,model_seed42_itr19_sgd_itr1,contrast,1.2,1,456,-6.120588358491659,2.86924447119236,-6.120588358491659,2.86924447119236,true,true,-1.2272466610778465,-1.2272466610778465,0.7332178870769401,0.3377957777543501,WRONG,WRONG,false,true,-1.227246661077846,-0.0,false,true,true,1.6419978101145138,2.86924447119236,5.951,fmnist__cnn1__contrast__1.2__model_seed42_itr19_sgd_itr1_w292.bin
fmnist,cnn1,model_seed42_itr19_sgd_itr1,contrast,1.2,1,457,-6.120588358491659,2.86924447119236,-6.120588358491659,2.86924447119236,true,true,-1.227246661077846,-1.227246661077846,0.5902679417375141,0.2514741314410857,WRONG,WRONG,false,false,-1.2272466610778463,0.3365987846744159,false,false,true,1.6419978101145138,2.86924447119236,4.183,fmnist__cnn1__contrast__1.2__model_seed42_itr19_sgd_itr1_w293.bin
fmnist,cnn1,model_seed42_itr19_sgd_itr1,contrast,1.2,1,458,-6.120588358491659,2.86924447119236,-6.120588358491659,2.86924447119236,true,true,-2.86924447119236,-0.17836608218308814,0.5902679417375096,0.3022159350922125,WRONG,WRONG,false,false,-1.227246661077846,0.3377957777543503,false,false,true,0.768776432940629,0.9471425151237134,1.817,fmnist__cnn1__contrast__1.2__model_seed42_itr19_sgd_itr1_w294.bin
fmnist,cnn1,model_seed42_itr19_sgd_itr1,contrast,1.2,1,459,-6.120588358491659,2.86924447119236,-6.120588358491659,2.86924447119236,true,true,-1.2272466610778463,-1.2272466610778463,0.7332178870769429,0.3377957777543501,WRONG,WRONG,false,false,-1.227246661077846,0.33779577775435005,false,false,true,1.6419978101145138,2.86924447119236,3.386,fmnist__cnn1__contrast__1.2__model_seed42_itr19_sgd_itr1_w295.bin
fmnist,cnn1,model_seed42_itr19_sgd_itr1,contrast,1.2,1,460,-6.120588358491659,2.86924447119236,-6.120588358491659,2.86924447119236,true,true,-1.227246661077846,-1.227246661077846,1.1157031655271819,0.2086698820824312,WRONG,WRONG,false,false,-1.2272466610778463,0.24276119387376827,false,false,true,1.6419978101145136,2.86924447119236,3.816,fmnist__cnn1__contrast__1.2__model_seed42_itr19_sgd_itr1_w296.bin
fmnist,cnn1,model_seed42_itr19_sgd_itr1,contrast,1.2,1,461,-6.120588358491659,2.86924447119236,-6.120588358491659,2.86924447119236,true,true,-1.2272466610778463,-1.2272466610778463,1.1157031655271774,0.30686586685430073,WRONG,WRONG,false,false,-1.227246661077846,0.33779577775435016,false,false,true,1.6419978101145138,2.86924447119236,5.083,fmnist__cnn1__contrast__1.2__model_seed42_itr19_sgd_itr1_w297.bin
fmnist,cnn1,model_seed42_itr19_sgd_itr1,contrast,1.2,1,462,-6.120588358491659,2.86924447119236,-6.120588358491659,2.86924447119236,true,true,-1.227246661077846,-0.5674998196688612,1.1733476471938218,0.2011910141001807,WRONG,WRONG,false,false,-1.227246661077846,0.33779577788812953,false,false,true,1.0922087756070264,1.6597085952758792,3.349,fmnist__cnn1__contrast__1.2__model_seed42_itr19_sgd_itr1_w298.bin
fmnist,cnn1,model_seed42_itr19_sgd_itr1,contrast,1.2,1,463,-6.120588358491659,2.86924447119236,-6.120588358491659,2.86924447119236,true,true,-2.86924447119236,-0.3381788694035339,1.115703165527178,0.3377957777543501,WRONG,WRONG,false,false,-1.2272466340259773,0.24276119387376807,false,false,true,0.9011079837192703,1.2392868531228243,1.69,fmnist__cnn1__contrast__1.2__model_seed42_itr19_sgd_itr1_w299.bin
fmnist,cnn1,model_seed42_itr19_sgd_itr1,contrast,1.2,1,464,-6.120588358491659,2.86924447119236,-6.120588358491659,2.86924447119236,true,true,-2.86924447119236,-0.6271913388896495,0.5902679417375093,0.30221593509221256,WRONG,WRONG,false,false,-1.2272466610778463,0.24276119387376827,false,false,true,1.5920878664439295,2.2192792053335797,2.238,fmnist__cnn1__contrast__1.2__model_seed42_itr19_sgd_itr1_w300.bin
fmnist,cnn1,model_seed42_itr19_sgd_itr1,contrast,1.2,1,465,-6.120588358491659,2.86924447119236,-6.120588358491659,2.86924447119236,true,true,-2.86924447119236,-0.13136150338666586,0.5902679417374899,0.24276119387376827,WRONG,WRONG,false,true,-1.227246661077846,-0.0,false,true,true,0.8230385253551146,0.9544000287417805,2.849,fmnist__cnn1__contrast__1.2__model_seed42_itr19_sgd_itr1_w301.bin
fmnist,cnn1,model_seed42_itr19_sgd_itr1,contrast,1.2,1,466,-6.120588358491659,2.86924447119236,-6.120588358491659,2.86924447119236,true,true,-1.227246661077846,-1.227246661077846,1.1733476471938225,0.17150275289240918,WRONG,WRONG,false,false,-1.2272466610778463,0.3377957777543505,false,false,true,1.6419978101145138,2.86924447119236,5.877,fmnist__cnn1__contrast__1.2__model_seed42_itr19_sgd_itr1_w302.bin
fmnist,cnn1,model_seed42_itr19_sgd_itr1,contrast,1.2,1,467,-6.120588358491659,2.86924447119236,-6.120588335522298,2.86924447119236,false,true,-1.227246661077846,-1.227246661077846,1.1733476471938218,0.3377957777543501,n/a,WRONG,false,false,NaN,0.33779577788812976,n/a,false,true,0.33779577775435016,2.498001805406602e-16,3.696,fmnist__cnn1__contrast__1.2__model_seed42_itr19_sgd_itr1_w303.bin
fmnist,cnn1,model_seed42_itr19_sgd_itr1,contrast,1.2,1,468,-6.120588358491659,2.86924447119236,-6.120588358491659,2.86924447119236,true,true,-2.86924447119236,-0.22722333510020398,1.1157031655271825,0.26201810200699666,WRONG,WRONG,false,false,-1.2272466610778463,0.3377957758109309,false,false,true,0.8086450384664848,1.0358683735666965,1.593,fmnist__cnn1__contrast__1.2__model_seed42_itr19_sgd_itr1_w304.bin
fmnist,cnn1,model_seed42_itr19_sgd_itr1,contrast,1.2,1,469,-6.120588358491659,2.86924447119236,-6.120588358491659,2.86924447119236,true,true,-1.2272466610778463,-1.2272466610778463,1.1157031655271812,0.3377957777543501,WRONG,WRONG,false,false,-1.227246661077846,0.3377957777543503,false,false,true,1.6419978101145138,2.86924447119236,3.71,fmnist__cnn1__contrast__1.2__model_seed42_itr19_sgd_itr1_w305.bin
fmnist,cnn1,model_seed42_itr19_sgd_itr1,contrast,1.2,1,470,-6.120588358491659,2.86924447119236,-6.120588358491659,2.86924447119236,true,true,-1.2272466610778463,-1.2272466610778463,1.1733476471938196,0.17150275289240932,WRONG,WRONG,false,false,-1.2272466610778463,0.2757137708288271,false,false,true,1.6419978101145138,2.86924447119236,2.683,fmnist__cnn1__contrast__1.2__model_seed42_itr19_sgd_itr1_w306.bin
fmnist,cnn1,model_seed42_itr19_sgd_itr1,contrast,1.2,1,471,-6.120588358491659,2.86924447119236,-6.120588358491659,2.869244446223773,true,false,-1.2272466610778459,-1.2272466474586172,0.5902679417375175,0.2922036960843461,WRONG,n/a,false,false,-1.2272466563858715,NaN,false,n/a,true,1.6419977987651562,2.869244446223773,3.502,fmnist__cnn1__contrast__1.2__model_seed42_itr19_sgd_itr1_w307.bin
fmnist,cnn1,model_seed42_itr19_sgd_itr1,contrast,1.2,1,472,-6.120588358491659,2.86924447119236,-6.120588358491659,2.86924447119236,true,true,-1.2272466610778463,-1.2272466610778463,1.1157031655271803,0.10404808469145688,WRONG,WRONG,false,true,-1.2272466610778463,-0.0,false,true,true,1.6419978101145138,2.86924447119236,5.278,fmnist__cnn1__contrast__1.2__model_seed42_itr19_sgd_itr1_w308.bin
fmnist,cnn1,model_seed42_itr19_sgd_itr1,contrast,1.2,1,473,-6.120588358491659,2.86924447119236,-6.120588358491659,2.86924447119236,true,true,-1.227246661077812,-1.227246661077812,1.3588511573675084,0.13160449628963267,WRONG,WRONG,false,true,-1.227246661077846,-0.0,false,true,true,1.6419978101145138,2.86924447119236,2.711,fmnist__cnn1__contrast__1.2__model_seed42_itr19_sgd_itr1_w309.bin
fmnist,cnn1,model_seed42_itr19_sgd_itr1,contrast,1.2,1,474,-6.120588358491659,2.86924447119236,-6.120588358491659,2.86924447119236,true,true,-1.227246661077846,-1.227246661077846,1.1157031655271787,0.3377957777543501,WRONG,WRONG,false,false,-1.2272466610778463,0.33779577582640297,false,false,true,1.6419978101145138,2.86924447119236,3.944,fmnist__cnn1__contrast__1.2__model_seed42_itr19_sgd_itr1_w310.bin
fmnist,cnn1,model_seed42_itr19_sgd_itr1,contrast,1.2,1,475,-6.120588358491659,2.86924447119236,-6.120588358491659,2.86924447119236,true,true,-2.86924447119236,-0.25757418196555903,0.5902679417375085,0.24952986794424042,WRONG,WRONG,false,true,-1.2272466610778463,-0.0,false,true,true,0.833937412151513,1.0915115941170719,6.122,fmnist__cnn1__contrast__1.2__model_seed42_itr19_sgd_itr1_w311.bin
fmnist,cnn1,model_seed42_itr19_sgd_itr1,contrast,1.2,1,476,-6.120588358491659,2.86924447119236,-6.120588358491659,2.86924447119236,true,true,-1.227246661077846,-1.227246661077846,0.5902679417375092,0.3022159350922124,WRONG,WRONG,false,false,-1.2272466610778463,0.3377957777543503,false,false,true,1.6419978101145138,2.86924447119236,3.802,fmnist__cnn1__contrast__1.2__model_seed42_itr19_sgd_itr1_w312.bin
fmnist,cnn1,model_seed42_itr19_sgd_itr1,contrast,1.2,1,477,-6.120588358491659,2.86924447119236,-6.120588358491659,2.86924447119236,true,true,-1.2272466610778463,-1.2272466610778463,1.1733476471938207,0.3377957777543501,WRONG,WRONG,false,false,-1.2272466610778456,0.3377957777543502,false,false,true,1.6419978101145138,2.86924447119236,6.597,fmnist__cnn1__contrast__1.2__model_seed42_itr19_sgd_itr1_w313.bin
fmnist,cnn1,model_seed42_itr19_sgd_itr1,contrast,1.2,1,478,-6.120588358491659,2.86924447119236,-6.120588358491659,2.86924447119236,true,true,-1.227246661077846,-1.227246661077846,1.1733476471938218,0.16311344441064354,WRONG,WRONG,false,false,-1.2272466610778459,0.33779577582472475,false,false,true,1.6419978101145138,2.86924447119236,2.703,fmnist__cnn1__contrast__1.2__model_seed42_itr19_sgd_itr1_w314.bin
fmnist,cnn1,model_seed42_itr19_sgd_itr1,contrast,1.2,1,479,-6.120588358491659,2.86924447119236,-6.120588358491659,2.86924447119236,true,true,-1.2272466610778472,-0.23340581547339423,1.1733476471938236,0.03628490530036255,WRONG,WRONG,false,false,-1.227246661077846,0.3377957777543502,false,false,true,0.813797105442394,1.0472029209136964,3.84,fmnist__cnn1__contrast__1.2__model_seed42_itr19_sgd_itr1_w315.bin
fmnist,cnn1,model_seed42_itr19_sgd_itr1,contrast,1.2,1,480,-6.120588358491659,2.86924447119236,-6.120588358491659,2.86924447119236,true,true,-1.227246661077846,-0.6679880034754055,0.5902679417375158,0.3022159350922129,WRONG,WRONG,false,false,-1.2272466610778465,0.33779878390073215,false,false,true,2.2012564677169544,2.86924447119236,3.958,fmnist__cnn1__contrast__1.2__model_seed42_itr19_sgd_itr1_w316.bin
fmnist,cnn1,model_seed42_itr19_sgd_itr1,contrast,1.2,1,481,-6.120588358491659,2.86924447119236,-6.120588358491659,2.86924447119236,true,true,-1.2272466610778467,-1.2272466610778467,0.7332178870769409,0.049103015608206846,WRONG,WRONG,false,false,-1.2272466610778463,0.33779577775435043,false,false,true,1.6419978101145136,2.86924447119236,4.389,fmnist__cnn1__contrast__1.2__model_seed42_itr19_sgd_itr1_w317.bin
fmnist,cnn1,model_seed42_itr19_sgd_itr1,contrast,1.2,1,482,-6.120588358491659,2.86924447119236,-6.120588358491659,2.86924447119236,true,true,-1.2272466610778463,-1.16972948355546,0.590267941737512,0.2882524439912046,WRONG,WRONG,false,false,-1.227246661077846,0.3377957777543501,false,false,true,1.5940668288458586,2.7637963124013183,4.111,fmnist__cnn1__contrast__1.2__model_seed42_itr19_sgd_itr1_w318.bin
fmnist,cnn1,model_seed42_itr19_sgd_itr1,contrast,1.2,1,483,-6.120588358491659,2.86924447119236,-6.120588358491659,2.86924447119236,true,true,-2.86924447119236,-0.4221048859740334,0.5902679417375017,0.3377980375400131,WRONG,WRONG,false,true,-1.227246661077846,-0.0,false,true,true,0.9710463308613348,1.393151216835365,7.179,fmnist__cnn1__contrast__1.2__model_seed42_itr19_sgd_itr1_w319.bin
fmnist,cnn1,model_seed42_itr19_sgd_itr1,contrast,1.2,1,484,-6.120588358491659,2.86924447119236,-6.120588358491659,2.86924447119236,true,true,-1.2272466610778463,-1.2272466610778463,0.5902679417375252,0.10390836819348537,WRONG,WRONG,false,false,-1.227246661077846,0.24276119387376818,false,false,true,1.6419978101145138,2.86924447119236,4.537,fmnist__cnn1__contrast__1.2__model_seed42_itr19_sgd_itr1_w320.bin
fmnist,cnn1,model_seed42_itr19_sgd_itr1,contrast,1.2,1,485,-6.120588358491659,2.86924447119236,-6.120588335537226,2.86924447119236,false,true,-1.227246661077846,-1.227246661077846,0.5902679417375118,0.33779577788812976,n/a,WRONG,false,false,NaN,0.3377957780219094,n/a,false,true,0.33779577775434694,0.0,4.214,fmnist__cnn1__contrast__1.2__model_seed42_itr19_sgd_itr1_w321.bin
fmnist,cnn1,model_seed42_itr19_sgd_itr1,contrast,1.2,1,486,-6.120588358491659,2.86924447119236,-6.120588358491659,2.86924447119236,true,true,-1.227246661077846,-0.8743274106574723,1.1157031655271779,0.3377957777543501,WRONG,WRONG,false,false,-1.227246661077846,0.24276119387376816,false,false,true,1.347898434764202,2.2222258454216304,3.745,fmnist__cnn1__contrast__1.2__model_seed42_itr19_sgd_itr1_w322.bin
