dataset,arch,model,perturbation,size,layer,neuron,l_org,u_org,l_pert,u_pert,guard_ge,guard_le,min_bound,min_val,max_bound,max_val,verdict_ge,verdict_le,old_stamp_ge,old_stamp_le,old_val_min,old_val_max,fired_ge,fired_le,witness_ok,witness_z,witness_zp,probe_sec,witness_file
fmnist,cnn1,model_seed42_itr19_sgd_itr1,contrast,1.5,1,82,-0.7210531875823767,4.714351917162162,-0.7210531886667013,4.7143519192468375,false,false,NaN,NaN,NaN,NaN,n/a,n/a,false,false,NaN,NaN,n/a,n/a,false,NaN,NaN,0.0,
fmnist,cnn1,model_seed42_itr19_sgd_itr1,contrast,1.5,1,83,-0.7210531875823767,4.714351917162162,-0.7210531886667013,4.7143519192468375,false,false,NaN,NaN,NaN,NaN,n/a,n/a,false,false,NaN,NaN,n/a,n/a,false,NaN,NaN,0.0,
fmnist,cnn1,model_seed42_itr19_sgd_itr1,contrast,1.5,1,84,-0.7210531875823767,4.714351917162162,-0.7210531886667013,4.7143519192468375,false,false,NaN,NaN,NaN,NaN,n/a,n/a,false,false,NaN,NaN,n/a,n/a,false,NaN,NaN,0.0,
fmnist,cnn1,model_seed42_itr19_sgd_itr1,contrast,1.5,1,85,-0.7210531875823767,4.714351917162162,-0.7210531886667013,4.7143519192468375,false,false,NaN,NaN,NaN,NaN,n/a,n/a,false,false,NaN,NaN,n/a,n/a,false,NaN,NaN,0.0,
fmnist,cnn1,model_seed42_itr19_sgd_itr1,contrast,1.5,1,86,-0.7210531875823767,4.714351917162162,-0.7210531886667013,4.7143519192468375,false,false,NaN,NaN,NaN,NaN,n/a,n/a,false,false,NaN,NaN,n/a,n/a,false,NaN,NaN,0.0,
fmnist,cnn1,model_seed42_itr19_sgd_itr1,contrast,1.5,1,87,-0.7210531875823767,4.714351917162162,-0.7210531886667013,4.714351897246672,true,false,-2.545231352420526,-2.545231352420526,0.7160117123276002,0.1786711664913704,WRONG,n/a,false,false,-2.545231339220425,NaN,false,n/a,true,2.169120566826314,4.7143519192468375,4.125,fmnist__cnn1__contrast__1.5__model_seed42_itr19_sgd_itr1_w1.bin
fmnist,cnn1,model_seed42_itr19_sgd_itr1,contrast,1.5,1,88,-0.7210531875823767,4.714351917162162,-0.7210531886667013,4.7143519192468375,false,false,NaN,NaN,NaN,NaN,n/a,n/a,false,false,NaN,NaN,n/a,n/a,false,NaN,NaN,0.0,
fmnist,cnn1,model_seed42_itr19_sgd_itr1,contrast,1.5,1,89,-0.7210531875823767,4.714351917162162,-0.7210531886667013,4.7143519192468375,false,false,NaN,NaN,NaN,NaN,n/a,n/a,false,false,NaN,NaN,n/a,n/a,false,NaN,NaN,0.0,
fmnist,cnn1,model_seed42_itr19_sgd_itr1,contrast,1.5,1,90,-0.7210531875823767,4.714351917162162,-0.7210531886667013,4.7143519192468375,false,false,NaN,NaN,NaN,NaN,n/a,n/a,false,false,NaN,NaN,n/a,n/a,false,NaN,NaN,0.0,
fmnist,cnn1,model_seed42_itr19_sgd_itr1,contrast,1.5,1,91,-0.7210531875823767,4.714351917162162,-0.7210531886667013,4.7143519192468375,false,false,NaN,NaN,NaN,NaN,n/a,n/a,false,false,NaN,NaN,n/a,n/a,false,NaN,NaN,0.0,
fmnist,cnn1,model_seed42_itr19_sgd_itr1,contrast,1.5,1,92,-0.7210531875823767,4.714351917162162,-0.7210531886667013,4.714351897246678,true,false,-2.545231349502014,-0.21887610686101278,0.6158957322725231,0.26411252984108186,WRONG,n/a,false,false,-2.545231349502014,NaN,false,n/a,true,2.3577101595906034,2.5765862664516153,3.958,fmnist__cnn1__contrast__1.5__model_seed42_itr19_sgd_itr1_w2.bin
fmnist,cnn1,model_seed42_itr19_sgd_itr1,contrast,1.5,1,93,-0.7210531875823767,4.714351917162162,-0.7210531886667013,4.7143519192468375,false,false,NaN,NaN,NaN,NaN,n/a,n/a,false,false,NaN,NaN,n/a,n/a,false,NaN,NaN,0.0,
fmnist,cnn1,model_seed42_itr19_sgd_itr1,contrast,1.5,1,94,-0.7210531875823767,4.714351917162162,-0.7210531886667013,4.7143519192468375,false,false,NaN,NaN,NaN,NaN,n/a,n/a,false,false,NaN,NaN,n/a,n/a,false,NaN,NaN,0.0,
fmnist,cnn1,model_seed42_itr19_sgd_itr1,contrast,1.5,1,95,-0.7210531875823767,4.714351917162162,-0.7210531886667013,4.7143519192468375,false,false,NaN,NaN,NaN,NaN,n/a,n/a,false,false,NaN,NaN,n/a,n/a,false,NaN,NaN,0.0,
fmnist,cnn1,model_seed42_itr19_sgd_itr1,contrast,1.5,1,96,-0.7210531875823767,4.714351917162162,-0.7210531886667013,4.7143519192468375,false,false,NaN,NaN,NaN,NaN,n/a,n/a,false,false,NaN,NaN,n/a,n/a,false,NaN,NaN,0.0,
fmnist,cnn1,model_seed42_itr19_sgd_itr1,contrast,1.5,1,97,-0.7210531875823767,4.714351917162162,-0.7210531625493268,4.7143519192468375,false,true,-4.7143519192468375,-1.006263076141477,0.6158957322725288,0.14493700606731252,n/a,WRONG,false,false,NaN,0.2833797991275741,n/a,false,true,0.3756749945010889,0.2307379884337754,2.584,fmnist__cnn1__contrast__1.5__model_seed42_itr19_sgd_itr1_w3.bin
fmnist,cnn1,model_seed42_itr19_sgd_itr1,contrast,1.5,1,98,-0.7210531875823767,4.714351917162162,-0.7210531886667013,4.7143519192468375,false,false,NaN,NaN,NaN,NaN,n/a,n/a,false,false,NaN,NaN,n/a,n/a,false,NaN,NaN,0.0,
fmnist,cnn1,model_seed42_itr19_sgd_itr1,contrast,1.5,1,99,-0.7210531875823767,4.714351917162162,-0.7210531886667013,4.7143519192468375,false,false,NaN,NaN,NaN,NaN,n/a,n/a,false,false,NaN,NaN,n/a,n/a,false,NaN,NaN,0.0,
fmnist,cnn1,model_seed42_itr19_sgd_itr1,contrast,1.5,1,100,-0.7210531875823767,4.714351917162162,-0.7210531886667013,4.7143519192468375,false,false,NaN,NaN,NaN,NaN,n/a,n/a,false,false,NaN,NaN,n/a,n/a,false,NaN,NaN,0.0,
fmnist,cnn1,model_seed42_itr19_sgd_itr1,contrast,1.5,1,101,-0.7210531875823767,4.714351917162162,-0.7210531886667013,4.7143519192468375,false,false,NaN,NaN,NaN,NaN,n/a,n/a,false,false,NaN,NaN,n/a,n/a,false,NaN,NaN,0.0,
fmnist,cnn1,model_seed42_itr19_sgd_itr1,contrast,1.5,1,102,-0.7210531875823767,4.714351917162162,-0.7210531886667013,4.7143519192468375,false,false,NaN,NaN,NaN,NaN,n/a,n/a,false,false,NaN,NaN,n/a,n/a,false,NaN,NaN,0.0,
fmnist,cnn1,model_seed42_itr19_sgd_itr1,contrast,1.5,1,103,-0.7210531875823767,4.714351917162162,-0.7210531886667013,4.7143519192468375,false,false,NaN,NaN,NaN,NaN,n/a,n/a,false,false,NaN,NaN,n/a,n/a,false,NaN,NaN,0.0,
fmnist,cnn1,model_seed42_itr19_sgd_itr1,contrast,1.5,1,104,-0.7210531875823767,4.714351917162162,-0.7210531886667013,4.7143519192468375,false,false,NaN,NaN,NaN,NaN,n/a,n/a,false,false,NaN,NaN,n/a,n/a,false,NaN,NaN,0.0,
fmnist,cnn1,model_seed42_itr19_sgd_itr1,contrast,1.5,1,105,-0.7210531875823767,4.714351917162162,-0.7210531886667013,4.7143519192468375,false,false,NaN,NaN,NaN,NaN,n/a,n/a,false,false,NaN,NaN,n/a,n/a,false,NaN,NaN,0.0,
fmnist,cnn1,model_seed42_itr19_sgd_itr1,contrast,1.5,1,106,-0.7210531875823767,4.714351917162162,-0.7210531886667013,4.7143519192468375,false,false,NaN,NaN,NaN,NaN,n/a,n/a,false,false,NaN,NaN,n/a,n/a,false,NaN,NaN,0.0,
fmnist,cnn1,model_seed42_itr19_sgd_itr1,contrast,1.5,1,107,-0.7210531875823767,4.714351917162162,-0.7210531886667013,4.7143519192468375,false,false,NaN,NaN,NaN,NaN,n/a,n/a,false,false,NaN,NaN,n/a,n/a,false,NaN,NaN,0.0,
fmnist,cnn1,model_seed42_itr19_sgd_itr1,contrast,1.5,1,108,-0.7210531875823767,4.714351917162162,-0.7210531886667013,4.7143519192468375,false,false,NaN,NaN,NaN,NaN,n/a,n/a,false,false,NaN,NaN,n/a,n/a,false,NaN,NaN,0.0,
fmnist,cnn1,model_seed42_itr19_sgd_itr1,contrast,1.5,1,109,-0.7210531875823767,4.714351917162162,-0.7210531886667013,4.7143519192468375,false,false,NaN,NaN,NaN,NaN,n/a,n/a,false,false,NaN,NaN,n/a,n/a,false,NaN,NaN,0.0,
fmnist,cnn1,model_seed42_itr19_sgd_itr1,contrast,1.5,1,110,-0.7210531875823767,4.714351917162162,-0.7210531886667013,4.7143519192468375,false,false,NaN,NaN,NaN,NaN,n/a,n/a,false,false,NaN,NaN,n/a,n/a,false,NaN,NaN,0.0,
fmnist,cnn1,model_seed42_itr19_sgd_itr1,contrast,1.5,1,111,-0.7210531875823767,4.714351917162162,-0.7210531886667013,4.7143519192468375,false,false,NaN,NaN,NaN,NaN,n/a,n/a,false,false,NaN,NaN,n/a,n/a,false,NaN,NaN,0.0,
fmnist,cnn1,model_seed42_itr19_sgd_itr1,contrast,1.5,1,112,-0.7210531875823767,4.714351917162162,-0.7210531886667013,4.7143519192468375,false,false,NaN,NaN,NaN,NaN,n/a,n/a,false,false,NaN,NaN,n/a,n/a,false,NaN,NaN,0.0,
fmnist,cnn1,model_seed42_itr19_sgd_itr1,contrast,1.5,1,113,-0.7210531875823767,4.714351917162162,-0.7210531886667013,4.7143519192468375,false,false,NaN,NaN,NaN,NaN,n/a,n/a,false,false,NaN,NaN,n/a,n/a,false,NaN,NaN,0.0,
fmnist,cnn1,model_seed42_itr19_sgd_itr1,contrast,1.5,1,114,-0.7210531875823767,4.714351917162162,-0.7210531886667013,4.7143519192468375,false,false,NaN,NaN,NaN,NaN,n/a,n/a,false,false,NaN,NaN,n/a,n/a,false,NaN,NaN,0.0,
fmnist,cnn1,model_seed42_itr19_sgd_itr1,contrast,1.5,1,115,-0.7210531875823767,4.714351917162162,-0.7210531886667013,4.7143519192468375,false,false,NaN,NaN,NaN,NaN,n/a,n/a,false,false,NaN,NaN,n/a,n/a,false,NaN,NaN,0.0,
fmnist,cnn1,model_seed42_itr19_sgd_itr1,contrast,1.5,1,116,-0.7210531875823767,4.714351917162162,-0.7210531886667013,4.7143519192468375,false,false,NaN,NaN,NaN,NaN,n/a,n/a,false,false,NaN,NaN,n/a,n/a,false,NaN,NaN,0.0,
fmnist,cnn1,model_seed42_itr19_sgd_itr1,contrast,1.5,1,117,-0.7210531875823767,4.714351917162162,-0.7210531886667013,4.7143519192468375,false,false,NaN,NaN,NaN,NaN,n/a,n/a,false,false,NaN,NaN,n/a,n/a,false,NaN,NaN,0.0,
fmnist,cnn1,model_seed42_itr19_sgd_itr1,contrast,1.5,1,118,-0.7210531875823767,4.714351917162162,-0.7210531886667013,4.7143519192468375,false,false,NaN,NaN,NaN,NaN,n/a,n/a,false,false,NaN,NaN,n/a,n/a,false,NaN,NaN,0.0,
fmnist,cnn1,model_seed42_itr19_sgd_itr1,contrast,1.5,1,119,-0.7210531875823767,4.714351917162162,-0.7210531886667013,4.7143519192468375,false,false,NaN,NaN,NaN,NaN,n/a,n/a,false,false,NaN,NaN,n/a,n/a,false,NaN,NaN,0.0,
fmnist,cnn1,model_seed42_itr19_sgd_itr1,contrast,1.5,1,120,-0.7210531875823767,4.714351917162162,-0.7210531886667013,4.7143519192468375,false,false,NaN,NaN,NaN,NaN,n/a,n/a,false,false,NaN,NaN,n/a,n/a,false,NaN,NaN,0.0,
fmnist,cnn1,model_seed42_itr19_sgd_itr1,contrast,1.5,1,121,-0.7210531875823767,4.714351917162162,-0.7210531886667013,4.7143519192468375,false,false,NaN,NaN,NaN,NaN,n/a,n/a,false,false,NaN,NaN,n/a,n/a,false,NaN,NaN,0.0,
fmnist,cnn1,model_seed42_itr19_sgd_itr1,contrast,1.5,1,122,-0.7210531875823767,4.714351917162162,-0.7210531886667013,4.7143519192468375,false,false,NaN,NaN,NaN,NaN,n/a,n/a,false,false,NaN,NaN,n/a,n/a,false,NaN,NaN,0.0,
fmnist,cnn1,model_seed42_itr19_sgd_itr1,contrast,1.5,1,123,-0.7210531875823767,4.714351917162162,-0.7210531886667013,4.7143519192468375,false,false,NaN,NaN,NaN,NaN,n/a,n/a,false,false,NaN,NaN,n/a,n/a,false,NaN,NaN,0.0,
fmnist,cnn1,model_seed42_itr19_sgd_itr1,contrast,1.5,1,124,-0.7210531875823767,4.714351917162162,-0.7210531886667013,4.7143519192468375,false,false,NaN,NaN,NaN,NaN,n/a,n/a,false,false,NaN,NaN,n/a,n/a,false,NaN,NaN,0.0,
fmnist,cnn1,model_seed42_itr19_sgd_itr1,contrast,1.5,1,125,-0.7210531875823767,4.714351917162162,-0.7210531886667013,4.7143519192468375,false,false,NaN,NaN,NaN,NaN,n/a,n/a,false,false,NaN,NaN,n/a,n/a,false,NaN,NaN,0.0,
fmnist,cnn1,model_seed42_itr19_sgd_itr1,contrast,1.5,1,126,-0.7210531875823767,4.714351917162162,-0.7210531886667013,4.7143519192468375,false,false,NaN,NaN,NaN,NaN,n/a,n/a,false,false,NaN,NaN,n/a,n/a,false,NaN,NaN,0.0,
fmnist,cnn1,model_seed42_itr19_sgd_itr1,contrast,1.5,1,127,-0.7210531875823767,4.714351917162162,-0.7210531886667013,4.7143519192468375,false,false,NaN,NaN,NaN,NaN,n/a,n/a,false,false,NaN,NaN,n/a,n/a,false,NaN,NaN,0.0,
fmnist,cnn1,model_seed42_itr19_sgd_itr1,contrast,1.5,1,128,-0.7210531875823767,4.714351917162162,-0.7210531886667013,4.7143519192468375,false,false,NaN,NaN,NaN,NaN,n/a,n/a,false,false,NaN,NaN,n/a,n/a,false,NaN,NaN,0.0,
fmnist,cnn1,model_seed42_itr19_sgd_itr1,contrast,1.5,1,129,-0.7210531875823767,4.714351917162162,-0.7210531886667013,4.7143519192468375,false,false,NaN,NaN,NaN,NaN,n/a,n/a,false,false,NaN,NaN,n/a,n/a,false,NaN,NaN,0.0,
fmnist,cnn1,model_seed42_itr19_sgd_itr1,contrast,1.5,1,130,-0.7210531875823767,4.714351917162162,-0.721053162657153,4.7143519192468375,false,true,-4.7143519192468375,-1.1256394517781698,0.7160117123275994,0.28337979912757866,n/a,WRONG,false,false,NaN,0.28337979912757866,n/a,false,true,0.28337979912757866,0.0,2.466,fmnist__cnn1__contrast__1.5__model_seed42_itr19_sgd_itr1_w4.bin
fmnist,cnn1,model_seed42_itr19_sgd_itr1,contrast,1.5,1,131,-0.7210531875823767,4.714351917162162,-0.7210531886667013,4.7143519192468375,false,false,NaN,NaN,NaN,NaN,n/a,n/a,false,false,NaN,NaN,n/a,n/a,false,NaN,NaN,0.0,
fmnist,cnn1,model_seed42_itr19_sgd_itr1,contrast,1.5,1,132,-0.7210531875823767,4.714351917162162,-0.7210531886667013,4.7143519192468375,false,false,NaN,NaN,NaN,NaN,n/a,n/a,false,false,NaN,NaN,n/a,n/a,false,NaN,NaN,0.0,
fmnist,cnn1,model_seed42_itr19_sgd_itr1,contrast,1.5,1,133,-0.7210531875823767,4.714351917162162,-0.7210531886667013,4.7143519192468375,false,false,NaN,NaN,NaN,NaN,n/a,n/a,false,false,NaN,NaN,n/a,n/a,false,NaN,NaN,0.0,
fmnist,cnn1,model_seed42_itr19_sgd_itr1,contrast,1.5,1,134,-0.7210531875823767,4.714351917162162,-0.7210531886667013,4.7143519192468375,false,false,NaN,NaN,NaN,NaN,n/a,n/a,false,false,NaN,NaN,n/a,n/a,false,NaN,NaN,0.0,
fmnist,cnn1,model_seed42_itr19_sgd_itr1,contrast,1.5,1,135,-0.7210531875823767,4.714351917162162,-0.7210531886667013,4.7143519192468375,false,false,NaN,NaN,NaN,NaN,n/a,n/a,false,false,NaN,NaN,n/a,n/a,false,NaN,NaN,0.0,
fmnist,cnn1,model_seed42_itr19_sgd_itr1,contrast,1.5,1,136,-0.7210531875823767,4.714351917162162,-0.7210531886667013,4.7143519192468375,false,false,NaN,NaN,NaN,NaN,n/a,n/a,false,false,NaN,NaN,n/a,n/a,false,NaN,NaN,0.0,
fmnist,cnn1,model_seed42_itr19_sgd_itr1,contrast,1.5,1,137,-0.7210531875823767,4.714351917162162,-0.7210531886667013,4.7143519192468375,false,false,NaN,NaN,NaN,NaN,n/a,n/a,false,false,NaN,NaN,n/a,n/a,false,NaN,NaN,0.0,
fmnist,cnn1,model_seed42_itr19_sgd_itr1,contrast,1.5,1,138,-0.7210531875823767,4.714351917162162,-0.7210531886667013,4.7143519192468375,false,false,NaN,NaN,NaN,NaN,n/a,n/a,false,false,NaN,NaN,n/a,n/a,false,NaN,NaN,0.0,
fmnist,cnn1,model_seed42_itr19_sgd_itr1,contrast,1.5,1,139,-0.7210531875823767,4.714351917162162,-0.7210531886667013,4.7143519192468375,false,false,NaN,NaN,NaN,NaN,n/a,n/a,false,false,NaN,NaN,n/a,n/a,false,NaN,NaN,0.0,
fmnist,cnn1,model_seed42_itr19_sgd_itr1,contrast,1.5,1,140,-0.7210531875823767,4.714351917162162,-0.7210531886667013,4.7143519192468375,false,false,NaN,NaN,NaN,NaN,n/a,n/a,false,false,NaN,NaN,n/a,n/a,false,NaN,NaN,0.0,
fmnist,cnn1,model_seed42_itr19_sgd_itr1,contrast,1.5,1,141,-0.7210531875823767,4.714351917162162,-0.7210531886667013,4.7143519192468375,false,false,NaN,NaN,NaN,NaN,n/a,n/a,false,false,NaN,NaN,n/a,n/a,false,NaN,NaN,0.0,
fmnist,cnn1,model_seed42_itr19_sgd_itr1,contrast,1.5,1,142,-0.7210531875823767,4.714351917162162,-0.7210531886667013,4.7143519192468375,false,false,NaN,NaN,NaN,NaN,n/a,n/a,false,false,NaN,NaN,n/a,n/a,false,NaN,NaN,0.0,
fmnist,cnn1,model_seed42_itr19_sgd_itr1,contrast,1.5,1,143,-0.7210531875823767,4.714351917162162,-0.7210531630252759,4.7143519192468375,false,true,-2.545231352420523,-0.9741132223766105,0.6158957322725231,0.28337979722451917,n/a,WRONG,false,false,NaN,0.28337979822091386,n/a,false,true,0.28337979888846837,1.663948828549422e-9,7.2,fmnist__cnn1__contrast__1.5__model_seed42_itr19_sgd_itr1_w5.bin
fmnist,cnn1,model_seed42_itr19_sgd_itr1,contrast,1.5,1,144,-0.7210531875823767,4.714351917162162,-0.721053158335037,4.714351897245493,false,false,NaN,NaN,NaN,NaN,n/a,n/a,false,false,NaN,NaN,n/a,n/a,false,NaN,NaN,0.0,
fmnist,cnn1,model_seed42_itr19_sgd_itr1,contrast,1.5,1,145,-0.7210531875823767,4.714351917162162,-0.7210531886667013,4.7143519192468375,false,false,NaN,NaN,NaN,NaN,n/a,n/a,false,false,NaN,NaN,n/a,n/a,false,NaN,NaN,0.0,
fmnist,cnn1,model_seed42_itr19_sgd_itr1,contrast,1.5,1,146,-0.7210531875823767,4.714351917162162,-0.7210531886667013,4.7143519192468375,false,false,NaN,NaN,NaN,NaN,n/a,n/a,false,false,NaN,NaN,n/a,n/a,false,NaN,NaN,0.0,
fmnist,cnn1,model_seed42_itr19_sgd_itr1,contrast,1.5,1,147,-0.7210531875823767,4.714351917162162,-0.7210531886667013,4.7143519192468375,false,false,NaN,NaN,NaN,NaN,n/a,n/a,false,false,NaN,NaN,n/a,n/a,false,NaN,NaN,0.0,
fmnist,cnn1,model_seed42_itr19_sgd_itr1,contrast,1.5,1,148,-0.7210531875823767,4.714351917162162,-0.7210531886667013,4.7143519192468375,false,false,NaN,NaN,NaN,NaN,n/a,n/a,false,false,NaN,NaN,n/a,n/a,false,NaN,NaN,0.0,
fmnist,cnn1,model_seed42_itr19_sgd_itr1,contrast,1.5,1,149,-0.7210531875823767,4.714351917162162,-0.7210531886667013,4.7143519192468375,false,false,NaN,NaN,NaN,NaN,n/a,n/a,false,false,NaN,NaN,n/a,n/a,false,NaN,NaN,0.0,
fmnist,cnn1,model_seed42_itr19_sgd_itr1,contrast,1.5,1,150,-0.7210531875823767,4.714351917162162,-0.7210531886667013,4.7143519192468375,false,false,NaN,NaN,NaN,NaN,n/a,n/a,false,false,NaN,NaN,n/a,n/a,false,NaN,NaN,0.0,
fmnist,cnn1,model_seed42_itr19_sgd_itr1,contrast,1.5,1,151,-0.7210531875823767,4.714351917162162,-0.7210531886667013,4.7143519192468375,false,false,NaN,NaN,NaN,NaN,n/a,n/a,false,false,NaN,NaN,n/a,n/a,false,NaN,NaN,0.0,
fmnist,cnn1,model_seed42_itr19_sgd_itr1,contrast,1.5,1,152,-0.7210531875823767,4.714351917162162,-0.7210531886667013,4.7143519192468375,false,false,NaN,NaN,NaN,NaN,n/a,n/a,false,false,NaN,NaN,n/a,n/a,false,NaN,NaN,0.0,
fmnist,cnn1,model_seed42_itr19_sgd_itr1,contrast,1.5,1,153,-0.7210531875823767,4.714351917162162,-0.7210531886667013,4.714351917162162,true,false,-4.714351917162162,-1.0513406417274846,0.7160117123276002,0.11032805374940347,WRONG,n/a,false,false,-2.5452313521439733,NaN,false,n/a,true,1.1731934319577952,2.2245340736852053,1.85,fmnist__cnn1__contrast__1.5__model_seed42_itr19_sgd_itr1_w6.bin
fmnist,cnn1,model_seed42_itr19_sgd_itr1,contrast,1.5,1,154,-0.7210531875823767,4.714351917162162,-0.7210531886667013,4.7143519192468375,false,false,NaN,NaN,NaN,NaN,n/a,n/a,false,false,NaN,NaN,n/a,n/a,false,NaN,NaN,0.0,
fmnist,cnn1,model_seed42_itr19_sgd_itr1,contrast,1.5,1,155,-0.7210531875823767,4.714351917162162,-0.7210531886667013,4.7143519192468375,false,false,NaN,NaN,NaN,NaN,n/a,n/a,false,false,NaN,NaN,n/a,n/a,false,NaN,NaN,0.0,
fmnist,cnn1,model_seed42_itr19_sgd_itr1,contrast,1.5,1,156,-0.7210531875823767,4.714351917162162,-0.7210531886667013,4.7143519192468375,false,false,NaN,NaN,NaN,NaN,n/a,n/a,false,false,NaN,NaN,n/a,n/a,false,NaN,NaN,0.0,
fmnist,cnn1,model_seed42_itr19_sgd_itr1,contrast,1.5,1,157,-0.7210531875823767,4.714351917162162,-0.7210531886667013,4.7143519192468375,false,false,NaN,NaN,NaN,NaN,n/a,n/a,false,false,NaN,NaN,n/a,n/a,false,NaN,NaN,0.0,
fmnist,cnn1,model_seed42_itr19_sgd_itr1,contrast,1.5,1,158,-0.7210531875823767,4.714351917162162,-0.7210531886667013,4.7143519192468375,false,false,NaN,NaN,NaN,NaN,n/a,n/a,false,false,NaN,NaN,n/a,n/a,false,NaN,NaN,0.0,
fmnist,cnn1,model_seed42_itr19_sgd_itr1,contrast,1.5,1,159,-0.7210531875823767,4.714351917162162,-0.7210531886667013,4.7143519192468375,false,false,NaN,NaN,NaN,NaN,n/a,n/a,false,false,NaN,NaN,n/a,n/a,false,NaN,NaN,0.0,
fmnist,cnn1,model_seed42_itr19_sgd_itr1,contrast,1.5,1,160,-0.7210531875823767,4.714351917162162,-0.7210531886667013,4.7143519192468375,false,false,NaN,NaN,NaN,NaN,n/a,n/a,false,false,NaN,NaN,n/a,n/a,false,NaN,NaN,0.0,
fmnist,cnn1,model_seed42_itr19_sgd_itr1,contrast,1.5,1,161,-0.7210531875823767,4.714351917162162,-0.7210531886667013,4.7143519192468375,false,false,NaN,NaN,NaN,NaN,n/a,n/a,false,false,NaN,NaN,n/a,n/a,false,NaN,NaN,0.0,
fmnist,cnn1,model_seed42_itr19_sgd_itr1,contrast,1.5,1,162,-0.7210531875823767,4.714351917162162,-0.7210531886667013,4.7143519192468375,false,false,NaN,NaN,NaN,NaN,n/a,n/a,false,false,NaN,NaN,n/a,n/a,false,NaN,NaN,0.0,
fmnist,cnn1,model_seed42_itr19_sgd_itr1,contrast,1.5,1,163,-0.2510386034846306,5.502179866656661,-0.25103857404661584,5.502179866656661,false,true,-5.502179866656661,-0.48580340922815723,0.29708577789761587,0.14474193428697021,n/a,WRONG,false,false,NaN,0.14776424467563665,n/a,false,true,0.1447419342869702,0.0,1.711,fmnist__cnn1__contrast__1.5__model_seed42_itr19_sgd_itr1_w7.bin
fmnist,cnn1,model_seed42_itr19_sgd_itr1,contrast,1.5,1,164,-0.2510386034846306,5.502179866656661,-0.25103857389805156,5.502179866656661,false,true,-5.502179866656661,-0.5993899583816535,0.29268663844194376,0.14485788043342146,n/a,WRONG,false,false,NaN,0.1477642446756363,n/a,false,true,0.14485788043342035,0.0,2.192,fmnist__cnn1__contrast__1.5__model_seed42_itr19_sgd_itr1_w8.bin
fmnist,cnn1,model_seed42_itr19_sgd_itr1,contrast,1.5,1,165,-0.2510386034846306,5.502179866656661,-0.25103857417820513,5.502179866656661,false,true,-5.502179866656661,-0.8329475345637851,0.2926866384419431,0.031150940465207638,n/a,WRONG,false,false,NaN,0.14756788500235588,n/a,false,true,0.19994440959478565,0.16879346912958643,2.177,fmnist__cnn1__contrast__1.5__model_seed42_itr19_sgd_itr1_w9.bin
fmnist,cnn1,model_seed42_itr19_sgd_itr1,contrast,1.5,1,166,-0.2510386034846306,5.502179866656661,-0.2510385740806158,5.502179866656661,false,true,-5.502179866656661,-1.2044804278661574,0.29268663844194437,0.14485788043342082,n/a,WRONG,false,false,NaN,0.14776424467563629,n/a,false,true,0.14485788043342082,0.0,2.02,fmnist__cnn1__contrast__1.5__model_seed42_itr19_sgd_itr1_w10.bin
fmnist,cnn1,model_seed42_itr19_sgd_itr1,contrast,1.5,1,167,-0.2510386034846306,5.502179866656661,-0.2510385737810936,5.502179866656661,false,true,-5.502179866656661,-1.2613596541190781,0.2926866384419439,0.14485788043342082,n/a,WRONG,false,false,NaN,0.1477596588878037,n/a,false,true,0.14485788043342082,4.163336342344337e-17,2.88,fmnist__cnn1__contrast__1.5__model_seed42_itr19_sgd_itr1_w11.bin
fmnist,cnn1,model_seed42_itr19_sgd_itr1,contrast,1.5,1,168,-0.2510386034846306,5.502179866656661,-0.25103857404376895,5.502179866656661,false,true,-5.502179866656661,-0.8977273674519136,0.2926866384419449,0.14485788043342082,n/a,WRONG,false,false,NaN,0.14776441388667086,n/a,false,true,0.14485788043342082,0.0,1.651,fmnist__cnn1__contrast__1.5__model_seed42_itr19_sgd_itr1_w12.bin
fmnist,cnn1,model_seed42_itr19_sgd_itr1,contrast,1.5,1,169,-0.2510386034846306,5.502179866656661,-0.2510385740481816,5.502179866656661,false,true,-5.502179866656661,-0.6905479461053888,0.29268663844194426,0.14776411904111078,n/a,WRONG,false,false,NaN,0.14776411915588739,n/a,false,true,0.14776411904111078,5.551115123125783e-17,2.383,fmnist__cnn1__contrast__1.5__model_seed42_itr19_sgd_itr1_w13.bin
fmnist,cnn1,model_seed42_itr19_sgd_itr1,contrast,1.5,1,170,-0.2510386034846306,5.502179866656661,-0.2510385739750199,5.502179866656661,false,true,-5.502179866656661,-0.6487698314515182,0.2926866384419444,0.010141051684729896,n/a,WRONG,false,false,NaN,0.14776424467563704,n/a,false,true,0.23951304000290724,0.2293719883181774,1.886,fmnist__cnn1__contrast__1.5__model_seed42_itr19_sgd_itr1_w14.bin
fmnist,cnn1,model_seed42_itr19_sgd_itr1,contrast,1.5,1,171,-0.2510386034846306,5.502179866656661,-0.2510385741020759,5.502179866656661,false,true,-5.502179866656661,-0.3697968654226045,0.2926866384419462,0.1448578804334208,n/a,WRONG,false,false,NaN,0.1477642446756363,n/a,false,true,0.14485788043342082,0.0,1.464,fmnist__cnn1__contrast__1.5__model_seed42_itr19_sgd_itr1_w15.bin
fmnist,cnn1,model_seed42_itr19_sgd_itr1,contrast,1.5,1,172,-0.2510386034846306,5.502179866656661,-0.2510386034846306,5.502179866656661,true,true,-5.502179866656661,-0.53832777030766,0.29268663844194476,0.13853187185895052,WRONG,WRONG,false,true,-3.1535436753183608,-0.0,false,true,true,0.6051589213311672,1.1434866916388273,2.496,fmnist__cnn1__contrast__1.5__model_seed42_itr19_sgd_itr1_w16.bin
fmnist,cnn1,model_seed42_itr19_sgd_itr1,contrast,1.5,1,173,-0.2510386034846306,5.502179866656661,-0.2510386034846306,5.502179848724751,true,false,-3.1535436753183594,-3.153543657386484,0.29268663844194487,0.14776424286162346,WRONG,n/a,false,false,-3.153543674535911,NaN,false,n/a,true,2.3486361913383007,5.502179848724751,6.044,fmnist__cnn1__contrast__1.5__model_seed42_itr19_sgd_itr1_w17.bin
fmnist,cnn1,model_seed42_itr19_sgd_itr1,contrast,1.5,1,174,-0.2510386034846306,5.502179866656661,-0.2510386034846306,5.502179848718764,true,false,-5.502179848718764,-0.7791228521615268,0.2926866384419444,0.13853187185895052,WRONG,n/a,false,false,-3.1535436753183608,NaN,false,n/a,true,0.7656889759004116,1.5448118280619383,2.831,fmnist__cnn1__contrast__1.5__model_seed42_itr19_sgd_itr1_w18.bin
fmnist,cnn1,model_seed42_itr19_sgd_itr1,contrast,1.5,1,175,-0.2510386034846306,5.502179866656661,-0.2510386034846306,5.502179866656661,true,true,-5.502179866656661,-0.4631458103656769,0.2926866384419443,0.13848391853304093,WRONG,WRONG,false,true,-3.1535436753183603,-0.0,false,true,true,0.5550376147031784,1.0181834250688553,1.496,fmnist__cnn1__contrast__1.5__model_seed42_itr19_sgd_itr1_w19.bin
fmnist,cnn1,model_seed42_itr19_sgd_itr1,contrast,1.5,1,176,-0.2510386034846306,5.502179866656661,-0.25103857340768787,5.502179866656661,false,true,-3.1535436753183954,-3.1535436753183954,0.2926866384419445,0.14776424467563629,n/a,WRONG,false,false,NaN,0.14776424467563629,n/a,false,true,0.1477642446756363,5.551115123125783e-17,3.731,fmnist__cnn1__contrast__1.5__model_seed42_itr19_sgd_itr1_w20.bin
fmnist,cnn1,model_seed42_itr19_sgd_itr1,contrast,1.5,1,177,-0.2510386034846306,5.502179866656661,-0.2510386034846306,5.502179866656661,true,true,-5.502179866656661,-0.6905485332012172,0.29268663844194504,0.14776424467563629,WRONG,WRONG,false,false,-3.1535436753183608,0.14713367179650835,false,false,true,0.7066394299268722,1.39718796312809,1.939,fmnist__cnn1__contrast__1.5__model_seed42_itr19_sgd_itr1_w21.bin
fmnist,cnn1,model_seed42_itr19_sgd_itr1,contrast,1.5,1,178,-0.2510386034846306,5.502179866656661,-0.25103857381819156,5.502179866656661,false,true,-5.502179866656661,-0.6603772766660356,0.29268663844193005,0.14485788043342135,n/a,WRONG,false,false,NaN,0.1477642425155703,n/a,false,true,0.14485788043342046,0.0,1.765,fmnist__cnn1__contrast__1.5__model_seed42_itr19_sgd_itr1_w22.bin
fmnist,cnn1,model_seed42_itr19_sgd_itr1,contrast,1.5,1,179,-0.2510386034846306,5.502179866656661,-0.2510385740344509,5.502179866656661,false,true,-5.502179866656661,-1.7099838506711054,0.2926866384418253,0.13553146743069214,n/a,WRONG,false,false,NaN,0.14776424246146358,n/a,false,true,0.15591942765538722,0.020387960224695106,1.964,fmnist__cnn1__contrast__1.5__model_seed42_itr19_sgd_itr1_w23.bin
fmnist,cnn1,model_seed42_itr19_sgd_itr1,contrast,1.5,1,180,-0.2510386034846306,5.502179866656661,-0.25103857411348285,5.502179866656661,false,true,-5.502179866656661,-1.7823236258238844,0.29268663844194287,0.14485788043342135,n/a,WRONG,false,false,NaN,0.14776424467563626,n/a,false,true,0.1448578804334204,0.0,1.648,fmnist__cnn1__contrast__1.5__model_seed42_itr19_sgd_itr1_w24.bin
fmnist,cnn1,model_seed42_itr19_sgd_itr1,contrast,1.5,1,181,-0.2510386034846306,5.502179866656661,-0.2510386034846306,5.502179866656661,true,true,-5.502179866656661,-0.7841898143291474,0.2926866384419444,0.14776424467563629,WRONG,WRONG,false,false,-3.1535436753183608,0.14485788043342082,false,false,true,0.7690669506788252,1.5532567650079727,2.612,fmnist__cnn1__contrast__1.5__model_seed42_itr19_sgd_itr1_w25.bin
fmnist,cnn1,model_seed42_itr19_sgd_itr1,contrast,1.5,1,182,-0.2510386034846306,5.502179866656661,-0.2510386034846306,5.502179866656661,true,true,-5.502179866656661,-0.41792840254577635,0.29268663844194154,0.14713367179650838,WRONG,WRONG,false,false,-3.15354367531836,0.1476785821123826,false,false,true,0.5388678928923534,0.9567962954381296,2.758,fmnist__cnn1__contrast__1.5__model_seed42_itr19_sgd_itr1_w26.bin
fmnist,cnn1,model_seed42_itr19_sgd_itr1,contrast,1.5,1,183,-0.2510386034846306,5.502179866656661,-0.2510385738476521,5.502179866656661,false,true,-5.502179866656661,-0.726900663059153,0.2926866384419449,0.14485788043342082,n/a,WRONG,false,false,NaN,0.14776424467563629,n/a,false,true,0.1448578804334208,0.0,1.655,fmnist__cnn1__contrast__1.5__model_seed42_itr19_sgd_itr1_w27.bin
fmnist,cnn1,model_seed42_itr19_sgd_itr1,contrast,1.5,1,184,-0.2510386034846306,5.502179866656661,-0.2510385741198182,5.502179866656661,false,true,-5.502179866656661,-0.5656845785351918,0.2926866384419434,0.14776424467563629,n/a,WRONG,false,false,NaN,0.14776424467563629,n/a,false,true,0.14776424467563629,1.1102230246251565e-16,2.33,fmnist__cnn1__contrast__1.5__model_seed42_itr19_sgd_itr1_w28.bin
fmnist,cnn1,model_seed42_itr19_sgd_itr1,contrast,1.5,1,185,-0.2510386034846306,5.502179866656661,-0.2510386034846306,5.502179866656661,true,true,-5.502179866656661,-0.7137416193246418,0.2926866384419439,0.1109477146671271,WRONG,WRONG,false,false,-3.15354367531836,0.14776424467563634,false,false,true,0.7221014873424884,1.43584310666713,1.752,fmnist__cnn1__contrast__1.5__model_seed42_itr19_sgd_itr1_w29.bin
fmnist,cnn1,model_seed42_itr19_sgd_itr1,contrast,1.5,1,186,-0.2510386034846306,5.502179866656661,-0.2510385740398332,5.502179866656661,false,true,-5.502179866656661,-0.6966119589548687,0.29268663844194315,0.14776424467563629,n/a,WRONG,false,false,NaN,0.14776424467563629,n/a,false,true,0.1477642446756363,5.551115123125783e-17,1.716,fmnist__cnn1__contrast__1.5__model_seed42_itr19_sgd_itr1_w30.bin
fmnist,cnn1,model_seed42_itr19_sgd_itr1,contrast,1.5,1,187,-0.2510386034846306,5.502179866656661,-0.2510385741746788,5.502179848713433,false,false,NaN,NaN,NaN,NaN,n/a,n/a,false,false,NaN,NaN,n/a,n/a,false,NaN,NaN,0.0,
fmnist,cnn1,model_seed42_itr19_sgd_itr1,contrast,1.5,1,188,-0.2510386034846306,5.502179866656661,-0.25103857397551216,5.502179866656661,false,true,-5.502179866656661,-0.1880228907082463,0.29268663844194415,0.14776424467563642,n/a,WRONG,false,false,NaN,0.1477642446756362,n/a,false,true,0.14776424467563617,0.0,1.72,fmnist__cnn1__contrast__1.5__model_seed42_itr19_sgd_itr1_w31.bin
fmnist,cnn1,model_seed42_itr19_sgd_itr1,contrast,1.5,1,189,-0.2510386034846306,5.502179866656661,-0.2510385741300253,5.502179866656661,false,true,-5.502179866656661,-0.28613564959533594,0.29268663844194465,0.045930462371517794,n/a,WRONG,false,false,NaN,0.1477642428833286,n/a,false,true,0.21565343287838892,0.16972297050688148,1.611,fmnist__cnn1__contrast__1.5__model_seed42_itr19_sgd_itr1_w32.bin
fmnist,cnn1,model_seed42_itr19_sgd_itr1,contrast,1.5,1,190,-0.2510386034846306,5.502179866656661,-0.2510386034846306,5.502179866656661,true,true,-5.502179866656661,-0.21243809230098842,0.2926866384419444,0.14485788043342082,WRONG,WRONG,false,false,-3.1535436753183603,0.14776424331550125,false,false,true,0.38789913790722985,0.6003372302082183,1.346,fmnist__cnn1__contrast__1.5__model_seed42_itr19_sgd_itr1_w33.bin
fmnist,cnn1,model_seed42_itr19_sgd_itr1,contrast,1.5,1,191,-0.2510386034846306,5.502179866656661,-0.2510385740576806,5.502179866656661,false,true,-5.502179866656661,-1.4692469842306697,0.2926866384419443,0.14485788043342082,n/a,WRONG,false,false,NaN,0.14776424467563637,n/a,false,true,0.1448578804334206,0.0,1.504,fmnist__cnn1__contrast__1.5__model_seed42_itr19_sgd_itr1_w34.bin
fmnist,cnn1,model_seed42_itr19_sgd_itr1,contrast,1.5,1,192,-0.2510386034846306,5.502179866656661,-0.2510385748505393,5.502179866656661,false,true,-5.502179866656661,-1.7213281918374579,0.29268663844194465,0.04943691953089285,n/a,WRONG,false,false,NaN,0.1477642446756363,n/a,false,true,0.21331579477213192,0.16387887524123912,2.409,fmnist__cnn1__contrast__1.5__model_seed42_itr19_sgd_itr1_w35.bin
fmnist,cnn1,model_seed42_itr19_sgd_itr1,contrast,1.5,1,193,-0.2510386034846306,5.502179866656661,-0.2510386034846306,5.502179866656661,true,true,-5.502179866656661,-0.4414736168715141,0.29268663844194615,0.1448578804334208,WRONG,WRONG,false,false,-3.1535436753183608,0.05233967781709757,false,false,true,0.5405894857070697,0.9820631025785838,1.256,fmnist__cnn1__contrast__1.5__model_seed42_itr19_sgd_itr1_w36.bin
fmnist,cnn1,model_seed42_itr19_sgd_itr1,contrast,1.5,1,194,-0.2510386034846306,5.502179866656661,-0.2510385738886814,5.502179866656661,false,true,-5.502179866656661,-0.1276082906975039,0.2926866384419447,0.14776424282686548,n/a,WRONG,false,false,NaN,0.14776424282686548,n/a,false,true,0.14776424447813105,1.6512633647589037e-9,3.576,fmnist__cnn1__contrast__1.5__model_seed42_itr19_sgd_itr1_w37.bin
fmnist,cnn1,model_seed42_itr19_sgd_itr1,contrast,1.5,1,195,-0.2510386034846306,5.502179866656661,-0.25103857400526225,5.502179866656661,false,true,-5.502179866656661,-1.4025023563226235,0.29268663844194404,0.1448578804334214,n/a,WRONG,false,false,NaN,0.147764413886676,n/a,false,true,0.14485788043342043,0.0,2.79,fmnist__cnn1__contrast__1.5__model_seed42_itr19_sgd_itr1_w38.bin
fmnist,cnn1,model_seed42_itr19_sgd_itr1,contrast,1.5,1,196,-0.2510386034846306,5.502179866656661,-0.25103857395539403,5.502179866656661,false,true,-5.502179866656661,-0.7177479751130215,0.29268663844194737,0.1448578804334208,n/a,WRONG,false,false,NaN,0.1477642446756363,n/a,false,true,0.14485788043342052,0.0,1.646,fmnist__cnn1__contrast__1.5__model_seed42_itr19_sgd_itr1_w39.bin
fmnist,cnn1,model_seed42_itr19_sgd_itr1,contrast,1.5,1,197,-0.2510386034846306,5.502179866656661,-0.2510385738592584,5.502179866656661,false,true,-5.502179866656661,-0.928644027946421,0.29268663844194376,0.12502857028382816,n/a,WRONG,false,false,NaN,0.14776424467563629,n/a,false,true,0.16292136093684176,0.03789279065301364,2.105,fmnist__cnn1__contrast__1.5__model_seed42_itr19_sgd_itr1_w40.bin
fmnist,cnn1,model_seed42_itr19_sgd_itr1,contrast,1.5,1,198,-0.2510386034846306,5.502179866656661,-0.2510386034846306,5.502179866656661,true,true,-5.502179866656661,-0.5980226089831266,0.2926866384419433,0.14776424467563642,WRONG,WRONG,false,false,-3.1535436753183603,0.14776424467563623,false,false,true,0.6449554804481452,1.242978089431272,1.995,fmnist__cnn1__contrast__1.5__model_seed42_itr19_sgd_itr1_w41.bin
fmnist,cnn1,model_seed42_itr19_sgd_itr1,contrast,1.5,1,199,-0.2510386034846306,5.502179866656661,-0.2510386034846306,5.502179866656661,true,true,-5.502179866656661,-0.18259649276733392,0.29268663844195375,0.14485788043342082,WRONG,WRONG,false,false,-3.1535436753183608,0.14776424281659728,false,false,true,0.36800473630428315,0.5506012290716171,1.471,fmnist__cnn1__contrast__1.5__model_seed42_itr19_sgd_itr1_w42.bin
fmnist,cnn1,model_seed42_itr19_sgd_itr1,contrast,1.5,1,200,-0.2510386034846306,5.502179866656661,-0.251038573980421,5.502179866656661,false,true,-5.502179866656661,-1.232007351540449,0.29268663844194487,0.1448578804334208,n/a,WRONG,false,false,NaN,0.14776424235996968,n/a,false,true,0.1448578804334212,9.36967517461973e-16,1.445,fmnist__cnn1__contrast__1.5__model_seed42_itr19_sgd_itr1_w43.bin
fmnist,cnn1,model_seed42_itr19_sgd_itr1,contrast,1.5,1,201,-0.2510386034846306,5.502179866656661,-0.25103857406004937,5.502179866656661,false,true,-5.502179866656661,-1.7600435931693774,0.29268663844194576,0.1448578804334208,n/a,WRONG,false,false,NaN,0.14776462706859908,n/a,false,true,0.14485788043342077,0.0,1.856,fmnist__cnn1__contrast__1.5__model_seed42_itr19_sgd_itr1_w44.bin
fmnist,cnn1,model_seed42_itr19_sgd_itr1,contrast,1.5,1,202,-0.2510386034846306,5.502179866656661,-0.2510386034846306,5.502179866656661,true,true,-5.502179866656661,-0.70702578715117,0.29501372085957883,0.012216619526936728,WRONG,WRONG,false,false,-3.1535436753183603,0.14776424467563626,false,false,true,0.7176244431132537,1.424650230264424,1.618,fmnist__cnn1__contrast__1.5__model_seed42_itr19_sgd_itr1_w45.bin
fmnist,cnn1,model_seed42_itr19_sgd_itr1,contrast,1.5,1,203,-0.2510386034846306,5.502179866656661,-0.25103857044022254,5.502179866656661,false,true,-5.502179866656661,-0.5082624750566826,0.2926866384418282,0.14485788043342082,n/a,WRONG,false,false,NaN,0.14776462694798187,n/a,false,true,0.14485788043342082,2.6237692574149207e-17,1.124,fmnist__cnn1__contrast__1.5__model_seed42_itr19_sgd_itr1_w46.bin
fmnist,cnn1,model_seed42_itr19_sgd_itr1,contrast,1.5,1,204,-0.2510386034846306,5.502179866656661,-0.25103857400725416,5.502179866656661,false,true,-5.502179866656661,-0.7070392096259146,0.2926866384419436,0.1385318718589505,n/a,WRONG,false,false,NaN,0.14776424271628724,n/a,false,true,0.1385318718589505,0.0,2.587,fmnist__cnn1__contrast__1.5__model_seed42_itr19_sgd_itr1_w47.bin
fmnist,cnn1,model_seed42_itr19_sgd_itr1,contrast,1.5,1,205,-0.2510386034846306,5.502179866656661,-0.2510386034846306,5.502179866656661,true,true,-5.502179866656661,-1.406411689258553,0.29268663844194454,0.14485788043342082,WRONG,WRONG,false,false,-3.1535436753183608,0.14776424328360419,false,false,true,1.183881549232868,2.590293238491421,1.775,fmnist__cnn1__contrast__1.5__model_seed42_itr19_sgd_itr1_w48.bin
fmnist,cnn1,model_seed42_itr19_sgd_itr1,contrast,1.5,1,206,-0.2510386034846306,5.502179866656661,-0.25103857391032547,5.502179866656661,false,true,-5.502179866656661,-0.9964692482983005,0.29838740676641473,0.0296179568772236,n/a,WRONG,false,false,NaN,0.1477642446756363,n/a,false,true,0.2172987681648482,0.1876808112876246,2.633,fmnist__cnn1__contrast__1.5__model_seed42_itr19_sgd_itr1_w49.bin
fmnist,cnn1,model_seed42_itr19_sgd_itr1,contrast,1.5,1,207,-0.2510386034846306,5.502179866656661,-0.25103857421626047,5.502179866656661,false,true,-5.502179866656661,-1.28171273758313,0.29268663844194354,0.14485788043342135,n/a,WRONG,false,false,NaN,0.14776424248104253,n/a,false,true,0.1448578804334204,0.0,2.046,fmnist__cnn1__contrast__1.5__model_seed42_itr19_sgd_itr1_w50.bin
fmnist,cnn1,model_seed42_itr19_sgd_itr1,contrast,1.5,1,208,-0.2510386034846306,5.502179866656661,-0.2510386034846306,5.502179866656661,true,true,-5.502179866656661,-1.43547936790213,0.2926866384419434,0.1477642434100508,WRONG,WRONG,false,false,-3.153543675318414,0.14776424329887394,false,false,true,1.2032600068816115,2.6387393747837415,1.955,fmnist__cnn1__contrast__1.5__model_seed42_itr19_sgd_itr1_w51.bin
fmnist,cnn1,model_seed42_itr19_sgd_itr1,contrast,1.5,1,209,-0.2510386034846306,5.502179866656661,-0.2510386034846306,5.502179866656661,true,true,-5.502179866656661,-1.4720926445288218,0.2952913802857291,0.14776424467563629,WRONG,WRONG,false,false,-3.15354367531836,0.14670733737238972,false,false,true,1.227668847303597,2.699761491832419,1.997,fmnist__cnn1__contrast__1.5__model_seed42_itr19_sgd_itr1_w52.bin
fmnist,cnn1,model_seed42_itr19_sgd_itr1,contrast,1.5,1,210,-0.2510386034846306,5.502179866656661,-0.2510386034846306,5.502179866656661,true,true,-5.502179866656661,-0.6905168816370009,0.2926866384419432,0.13649702944392827,WRONG,WRONG,false,true,-3.15354367531836,-0.0,false,true,true,0.7149093526783412,1.4054262343153419,2.01,fmnist__cnn1__contrast__1.5__model_seed42_itr19_sgd_itr1_w53.bin
fmnist,cnn1,model_seed42_itr19_sgd_itr1,contrast,1.5,1,211,-0.2510386034846306,5.502179866656661,-0.2510386034846306,5.502179866656661,true,true,-3.15354367531836,-3.15354367531836,0.2926866384419438,0.14485788043342082,WRONG,WRONG,false,false,-3.1535436552875233,0.14776424479041328,false,false,true,2.3486361913383007,5.502179866656661,4.69,fmnist__cnn1__contrast__1.5__model_seed42_itr19_sgd_itr1_w54.bin
fmnist,cnn1,model_seed42_itr19_sgd_itr1,contrast,1.5,1,212,-0.2510386034846306,5.502179866656661,-0.251038573960514,5.502179866656661,false,true,-5.502179866656661,-0.6905485332012177,0.29268663844194676,0.13145202393215882,n/a,WRONG,false,false,NaN,0.14776439535871008,n/a,false,true,0.13145202393215888,2.3592239273284576e-16,1.607,fmnist__cnn1__contrast__1.5__model_seed42_itr19_sgd_itr1_w55.bin
fmnist,cnn1,model_seed42_itr19_sgd_itr1,contrast,1.5,1,213,-0.2510386034846306,5.502179866656661,-0.2510386034846306,5.502179866656661,true,true,-5.502179866656661,-0.6033714424003829,0.29268663844194354,0.14485788043342082,WRONG,WRONG,false,false,-3.15354367531836,0.1477642433194005,false,false,true,0.6485216031452612,1.251893045545644,2.067,fmnist__cnn1__contrast__1.5__model_seed42_itr19_sgd_itr1_w56.bin
fmnist,cnn1,model_seed42_itr19_sgd_itr1,contrast,1.5,1,214,-0.2510386034846306,5.502179866656661,-0.2510386034846306,5.502179866656661,true,true,-5.502179866656661,-1.2595274794969527,0.29268663844194803,0.1459597458131662,WRONG,WRONG,false,false,-3.15354367531836,0.14776424330309307,false,false,true,1.0859587359328473,2.345486215429801,2.143,fmnist__cnn1__contrast__1.5__model_seed42_itr19_sgd_itr1_w57.bin
fmnist,cnn1,model_seed42_itr19_sgd_itr1,contrast,1.5,1,215,-0.2510386034846306,5.502179866656661,-0.2510386034846306,5.502179866656661,true,true,-5.502179866656661,-1.4711705412703047,0.2926866384419445,0.1448578804334208,WRONG,WRONG,false,false,-3.1535436753183608,0.14776424467563629,false,false,true,1.2270541116879885,2.6982246529582925,2.616,fmnist__cnn1__contrast__1.5__model_seed42_itr19_sgd_itr1_w58.bin
fmnist,cnn1,model_seed42_itr19_sgd_itr1,contrast,1.5,1,216,-0.2510386034846306,5.502179866656661,-0.2510385741778438,5.502179866656661,false,true,-5.502179866656661,-1.9975324158508774,0.292686638441942,0.14776424286099066,n/a,WRONG,false,false,NaN,0.14776424286099066,n/a,false,true,0.14776424451888612,1.6578944198389345e-9,3.819,fmnist__cnn1__contrast__1.5__model_seed42_itr19_sgd_itr1_w59.bin
fmnist,cnn1,model_seed42_itr19_sgd_itr1,contrast,1.5,1,217,-0.2510386034846306,5.502179866656661,-0.2510385739802509,5.502179866656661,false,true,-5.502179866656661,-1.0499989704109565,0.29501372085958033,0.14479657957580938,n/a,WRONG,false,false,NaN,0.14749616555262207,n/a,false,true,0.14479657957580938,4.90059381963448e-17,1.433,fmnist__cnn1__contrast__1.5__model_seed42_itr19_sgd_itr1_w60.bin
fmnist,cnn1,model_seed42_itr19_sgd_itr1,contrast,1.5,1,218,-0.2510386034846306,5.502179866656661,-0.25103857380992517,5.502179866656661,false,true,-5.502179866656661,-0.7053533344362509,0.29268663844194487,0.14776424467563642,n/a,WRONG,false,false,NaN,0.1477642446756362,n/a,false,true,0.1477642446756362,0.0,1.53,fmnist__cnn1__contrast__1.5__model_seed42_itr19_sgd_itr1_w61.bin
fmnist,cnn1,model_seed42_itr19_sgd_itr1,contrast,1.5,1,219,-0.2510386034846306,5.502179866656661,-0.2510385740650068,5.502179866656661,false,true,-5.502179866656661,-0.8840810720907009,0.2926866384419449,0.024900319159994022,n/a,WRONG,false,false,NaN,0.14776424467563629,n/a,false,true,0.22689242224660813,0.2019921030866141,1.76,fmnist__cnn1__contrast__1.5__model_seed42_itr19_sgd_itr1_w62.bin
fmnist,cnn1,model_seed42_itr19_sgd_itr1,contrast,1.5,1,220,-0.2510386034846306,5.502179866656661,-0.2510386034846306,5.502179866656661,true,true,-5.502179866656661,-0.5410424666961012,0.3033668728144807,0.14457264785879811,WRONG,WRONG,false,false,-3.15354367531836,0.14776424329816237,false,false,true,0.6069687189234614,1.1480111856195627,1.345,fmnist__cnn1__contrast__1.5__model_seed42_itr19_sgd_itr1_w63.bin
fmnist,cnn1,model_seed42_itr19_sgd_itr1,contrast,1.5,1,221,-0.2510386034846306,5.502179866656661,-0.2510386034846306,5.502179866656661,true,true,-5.502179866656661,-1.6323236743994467,0.2926866384419463,0.14485788043342082,WRONG,WRONG,false,false,-3.1535436753183608,0.14776424287374398,false,false,true,1.3344895350668062,2.966813209466253,2.254,fmnist__cnn1__contrast__1.5__model_seed42_itr19_sgd_itr1_w64.bin
fmnist,cnn1,model_seed42_itr19_sgd_itr1,contrast,1.5,1,222,-0.2510386034846306,5.502179866656661,-0.2510385739904957,5.502179866656661,false,true,-5.502179866656661,-1.779245621986774,0.29268663844194553,0.13553146751662545,n/a,WRONG,false,false,NaN,0.1477642428067925,n/a,false,true,0.15591942944831017,0.020387961931684795,2.497,fmnist__cnn1__contrast__1.5__model_seed42_itr19_sgd_itr1_w65.bin
fmnist,cnn1,model_seed42_itr19_sgd_itr1,contrast,1.5,1,223,-0.2510386034846306,5.502179866656661,-0.25103857398262464,5.502179866656661,false,true,-5.502179866656661,-1.8273295310606408,0.29268663844194287,0.14485788043342082,n/a,WRONG,false,false,NaN,0.14776424467563629,n/a,false,true,0.1448578804334207,0.0,2.491,fmnist__cnn1__contrast__1.5__model_seed42_itr19_sgd_itr1_w66.bin
fmnist,cnn1,model_seed42_itr19_sgd_itr1,contrast,1.5,1,224,-0.2510386034846306,5.502179866656661,-0.2510386034846306,5.502179866656661,true,true,-5.502179866656661,-1.11209838535303,0.2926866384419449,0.14776424467563629,WRONG,WRONG,false,false,-3.1535436753183603,0.09299723386726859,false,false,true,0.9876726646947477,2.0997710500477775,2.782,fmnist__cnn1__contrast__1.5__model_seed42_itr19_sgd_itr1_w67.bin
fmnist,cnn1,model_seed42_itr19_sgd_itr1,contrast,1.5,1,225,-0.2510386034846306,5.502179866656661,-0.2510386034846306,5.502179866656661,true,true,-5.502179866656661,-0.9218672527812382,0.2923220400291286,0.14776424282681627,WRONG,WRONG,false,false,-3.1535436753183608,0.14776424330827512,false,false,true,1.7548767021784888,2.6767439549597265,4.325,fmnist__cnn1__contrast__1.5__model_seed42_itr19_sgd_itr1_w68.bin
fmnist,cnn1,model_seed42_itr19_sgd_itr1,contrast,1.5,1,226,-0.2510386034846306,5.502179866656661,-0.2510386034846306,5.502179866656661,true,true,-5.502179866656661,-0.40844606117339854,0.29268663844194465,0.1364970294439291,WRONG,WRONG,false,false,-3.1535436753183608,0.14776424467563629,false,false,true,0.5185711180117323,0.9270171791851306,2.738,fmnist__cnn1__contrast__1.5__model_seed42_itr19_sgd_itr1_w69.bin
fmnist,cnn1,model_seed42_itr19_sgd_itr1,contrast,1.5,1,227,-0.2510386034846306,5.502179866656661,-0.25103857397992535,5.502179848732828,false,false,NaN,NaN,NaN,NaN,n/a,n/a,false,false,NaN,NaN,n/a,n/a,false,NaN,NaN,0.0,
fmnist,cnn1,model_seed42_itr19_sgd_itr1,contrast,1.5,1,228,-0.2510386034846306,5.502179866656661,-0.2510385742093199,5.502179866656661,false,true,-5.502179866656661,-0.2802584307070546,0.292686638441945,0.14485788043342082,n/a,WRONG,false,false,NaN,0.14776424246644773,n/a,false,true,0.14485788043342082,0.0,1.702,fmnist__cnn1__contrast__1.5__model_seed42_itr19_sgd_itr1_w70.bin
fmnist,cnn1,model_seed42_itr19_sgd_itr1,contrast,1.5,1,229,-0.2510386034846306,5.502179866656661,-0.25103857416604775,5.502179866656661,false,true,-5.502179866656661,-1.2400856870881298,0.29268663844194237,0.14485788043342082,n/a,WRONG,false,false,NaN,0.14776424467563629,n/a,false,true,0.14485788043342082,0.0,2.525,fmnist__cnn1__contrast__1.5__model_seed42_itr19_sgd_itr1_w71.bin
fmnist,cnn1,model_seed42_itr19_sgd_itr1,contrast,1.5,1,230,-0.2510386034846306,5.502179866656661,-0.2510385737374046,5.5021798487220765,false,false,NaN,NaN,NaN,NaN,n/a,n/a,false,false,NaN,NaN,n/a,n/a,false,NaN,NaN,0.0,
fmnist,cnn1,model_seed42_itr19_sgd_itr1,contrast,1.5,1,231,-0.2510386034846306,5.502179866656661,-0.2510386034846306,5.502179866656661,true,true,-5.502179866656661,-0.08133002944332302,0.2926866384419433,0.002267342789886967,WRONG,WRONG,false,false,-3.1535436753183603,0.14776424287190937,false,false,true,0.3004937607549425,0.3818237901982656,1.331,fmnist__cnn1__contrast__1.5__model_seed42_itr19_sgd_itr1_w72.bin
fmnist,cnn1,model_seed42_itr19_sgd_itr1,contrast,1.5,1,232,-0.2510386034846306,5.502179866656661,-0.2510386034846306,5.502179866656661,true,true,-5.502179866656661,-0.9774982913230975,0.2945795844498148,0.14480802137853527,WRONG,WRONG,false,false,-3.15354367531836,0.14776424467563626,false,false,true,0.8979392779239538,1.8754375692470509,1.669,fmnist__cnn1__contrast__1.5__model_seed42_itr19_sgd_itr1_w73.bin
fmnist,cnn1,model_seed42_itr19_sgd_itr1,contrast,1.5,1,233,-0.2510386034846306,5.502179866656661,-0.2510386034846306,5.502179848717842,true,false,-5.502179848717842,-0.690548533201217,0.29268663844194404,0.14776424467563629,WRONG,n/a,true,false,0.0,NaN,true,n/a,true,0.7066394299268722,1.39718796312809,2.868,fmnist__cnn1__contrast__1.5__model_seed42_itr19_sgd_itr1_w74.bin
fmnist,cnn1,model_seed42_itr19_sgd_itr1,contrast,1.5,1,234,-0.2510386034846306,5.502179866656661,-0.2510385741259365,5.502179848712848,false,false,NaN,NaN,NaN,NaN,n/a,n/a,false,false,NaN,NaN,n/a,n/a,false,NaN,NaN,0.0,
fmnist,cnn1,model_seed42_itr19_sgd_itr1,contrast,1.5,1,235,-0.2510386034846306,5.502179866656661,-0.2510386034846306,5.502179866656661,true,true,-3.1535436753183608,-3.1535436753183608,0.2983874067664148,0.026497997160411013,WRONG,WRONG,false,false,-3.1535436753183608,0.14776424467563634,false,false,true,2.3486361913383007,5.502179866656661,3.906,fmnist__cnn1__contrast__1.5__model_seed42_itr19_sgd_itr1_w75.bin
fmnist,cnn1,model_seed42_itr19_sgd_itr1,contrast,1.5,1,236,-0.2510386034846306,5.502179866656661,-0.25103857381511885,5.502179866656661,false,true,-5.502179866656661,-0.49217077006363263,0.292686638441944,0.05236456502360459,n/a,WRONG,false,false,NaN,0.14776424467563629,n/a,false,true,0.210520426656792,0.15815586163318746,1.974,fmnist__cnn1__contrast__1.5__model_seed42_itr19_sgd_itr1_w76.bin
fmnist,cnn1,model_seed42_itr19_sgd_itr1,contrast,1.5,1,237,-0.2510386034846306,5.502179866656661,-0.2510385741504578,5.502179848705692,false,false,NaN,NaN,NaN,NaN,n/a,n/a,false,false,NaN,NaN,n/a,n/a,false,NaN,NaN,0.0,
fmnist,cnn1,model_seed42_itr19_sgd_itr1,contrast,1.5,1,238,-0.2510386034846306,5.502179866656661,-0.2510386034846306,5.502179848737077,true,false,-5.502179848737077,-0.22875141611769212,0.29268663844181664,0.14776424467563642,WRONG,n/a,false,false,-3.1535436645666097,NaN,false,n/a,true,0.3987746852045219,0.627526101322214,1.736,fmnist__cnn1__contrast__1.5__model_seed42_itr19_sgd_itr1_w77.bin
fmnist,cnn1,model_seed42_itr19_sgd_itr1,contrast,1.5,1,239,-0.2510386034846306,5.502179866656661,-0.2510386034846306,5.502179866656661,true,true,-5.502179866656661,-0.54707840454579,0.29268663844194526,0.14485788043342082,WRONG,WRONG,false,false,-3.1535436753183603,0.1477642428449699,false,false,true,0.6109926774899206,1.1580710820357105,1.575,fmnist__cnn1__contrast__1.5__model_seed42_itr19_sgd_itr1_w78.bin
fmnist,cnn1,model_seed42_itr19_sgd_itr1,contrast,1.5,1,240,-0.2510386034846306,5.502179866656661,-0.25103857414683123,5.502179866656661,false,true,-5.502179866656661,-1.351135366534213,0.2996416714283001,0.14467364907918318,n/a,WRONG,false,false,NaN,0.14776424467563598,n/a,false,true,0.14467364907918198,0.0,1.416,fmnist__cnn1__contrast__1.5__model_seed42_itr19_sgd_itr1_w79.bin
fmnist,cnn1,model_seed42_itr19_sgd_itr1,contrast,1.5,1,241,-0.2510386034846306,5.502179866656661,-0.2510385740370786,5.502179848738939,false,false,NaN,NaN,NaN,NaN,n/a,n/a,false,false,NaN,NaN,n/a,n/a,false,NaN,NaN,0.0,
fmnist,cnn1,model_seed42_itr19_sgd_itr1,contrast,1.5,1,242,-0.2510386034846306,5.502179866656661,-0.2510386034846306,5.502179866656661,true,true,-3.15354367531836,-3.15354367531836,0.2926866384419433,0.14485788043342082,WRONG,WRONG,false,false,-3.15354367531836,0.14776424467563626,false,false,true,2.3486361913383007,5.502179866656661,3.41,fmnist__cnn1__contrast__1.5__model_seed42_itr19_sgd_itr1_w80.bin
fmnist,cnn1,model_seed42_itr19_sgd_itr1,contrast,1.5,1,243,-0.2510386034846306,5.502179866656661,-0.2510386034846306,5.502179866656661,true,true,-5.502179866656661,-0.6145889668946488,0.292686638441944,0.1356395520310531,WRONG,WRONG,false,false,-3.1535436753183603,Inf,false,false,true,0.6559997190558268,1.2705886859504758,2.065,fmnist__cnn1__contrast__1.5__model_seed42_itr19_sgd_itr1_w81.bin
fmnist,cnn1,model_seed42_itr19_sgd_itr1,contrast,1.5,1,244,-1.054734118282795,4.8492031544446945,-1.054734091341451,4.8492031544446945,false,true,-2.8610534280538555,-0.21471908390836145,0.6861483366750053,0.04846846461296082,n/a,WRONG,false,false,NaN,0.04846846471780797,n/a,false,true,0.04846846461296082,1.3877787807814457e-17,2.938,fmnist__cnn1__contrast__1.5__model_seed42_itr19_sgd_itr1_w82.bin
fmnist,cnn1,model_seed42_itr19_sgd_itr1,contrast,1.5,1,245,-1.054734118282795,4.8492031544446945,-1.054734118282795,4.8492031544446945,true,true,-2.8610534280538564,-0.1700720112902394,0.11821716864299092,0.047988809739245575,WRONG,WRONG,false,false,-2.8610534280538085,0.04846846320336822,false,false,true,1.8860738141866142,2.0561458254768534,4.197,fmnist__cnn1__contrast__1.5__model_seed42_itr19_sgd_itr1_w83.bin
fmnist,cnn1,model_seed42_itr19_sgd_itr1,contrast,1.5,1,246,-1.054734118282795,4.8492031544446945,-1.054734118282795,4.849203132671118,true,false,-4.849203132671118,-1.742893530500753,0.11821716864298923,0.04328884516056704,WRONG,n/a,false,false,-2.86105341498971,NaN,false,n/a,true,1.242709819367357,2.9856033498681103,6.431,fmnist__cnn1__contrast__1.5__model_seed42_itr19_sgd_itr1_w84.bin
fmnist,cnn1,model_seed42_itr19_sgd_itr1,contrast,1.5,1,247,-1.054734118282795,4.8492031544446945,-1.054734118282795,4.8492031544446945,true,true,-2.8610534280538555,-2.800943444913836,0.6001292023852768,0.045876660026775595,WRONG,WRONG,false,false,-2.8610534280538564,0.0484684626129493,false,false,true,1.948076406091545,4.7490198510053805,3.527,fmnist__cnn1__contrast__1.5__model_seed42_itr19_sgd_itr1_w85.bin
fmnist,cnn1,model_seed42_itr19_sgd_itr1,contrast,1.5,1,248,-1.054734118282795,4.8492031544446945,-1.054734118282795,4.8492031544446945,true,true,-4.8492031544446945,-1.5480718657491592,0.11821716864298953,0.04584630097331163,WRONG,WRONG,false,false,-2.8610534280538564,0.04846846461296087,false,false,true,1.1128287380871977,2.6609006038363563,2.955,fmnist__cnn1__contrast__1.5__model_seed42_itr19_sgd_itr1_w86.bin
fmnist,cnn1,model_seed42_itr19_sgd_itr1,contrast,1.5,1,249,-1.054734118282795,4.8492031544446945,-1.054734118282795,4.849203132621851,true,false,-4.849203132621851,-0.7402659349977897,0.5924781743979056,0.04591231679824317,WRONG,n/a,false,false,-2.8610534149601503,NaN,false,n/a,true,0.5742913976867952,1.3145573326845852,1.954,fmnist__cnn1__contrast__1.5__model_seed42_itr19_sgd_itr1_w87.bin
fmnist,cnn1,model_seed42_itr19_sgd_itr1,contrast,1.5,1,250,-1.054734118282795,4.8492031544446945,-1.054734118282795,4.8492031544446945,true,true,-2.8610534280538555,-2.8610534280538555,0.11821716864298992,0.04846846461296082,WRONG,WRONG,false,false,-2.8610534280538564,0.04846846461296082,false,false,true,1.9881497263908388,4.8492031544446945,3.73,fmnist__cnn1__contrast__1.5__model_seed42_itr19_sgd_itr1_w88.bin
fmnist,cnn1,model_seed42_itr19_sgd_itr1,contrast,1.5,1,251,-1.054734118282795,4.8492031544446945,-1.054734118282795,4.8492031544446945,true,true,-4.8492031544446945,-1.915173365637076,0.11821716864298959,0.04846846461296077,WRONG,WRONG,false,false,-2.8610534280538564,0.048468464612960865,false,false,true,1.3575630181129852,3.2727363837500607,2.564,fmnist__cnn1__contrast__1.5__model_seed42_itr19_sgd_itr1_w89.bin
fmnist,cnn1,model_seed42_itr19_sgd_itr1,contrast,1.5,1,252,-1.054734118282795,4.8492031544446945,-1.054734118282795,4.8492031544446945,true,true,-4.8492031544446945,-0.5229849910185074,0.11821716864299148,0.04846846461296082,WRONG,WRONG,false,false,-2.861053428053856,0.04846846461296082,false,false,true,0.42943743503394155,0.9524224260524499,2.573,fmnist__cnn1__contrast__1.5__model_seed42_itr19_sgd_itr1_w90.bin
fmnist,cnn1,model_seed42_itr19_sgd_itr1,contrast,1.5,1,253,-1.054734118282795,4.8492031544446945,-1.054734118282795,4.8492031544446945,true,true,-2.8610534280538564,-2.8610534280538564,0.6813089355826375,0.04846846461296082,WRONG,WRONG,false,false,-2.8610534280538564,0.045797547605350174,false,false,true,1.9881497263908388,4.8492031544446945,4.07,fmnist__cnn1__contrast__1.5__model_seed42_itr19_sgd_itr1_w91.bin
fmnist,cnn1,model_seed42_itr19_sgd_itr1,contrast,1.5,1,254,-1.054734118282795,4.8492031544446945,-1.054734118282795,4.849203132721428,true,false,-4.849203132721428,-0.31848979224730184,0.6813089355826379,0.00695494170070142,WRONG,n/a,false,false,-2.8610534150198963,NaN,false,n/a,true,0.3240645570506225,0.6425543492979243,1.486,fmnist__cnn1__contrast__1.5__model_seed42_itr19_sgd_itr1_w92.bin
fmnist,cnn1,model_seed42_itr19_sgd_itr1,contrast,1.5,1,255,-1.054734118282795,4.8492031544446945,-1.054734118282795,4.8492031327283645,true,false,-2.8610534241742505,-2.8610534150240583,0.6273576347138813,0.045749171195234584,WRONG,n/a,false,false,-2.861053415024058,NaN,false,n/a,true,1.9881497177043068,4.8492031327283645,3.022,fmnist__cnn1__contrast__1.5__model_seed42_itr19_sgd_itr1_w93.bin
fmnist,cnn1,model_seed42_itr19_sgd_itr1,contrast,1.5,1,256,-1.054734118282795,4.8492031544446945,-1.054734118282795,4.8492031544446945,true,true,-2.8610534280538564,-2.8610534280538564,0.6791383178364627,0.023994653090589596,WRONG,WRONG,false,false,-2.8610534049373366,Inf,false,false,true,1.9881497263908388,4.8492031544446945,7.479,fmnist__cnn1__contrast__1.5__model_seed42_itr19_sgd_itr1_w94.bin
fmnist,cnn1,model_seed42_itr19_sgd_itr1,contrast,1.5,1,257,-1.054734118282795,4.8492031544446945,-1.054734118282795,4.8492031544446945,true,true,-4.8492031544446945,-1.0654438923657272,0.6813089355826375,0.04846846459618231,WRONG,WRONG,false,false,-2.861053428053856,0.044647958651228864,false,false,true,0.7910767032134971,1.856520595579225,2.041,fmnist__cnn1__contrast__1.5__model_seed42_itr19_sgd_itr1_w95.bin
fmnist,cnn1,model_seed42_itr19_sgd_itr1,contrast,1.5,1,258,-1.054734118282795,4.8492031544446945,-1.054734118282795,4.8492031544446945,true,true,-4.8492031544446945,-0.3315697332173798,0.1182171686429882,0.042440691896565304,WRONG,WRONG,false,false,-2.8610534280538564,0.04846846309957879,false,false,true,0.3491143874739002,0.6806841206912799,2.442,fmnist__cnn1__contrast__1.5__model_seed42_itr19_sgd_itr1_w96.bin
fmnist,cnn1,model_seed42_itr19_sgd_itr1,contrast,1.5,1,259,-1.054734118282795,4.8492031544446945,-1.054734118282795,4.8492031544446945,true,true,-4.8492031544446945,-1.576170203423023,0.6249203417227469,0.0457606210153463,WRONG,WRONG,false,false,-2.8610534280538564,0.048468463212046856,false,false,true,1.131560937887406,2.707731141310429,2.276,fmnist__cnn1__contrast__1.5__model_seed42_itr19_sgd_itr1_w97.bin
fmnist,cnn1,model_seed42_itr19_sgd_itr1,contrast,1.5,1,260,-1.054734118282795,4.8492031544446945,-1.054734118282795,4.8492031544446945,true,true,-4.8492031544446945,-1.1215548610164663,0.6147299676909476,0.04580841200300049,WRONG,WRONG,false,false,-2.861053405089673,0.04846846461296073,false,false,true,0.8284840305799185,1.9500388915963844,1.938,fmnist__cnn1__contrast__1.5__model_seed42_itr19_sgd_itr1_w98.bin
fmnist,cnn1,model_seed42_itr19_sgd_itr1,contrast,1.5,1,261,-1.054734118282795,4.8492031544446945,-1.054734118282795,4.8492031335107,true,false,-4.8492031335107,-0.9383969600374176,0.6813089355826379,0.04846846461296082,WRONG,n/a,false,false,-2.8610534071198757,NaN,false,n/a,true,0.7063787477132134,1.644775707750631,1.816,fmnist__cnn1__contrast__1.5__model_seed42_itr19_sgd_itr1_w99.bin
fmnist,cnn1,model_seed42_itr19_sgd_itr1,contrast,1.5,1,262,-1.054734118282795,4.8492031544446945,-1.054734118282795,4.8492031544446945,true,true,-2.8610534280538564,-2.8610534280538564,0.11821716864298776,0.04846846461296082,WRONG,WRONG,false,false,-2.861053428053856,0.04846846461296082,false,false,true,1.9881497263908388,4.8492031544446945,4.306,fmnist__cnn1__contrast__1.5__model_seed42_itr19_sgd_itr1_w100.bin
fmnist,cnn1,model_seed42_itr19_sgd_itr1,contrast,1.5,1,263,-1.054734118282795,4.8492031544446945,-1.054734118282795,4.8492031544446945,true,true,-4.8492031544446945,-0.4430147250964623,0.11821716864298798,0.048468464612960775,WRONG,WRONG,false,false,-2.8610534050049568,0.04581060847930818,false,false,true,0.3761239244192435,0.8191386495157066,2.468,fmnist__cnn1__contrast__1.5__model_seed42_itr19_sgd_itr1_w101.bin
fmnist,cnn1,model_seed42_itr19_sgd_itr1,contrast,1.5,1,264,-1.054734118282795,4.8492031544446945,-1.054734118282795,4.849203132604867,true,false,-4.849203132604867,-0.06566073316082205,0.11821716864298859,0.04244069189656517,WRONG,n/a,false,false,-2.8610534241521863,NaN,false,n/a,true,0.13090380957493475,0.19656454273575683,1.788,fmnist__cnn1__contrast__1.5__model_seed42_itr19_sgd_itr1_w102.bin
fmnist,cnn1,model_seed42_itr19_sgd_itr1,contrast,1.5,1,265,-1.054734118282795,4.8492031544446945,-1.054734118282795,4.8492031544446945,true,true,-4.8492031544446945,-1.042339199781418,0.4764885304320703,0.04297833906242962,WRONG,WRONG,false,false,-2.861053428053856,0.04846846461296082,false,false,true,0.7756735742092133,1.818012773990631,2.21,fmnist__cnn1__contrast__1.5__model_seed42_itr19_sgd_itr1_w103.bin
fmnist,cnn1,model_seed42_itr19_sgd_itr1,contrast,1.5,1,266,-1.054734118282795,4.8492031544446945,-1.054734118282795,4.8492031544446945,true,true,-4.8492031544446945,-0.8633723528580435,0.11821716864298804,0.047988809739245575,WRONG,WRONG,false,false,-2.861053405101753,0.04846846471780797,false,false,true,0.6563623429269637,1.5197346957850073,3.213,fmnist__cnn1__contrast__1.5__model_seed42_itr19_sgd_itr1_w104.bin
fmnist,cnn1,model_seed42_itr19_sgd_itr1,contrast,1.5,1,267,-1.054734118282795,4.8492031544446945,-1.054734118282795,4.849203132548313,true,false,-4.849203132548313,-0.34683312955599177,0.6813089355826379,0.04846846461296082,WRONG,n/a,false,false,-2.861053414916027,NaN,false,n/a,true,0.3120028607255952,0.658835990281586,1.806,fmnist__cnn1__contrast__1.5__model_seed42_itr19_sgd_itr1_w105.bin
fmnist,cnn1,model_seed42_itr19_sgd_itr1,contrast,1.5,1,268,-1.054734118282795,4.8492031544446945,-1.054734118282795,4.8492031544446945,true,true,-4.8492031544446945,-0.006447432927195532,0.6801004296473142,0.04846846471780797,WRONG,WRONG,false,true,-2.861053428053936,-0.0,false,true,true,0.08507906297306518,0.09152649590026093,2.103,fmnist__cnn1__contrast__1.5__model_seed42_itr19_sgd_itr1_w106.bin
fmnist,cnn1,model_seed42_itr19_sgd_itr1,contrast,1.5,1,269,-1.054734118282795,4.8492031544446945,-1.054734118282795,4.8492031544446945,true,true,-2.8610534280538644,-2.8610534280538644,0.11821716864298715,0.04577706902554372,WRONG,WRONG,false,false,-2.861053428053856,0.04846846461296082,false,false,true,1.9881497263908388,4.8492031544446945,4.913,fmnist__cnn1__contrast__1.5__model_seed42_itr19_sgd_itr1_w107.bin
fmnist,cnn1,model_seed42_itr19_sgd_itr1,contrast,1.5,1,270,-1.054734118282795,4.8492031544446945,-1.054734118282795,4.8492031544446945,true,true,-4.8492031544446945,-0.05870620608329771,0.5232514490804312,0.046231659006592624,WRONG,WRONG,false,false,-2.861053428053856,0.04846846307919803,false,false,true,0.1199182450771332,0.1786244511604309,1.757,fmnist__cnn1__contrast__1.5__model_seed42_itr19_sgd_itr1_w108.bin
fmnist,cnn1,model_seed42_itr19_sgd_itr1,contrast,1.5,1,271,-1.054734118282795,4.8492031544446945,-1.054734118282795,4.8492031544446945,true,true,-2.8610534280538564,-2.8610534280538564,0.11821716864298915,0.04590199676154984,WRONG,WRONG,false,false,-2.861053428053856,0.048468464612960796,false,false,true,1.9881497263908388,4.8492031544446945,5.5,fmnist__cnn1__contrast__1.5__model_seed42_itr19_sgd_itr1_w109.bin
fmnist,cnn1,model_seed42_itr19_sgd_itr1,contrast,1.5,1,272,-1.054734118282795,4.8492031544446945,-1.054734118282795,4.8492031334658225,true,false,-4.8492031334658225,-0.9077603590269099,0.6813089355826378,0.005501699124888012,WRONG,n/a,false,false,-2.861053404449209,NaN,false,n/a,true,0.6859543470395432,1.5937147060664554,1.311,fmnist__cnn1__contrast__1.5__model_seed42_itr19_sgd_itr1_w110.bin
fmnist,cnn1,model_seed42_itr19_sgd_itr1,contrast,1.5,1,273,-1.054734118282795,4.8492031544446945,-1.054734118282795,4.849203132676637,true,false,-4.849203132676637,-0.5789151462249407,0.681308935582638,0.03231230974197371,WRONG,n/a,false,false,-2.861053424165008,NaN,false,n/a,true,0.4667242055054969,1.0456393517304379,1.375,fmnist__cnn1__contrast__1.5__model_seed42_itr19_sgd_itr1_w111.bin
fmnist,cnn1,model_seed42_itr19_sgd_itr1,contrast,1.5,1,274,-1.054734118282795,4.8492031544446945,-1.054734118282795,4.8492031544446945,true,true,-4.8492031544446945,-1.5345948544856822,0.6075273522120832,0.04846846314143234,WRONG,WRONG,false,false,-2.861053428053856,0.04846846461296088,false,false,true,1.1038440106787224,2.638438865164404,3.242,fmnist__cnn1__contrast__1.5__model_seed42_itr19_sgd_itr1_w112.bin
fmnist,cnn1,model_seed42_itr19_sgd_itr1,contrast,1.5,1,275,-1.054734118282795,4.8492031544446945,-1.054734118282795,4.8492031544446945,true,true,-4.8492031544446945,-1.6558758162140703,0.594436197723648,0.045891108201846165,WRONG,WRONG,false,false,-2.8610534280538564,0.04846846461296074,false,false,true,1.184697985164316,2.840573801378388,1.864,fmnist__cnn1__contrast__1.5__model_seed42_itr19_sgd_itr1_w113.bin
fmnist,cnn1,model_seed42_itr19_sgd_itr1,contrast,1.5,1,276,-1.054734118282795,4.8492031544446945,-1.054734118282795,4.849203132705056,true,false,-4.849203132705056,-1.6540267646312736,0.11821716864299309,0.047988809739245575,WRONG,n/a,false,false,-2.8610534150100726,NaN,false,n/a,true,1.1834652841091158,2.837492048740387,2.189,fmnist__cnn1__contrast__1.5__model_seed42_itr19_sgd_itr1_w114.bin
fmnist,cnn1,model_seed42_itr19_sgd_itr1,contrast,1.5,1,277,-1.054734118282795,4.8492031544446945,-1.054734118282795,4.8492031544446945,true,true,-2.861053428053856,-2.861053428053856,0.6025547247955756,0.045865340918354494,WRONG,WRONG,false,false,-2.8610534280538564,0.04846846461296082,false,false,true,1.9881497263908388,4.8492031544446945,3.78,fmnist__cnn1__contrast__1.5__model_seed42_itr19_sgd_itr1_w115.bin
fmnist,cnn1,model_seed42_itr19_sgd_itr1,contrast,1.5,1,278,-1.054734118282795,4.8492031544446945,-1.054734118282795,4.8492031544446945,true,true,-4.8492031544446945,-0.8309415151947828,0.6174705786239161,0.045795571867246844,WRONG,WRONG,false,false,-2.8610534280538564,0.0484684631733486,false,false,true,0.6347417844847899,1.4656832996795726,1.579,fmnist__cnn1__contrast__1.5__model_seed42_itr19_sgd_itr1_w116.bin
fmnist,cnn1,model_seed42_itr19_sgd_itr1,contrast,1.5,1,279,-1.054734118282795,4.8492031544446945,-1.0547340913471726,4.8492031327361635,false,false,NaN,NaN,NaN,NaN,n/a,n/a,false,false,NaN,NaN,n/a,n/a,false,NaN,NaN,0.0,
fmnist,cnn1,model_seed42_itr19_sgd_itr1,contrast,1.5,1,280,-1.054734118282795,4.8492031544446945,-1.054734118282795,4.8492031544446945,true,true,-4.8492031544446945,-0.5151006019460859,0.6219262328526751,0.04577467638277608,WRONG,WRONG,false,false,-2.861053428053856,0.04846846461296082,false,false,true,0.42418118372706703,0.9392817856731531,1.925,fmnist__cnn1__contrast__1.5__model_seed42_itr19_sgd_itr1_w117.bin
fmnist,cnn1,model_seed42_itr19_sgd_itr1,contrast,1.5,1,281,-1.054734118282795,4.8492031544446945,-1.054734118282795,4.8492031544446945,true,true,-4.8492031544446945,-0.5084964261704811,0.5968552929060104,0.04846846461296073,WRONG,WRONG,false,true,-2.8610534280538564,-0.0,false,true,true,0.4197783918019221,0.9282748179724032,1.905,fmnist__cnn1__contrast__1.5__model_seed42_itr19_sgd_itr1_w118.bin
fmnist,cnn1,model_seed42_itr19_sgd_itr1,contrast,1.5,1,282,-1.054734118282795,4.8492031544446945,-1.054734118282795,4.849203132662195,true,false,-2.861053428053855,-2.861053406271391,0.6813089355826378,0.031993965392782535,WRONG,n/a,false,false,-2.8610534149843563,NaN,false,n/a,true,1.9881497263908388,4.8492031544446945,3.945,fmnist__cnn1__contrast__1.5__model_seed42_itr19_sgd_itr1_w119.bin
fmnist,cnn1,model_seed42_itr19_sgd_itr1,contrast,1.5,1,283,-1.054734118282795,4.8492031544446945,-1.054734118282795,4.8492031544446945,true,true,-2.861053428053856,-2.861053428053856,0.5872946893218765,0.04846846461296095,WRONG,WRONG,false,false,-2.8610534280538564,0.048468463185370056,false,false,true,1.9881497263908388,4.8492031544446945,3.085,fmnist__cnn1__contrast__1.5__model_seed42_itr19_sgd_itr1_w120.bin
fmnist,cnn1,model_seed42_itr19_sgd_itr1,contrast,1.5,1,284,-1.054734118282795,4.8492031544446945,-1.054734118282795,4.8492031544446945,true,true,-4.8492031544446945,-0.9967732605785609,0.6111538574049065,0.04582515240085312,WRONG,WRONG,false,false,-2.8610534280538564,0.04846846461296082,false,false,true,0.7452962962276987,1.7420695568062596,1.657,fmnist__cnn1__contrast__1.5__model_seed42_itr19_sgd_itr1_w121.bin
fmnist,cnn1,model_seed42_itr19_sgd_itr1,contrast,1.5,1,285,-1.054734118282795,4.8492031544446945,-1.054734118282795,4.849203132639491,true,false,-4.849203132639491,-0.32859145563992664,0.681308935582638,0.04846846461296082,WRONG,n/a,false,false,-2.8610534149707343,NaN,false,n/a,true,0.29984174478155246,0.6284332004214791,1.776,fmnist__cnn1__contrast__1.5__model_seed42_itr19_sgd_itr1_w122.bin
fmnist,cnn1,model_seed42_itr19_sgd_itr1,contrast,1.5,1,286,-1.054734118282795,4.8492031544446945,-1.054734118282795,4.8492031544446945,true,true,-2.8610534280538564,-2.8610534280538564,0.5959743961562127,0.04846846461296082,WRONG,WRONG,false,false,-2.8610534280538564,0.04798880973924556,false,false,true,1.9881497263908388,4.8492031544446945,3.759,fmnist__cnn1__contrast__1.5__model_seed42_itr19_sgd_itr1_w123.bin
fmnist,cnn1,model_seed42_itr19_sgd_itr1,contrast,1.5,1,287,-1.054734118282795,4.8492031544446945,-1.054734118282795,4.8492031544446945,true,true,-4.8492031544446945,-0.30396290876671733,0.6803700301686476,0.04798880973924652,WRONG,WRONG,false,false,-2.861053428053856,0.04846846461296082,false,false,true,0.28848629993309083,0.5924492086998081,1.764,fmnist__cnn1__contrast__1.5__model_seed42_itr19_sgd_itr1_w124.bin
fmnist,cnn1,model_seed42_itr19_sgd_itr1,contrast,1.5,1,288,-1.054734118282795,4.8492031544446945,-1.054734118282795,4.8492031544446945,true,true,-4.8492031544446945,-0.20923818619187687,0.6170206203425862,0.045797680630003716,WRONG,WRONG,false,false,-2.861053428053856,0.04846846319109725,false,false,true,0.2202728984828526,0.42951108467472954,1.956,fmnist__cnn1__contrast__1.5__model_seed42_itr19_sgd_itr1_w125.bin
fmnist,cnn1,model_seed42_itr19_sgd_itr1,contrast,1.5,1,289,-1.054734118282795,4.8492031544446945,-1.054734118282795,4.8492031544446945,true,true,-2.8610534280538555,-2.86105340506817,0.1182171686429891,0.04328888740226049,WRONG,WRONG,false,false,-2.861053405082868,0.04574097694444423,false,false,true,1.9881497127198382,4.849203117788009,8.386,fmnist__cnn1__contrast__1.5__model_seed42_itr19_sgd_itr1_w126.bin
fmnist,cnn1,model_seed42_itr19_sgd_itr1,contrast,1.5,1,290,-1.054734118282795,4.8492031544446945,-1.054734118282795,4.8492031544446945,true,true,-4.8492031544446945,-0.276361171860581,0.5872893635348558,0.04574097694444422,WRONG,WRONG,false,false,-2.8610534280538564,0.043288883793963395,false,false,true,0.2924867789267652,0.5688479507873462,2.179,fmnist__cnn1__contrast__1.5__model_seed42_itr19_sgd_itr1_w127.bin
fmnist,cnn1,model_seed42_itr19_sgd_itr1,contrast,1.5,1,291,-1.054734118282795,4.8492031544446945,-1.054734118282795,4.849203132667774,true,false,-4.849203132667774,-0.4078954241252002,0.1182171686429917,0.047534575175465,WRONG,n/a,false,false,-2.8610534241634253,NaN,false,n/a,true,0.43409353773548676,0.8419889618606871,2.511,fmnist__cnn1__contrast__1.5__model_seed42_itr19_sgd_itr1_w128.bin
fmnist,cnn1,model_seed42_itr19_sgd_itr1,contrast,1.5,1,292,-1.054734118282795,4.8492031544446945,-1.054734118282795,4.849203132661606,true,false,-4.849203132661606,-0.2573066085577011,0.6813089355826379,0.0294542824127655,WRONG,n/a,false,false,-2.8610534149840037,NaN,false,n/a,true,0.2523185133934021,0.5096251219511032,1.5,fmnist__cnn1__contrast__1.5__model_seed42_itr19_sgd_itr1_w129.bin
fmnist,cnn1,model_seed42_itr19_sgd_itr1,contrast,1.5,1,293,-1.054734118282795,4.8492031544446945,-1.054734118282795,4.8492031544446945,true,true,-2.8610534280538564,-2.436138247370775,0.11821716864298715,0.047988809739245575,WRONG,WRONG,false,false,-2.861053405117228,0.048468464612960796,false,false,true,1.7048729392687845,4.141011186639559,3.584,fmnist__cnn1__contrast__1.5__model_seed42_itr19_sgd_itr1_w130.bin
fmnist,cnn1,model_seed42_itr19_sgd_itr1,contrast,1.5,1,294,-1.054734118282795,4.8492031544446945,-1.054734118282795,4.849203132634362,true,false,-4.849203132634362,-1.3542926136018527,0.45746339733669694,0.033036638412330135,WRONG,n/a,false,false,-2.8610534241574563,NaN,false,n/a,true,0.9836425167561699,2.3379351303580225,3.332,fmnist__cnn1__contrast__1.5__model_seed42_itr19_sgd_itr1_w131.bin
fmnist,cnn1,model_seed42_itr19_sgd_itr1,contrast,1.5,1,295,-1.054734118282795,4.8492031544446945,-1.054734118282795,4.8492031544446945,true,true,-4.8492031544446945,-0.1303000643849373,0.6160611532784961,0.04846846461296082,WRONG,WRONG,false,false,-2.8610534280538564,0.03781066973162009,false,false,true,0.16764748394489293,0.29794754832983017,3.625,fmnist__cnn1__contrast__1.5__model_seed42_itr19_sgd_itr1_w132.bin
fmnist,cnn1,model_seed42_itr19_sgd_itr1,contrast,1.5,1,296,-1.054734118282795,4.8492031544446945,-1.054734118282795,4.8492031544446945,true,true,-4.8492031544446945,-0.3540339938351343,0.11821716864299325,0.03029279038310051,WRONG,WRONG,false,false,-2.8610534280538564,0.04845761763065414,false,false,true,0.4831242891164239,0.837158282951558,3.217,fmnist__cnn1__contrast__1.5__model_seed42_itr19_sgd_itr1_w133.bin
fmnist,cnn1,model_seed42_itr19_sgd_itr1,contrast,1.5,1,297,-1.054734118282795,4.8492031544446945,-1.054734118282795,4.8492031544446945,true,true,-4.8492031544446945,-2.2527742037779266,0.4730273376736958,0.008402363722485028,WRONG,WRONG,false,true,-2.861053428053856,-0.0,false,true,true,1.5834706962603522,3.836244900038279,2.247,fmnist__cnn1__contrast__1.5__model_seed42_itr19_sgd_itr1_w134.bin
fmnist,cnn1,model_seed42_itr19_sgd_itr1,contrast,1.5,1,298,-1.054734118282795,4.8492031544446945,-1.054734118282795,4.8492031544446945,true,true,-2.861053428053855,-2.86105340505037,0.522062963104793,0.04846846326089134,WRONG,WRONG,false,false,-2.8610534280538564,0.04846846461296073,false,false,true,1.9881497127076186,4.849203117757988,7.854,fmnist__cnn1__contrast__1.5__model_seed42_itr19_sgd_itr1_w135.bin
fmnist,cnn1,model_seed42_itr19_sgd_itr1,contrast,1.5,1,299,-1.054734118282795,4.8492031544446945,-1.054734118282795,4.8492031544446945,true,true,-4.8492031544446945,-0.7991883605841449,0.11821716864298976,0.00840236372251312,WRONG,WRONG,false,false,-2.8610534280538564,0.043288882709615936,false,false,true,0.6135730147443632,1.4127613753285075,2.372,fmnist__cnn1__contrast__1.5__model_seed42_itr19_sgd_itr1_w136.bin
fmnist,cnn1,model_seed42_itr19_sgd_itr1,contrast,1.5,1,300,-1.054734118282795,4.8492031544446945,-1.054734118282795,4.8492031544446945,true,true,-4.8492031544446945,-0.5097522963495689,0.6019090494528337,0.045868354787938354,WRONG,WRONG,false,false,-2.8610534280538564,0.047987410278085896,false,false,true,0.5223206181585731,1.032072914508142,2.287,fmnist__cnn1__contrast__1.5__model_seed42_itr19_sgd_itr1_w137.bin
fmnist,cnn1,model_seed42_itr19_sgd_itr1,contrast,1.5,1,301,-1.054734118282795,4.8492031544446945,-1.054734118282795,4.849203132678543,true,false,-4.849203132678543,-0.4842108646797846,0.6273576347138783,0.04574917119523366,WRONG,n/a,false,false,-2.861053424165349,NaN,false,n/a,true,0.41167804685603604,0.8958889115358206,2.088,fmnist__cnn1__contrast__1.5__model_seed42_itr19_sgd_itr1_w138.bin
fmnist,cnn1,model_seed42_itr19_sgd_itr1,contrast,1.5,1,302,-1.054734118282795,4.8492031544446945,-1.054734118282795,4.8492031544446945,true,true,-4.8492031544446945,-1.7095458462908335,0.5859096000727135,0.045942870844714274,WRONG,WRONG,false,false,-2.8610534280538564,0.04846846461296082,false,false,true,1.2204780052154902,2.930023851506323,1.765,fmnist__cnn1__contrast__1.5__model_seed42_itr19_sgd_itr1_w139.bin
fmnist,cnn1,model_seed42_itr19_sgd_itr1,contrast,1.5,1,303,-1.054734118282795,4.8492031544446945,-1.054734118282795,4.849203132586654,true,false,-4.849203132586654,-0.863345267211188,0.1182171686429907,0.046231659006592624,WRONG,n/a,false,false,-2.8610534149390316,NaN,false,n/a,true,0.6563442858290599,1.5196895530402479,2.464,fmnist__cnn1__contrast__1.5__model_seed42_itr19_sgd_itr1_w140.bin
fmnist,cnn1,model_seed42_itr19_sgd_itr1,contrast,1.5,1,304,-1.054734118282795,4.8492031544446945,-1.054734118282795,4.8492031544446945,true,true,-2.8610534280538555,-2.828839603120641,0.6922123539049658,0.04846846461296095,WRONG,WRONG,false,false,-2.861053428053856,0.04846846311005892,false,false,true,1.9666738431020272,4.795513446222666,3.865,fmnist__cnn1__contrast__1.5__model_seed42_itr19_sgd_itr1_w141.bin
fmnist,cnn1,model_seed42_itr19_sgd_itr1,contrast,1.5,1,305,-1.054734118282795,4.8492031544446945,-1.054734118282795,4.8492031544446945,true,true,-4.8492031544446945,-1.2249327025073662,0.11821716864299397,0.047988809739245575,WRONG,WRONG,false,false,-2.8610534280539293,0.04846846461296091,false,false,true,0.8974025975543581,2.1223353000617244,3.01,fmnist__cnn1__contrast__1.5__model_seed42_itr19_sgd_itr1_w142.bin
fmnist,cnn1,model_seed42_itr19_sgd_itr1,contrast,1.5,1,306,-1.054734118282795,4.8492031544446945,-1.054734118282795,4.8492031544446945,true,true,-4.8492031544446945,-0.6252483833545603,0.11821716864298848,0.04329310795176174,WRONG,WRONG,false,false,-2.861053428053856,0.048468464612960824,false,false,true,0.49761302992464207,1.1228614132792032,4.015,fmnist__cnn1__contrast__1.5__model_seed42_itr19_sgd_itr1_w143.bin
fmnist,cnn1,model_seed42_itr19_sgd_itr1,contrast,1.5,1,307,-1.054734118282795,4.8492031544446945,-1.054734118282795,4.8492031544446945,true,true,-2.8610534280538547,-2.517786361560483,0.601941924881448,0.04586820134528603,WRONG,WRONG,false,false,-2.8610534050821466,0.04846846461296082,false,false,true,1.7593050153952572,4.27709137695574,3.479,fmnist__cnn1__contrast__1.5__model_seed42_itr19_sgd_itr1_w144.bin
fmnist,cnn1,model_seed42_itr19_sgd_itr1,contrast,1.5,1,308,-1.054734118282795,4.8492031544446945,-1.054734118282795,4.8492031544446945,true,true,-4.8492031544446945,-0.36184071432878406,0.11821716864299286,0.04798880973924556,WRONG,WRONG,false,false,-2.8610534280538564,0.048468463092792645,false,false,true,0.32200791724079075,0.6838486315695749,2.346,fmnist__cnn1__contrast__1.5__model_seed42_itr19_sgd_itr1_w145.bin
fmnist,cnn1,model_seed42_itr19_sgd_itr1,contrast,1.5,1,309,-1.054734118282795,4.8492031544446945,-1.054734118282795,4.8492031327301435,true,false,-4.8492031327301435,-1.8293715910633035,0.6266737889362609,0.04575238449487101,WRONG,n/a,false,false,-2.8610534174920073,NaN,false,n/a,true,1.3003618703643345,3.129733461427638,2.093,fmnist__cnn1__contrast__1.5__model_seed42_itr19_sgd_itr1_w146.bin
fmnist,cnn1,model_seed42_itr19_sgd_itr1,contrast,1.5,1,310,-1.054734118282795,4.8492031544446945,-1.054734118282795,4.8492031544446945,true,true,-2.8610534280538555,-2.8610534280538555,0.11821716864298987,0.04846846461296095,WRONG,WRONG,false,false,-2.8610534280538564,0.04846846461296078,false,false,true,1.9881497263908388,4.8492031544446945,4.426,fmnist__cnn1__contrast__1.5__model_seed42_itr19_sgd_itr1_w147.bin
fmnist,cnn1,model_seed42_itr19_sgd_itr1,contrast,1.5,1,311,-1.054734118282795,4.8492031544446945,-1.054734118282795,4.8492031544446945,true,true,-4.8492031544446945,-0.5084208520402176,0.11821716864299031,0.04329542568610896,WRONG,WRONG,false,false,-2.8610534280538564,0.04846846461296082,false,false,true,0.4197280090484132,0.9281488610886308,3.041,fmnist__cnn1__contrast__1.5__model_seed42_itr19_sgd_itr1_w148.bin
fmnist,cnn1,model_seed42_itr19_sgd_itr1,contrast,1.5,1,312,-1.054734118282795,4.8492031544446945,-1.054734118282795,4.849203132717932,true,false,-4.849203132717932,-0.37961052847802185,0.6088422354315779,0.04846846461296095,WRONG,n/a,false,false,-2.861053424172386,NaN,false,n/a,true,0.33385446000694935,0.7134649884849713,1.868,fmnist__cnn1__contrast__1.5__model_seed42_itr19_sgd_itr1_w149.bin
fmnist,cnn1,model_seed42_itr19_sgd_itr1,contrast,1.5,1,313,-1.054734118282795,4.8492031544446945,-1.054734118282795,4.849203133233987,true,false,-4.849203133233987,-0.2598068480965271,0.6038839558474336,0.03231230974197395,WRONG,n/a,false,false,-2.861053415327431,NaN,false,n/a,true,0.25398533975261933,0.5137921878491463,2.134,fmnist__cnn1__contrast__1.5__model_seed42_itr19_sgd_itr1_w150.bin
fmnist,cnn1,model_seed42_itr19_sgd_itr1,contrast,1.5,1,314,-1.054734118282795,4.8492031544446945,-1.054734118282795,4.8492031544446945,true,true,-2.8610534280538555,-2.8610534280538555,0.04846846461296082,0.04846846461296082,WRONG,WRONG,false,false,-2.8610534280538564,0.047998212373820306,false,false,true,1.9881497263908388,4.8492031544446945,5.091,fmnist__cnn1__contrast__1.5__model_seed42_itr19_sgd_itr1_w151.bin
fmnist,cnn1,model_seed42_itr19_sgd_itr1,contrast,1.5,1,315,-1.054734118282795,4.8492031544446945,-1.054734118282795,4.8492031544446945,true,true,-4.8492031544446945,-0.7941462025597975,0.5957787441430465,0.048468464612960824,WRONG,WRONG,false,false,-2.861053428053856,0.04328917998757791,false,false,true,0.6231790392053773,1.417325241765175,2.059,fmnist__cnn1__contrast__1.5__model_seed42_itr19_sgd_itr1_w152.bin
fmnist,cnn1,model_seed42_itr19_sgd_itr1,contrast,1.5,1,316,-1.054734118282795,4.8492031544446945,-1.054734118282795,4.8492031544446945,true,true,-2.8610534280538555,-2.8610534280538555,0.6017709041916205,0.04586899955187126,WRONG,WRONG,false,false,-2.8610534280538564,0.04846846320836995,false,false,true,1.9881497263908388,4.8492031544446945,4.887,fmnist__cnn1__contrast__1.5__model_seed42_itr19_sgd_itr1_w153.bin
fmnist,cnn1,model_seed42_itr19_sgd_itr1,contrast,1.5,1,317,-1.054734118282795,4.8492031544446945,-1.054734118282795,4.8492031544446945,true,true,-4.8492031544446945,-1.8837103355838616,0.11821716864298604,0.04328884516056694,WRONG,WRONG,false,false,-2.8610534280538564,0.048468463151688214,false,false,true,1.3365876910322825,3.2202980266161445,7.994,fmnist__cnn1__contrast__1.5__model_seed42_itr19_sgd_itr1_w154.bin
fmnist,cnn1,model_seed42_itr19_sgd_itr1,contrast,1.5,1,318,-1.054734118282795,4.8492031544446945,-1.054734118282795,4.8492031544446945,true,true,-4.8492031544446945,-1.6728888157562334,0.11821716864299031,0.0472868674571964,WRONG,WRONG,false,false,-2.8610534280538564,0.04846846461296106,false,false,true,1.1960400135986728,2.868928829354906,2.337,fmnist__cnn1__contrast__1.5__model_seed42_itr19_sgd_itr1_w155.bin
fmnist,cnn1,model_seed42_itr19_sgd_itr1,contrast,1.5,1,319,-1.054734118282795,4.8492031544446945,-1.054734118282795,4.8492031544446945,true,true,-4.8492031544446945,-0.38086388547912364,0.6813089355826379,0.045424405069143706,WRONG,WRONG,false,false,-2.8610534280538555,0.04846846461296167,false,false,true,0.33469003134101716,0.7155539168201408,1.375,fmnist__cnn1__contrast__1.5__model_seed42_itr19_sgd_itr1_w156.bin
fmnist,cnn1,model_seed42_itr19_sgd_itr1,contrast,1.5,1,320,-1.054734118282795,4.8492031544446945,-1.054734118282795,4.8492031544446945,true,true,-4.8492031544446945,-0.45697033459912684,0.11821716864299044,0.04580601822310159,WRONG,WRONG,false,false,-2.8610534280538564,0.04846846461296089,false,false,true,0.38542766408768503,0.8423979986868104,2.793,fmnist__cnn1__contrast__1.5__model_seed42_itr19_sgd_itr1_w157.bin
fmnist,cnn1,model_seed42_itr19_sgd_itr1,contrast,1.5,1,321,-1.054734118282795,4.8492031544446945,-1.054734118282795,4.8492031544446945,true,true,-4.8492031544446945,-1.0920225205823102,0.11821716864298742,0.045815157791029126,WRONG,WRONG,false,false,-2.8610534280538564,0.048468464612960824,false,false,true,0.8087957880764761,1.9008183086587882,2.953,fmnist__cnn1__contrast__1.5__model_seed42_itr19_sgd_itr1_w158.bin
fmnist,cnn1,model_seed42_itr19_sgd_itr1,contrast,1.5,1,322,-1.054734118282795,4.8492031544446945,-1.054734118282795,4.8492031544446945,true,true,-4.8492031544446945,-0.299686809662295,0.6813089355826377,0.03566843792796115,WRONG,WRONG,false,false,-2.861053428053856,0.043289060535124366,false,false,true,0.2805719807964647,0.5802587904587597,1.453,fmnist__cnn1__contrast__1.5__model_seed42_itr19_sgd_itr1_w159.bin
fmnist,cnn1,model_seed42_itr19_sgd_itr1,contrast,1.5,1,323,-1.054734118282795,4.8492031544446945,-1.054734118282795,4.8492031544446945,true,true,-4.8492031544446945,-0.5097575126240855,0.6131072726070249,0.04846846461296082,WRONG,WRONG,false,false,-2.8610534280538564,0.0484684646129608,false,false,true,0.5223205832858838,1.0320780959099694,1.568,fmnist__cnn1__contrast__1.5__model_seed42_itr19_sgd_itr1_w160.bin
fmnist,cnn1,model_seed42_itr19_sgd_itr1,contrast,1.5,1,324,-1.054734118282795,4.8492031544446945,-1.054734118282795,4.8492031544446945,true,true,-4.8492031544446945,-0.32513114964733575,0.681308935582638,0.046654766323746724,WRONG,WRONG,false,false,-2.8610534280538564,0.048468464612960276,false,false,true,0.29753487411982504,0.6226660237671606,1.346,fmnist__cnn1__contrast__1.5__model_seed42_itr19_sgd_itr1_w161.bin
fmnist,cnn1,model_seed42_itr19_sgd_itr1,contrast,1.5,1,325,-0.08251320850104094,4.868803080637008,-0.08251320850104094,4.868803080637008,true,true,-4.868803080637008,-0.515361498837598,0.16359219867736105,0.03982238592579834,WRONG,WRONG,false,false,-2.8071975748054685,0.11327086723685403,false,false,true,0.5337147885196243,1.0490762873572197,2.082,fmnist__cnn1__contrast__1.5__model_seed42_itr19_sgd_itr1_w162.bin
fmnist,cnn1,model_seed42_itr19_sgd_itr1,contrast,1.5,1,326,-0.08251320850104094,4.868803080637008,-0.08251320850104094,4.868803080637008,true,true,-4.868803080637008,-0.03635030011183685,0.16243814947298554,0.11327086723685405,WRONG,WRONG,false,false,-2.8071975748054685,0.11408427188580171,false,false,true,0.21480904628605987,0.2511593463978967,2.095,fmnist__cnn1__contrast__1.5__model_seed42_itr19_sgd_itr1_w163.bin
fmnist,cnn1,model_seed42_itr19_sgd_itr1,contrast,1.5,1,327,-0.08251320850104094,4.868803080637008,-0.08251320850104094,4.868803080637008,true,true,-4.868803080637008,-0.4747389101515521,0.16359219867736105,0.11085906588659811,WRONG,WRONG,false,false,-2.807197574805468,0.11408427175291085,false,false,true,0.5066330676388262,0.9813719777903782,1.864,fmnist__cnn1__contrast__1.5__model_seed42_itr19_sgd_itr1_w164.bin
fmnist,cnn1,model_seed42_itr19_sgd_itr1,contrast,1.5,1,328,-0.08251320850104094,4.868803080637008,-0.08251318250985545,4.868803080637008,false,true,-4.868803080637008,-0.7625837029255707,0.1624381494730059,0.03524327636967017,n/a,WRONG,false,false,NaN,0.11408427357673642,n/a,false,true,0.165129958596173,0.12988668222650282,2.147,fmnist__cnn1__contrast__1.5__model_seed42_itr19_sgd_itr1_w165.bin
fmnist,cnn1,model_seed42_itr19_sgd_itr1,contrast,1.5,1,329,-0.08251320850104094,4.868803080637008,-0.08251318243268657,4.868803080637008,false,true,-4.868803080637008,-0.08895427548060028,0.16277151341483187,0.11408427357673645,n/a,WRONG,false,false,NaN,0.11408427368814511,n/a,false,true,0.1140842735767365,1.721713049906981e-16,1.693,fmnist__cnn1__contrast__1.5__model_seed42_itr19_sgd_itr1_w166.bin
fmnist,cnn1,model_seed42_itr19_sgd_itr1,contrast,1.5,1,330,-0.08251320850104094,4.868803080637008,-0.08251320850104094,4.868803060796687,true,false,-2.8071975744748308,-2.7994834628887464,0.1631272392584767,0.11327086723685405,WRONG,n/a,false,false,-2.807197552064322,NaN,false,n/a,true,2.0564627645537255,4.855946227442473,2.917,fmnist__cnn1__contrast__1.5__model_seed42_itr19_sgd_itr1_w167.bin
fmnist,cnn1,model_seed42_itr19_sgd_itr1,contrast,1.5,1,331,-0.08251320850104094,4.868803080637008,-0.08251320850104094,4.868803060813076,true,false,-4.868803060813076,-0.25816259274384507,0.16300383436672009,0.11325440702521458,WRONG,n/a,false,false,-2.8071975744751043,NaN,false,n/a,true,0.3622488512752999,0.6204114440191447,2.086,fmnist__cnn1__contrast__1.5__model_seed42_itr19_sgd_itr1_w168.bin
fmnist,cnn1,model_seed42_itr19_sgd_itr1,contrast,1.5,1,332,-0.08251320850104094,4.868803080637008,-0.0825131822920454,4.868803080637008,false,true,-4.868803080637008,-2.0971508984118357,0.16243814947302979,0.10129924928454567,n/a,WRONG,false,false,NaN,0.11408427357673638,n/a,false,true,0.10129924928454548,0.0,3.334,fmnist__cnn1__contrast__1.5__model_seed42_itr19_sgd_itr1_w169.bin
fmnist,cnn1,model_seed42_itr19_sgd_itr1,contrast,1.5,1,333,-0.08251320850104094,4.868803080637008,-0.08251320850104094,4.868803080637008,true,true,-4.868803080637008,-0.6900768863037227,0.16243814947299365,0.11327086723685408,WRONG,WRONG,false,false,-2.8071975748054685,0.11398426988222876,false,false,true,0.6501917134970427,1.3402685998007655,2.11,fmnist__cnn1__contrast__1.5__model_seed42_itr19_sgd_itr1_w170.bin
fmnist,cnn1,model_seed42_itr19_sgd_itr1,contrast,1.5,1,334,-0.08251320850104094,4.868803080637008,-0.08251320850104094,4.868803080637008,true,true,-4.868803080637008,-0.07038503543753535,0.1630202328693297,0.11327086723685405,WRONG,WRONG,false,false,-2.8071975748054685,0.11398411975261856,false,false,true,0.2371667330211779,0.30755176845871335,1.853,fmnist__cnn1__contrast__1.5__model_seed42_itr19_sgd_itr1_w171.bin
fmnist,cnn1,model_seed42_itr19_sgd_itr1,contrast,1.5,1,335,-0.08251320850104094,4.868803080637008,-0.08251318298169374,4.868803080637008,false,true,-4.868803080637008,-0.5875046995887651,0.16302023286933667,0.11207227566034944,n/a,WRONG,false,false,NaN,0.11408427357673648,n/a,false,true,0.11207227566034896,0.0,2.044,fmnist__cnn1__contrast__1.5__model_seed42_itr19_sgd_itr1_w172.bin
fmnist,cnn1,model_seed42_itr19_sgd_itr1,contrast,1.5,1,336,-0.08251320850104094,4.868803080637008,-0.08251320850104094,4.868803080637008,true,true,-4.868803080637008,-0.12476431299000978,0.16301267418168505,0.11326700924196331,WRONG,WRONG,false,false,-2.8071975525656345,0.11408458902584996,false,false,true,0.27331666462123394,0.3980809776112437,1.797,fmnist__cnn1__contrast__1.5__model_seed42_itr19_sgd_itr1_w173.bin
fmnist,cnn1,model_seed42_itr19_sgd_itr1,contrast,1.5,1,337,-0.08251320850104094,4.868803080637008,-0.08251320850104094,4.868803080637008,true,true,-4.868803080637008,-0.997138589269668,0.16301538094862789,0.11408420008816084,WRONG,WRONG,false,false,-2.8071975748054685,0.11408427228557942,false,false,true,0.8549005264592645,1.8520391157289327,2.082,fmnist__cnn1__contrast__1.5__model_seed42_itr19_sgd_itr1_w174.bin
fmnist,cnn1,model_seed42_itr19_sgd_itr1,contrast,1.5,1,338,-0.08251320850104094,4.868803080637008,-0.08251318253726958,4.868803080637008,false,true,-4.868803080637008,-0.9430451000555772,0.16359219867736088,0.0030819703271877663,n/a,WRONG,false,false,NaN,0.11408427182053486,n/a,false,true,0.16359219867736105,0.16051022835017392,1.56,fmnist__cnn1__contrast__1.5__model_seed42_itr19_sgd_itr1_w175.bin
fmnist,cnn1,model_seed42_itr19_sgd_itr1,contrast,1.5,1,339,-0.08251320850104094,4.868803080637008,-0.0825131827282286,4.868803080637008,false,true,-4.868803080637008,-0.9973470370797368,0.163011259370782,0.11325796716308212,n/a,WRONG,false,false,NaN,0.11408427163282345,n/a,false,true,0.1132579671630809,0.0,2.329,fmnist__cnn1__contrast__1.5__model_seed42_itr19_sgd_itr1_w176.bin
fmnist,cnn1,model_seed42_itr19_sgd_itr1,contrast,1.5,1,340,-0.08251320850104094,4.868803080637008,-0.08251320850104094,4.868803080637008,true,true,-4.868803080637008,-0.7991818985802129,0.1628056743025348,0.11152708870155868,WRONG,WRONG,false,false,-2.807197552689986,0.11399663749492218,false,false,true,0.7229283883418849,1.5221102869220975,2.761,fmnist__cnn1__contrast__1.5__model_seed42_itr19_sgd_itr1_w177.bin
fmnist,cnn1,model_seed42_itr19_sgd_itr1,contrast,1.5,1,341,-0.08251320850104094,4.868803080637008,-0.08251318246059514,4.868803080637008,false,true,-4.868803080637008,-0.3681706884099145,0.16302023286934805,0.07416030325645108,n/a,WRONG,false,false,NaN,0.1140842715734805,n/a,false,true,0.14060523463667837,0.0664449313802273,2.642,fmnist__cnn1__contrast__1.5__model_seed42_itr19_sgd_itr1_w178.bin
fmnist,cnn1,model_seed42_itr19_sgd_itr1,contrast,1.5,1,342,-0.08251320850104094,4.868803080637008,-0.08251320850104094,4.868803080637008,true,true,-4.868803080637008,-0.8890434779382822,0.1635921986773611,0.02727641984795831,WRONG,WRONG,false,false,-2.8071975748054685,0.11408427227713903,false,false,true,0.782836107913759,1.671879585852041,2.12,fmnist__cnn1__contrast__1.5__model_seed42_itr19_sgd_itr1_w179.bin
fmnist,cnn1,model_seed42_itr19_sgd_itr1,contrast,1.5,1,343,-0.08251320850104094,4.868803080637008,-0.08251318238855926,4.868803080637008,false,true,-4.868803080637008,-0.6484490991101026,0.16359219867736108,0.03982238592581111,n/a,WRONG,false,false,NaN,0.11408427357673645,n/a,false,true,0.16359219867736105,0.1237698127515614,1.646,fmnist__cnn1__contrast__1.5__model_seed42_itr19_sgd_itr1_w180.bin
fmnist,cnn1,model_seed42_itr19_sgd_itr1,contrast,1.5,1,344,-0.08251320850104094,4.868803080637008,-0.08251320850104094,4.868803080637008,true,true,-4.868803080637008,-0.047932473459455505,0.16359219867736105,0.037078901913055795,WRONG,WRONG,false,false,-2.8071975748054685,0.11408427357673642,false,false,true,0.22209543826753256,0.2700279117269903,1.724,fmnist__cnn1__contrast__1.5__model_seed42_itr19_sgd_itr1_w181.bin
fmnist,cnn1,model_seed42_itr19_sgd_itr1,contrast,1.5,1,345,-0.08251320850104094,4.868803080637008,-0.08251318319505146,4.868803080637008,false,true,-4.868803080637008,-0.08396120624495038,0.16359219867736102,0.11021190545513121,n/a,WRONG,false,false,NaN,0.11408427357673646,n/a,false,true,0.11021190545513003,0.0,1.453,fmnist__cnn1__contrast__1.5__model_seed42_itr19_sgd_itr1_w182.bin
fmnist,cnn1,model_seed42_itr19_sgd_itr1,contrast,1.5,1,346,-0.08251320850104094,4.868803080637008,-0.08251320850104094,4.868803080637008,true,true,-4.868803080637008,-0.9235348564986477,0.16301125937079086,0.1132579671630814,WRONG,WRONG,false,false,-2.8071975748054685,0.11398421860226718,false,false,true,0.8058303602936593,1.729365216792307,2.138,fmnist__cnn1__contrast__1.5__model_seed42_itr19_sgd_itr1_w183.bin
fmnist,cnn1,model_seed42_itr19_sgd_itr1,contrast,1.5,1,347,-0.08251320850104094,4.868803080637008,-0.08251320850104094,4.868803080637008,true,true,-4.868803080637008,-0.11479829100524686,0.16302023286934506,0.11327086723685431,WRONG,WRONG,false,false,-2.8071975748054685,0.11408427181473325,false,false,true,0.2668405992389976,0.3816388902442444,1.598,fmnist__cnn1__contrast__1.5__model_seed42_itr19_sgd_itr1_w184.bin
fmnist,cnn1,model_seed42_itr19_sgd_itr1,contrast,1.5,1,348,-0.08251320850104094,4.868803080637008,-0.08251320850104094,4.868803080637008,true,true,-4.868803080637008,-0.8901234074224551,0.16359219867736097,0.01424896391767641,WRONG,WRONG,false,false,-2.8071975748054685,0.11408427183755912,false,false,true,0.7835560710301123,1.6736794784525675,1.743,fmnist__cnn1__contrast__1.5__model_seed42_itr19_sgd_itr1_w185.bin
fmnist,cnn1,model_seed42_itr19_sgd_itr1,contrast,1.5,1,349,-0.08251320850104094,4.868803080637008,-0.08251320850104094,4.868803080637008,true,true,-4.868803080637008,-0.8607608458121825,0.16301538094862653,0.11327086723685408,WRONG,WRONG,false,false,-2.8071975748054685,0.1140842722672449,false,false,true,0.7639810293254363,1.6247418751376186,2.604,fmnist__cnn1__contrast__1.5__model_seed42_itr19_sgd_itr1_w186.bin
fmnist,cnn1,model_seed42_itr19_sgd_itr1,contrast,1.5,1,350,-0.08251320850104094,4.868803080637008,-0.08251318292421561,4.868803080637008,false,true,-4.868803080637008,-0.7620977251640634,0.16302023286934753,0.11327086723685431,n/a,WRONG,false,false,NaN,0.11408427223856754,n/a,false,true,0.1132708672368539,0.0,2.081,fmnist__cnn1__contrast__1.5__model_seed42_itr19_sgd_itr1_w187.bin
fmnist,cnn1,model_seed42_itr19_sgd_itr1,contrast,1.5,1,351,-0.08251320850104094,4.868803080637008,-0.08251320850104094,4.868803080637008,true,true,-4.868803080637008,-0.6835234744534892,0.16243814947300803,0.039822385925796094,WRONG,WRONG,false,false,-2.8071975748054685,0.11408427175056311,false,false,true,0.6458227788993545,1.329346253352843,2.269,fmnist__cnn1__contrast__1.5__model_seed42_itr19_sgd_itr1_w188.bin
fmnist,cnn1,model_seed42_itr19_sgd_itr1,contrast,1.5,1,352,-0.08251320850104094,4.868803080637008,-0.08251320850104094,4.868803080637008,true,true,-4.868803080637008,-0.3957742991085396,0.16359219867736102,0.1115214372337624,WRONG,WRONG,false,false,-2.8071975748054685,0.11408427357673648,false,false,true,0.453989994597656,0.8497642937061956,2.195,fmnist__cnn1__contrast__1.5__model_seed42_itr19_sgd_itr1_w189.bin
fmnist,cnn1,model_seed42_itr19_sgd_itr1,contrast,1.5,1,353,-0.08251320850104094,4.868803080637008,-0.08251320850104094,4.868803080637008,true,true,-2.8071975748054685,-2.8071975748054685,0.16301125937078442,0.11408427357673645,WRONG,WRONG,false,false,-2.8071975748054685,0.11408427357673645,false,false,true,2.0616055058315395,4.868803080637008,3.98,fmnist__cnn1__contrast__1.5__model_seed42_itr19_sgd_itr1_w190.bin
fmnist,cnn1,model_seed42_itr19_sgd_itr1,contrast,1.5,1,354,-0.08251320850104094,4.868803080637008,-0.08251320850104094,4.868803080637008,true,true,-4.868803080637008,-0.09929998052217692,0.1630112593707838,0.11408427357673645,WRONG,WRONG,false,false,-2.8071975748054685,0.11408427180771556,false,false,true,0.256340442976012,0.3556404234981888,1.799,fmnist__cnn1__contrast__1.5__model_seed42_itr19_sgd_itr1_w191.bin
fmnist,cnn1,model_seed42_itr19_sgd_itr1,contrast,1.5,1,355,-0.08251320850104094,4.868803080637008,-0.08251320850104094,4.868803080637008,true,true,-4.868803080637008,-0.858620731502878,0.16359219867736113,0.03982238592580785,WRONG,WRONG,false,false,-2.8071975748054685,0.11408427219370887,false,false,true,0.7625542868145991,1.6211750183174771,1.429,fmnist__cnn1__contrast__1.5__model_seed42_itr19_sgd_itr1_w192.bin
fmnist,cnn1,model_seed42_itr19_sgd_itr1,contrast,1.5,1,356,-0.08251320850104094,4.868803080637008,-0.08251318241685629,4.868803080637008,false,true,-4.868803080637008,-0.7908747947790413,0.16359219867736136,0.11152143723376173,n/a,WRONG,false,false,NaN,0.11408427357673645,n/a,false,true,0.11152143723376184,1.5265566588595902e-16,1.673,fmnist__cnn1__contrast__1.5__model_seed42_itr19_sgd_itr1_w193.bin
fmnist,cnn1,model_seed42_itr19_sgd_itr1,contrast,1.5,1,357,-0.08251320850104094,4.868803080637008,-0.08251320850104094,4.868803080637008,true,true,-4.868803080637008,-0.11965746105929986,0.16359219867736088,0.010694825946561126,WRONG,WRONG,false,false,-2.8071975748054685,0.11408427357673734,false,false,true,0.2699120966674273,0.38956955772672724,2.08,fmnist__cnn1__contrast__1.5__model_seed42_itr19_sgd_itr1_w194.bin
fmnist,cnn1,model_seed42_itr19_sgd_itr1,contrast,1.5,1,358,-0.08251320850104094,4.868803080637008,-0.08251320850104094,4.868803080637008,true,true,-4.868803080637008,-0.08609386850148437,0.16359219867736105,0.0036120403222439645,WRONG,WRONG,false,false,-2.8071975748054685,0.11408427221857881,false,false,true,0.24753636829555034,0.33363023679703474,2.021,fmnist__cnn1__contrast__1.5__model_seed42_itr19_sgd_itr1_w195.bin
fmnist,cnn1,model_seed42_itr19_sgd_itr1,contrast,1.5,1,359,-0.08251320850104094,4.868803080637008,-0.08251320850104094,4.868803080637008,true,true,-4.868803080637008,-0.6432585875924661,0.16359219867736105,0.02935968144077744,WRONG,WRONG,false,false,-2.8071975748054685,0.11408427163756066,false,false,true,0.618979519718487,1.2622381073109523,2.153,fmnist__cnn1__contrast__1.5__model_seed42_itr19_sgd_itr1_w196.bin
fmnist,cnn1,model_seed42_itr19_sgd_itr1,contrast,1.5,1,360,-0.08251320850104094,4.868803080637008,-0.08251320850104094,4.868803080637008,true,true,-4.868803080637008,-0.3329875897593161,0.16301752620332957,0.11326697665846915,WRONG,WRONG,false,false,-2.8071975748054685,0.11398419635452522,false,false,true,0.4121321871726977,0.7451197769320136,2.714,fmnist__cnn1__contrast__1.5__model_seed42_itr19_sgd_itr1_w197.bin
fmnist,cnn1,model_seed42_itr19_sgd_itr1,contrast,1.5,1,361,-0.08251320850104094,4.868803080637008,-0.08251320850104094,4.868803080637008,true,true,-4.868803080637008,-0.09867340936979935,0.16359219867736113,0.03982238592579926,WRONG,WRONG,false,false,-2.8071975748054685,0.11408427154238444,false,false,true,0.2560671196618002,0.3547405290315994,1.502,fmnist__cnn1__contrast__1.5__model_seed42_itr19_sgd_itr1_w198.bin
fmnist,cnn1,model_seed42_itr19_sgd_itr1,contrast,1.5,1,362,-0.08251320850104094,4.868803080637008,-0.08251320850104094,4.868803080637008,true,true,-4.868803080637008,-0.537342935827611,0.16359219867736086,0.1108590658865975,WRONG,WRONG,false,false,-2.8071975748054685,0.11408496368761936,false,false,true,0.5483690895737772,1.085712025401388,1.627,fmnist__cnn1__contrast__1.5__model_seed42_itr19_sgd_itr1_w199.bin
fmnist,cnn1,model_seed42_itr19_sgd_itr1,contrast,1.5,1,363,-0.08251320850104094,4.868803080637008,-0.08251318115735784,4.868803080637008,false,true,-4.868803080637008,-0.12387883765953889,0.1630112593707893,0.0640430070365792,n/a,WRONG,false,false,NaN,0.0640430070365792,n/a,false,true,0.0640430070365792,0.0,1.715,fmnist__cnn1__contrast__1.5__model_seed42_itr19_sgd_itr1_w200.bin
fmnist,cnn1,model_seed42_itr19_sgd_itr1,contrast,1.5,1,364,-0.08251320850104094,4.868803080637008,-0.08251320850104094,4.868803080637008,true,true,-4.868803080637008,-0.03226421749385405,0.16243814947298876,0.06404300703657899,WRONG,WRONG,false,false,-2.8071975748054685,0.11408427226872266,false,false,true,0.25366707199287697,0.285931289486731,2.47,fmnist__cnn1__contrast__1.5__model_seed42_itr19_sgd_itr1_w201.bin
fmnist,cnn1,model_seed42_itr19_sgd_itr1,contrast,1.5,1,365,-0.08251320850104094,4.868803080637008,-0.08251318274178743,4.868803080637008,false,true,-4.868803080637008,-0.38219097961415,0.16359219867737962,0.11184312841981991,n/a,WRONG,false,false,NaN,0.11408427066909525,n/a,false,true,0.11184312841981991,0.0,1.657,fmnist__cnn1__contrast__1.5__model_seed42_itr19_sgd_itr1_w202.bin
fmnist,cnn1,model_seed42_itr19_sgd_itr1,contrast,1.5,1,366,-0.08251320850104094,4.868803080637008,-0.08251318249737055,4.868803080637008,false,true,-4.868803080637008,-0.6523647232526307,0.16359219867736105,0.11042712162702317,n/a,WRONG,false,false,NaN,0.11408427093881711,n/a,false,true,0.11042712162702228,0.0,1.778,fmnist__cnn1__contrast__1.5__model_seed42_itr19_sgd_itr1_w203.bin
fmnist,cnn1,model_seed42_itr19_sgd_itr1,contrast,1.5,1,367,-0.08251320850104094,4.868803080637008,-0.08251320850104094,4.868803080637008,true,true,-4.868803080637008,-0.6226747616112956,0.16302023286932985,0.0030819703271851018,WRONG,WRONG,false,false,-2.8071975748054685,0.11408427224944205,false,false,true,0.6052569755162389,1.2279317371275342,2.177,fmnist__cnn1__contrast__1.5__model_seed42_itr19_sgd_itr1_w204.bin
fmnist,cnn1,model_seed42_itr19_sgd_itr1,contrast,1.5,1,368,-0.08251320850104094,4.868803080637008,-0.08251320850104094,4.868803080637008,true,true,-4.868803080637008,-0.6238428651059411,0.16302023286932524,0.11408427292265488,WRONG,WRONG,false,false,-2.8071975748054685,0.07536396561883416,false,false,true,0.6060357053256763,1.2298785704316175,3.465,fmnist__cnn1__contrast__1.5__model_seed42_itr19_sgd_itr1_w205.bin
fmnist,cnn1,model_seed42_itr19_sgd_itr1,contrast,1.5,1,369,-0.08251320850104094,4.868803080637008,-0.08251320850104094,4.868803080637008,true,true,-2.8071975748054685,-2.8071975748054685,0.16312723925845443,0.11408427357673645,WRONG,WRONG,false,false,-2.8071975748054685,0.11408427158528434,false,false,true,2.0616055058315395,4.868803080637008,4.289,fmnist__cnn1__contrast__1.5__model_seed42_itr19_sgd_itr1_w206.bin
fmnist,cnn1,model_seed42_itr19_sgd_itr1,contrast,1.5,1,370,-0.08251320850104094,4.868803080637008,-0.08251320850104094,4.868803080637008,true,true,-4.868803080637008,-0.484601769341783,0.16359219867736113,0.013930841393281157,WRONG,WRONG,false,false,-2.8071975748054685,0.11408427157675123,false,false,true,0.5132083092013947,0.9978100785431774,1.869,fmnist__cnn1__contrast__1.5__model_seed42_itr19_sgd_itr1_w207.bin
fmnist,cnn1,model_seed42_itr19_sgd_itr1,contrast,1.5,1,371,-0.08251320850104094,4.868803080637008,-0.08251318283943587,4.868803080637008,false,true,-4.868803080637008,-0.5089842113749917,0.16243814947300578,0.11398426988222876,n/a,WRONG,false,false,NaN,0.11407319171049365,n/a,false,true,0.11398426988222873,0.0,3.468,fmnist__cnn1__contrast__1.5__model_seed42_itr19_sgd_itr1_w208.bin
fmnist,cnn1,model_seed42_itr19_sgd_itr1,contrast,1.5,1,372,-0.08251320850104094,4.868803080637008,-0.08251318257359419,4.868803080637008,false,true,-4.868803080637008,-0.12643297234287543,0.16300383436672053,0.11325440702521458,n/a,WRONG,false,false,NaN,0.11408447732343979,n/a,false,true,0.11325440702521457,0.0,1.549,fmnist__cnn1__contrast__1.5__model_seed42_itr19_sgd_itr1_w209.bin
fmnist,cnn1,model_seed42_itr19_sgd_itr1,contrast,1.5,1,373,-0.08251320850104094,4.868803080637008,-0.08251320850104094,4.868803080637008,true,true,-4.868803080637008,-0.01982582660759044,0.16359219867736108,0.039822385925798315,WRONG,WRONG,false,true,-2.8071975748054685,-7.298095461294452e-11,false,true,true,0.20335762604013238,0.22318345264772282,1.503,fmnist__cnn1__contrast__1.5__model_seed42_itr19_sgd_itr1_w210.bin
fmnist,cnn1,model_seed42_itr19_sgd_itr1,contrast,1.5,1,374,-0.08251320850104094,4.868803080637008,-0.08251320850104094,4.868803080637008,true,true,-2.807197574805503,-2.807197574805503,0.16359219867736105,0.03568221572595867,WRONG,WRONG,false,false,-2.8071975748054685,0.1140842721706481,false,false,true,2.0616055058315395,4.868803080637008,5.916,fmnist__cnn1__contrast__1.5__model_seed42_itr19_sgd_itr1_w211.bin
fmnist,cnn1,model_seed42_itr19_sgd_itr1,contrast,1.5,1,375,-0.08251320850104094,4.868803080637008,-0.08251318253346895,4.868803080637008,false,true,-4.868803080637008,-0.8027129483691158,0.16302023286933112,0.033195975506507575,n/a,WRONG,false,false,NaN,0.11408427357673648,n/a,false,true,0.16359219867736102,0.13039622317085345,1.54,fmnist__cnn1__contrast__1.5__model_seed42_itr19_sgd_itr1_w212.bin
fmnist,cnn1,model_seed42_itr19_sgd_itr1,contrast,1.5,1,376,-0.08251320850104094,4.868803080637008,-0.08251320850104094,4.868803080637008,true,true,-4.868803080637008,-0.46508963573724027,0.16333626973399254,0.11408427357673645,WRONG,WRONG,false,false,-2.8071975748054685,0.11408427217367054,false,false,true,0.5002002131193877,0.9652898488566279,1.991,fmnist__cnn1__contrast__1.5__model_seed42_itr19_sgd_itr1_w213.bin
fmnist,cnn1,model_seed42_itr19_sgd_itr1,contrast,1.5,1,377,-0.08251320850104094,4.868803080637008,-0.08251320850104094,4.868803080637008,true,true,-4.868803080637008,-0.5843493672709515,0.16301125937078356,0.01769883818924689,WRONG,WRONG,false,false,-2.8071975748054685,0.057636085164118334,false,false,true,0.579706706292969,1.1640560735639207,1.836,fmnist__cnn1__contrast__1.5__model_seed42_itr19_sgd_itr1_w214.bin
fmnist,cnn1,model_seed42_itr19_sgd_itr1,contrast,1.5,1,378,-0.08251320850104094,4.868803080637008,-0.08251320850104094,4.868803080637008,true,true,-4.868803080637008,-1.2093366772360734,0.1641101367087648,0.11324938332269124,WRONG,WRONG,false,false,-2.8071975748054685,0.11408496368761892,false,false,true,0.998158542638388,2.2074952198744615,1.414,fmnist__cnn1__contrast__1.5__model_seed42_itr19_sgd_itr1_w215.bin
fmnist,cnn1,model_seed42_itr19_sgd_itr1,contrast,1.5,1,379,-0.08251320850104094,4.868803080637008,-0.08251320850104094,4.868803080637008,true,true,-4.868803080637008,-0.027579963689721182,0.16359219867736105,0.03982238592579959,WRONG,WRONG,false,false,-2.8071975748054685,0.11408477275505138,false,false,true,0.20852712877557544,0.23610709246529663,1.503,fmnist__cnn1__contrast__1.5__model_seed42_itr19_sgd_itr1_w216.bin
fmnist,cnn1,model_seed42_itr19_sgd_itr1,contrast,1.5,1,380,-0.08251320850104094,4.868803080637008,-0.0825131828607048,4.868803080637008,false,true,-4.868803080637008,-0.12387810919726294,0.16333402168662708,0.019777345316405293,n/a,WRONG,false,false,NaN,0.11408427184903303,n/a,false,true,0.0197773453164043,0.0,2.892,fmnist__cnn1__contrast__1.5__model_seed42_itr19_sgd_itr1_w217.bin
fmnist,cnn1,model_seed42_itr19_sgd_itr1,contrast,1.5,1,381,-0.08251320850104094,4.868803080637008,-0.08251320850104094,4.868803080637008,true,true,-4.868803080637008,-0.33864395491226434,0.1630202328693301,0.11327086723685405,WRONG,WRONG,false,false,-2.8071975748054685,0.11408427178109289,false,false,true,0.4159030962616532,0.7545470511739172,2.244,fmnist__cnn1__contrast__1.5__model_seed42_itr19_sgd_itr1_w218.bin
fmnist,cnn1,model_seed42_itr19_sgd_itr1,contrast,1.5,1,382,-0.08251320850104094,4.868803080637008,-0.08251320850104094,4.868803080637008,true,true,-4.868803080637008,-0.3323839169915161,0.16302023286932985,0.03982238592580831,WRONG,WRONG,false,false,-2.8071975748054685,0.11408427357673645,false,false,true,0.41172973788545303,0.7441136548769687,1.367,fmnist__cnn1__contrast__1.5__model_seed42_itr19_sgd_itr1_w219.bin
fmnist,cnn1,model_seed42_itr19_sgd_itr1,contrast,1.5,1,383,-0.08251320850104094,4.868803080637008,-0.0825131825231229,4.868803080637008,false,true,-4.868803080637008,-0.1247643129899938,0.16312723925846997,0.11327086723685408,n/a,WRONG,false,false,NaN,0.11408427155127703,n/a,false,true,0.11327086723685406,0.0,1.49,fmnist__cnn1__contrast__1.5__model_seed42_itr19_sgd_itr1_w220.bin
fmnist,cnn1,model_seed42_itr19_sgd_itr1,contrast,1.5,1,384,-0.08251320850104094,4.868803080637008,-0.08251320850104094,4.868803080637008,true,true,-4.868803080637008,-0.37471237492102183,0.16301752620332963,0.07130267098546028,WRONG,WRONG,false,false,-2.8071975748054685,0.11408427216925073,false,false,true,0.43994871262154145,0.8146610875425635,2.315,fmnist__cnn1__contrast__1.5__model_seed42_itr19_sgd_itr1_w221.bin
fmnist,cnn1,model_seed42_itr19_sgd_itr1,contrast,1.5,1,385,-0.08251320850104094,4.868803080637008,-0.08251320850104094,4.868803080637008,true,true,-4.868803080637008,-0.7084613611120006,0.16300640793489515,0.11408427292058819,WRONG,WRONG,false,false,-2.8071975748054685,0.11408481769081233,false,false,true,0.6624480368261635,1.3709093979381641,2.479,fmnist__cnn1__contrast__1.5__model_seed42_itr19_sgd_itr1_w222.bin
fmnist,cnn1,model_seed42_itr19_sgd_itr1,contrast,1.5,1,386,-0.08251320850104094,4.868803080637008,-0.08251320850104094,4.868803060711947,true,false,-4.868803060711947,-0.12387828063909834,0.16302023286934694,0.027262713530803964,WRONG,n/a,false,false,-2.8071975748054685,NaN,false,n/a,true,0.27272599947616377,0.39660428011526205,2.231,fmnist__cnn1__contrast__1.5__model_seed42_itr19_sgd_itr1_w223.bin
fmnist,cnn1,model_seed42_itr19_sgd_itr1,contrast,1.5,1,387,-0.08251320850104094,4.868803080637008,-0.08251320850104094,4.868803080637008,true,true,-2.8071975748054685,-2.408171241449867,0.1624381494730066,0.10691921636781793,WRONG,WRONG,false,false,-2.8071975748054685,0.11327086723685431,false,false,true,2.064555576786788,4.472726818236655,6.615,fmnist__cnn1__contrast__1.5__model_seed42_itr19_sgd_itr1_w224.bin
fmnist,cnn1,model_seed42_itr19_sgd_itr1,contrast,1.5,1,388,-0.08251320850104094,4.868803080637008,-0.08251320850104094,4.868803080637008,true,true,-4.868803080637008,-0.016050670811897177,0.1625381343967919,0.03982238592579962,WRONG,WRONG,false,false,-2.8071975527836663,0.11392231650961714,false,false,true,0.20103300489422793,0.21708367570612513,1.524,fmnist__cnn1__contrast__1.5__model_seed42_itr19_sgd_itr1_w225.bin
fmnist,cnn1,model_seed42_itr19_sgd_itr1,contrast,1.5,1,389,-0.08251320850104094,4.868803080637008,-0.08251320850104094,4.868803080637008,true,true,-2.8071975748054685,-2.1808700306254485,0.16302023286933728,0.11408427185650555,WRONG,WRONG,false,true,-2.8071975748054685,-0.0,false,true,true,2.6042059447188057,4.785075975344261,3.938,fmnist__cnn1__contrast__1.5__model_seed42_itr19_sgd_itr1_w226.bin
fmnist,cnn1,model_seed42_itr19_sgd_itr1,contrast,1.5,1,390,-0.08251320850104094,4.868803080637008,-0.08251318255789203,4.868803080637008,false,true,-2.8071975748054685,-2.8071975748054685,0.16302023286932155,0.11408427357673645,n/a,WRONG,false,false,NaN,0.11408427368814511,n/a,false,true,0.11408427357673642,0.0,4.667,fmnist__cnn1__contrast__1.5__model_seed42_itr19_sgd_itr1_w227.bin
fmnist,cnn1,model_seed42_itr19_sgd_itr1,contrast,1.5,1,391,-0.08251320850104094,4.868803080637008,-0.08251320850104094,4.868803080637008,true,true,-2.8071975748054685,-2.8071975748054685,0.1630154598278829,0.11207227566034905,WRONG,WRONG,false,false,-2.8071975748054685,0.11408427231129488,false,false,true,2.0616055058315395,4.868803080637008,3.973,fmnist__cnn1__contrast__1.5__model_seed42_itr19_sgd_itr1_w228.bin
fmnist,cnn1,model_seed42_itr19_sgd_itr1,contrast,1.5,1,392,-0.08251320850104094,4.868803080637008,-0.08251320850104094,4.868803080637008,true,true,-4.868803080637008,-0.49250566619666336,0.16301125937078328,0.10472316771915224,WRONG,WRONG,false,false,-2.8071975748054685,0.11408477275505194,false,false,true,0.5184775713114107,1.0109832375080743,1.835,fmnist__cnn1__contrast__1.5__model_seed42_itr19_sgd_itr1_w229.bin
fmnist,cnn1,model_seed42_itr19_sgd_itr1,contrast,1.5,1,393,-0.08251320850104094,4.868803080637008,-0.08251318276139913,4.868803080637008,false,true,-4.868803080637008,-0.12387810919518255,0.16302023286934555,0.10325439430929495,n/a,WRONG,false,false,NaN,0.11408427357673645,n/a,false,true,0.10325439430929519,2.5847379792054426e-16,1.423,fmnist__cnn1__contrast__1.5__model_seed42_itr19_sgd_itr1_w230.bin
fmnist,cnn1,model_seed42_itr19_sgd_itr1,contrast,1.5,1,394,-0.08251320850104094,4.868803080637008,-0.08251320850104094,4.868803080637008,true,true,-4.868803080637008,-0.30036052680218317,0.16282165292325834,0.1092898303829492,WRONG,WRONG,false,false,-2.8071975748054685,0.11408427357678312,false,false,true,0.39038080716268286,0.6907413339648661,1.91,fmnist__cnn1__contrast__1.5__model_seed42_itr19_sgd_itr1_w231.bin
fmnist,cnn1,model_seed42_itr19_sgd_itr1,contrast,1.5,1,395,-0.08251320850104094,4.868803080637008,-0.08251320850104094,4.868803080637008,true,true,-4.868803080637008,-0.12388370081473954,0.16359219867736102,0.1102119054551306,WRONG,WRONG,false,false,-2.8071975748054685,0.07130267109259059,false,false,true,0.27272958983771867,0.39661329065245554,1.249,fmnist__cnn1__contrast__1.5__model_seed42_itr19_sgd_itr1_w232.bin
fmnist,cnn1,model_seed42_itr19_sgd_itr1,contrast,1.5,1,396,-0.08251320850104094,4.868803080637008,-0.08251320850104094,4.868803080637008,true,true,-4.868803080637008,-0.06173061951310149,0.16243814947300644,0.03862938783591595,WRONG,WRONG,false,false,-2.8071975748054685,0.11408427214896766,false,false,true,0.29302482181639783,0.3547554413295001,2.35,fmnist__cnn1__contrast__1.5__model_seed42_itr19_sgd_itr1_w233.bin
fmnist,cnn1,model_seed42_itr19_sgd_itr1,contrast,1.5,1,397,-0.08251320850104094,4.868803080637008,-0.08251320850104094,4.868803080637008,true,true,-4.868803080637008,-0.5800600072045354,0.16300640793489662,0.1132580763817409,WRONG,WRONG,false,false,-2.8071975748054685,0.05273719907271035,false,false,true,0.5768471322531192,1.1569071394576547,4.351,fmnist__cnn1__contrast__1.5__model_seed42_itr19_sgd_itr1_w234.bin
fmnist,cnn1,model_seed42_itr19_sgd_itr1,contrast,1.5,1,398,-0.08251320850104094,4.868803080637008,-0.08251318320035633,4.868803080637008,false,true,-4.868803080637008,-0.2690272976570275,0.16312723925845382,0.0022071366205642373,n/a,WRONG,false,false,NaN,0.1140842718329844,n/a,false,true,0.1877906933325946,0.1855835567120101,1.749,fmnist__cnn1__contrast__1.5__model_seed42_itr19_sgd_itr1_w235.bin
fmnist,cnn1,model_seed42_itr19_sgd_itr1,contrast,1.5,1,399,-0.08251320850104094,4.868803080637008,-0.08251318266148533,4.868803080637008,false,true,-4.868803080637008,-0.7513169198836185,0.1630112593707838,0.11325796716308212,n/a,WRONG,false,false,NaN,0.11408448827814631,n/a,false,true,0.11325796716308088,0.0,1.525,fmnist__cnn1__contrast__1.5__model_seed42_itr19_sgd_itr1_w236.bin
fmnist,cnn1,model_seed42_itr19_sgd_itr1,contrast,1.5,1,400,-0.08251320850104094,4.868803080637008,-0.08251320850104094,4.868803080637008,true,true,-4.868803080637008,-0.6687178763160853,0.16301450927406172,0.11326962486849612,WRONG,WRONG,false,false,-2.8071975748054685,0.11327086723685405,false,false,true,0.6359523742117767,1.3046702505278616,1.979,fmnist__cnn1__contrast__1.5__model_seed42_itr19_sgd_itr1_w237.bin
fmnist,cnn1,model_seed42_itr19_sgd_itr1,contrast,1.5,1,401,-0.08251320850104094,4.868803080637008,-0.08251320850104094,4.868803080637008,true,true,-4.868803080637008,-0.06456181115842696,0.16333820630392065,0.00934767404387618,WRONG,WRONG,false,false,-2.8071975748054685,0.1140842718634625,false,false,true,0.2339543685065551,0.2985161796649821,2.032,fmnist__cnn1__contrast__1.5__model_seed42_itr19_sgd_itr1_w238.bin
fmnist,cnn1,model_seed42_itr19_sgd_itr1,contrast,1.5,1,402,-0.08251320850104094,4.868803080637008,-0.08251318298556959,4.868803080637008,false,true,-4.868803080637008,-0.4367405553995655,0.16359219867736127,0.11021190545513053,n/a,WRONG,false,false,NaN,0.11408427357673623,n/a,false,true,0.11021190545513052,1.3877787807814457e-17,1.39,fmnist__cnn1__contrast__1.5__model_seed42_itr19_sgd_itr1_w239.bin
fmnist,cnn1,model_seed42_itr19_sgd_itr1,contrast,1.5,1,403,-0.08251320850104094,4.868803080637008,-0.08251320850104094,4.868803080637008,true,true,-4.868803080637008,-0.2909229389583011,0.16359219867736144,0.1113690560885034,WRONG,WRONG,false,false,-2.8071975748054685,0.11408427218263191,false,false,true,0.3840890819334273,0.675012020891727,1.721,fmnist__cnn1__contrast__1.5__model_seed42_itr19_sgd_itr1_w240.bin
fmnist,cnn1,model_seed42_itr19_sgd_itr1,contrast,1.5,1,404,-0.08251320850104094,4.868803080637008,-0.08251320850104094,4.868803080637008,true,true,-4.868803080637008,-0.705572059025869,0.16312723925843786,0.11408427301603535,WRONG,WRONG,false,false,-2.8071975748054685,0.11408427157679488,false,false,true,0.6605218344239103,1.3660938934497793,1.557,fmnist__cnn1__contrast__1.5__model_seed42_itr19_sgd_itr1_w241.bin
fmnist,cnn1,model_seed42_itr19_sgd_itr1,contrast,1.5,1,405,-0.08251320850104094,4.868803080637008,-0.08251320850104094,4.868803060766123,true,false,-4.868803060766123,-0.7461222452031538,0.16312723925845404,0.11327086723685464,WRONG,n/a,false,false,-2.807197562882937,NaN,false,n/a,true,0.6875552969959942,1.433677542199148,1.715,fmnist__cnn1__contrast__1.5__model_seed42_itr19_sgd_itr1_w242.bin
fmnist,cnn1,model_seed42_itr19_sgd_itr1,contrast,1.5,1,406,-6.120588358491659,2.86924447119236,-6.120588358491659,2.86924447119236,true,true,-1.3499713271856308,-1.3499713271856308,0.701743816568413,0.29751314860713196,WRONG,WRONG,false,false,-1.3499713271856308,0.3715753535799083,false,false,true,1.5192731440067293,2.86924447119236,6.265,fmnist__cnn1__contrast__1.5__model_seed42_itr19_sgd_itr1_w243.bin
fmnist,cnn1,model_seed42_itr19_sgd_itr1,contrast,1.5,1,407,-6.120588358491659,2.86924447119236,-6.120588358491659,2.86924447119236,true,true,-1.3499713271856308,-1.286702428623498,1.2906824119132028,0.3086083159881146,WRONG,WRONG,false,false,-1.3499713271856308,0.3715772212143748,false,false,true,1.4770938837778196,2.7637963124013183,3.423,fmnist__cnn1__contrast__1.5__model_seed42_itr19_sgd_itr1_w244.bin
fmnist,cnn1,model_seed42_itr19_sgd_itr1,contrast,1.5,1,408,-6.120588358491659,2.86924447119236,-6.120588358491659,2.86924447119236,true,true,-2.86924447119236,-0.32121683855908134,1.2906824119132032,0.371574842012511,WRONG,WRONG,false,false,-1.3499713271856306,0.37157535361431376,false,false,true,0.8334368182556958,1.154653656814777,1.473,fmnist__cnn1__contrast__1.5__model_seed42_itr19_sgd_itr1_w245.bin
fmnist,cnn1,model_seed42_itr19_sgd_itr1,contrast,1.5,1,409,-6.120588358491659,2.86924447119236,-6.120588358491659,2.86924447119236,true,true,-1.3499713271856308,-1.3499713271856308,1.2906824119132032,0.371575355666943,WRONG,WRONG,false,false,-1.3499713271856308,0.37157535339986875,false,false,true,1.5192731440067293,2.86924447119236,5.371,fmnist__cnn1__contrast__1.5__model_seed42_itr19_sgd_itr1_w246.bin
fmnist,cnn1,model_seed42_itr19_sgd_itr1,contrast,1.5,1,410,-6.120588358491659,2.86924447119236,-6.120588358491659,2.86924447119236,true,true,-1.349971327185629,-0.9564468570014131,0.70174381656841,0.3715753536069252,WRONG,WRONG,false,false,-1.3499713271856306,0.2762689084797973,false,false,true,1.9127976141909462,2.86924447119236,5.347,fmnist__cnn1__contrast__1.5__model_seed42_itr19_sgd_itr1_w247.bin
fmnist,cnn1,model_seed42_itr19_sgd_itr1,contrast,1.5,1,411,-6.120588358491659,2.86924447119236,-6.120588358491659,2.86924447119236,true,true,-2.86924447119236,-0.278145916351772,1.2906824119132054,0.20049733551599225,WRONG,WRONG,false,false,-1.3499713271856306,0.37157535359549526,false,false,true,0.9646461564234545,1.2427920727752269,1.736,fmnist__cnn1__contrast__1.5__model_seed42_itr19_sgd_itr1_w248.bin
fmnist,cnn1,model_seed42_itr19_sgd_itr1,contrast,1.5,1,412,-6.120588358491659,2.86924447119236,-6.120588358491659,2.86924447119236,true,true,-1.3499713271856308,-0.5483142959680412,1.2315272189107052,0.2198159524925954,WRONG,WRONG,false,false,-1.3499713271856306,0.3715772212143749,false,false,true,1.2320028464878536,1.7803171424559132,4.926,fmnist__cnn1__contrast__1.5__model_seed42_itr19_sgd_itr1_w249.bin
fmnist,cnn1,model_seed42_itr19_sgd_itr1,contrast,1.5,1,413,-6.120588358491659,2.86924447119236,-6.120588358491659,2.86924447119236,true,true,-2.86924447119236,-0.3212168385345182,1.2906824119132032,0.3667493393753664,WRONG,WRONG,false,true,-1.3499713271856306,-0.0,false,true,true,0.8334368182393206,1.1546536567738388,1.604,fmnist__cnn1__contrast__1.5__model_seed42_itr19_sgd_itr1_w250.bin
fmnist,cnn1,model_seed42_itr19_sgd_itr1,contrast,1.5,1,414,-6.120588358491659,2.86924447119236,-6.120588358491659,2.86924447119236,true,true,-1.349971327185616,-1.349971327185616,1.2906824119132032,0.3482385835425212,WRONG,WRONG,false,false,-1.3499713271856306,0.37157535552978527,false,false,true,1.5192731440067293,2.86924447119236,3.238,fmnist__cnn1__contrast__1.5__model_seed42_itr19_sgd_itr1_w251.bin
fmnist,cnn1,model_seed42_itr19_sgd_itr1,contrast,1.5,1,415,-6.120588358491659,2.86924447119236,-6.120588358491659,2.86924447119236,true,true,-1.3499713271856308,-0.4784636384368526,1.518747311782899,0.371575355666943,WRONG,WRONG,false,false,-1.3499713271856306,0.37157535552978516,false,false,true,0.9382680181742102,1.416731656611063,3.41,fmnist__cnn1__contrast__1.5__model_seed42_itr19_sgd_itr1_w252.bin
fmnist,cnn1,model_seed42_itr19_sgd_itr1,contrast,1.5,1,416,-6.120588358491659,2.86924447119236,-6.120588358491659,2.86924447119236,true,true,-2.86924447119236,-0.17742814829319353,1.2906824119132054,0.24182524330505306,WRONG,WRONG,false,true,-1.3499713271856306,-0.0,false,true,true,0.737577691411771,0.9150058397049646,1.626,fmnist__cnn1__contrast__1.5__model_seed42_itr19_sgd_itr1_w253.bin
fmnist,cnn1,model_seed42_itr19_sgd_itr1,contrast,1.5,1,417,-6.120588358491659,2.86924447119236,-6.120588358491659,2.8692444466903835,true,false,-1.3499713271856295,-1.181544179047944,1.518747311782899,0.37157535552978516,WRONG,n/a,false,false,-1.3499713058452516,NaN,false,n/a,true,1.6877002921444157,2.86924447119236,3.022,fmnist__cnn1__contrast__1.5__model_seed42_itr19_sgd_itr1_w254.bin
fmnist,cnn1,model_seed42_itr19_sgd_itr1,contrast,1.5,1,418,-6.120588358491659,2.86924447119236,-6.120588358491659,2.8692444463363804,true,false,-1.3499713271856293,-1.3499713122720431,1.2906824119132032,0.37157535552978543,WRONG,n/a,false,false,-1.3499713432071845,NaN,false,n/a,true,1.5192731340643375,2.8692444463363804,3.123,fmnist__cnn1__contrast__1.5__model_seed42_itr19_sgd_itr1_w255.bin
fmnist,cnn1,model_seed42_itr19_sgd_itr1,contrast,1.5,1,419,-6.120588358491659,2.86924447119236,-6.120588358491659,2.86924447119236,true,true,-1.3499713271856304,-0.11149796247482302,1.2906824119132032,0.25439783667075083,WRONG,WRONG,false,false,-1.3499713271856306,0.2762689084797973,false,false,true,0.6936242341995239,0.8051221966743469,2.536,fmnist__cnn1__contrast__1.5__model_seed42_itr19_sgd_itr1_w256.bin
fmnist,cnn1,model_seed42_itr19_sgd_itr1,contrast,1.5,1,420,-6.120588358491659,2.86924447119236,-6.120588358491659,2.86924447119236,true,true,-2.86924447119236,-0.16341314763388148,1.2315272189107083,0.28565335024764205,WRONG,WRONG,false,false,-1.3499713271856308,0.37157535552978543,false,false,true,0.8221906807731206,0.985603828407002,1.659,fmnist__cnn1__contrast__1.5__model_seed42_itr19_sgd_itr1_w257.bin
fmnist,cnn1,model_seed42_itr19_sgd_itr1,contrast,1.5,1,421,-6.120588358491659,2.86924447119236,-6.120588358491659,2.86924447119236,true,true,-1.3499713271856308,-1.20978352089126,0.7017438165684133,0.3329891034251811,WRONG,WRONG,false,false,-1.3499713271856308,0.3715753535957281,false,false,true,1.6594609503011004,2.86924447119236,5.358,fmnist__cnn1__contrast__1.5__model_seed42_itr19_sgd_itr1_w258.bin
fmnist,cnn1,model_seed42_itr19_sgd_itr1,contrast,1.5,1,422,-6.120588358491659,2.86924447119236,-6.120588358491659,2.86924447119236,true,true,-2.86924447119236,-0.875050966558613,1.290682411913204,0.05331889416666292,WRONG,WRONG,false,false,-1.3499713271856304,0.2806975266273646,false,false,true,1.2026595739234127,2.0777105404820273,1.626,fmnist__cnn1__contrast__1.5__model_seed42_itr19_sgd_itr1_w259.bin
fmnist,cnn1,model_seed42_itr19_sgd_itr1,contrast,1.5,1,423,-6.120588358491659,2.86924447119236,-6.120588335534608,2.86924447119236,false,true,-1.3499713271856306,-1.3499713271856306,0.701743816568418,0.37157535552978516,n/a,WRONG,false,false,NaN,0.37157535552978516,n/a,false,true,0.3715753555297852,0.0,4.466,fmnist__cnn1__contrast__1.5__model_seed42_itr19_sgd_itr1_w260.bin
fmnist,cnn1,model_seed42_itr19_sgd_itr1,contrast,1.5,1,424,-6.120588358491659,2.86924447119236,-6.120588358491659,2.86924447119236,true,true,-1.3499713271856308,-1.3499713271856308,0.701743816568406,0.37157535552978516,WRONG,WRONG,false,false,-1.349971327185645,0.37157535552978516,false,false,true,1.5192731440067293,2.86924447119236,3.906,fmnist__cnn1__contrast__1.5__model_seed42_itr19_sgd_itr1_w261.bin
fmnist,cnn1,model_seed42_itr19_sgd_itr1,contrast,1.5,1,425,-6.120588358491659,2.86924447119236,-6.120588358491659,2.86924447119236,true,true,-1.3499713271856308,-1.1663467397105662,0.7017438165684126,0.37157535552978516,WRONG,WRONG,false,false,-1.3499713271856308,0.37157535552978516,false,false,true,1.3968567523566864,2.5632034920672524,3.782,fmnist__cnn1__contrast__1.5__model_seed42_itr19_sgd_itr1_w262.bin
fmnist,cnn1,model_seed42_itr19_sgd_itr1,contrast,1.5,1,426,-6.120588358491659,2.86924447119236,-6.120588358491659,2.86924447119236,true,true,-1.3499713271856308,-0.4035007392548944,0.7017438165684118,0.3289724796467614,WRONG,WRONG,false,false,-1.3499713271856306,0.36759605575013893,false,false,true,1.3032158889064638,1.7067166281613162,4.403,fmnist__cnn1__contrast__1.5__model_seed42_itr19_sgd_itr1_w263.bin
fmnist,cnn1,model_seed42_itr19_sgd_itr1,contrast,1.5,1,427,-6.120588358491659,2.86924447119236,-6.120588358491659,2.86924447119236,true,true,-2.86924447119236,-0.31456930168526764,1.2906824119132043,0.2063728681666871,WRONG,WRONG,false,false,-1.3499713271856304,0.37157535552978527,false,false,true,0.8346805848597867,1.1492498865449867,1.845,fmnist__cnn1__contrast__1.5__model_seed42_itr19_sgd_itr1_w264.bin
fmnist,cnn1,model_seed42_itr19_sgd_itr1,contrast,1.5,1,428,-6.120588358491659,2.86924447119236,-6.120588358491659,2.86924447119236,true,true,-2.86924447119236,-0.3779724114916403,1.2906824119132048,0.2080706715274973,WRONG,WRONG,false,true,-1.3499713271856115,-0.0,false,true,true,0.8712738668774135,1.249246278369071,1.619,fmnist__cnn1__contrast__1.5__model_seed42_itr19_sgd_itr1_w265.bin
fmnist,cnn1,model_seed42_itr19_sgd_itr1,contrast,1.5,1,429,-6.120588358491659,2.86924447119236,-6.120588358491659,2.86924447119236,true,true,-1.3499713271856308,-1.3499713271856308,0.7017438165684089,0.37157535552978516,WRONG,WRONG,false,false,-1.3499713271856306,0.2762689084797974,false,false,true,1.5192731440067293,2.86924447119236,4.265,fmnist__cnn1__contrast__1.5__model_seed42_itr19_sgd_itr1_w266.bin
fmnist,cnn1,model_seed42_itr19_sgd_itr1,contrast,1.5,1,430,-6.120588358491659,2.86924447119236,-6.120588358491659,2.86924447119236,true,true,-1.3499713271856306,-1.3499713271856306,0.7017438165684116,0.32897247964676135,WRONG,WRONG,false,false,-1.3499713271856308,0.37157535552978527,false,false,true,1.5192731440067293,2.86924447119236,3.651,fmnist__cnn1__contrast__1.5__model_seed42_itr19_sgd_itr1_w267.bin
fmnist,cnn1,model_seed42_itr19_sgd_itr1,contrast,1.5,1,431,-6.120588358491659,2.86924447119236,-6.120588358491659,2.86924447119236,true,true,-1.3499713271856308,-1.3499713271856308,0.7017438165684166,0.37157535552978516,WRONG,WRONG,false,false,-1.3499713271856308,0.37157535552978516,false,false,true,1.5192731440067293,2.86924447119236,4.151,fmnist__cnn1__contrast__1.5__model_seed42_itr19_sgd_itr1_w268.bin
fmnist,cnn1,model_seed42_itr19_sgd_itr1,contrast,1.5,1,432,-6.120588358491659,2.86924447119236,-6.120588358491659,2.86924447119236,true,true,-1.3499713271856306,-1.3499713271856306,1.2906824119132032,0.06441531235648666,WRONG,WRONG,false,false,-1.3499713271856308,0.37157535552978505,false,false,true,1.5192731440067293,2.86924447119236,3.169,fmnist__cnn1__contrast__1.5__model_seed42_itr19_sgd_itr1_w269.bin
fmnist,cnn1,model_seed42_itr19_sgd_itr1,contrast,1.5,1,433,-6.120588358491659,2.86924447119236,-6.120588358491659,2.86924447119236,true,true,-1.3499713271856306,-0.01852220752918632,1.290682411913202,0.3532777494765312,WRONG,WRONG,false,false,-1.3499713271856306,0.3715753541680005,false,false,true,0.6316403975690995,0.6501626050982858,3.1,fmnist__cnn1__contrast__1.5__model_seed42_itr19_sgd_itr1_w270.bin
fmnist,cnn1,model_seed42_itr19_sgd_itr1,contrast,1.5,1,434,-6.120588358491659,2.86924447119236,-6.120588358491659,2.86924447119236,true,true,-1.3499713271856308,-1.2867024297190555,0.9120382661706198,0.37157535489679133,WRONG,WRONG,false,true,-1.3499713271856306,-0.0,false,true,true,1.4770938826822628,2.7637963124013183,3.679,fmnist__cnn1__contrast__1.5__model_seed42_itr19_sgd_itr1_w271.bin
fmnist,cnn1,model_seed42_itr19_sgd_itr1,contrast,1.5,1,435,-6.120588358491659,2.86924447119236,-6.120588358491659,2.86924447119236,true,true,-1.3499713271856306,-1.3499713271856306,1.2906824119132032,0.3482385835425229,WRONG,WRONG,false,false,-1.3499713271856304,0.37157535361703153,false,false,true,1.5192731440067293,2.86924447119236,3.505,fmnist__cnn1__contrast__1.5__model_seed42_itr19_sgd_itr1_w272.bin
fmnist,cnn1,model_seed42_itr19_sgd_itr1,contrast,1.5,1,436,-6.120588358491659,2.86924447119236,-6.120588358491659,2.86924447119236,true,true,-1.3499713271856302,-0.12878816022161765,0.701743816568413,0.07117119120398413,WRONG,WRONG,false,false,-1.3499713271856308,0.3715732981035999,false,false,true,1.2014296531677244,1.3302178133893412,2.978,fmnist__cnn1__contrast__1.5__model_seed42_itr19_sgd_itr1_w273.bin
fmnist,cnn1,model_seed42_itr19_sgd_itr1,contrast,1.5,1,437,-6.120588358491659,2.86924447119236,-6.120588358491659,2.86924447119236,true,true,-2.86924447119236,-0.3638017190166132,1.2906824119132032,0.05331889416682541,WRONG,WRONG,false,false,-1.3499713271856308,0.3715753535991931,false,false,true,0.8618300958847711,1.2256318149013847,1.484,fmnist__cnn1__contrast__1.5__model_seed42_itr19_sgd_itr1_w274.bin
fmnist,cnn1,model_seed42_itr19_sgd_itr1,contrast,1.5,1,438,-6.120588358491659,2.86924447119236,-6.120588358491659,2.86924447119236,true,true,-2.86924447119236,-0.5678432745192161,0.7017438165684055,0.2198159524925964,WRONG,WRONG,false,true,-1.349971299934702,-0.0,false,true,true,0.9978544445997323,1.5656977191189474,2.426,fmnist__cnn1__contrast__1.5__model_seed42_itr19_sgd_itr1_w275.bin
fmnist,cnn1,model_seed42_itr19_sgd_itr1,contrast,1.5,1,439,-6.120588358491659,2.86924447119236,-6.120588358491659,2.86924447119236,true,true,-1.3499713271856206,-1.3499713271856206,1.2906824119132032,0.37157535552978516,WRONG,WRONG,false,true,-1.3499713271856306,-0.0,false,true,true,1.5192731440067293,2.86924447119236,3.255,fmnist__cnn1__contrast__1.5__model_seed42_itr19_sgd_itr1_w276.bin
fmnist,cnn1,model_seed42_itr19_sgd_itr1,contrast,1.5,1,440,-6.120588358491659,2.86924447119236,-6.120588358491659,2.86924447119236,true,true,-1.3499713271856773,-1.3499713271856773,0.9120382661706209,0.36103739788367656,WRONG,WRONG,false,false,-1.3499713271856308,0.37157535360494004,false,false,true,1.5192731440067293,2.86924447119236,3.682,fmnist__cnn1__contrast__1.5__model_seed42_itr19_sgd_itr1_w277.bin
fmnist,cnn1,model_seed42_itr19_sgd_itr1,contrast,1.5,1,441,-6.120588358491659,2.86924447119236,-6.120588358491659,2.86924447119236,true,true,-2.86924447119236,-0.6162494498204552,1.231527218910706,0.36223271825677195,WRONG,WRONG,false,false,-1.3499713271856308,0.2787120967508554,false,false,true,1.0301252283244422,1.6463746781448976,1.661,fmnist__cnn1__contrast__1.5__model_seed42_itr19_sgd_itr1_w278.bin
fmnist,cnn1,model_seed42_itr19_sgd_itr1,contrast,1.5,1,442,-6.120588358491659,2.86924447119236,-6.120588358491659,2.86924447119236,true,true,-1.3499713271856306,-1.3499713271856306,0.7017438165684089,0.2762689084797973,WRONG,WRONG,false,true,-1.3499713271856306,-0.0,false,true,true,1.5192731440067293,2.86924447119236,4.794,fmnist__cnn1__contrast__1.5__model_seed42_itr19_sgd_itr1_w279.bin
fmnist,cnn1,model_seed42_itr19_sgd_itr1,contrast,1.5,1,443,-6.120588358491659,2.86924447119236,-6.120588358491659,2.86924447119236,true,true,-1.3499713271856308,-1.3499713271856308,1.2906824119132079,0.22223471149805624,WRONG,WRONG,false,false,-1.3499713271856306,0.37157535552978516,false,false,true,1.5192731440067293,2.86924447119236,4.866,fmnist__cnn1__contrast__1.5__model_seed42_itr19_sgd_itr1_w280.bin
fmnist,cnn1,model_seed42_itr19_sgd_itr1,contrast,1.5,1,444,-6.120588358491659,2.86924447119236,-6.120588358491659,2.86924447119236,true,true,-2.86924447119236,-0.14554066030283053,1.2906824119132054,0.3715753555297856,WRONG,WRONG,false,true,-1.3499713271856308,-0.0,false,true,true,0.7163193660848624,0.8618600263876929,1.587,fmnist__cnn1__contrast__1.5__model_seed42_itr19_sgd_itr1_w281.bin
fmnist,cnn1,model_seed42_itr19_sgd_itr1,contrast,1.5,1,445,-6.120588358491659,2.86924447119236,-6.120588358491659,2.86924447119236,true,true,-1.3499713271856313,-1.3499713271856313,1.2906824119132054,0.37157535552978516,WRONG,WRONG,false,false,-1.3499713271856306,0.28993162651973003,false,false,true,1.5192731440067293,2.86924447119236,3.792,fmnist__cnn1__contrast__1.5__model_seed42_itr19_sgd_itr1_w282.bin
fmnist,cnn1,model_seed42_itr19_sgd_itr1,contrast,1.5,1,446,-6.120588358491659,2.86924447119236,-6.120588358491659,2.86924447119236,true,true,-2.86924447119236,-0.09966209682228555,1.2906824119132054,0.14824254169733087,WRONG,WRONG,false,false,-1.3499713271856306,0.3715753555297852,false,false,true,0.732507818551026,0.8321699153733114,1.522,fmnist__cnn1__contrast__1.5__model_seed42_itr19_sgd_itr1_w283.bin
fmnist,cnn1,model_seed42_itr19_sgd_itr1,contrast,1.5,1,447,-6.120588358491659,2.86924447119236,-6.120588358491659,2.86924447119236,true,true,-1.3499713271856308,-0.3439866704332857,0.9120382661706214,0.3131967502787666,WRONG,WRONG,false,false,-1.3499713271856306,Inf,false,false,true,1.2014296531677244,1.5454163236010472,4.901,fmnist__cnn1__contrast__1.5__model_seed42_itr19_sgd_itr1_w284.bin
fmnist,cnn1,model_seed42_itr19_sgd_itr1,contrast,1.5,1,448,-6.120588358491659,2.86924447119236,-6.120588358491659,2.86924447119236,true,true,-1.3499713271856304,-0.11149796247486765,1.2906824119132054,0.34002241139205114,WRONG,WRONG,false,false,-1.3499713271856306,0.27626890847979735,false,false,true,0.6936242341995239,0.8051221966743469,2.741,fmnist__cnn1__contrast__1.5__model_seed42_itr19_sgd_itr1_w285.bin
fmnist,cnn1,model_seed42_itr19_sgd_itr1,contrast,1.5,1,449,-6.120588358491659,2.86924447119236,-6.120588358491659,2.86924447119236,true,true,-1.3499713271856306,-1.3499713271856306,1.2315272189107043,0.37157535552978516,WRONG,WRONG,false,false,-1.3499713271856308,0.3715753535959516,false,false,true,1.5192731440067293,2.86924447119236,3.564,fmnist__cnn1__contrast__1.5__model_seed42_itr19_sgd_itr1_w286.bin
fmnist,cnn1,model_seed42_itr19_sgd_itr1,contrast,1.5,1,450,-6.120588358491659,2.86924447119236,-6.120588335532876,2.86924447119236,false,true,-1.3499713271856304,-0.643784948233548,0.7017438165684116,0.3252172028534664,n/a,WRONG,false,false,NaN,0.3252172028534664,n/a,false,true,0.32521720285346634,4.440892098500626e-16,4.691,fmnist__cnn1__contrast__1.5__model_seed42_itr19_sgd_itr1_w287.bin
fmnist,cnn1,model_seed42_itr19_sgd_itr1,contrast,1.5,1,451,-6.120588358491659,2.86924447119236,-6.120588358491659,2.86924447119236,true,true,-1.349971327185631,-1.349971327185631,1.5187473117828976,0.015266813312032113,WRONG,WRONG,false,false,-1.3499713271856308,0.27626890860742437,false,false,true,1.5192731440067293,2.86924447119236,3.719,fmnist__cnn1__contrast__1.5__model_seed42_itr19_sgd_itr1_w288.bin
fmnist,cnn1,model_seed42_itr19_sgd_itr1,contrast,1.5,1,452,-6.120588358491659,2.86924447119236,-6.120588358491659,2.86924447119236,true,true,-1.3499713271856306,-1.3499713271856306,1.5187473117828976,0.02737921432023782,WRONG,WRONG,false,false,-1.3499713271856306,0.11388676931843691,false,false,true,1.5192731440067293,2.86924447119236,4.384,fmnist__cnn1__contrast__1.5__model_seed42_itr19_sgd_itr1_w289.bin
fmnist,cnn1,model_seed42_itr19_sgd_itr1,contrast,1.5,1,453,-6.120588358491659,2.86924447119236,-6.120588358491659,2.86924447119236,true,true,-1.3499713271856306,-1.3499713271856306,0.7017438165684069,0.3715777211500309,WRONG,WRONG,false,false,-1.3499713271856306,0.3715753526453506,false,false,true,1.5192731440067293,2.86924447119236,8.817,fmnist__cnn1__contrast__1.5__model_seed42_itr19_sgd_itr1_w290.bin
fmnist,cnn1,model_seed42_itr19_sgd_itr1,contrast,1.5,1,454,-6.120588358491659,2.86924447119236,-6.120588358491659,2.86924447119236,true,true,-1.3499713271856304,-1.3499713271856304,1.2906824119132043,0.3428180575068075,WRONG,WRONG,false,true,-1.3499713001180276,-0.0,false,true,true,1.5192731440067293,2.86924447119236,4.461,fmnist__cnn1__contrast__1.5__model_seed42_itr19_sgd_itr1_w291.bin
fmnist,cnn1,model_seed42_itr19_sgd_itr1,contrast,1.5,1,455,-6.120588358491659,2.86924447119236,-6.120588358491659,2.86924447119236,true,true,-1.3499713271856306,-1.3499713271856306,0.70174381656841,0.24342854642888323,WRONG,WRONG,false,false,-1.3499713271856308,0.37157535360997607,false,false,true,1.5192731440067293,2.86924447119236,3.776,fmnist__cnn1__contrast__1.5__model_seed42_itr19_sgd_itr1_w292.bin
fmnist,cnn1,model_seed42_itr19_sgd_itr1,contrast,1.5,1,456,-6.120588358491659,2.86924447119236,-6.120588358491659,2.86924447119236,true,true,-2.86924447119236,-0.37032131157178705,1.2315272189107063,0.37157535460991337,WRONG,WRONG,false,true,-1.3499713271856306,-0.0,false,true,true,0.8661731351252754,1.236494446697062,1.714,fmnist__cnn1__contrast__1.5__model_seed42_itr19_sgd_itr1_w293.bin
fmnist,cnn1,model_seed42_itr19_sgd_itr1,contrast,1.5,1,457,-6.120588358491659,2.86924447119236,-6.120588358491659,2.86924447119236,true,true,-1.3499713271856306,-1.3499713271856306,1.290682411913205,0.030863419135249148,WRONG,WRONG,false,false,-1.3499713271856306,0.3715753555297851,false,false,true,1.5192731440067293,2.86924447119236,3.79,fmnist__cnn1__contrast__1.5__model_seed42_itr19_sgd_itr1_w294.bin
fmnist,cnn1,model_seed42_itr19_sgd_itr1,contrast,1.5,1,458,-6.120588358491659,2.86924447119236,-6.120588358491659,2.86924447119236,true,true,-2.86924447119236,-0.3779724114916305,1.2906824119132043,0.0644153123562528,WRONG,WRONG,false,false,-1.3499713271856308,0.371575355529785,false,false,true,0.8712738668774136,1.2492462783690712,1.733,fmnist__cnn1__contrast__1.5__model_seed42_itr19_sgd_itr1_w295.bin
fmnist,cnn1,model_seed42_itr19_sgd_itr1,contrast,1.5,1,459,-6.120588358491659,2.86924447119236,-6.120588358491659,2.86924447119236,true,true,-2.86924447119236,-0.5152133793579334,1.290682411913206,0.37157535552978516,WRONG,WRONG,false,false,-1.3499713271856306,0.3715696672742372,false,false,true,0.9627678454549331,1.47798122481287,1.68,fmnist__cnn1__contrast__1.5__model_seed42_itr19_sgd_itr1_w296.bin
fmnist,cnn1,model_seed42_itr19_sgd_itr1,contrast,1.5,1,460,-6.120588358491659,2.86924447119236,-6.120588358491659,2.86924447119236,true,true,-1.3499713271856304,-0.4044556212756526,0.7017438165684092,0.3190889243006051,WRONG,WRONG,false,false,-1.3499713271856306,0.2763338279241383,false,false,true,0.8889396595623601,1.2933952808380127,3.315,fmnist__cnn1__contrast__1.5__model_seed42_itr19_sgd_itr1_w297.bin
fmnist,cnn1,model_seed42_itr19_sgd_itr1,contrast,1.5,1,461,-6.120588358491659,2.86924447119236,-6.120588358491659,2.86924447119236,true,true,-1.3499713271856306,-1.3499713271856306,1.2906824119132032,0.013877049810549047,WRONG,WRONG,false,false,-1.3499713271856306,0.37157535359382354,false,false,true,1.5192731440067293,2.86924447119236,3.455,fmnist__cnn1__contrast__1.5__model_seed42_itr19_sgd_itr1_w298.bin
fmnist,cnn1,model_seed42_itr19_sgd_itr1,contrast,1.5,1,462,-6.120588358491659,2.86924447119236,-6.120588358491659,2.86924447119236,true,true,-2.86924447119236,-0.5361004636152348,1.2906824119132054,0.0424733448327973,WRONG,WRONG,false,true,-1.3499713271856306,-0.0,false,true,true,0.9766925705444517,1.5127930341596862,1.366,fmnist__cnn1__contrast__1.5__model_seed42_itr19_sgd_itr1_w299.bin
fmnist,cnn1,model_seed42_itr19_sgd_itr1,contrast,1.5,1,463,-6.120588358491659,2.86924447119236,-6.120588358491659,2.86924447119236,true,true,-1.3499713271856304,-1.3499713001568103,0.7017438165684149,0.3562894042450043,WRONG,WRONG,false,false,-1.3499713271856306,0.3715753535726432,false,false,true,1.5192731276177356,2.8692444277745466,5.549,fmnist__cnn1__contrast__1.5__model_seed42_itr19_sgd_itr1_w300.bin
fmnist,cnn1,model_seed42_itr19_sgd_itr1,contrast,1.5,1,464,-6.120588358491659,2.86924447119236,-6.120588358491659,2.86924447119236,true,true,-2.86924447119236,-0.19770374529285073,0.42298016490674084,0.37157535457977864,WRONG,WRONG,false,false,-1.3499713271856308,0.371575353571932,false,false,true,0.7510947569205968,0.9487985022134477,3.496,fmnist__cnn1__contrast__1.5__model_seed42_itr19_sgd_itr1_w301.bin
fmnist,cnn1,model_seed42_itr19_sgd_itr1,contrast,1.5,1,465,-6.120588358491659,2.86924447119236,-6.120588358491659,2.86924447119236,true,true,-2.86924447119236,-0.4361679337899719,1.2906824119132032,0.06441531246295629,WRONG,WRONG,false,false,-1.3499713001059341,0.3709710457672068,false,false,true,0.9100708836192625,1.3462388174092346,1.706,fmnist__cnn1__contrast__1.5__model_seed42_itr19_sgd_itr1_w302.bin
fmnist,cnn1,model_seed42_itr19_sgd_itr1,contrast,1.5,1,466,-6.120588358491659,2.86924447119236,-6.120588358491659,2.86924447119236,true,true,-1.3499713271856295,-0.44714661254703403,1.2315272189107072,0.2856533502476418,WRONG,WRONG,false,false,-1.3499713271856306,0.37157535359034305,false,false,true,2.3166496998542843,2.7637963124013183,3.368,fmnist__cnn1__contrast__1.5__model_seed42_itr19_sgd_itr1_w303.bin
fmnist,cnn1,model_seed42_itr19_sgd_itr1,contrast,1.5,1,467,-6.120588358491659,2.86924447119236,-6.120588335522279,2.86924447119236,false,true,-2.86924447119236,-0.1323230486131316,1.290682411913206,0.3608183117252545,n/a,WRONG,false,false,NaN,0.37157535552978516,n/a,false,true,0.3608183117252549,0.0,1.443,fmnist__cnn1__contrast__1.5__model_seed42_itr19_sgd_itr1_w304.bin
fmnist,cnn1,model_seed42_itr19_sgd_itr1,contrast,1.5,1,468,-6.120588358491659,2.86924447119236,-6.120588358491659,2.86924447119236,true,true,-1.3499713271856308,-0.8378038127291072,1.2906824119132043,0.20049733551599247,WRONG,WRONG,false,false,-1.349971327185631,0.3622327182567825,false,false,true,1.4879339601295367,2.325737772858632,2.644,fmnist__cnn1__contrast__1.5__model_seed42_itr19_sgd_itr1_w305.bin
fmnist,cnn1,model_seed42_itr19_sgd_itr1,contrast,1.5,1,469,-6.120588358491659,2.86924447119236,-6.120588358491659,2.86924447119236,true,true,-1.3499713271856306,-1.3499713271856306,1.2906824119132054,0.18395098400339815,WRONG,WRONG,false,false,-1.3499713271856306,0.27626890860742437,false,false,true,1.5192731440067293,2.86924447119236,2.715,fmnist__cnn1__contrast__1.5__model_seed42_itr19_sgd_itr1_w306.bin
fmnist,cnn1,model_seed42_itr19_sgd_itr1,contrast,1.5,1,470,-6.120588358491659,2.86924447119236,-6.120588358491659,2.86924447119236,true,true,-1.3499713271856306,-1.3499713271856306,0.70174381656841,0.371575355666943,WRONG,WRONG,false,false,-1.3499713271856306,0.3715753555297854,false,false,true,1.5192731440067293,2.86924447119236,3.83,fmnist__cnn1__contrast__1.5__model_seed42_itr19_sgd_itr1_w307.bin
fmnist,cnn1,model_seed42_itr19_sgd_itr1,contrast,1.5,1,471,-6.120588358491659,2.86924447119236,-6.120588358491659,2.869244446239117,true,false,-1.3499713183166102,-1.3499713183166102,0.9120382661706214,0.22355115489799976,WRONG,n/a,false,false,-1.3499713271856306,NaN,false,n/a,true,1.5192731190534863,2.869244446239117,3.895,fmnist__cnn1__contrast__1.5__model_seed42_itr19_sgd_itr1_w308.bin
fmnist,cnn1,model_seed42_itr19_sgd_itr1,contrast,1.5,1,472,-6.120588358491659,2.86924447119236,-6.120588358491659,2.86924447119236,true,true,-1.3499713271856304,-1.3499713002903437,0.701743816568411,0.05331889416682481,WRONG,WRONG,false,false,-1.3499713271856308,0.3715753535972626,false,false,true,1.5192731277036187,2.869244427993963,5.267,fmnist__cnn1__contrast__1.5__model_seed42_itr19_sgd_itr1_w309.bin
fmnist,cnn1,model_seed42_itr19_sgd_itr1,contrast,1.5,1,473,-6.120588358491659,2.86924447119236,-6.120588358491659,2.86924447119236,true,true,-1.3499713271856308,-1.2867024286808977,1.2906824119132032,0.053318894167464034,WRONG,WRONG,false,false,-1.349971300030804,0.3715753535856801,false,false,true,1.4770938837204206,2.7637963124013183,2.929,fmnist__cnn1__contrast__1.5__model_seed42_itr19_sgd_itr1_w310.bin
fmnist,cnn1,model_seed42_itr19_sgd_itr1,contrast,1.5,1,474,-6.120588358491659,2.86924447119236,-6.120588358491659,2.86924447119236,true,true,-1.3499713271856308,-0.34722893192086124,0.7017438165684082,0.37157535389166596,WRONG,WRONG,false,true,-1.3499713271856306,-0.0,false,true,true,1.1455854322294916,1.4928143641503526,10.76,fmnist__cnn1__contrast__1.5__model_seed42_itr19_sgd_itr1_w311.bin
fmnist,cnn1,model_seed42_itr19_sgd_itr1,contrast,1.5,1,475,-6.120588358491659,2.86924447119236,-6.120588358491659,2.86924447119236,true,true,-1.3499713271856308,-1.3499713271856308,0.7017438165684081,0.21981595249257435,WRONG,WRONG,false,false,-1.3499713271856306,0.3715753536114147,false,false,true,1.5192731440067293,2.86924447119236,5.48,fmnist__cnn1__contrast__1.5__model_seed42_itr19_sgd_itr1_w312.bin
fmnist,cnn1,model_seed42_itr19_sgd_itr1,contrast,1.5,1,476,-6.120588358491659,2.86924447119236,-6.120588358491659,2.86924447119236,true,true,-1.3499713271856308,-1.3499713271856308,1.2906824119132032,0.37157535552978516,WRONG,WRONG,false,true,-1.3499713000972988,-0.0,false,true,true,1.5192731440067293,2.86924447119236,3.887,fmnist__cnn1__contrast__1.5__model_seed42_itr19_sgd_itr1_w313.bin
fmnist,cnn1,model_seed42_itr19_sgd_itr1,contrast,1.5,1,477,-6.120588358491659,2.86924447119236,-6.120588335531435,2.86924447119236,false,true,-1.349971327185597,-1.349971327185597,1.2315272189107065,0.2856533502476417,n/a,WRONG,false,false,NaN,0.37157535552978527,n/a,false,true,0.28565335024764177,0.0,3.844,fmnist__cnn1__contrast__1.5__model_seed42_itr19_sgd_itr1_w314.bin
fmnist,cnn1,model_seed42_itr19_sgd_itr1,contrast,1.5,1,478,-6.120588358491659,2.86924447119236,-6.120588358491659,2.86924447119236,true,true,-1.3499713271856826,-1.3499713271856826,1.2906824119132032,0.054528583895343256,WRONG,WRONG,false,false,-1.3499713271856306,0.37157535552978543,false,false,true,1.5192731440067293,2.86924447119236,3.249,fmnist__cnn1__contrast__1.5__model_seed42_itr19_sgd_itr1_w315.bin
fmnist,cnn1,model_seed42_itr19_sgd_itr1,contrast,1.5,1,479,-6.120588358491659,2.86924447119236,-6.120588358491659,2.86924447119236,true,true,-2.86924447119236,-0.06996877731172713,1.2906824119132023,0.37157535552978516,WRONG,WRONG,false,false,-1.349971327185631,0.3715753555297853,false,false,true,0.6659381107574602,0.7359068880691874,1.56,fmnist__cnn1__contrast__1.5__model_seed42_itr19_sgd_itr1_w316.bin
fmnist,cnn1,model_seed42_itr19_sgd_itr1,contrast,1.5,1,480,-6.120588358491659,2.86924447119236,-6.120588358491659,2.86924444623053,true,false,-2.86924444623053,-0.24534945978850242,1.2315272189107074,0.2120890626029268,WRONG,n/a,false,false,-1.3499713131186788,NaN,false,n/a,true,0.7828585657419771,1.0282080255304802,1.724,fmnist__cnn1__contrast__1.5__model_seed42_itr19_sgd_itr1_w317.bin
fmnist,cnn1,model_seed42_itr19_sgd_itr1,contrast,1.5,1,481,-6.120588358491659,2.86924447119236,-6.120588358491659,2.86924447119236,true,true,-1.3499713271856308,-1.3499713271856308,1.2906824119132032,0.37157535552978516,WRONG,WRONG,false,false,-1.3499713271856306,0.3715753535897502,false,false,true,1.5192731440067293,2.86924447119236,3.564,fmnist__cnn1__contrast__1.5__model_seed42_itr19_sgd_itr1_w318.bin
fmnist,cnn1,model_seed42_itr19_sgd_itr1,contrast,1.5,1,482,-6.120588358491659,2.86924447119236,-6.120588358491659,2.86924447119236,true,true,-1.3499713271856295,-0.2953448642008386,1.2315272189107072,0.3303225529630202,WRONG,WRONG,false,false,-1.3499713271856308,0.37157535552978516,false,false,true,0.816188835350201,1.11153369955104,3.052,fmnist__cnn1__contrast__1.5__model_seed42_itr19_sgd_itr1_w319.bin
fmnist,cnn1,model_seed42_itr19_sgd_itr1,contrast,1.5,1,483,-6.120588358491659,2.86924447119236,-6.120588358491659,2.86924447119236,true,true,-2.86924447119236,-0.5673445701599136,0.7017438165684118,0.32897247964676135,WRONG,WRONG,false,false,-1.3499713271856506,0.2762689084797974,false,false,true,0.9975219726562501,1.564866542816162,2.294,fmnist__cnn1__contrast__1.5__model_seed42_itr19_sgd_itr1_w320.bin
fmnist,cnn1,model_seed42_itr19_sgd_itr1,contrast,1.5,1,484,-6.120588358491659,2.86924447119236,-6.120588358491659,2.86924447119236,true,true,-1.3499713271856306,-1.3499713271856306,1.2906824119132043,0.322602732891421,WRONG,WRONG,false,true,-1.3499713271856306,-0.0,false,true,true,1.5192731440067293,2.86924447119236,3.258,fmnist__cnn1__contrast__1.5__model_seed42_itr19_sgd_itr1_w321.bin
fmnist,cnn1,model_seed42_itr19_sgd_itr1,contrast,1.5,1,485,-6.120588358491659,2.86924447119236,-6.120588335537209,2.86924447119236,false,true,-1.3499713271856308,-1.3499713271856308,0.7017438165684162,0.3289724796467612,n/a,WRONG,false,false,NaN,0.37157535552978543,n/a,false,true,0.32897247964676113,0.0,5.68,fmnist__cnn1__contrast__1.5__model_seed42_itr19_sgd_itr1_w322.bin
fmnist,cnn1,model_seed42_itr19_sgd_itr1,contrast,1.5,1,486,-6.120588358491659,2.86924447119236,-6.120588358491659,2.86924447119236,true,true,-1.3499713271856304,-1.3499713271856304,1.2315272189107052,0.37157535552978516,WRONG,WRONG,false,false,-1.3499713271856306,0.2707779594208836,false,false,true,1.5192731440067293,2.86924447119236,3.887,fmnist__cnn1__contrast__1.5__model_seed42_itr19_sgd_itr1_w323.bin
