dataset,arch,model,perturbation,size,layer,neuron,l_org,u_org,l_pert,u_pert,guard_ge,guard_le,min_bound,min_val,max_bound,max_val,verdict_ge,verdict_le,old_stamp_ge,old_stamp_le,old_val_min,old_val_max,fired_ge,fired_le,witness_ok,witness_z,witness_zp,probe_sec,witness_file
fmnist,cnn1,model_seed42_itr19_sgd_itr1,linf,0.1,1,82,-0.7210531886667013,4.7143519192468375,-0.7210531886667013,4.7143519192468375,true,true,-4.7143519192468375,-0.5435405107913538,4.7143519192468375,0.5435405107913536,WRONG,WRONG,false,false,-0.5435405107913538,0.5435405107913536,false,false,true,1.3693192200195488,1.912859730810902,1.125,fmnist__cnn1__linf__0.1__model_seed42_itr19_sgd_itr1_w1.bin
fmnist,cnn1,model_seed42_itr19_sgd_itr1,linf,0.1,1,83,-0.7210531886667013,4.7143519192468375,-0.7210531886667013,4.7143519192468375,true,true,-4.7143519192468375,-0.543540510791354,4.7143519192468375,0.5435405107913529,WRONG,WRONG,false,false,-0.543540510791354,0.5435405107913529,false,false,true,1.1787505336136104,1.722291044404964,0.482,fmnist__cnn1__linf__0.1__model_seed42_itr19_sgd_itr1_w2.bin
fmnist,cnn1,model_seed42_itr19_sgd_itr1,linf,0.1,1,84,-0.7210531886667013,4.7143519192468375,-0.7210531886667013,4.7143519192468375,true,true,-4.7143519192468375,-0.543540510791354,4.7143519192468375,0.5435405107913538,WRONG,WRONG,false,false,-0.543540510791354,0.5435405107913538,false,false,true,1.274718484203868,1.8182589949952215,0.478,fmnist__cnn1__linf__0.1__model_seed42_itr19_sgd_itr1_w3.bin
fmnist,cnn1,model_seed42_itr19_sgd_itr1,linf,0.1,1,85,-0.7210531886667013,4.7143519192468375,-0.7210531886667013,4.7143519192468375,true,true,-4.7143519192468375,-0.5435405107913538,4.7143519192468375,0.5435405107913539,WRONG,WRONG,false,false,-0.5435405107913538,0.5435405107913539,false,false,true,0.33830158549054645,0.8818420962819004,0.487,fmnist__cnn1__linf__0.1__model_seed42_itr19_sgd_itr1_w4.bin
fmnist,cnn1,model_seed42_itr19_sgd_itr1,linf,0.1,1,86,-0.7210531886667013,4.7143519192468375,-0.7210531886667013,4.7143519192468375,true,true,-4.7143519192468375,-0.5435405107913538,4.7143519192468375,0.5435405107913538,WRONG,WRONG,false,false,-0.5435405107913538,0.5435405107913538,false,false,true,1.0453253325537393,1.588865843345093,0.502,fmnist__cnn1__linf__0.1__model_seed42_itr19_sgd_itr1_w5.bin
fmnist,cnn1,model_seed42_itr19_sgd_itr1,linf,0.1,1,87,-0.7210531886667013,4.7143519192468375,-0.7210531886667013,4.7143519192468375,true,true,-4.7143519192468375,-0.5435405107913538,4.7143519192468375,0.543540510791354,WRONG,WRONG,false,false,-0.5435405107913538,0.543540510791354,false,false,true,0.7237767169519574,1.2673172277433113,0.51,fmnist__cnn1__linf__0.1__model_seed42_itr19_sgd_itr1_w6.bin
fmnist,cnn1,model_seed42_itr19_sgd_itr1,linf,0.1,1,88,-0.7210531886667013,4.7143519192468375,-0.7210531886667013,4.7143519192468375,true,true,-4.7143519192468375,-0.5425333604911684,4.7143519192468375,0.5435405107913538,WRONG,WRONG,false,false,-0.5435405107913538,0.5435405107913539,false,false,true,0.39729314957916095,0.9398265100703292,0.495,fmnist__cnn1__linf__0.1__model_seed42_itr19_sgd_itr1_w7.bin
fmnist,cnn1,model_seed42_itr19_sgd_itr1,linf,0.1,1,89,-0.7210531886667013,4.7143519192468375,-0.7210531886667013,4.7143519192468375,true,true,-0.5435405107913537,-0.5435405107913537,4.7143519192468375,0.5435405107913533,WRONG,WRONG,false,false,-0.5435405107913538,0.5435405107913533,false,false,true,0.0,0.5435405107913538,0.999,fmnist__cnn1__linf__0.1__model_seed42_itr19_sgd_itr1_w8.bin
fmnist,cnn1,model_seed42_itr19_sgd_itr1,linf,0.1,1,90,-0.7210531886667013,4.7143519192468375,-0.7210531886667013,4.7143519192468375,true,true,-4.7143519192468375,-0.5435405107913538,4.7143519192468375,0.5435405107913539,WRONG,WRONG,false,false,-0.5435405107913538,0.5435405107913539,false,false,true,0.07160151387065311,0.6151420246620068,0.422,fmnist__cnn1__linf__0.1__model_seed42_itr19_sgd_itr1_w9.bin
fmnist,cnn1,model_seed42_itr19_sgd_itr1,linf,0.1,1,91,-0.7210531886667013,4.7143519192468375,-0.7210531886667013,4.7143519192468375,true,true,-4.7143519192468375,-0.5435405107913538,4.7143519192468375,0.5372351384335605,WRONG,WRONG,false,false,-0.5435405107913538,0.543540510791354,false,false,true,1.070811598638373,1.6143521094297264,0.422,fmnist__cnn1__linf__0.1__model_seed42_itr19_sgd_itr1_w10.bin
fmnist,cnn1,model_seed42_itr19_sgd_itr1,linf,0.1,1,92,-0.7210531886667013,4.7143519192468375,-0.7210531886667013,4.7143519192468375,true,true,-4.7143519192468375,-0.5435405107913538,4.7143519192468375,0.5425333604911684,WRONG,WRONG,false,false,-0.5435405107913538,0.5435405107913538,false,false,true,0.3271951800906034,0.8707356908819572,0.414,fmnist__cnn1__linf__0.1__model_seed42_itr19_sgd_itr1_w11.bin
fmnist,cnn1,model_seed42_itr19_sgd_itr1,linf,0.1,1,93,-0.7210531886667013,4.7143519192468375,-0.7210531886667013,4.7143519192468375,true,true,-4.7143519192468375,-0.5435405107913536,4.7143519192468375,0.5435405107913538,WRONG,WRONG,false,false,-0.5435405107913536,0.5435405107913538,false,false,true,1.0742844483792884,1.617824959170642,0.414,fmnist__cnn1__linf__0.1__model_seed42_itr19_sgd_itr1_w12.bin
fmnist,cnn1,model_seed42_itr19_sgd_itr1,linf,0.1,1,94,-0.7210531886667013,4.7143519192468375,-0.7210531886667013,4.7143519192468375,true,true,-4.7143519192468375,-0.5425333604911682,4.7143519192468375,0.5435405107913538,WRONG,WRONG,false,false,-0.543540510791354,0.5435405107913538,false,false,true,1.1368158732939375,1.6793492337851053,0.413,fmnist__cnn1__linf__0.1__model_seed42_itr19_sgd_itr1_w13.bin
fmnist,cnn1,model_seed42_itr19_sgd_itr1,linf,0.1,1,95,-0.7210531886667013,4.7143519192468375,-0.7210531886667013,4.7143519192468375,true,true,-4.7143519192468375,-0.5435405107913536,4.7143519192468375,0.5435405107913542,WRONG,WRONG,false,false,-0.5435405107913536,0.5435405107913542,false,false,true,0.22349583407387377,0.7670363448652279,0.425,fmnist__cnn1__linf__0.1__model_seed42_itr19_sgd_itr1_w14.bin
fmnist,cnn1,model_seed42_itr19_sgd_itr1,linf,0.1,1,96,-0.7210531886667013,4.7143519192468375,-0.7210531886667013,4.7143519192468375,true,true,-4.7143519192468375,-0.5435405107913538,4.7143519192468375,0.5435405107913536,WRONG,WRONG,false,false,-0.5435405107913538,0.5435405107913536,false,false,true,0.35347855052853866,0.8970190613198925,0.427,fmnist__cnn1__linf__0.1__model_seed42_itr19_sgd_itr1_w15.bin
fmnist,cnn1,model_seed42_itr19_sgd_itr1,linf,0.1,1,97,-0.7210531886667013,4.7143519192468375,-0.7210531886667013,4.7143519192468375,true,true,-4.7143519192468375,-0.5435405107913536,4.7143519192468375,0.5435405107913536,WRONG,WRONG,false,false,-0.5435405107913536,0.5435405107913536,false,false,true,1.0742844483792884,1.617824959170642,0.427,fmnist__cnn1__linf__0.1__model_seed42_itr19_sgd_itr1_w16.bin
fmnist,cnn1,model_seed42_itr19_sgd_itr1,linf,0.1,1,98,-0.7210531886667013,4.7143519192468375,-0.7210531886667013,4.7143519192468375,true,true,-4.7143519192468375,-0.5435405107913536,4.7143519192468375,0.5435405107913538,WRONG,WRONG,false,false,-0.5435405107913536,0.5435405107913538,false,false,true,1.0742844483792884,1.617824959170642,0.44,fmnist__cnn1__linf__0.1__model_seed42_itr19_sgd_itr1_w17.bin
fmnist,cnn1,model_seed42_itr19_sgd_itr1,linf,0.1,1,99,-0.7210531886667013,4.7143519192468375,-0.7210531886667013,4.7143519192468375,true,true,-4.7143519192468375,-0.5435405107913536,4.7143519192468375,0.5435405107913536,WRONG,WRONG,false,false,-0.5435405107913536,0.5435405107913536,false,false,true,1.0742844483792884,1.617824959170642,0.428,fmnist__cnn1__linf__0.1__model_seed42_itr19_sgd_itr1_w18.bin
fmnist,cnn1,model_seed42_itr19_sgd_itr1,linf,0.1,1,100,-0.7210531886667013,4.7143519192468375,-0.7210531886667013,4.7143519192468375,true,true,-4.7143519192468375,-0.5372351384335601,4.7143519192468375,0.5435405107913538,WRONG,WRONG,false,false,-0.5435405107913542,0.543540510791354,false,false,true,1.1034487882648343,1.6406839266983944,0.426,fmnist__cnn1__linf__0.1__model_seed42_itr19_sgd_itr1_w19.bin
fmnist,cnn1,model_seed42_itr19_sgd_itr1,linf,0.1,1,101,-0.7210531886667013,4.7143519192468375,-0.7210531886667013,4.7143519192468375,true,true,-0.543540510791354,-0.543540510791354,4.7143519192468375,0.5425333604911686,WRONG,WRONG,false,false,-0.5435405107913538,0.5435405107913538,false,false,true,0.00394598178843325,0.5474864925797874,1.006,fmnist__cnn1__linf__0.1__model_seed42_itr19_sgd_itr1_w20.bin
fmnist,cnn1,model_seed42_itr19_sgd_itr1,linf,0.1,1,102,-0.7210531886667013,4.7143519192468375,-0.7210531886667013,4.7143519192468375,true,true,-4.7143519192468375,-0.5435405107913539,4.7143519192468375,0.5435405107913538,WRONG,WRONG,false,false,-0.5435405107913539,0.5435405107913538,false,false,true,0.32300729167056697,0.8665478024619209,0.432,fmnist__cnn1__linf__0.1__model_seed42_itr19_sgd_itr1_w21.bin
fmnist,cnn1,model_seed42_itr19_sgd_itr1,linf,0.1,1,103,-0.7210531886667013,4.7143519192468375,-0.7210531886667013,4.7143519192468375,true,true,-4.7143519192468375,-0.5435405107913539,4.7143519192468375,0.5435405107913538,WRONG,WRONG,false,false,-0.5435405107913539,0.5435405107913538,false,false,true,0.6784766854656349,1.2220171962569886,0.427,fmnist__cnn1__linf__0.1__model_seed42_itr19_sgd_itr1_w22.bin
fmnist,cnn1,model_seed42_itr19_sgd_itr1,linf,0.1,1,104,-0.7210531886667013,4.7143519192468375,-0.7210531886667013,4.7143519192468375,true,true,-4.7143519192468375,-0.5435405107913538,4.7143519192468375,0.5435405107913538,WRONG,WRONG,false,false,-0.5435405107913538,0.5435405107913538,false,false,true,0.4297776554904834,0.9733181662818372,0.417,fmnist__cnn1__linf__0.1__model_seed42_itr19_sgd_itr1_w23.bin
fmnist,cnn1,model_seed42_itr19_sgd_itr1,linf,0.1,1,105,-0.7210531886667013,4.7143519192468375,-0.7210531886667013,4.7143519192468375,true,true,-4.7143519192468375,-0.5435405107913538,4.7143519192468375,0.5435405107913538,WRONG,WRONG,false,false,-0.5435405107913538,0.5435405107913538,false,false,true,0.3529643798246979,0.8965048906160518,0.42,fmnist__cnn1__linf__0.1__model_seed42_itr19_sgd_itr1_w24.bin
fmnist,cnn1,model_seed42_itr19_sgd_itr1,linf,0.1,1,106,-0.7210531886667013,4.7143519192468375,-0.7210531886667013,4.7143519192468375,true,true,-4.7143519192468375,-0.5372351384335604,4.7143519192468375,0.543540510791354,WRONG,WRONG,false,false,-0.5435405107913542,0.5435405107913541,false,false,true,0.7033645930679464,1.240599731501507,0.425,fmnist__cnn1__linf__0.1__model_seed42_itr19_sgd_itr1_w25.bin
fmnist,cnn1,model_seed42_itr19_sgd_itr1,linf,0.1,1,107,-0.7210531886667013,4.7143519192468375,-0.7210531886667013,4.7143519192468375,true,true,-0.5435405107913536,-0.5435405107913536,0.543540510791354,0.543540510791354,WRONG,WRONG,false,false,-0.543540510791354,0.5435405107913538,false,false,true,0.0,0.5435405107913538,1.378,fmnist__cnn1__linf__0.1__model_seed42_itr19_sgd_itr1_w26.bin
fmnist,cnn1,model_seed42_itr19_sgd_itr1,linf,0.1,1,108,-0.7210531886667013,4.7143519192468375,-0.7210531886667013,4.7143519192468375,true,true,-4.7143519192468375,-0.5435405107913531,4.7143519192468375,0.5435405107913538,WRONG,WRONG,false,false,-0.5435405107913531,0.5435405107913538,false,false,true,1.4847781785591194,2.028318689350473,0.43,fmnist__cnn1__linf__0.1__model_seed42_itr19_sgd_itr1_w27.bin
fmnist,cnn1,model_seed42_itr19_sgd_itr1,linf,0.1,1,109,-0.7210531886667013,4.7143519192468375,-0.7210531886667013,4.7143519192468375,true,true,-4.7143519192468375,-0.5435405107913533,4.7143519192468375,0.5435405107913538,WRONG,WRONG,false,false,-0.5435405107913533,0.5435405107913538,false,false,true,1.638353129235091,2.181893640026445,0.445,fmnist__cnn1__linf__0.1__model_seed42_itr19_sgd_itr1_w28.bin
fmnist,cnn1,model_seed42_itr19_sgd_itr1,linf,0.1,1,110,-0.7210531886667013,4.7143519192468375,-0.7210531886667013,4.7143519192468375,true,true,-4.7143519192468375,-0.5435405107913539,4.7143519192468375,0.543540510791354,WRONG,WRONG,false,false,-0.5435405107913539,0.543540510791354,false,false,true,0.2519982948252274,0.7955388056165813,0.448,fmnist__cnn1__linf__0.1__model_seed42_itr19_sgd_itr1_w29.bin
fmnist,cnn1,model_seed42_itr19_sgd_itr1,linf,0.1,1,111,-0.7210531886667013,4.7143519192468375,-0.7210531886667013,4.7143519192468375,true,true,-4.7143519192468375,-0.5435405107913538,4.7143519192468375,0.5435405107913538,WRONG,WRONG,false,false,-0.5435405107913538,0.5435405107913538,false,false,true,0.3529643798246979,0.8965048906160518,0.441,fmnist__cnn1__linf__0.1__model_seed42_itr19_sgd_itr1_w30.bin
fmnist,cnn1,model_seed42_itr19_sgd_itr1,linf,0.1,1,112,-0.7210531886667013,4.7143519192468375,-0.7210531886667013,4.7143519192468375,true,true,-4.7143519192468375,-0.5435405107913539,4.7143519192468375,0.5435405107913536,WRONG,WRONG,false,false,-0.5435405107913539,0.5435405107913536,false,false,true,0.44504845481330524,0.9885889656046591,0.434,fmnist__cnn1__linf__0.1__model_seed42_itr19_sgd_itr1_w31.bin
fmnist,cnn1,model_seed42_itr19_sgd_itr1,linf,0.1,1,113,-0.7210531886667013,4.7143519192468375,-0.7210531886667013,4.7143519192468375,true,true,-4.7143519192468375,-0.5435405107913538,4.7143519192468375,0.5435405107913538,WRONG,WRONG,false,false,-0.5435405107913538,0.5435405107913538,false,false,true,0.3529643798246979,0.8965048906160518,0.435,fmnist__cnn1__linf__0.1__model_seed42_itr19_sgd_itr1_w32.bin
fmnist,cnn1,model_seed42_itr19_sgd_itr1,linf,0.1,1,114,-0.7210531886667013,4.7143519192468375,-0.7210531886667013,4.7143519192468375,true,true,-4.7143519192468375,-0.5435405107913538,4.7143519192468375,0.5435405107913538,WRONG,WRONG,false,false,-0.5435405107913538,0.5435405107913538,false,false,true,0.2750719829243052,0.8186124937156589,0.45,fmnist__cnn1__linf__0.1__model_seed42_itr19_sgd_itr1_w33.bin
fmnist,cnn1,model_seed42_itr19_sgd_itr1,linf,0.1,1,115,-0.7210531886667013,4.7143519192468375,-0.7210531886667013,4.7143519192468375,true,true,-4.7143519192468375,-0.5435405107913533,4.7143519192468375,0.5435405107913536,WRONG,WRONG,false,false,-0.5435405107913533,0.5435405107913536,false,false,true,1.116183972001331,1.6597244827926845,0.442,fmnist__cnn1__linf__0.1__model_seed42_itr19_sgd_itr1_w34.bin
fmnist,cnn1,model_seed42_itr19_sgd_itr1,linf,0.1,1,116,-0.7210531886667013,4.7143519192468375,-0.7210531886667013,4.7143519192468375,true,true,-4.7143519192468375,-0.5435405107913536,4.7143519192468375,0.543540510791354,WRONG,WRONG,false,false,-0.5435405107913536,0.543540510791354,false,false,true,1.4639370398930573,2.007477550684411,0.431,fmnist__cnn1__linf__0.1__model_seed42_itr19_sgd_itr1_w35.bin
fmnist,cnn1,model_seed42_itr19_sgd_itr1,linf,0.1,1,117,-0.7210531886667013,4.7143519192468375,-0.7210531886667013,4.7143519192468375,true,true,-4.7143519192468375,-0.5435405107913539,4.7143519192468375,0.5435405107913538,WRONG,WRONG,false,false,-0.5435405107913539,0.5435405107913538,false,false,true,0.14154702022190854,0.6850875310132624,0.433,fmnist__cnn1__linf__0.1__model_seed42_itr19_sgd_itr1_w36.bin
fmnist,cnn1,model_seed42_itr19_sgd_itr1,linf,0.1,1,118,-0.7210531886667013,4.7143519192468375,-0.7210531886667013,4.7143519192468375,true,true,-4.7143519192468375,-0.5435405107913538,4.7143519192468375,0.5435405107913536,WRONG,WRONG,false,false,-0.5435405107913538,0.5435405107913536,false,false,true,0.357973244042051,0.9015137548334048,0.434,fmnist__cnn1__linf__0.1__model_seed42_itr19_sgd_itr1_w37.bin
fmnist,cnn1,model_seed42_itr19_sgd_itr1,linf,0.1,1,119,-0.7210531886667013,4.7143519192468375,-0.7210531886667013,4.7143519192468375,true,true,-4.7143519192468375,-0.543540510791354,4.7143519192468375,0.5435405107913538,WRONG,WRONG,false,false,-0.543540510791354,0.5435405107913538,false,false,true,0.45870047425647315,1.0022409850478269,0.436,fmnist__cnn1__linf__0.1__model_seed42_itr19_sgd_itr1_w38.bin
fmnist,cnn1,model_seed42_itr19_sgd_itr1,linf,0.1,1,120,-0.7210531886667013,4.7143519192468375,-0.7210531886667013,4.7143519192468375,true,true,-4.7143519192468375,-0.5435405107913538,4.7143519192468375,0.5435405107913538,WRONG,WRONG,false,false,-0.5435405107913538,0.5435405107913538,false,false,true,0.3529643798246979,0.8965048906160518,0.436,fmnist__cnn1__linf__0.1__model_seed42_itr19_sgd_itr1_w39.bin
fmnist,cnn1,model_seed42_itr19_sgd_itr1,linf,0.1,1,121,-0.7210531886667013,4.7143519192468375,-0.7210531886667013,4.7143519192468375,true,true,-4.7143519192468375,-0.5435405107913538,4.7143519192468375,0.5364800470574567,WRONG,WRONG,false,false,-0.5435405107913538,0.5435405107913542,false,false,true,1.0484431581115001,1.591983668902854,0.442,fmnist__cnn1__linf__0.1__model_seed42_itr19_sgd_itr1_w40.bin
fmnist,cnn1,model_seed42_itr19_sgd_itr1,linf,0.1,1,122,-0.7210531886667013,4.7143519192468375,-0.7210531886667013,4.7143519192468375,true,true,-4.7143519192468375,-0.5435405107913539,0.5435405107913539,0.5435405107913539,WRONG,WRONG,false,false,-0.5435405107913539,0.5435405107913538,false,false,true,5.681219383824043e-17,0.5435405107913539,0.963,fmnist__cnn1__linf__0.1__model_seed42_itr19_sgd_itr1_w41.bin
fmnist,cnn1,model_seed42_itr19_sgd_itr1,linf,0.1,1,123,-0.7210531886667013,4.7143519192468375,-0.7210531886667013,4.7143519192468375,true,true,-4.7143519192468375,-0.5435405107913538,4.7143519192468375,0.5435405107913539,WRONG,WRONG,false,false,-0.5435405107913538,0.5435405107913539,false,false,true,0.31917657437787866,0.8627170851692325,0.488,fmnist__cnn1__linf__0.1__model_seed42_itr19_sgd_itr1_w42.bin
fmnist,cnn1,model_seed42_itr19_sgd_itr1,linf,0.1,1,124,-0.7210531886667013,4.7143519192468375,-0.7210531886667013,4.7143519192468375,true,true,-4.7143519192468375,-0.5435405107913538,4.7143519192468375,0.5435405107913538,WRONG,WRONG,false,false,-0.5435405107913538,0.5435405107913538,false,false,true,1.525459159332688,2.0689996701240414,0.425,fmnist__cnn1__linf__0.1__model_seed42_itr19_sgd_itr1_w43.bin
fmnist,cnn1,model_seed42_itr19_sgd_itr1,linf,0.1,1,125,-0.7210531886667013,4.7143519192468375,-0.7210531886667013,4.7143519192468375,true,true,-4.7143519192468375,-0.5435405107913539,4.7143519192468375,0.543540510791354,WRONG,WRONG,false,false,-0.5435405107913539,0.543540510791354,false,false,true,0.2864995225008907,0.8300400332922445,0.432,fmnist__cnn1__linf__0.1__model_seed42_itr19_sgd_itr1_w44.bin
fmnist,cnn1,model_seed42_itr19_sgd_itr1,linf,0.1,1,126,-0.7210531886667013,4.7143519192468375,-0.7210531886667013,4.7143519192468375,true,true,-4.7143519192468375,-0.5435405107913538,4.7143519192468375,0.5435405107913538,WRONG,WRONG,false,false,-0.5435405107913538,0.5435405107913538,false,false,true,0.3529643798246979,0.8965048906160518,0.44,fmnist__cnn1__linf__0.1__model_seed42_itr19_sgd_itr1_w45.bin
fmnist,cnn1,model_seed42_itr19_sgd_itr1,linf,0.1,1,127,-0.7210531886667013,4.7143519192468375,-0.7210531886667013,4.7143519192468375,true,true,-4.7143519192468375,-0.5425333604911684,4.7143519192468375,0.5435405107913538,WRONG,WRONG,false,false,-0.5435405107913539,0.5435405107913542,false,false,true,1.9015646146504752,2.444097975141643,0.441,fmnist__cnn1__linf__0.1__model_seed42_itr19_sgd_itr1_w46.bin
fmnist,cnn1,model_seed42_itr19_sgd_itr1,linf,0.1,1,128,-0.7210531886667013,4.7143519192468375,-0.7210531886667013,4.7143519192468375,true,true,-0.5435405107913538,-0.5435405107913538,4.7143519192468375,0.5435405107913539,WRONG,WRONG,false,false,-0.5435405107913538,0.5435405107913539,false,false,true,0.0,0.5435405107913538,0.788,fmnist__cnn1__linf__0.1__model_seed42_itr19_sgd_itr1_w47.bin
fmnist,cnn1,model_seed42_itr19_sgd_itr1,linf,0.1,1,129,-0.7210531886667013,4.7143519192468375,-0.7210531886667013,4.7143519192468375,true,true,-4.7143519192468375,-0.543540510791354,4.7143519192468375,0.5425333604911684,WRONG,WRONG,false,false,-0.543540510791354,0.5435405107913538,false,false,true,0.5252738726716959,1.06881438346305,0.468,fmnist__cnn1__linf__0.1__model_seed42_itr19_sgd_itr1_w48.bin
fmnist,cnn1,model_seed42_itr19_sgd_itr1,linf,0.1,1,130,-0.7210531886667013,4.7143519192468375,-0.7210531886667013,4.7143519192468375,true,true,-4.7143519192468375,-0.5435405107913539,4.7143519192468375,0.5435405107913538,WRONG,WRONG,false,false,-0.5435405107913539,0.5435405107913538,false,false,true,0.45357204145622754,0.9971125522475814,0.425,fmnist__cnn1__linf__0.1__model_seed42_itr19_sgd_itr1_w49.bin
fmnist,cnn1,model_seed42_itr19_sgd_itr1,linf,0.1,1,131,-0.7210531886667013,4.7143519192468375,-0.7210531886667013,4.7143519192468375,true,true,-4.7143519192468375,-0.5435405107913538,4.7143519192468375,0.5435405107913538,WRONG,WRONG,false,false,-0.5435405107913538,0.5435405107913538,false,false,true,0.22007591928249678,0.7636164300738506,0.428,fmnist__cnn1__linf__0.1__model_seed42_itr19_sgd_itr1_w50.bin
fmnist,cnn1,model_seed42_itr19_sgd_itr1,linf,0.1,1,132,-0.7210531886667013,4.7143519192468375,-0.7210531886667013,4.7143519192468375,true,true,-4.7143519192468375,-0.5435405107913538,4.7143519192468375,0.5435405107913538,WRONG,WRONG,false,false,-0.5435405107913538,0.5435405107913538,false,false,true,0.3529643798246979,0.8965048906160518,0.431,fmnist__cnn1__linf__0.1__model_seed42_itr19_sgd_itr1_w51.bin
fmnist,cnn1,model_seed42_itr19_sgd_itr1,linf,0.1,1,133,-0.7210531886667013,4.7143519192468375,-0.7210531886667013,4.7143519192468375,true,true,-4.7143519192468375,-0.5435405107913537,4.7143519192468375,0.5435405107913535,WRONG,WRONG,false,false,-0.5435405107913537,0.5435405107913535,false,false,true,0.8015815511479875,1.3451220619393411,0.425,fmnist__cnn1__linf__0.1__model_seed42_itr19_sgd_itr1_w52.bin
fmnist,cnn1,model_seed42_itr19_sgd_itr1,linf,0.1,1,134,-0.7210531886667013,4.7143519192468375,-0.7210531886667013,4.7143519192468375,true,true,-4.7143519192468375,-0.5435405107913538,4.7143519192468375,0.5435405107913538,WRONG,WRONG,false,false,-0.5435405107913538,0.5435405107913538,false,false,true,0.3529643798246979,0.8965048906160518,0.42,fmnist__cnn1__linf__0.1__model_seed42_itr19_sgd_itr1_w53.bin
fmnist,cnn1,model_seed42_itr19_sgd_itr1,linf,0.1,1,135,-0.7210531886667013,4.7143519192468375,-0.7210531886667013,4.7143519192468375,true,true,-4.7143519192468375,-0.5435405107913538,4.7143519192468375,0.5372351384335607,WRONG,WRONG,false,false,-0.5435405107913538,0.5435405107913545,false,false,true,1.724210474708442,2.2677509854997955,0.423,fmnist__cnn1__linf__0.1__model_seed42_itr19_sgd_itr1_w54.bin
fmnist,cnn1,model_seed42_itr19_sgd_itr1,linf,0.1,1,136,-0.7210531886667013,4.7143519192468375,-0.7210531886667013,4.7143519192468375,true,true,-4.7143519192468375,-0.5435405107913536,4.7143519192468375,0.5435405107913536,WRONG,WRONG,false,false,-0.5435405107913536,0.5435405107913536,false,false,true,1.0742844483792884,1.617824959170642,0.449,fmnist__cnn1__linf__0.1__model_seed42_itr19_sgd_itr1_w55.bin
fmnist,cnn1,model_seed42_itr19_sgd_itr1,linf,0.1,1,137,-0.7210531886667013,4.7143519192468375,-0.7210531886667013,4.7143519192468375,true,true,-4.7143519192468375,-0.5435405107913536,4.7143519192468375,0.5435405107913539,WRONG,WRONG,false,false,-0.5435405107913536,0.5435405107913539,false,false,true,1.0742844483792884,1.617824959170642,0.441,fmnist__cnn1__linf__0.1__model_seed42_itr19_sgd_itr1_w56.bin
fmnist,cnn1,model_seed42_itr19_sgd_itr1,linf,0.1,1,138,-0.7210531886667013,4.7143519192468375,-0.7210531886667013,4.7143519192468375,true,true,-4.7143519192468375,-0.5435405107913538,4.7143519192468375,0.5435405107913538,WRONG,WRONG,false,false,-0.5435405107913538,0.5435405107913538,false,false,true,0.3529643798246979,0.8965048906160518,0.451,fmnist__cnn1__linf__0.1__model_seed42_itr19_sgd_itr1_w57.bin
fmnist,cnn1,model_seed42_itr19_sgd_itr1,linf,0.1,1,139,-0.7210531886667013,4.7143519192468375,-0.7210531886667013,4.7143519192468375,true,true,-4.7143519192468375,-0.5435405107913536,4.7143519192468375,0.5435405107913536,WRONG,WRONG,false,false,-0.5435405107913536,0.5435405107913536,false,false,true,1.0742844483792884,1.617824959170642,0.449,fmnist__cnn1__linf__0.1__model_seed42_itr19_sgd_itr1_w58.bin
fmnist,cnn1,model_seed42_itr19_sgd_itr1,linf,0.1,1,140,-0.7210531886667013,4.7143519192468375,-0.7210531886667013,4.7143519192468375,true,true,-4.7143519192468375,-0.543540510791354,4.7143519192468375,0.5435405107913538,WRONG,WRONG,false,false,-0.543540510791354,0.5435405107913538,false,false,true,0.3399330980402477,0.8834736088316016,0.462,fmnist__cnn1__linf__0.1__model_seed42_itr19_sgd_itr1_w59.bin
fmnist,cnn1,model_seed42_itr19_sgd_itr1,linf,0.1,1,141,-0.7210531886667013,4.7143519192468375,-0.7210531886667013,4.7143519192468375,true,true,-4.7143519192468375,-0.5435405107913538,4.7143519192468375,0.5435405107913538,WRONG,WRONG,false,false,-0.5435405107913538,0.5435405107913538,false,false,true,0.353498422129463,0.8970389329208168,0.454,fmnist__cnn1__linf__0.1__model_seed42_itr19_sgd_itr1_w60.bin
fmnist,cnn1,model_seed42_itr19_sgd_itr1,linf,0.1,1,142,-0.7210531886667013,4.7143519192468375,-0.7210531886667013,4.7143519192468375,true,true,-4.7143519192468375,-0.5425333604911686,4.7143519192468375,0.5435405107913542,WRONG,WRONG,false,false,-0.543540510791354,0.5435405107913533,false,false,true,1.2475957890449556,1.7901291495361236,0.451,fmnist__cnn1__linf__0.1__model_seed42_itr19_sgd_itr1_w61.bin
fmnist,cnn1,model_seed42_itr19_sgd_itr1,linf,0.1,1,143,-0.7210531886667013,4.7143519192468375,-0.7210531886667013,4.7143519192468375,true,true,-4.7143519192468375,-0.5435405107913538,4.7143519192468375,0.5435405107913536,WRONG,WRONG,false,false,-0.5435405107913538,0.5435405107913536,false,false,true,0.35957957216530007,0.9031200829566539,0.414,fmnist__cnn1__linf__0.1__model_seed42_itr19_sgd_itr1_w62.bin
fmnist,cnn1,model_seed42_itr19_sgd_itr1,linf,0.1,1,144,-0.7210531886667013,4.7143519192468375,-0.7210531886667013,4.7143519192468375,true,true,-4.7143519192468375,-0.5435405107913538,4.7143519192468375,0.5435405107913538,WRONG,WRONG,false,false,-0.5435405107913538,0.5435405107913538,false,false,true,0.2505959459690794,0.7941364567604332,0.421,fmnist__cnn1__linf__0.1__model_seed42_itr19_sgd_itr1_w63.bin
fmnist,cnn1,model_seed42_itr19_sgd_itr1,linf,0.1,1,145,-0.7210531886667013,4.7143519192468375,-0.7210531886667013,4.7143519192468375,true,true,-4.7143519192468375,-0.5435405107913538,4.7143519192468375,0.5435405107913533,WRONG,WRONG,false,false,-0.5435405107913538,0.5435405107913533,false,false,true,1.0193858357305452,1.5629263465218988,0.572,fmnist__cnn1__linf__0.1__model_seed42_itr19_sgd_itr1_w64.bin
fmnist,cnn1,model_seed42_itr19_sgd_itr1,linf,0.1,1,146,-0.7210531886667013,4.7143519192468375,-0.7210531886667013,4.7143519192468375,true,true,-4.7143519192468375,-0.5435405107913538,4.7143519192468375,0.5435405107913538,WRONG,WRONG,false,false,-0.5435405107913538,0.5435405107913538,false,false,true,0.3529643798246979,0.8965048906160518,0.411,fmnist__cnn1__linf__0.1__model_seed42_itr19_sgd_itr1_w65.bin
fmnist,cnn1,model_seed42_itr19_sgd_itr1,linf,0.1,1,147,-0.7210531886667013,4.7143519192468375,-0.7210531886667013,4.7143519192468375,true,true,-4.7143519192468375,-0.5435405107913538,4.7143519192468375,0.5435405107913538,WRONG,WRONG,false,false,-0.5435405107913538,0.5435405107913538,false,false,true,0.3529643798246979,0.8965048906160518,0.405,fmnist__cnn1__linf__0.1__model_seed42_itr19_sgd_itr1_w66.bin
fmnist,cnn1,model_seed42_itr19_sgd_itr1,linf,0.1,1,148,-0.7210531886667013,4.7143519192468375,-0.7210531886667013,4.7143519192468375,true,true,-4.7143519192468375,-0.5435405107913536,4.7143519192468375,0.5435405107913536,WRONG,WRONG,false,false,-0.5435405107913536,0.5435405107913536,false,false,true,1.0742844483792884,1.617824959170642,0.418,fmnist__cnn1__linf__0.1__model_seed42_itr19_sgd_itr1_w67.bin
fmnist,cnn1,model_seed42_itr19_sgd_itr1,linf,0.1,1,149,-0.7210531886667013,4.7143519192468375,-0.7210531886667013,4.7143519192468375,true,true,-4.7143519192468375,-0.5435405107913536,4.7143519192468375,0.5435405107913536,WRONG,WRONG,false,false,-0.5435405107913536,0.5435405107913536,false,false,true,1.0742844483792884,1.617824959170642,0.415,fmnist__cnn1__linf__0.1__model_seed42_itr19_sgd_itr1_w68.bin
fmnist,cnn1,model_seed42_itr19_sgd_itr1,linf,0.1,1,150,-0.7210531886667013,4.7143519192468375,-0.7210531886667013,4.7143519192468375,true,true,-4.7143519192468375,-0.5435405107913538,4.7143519192468375,0.5435405107913536,WRONG,WRONG,false,false,-0.5435405107913538,0.5435405107913536,false,false,true,0.3529643798246979,0.8965048906160518,0.417,fmnist__cnn1__linf__0.1__model_seed42_itr19_sgd_itr1_w69.bin
fmnist,cnn1,model_seed42_itr19_sgd_itr1,linf,0.1,1,151,-0.7210531886667013,4.7143519192468375,-0.7210531886667013,4.7143519192468375,true,true,-4.7143519192468375,-0.543540510791354,4.7143519192468375,0.5435405107913538,WRONG,WRONG,false,false,-0.543540510791354,0.5435405107913538,false,false,true,1.2318077684366324,1.775348279227986,0.418,fmnist__cnn1__linf__0.1__model_seed42_itr19_sgd_itr1_w70.bin
fmnist,cnn1,model_seed42_itr19_sgd_itr1,linf,0.1,1,152,-0.7210531886667013,4.7143519192468375,-0.7210531886667013,4.7143519192468375,true,true,-4.7143519192468375,-0.5435405107913538,4.7143519192468375,0.5435405107913539,WRONG,WRONG,false,false,-0.5435405107913538,0.5435405107913539,false,false,true,0.23697477892493649,0.7805152897162903,0.419,fmnist__cnn1__linf__0.1__model_seed42_itr19_sgd_itr1_w71.bin
fmnist,cnn1,model_seed42_itr19_sgd_itr1,linf,0.1,1,153,-0.7210531886667013,4.7143519192468375,-0.7210531886667013,4.7143519192468375,true,true,-4.7143519192468375,-0.5372351384335607,4.7143519192468375,0.5435405107913538,WRONG,WRONG,false,false,-0.5435405107913533,0.5435405107913538,false,false,true,0.7121717468889647,1.249406885322525,0.414,fmnist__cnn1__linf__0.1__model_seed42_itr19_sgd_itr1_w72.bin
fmnist,cnn1,model_seed42_itr19_sgd_itr1,linf,0.1,1,154,-0.7210531886667013,4.7143519192468375,-0.7210531886667013,4.7143519192468375,true,true,-4.7143519192468375,-0.5435405107913538,4.7143519192468375,0.5435405107913536,WRONG,WRONG,false,false,-0.5435405107913538,0.5435405107913536,false,false,true,1.5254993411359052,2.069039851927259,0.423,fmnist__cnn1__linf__0.1__model_seed42_itr19_sgd_itr1_w73.bin
fmnist,cnn1,model_seed42_itr19_sgd_itr1,linf,0.1,1,155,-0.7210531886667013,4.7143519192468375,-0.7210531886667013,4.7143519192468375,true,true,-4.7143519192468375,-0.5425333604911686,4.7143519192468375,0.5435405107913539,WRONG,WRONG,false,false,-0.5435405107913536,0.5435405107913539,false,false,true,1.312990251597504,1.855523612088672,0.435,fmnist__cnn1__linf__0.1__model_seed42_itr19_sgd_itr1_w74.bin
fmnist,cnn1,model_seed42_itr19_sgd_itr1,linf,0.1,1,156,-0.7210531886667013,4.7143519192468375,-0.7210531886667013,4.7143519192468375,true,true,-0.5435405107913539,-0.5435405107913539,0.5435405107913538,0.5435405107913538,WRONG,WRONG,false,false,-0.5435405107913547,0.5435405107913536,false,false,true,1.214306433183765e-17,0.5435405107913539,1.013,fmnist__cnn1__linf__0.1__model_seed42_itr19_sgd_itr1_w75.bin
fmnist,cnn1,model_seed42_itr19_sgd_itr1,linf,0.1,1,157,-0.7210531886667013,4.7143519192468375,-0.7210531886667013,4.7143519192468375,true,true,-4.7143519192468375,-0.5435405107913539,4.7143519192468375,0.5435405107913536,WRONG,WRONG,false,false,-0.5435405107913539,0.5435405107913536,false,false,true,0.8023276845635291,1.345868195354883,0.445,fmnist__cnn1__linf__0.1__model_seed42_itr19_sgd_itr1_w76.bin
fmnist,cnn1,model_seed42_itr19_sgd_itr1,linf,0.1,1,158,-0.7210531886667013,4.7143519192468375,-0.7210531886667013,4.7143519192468375,true,true,-4.7143519192468375,-0.5435405107913538,4.7143519192468375,0.5435405107913538,WRONG,WRONG,false,false,-0.5435405107913538,0.5435405107913538,false,false,true,0.36175144368837403,0.9052919544797279,0.44,fmnist__cnn1__linf__0.1__model_seed42_itr19_sgd_itr1_w77.bin
fmnist,cnn1,model_seed42_itr19_sgd_itr1,linf,0.1,1,159,-0.7210531886667013,4.7143519192468375,-0.7210531886667013,4.7143519192468375,true,true,-4.7143519192468375,-0.5435405107913539,4.7143519192468375,0.5435405107913538,WRONG,WRONG,false,false,-0.5435405107913539,0.5435405107913538,false,false,true,0.9543605481333522,1.497901058924706,0.45,fmnist__cnn1__linf__0.1__model_seed42_itr19_sgd_itr1_w78.bin
fmnist,cnn1,model_seed42_itr19_sgd_itr1,linf,0.1,1,160,-0.7210531886667013,4.7143519192468375,-0.7210531886667013,4.7143519192468375,true,true,-4.7143519192468375,-0.5435405107913536,4.7143519192468375,0.5425333604911684,WRONG,WRONG,false,false,-0.5435405107913536,0.5435405107913542,false,false,true,1.9327869426607514,2.476327453452105,0.519,fmnist__cnn1__linf__0.1__model_seed42_itr19_sgd_itr1_w79.bin
fmnist,cnn1,model_seed42_itr19_sgd_itr1,linf,0.1,1,161,-0.7210531886667013,4.7143519192468375,-0.7210531886667013,4.7143519192468375,true,true,-4.7143519192468375,-0.5435405107913542,4.7143519192468375,0.5425333604911684,WRONG,WRONG,false,false,-0.5435405107913542,0.5435405107913542,false,false,true,1.8718529933838473,2.415393504175201,0.418,fmnist__cnn1__linf__0.1__model_seed42_itr19_sgd_itr1_w80.bin
fmnist,cnn1,model_seed42_itr19_sgd_itr1,linf,0.1,1,162,-0.7210531886667013,4.7143519192468375,-0.7210531886667013,4.7143519192468375,true,true,-0.5435405107913538,-0.5435405107913538,4.7143519192468375,0.5435405107913538,WRONG,WRONG,false,false,-0.5435405107913535,0.5435405107913538,false,false,true,0.0,0.5435405107913539,0.761,fmnist__cnn1__linf__0.1__model_seed42_itr19_sgd_itr1_w81.bin
fmnist,cnn1,model_seed42_itr19_sgd_itr1,linf,0.1,1,163,-0.2510386034846306,5.502179866656661,-0.2510386034846306,5.502179866656661,true,true,-5.502179866656661,-0.5722965332889949,5.502179866656661,0.28707586635335924,WRONG,WRONG,false,false,-0.5753218470141291,0.575321847014129,false,false,true,0.20187054231676496,0.77416707560576,0.419,fmnist__cnn1__linf__0.1__model_seed42_itr19_sgd_itr1_w82.bin
fmnist,cnn1,model_seed42_itr19_sgd_itr1,linf,0.1,1,164,-0.2510386034846306,5.502179866656661,-0.2510386034846306,5.502179866656661,true,true,-5.502179866656661,-0.5753218470141293,5.502179866656661,0.5753218470141293,WRONG,WRONG,false,false,-0.5753218470141293,0.5753218470141293,false,false,true,1.7554539220703789,2.3307757690845077,0.425,fmnist__cnn1__linf__0.1__model_seed42_itr19_sgd_itr1_w83.bin
fmnist,cnn1,model_seed42_itr19_sgd_itr1,linf,0.1,1,165,-0.2510386034846306,5.502179866656661,-0.2510386034846306,5.502179866656661,true,true,-5.502179866656661,-0.5722965332889948,5.502179866656661,0.5753218470141293,WRONG,WRONG,false,false,-0.5753218470141293,0.5753218470141293,false,false,true,0.37384015008062205,0.946136683369617,0.417,fmnist__cnn1__linf__0.1__model_seed42_itr19_sgd_itr1_w84.bin
fmnist,cnn1,model_seed42_itr19_sgd_itr1,linf,0.1,1,166,-0.2510386034846306,5.502179866656661,-0.2510386034846306,5.502179866656661,true,true,-5.502179866656661,-0.5753218470141293,5.502179866656661,0.5722965332889949,WRONG,WRONG,false,false,-0.5753218470141293,0.5753218470141293,false,false,true,0.8140504259558599,1.389372272969989,0.417,fmnist__cnn1__linf__0.1__model_seed42_itr19_sgd_itr1_w85.bin
fmnist,cnn1,model_seed42_itr19_sgd_itr1,linf,0.1,1,167,-0.2510386034846306,5.502179866656661,-0.2510386034846306,5.502179866656661,true,true,-5.502179866656661,-0.575321847014129,5.502179866656661,0.5753218470141288,WRONG,WRONG,false,false,-0.575321847014129,0.5753218470141288,false,false,true,1.7586023713089651,2.3339242183230944,0.414,fmnist__cnn1__linf__0.1__model_seed42_itr19_sgd_itr1_w86.bin
fmnist,cnn1,model_seed42_itr19_sgd_itr1,linf,0.1,1,168,-0.2510386034846306,5.502179866656661,-0.2510386034846306,5.502179866656661,true,true,-5.502179866656661,-0.5753218470141293,5.502179866656661,0.5753218470141293,WRONG,WRONG,false,false,-0.5753218470141293,0.5753218470141293,false,false,true,0.4135242307891292,0.9888460778032585,0.411,fmnist__cnn1__linf__0.1__model_seed42_itr19_sgd_itr1_w87.bin
fmnist,cnn1,model_seed42_itr19_sgd_itr1,linf,0.1,1,169,-0.2510386034846306,5.502179866656661,-0.2510386034846306,5.502179866656661,true,true,-5.502179866656661,-0.5753218470141291,5.502179866656661,0.2870758663533595,WRONG,WRONG,false,false,-0.5753218470141291,0.5753218470141293,false,false,true,0.18537166294357488,0.7606935099577041,0.414,fmnist__cnn1__linf__0.1__model_seed42_itr19_sgd_itr1_w88.bin
fmnist,cnn1,model_seed42_itr19_sgd_itr1,linf,0.1,1,170,-0.2510386034846306,5.502179866656661,-0.2510386034846306,5.502179866656661,true,true,-5.502179866656661,-0.5753218470141289,5.502179866656661,0.5753218470141291,WRONG,WRONG,false,false,-0.5753218470141289,0.5753218470141291,false,false,true,0.5704722807727175,1.1457941277868466,0.418,fmnist__cnn1__linf__0.1__model_seed42_itr19_sgd_itr1_w89.bin
fmnist,cnn1,model_seed42_itr19_sgd_itr1,linf,0.1,1,171,-0.2510386034846306,5.502179866656661,-0.2510386034846306,5.502179866656661,true,true,-5.502179866656661,-0.5753218470141293,5.502179866656661,0.575321847014129,WRONG,WRONG,false,false,-0.5753218470141293,0.575321847014129,false,false,true,0.8873878281722404,1.4627096751863697,0.417,fmnist__cnn1__linf__0.1__model_seed42_itr19_sgd_itr1_w90.bin
fmnist,cnn1,model_seed42_itr19_sgd_itr1,linf,0.1,1,172,-0.2510386034846306,5.502179866656661,-0.2510386034846306,5.502179866656661,true,true,-5.502179866656661,-0.5753218470141291,5.502179866656661,0.5753218470141291,WRONG,WRONG,false,false,-0.5753218470141291,0.5753218470141291,false,false,true,0.19654250666499137,0.7718643536791207,0.421,fmnist__cnn1__linf__0.1__model_seed42_itr19_sgd_itr1_w91.bin
fmnist,cnn1,model_seed42_itr19_sgd_itr1,linf,0.1,1,173,-0.2510386034846306,5.502179866656661,-0.2510386034846306,5.502179866656661,true,true,-5.502179866656661,-0.5753218470141291,5.502179866656661,0.5753218470141291,WRONG,WRONG,false,false,-0.5753218470141291,0.5753218470141291,false,false,true,0.19654250666499137,0.7718643536791207,0.433,fmnist__cnn1__linf__0.1__model_seed42_itr19_sgd_itr1_w92.bin
fmnist,cnn1,model_seed42_itr19_sgd_itr1,linf,0.1,1,174,-0.2510386034846306,5.502179866656661,-0.2510386034846306,5.502179866656661,true,true,-5.502179866656661,-0.5753218470141291,5.502179866656661,0.5753218470141291,WRONG,WRONG,false,false,-0.5753218470141291,0.5753218470141291,false,false,true,0.19654250666499137,0.7718643536791207,0.428,fmnist__cnn1__linf__0.1__model_seed42_itr19_sgd_itr1_w93.bin
fmnist,cnn1,model_seed42_itr19_sgd_itr1,linf,0.1,1,175,-0.2510386034846306,5.502179866656661,-0.2510386034846306,5.502179866656661,true,true,-5.502179866656661,-0.575321847014129,5.502179866656661,0.5753218470141291,WRONG,WRONG,false,false,-0.575321847014129,0.5753218470141291,false,false,true,1.016284425385704,1.5916062723998332,0.426,fmnist__cnn1__linf__0.1__model_seed42_itr19_sgd_itr1_w94.bin
fmnist,cnn1,model_seed42_itr19_sgd_itr1,linf,0.1,1,176,-0.2510386034846306,5.502179866656661,-0.2510386034846306,5.502179866656661,true,true,-5.502179866656661,-0.5753218470141291,5.502179866656661,0.5753218470141291,WRONG,WRONG,false,false,-0.5753218470141291,0.5753218470141291,false,false,true,0.19654250666499137,0.7718643536791207,0.429,fmnist__cnn1__linf__0.1__model_seed42_itr19_sgd_itr1_w95.bin
fmnist,cnn1,model_seed42_itr19_sgd_itr1,linf,0.1,1,177,-0.2510386034846306,5.502179866656661,-0.2510386034846306,5.502179866656661,true,true,-5.502179866656661,-0.5753218470141291,5.502179866656661,0.5753218470141291,WRONG,WRONG,false,false,-0.5753218470141291,0.5753218470141291,false,false,true,0.20053747170536576,0.775859318719495,0.431,fmnist__cnn1__linf__0.1__model_seed42_itr19_sgd_itr1_w96.bin
fmnist,cnn1,model_seed42_itr19_sgd_itr1,linf,0.1,1,178,-0.2510386034846306,5.502179866656661,-0.2510386034846306,5.502179866656661,true,true,-5.502179866656661,-0.5753218470141293,5.502179866656661,0.5753218470141288,WRONG,WRONG,false,false,-0.5753218470141293,0.5753218470141288,false,false,true,0.38861471243056067,0.9639365594446899,0.427,fmnist__cnn1__linf__0.1__model_seed42_itr19_sgd_itr1_w97.bin
fmnist,cnn1,model_seed42_itr19_sgd_itr1,linf,0.1,1,179,-0.2510386034846306,5.502179866656661,-0.2510386034846306,5.502179866656661,true,true,-5.502179866656661,-0.5753218470141291,5.502179866656661,0.5753218470141293,WRONG,WRONG,false,false,-0.5753218470141291,0.5753218470141293,false,false,true,0.9702719222654891,1.5455937692796182,0.419,fmnist__cnn1__linf__0.1__model_seed42_itr19_sgd_itr1_w98.bin
fmnist,cnn1,model_seed42_itr19_sgd_itr1,linf,0.1,1,180,-0.2510386034846306,5.502179866656661,-0.2510386034846306,5.502179866656661,true,true,-5.502179866656661,-0.575321847014129,5.502179866656661,0.5753218470141293,WRONG,WRONG,false,false,-0.575321847014129,0.5753218470141293,false,false,true,0.1972699717500185,0.7725918187641478,0.42,fmnist__cnn1__linf__0.1__model_seed42_itr19_sgd_itr1_w99.bin
fmnist,cnn1,model_seed42_itr19_sgd_itr1,linf,0.1,1,181,-0.2510386034846306,5.502179866656661,-0.2510386034846306,5.502179866656661,true,true,-5.502179866656661,-0.5722965332889948,5.502179866656661,0.2870758663533638,WRONG,WRONG,false,false,-0.575321847014129,0.5753218470141293,false,false,true,0.2420067854659586,0.8143033187549537,0.418,fmnist__cnn1__linf__0.1__model_seed42_itr19_sgd_itr1_w100.bin
fmnist,cnn1,model_seed42_itr19_sgd_itr1,linf,0.1,1,182,-0.2510386034846306,5.502179866656661,-0.2510386034846306,5.502179866656661,true,true,-5.502179866656661,-0.575321847014129,5.502179866656661,0.5753218470141293,WRONG,WRONG,false,false,-0.575321847014129,0.5753218470141293,false,false,true,0.36900387514863775,0.9443257221627669,0.423,fmnist__cnn1__linf__0.1__model_seed42_itr19_sgd_itr1_w101.bin
fmnist,cnn1,model_seed42_itr19_sgd_itr1,linf,0.1,1,183,-0.2510386034846306,5.502179866656661,-0.2510386034846306,5.502179866656661,true,true,-5.502179866656661,-0.5753218470141291,5.502179866656661,0.5753218470141291,WRONG,WRONG,false,false,-0.5753218470141291,0.5753218470141291,false,false,true,0.2518309080585516,0.8271527550726808,0.416,fmnist__cnn1__linf__0.1__model_seed42_itr19_sgd_itr1_w102.bin
fmnist,cnn1,model_seed42_itr19_sgd_itr1,linf,0.1,1,184,-0.2510386034846306,5.502179866656661,-0.2510386034846306,5.502179866656661,true,true,-5.502179866656661,-0.5753218470141291,5.502179866656661,0.5753218470141293,WRONG,WRONG,false,false,-0.5753218470141291,0.5753218470141293,false,false,true,0.19654250666499137,0.7718643536791207,0.416,fmnist__cnn1__linf__0.1__model_seed42_itr19_sgd_itr1_w103.bin
fmnist,cnn1,model_seed42_itr19_sgd_itr1,linf,0.1,1,185,-0.2510386034846306,5.502179866656661,-0.2510386034846306,5.502179866656661,true,true,-5.502179866656661,-0.5753218470141293,5.502179866656661,0.575321847014129,WRONG,WRONG,false,false,-0.5753218470141293,0.575321847014129,false,false,true,0.3949763267388234,0.9702981737529527,0.419,fmnist__cnn1__linf__0.1__model_seed42_itr19_sgd_itr1_w104.bin
fmnist,cnn1,model_seed42_itr19_sgd_itr1,linf,0.1,1,186,-0.2510386034846306,5.502179866656661,-0.2510386034846306,5.502179866656661,true,true,-5.502179866656661,-0.575321847014129,5.502179866656661,0.575321847014129,WRONG,WRONG,false,false,-0.575321847014129,0.575321847014129,false,false,true,0.19857882592495396,0.7739006729390833,0.419,fmnist__cnn1__linf__0.1__model_seed42_itr19_sgd_itr1_w105.bin
fmnist,cnn1,model_seed42_itr19_sgd_itr1,linf,0.1,1,187,-0.2510386034846306,5.502179866656661,-0.2510386034846306,5.502179866656661,true,true,-5.502179866656661,-0.575321847014129,5.502179866656661,0.575321847014129,WRONG,WRONG,false,false,-0.575321847014129,0.575321847014129,false,false,true,0.2330756104306722,0.8083974574448014,0.412,fmnist__cnn1__linf__0.1__model_seed42_itr19_sgd_itr1_w106.bin
fmnist,cnn1,model_seed42_itr19_sgd_itr1,linf,0.1,1,188,-0.2510386034846306,5.502179866656661,-0.2510386034846306,5.502179866656661,true,true,-5.502179866656661,-0.5753218470141291,5.502179866656661,0.5753218470141293,WRONG,WRONG,false,false,-0.5753218470141291,0.5753218470141293,false,false,true,0.3785698323746363,0.9538916793887654,0.423,fmnist__cnn1__linf__0.1__model_seed42_itr19_sgd_itr1_w107.bin
fmnist,cnn1,model_seed42_itr19_sgd_itr1,linf,0.1,1,189,-0.2510386034846306,5.502179866656661,-0.2510386034846306,5.502179866656661,true,true,-5.502179866656661,-0.28707586635335947,5.502179866656661,0.5722965332889948,WRONG,WRONG,false,false,-0.575321847014129,0.5753218470141293,false,false,true,0.05009910752597197,0.3371749738793313,0.421,fmnist__cnn1__linf__0.1__model_seed42_itr19_sgd_itr1_w108.bin
fmnist,cnn1,model_seed42_itr19_sgd_itr1,linf,0.1,1,190,-0.2510386034846306,5.502179866656661,-0.2510386034846306,5.502179866656661,true,true,-5.502179866656661,-0.575321847014129,5.502179866656661,0.575321847014129,WRONG,WRONG,false,false,-0.575321847014129,0.575321847014129,false,false,true,0.3638802981037013,0.9392021451178305,0.425,fmnist__cnn1__linf__0.1__model_seed42_itr19_sgd_itr1_w109.bin
fmnist,cnn1,model_seed42_itr19_sgd_itr1,linf,0.1,1,191,-0.2510386034846306,5.502179866656661,-0.2510386034846306,5.502179866656661,true,true,-5.502179866656661,-0.5753218470141293,5.502179866656661,0.5753218470141293,WRONG,WRONG,false,false,-0.5753218470141293,0.5753218470141293,false,false,true,1.4173052945167905,1.99262714153092,0.432,fmnist__cnn1__linf__0.1__model_seed42_itr19_sgd_itr1_w110.bin
fmnist,cnn1,model_seed42_itr19_sgd_itr1,linf,0.1,1,192,-0.2510386034846306,5.502179866656661,-0.2510386034846306,5.502179866656661,true,true,-5.502179866656661,-0.5753218470141291,5.502179866656661,0.5753218470141298,WRONG,WRONG,false,false,-0.5753218470141291,0.5753218470141298,false,false,true,0.19401582213987623,0.7693376691540055,0.431,fmnist__cnn1__linf__0.1__model_seed42_itr19_sgd_itr1_w111.bin
fmnist,cnn1,model_seed42_itr19_sgd_itr1,linf,0.1,1,193,-0.2510386034846306,5.502179866656661,-0.2510386034846306,5.502179866656661,true,true,-5.502179866656661,-0.575321847014129,5.502179866656661,0.575321847014129,WRONG,WRONG,false,false,-0.575321847014129,0.575321847014129,false,false,true,0.4654370786465949,1.0407589256607241,0.426,fmnist__cnn1__linf__0.1__model_seed42_itr19_sgd_itr1_w112.bin
fmnist,cnn1,model_seed42_itr19_sgd_itr1,linf,0.1,1,194,-0.2510386034846306,5.502179866656661,-0.2510386034846306,5.502179866656661,true,true,-5.502179866656661,-0.575321847014129,5.502179866656661,0.5753218470141288,WRONG,WRONG,false,false,-0.575321847014129,0.5753218470141288,false,false,true,1.1977515706428048,1.7730734176569343,0.424,fmnist__cnn1__linf__0.1__model_seed42_itr19_sgd_itr1_w113.bin
fmnist,cnn1,model_seed42_itr19_sgd_itr1,linf,0.1,1,195,-0.2510386034846306,5.502179866656661,-0.2510386034846306,5.502179866656661,true,true,-5.502179866656661,-0.575321847014129,5.502179866656661,0.575321847014129,WRONG,WRONG,false,false,-0.575321847014129,0.575321847014129,false,false,true,1.2966488911106202,1.8719707381247495,0.422,fmnist__cnn1__linf__0.1__model_seed42_itr19_sgd_itr1_w114.bin
fmnist,cnn1,model_seed42_itr19_sgd_itr1,linf,0.1,1,196,-0.2510386034846306,5.502179866656661,-0.2510386034846306,5.502179866656661,true,true,-5.502179866656661,-0.5753218470141293,5.502179866656661,0.5753218470141291,WRONG,WRONG,false,false,-0.5753218470141293,0.5753218470141291,false,false,true,0.19261202534471503,0.7679338723588442,0.431,fmnist__cnn1__linf__0.1__model_seed42_itr19_sgd_itr1_w115.bin
fmnist,cnn1,model_seed42_itr19_sgd_itr1,linf,0.1,1,197,-0.2510386034846306,5.502179866656661,-0.2510386034846306,5.502179866656661,true,true,-5.502179866656661,-0.5753218470141294,5.502179866656661,0.5753218470141294,WRONG,WRONG,false,false,-0.5753218470141294,0.5753218470141294,false,false,true,0.5804368380191242,1.1557586850332533,0.441,fmnist__cnn1__linf__0.1__model_seed42_itr19_sgd_itr1_w116.bin
fmnist,cnn1,model_seed42_itr19_sgd_itr1,linf,0.1,1,198,-0.2510386034846306,5.502179866656661,-0.2510386034846306,5.502179866656661,true,true,-5.502179866656661,-0.575321847014129,5.502179866656661,0.5753218470141288,WRONG,WRONG,false,false,-0.575321847014129,0.5753218470141288,false,false,true,1.2116006247473976,1.7869224717615266,0.43,fmnist__cnn1__linf__0.1__model_seed42_itr19_sgd_itr1_w117.bin
fmnist,cnn1,model_seed42_itr19_sgd_itr1,linf,0.1,1,199,-0.2510386034846306,5.502179866656661,-0.2510386034846306,5.502179866656661,true,true,-5.502179866656661,-0.5753218470141294,5.502179866656661,0.5753218470141294,WRONG,WRONG,false,false,-0.5753218470141294,0.5753218470141294,false,false,true,0.5804368380191242,1.1557586850332533,0.435,fmnist__cnn1__linf__0.1__model_seed42_itr19_sgd_itr1_w118.bin
fmnist,cnn1,model_seed42_itr19_sgd_itr1,linf,0.1,1,200,-0.2510386034846306,5.502179866656661,-0.2510386034846306,5.502179866656661,true,true,-5.502179866656661,-0.575321847014129,5.502179866656661,0.5753218470141293,WRONG,WRONG,false,false,-0.575321847014129,0.5753218470141293,false,false,true,0.6953451121595204,1.2706669591736497,0.431,fmnist__cnn1__linf__0.1__model_seed42_itr19_sgd_itr1_w119.bin
fmnist,cnn1,model_seed42_itr19_sgd_itr1,linf,0.1,1,201,-0.2510386034846306,5.502179866656661,-0.2510386034846306,5.502179866656661,true,true,-5.502179866656661,-0.5753218470141293,5.502179866656661,0.5753218470141291,WRONG,WRONG,false,false,-0.5753218470141293,0.5753218470141291,false,false,true,0.4315719766228127,1.0068938236369418,0.432,fmnist__cnn1__linf__0.1__model_seed42_itr19_sgd_itr1_w120.bin
fmnist,cnn1,model_seed42_itr19_sgd_itr1,linf,0.1,1,202,-0.2510386034846306,5.502179866656661,-0.2510386034846306,5.502179866656661,true,true,-5.502179866656661,-0.5753218470141293,5.502179866656661,0.5753218470141293,WRONG,WRONG,false,false,-0.5753218470141293,0.5753218470141293,false,false,true,0.352609745265754,0.9279315922798832,0.428,fmnist__cnn1__linf__0.1__model_seed42_itr19_sgd_itr1_w121.bin
fmnist,cnn1,model_seed42_itr19_sgd_itr1,linf,0.1,1,203,-0.2510386034846306,5.502179866656661,-0.2510386034846306,5.502179866656661,true,true,-5.502179866656661,-0.5753218470141293,5.502179866656661,0.5753218470141293,WRONG,WRONG,false,false,-0.5753218470141293,0.5753218470141293,false,false,true,1.2953648285766741,1.8706866755908034,0.423,fmnist__cnn1__linf__0.1__model_seed42_itr19_sgd_itr1_w122.bin
fmnist,cnn1,model_seed42_itr19_sgd_itr1,linf,0.1,1,204,-0.2510386034846306,5.502179866656661,-0.2510386034846306,5.502179866656661,true,true,-5.502179866656661,-0.5753218470141293,5.502179866656661,0.5753218470141293,WRONG,WRONG,false,false,-0.5753218470141293,0.5753218470141293,false,false,true,1.1223299738445336,1.6976518208586628,0.423,fmnist__cnn1__linf__0.1__model_seed42_itr19_sgd_itr1_w123.bin
fmnist,cnn1,model_seed42_itr19_sgd_itr1,linf,0.1,1,205,-0.2510386034846306,5.502179866656661,-0.2510386034846306,5.502179866656661,true,true,-5.502179866656661,-0.5722965332889948,5.502179866656661,0.2870758663533596,WRONG,WRONG,false,false,-0.5753218470141293,0.575321847014129,false,false,true,0.2420067854659586,0.8143033187549537,0.426,fmnist__cnn1__linf__0.1__model_seed42_itr19_sgd_itr1_w124.bin
fmnist,cnn1,model_seed42_itr19_sgd_itr1,linf,0.1,1,206,-0.2510386034846306,5.502179866656661,-0.2510386034846306,5.502179866656661,true,true,-5.502179866656661,-0.5753218470141294,5.502179866656661,0.5753218470141297,WRONG,WRONG,false,false,-0.5753218470141294,0.5753218470141297,false,false,true,0.5996378058832488,1.174959652897378,0.44,fmnist__cnn1__linf__0.1__model_seed42_itr19_sgd_itr1_w125.bin
fmnist,cnn1,model_seed42_itr19_sgd_itr1,linf,0.1,1,207,-0.2510386034846306,5.502179866656661,-0.2510386034846306,5.502179866656661,true,true,-5.502179866656661,-0.5743400273954752,5.502179866656661,0.5743994473926619,WRONG,WRONG,false,false,-0.575321847014129,0.5753218470141288,false,false,true,0.5115404555167015,1.0858804829121762,0.579,fmnist__cnn1__linf__0.1__model_seed42_itr19_sgd_itr1_w126.bin
fmnist,cnn1,model_seed42_itr19_sgd_itr1,linf,0.1,1,208,-0.2510386034846306,5.502179866656661,-0.2510386034846306,5.502179866656661,true,true,-5.502179866656661,-0.5753218470141295,5.502179866656661,0.5753218470141291,WRONG,WRONG,false,false,-0.5753218470141295,0.5753218470141291,false,false,true,0.7426856750693058,1.318007522083435,0.445,fmnist__cnn1__linf__0.1__model_seed42_itr19_sgd_itr1_w127.bin
fmnist,cnn1,model_seed42_itr19_sgd_itr1,linf,0.1,1,209,-0.2510386034846306,5.502179866656661,-0.2510386034846306,5.502179866656661,true,true,-5.502179866656661,-0.5753218470141295,5.502179866656661,0.5753218470141295,WRONG,WRONG,false,false,-0.5753218470141295,0.5753218470141295,false,false,true,1.2840242048009538,1.859346051815083,0.436,fmnist__cnn1__linf__0.1__model_seed42_itr19_sgd_itr1_w128.bin
fmnist,cnn1,model_seed42_itr19_sgd_itr1,linf,0.1,1,210,-0.2510386034846306,5.502179866656661,-0.2510386034846306,5.502179866656661,true,true,-5.502179866656661,-0.5753218470141293,5.502179866656661,0.575321847014129,WRONG,WRONG,false,false,-0.5753218470141293,0.575321847014129,false,false,true,0.4135242307891292,0.9888460778032585,0.434,fmnist__cnn1__linf__0.1__model_seed42_itr19_sgd_itr1_w129.bin
fmnist,cnn1,model_seed42_itr19_sgd_itr1,linf,0.1,1,211,-0.2510386034846306,5.502179866656661,-0.2510386034846306,5.502179866656661,true,true,-5.502179866656661,-0.5753218470141293,5.502179866656661,0.575321847014129,WRONG,WRONG,false,false,-0.5753218470141293,0.575321847014129,false,false,true,0.4135242307891292,0.9888460778032585,0.433,fmnist__cnn1__linf__0.1__model_seed42_itr19_sgd_itr1_w130.bin
fmnist,cnn1,model_seed42_itr19_sgd_itr1,linf,0.1,1,212,-0.2510386034846306,5.502179866656661,-0.2510386034846306,5.502179866656661,true,true,-5.502179866656661,-0.5753218470141293,5.502179866656661,0.5753218470141293,WRONG,WRONG,false,false,-0.5753218470141293,0.5753218470141293,false,false,true,1.2523843495023637,1.8277061965164927,0.445,fmnist__cnn1__linf__0.1__model_seed42_itr19_sgd_itr1_w131.bin
fmnist,cnn1,model_seed42_itr19_sgd_itr1,linf,0.1,1,213,-0.2510386034846306,5.502179866656661,-0.2510386034846306,5.502179866656661,true,true,-5.502179866656661,-0.5753218470141293,5.502179866656661,0.5753218470141293,WRONG,WRONG,false,false,-0.5753218470141293,0.5753218470141293,false,false,true,0.4135242307891292,0.9888460778032585,0.439,fmnist__cnn1__linf__0.1__model_seed42_itr19_sgd_itr1_w132.bin
fmnist,cnn1,model_seed42_itr19_sgd_itr1,linf,0.1,1,214,-0.2510386034846306,5.502179866656661,-0.2510386034846306,5.502179866656661,true,true,-5.502179866656661,-0.5582735620908483,5.502179866656661,0.5753218470141294,WRONG,WRONG,false,false,-0.5753218470141293,0.5753218470141293,false,false,true,0.5056562245610964,1.0639297866519446,0.598,fmnist__cnn1__linf__0.1__model_seed42_itr19_sgd_itr1_w133.bin
fmnist,cnn1,model_seed42_itr19_sgd_itr1,linf,0.1,1,215,-0.2510386034846306,5.502179866656661,-0.2510386034846306,5.502179866656661,true,true,-5.502179866656661,-0.5753218470141295,5.502179866656661,0.5722965332889949,WRONG,WRONG,false,false,-0.5753218470141295,0.5753218470141295,false,false,true,1.3788170581654482,1.9541389051795772,0.463,fmnist__cnn1__linf__0.1__model_seed42_itr19_sgd_itr1_w134.bin
fmnist,cnn1,model_seed42_itr19_sgd_itr1,linf,0.1,1,216,-0.2510386034846306,5.502179866656661,-0.2510386034846306,5.502179866656661,true,true,-5.502179866656661,-0.575321847014129,5.502179866656661,0.575321847014129,WRONG,WRONG,false,false,-0.575321847014129,0.575321847014129,false,false,true,0.06505275287216544,0.6403745998862945,0.42,fmnist__cnn1__linf__0.1__model_seed42_itr19_sgd_itr1_w135.bin
fmnist,cnn1,model_seed42_itr19_sgd_itr1,linf,0.1,1,217,-0.2510386034846306,5.502179866656661,-0.2510386034846306,5.502179866656661,true,true,-5.502179866656661,-0.5753218470141288,5.502179866656661,0.5753218470141293,WRONG,WRONG,false,false,-0.5753218470141288,0.5753218470141293,false,false,true,2.045053046196699,2.6203748932108284,0.418,fmnist__cnn1__linf__0.1__model_seed42_itr19_sgd_itr1_w136.bin
fmnist,cnn1,model_seed42_itr19_sgd_itr1,linf,0.1,1,218,-0.2510386034846306,5.502179866656661,-0.2510386034846306,5.502179866656661,true,true,-5.502179866656661,-0.5753218470141293,5.502179866656661,0.5753218470141293,WRONG,WRONG,false,false,-0.5753218470141293,0.5753218470141293,false,false,true,0.4135242307891292,0.9888460778032585,0.419,fmnist__cnn1__linf__0.1__model_seed42_itr19_sgd_itr1_w137.bin
fmnist,cnn1,model_seed42_itr19_sgd_itr1,linf,0.1,1,219,-0.2510386034846306,5.502179866656661,-0.2510386034846306,5.502179866656661,true,true,-5.502179866656661,-0.5753218470141288,5.502179866656661,0.5753218470141293,WRONG,WRONG,false,false,-0.5753218470141288,0.5753218470141293,false,false,true,1.1184900743161381,1.6938119213302676,0.419,fmnist__cnn1__linf__0.1__model_seed42_itr19_sgd_itr1_w138.bin
fmnist,cnn1,model_seed42_itr19_sgd_itr1,linf,0.1,1,220,-0.2510386034846306,5.502179866656661,-0.2510386034846306,5.502179866656661,true,true,-5.502179866656661,-0.575321847014129,5.502179866656661,0.5753218470141291,WRONG,WRONG,false,false,-0.575321847014129,0.5753218470141291,false,false,true,0.25384978034364153,0.8291716273577707,0.421,fmnist__cnn1__linf__0.1__model_seed42_itr19_sgd_itr1_w139.bin
fmnist,cnn1,model_seed42_itr19_sgd_itr1,linf,0.1,1,221,-0.2510386034846306,5.502179866656661,-0.2510386034846306,5.502179866656661,true,true,-5.502179866656661,-0.5753218470141291,5.502179866656661,0.575321847014129,WRONG,WRONG,false,false,-0.5753218470141291,0.575321847014129,false,false,true,0.19654250666499137,0.7718643536791207,0.422,fmnist__cnn1__linf__0.1__model_seed42_itr19_sgd_itr1_w140.bin
fmnist,cnn1,model_seed42_itr19_sgd_itr1,linf,0.1,1,222,-0.2510386034846306,5.502179866656661,-0.2510386034846306,5.502179866656661,true,true,-5.502179866656661,-0.5753218470141291,5.502179866656661,0.575321847014129,WRONG,WRONG,false,false,-0.5753218470141291,0.575321847014129,false,false,true,0.19654250666499137,0.7718643536791207,0.424,fmnist__cnn1__linf__0.1__model_seed42_itr19_sgd_itr1_w141.bin
fmnist,cnn1,model_seed42_itr19_sgd_itr1,linf,0.1,1,223,-0.2510386034846306,5.502179866656661,-0.2510386034846306,5.502179866656661,true,true,-5.502179866656661,-0.5654768860087189,5.502179866656661,0.5678977255783852,WRONG,WRONG,false,false,-0.5753218470141295,0.5753218470141293,false,false,true,0.4924264911714871,1.0579033771802058,0.441,fmnist__cnn1__linf__0.1__model_seed42_itr19_sgd_itr1_w142.bin
fmnist,cnn1,model_seed42_itr19_sgd_itr1,linf,0.1,1,224,-0.2510386034846306,5.502179866656661,-0.2510386034846306,5.502179866656661,true,true,-5.502179866656661,-0.5753218470141293,5.502179866656661,0.5753218470141291,WRONG,WRONG,false,false,-0.5753218470141293,0.5753218470141291,false,false,true,1.323741906826486,1.899063753840615,0.425,fmnist__cnn1__linf__0.1__model_seed42_itr19_sgd_itr1_w143.bin
fmnist,cnn1,model_seed42_itr19_sgd_itr1,linf,0.1,1,225,-0.2510386034846306,5.502179866656661,-0.2510386034846306,5.502179866656661,true,true,-5.502179866656661,-0.575321847014129,5.502179866656661,0.28707586635335947,WRONG,WRONG,false,false,-0.575321847014129,0.5753218470141293,false,false,true,0.19153961533507022,0.7668614623491995,0.423,fmnist__cnn1__linf__0.1__model_seed42_itr19_sgd_itr1_w144.bin
fmnist,cnn1,model_seed42_itr19_sgd_itr1,linf,0.1,1,226,-0.2510386034846306,5.502179866656661,-0.2510386034846306,5.502179866656661,true,true,-5.502179866656661,-0.5722965332889948,5.502179866656661,0.2870758663533597,WRONG,WRONG,false,false,-0.5753218470141288,0.5753218470141293,false,false,true,0.2420067854659586,0.8143033187549537,0.43,fmnist__cnn1__linf__0.1__model_seed42_itr19_sgd_itr1_w145.bin
fmnist,cnn1,model_seed42_itr19_sgd_itr1,linf,0.1,1,227,-0.2510386034846306,5.502179866656661,-0.2510386034846306,5.502179866656661,true,true,-5.502179866656661,-0.5753218470141293,5.502179866656661,0.575321847014129,WRONG,WRONG,false,false,-0.5753218470141293,0.575321847014129,false,false,true,0.3824611193029744,0.9577829663171036,0.438,fmnist__cnn1__linf__0.1__model_seed42_itr19_sgd_itr1_w146.bin
fmnist,cnn1,model_seed42_itr19_sgd_itr1,linf,0.1,1,228,-0.2510386034846306,5.502179866656661,-0.2510386034846306,5.502179866656661,true,true,-5.502179866656661,-0.5753218470141291,5.502179866656661,0.5753218470141288,WRONG,WRONG,false,false,-0.5753218470141291,0.5753218470141288,false,false,true,0.24601022456621763,0.8213320715803469,0.444,fmnist__cnn1__linf__0.1__model_seed42_itr19_sgd_itr1_w147.bin
fmnist,cnn1,model_seed42_itr19_sgd_itr1,linf,0.1,1,229,-0.2510386034846306,5.502179866656661,-0.2510386034846306,5.502179866656661,true,true,-5.502179866656661,-0.5722965332889951,5.502179866656661,0.5753218470141294,WRONG,WRONG,false,false,-0.5753218470141295,0.5753218470141294,false,false,true,0.46277764273490757,1.0350741760239026,0.464,fmnist__cnn1__linf__0.1__model_seed42_itr19_sgd_itr1_w148.bin
fmnist,cnn1,model_seed42_itr19_sgd_itr1,linf,0.1,1,230,-0.2510386034846306,5.502179866656661,-0.2510386034846306,5.502179866656661,true,true,-5.502179866656661,-0.5753218470141293,5.502179866656661,0.575321847014129,WRONG,WRONG,false,false,-0.5753218470141293,0.575321847014129,false,false,true,1.4760544424529438,2.0513762894670733,0.419,fmnist__cnn1__linf__0.1__model_seed42_itr19_sgd_itr1_w149.bin
fmnist,cnn1,model_seed42_itr19_sgd_itr1,linf,0.1,1,231,-0.2510386034846306,5.502179866656661,-0.2510386034846306,5.502179866656661,true,true,-5.502179866656661,-0.5753218470141291,5.502179866656661,0.5753218470141291,WRONG,WRONG,false,false,-0.5753218470141291,0.5753218470141291,false,false,true,0.19654250666499137,0.7718643536791207,0.429,fmnist__cnn1__linf__0.1__model_seed42_itr19_sgd_itr1_w150.bin
fmnist,cnn1,model_seed42_itr19_sgd_itr1,linf,0.1,1,232,-0.2510386034846306,5.502179866656661,-0.2510386034846306,5.502179866656661,true,true,-5.502179866656661,-0.5753218470141291,5.502179866656661,0.5753218470141293,WRONG,WRONG,false,false,-0.5753218470141291,0.5753218470141293,false,false,true,0.9015948057433042,1.4769166527574336,0.562,fmnist__cnn1__linf__0.1__model_seed42_itr19_sgd_itr1_w151.bin
fmnist,cnn1,model_seed42_itr19_sgd_itr1,linf,0.1,1,233,-0.2510386034846306,5.502179866656661,-0.2510386034846306,5.502179866656661,true,true,-5.502179866656661,-0.575321847014129,5.502179866656661,0.575321847014129,WRONG,WRONG,false,false,-0.575321847014129,0.575321847014129,false,false,true,0.31309407735493927,0.8884159243690685,0.426,fmnist__cnn1__linf__0.1__model_seed42_itr19_sgd_itr1_w152.bin
fmnist,cnn1,model_seed42_itr19_sgd_itr1,linf,0.1,1,234,-0.2510386034846306,5.502179866656661,-0.2510386034846306,5.502179866656661,true,true,-5.502179866656661,-0.575321847014129,5.502179866656661,0.5753218470141291,WRONG,WRONG,false,false,-0.575321847014129,0.5753218470141291,false,false,true,0.7530464820563794,1.3283683290705086,0.427,fmnist__cnn1__linf__0.1__model_seed42_itr19_sgd_itr1_w153.bin
fmnist,cnn1,model_seed42_itr19_sgd_itr1,linf,0.1,1,235,-0.2510386034846306,5.502179866656661,-0.2510386034846306,5.502179866656661,true,true,-5.502179866656661,-0.575321847014129,5.502179866656661,0.5753218470141297,WRONG,WRONG,false,false,-0.575321847014129,0.5753218470141297,false,false,true,1.1588163005611691,1.7341381475752984,0.426,fmnist__cnn1__linf__0.1__model_seed42_itr19_sgd_itr1_w154.bin
fmnist,cnn1,model_seed42_itr19_sgd_itr1,linf,0.1,1,236,-0.2510386034846306,5.502179866656661,-0.2510386034846306,5.502179866656661,true,true,-5.502179866656661,-0.5753218470141293,5.502179866656661,0.5753218470141288,WRONG,WRONG,false,false,-0.5753218470141293,0.5753218470141288,false,false,true,0.4135242307891292,0.9888460778032585,0.417,fmnist__cnn1__linf__0.1__model_seed42_itr19_sgd_itr1_w155.bin
fmnist,cnn1,model_seed42_itr19_sgd_itr1,linf,0.1,1,237,-0.2510386034846306,5.502179866656661,-0.2510386034846306,5.502179866656661,true,true,-5.502179866656661,-0.5753218470141291,5.502179866656661,0.28707586635335935,WRONG,WRONG,false,false,-0.5753218470141291,0.5753218470141293,false,false,true,0.8871083713432285,1.4624302183573576,0.441,fmnist__cnn1__linf__0.1__model_seed42_itr19_sgd_itr1_w156.bin
fmnist,cnn1,model_seed42_itr19_sgd_itr1,linf,0.1,1,238,-0.2510386034846306,5.502179866656661,-0.2510386034846306,5.502179866656661,true,true,-5.502179866656661,-0.5753218470141295,5.502179866656661,0.5753218470141294,WRONG,WRONG,false,false,-0.5753218470141295,0.5753218470141294,false,false,true,1.2105159225125917,1.785837769526721,0.428,fmnist__cnn1__linf__0.1__model_seed42_itr19_sgd_itr1_w157.bin
fmnist,cnn1,model_seed42_itr19_sgd_itr1,linf,0.1,1,239,-0.2510386034846306,5.502179866656661,-0.2510386034846306,5.502179866656661,true,true,-5.502179866656661,-0.5753218470141291,5.502179866656661,0.575321847014129,WRONG,WRONG,false,false,-0.5753218470141291,0.575321847014129,false,false,true,0.6306881257233546,1.2060099727374838,0.44,fmnist__cnn1__linf__0.1__model_seed42_itr19_sgd_itr1_w158.bin
fmnist,cnn1,model_seed42_itr19_sgd_itr1,linf,0.1,1,240,-0.2510386034846306,5.502179866656661,-0.2510386034846306,5.502179866656661,true,true,-5.502179866656661,-0.575321847014129,5.502179866656661,0.5753218470141291,WRONG,WRONG,false,false,-0.575321847014129,0.5753218470141291,false,false,true,0.7989633226854025,1.3742851696995317,0.433,fmnist__cnn1__linf__0.1__model_seed42_itr19_sgd_itr1_w159.bin
fmnist,cnn1,model_seed42_itr19_sgd_itr1,linf,0.1,1,241,-0.2510386034846306,5.502179866656661,-0.2510386034846306,5.502179866656661,true,true,-5.502179866656661,-0.5753218470141291,5.502179866656661,0.5753218470141294,WRONG,WRONG,false,false,-0.5753218470141291,0.5753218470141294,false,false,true,0.8706740221386514,1.4459958691527808,0.441,fmnist__cnn1__linf__0.1__model_seed42_itr19_sgd_itr1_w160.bin
fmnist,cnn1,model_seed42_itr19_sgd_itr1,linf,0.1,1,242,-0.2510386034846306,5.502179866656661,-0.2510386034846306,5.502179866656661,true,true,-5.502179866656661,-0.575321847014129,5.502179866656661,0.5753218470141293,WRONG,WRONG,false,false,-0.575321847014129,0.5753218470141293,false,false,true,0.7012756736274468,1.276597520641576,0.435,fmnist__cnn1__linf__0.1__model_seed42_itr19_sgd_itr1_w161.bin
fmnist,cnn1,model_seed42_itr19_sgd_itr1,linf,0.1,1,243,-0.2510386034846306,5.502179866656661,-0.2510386034846306,5.502179866656661,true,true,-5.502179866656661,-0.5753218470141293,5.502179866656661,0.575321847014129,WRONG,WRONG,false,false,-0.5753218470141293,0.575321847014129,false,false,true,5.551115123125783e-17,0.5753218470141291,0.438,fmnist__cnn1__linf__0.1__model_seed42_itr19_sgd_itr1_w162.bin
fmnist,cnn1,model_seed42_itr19_sgd_itr1,linf,0.1,1,244,-1.054734118282795,4.8492031544446945,-1.054734118282795,4.8492031544446945,true,true,-4.8492031544446945,-0.590393727272749,4.8492031544446945,0.590393727272749,WRONG,WRONG,false,false,-0.590393727272749,0.590393727272749,false,false,true,6.938893903907228e-18,0.5903937272727489,0.426,fmnist__cnn1__linf__0.1__model_seed42_itr19_sgd_itr1_w163.bin
fmnist,cnn1,model_seed42_itr19_sgd_itr1,linf,0.1,1,245,-1.054734118282795,4.8492031544446945,-1.054734118282795,4.8492031544446945,true,true,-4.8492031544446945,-0.590393727272749,4.8492031544446945,0.5903937272727489,WRONG,WRONG,false,false,-0.590393727272749,0.5903937272727489,false,false,true,0.7438942871987819,1.3342880144715308,0.435,fmnist__cnn1__linf__0.1__model_seed42_itr19_sgd_itr1_w164.bin
fmnist,cnn1,model_seed42_itr19_sgd_itr1,linf,0.1,1,246,-1.054734118282795,4.8492031544446945,-1.054734118282795,4.8492031544446945,true,true,-4.8492031544446945,-0.5903937272727489,4.8492031544446945,0.590393727272749,WRONG,WRONG,false,false,-0.5903937272727489,0.590393727272749,false,false,true,0.23451998819631867,0.8249137154690676,0.43,fmnist__cnn1__linf__0.1__model_seed42_itr19_sgd_itr1_w165.bin
fmnist,cnn1,model_seed42_itr19_sgd_itr1,linf,0.1,1,247,-1.054734118282795,4.8492031544446945,-1.054734118282795,4.8492031544446945,true,true,-4.8492031544446945,-0.5903937272727491,4.8492031544446945,0.5903937272727491,WRONG,WRONG,false,false,-0.5903937272727491,0.5903937272727491,false,false,true,1.142195659919346,1.7325893871920948,0.433,fmnist__cnn1__linf__0.1__model_seed42_itr19_sgd_itr1_w166.bin
fmnist,cnn1,model_seed42_itr19_sgd_itr1,linf,0.1,1,248,-1.054734118282795,4.8492031544446945,-1.054734118282795,4.8492031544446945,true,true,-4.8492031544446945,-0.5903937272727489,4.8492031544446945,0.5903937272727491,WRONG,WRONG,false,false,-0.5903937272727489,0.5903937272727491,false,false,true,0.2068843625781884,0.7972780898509373,0.45,fmnist__cnn1__linf__0.1__model_seed42_itr19_sgd_itr1_w167.bin
fmnist,cnn1,model_seed42_itr19_sgd_itr1,linf,0.1,1,249,-1.054734118282795,4.8492031544446945,-1.054734118282795,4.8492031544446945,true,true,-4.8492031544446945,-0.5903937272727489,4.8492031544446945,0.590393727272749,WRONG,WRONG,false,false,-0.5903937272727489,0.590393727272749,false,false,true,6.938893903907228e-18,0.5903937272727489,0.425,fmnist__cnn1__linf__0.1__model_seed42_itr19_sgd_itr1_w168.bin
fmnist,cnn1,model_seed42_itr19_sgd_itr1,linf,0.1,1,250,-1.054734118282795,4.8492031544446945,-1.054734118282795,4.8492031544446945,true,true,-4.8492031544446945,-0.590393727272749,4.8492031544446945,0.590393727272749,WRONG,WRONG,false,false,-0.590393727272749,0.590393727272749,false,false,true,6.938893903907228e-18,0.5903937272727489,0.445,fmnist__cnn1__linf__0.1__model_seed42_itr19_sgd_itr1_w169.bin
fmnist,cnn1,model_seed42_itr19_sgd_itr1,linf,0.1,1,251,-1.054734118282795,4.8492031544446945,-1.054734118282795,4.8492031544446945,true,true,-4.8492031544446945,-0.5903937272727493,4.8492031544446945,0.5903937272727489,WRONG,WRONG,false,false,-0.5903937272727493,0.5903937272727489,false,false,true,1.8095270696152594,2.3999207968880083,0.461,fmnist__cnn1__linf__0.1__model_seed42_itr19_sgd_itr1_w170.bin
fmnist,cnn1,model_seed42_itr19_sgd_itr1,linf,0.1,1,252,-1.054734118282795,4.8492031544446945,-1.054734118282795,4.8492031544446945,true,true,-4.8492031544446945,-0.5553347789064138,4.8492031544446945,0.5903937272727489,WRONG,WRONG,false,false,-0.5903937272727486,0.5903937272727489,false,false,true,0.13271960066932914,0.6880543795757432,0.448,fmnist__cnn1__linf__0.1__model_seed42_itr19_sgd_itr1_w171.bin
fmnist,cnn1,model_seed42_itr19_sgd_itr1,linf,0.1,1,253,-1.054734118282795,4.8492031544446945,-1.054734118282795,4.8492031544446945,true,true,-4.8492031544446945,-0.590393727272749,4.8492031544446945,0.5903937272727491,WRONG,WRONG,false,false,-0.590393727272749,0.5903937272727491,false,false,true,6.938893903907228e-18,0.5903937272727489,0.477,fmnist__cnn1__linf__0.1__model_seed42_itr19_sgd_itr1_w172.bin
fmnist,cnn1,model_seed42_itr19_sgd_itr1,linf,0.1,1,254,-1.054734118282795,4.8492031544446945,-1.054734118282795,4.8492031544446945,true,true,-4.8492031544446945,-0.590393727272749,4.8492031544446945,0.590393727272749,WRONG,WRONG,false,false,-0.590393727272749,0.590393727272749,false,false,true,0.7438942871987819,1.3342880144715308,0.481,fmnist__cnn1__linf__0.1__model_seed42_itr19_sgd_itr1_w173.bin
fmnist,cnn1,model_seed42_itr19_sgd_itr1,linf,0.1,1,255,-1.054734118282795,4.8492031544446945,-1.054734118282795,4.8492031544446945,true,true,-4.8492031544446945,-0.555334778906414,4.8492031544446945,0.5903937272727489,WRONG,WRONG,false,false,-0.5903937272727489,0.5903937272727489,false,false,true,0.0,0.5553347789064139,0.504,fmnist__cnn1__linf__0.1__model_seed42_itr19_sgd_itr1_w174.bin
fmnist,cnn1,model_seed42_itr19_sgd_itr1,linf,0.1,1,256,-1.054734118282795,4.8492031544446945,-1.054734118282795,4.8492031544446945,true,true,-4.8492031544446945,-0.590393727272749,4.8492031544446945,0.590393727272749,WRONG,WRONG,false,false,-0.590393727272749,0.590393727272749,false,false,true,6.938893903907228e-18,0.5903937272727489,0.439,fmnist__cnn1__linf__0.1__model_seed42_itr19_sgd_itr1_w175.bin
fmnist,cnn1,model_seed42_itr19_sgd_itr1,linf,0.1,1,257,-1.054734118282795,4.8492031544446945,-1.054734118282795,4.8492031544446945,true,true,-4.8492031544446945,-0.590393727272749,4.8492031544446945,0.590393727272749,WRONG,WRONG,false,false,-0.590393727272749,0.590393727272749,false,false,true,6.938893903907228e-18,0.5903937272727489,0.459,fmnist__cnn1__linf__0.1__model_seed42_itr19_sgd_itr1_w176.bin
fmnist,cnn1,model_seed42_itr19_sgd_itr1,linf,0.1,1,258,-1.054734118282795,4.8492031544446945,-1.054734118282795,4.8492031544446945,true,true,-4.8492031544446945,-0.590393727272749,4.8492031544446945,0.590393727272749,WRONG,WRONG,false,false,-0.590393727272749,0.590393727272749,false,false,true,6.938893903907228e-18,0.5903937272727489,0.453,fmnist__cnn1__linf__0.1__model_seed42_itr19_sgd_itr1_w177.bin
fmnist,cnn1,model_seed42_itr19_sgd_itr1,linf,0.1,1,259,-1.054734118282795,4.8492031544446945,-1.054734118282795,4.8492031544446945,true,true,-4.8492031544446945,-0.590393727272749,0.5903937272727491,0.5903937272727491,WRONG,WRONG,false,false,-0.5903937272727489,0.5903937272727491,false,false,true,6.938893903907228e-18,0.590393727272749,0.692,fmnist__cnn1__linf__0.1__model_seed42_itr19_sgd_itr1_w178.bin
fmnist,cnn1,model_seed42_itr19_sgd_itr1,linf,0.1,1,260,-1.054734118282795,4.8492031544446945,-1.054734118282795,4.8492031544446945,true,true,-4.8492031544446945,-0.5903937272727489,4.8492031544446945,0.5903937272727493,WRONG,WRONG,false,false,-0.5903937272727489,0.5903937272727493,false,false,true,1.4702855968508917,2.0606793241236407,0.448,fmnist__cnn1__linf__0.1__model_seed42_itr19_sgd_itr1_w179.bin
fmnist,cnn1,model_seed42_itr19_sgd_itr1,linf,0.1,1,261,-1.054734118282795,4.8492031544446945,-1.054734118282795,4.8492031544446945,true,true,-4.8492031544446945,-0.5903937272727489,4.8492031544446945,0.5903937272727489,WRONG,WRONG,false,false,-0.5903937272727489,0.5903937272727489,false,false,true,6.938893903907228e-18,0.5903937272727489,0.458,fmnist__cnn1__linf__0.1__model_seed42_itr19_sgd_itr1_w180.bin
fmnist,cnn1,model_seed42_itr19_sgd_itr1,linf,0.1,1,262,-1.054734118282795,4.8492031544446945,-1.054734118282795,4.8492031544446945,true,true,-4.8492031544446945,-0.590393727272749,4.8492031544446945,0.590393727272749,WRONG,WRONG,false,false,-0.590393727272749,0.590393727272749,false,false,true,0.7438942871987819,1.3342880144715308,0.478,fmnist__cnn1__linf__0.1__model_seed42_itr19_sgd_itr1_w181.bin
fmnist,cnn1,model_seed42_itr19_sgd_itr1,linf,0.1,1,263,-1.054734118282795,4.8492031544446945,-1.054734118282795,4.8492031544446945,true,true,-4.8492031544446945,-0.590393727272749,0.590393727272749,0.590393727272749,WRONG,WRONG,false,false,-0.5903937272727489,0.590393727272749,false,false,true,6.938893903907228e-18,0.5903937272727489,1.089,fmnist__cnn1__linf__0.1__model_seed42_itr19_sgd_itr1_w182.bin
fmnist,cnn1,model_seed42_itr19_sgd_itr1,linf,0.1,1,264,-1.054734118282795,4.8492031544446945,-1.054734118282795,4.8492031544446945,true,true,-4.8492031544446945,-0.590393727272749,4.8492031544446945,0.5903937272727489,WRONG,WRONG,false,false,-0.590393727272749,0.5903937272727489,false,false,true,0.7757446762958757,1.3661384035686246,0.435,fmnist__cnn1__linf__0.1__model_seed42_itr19_sgd_itr1_w183.bin
fmnist,cnn1,model_seed42_itr19_sgd_itr1,linf,0.1,1,265,-1.054734118282795,4.8492031544446945,-1.054734118282795,4.8492031544446945,true,true,-4.8492031544446945,-0.5903937272727489,0.5903937272727489,0.5903937272727489,WRONG,WRONG,false,false,-0.590393727272749,0.5903937272727489,false,false,true,6.938893903907228e-18,0.5903937272727489,0.701,fmnist__cnn1__linf__0.1__model_seed42_itr19_sgd_itr1_w184.bin
fmnist,cnn1,model_seed42_itr19_sgd_itr1,linf,0.1,1,266,-1.054734118282795,4.8492031544446945,-1.054734118282795,4.8492031544446945,true,true,-4.8492031544446945,-0.5903937272727491,4.8492031544446945,0.5903937272727489,WRONG,WRONG,false,false,-0.5903937272727491,0.5903937272727489,false,false,true,1.284134763877449,1.8745284911501978,0.442,fmnist__cnn1__linf__0.1__model_seed42_itr19_sgd_itr1_w185.bin
fmnist,cnn1,model_seed42_itr19_sgd_itr1,linf,0.1,1,267,-1.054734118282795,4.8492031544446945,-1.054734118282795,4.8492031544446945,true,true,-4.8492031544446945,-0.5903937272727489,4.8492031544446945,0.5903937272727491,WRONG,WRONG,false,false,-0.5903937272727489,0.5903937272727491,false,false,true,1.879465346398543,2.4698590736712918,0.459,fmnist__cnn1__linf__0.1__model_seed42_itr19_sgd_itr1_w186.bin
fmnist,cnn1,model_seed42_itr19_sgd_itr1,linf,0.1,1,268,-1.054734118282795,4.8492031544446945,-1.054734118282795,4.8492031544446945,true,true,-4.8492031544446945,-0.555334778906414,0.5903937272727487,0.5903937272727487,WRONG,WRONG,false,false,-0.5903937272727492,0.5903937272727487,false,false,true,1.3877787807814457e-17,0.5553347789064139,0.733,fmnist__cnn1__linf__0.1__model_seed42_itr19_sgd_itr1_w187.bin
fmnist,cnn1,model_seed42_itr19_sgd_itr1,linf,0.1,1,269,-1.054734118282795,4.8492031544446945,-1.054734118282795,4.8492031544446945,true,true,-4.8492031544446945,-0.5903937272727489,4.8492031544446945,0.5903937272727489,WRONG,WRONG,false,false,-0.5903937272727489,0.5903937272727489,false,false,true,1.3569599413421316,1.9473536686148805,0.431,fmnist__cnn1__linf__0.1__model_seed42_itr19_sgd_itr1_w188.bin
fmnist,cnn1,model_seed42_itr19_sgd_itr1,linf,0.1,1,270,-1.054734118282795,4.8492031544446945,-1.054734118282795,4.8492031544446945,true,true,-0.5903937272727491,-0.5903937272727491,0.5903937272727486,0.5903937272727486,WRONG,WRONG,false,false,-0.5903937272727491,0.5903937272727486,false,false,true,1.3877787807814457e-17,0.5903937272727489,1.508,fmnist__cnn1__linf__0.1__model_seed42_itr19_sgd_itr1_w189.bin
fmnist,cnn1,model_seed42_itr19_sgd_itr1,linf,0.1,1,271,-1.054734118282795,4.8492031544446945,-1.054734118282795,4.8492031544446945,true,true,-4.8492031544446945,-0.5903937272727489,0.590393727272749,0.590393727272749,WRONG,WRONG,false,false,-0.5903937272727487,0.590393727272749,false,false,true,6.938893903907228e-18,0.5903937272727489,0.712,fmnist__cnn1__linf__0.1__model_seed42_itr19_sgd_itr1_w190.bin
fmnist,cnn1,model_seed42_itr19_sgd_itr1,linf,0.1,1,272,-1.054734118282795,4.8492031544446945,-1.054734118282795,4.8492031544446945,true,true,-4.8492031544446945,-0.5903937272727486,4.8492031544446945,0.590393727272749,WRONG,WRONG,false,false,-0.5903937272727486,0.590393727272749,false,false,true,1.0477036577061536,1.6380973849789022,0.454,fmnist__cnn1__linf__0.1__model_seed42_itr19_sgd_itr1_w191.bin
fmnist,cnn1,model_seed42_itr19_sgd_itr1,linf,0.1,1,273,-1.054734118282795,4.8492031544446945,-1.054734118282795,4.8492031544446945,true,true,-4.8492031544446945,-0.5903937272727489,4.8492031544446945,0.590393727272749,WRONG,WRONG,false,false,-0.5903937272727489,0.590393727272749,false,false,true,6.938893903907228e-18,0.5903937272727489,0.458,fmnist__cnn1__linf__0.1__model_seed42_itr19_sgd_itr1_w192.bin
fmnist,cnn1,model_seed42_itr19_sgd_itr1,linf,0.1,1,274,-1.054734118282795,4.8492031544446945,-1.054734118282795,4.8492031544446945,true,true,-4.8492031544446945,-0.5903937272727493,4.8492031544446945,0.5903937272727489,WRONG,WRONG,false,false,-0.5903937272727493,0.5903937272727489,false,false,true,1.1028542746102208,1.6932480018829696,0.476,fmnist__cnn1__linf__0.1__model_seed42_itr19_sgd_itr1_w193.bin
fmnist,cnn1,model_seed42_itr19_sgd_itr1,linf,0.1,1,275,-1.054734118282795,4.8492031544446945,-1.054734118282795,4.8492031544446945,true,true,-4.8492031544446945,-0.5903937272727489,4.8492031544446945,0.5903937272727491,WRONG,WRONG,false,false,-0.5903937272727489,0.5903937272727491,false,false,true,0.2068843625781884,0.7972780898509373,0.436,fmnist__cnn1__linf__0.1__model_seed42_itr19_sgd_itr1_w194.bin
fmnist,cnn1,model_seed42_itr19_sgd_itr1,linf,0.1,1,276,-1.054734118282795,4.8492031544446945,-1.054734118282795,4.8492031544446945,true,true,-4.8492031544446945,-0.5903937272727489,4.8492031544446945,0.5903937272727491,WRONG,WRONG,false,false,-0.5903937272727489,0.5903937272727491,false,false,true,0.2068843625781884,0.7972780898509373,0.457,fmnist__cnn1__linf__0.1__model_seed42_itr19_sgd_itr1_w195.bin
fmnist,cnn1,model_seed42_itr19_sgd_itr1,linf,0.1,1,277,-1.054734118282795,4.8492031544446945,-1.054734118282795,4.8492031544446945,true,true,-4.8492031544446945,-0.5903937272727491,4.8492031544446945,0.5903937272727491,WRONG,WRONG,false,false,-0.5903937272727491,0.5903937272727491,false,false,true,1.142195659919346,1.7325893871920948,0.471,fmnist__cnn1__linf__0.1__model_seed42_itr19_sgd_itr1_w196.bin
fmnist,cnn1,model_seed42_itr19_sgd_itr1,linf,0.1,1,278,-1.054734118282795,4.8492031544446945,-1.054734118282795,4.8492031544446945,true,true,-4.8492031544446945,-0.5903937272727489,0.5903937272727491,0.5903937272727491,WRONG,WRONG,false,false,-0.590393727272749,0.5903937272727491,false,false,true,0.0,0.5903937272727489,0.734,fmnist__cnn1__linf__0.1__model_seed42_itr19_sgd_itr1_w197.bin
fmnist,cnn1,model_seed42_itr19_sgd_itr1,linf,0.1,1,279,-1.054734118282795,4.8492031544446945,-1.054734118282795,4.8492031544446945,true,true,-4.8492031544446945,-0.5903937272727487,4.8492031544446945,0.5903937272727486,WRONG,WRONG,false,false,-0.5903937272727487,0.5903937272727486,false,false,true,0.8950657864454975,1.4854595137182462,0.473,fmnist__cnn1__linf__0.1__model_seed42_itr19_sgd_itr1_w198.bin
fmnist,cnn1,model_seed42_itr19_sgd_itr1,linf,0.1,1,280,-1.054734118282795,4.8492031544446945,-1.054734118282795,4.8492031544446945,true,true,-0.590393727272749,-0.590393727272749,0.590393727272749,0.590393727272749,WRONG,WRONG,false,false,-0.590393727272749,0.590393727272749,false,false,true,4.85722573273506e-17,0.5903937272727489,1.158,fmnist__cnn1__linf__0.1__model_seed42_itr19_sgd_itr1_w199.bin
fmnist,cnn1,model_seed42_itr19_sgd_itr1,linf,0.1,1,281,-1.054734118282795,4.8492031544446945,-1.054734118282795,4.8492031544446945,true,true,-4.8492031544446945,-0.5903937272727493,4.8492031544446945,0.5903937272727491,WRONG,WRONG,false,false,-0.5903937272727493,0.5903937272727491,false,false,true,1.2173084945663355,1.8077022218390844,0.431,fmnist__cnn1__linf__0.1__model_seed42_itr19_sgd_itr1_w200.bin
fmnist,cnn1,model_seed42_itr19_sgd_itr1,linf,0.1,1,282,-1.054734118282795,4.8492031544446945,-1.054734118282795,4.8492031544446945,true,true,-4.8492031544446945,-0.590393727272749,4.8492031544446945,0.590393727272749,WRONG,WRONG,false,false,-0.590393727272749,0.590393727272749,false,false,true,6.938893903907228e-18,0.5903937272727489,0.447,fmnist__cnn1__linf__0.1__model_seed42_itr19_sgd_itr1_w201.bin
fmnist,cnn1,model_seed42_itr19_sgd_itr1,linf,0.1,1,283,-1.054734118282795,4.8492031544446945,-1.054734118282795,4.8492031544446945,true,true,-0.590393727272749,-0.590393727272749,0.5903937272727491,0.5903937272727491,WRONG,WRONG,false,false,-0.590393727272749,0.5903937272727491,false,false,true,4.85722573273506e-17,0.590393727272749,1.126,fmnist__cnn1__linf__0.1__model_seed42_itr19_sgd_itr1_w202.bin
fmnist,cnn1,model_seed42_itr19_sgd_itr1,linf,0.1,1,284,-1.054734118282795,4.8492031544446945,-1.054734118282795,4.8492031544446945,true,true,-4.8492031544446945,-0.5903937272727489,4.8492031544446945,0.5903937272727489,WRONG,WRONG,false,false,-0.5903937272727489,0.5903937272727489,false,false,true,1.269087084851233,1.8594808121239816,0.444,fmnist__cnn1__linf__0.1__model_seed42_itr19_sgd_itr1_w203.bin
fmnist,cnn1,model_seed42_itr19_sgd_itr1,linf,0.1,1,285,-1.054734118282795,4.8492031544446945,-1.054734118282795,4.8492031544446945,true,true,-4.8492031544446945,-0.5903937272727489,4.8492031544446945,0.5903937272727489,WRONG,WRONG,false,false,-0.5903937272727489,0.5903937272727489,false,false,true,0.2068843625781884,0.7972780898509373,0.438,fmnist__cnn1__linf__0.1__model_seed42_itr19_sgd_itr1_w204.bin
fmnist,cnn1,model_seed42_itr19_sgd_itr1,linf,0.1,1,286,-1.054734118282795,4.8492031544446945,-1.054734118282795,4.8492031544446945,true,true,-0.590393727272749,-0.590393727272749,0.5903937272727487,0.5903937272727487,WRONG,WRONG,false,false,-0.590393727272749,0.5903937272727487,false,false,true,0.0,0.5903937272727489,1.189,fmnist__cnn1__linf__0.1__model_seed42_itr19_sgd_itr1_w205.bin
fmnist,cnn1,model_seed42_itr19_sgd_itr1,linf,0.1,1,287,-1.054734118282795,4.8492031544446945,-1.054734118282795,4.8492031544446945,true,true,-4.8492031544446945,-0.555334778906414,4.8492031544446945,0.5903937272727492,WRONG,WRONG,false,false,-0.590393727272749,0.5903937272727489,false,false,true,0.14083428736700218,0.6961690662734162,0.466,fmnist__cnn1__linf__0.1__model_seed42_itr19_sgd_itr1_w206.bin
fmnist,cnn1,model_seed42_itr19_sgd_itr1,linf,0.1,1,288,-1.054734118282795,4.8492031544446945,-1.054734118282795,4.8492031544446945,true,true,-4.8492031544446945,-0.590393727272749,4.8492031544446945,0.590393727272749,WRONG,WRONG,false,false,-0.590393727272749,0.590393727272749,false,false,true,0.7438942871987819,1.3342880144715308,0.435,fmnist__cnn1__linf__0.1__model_seed42_itr19_sgd_itr1_w207.bin
fmnist,cnn1,model_seed42_itr19_sgd_itr1,linf,0.1,1,289,-1.054734118282795,4.8492031544446945,-1.054734118282795,4.8492031544446945,true,true,-0.5903937272727491,-0.5903937272727491,0.5903937272727489,0.5903937272727489,WRONG,WRONG,false,false,-0.5903937272727491,0.5903937272727489,false,false,true,1.0408340855860843e-17,0.5903937272727489,1.05,fmnist__cnn1__linf__0.1__model_seed42_itr19_sgd_itr1_w208.bin
fmnist,cnn1,model_seed42_itr19_sgd_itr1,linf,0.1,1,290,-1.054734118282795,4.8492031544446945,-1.054734118282795,4.8492031544446945,true,true,-4.8492031544446945,-0.5903937272727489,4.8492031544446945,0.5903937272727489,WRONG,WRONG,false,false,-0.5903937272727489,0.5903937272727489,false,false,true,1.5512455947884525,2.1416393220612018,0.442,fmnist__cnn1__linf__0.1__model_seed42_itr19_sgd_itr1_w209.bin
fmnist,cnn1,model_seed42_itr19_sgd_itr1,linf,0.1,1,291,-1.054734118282795,4.8492031544446945,-1.054734118282795,4.8492031544446945,true,true,-4.8492031544446945,-0.590393727272749,4.8492031544446945,0.590393727272749,WRONG,WRONG,false,false,-0.590393727272749,0.590393727272749,false,false,true,6.938893903907228e-18,0.5903937272727489,0.439,fmnist__cnn1__linf__0.1__model_seed42_itr19_sgd_itr1_w210.bin
fmnist,cnn1,model_seed42_itr19_sgd_itr1,linf,0.1,1,292,-1.054734118282795,4.8492031544446945,-1.054734118282795,4.8492031544446945,true,true,-4.8492031544446945,-0.590393727272749,4.8492031544446945,0.590393727272749,WRONG,WRONG,false,false,-0.590393727272749,0.590393727272749,false,false,true,0.0,0.5903937272727489,0.432,fmnist__cnn1__linf__0.1__model_seed42_itr19_sgd_itr1_w211.bin
fmnist,cnn1,model_seed42_itr19_sgd_itr1,linf,0.1,1,293,-1.054734118282795,4.8492031544446945,-1.054734118282795,4.8492031544446945,true,true,-4.8492031544446945,-0.590393727272749,4.8492031544446945,0.5903937272727487,WRONG,WRONG,false,false,-0.590393727272749,0.5903937272727487,false,false,true,0.8585757983005396,1.4489695255732884,0.443,fmnist__cnn1__linf__0.1__model_seed42_itr19_sgd_itr1_w212.bin
fmnist,cnn1,model_seed42_itr19_sgd_itr1,linf,0.1,1,294,-1.054734118282795,4.8492031544446945,-1.054734118282795,4.8492031544446945,true,true,-4.8492031544446945,-0.590393727272749,4.8492031544446945,0.5903937272727489,WRONG,WRONG,false,false,-0.590393727272749,0.5903937272727489,false,false,true,6.938893903907228e-18,0.5903937272727489,0.429,fmnist__cnn1__linf__0.1__model_seed42_itr19_sgd_itr1_w213.bin
fmnist,cnn1,model_seed42_itr19_sgd_itr1,linf,0.1,1,295,-1.054734118282795,4.8492031544446945,-1.054734118282795,4.8492031544446945,true,true,-0.590393727272749,-0.590393727272749,0.590393727272749,0.590393727272749,WRONG,WRONG,false,false,-0.590393727272749,0.590393727272749,false,false,true,5.551115123125783e-17,0.5903937272727489,1.253,fmnist__cnn1__linf__0.1__model_seed42_itr19_sgd_itr1_w214.bin
fmnist,cnn1,model_seed42_itr19_sgd_itr1,linf,0.1,1,296,-1.054734118282795,4.8492031544446945,-1.054734118282795,4.8492031544446945,true,true,-4.8492031544446945,-0.5903937272727491,4.8492031544446945,0.5903937272727489,WRONG,WRONG,false,false,-0.5903937272727491,0.5903937272727489,false,false,true,1.0142634157167532,1.604657142989502,0.45,fmnist__cnn1__linf__0.1__model_seed42_itr19_sgd_itr1_w215.bin
fmnist,cnn1,model_seed42_itr19_sgd_itr1,linf,0.1,1,297,-1.054734118282795,4.8492031544446945,-1.054734118282795,4.8492031544446945,true,true,-4.8492031544446945,-0.5903937272727489,0.5903937272727491,0.5903937272727491,WRONG,WRONG,false,false,-0.5903937272727486,0.5903937272727491,false,false,true,0.0,0.590393727272749,0.719,fmnist__cnn1__linf__0.1__model_seed42_itr19_sgd_itr1_w216.bin
fmnist,cnn1,model_seed42_itr19_sgd_itr1,linf,0.1,1,298,-1.054734118282795,4.8492031544446945,-1.054734118282795,4.8492031544446945,true,true,-4.8492031544446945,-0.5903937272727491,4.8492031544446945,0.590393727272749,WRONG,WRONG,false,false,-0.5903937272727491,0.590393727272749,false,false,true,1.7710248486247682,2.3614185758975172,0.452,fmnist__cnn1__linf__0.1__model_seed42_itr19_sgd_itr1_w217.bin
fmnist,cnn1,model_seed42_itr19_sgd_itr1,linf,0.1,1,299,-1.054734118282795,4.8492031544446945,-1.054734118282795,4.8492031544446945,true,true,-4.8492031544446945,-0.5903937272727486,4.8492031544446945,0.5903937272727491,WRONG,WRONG,false,false,-0.5903937272727486,0.5903937272727491,false,false,true,0.8784997889559208,1.4688935162286696,0.435,fmnist__cnn1__linf__0.1__model_seed42_itr19_sgd_itr1_w218.bin
fmnist,cnn1,model_seed42_itr19_sgd_itr1,linf,0.1,1,300,-1.054734118282795,4.8492031544446945,-1.054734118282795,4.8492031544446945,true,true,-4.8492031544446945,-0.5903937272727491,4.8492031544446945,0.5903937272727491,WRONG,WRONG,false,false,-0.5903937272727491,0.5903937272727491,false,false,true,1.142195659919346,1.7325893871920948,0.453,fmnist__cnn1__linf__0.1__model_seed42_itr19_sgd_itr1_w219.bin
fmnist,cnn1,model_seed42_itr19_sgd_itr1,linf,0.1,1,301,-1.054734118282795,4.8492031544446945,-1.054734118282795,4.8492031544446945,true,true,-4.8492031544446945,-0.5903937272727489,4.8492031544446945,0.590393727272749,WRONG,WRONG,false,false,-0.5903937272727489,0.590393727272749,false,false,true,1.1005377383188697,1.6909314655916186,0.447,fmnist__cnn1__linf__0.1__model_seed42_itr19_sgd_itr1_w220.bin
fmnist,cnn1,model_seed42_itr19_sgd_itr1,linf,0.1,1,302,-1.054734118282795,4.8492031544446945,-1.054734118282795,4.8492031544446945,true,true,-4.8492031544446945,-0.5903937272727491,4.8492031544446945,0.5903937272727489,WRONG,WRONG,false,false,-0.5903937272727491,0.5903937272727489,false,false,true,1.142195659919346,1.7325893871920948,0.466,fmnist__cnn1__linf__0.1__model_seed42_itr19_sgd_itr1_w221.bin
fmnist,cnn1,model_seed42_itr19_sgd_itr1,linf,0.1,1,303,-1.054734118282795,4.8492031544446945,-1.054734118282795,4.8492031544446945,true,true,-4.8492031544446945,-0.590393727272749,4.8492031544446945,0.5903937272727491,WRONG,WRONG,false,false,-0.590393727272749,0.5903937272727491,false,false,true,6.938893903907228e-18,0.5903937272727489,0.468,fmnist__cnn1__linf__0.1__model_seed42_itr19_sgd_itr1_w222.bin
fmnist,cnn1,model_seed42_itr19_sgd_itr1,linf,0.1,1,304,-1.054734118282795,4.8492031544446945,-1.054734118282795,4.8492031544446945,true,true,-4.8492031544446945,-0.5138536498303202,0.5903937272727489,0.5903937272727489,WRONG,WRONG,false,false,-0.5903937272727489,0.5903937272727489,false,false,true,2.7755575615628914e-17,0.5138536498303201,1.05,fmnist__cnn1__linf__0.1__model_seed42_itr19_sgd_itr1_w223.bin
fmnist,cnn1,model_seed42_itr19_sgd_itr1,linf,0.1,1,305,-1.054734118282795,4.8492031544446945,-1.054734118282795,4.8492031544446945,true,true,-4.8492031544446945,-0.5903937272727489,4.8492031544446945,0.5903937272727489,WRONG,WRONG,false,false,-0.5903937272727489,0.5903937272727489,false,false,true,1.590949018222859,2.181342745495608,0.435,fmnist__cnn1__linf__0.1__model_seed42_itr19_sgd_itr1_w224.bin
fmnist,cnn1,model_seed42_itr19_sgd_itr1,linf,0.1,1,306,-1.054734118282795,4.8492031544446945,-1.054734118282795,4.8492031544446945,true,true,-4.8492031544446945,-0.590393727272749,4.8492031544446945,0.590393727272749,WRONG,WRONG,false,false,-0.590393727272749,0.590393727272749,false,false,true,0.7438942871987819,1.3342880144715308,0.431,fmnist__cnn1__linf__0.1__model_seed42_itr19_sgd_itr1_w225.bin
fmnist,cnn1,model_seed42_itr19_sgd_itr1,linf,0.1,1,307,-1.054734118282795,4.8492031544446945,-1.054734118282795,4.8492031544446945,true,true,-4.8492031544446945,-0.590393727272749,4.8492031544446945,0.590393727272749,WRONG,WRONG,false,false,-0.590393727272749,0.590393727272749,false,false,true,0.0,0.590393727272749,0.431,fmnist__cnn1__linf__0.1__model_seed42_itr19_sgd_itr1_w226.bin
fmnist,cnn1,model_seed42_itr19_sgd_itr1,linf,0.1,1,308,-1.054734118282795,4.8492031544446945,-1.054734118282795,4.8492031544446945,true,true,-4.8492031544446945,-0.590393727272749,4.8492031544446945,0.590393727272749,WRONG,WRONG,false,false,-0.590393727272749,0.590393727272749,false,false,true,0.7438942871987819,1.3342880144715308,0.466,fmnist__cnn1__linf__0.1__model_seed42_itr19_sgd_itr1_w227.bin
fmnist,cnn1,model_seed42_itr19_sgd_itr1,linf,0.1,1,309,-1.054734118282795,4.8492031544446945,-1.054734118282795,4.8492031544446945,true,true,-4.8492031544446945,-0.590393727272749,4.8492031544446945,0.590393727272749,WRONG,WRONG,false,false,-0.590393727272749,0.590393727272749,false,false,true,6.938893903907228e-18,0.5903937272727489,0.45,fmnist__cnn1__linf__0.1__model_seed42_itr19_sgd_itr1_w228.bin
fmnist,cnn1,model_seed42_itr19_sgd_itr1,linf,0.1,1,310,-1.054734118282795,4.8492031544446945,-1.054734118282795,4.8492031544446945,true,true,-0.5903937272727491,-0.5903937272727491,0.5903937272727487,0.5903937272727487,WRONG,WRONG,false,false,-0.5903937272727491,0.5903937272727487,false,false,true,2.0816681711721685e-17,0.590393727272749,1.206,fmnist__cnn1__linf__0.1__model_seed42_itr19_sgd_itr1_w229.bin
fmnist,cnn1,model_seed42_itr19_sgd_itr1,linf,0.1,1,311,-1.054734118282795,4.8492031544446945,-1.054734118282795,4.8492031544446945,true,true,-4.8492031544446945,-0.5903937272727491,4.8492031544446945,0.5903937272727491,WRONG,WRONG,false,false,-0.5903937272727491,0.5903937272727491,false,false,true,0.8436333850304828,1.4340271123032318,0.458,fmnist__cnn1__linf__0.1__model_seed42_itr19_sgd_itr1_w230.bin
fmnist,cnn1,model_seed42_itr19_sgd_itr1,linf,0.1,1,312,-1.054734118282795,4.8492031544446945,-1.054734118282795,4.8492031544446945,true,true,-4.8492031544446945,-0.590393727272749,4.8492031544446945,0.5903937272727489,WRONG,WRONG,false,false,-0.590393727272749,0.5903937272727489,false,false,true,6.938893903907228e-18,0.5903937272727489,0.473,fmnist__cnn1__linf__0.1__model_seed42_itr19_sgd_itr1_w231.bin
fmnist,cnn1,model_seed42_itr19_sgd_itr1,linf,0.1,1,313,-1.054734118282795,4.8492031544446945,-1.054734118282795,4.8492031544446945,true,true,-4.8492031544446945,-0.590393727272749,4.8492031544446945,0.5903937272727491,WRONG,WRONG,false,false,-0.590393727272749,0.5903937272727491,false,false,true,0.0,0.5903937272727489,0.446,fmnist__cnn1__linf__0.1__model_seed42_itr19_sgd_itr1_w232.bin
fmnist,cnn1,model_seed42_itr19_sgd_itr1,linf,0.1,1,314,-1.054734118282795,4.8492031544446945,-1.054734118282795,4.8492031544446945,true,true,-4.8492031544446945,-0.590393727272749,4.8492031544446945,0.5903937272727486,WRONG,WRONG,false,false,-0.590393727272749,0.5903937272727486,false,false,true,0.9021784647183642,1.492572191991113,0.441,fmnist__cnn1__linf__0.1__model_seed42_itr19_sgd_itr1_w233.bin
fmnist,cnn1,model_seed42_itr19_sgd_itr1,linf,0.1,1,315,-1.054734118282795,4.8492031544446945,-1.054734118282795,4.8492031544446945,true,true,-4.8492031544446945,-0.590393727272749,4.8492031544446945,0.590393727272749,WRONG,WRONG,false,false,-0.590393727272749,0.590393727272749,false,false,true,6.938893903907228e-18,0.5903937272727489,0.537,fmnist__cnn1__linf__0.1__model_seed42_itr19_sgd_itr1_w234.bin
fmnist,cnn1,model_seed42_itr19_sgd_itr1,linf,0.1,1,316,-1.054734118282795,4.8492031544446945,-1.054734118282795,4.8492031544446945,true,true,-4.8492031544446945,-0.5903937272727489,0.5903937272727491,0.5903937272727491,WRONG,WRONG,false,false,-0.5903937272727489,0.5903937272727491,false,false,true,0.0,0.5903937272727489,0.765,fmnist__cnn1__linf__0.1__model_seed42_itr19_sgd_itr1_w235.bin
fmnist,cnn1,model_seed42_itr19_sgd_itr1,linf,0.1,1,317,-1.054734118282795,4.8492031544446945,-1.054734118282795,4.8492031544446945,true,true,-4.8492031544446945,-0.5903937272727489,4.8492031544446945,0.5903937272727489,WRONG,WRONG,false,false,-0.5903937272727489,0.5903937272727489,false,false,true,0.7886466248379572,1.3790403521107062,0.447,fmnist__cnn1__linf__0.1__model_seed42_itr19_sgd_itr1_w236.bin
fmnist,cnn1,model_seed42_itr19_sgd_itr1,linf,0.1,1,318,-1.054734118282795,4.8492031544446945,-1.054734118282795,4.8492031544446945,true,true,-4.8492031544446945,-0.5903937272727489,4.8492031544446945,0.5903937272727489,WRONG,WRONG,false,false,-0.5903937272727489,0.5903937272727489,false,false,true,0.2068843625781884,0.7972780898509373,0.45,fmnist__cnn1__linf__0.1__model_seed42_itr19_sgd_itr1_w237.bin
fmnist,cnn1,model_seed42_itr19_sgd_itr1,linf,0.1,1,319,-1.054734118282795,4.8492031544446945,-1.054734118282795,4.8492031544446945,true,true,-4.8492031544446945,-0.590393727272749,0.5903937272727486,0.5903937272727486,WRONG,WRONG,false,false,-0.5903937272727489,0.5903937272727486,false,false,true,6.938893903907228e-18,0.5903937272727489,0.754,fmnist__cnn1__linf__0.1__model_seed42_itr19_sgd_itr1_w238.bin
fmnist,cnn1,model_seed42_itr19_sgd_itr1,linf,0.1,1,320,-1.054734118282795,4.8492031544446945,-1.054734118282795,4.8492031544446945,true,true,-4.8492031544446945,-0.5903937272727491,4.8492031544446945,0.5903937272727489,WRONG,WRONG,false,false,-0.5903937272727491,0.5903937272727489,false,false,true,0.6469468448999177,1.2373405721726665,0.476,fmnist__cnn1__linf__0.1__model_seed42_itr19_sgd_itr1_w239.bin
fmnist,cnn1,model_seed42_itr19_sgd_itr1,linf,0.1,1,321,-1.054734118282795,4.8492031544446945,-1.054734118282795,4.8492031544446945,true,true,-4.8492031544446945,-0.5903937272727489,4.8492031544446945,0.590393727272749,WRONG,WRONG,false,false,-0.5903937272727489,0.590393727272749,false,false,true,0.04033949031875878,0.6307332175915077,0.489,fmnist__cnn1__linf__0.1__model_seed42_itr19_sgd_itr1_w240.bin
fmnist,cnn1,model_seed42_itr19_sgd_itr1,linf,0.1,1,322,-1.054734118282795,4.8492031544446945,-1.054734118282795,4.8492031544446945,true,true,-0.5903937272727491,-0.5903937272727491,0.590393727272749,0.590393727272749,WRONG,WRONG,false,false,-0.5903937272727491,0.590393727272749,false,false,true,2.0816681711721685e-17,0.5903937272727489,1.078,fmnist__cnn1__linf__0.1__model_seed42_itr19_sgd_itr1_w241.bin
fmnist,cnn1,model_seed42_itr19_sgd_itr1,linf,0.1,1,323,-1.054734118282795,4.8492031544446945,-1.054734118282795,4.8492031544446945,true,true,-4.8492031544446945,-0.5903937272727489,4.8492031544446945,0.5903937272727486,WRONG,WRONG,false,false,-0.5903937272727489,0.5903937272727486,false,false,true,1.115396997177727,1.7057907244504755,0.459,fmnist__cnn1__linf__0.1__model_seed42_itr19_sgd_itr1_w242.bin
fmnist,cnn1,model_seed42_itr19_sgd_itr1,linf,0.1,1,324,-1.054734118282795,4.8492031544446945,-1.054734118282795,4.8492031544446945,true,true,-0.5903937272727489,-0.5903937272727489,0.5903937272727489,0.5903937272727489,WRONG,WRONG,false,false,-0.5903937272727489,0.5903937272727489,false,false,true,0.0,0.5903937272727489,1.129,fmnist__cnn1__linf__0.1__model_seed42_itr19_sgd_itr1_w243.bin
fmnist,cnn1,model_seed42_itr19_sgd_itr1,linf,0.1,1,325,-0.08251320850104094,4.868803080637008,-0.08251320850104094,4.868803080637008,true,true,-4.868803080637008,-0.489190264724314,4.868803080637008,0.47149308329428374,WRONG,WRONG,false,false,-0.4951316289138039,0.4951316289138049,false,false,true,0.163571880171221,0.6527621448955352,0.457,fmnist__cnn1__linf__0.1__model_seed42_itr19_sgd_itr1_w244.bin
fmnist,cnn1,model_seed42_itr19_sgd_itr1,linf,0.1,1,326,-0.08251320850104094,4.868803080637008,-0.08251320850104094,4.868803080637008,true,true,-4.868803080637008,-0.49513162891380524,4.868803080637008,0.49513162891380524,WRONG,WRONG,false,false,-0.49513162891380524,0.49513162891380524,false,false,true,1.8310770299438544,2.3262086588576585,0.457,fmnist__cnn1__linf__0.1__model_seed42_itr19_sgd_itr1_w245.bin
fmnist,cnn1,model_seed42_itr19_sgd_itr1,linf,0.1,1,327,-0.08251320850104094,4.868803080637008,-0.08251320850104094,4.868803080637008,true,true,-4.868803080637008,-0.495131628913805,4.868803080637008,0.49513162891380497,WRONG,WRONG,false,false,-0.495131628913805,0.49513162891380497,false,false,true,0.15130392163991926,0.6464355505537244,0.461,fmnist__cnn1__linf__0.1__model_seed42_itr19_sgd_itr1_w246.bin
fmnist,cnn1,model_seed42_itr19_sgd_itr1,linf,0.1,1,328,-0.08251320850104094,4.868803080637008,-0.08251320850104094,4.868803080637008,true,true,-4.868803080637008,-0.49513162891380497,4.868803080637008,0.49513162891380497,WRONG,WRONG,false,false,-0.49513162891380497,0.49513162891380497,false,false,true,0.16287508951500057,0.6580067184288056,0.481,fmnist__cnn1__linf__0.1__model_seed42_itr19_sgd_itr1_w247.bin
fmnist,cnn1,model_seed42_itr19_sgd_itr1,linf,0.1,1,329,-0.08251320850104094,4.868803080637008,-0.08251320850104094,4.868803080637008,true,true,-4.868803080637008,-0.49513162891380524,4.868803080637008,0.495131628913805,WRONG,WRONG,false,false,-0.49513162891380524,0.495131628913805,false,false,true,0.7134181235916913,1.208549752505496,0.465,fmnist__cnn1__linf__0.1__model_seed42_itr19_sgd_itr1_w248.bin
fmnist,cnn1,model_seed42_itr19_sgd_itr1,linf,0.1,1,330,-0.08251320850104094,4.868803080637008,-0.08251320850104094,4.868803080637008,true,true,-4.868803080637008,-0.495131628913805,4.868803080637008,0.49513162891380497,WRONG,WRONG,false,false,-0.495131628913805,0.49513162891380497,false,false,true,0.162747376217294,0.6578790051310991,0.464,fmnist__cnn1__linf__0.1__model_seed42_itr19_sgd_itr1_w249.bin
fmnist,cnn1,model_seed42_itr19_sgd_itr1,linf,0.1,1,331,-0.08251320850104094,4.868803080637008,-0.08251320850104094,4.868803080637008,true,true,-4.868803080637008,-0.49513162891380497,4.868803080637008,0.4951316289138049,WRONG,WRONG,false,false,-0.49513162891380497,0.4951316289138049,false,false,true,0.09175595831429936,0.5868875872281044,0.467,fmnist__cnn1__linf__0.1__model_seed42_itr19_sgd_itr1_w250.bin
fmnist,cnn1,model_seed42_itr19_sgd_itr1,linf,0.1,1,332,-0.08251320850104094,4.868803080637008,-0.08251320850104094,4.868803080637008,true,true,-4.868803080637008,-0.4951316289138039,4.868803080637008,0.495131628913805,WRONG,WRONG,false,false,-0.4951316289138039,0.495131628913805,false,false,true,2.5455951756707234,3.040726804584528,0.451,fmnist__cnn1__linf__0.1__model_seed42_itr19_sgd_itr1_w251.bin
fmnist,cnn1,model_seed42_itr19_sgd_itr1,linf,0.1,1,333,-0.08251320850104094,4.868803080637008,-0.08251320850104094,4.868803080637008,true,true,-4.868803080637008,-0.49513162891380497,4.868803080637008,0.49513162891380497,WRONG,WRONG,false,false,-0.49513162891380497,0.49513162891380497,false,false,true,0.1545923798185423,0.6497240087323474,0.441,fmnist__cnn1__linf__0.1__model_seed42_itr19_sgd_itr1_w252.bin
fmnist,cnn1,model_seed42_itr19_sgd_itr1,linf,0.1,1,334,-0.08251320850104094,4.868803080637008,-0.08251320850104094,4.868803080637008,true,true,-4.868803080637008,-0.49513162891380497,4.868803080637008,0.49513162891380497,WRONG,WRONG,false,false,-0.49513162891380497,0.49513162891380497,false,false,true,0.16287508951500057,0.6580067184288056,0.45,fmnist__cnn1__linf__0.1__model_seed42_itr19_sgd_itr1_w253.bin
fmnist,cnn1,model_seed42_itr19_sgd_itr1,linf,0.1,1,335,-0.08251320850104094,4.868803080637008,-0.08251320850104094,4.868803080637008,true,true,-4.868803080637008,-0.49513162891380524,4.868803080637008,0.49513162891380497,WRONG,WRONG,false,false,-0.49513162891380524,0.49513162891380497,false,false,true,0.7134181235916913,1.208549752505496,0.468,fmnist__cnn1__linf__0.1__model_seed42_itr19_sgd_itr1_w254.bin
fmnist,cnn1,model_seed42_itr19_sgd_itr1,linf,0.1,1,336,-0.08251320850104094,4.868803080637008,-0.08251320850104094,4.868803080637008,true,true,-4.868803080637008,-0.49513162891380497,4.868803080637008,0.49513162891380497,WRONG,WRONG,false,false,-0.49513162891380497,0.49513162891380497,false,false,true,0.16287508951500057,0.6580067184288056,0.467,fmnist__cnn1__linf__0.1__model_seed42_itr19_sgd_itr1_w255.bin
fmnist,cnn1,model_seed42_itr19_sgd_itr1,linf,0.1,1,337,-0.08251320850104094,4.868803080637008,-0.08251320850104094,4.868803080637008,true,true,-4.868803080637008,-0.4951316289138048,4.868803080637008,0.495131628913805,WRONG,WRONG,false,false,-0.4951316289138048,0.495131628913805,false,false,true,0.41435652521634525,0.9094881541301503,0.452,fmnist__cnn1__linf__0.1__model_seed42_itr19_sgd_itr1_w256.bin
fmnist,cnn1,model_seed42_itr19_sgd_itr1,linf,0.1,1,338,-0.08251320850104094,4.868803080637008,-0.08251320850104094,4.868803080637008,true,true,-4.868803080637008,-0.4951316289138049,4.868803080637008,0.4951316289138049,WRONG,WRONG,false,false,-0.4951316289138049,0.4951316289138049,false,false,true,0.16509032940968502,0.6602219583234901,0.458,fmnist__cnn1__linf__0.1__model_seed42_itr19_sgd_itr1_w257.bin
fmnist,cnn1,model_seed42_itr19_sgd_itr1,linf,0.1,1,339,-0.08251320850104094,4.868803080637008,-0.08251320850104094,4.868803080637008,true,true,-4.868803080637008,-0.49513162891380497,4.868803080637008,0.49513162891380497,WRONG,WRONG,false,false,-0.49513162891380497,0.49513162891380497,false,false,true,0.16287508951500057,0.6580067184288056,0.457,fmnist__cnn1__linf__0.1__model_seed42_itr19_sgd_itr1_w258.bin
fmnist,cnn1,model_seed42_itr19_sgd_itr1,linf,0.1,1,340,-0.08251320850104094,4.868803080637008,-0.08251320850104094,4.868803080637008,true,true,-4.868803080637008,-0.4951316289138049,4.868803080637008,0.49513162891380497,WRONG,WRONG,false,false,-0.4951316289138049,0.49513162891380497,false,false,true,0.9032333929036751,1.39836502181748,0.462,fmnist__cnn1__linf__0.1__model_seed42_itr19_sgd_itr1_w259.bin
fmnist,cnn1,model_seed42_itr19_sgd_itr1,linf,0.1,1,341,-0.08251320850104094,4.868803080637008,-0.08251320850104094,4.868803080637008,true,true,-4.868803080637008,-0.49513162891380497,4.868803080637008,0.49513162891380497,WRONG,WRONG,false,false,-0.49513162891380497,0.49513162891380497,false,false,true,0.16287508951500057,0.6580067184288056,0.454,fmnist__cnn1__linf__0.1__model_seed42_itr19_sgd_itr1_w260.bin
fmnist,cnn1,model_seed42_itr19_sgd_itr1,linf,0.1,1,342,-0.08251320850104094,4.868803080637008,-0.08251320850104094,4.868803080637008,true,true,-4.868803080637008,-0.48919026472431404,4.868803080637008,0.47149308329428397,WRONG,WRONG,false,false,-0.49513162891380474,0.4951316289138049,false,false,true,0.17212701385047102,0.6613172785747853,0.475,fmnist__cnn1__linf__0.1__model_seed42_itr19_sgd_itr1_w261.bin
fmnist,cnn1,model_seed42_itr19_sgd_itr1,linf,0.1,1,343,-0.08251320850104094,4.868803080637008,-0.08251320850104094,4.868803080637008,true,true,-4.868803080637008,-0.4951316289138048,4.868803080637008,0.49513162891380474,WRONG,WRONG,false,false,-0.4951316289138048,0.49513162891380474,false,false,true,0.27360391716677385,0.7687355460805788,0.467,fmnist__cnn1__linf__0.1__model_seed42_itr19_sgd_itr1_w262.bin
fmnist,cnn1,model_seed42_itr19_sgd_itr1,linf,0.1,1,344,-0.08251320850104094,4.868803080637008,-0.08251320850104094,4.868803080637008,true,true,-4.868803080637008,-0.4951316289138048,4.868803080637008,0.4951316289138049,WRONG,WRONG,false,false,-0.4951316289138048,0.4951316289138049,false,false,true,0.7870207951453627,1.2821524240591675,0.457,fmnist__cnn1__linf__0.1__model_seed42_itr19_sgd_itr1_w263.bin
fmnist,cnn1,model_seed42_itr19_sgd_itr1,linf,0.1,1,345,-0.08251320850104094,4.868803080637008,-0.08251320850104094,4.868803080637008,true,true,-4.868803080637008,-0.4951316289138049,4.868803080637008,0.495131628913805,WRONG,WRONG,false,false,-0.4951316289138049,0.495131628913805,false,false,true,0.9032333929036751,1.39836502181748,0.464,fmnist__cnn1__linf__0.1__model_seed42_itr19_sgd_itr1_w264.bin
fmnist,cnn1,model_seed42_itr19_sgd_itr1,linf,0.1,1,346,-0.08251320850104094,4.868803080637008,-0.08251320850104094,4.868803080637008,true,true,-4.868803080637008,-0.4951316289138048,4.868803080637008,0.4891902647243142,WRONG,WRONG,false,false,-0.4951316289138048,0.49513162891380524,false,false,true,0.49819469824792156,0.9933263271617264,0.461,fmnist__cnn1__linf__0.1__model_seed42_itr19_sgd_itr1_w265.bin
fmnist,cnn1,model_seed42_itr19_sgd_itr1,linf,0.1,1,347,-0.08251320850104094,4.868803080637008,-0.08251320850104094,4.868803080637008,true,true,-4.868803080637008,-0.49513162891380497,4.868803080637008,0.4951316289138049,WRONG,WRONG,false,false,-0.49513162891380497,0.4951316289138049,false,false,true,0.16123095014220573,0.6563625790560108,0.456,fmnist__cnn1__linf__0.1__model_seed42_itr19_sgd_itr1_w266.bin
fmnist,cnn1,model_seed42_itr19_sgd_itr1,linf,0.1,1,348,-0.08251320850104094,4.868803080637008,-0.08251320850104094,4.868803080637008,true,true,-4.868803080637008,-0.4951316289138048,4.868803080637008,0.49513162891380486,WRONG,WRONG,false,false,-0.4951316289138048,0.49513162891380486,false,false,true,0.6038442615439914,1.0989758904577964,0.461,fmnist__cnn1__linf__0.1__model_seed42_itr19_sgd_itr1_w267.bin
fmnist,cnn1,model_seed42_itr19_sgd_itr1,linf,0.1,1,349,-0.08251320850104094,4.868803080637008,-0.08251320850104094,4.868803080637008,true,true,-4.868803080637008,-0.49513162891380497,4.868803080637008,0.49513162891380524,WRONG,WRONG,false,false,-0.49513162891380497,0.49513162891380524,false,false,true,0.16287508951500057,0.6580067184288056,0.455,fmnist__cnn1__linf__0.1__model_seed42_itr19_sgd_itr1_w268.bin
fmnist,cnn1,model_seed42_itr19_sgd_itr1,linf,0.1,1,350,-0.08251320850104094,4.868803080637008,-0.08251320850104094,4.868803080637008,true,true,-4.868803080637008,-0.4951316289138049,4.868803080637008,0.4951316289138048,WRONG,WRONG,false,false,-0.4951316289138049,0.4951316289138048,false,false,true,0.4115424909360843,0.9066741198498893,0.458,fmnist__cnn1__linf__0.1__model_seed42_itr19_sgd_itr1_w269.bin
fmnist,cnn1,model_seed42_itr19_sgd_itr1,linf,0.1,1,351,-0.08251320850104094,4.868803080637008,-0.08251320850104094,4.868803080637008,true,true,-4.868803080637008,-0.49513162891380486,4.868803080637008,0.4951316289138048,WRONG,WRONG,false,false,-0.49513162891380486,0.4951316289138048,false,false,true,0.15616789822022664,0.6512995271340316,0.465,fmnist__cnn1__linf__0.1__model_seed42_itr19_sgd_itr1_w270.bin
fmnist,cnn1,model_seed42_itr19_sgd_itr1,linf,0.1,1,352,-0.08251320850104094,4.868803080637008,-0.08251320850104094,4.868803080637008,true,true,-4.868803080637008,-0.49513162891380497,4.868803080637008,0.4951316289138049,WRONG,WRONG,false,false,-0.49513162891380497,0.4951316289138049,false,false,true,0.16287508951500057,0.6580067184288056,0.466,fmnist__cnn1__linf__0.1__model_seed42_itr19_sgd_itr1_w271.bin
fmnist,cnn1,model_seed42_itr19_sgd_itr1,linf,0.1,1,353,-0.08251320850104094,4.868803080637008,-0.08251320850104094,4.868803080637008,true,true,-4.868803080637008,-0.4951316289138048,4.868803080637008,0.495131628913805,WRONG,WRONG,false,false,-0.4951316289138048,0.495131628913805,false,false,true,1.3037347889610544,1.7988664178748592,0.47,fmnist__cnn1__linf__0.1__model_seed42_itr19_sgd_itr1_w272.bin
fmnist,cnn1,model_seed42_itr19_sgd_itr1,linf,0.1,1,354,-0.08251320850104094,4.868803080637008,-0.08251320850104094,4.868803080637008,true,true,-4.868803080637008,-0.4951316289138049,4.868803080637008,0.49513162891380497,WRONG,WRONG,false,false,-0.4951316289138049,0.49513162891380497,false,false,true,0.1424647217301078,0.6375963506439128,0.445,fmnist__cnn1__linf__0.1__model_seed42_itr19_sgd_itr1_w273.bin
fmnist,cnn1,model_seed42_itr19_sgd_itr1,linf,0.1,1,355,-0.08251320850104094,4.868803080637008,-0.08251320850104094,4.868803080637008,true,true,-4.868803080637008,-0.48919026472431426,4.868803080637008,0.49513162891380524,WRONG,WRONG,false,false,-0.49513162891380513,0.4951316289138049,false,false,true,0.6682101432097254,1.1574004079340396,0.442,fmnist__cnn1__linf__0.1__model_seed42_itr19_sgd_itr1_w274.bin
fmnist,cnn1,model_seed42_itr19_sgd_itr1,linf,0.1,1,356,-0.08251320850104094,4.868803080637008,-0.08251320850104094,4.868803080637008,true,true,-4.868803080637008,-0.495131628913805,4.868803080637008,0.4951316289138047,WRONG,WRONG,false,false,-0.495131628913805,0.4951316289138047,false,false,true,0.1609080106627098,0.6560396395765148,0.424,fmnist__cnn1__linf__0.1__model_seed42_itr19_sgd_itr1_w275.bin
fmnist,cnn1,model_seed42_itr19_sgd_itr1,linf,0.1,1,357,-0.08251320850104094,4.868803080637008,-0.08251320850104094,4.868803080637008,true,true,-4.868803080637008,-0.49513162891380497,4.868803080637008,0.4951316289138049,WRONG,WRONG,false,false,-0.49513162891380497,0.4951316289138049,false,false,true,0.16287508951500057,0.6580067184288056,0.452,fmnist__cnn1__linf__0.1__model_seed42_itr19_sgd_itr1_w276.bin
fmnist,cnn1,model_seed42_itr19_sgd_itr1,linf,0.1,1,358,-0.08251320850104094,4.868803080637008,-0.08251320850104094,4.868803080637008,true,true,-4.868803080637008,-0.4951316289138048,4.868803080637008,0.4891902647243141,WRONG,WRONG,false,false,-0.4951316289138048,0.49513162891380497,false,false,true,0.27359335678438235,0.7687249856981874,0.473,fmnist__cnn1__linf__0.1__model_seed42_itr19_sgd_itr1_w277.bin
fmnist,cnn1,model_seed42_itr19_sgd_itr1,linf,0.1,1,359,-0.08251320850104094,4.868803080637008,-0.08251320850104094,4.868803080637008,true,true,-4.868803080637008,-0.4951316289138049,4.868803080637008,0.4951316289138048,WRONG,WRONG,false,false,-0.4951316289138049,0.4951316289138048,false,false,true,0.8693850347720339,1.3645166636858388,0.468,fmnist__cnn1__linf__0.1__model_seed42_itr19_sgd_itr1_w278.bin
fmnist,cnn1,model_seed42_itr19_sgd_itr1,linf,0.1,1,360,-0.08251320850104094,4.868803080637008,-0.08251320850104094,4.868803080637008,true,true,-4.868803080637008,-0.49513162891380497,4.868803080637008,0.49513162891380497,WRONG,WRONG,false,false,-0.49513162891380497,0.49513162891380497,false,false,true,0.16287508951500057,0.6580067184288056,0.482,fmnist__cnn1__linf__0.1__model_seed42_itr19_sgd_itr1_w279.bin
fmnist,cnn1,model_seed42_itr19_sgd_itr1,linf,0.1,1,361,-0.08251320850104094,4.868803080637008,-0.08251320850104094,4.868803080637008,true,true,-4.868803080637008,-0.4951316289138048,4.868803080637008,0.49513162891380486,WRONG,WRONG,false,false,-0.4951316289138048,0.49513162891380486,false,false,true,0.41435652521634525,0.9094881541301503,0.453,fmnist__cnn1__linf__0.1__model_seed42_itr19_sgd_itr1_w280.bin
fmnist,cnn1,model_seed42_itr19_sgd_itr1,linf,0.1,1,362,-0.08251320850104094,4.868803080637008,-0.08251320850104094,4.868803080637008,true,true,-4.868803080637008,-0.4951316289138049,4.868803080637008,0.49513162891380497,WRONG,WRONG,false,false,-0.4951316289138049,0.49513162891380497,false,false,true,0.16742959674897204,0.6625612256627771,0.469,fmnist__cnn1__linf__0.1__model_seed42_itr19_sgd_itr1_w281.bin
fmnist,cnn1,model_seed42_itr19_sgd_itr1,linf,0.1,1,363,-0.08251320850104094,4.868803080637008,-0.08251320850104094,4.868803080637008,true,true,-4.868803080637008,-0.49513162891380497,4.868803080637008,0.49513162891380497,WRONG,WRONG,false,false,-0.49513162891380497,0.49513162891380497,false,false,true,0.16287508951500057,0.6580067184288056,0.451,fmnist__cnn1__linf__0.1__model_seed42_itr19_sgd_itr1_w282.bin
fmnist,cnn1,model_seed42_itr19_sgd_itr1,linf,0.1,1,364,-0.08251320850104094,4.868803080637008,-0.08251320850104094,4.868803080637008,true,true,-4.868803080637008,-0.4951316289138048,4.868803080637008,0.49513162891380497,WRONG,WRONG,false,false,-0.4951316289138048,0.49513162891380497,false,false,true,0.7643790801791022,1.259510709092907,0.443,fmnist__cnn1__linf__0.1__model_seed42_itr19_sgd_itr1_w283.bin
fmnist,cnn1,model_seed42_itr19_sgd_itr1,linf,0.1,1,365,-0.08251320850104094,4.868803080637008,-0.08251320850104094,4.868803080637008,true,true,-4.868803080637008,-0.49513162891380497,4.868803080637008,0.49513162891380497,WRONG,WRONG,false,false,-0.49513162891380497,0.49513162891380497,false,false,true,0.16287508951500057,0.6580067184288056,0.494,fmnist__cnn1__linf__0.1__model_seed42_itr19_sgd_itr1_w284.bin
fmnist,cnn1,model_seed42_itr19_sgd_itr1,linf,0.1,1,366,-0.08251320850104094,4.868803080637008,-0.08251320850104094,4.868803080637008,true,true,-4.868803080637008,-0.49513162891380497,4.868803080637008,0.495131628913805,WRONG,WRONG,false,false,-0.49513162891380497,0.495131628913805,false,false,true,0.16287508951500057,0.6580067184288056,0.468,fmnist__cnn1__linf__0.1__model_seed42_itr19_sgd_itr1_w285.bin
fmnist,cnn1,model_seed42_itr19_sgd_itr1,linf,0.1,1,367,-0.08251320850104094,4.868803080637008,-0.08251320850104094,4.868803080637008,true,true,-4.868803080637008,-0.4951316289138048,4.868803080637008,0.4951316289138049,WRONG,WRONG,false,false,-0.4951316289138048,0.4951316289138049,false,false,true,1.250781313202168,1.7459129421159727,0.476,fmnist__cnn1__linf__0.1__model_seed42_itr19_sgd_itr1_w286.bin
fmnist,cnn1,model_seed42_itr19_sgd_itr1,linf,0.1,1,368,-0.08251320850104094,4.868803080637008,-0.08251320850104094,4.868803080637008,true,true,-4.868803080637008,-0.4951316289138049,4.868803080637008,0.4951316289138049,WRONG,WRONG,false,false,-0.4951316289138049,0.4951316289138049,false,false,true,0.16032888530212394,0.655460514215929,0.458,fmnist__cnn1__linf__0.1__model_seed42_itr19_sgd_itr1_w287.bin
fmnist,cnn1,model_seed42_itr19_sgd_itr1,linf,0.1,1,369,-0.08251320850104094,4.868803080637008,-0.08251320850104094,4.868803080637008,true,true,-4.868803080637008,-0.49513162891380497,4.868803080637008,0.4951316289138049,WRONG,WRONG,false,false,-0.49513162891380497,0.4951316289138049,false,false,true,0.16287508951500057,0.6580067184288056,0.447,fmnist__cnn1__linf__0.1__model_seed42_itr19_sgd_itr1_w288.bin
fmnist,cnn1,model_seed42_itr19_sgd_itr1,linf,0.1,1,370,-0.08251320850104094,4.868803080637008,-0.08251320850104094,4.868803080637008,true,true,-4.868803080637008,-0.4951316289138048,4.868803080637008,0.48919026472431404,WRONG,WRONG,false,false,-0.4951316289138048,0.4951316289138048,false,false,true,0.30413334382556173,0.7992649727393668,0.472,fmnist__cnn1__linf__0.1__model_seed42_itr19_sgd_itr1_w289.bin
fmnist,cnn1,model_seed42_itr19_sgd_itr1,linf,0.1,1,371,-0.08251320850104094,4.868803080637008,-0.08251320850104094,4.868803080637008,true,true,-4.868803080637008,-0.4619637385553051,4.868803080637008,0.4951316289138048,WRONG,WRONG,false,false,-0.49513162891380524,0.4951316289138049,false,false,true,0.42892654766282656,0.8908902862181316,0.498,fmnist__cnn1__linf__0.1__model_seed42_itr19_sgd_itr1_w290.bin
fmnist,cnn1,model_seed42_itr19_sgd_itr1,linf,0.1,1,372,-0.08251320850104094,4.868803080637008,-0.08251320850104094,4.868803080637008,true,true,-4.868803080637008,-0.49513162891380497,4.868803080637008,0.4951316289138049,WRONG,WRONG,false,false,-0.49513162891380497,0.4951316289138049,false,false,true,0.16287508951500057,0.6580067184288056,0.457,fmnist__cnn1__linf__0.1__model_seed42_itr19_sgd_itr1_w291.bin
fmnist,cnn1,model_seed42_itr19_sgd_itr1,linf,0.1,1,373,-0.08251320850104094,4.868803080637008,-0.08251320850104094,4.868803080637008,true,true,-4.868803080637008,-0.4951316289138049,4.868803080637008,0.49513162891380497,WRONG,WRONG,false,false,-0.4951316289138049,0.49513162891380497,false,false,true,0.1318159078402268,0.6269475367540318,0.447,fmnist__cnn1__linf__0.1__model_seed42_itr19_sgd_itr1_w292.bin
fmnist,cnn1,model_seed42_itr19_sgd_itr1,linf,0.1,1,374,-0.08251320850104094,4.868803080637008,-0.08251320850104094,4.868803080637008,true,true,-4.868803080637008,-0.4951316289138049,4.868803080637008,0.495131628913805,WRONG,WRONG,false,false,-0.4951316289138049,0.495131628913805,false,false,true,0.1610027433769454,0.6561343722907504,0.443,fmnist__cnn1__linf__0.1__model_seed42_itr19_sgd_itr1_w293.bin
fmnist,cnn1,model_seed42_itr19_sgd_itr1,linf,0.1,1,375,-0.08251320850104094,4.868803080637008,-0.08251320850104094,4.868803080637008,true,true,-4.868803080637008,-0.4951316289138049,4.868803080637008,0.49513162891380497,WRONG,WRONG,false,false,-0.4951316289138049,0.49513162891380497,false,false,true,0.17621063972330145,0.6713422686371066,0.462,fmnist__cnn1__linf__0.1__model_seed42_itr19_sgd_itr1_w294.bin
fmnist,cnn1,model_seed42_itr19_sgd_itr1,linf,0.1,1,376,-0.08251320850104094,4.868803080637008,-0.08251320850104094,4.868803080637008,true,true,-4.868803080637008,-0.489190264724314,4.868803080637008,0.47149308329428385,WRONG,WRONG,false,false,-0.4951316289138049,0.4951316289138048,false,false,true,0.1568605379148113,0.6460508026391254,0.461,fmnist__cnn1__linf__0.1__model_seed42_itr19_sgd_itr1_w295.bin
fmnist,cnn1,model_seed42_itr19_sgd_itr1,linf,0.1,1,377,-0.08251320850104094,4.868803080637008,-0.08251320850104094,4.868803080637008,true,true,-4.868803080637008,-0.4951316289138048,4.868803080637008,0.4951316289138049,WRONG,WRONG,false,false,-0.4951316289138048,0.4951316289138049,false,false,true,0.2280988218131442,0.7232304507269492,0.453,fmnist__cnn1__linf__0.1__model_seed42_itr19_sgd_itr1_w296.bin
fmnist,cnn1,model_seed42_itr19_sgd_itr1,linf,0.1,1,378,-0.08251320850104094,4.868803080637008,-0.08251320850104094,4.868803080637008,true,true,-4.868803080637008,-0.4714930832942839,4.868803080637008,0.489190264724314,WRONG,WRONG,false,false,-0.4951316289138048,0.495131628913805,false,false,true,0.26355808004932346,0.7350511633436075,0.443,fmnist__cnn1__linf__0.1__model_seed42_itr19_sgd_itr1_w297.bin
fmnist,cnn1,model_seed42_itr19_sgd_itr1,linf,0.1,1,379,-0.08251320850104094,4.868803080637008,-0.08251320850104094,4.868803080637008,true,true,-4.868803080637008,-0.495131628913805,4.868803080637008,0.49513162891380497,WRONG,WRONG,false,false,-0.495131628913805,0.49513162891380497,false,false,true,0.12728432562694506,0.62241595454075,0.457,fmnist__cnn1__linf__0.1__model_seed42_itr19_sgd_itr1_w298.bin
fmnist,cnn1,model_seed42_itr19_sgd_itr1,linf,0.1,1,380,-0.08251320850104094,4.868803080637008,-0.08251320850104094,4.868803080637008,true,true,-4.868803080637008,-0.495131628913805,4.868803080637008,0.4951316289138049,WRONG,WRONG,false,false,-0.495131628913805,0.4951316289138049,false,false,true,0.27383753702167796,0.7689691659354829,0.452,fmnist__cnn1__linf__0.1__model_seed42_itr19_sgd_itr1_w299.bin
fmnist,cnn1,model_seed42_itr19_sgd_itr1,linf,0.1,1,381,-0.08251320850104094,4.868803080637008,-0.08251320850104094,4.868803080637008,true,true,-4.868803080637008,-0.49513162891380497,4.868803080637008,0.49513162891380497,WRONG,WRONG,false,false,-0.49513162891380497,0.49513162891380497,false,false,true,0.16287508951500057,0.6580067184288056,0.456,fmnist__cnn1__linf__0.1__model_seed42_itr19_sgd_itr1_w300.bin
fmnist,cnn1,model_seed42_itr19_sgd_itr1,linf,0.1,1,382,-0.08251320850104094,4.868803080637008,-0.08251320850104094,4.868803080637008,true,true,-4.868803080637008,-0.49513162891380497,4.868803080637008,0.49513162891380497,WRONG,WRONG,false,false,-0.49513162891380497,0.49513162891380497,false,false,true,0.15830282994076725,0.6534344588545723,0.441,fmnist__cnn1__linf__0.1__model_seed42_itr19_sgd_itr1_w301.bin
fmnist,cnn1,model_seed42_itr19_sgd_itr1,linf,0.1,1,383,-0.08251320850104094,4.868803080637008,-0.08251320850104094,4.868803080637008,true,true,-4.868803080637008,-0.4951316289138048,4.868803080637008,0.49513162891380497,WRONG,WRONG,false,false,-0.4951316289138048,0.49513162891380497,false,false,true,0.567907618327268,1.0630392472410728,0.419,fmnist__cnn1__linf__0.1__model_seed42_itr19_sgd_itr1_w302.bin
fmnist,cnn1,model_seed42_itr19_sgd_itr1,linf,0.1,1,384,-0.08251320850104094,4.868803080637008,-0.08251320850104094,4.868803080637008,true,true,-4.868803080637008,-0.49513162891380497,4.868803080637008,0.49513162891380497,WRONG,WRONG,false,false,-0.49513162891380497,0.49513162891380497,false,false,true,0.16287508951500057,0.6580067184288056,0.467,fmnist__cnn1__linf__0.1__model_seed42_itr19_sgd_itr1_w303.bin
fmnist,cnn1,model_seed42_itr19_sgd_itr1,linf,0.1,1,385,-0.08251320850104094,4.868803080637008,-0.08251320850104094,4.868803080637008,true,true,-4.868803080637008,-0.4951316289138047,4.868803080637008,0.495131628913805,WRONG,WRONG,false,false,-0.4951316289138047,0.495131628913805,false,false,true,0.18633119063600942,0.6814628195498145,0.518,fmnist__cnn1__linf__0.1__model_seed42_itr19_sgd_itr1_w304.bin
fmnist,cnn1,model_seed42_itr19_sgd_itr1,linf,0.1,1,386,-0.08251320850104094,4.868803080637008,-0.08251320850104094,4.868803080637008,true,true,-4.868803080637008,-0.4951316289138048,4.868803080637008,0.4951316289138048,WRONG,WRONG,false,false,-0.4951316289138048,0.4951316289138048,false,false,true,1.7878143481022166,2.2829459770160208,0.469,fmnist__cnn1__linf__0.1__model_seed42_itr19_sgd_itr1_w305.bin
fmnist,cnn1,model_seed42_itr19_sgd_itr1,linf,0.1,1,387,-0.08251320850104094,4.868803080637008,-0.08251320850104094,4.868803080637008,true,true,-4.868803080637008,-0.4951316289138049,4.868803080637008,0.4951316289138048,WRONG,WRONG,false,false,-0.4951316289138049,0.4951316289138048,false,false,true,0.25142853847353325,0.7465601673873382,0.446,fmnist__cnn1__linf__0.1__model_seed42_itr19_sgd_itr1_w306.bin
fmnist,cnn1,model_seed42_itr19_sgd_itr1,linf,0.1,1,388,-0.08251320850104094,4.868803080637008,-0.08251320850104094,4.868803080637008,true,true,-4.868803080637008,-0.489190264724314,4.868803080637008,0.4714930832942839,WRONG,WRONG,false,false,-0.495131628913805,0.4951316289138048,false,false,true,0.270784107212622,0.7599743719369363,0.436,fmnist__cnn1__linf__0.1__model_seed42_itr19_sgd_itr1_w307.bin
fmnist,cnn1,model_seed42_itr19_sgd_itr1,linf,0.1,1,389,-0.08251320850104094,4.868803080637008,-0.08251320850104094,4.868803080637008,true,true,-4.868803080637008,-0.4951316289138048,4.868803080637008,0.4951316289138049,WRONG,WRONG,false,false,-0.4951316289138048,0.4951316289138049,false,false,true,1.072479561293239,1.5676111902070438,0.466,fmnist__cnn1__linf__0.1__model_seed42_itr19_sgd_itr1_w308.bin
fmnist,cnn1,model_seed42_itr19_sgd_itr1,linf,0.1,1,390,-0.08251320850104094,4.868803080637008,-0.08251320850104094,4.868803080637008,true,true,-4.868803080637008,-0.47149308329428397,4.868803080637008,0.4951316289138049,WRONG,WRONG,false,false,-0.49513162891380524,0.495131628913805,false,false,true,0.19311266095289356,0.6646057442471777,0.449,fmnist__cnn1__linf__0.1__model_seed42_itr19_sgd_itr1_w309.bin
fmnist,cnn1,model_seed42_itr19_sgd_itr1,linf,0.1,1,391,-0.08251320850104094,4.868803080637008,-0.08251320850104094,4.868803080637008,true,true,-4.868803080637008,-0.4951316289138049,4.868803080637008,0.4951316289138049,WRONG,WRONG,false,false,-0.4951316289138049,0.4951316289138049,false,false,true,0.16522102847942943,0.6603526573932345,0.459,fmnist__cnn1__linf__0.1__model_seed42_itr19_sgd_itr1_w310.bin
fmnist,cnn1,model_seed42_itr19_sgd_itr1,linf,0.1,1,392,-0.08251320850104094,4.868803080637008,-0.08251320850104094,4.868803080637008,true,true,-4.868803080637008,-0.49513162891380497,4.868803080637008,0.49513162891380497,WRONG,WRONG,false,false,-0.49513162891380497,0.49513162891380497,false,false,true,0.16287508951500057,0.6580067184288056,0.445,fmnist__cnn1__linf__0.1__model_seed42_itr19_sgd_itr1_w311.bin
fmnist,cnn1,model_seed42_itr19_sgd_itr1,linf,0.1,1,393,-0.08251320850104094,4.868803080637008,-0.08251320850104094,4.868803080637008,true,true,-4.868803080637008,-0.495131628913805,4.868803080637008,0.49513162891380497,WRONG,WRONG,false,false,-0.495131628913805,0.49513162891380497,false,false,true,0.1311278529870652,0.6262594819008702,0.465,fmnist__cnn1__linf__0.1__model_seed42_itr19_sgd_itr1_w312.bin
fmnist,cnn1,model_seed42_itr19_sgd_itr1,linf,0.1,1,394,-0.08251320850104094,4.868803080637008,-0.08251320850104094,4.868803080637008,true,true,-4.868803080637008,-0.4714930832942839,4.868803080637008,0.48919026472431393,WRONG,WRONG,false,false,-0.49513162891380524,0.49513162891380524,false,false,true,0.2619726505281466,0.7334657338224306,0.452,fmnist__cnn1__linf__0.1__model_seed42_itr19_sgd_itr1_w313.bin
fmnist,cnn1,model_seed42_itr19_sgd_itr1,linf,0.1,1,395,-0.08251320850104094,4.868803080637008,-0.08251320850104094,4.868803080637008,true,true,-4.868803080637008,-0.49513162891380486,4.868803080637008,0.4951316289138049,WRONG,WRONG,false,false,-0.49513162891380486,0.4951316289138049,false,false,true,0.1653494564640295,0.6604810853778345,0.436,fmnist__cnn1__linf__0.1__model_seed42_itr19_sgd_itr1_w314.bin
fmnist,cnn1,model_seed42_itr19_sgd_itr1,linf,0.1,1,396,-0.08251320850104094,4.868803080637008,-0.08251320850104094,4.868803080637008,true,true,-4.868803080637008,-0.4951316289138048,4.868803080637008,0.49513162891380486,WRONG,WRONG,false,false,-0.4951316289138048,0.49513162891380486,false,false,true,1.0123765083955432,1.5075081373093482,0.449,fmnist__cnn1__linf__0.1__model_seed42_itr19_sgd_itr1_w315.bin
fmnist,cnn1,model_seed42_itr19_sgd_itr1,linf,0.1,1,397,-0.08251320850104094,4.868803080637008,-0.08251320850104094,4.868803080637008,true,true,-4.868803080637008,-0.4951316289138048,4.868803080637008,0.47149308329428385,WRONG,WRONG,false,false,-0.4951316289138048,0.495131628913805,false,false,true,0.12811619352749404,0.623247822441299,0.462,fmnist__cnn1__linf__0.1__model_seed42_itr19_sgd_itr1_w316.bin
fmnist,cnn1,model_seed42_itr19_sgd_itr1,linf,0.1,1,398,-0.08251320850104094,4.868803080637008,-0.08251320850104094,4.868803080637008,true,true,-4.868803080637008,-0.4951316289138049,4.868803080637008,0.4951316289138049,WRONG,WRONG,false,false,-0.4951316289138049,0.4951316289138049,false,false,true,0.19732040562345407,0.692452034537259,0.436,fmnist__cnn1__linf__0.1__model_seed42_itr19_sgd_itr1_w317.bin
fmnist,cnn1,model_seed42_itr19_sgd_itr1,linf,0.1,1,399,-0.08251320850104094,4.868803080637008,-0.08251320850104094,4.868803080637008,true,true,-4.868803080637008,-0.47149308329428374,4.868803080637008,0.489190264724314,WRONG,WRONG,false,false,-0.4951316289138048,0.4951316289138049,false,false,true,0.6854266619840762,1.1569197452783597,0.444,fmnist__cnn1__linf__0.1__model_seed42_itr19_sgd_itr1_w318.bin
fmnist,cnn1,model_seed42_itr19_sgd_itr1,linf,0.1,1,400,-0.08251320850104094,4.868803080637008,-0.08251320850104094,4.868803080637008,true,true,-4.868803080637008,-0.4951316289138048,4.868803080637008,0.49513162891380474,WRONG,WRONG,false,false,-0.4951316289138048,0.49513162891380474,false,false,true,2.9051372373196247,3.400268866233429,0.429,fmnist__cnn1__linf__0.1__model_seed42_itr19_sgd_itr1_w319.bin
fmnist,cnn1,model_seed42_itr19_sgd_itr1,linf,0.1,1,401,-0.08251320850104094,4.868803080637008,-0.08251320850104094,4.868803080637008,true,true,-4.868803080637008,-0.495131628913805,4.868803080637008,0.49513162891380497,WRONG,WRONG,false,false,-0.495131628913805,0.49513162891380497,false,false,true,0.5890302916678294,1.0841619205816344,0.443,fmnist__cnn1__linf__0.1__model_seed42_itr19_sgd_itr1_w320.bin
fmnist,cnn1,model_seed42_itr19_sgd_itr1,linf,0.1,1,402,-0.08251320850104094,4.868803080637008,-0.08251320850104094,4.868803080637008,true,true,-4.868803080637008,-0.49513162891380497,4.868803080637008,0.4951316289138048,WRONG,WRONG,false,false,-0.49513162891380497,0.4951316289138048,false,false,true,0.16287508951500057,0.6580067184288056,0.451,fmnist__cnn1__linf__0.1__model_seed42_itr19_sgd_itr1_w321.bin
fmnist,cnn1,model_seed42_itr19_sgd_itr1,linf,0.1,1,403,-0.08251320850104094,4.868803080637008,-0.08251320850104094,4.868803080637008,true,true,-4.868803080637008,-0.47149308329428385,4.868803080637008,0.4951316289138047,WRONG,WRONG,false,false,-0.4951316289138049,0.4951316289138048,false,false,true,0.3813807953384748,0.8528738786327588,0.455,fmnist__cnn1__linf__0.1__model_seed42_itr19_sgd_itr1_w322.bin
fmnist,cnn1,model_seed42_itr19_sgd_itr1,linf,0.1,1,404,-0.08251320850104094,4.868803080637008,-0.08251320850104094,4.868803080637008,true,true,-4.868803080637008,-0.49513162891380486,4.868803080637008,0.4951316289138048,WRONG,WRONG,false,false,-0.49513162891380486,0.4951316289138048,false,false,true,0.3615927268750966,0.8567243557889016,0.51,fmnist__cnn1__linf__0.1__model_seed42_itr19_sgd_itr1_w323.bin
fmnist,cnn1,model_seed42_itr19_sgd_itr1,linf,0.1,1,405,-0.08251320850104094,4.868803080637008,-0.08251320850104094,4.868803080637008,true,true,-4.868803080637008,-0.4951316289138048,4.868803080637008,0.4951316289138048,WRONG,WRONG,false,false,-0.4951316289138048,0.4951316289138048,false,false,true,0.27360391716677385,0.7687355460805788,0.5,fmnist__cnn1__linf__0.1__model_seed42_itr19_sgd_itr1_w324.bin
fmnist,cnn1,model_seed42_itr19_sgd_itr1,linf,0.1,1,406,-6.120588358491659,2.86924447119236,-6.120588358491659,2.86924447119236,true,true,-2.86924447119236,-0.8989832829684018,0.8989832829684016,0.8989832829684016,WRONG,WRONG,false,false,-0.898983282968402,0.8989832829684016,false,false,true,5.551115123125783e-17,0.8989832829684018,1.042,fmnist__cnn1__linf__0.1__model_seed42_itr19_sgd_itr1_w325.bin
fmnist,cnn1,model_seed42_itr19_sgd_itr1,linf,0.1,1,407,-6.120588358491659,2.86924447119236,-6.120588358491659,2.86924447119236,true,true,-2.86924447119236,-0.8989832829684017,2.86924447119236,0.8989832829684015,WRONG,WRONG,false,false,-0.8989832829684017,0.8989832829684015,false,false,true,1.7117920745164161,2.6107753574848176,0.445,fmnist__cnn1__linf__0.1__model_seed42_itr19_sgd_itr1_w326.bin
fmnist,cnn1,model_seed42_itr19_sgd_itr1,linf,0.1,1,408,-6.120588358491659,2.86924447119236,-6.120588358491659,2.86924447119236,true,true,-2.86924447119236,-0.8989832829684021,2.86924447119236,0.8989832829684024,WRONG,WRONG,false,false,-0.8989832829684021,0.8989832829684024,false,false,true,0.34502209782068594,1.2440053807890876,0.456,fmnist__cnn1__linf__0.1__model_seed42_itr19_sgd_itr1_w327.bin
fmnist,cnn1,model_seed42_itr19_sgd_itr1,linf,0.1,1,409,-6.120588358491659,2.86924447119236,-6.120588358491659,2.86924447119236,true,true,-2.86924447119236,-0.8989832829684021,2.86924447119236,0.8989832829684019,WRONG,WRONG,false,false,-0.8989832829684021,0.8989832829684019,false,false,true,0.24826393774832758,1.1472472207167295,0.459,fmnist__cnn1__linf__0.1__model_seed42_itr19_sgd_itr1_w328.bin
fmnist,cnn1,model_seed42_itr19_sgd_itr1,linf,0.1,1,410,-6.120588358491659,2.86924447119236,-6.120588358491659,2.86924447119236,true,true,-2.86924447119236,-0.8989832829684018,2.86924447119236,0.8989832829684018,WRONG,WRONG,false,false,-0.8989832829684018,0.8989832829684018,false,false,true,0.7752701995229148,1.6742534824913167,0.449,fmnist__cnn1__linf__0.1__model_seed42_itr19_sgd_itr1_w329.bin
fmnist,cnn1,model_seed42_itr19_sgd_itr1,linf,0.1,1,411,-6.120588358491659,2.86924447119236,-6.120588358491659,2.86924447119236,true,true,-2.86924447119236,-0.8989832829684019,2.86924447119236,0.8989832829684019,WRONG,WRONG,false,false,-0.8989832829684019,0.8989832829684019,false,false,true,0.9194433324892985,1.8184266154577,0.441,fmnist__cnn1__linf__0.1__model_seed42_itr19_sgd_itr1_w330.bin
fmnist,cnn1,model_seed42_itr19_sgd_itr1,linf,0.1,1,412,-6.120588358491659,2.86924447119236,-6.120588358491659,2.86924447119236,true,true,-2.86924447119236,-0.8989832829684019,2.86924447119236,0.8989832829684018,WRONG,WRONG,false,false,-0.8989832829684019,0.8989832829684018,false,false,true,0.9416621397885705,1.8406454227569724,0.445,fmnist__cnn1__linf__0.1__model_seed42_itr19_sgd_itr1_w331.bin
fmnist,cnn1,model_seed42_itr19_sgd_itr1,linf,0.1,1,413,-6.120588358491659,2.86924447119236,-6.120588358491659,2.86924447119236,true,true,-2.86924447119236,-0.8989832829684021,2.86924447119236,0.8989832829684019,WRONG,WRONG,false,false,-0.8989832829684021,0.8989832829684019,false,false,true,1.0516185774588727,1.9506018604272743,0.43,fmnist__cnn1__linf__0.1__model_seed42_itr19_sgd_itr1_w332.bin
fmnist,cnn1,model_seed42_itr19_sgd_itr1,linf,0.1,1,414,-6.120588358491659,2.86924447119236,-6.120588358491659,2.86924447119236,true,true,-0.8989832829684018,-0.8989832829684018,0.8989832829684018,0.8989832829684018,WRONG,WRONG,false,false,-0.8989832829684018,0.8989832829684018,false,false,true,5.551115123125783e-17,0.8989832829684019,1.644,fmnist__cnn1__linf__0.1__model_seed42_itr19_sgd_itr1_w333.bin
fmnist,cnn1,model_seed42_itr19_sgd_itr1,linf,0.1,1,415,-6.120588358491659,2.86924447119236,-6.120588358491659,2.86924447119236,true,true,-2.86924447119236,-0.8989832829684019,2.86924447119236,0.8628443767287172,WRONG,WRONG,false,false,-0.8989832829684019,0.8989832829684018,false,false,true,1.6653345369377348e-16,0.8989832829684018,0.47,fmnist__cnn1__linf__0.1__model_seed42_itr19_sgd_itr1_w334.bin
fmnist,cnn1,model_seed42_itr19_sgd_itr1,linf,0.1,1,416,-6.120588358491659,2.86924447119236,-6.120588358491659,2.86924447119236,true,true,-0.898983282968401,-0.898983282968401,0.8989832829684019,0.01965287477682121,WRONG,WRONG,false,false,-0.8989832829684017,0.8989832829684015,false,false,true,0.0,0.8989832829684019,1.451,fmnist__cnn1__linf__0.1__model_seed42_itr19_sgd_itr1_w335.bin
fmnist,cnn1,model_seed42_itr19_sgd_itr1,linf,0.1,1,417,-6.120588358491659,2.86924447119236,-6.120588358491659,2.86924447119236,true,true,-2.86924447119236,-0.8989832829684019,2.86924447119236,0.8989832829684019,WRONG,WRONG,false,false,-0.8989832829684019,0.8989832829684019,false,false,true,2.7755575615628914e-16,0.898983282968402,0.443,fmnist__cnn1__linf__0.1__model_seed42_itr19_sgd_itr1_w336.bin
fmnist,cnn1,model_seed42_itr19_sgd_itr1,linf,0.1,1,418,-6.120588358491659,2.86924447119236,-6.120588358491659,2.86924447119236,true,true,-0.898983282968402,-0.10538179911647579,0.8989832829684017,0.8989832829684017,WRONG,WRONG,false,false,-0.8989832829684019,0.8989832829684017,false,false,true,1.1102230246251565e-16,0.10538179911647572,1.487,fmnist__cnn1__linf__0.1__model_seed42_itr19_sgd_itr1_w337.bin
fmnist,cnn1,model_seed42_itr19_sgd_itr1,linf,0.1,1,419,-6.120588358491659,2.86924447119236,-6.120588358491659,2.86924447119236,true,true,-2.86924447119236,-0.8989832829684019,2.86924447119236,0.898983282968402,WRONG,WRONG,false,false,-0.8989832829684019,0.898983282968402,false,false,true,0.47227093648537855,1.3712542194537805,0.438,fmnist__cnn1__linf__0.1__model_seed42_itr19_sgd_itr1_w338.bin
fmnist,cnn1,model_seed42_itr19_sgd_itr1,linf,0.1,1,420,-6.120588358491659,2.86924447119236,-6.120588358491659,2.86924447119236,true,true,-2.86924447119236,-0.8989832829684029,2.86924447119236,0.8989832829684019,WRONG,WRONG,false,false,-0.8989832829684029,0.8989832829684019,false,false,true,0.23518917812896248,1.1341724610973642,0.443,fmnist__cnn1__linf__0.1__model_seed42_itr19_sgd_itr1_w339.bin
fmnist,cnn1,model_seed42_itr19_sgd_itr1,linf,0.1,1,421,-6.120588358491659,2.86924447119236,-6.120588358491659,2.86924447119236,true,true,-2.86924447119236,-0.8989832829684019,2.86924447119236,0.898983282968402,WRONG,WRONG,false,false,-0.8989832829684019,0.898983282968402,false,false,true,0.952895021992513,1.8518783049609149,0.469,fmnist__cnn1__linf__0.1__model_seed42_itr19_sgd_itr1_w340.bin
fmnist,cnn1,model_seed42_itr19_sgd_itr1,linf,0.1,1,422,-6.120588358491659,2.86924447119236,-6.120588358491659,2.86924447119236,true,true,-2.86924447119236,-0.8989832829684019,2.86924447119236,0.8989832829684019,WRONG,WRONG,false,false,-0.8989832829684019,0.8989832829684019,false,false,true,0.4453362811884459,1.3443195641568477,0.458,fmnist__cnn1__linf__0.1__model_seed42_itr19_sgd_itr1_w341.bin
fmnist,cnn1,model_seed42_itr19_sgd_itr1,linf,0.1,1,423,-6.120588358491659,2.86924447119236,-6.120588358491659,2.86924447119236,true,true,-2.86924447119236,-0.8989832829684019,2.86924447119236,0.8628443767287172,WRONG,WRONG,false,false,-0.8989832829684019,0.8989832829684012,false,false,true,5.551115123125783e-17,0.8989832829684018,0.474,fmnist__cnn1__linf__0.1__model_seed42_itr19_sgd_itr1_w342.bin
fmnist,cnn1,model_seed42_itr19_sgd_itr1,linf,0.1,1,424,-6.120588358491659,2.86924447119236,-6.120588358491659,2.86924447119236,true,true,-2.86924447119236,-0.8628443767287173,2.86924447119236,0.8989832829684018,WRONG,WRONG,false,false,-0.8989832829684019,0.8989832829684018,false,false,true,0.0,0.862844376728717,0.455,fmnist__cnn1__linf__0.1__model_seed42_itr19_sgd_itr1_w343.bin
fmnist,cnn1,model_seed42_itr19_sgd_itr1,linf,0.1,1,425,-6.120588358491659,2.86924447119236,-6.120588358491659,2.86924447119236,true,true,-2.86924447119236,-0.8989832829684008,2.86924447119236,0.8989832829684016,WRONG,WRONG,false,false,-0.8989832829684008,0.8989832829684016,false,false,true,0.19095384802119023,1.089937130989592,0.434,fmnist__cnn1__linf__0.1__model_seed42_itr19_sgd_itr1_w344.bin
fmnist,cnn1,model_seed42_itr19_sgd_itr1,linf,0.1,1,426,-6.120588358491659,2.86924447119236,-6.120588358491659,2.86924447119236,true,true,-2.86924447119236,-0.8989832829684021,2.86924447119236,0.8989832829684019,WRONG,WRONG,false,false,-0.8989832829684021,0.8989832829684019,false,false,true,0.29992891824728724,1.1989122012156892,0.431,fmnist__cnn1__linf__0.1__model_seed42_itr19_sgd_itr1_w345.bin
fmnist,cnn1,model_seed42_itr19_sgd_itr1,linf,0.1,1,427,-6.120588358491659,2.86924447119236,-6.120588358491659,2.86924447119236,true,true,-2.86924447119236,-0.8628443767287174,0.8989832829684018,0.8989832829684018,WRONG,WRONG,false,false,-0.8989832829684016,0.8989832829684018,false,false,true,5.551115123125783e-17,0.862844376728717,1.003,fmnist__cnn1__linf__0.1__model_seed42_itr19_sgd_itr1_w346.bin
fmnist,cnn1,model_seed42_itr19_sgd_itr1,linf,0.1,1,428,-6.120588358491659,2.86924447119236,-6.120588358491659,2.86924447119236,true,true,-2.86924447119236,-0.8989832829684021,2.86924447119236,0.8989832829684021,WRONG,WRONG,false,false,-0.8989832829684021,0.8989832829684021,false,false,true,0.23223000371749294,1.1312132866858948,0.465,fmnist__cnn1__linf__0.1__model_seed42_itr19_sgd_itr1_w347.bin
fmnist,cnn1,model_seed42_itr19_sgd_itr1,linf,0.1,1,429,-6.120588358491659,2.86924447119236,-6.120588358491659,2.86924447119236,true,true,-2.86924447119236,-0.8989832829684019,2.86924447119236,0.8989832829684021,WRONG,WRONG,false,false,-0.8989832829684019,0.8989832829684021,false,false,true,0.19497531277837324,1.093958595746775,0.459,fmnist__cnn1__linf__0.1__model_seed42_itr19_sgd_itr1_w348.bin
fmnist,cnn1,model_seed42_itr19_sgd_itr1,linf,0.1,1,430,-6.120588358491659,2.86924447119236,-6.120588358491659,2.86924447119236,true,true,-2.86924447119236,-0.8989832829684019,2.86924447119236,0.8989832829684019,WRONG,WRONG,false,false,-0.8989832829684019,0.8989832829684019,false,false,true,0.02182372432208729,0.920807007290489,0.485,fmnist__cnn1__linf__0.1__model_seed42_itr19_sgd_itr1_w349.bin
fmnist,cnn1,model_seed42_itr19_sgd_itr1,linf,0.1,1,431,-6.120588358491659,2.86924447119236,-6.120588358491659,2.86924447119236,true,true,-0.898983282968402,-0.898983282968402,0.8989832829684018,0.8989832829684018,WRONG,WRONG,false,false,-0.898983282968402,0.8989832829684018,false,false,true,5.551115123125783e-17,0.8989832829684019,1.433,fmnist__cnn1__linf__0.1__model_seed42_itr19_sgd_itr1_w350.bin
fmnist,cnn1,model_seed42_itr19_sgd_itr1,linf,0.1,1,432,-6.120588358491659,2.86924447119236,-6.120588358491659,2.86924447119236,true,true,-2.86924447119236,-0.8989832829684019,0.898983282968402,0.898983282968402,WRONG,WRONG,false,false,-0.8989832829684019,0.898983282968402,false,false,true,1.6653345369377348e-16,0.898983282968402,1.111,fmnist__cnn1__linf__0.1__model_seed42_itr19_sgd_itr1_w351.bin
fmnist,cnn1,model_seed42_itr19_sgd_itr1,linf,0.1,1,433,-6.120588358491659,2.86924447119236,-6.120588358491659,2.86924447119236,true,true,-2.86924447119236,-0.8989832829684019,2.86924447119236,0.898983282968402,WRONG,WRONG,false,false,-0.8989832829684019,0.898983282968402,false,false,true,0.1896283332258464,1.0886116161942483,0.444,fmnist__cnn1__linf__0.1__model_seed42_itr19_sgd_itr1_w352.bin
fmnist,cnn1,model_seed42_itr19_sgd_itr1,linf,0.1,1,434,-6.120588358491659,2.86924447119236,-6.120588358491659,2.86924447119236,true,true,-2.86924447119236,-0.8989832829684014,2.86924447119236,0.8989832829684008,WRONG,WRONG,false,false,-0.8989832829684014,0.8989832829684008,false,false,true,0.7245960751732494,1.6235793581416507,0.428,fmnist__cnn1__linf__0.1__model_seed42_itr19_sgd_itr1_w353.bin
fmnist,cnn1,model_seed42_itr19_sgd_itr1,linf,0.1,1,435,-6.120588358491659,2.86924447119236,-6.120588358491659,2.86924447119236,true,true,-2.86924447119236,-0.8989832829684019,2.86924447119236,0.8989832829684019,WRONG,WRONG,false,false,-0.8989832829684019,0.8989832829684019,false,false,true,0.548238677104883,1.447221960073285,0.441,fmnist__cnn1__linf__0.1__model_seed42_itr19_sgd_itr1_w354.bin
fmnist,cnn1,model_seed42_itr19_sgd_itr1,linf,0.1,1,436,-6.120588358491659,2.86924447119236,-6.120588358491659,2.86924447119236,true,true,-2.86924447119236,-0.8989832829684019,2.86924447119236,0.8989832829684019,WRONG,WRONG,false,false,-0.8989832829684019,0.8989832829684019,false,false,true,0.017096589098013648,0.9160798720664154,0.45,fmnist__cnn1__linf__0.1__model_seed42_itr19_sgd_itr1_w355.bin
fmnist,cnn1,model_seed42_itr19_sgd_itr1,linf,0.1,1,437,-6.120588358491659,2.86924447119236,-6.120588358491659,2.86924447119236,true,true,-2.86924447119236,-0.8989832829684021,2.86924447119236,0.8989832829684018,WRONG,WRONG,false,false,-0.8989832829684021,0.8989832829684018,false,false,true,1.0653211010505987,1.9643043840190004,0.447,fmnist__cnn1__linf__0.1__model_seed42_itr19_sgd_itr1_w356.bin
fmnist,cnn1,model_seed42_itr19_sgd_itr1,linf,0.1,1,438,-6.120588358491659,2.86924447119236,-6.120588358491659,2.86924447119236,true,true,-2.86924447119236,-0.898983282968402,2.86924447119236,0.8989832829684019,WRONG,WRONG,false,false,-0.898983282968402,0.8989832829684019,false,false,true,0.9358965729902231,1.8348798559586248,0.447,fmnist__cnn1__linf__0.1__model_seed42_itr19_sgd_itr1_w357.bin
fmnist,cnn1,model_seed42_itr19_sgd_itr1,linf,0.1,1,439,-6.120588358491659,2.86924447119236,-6.120588358491659,2.86924447119236,true,true,-2.86924447119236,-0.8989832829684019,2.86924447119236,0.8989832829684019,WRONG,WRONG,false,false,-0.8989832829684019,0.8989832829684019,false,false,true,0.11610135253144885,1.0150846354998508,0.43,fmnist__cnn1__linf__0.1__model_seed42_itr19_sgd_itr1_w358.bin
fmnist,cnn1,model_seed42_itr19_sgd_itr1,linf,0.1,1,440,-6.120588358491659,2.86924447119236,-6.120588358491659,2.86924447119236,true,true,-2.86924447119236,-0.8989832829684021,2.86924447119236,0.898983282968402,WRONG,WRONG,false,false,-0.8989832829684021,0.898983282968402,false,false,true,0.7249855381614734,1.6239688211298753,0.483,fmnist__cnn1__linf__0.1__model_seed42_itr19_sgd_itr1_w359.bin
fmnist,cnn1,model_seed42_itr19_sgd_itr1,linf,0.1,1,441,-6.120588358491659,2.86924447119236,-6.120588358491659,2.86924447119236,true,true,-2.86924447119236,-0.8628443767287172,2.86924447119236,0.8989832829684018,WRONG,WRONG,false,false,-0.8989832829684015,0.8989832829684012,false,false,true,2.7755575615628914e-16,0.8628443767287172,0.469,fmnist__cnn1__linf__0.1__model_seed42_itr19_sgd_itr1_w360.bin
fmnist,cnn1,model_seed42_itr19_sgd_itr1,linf,0.1,1,442,-6.120588358491659,2.86924447119236,-6.120588358491659,2.86924447119236,true,true,-0.8989832829684019,-0.8989832829684019,0.8989832829684019,0.8989832829684019,WRONG,WRONG,false,false,-0.8989832829684019,0.8989832829684019,false,false,true,2.7755575615628914e-16,0.8989832829684019,1.356,fmnist__cnn1__linf__0.1__model_seed42_itr19_sgd_itr1_w361.bin
fmnist,cnn1,model_seed42_itr19_sgd_itr1,linf,0.1,1,443,-6.120588358491659,2.86924447119236,-6.120588358491659,2.86924447119236,true,true,-2.86924447119236,-0.8989832829684021,2.86924447119236,0.8989832829684015,WRONG,WRONG,false,false,-0.8989832829684021,0.8989832829684015,false,false,true,1.0875502011311275,1.9865334840995292,0.466,fmnist__cnn1__linf__0.1__model_seed42_itr19_sgd_itr1_w362.bin
fmnist,cnn1,model_seed42_itr19_sgd_itr1,linf,0.1,1,444,-6.120588358491659,2.86924447119236,-6.120588358491659,2.86924447119236,true,true,-2.86924447119236,-0.8989832829684019,2.86924447119236,0.8989832829684019,WRONG,WRONG,false,false,-0.8989832829684019,0.8989832829684019,false,false,true,1.6653345369377348e-16,0.8989832829684019,0.466,fmnist__cnn1__linf__0.1__model_seed42_itr19_sgd_itr1_w363.bin
fmnist,cnn1,model_seed42_itr19_sgd_itr1,linf,0.1,1,445,-6.120588358491659,2.86924447119236,-6.120588358491659,2.86924447119236,true,true,-0.8989832829684021,-0.8989832829684021,0.8989832829684019,0.8989832829684019,WRONG,WRONG,false,false,-0.8989832829684021,0.8989832829684019,false,false,true,5.551115123125783e-17,0.8989832829684019,1.148,fmnist__cnn1__linf__0.1__model_seed42_itr19_sgd_itr1_w364.bin
fmnist,cnn1,model_seed42_itr19_sgd_itr1,linf,0.1,1,446,-6.120588358491659,2.86924447119236,-6.120588358491659,2.86924447119236,true,true,-2.86924447119236,-0.898983282968402,2.86924447119236,0.8989832829684018,WRONG,WRONG,false,false,-0.898983282968402,0.8989832829684018,false,false,true,0.7011352547644156,1.6001185377328175,0.436,fmnist__cnn1__linf__0.1__model_seed42_itr19_sgd_itr1_w365.bin
fmnist,cnn1,model_seed42_itr19_sgd_itr1,linf,0.1,1,447,-6.120588358491659,2.86924447119236,-6.120588358491659,2.86924447119236,true,true,-2.86924447119236,-0.8989832829684018,2.86924447119236,0.8989832829684017,WRONG,WRONG,false,false,-0.8989832829684018,0.8989832829684017,false,false,true,0.7326386183603644,1.6316219013287663,0.432,fmnist__cnn1__linf__0.1__model_seed42_itr19_sgd_itr1_w366.bin
fmnist,cnn1,model_seed42_itr19_sgd_itr1,linf,0.1,1,448,-6.120588358491659,2.86924447119236,-6.120588358491659,2.86924447119236,true,true,-0.8989832829684021,-0.8628443767287173,2.86924447119236,0.8989832829684017,WRONG,WRONG,false,false,-0.8989832829684021,0.8989832829684015,false,false,true,0.0,0.862844376728717,0.993,fmnist__cnn1__linf__0.1__model_seed42_itr19_sgd_itr1_w367.bin
fmnist,cnn1,model_seed42_itr19_sgd_itr1,linf,0.1,1,449,-6.120588358491659,2.86924447119236,-6.120588358491659,2.86924447119236,true,true,-2.86924447119236,-0.8989832829684019,2.86924447119236,0.8989832829684017,WRONG,WRONG,false,false,-0.8989832829684019,0.8989832829684017,false,false,true,1.3424809620713378,2.2414642450397397,0.423,fmnist__cnn1__linf__0.1__model_seed42_itr19_sgd_itr1_w368.bin
fmnist,cnn1,model_seed42_itr19_sgd_itr1,linf,0.1,1,450,-6.120588358491659,2.86924447119236,-6.120588358491659,2.86924447119236,true,true,-0.8989832829684019,-0.8989832829684019,0.8989832829684019,0.8989832829684019,WRONG,WRONG,false,false,-0.8989832829684019,0.8989832829684019,false,false,true,1.6653345369377348e-16,0.8989832829684018,1.458,fmnist__cnn1__linf__0.1__model_seed42_itr19_sgd_itr1_w369.bin
fmnist,cnn1,model_seed42_itr19_sgd_itr1,linf,0.1,1,451,-6.120588358491659,2.86924447119236,-6.120588358491659,2.86924447119236,true,true,-2.86924447119236,-0.8989832829684017,2.86924447119236,0.8989832829684016,WRONG,WRONG,false,false,-0.8989832829684017,0.8989832829684016,false,false,true,0.0,0.8989832829684016,0.436,fmnist__cnn1__linf__0.1__model_seed42_itr19_sgd_itr1_w370.bin
fmnist,cnn1,model_seed42_itr19_sgd_itr1,linf,0.1,1,452,-6.120588358491659,2.86924447119236,-6.120588358491659,2.86924447119236,true,true,-0.8989832829684021,-0.8989832829684021,0.8989832829684019,0.8989832829684019,WRONG,WRONG,false,false,-0.8989832829684021,0.8989832829684019,false,false,true,5.551115123125783e-17,0.8989832829684019,1.55,fmnist__cnn1__linf__0.1__model_seed42_itr19_sgd_itr1_w371.bin
fmnist,cnn1,model_seed42_itr19_sgd_itr1,linf,0.1,1,453,-6.120588358491659,2.86924447119236,-6.120588358491659,2.86924447119236,true,true,-2.86924447119236,-0.898983282968402,2.86924447119236,0.8989832829684019,WRONG,WRONG,false,false,-0.898983282968402,0.8989832829684019,false,false,true,1.6653345369377348e-16,0.898983282968402,0.453,fmnist__cnn1__linf__0.1__model_seed42_itr19_sgd_itr1_w372.bin
fmnist,cnn1,model_seed42_itr19_sgd_itr1,linf,0.1,1,454,-6.120588358491659,2.86924447119236,-6.120588358491659,2.86924447119236,true,true,-2.86924447119236,-0.8628443767287175,2.86924447119236,0.8989832829684019,WRONG,WRONG,false,false,-0.8989832829684019,0.8989832829684019,false,false,true,5.551115123125783e-17,0.8628443767287172,0.477,fmnist__cnn1__linf__0.1__model_seed42_itr19_sgd_itr1_w373.bin
fmnist,cnn1,model_seed42_itr19_sgd_itr1,linf,0.1,1,455,-6.120588358491659,2.86924447119236,-6.120588358491659,2.86924447119236,true,true,-0.8989832829684019,-0.8989832829684019,0.8989832829684019,0.8989832829684019,WRONG,WRONG,false,false,-0.8989832829684019,0.8989832829684019,false,false,true,3.3306690738754696e-16,0.8989832829684021,1.273,fmnist__cnn1__linf__0.1__model_seed42_itr19_sgd_itr1_w374.bin
fmnist,cnn1,model_seed42_itr19_sgd_itr1,linf,0.1,1,456,-6.120588358491659,2.86924447119236,-6.120588358491659,2.86924447119236,true,true,-2.86924447119236,-0.898983282968402,2.86924447119236,0.898983282968402,WRONG,WRONG,false,false,-0.898983282968402,0.898983282968402,false,false,true,0.020495672294754352,0.9194789552631559,0.465,fmnist__cnn1__linf__0.1__model_seed42_itr19_sgd_itr1_w375.bin
fmnist,cnn1,model_seed42_itr19_sgd_itr1,linf,0.1,1,457,-6.120588358491659,2.86924447119236,-6.120588358491659,2.86924447119236,true,true,-2.86924447119236,-0.8989832829684019,2.86924447119236,0.8628443767287173,WRONG,WRONG,false,false,-0.8989832829684019,0.8989832829684015,false,false,true,5.551115123125783e-17,0.8989832829684019,0.489,fmnist__cnn1__linf__0.1__model_seed42_itr19_sgd_itr1_w376.bin
fmnist,cnn1,model_seed42_itr19_sgd_itr1,linf,0.1,1,458,-6.120588358491659,2.86924447119236,-6.120588358491659,2.86924447119236,true,true,-0.8989832829684019,-0.8989832829684019,0.8989832829684019,0.8989832829684019,WRONG,WRONG,false,false,-0.8989832829684019,0.8989832829684019,false,false,true,5.551115123125783e-17,0.8989832829684019,1.631,fmnist__cnn1__linf__0.1__model_seed42_itr19_sgd_itr1_w377.bin
fmnist,cnn1,model_seed42_itr19_sgd_itr1,linf,0.1,1,459,-6.120588358491659,2.86924447119236,-6.120588358491659,2.86924447119236,true,true,-2.86924447119236,-0.898983282968402,2.86924447119236,0.8628443767287173,WRONG,WRONG,false,false,-0.898983282968402,0.8989832829684019,false,false,true,1.6653345369377348e-16,0.898983282968402,0.47,fmnist__cnn1__linf__0.1__model_seed42_itr19_sgd_itr1_w378.bin
fmnist,cnn1,model_seed42_itr19_sgd_itr1,linf,0.1,1,460,-6.120588358491659,2.86924447119236,-6.120588358491659,2.86924447119236,true,true,-2.86924447119236,-0.8989832829684019,0.8989832829684017,0.8989832829684017,WRONG,WRONG,false,false,-0.8989832829684018,0.8989832829684017,false,false,true,2.220446049250313e-16,0.8989832829684021,0.934,fmnist__cnn1__linf__0.1__model_seed42_itr19_sgd_itr1_w379.bin
fmnist,cnn1,model_seed42_itr19_sgd_itr1,linf,0.1,1,461,-6.120588358491659,2.86924447119236,-6.120588358491659,2.86924447119236,true,true,-2.86924447119236,-0.8989832829684019,2.86924447119236,0.8989832829684019,WRONG,WRONG,false,false,-0.8989832829684019,0.8989832829684019,false,false,true,1.3490473917760732,2.248030674744475,0.461,fmnist__cnn1__linf__0.1__model_seed42_itr19_sgd_itr1_w380.bin
fmnist,cnn1,model_seed42_itr19_sgd_itr1,linf,0.1,1,462,-6.120588358491659,2.86924447119236,-6.120588358491659,2.86924447119236,true,true,-2.86924447119236,-0.898983282968402,2.86924447119236,0.8989832829684019,WRONG,WRONG,false,false,-0.898983282968402,0.8989832829684019,false,false,true,0.2596571412486781,1.15864042421708,0.443,fmnist__cnn1__linf__0.1__model_seed42_itr19_sgd_itr1_w381.bin
fmnist,cnn1,model_seed42_itr19_sgd_itr1,linf,0.1,1,463,-6.120588358491659,2.86924447119236,-6.120588358491659,2.86924447119236,true,true,-0.8989832829684019,-0.8989832829684019,0.8989832829684018,0.8989832829684018,WRONG,WRONG,false,false,-0.8989832829684019,0.8989832829684018,false,false,true,5.551115123125783e-17,0.8989832829684017,1.609,fmnist__cnn1__linf__0.1__model_seed42_itr19_sgd_itr1_w382.bin
fmnist,cnn1,model_seed42_itr19_sgd_itr1,linf,0.1,1,464,-6.120588358491659,2.86924447119236,-6.120588358491659,2.86924447119236,true,true,-2.86924447119236,-0.8989832829684021,2.86924447119236,0.8989832829684021,WRONG,WRONG,false,false,-0.8989832829684021,0.8989832829684021,false,false,true,0.4432615258810719,1.3422448088494738,0.484,fmnist__cnn1__linf__0.1__model_seed42_itr19_sgd_itr1_w383.bin
fmnist,cnn1,model_seed42_itr19_sgd_itr1,linf,0.1,1,465,-6.120588358491659,2.86924447119236,-6.120588358491659,2.86924447119236,true,true,-2.86924447119236,-0.898983282968402,2.86924447119236,0.8989832829684019,WRONG,WRONG,false,false,-0.898983282968402,0.8989832829684019,false,false,true,0.6627344700412028,1.5617177530096047,0.479,fmnist__cnn1__linf__0.1__model_seed42_itr19_sgd_itr1_w384.bin
fmnist,cnn1,model_seed42_itr19_sgd_itr1,linf,0.1,1,466,-6.120588358491659,2.86924447119236,-6.120588358491659,2.86924447119236,true,true,-2.86924447119236,-0.898983282968402,0.8989832829684019,0.8989832829684019,WRONG,WRONG,false,false,-0.8989832829684018,0.8989832829684019,false,false,true,5.551115123125783e-17,0.8989832829684019,1.029,fmnist__cnn1__linf__0.1__model_seed42_itr19_sgd_itr1_w385.bin
fmnist,cnn1,model_seed42_itr19_sgd_itr1,linf,0.1,1,467,-6.120588358491659,2.86924447119236,-6.120588358491659,2.86924447119236,true,true,-2.86924447119236,-0.8989832829684021,2.86924447119236,0.8989832829684019,WRONG,WRONG,false,false,-0.8989832829684021,0.8989832829684019,false,false,true,0.8069788112641212,1.705962094232523,0.508,fmnist__cnn1__linf__0.1__model_seed42_itr19_sgd_itr1_w386.bin
fmnist,cnn1,model_seed42_itr19_sgd_itr1,linf,0.1,1,468,-6.120588358491659,2.86924447119236,-6.120588358491659,2.86924447119236,true,true,-2.86924447119236,-0.8989832829684017,2.86924447119236,0.8628443767287173,WRONG,WRONG,false,false,-0.8989832829684017,0.8989832829684018,false,false,true,0.20748116893901905,1.1064644519074212,0.479,fmnist__cnn1__linf__0.1__model_seed42_itr19_sgd_itr1_w387.bin
fmnist,cnn1,model_seed42_itr19_sgd_itr1,linf,0.1,1,469,-6.120588358491659,2.86924447119236,-6.120588358491659,2.86924447119236,true,true,-2.86924447119236,-0.8989832829684017,2.86924447119236,0.8989832829684018,WRONG,WRONG,false,false,-0.8989832829684017,0.8989832829684018,false,false,true,0.7930358857495379,1.6920191687179393,0.446,fmnist__cnn1__linf__0.1__model_seed42_itr19_sgd_itr1_w388.bin
fmnist,cnn1,model_seed42_itr19_sgd_itr1,linf,0.1,1,470,-6.120588358491659,2.86924447119236,-6.120588358491659,2.86924447119236,true,true,-2.86924447119236,-0.8989832829684017,2.86924447119236,0.8989832829684017,WRONG,WRONG,false,false,-0.8989832829684017,0.8989832829684017,false,false,true,1.15867346153346,2.0576567445018616,0.471,fmnist__cnn1__linf__0.1__model_seed42_itr19_sgd_itr1_w389.bin
fmnist,cnn1,model_seed42_itr19_sgd_itr1,linf,0.1,1,471,-6.120588358491659,2.86924447119236,-6.120588358491659,2.86924447119236,true,true,-2.86924447119236,-0.8989832829684019,2.86924447119236,0.8989832829684015,WRONG,WRONG,false,false,-0.8989832829684019,0.8989832829684015,false,false,true,0.7404529442033432,1.6394362271717453,0.465,fmnist__cnn1__linf__0.1__model_seed42_itr19_sgd_itr1_w390.bin
fmnist,cnn1,model_seed42_itr19_sgd_itr1,linf,0.1,1,472,-6.120588358491659,2.86924447119236,-6.120588358491659,2.86924447119236,true,true,-2.86924447119236,-0.8989832829684019,0.8989832829684019,0.8989832829684019,WRONG,WRONG,false,false,-0.8989832829684018,0.8989832829684019,false,false,true,5.551115123125783e-17,0.8989832829684019,1.185,fmnist__cnn1__linf__0.1__model_seed42_itr19_sgd_itr1_w391.bin
fmnist,cnn1,model_seed42_itr19_sgd_itr1,linf,0.1,1,473,-6.120588358491659,2.86924447119236,-6.120588358491659,2.86924447119236,true,true,-2.86924447119236,-0.8989832829684017,2.86924447119236,0.898983282968402,WRONG,WRONG,false,false,-0.8989832829684017,0.898983282968402,false,false,true,0.9521366897970438,1.8511199727654457,0.462,fmnist__cnn1__linf__0.1__model_seed42_itr19_sgd_itr1_w392.bin
fmnist,cnn1,model_seed42_itr19_sgd_itr1,linf,0.1,1,474,-6.120588358491659,2.86924447119236,-6.120588358491659,2.86924447119236,true,true,-2.86924447119236,-0.8989832829684019,2.86924447119236,0.8989832829684019,WRONG,WRONG,false,false,-0.8989832829684019,0.8989832829684019,false,false,true,0.11255114115774636,1.0115344241261481,0.455,fmnist__cnn1__linf__0.1__model_seed42_itr19_sgd_itr1_w393.bin
fmnist,cnn1,model_seed42_itr19_sgd_itr1,linf,0.1,1,475,-6.120588358491659,2.86924447119236,-6.120588358491659,2.86924447119236,true,true,-2.86924447119236,-0.8989832829684019,2.86924447119236,0.8989832829684019,WRONG,WRONG,false,false,-0.8989832829684019,0.8989832829684019,false,false,true,0.5998311624472086,1.4988144454156105,0.503,fmnist__cnn1__linf__0.1__model_seed42_itr19_sgd_itr1_w394.bin
fmnist,cnn1,model_seed42_itr19_sgd_itr1,linf,0.1,1,476,-6.120588358491659,2.86924447119236,-6.120588358491659,2.86924447119236,true,true,-2.86924447119236,-0.8989832829684019,2.86924447119236,0.898983282968402,WRONG,WRONG,false,false,-0.8989832829684019,0.898983282968402,false,false,true,1.0553302923046304,1.954313575273032,0.51,fmnist__cnn1__linf__0.1__model_seed42_itr19_sgd_itr1_w395.bin
fmnist,cnn1,model_seed42_itr19_sgd_itr1,linf,0.1,1,477,-6.120588358491659,2.86924447119236,-6.120588358491659,2.86924447119236,true,true,-0.8989832829684018,-0.8989832829684018,0.8989832829684021,0.8989832829684021,WRONG,WRONG,false,false,-0.8989832829684018,0.8989832829684021,false,false,true,5.551115123125783e-17,0.8989832829684019,1.405,fmnist__cnn1__linf__0.1__model_seed42_itr19_sgd_itr1_w396.bin
fmnist,cnn1,model_seed42_itr19_sgd_itr1,linf,0.1,1,478,-6.120588358491659,2.86924447119236,-6.120588358491659,2.86924447119236,true,true,-2.86924447119236,-0.8989832829684017,2.86924447119236,0.8989832829684019,WRONG,WRONG,false,false,-0.8989832829684017,0.8989832829684019,false,false,true,0.0,0.8989832829684015,0.477,fmnist__cnn1__linf__0.1__model_seed42_itr19_sgd_itr1_w397.bin
fmnist,cnn1,model_seed42_itr19_sgd_itr1,linf,0.1,1,479,-6.120588358491659,2.86924447119236,-6.120588358491659,2.86924447119236,true,true,-2.86924447119236,-0.8989832829684018,2.86924447119236,0.8989832829684019,WRONG,WRONG,false,false,-0.8989832829684018,0.8989832829684019,false,false,true,0.1322135325622371,1.031196815530639,0.485,fmnist__cnn1__linf__0.1__model_seed42_itr19_sgd_itr1_w398.bin
fmnist,cnn1,model_seed42_itr19_sgd_itr1,linf,0.1,1,480,-6.120588358491659,2.86924447119236,-6.120588358491659,2.86924447119236,true,true,-2.86924447119236,-0.8989832829684021,2.86924447119236,0.8989832829684019,WRONG,WRONG,false,false,-0.8989832829684021,0.8989832829684019,false,false,true,1.6653345369377348e-16,0.898983282968402,0.465,fmnist__cnn1__linf__0.1__model_seed42_itr19_sgd_itr1_w399.bin
fmnist,cnn1,model_seed42_itr19_sgd_itr1,linf,0.1,1,481,-6.120588358491659,2.86924447119236,-6.120588358491659,2.86924447119236,true,true,-0.8989832829684018,-0.8989832829684018,0.898983282968402,0.898983282968402,WRONG,WRONG,false,false,-0.8989832829684018,0.898983282968402,false,false,true,2.220446049250313e-16,0.8989832829684018,1.656,fmnist__cnn1__linf__0.1__model_seed42_itr19_sgd_itr1_w400.bin
fmnist,cnn1,model_seed42_itr19_sgd_itr1,linf,0.1,1,482,-6.120588358491659,2.86924447119236,-6.120588358491659,2.86924447119236,true,true,-2.86924447119236,-0.898983282968402,2.86924447119236,0.898983282968402,WRONG,WRONG,false,false,-0.898983282968402,0.898983282968402,false,false,true,0.47737456734968653,1.3763578503180884,0.458,fmnist__cnn1__linf__0.1__model_seed42_itr19_sgd_itr1_w401.bin
fmnist,cnn1,model_seed42_itr19_sgd_itr1,linf,0.1,1,483,-6.120588358491659,2.86924447119236,-6.120588358491659,2.86924447119236,true,true,-2.86924447119236,-0.8989832829684019,2.86924447119236,0.8989832829684021,WRONG,WRONG,false,false,-0.8989832829684019,0.8989832829684021,false,false,true,1.3877787807814457e-16,0.898983282968402,0.495,fmnist__cnn1__linf__0.1__model_seed42_itr19_sgd_itr1_w402.bin
fmnist,cnn1,model_seed42_itr19_sgd_itr1,linf,0.1,1,484,-6.120588358491659,2.86924447119236,-6.120588358491659,2.86924447119236,true,true,-0.898983282968402,-0.898983282968402,0.8989832829684019,0.8989832829684019,WRONG,WRONG,false,false,-0.898983282968402,0.8989832829684019,false,false,true,5.551115123125783e-17,0.8989832829684018,1.609,fmnist__cnn1__linf__0.1__model_seed42_itr19_sgd_itr1_w403.bin
fmnist,cnn1,model_seed42_itr19_sgd_itr1,linf,0.1,1,485,-6.120588358491659,2.86924447119236,-6.120588358491659,2.86924447119236,true,true,-0.8989832829684019,-0.8989832829684019,0.8989832829684028,0.8989832829684028,WRONG,WRONG,false,false,-0.8989832829684019,0.8989832829684028,false,false,true,2.220446049250313e-16,0.898983282968402,1.699,fmnist__cnn1__linf__0.1__model_seed42_itr19_sgd_itr1_w404.bin
fmnist,cnn1,model_seed42_itr19_sgd_itr1,linf,0.1,1,486,-6.120588358491659,2.86924447119236,-6.120588358491659,2.86924447119236,true,true,-0.8989832829684018,-0.8989832829684018,0.8989832829684019,0.8989832829684019,WRONG,WRONG,false,false,-0.8989832829684018,0.8989832829684019,false,false,true,2.498001805406602e-16,0.8989832829684017,1.057,fmnist__cnn1__linf__0.1__model_seed42_itr19_sgd_itr1_w405.bin
