dataset,arch,model,perturbation,size,layer,neuron,l_org,u_org,l_pert,u_pert,guard_ge,guard_le,min_bound,min_val,max_bound,max_val,verdict_ge,verdict_le,old_stamp_ge,old_stamp_le,old_val_min,old_val_max,fired_ge,fired_le,witness_ok,witness_z,witness_zp,probe_sec,witness_file
har,har,har,linf,0.01,1,1,-16.124887475199998,16.1642072752,-16.124887475199998,16.1642072752,true,true,-16.1642072752,-0.16144547375199825,16.1642072752,0.1105203456122732,WRONG,WRONG,false,false,-0.16144547375199525,0.1105203456122732,false,false,true,0.0,0.16144547375199483,11.661,har__har__linf__0.01__har_w1.bin
har,har,har,linf,0.01,1,2,-18.711622076670018,18.924812076670015,-18.71162207667,18.924812076669998,false,false,NaN,NaN,NaN,NaN,n/a,n/a,false,false,NaN,NaN,n/a,n/a,false,NaN,NaN,0.0,
har,har,har,linf,0.01,1,3,-16.090543534600002,16.1878977346,-16.090543534600002,16.1878977346,true,true,-0.16139220634601806,-0.16139220634601806,0.16139220634602758,0.16139220634602758,WRONG,WRONG,false,false,-0.16139220634601806,0.16139220634602758,false,false,true,0.0,0.16139220634599466,6.991,har__har__linf__0.01__har_w2.bin
har,har,har,linf,0.01,1,4,-14.22403603582,14.378247235819998,-14.22403603582,14.378247235819998,true,true,-14.378247235819998,-0.14301141635819326,14.378247235819998,0.14299786909760615,WRONG,WRONG,false,false,-0.14301141635819326,0.14299786909760615,false,false,true,2.2548514196536704,2.3978628360118712,5.561,har__har__linf__0.01__har_w3.bin
har,har,har,linf,0.01,1,5,-15.696685352000005,15.672933152000004,-15.696685352000001,15.672933152,false,false,NaN,NaN,NaN,NaN,n/a,n/a,false,false,NaN,NaN,n/a,n/a,false,NaN,NaN,0.0,
har,har,har,linf,0.01,1,6,-16.339564398740016,16.340122652740014,-16.339564398740002,16.34012265274,false,false,NaN,NaN,NaN,NaN,n/a,n/a,false,false,NaN,NaN,n/a,n/a,false,NaN,NaN,0.0,
har,har,har,linf,0.01,1,7,-11.61715274931,11.60807804931,-11.617152749310002,11.608078049310002,false,false,NaN,NaN,NaN,NaN,n/a,n/a,false,false,NaN,NaN,n/a,n/a,false,NaN,NaN,0.0,
har,har,har,linf,0.01,1,8,-14.745284127600002,14.7304488676,-14.7452841276,14.730448867599998,false,false,NaN,NaN,NaN,NaN,n/a,n/a,false,false,NaN,NaN,n/a,n/a,false,NaN,NaN,0.0,
har,har,har,linf,0.01,1,9,-15.304610989499993,15.224796589499993,-15.304610989500002,15.224796589500002,false,false,NaN,NaN,NaN,NaN,n/a,n/a,false,false,NaN,NaN,n/a,n/a,false,NaN,NaN,0.0,
har,har,har,linf,0.01,1,10,-10.436366902799985,10.388681702799985,-10.4363669028,10.3886817028,false,false,NaN,NaN,NaN,NaN,n/a,n/a,false,false,NaN,NaN,n/a,n/a,false,NaN,NaN,0.0,
har,har,har,linf,0.01,1,11,-11.887568358940003,11.952968158940005,-11.887568358939998,11.95296815894,false,false,NaN,NaN,NaN,NaN,n/a,n/a,false,false,NaN,NaN,n/a,n/a,false,NaN,NaN,0.0,
har,har,har,linf,0.01,1,12,-14.602859378200018,14.660668778200018,-14.602859378199996,14.660668778199996,false,false,NaN,NaN,NaN,NaN,n/a,n/a,false,false,NaN,NaN,n/a,n/a,false,NaN,NaN,0.0,
har,har,har,linf,0.01,1,13,-16.895614540599993,16.93948814059999,-16.8956145406,16.939488140599998,false,false,NaN,NaN,NaN,NaN,n/a,n/a,false,false,NaN,NaN,n/a,n/a,false,NaN,NaN,0.0,
har,har,har,linf,0.01,1,14,-14.548174844039982,14.566193724039982,-14.548174844040002,14.566193724040001,false,false,NaN,NaN,NaN,NaN,n/a,n/a,false,false,NaN,NaN,n/a,n/a,false,NaN,NaN,0.0,
har,har,har,linf,0.01,1,15,-14.465913950999996,14.428495350999997,-14.465913951000001,14.428495351000002,false,false,NaN,NaN,NaN,NaN,n/a,n/a,false,false,NaN,NaN,n/a,n/a,false,NaN,NaN,0.0,
har,har,har,linf,0.01,1,16,-12.02738034599999,12.02178302599999,-12.027380346000001,12.021783026000001,false,false,NaN,NaN,NaN,NaN,n/a,n/a,false,false,NaN,NaN,n/a,n/a,false,NaN,NaN,0.0,
har,har,har,linf,0.01,1,17,-9.302048216534008,9.314294976534008,-9.302048216533999,9.31429359301834,false,false,NaN,NaN,NaN,NaN,n/a,n/a,false,false,NaN,NaN,n/a,n/a,false,NaN,NaN,0.0,
har,har,har,linf,0.01,1,18,-14.346687545799995,14.478306145799994,-14.346687545800002,14.478306145800001,false,false,NaN,NaN,NaN,NaN,n/a,n/a,false,false,NaN,NaN,n/a,n/a,false,NaN,NaN,0.0,
har,har,har,linf,0.01,1,19,-11.068538510899987,11.020150910899986,-11.0685385109,11.020150910899998,false,false,NaN,NaN,NaN,NaN,n/a,n/a,false,false,NaN,NaN,n/a,n/a,false,NaN,NaN,0.0,
har,har,har,linf,0.01,1,20,-13.685247302103013,13.746541702103015,-13.685247302103,13.746538803463032,false,false,NaN,NaN,NaN,NaN,n/a,n/a,false,false,NaN,NaN,n/a,n/a,false,NaN,NaN,0.0,
har,har,har,linf,0.01,1,21,-11.094786913300004,11.030882713300004,-11.0947869133,11.0308827133,false,false,NaN,NaN,NaN,NaN,n/a,n/a,false,false,NaN,NaN,n/a,n/a,false,NaN,NaN,0.0,
har,har,har,linf,0.01,1,22,-11.798012812600001,11.793797772600003,-11.7980128126,11.793797772600001,false,false,NaN,NaN,NaN,NaN,n/a,n/a,false,false,NaN,NaN,n/a,n/a,false,NaN,NaN,0.0,
har,har,har,linf,0.01,1,23,-8.233001924595003,8.228145444595002,-8.233001924595,8.228144803705549,false,false,NaN,NaN,NaN,NaN,n/a,n/a,false,false,NaN,NaN,n/a,n/a,false,NaN,NaN,0.0,
har,har,har,linf,0.01,1,24,-11.680875688700006,11.612632888700006,-11.6808756887,11.6126328887,false,false,NaN,NaN,NaN,NaN,n/a,n/a,false,false,NaN,NaN,n/a,n/a,false,NaN,NaN,0.0,
har,har,har,linf,0.01,1,25,-11.26568787040001,11.18607907040001,-11.265687870399999,11.1860790704,false,false,NaN,NaN,NaN,NaN,n/a,n/a,false,false,NaN,NaN,n/a,n/a,false,NaN,NaN,0.0,
har,har,har,linf,0.01,1,26,-14.698426455560003,14.640840455560003,-14.69842645556,14.64084045556,false,false,NaN,NaN,NaN,NaN,n/a,n/a,false,false,NaN,NaN,n/a,n/a,false,NaN,NaN,0.0,
har,har,har,linf,0.01,1,27,-13.565684320090007,13.567724220090007,-13.56568432009,13.56772422009,false,false,NaN,NaN,NaN,NaN,n/a,n/a,false,false,NaN,NaN,n/a,n/a,false,NaN,NaN,0.0,
har,har,har,linf,0.01,1,28,-15.241507104839991,15.243796744839992,-15.24150710484,15.243796744840001,false,false,NaN,NaN,NaN,NaN,n/a,n/a,false,false,NaN,NaN,n/a,n/a,false,NaN,NaN,0.0,
har,har,har,linf,0.01,1,29,-11.130287792600003,11.156206992600003,-11.1302877926,11.156206992600001,false,false,NaN,NaN,NaN,NaN,n/a,n/a,false,false,NaN,NaN,n/a,n/a,false,NaN,NaN,0.0,
har,har,har,linf,0.01,1,30,-11.152065679600007,11.097369079600007,-11.152065679600002,11.097369079600002,false,false,NaN,NaN,NaN,NaN,n/a,n/a,false,false,NaN,NaN,n/a,n/a,false,NaN,NaN,0.0,
har,har,har,linf,0.01,1,31,-15.042267344499995,15.068032344499995,-15.042267344499999,15.068032344499999,false,false,NaN,NaN,NaN,NaN,n/a,n/a,false,false,NaN,NaN,n/a,n/a,false,NaN,NaN,0.0,
har,har,har,linf,0.01,1,32,-10.718902404200001,10.644711004200001,-10.7189024042,10.6447110042,false,false,NaN,NaN,NaN,NaN,n/a,n/a,false,false,NaN,NaN,n/a,n/a,false,NaN,NaN,0.0,
har,har,har,linf,0.01,1,33,-16.06102229908001,16.043184499080006,-16.061022299079998,16.043184499079995,false,false,NaN,NaN,NaN,NaN,n/a,n/a,false,false,NaN,NaN,n/a,n/a,false,NaN,NaN,0.0,
har,har,har,linf,0.01,1,34,-14.766879170910007,14.666549570910009,-14.76687917091,14.666549570910002,false,false,NaN,NaN,NaN,NaN,n/a,n/a,false,false,NaN,NaN,n/a,n/a,false,NaN,NaN,0.0,
har,har,har,linf,0.01,1,35,-21.435287791750017,21.426221331750018,-21.435287791750007,21.426221331750007,false,false,NaN,NaN,NaN,NaN,n/a,n/a,false,false,NaN,NaN,n/a,n/a,false,NaN,NaN,0.0,
har,har,har,linf,0.01,1,36,-15.525243779100004,15.352853379100003,-15.5252437791,15.352853379099999,false,false,NaN,NaN,NaN,NaN,n/a,n/a,false,false,NaN,NaN,n/a,n/a,false,NaN,NaN,0.0,
har,har,har,linf,0.01,1,37,-11.50591536834,11.40964576834,-11.505915368339998,11.409645768339999,false,false,NaN,NaN,NaN,NaN,n/a,n/a,false,false,NaN,NaN,n/a,n/a,false,NaN,NaN,0.0,
har,har,har,linf,0.01,1,38,-17.1208491763,17.240617576299996,-17.1208491763,17.240617576299996,true,true,-0.171807333763036,-0.171807333763036,0.17180733376302199,0.17180733376302199,WRONG,WRONG,false,false,-0.171807333763036,0.17180733376302199,false,false,true,5.412337245047638e-15,0.17180733376300533,5.444,har__har__linf__0.01__har_w4.bin
har,har,har,linf,0.01,1,39,-16.141404568400016,16.02363476840002,-16.1414045684,16.0236347684,false,false,NaN,NaN,NaN,NaN,n/a,n/a,false,false,NaN,NaN,n/a,n/a,false,NaN,NaN,0.0,
har,har,har,linf,0.01,1,40,-14.74256145790001,14.80185925790001,-14.7425614579,14.8018592579,false,false,NaN,NaN,NaN,NaN,n/a,n/a,false,false,NaN,NaN,n/a,n/a,false,NaN,NaN,0.0,
har,har,har,linf,0.01,1,41,-10.694459895699989,10.64308309569999,-10.6944598957,10.6430830957,false,false,NaN,NaN,NaN,NaN,n/a,n/a,false,false,NaN,NaN,n/a,n/a,false,NaN,NaN,0.0,
har,har,har,linf,0.01,1,42,-9.458947663623997,9.490421463623997,-9.458947663624002,9.49042031570444,true,false,-0.09474684563623975,-0.09474684563623975,0.09474684563623606,0.09474684563623606,WRONG,n/a,false,false,-0.09474684563623975,NaN,false,n/a,true,0.0,0.09474684563623946,5.184,har__har__linf__0.01__har_w5.bin
har,har,har,linf,0.01,1,43,-15.351590775843716,15.412635375843715,-15.351590775843698,15.412635301569535,false,false,NaN,NaN,NaN,NaN,n/a,n/a,false,false,NaN,NaN,n/a,n/a,false,NaN,NaN,0.0,
har,har,har,linf,0.01,1,44,-11.4794246568,11.405779456799998,-11.479424656800003,11.405779456800001,false,false,NaN,NaN,NaN,NaN,n/a,n/a,false,false,NaN,NaN,n/a,n/a,false,NaN,NaN,0.0,
har,har,har,linf,0.01,1,45,-13.675649252799994,13.688121632799993,-13.6756492528,13.688121632799998,false,false,NaN,NaN,NaN,NaN,n/a,n/a,false,false,NaN,NaN,n/a,n/a,false,NaN,NaN,0.0,
har,har,har,linf,0.01,1,46,-10.941374705700005,10.925917625700004,-10.941374705700001,10.9259176257,false,false,NaN,NaN,NaN,NaN,n/a,n/a,false,false,NaN,NaN,n/a,n/a,false,NaN,NaN,0.0,
har,har,har,linf,0.01,1,47,-14.598711178400002,14.8146531784,-14.598711178400002,14.8146531784,true,true,-14.8146531784,-0.14706682178399683,14.8146531784,0.14643865307679133,WRONG,WRONG,false,false,-0.14706682178399683,0.1470668217839961,false,false,true,0.4923371867714365,0.6394040085554371,6.087,har__har__linf__0.01__har_w6.bin
har,har,har,linf,0.01,1,48,-10.975493981789992,11.009925181789992,-10.975493981789999,11.009925181789999,false,false,NaN,NaN,NaN,NaN,n/a,n/a,false,false,NaN,NaN,n/a,n/a,false,NaN,NaN,0.0,
har,har,har,linf,0.01,1,49,-10.974646642799998,10.936277642799999,-10.974646642800002,10.936277642800002,false,false,NaN,NaN,NaN,NaN,n/a,n/a,false,false,NaN,NaN,n/a,n/a,false,NaN,NaN,0.0,
har,har,har,linf,0.01,1,50,-10.557788834909998,10.502445034909998,-10.557788834909998,10.502445034909998,true,true,-0.10530116934909833,-0.10530116934909833,0.10530116934909728,0.10530116934909728,WRONG,WRONG,false,false,-0.10530116934909833,0.10530116934909728,false,false,true,0.0,0.10530116934909661,6.009,har__har__linf__0.01__har_w7.bin
har,har,har,linf,0.01,1,51,-15.213361473460012,15.35536267346001,-15.21336147346,15.355362673459998,false,false,NaN,NaN,NaN,NaN,n/a,n/a,false,false,NaN,NaN,n/a,n/a,false,NaN,NaN,0.0,
har,har,har,linf,0.01,1,52,-14.80973262616,14.77430362616,-14.80973262616,14.77430362616,true,true,-14.77430362616,-0.14391898624616406,14.77430362616,0.14345443542237413,WRONG,WRONG,false,false,-0.14792018126160222,0.14792018126160933,false,false,true,0.5653365420460388,0.7092555282921985,7.576,har__har__linf__0.01__har_w8.bin
har,har,har,linf,0.01,1,53,-15.87389062843,16.04447882843,-15.873890628429999,16.044478828429998,false,false,NaN,NaN,NaN,NaN,n/a,n/a,false,false,NaN,NaN,n/a,n/a,false,NaN,NaN,0.0,
har,har,har,linf,0.01,1,54,-11.241303937800007,11.168958737800006,-11.2413039378,11.168958737799999,false,false,NaN,NaN,NaN,NaN,n/a,n/a,false,false,NaN,NaN,n/a,n/a,false,NaN,NaN,0.0,
har,har,har,linf,0.01,1,55,-15.22346095286,15.156453552859999,-15.22346095286,15.156453552859999,true,true,-0.15189957252862232,-0.15189957252862232,0.1518995725286147,0.1518995725286147,WRONG,WRONG,false,false,-0.15189957252862232,0.1518995725286147,false,false,true,0.0,0.15189957252859043,4.479,har__har__linf__0.01__har_w9.bin
har,har,har,linf,0.01,1,56,-14.279201581300004,14.483849581300003,-14.2792015813,14.4838495813,false,false,NaN,NaN,NaN,NaN,n/a,n/a,false,false,NaN,NaN,n/a,n/a,false,NaN,NaN,0.0,
har,har,har,linf,0.01,1,57,-13.58650714150001,13.53284114150001,-13.586507141499998,13.532841141499999,false,false,NaN,NaN,NaN,NaN,n/a,n/a,false,false,NaN,NaN,n/a,n/a,false,NaN,NaN,0.0,
har,har,har,linf,0.01,1,58,-16.22804515509999,16.16542655509999,-16.228045155100002,16.1654265551,false,false,NaN,NaN,NaN,NaN,n/a,n/a,false,false,NaN,NaN,n/a,n/a,false,NaN,NaN,0.0,
har,har,har,linf,0.01,1,59,-10.475158668437011,10.587830468437012,-10.475158071482769,10.587830468437,false,false,NaN,NaN,NaN,NaN,n/a,n/a,false,false,NaN,NaN,n/a,n/a,false,NaN,NaN,0.0,
har,har,har,linf,0.01,1,60,-10.843066056087999,10.912486656088,-10.843066056088,10.912486656088001,false,false,NaN,NaN,NaN,NaN,n/a,n/a,false,false,NaN,NaN,n/a,n/a,false,NaN,NaN,0.0,
har,har,har,linf,0.01,1,61,-11.942018488699981,11.86074988869998,-11.9420184887,11.8607498887,false,false,NaN,NaN,NaN,NaN,n/a,n/a,false,false,NaN,NaN,n/a,n/a,false,NaN,NaN,0.0,
har,har,har,linf,0.01,1,62,-14.671174212300004,14.814105612300002,-14.671174212299999,14.814105612299997,false,false,NaN,NaN,NaN,NaN,n/a,n/a,false,false,NaN,NaN,n/a,n/a,false,NaN,NaN,0.0,
har,har,har,linf,0.01,1,63,-13.0026179395,12.817739539500002,-13.002617939499999,12.8177395395,false,false,NaN,NaN,NaN,NaN,n/a,n/a,false,false,NaN,NaN,n/a,n/a,false,NaN,NaN,0.0,
har,har,har,linf,0.01,1,64,-13.918940188800008,14.09363078880001,-13.918940188799999,14.0936307888,false,false,NaN,NaN,NaN,NaN,n/a,n/a,false,false,NaN,NaN,n/a,n/a,false,NaN,NaN,0.0,
har,har,har,linf,0.01,1,65,-11.268813348600004,11.204222948600004,-11.268813348599998,11.204222948599998,false,false,NaN,NaN,NaN,NaN,n/a,n/a,false,false,NaN,NaN,n/a,n/a,false,NaN,NaN,0.0,
har,har,har,linf,0.01,1,66,-11.871802766599991,11.811095966599993,-11.8718027666,11.811095966600002,false,false,NaN,NaN,NaN,NaN,n/a,n/a,false,false,NaN,NaN,n/a,n/a,false,NaN,NaN,0.0,
har,har,har,linf,0.01,1,67,-10.952411454600004,10.883097654600004,-10.952411454599998,10.883097654599998,false,false,NaN,NaN,NaN,NaN,n/a,n/a,false,false,NaN,NaN,n/a,n/a,false,NaN,NaN,0.0,
har,har,har,linf,0.01,1,68,-10.532712586999983,10.503067786999983,-10.532712586999999,10.503067786999999,false,false,NaN,NaN,NaN,NaN,n/a,n/a,false,false,NaN,NaN,n/a,n/a,false,NaN,NaN,0.0,
har,har,har,linf,0.01,1,69,-11.525049158400021,11.52047945840002,-11.5250491584,11.520479458399999,false,false,NaN,NaN,NaN,NaN,n/a,n/a,false,false,NaN,NaN,n/a,n/a,false,NaN,NaN,0.0,
har,har,har,linf,0.01,1,70,-11.596441144050003,11.562183544050002,-11.59644114405,11.56218354405,false,false,NaN,NaN,NaN,NaN,n/a,n/a,false,false,NaN,NaN,n/a,n/a,false,NaN,NaN,0.0,
har,har,har,linf,0.01,1,71,-11.846564608699987,11.797732408699988,-11.8465646087,11.7977324087,false,false,NaN,NaN,NaN,NaN,n/a,n/a,false,false,NaN,NaN,n/a,n/a,false,NaN,NaN,0.0,
har,har,har,linf,0.01,1,72,-14.051498763,13.985336562999999,-14.051498763,13.985336562999999,true,true,-13.985336562999999,-0.14018417662999472,13.985336562999999,0.13847082496049534,WRONG,WRONG,false,false,-0.14018417662999472,0.14018417662999472,false,false,true,1.9985891906435227,2.1387733672735227,5.155,har__har__linf__0.01__har_w10.bin
har,har,har,linf,0.01,1,73,-13.942495249799995,14.000214049799995,-13.942495249799999,14.000214049799999,false,false,NaN,NaN,NaN,NaN,n/a,n/a,false,false,NaN,NaN,n/a,n/a,false,NaN,NaN,0.0,
har,har,har,linf,0.01,1,74,-13.95541380057002,13.84803840057002,-13.955413800569998,13.84803840057,false,false,NaN,NaN,NaN,NaN,n/a,n/a,false,false,NaN,NaN,n/a,n/a,false,NaN,NaN,0.0,
har,har,har,linf,0.01,1,75,-13.812686392600009,13.81061691260001,-13.812686392600002,13.810616912600002,false,false,NaN,NaN,NaN,NaN,n/a,n/a,false,false,NaN,NaN,n/a,n/a,false,NaN,NaN,0.0,
har,har,har,linf,0.01,1,76,-23.35364319723503,23.56724319723503,-23.353641347380748,23.567243197234998,false,false,NaN,NaN,NaN,NaN,n/a,n/a,false,false,NaN,NaN,n/a,n/a,false,NaN,NaN,0.0,
har,har,har,linf,0.01,1,77,-15.928805770200016,15.798297370200016,-15.928805770199999,15.798297370199998,false,false,NaN,NaN,NaN,NaN,n/a,n/a,false,false,NaN,NaN,n/a,n/a,false,NaN,NaN,0.0,
har,har,har,linf,0.01,1,78,-11.517121140499999,11.502386240499998,-11.5171211405,11.5023862405,false,false,NaN,NaN,NaN,NaN,n/a,n/a,false,false,NaN,NaN,n/a,n/a,false,NaN,NaN,0.0,
har,har,har,linf,0.01,1,79,-15.164512090399995,15.282798490399994,-15.164512090400002,15.282798490400001,false,false,NaN,NaN,NaN,NaN,n/a,n/a,false,false,NaN,NaN,n/a,n/a,false,NaN,NaN,0.0,
har,har,har,linf,0.01,1,80,-14.533685132199999,14.729496532199999,-14.5336851322,14.7294965322,false,false,NaN,NaN,NaN,NaN,n/a,n/a,false,false,NaN,NaN,n/a,n/a,false,NaN,NaN,0.0,
har,har,har,linf,0.01,1,81,-13.388259287179007,13.409578487179008,-13.388259287178998,13.40957797539279,false,false,NaN,NaN,NaN,NaN,n/a,n/a,false,false,NaN,NaN,n/a,n/a,false,NaN,NaN,0.0,
har,har,har,linf,0.01,1,82,-15.866994014679985,15.736915414679984,-15.866994014680001,15.73691541468,false,false,NaN,NaN,NaN,NaN,n/a,n/a,false,false,NaN,NaN,n/a,n/a,false,NaN,NaN,0.0,
har,har,har,linf,0.01,1,83,-11.533721689209994,11.452713089209993,-11.533721689210001,11.45271308921,false,false,NaN,NaN,NaN,NaN,n/a,n/a,false,false,NaN,NaN,n/a,n/a,false,NaN,NaN,0.0,
har,har,har,linf,0.01,1,84,-11.979697403199996,11.985692563199997,-11.9796974032,11.9856925632,false,false,NaN,NaN,NaN,NaN,n/a,n/a,false,false,NaN,NaN,n/a,n/a,false,NaN,NaN,0.0,
har,har,har,linf,0.01,1,85,-15.2480295996,15.458983599600002,-15.248029599599999,15.4589835996,false,false,NaN,NaN,NaN,NaN,n/a,n/a,false,false,NaN,NaN,n/a,n/a,false,NaN,NaN,0.0,
har,har,har,linf,0.01,1,86,-10.788503506000003,10.711439906000004,-10.788503506,10.711439906,false,false,NaN,NaN,NaN,NaN,n/a,n/a,false,false,NaN,NaN,n/a,n/a,false,NaN,NaN,0.0,
har,har,har,linf,0.01,1,87,-14.263956728499995,14.228989128499993,-14.263956728500002,14.2289891285,false,false,NaN,NaN,NaN,NaN,n/a,n/a,false,false,NaN,NaN,n/a,n/a,false,NaN,NaN,0.0,
har,har,har,linf,0.01,1,88,-15.282560902289987,15.417398702289987,-15.282560902290001,15.41739870229,false,false,NaN,NaN,NaN,NaN,n/a,n/a,false,false,NaN,NaN,n/a,n/a,false,NaN,NaN,0.0,
har,har,har,linf,0.01,1,89,-11.86165599849001,11.87951309849001,-11.861655998489999,11.87951309849,false,false,NaN,NaN,NaN,NaN,n/a,n/a,false,false,NaN,NaN,n/a,n/a,false,NaN,NaN,0.0,
har,har,har,linf,0.01,1,90,-15.319187482319991,15.475093082319992,-15.319187482320002,15.475093082320003,false,false,NaN,NaN,NaN,NaN,n/a,n/a,false,false,NaN,NaN,n/a,n/a,false,NaN,NaN,0.0,
har,har,har,linf,0.01,1,91,-10.866452374199993,10.801813774199994,-10.8664523742,10.801813774200001,false,false,NaN,NaN,NaN,NaN,n/a,n/a,false,false,NaN,NaN,n/a,n/a,false,NaN,NaN,0.0,
har,har,har,linf,0.01,1,92,-17.280574983310014,17.273335783310014,-17.280574983309997,17.273335783309996,false,false,NaN,NaN,NaN,NaN,n/a,n/a,false,false,NaN,NaN,n/a,n/a,false,NaN,NaN,0.0,
har,har,har,linf,0.01,1,93,-13.834310911600006,13.827618611600005,-13.834310911599998,13.827618611599997,false,false,NaN,NaN,NaN,NaN,n/a,n/a,false,false,NaN,NaN,n/a,n/a,false,NaN,NaN,0.0,
har,har,har,linf,0.01,1,94,-11.522534964,11.550513363999999,-11.522534964,11.550513363999999,true,true,-0.1153652416399881,-0.1153652416399881,0.11536524163998324,0.11536524163998324,WRONG,WRONG,false,false,-0.1153652416399881,0.11536524163998324,false,false,true,1.826663820203578e-15,0.11536524164000145,6.02,har__har__linf__0.01__har_w11.bin
har,har,har,linf,0.01,1,95,-15.985907723821018,16.218861723821018,-15.985907381300212,16.218861723821,false,false,NaN,NaN,NaN,NaN,n/a,n/a,false,false,NaN,NaN,n/a,n/a,false,NaN,NaN,0.0,
har,har,har,linf,0.01,1,96,-11.451718101279994,11.424436901279993,-11.45171810128,11.424436901279998,false,false,NaN,NaN,NaN,NaN,n/a,n/a,false,false,NaN,NaN,n/a,n/a,false,NaN,NaN,0.0,
har,har,har,linf,0.01,1,97,-8.827924357080004,8.884509157080004,-8.82792435708,8.88450915708,false,false,NaN,NaN,NaN,NaN,n/a,n/a,false,false,NaN,NaN,n/a,n/a,false,NaN,NaN,0.0,
har,har,har,linf,0.01,1,98,-15.588962144999998,15.682194744999999,-15.588962145,15.682194745,false,false,NaN,NaN,NaN,NaN,n/a,n/a,false,false,NaN,NaN,n/a,n/a,false,NaN,NaN,0.0,
har,har,har,linf,0.01,1,99,-16.94348224960001,16.91364784960001,-16.9434822496,16.9136478496,false,false,NaN,NaN,NaN,NaN,n/a,n/a,false,false,NaN,NaN,n/a,n/a,false,NaN,NaN,0.0,
har,har,har,linf,0.01,1,100,-10.555467958100001,10.6109847581,-10.555467958100003,10.610984758100003,false,false,NaN,NaN,NaN,NaN,n/a,n/a,false,false,NaN,NaN,n/a,n/a,false,NaN,NaN,0.0,
har,har,har,linf,0.01,1,101,-14.7938066323,14.7782333123,-14.7938066323,14.7782333123,true,true,-14.7782333123,-0.14496525586185827,14.7782333123,0.12885870904300611,WRONG,WRONG,false,false,-0.14786019972300402,0.1478601997229987,false,false,true,0.614359818912578,0.7593250747744416,7.082,har__har__linf__0.01__har_w12.bin
har,har,har,linf,0.01,1,102,-14.506579629090004,14.631794429090002,-14.50657962909,14.631794429089998,false,false,NaN,NaN,NaN,NaN,n/a,n/a,false,false,NaN,NaN,n/a,n/a,false,NaN,NaN,0.0,
har,har,har,linf,0.01,1,103,-13.95339835779999,13.88572955779999,-13.953398357799998,13.885729557799998,false,false,NaN,NaN,NaN,NaN,n/a,n/a,false,false,NaN,NaN,n/a,n/a,false,NaN,NaN,0.0,
har,har,har,linf,0.01,1,104,-11.352657340669992,11.417777940669993,-11.35265734067,11.41777794067,false,false,NaN,NaN,NaN,NaN,n/a,n/a,false,false,NaN,NaN,n/a,n/a,false,NaN,NaN,0.0,
har,har,har,linf,0.01,1,105,-10.819353266399984,10.829650266399986,-10.819353266399999,10.8296502664,false,false,NaN,NaN,NaN,NaN,n/a,n/a,false,false,NaN,NaN,n/a,n/a,false,NaN,NaN,0.0,
har,har,har,linf,0.01,1,106,-15.693802678400004,15.565913678400005,-15.693802678400003,15.565913678400003,false,false,NaN,NaN,NaN,NaN,n/a,n/a,false,false,NaN,NaN,n/a,n/a,false,NaN,NaN,0.0,
har,har,har,linf,0.01,1,107,-14.026690561690002,13.971096561690002,-14.02669056169,13.97109656169,false,false,NaN,NaN,NaN,NaN,n/a,n/a,false,false,NaN,NaN,n/a,n/a,false,NaN,NaN,0.0,
har,har,har,linf,0.01,1,108,-15.578021446099987,15.473847646099985,-15.578021446100001,15.4738476461,false,false,NaN,NaN,NaN,NaN,n/a,n/a,false,false,NaN,NaN,n/a,n/a,false,NaN,NaN,0.0,
har,har,har,linf,0.01,1,109,-15.162357739300008,15.134597139300007,-15.162357739299999,15.134597139299999,false,false,NaN,NaN,NaN,NaN,n/a,n/a,false,false,NaN,NaN,n/a,n/a,false,NaN,NaN,0.0,
har,har,har,linf,0.01,1,110,-8.43979548906,8.49586568906,-8.43979548906,8.49586568906,true,true,-0.08467830589058306,-0.08467830589058306,0.08467830589058062,0.08467830589058062,WRONG,WRONG,false,false,-0.08467830589058306,0.08467830589058062,false,false,true,0.0,0.08467830589059938,5.845,har__har__linf__0.01__har_w13.bin
har,har,har,linf,0.01,1,111,-14.836526251610001,14.853774311610001,-14.836526251609998,14.853774311609998,false,false,NaN,NaN,NaN,NaN,n/a,n/a,false,false,NaN,NaN,n/a,n/a,false,NaN,NaN,0.0,
har,har,har,linf,0.01,1,112,-19.97676618999999,20.03698818999999,-19.97676619,20.036988190000002,false,false,NaN,NaN,NaN,NaN,n/a,n/a,false,false,NaN,NaN,n/a,n/a,false,NaN,NaN,0.0,
har,har,har,linf,0.01,1,113,-17.142244340799994,17.260825340799993,-17.1422443408,17.2608253408,false,false,NaN,NaN,NaN,NaN,n/a,n/a,false,false,NaN,NaN,n/a,n/a,false,NaN,NaN,0.0,
har,har,har,linf,0.01,1,114,-14.486199559050002,14.535793159050003,-14.486199559049998,14.53579315905,false,false,NaN,NaN,NaN,NaN,n/a,n/a,false,false,NaN,NaN,n/a,n/a,false,NaN,NaN,0.0,
har,har,har,linf,0.01,1,115,-15.165847487800013,15.317747687800013,-15.165847487800002,15.317747687800003,false,false,NaN,NaN,NaN,NaN,n/a,n/a,false,false,NaN,NaN,n/a,n/a,false,NaN,NaN,0.0,
har,har,har,linf,0.01,1,116,-15.426123052399987,15.408499352399986,-15.426123052400001,15.4084993524,false,false,NaN,NaN,NaN,NaN,n/a,n/a,false,false,NaN,NaN,n/a,n/a,false,NaN,NaN,0.0,
har,har,har,linf,0.01,1,117,-14.679698004300004,14.730906404300004,-14.6796980043,14.7309064043,false,false,NaN,NaN,NaN,NaN,n/a,n/a,false,false,NaN,NaN,n/a,n/a,false,NaN,NaN,0.0,
har,har,har,linf,0.01,1,118,-17.25678684473002,17.361875044730017,-17.25678684473,17.3618732587846,false,false,NaN,NaN,NaN,NaN,n/a,n/a,false,false,NaN,NaN,n/a,n/a,false,NaN,NaN,0.0,
har,har,har,linf,0.01,1,119,-11.662857842200012,11.627008442200012,-11.6628578422,11.6270084422,false,false,NaN,NaN,NaN,NaN,n/a,n/a,false,false,NaN,NaN,n/a,n/a,false,NaN,NaN,0.0,
har,har,har,linf,0.01,1,120,-8.573882814799997,8.521036614799996,-8.5738828148,8.521036614799998,false,false,NaN,NaN,NaN,NaN,n/a,n/a,false,false,NaN,NaN,n/a,n/a,false,NaN,NaN,0.0,
har,har,har,linf,0.01,1,121,-11.47451086749999,11.462185587499992,-11.4745108675,11.4621855875,false,false,NaN,NaN,NaN,NaN,n/a,n/a,false,false,NaN,NaN,n/a,n/a,false,NaN,NaN,0.0,
har,har,har,linf,0.01,1,122,-11.222396265199995,11.258296665199994,-11.222396265199999,11.258296665199998,false,false,NaN,NaN,NaN,NaN,n/a,n/a,false,false,NaN,NaN,n/a,n/a,false,NaN,NaN,0.0,
har,har,har,linf,0.01,1,123,-14.239532244050016,14.106334844050016,-14.239532244050002,14.106334844050002,false,false,NaN,NaN,NaN,NaN,n/a,n/a,false,false,NaN,NaN,n/a,n/a,false,NaN,NaN,0.0,
har,har,har,linf,0.01,1,124,-14.13930837846801,14.061675378468012,-14.139308378468002,14.061675378468003,false,false,NaN,NaN,NaN,NaN,n/a,n/a,false,false,NaN,NaN,n/a,n/a,false,NaN,NaN,0.0,
har,har,har,linf,0.01,1,125,-11.565982531790022,11.501339331790023,-11.56598253179,11.501339331790001,false,false,NaN,NaN,NaN,NaN,n/a,n/a,false,false,NaN,NaN,n/a,n/a,false,NaN,NaN,0.0,
har,har,har,linf,0.01,1,126,-8.723870355900006,8.793883955900005,-8.723870355899999,8.793883955899998,false,false,NaN,NaN,NaN,NaN,n/a,n/a,false,false,NaN,NaN,n/a,n/a,false,NaN,NaN,0.0,
har,har,har,linf,0.01,1,127,-15.476904158799993,15.471902978799992,-15.476904158799998,15.471902978799998,false,false,NaN,NaN,NaN,NaN,n/a,n/a,false,false,NaN,NaN,n/a,n/a,false,NaN,NaN,0.0,
har,har,har,linf,0.01,1,128,-17.44454495724999,17.56521395724999,-17.444544957250002,17.565213957250002,false,false,NaN,NaN,NaN,NaN,n/a,n/a,false,false,NaN,NaN,n/a,n/a,false,NaN,NaN,0.0,
har,har,har,linf,0.01,1,129,-11.247903536200006,11.199956136200004,-11.2479035362,11.199956136199999,false,false,NaN,NaN,NaN,NaN,n/a,n/a,false,false,NaN,NaN,n/a,n/a,false,NaN,NaN,0.0,
har,har,har,linf,0.01,1,130,-10.289426485599996,10.218600285599997,-10.2894264856,10.2186002856,false,false,NaN,NaN,NaN,NaN,n/a,n/a,false,false,NaN,NaN,n/a,n/a,false,NaN,NaN,0.0,
har,har,har,linf,0.01,1,131,-11.5425536001,11.6077840001,-11.542553600100002,11.607784000100002,false,false,NaN,NaN,NaN,NaN,n/a,n/a,false,false,NaN,NaN,n/a,n/a,false,NaN,NaN,0.0,
har,har,har,linf,0.01,1,132,-12.063034133009994,11.974755933009993,-12.063034133010001,11.97475593301,false,false,NaN,NaN,NaN,NaN,n/a,n/a,false,false,NaN,NaN,n/a,n/a,false,NaN,NaN,0.0,
har,har,har,linf,0.01,1,133,-11.730899341200004,11.703318741200004,-11.7308993412,11.7033187412,false,false,NaN,NaN,NaN,NaN,n/a,n/a,false,false,NaN,NaN,n/a,n/a,false,NaN,NaN,0.0,
har,har,har,linf,0.01,1,134,-15.235767712400023,15.222520252400024,-15.235767712399996,15.222520252399997,false,false,NaN,NaN,NaN,NaN,n/a,n/a,false,false,NaN,NaN,n/a,n/a,false,NaN,NaN,0.0,
har,har,har,linf,0.01,1,135,-12.259877068180018,12.295802468180018,-12.25987706818,12.29580246818,false,false,NaN,NaN,NaN,NaN,n/a,n/a,false,false,NaN,NaN,n/a,n/a,false,NaN,NaN,0.0,
har,har,har,linf,0.01,1,136,-13.306189936999997,13.254199336999998,-13.306189936999997,13.254199336999998,true,true,-13.254199336999998,-0.12978921257819342,13.254199336999998,0.13229305685510018,WRONG,WRONG,false,false,-0.13280194637000875,0.13280194637000342,false,false,true,1.1982857916884544,1.3280750042666565,7.656,har__har__linf__0.01__har_w14.bin
har,har,har,linf,0.01,1,137,-15.133511204299992,15.168521004299993,-15.133511204299998,15.168521004299999,false,false,NaN,NaN,NaN,NaN,n/a,n/a,false,false,NaN,NaN,n/a,n/a,false,NaN,NaN,0.0,
har,har,har,linf,0.01,1,138,-16.358828581000004,16.307993581000005,-16.358828581000004,16.307993581000005,true,true,-16.307993581000005,-0.16010352202008793,16.307993581000005,0.16333411081000015,WRONG,WRONG,false,false,-0.16333411080999483,0.16333411080999838,false,false,true,3.6977592411786073,3.857862763198687,5.658,har__har__linf__0.01__har_w15.bin
har,har,har,linf,0.01,1,139,-11.61120008231001,11.621520922310008,-11.61120008231,11.62152092231,false,false,NaN,NaN,NaN,NaN,n/a,n/a,false,false,NaN,NaN,n/a,n/a,false,NaN,NaN,0.0,
har,har,har,linf,0.01,1,140,-15.846840171749996,15.930881971749997,-15.846840171750001,15.930881971750003,false,false,NaN,NaN,NaN,NaN,n/a,n/a,false,false,NaN,NaN,n/a,n/a,false,NaN,NaN,0.0,
har,har,har,linf,0.01,1,141,-11.452722463799995,11.441202183799996,-11.4527224638,11.441202183800002,false,false,NaN,NaN,NaN,NaN,n/a,n/a,false,false,NaN,NaN,n/a,n/a,false,NaN,NaN,0.0,
har,har,har,linf,0.01,1,142,-11.485488837400002,11.477409577400003,-11.4854888374,11.477409577400001,false,false,NaN,NaN,NaN,NaN,n/a,n/a,false,false,NaN,NaN,n/a,n/a,false,NaN,NaN,0.0,
har,har,har,linf,0.01,1,143,-14.178704157999997,14.344062757999998,-14.178704157999997,14.344062757999998,true,true,-14.344062757999998,-0.1296350953395029,14.344062757999998,0.14241102813342277,WRONG,WRONG,false,false,-0.1426138345800041,0.14261383458001298,false,false,true,1.6392538433469734,1.768888938686474,6.342,har__har__linf__0.01__har_w16.bin
har,har,har,linf,0.01,1,144,-15.476302635330002,15.502038835330003,-15.476302635330002,15.502038835330003,true,true,-15.502038835330003,-0.14521016483350824,15.502038835330003,0.154579403329965,WRONG,WRONG,false,false,-0.15489170735330493,0.1548917073532916,false,false,true,4.161844894683884,4.307055059517392,5.564,har__har__linf__0.01__har_w17.bin
har,har,har,linf,0.01,1,145,-15.493090821699976,15.536813021699977,-15.4930908217,15.5368130217,false,false,NaN,NaN,NaN,NaN,n/a,n/a,false,false,NaN,NaN,n/a,n/a,false,NaN,NaN,0.0,
har,har,har,linf,0.01,1,146,-16.364292891600005,16.413865891600008,-16.364292891599998,16.4138658916,false,false,NaN,NaN,NaN,NaN,n/a,n/a,false,false,NaN,NaN,n/a,n/a,false,NaN,NaN,0.0,
har,har,har,linf,0.01,1,147,-9.691214830470004,9.797202830470004,-9.69121483047,9.79720283047,false,false,NaN,NaN,NaN,NaN,n/a,n/a,false,false,NaN,NaN,n/a,n/a,false,NaN,NaN,0.0,
har,har,har,linf,0.01,1,148,-14.397422009290016,14.550390209290017,-14.397422009290002,14.550390209290002,false,false,NaN,NaN,NaN,NaN,n/a,n/a,false,false,NaN,NaN,n/a,n/a,false,NaN,NaN,0.0,
har,har,har,linf,0.01,1,149,-15.710931612140005,15.843980212140004,-15.71093161214,15.843980212139998,false,false,NaN,NaN,NaN,NaN,n/a,n/a,false,false,NaN,NaN,n/a,n/a,false,NaN,NaN,0.0,
har,har,har,linf,0.01,1,150,-14.335194858399996,14.445330458399996,-14.335194858400001,14.4453304584,false,false,NaN,NaN,NaN,NaN,n/a,n/a,false,false,NaN,NaN,n/a,n/a,false,NaN,NaN,0.0,
har,har,har,linf,0.01,1,151,-13.746482916199994,13.820524516199995,-13.746482916200002,13.820524516200003,false,false,NaN,NaN,NaN,NaN,n/a,n/a,false,false,NaN,NaN,n/a,n/a,false,NaN,NaN,0.0,
har,har,har,linf,0.01,1,152,-13.818034437499996,13.774686437499994,-13.818034437500003,13.774686437500002,false,false,NaN,NaN,NaN,NaN,n/a,n/a,false,false,NaN,NaN,n/a,n/a,false,NaN,NaN,0.0,
har,har,har,linf,0.01,1,153,-15.66652416689998,15.873884166899982,-15.666524166899997,15.873884166899998,false,false,NaN,NaN,NaN,NaN,n/a,n/a,false,false,NaN,NaN,n/a,n/a,false,NaN,NaN,0.0,
har,har,har,linf,0.01,1,154,-11.125405974500005,11.126817982500004,-11.1254059745,11.126817982499999,false,false,NaN,NaN,NaN,NaN,n/a,n/a,false,false,NaN,NaN,n/a,n/a,false,NaN,NaN,0.0,
har,har,har,linf,0.01,1,155,-14.472850039599999,14.4567216796,-14.472850039599999,14.4567216796,true,true,-0.14464785859598303,-0.14464785859598303,0.1446478585959835,0.1446478585959835,WRONG,WRONG,false,false,-0.14464785859598303,0.1446478585959835,false,false,true,9.749145934989656e-16,0.14464785859600104,6.196,har__har__linf__0.01__har_w18.bin
har,har,har,linf,0.01,1,156,-12.738550930539983,12.823404530539982,-12.738550930539999,12.823404530539998,false,false,NaN,NaN,NaN,NaN,n/a,n/a,false,false,NaN,NaN,n/a,n/a,false,NaN,NaN,0.0,
har,har,har,linf,0.01,1,157,-16.230038124929994,16.26342692492999,-16.23003812493,16.26342692493,false,false,NaN,NaN,NaN,NaN,n/a,n/a,false,false,NaN,NaN,n/a,n/a,false,NaN,NaN,0.0,
har,har,har,linf,0.01,1,158,-16.998310342299995,17.195882142299993,-16.998310342300005,17.195882142300004,false,false,NaN,NaN,NaN,NaN,n/a,n/a,false,false,NaN,NaN,n/a,n/a,false,NaN,NaN,0.0,
har,har,har,linf,0.01,1,159,-5.190632270670002,5.250728470670002,-5.190632270669999,5.2507284706699995,false,false,NaN,NaN,NaN,NaN,n/a,n/a,false,false,NaN,NaN,n/a,n/a,false,NaN,NaN,0.0,
har,har,har,linf,0.01,1,160,-15.596696502880011,15.475590102880012,-15.596696502880002,15.475590102880004,false,false,NaN,NaN,NaN,NaN,n/a,n/a,false,false,NaN,NaN,n/a,n/a,false,NaN,NaN,0.0,
har,har,har,linf,0.01,1,161,-16.74853591180001,16.82467291180001,-16.748535911799998,16.8246729118,false,false,NaN,NaN,NaN,NaN,n/a,n/a,false,false,NaN,NaN,n/a,n/a,false,NaN,NaN,0.0,
har,har,har,linf,0.01,1,162,-11.142102606023496,11.148154006023496,-11.1421026060235,11.148153992763135,true,false,-0.1114512829935849,-0.1114512829935849,0.11145128299358563,0.11145128299358563,WRONG,n/a,false,false,-0.1114512829935849,NaN,false,n/a,true,0.0,0.1114512829935974,6.005,har__har__linf__0.01__har_w19.bin
har,har,har,linf,0.01,1,163,-11.275133376799996,11.263984736799998,-11.275133376799998,11.2639847368,false,false,NaN,NaN,NaN,NaN,n/a,n/a,false,false,NaN,NaN,n/a,n/a,false,NaN,NaN,0.0,
har,har,har,linf,0.01,1,164,-11.912568325099997,11.926225605099997,-11.912568325100002,11.926225605100003,false,false,NaN,NaN,NaN,NaN,n/a,n/a,false,false,NaN,NaN,n/a,n/a,false,NaN,NaN,0.0,
har,har,har,linf,0.01,1,165,-11.568065680400004,11.628428280400005,-11.5680656804,11.628428280400001,false,false,NaN,NaN,NaN,NaN,n/a,n/a,false,false,NaN,NaN,n/a,n/a,false,NaN,NaN,0.0,
har,har,har,linf,0.01,1,166,-16.68785112764001,16.65256572764001,-16.68785112764,16.65256572764,false,false,NaN,NaN,NaN,NaN,n/a,n/a,false,false,NaN,NaN,n/a,n/a,false,NaN,NaN,0.0,
har,har,har,linf,0.01,1,167,-17.38130000849999,17.388638568499992,-17.381300008499995,17.388638568499996,false,false,NaN,NaN,NaN,NaN,n/a,n/a,false,false,NaN,NaN,n/a,n/a,false,NaN,NaN,0.0,
har,har,har,linf,0.01,1,168,-16.48741065467001,16.34455605467001,-16.487410654669997,16.344556054669997,false,false,NaN,NaN,NaN,NaN,n/a,n/a,false,false,NaN,NaN,n/a,n/a,false,NaN,NaN,0.0,
har,har,har,linf,0.01,1,169,-10.387586726599995,10.420942326599995,-10.387586726599999,10.420942326599999,false,false,NaN,NaN,NaN,NaN,n/a,n/a,false,false,NaN,NaN,n/a,n/a,false,NaN,NaN,0.0,
har,har,har,linf,0.01,1,170,-23.570727052129996,23.748425452129993,-23.570727052130007,23.748425452130004,false,false,NaN,NaN,NaN,NaN,n/a,n/a,false,false,NaN,NaN,n/a,n/a,false,NaN,NaN,0.0,
har,har,har,linf,0.01,1,171,-7.350355727755008,7.303937527755008,-7.350355727754999,7.303936895541949,false,false,NaN,NaN,NaN,NaN,n/a,n/a,false,false,NaN,NaN,n/a,n/a,false,NaN,NaN,0.0,
har,har,har,linf,0.01,1,172,-13.551820404700006,13.714644804700008,-13.5518204047,13.714644804700002,false,false,NaN,NaN,NaN,NaN,n/a,n/a,false,false,NaN,NaN,n/a,n/a,false,NaN,NaN,0.0,
har,har,har,linf,0.01,1,173,-14.211729386210019,14.208474146210017,-14.211729386210003,14.208474146210001,false,false,NaN,NaN,NaN,NaN,n/a,n/a,false,false,NaN,NaN,n/a,n/a,false,NaN,NaN,0.0,
har,har,har,linf,0.01,1,174,-9.960875335600004,9.988865335600003,-9.9608753356,9.9888653356,false,false,NaN,NaN,NaN,NaN,n/a,n/a,false,false,NaN,NaN,n/a,n/a,false,NaN,NaN,0.0,
har,har,har,linf,0.01,1,175,-15.963852545579975,15.887709145579976,-15.96385254558,15.88770914558,false,false,NaN,NaN,NaN,NaN,n/a,n/a,false,false,NaN,NaN,n/a,n/a,false,NaN,NaN,0.0,
har,har,har,linf,0.01,1,176,-13.732094657139987,13.689080257139986,-13.732094657140001,13.68908025714,false,false,NaN,NaN,NaN,NaN,n/a,n/a,false,false,NaN,NaN,n/a,n/a,false,NaN,NaN,0.0,
har,har,har,linf,0.01,1,177,-16.05776630670001,16.01008090670001,-16.0577663067,16.0100809067,false,false,NaN,NaN,NaN,NaN,n/a,n/a,false,false,NaN,NaN,n/a,n/a,false,NaN,NaN,0.0,
har,har,har,linf,0.01,1,178,-9.671882307899995,9.670631321899997,-9.671882307899999,9.6706313219,false,false,NaN,NaN,NaN,NaN,n/a,n/a,false,false,NaN,NaN,n/a,n/a,false,NaN,NaN,0.0,
har,har,har,linf,0.01,1,179,-14.344833473080016,14.374407473080016,-14.344833473079996,14.374407473079996,false,false,NaN,NaN,NaN,NaN,n/a,n/a,false,false,NaN,NaN,n/a,n/a,false,NaN,NaN,0.0,
har,har,har,linf,0.01,1,180,-14.373278169200004,14.398375369200005,-14.3732781692,14.398375369200002,false,false,NaN,NaN,NaN,NaN,n/a,n/a,false,false,NaN,NaN,n/a,n/a,false,NaN,NaN,0.0,
har,har,har,linf,0.01,1,181,-9.455224164830007,9.391551964830008,-9.45522416483,9.39155196483,false,false,NaN,NaN,NaN,NaN,n/a,n/a,false,false,NaN,NaN,n/a,n/a,false,NaN,NaN,0.0,
har,har,har,linf,0.01,1,182,-11.427902714700009,11.41872431470001,-11.427902714699998,11.418724314699999,false,false,NaN,NaN,NaN,NaN,n/a,n/a,false,false,NaN,NaN,n/a,n/a,false,NaN,NaN,0.0,
har,har,har,linf,0.01,1,183,-11.513550556599997,11.469713756599996,-11.5135505566,11.4697137566,false,false,NaN,NaN,NaN,NaN,n/a,n/a,false,false,NaN,NaN,n/a,n/a,false,NaN,NaN,0.0,
har,har,har,linf,0.01,1,184,-11.847912486100006,11.806061086100007,-11.8479124861,11.806061086100001,false,false,NaN,NaN,NaN,NaN,n/a,n/a,false,false,NaN,NaN,n/a,n/a,false,NaN,NaN,0.0,
har,har,har,linf,0.01,1,185,-11.468233103440014,11.521702103440013,-11.46823310344,11.52170210344,false,false,NaN,NaN,NaN,NaN,n/a,n/a,false,false,NaN,NaN,n/a,n/a,false,NaN,NaN,0.0,
har,har,har,linf,0.01,1,186,-15.631835161200014,15.687590961200014,-15.6318351612,15.6875909612,false,false,NaN,NaN,NaN,NaN,n/a,n/a,false,false,NaN,NaN,n/a,n/a,false,NaN,NaN,0.0,
har,har,har,linf,0.01,1,187,-11.494020010000002,11.43910381,-11.49402001,11.439103809999999,false,false,NaN,NaN,NaN,NaN,n/a,n/a,false,false,NaN,NaN,n/a,n/a,false,NaN,NaN,0.0,
har,har,har,linf,0.01,1,188,-14.528035044599987,14.436568844599988,-14.5280350446,14.4365688446,false,false,NaN,NaN,NaN,NaN,n/a,n/a,false,false,NaN,NaN,n/a,n/a,false,NaN,NaN,0.0,
har,har,har,linf,0.01,1,189,-15.139564061680012,15.211591261680013,-15.139564061680002,15.211591261680002,false,false,NaN,NaN,NaN,NaN,n/a,n/a,false,false,NaN,NaN,n/a,n/a,false,NaN,NaN,0.0,
har,har,har,linf,0.01,1,190,-15.073697456400001,15.102264656400003,-15.073697456399998,15.1022646564,false,false,NaN,NaN,NaN,NaN,n/a,n/a,false,false,NaN,NaN,n/a,n/a,false,NaN,NaN,0.0,
har,har,har,linf,0.01,1,191,-15.258226459600001,15.208280059600002,-15.258226459600001,15.208280059600002,true,true,-15.208280059600002,-0.1502391436498005,15.208280059600002,0.14668736747119215,WRONG,WRONG,false,false,-0.15233253259600765,0.152332532595997,false,false,true,2.0336459747742315,2.1838851184240364,7.547,har__har__linf__0.01__har_w20.bin
har,har,har,linf,0.01,1,192,-14.92229617055,15.005268770550002,-14.922296170549998,15.00526877055,false,false,NaN,NaN,NaN,NaN,n/a,n/a,false,false,NaN,NaN,n/a,n/a,false,NaN,NaN,0.0,
har,har,har,linf,0.01,1,193,-11.36242108238001,11.28404168238001,-11.362421082379997,11.284041682379998,false,false,NaN,NaN,NaN,NaN,n/a,n/a,false,false,NaN,NaN,n/a,n/a,false,NaN,NaN,0.0,
har,har,har,linf,0.01,1,194,-11.495745559159994,11.438421359159994,-11.495745559160001,11.438421359160001,false,false,NaN,NaN,NaN,NaN,n/a,n/a,false,false,NaN,NaN,n/a,n/a,false,NaN,NaN,0.0,
har,har,har,linf,0.01,1,195,-13.532661153950011,13.56307895395001,-13.532661153949999,13.563078953949997,false,false,NaN,NaN,NaN,NaN,n/a,n/a,false,false,NaN,NaN,n/a,n/a,false,NaN,NaN,0.0,
har,har,har,linf,0.01,1,196,-11.006407544539998,11.010344004539997,-11.006407544540002,11.01034400454,false,false,NaN,NaN,NaN,NaN,n/a,n/a,false,false,NaN,NaN,n/a,n/a,false,NaN,NaN,0.0,
har,har,har,linf,0.01,1,197,-20.11753138919999,20.220780789199992,-20.117531389199996,20.2207807892,false,false,NaN,NaN,NaN,NaN,n/a,n/a,false,false,NaN,NaN,n/a,n/a,false,NaN,NaN,0.0,
har,har,har,linf,0.01,1,198,-11.963947662999997,11.961162022999998,-11.963947662999999,11.961162023,false,false,NaN,NaN,NaN,NaN,n/a,n/a,false,false,NaN,NaN,n/a,n/a,false,NaN,NaN,0.0,
har,har,har,linf,0.01,1,199,-15.01826475549999,15.165181155499988,-15.018264755500002,15.165181155500001,false,false,NaN,NaN,NaN,NaN,n/a,n/a,false,false,NaN,NaN,n/a,n/a,false,NaN,NaN,0.0,
har,har,har,linf,0.01,1,200,-10.90795170169998,10.86153150169998,-10.9079517017,10.8615315017,false,false,NaN,NaN,NaN,NaN,n/a,n/a,false,false,NaN,NaN,n/a,n/a,false,NaN,NaN,0.0,
har,har,har,linf,0.01,1,201,-15.782499251999994,15.759716251999993,-15.782499252,15.759716251999999,false,false,NaN,NaN,NaN,NaN,n/a,n/a,false,false,NaN,NaN,n/a,n/a,false,NaN,NaN,0.0,
har,har,har,linf,0.01,1,202,-11.64612421600001,11.66737221600001,-11.646124215999999,11.667372215999999,false,false,NaN,NaN,NaN,NaN,n/a,n/a,false,false,NaN,NaN,n/a,n/a,false,NaN,NaN,0.0,
har,har,har,linf,0.01,1,203,-18.05103346570001,18.274621465700008,-18.0510334657,18.2746214657,false,false,NaN,NaN,NaN,NaN,n/a,n/a,false,false,NaN,NaN,n/a,n/a,false,NaN,NaN,0.0,
har,har,har,linf,0.01,1,204,-11.154456290300002,11.067327090300003,-11.1544562903,11.067327090300001,false,false,NaN,NaN,NaN,NaN,n/a,n/a,false,false,NaN,NaN,n/a,n/a,false,NaN,NaN,0.0,
har,har,har,linf,0.01,1,205,-11.176351062699997,11.119259862699998,-11.176351062699997,11.119259862699998,true,true,-0.11147805462700448,-0.11147805462700448,0.11147805462700708,0.11147805462700708,WRONG,WRONG,false,false,-0.11147805462700448,0.11147805462700708,false,false,true,0.0,0.11147805462699914,5.854,har__har__linf__0.01__har_w21.bin
har,har,har,linf,0.01,1,206,-13.736908258660007,13.681174858660006,-13.736908258660002,13.68117485866,false,false,NaN,NaN,NaN,NaN,n/a,n/a,false,false,NaN,NaN,n/a,n/a,false,NaN,NaN,0.0,
har,har,har,linf,0.01,1,207,-15.7445622865,15.670026286500002,-15.7445622865,15.670026286500002,true,true,-15.670026286500002,-0.13749243218672058,15.670026286500002,0.15705802883700093,WRONG,WRONG,false,false,-0.15707294286501217,0.1570729428650086,false,false,true,2.286390980712941,2.4238834128996656,7.154,har__har__linf__0.01__har_w22.bin
har,har,har,linf,0.01,1,208,-10.652799052099994,10.645512672099994,-10.652799052099999,10.645512672099999,false,false,NaN,NaN,NaN,NaN,n/a,n/a,false,false,NaN,NaN,n/a,n/a,false,NaN,NaN,0.0,
har,har,har,linf,0.01,1,209,-11.202174770799997,11.130844170799998,-11.202174770800001,11.130844170800001,false,false,NaN,NaN,NaN,NaN,n/a,n/a,false,false,NaN,NaN,n/a,n/a,false,NaN,NaN,0.0,
har,har,har,linf,0.01,1,210,-10.915430396299993,10.891197596299993,-10.9154303963,10.8911975963,false,false,NaN,NaN,NaN,NaN,n/a,n/a,false,false,NaN,NaN,n/a,n/a,false,NaN,NaN,0.0,
har,har,har,linf,0.01,1,211,-16.458473854700006,16.559776054700006,-16.4584738547,16.5597760547,false,false,NaN,NaN,NaN,NaN,n/a,n/a,false,false,NaN,NaN,n/a,n/a,false,NaN,NaN,0.0,
har,har,har,linf,0.01,1,212,-11.435225459289999,11.445045059289999,-11.435225459289999,11.445045059289999,true,true,-0.11440135259289493,-0.11440135259289493,0.1144013525928887,0.1144013525928887,WRONG,WRONG,false,false,-0.11440135259289493,0.1144013525928887,false,false,true,3.7626152193936946e-15,0.11440135259290386,6.277,har__har__linf__0.01__har_w23.bin
har,har,har,linf,0.01,1,213,-11.410827166399995,11.467528366399995,-11.4108271664,11.4675283664,false,false,NaN,NaN,NaN,NaN,n/a,n/a,false,false,NaN,NaN,n/a,n/a,false,NaN,NaN,0.0,
har,har,har,linf,0.01,1,214,-14.436362800800008,14.456811600800009,-14.4363628008,14.4568116008,false,false,NaN,NaN,NaN,NaN,n/a,n/a,false,false,NaN,NaN,n/a,n/a,false,NaN,NaN,0.0,
har,har,har,linf,0.01,1,215,-11.726927858500007,11.786617458500006,-11.726927858499998,11.786617458499997,false,false,NaN,NaN,NaN,NaN,n/a,n/a,false,false,NaN,NaN,n/a,n/a,false,NaN,NaN,0.0,
har,har,har,linf,0.01,1,216,-13.644225904600006,13.833191504600006,-13.644225904599999,13.833191504599998,false,false,NaN,NaN,NaN,NaN,n/a,n/a,false,false,NaN,NaN,n/a,n/a,false,NaN,NaN,0.0,
har,har,har,linf,0.01,1,217,-16.696419011999982,16.73540401199998,-16.696419012,16.735404011999996,false,false,NaN,NaN,NaN,NaN,n/a,n/a,false,false,NaN,NaN,n/a,n/a,false,NaN,NaN,0.0,
har,har,har,linf,0.01,1,218,-15.435788482300007,15.429016942300008,-15.4357884823,15.4290169423,false,false,NaN,NaN,NaN,NaN,n/a,n/a,false,false,NaN,NaN,n/a,n/a,false,NaN,NaN,0.0,
har,har,har,linf,0.01,1,219,-13.945229269739993,14.120764869739993,-13.94522926974,14.12076486974,false,false,NaN,NaN,NaN,NaN,n/a,n/a,false,false,NaN,NaN,n/a,n/a,false,NaN,NaN,0.0,
har,har,har,linf,0.01,1,220,-11.23480323829999,11.259645438299989,-11.234803238300001,11.2596454383,false,false,NaN,NaN,NaN,NaN,n/a,n/a,false,false,NaN,NaN,n/a,n/a,false,NaN,NaN,0.0,
har,har,har,linf,0.01,1,221,-11.2156742173,11.242839617300001,-11.215674217299998,11.2428396173,false,false,NaN,NaN,NaN,NaN,n/a,n/a,false,false,NaN,NaN,n/a,n/a,false,NaN,NaN,0.0,
har,har,har,linf,0.01,1,222,-11.168916224500006,11.147683224500007,-11.168916224499998,11.1476832245,false,false,NaN,NaN,NaN,NaN,n/a,n/a,false,false,NaN,NaN,n/a,n/a,false,NaN,NaN,0.0,
har,har,har,linf,0.01,1,223,-11.233781277300002,11.151954677300003,-11.2337812773,11.151954677300001,false,false,NaN,NaN,NaN,NaN,n/a,n/a,false,false,NaN,NaN,n/a,n/a,false,NaN,NaN,0.0,
har,har,har,linf,0.01,1,224,-15.646399321099992,15.86789532109999,-15.646399321100002,15.8678953211,false,false,NaN,NaN,NaN,NaN,n/a,n/a,false,false,NaN,NaN,n/a,n/a,false,NaN,NaN,0.0,
har,har,har,linf,0.01,1,225,-16.156535743320013,16.214111943320013,-16.15653574332,16.21411194332,false,false,NaN,NaN,NaN,NaN,n/a,n/a,false,false,NaN,NaN,n/a,n/a,false,NaN,NaN,0.0,
har,har,har,linf,0.01,1,226,-10.323775558899998,10.333511238899996,-10.3237755589,10.333511238899998,false,false,NaN,NaN,NaN,NaN,n/a,n/a,false,false,NaN,NaN,n/a,n/a,false,NaN,NaN,0.0,
har,har,har,linf,0.01,1,227,-10.904725583299996,10.981777383299995,-10.904725583300001,10.9817773833,false,false,NaN,NaN,NaN,NaN,n/a,n/a,false,false,NaN,NaN,n/a,n/a,false,NaN,NaN,0.0,
har,har,har,linf,0.01,1,228,-14.239130851099993,14.070104051099992,-14.239130851099999,14.070104051099998,false,false,NaN,NaN,NaN,NaN,n/a,n/a,false,false,NaN,NaN,n/a,n/a,false,NaN,NaN,0.0,
har,har,har,linf,0.01,1,229,-9.6832154124,9.7462222124,-9.683215412400001,9.746222212400001,false,false,NaN,NaN,NaN,NaN,n/a,n/a,false,false,NaN,NaN,n/a,n/a,false,NaN,NaN,0.0,
har,har,har,linf,0.01,1,230,-16.00382250709999,16.02960750709999,-16.003822507100004,16.029607507100003,false,false,NaN,NaN,NaN,NaN,n/a,n/a,false,false,NaN,NaN,n/a,n/a,false,NaN,NaN,0.0,
har,har,har,linf,0.01,1,231,-10.527810535789992,10.491212535789991,-10.527810535790001,10.49121253579,false,false,NaN,NaN,NaN,NaN,n/a,n/a,false,false,NaN,NaN,n/a,n/a,false,NaN,NaN,0.0,
har,har,har,linf,0.01,1,232,-11.445472689699999,11.462689389699998,-11.4454726897,11.4626893897,false,false,NaN,NaN,NaN,NaN,n/a,n/a,false,false,NaN,NaN,n/a,n/a,false,NaN,NaN,0.0,
har,har,har,linf,0.01,1,233,-11.5186928824,11.471753882400002,-11.518692882400002,11.471753882400003,false,false,NaN,NaN,NaN,NaN,n/a,n/a,false,false,NaN,NaN,n/a,n/a,false,NaN,NaN,0.0,
har,har,har,linf,0.01,1,234,-10.788278819100002,10.765741219100002,-10.788278819099999,10.765741219099999,false,false,NaN,NaN,NaN,NaN,n/a,n/a,false,false,NaN,NaN,n/a,n/a,false,NaN,NaN,0.0,
har,har,har,linf,0.01,1,235,-11.717632848400005,11.762265848400006,-11.7176328484,11.7622658484,false,false,NaN,NaN,NaN,NaN,n/a,n/a,false,false,NaN,NaN,n/a,n/a,false,NaN,NaN,0.0,
har,har,har,linf,0.01,1,236,-11.040349337180002,11.044824217180002,-11.04034933718,11.04482421718,false,false,NaN,NaN,NaN,NaN,n/a,n/a,false,false,NaN,NaN,n/a,n/a,false,NaN,NaN,0.0,
har,har,har,linf,0.01,1,237,-10.865262977499995,10.788324977499997,-10.8652629775,10.788324977500002,false,false,NaN,NaN,NaN,NaN,n/a,n/a,false,false,NaN,NaN,n/a,n/a,false,NaN,NaN,0.0,
har,har,har,linf,0.01,1,238,-15.622614776300008,15.773588976300008,-15.622614776299997,15.773588976299997,false,false,NaN,NaN,NaN,NaN,n/a,n/a,false,false,NaN,NaN,n/a,n/a,false,NaN,NaN,0.0,
har,har,har,linf,0.01,1,239,-14.929255188270012,14.963900588270011,-14.92925518827,14.963900588269999,false,false,NaN,NaN,NaN,NaN,n/a,n/a,false,false,NaN,NaN,n/a,n/a,false,NaN,NaN,0.0,
har,har,har,linf,0.01,1,240,-14.734232832889996,14.705663432889997,-14.734232832890001,14.705663432890002,false,false,NaN,NaN,NaN,NaN,n/a,n/a,false,false,NaN,NaN,n/a,n/a,false,NaN,NaN,0.0,
har,har,har,linf,0.01,1,241,-15.679297208299996,15.818260808299996,-15.679297208300001,15.818260808300002,false,false,NaN,NaN,NaN,NaN,n/a,n/a,false,false,NaN,NaN,n/a,n/a,false,NaN,NaN,0.0,
har,har,har,linf,0.01,1,242,-14.386593548500013,14.386488873700014,-14.386593548499999,14.3864888737,false,false,NaN,NaN,NaN,NaN,n/a,n/a,false,false,NaN,NaN,n/a,n/a,false,NaN,NaN,0.0,
har,har,har,linf,0.01,1,243,-15.812168542490008,15.881619142490008,-15.812168542489998,15.881619142489997,false,false,NaN,NaN,NaN,NaN,n/a,n/a,false,false,NaN,NaN,n/a,n/a,false,NaN,NaN,0.0,
har,har,har,linf,0.01,1,244,-14.859357588600007,14.836777788600008,-14.8593575886,14.836777788600001,false,false,NaN,NaN,NaN,NaN,n/a,n/a,false,false,NaN,NaN,n/a,n/a,false,NaN,NaN,0.0,
har,har,har,linf,0.01,1,245,-15.904754103230015,15.809771303230015,-15.904754103230003,15.809771303230002,false,false,NaN,NaN,NaN,NaN,n/a,n/a,false,false,NaN,NaN,n/a,n/a,false,NaN,NaN,0.0,
har,har,har,linf,0.01,1,246,-14.502913793299998,14.685402993299997,-14.502913793300001,14.6854029933,false,false,NaN,NaN,NaN,NaN,n/a,n/a,false,false,NaN,NaN,n/a,n/a,false,NaN,NaN,0.0,
har,har,har,linf,0.01,1,247,-14.119840056000001,14.058603656000003,-14.119840055999997,14.058603655999999,false,false,NaN,NaN,NaN,NaN,n/a,n/a,false,false,NaN,NaN,n/a,n/a,false,NaN,NaN,0.0,
har,har,har,linf,0.01,1,248,-11.716261496499998,11.649144096499997,-11.7162614965,11.649144096499999,false,false,NaN,NaN,NaN,NaN,n/a,n/a,false,false,NaN,NaN,n/a,n/a,false,NaN,NaN,0.0,
har,har,har,linf,0.01,1,249,-16.789212641340004,16.816656841340002,-16.789212641339997,16.816656841339995,false,false,NaN,NaN,NaN,NaN,n/a,n/a,false,false,NaN,NaN,n/a,n/a,false,NaN,NaN,0.0,
har,har,har,linf,0.01,1,250,-11.925979152172983,11.881027552172982,-11.925978264288732,11.881027552173,false,true,-0.1190350335217059,-0.1190350335217059,0.1190350335217155,0.1190350335217155,n/a,WRONG,false,false,NaN,0.11903503352173009,n/a,false,true,0.11903503352172255,0.0,6.594,har__har__linf__0.01__har_w24.bin
har,har,har,linf,0.01,1,251,-14.418116786999992,14.42626856699999,-14.418116787,14.426268567,false,false,NaN,NaN,NaN,NaN,n/a,n/a,false,false,NaN,NaN,n/a,n/a,false,NaN,NaN,0.0,
har,har,har,linf,0.01,1,252,-11.332907285390002,11.343150225390003,-11.332907285389998,11.34315022539,false,false,NaN,NaN,NaN,NaN,n/a,n/a,false,false,NaN,NaN,n/a,n/a,false,NaN,NaN,0.0,
har,har,har,linf,0.01,1,253,-15.210282965200014,15.353399565200013,-15.2102829652,15.353399565199998,false,false,NaN,NaN,NaN,NaN,n/a,n/a,false,false,NaN,NaN,n/a,n/a,false,NaN,NaN,0.0,
har,har,har,linf,0.01,1,254,-14.347680899900007,14.450937499900009,-14.347680899899999,14.4509374999,false,false,NaN,NaN,NaN,NaN,n/a,n/a,false,false,NaN,NaN,n/a,n/a,false,NaN,NaN,0.0,
har,har,har,linf,0.01,1,255,-16.84218492469999,16.92517712469999,-16.8421849247,16.9251771247,false,false,NaN,NaN,NaN,NaN,n/a,n/a,false,false,NaN,NaN,n/a,n/a,false,NaN,NaN,0.0,
har,har,har,linf,0.01,1,256,-15.972067630999984,16.070425830999984,-15.972067631000002,16.070425831,false,false,NaN,NaN,NaN,NaN,n/a,n/a,false,false,NaN,NaN,n/a,n/a,false,NaN,NaN,0.0,
har,har,har,linf,0.01,1,257,-11.551571590799993,11.455880790799993,-11.551571590799998,11.455880790799998,false,false,NaN,NaN,NaN,NaN,n/a,n/a,false,false,NaN,NaN,n/a,n/a,false,NaN,NaN,0.0,
har,har,har,linf,0.01,1,258,-14.516038594699992,14.561435394699991,-14.516038594700001,14.5614353947,false,false,NaN,NaN,NaN,NaN,n/a,n/a,false,false,NaN,NaN,n/a,n/a,false,NaN,NaN,0.0,
har,har,har,linf,0.01,1,259,-15.713848375180005,15.795978975180004,-15.71384837518,15.795978975179999,false,false,NaN,NaN,NaN,NaN,n/a,n/a,false,false,NaN,NaN,n/a,n/a,false,NaN,NaN,0.0,
har,har,har,linf,0.01,1,260,-8.445271118049991,8.37950051804999,-8.44527111805,8.37950051805,false,false,NaN,NaN,NaN,NaN,n/a,n/a,false,false,NaN,NaN,n/a,n/a,false,NaN,NaN,0.0,
har,har,har,linf,0.01,1,261,-16.190677276499997,16.130490676499996,-16.1906772765,16.1304906765,false,false,NaN,NaN,NaN,NaN,n/a,n/a,false,false,NaN,NaN,n/a,n/a,false,NaN,NaN,0.0,
har,har,har,linf,0.01,1,262,-11.879902105000005,11.811624305000004,-11.879902105000001,11.811624305,false,false,NaN,NaN,NaN,NaN,n/a,n/a,false,false,NaN,NaN,n/a,n/a,false,NaN,NaN,0.0,
har,har,har,linf,0.01,1,263,-11.528273331759989,11.503686331759988,-11.528273331760001,11.50368633176,false,false,NaN,NaN,NaN,NaN,n/a,n/a,false,false,NaN,NaN,n/a,n/a,false,NaN,NaN,0.0,
har,har,har,linf,0.01,1,264,-14.519366592499997,14.393804992499996,-14.5193665925,14.3938049925,false,false,NaN,NaN,NaN,NaN,n/a,n/a,false,false,NaN,NaN,n/a,n/a,false,NaN,NaN,0.0,
har,har,har,linf,0.01,1,265,-11.160531145299988,11.125823545299987,-11.1605311453,11.1258235453,false,false,NaN,NaN,NaN,NaN,n/a,n/a,false,false,NaN,NaN,n/a,n/a,false,NaN,NaN,0.0,
har,har,har,linf,0.01,1,266,-16.948254012600014,17.140665812600016,-16.9482540126,17.1406658126,false,false,NaN,NaN,NaN,NaN,n/a,n/a,false,false,NaN,NaN,n/a,n/a,false,NaN,NaN,0.0,
har,har,har,linf,0.01,1,267,-15.933165036699988,15.851569836699989,-15.933165036700002,15.851569836700003,false,false,NaN,NaN,NaN,NaN,n/a,n/a,false,false,NaN,NaN,n/a,n/a,false,NaN,NaN,0.0,
har,har,har,linf,0.01,1,268,-11.325606159799987,11.300317559799987,-11.325606159799998,11.300317559799998,false,false,NaN,NaN,NaN,NaN,n/a,n/a,false,false,NaN,NaN,n/a,n/a,false,NaN,NaN,0.0,
har,har,har,linf,0.01,1,269,-14.229188599200006,14.246085939200006,-14.229188599199999,14.246085939199999,false,false,NaN,NaN,NaN,NaN,n/a,n/a,false,false,NaN,NaN,n/a,n/a,false,NaN,NaN,0.0,
har,har,har,linf,0.01,1,270,-15.081482133710004,15.153595133710006,-15.081482133709997,15.153595133709999,false,false,NaN,NaN,NaN,NaN,n/a,n/a,false,false,NaN,NaN,n/a,n/a,false,NaN,NaN,0.0,
har,har,har,linf,0.01,1,271,-11.452461229999988,11.511189229999987,-11.452461229999999,11.511189229999998,false,false,NaN,NaN,NaN,NaN,n/a,n/a,false,false,NaN,NaN,n/a,n/a,false,NaN,NaN,0.0,
har,har,har,linf,0.01,1,272,-10.218177834799983,10.237158334799984,-10.2181778348,10.237158334800002,false,false,NaN,NaN,NaN,NaN,n/a,n/a,false,false,NaN,NaN,n/a,n/a,false,NaN,NaN,0.0,
har,har,har,linf,0.01,1,273,-13.249430810999996,13.360894010999996,-13.249430811000002,13.360894011000001,false,false,NaN,NaN,NaN,NaN,n/a,n/a,false,false,NaN,NaN,n/a,n/a,false,NaN,NaN,0.0,
har,har,har,linf,0.01,1,274,-14.744950442300002,14.662200842300003,-14.744950442300002,14.662200842300003,true,true,-14.662200842300003,-0.1470259773941227,14.662200842300003,0.14703575642300093,WRONG,WRONG,false,false,-0.1470259773941227,0.14703575642300093,false,false,true,0.8586260819923608,1.0056520593864815,7.437,har__har__linf__0.01__har_w25.bin
har,har,har,linf,0.01,1,275,-11.558551994330006,11.472545394330005,-11.558551994330001,11.47254539433,false,false,NaN,NaN,NaN,NaN,n/a,n/a,false,false,NaN,NaN,n/a,n/a,false,NaN,NaN,0.0,
har,har,har,linf,0.01,1,276,-15.759439051699996,15.778855511699994,-15.759439051700001,15.7788555117,false,false,NaN,NaN,NaN,NaN,n/a,n/a,false,false,NaN,NaN,n/a,n/a,false,NaN,NaN,0.0,
har,har,har,linf,0.01,1,277,-15.204759100899988,15.244921500899988,-15.204759100900002,15.244921500900002,false,false,NaN,NaN,NaN,NaN,n/a,n/a,false,false,NaN,NaN,n/a,n/a,false,NaN,NaN,0.0,
har,har,har,linf,0.01,1,278,-6.601026392159994,6.556209592159995,-6.60102639216,6.55620959216,false,false,NaN,NaN,NaN,NaN,n/a,n/a,false,false,NaN,NaN,n/a,n/a,false,NaN,NaN,0.0,
har,har,har,linf,0.01,1,279,-14.934315147400003,14.950372347400002,-14.934315147400001,14.9503723474,false,false,NaN,NaN,NaN,NaN,n/a,n/a,false,false,NaN,NaN,n/a,n/a,false,NaN,NaN,0.0,
har,har,har,linf,0.01,1,280,-19.84153304020001,19.826216900200006,-19.8415330402,19.8262169002,false,false,NaN,NaN,NaN,NaN,n/a,n/a,false,false,NaN,NaN,n/a,n/a,false,NaN,NaN,0.0,
har,har,har,linf,0.01,1,281,-15.23242592149999,15.258246121499988,-15.232425921500003,15.258246121500001,false,false,NaN,NaN,NaN,NaN,n/a,n/a,false,false,NaN,NaN,n/a,n/a,false,NaN,NaN,0.0,
har,har,har,linf,0.01,1,282,-9.59714289588,9.662071295879999,-9.59714289588,9.662071295879999,true,true,-0.09629607095879575,-0.09629607095879575,0.09629607095878538,0.09629607095878538,WRONG,WRONG,false,false,-0.09629607095879575,0.09629607095878538,false,false,true,2.4424906541753444e-15,0.09629607095880262,6.997,har__har__linf__0.01__har_w26.bin
har,har,har,linf,0.01,1,283,-15.060685401099995,15.083537401099996,-15.060685401099999,15.0835374011,false,false,NaN,NaN,NaN,NaN,n/a,n/a,false,false,NaN,NaN,n/a,n/a,false,NaN,NaN,0.0,
har,har,har,linf,0.01,1,284,-11.306288395000001,11.341898795,-11.306288395000001,11.341898795,true,true,-0.11324093595001526,-0.11324093595001526,0.11324093594999782,0.11324093594999782,WRONG,WRONG,false,false,-0.11324093595001526,0.11324093594999782,false,false,true,0.0,0.11324093594999926,7.65,har__har__linf__0.01__har_w27.bin
har,har,har,linf,0.01,1,285,-14.306784828900001,14.316024848900001,-14.3067848289,14.3160248489,false,false,NaN,NaN,NaN,NaN,n/a,n/a,false,false,NaN,NaN,n/a,n/a,false,NaN,NaN,0.0,
har,har,har,linf,0.01,1,286,-9.01236194882,8.932921348819999,-9.01236194882,8.932921348819999,true,true,-0.08972641648819539,-0.08972641648819539,0.08972641648820677,0.08972641648820677,WRONG,WRONG,false,true,-0.08972641648819539,-0.0,false,true,true,1.9914625504213745e-15,0.08972641648820219,8.284,har__har__linf__0.01__har_w28.bin
har,har,har,linf,0.01,1,287,-10.629116281500007,10.607524281500009,-10.6291162815,10.607524281500002,false,false,NaN,NaN,NaN,NaN,n/a,n/a,false,false,NaN,NaN,n/a,n/a,false,NaN,NaN,0.0,
har,har,har,linf,0.01,1,288,-12.2901946996,12.3157912996,-12.2901946996,12.3157912996,true,true,-12.3157912996,-0.12143511298578402,12.3157912996,0.12186956702484031,WRONG,WRONG,false,false,-0.12302992999599205,0.1230299299959956,false,false,true,0.5603906867054606,0.6818257990679301,8.977,har__har__linf__0.01__har_w29.bin
har,har,har,linf,0.01,1,289,-14.993420681600009,15.148120481600008,-14.9934206816,15.1481204816,false,false,NaN,NaN,NaN,NaN,n/a,n/a,false,false,NaN,NaN,n/a,n/a,false,NaN,NaN,0.0,
har,har,har,linf,0.01,1,290,-11.835728120510009,11.757578720510008,-11.835728120509998,11.757578720509997,false,false,NaN,NaN,NaN,NaN,n/a,n/a,false,false,NaN,NaN,n/a,n/a,false,NaN,NaN,0.0,
har,har,har,linf,0.01,1,291,-11.218554786999997,11.284334986999996,-11.218554786999999,11.284334986999998,false,false,NaN,NaN,NaN,NaN,n/a,n/a,false,false,NaN,NaN,n/a,n/a,false,NaN,NaN,0.0,
har,har,har,linf,0.01,1,292,-8.943729527729992,8.986125927729994,-8.94372952773,8.98612592773,false,false,NaN,NaN,NaN,NaN,n/a,n/a,false,false,NaN,NaN,n/a,n/a,false,NaN,NaN,0.0,
har,har,har,linf,0.01,1,293,-13.201094117317986,13.192899977317985,-13.201094117318,13.192899097702181,true,false,-13.192899097702181,-0.12978146933544912,13.192899977317985,0.13196996605300318,WRONG,n/a,false,false,-0.13196996605300626,NaN,false,n/a,true,0.18068481096755795,0.3104662803030042,7.506,har__har__linf__0.01__har_w30.bin
har,har,har,linf,0.01,1,294,-11.411145157944002,11.356842357944004,-11.411144539245042,11.356842357944004,false,true,-0.11383993757942726,-0.11383993757942726,0.11383993757944934,0.11383993757944934,n/a,WRONG,false,false,NaN,0.11383993447040318,n/a,false,true,0.11383993757944028,1.97758476261356e-16,5.922,har__har__linf__0.01__har_w31.bin
har,har,har,linf,0.01,1,295,-11.068738079000001,11.006156479,-11.068738079000001,11.006156479,true,true,-11.006156479,-0.10729703510502205,11.006156479,0.1101413196230934,WRONG,WRONG,false,false,-0.11037447278999224,0.11037447278999224,false,false,true,0.0,0.1072970351050267,6.526,har__har__linf__0.01__har_w32.bin
har,har,har,linf,0.01,1,296,-9.508989850269998,9.544169450269997,-9.508989850270002,9.544169450270001,false,false,NaN,NaN,NaN,NaN,n/a,n/a,false,false,NaN,NaN,n/a,n/a,false,NaN,NaN,0.0,
har,har,har,linf,0.01,1,297,-15.33572622920001,15.48958062920001,-15.3357262292,15.4895806292,false,false,NaN,NaN,NaN,NaN,n/a,n/a,false,false,NaN,NaN,n/a,n/a,false,NaN,NaN,0.0,
har,har,har,linf,0.01,1,298,-13.715058304450995,13.705388684450995,-13.715058304451,13.70538826246951,true,false,-13.70538826246951,-0.1369726540624333,13.705388684450995,0.1362575950768057,WRONG,n/a,false,false,-0.13710223282400946,NaN,false,n/a,true,0.3760842096276585,0.5130568636900962,8.277,har__har__linf__0.01__har_w33.bin
har,har,har,linf,0.01,1,299,-14.30143679379999,14.347295993799989,-14.3014367938,14.3472959938,false,false,NaN,NaN,NaN,NaN,n/a,n/a,false,false,NaN,NaN,n/a,n/a,false,NaN,NaN,0.0,
har,har,har,linf,0.01,1,300,-11.740395222916002,11.806929622916,-11.74039492139916,11.806929622915998,false,false,NaN,NaN,NaN,NaN,n/a,n/a,false,false,NaN,NaN,n/a,n/a,false,NaN,NaN,0.0,
har,har,har,linf,0.01,1,301,-11.143237547299995,11.126194347299995,-11.143237547300002,11.126194347300002,false,false,NaN,NaN,NaN,NaN,n/a,n/a,false,false,NaN,NaN,n/a,n/a,false,NaN,NaN,0.0,
har,har,har,linf,0.01,1,302,-11.726733086200012,11.709315626200011,-11.726733086200001,11.7093156262,false,false,NaN,NaN,NaN,NaN,n/a,n/a,false,false,NaN,NaN,n/a,n/a,false,NaN,NaN,0.0,
har,har,har,linf,0.01,1,303,-11.105483301977992,11.082205301977991,-11.105483301978,11.082205301977998,false,false,NaN,NaN,NaN,NaN,n/a,n/a,false,false,NaN,NaN,n/a,n/a,false,NaN,NaN,0.0,
har,har,har,linf,0.01,1,304,-11.771662493799983,11.676714093799983,-11.7716624938,11.6767140938,false,false,NaN,NaN,NaN,NaN,n/a,n/a,false,false,NaN,NaN,n/a,n/a,false,NaN,NaN,0.0,
har,har,har,linf,0.01,1,305,-22.15391537859999,22.244527178599988,-22.1539153786,22.2445271786,false,false,NaN,NaN,NaN,NaN,n/a,n/a,false,false,NaN,NaN,n/a,n/a,false,NaN,NaN,0.0,
har,har,har,linf,0.01,1,306,-11.720482046900008,11.672752846900009,-11.720482046899999,11.6727528469,false,false,NaN,NaN,NaN,NaN,n/a,n/a,false,false,NaN,NaN,n/a,n/a,false,NaN,NaN,0.0,
har,har,har,linf,0.01,1,307,-11.300936322600009,11.296771522600007,-11.3009363226,11.296771522599999,false,false,NaN,NaN,NaN,NaN,n/a,n/a,false,false,NaN,NaN,n/a,n/a,false,NaN,NaN,0.0,
har,har,har,linf,0.01,1,308,-13.852698946800002,13.728180346800004,-13.852698946799999,13.7281803468,false,false,NaN,NaN,NaN,NaN,n/a,n/a,false,false,NaN,NaN,n/a,n/a,false,NaN,NaN,0.0,
har,har,har,linf,0.01,1,309,-14.914995259000008,14.835912259000008,-14.914995259,14.835912258999999,false,false,NaN,NaN,NaN,NaN,n/a,n/a,false,false,NaN,NaN,n/a,n/a,false,NaN,NaN,0.0,
har,har,har,linf,0.01,1,310,-11.40616681962,11.36549161962,-11.406166819620001,11.365491619620002,false,false,NaN,NaN,NaN,NaN,n/a,n/a,false,false,NaN,NaN,n/a,n/a,false,NaN,NaN,0.0,
har,har,har,linf,0.01,1,311,-15.976282907500003,16.059265907500002,-15.9762829075,16.0592659075,false,false,NaN,NaN,NaN,NaN,n/a,n/a,false,false,NaN,NaN,n/a,n/a,false,NaN,NaN,0.0,
har,har,har,linf,0.01,1,312,-11.713723844149985,11.735472644149986,-11.713723844150001,11.735472644150002,false,false,NaN,NaN,NaN,NaN,n/a,n/a,false,false,NaN,NaN,n/a,n/a,false,NaN,NaN,0.0,
har,har,har,linf,0.01,1,313,-14.6667022312,14.6628443312,-14.666702231199999,14.662844331199999,false,false,NaN,NaN,NaN,NaN,n/a,n/a,false,false,NaN,NaN,n/a,n/a,false,NaN,NaN,0.0,
har,har,har,linf,0.01,1,314,-11.335721197690003,11.287568797690003,-11.335721197689999,11.28756879769,false,false,NaN,NaN,NaN,NaN,n/a,n/a,false,false,NaN,NaN,n/a,n/a,false,NaN,NaN,0.0,
har,har,har,linf,0.01,1,315,-10.603755452859993,10.685557652859991,-10.60375545286,10.685557652859998,false,false,NaN,NaN,NaN,NaN,n/a,n/a,false,false,NaN,NaN,n/a,n/a,false,NaN,NaN,0.0,
har,har,har,linf,0.01,1,316,-10.832852041700002,10.766417841700003,-10.832852041699999,10.7664178417,false,false,NaN,NaN,NaN,NaN,n/a,n/a,false,false,NaN,NaN,n/a,n/a,false,NaN,NaN,0.0,
har,har,har,linf,0.01,1,317,-14.326436588000002,14.188268988000003,-14.326436588,14.188268988,false,false,NaN,NaN,NaN,NaN,n/a,n/a,false,false,NaN,NaN,n/a,n/a,false,NaN,NaN,0.0,
har,har,har,linf,0.01,1,318,-14.237712750100018,14.106143550100017,-14.2377127501,14.106143550099999,false,false,NaN,NaN,NaN,NaN,n/a,n/a,false,false,NaN,NaN,n/a,n/a,false,NaN,NaN,0.0,
har,har,har,linf,0.01,1,319,-15.53283007230001,15.555387272300012,-15.532830072299998,15.555387272299999,false,false,NaN,NaN,NaN,NaN,n/a,n/a,false,false,NaN,NaN,n/a,n/a,false,NaN,NaN,0.0,
har,har,har,linf,0.01,1,320,-11.212301606110003,11.210082146110004,-11.21230160611,11.21008214611,false,false,NaN,NaN,NaN,NaN,n/a,n/a,false,false,NaN,NaN,n/a,n/a,false,NaN,NaN,0.0,
har,har,har,linf,0.01,1,321,-11.833966391399992,11.79598939139999,-11.8339663914,11.7959893914,false,false,NaN,NaN,NaN,NaN,n/a,n/a,false,false,NaN,NaN,n/a,n/a,false,NaN,NaN,0.0,
har,har,har,linf,0.01,1,322,-10.800950159800006,10.815497119800007,-10.8009501598,10.8154971198,false,false,NaN,NaN,NaN,NaN,n/a,n/a,false,false,NaN,NaN,n/a,n/a,false,NaN,NaN,0.0,
har,har,har,linf,0.01,1,323,-11.610368034299992,11.542293634299991,-11.6103680343,11.5422936343,false,false,NaN,NaN,NaN,NaN,n/a,n/a,false,false,NaN,NaN,n/a,n/a,false,NaN,NaN,0.0,
har,har,har,linf,0.01,1,324,-14.690616542899997,14.834109542899997,-14.690616542899999,14.834109542899999,false,false,NaN,NaN,NaN,NaN,n/a,n/a,false,false,NaN,NaN,n/a,n/a,false,NaN,NaN,0.0,
har,har,har,linf,0.01,1,325,-11.619675286229986,11.606098326229985,-11.61967528623,11.606098326229999,false,false,NaN,NaN,NaN,NaN,n/a,n/a,false,false,NaN,NaN,n/a,n/a,false,NaN,NaN,0.0,
har,har,har,linf,0.01,1,326,-11.989716289297293,11.933840689297293,-11.989716241761574,11.933840689297302,false,true,-0.11961778465411053,-0.11961778465411053,0.11961778465412426,0.11961778465412426,n/a,WRONG,false,false,NaN,0.11961778465410683,n/a,false,true,0.11961778465410257,3.2508717939805365e-15,5.276,har__har__linf__0.01__har_w34.bin
har,har,har,linf,0.01,1,327,-11.234989383370019,11.261216383370018,-11.23498938337,11.261216383369998,false,false,NaN,NaN,NaN,NaN,n/a,n/a,false,false,NaN,NaN,n/a,n/a,false,NaN,NaN,0.0,
har,har,har,linf,0.01,1,328,-15.15427805113,15.32841865113,-15.15427805113,15.32841865113,true,true,-15.32841865113,-0.1493940161999081,15.32841865113,0.15210642084189763,WRONG,WRONG,false,false,-0.15241348351129425,0.15241348351129957,false,false,true,2.193699914251029,2.3430939304509377,5.349,har__har__linf__0.01__har_w35.bin
har,har,har,linf,0.01,1,329,-10.724732613959999,10.66232081396,-10.72473261396,10.662320813960001,false,false,NaN,NaN,NaN,NaN,n/a,n/a,false,false,NaN,NaN,n/a,n/a,false,NaN,NaN,0.0,
har,har,har,linf,0.01,1,330,-11.602658437099995,11.602059389099994,-11.602658437100002,11.6020593891,false,false,NaN,NaN,NaN,NaN,n/a,n/a,false,false,NaN,NaN,n/a,n/a,false,NaN,NaN,0.0,
har,har,har,linf,0.01,1,331,-11.0913468677,11.087329427700002,-11.091346867699997,11.087329427699999,false,false,NaN,NaN,NaN,NaN,n/a,n/a,false,false,NaN,NaN,n/a,n/a,false,NaN,NaN,0.0,
har,har,har,linf,0.01,1,332,-14.46782511542999,14.389809315429991,-14.467825115430001,14.389809315430002,false,false,NaN,NaN,NaN,NaN,n/a,n/a,false,false,NaN,NaN,n/a,n/a,false,NaN,NaN,0.0,
har,har,har,linf,0.01,1,333,-14.256037764599995,14.334483964599993,-14.256037764600002,14.3344839646,false,false,NaN,NaN,NaN,NaN,n/a,n/a,false,false,NaN,NaN,n/a,n/a,false,NaN,NaN,0.0,
har,har,har,linf,0.01,1,334,-15.520457678409988,15.358776078409987,-15.52045767841,15.35877607841,false,false,NaN,NaN,NaN,NaN,n/a,n/a,false,false,NaN,NaN,n/a,n/a,false,NaN,NaN,0.0,
har,har,har,linf,0.01,1,335,-13.888359083000015,14.115245083000016,-13.888359083000001,14.115245083000001,false,false,NaN,NaN,NaN,NaN,n/a,n/a,false,false,NaN,NaN,n/a,n/a,false,NaN,NaN,0.0,
har,har,har,linf,0.01,1,336,-14.784739875499998,14.764850835499999,-14.784739875499998,14.764850835499999,true,true,-14.764850835499999,-0.14774795355499215,14.764850835499999,0.1477479535549895,WRONG,WRONG,false,false,-0.14774795355499215,0.1477479535549895,false,false,true,4.160434329517408,4.3081822830724095,5.786,har__har__linf__0.01__har_w36.bin
har,har,har,linf,0.01,1,337,-11.523557435610002,11.58046863561,-11.523557435610002,11.58046863561,true,true,-0.1155201303561146,-0.1155201303561146,0.11552013035612413,0.11552013035612413,WRONG,WRONG,false,false,-0.1155201303561146,0.11552013035612413,false,false,true,7.979727989493313e-16,0.11552013035610076,5.609,har__har__linf__0.01__har_w37.bin
har,har,har,linf,0.01,1,338,-16.761341284999997,16.839772484999994,-16.761341285000004,16.839772485,false,false,NaN,NaN,NaN,NaN,n/a,n/a,false,false,NaN,NaN,n/a,n/a,false,NaN,NaN,0.0,
har,har,har,linf,0.01,1,339,-14.7297303985,14.8048481985,-14.7297303985,14.8048481985,true,true,-14.8048481985,-0.14767289298499864,14.8048481985,0.14650131859804627,WRONG,WRONG,false,false,-0.14767289298499864,0.14767289298499264,false,false,true,0.5154187948661649,0.6630916878511651,6.016,har__har__linf__0.01__har_w38.bin
har,har,har,linf,0.01,1,340,-11.271569476,11.268593096,-11.271569476,11.268593096,true,true,-0.11270081286001035,-0.11270081286001035,0.11270081286000568,0.11270081286000568,WRONG,WRONG,false,false,-0.11270081286001035,0.11270081286000568,false,false,true,0.0,0.11270081285999951,6.192,har__har__linf__0.01__har_w39.bin
har,har,har,linf,0.01,1,341,-11.997912385651007,12.051649585651008,-11.997912385650999,12.051649003275509,false,false,NaN,NaN,NaN,NaN,n/a,n/a,false,false,NaN,NaN,n/a,n/a,false,NaN,NaN,0.0,
har,har,har,linf,0.01,1,342,-11.778801541100002,11.836005741100003,-11.7788015411,11.836005741100001,false,false,NaN,NaN,NaN,NaN,n/a,n/a,false,false,NaN,NaN,n/a,n/a,false,NaN,NaN,0.0,
har,har,har,linf,0.01,1,343,-11.367170481400002,11.3130908814,-11.3671704814,11.313090881399999,false,false,NaN,NaN,NaN,NaN,n/a,n/a,false,false,NaN,NaN,n/a,n/a,false,NaN,NaN,0.0,
har,har,har,linf,0.01,1,344,-11.578751345899986,11.555401945899986,-11.5787513459,11.5554019459,false,false,NaN,NaN,NaN,NaN,n/a,n/a,false,false,NaN,NaN,n/a,n/a,false,NaN,NaN,0.0,
har,har,har,linf,0.01,1,345,-13.960825466999998,13.914274866999998,-13.960825467000001,13.914274867000001,false,false,NaN,NaN,NaN,NaN,n/a,n/a,false,false,NaN,NaN,n/a,n/a,false,NaN,NaN,0.0,
har,har,har,linf,0.01,1,346,-14.122731244980006,14.185761244980007,-14.12273124498,14.185761244980002,false,false,NaN,NaN,NaN,NaN,n/a,n/a,false,false,NaN,NaN,n/a,n/a,false,NaN,NaN,0.0,
har,har,har,linf,0.01,1,347,-11.474646742661006,11.442736342661005,-11.474646742661001,11.442736342661,false,false,NaN,NaN,NaN,NaN,n/a,n/a,false,false,NaN,NaN,n/a,n/a,false,NaN,NaN,0.0,
har,har,har,linf,0.01,1,348,-13.9595547047,13.790416904699999,-13.959554704700002,13.7904169047,false,false,NaN,NaN,NaN,NaN,n/a,n/a,false,false,NaN,NaN,n/a,n/a,false,NaN,NaN,0.0,
har,har,har,linf,0.01,1,349,-10.00760221310001,10.036729413100012,-10.007602213099998,10.0367294131,false,false,NaN,NaN,NaN,NaN,n/a,n/a,false,false,NaN,NaN,n/a,n/a,false,NaN,NaN,0.0,
har,har,har,linf,0.01,1,350,-8.315175324275998,8.274166924275999,-8.315175090888799,8.274166924276,false,true,-8.274166924276,-0.08294290851657676,8.274166924275999,0.08290281109385202,n/a,WRONG,false,false,NaN,0.08294671006996879,n/a,false,true,0.08765981636677955,0.004757005272927415,8.2,har__har__linf__0.01__har_w40.bin
har,har,har,linf,0.01,1,351,-14.10634583563,14.255432835630002,-14.106345835629998,14.25543283563,false,false,NaN,NaN,NaN,NaN,n/a,n/a,false,false,NaN,NaN,n/a,n/a,false,NaN,NaN,0.0,
har,har,har,linf,0.01,1,352,-14.50674599197999,14.652207591979991,-14.506745991980003,14.652207591980003,false,false,NaN,NaN,NaN,NaN,n/a,n/a,false,false,NaN,NaN,n/a,n/a,false,NaN,NaN,0.0,
har,har,har,linf,0.01,1,353,-11.715282872880001,11.636785272880003,-11.715282872879998,11.63678527288,false,false,NaN,NaN,NaN,NaN,n/a,n/a,false,false,NaN,NaN,n/a,n/a,false,NaN,NaN,0.0,
har,har,har,linf,0.01,1,354,-14.562980791199992,14.623114391199993,-14.562980791200001,14.623114391200001,false,false,NaN,NaN,NaN,NaN,n/a,n/a,false,false,NaN,NaN,n/a,n/a,false,NaN,NaN,0.0,
har,har,har,linf,0.01,1,355,-14.0041409641,14.1468409641,-14.004140964100001,14.146840964100003,false,false,NaN,NaN,NaN,NaN,n/a,n/a,false,false,NaN,NaN,n/a,n/a,false,NaN,NaN,0.0,
har,har,har,linf,0.01,1,356,-14.071172457900015,13.903955257900016,-14.0711724579,13.9039552579,false,false,NaN,NaN,NaN,NaN,n/a,n/a,false,false,NaN,NaN,n/a,n/a,false,NaN,NaN,0.0,
har,har,har,linf,0.01,1,357,-14.3374832484,14.248851448399998,-14.337483248400002,14.2488514484,false,false,NaN,NaN,NaN,NaN,n/a,n/a,false,false,NaN,NaN,n/a,n/a,false,NaN,NaN,0.0,
har,har,har,linf,0.01,1,358,-14.050338742199981,14.219480742199982,-14.050338742200001,14.219480742200002,false,false,NaN,NaN,NaN,NaN,n/a,n/a,false,false,NaN,NaN,n/a,n/a,false,NaN,NaN,0.0,
har,har,har,linf,0.01,1,359,-11.035505987899995,11.090958987899995,-11.035505987899999,11.090958987899999,false,false,NaN,NaN,NaN,NaN,n/a,n/a,false,false,NaN,NaN,n/a,n/a,false,NaN,NaN,0.0,
har,har,har,linf,0.01,1,360,-11.507870961640004,11.512403141640005,-11.507870961639997,11.512403141639998,false,false,NaN,NaN,NaN,NaN,n/a,n/a,false,false,NaN,NaN,n/a,n/a,false,NaN,NaN,0.0,
har,har,har,linf,0.01,1,361,-14.80424918590001,14.87688118590001,-14.804249185900002,14.8768811859,false,false,NaN,NaN,NaN,NaN,n/a,n/a,false,false,NaN,NaN,n/a,n/a,false,NaN,NaN,0.0,
har,har,har,linf,0.01,1,362,-11.660969284699991,11.63103828469999,-11.6609692847,11.631038284699999,false,false,NaN,NaN,NaN,NaN,n/a,n/a,false,false,NaN,NaN,n/a,n/a,false,NaN,NaN,0.0,
har,har,har,linf,0.01,1,363,-11.602519515999996,11.639045715999996,-11.602519516,11.639045716,false,false,NaN,NaN,NaN,NaN,n/a,n/a,false,false,NaN,NaN,n/a,n/a,false,NaN,NaN,0.0,
har,har,har,linf,0.01,1,364,-14.140668474900007,14.314477674900008,-14.1406684749,14.314477674900001,false,false,NaN,NaN,NaN,NaN,n/a,n/a,false,false,NaN,NaN,n/a,n/a,false,NaN,NaN,0.0,
har,har,har,linf,0.01,1,365,-11.49018984570001,11.433606045700012,-11.490189845700002,11.433606045700003,false,false,NaN,NaN,NaN,NaN,n/a,n/a,false,false,NaN,NaN,n/a,n/a,false,NaN,NaN,0.0,
har,har,har,linf,0.01,1,366,-13.868959744970013,13.997722944970015,-13.868959744969999,13.99772294497,false,false,NaN,NaN,NaN,NaN,n/a,n/a,false,false,NaN,NaN,n/a,n/a,false,NaN,NaN,0.0,
har,har,har,linf,0.01,1,367,-11.172850737959994,11.070160737959995,-11.172850737959998,11.070160737959998,false,false,NaN,NaN,NaN,NaN,n/a,n/a,false,false,NaN,NaN,n/a,n/a,false,NaN,NaN,0.0,
har,har,har,linf,0.01,1,368,-15.49371964710001,15.439264847100011,-15.493719647099999,15.4392648471,false,false,NaN,NaN,NaN,NaN,n/a,n/a,false,false,NaN,NaN,n/a,n/a,false,NaN,NaN,0.0,
har,har,har,linf,0.01,1,369,-11.387025436599993,11.358758036599992,-11.3870254366,11.3587580366,false,false,NaN,NaN,NaN,NaN,n/a,n/a,false,false,NaN,NaN,n/a,n/a,false,NaN,NaN,0.0,
har,har,har,linf,0.01,1,370,-12.776265684457018,12.888826884457016,-12.776265285766472,12.88882648576647,false,false,NaN,NaN,NaN,NaN,n/a,n/a,false,false,NaN,NaN,n/a,n/a,false,NaN,NaN,0.0,
har,har,har,linf,0.01,1,371,-15.542245159000007,15.382698359000006,-15.542245159,15.382698358999999,false,false,NaN,NaN,NaN,NaN,n/a,n/a,false,false,NaN,NaN,n/a,n/a,false,NaN,NaN,0.0,
har,har,har,linf,0.01,1,372,-9.258845485490005,9.246294105490003,-9.258845485490001,9.24629410549,false,false,NaN,NaN,NaN,NaN,n/a,n/a,false,false,NaN,NaN,n/a,n/a,false,NaN,NaN,0.0,
har,har,har,linf,0.01,1,373,-10.516494323510008,10.469743723510009,-10.516494323509999,10.46974372351,false,false,NaN,NaN,NaN,NaN,n/a,n/a,false,false,NaN,NaN,n/a,n/a,false,NaN,NaN,0.0,
har,har,har,linf,0.01,1,374,-11.036312013799998,10.9485648138,-11.0363120138,10.948564813800001,false,false,NaN,NaN,NaN,NaN,n/a,n/a,false,false,NaN,NaN,n/a,n/a,false,NaN,NaN,0.0,
har,har,har,linf,0.01,1,375,-20.109674702599975,20.210833502599975,-20.1096747026,20.2108335026,false,false,NaN,NaN,NaN,NaN,n/a,n/a,false,false,NaN,NaN,n/a,n/a,false,NaN,NaN,0.0,
har,har,har,linf,0.01,1,376,-15.847778583112994,15.690485983112993,-15.847778583113,15.690485983112998,false,false,NaN,NaN,NaN,NaN,n/a,n/a,false,false,NaN,NaN,n/a,n/a,false,NaN,NaN,0.0,
har,har,har,linf,0.01,1,377,-16.42274209097102,16.53403969097102,-16.422742090971,16.53403781569251,false,false,NaN,NaN,NaN,NaN,n/a,n/a,false,false,NaN,NaN,n/a,n/a,false,NaN,NaN,0.0,
har,har,har,linf,0.01,1,378,-13.84007651100001,13.76245491100001,-13.840076511000001,13.762454911,false,false,NaN,NaN,NaN,NaN,n/a,n/a,false,false,NaN,NaN,n/a,n/a,false,NaN,NaN,0.0,
har,har,har,linf,0.01,1,379,-14.117578513000014,13.910958513000013,-14.117578513000002,13.910958513,false,false,NaN,NaN,NaN,NaN,n/a,n/a,false,false,NaN,NaN,n/a,n/a,false,NaN,NaN,0.0,
har,har,har,linf,0.01,1,380,-11.613567791100003,11.533223191100003,-11.613567791100001,11.533223191100001,false,false,NaN,NaN,NaN,NaN,n/a,n/a,false,false,NaN,NaN,n/a,n/a,false,NaN,NaN,0.0,
har,har,har,linf,0.01,1,381,-11.554138991490007,11.462027591490006,-11.55413899149,11.46202759149,false,false,NaN,NaN,NaN,NaN,n/a,n/a,false,false,NaN,NaN,n/a,n/a,false,NaN,NaN,0.0,
har,har,har,linf,0.01,1,382,-10.17289437593,10.20353097593,-10.17289437593,10.2035294555501,true,false,-0.10188212675930454,-0.10188212675930454,0.10188212675930354,0.10188212675930354,WRONG,n/a,false,false,-0.10188212675930454,NaN,false,n/a,true,0.0,0.1018821267592985,6.174,har__har__linf__0.01__har_w41.bin
har,har,har,linf,0.01,1,383,-10.944884720649988,10.864812520649988,-10.94488472065,10.86481252065,false,false,NaN,NaN,NaN,NaN,n/a,n/a,false,false,NaN,NaN,n/a,n/a,false,NaN,NaN,0.0,
har,har,har,linf,0.01,1,384,-11.739550256799998,11.696405256799999,-11.7395502568,11.6964052568,false,false,NaN,NaN,NaN,NaN,n/a,n/a,false,false,NaN,NaN,n/a,n/a,false,NaN,NaN,0.0,
har,har,har,linf,0.01,1,385,-15.145252875389987,15.064799075389987,-15.145252875390002,15.06479907539,false,false,NaN,NaN,NaN,NaN,n/a,n/a,false,false,NaN,NaN,n/a,n/a,false,NaN,NaN,0.0,
har,har,har,linf,0.01,1,386,-11.11108226059999,11.11778146059999,-11.1110822606,11.1177814606,false,false,NaN,NaN,NaN,NaN,n/a,n/a,false,false,NaN,NaN,n/a,n/a,false,NaN,NaN,0.0,
har,har,har,linf,0.01,1,387,-10.93604696859999,10.91293476859999,-10.9360469686,10.9129347686,false,false,NaN,NaN,NaN,NaN,n/a,n/a,false,false,NaN,NaN,n/a,n/a,false,NaN,NaN,0.0,
har,har,har,linf,0.01,1,388,-18.047157380239994,18.10067418023999,-18.04715738024,18.10067418024,false,false,NaN,NaN,NaN,NaN,n/a,n/a,false,false,NaN,NaN,n/a,n/a,false,NaN,NaN,0.0,
har,har,har,linf,0.01,1,389,-14.6007444924,14.5841421324,-14.6007444924,14.5841421324,true,true,-14.5841421324,-0.14554321430445638,14.5841421324,0.14585697639805417,WRONG,WRONG,false,false,-0.14592443312401038,0.14592443312401038,false,false,true,2.1923511108610936,2.337894325165555,7.443,har__har__linf__0.01__har_w42.bin
har,har,har,linf,0.01,1,390,-15.552749870526991,15.688705270526992,-15.552749484671972,15.688705270527002,false,true,-0.15620727570527934,-0.15620727570527934,0.1562072757052762,0.1562072757052762,n/a,WRONG,false,false,NaN,0.15620727376630655,n/a,false,true,0.1562072757052745,3.969047313034935e-15,4.638,har__har__linf__0.01__har_w43.bin
har,har,har,linf,0.01,1,391,-14.260662023399991,14.16433942339999,-14.260662023399998,14.164339423399998,false,false,NaN,NaN,NaN,NaN,n/a,n/a,false,false,NaN,NaN,n/a,n/a,false,NaN,NaN,0.0,
har,har,har,linf,0.01,1,392,-10.8306429436,10.844623063599999,-10.830642943600001,10.8446230636,false,false,NaN,NaN,NaN,NaN,n/a,n/a,false,false,NaN,NaN,n/a,n/a,false,NaN,NaN,0.0,
har,har,har,linf,0.01,1,393,-15.552323221500004,15.507688221500004,-15.552323221500002,15.507688221500002,false,false,NaN,NaN,NaN,NaN,n/a,n/a,false,false,NaN,NaN,n/a,n/a,false,NaN,NaN,0.0,
har,har,har,linf,0.01,1,394,-10.50673147991899,10.423221679918989,-10.506731479919,10.423220676324188,true,false,-0.10464976579917899,-0.10464976579917899,0.10464976579918334,0.10464976579918334,WRONG,n/a,false,false,-0.10464976579917899,NaN,false,n/a,true,0.0,0.10464976579918976,5.842,har__har__linf__0.01__har_w44.bin
har,har,har,linf,0.01,1,395,-11.064566258490002,10.980999058490001,-11.064566258489998,10.980999058489997,false,false,NaN,NaN,NaN,NaN,n/a,n/a,false,false,NaN,NaN,n/a,n/a,false,NaN,NaN,0.0,
har,har,har,linf,0.01,1,396,-11.606501376700006,11.550290776700006,-11.606501376699999,11.550290776699999,false,false,NaN,NaN,NaN,NaN,n/a,n/a,false,false,NaN,NaN,n/a,n/a,false,NaN,NaN,0.0,
har,har,har,linf,0.01,1,397,-15.841932605299997,15.774911205299995,-15.841932605300002,15.7749112053,false,false,NaN,NaN,NaN,NaN,n/a,n/a,false,false,NaN,NaN,n/a,n/a,false,NaN,NaN,0.0,
har,har,har,linf,0.01,1,398,-11.538690917220002,11.504908117220001,-11.53869091722,11.50490811722,false,false,NaN,NaN,NaN,NaN,n/a,n/a,false,false,NaN,NaN,n/a,n/a,false,NaN,NaN,0.0,
har,har,har,linf,0.01,1,399,-13.6928291393,13.8011519393,-13.692829139299997,13.801151939299997,false,false,NaN,NaN,NaN,NaN,n/a,n/a,false,false,NaN,NaN,n/a,n/a,false,NaN,NaN,0.0,
har,har,har,linf,0.01,1,400,-14.000420106190006,14.078756906190005,-14.00042010619,14.07875690619,false,false,NaN,NaN,NaN,NaN,n/a,n/a,false,false,NaN,NaN,n/a,n/a,false,NaN,NaN,0.0,
har,har,har,linf,0.01,1,401,-14.107301260599995,14.133018260599995,-14.107301260599996,14.133018260599997,false,false,NaN,NaN,NaN,NaN,n/a,n/a,false,false,NaN,NaN,n/a,n/a,false,NaN,NaN,0.0,
har,har,har,linf,0.01,1,402,-9.077522453440002,8.998292653440002,-9.07752245344,8.99829265344,false,false,NaN,NaN,NaN,NaN,n/a,n/a,false,false,NaN,NaN,n/a,n/a,false,NaN,NaN,0.0,
har,har,har,linf,0.01,1,403,-11.77942892980001,11.78088766180001,-11.779428929800002,11.780887661800001,false,false,NaN,NaN,NaN,NaN,n/a,n/a,false,false,NaN,NaN,n/a,n/a,false,NaN,NaN,0.0,
har,har,har,linf,0.01,1,404,-9.723929512679993,9.692533112679994,-9.723929512679998,9.69253311268,false,false,NaN,NaN,NaN,NaN,n/a,n/a,false,false,NaN,NaN,n/a,n/a,false,NaN,NaN,0.0,
har,har,har,linf,0.01,1,405,-14.729328316300005,14.636651716300005,-14.7293283163,14.6366517163,false,false,NaN,NaN,NaN,NaN,n/a,n/a,false,false,NaN,NaN,n/a,n/a,false,NaN,NaN,0.0,
har,har,har,linf,0.01,1,406,-11.718599883599,11.770561883599,-11.718599883599001,11.770560244358391,true,false,-0.11744580883599615,-0.11744580883599615,0.1174458088360006,0.1174458088360006,WRONG,n/a,false,false,-0.11744580883599615,NaN,false,n/a,true,5.221517662690189e-15,0.11744580883599542,7.695,har__har__linf__0.01__har_w45.bin
har,har,har,linf,0.01,1,407,-14.008114439740007,14.198766239740008,-14.008114439739998,14.19876623974,false,false,NaN,NaN,NaN,NaN,n/a,n/a,false,false,NaN,NaN,n/a,n/a,false,NaN,NaN,0.0,
har,har,har,linf,0.01,1,408,-16.630607079699995,16.626995619699994,-16.6306070797,16.626995619699997,false,false,NaN,NaN,NaN,NaN,n/a,n/a,false,false,NaN,NaN,n/a,n/a,false,NaN,NaN,0.0,
har,har,har,linf,0.01,1,409,-23.643937455519996,23.824902855519994,-23.64393745552,23.824902855519998,false,false,NaN,NaN,NaN,NaN,n/a,n/a,false,false,NaN,NaN,n/a,n/a,false,NaN,NaN,0.0,
har,har,har,linf,0.01,1,410,-13.751705860899987,13.656249460899987,-13.751705860900001,13.656249460900002,false,false,NaN,NaN,NaN,NaN,n/a,n/a,false,false,NaN,NaN,n/a,n/a,false,NaN,NaN,0.0,
har,har,har,linf,0.01,1,411,-11.1587488984,11.209795898400001,-11.1587488984,11.209795898400001,true,true,-0.1118427239839719,-0.1118427239839719,0.11184272398397485,0.11184272398397485,WRONG,WRONG,false,false,-0.1118427239839719,0.11184272398397485,false,false,true,0.0,0.1118427239839936,7.176,har__har__linf__0.01__har_w46.bin
har,har,har,linf,0.01,1,412,-11.4837870937,11.557539293700001,-11.4837870937,11.557539293700001,true,true,-0.11520663193700396,-0.11520663193700396,0.1152066319369985,0.1152066319369985,WRONG,WRONG,false,false,-0.11520663193700396,0.1152066319369985,false,false,true,4.503342143635791e-15,0.11520663193700487,6.289,har__har__linf__0.01__har_w47.bin
har,har,har,linf,0.01,1,413,-14.127467574399995,14.186978974399997,-14.127467574399999,14.1869789744,false,false,NaN,NaN,NaN,NaN,n/a,n/a,false,false,NaN,NaN,n/a,n/a,false,NaN,NaN,0.0,
har,har,har,linf,0.01,1,414,-15.929198699399995,15.824603699399995,-15.929198699399999,15.824603699399999,false,false,NaN,NaN,NaN,NaN,n/a,n/a,false,false,NaN,NaN,n/a,n/a,false,NaN,NaN,0.0,
har,har,har,linf,0.01,1,415,-11.441077515399995,11.376478115399996,-11.4410775154,11.376478115400001,false,false,NaN,NaN,NaN,NaN,n/a,n/a,false,false,NaN,NaN,n/a,n/a,false,NaN,NaN,0.0,
har,har,har,linf,0.01,1,416,-15.750012427639998,15.915589827639998,-15.75001242764,15.91558982764,false,false,NaN,NaN,NaN,NaN,n/a,n/a,false,false,NaN,NaN,n/a,n/a,false,NaN,NaN,0.0,
har,har,har,linf,0.01,1,417,-13.52099224214,13.402487042139999,-13.52099224214,13.402487042139999,true,true,-13.402487042139999,-0.13244552739271476,13.402487042139999,0.12286374073718132,WRONG,WRONG,false,false,-0.1346173964213957,0.13461739642140635,false,false,true,0.9583122054498132,1.0907577328425258,7.37,har__har__linf__0.01__har_w48.bin
har,har,har,linf,0.01,1,418,-14.253274525899998,14.446316525899997,-14.2532745259,14.446316525899999,false,false,NaN,NaN,NaN,NaN,n/a,n/a,false,false,NaN,NaN,n/a,n/a,false,NaN,NaN,0.0,
har,har,har,linf,0.01,1,419,-15.07599040900001,15.13376540900001,-15.075990409,15.133765408999999,false,false,NaN,NaN,NaN,NaN,n/a,n/a,false,false,NaN,NaN,n/a,n/a,false,NaN,NaN,0.0,
har,har,har,linf,0.01,1,420,-15.971291736699998,16.079315536699998,-15.971291736699998,16.079315536699998,true,true,-16.079315536699998,-0.1590445401453895,16.079315536699998,0.1474715727545053,WRONG,WRONG,false,false,-0.16025303636699828,0.16025303636699828,false,false,true,0.4698139926852732,0.6288585328306593,7.346,har__har__linf__0.01__har_w49.bin
har,har,har,linf,0.01,1,421,-14.696865407300006,14.831933207300008,-14.696865407300002,14.831933207300004,false,false,NaN,NaN,NaN,NaN,n/a,n/a,false,false,NaN,NaN,n/a,n/a,false,NaN,NaN,0.0,
har,har,har,linf,0.01,1,422,-10.768942441700007,10.737489241700006,-10.768942441700002,10.7374892417,false,false,NaN,NaN,NaN,NaN,n/a,n/a,false,false,NaN,NaN,n/a,n/a,false,NaN,NaN,0.0,
har,har,har,linf,0.01,1,423,-13.93916192360001,14.00258672360001,-13.939161923599999,14.002586723599999,false,false,NaN,NaN,NaN,NaN,n/a,n/a,false,false,NaN,NaN,n/a,n/a,false,NaN,NaN,0.0,
har,har,har,linf,0.01,1,424,-13.783263698499987,13.883764098499988,-13.7832636985,13.883764098500002,false,false,NaN,NaN,NaN,NaN,n/a,n/a,false,false,NaN,NaN,n/a,n/a,false,NaN,NaN,0.0,
har,har,har,linf,0.01,1,425,-11.444515697690019,11.457646977690018,-11.444515697689999,11.457646977689999,false,false,NaN,NaN,NaN,NaN,n/a,n/a,false,false,NaN,NaN,n/a,n/a,false,NaN,NaN,0.0,
har,har,har,linf,0.01,1,426,-11.079902015264098,11.002988215264098,-11.079901943098541,11.0029882152641,false,true,-0.11041445078997877,-0.11041445078997877,0.11041445078998023,0.11041445078998023,n/a,WRONG,false,false,NaN,0.11041445078999507,n/a,false,true,0.11041445078999308,0.0,5.711,har__har__linf__0.01__har_w50.bin
har,har,har,linf,0.01,1,427,-11.692915849000002,11.653400249,-11.692915849000002,11.653400249,true,true,-11.653400249,-0.11618928735204848,11.653400249,0.11627365058780137,WRONG,WRONG,false,false,-0.11673158049000154,0.11673158049000865,false,false,true,0.578613309629157,0.694802596981208,6.865,har__har__linf__0.01__har_w51.bin
har,har,har,linf,0.01,1,428,-19.248560715899977,19.31113151589998,-19.2485607159,19.3111315159,false,false,NaN,NaN,NaN,NaN,n/a,n/a,false,false,NaN,NaN,n/a,n/a,false,NaN,NaN,0.0,
har,har,har,linf,0.01,1,429,-16.23377103132,16.37982803132,-16.23377103132,16.37982803132,true,true,-0.1630679953131718,-0.1630679953131718,0.16306799531317714,0.16306799531317714,WRONG,WRONG,false,false,-0.1630679953131718,0.16306799531317714,false,false,true,1.0685896612017132e-15,0.16306799531320043,5.477,har__har__linf__0.01__har_w52.bin
har,har,har,linf,0.01,1,430,-11.232749017399984,11.224054257399983,-11.232749017400002,11.2240542574,false,false,NaN,NaN,NaN,NaN,n/a,n/a,false,false,NaN,NaN,n/a,n/a,false,NaN,NaN,0.0,
har,har,har,linf,0.01,1,431,-13.869562898399998,13.861888138399998,-13.869562898400002,13.861888138400001,false,false,NaN,NaN,NaN,NaN,n/a,n/a,false,false,NaN,NaN,n/a,n/a,false,NaN,NaN,0.0,
har,har,har,linf,0.01,1,432,-14.703437851000002,14.705569751,-14.703437851000002,14.705569751,true,true,-14.705569751,-0.1451525980492927,14.705569751,0.14503823518334835,WRONG,WRONG,false,false,-0.14704503801000032,0.14704503800995017,false,false,true,2.5121650101785855,2.6573176082278813,6.255,har__har__linf__0.01__har_w53.bin
har,har,har,linf,0.01,1,433,-9.17484196867999,9.218217968679989,-9.174841968680001,9.21821796868,false,false,NaN,NaN,NaN,NaN,n/a,n/a,false,false,NaN,NaN,n/a,n/a,false,NaN,NaN,0.0,
har,har,har,linf,0.01,1,434,-15.96469673759999,15.857505937599988,-15.964696737600002,15.857505937600001,false,false,NaN,NaN,NaN,NaN,n/a,n/a,false,false,NaN,NaN,n/a,n/a,false,NaN,NaN,0.0,
har,har,har,linf,0.01,1,435,-11.004744883399994,10.950880883399993,-11.004744883400003,10.950880883400002,false,false,NaN,NaN,NaN,NaN,n/a,n/a,false,false,NaN,NaN,n/a,n/a,false,NaN,NaN,0.0,
har,har,har,linf,0.01,1,436,-11.197504996399987,11.250327596399986,-11.1975049964,11.250327596399998,false,false,NaN,NaN,NaN,NaN,n/a,n/a,false,false,NaN,NaN,n/a,n/a,false,NaN,NaN,0.0,
har,har,har,linf,0.01,1,437,-15.859947370299999,16.026963570299998,-15.8599473703,16.0269635703,false,false,NaN,NaN,NaN,NaN,n/a,n/a,false,false,NaN,NaN,n/a,n/a,false,NaN,NaN,0.0,
har,har,har,linf,0.01,1,438,-13.318393990790002,13.316006610790003,-13.31839399079,13.316006610790001,false,false,NaN,NaN,NaN,NaN,n/a,n/a,false,false,NaN,NaN,n/a,n/a,false,NaN,NaN,0.0,
har,har,har,linf,0.01,1,439,-13.337459465900013,13.298608865900013,-13.337459465899999,13.298608865899999,false,false,NaN,NaN,NaN,NaN,n/a,n/a,false,false,NaN,NaN,n/a,n/a,false,NaN,NaN,0.0,
har,har,har,linf,0.01,1,440,-15.00127324459999,14.934517644599989,-15.0012732446,14.9345176446,false,false,NaN,NaN,NaN,NaN,n/a,n/a,false,false,NaN,NaN,n/a,n/a,false,NaN,NaN,0.0,
har,har,har,linf,0.01,1,441,-12.52722164729999,12.50550244729999,-12.527221647300001,12.505502447300001,false,false,NaN,NaN,NaN,NaN,n/a,n/a,false,false,NaN,NaN,n/a,n/a,false,NaN,NaN,0.0,
har,har,har,linf,0.01,1,442,-13.568322839600006,13.515653639600005,-13.568322839599999,13.515653639599998,false,false,NaN,NaN,NaN,NaN,n/a,n/a,false,false,NaN,NaN,n/a,n/a,false,NaN,NaN,0.0,
har,har,har,linf,0.01,1,443,-9.227033649479997,9.340498049479999,-9.227033649479997,9.340498049479999,true,true,-0.09283765849480202,-0.09283765849480202,0.09283765849480344,0.09283765849480344,WRONG,WRONG,false,false,-0.09283765849480202,0.09283765849480344,false,false,true,0.0,0.09283765849479932,5.468,har__har__linf__0.01__har_w54.bin
har,har,har,linf,0.01,1,444,-14.900837632300002,15.007521032300003,-14.9008376323,15.007521032300001,false,false,NaN,NaN,NaN,NaN,n/a,n/a,false,false,NaN,NaN,n/a,n/a,false,NaN,NaN,0.0,
har,har,har,linf,0.01,1,445,-12.068955488800007,12.080792308800007,-12.0689554888,12.0807923088,false,false,NaN,NaN,NaN,NaN,n/a,n/a,false,false,NaN,NaN,n/a,n/a,false,NaN,NaN,0.0,
har,har,har,linf,0.01,1,446,-14.363882396999996,14.432509596999997,-14.363882396999998,14.432509597,false,false,NaN,NaN,NaN,NaN,n/a,n/a,false,false,NaN,NaN,n/a,n/a,false,NaN,NaN,0.0,
har,har,har,linf,0.01,1,447,-11.633237533300008,11.586961333300007,-11.633237533299997,11.586961333299996,false,false,NaN,NaN,NaN,NaN,n/a,n/a,false,false,NaN,NaN,n/a,n/a,false,NaN,NaN,0.0,
har,har,har,linf,0.01,1,448,-14.228608134126992,14.349801134126993,-14.22860784850827,14.349801134127,false,true,-14.349801134127,-0.13661474036423216,14.349801134126993,0.14075983653503865,n/a,WRONG,false,false,NaN,0.14289204490599738,n/a,false,true,1.0179900832448616,0.8772302467098232,7.18,har__har__linf__0.01__har_w55.bin
har,har,har,linf,0.01,1,449,-14.987984372099994,14.961097972099996,-14.9879843721,14.961097972100001,false,false,NaN,NaN,NaN,NaN,n/a,n/a,false,false,NaN,NaN,n/a,n/a,false,NaN,NaN,0.0,
har,har,har,linf,0.01,1,450,-11.586647542700005,11.639531142700006,-11.5866475427,11.639531142700001,false,false,NaN,NaN,NaN,NaN,n/a,n/a,false,false,NaN,NaN,n/a,n/a,false,NaN,NaN,0.0,
har,har,har,linf,0.01,1,451,-14.756040694499992,14.716789694499992,-14.756040694500001,14.716789694500001,false,false,NaN,NaN,NaN,NaN,n/a,n/a,false,false,NaN,NaN,n/a,n/a,false,NaN,NaN,0.0,
har,har,har,linf,0.01,1,452,-17.383602013425,17.379543433425003,-17.383602013425,17.37954159421725,true,false,-0.1738157272342633,-0.1738157272342633,0.1738157272342619,0.1738157272342619,WRONG,n/a,false,false,-0.1738157272342633,NaN,false,n/a,true,0.0,0.17381572723424868,5.151,har__har__linf__0.01__har_w56.bin
har,har,har,linf,0.01,1,453,-10.715915773480008,10.64659477348001,-10.715915773479999,10.64659477348,false,false,NaN,NaN,NaN,NaN,n/a,n/a,false,false,NaN,NaN,n/a,n/a,false,NaN,NaN,0.0,
har,har,har,linf,0.01,1,454,-9.686549568800004,9.700330708800003,-9.6865495688,9.7003307088,false,false,NaN,NaN,NaN,NaN,n/a,n/a,false,false,NaN,NaN,n/a,n/a,false,NaN,NaN,0.0,
har,har,har,linf,0.01,1,455,-15.084923517699984,15.034028517699983,-15.084923517700002,15.034028517700001,false,false,NaN,NaN,NaN,NaN,n/a,n/a,false,false,NaN,NaN,n/a,n/a,false,NaN,NaN,0.0,
har,har,har,linf,0.01,1,456,-12.175616589600011,12.12317598960001,-12.1756165896,12.1231759896,false,false,NaN,NaN,NaN,NaN,n/a,n/a,false,false,NaN,NaN,n/a,n/a,false,NaN,NaN,0.0,
har,har,har,linf,0.01,1,457,-10.090421693260009,10.13679089326001,-10.090421693260001,10.136790893260002,false,false,NaN,NaN,NaN,NaN,n/a,n/a,false,false,NaN,NaN,n/a,n/a,false,NaN,NaN,0.0,
har,har,har,linf,0.01,1,458,-18.7779059227,18.906915522700004,-18.777905922699997,18.9069155227,false,false,NaN,NaN,NaN,NaN,n/a,n/a,false,false,NaN,NaN,n/a,n/a,false,NaN,NaN,0.0,
har,har,har,linf,0.01,1,459,-16.74686693793998,16.755345617939984,-16.74686693794,16.75534561794,false,false,NaN,NaN,NaN,NaN,n/a,n/a,false,false,NaN,NaN,n/a,n/a,false,NaN,NaN,0.0,
har,har,har,linf,0.01,1,460,-14.665138972500005,14.587641972500004,-14.6651389725,14.587641972499998,false,false,NaN,NaN,NaN,NaN,n/a,n/a,false,false,NaN,NaN,n/a,n/a,false,NaN,NaN,0.0,
har,har,har,linf,0.01,1,461,-14.75892393167998,14.62696053167998,-14.75892393168,14.62696053168,false,false,NaN,NaN,NaN,NaN,n/a,n/a,false,false,NaN,NaN,n/a,n/a,false,NaN,NaN,0.0,
har,har,har,linf,0.01,1,462,-16.185523354000015,16.19777767400001,-16.185523354,16.197777673999997,false,false,NaN,NaN,NaN,NaN,n/a,n/a,false,false,NaN,NaN,n/a,n/a,false,NaN,NaN,0.0,
har,har,har,linf,0.01,1,463,-15.285305764100004,15.312591964100003,-15.2853057641,15.3125919641,false,false,NaN,NaN,NaN,NaN,n/a,n/a,false,false,NaN,NaN,n/a,n/a,false,NaN,NaN,0.0,
har,har,har,linf,0.01,1,464,-15.227847657699998,15.323190457699999,-15.227847657699998,15.323190457699999,true,true,-15.323190457699999,-0.14494528582254695,15.323190457699999,0.15247916508942672,WRONG,WRONG,false,false,-0.15275519057700038,0.1527551905770057,false,false,true,0.6657087334512891,0.8106540192738401,6.24,har__har__linf__0.01__har_w57.bin
har,har,har,linf,0.01,1,465,-18.071060861283993,17.988127061283993,-18.071060861284,17.988125793884837,true,false,-0.1802959396128072,-0.1802959396128072,0.18029593961283355,0.18029593961283355,WRONG,n/a,false,false,-0.1802959396128072,NaN,false,n/a,true,0.0,0.18029593961283297,5.583,har__har__linf__0.01__har_w58.bin
har,har,har,linf,0.01,1,466,-11.456952221499998,11.405767421499997,-11.4569522215,11.405767421499998,false,false,NaN,NaN,NaN,NaN,n/a,n/a,false,false,NaN,NaN,n/a,n/a,false,NaN,NaN,0.0,
har,har,har,linf,0.01,1,467,-15.289616232099998,15.5021082321,-15.2896162321,15.502108232100001,false,false,NaN,NaN,NaN,NaN,n/a,n/a,false,false,NaN,NaN,n/a,n/a,false,NaN,NaN,0.0,
har,har,har,linf,0.01,1,468,-15.261942058669995,15.321457458669993,-15.26194205867,15.321457458669999,false,false,NaN,NaN,NaN,NaN,n/a,n/a,false,false,NaN,NaN,n/a,n/a,false,NaN,NaN,0.0,
har,har,har,linf,0.01,1,469,-16.027251044299994,16.130261644299992,-16.027251044300005,16.130261644300003,false,false,NaN,NaN,NaN,NaN,n/a,n/a,false,false,NaN,NaN,n/a,n/a,false,NaN,NaN,0.0,
har,har,har,linf,0.01,1,470,-11.197375304200003,11.174361704200004,-11.1973753042,11.1743617042,false,false,NaN,NaN,NaN,NaN,n/a,n/a,false,false,NaN,NaN,n/a,n/a,false,NaN,NaN,0.0,
har,har,har,linf,0.01,1,471,-11.46709936985,11.516124769850002,-11.467099369849999,11.51612476985,false,false,NaN,NaN,NaN,NaN,n/a,n/a,false,false,NaN,NaN,n/a,n/a,false,NaN,NaN,0.0,
har,har,har,linf,0.01,1,472,-11.914603738299999,11.894791658299997,-11.914603738300002,11.8947916583,false,false,NaN,NaN,NaN,NaN,n/a,n/a,false,false,NaN,NaN,n/a,n/a,false,NaN,NaN,0.0,
har,har,har,linf,0.01,1,473,-17.57258894550001,17.437559545500008,-17.572588945499998,17.437559545499997,false,false,NaN,NaN,NaN,NaN,n/a,n/a,false,false,NaN,NaN,n/a,n/a,false,NaN,NaN,0.0,
har,har,har,linf,0.01,1,474,-15.516132731800012,15.635632531800011,-15.5161327318,15.6356325318,false,false,NaN,NaN,NaN,NaN,n/a,n/a,false,false,NaN,NaN,n/a,n/a,false,NaN,NaN,0.0,
har,har,har,linf,0.01,1,475,-14.878155985900003,14.829076585900003,-14.8781559859,14.8290765859,false,false,NaN,NaN,NaN,NaN,n/a,n/a,false,false,NaN,NaN,n/a,n/a,false,NaN,NaN,0.0,
har,har,har,linf,0.01,1,476,-8.75903922278001,8.841967822780008,-8.75903922278,8.84196782278,false,false,NaN,NaN,NaN,NaN,n/a,n/a,false,false,NaN,NaN,n/a,n/a,false,NaN,NaN,0.0,
har,har,har,linf,0.01,1,477,-14.268041484700007,14.323396084700008,-14.2680414847,14.3233960847,false,false,NaN,NaN,NaN,NaN,n/a,n/a,false,false,NaN,NaN,n/a,n/a,false,NaN,NaN,0.0,
har,har,har,linf,0.01,1,478,-15.321567435700002,15.195521835700001,-15.321567435700002,15.195521835700001,true,true,-0.1525854463569899,-0.1525854463569899,0.15258544635699228,0.15258544635699228,WRONG,WRONG,false,false,-0.1525854463569899,0.15258544635699228,false,false,true,5.689893001203927e-16,0.15258544635700172,4.9,har__har__linf__0.01__har_w59.bin
har,har,har,linf,0.01,1,479,-10.681237933399997,10.753338133399998,-10.681237933399998,10.7533381334,false,false,NaN,NaN,NaN,NaN,n/a,n/a,false,false,NaN,NaN,n/a,n/a,false,NaN,NaN,0.0,
har,har,har,linf,0.01,1,480,-14.978373046899984,15.040324646899984,-14.978373046899996,15.040324646899997,false,false,NaN,NaN,NaN,NaN,n/a,n/a,false,false,NaN,NaN,n/a,n/a,false,NaN,NaN,0.0,
har,har,har,linf,0.01,1,481,-14.979109548200016,14.903644748200017,-14.9791095482,14.903644748200001,false,false,NaN,NaN,NaN,NaN,n/a,n/a,false,false,NaN,NaN,n/a,n/a,false,NaN,NaN,0.0,
har,har,har,linf,0.01,1,482,-11.779178952899997,11.723140952899996,-11.7791789529,11.7231409529,false,false,NaN,NaN,NaN,NaN,n/a,n/a,false,false,NaN,NaN,n/a,n/a,false,NaN,NaN,0.0,
har,har,har,linf,0.01,1,483,-11.266514039726017,11.297456439726018,-11.26651256028836,11.297456439726002,false,false,NaN,NaN,NaN,NaN,n/a,n/a,false,false,NaN,NaN,n/a,n/a,false,NaN,NaN,0.0,
har,har,har,linf,0.01,1,484,-15.779888841000007,15.773868401000007,-15.779888841000002,15.773868401000001,false,false,NaN,NaN,NaN,NaN,n/a,n/a,false,false,NaN,NaN,n/a,n/a,false,NaN,NaN,0.0,
har,har,har,linf,0.01,1,485,-11.588861794400014,11.583711734400016,-11.5888617944,11.583711734400001,false,false,NaN,NaN,NaN,NaN,n/a,n/a,false,false,NaN,NaN,n/a,n/a,false,NaN,NaN,0.0,
har,har,har,linf,0.01,1,486,-15.6750145582,15.6689696982,-15.675014558199997,15.668969698199998,false,false,NaN,NaN,NaN,NaN,n/a,n/a,false,false,NaN,NaN,n/a,n/a,false,NaN,NaN,0.0,
har,har,har,linf,0.01,1,487,-16.105118024899994,16.069157024899994,-16.1051180249,16.0691570249,false,false,NaN,NaN,NaN,NaN,n/a,n/a,false,false,NaN,NaN,n/a,n/a,false,NaN,NaN,0.0,
har,har,har,linf,0.01,1,488,-15.716945132000014,15.832250532000014,-15.716945132,15.832250532,false,false,NaN,NaN,NaN,NaN,n/a,n/a,false,false,NaN,NaN,n/a,n/a,false,NaN,NaN,0.0,
har,har,har,linf,0.01,1,489,-11.301675955275005,11.227135555275005,-11.301675955275002,11.227134503948053,false,false,NaN,NaN,NaN,NaN,n/a,n/a,false,false,NaN,NaN,n/a,n/a,false,NaN,NaN,0.0,
har,har,har,linf,0.01,1,490,-13.970759592299993,13.945464792299992,-13.9707595923,13.9454647923,false,false,NaN,NaN,NaN,NaN,n/a,n/a,false,false,NaN,NaN,n/a,n/a,false,NaN,NaN,0.0,
har,har,har,linf,0.01,1,491,-13.876646091620003,13.769916691620004,-13.87664609162,13.76991669162,false,false,NaN,NaN,NaN,NaN,n/a,n/a,false,false,NaN,NaN,n/a,n/a,false,NaN,NaN,0.0,
har,har,har,linf,0.01,1,492,-15.960708224270002,16.102677224270003,-15.960708224269998,16.10267722427,false,false,NaN,NaN,NaN,NaN,n/a,n/a,false,false,NaN,NaN,n/a,n/a,false,NaN,NaN,0.0,
har,har,har,linf,0.01,1,493,-16.42798992572,16.594492725720002,-16.42798992572,16.594492725720002,true,true,-16.594492725720002,-0.16384997721721994,16.594492725720002,0.1522657950243662,WRONG,WRONG,false,false,-0.1651124132572086,0.16511197980754044,false,false,true,8.907565532480685,9.071415509697898,4.566,har__har__linf__0.01__har_w60.bin
har,har,har,linf,0.01,1,494,-15.251244050799992,15.307338850799992,-15.251244050799999,15.307338850799999,false,false,NaN,NaN,NaN,NaN,n/a,n/a,false,false,NaN,NaN,n/a,n/a,false,NaN,NaN,0.0,
har,har,har,linf,0.01,1,495,-14.697575188399977,14.494261188399978,-14.6975751884,14.494261188400001,false,false,NaN,NaN,NaN,NaN,n/a,n/a,false,false,NaN,NaN,n/a,n/a,false,NaN,NaN,0.0,
har,har,har,linf,0.01,1,496,-10.936907804100002,10.941171864100003,-10.936907804099999,10.9411718641,false,false,NaN,NaN,NaN,NaN,n/a,n/a,false,false,NaN,NaN,n/a,n/a,false,NaN,NaN,0.0,
har,har,har,linf,0.01,1,497,-14.916720147129983,14.912039447129981,-14.91672014713,14.912039447129999,false,false,NaN,NaN,NaN,NaN,n/a,n/a,false,false,NaN,NaN,n/a,n/a,false,NaN,NaN,0.0,
har,har,har,linf,0.01,1,498,-14.592573221649996,14.618207221649996,-14.592573221650001,14.618207221650001,false,false,NaN,NaN,NaN,NaN,n/a,n/a,false,false,NaN,NaN,n/a,n/a,false,NaN,NaN,0.0,
har,har,har,linf,0.01,1,499,-14.456445529399993,14.577370929399994,-14.4564455294,14.5773709294,false,false,NaN,NaN,NaN,NaN,n/a,n/a,false,false,NaN,NaN,n/a,n/a,false,NaN,NaN,0.0,
har,har,har,linf,0.01,1,500,-12.043352301920011,12.090567301920013,-12.04335230192,12.090567301920002,false,false,NaN,NaN,NaN,NaN,n/a,n/a,false,false,NaN,NaN,n/a,n/a,false,NaN,NaN,0.0,
