dataset,arch,model,perturbation,size,layer,neuron,l_org,u_org,l_pert,u_pert,guard_ge,guard_le,min_bound,min_val,max_bound,max_val,verdict_ge,verdict_le,old_stamp_ge,old_stamp_le,old_val_min,old_val_max,fired_ge,fired_le,witness_ok,witness_z,witness_zp,probe_sec,witness_file
har,har,model_har_int8,linf,0.01,1,1,-16.113255568314344,16.151775520760566,-16.113255568314344,16.151775520760566,true,true,-16.151775520760566,-0.16132515544537854,16.151775520760566,0.11231050181073465,WRONG,WRONG,false,false,-0.16132515544538073,0.16132515544537185,false,false,true,2.570860191397628e-15,0.16132515544537668,9.623,har__har__linf__0.01__model_har_int8_w1.bin
har,har,model_har_int8,linf,0.01,1,2,-18.718695086892694,18.9314719713293,-18.718695086892694,18.9314719713293,true,true,-0.18825083529107992,-0.18825083529107992,0.18825083529108436,0.18825083529108436,WRONG,WRONG,false,false,-0.18825083529107992,0.18825083529108436,false,false,true,0.0,0.188250835291084,4.931,har__har__linf__0.01__model_har_int8_w2.bin
har,har,model_har_int8,linf,0.01,1,3,-16.068070058478042,16.165287081850693,-16.068070058478042,16.165287081850693,true,true,-0.16116678570164922,-0.16116678570164922,0.16116678570165455,0.16116678570165455,WRONG,WRONG,false,false,-0.16116678570164922,0.16116678570165455,false,false,true,3.434752482434078e-15,0.16116678570164683,4.843,har__har__linf__0.01__model_har_int8_w3.bin
har,har,model_har_int8,linf,0.01,1,4,-14.182062080362812,14.336141890147701,-14.182062080362812,14.336141890147701,true,true,-14.336141890147701,-0.14253232287773132,14.336141890147701,0.14259101985261413,WRONG,WRONG,false,false,-0.14259101985259548,0.14259101985258926,false,false,true,2.139027050127564,2.2815593730052304,4.228,har__har__linf__0.01__model_har_int8_w4.bin
har,har,model_har_int8,linf,0.01,1,5,-15.692648666910827,15.66880298126489,-15.692648666910827,15.66880298126489,true,true,-15.66880298126489,-0.1568072582408928,15.66880298126489,0.15448850491752175,WRONG,WRONG,false,false,-0.1568072582408928,0.15680725824087283,false,false,true,2.43915848565646,2.595965743897338,4.755,har__har__linf__0.01__model_har_int8_w5.bin
har,har,model_har_int8,linf,0.01,1,6,-16.340603321092203,16.340603321092203,-16.340603321092203,16.340603321092203,true,true,-16.340603321092203,-0.12443177981089426,16.340603321092203,0.16340603321091773,WRONG,WRONG,false,false,-0.16340603321090974,0.16340603321090974,false,false,true,0.6238219564348856,0.7482537362457823,5.76,har__har__linf__0.01__model_har_int8_w6.bin
har,har,model_har_int8,linf,0.01,1,7,-11.617612753994763,11.608441337011755,-11.617612753994763,11.608441337011755,true,true,-0.11613027045502679,-0.11613027045502679,0.11613027045502594,0.11613027045502594,WRONG,WRONG,false,false,-0.11613027045502679,0.11613027045502594,false,false,true,0.0,0.11613027045503022,5.489,har__har__linf__0.01__model_har_int8_w7.bin
har,har,model_har_int8,linf,0.01,1,8,-14.730834513437003,14.716160245705396,-14.730834513437003,14.716160245705396,true,true,-14.716160245705396,-0.1461530491424461,14.716160245705396,0.1471106104096398,WRONG,WRONG,false,false,-0.14723497379570105,0.14723497379570194,false,false,true,2.99105664884173,3.1372096979841753,5.019,har__har__linf__0.01__model_har_int8_w8.bin
har,har,model_har_int8,linf,0.01,1,9,-15.28970202198252,15.208993548061699,-15.28970202198252,15.208993548061699,true,true,-15.208993548061699,-0.15249347785021583,15.208993548061699,0.15089775353859736,WRONG,WRONG,false,false,-0.15249347785021583,0.15249347785022405,false,false,true,1.302279763535182,1.454773241385404,4.946,har__har__linf__0.01__model_har_int8_w9.bin
har,har,model_har_int8,linf,0.01,1,10,-10.440286018594634,10.392594647302758,-10.440286018594634,10.392594647302758,true,true,-0.10416440332949144,-0.10416440332949144,0.10416440332949138,0.10416440332949138,WRONG,WRONG,false,false,-0.10416440332949144,0.10416440332949138,false,false,true,6.8382799423005736e-15,0.10416440332949334,5.448,har__har__linf__0.01__model_har_int8_w10.bin
har,har,model_har_int8,linf,0.01,1,11,-11.824657814810053,11.890692020067945,-11.824657814810053,11.890692020067945,true,true,-0.11857674917439232,-0.11857674917439232,0.11857674917439409,0.11857674917439409,WRONG,WRONG,false,false,-0.11857674917439232,0.11857674917439409,false,false,true,1.887379141862766e-15,0.11857674917439157,4.767,har__har__linf__0.01__model_har_int8_w11.bin
har,har,model_har_int8,linf,0.01,1,12,-14.613298084237613,14.67199515516404,-14.613298084237613,14.67199515516404,true,true,-14.67199515516404,-0.14642646619700161,14.67199515516404,0.1411678302996866,WRONG,WRONG,false,false,-0.14642646619700161,0.1464264661970045,false,false,true,1.00728431881151,1.1537107850085175,4.876,har__har__linf__0.01__model_har_int8_w12.bin
har,har,model_har_int8,linf,0.01,1,13,-16.886058086529374,16.930080888792872,-16.886058086529374,16.930080888792872,true,true,-0.1690806948766177,-0.1690806948766177,0.16908069487661237,0.16908069487661237,WRONG,WRONG,false,false,-0.1690806948766177,0.16908069487661237,false,false,true,6.716849298982197e-15,0.16908069487661695,4.88,har__har__linf__0.01__model_har_int8_w13.bin
har,har,model_har_int8,linf,0.01,1,14,-14.545250594848767,14.563593428814784,-14.545250594848767,14.563593428814784,true,true,-0.1455442201183141,-0.1455442201183141,0.14554422011831505,0.14554422011831505,WRONG,WRONG,false,false,-0.1455442201183141,0.14554422011831505,false,false,true,0.0,0.145544220118316,4.746,har__har__linf__0.01__model_har_int8_w14.bin
har,har,model_har_int8,linf,0.01,1,15,-14.458273857831955,14.421588189899921,-14.458273857831955,14.421588189899921,true,true,-14.421588189899921,-0.1441574999887525,14.421588189899921,0.14252933732217699,WRONG,WRONG,false,false,-0.14439931023866137,0.1443993102386596,false,false,true,5.335804174135256,5.479961674124004,4.429,har__har__linf__0.01__model_har_int8_w15.bin
har,har,model_har_int8,linf,0.01,1,16,-12.030557217949536,12.025054367666598,-12.030557217949536,12.025054367666598,true,true,-0.12027805792807544,-0.12027805792807544,0.12027805792807587,0.12027805792807587,WRONG,WRONG,false,false,-0.12027805792807544,0.12027805792807587,false,false,true,1.7763568394002505e-15,0.12027805792808277,5.24,har__har__linf__0.01__model_har_int8_w16.bin
har,har,model_har_int8,linf,0.01,1,17,-9.292837077169679,9.30567706131842,-9.292837077169679,9.30567706131842,true,true,-0.09299257069243683,-0.09299257069243683,0.09299257069243784,0.09299257069243784,WRONG,WRONG,false,false,-0.09299257069243683,0.09299257069243784,false,false,true,0.0,0.09299257069243899,5.422,har__har__linf__0.01__model_har_int8_w17.bin
har,har,model_har_int8,linf,0.01,1,18,-14.300027206540108,14.432095617055893,-14.300027206540108,14.432095617055893,true,true,-14.432095617055893,-0.1426985007456545,14.432095617055893,0.14014029607417378,WRONG,WRONG,false,false,-0.14366061411800501,0.1436606141180059,false,false,true,1.915320501729616,2.0580190024752305,4.909,har__har__linf__0.01__model_har_int8_w18.bin
har,har,model_har_int8,linf,0.01,1,19,-11.068423574208282,11.020732202916406,-11.068423574208282,11.020732202916406,true,true,-0.11044577888560397,-0.11044577888560397,0.11044577888560198,0.11044577888560198,WRONG,WRONG,false,false,-0.11044577888560397,0.11044577888560198,false,false,true,0.0,0.11044577888560858,5.233,har__har__linf__0.01__model_har_int8_w19.bin
har,har,model_har_int8,linf,0.01,1,20,-13.590972197707742,13.651503553148359,-13.590972197707742,13.651503553148359,true,true,-0.13621237875427727,-0.13621237875427727,0.13621237875427905,0.13621237875427905,WRONG,WRONG,false,false,-0.13621237875427727,0.13621237875427905,false,false,true,0.0,0.13621237875428002,4.419,har__har__linf__0.01__model_har_int8_w20.bin
har,har,model_har_int8,linf,0.01,1,21,-11.093189802370034,11.02898987790104,-11.093189802370034,11.02898987790104,true,true,-0.1106108984013595,-0.1106108984013595,0.11061089840135943,0.11061089840135943,WRONG,WRONG,false,false,-0.1106108984013595,0.11061089840135943,false,false,true,3.608224830031759e-15,0.11061089840135913,5.351,har__har__linf__0.01__model_har_int8_w21.bin
har,har,model_har_int8,linf,0.01,1,22,-11.796270684921183,11.792602117988281,-11.796270684921183,11.792602117988281,true,true,-0.11794436401454805,-0.11794436401454805,0.11794436401454876,0.11794436401454876,WRONG,WRONG,false,false,-0.11794436401454805,0.11794436401454876,false,false,true,0.0,0.1179443640145448,5.253,har__har__linf__0.01__model_har_int8_w22.bin
har,har,model_har_int8,linf,0.01,1,23,-8.200330174295232,8.194827324012294,-8.200330174295232,8.194827324012294,true,true,-0.08197578749153812,-0.08197578749153812,0.08197578749153812,0.08197578749153812,WRONG,WRONG,false,false,-0.08197578749153812,0.08197578749153812,false,false,true,1.27675647831893e-15,0.08197578749153894,4.445,har__har__linf__0.01__model_har_int8_w23.bin
har,har,model_har_int8,linf,0.01,1,24,-11.683103989169467,11.615235503122676,-11.683103989169467,11.615235503122676,true,true,-0.11649169746146151,-0.11649169746146151,0.116491697461461,0.116491697461461,WRONG,WRONG,false,false,-0.11649169746146151,0.116491697461461,false,false,true,1.4085954624931674e-15,0.1164916974614624,5.294,har__har__linf__0.01__model_har_int8_w24.bin
har,har,model_har_int8,linf,0.01,1,25,-11.266415480175056,11.187541294493712,-11.266415480175056,11.187541294493712,true,true,-0.11226978387335527,-0.11226978387335527,0.11226978387335362,0.11226978387335362,WRONG,WRONG,false,false,-0.11226978387335527,0.11226978387335362,false,false,true,6.196432256189155e-15,0.11226978387335032,5.181,har__har__linf__0.01__model_har_int8_w25.bin
har,har,model_har_int8,linf,0.01,1,26,-14.687237326987088,14.630374540574849,-14.687237326987088,14.630374540574849,true,true,-0.14658805933781063,-0.14658805933781063,0.14658805933781063,0.14658805933781063,WRONG,WRONG,false,false,-0.14658805933781063,0.14658805933781063,false,false,true,0.0,0.14658805933780722,4.59,har__har__linf__0.01__model_har_int8_w26.bin
har,har,model_har_int8,linf,0.01,1,27,-13.563365618290845,13.565199901757296,-13.563365618290845,13.565199901757296,true,true,-13.565199901757296,-0.13350981063133904,13.565199901757296,0.13537067174612982,WRONG,WRONG,false,false,-0.1356428276002375,0.13564282760021928,false,false,true,2.988040461319508,3.1215502719508574,4.242,har__har__linf__0.01__model_har_int8_w27.bin
har,har,model_har_int8,linf,0.01,1,28,-15.23609925020719,15.23793353367364,-15.23609925020719,15.23793353367364,true,true,-15.23793353367364,-0.14335455188151247,15.23793353367364,0.15237016391938596,WRONG,WRONG,false,false,-0.1523701639194135,0.15237016391941083,false,false,true,2.62911992800019,2.772474479881682,4.511,har__har__linf__0.01__model_har_int8_w28.bin
har,har,model_har_int8,linf,0.01,1,29,-11.135786870290758,11.16146683858824,-11.135786870290758,11.16146683858824,true,true,-0.11148626854439823,-0.11148626854439823,0.11148626854439983,0.11148626854439983,WRONG,WRONG,false,false,-0.11148626854439823,0.11148626854439983,false,false,true,3.0270924655795284e-15,0.11148626854439829,5.084,har__har__linf__0.01__model_har_int8_w29.bin
har,har,model_har_int8,linf,0.01,1,30,-11.153879843273899,11.098851337650558,-11.153879843273899,11.098851337650558,true,true,-0.1112636559046198,-0.1112636559046198,0.1112636559046195,0.1112636559046195,WRONG,WRONG,false,false,-0.1112636559046198,0.1112636559046195,false,false,true,0.0,0.11126365590461984,4.948,har__har__linf__0.01__model_har_int8_w30.bin
har,har,model_har_int8,linf,0.01,1,31,-15.045315269147977,15.070995237445459,-15.045315269147977,15.070995237445459,true,true,-0.1505815525329659,-0.1505815525329659,0.15058155253296412,0.15058155253296412,WRONG,WRONG,false,false,-0.1505815525329659,0.15058155253296412,false,false,true,0.0,0.1505815525329664,4.949,har__har__linf__0.01__model_har_int8_w31.bin
har,har,model_har_int8,linf,0.01,1,32,-10.722059345222078,10.648688009358011,-10.722059345222078,10.648688009358011,true,true,-0.10685373677289979,-0.10685373677289979,0.10685373677290178,0.10685373677290178,WRONG,WRONG,false,false,-0.10685373677289979,0.10685373677290178,false,false,true,0.0,0.10685373677289917,5.341,har__har__linf__0.01__model_har_int8_w32.bin
har,har,model_har_int8,linf,0.01,1,33,-16.056012851418927,16.03767001745291,-16.056012851418927,16.03767001745291,true,true,-16.03767001745291,-0.155870986100332,16.03767001745291,0.15895096613446924,WRONG,WRONG,false,false,-0.1604684143443631,0.16046841434436132,false,false,true,1.0630212258056568,1.2188922119059762,5.145,har__har__linf__0.01__model_har_int8_w33.bin
har,har,model_har_int8,linf,0.01,1,34,-14.752236235886812,14.651350643485785,-14.752236235886812,14.651350643485785,true,true,-14.651350643485785,-0.14701793439686184,14.651350643485785,0.14657758178346625,WRONG,WRONG,false,false,-0.14701793439686184,0.14701793439686206,false,false,true,1.9550453909467955,2.102063325343658,4.786,har__har__linf__0.01__model_har_int8_w34.bin
har,har,model_har_int8,linf,0.01,1,35,-21.456587066408247,21.44741564942524,-21.456587066408247,21.44741564942524,true,true,-0.21452001357918427,-0.21452001357918427,0.21452001357918427,0.21452001357918427,WRONG,WRONG,false,false,-0.21452001357918427,0.21452001357918427,false,false,true,7.993605777301127e-15,0.21452001357917444,4.883,har__har__linf__0.01__model_har_int8_w35.bin
har,har,model_har_int8,linf,0.01,1,36,-15.489827824290842,15.317405176814646,-15.489827824290842,15.317405176814646,true,true,-15.317405176814646,-0.1444748016298547,15.317405176814646,0.1540361650055475,WRONG,WRONG,false,false,-0.15403616500552708,0.15403616500552353,false,false,true,6.561760840561328,6.706235642191162,5.241,har__har__linf__0.01__model_har_int8_w36.bin
har,har,model_har_int8,linf,0.01,1,37,-11.502634521282744,11.407251778698992,-11.502634521282744,11.407251778698992,true,true,-0.11454943149990733,-0.11454943149990733,0.11454943149990479,0.11454943149990479,WRONG,WRONG,false,false,-0.11454943149990733,0.11454943149990479,false,false,true,0.0,0.11454943149990754,5.703,har__har__linf__0.01__model_har_int8_w37.bin
har,har,model_har_int8,linf,0.01,1,38,-17.121999041642994,17.241227464284748,-17.121999041642994,17.241227464284748,true,true,-0.17181613252964037,-0.17181613252964037,0.17181613252964037,0.17181613252964037,WRONG,WRONG,false,false,-0.17181613252964037,0.17181613252964037,false,false,true,0.0,0.1718161325296369,4.928,har__har__linf__0.01__model_har_int8_w38.bin
har,har,model_har_int8,linf,0.01,1,39,-16.105920747388154,15.988526605535299,-16.105920747388154,15.988526605535299,true,true,-15.988526605535299,-0.14470705226702396,15.988526605535299,0.1604722367645941,WRONG,WRONG,false,false,-0.16047223676462252,0.16047223676462252,false,false,true,5.140546586940692,5.285253639207705,4.658,har__har__linf__0.01__model_har_int8_w39.bin
har,har,model_har_int8,linf,0.01,1,40,-14.718481135554612,14.77717820648104,-14.718481135554612,14.77717820648104,true,true,-14.77717820648104,-0.147478296710179,14.77717820648104,0.14747829671018,WRONG,WRONG,false,false,-0.147478296710179,0.14747829671018,false,false,true,0.23212051746535678,0.37959881417553515,5.559,har__har__linf__0.01__model_har_int8_w40.bin
har,har,model_har_int8,linf,0.01,1,41,-10.70159503328614,10.650235096691176,-10.70159503328614,10.650235096691176,true,true,-0.10675915064988864,-0.10675915064988864,0.10675915064988997,0.10675915064988997,WRONG,WRONG,false,false,-0.10675915064988864,0.10675915064988997,false,false,true,1.7486012637846216e-15,0.10675915064988811,5.903,har__har__linf__0.01__model_har_int8_w41.bin
har,har,model_har_int8,linf,0.01,1,42,-9.35712036723271,9.388303185347468,-9.35712036723271,9.388303185347468,true,true,-0.09372711776290421,-0.09372711776290421,0.0937271177629011,0.0937271177629011,WRONG,WRONG,false,false,-0.09372711776290421,0.0937271177629011,false,false,true,2.9698465908722937e-15,0.09372711776290382,4.717,har__har__linf__0.01__model_har_int8_w42.bin
har,har,model_har_int8,linf,0.01,1,43,-15.333027625922114,15.39355898136273,-15.333027625922114,15.39355898136273,true,true,-15.39355898136273,-0.15256324691051648,15.39355898136273,0.15363293303643655,WRONG,WRONG,false,false,-0.15363293303643122,0.15363293303643033,false,false,true,1.7193657796906716,1.8719290266011714,4.635,har__har__linf__0.01__model_har_int8_w43.bin
har,har,model_har_int8,linf,0.01,1,44,-11.47835883172229,11.404987495858222,-11.47835883172229,11.404987495858222,true,true,-0.11441673163790735,-0.11441673163790735,0.11441673163790791,0.11441673163790791,WRONG,WRONG,false,false,-0.11441673163790735,0.11441673163790791,false,false,true,2.7755575615628914e-15,0.11441673163790514,5.395,har__har__linf__0.01__model_har_int8_w44.bin
har,har,model_har_int8,linf,0.01,1,45,-13.69302943139337,13.70586941554211,-13.69302943139337,13.70586941554211,true,true,-13.70586941554211,-0.13699449423468546,13.70586941554211,0.13631775628592213,WRONG,WRONG,false,false,-0.13699449423468546,0.13699449423467946,false,false,true,1.8037310297392066,1.940725523973883,4.587,har__har__linf__0.01__model_har_int8_w45.bin
har,har,model_har_int8,linf,0.01,1,46,-10.942158695776016,10.927484428044409,-10.942158695776016,10.927484428044409,true,true,-0.1093482156190996,-0.1093482156190996,0.10934821561910096,0.10934821561910096,WRONG,WRONG,false,false,-0.1093482156190996,0.10934821561910096,false,false,true,0.0,0.10934821561910128,5.316,har__har__linf__0.01__model_har_int8_w46.bin
har,har,model_har_int8,linf,0.01,1,47,-14.597962030558847,14.814407476573251,-14.597962030558847,14.814407476573251,true,true,-14.814407476573251,-0.14706184753566642,14.814407476573251,0.14698057184631874,WRONG,WRONG,false,false,-0.14706184753566642,0.14706184753566287,false,false,true,1.574006329715516,1.7210681772511762,5.106,har__har__linf__0.01__model_har_int8_w47.bin
har,har,model_har_int8,linf,0.01,1,48,-10.976132664422039,11.010984051565174,-10.976132664422039,11.010984051565174,true,true,-0.10993558357993766,-0.10993558357993766,0.10993558357993678,0.10993558357993678,WRONG,WRONG,false,false,-0.10993558357993766,0.10993558357993678,false,false,true,0.0,0.10993558357993438,5.351,har__har__linf__0.01__model_har_int8_w48.bin
har,har,model_har_int8,linf,0.01,1,49,-10.973939158197027,10.935419205750804,-10.973939158197027,10.935419205750804,true,true,-0.10954679181973627,-0.10954679181973627,0.1095467918197371,0.1095467918197371,WRONG,WRONG,false,false,-0.10954679181973627,0.1095467918197371,false,false,true,0.0,0.10954679181973626,5.376,har__har__linf__0.01__model_har_int8_w49.bin
har,har,model_har_int8,linf,0.01,1,50,-10.560295186471194,10.505266680847853,-10.560295186471194,10.505266680847853,true,true,-0.10532780933659577,-0.10532780933659577,0.10532780933659482,0.10532780933659482,WRONG,WRONG,false,false,-0.10532780933659577,0.10532780933659482,false,false,true,0.0,0.10532780933659369,5.434,har__har__linf__0.01__model_har_int8_w50.bin
har,har,model_har_int8,linf,0.01,1,51,-15.217784588458017,15.359024410368875,-15.217784588458017,15.359024410368875,true,true,-15.359024410368875,-0.15288404499415953,15.359024410368875,0.15186981734950278,WRONG,WRONG,false,false,-0.15288404499415953,0.1528840449941482,false,false,true,1.1500223371414753,1.3029063821356097,5.08,har__har__linf__0.01__model_har_int8_w51.bin
har,har,model_har_int8,linf,0.01,1,52,-14.768810709472746,14.73395932232961,-14.768810709472746,14.73395932232961,true,true,-14.73395932232961,-0.13871753943096543,14.73395932232961,0.13695798407029836,WRONG,WRONG,false,false,-0.14751385015900897,0.14751385015902052,false,false,true,2.341784856291644,2.480502395667291,4.654,har__har__linf__0.01__model_har_int8_w52.bin
har,har,model_har_int8,linf,0.01,1,53,-15.887846623547375,16.058434982784092,-15.887846623547375,16.058434982784092,true,true,-0.1597314080316652,-0.1597314080316652,0.1597314080316652,0.1597314080316652,WRONG,WRONG,false,false,-0.1597314080316652,0.1597314080316652,false,false,true,3.4416913763379853e-15,0.15973140803166044,4.509,har__har__linf__0.01__model_har_int8_w53.bin
har,har,model_har_int8,linf,0.01,1,54,-11.23883491178276,11.167297856707592,-11.23883491178276,11.167297856707592,true,true,-0.11203066384245375,-0.11203066384245375,0.11203066384245389,0.11203066384245389,WRONG,WRONG,false,false,-0.11203066384245375,0.11203066384245389,false,false,true,1.5543122344752192e-15,0.11203066384245325,4.859,har__har__linf__0.01__model_har_int8_w54.bin
har,har,model_har_int8,linf,0.01,1,55,-15.220863393507898,15.152994907461107,-15.220863393507898,15.152994907461107,true,true,-15.152994907461107,-0.15186929150484985,15.152994907461107,0.15119972772251034,WRONG,WRONG,false,false,-0.15186929150484985,0.1518692915048483,false,false,true,1.891010125787913,2.0428794172927587,4.565,har__har__linf__0.01__model_har_int8_w55.bin
har,har,model_har_int8,linf,0.01,1,56,-14.263066103681922,14.468505850061774,-14.263066103681922,14.468505850061774,true,true,-0.14365785976871506,-0.14365785976871506,0.1436578597687115,0.1436578597687115,WRONG,WRONG,false,false,-0.14365785976871506,0.1436578597687115,false,false,true,0.0,0.1436578597687143,4.836,har__har__linf__0.01__model_har_int8_w56.bin
har,har,model_har_int8,linf,0.01,1,57,-13.585750127211213,13.532555906102061,-13.585750127211213,13.532555906102061,true,true,-13.532555906102061,-0.13487209394598798,13.532555906102061,0.13263601397494895,WRONG,WRONG,false,false,-0.13559153016656111,0.1355915301665629,false,false,true,2.9529858929325155,3.0878579868785065,4.206,har__har__linf__0.01__model_har_int8_w57.bin
har,har,model_har_int8,linf,0.01,1,58,-16.193442452931777,16.13107681670226,-16.193442452931777,16.13107681670226,true,true,-0.16162259634817477,-0.16162259634817477,0.16162259634817477,0.16162259634817477,WRONG,WRONG,false,false,-0.16162259634817477,0.16162259634817477,false,false,true,3.6637359812630166e-15,0.16162259634817422,4.833,har__har__linf__0.01__model_har_int8_w58.bin
har,har,model_har_int8,linf,0.01,1,59,-10.35746432445012,10.4693556164857,-10.35746432445012,10.4693556164857,true,true,-0.1041340997046789,-0.1041340997046789,0.10413409970467935,0.10413409970467935,WRONG,WRONG,false,false,-0.1041340997046789,0.10413409970467935,false,false,true,0.0,0.10413409970467954,3.986,har__har__linf__0.01__model_har_int8_w59.bin
har,har,model_har_int8,linf,0.01,1,60,-10.782422877848148,10.852125652134418,-10.782422877848148,10.852125652134418,true,true,-0.10817274264991239,-0.10817274264991239,0.10817274264991283,0.10817274264991283,WRONG,WRONG,false,false,-0.10817274264991239,0.10817274264991283,false,false,true,0.0,0.10817274264991261,4.4,har__har__linf__0.01__model_har_int8_w60.bin
har,har,model_har_int8,linf,0.01,1,61,-11.938832936459221,11.858124462538399,-11.938832936459221,11.858124462538399,true,true,-0.11898478699498101,-0.11898478699498101,0.11898478699498062,0.11898478699498062,WRONG,WRONG,false,false,-0.11898478699498101,0.11898478699498062,false,false,true,0.0,0.11898478699498394,4.993,har__har__linf__0.01__model_har_int8_w61.bin
har,har,model_har_int8,linf,0.01,1,62,-14.63840332441032,14.781477434560657,-14.63840332441032,14.781477434560657,true,true,-14.781477434560657,-0.14709940379487407,14.781477434560657,0.14709940379487363,WRONG,WRONG,false,false,-0.14709940379487407,0.14709940379487363,false,false,true,1.288862607003899,1.435962010798752,4.996,har__har__linf__0.01__model_har_int8_w62.bin
har,har,model_har_int8,linf,0.01,1,63,-13.034641155507416,12.849378520157188,-13.034641155507416,12.849378520157188,true,true,-12.849378520157188,-0.1294200983783167,12.849378520157188,0.12942009837831803,WRONG,WRONG,false,false,-0.1294200983783167,0.12942009837831803,false,false,true,3.583095187257515,3.7125152856358388,4.458,har__har__linf__0.01__model_har_int8_w63.bin
har,har,model_har_int8,linf,0.01,1,64,-13.905174441635609,14.079431377351284,-13.905174441635609,14.079431377351284,true,true,-14.079431377351284,-0.1399230290949316,14.079431377351284,0.13992302909493315,WRONG,WRONG,false,false,-0.1399230290949316,0.13992302909493315,false,false,true,1.0854783142558746,1.2254013433508093,4.68,har__har__linf__0.01__model_har_int8_w64.bin
har,har,model_har_int8,linf,0.01,1,65,-11.26810684078373,11.203906916314736,-11.26810684078373,11.203906916314736,true,true,-0.11236006878549644,-0.11236006878549644,0.11236006878549636,0.11236006878549636,WRONG,WRONG,false,false,-0.11236006878549644,0.11236006878549636,false,false,true,2.1094237467877974e-15,0.11236006878549518,5.072,har__har__linf__0.01__model_har_int8_w65.bin
har,har,model_har_int8,linf,0.01,1,66,-11.86923054466024,11.808699189219624,-11.86923054466024,11.808699189219624,true,true,-0.11838964866939826,-0.11838964866939826,0.11838964866939809,0.11838964866939809,WRONG,WRONG,false,false,-0.11838964866939826,0.11838964866939809,false,false,true,0.0,0.11838964866939644,5.24,har__har__linf__0.01__model_har_int8_w66.bin
har,har,model_har_int8,linf,0.01,1,67,-10.953203870798461,10.883501096512191,-10.953203870798461,10.883501096512191,true,true,-0.1091835248365653,-0.1091835248365653,0.10918352483656558,0.10918352483656558,WRONG,WRONG,false,false,-0.1091835248365653,0.10918352483656558,false,false,true,5.88418203051333e-15,0.10918352483655902,5.166,har__har__linf__0.01__model_har_int8_w67.bin
har,har,model_har_int8,linf,0.01,1,68,-10.532937181356829,10.503588645893615,-10.532937181356829,10.503588645893615,true,true,-0.10518262913625119,-0.10518262913625119,0.10518262913625227,0.10518262913625227,WRONG,WRONG,false,false,-0.10518262913625119,0.10518262913625227,false,false,true,1.007874339542525e-15,0.10518262913625341,5.274,har__har__linf__0.01__model_har_int8_w68.bin
har,har,model_har_int8,linf,0.01,1,69,-11.526908851228654,11.523240284295753,-11.526908851228654,11.523240284295753,true,true,-0.11525074567762084,-0.11525074567762084,0.11525074567762106,0.11525074567762106,WRONG,WRONG,false,false,-0.11525074567762084,0.11525074567762106,false,false,true,0.0,0.11525074567762172,5.143,har__har__linf__0.01__model_har_int8_w69.bin
har,har,model_har_int8,linf,0.01,1,70,-11.599554435815662,11.564703048672527,-11.599554435815662,11.564703048672527,true,true,-0.11582128742243065,-0.11582128742243065,0.11582128742243189,0.11582128742243189,WRONG,WRONG,false,false,-0.11582128742243065,0.11582128742243189,false,false,true,0.0,0.11582128742243622,5.319,har__har__linf__0.01__model_har_int8_w70.bin
har,har,model_har_int8,linf,0.01,1,71,-11.842991307144985,11.79346565506421,-11.842991307144985,11.79346565506421,true,true,-0.11818228481104925,-0.11818228481104925,0.11818228481105043,0.11818228481105043,WRONG,WRONG,false,false,-0.11818228481104925,0.11818228481105043,false,false,true,0.0,0.11818228481104415,5.256,har__har__linf__0.01__model_har_int8_w71.bin
har,har,model_har_int8,linf,0.01,1,72,-14.070659512653947,14.004625307396054,-14.070659512653947,14.004625307396054,true,true,-14.004625307396054,-0.14037642410025708,14.004625307396054,0.13983596696725592,WRONG,WRONG,false,false,-0.14037642410025708,0.14037642410026052,false,false,true,0.09633228805935223,0.23670871215960254,4.996,har__har__linf__0.01__model_har_int8_w72.bin
har,har,model_har_int8,linf,0.01,1,73,-13.949921768158674,14.006784554570913,-13.949921768158674,14.006784554570913,true,true,-14.006784554570913,-0.13875015702330962,14.006784554570913,0.1396774000346832,WRONG,WRONG,false,false,-0.13978353161366464,0.13978353161366375,false,false,true,1.5155713921700424,1.654321549193326,5.167,har__har__linf__0.01__model_har_int8_w73.bin
har,har,model_har_int8,linf,0.01,1,74,-13.939496643841267,13.831273920834064,-13.939496643841267,13.831273920834064,true,true,-13.831273920834064,-0.13885385282339469,13.831273920834064,0.13885385282339424,WRONG,WRONG,false,false,-0.13885385282339469,0.13885385282339424,false,false,true,1.7678939129724915,1.9067477657958682,5.065,har__har__linf__0.01__model_har_int8_w74.bin
har,har,model_har_int8,linf,0.01,1,75,-13.812635108537506,13.810800825071055,-13.812635108537506,13.810800825071055,true,true,-13.810800825071055,-0.13811717966801274,13.810800825071055,0.1332041999890774,WRONG,WRONG,false,false,-0.13811717966801274,0.13811717966803805,false,false,true,3.0625043641449934,3.2006215438130368,4.838,har__har__linf__0.01__model_har_int8_w75.bin
har,har,model_har_int8,linf,0.01,1,76,-23.33261726051569,23.545394144952297,-23.33261726051569,23.545394144952297,true,true,-0.23439005702732807,-0.23439005702732807,0.23439005702732452,0.23439005702732452,WRONG,WRONG,false,false,-0.23439005702732807,0.23439005702732452,false,false,true,0.0,0.23439005702732763,4.904,har__har__linf__0.01__model_har_int8_w76.bin
har,har,model_har_int8,linf,0.01,1,77,-15.916033267974854,15.785799145698547,-15.916033267974854,15.785799145698547,true,true,-15.785799145698547,-0.1406174974673129,15.785799145698547,0.15850916206835308,WRONG,WRONG,false,false,-0.15850916206835075,0.15850916206834276,false,false,true,0.506022153284378,0.6466396507516973,4.979,har__har__linf__0.01__model_har_int8_w77.bin
har,har,model_har_int8,linf,0.01,1,78,-11.516371331177652,11.501697063446045,-11.516371331177652,11.501697063446045,true,true,-11.501697063446045,-0.11509034197311321,11.501697063446045,0.11509034197311407,WRONG,WRONG,false,false,-0.11509034197311321,0.11509034197311407,false,false,true,0.0,0.11509034197311754,4.906,har__har__linf__0.01__model_har_int8_w78.bin
har,har,model_har_int8,linf,0.01,1,79,-15.1446780662518,15.262072208104655,-15.1446780662518,15.262072208104655,true,true,-15.262072208104655,-0.15203375137176744,15.262072208104655,0.152033751371769,WRONG,WRONG,false,false,-0.15203375137176744,0.152033751371769,false,false,true,0.7694694539107044,0.9215032052824867,5.107,har__har__linf__0.01__model_har_int8_w79.bin
har,har,model_har_int8,linf,0.01,1,80,-14.545878735370934,14.742147070355713,-14.545878735370934,14.742147070355713,true,true,-14.742147070355713,-0.146440129028644,14.742147070355713,0.146440129028643,WRONG,WRONG,false,false,-0.146440129028644,0.146440129028643,false,false,true,0.734047976513086,0.8804881055417199,4.78,har__har__linf__0.01__model_har_int8_w80.bin
har,har,model_har_int8,linf,0.01,1,81,-13.362927921465598,13.384939322597347,-13.362927921465598,13.384939322597347,true,true,-13.384939322597347,-0.1337393362203364,13.384939322597347,0.13373933622033785,WRONG,WRONG,false,false,-0.1337393362203364,0.13373933622033785,false,false,true,0.8705271490911084,1.0042664853114225,4.665,har__har__linf__0.01__model_har_int8_w81.bin
har,har,model_har_int8,linf,0.01,1,82,-15.89494300330989,15.764708881033584,-15.89494300330989,15.764708881033584,true,true,-15.764708881033584,-0.15829825942172615,15.764708881033584,0.1582982594217266,WRONG,WRONG,false,false,-0.15829825942172615,0.1582982594217266,false,false,true,3.0744771516033564,3.2327754110250746,4.422,har__har__linf__0.01__model_har_int8_w82.bin
har,har,model_har_int8,linf,0.01,1,83,-11.531348373391666,11.450639899470843,-11.531348373391666,11.450639899470843,true,true,-0.11490994136431171,-0.11490994136431171,0.11490994136431337,0.11490994136431337,WRONG,WRONG,false,false,-0.11490994136431171,0.11490994136431337,false,false,true,2.3037127760972e-15,0.11490994136431487,4.911,har__har__linf__0.01__model_har_int8_w83.bin
har,har,model_har_int8,linf,0.01,1,84,-11.982820498553338,11.988323348836275,-11.982820498553338,11.988323348836275,true,true,-0.11985571923695226,-0.11985571923695226,0.1198557192369527,0.1198557192369527,WRONG,WRONG,false,false,-0.11985571923695226,0.1198557192369527,false,false,true,1.9984014443252818e-15,0.11985571923695038,4.697,har__har__linf__0.01__model_har_int8_w84.bin
har,har,model_har_int8,linf,0.01,1,85,-15.279110114322975,15.490052710520104,-15.279110114322975,15.490052710520104,true,true,-15.490052710520104,-0.14423411441932144,15.490052710520104,0.15384581412423048,WRONG,WRONG,false,false,-0.15384581412422094,0.1538458141242236,false,false,true,0.6374519845538476,0.7816860989731655,4.61,har__har__linf__0.01__model_har_int8_w85.bin
har,har,model_har_int8,linf,0.01,1,86,-10.787660255562514,10.71062035067007,-10.787660255562514,10.71062035067007,true,true,-0.10749140303116475,-0.10749140303116475,0.10749140303116335,0.10749140303116335,WRONG,WRONG,false,false,-0.10749140303116475,0.10749140303116335,false,false,true,0.0,0.10749140303116195,4.935,har__har__linf__0.01__model_har_int8_w86.bin
har,har,model_har_int8,linf,0.01,1,87,-14.239376310259104,14.204524923115969,-14.239376310259104,14.204524923115969,true,true,-14.204524923115969,-0.1319089761368487,14.204524923115969,0.14015575088603094,WRONG,WRONG,false,false,-0.14221950616687007,0.14221950616687185,false,false,true,0.8250789136406302,0.9569878897774821,4.974,har__har__linf__0.01__model_har_int8_w87.bin
har,har,model_har_int8,linf,0.01,1,88,-15.302324985153973,15.438061957247555,-15.302324985153973,15.438061957247555,true,true,-15.438061957247555,-0.15314026915909207,15.438061957247555,0.1528817997790255,WRONG,WRONG,false,false,-0.15370193471201343,0.1537019347120161,false,false,true,0.49811334295061027,0.6512536121096975,4.301,har__har__linf__0.01__model_har_int8_w88.bin
har,har,model_har_int8,linf,0.01,1,89,-11.86081325422856,11.879156088194577,-11.86081325422856,11.879156088194577,true,true,-0.11869984671212437,-0.11869984671212437,0.11869984671212531,0.11869984671212531,WRONG,WRONG,false,false,-0.11869984671212437,0.11869984671212531,false,false,true,5.636116573448646e-15,0.11869984671212064,4.812,har__har__linf__0.01__model_har_int8_w89.bin
har,har,model_har_int8,linf,0.01,1,90,-15.323741262312979,15.479655360337347,-15.323741262312979,15.479655360337347,true,true,-0.15401698311324366,-0.15401698311324366,0.15401698311324366,0.15401698311324366,WRONG,WRONG,false,false,-0.15401698311324366,0.15401698311324366,false,false,true,0.0,0.1540169831132496,4.147,har__har__linf__0.01__model_har_int8_w90.bin
har,har,model_har_int8,linf,0.01,1,91,-10.867446259740973,10.803246335271979,-10.867446259740973,10.803246335271979,true,true,-0.10835346297506288,-0.10835346297506288,0.10835346297506188,0.10835346297506188,WRONG,WRONG,false,false,-0.10835346297506288,0.10835346297506188,false,false,true,0.0,0.10835346297506113,4.694,har__har__linf__0.01__model_har_int8_w91.bin
har,har,model_har_int8,linf,0.01,1,92,-17.26346612512134,17.256128991255537,-17.26346612512134,17.256128991255537,true,true,-0.17259797558188852,-0.17259797558188852,0.17259797558188872,0.17259797558188872,WRONG,WRONG,false,false,-0.17259797558188852,0.17259797558188872,false,false,true,0.0,0.17259797558188503,4.378,har__har__linf__0.01__model_har_int8_w92.bin
har,har,model_har_int8,linf,0.01,1,93,-13.821458250982687,13.814121117116883,-13.821458250982687,13.814121117116883,true,true,-13.814121117116883,-0.13273196597396808,13.814121117116883,0.13817789684051007,WRONG,WRONG,false,false,-0.1381778968404923,0.1381778968404923,false,false,true,3.0064400538133746,3.139172019787349,4.17,har__har__linf__0.01__model_har_int8_w93.bin
har,har,model_har_int8,linf,0.01,1,94,-11.52146268915385,11.54897694196552,-11.52146268915385,11.54897694196552,true,true,-0.11535219815560495,-0.11535219815560495,0.11535219815560627,0.11535219815560627,WRONG,WRONG,false,false,-0.11535219815560495,0.11535219815560627,false,false,true,5.172945405362839e-15,0.11535219815560194,4.906,har__har__linf__0.01__model_har_int8_w94.bin
har,har,model_har_int8,linf,0.01,1,95,-16.010474090464413,16.243428085930645,-16.010474090464413,16.243428085930645,true,true,-0.1612695108819775,-0.1612695108819775,0.1612695108819775,0.1612695108819775,WRONG,WRONG,false,false,-0.1612695108819775,0.1612695108819775,false,false,true,0.0,0.16126951088197486,4.558,har__har__linf__0.01__model_har_int8_w95.bin
har,har,model_har_int8,linf,0.01,1,96,-11.450321575714042,11.422807322902372,-11.450321575714042,11.422807322902372,true,true,-0.11436564449308215,-0.11436564449308215,0.11436564449308421,0.11436564449308421,WRONG,WRONG,false,false,-0.11436564449308215,0.11436564449308421,false,false,true,3.0080105073437835e-15,0.11436564449308517,4.988,har__har__linf__0.01__model_har_int8_w96.bin
har,har,model_har_int8,linf,0.01,1,97,-8.820095697417855,8.876958483830094,-8.820095697417855,8.876958483830094,true,true,-0.0884852709062438,-0.0884852709062438,0.08848527090624453,0.08848527090624453,WRONG,WRONG,false,false,-0.0884852709062438,0.08848527090624453,false,false,true,6.522560269672795e-16,0.08848527090624042,4.65,har__har__linf__0.01__model_har_int8_w97.bin
har,har,model_har_int8,linf,0.01,1,98,-15.577916191192344,15.671464645536616,-15.577916191192344,15.671464645536616,true,true,-15.671464645536616,-0.1562469041836544,15.671464645536616,0.15578489140085894,WRONG,WRONG,false,false,-0.1562469041836544,0.1562469041836554,false,false,true,0.5098735071859156,0.6661204113695594,4.778,har__har__linf__0.01__model_har_int8_w98.bin
har,har,model_har_int8,linf,0.01,1,99,-16.92970419372432,16.900355658261105,-16.92970419372432,16.900355658261105,true,true,-0.1691502992599272,-0.1691502992599272,0.16915029925992808,0.16915029925992808,WRONG,WRONG,false,false,-0.1691502992599272,0.16915029925992808,false,false,true,0.0,0.1691502992599213,4.504,har__har__linf__0.01__model_har_int8_w99.bin
har,har,model_har_int8,linf,0.01,1,100,-10.5552291162021,10.61025762182544,-10.5552291162021,10.61025762182544,true,true,-0.10582743369013954,-0.10582743369013954,0.10582743369013942,0.10582743369013942,WRONG,WRONG,false,false,-0.10582743369013954,0.10582743369013942,false,false,true,1.4814538484841933e-15,0.10582743369013947,4.902,har__har__linf__0.01__model_har_int8_w100.bin
har,har,model_har_int8,linf,0.01,1,101,-14.788870404940099,14.774196137208492,-14.788870404940099,14.774196137208492,true,true,-14.774196137208492,-0.14717112661070653,14.774196137208492,0.14195098454912647,WRONG,WRONG,false,false,-0.14781533271074654,0.14781533271074832,false,false,true,1.6105040744612251,1.7576752010719268,4.744,har__har__linf__0.01__model_har_int8_w101.bin
har,har,model_har_int8,linf,0.01,1,102,-14.529742436716333,14.654473709175363,-14.529742436716333,14.654473709175363,true,true,-14.654473709175363,-0.14592108072940846,14.654473709175363,0.14590703004050076,WRONG,WRONG,false,false,-0.14592108072940846,0.14590703004050076,false,false,true,1.8709654918595504,2.0168865725890117,4.453,har__har__linf__0.01__model_har_int8_w102.bin
har,har,model_har_int8,linf,0.01,1,103,-13.954849534900859,13.886981048854068,-13.954849534900859,13.886981048854068,true,true,-13.886981048854068,-0.1392091529187578,13.886981048854068,0.13920915291875757,WRONG,WRONG,false,false,-0.1392091529187578,0.13920915291875757,false,false,true,1.0022155399962716,1.1414246929150464,4.538,har__har__linf__0.01__model_har_int8_w103.bin
har,har,model_har_int8,linf,0.01,1,104,-11.354474219377153,11.420508424635045,-11.354474219377153,11.420508424635045,true,true,-0.11387491322005378,-0.11387491322005378,0.11387491322005337,0.11387491322005337,WRONG,WRONG,false,false,-0.11387491322005378,0.11387491322005337,false,false,true,0.0,0.1138749132200556,4.943,har__har__linf__0.01__model_har_int8_w104.bin
har,har,model_har_int8,linf,0.01,1,105,-10.822231737838592,10.833237438404467,-10.822231737838592,10.833237438404467,true,true,-0.10827734588121973,-0.10827734588121973,0.10827734588121862,0.10827734588121862,WRONG,WRONG,false,false,-0.10827734588121973,0.10827734588121862,false,false,true,1.4432899320127035e-15,0.10827734588121671,4.755,har__har__linf__0.01__model_har_int8_w105.bin
har,har,model_har_int8,linf,0.01,1,106,-15.683724191505462,15.555324342567474,-15.683724191505462,15.555324342567474,true,true,-15.555324342567474,-0.1561952426703912,15.555324342567474,0.1561952426703881,WRONG,WRONG,false,false,-0.1561952426703912,0.1561952426703881,false,false,true,3.918013871944106,4.0742091146144706,4.306,har__har__linf__0.01__model_har_int8_w106.bin
har,har,model_har_int8,linf,0.01,1,107,-14.033044380601496,13.978015874978155,-14.033044380601496,13.978015874978155,true,true,-13.978015874978155,-0.1398020367377717,13.978015874978155,0.14005530127790644,WRONG,WRONG,false,false,-0.14005530127790156,0.14005530127789978,false,false,true,1.8289810545876537,1.9687830913254167,4.44,har__har__linf__0.01__model_har_int8_w107.bin
har,har,model_har_int8,linf,0.01,1,108,-15.539597519207746,15.435043365228921,-15.539597519207746,15.435043365228921,true,true,-15.435043365228921,-0.15485660211708951,15.435043365228921,0.15207629325087157,WRONG,WRONG,false,false,-0.1548732044221941,0.154873204422195,false,false,true,0.8625065548939261,1.0173631570110062,4.86,har__har__linf__0.01__model_har_int8_w108.bin
har,har,model_har_int8,linf,0.01,1,109,-15.169713156064972,15.142198903253302,-15.169713156064972,15.142198903253302,true,true,-15.142198903253302,-0.15155956029659712,15.142198903253302,0.15155956029659656,WRONG,WRONG,false,false,-0.15155956029659712,0.15155956029659656,false,false,true,0.9110338923460387,1.0625934526426313,4.33,har__har__linf__0.01__model_har_int8_w109.bin
har,har,model_har_int8,linf,0.01,1,110,-8.446898281108588,8.503761067520827,-8.446898281108588,8.503761067520827,true,true,-0.08475329674314369,-0.08475329674314369,0.08475329674314214,0.08475329674314214,WRONG,WRONG,false,false,-0.08475329674314369,0.08475329674314214,false,false,true,0.0,0.08475329674314289,5.053,har__har__linf__0.01__model_har_int8_w110.bin
har,har,model_har_int8,linf,0.01,1,111,-14.815998011268675,14.832506562583148,-14.815998011268675,14.832506562583148,true,true,-14.832506562583148,-0.1482425228692712,14.832506562583148,0.14229825023431797,WRONG,WRONG,false,false,-0.1482425228692712,0.14824252286926232,false,false,true,4.207779931998828,4.356022454868088,4.48,har__har__linf__0.01__model_har_int8_w111.bin
har,har,model_har_int8,linf,0.01,1,112,-19.95906863361597,20.019599989056587,-19.95906863361597,20.019599989056587,true,true,-20.019599989056587,-0.15111357848355517,20.019599989056587,0.19820774913935185,WRONG,WRONG,false,false,-0.1998933431133576,0.19989334311336204,false,false,true,4.128641872824801e-16,0.15111357848355966,5.451,har__har__linf__0.01__model_har_int8_w112.bin
har,har,model_har_int8,linf,0.01,1,113,-17.135142534971237,17.25437095761299,-17.135142534971237,17.25437095761299,true,true,-17.25437095761299,-0.17194756746293294,17.25437095761299,0.17158983508564596,WRONG,WRONG,false,false,-0.17194756746293294,0.17194756746292228,false,false,true,5.952819279268445,6.124766846731367,4.342,har__har__linf__0.01__model_har_int8_w113.bin
har,har,model_har_int8,linf,0.01,1,114,-14.505880342330784,14.555405994411558,-14.505880342330784,14.555405994411558,true,true,-0.1453064316837014,-0.1453064316837014,0.14530643168370044,0.14530643168370044,WRONG,WRONG,false,false,-0.1453064316837014,0.14530643168370044,false,false,true,0.0,0.14530643168370783,4.38,har__har__linf__0.01__model_har_int8_w114.bin
har,har,model_har_int8,linf,0.01,1,115,-15.172365247271955,15.324610768817365,-15.172365247271955,15.324610768817365,true,true,-15.324610768817365,-0.15175807334658842,15.324610768817365,0.15248488008040884,WRONG,WRONG,false,false,-0.15248488008041328,0.15248488008041594,false,false,true,6.935368798247418,7.087126871594046,4.791,har__har__linf__0.01__model_har_int8_w115.bin
har,har,model_har_int8,linf,0.01,1,116,-15.41692514391616,15.398582309950143,-15.41692514391616,15.398582309950143,true,true,-15.398582309950143,-0.15330749084830275,15.398582309950143,0.15404008717508288,WRONG,WRONG,false,false,-0.15407753726933215,0.15407753726933127,false,false,true,2.2448557680733003,2.3981632589216066,4.315,har__har__linf__0.01__model_har_int8_w116.bin
har,har,model_har_int8,linf,0.01,1,117,-14.668631649576128,14.71999158617109,-14.668631649576128,14.71999158617109,true,true,-14.71999158617109,-0.1469431161787264,14.71999158617109,0.1469431161787272,WRONG,WRONG,false,false,-0.1469431161787264,0.1469431161787272,false,false,true,0.3039377029055934,0.450880819084329,5.083,har__har__linf__0.01__model_har_int8_w117.bin
har,har,model_har_int8,linf,0.01,1,118,-17.20941634220071,17.313970496179536,-17.20941634220071,17.313970496179536,true,true,-0.17261693419190838,-0.17261693419190838,0.17261693419191282,0.17261693419191282,WRONG,WRONG,false,false,-0.17261693419190838,0.17261693419191282,false,false,true,3.9065972678997696e-15,0.17261693419190494,4.336,har__har__linf__0.01__model_har_int8_w118.bin
har,har,model_har_int8,linf,0.01,1,119,-11.664175921381684,11.62749025344965,-11.664175921381684,11.62749025344965,true,true,-0.11645833087415677,-0.11645833087415677,0.11645833087415618,0.11645833087415618,WRONG,WRONG,false,false,-0.11645833087415677,0.11645833087415618,false,false,true,0.0,0.11645833087415569,4.773,har__har__linf__0.01__model_har_int8_w119.bin
har,har,model_har_int8,linf,0.01,1,120,-8.570296748075634,8.517102526966482,-8.570296748075634,8.517102526966482,true,true,-0.08543699637521637,-0.08543699637521637,0.08543699637521489,0.08543699637521489,WRONG,WRONG,false,false,-0.08543699637521637,0.08543699637521489,false,false,true,4.1321113197767545e-15,0.08543699637521457,4.825,har__har__linf__0.01__model_har_int8_w120.bin
har,har,model_har_int8,linf,0.01,1,121,-11.476761943718884,11.463921959570143,-11.476761943718884,11.463921959570143,true,true,-0.11470341951644261,-0.11470341951644261,0.1147034195164414,0.1147034195164414,WRONG,WRONG,false,false,-0.11470341951644261,0.1147034195164414,false,false,true,5.386316392907986e-16,0.11470341951644564,4.943,har__har__linf__0.01__model_har_int8_w121.bin
har,har,model_har_int8,linf,0.01,1,122,-11.224219856085256,11.26090552401729,-11.224219856085256,11.26090552401729,true,true,-0.11242562690051223,-0.11242562690051223,0.11242562690051167,0.11242562690051167,WRONG,WRONG,false,false,-0.11242562690051223,0.11242562690051167,false,false,true,0.0,0.11242562690051149,4.839,har__har__linf__0.01__model_har_int8_w122.bin
har,har,model_har_int8,linf,0.01,1,123,-14.243169106543064,14.1092664077878,-14.243169106543064,14.1092664077878,true,true,-14.1092664077878,-0.14176217757165077,14.1092664077878,0.14089668465063165,WRONG,WRONG,false,false,-0.14176217757165077,0.14176217757164622,false,false,true,0.542095044404285,0.6838572219759393,4.347,har__har__linf__0.01__model_har_int8_w123.bin
har,har,model_har_int8,linf,0.01,1,124,-14.14135587029159,14.064315965399146,-14.14135587029159,14.064315965399146,true,true,-14.064315965399146,-0.12566608399126022,14.064315965399146,0.14102835917845225,WRONG,WRONG,false,false,-0.1410283591784598,0.14102835917845624,false,false,true,1.4945245339745814,1.6201906179658414,4.468,har__har__linf__0.01__model_har_int8_w124.bin
har,har,model_har_int8,linf,0.01,1,125,-11.568164261814672,11.503964337345678,-11.568164261814672,11.503964337345678,true,true,-0.1153606429957953,-0.1153606429957953,0.11536064299579554,0.11536064299579554,WRONG,WRONG,false,false,-0.1153606429957953,0.11536064299579554,false,false,true,0.0,0.11536064299579746,4.588,har__har__linf__0.01__model_har_int8_w125.bin
har,har,model_har_int8,linf,0.01,1,126,-8.662215751130134,8.731918525416404,-8.662215751130134,8.731918525416404,true,true,-0.08697067138273384,-0.08697067138273384,0.08697067138273384,0.08697067138273384,WRONG,WRONG,false,false,-0.08697067138273384,0.08697067138273384,false,false,true,5.412337245047638e-16,0.08697067138273279,3.931,har__har__linf__0.01__model_har_int8_w126.bin
har,har,model_har_int8,linf,0.01,1,127,-15.479330491274595,15.473827640991658,-15.479330491274595,15.473827640991658,true,true,-15.473827640991658,-0.15476579066134022,15.473827640991658,0.15469005388400214,WRONG,WRONG,false,false,-0.15476579066134022,0.15476579066133134,false,false,true,3.4076938851086434,3.5624596757699774,3.938,har__har__linf__0.01__model_har_int8_w127.bin
har,har,model_har_int8,linf,0.01,1,128,-17.43831817386672,17.559380884747952,-17.43831817386672,17.559380884747952,true,true,-17.559380884747952,-0.12512291653126534,17.559380884747952,0.17498849529304764,WRONG,WRONG,false,false,-0.17498849529305005,0.17498849529305183,false,false,true,0.0,0.12512291653127555,5.178,har__har__linf__0.01__model_har_int8_w128.bin
har,har,model_har_int8,linf,0.01,1,129,-11.242556253040675,11.1948648817488,-11.242556253040675,11.1948648817488,true,true,-0.11218710567395268,-0.11218710567395268,0.11218710567395147,0.11218710567395147,WRONG,WRONG,false,false,-0.11218710567395268,0.11218710567395147,false,false,true,2.4390212072233908e-15,0.11218710567394974,4.606,har__har__linf__0.01__model_har_int8_w129.bin
har,har,model_har_int8,linf,0.01,1,130,-10.28733285004273,10.215795794967562,-10.28733285004273,10.215795794967562,true,true,-0.10251564322505796,-0.10251564322505796,0.10251564322505716,0.10251564322505716,WRONG,WRONG,false,false,-0.10251564322505796,0.10251564322505716,false,false,true,4.6004866582904924e-15,0.1025156432250558,4.622,har__har__linf__0.01__model_har_int8_w130.bin
har,har,model_har_int8,linf,0.01,1,131,-11.541609203675762,11.607643408933654,-11.541609203675762,11.607643408933654,true,true,-0.11574626306304808,-0.11574626306304808,0.11574626306304668,0.11574626306304668,WRONG,WRONG,false,false,-0.11574626306304808,0.11574626306304668,false,false,true,0.0,0.1157462630630462,4.586,har__har__linf__0.01__model_har_int8_w131.bin
har,har,model_har_int8,linf,0.01,1,132,-12.061506249185186,11.97346064465819,-12.061506249185186,11.97346064465819,true,true,-0.12017483446922417,-0.12017483446922417,0.12017483446922458,0.12017483446922458,WRONG,WRONG,false,false,-0.12017483446922417,0.12017483446922458,false,false,true,6.925016116099414e-15,0.12017483446922383,4.711,har__har__linf__0.01__model_har_int8_w132.bin
har,har,model_har_int8,linf,0.01,1,133,-11.733631661598338,11.706117408786668,-11.733631661598338,11.706117408786668,true,true,-11.706117408786668,-0.11650681576363194,11.706117408786668,0.11683217665890683,WRONG,WRONG,false,false,-0.11719874535192165,0.11719874535192876,false,false,true,9.992007221626409e-16,0.11650681576363844,4.234,har__har__linf__0.01__model_har_int8_w133.bin
har,har,model_har_int8,linf,0.01,1,134,-15.23659134004265,15.22375135589391,-15.23659134004265,15.22375135589391,true,true,-15.22375135589391,-0.15230171347967758,15.22375135589391,0.15116247087059742,WRONG,WRONG,false,false,-0.15230171347967758,0.15230171347967758,false,false,true,2.674335054019413,2.826636767499097,4.632,har__har__linf__0.01__model_har_int8_w134.bin
har,har,model_har_int8,linf,0.01,1,135,-12.25481756660156,12.291503234533593,-12.25481756660156,12.291503234533593,true,true,-0.12273160400568286,-0.12273160400568286,0.12273160400568384,0.12273160400568384,WRONG,WRONG,false,false,-0.12273160400568286,0.12273160400568384,false,false,true,3.83026943495679e-15,0.12273160400567958,4.634,har__har__linf__0.01__model_har_int8_w135.bin
har,har,model_har_int8,linf,0.01,1,136,-13.304818264208734,13.253458327613771,-13.304818264208734,13.253458327613771,true,true,-13.253458327613771,-0.1276545999148322,13.253458327613771,0.1326760222779071,WRONG,WRONG,false,false,-0.13279138295911608,0.1327913829591152,false,false,true,3.2188729727563836,3.346527572671212,4.121,har__har__linf__0.01__model_har_int8_w136.bin
har,har,model_har_int8,linf,0.01,1,137,-15.166408845689148,15.201260232832283,-15.166408845689148,15.201260232832283,true,true,-15.201260232832283,-0.1455741212957986,15.201260232832283,0.14993089995809727,WRONG,WRONG,false,false,-0.15183834539259866,0.151838345392596,false,false,true,2.5962607287964445,2.7418348500922565,4.789,har__har__linf__0.01__model_har_int8_w137.bin
har,har,model_har_int8,linf,0.01,1,138,-16.349038616521284,16.29767867992632,-16.349038616521284,16.29767867992632,true,true,-16.29767867992632,-0.1602119101222499,16.29767867992632,0.1630940531577041,WRONG,WRONG,false,false,-0.16323358648220676,0.16323358648220498,false,false,true,4.4573222044431065,4.617534114565407,4.742,har__har__linf__0.01__model_har_int8_w138.bin
har,har,model_har_int8,linf,0.01,1,139,-11.609261734847678,11.620267435413552,-11.609261734847678,11.620267435413552,true,true,-0.1161476458513047,-0.1161476458513047,0.11614764585130569,0.11614764585130569,WRONG,WRONG,false,false,-0.1161476458513047,0.11614764585130569,false,false,true,0.0,0.11614764585130435,4.706,har__har__linf__0.01__model_har_int8_w139.bin
har,har,model_har_int8,linf,0.01,1,140,-15.836631166515872,15.921008209465072,-15.836631166515872,15.921008209465072,true,true,-15.921008209465072,-0.14973624895976026,15.921008209465072,0.1587474764665646,WRONG,WRONG,false,false,-0.15878819687989232,0.15878819687989676,false,false,true,0.0,0.1497362489597603,4.319,har__har__linf__0.01__model_har_int8_w140.bin
har,har,model_har_int8,linf,0.01,1,141,-11.454850043694023,11.443844343128148,-11.454850043694023,11.443844343128148,true,true,-0.11449347193411462,-0.11449347193411462,0.1144934719341136,0.1144934719341136,WRONG,WRONG,false,false,-0.11449347193411462,0.1144934719341136,false,false,true,4.496403249731884e-15,0.1144934719341161,4.576,har__har__linf__0.01__model_har_int8_w141.bin
har,har,model_har_int8,linf,0.01,1,142,-11.484815980191343,11.477478846325539,-11.484815980191343,11.477478846325539,true,true,-0.1148114741325802,-0.1148114741325802,0.11481147413258116,0.11481147413258116,WRONG,WRONG,false,false,-0.1148114741325802,0.11481147413258116,false,false,true,0.0,0.11481147413258289,4.457,har__har__linf__0.01__model_har_int8_w142.bin
har,har,model_har_int8,linf,0.01,1,143,-14.186944524059072,14.352030033478513,-14.186944524059072,14.352030033478513,true,true,-14.352030033478513,-0.12836374063400502,14.352030033478513,0.14235904236493901,WRONG,WRONG,false,false,-0.1426948727876951,0.14269487278769155,false,false,true,0.949417927720194,1.0777816683541899,4.192,har__har__linf__0.01__model_har_int8_w143.bin
har,har,model_har_int8,linf,0.01,1,144,-15.432542511262,15.458222479559481,-15.432542511262,15.458222479559481,true,true,-15.458222479559481,-0.14598417772760053,15.458222479559481,0.15427110604941063,WRONG,WRONG,false,false,-0.15445382495412385,0.15445382495412208,false,false,true,2.861686282344132,3.0076704600717186,4.201,har__har__linf__0.01__model_har_int8_w144.bin
har,har,model_har_int8,linf,0.01,1,145,-15.469686938915402,15.5137097411789,-15.469686938915402,15.5137097411789,true,true,-15.5137097411789,-0.15491698340047577,15.5137097411789,0.15491698340047755,WRONG,WRONG,false,false,-0.15491698340047577,0.15491698340047755,false,false,true,6.967143958866321,7.122060942266792,3.796,har__har__linf__0.01__model_har_int8_w145.bin
har,har,model_har_int8,linf,0.01,1,146,-16.378862916724756,16.42838856880553,-16.378862916724756,16.42838856880553,true,true,-0.16403625742765726,-0.16403625742765726,0.16403625742765549,0.16403625742765549,WRONG,WRONG,false,false,-0.16403625742765726,0.16403625742765549,false,false,true,2.5916768731093498e-15,0.16403625742765549,4.149,har__har__linf__0.01__model_har_int8_w146.bin
har,har,model_har_int8,linf,0.01,1,147,-9.639123200438917,9.74551164265722,-9.639123200438917,9.74551164265722,true,true,-0.0969231742154828,-0.0969231742154828,0.09692317421547969,0.09692317421547969,WRONG,WRONG,false,false,-0.0969231742154828,0.09692317421547969,false,false,true,2.609024107869118e-15,0.09692317421548292,4.074,har__har__linf__0.01__model_har_int8_w147.bin
har,har,model_har_int8,linf,0.01,1,148,-14.40250568673946,14.55475120828487,-14.40250568673946,14.55475120828487,true,true,-14.55475120828487,-0.1447862844751029,14.55475120828487,0.143916672616216,WRONG,WRONG,false,false,-0.1447862844751029,0.1447862844751171,false,false,true,3.016221376430702,3.1610076609058257,3.975,har__har__linf__0.01__model_har_int8_w148.bin
har,har,model_har_int8,linf,0.01,1,149,-15.708706276258454,15.842608975013718,-15.708706276258454,15.842608975013718,true,true,-15.842608975013718,-0.14114259626786563,15.842608975013718,0.15640081808683526,WRONG,WRONG,false,false,-0.15775657625636264,0.15775657625635997,false,false,true,6.039435493320872,6.180578089588744,4.521,har__har__linf__0.01__model_har_int8_w149.bin
har,har,model_har_int8,linf,0.01,1,150,-14.309997689444572,14.420054700691253,-14.309997689444572,14.420054700691253,true,true,-14.420054700691253,-0.1436502619506812,14.420054700691253,0.1351220122576624,WRONG,WRONG,false,false,-0.1436502619506812,0.1436502619506843,false,false,true,2.4154005415227315,2.5590508034734105,4.435,har__har__linf__0.01__model_har_int8_w150.bin
har,har,model_har_int8,linf,0.01,1,151,-13.75670848460868,13.830079820472747,-13.75670848460868,13.830079820472747,true,true,-13.830079820472747,-0.1379339415253682,13.830079820472747,0.13793394152537086,WRONG,WRONG,false,false,-0.1379339415253682,0.13793394152537086,false,false,true,3.8457310207346747,3.9836649622600815,3.952,har__har__linf__0.01__model_har_int8_w151.bin
har,har,model_har_int8,linf,0.01,1,152,-13.82385560113471,13.779832798871212,-13.82385560113471,13.779832798871212,true,true,-13.779832798871212,-0.13707122356787327,13.779832798871212,0.13801844200004032,WRONG,WRONG,false,false,-0.1380184420000452,0.13801844200004432,false,false,true,3.32035268077197,3.457423904339834,4.03,har__har__linf__0.01__model_har_int8_w152.bin
har,har,model_har_int8,linf,0.01,1,153,-15.675200559198856,15.882474593818188,-15.675200559198856,15.882474593818188,true,true,-15.882474593818188,-0.15081472325939205,15.882474593818188,0.14748183541336657,WRONG,WRONG,false,false,-0.15778837576508664,0.15778837576508487,false,false,true,4.440892098500626e-16,0.15081472325939307,4.522,har__har__linf__0.01__model_har_int8_w153.bin
har,har,model_har_int8,linf,0.01,1,154,-11.123752230254468,11.125586513720918,-11.123752230254468,11.125586513720918,true,true,-0.11124669371987239,-0.11124669371987239,0.11124669371987388,0.11124669371987388,WRONG,WRONG,false,false,-0.11124669371987239,0.11124669371987388,false,false,true,0.0,0.11124669371987445,4.534,har__har__linf__0.01__model_har_int8_w154.bin
har,har,model_har_int8,linf,0.01,1,155,-14.47135101724416,14.454842465929687,-14.47135101724416,14.454842465929687,true,true,-14.454842465929687,-0.14029931949817698,14.454842465929687,0.14374617876811024,WRONG,WRONG,false,false,-0.14463096741584813,0.14463096741584636,false,false,true,3.0588058328132517,3.19910515231144,4.07,har__har__linf__0.01__model_har_int8_w155.bin
har,har,model_har_int8,linf,0.01,1,156,-12.704904295969754,12.789281338918954,-12.704904295969754,12.789281338918954,true,true,-0.12747092817444816,-0.12747092817444816,0.12747092817444905,0.12747092817444905,WRONG,WRONG,false,false,-0.12747092817444816,0.12747092817444905,false,false,true,3.8441472227646045e-15,0.12747092817444794,4.1,har__har__linf__0.01__model_har_int8_w156.bin
har,har,model_har_int8,linf,0.01,1,157,-16.226075327722356,16.259092430351302,-16.226075327722356,16.259092430351302,true,true,-16.259092430351302,-0.1624258387903712,16.259092430351302,0.15804476616782015,WRONG,WRONG,false,false,-0.1624258387903712,0.16242583879036676,false,false,true,9.049361893722452,9.211787732512821,4.281,har__har__linf__0.01__model_har_int8_w157.bin
har,har,model_har_int8,linf,0.01,1,158,-17.011214811354876,17.209317419677973,-17.011214811354876,17.209317419677973,true,true,-0.17110266115515582,-0.17110266115515582,0.17110266115515227,0.17110266115515227,WRONG,WRONG,false,false,-0.17110266115515582,0.17110266115515227,false,false,true,0.0,0.17110266115516315,4.024,har__har__linf__0.01__model_har_int8_w158.bin
har,har,model_har_int8,linf,0.01,1,159,-5.195814541308209,5.256345896748826,-5.195814541308209,5.256345896748826,true,true,-0.052260802190284394,-0.052260802190284394,0.05226080219028506,0.05226080219028506,WRONG,WRONG,false,false,-0.052260802190284394,0.05226080219028506,false,false,true,5.828670879282072e-16,0.052260802190286226,4.198,har__har__linf__0.01__model_har_int8_w159.bin
har,har,model_har_int8,linf,0.01,1,160,-15.604677255265415,15.483614544384181,-15.604677255265415,15.483614544384181,true,true,-15.483614544384181,-0.15310267294295832,15.483614544384181,0.15544145899824446,WRONG,WRONG,false,false,-0.1554414589982338,0.15544145899823647,false,false,true,0.9196680122854223,1.0727706852283823,4.47,har__har__linf__0.01__model_har_int8_w160.bin
har,har,model_har_int8,linf,0.01,1,161,-16.73777199862525,16.814811903517693,-16.73777199862525,16.814811903517693,true,true,-16.814811903517693,-0.16556018607193257,16.814811903517693,0.16720282273962608,WRONG,WRONG,false,false,-0.1677629195107171,0.1677629195107153,false,false,true,0.19796441839275608,0.3635246044646794,4.265,har__har__linf__0.01__model_har_int8_w161.bin
har,har,model_har_int8,linf,0.01,1,162,-11.141798857366666,11.147301707649603,-11.141798857366666,11.147301707649603,true,true,-0.11144550282507965,-0.11144550282507965,0.11144550282507917,0.11144550282507917,WRONG,WRONG,false,false,-0.11144550282507965,0.11144550282507917,false,false,true,0.0,0.11144550282508037,4.75,har__har__linf__0.01__model_har_int8_w162.bin
har,har,model_har_int8,linf,0.01,1,163,-11.274049784406088,11.263044083840214,-11.274049784406088,11.263044083840214,true,true,-0.11268546934122833,-0.11268546934122833,0.1126854693412299,0.1126854693412299,WRONG,WRONG,false,false,-0.11268546934122833,0.1126854693412299,false,false,true,5.551115123125783e-16,0.11268546934123198,4.661,har__har__linf__0.01__model_har_int8_w163.bin
har,har,model_har_int8,linf,0.01,1,164,-11.918776373378932,11.931616357527673,-11.918776373378932,11.931616357527673,true,true,-0.11925196365453661,-0.11925196365453661,0.11925196365453496,0.11925196365453496,WRONG,WRONG,false,false,-0.11925196365453661,0.11925196365453496,false,false,true,8.500145032286355e-16,0.11925196365453405,4.582,har__har__linf__0.01__model_har_int8_w164.bin
har,har,model_har_int8,linf,0.01,1,165,-11.570513485028641,11.631044840469258,-11.570513485028641,11.631044840469258,true,true,-11.631044840469258,-0.11561805571464735,11.631044840469258,0.11599315040958648,WRONG,WRONG,false,false,-0.11600779162748331,0.11600779162748598,false,false,true,5.793976409762536e-16,0.1156180557146499,4.352,har__har__linf__0.01__model_har_int8_w165.bin
har,har,model_har_int8,linf,0.01,1,166,-16.64527760259807,16.610426215454936,-16.64527760259807,16.610426215454936,true,true,-0.1662785190902829,-0.1662785190902829,0.1662785190902829,0.1662785190902829,WRONG,WRONG,false,false,-0.1662785190902829,0.1662785190902829,false,false,true,1.135549987374418e-14,0.16627851909027602,4.326,har__har__linf__0.01__model_har_int8_w166.bin
har,har,model_har_int8,linf,0.01,1,167,-17.353732973104343,17.361070106970146,-17.353732973104343,17.361070106970146,true,true,-0.17357401540036044,-0.17357401540036044,0.17357401540036044,0.17357401540036044,WRONG,WRONG,false,false,-0.17357401540036044,0.17357401540036044,false,false,true,0.0,0.1735740154003654,3.987,har__har__linf__0.01__model_har_int8_w167.bin
har,har,model_har_int8,linf,0.01,1,168,-16.46681000199169,16.323735891841352,-16.46681000199169,16.323735891841352,true,true,-16.323735891841352,-0.16339785977024945,16.323735891841352,0.16395272946918205,WRONG,WRONG,false,false,-0.1639527294691714,0.16395272946918737,false,false,true,8.547337264722259,8.710735124492487,3.656,har__har__linf__0.01__model_har_int8_w168.bin
har,har,model_har_int8,linf,0.01,1,169,-10.385578457266092,10.418595559895039,-10.385578457266092,10.418595559895039,true,true,-0.10402087008580674,-0.10402087008580674,0.10402087008580539,0.10402087008580539,WRONG,WRONG,false,false,-0.10402087008580674,0.10402087008580539,false,false,true,1.2698175844150228e-15,0.10402087008580707,4.506,har__har__linf__0.01__model_har_int8_w169.bin
har,har,model_har_int8,linf,0.01,1,170,-23.56508956849575,23.743015065789223,-23.56508956849575,23.743015065789223,true,true,-0.2365405231714277,-0.2365405231714277,0.23654052317142948,0.23654052317142948,WRONG,WRONG,false,false,-0.2365405231714277,0.23654052317142948,false,false,true,1.5543122344752192e-15,0.23654052317142638,4.087,har__har__linf__0.01__model_har_int8_w170.bin
har,har,model_har_int8,linf,0.01,1,171,-7.300813184352592,7.254956097574905,-7.300813184352592,7.254956097574905,true,true,-0.07277884640963306,-0.07277884640963306,0.07277884640963306,0.07277884640963306,WRONG,WRONG,false,false,-0.07277884640963306,0.07277884640963306,false,false,true,0.0,0.07277884640963544,3.579,har__har__linf__0.01__model_har_int8_w171.bin
har,har,model_har_int8,linf,0.01,1,172,-13.534472388681024,13.697723609860986,-13.534472388681024,13.697723609860986,true,true,-13.697723609860986,-0.13616097999269794,13.697723609860986,0.13477783928553588,WRONG,WRONG,false,false,-0.13616097999269794,0.13616097999269972,false,false,true,3.7221276591481125,3.8582886391408233,3.531,har__har__linf__0.01__model_har_int8_w172.bin
har,har,model_har_int8,linf,0.01,1,173,-14.228763568564318,14.225095001631416,-14.228763568564318,14.225095001631416,true,true,-14.225095001631416,-0.142269292850981,14.225095001631416,0.1422692928509819,WRONG,WRONG,false,false,-0.142269292850981,0.1422692928509819,false,false,true,2.292876435735747,2.4351457285867255,3.892,har__har__linf__0.01__model_har_int8_w173.bin
har,har,model_har_int8,linf,0.01,1,174,-9.964615460688947,9.992129713500617,-9.964615460688947,9.992129713500617,true,true,-0.0997837258709473,-0.0997837258709473,0.09978372587094753,0.09978372587094753,WRONG,WRONG,false,false,-0.0997837258709473,0.09978372587094753,false,false,true,0.0,0.09978372587094736,4.408,har__har__linf__0.01__model_har_int8_w174.bin
har,har,model_har_int8,linf,0.01,1,175,-15.953979873214848,15.876939968322404,-15.953979873214848,15.876939968322404,true,true,-15.876939968322404,-0.15915459920767971,15.876939968322404,0.15588443472031455,WRONG,WRONG,false,false,-0.15915459920767971,0.15915459920769193,false,false,true,1.207874199774971,1.367028798982656,4.298,har__har__linf__0.01__model_har_int8_w175.bin
har,har,model_har_int8,linf,0.01,1,176,-13.736182534135878,13.693994012661278,-13.736182534135878,13.693994012661278,true,true,-13.693994012661278,-0.13710521317578328,13.693994012661278,0.13715088273397624,WRONG,WRONG,false,false,-0.1371508827339678,0.13715088273396958,false,false,true,2.6317483709092846,2.7688535840850816,3.746,har__har__linf__0.01__model_har_int8_w176.bin
har,har,model_har_int8,linf,0.01,1,177,-16.065528186387382,16.017836815095507,-16.065528186387382,16.017836815095507,true,true,-16.017836815095507,-0.1603693750699402,16.017836815095507,0.16041682500740695,WRONG,WRONG,false,false,-0.1604168250074185,0.1604168250074185,false,false,true,3.6539225619912807,3.814291937061226,3.953,har__har__linf__0.01__model_har_int8_w177.bin
har,har,model_har_int8,linf,0.01,1,178,-9.669994782918366,9.668160499451915,-9.669994782918366,9.668160499451915,true,true,-0.09669077641184688,-0.09669077641184688,0.0966907764118487,0.0966907764118487,WRONG,WRONG,false,false,-0.09669077641184688,0.0966907764118487,false,false,true,0.0,0.09669077641184787,4.554,har__har__linf__0.01__model_har_int8_w178.bin
har,har,model_har_int8,linf,0.01,1,179,-14.317132630385458,14.346481165848672,-14.317132630385458,14.346481165848672,true,true,-14.346481165848672,-0.1433180689811575,14.346481165848672,0.1433180689811584,WRONG,WRONG,false,false,-0.1433180689811575,0.1433180689811584,false,false,true,2.2350758047250774,2.3783938737062496,4.024,har__har__linf__0.01__model_har_int8_w179.bin
har,har,model_har_int8,linf,0.01,1,180,-14.36571084195748,14.391390810254961,-14.36571084195748,14.391390810254961,true,true,-14.391390810254961,-0.14378550826107972,14.391390810254961,0.14331772525742426,WRONG,WRONG,false,false,-0.14378550826107972,0.14378550826106817,false,false,true,1.1807425424755513,1.3245280507366124,4.09,har__har__linf__0.01__model_har_int8_w180.bin
har,har,model_har_int8,linf,0.01,1,181,-9.456296195974573,9.39209627150558,-9.456296195974573,9.39209627150558,true,true,-0.09424196233740098,-0.09424196233740098,0.09424196233740118,0.09424196233740118,WRONG,WRONG,false,false,-0.09424196233740098,0.09424196233740118,false,false,true,1.5265566588595902e-16,0.09424196233740156,4.543,har__har__linf__0.01__model_har_int8_w181.bin
har,har,model_har_int8,linf,0.01,1,182,-11.425900991889648,11.41672957490664,-11.425900991889648,11.41672957490664,true,true,-0.11421315283397625,-0.11421315283397625,0.11421315283397733,0.11421315283397733,WRONG,WRONG,false,false,-0.11421315283397625,0.11421315283397733,false,false,true,0.0,0.11421315283398097,4.55,har__har__linf__0.01__model_har_int8_w182.bin
har,har,model_har_int8,linf,0.01,1,183,-11.512754657538608,11.46873185527511,-11.512754657538608,11.46873185527511,true,true,-0.11490743256407153,-0.11490743256407153,0.11490743256407128,0.11490743256407128,WRONG,WRONG,false,false,-0.11490743256407153,0.11490743256407128,false,false,true,4.166805789296291e-15,0.11490743256407299,4.588,har__har__linf__0.01__model_har_int8_w183.bin
har,har,model_har_int8,linf,0.01,1,184,-11.843620996689424,11.801432475214824,-11.843620996689424,11.801432475214824,true,true,-0.11822526735952694,-0.11822526735952694,0.11822526735952703,0.11822526735952703,WRONG,WRONG,false,false,-0.11822526735952694,0.11822526735952703,false,false,true,2.2794266474335245e-15,0.11822526735952343,4.499,har__har__linf__0.01__model_har_int8_w184.bin
har,har,model_har_int8,linf,0.01,1,185,-11.466928678564727,11.52012289967388,-11.466928678564727,11.52012289967388,true,true,-0.11493525789119718,-0.11493525789119718,0.11493525789119631,0.11493525789119631,WRONG,WRONG,false,false,-0.11493525789119718,0.11493525789119631,false,false,true,3.389649672058681e-15,0.11493525789119631,4.584,har__har__linf__0.01__model_har_int8_w185.bin
har,har,model_har_int8,linf,0.01,1,186,-15.628035083645955,15.683063589269295,-15.628035083645955,15.683063589269295,true,true,-15.683063589269295,-0.15023384530727601,15.683063589269295,0.15299125976878059,WRONG,WRONG,false,false,-0.15655549336459185,0.15655549336458918,false,false,true,1.2797897421993931,1.4300235875066436,4.512,har__har__linf__0.01__model_har_int8_w186.bin
har,har,model_har_int8,linf,0.01,1,187,-11.49454905037419,11.439520544750849,-11.49454905037419,11.439520544750849,true,true,-0.11467034797561712,-0.11467034797561712,0.11467034797561695,0.11467034797561695,WRONG,WRONG,false,false,-0.11467034797561712,0.11467034797561695,false,false,true,0.0,0.114670347975621,4.498,har__har__linf__0.01__model_har_int8_w187.bin
har,har,model_har_int8,linf,0.01,1,188,-14.49864468164742,14.406930508092046,-14.49864468164742,14.406930508092046,true,true,-14.406930508092046,-0.14378431312887408,14.406930508092046,0.14452787594867766,WRONG,WRONG,false,false,-0.144527875948687,0.14452787594868788,false,false,true,1.3951867957234085,1.538971108852303,4.585,har__har__linf__0.01__model_har_int8_w188.bin
har,har,model_har_int8,linf,0.01,1,189,-15.124421622371301,15.19595867744647,-15.124421622371301,15.19595867744647,true,true,-15.19595867744647,-0.1516019014990968,15.19595867744647,0.1516019014990957,WRONG,WRONG,false,false,-0.1516019014990968,0.1516019014990957,false,false,true,1.4289374284781484,1.5805393299772372,4.016,har__har__linf__0.01__model_har_int8_w189.bin
har,har,model_har_int8,linf,0.01,1,190,-15.103154522366822,15.132503057830036,-15.103154522366822,15.132503057830036,true,true,-15.132503057830036,-0.15117828790099108,15.132503057830036,0.15117828790099086,WRONG,WRONG,false,false,-0.15117828790099108,0.15117828790099086,false,false,true,1.9763151491658582,2.1274934370668426,4.107,har__har__linf__0.01__model_har_int8_w190.bin
har,har,model_har_int8,linf,0.01,1,191,-15.252586913993582,15.203061261912808,-15.252586913993582,15.203061261912808,true,true,-15.203061261912808,-0.15227824087954822,15.203061261912808,0.1522782408795491,WRONG,WRONG,false,false,-0.15227824087954822,0.1522782408795491,false,false,true,4.404849211594783,4.5571274524743135,4.115,har__har__linf__0.01__model_har_int8_w191.bin
har,har,model_har_int8,linf,0.01,1,192,-14.926174156367779,15.0087169110775,-14.926174156367779,15.0087169110775,true,true,-15.0087169110775,-0.14967445533722712,15.0087169110775,0.14967445533722712,WRONG,WRONG,false,false,-0.14967445533722712,0.14967445533722712,false,false,true,3.554546009286856,3.70422046462408,4.109,har__har__linf__0.01__model_har_int8_w192.bin
har,har,model_har_int8,linf,0.01,1,193,-11.360901243810076,11.282027058128733,-11.360901243810076,11.282027058128733,true,true,-0.11321464150969136,-0.11321464150969136,0.11321464150969043,0.11321464150969043,WRONG,WRONG,false,false,-0.11321464150969136,0.11321464150969043,false,false,true,0.0,0.11321464150969174,4.541,har__har__linf__0.01__model_har_int8_w193.bin
har,har,model_har_int8,linf,0.01,1,194,-11.498686537641333,11.441823751229094,-11.498686537641333,11.441823751229094,true,true,-0.11470255144434499,-0.11470255144434499,0.11470255144434628,0.11470255144434628,WRONG,WRONG,false,false,-0.11470255144434499,0.11470255144434628,false,false,true,0.0,0.11470255144434888,4.555,har__har__linf__0.01__model_har_int8_w194.bin
har,har,model_har_int8,linf,0.01,1,195,-13.532359936274588,13.563542754389346,-13.532359936274588,13.563542754389346,true,true,-13.563542754389346,-0.13107699651440985,13.563542754389346,0.13547951345331555,WRONG,WRONG,false,false,-0.13547951345332887,0.13547951345332887,false,false,true,3.498281632062652,3.6293586285770627,4.503,har__har__linf__0.01__model_har_int8_w195.bin
har,har,model_har_int8,linf,0.01,1,196,-10.990608058637008,10.99427662556991,-10.990608058637008,10.99427662556991,true,true,-0.1099244234210186,-0.1099244234210186,0.10992442342102038,0.10992442342102038,WRONG,WRONG,false,false,-0.1099244234210186,0.10992442342102038,false,false,true,0.0,0.10992442342101993,4.168,har__har__linf__0.01__model_har_int8_w196.bin
har,har,model_har_int8,linf,0.01,1,197,-20.136098401155323,20.23881827434525,-20.136098401155323,20.23881827434525,true,true,-20.23881827434525,-0.20186458357122028,20.23881827434525,0.19467780217288677,WRONG,WRONG,false,false,-0.20186458357122028,0.2018745833774993,false,false,true,6.310083383080307,6.511947966651548,4.272,har__har__linf__0.01__model_har_int8_w197.bin
har,har,model_har_int8,linf,0.01,1,198,-11.966046849498525,11.962378282565624,-11.966046849498525,11.962378282565624,true,true,-0.11964212566033214,-0.11964212566033214,0.11964212566033136,0.11964212566033136,WRONG,WRONG,false,false,-0.11964212566033214,0.11964212566033136,false,false,true,8.404301560238636e-15,0.11964212566032897,4.652,har__har__linf__0.01__model_har_int8_w198.bin
har,har,model_har_int8,linf,0.01,1,199,-15.009432771941647,15.156175443669781,-15.009432771941647,15.156175443669781,true,true,-15.156175443669781,-0.15064755092351434,15.156175443669781,0.15082804107804715,WRONG,WRONG,false,false,-0.15082804107804115,0.1508280410780456,false,false,true,1.0879900026522056,1.238637553575733,4.538,har__har__linf__0.01__model_har_int8_w199.bin
har,har,model_har_int8,linf,0.01,1,200,-10.908438691869378,10.862581605091691,-10.908438691869378,10.862581605091691,true,true,-0.10885510148480958,-0.10885510148480958,0.10885510148480859,0.10885510148480859,WRONG,WRONG,false,false,-0.10885510148480958,0.10885510148480859,false,false,true,1.7763568394002505e-15,0.10885510148480715,4.407,har__har__linf__0.01__model_har_int8_w200.bin
har,har,model_har_int8,linf,0.01,1,201,-15.745301778893918,15.723290377762169,-15.745301778893918,15.723290377762169,true,true,-15.723290377762169,-0.15734296078326843,15.723290377762169,0.15644890120409483,WRONG,WRONG,false,false,-0.15734296078326843,0.15734296078326526,false,false,true,0.35477561213895364,0.5121185729222342,4.359,har__har__linf__0.01__model_har_int8_w201.bin
har,har,model_har_int8,linf,0.01,1,202,-11.63928170048166,11.66129310161341,-11.63928170048166,11.66129310161341,true,true,-0.11650287401047282,-0.11650287401047282,0.11650287401047253,0.11650287401047253,WRONG,WRONG,false,false,-0.11650287401047282,0.11650287401047253,false,false,true,0.0,0.11650287401047295,4.672,har__har__linf__0.01__model_har_int8_w202.bin
har,har,model_har_int8,linf,0.01,1,203,-18.004609492141753,18.228392076212913,-18.004609492141753,18.228392076212913,true,true,-0.1811650078417637,-0.1811650078417637,0.1811650078417637,0.1811650078417637,WRONG,WRONG,false,false,-0.1811650078417637,0.1811650078417637,false,false,true,0.0,0.18116500784177095,4.079,har__har__linf__0.01__model_har_int8_w203.bin
har,har,model_har_int8,linf,0.01,1,204,-11.15606713667512,11.068021532148123,-11.15606713667512,11.068021532148123,true,true,-0.11112044334411213,-0.11112044334411213,0.11112044334411186,0.11112044334411186,WRONG,WRONG,false,false,-0.11112044334411213,0.11112044334411186,false,false,true,0.0,0.11112044334411239,4.496,har__har__linf__0.01__model_har_int8_w204.bin
har,har,model_har_int8,linf,0.01,1,205,-11.172152174636722,11.115289388224483,-11.172152174636722,11.115289388224483,true,true,-0.1114372078142958,-0.1114372078142958,0.11143720781429609,0.11143720781429609,WRONG,WRONG,false,false,-0.1114372078142958,0.11143720781429609,false,false,true,0.0,0.1114372078142992,4.789,har__har__linf__0.01__model_har_int8_w205.bin
har,har,model_har_int8,linf,0.01,1,206,-13.74341767129954,13.688389165676199,-13.74341767129954,13.688389165676199,true,true,-13.688389165676199,-0.13715903418489628,13.688389165676199,0.13703157209848982,WRONG,WRONG,false,false,-0.13715903418489628,0.13715903418488118,false,false,true,4.208140202070328,4.3452992362552045,3.796,har__har__linf__0.01__model_har_int8_w206.bin
har,har,model_har_int8,linf,0.01,1,207,-15.750687783583999,15.675482159480453,-15.750687783583999,15.675482159480453,true,true,-15.675482159480453,-0.15622177851277397,15.675482159480453,0.15713084971530478,WRONG,WRONG,false,false,-0.15713084971532432,0.15713084971532432,false,false,true,1.835030897695187,1.9912526762079725,4.448,har__har__linf__0.01__model_har_int8_w207.bin
har,har,model_har_int8,linf,0.01,1,208,-10.650877955602482,10.643540821736678,-10.650877955602482,10.643540821736678,true,true,-0.10647209388669054,-0.10647209388669054,0.10647209388669188,0.10647209388669188,WRONG,WRONG,false,false,-0.10647209388669054,0.10647209388669188,false,false,true,4.996003610813204e-16,0.10647209388669704,3.882,har__har__linf__0.01__model_har_int8_w208.bin
har,har,model_har_int8,linf,0.01,1,209,-11.199392829148564,11.127855774073396,-11.199392829148564,11.127855774073396,true,true,-0.11163624301611672,-0.11163624301611672,0.11163624301611696,0.11163624301611696,WRONG,WRONG,false,false,-0.11163624301611672,0.11163624301611696,false,false,true,3.0184188481996443e-15,0.11163624301611319,4.482,har__har__linf__0.01__model_har_int8_w209.bin
har,har,model_har_int8,linf,0.01,1,210,-10.912967945332639,10.889122259686701,-10.912967945332639,10.889122259686701,true,true,-0.10901045102508737,-0.10901045102508737,0.10901045102508711,0.10901045102508711,WRONG,WRONG,false,false,-0.10901045102508737,0.10901045102508711,false,false,true,0.0,0.10901045102509302,4.597,har__har__linf__0.01__model_har_int8_w210.bin
har,har,model_har_int8,linf,0.01,1,211,-16.432242053328082,16.53312764572911,-16.432242053328082,16.53312764572911,true,true,-0.16482684849527374,-0.16482684849527374,0.16482684849527374,0.16482684849527374,WRONG,WRONG,false,false,-0.16482684849527374,0.16482684849527374,false,false,true,0.0,0.16482684849528118,3.956,har__har__linf__0.01__model_har_int8_w211.bin
har,har,model_har_int8,linf,0.01,1,212,-11.433592252840754,11.442763669823762,-11.433592252840754,11.442763669823762,true,true,-0.11438177961331669,-0.11438177961331669,0.114381779613317,0.114381779613317,WRONG,WRONG,false,false,-0.11438177961331669,0.114381779613317,false,false,true,0.0,0.11438177961331734,4.399,har__har__linf__0.01__model_har_int8_w212.bin
har,har,model_har_int8,linf,0.01,1,213,-11.407332790084183,11.464195576496422,-11.407332790084183,11.464195576496422,true,true,-0.11435764183290255,-0.11435764183290255,0.11435764183290215,0.11435764183290215,WRONG,WRONG,false,false,-0.11435764183290255,0.11435764183290215,false,false,true,0.0,0.11435764183289981,4.522,har__har__linf__0.01__model_har_int8_w213.bin
har,har,model_har_int8,linf,0.01,1,214,-14.426128248684108,14.446305367164314,-14.426128248684108,14.446305367164314,true,true,-14.446305367164314,-0.14436216807924307,14.446305367164314,0.14336432719836578,WRONG,WRONG,false,false,-0.14436216807924307,0.14436216807925284,false,false,true,2.391311974249156,2.535674142328399,4.063,har__har__linf__0.01__model_har_int8_w214.bin
har,har,model_har_int8,linf,0.01,1,215,-11.730648725060746,11.791180080501363,-11.730648725060746,11.791180080501363,true,true,-0.1176091440278119,-0.1176091440278119,0.11760914402781167,0.11760914402781167,WRONG,WRONG,false,false,-0.1176091440278119,0.11760914402781167,false,false,true,2.248201624865942e-15,0.11760914402781242,4.61,har__har__linf__0.01__model_har_int8_w215.bin
har,har,model_har_int8,linf,0.01,1,216,-13.629770872415975,13.818702069343999,-13.629770872415975,13.818702069343999,true,true,-13.818702069343999,-0.13518035397510597,13.818702069343999,0.13724236470880335,WRONG,WRONG,false,false,-0.1372423647087988,0.13724236470880236,false,false,true,0.875848118523925,1.0110284724990315,4.396,har__har__linf__0.01__model_har_int8_w216.bin
har,har,model_har_int8,linf,0.01,1,217,-16.653145003598183,16.691664956044406,-16.653145003598183,16.691664956044406,true,true,-16.691664956044406,-0.13622809491346943,16.691664956044406,0.16640288866585487,WRONG,WRONG,false,false,-0.16672404979822097,0.16672404979822542,false,false,true,0.14691060813497403,0.28313870304844446,4.469,har__har__linf__0.01__model_har_int8_w217.bin
har,har,model_har_int8,linf,0.01,1,218,-15.445670386310667,15.438333252444863,-15.445670386310667,15.438333252444863,true,true,-15.438333252444863,-0.15442001819377182,15.438333252444863,0.15250083338159381,WRONG,WRONG,false,false,-0.15442001819377182,0.15442001819378248,false,false,true,2.299390012182443,2.4538100303762214,3.874,har__har__linf__0.01__model_har_int8_w218.bin
har,har,model_har_int8,linf,0.01,1,219,-13.951379623962566,14.12747083301656,-13.951379623962566,14.12747083301656,true,true,-14.12747083301656,-0.1396127522283115,14.12747083301656,0.13197671901022967,WRONG,WRONG,false,false,-0.140394252284894,0.14039425228489222,false,false,true,1.7489801472687665,1.8885928994970729,4.144,har__har__linf__0.01__model_har_int8_w219.bin
har,har,model_har_int8,linf,0.01,1,220,-11.232713139237603,11.258393107535085,-11.232713139237603,11.258393107535085,true,true,-0.11245553123386764,-0.11245553123386764,0.1124555312338692,0.1124555312338692,WRONG,WRONG,false,false,-0.11245553123386764,0.1124555312338692,false,false,true,1.6982942829812941e-15,0.11245553123386501,4.576,har__har__linf__0.01__model_har_int8_w220.bin
har,har,model_har_int8,linf,0.01,1,221,-11.211948238313198,11.239462491124868,-11.211948238313198,11.239462491124868,true,true,-0.11225705364719289,-0.11225705364719289,0.11225705364719343,0.11225705364719343,WRONG,WRONG,false,false,-0.11225705364719289,0.11225705364719343,false,false,true,0.0,0.11225705364718956,4.551,har__har__linf__0.01__model_har_int8_w221.bin
har,har,model_har_int8,linf,0.01,1,222,-11.166180350352079,11.14416894922033,-11.166180350352079,11.14416894922033,true,true,-0.11155174649786051,-0.11155174649786051,0.1115517464978577,0.1115517464978577,WRONG,WRONG,false,false,-0.11155174649786051,0.1115517464978577,false,false,true,0.0,0.11155174649785965,4.58,har__har__linf__0.01__model_har_int8_w222.bin
har,har,model_har_int8,linf,0.01,1,223,-11.236082332616206,11.153539577906486,-11.236082332616206,11.153539577906486,true,true,-0.1119481095526137,-0.1119481095526137,0.11194810955261361,0.11194810955261361,WRONG,WRONG,false,false,-0.1119481095526137,0.11194810955261361,false,false,true,0.0,0.11194810955261239,4.587,har__har__linf__0.01__model_har_int8_w223.bin
har,har,model_har_int8,linf,0.01,1,224,-15.652936255559325,15.874884551391006,-15.652936255559325,15.874884551391006,true,true,-15.874884551391006,-0.1576391040347579,15.874884551391006,0.1575664735736549,WRONG,WRONG,false,false,-0.1576391040347579,0.15763910403474934,false,false,true,0.1946188012841498,0.3522579053189011,4.312,har__har__linf__0.01__model_har_int8_w224.bin
har,har,model_har_int8,linf,0.01,1,225,-16.174830527976155,16.231693314388394,-16.174830527976155,16.231693314388394,true,true,-0.1620326192118151,-0.1620326192118151,0.1620326192118151,0.1620326192118151,WRONG,WRONG,false,false,-0.1620326192118151,0.1620326192118151,false,false,true,0.0,0.162032619211814,3.915,har__har__linf__0.01__model_har_int8_w225.bin
har,har,model_har_int8,linf,0.01,1,226,-10.323830143664964,10.333001560647972,-10.323830143664964,10.333001560647972,true,true,-0.10328415852156381,-0.10328415852156381,0.10328415852156418,0.10328415852156418,WRONG,WRONG,false,false,-0.10328415852156381,0.10328415852156418,false,false,true,1.9715132304476413e-15,0.10328415852156653,4.644,har__har__linf__0.01__model_har_int8_w226.bin
har,har,model_har_int8,linf,0.01,1,227,-10.902841447561514,10.979881352453958,-10.902841447561514,10.979881352453958,true,true,-0.10941361400007518,-0.10941361400007518,0.10941361400007585,0.10941361400007585,WRONG,WRONG,false,false,-0.10941361400007518,0.10941361400007585,false,false,true,9.020562075079397e-17,0.10941361400007824,4.678,har__har__linf__0.01__model_har_int8_w227.bin
har,har,model_har_int8,linf,0.01,1,228,-14.252125225961208,14.083371140062809,-14.252125225961208,14.083371140062809,true,true,-0.14167748183010787,-0.14167748183010787,0.1416774818301085,0.1416774818301085,WRONG,WRONG,false,false,-0.14167748183010787,0.1416774818301085,false,false,true,0.0,0.1416774818301073,4.206,har__har__linf__0.01__model_har_int8_w228.bin
har,har,model_har_int8,linf,0.01,1,229,-9.688631029683165,9.75099666591268,-9.688631029683165,9.75099666591268,true,true,-0.0971981384779771,-0.0971981384779771,0.09719813847797769,0.09719813847797769,WRONG,WRONG,false,false,-0.0971981384779771,0.09719813847797769,false,false,true,0.0,0.0971981384779762,4.599,har__har__linf__0.01__model_har_int8_w229.bin
har,har,model_har_int8,linf,0.01,1,230,-15.988442077301443,16.014122045598924,-15.988442077301443,16.014122045598924,true,true,-16.014122045598924,-0.16001282061450173,16.014122045598924,0.14844084047418082,WRONG,WRONG,false,false,-0.16001282061450173,0.16001282061450617,false,false,true,2.5198561269419417,2.679868947556443,4.519,har__har__linf__0.01__model_har_int8_w230.bin
har,har,model_har_int8,linf,0.01,1,231,-10.409225638955832,10.372539971023798,-10.409225638955832,10.372539971023798,true,true,-0.10390882804990031,-0.10390882804990031,0.10390882804989854,0.10390882804989854,WRONG,WRONG,false,false,-0.10390882804990031,0.10390882804989854,false,false,true,6.938893903907228e-17,0.10390882804989804,3.966,har__har__linf__0.01__model_har_int8_w231.bin
har,har,model_har_int8,linf,0.01,1,232,-11.450889274681685,11.467397825996159,-11.450889274681685,11.467397825996159,true,true,-0.11459143550339601,-0.11459143550339601,0.11459143550339501,0.11459143550339501,WRONG,WRONG,false,false,-0.11459143550339601,0.11459143550339501,false,false,true,4.107825191113079e-15,0.11459143550339275,4.601,har__har__linf__0.01__model_har_int8_w232.bin
har,har,model_har_int8,linf,0.01,1,233,-11.520884613855742,11.473193242563866,-11.520884613855742,11.473193242563866,true,true,-0.11497038928209237,-0.11497038928209237,0.11497038928209329,0.11497038928209329,WRONG,WRONG,false,false,-0.11497038928209237,0.11497038928209329,false,false,true,0.0,0.11497038928209574,4.589,har__har__linf__0.01__model_har_int8_w233.bin
har,har,model_har_int8,linf,0.01,1,234,-10.78846650532796,10.766455104196211,-10.78846650532796,10.766455104196211,true,true,-0.10777460804762211,-0.10777460804762211,0.10777460804762126,0.10777460804762126,WRONG,WRONG,false,false,-0.10777460804762211,0.10777460804762126,false,false,true,6.730727086790012e-16,0.10777460804762158,4.714,har__har__linf__0.01__model_har_int8_w234.bin
har,har,model_har_int8,linf,0.01,1,235,-11.717388704972109,11.761411507235607,-11.717388704972109,11.761411507235607,true,true,-0.11739400106103202,-0.11739400106103202,0.11739400106103273,0.11739400106103273,WRONG,WRONG,false,false,-0.11739400106103202,0.11739400106103273,false,false,true,0.0,0.11739400106103613,4.647,har__har__linf__0.01__model_har_int8_w235.bin
har,har,model_har_int8,linf,0.01,1,236,-11.039225363987498,11.0428939309204,-11.039225363987498,11.0428939309204,true,true,-0.11041059647453733,-0.11041059647453733,0.11041059647453884,0.11041059647453884,WRONG,WRONG,false,false,-0.11041059647453733,0.11041059647453884,false,false,true,0.0,0.11041059647453805,4.446,har__har__linf__0.01__model_har_int8_w236.bin
har,har,model_har_int8,linf,0.01,1,237,-10.863806606677826,10.786766701785382,-10.863806606677826,10.786766701785382,true,true,-0.10825286654231597,-0.10825286654231597,0.108252866542316,0.108252866542316,WRONG,WRONG,false,false,-0.10825286654231597,0.108252866542316,false,false,true,0.0,0.10825286654231495,4.513,har__har__linf__0.01__model_har_int8_w237.bin
har,har,model_har_int8,linf,0.01,1,238,-15.604965637438,15.755376885645092,-15.604965637438,15.755376885645092,true,true,-15.755376885645092,-0.1568017126154112,15.755376885645092,0.13311477121849935,WRONG,WRONG,false,false,-0.1568017126154112,0.15680171261541265,false,false,true,0.6653975137418006,0.822199226357216,4.329,har__har__linf__0.01__model_har_int8_w238.bin
har,har,model_har_int8,linf,0.01,1,239,-14.919697018805891,14.954548405949026,-14.919697018805891,14.954548405949026,true,true,-14.954548405949026,-0.1493712271237495,14.954548405949026,0.14657602255819535,WRONG,WRONG,false,false,-0.1493712271237495,0.1493712271237504,false,false,true,3.1544581306127126,3.3038293577364897,3.909,har__har__linf__0.01__model_har_int8_w239.bin
har,har,model_har_int8,linf,0.01,1,240,-14.730165319982916,14.700816784519702,-14.730165319982916,14.700816784519702,true,true,-14.700816784519702,-0.14715491052248675,14.700816784519702,0.14715491052249174,WRONG,WRONG,false,false,-0.14715491052248675,0.14715491052249174,false,false,true,1.1277438296427038,1.2748987401652165,4.1,har__har__linf__0.01__model_har_int8_w240.bin
har,har,model_har_int8,linf,0.01,1,241,-15.658694660291076,15.798100208863616,-15.658694660291076,15.798100208863616,true,true,-15.798100208863616,-0.15728397434576413,15.798100208863616,0.15728397434576524,WRONG,WRONG,false,false,-0.15728397434576413,0.15728397434576524,false,false,true,1.431691202586458,1.5889751769322322,4.139,har__har__linf__0.01__model_har_int8_w241.bin
har,har,model_har_int8,linf,0.01,1,242,-14.39416846819222,14.39416846819222,-14.39416846819222,14.39416846819222,true,true,-14.39416846819222,-0.1439416846819137,14.39416846819222,0.14394168468191149,WRONG,WRONG,false,false,-0.1439416846819137,0.14394168468191149,false,false,true,2.825429434880984,2.969371119562905,3.965,har__har__linf__0.01__model_har_int8_w242.bin
har,har,model_har_int8,linf,0.01,1,243,-15.830805592937395,15.900508367223665,-15.830805592937395,15.900508367223665,true,true,-0.15865656980080178,-0.15865656980080178,0.15865656980080178,0.15865656980080178,WRONG,WRONG,false,false,-0.15865656980080178,0.15865656980080178,false,false,true,0.0,0.15865656980080134,4.208,har__har__linf__0.01__model_har_int8_w243.bin
har,har,model_har_int8,linf,0.01,1,244,-14.847587936324999,14.82557653519325,-14.847587936324999,14.82557653519325,true,true,-14.82557653519325,-0.14633511584330972,14.82557653519325,0.1392623375054911,WRONG,WRONG,false,false,-0.14836582235759543,0.1483658223575972,false,false,true,2.8042476558391973,2.9505827716825093,4.039,har__har__linf__0.01__model_har_int8_w244.bin
har,har,model_har_int8,linf,0.01,1,245,-15.924091439926997,15.828708697343245,-15.924091439926997,15.828708697343245,true,true,-15.828708697343245,-0.15591005386773826,15.828708697343245,0.14972287243981075,WRONG,WRONG,false,false,-0.15876400068635732,0.15876400068635554,false,false,true,4.260761928804396,4.416671982672129,4.221,har__har__linf__0.01__model_har_int8_w245.bin
har,har,model_har_int8,linf,0.01,1,246,-14.49250740557909,14.67410146445036,-14.49250740557909,14.67410146445036,true,true,-14.67410146445036,-0.1458330443501388,14.67410146445036,0.1343447697180328,WRONG,WRONG,false,false,-0.1458330443501388,0.14583304435014544,false,false,true,0.0,0.14583304435014555,4.585,har__har__linf__0.01__model_har_int8_w246.bin
har,har,model_har_int8,linf,0.01,1,247,-14.083705545635894,14.023174190195277,-14.083705545635894,14.023174190195277,true,true,-14.023174190195277,-0.13933907705453397,14.023174190195277,0.14030841771523717,WRONG,WRONG,false,false,-0.14053439867911877,0.14053439867911877,false,false,true,2.1524593724907413,2.2917984495453396,4.381,har__har__linf__0.01__model_har_int8_w247.bin
har,har,model_har_int8,linf,0.01,1,248,-11.715266015875386,11.647397529828595,-11.715266015875386,11.647397529828595,true,true,-0.11681331772852908,-0.11681331772852908,0.11681331772852797,0.11681331772852797,WRONG,WRONG,false,false,-0.11681331772852908,0.11681331772852797,false,false,true,6.46011022453763e-15,0.11681331772852627,4.544,har__har__linf__0.01__model_har_int8_w248.bin
har,har,model_har_int8,linf,0.01,1,249,-16.733289735391736,16.760803988203406,-16.733289735391736,16.760803988203406,true,true,-0.16747046861798556,-0.16747046861798556,0.16747046861798556,0.16747046861798556,WRONG,WRONG,false,false,-0.16747046861798556,0.16747046861798556,false,false,true,5.10702591327572e-15,0.16747046861798065,4.214,har__har__linf__0.01__model_har_int8_w249.bin
har,har,model_har_int8,linf,0.01,1,250,-11.924535556696355,11.878678469918668,-11.924535556696355,11.878678469918668,true,true,-0.11901607013307026,-0.11901607013307026,0.11901607013307128,0.11901607013307128,WRONG,WRONG,false,false,-0.11901607013307026,0.11901607013307128,false,false,true,0.0,0.11901607013306773,4.52,har__har__linf__0.01__model_har_int8_w250.bin
har,har,model_har_int8,linf,0.01,1,251,-14.40342169557698,14.410758829442784,-14.40342169557698,14.410758829442784,true,true,-14.410758829442784,-0.14405795036909264,14.410758829442784,0.14283577777856027,WRONG,WRONG,false,false,-0.14405795036909264,0.14407090262508326,false,false,true,1.1843286672104736,1.3283866175795789,4.087,har__har__linf__0.01__model_har_int8_w251.bin
har,har,model_har_int8,linf,0.01,1,252,-11.330198890296742,11.341204590862617,-11.330198890296742,11.341204590862617,true,true,-0.11335701740580004,-0.11335701740580004,0.11335701740579883,0.11335701740579883,WRONG,WRONG,false,false,-0.11335701740580004,0.11335701740579883,false,false,true,9.619041674291395e-16,0.11335701740579839,4.531,har__har__linf__0.01__model_har_int8_w252.bin
har,har,model_har_int8,linf,0.01,1,253,-15.206881526857615,15.349955637007952,-15.206881526857615,15.349955637007952,true,true,-0.15278418581934797,-0.15278418581934797,0.15278418581934797,0.15278418581934797,WRONG,WRONG,false,false,-0.15278418581934797,0.15278418581934797,false,false,true,1.0935696792557792e-14,0.15278418581933867,3.981,har__har__linf__0.01__model_har_int8_w253.bin
har,har,model_har_int8,linf,0.01,1,254,-14.351756817195565,14.45447669038549,-14.351756817195565,14.45447669038549,true,true,-14.45447669038549,-0.14403116753788936,14.45447669038549,0.14238925253852308,WRONG,WRONG,false,false,-0.14403116753788936,0.14403116753790446,false,false,true,8.236380243903636,8.380411411441541,4.338,har__har__linf__0.01__model_har_int8_w254.bin
har,har,model_har_int8,linf,0.01,1,255,-16.807234266772866,16.889777021482587,-16.807234266772866,16.889777021482587,true,true,-16.889777021482587,-0.14659386553428155,16.889777021482587,0.16824461597648233,WRONG,WRONG,false,false,-0.16848505644127787,0.1684850564412832,false,false,true,1.3506993517334036,1.4972932172676876,4.318,har__har__linf__0.01__model_har_int8_w255.bin
har,har,model_har_int8,linf,0.01,1,256,-15.972687598783523,16.07173890294507,-15.972687598783523,16.07173890294507,true,true,-16.07173890294507,-0.15818398876925865,16.07173890294507,0.1576647345233977,WRONG,WRONG,false,false,-0.1602221325086175,0.16022213250861306,false,false,true,2.0298965186448723,2.188080507414164,3.905,har__har__linf__0.01__model_har_int8_w256.bin
har,har,model_har_int8,linf,0.01,1,257,-11.550995459605474,11.455612717021722,-11.550995459605474,11.455612717021722,true,true,-0.11503304088313847,-0.11503304088313847,0.11503304088313895,0.11503304088313895,WRONG,WRONG,false,false,-0.11503304088313847,0.11503304088313895,false,false,true,0.0,0.11503304088313496,4.568,har__har__linf__0.01__model_har_int8_w257.bin
har,har,model_har_int8,linf,0.01,1,258,-14.518513943068683,14.56437102984637,-14.518513943068683,14.56437102984637,true,true,-14.56437102984637,-0.13796267645972193,14.56437102984637,0.13946441036162016,WRONG,WRONG,false,false,-0.1454144248645708,0.1454144248645708,false,false,true,0.49022608208635965,0.628188758546096,4.464,har__har__linf__0.01__model_har_int8_w258.bin
har,har,model_har_int8,linf,0.01,1,259,-15.690621542860754,15.773164297570474,-15.690621542860754,15.773164297570474,true,true,-15.773164297570474,-0.15636543550709803,15.773164297570474,0.14223882147778877,WRONG,WRONG,false,false,-0.15731892920215707,0.1573189292021553,false,false,true,5.445761622080686,5.602127057587767,4.267,har__har__linf__0.01__model_har_int8_w259.bin
har,har,model_har_int8,linf,0.01,1,260,-8.445968831249047,8.379934625991154,-8.445968831249047,8.379934625991154,true,true,-0.08412951728619979,-0.08412951728619979,0.08412951728619969,0.08412951728619969,WRONG,WRONG,false,false,-0.08412951728619979,0.08412951728619969,false,false,true,0.0,0.08412951728619983,4.6,har__har__linf__0.01__model_har_int8_w260.bin
har,har,model_har_int8,linf,0.01,1,261,-16.16885469062254,16.10832333518192,-16.16885469062254,16.10832333518192,true,true,-16.10832333518192,-0.16055315647432744,16.10832333518192,0.1612464596141021,WRONG,WRONG,false,false,-0.1613858901290186,0.1613858901290226,false,false,true,2.85571674993181,3.016269906406138,4.634,har__har__linf__0.01__model_har_int8_w261.bin
har,har,model_har_int8,linf,0.01,1,262,-11.880764618748799,11.812896132702008,-11.880764618748799,11.812896132702008,true,true,-0.11846830375725907,-0.11846830375725907,0.11846830375725718,0.11846830375725718,WRONG,WRONG,false,false,-0.11846830375725907,0.11846830375725718,false,false,true,2.976785484776201e-15,0.11846830375725725,4.518,har__har__linf__0.01__model_har_int8_w262.bin
har,har,model_har_int8,linf,0.01,1,263,-11.524122636765242,11.500276951119304,-11.524122636765242,11.500276951119304,true,true,-0.11512199793942882,-0.11512199793942882,0.1151219979394296,0.1151219979394296,WRONG,WRONG,false,false,-0.11512199793942882,0.1151219979394296,false,false,true,2.0539125955565396e-15,0.11512199793942449,4.606,har__har__linf__0.01__model_har_int8_w263.bin
har,har,model_har_int8,linf,0.01,1,264,-14.522378302179277,14.397647029720247,-14.522378302179277,14.397647029720247,true,true,-14.397647029720247,-0.14428040391818264,14.397647029720247,0.14460012665949673,WRONG,WRONG,false,false,-0.1446001266594923,0.1446001266594905,false,false,true,4.972453749272392,5.116734153190574,3.976,har__har__linf__0.01__model_har_int8_w264.bin
har,har,model_har_int8,linf,0.01,1,265,-11.163429962005466,11.128578574862331,-11.163429962005466,11.128578574862331,true,true,-0.11146004268433171,-0.11146004268433171,0.11146004268433306,0.11146004268433306,WRONG,WRONG,false,false,-0.11146004268433171,0.11146004268433306,false,false,true,0.0,0.11146004268433507,4.635,har__har__linf__0.01__model_har_int8_w265.bin
har,har,model_har_int8,linf,0.01,1,266,-16.955718833953142,17.148318592458963,-16.955718833953142,17.148318592458963,true,true,-0.17052018713203676,-0.17052018713203676,0.17052018713203854,0.17052018713203854,WRONG,WRONG,false,false,-0.17052018713203676,0.17052018713203854,false,false,true,0.0,0.17052018713204337,4.367,har__har__linf__0.01__model_har_int8_w266.bin
har,har,model_har_int8,linf,0.01,1,267,-15.93171126616653,15.851002792245708,-15.93171126616653,15.851002792245708,true,true,-15.851002792245708,-0.15891357029207942,15.851002792245708,0.1489723405405572,WRONG,WRONG,false,false,-0.15891357029207942,0.1589135702920732,false,false,true,3.63564561930108,3.7945591895931354,4.246,har__har__linf__0.01__model_har_int8_w267.bin
har,har,model_har_int8,linf,0.01,1,268,-11.325538528879406,11.299858560581924,-11.325538528879406,11.299858560581924,true,true,-0.11312698544730737,-0.11312698544730737,0.11312698544730777,0.11312698544730777,WRONG,WRONG,false,false,-0.11312698544730737,0.11312698544730777,false,false,true,0.0,0.11312698544730587,4.74,har__har__linf__0.01__model_har_int8_w268.bin
har,har,model_har_int8,linf,0.01,1,269,-14.254045811947435,14.270554363261908,-14.254045811947435,14.270554363261908,true,true,-0.14262300087604896,-0.14262300087604896,0.14262300087604451,0.14262300087604451,WRONG,WRONG,false,false,-0.14262300087604896,0.14262300087604451,false,false,true,0.0,0.14262300087604557,4.339,har__har__linf__0.01__model_har_int8_w269.bin
har,har,model_har_int8,linf,0.01,1,270,-15.078223186195828,15.149760241270997,-15.078223186195828,15.149760241270997,true,true,-15.149760241270997,-0.15113991713733776,15.149760241270997,0.15113991713733999,WRONG,WRONG,false,false,-0.15113991713733776,0.15113991713733999,false,false,true,2.291302937450534,2.4424428545878665,4.053,har__har__linf__0.01__model_har_int8_w270.bin
har,har,model_har_int8,linf,0.01,1,271,-11.452585203020135,11.511282273946563,-11.452585203020135,11.511282273946563,true,true,-0.11481933738482965,-0.11481933738482965,0.1148193373848311,0.1148193373848311,WRONG,WRONG,false,false,-0.11481933738482965,0.1148193373848311,false,false,true,4.163336342344337e-17,0.11481933738483317,4.716,har__har__linf__0.01__model_har_int8_w271.bin
har,har,model_har_int8,linf,0.01,1,272,-10.214356757700443,10.23269959166646,-10.214356757700443,10.23269959166646,true,true,-0.1022352817468343,-0.1022352817468343,0.10223528174683544,0.10223528174683544,WRONG,WRONG,false,false,-0.1022352817468343,0.10223528174683544,false,false,true,1.6653345369377348e-15,0.10223528174683631,4.557,har__har__linf__0.01__model_har_int8_w272.bin
har,har,model_har_int8,linf,0.01,1,273,-13.228621551534161,13.34051284356974,-13.228621551534161,13.34051284356974,true,true,-13.34051284356974,-0.13284567197552083,13.34051284356974,0.1325147282048478,WRONG,WRONG,false,false,-0.13284567197552083,0.13284567197550867,false,false,true,0.0,0.13284567197551767,4.117,har__har__linf__0.01__model_har_int8_w273.bin
har,har,model_har_int8,linf,0.01,1,274,-14.744501743931323,14.661958989221603,-14.744501743931323,14.661958989221603,true,true,-14.661958989221603,-0.14703230366575726,14.661958989221603,0.14703230366576214,WRONG,WRONG,false,false,-0.14703230366575726,0.14703230366576214,false,false,true,2.2818154864893403,2.4288477901551055,4.315,har__har__linf__0.01__model_har_int8_w274.bin
har,har,model_har_int8,linf,0.01,1,275,-11.55980234668823,11.473591022950131,-11.55980234668823,11.473591022950131,true,true,-0.11516696684818384,-0.11516696684818384,0.11516696684818416,0.11516696684818416,WRONG,WRONG,false,false,-0.11516696684818384,0.11516696684818416,false,false,true,0.0,0.11516696684818462,4.522,har__har__linf__0.01__model_har_int8_w275.bin
har,har,model_har_int8,linf,0.01,1,276,-15.75220229383558,15.772379412315786,-15.75220229383558,15.772379412315786,true,true,-15.772379412315786,-0.14680145288098956,15.772379412315786,0.15725713953485965,WRONG,WRONG,false,false,-0.15762290853076522,0.15762290853076877,false,false,true,5.0529805321196815,5.199781985000672,4.012,har__har__linf__0.01__model_har_int8_w276.bin
har,har,model_har_int8,linf,0.01,1,277,-15.187463243491948,15.227817480452359,-15.187463243491948,15.227817480452359,true,true,-0.15207640361972952,-0.15207640361972952,0.15207640361972352,0.15207640361972352,WRONG,WRONG,false,false,-0.15207640361972952,0.15207640361972352,false,false,true,5.235395450498004e-15,0.15207640361972663,4.396,har__har__linf__0.01__model_har_int8_w277.bin
har,har,model_har_int8,linf,0.01,1,278,-6.52129270718433,6.477269904920831,-6.52129270718433,6.477269904920831,true,true,-0.06499281306052662,-0.06499281306052662,0.06499281306052662,0.06499281306052662,WRONG,WRONG,false,false,-0.06499281306052662,0.06499281306052662,false,false,true,3.3306690738754696e-16,0.06499281306052607,3.682,har__har__linf__0.01__model_har_int8_w278.bin
har,har,model_har_int8,linf,0.01,1,279,-14.933013250119984,14.949521801434457,-14.933013250119984,14.949521801434457,true,true,-14.949521801434457,-0.14941267525776025,14.949521801434457,0.14933282508837475,WRONG,WRONG,false,false,-0.14941267525776025,0.14941267525776425,false,false,true,3.13164136893868,3.2810540441964537,3.874,har__har__linf__0.01__model_har_int8_w279.bin
har,har,model_har_int8,linf,0.01,1,280,-19.82655655918643,19.811882291454822,-19.82655655918643,19.811882291454822,true,true,-19.811882291454822,-0.1764350124083477,19.811882291454822,0.19639233485327556,WRONG,WRONG,false,false,-0.1981921942532061,0.19819219425320567,false,false,true,0.6465622128886636,0.8229972252970076,4.791,har__har__linf__0.01__model_har_int8_w280.bin
har,har,model_har_int8,linf,0.01,1,281,-15.21939723007381,15.245077198371291,-15.21939723007381,15.245077198371291,true,true,-0.15232237214223243,-0.15232237214223243,0.15232237214223243,0.15232237214223243,WRONG,WRONG,false,false,-0.15232237214223243,0.15232237214223243,false,false,true,1.0134254546656507e-14,0.15232237214223543,3.895,har__har__linf__0.01__model_har_int8_w281.bin
har,har,model_har_int8,linf,0.01,1,282,-9.580305906943977,9.644505831412971,-9.580305906943977,9.644505831412971,true,true,-0.09612405869178797,-0.09612405869178797,0.09612405869178708,0.09612405869178708,WRONG,WRONG,false,false,-0.09612405869178797,0.09612405869178708,false,false,true,2.9976021664879227e-15,0.09612405869178745,4.072,har__har__linf__0.01__model_har_int8_w282.bin
har,har,model_har_int8,linf,0.01,1,283,-15.070686520077288,15.092697921209037,-15.070686520077288,15.092697921209037,true,true,-15.092697921209037,-0.15050662366436351,15.092697921209037,0.14673529857871825,WRONG,WRONG,false,false,-0.15081692220642573,0.15081692220642218,false,false,true,1.4476519639321859,1.5981585875965514,3.831,har__har__linf__0.01__model_har_int8_w283.bin
har,har,model_har_int8,linf,0.01,1,284,-11.304102405556478,11.338953792699613,-11.304102405556478,11.338953792699613,true,true,-0.11321528099128526,-0.11321528099128526,0.11321528099128429,0.11321528099128429,WRONG,WRONG,false,false,-0.11321528099128526,0.11321528099128429,false,false,true,8.545247842661752e-15,0.11321528099128872,4.506,har__har__linf__0.01__model_har_int8_w284.bin
har,har,model_har_int8,linf,0.01,1,285,-14.307934812270105,14.317106229253113,-14.307934812270105,14.317106229253113,true,true,-14.317106229253113,-0.13802874223400896,14.317106229253113,0.14312520520761995,WRONG,WRONG,false,false,-0.14312520520762284,0.14312520520762462,false,false,true,1.7740238836356927,1.9120526258696997,4.22,har__har__linf__0.01__model_har_int8_w285.bin
har,har,model_har_int8,linf,0.01,1,286,-8.96836215723306,8.889487971551716,-8.96836215723306,8.889487971551716,true,true,-0.08928925064392379,-0.08928925064392379,0.08928925064392379,0.08928925064392379,WRONG,WRONG,false,false,-0.08928925064392379,0.08928925064392379,false,false,true,1.6653345369377348e-16,0.08928925064392434,3.756,har__har__linf__0.01__model_har_int8_w286.bin
har,har,model_har_int8,linf,0.01,1,287,-10.632423216098687,10.610411814966938,-10.632423216098687,10.610411814966938,true,true,-0.10621417515532398,-0.10621417515532398,0.10621417515532494,0.10621417515532494,WRONG,WRONG,false,false,-0.10621417515532398,0.10621417515532494,false,false,true,0.0,0.1062141751553262,4.661,har__har__linf__0.01__model_har_int8_w287.bin
har,har,model_har_int8,linf,0.01,1,288,-12.286909814865794,12.312589783163276,-12.286909814865794,12.312589783163276,true,true,-0.12299749799015282,-0.12299749799015282,0.12299749799015722,0.12299749799015722,WRONG,WRONG,false,false,-0.12299749799015282,0.12299749799015722,false,false,true,4.718447854656915e-15,0.12299749799015017,4.601,har__har__linf__0.01__model_har_int8_w288.bin
har,har,model_har_int8,linf,0.01,1,289,-14.98570285923779,15.13978266902268,-14.98570285923779,15.13978266902268,true,true,-15.13978266902268,-0.15025896519586301,15.13978266902268,0.15062742764129422,WRONG,WRONG,false,false,-0.1506274276412949,0.15062742764129222,false,false,true,1.504890235372071,1.6551492005679445,4.18,har__har__linf__0.01__model_har_int8_w289.bin
har,har,model_har_int8,linf,0.01,1,290,-11.83330594789004,11.754431762208696,-11.83330594789004,11.754431762208696,true,true,-0.11793868855049766,-0.11793868855049766,0.11793868855049562,0.11793868855049562,WRONG,WRONG,false,false,-0.11793868855049766,0.11793868855049562,false,false,true,0.0,0.11793868855049255,4.733,har__har__linf__0.01__model_har_int8_w290.bin
har,har,model_har_int8,linf,0.01,1,291,-11.222167418221943,11.288201623479836,-11.222167418221943,11.288201623479836,true,true,-0.11255184520850886,-0.11255184520850886,0.1125518452085085,0.1125518452085085,WRONG,WRONG,false,false,-0.11255184520850886,0.1125518452085085,false,false,true,0.0,0.11255184520850886,4.527,har__har__linf__0.01__model_har_int8_w291.bin
har,har,model_har_int8,linf,0.01,1,292,-8.950721776811406,8.992910298286006,-8.950721776811406,8.992910298286006,true,true,-0.08971816037549678,-0.08971816037549678,0.08971816037549728,0.08971816037549728,WRONG,WRONG,false,false,-0.08971816037549678,0.08971816037549728,false,false,true,7.605027718682322e-15,0.08971816037549453,4.438,har__har__linf__0.01__model_har_int8_w292.bin
har,har,model_har_int8,linf,0.01,1,293,-13.179107634117827,13.171770500252023,-13.179107634117827,13.171770500252023,true,true,-13.171770500252023,-0.13175439067186723,13.171770500252023,0.13158261773699742,WRONG,WRONG,false,false,-0.13175439067186723,0.1317543906718619,false,false,true,2.5808630313423135,2.712617422014162,4.039,har__har__linf__0.01__model_har_int8_w293.bin
har,har,model_har_int8,linf,0.01,1,294,-11.409232715785038,11.354204210161697,-11.409232715785038,11.354204210161697,true,true,-0.11381718462973395,-0.11381718462973395,0.11381718462973375,0.11381718462973375,WRONG,WRONG,false,false,-0.11381718462973395,0.11381718462973375,false,false,true,2.5326962749261384e-16,0.11381718462973389,4.413,har__har__linf__0.01__model_har_int8_w294.bin
har,har,model_har_int8,linf,0.01,1,295,-11.069159589707851,11.006793953478336,-11.069159589707851,11.006793953478336,true,true,-0.11037976771593361,-0.11037976771593361,0.11037976771593344,0.11037976771593344,WRONG,WRONG,false,false,-0.11037976771593361,0.11037976771593344,false,false,true,0.0,0.11037976771593089,4.545,har__har__linf__0.01__model_har_int8_w295.bin
har,har,model_har_int8,linf,0.01,1,296,-9.382929001003504,9.417780388146639,-9.382929001003504,9.417780388146639,true,true,-0.09400354694575475,-0.09400354694575475,0.09400354694575297,0.09400354694575297,WRONG,WRONG,false,false,-0.09400354694575475,0.09400354694575297,false,false,true,3.3306690738754696e-15,0.09400354694575408,3.712,har__har__linf__0.01__model_har_int8_w296.bin
har,har,model_har_int8,linf,0.01,1,297,-15.339476672932506,15.493556482717395,-15.339476672932506,15.493556482717395,true,true,-15.493556482717395,-0.15416516577825456,15.493556482717395,0.14557841080865885,WRONG,WRONG,false,false,-0.15416516577825456,0.15416516577825234,false,false,true,1.3443273435382266,1.4984925093164758,3.923,har__har__linf__0.01__model_har_int8_w297.bin
har,har,model_har_int8,linf,0.01,1,298,-13.695094401016831,13.685922984033823,-13.695094401016831,13.685922984033823,true,true,-13.685922984033823,-0.1369050869252364,13.685922984033823,0.1330017489279225,WRONG,WRONG,false,false,-0.1369050869252364,0.13690508692525327,false,false,true,2.666901792799806,2.803806879725061,3.612,har__har__linf__0.01__model_har_int8_w298.bin
har,har,model_har_int8,linf,0.01,1,299,-14.238734456710517,14.284591543488204,-14.238734456710517,14.284591543488204,true,true,-14.284591543488204,-0.1423598326339568,14.284591543488204,0.14261663000101965,WRONG,WRONG,false,false,-0.14261663000100988,0.14261663000101166,false,false,true,0.371197458091307,0.5135572907252368,4.303,har__har__linf__0.01__model_har_int8_w299.bin
har,har,model_har_int8,linf,0.01,1,300,-11.743155931588262,11.809190136846155,-11.743155931588262,11.809190136846155,true,true,-0.1177617303421756,-0.1177617303421756,0.11776173034217462,0.11776173034217462,WRONG,WRONG,false,false,-0.1177617303421756,0.11776173034217462,false,false,true,3.885780586188048e-15,0.11776173034217613,4.416,har__har__linf__0.01__model_har_int8_w300.bin
har,har,model_har_int8,linf,0.01,1,301,-11.14311901916517,11.126610467850696,-11.14311901916517,11.126610467850696,true,true,-0.11134864743508364,-0.11134864743508364,0.11134864743508302,0.11134864743508302,WRONG,WRONG,false,false,-0.11134864743508364,0.11134864743508302,false,false,true,2.8917840344533374e-15,0.11134864743508237,4.516,har__har__linf__0.01__model_har_int8_w301.bin
har,har,model_har_int8,linf,0.01,1,302,-11.72618367569521,11.709675124380738,-11.72618367569521,11.709675124380738,true,true,-0.11717929400037931,-0.11717929400037931,0.11717929400037908,0.11717929400037908,WRONG,WRONG,false,false,-0.11717929400037931,0.11717929400037908,false,false,true,0.0,0.11717929400037955,4.506,har__har__linf__0.01__model_har_int8_w302.bin
har,har,model_har_int8,linf,0.01,1,303,-11.101628977514338,11.0777832918684,-11.101628977514338,11.0777832918684,true,true,-0.11089706134691313,-0.11089706134691313,0.11089706134691414,0.11089706134691414,WRONG,WRONG,false,false,-0.11089706134691313,0.11089706134691414,false,false,true,1.6653345369377348e-16,0.11089706134691409,4.635,har__har__linf__0.01__model_har_int8_w303.bin
har,har,model_har_int8,linf,0.01,1,304,-11.769125438004266,11.673742695420515,-11.769125438004266,11.673742695420515,true,true,-0.11721434066713296,-0.11721434066713296,0.11721434066713388,0.11721434066713388,WRONG,WRONG,false,false,-0.11721434066713296,0.11721434066713388,false,false,true,7.077671781985373e-15,0.11721434066713121,4.309,har__har__linf__0.01__model_har_int8_w304.bin
har,har,model_har_int8,linf,0.01,1,305,-22.14799293782562,22.237872830592096,-22.14799293782562,22.237872830592096,true,true,-22.237872830592096,-0.22192932884206185,22.237872830592096,0.22177098079673407,WRONG,WRONG,false,false,-0.22192932884206185,0.22192932884207917,false,false,true,1.4635830662700853,1.6855123951121749,4.139,har__har__linf__0.01__model_har_int8_w305.bin
har,har,model_har_int8,linf,0.01,1,306,-11.719708563177846,11.67201719188597,-11.719708563177846,11.67201719188597,true,true,-0.11695862877532191,-0.11695862877532191,0.11695862877532244,0.11695862877532244,WRONG,WRONG,false,false,-0.11695862877532191,0.11695862877532244,false,false,true,1.1102230246251565e-16,0.11695862877531932,4.384,har__har__linf__0.01__model_har_int8_w306.bin
har,har,model_har_int8,linf,0.01,1,307,-11.302840592485154,11.299172025552252,-11.302840592485154,11.299172025552252,true,true,-0.11301006309018362,-0.11301006309018362,0.11301006309018485,0.11301006309018485,WRONG,WRONG,false,false,-0.11301006309018362,0.11301006309018485,false,false,true,5.149960319306146e-16,0.1130100630901878,4.427,har__har__linf__0.01__model_har_int8_w307.bin
har,har,model_har_int8,linf,0.01,1,308,-13.819456765428185,13.694725492969155,-13.819456765428185,13.694725492969155,true,true,-13.694725492969155,-0.1327109488883642,13.694725492969155,0.13757091129199328,WRONG,WRONG,false,false,-0.13757091129198962,0.13757091129199406,false,false,true,0.940252794963329,1.0729637438516846,3.771,har__har__linf__0.01__model_har_int8_w308.bin
har,har,model_har_int8,linf,0.01,1,309,-14.905482778558508,14.826608592877164,-14.905482778558508,14.826608592877164,true,true,-14.826608592877164,-0.14866045685715878,14.826608592877164,0.14866045685715834,WRONG,WRONG,false,false,-0.14866045685715878,0.14866045685715834,false,false,true,3.210764903839535,3.3594253606967155,3.574,har__har__linf__0.01__model_har_int8_w309.bin
har,har,model_har_int8,linf,0.01,1,310,-11.40069642130402,11.360342184343608,-11.40069642130402,11.360342184343608,true,true,-0.11380519302823641,-0.11380519302823641,0.1138051930282379,0.1138051930282379,WRONG,WRONG,false,false,-0.11380519302823641,0.1138051930282379,false,false,true,0.0,0.113805193028236,4.172,har__har__linf__0.01__model_har_int8_w310.bin
har,har,model_har_int8,linf,0.01,1,311,-15.971670156344771,16.054212911054492,-15.971670156344771,16.054212911054492,true,true,-0.1601294153369999,-0.1601294153369999,0.16012941533700256,0.16012941533700256,WRONG,WRONG,false,false,-0.1601294153369999,0.16012941533700256,false,false,true,1.7763568394002505e-15,0.16012941533699815,4.166,har__har__linf__0.01__model_har_int8_w311.bin
har,har,model_har_int8,linf,0.01,1,312,-11.712250171229243,11.734261572360992,-11.712250171229243,11.734261572360992,true,true,-0.11723255871795062,-0.11723255871795062,0.11723255871794937,0.11723255871794937,WRONG,WRONG,false,false,-0.11723255871795062,0.11723255871794937,false,false,true,0.0,0.11723255871794985,4.354,har__har__linf__0.01__model_har_int8_w312.bin
har,har,model_har_int8,linf,0.01,1,313,-14.650383746135049,14.646715179202147,-14.650383746135049,14.646715179202147,true,true,-14.646715179202147,-0.14648549462665184,14.646715179202147,0.14173952912725674,WRONG,WRONG,false,false,-0.14648549462665184,0.14648549462666693,false,false,true,1.36851951244611,1.5150050070727974,3.94,har__har__linf__0.01__model_har_int8_w313.bin
har,har,model_har_int8,linf,0.01,1,314,-11.34059085798799,11.292899486696115,-11.34059085798799,11.292899486696115,true,true,-0.11316745172341691,-0.11316745172341691,0.11316745172341681,0.11316745172341681,WRONG,WRONG,false,false,-0.11316745172341691,0.11316745172341681,false,false,true,0.0,0.11316745172341736,4.322,har__har__linf__0.01__model_har_int8_w314.bin
har,har,model_har_int8,linf,0.01,1,315,-10.56596231716685,10.64850507187657,-10.56596231716685,10.64850507187657,true,true,-0.106072336945215,-0.106072336945215,0.10607233694521456,0.10607233694521456,WRONG,WRONG,false,false,-0.106072336945215,0.10607233694521456,false,false,true,0.0,0.10607233694521456,3.925,har__har__linf__0.01__model_har_int8_w315.bin
har,har,model_har_int8,linf,0.01,1,316,-10.82934598083375,10.763311775575858,-10.82934598083375,10.763311775575858,true,true,-0.10796328878205068,-0.10796328878205068,0.10796328878205179,0.10796328878205179,WRONG,WRONG,false,false,-0.10796328878205068,0.10796328878205179,false,false,true,1.186550857568136e-15,0.1079632887820493,4.338,har__har__linf__0.01__model_har_int8_w316.bin
har,har,model_har_int8,linf,0.01,1,317,-14.330051244236529,14.192479983903468,-14.330051244236529,14.192479983903468,true,true,-14.192479983903468,-0.14008883973991182,14.192479983903468,0.14261265614067664,WRONG,WRONG,false,false,-0.14261265614068108,0.1426126561406793,false,false,true,4.412358038732016,4.552446878471953,3.917,har__har__linf__0.01__model_har_int8_w317.bin
har,har,model_har_int8,linf,0.01,1,318,-14.210812933743,14.078744523227215,-14.210812933743,14.078744523227215,true,true,-14.078744523227215,-0.1414477872848401,14.078744523227215,0.14144778728483987,WRONG,WRONG,false,false,-0.1414477872848401,0.14144778728483987,false,false,true,0.9366605024234409,1.0781082897082925,5.786,har__har__linf__0.01__model_har_int8_w318.bin
har,har,model_har_int8,linf,0.01,1,319,-15.551744031719863,15.573755432851613,-15.551744031719863,15.573755432851613,true,true,-15.573755432851613,-0.15562749732286818,15.573755432851613,0.15562749732286774,WRONG,WRONG,false,false,-0.15562749732286818,0.15562749732286774,false,false,true,2.7072926325385427,2.862920129861399,6.155,har__har__linf__0.01__model_har_int8_w319.bin
har,har,model_har_int8,linf,0.01,1,320,-11.211536725633778,11.209702442167327,-11.211536725633778,11.209702442167327,true,true,-0.1121061958390008,-0.1121061958390008,0.11210619583900087,0.11210619583900087,WRONG,WRONG,false,false,-0.1121061958390008,0.11210619583900087,false,false,true,0.0,0.11210619583900266,5.701,har__har__linf__0.01__model_har_int8_w320.bin
har,har,model_har_int8,linf,0.01,1,321,-11.832508865074487,11.793988912628265,-11.832508865074487,11.793988912628265,true,true,-0.11813248888850744,-0.11813248888850744,0.11813248888850646,0.11813248888850646,WRONG,WRONG,false,false,-0.11813248888850744,0.11813248888850646,false,false,true,0.0,0.11813248888850825,5.696,har__har__linf__0.01__model_har_int8_w321.bin
har,har,model_har_int8,linf,0.01,1,322,-10.80135380855063,10.816028076282237,-10.80135380855063,10.816028076282237,true,true,-0.10808690942416292,-0.10808690942416292,0.10808690942416425,0.10808690942416425,WRONG,WRONG,false,false,-0.10808690942416292,0.10808690942416425,false,false,true,1.1518563880486e-15,0.10808690942416545,5.773,har__har__linf__0.01__model_har_int8_w322.bin
har,har,model_har_int8,linf,0.01,1,323,-11.610459071904188,11.542590585857397,-11.610459071904188,11.542590585857397,true,true,-0.11576524828880559,-0.11576524828880559,0.1157652482888037,0.1157652482888037,WRONG,WRONG,false,false,-0.11576524828880559,0.1157652482888037,false,false,true,0.0,0.11576524828880372,5.604,har__har__linf__0.01__model_har_int8_w323.bin
har,har,model_har_int8,linf,0.01,1,324,-14.68949968367815,14.832573793828487,-14.68949968367815,14.832573793828487,true,true,-14.832573793828487,-0.13940325793146746,14.832573793828487,0.14747380654393027,WRONG,WRONG,false,false,-0.14761036738754374,0.14761036738754285,false,false,true,1.5391255140602276,1.678528771991701,5.175,har__har__linf__0.01__model_har_int8_w324.bin
har,har,model_har_int8,linf,0.01,1,325,-11.617257463280112,11.60441747913137,-11.617257463280112,11.60441747913137,true,true,-0.11610837471205726,-0.11610837471205726,0.11610837471205772,0.11610837471205772,WRONG,WRONG,false,false,-0.11610837471205726,0.11610837471205772,false,false,true,0.0,0.11610837471205741,5.665,har__har__linf__0.01__model_har_int8_w325.bin
har,har,model_har_int8,linf,0.01,1,326,-11.988172718032729,11.933144212409388,-11.988172718032729,11.933144212409388,true,true,-0.1196065846522057,-0.1196065846522057,0.11960658465220467,0.11960658465220467,WRONG,WRONG,false,false,-0.1196065846522057,0.11960658465220467,false,false,true,0.0,0.11960658465220567,5.528,har__har__linf__0.01__model_har_int8_w326.bin
har,har,model_har_int8,linf,0.01,1,327,-11.233845665381523,11.259525633679004,-11.233845665381523,11.259525633679004,true,true,-0.11246685649533197,-0.11246685649533197,0.11246685649533204,0.11246685649533204,WRONG,WRONG,false,false,-0.11246685649533197,0.11246685649533204,false,false,true,1.7964796317215814e-14,0.11246685649531939,5.627,har__har__linf__0.01__model_har_int8_w327.bin
har,har,model_har_int8,linf,0.01,1,328,-15.183931717649102,15.358188653364778,-15.183931717649102,15.358188653364778,true,true,-15.358188653364778,-0.1421467271417809,15.358188653364778,0.15138677382077725,WRONG,WRONG,false,false,-0.15271060185506546,0.15271060185506546,false,false,true,1.2405566354927346,1.3827033626345209,5.678,har__har__linf__0.01__model_har_int8_w328.bin
har,har,model_har_int8,linf,0.01,1,329,-10.726342632202432,10.663976995972916,-10.726342632202432,10.663976995972916,true,true,-0.10695159814088445,-0.10695159814088445,0.10695159814088667,0.10695159814088667,WRONG,WRONG,false,false,-0.10695159814088445,0.10695159814088667,false,false,true,2.886579864025407e-15,0.10695159814087968,5.588,har__har__linf__0.01__model_har_int8_w329.bin
har,har,model_har_int8,linf,0.01,1,330,-11.600056736147963,11.600056736147963,-11.600056736147963,11.600056736147963,true,true,-0.11600056736147944,-0.11600056736147944,0.11600056736147983,0.11600056736147983,WRONG,WRONG,false,false,-0.11600056736147944,0.11600056736147983,false,false,true,4.394493428631965e-16,0.11600056736148007,5.621,har__har__linf__0.01__model_har_int8_w330.bin
har,har,model_har_int8,linf,0.01,1,331,-11.090206748602213,11.086538181669312,-11.090206748602213,11.086538181669312,true,true,-0.11088372465134957,-0.11088372465134957,0.11088372465134912,0.11088372465134912,WRONG,WRONG,false,false,-0.11088372465134957,0.11088372465134912,false,false,true,0.0,0.11088372465135599,5.525,har__har__linf__0.01__model_har_int8_w331.bin
har,har,model_har_int8,linf,0.01,1,332,-14.455067209433764,14.376193023752421,-14.455067209433764,14.376193023752421,true,true,-14.376193023752421,-0.14415630116593325,14.376193023752421,0.14191586291156544,WRONG,WRONG,false,false,-0.14415630116593325,0.14415630116593636,false,false,true,0.9819688051861861,1.1261251063521198,5.126,har__har__linf__0.01__model_har_int8_w332.bin
har,har,model_har_int8,linf,0.01,1,333,-14.229891501367092,14.308765687048435,-14.229891501367092,14.308765687048435,true,true,-14.308765687048435,-0.1416577085437578,14.308765687048435,0.14240986804042244,WRONG,WRONG,false,false,-0.14269328594208108,0.14269328594207842,false,false,true,2.623757344177707,2.7654150527214525,5.305,har__har__linf__0.01__model_har_int8_w333.bin
har,har,model_har_int8,linf,0.01,1,334,-15.509581846185029,15.348164898343384,-15.509581846185029,15.348164898343384,true,true,-15.348164898343384,-0.15377892918792613,15.348164898343384,0.13853783936386455,WRONG,WRONG,false,false,-0.15428873372264373,0.15428873372264196,false,false,true,2.7428195706130634,2.896598499800994,5.252,har__har__linf__0.01__model_har_int8_w334.bin
har,har,model_har_int8,linf,0.01,1,335,-13.894140189047903,14.12159133469686,-13.894140189047903,14.12159133469686,true,true,-14.12159133469686,-0.1400786576187114,14.12159133469686,0.14007865761871185,WRONG,WRONG,false,false,-0.1400786576187114,0.14007865761871185,false,false,true,2.433777546829084,2.5738562044478077,4.487,har__har__linf__0.01__model_har_int8_w335.bin
har,har,model_har_int8,linf,0.01,1,336,-14.77646370138973,14.756286582909524,-14.77646370138973,14.756286582909524,true,true,-14.756286582909524,-0.14520633698696805,14.756286582909524,0.14766375142153265,WRONG,WRONG,false,false,-0.147663751421514,0.14766375142151134,false,false,true,4.2168714316185,4.362077768605434,3.821,har__har__linf__0.01__model_har_int8_w336.bin
har,har,model_har_int8,linf,0.01,1,337,-11.52167635166552,11.578539138077758,-11.52167635166552,11.578539138077758,true,true,-0.11550107744872239,-0.11550107744872239,0.1155010774487245,0.1155010774487245,WRONG,WRONG,false,false,-0.11550107744872239,0.1155010774487245,false,false,true,3.316791286067655e-15,0.11550107744871954,4.301,har__har__linf__0.01__model_har_int8_w337.bin
har,har,model_har_int8,linf,0.01,1,338,-16.75796321593225,16.836837401613593,-16.75796321593225,16.836837401613593,true,true,-16.836837401613593,-0.16052652762476605,16.836837401613593,0.16755238460147392,WRONG,WRONG,false,false,-0.16797400308772836,0.1679740030877177,false,false,true,5.899772789094688,6.060299316719455,3.936,har__har__linf__0.01__model_har_int8_w338.bin
har,har,model_har_int8,linf,0.01,1,339,-14.709071370540187,14.784276994643733,-14.709071370540187,14.784276994643733,true,true,-14.784276994643733,-0.1474667418259008,14.784276994643733,0.14746674182590347,WRONG,WRONG,false,false,-0.1474667418259008,0.14746674182590347,false,false,true,1.096150215815189,1.2436169576411094,3.59,har__har__linf__0.01__model_har_int8_w339.bin
har,har,model_har_int8,linf,0.01,1,340,-11.274509522598237,11.270840955665335,-11.274509522598237,11.270840955665335,true,true,-0.11272675239132082,-0.11272675239132082,0.11272675239132288,0.11272675239132288,WRONG,WRONG,false,false,-0.11272675239132082,0.11272675239132288,false,false,true,0.0,0.11272675239131702,4.533,har__har__linf__0.01__model_har_int8_w340.bin
har,har,model_har_int8,linf,0.01,1,341,-12.003868851577863,12.057063072687015,-12.003868851577863,12.057063072687015,true,true,-0.12030465962132528,-0.12030465962132528,0.12030465962132525,0.12030465962132525,WRONG,WRONG,false,false,-0.12030465962132528,0.12030465962132525,false,false,true,0.0,0.1203046596213237,4.485,har__har__linf__0.01__model_har_int8_w341.bin
har,har,model_har_int8,linf,0.01,1,342,-11.772822061466286,11.829684847878525,-11.772822061466286,11.829684847878525,true,true,-0.11801253454672442,-0.11801253454672442,0.11801253454672728,0.11801253454672728,WRONG,WRONG,false,false,-0.11801253454672442,0.11801253454672728,false,false,true,0.0,0.11801253454672322,4.48,har__har__linf__0.01__model_har_int8_w342.bin
har,har,model_har_int8,linf,0.01,1,343,-11.36635851560277,11.313164294493617,-11.36635851560277,11.313164294493617,true,true,-0.11339761405047592,-0.11339761405047592,0.11339761405047862,0.11339761405047862,WRONG,WRONG,false,false,-0.11339761405047592,0.11339761405047862,false,false,true,0.0,0.1133976140504778,4.392,har__har__linf__0.01__model_har_int8_w343.bin
har,har,model_har_int8,linf,0.01,1,344,-11.582126655819593,11.558280970173655,-11.582126655819593,11.558280970173655,true,true,-0.11570203812996362,-0.11570203812996362,0.11570203812996059,0.11570203812996059,WRONG,WRONG,false,false,-0.11570203812996362,0.11570203812996059,false,false,true,0.0,0.11570203812996344,4.382,har__har__linf__0.01__model_har_int8_w344.bin
har,har,model_har_int8,linf,0.01,1,345,-13.95164011605084,13.905783029273152,-13.95164011605084,13.905783029273152,true,true,-13.905783029273152,-0.13639958806083818,13.905783029273152,0.1392871157265949,WRONG,WRONG,false,false,-0.13928711572660912,0.13928711572660912,false,false,true,3.2019628544941083,3.338362442554972,3.693,har__har__linf__0.01__model_har_int8_w345.bin
har,har,model_har_int8,linf,0.01,1,346,-14.12525582080707,14.187621457036585,-14.12525582080707,14.187621457036585,true,true,-0.14156438638920615,-0.14156438638920615,0.14156438638920665,0.14156438638920665,WRONG,WRONG,false,false,-0.14156438638920615,0.14156438638920665,false,false,true,0.0,0.14156438638921165,4.01,har__har__linf__0.01__model_har_int8_w346.bin
har,har,model_har_int8,linf,0.01,1,347,-11.471880275988951,11.440697457874194,-11.471880275988951,11.440697457874194,true,true,-0.11456288866931441,-0.11456288866931441,0.11456288866931397,0.11456288866931397,WRONG,WRONG,false,false,-0.11456288866931441,0.11456288866931397,false,false,true,0.0,0.11456288866931347,4.204,har__har__linf__0.01__model_har_int8_w347.bin
har,har,model_har_int8,linf,0.01,1,348,-13.973606267012656,13.804852181114256,-13.973606267012656,13.804852181114256,true,true,-13.804852181114256,-0.1388922922406346,13.804852181114256,0.13410726632974423,WRONG,WRONG,false,false,-0.1388922922406346,0.13889229224063548,false,false,true,4.684668620387805,4.823560912628443,3.954,har__har__linf__0.01__model_har_int8_w348.bin
har,har,model_har_int8,linf,0.01,1,349,-10.004137535986956,10.03348607145017,-10.004137535986956,10.03348607145017,true,true,-0.1001881180371821,-0.1001881180371821,0.10018811803718211,0.10018811803718211,WRONG,WRONG,false,false,-0.1001881180371821,0.10018811803718211,false,false,true,0.0,0.10018811803718392,5.958,har__har__linf__0.01__model_har_int8_w349.bin
har,har,model_har_int8,linf,0.01,1,350,-8.250668381107971,8.21031414414756,-8.250668381107971,8.21031414414756,true,true,-0.08230491262627782,-0.08230491262627782,0.08230491262627604,0.08230491262627604,WRONG,WRONG,false,false,-0.08230491262627782,0.08230491262627604,false,false,true,3.885780586188048e-16,0.08230491262627815,5.111,har__har__linf__0.01__model_har_int8_w350.bin
har,har,model_har_int8,linf,0.01,1,351,-14.09871369577013,14.247290655737743,-14.09871369577013,14.247290655737743,true,true,-14.247290655737743,-0.14164555289686048,14.247290655737743,0.14173002175753718,WRONG,WRONG,false,false,-0.14173002175753702,0.14173002175753613,false,false,true,0.4732571659266199,0.6149027188234858,5.193,har__har__linf__0.01__model_har_int8_w351.bin
har,har,model_har_int8,linf,0.01,1,352,-14.488492228090763,14.63340062648058,-14.488492228090763,14.63340062648058,true,true,-14.63340062648058,-0.14560946427285248,14.63340062648058,0.14014258381155775,WRONG,WRONG,false,false,-0.14560946427285248,0.14560946427286225,false,false,true,2.1853202912671357,2.330929755539993,5.041,har__har__linf__0.01__model_har_int8_w352.bin
har,har,model_har_int8,linf,0.01,1,353,-11.720291813835502,11.641417628154159,-11.720291813835502,11.641417628154159,true,true,-0.11680854720995013,-0.11680854720995013,0.11680854720995014,0.11680854720995014,WRONG,WRONG,false,false,-0.11680854720995013,0.11680854720995014,false,false,true,0.0,0.11680854720994774,5.788,har__har__linf__0.01__model_har_int8_w353.bin
har,har,model_har_int8,linf,0.01,1,354,-14.55812047130894,14.618651826749556,-14.55812047130894,14.618651826749556,true,true,-14.618651826749556,-0.145883861490274,14.618651826749556,0.14285424785092626,WRONG,WRONG,false,false,-0.145883861490274,0.14588386149028043,false,false,true,0.6347372094282455,0.7806210709185388,5.124,har__har__linf__0.01__model_har_int8_w354.bin
har,har,model_har_int8,linf,0.01,1,355,-13.999558739364147,14.142632849514484,-13.999558739364147,14.142632849514484,true,true,-0.14071095794440416,-0.14071095794440416,0.14071095794440416,0.14071095794440416,WRONG,WRONG,false,false,-0.14071095794440416,0.14071095794440416,false,false,true,5.495603971894525e-15,0.14071095794439864,5.001,har__har__linf__0.01__model_har_int8_w355.bin
har,har,model_har_int8,linf,0.01,1,356,-14.051469075260684,13.884549277601764,-14.051469075260684,13.884549277601764,true,true,-13.884549277601764,-0.13968009176431684,13.884549277601764,0.13968009176431595,WRONG,WRONG,false,false,-0.13968009176431684,0.13968009176431595,false,false,true,3.07594015897742,3.215620250741731,4.871,har__har__linf__0.01__model_har_int8_w356.bin
har,har,model_har_int8,linf,0.01,1,357,-14.35959653928876,14.271550934761763,-14.35959653928876,14.271550934761763,true,true,-14.271550934761763,-0.14315573737025922,14.271550934761763,0.13863040149245087,WRONG,WRONG,false,false,-0.14315573737025922,0.1431557373702539,false,false,true,8.202451164612244,8.345606901982496,5.294,har__har__linf__0.01__model_har_int8_w357.bin
har,har,model_har_int8,linf,0.01,1,358,-14.00915500195697,14.177909087855369,-14.00915500195697,14.177909087855369,true,true,-14.177909087855369,-0.1370186236366847,14.177909087855369,0.1409353204490511,WRONG,WRONG,false,false,-0.14093532044905643,0.14093532044905732,false,false,true,0.9191682051944183,1.0561868288311078,5.566,har__har__linf__0.01__model_har_int8_w358.bin
har,har,model_har_int8,linf,0.01,1,359,-11.034983252349775,11.090011757973116,-11.034983252349775,11.090011757973116,true,true,-0.11062497505161122,-0.11062497505161122,0.1106249750516124,0.1106249750516124,WRONG,WRONG,false,false,-0.11062497505161122,0.1106249750516124,false,false,true,2.4980018054066022e-15,0.1106249750516171,5.694,har__har__linf__0.01__model_har_int8_w359.bin
har,har,model_har_int8,linf,0.01,1,360,-11.508967066416517,11.512635633349419,-11.508967066416517,11.512635633349419,true,true,-11.512635633349419,-0.11510801349882817,11.512635633349419,0.11471937216756307,WRONG,WRONG,false,false,-0.11510801349882817,0.11510801349882449,false,false,true,1.412281749879618e-15,0.11510801349883099,5.141,har__har__linf__0.01__model_har_int8_w360.bin
har,har,model_har_int8,linf,0.01,1,361,-14.80289575480856,14.876267090672627,-14.80289575480856,14.876267090672627,true,true,-14.876267090672627,-0.14839581422740888,14.876267090672627,0.14839581422741066,WRONG,WRONG,false,false,-0.14839581422740888,0.14839581422741066,false,false,true,2.862040861849171,3.0104366760765773,5.505,har__har__linf__0.01__model_har_int8_w361.bin
har,har,model_har_int8,linf,0.01,1,362,-11.661253296770155,11.631904761306942,-11.661253296770155,11.631904761306942,true,true,-0.11646579029037801,-0.11646579029037801,0.11646579029038093,0.11646579029038093,WRONG,WRONG,false,false,-0.11646579029037801,0.11646579029038093,false,false,true,0.0,0.11646579029038112,5.621,har__har__linf__0.01__model_har_int8_w362.bin
har,har,model_har_int8,linf,0.01,1,363,-11.599542209674837,11.63622787760687,-11.599542209674837,11.63622787760687,true,true,-0.11617885043640835,-0.11617885043640835,0.11617885043640934,0.11617885043640934,WRONG,WRONG,false,false,-0.11617885043640835,0.11617885043640934,false,false,true,0.0,0.1161788504364048,5.704,har__har__linf__0.01__model_har_int8_w363.bin
har,har,model_har_int8,linf,0.01,1,364,-14.149974140804261,14.324231076519936,-14.149974140804261,14.324231076519936,true,true,-0.1423710260866189,-0.1423710260866189,0.1423710260866189,0.1423710260866189,WRONG,WRONG,false,false,-0.1423710260866189,0.1423710260866189,false,false,true,0.0,0.14237102608661878,5.082,har__har__linf__0.01__model_har_int8_w364.bin
har,har,model_har_int8,linf,0.01,1,365,-11.493001955677755,11.436139169265516,-11.493001955677755,11.436139169265516,true,true,-0.11464570562471768,-0.11464570562471768,0.11464570562471815,0.11464570562471815,WRONG,WRONG,false,false,-0.11464570562471768,0.11464570562471815,false,false,true,3.83026943495679e-15,0.11464570562472054,5.624,har__har__linf__0.01__model_har_int8_w365.bin
har,har,model_har_int8,linf,0.01,1,366,-13.908900300739333,14.037300149677321,-13.908900300739333,14.037300149677321,true,true,-0.13973100225209745,-0.13973100225209745,0.13973100225209567,0.13973100225209567,WRONG,WRONG,false,false,-0.13973100225209745,0.13973100225209567,false,false,true,6.2450045135165055e-15,0.13973100225208798,5.176,har__har__linf__0.01__model_har_int8_w366.bin
har,har,model_har_int8,linf,0.01,1,367,-11.169844813761301,11.067124940571375,-11.169844813761301,11.067124940571375,true,true,-0.11118484877166475,-0.11118484877166475,0.11118484877166619,0.11118484877166619,WRONG,WRONG,false,false,-0.11118484877166475,0.11118484877166619,false,false,true,1.4779844015322396e-15,0.11118484877166512,5.439,har__har__linf__0.01__model_har_int8_w367.bin
har,har,model_har_int8,linf,0.01,1,368,-15.464878442930058,15.409849937306717,-15.464878442930058,15.409849937306717,true,true,-15.409849937306717,-0.15437364190118164,15.409849937306717,0.14445282146170646,WRONG,WRONG,false,false,-0.15437364190118164,0.15437364190118164,false,false,true,3.321801554856417,3.476175196757604,5.181,har__har__linf__0.01__model_har_int8_w368.bin
har,har,model_har_int8,linf,0.01,1,369,-11.386471108999103,11.358956856187433,-11.386471108999103,11.358956856187433,true,true,-0.113727139825933,-0.113727139825933,0.11372713982593374,0.11372713982593374,WRONG,WRONG,false,false,-0.113727139825933,0.11372713982593374,false,false,true,0.0,0.11372713982593197,5.905,har__har__linf__0.01__model_har_int8_w369.bin
har,har,model_har_int8,linf,0.01,1,370,-12.727892979979515,12.839784272015095,-12.727892979979515,12.839784272015095,true,true,-12.839784272015095,-0.1278383862599788,12.839784272015095,0.12782108638141,WRONG,WRONG,false,false,-0.1278383862599788,0.12783838625997124,false,false,true,2.3013952546477756,2.4292336409077473,5.165,har__har__linf__0.01__model_har_int8_w370.bin
har,har,model_har_int8,linf,0.01,1,371,-15.549829779192805,15.39024711959064,-15.549829779192805,15.39024711959064,true,true,-15.39024711959064,-0.15470038449393897,15.39024711959064,0.1543921691670338,WRONG,WRONG,false,false,-0.15470038449393897,0.15470038449392476,false,false,true,4.997379722358996,5.152080106852912,4.894,har__har__linf__0.01__model_har_int8_w371.bin
har,har,model_har_int8,linf,0.01,1,372,-9.265091605484486,9.252251621335745,-9.265091605484486,9.252251621335745,true,true,-0.09258671613409986,-0.09258671613409986,0.09258671613409897,0.09258671613409897,WRONG,WRONG,false,false,-0.09258671613409986,0.09258671613409897,false,false,true,0.0,0.09258671613410017,5.528,har__har__linf__0.01__model_har_int8_w372.bin
har,har,model_har_int8,linf,0.01,1,373,-10.515289385686629,10.469432298908941,-10.515289385686629,10.469432298908941,true,true,-0.10492360842297818,-0.10492360842297818,0.10492360842297649,0.10492360842297649,WRONG,WRONG,false,false,-0.10492360842297818,0.10492360842297649,false,false,true,0.0,0.10492360842297313,5.649,har__har__linf__0.01__model_har_int8_w373.bin
har,har,model_har_int8,linf,0.01,1,374,-11.033820491662482,10.945774887135485,-11.033820491662482,10.945774887135485,true,true,-0.10989797689399557,-0.10989797689399557,0.1098979768939951,0.1098979768939951,WRONG,WRONG,false,false,-0.10989797689399557,0.1098979768939951,false,false,true,1.27675647831893e-15,0.10989797689399095,5.608,har__har__linf__0.01__model_har_int8_w374.bin
har,har,model_har_int8,linf,0.01,1,375,-20.100024722516537,20.200910314917564,-20.100024722516537,20.200910314917564,true,true,-20.200910314917564,-0.19999198527156517,20.200910314917564,0.18270686043220496,WRONG,WRONG,false,false,-0.2015046751871541,0.20150467518713722,false,false,true,0.0,0.19999198527157647,6.265,har__har__linf__0.01__model_har_int8_w375.bin
har,har,model_har_int8,linf,0.01,1,376,-15.84779296303168,15.690044591668993,-15.84779296303168,15.690044591668993,true,true,-15.690044591668993,-0.15764811556700398,15.690044591668993,0.15768918777347984,WRONG,WRONG,false,false,-0.1576891877734976,0.1576891877734976,false,false,true,5.743003671159414,5.900651786726437,4.77,har__har__linf__0.01__model_har_int8_w376.bin
har,har,model_har_int8,linf,0.01,1,377,-16.400932217482477,16.512823509518057,-16.400932217482477,16.512823509518057,true,true,-16.512823509518057,-0.16456877863502317,16.512823509518057,0.16456877863502495,WRONG,WRONG,false,false,-0.16456877863502317,0.16456877863502495,false,false,true,3.9314331999840983,4.0960019786191015,3.891,har__har__linf__0.01__model_har_int8_w377.bin
har,har,model_har_int8,linf,0.01,1,378,-13.876715724822134,13.79967581992969,-13.876715724822134,13.79967581992969,true,true,-13.79967581992969,-0.13838195772376993,13.79967581992969,0.13838195772376993,WRONG,WRONG,false,false,-0.13838195772376993,0.13838195772376993,false,false,true,3.6259504051702653,3.7643323628940233,4.017,har__har__linf__0.01__model_har_int8_w378.bin
har,har,model_har_int8,linf,0.01,1,379,-14.089354621246457,13.882080586627126,-14.089354621246457,13.882080586627126,true,true,-13.882080586627126,-0.13985717603937342,13.882080586627126,0.1398571760393712,WRONG,WRONG,false,false,-0.13985717603937342,0.1398571760393712,false,false,true,3.9531777623118156,4.0930349383511775,3.698,har__har__linf__0.01__model_har_int8_w379.bin
har,har,model_har_int8,linf,0.01,1,380,-11.613568752538413,11.53286027861759,-11.613568752538413,11.53286027861759,true,true,-0.11573214515577145,-0.11573214515577145,0.11573214515577382,0.11573214515577382,WRONG,WRONG,false,false,-0.11573214515577145,0.11573214515577382,false,false,true,0.0,0.11573214515577612,4.482,har__har__linf__0.01__model_har_int8_w380.bin
har,har,model_har_int8,linf,0.01,1,381,-11.55506679811515,11.463352624559775,-11.55506679811515,11.463352624559775,true,true,-0.1150920971133737,-0.1150920971133737,0.1150920971133742,0.1150920971133742,WRONG,WRONG,false,false,-0.1150920971133737,0.1150920971133742,false,false,true,0.0,0.11509209711337415,4.668,har__har__linf__0.01__model_har_int8_w381.bin
har,har,model_har_int8,linf,0.01,1,382,-10.112289945362136,10.143472763476893,-10.112289945362136,10.143472763476893,true,true,-0.10127881354420376,-0.10127881354420376,0.1012788135442042,0.1012788135442042,WRONG,WRONG,false,false,-0.10127881354420376,0.1012788135442042,false,false,true,5.9119376061289586e-15,0.10127881354420012,3.797,har__har__linf__0.01__model_har_int8_w382.bin
har,har,model_har_int8,linf,0.01,1,383,-10.944260357995518,10.863551884074695,-10.944260357995518,10.863551884074695,true,true,-0.10903906121034722,-0.10903906121034722,0.10903906121034662,0.10903906121034662,WRONG,WRONG,false,false,-0.10903906121034722,0.10903906121034662,false,false,true,0.0,0.10903906121034954,4.293,har__har__linf__0.01__model_har_int8_w383.bin
har,har,model_har_int8,linf,0.01,1,384,-11.741147368913516,11.697124566650018,-11.741147368913516,11.697124566650018,true,true,-0.11719135967781592,-0.11719135967781592,0.11719135967781563,0.11719135967781563,WRONG,WRONG,false,false,-0.11719135967781592,0.11719135967781563,false,false,true,0.0,0.1171913596778158,4.175,har__har__linf__0.01__model_har_int8_w384.bin
har,har,model_har_int8,linf,0.01,1,385,-15.143672440201044,15.062963966280222,-15.143672440201044,15.062963966280222,true,true,-15.062963966280222,-0.14598985469845616,15.062963966280222,0.15030539149731892,WRONG,WRONG,false,false,-0.15103318203239624,0.15103318203239713,false,false,true,3.5992082623170036,3.7451981170154607,3.811,har__har__linf__0.01__model_har_int8_w385.bin
har,har,model_har_int8,linf,0.01,1,386,-11.112300277425675,11.119637411291478,-11.112300277425675,11.119637411291478,true,true,-0.11115968844358423,-0.11115968844358423,0.11115968844358537,0.11115968844358537,WRONG,WRONG,false,false,-0.11115968844358423,0.11115968844358537,false,false,true,0.0,0.11115968844358512,4.211,har__har__linf__0.01__model_har_int8_w386.bin
har,har,model_har_int8,linf,0.01,1,387,-10.93638082628604,10.912535140640102,-10.93638082628604,10.912535140640102,true,true,-0.10924457983463644,-0.10924457983463644,0.10924457983463516,0.10924457983463516,WRONG,WRONG,false,false,-0.10924457983463644,0.10924457983463516,false,false,true,5.268355196541563e-15,0.10924457983463591,4.478,har__har__linf__0.01__model_har_int8_w387.bin
har,har,model_har_int8,linf,0.01,1,388,-18.056162384804338,18.10935660591349,-18.056162384804338,18.10935660591349,true,true,-0.18082759495358314,-0.18082759495358314,0.18082759495358403,0.18082759495358403,WRONG,WRONG,false,false,-0.18082759495358314,0.18082759495358403,false,false,true,0.0,0.1808275949535853,3.75,har__har__linf__0.01__model_har_int8_w388.bin
har,har,model_har_int8,linf,0.01,1,389,-14.580738801509142,14.564230250194669,-14.580738801509142,14.564230250194669,true,true,-14.564230250194669,-0.14178857417866064,14.564230250194669,0.1457047344059399,WRONG,WRONG,false,false,-0.1457248452585107,0.1457248452585107,false,false,true,3.1890240684267055,3.3308126426053692,3.512,har__har__linf__0.01__model_har_int8_w389.bin
har,har,model_har_int8,linf,0.01,1,390,-15.557673579314724,15.693410551408306,-15.557673579314724,15.693410551408306,true,true,-15.693410551408306,-0.15538904507435114,15.693410551408306,0.14939132493165141,WRONG,WRONG,false,false,-0.15625542065361575,0.15625542065361575,false,false,true,0.7136862645387045,0.8690753096130607,3.698,har__har__linf__0.01__model_har_int8_w390.bin
har,har,model_har_int8,linf,0.01,1,391,-14.275198201648891,14.17798117827624,-14.275198201648891,14.17798117827624,true,true,-14.17798117827624,-0.14226589689959823,14.17798117827624,0.13836364223779718,WRONG,WRONG,false,false,-0.14226589689959823,0.14226589689960534,false,false,true,4.619017682432771,4.761283579332397,5.554,har__har__linf__0.01__model_har_int8_w391.bin
har,har,model_har_int8,linf,0.01,1,392,-10.832035414641723,10.84670968237333,-10.832035414641723,10.84670968237333,true,true,-0.1083937254850721,-0.1083937254850721,0.10839372548507176,0.10839372548507176,WRONG,WRONG,false,false,-0.1083937254850721,0.10839372548507176,false,false,true,1.1102230246251565e-16,0.10839372548507528,5.551,har__har__linf__0.01__model_har_int8_w392.bin
har,har,model_har_int8,linf,0.01,1,393,-15.531842055730522,15.487819253467023,-15.531842055730522,15.487819253467023,true,true,-15.487819253467023,-0.15452198528102246,15.487819253467023,0.1550983065460143,WRONG,WRONG,false,false,-0.15509830654600698,0.15509830654600876,false,false,true,1.439251828609647,1.593773813890645,5.73,har__har__linf__0.01__model_har_int8_w393.bin
har,har,model_har_int8,linf,0.01,1,394,-10.507186875096522,10.422809832147323,-10.507186875096522,10.422809832147323,true,true,-0.1046499835362191,-0.1046499835362191,0.10464998353621638,0.10464998353621638,WRONG,WRONG,false,false,-0.1046499835362191,0.10464998353621638,false,false,true,6.106226635438361e-16,0.10464998353621971,5.632,har__har__linf__0.01__model_har_int8_w394.bin
har,har,model_har_int8,linf,0.01,1,395,-11.065950887277722,10.981573844328523,-11.065950887277722,10.981573844328523,true,true,-0.11023762365803594,-0.11023762365803594,0.11023762365803515,0.11023762365803515,WRONG,WRONG,false,false,-0.11023762365803594,0.11023762365803515,false,false,true,0.0,0.11023762365802936,5.492,har__har__linf__0.01__model_har_int8_w395.bin
har,har,model_har_int8,linf,0.01,1,396,-11.606617540790467,11.549754754378228,-11.606617540790467,11.549754754378228,true,true,-0.11578186147585195,-0.11578186147585195,0.11578186147584951,0.11578186147584951,WRONG,WRONG,false,false,-0.11578186147585195,0.11578186147584951,false,false,true,3.1086244689504383e-15,0.11578186147584643,5.237,har__har__linf__0.01__model_har_int8_w396.bin
har,har,model_har_int8,linf,0.01,1,397,-15.826693042647094,15.758824556600302,-15.826693042647094,15.758824556600302,true,true,-15.758824556600302,-0.15792758799625162,15.758824556600302,0.14956688151368347,WRONG,WRONG,false,false,-0.15792758799625162,0.15792758799625162,false,false,true,4.520988316316263,4.6789159043125,4.822,har__har__linf__0.01__model_har_int8_w397.bin
har,har,model_har_int8,linf,0.01,1,398,-11.537163380387938,11.504146277758991,-11.537163380387938,11.504146277758991,true,true,-0.11520654829073229,-0.11520654829073229,0.11520654829073095,0.11520654829073095,WRONG,WRONG,false,false,-0.11520654829073229,0.11520654829073095,false,false,true,0.0,0.11520654829073285,5.551,har__har__linf__0.01__model_har_int8_w398.bin
har,har,model_har_int8,linf,0.01,1,399,-13.680545900482684,13.788768623489887,-13.680545900482684,13.788768623489887,true,true,-13.788768623489887,-0.13734657261985872,13.788768623489887,0.1369091166881472,WRONG,WRONG,false,false,-0.13734657261985872,0.1373465726198626,false,false,true,0.9477382622424269,1.0850848348622903,5.099,har__har__linf__0.01__model_har_int8_w399.bin
har,har,model_har_int8,linf,0.01,1,400,-13.881643636152148,13.960517821833491,-13.881643636152148,13.960517821833491,true,true,-13.960517821833491,-0.13823025856060944,13.960517821833491,0.13921080728994006,WRONG,WRONG,false,false,-0.13921080728993385,0.13921080728994184,false,false,true,4.8124667471507365,4.950697005711338,4.785,har__har__linf__0.01__model_har_int8_w400.bin
har,har,model_har_int8,linf,0.01,1,401,-14.074191853404045,14.099871821701527,-14.074191853404045,14.099871821701527,true,true,-14.099871821701527,-0.1408703183755322,14.099871821701527,0.14008799813802142,WRONG,WRONG,false,false,-0.1408703183755322,0.1408703183755291,false,false,true,2.2468490155853593,2.387719333960887,5.235,har__har__linf__0.01__model_har_int8_w401.bin
har,har,model_har_int8,linf,0.01,1,402,-9.071356465108693,8.99248227942735,-9.071356465108693,8.99248227942735,true,true,-0.09031919372268389,-0.09031919372268389,0.09031919372268446,0.09031919372268446,WRONG,WRONG,false,false,-0.09031919372268389,0.09031919372268446,false,false,true,3.635980405647388e-15,0.09031919372268282,5.566,har__har__linf__0.01__model_har_int8_w402.bin
har,har,model_har_int8,linf,0.01,1,403,-11.778922146942932,11.780756430409383,-11.778922146942932,11.780756430409383,true,true,-0.11779839288675545,-0.11779839288675545,0.11779839288675482,0.11779839288675482,WRONG,WRONG,false,false,-0.11779839288675545,0.11779839288675482,false,false,true,0.0,0.1177983928867565,5.546,har__har__linf__0.01__model_har_int8_w403.bin
har,har,model_har_int8,linf,0.01,1,404,-9.724347525509074,9.693164707394317,-9.724347525509074,9.693164707394317,true,true,-0.09708756116451954,-0.09708756116451954,0.09708756116452025,0.09708756116452025,WRONG,WRONG,false,false,-0.09708756116451954,0.09708756116452025,false,false,true,2.7807617319908218e-15,0.09708756116451978,5.642,har__har__linf__0.01__model_har_int8_w404.bin
har,har,model_har_int8,linf,0.01,1,405,-14.741910496726632,14.64836204238236,-14.741910496726632,14.64836204238236,true,true,-14.64836204238236,-0.14545570672776564,14.64836204238236,0.13747282049140086,WRONG,WRONG,false,false,-0.14695136269554965,0.14695136269554965,false,false,true,0.5134463742633982,0.6589020809911645,5.347,har__har__linf__0.01__model_har_int8_w405.bin
har,har,model_har_int8,linf,0.01,1,406,-11.614900779444724,11.666260716039687,-11.614900779444724,11.666260716039687,true,true,-0.1164058074774168,-0.1164058074774168,0.11640580747741947,0.11640580747741947,WRONG,WRONG,false,false,-0.1164058074774168,0.11640580747741947,false,false,true,0.0,0.11640580747741802,4.852,har__har__linf__0.01__model_har_int8_w406.bin
har,har,model_har_int8,linf,0.01,1,407,-13.991550881415606,14.182316366583109,-13.991550881415606,14.182316366583109,true,true,-14.182316366583109,-0.14086933623997644,14.182316366583109,0.13794719839853342,WRONG,WRONG,false,false,-0.14086933623997644,0.14086933623997488,false,false,true,1.8385588610930368,1.9794281973330305,4.97,har__har__linf__0.01__model_har_int8_w407.bin
har,har,model_har_int8,linf,0.01,1,408,-16.580407616100274,16.576739049167372,-16.580407616100274,16.576739049167372,true,true,-16.576739049167372,-0.16578573332631602,16.576739049167372,0.1625893056057262,WRONG,WRONG,false,false,-0.16578573332631602,0.1657857333263273,false,false,true,0.2186106413814971,0.38439637470783417,5.636,har__har__linf__0.01__model_har_int8_w408.bin
har,har,model_har_int8,linf,0.01,1,409,-23.635424323379993,23.817018382251263,-23.635424323379993,23.817018382251263,true,true,-23.817018382251263,-0.16577005328467465,23.817018382251263,0.23690596876959957,WRONG,WRONG,false,false,-0.237262213528167,0.23726221352819854,false,false,true,2.386315182939011,2.5520852362236774,5.291,har__har__linf__0.01__model_har_int8_w409.bin
har,har,model_har_int8,linf,0.01,1,410,-13.709154064534232,13.61377132195048,-13.709154064534232,13.61377132195048,true,true,-13.61377132195048,-0.13661462693239113,13.61377132195048,0.13661462693239068,WRONG,WRONG,false,false,-0.13661462693239113,0.13661462693239068,false,false,true,2.9645601504790333,3.101174777411458,4.777,har__har__linf__0.01__model_har_int8_w410.bin
har,har,model_har_int8,linf,0.01,1,411,-11.15357169561321,11.204931632208172,-11.15357169561321,11.204931632208172,true,true,-0.11179251663911034,-0.11179251663911034,0.11179251663911073,0.11179251663911073,WRONG,WRONG,false,false,-0.11179251663911034,0.11179251663911073,false,false,true,0.0,0.11179251663910676,5.515,har__har__linf__0.01__model_har_int8_w411.bin
har,har,model_har_int8,linf,0.01,1,412,-11.485863521054853,11.55923485691892,-11.485863521054853,11.55923485691892,true,true,-0.11522549188986131,-0.11522549188986131,0.115225491889859,0.115225491889859,WRONG,WRONG,false,false,-0.11522549188986131,0.115225491889859,false,false,true,0.0,0.11522549188986708,5.456,har__har__linf__0.01__model_har_int8_w412.bin
har,har,model_har_int8,linf,0.01,1,413,-14.102149952203035,14.160847023129463,-14.102149952203035,14.160847023129463,true,true,-14.160847023129463,-0.1334492704542506,14.160847023129463,0.13502168033630063,WRONG,WRONG,false,false,-0.14131498487668548,0.14131498487668415,false,false,true,0.3224001111591068,0.45584938161333954,5.046,har__har__linf__0.01__model_har_int8_w413.bin
har,har,model_har_int8,linf,0.01,1,414,-15.920853463932872,15.816299309954047,-15.920853463932872,15.816299309954047,true,true,-15.816299309954047,-0.15608006833222987,15.816299309954047,0.1572008167555048,WRONG,WRONG,false,false,-0.15868576386942745,0.15868576386942568,false,false,true,1.7259545856963143,1.8820346540285473,5.178,har__har__linf__0.01__model_har_int8_w414.bin
har,har,model_har_int8,linf,0.01,1,415,-11.438696426979732,11.374496502510738,-11.438696426979732,11.374496502510738,true,true,-0.1140659646474491,-0.1140659646474491,0.11406596464744938,0.11406596464744938,WRONG,WRONG,false,false,-0.1140659646474491,0.11406596464744938,false,false,true,7.771561172376096e-16,0.1140659646474532,5.567,har__har__linf__0.01__model_har_int8_w415.bin
har,har,model_har_int8,linf,0.01,1,416,-15.757904497906566,15.922990007326007,-15.757904497906566,15.922990007326007,true,true,-15.922990007326007,-0.15660125031005911,15.922990007326007,0.15840447252615508,WRONG,WRONG,false,false,-0.1584044725261613,0.1584044725261613,false,false,true,3.74349501862943,3.9000962689394925,5.014,har__har__linf__0.01__model_har_int8_w416.bin
har,har,model_har_int8,linf,0.01,1,417,-13.48642564448528,13.367197221843526,-13.48642564448528,13.367197221843526,true,true,-13.367197221843526,-0.13426811433164643,13.367197221843526,0.1320374184561186,WRONG,WRONG,false,false,-0.13426811433164643,0.13426811433163977,false,false,true,3.5713050718823607,3.705573186214004,4.859,har__har__linf__0.01__model_har_int8_w417.bin
har,har,model_har_int8,linf,0.01,1,418,-14.247450324939564,14.440050083445385,-14.247450324939564,14.440050083445385,true,true,-14.440050083445385,-0.14310216150942878,14.440050083445385,0.14343750204192007,WRONG,WRONG,false,false,-0.14343750204191608,0.14343750204191696,false,false,true,2.1158920687239977,2.258994230233429,4.976,har__har__linf__0.01__model_har_int8_w418.bin
har,har,model_har_int8,linf,0.01,1,419,-15.092245833482593,15.149108619894832,-15.092245833482593,15.149108619894832,true,true,-0.15120677226689128,-0.15120677226689128,0.15120677226688706,0.15120677226688706,WRONG,WRONG,false,false,-0.15120677226689128,0.15120677226688706,false,false,true,4.28129753871076e-15,0.1512067722668916,5.319,har__har__linf__0.01__model_har_int8_w419.bin
har,har,model_har_int8,linf,0.01,1,420,-15.956389474216849,16.06461219722405,-15.956389474216849,16.06461219722405,true,true,-16.06461219722405,-0.15396736678053569,16.06461219722405,0.16010500835720154,WRONG,WRONG,false,false,-0.1601050083572031,0.16010500835719998,false,false,true,1.7276722547885237,1.8816396215690636,3.672,har__har__linf__0.01__model_har_int8_w420.bin
har,har,model_har_int8,linf,0.01,1,421,-14.686740475473925,14.822477447567508,-14.686740475473925,14.822477447567508,true,true,-14.822477447567508,-0.14754608961519677,14.822477447567508,0.1475460896151981,WRONG,WRONG,false,false,-0.14754608961519677,0.1475460896151981,false,false,true,1.0838296000498784,1.231375689665086,3.638,har__har__linf__0.01__model_har_int8_w421.bin
har,har,model_har_int8,linf,0.01,1,422,-10.625193213112652,10.594010394997895,-10.625193213112652,10.594010394997895,true,true,-0.10609601804055169,-0.10609601804055169,0.10609601804055169,0.10609601804055169,WRONG,WRONG,false,false,-0.10609601804055169,0.10609601804055169,false,false,true,0.0,0.10609601804055285,3.326,har__har__linf__0.01__model_har_int8_w422.bin
har,har,model_har_int8,linf,0.01,1,423,-13.940684529021382,14.004884453490376,-13.940684529021382,14.004884453490376,true,true,-14.004884453490376,-0.13848333642911004,14.004884453490376,0.13972784491255652,WRONG,WRONG,false,false,-0.13972784491258627,0.13972784491258672,false,false,true,1.224205148815469,1.3626884852445416,3.692,har__har__linf__0.01__model_har_int8_w423.bin
har,har,model_har_int8,linf,0.01,1,424,-13.744689335348085,13.845574927749112,-13.744689335348085,13.845574927749112,true,true,-0.13795132131550503,-0.13795132131550503,0.13795132131550503,0.13795132131550503,WRONG,WRONG,false,false,-0.13795132131550503,0.13795132131550503,false,false,true,1.099120794378905e-14,0.13795132131549645,3.773,har__har__linf__0.01__model_har_int8_w424.bin
har,har,model_har_int8,linf,0.01,1,425,-11.442906103096902,11.455746087245643,-11.442906103096902,11.455746087245643,true,true,-0.11449326095170913,-0.11449326095170913,0.11449326095170914,0.11449326095170914,WRONG,WRONG,false,false,-0.11449326095170913,0.11449326095170914,false,false,true,4.121702978920894e-15,0.11449326095171641,4.091,har__har__linf__0.01__model_har_int8_w425.bin
har,har,model_har_int8,linf,0.01,1,426,-11.078717830387177,11.001677925494732,-11.078717830387177,11.001677925494732,true,true,-0.11040197877940382,-0.11040197877940382,0.11040197877940883,0.11040197877940883,WRONG,WRONG,false,false,-0.11040197877940382,0.11040197877940883,false,false,true,0.0,0.11040197877940466,4.334,har__har__linf__0.01__model_har_int8_w426.bin
har,har,model_har_int8,linf,0.01,1,427,-11.693056761432672,11.65270252447226,-11.693056761432672,11.65270252447226,true,true,-0.11672879642952244,-0.11672879642952244,0.11672879642952366,0.11672879642952366,WRONG,WRONG,false,false,-0.11672879642952244,0.11672879642952366,false,false,true,0.0,0.11672879642952327,4.227,har__har__linf__0.01__model_har_int8_w427.bin
har,har,model_har_int8,linf,0.01,1,428,-19.22661775466986,19.288983390899375,-19.22661775466986,19.288983390899375,true,true,-0.19257800572784678,-0.19257800572784678,0.19257800572785033,0.19257800572785033,WRONG,WRONG,false,false,-0.19257800572784678,0.19257800572785033,false,false,true,2.3175905639050143e-15,0.19257800572784856,3.92,har__har__linf__0.01__model_har_int8_w428.bin
har,har,model_har_int8,linf,0.01,1,429,-16.253869775682688,16.400612447410822,-16.253869775682688,16.400612447410822,true,true,-0.16327241111549284,-0.16327241111549284,0.16327241111549554,0.16327241111549554,WRONG,WRONG,false,false,-0.16327241111549284,0.16327241111549554,false,false,true,1.759703494030873e-14,0.1632724111154847,4.06,har__har__linf__0.01__model_har_int8_w429.bin
har,har,model_har_int8,linf,0.01,1,430,-11.231578846025513,11.222407429042505,-11.231578846025513,11.222407429042505,true,true,-0.11226993137533231,-0.11226993137533231,0.11226993137533221,0.11226993137533221,WRONG,WRONG,false,false,-0.11226993137533231,0.11226993137533221,false,false,true,0.0,0.1122699313753327,4.255,har__har__linf__0.01__model_har_int8_w430.bin
har,har,model_har_int8,linf,0.01,1,431,-13.864090542076156,13.856753408210352,-13.864090542076156,13.856753408210352,true,true,-13.856753408210352,-0.13853252048056763,13.856753408210352,0.13860421975142917,WRONG,WRONG,false,false,-0.13860421975143478,0.1386042197514339,false,false,true,0.3012763606015567,0.4398088810821268,4.002,har__har__linf__0.01__model_har_int8_w431.bin
har,har,model_har_int8,linf,0.01,1,432,-14.677991903445218,14.679826186911669,-14.677991903445218,14.679826186911669,true,true,-14.679826186911669,-0.14485218972749747,14.679826186911669,0.1380908705246391,WRONG,WRONG,false,false,-0.14678909045177946,0.14678909045178123,false,false,true,3.255091177246139,3.399943366973638,3.627,har__har__linf__0.01__model_har_int8_w432.bin
har,har,model_har_int8,linf,0.01,1,433,-9.159573031589389,9.203595833852887,-9.159573031589389,9.203595833852887,true,true,-0.09181584432720724,-0.09181584432720724,0.09181584432720724,0.09181584432720724,WRONG,WRONG,false,false,-0.09181584432720724,0.09181584432720724,false,false,true,0.0,0.09181584432720807,3.675,har__har__linf__0.01__model_har_int8_w433.bin
har,har,model_har_int8,linf,0.01,1,434,-15.953330433694646,15.846941991476342,-15.953330433694646,15.846941991476342,true,true,-15.846941991476342,-0.15890119778554102,15.846941991476342,0.15900136212585947,WRONG,WRONG,false,false,-0.1590013621258528,0.15900136212585103,false,false,true,1.2980935599821628,1.456994757767697,3.647,har__har__linf__0.01__model_har_int8_w434.bin
har,har,model_har_int8,linf,0.01,1,435,-11.00417680258397,10.950982581474818,-11.00417680258397,10.950982581474818,true,true,-0.10977579692027586,-0.10977579692027586,0.10977579692027524,0.10977579692027524,WRONG,WRONG,false,false,-0.10977579692027586,0.10977579692027524,false,false,true,0.0,0.10977579692027833,5.43,har__har__linf__0.01__model_har_int8_w435.bin
har,har,model_har_int8,linf,0.01,1,436,-11.196806764317444,11.250000985426595,-11.196806764317444,11.250000985426595,true,true,-0.11223403874871442,-0.11223403874871442,0.1122340387487141,0.1122340387487141,WRONG,WRONG,false,false,-0.11223403874871442,0.1122340387487141,false,false,true,0.0,0.11223403874871607,5.415,har__har__linf__0.01__model_har_int8_w436.bin
har,har,model_har_int8,linf,0.01,1,437,-15.870407469570637,16.037327267229557,-15.870407469570637,16.037327267229557,true,true,-16.037327267229557,-0.15953867368399813,16.037327267229557,0.15761321679677012,WRONG,WRONG,false,false,-0.15953867368399813,0.1595386736839961,false,false,true,0.0,0.1595386736839977,5.199,har__har__linf__0.01__model_har_int8_w437.bin
har,har,model_har_int8,linf,0.01,1,438,-13.332300127891358,13.330465844424907,-13.332300127891358,13.330465844424907,true,true,-13.330465844424907,-0.13331382986157392,13.330465844424907,0.12287760945975057,WRONG,WRONG,false,false,-0.13331382986157392,0.13331382986156193,false,false,true,2.337791863905342,2.4711056937669236,5.081,har__har__linf__0.01__model_har_int8_w438.bin
har,har,model_har_int8,linf,0.01,1,439,-13.342119312146679,13.303599359700456,-13.342119312146679,13.303599359700456,true,true,-13.303599359700456,-0.13322859335927184,13.303599359700456,0.12731438355628932,WRONG,WRONG,false,false,-0.13322859335927184,0.13322859335926207,false,false,true,1.1452703346300583,1.2784989279892929,3.666,har__har__linf__0.01__model_har_int8_w439.bin
har,har,model_har_int8,linf,0.01,1,440,-14.980482637998648,14.914448432740755,-14.980482637998648,14.914448432740755,true,true,-14.914448432740755,-0.14196021681432258,14.914448432740755,0.14778376377360924,WRONG,WRONG,false,false,-0.14947465535370075,0.14947465535370252,false,false,true,1.4796954968431306,1.6216557136574536,3.801,har__har__linf__0.01__model_har_int8_w440.bin
har,har,model_har_int8,linf,0.01,1,441,-12.513330843066797,12.491319441935048,-12.513330843066797,12.491319441935048,true,true,-12.491319441935048,-0.12502325142500204,12.491319441935048,0.12390200164503556,WRONG,WRONG,false,false,-0.12502325142500204,0.1250232514250076,false,false,true,0.9178135498601088,1.0428368012851177,3.514,har__har__linf__0.01__model_har_int8_w441.bin
har,har,model_har_int8,linf,0.01,1,442,-13.55507126962766,13.501877048518509,-13.55507126962766,13.501877048518509,true,true,-13.501877048518509,-0.13227900909237045,13.501877048518509,0.1352847415907319,WRONG,WRONG,false,false,-0.13528474159073411,0.1352847415907359,false,false,true,2.4253427494587343,2.557621758551107,3.399,har__har__linf__0.01__model_har_int8_w442.bin
har,har,model_har_int8,linf,0.01,1,443,-9.185945586767048,9.299671159591526,-9.185945586767048,9.299671159591526,true,true,-0.09242808373179479,-0.09242808373179479,0.09242808373179345,0.09242808373179345,WRONG,WRONG,false,false,-0.09242808373179479,0.09242808373179345,false,false,true,2.4424906541753444e-15,0.09242808373179501,3.718,har__har__linf__0.01__model_har_int8_w443.bin
har,har,model_har_int8,linf,0.01,1,444,-14.884018680080771,14.990407122299075,-14.884018680080771,14.990407122299075,true,true,-14.990407122299075,-0.14937212901192254,14.990407122299075,0.13877007698197286,WRONG,WRONG,false,false,-0.14937212901192254,0.14937212901191366,false,false,true,2.9782138034568906,3.1275859324687896,4.072,har__har__linf__0.01__model_har_int8_w444.bin
har,har,model_har_int8,linf,0.01,1,445,-12.068125081219478,12.079130781785352,-12.068125081219478,12.079130781785352,true,true,-0.12073627931501757,-0.12073627931501757,0.12073627931501929,0.12073627931501929,WRONG,WRONG,false,false,-0.12073627931501757,0.12073627931501929,false,false,true,0.0,0.1207362793150186,4.199,har__har__linf__0.01__model_har_int8_w445.bin
har,har,model_har_int8,linf,0.01,1,446,-14.343573760706931,14.411442246753722,-14.343573760706931,14.411442246753722,true,true,-14.411442246753722,-0.14368768436964707,14.411442246753722,0.14115364456053792,WRONG,WRONG,false,false,-0.1437750800372921,0.14377508003729567,false,false,true,2.5500229529216547,2.693710637291309,3.838,har__har__linf__0.01__model_har_int8_w446.bin
har,har,model_har_int8,linf,0.01,1,447,-11.632313440786675,11.586456354008988,-11.632313440786675,11.586456354008988,true,true,-0.11609384897398253,-0.11609384897398253,0.11609384897398205,0.11609384897398205,WRONG,WRONG,false,false,-0.11609384897398253,0.11609384897398205,false,false,true,4.9682480351975755e-15,0.1160938489739834,4.373,har__har__linf__0.01__model_har_int8_w447.bin
har,har,model_har_int8,linf,0.01,1,448,-14.23506947234273,14.356132183223963,-14.23506947234273,14.356132183223963,true,true,-0.14295600827784494,-0.14295600827784494,0.14295600827784405,0.14295600827784405,WRONG,WRONG,false,false,-0.14295600827784494,0.14295600827784405,false,false,true,7.438494264988549e-15,0.1429560082778396,3.893,har__har__linf__0.01__model_har_int8_w448.bin
har,har,model_har_int8,linf,0.01,1,449,-15.010617376305163,14.983103123493493,-15.010617376305163,14.983103123493493,true,true,-14.983103123493493,-0.14978924487304202,14.983103123493493,0.148239082517152,WRONG,WRONG,false,false,-0.14996860249899324,0.14996860249899413,false,false,true,2.157221230990331,2.307010475863371,3.714,har__har__linf__0.01__model_har_int8_w449.bin
har,har,model_har_int8,linf,0.01,1,450,-11.586693632882088,11.63988785399124,-11.586693632882088,11.63988785399124,true,true,-0.11613290743436638,-0.11613290743436638,0.11613290743436412,0.11613290743436412,WRONG,WRONG,false,false,-0.11613290743436638,0.11613290743436412,false,false,true,2.42861286636753e-16,0.11613290743436741,4.232,har__har__linf__0.01__model_har_int8_w450.bin
har,har,model_har_int8,linf,0.01,1,451,-14.766954051330686,14.728434098884463,-14.766954051330686,14.728434098884463,true,true,-14.728434098884463,-0.12413862082953497,14.728434098884463,0.14556419594850323,WRONG,WRONG,false,false,-0.1474769407510763,0.1474769407510781,false,false,true,1.8191164131858482,1.9432550340153814,3.934,har__har__linf__0.01__model_har_int8_w451.bin
har,har,model_har_int8,linf,0.01,1,452,-17.370120265637524,17.366451698704623,-17.370120265637524,17.366451698704623,true,true,-0.17368285982170306,-0.17368285982170306,0.17368285982170306,0.17368285982170306,WRONG,WRONG,false,false,-0.17368285982170306,0.17368285982170306,false,false,true,0.0,0.17368285982170653,3.797,har__har__linf__0.01__model_har_int8_w452.bin
har,har,model_har_int8,linf,0.01,1,453,-10.714323827036424,10.644621052750153,-10.714323827036424,10.644621052750153,true,true,-0.1067947243989401,-0.1067947243989401,0.10679472439893953,0.10679472439893953,WRONG,WRONG,false,false,-0.1067947243989401,0.10679472439893953,false,false,true,4.052314039881821e-15,0.10679472439893706,4.129,har__har__linf__0.01__model_har_int8_w453.bin
har,har,model_har_int8,linf,0.01,1,454,-9.686017946572974,9.700692214304581,-9.686017946572974,9.700692214304581,true,true,-0.09693355080439567,-0.09693355080439567,0.09693355080439435,0.09693355080439435,WRONG,WRONG,false,false,-0.09693355080439567,0.09693355080439435,false,false,true,3.977720930414819e-15,0.09693355080439167,4.197,har__har__linf__0.01__model_har_int8_w454.bin
har,har,model_har_int8,linf,0.01,1,455,-15.076563274487853,15.02520333789289,-15.076563274487853,15.02520333789289,true,true,-15.02520333789289,-0.15050883306191531,15.02520333789289,0.13918325190655412,WRONG,WRONG,false,false,-0.15050883306191531,0.150508833061906,false,false,true,1.2764191123266615,1.4269279453885644,3.861,har__har__linf__0.01__model_har_int8_w455.bin
har,har,model_har_int8,linf,0.01,1,456,-12.178405623883009,12.125211402773857,-12.178405623883009,12.125211402773857,true,true,-0.12151808513329039,-0.12151808513329039,0.12151808513329079,0.12151808513329079,WRONG,WRONG,false,false,-0.12151808513329039,0.12151808513329079,false,false,true,1.3322676295501878e-15,0.12151808513328549,4.151,har__har__linf__0.01__model_har_int8_w456.bin
har,har,model_har_int8,linf,0.01,1,457,-10.024946500663646,10.070803587441333,-10.024946500663646,10.070803587441333,true,true,-0.10047875044052379,-0.10047875044052379,0.10047875044052423,0.10047875044052423,WRONG,WRONG,false,false,-0.10047875044052379,0.10047875044052423,false,false,true,0.0,0.10047875044052523,3.496,har__har__linf__0.01__model_har_int8_w457.bin
har,har,model_har_int8,linf,0.01,1,458,-18.781277982052416,18.909677830990404,-18.781277982052416,18.909677830990404,true,true,-18.909677830990404,-0.18839530293100726,18.909677830990404,0.1742934175968225,WRONG,WRONG,false,false,-0.1884547790652107,0.1884547790652107,false,false,true,6.1068299540866455,6.295225257017647,3.397,har__har__linf__0.01__model_har_int8_w458.bin
har,har,model_har_int8,linf,0.01,1,459,-16.736141443252563,16.745312860235572,-16.736141443252563,16.745312860235572,true,true,-0.16740727151743418,-0.16740727151743418,0.16740727151743,0.16740727151743,WRONG,WRONG,false,false,-0.16740727151743418,0.16740727151743,false,false,true,0.0,0.16740727151743548,4.014,har__har__linf__0.01__model_har_int8_w459.bin
har,har,model_har_int8,linf,0.01,1,460,-14.69700150960125,14.619961604708806,-14.69700150960125,14.619961604708806,true,true,-14.619961604708806,-0.14628097242389781,14.619961604708806,0.1465848155715288,WRONG,WRONG,false,false,-0.1465848155715408,0.14658481557154257,false,false,true,2.4704428023771556,2.6167237748010717,3.613,har__har__linf__0.01__model_har_int8_w460.bin
har,har,model_har_int8,linf,0.01,1,461,-14.737580706714652,14.605512296198867,-14.737580706714652,14.605512296198867,true,true,-14.605512296198867,-0.14670414380189944,14.605512296198867,0.1430538888275925,WRONG,WRONG,false,false,-0.14670414380189944,0.14671546501457566,false,false,true,3.6798868248484324,3.826590968650337,3.754,har__har__linf__0.01__model_har_int8_w461.bin
har,har,model_har_int8,linf,0.01,1,462,-16.208450586069375,16.221290570218116,-16.208450586069375,16.221290570218116,true,true,-16.221290570218116,-0.16214870578144147,16.221290570218116,0.16214870578144058,WRONG,WRONG,false,false,-0.16214870578144147,0.16214870578144058,false,false,true,5.856003208389049,6.018151914170487,3.579,har__har__linf__0.01__model_har_int8_w462.bin
har,har,model_har_int8,linf,0.01,1,463,-15.273064734530635,15.300578987342305,-15.273064734530635,15.300578987342305,true,true,-15.300578987342305,-0.15286821860936772,15.300578987342305,0.15286821860935795,WRONG,WRONG,false,false,-0.15286821860936772,0.15286821860935795,false,false,true,5.2305071901237605,5.383375408733128,3.505,har__har__linf__0.01__model_har_int8_w463.bin
har,har,model_har_int8,linf,0.01,1,464,-15.219522167928517,15.314904910512269,-15.219522167928517,15.314904910512269,true,true,-15.314904910512269,-0.15267213539221203,15.314904910512269,0.15267213539221292,WRONG,WRONG,false,false,-0.15267213539221203,0.15267213539221292,false,false,true,1.9516243614256599,2.1042964968178635,4.248,har__har__linf__0.01__model_har_int8_w464.bin
har,har,model_har_int8,linf,0.01,1,465,-18.093434483977035,18.010891729267314,-18.093434483977035,18.010891729267314,true,true,-0.1805216310662399,-0.1805216310662399,0.18052163106624255,0.18052163106624255,WRONG,WRONG,false,false,-0.1805216310662399,0.18052163106624255,false,false,true,7.882583474838611e-15,0.1805216310662306,3.888,har__har__linf__0.01__model_har_int8_w465.bin
har,har,model_har_int8,linf,0.01,1,466,-11.451473748660646,11.400113812065683,-11.451473748660646,11.400113812065683,true,true,-11.400113812065683,-0.11425793780362752,11.400113812065683,0.11416389404569516,WRONG,WRONG,false,false,-0.11425793780362752,0.11425793780362703,false,false,true,0.0,0.11425793780363025,3.766,har__har__linf__0.01__model_har_int8_w466.bin
har,har,model_har_int8,linf,0.01,1,467,-15.27970590419136,15.492482788627967,-15.27970590419136,15.492482788627967,true,true,-0.15386094346409696,-0.15386094346409696,0.15386094346409696,0.15386094346409696,WRONG,WRONG,false,false,-0.15386094346409696,0.15386094346409696,false,false,true,1.096345236817342e-15,0.15386094346409718,4.023,har__har__linf__0.01__model_har_int8_w467.bin
har,har,model_har_int8,linf,0.01,1,468,-15.269503654912114,15.328200725838542,-15.269503654912114,15.328200725838542,true,true,-15.328200725838542,-0.15298852190374923,15.328200725838542,0.14417489455345445,WRONG,WRONG,false,false,-0.15298852190374923,0.15298852190374213,false,false,true,2.59791818929623,2.7509067111999843,3.632,har__har__linf__0.01__model_har_int8_w468.bin
har,har,model_har_int8,linf,0.01,1,469,-16.00112718436867,16.103847057558596,-16.00112718436867,16.103847057558596,true,true,-16.103847057558596,-0.1605248712096321,16.103847057558596,0.16052487120962677,WRONG,WRONG,false,false,-0.1605248712096321,0.16052487120962677,false,false,true,4.186620187859154,4.347145059068788,3.82,har__har__linf__0.01__model_har_int8_w469.bin
har,har,model_har_int8,linf,0.01,1,470,-11.198581194505095,11.174735508859158,-11.198581194505095,11.174735508859158,true,true,-0.1118665835168215,-0.1118665835168215,0.11186658351682259,0.11186658351682259,WRONG,WRONG,false,false,-0.1118665835168215,0.11186658351682259,false,false,true,0.0,0.11186658351681875,4.235,har__har__linf__0.01__model_har_int8_w470.bin
har,har,model_har_int8,linf,0.01,1,471,-11.469572637230158,11.519098289310932,-11.469572637230158,11.519098289310932,true,true,-0.11494335463270756,-0.11494335463270756,0.11494335463270539,0.11494335463270539,WRONG,WRONG,false,false,-0.11494335463270756,0.11494335463270539,false,false,true,4.718447854656915e-15,0.11494335463271008,4.092,har__har__linf__0.01__model_har_int8_w471.bin
har,har,model_har_int8,linf,0.01,1,472,-11.91349170904141,11.893314590561204,-11.91349170904141,11.893314590561204,true,true,-0.11903403149801407,-0.11903403149801407,0.11903403149801481,0.11903403149801481,WRONG,WRONG,false,false,-0.11903403149801407,0.11903403149801481,false,false,true,2.6367796834847468e-15,0.11903403149801528,4.161,har__har__linf__0.01__model_har_int8_w472.bin
har,har,model_har_int8,linf,0.01,1,473,-17.587513277307153,17.45177630521357,-17.587513277307153,17.45177630521357,true,true,-17.45177630521357,-0.17048317302759566,17.45177630521357,0.17517498804601053,WRONG,WRONG,false,false,-0.17519644791260447,0.17519644791260092,false,false,true,7.216449660063518e-15,0.17048317302759336,4.479,har__har__linf__0.01__model_har_int8_w473.bin
har,har,model_har_int8,linf,0.01,1,474,-15.513241462409496,15.63246988505125,-15.513241462409496,15.63246988505125,true,true,-15.63246988505125,-0.15572855673731612,15.63246988505125,0.15439978665751575,WRONG,WRONG,false,false,-0.15572855673731612,0.1557285567373139,false,false,true,2.65034946317667,2.806078019913973,3.832,har__har__linf__0.01__model_har_int8_w474.bin
har,har,model_har_int8,linf,0.01,1,475,-14.87846049387008,14.828934841789305,-14.87846049387008,14.828934841789305,true,true,-0.14853697667830534,-0.14853697667830534,0.14853697667830357,0.14853697667830357,WRONG,WRONG,false,false,-0.14853697667830534,0.14853697667830357,false,false,true,3.5041414214731503e-15,0.14853697667830004,3.875,har__har__linf__0.01__model_har_int8_w475.bin
har,har,model_har_int8,linf,0.01,1,476,-8.756864032242447,8.839406786952168,-8.756864032242447,8.839406786952168,true,true,-0.08798135409596863,-0.08798135409596863,0.0879813540959713,0.0879813540959713,WRONG,WRONG,false,false,-0.08798135409596863,0.0879813540959713,false,false,true,0.0,0.0879813540959691,3.809,har__har__linf__0.01__model_har_int8_w476.bin
har,har,model_har_int8,linf,0.01,1,477,-14.253290634369478,14.308319139992818,-14.253290634369478,14.308319139992818,true,true,-14.308319139992818,-0.14268260727499105,14.308319139992818,0.14264580711485292,WRONG,WRONG,false,false,-0.14280804887180842,0.1428080488717971,false,false,true,0.5806596121052413,0.7233422193802422,3.91,har__har__linf__0.01__model_har_int8_w477.bin
har,har,model_har_int8,linf,0.01,1,478,-15.296668517403305,15.170102956704795,-15.296668517403305,15.170102956704795,true,true,-15.170102956704795,-0.15233385737056349,15.170102956704795,0.15118942294995286,WRONG,WRONG,false,false,-0.15233385737056349,0.15233385737055016,false,false,true,4.547966269627916,4.700300126998455,3.493,har__har__linf__0.01__model_har_int8_w478.bin
har,har,model_har_int8,linf,0.01,1,479,-10.684907076065429,10.756444131140597,-10.684907076065429,10.756444131140597,true,true,-0.10720675603603355,-0.10720675603603355,0.10720675603603048,0.10720675603603048,WRONG,WRONG,false,false,-0.10720675603603355,0.10720675603603048,false,false,true,5.259681579161679e-15,0.10720675603603547,4.218,har__har__linf__0.01__model_har_int8_w479.bin
har,har,model_har_int8,linf,0.01,1,480,-14.96104249265045,15.023408128879964,-14.96104249265045,15.023408128879964,true,true,-15.023408128879964,-0.1478377728663478,15.023408128879964,0.1495026137773081,WRONG,WRONG,false,false,-0.14992225310766294,0.14992225310766116,false,false,true,4.286666213214338,4.43450398608067,3.845,har__har__linf__0.01__model_har_int8_w480.bin
har,har,model_har_int8,linf,0.01,1,481,-14.980934933759272,14.905729309655726,-14.980934933759272,14.905729309655726,true,true,-14.905729309655726,-0.14627545734930092,14.905729309655726,0.14200802410305668,WRONG,WRONG,false,false,-0.14943332121707442,0.14943332121707087,false,false,true,0.9145649812701189,1.0608404386194192,4.435,har__har__linf__0.01__model_har_int8_w481.bin
har,har,model_har_int8,linf,0.01,1,482,-11.78078792418819,11.72392513777595,-11.78078792418819,11.72392513777595,true,true,-0.1175235653098147,-0.1175235653098147,0.11752356530981624,0.11752356530981624,WRONG,WRONG,false,false,-0.1175235653098147,0.11752356530981624,false,false,true,0.0,0.11752356530981772,4.173,har__har__linf__0.01__model_har_int8_w482.bin
har,har,model_har_int8,linf,0.01,1,483,-11.261257467966061,11.292440286080819,-11.261257467966061,11.292440286080819,true,true,-0.11276848877023182,-0.11276848877023182,0.11276848877023025,0.11276848877023025,WRONG,WRONG,false,false,-0.11276848877023182,0.11276848877023025,false,false,true,1.3322676295501878e-15,0.1127684887702357,4.13,har__har__linf__0.01__model_har_int8_w483.bin
har,har,model_har_int8,linf,0.01,1,484,-15.769913940923288,15.764411090640351,-15.769913940923288,15.764411090640351,true,true,-15.764411090640351,-0.1565684117385353,15.764411090640351,0.15738239817898447,WRONG,WRONG,false,false,-0.1576716251578274,0.1576716251578265,false,false,true,1.405871801740473,1.5624402134790065,3.725,har__har__linf__0.01__model_har_int8_w484.bin
har,har,model_har_int8,linf,0.01,1,485,-11.586765637854114,11.581262787571177,-11.586765637854114,11.581262787571177,true,true,-0.11584014212713131,-0.11584014212713131,0.11584014212713009,0.11584014212713009,WRONG,WRONG,false,false,-0.11584014212713131,0.11584014212713009,false,false,true,6.951036968239066e-15,0.11584014212713367,4.132,har__har__linf__0.01__model_har_int8_w485.bin
har,har,model_har_int8,linf,0.01,1,486,-15.695746343699284,15.690243493416347,-15.695746343699284,15.690243493416347,true,true,-15.690243493416347,-0.15692994918558956,15.690243493416347,0.15666426657966692,WRONG,WRONG,false,false,-0.15692994918558956,0.15692994918557446,false,false,true,4.376140021698116,4.5330699708836955,3.586,har__har__linf__0.01__model_har_int8_w486.bin
har,har,model_har_int8,linf,0.01,1,487,-16.101508152438328,16.064822484506294,-16.101508152438328,16.064822484506294,true,true,-16.064822484506294,-0.1536815885674745,16.064822484506294,0.16083165318472314,WRONG,WRONG,false,false,-0.1608316531847187,0.16083165318472314,false,false,true,3.6353039553621618,3.7889855439296363,3.916,har__har__linf__0.01__model_har_int8_w487.bin
har,har,model_har_int8,linf,0.01,1,488,-15.673522519180551,15.789082380244508,-15.673522519180551,15.789082380244508,true,true,-15.789082380244508,-0.15689905337921384,15.789082380244508,0.15731302449714146,WRONG,WRONG,false,false,-0.15731302449714235,0.15731302449713436,false,false,true,1.217022510311349,1.373921563690551,3.82,har__har__linf__0.01__model_har_int8_w488.bin
har,har,model_har_int8,linf,0.01,1,489,-11.300664669513935,11.225459045410389,-11.300664669513935,11.225459045410389,true,true,-0.11263061857462034,-0.11263061857462034,0.11263061857461898,0.11263061857461898,WRONG,WRONG,false,false,-0.11263061857462034,0.11263061857461898,false,false,true,0.0,0.11263061857461937,4.072,har__har__linf__0.01__model_har_int8_w489.bin
har,har,model_har_int8,linf,0.01,1,490,-13.935235275421292,13.90955530712381,-13.935235275421292,13.90955530712381,true,true,-13.90955530712381,-0.13922395291270506,13.90955530712381,0.13260200985694004,WRONG,WRONG,false,false,-0.13922395291270506,0.1392239529127135,false,false,true,3.016760297990718,3.155984250903446,3.802,har__har__linf__0.01__model_har_int8_w490.bin
har,har,model_har_int8,linf,0.01,1,491,-13.897000316530466,13.790611874312162,-13.897000316530466,13.790611874312162,true,true,-13.790611874312162,-0.13843806095421307,13.790611874312162,0.13843806095421307,WRONG,WRONG,false,false,-0.13843806095421307,0.13843806095421307,false,false,true,4.1120550407215255,4.250493101675739,3.535,har__har__linf__0.01__model_har_int8_w491.bin
har,har,model_har_int8,linf,0.01,1,492,-15.945274111814797,16.086513933725655,-15.945274111814797,16.086513933725655,true,true,-16.086513933725655,-0.1601589402276984,16.086513933725655,0.15374499675967357,WRONG,WRONG,false,false,-0.1601589402276984,0.16015894022770638,false,false,true,4.078599544048112,4.238758484275815,3.717,har__har__linf__0.01__model_har_int8_w492.bin
har,har,model_har_int8,linf,0.01,1,493,-16.397863637655973,16.564783435314894,-16.397863637655973,16.564783435314894,true,true,-16.564783435314894,-0.16332930250701683,16.564783435314894,0.1616534172652706,WRONG,WRONG,false,false,-0.16481323536487125,0.16481323536487302,false,false,true,4.752013324636939,4.915342627143932,3.676,har__har__linf__0.01__model_har_int8_w493.bin
har,har,model_har_int8,linf,0.01,1,494,-15.245517333969474,15.302380120381713,-15.245517333969474,15.302380120381713,true,true,-0.1527394872717478,-0.1527394872717478,0.15273948727175135,0.15273948727175135,WRONG,WRONG,false,false,-0.1527394872717478,0.15273948727175135,false,false,true,0.0,0.15273948727175038,3.914,har__har__linf__0.01__model_har_int8_w494.bin
har,har,model_har_int8,linf,0.01,1,495,-14.680593494791538,14.476988036651164,-14.680593494791538,14.476988036651164,true,true,-14.476988036651164,-0.1432739383387931,14.476988036651164,0.14578790765720662,WRONG,WRONG,false,false,-0.14578790765721372,0.14578790765721372,false,false,true,4.124590248222466,4.267864186561264,3.555,har__har__linf__0.01__model_har_int8_w495.bin
har,har,model_har_int8,linf,0.01,1,496,-10.93499759119004,10.938666158122942,-10.93499759119004,10.938666158122942,true,true,-0.10936831874656905,-0.10936831874656905,0.10936831874656958,0.10936831874656958,WRONG,WRONG,false,false,-0.10936831874656905,0.10936831874656958,false,false,true,4.238796813549328e-15,0.10936831874656941,4.117,har__har__linf__0.01__model_har_int8_w496.bin
har,har,model_har_int8,linf,0.01,1,497,-14.874038208974525,14.868535358691588,-14.874038208974525,14.868535358691588,true,true,-14.868535358691588,-0.1487128678383311,14.868535358691588,0.14871286783833082,WRONG,WRONG,false,false,-0.1487128678383311,0.14871286783833082,false,false,true,4.092212679829288e-15,0.14871286783833482,4.065,har__har__linf__0.01__model_har_int8_w497.bin
har,har,model_har_int8,linf,0.01,1,498,-14.577811687951908,14.603491656249389,-14.577811687951908,14.603491656249389,true,true,-14.603491656249389,-0.1422848904408549,14.603491656249389,0.1415606926148465,WRONG,WRONG,false,false,-0.14590651672100652,0.14590651672100563,false,false,true,1.6195734828531407,1.7618583732939948,3.788,har__har__linf__0.01__model_har_int8_w498.bin
har,har,model_har_int8,linf,0.01,1,499,-14.449419573880732,14.570482284761965,-14.449419573880732,14.570482284761965,true,true,-14.570482284761965,-0.14509950929318616,14.570482284761965,0.14297466646699997,WRONG,WRONG,false,false,-0.14509950929318616,0.14509950929319615,false,false,true,1.650082715513506,1.7951822248067208,3.655,har__har__linf__0.01__model_har_int8_w499.bin
har,har,model_har_int8,linf,0.01,1,500,-12.044840333343018,12.092531704634894,-12.044840333343018,12.092531704634894,true,true,-0.12068686018989117,-0.12068686018989117,0.12068686018989157,0.12068686018989157,WRONG,WRONG,false,false,-0.12068686018989117,0.12068686018989157,false,false,true,9.26342336171615e-16,0.12068686018989072,3.918,har__har__linf__0.01__model_har_int8_w500.bin
