dataset,arch,model,perturbation,size,layer,neuron,l_org,u_org,l_pert,u_pert,guard_ge,guard_le,min_bound,min_val,max_bound,max_val,verdict_ge,verdict_le,old_stamp_ge,old_stamp_le,old_val_min,old_val_max,fired_ge,fired_le,witness_ok,witness_z,witness_zp,probe_sec,witness_file
mnist,cnn1,model_seed42_itr20_sgd_itr1,linf,0.05,1,82,-3.430645431908488,5.794846103010059,-3.430645431908488,5.794846103010059,true,true,-0.4612745767459274,-0.4612745767459274,0.4612745767459274,0.4612745767459274,WRONG,WRONG,false,false,-0.4612745767459274,0.4612745767459274,false,false,true,0.0,0.46127457674592737,3.197,mnist__cnn1__linf__0.05__model_seed42_itr20_sgd_itr1_w1.bin
mnist,cnn1,model_seed42_itr20_sgd_itr1,linf,0.05,1,83,-3.430645431908488,5.794846103010059,-3.430645431908488,5.794846103010059,true,true,-0.4612745767459274,-0.4612745767459274,0.4612745767459273,0.4612745767459273,WRONG,WRONG,false,false,-0.4612745767459274,0.4612745767459273,false,false,true,2.0816681711721685e-17,0.4612745767459273,1.73,mnist__cnn1__linf__0.05__model_seed42_itr20_sgd_itr1_w2.bin
mnist,cnn1,model_seed42_itr20_sgd_itr1,linf,0.05,1,84,-3.430645431908488,5.794846103010059,-3.430645431908488,5.794846103010059,true,true,-5.794846103010059,-0.4600079872469762,5.794846103010059,0.46119484333174154,WRONG,WRONG,false,false,-0.4612745767459274,0.46127457674592653,false,false,true,1.2108288952151074,1.6708368824620834,0.508,mnist__cnn1__linf__0.05__model_seed42_itr20_sgd_itr1_w3.bin
mnist,cnn1,model_seed42_itr20_sgd_itr1,linf,0.05,1,85,-3.430645431908488,5.794846103010059,-3.430645431908488,5.794846103010059,true,true,-0.46127457674592737,-0.46127457674592737,0.4612745767459275,0.4612745767459275,WRONG,WRONG,false,false,-0.46127457674592737,0.4612745767459275,false,false,true,0.0,0.4612745767459273,1.966,mnist__cnn1__linf__0.05__model_seed42_itr20_sgd_itr1_w4.bin
mnist,cnn1,model_seed42_itr20_sgd_itr1,linf,0.05,1,86,-3.430645431908488,5.794846103010059,-3.430645431908488,5.794846103010059,true,true,-0.4612745767459273,-0.4612745767459273,0.4612745767459273,0.4612745767459273,WRONG,WRONG,false,false,-0.46127457674592737,0.46127457674592737,false,false,true,1.3877787807814457e-17,0.46127457674592737,1.605,mnist__cnn1__linf__0.05__model_seed42_itr20_sgd_itr1_w5.bin
mnist,cnn1,model_seed42_itr20_sgd_itr1,linf,0.05,1,87,-3.430645431908488,5.794846103010059,-3.430645431908488,5.794846103010059,true,true,-5.794846103010059,-0.45820184793426544,5.794846103010059,0.46127457674592726,WRONG,WRONG,false,false,-0.4612745767459272,0.4612745767459272,false,false,true,0.003903867829182832,0.4621057157634483,0.304,mnist__cnn1__linf__0.05__model_seed42_itr20_sgd_itr1_w6.bin
mnist,cnn1,model_seed42_itr20_sgd_itr1,linf,0.05,1,88,-3.430645431908488,5.794846103010059,-3.430645431908488,5.794846103010059,true,true,-5.794846103010059,-0.4612619667815274,5.794846103010059,0.4612614717424276,WRONG,WRONG,false,false,-0.4612619667815274,0.4612614717424276,false,false,true,0.6778046220700413,1.1390665888515685,1.449,mnist__cnn1__linf__0.05__model_seed42_itr20_sgd_itr1_w7.bin
mnist,cnn1,model_seed42_itr20_sgd_itr1,linf,0.05,1,89,-3.430645431908488,5.794846103010059,-3.430645431908488,5.794846103010059,true,true,-0.46127457674592737,-0.46127457674592737,0.4612745767459273,0.4612745767459273,WRONG,WRONG,false,false,-0.46127457674592737,0.4612745767459273,false,false,true,0.0,0.4612745767459273,1.608,mnist__cnn1__linf__0.05__model_seed42_itr20_sgd_itr1_w8.bin
mnist,cnn1,model_seed42_itr20_sgd_itr1,linf,0.05,1,90,-3.430645431908488,5.794846103010059,-3.430645431908488,5.794846103010059,true,true,-5.794846103010059,-0.4572884298698239,5.794846103010059,0.4612715809894292,WRONG,WRONG,false,false,-0.461274576745927,0.4612745767459274,false,false,true,1.105993858346478,1.563282288216302,0.502,mnist__cnn1__linf__0.05__model_seed42_itr20_sgd_itr1_w9.bin
mnist,cnn1,model_seed42_itr20_sgd_itr1,linf,0.05,1,91,-3.430645431908488,5.794846103010059,-3.430645431908488,5.794846103010059,true,true,-5.794846103010059,-0.45821647458677356,0.46127457674592737,0.3877375431773205,WRONG,WRONG,false,false,-0.4612745767459274,0.46127457674592737,false,false,true,1.3877787807814457e-17,0.45821647458677356,1.58,mnist__cnn1__linf__0.05__model_seed42_itr20_sgd_itr1_w10.bin
mnist,cnn1,model_seed42_itr20_sgd_itr1,linf,0.05,1,92,-3.430645431908488,5.794846103010059,-3.430645431908488,5.794846103010059,true,true,-5.794846103010059,-0.4612687787966703,5.794846103010059,0.4612283246937676,WRONG,WRONG,false,false,-0.4612687787966703,0.46127457674592753,false,false,true,0.9750933493641577,1.436362128160828,0.517,mnist__cnn1__linf__0.05__model_seed42_itr20_sgd_itr1_w11.bin
mnist,cnn1,model_seed42_itr20_sgd_itr1,linf,0.05,1,93,-3.430645431908488,5.794846103010059,-3.430645431908488,5.794846103010059,true,true,-0.4612745767459273,-0.4612745767459273,0.4612745767459273,0.4612745767459273,WRONG,WRONG,false,false,-0.4612745767459273,0.4612745767459273,false,false,true,1.3877787807814457e-17,0.46127457674592737,1.987,mnist__cnn1__linf__0.05__model_seed42_itr20_sgd_itr1_w12.bin
mnist,cnn1,model_seed42_itr20_sgd_itr1,linf,0.05,1,94,-3.430645431908488,5.794846103010059,-3.430645431908488,5.794846103010059,true,true,-0.4612745767459273,-0.4612745767459273,0.46127457674592737,0.46127457674592737,WRONG,WRONG,false,false,-0.4612745767459273,0.46127457674592737,false,false,true,0.0,0.4612745767459274,2.137,mnist__cnn1__linf__0.05__model_seed42_itr20_sgd_itr1_w13.bin
mnist,cnn1,model_seed42_itr20_sgd_itr1,linf,0.05,1,95,-3.430645431908488,5.794846103010059,-3.430645431908488,5.794846103010059,true,true,-5.794846103010059,-0.4569224760035931,5.794846103010059,0.4612745767459273,WRONG,WRONG,false,false,-0.4612745767459273,0.4612745767459274,false,false,true,0.0014971632650812479,0.45841963926867435,0.503,mnist__cnn1__linf__0.05__model_seed42_itr20_sgd_itr1_w14.bin
mnist,cnn1,model_seed42_itr20_sgd_itr1,linf,0.05,1,96,-3.430645431908488,5.794846103010059,-3.430645431908488,5.794846103010059,true,true,-0.46127457674592737,-0.46127457674592737,0.46127457674592737,0.46127457674592737,WRONG,WRONG,false,false,-0.46127457674592737,0.46127457674592737,false,false,true,0.0,0.46127457674592737,1.821,mnist__cnn1__linf__0.05__model_seed42_itr20_sgd_itr1_w15.bin
mnist,cnn1,model_seed42_itr20_sgd_itr1,linf,0.05,1,97,-3.430645431908488,5.794846103010059,-3.430645431908488,5.794846103010059,true,true,-0.4612745767459273,-0.4612745767459273,0.46127457674592737,0.46127457674592737,WRONG,WRONG,false,false,-0.4612745767459273,0.46127457674592737,false,false,true,0.0,0.46127457674592726,1.846,mnist__cnn1__linf__0.05__model_seed42_itr20_sgd_itr1_w16.bin
mnist,cnn1,model_seed42_itr20_sgd_itr1,linf,0.05,1,98,-3.430645431908488,5.794846103010059,-3.430645431908488,5.794846103010059,true,true,-0.46127457674592737,-0.46127457674592737,0.46127457674592737,0.46127457674592737,WRONG,WRONG,false,false,-0.46127457674592737,0.4612745767459273,false,false,true,0.0,0.46127457674592737,1.727,mnist__cnn1__linf__0.05__model_seed42_itr20_sgd_itr1_w17.bin
mnist,cnn1,model_seed42_itr20_sgd_itr1,linf,0.05,1,99,-3.430645431908488,5.794846103010059,-3.430645431908488,5.794846103010059,true,true,-5.794846103010059,-0.46127457674592737,5.794846103010059,0.46127457674592737,WRONG,WRONG,false,false,-0.46127457674592737,0.46127457674592737,false,false,true,0.0,0.4612745767459273,0.422,mnist__cnn1__linf__0.05__model_seed42_itr20_sgd_itr1_w18.bin
mnist,cnn1,model_seed42_itr20_sgd_itr1,linf,0.05,1,100,-3.430645431908488,5.794846103010059,-3.430645431908488,5.794846103010059,true,true,-0.46127457674592715,-0.46127457674592715,0.4612745767459273,0.4612745767459273,WRONG,WRONG,false,false,-0.46127457674592715,0.4612745767459273,false,false,true,0.0,0.4612745767459271,1.581,mnist__cnn1__linf__0.05__model_seed42_itr20_sgd_itr1_w19.bin
mnist,cnn1,model_seed42_itr20_sgd_itr1,linf,0.05,1,101,-3.430645431908488,5.794846103010059,-3.430645431908488,5.794846103010059,true,true,-0.4612745767459273,-0.4612745767459273,0.4612745767459273,0.4612745767459273,WRONG,WRONG,false,false,-0.4612745767459273,0.4612745767459273,false,false,true,0.0,0.46127457674592737,1.466,mnist__cnn1__linf__0.05__model_seed42_itr20_sgd_itr1_w20.bin
mnist,cnn1,model_seed42_itr20_sgd_itr1,linf,0.05,1,102,-3.430645431908488,5.794846103010059,-3.430645431908488,5.794846103010059,true,true,-0.4612745767459274,-0.4612745767459274,0.46127457674592737,0.46127457674592737,WRONG,WRONG,false,false,-0.4612745767459274,0.46127457674592737,false,false,true,1.1102230246251565e-16,0.4612745767459274,2.106,mnist__cnn1__linf__0.05__model_seed42_itr20_sgd_itr1_w21.bin
mnist,cnn1,model_seed42_itr20_sgd_itr1,linf,0.05,1,103,-3.430645431908488,5.794846103010059,-3.430645431908488,5.794846103010059,true,true,-0.46127457674592737,-0.46127457674592737,0.46127457674592814,0.46127457674592814,WRONG,WRONG,false,false,-0.46127457674592737,0.46127457674592814,false,false,true,0.0,0.46127457674592726,1.615,mnist__cnn1__linf__0.05__model_seed42_itr20_sgd_itr1_w22.bin
mnist,cnn1,model_seed42_itr20_sgd_itr1,linf,0.05,1,104,-3.430645431908488,5.794846103010059,-3.430645431908488,5.794846103010059,true,true,-5.794846103010059,-0.45815451984583666,5.794846103010059,0.4612745767459274,WRONG,WRONG,false,false,-0.4612745767459272,0.4612745767459273,false,false,true,0.023197242118841853,0.4813517619646779,0.796,mnist__cnn1__linf__0.05__model_seed42_itr20_sgd_itr1_w23.bin
mnist,cnn1,model_seed42_itr20_sgd_itr1,linf,0.05,1,105,-3.430645431908488,5.794846103010059,-3.430645431908488,5.794846103010059,true,true,-0.46127457674592726,-0.46127457674592726,0.4612745767459272,0.4612745767459272,WRONG,WRONG,false,false,-0.46127457674592726,0.4612745767459272,false,false,true,1.3877787807814457e-17,0.4612745767459274,2.193,mnist__cnn1__linf__0.05__model_seed42_itr20_sgd_itr1_w24.bin
mnist,cnn1,model_seed42_itr20_sgd_itr1,linf,0.05,1,106,-3.430645431908488,5.794846103010059,-3.430645431908488,5.794846103010059,true,true,-5.794846103010059,-0.4612745767459271,5.794846103010059,0.4612745767459272,WRONG,WRONG,false,false,-0.4612745767459271,0.4612745767459272,false,false,true,0.578517340189139,1.0397919169350665,0.447,mnist__cnn1__linf__0.05__model_seed42_itr20_sgd_itr1_w25.bin
mnist,cnn1,model_seed42_itr20_sgd_itr1,linf,0.05,1,107,-3.430645431908488,5.794846103010059,-3.430645431908488,5.794846103010059,true,true,-5.794846103010059,-0.44167855247312154,0.4612745767459273,0.4612745767459273,WRONG,WRONG,false,false,-0.4612745767459273,0.4612745767459274,false,false,true,4.163336342344337e-17,0.44167855247312154,1.465,mnist__cnn1__linf__0.05__model_seed42_itr20_sgd_itr1_w26.bin
mnist,cnn1,model_seed42_itr20_sgd_itr1,linf,0.05,1,108,-3.430645431908488,5.794846103010059,-3.430645431908488,5.794846103010059,true,true,-0.4612745767459273,-0.4612745767459273,0.4612745767459274,0.4612745767459274,WRONG,WRONG,false,false,-0.4612745767459273,0.4612745767459274,false,false,true,0.0,0.4612745767459273,1.585,mnist__cnn1__linf__0.05__model_seed42_itr20_sgd_itr1_w27.bin
mnist,cnn1,model_seed42_itr20_sgd_itr1,linf,0.05,1,109,-3.430645431908488,5.794846103010059,-3.430645431908488,5.794846103010059,true,true,-0.4612745767459273,-0.4612745767459273,0.4612745767459274,0.4612745767459274,WRONG,WRONG,false,false,-0.4612745767459273,0.4612745767459274,false,false,true,0.0,0.4612745767459274,1.825,mnist__cnn1__linf__0.05__model_seed42_itr20_sgd_itr1_w28.bin
mnist,cnn1,model_seed42_itr20_sgd_itr1,linf,0.05,1,110,-3.430645431908488,5.794846103010059,-3.430645431908488,5.794846103010059,true,true,-0.4612745767459272,-0.4612745767459272,0.46127457674592737,0.46127457674592737,WRONG,WRONG,false,false,-0.46127457674592676,0.46127457674592737,false,false,true,0.0,0.4612745767459273,2.615,mnist__cnn1__linf__0.05__model_seed42_itr20_sgd_itr1_w29.bin
mnist,cnn1,model_seed42_itr20_sgd_itr1,linf,0.05,1,111,-3.430645431908488,5.794846103010059,-3.430645431908488,5.794846103010059,true,true,-0.4612745767459273,-0.4612745767459273,0.4612745767459273,0.4612745767459273,WRONG,WRONG,false,false,-0.4612745767459273,0.4612745767459273,false,false,true,0.0,0.46127457674592737,2.869,mnist__cnn1__linf__0.05__model_seed42_itr20_sgd_itr1_w30.bin
mnist,cnn1,model_seed42_itr20_sgd_itr1,linf,0.05,1,112,-3.430645431908488,5.794846103010059,-3.430645431908488,5.794846103010059,true,true,-0.4612745767459273,-0.4612745767459273,0.4612745767459274,0.4612745767459273,WRONG,WRONG,false,false,-0.4612745767459273,0.4612745767459273,false,false,true,6.938893903907228e-18,0.4612745767459274,2.469,mnist__cnn1__linf__0.05__model_seed42_itr20_sgd_itr1_w31.bin
mnist,cnn1,model_seed42_itr20_sgd_itr1,linf,0.05,1,113,-3.430645431908488,5.794846103010059,-3.430645431908488,5.794846103010059,true,true,-5.794846103010059,-0.4612745767459281,5.794846103010059,0.46127457674592753,WRONG,WRONG,false,false,-0.4612745767459281,0.46127457674592753,false,false,true,0.5111240573508549,0.9723986340967824,0.522,mnist__cnn1__linf__0.05__model_seed42_itr20_sgd_itr1_w32.bin
mnist,cnn1,model_seed42_itr20_sgd_itr1,linf,0.05,1,114,-3.430645431908488,5.794846103010059,-3.430645431908488,5.794846103010059,true,true,-5.794846103010059,-0.4612745767459273,0.4612745767459273,0.4612745767459273,WRONG,WRONG,false,false,-0.4612745767459273,0.4612745767459273,false,false,true,0.0,0.46127457674592737,0.999,mnist__cnn1__linf__0.05__model_seed42_itr20_sgd_itr1_w33.bin
mnist,cnn1,model_seed42_itr20_sgd_itr1,linf,0.05,1,115,-3.430645431908488,5.794846103010059,-3.430645431908488,5.794846103010059,true,true,-0.46127457674592737,-0.46127457674592737,0.46127457674592737,0.46127457674592737,WRONG,WRONG,false,false,-0.46127457674592737,0.46127457674592737,false,false,true,1.5265566588595902e-16,0.46127457674592787,2.58,mnist__cnn1__linf__0.05__model_seed42_itr20_sgd_itr1_w34.bin
mnist,cnn1,model_seed42_itr20_sgd_itr1,linf,0.05,1,116,-3.430645431908488,5.794846103010059,-3.430645431908488,5.794846103010059,true,true,-0.46127457674592737,-0.46127457674592737,0.4612745767459274,0.4612745767459274,WRONG,WRONG,false,false,-0.46127457674592737,0.4612745767459274,false,false,true,0.0,0.46127457674592737,1.776,mnist__cnn1__linf__0.05__model_seed42_itr20_sgd_itr1_w35.bin
mnist,cnn1,model_seed42_itr20_sgd_itr1,linf,0.05,1,117,-3.430645431908488,5.794846103010059,-3.430645431908488,5.794846103010059,true,true,-0.4612745767459274,-0.4612745767459274,0.4612745767459274,0.4612745767459274,WRONG,WRONG,false,false,-0.4612745767459274,0.4612745767459274,false,false,true,0.0,0.4612745767459274,1.928,mnist__cnn1__linf__0.05__model_seed42_itr20_sgd_itr1_w36.bin
mnist,cnn1,model_seed42_itr20_sgd_itr1,linf,0.05,1,118,-3.430645431908488,5.794846103010059,-3.430645431908488,5.794846103010059,true,true,-0.4612745767459274,-0.4612745767459274,0.46127457674592676,0.46127457674592676,WRONG,WRONG,false,false,-0.4612745767459274,0.46127457674592676,false,false,true,1.3877787807814457e-17,0.4612745767459274,1.876,mnist__cnn1__linf__0.05__model_seed42_itr20_sgd_itr1_w37.bin
mnist,cnn1,model_seed42_itr20_sgd_itr1,linf,0.05,1,119,-3.430645431908488,5.794846103010059,-3.430645431908488,5.794846103010059,true,true,-0.4612745767459274,-0.4612745767459274,0.46127457674592726,0.46127457674592726,WRONG,WRONG,false,false,-0.4612745767459274,0.46127457674592726,false,false,true,0.0,0.4612745767459272,1.786,mnist__cnn1__linf__0.05__model_seed42_itr20_sgd_itr1_w38.bin
mnist,cnn1,model_seed42_itr20_sgd_itr1,linf,0.05,1,120,-3.430645431908488,5.794846103010059,-3.430645431908488,5.794846103010059,true,true,-0.46127457674592737,-0.46127457674592737,0.4612745767459276,0.4612745767459276,WRONG,WRONG,false,false,-0.46127457674592737,0.4612745767459276,false,false,true,0.0,0.4612745767459275,1.759,mnist__cnn1__linf__0.05__model_seed42_itr20_sgd_itr1_w39.bin
mnist,cnn1,model_seed42_itr20_sgd_itr1,linf,0.05,1,121,-3.430645431908488,5.794846103010059,-3.430645431908488,5.794846103010059,true,true,-0.4612745767459273,-0.4612745767459273,0.4612745767459275,0.4612745767459275,WRONG,WRONG,false,false,-0.4612745767459273,0.4612745767459275,false,false,true,0.0,0.46127457674592737,1.704,mnist__cnn1__linf__0.05__model_seed42_itr20_sgd_itr1_w40.bin
mnist,cnn1,model_seed42_itr20_sgd_itr1,linf,0.05,1,122,-3.430645431908488,5.794846103010059,-3.430645431908488,5.794846103010059,true,true,-0.46127457674592726,-0.46127457674592726,0.4612745767459272,0.3847018790795743,WRONG,WRONG,false,false,-0.46127457674592737,0.4612745767459273,false,false,true,0.0,0.4612745767459273,1.81,mnist__cnn1__linf__0.05__model_seed42_itr20_sgd_itr1_w41.bin
mnist,cnn1,model_seed42_itr20_sgd_itr1,linf,0.05,1,123,-3.430645431908488,5.794846103010059,-3.430645431908488,5.794846103010059,true,true,-0.4612745767459273,-0.4612745767459273,0.46127457674592737,0.46127457674592737,WRONG,WRONG,false,false,-0.4612745767459273,0.46127457674592737,false,false,true,0.0,0.4612745767459273,1.981,mnist__cnn1__linf__0.05__model_seed42_itr20_sgd_itr1_w42.bin
mnist,cnn1,model_seed42_itr20_sgd_itr1,linf,0.05,1,124,-3.430645431908488,5.794846103010059,-3.430645431908488,5.794846103010059,true,true,-0.4612745767459274,-0.4612745767459274,0.4612745767459274,0.4612745767459274,WRONG,WRONG,false,false,-0.4612745767459274,0.4612745767459274,false,false,true,0.0,0.4612745767459273,1.619,mnist__cnn1__linf__0.05__model_seed42_itr20_sgd_itr1_w43.bin
mnist,cnn1,model_seed42_itr20_sgd_itr1,linf,0.05,1,125,-3.430645431908488,5.794846103010059,-3.430645431908488,5.794846103010059,true,true,-5.794846103010059,-0.4581545198458358,5.794846103010059,0.4612745767459273,WRONG,WRONG,false,false,-0.4612745767459274,0.46127457674592737,false,false,true,0.41801720020512767,0.8761717200509636,0.474,mnist__cnn1__linf__0.05__model_seed42_itr20_sgd_itr1_w44.bin
mnist,cnn1,model_seed42_itr20_sgd_itr1,linf,0.05,1,126,-3.430645431908488,5.794846103010059,-3.430645431908488,5.794846103010059,true,true,-5.794846103010059,-0.45815451984583583,5.794846103010059,0.46064586679279645,WRONG,WRONG,false,false,-0.4612745767459273,0.4612745767459275,false,false,true,1.3877787807814457e-17,0.4581545198458359,0.306,mnist__cnn1__linf__0.05__model_seed42_itr20_sgd_itr1_w45.bin
mnist,cnn1,model_seed42_itr20_sgd_itr1,linf,0.05,1,127,-3.430645431908488,5.794846103010059,-3.430645431908488,5.794846103010059,true,true,-0.4612745767459275,-0.4612745767459275,0.4612745767459273,0.4612745767459273,WRONG,WRONG,false,false,-0.46127457674592653,0.4612745767459273,false,false,true,3.5388358909926865e-16,0.46127457674592776,1.729,mnist__cnn1__linf__0.05__model_seed42_itr20_sgd_itr1_w46.bin
mnist,cnn1,model_seed42_itr20_sgd_itr1,linf,0.05,1,128,-3.430645431908488,5.794846103010059,-3.430645431908488,5.794846103010059,true,true,-0.4612745767459277,-0.4612745767459277,0.461274576745927,0.461274576745927,WRONG,WRONG,false,false,-0.4612745767459277,0.461274576745927,false,false,true,1.5265566588595902e-16,0.46127457674592776,2.045,mnist__cnn1__linf__0.05__model_seed42_itr20_sgd_itr1_w47.bin
mnist,cnn1,model_seed42_itr20_sgd_itr1,linf,0.05,1,129,-3.430645431908488,5.794846103010059,-3.430645431908488,5.794846103010059,true,true,-0.4612745767459274,-0.4612745767459274,5.794846103010059,0.458154519845836,WRONG,WRONG,false,false,-0.46127457674592753,0.4612745767459273,false,false,true,0.12818209486835241,0.5894566716142797,0.993,mnist__cnn1__linf__0.05__model_seed42_itr20_sgd_itr1_w48.bin
mnist,cnn1,model_seed42_itr20_sgd_itr1,linf,0.05,1,130,-3.430645431908488,5.794846103010059,-3.430645431908488,5.794846103010059,true,true,-0.46127457674592753,-0.46127457674592753,0.4612745767459273,0.4612745767459273,WRONG,WRONG,false,false,-0.46127457674592753,0.4612745767459273,false,false,true,1.6653345369377348e-16,0.46127457674592753,1.814,mnist__cnn1__linf__0.05__model_seed42_itr20_sgd_itr1_w49.bin
mnist,cnn1,model_seed42_itr20_sgd_itr1,linf,0.05,1,131,-3.430645431908488,5.794846103010059,-3.430645431908488,5.794846103010059,true,true,-0.4612745767459273,-0.4612745767459273,0.4612745767459273,0.4612745767459273,WRONG,WRONG,false,false,-0.4612745767459273,0.4612745767459273,false,false,true,5.551115123125783e-17,0.4612745767459274,1.485,mnist__cnn1__linf__0.05__model_seed42_itr20_sgd_itr1_w50.bin
mnist,cnn1,model_seed42_itr20_sgd_itr1,linf,0.05,1,132,-3.430645431908488,5.794846103010059,-3.430645431908488,5.794846103010059,true,true,-0.4612745767459273,-0.4612745767459273,0.4612745767459273,0.4612745767459273,WRONG,WRONG,false,false,-0.4612745767459273,0.4612745767459273,false,false,true,0.0,0.4612745767459274,1.958,mnist__cnn1__linf__0.05__model_seed42_itr20_sgd_itr1_w51.bin
mnist,cnn1,model_seed42_itr20_sgd_itr1,linf,0.05,1,133,-3.430645431908488,5.794846103010059,-3.430645431908488,5.794846103010059,true,true,-5.794846103010059,-0.4612745767459273,5.794846103010059,0.4612745767459273,WRONG,WRONG,false,false,-0.4612745767459273,0.4612745767459273,false,false,true,0.0,0.4612745767459273,0.961,mnist__cnn1__linf__0.05__model_seed42_itr20_sgd_itr1_w52.bin
mnist,cnn1,model_seed42_itr20_sgd_itr1,linf,0.05,1,134,-3.430645431908488,5.794846103010059,-3.430645431908488,5.794846103010059,true,true,-5.794846103010059,-0.4120896417867384,0.4612745767459273,0.4612745767459273,WRONG,WRONG,false,false,-0.4612745767459273,0.4612745767459273,false,false,true,0.0,0.4120896417867384,1.388,mnist__cnn1__linf__0.05__model_seed42_itr20_sgd_itr1_w53.bin
mnist,cnn1,model_seed42_itr20_sgd_itr1,linf,0.05,1,135,-3.430645431908488,5.794846103010059,-3.430645431908488,5.794846103010059,true,true,-0.46127457674592737,-0.46127457674592737,0.4612745767459273,0.4612745767459273,WRONG,WRONG,false,false,-0.46127457674592737,0.4612745767459273,false,false,true,0.0,0.4612745767459274,1.899,mnist__cnn1__linf__0.05__model_seed42_itr20_sgd_itr1_w54.bin
mnist,cnn1,model_seed42_itr20_sgd_itr1,linf,0.05,1,136,-3.430645431908488,5.794846103010059,-3.430645431908488,5.794846103010059,true,true,-0.46127457674592703,-0.46127457674592703,0.46127457674592753,0.46127457674592753,WRONG,WRONG,false,false,-0.46127457674592703,0.46127457674592753,false,false,true,5.551115123125783e-17,0.46127457674592726,2.13,mnist__cnn1__linf__0.05__model_seed42_itr20_sgd_itr1_w55.bin
mnist,cnn1,model_seed42_itr20_sgd_itr1,linf,0.05,1,137,-3.430645431908488,5.794846103010059,-3.430645431908488,5.794846103010059,true,true,-0.46127457674592737,-0.46127457674592737,0.4612745767459273,0.4612745767459273,WRONG,WRONG,false,false,-0.4612745767459273,0.4612745767459273,false,false,true,7.632783294297951e-17,0.4612745767459274,2.261,mnist__cnn1__linf__0.05__model_seed42_itr20_sgd_itr1_w56.bin
mnist,cnn1,model_seed42_itr20_sgd_itr1,linf,0.05,1,138,-3.430645431908488,5.794846103010059,-3.430645431908488,5.794846103010059,true,true,-0.4612745767459273,-0.4612745767459273,0.4612745767459273,0.4612745767459273,WRONG,WRONG,false,false,-0.46127457674592726,0.4612745767459273,false,false,true,0.0,0.4612745767459273,2.48,mnist__cnn1__linf__0.05__model_seed42_itr20_sgd_itr1_w57.bin
mnist,cnn1,model_seed42_itr20_sgd_itr1,linf,0.05,1,139,-3.430645431908488,5.794846103010059,-3.430645431908488,5.794846103010059,true,true,-0.4612745767459273,-0.4612745767459273,0.4612745767459273,0.4612745767459273,WRONG,WRONG,false,false,-0.4612745767459273,0.4612745767459273,false,false,true,0.0,0.46127457674592753,2.362,mnist__cnn1__linf__0.05__model_seed42_itr20_sgd_itr1_w58.bin
mnist,cnn1,model_seed42_itr20_sgd_itr1,linf,0.05,1,140,-3.430645431908488,5.794846103010059,-3.430645431908488,5.794846103010059,true,true,-0.4612745767459273,-0.4612745767459273,0.46127457674592715,0.46127457674592715,WRONG,WRONG,false,false,-0.46127457674592737,0.46127457674592715,false,false,true,0.0,0.4612745767459273,1.821,mnist__cnn1__linf__0.05__model_seed42_itr20_sgd_itr1_w59.bin
mnist,cnn1,model_seed42_itr20_sgd_itr1,linf,0.05,1,141,-3.430645431908488,5.794846103010059,-3.430645431908488,5.794846103010059,true,true,-0.4612745767459272,-0.4612745767459272,5.794846103010059,0.46127457674592753,WRONG,WRONG,false,false,-0.4612745767459257,0.46127457674592753,false,false,true,0.0,0.46127457674592753,1.703,mnist__cnn1__linf__0.05__model_seed42_itr20_sgd_itr1_w60.bin
mnist,cnn1,model_seed42_itr20_sgd_itr1,linf,0.05,1,142,-3.430645431908488,5.794846103010059,-3.430645431908488,5.794846103010059,true,true,-5.794846103010059,-0.4591244334310249,5.794846103010059,0.4591244334310249,WRONG,WRONG,false,false,-0.46127457674592726,0.4612745767459273,false,false,true,0.06759624631624189,0.5267206797472664,0.568,mnist__cnn1__linf__0.05__model_seed42_itr20_sgd_itr1_w61.bin
mnist,cnn1,model_seed42_itr20_sgd_itr1,linf,0.05,1,143,-3.430645431908488,5.794846103010059,-3.430645431908488,5.794846103010059,true,true,-0.46127457674592764,-0.46127457674592764,0.46127457674592737,0.46127457674592737,WRONG,WRONG,false,false,-0.46127457674592764,0.46127457674592737,false,false,true,3.3306690738754696e-16,0.46127457674592764,1.933,mnist__cnn1__linf__0.05__model_seed42_itr20_sgd_itr1_w62.bin
mnist,cnn1,model_seed42_itr20_sgd_itr1,linf,0.05,1,144,-3.430645431908488,5.794846103010059,-3.430645431908488,5.794846103010059,true,true,-5.794846103010059,-0.38773754317732045,5.794846103010059,0.46127457674592737,WRONG,WRONG,false,false,-0.461274576745927,0.461274576745927,false,false,true,0.1418541883609133,0.5295917315382337,0.419,mnist__cnn1__linf__0.05__model_seed42_itr20_sgd_itr1_w63.bin
mnist,cnn1,model_seed42_itr20_sgd_itr1,linf,0.05,1,145,-3.430645431908488,5.794846103010059,-3.430645431908488,5.794846103010059,true,true,-0.4612745767459274,-0.4612745767459274,0.46127457674592753,0.46127457674592753,WRONG,WRONG,false,false,-0.4612745767459274,0.46127457674592753,false,false,true,0.0,0.46127457674592753,2.33,mnist__cnn1__linf__0.05__model_seed42_itr20_sgd_itr1_w64.bin
mnist,cnn1,model_seed42_itr20_sgd_itr1,linf,0.05,1,146,-3.430645431908488,5.794846103010059,-3.430645431908488,5.794846103010059,true,true,-0.4612745767459274,-0.4612745767459274,0.46127457674592726,0.46127457674592726,WRONG,WRONG,false,false,-0.46127457674592776,0.4612745767459273,false,false,true,0.0,0.46127457674592737,1.946,mnist__cnn1__linf__0.05__model_seed42_itr20_sgd_itr1_w65.bin
mnist,cnn1,model_seed42_itr20_sgd_itr1,linf,0.05,1,147,-3.430645431908488,5.794846103010059,-3.430645431908488,5.794846103010059,true,true,-5.794846103010059,-0.3877375431773204,5.794846103010059,0.4612745767459273,WRONG,WRONG,false,false,-0.4612745767459273,0.4612745767459273,false,false,true,0.01877756039589422,0.40651510357321463,0.564,mnist__cnn1__linf__0.05__model_seed42_itr20_sgd_itr1_w66.bin
mnist,cnn1,model_seed42_itr20_sgd_itr1,linf,0.05,1,148,-3.430645431908488,5.794846103010059,-3.430645431908488,5.794846103010059,true,true,-0.46127457674592737,-0.46127457674592737,0.4612745767459271,0.4612745767459271,WRONG,WRONG,false,false,-0.46127457674592737,0.4612745767459271,false,false,true,0.0,0.46127457674592737,1.689,mnist__cnn1__linf__0.05__model_seed42_itr20_sgd_itr1_w67.bin
mnist,cnn1,model_seed42_itr20_sgd_itr1,linf,0.05,1,149,-3.430645431908488,5.794846103010059,-3.430645431908488,5.794846103010059,true,true,-0.46127457674592737,-0.46127457674592737,0.46127457674592737,0.46127457674592737,WRONG,WRONG,false,false,-0.4612745767459274,0.46127457674592737,false,false,true,0.0,0.4612745767459273,1.491,mnist__cnn1__linf__0.05__model_seed42_itr20_sgd_itr1_w68.bin
mnist,cnn1,model_seed42_itr20_sgd_itr1,linf,0.05,1,150,-3.430645431908488,5.794846103010059,-3.430645431908488,5.794846103010059,true,true,-5.794846103010059,-0.25106290848366497,5.794846103010059,0.35593045573263427,WRONG,WRONG,false,false,-0.4612745767459273,0.4612745767459273,false,false,true,0.0,0.25106290848366497,0.989,mnist__cnn1__linf__0.05__model_seed42_itr20_sgd_itr1_w69.bin
mnist,cnn1,model_seed42_itr20_sgd_itr1,linf,0.05,1,151,-3.430645431908488,5.794846103010059,-3.430645431908488,5.794846103010059,true,true,-0.46127457674592737,-0.46127457674592737,0.46127457674592737,0.46127457674592737,WRONG,WRONG,false,false,-0.46127457674592737,0.46127457674592737,false,false,true,0.0,0.4612745767459274,2.083,mnist__cnn1__linf__0.05__model_seed42_itr20_sgd_itr1_w70.bin
mnist,cnn1,model_seed42_itr20_sgd_itr1,linf,0.05,1,152,-3.430645431908488,5.794846103010059,-3.430645431908488,5.794846103010059,true,true,-5.794846103010059,-0.4375809831085669,5.794846103010059,0.4612745767459274,WRONG,WRONG,false,false,-0.4612745767459273,0.4612745767459272,false,false,true,0.0,0.43758098310856697,0.708,mnist__cnn1__linf__0.05__model_seed42_itr20_sgd_itr1_w71.bin
mnist,cnn1,model_seed42_itr20_sgd_itr1,linf,0.05,1,153,-3.430645431908488,5.794846103010059,-3.430645431908488,5.794846103010059,true,true,-0.4612745767459273,-0.4612745767459273,0.4612745767459275,0.4612745767459275,WRONG,WRONG,false,false,-0.4612745767459273,0.4612745767459275,false,false,true,0.0,0.4612745767459273,2.263,mnist__cnn1__linf__0.05__model_seed42_itr20_sgd_itr1_w72.bin
mnist,cnn1,model_seed42_itr20_sgd_itr1,linf,0.05,1,154,-3.430645431908488,5.794846103010059,-3.430645431908488,5.794846103010059,true,true,-5.794846103010059,-0.4612745767459272,0.46127457674592776,0.46127457674592776,WRONG,WRONG,false,false,-0.4612745767459274,0.46127457674592776,false,false,true,0.0,0.46127457674592764,1.25,mnist__cnn1__linf__0.05__model_seed42_itr20_sgd_itr1_w73.bin
mnist,cnn1,model_seed42_itr20_sgd_itr1,linf,0.05,1,155,-3.430645431908488,5.794846103010059,-3.430645431908488,5.794846103010059,true,true,-0.46127457674592726,-0.46127457674592726,0.461274576745927,0.461274576745927,WRONG,WRONG,false,false,-0.46127457674592726,0.461274576745927,false,false,true,0.0,0.4612745767459271,1.832,mnist__cnn1__linf__0.05__model_seed42_itr20_sgd_itr1_w74.bin
mnist,cnn1,model_seed42_itr20_sgd_itr1,linf,0.05,1,156,-3.430645431908488,5.794846103010059,-3.430645431908488,5.794846103010059,true,true,-0.46127457674592753,-0.46127457674592753,0.4612745767459275,0.4612745767459275,WRONG,WRONG,false,false,-0.46127457674592753,0.4612745767459275,false,false,true,0.0,0.46127457674592753,1.51,mnist__cnn1__linf__0.05__model_seed42_itr20_sgd_itr1_w75.bin
mnist,cnn1,model_seed42_itr20_sgd_itr1,linf,0.05,1,157,-3.430645431908488,5.794846103010059,-3.430645431908488,5.794846103010059,true,true,-0.46127457674592737,-0.46127457674592737,0.4612745767459275,0.4612745767459275,WRONG,WRONG,false,false,-0.46127457674592737,0.4612745767459275,false,false,true,0.0,0.4612745767459273,2.079,mnist__cnn1__linf__0.05__model_seed42_itr20_sgd_itr1_w76.bin
mnist,cnn1,model_seed42_itr20_sgd_itr1,linf,0.05,1,158,-3.430645431908488,5.794846103010059,-3.430645431908488,5.794846103010059,true,true,-0.4612745767459275,-0.4612745767459275,0.46127457674592726,0.46127457674592726,WRONG,WRONG,false,false,-0.4612745767459275,0.46127457674592737,false,false,true,0.0,0.4612745767459275,1.952,mnist__cnn1__linf__0.05__model_seed42_itr20_sgd_itr1_w77.bin
mnist,cnn1,model_seed42_itr20_sgd_itr1,linf,0.05,1,159,-3.430645431908488,5.794846103010059,-3.430645431908488,5.794846103010059,true,true,-5.794846103010059,-0.44167855247312143,5.794846103010059,0.46127457674592726,WRONG,WRONG,false,false,-0.4612745767459273,0.46127457674592737,false,false,true,4.163336342344337e-17,0.4416785524731215,0.362,mnist__cnn1__linf__0.05__model_seed42_itr20_sgd_itr1_w78.bin
mnist,cnn1,model_seed42_itr20_sgd_itr1,linf,0.05,1,160,-3.430645431908488,5.794846103010059,-3.430645431908488,5.794846103010059,true,true,-0.4612745767459273,-0.4612745767459273,0.4612745767459273,0.4612745767459273,WRONG,WRONG,false,false,-0.4612745767459273,0.4612745767459273,false,false,true,2.0816681711721685e-17,0.46127457674592737,1.849,mnist__cnn1__linf__0.05__model_seed42_itr20_sgd_itr1_w79.bin
mnist,cnn1,model_seed42_itr20_sgd_itr1,linf,0.05,1,161,-3.430645431908488,5.794846103010059,-3.430645431908488,5.794846103010059,true,true,-0.4612745767459274,-0.4612745767459274,0.4612745767459273,0.4612745767459273,WRONG,WRONG,false,false,-0.4612745767459274,0.4612745767459273,false,false,true,1.3877787807814457e-17,0.4612745767459275,2.526,mnist__cnn1__linf__0.05__model_seed42_itr20_sgd_itr1_w80.bin
mnist,cnn1,model_seed42_itr20_sgd_itr1,linf,0.05,1,162,-3.430645431908488,5.794846103010059,-3.430645431908488,5.794846103010059,true,true,-0.46127457674592737,-0.46127457674592737,0.4612745767459273,0.4612745767459273,WRONG,WRONG,false,false,-0.46127457674592737,0.4612745767459273,false,false,true,0.0,0.4612745767459274,2.201,mnist__cnn1__linf__0.05__model_seed42_itr20_sgd_itr1_w81.bin
mnist,cnn1,model_seed42_itr20_sgd_itr1,linf,0.05,1,244,-0.3186586964293383,7.687329071632121,-0.3186586964293383,7.687329071632121,true,true,-7.687329071632121,-0.40029938840307294,7.687329071632121,0.400299388403073,WRONG,WRONG,false,false,-0.40029938840307294,0.400299388403073,false,false,true,0.012371659936290674,0.41267104833936363,0.453,mnist__cnn1__linf__0.05__model_seed42_itr20_sgd_itr1_w82.bin
mnist,cnn1,model_seed42_itr20_sgd_itr1,linf,0.05,1,245,-0.3186586964293383,7.687329071632121,-0.3186586964293383,7.687329071632121,true,true,-7.687329071632121,-0.40009693108458894,7.687329071632121,0.400299388403073,WRONG,WRONG,false,false,-0.4002993884030732,0.40029938840307366,false,false,true,0.06856421259270819,0.46866114367729717,0.426,mnist__cnn1__linf__0.05__model_seed42_itr20_sgd_itr1_w83.bin
mnist,cnn1,model_seed42_itr20_sgd_itr1,linf,0.05,1,246,-0.3186586964293383,7.687329071632121,-0.3186586964293383,7.687329071632121,true,true,-0.40029938840307294,-0.40029938840307294,0.400299388403073,0.400299388403073,WRONG,WRONG,false,false,-0.40029938840307294,0.400299388403073,false,false,true,0.0,0.400299388403073,1.69,mnist__cnn1__linf__0.05__model_seed42_itr20_sgd_itr1_w84.bin
mnist,cnn1,model_seed42_itr20_sgd_itr1,linf,0.05,1,247,-0.3186586964293383,7.687329071632121,-0.3186586964293383,7.687329071632121,true,true,-0.400299388403073,-0.400299388403073,0.40029938840307305,0.40029938840307305,WRONG,WRONG,false,false,-0.400299388403073,0.400299388403073,false,false,true,0.0,0.40029938840307294,1.523,mnist__cnn1__linf__0.05__model_seed42_itr20_sgd_itr1_w85.bin
mnist,cnn1,model_seed42_itr20_sgd_itr1,linf,0.05,1,248,-0.3186586964293383,7.687329071632121,-0.3186586964293383,7.687329071632121,true,true,-7.687329071632121,-0.3778297661991764,0.400299388403073,0.400299388403073,WRONG,WRONG,false,false,-0.400299388543103,0.40029938840307305,false,false,true,6.938893903907228e-18,0.3778297661991764,0.91,mnist__cnn1__linf__0.05__model_seed42_itr20_sgd_itr1_w86.bin
mnist,cnn1,model_seed42_itr20_sgd_itr1,linf,0.05,1,249,-0.3186586964293383,7.687329071632121,-0.3186586964293383,7.687329071632121,true,true,-0.400299388403073,-0.400299388403073,0.400299388403073,0.400299388403073,WRONG,WRONG,false,false,-0.400299388403073,0.400299388403073,false,false,true,0.0,0.400299388403073,1.856,mnist__cnn1__linf__0.05__model_seed42_itr20_sgd_itr1_w87.bin
mnist,cnn1,model_seed42_itr20_sgd_itr1,linf,0.05,1,250,-0.3186586964293383,7.687329071632121,-0.3186586964293383,7.687329071632121,true,true,-0.40029938840307294,-0.40029938840307294,0.400299388403073,0.400299388403073,WRONG,WRONG,false,false,-0.4002993884030719,0.40029938840307294,false,false,true,0.0,0.400299388403073,1.467,mnist__cnn1__linf__0.05__model_seed42_itr20_sgd_itr1_w88.bin
mnist,cnn1,model_seed42_itr20_sgd_itr1,linf,0.05,1,251,-0.3186586964293383,7.687329071632121,-0.3186586964293383,7.687329071632121,true,true,-0.400299388403073,-0.400299388403073,0.400299388403073,0.400299388403073,WRONG,WRONG,false,false,-0.400299388403073,0.400299388403073,false,false,true,6.071532165918825e-18,0.400299388403073,2.036,mnist__cnn1__linf__0.05__model_seed42_itr20_sgd_itr1_w89.bin
mnist,cnn1,model_seed42_itr20_sgd_itr1,linf,0.05,1,252,-0.3186586964293383,7.687329071632121,-0.3186586964293383,7.687329071632121,true,true,-0.400299388403073,-0.400299388403073,0.40029938840307294,0.40029938840307294,WRONG,WRONG,false,false,-0.40029938840307233,0.40029938840307233,false,false,true,0.0,0.4002993884030729,1.969,mnist__cnn1__linf__0.05__model_seed42_itr20_sgd_itr1_w90.bin
mnist,cnn1,model_seed42_itr20_sgd_itr1,linf,0.05,1,253,-0.3186586964293383,7.687329071632121,-0.3186586964293383,7.687329071632121,true,true,-7.687329071632121,-0.40029938840307305,7.687329071632121,0.39928121551492923,WRONG,WRONG,false,false,-0.40029938840307305,0.400299388403073,false,false,true,0.16074258649628656,0.5610419748993596,0.579,mnist__cnn1__linf__0.05__model_seed42_itr20_sgd_itr1_w91.bin
mnist,cnn1,model_seed42_itr20_sgd_itr1,linf,0.05,1,254,-0.3186586964293383,7.687329071632121,-0.3186586964293383,7.687329071632121,true,true,-7.687329071632121,-0.400299388403073,7.687329071632121,0.4002993884030731,WRONG,WRONG,false,false,-0.400299388403073,0.4002993884030731,false,false,true,0.028304987773102544,0.42860437617617547,0.58,mnist__cnn1__linf__0.05__model_seed42_itr20_sgd_itr1_w92.bin
mnist,cnn1,model_seed42_itr20_sgd_itr1,linf,0.05,1,255,-0.3186586964293383,7.687329071632121,-0.3186586964293383,7.687329071632121,true,true,-7.687329071632121,-0.400299388403073,7.687329071632121,0.39928121551492923,WRONG,WRONG,false,false,-0.400299388403073,0.4002993884030731,false,false,true,0.004582491774861445,0.4048818801779345,0.593,mnist__cnn1__linf__0.05__model_seed42_itr20_sgd_itr1_w93.bin
mnist,cnn1,model_seed42_itr20_sgd_itr1,linf,0.05,1,256,-0.3186586964293383,7.687329071632121,-0.3186586964293383,7.687329071632121,true,true,-0.40029938840307294,-0.40029938840307294,0.40029938840307305,0.400299388403073,WRONG,WRONG,false,false,-0.40029938840307294,0.400299388403073,false,false,true,0.0,0.400299388403073,2.195,mnist__cnn1__linf__0.05__model_seed42_itr20_sgd_itr1_w94.bin
mnist,cnn1,model_seed42_itr20_sgd_itr1,linf,0.05,1,257,-0.3186586964293383,7.687329071632121,-0.3186586964293383,7.687329071632121,true,true,-0.400299388403073,-0.400299388403073,0.40029938840307305,0.40029938840307305,WRONG,WRONG,false,false,-0.400299388403073,0.40029938840307305,false,false,true,0.0,0.400299388403073,1.839,mnist__cnn1__linf__0.05__model_seed42_itr20_sgd_itr1_w95.bin
mnist,cnn1,model_seed42_itr20_sgd_itr1,linf,0.05,1,258,-0.3186586964293383,7.687329071632121,-0.3186586964293383,7.687329071632121,true,true,-7.687329071632121,-0.39901804618616654,7.687329071632121,0.3796550753401664,WRONG,WRONG,false,false,-0.400299388403073,0.400299388403073,false,false,true,0.060315154427564306,0.45933320061373095,0.868,mnist__cnn1__linf__0.05__model_seed42_itr20_sgd_itr1_w96.bin
mnist,cnn1,model_seed42_itr20_sgd_itr1,linf,0.05,1,259,-0.3186586964293383,7.687329071632121,-0.3186586964293383,7.687329071632121,true,true,-0.40029938840307294,-0.40029938840307294,7.687329071632121,0.4002993884030729,WRONG,WRONG,false,false,-0.4002993884030732,0.4002993884030729,false,false,true,0.3969821784890688,0.7972815668921418,1.509,mnist__cnn1__linf__0.05__model_seed42_itr20_sgd_itr1_w97.bin
mnist,cnn1,model_seed42_itr20_sgd_itr1,linf,0.05,1,260,-0.3186586964293383,7.687329071632121,-0.3186586964293383,7.687329071632121,true,true,-0.400299388403073,-0.400299388403073,7.687329071632121,0.3664464141131496,WRONG,WRONG,false,false,-0.400299388403073,0.4002993884030728,false,false,true,0.0,0.400299388403073,1.009,mnist__cnn1__linf__0.05__model_seed42_itr20_sgd_itr1_w98.bin
mnist,cnn1,model_seed42_itr20_sgd_itr1,linf,0.05,1,261,-0.3186586964293383,7.687329071632121,-0.3186586964293383,7.687329071632121,true,true,-7.687329071632121,-0.400299388403073,0.40029938840307294,0.40029938840307294,WRONG,WRONG,false,false,-0.400299388403073,0.40029938840307294,false,false,true,5.204170427930421e-18,0.400299388403073,0.819,mnist__cnn1__linf__0.05__model_seed42_itr20_sgd_itr1_w99.bin
mnist,cnn1,model_seed42_itr20_sgd_itr1,linf,0.05,1,262,-0.3186586964293383,7.687329071632121,-0.3186586964293383,7.687329071632121,true,true,-7.687329071632121,-0.40029938840307305,7.687329071632121,0.3992812155149292,WRONG,WRONG,false,false,-0.40029938840307305,0.400299388403075,false,false,true,1.3877787807814457e-17,0.40029938840307294,0.363,mnist__cnn1__linf__0.05__model_seed42_itr20_sgd_itr1_w100.bin
mnist,cnn1,model_seed42_itr20_sgd_itr1,linf,0.05,1,263,-0.3186586964293383,7.687329071632121,-0.3186586964293383,7.687329071632121,true,true,-0.4002993884030734,-0.4002993884030734,0.40029938840307294,0.40029938840307294,WRONG,WRONG,false,false,-0.40029938840307305,0.40029938840307294,false,false,true,4.891920202254596e-16,0.4002993884030734,1.154,mnist__cnn1__linf__0.05__model_seed42_itr20_sgd_itr1_w101.bin
mnist,cnn1,model_seed42_itr20_sgd_itr1,linf,0.05,1,264,-0.3186586964293383,7.687329071632121,-0.3186586964293383,7.687329071632121,true,true,-7.687329071632121,-0.359492766840073,0.4002993884030729,0.4002993884030729,WRONG,WRONG,false,false,-0.400299388403073,0.40029938840307294,false,false,true,0.0,0.35949276684007286,1.109,mnist__cnn1__linf__0.05__model_seed42_itr20_sgd_itr1_w102.bin
mnist,cnn1,model_seed42_itr20_sgd_itr1,linf,0.05,1,265,-0.3186586964293383,7.687329071632121,-0.3186586964293383,7.687329071632121,true,true,-0.400299388403073,-0.400299388403073,0.400299388403073,0.400299388403073,WRONG,WRONG,false,false,-0.4002993884030728,0.4002993884030728,false,false,true,1.0885389811754465e-16,0.40029938840307305,1.545,mnist__cnn1__linf__0.05__model_seed42_itr20_sgd_itr1_w103.bin
mnist,cnn1,model_seed42_itr20_sgd_itr1,linf,0.05,1,266,-0.3186586964293383,7.687329071632121,-0.3186586964293383,7.687329071632121,true,true,-7.687329071632121,-0.3992812155149291,7.687329071632121,0.400299388403073,WRONG,WRONG,false,false,-0.4002993884030729,0.4002993884030729,false,false,true,0.02811513760523083,0.42739635312016,0.854,mnist__cnn1__linf__0.05__model_seed42_itr20_sgd_itr1_w104.bin
mnist,cnn1,model_seed42_itr20_sgd_itr1,linf,0.05,1,267,-0.3186586964293383,7.687329071632121,-0.3186586964293383,7.687329071632121,true,true,-0.400299388403073,-0.400299388403073,0.40029938840307305,0.400299388403073,WRONG,WRONG,false,false,-0.40029938840307305,0.400299388403073,false,false,true,6.938893903907228e-18,0.40029938840307294,2.718,mnist__cnn1__linf__0.05__model_seed42_itr20_sgd_itr1_w105.bin
mnist,cnn1,model_seed42_itr20_sgd_itr1,linf,0.05,1,268,-0.3186586964293383,7.687329071632121,-0.3186586964293383,7.687329071632121,true,true,-0.40029938840307294,-0.40029938840307294,0.400299388403073,0.400299388403073,WRONG,WRONG,false,false,-0.40029938840307294,0.400299388403073,false,false,true,6.938893903907228e-18,0.400299388403073,2.111,mnist__cnn1__linf__0.05__model_seed42_itr20_sgd_itr1_w106.bin
mnist,cnn1,model_seed42_itr20_sgd_itr1,linf,0.05,1,269,-0.3186586964293383,7.687329071632121,-0.3186586964293383,7.687329071632121,true,true,-7.687329071632121,-0.377385404391165,0.40029938840307294,0.40029938840307294,WRONG,WRONG,false,false,-0.40029938840307294,0.40029938840307305,false,false,true,1.734723475976807e-18,0.3773854043911649,1.241,mnist__cnn1__linf__0.05__model_seed42_itr20_sgd_itr1_w107.bin
mnist,cnn1,model_seed42_itr20_sgd_itr1,linf,0.05,1,270,-0.3186586964293383,7.687329071632121,-0.3186586964293383,7.687329071632121,true,true,-7.687329071632121,-0.3778297661991771,0.400299388403073,0.400299388403073,WRONG,WRONG,false,false,-0.40029938840307294,0.400299388403073,false,false,true,0.0,0.37782976619917696,1.468,mnist__cnn1__linf__0.05__model_seed42_itr20_sgd_itr1_w108.bin
mnist,cnn1,model_seed42_itr20_sgd_itr1,linf,0.05,1,271,-0.3186586964293383,7.687329071632121,-0.3186586964293383,7.687329071632121,true,true,-7.687329071632121,-0.4002993884030728,7.687329071632121,0.400299388403073,WRONG,WRONG,false,false,-0.4002993884030728,0.400299388403073,false,false,true,1.5221801653356413,1.9224795537387145,0.555,mnist__cnn1__linf__0.05__model_seed42_itr20_sgd_itr1_w109.bin
mnist,cnn1,model_seed42_itr20_sgd_itr1,linf,0.05,1,272,-0.3186586964293383,7.687329071632121,-0.3186586964293383,7.687329071632121,true,true,-0.400299388403073,-0.400299388403073,0.40029938840307383,0.400299388403073,WRONG,WRONG,false,false,-0.400299388403073,0.400299388403073,false,false,true,0.0,0.400299388403073,2.264,mnist__cnn1__linf__0.05__model_seed42_itr20_sgd_itr1_w110.bin
mnist,cnn1,model_seed42_itr20_sgd_itr1,linf,0.05,1,273,-0.3186586964293383,7.687329071632121,-0.3186586964293383,7.687329071632121,true,true,-0.400299388403073,-0.400299388403073,0.6903417225873931,0.4002993884030729,WRONG,WRONG,false,false,-0.400299388403073,0.400299388543103,false,false,true,1.1709383462843448e-17,0.40029938840307305,1.436,mnist__cnn1__linf__0.05__model_seed42_itr20_sgd_itr1_w111.bin
mnist,cnn1,model_seed42_itr20_sgd_itr1,linf,0.05,1,274,-0.3186586964293383,7.687329071632121,-0.3186586964293383,7.687329071632121,true,true,-0.400299388403073,-0.400299388403073,0.400299388403073,0.400299388403073,WRONG,WRONG,false,false,-0.40029938840307294,0.400299388403073,false,false,true,0.0,0.40029938840307294,1.537,mnist__cnn1__linf__0.05__model_seed42_itr20_sgd_itr1_w112.bin
mnist,cnn1,model_seed42_itr20_sgd_itr1,linf,0.05,1,275,-0.3186586964293383,7.687329071632121,-0.3186586964293383,7.687329071632121,true,true,-0.400299388403073,-0.400299388403073,0.40029938840307294,0.40029938840307294,WRONG,WRONG,false,false,-0.400299388403073,0.4002993884030729,false,false,true,8.673617379884035e-19,0.400299388403073,1.468,mnist__cnn1__linf__0.05__model_seed42_itr20_sgd_itr1_w113.bin
mnist,cnn1,model_seed42_itr20_sgd_itr1,linf,0.05,1,276,-0.3186586964293383,7.687329071632121,-0.3186586964293383,7.687329071632121,true,true,-0.4002993884030731,-0.4002993884030731,7.687329071632121,0.40029938840307294,WRONG,WRONG,false,false,-0.400299388403073,0.40029938840307294,false,false,true,0.3452597247512116,0.7455591131542845,0.987,mnist__cnn1__linf__0.05__model_seed42_itr20_sgd_itr1_w114.bin
mnist,cnn1,model_seed42_itr20_sgd_itr1,linf,0.05,1,277,-0.3186586964293383,7.687329071632121,-0.3186586964293383,7.687329071632121,true,true,-0.400299388403073,-0.400299388403073,0.4002993884030739,0.400299388403073,WRONG,WRONG,false,false,-0.400299388403073,0.400299388403073,false,false,true,3.469446951953614e-18,0.400299388403073,2.36,mnist__cnn1__linf__0.05__model_seed42_itr20_sgd_itr1_w115.bin
mnist,cnn1,model_seed42_itr20_sgd_itr1,linf,0.05,1,278,-0.3186586964293383,7.687329071632121,-0.3186586964293383,7.687329071632121,true,true,-7.687329071632121,-0.3992812155149277,0.400299388403073,0.400299388403073,WRONG,WRONG,false,false,-0.40029938840307305,0.40029938840307305,false,false,true,0.0,0.3992812155149262,1.115,mnist__cnn1__linf__0.05__model_seed42_itr20_sgd_itr1_w116.bin
mnist,cnn1,model_seed42_itr20_sgd_itr1,linf,0.05,1,279,-0.3186586964293383,7.687329071632121,-0.3186586964293383,7.687329071632121,true,true,-0.40029938840307294,-0.40029938840307294,0.40029938840307305,0.40029938840307305,WRONG,WRONG,false,false,-0.40029938840307294,0.40029938840307305,false,false,true,0.0,0.400299388403073,1.752,mnist__cnn1__linf__0.05__model_seed42_itr20_sgd_itr1_w117.bin
mnist,cnn1,model_seed42_itr20_sgd_itr1,linf,0.05,1,280,-0.3186586964293383,7.687329071632121,-0.3186586964293383,7.687329071632121,true,true,-7.687329071632121,-0.4002993884030728,7.687329071632121,0.40029938840307255,WRONG,WRONG,false,false,-0.4002993884030728,0.40029938840307255,false,false,true,3.0542717134411057,3.454571101844179,0.644,mnist__cnn1__linf__0.05__model_seed42_itr20_sgd_itr1_w118.bin
mnist,cnn1,model_seed42_itr20_sgd_itr1,linf,0.05,1,281,-0.3186586964293383,7.687329071632121,-0.3186586964293383,7.687329071632121,true,true,-7.687329071632121,-0.40029938840307305,7.687329071632121,0.400299388403073,WRONG,WRONG,false,false,-0.40029938840307305,0.400299388403073,false,false,true,0.3531266929265739,0.7534260813296468,0.67,mnist__cnn1__linf__0.05__model_seed42_itr20_sgd_itr1_w119.bin
mnist,cnn1,model_seed42_itr20_sgd_itr1,linf,0.05,1,282,-0.3186586964293383,7.687329071632121,-0.3186586964293383,7.687329071632121,true,true,-7.687329071632121,-0.40029938840307294,7.687329071632121,0.3992812155149292,WRONG,WRONG,false,false,-0.40029938840307294,0.400299388403073,false,false,true,0.26828931609701384,0.6685887045000869,0.587,mnist__cnn1__linf__0.05__model_seed42_itr20_sgd_itr1_w120.bin
mnist,cnn1,model_seed42_itr20_sgd_itr1,linf,0.05,1,283,-0.3186586964293383,7.687329071632121,-0.3186586964293383,7.687329071632121,true,true,-7.687329071632121,-0.400299388403073,0.400299388403073,0.400299388403073,WRONG,WRONG,false,false,-0.400299388403073,0.40029938840307294,false,false,true,2.7755575615628914e-17,0.40029938840307294,1.004,mnist__cnn1__linf__0.05__model_seed42_itr20_sgd_itr1_w121.bin
mnist,cnn1,model_seed42_itr20_sgd_itr1,linf,0.05,1,284,-0.3186586964293383,7.687329071632121,-0.3186586964293383,7.687329071632121,true,true,-0.4002993884030728,-0.4002993884030728,7.687329071632121,0.39379505401629844,WRONG,WRONG,false,false,-0.400299388403073,0.400299388403073,false,false,true,0.5325817766695207,0.9328811650725937,0.708,mnist__cnn1__linf__0.05__model_seed42_itr20_sgd_itr1_w122.bin
mnist,cnn1,model_seed42_itr20_sgd_itr1,linf,0.05,1,285,-0.3186586964293383,7.687329071632121,-0.3186586964293383,7.687329071632121,true,true,-7.687329071632121,-0.40029938840307294,0.40029938840307294,0.40029938840307294,WRONG,WRONG,false,false,-0.40029938840307294,0.4002993884030728,false,false,true,0.0,0.40029938840307283,0.723,mnist__cnn1__linf__0.05__model_seed42_itr20_sgd_itr1_w123.bin
mnist,cnn1,model_seed42_itr20_sgd_itr1,linf,0.05,1,286,-0.3186586964293383,7.687329071632121,-0.3186586964293383,7.687329071632121,true,true,-0.400299388403073,-0.400299388403073,0.400299388403073,0.400299388403073,WRONG,WRONG,false,false,-0.400299388403073,0.40029938840307294,false,false,true,0.0,0.400299388403073,1.995,mnist__cnn1__linf__0.05__model_seed42_itr20_sgd_itr1_w124.bin
mnist,cnn1,model_seed42_itr20_sgd_itr1,linf,0.05,1,287,-0.3186586964293383,7.687329071632121,-0.3186586964293383,7.687329071632121,true,true,-0.40029938840307294,-0.40029938840307294,0.400299388403073,0.400299388403073,WRONG,WRONG,false,false,-0.40029938840307294,0.400299388403073,false,false,true,0.0,0.400299388403073,1.798,mnist__cnn1__linf__0.05__model_seed42_itr20_sgd_itr1_w125.bin
mnist,cnn1,model_seed42_itr20_sgd_itr1,linf,0.05,1,288,-0.3186586964293383,7.687329071632121,-0.3186586964293383,7.687329071632121,true,true,-7.687329071632121,-0.3770724843799793,7.687329071632121,0.3902714227728783,WRONG,WRONG,false,false,-0.400299388403073,0.4002993884030732,false,false,true,1.2953315795301361,1.6724040639101159,1.758,mnist__cnn1__linf__0.05__model_seed42_itr20_sgd_itr1_w126.bin
mnist,cnn1,model_seed42_itr20_sgd_itr1,linf,0.05,1,289,-0.3186586964293383,7.687329071632121,-0.3186586964293383,7.687329071632121,true,true,-7.687329071632121,-0.400299388403073,7.687329071632121,0.400299388403073,WRONG,WRONG,false,false,-0.400299388403073,0.400299388403073,false,false,true,1.2061144159885837,1.6064138043916567,0.507,mnist__cnn1__linf__0.05__model_seed42_itr20_sgd_itr1_w127.bin
mnist,cnn1,model_seed42_itr20_sgd_itr1,linf,0.05,1,290,-0.3186586964293383,7.687329071632121,-0.3186586964293383,7.687329071632121,true,true,-7.687329071632121,-0.4002993884030729,7.687329071632121,0.40029938840307305,WRONG,WRONG,false,false,-0.4002993884030729,0.40029938840307305,false,false,true,0.06286871035674316,0.4631680987598161,0.46,mnist__cnn1__linf__0.05__model_seed42_itr20_sgd_itr1_w128.bin
mnist,cnn1,model_seed42_itr20_sgd_itr1,linf,0.05,1,291,-0.3186586964293383,7.687329071632121,-0.3186586964293383,7.687329071632121,true,true,-7.687329071632121,-0.400299388403073,7.687329071632121,0.40029938840307294,WRONG,WRONG,false,false,-0.400299388403073,0.40029938840307294,false,false,true,1.2296662460705632,1.6299656344736362,0.509,mnist__cnn1__linf__0.05__model_seed42_itr20_sgd_itr1_w129.bin
mnist,cnn1,model_seed42_itr20_sgd_itr1,linf,0.05,1,292,-0.3186586964293383,7.687329071632121,-0.3186586964293383,7.687329071632121,true,true,-7.687329071632121,-0.3422013556413304,7.687329071632121,0.3994419722737777,WRONG,WRONG,false,false,-0.40029938840307294,0.4002993884030732,false,false,true,0.03454572898191695,0.37674708462324735,0.642,mnist__cnn1__linf__0.05__model_seed42_itr20_sgd_itr1_w130.bin
mnist,cnn1,model_seed42_itr20_sgd_itr1,linf,0.05,1,293,-0.3186586964293383,7.687329071632121,-0.3186586964293383,7.687329071632121,true,true,-0.400299388403073,-0.400299388403073,0.6751200995175167,0.40029938840307294,WRONG,WRONG,false,false,-0.400299388403073,0.400299388403073,false,false,true,1.734723475976807e-18,0.400299388403073,2.794,mnist__cnn1__linf__0.05__model_seed42_itr20_sgd_itr1_w131.bin
mnist,cnn1,model_seed42_itr20_sgd_itr1,linf,0.05,1,294,-0.3186586964293383,7.687329071632121,-0.3186586964293383,7.687329071632121,true,true,-0.40029938840307294,-0.40029938840307294,0.400299388403073,0.400299388403073,WRONG,WRONG,false,false,-0.40029938840307305,0.40029938840307316,false,false,true,0.0,0.40029938840307294,1.802,mnist__cnn1__linf__0.05__model_seed42_itr20_sgd_itr1_w132.bin
mnist,cnn1,model_seed42_itr20_sgd_itr1,linf,0.05,1,295,-0.3186586964293383,7.687329071632121,-0.3186586964293383,7.687329071632121,true,true,-7.687329071632121,-0.400299388403073,0.400299388403073,0.400299388403073,WRONG,WRONG,false,false,-0.400299388403073,0.400299388403073,false,false,true,6.938893903907228e-18,0.400299388403073,0.982,mnist__cnn1__linf__0.05__model_seed42_itr20_sgd_itr1_w133.bin
mnist,cnn1,model_seed42_itr20_sgd_itr1,linf,0.05,1,296,-0.3186586964293383,7.687329071632121,-0.3186586964293383,7.687329071632121,true,true,-0.40029938840307294,-0.40029938840307294,0.4002993884030731,0.4002993884030728,WRONG,WRONG,false,false,-0.400299388403073,0.400299388403073,false,false,true,0.0,0.400299388403073,1.649,mnist__cnn1__linf__0.05__model_seed42_itr20_sgd_itr1_w134.bin
mnist,cnn1,model_seed42_itr20_sgd_itr1,linf,0.05,1,297,-0.3186586964293383,7.687329071632121,-0.3186586964293383,7.687329071632121,true,true,-0.400299388403073,-0.400299388403073,0.40029938840307305,0.40029938840307305,WRONG,WRONG,false,false,-0.400299388403073,0.40029938840307305,false,false,true,4.336808689942018e-18,0.40029938840307305,2.231,mnist__cnn1__linf__0.05__model_seed42_itr20_sgd_itr1_w135.bin
mnist,cnn1,model_seed42_itr20_sgd_itr1,linf,0.05,1,298,-0.3186586964293383,7.687329071632121,-0.3186586964293383,7.687329071632121,true,true,-7.687329071632121,-0.39928121551492923,7.687329071632121,0.40029938840307294,WRONG,WRONG,false,false,-0.400299388403073,0.40029938840307455,false,false,true,0.06770002509017235,0.4669812406051015,0.356,mnist__cnn1__linf__0.05__model_seed42_itr20_sgd_itr1_w136.bin
mnist,cnn1,model_seed42_itr20_sgd_itr1,linf,0.05,1,299,-0.3186586964293383,7.687329071632121,-0.3186586964293383,7.687329071632121,true,true,-0.400299388403073,-0.400299388403073,0.400299388403073,0.400299388403073,WRONG,WRONG,false,false,-0.40029938840307294,0.400299388403073,false,false,true,5.204170427930421e-18,0.400299388403073,1.523,mnist__cnn1__linf__0.05__model_seed42_itr20_sgd_itr1_w137.bin
mnist,cnn1,model_seed42_itr20_sgd_itr1,linf,0.05,1,300,-0.3186586964293383,7.687329071632121,-0.3186586964293383,7.687329071632121,true,true,-7.687329071632121,-0.3989015223266179,0.4002993884030732,0.4002993884030732,WRONG,WRONG,false,false,-0.40029938840307294,0.4002993884030732,false,false,true,0.0,0.39890152232661785,1.297,mnist__cnn1__linf__0.05__model_seed42_itr20_sgd_itr1_w138.bin
mnist,cnn1,model_seed42_itr20_sgd_itr1,linf,0.05,1,301,-0.3186586964293383,7.687329071632121,-0.3186586964293383,7.687329071632121,true,true,-0.40029938840307305,-0.40029938840307305,0.4002993884030728,0.4002993884030728,WRONG,WRONG,false,false,-0.400299388403073,0.4002993884030728,false,false,true,2.6020852139652106e-18,0.40029938840307294,1.667,mnist__cnn1__linf__0.05__model_seed42_itr20_sgd_itr1_w139.bin
mnist,cnn1,model_seed42_itr20_sgd_itr1,linf,0.05,1,302,-0.3186586964293383,7.687329071632121,-0.3186586964293383,7.687329071632121,true,true,-0.400299388403073,-0.400299388403073,0.400299388403073,0.400299388403073,WRONG,WRONG,false,false,-0.40029938840307305,0.400299388403073,false,false,true,7.806255641895632e-18,0.400299388403073,1.848,mnist__cnn1__linf__0.05__model_seed42_itr20_sgd_itr1_w140.bin
mnist,cnn1,model_seed42_itr20_sgd_itr1,linf,0.05,1,303,-0.3186586964293383,7.687329071632121,-0.3186586964293383,7.687329071632121,true,true,-0.400299388403073,-0.400299388403073,0.400299388403073,0.400299388403073,WRONG,WRONG,false,false,-0.400299388403073,0.4002993884030729,false,false,true,0.0,0.4002993884030729,1.543,mnist__cnn1__linf__0.05__model_seed42_itr20_sgd_itr1_w141.bin
mnist,cnn1,model_seed42_itr20_sgd_itr1,linf,0.05,1,304,-0.3186586964293383,7.687329071632121,-0.3186586964293383,7.687329071632121,true,true,-0.40029938840307294,-0.40029938840307294,0.4002993884030731,0.40029938840307283,WRONG,WRONG,false,false,-0.400299388403073,0.40029938840307283,false,false,true,0.0,0.40029938840307294,1.874,mnist__cnn1__linf__0.05__model_seed42_itr20_sgd_itr1_w142.bin
mnist,cnn1,model_seed42_itr20_sgd_itr1,linf,0.05,1,305,-0.3186586964293383,7.687329071632121,-0.3186586964293383,7.687329071632121,true,true,-7.687329071632121,-0.3755185213337742,0.400299388403073,0.400299388403073,WRONG,WRONG,false,false,-0.400299388543103,0.400299388403073,false,false,true,0.0,0.3755185213337742,2.026,mnist__cnn1__linf__0.05__model_seed42_itr20_sgd_itr1_w143.bin
mnist,cnn1,model_seed42_itr20_sgd_itr1,linf,0.05,1,306,-0.3186586964293383,7.687329071632121,-0.3186586964293383,7.687329071632121,true,true,-7.687329071632121,-0.377829766199177,0.400299388403073,0.400299388403073,WRONG,WRONG,false,false,-0.40029938840307294,0.400299388403073,false,false,true,0.0,0.3778297661991769,1.524,mnist__cnn1__linf__0.05__model_seed42_itr20_sgd_itr1_w144.bin
mnist,cnn1,model_seed42_itr20_sgd_itr1,linf,0.05,1,307,-0.3186586964293383,7.687329071632121,-0.3186586964293383,7.687329071632121,true,true,-7.687329071632121,-0.4000969310845891,7.687329071632121,0.4002993884030731,WRONG,WRONG,false,false,-0.4002993884030728,0.4002993884030732,false,false,true,0.8938507656656791,1.293947696750268,0.492,mnist__cnn1__linf__0.05__model_seed42_itr20_sgd_itr1_w145.bin
mnist,cnn1,model_seed42_itr20_sgd_itr1,linf,0.05,1,308,-0.3186586964293383,7.687329071632121,-0.3186586964293383,7.687329071632121,true,true,-0.400299388403073,-0.400299388403073,0.40029938840307305,0.40029938840307305,WRONG,WRONG,false,false,-0.40029938840307294,0.40029938840307305,false,false,true,3.469446951953614e-18,0.4002993884030729,1.411,mnist__cnn1__linf__0.05__model_seed42_itr20_sgd_itr1_w146.bin
mnist,cnn1,model_seed42_itr20_sgd_itr1,linf,0.05,1,309,-0.3186586964293383,7.687329071632121,-0.3186586964293383,7.687329071632121,true,true,-7.687329071632121,-0.39807838675145374,0.400299388403073,0.400299388403073,WRONG,WRONG,false,false,-0.40029938840307294,0.400299388403073,false,false,true,0.0,0.3980783867514537,1.159,mnist__cnn1__linf__0.05__model_seed42_itr20_sgd_itr1_w147.bin
mnist,cnn1,model_seed42_itr20_sgd_itr1,linf,0.05,1,310,-0.3186586964293383,7.687329071632121,-0.3186586964293383,7.687329071632121,true,true,-7.687329071632121,-0.3992812155149292,0.40029938840307294,0.40029938840307294,WRONG,WRONG,false,false,-0.400299388403073,0.400299388403073,false,false,true,0.0,0.3992812155149291,0.606,mnist__cnn1__linf__0.05__model_seed42_itr20_sgd_itr1_w148.bin
mnist,cnn1,model_seed42_itr20_sgd_itr1,linf,0.05,1,311,-0.3186586964293383,7.687329071632121,-0.3186586964293383,7.687329071632121,true,true,-0.40029938840307305,-0.40029938840307305,0.400299388403073,0.400299388403073,WRONG,WRONG,false,false,-0.40029938840307305,0.400299388403073,false,false,true,9.71445146547012e-17,0.40029938840307305,1.833,mnist__cnn1__linf__0.05__model_seed42_itr20_sgd_itr1_w149.bin
mnist,cnn1,model_seed42_itr20_sgd_itr1,linf,0.05,1,312,-0.3186586964293383,7.687329071632121,-0.3186586964293383,7.687329071632121,true,true,-7.687329071632121,-0.3992812155149292,0.40029938840307294,0.40029938840307294,WRONG,WRONG,false,false,-0.40029938840307305,0.40029938840307305,false,false,true,2.7755575615628914e-17,0.39928121551492907,1.173,mnist__cnn1__linf__0.05__model_seed42_itr20_sgd_itr1_w150.bin
mnist,cnn1,model_seed42_itr20_sgd_itr1,linf,0.05,1,313,-0.3186586964293383,7.687329071632121,-0.3186586964293383,7.687329071632121,true,true,-0.400299388403073,-0.400299388403073,0.4002993884030737,0.4002993884030731,WRONG,WRONG,false,false,-0.400299388403073,0.4002993884030731,false,false,true,0.0,0.40029938840307305,1.858,mnist__cnn1__linf__0.05__model_seed42_itr20_sgd_itr1_w151.bin
mnist,cnn1,model_seed42_itr20_sgd_itr1,linf,0.05,1,314,-0.3186586964293383,7.687329071632121,-0.3186586964293383,7.687329071632121,true,true,-7.687329071632121,-0.377829766199177,0.400299388403073,0.400299388403073,WRONG,WRONG,false,false,-0.40029938840307294,0.40029938840307366,false,false,true,0.0,0.377829766199177,0.93,mnist__cnn1__linf__0.05__model_seed42_itr20_sgd_itr1_w152.bin
mnist,cnn1,model_seed42_itr20_sgd_itr1,linf,0.05,1,315,-0.3186586964293383,7.687329071632121,-0.3186586964293383,7.687329071632121,true,true,-7.687329071632121,-0.3738139121612907,7.687329071632121,0.400299388403073,WRONG,WRONG,false,false,-0.400299388403073,0.40029938840307366,false,false,true,1.1013765796998503,1.4751904918611407,0.413,mnist__cnn1__linf__0.05__model_seed42_itr20_sgd_itr1_w153.bin
mnist,cnn1,model_seed42_itr20_sgd_itr1,linf,0.05,1,316,-0.3186586964293383,7.687329071632121,-0.3186586964293383,7.687329071632121,true,true,-7.687329071632121,-0.400299388403073,7.687329071632121,0.4002993884030729,WRONG,WRONG,false,false,-0.400299388403073,0.4002993884030729,false,false,true,0.04631976101720064,0.44661914942027364,0.385,mnist__cnn1__linf__0.05__model_seed42_itr20_sgd_itr1_w154.bin
mnist,cnn1,model_seed42_itr20_sgd_itr1,linf,0.05,1,317,-0.3186586964293383,7.687329071632121,-0.3186586964293383,7.687329071632121,true,true,-7.687329071632121,-0.400299388403073,7.687329071632121,0.40029938840307294,WRONG,WRONG,false,false,-0.400299388403073,0.40029938840307294,false,false,true,0.013729090752039777,0.41402847915511276,0.377,mnist__cnn1__linf__0.05__model_seed42_itr20_sgd_itr1_w155.bin
mnist,cnn1,model_seed42_itr20_sgd_itr1,linf,0.05,1,318,-0.3186586964293383,7.687329071632121,-0.3186586964293383,7.687329071632121,true,true,-7.687329071632121,-0.400299388403073,7.687329071632121,0.3992812155149292,WRONG,WRONG,false,false,-0.400299388403073,0.40029938840307366,false,false,true,0.011253478219429456,0.41155286662250246,0.409,mnist__cnn1__linf__0.05__model_seed42_itr20_sgd_itr1_w156.bin
mnist,cnn1,model_seed42_itr20_sgd_itr1,linf,0.05,1,319,-0.3186586964293383,7.687329071632121,-0.3186586964293383,7.687329071632121,true,true,-7.687329071632121,-0.400299388403073,7.687329071632121,0.40029938840307344,WRONG,WRONG,false,false,-0.400299388403073,0.40029938840307344,false,false,true,1.4957267349863812,1.8960261233894544,0.519,mnist__cnn1__linf__0.05__model_seed42_itr20_sgd_itr1_w157.bin
mnist,cnn1,model_seed42_itr20_sgd_itr1,linf,0.05,1,320,-0.3186586964293383,7.687329071632121,-0.3186586964293383,7.687329071632121,true,true,-7.687329071632121,-0.4002993884030732,7.687329071632121,0.4002993884030729,WRONG,WRONG,false,false,-0.4002993884030732,0.4002993884030729,false,false,true,0.8730434762242069,1.27334286462728,0.334,mnist__cnn1__linf__0.05__model_seed42_itr20_sgd_itr1_w158.bin
mnist,cnn1,model_seed42_itr20_sgd_itr1,linf,0.05,1,321,-0.3186586964293383,7.687329071632121,-0.3186586964293383,7.687329071632121,true,true,-7.687329071632121,-0.400299388403073,7.687329071632121,0.40029938840307294,WRONG,WRONG,false,false,-0.400299388403073,0.40029938840307294,false,false,true,0.007069625944857624,0.4073690143479306,0.324,mnist__cnn1__linf__0.05__model_seed42_itr20_sgd_itr1_w159.bin
mnist,cnn1,model_seed42_itr20_sgd_itr1,linf,0.05,1,322,-0.3186586964293383,7.687329071632121,-0.3186586964293383,7.687329071632121,true,true,-7.687329071632121,-0.40029938840307294,7.687329071632121,0.40029938840307305,WRONG,WRONG,false,false,-0.40029938840307294,0.40029938840307305,false,false,true,0.011858871805386554,0.41215826020845947,0.317,mnist__cnn1__linf__0.05__model_seed42_itr20_sgd_itr1_w160.bin
mnist,cnn1,model_seed42_itr20_sgd_itr1,linf,0.05,1,323,-0.3186586964293383,7.687329071632121,-0.3186586964293383,7.687329071632121,true,true,-0.400299388403073,-0.400299388403073,0.40029938840307305,0.40029938840307305,WRONG,WRONG,false,false,-0.400299388403073,0.40029938840307305,false,false,true,0.0,0.400299388403073,1.583,mnist__cnn1__linf__0.05__model_seed42_itr20_sgd_itr1_w161.bin
mnist,cnn1,model_seed42_itr20_sgd_itr1,linf,0.05,1,324,-0.3186586964293383,7.687329071632121,-0.3186586964293383,7.687329071632121,true,true,-7.687329071632121,-0.37782976619917696,0.400299388403073,0.400299388403073,WRONG,WRONG,false,false,-0.400299388403073,0.400299388403073,false,false,true,0.0,0.37782976619917696,1.045,mnist__cnn1__linf__0.05__model_seed42_itr20_sgd_itr1_w162.bin
mnist,cnn1,model_seed42_itr20_sgd_itr1,linf,0.05,1,325,-5.430652023293078,5.052349190227687,-5.430652023293078,5.052349190227687,true,true,-0.5241500606760383,-0.5241500606760383,0.5241500606760383,0.5241500606760383,WRONG,WRONG,false,false,-0.5241500606760383,0.5241500606760383,false,false,true,0.0,0.5241500606760383,1.727,mnist__cnn1__linf__0.05__model_seed42_itr20_sgd_itr1_w163.bin
mnist,cnn1,model_seed42_itr20_sgd_itr1,linf,0.05,1,326,-5.430652023293078,5.052349190227687,-5.430652023293078,5.052349190227687,true,true,-0.5241500606760384,-0.5241500606760384,0.5241500606760383,0.5241500606760383,WRONG,WRONG,false,false,-0.5241500606760381,0.5241500606760383,false,false,true,5.655198531684391e-16,0.5241500606760389,1.279,mnist__cnn1__linf__0.05__model_seed42_itr20_sgd_itr1_w164.bin
mnist,cnn1,model_seed42_itr20_sgd_itr1,linf,0.05,1,327,-5.430652023293078,5.052349190227687,-5.430652023293078,5.052349190227687,true,true,-0.5241500606760383,-0.5241500606760383,0.5241500606760384,0.5241500606760384,WRONG,WRONG,false,false,-0.5241500606760383,0.5241500606760383,false,false,true,0.0,0.5241500606760383,1.597,mnist__cnn1__linf__0.05__model_seed42_itr20_sgd_itr1_w165.bin
mnist,cnn1,model_seed42_itr20_sgd_itr1,linf,0.05,1,328,-5.430652023293078,5.052349190227687,-5.430652023293078,5.052349190227687,true,true,-0.5241500606760383,-0.5241500606760383,0.5241500606760382,0.5241500606760382,WRONG,WRONG,false,false,-0.5241500606760388,0.5241500606760383,false,false,true,0.0,0.5241500606760383,2.203,mnist__cnn1__linf__0.05__model_seed42_itr20_sgd_itr1_w166.bin
mnist,cnn1,model_seed42_itr20_sgd_itr1,linf,0.05,1,329,-5.430652023293078,5.052349190227687,-5.430652023293078,5.052349190227687,true,true,-0.5241500606760383,-0.5241500606760383,0.5241500606760383,0.5241500606760383,WRONG,WRONG,false,false,-0.5241500606760385,0.5241500606760383,false,false,true,0.0,0.5241500606760383,1.358,mnist__cnn1__linf__0.05__model_seed42_itr20_sgd_itr1_w167.bin
mnist,cnn1,model_seed42_itr20_sgd_itr1,linf,0.05,1,330,-5.430652023293078,5.052349190227687,-5.430652023293078,5.052349190227687,true,true,-0.5241500606760382,-0.5241500606760382,0.5241500606760383,0.5241500606760383,WRONG,WRONG,false,false,-0.5241500606760382,0.5241500606760382,false,false,true,0.0,0.5241500606760381,2.255,mnist__cnn1__linf__0.05__model_seed42_itr20_sgd_itr1_w168.bin
mnist,cnn1,model_seed42_itr20_sgd_itr1,linf,0.05,1,331,-5.430652023293078,5.052349190227687,-5.430652023293078,5.052349190227687,true,true,-5.052349190227687,-0.49673013572072594,5.052349190227687,0.49673013572072594,WRONG,WRONG,false,false,-0.5241500606760382,0.5241500606760382,false,false,true,0.0,0.496730135720726,0.484,mnist__cnn1__linf__0.05__model_seed42_itr20_sgd_itr1_w169.bin
mnist,cnn1,model_seed42_itr20_sgd_itr1,linf,0.05,1,332,-5.430652023293078,5.052349190227687,-5.430652023293078,5.052349190227687,true,true,-5.052349190227687,-0.5241500606760383,5.052349190227687,0.5241500606760383,WRONG,WRONG,false,false,-0.5241500606760383,0.5241500606760383,false,false,true,4.163336342344337e-17,0.5241500606760383,0.377,mnist__cnn1__linf__0.05__model_seed42_itr20_sgd_itr1_w170.bin
mnist,cnn1,model_seed42_itr20_sgd_itr1,linf,0.05,1,333,-5.430652023293078,5.052349190227687,-5.430652023293078,5.052349190227687,true,true,-5.052349190227687,-0.49673013572072594,5.052349190227687,0.49673013572072594,WRONG,WRONG,false,false,-0.5241500606760382,0.5241500606760382,false,false,true,0.0,0.496730135720726,0.437,mnist__cnn1__linf__0.05__model_seed42_itr20_sgd_itr1_w171.bin
mnist,cnn1,model_seed42_itr20_sgd_itr1,linf,0.05,1,334,-5.430652023293078,5.052349190227687,-5.430652023293078,5.052349190227687,true,true,-0.5241500606760388,-0.5241500606760388,0.5241500606760385,0.5241500606760385,WRONG,WRONG,false,false,-0.5241500606760388,0.5241500606760385,false,false,true,3.885780586188048e-16,0.5241500606760388,2.043,mnist__cnn1__linf__0.05__model_seed42_itr20_sgd_itr1_w172.bin
mnist,cnn1,model_seed42_itr20_sgd_itr1,linf,0.05,1,335,-5.430652023293078,5.052349190227687,-5.430652023293078,5.052349190227687,true,true,-0.5241500606760384,-0.5241500606760384,0.5241500606760383,0.5241500606760383,WRONG,WRONG,false,false,-0.5241500606760384,0.5241500606760383,false,false,true,1.1102230246251565e-16,0.5241500606760384,1.841,mnist__cnn1__linf__0.05__model_seed42_itr20_sgd_itr1_w173.bin
mnist,cnn1,model_seed42_itr20_sgd_itr1,linf,0.05,1,336,-5.430652023293078,5.052349190227687,-5.430652023293078,5.052349190227687,true,true,-0.5241500606760383,-0.5241500606760383,0.5241500606760383,0.5241500606760383,WRONG,WRONG,false,false,-0.5241500606760383,0.5241500606760383,false,false,true,0.0,0.5241500606760383,1.955,mnist__cnn1__linf__0.05__model_seed42_itr20_sgd_itr1_w174.bin
mnist,cnn1,model_seed42_itr20_sgd_itr1,linf,0.05,1,337,-5.430652023293078,5.052349190227687,-5.430652023293078,5.052349190227687,true,true,-0.5241500606760382,-0.5241500606760382,0.5241500606760382,0.5241500606760382,WRONG,WRONG,false,false,-0.5241500606760382,0.5241500606760382,false,false,true,0.0,0.5241500606760383,2.275,mnist__cnn1__linf__0.05__model_seed42_itr20_sgd_itr1_w175.bin
mnist,cnn1,model_seed42_itr20_sgd_itr1,linf,0.05,1,338,-5.430652023293078,5.052349190227687,-5.430652023293078,5.052349190227687,true,true,-0.5241500606760381,-0.5241500606760381,0.5241500606760382,0.5241500606760382,WRONG,WRONG,false,false,-0.5241500606760381,0.5241500606760382,false,false,true,0.0,0.5241500606760382,2.202,mnist__cnn1__linf__0.05__model_seed42_itr20_sgd_itr1_w176.bin
mnist,cnn1,model_seed42_itr20_sgd_itr1,linf,0.05,1,339,-5.430652023293078,5.052349190227687,-5.430652023293078,5.052349190227687,true,true,-0.5241500606760383,-0.5241500606760383,0.5241500606760382,0.5241500606760382,WRONG,WRONG,false,false,-0.5241500606760383,0.5241500606760382,false,false,true,0.0,0.5241500606760384,2.735,mnist__cnn1__linf__0.05__model_seed42_itr20_sgd_itr1_w177.bin
mnist,cnn1,model_seed42_itr20_sgd_itr1,linf,0.05,1,340,-5.430652023293078,5.052349190227687,-5.430652023293078,5.052349190227687,true,true,-0.5241500606760383,-0.5241500606760383,0.5241500606760382,0.5241500606760382,WRONG,WRONG,false,false,-0.5241500606760383,0.5241500606760382,false,false,true,0.0,0.5241500606760382,1.572,mnist__cnn1__linf__0.05__model_seed42_itr20_sgd_itr1_w178.bin
mnist,cnn1,model_seed42_itr20_sgd_itr1,linf,0.05,1,341,-5.430652023293078,5.052349190227687,-5.430652023293078,5.052349190227687,true,true,-0.5241500606760382,-0.5241500606760382,0.5241500606760384,0.5241500606760384,WRONG,WRONG,false,false,-0.5241500606760382,0.5241500606760384,false,false,true,0.0,0.5241500606760383,1.24,mnist__cnn1__linf__0.05__model_seed42_itr20_sgd_itr1_w179.bin
mnist,cnn1,model_seed42_itr20_sgd_itr1,linf,0.05,1,342,-5.430652023293078,5.052349190227687,-5.430652023293078,5.052349190227687,true,true,-0.5241500606760383,-0.5241500606760383,0.5241500606760383,0.5241500606760383,WRONG,WRONG,false,false,-0.5241500606760383,0.5241500606760383,false,false,true,0.0,0.5241500606760383,1.916,mnist__cnn1__linf__0.05__model_seed42_itr20_sgd_itr1_w180.bin
mnist,cnn1,model_seed42_itr20_sgd_itr1,linf,0.05,1,343,-5.430652023293078,5.052349190227687,-5.430652023293078,5.052349190227687,true,true,-5.052349190227687,-0.5241500606760383,0.5241500606760383,0.5241500606760383,WRONG,WRONG,false,false,-0.5241500606760383,0.5241500606760383,false,false,true,2.7755575615628914e-17,0.5241500606760383,0.835,mnist__cnn1__linf__0.05__model_seed42_itr20_sgd_itr1_w181.bin
mnist,cnn1,model_seed42_itr20_sgd_itr1,linf,0.05,1,344,-5.430652023293078,5.052349190227687,-5.430652023293078,5.052349190227687,true,true,-0.5241500606760383,-0.5241500606760383,0.5241500606760383,0.5241500606760383,WRONG,WRONG,false,false,-0.5241500606760383,0.5241500606760383,false,false,true,4.163336342344337e-17,0.5241500606760383,1.736,mnist__cnn1__linf__0.05__model_seed42_itr20_sgd_itr1_w182.bin
mnist,cnn1,model_seed42_itr20_sgd_itr1,linf,0.05,1,345,-5.430652023293078,5.052349190227687,-5.430652023293078,5.052349190227687,true,true,-0.5241500606760382,-0.5241500606760382,0.5241500606760383,0.5241500606760383,WRONG,WRONG,false,false,-0.5241500606760383,0.5241500606760382,false,false,true,0.0,0.5241500606760382,2.872,mnist__cnn1__linf__0.05__model_seed42_itr20_sgd_itr1_w183.bin
mnist,cnn1,model_seed42_itr20_sgd_itr1,linf,0.05,1,346,-5.430652023293078,5.052349190227687,-5.430652023293078,5.052349190227687,true,true,-0.5241500606760383,-0.5241500606760383,0.5241500606760383,0.5241500606760383,WRONG,WRONG,false,false,-0.5241500606760383,0.5241500606760383,false,false,true,0.0,0.5241500606760382,1.994,mnist__cnn1__linf__0.05__model_seed42_itr20_sgd_itr1_w184.bin
mnist,cnn1,model_seed42_itr20_sgd_itr1,linf,0.05,1,347,-5.430652023293078,5.052349190227687,-5.430652023293078,5.052349190227687,true,true,-0.5241500606760384,-0.5241500606760384,0.5241500606760382,0.5241500606760382,WRONG,WRONG,false,false,-0.5241500606760384,0.5241500606760382,false,false,true,2.0816681711721685e-17,0.5241500606760384,1.9,mnist__cnn1__linf__0.05__model_seed42_itr20_sgd_itr1_w185.bin
mnist,cnn1,model_seed42_itr20_sgd_itr1,linf,0.05,1,348,-5.430652023293078,5.052349190227687,-5.430652023293078,5.052349190227687,true,true,-0.5241500606760382,-0.5241500606760382,0.5241500606760384,0.5241500606760384,WRONG,WRONG,false,false,-0.5241500606760382,0.5241500606760384,false,false,true,0.0,0.5241500606760382,2.017,mnist__cnn1__linf__0.05__model_seed42_itr20_sgd_itr1_w186.bin
mnist,cnn1,model_seed42_itr20_sgd_itr1,linf,0.05,1,349,-5.430652023293078,5.052349190227687,-5.430652023293078,5.052349190227687,true,true,-0.5241500606760381,-0.5241500606760381,0.5241500606760382,0.5241500606760382,WRONG,WRONG,false,false,-0.5241500606760381,0.5241500606760382,false,false,true,0.0,0.5241500606760382,1.361,mnist__cnn1__linf__0.05__model_seed42_itr20_sgd_itr1_w187.bin
mnist,cnn1,model_seed42_itr20_sgd_itr1,linf,0.05,1,350,-5.430652023293078,5.052349190227687,-5.430652023293078,5.052349190227687,true,true,-0.5241500606760383,-0.5241500606760383,0.5241500606760383,0.5241500606760383,WRONG,WRONG,false,false,-0.5241500606760383,0.5241500606760383,false,false,true,0.0,0.5241500606760383,1.699,mnist__cnn1__linf__0.05__model_seed42_itr20_sgd_itr1_w188.bin
mnist,cnn1,model_seed42_itr20_sgd_itr1,linf,0.05,1,351,-5.430652023293078,5.052349190227687,-5.430652023293078,5.052349190227687,true,true,-0.5241500606760383,-0.5241500606760383,0.5241500606760383,0.5241500606760383,WRONG,WRONG,false,false,-0.5241500606760383,0.5241500606760383,false,false,true,2.2551405187698492e-17,0.5241500606760383,1.209,mnist__cnn1__linf__0.05__model_seed42_itr20_sgd_itr1_w189.bin
mnist,cnn1,model_seed42_itr20_sgd_itr1,linf,0.05,1,352,-5.430652023293078,5.052349190227687,-5.430652023293078,5.052349190227687,true,true,-0.5241500606760496,-0.5241500606760496,0.5241500606760383,0.5241500606760383,WRONG,WRONG,false,false,-0.5241500606760434,0.5241500606760383,false,false,true,6.938893903907228e-15,0.5241500606760452,2.279,mnist__cnn1__linf__0.05__model_seed42_itr20_sgd_itr1_w190.bin
mnist,cnn1,model_seed42_itr20_sgd_itr1,linf,0.05,1,353,-5.430652023293078,5.052349190227687,-5.430652023293078,5.052349190227687,true,true,-5.052349190227687,-0.49673013572072605,5.052349190227687,0.4911106463049807,WRONG,WRONG,false,false,-0.5241500606760382,0.5241500606760383,false,false,true,0.0,0.4967301357207261,0.454,mnist__cnn1__linf__0.05__model_seed42_itr20_sgd_itr1_w191.bin
mnist,cnn1,model_seed42_itr20_sgd_itr1,linf,0.05,1,354,-5.430652023293078,5.052349190227687,-5.430652023293078,5.052349190227687,true,true,-0.524150060676038,-0.524150060676038,0.5241500606760382,0.5241500606760382,WRONG,WRONG,false,false,-0.524150060676038,0.5241500606760382,false,false,true,0.0,0.524150060676038,1.471,mnist__cnn1__linf__0.05__model_seed42_itr20_sgd_itr1_w192.bin
mnist,cnn1,model_seed42_itr20_sgd_itr1,linf,0.05,1,355,-5.430652023293078,5.052349190227687,-5.430652023293078,5.052349190227687,true,true,-0.5241500606760383,-0.5241500606760383,0.5241500606760381,0.5241500606760381,WRONG,WRONG,false,false,-0.5241500606760383,0.5241500606760381,false,false,true,1.0408340855860843e-17,0.5241500606760384,2.047,mnist__cnn1__linf__0.05__model_seed42_itr20_sgd_itr1_w193.bin
mnist,cnn1,model_seed42_itr20_sgd_itr1,linf,0.05,1,356,-5.430652023293078,5.052349190227687,-5.430652023293078,5.052349190227687,true,true,-0.5241500606760384,-0.5241500606760384,0.5241500606760382,0.5241500606760382,WRONG,WRONG,false,false,-0.5241500606760384,0.5241500606760382,false,false,true,1.1102230246251565e-16,0.5241500606760384,1.638,mnist__cnn1__linf__0.05__model_seed42_itr20_sgd_itr1_w194.bin
mnist,cnn1,model_seed42_itr20_sgd_itr1,linf,0.05,1,357,-5.430652023293078,5.052349190227687,-5.430652023293078,5.052349190227687,true,true,-0.5241500606760382,-0.5241500606760382,0.5241500606760383,0.5241500606760383,WRONG,WRONG,false,false,-0.5241500606760383,0.5241500606760383,false,false,true,0.0,0.5241500606760383,1.234,mnist__cnn1__linf__0.05__model_seed42_itr20_sgd_itr1_w195.bin
mnist,cnn1,model_seed42_itr20_sgd_itr1,linf,0.05,1,358,-5.430652023293078,5.052349190227687,-5.430652023293078,5.052349190227687,true,true,-0.5241500606760385,-0.5241500606760385,5.052349190227687,0.5241500606760382,WRONG,WRONG,false,false,-0.5241500606760381,0.5241500606760382,false,false,true,0.6431181910085879,1.1672682516846262,1.14,mnist__cnn1__linf__0.05__model_seed42_itr20_sgd_itr1_w196.bin
mnist,cnn1,model_seed42_itr20_sgd_itr1,linf,0.05,1,359,-5.430652023293078,5.052349190227687,-5.430652023293078,5.052349190227687,true,true,-0.5241500606760385,-0.5241500606760385,0.5241500606760381,0.5241500606760381,WRONG,WRONG,false,false,-0.5241500606760383,0.5241500606760381,false,false,true,0.0,0.5241500606760384,1.158,mnist__cnn1__linf__0.05__model_seed42_itr20_sgd_itr1_w197.bin
mnist,cnn1,model_seed42_itr20_sgd_itr1,linf,0.05,1,360,-5.430652023293078,5.052349190227687,-5.430652023293078,5.052349190227687,true,true,-0.5241500606760383,-0.5241500606760383,0.5241500606760382,0.5241500606760382,WRONG,WRONG,false,false,-0.5241500606760383,0.5241500606760382,false,false,true,5.551115123125783e-17,0.5241500606760383,1.784,mnist__cnn1__linf__0.05__model_seed42_itr20_sgd_itr1_w198.bin
mnist,cnn1,model_seed42_itr20_sgd_itr1,linf,0.05,1,361,-5.430652023293078,5.052349190227687,-5.430652023293078,5.052349190227687,true,true,-5.052349190227687,-0.5241500606760383,5.052349190227687,0.5241500606760383,WRONG,WRONG,false,false,-0.5241500606760383,0.5241500606760383,false,false,true,5.551115123125783e-17,0.5241500606760383,0.326,mnist__cnn1__linf__0.05__model_seed42_itr20_sgd_itr1_w199.bin
mnist,cnn1,model_seed42_itr20_sgd_itr1,linf,0.05,1,362,-5.430652023293078,5.052349190227687,-5.430652023293078,5.052349190227687,true,true,-0.5241500606760383,-0.5241500606760383,0.5241500606760383,0.5241500606760383,WRONG,WRONG,false,false,-0.5241500606760383,0.5241500606760383,false,false,true,2.7755575615628914e-17,0.5241500606760383,1.644,mnist__cnn1__linf__0.05__model_seed42_itr20_sgd_itr1_w200.bin
mnist,cnn1,model_seed42_itr20_sgd_itr1,linf,0.05,1,363,-5.430652023293078,5.052349190227687,-5.430652023293078,5.052349190227687,true,true,-0.5241500606760383,-0.5241500606760383,0.5241500606760383,0.5241500606760383,WRONG,WRONG,false,false,-0.5241500606760383,0.5241500606760383,false,false,true,0.0,0.5241500606760383,1.959,mnist__cnn1__linf__0.05__model_seed42_itr20_sgd_itr1_w201.bin
mnist,cnn1,model_seed42_itr20_sgd_itr1,linf,0.05,1,364,-5.430652023293078,5.052349190227687,-5.430652023293078,5.052349190227687,true,true,-0.5241500606760382,-0.5241500606760382,5.052349190227687,0.5241500606760383,WRONG,WRONG,false,false,-0.5241500606760382,0.5241500606760383,false,false,true,0.5136443076175577,1.0377943682935962,1.18,mnist__cnn1__linf__0.05__model_seed42_itr20_sgd_itr1_w202.bin
mnist,cnn1,model_seed42_itr20_sgd_itr1,linf,0.05,1,365,-5.430652023293078,5.052349190227687,-5.430652023293078,5.052349190227687,true,true,-0.5241500606760383,-0.5241500606760383,0.5241500606760382,0.5241500606760382,WRONG,WRONG,false,false,-0.5241500606760382,0.5241500606760382,false,false,true,0.0,0.5241500606760382,1.347,mnist__cnn1__linf__0.05__model_seed42_itr20_sgd_itr1_w203.bin
mnist,cnn1,model_seed42_itr20_sgd_itr1,linf,0.05,1,366,-5.430652023293078,5.052349190227687,-5.430652023293078,5.052349190227687,true,true,-0.5241500606760383,-0.5241500606760383,0.5241500606760383,0.5241500606760383,WRONG,WRONG,false,false,-0.5241500606760383,0.5241500606760383,false,false,true,0.0,0.5241500606760383,2.2,mnist__cnn1__linf__0.05__model_seed42_itr20_sgd_itr1_w204.bin
mnist,cnn1,model_seed42_itr20_sgd_itr1,linf,0.05,1,367,-5.430652023293078,5.052349190227687,-5.430652023293078,5.052349190227687,true,true,-0.5241500606760383,-0.5241500606760383,0.5241500606760382,0.5241500606760382,WRONG,WRONG,false,false,-0.5241500606760375,0.5241500606760382,false,false,true,5.551115123125783e-17,0.5241500606760383,1.754,mnist__cnn1__linf__0.05__model_seed42_itr20_sgd_itr1_w205.bin
mnist,cnn1,model_seed42_itr20_sgd_itr1,linf,0.05,1,368,-5.430652023293078,5.052349190227687,-5.430652023293078,5.052349190227687,true,true,-0.5241500606760379,-0.5241500606760379,0.5241500606760384,0.5241500606760384,WRONG,WRONG,false,false,-0.5241500606760379,0.5241500606760384,false,false,true,0.0,0.5241500606760383,1.54,mnist__cnn1__linf__0.05__model_seed42_itr20_sgd_itr1_w206.bin
mnist,cnn1,model_seed42_itr20_sgd_itr1,linf,0.05,1,369,-5.430652023293078,5.052349190227687,-5.430652023293078,5.052349190227687,true,true,-0.5241500606760383,-0.5241500606760383,0.5241500606760383,0.5241500606760383,WRONG,WRONG,false,false,-0.5241500606760383,0.5241500606760383,false,false,true,1.1102230246251565e-16,0.5241500606760382,2.291,mnist__cnn1__linf__0.05__model_seed42_itr20_sgd_itr1_w207.bin
mnist,cnn1,model_seed42_itr20_sgd_itr1,linf,0.05,1,370,-5.430652023293078,5.052349190227687,-5.430652023293078,5.052349190227687,true,true,-5.052349190227687,-0.5241500606760385,5.052349190227687,0.5241500606760383,WRONG,WRONG,false,false,-0.5241500606760385,0.5241500606760383,false,false,true,0.07419626351883284,0.598346324194871,0.29,mnist__cnn1__linf__0.05__model_seed42_itr20_sgd_itr1_w208.bin
mnist,cnn1,model_seed42_itr20_sgd_itr1,linf,0.05,1,371,-5.430652023293078,5.052349190227687,-5.430652023293078,5.052349190227687,true,true,-0.5241500606760398,-0.5241500606760398,0.5241500606760383,0.5241500606760383,WRONG,WRONG,false,false,-0.5241500606760398,0.5241500606760383,false,false,true,1.2212453270876722e-15,0.5241500606760396,1.349,mnist__cnn1__linf__0.05__model_seed42_itr20_sgd_itr1_w209.bin
mnist,cnn1,model_seed42_itr20_sgd_itr1,linf,0.05,1,372,-5.430652023293078,5.052349190227687,-5.430652023293078,5.052349190227687,true,true,-0.524150060676038,-0.524150060676038,0.5241500606760384,0.5241500606760384,WRONG,WRONG,false,false,-0.5241500606760383,0.5241500606760384,false,false,true,0.0,0.5241500606760376,2.974,mnist__cnn1__linf__0.05__model_seed42_itr20_sgd_itr1_w210.bin
mnist,cnn1,model_seed42_itr20_sgd_itr1,linf,0.05,1,373,-5.430652023293078,5.052349190227687,-5.430652023293078,5.052349190227687,true,true,-0.5241500606760384,-0.5241500606760384,0.5241500606760383,0.5241500606760383,WRONG,WRONG,false,false,-0.5241500606760384,0.5241500606760383,false,false,true,0.0,0.5241500606760383,2.427,mnist__cnn1__linf__0.05__model_seed42_itr20_sgd_itr1_w211.bin
mnist,cnn1,model_seed42_itr20_sgd_itr1,linf,0.05,1,374,-5.430652023293078,5.052349190227687,-5.430652023293078,5.052349190227687,true,true,-0.5241500606760454,-0.5241500606760454,0.5241500606760383,0.5241500606760383,WRONG,WRONG,false,false,-0.5241500606760454,0.5241500606760383,false,false,true,6.661338147750939e-15,0.524150060676045,1.847,mnist__cnn1__linf__0.05__model_seed42_itr20_sgd_itr1_w212.bin
mnist,cnn1,model_seed42_itr20_sgd_itr1,linf,0.05,1,375,-5.430652023293078,5.052349190227687,-5.430652023293078,5.052349190227687,true,true,-0.5241500606760382,-0.5241500606760382,0.5241500606760382,0.5241500606760382,WRONG,WRONG,false,false,-0.5241500606760382,0.5241500606760382,false,false,true,0.0,0.5241500606760382,1.896,mnist__cnn1__linf__0.05__model_seed42_itr20_sgd_itr1_w213.bin
mnist,cnn1,model_seed42_itr20_sgd_itr1,linf,0.05,1,376,-5.430652023293078,5.052349190227687,-5.430652023293078,5.052349190227687,true,true,-0.5241500606760385,-0.5241500606760385,0.5241500606760381,0.5241500606760381,WRONG,WRONG,false,false,-0.5241500606760385,0.5241500606760381,false,false,true,3.9898639947466563e-16,0.5241500606760386,1.609,mnist__cnn1__linf__0.05__model_seed42_itr20_sgd_itr1_w214.bin
mnist,cnn1,model_seed42_itr20_sgd_itr1,linf,0.05,1,377,-5.430652023293078,5.052349190227687,-5.430652023293078,5.052349190227687,true,true,-0.5241500606760383,-0.5241500606760383,0.5241500606760368,0.5241500606760368,WRONG,WRONG,false,false,-0.5241500606760383,0.5241500606760368,false,false,true,4.163336342344337e-17,0.5241500606760383,1.843,mnist__cnn1__linf__0.05__model_seed42_itr20_sgd_itr1_w215.bin
mnist,cnn1,model_seed42_itr20_sgd_itr1,linf,0.05,1,378,-5.430652023293078,5.052349190227687,-5.430652023293078,5.052349190227687,true,true,-0.5241500606760383,-0.5241500606760383,0.5241500606760383,0.5241500606760383,WRONG,WRONG,false,false,-0.5241500606760383,0.5241500606760383,false,false,true,5.551115123125783e-17,0.5241500606760383,1.49,mnist__cnn1__linf__0.05__model_seed42_itr20_sgd_itr1_w216.bin
mnist,cnn1,model_seed42_itr20_sgd_itr1,linf,0.05,1,379,-5.430652023293078,5.052349190227687,-5.430652023293078,5.052349190227687,true,true,-5.052349190227687,-0.5216012190578057,5.052349190227687,0.5241500606760383,WRONG,WRONG,false,false,-0.5241500606760381,0.5241500606760385,false,false,true,0.7333307902717142,1.2549320093295193,0.335,mnist__cnn1__linf__0.05__model_seed42_itr20_sgd_itr1_w217.bin
mnist,cnn1,model_seed42_itr20_sgd_itr1,linf,0.05,1,380,-5.430652023293078,5.052349190227687,-5.430652023293078,5.052349190227687,true,true,-5.052349190227687,-0.46589004209076595,5.052349190227687,0.5177932548721301,WRONG,WRONG,false,false,-0.5241500606760383,0.5241500606760383,false,false,true,3.2851325826310784e-17,0.46589004209076595,0.627,mnist__cnn1__linf__0.05__model_seed42_itr20_sgd_itr1_w218.bin
mnist,cnn1,model_seed42_itr20_sgd_itr1,linf,0.05,1,381,-5.430652023293078,5.052349190227687,-5.430652023293078,5.052349190227687,true,true,-0.5241500606760383,-0.5241500606760383,0.5241500606760382,0.5241500606760382,WRONG,WRONG,false,false,-0.5241500606760383,0.5241500606760382,false,false,true,1.249000902703301e-16,0.5241500606760383,1.566,mnist__cnn1__linf__0.05__model_seed42_itr20_sgd_itr1_w219.bin
mnist,cnn1,model_seed42_itr20_sgd_itr1,linf,0.05,1,382,-5.430652023293078,5.052349190227687,-5.430652023293078,5.052349190227687,true,true,-0.5241500606760378,-0.5241500606760378,5.052349190227687,0.524150060676038,WRONG,WRONG,false,false,-0.5241500606760378,0.524150060676038,false,false,true,0.7639069838396318,1.2880570445156703,1.011,mnist__cnn1__linf__0.05__model_seed42_itr20_sgd_itr1_w220.bin
mnist,cnn1,model_seed42_itr20_sgd_itr1,linf,0.05,1,383,-5.430652023293078,5.052349190227687,-5.430652023293078,5.052349190227687,true,true,-5.052349190227687,-0.49673013572072605,5.052349190227687,0.49673013572072605,WRONG,WRONG,false,false,-0.5241500606760382,0.5241500606760379,false,false,true,0.0,0.4967301357207261,0.591,mnist__cnn1__linf__0.05__model_seed42_itr20_sgd_itr1_w221.bin
mnist,cnn1,model_seed42_itr20_sgd_itr1,linf,0.05,1,384,-5.430652023293078,5.052349190227687,-5.430652023293078,5.052349190227687,true,true,-5.052349190227687,-0.5241500606760383,0.5241500606760382,0.5241500606760382,WRONG,WRONG,false,false,-0.5241500606760382,0.5241500606760382,false,false,true,5.551115123125783e-17,0.5241500606760384,0.845,mnist__cnn1__linf__0.05__model_seed42_itr20_sgd_itr1_w222.bin
mnist,cnn1,model_seed42_itr20_sgd_itr1,linf,0.05,1,385,-5.430652023293078,5.052349190227687,-5.430652023293078,5.052349190227687,true,true,-0.5241500606760383,-0.5241500606760383,0.5241500606760382,0.5241500606760382,WRONG,WRONG,false,false,-0.5241500606760383,0.5241500606760382,false,false,true,0.0,0.5241500606760383,1.91,mnist__cnn1__linf__0.05__model_seed42_itr20_sgd_itr1_w223.bin
mnist,cnn1,model_seed42_itr20_sgd_itr1,linf,0.05,1,386,-5.430652023293078,5.052349190227687,-5.430652023293078,5.052349190227687,true,true,-0.5241500606760405,-0.5241500606760405,0.5241500606760383,0.5241500606760383,WRONG,WRONG,false,false,-0.5241500606760405,0.5241500606760383,false,false,true,0.0,0.5241500606760382,1.513,mnist__cnn1__linf__0.05__model_seed42_itr20_sgd_itr1_w224.bin
mnist,cnn1,model_seed42_itr20_sgd_itr1,linf,0.05,1,387,-5.430652023293078,5.052349190227687,-5.430652023293078,5.052349190227687,true,true,-0.5241500606760383,-0.5241500606760383,0.5241500606760383,0.5241500606760383,WRONG,WRONG,false,false,-0.5241500606760383,0.5241500606760383,false,false,true,0.0,0.5241500606760383,1.624,mnist__cnn1__linf__0.05__model_seed42_itr20_sgd_itr1_w225.bin
mnist,cnn1,model_seed42_itr20_sgd_itr1,linf,0.05,1,388,-5.430652023293078,5.052349190227687,-5.430652023293078,5.052349190227687,true,true,-5.052349190227687,-0.5241500606760383,0.5241500606760382,0.5241500606760382,WRONG,WRONG,false,false,-0.5241500606760384,0.5241500606760382,false,false,true,1.3183898417423734e-16,0.5241500606760382,0.734,mnist__cnn1__linf__0.05__model_seed42_itr20_sgd_itr1_w226.bin
mnist,cnn1,model_seed42_itr20_sgd_itr1,linf,0.05,1,389,-5.430652023293078,5.052349190227687,-5.430652023293078,5.052349190227687,true,true,-0.5241500606760386,-0.5241500606760386,0.5241500606760382,0.5241500606760382,WRONG,WRONG,false,false,-0.5241500606760386,0.5241500606760382,false,false,true,0.0,0.5241500606760389,1.327,mnist__cnn1__linf__0.05__model_seed42_itr20_sgd_itr1_w227.bin
mnist,cnn1,model_seed42_itr20_sgd_itr1,linf,0.05,1,390,-5.430652023293078,5.052349190227687,-5.430652023293078,5.052349190227687,true,true,-0.5241500606760381,-0.5241500606760381,0.5241500606760383,0.5241500606760383,WRONG,WRONG,false,false,-0.5241500606760381,0.5241500606760383,false,false,true,0.0,0.5241500606760381,1.842,mnist__cnn1__linf__0.05__model_seed42_itr20_sgd_itr1_w228.bin
mnist,cnn1,model_seed42_itr20_sgd_itr1,linf,0.05,1,391,-5.430652023293078,5.052349190227687,-5.430652023293078,5.052349190227687,true,true,-0.5241500606760381,-0.5241500606760381,5.052349190227687,0.5241500606760384,WRONG,WRONG,false,false,-0.5241500606760383,0.5241500606760384,false,false,true,1.3700622303408672,1.8942122910169055,1.626,mnist__cnn1__linf__0.05__model_seed42_itr20_sgd_itr1_w229.bin
mnist,cnn1,model_seed42_itr20_sgd_itr1,linf,0.05,1,392,-5.430652023293078,5.052349190227687,-5.430652023293078,5.052349190227687,true,true,-5.052349190227687,-0.49673013572072605,5.052349190227687,0.49673013572072605,WRONG,WRONG,false,false,-0.5241500606760385,0.5241500606760383,false,false,true,0.0,0.4967301357207261,0.403,mnist__cnn1__linf__0.05__model_seed42_itr20_sgd_itr1_w230.bin
mnist,cnn1,model_seed42_itr20_sgd_itr1,linf,0.05,1,393,-5.430652023293078,5.052349190227687,-5.430652023293078,5.052349190227687,true,true,-5.052349190227687,-0.5241500606760381,0.5241500606760383,0.5241500606760383,WRONG,WRONG,false,false,-0.5241500606760382,0.5241500606760383,false,false,true,0.0,0.5241500606760382,1.097,mnist__cnn1__linf__0.05__model_seed42_itr20_sgd_itr1_w231.bin
mnist,cnn1,model_seed42_itr20_sgd_itr1,linf,0.05,1,394,-5.430652023293078,5.052349190227687,-5.430652023293078,5.052349190227687,true,true,-0.5241500606760383,-0.5241500606760383,0.5241500606760384,0.5241500606760384,WRONG,WRONG,false,false,-0.5241500606760383,0.5241500606760384,false,false,true,4.163336342344337e-17,0.5241500606760384,1.769,mnist__cnn1__linf__0.05__model_seed42_itr20_sgd_itr1_w232.bin
mnist,cnn1,model_seed42_itr20_sgd_itr1,linf,0.05,1,395,-5.430652023293078,5.052349190227687,-5.430652023293078,5.052349190227687,true,true,-0.5241500606760382,-0.5241500606760382,0.5241500606760381,0.5241500606760381,WRONG,WRONG,false,false,-0.5241500606760382,0.5241500606760381,false,false,true,0.0,0.5241500606760383,1.884,mnist__cnn1__linf__0.05__model_seed42_itr20_sgd_itr1_w233.bin
mnist,cnn1,model_seed42_itr20_sgd_itr1,linf,0.05,1,396,-5.430652023293078,5.052349190227687,-5.430652023293078,5.052349190227687,true,true,-0.5241500606760383,-0.5241500606760383,0.5241500606760383,0.5241500606760383,WRONG,WRONG,false,false,-0.5241500606760383,0.5241500606760383,false,false,true,4.85722573273506e-17,0.5241500606760383,2.611,mnist__cnn1__linf__0.05__model_seed42_itr20_sgd_itr1_w234.bin
mnist,cnn1,model_seed42_itr20_sgd_itr1,linf,0.05,1,397,-5.430652023293078,5.052349190227687,-5.430652023293078,5.052349190227687,true,true,-5.052349190227687,-0.5241500606760374,5.052349190227687,0.5241500606760383,WRONG,WRONG,false,false,-0.5241500606760374,0.5241500606760383,false,false,true,0.0,0.524150060676038,0.585,mnist__cnn1__linf__0.05__model_seed42_itr20_sgd_itr1_w235.bin
mnist,cnn1,model_seed42_itr20_sgd_itr1,linf,0.05,1,398,-5.430652023293078,5.052349190227687,-5.430652023293078,5.052349190227687,true,true,-5.052349190227687,-0.5241500606760382,5.052349190227687,0.5241500606760383,WRONG,WRONG,false,false,-0.5241500606760382,0.5241500606760383,false,false,true,0.0,0.5241500606760383,0.559,mnist__cnn1__linf__0.05__model_seed42_itr20_sgd_itr1_w236.bin
mnist,cnn1,model_seed42_itr20_sgd_itr1,linf,0.05,1,399,-5.430652023293078,5.052349190227687,-5.430652023293078,5.052349190227687,true,true,-5.052349190227687,-0.5241500606760383,0.5241500606760382,0.5241500606760382,WRONG,WRONG,false,false,-0.5241500606760389,0.5241500606760382,false,false,true,0.0,0.5241500606760383,1.151,mnist__cnn1__linf__0.05__model_seed42_itr20_sgd_itr1_w237.bin
mnist,cnn1,model_seed42_itr20_sgd_itr1,linf,0.05,1,400,-5.430652023293078,5.052349190227687,-5.430652023293078,5.052349190227687,true,true,-0.5241500606760385,-0.5241500606760385,0.5241500606760381,0.5241500606760381,WRONG,WRONG,false,false,-0.5241500606760385,0.5241500606760381,false,false,true,8.881784197001252e-16,0.5241500606760385,1.765,mnist__cnn1__linf__0.05__model_seed42_itr20_sgd_itr1_w238.bin
mnist,cnn1,model_seed42_itr20_sgd_itr1,linf,0.05,1,401,-5.430652023293078,5.052349190227687,-5.430652023293078,5.052349190227687,true,true,-0.5241500606760384,-0.5241500606760384,0.5241500606760381,0.5241500606760381,WRONG,WRONG,false,false,-0.5241500606760384,0.5241500606760381,false,false,true,1.1102230246251565e-16,0.5241500606760384,1.865,mnist__cnn1__linf__0.05__model_seed42_itr20_sgd_itr1_w239.bin
mnist,cnn1,model_seed42_itr20_sgd_itr1,linf,0.05,1,402,-5.430652023293078,5.052349190227687,-5.430652023293078,5.052349190227687,true,true,-0.5241500606760383,-0.5241500606760383,0.5241500606760383,0.5241500606760383,WRONG,WRONG,false,false,-0.5241500606760383,0.5241500606760383,false,false,true,2.7755575615628914e-17,0.5241500606760383,1.73,mnist__cnn1__linf__0.05__model_seed42_itr20_sgd_itr1_w240.bin
mnist,cnn1,model_seed42_itr20_sgd_itr1,linf,0.05,1,403,-5.430652023293078,5.052349190227687,-5.430652023293078,5.052349190227687,true,true,-0.5241500606760383,-0.5241500606760383,0.5241500606760383,0.5241500606760383,WRONG,WRONG,false,false,-0.5241500606760383,0.5241500606760383,false,false,true,0.0,0.5241500606760383,1.853,mnist__cnn1__linf__0.05__model_seed42_itr20_sgd_itr1_w241.bin
mnist,cnn1,model_seed42_itr20_sgd_itr1,linf,0.05,1,404,-5.430652023293078,5.052349190227687,-5.430652023293078,5.052349190227687,true,true,-0.5241500606760383,-0.5241500606760383,0.5241500606760382,0.5241500606760382,WRONG,WRONG,false,false,-0.5241500606760383,0.5241500606760382,false,false,true,1.1102230246251565e-16,0.5241500606760383,1.713,mnist__cnn1__linf__0.05__model_seed42_itr20_sgd_itr1_w242.bin
mnist,cnn1,model_seed42_itr20_sgd_itr1,linf,0.05,1,405,-5.430652023293078,5.052349190227687,-5.430652023293078,5.052349190227687,true,true,-0.5241500606760383,-0.5241500606760383,0.5241500606760384,0.5241500606760384,WRONG,WRONG,false,false,-0.5241500606760383,0.5241500606760382,false,false,true,0.0,0.5241500606760383,1.789,mnist__cnn1__linf__0.05__model_seed42_itr20_sgd_itr1_w243.bin
mnist,cnn1,model_seed42_itr20_sgd_itr1,linf,0.05,1,406,-4.278565615415573,4.329349186271429,-4.278565615415573,4.329349186271429,true,true,-4.329349186271429,-0.4197302310175289,4.329349186271429,0.4299434238182862,WRONG,WRONG,false,false,-0.43039574008435016,0.43039574008435016,false,false,true,0.0,0.4197302310175288,0.525,mnist__cnn1__linf__0.05__model_seed42_itr20_sgd_itr1_w244.bin
mnist,cnn1,model_seed42_itr20_sgd_itr1,linf,0.05,1,407,-4.278565615415573,4.329349186271429,-4.278565615415573,4.329349186271429,true,true,-4.329349186271429,-0.43039574008435055,4.329349186271429,0.42903946597855147,WRONG,WRONG,false,false,-0.43039574008435055,0.43039574008435066,false,false,true,0.6743146785883768,1.1047104186727272,0.645,mnist__cnn1__linf__0.05__model_seed42_itr20_sgd_itr1_w245.bin
mnist,cnn1,model_seed42_itr20_sgd_itr1,linf,0.05,1,408,-4.278565615415573,4.329349186271429,-4.278565615415573,4.329349186271429,true,true,-4.329349186271429,-0.4303957400843501,0.4303957400843502,0.4303957400843502,WRONG,WRONG,false,false,-0.43039574008435005,0.4303957400843493,false,false,true,6.938893903907228e-18,0.4303957400843501,1.496,mnist__cnn1__linf__0.05__model_seed42_itr20_sgd_itr1_w246.bin
mnist,cnn1,model_seed42_itr20_sgd_itr1,linf,0.05,1,409,-4.278565615415573,4.329349186271429,-4.278565615415573,4.329349186271429,true,true,-4.329349186271429,-0.392406815213096,4.329349186271429,0.21458250921778685,WRONG,WRONG,false,false,-0.43039574008435033,0.4303957400843502,false,false,true,0.012805875396648507,0.4052126906097446,0.342,mnist__cnn1__linf__0.05__model_seed42_itr20_sgd_itr1_w247.bin
mnist,cnn1,model_seed42_itr20_sgd_itr1,linf,0.05,1,410,-4.278565615415573,4.329349186271429,-4.278565615415573,4.329349186271429,true,true,-4.329349186271429,-0.3214937747721215,4.329349186271429,0.4191264938707297,WRONG,WRONG,false,false,-0.4303957400843502,0.43039574008435,false,false,true,0.22764937487057307,0.5491431496426946,0.362,mnist__cnn1__linf__0.05__model_seed42_itr20_sgd_itr1_w248.bin
mnist,cnn1,model_seed42_itr20_sgd_itr1,linf,0.05,1,411,-4.278565615415573,4.329349186271429,-4.278565615415573,4.329349186271429,true,true,-4.329349186271429,-0.41973023101752904,4.329349186271429,0.43039574008435016,WRONG,WRONG,false,false,-0.43039574008435016,0.43039574008435016,false,false,true,0.0,0.41973023101752893,0.485,mnist__cnn1__linf__0.05__model_seed42_itr20_sgd_itr1_w249.bin
mnist,cnn1,model_seed42_itr20_sgd_itr1,linf,0.05,1,412,-4.278565615415573,4.329349186271429,-4.278565615415573,4.329349186271429,true,true,-4.329349186271429,-0.4303957400843528,4.329349186271429,0.4218843520237343,WRONG,WRONG,false,false,-0.4303957400843528,0.43039574008435033,false,false,true,0.6624597855630644,1.0928555256474146,0.79,mnist__cnn1__linf__0.05__model_seed42_itr20_sgd_itr1_w250.bin
mnist,cnn1,model_seed42_itr20_sgd_itr1,linf,0.05,1,413,-4.278565615415573,4.329349186271429,-4.278565615415573,4.329349186271429,true,true,-4.329349186271429,-0.4303957400843498,4.329349186271429,0.41973023101752893,WRONG,WRONG,false,false,-0.4303957400843498,0.4303957400843501,false,false,true,0.0,0.43039574008434967,0.776,mnist__cnn1__linf__0.05__model_seed42_itr20_sgd_itr1_w251.bin
mnist,cnn1,model_seed42_itr20_sgd_itr1,linf,0.05,1,414,-4.278565615415573,4.329349186271429,-4.278565615415573,4.329349186271429,true,true,-4.329349186271429,-0.43039574008435,4.329349186271429,0.38606359006255697,WRONG,WRONG,false,false,-0.43039574008435,0.43039574008435044,false,false,true,0.5790869353506498,1.0094826754350001,0.472,mnist__cnn1__linf__0.05__model_seed42_itr20_sgd_itr1_w252.bin
mnist,cnn1,model_seed42_itr20_sgd_itr1,linf,0.05,1,415,-4.278565615415573,4.329349186271429,-4.278565615415573,4.329349186271429,true,true,-4.329349186271429,-0.4303957400843501,4.329349186271429,0.42994342381828626,WRONG,WRONG,false,false,-0.4303957400843501,0.43039574008435005,false,false,true,0.0,0.43039574008435,0.327,mnist__cnn1__linf__0.05__model_seed42_itr20_sgd_itr1_w253.bin
mnist,cnn1,model_seed42_itr20_sgd_itr1,linf,0.05,1,416,-4.278565615415573,4.329349186271429,-4.278565615415573,4.329349186271429,true,true,-4.329349186271429,-0.4303957400843499,4.329349186271429,0.41469194852476216,WRONG,WRONG,false,false,-0.4303957400843499,0.4303957400843503,false,false,true,0.5850671048860193,1.0154628449703695,0.466,mnist__cnn1__linf__0.05__model_seed42_itr20_sgd_itr1_w254.bin
mnist,cnn1,model_seed42_itr20_sgd_itr1,linf,0.05,1,417,-4.278565615415573,4.329349186271429,-4.278565615415573,4.329349186271429,true,true,-4.329349186271429,-0.42994342381828626,4.329349186271429,0.41973023101752893,WRONG,WRONG,false,false,-0.43039574008435016,0.43039574008435,false,false,true,0.0,0.42994342381828615,0.691,mnist__cnn1__linf__0.05__model_seed42_itr20_sgd_itr1_w255.bin
mnist,cnn1,model_seed42_itr20_sgd_itr1,linf,0.05,1,418,-4.278565615415573,4.329349186271429,-4.278565615415573,4.329349186271429,true,true,-4.329349186271429,-0.4303957400843501,4.329349186271429,0.4197302310175287,WRONG,WRONG,false,false,-0.4303957400843501,0.4303957400843501,false,false,true,0.49353877813000924,0.9239345182143595,0.638,mnist__cnn1__linf__0.05__model_seed42_itr20_sgd_itr1_w256.bin
mnist,cnn1,model_seed42_itr20_sgd_itr1,linf,0.05,1,419,-4.278565615415573,4.329349186271429,-4.278565615415573,4.329349186271429,true,true,-4.329349186271429,-0.42101515736150896,4.329349186271429,0.33785066946378506,WRONG,WRONG,false,false,-0.4303957400843501,0.43039574008435016,false,false,true,0.20487985033338385,0.6258950076948928,1.364,mnist__cnn1__linf__0.05__model_seed42_itr20_sgd_itr1_w257.bin
mnist,cnn1,model_seed42_itr20_sgd_itr1,linf,0.05,1,420,-4.278565615415573,4.329349186271429,-4.278565615415573,4.329349186271429,true,true,-4.329349186271429,-0.41973023101752904,4.329349186271429,0.4299434238182862,WRONG,WRONG,false,false,-0.4303957400843501,0.43039574008435005,false,false,true,1.249000902703301e-16,0.41973023101752904,0.598,mnist__cnn1__linf__0.05__model_seed42_itr20_sgd_itr1_w258.bin
mnist,cnn1,model_seed42_itr20_sgd_itr1,linf,0.05,1,421,-4.278565615415573,4.329349186271429,-4.278565615415573,4.329349186271429,true,true,-4.329349186271429,-0.4303957400843501,4.329349186271429,0.4197302310175289,WRONG,WRONG,false,false,-0.4303957400843501,0.4303957400843502,false,false,true,0.0,0.43039574008435,0.454,mnist__cnn1__linf__0.05__model_seed42_itr20_sgd_itr1_w259.bin
mnist,cnn1,model_seed42_itr20_sgd_itr1,linf,0.05,1,422,-4.278565615415573,4.329349186271429,-4.278565615415573,4.329349186271429,true,true,-4.329349186271429,-0.43039574008435005,4.329349186271429,0.41973023101752904,WRONG,WRONG,false,false,-0.43039574008435005,0.43039574008435,false,false,true,0.0,0.4303957400843501,0.328,mnist__cnn1__linf__0.05__model_seed42_itr20_sgd_itr1_w260.bin
mnist,cnn1,model_seed42_itr20_sgd_itr1,linf,0.05,1,423,-4.278565615415573,4.329349186271429,-4.278565615415573,4.329349186271429,true,true,-4.329349186271429,-0.4303957400843502,4.329349186271429,0.41973023101752893,WRONG,WRONG,false,false,-0.4303957400843502,0.4303957400843501,false,false,true,0.48263268064970477,0.9130284207340549,0.472,mnist__cnn1__linf__0.05__model_seed42_itr20_sgd_itr1_w261.bin
mnist,cnn1,model_seed42_itr20_sgd_itr1,linf,0.05,1,424,-4.278565615415573,4.329349186271429,-4.278565615415573,4.329349186271429,true,true,-4.329349186271429,-0.43039574008435005,4.329349186271429,0.4197302310175289,WRONG,WRONG,false,false,-0.43039574008435005,0.43039574008435055,false,false,true,0.18155207113840682,0.6119478112227572,0.467,mnist__cnn1__linf__0.05__model_seed42_itr20_sgd_itr1_w262.bin
mnist,cnn1,model_seed42_itr20_sgd_itr1,linf,0.05,1,425,-4.278565615415573,4.329349186271429,-4.278565615415573,4.329349186271429,true,true,-4.329349186271429,-0.4303957400843501,4.329349186271429,0.38606359006255886,WRONG,WRONG,false,false,-0.4303957400843501,0.4303957400843501,false,false,true,0.47665251111433316,0.9070482511986835,0.656,mnist__cnn1__linf__0.05__model_seed42_itr20_sgd_itr1_w263.bin
mnist,cnn1,model_seed42_itr20_sgd_itr1,linf,0.05,1,426,-4.278565615415573,4.329349186271429,-4.278565615415573,4.329349186271429,true,true,-4.329349186271429,-0.43039574008435016,4.329349186271429,0.419730231017529,WRONG,WRONG,false,false,-0.43039574008435016,0.43039574008435016,false,false,true,2.0816681711721685e-17,0.4303957400843501,0.542,mnist__cnn1__linf__0.05__model_seed42_itr20_sgd_itr1_w264.bin
mnist,cnn1,model_seed42_itr20_sgd_itr1,linf,0.05,1,427,-4.278565615415573,4.329349186271429,-4.278565615415573,4.329349186271429,true,true,-4.329349186271429,-0.42994342381828626,4.329349186271429,0.41973023101752893,WRONG,WRONG,false,false,-0.43039574008435,0.4303957400843501,false,false,true,0.0,0.42994342381828626,0.858,mnist__cnn1__linf__0.05__model_seed42_itr20_sgd_itr1_w265.bin
mnist,cnn1,model_seed42_itr20_sgd_itr1,linf,0.05,1,428,-4.278565615415573,4.329349186271429,-4.278565615415573,4.329349186271429,true,true,-4.329349186271429,-0.3555534707479211,4.329349186271429,0.42559865288504906,WRONG,WRONG,false,false,-0.4303957400843501,0.4303957400843501,false,false,true,0.3236476334374337,0.6792011041853547,0.611,mnist__cnn1__linf__0.05__model_seed42_itr20_sgd_itr1_w266.bin
mnist,cnn1,model_seed42_itr20_sgd_itr1,linf,0.05,1,429,-4.278565615415573,4.329349186271429,-4.278565615415573,4.329349186271429,true,true,-4.329349186271429,-0.38606359006255675,4.329349186271429,0.430395740084349,WRONG,WRONG,false,false,-0.4303957400843484,0.4303957400843501,false,false,true,0.5146622119962031,0.9007258020587599,0.662,mnist__cnn1__linf__0.05__model_seed42_itr20_sgd_itr1_w267.bin
mnist,cnn1,model_seed42_itr20_sgd_itr1,linf,0.05,1,430,-4.278565615415573,4.329349186271429,-4.278565615415573,4.329349186271429,true,true,-4.329349186271429,-0.429943423818286,4.329349186271429,0.4303957400843501,WRONG,WRONG,false,false,-0.4303957400843499,0.43039574008435005,false,false,true,0.6788440771155132,1.1087875009337993,0.602,mnist__cnn1__linf__0.05__model_seed42_itr20_sgd_itr1_w268.bin
mnist,cnn1,model_seed42_itr20_sgd_itr1,linf,0.05,1,431,-4.278565615415573,4.329349186271429,-4.278565615415573,4.329349186271429,true,true,-4.329349186271429,-0.4303957400843501,4.329349186271429,0.40472021563103305,WRONG,WRONG,false,false,-0.4303957400843501,0.4303957400843502,false,false,true,0.0,0.4303957400843501,0.558,mnist__cnn1__linf__0.05__model_seed42_itr20_sgd_itr1_w269.bin
mnist,cnn1,model_seed42_itr20_sgd_itr1,linf,0.05,1,432,-4.278565615415573,4.329349186271429,-4.278565615415573,4.329349186271429,true,true,-4.329349186271429,-0.4300781197421333,4.329349186271429,0.37644796795129504,WRONG,WRONG,false,false,-0.4303957400843505,0.43039574008435033,false,false,true,0.5414980977945227,0.9715762175366564,1.296,mnist__cnn1__linf__0.05__model_seed42_itr20_sgd_itr1_w270.bin
mnist,cnn1,model_seed42_itr20_sgd_itr1,linf,0.05,1,433,-4.278565615415573,4.329349186271429,-4.278565615415573,4.329349186271429,true,true,-4.329349186271429,-0.43039574008435005,4.329349186271429,0.43039574008435005,WRONG,WRONG,false,false,-0.43039574008435005,0.43039574008435005,false,false,true,0.0,0.43039574008435005,0.361,mnist__cnn1__linf__0.05__model_seed42_itr20_sgd_itr1_w271.bin
mnist,cnn1,model_seed42_itr20_sgd_itr1,linf,0.05,1,434,-4.278565615415573,4.329349186271429,-4.278565615415573,4.329349186271429,true,true,-4.329349186271429,-0.4303957400843501,4.329349186271429,0.43039574008435016,WRONG,WRONG,false,false,-0.4303957400843501,0.43039574008435016,false,false,true,0.0,0.43039574008435016,0.331,mnist__cnn1__linf__0.05__model_seed42_itr20_sgd_itr1_w272.bin
mnist,cnn1,model_seed42_itr20_sgd_itr1,linf,0.05,1,435,-4.278565615415573,4.329349186271429,-4.278565615415573,4.329349186271429,true,true,-4.329349186271429,-0.4299434238182862,4.329349186271429,0.43039574008435005,WRONG,WRONG,false,false,-0.4303957400843501,0.43039574008435,false,false,true,0.0,0.42994342381828615,0.524,mnist__cnn1__linf__0.05__model_seed42_itr20_sgd_itr1_w273.bin
mnist,cnn1,model_seed42_itr20_sgd_itr1,linf,0.05,1,436,-4.278565615415573,4.329349186271429,-4.278565615415573,4.329349186271429,true,true,-4.329349186271429,-0.42000050553043544,4.329349186271429,0.4303957400843499,WRONG,WRONG,false,false,-0.43039574008434994,0.4303957400843501,false,false,true,1.059668810677256,1.4796693162076917,0.699,mnist__cnn1__linf__0.05__model_seed42_itr20_sgd_itr1_w274.bin
mnist,cnn1,model_seed42_itr20_sgd_itr1,linf,0.05,1,437,-4.278565615415573,4.329349186271429,-4.278565615415573,4.329349186271429,true,true,-4.329349186271429,-0.4303957400843501,4.329349186271429,0.4197302310175288,WRONG,WRONG,false,false,-0.4303957400843501,0.4303957400843501,false,false,true,0.48263268064970466,0.9130284207340549,0.706,mnist__cnn1__linf__0.05__model_seed42_itr20_sgd_itr1_w275.bin
mnist,cnn1,model_seed42_itr20_sgd_itr1,linf,0.05,1,438,-4.278565615415573,4.329349186271429,-4.278565615415573,4.329349186271429,true,true,-4.329349186271429,-0.4188232479150219,4.329349186271429,0.32181211962453055,WRONG,WRONG,false,false,-0.4303957400843501,0.43039574008435005,false,false,true,0.17350046288375423,0.5923237107987775,1.077,mnist__cnn1__linf__0.05__model_seed42_itr20_sgd_itr1_w276.bin
mnist,cnn1,model_seed42_itr20_sgd_itr1,linf,0.05,1,439,-4.278565615415573,4.329349186271429,-4.278565615415573,4.329349186271429,true,true,-4.329349186271429,-0.42994342381828626,4.329349186271429,0.41793248768750524,WRONG,WRONG,false,false,-0.43039574008435016,0.4303957400843501,false,false,true,0.4231509988095559,0.8530944226278423,0.536,mnist__cnn1__linf__0.05__model_seed42_itr20_sgd_itr1_w277.bin
mnist,cnn1,model_seed42_itr20_sgd_itr1,linf,0.05,1,440,-4.278565615415573,4.329349186271429,-4.278565615415573,4.329349186271429,true,true,-4.329349186271429,-0.4303957400843501,4.329349186271429,0.4179324876875087,WRONG,WRONG,false,false,-0.4303957400843501,0.43039574008435016,false,false,true,0.0591708053046899,0.48956654538903993,0.777,mnist__cnn1__linf__0.05__model_seed42_itr20_sgd_itr1_w278.bin
mnist,cnn1,model_seed42_itr20_sgd_itr1,linf,0.05,1,441,-4.278565615415573,4.329349186271429,-4.278565615415573,4.329349186271429,true,true,-4.329349186271429,-0.389653105221244,0.4303957400843501,0.4303957400843501,WRONG,WRONG,false,false,-0.43039574008435033,0.4303957400843501,false,false,true,0.0,0.389653105221244,0.927,mnist__cnn1__linf__0.05__model_seed42_itr20_sgd_itr1_w279.bin
mnist,cnn1,model_seed42_itr20_sgd_itr1,linf,0.05,1,442,-4.278565615415573,4.329349186271429,-4.278565615415573,4.329349186271429,true,true,-4.329349186271429,-0.4303957400843501,4.329349186271429,0.43039574008435005,WRONG,WRONG,false,false,-0.4303957400843501,0.43039574008435005,false,false,true,6.938893903907228e-18,0.43039574008435005,0.503,mnist__cnn1__linf__0.05__model_seed42_itr20_sgd_itr1_w280.bin
mnist,cnn1,model_seed42_itr20_sgd_itr1,linf,0.05,1,443,-4.278565615415573,4.329349186271429,-4.278565615415573,4.329349186271429,true,true,-4.329349186271429,-0.4303957400843501,4.329349186271429,0.42994342381828626,WRONG,WRONG,false,false,-0.4303957400843501,0.43039574008435005,false,false,true,0.0,0.43039574008435005,0.506,mnist__cnn1__linf__0.05__model_seed42_itr20_sgd_itr1_w281.bin
mnist,cnn1,model_seed42_itr20_sgd_itr1,linf,0.05,1,444,-4.278565615415573,4.329349186271429,-4.278565615415573,4.329349186271429,true,true,-4.329349186271429,-0.4299434238182862,4.329349186271429,0.4197302310175289,WRONG,WRONG,false,false,-0.43039574008435016,0.4303957400843501,false,false,true,0.0,0.42994342381828615,0.481,mnist__cnn1__linf__0.05__model_seed42_itr20_sgd_itr1_w282.bin
mnist,cnn1,model_seed42_itr20_sgd_itr1,linf,0.05,1,445,-4.278565615415573,4.329349186271429,-4.278565615415573,4.329349186271429,true,true,-4.329349186271429,-0.43039574008434983,4.329349186271429,0.3860635900625565,WRONG,WRONG,false,false,-0.43039574008434983,0.43039574008434994,false,false,true,0.47665251111433316,0.9070482511986835,0.661,mnist__cnn1__linf__0.05__model_seed42_itr20_sgd_itr1_w283.bin
mnist,cnn1,model_seed42_itr20_sgd_itr1,linf,0.05,1,446,-4.278565615415573,4.329349186271429,-4.278565615415573,4.329349186271429,true,true,-4.329349186271429,-0.43039574008435005,4.329349186271429,0.4197302310175289,WRONG,WRONG,false,false,-0.43039574008435005,0.4303957400843501,false,false,true,0.0,0.4303957400843501,0.612,mnist__cnn1__linf__0.05__model_seed42_itr20_sgd_itr1_w284.bin
mnist,cnn1,model_seed42_itr20_sgd_itr1,linf,0.05,1,447,-4.278565615415573,4.329349186271429,-4.278565615415573,4.329349186271429,true,true,-4.329349186271429,-0.43039574008435005,4.329349186271429,0.41973023101752893,WRONG,WRONG,false,false,-0.43039574008435005,0.4303957400843501,false,false,true,0.0,0.43039574008435005,0.913,mnist__cnn1__linf__0.05__model_seed42_itr20_sgd_itr1_w285.bin
mnist,cnn1,model_seed42_itr20_sgd_itr1,linf,0.05,1,448,-4.278565615415573,4.329349186271429,-4.278565615415573,4.329349186271429,true,true,-4.329349186271429,-0.41239922840078824,4.329349186271429,0.27489465350637154,WRONG,WRONG,false,false,-0.4303957400843501,0.43039574008434967,false,false,true,0.10487727107760539,0.5172764994783936,1.368,mnist__cnn1__linf__0.05__model_seed42_itr20_sgd_itr1_w286.bin
mnist,cnn1,model_seed42_itr20_sgd_itr1,linf,0.05,1,449,-4.278565615415573,4.329349186271429,-4.278565615415573,4.329349186271429,true,true,-4.329349186271429,-0.4299680387787864,4.329349186271429,0.41015577374844586,WRONG,WRONG,false,false,-0.4303957400843501,0.4303957400843501,false,false,true,0.5287959856583054,0.9587640244370921,1.239,mnist__cnn1__linf__0.05__model_seed42_itr20_sgd_itr1_w287.bin
mnist,cnn1,model_seed42_itr20_sgd_itr1,linf,0.05,1,450,-4.278565615415573,4.329349186271429,-4.278565615415573,4.329349186271429,true,true,-4.329349186271429,-0.419730231017529,4.329349186271429,0.4299434238182863,WRONG,WRONG,false,false,-0.4303957400843502,0.4303957400843501,false,false,true,2.0816681711721685e-17,0.4197302310175289,0.517,mnist__cnn1__linf__0.05__model_seed42_itr20_sgd_itr1_w288.bin
mnist,cnn1,model_seed42_itr20_sgd_itr1,linf,0.05,1,451,-4.278565615415573,4.329349186271429,-4.278565615415573,4.329349186271429,true,true,-4.329349186271429,-0.4071591417130425,4.329349186271429,0.43039574008435016,WRONG,WRONG,false,false,-0.43039574008435005,0.43039574008435044,false,false,true,0.20470803265985515,0.6118671743728977,0.484,mnist__cnn1__linf__0.05__model_seed42_itr20_sgd_itr1_w289.bin
mnist,cnn1,model_seed42_itr20_sgd_itr1,linf,0.05,1,452,-4.278565615415573,4.329349186271429,-4.278565615415573,4.329349186271429,true,true,-4.329349186271429,-0.43039574008435016,4.329349186271429,0.4303957400843501,WRONG,WRONG,false,false,-0.43039574008435016,0.4303957400843501,false,false,true,0.0,0.43039574008435005,0.374,mnist__cnn1__linf__0.05__model_seed42_itr20_sgd_itr1_w290.bin
mnist,cnn1,model_seed42_itr20_sgd_itr1,linf,0.05,1,453,-4.278565615415573,4.329349186271429,-4.278565615415573,4.329349186271429,true,true,-0.43039574008434994,-0.43039574008434994,0.4303957400843495,0.4303957400843495,WRONG,WRONG,false,false,-0.43039574008434994,0.4303957400843495,false,false,true,0.0,0.43039574008435,1.499,mnist__cnn1__linf__0.05__model_seed42_itr20_sgd_itr1_w291.bin
mnist,cnn1,model_seed42_itr20_sgd_itr1,linf,0.05,1,454,-4.278565615415573,4.329349186271429,-4.278565615415573,4.329349186271429,true,true,-4.329349186271429,-0.4303957400843501,4.329349186271429,0.42994342381828626,WRONG,WRONG,false,false,-0.4303957400843501,0.43039574008435016,false,false,true,0.036823122896379464,0.46721886298072945,0.319,mnist__cnn1__linf__0.05__model_seed42_itr20_sgd_itr1_w292.bin
mnist,cnn1,model_seed42_itr20_sgd_itr1,linf,0.05,1,455,-4.278565615415573,4.329349186271429,-4.278565615415573,4.329349186271429,true,true,-4.329349186271429,-0.43039574008435016,4.329349186271429,0.41423239133278333,WRONG,WRONG,false,false,-0.43039574008435016,0.4303957400843499,false,false,true,0.48263268064970455,0.9130284207340549,0.757,mnist__cnn1__linf__0.05__model_seed42_itr20_sgd_itr1_w293.bin
mnist,cnn1,model_seed42_itr20_sgd_itr1,linf,0.05,1,456,-4.278565615415573,4.329349186271429,-4.278565615415573,4.329349186271429,true,true,-4.329349186271429,-0.4303957400843501,4.329349186271429,0.41459726748920156,WRONG,WRONG,false,false,-0.4303957400843501,0.43039574008435,false,false,true,0.48263268064970466,0.9130284207340549,0.647,mnist__cnn1__linf__0.05__model_seed42_itr20_sgd_itr1_w294.bin
mnist,cnn1,model_seed42_itr20_sgd_itr1,linf,0.05,1,457,-4.278565615415573,4.329349186271429,-4.278565615415573,4.329349186271429,true,true,-4.329349186271429,-0.43039574008435016,4.329349186271429,0.41968609646328814,WRONG,WRONG,false,false,-0.43039574008435016,0.43039574008435033,false,false,true,0.11674005645305954,0.5471357965374096,1.006,mnist__cnn1__linf__0.05__model_seed42_itr20_sgd_itr1_w295.bin
mnist,cnn1,model_seed42_itr20_sgd_itr1,linf,0.05,1,458,-4.278565615415573,4.329349186271429,-4.278565615415573,4.329349186271429,true,true,-4.329349186271429,-0.4302834432521072,4.329349186271429,0.4146268287683974,WRONG,WRONG,false,false,-0.4303957400843502,0.43039574008435005,false,false,true,1.0933091194635984,1.5235925627157056,1.025,mnist__cnn1__linf__0.05__model_seed42_itr20_sgd_itr1_w296.bin
mnist,cnn1,model_seed42_itr20_sgd_itr1,linf,0.05,1,459,-4.278565615415573,4.329349186271429,-4.278565615415573,4.329349186271429,true,true,-4.329349186271429,-0.43039574008435016,4.329349186271429,0.41973023101752904,WRONG,WRONG,false,false,-0.43039574008435016,0.4303957400843501,false,false,true,0.48263268064970466,0.9130284207340549,0.435,mnist__cnn1__linf__0.05__model_seed42_itr20_sgd_itr1_w297.bin
mnist,cnn1,model_seed42_itr20_sgd_itr1,linf,0.05,1,460,-4.278565615415573,4.329349186271429,-4.278565615415573,4.329349186271429,true,true,-4.329349186271429,-0.4303957400843502,4.329349186271429,0.4303957400843499,WRONG,WRONG,false,false,-0.4303957400843502,0.4303957400843499,false,false,true,0.3394091181989845,0.7698048582833346,0.564,mnist__cnn1__linf__0.05__model_seed42_itr20_sgd_itr1_w298.bin
mnist,cnn1,model_seed42_itr20_sgd_itr1,linf,0.05,1,461,-4.278565615415573,4.329349186271429,-4.278565615415573,4.329349186271429,true,true,-4.329349186271429,-0.4303957400843501,4.329349186271429,0.43039574008435005,WRONG,WRONG,false,false,-0.4303957400843501,0.43039574008435005,false,false,true,6.938893903907228e-18,0.43039574008435,0.587,mnist__cnn1__linf__0.05__model_seed42_itr20_sgd_itr1_w299.bin
mnist,cnn1,model_seed42_itr20_sgd_itr1,linf,0.05,1,462,-4.278565615415573,4.329349186271429,-4.278565615415573,4.329349186271429,true,true,-4.329349186271429,-0.4303957400843501,4.329349186271429,0.43039574008435033,WRONG,WRONG,false,false,-0.4303957400843501,0.43039574008435033,false,false,true,0.0,0.4303957400843501,0.603,mnist__cnn1__linf__0.05__model_seed42_itr20_sgd_itr1_w300.bin
mnist,cnn1,model_seed42_itr20_sgd_itr1,linf,0.05,1,463,-4.278565615415573,4.329349186271429,-4.278565615415573,4.329349186271429,true,true,-4.329349186271429,-0.43039574008434955,4.329349186271429,0.4303957400843502,WRONG,WRONG,false,false,-0.43039574008434955,0.4303957400843502,false,false,true,0.7416728573748186,1.1720685974591685,0.599,mnist__cnn1__linf__0.05__model_seed42_itr20_sgd_itr1_w301.bin
mnist,cnn1,model_seed42_itr20_sgd_itr1,linf,0.05,1,464,-4.278565615415573,4.329349186271429,-4.278565615415573,4.329349186271429,true,true,-4.329349186271429,-0.43039574008435005,4.329349186271429,0.43039574008435005,WRONG,WRONG,false,false,-0.43039574008435005,0.43039574008435005,false,false,true,0.0,0.43039574008435005,0.675,mnist__cnn1__linf__0.05__model_seed42_itr20_sgd_itr1_w302.bin
mnist,cnn1,model_seed42_itr20_sgd_itr1,linf,0.05,1,465,-4.278565615415573,4.329349186271429,-4.278565615415573,4.329349186271429,true,true,-4.329349186271429,-0.33255696466238904,4.329349186271429,0.4127904494218547,WRONG,WRONG,false,false,-0.4303957400843501,0.43039574008435033,false,false,true,0.0,0.3325569646623888,0.742,mnist__cnn1__linf__0.05__model_seed42_itr20_sgd_itr1_w303.bin
mnist,cnn1,model_seed42_itr20_sgd_itr1,linf,0.05,1,466,-4.278565615415573,4.329349186271429,-4.278565615415573,4.329349186271429,true,true,-4.329349186271429,-0.4303957400843501,4.329349186271429,0.41973023101752893,WRONG,WRONG,false,false,-0.4303957400843501,0.4303957400843501,false,false,true,0.0,0.43039574008435016,1.426,mnist__cnn1__linf__0.05__model_seed42_itr20_sgd_itr1_w304.bin
mnist,cnn1,model_seed42_itr20_sgd_itr1,linf,0.05,1,467,-4.278565615415573,4.329349186271429,-4.278565615415573,4.329349186271429,true,true,-4.329349186271429,-0.36844531861795804,4.329349186271429,0.20762399638982826,WRONG,WRONG,false,false,-0.4303957400843501,0.43039574008435016,false,false,true,0.0,0.368445318617958,0.938,mnist__cnn1__linf__0.05__model_seed42_itr20_sgd_itr1_w305.bin
mnist,cnn1,model_seed42_itr20_sgd_itr1,linf,0.05,1,468,-4.278565615415573,4.329349186271429,-4.278565615415573,4.329349186271429,true,true,-4.329349186271429,-0.41973023101752893,4.329349186271429,0.4299434238182863,WRONG,WRONG,false,false,-0.43039574008435033,0.43039574008435005,false,false,true,1.3877787807814457e-17,0.4197302310175289,0.538,mnist__cnn1__linf__0.05__model_seed42_itr20_sgd_itr1_w306.bin
mnist,cnn1,model_seed42_itr20_sgd_itr1,linf,0.05,1,469,-4.278565615415573,4.329349186271429,-4.278565615415573,4.329349186271429,true,true,-4.329349186271429,-0.4303957400843499,4.329349186271429,0.4303957400843501,WRONG,WRONG,false,false,-0.4303957400843499,0.4303957400843501,false,false,true,2.0816681711721685e-17,0.43039574008434994,0.404,mnist__cnn1__linf__0.05__model_seed42_itr20_sgd_itr1_w307.bin
mnist,cnn1,model_seed42_itr20_sgd_itr1,linf,0.05,1,470,-4.278565615415573,4.329349186271429,-4.278565615415573,4.329349186271429,true,true,-4.329349186271429,-0.4299434238182863,4.329349186271429,0.4303957400843501,WRONG,WRONG,false,false,-0.43039574008435033,0.4303957400843501,false,false,true,0.0,0.42994342381828626,0.402,mnist__cnn1__linf__0.05__model_seed42_itr20_sgd_itr1_w308.bin
mnist,cnn1,model_seed42_itr20_sgd_itr1,linf,0.05,1,471,-4.278565615415573,4.329349186271429,-4.278565615415573,4.329349186271429,true,true,-0.4303957400843481,-0.4303957400843481,0.43039574008435016,0.43039574008435016,WRONG,WRONG,false,false,-0.4303957400843481,0.43039574008435016,false,false,true,0.0,0.4303957400843481,1.75,mnist__cnn1__linf__0.05__model_seed42_itr20_sgd_itr1_w309.bin
mnist,cnn1,model_seed42_itr20_sgd_itr1,linf,0.05,1,472,-4.278565615415573,4.329349186271429,-4.278565615415573,4.329349186271429,true,true,-4.329349186271429,-0.4303957400843501,4.329349186271429,0.42994342381828626,WRONG,WRONG,false,false,-0.4303957400843501,0.4303957400843501,false,false,true,0.046403825412518744,0.47679956549686875,0.33,mnist__cnn1__linf__0.05__model_seed42_itr20_sgd_itr1_w310.bin
mnist,cnn1,model_seed42_itr20_sgd_itr1,linf,0.05,1,473,-4.278565615415573,4.329349186271429,-4.278565615415573,4.329349186271429,true,true,-4.329349186271429,-0.43039574008435033,4.329349186271429,0.41367646492110977,WRONG,WRONG,false,false,-0.43039574008435033,0.43039574008435055,false,false,true,0.5850671048860193,1.0154628449703698,0.41,mnist__cnn1__linf__0.05__model_seed42_itr20_sgd_itr1_w311.bin
mnist,cnn1,model_seed42_itr20_sgd_itr1,linf,0.05,1,474,-4.278565615415573,4.329349186271429,-4.278565615415573,4.329349186271429,true,true,-0.4303957400843501,-0.4303957400843501,0.4303957400843499,0.4303957400843499,WRONG,WRONG,false,false,-0.4303957400843501,0.4303957400843499,false,false,true,0.0,0.4303957400843501,1.501,mnist__cnn1__linf__0.05__model_seed42_itr20_sgd_itr1_w312.bin
mnist,cnn1,model_seed42_itr20_sgd_itr1,linf,0.05,1,475,-4.278565615415573,4.329349186271429,-4.278565615415573,4.329349186271429,true,true,-4.329349186271429,-0.43039574008435,4.329349186271429,0.4197302310175288,WRONG,WRONG,false,false,-0.43039574008435,0.4303957400843499,false,false,true,0.4109877976589624,0.8413835377433125,0.489,mnist__cnn1__linf__0.05__model_seed42_itr20_sgd_itr1_w313.bin
mnist,cnn1,model_seed42_itr20_sgd_itr1,linf,0.05,1,476,-4.278565615415573,4.329349186271429,-4.278565615415573,4.329349186271429,true,true,-4.329349186271429,-0.42994342381828626,4.329349186271429,0.41973023101752893,WRONG,WRONG,false,false,-0.4303957400843502,0.4303957400843501,false,false,true,0.10920272558507488,0.539146149403361,0.451,mnist__cnn1__linf__0.05__model_seed42_itr20_sgd_itr1_w314.bin
mnist,cnn1,model_seed42_itr20_sgd_itr1,linf,0.05,1,477,-4.278565615415573,4.329349186271429,-4.278565615415573,4.329349186271429,true,true,-4.329349186271429,-0.38606359006255553,4.329349186271429,0.4303957400843501,WRONG,WRONG,false,false,-0.4303957400843501,0.43039574008435005,false,false,true,0.5146622119962039,0.9007258020587594,0.365,mnist__cnn1__linf__0.05__model_seed42_itr20_sgd_itr1_w315.bin
mnist,cnn1,model_seed42_itr20_sgd_itr1,linf,0.05,1,478,-4.278565615415573,4.329349186271429,-4.278565615415573,4.329349186271429,true,true,-4.329349186271429,-0.4299434238182863,4.329349186271429,0.41973023101752904,WRONG,WRONG,false,false,-0.4303957400843501,0.43039574008434944,false,false,true,0.5143505384901678,0.9442939623084541,0.468,mnist__cnn1__linf__0.05__model_seed42_itr20_sgd_itr1_w316.bin
mnist,cnn1,model_seed42_itr20_sgd_itr1,linf,0.05,1,479,-4.278565615415573,4.329349186271429,-4.278565615415573,4.329349186271429,true,true,-4.329349186271429,-0.4197302310175286,4.329349186271429,0.4303957400843499,WRONG,WRONG,false,false,-0.43039574008435044,0.43039574008435033,false,false,true,1.2119358079728988,1.6316660389904276,0.662,mnist__cnn1__linf__0.05__model_seed42_itr20_sgd_itr1_w317.bin
mnist,cnn1,model_seed42_itr20_sgd_itr1,linf,0.05,1,480,-4.278565615415573,4.329349186271429,-4.278565615415573,4.329349186271429,true,true,-4.329349186271429,-0.41973023101752904,4.329349186271429,0.43039574008435033,WRONG,WRONG,false,false,-0.4303957400843501,0.43039574008435,false,false,true,0.9913691767319918,1.4110994077495205,0.667,mnist__cnn1__linf__0.05__model_seed42_itr20_sgd_itr1_w318.bin
mnist,cnn1,model_seed42_itr20_sgd_itr1,linf,0.05,1,481,-4.278565615415573,4.329349186271429,-4.278565615415573,4.329349186271429,true,true,-4.329349186271429,-0.4303957400843502,4.329349186271429,0.4218843520237313,WRONG,WRONG,false,false,-0.4303957400843502,0.43039574008435005,false,false,true,0.5790869353506493,1.0094826754349997,0.456,mnist__cnn1__linf__0.05__model_seed42_itr20_sgd_itr1_w319.bin
mnist,cnn1,model_seed42_itr20_sgd_itr1,linf,0.05,1,482,-4.278565615415573,4.329349186271429,-4.278565615415573,4.329349186271429,true,true,-4.329349186271429,-0.4303957400843501,4.329349186271429,0.41973023101752893,WRONG,WRONG,false,false,-0.4303957400843501,0.43039574008435033,false,false,true,0.10140051842131359,0.5317962585056637,0.482,mnist__cnn1__linf__0.05__model_seed42_itr20_sgd_itr1_w320.bin
mnist,cnn1,model_seed42_itr20_sgd_itr1,linf,0.05,1,483,-4.278565615415573,4.329349186271429,-4.278565615415573,4.329349186271429,true,true,-4.329349186271429,-0.43039574008435,4.329349186271429,0.41973023101752904,WRONG,WRONG,false,false,-0.43039574008435,0.4303957400843501,false,false,true,0.48263268064970477,0.913028420734055,0.421,mnist__cnn1__linf__0.05__model_seed42_itr20_sgd_itr1_w321.bin
mnist,cnn1,model_seed42_itr20_sgd_itr1,linf,0.05,1,484,-4.278565615415573,4.329349186271429,-4.278565615415573,4.329349186271429,true,true,-4.329349186271429,-0.4303957400843501,4.329349186271429,0.41973023101752904,WRONG,WRONG,false,false,-0.4303957400843501,0.43039574008435016,false,false,true,0.48263268064970477,0.913028420734055,0.473,mnist__cnn1__linf__0.05__model_seed42_itr20_sgd_itr1_w322.bin
mnist,cnn1,model_seed42_itr20_sgd_itr1,linf,0.05,1,485,-4.278565615415573,4.329349186271429,-4.278565615415573,4.329349186271429,true,true,-4.329349186271429,-0.43039574008435005,4.329349186271429,0.417932487687509,WRONG,WRONG,false,false,-0.43039574008435005,0.43039574008435166,false,false,true,0.48263268064970466,0.9130284207340549,0.521,mnist__cnn1__linf__0.05__model_seed42_itr20_sgd_itr1_w323.bin
mnist,cnn1,model_seed42_itr20_sgd_itr1,linf,0.05,1,486,-4.278565615415573,4.329349186271429,-4.278565615415573,4.329349186271429,true,true,-4.329349186271429,-0.43039574008435055,4.329349186271429,0.42188435202373153,WRONG,WRONG,false,false,-0.43039574008435055,0.4303957400843501,false,false,true,0.5790869353506498,1.0094826754350001,0.382,mnist__cnn1__linf__0.05__model_seed42_itr20_sgd_itr1_w324.bin
