dataset,arch,model,perturbation,size,layer,neuron,l_org,u_org,l_pert,u_pert,guard_ge,guard_le,min_bound,min_val,max_bound,max_val,verdict_ge,verdict_le,old_stamp_ge,old_stamp_le,old_val_min,old_val_max,fired_ge,fired_le,witness_ok,witness_z,witness_zp,probe_sec,witness_file
mnist,cnn1,model_seed42_itr20_sgd_itr1,linf,0.1,1,82,-3.430645431908488,5.794846103010059,-3.430645431908488,5.794846103010059,true,true,-0.9225491534918548,-0.9225491534918548,0.9225491534918548,0.9225491534918548,WRONG,WRONG,false,false,-0.9225491534918548,0.9225491534918548,false,false,true,0.0,0.9225491534918548,3.058,mnist__cnn1__linf__0.1__model_seed42_itr20_sgd_itr1_w1.bin
mnist,cnn1,model_seed42_itr20_sgd_itr1,linf,0.1,1,83,-3.430645431908488,5.794846103010059,-3.430645431908488,5.794846103010059,true,true,-0.9225491534918548,-0.9225491534918548,0.9225491534918547,0.9225491534918547,WRONG,WRONG,false,false,-0.9225491534918548,0.9225491534918547,false,false,true,0.0,0.9225491534918547,1.944,mnist__cnn1__linf__0.1__model_seed42_itr20_sgd_itr1_w2.bin
mnist,cnn1,model_seed42_itr20_sgd_itr1,linf,0.1,1,84,-3.430645431908488,5.794846103010059,-3.430645431908488,5.794846103010059,true,true,-0.9225491534918545,-0.9089232178499054,5.794846103010059,0.9225491534918548,WRONG,WRONG,false,false,-0.9225491534918544,0.9225491534918544,false,false,true,1.828950652854476,2.737873870704381,0.798,mnist__cnn1__linf__0.1__model_seed42_itr20_sgd_itr1_w3.bin
mnist,cnn1,model_seed42_itr20_sgd_itr1,linf,0.1,1,85,-3.430645431908488,5.794846103010059,-3.430645431908488,5.794846103010059,true,true,-0.9225491534918546,-0.9225491534918546,0.9225491534918546,0.9225491534918546,WRONG,WRONG,false,false,-0.9225491534918546,0.9225491534918546,false,false,true,0.0,0.9225491534918546,3.251,mnist__cnn1__linf__0.1__model_seed42_itr20_sgd_itr1_w4.bin
mnist,cnn1,model_seed42_itr20_sgd_itr1,linf,0.1,1,86,-3.430645431908488,5.794846103010059,-3.430645431908488,5.794846103010059,true,true,-0.9225491534918548,-0.9225491534918548,5.794846103010059,0.9225491534918546,WRONG,WRONG,false,false,-0.9225491534918547,0.9225491534918546,false,false,true,0.12440767037187998,1.0469568238637348,0.942,mnist__cnn1__linf__0.1__model_seed42_itr20_sgd_itr1_w5.bin
mnist,cnn1,model_seed42_itr20_sgd_itr1,linf,0.1,1,87,-3.430645431908488,5.794846103010059,-3.430645431908488,5.794846103010059,true,true,-5.794846103010059,-0.829954332636879,5.794846103010059,0.7996629611173245,WRONG,WRONG,false,false,-0.9225491534918546,0.9225491534918557,false,false,true,1.2870147506177914,2.116969083254671,0.437,mnist__cnn1__linf__0.1__model_seed42_itr20_sgd_itr1_w6.bin
mnist,cnn1,model_seed42_itr20_sgd_itr1,linf,0.1,1,88,-3.430645431908488,5.794846103010059,-3.430645431908488,5.794846103010059,true,true,-5.794846103010059,-0.8583529935584246,5.794846103010059,0.8579610846234433,WRONG,WRONG,false,false,-0.9225491534918555,0.9225491534918547,false,false,true,0.7058088126226532,1.5641618061810774,1.171,mnist__cnn1__linf__0.1__model_seed42_itr20_sgd_itr1_w7.bin
mnist,cnn1,model_seed42_itr20_sgd_itr1,linf,0.1,1,89,-3.430645431908488,5.794846103010059,-3.430645431908488,5.794846103010059,true,true,-5.794846103010059,-0.8536677810841309,5.794846103010059,0.9225491534918546,WRONG,WRONG,false,false,-0.9225491534918546,0.9225491534918546,false,false,true,0.470302834689957,1.323970615774088,0.536,mnist__cnn1__linf__0.1__model_seed42_itr20_sgd_itr1_w8.bin
mnist,cnn1,model_seed42_itr20_sgd_itr1,linf,0.1,1,90,-3.430645431908488,5.794846103010059,-3.430645431908488,5.794846103010059,true,true,-0.9225491534918546,-0.9225491534918546,0.9225491534918547,0.9225491534918547,WRONG,WRONG,false,false,-0.9225491534918546,0.9225491534918547,false,false,true,0.0,0.9225491534918546,1.465,mnist__cnn1__linf__0.1__model_seed42_itr20_sgd_itr1_w9.bin
mnist,cnn1,model_seed42_itr20_sgd_itr1,linf,0.1,1,91,-3.430645431908488,5.794846103010059,-3.430645431908488,5.794846103010059,true,true,-0.922549153491855,-0.922549153491855,0.9225491534918548,0.9225491534918548,WRONG,WRONG,false,false,-0.922549153491855,0.9225491534918548,false,false,true,3.885780586188048e-16,0.9225491534918551,1.417,mnist__cnn1__linf__0.1__model_seed42_itr20_sgd_itr1_w10.bin
mnist,cnn1,model_seed42_itr20_sgd_itr1,linf,0.1,1,92,-3.430645431908488,5.794846103010059,-3.430645431908488,5.794846103010059,true,true,-0.9225491534918548,-0.9225491534918548,0.9225491534918548,0.9225491534918548,WRONG,WRONG,false,false,-0.9225491534918548,0.9225491534918548,false,false,true,1.3877787807814457e-17,0.9225491534918548,1.888,mnist__cnn1__linf__0.1__model_seed42_itr20_sgd_itr1_w11.bin
mnist,cnn1,model_seed42_itr20_sgd_itr1,linf,0.1,1,93,-3.430645431908488,5.794846103010059,-3.430645431908488,5.794846103010059,true,true,-5.794846103010059,-0.8529610716073223,5.794846103010059,0.85357947156334,WRONG,WRONG,false,false,-0.9225491534918546,0.9225491534918546,false,false,true,0.036242878843165544,0.889203950450488,0.478,mnist__cnn1__linf__0.1__model_seed42_itr20_sgd_itr1_w12.bin
mnist,cnn1,model_seed42_itr20_sgd_itr1,linf,0.1,1,94,-3.430645431908488,5.794846103010059,-3.430645431908488,5.794846103010059,true,true,-0.9225491534918553,-0.9225491534918553,0.9225491534918547,0.9225491534918547,WRONG,WRONG,false,false,-0.9225491534918546,0.9225491534918547,false,false,true,5.828670879282072e-16,0.9225491534918552,1.763,mnist__cnn1__linf__0.1__model_seed42_itr20_sgd_itr1_w13.bin
mnist,cnn1,model_seed42_itr20_sgd_itr1,linf,0.1,1,95,-3.430645431908488,5.794846103010059,-3.430645431908488,5.794846103010059,true,true,-5.794846103010059,-0.7048892177615352,5.794846103010059,0.8991877556650355,WRONG,WRONG,false,false,-0.9225491534918547,0.9225491534918547,false,false,true,0.0,0.7048892177615352,1.446,mnist__cnn1__linf__0.1__model_seed42_itr20_sgd_itr1_w14.bin
mnist,cnn1,model_seed42_itr20_sgd_itr1,linf,0.1,1,96,-3.430645431908488,5.794846103010059,-3.430645431908488,5.794846103010059,true,true,-0.9225491534918547,-0.9225491534918547,0.9225491534918546,0.9225491534918546,WRONG,WRONG,false,false,-0.9225491534918547,0.9225491534918546,false,false,true,0.0,0.9225491534918546,1.535,mnist__cnn1__linf__0.1__model_seed42_itr20_sgd_itr1_w15.bin
mnist,cnn1,model_seed42_itr20_sgd_itr1,linf,0.1,1,97,-3.430645431908488,5.794846103010059,-3.430645431908488,5.794846103010059,true,true,-0.9225491534918547,-0.9225491534918547,0.9225491534918545,0.9225491534918545,WRONG,WRONG,false,false,-0.9225491534918548,0.9225491534918545,false,false,true,0.0,0.9225491534918546,1.676,mnist__cnn1__linf__0.1__model_seed42_itr20_sgd_itr1_w16.bin
mnist,cnn1,model_seed42_itr20_sgd_itr1,linf,0.1,1,98,-3.430645431908488,5.794846103010059,-3.430645431908488,5.794846103010059,true,true,-0.9225491534918546,-0.9225491534918546,0.9225491534918544,0.9225491534918544,WRONG,WRONG,false,false,-0.9225491534918546,0.9225491534918547,false,false,true,0.0,0.9225491534918547,1.783,mnist__cnn1__linf__0.1__model_seed42_itr20_sgd_itr1_w17.bin
mnist,cnn1,model_seed42_itr20_sgd_itr1,linf,0.1,1,99,-3.430645431908488,5.794846103010059,-3.430645431908488,5.794846103010059,true,true,-0.9225491534918548,-0.9225491534918548,0.9225491534918545,0.9225491534918545,WRONG,WRONG,false,false,-0.9225491534918548,0.9225491534918545,false,false,true,5.551115123125783e-17,0.9225491534918546,1.521,mnist__cnn1__linf__0.1__model_seed42_itr20_sgd_itr1_w18.bin
mnist,cnn1,model_seed42_itr20_sgd_itr1,linf,0.1,1,100,-3.430645431908488,5.794846103010059,-3.430645431908488,5.794846103010059,true,true,-0.9225491534918545,-0.9225491534918545,0.9225491534918548,0.9225491534918548,WRONG,WRONG,false,false,-0.9225491534918545,0.9225491534918548,false,false,true,6.938893903907228e-17,0.9225491534918547,1.609,mnist__cnn1__linf__0.1__model_seed42_itr20_sgd_itr1_w19.bin
mnist,cnn1,model_seed42_itr20_sgd_itr1,linf,0.1,1,101,-3.430645431908488,5.794846103010059,-3.430645431908488,5.794846103010059,true,true,-0.9225491534918546,-0.9225491534918546,0.9225491534918546,0.9225491534918546,WRONG,WRONG,false,false,-0.9225491534918546,0.9225491534918546,false,false,true,0.0,0.9225491534918546,1.68,mnist__cnn1__linf__0.1__model_seed42_itr20_sgd_itr1_w20.bin
mnist,cnn1,model_seed42_itr20_sgd_itr1,linf,0.1,1,102,-3.430645431908488,5.794846103010059,-3.430645431908488,5.794846103010059,true,true,-0.9225491534918545,-0.9225491534918545,0.9225491534918546,0.9225491534918546,WRONG,WRONG,false,false,-0.9225491534918545,0.9225491534918546,false,false,true,0.0,0.9225491534918546,1.757,mnist__cnn1__linf__0.1__model_seed42_itr20_sgd_itr1_w21.bin
mnist,cnn1,model_seed42_itr20_sgd_itr1,linf,0.1,1,103,-3.430645431908488,5.794846103010059,-3.430645431908488,5.794846103010059,true,true,-0.9225491534918546,-0.9212917335855929,0.9225491534918548,0.9225491534918548,WRONG,WRONG,false,false,-0.9225491534918546,0.9225491534918548,false,false,true,0.0,0.921291733585593,1.726,mnist__cnn1__linf__0.1__model_seed42_itr20_sgd_itr1_w22.bin
mnist,cnn1,model_seed42_itr20_sgd_itr1,linf,0.1,1,104,-3.430645431908488,5.794846103010059,-3.430645431908488,5.794846103010059,true,true,-0.9225491534918546,-0.9225491534918546,0.9225491534918548,0.9225491534918548,WRONG,WRONG,false,false,-0.9225491534918546,0.9225491534918548,false,false,true,0.0,0.9225491534918546,1.743,mnist__cnn1__linf__0.1__model_seed42_itr20_sgd_itr1_w23.bin
mnist,cnn1,model_seed42_itr20_sgd_itr1,linf,0.1,1,105,-3.430645431908488,5.794846103010059,-3.430645431908488,5.794846103010059,true,true,-0.9225491534918546,-0.9225491534918546,0.9225491534918546,0.9225491534918546,WRONG,WRONG,false,false,-0.9225491534918546,0.9225491534918546,false,false,true,0.0,0.9225491534918546,1.536,mnist__cnn1__linf__0.1__model_seed42_itr20_sgd_itr1_w24.bin
mnist,cnn1,model_seed42_itr20_sgd_itr1,linf,0.1,1,106,-3.430645431908488,5.794846103010059,-3.430645431908488,5.794846103010059,true,true,-0.9225491534918547,-0.9163090396916718,5.794846103010059,0.9225491534918546,WRONG,WRONG,false,false,-0.9225491534918546,0.9225491534918548,false,false,true,1.1102230246251565e-16,0.9163090396916715,1.186,mnist__cnn1__linf__0.1__model_seed42_itr20_sgd_itr1_w25.bin
mnist,cnn1,model_seed42_itr20_sgd_itr1,linf,0.1,1,107,-3.430645431908488,5.794846103010059,-3.430645431908488,5.794846103010059,true,true,-0.9225491534918547,-0.9225491534918547,0.9225491534918546,0.9225491534918546,WRONG,WRONG,false,false,-0.9225491534918547,0.9225491534918546,false,false,true,0.0,0.9225491534918547,1.807,mnist__cnn1__linf__0.1__model_seed42_itr20_sgd_itr1_w26.bin
mnist,cnn1,model_seed42_itr20_sgd_itr1,linf,0.1,1,108,-3.430645431908488,5.794846103010059,-3.430645431908488,5.794846103010059,true,true,-0.9225491534918546,-0.9225491534918546,0.9225491534918546,0.9225491534918546,WRONG,WRONG,false,false,-0.9225491534918546,0.9225491534918546,false,false,true,0.0,0.9225491534918547,1.556,mnist__cnn1__linf__0.1__model_seed42_itr20_sgd_itr1_w27.bin
mnist,cnn1,model_seed42_itr20_sgd_itr1,linf,0.1,1,109,-3.430645431908488,5.794846103010059,-3.430645431908488,5.794846103010059,true,true,-0.9225491534918546,-0.9225491534918546,0.9225491534918547,0.9225491534918547,WRONG,WRONG,false,false,-0.9225491534918546,0.9225491534918547,false,false,true,2.220446049250313e-16,0.922549153491855,1.857,mnist__cnn1__linf__0.1__model_seed42_itr20_sgd_itr1_w28.bin
mnist,cnn1,model_seed42_itr20_sgd_itr1,linf,0.1,1,110,-3.430645431908488,5.794846103010059,-3.430645431908488,5.794846103010059,true,true,-0.9225491534918546,-0.9225491534918546,0.9225491534918547,0.9225491534918547,WRONG,WRONG,false,false,-0.9225491534918546,0.9225491534918547,false,false,true,0.0,0.9225491534918545,1.534,mnist__cnn1__linf__0.1__model_seed42_itr20_sgd_itr1_w29.bin
mnist,cnn1,model_seed42_itr20_sgd_itr1,linf,0.1,1,111,-3.430645431908488,5.794846103010059,-3.430645431908488,5.794846103010059,true,true,-0.9225491534918546,-0.9225491534918546,0.9225491534918547,0.9225491534918547,WRONG,WRONG,false,false,-0.9225491534918546,0.9225491534918547,false,false,true,0.0,0.9225491534918546,1.473,mnist__cnn1__linf__0.1__model_seed42_itr20_sgd_itr1_w30.bin
mnist,cnn1,model_seed42_itr20_sgd_itr1,linf,0.1,1,112,-3.430645431908488,5.794846103010059,-3.430645431908488,5.794846103010059,true,true,-0.9225491534918547,-0.9225491534918547,0.9225491534918547,0.9225491534918547,WRONG,WRONG,false,false,-0.9225491534918547,0.9225491534918547,false,false,true,0.0,0.9225491534918546,1.958,mnist__cnn1__linf__0.1__model_seed42_itr20_sgd_itr1_w31.bin
mnist,cnn1,model_seed42_itr20_sgd_itr1,linf,0.1,1,113,-3.430645431908488,5.794846103010059,-3.430645431908488,5.794846103010059,true,true,-0.9225491534918546,-0.9225491534918546,0.9225491534918543,0.9225491534918543,WRONG,WRONG,false,false,-0.9225491534918545,0.9225491534918543,false,false,true,0.0,0.9225491534918547,1.563,mnist__cnn1__linf__0.1__model_seed42_itr20_sgd_itr1_w32.bin
mnist,cnn1,model_seed42_itr20_sgd_itr1,linf,0.1,1,114,-3.430645431908488,5.794846103010059,-3.430645431908488,5.794846103010059,true,true,-0.9225491534918546,-0.9225491534918546,0.922549153491855,0.922549153491855,WRONG,WRONG,false,false,-0.9225491534918546,0.922549153491855,false,false,true,1.3877787807814457e-17,0.9225491534918547,1.468,mnist__cnn1__linf__0.1__model_seed42_itr20_sgd_itr1_w33.bin
mnist,cnn1,model_seed42_itr20_sgd_itr1,linf,0.1,1,115,-3.430645431908488,5.794846103010059,-3.430645431908488,5.794846103010059,true,true,-0.9225491534918546,-0.9225491534918546,0.9225491534918546,0.9225491534918546,WRONG,WRONG,false,false,-0.9225491534918546,0.9225491534918546,false,false,true,4.163336342344337e-17,0.9225491534918547,1.975,mnist__cnn1__linf__0.1__model_seed42_itr20_sgd_itr1_w34.bin
mnist,cnn1,model_seed42_itr20_sgd_itr1,linf,0.1,1,116,-3.430645431908488,5.794846103010059,-3.430645431908488,5.794846103010059,true,true,-0.9225491534918547,-0.9225491534918547,0.9225491534918544,0.9225491534918544,WRONG,WRONG,false,false,-0.9225491534918547,0.9225491534918544,false,false,true,0.0,0.9225491534918548,1.978,mnist__cnn1__linf__0.1__model_seed42_itr20_sgd_itr1_w35.bin
mnist,cnn1,model_seed42_itr20_sgd_itr1,linf,0.1,1,117,-3.430645431908488,5.794846103010059,-3.430645431908488,5.794846103010059,true,true,-0.922549153491855,-0.922549153491855,0.9225491534918547,0.9225491534918547,WRONG,WRONG,false,false,-0.922549153491855,0.9225491534918547,false,false,true,8.326672684688674e-17,0.9225491534918547,1.29,mnist__cnn1__linf__0.1__model_seed42_itr20_sgd_itr1_w36.bin
mnist,cnn1,model_seed42_itr20_sgd_itr1,linf,0.1,1,118,-3.430645431908488,5.794846103010059,-3.430645431908488,5.794846103010059,true,true,-0.9225491534918547,-0.9225491534918547,0.9225491534918544,0.9225491534918544,WRONG,WRONG,false,false,-0.9225491534918547,0.9225491534918544,false,false,true,0.0,0.9225491534918546,1.647,mnist__cnn1__linf__0.1__model_seed42_itr20_sgd_itr1_w37.bin
mnist,cnn1,model_seed42_itr20_sgd_itr1,linf,0.1,1,119,-3.430645431908488,5.794846103010059,-3.430645431908488,5.794846103010059,true,true,-0.9225491534918546,-0.9225491534918546,0.9225491534918548,0.9225491534918548,WRONG,WRONG,false,false,-0.9225491534918546,0.9225491534918548,false,false,true,8.326672684688674e-17,0.9225491534918546,1.595,mnist__cnn1__linf__0.1__model_seed42_itr20_sgd_itr1_w38.bin
mnist,cnn1,model_seed42_itr20_sgd_itr1,linf,0.1,1,120,-3.430645431908488,5.794846103010059,-3.430645431908488,5.794846103010059,true,true,-0.9225491534918545,-0.9225491534918545,0.9225491534918546,0.9225491534918546,WRONG,WRONG,false,false,-0.9225491534918545,0.9225491534918546,false,false,true,0.0,0.9225491534918545,1.677,mnist__cnn1__linf__0.1__model_seed42_itr20_sgd_itr1_w39.bin
mnist,cnn1,model_seed42_itr20_sgd_itr1,linf,0.1,1,121,-3.430645431908488,5.794846103010059,-3.430645431908488,5.794846103010059,true,true,-0.9225491534918545,-0.9225491534918545,0.9225491534918548,0.9225491534918548,WRONG,WRONG,false,false,-0.9225491534918545,0.9225491534918548,false,false,true,0.0,0.9225491534918546,1.586,mnist__cnn1__linf__0.1__model_seed42_itr20_sgd_itr1_w40.bin
mnist,cnn1,model_seed42_itr20_sgd_itr1,linf,0.1,1,122,-3.430645431908488,5.794846103010059,-3.430645431908488,5.794846103010059,true,true,-0.9225491534918546,-0.9225491534918546,0.9225491534918548,0.9225491534918548,WRONG,WRONG,false,false,-0.9225491534918546,0.9225491534918546,false,false,true,0.0,0.9225491534918547,1.959,mnist__cnn1__linf__0.1__model_seed42_itr20_sgd_itr1_w41.bin
mnist,cnn1,model_seed42_itr20_sgd_itr1,linf,0.1,1,123,-3.430645431908488,5.794846103010059,-3.430645431908488,5.794846103010059,true,true,-0.9225491534918547,-0.9225491534918547,0.9225491534918548,0.9225491534918548,WRONG,WRONG,false,false,-0.9225491534918547,0.9225491534918548,false,false,true,0.0,0.9225491534918547,1.97,mnist__cnn1__linf__0.1__model_seed42_itr20_sgd_itr1_w42.bin
mnist,cnn1,model_seed42_itr20_sgd_itr1,linf,0.1,1,124,-3.430645431908488,5.794846103010059,-3.430645431908488,5.794846103010059,true,true,-0.9225491534918546,-0.9225491534918546,0.9225491534918546,0.9225491534918546,WRONG,WRONG,false,false,-0.9225491534918547,0.9225491534918546,false,false,true,0.0,0.9225491534918546,1.684,mnist__cnn1__linf__0.1__model_seed42_itr20_sgd_itr1_w43.bin
mnist,cnn1,model_seed42_itr20_sgd_itr1,linf,0.1,1,125,-3.430645431908488,5.794846103010059,-3.430645431908488,5.794846103010059,true,true,-5.794846103010059,-0.7738365938703303,5.794846103010059,0.7854668109121599,WRONG,WRONG,false,false,-0.9225491534918546,0.9225491534918547,false,false,true,2.0122792321330962e-16,0.7738365938703302,0.364,mnist__cnn1__linf__0.1__model_seed42_itr20_sgd_itr1_w44.bin
mnist,cnn1,model_seed42_itr20_sgd_itr1,linf,0.1,1,126,-3.430645431908488,5.794846103010059,-3.430645431908488,5.794846103010059,true,true,-5.794846103010059,-0.9225491534918548,5.794846103010059,0.766560753492348,WRONG,WRONG,false,false,-0.9225491534918548,0.9225491534918547,false,false,true,0.026256483428490462,0.9488056369203451,0.502,mnist__cnn1__linf__0.1__model_seed42_itr20_sgd_itr1_w45.bin
mnist,cnn1,model_seed42_itr20_sgd_itr1,linf,0.1,1,127,-3.430645431908488,5.794846103010059,-3.430645431908488,5.794846103010059,true,true,-0.9225491534918545,-0.9225491534918545,0.9225491534918544,0.9225491534918544,WRONG,WRONG,false,false,-0.9225491534918547,0.9225491534918544,false,false,true,0.0,0.9225491534918546,1.391,mnist__cnn1__linf__0.1__model_seed42_itr20_sgd_itr1_w46.bin
mnist,cnn1,model_seed42_itr20_sgd_itr1,linf,0.1,1,128,-3.430645431908488,5.794846103010059,-3.430645431908488,5.794846103010059,true,true,-0.9225491534918546,-0.9225491534918546,0.9225491534918546,0.9225491534918546,WRONG,WRONG,false,false,-0.9225491534918546,0.9225491534918546,false,false,true,0.0,0.9225491534918542,2.107,mnist__cnn1__linf__0.1__model_seed42_itr20_sgd_itr1_w47.bin
mnist,cnn1,model_seed42_itr20_sgd_itr1,linf,0.1,1,129,-3.430645431908488,5.794846103010059,-3.430645431908488,5.794846103010059,true,true,-0.9225491534918544,-0.9225491534918544,0.9225491534918546,0.9225491534918546,WRONG,WRONG,false,false,-0.9225491534918544,0.9225491534918546,false,false,true,0.0,0.9225491534918544,1.454,mnist__cnn1__linf__0.1__model_seed42_itr20_sgd_itr1_w48.bin
mnist,cnn1,model_seed42_itr20_sgd_itr1,linf,0.1,1,130,-3.430645431908488,5.794846103010059,-3.430645431908488,5.794846103010059,true,true,-0.9225491534918548,-0.9225491534918548,5.794846103010059,0.9212917335855921,WRONG,WRONG,false,false,-0.9225491534918545,0.9225491534918546,false,false,true,8.326672684688674e-17,0.9225491534918548,1.144,mnist__cnn1__linf__0.1__model_seed42_itr20_sgd_itr1_w49.bin
mnist,cnn1,model_seed42_itr20_sgd_itr1,linf,0.1,1,131,-3.430645431908488,5.794846103010059,-3.430645431908488,5.794846103010059,true,true,-0.9225491534918548,-0.9225491534918548,0.9225491534918546,0.9225491534918546,WRONG,WRONG,false,false,-0.9225491534918548,0.9225491534918546,false,false,true,0.0,0.9225491534918547,1.675,mnist__cnn1__linf__0.1__model_seed42_itr20_sgd_itr1_w50.bin
mnist,cnn1,model_seed42_itr20_sgd_itr1,linf,0.1,1,132,-3.430645431908488,5.794846103010059,-3.430645431908488,5.794846103010059,true,true,-0.9225491534918547,-0.9225491534918547,0.9225491534918545,0.9225491534918545,WRONG,WRONG,false,false,-0.9225491534918547,0.9225491534918545,false,false,true,0.0,0.9225491534918548,1.873,mnist__cnn1__linf__0.1__model_seed42_itr20_sgd_itr1_w51.bin
mnist,cnn1,model_seed42_itr20_sgd_itr1,linf,0.1,1,133,-3.430645431908488,5.794846103010059,-3.430645431908488,5.794846103010059,true,true,-5.794846103010059,-0.6750536830135538,5.794846103010059,0.9225491534918546,WRONG,WRONG,false,false,-0.9225491534918545,0.9225491534918546,false,false,true,0.0,0.6750536830135537,0.604,mnist__cnn1__linf__0.1__model_seed42_itr20_sgd_itr1_w52.bin
mnist,cnn1,model_seed42_itr20_sgd_itr1,linf,0.1,1,134,-3.430645431908488,5.794846103010059,-3.430645431908488,5.794846103010059,true,true,-0.9225491534918546,-0.9225491534918546,0.9225491534918546,0.9225491534918546,WRONG,WRONG,false,false,-0.9225491534918546,0.9225491534918546,false,false,true,0.0,0.9225491534918547,1.746,mnist__cnn1__linf__0.1__model_seed42_itr20_sgd_itr1_w53.bin
mnist,cnn1,model_seed42_itr20_sgd_itr1,linf,0.1,1,135,-3.430645431908488,5.794846103010059,-3.430645431908488,5.794846103010059,true,true,-0.9225491534918546,-0.9225491534918546,0.9225491534918548,0.9225491534918548,WRONG,WRONG,false,false,-0.9225491534918546,0.9225491534918548,false,false,true,0.0,0.9225491534918546,2.028,mnist__cnn1__linf__0.1__model_seed42_itr20_sgd_itr1_w54.bin
mnist,cnn1,model_seed42_itr20_sgd_itr1,linf,0.1,1,136,-3.430645431908488,5.794846103010059,-3.430645431908488,5.794846103010059,true,true,-0.9225491534918546,-0.9225491534918546,0.9225491534918544,0.9225491534918544,WRONG,WRONG,false,false,-0.9225491534918546,0.9225491534918544,false,false,true,5.551115123125783e-17,0.9225491534918545,1.69,mnist__cnn1__linf__0.1__model_seed42_itr20_sgd_itr1_w55.bin
mnist,cnn1,model_seed42_itr20_sgd_itr1,linf,0.1,1,137,-3.430645431908488,5.794846103010059,-3.430645431908488,5.794846103010059,true,true,-0.9225491534918557,-0.9225491534918557,0.9225491534918546,0.9225491534918546,WRONG,WRONG,false,false,-0.9225491534918557,0.9225491534918546,false,false,true,4.1494585545365226e-15,0.922549153491859,2.375,mnist__cnn1__linf__0.1__model_seed42_itr20_sgd_itr1_w56.bin
mnist,cnn1,model_seed42_itr20_sgd_itr1,linf,0.1,1,138,-3.430645431908488,5.794846103010059,-3.430645431908488,5.794846103010059,true,true,-0.9225491534918547,-0.9225491534918547,0.9225491534918547,0.9225491534918547,WRONG,WRONG,false,false,-0.9225491534918546,0.9225491534918547,false,false,true,0.0,0.9225491534918547,1.872,mnist__cnn1__linf__0.1__model_seed42_itr20_sgd_itr1_w57.bin
mnist,cnn1,model_seed42_itr20_sgd_itr1,linf,0.1,1,139,-3.430645431908488,5.794846103010059,-3.430645431908488,5.794846103010059,true,true,-0.9225491534918548,-0.9225491534918548,0.9225491534918546,0.9225491534918546,WRONG,WRONG,false,false,-0.9225491534918548,0.9225491534918546,false,false,true,0.0,0.9225491534918528,2.049,mnist__cnn1__linf__0.1__model_seed42_itr20_sgd_itr1_w58.bin
mnist,cnn1,model_seed42_itr20_sgd_itr1,linf,0.1,1,140,-3.430645431908488,5.794846103010059,-3.430645431908488,5.794846103010059,true,true,-5.794846103010059,-0.9197304758151177,5.794846103010059,0.9225491534918546,WRONG,WRONG,false,false,-0.9225491534918546,0.9225491534918547,false,false,true,0.4251216236088877,1.344852099424006,0.639,mnist__cnn1__linf__0.1__model_seed42_itr20_sgd_itr1_w59.bin
mnist,cnn1,model_seed42_itr20_sgd_itr1,linf,0.1,1,141,-3.430645431908488,5.794846103010059,-3.430645431908488,5.794846103010059,true,true,-5.794846103010059,-0.5207189894390115,5.794846103010059,0.9225491534918547,WRONG,WRONG,false,false,-0.9225491534918547,0.9225491534918546,false,false,true,0.0,0.5207189894390116,0.534,mnist__cnn1__linf__0.1__model_seed42_itr20_sgd_itr1_w60.bin
mnist,cnn1,model_seed42_itr20_sgd_itr1,linf,0.1,1,142,-3.430645431908488,5.794846103010059,-3.430645431908488,5.794846103010059,true,true,-0.9225491534918546,-0.9225491534918546,0.9225491534918546,0.9225491534918546,WRONG,WRONG,false,false,-0.9225491534918546,0.9225491534918546,false,false,true,0.0,0.9225491534918547,1.936,mnist__cnn1__linf__0.1__model_seed42_itr20_sgd_itr1_w61.bin
mnist,cnn1,model_seed42_itr20_sgd_itr1,linf,0.1,1,143,-3.430645431908488,5.794846103010059,-3.430645431908488,5.794846103010059,true,true,-0.9225491534918547,-0.9225491534918547,0.9225491534918547,0.9225491534918547,WRONG,WRONG,false,false,-0.9225491534918547,0.9225491534918547,false,false,true,0.0,0.9225491534918548,1.9,mnist__cnn1__linf__0.1__model_seed42_itr20_sgd_itr1_w62.bin
mnist,cnn1,model_seed42_itr20_sgd_itr1,linf,0.1,1,144,-3.430645431908488,5.794846103010059,-3.430645431908488,5.794846103010059,true,true,-5.794846103010059,-0.5766180980328883,5.794846103010059,0.9225491534918547,WRONG,WRONG,false,false,-0.9225491534918544,0.9225491534918548,false,false,true,0.0,0.5766180980328883,0.429,mnist__cnn1__linf__0.1__model_seed42_itr20_sgd_itr1_w63.bin
mnist,cnn1,model_seed42_itr20_sgd_itr1,linf,0.1,1,145,-3.430645431908488,5.794846103010059,-3.430645431908488,5.794846103010059,true,true,-0.9225491534918548,-0.9225491534918548,0.9225491534918545,0.9225491534918545,WRONG,WRONG,false,false,-0.9225491534918548,0.9225491534918545,false,false,true,0.0,0.9225491534918542,2.019,mnist__cnn1__linf__0.1__model_seed42_itr20_sgd_itr1_w64.bin
mnist,cnn1,model_seed42_itr20_sgd_itr1,linf,0.1,1,146,-3.430645431908488,5.794846103010059,-3.430645431908488,5.794846103010059,true,true,-0.9225491534918547,-0.9225491534918547,0.9225491534918548,0.9225491534918548,WRONG,WRONG,false,false,-0.9225491534918547,0.9225491534918548,false,false,true,0.0,0.9225491534918546,1.388,mnist__cnn1__linf__0.1__model_seed42_itr20_sgd_itr1_w65.bin
mnist,cnn1,model_seed42_itr20_sgd_itr1,linf,0.1,1,147,-3.430645431908488,5.794846103010059,-3.430645431908488,5.794846103010059,true,true,-0.9225491534918551,-0.9225491534918551,0.9225491534918546,0.9225491534918546,WRONG,WRONG,false,false,-0.9225491534918551,0.9225491534918546,false,false,true,1.6653345369377348e-16,0.9225491534918547,2.049,mnist__cnn1__linf__0.1__model_seed42_itr20_sgd_itr1_w66.bin
mnist,cnn1,model_seed42_itr20_sgd_itr1,linf,0.1,1,148,-3.430645431908488,5.794846103010059,-3.430645431908488,5.794846103010059,true,true,-0.9225491534918546,-0.9225491534918546,0.9225491534918548,0.9225491534918548,WRONG,WRONG,false,false,-0.9225491534918546,0.9225491534918548,false,false,true,0.0,0.9225491534918546,1.645,mnist__cnn1__linf__0.1__model_seed42_itr20_sgd_itr1_w67.bin
mnist,cnn1,model_seed42_itr20_sgd_itr1,linf,0.1,1,149,-3.430645431908488,5.794846103010059,-3.430645431908488,5.794846103010059,true,true,-5.794846103010059,-0.9225491534918551,5.794846103010059,0.9225491534918545,WRONG,WRONG,false,false,-0.9225491534918551,0.9225491534918545,false,false,true,0.5276336329632337,1.4501827864550887,0.303,mnist__cnn1__linf__0.1__model_seed42_itr20_sgd_itr1_w68.bin
mnist,cnn1,model_seed42_itr20_sgd_itr1,linf,0.1,1,150,-3.430645431908488,5.794846103010059,-3.430645431908488,5.794846103010059,true,true,-5.794846103010059,-0.9225491534918547,5.794846103010059,0.7853480362268702,WRONG,WRONG,false,false,-0.9225491534918547,0.9225491534918547,false,false,true,8.326672684688674e-17,0.9225491534918544,0.461,mnist__cnn1__linf__0.1__model_seed42_itr20_sgd_itr1_w69.bin
mnist,cnn1,model_seed42_itr20_sgd_itr1,linf,0.1,1,151,-3.430645431908488,5.794846103010059,-3.430645431908488,5.794846103010059,true,true,-0.9225491534918547,-0.9225491534918547,0.9225491534918546,0.9225491534918546,WRONG,WRONG,false,false,-0.9225491534918547,0.9225491534918546,false,false,true,0.0,0.9225491534918547,1.566,mnist__cnn1__linf__0.1__model_seed42_itr20_sgd_itr1_w70.bin
mnist,cnn1,model_seed42_itr20_sgd_itr1,linf,0.1,1,152,-3.430645431908488,5.794846103010059,-3.430645431908488,5.794846103010059,true,true,-0.9225491534918547,-0.9225491534918547,0.9225491534918547,0.9225491534918547,WRONG,WRONG,false,false,-0.9225491534918547,0.9225491534918547,false,false,true,0.0,0.9225491534918547,1.718,mnist__cnn1__linf__0.1__model_seed42_itr20_sgd_itr1_w71.bin
mnist,cnn1,model_seed42_itr20_sgd_itr1,linf,0.1,1,153,-3.430645431908488,5.794846103010059,-3.430645431908488,5.794846103010059,true,true,-0.9225491534918548,-0.9225491534918548,0.9225491534918546,0.9225491534918546,WRONG,WRONG,false,false,-0.9225491534918548,0.9225491534918546,false,false,true,0.0,0.922549153491855,2.232,mnist__cnn1__linf__0.1__model_seed42_itr20_sgd_itr1_w72.bin
mnist,cnn1,model_seed42_itr20_sgd_itr1,linf,0.1,1,154,-3.430645431908488,5.794846103010059,-3.430645431908488,5.794846103010059,true,true,-5.794846103010059,-0.9225491534918546,0.9225491534918568,0.9225491534918568,WRONG,WRONG,false,false,-0.9225491534918547,0.9225491534918568,false,false,true,0.0,0.9225491534918544,1.172,mnist__cnn1__linf__0.1__model_seed42_itr20_sgd_itr1_w73.bin
mnist,cnn1,model_seed42_itr20_sgd_itr1,linf,0.1,1,155,-3.430645431908488,5.794846103010059,-3.430645431908488,5.794846103010059,true,true,-0.9225491534918547,-0.9225491534918547,0.9225491534918541,0.9225491534918541,WRONG,WRONG,false,false,-0.9225491534918547,0.9225491534918541,false,false,true,0.0,0.9225491534918545,1.972,mnist__cnn1__linf__0.1__model_seed42_itr20_sgd_itr1_w74.bin
mnist,cnn1,model_seed42_itr20_sgd_itr1,linf,0.1,1,156,-3.430645431908488,5.794846103010059,-3.430645431908488,5.794846103010059,true,true,-0.922549153491854,-0.922549153491854,0.9225491534918547,0.9225491534918547,WRONG,WRONG,false,false,-0.922549153491854,0.9225491534918547,false,false,true,0.0,0.922549153491855,1.426,mnist__cnn1__linf__0.1__model_seed42_itr20_sgd_itr1_w75.bin
mnist,cnn1,model_seed42_itr20_sgd_itr1,linf,0.1,1,157,-3.430645431908488,5.794846103010059,-3.430645431908488,5.794846103010059,true,true,-0.9225491534918547,-0.9225491534918547,0.9225491534918546,0.9225491534918546,WRONG,WRONG,false,false,-0.9225491534918547,0.9225491534918546,false,false,true,0.0,0.9225491534918543,1.842,mnist__cnn1__linf__0.1__model_seed42_itr20_sgd_itr1_w76.bin
mnist,cnn1,model_seed42_itr20_sgd_itr1,linf,0.1,1,158,-3.430645431908488,5.794846103010059,-3.430645431908488,5.794846103010059,true,true,-0.9225491534918546,-0.9225491534918546,0.9225491534918547,0.9225491534918547,WRONG,WRONG,false,false,-0.9225491534918546,0.9225491534918547,false,false,true,5.551115123125783e-17,0.9225491534918548,1.636,mnist__cnn1__linf__0.1__model_seed42_itr20_sgd_itr1_w77.bin
mnist,cnn1,model_seed42_itr20_sgd_itr1,linf,0.1,1,159,-3.430645431908488,5.794846103010059,-3.430645431908488,5.794846103010059,true,true,-0.9225491534918547,-0.9225491534918547,0.9225491534918544,0.9225491534918544,WRONG,WRONG,false,false,-0.9225491534918547,0.9225491534918544,false,false,true,0.0,0.9225491534918547,1.592,mnist__cnn1__linf__0.1__model_seed42_itr20_sgd_itr1_w78.bin
mnist,cnn1,model_seed42_itr20_sgd_itr1,linf,0.1,1,160,-3.430645431908488,5.794846103010059,-3.430645431908488,5.794846103010059,true,true,-0.9225491534918546,-0.9225491534918546,0.9225491534918546,0.9225491534918546,WRONG,WRONG,false,false,-0.9225491534918546,0.9225491534918548,false,false,true,0.0,0.9225491534918547,1.977,mnist__cnn1__linf__0.1__model_seed42_itr20_sgd_itr1_w79.bin
mnist,cnn1,model_seed42_itr20_sgd_itr1,linf,0.1,1,161,-3.430645431908488,5.794846103010059,-3.430645431908488,5.794846103010059,true,true,-0.9225491534918546,-0.9225491534918546,0.9225491534918547,0.9225491534918547,WRONG,WRONG,false,false,-0.9225491534918546,0.9225491534918546,false,false,true,0.0,0.9225491534918546,2.678,mnist__cnn1__linf__0.1__model_seed42_itr20_sgd_itr1_w80.bin
mnist,cnn1,model_seed42_itr20_sgd_itr1,linf,0.1,1,162,-3.430645431908488,5.794846103010059,-3.430645431908488,5.794846103010059,true,true,-0.9225491534918546,-0.9225491534918546,0.922549153491853,0.922549153491853,WRONG,WRONG,false,false,-0.9225491534918546,0.922549153491853,false,false,true,1.3877787807814457e-17,0.9225491534918548,2.011,mnist__cnn1__linf__0.1__model_seed42_itr20_sgd_itr1_w81.bin
mnist,cnn1,model_seed42_itr20_sgd_itr1,linf,0.1,1,244,-0.3186586964293383,7.687329071632121,-0.3186586964293383,7.687329071632121,true,true,-7.687329071632121,-0.8005987768061458,7.687329071632121,0.8005987768061459,WRONG,WRONG,false,false,-0.8005987768061458,0.8005987768061459,false,false,true,0.3964268532073002,1.1970256300134463,0.357,mnist__cnn1__linf__0.1__model_seed42_itr20_sgd_itr1_w82.bin
mnist,cnn1,model_seed42_itr20_sgd_itr1,linf,0.1,1,245,-0.3186586964293383,7.687329071632121,-0.3186586964293383,7.687329071632121,true,true,-7.687329071632121,-0.8001938621691782,7.687329071632121,0.800598776806146,WRONG,WRONG,false,false,-0.800598776806146,0.8005987768061464,false,false,true,0.15360349350552233,0.9537973556747003,0.348,mnist__cnn1__linf__0.1__model_seed42_itr20_sgd_itr1_w83.bin
mnist,cnn1,model_seed42_itr20_sgd_itr1,linf,0.1,1,246,-0.3186586964293383,7.687329071632121,-0.3186586964293383,7.687329071632121,true,true,-7.687329071632121,-0.7985624310298584,0.8005987768061459,0.8005987768061459,WRONG,WRONG,false,false,-0.8005987768061459,0.8005987768061459,false,false,true,6.938893903907228e-18,0.7985624310298582,1.284,mnist__cnn1__linf__0.1__model_seed42_itr20_sgd_itr1_w84.bin
mnist,cnn1,model_seed42_itr20_sgd_itr1,linf,0.1,1,247,-0.3186586964293383,7.687329071632121,-0.3186586964293383,7.687329071632121,true,true,-0.8005987768061458,-0.8005987768061458,7.687329071632121,0.8005987768061458,WRONG,WRONG,false,false,-0.8005987768061458,0.8005987768061458,false,false,true,0.3173395816499249,1.117938358456071,0.82,mnist__cnn1__linf__0.1__model_seed42_itr20_sgd_itr1_w85.bin
mnist,cnn1,model_seed42_itr20_sgd_itr1,linf,0.1,1,248,-0.3186586964293383,7.687329071632121,-0.3186586964293383,7.687329071632121,true,true,-0.800598776806146,-0.800598776806146,0.800598776806146,0.800598776806146,WRONG,WRONG,false,false,-0.800598776806146,0.800598776806146,false,false,true,0.0,0.8005987768061459,2.335,mnist__cnn1__linf__0.1__model_seed42_itr20_sgd_itr1_w86.bin
mnist,cnn1,model_seed42_itr20_sgd_itr1,linf,0.1,1,249,-0.3186586964293383,7.687329071632121,-0.3186586964293383,7.687329071632121,true,true,-0.8005987768061458,-0.8005987768061458,0.8005987768061459,0.8005987768061459,WRONG,WRONG,false,false,-0.8005987768061458,0.8005987768061458,false,false,true,0.0,0.800598776806146,2.929,mnist__cnn1__linf__0.1__model_seed42_itr20_sgd_itr1_w87.bin
mnist,cnn1,model_seed42_itr20_sgd_itr1,linf,0.1,1,250,-0.3186586964293383,7.687329071632121,-0.3186586964293383,7.687329071632121,true,true,-0.8005987768061459,-0.8005987768061459,0.8005987768061459,0.8005987768061459,WRONG,WRONG,false,false,-0.800598776806146,0.8005987768061459,false,false,true,6.505213034913027e-19,0.800598776806146,1.028,mnist__cnn1__linf__0.1__model_seed42_itr20_sgd_itr1_w88.bin
mnist,cnn1,model_seed42_itr20_sgd_itr1,linf,0.1,1,251,-0.3186586964293383,7.687329071632121,-0.3186586964293383,7.687329071632121,true,true,-0.800598776806146,-0.800598776806146,0.800598776806146,0.800598776806146,WRONG,WRONG,false,false,-0.800598776806146,0.800598776806146,false,false,true,3.469446951953614e-18,0.800598776806146,1.433,mnist__cnn1__linf__0.1__model_seed42_itr20_sgd_itr1_w89.bin
mnist,cnn1,model_seed42_itr20_sgd_itr1,linf,0.1,1,252,-0.3186586964293383,7.687329071632121,-0.3186586964293383,7.687329071632121,true,true,-0.800598776806146,-0.800598776806146,0.8005987768061459,0.8005987768061459,WRONG,WRONG,false,false,-0.800598776806146,0.8005987768061459,false,false,true,0.0,0.8005987768061458,1.993,mnist__cnn1__linf__0.1__model_seed42_itr20_sgd_itr1_w90.bin
mnist,cnn1,model_seed42_itr20_sgd_itr1,linf,0.1,1,253,-0.3186586964293383,7.687329071632121,-0.3186586964293383,7.687329071632121,true,true,-7.687329071632121,-0.800598776806146,7.687329071632121,0.8001938621691781,WRONG,WRONG,false,false,-0.800598776806146,0.8005987768061458,false,false,true,0.023497367202362278,0.8240961440085082,0.291,mnist__cnn1__linf__0.1__model_seed42_itr20_sgd_itr1_w91.bin
mnist,cnn1,model_seed42_itr20_sgd_itr1,linf,0.1,1,254,-0.3186586964293383,7.687329071632121,-0.3186586964293383,7.687329071632121,true,true,-7.687329071632121,-0.800598776806146,7.687329071632121,0.8005987768061459,WRONG,WRONG,false,false,-0.800598776806146,0.8005987768061459,false,false,true,0.02980524046884992,0.8304040172749959,0.596,mnist__cnn1__linf__0.1__model_seed42_itr20_sgd_itr1_w92.bin
mnist,cnn1,model_seed42_itr20_sgd_itr1,linf,0.1,1,255,-0.3186586964293383,7.687329071632121,-0.3186586964293383,7.687329071632121,true,true,-7.687329071632121,-0.8005987768061456,7.687329071632121,0.7985624310298585,WRONG,WRONG,false,false,-0.8005987768061456,0.800598776806146,false,false,true,0.046157081982988485,0.8467558587891343,0.617,mnist__cnn1__linf__0.1__model_seed42_itr20_sgd_itr1_w93.bin
mnist,cnn1,model_seed42_itr20_sgd_itr1,linf,0.1,1,256,-0.3186586964293383,7.687329071632121,-0.3186586964293383,7.687329071632121,true,true,-0.800598776806146,-0.800598776806146,0.800598776806146,0.800598776806146,WRONG,WRONG,false,false,-0.800598776806146,0.800598776806146,false,false,true,0.0,0.800598776806146,2.217,mnist__cnn1__linf__0.1__model_seed42_itr20_sgd_itr1_w94.bin
mnist,cnn1,model_seed42_itr20_sgd_itr1,linf,0.1,1,257,-0.3186586964293383,7.687329071632121,-0.3186586964293383,7.687329071632121,true,true,-0.800598776806146,-0.800598776806146,0.8005987768061462,0.8005987768061462,WRONG,WRONG,false,false,-0.800598776806146,0.8005987768061462,false,false,true,0.0,0.800598776806146,2.001,mnist__cnn1__linf__0.1__model_seed42_itr20_sgd_itr1_w95.bin
mnist,cnn1,model_seed42_itr20_sgd_itr1,linf,0.1,1,258,-0.3186586964293383,7.687329071632121,-0.3186586964293383,7.687329071632121,true,true,-0.8005987768061458,-0.8005987768061458,0.8005987768061468,0.800598776806146,WRONG,WRONG,false,false,-0.8005987768061458,0.800598776806146,false,false,true,0.0,0.8005987768061459,1.718,mnist__cnn1__linf__0.1__model_seed42_itr20_sgd_itr1_w96.bin
mnist,cnn1,model_seed42_itr20_sgd_itr1,linf,0.1,1,259,-0.3186586964293383,7.687329071632121,-0.3186586964293383,7.687329071632121,true,true,-0.800598776806146,-0.800598776806146,0.800598776806146,0.800598776806146,WRONG,WRONG,false,false,-0.8005987768061459,0.800598776806146,false,false,true,0.0,0.800598776806146,1.946,mnist__cnn1__linf__0.1__model_seed42_itr20_sgd_itr1_w97.bin
mnist,cnn1,model_seed42_itr20_sgd_itr1,linf,0.1,1,260,-0.3186586964293383,7.687329071632121,-0.3186586964293383,7.687329071632121,true,true,-7.687329071632121,-0.712490575431648,0.800598776806146,0.800598776806146,WRONG,WRONG,false,false,-0.800598776806146,0.8005987768061458,false,false,true,6.938893903907228e-18,0.7124905754316482,1.224,mnist__cnn1__linf__0.1__model_seed42_itr20_sgd_itr1_w98.bin
mnist,cnn1,model_seed42_itr20_sgd_itr1,linf,0.1,1,261,-0.3186586964293383,7.687329071632121,-0.3186586964293383,7.687329071632121,true,true,-7.687329071632121,-0.800598776806146,7.687329071632121,0.7476278243225809,WRONG,WRONG,false,false,-0.800598776806146,0.8005987768061456,false,false,true,0.10206326826981085,0.9026620450759568,0.322,mnist__cnn1__linf__0.1__model_seed42_itr20_sgd_itr1_w99.bin
mnist,cnn1,model_seed42_itr20_sgd_itr1,linf,0.1,1,262,-0.3186586964293383,7.687329071632121,-0.3186586964293383,7.687329071632121,true,true,-7.687329071632121,-0.7985624310298584,7.687329071632121,0.7413344636788315,WRONG,WRONG,false,false,-0.800598776806146,0.8005987768061447,false,false,true,0.03226559217861691,0.8308280232084752,0.446,mnist__cnn1__linf__0.1__model_seed42_itr20_sgd_itr1_w100.bin
mnist,cnn1,model_seed42_itr20_sgd_itr1,linf,0.1,1,263,-0.3186586964293383,7.687329071632121,-0.3186586964293383,7.687329071632121,true,true,-0.8005987768061459,-0.8005987768061459,0.800598776806146,0.800598776806146,WRONG,WRONG,false,false,-0.800598776986206,0.800598776806146,false,false,true,0.0,0.8005987768061459,1.581,mnist__cnn1__linf__0.1__model_seed42_itr20_sgd_itr1_w101.bin
mnist,cnn1,model_seed42_itr20_sgd_itr1,linf,0.1,1,264,-0.3186586964293383,7.687329071632121,-0.3186586964293383,7.687329071632121,true,true,-7.687329071632121,-0.7546994914962455,0.8005987768061461,0.8005987768061461,WRONG,WRONG,false,false,-0.8005987768061461,0.800598776806146,false,false,true,0.0,0.7546994914962454,0.96,mnist__cnn1__linf__0.1__model_seed42_itr20_sgd_itr1_w102.bin
mnist,cnn1,model_seed42_itr20_sgd_itr1,linf,0.1,1,265,-0.3186586964293383,7.687329071632121,-0.3186586964293383,7.687329071632121,true,true,-7.687329071632121,-0.800598776806146,7.687329071632121,0.7811011840717641,WRONG,WRONG,false,false,-0.800598776806146,0.800598776806146,false,false,true,2.0919212845173387,2.892520061323485,0.835,mnist__cnn1__linf__0.1__model_seed42_itr20_sgd_itr1_w103.bin
mnist,cnn1,model_seed42_itr20_sgd_itr1,linf,0.1,1,266,-0.3186586964293383,7.687329071632121,-0.3186586964293383,7.687329071632121,true,true,-7.687329071632121,-0.7657654381348772,0.800598776806146,0.800598776806146,WRONG,WRONG,false,false,-0.800598776806146,0.800598776806146,false,false,true,1.0408340855860843e-17,0.7657654381348773,1.186,mnist__cnn1__linf__0.1__model_seed42_itr20_sgd_itr1_w104.bin
mnist,cnn1,model_seed42_itr20_sgd_itr1,linf,0.1,1,267,-0.3186586964293383,7.687329071632121,-0.3186586964293383,7.687329071632121,true,true,-7.687329071632121,-0.7405698795539433,0.8005987768061461,0.8005987768061461,WRONG,WRONG,false,false,-0.800598776986206,0.800598776806146,false,false,true,0.0,0.7405698795539432,1.363,mnist__cnn1__linf__0.1__model_seed42_itr20_sgd_itr1_w105.bin
mnist,cnn1,model_seed42_itr20_sgd_itr1,linf,0.1,1,268,-0.3186586964293383,7.687329071632121,-0.3186586964293383,7.687329071632121,true,true,-0.800598776806146,-0.800598776806146,0.8005987768061462,0.8005987768061459,WRONG,WRONG,false,false,-0.800598776806146,0.800598776806146,false,false,true,0.0,0.8005987768061459,1.775,mnist__cnn1__linf__0.1__model_seed42_itr20_sgd_itr1_w106.bin
mnist,cnn1,model_seed42_itr20_sgd_itr1,linf,0.1,1,269,-0.3186586964293383,7.687329071632121,-0.3186586964293383,7.687329071632121,true,true,-7.687329071632121,-0.5272446296162505,0.800598776806146,0.800598776806146,WRONG,WRONG,false,false,-0.8005987768061459,0.800598776806146,false,false,true,1.3877787807814457e-17,0.5272446296162506,1.66,mnist__cnn1__linf__0.1__model_seed42_itr20_sgd_itr1_w107.bin
mnist,cnn1,model_seed42_itr20_sgd_itr1,linf,0.1,1,270,-0.3186586964293383,7.687329071632121,-0.3186586964293383,7.687329071632121,true,true,-7.687329071632121,-0.755659532398354,0.8005987768061459,0.8005987768061459,WRONG,WRONG,false,false,-0.800598776806146,0.8005987768061456,false,false,true,0.0,0.7556595323983539,1.153,mnist__cnn1__linf__0.1__model_seed42_itr20_sgd_itr1_w108.bin
mnist,cnn1,model_seed42_itr20_sgd_itr1,linf,0.1,1,271,-0.3186586964293383,7.687329071632121,-0.3186586964293383,7.687329071632121,true,true,-7.687329071632121,-0.8005987768061473,7.687329071632121,0.8005987768061456,WRONG,WRONG,false,false,-0.8005987768061473,0.8005987768061456,false,false,true,0.6674961793566894,1.4680949561628354,0.444,mnist__cnn1__linf__0.1__model_seed42_itr20_sgd_itr1_w109.bin
mnist,cnn1,model_seed42_itr20_sgd_itr1,linf,0.1,1,272,-0.3186586964293383,7.687329071632121,-0.3186586964293383,7.687329071632121,true,true,-0.800598776806146,-0.800598776806146,0.8005987768061459,0.8005987768061459,WRONG,WRONG,false,false,-0.800598776806146,0.8005987768061459,false,false,true,0.0,0.8005987768061459,1.785,mnist__cnn1__linf__0.1__model_seed42_itr20_sgd_itr1_w110.bin
mnist,cnn1,model_seed42_itr20_sgd_itr1,linf,0.1,1,273,-0.3186586964293383,7.687329071632121,-0.3186586964293383,7.687329071632121,true,true,-0.800598776806146,-0.800598776806146,0.8005987768061459,0.8005987768061459,WRONG,WRONG,false,false,-0.800598776806146,0.8005987768061459,false,false,true,0.0,0.800598776806146,1.444,mnist__cnn1__linf__0.1__model_seed42_itr20_sgd_itr1_w111.bin
mnist,cnn1,model_seed42_itr20_sgd_itr1,linf,0.1,1,274,-0.3186586964293383,7.687329071632121,-0.3186586964293383,7.687329071632121,true,true,-0.8005987768061459,-0.8005987768061459,0.800598776806146,0.800598776806146,WRONG,WRONG,false,false,-0.800598776806146,0.800598776806146,false,false,true,0.0,0.800598776806146,1.557,mnist__cnn1__linf__0.1__model_seed42_itr20_sgd_itr1_w112.bin
mnist,cnn1,model_seed42_itr20_sgd_itr1,linf,0.1,1,275,-0.3186586964293383,7.687329071632121,-0.3186586964293383,7.687329071632121,true,true,-7.687329071632121,-0.777355666382685,0.8005987768061459,0.8005987768061459,WRONG,WRONG,false,false,-0.8005987768061459,0.8005987768061458,false,false,true,1.0408340855860843e-17,0.7773556663826849,1.3,mnist__cnn1__linf__0.1__model_seed42_itr20_sgd_itr1_w113.bin
mnist,cnn1,model_seed42_itr20_sgd_itr1,linf,0.1,1,276,-0.3186586964293383,7.687329071632121,-0.3186586964293383,7.687329071632121,true,true,-7.687329071632121,-0.8005987768061461,7.687329071632121,0.800193862169178,WRONG,WRONG,false,false,-0.8005987768061461,0.8005987768061458,false,false,true,0.9596787235570952,1.760277500363241,0.31,mnist__cnn1__linf__0.1__model_seed42_itr20_sgd_itr1_w114.bin
mnist,cnn1,model_seed42_itr20_sgd_itr1,linf,0.1,1,277,-0.3186586964293383,7.687329071632121,-0.3186586964293383,7.687329071632121,true,true,-7.687329071632121,-0.8005987768061459,7.687329071632121,0.7823522426575586,WRONG,WRONG,false,false,-0.8005987768061459,0.8005987768061458,false,false,true,0.11123213725282195,0.911830914058968,0.277,mnist__cnn1__linf__0.1__model_seed42_itr20_sgd_itr1_w115.bin
mnist,cnn1,model_seed42_itr20_sgd_itr1,linf,0.1,1,278,-0.3186586964293383,7.687329071632121,-0.3186586964293383,7.687329071632121,true,true,-0.800598776806146,-0.800598776806146,0.8005987768061522,0.800598776806146,WRONG,WRONG,false,false,-0.800598776806146,0.8005987768061462,false,false,true,1.0408340855860843e-17,0.800598776806146,1.577,mnist__cnn1__linf__0.1__model_seed42_itr20_sgd_itr1_w116.bin
mnist,cnn1,model_seed42_itr20_sgd_itr1,linf,0.1,1,279,-0.3186586964293383,7.687329071632121,-0.3186586964293383,7.687329071632121,true,true,-7.687329071632121,-0.8005987768061458,0.8005987768061461,0.8005987768061461,WRONG,WRONG,false,false,-0.8005987768061459,0.800598776806146,false,false,true,1.0137290312739466e-17,0.800598776806146,0.666,mnist__cnn1__linf__0.1__model_seed42_itr20_sgd_itr1_w117.bin
mnist,cnn1,model_seed42_itr20_sgd_itr1,linf,0.1,1,280,-0.3186586964293383,7.687329071632121,-0.3186586964293383,7.687329071632121,true,true,-7.687329071632121,-0.800598776806146,7.687329071632121,0.8005987768061461,WRONG,WRONG,false,false,-0.800598776806146,0.8005987768061461,false,false,true,0.028266170112928604,0.8288649469190745,0.319,mnist__cnn1__linf__0.1__model_seed42_itr20_sgd_itr1_w118.bin
mnist,cnn1,model_seed42_itr20_sgd_itr1,linf,0.1,1,281,-0.3186586964293383,7.687329071632121,-0.3186586964293383,7.687329071632121,true,true,-7.687329071632121,-0.8005987768061459,7.687329071632121,0.800598776806146,WRONG,WRONG,false,false,-0.8005987768061459,0.800598776806146,false,false,true,0.07216887686170505,0.8727676536678509,0.336,mnist__cnn1__linf__0.1__model_seed42_itr20_sgd_itr1_w119.bin
mnist,cnn1,model_seed42_itr20_sgd_itr1,linf,0.1,1,282,-0.3186586964293383,7.687329071632121,-0.3186586964293383,7.687329071632121,true,true,-7.687329071632121,-0.8005987768061459,7.687329071632121,0.7985624310298585,WRONG,WRONG,false,false,-0.8005987768061459,0.8005987768061448,false,false,true,0.08818367903770882,0.8887824558438547,0.366,mnist__cnn1__linf__0.1__model_seed42_itr20_sgd_itr1_w120.bin
mnist,cnn1,model_seed42_itr20_sgd_itr1,linf,0.1,1,283,-0.3186586964293383,7.687329071632121,-0.3186586964293383,7.687329071632121,true,true,-7.687329071632121,-0.7259128999391278,0.8005987768061451,0.8005987768061451,WRONG,WRONG,false,false,-0.8005987768061458,0.8005987768061464,false,false,true,3.469446951953614e-18,0.7259128999391278,1.527,mnist__cnn1__linf__0.1__model_seed42_itr20_sgd_itr1_w121.bin
mnist,cnn1,model_seed42_itr20_sgd_itr1,linf,0.1,1,284,-0.3186586964293383,7.687329071632121,-0.3186586964293383,7.687329071632121,true,true,-0.800598776806146,-0.800598776806146,7.687329071632121,0.7293353748019782,WRONG,WRONG,false,false,-0.800598776806146,0.8005987768061453,false,false,true,0.21179335094190582,1.0123921277480517,0.885,mnist__cnn1__linf__0.1__model_seed42_itr20_sgd_itr1_w122.bin
mnist,cnn1,model_seed42_itr20_sgd_itr1,linf,0.1,1,285,-0.3186586964293383,7.687329071632121,-0.3186586964293383,7.687329071632121,true,true,-7.687329071632121,-0.800598776806146,0.800598776806146,0.800598776806146,WRONG,WRONG,false,false,-0.800598776806146,0.800598776806146,false,false,true,0.0,0.800598776806146,1.086,mnist__cnn1__linf__0.1__model_seed42_itr20_sgd_itr1_w123.bin
mnist,cnn1,model_seed42_itr20_sgd_itr1,linf,0.1,1,286,-0.3186586964293383,7.687329071632121,-0.3186586964293383,7.687329071632121,true,true,-0.800598776806146,-0.800598776806146,0.800598776806146,0.800598776806146,WRONG,WRONG,false,false,-0.8005987768061456,0.8005987768061456,false,false,true,6.938893903907228e-18,0.800598776806146,1.646,mnist__cnn1__linf__0.1__model_seed42_itr20_sgd_itr1_w124.bin
mnist,cnn1,model_seed42_itr20_sgd_itr1,linf,0.1,1,287,-0.3186586964293383,7.687329071632121,-0.3186586964293383,7.687329071632121,true,true,-0.800598776806146,-0.800598776806146,0.8005987768061461,0.800598776806146,WRONG,WRONG,false,false,-0.8005987768061458,0.800598776806146,false,false,true,2.42861286636753e-17,0.800598776806146,2.355,mnist__cnn1__linf__0.1__model_seed42_itr20_sgd_itr1_w125.bin
mnist,cnn1,model_seed42_itr20_sgd_itr1,linf,0.1,1,288,-0.3186586964293383,7.687329071632121,-0.3186586964293383,7.687329071632121,true,true,-7.687329071632121,-0.7985624310298584,0.8005987768061459,0.8005987768061459,WRONG,WRONG,false,false,-0.8005987768061456,0.8005987768061462,false,false,true,1.3877787807814457e-17,0.7985624310298584,0.754,mnist__cnn1__linf__0.1__model_seed42_itr20_sgd_itr1_w126.bin
mnist,cnn1,model_seed42_itr20_sgd_itr1,linf,0.1,1,289,-0.3186586964293383,7.687329071632121,-0.3186586964293383,7.687329071632121,true,true,-7.687329071632121,-0.800598776806146,7.687329071632121,0.800598776806146,WRONG,WRONG,false,false,-0.800598776806146,0.800598776806146,false,false,true,1.1531273332932523,1.9537261100993986,0.403,mnist__cnn1__linf__0.1__model_seed42_itr20_sgd_itr1_w127.bin
mnist,cnn1,model_seed42_itr20_sgd_itr1,linf,0.1,1,290,-0.3186586964293383,7.687329071632121,-0.3186586964293383,7.687329071632121,true,true,-7.687329071632121,-0.800598776806146,7.687329071632121,0.800598776806146,WRONG,WRONG,false,false,-0.800598776806146,0.800598776806146,false,false,true,0.08158197972759368,0.8821807565337396,0.391,mnist__cnn1__linf__0.1__model_seed42_itr20_sgd_itr1_w128.bin
mnist,cnn1,model_seed42_itr20_sgd_itr1,linf,0.1,1,291,-0.3186586964293383,7.687329071632121,-0.3186586964293383,7.687329071632121,true,true,-7.687329071632121,-0.8005987768061458,7.687329071632121,0.800598776806146,WRONG,WRONG,false,false,-0.8005987768061458,0.800598776806146,false,false,true,1.1674402759568667,1.9680390527630127,0.434,mnist__cnn1__linf__0.1__model_seed42_itr20_sgd_itr1_w129.bin
mnist,cnn1,model_seed42_itr20_sgd_itr1,linf,0.1,1,292,-0.3186586964293383,7.687329071632121,-0.3186586964293383,7.687329071632121,true,true,-7.687329071632121,-0.6543728014609989,7.687329071632121,0.7707162278309639,WRONG,WRONG,false,false,-0.8005987768061459,0.8005987768061458,false,false,true,0.05071544275768321,0.7050882442186818,0.635,mnist__cnn1__linf__0.1__model_seed42_itr20_sgd_itr1_w130.bin
mnist,cnn1,model_seed42_itr20_sgd_itr1,linf,0.1,1,293,-0.3186586964293383,7.687329071632121,-0.3186586964293383,7.687329071632121,true,true,-0.800598776806146,-0.800598776806146,0.8005987768061461,0.8005987768061461,WRONG,WRONG,false,false,-0.8005987768061459,0.8005987768061459,false,false,true,0.0,0.8005987768061459,1.986,mnist__cnn1__linf__0.1__model_seed42_itr20_sgd_itr1_w131.bin
mnist,cnn1,model_seed42_itr20_sgd_itr1,linf,0.1,1,294,-0.3186586964293383,7.687329071632121,-0.3186586964293383,7.687329071632121,true,true,-7.687329071632121,-0.800598776806146,0.8005987768061458,0.8005987768061458,WRONG,WRONG,false,false,-0.800598776806146,0.800598776806146,false,false,true,0.0,0.8005987768061459,0.757,mnist__cnn1__linf__0.1__model_seed42_itr20_sgd_itr1_w132.bin
mnist,cnn1,model_seed42_itr20_sgd_itr1,linf,0.1,1,295,-0.3186586964293383,7.687329071632121,-0.3186586964293383,7.687329071632121,true,true,-7.687329071632121,-0.7803505376744488,0.8005987768061461,0.8005987768061461,WRONG,WRONG,false,false,-0.800598776806146,0.800598776806146,false,false,true,1.457167719820518e-15,0.780350537674449,1.232,mnist__cnn1__linf__0.1__model_seed42_itr20_sgd_itr1_w133.bin
mnist,cnn1,model_seed42_itr20_sgd_itr1,linf,0.1,1,296,-0.3186586964293383,7.687329071632121,-0.3186586964293383,7.687329071632121,true,true,-0.8005987768061449,-0.8005987768061449,0.800598776806146,0.800598776806146,WRONG,WRONG,false,false,-0.8005987768061449,0.800598776806146,false,false,true,0.0,0.8005987768061448,1.928,mnist__cnn1__linf__0.1__model_seed42_itr20_sgd_itr1_w134.bin
mnist,cnn1,model_seed42_itr20_sgd_itr1,linf,0.1,1,297,-0.3186586964293383,7.687329071632121,-0.3186586964293383,7.687329071632121,true,true,-0.8005987768061461,-0.8005987768061461,0.800598776806146,0.800598776806146,WRONG,WRONG,false,false,-0.8005987768061461,0.800598776806146,false,false,true,1.3010426069826053e-17,0.800598776806146,2.099,mnist__cnn1__linf__0.1__model_seed42_itr20_sgd_itr1_w135.bin
mnist,cnn1,model_seed42_itr20_sgd_itr1,linf,0.1,1,298,-0.3186586964293383,7.687329071632121,-0.3186586964293383,7.687329071632121,true,true,-7.687329071632121,-0.7985624310298582,7.687329071632121,0.8005987768061459,WRONG,WRONG,false,false,-0.800598776806146,0.8005987768061457,false,false,true,0.14317855487599424,0.9417409859058524,0.377,mnist__cnn1__linf__0.1__model_seed42_itr20_sgd_itr1_w136.bin
mnist,cnn1,model_seed42_itr20_sgd_itr1,linf,0.1,1,299,-0.3186586964293383,7.687329071632121,-0.3186586964293383,7.687329071632121,true,true,-0.800598776806146,-0.800598776806146,0.800598776806146,0.800598776806146,WRONG,WRONG,false,false,-0.800598776806146,0.800598776806146,false,false,true,1.0842021724855044e-17,0.8005987768061459,1.385,mnist__cnn1__linf__0.1__model_seed42_itr20_sgd_itr1_w137.bin
mnist,cnn1,model_seed42_itr20_sgd_itr1,linf,0.1,1,300,-0.3186586964293383,7.687329071632121,-0.3186586964293383,7.687329071632121,true,true,-7.687329071632121,-0.8005987768061456,7.687329071632121,0.7837314772358686,WRONG,WRONG,false,false,-0.8005987768061456,0.8005987768061458,false,false,true,2.3876118146016667,3.1882105914078127,0.564,mnist__cnn1__linf__0.1__model_seed42_itr20_sgd_itr1_w138.bin
mnist,cnn1,model_seed42_itr20_sgd_itr1,linf,0.1,1,301,-0.3186586964293383,7.687329071632121,-0.3186586964293383,7.687329071632121,true,true,-0.8005987768061461,-0.8005987768061461,0.800598776806146,0.800598776806146,WRONG,WRONG,false,false,-0.8005987768061459,0.8005987768061457,false,false,true,1.1796119636642288e-16,0.8005987768061461,1.626,mnist__cnn1__linf__0.1__model_seed42_itr20_sgd_itr1_w139.bin
mnist,cnn1,model_seed42_itr20_sgd_itr1,linf,0.1,1,302,-0.3186586964293383,7.687329071632121,-0.3186586964293383,7.687329071632121,true,true,-7.687329071632121,-0.800598776806146,0.8005987768061459,0.8005987768061459,WRONG,WRONG,false,false,-0.8005987768061459,0.8005987768061459,false,false,true,0.0,0.8005987768061459,1.073,mnist__cnn1__linf__0.1__model_seed42_itr20_sgd_itr1_w140.bin
mnist,cnn1,model_seed42_itr20_sgd_itr1,linf,0.1,1,303,-0.3186586964293383,7.687329071632121,-0.3186586964293383,7.687329071632121,true,true,-0.800598776806146,-0.800598776806146,0.800598776806146,0.8005987768061459,WRONG,WRONG,false,false,-0.8005987768061458,0.8005987768061459,false,false,true,0.0,0.8005987768061459,2.048,mnist__cnn1__linf__0.1__model_seed42_itr20_sgd_itr1_w141.bin
mnist,cnn1,model_seed42_itr20_sgd_itr1,linf,0.1,1,304,-0.3186586964293383,7.687329071632121,-0.3186586964293383,7.687329071632121,true,true,-0.800598776806146,-0.800598776806146,0.800598776806146,0.800598776806146,WRONG,WRONG,false,false,-0.8005987768061457,0.800598776806146,false,false,true,0.0,0.8005987768061459,2.461,mnist__cnn1__linf__0.1__model_seed42_itr20_sgd_itr1_w142.bin
mnist,cnn1,model_seed42_itr20_sgd_itr1,linf,0.1,1,305,-0.3186586964293383,7.687329071632121,-0.3186586964293383,7.687329071632121,true,true,-7.687329071632121,-0.8005987768061459,0.800598776806146,0.800598776806146,WRONG,WRONG,false,false,-0.800598776806146,0.8005987768061459,false,false,true,0.0,0.800598776806146,1.051,mnist__cnn1__linf__0.1__model_seed42_itr20_sgd_itr1_w143.bin
mnist,cnn1,model_seed42_itr20_sgd_itr1,linf,0.1,1,306,-0.3186586964293383,7.687329071632121,-0.3186586964293383,7.687329071632121,true,true,-7.687329071632121,-0.800598776806146,0.8005987768061454,0.8005987768061454,WRONG,WRONG,false,false,-0.8005987768061456,0.8005987768061454,false,false,true,1.0408340855860843e-17,0.800598776806146,0.894,mnist__cnn1__linf__0.1__model_seed42_itr20_sgd_itr1_w144.bin
mnist,cnn1,model_seed42_itr20_sgd_itr1,linf,0.1,1,307,-0.3186586964293383,7.687329071632121,-0.3186586964293383,7.687329071632121,true,true,-7.687329071632121,-0.8001938621691783,7.687329071632121,0.800598776806146,WRONG,WRONG,false,false,-0.800598776806146,0.8005987768061458,false,false,true,0.7558570606470765,1.5560509228162545,0.535,mnist__cnn1__linf__0.1__model_seed42_itr20_sgd_itr1_w145.bin
mnist,cnn1,model_seed42_itr20_sgd_itr1,linf,0.1,1,308,-0.3186586964293383,7.687329071632121,-0.3186586964293383,7.687329071632121,true,true,-0.8005987768061458,-0.8005987768061458,0.800598776806146,0.800598776806146,WRONG,WRONG,false,false,-0.800598776806146,0.800598776806146,false,false,true,0.0,0.800598776806146,1.024,mnist__cnn1__linf__0.1__model_seed42_itr20_sgd_itr1_w146.bin
mnist,cnn1,model_seed42_itr20_sgd_itr1,linf,0.1,1,309,-0.3186586964293383,7.687329071632121,-0.3186586964293383,7.687329071632121,true,true,-7.687329071632121,-0.7725301208960809,0.800598776806146,0.800598776806146,WRONG,WRONG,false,false,-0.800598776806146,0.8005987768061458,false,false,true,4.163336342344337e-17,0.7725301208960808,1.072,mnist__cnn1__linf__0.1__model_seed42_itr20_sgd_itr1_w147.bin
mnist,cnn1,model_seed42_itr20_sgd_itr1,linf,0.1,1,310,-0.3186586964293383,7.687329071632121,-0.3186586964293383,7.687329071632121,true,true,-0.800598776806146,-0.800598776806146,0.8005987768061458,0.8005987768061458,WRONG,WRONG,false,false,-0.8005987768061456,0.8005987768061462,false,false,true,0.0,0.8005987768061459,1.144,mnist__cnn1__linf__0.1__model_seed42_itr20_sgd_itr1_w148.bin
mnist,cnn1,model_seed42_itr20_sgd_itr1,linf,0.1,1,311,-0.3186586964293383,7.687329071632121,-0.3186586964293383,7.687329071632121,true,true,-0.800598776806146,-0.800598776806146,0.8005987768061463,0.8005987768061463,WRONG,WRONG,false,false,-0.800598776806146,0.8005987768061463,false,false,true,4.163336342344337e-17,0.800598776806146,2.091,mnist__cnn1__linf__0.1__model_seed42_itr20_sgd_itr1_w149.bin
mnist,cnn1,model_seed42_itr20_sgd_itr1,linf,0.1,1,312,-0.3186586964293383,7.687329071632121,-0.3186586964293383,7.687329071632121,true,true,-7.687329071632121,-0.4136538640811573,0.8005987768061459,0.8005987768061459,WRONG,WRONG,false,false,-0.8005987768061459,0.800598776806146,false,false,true,2.1510571102112408e-16,0.4136538640811574,1.382,mnist__cnn1__linf__0.1__model_seed42_itr20_sgd_itr1_w150.bin
mnist,cnn1,model_seed42_itr20_sgd_itr1,linf,0.1,1,313,-0.3186586964293383,7.687329071632121,-0.3186586964293383,7.687329071632121,true,true,-0.800598776806146,-0.800598776806146,0.8005987768061462,0.8005987768061462,WRONG,WRONG,false,false,-0.800598776806146,0.8005987768061462,false,false,true,6.938893903907228e-18,0.800598776806146,1.752,mnist__cnn1__linf__0.1__model_seed42_itr20_sgd_itr1_w151.bin
mnist,cnn1,model_seed42_itr20_sgd_itr1,linf,0.1,1,314,-0.3186586964293383,7.687329071632121,-0.3186586964293383,7.687329071632121,true,true,-0.800598776806146,-0.800598776806146,0.800598776806146,0.800598776806146,WRONG,WRONG,false,false,-0.8005987768061469,0.8005987768061464,false,false,true,0.0,0.800598776806146,1.82,mnist__cnn1__linf__0.1__model_seed42_itr20_sgd_itr1_w152.bin
mnist,cnn1,model_seed42_itr20_sgd_itr1,linf,0.1,1,315,-0.3186586964293383,7.687329071632121,-0.3186586964293383,7.687329071632121,true,true,-0.800598776806146,-0.800598776806146,0.800598776806146,0.800598776806146,WRONG,WRONG,false,false,-0.8005987768061459,0.800598776806146,false,false,true,0.0,0.8005987768061458,2.102,mnist__cnn1__linf__0.1__model_seed42_itr20_sgd_itr1_w153.bin
mnist,cnn1,model_seed42_itr20_sgd_itr1,linf,0.1,1,316,-0.3186586964293383,7.687329071632121,-0.3186586964293383,7.687329071632121,true,true,-7.687329071632121,-0.800598776806146,7.687329071632121,0.800598776806146,WRONG,WRONG,false,false,-0.800598776806146,0.800598776806146,false,false,true,1.1056991801151368,1.9062979569212826,0.31,mnist__cnn1__linf__0.1__model_seed42_itr20_sgd_itr1_w154.bin
mnist,cnn1,model_seed42_itr20_sgd_itr1,linf,0.1,1,317,-0.3186586964293383,7.687329071632121,-0.3186586964293383,7.687329071632121,true,true,-7.687329071632121,-0.8005987768061458,7.687329071632121,0.7476278243225809,WRONG,WRONG,false,false,-0.8005987768061458,0.800598776806146,false,false,true,1.1319233454161712,1.9325221222223172,0.311,mnist__cnn1__linf__0.1__model_seed42_itr20_sgd_itr1_w155.bin
mnist,cnn1,model_seed42_itr20_sgd_itr1,linf,0.1,1,318,-0.3186586964293383,7.687329071632121,-0.3186586964293383,7.687329071632121,true,true,-0.8005987768061461,-0.8005987768061461,0.800598776806146,0.800598776806146,WRONG,WRONG,false,false,-0.8005987768061461,0.800598776806146,false,false,true,6.938893903907228e-18,0.800598776806146,1.155,mnist__cnn1__linf__0.1__model_seed42_itr20_sgd_itr1_w156.bin
mnist,cnn1,model_seed42_itr20_sgd_itr1,linf,0.1,1,319,-0.3186586964293383,7.687329071632121,-0.3186586964293383,7.687329071632121,true,true,-7.687329071632121,-0.7582748062821567,0.8005987768061458,0.8005987768061458,WRONG,WRONG,false,false,-0.8005987768061459,0.8005987768061458,false,false,true,1.3877787807814457e-17,0.7582748062821566,1.146,mnist__cnn1__linf__0.1__model_seed42_itr20_sgd_itr1_w157.bin
mnist,cnn1,model_seed42_itr20_sgd_itr1,linf,0.1,1,320,-0.3186586964293383,7.687329071632121,-0.3186586964293383,7.687329071632121,true,true,-0.800598776806146,-0.800598776806146,0.8005987768061461,0.800598776806146,WRONG,WRONG,false,false,-0.800598776806146,0.8005987768061459,false,false,true,0.0,0.800598776806146,2.072,mnist__cnn1__linf__0.1__model_seed42_itr20_sgd_itr1_w158.bin
mnist,cnn1,model_seed42_itr20_sgd_itr1,linf,0.1,1,321,-0.3186586964293383,7.687329071632121,-0.3186586964293383,7.687329071632121,true,true,-7.687329071632121,-0.800598776806146,7.687329071632121,0.800598776806146,WRONG,WRONG,false,false,-0.800598776806146,0.800598776806146,false,false,true,0.07502571802415153,0.8756244948302974,0.353,mnist__cnn1__linf__0.1__model_seed42_itr20_sgd_itr1_w159.bin
mnist,cnn1,model_seed42_itr20_sgd_itr1,linf,0.1,1,322,-0.3186586964293383,7.687329071632121,-0.3186586964293383,7.687329071632121,true,true,-7.687329071632121,-0.7985624310298581,7.687329071632121,0.800598776806146,WRONG,WRONG,false,false,-0.8005987768061461,0.800598776806146,false,false,true,0.6033535970863346,1.401916028116193,0.395,mnist__cnn1__linf__0.1__model_seed42_itr20_sgd_itr1_w160.bin
mnist,cnn1,model_seed42_itr20_sgd_itr1,linf,0.1,1,323,-0.3186586964293383,7.687329071632121,-0.3186586964293383,7.687329071632121,true,true,-0.8005987768061459,-0.8005987768061459,0.8005987768061459,0.8005987768061459,WRONG,WRONG,false,false,-0.8005987768061459,0.8005987768061459,false,false,true,0.0,0.800598776806146,1.965,mnist__cnn1__linf__0.1__model_seed42_itr20_sgd_itr1_w161.bin
mnist,cnn1,model_seed42_itr20_sgd_itr1,linf,0.1,1,324,-0.3186586964293383,7.687329071632121,-0.3186586964293383,7.687329071632121,true,true,-7.687329071632121,-0.7556595323983539,0.800598776806146,0.800598776806146,WRONG,WRONG,false,false,-0.8005987768061461,0.800598776806146,false,false,true,0.0,0.7556595323983539,1.042,mnist__cnn1__linf__0.1__model_seed42_itr20_sgd_itr1_w162.bin
mnist,cnn1,model_seed42_itr20_sgd_itr1,linf,0.1,1,325,-5.430652023293078,5.052349190227687,-5.430652023293078,5.052349190227687,true,true,-1.0483001213520766,-1.0483001213520766,1.0483001213520764,1.0483001213520764,WRONG,WRONG,false,false,-1.0483001213520766,1.0483001213520766,false,false,true,0.0,1.0483001213520766,2.041,mnist__cnn1__linf__0.1__model_seed42_itr20_sgd_itr1_w163.bin
mnist,cnn1,model_seed42_itr20_sgd_itr1,linf,0.1,1,326,-5.430652023293078,5.052349190227687,-5.430652023293078,5.052349190227687,true,true,-5.052349190227687,-0.8212858831540666,5.052349190227687,0.8212858831540666,WRONG,WRONG,false,false,-1.0483001213520764,1.0483001213520766,false,false,true,0.0,0.8212858831540666,0.342,mnist__cnn1__linf__0.1__model_seed42_itr20_sgd_itr1_w164.bin
mnist,cnn1,model_seed42_itr20_sgd_itr1,linf,0.1,1,327,-5.430652023293078,5.052349190227687,-5.430652023293078,5.052349190227687,true,true,-1.0483001213520766,-1.0483001213520766,1.0483001213520768,1.0483001213520768,WRONG,WRONG,false,false,-1.0483001213520766,1.0483001213520768,false,false,true,1.3877787807814457e-17,1.0483001213520766,2.157,mnist__cnn1__linf__0.1__model_seed42_itr20_sgd_itr1_w165.bin
mnist,cnn1,model_seed42_itr20_sgd_itr1,linf,0.1,1,328,-5.430652023293078,5.052349190227687,-5.430652023293078,5.052349190227687,true,true,-1.0483001213520766,-1.0483001213520766,1.0483001213520766,1.0483001213520766,WRONG,WRONG,false,false,-1.0483001213520766,1.0483001213520766,false,false,true,5.551115123125783e-17,1.0483001213520766,1.977,mnist__cnn1__linf__0.1__model_seed42_itr20_sgd_itr1_w166.bin
mnist,cnn1,model_seed42_itr20_sgd_itr1,linf,0.1,1,329,-5.430652023293078,5.052349190227687,-5.430652023293078,5.052349190227687,true,true,-1.0483001213520768,-1.0483001213520768,1.0483001213520755,1.0483001213520755,WRONG,WRONG,false,false,-1.0483001213520766,1.0483001213520766,false,false,true,0.0,1.0483001213520766,1.826,mnist__cnn1__linf__0.1__model_seed42_itr20_sgd_itr1_w167.bin
mnist,cnn1,model_seed42_itr20_sgd_itr1,linf,0.1,1,330,-5.430652023293078,5.052349190227687,-5.430652023293078,5.052349190227687,true,true,-1.0483001213520766,-1.0483001213520766,1.0483001213520768,1.0483001213520768,WRONG,WRONG,false,false,-1.0483001213520766,1.0483001213520768,false,false,true,1.3877787807814457e-16,1.0483001213520766,2.072,mnist__cnn1__linf__0.1__model_seed42_itr20_sgd_itr1_w168.bin
mnist,cnn1,model_seed42_itr20_sgd_itr1,linf,0.1,1,331,-5.430652023293078,5.052349190227687,-5.430652023293078,5.052349190227687,true,true,-1.048300121352077,-1.048300121352077,5.052349190227687,1.0483001213520768,WRONG,WRONG,false,false,-1.0483001213520768,1.0483001213520768,false,false,true,2.636779683484747e-16,1.0483001213520768,0.851,mnist__cnn1__linf__0.1__model_seed42_itr20_sgd_itr1_w169.bin
mnist,cnn1,model_seed42_itr20_sgd_itr1,linf,0.1,1,332,-5.430652023293078,5.052349190227687,-5.430652023293078,5.052349190227687,true,true,-1.0483001213520766,-1.0483001213520766,1.0483001213520766,1.0483001213520766,WRONG,WRONG,false,false,-1.0483001213520766,1.0483001213520766,false,false,true,0.0,1.0483001213520766,1.432,mnist__cnn1__linf__0.1__model_seed42_itr20_sgd_itr1_w170.bin
mnist,cnn1,model_seed42_itr20_sgd_itr1,linf,0.1,1,333,-5.430652023293078,5.052349190227687,-5.430652023293078,5.052349190227687,true,true,-1.0483001213520766,-1.0483001213520766,1.0483001213520766,1.0483001213520766,WRONG,WRONG,false,false,-1.0483001213520768,1.0483001213520766,false,false,true,0.0,1.0483001213520766,2.328,mnist__cnn1__linf__0.1__model_seed42_itr20_sgd_itr1_w171.bin
mnist,cnn1,model_seed42_itr20_sgd_itr1,linf,0.1,1,334,-5.430652023293078,5.052349190227687,-5.430652023293078,5.052349190227687,true,true,-1.0483001213520766,-1.0483001213520766,1.048300121352077,1.048300121352077,WRONG,WRONG,false,false,-1.0483001213520766,1.048300121352077,false,false,true,5.551115123125783e-17,1.0483001213520766,2.212,mnist__cnn1__linf__0.1__model_seed42_itr20_sgd_itr1_w172.bin
mnist,cnn1,model_seed42_itr20_sgd_itr1,linf,0.1,1,335,-5.430652023293078,5.052349190227687,-5.430652023293078,5.052349190227687,true,true,-5.052349190227687,-1.0483001213520764,5.052349190227687,1.0483001213520766,WRONG,WRONG,false,false,-1.0483001213520764,1.0483001213520766,false,false,true,0.0,1.0483001213520766,0.459,mnist__cnn1__linf__0.1__model_seed42_itr20_sgd_itr1_w173.bin
mnist,cnn1,model_seed42_itr20_sgd_itr1,linf,0.1,1,336,-5.430652023293078,5.052349190227687,-5.430652023293078,5.052349190227687,true,true,-5.052349190227687,-1.0483001213520766,5.052349190227687,0.8668235784256397,WRONG,WRONG,false,false,-1.0483001213520766,1.0483001213520768,false,false,true,5.551115123125783e-17,1.0483001213520766,0.515,mnist__cnn1__linf__0.1__model_seed42_itr20_sgd_itr1_w174.bin
mnist,cnn1,model_seed42_itr20_sgd_itr1,linf,0.1,1,337,-5.430652023293078,5.052349190227687,-5.430652023293078,5.052349190227687,true,true,-1.0483001213520766,-1.0483001213520766,1.0483001213520768,1.0483001213520768,WRONG,WRONG,false,false,-1.0483001213520766,1.0483001213520768,false,false,true,0.0,1.0483001213520766,1.278,mnist__cnn1__linf__0.1__model_seed42_itr20_sgd_itr1_w175.bin
mnist,cnn1,model_seed42_itr20_sgd_itr1,linf,0.1,1,338,-5.430652023293078,5.052349190227687,-5.430652023293078,5.052349190227687,true,true,-1.0483001213520766,-1.0483001213520766,1.0483001213520766,1.0483001213520766,WRONG,WRONG,false,false,-1.0483001213520766,1.0483001213520766,false,false,true,0.0,1.0483001213520766,1.544,mnist__cnn1__linf__0.1__model_seed42_itr20_sgd_itr1_w176.bin
mnist,cnn1,model_seed42_itr20_sgd_itr1,linf,0.1,1,339,-5.430652023293078,5.052349190227687,-5.430652023293078,5.052349190227687,true,true,-1.0483001213520766,-1.0483001213520766,1.0483001213520766,1.0483001213520766,WRONG,WRONG,false,false,-1.0483001213520766,1.0483001213520766,false,false,true,1.942890293094024e-16,1.0483001213520766,2.267,mnist__cnn1__linf__0.1__model_seed42_itr20_sgd_itr1_w177.bin
mnist,cnn1,model_seed42_itr20_sgd_itr1,linf,0.1,1,340,-5.430652023293078,5.052349190227687,-5.430652023293078,5.052349190227687,true,true,-1.0483001213520766,-1.0483001213520766,1.0483001213520766,1.0483001213520766,WRONG,WRONG,false,false,-1.0483001213520766,1.0483001213520766,false,false,true,0.0,1.0483001213520766,1.226,mnist__cnn1__linf__0.1__model_seed42_itr20_sgd_itr1_w178.bin
mnist,cnn1,model_seed42_itr20_sgd_itr1,linf,0.1,1,341,-5.430652023293078,5.052349190227687,-5.430652023293078,5.052349190227687,true,true,-1.0483001213520766,-1.0483001213520766,1.0483001213520766,1.0483001213520766,WRONG,WRONG,false,false,-1.0483001213520766,1.0483001213520766,false,false,true,5.551115123125783e-17,1.0483001213520766,1.625,mnist__cnn1__linf__0.1__model_seed42_itr20_sgd_itr1_w179.bin
mnist,cnn1,model_seed42_itr20_sgd_itr1,linf,0.1,1,342,-5.430652023293078,5.052349190227687,-5.430652023293078,5.052349190227687,true,true,-1.0483001213520764,-1.0483001213520764,1.0483001213520764,1.0483001213520764,WRONG,WRONG,false,false,-1.0483001213520764,1.0483001213520764,false,false,true,0.0,1.0483001213520766,2.929,mnist__cnn1__linf__0.1__model_seed42_itr20_sgd_itr1_w180.bin
mnist,cnn1,model_seed42_itr20_sgd_itr1,linf,0.1,1,343,-5.430652023293078,5.052349190227687,-5.430652023293078,5.052349190227687,true,true,-1.0483001213520768,-1.0483001213520768,1.0483001213520766,1.0483001213520766,WRONG,WRONG,false,false,-1.0483001213520768,1.0483001213520766,false,false,true,5.551115123125783e-17,1.0483001213520766,1.331,mnist__cnn1__linf__0.1__model_seed42_itr20_sgd_itr1_w181.bin
mnist,cnn1,model_seed42_itr20_sgd_itr1,linf,0.1,1,344,-5.430652023293078,5.052349190227687,-5.430652023293078,5.052349190227687,true,true,-1.0483001213520764,-1.0483001213520764,1.0483001213520766,1.0483001213520766,WRONG,WRONG,false,false,-1.0483001213520764,1.0483001213520766,false,false,true,0.0,1.0483001213520766,1.483,mnist__cnn1__linf__0.1__model_seed42_itr20_sgd_itr1_w182.bin
mnist,cnn1,model_seed42_itr20_sgd_itr1,linf,0.1,1,345,-5.430652023293078,5.052349190227687,-5.430652023293078,5.052349190227687,true,true,-1.0483001213520766,-1.0483001213520766,1.0483001213520764,1.0483001213520764,WRONG,WRONG,false,false,-1.0483001213520766,1.0483001213520764,false,false,true,8.326672684688674e-17,1.0483001213520766,1.801,mnist__cnn1__linf__0.1__model_seed42_itr20_sgd_itr1_w183.bin
mnist,cnn1,model_seed42_itr20_sgd_itr1,linf,0.1,1,346,-5.430652023293078,5.052349190227687,-5.430652023293078,5.052349190227687,true,true,-5.052349190227687,-1.0483001213520766,5.052349190227687,1.0483001213520766,WRONG,WRONG,false,false,-1.0483001213520766,1.0483001213520766,false,false,true,0.0,1.0483001213520766,0.296,mnist__cnn1__linf__0.1__model_seed42_itr20_sgd_itr1_w184.bin
mnist,cnn1,model_seed42_itr20_sgd_itr1,linf,0.1,1,347,-5.430652023293078,5.052349190227687,-5.430652023293078,5.052349190227687,true,true,-1.0483001213520764,-1.0483001213520764,1.0483001213520764,1.0483001213520764,WRONG,WRONG,false,false,-1.0483001213520764,1.0483001213520764,false,false,true,0.0,1.0483001213520764,1.607,mnist__cnn1__linf__0.1__model_seed42_itr20_sgd_itr1_w185.bin
mnist,cnn1,model_seed42_itr20_sgd_itr1,linf,0.1,1,348,-5.430652023293078,5.052349190227687,-5.430652023293078,5.052349190227687,true,true,-1.0483001213520766,-1.0483001213520766,1.0483001213520766,1.0483001213520766,WRONG,WRONG,false,false,-1.0483001213520766,1.0483001213520766,false,false,true,9.71445146547012e-17,1.0483001213520766,1.759,mnist__cnn1__linf__0.1__model_seed42_itr20_sgd_itr1_w186.bin
mnist,cnn1,model_seed42_itr20_sgd_itr1,linf,0.1,1,349,-5.430652023293078,5.052349190227687,-5.430652023293078,5.052349190227687,true,true,-1.0483001213520768,-1.0483001213520768,1.0483001213520766,1.0483001213520766,WRONG,WRONG,false,false,-1.0483001213520768,1.0483001213520766,false,false,true,9.71445146547012e-17,1.0483001213520768,1.283,mnist__cnn1__linf__0.1__model_seed42_itr20_sgd_itr1_w187.bin
mnist,cnn1,model_seed42_itr20_sgd_itr1,linf,0.1,1,350,-5.430652023293078,5.052349190227687,-5.430652023293078,5.052349190227687,true,true,-1.0483001213520766,-1.0483001213520766,1.0483001213520768,1.0483001213520768,WRONG,WRONG,false,false,-1.0483001213520766,1.0483001213520768,false,false,true,1.1102230246251565e-16,1.0483001213520766,1.471,mnist__cnn1__linf__0.1__model_seed42_itr20_sgd_itr1_w188.bin
mnist,cnn1,model_seed42_itr20_sgd_itr1,linf,0.1,1,351,-5.430652023293078,5.052349190227687,-5.430652023293078,5.052349190227687,true,true,-1.0483001213520766,-1.0483001213520766,1.0483001213520766,1.0483001213520766,WRONG,WRONG,false,false,-1.0483001213520766,1.0483001213520766,false,false,true,1.3010426069826053e-17,1.0483001213520766,1.376,mnist__cnn1__linf__0.1__model_seed42_itr20_sgd_itr1_w189.bin
mnist,cnn1,model_seed42_itr20_sgd_itr1,linf,0.1,1,352,-5.430652023293078,5.052349190227687,-5.430652023293078,5.052349190227687,true,true,-5.052349190227687,-1.0483001213520764,5.052349190227687,1.0483001213520766,WRONG,WRONG,false,false,-1.0483001213520764,1.0483001213520766,false,false,true,0.0,1.0483001213520768,0.397,mnist__cnn1__linf__0.1__model_seed42_itr20_sgd_itr1_w190.bin
mnist,cnn1,model_seed42_itr20_sgd_itr1,linf,0.1,1,353,-5.430652023293078,5.052349190227687,-5.430652023293078,5.052349190227687,true,true,-5.052349190227687,-1.0483001213520766,1.0483001213520748,0.9826175993038748,WRONG,WRONG,false,false,-1.0483001213520766,1.0483001213520766,false,false,true,3.5561831257524545e-17,1.0483001213520766,0.789,mnist__cnn1__linf__0.1__model_seed42_itr20_sgd_itr1_w191.bin
mnist,cnn1,model_seed42_itr20_sgd_itr1,linf,0.1,1,354,-5.430652023293078,5.052349190227687,-5.430652023293078,5.052349190227687,true,true,-5.052349190227687,-1.0483001213520762,5.052349190227687,1.0483001213520764,WRONG,WRONG,false,false,-1.0483001213520762,1.0483001213520764,false,false,true,1.3145951341386741e-17,1.0483001213520766,0.344,mnist__cnn1__linf__0.1__model_seed42_itr20_sgd_itr1_w192.bin
mnist,cnn1,model_seed42_itr20_sgd_itr1,linf,0.1,1,355,-5.430652023293078,5.052349190227687,-5.430652023293078,5.052349190227687,true,true,-5.052349190227687,-0.8051470196590045,5.052349190227687,1.0330135149487625,WRONG,WRONG,false,false,-1.0483001213520766,1.0483001213520766,false,false,true,3.8163916471489756e-17,0.8051470196590045,0.425,mnist__cnn1__linf__0.1__model_seed42_itr20_sgd_itr1_w193.bin
mnist,cnn1,model_seed42_itr20_sgd_itr1,linf,0.1,1,356,-5.430652023293078,5.052349190227687,-5.430652023293078,5.052349190227687,true,true,-1.0483001213520766,-1.0483001213520766,1.0483001213520764,1.0483001213520764,WRONG,WRONG,false,false,-1.0483001213520768,1.0483001213520764,false,false,true,5.551115123125783e-17,1.0483001213520766,1.608,mnist__cnn1__linf__0.1__model_seed42_itr20_sgd_itr1_w194.bin
mnist,cnn1,model_seed42_itr20_sgd_itr1,linf,0.1,1,357,-5.430652023293078,5.052349190227687,-5.430652023293078,5.052349190227687,true,true,-1.0483001213520762,-1.0483001213520762,1.0483001213520764,1.0483001213520764,WRONG,WRONG,false,false,-1.0483001213520762,1.0483001213520764,false,false,true,0.0,1.0483001213520764,1.537,mnist__cnn1__linf__0.1__model_seed42_itr20_sgd_itr1_w195.bin
mnist,cnn1,model_seed42_itr20_sgd_itr1,linf,0.1,1,358,-5.430652023293078,5.052349190227687,-5.430652023293078,5.052349190227687,true,true,-5.052349190227687,-0.6908745543810533,5.052349190227687,0.7709861394961626,WRONG,WRONG,false,false,-1.048300121352077,1.0483001213520768,false,false,true,0.0,0.6908745543810533,0.734,mnist__cnn1__linf__0.1__model_seed42_itr20_sgd_itr1_w196.bin
mnist,cnn1,model_seed42_itr20_sgd_itr1,linf,0.1,1,359,-5.430652023293078,5.052349190227687,-5.430652023293078,5.052349190227687,true,true,-1.0483001213520766,-1.0483001213520766,1.0483001213520764,1.0483001213520764,WRONG,WRONG,false,false,-1.0483001213520766,1.0483001213520764,false,false,true,9.71445146547012e-17,1.0483001213520766,1.484,mnist__cnn1__linf__0.1__model_seed42_itr20_sgd_itr1_w197.bin
mnist,cnn1,model_seed42_itr20_sgd_itr1,linf,0.1,1,360,-5.430652023293078,5.052349190227687,-5.430652023293078,5.052349190227687,true,true,-1.0483001213520762,-0.6427393025306632,1.0483001213520766,1.0483001213520766,WRONG,WRONG,false,false,-1.0483001213520766,1.0483001213520766,false,false,true,0.0,0.6427393025306632,1.18,mnist__cnn1__linf__0.1__model_seed42_itr20_sgd_itr1_w198.bin
mnist,cnn1,model_seed42_itr20_sgd_itr1,linf,0.1,1,361,-5.430652023293078,5.052349190227687,-5.430652023293078,5.052349190227687,true,true,-5.052349190227687,-1.0483001213520764,5.052349190227687,1.0483001213520768,WRONG,WRONG,false,false,-1.0483001213520764,1.0483001213520768,false,false,true,0.0,1.0483001213520764,0.37,mnist__cnn1__linf__0.1__model_seed42_itr20_sgd_itr1_w199.bin
mnist,cnn1,model_seed42_itr20_sgd_itr1,linf,0.1,1,362,-5.430652023293078,5.052349190227687,-5.430652023293078,5.052349190227687,true,true,-1.0483001213520766,-1.0483001213520766,1.0483001213520766,1.0483001213520766,WRONG,WRONG,false,false,-1.0483001213520766,1.0483001213520766,false,false,true,0.0,1.0483001213520766,1.52,mnist__cnn1__linf__0.1__model_seed42_itr20_sgd_itr1_w200.bin
mnist,cnn1,model_seed42_itr20_sgd_itr1,linf,0.1,1,363,-5.430652023293078,5.052349190227687,-5.430652023293078,5.052349190227687,true,true,-1.0483001213520766,-1.0483001213520766,1.0483001213520766,1.0483001213520766,WRONG,WRONG,false,false,-1.0483001213520766,1.0483001213520766,false,false,true,3.469446951953614e-18,1.0483001213520766,1.736,mnist__cnn1__linf__0.1__model_seed42_itr20_sgd_itr1_w201.bin
mnist,cnn1,model_seed42_itr20_sgd_itr1,linf,0.1,1,364,-5.430652023293078,5.052349190227687,-5.430652023293078,5.052349190227687,true,true,-5.052349190227687,-0.5575325116158785,1.0483001213520768,1.0483001213520768,WRONG,WRONG,false,false,-1.0483001213520766,1.0483001213520768,false,false,true,5.551115123125783e-17,0.5575325116158786,1.673,mnist__cnn1__linf__0.1__model_seed42_itr20_sgd_itr1_w202.bin
mnist,cnn1,model_seed42_itr20_sgd_itr1,linf,0.1,1,365,-5.430652023293078,5.052349190227687,-5.430652023293078,5.052349190227687,true,true,-1.0483001213520757,-1.0483001213520757,1.0483001213520766,1.0483001213520766,WRONG,WRONG,false,false,-1.0483001213520757,1.0483001213520766,false,false,true,0.0,1.0483001213520762,1.697,mnist__cnn1__linf__0.1__model_seed42_itr20_sgd_itr1_w203.bin
mnist,cnn1,model_seed42_itr20_sgd_itr1,linf,0.1,1,366,-5.430652023293078,5.052349190227687,-5.430652023293078,5.052349190227687,true,true,-1.0483001213520766,-1.0483001213520766,1.0483001213520768,1.0483001213520768,WRONG,WRONG,false,false,-1.0483001213520766,1.0483001213520768,false,false,true,0.0,1.0483001213520766,1.925,mnist__cnn1__linf__0.1__model_seed42_itr20_sgd_itr1_w204.bin
mnist,cnn1,model_seed42_itr20_sgd_itr1,linf,0.1,1,367,-5.430652023293078,5.052349190227687,-5.430652023293078,5.052349190227687,true,true,-1.048300121352077,-1.048300121352077,1.0483001213520766,1.0483001213520766,WRONG,WRONG,false,false,-1.048300121352077,1.0483001213520766,false,false,true,6.661338147750939e-16,1.048300121352077,1.797,mnist__cnn1__linf__0.1__model_seed42_itr20_sgd_itr1_w205.bin
mnist,cnn1,model_seed42_itr20_sgd_itr1,linf,0.1,1,368,-5.430652023293078,5.052349190227687,-5.430652023293078,5.052349190227687,true,true,-1.0483001213520768,-1.0483001213520768,1.0483001213520766,1.0483001213520766,WRONG,WRONG,false,false,-1.0483001213520768,1.0483001213520766,false,false,true,0.0,1.0483001213520766,1.631,mnist__cnn1__linf__0.1__model_seed42_itr20_sgd_itr1_w206.bin
mnist,cnn1,model_seed42_itr20_sgd_itr1,linf,0.1,1,369,-5.430652023293078,5.052349190227687,-5.430652023293078,5.052349190227687,true,true,-1.0483001213520766,-1.0483001213520766,1.0483001213520766,1.0483001213520766,WRONG,WRONG,false,false,-1.0483001213520766,1.0483001213520766,false,false,true,0.0,1.0483001213520766,1.833,mnist__cnn1__linf__0.1__model_seed42_itr20_sgd_itr1_w207.bin
mnist,cnn1,model_seed42_itr20_sgd_itr1,linf,0.1,1,370,-5.430652023293078,5.052349190227687,-5.430652023293078,5.052349190227687,true,true,-5.052349190227687,-1.0483001213520766,5.052349190227687,1.0417616581705191,WRONG,WRONG,false,false,-1.0483001213520766,1.0483001213520762,false,false,true,0.06346326348779974,1.1117633848398765,0.467,mnist__cnn1__linf__0.1__model_seed42_itr20_sgd_itr1_w208.bin
mnist,cnn1,model_seed42_itr20_sgd_itr1,linf,0.1,1,371,-5.430652023293078,5.052349190227687,-5.430652023293078,5.052349190227687,true,true,-1.0483001213520766,-1.0483001213520766,5.052349190227687,1.0483001213520764,WRONG,WRONG,false,false,-1.0483001213520768,1.0483001213520764,false,false,true,0.37465699460212265,1.4229571159541994,0.882,mnist__cnn1__linf__0.1__model_seed42_itr20_sgd_itr1_w209.bin
mnist,cnn1,model_seed42_itr20_sgd_itr1,linf,0.1,1,372,-5.430652023293078,5.052349190227687,-5.430652023293078,5.052349190227687,true,true,-1.0483001213520766,-1.0483001213520766,1.0483001213520768,1.0483001213520768,WRONG,WRONG,false,false,-1.048300121352078,1.0483001213520766,false,false,true,0.0,1.0483001213520764,1.249,mnist__cnn1__linf__0.1__model_seed42_itr20_sgd_itr1_w210.bin
mnist,cnn1,model_seed42_itr20_sgd_itr1,linf,0.1,1,373,-5.430652023293078,5.052349190227687,-5.430652023293078,5.052349190227687,true,true,-1.0483001213520766,-1.0483001213520766,1.0483001213520762,1.0483001213520762,WRONG,WRONG,false,false,-1.0483001213520764,1.0483001213520768,false,false,true,2.498001805406602e-16,1.0483001213520768,2.091,mnist__cnn1__linf__0.1__model_seed42_itr20_sgd_itr1_w211.bin
mnist,cnn1,model_seed42_itr20_sgd_itr1,linf,0.1,1,374,-5.430652023293078,5.052349190227687,-5.430652023293078,5.052349190227687,true,true,-5.052349190227687,-1.0406018870870095,5.052349190227687,0.6427393025306631,WRONG,WRONG,false,false,-1.0483001213520764,1.0483001213520766,false,false,true,0.0,1.0406018870870095,0.7,mnist__cnn1__linf__0.1__model_seed42_itr20_sgd_itr1_w212.bin
mnist,cnn1,model_seed42_itr20_sgd_itr1,linf,0.1,1,375,-5.430652023293078,5.052349190227687,-5.430652023293078,5.052349190227687,true,true,-1.0483001213520766,-1.0483001213520766,1.048300121352077,1.048300121352077,WRONG,WRONG,false,false,-1.0483001213520766,1.048300121352077,false,false,true,1.1102230246251565e-16,1.0483001213520766,1.827,mnist__cnn1__linf__0.1__model_seed42_itr20_sgd_itr1_w213.bin
mnist,cnn1,model_seed42_itr20_sgd_itr1,linf,0.1,1,376,-5.430652023293078,5.052349190227687,-5.430652023293078,5.052349190227687,true,true,-1.0483001213520766,-1.0483001213520766,1.0483001213520764,1.0483001213520764,WRONG,WRONG,false,false,-1.0483001213520766,1.0483001213520764,false,false,true,0.0,1.0483001213520766,1.38,mnist__cnn1__linf__0.1__model_seed42_itr20_sgd_itr1_w214.bin
mnist,cnn1,model_seed42_itr20_sgd_itr1,linf,0.1,1,377,-5.430652023293078,5.052349190227687,-5.430652023293078,5.052349190227687,true,true,-1.0483001213520764,-1.0483001213520764,5.052349190227687,1.0483001213520764,WRONG,WRONG,false,false,-1.0483001213520766,1.0483001213520764,false,false,true,0.055297372024399466,1.1035974933764758,1.256,mnist__cnn1__linf__0.1__model_seed42_itr20_sgd_itr1_w215.bin
mnist,cnn1,model_seed42_itr20_sgd_itr1,linf,0.1,1,378,-5.430652023293078,5.052349190227687,-5.430652023293078,5.052349190227687,true,true,-1.0483001213520764,-1.0483001213520764,1.0483001213520766,1.0483001213520766,WRONG,WRONG,false,false,-1.0483001213520764,1.0483001213520766,false,false,true,0.0,1.0483001213520766,1.789,mnist__cnn1__linf__0.1__model_seed42_itr20_sgd_itr1_w216.bin
mnist,cnn1,model_seed42_itr20_sgd_itr1,linf,0.1,1,379,-5.430652023293078,5.052349190227687,-5.430652023293078,5.052349190227687,true,true,-1.0483001213520768,-1.0483001213520768,1.0483001213520766,1.0483001213520766,WRONG,WRONG,false,false,-1.0483001213520768,1.0483001213520766,false,false,true,5.551115123125783e-17,1.0483001213520766,1.629,mnist__cnn1__linf__0.1__model_seed42_itr20_sgd_itr1_w217.bin
mnist,cnn1,model_seed42_itr20_sgd_itr1,linf,0.1,1,380,-5.430652023293078,5.052349190227687,-5.430652023293078,5.052349190227687,true,true,-1.0483001213520762,-1.0483001213520762,1.0483001213520766,1.0483001213520766,WRONG,WRONG,false,false,-1.0483001213520762,1.0483001213520766,false,false,true,5.551115123125783e-17,1.0483001213520764,1.571,mnist__cnn1__linf__0.1__model_seed42_itr20_sgd_itr1_w218.bin
mnist,cnn1,model_seed42_itr20_sgd_itr1,linf,0.1,1,381,-5.430652023293078,5.052349190227687,-5.430652023293078,5.052349190227687,true,true,-1.048300121352077,-1.048300121352077,1.048300121352077,1.048300121352077,WRONG,WRONG,false,false,-1.048300121352077,1.048300121352077,false,false,true,1.1102230246251565e-16,1.0483001213520766,1.637,mnist__cnn1__linf__0.1__model_seed42_itr20_sgd_itr1_w219.bin
mnist,cnn1,model_seed42_itr20_sgd_itr1,linf,0.1,1,382,-5.430652023293078,5.052349190227687,-5.430652023293078,5.052349190227687,true,true,-1.0483001213520766,-1.0483001213520766,1.0483001213520766,1.0483001213520766,WRONG,WRONG,false,false,-1.0483001213520766,1.0483001213520766,false,false,true,0.0,1.0483001213520766,1.456,mnist__cnn1__linf__0.1__model_seed42_itr20_sgd_itr1_w220.bin
mnist,cnn1,model_seed42_itr20_sgd_itr1,linf,0.1,1,383,-5.430652023293078,5.052349190227687,-5.430652023293078,5.052349190227687,true,true,-1.0483001213520766,-1.0483001213520766,1.0483001213520766,1.0483001213520766,WRONG,WRONG,false,false,-1.0483001213520773,1.0483001213520746,false,false,true,1.249000902703301e-16,1.0483001213520768,2.579,mnist__cnn1__linf__0.1__model_seed42_itr20_sgd_itr1_w221.bin
mnist,cnn1,model_seed42_itr20_sgd_itr1,linf,0.1,1,384,-5.430652023293078,5.052349190227687,-5.430652023293078,5.052349190227687,true,true,-1.0483001213520764,-1.0483001213520764,1.0483001213520766,1.0483001213520766,WRONG,WRONG,false,false,-1.0483001213520764,1.0483001213520766,false,false,true,0.0,1.0483001213520766,1.378,mnist__cnn1__linf__0.1__model_seed42_itr20_sgd_itr1_w222.bin
mnist,cnn1,model_seed42_itr20_sgd_itr1,linf,0.1,1,385,-5.430652023293078,5.052349190227687,-5.430652023293078,5.052349190227687,true,true,-1.0483001213520766,-1.0483001213520766,1.0483001213520766,1.0483001213520766,WRONG,WRONG,false,false,-1.0483001213520766,1.0483001213520766,false,false,true,0.0,1.0483001213520766,1.2,mnist__cnn1__linf__0.1__model_seed42_itr20_sgd_itr1_w223.bin
mnist,cnn1,model_seed42_itr20_sgd_itr1,linf,0.1,1,386,-5.430652023293078,5.052349190227687,-5.430652023293078,5.052349190227687,true,true,-1.0483001213520764,-1.0483001213520764,1.0483001213520766,1.0483001213520766,WRONG,WRONG,false,false,-1.0483001213520764,1.0483001213520766,false,false,true,0.0,1.0483001213520764,1.363,mnist__cnn1__linf__0.1__model_seed42_itr20_sgd_itr1_w224.bin
mnist,cnn1,model_seed42_itr20_sgd_itr1,linf,0.1,1,387,-5.430652023293078,5.052349190227687,-5.430652023293078,5.052349190227687,true,true,-1.0483001213520766,-1.0483001213520766,1.0483001213520766,1.0483001213520766,WRONG,WRONG,false,false,-1.0483001213520766,1.0483001213520766,false,false,true,2.7755575615628914e-17,1.0483001213520768,1.659,mnist__cnn1__linf__0.1__model_seed42_itr20_sgd_itr1_w225.bin
mnist,cnn1,model_seed42_itr20_sgd_itr1,linf,0.1,1,388,-5.430652023293078,5.052349190227687,-5.430652023293078,5.052349190227687,true,true,-5.052349190227687,-1.0483001213520766,1.0483001213520764,1.0483001213520764,WRONG,WRONG,false,false,-1.0483001213520766,1.0483001213520766,false,false,true,0.0,1.0483001213520766,1.101,mnist__cnn1__linf__0.1__model_seed42_itr20_sgd_itr1_w226.bin
mnist,cnn1,model_seed42_itr20_sgd_itr1,linf,0.1,1,389,-5.430652023293078,5.052349190227687,-5.430652023293078,5.052349190227687,true,true,-1.0483001213520766,-1.0483001213520766,1.0483001213520768,1.0483001213520768,WRONG,WRONG,false,false,-1.0483001213520766,1.0483001213520768,false,false,true,0.0,1.0483001213520766,1.129,mnist__cnn1__linf__0.1__model_seed42_itr20_sgd_itr1_w227.bin
mnist,cnn1,model_seed42_itr20_sgd_itr1,linf,0.1,1,390,-5.430652023293078,5.052349190227687,-5.430652023293078,5.052349190227687,true,true,-1.048300121352077,-1.048300121352077,1.0483001213520766,1.0483001213520766,WRONG,WRONG,false,false,-1.048300121352077,1.0483001213520766,false,false,true,4.440892098500626e-16,1.0483001213520766,1.707,mnist__cnn1__linf__0.1__model_seed42_itr20_sgd_itr1_w228.bin
mnist,cnn1,model_seed42_itr20_sgd_itr1,linf,0.1,1,391,-5.430652023293078,5.052349190227687,-5.430652023293078,5.052349190227687,true,true,-1.048300121352077,-1.048300121352077,1.0483001213520764,1.0483001213520764,WRONG,WRONG,false,false,-1.048300121352077,1.0483001213520764,false,false,true,3.2612801348363973e-16,1.0483001213520766,1.491,mnist__cnn1__linf__0.1__model_seed42_itr20_sgd_itr1_w229.bin
mnist,cnn1,model_seed42_itr20_sgd_itr1,linf,0.1,1,392,-5.430652023293078,5.052349190227687,-5.430652023293078,5.052349190227687,true,true,-1.0483001213520766,-1.0483001213520766,1.0483001213520766,1.0483001213520766,WRONG,WRONG,false,false,-1.0483001213520766,1.0483001213520766,false,false,true,1.1102230246251565e-16,1.0483001213520768,1.298,mnist__cnn1__linf__0.1__model_seed42_itr20_sgd_itr1_w230.bin
mnist,cnn1,model_seed42_itr20_sgd_itr1,linf,0.1,1,393,-5.430652023293078,5.052349190227687,-5.430652023293078,5.052349190227687,true,true,-1.0483001213520768,-1.0483001213520768,1.0483001213520766,1.0483001213520766,WRONG,WRONG,false,false,-1.0483001213520766,1.0483001213520766,false,false,true,2.220446049250313e-16,1.0483001213520768,1.571,mnist__cnn1__linf__0.1__model_seed42_itr20_sgd_itr1_w231.bin
mnist,cnn1,model_seed42_itr20_sgd_itr1,linf,0.1,1,394,-5.430652023293078,5.052349190227687,-5.430652023293078,5.052349190227687,true,true,-1.0483001213520766,-1.0483001213520766,1.0483001213520766,1.0483001213520766,WRONG,WRONG,false,false,-1.0483001213520764,1.0483001213520766,false,false,true,0.0,1.0483001213520766,1.673,mnist__cnn1__linf__0.1__model_seed42_itr20_sgd_itr1_w232.bin
mnist,cnn1,model_seed42_itr20_sgd_itr1,linf,0.1,1,395,-5.430652023293078,5.052349190227687,-5.430652023293078,5.052349190227687,true,true,-1.0483001213520766,-1.0483001213520766,1.0483001213520766,1.0483001213520766,WRONG,WRONG,false,false,-1.0483001213520766,1.0483001213520766,false,false,true,0.0,1.0483001213520766,1.815,mnist__cnn1__linf__0.1__model_seed42_itr20_sgd_itr1_w233.bin
mnist,cnn1,model_seed42_itr20_sgd_itr1,linf,0.1,1,396,-5.430652023293078,5.052349190227687,-5.430652023293078,5.052349190227687,true,true,-1.0483001213520766,-1.0483001213520766,1.0483001213520762,1.0483001213520762,WRONG,WRONG,false,false,-1.0483001213520766,1.0483001213520762,false,false,true,8.326672684688674e-17,1.0483001213520766,2.217,mnist__cnn1__linf__0.1__model_seed42_itr20_sgd_itr1_w234.bin
mnist,cnn1,model_seed42_itr20_sgd_itr1,linf,0.1,1,397,-5.430652023293078,5.052349190227687,-5.430652023293078,5.052349190227687,true,true,-5.052349190227687,-1.0483001213520764,5.052349190227687,1.0483001213520766,WRONG,WRONG,false,false,-1.0483001213520764,1.0483001213520766,false,false,true,0.0,1.0483001213520764,0.378,mnist__cnn1__linf__0.1__model_seed42_itr20_sgd_itr1_w235.bin
mnist,cnn1,model_seed42_itr20_sgd_itr1,linf,0.1,1,398,-5.430652023293078,5.052349190227687,-5.430652023293078,5.052349190227687,true,true,-5.052349190227687,-1.0483001213520766,5.052349190227687,1.0483001213520768,WRONG,WRONG,false,false,-1.0483001213520766,1.0483001213520768,false,false,true,6.661338147750939e-16,1.0483001213520773,0.395,mnist__cnn1__linf__0.1__model_seed42_itr20_sgd_itr1_w236.bin
mnist,cnn1,model_seed42_itr20_sgd_itr1,linf,0.1,1,399,-5.430652023293078,5.052349190227687,-5.430652023293078,5.052349190227687,true,true,-5.052349190227687,-1.03418333349594,1.0483001213520766,1.0483001213520766,WRONG,WRONG,false,false,-1.0483001213520768,1.0483001213520766,false,false,true,0.0,1.03418333349594,0.798,mnist__cnn1__linf__0.1__model_seed42_itr20_sgd_itr1_w237.bin
mnist,cnn1,model_seed42_itr20_sgd_itr1,linf,0.1,1,400,-5.430652023293078,5.052349190227687,-5.430652023293078,5.052349190227687,true,true,-1.0483001213520757,-1.0483001213520757,1.0483001213520766,1.0483001213520766,WRONG,WRONG,false,false,-1.0483001213520757,1.0483001213520766,false,false,true,5.551115123125783e-17,1.0483001213520764,1.926,mnist__cnn1__linf__0.1__model_seed42_itr20_sgd_itr1_w238.bin
mnist,cnn1,model_seed42_itr20_sgd_itr1,linf,0.1,1,401,-5.430652023293078,5.052349190227687,-5.430652023293078,5.052349190227687,true,true,-1.0483001213520766,-1.0483001213520766,1.0483001213520762,1.0483001213520762,WRONG,WRONG,false,false,-1.0483001213520768,1.0483001213520762,false,false,true,1.3183898417423734e-16,1.0483001213520766,1.77,mnist__cnn1__linf__0.1__model_seed42_itr20_sgd_itr1_w239.bin
mnist,cnn1,model_seed42_itr20_sgd_itr1,linf,0.1,1,402,-5.430652023293078,5.052349190227687,-5.430652023293078,5.052349190227687,true,true,-1.0483001213520762,-1.0483001213520762,1.0483001213520766,1.0483001213520766,WRONG,WRONG,false,false,-1.0483001213520762,1.0483001213520766,false,false,true,0.0,1.0483001213520764,1.462,mnist__cnn1__linf__0.1__model_seed42_itr20_sgd_itr1_w240.bin
mnist,cnn1,model_seed42_itr20_sgd_itr1,linf,0.1,1,403,-5.430652023293078,5.052349190227687,-5.430652023293078,5.052349190227687,true,true,-1.0483001213520766,-1.0483001213520766,1.0483001213520766,1.0483001213520766,WRONG,WRONG,false,false,-1.0483001213520766,1.0483001213520766,false,false,true,5.551115123125783e-17,1.0483001213520766,1.692,mnist__cnn1__linf__0.1__model_seed42_itr20_sgd_itr1_w241.bin
mnist,cnn1,model_seed42_itr20_sgd_itr1,linf,0.1,1,404,-5.430652023293078,5.052349190227687,-5.430652023293078,5.052349190227687,true,true,-1.0483001213520768,-1.0483001213520768,1.0483001213520766,1.0483001213520766,WRONG,WRONG,false,false,-1.0483001213520768,1.0483001213520766,false,false,true,0.0,1.0483001213520768,1.479,mnist__cnn1__linf__0.1__model_seed42_itr20_sgd_itr1_w242.bin
mnist,cnn1,model_seed42_itr20_sgd_itr1,linf,0.1,1,405,-5.430652023293078,5.052349190227687,-5.430652023293078,5.052349190227687,true,true,-1.0483001213520766,-1.0483001213520766,1.0483001213520766,1.0483001213520766,WRONG,WRONG,false,false,-1.0483001213520766,1.0483001213520766,false,false,true,0.0,1.0483001213520764,1.719,mnist__cnn1__linf__0.1__model_seed42_itr20_sgd_itr1_w243.bin
mnist,cnn1,model_seed42_itr20_sgd_itr1,linf,0.1,1,406,-4.278565615415573,4.329349186271429,-4.278565615415573,4.329349186271429,true,true,-0.8607914801687004,-0.8607914801687004,0.8607914801687001,0.8607914801687001,WRONG,WRONG,false,false,-0.8607914801687004,0.8607914801687001,false,false,true,5.551115123125783e-17,0.8607914801687002,2.181,mnist__cnn1__linf__0.1__model_seed42_itr20_sgd_itr1_w244.bin
mnist,cnn1,model_seed42_itr20_sgd_itr1,linf,0.1,1,407,-4.278565615415573,4.329349186271429,-4.278565615415573,4.329349186271429,true,true,-4.329349186271429,-0.8607914801687003,4.329349186271429,0.8598868476365725,WRONG,WRONG,false,false,-0.8607914801687003,0.8607914801687003,false,false,true,4.163336342344337e-17,0.8607914801687001,0.601,mnist__cnn1__linf__0.1__model_seed42_itr20_sgd_itr1_w245.bin
mnist,cnn1,model_seed42_itr20_sgd_itr1,linf,0.1,1,408,-4.278565615415573,4.329349186271429,-4.278565615415573,4.329349186271429,true,true,-4.329349186271429,-0.8607914801687004,0.8607914801687002,0.8607914801687002,WRONG,WRONG,false,false,-0.8607914801687001,0.8607914801687002,false,false,true,8.326672684688674e-17,0.8607914801687003,1.049,mnist__cnn1__linf__0.1__model_seed42_itr20_sgd_itr1_w246.bin
mnist,cnn1,model_seed42_itr20_sgd_itr1,linf,0.1,1,409,-4.278565615415573,4.329349186271429,-4.278565615415573,4.329349186271429,true,true,-4.329349186271429,-0.779152489077595,4.329349186271429,0.5618401327081086,WRONG,WRONG,false,false,-0.8607914801687002,0.8607914801687001,false,false,true,4.163336342344337e-17,0.779152489077595,0.793,mnist__cnn1__linf__0.1__model_seed42_itr20_sgd_itr1_w247.bin
mnist,cnn1,model_seed42_itr20_sgd_itr1,linf,0.1,1,410,-4.278565615415573,4.329349186271429,-4.278565615415573,4.329349186271429,true,true,-4.329349186271429,-0.5695634204148454,4.329349186271429,0.803261848870177,WRONG,WRONG,false,false,-0.8607914801686996,0.8607914801687002,false,false,true,0.24724988461983705,0.8168133050346823,0.773,mnist__cnn1__linf__0.1__model_seed42_itr20_sgd_itr1_w248.bin
mnist,cnn1,model_seed42_itr20_sgd_itr1,linf,0.1,1,411,-4.278565615415573,4.329349186271429,-4.278565615415573,4.329349186271429,true,true,-4.329349186271429,-0.8447943481371938,4.329349186271429,0.8480734552182094,WRONG,WRONG,false,false,-0.8607914801687001,0.8607914801687002,false,false,true,1.2009706517110004,2.045764999848194,1.081,mnist__cnn1__linf__0.1__model_seed42_itr20_sgd_itr1_w249.bin
mnist,cnn1,model_seed42_itr20_sgd_itr1,linf,0.1,1,412,-4.278565615415573,4.329349186271429,-4.278565615415573,4.329349186271429,true,true,-4.329349186271429,-0.8607914801687003,4.329349186271429,0.8607914801687002,WRONG,WRONG,false,false,-0.8607914801687003,0.8607914801687002,false,false,true,1.3877787807814457e-17,0.8607914801687002,0.767,mnist__cnn1__linf__0.1__model_seed42_itr20_sgd_itr1_w250.bin
mnist,cnn1,model_seed42_itr20_sgd_itr1,linf,0.1,1,413,-4.278565615415573,4.329349186271429,-4.278565615415573,4.329349186271429,true,true,-4.329349186271429,-0.8607914801687003,4.329349186271429,0.8394604620350579,WRONG,WRONG,false,false,-0.8607914801687003,0.8607914801687002,false,false,true,4.163336342344337e-17,0.8607914801687001,0.655,mnist__cnn1__linf__0.1__model_seed42_itr20_sgd_itr1_w251.bin
mnist,cnn1,model_seed42_itr20_sgd_itr1,linf,0.1,1,414,-4.278565615415573,4.329349186271429,-4.278565615415573,4.329349186271429,true,true,-4.329349186271429,-0.8574904869556836,0.8607914801687007,0.8607914801687007,WRONG,WRONG,false,false,-0.8607914801687003,0.8607914801687007,false,false,true,1.3877787807814457e-16,0.8574904869556838,1.494,mnist__cnn1__linf__0.1__model_seed42_itr20_sgd_itr1_w252.bin
mnist,cnn1,model_seed42_itr20_sgd_itr1,linf,0.1,1,415,-4.278565615415573,4.329349186271429,-4.278565615415573,4.329349186271429,true,true,-4.329349186271429,-0.8607914801687003,4.329349186271429,0.8598868476365726,WRONG,WRONG,false,false,-0.8607914801687003,0.8607914801687003,false,false,true,5.551115123125783e-17,0.8607914801687002,0.441,mnist__cnn1__linf__0.1__model_seed42_itr20_sgd_itr1_w253.bin
mnist,cnn1,model_seed42_itr20_sgd_itr1,linf,0.1,1,416,-4.278565615415573,4.329349186271429,-4.278565615415573,4.329349186271429,true,true,-4.329349186271429,-0.8568259908966701,4.329349186271429,0.737994619993571,WRONG,WRONG,false,false,-0.8607914801687002,0.8607914801687003,false,false,true,0.6032020141123412,1.4600280050090115,0.302,mnist__cnn1__linf__0.1__model_seed42_itr20_sgd_itr1_w254.bin
mnist,cnn1,model_seed42_itr20_sgd_itr1,linf,0.1,1,417,-4.278565615415573,4.329349186271429,-4.278565615415573,4.329349186271429,true,true,-4.329349186271429,-0.8598868476365726,4.329349186271429,0.8394604620350579,WRONG,WRONG,false,false,-0.8607914801687002,0.8607914801687003,false,false,true,4.163336342344337e-17,0.8598868476365725,0.623,mnist__cnn1__linf__0.1__model_seed42_itr20_sgd_itr1_w255.bin
mnist,cnn1,model_seed42_itr20_sgd_itr1,linf,0.1,1,418,-4.278565615415573,4.329349186271429,-4.278565615415573,4.329349186271429,true,true,-4.329349186271429,-0.8568259908966702,4.329349186271429,0.7615545151987747,WRONG,WRONG,false,false,-0.8607914801687002,0.8607914801687004,false,false,true,0.6032020141123412,1.4600280050090118,0.563,mnist__cnn1__linf__0.1__model_seed42_itr20_sgd_itr1_w256.bin
mnist,cnn1,model_seed42_itr20_sgd_itr1,linf,0.1,1,419,-4.278565615415573,4.329349186271429,-4.278565615415573,4.329349186271429,true,true,-4.329349186271429,-0.8607914801687002,4.329349186271429,0.8598868476365726,WRONG,WRONG,false,false,-0.8607914801687002,0.8607914801686999,false,false,true,4.163336342344337e-17,0.8607914801687001,0.713,mnist__cnn1__linf__0.1__model_seed42_itr20_sgd_itr1_w257.bin
mnist,cnn1,model_seed42_itr20_sgd_itr1,linf,0.1,1,420,-4.278565615415573,4.329349186271429,-4.278565615415573,4.329349186271429,true,true,-4.329349186271429,-0.85682599089667,4.329349186271429,0.7756440918505823,WRONG,WRONG,false,false,-0.8607914801687004,0.8607914801687003,false,false,true,0.6032020141123412,1.4600280050090115,0.638,mnist__cnn1__linf__0.1__model_seed42_itr20_sgd_itr1_w258.bin
mnist,cnn1,model_seed42_itr20_sgd_itr1,linf,0.1,1,421,-4.278565615415573,4.329349186271429,-4.278565615415573,4.329349186271429,true,true,-4.329349186271429,-0.8411204948720785,4.329349186271429,0.6399659147550096,WRONG,WRONG,false,false,-0.8607914801687003,0.8607914801687002,false,false,true,0.7811856437564111,1.62230613862849,1.37,mnist__cnn1__linf__0.1__model_seed42_itr20_sgd_itr1_w259.bin
mnist,cnn1,model_seed42_itr20_sgd_itr1,linf,0.1,1,422,-4.278565615415573,4.329349186271429,-4.278565615415573,4.329349186271429,true,true,-4.329349186271429,-0.85682599089667,4.329349186271429,0.7756440918505867,WRONG,WRONG,false,false,-0.8607914801687003,0.8607914801687002,false,false,true,0.6032020141123412,1.4600280050090115,0.83,mnist__cnn1__linf__0.1__model_seed42_itr20_sgd_itr1_w260.bin
mnist,cnn1,model_seed42_itr20_sgd_itr1,linf,0.1,1,423,-4.278565615415573,4.329349186271429,-4.278565615415573,4.329349186271429,true,true,-4.329349186271429,-0.8098762295829712,2.5848387178931467,0.8607914801687004,WRONG,WRONG,false,false,-0.8607914801687006,0.8607914801687002,false,false,true,4.163336342344337e-17,0.8098762295829711,1.539,mnist__cnn1__linf__0.1__model_seed42_itr20_sgd_itr1_w261.bin
mnist,cnn1,model_seed42_itr20_sgd_itr1,linf,0.1,1,424,-4.278565615415573,4.329349186271429,-4.278565615415573,4.329349186271429,true,true,-4.329349186271429,-0.8598868476365727,4.329349186271429,0.8394604620350579,WRONG,WRONG,false,false,-0.8607914801687002,0.8607914801687002,false,false,true,1.3877787807814457e-17,0.8598868476365725,0.539,mnist__cnn1__linf__0.1__model_seed42_itr20_sgd_itr1_w262.bin
mnist,cnn1,model_seed42_itr20_sgd_itr1,linf,0.1,1,425,-4.278565615415573,4.329349186271429,-4.278565615415573,4.329349186271429,true,true,-0.8607914801687002,-0.8607914801687002,0.8607914801687003,0.8607914801687003,WRONG,WRONG,false,false,-0.8607914801687002,0.8607914801687003,false,false,true,1.3877787807814457e-17,0.8607914801687001,1.048,mnist__cnn1__linf__0.1__model_seed42_itr20_sgd_itr1_w263.bin
mnist,cnn1,model_seed42_itr20_sgd_itr1,linf,0.1,1,426,-4.278565615415573,4.329349186271429,-4.278565615415573,4.329349186271429,true,true,-4.329349186271429,-0.85682599089667,4.329349186271429,0.737994619993571,WRONG,WRONG,false,false,-0.8607914801687002,0.8607914801687003,false,false,true,0.6032020141123412,1.4600280050090113,0.428,mnist__cnn1__linf__0.1__model_seed42_itr20_sgd_itr1_w264.bin
mnist,cnn1,model_seed42_itr20_sgd_itr1,linf,0.1,1,427,-4.278565615415573,4.329349186271429,-4.278565615415573,4.329349186271429,true,true,-4.329349186271429,-0.8607914801687003,4.329349186271429,0.854545499480301,WRONG,WRONG,false,false,-0.8607914801687003,0.8607914801687003,false,false,true,0.3660054634543022,1.2267969436230026,0.425,mnist__cnn1__linf__0.1__model_seed42_itr20_sgd_itr1_w265.bin
mnist,cnn1,model_seed42_itr20_sgd_itr1,linf,0.1,1,428,-4.278565615415573,4.329349186271429,-4.278565615415573,4.329349186271429,true,true,-0.8607914801687001,-0.8607914801687001,0.8607914801687002,0.8607914801687002,WRONG,WRONG,false,false,-0.8607914801687001,0.8607914801687002,false,false,true,1.3877787807814457e-17,0.8607914801687,1.473,mnist__cnn1__linf__0.1__model_seed42_itr20_sgd_itr1_w266.bin
mnist,cnn1,model_seed42_itr20_sgd_itr1,linf,0.1,1,429,-4.278565615415573,4.329349186271429,-4.278565615415573,4.329349186271429,true,true,-4.329349186271429,-0.8607914801687002,4.329349186271429,0.8126558416592153,WRONG,WRONG,false,false,-0.8607914801687002,0.8607914801687004,false,false,true,0.0,0.8607914801687001,0.863,mnist__cnn1__linf__0.1__model_seed42_itr20_sgd_itr1_w267.bin
mnist,cnn1,model_seed42_itr20_sgd_itr1,linf,0.1,1,430,-4.278565615415573,4.329349186271429,-4.278565615415573,4.329349186271429,true,true,-4.329349186271429,-0.8607914801687002,4.329349186271429,0.8394604620350579,WRONG,WRONG,false,false,-0.8607914801687002,0.8607914801687011,false,false,true,1.3877787807814457e-17,0.8607914801687003,0.485,mnist__cnn1__linf__0.1__model_seed42_itr20_sgd_itr1_w268.bin
mnist,cnn1,model_seed42_itr20_sgd_itr1,linf,0.1,1,431,-4.278565615415573,4.329349186271429,-4.278565615415573,4.329349186271429,true,true,-4.329349186271429,-0.8046971492104292,0.8607914801687,0.8607914801686998,WRONG,WRONG,false,false,-0.8607914801687002,0.8607914801687001,false,false,true,4.163336342344337e-17,0.8046971492104291,1.267,mnist__cnn1__linf__0.1__model_seed42_itr20_sgd_itr1_w269.bin
mnist,cnn1,model_seed42_itr20_sgd_itr1,linf,0.1,1,432,-4.278565615415573,4.329349186271429,-4.278565615415573,4.329349186271429,true,true,-4.329349186271429,-0.8607914801687002,4.329349186271429,0.8607914801687002,WRONG,WRONG,false,false,-0.8607914801687002,0.8607914801687002,false,false,true,1.3877787807814457e-17,0.8607914801687002,0.395,mnist__cnn1__linf__0.1__model_seed42_itr20_sgd_itr1_w270.bin
mnist,cnn1,model_seed42_itr20_sgd_itr1,linf,0.1,1,433,-4.278565615415573,4.329349186271429,-4.278565615415573,4.329349186271429,true,true,-4.329349186271429,-0.8607914801687003,4.329349186271429,0.839460462035058,WRONG,WRONG,false,false,-0.8607914801687003,0.8607914801687002,false,false,true,1.3877787807814457e-17,0.8607914801687001,0.408,mnist__cnn1__linf__0.1__model_seed42_itr20_sgd_itr1_w271.bin
mnist,cnn1,model_seed42_itr20_sgd_itr1,linf,0.1,1,434,-4.278565615415573,4.329349186271429,-4.278565615415573,4.329349186271429,true,true,-4.329349186271429,-0.8470527013134186,4.329349186271429,0.6781917116653607,WRONG,WRONG,false,false,-0.8607914801687001,0.8607914801687002,false,false,true,0.4020481778652422,1.2491008791786609,0.344,mnist__cnn1__linf__0.1__model_seed42_itr20_sgd_itr1_w272.bin
mnist,cnn1,model_seed42_itr20_sgd_itr1,linf,0.1,1,435,-4.278565615415573,4.329349186271429,-4.278565615415573,4.329349186271429,true,true,-4.329349186271429,-0.8598868476365724,4.329349186271429,0.8590528378644394,WRONG,WRONG,false,false,-0.8607914801687001,0.8607914801687002,false,false,true,0.0,0.8598868476365723,0.569,mnist__cnn1__linf__0.1__model_seed42_itr20_sgd_itr1_w273.bin
mnist,cnn1,model_seed42_itr20_sgd_itr1,linf,0.1,1,436,-4.278565615415573,4.329349186271429,-4.278565615415573,4.329349186271429,true,true,-4.329349186271429,-0.8568222320194528,4.329349186271429,0.7305880579760067,WRONG,WRONG,false,false,-0.8607914801687003,0.8607914801687002,false,false,true,0.6027571690997903,1.4595794011192431,0.906,mnist__cnn1__linf__0.1__model_seed42_itr20_sgd_itr1_w274.bin
mnist,cnn1,model_seed42_itr20_sgd_itr1,linf,0.1,1,437,-4.278565615415573,4.329349186271429,-4.278565615415573,4.329349186271429,true,true,-4.329349186271429,-0.821674485823956,4.329349186271429,0.6841064809978061,WRONG,WRONG,false,false,-0.8607914801687002,0.8607914801687049,false,false,true,0.19832947946274354,1.0200039652866992,1.082,mnist__cnn1__linf__0.1__model_seed42_itr20_sgd_itr1_w275.bin
mnist,cnn1,model_seed42_itr20_sgd_itr1,linf,0.1,1,438,-4.278565615415573,4.329349186271429,-4.278565615415573,4.329349186271429,true,true,-4.329349186271429,-0.7680753836018213,4.329349186271429,0.5225122281987582,WRONG,WRONG,false,false,-0.8607914801687003,0.8607914801687001,false,false,true,0.5827498860536804,1.3508252696555019,1.404,mnist__cnn1__linf__0.1__model_seed42_itr20_sgd_itr1_w276.bin
mnist,cnn1,model_seed42_itr20_sgd_itr1,linf,0.1,1,439,-4.278565615415573,4.329349186271429,-4.278565615415573,4.329349186271429,true,true,-4.329349186271429,-0.8598868476365726,4.329349186271429,0.8394604620350579,WRONG,WRONG,false,false,-0.8607914801687,0.8607914801687,false,false,true,0.0,0.8598868476365725,0.436,mnist__cnn1__linf__0.1__model_seed42_itr20_sgd_itr1_w277.bin
mnist,cnn1,model_seed42_itr20_sgd_itr1,linf,0.1,1,440,-4.278565615415573,4.329349186271429,-4.278565615415573,4.329349186271429,true,true,-4.329349186271429,-0.8472698364512914,4.329349186271429,0.6981077474321955,WRONG,WRONG,false,false,-0.8607914801687,0.8607914801687002,false,false,true,0.2583408809753089,1.1056107174266003,1.239,mnist__cnn1__linf__0.1__model_seed42_itr20_sgd_itr1_w278.bin
mnist,cnn1,model_seed42_itr20_sgd_itr1,linf,0.1,1,441,-4.278565615415573,4.329349186271429,-4.278565615415573,4.329349186271429,true,true,-4.329349186271429,-0.8118225503533298,0.8607914801686999,0.8607914801686999,WRONG,WRONG,false,false,-0.8607914801687001,0.8607914801687001,false,false,true,6.938893903907228e-17,0.8118225503533297,1.528,mnist__cnn1__linf__0.1__model_seed42_itr20_sgd_itr1_w279.bin
mnist,cnn1,model_seed42_itr20_sgd_itr1,linf,0.1,1,442,-4.278565615415573,4.329349186271429,-4.278565615415573,4.329349186271429,true,true,-4.329349186271429,-0.8607914801687003,4.329349186271429,0.8607914801687002,WRONG,WRONG,false,false,-0.8607914801687003,0.8607914801687002,false,false,true,1.3877787807814457e-17,0.8607914801687001,0.397,mnist__cnn1__linf__0.1__model_seed42_itr20_sgd_itr1_w280.bin
mnist,cnn1,model_seed42_itr20_sgd_itr1,linf,0.1,1,443,-4.278565615415573,4.329349186271429,-4.278565615415573,4.329349186271429,true,true,-4.329349186271429,-0.8607914801687002,0.8607914801687003,0.8607914801687003,WRONG,WRONG,false,false,-0.8607914801687,0.8607914801687003,false,false,true,0.0,0.8607914801687002,1.017,mnist__cnn1__linf__0.1__model_seed42_itr20_sgd_itr1_w281.bin
mnist,cnn1,model_seed42_itr20_sgd_itr1,linf,0.1,1,444,-4.278565615415573,4.329349186271429,-4.278565615415573,4.329349186271429,true,true,-4.329349186271429,-0.8491242979661711,4.329349186271429,0.8143182834260851,WRONG,WRONG,false,false,-0.8607914801687003,0.8607914801687002,false,false,true,1.3877787807814457e-16,0.849124297966171,0.5,mnist__cnn1__linf__0.1__model_seed42_itr20_sgd_itr1_w282.bin
mnist,cnn1,model_seed42_itr20_sgd_itr1,linf,0.1,1,445,-4.278565615415573,4.329349186271429,-4.278565615415573,4.329349186271429,true,true,-4.329349186271429,-0.8394604620350579,4.329349186271429,0.8607914801687002,WRONG,WRONG,false,false,-0.8607914801687002,0.8607914801687003,false,false,true,0.2786487220909056,1.1181091841259632,0.426,mnist__cnn1__linf__0.1__model_seed42_itr20_sgd_itr1_w283.bin
mnist,cnn1,model_seed42_itr20_sgd_itr1,linf,0.1,1,446,-4.278565615415573,4.329349186271429,-4.278565615415573,4.329349186271429,true,true,-4.329349186271429,-0.8568259908966701,4.329349186271429,0.7756440918505867,WRONG,WRONG,false,false,-0.8607914801687002,0.8607914801687003,false,false,true,0.603202014112341,1.4600280050090113,0.549,mnist__cnn1__linf__0.1__model_seed42_itr20_sgd_itr1_w284.bin
mnist,cnn1,model_seed42_itr20_sgd_itr1,linf,0.1,1,447,-4.278565615415573,4.329349186271429,-4.278565615415573,4.329349186271429,true,true,-4.329349186271429,-0.8607914801687002,4.329349186271429,0.8607914801687004,WRONG,WRONG,false,false,-0.8607914801687002,0.8607914801687004,false,false,true,1.3877787807814457e-17,0.8607914801687002,0.419,mnist__cnn1__linf__0.1__model_seed42_itr20_sgd_itr1_w285.bin
mnist,cnn1,model_seed42_itr20_sgd_itr1,linf,0.1,1,448,-4.278565615415573,4.329349186271429,-4.278565615415573,4.329349186271429,true,true,-4.329349186271429,-0.8431363654223979,4.329349186271429,0.7895019273777881,WRONG,WRONG,false,false,-0.8607914801687002,0.8607914801687004,false,false,true,0.27281947467426243,1.1159558400966605,1.218,mnist__cnn1__linf__0.1__model_seed42_itr20_sgd_itr1_w286.bin
mnist,cnn1,model_seed42_itr20_sgd_itr1,linf,0.1,1,449,-4.278565615415573,4.329349186271429,-4.278565615415573,4.329349186271429,true,true,-4.329349186271429,-0.5385937094391142,4.329349186271429,0.742753765220163,WRONG,WRONG,false,false,-0.8607914801687002,0.8607914801687001,false,false,true,0.2920075779259246,0.8306012873650388,0.994,mnist__cnn1__linf__0.1__model_seed42_itr20_sgd_itr1_w287.bin
mnist,cnn1,model_seed42_itr20_sgd_itr1,linf,0.1,1,450,-4.278565615415573,4.329349186271429,-4.278565615415573,4.329349186271429,true,true,-4.329349186271429,-0.839460462035059,4.329349186271429,0.8598868476365725,WRONG,WRONG,false,false,-0.8607914801687003,0.8607914801687004,false,false,true,0.0,0.8394604620350566,0.451,mnist__cnn1__linf__0.1__model_seed42_itr20_sgd_itr1_w288.bin
mnist,cnn1,model_seed42_itr20_sgd_itr1,linf,0.1,1,451,-4.278565615415573,4.329349186271429,-4.278565615415573,4.329349186271429,true,true,-4.329349186271429,-0.8598868476365726,4.329349186271429,0.8607914801687002,WRONG,WRONG,false,false,-0.8607914801687,0.8607914801687002,false,false,true,6.938893903907228e-17,0.8598868476365725,0.382,mnist__cnn1__linf__0.1__model_seed42_itr20_sgd_itr1_w289.bin
mnist,cnn1,model_seed42_itr20_sgd_itr1,linf,0.1,1,452,-4.278565615415573,4.329349186271429,-4.278565615415573,4.329349186271429,true,true,-4.329349186271429,-0.85682599089667,4.329349186271429,0.7379946199935712,WRONG,WRONG,false,false,-0.8607914801687002,0.8607914801687003,false,false,true,0.6032020141123412,1.4600280050090118,0.417,mnist__cnn1__linf__0.1__model_seed42_itr20_sgd_itr1_w290.bin
mnist,cnn1,model_seed42_itr20_sgd_itr1,linf,0.1,1,453,-4.278565615415573,4.329349186271429,-4.278565615415573,4.329349186271429,true,true,-4.329349186271429,-0.8134401025173613,4.329349186271429,0.6037453087525313,WRONG,WRONG,false,false,-0.8607914801687004,0.8607914801687003,false,false,true,0.09674289497590059,0.9101829974932619,0.67,mnist__cnn1__linf__0.1__model_seed42_itr20_sgd_itr1_w291.bin
mnist,cnn1,model_seed42_itr20_sgd_itr1,linf,0.1,1,454,-4.278565615415573,4.329349186271429,-4.278565615415573,4.329349186271429,true,true,-4.329349186271429,-0.858442553430123,4.329349186271429,0.8463555688269411,WRONG,WRONG,false,false,-0.8607914801687004,0.8607914801687004,false,false,true,1.239902315348139,2.0983448687782618,0.923,mnist__cnn1__linf__0.1__model_seed42_itr20_sgd_itr1_w292.bin
mnist,cnn1,model_seed42_itr20_sgd_itr1,linf,0.1,1,455,-4.278565615415573,4.329349186271429,-4.278565615415573,4.329349186271429,true,true,-4.329349186271429,-0.8468751308836988,4.329349186271429,0.7378099238178689,WRONG,WRONG,false,false,-0.8607914801686994,0.8607914801687004,false,false,true,0.8800033816478731,1.7268785125315722,0.325,mnist__cnn1__linf__0.1__model_seed42_itr20_sgd_itr1_w293.bin
mnist,cnn1,model_seed42_itr20_sgd_itr1,linf,0.1,1,456,-4.278565615415573,4.329349186271429,-4.278565615415573,4.329349186271429,true,true,-0.8607914801687002,-0.8607914801687002,0.8607914801687002,0.8607914801687002,WRONG,WRONG,false,false,-0.8607914801687002,0.8607914801687002,false,false,true,1.3877787807814457e-17,0.8607914801687001,1.906,mnist__cnn1__linf__0.1__model_seed42_itr20_sgd_itr1_w294.bin
mnist,cnn1,model_seed42_itr20_sgd_itr1,linf,0.1,1,457,-4.278565615415573,4.329349186271429,-4.278565615415573,4.329349186271429,true,true,-4.329349186271429,-0.8566064893940304,4.329349186271429,0.7243169887397222,WRONG,WRONG,false,false,-0.8607914801687003,0.8607914801687002,false,false,true,0.5900950232091733,1.4467015126032037,1.177,mnist__cnn1__linf__0.1__model_seed42_itr20_sgd_itr1_w295.bin
mnist,cnn1,model_seed42_itr20_sgd_itr1,linf,0.1,1,458,-4.278565615415573,4.329349186271429,-4.278565615415573,4.329349186271429,true,true,-4.329349186271429,-0.8607914801687004,4.329349186271429,0.839460462035058,WRONG,WRONG,false,false,-0.8607914801687004,0.8607914801687002,false,false,true,4.163336342344337e-17,0.8607914801687001,0.38,mnist__cnn1__linf__0.1__model_seed42_itr20_sgd_itr1_w296.bin
mnist,cnn1,model_seed42_itr20_sgd_itr1,linf,0.1,1,459,-4.278565615415573,4.329349186271429,-4.278565615415573,4.329349186271429,true,true,-4.329349186271429,-0.85682599089667,4.329349186271429,0.7756440918505823,WRONG,WRONG,false,false,-0.8607914801687002,0.8607914801687002,false,false,true,0.6032020141123412,1.4600280050090118,0.396,mnist__cnn1__linf__0.1__model_seed42_itr20_sgd_itr1_w297.bin
mnist,cnn1,model_seed42_itr20_sgd_itr1,linf,0.1,1,460,-4.278565615415573,4.329349186271429,-4.278565615415573,4.329349186271429,true,true,-4.329349186271429,-0.8607914801687002,4.329349186271429,0.8607914801687003,WRONG,WRONG,false,false,-0.8607914801687002,0.8607914801687003,false,false,true,0.028132317219877565,0.8889237973885776,0.497,mnist__cnn1__linf__0.1__model_seed42_itr20_sgd_itr1_w298.bin
mnist,cnn1,model_seed42_itr20_sgd_itr1,linf,0.1,1,461,-4.278565615415573,4.329349186271429,-4.278565615415573,4.329349186271429,true,true,-4.329349186271429,-0.8308689451428634,4.329349186271429,0.8568703237875404,WRONG,WRONG,false,false,-0.8607914801687001,0.8607914801687002,false,false,true,1.3877787807814457e-17,0.8308689451428634,0.699,mnist__cnn1__linf__0.1__model_seed42_itr20_sgd_itr1_w299.bin
mnist,cnn1,model_seed42_itr20_sgd_itr1,linf,0.1,1,462,-4.278565615415573,4.329349186271429,-4.278565615415573,4.329349186271429,true,true,-4.329349186271429,-0.8598868476365723,4.329349186271429,0.8394604620350576,WRONG,WRONG,false,false,-0.8607914801686997,0.8607914801686999,false,false,true,0.0,0.8598868476365723,0.294,mnist__cnn1__linf__0.1__model_seed42_itr20_sgd_itr1_w300.bin
mnist,cnn1,model_seed42_itr20_sgd_itr1,linf,0.1,1,463,-4.278565615415573,4.329349186271429,-4.278565615415573,4.329349186271429,true,true,-4.329349186271429,-0.7614652178819006,4.329349186271429,0.36080015904510443,WRONG,WRONG,false,false,-0.8607914801687001,0.8607914801687,false,false,true,0.07632621329703822,0.8377914311789385,0.62,mnist__cnn1__linf__0.1__model_seed42_itr20_sgd_itr1_w301.bin
mnist,cnn1,model_seed42_itr20_sgd_itr1,linf,0.1,1,464,-4.278565615415573,4.329349186271429,-4.278565615415573,4.329349186271429,true,true,-4.329349186271429,-0.8516017247042882,4.329349186271429,0.6450009598530282,WRONG,WRONG,false,false,-0.8607914801687001,0.8607914801687,false,false,true,1.1775846177425182,2.0291863424468066,1.059,mnist__cnn1__linf__0.1__model_seed42_itr20_sgd_itr1_w302.bin
mnist,cnn1,model_seed42_itr20_sgd_itr1,linf,0.1,1,465,-4.278565615415573,4.329349186271429,-4.278565615415573,4.329349186271429,true,true,-4.329349186271429,-0.8577159264074696,4.329349186271429,0.7697238617426851,WRONG,WRONG,false,false,-0.8607914801687001,0.8607914801687001,false,false,true,0.4234959792103666,1.2812119056178362,0.819,mnist__cnn1__linf__0.1__model_seed42_itr20_sgd_itr1_w303.bin
mnist,cnn1,model_seed42_itr20_sgd_itr1,linf,0.1,1,466,-4.278565615415573,4.329349186271429,-4.278565615415573,4.329349186271429,true,true,-4.329349186271429,-0.8159482188184886,4.329349186271429,0.5675631912864793,WRONG,WRONG,false,false,-0.8607914801687003,0.8607914801687002,false,false,true,0.11227551100290668,0.9282237298213951,1.024,mnist__cnn1__linf__0.1__model_seed42_itr20_sgd_itr1_w304.bin
mnist,cnn1,model_seed42_itr20_sgd_itr1,linf,0.1,1,467,-4.278565615415573,4.329349186271429,-4.278565615415573,4.329349186271429,true,true,-4.329349186271429,-0.7189464234250146,4.329349186271429,0.519858767573307,WRONG,WRONG,false,false,-0.8607914801687014,0.8607914801687002,false,false,true,0.15087545936625812,0.8698218827912728,1.396,mnist__cnn1__linf__0.1__model_seed42_itr20_sgd_itr1_w305.bin
mnist,cnn1,model_seed42_itr20_sgd_itr1,linf,0.1,1,468,-4.278565615415573,4.329349186271429,-4.278565615415573,4.329349186271429,true,true,-4.329349186271429,-0.8607914801687002,0.8607914801687,0.8607914801687,WRONG,WRONG,false,false,-0.8607914801687003,0.8607914801687,false,false,true,0.0,0.8607914801687001,0.787,mnist__cnn1__linf__0.1__model_seed42_itr20_sgd_itr1_w306.bin
mnist,cnn1,model_seed42_itr20_sgd_itr1,linf,0.1,1,469,-4.278565615415573,4.329349186271429,-4.278565615415573,4.329349186271429,true,true,-4.329349186271429,-0.8607914801687002,4.329349186271429,0.8598868476365724,WRONG,WRONG,false,false,-0.8607914801687002,0.8607914801687003,false,false,true,2.7755575615628914e-17,0.8607914801687001,0.448,mnist__cnn1__linf__0.1__model_seed42_itr20_sgd_itr1_w307.bin
mnist,cnn1,model_seed42_itr20_sgd_itr1,linf,0.1,1,470,-4.278565615415573,4.329349186271429,-4.278565615415573,4.329349186271429,true,true,-4.329349186271429,-0.8544050312559018,4.329349186271429,0.6781817698336128,WRONG,WRONG,false,false,-0.8607914801687004,0.8607914801687002,false,false,true,0.4584840698885047,1.3128891011444068,0.557,mnist__cnn1__linf__0.1__model_seed42_itr20_sgd_itr1_w308.bin
mnist,cnn1,model_seed42_itr20_sgd_itr1,linf,0.1,1,471,-4.278565615415573,4.329349186271429,-4.278565615415573,4.329349186271429,true,true,-4.329349186271429,-0.8590642754839617,4.329349186271429,0.8547976184504569,WRONG,WRONG,false,false,-0.8607914801687002,0.8607914801687002,false,false,true,1.3947193905711175,2.2537836660550785,0.362,mnist__cnn1__linf__0.1__model_seed42_itr20_sgd_itr1_w309.bin
mnist,cnn1,model_seed42_itr20_sgd_itr1,linf,0.1,1,472,-4.278565615415573,4.329349186271429,-4.278565615415573,4.329349186271429,true,true,-4.329349186271429,-0.8476608614433484,4.329349186271429,0.730067065425172,WRONG,WRONG,false,false,-0.8607914801687002,0.8607914801687003,false,false,true,0.5413242654170005,1.388985126860349,0.391,mnist__cnn1__linf__0.1__model_seed42_itr20_sgd_itr1_w310.bin
mnist,cnn1,model_seed42_itr20_sgd_itr1,linf,0.1,1,473,-4.278565615415573,4.329349186271429,-4.278565615415573,4.329349186271429,true,true,-4.329349186271429,-0.8173911059038836,4.329349186271429,0.5462261427327035,WRONG,WRONG,false,false,-0.8607914801687002,0.8607914801687003,false,false,true,0.12121122545031708,0.9386023313542006,0.414,mnist__cnn1__linf__0.1__model_seed42_itr20_sgd_itr1_w311.bin
mnist,cnn1,model_seed42_itr20_sgd_itr1,linf,0.1,1,474,-4.278565615415573,4.329349186271429,-4.278565615415573,4.329349186271429,true,true,-4.329349186271429,-0.7756440918505865,4.329349186271429,0.8568259908966702,WRONG,WRONG,false,false,-0.8607914801687006,0.8607914801687007,false,false,true,0.6597273473698166,1.435371439220401,0.381,mnist__cnn1__linf__0.1__model_seed42_itr20_sgd_itr1_w312.bin
mnist,cnn1,model_seed42_itr20_sgd_itr1,linf,0.1,1,475,-4.278565615415573,4.329349186271429,-4.278565615415573,4.329349186271429,true,true,-4.329349186271429,-0.8607914801687004,4.329349186271429,0.8143182834260853,WRONG,WRONG,false,false,-0.8607914801687004,0.8607914801687002,false,false,true,0.0,0.8607914801687003,0.515,mnist__cnn1__linf__0.1__model_seed42_itr20_sgd_itr1_w313.bin
mnist,cnn1,model_seed42_itr20_sgd_itr1,linf,0.1,1,476,-4.278565615415573,4.329349186271429,-4.278565615415573,4.329349186271429,true,true,-4.329349186271429,-0.8598868476365726,4.329349186271429,0.8394604620350579,WRONG,WRONG,false,false,-0.8607914801687004,0.8607914801687002,false,false,true,9.71445146547012e-17,0.8598868476365725,0.507,mnist__cnn1__linf__0.1__model_seed42_itr20_sgd_itr1_w314.bin
mnist,cnn1,model_seed42_itr20_sgd_itr1,linf,0.1,1,477,-4.278565615415573,4.329349186271429,-4.278565615415573,4.329349186271429,true,true,-4.329349186271429,-0.8598868476365726,0.8607914801687,0.8607914801687,WRONG,WRONG,false,false,-0.8607914801687002,0.8607914801687,false,false,true,1.249000902703301e-16,0.8598868476365726,1.072,mnist__cnn1__linf__0.1__model_seed42_itr20_sgd_itr1_w315.bin
mnist,cnn1,model_seed42_itr20_sgd_itr1,linf,0.1,1,478,-4.278565615415573,4.329349186271429,-4.278565615415573,4.329349186271429,true,true,-4.329349186271429,-0.8598868476365726,4.329349186271429,0.8394604620350576,WRONG,WRONG,false,false,-0.8607914801687,0.8607914801687002,false,false,true,0.42678905756749946,1.286675905204072,0.41,mnist__cnn1__linf__0.1__model_seed42_itr20_sgd_itr1_w316.bin
mnist,cnn1,model_seed42_itr20_sgd_itr1,linf,0.1,1,479,-4.278565615415573,4.329349186271429,-4.278565615415573,4.329349186271429,true,true,-4.329349186271429,-0.8607914801687002,4.329349186271429,0.8607914801687002,WRONG,WRONG,false,false,-0.8607914801687002,0.8607914801687002,false,false,true,0.34913125513506277,1.209922735303763,0.426,mnist__cnn1__linf__0.1__model_seed42_itr20_sgd_itr1_w317.bin
mnist,cnn1,model_seed42_itr20_sgd_itr1,linf,0.1,1,480,-4.278565615415573,4.329349186271429,-4.278565615415573,4.329349186271429,true,true,-4.329349186271429,-0.8394604620350579,4.329349186271429,0.8607914801687003,WRONG,WRONG,false,false,-0.8607914801687004,0.8607914801687002,false,false,true,0.2762527041812648,1.1157131662163224,0.415,mnist__cnn1__linf__0.1__model_seed42_itr20_sgd_itr1_w318.bin
mnist,cnn1,model_seed42_itr20_sgd_itr1,linf,0.1,1,481,-4.278565615415573,4.329349186271429,-4.278565615415573,4.329349186271429,true,true,-4.329349186271429,-0.85682599089667,4.329349186271429,0.7756440918505833,WRONG,WRONG,false,false,-0.8607914801687003,0.8607914801687002,false,false,true,0.6032020141123412,1.4600280050090118,0.379,mnist__cnn1__linf__0.1__model_seed42_itr20_sgd_itr1_w319.bin
mnist,cnn1,model_seed42_itr20_sgd_itr1,linf,0.1,1,482,-4.278565615415573,4.329349186271429,-4.278565615415573,4.329349186271429,true,true,-4.329349186271429,-0.8568259908966701,4.329349186271429,0.7756440918505867,WRONG,WRONG,false,false,-0.8607914801686998,0.8607914801687002,false,false,true,0.603202014112341,1.4600280050090113,0.456,mnist__cnn1__linf__0.1__model_seed42_itr20_sgd_itr1_w320.bin
mnist,cnn1,model_seed42_itr20_sgd_itr1,linf,0.1,1,483,-4.278565615415573,4.329349186271429,-4.278565615415573,4.329349186271429,true,true,-4.329349186271429,-0.85682599089667,4.329349186271429,0.775644091850584,WRONG,WRONG,false,false,-0.8607914801687002,0.8607914801687001,false,false,true,0.6032020141123412,1.4600280050090115,0.541,mnist__cnn1__linf__0.1__model_seed42_itr20_sgd_itr1_w321.bin
mnist,cnn1,model_seed42_itr20_sgd_itr1,linf,0.1,1,484,-4.278565615415573,4.329349186271429,-4.278565615415573,4.329349186271429,true,true,-4.329349186271429,-0.85682599089667,4.329349186271429,0.775644091850584,WRONG,WRONG,false,false,-0.8607914801687008,0.8607914801687001,false,false,true,0.6032020141123412,1.4600280050090115,0.406,mnist__cnn1__linf__0.1__model_seed42_itr20_sgd_itr1_w322.bin
mnist,cnn1,model_seed42_itr20_sgd_itr1,linf,0.1,1,485,-4.278565615415573,4.329349186271429,-4.278565615415573,4.329349186271429,true,true,-4.329349186271429,-0.85682599089667,4.329349186271429,0.7736578567426029,WRONG,WRONG,false,false,-0.8607914801687003,0.8607914801687001,false,false,true,0.6032020141123412,1.4600280050090115,0.511,mnist__cnn1__linf__0.1__model_seed42_itr20_sgd_itr1_w323.bin
mnist,cnn1,model_seed42_itr20_sgd_itr1,linf,0.1,1,486,-4.278565615415573,4.329349186271429,-4.278565615415573,4.329349186271429,true,true,-4.329349186271429,-0.8598868476365726,4.329349186271429,0.8394604620350579,WRONG,WRONG,false,false,-0.8607914801687003,0.8607914801687002,false,false,true,1.249000902703301e-16,0.8598868476365725,0.504,mnist__cnn1__linf__0.1__model_seed42_itr20_sgd_itr1_w324.bin
