dataset,arch,model,perturbation,size,layer,neuron,l_org,u_org,l_pert,u_pert,guard_ge,guard_le,min_bound,min_val,max_bound,max_val,verdict_ge,verdict_le,old_stamp_ge,old_stamp_le,old_val_min,old_val_max,fired_ge,fired_le,witness_ok,witness_z,witness_zp,probe_sec,witness_file
mnist,cnn1,model_seed42_itr20_sgd_itr1,contrast,1.5,1,82,-3.430645431908488,5.794846103010059,-3.430645431908488,5.794846103010059,true,true,-3.4769292779266845,-3.4769292779266845,-0.0,-3.4769292779266845,FLIPPED,SAFE,false,true,-3.4769292779266845,-0.0,false,false,true,2.3179168250833753,5.794846103010059,3.602,mnist__cnn1__contrast__1.5__model_seed42_itr20_sgd_itr1_w1.bin
mnist,cnn1,model_seed42_itr20_sgd_itr1,contrast,1.5,1,83,-3.430645431908488,5.794846103010059,-3.430645431908488,5.794846103010059,true,true,-3.476929277926683,-3.476929277926683,-0.0,-3.476929277926683,FLIPPED,SAFE,false,true,-3.476929277926683,-0.0,false,false,true,2.3179168250833753,5.794846103010059,4.087,mnist__cnn1__contrast__1.5__model_seed42_itr20_sgd_itr1_w2.bin
mnist,cnn1,model_seed42_itr20_sgd_itr1,contrast,1.5,1,84,-3.430645431908488,5.794846103010059,-3.430645431908488,5.794846103010059,true,true,-3.4769292779266845,-3.4769292779266845,-0.0,-3.4769292779266845,FLIPPED,SAFE,false,true,-3.4769292779266845,-0.0,false,false,true,2.3179168250833753,5.794846103010059,2.845,mnist__cnn1__contrast__1.5__model_seed42_itr20_sgd_itr1_w3.bin
mnist,cnn1,model_seed42_itr20_sgd_itr1,contrast,1.5,1,85,-3.430645431908488,5.794846103010059,-3.430645431908488,5.794846103010059,true,true,-3.4769292779266827,-0.00030104595129021305,-0.0,-0.00030104595129021305,FLIPPED,SAFE,false,false,-3.476929277926744,Inf,false,false,true,4.9008287126534675,4.90112975064341,7.316,mnist__cnn1__contrast__1.5__model_seed42_itr20_sgd_itr1_w4.bin
mnist,cnn1,model_seed42_itr20_sgd_itr1,contrast,1.5,1,86,-3.430645431908488,5.794846103010059,-3.430645431908488,5.794846103010059,true,true,-5.794846103010059,-0.8768468904812186,-0.0,-5.4040301620261744e-5,FLIPPED,SAFE,false,true,-2.734398302197067,5.179391566259572e-6,false,false,true,0.5845285667863349,1.4613754572674575,1.846,mnist__cnn1__contrast__1.5__model_seed42_itr20_sgd_itr1_w5.bin
mnist,cnn1,model_seed42_itr20_sgd_itr1,contrast,1.5,1,87,-3.430645431908488,5.794846103010059,-3.430645431908488,5.794846103010059,true,true,-3.4769291490968395,-3.4769291490968395,4.440892098500626e-16,-3.4769291490968395,FLIPPED,SAFE,false,true,-3.4769291490968395,8.055794923636283e-6,false,false,true,2.3179167489015313,5.794845898001643,3.768,mnist__cnn1__contrast__1.5__model_seed42_itr20_sgd_itr1_w6.bin
mnist,cnn1,model_seed42_itr20_sgd_itr1,contrast,1.5,1,88,-3.430645431908488,5.794846103010059,-3.430645431908488,5.794846103010059,true,true,-3.4769292779266836,-3.4769292779266836,-0.0,-0.6609381805484552,FLIPPED,SAFE,false,true,-3.476929277926683,-0.0,false,false,true,2.3179168250833753,5.794846103010059,2.894,mnist__cnn1__contrast__1.5__model_seed42_itr20_sgd_itr1_w7.bin
mnist,cnn1,model_seed42_itr20_sgd_itr1,contrast,1.5,1,89,-3.430645431908488,5.794846103010059,-3.430645431908488,5.794846083008823,true,false,-3.476929277926683,-3.476929277926683,-0.0,-5.4040301620261744e-5,FLIPPED,n/a,false,false,-3.4769292779266836,NaN,false,n/a,true,2.3179168250833753,5.794846103010059,3.236,mnist__cnn1__contrast__1.5__model_seed42_itr20_sgd_itr1_w8.bin
mnist,cnn1,model_seed42_itr20_sgd_itr1,contrast,1.5,1,90,-3.430645431908488,5.794846103010059,-3.430645431908488,5.794846103010059,true,true,-5.794846103010059,-1.5017666870901363,-0.0,-5.4040301620261744e-5,FLIPPED,SAFE,false,true,-3.476929277926683,-0.0,false,false,true,1.0011417645256773,2.5029084516158138,1.402,mnist__cnn1__contrast__1.5__model_seed42_itr20_sgd_itr1_w9.bin
mnist,cnn1,model_seed42_itr20_sgd_itr1,contrast,1.5,1,91,-3.430645431908488,5.794846103010059,-3.430645431908488,5.794846103010059,true,true,-3.476929277926683,-3.476929277926683,-0.0,-5.4040301620261744e-5,FLIPPED,SAFE,false,true,-3.4769292779266827,-0.0,false,false,true,2.3179168250833753,5.794846103010059,6.485,mnist__cnn1__contrast__1.5__model_seed42_itr20_sgd_itr1_w10.bin
mnist,cnn1,model_seed42_itr20_sgd_itr1,contrast,1.5,1,92,-3.430645431908488,5.794846103010059,-3.430645431908488,5.794846083219202,true,false,-3.476929277926683,-3.476929277926683,-0.0,-3.476929277926683,FLIPPED,n/a,false,false,-3.476929277926683,NaN,false,n/a,true,2.3179168250833753,5.794846103010059,10.552,mnist__cnn1__contrast__1.5__model_seed42_itr20_sgd_itr1_w11.bin
mnist,cnn1,model_seed42_itr20_sgd_itr1,contrast,1.5,1,93,-3.430645431908488,5.794846103010059,-3.430645431908488,5.794846103010059,true,true,-5.794846103010059,-0.7878884193088506,-0.0,-0.7878884193088506,FLIPPED,SAFE,false,true,-3.476929277926683,5.516768458654897e-6,false,false,true,0.5252229193381537,1.3131113386470041,2.283,mnist__cnn1__contrast__1.5__model_seed42_itr20_sgd_itr1_w12.bin
mnist,cnn1,model_seed42_itr20_sgd_itr1,contrast,1.5,1,94,-3.430645431908488,5.794846103010059,-3.430645431908488,5.794846103010059,true,true,-3.476929277926683,-3.476929277926683,-0.0,-3.476929277926683,FLIPPED,SAFE,false,true,-3.476929277926683,-0.0,false,false,true,2.3179168250833753,5.794846103010059,4.832,mnist__cnn1__contrast__1.5__model_seed42_itr20_sgd_itr1_w13.bin
mnist,cnn1,model_seed42_itr20_sgd_itr1,contrast,1.5,1,95,-3.430645431908488,5.794846103010059,-3.430645431908488,5.794846103010059,true,true,-3.476929277926683,-3.476929277926683,-0.0,-3.476929277926683,FLIPPED,SAFE,false,true,-3.476929277926683,-0.0,false,false,true,2.3179168250833753,5.794846103010059,4.236,mnist__cnn1__contrast__1.5__model_seed42_itr20_sgd_itr1_w14.bin
mnist,cnn1,model_seed42_itr20_sgd_itr1,contrast,1.5,1,96,-3.430645431908488,5.794846103010059,-3.430645431908488,5.794846103010059,true,true,-3.476929277926683,-3.476929277926683,-0.0,-3.476929277926683,FLIPPED,SAFE,false,true,-3.476929277926683,-0.0,false,false,true,2.3179168250833753,5.794846103010059,3.335,mnist__cnn1__contrast__1.5__model_seed42_itr20_sgd_itr1_w15.bin
mnist,cnn1,model_seed42_itr20_sgd_itr1,contrast,1.5,1,97,-3.430645431908488,5.794846103010059,-3.430645431908488,5.794846103010059,true,true,-3.476929277926683,-3.476929277926683,-0.0,-5.4040301620261744e-5,FLIPPED,SAFE,false,true,-3.4769292779266827,7.96533017355383e-6,false,false,true,2.3179168250833753,5.794846103010059,3.554,mnist__cnn1__contrast__1.5__model_seed42_itr20_sgd_itr1_w16.bin
mnist,cnn1,model_seed42_itr20_sgd_itr1,contrast,1.5,1,98,-3.430645431908488,5.794846103010059,-3.430645431908488,5.794846083010064,true,false,-3.476929277926683,-3.476929277926683,-0.0,-5.4040301620261744e-5,FLIPPED,n/a,false,false,-3.4769292779266836,NaN,false,n/a,true,2.3179168250833753,5.794846103010059,3.004,mnist__cnn1__contrast__1.5__model_seed42_itr20_sgd_itr1_w17.bin
mnist,cnn1,model_seed42_itr20_sgd_itr1,contrast,1.5,1,99,-3.430645431908488,5.794846103010059,-3.430645431908488,5.794846103010059,true,true,-5.794846103010059,-0.8792078360416526,-0.0,-0.8792078360416526,FLIPPED,SAFE,false,true,-3.476929277926683,-0.0,false,false,true,0.5861025304933549,1.4653103665350071,1.341,mnist__cnn1__contrast__1.5__model_seed42_itr20_sgd_itr1_w18.bin
mnist,cnn1,model_seed42_itr20_sgd_itr1,contrast,1.5,1,100,-3.430645431908488,5.794846103010059,-3.430645431908488,5.794846103010059,true,true,-3.476929277926683,-3.476929277926683,-0.0,-3.476929277926683,FLIPPED,SAFE,false,true,-3.476929277926683,-0.0,false,false,true,2.3179168250833753,5.794846103010059,2.324,mnist__cnn1__contrast__1.5__model_seed42_itr20_sgd_itr1_w19.bin
mnist,cnn1,model_seed42_itr20_sgd_itr1,contrast,1.5,1,101,-3.430645431908488,5.794846103010059,-3.430645431908488,5.794846103010059,true,true,-3.476929277926683,-3.476929277926683,-0.0,-3.476929277926683,FLIPPED,SAFE,false,true,-3.476929277926683,-0.0,false,false,true,2.3179168250833753,5.794846103010059,2.384,mnist__cnn1__contrast__1.5__model_seed42_itr20_sgd_itr1_w20.bin
mnist,cnn1,model_seed42_itr20_sgd_itr1,contrast,1.5,1,102,-3.430645431908488,5.794846103010059,-3.430645431908488,5.794846103010059,true,true,-3.476929277926683,-3.476929277926683,-0.0,-5.4040301620261744e-5,FLIPPED,SAFE,false,true,-3.4769292779266827,5.235321470231646e-6,false,false,true,2.3179168250833753,5.794846103010059,4.931,mnist__cnn1__contrast__1.5__model_seed42_itr20_sgd_itr1_w21.bin
mnist,cnn1,model_seed42_itr20_sgd_itr1,contrast,1.5,1,103,-3.430645431908488,5.794846103010059,-3.430645431908488,5.794846083568166,true,false,-3.4769292779266827,-0.004601746318444455,-0.0,-0.004601746318444455,FLIPPED,n/a,false,false,-3.476929277926683,NaN,false,n/a,true,4.058891372242506,4.063493120515119,4.674,mnist__cnn1__contrast__1.5__model_seed42_itr20_sgd_itr1_w22.bin
mnist,cnn1,model_seed42_itr20_sgd_itr1,contrast,1.5,1,104,-3.430645431908488,5.794846103010059,-3.430645431908488,5.794846042507231,true,false,-5.794846042507231,-0.7834609826327626,4.440892098500626e-16,-0.7834609826327626,FLIPPED,n/a,false,false,-3.476929277926683,NaN,false,n/a,true,0.5222712948874288,1.3057322775201914,1.861,mnist__cnn1__contrast__1.5__model_seed42_itr20_sgd_itr1_w23.bin
mnist,cnn1,model_seed42_itr20_sgd_itr1,contrast,1.5,1,105,-3.430645431908488,5.794846103010059,-3.430645431908488,5.794846084007267,true,false,-5.794846084007267,-0.5861255788603819,4.440892098500626e-16,-0.5861255788603819,FLIPPED,n/a,false,false,-3.476929277926683,NaN,false,n/a,true,0.3907143590391747,0.9768399378995567,1.841,mnist__cnn1__contrast__1.5__model_seed42_itr20_sgd_itr1_w24.bin
mnist,cnn1,model_seed42_itr20_sgd_itr1,contrast,1.5,1,106,-3.430645431908488,5.794846103010059,-3.4306454038644505,5.794846103010059,false,true,-5.794846103010059,-0.5063269178637051,-0.0,-0.5063269178637051,n/a,SAFE,false,true,NaN,5.047942904284456e-6,n/a,false,false,NaN,NaN,1.349,
mnist,cnn1,model_seed42_itr20_sgd_itr1,contrast,1.5,1,107,-3.430645431908488,5.794846103010059,-3.430645431908488,5.794846103010059,true,true,-3.476929277926683,-3.476929277926683,-0.0,-3.476929277926683,FLIPPED,SAFE,false,true,-3.476929277926683,-0.0,false,false,true,2.3179168250833753,5.794846103010059,3.38,mnist__cnn1__contrast__1.5__model_seed42_itr20_sgd_itr1_w25.bin
mnist,cnn1,model_seed42_itr20_sgd_itr1,contrast,1.5,1,108,-3.430645431908488,5.794846103010059,-3.430645431908488,5.794846103010059,true,true,-3.476929277926683,-3.476929277926683,-0.0,-3.476929277926683,FLIPPED,SAFE,false,true,-3.476929277926683,-0.0,false,false,true,2.3179168250833753,5.794846103010059,2.195,mnist__cnn1__contrast__1.5__model_seed42_itr20_sgd_itr1_w26.bin
mnist,cnn1,model_seed42_itr20_sgd_itr1,contrast,1.5,1,109,-3.430645431908488,5.794846103010059,-3.430645431908488,5.794846103010059,true,true,-3.476929277926683,-3.476929277926683,-0.0,-3.476929277926683,FLIPPED,SAFE,false,true,-3.476929277926683,-0.0,false,false,true,2.3179168250833753,5.794846103010059,4.195,mnist__cnn1__contrast__1.5__model_seed42_itr20_sgd_itr1_w27.bin
mnist,cnn1,model_seed42_itr20_sgd_itr1,contrast,1.5,1,110,-3.430645431908488,5.794846103010059,-3.430645431908488,5.794846103010059,true,true,-3.4769292779266845,-3.4769292779266845,-0.0,-3.4769292779266845,FLIPPED,SAFE,false,true,-3.4769292779266845,5.248279124570043e-6,false,false,true,2.3179168250833753,5.794846103010059,2.329,mnist__cnn1__contrast__1.5__model_seed42_itr20_sgd_itr1_w28.bin
mnist,cnn1,model_seed42_itr20_sgd_itr1,contrast,1.5,1,111,-3.430645431908488,5.794846103010059,-3.430645431908488,5.794846083010047,true,false,-3.476929277926683,-3.4769292659266764,-0.0,-3.4769292659266764,FLIPPED,n/a,false,false,-3.4769292659266764,NaN,false,n/a,true,2.3179168170833706,5.794846083010047,5.251,mnist__cnn1__contrast__1.5__model_seed42_itr20_sgd_itr1_w29.bin
mnist,cnn1,model_seed42_itr20_sgd_itr1,contrast,1.5,1,112,-3.430645431908488,5.794846103010059,-3.430645431908488,5.794846103010059,true,true,-5.794846103010059,-1.4397774104242047,-0.0,-1.4397774104242047,FLIPPED,SAFE,false,true,-3.476929277926683,-0.0,false,false,true,0.959815580081723,2.3995929905059277,2.077,mnist__cnn1__contrast__1.5__model_seed42_itr20_sgd_itr1_w30.bin
mnist,cnn1,model_seed42_itr20_sgd_itr1,contrast,1.5,1,113,-3.430645431908488,5.794846103010059,-3.4306454037830765,5.794846103010059,false,true,-3.476929277926683,-3.476929277926683,1.3322676295501878e-15,-3.476929277926683,n/a,SAFE,false,true,NaN,-0.0,n/a,false,false,NaN,NaN,3.766,
mnist,cnn1,model_seed42_itr20_sgd_itr1,contrast,1.5,1,114,-3.430645431908488,5.794846103010059,-3.430645431908488,5.794846103010059,true,true,-3.476929277926683,-3.4477420750864023,-0.0,-3.4477420750864023,FLIPPED,SAFE,false,true,-3.476929277926683,-0.0,false,false,true,2.2984586898565516,5.746200764943,2.445,mnist__cnn1__contrast__1.5__model_seed42_itr20_sgd_itr1_w31.bin
mnist,cnn1,model_seed42_itr20_sgd_itr1,contrast,1.5,1,115,-3.430645431908488,5.794846103010059,-3.430645431908488,5.794846103010059,true,true,-3.476929277926683,-3.476929277926683,-0.0,-3.476929277926683,FLIPPED,SAFE,false,true,-3.476929277926683,-0.0,false,false,true,2.3179168250833753,5.794846103010059,3.464,mnist__cnn1__contrast__1.5__model_seed42_itr20_sgd_itr1_w32.bin
mnist,cnn1,model_seed42_itr20_sgd_itr1,contrast,1.5,1,116,-3.430645431908488,5.794846103010059,-3.430645431908488,5.794846047390865,true,false,-3.476929277926683,-3.476929277926683,-0.0,-5.4040301620261744e-5,FLIPPED,n/a,false,false,-3.476929244555167,NaN,false,n/a,true,2.3179168250833753,5.794846103010059,3.036,mnist__cnn1__contrast__1.5__model_seed42_itr20_sgd_itr1_w33.bin
mnist,cnn1,model_seed42_itr20_sgd_itr1,contrast,1.5,1,117,-3.430645431908488,5.794846103010059,-3.430645431908488,5.794846103010059,true,true,-5.794846103010059,-0.8882464317649404,-0.0,-5.40403016206605e-5,FLIPPED,SAFE,false,true,-3.476929277926683,5.2451701056249744e-6,false,false,true,0.5921282609755469,1.4803746927404873,1.863,mnist__cnn1__contrast__1.5__model_seed42_itr20_sgd_itr1_w34.bin
mnist,cnn1,model_seed42_itr20_sgd_itr1,contrast,1.5,1,118,-3.430645431908488,5.794846103010059,-3.430645431908488,5.794846103010059,true,true,-3.476929277926683,-3.476929277926683,-0.0,-3.476929277926683,FLIPPED,SAFE,false,true,-3.476929277926683,-0.0,false,false,true,2.3179168250833753,5.794846103010059,3.948,mnist__cnn1__contrast__1.5__model_seed42_itr20_sgd_itr1_w35.bin
mnist,cnn1,model_seed42_itr20_sgd_itr1,contrast,1.5,1,119,-3.430645431908488,5.794846103010059,-3.430645431908488,5.794846103010059,true,true,-3.476929277926683,-3.476929277926683,-0.0,-3.476929277926683,FLIPPED,SAFE,false,true,-3.476929277926683,-0.0,false,false,true,2.3179168250833753,5.794846103010059,3.461,mnist__cnn1__contrast__1.5__model_seed42_itr20_sgd_itr1_w36.bin
mnist,cnn1,model_seed42_itr20_sgd_itr1,contrast,1.5,1,120,-3.430645431908488,5.794846103010059,-3.430645431908488,5.794846083009023,true,false,-3.476929277926683,-3.476929277926683,-0.0,-3.476929257925592,FLIPPED,n/a,false,false,-3.476929257925592,NaN,false,n/a,true,2.3179168250833753,5.794846103010059,2.914,mnist__cnn1__contrast__1.5__model_seed42_itr20_sgd_itr1_w37.bin
mnist,cnn1,model_seed42_itr20_sgd_itr1,contrast,1.5,1,121,-3.430645431908488,5.794846103010059,-3.430645431908488,5.794846103010059,true,true,-5.794846103010059,-0.8919145880172981,-0.0,-0.8919145880172981,FLIPPED,SAFE,false,true,-2.9912771291765616,-0.0,false,false,true,0.5945736984770873,1.4864882864943385,1.414,mnist__cnn1__contrast__1.5__model_seed42_itr20_sgd_itr1_w38.bin
mnist,cnn1,model_seed42_itr20_sgd_itr1,contrast,1.5,1,122,-3.430645431908488,5.794846103010059,-3.430645431908488,5.794846103010059,true,true,-3.476929277926683,-3.476929277926683,1.1102230246251565e-15,-3.476929277926683,FLIPPED,SAFE,false,true,-3.476929277926683,-0.0,false,false,true,2.3179168250833753,5.794846103010059,3.16,mnist__cnn1__contrast__1.5__model_seed42_itr20_sgd_itr1_w39.bin
mnist,cnn1,model_seed42_itr20_sgd_itr1,contrast,1.5,1,123,-3.430645431908488,5.794846103010059,-3.430645431908488,5.794846083583268,true,false,-3.4769292779266845,-3.4769292779266845,-0.0,-5.40403016206605e-5,FLIPPED,n/a,false,false,-3.476929266270609,NaN,false,n/a,true,2.3179168250833753,5.794846103010059,2.798,mnist__cnn1__contrast__1.5__model_seed42_itr20_sgd_itr1_w40.bin
mnist,cnn1,model_seed42_itr20_sgd_itr1,contrast,1.5,1,124,-3.430645431908488,5.794846103010059,-3.430645431908488,5.794846103010059,true,true,-5.794846103010059,-0.9510715677544984,-0.0,-0.0,FLIPPED,SAFE,true,true,-1.7458745560361422e-9,-0.0,true,false,true,0.6340116849685853,1.5850832527230831,1.682,mnist__cnn1__contrast__1.5__model_seed42_itr20_sgd_itr1_w41.bin
mnist,cnn1,model_seed42_itr20_sgd_itr1,contrast,1.5,1,125,-3.430645431908488,5.794846103010059,-3.430645431908488,5.794846103010059,true,true,-3.4769292779266845,-3.4769292779266845,-0.0,-3.4769292779266845,FLIPPED,SAFE,false,true,-3.4769292779266845,5.275777859276021e-6,false,false,true,2.3179168250833753,5.794846103010059,2.729,mnist__cnn1__contrast__1.5__model_seed42_itr20_sgd_itr1_w42.bin
mnist,cnn1,model_seed42_itr20_sgd_itr1,contrast,1.5,1,126,-3.430645431908488,5.794846103010059,-3.430645431908488,5.794846103010059,true,true,-3.476929277926683,-3.476929277926683,-0.0,-3.476929277926683,FLIPPED,SAFE,false,true,-3.476929277926683,-0.0,false,false,true,2.3179168250833753,5.794846103010059,4.163,mnist__cnn1__contrast__1.5__model_seed42_itr20_sgd_itr1_w43.bin
mnist,cnn1,model_seed42_itr20_sgd_itr1,contrast,1.5,1,127,-3.430645431908488,5.794846103010059,-3.430645431908488,5.794846103010059,true,true,-3.476929277926683,-3.476929277926683,-0.0,-3.476929277926683,FLIPPED,SAFE,false,true,-3.476929277926683,-0.0,false,false,true,2.3179168250833753,5.794846103010059,3.14,mnist__cnn1__contrast__1.5__model_seed42_itr20_sgd_itr1_w44.bin
mnist,cnn1,model_seed42_itr20_sgd_itr1,contrast,1.5,1,128,-3.430645431908488,5.794846103010059,-3.430645431908488,5.794846103010059,true,true,-3.476929277926683,-3.476929277926683,-0.0,-0.0,FLIPPED,SAFE,false,true,-3.476929277926683,-0.0,false,false,true,2.3179168250833753,5.794846103010059,1.803,mnist__cnn1__contrast__1.5__model_seed42_itr20_sgd_itr1_w45.bin
mnist,cnn1,model_seed42_itr20_sgd_itr1,contrast,1.5,1,129,-3.430645431908488,5.794846103010059,-3.430645431908488,5.794846103010059,true,true,-3.476929277926683,-3.476929277926683,-0.0,-5.4040301620261744e-5,FLIPPED,SAFE,false,true,-3.4769292779266827,-0.0,false,false,true,2.3179168250833753,5.794846103010059,2.383,mnist__cnn1__contrast__1.5__model_seed42_itr20_sgd_itr1_w46.bin
mnist,cnn1,model_seed42_itr20_sgd_itr1,contrast,1.5,1,130,-3.430645431908488,5.794846103010059,-3.430645431908488,5.794846103010059,true,true,-3.476929277926683,-3.476929277926683,-0.0,-3.476929277926683,FLIPPED,SAFE,false,true,-3.476929277926683,-0.0,false,false,true,2.3179168250833753,5.794846103010059,3.648,mnist__cnn1__contrast__1.5__model_seed42_itr20_sgd_itr1_w47.bin
mnist,cnn1,model_seed42_itr20_sgd_itr1,contrast,1.5,1,131,-3.430645431908488,5.794846103010059,-3.430645431908488,5.794846103010059,true,true,-3.476929277926683,-3.476929277926683,-0.0,-5.4040301620261744e-5,FLIPPED,SAFE,false,true,-3.476929277926683,-0.0,false,false,true,2.3179168250833753,5.794846103010059,3.706,mnist__cnn1__contrast__1.5__model_seed42_itr20_sgd_itr1_w48.bin
mnist,cnn1,model_seed42_itr20_sgd_itr1,contrast,1.5,1,132,-3.430645431908488,5.794846103010059,-3.430645431908488,5.79484604590976,true,false,-3.476929277926683,-3.476929277926683,-0.0,-3.4769292208264453,FLIPPED,n/a,false,false,-3.4769292208264453,NaN,false,n/a,true,2.3179168250833753,5.794846103010059,3.401,mnist__cnn1__contrast__1.5__model_seed42_itr20_sgd_itr1_w49.bin
mnist,cnn1,model_seed42_itr20_sgd_itr1,contrast,1.5,1,133,-3.430645431908488,5.794846103010059,-3.430645431908488,5.794846103010059,true,true,-5.794846103010059,-0.8805284451956481,-0.0,-0.0,FLIPPED,SAFE,false,true,-3.476929277926683,-0.0,false,false,true,0.5869829365959945,1.4675113817916061,2.775,mnist__cnn1__contrast__1.5__model_seed42_itr20_sgd_itr1_w50.bin
mnist,cnn1,model_seed42_itr20_sgd_itr1,contrast,1.5,1,134,-3.430645431908488,5.794846103010059,-3.4306454039011776,5.794846103010059,false,true,-3.4769292779265215,-3.4769292779265215,-0.0,-3.4769292779265215,n/a,SAFE,false,true,NaN,-0.0,n/a,false,false,NaN,NaN,3.006,
mnist,cnn1,model_seed42_itr20_sgd_itr1,contrast,1.5,1,135,-3.430645431908488,5.794846103010059,-3.430645431908488,5.794846103010059,true,true,-3.476929277926683,-3.476929277926683,-0.0,-3.476929277926683,FLIPPED,SAFE,false,true,-3.476929277926683,-0.0,false,false,true,2.3179168250833753,5.794846103010059,2.801,mnist__cnn1__contrast__1.5__model_seed42_itr20_sgd_itr1_w51.bin
mnist,cnn1,model_seed42_itr20_sgd_itr1,contrast,1.5,1,136,-3.430645431908488,5.794846103010059,-3.430645431908488,5.794846103010059,true,true,-3.4769292779266836,-3.4769292779266836,-0.0,-3.4769292779266836,FLIPPED,SAFE,false,true,-3.4769292779266836,-0.0,false,false,true,2.3179168250833753,5.794846103010059,3.291,mnist__cnn1__contrast__1.5__model_seed42_itr20_sgd_itr1_w52.bin
mnist,cnn1,model_seed42_itr20_sgd_itr1,contrast,1.5,1,137,-3.430645431908488,5.794846103010059,-3.430645431908488,5.794846103010059,true,true,-3.476929277926683,-3.476929277926683,-0.0,-0.0,FLIPPED,SAFE,false,true,-3.4769292779266188,-0.0,false,false,true,2.3179168250833753,5.794846103010059,6.921,mnist__cnn1__contrast__1.5__model_seed42_itr20_sgd_itr1_w53.bin
mnist,cnn1,model_seed42_itr20_sgd_itr1,contrast,1.5,1,138,-3.430645431908488,5.794846103010059,-3.430645431908488,5.794846103010059,true,true,-3.476929277926683,-3.476929277926683,4.440892098500626e-16,-3.476929277926683,FLIPPED,SAFE,false,true,-3.476929277926683,-0.0,false,false,true,2.3179168250833753,5.794846103010059,4.421,mnist__cnn1__contrast__1.5__model_seed42_itr20_sgd_itr1_w54.bin
mnist,cnn1,model_seed42_itr20_sgd_itr1,contrast,1.5,1,139,-3.430645431908488,5.794846103010059,-3.430645431908488,5.7948459801920915,true,false,-3.4769292779266827,-3.4758262376757805,-0.0,-0.0,FLIPPED,n/a,false,false,-3.476929277926683,NaN,false,n/a,true,2.317181464916107,5.793007702591888,8.944,mnist__cnn1__contrast__1.5__model_seed42_itr20_sgd_itr1_w55.bin
mnist,cnn1,model_seed42_itr20_sgd_itr1,contrast,1.5,1,140,-3.430645431908488,5.794846103010059,-3.430645431908488,5.794846103010059,true,true,-5.794846103010059,-1.3984037141372918,-0.0,-5.4040301620261744e-5,FLIPPED,SAFE,false,true,-3.476929277926683,-0.0,false,false,true,0.9322331158904473,2.3306368300277387,2.452,mnist__cnn1__contrast__1.5__model_seed42_itr20_sgd_itr1_w56.bin
mnist,cnn1,model_seed42_itr20_sgd_itr1,contrast,1.5,1,141,-3.430645431908488,5.794846103010059,-3.430645431908488,5.79484608368673,true,false,-3.476929277926683,-3.476929277926683,-0.0,-5.4040301620261744e-5,FLIPPED,n/a,false,false,-3.4769292663326863,NaN,false,n/a,true,2.3179168250833753,5.794846103010059,3.61,mnist__cnn1__contrast__1.5__model_seed42_itr20_sgd_itr1_w57.bin
mnist,cnn1,model_seed42_itr20_sgd_itr1,contrast,1.5,1,142,-3.430645431908488,5.794846103010059,-3.430645431908488,5.794846103010059,true,true,-5.794846103010059,-0.8916789285201252,-0.0,-0.8916789285201252,FLIPPED,SAFE,false,true,-2.994925374828851,-0.0,false,false,true,0.59441659214567,1.4860955206657949,2.393,mnist__cnn1__contrast__1.5__model_seed42_itr20_sgd_itr1_w58.bin
mnist,cnn1,model_seed42_itr20_sgd_itr1,contrast,1.5,1,143,-3.430645431908488,5.794846103010059,-3.430645431908488,5.794846103010059,true,true,-3.4769292779266125,-3.4769292779266125,-0.0,-3.4769292779266125,FLIPPED,SAFE,false,true,-3.4769292779266125,-0.0,false,false,true,2.3179168250833753,5.794846103010059,4.58,mnist__cnn1__contrast__1.5__model_seed42_itr20_sgd_itr1_w59.bin
mnist,cnn1,model_seed42_itr20_sgd_itr1,contrast,1.5,1,144,-3.430645431908488,5.794846103010059,-3.430645431908488,5.794846083010064,true,false,-3.476929277926683,-3.476929277926683,-0.0,-0.22334438783050065,FLIPPED,n/a,false,false,-3.4769292659266866,NaN,false,n/a,true,2.3179168250833753,5.794846103010059,3.338,mnist__cnn1__contrast__1.5__model_seed42_itr20_sgd_itr1_w60.bin
mnist,cnn1,model_seed42_itr20_sgd_itr1,contrast,1.5,1,145,-3.430645431908488,5.794846103010059,-3.430645431908488,5.794846103010059,true,true,-3.476929277926683,-3.476929277926683,-0.0,-3.476929277926683,FLIPPED,SAFE,false,true,-3.476929277926683,5.275777859789499e-6,false,false,true,2.3179168250833753,5.794846103010059,3.323,mnist__cnn1__contrast__1.5__model_seed42_itr20_sgd_itr1_w61.bin
mnist,cnn1,model_seed42_itr20_sgd_itr1,contrast,1.5,1,146,-3.430645431908488,5.794846103010059,-3.430645431908488,5.794846103010059,true,true,-3.476929277926683,-3.476929277926683,4.440892098500626e-16,-3.476929277926683,FLIPPED,SAFE,false,true,-3.476929277926683,-0.0,false,false,true,2.3179168250833753,5.794846103010059,1.793,mnist__cnn1__contrast__1.5__model_seed42_itr20_sgd_itr1_w62.bin
mnist,cnn1,model_seed42_itr20_sgd_itr1,contrast,1.5,1,147,-3.430645431908488,5.794846103010059,-3.430645431908488,5.794846103010059,true,true,-3.476929277926683,-3.476929277926683,-0.0,-5.4040301620261744e-5,FLIPPED,SAFE,false,true,-3.4769292779266827,-0.0,false,false,true,2.3179168250833753,5.794846103010059,3.477,mnist__cnn1__contrast__1.5__model_seed42_itr20_sgd_itr1_w63.bin
mnist,cnn1,model_seed42_itr20_sgd_itr1,contrast,1.5,1,148,-3.430645431908488,5.794846103010059,-3.430645431908488,5.794846103010059,true,true,-3.476929277926683,-3.476929277926683,-0.0,-3.476929277926683,FLIPPED,SAFE,false,true,-3.476929277926683,5.272931682981374e-6,false,false,true,2.3179168250833753,5.794846103010059,4.239,mnist__cnn1__contrast__1.5__model_seed42_itr20_sgd_itr1_w64.bin
mnist,cnn1,model_seed42_itr20_sgd_itr1,contrast,1.5,1,149,-3.430645431908488,5.794846103010059,-3.430645431908488,5.794846083538209,true,false,-3.4769292779266827,-0.32697296824478284,-0.0,-0.32697296824478284,FLIPPED,n/a,false,false,-3.4769292584547964,NaN,false,n/a,true,1.7477178181546367,2.074690786398314,7.937,mnist__cnn1__contrast__1.5__model_seed42_itr20_sgd_itr1_w65.bin
mnist,cnn1,model_seed42_itr20_sgd_itr1,contrast,1.5,1,150,-3.430645431908488,5.794846103010059,-3.430645431908488,5.794846103010059,true,true,-5.794846103010059,-0.8957089036703767,-0.0,-5.4040301620261744e-5,FLIPPED,SAFE,false,true,-3.4769292779266827,-0.0,false,false,true,0.5971032422457939,1.4928121459161048,2.337,mnist__cnn1__contrast__1.5__model_seed42_itr20_sgd_itr1_w66.bin
mnist,cnn1,model_seed42_itr20_sgd_itr1,contrast,1.5,1,151,-3.430645431908488,5.794846103010059,-3.4306454040361087,5.794846103010059,false,true,-3.476929277926684,-3.476929277926684,-0.0,-3.476929277926684,n/a,SAFE,false,true,NaN,-0.0,n/a,false,false,NaN,NaN,3.924,
mnist,cnn1,model_seed42_itr20_sgd_itr1,contrast,1.5,1,152,-3.430645431908488,5.794846103010059,-3.430645431908488,5.794846103010059,true,true,-3.476929277926683,-3.476929277926683,-0.0,-3.476929277926683,FLIPPED,SAFE,false,true,-3.476929277926683,-0.0,false,false,true,2.3179168250833753,5.794846103010059,3.31,mnist__cnn1__contrast__1.5__model_seed42_itr20_sgd_itr1_w67.bin
mnist,cnn1,model_seed42_itr20_sgd_itr1,contrast,1.5,1,153,-3.430645431908488,5.794846103010059,-3.430645431908488,5.794846103010059,true,true,-3.476929277926683,-3.476929277926683,-0.0,-5.4040301620261744e-5,FLIPPED,SAFE,false,true,-3.4769292779266827,5.529852843549898e-6,false,false,true,2.3179168250833753,5.794846103010059,4.656,mnist__cnn1__contrast__1.5__model_seed42_itr20_sgd_itr1_w68.bin
mnist,cnn1,model_seed42_itr20_sgd_itr1,contrast,1.5,1,154,-3.430645431908488,5.794846103010059,-3.430645431908488,5.794846103010059,true,true,-3.4769292779266845,-3.4769292779266845,1.3322676295501878e-15,-5.4040301620261744e-5,FLIPPED,SAFE,false,true,-3.4769292779266827,-0.0,false,false,true,2.3179168250833753,5.794846103010059,5.285,mnist__cnn1__contrast__1.5__model_seed42_itr20_sgd_itr1_w69.bin
mnist,cnn1,model_seed42_itr20_sgd_itr1,contrast,1.5,1,155,-3.430645431908488,5.794846103010059,-3.430645431908488,5.794846045230596,true,false,-3.4769292779266827,-3.475826237675782,-0.0,-3.475826237675782,FLIPPED,n/a,false,false,-3.476929253819198,NaN,false,n/a,true,2.317181464916107,5.793007702591888,4.758,mnist__cnn1__contrast__1.5__model_seed42_itr20_sgd_itr1_w70.bin
mnist,cnn1,model_seed42_itr20_sgd_itr1,contrast,1.5,1,156,-3.430645431908488,5.794846103010059,-3.430645431908488,5.794846103010059,true,true,-5.794846103010059,-0.8957089036703109,-0.0,-0.8957089036703109,FLIPPED,SAFE,false,true,-3.476929277926683,-0.0,false,false,true,0.5971032422457939,1.4928121459161048,1.779,mnist__cnn1__contrast__1.5__model_seed42_itr20_sgd_itr1_w71.bin
mnist,cnn1,model_seed42_itr20_sgd_itr1,contrast,1.5,1,157,-3.430645431908488,5.794846103010059,-3.430645431908488,5.794846103010059,true,true,-3.476929277926683,-3.476929277926683,-0.0,-3.476929277926683,FLIPPED,SAFE,false,true,-3.476929277926683,-0.0,false,false,true,2.3179168250833753,5.794846103010059,2.693,mnist__cnn1__contrast__1.5__model_seed42_itr20_sgd_itr1_w72.bin
mnist,cnn1,model_seed42_itr20_sgd_itr1,contrast,1.5,1,158,-3.430645431908488,5.794846103010059,-3.430645431908488,5.7948460411492775,true,false,-3.476929277926683,-3.476929277926683,2.220446049250313e-16,-3.476929277926683,FLIPPED,n/a,false,false,-3.476929277926683,NaN,false,n/a,true,2.3179168250833753,5.794846103010059,2.196,mnist__cnn1__contrast__1.5__model_seed42_itr20_sgd_itr1_w73.bin
mnist,cnn1,model_seed42_itr20_sgd_itr1,contrast,1.5,1,159,-3.430645431908488,5.794846103010059,-3.430645431908488,5.794846103010059,true,true,-5.794846103010059,-0.7926208065266012,-0.0,-0.7926208065266012,FLIPPED,SAFE,false,true,-3.476929277926683,-0.0,false,false,true,0.5283778441499875,1.3209986506765885,1.381,mnist__cnn1__contrast__1.5__model_seed42_itr20_sgd_itr1_w74.bin
mnist,cnn1,model_seed42_itr20_sgd_itr1,contrast,1.5,1,160,-3.430645431908488,5.794846103010059,-3.430645431908488,5.794846103010059,true,true,-3.476929277926683,-3.476929277926683,4.440892098500626e-16,-3.476929277926683,FLIPPED,SAFE,false,true,-3.476929277926683,-0.0,false,false,true,2.3179168250833753,5.794846103010059,3.442,mnist__cnn1__contrast__1.5__model_seed42_itr20_sgd_itr1_w75.bin
mnist,cnn1,model_seed42_itr20_sgd_itr1,contrast,1.5,1,161,-3.430645431908488,5.794846103010059,-3.430645431908488,5.794846047270201,true,false,-3.476929277926683,-3.476929277926683,-0.0,-5.4040301620261744e-5,FLIPPED,n/a,false,false,-3.4769292444827684,NaN,false,n/a,true,2.3179168250833753,5.794846103010059,3.382,mnist__cnn1__contrast__1.5__model_seed42_itr20_sgd_itr1_w76.bin
mnist,cnn1,model_seed42_itr20_sgd_itr1,contrast,1.5,1,162,-3.430645431908488,5.794846103010059,-3.430645431908488,5.794846103010059,true,true,-5.794846103010059,-0.8957089036703111,-0.0,-0.8957089036703111,FLIPPED,SAFE,false,true,-3.476929277926684,-0.0,false,false,true,0.5971032422457939,1.4928121459161048,0.968,mnist__cnn1__contrast__1.5__model_seed42_itr20_sgd_itr1_w77.bin
mnist,cnn1,model_seed42_itr20_sgd_itr1,contrast,1.5,1,244,-0.3186586964293383,7.687329071632121,-0.3186586964293383,7.687329071632121,true,true,-4.612027162313462,-4.612027162313462,0.18838889908588352,0.0003668944126461321,WRONG,WRONG,false,true,-4.612027162313462,-0.0,false,true,true,3.07530190931866,7.687329071632121,8.99,mnist__cnn1__contrast__1.5__model_seed42_itr20_sgd_itr1_w78.bin
mnist,cnn1,model_seed42_itr20_sgd_itr1,contrast,1.5,1,245,-0.3186586964293383,7.687329071632121,-0.3186586964293383,7.687329071632121,true,true,-4.612027162313462,-4.612027162313462,0.1902563160881742,0.00030030838277108056,WRONG,WRONG,false,true,-4.612027162313462,-0.0,false,true,true,3.07530190931866,7.687329071632121,2.398,mnist__cnn1__contrast__1.5__model_seed42_itr20_sgd_itr1_w79.bin
mnist,cnn1,model_seed42_itr20_sgd_itr1,contrast,1.5,1,246,-0.3186586964293383,7.687329071632121,-0.3186586964293383,7.687329071632121,true,true,-4.612027162313462,-0.0005131264338333885,0.000914607135360545,0.00037026316373388004,WRONG,WRONG,false,false,Inf,0.0003703067688713424,false,false,true,2.4088696175223285,2.4093827428272876,21.316,mnist__cnn1__contrast__1.5__model_seed42_itr20_sgd_itr1_w80.bin
mnist,cnn1,model_seed42_itr20_sgd_itr1,contrast,1.5,1,247,-0.3186586964293383,7.687329071632121,-0.3186586964293383,7.687329071632121,true,true,-7.687329071632121,-0.65560943130611,0.18838889908588263,0.0002314254161319696,WRONG,WRONG,false,true,-4.612027162313462,7.874004112728983e-6,false,true,true,0.437690088647092,1.0932995199532018,5.019,mnist__cnn1__contrast__1.5__model_seed42_itr20_sgd_itr1_w81.bin
mnist,cnn1,model_seed42_itr20_sgd_itr1,contrast,1.5,1,248,-0.3186586964293383,7.687329071632121,-0.3186586964293383,7.687329071632121,true,true,-4.612027162313462,-4.612027162313462,0.000914805773277,0.000370263168592834,WRONG,WRONG,false,true,-4.612027162313462,-0.0,false,true,true,3.07530190931866,7.687329071632121,14.56,mnist__cnn1__contrast__1.5__model_seed42_itr20_sgd_itr1_w82.bin
mnist,cnn1,model_seed42_itr20_sgd_itr1,contrast,1.5,1,249,-0.3186586964293383,7.687329071632121,-0.3186586964293383,7.687329071632121,true,true,-4.612027162313462,-4.612027162313462,0.18838889908588327,0.00036948197084647007,WRONG,WRONG,false,true,-4.612027162313462,-0.0,false,true,true,3.07530190931866,7.687329071632121,6.58,mnist__cnn1__contrast__1.5__model_seed42_itr20_sgd_itr1_w83.bin
mnist,cnn1,model_seed42_itr20_sgd_itr1,contrast,1.5,1,250,-0.3186586964293383,7.687329071632121,-0.3186586964293383,7.687329071632121,true,true,-4.612027162313462,-4.612027162313462,0.0009255901033355753,0.00037026281472989976,WRONG,WRONG,false,false,-4.612027162313412,0.00037026338415702256,false,false,true,3.07530190931866,7.687329071632121,12.459,mnist__cnn1__contrast__1.5__model_seed42_itr20_sgd_itr1_w84.bin
mnist,cnn1,model_seed42_itr20_sgd_itr1,contrast,1.5,1,251,-0.3186586964293383,7.687329071632121,-0.3186586964293383,7.687329071632121,true,true,-7.687329071632121,-0.019746255568346645,0.18838889908588377,0.00037026338415702256,WRONG,WRONG,false,true,-4.612027162313462,-0.0,false,true,true,0.01378284088144259,0.03352909644978925,1.568,mnist__cnn1__contrast__1.5__model_seed42_itr20_sgd_itr1_w85.bin
mnist,cnn1,model_seed42_itr20_sgd_itr1,contrast,1.5,1,252,-0.3186586964293383,7.687329071632121,-0.3186586964293383,7.687329071632121,true,true,-4.612027162313462,-4.612027162313462,0.0009139349820696389,0.0002565094122209269,WRONG,WRONG,false,true,-4.612027162313462,-0.0,false,true,true,3.07530190931866,7.687329071632121,34.839,mnist__cnn1__contrast__1.5__model_seed42_itr20_sgd_itr1_w86.bin
mnist,cnn1,model_seed42_itr20_sgd_itr1,contrast,1.5,1,253,-0.3186586964293383,7.687329071632121,-0.3186586964293383,7.687329071632121,true,true,-4.612027162313462,-4.612027162313462,0.18838889908588352,0.0003702771910379876,WRONG,WRONG,false,true,-4.612027162313462,2.1713947820723285e-5,false,true,true,3.07530190931866,7.687329071632121,10.076,mnist__cnn1__contrast__1.5__model_seed42_itr20_sgd_itr1_w87.bin
mnist,cnn1,model_seed42_itr20_sgd_itr1,contrast,1.5,1,254,-0.3186586964293383,7.687329071632121,-0.3186586964293383,7.687329051842212,true,false,-4.612027162313462,-4.612027162313462,0.0593260340637884,0.0001159779567769647,WRONG,n/a,false,false,-4.612027161525772,NaN,false,n/a,true,3.07530190931866,7.687329071632121,23.271,mnist__cnn1__contrast__1.5__model_seed42_itr20_sgd_itr1_w88.bin
mnist,cnn1,model_seed42_itr20_sgd_itr1,contrast,1.5,1,255,-0.3186586964293383,7.687329071632121,-0.3186586964293383,7.687329071632121,true,true,-7.687329071632121,-0.02978332902502092,0.18838889908588619,0.0003702806658111513,WRONG,WRONG,false,false,Inf,0.0003702806658111513,false,false,true,0.02047268712636576,0.050256016151386695,2.206,mnist__cnn1__contrast__1.5__model_seed42_itr20_sgd_itr1_w89.bin
mnist,cnn1,model_seed42_itr20_sgd_itr1,contrast,1.5,1,256,-0.3186586964293383,7.687329071632121,-0.3186586964293383,7.687329051757299,true,false,-7.687329051757299,-0.04645608000864218,0.1915654985234141,0.0003702806658111513,WRONG,n/a,false,false,-4.612027161522393,NaN,false,n/a,true,0.031587854448780046,0.07804393445742222,1.24,mnist__cnn1__contrast__1.5__model_seed42_itr20_sgd_itr1_w90.bin
mnist,cnn1,model_seed42_itr20_sgd_itr1,contrast,1.5,1,257,-0.3186586964293383,7.687329071632121,-0.3186586964293383,7.687329071632121,true,true,-7.687329071632121,-0.007601053403079809,0.0009255902057412509,0.0003702806658111513,WRONG,WRONG,false,false,Inf,0.0003702806658111513,false,false,true,0.005684503378405113,0.013285556781484908,1.511,mnist__cnn1__contrast__1.5__model_seed42_itr20_sgd_itr1_w91.bin
mnist,cnn1,model_seed42_itr20_sgd_itr1,contrast,1.5,1,258,-0.3186586964293383,7.687329071632121,-0.3186586964293383,7.687329071632121,true,true,-4.612027162313462,-4.612027162313462,0.18838889908588602,0.00036880745303451086,WRONG,WRONG,false,false,-1.0246231797112104,0.00037026321036941743,false,false,true,3.07530190931866,7.687329071632121,3.145,mnist__cnn1__contrast__1.5__model_seed42_itr20_sgd_itr1_w92.bin
mnist,cnn1,model_seed42_itr20_sgd_itr1,contrast,1.5,1,259,-0.3186586964293383,7.687329071632121,-0.3186586964293383,7.687329071632121,true,true,-4.612027162313461,-3.8466969360922194,0.12836483588945952,0.0002489034733285933,WRONG,WRONG,false,true,-4.612027162313462,-0.0,false,true,true,2.5653840020272836,6.4120809381195025,17.367,mnist__cnn1__contrast__1.5__model_seed42_itr20_sgd_itr1_w93.bin
mnist,cnn1,model_seed42_itr20_sgd_itr1,contrast,1.5,1,260,-0.3186586964293383,7.687329071632121,-0.3186586964293383,7.687329071632121,true,true,-4.612027162313462,-4.612027162313462,0.0861674005975045,0.00024849850977978066,WRONG,WRONG,false,false,-4.612027162313462,0.0003702630964857905,false,false,true,3.07530190931866,7.687329071632121,16.271,mnist__cnn1__contrast__1.5__model_seed42_itr20_sgd_itr1_w94.bin
mnist,cnn1,model_seed42_itr20_sgd_itr1,contrast,1.5,1,261,-0.3186586964293383,7.687329071632121,-0.3186586964293383,7.687329071632121,true,true,-7.687329071632121,-0.019383046745388887,0.1915654985234141,0.0003702630964857905,WRONG,WRONG,false,false,-4.612027162313462,0.00037026302455185807,false,false,true,0.013540698512347602,0.03292374525773649,1.704,mnist__cnn1__contrast__1.5__model_seed42_itr20_sgd_itr1_w95.bin
mnist,cnn1,model_seed42_itr20_sgd_itr1,contrast,1.5,1,262,-0.3186586964293383,7.687329071632121,-0.3186586964293383,7.687329071632121,true,true,-7.687329071632121,-0.1503315432072906,0.1883888990858855,0.00037026302455185807,WRONG,WRONG,false,true,-4.612027162313462,5.8654210141062535e-6,false,true,true,0.10085010087760801,0.2511816440848987,1.589,mnist__cnn1__contrast__1.5__model_seed42_itr20_sgd_itr1_w96.bin
mnist,cnn1,model_seed42_itr20_sgd_itr1,contrast,1.5,1,263,-0.3186586964293383,7.687329071632121,-0.3186586964293383,7.687329071632121,true,true,-4.612027162313462,-4.612027162313462,0.18838889908588502,0.00010078098179092804,WRONG,WRONG,false,false,-4.612027162313462,Inf,false,false,true,3.07530190931866,7.687329071632121,5.742,mnist__cnn1__contrast__1.5__model_seed42_itr20_sgd_itr1_w97.bin
mnist,cnn1,model_seed42_itr20_sgd_itr1,contrast,1.5,1,264,-0.3186586964293383,7.687329071632121,-0.3186586964293383,7.687329071632121,true,true,-4.612027162313462,-4.612027162313462,0.18823239873171704,0.00012772115713427512,WRONG,WRONG,false,false,-4.612027162313462,0.00037026321559814563,false,false,true,3.07530190931866,7.687329071632121,14.405,mnist__cnn1__contrast__1.5__model_seed42_itr20_sgd_itr1_w98.bin
mnist,cnn1,model_seed42_itr20_sgd_itr1,contrast,1.5,1,265,-0.3186586964293383,7.687329071632121,-0.3186586964293383,7.687329071632121,true,true,-7.687329071632121,-0.025689026040665437,0.1883888990858837,0.00037026321559814563,WRONG,WRONG,false,false,-4.612027162313462,0.0003702364702244964,false,false,true,0.01774516964265261,0.04343419568331805,1.972,mnist__cnn1__contrast__1.5__model_seed42_itr20_sgd_itr1_w99.bin
mnist,cnn1,model_seed42_itr20_sgd_itr1,contrast,1.5,1,266,-0.3186586964293383,7.687329071632121,-0.3186586964293383,7.6873290519275095,true,false,-7.6873290519275095,-0.08300955273917861,0.18843333833373724,0.0003702364702244964,WRONG,n/a,false,false,-4.612027161529166,NaN,false,n/a,true,0.05597335119124962,0.1389829039304282,1.468,mnist__cnn1__contrast__1.5__model_seed42_itr20_sgd_itr1_w100.bin
mnist,cnn1,model_seed42_itr20_sgd_itr1,contrast,1.5,1,267,-0.3186586964293383,7.687329071632121,-0.3186586964293383,7.6873290516676125,true,false,-4.612027161518823,-0.9785491552999313,0.18838889908579776,0.00037027852185188016,WRONG,n/a,false,false,-4.612027161518823,NaN,false,n/a,true,5.0691096664472814,6.047658821746924,13.17,mnist__cnn1__contrast__1.5__model_seed42_itr20_sgd_itr1_w101.bin
mnist,cnn1,model_seed42_itr20_sgd_itr1,contrast,1.5,1,268,-0.3186586964293383,7.687329071632121,-0.3186586964293383,7.687329071632121,true,true,-4.612027162313462,-4.612027162313462,0.0009143797732523533,0.00025315726235478064,WRONG,WRONG,false,false,-4.612027034994018,0.00037026313477559174,false,false,true,3.07530190931866,7.687329071632121,28.445,mnist__cnn1__contrast__1.5__model_seed42_itr20_sgd_itr1_w102.bin
mnist,cnn1,model_seed42_itr20_sgd_itr1,contrast,1.5,1,269,-0.3186586964293383,7.687329071632121,-0.3186586964293383,7.687329071632121,true,true,-7.687329071632121,-0.04825049950224159,0.18838889908588294,0.000370278659641734,WRONG,WRONG,false,false,-1.068803156708836,0.0002603909198284871,false,false,true,0.03278794167910946,0.08103844118135106,6.278,mnist__cnn1__contrast__1.5__model_seed42_itr20_sgd_itr1_w103.bin
mnist,cnn1,model_seed42_itr20_sgd_itr1,contrast,1.5,1,270,-0.3186586964293383,7.687329071632121,-0.3186586964293383,7.687329071632121,true,true,-7.687329071632121,-0.027476983730216988,0.10461627079652844,0.00024812085903877306,WRONG,WRONG,false,true,-4.612027162313462,-0.0,false,true,true,0.03826144242814764,0.0657384261583646,16.115,mnist__cnn1__contrast__1.5__model_seed42_itr20_sgd_itr1_w104.bin
mnist,cnn1,model_seed42_itr20_sgd_itr1,contrast,1.5,1,271,-0.3186586964293383,7.687329071632121,-0.3186586964293383,7.687329071632121,true,true,-4.612027162313462,-4.612027162313462,0.18823239873172148,0.0002832553570890628,WRONG,WRONG,false,true,-4.612027162313462,3.091968325736588e-5,false,true,true,3.07530190931866,7.687329071632121,5.179,mnist__cnn1__contrast__1.5__model_seed42_itr20_sgd_itr1_w105.bin
mnist,cnn1,model_seed42_itr20_sgd_itr1,contrast,1.5,1,272,-0.3186586964293383,7.687329071632121,-0.3186586964293383,7.68732894601672,true,false,-7.68732894601672,-0.0003903250264097394,0.0009255901033358447,0.0003702786609356876,WRONG,n/a,false,false,-4.6120271573136495,NaN,false,n/a,true,0.008017413730519611,0.008407738756929352,4.614,mnist__cnn1__contrast__1.5__model_seed42_itr20_sgd_itr1_w106.bin
mnist,cnn1,model_seed42_itr20_sgd_itr1,contrast,1.5,1,273,-0.3186586964293383,7.687329071632121,-0.3186586964293383,7.687329071632121,true,true,-4.612027162313461,-3.6200567899152643,0.05932603406378836,0.00016756349005777205,WRONG,WRONG,false,true,-4.612027162313462,7.6198642107658254e-6,false,true,true,2.4139883277198617,6.034045117635127,19.405,mnist__cnn1__contrast__1.5__model_seed42_itr20_sgd_itr1_w107.bin
mnist,cnn1,model_seed42_itr20_sgd_itr1,contrast,1.5,1,274,-0.3186586964293383,7.687329071632121,-0.3186586964293383,7.687329071632121,true,true,-7.687329071632121,-0.00021510559301773924,0.18838889908588521,0.0003688842585233656,WRONG,WRONG,false,true,-4.612027162313462,3.122484070416931e-6,false,true,true,2.3736994959114286,2.3739146015044463,3.677,mnist__cnn1__contrast__1.5__model_seed42_itr20_sgd_itr1_w108.bin
mnist,cnn1,model_seed42_itr20_sgd_itr1,contrast,1.5,1,275,-0.3186586964293383,7.687329071632121,-0.3186586964293383,7.687329071632121,true,true,-4.612027162313462,-4.612027162313462,0.000902855683056264,0.0003702786557195857,WRONG,WRONG,false,false,-4.612027162313462,0.0002603910198546444,false,false,true,3.07530190931866,7.687329071632121,21.503,mnist__cnn1__contrast__1.5__model_seed42_itr20_sgd_itr1_w109.bin
mnist,cnn1,model_seed42_itr20_sgd_itr1,contrast,1.5,1,276,-0.3186586964293383,7.687329071632121,-0.3186586964293383,7.687329071632121,true,true,-7.687329071632121,-0.5555551677638443,0.0008405609967991329,0.00037027781958492404,WRONG,WRONG,false,false,-4.612027162313462,0.00023142541613196962,false,false,true,0.7617447037341567,1.3172998714980009,19.648,mnist__cnn1__contrast__1.5__model_seed42_itr20_sgd_itr1_w110.bin
mnist,cnn1,model_seed42_itr20_sgd_itr1,contrast,1.5,1,277,-0.3186586964293383,7.687329071632121,-0.3186586964293383,7.687329071632121,true,true,-7.687329071632121,-0.4503487006239435,0.18822012146016856,0.0003639839335804804,WRONG,WRONG,false,false,-4.612027162313462,0.00012311145478857355,false,false,true,0.7511983021495914,1.201547002773535,8.887,mnist__cnn1__contrast__1.5__model_seed42_itr20_sgd_itr1_w111.bin
mnist,cnn1,model_seed42_itr20_sgd_itr1,contrast,1.5,1,278,-0.3186586964293383,7.687329071632121,-0.3186586964293383,7.687329071632121,true,true,-7.687329071632121,-0.0012042511003264346,0.18821533096329698,0.0003281809902595183,WRONG,WRONG,false,false,Inf,0.00037027863695137736,false,false,true,0.005449566390023425,0.006653817490349859,16.398,mnist__cnn1__contrast__1.5__model_seed42_itr20_sgd_itr1_w112.bin
mnist,cnn1,model_seed42_itr20_sgd_itr1,contrast,1.5,1,279,-0.3186586964293383,7.687329071632121,-0.3186586964293383,7.687329071632121,true,true,-7.687329071632121,-0.056117173256191366,0.19156549852341415,0.00037027863695137736,WRONG,WRONG,false,false,-4.612027162313462,0.00037026311324512266,false,false,true,0.03802909574984752,0.09414626900603888,1.364,mnist__cnn1__contrast__1.5__model_seed42_itr20_sgd_itr1_w113.bin
mnist,cnn1,model_seed42_itr20_sgd_itr1,contrast,1.5,1,280,-0.3186586964293383,7.687329071632121,-0.3186586964293383,7.687329071632121,true,true,-7.687329071632121,-1.4665736764316155,0.188388899085885,0.00034541706383435283,WRONG,WRONG,false,true,-4.612027162313462,-0.0,false,true,true,0.9784487918777693,2.4450224683093844,9.112,mnist__cnn1__contrast__1.5__model_seed42_itr20_sgd_itr1_w114.bin
mnist,cnn1,model_seed42_itr20_sgd_itr1,contrast,1.5,1,281,-0.3186586964293383,7.687329071632121,-0.31865866915137686,7.687329071632121,false,true,-4.612027162313462,-4.612027162313462,0.18838889908588455,0.0003688529741382875,n/a,WRONG,false,false,NaN,0.0003724218803637527,n/a,false,true,0.0003688529741382729,2.7755575615628914e-17,4.24,mnist__cnn1__contrast__1.5__model_seed42_itr20_sgd_itr1_w115.bin
mnist,cnn1,model_seed42_itr20_sgd_itr1,contrast,1.5,1,282,-0.3186586964293383,7.687329071632121,-0.3186586964293383,7.687329051699371,true,false,-4.612027162313462,-0.18101923125318764,0.19156549852341404,0.00037028059704741304,WRONG,n/a,false,false,-4.612027161520087,NaN,false,n/a,true,0.12129679433492896,0.3023160251779814,7.895,mnist__cnn1__contrast__1.5__model_seed42_itr20_sgd_itr1_w116.bin
mnist,cnn1,model_seed42_itr20_sgd_itr1,contrast,1.5,1,283,-0.3186586964293383,7.687329071632121,-0.3186586964293383,7.687329071632121,true,true,-4.612027162313461,-0.45623870585113646,0.1883888990858814,0.0003702806658111513,WRONG,WRONG,true,false,-7.699929582827281e-10,0.0003702806658111346,true,false,true,0.3047762716771104,0.761014977528248,4.441,mnist__cnn1__contrast__1.5__model_seed42_itr20_sgd_itr1_w117.bin
mnist,cnn1,model_seed42_itr20_sgd_itr1,contrast,1.5,1,284,-0.3186586964293383,7.687329071632121,-0.3186586964293383,7.687329052006752,true,false,-4.612027162313462,-0.0013805739708256937,0.0009163760416942834,0.0003702631181318321,WRONG,n/a,false,false,-4.612027161532321,NaN,false,n/a,true,5.766786908445707,5.768167482117137,9.213,mnist__cnn1__contrast__1.5__model_seed42_itr20_sgd_itr1_w118.bin
mnist,cnn1,model_seed42_itr20_sgd_itr1,contrast,1.5,1,285,-0.3186586964293383,7.687329071632121,-0.3186586964293383,7.687329071632121,true,true,-4.612027162313462,-4.612027162313462,0.12825363681894592,0.0002496503571320493,WRONG,WRONG,false,false,-4.612027162313462,0.00037028066581115335,false,false,true,3.07530190931866,7.687329071632121,8.705,mnist__cnn1__contrast__1.5__model_seed42_itr20_sgd_itr1_w119.bin
mnist,cnn1,model_seed42_itr20_sgd_itr1,contrast,1.5,1,286,-0.3186586964293383,7.687329071632121,-0.3186586964293383,7.687329051783572,true,false,-4.612027162313462,-0.330310600959275,0.18838889908588607,0.0003702806658111513,WRONG,n/a,false,false,-4.612027161523438,NaN,false,n/a,true,0.22082420174920198,0.551134802708477,2.51,mnist__cnn1__contrast__1.5__model_seed42_itr20_sgd_itr1_w120.bin
mnist,cnn1,model_seed42_itr20_sgd_itr1,contrast,1.5,1,287,-0.3186586964293383,7.687329071632121,-0.3186586964293383,7.687329071632121,true,true,-4.612027162313461,-0.3518497059121723,0.18838889908588996,0.0003702806658111513,WRONG,WRONG,false,true,-4.612027162313462,-0.0,false,true,true,0.23518360505113384,0.5870333109633066,2.782,mnist__cnn1__contrast__1.5__model_seed42_itr20_sgd_itr1_w121.bin
mnist,cnn1,model_seed42_itr20_sgd_itr1,contrast,1.5,1,288,-0.3186586964293383,7.687329071632121,-0.3186586964293383,7.687329071632121,true,true,-4.612027162313462,-4.612027162313462,0.0009146131920605991,0.0003702631747814822,WRONG,WRONG,false,true,-4.612027162313462,-0.0,false,true,true,3.07530190931866,7.687329071632121,22.508,mnist__cnn1__contrast__1.5__model_seed42_itr20_sgd_itr1_w122.bin
mnist,cnn1,model_seed42_itr20_sgd_itr1,contrast,1.5,1,289,-0.3186586964293383,7.687329071632121,-0.3186586964293383,7.687329071632121,true,true,-4.612027162313462,-4.612027162313462,0.18838889908588496,0.00026253115393627436,WRONG,WRONG,false,true,-4.612027162313462,7.509924476824248e-6,false,true,true,3.07530190931866,7.687329071632121,3.261,mnist__cnn1__contrast__1.5__model_seed42_itr20_sgd_itr1_w123.bin
mnist,cnn1,model_seed42_itr20_sgd_itr1,contrast,1.5,1,290,-0.3186586964293383,7.687329071632121,-0.3186586964293383,7.687329071632121,true,true,-4.612027162313462,-0.0001533537852695943,0.0009134655108458262,0.00029361915295542,WRONG,WRONG,false,true,-4.612027162313462,1.5636504274496588e-5,false,true,true,6.520277532440635,6.5204308862259035,25.395,mnist__cnn1__contrast__1.5__model_seed42_itr20_sgd_itr1_w124.bin
mnist,cnn1,model_seed42_itr20_sgd_itr1,contrast,1.5,1,291,-0.3186586964293383,7.687329071632121,-0.3186586964293383,7.687329071632121,true,true,-7.687329071632121,-0.002811535039412047,0.18838889908588505,0.00027871157862046963,WRONG,WRONG,false,false,-4.612027162313462,0.0003693598282899156,false,false,true,0.10877069600116848,0.11158223104058053,4.329,mnist__cnn1__contrast__1.5__model_seed42_itr20_sgd_itr1_w125.bin
mnist,cnn1,model_seed42_itr20_sgd_itr1,contrast,1.5,1,292,-0.3186586964293383,7.687329071632121,-0.3186586964293383,7.687329071632121,true,true,-4.612027162313462,-4.612027162313462,0.08616740059750444,0.0002481612802308353,WRONG,WRONG,false,true,-4.612027162313462,-0.0,false,true,true,3.07530190931866,7.687329071632121,17.713,mnist__cnn1__contrast__1.5__model_seed42_itr20_sgd_itr1_w126.bin
mnist,cnn1,model_seed42_itr20_sgd_itr1,contrast,1.5,1,293,-0.3186586964293383,7.687329071632121,-0.31865866913612906,7.687329071632121,false,true,-4.612027162313462,-4.612027162313462,0.0009234934843281367,0.00025355143405973246,n/a,WRONG,false,false,NaN,0.00025355143405973246,n/a,false,true,0.00025355143405973246,1.0785643211885798e-15,32.352,mnist__cnn1__contrast__1.5__model_seed42_itr20_sgd_itr1_w127.bin
mnist,cnn1,model_seed42_itr20_sgd_itr1,contrast,1.5,1,294,-0.3186586964293383,7.687329071632121,-0.3186586964293383,7.687329051662658,true,false,-4.6120271615186255,-4.6120271615186255,0.000879184507294517,0.00037026392975503193,WRONG,n/a,false,false,-4.6120271615186255,NaN,false,n/a,true,3.07530190931866,7.687329071632121,19.115,mnist__cnn1__contrast__1.5__model_seed42_itr20_sgd_itr1_w128.bin
mnist,cnn1,model_seed42_itr20_sgd_itr1,contrast,1.5,1,295,-0.3186586964293383,7.687329071632121,-0.31865867335967474,7.687329071632121,false,true,-4.612027162313462,-4.612027162313462,0.0008359946632199335,0.0002554875929424949,n/a,WRONG,false,false,NaN,0.0002554875929424949,n/a,false,true,0.00025548759294249587,3.469446951953614e-18,36.353,mnist__cnn1__contrast__1.5__model_seed42_itr20_sgd_itr1_w129.bin
mnist,cnn1,model_seed42_itr20_sgd_itr1,contrast,1.5,1,296,-0.3186586964293383,7.687329071632121,-0.3186586964293383,7.687329071632121,true,true,-7.687329071632121,-0.31238124021509583,0.0009255902057334918,0.00037023943003095764,WRONG,WRONG,false,true,-4.612027162313462,-0.0,false,true,true,0.44279786911407426,0.7551791093291701,3.493,mnist__cnn1__contrast__1.5__model_seed42_itr20_sgd_itr1_w130.bin
mnist,cnn1,model_seed42_itr20_sgd_itr1,contrast,1.5,1,297,-0.3186586964293383,7.687329071632121,-0.3186586964293383,7.687329051690423,true,false,-4.612027162313462,-0.0001333264601894868,0.0009027360868380022,0.00037023968596438454,WRONG,n/a,false,false,-4.612027161519732,NaN,false,n/a,true,6.0381427347154935,6.0382760739198575,20.16,mnist__cnn1__contrast__1.5__model_seed42_itr20_sgd_itr1_w131.bin
mnist,cnn1,model_seed42_itr20_sgd_itr1,contrast,1.5,1,298,-0.3186586964293383,7.687329071632121,-0.3186586964293383,7.687329071632121,true,true,-7.687329071632121,-0.18919030882577184,0.12836483588945946,0.0002489741792046224,WRONG,WRONG,false,true,-4.612027162313462,4.056549704189397e-6,false,true,true,0.12674400699353314,0.315934315819305,14.995,mnist__cnn1__contrast__1.5__model_seed42_itr20_sgd_itr1_w132.bin
mnist,cnn1,model_seed42_itr20_sgd_itr1,contrast,1.5,1,299,-0.3186586964293383,7.687329071632121,-0.3186586964293383,7.687329071632121,true,true,-4.612027162313462,-4.612027162313462,0.0009139747546929492,0.00025700034457094845,WRONG,WRONG,false,false,-4.612027162313462,Inf,false,false,true,3.07530190931866,7.687329071632121,30.253,mnist__cnn1__contrast__1.5__model_seed42_itr20_sgd_itr1_w133.bin
mnist,cnn1,model_seed42_itr20_sgd_itr1,contrast,1.5,1,300,-0.3186586964293383,7.687329071632121,-0.3186586964293383,7.687329071632121,true,true,-4.612027162313462,-4.612027162313462,0.1882201214601659,0.0003687005207223121,WRONG,WRONG,false,true,-4.612027162313462,-0.0,false,true,true,3.07530190931866,7.687329071632121,15.803,mnist__cnn1__contrast__1.5__model_seed42_itr20_sgd_itr1_w134.bin
mnist,cnn1,model_seed42_itr20_sgd_itr1,contrast,1.5,1,301,-0.3186586964293383,7.687329071632121,-0.3186586964293383,7.687329051336255,true,false,-4.612027162313462,-4.612027162313462,0.0009135760159592235,0.0003702390571469931,WRONG,n/a,false,false,Inf,NaN,false,n/a,true,3.07530190931866,7.687329071632121,19.462,mnist__cnn1__contrast__1.5__model_seed42_itr20_sgd_itr1_w135.bin
mnist,cnn1,model_seed42_itr20_sgd_itr1,contrast,1.5,1,302,-0.3186586964293383,7.687329071632121,-0.3186586964293383,7.687329071632121,true,true,-4.612027162313462,-4.612027162313462,0.0009166311014484224,0.0003702631027481437,WRONG,WRONG,false,true,-4.612027162313462,7.944916355293041e-6,false,true,true,3.07530190931866,7.687329071632121,7.633,mnist__cnn1__contrast__1.5__model_seed42_itr20_sgd_itr1_w136.bin
mnist,cnn1,model_seed42_itr20_sgd_itr1,contrast,1.5,1,303,-0.3186586964293383,7.687329071632121,-0.3186586964293383,7.687329071632121,true,true,-4.6120271623137645,-4.6120271623137645,0.18838889908586276,0.0003697634576741854,WRONG,WRONG,false,true,-4.612027162313462,-0.0,false,true,true,3.07530190931866,7.687329071632121,11.349,mnist__cnn1__contrast__1.5__model_seed42_itr20_sgd_itr1_w137.bin
mnist,cnn1,model_seed42_itr20_sgd_itr1,contrast,1.5,1,304,-0.3186586964293383,7.687329071632121,-0.3186586964293383,7.687329052629028,true,false,-4.612027162313462,-4.612027162313462,0.0861674005975045,0.0001687562920177606,WRONG,n/a,false,false,-4.612027161557091,NaN,false,n/a,true,3.07530190931866,7.687329071632121,21.327,mnist__cnn1__contrast__1.5__model_seed42_itr20_sgd_itr1_w138.bin
mnist,cnn1,model_seed42_itr20_sgd_itr1,contrast,1.5,1,305,-0.3186586964293383,7.687329071632121,-0.3186586964293383,7.687329051942887,true,false,-4.612027162313462,-0.04483471907376915,0.0009029760950071547,0.00021803939080289152,WRONG,n/a,true,false,-3.7552094767079325e-10,NaN,true,n/a,true,0.030506947158864706,0.07534166623263391,18.776,mnist__cnn1__contrast__1.5__model_seed42_itr20_sgd_itr1_w139.bin
mnist,cnn1,model_seed42_itr20_sgd_itr1,contrast,1.5,1,306,-0.3186586964293383,7.687329071632121,-0.3186586964293383,7.6873290519741175,true,false,-4.612027162313462,-1.083318275470889,0.0008534302685916373,0.0003549102302454559,WRONG,n/a,false,false,-4.612027161531023,NaN,false,n/a,true,5.554131047199293,6.637449322669986,43.146,mnist__cnn1__contrast__1.5__model_seed42_itr20_sgd_itr1_w140.bin
mnist,cnn1,model_seed42_itr20_sgd_itr1,contrast,1.5,1,307,-0.3186586964293383,7.687329071632121,-0.3186586964293383,7.687329071632121,true,true,-7.687329071632121,-1.629346659219318,0.0009148949313838111,0.00035428822542249444,WRONG,WRONG,false,true,-4.612027162313346,-0.0,false,true,true,1.0868482405892304,2.716194899808548,36.598,mnist__cnn1__contrast__1.5__model_seed42_itr20_sgd_itr1_w141.bin
mnist,cnn1,model_seed42_itr20_sgd_itr1,contrast,1.5,1,308,-0.3186586964293383,7.687329071632121,-0.3186586964293383,7.687329071632121,true,true,-4.612027162313462,-4.612027162313462,0.18838889908588813,0.0003639839335804853,WRONG,WRONG,false,true,-4.612027162313462,7.621145809849628e-6,false,true,true,3.07530190931866,7.687329071632121,1.89,mnist__cnn1__contrast__1.5__model_seed42_itr20_sgd_itr1_w142.bin
mnist,cnn1,model_seed42_itr20_sgd_itr1,contrast,1.5,1,309,-0.3186586964293383,7.687329071632121,-0.3186586964293383,7.687329071632121,true,true,-4.612027162313462,-4.612027162313462,0.12836483588945943,0.00024063534011575671,WRONG,WRONG,false,true,-4.612027162313462,-0.0,false,true,true,3.07530190931866,7.687329071632121,12.394,mnist__cnn1__contrast__1.5__model_seed42_itr20_sgd_itr1_w143.bin
mnist,cnn1,model_seed42_itr20_sgd_itr1,contrast,1.5,1,310,-0.3186586964293383,7.687329071632121,-0.3186586964293383,7.687329071632121,true,true,-4.612027162313462,-4.612027162313462,0.1883888990858808,0.00024751381404488715,WRONG,WRONG,false,true,-4.612027162313462,6.171687262357395e-6,false,true,true,3.07530190931866,7.687329071632121,4.1,mnist__cnn1__contrast__1.5__model_seed42_itr20_sgd_itr1_w144.bin
mnist,cnn1,model_seed42_itr20_sgd_itr1,contrast,1.5,1,311,-0.3186586964293383,7.687329071632121,-0.3186586964293383,7.687329051757965,true,false,-4.612027162313462,-4.612027162313462,0.0009137833734823538,0.00029440598978245605,WRONG,n/a,false,false,Inf,NaN,false,n/a,true,3.07530190931866,7.687329071632121,17.026,mnist__cnn1__contrast__1.5__model_seed42_itr20_sgd_itr1_w145.bin
mnist,cnn1,model_seed42_itr20_sgd_itr1,contrast,1.5,1,312,-0.3186586964293383,7.687329071632121,-0.3186586691869121,7.687329071632121,false,true,-4.612027162313462,-4.612027162313462,0.0009255901033352666,0.0003702775743483485,n/a,WRONG,false,false,NaN,0.0003702775743483485,n/a,false,true,0.0003702792423236241,1.6679763056859365e-9,5.757,mnist__cnn1__contrast__1.5__model_seed42_itr20_sgd_itr1_w146.bin
mnist,cnn1,model_seed42_itr20_sgd_itr1,contrast,1.5,1,313,-0.3186586964293383,7.687329071632121,-0.3186586964293383,7.687329071632121,true,true,-7.687329071632121,-0.5995855757286819,0.18838889908588624,0.0003702785750233317,WRONG,WRONG,false,false,-4.612027162313462,0.000367001531364258,false,false,true,0.4003464941683808,0.9999320698970626,1.197,mnist__cnn1__contrast__1.5__model_seed42_itr20_sgd_itr1_w147.bin
mnist,cnn1,model_seed42_itr20_sgd_itr1,contrast,1.5,1,314,-0.3186586964293383,7.687329071632121,-0.3186586964293383,7.687329071632121,true,true,-7.687329071632121,-0.07595909393359641,0.0009143586858088824,0.0003636404791018677,WRONG,WRONG,false,true,-4.612027162313462,-0.0,false,true,true,0.05238767954566885,0.12834677347926526,7.558,mnist__cnn1__contrast__1.5__model_seed42_itr20_sgd_itr1_w148.bin
mnist,cnn1,model_seed42_itr20_sgd_itr1,contrast,1.5,1,315,-0.3186586964293383,7.687329071632121,-0.3186586964293383,7.687329071632121,true,true,-4.612027162313462,-4.612027162313462,0.18838889908588402,0.00022173442763878933,WRONG,WRONG,false,false,-4.612027162313462,0.000370263920288183,false,false,true,3.07530190931866,7.687329071632121,19.784,mnist__cnn1__contrast__1.5__model_seed42_itr20_sgd_itr1_w149.bin
mnist,cnn1,model_seed42_itr20_sgd_itr1,contrast,1.5,1,316,-0.3186586964293383,7.687329071632121,-0.3186586964293383,7.687329071632121,true,true,-7.687329071632121,-1.6897645307810631,0.18822012146016706,0.0003693267448325564,WRONG,WRONG,false,false,-4.612027162313462,0.0003702646376201764,false,false,true,1.1272541901964839,2.817018720977547,6.26,mnist__cnn1__contrast__1.5__model_seed42_itr20_sgd_itr1_w150.bin
mnist,cnn1,model_seed42_itr20_sgd_itr1,contrast,1.5,1,317,-0.3186586964293383,7.687329071632121,-0.3186586964293383,7.687329071632121,true,true,-4.612027162313462,-4.612027162313462,0.18838889908588274,0.0002753764657666899,WRONG,WRONG,false,false,-4.612027162313462,0.00021956985654020077,false,false,true,3.07530190931866,7.687329071632121,7.854,mnist__cnn1__contrast__1.5__model_seed42_itr20_sgd_itr1_w151.bin
mnist,cnn1,model_seed42_itr20_sgd_itr1,contrast,1.5,1,318,-0.3186586964293383,7.687329071632121,-0.3186586964293383,7.687329071632121,true,true,-7.687329071632121,-0.005797876124664659,0.1915654985234142,0.00021929463212706194,WRONG,WRONG,false,true,-4.612027162313462,6.501438582905139e-6,false,true,true,0.01113551364059532,0.01693338976526744,0.985,mnist__cnn1__contrast__1.5__model_seed42_itr20_sgd_itr1_w152.bin
mnist,cnn1,model_seed42_itr20_sgd_itr1,contrast,1.5,1,319,-0.3186586964293383,7.687329071632121,-0.3186586964293383,7.687329071632121,true,true,-4.6120271623135505,-4.6120271623135505,0.18838889908588688,0.00023035112725200684,WRONG,WRONG,false,true,-4.612027162313462,-0.0,false,true,true,3.07530190931866,7.687329071632121,5.991,mnist__cnn1__contrast__1.5__model_seed42_itr20_sgd_itr1_w153.bin
mnist,cnn1,model_seed42_itr20_sgd_itr1,contrast,1.5,1,320,-0.3186586964293383,7.687329071632121,-0.3186586964293383,7.687329071632121,true,true,-4.612027162313461,-1.065752287196191,0.18831779191522063,0.00012245127573709547,WRONG,WRONG,false,true,-4.612027162313462,1.2264444261278484e-6,false,true,true,5.0991752711487415,6.16492755834494,17.215,mnist__cnn1__contrast__1.5__model_seed42_itr20_sgd_itr1_w154.bin
mnist,cnn1,model_seed42_itr20_sgd_itr1,contrast,1.5,1,321,-0.3186586964293383,7.687329071632121,-0.3186586692349951,7.687329071632121,false,true,-4.612027162313462,-4.612027162313462,0.188220121460167,0.0003694128157730729,n/a,WRONG,false,false,NaN,0.0003694129158100523,n/a,false,true,0.0003694128157730875,2.7755575615628914e-17,9.597,mnist__cnn1__contrast__1.5__model_seed42_itr20_sgd_itr1_w155.bin
mnist,cnn1,model_seed42_itr20_sgd_itr1,contrast,1.5,1,322,-0.3186586964293383,7.687329071632121,-0.3186586964293383,7.687329051833798,true,false,-7.687329051833798,-0.029620003148998972,0.1883888990858828,0.00036941281577307296,WRONG,n/a,false,false,-4.612027161525438,NaN,false,n/a,true,0.02047977879586324,0.05009978194484704,1.062,mnist__cnn1__contrast__1.5__model_seed42_itr20_sgd_itr1_w156.bin
mnist,cnn1,model_seed42_itr20_sgd_itr1,contrast,1.5,1,323,-0.3186586964293383,7.687329071632121,-0.3186586964293383,7.687329071632121,true,true,-4.612027162313462,-4.612027162313462,0.18823239873171654,0.00027530352939093665,WRONG,WRONG,false,false,Inf,0.00027530362941874387,false,false,true,3.07530190931866,7.687329071632121,13.002,mnist__cnn1__contrast__1.5__model_seed42_itr20_sgd_itr1_w157.bin
mnist,cnn1,model_seed42_itr20_sgd_itr1,contrast,1.5,1,324,-0.3186586964293383,7.687329071632121,-0.3186586964293383,7.687329071632121,true,true,-7.687329071632121,-0.31454039168957393,0.1915654985234142,0.0002731251259417244,WRONG,WRONG,false,true,-4.612027162313462,-0.0,false,true,true,0.39679026923384386,0.711330660923414,1.629,mnist__cnn1__contrast__1.5__model_seed42_itr20_sgd_itr1_w158.bin
mnist,cnn1,model_seed42_itr20_sgd_itr1,contrast,1.5,1,325,-5.430652023293078,5.052349190227687,-5.430652023293078,5.052349169227083,true,false,-3.0240397743880747,-3.0240397743880747,0.018357405610771815,0.00736973974853754,WRONG,n/a,false,false,-3.024039763508846,NaN,false,n/a,true,2.0283094158396127,5.052349190227687,3.121,mnist__cnn1__contrast__1.5__model_seed42_itr20_sgd_itr1_w159.bin
mnist,cnn1,model_seed42_itr20_sgd_itr1,contrast,1.5,1,326,-5.430652023293078,5.052349190227687,-5.430652023293078,5.052349190227687,true,true,-5.052349190227687,-0.7899488141904975,0.018357405610763378,0.007369737747667913,WRONG,WRONG,false,false,-3.024039774388074,0.007345548915863309,false,false,true,0.538915442374561,1.3288642565650584,8.132,mnist__cnn1__contrast__1.5__model_seed42_itr20_sgd_itr1_w160.bin
mnist,cnn1,model_seed42_itr20_sgd_itr1,contrast,1.5,1,327,-5.430652023293078,5.052349190227687,-5.430652023293078,5.052349169625074,true,false,-3.0240397743169263,-3.0240397743169263,1.7095013982588443,0.007369739748537274,WRONG,n/a,false,false,-3.0240397637150234,NaN,false,n/a,true,2.0283094158396127,5.052349190227687,4.022,mnist__cnn1__contrast__1.5__model_seed42_itr20_sgd_itr1_w161.bin
mnist,cnn1,model_seed42_itr20_sgd_itr1,contrast,1.5,1,328,-5.430652023293078,5.052349190227687,-5.430652023293078,5.052349190227687,true,true,-3.0240397743880747,-3.0240397743880747,1.682301518224122,0.00736973974853754,WRONG,WRONG,false,false,-3.0240397743880743,0.0006424101021780121,false,false,true,2.0283094158396127,5.052349190227687,5.26,mnist__cnn1__contrast__1.5__model_seed42_itr20_sgd_itr1_w162.bin
mnist,cnn1,model_seed42_itr20_sgd_itr1,contrast,1.5,1,329,-5.430652023293078,5.052349190227687,-5.430652023293078,5.052349190227687,true,true,-3.0240397743880747,-3.0240397743880747,0.018357405610756494,0.00736973974853754,WRONG,WRONG,false,false,-3.0240397743880747,0.007369737748278128,false,false,true,2.0283094158396127,5.052349190227687,3.517,mnist__cnn1__contrast__1.5__model_seed42_itr20_sgd_itr1_w163.bin
mnist,cnn1,model_seed42_itr20_sgd_itr1,contrast,1.5,1,330,-5.430652023293078,5.052349190227687,-5.430652023293078,5.052349190227687,true,true,-3.0240397743880747,-3.0240397743880747,0.00736973974853754,0.00736973974853754,WRONG,WRONG,false,true,-3.024039774388075,-0.0,false,true,true,2.0283094158396127,5.052349190227687,5.935,mnist__cnn1__contrast__1.5__model_seed42_itr20_sgd_itr1_w164.bin
mnist,cnn1,model_seed42_itr20_sgd_itr1,contrast,1.5,1,331,-5.430652023293078,5.052349190227687,-5.430652023293078,5.052349190227687,true,true,-3.024039774388075,-3.024039774388075,0.018357405610770483,0.00736973974853754,WRONG,WRONG,false,false,-3.024039774388075,0.007346238149667171,false,false,true,2.0283094158396127,5.052349190227687,3.437,mnist__cnn1__contrast__1.5__model_seed42_itr20_sgd_itr1_w165.bin
mnist,cnn1,model_seed42_itr20_sgd_itr1,contrast,1.5,1,332,-5.430652023293078,5.052349190227687,-5.430652023293078,5.052349190227687,true,true,-3.024039774388075,-3.024039774388075,0.018357405610770927,0.0073450423463406415,WRONG,WRONG,false,false,-3.0240397743880747,0.007369705651753239,false,false,true,2.0283094158396127,5.052349190227687,5.813,mnist__cnn1__contrast__1.5__model_seed42_itr20_sgd_itr1_w166.bin
mnist,cnn1,model_seed42_itr20_sgd_itr1,contrast,1.5,1,333,-5.430652023293078,5.052349190227687,-5.430652023293078,5.052349190227687,true,true,-3.0240397743880747,-3.023370967064024,0.01835740561076417,0.007346238149666923,WRONG,WRONG,false,false,-3.0240397743880747,0.00734623814966652,false,false,true,2.027886926453041,5.051257893517065,14.892,mnist__cnn1__contrast__1.5__model_seed42_itr20_sgd_itr1_w167.bin
mnist,cnn1,model_seed42_itr20_sgd_itr1,contrast,1.5,1,334,-5.430652023293078,5.052349190227687,-5.430652023293078,5.052349190227687,true,true,-3.0240397743880747,-3.0240397743880747,1.6833319732394163,0.00736973974853754,WRONG,WRONG,false,true,-3.024039774388075,-0.0,false,true,true,2.0283094158396127,5.052349190227687,2.123,mnist__cnn1__contrast__1.5__model_seed42_itr20_sgd_itr1_w168.bin
mnist,cnn1,model_seed42_itr20_sgd_itr1,contrast,1.5,1,335,-5.430652023293078,5.052349190227687,-5.430652023293078,5.052349190227687,true,true,-3.0240397743880747,-0.42175347700052424,0.018357405610761823,0.007345922642120584,WRONG,WRONG,false,false,Inf,0.00736970510814728,false,false,true,2.5793059222268866,3.0010593992349883,17.439,mnist__cnn1__contrast__1.5__model_seed42_itr20_sgd_itr1_w169.bin
mnist,cnn1,model_seed42_itr20_sgd_itr1,contrast,1.5,1,336,-5.430652023293078,5.052349190227687,-5.430652023293078,5.052349058376608,true,false,-3.024039706083461,-0.5274920128397386,1.7070469644443609,0.007369705007411156,WRONG,n/a,false,false,-3.024039706083461,NaN,false,n/a,true,0.3639483858432695,0.8914403986830081,2.743,mnist__cnn1__contrast__1.5__model_seed42_itr20_sgd_itr1_w170.bin
mnist,cnn1,model_seed42_itr20_sgd_itr1,contrast,1.5,1,337,-5.430652023293078,5.052349190227687,-5.430652023293078,5.052349169227549,true,false,-5.052349169227549,-0.7201642023090976,0.018357405610776478,0.00736973974853754,WRONG,n/a,false,false,-3.0240397623951916,NaN,false,n/a,true,0.49239236778696094,1.2125565700960588,1.864,mnist__cnn1__contrast__1.5__model_seed42_itr20_sgd_itr1_w171.bin
mnist,cnn1,model_seed42_itr20_sgd_itr1,contrast,1.5,1,338,-5.430652023293078,5.052349190227687,-5.430652023293078,5.052349169616271,true,false,-5.052349169616271,-0.16587499152964846,0.018357405610760713,0.006285812344056137,WRONG,n/a,false,false,-3.0240397743880747,NaN,false,n/a,true,0.12286622726732827,0.2887412187969767,5.86,mnist__cnn1__contrast__1.5__model_seed42_itr20_sgd_itr1_w172.bin
mnist,cnn1,model_seed42_itr20_sgd_itr1,contrast,1.5,1,339,-5.430652023293078,5.052349190227687,-5.430652023293078,5.052349169942882,true,false,-5.052349169942882,-0.5646503145994093,0.018357405610767596,0.007345922642120861,WRONG,n/a,false,false,-3.024039754103217,NaN,false,n/a,true,0.38871644264716876,0.9533667572465778,2.163,mnist__cnn1__contrast__1.5__model_seed42_itr20_sgd_itr1_w173.bin
mnist,cnn1,model_seed42_itr20_sgd_itr1,contrast,1.5,1,340,-5.430652023293078,5.052349190227687,-5.430652023293078,5.052349190227687,true,true,-5.052349190227687,-0.8065959692001519,0.00736973974853754,0.00736973974853754,WRONG,WRONG,false,false,-3.024039774388075,0.007369737748150301,false,false,true,0.5500135457143188,1.356609514914453,1.652,mnist__cnn1__contrast__1.5__model_seed42_itr20_sgd_itr1_w174.bin
mnist,cnn1,model_seed42_itr20_sgd_itr1,contrast,1.5,1,341,-5.430652023293078,5.052349190227687,-5.430652023293078,5.052349190227687,true,true,-3.024039774388075,-3.024039774388075,0.01835740561076976,0.007346044142163138,WRONG,WRONG,false,true,-3.024039774388075,-0.0,false,true,true,2.0283094158396127,5.052349190227687,11.927,mnist__cnn1__contrast__1.5__model_seed42_itr20_sgd_itr1_w175.bin
mnist,cnn1,model_seed42_itr20_sgd_itr1,contrast,1.5,1,342,-5.430652023293078,5.052349190227687,-5.430652023293078,5.052349190227687,true,true,-3.0240397743880747,-3.0240397743880747,1.704626065537332,0.007369739748537274,WRONG,WRONG,false,true,-3.024039774388075,-0.0,false,true,true,2.0283094158396127,5.052349190227687,4.113,mnist__cnn1__contrast__1.5__model_seed42_itr20_sgd_itr1_w176.bin
mnist,cnn1,model_seed42_itr20_sgd_itr1,contrast,1.5,1,343,-5.430652023293078,5.052349190227687,-5.430652023293078,5.052349190227687,true,true,-3.024039774388075,-3.024039774388075,1.7071452295218055,0.00736973974853754,WRONG,WRONG,false,true,-3.024039774388075,-0.0,false,true,true,2.0283094158396127,5.052349190227687,3.331,mnist__cnn1__contrast__1.5__model_seed42_itr20_sgd_itr1_w177.bin
mnist,cnn1,model_seed42_itr20_sgd_itr1,contrast,1.5,1,344,-5.430652023293078,5.052349190227687,-5.430652023293078,5.052349190227687,true,true,-3.0240397743880747,-3.0240397743880747,0.018357405610775146,0.00736973974853754,WRONG,WRONG,false,true,-3.024039774388075,-0.0,false,true,true,2.0283094158396127,5.052349190227687,2.583,mnist__cnn1__contrast__1.5__model_seed42_itr20_sgd_itr1_w178.bin
mnist,cnn1,model_seed42_itr20_sgd_itr1,contrast,1.5,1,345,-5.430652023293078,5.052349190227687,-5.430652023293078,5.052349190227687,true,true,-3.0240397743880747,-0.5750872261554143,0.01835740561076681,0.007346238149666368,WRONG,WRONG,false,false,-3.024039774388022,0.007345042346340635,false,false,true,3.493512572276101,4.068599798430264,13.66,mnist__cnn1__contrast__1.5__model_seed42_itr20_sgd_itr1_w179.bin
mnist,cnn1,model_seed42_itr20_sgd_itr1,contrast,1.5,1,346,-5.430652023293078,5.052349190227687,-5.430652023293078,5.052349190227687,true,true,-5.052349190227687,-0.6179232846061173,1.5219554449298967,0.007345042346340635,WRONG,WRONG,false,true,-3.024039774388075,8.572911353801893e-5,false,true,true,0.42769465861760336,1.0456179432237207,1.305,mnist__cnn1__contrast__1.5__model_seed42_itr20_sgd_itr1_w180.bin
mnist,cnn1,model_seed42_itr20_sgd_itr1,contrast,1.5,1,347,-5.430652023293078,5.052349190227687,-5.430652023293078,5.052349169748988,true,false,-3.0240397637792147,-3.0240397637792147,1.7050938755474414,0.007369739748537274,WRONG,n/a,false,false,-3.0240397637792147,NaN,false,n/a,true,2.0283094158396127,5.052349190227687,2.72,mnist__cnn1__contrast__1.5__model_seed42_itr20_sgd_itr1_w181.bin
mnist,cnn1,model_seed42_itr20_sgd_itr1,contrast,1.5,1,348,-5.430652023293078,5.052349190227687,-5.430652023293078,5.052349190227687,true,true,-3.024039774388075,-3.024039774388075,0.018357405610764266,0.007346215520412027,WRONG,WRONG,false,false,-3.0240397743880747,0.0073697377481265185,false,false,true,2.0283094158396127,5.052349190227687,7.674,mnist__cnn1__contrast__1.5__model_seed42_itr20_sgd_itr1_w182.bin
mnist,cnn1,model_seed42_itr20_sgd_itr1,contrast,1.5,1,349,-5.430652023293078,5.052349190227687,-5.430652023293078,5.052349190227687,true,true,-5.052349190227687,-1.1566683825831965,1.5219554449298969,0.007369738748128497,WRONG,WRONG,false,false,-3.0240397743880747,0.0006439113383815316,false,false,true,0.7833954163238984,1.9400637989070946,1.569,mnist__cnn1__contrast__1.5__model_seed42_itr20_sgd_itr1_w183.bin
mnist,cnn1,model_seed42_itr20_sgd_itr1,contrast,1.5,1,350,-5.430652023293078,5.052349190227687,-5.430652023293078,5.052349190227687,true,true,-3.0240397743880747,-3.0240397743880747,0.018357405610754274,0.007346016331157756,WRONG,WRONG,false,false,-3.0240397743880747,0.007346238149666923,false,false,true,2.0283094158396127,5.052349190227687,4.148,mnist__cnn1__contrast__1.5__model_seed42_itr20_sgd_itr1_w184.bin
mnist,cnn1,model_seed42_itr20_sgd_itr1,contrast,1.5,1,351,-5.430652023293078,5.052349190227687,-5.430652023293078,5.052349190227687,true,true,-3.024039774388075,-3.024039774388075,0.018357405610771593,0.00736973974853754,WRONG,WRONG,false,false,-3.024039774388075,0.007359005345162005,false,false,true,2.0283094158396127,5.052349190227687,2.272,mnist__cnn1__contrast__1.5__model_seed42_itr20_sgd_itr1_w185.bin
mnist,cnn1,model_seed42_itr20_sgd_itr1,contrast,1.5,1,352,-5.430652023293078,5.052349190227687,-5.430652023293078,5.052349190227687,true,true,-3.0240397743880747,-1.9391494776473743,0.018357405610762267,0.007359005345162005,WRONG,WRONG,false,false,-3.024039774388075,0.007346311342148484,false,false,true,1.309763535532805,3.2489130131801796,1.974,mnist__cnn1__contrast__1.5__model_seed42_itr20_sgd_itr1_w186.bin
mnist,cnn1,model_seed42_itr20_sgd_itr1,contrast,1.5,1,353,-5.430652023293078,5.052349190227687,-5.430652023293078,5.052349190227687,true,true,-5.052349190227687,-0.17023790792983748,0.01835740561077004,0.007342894067724561,WRONG,WRONG,false,false,-3.0240397743880747,0.007369705356279987,false,false,true,0.12681335564092602,0.2970512635707635,2.535,mnist__cnn1__contrast__1.5__model_seed42_itr20_sgd_itr1_w187.bin
mnist,cnn1,model_seed42_itr20_sgd_itr1,contrast,1.5,1,354,-5.430652023293078,5.052349190227687,-5.430651997101373,5.052349190227687,false,true,-3.024039774388075,-3.024039774388075,0.018357405610763378,0.007346311342149053,n/a,WRONG,false,false,NaN,0.0073697056751340605,n/a,false,true,0.007346311342149053,0.0,4.017,mnist__cnn1__contrast__1.5__model_seed42_itr20_sgd_itr1_w188.bin
mnist,cnn1,model_seed42_itr20_sgd_itr1,contrast,1.5,1,355,-5.430652023293078,5.052349190227687,-5.430652023293078,5.05234917554991,true,false,-5.05234917554991,-0.2455177120520738,1.702808748750105,0.00736973974853754,WRONG,n/a,false,false,-3.024039766784346,NaN,false,n/a,true,0.17596136820730593,0.4214790802591728,1.396,mnist__cnn1__contrast__1.5__model_seed42_itr20_sgd_itr1_w189.bin
mnist,cnn1,model_seed42_itr20_sgd_itr1,contrast,1.5,1,356,-5.430652023293078,5.052349190227687,-5.430652023293078,5.052349190227687,true,true,-5.052349190227687,-0.8065959692001343,0.018357405610773814,0.00736973974853754,WRONG,WRONG,false,false,-3.0240397743880747,0.00735900534516201,false,false,true,0.5500135457143188,1.356609514914453,1.898,mnist__cnn1__contrast__1.5__model_seed42_itr20_sgd_itr1_w190.bin
mnist,cnn1,model_seed42_itr20_sgd_itr1,contrast,1.5,1,357,-5.430652023293078,5.052349190227687,-5.430652023293078,5.052349061568433,true,false,-3.0240397173722786,-0.2991782718097299,0.018357405610769817,0.007359005345162713,WRONG,n/a,false,false,-3.024039707736966,NaN,false,n/a,true,0.21246242098717164,0.5116406927969015,3.149,mnist__cnn1__contrast__1.5__model_seed42_itr20_sgd_itr1_w191.bin
mnist,cnn1,model_seed42_itr20_sgd_itr1,contrast,1.5,1,358,-5.430652023293078,5.052349190227687,-5.430652023293078,5.052349058563768,true,false,-5.052349058563768,-0.42606412080838485,0.018357405610768485,0.00736973974853754,WRONG,n/a,false,false,-3.0240396989475378,NaN,false,n/a,true,0.2963256467864863,0.7223897675948711,1.875,mnist__cnn1__contrast__1.5__model_seed42_itr20_sgd_itr1_w192.bin
mnist,cnn1,model_seed42_itr20_sgd_itr1,contrast,1.5,1,359,-5.430652023293078,5.052349190227687,-5.430652023293078,5.052349190227687,true,true,-3.024039774388075,-0.30009523650347125,0.018357405610749167,0.0073461840881661215,WRONG,WRONG,false,true,-3.024039774388075,-0.0,false,true,true,1.758851623672245,2.058946860173714,12.755,mnist__cnn1__contrast__1.5__model_seed42_itr20_sgd_itr1_w193.bin
mnist,cnn1,model_seed42_itr20_sgd_itr1,contrast,1.5,1,360,-5.430652023293078,5.052349190227687,-5.430652023293078,5.052349190227687,true,true,-3.0240397743880747,-3.0240397743880747,0.00736973974853754,0.00736973974853754,WRONG,WRONG,false,true,-3.024039774388075,-0.0,false,true,true,2.0283094158396127,5.052349190227687,3.63,mnist__cnn1__contrast__1.5__model_seed42_itr20_sgd_itr1_w194.bin
mnist,cnn1,model_seed42_itr20_sgd_itr1,contrast,1.5,1,361,-5.430652023293078,5.052349190227687,-5.430652023293078,5.052349190227687,true,true,-3.024039774388075,-3.024039774388075,0.01835740561075938,0.007369737748311026,WRONG,WRONG,false,false,-3.024039774388075,0.007346215516196642,false,false,true,2.0283094158396127,5.052349190227687,7.222,mnist__cnn1__contrast__1.5__model_seed42_itr20_sgd_itr1_w195.bin
mnist,cnn1,model_seed42_itr20_sgd_itr1,contrast,1.5,1,362,-5.430652023293078,5.052349190227687,-5.430652023293078,5.052349190227687,true,true,-5.052349190227687,-0.3871287049963771,0.01835740561075938,0.007369737747730354,WRONG,WRONG,false,true,-3.024039774388075,-0.0,false,true,true,0.2727362848807785,0.6598649898771556,9.194,mnist__cnn1__contrast__1.5__model_seed42_itr20_sgd_itr1_w196.bin
mnist,cnn1,model_seed42_itr20_sgd_itr1,contrast,1.5,1,363,-5.430652023293078,5.052349190227687,-5.430652023293078,5.052349190227687,true,true,-3.024039774388075,-3.024039774388075,0.018357405610764932,0.007369739748537274,WRONG,WRONG,false,false,-3.0240397743880747,0.00735900534516201,false,false,true,2.0283094158396127,5.052349190227687,3.759,mnist__cnn1__contrast__1.5__model_seed42_itr20_sgd_itr1_w197.bin
mnist,cnn1,model_seed42_itr20_sgd_itr1,contrast,1.5,1,364,-5.430652023293078,5.052349190227687,-5.430652023293078,5.052349190227687,true,true,-3.024039774388075,-3.024039774388075,0.01835740561075827,0.006285812344056059,WRONG,WRONG,false,false,Inf,0.00736815898909145,false,false,true,2.0283094158396127,5.052349190227687,8.963,mnist__cnn1__contrast__1.5__model_seed42_itr20_sgd_itr1_w198.bin
mnist,cnn1,model_seed42_itr20_sgd_itr1,contrast,1.5,1,365,-5.430652023293078,5.052349190227687,-5.430652023293078,5.052349190227687,true,true,-3.024039774388075,-3.024039774388075,0.0183574056107787,0.007359005345162373,WRONG,WRONG,false,false,-3.024039774388075,0.007345922642120459,false,false,true,2.0283094158396127,5.052349190227687,4.954,mnist__cnn1__contrast__1.5__model_seed42_itr20_sgd_itr1_w199.bin
mnist,cnn1,model_seed42_itr20_sgd_itr1,contrast,1.5,1,366,-5.430652023293078,5.052349190227687,-5.430652023293078,5.052349169248579,true,false,-5.052349169248579,-0.8684434396355611,1.690406771258027,0.007342506987632495,WRONG,n/a,false,false,-3.024039763519982,NaN,false,n/a,true,0.5966146756853176,1.4650581153208786,1.372,mnist__cnn1__contrast__1.5__model_seed42_itr20_sgd_itr1_w200.bin
mnist,cnn1,model_seed42_itr20_sgd_itr1,contrast,1.5,1,367,-5.430652023293078,5.052349190227687,-5.430652023293078,5.052349190227687,true,true,-5.052349190227687,-0.8141260106800201,1.7064676094935851,0.00736973974853754,WRONG,WRONG,false,false,-3.0240397743880747,0.0006439900165924387,false,false,true,0.5550335733675759,1.3691595840475959,1.089,mnist__cnn1__contrast__1.5__model_seed42_itr20_sgd_itr1_w201.bin
mnist,cnn1,model_seed42_itr20_sgd_itr1,contrast,1.5,1,368,-5.430652023293078,5.052349190227687,-5.430652023293078,5.052349190227687,true,true,-3.0240397743880747,-0.7667948098853372,0.018357405610763378,0.007346313699511234,WRONG,WRONG,false,false,-3.0240397743880747,0.007346030189356159,false,false,true,1.290274249389768,2.0570690592750913,6.446,mnist__cnn1__contrast__1.5__model_seed42_itr20_sgd_itr1_w202.bin
mnist,cnn1,model_seed42_itr20_sgd_itr1,contrast,1.5,1,369,-5.430652023293078,5.052349190227687,-5.430652023293078,5.052349190227687,true,true,-3.0240397743880747,-3.0240397743880747,0.018357405610770927,0.007369739748537274,WRONG,WRONG,false,false,-3.0240397743880747,0.007346215520411823,false,false,true,2.0283094158396127,5.052349190227687,3.025,mnist__cnn1__contrast__1.5__model_seed42_itr20_sgd_itr1_w203.bin
mnist,cnn1,model_seed42_itr20_sgd_itr1,contrast,1.5,1,370,-5.430652023293078,5.052349190227687,-5.430651996317624,5.052349190227687,false,true,-3.024039774388076,-3.024039774388076,1.7098565875208653,0.00736973974853754,n/a,WRONG,false,false,NaN,0.0073697398492749144,n/a,false,true,0.00736973974853683,0.0,1.547,mnist__cnn1__contrast__1.5__model_seed42_itr20_sgd_itr1_w204.bin
mnist,cnn1,model_seed42_itr20_sgd_itr1,contrast,1.5,1,371,-5.430652023293078,5.052349190227687,-5.430652023293078,5.052349169614774,true,false,-5.052349169614774,-0.308078137719628,0.018357405610768485,0.00736973974853754,WRONG,n/a,false,false,-3.0240397637096863,NaN,false,n/a,true,0.21766832472735728,0.5257464624470495,1.631,mnist__cnn1__contrast__1.5__model_seed42_itr20_sgd_itr1_w205.bin
mnist,cnn1,model_seed42_itr20_sgd_itr1,contrast,1.5,1,372,-5.430652023293078,5.052349190227687,-5.430652023293078,5.052349190227687,true,true,-3.0240397743880747,-3.0240397743880747,0.018357405610770927,0.00736973974853754,WRONG,WRONG,false,false,-3.024039774388075,0.006285812344056256,false,false,true,2.0283094158396127,5.052349190227687,5.742,mnist__cnn1__contrast__1.5__model_seed42_itr20_sgd_itr1_w206.bin
mnist,cnn1,model_seed42_itr20_sgd_itr1,contrast,1.5,1,373,-5.430652023293078,5.052349190227687,-5.430652023293078,5.052349190227687,true,true,-5.052349190227687,-0.33444755999804376,0.018357405610755606,0.006285812344056256,WRONG,WRONG,false,false,-3.0240397743880747,0.007369705279300988,false,false,true,0.3313683389279664,0.6658158989260103,2.123,mnist__cnn1__contrast__1.5__model_seed42_itr20_sgd_itr1_w207.bin
mnist,cnn1,model_seed42_itr20_sgd_itr1,contrast,1.5,1,374,-5.430652023293078,5.052349190227687,-5.430652023293078,5.052349190227687,true,true,-3.0240397743880747,-3.0240397743880747,0.018357405610758493,0.0073462160996368465,WRONG,WRONG,false,false,Inf,0.007369737848445286,false,false,true,2.0283094158396127,5.052349190227687,18.739,mnist__cnn1__contrast__1.5__model_seed42_itr20_sgd_itr1_w208.bin
mnist,cnn1,model_seed42_itr20_sgd_itr1,contrast,1.5,1,375,-5.430652023293078,5.052349190227687,-5.430651995898085,5.052349190227687,false,true,-5.052349190227687,-0.2811330790217318,0.00736973974853754,0.00736973974853754,n/a,WRONG,false,false,NaN,0.0073697398492749144,n/a,false,true,0.00736973974853754,4.336808689942018e-19,1.69,mnist__cnn1__contrast__1.5__model_seed42_itr20_sgd_itr1_w209.bin
mnist,cnn1,model_seed42_itr20_sgd_itr1,contrast,1.5,1,376,-5.430652023293078,5.052349190227687,-5.430652023293078,5.052349190227687,true,true,-3.024039774388075,-3.024039774388075,0.0183574056107616,0.00736973974853754,WRONG,WRONG,false,false,-3.024039774388075,0.0006424809347215787,false,false,true,2.0283094158396127,5.052349190227687,2.728,mnist__cnn1__contrast__1.5__model_seed42_itr20_sgd_itr1_w210.bin
mnist,cnn1,model_seed42_itr20_sgd_itr1,contrast,1.5,1,377,-5.430652023293078,5.052349190227687,-5.4306519963937365,5.052349190227687,false,true,-3.024039774388075,-3.024039774388075,1.6851102511812341,0.007369739748537274,n/a,WRONG,false,false,NaN,0.0073697398492749144,n/a,false,true,0.007369739748537718,5.134781488891349e-16,2.182,mnist__cnn1__contrast__1.5__model_seed42_itr20_sgd_itr1_w211.bin
mnist,cnn1,model_seed42_itr20_sgd_itr1,contrast,1.5,1,378,-5.430652023293078,5.052349190227687,-5.430652023293078,5.052349190227687,true,true,-5.052349190227687,-0.009888821242796081,0.018357405610768485,0.00736973974853754,WRONG,WRONG,false,true,-3.024039774388075,-0.0,false,true,true,0.0188754470760684,0.028764268318827148,1.05,mnist__cnn1__contrast__1.5__model_seed42_itr20_sgd_itr1_w212.bin
mnist,cnn1,model_seed42_itr20_sgd_itr1,contrast,1.5,1,379,-5.430652023293078,5.052349190227687,-5.430652023293078,5.052349190227687,true,true,-3.0240397743880747,-3.0240397743880747,1.7039680647248194,0.00736973974853754,WRONG,WRONG,false,false,-3.0240397743880747,0.0006423115234624188,false,false,true,2.0283094158396127,5.052349190227687,1.8,mnist__cnn1__contrast__1.5__model_seed42_itr20_sgd_itr1_w213.bin
mnist,cnn1,model_seed42_itr20_sgd_itr1,contrast,1.5,1,380,-5.430652023293078,5.052349190227687,-5.430652023293078,5.052349190227687,true,true,-3.024039774388074,-3.024039774388074,0.01835740561077337,0.00736973974853754,WRONG,WRONG,false,true,-3.024039774388074,-0.0,false,true,true,2.0283094158396127,5.052349190227687,3.022,mnist__cnn1__contrast__1.5__model_seed42_itr20_sgd_itr1_w214.bin
mnist,cnn1,model_seed42_itr20_sgd_itr1,contrast,1.5,1,381,-5.430652023293078,5.052349190227687,-5.430652023293078,5.052349190227687,true,true,-3.0240397743880747,-3.0240397743880747,0.018357405610769595,0.007345589494167262,WRONG,WRONG,false,true,-3.024039774388075,-0.0,false,true,true,2.0283094158396127,5.052349190227687,7.355,mnist__cnn1__contrast__1.5__model_seed42_itr20_sgd_itr1_w215.bin
mnist,cnn1,model_seed42_itr20_sgd_itr1,contrast,1.5,1,382,-5.430652023293078,5.052349190227687,-5.430652023293078,5.052349058370996,true,false,-3.024039774388075,-3.024039774388075,0.01835740561075938,0.0073462155204117655,WRONG,n/a,false,false,Inf,NaN,false,n/a,true,2.0283094158396127,5.052349190227687,12.462,mnist__cnn1__contrast__1.5__model_seed42_itr20_sgd_itr1_w216.bin
mnist,cnn1,model_seed42_itr20_sgd_itr1,contrast,1.5,1,383,-5.430652023293078,5.052349190227687,-5.430652023293078,5.052349190227687,true,true,-5.052349190227687,-0.17349344759491728,0.01835740561077026,0.007344488641509027,WRONG,WRONG,false,false,-3.024039774388075,0.007359005345162008,false,false,true,0.12900691963202124,0.3025003672269385,2.911,mnist__cnn1__contrast__1.5__model_seed42_itr20_sgd_itr1_w217.bin
mnist,cnn1,model_seed42_itr20_sgd_itr1,contrast,1.5,1,384,-5.430652023293078,5.052349190227687,-5.430652023293078,5.052349190227687,true,true,-3.0240397743880747,-3.0240397743880747,1.7059817754673576,0.00736973974853754,WRONG,WRONG,false,true,-3.0240397743880747,-0.0,false,true,true,2.0283094158396127,5.052349190227687,2.249,mnist__cnn1__contrast__1.5__model_seed42_itr20_sgd_itr1_w218.bin
mnist,cnn1,model_seed42_itr20_sgd_itr1,contrast,1.5,1,385,-5.430652023293078,5.052349190227687,-5.430652023293078,5.052349190227687,true,true,-3.024039774388075,-3.024039774388075,1.7040523974242634,0.00736973974853754,WRONG,WRONG,false,true,-3.024039774388074,-0.0,false,true,true,2.0283094158396127,5.052349190227687,3.008,mnist__cnn1__contrast__1.5__model_seed42_itr20_sgd_itr1_w219.bin
mnist,cnn1,model_seed42_itr20_sgd_itr1,contrast,1.5,1,386,-5.430652023293078,5.052349190227687,-5.430652023293078,5.052349190227687,true,true,-3.0240397743880747,-2.704962899950136,1.7122802877847678,0.006592133070113398,WRONG,WRONG,false,false,-3.0240397743880747,0.00735900544589807,false,false,true,2.347386290277552,5.052349190227687,2.493,mnist__cnn1__contrast__1.5__model_seed42_itr20_sgd_itr1_w220.bin
mnist,cnn1,model_seed42_itr20_sgd_itr1,contrast,1.5,1,387,-5.430652023293078,5.052349190227687,-5.430652023293078,5.052349190227687,true,true,-3.0240397743880747,-3.0240397743880747,1.7121040459200454,0.00736973974853754,WRONG,WRONG,false,false,-3.024039774388022,0.007346238149667034,false,false,true,2.0283094158396127,5.052349190227687,3.8,mnist__cnn1__contrast__1.5__model_seed42_itr20_sgd_itr1_w221.bin
mnist,cnn1,model_seed42_itr20_sgd_itr1,contrast,1.5,1,388,-5.430652023293078,5.052349190227687,-5.430652023293078,5.052349190227687,true,true,-5.052349190227687,-0.025441787994361937,0.018357405610770927,0.007346215520411545,WRONG,WRONG,false,true,-3.024039774388075,-0.0,false,true,true,0.029399527200021737,0.05484131519438366,2.204,mnist__cnn1__contrast__1.5__model_seed42_itr20_sgd_itr1_w222.bin
mnist,cnn1,model_seed42_itr20_sgd_itr1,contrast,1.5,1,389,-5.430652023293078,5.052349190227687,-5.430652023293078,5.052349169220442,true,false,-3.0240397743880747,-3.0240397743880747,0.01835740561076138,0.00736973974853754,WRONG,n/a,false,false,-3.0240397623486346,NaN,false,n/a,true,2.0283094158396127,5.052349190227687,3.193,mnist__cnn1__contrast__1.5__model_seed42_itr20_sgd_itr1_w223.bin
mnist,cnn1,model_seed42_itr20_sgd_itr1,contrast,1.5,1,390,-5.430652023293078,5.052349190227687,-5.430652023293078,5.052349190227687,true,true,-5.052349190227687,-0.8065959692001343,0.01835740561078114,0.007369739748537607,WRONG,WRONG,false,false,-3.0240397743880747,0.007369493681716235,false,false,true,0.5500135457143188,1.356609514914453,1.355,mnist__cnn1__contrast__1.5__model_seed42_itr20_sgd_itr1_w224.bin
mnist,cnn1,model_seed42_itr20_sgd_itr1,contrast,1.5,1,391,-5.430652023293078,5.052349190227687,-5.430652023293078,5.052349190227687,true,true,-3.024039774388075,-3.024039774388075,0.018357405610765154,0.007346238149666229,WRONG,WRONG,false,false,-3.0240397743880747,0.0073459226421211665,false,false,true,2.0283094158396127,5.052349190227687,8.969,mnist__cnn1__contrast__1.5__model_seed42_itr20_sgd_itr1_w225.bin
mnist,cnn1,model_seed42_itr20_sgd_itr1,contrast,1.5,1,392,-5.430652023293078,5.052349190227687,-5.430652023293078,5.052349190227687,true,true,-3.0240397743880747,-3.0240397743880747,1.669088337549824,0.007369739748537274,WRONG,WRONG,false,true,-3.0240397743880747,7.322259059083791e-6,false,true,true,2.0283094158396127,5.052349190227687,2.478,mnist__cnn1__contrast__1.5__model_seed42_itr20_sgd_itr1_w226.bin
mnist,cnn1,model_seed42_itr20_sgd_itr1,contrast,1.5,1,393,-5.430652023293078,5.052349190227687,-5.430652023293078,5.052349190227687,true,true,-3.0240397743880747,-3.0240397743880747,0.018357405610769373,0.007369739748537274,WRONG,WRONG,false,false,-3.0240397743880747,Inf,false,false,true,2.0283094158396127,5.052349190227687,3.376,mnist__cnn1__contrast__1.5__model_seed42_itr20_sgd_itr1_w227.bin
mnist,cnn1,model_seed42_itr20_sgd_itr1,contrast,1.5,1,394,-5.430652023293078,5.052349190227687,-5.430651996527205,5.052349169675145,false,false,NaN,NaN,NaN,NaN,n/a,n/a,false,false,NaN,NaN,n/a,n/a,false,NaN,NaN,0.0,
mnist,cnn1,model_seed42_itr20_sgd_itr1,contrast,1.5,1,395,-5.430652023293078,5.052349190227687,-5.430652023293078,5.052349190227687,true,true,-5.052349190227687,-0.49402278879512296,0.018357405610782918,0.00736973974853754,WRONG,WRONG,false,false,-3.024039774388075,0.0073697055743923495,false,false,true,0.3416314254443095,0.835654214239432,1.725,mnist__cnn1__contrast__1.5__model_seed42_itr20_sgd_itr1_w228.bin
mnist,cnn1,model_seed42_itr20_sgd_itr1,contrast,1.5,1,396,-5.430652023293078,5.052349190227687,-5.430652023293078,5.052349190227687,true,true,-3.0240397743880747,-3.0240397743880747,1.706272054321928,0.007369739748537274,WRONG,WRONG,false,false,-3.0240397743880747,0.007346215520411913,false,false,true,2.0283094158396127,5.052349190227687,2.493,mnist__cnn1__contrast__1.5__model_seed42_itr20_sgd_itr1_w229.bin
mnist,cnn1,model_seed42_itr20_sgd_itr1,contrast,1.5,1,397,-5.430652023293078,5.052349190227687,-5.430652023293078,5.052349190227687,true,true,-3.024039774388075,-3.024039774388075,0.018357405610775146,0.0069806984419689576,WRONG,WRONG,false,true,-3.024039774388075,-0.0,false,true,true,2.0283094158396127,5.052349190227687,3.248,mnist__cnn1__contrast__1.5__model_seed42_itr20_sgd_itr1_w230.bin
mnist,cnn1,model_seed42_itr20_sgd_itr1,contrast,1.5,1,398,-5.430652023293078,5.052349190227687,-5.430652023293078,5.052349190227687,true,true,-3.024039774388076,-3.024039774388076,0.018357405610768485,0.007369739748537274,WRONG,WRONG,false,false,-3.024039774388075,0.007369737747788696,false,false,true,2.0283094158396127,5.052349190227687,3.0,mnist__cnn1__contrast__1.5__model_seed42_itr20_sgd_itr1_w231.bin
mnist,cnn1,model_seed42_itr20_sgd_itr1,contrast,1.5,1,399,-5.430652023293078,5.052349190227687,-5.430652023293078,5.052349190227687,true,true,-5.052349190227687,-0.8045692904166565,0.018357405610776922,0.0073697387478384325,WRONG,WRONG,false,true,-3.024039774388075,-0.0,false,true,true,0.5486626086058775,1.3532318990225345,1.881,mnist__cnn1__contrast__1.5__model_seed42_itr20_sgd_itr1_w232.bin
mnist,cnn1,model_seed42_itr20_sgd_itr1,contrast,1.5,1,400,-5.430652023293078,5.052349190227687,-5.430652023293078,5.052349190227687,true,true,-3.0240397743880747,-3.0240397743880747,0.018357405610761823,0.00736973974853754,WRONG,WRONG,false,true,-3.0240397743880747,-0.0,false,true,true,2.0283094158396127,5.052349190227687,2.954,mnist__cnn1__contrast__1.5__model_seed42_itr20_sgd_itr1_w233.bin
mnist,cnn1,model_seed42_itr20_sgd_itr1,contrast,1.5,1,401,-5.430652023293078,5.052349190227687,-5.430652023293078,5.052349190227687,true,true,-3.024039774388075,-3.024039774388075,1.691987155909979,0.00736973974853754,WRONG,WRONG,false,true,-3.0240397743880747,-0.0,false,true,true,2.0283094158396127,5.052349190227687,2.239,mnist__cnn1__contrast__1.5__model_seed42_itr20_sgd_itr1_w234.bin
mnist,cnn1,model_seed42_itr20_sgd_itr1,contrast,1.5,1,402,-5.430652023293078,5.052349190227687,-5.430652023293078,5.052349190227687,true,true,-3.024039774388075,-3.024039774388075,0.018357405610764488,0.007346238149667103,WRONG,WRONG,false,true,-3.0240397743880747,-0.0,false,true,true,2.0283094158396127,5.052349190227687,9.853,mnist__cnn1__contrast__1.5__model_seed42_itr20_sgd_itr1_w235.bin
mnist,cnn1,model_seed42_itr20_sgd_itr1,contrast,1.5,1,403,-5.430652023293078,5.052349190227687,-5.430651996122998,5.052349190227687,false,true,-3.0240397743880747,-3.0240397743880747,0.018357405610759825,0.00736973974853754,n/a,WRONG,false,false,NaN,0.0073697398492749144,n/a,false,true,0.007369739748537524,0.0,3.26,mnist__cnn1__contrast__1.5__model_seed42_itr20_sgd_itr1_w236.bin
mnist,cnn1,model_seed42_itr20_sgd_itr1,contrast,1.5,1,404,-5.430652023293078,5.052349190227687,-5.430651855542694,5.052349190227687,false,true,-3.024039774388075,-3.024039774388075,1.6833319732394163,0.007369739748537274,n/a,WRONG,false,false,NaN,0.0073697398492749144,n/a,false,true,0.007369739748537718,3.885780586188048e-16,2.038,mnist__cnn1__contrast__1.5__model_seed42_itr20_sgd_itr1_w237.bin
mnist,cnn1,model_seed42_itr20_sgd_itr1,contrast,1.5,1,405,-5.430652023293078,5.052349190227687,-5.430651996418701,5.052349190227687,false,true,-3.0240397743880747,-2.9862964472566738,1.680350006394845,0.00736973974853754,n/a,WRONG,false,false,NaN,0.0073697398492749144,n/a,false,true,0.007369739748537538,0.0,2.529,mnist__cnn1__contrast__1.5__model_seed42_itr20_sgd_itr1_w238.bin
mnist,cnn1,model_seed42_itr20_sgd_itr1,contrast,1.5,1,406,-4.278565615415573,4.329349186271429,-4.278565615415573,4.329349186271429,true,true,-2.536763591319323,-2.536763591319323,0.14695155249598332,0.056631503701182695,WRONG,WRONG,false,false,-2.5367635913193234,0.056631503701182695,false,false,true,1.7925855949521066,4.329349186271429,6.535,mnist__cnn1__contrast__1.5__model_seed42_itr20_sgd_itr1_w239.bin
mnist,cnn1,model_seed42_itr20_sgd_itr1,contrast,1.5,1,407,-4.278565615415573,4.329349186271429,-4.278565615415573,4.329349186271429,true,true,-4.329349186271429,-0.9356577184687263,0.14695155249600056,0.05662845425705354,WRONG,WRONG,false,true,-2.5367635913193225,-0.0,false,true,true,0.8413205064903084,1.7769782249590345,2.019,mnist__cnn1__contrast__1.5__model_seed42_itr20_sgd_itr1_w240.bin
mnist,cnn1,model_seed42_itr20_sgd_itr1,contrast,1.5,1,408,-4.278565615415573,4.329349186271429,-4.278565615415573,4.329349164322286,true,false,-2.5367635913193225,-2.5367635913193225,0.1469515524959788,0.06084592044353485,WRONG,n/a,false,false,-2.5367635804094975,NaN,false,n/a,true,1.7925855949521066,4.329349186271429,3.273,mnist__cnn1__contrast__1.5__model_seed42_itr20_sgd_itr1_w241.bin
mnist,cnn1,model_seed42_itr20_sgd_itr1,contrast,1.5,1,409,-4.278565615415573,4.329349186271429,-4.278565615415573,4.329349163987371,true,false,-2.536763580243028,-2.536763580243028,1.444087791257564,0.06084592044353485,WRONG,n/a,false,false,-2.5367635802430275,NaN,false,n/a,true,1.7925855949521066,4.329349186271429,2.747,mnist__cnn1__contrast__1.5__model_seed42_itr20_sgd_itr1_w242.bin
mnist,cnn1,model_seed42_itr20_sgd_itr1,contrast,1.5,1,410,-4.278565615415573,4.329349186271429,-4.278565590474038,4.329349186271429,false,true,-4.329349186271429,-0.16490062007032627,0.14695155249598502,0.06000262625167573,n/a,WRONG,false,false,NaN,0.06083407085368605,n/a,false,true,0.060002626251675746,1.3877787807814457e-17,2.075,mnist__cnn1__contrast__1.5__model_seed42_itr20_sgd_itr1_w243.bin
mnist,cnn1,model_seed42_itr20_sgd_itr1,contrast,1.5,1,411,-4.278565615415573,4.329349186271429,-4.278565615415573,4.329349186271429,true,true,-4.329349186271429,-0.16839538768501644,0.06607770428015362,0.0432389422077781,WRONG,WRONG,false,true,-2.5367635913193225,-0.0,false,true,true,0.21372812747220699,0.3821235151572234,3.591,mnist__cnn1__contrast__1.5__model_seed42_itr20_sgd_itr1_w244.bin
mnist,cnn1,model_seed42_itr20_sgd_itr1,contrast,1.5,1,412,-4.278565615415573,4.329349186271429,-4.278565615415573,4.329349186271429,true,true,-2.5367635913193225,-2.5367635913193225,0.14695155249598146,0.056631503701182806,WRONG,WRONG,false,false,-2.5367635913193234,0.05663150370118253,false,false,true,1.7925855949521066,4.329349186271429,3.75,mnist__cnn1__contrast__1.5__model_seed42_itr20_sgd_itr1_w245.bin
mnist,cnn1,model_seed42_itr20_sgd_itr1,contrast,1.5,1,413,-4.278565615415573,4.329349186271429,-4.278565589511489,4.329349186271429,false,true,-4.329349186271429,-0.7708337402033787,1.4464413518400874,0.05662845425705457,n/a,WRONG,false,false,NaN,0.06084592044353487,n/a,false,true,0.05662845425705337,0.0,1.168,mnist__cnn1__contrast__1.5__model_seed42_itr20_sgd_itr1_w246.bin
mnist,cnn1,model_seed42_itr20_sgd_itr1,contrast,1.5,1,414,-4.278565615415573,4.329349186271429,-4.278565615415573,4.329349186271429,true,true,-4.329349186271429,-0.23061368342920752,0.14695155249598812,0.06084592044353485,WRONG,WRONG,false,true,-2.5367635913193225,1.7490913646417416e-5,false,true,true,0.25515232302536317,0.4857660064545708,1.845,mnist__cnn1__contrast__1.5__model_seed42_itr20_sgd_itr1_w247.bin
mnist,cnn1,model_seed42_itr20_sgd_itr1,contrast,1.5,1,415,-4.278565615415573,4.329349186271429,-4.278565615415573,4.329349048566792,true,false,-2.536763522873207,-0.5499719022092888,1.2930329988509175,0.038028700277209546,WRONG,n/a,false,false,-2.5367635228732075,NaN,false,n/a,true,1.0180297044214186,1.5680016066307345,2.115,mnist__cnn1__contrast__1.5__model_seed42_itr20_sgd_itr1_w248.bin
mnist,cnn1,model_seed42_itr20_sgd_itr1,contrast,1.5,1,416,-4.278565615415573,4.329349186271429,-4.278565615415573,4.329349186271429,true,true,-2.5367635913193216,-2.5367635913193216,0.14695155249598368,0.059125454684743964,WRONG,WRONG,false,true,-2.5367635913193225,-0.0,false,true,true,1.7925855949521066,4.329349186271429,4.7,mnist__cnn1__contrast__1.5__model_seed42_itr20_sgd_itr1_w249.bin
mnist,cnn1,model_seed42_itr20_sgd_itr1,contrast,1.5,1,417,-4.278565615415573,4.329349186271429,-4.278565615415573,4.329349186271429,true,true,-2.536763591319323,-2.536763591319323,0.06084592044353485,0.06084592044353485,WRONG,WRONG,false,false,Inf,0.06084592044353485,false,false,true,1.7925855949521066,4.329349186271429,4.178,mnist__cnn1__contrast__1.5__model_seed42_itr20_sgd_itr1_w250.bin
mnist,cnn1,model_seed42_itr20_sgd_itr1,contrast,1.5,1,418,-4.278565615415573,4.329349186271429,-4.278565589537906,4.329349186271429,false,true,-4.329349186271429,-0.27004400017986674,0.06084592044353485,0.06084592044353485,n/a,WRONG,false,false,NaN,0.06084592044353485,n/a,false,true,0.060845920443534846,5.551115123125783e-17,4.055,mnist__cnn1__contrast__1.5__model_seed42_itr20_sgd_itr1_w251.bin
mnist,cnn1,model_seed42_itr20_sgd_itr1,contrast,1.5,1,419,-4.278565615415573,4.329349186271429,-4.278565590483642,4.329349186271429,false,true,-2.5367635913193207,-0.05001100133221936,1.5839198107524977,0.06084592044353485,n/a,WRONG,false,false,NaN,0.06084592044353485,n/a,false,true,0.060845920443534846,4.163336342344337e-17,9.082,mnist__cnn1__contrast__1.5__model_seed42_itr20_sgd_itr1_w252.bin
mnist,cnn1,model_seed42_itr20_sgd_itr1,contrast,1.5,1,420,-4.278565615415573,4.329349186271429,-4.278565615415573,4.329349186271429,true,true,-2.536763591319321,-0.31764838531262574,0.14695155249598413,0.05663150370118203,WRONG,WRONG,false,false,-2.5367635913193225,0.04074304809465215,false,false,true,1.7501128574467972,2.067761242759455,10.498,mnist__cnn1__contrast__1.5__model_seed42_itr20_sgd_itr1_w253.bin
mnist,cnn1,model_seed42_itr20_sgd_itr1,contrast,1.5,1,421,-4.278565615415573,4.329349186271429,-4.278565615415573,4.329349186271429,true,true,-4.329349186271429,-0.42007867007367783,0.14695155249598413,0.056631503701182084,WRONG,WRONG,false,true,-2.5367635913193225,-0.0,false,true,true,0.7270213163287678,1.1470999864024456,6.272,mnist__cnn1__contrast__1.5__model_seed42_itr20_sgd_itr1_w254.bin
mnist,cnn1,model_seed42_itr20_sgd_itr1,contrast,1.5,1,422,-4.278565615415573,4.329349186271429,-4.278565615415573,4.329349186271429,true,true,-2.5367635913193225,-2.5367635913193225,0.14695155249598546,0.06084592044353485,WRONG,WRONG,false,false,-2.5367635913193234,0.059443578976608256,false,false,true,1.7925855949521066,4.329349186271429,5.27,mnist__cnn1__contrast__1.5__model_seed42_itr20_sgd_itr1_w255.bin
mnist,cnn1,model_seed42_itr20_sgd_itr1,contrast,1.5,1,423,-4.278565615415573,4.329349186271429,-4.278565615415573,4.329349186271429,true,true,-2.5367635913193225,-2.5367635913193225,0.14695155249598502,0.05663150370118222,WRONG,WRONG,false,true,-2.5367635913193225,-0.0,false,true,true,1.7925855949521066,4.329349186271429,13.78,mnist__cnn1__contrast__1.5__model_seed42_itr20_sgd_itr1_w256.bin
mnist,cnn1,model_seed42_itr20_sgd_itr1,contrast,1.5,1,424,-4.278565615415573,4.329349186271429,-4.278565589578125,4.329349186271429,false,true,-2.536763591319323,-2.536763591319323,0.1469515524959848,0.056631503701182084,n/a,WRONG,false,false,NaN,0.06084592044353482,n/a,false,true,0.056631503701182084,1.1102230246251565e-16,10.66,mnist__cnn1__contrast__1.5__model_seed42_itr20_sgd_itr1_w257.bin
mnist,cnn1,model_seed42_itr20_sgd_itr1,contrast,1.5,1,425,-4.278565615415573,4.329349186271429,-4.278565615415573,4.329349186271429,true,true,-2.5367635913193225,-2.5367635913193225,0.14695155249598602,0.0608459184435127,WRONG,WRONG,false,true,-2.5367635913193225,-0.0,false,true,true,1.7925855949521066,4.329349186271429,9.204,mnist__cnn1__contrast__1.5__model_seed42_itr20_sgd_itr1_w258.bin
mnist,cnn1,model_seed42_itr20_sgd_itr1,contrast,1.5,1,426,-4.278565615415573,4.329349186271429,-4.278565615415573,4.329349186271429,true,true,-2.536763591319323,-2.536763591319323,0.06084592044353485,0.06084592044353485,WRONG,WRONG,false,true,-2.5367635913193225,-0.0,false,true,true,1.7925855949521066,4.329349186271429,4.303,mnist__cnn1__contrast__1.5__model_seed42_itr20_sgd_itr1_w259.bin
mnist,cnn1,model_seed42_itr20_sgd_itr1,contrast,1.5,1,427,-4.278565615415573,4.329349186271429,-4.278565615415573,4.329349186271429,true,true,-2.5367635913193234,-2.5367635913193234,0.14695155249598368,0.06000262625167575,WRONG,WRONG,false,false,-2.5367635913193234,0.05663150370118192,false,false,true,1.7925855949521066,4.329349186271429,2.751,mnist__cnn1__contrast__1.5__model_seed42_itr20_sgd_itr1_w260.bin
mnist,cnn1,model_seed42_itr20_sgd_itr1,contrast,1.5,1,428,-4.278565615415573,4.329349186271429,-4.278565589447667,4.329349186271429,false,true,-4.329349186271429,-0.6732855317319301,0.14695155249598257,0.0029265075322768303,n/a,WRONG,false,false,NaN,0.056715284876739325,n/a,false,true,0.002926507827239244,0.0,7.565,mnist__cnn1__contrast__1.5__model_seed42_itr20_sgd_itr1_w261.bin
mnist,cnn1,model_seed42_itr20_sgd_itr1,contrast,1.5,1,429,-4.278565615415573,4.329349186271429,-4.278565615415573,4.329349164319973,true,false,-2.5367635913193225,-2.5367635913193225,0.146951552495991,0.06084592044353485,WRONG,n/a,false,false,-2.536763580408348,NaN,false,n/a,true,1.7925855949521066,4.329349186271429,3.793,mnist__cnn1__contrast__1.5__model_seed42_itr20_sgd_itr1_w262.bin
mnist,cnn1,model_seed42_itr20_sgd_itr1,contrast,1.5,1,430,-4.278565615415573,4.329349186271429,-4.278565615415573,4.329349164385292,true,false,-4.329349164385292,-0.15798958644780134,1.4484355871770787,0.06084592044353485,WRONG,n/a,false,false,-2.5367635804408137,NaN,false,n/a,true,0.20673625837109225,0.3647258448188936,1.223,mnist__cnn1__contrast__1.5__model_seed42_itr20_sgd_itr1_w263.bin
mnist,cnn1,model_seed42_itr20_sgd_itr1,contrast,1.5,1,431,-4.278565615415573,4.329349186271429,-4.278565615415573,4.329349186271429,true,true,-2.5367635913193225,-2.5367635913193225,0.1469515524959806,0.05663150370118286,WRONG,WRONG,false,false,-2.536763591319323,0.056631503701182,false,false,true,1.7925855949521066,4.329349186271429,4.473,mnist__cnn1__contrast__1.5__model_seed42_itr20_sgd_itr1_w264.bin
mnist,cnn1,model_seed42_itr20_sgd_itr1,contrast,1.5,1,432,-4.278565615415573,4.329349186271429,-4.278565615415573,4.329349186271429,true,true,-4.329349186271429,-0.6732855315685504,0.14695155249598457,0.05663150370118189,WRONG,WRONG,false,false,-2.5367635913193225,0.056631503701182695,false,false,true,0.6338381639262216,1.3071236954947718,4.675,mnist__cnn1__contrast__1.5__model_seed42_itr20_sgd_itr1_w265.bin
mnist,cnn1,model_seed42_itr20_sgd_itr1,contrast,1.5,1,433,-4.278565615415573,4.329349186271429,-4.278565615415573,4.329349186271429,true,true,-4.329349186271429,-0.4343350442881848,0.14695155249598188,0.0006477197303566273,WRONG,WRONG,false,false,-2.5367635913193234,Inf,false,false,true,0.44487940981718416,0.879214454105369,8.283,mnist__cnn1__contrast__1.5__model_seed42_itr20_sgd_itr1_w266.bin
mnist,cnn1,model_seed42_itr20_sgd_itr1,contrast,1.5,1,434,-4.278565615415573,4.329349186271429,-4.278565589541066,4.329349186271429,false,true,-2.5367635913193234,-2.5367635913193234,0.14695155249598457,0.056631503701182806,n/a,WRONG,false,false,NaN,0.06084592044353485,n/a,false,true,0.056631503701182806,0.0,8.405,mnist__cnn1__contrast__1.5__model_seed42_itr20_sgd_itr1_w267.bin
mnist,cnn1,model_seed42_itr20_sgd_itr1,contrast,1.5,1,435,-4.278565615415573,4.329349186271429,-4.278565615415573,4.329349186271429,true,true,-2.5367635913193234,-2.5367635913193234,1.2930329988509186,0.06084592044353485,WRONG,WRONG,false,true,-2.536763591319323,-0.0,false,true,true,1.7925855949521066,4.329349186271429,2.11,mnist__cnn1__contrast__1.5__model_seed42_itr20_sgd_itr1_w268.bin
mnist,cnn1,model_seed42_itr20_sgd_itr1,contrast,1.5,1,436,-4.278565615415573,4.329349186271429,-4.278565615415573,4.329349164254439,true,false,-2.536763591319323,-2.536763591319323,0.14695155249600278,0.06084592044353485,WRONG,n/a,false,false,-2.536763580375775,NaN,false,n/a,true,1.7925855949521066,4.329349186271429,3.883,mnist__cnn1__contrast__1.5__model_seed42_itr20_sgd_itr1_w269.bin
mnist,cnn1,model_seed42_itr20_sgd_itr1,contrast,1.5,1,437,-4.278565615415573,4.329349186271429,-4.278565615415573,4.329349186271429,true,true,-4.329349186271429,-0.25560288300134487,1.5839198107525,0.06084592044353485,WRONG,WRONG,false,false,-2.536763591319323,0.06000262625167575,false,false,true,0.27181178940678785,0.5274146724081329,2.048,mnist__cnn1__contrast__1.5__model_seed42_itr20_sgd_itr1_w270.bin
mnist,cnn1,model_seed42_itr20_sgd_itr1,contrast,1.5,1,438,-4.278565615415573,4.329349186271429,-4.278565615415573,4.329349186271429,true,true,-4.329349186271429,-0.22577469016390483,0.1469515524959908,0.06000262625167575,WRONG,WRONG,false,false,-2.5367635913193234,Inf,false,false,true,0.2572148317239998,0.4829895218879047,1.349,mnist__cnn1__contrast__1.5__model_seed42_itr20_sgd_itr1_w271.bin
mnist,cnn1,model_seed42_itr20_sgd_itr1,contrast,1.5,1,439,-4.278565615415573,4.329349186271429,-4.278565615415573,4.329349186271429,true,true,-2.5367635913193234,-2.3315991145322372,0.14695155249598413,0.05663150370118275,WRONG,WRONG,false,true,-2.5367635913193234,-0.0,false,true,true,1.6558092770940496,3.987408391626287,7.144,mnist__cnn1__contrast__1.5__model_seed42_itr20_sgd_itr1_w272.bin
mnist,cnn1,model_seed42_itr20_sgd_itr1,contrast,1.5,1,440,-4.278565615415573,4.329349186271429,-4.278565615415573,4.329349186271429,true,true,-2.536763591319322,-0.5598015857100864,0.1469515524959831,0.060002626251675746,WRONG,WRONG,false,false,-2.5367635913192728,0.0507887613282534,false,false,true,2.777925666993456,3.337727252702905,12.47,mnist__cnn1__contrast__1.5__model_seed42_itr20_sgd_itr1_w273.bin
mnist,cnn1,model_seed42_itr20_sgd_itr1,contrast,1.5,1,441,-4.278565615415573,4.329349186271429,-4.278565615415573,4.329349186271429,true,true,-2.5367635913193225,-2.5367635913193225,0.14695155249598169,0.056631503701182445,WRONG,WRONG,false,false,-2.5367635913192745,0.05663150370118236,false,false,true,1.7925855949521066,4.329349186271429,5.675,mnist__cnn1__contrast__1.5__model_seed42_itr20_sgd_itr1_w274.bin
mnist,cnn1,model_seed42_itr20_sgd_itr1,contrast,1.5,1,442,-4.278565615415573,4.329349186271429,-4.278565615415573,4.329349186271429,true,true,-4.329349186271429,-0.387948804919683,1.4543346960826278,0.05662845425705362,WRONG,WRONG,false,true,-2.5367635913193225,-0.0,false,true,true,0.40819726454169564,0.7961460694613788,1.066,mnist__cnn1__contrast__1.5__model_seed42_itr20_sgd_itr1_w275.bin
mnist,cnn1,model_seed42_itr20_sgd_itr1,contrast,1.5,1,443,-4.278565615415573,4.329349186271429,-4.278565615415573,4.329349186271429,true,true,-2.5367635913193225,-2.5367635913193225,1.2930329988509188,0.06084592044353485,WRONG,WRONG,false,false,-2.5367635913193225,0.04074304809465279,false,false,true,1.7925855949521066,4.329349186271429,1.661,mnist__cnn1__contrast__1.5__model_seed42_itr20_sgd_itr1_w276.bin
mnist,cnn1,model_seed42_itr20_sgd_itr1,contrast,1.5,1,444,-4.278565615415573,4.329349186271429,-4.278565615415573,4.329349186271429,true,true,-4.329349186271429,-0.4843546852069678,0.1469515524959848,0.06084591844351125,WRONG,WRONG,false,true,-2.5367635913193225,-0.0,false,true,true,0.822746736545499,1.3071014217524666,9.306,mnist__cnn1__contrast__1.5__model_seed42_itr20_sgd_itr1_w277.bin
mnist,cnn1,model_seed42_itr20_sgd_itr1,contrast,1.5,1,445,-4.278565615415573,4.329349186271429,-4.278565615415573,4.329349164360465,true,false,-2.5367635913193234,-2.5367635913193234,1.445839501490937,0.06084592044353485,WRONG,n/a,false,false,-2.536763580428475,NaN,false,n/a,true,1.7925855949521066,4.329349186271429,2.705,mnist__cnn1__contrast__1.5__model_seed42_itr20_sgd_itr1_w278.bin
mnist,cnn1,model_seed42_itr20_sgd_itr1,contrast,1.5,1,446,-4.278565615415573,4.329349186271429,-4.278565615415573,4.329349164274886,true,false,-2.536763591319322,-2.227851425618217,0.1469515524959868,0.056631503701182126,WRONG,n/a,false,false,-2.5367635803859376,NaN,false,n/a,true,1.5866441511513694,3.814495576769586,7.331,mnist__cnn1__contrast__1.5__model_seed42_itr20_sgd_itr1_w279.bin
mnist,cnn1,model_seed42_itr20_sgd_itr1,contrast,1.5,1,447,-4.278565615415573,4.329349186271429,-4.278565615415573,4.329349186271429,true,true,-4.329349186271429,-0.13908829403202283,0.14695155249598524,0.06084592044353465,WRONG,WRONG,false,true,-2.536763591319323,-0.0,false,true,true,0.19413539676057326,0.33322369079259606,1.896,mnist__cnn1__contrast__1.5__model_seed42_itr20_sgd_itr1_w280.bin
mnist,cnn1,model_seed42_itr20_sgd_itr1,contrast,1.5,1,448,-4.278565615415573,4.329349186271429,-4.278565615415573,4.329349186271429,true,true,-2.5367635913193225,-2.488721105360275,0.146951552495989,0.06084592044353485,WRONG,WRONG,false,false,-2.536763591319323,0.060002626251675746,false,false,true,1.760557270979408,4.249278376339682,4.682,mnist__cnn1__contrast__1.5__model_seed42_itr20_sgd_itr1_w281.bin
mnist,cnn1,model_seed42_itr20_sgd_itr1,contrast,1.5,1,449,-4.278565615415573,4.329349186271429,-4.278565615415573,4.329349186271429,true,true,-4.329349186271429,-0.12090347859705167,0.14695155249598368,0.056631503701182584,WRONG,WRONG,false,true,-2.5367635913193225,9.355408862848913e-6,false,true,true,0.18484420699051682,0.3057476855875685,5.809,mnist__cnn1__contrast__1.5__model_seed42_itr20_sgd_itr1_w282.bin
mnist,cnn1,model_seed42_itr20_sgd_itr1,contrast,1.5,1,450,-4.278565615415573,4.329349186271429,-4.278565615415573,4.329349186271429,true,true,-2.536763591319322,-0.4307153525716525,0.1469515524959848,0.056631503701182695,WRONG,WRONG,false,false,Inf,0.06084592044353063,false,false,true,2.76517438727325,3.1958897398446027,11.719,mnist__cnn1__contrast__1.5__model_seed42_itr20_sgd_itr1_w283.bin
mnist,cnn1,model_seed42_itr20_sgd_itr1,contrast,1.5,1,451,-4.278565615415573,4.329349186271429,-4.278565615415573,4.329349186271429,true,true,-2.5367635913193234,-2.5367635913193234,0.14695155249598635,0.06084592044353485,WRONG,WRONG,false,false,-2.5367635913193225,0.056631503701182695,false,false,true,1.7925855949521066,4.329349186271429,2.172,mnist__cnn1__contrast__1.5__model_seed42_itr20_sgd_itr1_w284.bin
mnist,cnn1,model_seed42_itr20_sgd_itr1,contrast,1.5,1,452,-4.278565615415573,4.329349186271429,-4.278565589504627,4.329349186271429,false,true,-4.329349186271429,-0.6732855318302619,0.1469515524959834,0.06000262625167575,n/a,WRONG,false,false,NaN,0.06000262625167575,n/a,false,true,0.06000262625167577,1.3877787807814457e-17,3.171,mnist__cnn1__contrast__1.5__model_seed42_itr20_sgd_itr1_w285.bin
mnist,cnn1,model_seed42_itr20_sgd_itr1,contrast,1.5,1,453,-4.278565615415573,4.329349186271429,-4.278565615415573,4.329349186271429,true,true,-4.329349186271429,-0.018021615732320667,0.1469515524959861,0.0566315037011825,WRONG,WRONG,false,false,-2.5367635913193225,0.05920967765990504,false,false,true,0.11384641285786601,0.13186802859018668,4.041,mnist__cnn1__contrast__1.5__model_seed42_itr20_sgd_itr1_w286.bin
mnist,cnn1,model_seed42_itr20_sgd_itr1,contrast,1.5,1,454,-4.278565615415573,4.329349186271429,-4.278565615415573,4.329349186271429,true,true,-4.329349186271429,-0.3298461383720247,0.14695155249598235,0.05920967765990504,WRONG,WRONG,false,false,-2.5367635913193234,0.05663150370118311,false,false,true,0.3364993017080514,0.6663454400800761,1.806,mnist__cnn1__contrast__1.5__model_seed42_itr20_sgd_itr1_w287.bin
mnist,cnn1,model_seed42_itr20_sgd_itr1,contrast,1.5,1,455,-4.278565615415573,4.329349186271429,-4.278565615415573,4.32934916431759,true,false,-4.32934916431759,-0.7360890016990281,0.14695155249597636,0.06084591844350626,WRONG,n/a,false,false,-2.536763580407164,NaN,false,n/a,true,0.683502882991981,1.41959188469101,8.104,mnist__cnn1__contrast__1.5__model_seed42_itr20_sgd_itr1_w288.bin
mnist,cnn1,model_seed42_itr20_sgd_itr1,contrast,1.5,1,456,-4.278565615415573,4.329349186271429,-4.278565615415573,4.329349186271429,true,true,-4.329349186271429,-0.4609760558326007,0.1469515524959828,0.05663150370118236,WRONG,WRONG,false,true,-2.5367635913193234,-0.0,false,true,true,0.40872723796095844,0.8697032937935592,5.803,mnist__cnn1__contrast__1.5__model_seed42_itr20_sgd_itr1_w289.bin
mnist,cnn1,model_seed42_itr20_sgd_itr1,contrast,1.5,1,457,-4.278565615415573,4.329349186271429,-4.278565615415573,4.329349186271429,true,true,-2.5367635913193234,-2.5367635913193234,1.5839198107524946,0.06084592044353485,WRONG,WRONG,false,false,-2.5367635913193234,Inf,false,false,true,1.7925855949521066,4.329349186271429,1.634,mnist__cnn1__contrast__1.5__model_seed42_itr20_sgd_itr1_w290.bin
mnist,cnn1,model_seed42_itr20_sgd_itr1,contrast,1.5,1,458,-4.278565615415573,4.329349186271429,-4.278565615415573,4.329349186271429,true,true,-4.329349186271429,-0.020081785395392404,1.4469990454869945,0.06084592044353485,WRONG,WRONG,false,false,-2.5367635913193225,0.05663141573962216,false,false,true,0.11479772433615285,0.13487950973154525,1.131,mnist__cnn1__contrast__1.5__model_seed42_itr20_sgd_itr1_w291.bin
mnist,cnn1,model_seed42_itr20_sgd_itr1,contrast,1.5,1,459,-4.278565615415573,4.329349186271429,-4.278565615415573,4.329349186271429,true,true,-4.329349186271429,-0.676290422751878,0.1469515524959828,0.050788761328253426,WRONG,WRONG,false,false,-2.5367635913193234,Inf,false,false,true,0.6362144055339112,1.3125048282857892,1.968,mnist__cnn1__contrast__1.5__model_seed42_itr20_sgd_itr1_w292.bin
mnist,cnn1,model_seed42_itr20_sgd_itr1,contrast,1.5,1,460,-4.278565615415573,4.329349186271429,-4.278565615415573,4.329349186271429,true,true,-2.536763591319321,-0.006950613856315485,0.14695155249597947,0.06084592044353485,WRONG,WRONG,false,false,-2.5367635913193225,0.056631503701182556,false,false,true,0.10604360997676845,0.1129942238330841,4.172,mnist__cnn1__contrast__1.5__model_seed42_itr20_sgd_itr1_w293.bin
mnist,cnn1,model_seed42_itr20_sgd_itr1,contrast,1.5,1,461,-4.278565615415573,4.329349186271429,-4.278565615415573,4.329349186271429,true,true,-4.329349186271429,-0.673285531778046,0.14695155249596992,0.05663150370118261,WRONG,WRONG,false,false,-2.5367635913193234,Inf,false,false,true,0.633838164091888,1.307123695869934,4.812,mnist__cnn1__contrast__1.5__model_seed42_itr20_sgd_itr1_w294.bin
mnist,cnn1,model_seed42_itr20_sgd_itr1,contrast,1.5,1,462,-4.278565615415573,4.329349186271429,-4.278565615415573,4.329349186271429,true,true,-2.5367635913193225,-2.5367635913193225,0.14695155249600522,0.06084592044353485,WRONG,WRONG,false,true,-2.5367635913193225,-0.0,false,true,true,1.7925855949521066,4.329349186271429,1.915,mnist__cnn1__contrast__1.5__model_seed42_itr20_sgd_itr1_w295.bin
mnist,cnn1,model_seed42_itr20_sgd_itr1,contrast,1.5,1,463,-4.278565615415573,4.329349186271429,-4.278565589547112,4.329349186271429,false,true,-2.5367635913193234,-2.5367635913193234,1.2930329988509197,0.06084592044353485,n/a,WRONG,false,false,NaN,0.06084592044353485,n/a,false,true,0.060845920443534846,2.0816681711721685e-17,2.554,mnist__cnn1__contrast__1.5__model_seed42_itr20_sgd_itr1_w296.bin
mnist,cnn1,model_seed42_itr20_sgd_itr1,contrast,1.5,1,464,-4.278565615415573,4.329349186271429,-4.278565615415573,4.32934916431356,true,false,-2.5367635913193225,-2.5367635913193225,1.4479731587444518,0.06084592044353465,WRONG,n/a,false,false,-2.5367635804051605,NaN,false,n/a,true,1.7925855949521066,4.329349186271429,2.778,mnist__cnn1__contrast__1.5__model_seed42_itr20_sgd_itr1_w297.bin
mnist,cnn1,model_seed42_itr20_sgd_itr1,contrast,1.5,1,465,-4.278565615415573,4.329349186271429,-4.278565615415573,4.329349186271429,true,true,-4.329349186271429,-0.24279145389368761,0.14695155249599035,0.06084592044353465,WRONG,WRONG,false,true,-2.536763591319323,-0.0,false,true,true,0.26327083666834983,0.5060622905620376,1.969,mnist__cnn1__contrast__1.5__model_seed42_itr20_sgd_itr1_w298.bin
mnist,cnn1,model_seed42_itr20_sgd_itr1,contrast,1.5,1,466,-4.278565615415573,4.329349186271429,-4.278565589749311,4.329349186271429,false,true,-2.5367635913193225,-2.5367635913193225,0.1469515524959837,0.05663150370118206,n/a,WRONG,false,false,NaN,0.06084592044353485,n/a,false,true,0.05663150370118206,5.551115123125783e-17,8.603,mnist__cnn1__contrast__1.5__model_seed42_itr20_sgd_itr1_w299.bin
mnist,cnn1,model_seed42_itr20_sgd_itr1,contrast,1.5,1,467,-4.278565615415573,4.329349186271429,-4.278565615415573,4.329349186271429,true,true,-4.329349186271429,-0.4535124618792932,1.4335572980555837,0.06084592044353485,WRONG,WRONG,false,true,-2.5367635913193225,-0.0,false,true,true,0.40375150865875353,0.8572639705380467,1.372,mnist__cnn1__contrast__1.5__model_seed42_itr20_sgd_itr1_w300.bin
mnist,cnn1,model_seed42_itr20_sgd_itr1,contrast,1.5,1,468,-4.278565615415573,4.329349186271429,-4.278565615415573,4.329349186271429,true,true,-2.5367635913193225,-2.5367635913193225,0.14695155249598546,0.06084592044353485,WRONG,WRONG,false,true,-2.536763591319322,-0.0,false,true,true,1.7925855949521066,4.329349186271429,1.948,mnist__cnn1__contrast__1.5__model_seed42_itr20_sgd_itr1_w301.bin
mnist,cnn1,model_seed42_itr20_sgd_itr1,contrast,1.5,1,469,-4.278565615415573,4.329349186271429,-4.278565615415573,4.329349186271429,true,true,-2.5367635913193225,-2.5367635913193225,1.5839198107524914,0.06084592044353485,WRONG,WRONG,false,true,-2.5367635913193225,-0.0,false,true,true,1.7925855949521066,4.329349186271429,2.624,mnist__cnn1__contrast__1.5__model_seed42_itr20_sgd_itr1_w302.bin
mnist,cnn1,model_seed42_itr20_sgd_itr1,contrast,1.5,1,470,-4.278565615415573,4.329349186271429,-4.278565615415573,4.329349186271429,true,true,-2.5367635913193225,-2.5367635913193225,0.14695155249598368,0.013532560716443109,WRONG,WRONG,false,true,-2.5367635913193225,-0.0,false,true,true,1.7925855949521066,4.329349186271429,6.33,mnist__cnn1__contrast__1.5__model_seed42_itr20_sgd_itr1_w303.bin
mnist,cnn1,model_seed42_itr20_sgd_itr1,contrast,1.5,1,471,-4.278565615415573,4.329349186271429,-4.278565615415573,4.329349186271429,true,true,-2.5367635913193234,-2.5367635913193234,0.14695155249597947,0.06084591844351138,WRONG,WRONG,false,true,-2.5367635913193234,-0.0,false,true,true,1.7925855949521066,4.329349186271429,8.831,mnist__cnn1__contrast__1.5__model_seed42_itr20_sgd_itr1_w304.bin
mnist,cnn1,model_seed42_itr20_sgd_itr1,contrast,1.5,1,472,-4.278565615415573,4.329349186271429,-4.278565615415573,4.329349164318394,true,false,-2.5367635913193225,-2.5367635913193225,0.14695155249598235,0.06084592044353485,WRONG,n/a,false,false,-2.536763580407563,NaN,false,n/a,true,1.7925855949521066,4.329349186271429,5.284,mnist__cnn1__contrast__1.5__model_seed42_itr20_sgd_itr1_w305.bin
mnist,cnn1,model_seed42_itr20_sgd_itr1,contrast,1.5,1,473,-4.278565615415573,4.329349186271429,-4.278565589503268,4.329349186271429,false,true,-2.5367635913193225,-2.521467091277804,0.06084592044353485,0.06084592044353485,n/a,WRONG,false,false,NaN,0.06084592044353485,n/a,false,true,0.060845920443534846,0.0,3.57,mnist__cnn1__contrast__1.5__model_seed42_itr20_sgd_itr1_w306.bin
mnist,cnn1,model_seed42_itr20_sgd_itr1,contrast,1.5,1,474,-4.278565615415573,4.329349186271429,-4.278565615415573,4.329349186271429,true,true,-4.329349186271429,-0.012747721151463984,0.146951552495989,0.06084592044353485,WRONG,WRONG,false,false,-2.5367635913193225,Inf,false,false,true,0.10990834817353405,0.12265606932499797,1.937,mnist__cnn1__contrast__1.5__model_seed42_itr20_sgd_itr1_w307.bin
mnist,cnn1,model_seed42_itr20_sgd_itr1,contrast,1.5,1,475,-4.278565615415573,4.329349186271429,-4.278565615415573,4.329349164324503,true,false,-2.536763444637134,-2.536763444637134,0.1469515524959908,0.06084592030365218,WRONG,n/a,false,false,-2.536763580410599,NaN,false,n/a,true,1.7925855104395707,4.3293489605051265,3.639,mnist__cnn1__contrast__1.5__model_seed42_itr20_sgd_itr1_w308.bin
mnist,cnn1,model_seed42_itr20_sgd_itr1,contrast,1.5,1,476,-4.278565615415573,4.329349186271429,-4.278565615415573,4.329349186271429,true,true,-2.5367635913193234,-2.5367635913193234,0.14695155249598257,0.06084592044353465,WRONG,WRONG,false,true,-2.5367635913193234,-0.0,false,true,true,1.7925855949521066,4.329349186271429,2.505,mnist__cnn1__contrast__1.5__model_seed42_itr20_sgd_itr1_w309.bin
mnist,cnn1,model_seed42_itr20_sgd_itr1,contrast,1.5,1,477,-4.278565615415573,4.329349186271429,-4.278565615415573,4.329349186271429,true,true,-2.5367635913193225,-2.5367635913193225,0.14695155249599234,0.06084592044353465,WRONG,WRONG,false,false,-2.5367635913193225,0.05920967765990504,false,false,true,1.7925855949521066,4.329349186271429,3.401,mnist__cnn1__contrast__1.5__model_seed42_itr20_sgd_itr1_w310.bin
mnist,cnn1,model_seed42_itr20_sgd_itr1,contrast,1.5,1,478,-4.278565615415573,4.329349186271429,-4.278565615415573,4.329349186271429,true,true,-2.536763591319323,-2.536763591319323,0.1469515524959779,0.05663152032459129,WRONG,WRONG,false,false,-2.536763591319322,0.05920967765990504,false,false,true,1.7925855949521066,4.329349186271429,7.389,mnist__cnn1__contrast__1.5__model_seed42_itr20_sgd_itr1_w311.bin
mnist,cnn1,model_seed42_itr20_sgd_itr1,contrast,1.5,1,479,-4.278565615415573,4.329349186271429,-4.278565615415573,4.3293491642867545,true,false,-4.3293491642867545,-0.26117130328917604,0.14695155249598377,0.05920967765990504,WRONG,n/a,false,false,-2.536763580391836,NaN,false,n/a,true,0.2875530620761299,0.5487243653653059,10.046,mnist__cnn1__contrast__1.5__model_seed42_itr20_sgd_itr1_w312.bin
mnist,cnn1,model_seed42_itr20_sgd_itr1,contrast,1.5,1,480,-4.278565615415573,4.329349186271429,-4.278565615415573,4.329349186271429,true,true,-2.5367635913193225,-2.5367635913193225,0.06084592044353485,0.06084592044353485,WRONG,WRONG,false,false,-2.5367635913193225,0.05863862857422755,false,false,true,1.7925855949521066,4.329349186271429,5.291,mnist__cnn1__contrast__1.5__model_seed42_itr20_sgd_itr1_w313.bin
mnist,cnn1,model_seed42_itr20_sgd_itr1,contrast,1.5,1,481,-4.278565615415573,4.329349186271429,-4.278565615415573,4.329349186271429,true,true,-4.329349186271429,-0.014000844170178384,0.1469515524959868,0.05920967765990504,WRONG,WRONG,false,false,-2.536763591319323,0.060845920443535054,false,false,true,0.11162213642390872,0.1256229805940871,3.145,mnist__cnn1__contrast__1.5__model_seed42_itr20_sgd_itr1_w314.bin
mnist,cnn1,model_seed42_itr20_sgd_itr1,contrast,1.5,1,482,-4.278565615415573,4.329349186271429,-4.278565615415573,4.329349186271429,true,true,-4.329349186271429,-0.9201501711013932,0.14695155249597436,0.060845918443504884,WRONG,WRONG,false,true,-2.536763591319324,-0.0,false,true,true,0.7148433148068252,1.6349934859082134,6.867,mnist__cnn1__contrast__1.5__model_seed42_itr20_sgd_itr1_w315.bin
mnist,cnn1,model_seed42_itr20_sgd_itr1,contrast,1.5,1,483,-4.278565615415573,4.329349186271429,-4.278565615415573,4.32934916428043,true,false,-2.5367635913193225,-2.5367635913193225,1.4465491626893487,0.06084592044353485,WRONG,n/a,false,false,Inf,NaN,false,n/a,true,1.7925855949521066,4.329349186271429,3.104,mnist__cnn1__contrast__1.5__model_seed42_itr20_sgd_itr1_w316.bin
mnist,cnn1,model_seed42_itr20_sgd_itr1,contrast,1.5,1,484,-4.278565615415573,4.329349186271429,-4.278565615415573,4.329349186271429,true,true,-4.329349186271429,-0.0632950711824424,0.14695155249598812,0.06084592044353484,WRONG,WRONG,false,true,-2.5367635913193225,-0.0,false,true,true,0.14360658152751968,0.20690165270996214,1.268,mnist__cnn1__contrast__1.5__model_seed42_itr20_sgd_itr1_w317.bin
mnist,cnn1,model_seed42_itr20_sgd_itr1,contrast,1.5,1,485,-4.278565615415573,4.329349186271429,-4.278565615415573,4.329349164339636,true,false,-2.5367635913193225,-2.5367635913193225,0.14695155249598013,0.05663150370118239,WRONG,n/a,false,false,-2.5367635693874795,NaN,false,n/a,true,1.7925855949521066,4.329349186271429,13.332,mnist__cnn1__contrast__1.5__model_seed42_itr20_sgd_itr1_w318.bin
mnist,cnn1,model_seed42_itr20_sgd_itr1,contrast,1.5,1,486,-4.278565615415573,4.329349186271429,-4.278565615415573,4.329349186271429,true,true,-2.5367635913193225,-2.5367635913193225,0.14695155249598546,0.06084592044353485,WRONG,WRONG,false,false,-2.5367635913193225,0.05920967765990504,false,false,true,1.7925855949521066,4.329349186271429,2.917,mnist__cnn1__contrast__1.5__model_seed42_itr20_sgd_itr1_w319.bin
mnist,cnn1,model_seed42_itr20_sgd_itr1,contrast,1.5,2,1,-14.80805285146138,24.12840506969956,-14.808052851461392,24.128405069699568,false,false,NaN,NaN,NaN,NaN,n/a,n/a,false,false,NaN,NaN,n/a,n/a,false,NaN,NaN,0.0,
mnist,cnn1,model_seed42_itr20_sgd_itr1,contrast,1.5,2,2,-14.808052851461383,24.12840506969956,-14.8080528514614,24.12840506969956,true,false,-24.12840506969956,-0.6416202987348234,17.861630209794498,0.5944665377855162,WRONG,n/a,false,false,-9.67603504248629,NaN,false,n/a,true,1.4754559487276644,2.1170762474624882,1.479,mnist__cnn1__contrast__1.5__model_seed42_itr20_sgd_itr1_w320.bin
mnist,cnn1,model_seed42_itr20_sgd_itr1,contrast,1.5,2,3,-14.808052851461376,24.12840506969956,-14.808052851461412,24.12840506969956,true,false,-19.563769874569886,-0.0002519085826904188,11.68701020883386,0.0004251554878572511,WRONG,n/a,false,false,-8.404161034760909,NaN,false,n/a,true,13.907605831905306,13.907857620437804,21.539,mnist__cnn1__contrast__1.5__model_seed42_itr20_sgd_itr1_w321.bin
mnist,cnn1,model_seed42_itr20_sgd_itr1,contrast,1.5,2,4,-14.808052851461376,24.128405069699568,-14.808052851461479,24.128405069699568,true,false,-24.128405069699568,-1.5195565201137797,11.555837035894147,0.03241516486984687,WRONG,n/a,false,false,-8.183863386947698,NaN,false,n/a,true,3.6316142429664504,5.1511707630802315,44.417,mnist__cnn1__contrast__1.5__model_seed42_itr20_sgd_itr1_w322.bin
mnist,cnn1,model_seed42_itr20_sgd_itr1,contrast,1.5,2,5,-14.808052851461376,24.12840506969956,-14.80805285146138,33.775171781083,false,false,NaN,NaN,NaN,NaN,n/a,n/a,false,false,NaN,NaN,n/a,n/a,false,NaN,NaN,0.0,
mnist,cnn1,model_seed42_itr20_sgd_itr1,contrast,1.5,2,6,-14.80805285146138,24.12840506969956,-14.80805285146138,24.12840506969956,true,true,-24.12840506969956,-0.02514010372547193,12.522501657616623,0.4087382995011253,WRONG,WRONG,false,false,-9.630844657129863,Inf,false,false,true,1.1296495204717125,1.154789624197183,5.03,mnist__cnn1__contrast__1.5__model_seed42_itr20_sgd_itr1_w323.bin
mnist,cnn1,model_seed42_itr20_sgd_itr1,contrast,1.5,2,7,-14.808052851461381,24.12840506969956,-14.80805285146138,24.12840506969956,false,true,-24.12840506969956,-0.2394939432227552,13.334731402521372,0.4382592847460999,n/a,WRONG,false,false,NaN,0.43825928488992716,n/a,false,true,0.4382592847461,2.498001805406602e-16,2.558,mnist__cnn1__contrast__1.5__model_seed42_itr20_sgd_itr1_w324.bin
mnist,cnn1,model_seed42_itr20_sgd_itr1,contrast,1.5,2,8,-14.808052851461383,24.12840506969956,-14.808052851461383,33.775171742781254,false,true,-19.7142567104417,-6.630817275037959,12.177236625369597,0.49542510625119274,n/a,WRONG,false,false,NaN,0.49542510625119274,n/a,false,true,0.4954251062511917,1.4363510381087963e-15,8.557,mnist__cnn1__contrast__1.5__model_seed42_itr20_sgd_itr1_w325.bin
mnist,cnn1,model_seed42_itr20_sgd_itr1,contrast,1.5,2,9,-14.808052851461378,24.12840506969956,-14.808052851461381,24.12840506969956,true,false,-24.12840506969956,-0.5346573339539598,13.036465682219848,0.45461344533471504,WRONG,n/a,false,false,-6.743717624987912,NaN,false,n/a,true,1.7381516611955303,2.272808995149492,2.119,mnist__cnn1__contrast__1.5__model_seed42_itr20_sgd_itr1_w326.bin
mnist,cnn1,model_seed42_itr20_sgd_itr1,contrast,1.5,2,10,-9.74837989416665,27.050027875967164,-9.748379894166654,27.050029579221817,false,false,NaN,NaN,NaN,NaN,n/a,n/a,false,false,NaN,NaN,n/a,n/a,false,NaN,NaN,0.0,
mnist,cnn1,model_seed42_itr20_sgd_itr1,contrast,1.5,2,11,-9.748379894166654,27.05002787596716,-9.74837989416665,27.050029579221817,false,true,-19.52800735463519,-14.49287339098762,19.082394841663955,0.1377189804053302,n/a,WRONG,false,false,NaN,0.13774016263910466,n/a,false,true,0.13771898040533057,3.3306690738754696e-16,6.998,mnist__cnn1__contrast__1.5__model_seed42_itr20_sgd_itr1_w327.bin
mnist,cnn1,model_seed42_itr20_sgd_itr1,contrast,1.5,2,12,-9.748379894166652,27.049553165225294,-9.748379894166654,27.05002779831045,false,false,NaN,NaN,NaN,NaN,n/a,n/a,false,false,NaN,NaN,n/a,n/a,false,NaN,NaN,0.0,
mnist,cnn1,model_seed42_itr20_sgd_itr1,contrast,1.5,2,13,-9.74837989416665,27.050027875967164,-9.748379894166654,27.050016135125592,true,false,-23.989561213294223,-6.607479997321247,20.65748620968664,0.09383428325559079,WRONG,n/a,false,false,-9.702979876946614,NaN,false,n/a,true,4.561377136973478,11.168857134294727,3.236,mnist__cnn1__contrast__1.5__model_seed42_itr20_sgd_itr1_w328.bin
mnist,cnn1,model_seed42_itr20_sgd_itr1,contrast,1.5,2,14,-9.748379894166652,27.05002787596716,-9.748379894166643,27.05002787596716,false,true,-19.74299735450334,-15.703153419181403,16.22438945714539,0.03986050764254434,n/a,WRONG,false,false,NaN,0.0467883476544297,n/a,false,true,0.039860507642547394,4.996003610813204e-16,20.075,mnist__cnn1__contrast__1.5__model_seed42_itr20_sgd_itr1_w329.bin
mnist,cnn1,model_seed42_itr20_sgd_itr1,contrast,1.5,2,15,-9.74837989416665,27.050027875967164,-9.748379894166654,27.050027878368027,false,false,NaN,NaN,NaN,NaN,n/a,n/a,false,false,NaN,NaN,n/a,n/a,false,NaN,NaN,0.0,
mnist,cnn1,model_seed42_itr20_sgd_itr1,contrast,1.5,2,16,-9.74837989416665,27.050027875967164,-9.74837989416665,42.640268415700405,false,true,-42.640268415700405,-1.1037229609088262,16.718601389568718,0.02746839439043107,n/a,WRONG,false,false,NaN,0.027468394845603497,n/a,false,true,0.02746839439042896,0.0,2.087,mnist__cnn1__contrast__1.5__model_seed42_itr20_sgd_itr1_w330.bin
mnist,cnn1,model_seed42_itr20_sgd_itr1,contrast,1.5,2,17,-9.74837989416665,27.050028409493162,-9.74825677725971,27.050029579221817,false,true,-23.96450857870595,-5.399940276538457,16.836874124427574,0.035470311132784246,n/a,WRONG,false,false,NaN,0.03862014520371889,n/a,false,true,0.0354703111327844,6.938893903907228e-17,4.062,mnist__cnn1__contrast__1.5__model_seed42_itr20_sgd_itr1_w331.bin
mnist,cnn1,model_seed42_itr20_sgd_itr1,contrast,1.5,2,18,-9.74837989416665,27.05002840949317,-9.748379894166648,27.049494211141518,false,false,NaN,NaN,NaN,NaN,n/a,n/a,false,false,NaN,NaN,n/a,n/a,false,NaN,NaN,0.0,
mnist,cnn1,model_seed42_itr20_sgd_itr1,contrast,1.5,2,19,-8.870767614395023,33.416529155793945,-8.870767614394984,33.41652915579394,false,false,NaN,NaN,NaN,NaN,n/a,n/a,false,false,NaN,NaN,n/a,n/a,false,NaN,NaN,0.0,
mnist,cnn1,model_seed42_itr20_sgd_itr1,contrast,1.5,2,20,-8.870767614395014,33.416529155793945,-8.87076761439501,33.416529155793945,false,true,-33.416529155793945,-0.37694307899631774,16.15044377577236,0.0003652879717738222,n/a,WRONG,false,false,NaN,0.0003652879717738222,n/a,false,true,0.00036539358149104844,0.0,42.995,mnist__cnn1__contrast__1.5__model_seed42_itr20_sgd_itr1_w332.bin
mnist,cnn1,model_seed42_itr20_sgd_itr1,contrast,1.5,2,21,-8.870767614395007,33.416529155793945,-8.870767614395008,33.41652915579394,true,false,-33.41652915579394,-0.00029148728589101225,25.041911730130924,0.0003981827731386607,WRONG,n/a,false,false,-11.907151896913703,NaN,false,n/a,true,2.1458784444975434,2.146169931783434,1.231,mnist__cnn1__contrast__1.5__model_seed42_itr20_sgd_itr1_w333.bin
mnist,cnn1,model_seed42_itr20_sgd_itr1,contrast,1.5,2,22,-8.870767614395008,33.416529155793945,-8.87076761439501,33.41652915579394,true,false,-33.41652915579394,-1.9251901729267225,17.226621966707448,0.4960169395454755,WRONG,n/a,false,false,-17.811237034080023,NaN,false,n/a,true,4.525774407803298,6.45096458073002,2.589,mnist__cnn1__contrast__1.5__model_seed42_itr20_sgd_itr1_w334.bin
mnist,cnn1,model_seed42_itr20_sgd_itr1,contrast,1.5,2,23,-8.87076761439501,33.416529155793945,-8.870767614395008,33.416529155793945,false,true,-33.416529155793945,-1.8815088304287308,15.610044195636236,0.6379298924692223,n/a,WRONG,false,false,NaN,0.6911773366430995,n/a,false,true,0.6379298941358895,1.6666676788679169e-9,51.872,mnist__cnn1__contrast__1.5__model_seed42_itr20_sgd_itr1_w335.bin
mnist,cnn1,model_seed42_itr20_sgd_itr1,contrast,1.5,2,24,-8.870767614395005,33.416529155793945,-30.432249905482678,33.41652915579394,true,false,-33.41652915579394,-7.388055111955438,24.015016321084662,0.8337110326786692,WRONG,n/a,false,false,-19.257115970618898,NaN,false,n/a,true,6.314888483915225,13.702943595870702,1.399,mnist__cnn1__contrast__1.5__model_seed42_itr20_sgd_itr1_w336.bin
mnist,cnn1,model_seed42_itr20_sgd_itr1,contrast,1.5,2,25,-8.870767614395008,33.416529155793945,-8.870767614395012,33.416529155793945,true,false,-33.416529155793945,-0.09622290439896841,24.77450469984295,0.8402564952105649,WRONG,n/a,false,false,-11.444822538156242,NaN,false,n/a,true,1.4643775573927857,1.5606004617917582,0.86,mnist__cnn1__contrast__1.5__model_seed42_itr20_sgd_itr1_w337.bin
mnist,cnn1,model_seed42_itr20_sgd_itr1,contrast,1.5,2,26,-8.870767614395005,33.416529155793945,-8.870767614394966,33.41652915579394,false,false,NaN,NaN,NaN,NaN,n/a,n/a,false,false,NaN,NaN,n/a,n/a,false,NaN,NaN,0.0,
mnist,cnn1,model_seed42_itr20_sgd_itr1,contrast,1.5,2,27,-8.870767614395007,33.416529155793945,-8.870767614395005,33.414043582838886,false,false,NaN,NaN,NaN,NaN,n/a,n/a,false,false,NaN,NaN,n/a,n/a,false,NaN,NaN,0.0,
mnist,cnn1,model_seed42_itr20_sgd_itr1,contrast,1.5,2,28,-10.569601677553665,30.97563479820985,-10.570439428714183,30.97563479820985,true,false,-30.97563479820985,-0.0051280868157784765,10.904711531283652,0.015730689962679862,WRONG,n/a,false,false,-18.129715804290008,NaN,false,n/a,true,0.7278821808979249,0.7330102677137028,39.683,mnist__cnn1__contrast__1.5__model_seed42_itr20_sgd_itr1_w338.bin
mnist,cnn1,model_seed42_itr20_sgd_itr1,contrast,1.5,2,29,-10.570439428714169,30.97563479820985,-10.57043942871415,47.38427565524527,false,true,-47.38427565524527,-3.3548714978463523,11.110961269557485,0.2638768728156828,n/a,WRONG,false,false,NaN,0.2638768728156828,n/a,false,true,0.26387643896821367,0.0,28.527,mnist__cnn1__contrast__1.5__model_seed42_itr20_sgd_itr1_w339.bin
mnist,cnn1,model_seed42_itr20_sgd_itr1,contrast,1.5,2,30,-10.57043942871417,30.97563479820985,-10.570439428714174,30.975634798209835,true,false,-20.417788623309367,-16.786771465387908,18.94090365938453,0.34470578407546537,WRONG,n/a,false,false,-17.281759371193772,NaN,false,n/a,true,11.765690612424928,28.55246207782781,9.384,mnist__cnn1__contrast__1.5__model_seed42_itr20_sgd_itr1_w340.bin
mnist,cnn1,model_seed42_itr20_sgd_itr1,contrast,1.5,2,31,-10.570439428714174,30.97563479820985,-10.570439428714161,30.97563479820985,false,true,-30.97563479820985,-2.951115703599924,11.77346862116638,0.0011118285397361538,n/a,WRONG,false,false,NaN,0.0011118594652428531,n/a,false,true,0.0011117876823002499,2.8449465006019636e-16,16.267,mnist__cnn1__contrast__1.5__model_seed42_itr20_sgd_itr1_w341.bin
mnist,cnn1,model_seed42_itr20_sgd_itr1,contrast,1.5,2,32,-10.57043942871417,30.97563479820985,-10.57043942871418,30.975634798209853,false,false,NaN,NaN,NaN,NaN,n/a,n/a,false,false,NaN,NaN,n/a,n/a,false,NaN,NaN,0.0,
mnist,cnn1,model_seed42_itr20_sgd_itr1,contrast,1.5,2,33,-10.570439428714174,30.975634798209846,-10.570439428714183,30.975634798209843,true,false,-30.975634798209843,-0.00014408889071759745,11.384579169697405,0.018842483488725262,WRONG,n/a,false,false,-10.538393851861425,NaN,false,n/a,true,0.7528568974172208,0.753001002191893,49.732,mnist__cnn1__contrast__1.5__model_seed42_itr20_sgd_itr1_w342.bin
mnist,cnn1,model_seed42_itr20_sgd_itr1,contrast,1.5,2,34,-10.570439428714174,30.97563479820985,-10.57043942871417,30.97563479820985,false,true,-30.97563479820985,-0.29366304025733636,10.645357889526512,0.0030148222051881216,n/a,WRONG,false,false,NaN,0.0030148231898722844,n/a,false,true,0.0030150314234924595,2.092182600239162e-7,53.975,mnist__cnn1__contrast__1.5__model_seed42_itr20_sgd_itr1_w343.bin
mnist,cnn1,model_seed42_itr20_sgd_itr1,contrast,1.5,2,35,-10.570439428714172,30.975634798209853,-10.570439428714176,30.975634798209846,true,false,-30.975634798209846,-0.05936704325133313,11.646380554947209,0.008133084234421216,WRONG,n/a,false,false,-18.164763089537892,NaN,false,n/a,true,13.152691147802043,13.21205819105339,49.976,mnist__cnn1__contrast__1.5__model_seed42_itr20_sgd_itr1_w344.bin
mnist,cnn1,model_seed42_itr20_sgd_itr1,contrast,1.5,2,36,-10.570439428714174,30.97563479820985,-10.570439428714163,30.97563479820985,false,true,-30.97563479820985,-3.694105083040004,11.226022304782475,0.0015699486463659764,n/a,WRONG,false,true,NaN,-0.0,n/a,true,true,0.0015699486463655599,0.0,36.795,mnist__cnn1__contrast__1.5__model_seed42_itr20_sgd_itr1_w345.bin
mnist,cnn1,model_seed42_itr20_sgd_itr1,contrast,1.5,2,37,-9.583237665685274,25.400945368922958,-9.583237665685273,25.40094536892295,false,false,NaN,NaN,NaN,NaN,n/a,n/a,false,false,NaN,NaN,n/a,n/a,false,NaN,NaN,0.0,
mnist,cnn1,model_seed42_itr20_sgd_itr1,contrast,1.5,2,38,-9.583237665685274,25.40094536892296,-9.583237665685273,25.400945368922965,false,true,-16.61194221160066,-14.430327767356765,16.175577214963138,0.4052130603097911,n/a,WRONG,false,false,NaN,0.4052130603097911,n/a,false,true,0.40521306030979115,0.0,6.771,mnist__cnn1__contrast__1.5__model_seed42_itr20_sgd_itr1_w346.bin
mnist,cnn1,model_seed42_itr20_sgd_itr1,contrast,1.5,2,39,-9.583237665685274,25.400945368922965,-9.583237665685273,25.400891061130807,false,false,NaN,NaN,NaN,NaN,n/a,n/a,false,false,NaN,NaN,n/a,n/a,false,NaN,NaN,0.0,
mnist,cnn1,model_seed42_itr20_sgd_itr1,contrast,1.5,2,40,-9.583237665685274,25.400945368922965,-9.583237665685273,25.40094516999766,false,false,NaN,NaN,NaN,NaN,n/a,n/a,false,false,NaN,NaN,n/a,n/a,false,NaN,NaN,0.0,
mnist,cnn1,model_seed42_itr20_sgd_itr1,contrast,1.5,2,41,-9.583237665685274,25.400945368922958,-9.583237665685273,25.40094536890187,false,false,NaN,NaN,NaN,NaN,n/a,n/a,false,false,NaN,NaN,n/a,n/a,false,NaN,NaN,0.0,
mnist,cnn1,model_seed42_itr20_sgd_itr1,contrast,1.5,2,42,-9.583237665685274,25.400945368922965,-9.583237665685271,25.400945368922965,false,true,-25.400945368922965,-0.0025224751464771877,14.156407289119883,0.4624686958200388,n/a,WRONG,false,false,NaN,0.4624686959662867,n/a,false,true,0.46246869582003874,3.608224830031759e-16,1.075,mnist__cnn1__contrast__1.5__model_seed42_itr20_sgd_itr1_w347.bin
mnist,cnn1,model_seed42_itr20_sgd_itr1,contrast,1.5,2,43,-9.583237665685274,25.400945368922965,-9.583237665685271,25.400945233920883,false,false,NaN,NaN,NaN,NaN,n/a,n/a,false,false,NaN,NaN,n/a,n/a,false,NaN,NaN,0.0,
mnist,cnn1,model_seed42_itr20_sgd_itr1,contrast,1.5,2,44,-9.583237665685273,25.40094536892296,-9.583237457688776,25.400945368922958,false,false,NaN,NaN,NaN,NaN,n/a,n/a,false,false,NaN,NaN,n/a,n/a,false,NaN,NaN,0.0,
mnist,cnn1,model_seed42_itr20_sgd_itr1,contrast,1.5,2,45,-9.583237665685274,25.400945368922965,-9.583237665685274,25.400945368922965,true,true,-25.400945368922965,-0.0916314332605962,12.10693168822777,0.4336917811009407,WRONG,WRONG,false,true,-14.696446925218169,-0.0,false,true,true,0.7796287854596942,0.8712602187186004,2.783,mnist__cnn1__contrast__1.5__model_seed42_itr20_sgd_itr1_w348.bin
mnist,cnn1,model_seed42_itr20_sgd_itr1,contrast,1.5,2,46,-12.972473894500775,31.90557924517576,-12.972473894500775,64.8041474419374,false,true,-25.768590463620416,-17.390914185932672,30.520155202335594,0.06557699264023796,n/a,WRONG,false,false,NaN,0.06557699264023796,n/a,false,true,0.0655769926402382,4.440892098500626e-16,7.147,mnist__cnn1__contrast__1.5__model_seed42_itr20_sgd_itr1_w349.bin
mnist,cnn1,model_seed42_itr20_sgd_itr1,contrast,1.5,2,47,-12.972473894500773,31.905579245175755,-12.972473894500775,31.90557924517577,false,false,NaN,NaN,NaN,NaN,n/a,n/a,false,false,NaN,NaN,n/a,n/a,false,NaN,NaN,0.0,
mnist,cnn1,model_seed42_itr20_sgd_itr1,contrast,1.5,2,48,-12.972473894500773,31.905579245175755,-12.972473894500775,31.905579245175755,true,false,-31.905579245175755,-5.546960853126162,30.6847861803098,0.020455142656238275,WRONG,n/a,false,false,-16.78391751260601,NaN,false,n/a,true,3.7275373584377656,9.27449821156393,3.521,mnist__cnn1__contrast__1.5__model_seed42_itr20_sgd_itr1_w350.bin
mnist,cnn1,model_seed42_itr20_sgd_itr1,contrast,1.5,2,49,-12.972473894500775,31.905579245175755,-12.972473894500773,31.90557924931642,false,true,-31.90557924931642,-0.5986502093078725,29.65407671645001,0.1531036390273693,n/a,WRONG,false,false,NaN,0.1531036390273693,n/a,false,true,0.15310363902736862,0.0,1.682,mnist__cnn1__contrast__1.5__model_seed42_itr20_sgd_itr1_w351.bin
mnist,cnn1,model_seed42_itr20_sgd_itr1,contrast,1.5,2,50,-12.972473894500775,31.905579245175755,-12.972473894500775,31.905579245175755,true,true,-31.905579245175755,-0.005026962756700219,22.679376552188995,0.00466193088639537,WRONG,WRONG,false,false,-18.97766610564111,Inf,false,false,true,0.0,0.005026962756700559,10.222,mnist__cnn1__contrast__1.5__model_seed42_itr20_sgd_itr1_w352.bin
mnist,cnn1,model_seed42_itr20_sgd_itr1,contrast,1.5,2,51,-12.972473894500773,31.905579245175755,-12.972473894500773,31.905579245175755,true,true,-31.905579245175755,-1.904329604473968,29.508906606676465,0.047175151465248595,WRONG,WRONG,false,false,-18.384865687374344,Inf,false,false,true,1.3330168586019897,3.237346463075957,2.91,mnist__cnn1__contrast__1.5__model_seed42_itr20_sgd_itr1_w353.bin
mnist,cnn1,model_seed42_itr20_sgd_itr1,contrast,1.5,2,52,-12.972473894500775,31.90557924517576,-12.972473894500775,31.905579245175755,true,false,-31.905579245175755,-10.307920341997296,31.477629641939068,0.07329039686256728,WRONG,n/a,false,false,-17.67351646465921,NaN,false,n/a,true,6.878910495089258,17.18683083708655,3.023,mnist__cnn1__contrast__1.5__model_seed42_itr20_sgd_itr1_w354.bin
mnist,cnn1,model_seed42_itr20_sgd_itr1,contrast,1.5,2,53,-12.972473894500771,31.90557924517576,-12.972473894500771,31.90557924457646,true,false,-31.90557924457646,-1.0694325115920515,22.774397327043822,0.008123491661437152,WRONG,n/a,false,false,-19.104665933501742,NaN,false,n/a,true,0.6901342496884553,1.7595667612805075,16.278,mnist__cnn1__contrast__1.5__model_seed42_itr20_sgd_itr1_w355.bin
mnist,cnn1,model_seed42_itr20_sgd_itr1,contrast,1.5,2,54,-12.972473894500773,31.905579245175762,-12.972473894500773,64.80414746985194,false,true,-64.80414746985194,-1.1597887421507502,31.404531892633468,0.06958124278956412,n/a,WRONG,false,false,NaN,0.0695812428965148,n/a,false,true,0.06958124278955563,0.0,1.375,mnist__cnn1__contrast__1.5__model_seed42_itr20_sgd_itr1_w356.bin
