dataset,arch,model,perturbation,size,layer,neuron,l_org,u_org,l_pert,u_pert,guard_ge,guard_le,min_bound,min_val,max_bound,max_val,verdict_ge,verdict_le,old_stamp_ge,old_stamp_le,old_val_min,old_val_max,fired_ge,fired_le,witness_ok,witness_z,witness_zp,probe_sec,witness_file
mnist,cnn1,model_seed42_itr20,linf,0.1,1,82,-3.4341882613953203,5.783351950114593,-3.4341882613953203,5.783351950114593,true,true,-0.9217540211509916,-0.9217540211509916,0.9217540211509909,0.9217540211509909,WRONG,WRONG,false,false,-0.9217540211509916,0.9217540211509909,false,false,true,2.7755575615628914e-17,0.9217540211509914,2.926,mnist__cnn1__linf__0.1__model_seed42_itr20_w1.bin
mnist,cnn1,model_seed42_itr20,linf,0.1,1,83,-3.4341882613953203,5.783351950114593,-3.4341882613953203,5.783351950114593,true,true,-0.9217540211509913,-0.9217540211509913,0.9217540211509915,0.9217540211509915,WRONG,WRONG,false,false,-0.9217540211509914,0.9217540211509914,false,false,true,0.0,0.9217540211509911,1.713,mnist__cnn1__linf__0.1__model_seed42_itr20_w2.bin
mnist,cnn1,model_seed42_itr20,linf,0.1,1,84,-3.4341882613953203,5.783351950114593,-3.4341882613953203,5.783351950114593,true,true,-0.9217540211509916,-0.9217540211509916,0.9217540211509916,0.9217540211509916,WRONG,WRONG,false,false,-0.9217540211509916,0.9217540211509916,false,false,true,1.3877787807814457e-16,0.9217540211509915,1.331,mnist__cnn1__linf__0.1__model_seed42_itr20_w3.bin
mnist,cnn1,model_seed42_itr20,linf,0.1,1,85,-3.4341882613953203,5.783351950114593,-3.4341882613953203,5.783351950114593,true,true,-0.9217540211509911,-0.9217540211509911,0.9217540211509913,0.9217540211509913,WRONG,WRONG,false,false,-0.9217540211509911,0.9217540211509913,false,false,true,0.0,0.9217540211509908,1.962,mnist__cnn1__linf__0.1__model_seed42_itr20_w4.bin
mnist,cnn1,model_seed42_itr20,linf,0.1,1,86,-3.4341882613953203,5.783351950114593,-3.4341882613953203,5.783351950114593,true,true,-0.9217540211509914,-0.9217540211509914,0.921754021150991,0.921754021150991,WRONG,WRONG,false,false,-0.9217540211509915,0.9217540211509914,false,false,true,0.0,0.9217540211509911,1.951,mnist__cnn1__linf__0.1__model_seed42_itr20_w5.bin
mnist,cnn1,model_seed42_itr20,linf,0.1,1,87,-3.4341882613953203,5.783351950114593,-3.4341882613953203,5.783351950114593,true,true,-0.9217540211509916,-0.9217540211509916,0.9217540211509914,0.9217540211509914,WRONG,WRONG,false,false,-0.9217540211509916,0.9217540211509914,false,false,true,1.3877787807814457e-17,0.9217540211509914,1.124,mnist__cnn1__linf__0.1__model_seed42_itr20_w6.bin
mnist,cnn1,model_seed42_itr20,linf,0.1,1,88,-3.4341882613953203,5.783351950114593,-3.4341882613953203,5.783351950114593,true,true,-5.783351950114593,-0.8403620366787545,5.783351950114593,0.8538858434796583,WRONG,WRONG,false,false,-0.9217540211509911,0.9217540211509916,false,false,true,0.5024560596470999,1.3428180963258542,1.103,mnist__cnn1__linf__0.1__model_seed42_itr20_w7.bin
mnist,cnn1,model_seed42_itr20,linf,0.1,1,89,-3.4341882613953203,5.783351950114593,-3.4341882613953203,5.783351950114593,true,true,-0.9217540211509914,-0.9217540211509914,0.9217540211509916,0.9217540211509916,WRONG,WRONG,false,false,-0.9217540211509914,0.9217540211509916,false,false,true,0.0,0.9217540211509913,1.402,mnist__cnn1__linf__0.1__model_seed42_itr20_w8.bin
mnist,cnn1,model_seed42_itr20,linf,0.1,1,90,-3.4341882613953203,5.783351950114593,-3.4341882613953203,5.783351950114593,true,true,-0.9217540211509914,-0.9217540211509914,0.9217540211509914,0.9217540211509914,WRONG,WRONG,false,false,-0.9217540211509915,0.9217540211509914,false,false,true,1.3877787807814457e-17,0.9217540211509913,1.673,mnist__cnn1__linf__0.1__model_seed42_itr20_w9.bin
mnist,cnn1,model_seed42_itr20,linf,0.1,1,91,-3.4341882613953203,5.783351950114593,-3.4341882613953203,5.783351950114593,true,true,-0.921754021150991,-0.921754021150991,0.9217540211509923,0.9217540211509923,WRONG,WRONG,false,false,-0.921754021150991,0.9217540211509923,false,false,true,0.0,0.9217540211509913,1.804,mnist__cnn1__linf__0.1__model_seed42_itr20_w10.bin
mnist,cnn1,model_seed42_itr20,linf,0.1,1,92,-3.4341882613953203,5.783351950114593,-3.4341882613953203,5.783351950114593,true,true,-0.9217540211509914,-0.9217540211509914,0.9217540211509914,0.9217540211509914,WRONG,WRONG,false,false,-0.9217540211509914,0.9217540211509914,false,false,true,2.7755575615628914e-17,0.9217540211509911,1.395,mnist__cnn1__linf__0.1__model_seed42_itr20_w11.bin
mnist,cnn1,model_seed42_itr20,linf,0.1,1,93,-3.4341882613953203,5.783351950114593,-3.4341882613953203,5.783351950114593,true,true,-0.9217540211509914,-0.9217540211509914,0.9217540211509915,0.9217540211509915,WRONG,WRONG,false,false,-0.9217540211509914,0.9217540211509915,false,false,true,2.7755575615628914e-17,0.9217540211509913,1.893,mnist__cnn1__linf__0.1__model_seed42_itr20_w12.bin
mnist,cnn1,model_seed42_itr20,linf,0.1,1,94,-3.4341882613953203,5.783351950114593,-3.4341882613953203,5.783351950114593,true,true,-0.9217540211509916,-0.9217540211509916,0.9217540211509915,0.9217540211509915,WRONG,WRONG,false,false,-0.9217540211509916,0.9217540211509915,false,false,true,0.0,0.9217540211509913,1.569,mnist__cnn1__linf__0.1__model_seed42_itr20_w13.bin
mnist,cnn1,model_seed42_itr20,linf,0.1,1,95,-3.4341882613953203,5.783351950114593,-3.4341882613953203,5.783351950114593,true,true,-0.9217540211509915,-0.9217540211509915,0.9217540211509911,0.9217540211509911,WRONG,WRONG,false,false,-0.9217540211509915,0.9217540211509911,false,false,true,2.7755575615628914e-17,0.9217540211509911,2.034,mnist__cnn1__linf__0.1__model_seed42_itr20_w14.bin
mnist,cnn1,model_seed42_itr20,linf,0.1,1,96,-3.4341882613953203,5.783351950114593,-3.4341882613953203,5.783351950114593,true,true,-5.783351950114593,-0.920525955328716,5.783351950114593,0.8972983419154507,WRONG,WRONG,false,false,-0.9217540211509915,0.9217540211509916,false,false,true,0.0,0.9205259553287157,0.403,mnist__cnn1__linf__0.1__model_seed42_itr20_w15.bin
mnist,cnn1,model_seed42_itr20,linf,0.1,1,97,-3.4341882613953203,5.783351950114593,-3.4341882613953203,5.783351950114593,true,true,-5.783351950114593,-0.8542101023049177,5.783351950114593,0.9217540211509911,WRONG,WRONG,false,false,-0.9217540211509914,0.9217540211509913,false,false,true,2.914335439641036e-16,0.8542101023049176,1.111,mnist__cnn1__linf__0.1__model_seed42_itr20_w16.bin
mnist,cnn1,model_seed42_itr20,linf,0.1,1,98,-3.4341882613953203,5.783351950114593,-3.4341882613953203,5.783351950114593,true,true,-0.9217540211509916,-0.9217540211509916,0.9217540211509915,0.9217540211509915,WRONG,WRONG,false,false,-0.9217540211509916,0.9217540211509915,false,false,true,1.3877787807814457e-16,0.9217540211509916,1.882,mnist__cnn1__linf__0.1__model_seed42_itr20_w17.bin
mnist,cnn1,model_seed42_itr20,linf,0.1,1,99,-3.4341882613953203,5.783351950114593,-3.4341882613953203,5.783351950114593,true,true,-5.783351950114593,-0.9152652917962232,5.783351950114593,0.9217540211509916,WRONG,WRONG,false,false,-0.9217540211509914,0.9217540211509915,false,false,true,2.7755575615628914e-17,0.9152652917962232,0.817,mnist__cnn1__linf__0.1__model_seed42_itr20_w18.bin
mnist,cnn1,model_seed42_itr20,linf,0.1,1,100,-3.4341882613953203,5.783351950114593,-3.4341882613953203,5.783351950114593,true,true,-0.9217540211509914,-0.9217540211509914,0.9217540211509915,0.9217540211509915,WRONG,WRONG,false,false,-0.9217540211509914,0.9217540211509914,false,false,true,3.608224830031759e-16,0.9217540211509915,1.374,mnist__cnn1__linf__0.1__model_seed42_itr20_w19.bin
mnist,cnn1,model_seed42_itr20,linf,0.1,1,101,-3.4341882613953203,5.783351950114593,-3.4341882613953203,5.783351950114593,true,true,-0.9217540211509916,-0.9217540211509916,0.9217540211509914,0.9217540211509914,WRONG,WRONG,false,false,-0.9217540211509916,0.9217540211509914,false,false,true,1.3877787807814457e-16,0.9217540211509914,2.106,mnist__cnn1__linf__0.1__model_seed42_itr20_w20.bin
mnist,cnn1,model_seed42_itr20,linf,0.1,1,102,-3.4341882613953203,5.783351950114593,-3.4341882613953203,5.783351950114593,true,true,-0.9217540211509914,-0.9217540211509914,0.9217540211509914,0.9217540211509914,WRONG,WRONG,false,false,-0.9217540211509914,0.9217540211509914,false,false,true,0.0,0.9217540211509913,1.69,mnist__cnn1__linf__0.1__model_seed42_itr20_w21.bin
mnist,cnn1,model_seed42_itr20,linf,0.1,1,103,-3.4341882613953203,5.783351950114593,-3.4341882613953203,5.783351950114593,true,true,-0.9217540211509914,-0.9217540211509914,0.9217540211509914,0.9217540211509914,WRONG,WRONG,false,false,-0.9217540211509914,0.9217540211509914,false,false,true,0.0,0.9217540211509913,1.763,mnist__cnn1__linf__0.1__model_seed42_itr20_w22.bin
mnist,cnn1,model_seed42_itr20,linf,0.1,1,104,-3.4341882613953203,5.783351950114593,-3.4341882613953203,5.783351950114593,true,true,-0.9217540211509914,-0.9217540211509914,0.9217540211509895,0.9217540211509895,WRONG,WRONG,false,false,-0.9217540211509914,0.9217540211509895,false,false,true,8.326672684688674e-17,0.9217540211509913,1.825,mnist__cnn1__linf__0.1__model_seed42_itr20_w23.bin
mnist,cnn1,model_seed42_itr20,linf,0.1,1,105,-3.4341882613953203,5.783351950114593,-3.4341882613953203,5.783351950114593,true,true,-0.9217540211509915,-0.9217540211509915,0.9217540211509914,0.9217540211509914,WRONG,WRONG,false,false,-0.9217540211509915,0.9217540211509914,false,false,true,2.7755575615628914e-17,0.9217540211509913,1.175,mnist__cnn1__linf__0.1__model_seed42_itr20_w24.bin
mnist,cnn1,model_seed42_itr20,linf,0.1,1,106,-3.4341882613953203,5.783351950114593,-3.4341882613953203,5.783351950114593,true,true,-0.9217540211509914,-0.9217540211509914,0.9217540211509915,0.9217540211509915,WRONG,WRONG,false,false,-0.9217540211509914,0.9217540211509915,false,false,true,0.0,0.9217540211509913,1.133,mnist__cnn1__linf__0.1__model_seed42_itr20_w25.bin
mnist,cnn1,model_seed42_itr20,linf,0.1,1,107,-3.4341882613953203,5.783351950114593,-3.4341882613953203,5.783351950114593,true,true,-5.783351950114593,-0.8127760312438732,5.783351950114593,0.8092457484869595,WRONG,WRONG,false,false,-0.9217540211509915,0.9217540211509915,false,false,true,0.458567299302321,1.2713433305461943,0.687,mnist__cnn1__linf__0.1__model_seed42_itr20_w26.bin
mnist,cnn1,model_seed42_itr20,linf,0.1,1,108,-3.4341882613953203,5.783351950114593,-3.4341882613953203,5.783351950114593,true,true,-0.9217540211509915,-0.9217540211509915,0.9217540211509914,0.9217540211509914,WRONG,WRONG,false,false,-0.9217540211509915,0.9217540211509914,false,false,true,2.7755575615628914e-17,0.9217540211509914,1.284,mnist__cnn1__linf__0.1__model_seed42_itr20_w27.bin
mnist,cnn1,model_seed42_itr20,linf,0.1,1,109,-3.4341882613953203,5.783351950114593,-3.4341882613953203,5.783351950114593,true,true,-5.783351950114593,-0.9217540211509914,0.9217540211509914,0.9217540211509914,WRONG,WRONG,false,false,-0.9217540211509929,0.9217540211509914,false,false,true,8.326672684688674e-17,0.9217540211509913,1.015,mnist__cnn1__linf__0.1__model_seed42_itr20_w28.bin
mnist,cnn1,model_seed42_itr20,linf,0.1,1,110,-3.4341882613953203,5.783351950114593,-3.4341882613953203,5.783351950114593,true,true,-0.9217540211509915,-0.9217540211509915,0.9217540211509913,0.9217540211509913,WRONG,WRONG,false,false,-0.9217540211509915,0.9217540211509913,false,false,true,2.7755575615628914e-17,0.9217540211509913,1.563,mnist__cnn1__linf__0.1__model_seed42_itr20_w29.bin
mnist,cnn1,model_seed42_itr20,linf,0.1,1,111,-3.4341882613953203,5.783351950114593,-3.4341882613953203,5.783351950114593,true,true,-0.9217540211509915,-0.9217540211509915,0.9217540211509914,0.9217540211509914,WRONG,WRONG,false,false,-0.9217540211509915,0.9217540211509914,false,false,true,0.0,0.9217540211509913,1.672,mnist__cnn1__linf__0.1__model_seed42_itr20_w30.bin
mnist,cnn1,model_seed42_itr20,linf,0.1,1,112,-3.4341882613953203,5.783351950114593,-3.4341882613953203,5.783351950114593,true,true,-0.9217540211509915,-0.9217540211509915,0.9217540211509916,0.9217540211509916,WRONG,WRONG,false,false,-0.9217540211509915,0.9217540211509916,false,false,true,8.326672684688674e-17,0.9217540211509913,1.649,mnist__cnn1__linf__0.1__model_seed42_itr20_w31.bin
mnist,cnn1,model_seed42_itr20,linf,0.1,1,113,-3.4341882613953203,5.783351950114593,-3.4341882613953203,5.783351950114593,true,true,-0.9217540211509914,-0.9217540211509914,0.9217540211509913,0.9217540211509913,WRONG,WRONG,false,false,-0.9217540211509914,0.9217540211509913,false,false,true,6.938893903907228e-17,0.9217540211509916,1.655,mnist__cnn1__linf__0.1__model_seed42_itr20_w32.bin
mnist,cnn1,model_seed42_itr20,linf,0.1,1,114,-3.4341882613953203,5.783351950114593,-3.4341882613953203,5.783351950114593,true,true,-0.9217540211509914,-0.9217540211509914,0.9217540211509914,0.9217540211509914,WRONG,WRONG,false,false,-0.9217540211509914,0.9217540211509914,false,false,true,1.3877787807814457e-17,0.9217540211509911,1.57,mnist__cnn1__linf__0.1__model_seed42_itr20_w33.bin
mnist,cnn1,model_seed42_itr20,linf,0.1,1,115,-3.4341882613953203,5.783351950114593,-3.4341882613953203,5.783351950114593,true,true,-0.9217540211509916,-0.9217540211509916,0.9217540211509914,0.9217540211509914,WRONG,WRONG,false,false,-0.9217540211509916,0.9217540211509914,false,false,true,8.326672684688674e-17,0.9217540211509913,1.323,mnist__cnn1__linf__0.1__model_seed42_itr20_w34.bin
mnist,cnn1,model_seed42_itr20,linf,0.1,1,116,-3.4341882613953203,5.783351950114593,-3.4341882613953203,5.783351950114593,true,true,-0.9217540211509916,-0.9217540211509916,0.9217540211509915,0.9217540211509915,WRONG,WRONG,false,false,-0.9217540211509916,0.9217540211509915,false,false,true,1.3877787807814457e-16,0.9217540211509913,1.482,mnist__cnn1__linf__0.1__model_seed42_itr20_w35.bin
mnist,cnn1,model_seed42_itr20,linf,0.1,1,117,-3.4341882613953203,5.783351950114593,-3.4341882613953203,5.783351950114593,true,true,-0.9217540211509915,-0.9217540211509915,0.9217540211509914,0.9217540211509914,WRONG,WRONG,false,false,-0.9217540211509915,0.9217540211509914,false,false,true,0.0,0.9217540211509914,1.159,mnist__cnn1__linf__0.1__model_seed42_itr20_w36.bin
mnist,cnn1,model_seed42_itr20,linf,0.1,1,118,-3.4341882613953203,5.783351950114593,-3.4341882613953203,5.783351950114593,true,true,-0.9217540211509915,-0.9217540211509915,0.92175402115099,0.92175402115099,WRONG,WRONG,false,false,-0.9217540211509915,0.92175402115099,false,false,true,2.7755575615628914e-17,0.9217540211509914,1.81,mnist__cnn1__linf__0.1__model_seed42_itr20_w37.bin
mnist,cnn1,model_seed42_itr20,linf,0.1,1,119,-3.4341882613953203,5.783351950114593,-3.4341882613953203,5.783351950114593,true,true,-0.9217540211509913,-0.9217540211509913,0.9217540211509915,0.9217540211509915,WRONG,WRONG,false,false,-0.9217540211509913,0.9217540211509915,false,false,true,0.0,0.9217540211509913,2.024,mnist__cnn1__linf__0.1__model_seed42_itr20_w38.bin
mnist,cnn1,model_seed42_itr20,linf,0.1,1,120,-3.4341882613953203,5.783351950114593,-3.4341882613953203,5.783351950114593,true,true,-0.9217540211509913,-0.9217540211509913,0.9217540211509916,0.9217540211509916,WRONG,WRONG,false,false,-0.9217540211509913,0.9217540211509916,false,false,true,0.0,0.9217540211509913,1.702,mnist__cnn1__linf__0.1__model_seed42_itr20_w39.bin
mnist,cnn1,model_seed42_itr20,linf,0.1,1,121,-3.4341882613953203,5.783351950114593,-3.4341882613953203,5.783351950114593,true,true,-0.9217540211509914,-0.9217540211509914,0.9217540211509914,0.9217540211509914,WRONG,WRONG,false,false,-0.9217540211509914,0.9217540211509914,false,false,true,8.326672684688674e-17,0.9217540211509913,1.929,mnist__cnn1__linf__0.1__model_seed42_itr20_w40.bin
mnist,cnn1,model_seed42_itr20,linf,0.1,1,122,-3.4341882613953203,5.783351950114593,-3.4341882613953203,5.783351950114593,true,true,-0.9217540211509915,-0.9217540211509915,0.9217540211509915,0.9217540211509915,WRONG,WRONG,false,false,-0.9217540211509913,0.9217540211509913,false,false,true,0.0,0.9217540211509914,2.298,mnist__cnn1__linf__0.1__model_seed42_itr20_w41.bin
mnist,cnn1,model_seed42_itr20,linf,0.1,1,123,-3.4341882613953203,5.783351950114593,-3.4341882613953203,5.783351950114593,true,true,-0.9217540211509914,-0.9217540211509914,0.9217540211509907,0.9217540211509907,WRONG,WRONG,false,false,-0.9217540211509914,0.9217540211509907,false,false,true,2.7755575615628914e-17,0.9217540211509914,2.031,mnist__cnn1__linf__0.1__model_seed42_itr20_w42.bin
mnist,cnn1,model_seed42_itr20,linf,0.1,1,124,-3.4341882613953203,5.783351950114593,-3.4341882613953203,5.783351950114593,true,true,-0.9217540211509916,-0.9217540211509916,0.9217540211509914,0.9217540211509914,WRONG,WRONG,false,false,-0.9217540211509916,0.9217540211509914,false,false,true,1.942890293094024e-16,0.9217540211509915,1.633,mnist__cnn1__linf__0.1__model_seed42_itr20_w43.bin
mnist,cnn1,model_seed42_itr20,linf,0.1,1,125,-3.4341882613953203,5.783351950114593,-3.4341882613953203,5.783351950114593,true,true,-0.9217540211509915,-0.9217540211509915,0.9217540211509915,0.9217540211509915,WRONG,WRONG,false,false,-0.9217540211509914,0.9217540211509915,false,false,true,0.0,0.9217540211509913,1.802,mnist__cnn1__linf__0.1__model_seed42_itr20_w44.bin
mnist,cnn1,model_seed42_itr20,linf,0.1,1,126,-3.4341882613953203,5.783351950114593,-3.4341882613953203,5.783351950114593,true,true,-0.9217540211509916,-0.9217540211509916,0.9217540211509914,0.9217540211509914,WRONG,WRONG,false,false,-0.9217540211509916,0.9217540211509914,false,false,true,0.0,0.9217540211509914,1.778,mnist__cnn1__linf__0.1__model_seed42_itr20_w45.bin
mnist,cnn1,model_seed42_itr20,linf,0.1,1,127,-3.4341882613953203,5.783351950114593,-3.4341882613953203,5.783351950114593,true,true,-5.783351950114593,-0.9217540211509914,0.9217540211509914,0.9217540211509914,WRONG,WRONG,false,false,-0.9217540211509914,0.9217540211509915,false,false,true,0.0,0.9217540211509913,1.093,mnist__cnn1__linf__0.1__model_seed42_itr20_w46.bin
mnist,cnn1,model_seed42_itr20,linf,0.1,1,128,-3.4341882613953203,5.783351950114593,-3.4341882613953203,5.783351950114593,true,true,-0.921754021150992,-0.921754021150992,0.9217540211509914,0.9217540211509914,WRONG,WRONG,false,false,-0.921754021150992,0.9217540211509914,false,false,true,9.992007221626409e-16,0.9217540211509918,1.659,mnist__cnn1__linf__0.1__model_seed42_itr20_w47.bin
mnist,cnn1,model_seed42_itr20,linf,0.1,1,129,-3.4341882613953203,5.783351950114593,-3.4341882613953203,5.783351950114593,true,true,-0.9217540211509913,-0.9217540211509913,0.9217540211509911,0.9217540211509911,WRONG,WRONG,false,false,-0.9217540211509913,0.9217540211509911,false,false,true,0.0,0.9217540211509914,1.395,mnist__cnn1__linf__0.1__model_seed42_itr20_w48.bin
mnist,cnn1,model_seed42_itr20,linf,0.1,1,130,-3.4341882613953203,5.783351950114593,-3.4341882613953203,5.783351950114593,true,true,-0.921754021150991,-0.921754021150991,0.9217540211509914,0.9217540211509914,WRONG,WRONG,false,false,-0.921754021150991,0.9217540211509916,false,false,true,0.0,0.921754021150991,1.98,mnist__cnn1__linf__0.1__model_seed42_itr20_w49.bin
mnist,cnn1,model_seed42_itr20,linf,0.1,1,131,-3.4341882613953203,5.783351950114593,-3.4341882613953203,5.783351950114593,true,true,-0.9217540211509914,-0.9217540211509914,0.9217540211509914,0.9217540211509914,WRONG,WRONG,false,false,-0.9217540211509914,0.9217540211509914,false,false,true,2.7755575615628914e-17,0.9217540211509914,1.445,mnist__cnn1__linf__0.1__model_seed42_itr20_w50.bin
mnist,cnn1,model_seed42_itr20,linf,0.1,1,132,-3.4341882613953203,5.783351950114593,-3.4341882613953203,5.783351950114593,true,true,-0.9217540211509914,-0.9217540211509914,0.9217540211509914,0.9217540211509914,WRONG,WRONG,false,false,-0.9217540211509914,0.9217540211509914,false,false,true,0.0,0.9217540211509913,1.736,mnist__cnn1__linf__0.1__model_seed42_itr20_w51.bin
mnist,cnn1,model_seed42_itr20,linf,0.1,1,133,-3.4341882613953203,5.783351950114593,-3.4341882613953203,5.783351950114593,true,true,-5.783351950114593,-0.5723960173658977,5.783351950114593,0.9217540211509914,WRONG,WRONG,false,false,-0.9217540211509911,0.9217540211509911,false,false,true,1.249000902703301e-16,0.5723960173658977,0.441,mnist__cnn1__linf__0.1__model_seed42_itr20_w52.bin
mnist,cnn1,model_seed42_itr20,linf,0.1,1,134,-3.4341882613953203,5.783351950114593,-3.4341882613953203,5.783351950114593,true,true,-0.9217540211509914,-0.9217540211509914,0.9217540211509914,0.9217540211509914,WRONG,WRONG,false,false,-0.9217540211509914,0.9217540211509914,false,false,true,0.0,0.9217540211509914,1.982,mnist__cnn1__linf__0.1__model_seed42_itr20_w53.bin
mnist,cnn1,model_seed42_itr20,linf,0.1,1,135,-3.4341882613953203,5.783351950114593,-3.4341882613953203,5.783351950114593,true,true,-0.9217540211509914,-0.9217540211509914,0.9217540211509916,0.9217540211509916,WRONG,WRONG,false,false,-0.9217540211509914,0.9217540211509916,false,false,true,2.7755575615628914e-17,0.9217540211509911,1.624,mnist__cnn1__linf__0.1__model_seed42_itr20_w54.bin
mnist,cnn1,model_seed42_itr20,linf,0.1,1,136,-3.4341882613953203,5.783351950114593,-3.4341882613953203,5.783351950114593,true,true,-0.9217540211509913,-0.9217540211509913,0.9217540211509913,0.9217540211509913,WRONG,WRONG,false,false,-0.9217540211509913,0.9217540211509913,false,false,true,0.0,0.9217540211509913,1.689,mnist__cnn1__linf__0.1__model_seed42_itr20_w55.bin
mnist,cnn1,model_seed42_itr20,linf,0.1,1,137,-3.4341882613953203,5.783351950114593,-3.4341882613953203,5.783351950114593,true,true,-5.783351950114593,-0.6667076380227541,5.783351950114593,0.827732318677751,WRONG,WRONG,false,false,-0.9217540211509911,0.9217540211509914,false,false,true,0.0,0.6667076380227539,0.647,mnist__cnn1__linf__0.1__model_seed42_itr20_w56.bin
mnist,cnn1,model_seed42_itr20,linf,0.1,1,138,-3.4341882613953203,5.783351950114593,-3.4341882613953203,5.783351950114593,true,true,-0.9217540211509914,-0.9217540211509914,0.9217540211509914,0.9217540211509914,WRONG,WRONG,false,false,-0.9217540211509914,0.9217540211509914,false,false,true,1.1102230246251565e-16,0.9217540211509914,1.706,mnist__cnn1__linf__0.1__model_seed42_itr20_w57.bin
mnist,cnn1,model_seed42_itr20,linf,0.1,1,139,-3.4341882613953203,5.783351950114593,-3.4341882613953203,5.783351950114593,true,true,-0.9217540211509914,-0.9217540211509914,0.9217540211509923,0.9217540211509915,WRONG,WRONG,false,false,-0.9217540211509914,0.9217540211509915,false,false,true,0.0,0.9217540211509914,2.763,mnist__cnn1__linf__0.1__model_seed42_itr20_w58.bin
mnist,cnn1,model_seed42_itr20,linf,0.1,1,140,-3.4341882613953203,5.783351950114593,-3.4341882613953203,5.783351950114593,true,true,-0.9217540211509914,-0.9217540211509914,0.9217540211509915,0.9217540211509915,WRONG,WRONG,false,false,-0.9217540211509914,0.9217540211509915,false,false,true,0.0,0.921754021150991,1.352,mnist__cnn1__linf__0.1__model_seed42_itr20_w59.bin
mnist,cnn1,model_seed42_itr20,linf,0.1,1,141,-3.4341882613953203,5.783351950114593,-3.4341882613953203,5.783351950114593,true,true,-0.9217540211509914,-0.9217540211509914,0.9217540211509914,0.9217540211509914,WRONG,WRONG,false,false,-0.9217540211509914,0.9217540211509914,false,false,true,0.0,0.9217540211509911,1.177,mnist__cnn1__linf__0.1__model_seed42_itr20_w60.bin
mnist,cnn1,model_seed42_itr20,linf,0.1,1,142,-3.4341882613953203,5.783351950114593,-3.4341882613953203,5.783351950114593,true,true,-0.9217540211509914,-0.9217540211509914,0.9217540211509914,0.9217540211509914,WRONG,WRONG,false,false,-0.9217540211509914,0.9217540211509914,false,false,true,0.0,0.9217540211509911,1.384,mnist__cnn1__linf__0.1__model_seed42_itr20_w61.bin
mnist,cnn1,model_seed42_itr20,linf,0.1,1,143,-3.4341882613953203,5.783351950114593,-3.4341882613953203,5.783351950114593,true,true,-0.9217540211509917,-0.9217540211509917,0.9217540211509914,0.9217540211509914,WRONG,WRONG,false,false,-0.9217540211509917,0.9217540211509914,false,false,true,1.3877787807814457e-16,0.9217540211509917,1.642,mnist__cnn1__linf__0.1__model_seed42_itr20_w62.bin
mnist,cnn1,model_seed42_itr20,linf,0.1,1,144,-3.4341882613953203,5.783351950114593,-3.4341882613953203,5.783351950114593,true,true,-0.9217540211509914,-0.9217540211509914,0.9217540211509915,0.9217540211509915,WRONG,WRONG,false,false,-0.9217540211509914,0.9217540211509915,false,false,true,8.326672684688674e-17,0.9217540211509914,1.569,mnist__cnn1__linf__0.1__model_seed42_itr20_w63.bin
mnist,cnn1,model_seed42_itr20,linf,0.1,1,145,-3.4341882613953203,5.783351950114593,-3.4341882613953203,5.783351950114593,true,true,-0.9217540211509908,-0.9217540211509908,0.9217540211509911,0.9217540211509911,WRONG,WRONG,false,false,-0.9217540211509908,0.9217540211509911,false,false,true,0.0,0.9217540211509913,2.015,mnist__cnn1__linf__0.1__model_seed42_itr20_w64.bin
mnist,cnn1,model_seed42_itr20,linf,0.1,1,146,-3.4341882613953203,5.783351950114593,-3.4341882613953203,5.783351950114593,true,true,-0.9217540211509915,-0.9217540211509915,0.9217540211509914,0.9217540211509914,WRONG,WRONG,false,false,-0.9217540211509915,0.9217540211509911,false,false,true,2.7755575615628914e-17,0.9217540211509913,1.818,mnist__cnn1__linf__0.1__model_seed42_itr20_w65.bin
mnist,cnn1,model_seed42_itr20,linf,0.1,1,147,-3.4341882613953203,5.783351950114593,-3.4341882613953203,5.783351950114593,true,true,-0.9217540211509918,-0.9217540211509918,0.9217540211509918,0.9217540211509918,WRONG,WRONG,false,false,-0.9217540211509918,0.9217540211509918,false,false,true,1.6653345369377348e-16,0.9217540211509911,1.522,mnist__cnn1__linf__0.1__model_seed42_itr20_w66.bin
mnist,cnn1,model_seed42_itr20,linf,0.1,1,148,-3.4341882613953203,5.783351950114593,-3.4341882613953203,5.783351950114593,true,true,-0.9217540211509916,-0.9217540211509916,0.9217540211509915,0.9217540211509915,WRONG,WRONG,false,false,-0.9217540211509916,0.9217540211509915,false,false,true,0.0,0.9217540211509914,1.48,mnist__cnn1__linf__0.1__model_seed42_itr20_w67.bin
mnist,cnn1,model_seed42_itr20,linf,0.1,1,149,-3.4341882613953203,5.783351950114593,-3.4341882613953203,5.783351950114593,true,true,-0.9217540211509915,-0.8520446892085451,5.783351950114593,0.8529329321855932,WRONG,WRONG,false,false,-0.9217540211509911,0.9217540211509911,false,false,true,0.14161307681193924,0.9936577660204845,1.674,mnist__cnn1__linf__0.1__model_seed42_itr20_w68.bin
mnist,cnn1,model_seed42_itr20,linf,0.1,1,150,-3.4341882613953203,5.783351950114593,-3.4341882613953203,5.783351950114593,true,true,-0.9217540211509914,-0.9217540211509914,0.9217540211509915,0.9217540211509915,WRONG,WRONG,false,false,-0.9217540211509914,0.9217540211509911,false,false,true,2.7755575615628914e-17,0.9217540211509911,1.48,mnist__cnn1__linf__0.1__model_seed42_itr20_w69.bin
mnist,cnn1,model_seed42_itr20,linf,0.1,1,151,-3.4341882613953203,5.783351950114593,-3.4341882613953203,5.783351950114593,true,true,-0.921754021150991,-0.921754021150991,0.9217540211509911,0.9217540211509911,WRONG,WRONG,false,false,-0.921754021150991,0.9217540211509911,false,false,true,0.0,0.9217540211509909,1.923,mnist__cnn1__linf__0.1__model_seed42_itr20_w70.bin
mnist,cnn1,model_seed42_itr20,linf,0.1,1,152,-3.4341882613953203,5.783351950114593,-3.4341882613953203,5.783351950114593,true,true,-0.9217540211509916,-0.9217540211509916,5.783351950114593,0.6712210304338802,WRONG,WRONG,false,false,-0.9217540211509916,0.9217540211509914,false,false,true,0.12762806550257155,1.0493820866535626,1.57,mnist__cnn1__linf__0.1__model_seed42_itr20_w71.bin
mnist,cnn1,model_seed42_itr20,linf,0.1,1,153,-3.4341882613953203,5.783351950114593,-3.4341882613953203,5.783351950114593,true,true,-0.9217540211509914,-0.9217540211509914,0.9217540211509914,0.9217540211509914,WRONG,WRONG,false,false,-0.9217540211509914,0.9217540211509914,false,false,true,2.7755575615628914e-17,0.9217540211509913,1.298,mnist__cnn1__linf__0.1__model_seed42_itr20_w72.bin
mnist,cnn1,model_seed42_itr20,linf,0.1,1,154,-3.4341882613953203,5.783351950114593,-3.4341882613953203,5.783351950114593,true,true,-5.783351950114593,-0.9217540211509914,0.9217540211509915,0.9217540211509915,WRONG,WRONG,false,false,-0.9217540211509909,0.9217540211509915,false,false,true,2.7755575615628914e-17,0.9217540211509913,1.038,mnist__cnn1__linf__0.1__model_seed42_itr20_w73.bin
mnist,cnn1,model_seed42_itr20,linf,0.1,1,155,-3.4341882613953203,5.783351950114593,-3.4341882613953203,5.783351950114593,true,true,-0.9217540211509911,-0.9217540211509911,0.9217540211509914,0.9217540211509914,WRONG,WRONG,false,false,-0.9217540211509911,0.9217540211509914,false,false,true,1.3877787807814457e-16,0.9217540211509911,1.167,mnist__cnn1__linf__0.1__model_seed42_itr20_w74.bin
mnist,cnn1,model_seed42_itr20,linf,0.1,1,156,-3.4341882613953203,5.783351950114593,-3.4341882613953203,5.783351950114593,true,true,-0.9217540211509914,-0.9217540211509914,0.9217540211509914,0.9217540211509914,WRONG,WRONG,false,false,-0.9217540211509914,0.9217540211509914,false,false,true,2.7755575615628914e-17,0.9217540211509911,1.282,mnist__cnn1__linf__0.1__model_seed42_itr20_w75.bin
mnist,cnn1,model_seed42_itr20,linf,0.1,1,157,-3.4341882613953203,5.783351950114593,-3.4341882613953203,5.783351950114593,true,true,-0.9217540211509914,-0.9217540211509914,0.921754021150991,0.921754021150991,WRONG,WRONG,false,false,-0.9217540211509914,0.921754021150991,false,false,true,2.7755575615628914e-17,0.9217540211509911,1.645,mnist__cnn1__linf__0.1__model_seed42_itr20_w76.bin
mnist,cnn1,model_seed42_itr20,linf,0.1,1,158,-3.4341882613953203,5.783351950114593,-3.4341882613953203,5.783351950114593,true,true,-0.9217540211509914,-0.9217540211509914,0.9217540211509909,0.9217540211509909,WRONG,WRONG,false,false,-0.9217540211509914,0.9217540211509909,false,false,true,1.249000902703301e-16,0.9217540211509913,1.562,mnist__cnn1__linf__0.1__model_seed42_itr20_w77.bin
mnist,cnn1,model_seed42_itr20,linf,0.1,1,159,-3.4341882613953203,5.783351950114593,-3.4341882613953203,5.783351950114593,true,true,-0.9217540211509914,-0.9217540211509914,0.9217540211509918,0.9217540211509918,WRONG,WRONG,false,false,-0.9217540211509913,0.9217540211509918,false,false,true,0.0,0.9217540211509915,1.648,mnist__cnn1__linf__0.1__model_seed42_itr20_w78.bin
mnist,cnn1,model_seed42_itr20,linf,0.1,1,160,-3.4341882613953203,5.783351950114593,-3.4341882613953203,5.783351950114593,true,true,-0.9217540211509914,-0.9217540211509914,0.9217540211509915,0.9217540211509915,WRONG,WRONG,false,false,-0.9217540211509914,0.9217540211509915,false,false,true,0.0,0.9217540211509913,2.024,mnist__cnn1__linf__0.1__model_seed42_itr20_w79.bin
mnist,cnn1,model_seed42_itr20,linf,0.1,1,161,-3.4341882613953203,5.783351950114593,-3.4341882613953203,5.783351950114593,true,true,-0.9217540211509914,-0.9217540211509914,0.9217540211509916,0.9217540211509916,WRONG,WRONG,false,false,-0.9217540211509914,0.9217540211509916,false,false,true,6.938893903907228e-17,0.9217540211509913,1.492,mnist__cnn1__linf__0.1__model_seed42_itr20_w80.bin
mnist,cnn1,model_seed42_itr20,linf,0.1,1,162,-3.4341882613953203,5.783351950114593,-3.4341882613953203,5.783351950114593,true,true,-0.9217540211509916,-0.9217540211509916,0.9217540211509914,0.9217540211509914,WRONG,WRONG,false,false,-0.9217540211509916,0.9217540211509914,false,false,true,0.0,0.9217540211509909,1.828,mnist__cnn1__linf__0.1__model_seed42_itr20_w81.bin
mnist,cnn1,model_seed42_itr20,linf,0.1,1,244,-0.316251503652893,7.688750999164768,-0.316251503652893,7.688750999164768,true,true,-7.688750999164768,-0.800500250281766,7.688750999164768,0.800500250281766,WRONG,WRONG,false,false,-0.800500250281766,0.800500250281766,false,false,true,0.028440833166762387,0.8289410834485286,0.487,mnist__cnn1__linf__0.1__model_seed42_itr20_w82.bin
mnist,cnn1,model_seed42_itr20,linf,0.1,1,245,-0.316251503652893,7.688750999164768,-0.316251503652893,7.688750999164768,true,true,-7.688750999164768,-0.800500250281766,7.688750999164768,0.8005002502817662,WRONG,WRONG,false,false,-0.800500250281766,0.8005002502817662,false,false,true,0.05223272012477654,0.8527329704065427,0.432,mnist__cnn1__linf__0.1__model_seed42_itr20_w83.bin
mnist,cnn1,model_seed42_itr20,linf,0.1,1,246,-0.316251503652893,7.688750999164768,-0.316251503652893,7.688750999164768,true,true,-7.688750999164768,-0.7986022047924015,7.688750999164768,0.800500250281766,WRONG,WRONG,false,false,-0.8005002502817666,0.8005002502817655,false,false,true,0.08078815422110633,0.879390359013508,0.436,mnist__cnn1__linf__0.1__model_seed42_itr20_w84.bin
mnist,cnn1,model_seed42_itr20,linf,0.1,1,247,-0.316251503652893,7.688750999164768,-0.316251503652893,7.688750999164768,true,true,-0.8005002502817661,-0.8005002502817661,0.8005002502817662,0.8005002502817662,WRONG,WRONG,false,false,-0.800500250281766,0.8005002502817661,false,false,true,0.0,0.8005002502817662,1.197,mnist__cnn1__linf__0.1__model_seed42_itr20_w85.bin
mnist,cnn1,model_seed42_itr20,linf,0.1,1,248,-0.316251503652893,7.688750999164768,-0.316251503652893,7.688750999164768,true,true,-0.8005002502817661,-0.8005002502817661,0.800500250281766,0.800500250281766,WRONG,WRONG,false,false,-0.8005002502817661,0.800500250281766,false,false,true,2.42861286636753e-17,0.8005002502817662,2.243,mnist__cnn1__linf__0.1__model_seed42_itr20_w86.bin
mnist,cnn1,model_seed42_itr20,linf,0.1,1,249,-0.316251503652893,7.688750999164768,-0.316251503652893,7.688750999164768,true,true,-7.688750999164768,-0.8005002502817662,0.8005002502817661,0.8005002502817661,WRONG,WRONG,false,false,-0.800500250281766,0.8005002502817661,false,false,true,0.0,0.8005002502817662,1.021,mnist__cnn1__linf__0.1__model_seed42_itr20_w87.bin
mnist,cnn1,model_seed42_itr20,linf,0.1,1,250,-0.316251503652893,7.688750999164768,-0.316251503652893,7.688750999164768,true,true,-0.8005002502817661,-0.8005002502817661,0.800500250281766,0.800500250281766,WRONG,WRONG,false,false,-0.8005002502817661,0.800500250281766,false,false,true,8.673617379884035e-18,0.8005002502817661,1.25,mnist__cnn1__linf__0.1__model_seed42_itr20_w88.bin
mnist,cnn1,model_seed42_itr20,linf,0.1,1,251,-0.316251503652893,7.688750999164768,-0.316251503652893,7.688750999164768,true,true,-0.800500250281766,-0.800500250281766,0.800500250281766,0.800500250281766,WRONG,WRONG,false,false,-0.800500250281766,0.800500250281766,false,false,true,0.0,0.8005002502817661,1.628,mnist__cnn1__linf__0.1__model_seed42_itr20_w89.bin
mnist,cnn1,model_seed42_itr20,linf,0.1,1,252,-0.316251503652893,7.688750999164768,-0.316251503652893,7.688750999164768,true,true,-0.800500250281766,-0.800500250281766,0.8005002502817661,0.8005002502817661,WRONG,WRONG,false,false,-0.800500250281766,0.8005002502817661,false,false,true,1.734723475976807e-18,0.8005002502817663,1.843,mnist__cnn1__linf__0.1__model_seed42_itr20_w90.bin
mnist,cnn1,model_seed42_itr20,linf,0.1,1,253,-0.316251503652893,7.688750999164768,-0.316251503652893,7.688750999164768,true,true,-7.688750999164768,-0.800500250281766,7.688750999164768,0.7986022047924015,WRONG,WRONG,false,false,-0.800500250281766,0.8005002502817664,false,false,true,0.0,0.8005002502817662,0.517,mnist__cnn1__linf__0.1__model_seed42_itr20_w91.bin
mnist,cnn1,model_seed42_itr20,linf,0.1,1,254,-0.316251503652893,7.688750999164768,-0.316251503652893,7.688750999164768,true,true,-7.688750999164768,-0.8005002502817661,7.688750999164768,0.8005002502817661,WRONG,WRONG,false,false,-0.8005002502817661,0.8005002502817661,false,false,true,0.0,0.8005002502817662,0.603,mnist__cnn1__linf__0.1__model_seed42_itr20_w92.bin
mnist,cnn1,model_seed42_itr20,linf,0.1,1,255,-0.316251503652893,7.688750999164768,-0.316251503652893,7.688750999164768,true,true,-7.688750999164768,-0.8005002502817662,7.688750999164768,0.7986022047924017,WRONG,WRONG,false,false,-0.8005002502817662,0.800500250281766,false,false,true,0.04971534391438081,0.8502155941961469,0.611,mnist__cnn1__linf__0.1__model_seed42_itr20_w93.bin
mnist,cnn1,model_seed42_itr20,linf,0.1,1,256,-0.316251503652893,7.688750999164768,-0.316251503652893,7.688750999164768,true,true,-0.8005002502817662,-0.8005002502817662,0.8005002502817667,0.800500250281766,WRONG,WRONG,false,false,-0.8005002502817661,0.800500250281766,false,false,true,1.734723475976807e-18,0.8005002502817662,2.41,mnist__cnn1__linf__0.1__model_seed42_itr20_w94.bin
mnist,cnn1,model_seed42_itr20,linf,0.1,1,257,-0.316251503652893,7.688750999164768,-0.316251503652893,7.688750999164768,true,true,-0.8005002502817661,-0.8005002502817661,0.8005002502817667,0.8005002502817661,WRONG,WRONG,false,false,-0.800500250281766,0.800500250281766,false,false,true,4.163336342344337e-17,0.8005002502817662,1.99,mnist__cnn1__linf__0.1__model_seed42_itr20_w95.bin
mnist,cnn1,model_seed42_itr20,linf,0.1,1,258,-0.316251503652893,7.688750999164768,-0.316251503652893,7.688750999164768,true,true,-7.688750999164768,-0.8005002502817661,7.688750999164768,0.8005002502817659,WRONG,WRONG,false,false,-0.8005002502817661,0.8005002502817659,false,false,true,0.14674502270943096,0.947245272991197,0.316,mnist__cnn1__linf__0.1__model_seed42_itr20_w96.bin
mnist,cnn1,model_seed42_itr20,linf,0.1,1,259,-0.316251503652893,7.688750999164768,-0.316251503652893,7.688750999164768,true,true,-7.688750999164768,-0.8005002502817662,7.688750999164768,0.8005002502817662,WRONG,WRONG,false,false,-0.8005002502817662,0.8005002502817662,false,false,true,0.05276616758112166,0.8532664178628878,0.338,mnist__cnn1__linf__0.1__model_seed42_itr20_w97.bin
mnist,cnn1,model_seed42_itr20,linf,0.1,1,260,-0.316251503652893,7.688750999164768,-0.316251503652893,7.688750999164768,true,true,-7.688750999164768,-0.8005002502817661,7.688750999164768,0.8005002502817661,WRONG,WRONG,false,false,-0.8005002502817661,0.8005002502817661,false,false,true,0.06444576145986691,0.864946011741633,0.365,mnist__cnn1__linf__0.1__model_seed42_itr20_w98.bin
mnist,cnn1,model_seed42_itr20,linf,0.1,1,261,-0.316251503652893,7.688750999164768,-0.316251503652893,7.688750999164768,true,true,-7.688750999164768,-0.800500250281766,7.688750999164768,0.7986022047924016,WRONG,WRONG,false,false,-0.800500250281766,0.8005002502817662,false,false,true,0.0500889801624458,0.8505892304442119,0.376,mnist__cnn1__linf__0.1__model_seed42_itr20_w99.bin
mnist,cnn1,model_seed42_itr20,linf,0.1,1,262,-0.316251503652893,7.688750999164768,-0.316251503652893,7.688750999164768,true,true,-7.688750999164768,-0.7986022047924017,7.688750999164768,0.7467268336069992,WRONG,WRONG,false,false,-0.8005002502817655,0.8005002502817664,false,false,true,0.07669922535671164,0.8753014301491134,0.422,mnist__cnn1__linf__0.1__model_seed42_itr20_w100.bin
mnist,cnn1,model_seed42_itr20,linf,0.1,1,263,-0.316251503652893,7.688750999164768,-0.316251503652893,7.688750999164768,true,true,-0.800500250281766,-0.800500250281766,0.8005002502817661,0.8005002502817661,WRONG,WRONG,false,false,-0.8005002502817664,0.8005002502817662,false,false,true,1.734723475976807e-17,0.8005002502817662,1.702,mnist__cnn1__linf__0.1__model_seed42_itr20_w101.bin
mnist,cnn1,model_seed42_itr20,linf,0.1,1,264,-0.316251503652893,7.688750999164768,-0.316251503652893,7.688750999164768,true,true,-0.8005002502817661,-0.8005002502817661,0.8005002502818038,0.8005002502818038,WRONG,WRONG,false,false,-0.8005002502817661,0.8005002502818038,false,false,true,0.0,0.8005002502817661,2.666,mnist__cnn1__linf__0.1__model_seed42_itr20_w102.bin
mnist,cnn1,model_seed42_itr20,linf,0.1,1,265,-0.316251503652893,7.688750999164768,-0.316251503652893,7.688750999164768,true,true,-7.688750999164768,-0.8005002502817661,7.688750999164768,0.7790898029057425,WRONG,WRONG,false,false,-0.8005002502817661,0.8005002502817655,false,false,true,0.702398548035943,1.5028987983177093,0.54,mnist__cnn1__linf__0.1__model_seed42_itr20_w103.bin
mnist,cnn1,model_seed42_itr20,linf,0.1,1,266,-0.316251503652893,7.688750999164768,-0.316251503652893,7.688750999164768,true,true,-0.800500250281766,-0.800500250281766,0.8005002502817656,0.8005002502817656,WRONG,WRONG,false,false,-0.8005002502817655,0.8005002502817664,false,false,true,0.0,0.8005002502817661,1.461,mnist__cnn1__linf__0.1__model_seed42_itr20_w104.bin
mnist,cnn1,model_seed42_itr20,linf,0.1,1,267,-0.316251503652893,7.688750999164768,-0.316251503652893,7.688750999164768,true,true,-0.8005002502817661,-0.8005002502817661,0.8005002502817662,0.800500250281766,WRONG,WRONG,false,false,-0.8005002502817663,0.8005002502817661,false,false,true,6.938893903907228e-18,0.8005002502817662,1.792,mnist__cnn1__linf__0.1__model_seed42_itr20_w105.bin
mnist,cnn1,model_seed42_itr20,linf,0.1,1,268,-0.316251503652893,7.688750999164768,-0.316251503652893,7.688750999164768,true,true,-0.800500250281766,-0.800500250281766,0.800500250281766,0.800500250281766,WRONG,WRONG,false,false,-0.800500250281766,0.800500250281766,false,false,true,3.122502256758253e-17,0.8005002502817663,2.839,mnist__cnn1__linf__0.1__model_seed42_itr20_w106.bin
mnist,cnn1,model_seed42_itr20,linf,0.1,1,269,-0.316251503652893,7.688750999164768,-0.316251503652893,7.688750999164768,true,true,-0.800500250281766,-0.800500250281766,0.800500250281768,0.8005002502817664,WRONG,WRONG,false,false,-0.800500250281766,0.8005002502817661,false,false,true,0.0,0.8005002502817662,1.088,mnist__cnn1__linf__0.1__model_seed42_itr20_w107.bin
mnist,cnn1,model_seed42_itr20,linf,0.1,1,270,-0.316251503652893,7.688750999164768,-0.316251503652893,7.688750999164768,true,true,-7.688750999164768,-0.7559235586178203,0.8005002502817661,0.8005002502817661,WRONG,WRONG,false,false,-0.800500250281766,0.8005002502817661,false,false,true,0.0,0.7559235586178206,1.088,mnist__cnn1__linf__0.1__model_seed42_itr20_w108.bin
mnist,cnn1,model_seed42_itr20,linf,0.1,1,271,-0.316251503652893,7.688750999164768,-0.316251503652893,7.688750999164768,true,true,-7.688750999164768,-0.8005002502817664,7.688750999164768,0.7986022047924016,WRONG,WRONG,false,false,-0.8005002502817664,0.8005002502817655,false,false,true,1.349614864309956e-15,0.8005002502817674,0.473,mnist__cnn1__linf__0.1__model_seed42_itr20_w109.bin
mnist,cnn1,model_seed42_itr20,linf,0.1,1,272,-0.316251503652893,7.688750999164768,-0.316251503652893,7.688750999164768,true,true,-0.8005002502817663,-0.8005002502817663,0.8005002502817666,0.8005002502817666,WRONG,WRONG,false,false,-0.8005002502817662,0.8005002502817666,false,false,true,0.0,0.8005002502817661,1.504,mnist__cnn1__linf__0.1__model_seed42_itr20_w110.bin
mnist,cnn1,model_seed42_itr20,linf,0.1,1,273,-0.316251503652893,7.688750999164768,-0.316251503652893,7.688750999164768,true,true,-0.8005002502817661,-0.8005002502817661,0.8005002502817662,0.8005002502817662,WRONG,WRONG,false,false,-0.8005002502817661,0.8005002502817662,false,false,true,0.0,0.8005002502817662,2.72,mnist__cnn1__linf__0.1__model_seed42_itr20_w111.bin
mnist,cnn1,model_seed42_itr20,linf,0.1,1,274,-0.316251503652893,7.688750999164768,-0.316251503652893,7.688750999164768,true,true,-0.800500250281766,-0.800500250281766,0.800500250281767,0.8005002502817661,WRONG,WRONG,false,false,-0.800500250281766,0.8005002502817661,false,false,true,1.734723475976807e-18,0.8005002502817662,1.555,mnist__cnn1__linf__0.1__model_seed42_itr20_w112.bin
mnist,cnn1,model_seed42_itr20,linf,0.1,1,275,-0.316251503652893,7.688750999164768,-0.316251503652893,7.688750999164768,true,true,-7.688750999164768,-0.800037705600479,0.800500250281766,0.800500250281766,WRONG,WRONG,false,false,-0.8005002502817661,0.8005002502817662,false,false,true,0.0,0.8000377056004792,1.441,mnist__cnn1__linf__0.1__model_seed42_itr20_w113.bin
mnist,cnn1,model_seed42_itr20,linf,0.1,1,276,-0.316251503652893,7.688750999164768,-0.316251503652893,7.688750999164768,true,true,-0.8005002502817661,-0.8005002502817661,0.8005002502817662,0.8005002502817662,WRONG,WRONG,false,false,-0.8005002502817661,0.8005002502817662,false,false,true,1.3877787807814457e-17,0.8005002502817661,2.161,mnist__cnn1__linf__0.1__model_seed42_itr20_w114.bin
mnist,cnn1,model_seed42_itr20,linf,0.1,1,277,-0.316251503652893,7.688750999164768,-0.316251503652893,7.688750999164768,true,true,-7.688750999164768,-0.7538059304794467,0.8005002502817661,0.8005002502817661,WRONG,WRONG,false,false,-0.8005002502817662,0.8005002502817661,false,false,true,0.0,0.7538059304794468,1.649,mnist__cnn1__linf__0.1__model_seed42_itr20_w115.bin
mnist,cnn1,model_seed42_itr20,linf,0.1,1,278,-0.316251503652893,7.688750999164768,-0.316251503652893,7.688750999164768,true,true,-0.8005002502817661,-0.8005002502817661,0.800500250281767,0.8005002502817661,WRONG,WRONG,false,false,-0.8005002502817661,0.8005002502817661,false,false,true,5.204170427930421e-18,0.8005002502817662,1.797,mnist__cnn1__linf__0.1__model_seed42_itr20_w116.bin
mnist,cnn1,model_seed42_itr20,linf,0.1,1,279,-0.316251503652893,7.688750999164768,-0.316251503652893,7.688750999164768,true,true,-0.800500250281766,-0.800500250281766,0.8005002502817661,0.8005002502817661,WRONG,WRONG,false,false,-0.800500250281766,0.8005002502817661,false,false,true,3.469446951953614e-18,0.8005002502817662,1.754,mnist__cnn1__linf__0.1__model_seed42_itr20_w117.bin
mnist,cnn1,model_seed42_itr20,linf,0.1,1,280,-0.316251503652893,7.688750999164768,-0.316251503652893,7.688750999164768,true,true,-7.688750999164768,-0.8005002502817657,7.688750999164768,0.800500250281766,WRONG,WRONG,false,false,-0.8005002502817657,0.800500250281766,false,false,true,1.0979586164011346,1.8984588666829005,0.388,mnist__cnn1__linf__0.1__model_seed42_itr20_w118.bin
mnist,cnn1,model_seed42_itr20,linf,0.1,1,281,-0.316251503652893,7.688750999164768,-0.316251503652893,7.688750999164768,true,true,-7.688750999164768,-0.800500250281766,7.688750999164768,0.8005002502817662,WRONG,WRONG,false,false,-0.800500250281766,0.8005002502817662,false,false,true,0.06468518106768036,0.8651854313494464,0.38,mnist__cnn1__linf__0.1__model_seed42_itr20_w119.bin
mnist,cnn1,model_seed42_itr20,linf,0.1,1,282,-0.316251503652893,7.688750999164768,-0.316251503652893,7.688750999164768,true,true,-7.688750999164768,-0.800500250281766,7.688750999164768,0.7986022047924017,WRONG,WRONG,false,false,-0.800500250281766,0.8005002502817669,false,false,true,0.08354834575830457,0.8840485960400707,0.391,mnist__cnn1__linf__0.1__model_seed42_itr20_w120.bin
mnist,cnn1,model_seed42_itr20,linf,0.1,1,283,-0.316251503652893,7.688750999164768,-0.316251503652893,7.688750999164768,true,true,-0.8005002502817661,-0.8005002502817661,0.8005002502817661,0.8005002502817661,WRONG,WRONG,false,false,-0.8005002502817659,0.8005002502817664,false,false,true,0.0,0.8005002502817661,1.27,mnist__cnn1__linf__0.1__model_seed42_itr20_w121.bin
mnist,cnn1,model_seed42_itr20,linf,0.1,1,284,-0.316251503652893,7.688750999164768,-0.316251503652893,7.688750999164768,true,true,-0.800500250281766,-0.800500250281766,0.8005002502817662,0.8005002502817662,WRONG,WRONG,false,false,-0.800500250281766,0.8005002502817659,false,false,true,4.7704895589362195e-18,0.8005002502817662,1.752,mnist__cnn1__linf__0.1__model_seed42_itr20_w122.bin
mnist,cnn1,model_seed42_itr20,linf,0.1,1,285,-0.316251503652893,7.688750999164768,-0.316251503652893,7.688750999164768,true,true,-7.688750999164768,-0.8001048363734972,7.688750999164768,0.7302066420108752,WRONG,WRONG,false,false,-0.800500250281766,0.8005002502817684,false,false,true,0.15382098528348057,0.9539258216569778,0.439,mnist__cnn1__linf__0.1__model_seed42_itr20_w123.bin
mnist,cnn1,model_seed42_itr20,linf,0.1,1,286,-0.316251503652893,7.688750999164768,-0.316251503652893,7.688750999164768,true,true,-7.688750999164768,-0.800500250281766,7.688750999164768,0.800500250281766,WRONG,WRONG,false,false,-0.800500250281766,0.800500250281766,false,false,true,7.632783294297951e-17,0.8005002502817662,0.436,mnist__cnn1__linf__0.1__model_seed42_itr20_w124.bin
mnist,cnn1,model_seed42_itr20,linf,0.1,1,287,-0.316251503652893,7.688750999164768,-0.316251503652893,7.688750999164768,true,true,-7.688750999164768,-0.7136794077768936,7.688750999164768,0.8005002502817661,WRONG,WRONG,false,false,-0.800500250281766,0.8005002502817661,false,false,true,0.0,0.7136794077768939,0.479,mnist__cnn1__linf__0.1__model_seed42_itr20_w125.bin
mnist,cnn1,model_seed42_itr20,linf,0.1,1,288,-0.316251503652893,7.688750999164768,-0.316251503652893,7.688750999164768,true,true,-0.8005002502817661,-0.8005002502817661,0.800500250281766,0.800500250281766,WRONG,WRONG,false,false,-0.8005002502817661,0.800500250281766,false,false,true,3.469446951953614e-18,0.8005002502817661,1.505,mnist__cnn1__linf__0.1__model_seed42_itr20_w126.bin
mnist,cnn1,model_seed42_itr20,linf,0.1,1,289,-0.316251503652893,7.688750999164768,-0.316251503652893,7.688750999164768,true,true,-7.688750999164768,-0.8005002502817657,7.688750999164768,0.7986022047924013,WRONG,WRONG,false,false,-0.8005002502817657,0.8005002502817655,false,false,true,1.418023471478719,2.2185237217604854,0.445,mnist__cnn1__linf__0.1__model_seed42_itr20_w127.bin
mnist,cnn1,model_seed42_itr20,linf,0.1,1,290,-0.316251503652893,7.688750999164768,-0.316251503652893,7.688750999164768,true,true,-0.8005002502817661,-0.8005002502817661,0.8005002502817662,0.8005002502817661,WRONG,WRONG,false,false,-0.800500250281766,0.800500250281766,false,false,true,6.938893903907228e-18,0.8005002502817662,1.018,mnist__cnn1__linf__0.1__model_seed42_itr20_w128.bin
mnist,cnn1,model_seed42_itr20,linf,0.1,1,291,-0.316251503652893,7.688750999164768,-0.316251503652893,7.688750999164768,true,true,-0.8005002502817661,-0.8005002502817661,0.800500250281766,0.800500250281766,WRONG,WRONG,false,false,-0.800500250281766,0.800500250281766,false,false,true,0.0,0.8005002502817662,1.531,mnist__cnn1__linf__0.1__model_seed42_itr20_w129.bin
mnist,cnn1,model_seed42_itr20,linf,0.1,1,292,-0.316251503652893,7.688750999164768,-0.316251503652893,7.688750999164768,true,true,-7.688750999164768,-0.7559235586178203,0.8005002502817662,0.8005002502817662,WRONG,WRONG,false,false,-0.800500250281766,0.8005002502817655,false,false,true,0.0,0.7559235586178206,1.04,mnist__cnn1__linf__0.1__model_seed42_itr20_w130.bin
mnist,cnn1,model_seed42_itr20,linf,0.1,1,293,-0.316251503652893,7.688750999164768,-0.316251503652893,7.688750999164768,true,true,-7.688750999164768,-0.747853256885706,7.688750999164768,0.8005002502817661,WRONG,WRONG,false,false,-0.800500250281766,0.800500250281766,false,false,true,0.06571863896886633,0.8135718958545728,0.364,mnist__cnn1__linf__0.1__model_seed42_itr20_w131.bin
mnist,cnn1,model_seed42_itr20,linf,0.1,1,294,-0.316251503652893,7.688750999164768,-0.316251503652893,7.688750999164768,true,true,-7.688750999164768,-0.8005002502817661,0.8005002502817661,0.8005002502817661,WRONG,WRONG,false,false,-0.8005002502817662,0.8005002502817659,false,false,true,0.0,0.8005002502817662,1.147,mnist__cnn1__linf__0.1__model_seed42_itr20_w132.bin
mnist,cnn1,model_seed42_itr20,linf,0.1,1,295,-0.316251503652893,7.688750999164768,-0.316251503652893,7.688750999164768,true,true,-7.688750999164768,-0.8004245406759178,0.8005002502817661,0.8005002502817661,WRONG,WRONG,false,false,-0.8005002502817661,0.8005002502817661,false,false,true,2.7755575615628914e-17,0.800424540675918,0.815,mnist__cnn1__linf__0.1__model_seed42_itr20_w133.bin
mnist,cnn1,model_seed42_itr20,linf,0.1,1,296,-0.316251503652893,7.688750999164768,-0.316251503652893,7.688750999164768,true,true,-0.8005002502817661,-0.8005002502817661,0.8005002502817657,0.8005002502817657,WRONG,WRONG,false,false,-0.800500250281766,0.8005002502817662,false,false,true,0.0,0.8005002502817663,2.043,mnist__cnn1__linf__0.1__model_seed42_itr20_w134.bin
mnist,cnn1,model_seed42_itr20,linf,0.1,1,297,-0.316251503652893,7.688750999164768,-0.316251503652893,7.688750999164768,true,true,-0.800500250281766,-0.800500250281766,7.688750999164768,0.733378561924477,WRONG,WRONG,false,false,-0.800500250281766,0.800500250281766,false,false,true,0.00023110411391231989,0.8007313543956784,0.859,mnist__cnn1__linf__0.1__model_seed42_itr20_w135.bin
mnist,cnn1,model_seed42_itr20,linf,0.1,1,298,-0.316251503652893,7.688750999164768,-0.316251503652893,7.688750999164768,true,true,-7.688750999164768,-0.800500250281766,7.688750999164768,0.800500250281766,WRONG,WRONG,false,false,-0.800500250281766,0.800500250281766,false,false,true,1.226020469830504,2.02652072011227,0.441,mnist__cnn1__linf__0.1__model_seed42_itr20_w136.bin
mnist,cnn1,model_seed42_itr20,linf,0.1,1,299,-0.316251503652893,7.688750999164768,-0.316251503652893,7.688750999164768,true,true,-7.688750999164768,-0.800500250281766,7.688750999164768,0.800500250281766,WRONG,WRONG,false,false,-0.800500250281766,0.800500250281766,false,false,true,1.156461155782844,1.95696140606461,0.434,mnist__cnn1__linf__0.1__model_seed42_itr20_w137.bin
mnist,cnn1,model_seed42_itr20,linf,0.1,1,300,-0.316251503652893,7.688750999164768,-0.316251503652893,7.688750999164768,true,true,-7.688750999164768,-0.8005002502817657,7.688750999164768,0.766388496626305,WRONG,WRONG,false,false,-0.8005002502817657,0.8005002502817657,false,false,true,1.1041066571304923,1.9046069074122582,0.555,mnist__cnn1__linf__0.1__model_seed42_itr20_w138.bin
mnist,cnn1,model_seed42_itr20,linf,0.1,1,301,-0.316251503652893,7.688750999164768,-0.316251503652893,7.688750999164768,true,true,-0.800500250281766,-0.800500250281766,0.8005002502817661,0.8005002502817661,WRONG,WRONG,false,false,-0.800500250281766,0.8005002502817661,false,false,true,0.0,0.8005002502817662,1.651,mnist__cnn1__linf__0.1__model_seed42_itr20_w139.bin
mnist,cnn1,model_seed42_itr20,linf,0.1,1,302,-0.316251503652893,7.688750999164768,-0.316251503652893,7.688750999164768,true,true,-7.688750999164768,-0.800500250281766,0.800500250281766,0.800500250281766,WRONG,WRONG,false,false,-0.8005002502817661,0.800500250281766,false,false,true,3.469446951953614e-18,0.8005002502817661,0.986,mnist__cnn1__linf__0.1__model_seed42_itr20_w140.bin
mnist,cnn1,model_seed42_itr20,linf,0.1,1,303,-0.316251503652893,7.688750999164768,-0.316251503652893,7.688750999164768,true,true,-0.8005002502817661,-0.8005002502817661,0.800500250281766,0.800500250281766,WRONG,WRONG,false,false,-0.800500250281766,0.8005002502817661,false,false,true,1.0408340855860843e-17,0.8005002502817662,2.113,mnist__cnn1__linf__0.1__model_seed42_itr20_w141.bin
mnist,cnn1,model_seed42_itr20,linf,0.1,1,304,-0.316251503652893,7.688750999164768,-0.316251503652893,7.688750999164768,true,true,-7.688750999164768,-0.710299488480066,7.688750999164768,0.7973907135931615,WRONG,WRONG,false,false,-0.8005002502817662,0.8005002502817666,false,false,true,1.1677645843393627,1.8780640728194284,0.656,mnist__cnn1__linf__0.1__model_seed42_itr20_w142.bin
mnist,cnn1,model_seed42_itr20,linf,0.1,1,305,-0.316251503652893,7.688750999164768,-0.316251503652893,7.688750999164768,true,true,-7.688750999164768,-0.800500250281766,7.688750999164768,0.7478532568857061,WRONG,WRONG,false,false,-0.800500250281766,0.8005002502817664,false,false,true,0.1359805086830471,0.9364807589648133,0.299,mnist__cnn1__linf__0.1__model_seed42_itr20_w143.bin
mnist,cnn1,model_seed42_itr20,linf,0.1,1,306,-0.316251503652893,7.688750999164768,-0.316251503652893,7.688750999164768,true,true,-7.688750999164768,-0.8005002502817655,7.688750999164768,0.800500250281766,WRONG,WRONG,false,false,-0.8005002502817655,0.800500250281766,false,false,true,1.4916250598218657,2.292125310103631,0.576,mnist__cnn1__linf__0.1__model_seed42_itr20_w144.bin
mnist,cnn1,model_seed42_itr20,linf,0.1,1,307,-0.316251503652893,7.688750999164768,-0.316251503652893,7.688750999164768,true,true,-7.688750999164768,-0.7986022047924015,7.688750999164768,0.800500250281766,WRONG,WRONG,false,false,-0.8005002502817662,0.8005002502817655,false,false,true,2.0303798575200767,2.8289820623124786,0.569,mnist__cnn1__linf__0.1__model_seed42_itr20_w145.bin
mnist,cnn1,model_seed42_itr20,linf,0.1,1,308,-0.316251503652893,7.688750999164768,-0.316251503652893,7.688750999164768,true,true,-0.800500250281766,-0.800500250281766,0.800500250281767,0.8005002502817662,WRONG,WRONG,false,false,-0.8005002504618162,0.8005002502817662,false,false,true,0.0,0.8005002502817661,0.954,mnist__cnn1__linf__0.1__model_seed42_itr20_w146.bin
mnist,cnn1,model_seed42_itr20,linf,0.1,1,309,-0.316251503652893,7.688750999164768,-0.316251503652893,7.688750999164768,true,true,-7.688750999164768,-0.7559235586178208,0.8005002502817661,0.8005002502817661,WRONG,WRONG,false,false,-0.800500250281766,0.8005002502817657,false,false,true,0.0,0.7559235586178208,1.158,mnist__cnn1__linf__0.1__model_seed42_itr20_w147.bin
mnist,cnn1,model_seed42_itr20,linf,0.1,1,310,-0.316251503652893,7.688750999164768,-0.316251503652893,7.688750999164768,true,true,-0.8005002502817661,-0.8005002502817661,0.8005002502817667,0.800500250281766,WRONG,WRONG,false,false,-0.800500250281766,0.8005002502817661,false,false,true,0.0,0.8005002502817662,0.88,mnist__cnn1__linf__0.1__model_seed42_itr20_w148.bin
mnist,cnn1,model_seed42_itr20,linf,0.1,1,311,-0.316251503652893,7.688750999164768,-0.316251503652893,7.688750999164768,true,true,-0.8005002502817661,-0.8005002502817661,0.800500250281766,0.800500250281766,WRONG,WRONG,false,false,-0.8005002502817662,0.800500250281766,false,false,true,0.0,0.8005002502817662,3.376,mnist__cnn1__linf__0.1__model_seed42_itr20_w149.bin
mnist,cnn1,model_seed42_itr20,linf,0.1,1,312,-0.316251503652893,7.688750999164768,-0.316251503652893,7.688750999164768,true,true,-0.800500250281766,-0.800500250281766,0.800500250281766,0.800500250281766,WRONG,WRONG,false,false,-0.800500250281766,0.800500250281766,false,false,true,0.0,0.8005002502817662,1.598,mnist__cnn1__linf__0.1__model_seed42_itr20_w150.bin
mnist,cnn1,model_seed42_itr20,linf,0.1,1,313,-0.316251503652893,7.688750999164768,-0.316251503652893,7.688750999164768,true,true,-0.800500250281766,-0.800500250281766,0.8005002502817662,0.8005002502817662,WRONG,WRONG,false,false,-0.800500250281766,0.800500250281766,false,false,true,0.0,0.8005002502817661,1.608,mnist__cnn1__linf__0.1__model_seed42_itr20_w151.bin
mnist,cnn1,model_seed42_itr20,linf,0.1,1,314,-0.316251503652893,7.688750999164768,-0.316251503652893,7.688750999164768,true,true,-7.688750999164768,-0.800500250281766,0.800500250281766,0.800500250281766,WRONG,WRONG,false,false,-0.8005002502817659,0.800500250281766,false,false,true,0.0,0.800500250281766,1.172,mnist__cnn1__linf__0.1__model_seed42_itr20_w152.bin
mnist,cnn1,model_seed42_itr20,linf,0.1,1,315,-0.316251503652893,7.688750999164768,-0.316251503652893,7.688750999164768,true,true,-7.688750999164768,-0.800500250281766,7.688750999164768,0.8005002502817661,WRONG,WRONG,false,false,-0.800500250281766,0.8005002502817661,false,false,true,0.012251427585745217,0.8127516778675113,0.702,mnist__cnn1__linf__0.1__model_seed42_itr20_w153.bin
mnist,cnn1,model_seed42_itr20,linf,0.1,1,316,-0.316251503652893,7.688750999164768,-0.316251503652893,7.688750999164768,true,true,-7.688750999164768,-0.21240813810931394,7.688750999164768,0.7980385028722214,WRONG,WRONG,false,false,-0.8005002502817646,0.8005002502817655,false,false,true,0.2182491244939771,0.43065726260329057,0.75,mnist__cnn1__linf__0.1__model_seed42_itr20_w154.bin
mnist,cnn1,model_seed42_itr20,linf,0.1,1,317,-0.316251503652893,7.688750999164768,-0.316251503652893,7.688750999164768,true,true,-0.800500250281766,-0.800500250281766,0.800500250281766,0.800500250281766,WRONG,WRONG,false,false,-0.800500250281766,0.800500250281766,false,false,true,2.7755575615628914e-17,0.8005002502817661,2.451,mnist__cnn1__linf__0.1__model_seed42_itr20_w155.bin
mnist,cnn1,model_seed42_itr20,linf,0.1,1,318,-0.316251503652893,7.688750999164768,-0.316251503652893,7.688750999164768,true,true,-7.688750999164768,-0.800500250281766,7.688750999164768,0.799150599889416,WRONG,WRONG,false,false,-0.800500250281766,0.8005002502817664,false,false,true,1.506817720953358,2.307317971235124,0.507,mnist__cnn1__linf__0.1__model_seed42_itr20_w156.bin
mnist,cnn1,model_seed42_itr20,linf,0.1,1,319,-0.316251503652893,7.688750999164768,-0.316251503652893,7.688750999164768,true,true,-7.688750999164768,-0.8005002502817657,7.688750999164768,0.8001048363734969,WRONG,WRONG,false,false,-0.8005002502817657,0.8005002502817655,false,false,true,1.0715793853541022,1.8720796356358682,0.297,mnist__cnn1__linf__0.1__model_seed42_itr20_w157.bin
mnist,cnn1,model_seed42_itr20,linf,0.1,1,320,-0.316251503652893,7.688750999164768,-0.316251503652893,7.688750999164768,true,true,-0.8005002502817661,-0.8005002502817661,0.8005002502817661,0.8005002502817661,WRONG,WRONG,false,false,-0.8005002502817662,0.8005002502817661,false,false,true,0.0,0.8005002502817662,2.27,mnist__cnn1__linf__0.1__model_seed42_itr20_w158.bin
mnist,cnn1,model_seed42_itr20,linf,0.1,1,321,-0.316251503652893,7.688750999164768,-0.316251503652893,7.688750999164768,true,true,-7.688750999164768,-0.8004245406759178,0.8005002502817661,0.8005002502817661,WRONG,WRONG,false,false,-0.800500250281766,0.8005002502817661,false,false,true,6.938893903907228e-18,0.8004245406759178,0.724,mnist__cnn1__linf__0.1__model_seed42_itr20_w159.bin
mnist,cnn1,model_seed42_itr20,linf,0.1,1,322,-0.316251503652893,7.688750999164768,-0.316251503652893,7.688750999164768,true,true,-7.688750999164768,-0.7559235586178202,0.8005002502817661,0.8005002502817661,WRONG,WRONG,false,false,-0.800500250281766,0.8005002502817661,false,false,true,0.0,0.7559235586178205,0.791,mnist__cnn1__linf__0.1__model_seed42_itr20_w160.bin
mnist,cnn1,model_seed42_itr20,linf,0.1,1,323,-0.316251503652893,7.688750999164768,-0.316251503652893,7.688750999164768,true,true,-0.8005002502817661,-0.8005002502817661,1.0726325395728236,0.8005002502817661,WRONG,WRONG,false,false,-0.8005002502817661,0.8005002502817661,false,false,true,0.0,0.8005002502817662,2.196,mnist__cnn1__linf__0.1__model_seed42_itr20_w161.bin
mnist,cnn1,model_seed42_itr20,linf,0.1,1,324,-0.316251503652893,7.688750999164768,-0.316251503652893,7.688750999164768,true,true,-7.688750999164768,-0.7559235586178206,0.8005002502817661,0.8005002502817661,WRONG,WRONG,false,false,-0.8005002502817661,0.8005002502817661,false,false,true,5.898059818321144e-17,0.7559235586178207,1.427,mnist__cnn1__linf__0.1__model_seed42_itr20_w162.bin
mnist,cnn1,model_seed42_itr20,linf,0.1,1,325,-5.432206969708204,5.045625496422872,-5.432206969708204,5.045625496422872,true,true,-1.0477832466131076,-1.0477832466131076,1.0477832466131078,1.0477832466131078,WRONG,WRONG,false,false,-1.0477832466131076,1.0477832466131078,false,false,true,8.326672684688674e-17,1.0477832466131076,1.977,mnist__cnn1__linf__0.1__model_seed42_itr20_w163.bin
mnist,cnn1,model_seed42_itr20,linf,0.1,1,326,-5.432206969708204,5.045625496422872,-5.432206969708204,5.045625496422872,true,true,-5.045625496422872,-0.6138964941933576,5.045625496422872,0.7972641193080037,WRONG,WRONG,false,false,-1.0477832466131076,1.0477832466131078,false,false,true,5.551115123125783e-17,0.6138964941933577,0.531,mnist__cnn1__linf__0.1__model_seed42_itr20_w164.bin
mnist,cnn1,model_seed42_itr20,linf,0.1,1,327,-5.432206969708204,5.045625496422872,-5.432206969708204,5.045625496422872,true,true,-1.0477832466131076,-1.0477832466131076,1.0477832466131078,1.0477832466131078,WRONG,WRONG,false,false,-1.0477832466131076,1.0477832466131078,false,false,true,0.0,1.0477832466131076,2.495,mnist__cnn1__linf__0.1__model_seed42_itr20_w165.bin
mnist,cnn1,model_seed42_itr20,linf,0.1,1,328,-5.432206969708204,5.045625496422872,-5.432206969708204,5.045625496422872,true,true,-1.0477832466131076,-1.0477832466131076,1.0477832466131076,1.0477832466131076,WRONG,WRONG,false,false,-1.0477832466131076,1.0477832466131076,false,false,true,9.8879238130678e-17,1.0477832466131076,1.797,mnist__cnn1__linf__0.1__model_seed42_itr20_w166.bin
mnist,cnn1,model_seed42_itr20,linf,0.1,1,329,-5.432206969708204,5.045625496422872,-5.432206969708204,5.045625496422872,true,true,-1.0477832466131076,-1.0477832466131076,1.0477832466131076,1.0477832466131076,WRONG,WRONG,false,false,-1.0477832466131076,1.0477832466131076,false,false,true,0.0,1.0477832466131076,1.669,mnist__cnn1__linf__0.1__model_seed42_itr20_w167.bin
mnist,cnn1,model_seed42_itr20,linf,0.1,1,330,-5.432206969708204,5.045625496422872,-5.432206969708204,5.045625496422872,true,true,-5.045625496422872,-1.0477832466131078,5.045625496422872,1.0477832466131078,WRONG,WRONG,false,false,-1.0477832466131078,1.0477832466131078,false,false,true,4.163336342344337e-17,1.0477832466131076,0.409,mnist__cnn1__linf__0.1__model_seed42_itr20_w168.bin
mnist,cnn1,model_seed42_itr20,linf,0.1,1,331,-5.432206969708204,5.045625496422872,-5.432206969708204,5.045625496422872,true,true,-5.045625496422872,-0.8191145638020545,5.045625496422872,0.8191145638020545,WRONG,WRONG,false,false,-1.0477832466131076,1.0477832466131078,false,false,true,0.0,0.8191145638020545,0.373,mnist__cnn1__linf__0.1__model_seed42_itr20_w169.bin
mnist,cnn1,model_seed42_itr20,linf,0.1,1,332,-5.432206969708204,5.045625496422872,-5.432206969708204,5.045625496422872,true,true,-1.0477832466131078,-1.0477832466131078,1.0477832466131078,1.0477832466131078,WRONG,WRONG,false,false,-1.0477832466131076,1.0477832466131058,false,false,true,1.1102230246251565e-16,1.0477832466131076,1.37,mnist__cnn1__linf__0.1__model_seed42_itr20_w170.bin
mnist,cnn1,model_seed42_itr20,linf,0.1,1,333,-5.432206969708204,5.045625496422872,-5.432206969708204,5.045625496422872,true,true,-1.0477832466131078,-1.0477832466131078,1.0477832466131085,1.0477832466131078,WRONG,WRONG,false,false,-1.0477832466131076,1.0477832466131076,false,false,true,1.1102230246251565e-16,1.0477832466131076,3.357,mnist__cnn1__linf__0.1__model_seed42_itr20_w171.bin
mnist,cnn1,model_seed42_itr20,linf,0.1,1,334,-5.432206969708204,5.045625496422872,-5.432206969708204,5.045625496422872,true,true,-5.045625496422872,-1.0409588638258016,5.045625496422872,1.0477832466131076,WRONG,WRONG,false,false,-1.0477832466131076,1.047783246613107,false,false,true,0.0,1.0409588638258016,0.508,mnist__cnn1__linf__0.1__model_seed42_itr20_w172.bin
mnist,cnn1,model_seed42_itr20,linf,0.1,1,335,-5.432206969708204,5.045625496422872,-5.432206969708204,5.045625496422872,true,true,-1.0477832466131074,-1.0477832466131074,1.0477832466131076,1.0477832466131076,WRONG,WRONG,false,false,-1.0477832466131074,1.0477832466131076,false,false,true,2.7755575615628914e-16,1.0477832466131078,1.413,mnist__cnn1__linf__0.1__model_seed42_itr20_w173.bin
mnist,cnn1,model_seed42_itr20,linf,0.1,1,336,-5.432206969708204,5.045625496422872,-5.432206969708204,5.045625496422872,true,true,-1.0477832466131078,-1.0477832466131078,1.0477832466131078,1.0477832466131078,WRONG,WRONG,false,false,-1.0477832466131078,1.0477832466131078,false,false,true,1.1102230246251565e-16,1.0477832466131078,1.847,mnist__cnn1__linf__0.1__model_seed42_itr20_w174.bin
mnist,cnn1,model_seed42_itr20,linf,0.1,1,337,-5.432206969708204,5.045625496422872,-5.432206969708204,5.045625496422872,true,true,-1.0477832466131072,-1.0477832466131072,1.0477832466131074,1.0477832466131074,WRONG,WRONG,false,false,-1.0477832466131072,1.0477832466131074,false,false,true,0.0,1.0477832466131078,1.586,mnist__cnn1__linf__0.1__model_seed42_itr20_w175.bin
mnist,cnn1,model_seed42_itr20,linf,0.1,1,338,-5.432206969708204,5.045625496422872,-5.432206969708204,5.045625496422872,true,true,-1.0477832466131076,-1.0477832466131076,1.0477832466131076,1.0477832466131076,WRONG,WRONG,false,false,-1.0477832466131078,1.0477832466131076,false,false,true,1.1102230246251565e-16,1.0477832466131076,1.677,mnist__cnn1__linf__0.1__model_seed42_itr20_w176.bin
mnist,cnn1,model_seed42_itr20,linf,0.1,1,339,-5.432206969708204,5.045625496422872,-5.432206969708204,5.045625496422872,true,true,-1.0477832466131076,-1.0477832466131076,1.0477832466131078,1.0477832466131078,WRONG,WRONG,false,false,-1.0477832466131076,1.0477832466131078,false,false,true,1.8041124150158794e-16,1.0477832466131078,2.171,mnist__cnn1__linf__0.1__model_seed42_itr20_w177.bin
mnist,cnn1,model_seed42_itr20,linf,0.1,1,340,-5.432206969708204,5.045625496422872,-5.432206969708204,5.045625496422872,true,true,-1.0477832466131076,-1.0477832466131076,1.0477832466131072,1.0477832466131072,WRONG,WRONG,false,false,-1.0477832466131076,1.0477832466131072,false,false,true,0.0,1.0477832466131076,1.989,mnist__cnn1__linf__0.1__model_seed42_itr20_w178.bin
mnist,cnn1,model_seed42_itr20,linf,0.1,1,341,-5.432206969708204,5.045625496422872,-5.432206969708204,5.045625496422872,true,true,-1.0477832466131076,-1.0477832466131076,1.0477832466131076,1.0477832466131076,WRONG,WRONG,false,false,-1.0477832466131076,1.0477832466131076,false,false,true,1.6653345369377348e-16,1.0477832466131076,1.471,mnist__cnn1__linf__0.1__model_seed42_itr20_w179.bin
mnist,cnn1,model_seed42_itr20,linf,0.1,1,342,-5.432206969708204,5.045625496422872,-5.432206969708204,5.045625496422872,true,true,-1.0477832466131076,-1.0477832466131076,1.0477832466131076,1.0477832466131076,WRONG,WRONG,false,false,-1.0477832466131076,1.0477832466131076,false,false,true,1.1102230246251565e-16,1.0477832466131076,1.713,mnist__cnn1__linf__0.1__model_seed42_itr20_w180.bin
mnist,cnn1,model_seed42_itr20,linf,0.1,1,343,-5.432206969708204,5.045625496422872,-5.432206969708204,5.045625496422872,true,true,-5.045625496422872,-1.0477832466131076,1.0477832466131072,1.0477832466131072,WRONG,WRONG,false,false,-1.0477832466131078,1.0477832466131076,false,false,true,1.1102230246251565e-16,1.0477832466131076,0.961,mnist__cnn1__linf__0.1__model_seed42_itr20_w181.bin
mnist,cnn1,model_seed42_itr20,linf,0.1,1,344,-5.432206969708204,5.045625496422872,-5.432206969708204,5.045625496422872,true,true,-1.0477832466131078,-1.0477832466131078,1.0477832466131074,1.0477832466131074,WRONG,WRONG,false,false,-1.047783246613107,1.0477832466131078,false,false,true,1.942890293094024e-16,1.0477832466131076,1.679,mnist__cnn1__linf__0.1__model_seed42_itr20_w182.bin
mnist,cnn1,model_seed42_itr20,linf,0.1,1,345,-5.432206969708204,5.045625496422872,-5.432206969708204,5.045625496422872,true,true,-1.0477832466131076,-1.0477832466131076,1.0477832466131072,1.0477832466131072,WRONG,WRONG,false,false,-1.0477832466131076,1.0477832466131072,false,false,true,2.7755575615628914e-17,1.0477832466131076,1.68,mnist__cnn1__linf__0.1__model_seed42_itr20_w183.bin
mnist,cnn1,model_seed42_itr20,linf,0.1,1,346,-5.432206969708204,5.045625496422872,-5.432206969708204,5.045625496422872,true,true,-1.0477832466131076,-1.0477832466131076,1.0477832466131072,1.0477832466131072,WRONG,WRONG,false,false,-1.0477832466131076,1.0477832466131072,false,false,true,0.0,1.0477832466131076,2.337,mnist__cnn1__linf__0.1__model_seed42_itr20_w184.bin
mnist,cnn1,model_seed42_itr20,linf,0.1,1,347,-5.432206969708204,5.045625496422872,-5.432206969708204,5.045625496422872,true,true,-1.0477832466131076,-1.0477832466131076,1.0477832466131072,1.0477832466131072,WRONG,WRONG,false,false,-1.0477832466131076,1.0477832466131072,false,false,true,0.0,1.0477832466131076,1.739,mnist__cnn1__linf__0.1__model_seed42_itr20_w185.bin
mnist,cnn1,model_seed42_itr20,linf,0.1,1,348,-5.432206969708204,5.045625496422872,-5.432206969708204,5.045625496422872,true,true,-1.0477832466131078,-1.0477832466131078,1.0477832466131078,1.0477832466131078,WRONG,WRONG,false,false,-1.0477832466131078,1.0477832466131078,false,false,true,1.249000902703301e-16,1.0477832466131076,1.991,mnist__cnn1__linf__0.1__model_seed42_itr20_w186.bin
mnist,cnn1,model_seed42_itr20,linf,0.1,1,349,-5.432206969708204,5.045625496422872,-5.432206969708204,5.045625496422872,true,true,-1.0477832466131074,-1.0477832466131074,1.047783246613107,1.047783246613107,WRONG,WRONG,false,false,-1.0477832466131074,1.047783246613107,false,false,true,1.1102230246251565e-16,1.0477832466131076,1.45,mnist__cnn1__linf__0.1__model_seed42_itr20_w187.bin
mnist,cnn1,model_seed42_itr20,linf,0.1,1,350,-5.432206969708204,5.045625496422872,-5.432206969708204,5.045625496422872,true,true,-1.0477832466131076,-1.0477832466131076,1.0477832466131076,1.0338103975228994,WRONG,WRONG,false,false,-1.047783246613108,1.0477832466131074,false,false,true,0.0,1.0477832466131074,1.39,mnist__cnn1__linf__0.1__model_seed42_itr20_w188.bin
mnist,cnn1,model_seed42_itr20,linf,0.1,1,351,-5.432206969708204,5.045625496422872,-5.432206969708204,5.045625496422872,true,true,-1.0477832466131076,-1.0477832466131076,1.0477832466131074,1.0477832466131074,WRONG,WRONG,false,false,-1.0477832466131076,1.0477832466131074,false,false,true,1.1102230246251565e-16,1.0477832466131076,1.265,mnist__cnn1__linf__0.1__model_seed42_itr20_w189.bin
mnist,cnn1,model_seed42_itr20,linf,0.1,1,352,-5.432206969708204,5.045625496422872,-5.432206969708204,5.045625496422872,true,true,-5.045625496422872,-1.0477832466131074,5.045625496422872,1.0477832466131076,WRONG,WRONG,false,false,-1.0477832466131074,1.0477832466131076,false,false,true,0.0,1.047783246613107,0.382,mnist__cnn1__linf__0.1__model_seed42_itr20_w190.bin
mnist,cnn1,model_seed42_itr20,linf,0.1,1,353,-5.432206969708204,5.045625496422872,-5.432206969708204,5.045625496422872,true,true,-5.045625496422872,-1.0477832466131076,5.045625496422872,1.042559687652568,WRONG,WRONG,false,false,-1.0477832466131076,1.0477832466131076,false,false,true,1.1102230246251565e-16,1.0477832466131076,0.375,mnist__cnn1__linf__0.1__model_seed42_itr20_w191.bin
mnist,cnn1,model_seed42_itr20,linf,0.1,1,354,-5.432206969708204,5.045625496422872,-5.432206969708204,5.045625496422872,true,true,-1.0477832466131076,-1.0477832466131076,1.0477832466131074,1.0477832466131074,WRONG,WRONG,false,false,-1.0477832466131076,1.0477832466131074,false,false,true,0.0,1.0477832466131072,1.279,mnist__cnn1__linf__0.1__model_seed42_itr20_w192.bin
mnist,cnn1,model_seed42_itr20,linf,0.1,1,355,-5.432206969708204,5.045625496422872,-5.432206969708204,5.045625496422872,true,true,-1.0477832466131076,-1.0477832466131076,1.0477832466131076,1.0477832466131076,WRONG,WRONG,false,false,-1.0477832466131076,1.0477832466131074,false,false,true,0.0,1.0477832466131076,1.868,mnist__cnn1__linf__0.1__model_seed42_itr20_w193.bin
mnist,cnn1,model_seed42_itr20,linf,0.1,1,356,-5.432206969708204,5.045625496422872,-5.432206969708204,5.045625496422872,true,true,-1.0477832466131076,-1.0477832466131076,1.0477832466131076,1.0477832466131076,WRONG,WRONG,false,false,-1.0477832466131076,1.0477832466131076,false,false,true,1.1102230246251565e-16,1.0477832466131076,1.607,mnist__cnn1__linf__0.1__model_seed42_itr20_w194.bin
mnist,cnn1,model_seed42_itr20,linf,0.1,1,357,-5.432206969708204,5.045625496422872,-5.432206969708204,5.045625496422872,true,true,-1.0477832466131076,-1.0477832466131076,1.0477832466131076,1.0477832466131076,WRONG,WRONG,false,false,-1.0477832466131076,1.0477832466131076,false,false,true,9.71445146547012e-17,1.0477832466131076,1.854,mnist__cnn1__linf__0.1__model_seed42_itr20_w195.bin
mnist,cnn1,model_seed42_itr20,linf,0.1,1,358,-5.432206969708204,5.045625496422872,-5.432206969708204,5.045625496422872,true,true,-5.045625496422872,-0.8191145638020545,5.045625496422872,0.7929781731148757,WRONG,WRONG,false,false,-1.0477832466131074,1.0477832466131076,false,false,true,1.1102230246251565e-16,0.8191145638020545,1.189,mnist__cnn1__linf__0.1__model_seed42_itr20_w196.bin
mnist,cnn1,model_seed42_itr20,linf,0.1,1,359,-5.432206969708204,5.045625496422872,-5.432206969708204,5.045625496422872,true,true,-1.0477832466131076,-1.0477832466131076,1.0477832466131076,1.0477832466131076,WRONG,WRONG,false,false,-1.0477832466131087,1.0477832466131074,false,false,true,1.3877787807814457e-16,1.0477832466131078,1.676,mnist__cnn1__linf__0.1__model_seed42_itr20_w197.bin
mnist,cnn1,model_seed42_itr20,linf,0.1,1,360,-5.432206969708204,5.045625496422872,-5.432206969708204,5.045625496422872,true,true,-5.045625496422872,-1.0477832466131078,1.0477832466131076,1.0477832466131076,WRONG,WRONG,false,false,-1.0477832466131076,1.0477832466131076,false,false,true,5.551115123125783e-17,1.0477832466131074,0.897,mnist__cnn1__linf__0.1__model_seed42_itr20_w198.bin
mnist,cnn1,model_seed42_itr20,linf,0.1,1,361,-5.432206969708204,5.045625496422872,-5.432206969708204,5.045625496422872,true,true,-5.045625496422872,-1.0477832466131076,5.045625496422872,1.0477832466131076,WRONG,WRONG,false,false,-1.0477832466131076,1.0477832466131076,false,false,true,1.1102230246251565e-16,1.0477832466131074,0.336,mnist__cnn1__linf__0.1__model_seed42_itr20_w199.bin
mnist,cnn1,model_seed42_itr20,linf,0.1,1,362,-5.432206969708204,5.045625496422872,-5.432206969708204,5.045625496422872,true,true,-1.0477832466131074,-0.8660506987607897,5.045625496422872,1.0477832466131076,WRONG,WRONG,false,false,-1.0477832466131076,1.0477832466131076,false,false,true,0.0,0.8660506987607894,0.617,mnist__cnn1__linf__0.1__model_seed42_itr20_w200.bin
mnist,cnn1,model_seed42_itr20,linf,0.1,1,363,-5.432206969708204,5.045625496422872,-5.432206969708204,5.045625496422872,true,true,-1.047783246613108,-1.047783246613108,1.0477832466131078,1.0477832466131078,WRONG,WRONG,false,false,-1.047783246613108,1.0477832466131078,false,false,true,5.134781488891349e-16,1.047783246613108,1.639,mnist__cnn1__linf__0.1__model_seed42_itr20_w201.bin
mnist,cnn1,model_seed42_itr20,linf,0.1,1,364,-5.432206969708204,5.045625496422872,-5.432206969708204,5.045625496422872,true,true,-1.0477832466131076,-1.0477832466131076,1.0477832466131074,1.0477832466131074,WRONG,WRONG,false,false,-1.0477832466131076,1.0477832466131074,false,false,true,5.377642775528102e-17,1.0477832466131076,1.642,mnist__cnn1__linf__0.1__model_seed42_itr20_w202.bin
mnist,cnn1,model_seed42_itr20,linf,0.1,1,365,-5.432206969708204,5.045625496422872,-5.432206969708204,5.045625496422872,true,true,-1.0477832466131076,-1.0477832466131076,1.0477832466131074,1.0477832466131074,WRONG,WRONG,false,false,-1.0477832466131074,1.0477832466131076,false,false,true,1.2576745200831851e-16,1.0477832466131076,1.457,mnist__cnn1__linf__0.1__model_seed42_itr20_w203.bin
mnist,cnn1,model_seed42_itr20,linf,0.1,1,366,-5.432206969708204,5.045625496422872,-5.432206969708204,5.045625496422872,true,true,-1.0477832466131072,-1.0477832466131072,1.0477832466131076,1.0477832466131076,WRONG,WRONG,false,false,-1.0477832466131072,1.0477832466131076,false,false,true,2.498001805406602e-16,1.0477832466131076,1.978,mnist__cnn1__linf__0.1__model_seed42_itr20_w204.bin
mnist,cnn1,model_seed42_itr20,linf,0.1,1,367,-5.432206969708204,5.045625496422872,-5.432206969708204,5.045625496422872,true,true,-1.0477832466131078,-1.0477832466131078,1.0477832466131076,1.0477832466131076,WRONG,WRONG,false,false,-1.0477832466131076,1.047783246613108,false,false,true,3.3306690738754696e-16,1.0477832466131074,1.408,mnist__cnn1__linf__0.1__model_seed42_itr20_w205.bin
mnist,cnn1,model_seed42_itr20,linf,0.1,1,368,-5.432206969708204,5.045625496422872,-5.432206969708204,5.045625496422872,true,true,-1.047783246613107,-1.047783246613107,1.0477832466131076,1.0477832466131076,WRONG,WRONG,false,false,-1.0477832466131072,1.0477832466131076,false,false,true,6.938893903907228e-18,1.0477832466131072,1.016,mnist__cnn1__linf__0.1__model_seed42_itr20_w206.bin
mnist,cnn1,model_seed42_itr20,linf,0.1,1,369,-5.432206969708204,5.045625496422872,-5.432206969708204,5.045625496422872,true,true,-1.0477832466131076,-1.0477832466131076,1.0477832466131076,1.0477832466131076,WRONG,WRONG,false,false,-1.0477832466131076,1.0477832466131076,false,false,true,0.0,1.0477832466131076,1.709,mnist__cnn1__linf__0.1__model_seed42_itr20_w207.bin
mnist,cnn1,model_seed42_itr20,linf,0.1,1,370,-5.432206969708204,5.045625496422872,-5.432206969708204,5.045625496422872,true,true,-1.0477832466131076,-1.0477832466131076,1.0477832466131074,1.0477832466131074,WRONG,WRONG,false,false,-1.0477832466131076,1.0477832466131074,false,false,true,0.0,1.0477832466131076,1.128,mnist__cnn1__linf__0.1__model_seed42_itr20_w208.bin
mnist,cnn1,model_seed42_itr20,linf,0.1,1,371,-5.432206969708204,5.045625496422872,-5.432206969708204,5.045625496422872,true,true,-1.0477832466131076,-1.0477832466131076,1.0477832466131076,1.0477832466131076,WRONG,WRONG,false,false,-1.0477832466131076,1.0477832466131076,false,false,true,0.0,1.0477832466131076,2.104,mnist__cnn1__linf__0.1__model_seed42_itr20_w209.bin
mnist,cnn1,model_seed42_itr20,linf,0.1,1,372,-5.432206969708204,5.045625496422872,-5.432206969708204,5.045625496422872,true,true,-1.0477832466131076,-1.0477832466131076,1.047783246613107,1.047783246613107,WRONG,WRONG,false,false,-1.0477832466131076,1.047783246613107,false,false,true,1.1102230246251565e-16,1.0477832466131076,1.298,mnist__cnn1__linf__0.1__model_seed42_itr20_w210.bin
mnist,cnn1,model_seed42_itr20,linf,0.1,1,373,-5.432206969708204,5.045625496422872,-5.432206969708204,5.045625496422872,true,true,-1.0477832466131074,-1.0477832466131074,1.0477832466131078,1.0477832466131078,WRONG,WRONG,false,false,-1.0477832466131074,1.0477832466131078,false,false,true,2.7755575615628914e-16,1.0477832466131072,1.791,mnist__cnn1__linf__0.1__model_seed42_itr20_w211.bin
mnist,cnn1,model_seed42_itr20,linf,0.1,1,374,-5.432206969708204,5.045625496422872,-5.432206969708204,5.045625496422872,true,true,-1.0477832466131074,-1.0477832466131074,1.0477832466131067,1.0477832466131067,WRONG,WRONG,false,false,-1.0477832466131074,1.0477832466131067,false,false,true,0.0,1.0477832466131074,1.901,mnist__cnn1__linf__0.1__model_seed42_itr20_w212.bin
mnist,cnn1,model_seed42_itr20,linf,0.1,1,375,-5.432206969708204,5.045625496422872,-5.432206969708204,5.045625496422872,true,true,-1.0477832466131074,-1.0477832466131074,1.0477832466131072,1.0477832466131072,WRONG,WRONG,false,false,-1.0477832466131074,1.0477832466131072,false,false,true,1.1102230246251565e-16,1.0477832466131076,1.859,mnist__cnn1__linf__0.1__model_seed42_itr20_w213.bin
mnist,cnn1,model_seed42_itr20,linf,0.1,1,376,-5.432206969708204,5.045625496422872,-5.432206969708204,5.045625496422872,true,true,-1.0477832466131076,-1.0477832466131076,1.0477832466131072,1.0477832466131072,WRONG,WRONG,false,false,-1.0477832466131076,1.0477832466131072,false,false,true,8.326672684688674e-17,1.0477832466131076,1.635,mnist__cnn1__linf__0.1__model_seed42_itr20_w214.bin
mnist,cnn1,model_seed42_itr20,linf,0.1,1,377,-5.432206969708204,5.045625496422872,-5.432206969708204,5.045625496422872,true,true,-1.0477832466131076,-1.0477832466131076,1.0477832466131076,1.0477832466131076,WRONG,WRONG,false,false,-1.0477832466131076,1.0477832466131076,false,false,true,6.938893903907228e-17,1.0477832466131076,1.515,mnist__cnn1__linf__0.1__model_seed42_itr20_w215.bin
mnist,cnn1,model_seed42_itr20,linf,0.1,1,378,-5.432206969708204,5.045625496422872,-5.432206969708204,5.045625496422872,true,true,-1.0477832466131076,-1.0477832466131076,5.045625496422872,1.0477832466131076,WRONG,WRONG,false,false,-1.0477832466131078,1.0477832466131076,false,false,true,0.0,1.0477832466131076,1.047,mnist__cnn1__linf__0.1__model_seed42_itr20_w216.bin
mnist,cnn1,model_seed42_itr20,linf,0.1,1,379,-5.432206969708204,5.045625496422872,-5.432206969708204,5.045625496422872,true,true,-5.045625496422872,-1.0477832466131074,5.045625496422872,1.0425596876525685,WRONG,WRONG,false,false,-1.0477832466131074,1.0477832466131072,false,false,true,0.053706666261930325,1.101489912875038,0.415,mnist__cnn1__linf__0.1__model_seed42_itr20_w217.bin
mnist,cnn1,model_seed42_itr20,linf,0.1,1,380,-5.432206969708204,5.045625496422872,-5.432206969708204,5.045625496422872,true,true,-1.0477832466131076,-1.0477832466131076,5.045625496422872,1.0477832466131078,WRONG,WRONG,false,false,-1.0477832466131076,1.0477832466131078,false,false,true,0.5592636512561824,1.60704689786929,0.968,mnist__cnn1__linf__0.1__model_seed42_itr20_w218.bin
mnist,cnn1,model_seed42_itr20,linf,0.1,1,381,-5.432206969708204,5.045625496422872,-5.432206969708204,5.045625496422872,true,true,-5.045625496422872,-1.0477832466131094,1.0477832466131076,1.0477832466131076,WRONG,WRONG,false,false,-1.0477832466131072,1.0477832466131076,false,false,true,5.134781488891349e-16,1.0477832466131087,0.791,mnist__cnn1__linf__0.1__model_seed42_itr20_w219.bin
mnist,cnn1,model_seed42_itr20,linf,0.1,1,382,-5.432206969708204,5.045625496422872,-5.432206969708204,5.045625496422872,true,true,-1.0477832466131076,-1.0477832466131076,1.0477832466131074,1.0477832466131074,WRONG,WRONG,false,false,-1.0477832466131076,1.0477832466131074,false,false,true,0.0,1.0477832466131076,1.643,mnist__cnn1__linf__0.1__model_seed42_itr20_w220.bin
mnist,cnn1,model_seed42_itr20,linf,0.1,1,383,-5.432206969708204,5.045625496422872,-5.432206969708204,5.045625496422872,true,true,-1.0477832466131076,-1.0477832466131076,1.0477832466131076,1.0477832466131076,WRONG,WRONG,false,false,-1.0477832466131078,1.0477832466131076,false,false,true,2.7755575615628914e-17,1.0477832466131076,1.463,mnist__cnn1__linf__0.1__model_seed42_itr20_w221.bin
mnist,cnn1,model_seed42_itr20,linf,0.1,1,384,-5.432206969708204,5.045625496422872,-5.432206969708204,5.045625496422872,true,true,-1.047783246613108,-1.047783246613108,1.0477832466131076,1.0477832466131076,WRONG,WRONG,false,false,-1.047783246613108,1.0477832466131076,false,false,true,4.44360260393184e-16,1.047783246613108,1.711,mnist__cnn1__linf__0.1__model_seed42_itr20_w222.bin
mnist,cnn1,model_seed42_itr20,linf,0.1,1,385,-5.432206969708204,5.045625496422872,-5.432206969708204,5.045625496422872,true,true,-1.0477832466131076,-1.0477832466131076,1.0477832466131076,1.0477832466131076,WRONG,WRONG,false,false,-1.0477832466131076,1.0477832466131076,false,false,true,5.551115123125783e-17,1.0477832466131076,1.277,mnist__cnn1__linf__0.1__model_seed42_itr20_w223.bin
mnist,cnn1,model_seed42_itr20,linf,0.1,1,386,-5.432206969708204,5.045625496422872,-5.432206969708204,5.045625496422872,true,true,-1.0477832466131076,-1.0477832466131076,1.0477832466131076,1.0477832466131076,WRONG,WRONG,false,false,-1.0477832466131076,1.0477832466131076,false,false,true,2.7755575615628914e-16,1.0477832466131074,1.291,mnist__cnn1__linf__0.1__model_seed42_itr20_w224.bin
mnist,cnn1,model_seed42_itr20,linf,0.1,1,387,-5.432206969708204,5.045625496422872,-5.432206969708204,5.045625496422872,true,true,-1.0477832466131076,-1.0477832466131076,1.0477832466131078,1.0477832466131078,WRONG,WRONG,false,false,-1.0477832466131076,1.0477832466131078,false,false,true,0.0,1.0477832466131076,1.829,mnist__cnn1__linf__0.1__model_seed42_itr20_w225.bin
mnist,cnn1,model_seed42_itr20,linf,0.1,1,388,-5.432206969708204,5.045625496422872,-5.432206969708204,5.045625496422872,true,true,-1.0477832466131076,-1.0477832466131076,5.045625496422872,1.0477832466131078,WRONG,WRONG,false,false,-1.0477832466131076,1.0477832466131078,false,false,true,1.0377101739940922,2.0854934206071993,1.674,mnist__cnn1__linf__0.1__model_seed42_itr20_w226.bin
mnist,cnn1,model_seed42_itr20,linf,0.1,1,389,-5.432206969708204,5.045625496422872,-5.432206969708204,5.045625496422872,true,true,-5.045625496422872,-1.0364535203791534,5.045625496422872,0.8244576806030921,WRONG,WRONG,false,false,-1.0477832466131076,1.0477832466131078,false,false,true,5.551115123125783e-17,1.0364535203791534,0.554,mnist__cnn1__linf__0.1__model_seed42_itr20_w227.bin
mnist,cnn1,model_seed42_itr20,linf,0.1,1,390,-5.432206969708204,5.045625496422872,-5.432206969708204,5.045625496422872,true,true,-1.0477832466131076,-1.0477832466131076,1.0477832466131074,1.0477832466131074,WRONG,WRONG,false,false,-1.0477832466131076,1.0477832466131074,false,false,true,0.0,1.0477832466131076,1.695,mnist__cnn1__linf__0.1__model_seed42_itr20_w228.bin
mnist,cnn1,model_seed42_itr20,linf,0.1,1,391,-5.432206969708204,5.045625496422872,-5.432206969708204,5.045625496422872,true,true,-1.047783246613106,-1.047783246613106,1.0477832466131076,1.0477832466131076,WRONG,WRONG,false,false,-1.047783246613106,1.0477832466131076,false,false,true,0.0,1.0477832466131063,1.398,mnist__cnn1__linf__0.1__model_seed42_itr20_w229.bin
mnist,cnn1,model_seed42_itr20,linf,0.1,1,392,-5.432206969708204,5.045625496422872,-5.432206969708204,5.045625496422872,true,true,-1.0477832466131072,-1.0477832466131072,1.0477832466131076,0.9444871014073264,WRONG,WRONG,false,false,-1.047783246613108,1.0477832466131076,false,false,true,1.1102230246251565e-16,1.0477832466131076,1.588,mnist__cnn1__linf__0.1__model_seed42_itr20_w230.bin
mnist,cnn1,model_seed42_itr20,linf,0.1,1,393,-5.432206969708204,5.045625496422872,-5.432206969708204,5.045625496422872,true,true,-1.0477832466131076,-1.0477832466131076,1.0477832466131078,1.0477832466131078,WRONG,WRONG,false,false,-1.0477832466131076,1.0477832466131078,false,false,true,0.0,1.0477832466131076,1.423,mnist__cnn1__linf__0.1__model_seed42_itr20_w231.bin
mnist,cnn1,model_seed42_itr20,linf,0.1,1,394,-5.432206969708204,5.045625496422872,-5.432206969708204,5.045625496422872,true,true,-1.0477832466131076,-1.0477832466131076,1.0477832466131098,1.0477832466131098,WRONG,WRONG,false,false,-1.0477832466131076,1.0477832466131098,false,false,true,2.7755575615628914e-17,1.0477832466131076,1.625,mnist__cnn1__linf__0.1__model_seed42_itr20_w232.bin
mnist,cnn1,model_seed42_itr20,linf,0.1,1,395,-5.432206969708204,5.045625496422872,-5.432206969708204,5.045625496422872,true,true,-1.0477832466131074,-1.0477832466131074,1.0477832466131076,1.0477832466131076,WRONG,WRONG,false,false,-1.0477832466131074,1.0477832466131076,false,false,true,0.0,1.0477832466131076,1.307,mnist__cnn1__linf__0.1__model_seed42_itr20_w233.bin
mnist,cnn1,model_seed42_itr20,linf,0.1,1,396,-5.432206969708204,5.045625496422872,-5.432206969708204,5.045625496422872,true,true,-1.0477832466131078,-1.0477832466131078,1.0477832466131076,1.0477832466131076,WRONG,WRONG,false,false,-1.0477832466131076,1.0477832466131076,false,false,true,6.938893903907228e-17,1.0477832466131078,1.906,mnist__cnn1__linf__0.1__model_seed42_itr20_w234.bin
mnist,cnn1,model_seed42_itr20,linf,0.1,1,397,-5.432206969708204,5.045625496422872,-5.432206969708204,5.045625496422872,true,true,-5.045625496422872,-1.0477832466131076,5.045625496422872,1.0477832466131076,WRONG,WRONG,false,false,-1.0477832466131076,1.0477832466131076,false,false,true,0.0,1.0477832466131076,0.424,mnist__cnn1__linf__0.1__model_seed42_itr20_w235.bin
mnist,cnn1,model_seed42_itr20,linf,0.1,1,398,-5.432206969708204,5.045625496422872,-5.432206969708204,5.045625496422872,true,true,-5.045625496422872,-1.0477832466131076,5.045625496422872,1.0477832466131072,WRONG,WRONG,false,false,-1.0477832466131076,1.0477832466131072,false,false,true,0.0,1.0477832466131076,0.451,mnist__cnn1__linf__0.1__model_seed42_itr20_w236.bin
mnist,cnn1,model_seed42_itr20,linf,0.1,1,399,-5.432206969708204,5.045625496422872,-5.432206969708204,5.045625496422872,true,true,-5.045625496422872,-1.0477832466131074,5.045625496422872,1.047783246613107,WRONG,WRONG,false,false,-1.0477832466131074,1.047783246613107,false,false,true,0.8281887694983993,1.8759720161115068,0.405,mnist__cnn1__linf__0.1__model_seed42_itr20_w237.bin
mnist,cnn1,model_seed42_itr20,linf,0.1,1,400,-5.432206969708204,5.045625496422872,-5.432206969708204,5.045625496422872,true,true,-5.045625496422872,-1.0477832466131076,5.045625496422872,1.0477832466131076,WRONG,WRONG,false,false,-1.0477832466131076,1.0477832466131076,false,false,true,8.326672684688674e-17,1.0477832466131076,0.396,mnist__cnn1__linf__0.1__model_seed42_itr20_w238.bin
mnist,cnn1,model_seed42_itr20,linf,0.1,1,401,-5.432206969708204,5.045625496422872,-5.432206969708204,5.045625496422872,true,true,-5.045625496422872,-1.047783246613108,5.045625496422872,1.0477832466131076,WRONG,WRONG,false,false,-1.047783246613108,1.0477832466131076,false,false,true,5.551115123125783e-17,1.0477832466131076,0.408,mnist__cnn1__linf__0.1__model_seed42_itr20_w239.bin
mnist,cnn1,model_seed42_itr20,linf,0.1,1,402,-5.432206969708204,5.045625496422872,-5.432206969708204,5.045625496422872,true,true,-5.045625496422872,-1.0477832466131076,5.045625496422872,1.0477832466131078,WRONG,WRONG,false,false,-1.0477832466131076,1.0477832466131078,false,false,true,0.0,1.0477832466131076,0.415,mnist__cnn1__linf__0.1__model_seed42_itr20_w240.bin
mnist,cnn1,model_seed42_itr20,linf,0.1,1,403,-5.432206969708204,5.045625496422872,-5.432206969708204,5.045625496422872,true,true,-5.045625496422872,-1.0338103975228996,5.045625496422872,1.0477832466131076,WRONG,WRONG,false,false,-1.0477832466131074,1.0477832466131078,false,false,true,0.0,1.0338103975228998,0.484,mnist__cnn1__linf__0.1__model_seed42_itr20_w241.bin
mnist,cnn1,model_seed42_itr20,linf,0.1,1,404,-5.432206969708204,5.045625496422872,-5.432206969708204,5.045625496422872,true,true,-5.045625496422872,-1.0323443139014312,1.0477832466131076,1.0477832466131076,WRONG,WRONG,false,false,-1.0477832466131078,1.0477832466131076,false,false,true,5.551115123125783e-17,1.032344313901431,1.105,mnist__cnn1__linf__0.1__model_seed42_itr20_w242.bin
mnist,cnn1,model_seed42_itr20,linf,0.1,1,405,-5.432206969708204,5.045625496422872,-5.432206969708204,5.045625496422872,true,true,-1.0477832466131076,-1.0477832466131076,1.0477832466131076,1.0477832466131076,WRONG,WRONG,false,false,-1.0477832466131076,1.0477832466131076,false,false,true,1.1102230246251565e-16,1.0477832466131076,1.63,mnist__cnn1__linf__0.1__model_seed42_itr20_w243.bin
mnist,cnn1,model_seed42_itr20,linf,0.1,1,406,-4.276124496012926,4.333969589322805,-4.276124496012926,4.333969589322805,true,true,-4.333969589322805,-0.8610094085335731,4.333969589322805,0.839798732288902,WRONG,WRONG,false,false,-0.8610094085335731,0.8610094085335731,false,false,true,1.3877787807814457e-17,0.8610094085335731,0.363,mnist__cnn1__linf__0.1__model_seed42_itr20_w244.bin
mnist,cnn1,model_seed42_itr20,linf,0.1,1,407,-4.276124496012926,4.333969589322805,-4.276124496012926,4.333969589322805,true,true,-4.333969589322805,-0.8492907649321313,4.333969589322805,0.694413716478856,WRONG,WRONG,false,false,-0.8610094085335729,0.8610094085335731,false,false,true,0.43500012424954493,1.2842908891816802,0.907,mnist__cnn1__linf__0.1__model_seed42_itr20_w245.bin
mnist,cnn1,model_seed42_itr20,linf,0.1,1,408,-4.276124496012926,4.333969589322805,-4.276124496012926,4.333969589322805,true,true,-4.333969589322805,-0.7580601101795681,4.333969589322805,0.5666203843278892,WRONG,WRONG,false,false,-0.8610094085335731,0.8610094085335728,false,false,true,1.3877787807814457e-17,0.7580601101795681,0.422,mnist__cnn1__linf__0.1__model_seed42_itr20_w246.bin
mnist,cnn1,model_seed42_itr20,linf,0.1,1,409,-4.276124496012926,4.333969589322805,-4.276124496012926,4.333969589322805,true,true,-4.333969589322805,-0.8610094085335731,4.333969589322805,0.836297489486432,WRONG,WRONG,false,false,-0.8610094085335731,0.8610094085335732,false,false,true,0.0,0.8610094085335731,0.528,mnist__cnn1__linf__0.1__model_seed42_itr20_w247.bin
mnist,cnn1,model_seed42_itr20,linf,0.1,1,410,-4.276124496012926,4.333969589322805,-4.276124496012926,4.333969589322805,true,true,-4.333969589322805,-0.8052625609610208,4.333969589322805,0.612798670832239,WRONG,WRONG,false,false,-0.8610094085335731,0.8610094085335732,false,false,true,0.03423299482397969,0.8394955557850005,1.182,mnist__cnn1__linf__0.1__model_seed42_itr20_w248.bin
mnist,cnn1,model_seed42_itr20,linf,0.1,1,411,-4.276124496012926,4.333969589322805,-4.276124496012926,4.333969589322805,true,true,-4.333969589322805,-0.8610094085335731,4.333969589322805,0.836297489486432,WRONG,WRONG,false,false,-0.8610094085335731,0.8610094085335732,false,false,true,0.0,0.8610094085335731,0.632,mnist__cnn1__linf__0.1__model_seed42_itr20_w249.bin
mnist,cnn1,model_seed42_itr20,linf,0.1,1,412,-4.276124496012926,4.333969589322805,-4.276124496012926,4.333969589322805,true,true,-4.333969589322805,-0.8412117506239252,4.333969589322805,0.7164278280194907,WRONG,WRONG,false,false,-0.8610094085335732,0.8610094085335731,false,false,true,0.3833618116051652,1.2245735622290905,1.379,mnist__cnn1__linf__0.1__model_seed42_itr20_w250.bin
mnist,cnn1,model_seed42_itr20,linf,0.1,1,413,-4.276124496012926,4.333969589322805,-4.276124496012926,4.333969589322805,true,true,-4.333969589322805,-0.8349862831405139,4.333969589322805,0.7265085122296383,WRONG,WRONG,false,false,-0.8610094085335729,0.8610094085335731,false,false,true,0.5546070224589794,1.3895933055994933,0.566,mnist__cnn1__linf__0.1__model_seed42_itr20_w251.bin
mnist,cnn1,model_seed42_itr20,linf,0.1,1,414,-4.276124496012926,4.333969589322805,-4.276124496012926,4.333969589322805,true,true,-4.333969589322805,-0.8610094085335731,0.8610094085335732,0.8610094085335732,WRONG,WRONG,false,false,-0.8610094085335731,0.8610094085335732,false,false,true,0.0,0.8610094085335731,1.1,mnist__cnn1__linf__0.1__model_seed42_itr20_w252.bin
mnist,cnn1,model_seed42_itr20,linf,0.1,1,415,-4.276124496012926,4.333969589322805,-4.276124496012926,4.333969589322805,true,true,-4.333969589322805,-0.8610094085335732,4.333969589322805,0.8610094085335731,WRONG,WRONG,false,false,-0.8610094085335732,0.8610094085335731,false,false,true,0.0,0.8610094085335731,0.583,mnist__cnn1__linf__0.1__model_seed42_itr20_w253.bin
mnist,cnn1,model_seed42_itr20,linf,0.1,1,416,-4.276124496012926,4.333969589322805,-4.276124496012926,4.333969589322805,true,true,-4.333969589322805,-0.8610094085335731,4.333969589322805,0.8601400159304503,WRONG,WRONG,false,false,-0.8610094085335731,0.8610094085335732,false,false,true,0.0,0.8610094085335731,0.61,mnist__cnn1__linf__0.1__model_seed42_itr20_w254.bin
mnist,cnn1,model_seed42_itr20,linf,0.1,1,417,-4.276124496012926,4.333969589322805,-4.276124496012926,4.333969589322805,true,true,-4.333969589322805,-0.8543740835060509,4.333969589322805,0.7619162625924649,WRONG,WRONG,false,false,-0.8610094085335728,0.8610094085335731,false,false,true,1.0150013767803967,1.8693754602864474,0.837,mnist__cnn1__linf__0.1__model_seed42_itr20_w255.bin
mnist,cnn1,model_seed42_itr20,linf,0.1,1,418,-4.276124496012926,4.333969589322805,-4.276124496012926,4.333969589322805,true,true,-4.333969589322805,-0.8213982120641656,4.333969589322805,0.6603084128450304,WRONG,WRONG,false,false,-0.8610094085335731,0.8610094085335732,false,false,true,0.7216645149969779,1.5430627270611437,1.043,mnist__cnn1__linf__0.1__model_seed42_itr20_w256.bin
mnist,cnn1,model_seed42_itr20,linf,0.1,1,419,-4.276124496012926,4.333969589322805,-4.276124496012926,4.333969589322805,true,true,-4.333969589322805,-0.8554707106672692,4.333969589322805,0.7234860868673416,WRONG,WRONG,false,false,-0.8610094085335732,0.8610094085335731,false,false,true,0.5690623515502827,1.4245330622175516,1.066,mnist__cnn1__linf__0.1__model_seed42_itr20_w257.bin
mnist,cnn1,model_seed42_itr20,linf,0.1,1,420,-4.276124496012926,4.333969589322805,-4.276124496012926,4.333969589322805,true,true,-4.333969589322805,-0.8447658331007919,4.333969589322805,0.6371534621793704,WRONG,WRONG,false,false,-0.8610094085335731,0.8610094085335732,false,false,true,0.3309066321430523,1.175672465243844,0.881,mnist__cnn1__linf__0.1__model_seed42_itr20_w258.bin
mnist,cnn1,model_seed42_itr20,linf,0.1,1,421,-4.276124496012926,4.333969589322805,-4.276124496012926,4.333969589322805,true,true,-4.333969589322805,-0.8601400159304504,4.333969589322805,0.839798732288902,WRONG,WRONG,false,false,-0.8610094085335732,0.8610094085335729,false,false,true,0.0,0.8601400159304505,0.424,mnist__cnn1__linf__0.1__model_seed42_itr20_w259.bin
mnist,cnn1,model_seed42_itr20,linf,0.1,1,422,-4.276124496012926,4.333969589322805,-4.276124496012926,4.333969589322805,true,true,-4.333969589322805,-0.8610094085335732,4.333969589322805,0.8601400159304505,WRONG,WRONG,false,false,-0.8610094085335732,0.8610094085335732,false,false,true,0.0,0.8610094085335731,0.377,mnist__cnn1__linf__0.1__model_seed42_itr20_w260.bin
mnist,cnn1,model_seed42_itr20,linf,0.1,1,423,-4.276124496012926,4.333969589322805,-4.276124496012926,4.333969589322805,true,true,-4.333969589322805,-0.8610094085335733,4.333969589322805,0.8610094085335732,WRONG,WRONG,false,false,-0.8610094085335733,0.8610094085335732,false,false,true,4.163336342344337e-17,0.8610094085335731,0.549,mnist__cnn1__linf__0.1__model_seed42_itr20_w261.bin
mnist,cnn1,model_seed42_itr20,linf,0.1,1,424,-4.276124496012926,4.333969589322805,-4.276124496012926,4.333969589322805,true,true,-4.333969589322805,-0.839798732288902,4.333969589322805,0.861009408533573,WRONG,WRONG,false,false,-0.8610094085335731,0.8610094085335731,false,false,true,2.0816681711721685e-16,0.8397987322889021,0.512,mnist__cnn1__linf__0.1__model_seed42_itr20_w262.bin
mnist,cnn1,model_seed42_itr20,linf,0.1,1,425,-4.276124496012926,4.333969589322805,-4.276124496012926,4.333969589322805,true,true,-4.333969589322805,-0.8546638125387498,4.333969589322805,0.73526706844307,WRONG,WRONG,false,false,-0.8610094085335742,0.8610094085335732,false,false,true,0.5968627424120025,1.4515265549507526,0.613,mnist__cnn1__linf__0.1__model_seed42_itr20_w263.bin
mnist,cnn1,model_seed42_itr20,linf,0.1,1,426,-4.276124496012926,4.333969589322805,-4.276124496012926,4.333969589322805,true,true,-4.333969589322805,-0.8569376061171913,4.333969589322805,0.7666273245763364,WRONG,WRONG,false,false,-0.8610094085335731,0.8610094085335733,false,false,true,0.6104145233314654,1.4673521294486565,0.387,mnist__cnn1__linf__0.1__model_seed42_itr20_w264.bin
mnist,cnn1,model_seed42_itr20,linf,0.1,1,427,-4.276124496012926,4.333969589322805,-4.276124496012926,4.333969589322805,true,true,-4.333969589322805,-0.8469309733315817,4.333969589322805,0.6156745456060853,WRONG,WRONG,false,false,-0.8610094085335731,0.8610094085335731,false,false,true,0.33041697247562946,1.1773479458072111,1.158,mnist__cnn1__linf__0.1__model_seed42_itr20_w265.bin
mnist,cnn1,model_seed42_itr20,linf,0.1,1,428,-4.276124496012926,4.333969589322805,-4.276124496012926,4.333969589322805,true,true,-4.333969589322805,-0.8610094085335733,4.333969589322805,0.8397987322889019,WRONG,WRONG,false,false,-0.8610094085335733,0.8610094085335733,false,false,true,1.6653345369377348e-16,0.8610094085335733,0.548,mnist__cnn1__linf__0.1__model_seed42_itr20_w266.bin
mnist,cnn1,model_seed42_itr20,linf,0.1,1,429,-4.276124496012926,4.333969589322805,-4.276124496012926,4.333969589322805,true,true,-4.333969589322805,-0.8566604536973597,4.333969589322805,0.6860130950963265,WRONG,WRONG,false,false,-0.8610094085335618,0.8610094085335731,false,false,true,0.602310057569405,1.4589705112667646,1.036,mnist__cnn1__linf__0.1__model_seed42_itr20_w267.bin
mnist,cnn1,model_seed42_itr20,linf,0.1,1,430,-4.276124496012926,4.333969589322805,-4.276124496012926,4.333969589322805,true,true,-4.333969589322805,-0.8510051127729916,4.333969589322805,0.8577256879322428,WRONG,WRONG,false,false,-0.8610094085335733,0.8610094085335733,false,false,true,2.7755575615628914e-17,0.8510051127729916,0.602,mnist__cnn1__linf__0.1__model_seed42_itr20_w268.bin
mnist,cnn1,model_seed42_itr20,linf,0.1,1,431,-4.276124496012926,4.333969589322805,-4.276124496012926,4.333969589322805,true,true,-4.333969589322805,-0.8601400159304504,4.333969589322805,0.839798732288902,WRONG,WRONG,false,false,-0.8610094085335732,0.8610094085335732,false,false,true,0.0,0.8601400159304503,0.509,mnist__cnn1__linf__0.1__model_seed42_itr20_w269.bin
mnist,cnn1,model_seed42_itr20,linf,0.1,1,432,-4.276124496012926,4.333969589322805,-4.276124496012926,4.333969589322805,true,true,-4.333969589322805,-0.8037602609639003,4.333969589322805,0.6934414443607251,WRONG,WRONG,false,false,-0.8610094085335731,0.861009408533573,false,false,true,0.0,0.8037602609639004,1.205,mnist__cnn1__linf__0.1__model_seed42_itr20_w270.bin
mnist,cnn1,model_seed42_itr20,linf,0.1,1,433,-4.276124496012926,4.333969589322805,-4.276124496012926,4.333969589322805,true,true,-4.333969589322805,-0.8610094085335732,4.333969589322805,0.8610094085335733,WRONG,WRONG,false,false,-0.8610094085335732,0.8610094085335733,false,false,true,9.71445146547012e-17,0.8610094085335733,0.441,mnist__cnn1__linf__0.1__model_seed42_itr20_w271.bin
mnist,cnn1,model_seed42_itr20,linf,0.1,1,434,-4.276124496012926,4.333969589322805,-4.276124496012926,4.333969589322805,true,true,-4.333969589322805,-0.839798732288902,4.333969589322805,0.8601400159304504,WRONG,WRONG,false,false,-0.8610094085335732,0.8610094085335729,false,false,true,0.0,0.839798732288902,0.516,mnist__cnn1__linf__0.1__model_seed42_itr20_w272.bin
mnist,cnn1,model_seed42_itr20,linf,0.1,1,435,-4.276124496012926,4.333969589322805,-4.276124496012926,4.333969589322805,true,true,-4.333969589322805,-0.7821606079361144,4.333969589322805,0.6096570109959936,WRONG,WRONG,false,false,-0.8610094085335733,0.8610094085335737,false,false,true,0.017405373857620157,0.7995659817937346,0.688,mnist__cnn1__linf__0.1__model_seed42_itr20_w273.bin
mnist,cnn1,model_seed42_itr20,linf,0.1,1,436,-4.276124496012926,4.333969589322805,-4.276124496012926,4.333969589322805,true,true,-4.333969589322805,-0.7789355351526375,4.333969589322805,0.47297679720276226,WRONG,WRONG,false,false,-0.8610094085335732,0.8610094085335731,false,false,true,0.0,0.7789355351526375,0.622,mnist__cnn1__linf__0.1__model_seed42_itr20_w274.bin
mnist,cnn1,model_seed42_itr20,linf,0.1,1,437,-4.276124496012926,4.333969589322805,-4.276124496012926,4.333969589322805,true,true,-4.333969589322805,-0.8426476056694124,4.333969589322805,0.6595298652356729,WRONG,WRONG,false,false,-0.8610094085335733,0.861009408533573,false,false,true,0.34477592095584064,1.187423526625253,0.906,mnist__cnn1__linf__0.1__model_seed42_itr20_w275.bin
mnist,cnn1,model_seed42_itr20,linf,0.1,1,438,-4.276124496012926,4.333969589322805,-4.276124496012926,4.333969589322805,true,true,-4.333969589322805,-0.8610094085335732,4.333969589322805,0.8397987322889024,WRONG,WRONG,false,false,-0.8610094085335732,0.8610094085335731,false,false,true,4.163336342344337e-17,0.8610094085335732,0.549,mnist__cnn1__linf__0.1__model_seed42_itr20_w276.bin
mnist,cnn1,model_seed42_itr20,linf,0.1,1,439,-4.276124496012926,4.333969589322805,-4.276124496012926,4.333969589322805,true,true,-4.333969589322805,-0.6664109499331684,4.333969589322805,0.557420808176915,WRONG,WRONG,false,false,-0.8610094085335733,0.8610094085335729,false,false,true,2.7755575615628914e-17,0.6664109499331684,0.871,mnist__cnn1__linf__0.1__model_seed42_itr20_w277.bin
mnist,cnn1,model_seed42_itr20,linf,0.1,1,440,-4.276124496012926,4.333969589322805,-4.276124496012926,4.333969589322805,true,true,-4.333969589322805,-0.8610094085335733,4.333969589322805,0.8589128923849609,WRONG,WRONG,false,false,-0.8610094085335733,0.8610094085335733,false,false,true,1.3877787807814457e-17,0.8610094085335731,0.979,mnist__cnn1__linf__0.1__model_seed42_itr20_w278.bin
mnist,cnn1,model_seed42_itr20,linf,0.1,1,441,-4.276124496012926,4.333969589322805,-4.276124496012926,4.333969589322805,true,true,-4.333969589322805,-0.8105026592871769,2.58582332526457,0.8610094085335733,WRONG,WRONG,false,false,-0.8610094085335731,0.8610094085335731,false,false,true,1.3877787807814457e-17,0.8105026592871769,1.479,mnist__cnn1__linf__0.1__model_seed42_itr20_w279.bin
mnist,cnn1,model_seed42_itr20,linf,0.1,1,442,-4.276124496012926,4.333969589322805,-4.276124496012926,4.333969589322805,true,true,-4.333969589322805,-0.8601400159304508,4.333969589322805,0.8610094085335733,WRONG,WRONG,false,false,-0.8610094085335731,0.8610094085335731,false,false,true,0.40680285590486176,1.2669428718353126,0.647,mnist__cnn1__linf__0.1__model_seed42_itr20_w280.bin
mnist,cnn1,model_seed42_itr20,linf,0.1,1,443,-4.276124496012926,4.333969589322805,-4.276124496012926,4.333969589322805,true,true,-4.333969589322805,-0.8601400159304505,4.333969589322805,0.8370147110139734,WRONG,WRONG,false,false,-0.8610094085335732,0.8610094085335732,false,false,true,0.0,0.8601400159304504,0.554,mnist__cnn1__linf__0.1__model_seed42_itr20_w281.bin
mnist,cnn1,model_seed42_itr20,linf,0.1,1,444,-4.276124496012926,4.333969589322805,-4.276124496012926,4.333969589322805,true,true,-4.333969589322805,-0.8550133669816335,4.333969589322805,0.7117163871676,WRONG,WRONG,false,false,-0.8610094085335731,0.8610094085335727,false,false,true,0.36068078839717005,1.2156941553788034,0.427,mnist__cnn1__linf__0.1__model_seed42_itr20_w282.bin
mnist,cnn1,model_seed42_itr20,linf,0.1,1,445,-4.276124496012926,4.333969589322805,-4.276124496012926,4.333969589322805,true,true,-4.333969589322805,-0.7387074552820764,4.333969589322805,0.6186215585676091,WRONG,WRONG,false,false,-0.8610094085335731,0.8610094085335733,false,false,true,5.551115123125783e-17,0.7387074552820764,1.269,mnist__cnn1__linf__0.1__model_seed42_itr20_w283.bin
mnist,cnn1,model_seed42_itr20,linf,0.1,1,446,-4.276124496012926,4.333969589322805,-4.276124496012926,4.333969589322805,true,true,-4.333969589322805,-0.8522685676597844,4.333969589322805,0.6840937447586259,WRONG,WRONG,false,false,-0.8610094085335741,0.8610094085335731,false,false,true,0.4795775580685321,1.3318461257283165,0.522,mnist__cnn1__linf__0.1__model_seed42_itr20_w284.bin
mnist,cnn1,model_seed42_itr20,linf,0.1,1,447,-4.276124496012926,4.333969589322805,-4.276124496012926,4.333969589322805,true,true,-4.333969589322805,-0.8610094085335732,4.333969589322805,0.839798732288902,WRONG,WRONG,false,false,-0.8610094085335732,0.8610094085335731,false,false,true,0.0,0.8610094085335731,0.418,mnist__cnn1__linf__0.1__model_seed42_itr20_w285.bin
mnist,cnn1,model_seed42_itr20,linf,0.1,1,448,-4.276124496012926,4.333969589322805,-4.276124496012926,4.333969589322805,true,true,-4.333969589322805,-0.7249169675561363,4.333969589322805,0.35396855824156126,WRONG,WRONG,false,false,-0.8610094085335733,0.8610094085335724,false,false,true,1.1102230246251565e-16,0.7249169675561363,1.329,mnist__cnn1__linf__0.1__model_seed42_itr20_w286.bin
mnist,cnn1,model_seed42_itr20,linf,0.1,1,449,-4.276124496012926,4.333969589322805,-4.276124496012926,4.333969589322805,true,true,-4.333969589322805,-0.5413944491913696,4.333969589322805,0.7560972786325356,WRONG,WRONG,false,false,-0.8610094085335733,0.8610094085335731,false,false,true,0.2650314878464301,0.8064259370377996,1.166,mnist__cnn1__linf__0.1__model_seed42_itr20_w287.bin
mnist,cnn1,model_seed42_itr20,linf,0.1,1,450,-4.276124496012926,4.333969589322805,-4.276124496012926,4.333969589322805,true,true,-4.333969589322805,-0.8610094085335732,4.333969589322805,0.8601400159304504,WRONG,WRONG,false,false,-0.8610094085335732,0.8610094085335733,false,false,true,1.249000902703301e-16,0.8610094085335731,0.641,mnist__cnn1__linf__0.1__model_seed42_itr20_w288.bin
mnist,cnn1,model_seed42_itr20,linf,0.1,1,451,-4.276124496012926,4.333969589322805,-4.276124496012926,4.333969589322805,true,true,-4.333969589322805,-0.8397987322889021,4.333969589322805,0.8601400159304504,WRONG,WRONG,false,false,-0.8610094085335731,0.8610094085335732,false,false,true,1.8041124150158794e-16,0.8397987322889021,0.319,mnist__cnn1__linf__0.1__model_seed42_itr20_w289.bin
mnist,cnn1,model_seed42_itr20,linf,0.1,1,452,-4.276124496012926,4.333969589322805,-4.276124496012926,4.333969589322805,true,true,-4.333969589322805,-0.8610094085335731,4.333969589322805,0.8610094085335733,WRONG,WRONG,false,false,-0.8610094085335731,0.8610094085335733,false,false,true,4.163336342344337e-17,0.8610094085335732,0.405,mnist__cnn1__linf__0.1__model_seed42_itr20_w290.bin
mnist,cnn1,model_seed42_itr20,linf,0.1,1,453,-4.276124496012926,4.333969589322805,-4.276124496012926,4.333969589322805,true,true,-0.8610094085335731,-0.8610094085335731,0.8610094085335738,0.8610094085335738,WRONG,WRONG,false,false,-0.8610094085335732,0.8610094085335738,false,false,true,8.326672684688674e-17,0.8610094085335731,1.28,mnist__cnn1__linf__0.1__model_seed42_itr20_w291.bin
mnist,cnn1,model_seed42_itr20,linf,0.1,1,454,-4.276124496012926,4.333969589322805,-4.276124496012926,4.333969589322805,true,true,-4.333969589322805,-0.7999123734178403,4.333969589322805,0.5481114327334161,WRONG,WRONG,false,false,-0.8610094085335731,0.8610094085335733,false,false,true,0.612092734124042,1.4120051075418822,0.435,mnist__cnn1__linf__0.1__model_seed42_itr20_w292.bin
mnist,cnn1,model_seed42_itr20,linf,0.1,1,455,-4.276124496012926,4.333969589322805,-4.276124496012926,4.333969589322805,true,true,-4.333969589322805,-0.861009408533573,0.8610094085335731,0.8610094085335731,WRONG,WRONG,false,false,-0.8610094085335733,0.8610094085335732,false,false,true,0.0,0.861009408533573,0.915,mnist__cnn1__linf__0.1__model_seed42_itr20_w293.bin
mnist,cnn1,model_seed42_itr20,linf,0.1,1,456,-4.276124496012926,4.333969589322805,-4.276124496012926,4.333969589322805,true,true,-0.8610094085335733,-0.8610094085335733,0.8610094085335742,0.8610094085335742,WRONG,WRONG,false,false,-0.8610094085335733,0.8610094085335742,false,false,true,5.551115123125783e-17,0.8610094085335731,1.855,mnist__cnn1__linf__0.1__model_seed42_itr20_w294.bin
mnist,cnn1,model_seed42_itr20,linf,0.1,1,457,-4.276124496012926,4.333969589322805,-4.276124496012926,4.333969589322805,true,true,-4.333969589322805,-0.8546638125387498,4.333969589322805,0.7357372152184326,WRONG,WRONG,false,false,-0.8610094085335731,0.8610094085335732,false,false,true,0.5968627424120025,1.4515265549507526,0.544,mnist__cnn1__linf__0.1__model_seed42_itr20_w295.bin
mnist,cnn1,model_seed42_itr20,linf,0.1,1,458,-4.276124496012926,4.333969589322805,-4.276124496012926,4.333969589322805,true,true,-4.333969589322805,-0.8140903676248632,4.333969589322805,0.5619693587193794,WRONG,WRONG,false,false,-0.861009408533573,0.8610094085335731,false,false,true,0.112139984831179,0.926230352456042,1.008,mnist__cnn1__linf__0.1__model_seed42_itr20_w296.bin
mnist,cnn1,model_seed42_itr20,linf,0.1,1,459,-4.276124496012926,4.333969589322805,-4.276124496012926,4.333969589322805,true,true,-4.333969589322805,-0.8610094085335732,4.333969589322805,0.8610094085335732,WRONG,WRONG,false,false,-0.8610094085335732,0.8610094085335732,false,false,true,0.0,0.8610094085335731,0.4,mnist__cnn1__linf__0.1__model_seed42_itr20_w297.bin
mnist,cnn1,model_seed42_itr20,linf,0.1,1,460,-4.276124496012926,4.333969589322805,-4.276124496012926,4.333969589322805,true,true,-4.333969589322805,-0.8601400159304506,4.333969589322805,0.8610094085335731,WRONG,WRONG,false,false,-0.861009408533573,0.8610094085335731,false,false,true,0.28372367812481664,1.1438636940552673,0.337,mnist__cnn1__linf__0.1__model_seed42_itr20_w298.bin
mnist,cnn1,model_seed42_itr20,linf,0.1,1,461,-4.276124496012926,4.333969589322805,-4.276124496012926,4.333969589322805,true,true,-4.333969589322805,-0.8610094085335731,4.333969589322805,0.839798732288902,WRONG,WRONG,false,false,-0.8610094085335731,0.8610094085335731,false,false,true,4.163336342344337e-17,0.861009408533573,0.557,mnist__cnn1__linf__0.1__model_seed42_itr20_w299.bin
mnist,cnn1,model_seed42_itr20,linf,0.1,1,462,-4.276124496012926,4.333969589322805,-4.276124496012926,4.333969589322805,true,true,-4.333969589322805,-0.8569376061171913,4.333969589322805,0.7738856201570156,WRONG,WRONG,false,false,-0.8610094085335734,0.8610094085335732,false,false,true,0.6104145233314654,1.4673521294486565,0.359,mnist__cnn1__linf__0.1__model_seed42_itr20_w300.bin
mnist,cnn1,model_seed42_itr20,linf,0.1,1,463,-4.276124496012926,4.333969589322805,-4.276124496012926,4.333969589322805,true,true,-4.333969589322805,-0.8107343703868711,2.5858233252645704,0.8610094085335733,WRONG,WRONG,false,false,-0.8610094085335731,0.8610094085335731,false,false,true,1.3877787807814457e-17,0.810734370386871,1.137,mnist__cnn1__linf__0.1__model_seed42_itr20_w301.bin
mnist,cnn1,model_seed42_itr20,linf,0.1,1,464,-4.276124496012926,4.333969589322805,-4.276124496012926,4.333969589322805,true,true,-4.333969589322805,-0.8610094085335731,4.333969589322805,0.8397987322889019,WRONG,WRONG,false,false,-0.8610094085335731,0.8610094085335733,false,false,true,0.0,0.861009408533573,0.52,mnist__cnn1__linf__0.1__model_seed42_itr20_w302.bin
mnist,cnn1,model_seed42_itr20,linf,0.1,1,465,-4.276124496012926,4.333969589322805,-4.276124496012926,4.333969589322805,true,true,-4.333969589322805,-0.8508737706315823,4.333969589322805,0.6926986872265272,WRONG,WRONG,false,false,-0.8610094085335733,0.8610094085335734,false,false,true,0.48036784668341814,1.331241617315,0.677,mnist__cnn1__linf__0.1__model_seed42_itr20_w303.bin
mnist,cnn1,model_seed42_itr20,linf,0.1,1,466,-4.276124496012926,4.333969589322805,-4.276124496012926,4.333969589322805,true,true,-4.333969589322805,-0.847616468541931,4.333969589322805,0.7599052352565998,WRONG,WRONG,false,false,-0.8610094085335736,0.861009408533573,false,false,true,0.637586639343367,1.4852031078852974,0.613,mnist__cnn1__linf__0.1__model_seed42_itr20_w304.bin
mnist,cnn1,model_seed42_itr20,linf,0.1,1,467,-4.276124496012926,4.333969589322805,-4.276124496012926,4.333969589322805,true,true,-4.333969589322805,-0.6702521378464064,4.333969589322805,0.3012835346278214,WRONG,WRONG,false,false,-0.8610094085335734,0.8610094085335731,false,false,true,0.0,0.6702521378464065,0.743,mnist__cnn1__linf__0.1__model_seed42_itr20_w305.bin
mnist,cnn1,model_seed42_itr20,linf,0.1,1,468,-4.276124496012926,4.333969589322805,-4.276124496012926,4.333969589322805,true,true,-4.333969589322805,-0.7819436071800785,4.333969589322805,0.45292648886756237,WRONG,WRONG,false,false,-0.8610094085335733,0.8610094085335732,false,false,true,0.0,0.7819436071800786,0.598,mnist__cnn1__linf__0.1__model_seed42_itr20_w306.bin
mnist,cnn1,model_seed42_itr20,linf,0.1,1,469,-4.276124496012926,4.333969589322805,-4.276124496012926,4.333969589322805,true,true,-4.333969589322805,-0.8601400159304505,4.333969589322805,0.8610094085335731,WRONG,WRONG,false,false,-0.8610094085335733,0.8610094085335732,false,false,true,0.14281481554785427,1.0029548314783048,0.406,mnist__cnn1__linf__0.1__model_seed42_itr20_w307.bin
mnist,cnn1,model_seed42_itr20,linf,0.1,1,470,-4.276124496012926,4.333969589322805,-4.276124496012926,4.333969589322805,true,true,-4.333969589322805,-0.8544305829233081,4.333969589322805,0.713587539464241,WRONG,WRONG,false,false,-0.861009408533573,0.8610094085335731,false,false,true,0.5399956870866952,1.3944262700100032,0.271,mnist__cnn1__linf__0.1__model_seed42_itr20_w308.bin
mnist,cnn1,model_seed42_itr20,linf,0.1,1,471,-4.276124496012926,4.333969589322805,-4.276124496012926,4.333969589322805,true,true,-4.333969589322805,-0.8610094085335732,4.333969589322805,0.8105066943345375,WRONG,WRONG,false,false,-0.8610094085335732,0.8610094085335731,false,false,true,0.0,0.861009408533573,0.301,mnist__cnn1__linf__0.1__model_seed42_itr20_w309.bin
mnist,cnn1,model_seed42_itr20,linf,0.1,1,472,-4.276124496012926,4.333969589322805,-4.276124496012926,4.333969589322805,true,true,-4.333969589322805,-0.8610094085335732,0.8610094085335732,0.8610094085335732,WRONG,WRONG,false,false,-0.8610094085335733,0.8610094085335732,false,false,true,6.938893903907228e-17,0.8610094085335733,0.585,mnist__cnn1__linf__0.1__model_seed42_itr20_w310.bin
mnist,cnn1,model_seed42_itr20,linf,0.1,1,473,-4.276124496012926,4.333969589322805,-4.276124496012926,4.333969589322805,true,true,-4.333969589322805,-0.8569376061171913,4.333969589322805,0.7738856201570159,WRONG,WRONG,false,false,-0.8610094085335731,0.8610094085335733,false,false,true,0.6104145233314654,1.4673521294486565,0.383,mnist__cnn1__linf__0.1__model_seed42_itr20_w311.bin
mnist,cnn1,model_seed42_itr20,linf,0.1,1,474,-4.276124496012926,4.333969589322805,-4.276124496012926,4.333969589322805,true,true,-4.333969589322805,-0.7839529710752674,4.333969589322805,0.6069758246783907,WRONG,WRONG,false,false,-0.8610094085335729,0.861009408533573,false,false,true,1.3877787807814457e-17,0.7839529710752674,0.988,mnist__cnn1__linf__0.1__model_seed42_itr20_w312.bin
mnist,cnn1,model_seed42_itr20,linf,0.1,1,475,-4.276124496012926,4.333969589322805,-4.276124496012926,4.333969589322805,true,true,-4.333969589322805,-0.8610094085335731,4.333969589322805,0.8146455279220757,WRONG,WRONG,false,false,-0.8610094085335731,0.8610094085335732,false,false,true,0.0,0.8610094085335731,0.56,mnist__cnn1__linf__0.1__model_seed42_itr20_w313.bin
mnist,cnn1,model_seed42_itr20,linf,0.1,1,476,-4.276124496012926,4.333969589322805,-4.276124496012926,4.333969589322805,true,true,-4.333969589322805,-0.8175465436439158,4.333969589322805,0.6537094279302034,WRONG,WRONG,false,false,-0.8610094085335732,0.8610094085335732,false,false,true,0.06778625029320252,0.8853327939371181,1.218,mnist__cnn1__linf__0.1__model_seed42_itr20_w314.bin
mnist,cnn1,model_seed42_itr20,linf,0.1,1,477,-4.276124496012926,4.333969589322805,-4.276124496012926,4.333969589322805,true,true,-4.333969589322805,-0.8601400159304504,0.8610094085335731,0.8610094085335731,WRONG,WRONG,false,false,-0.8610094085335731,0.8610094085335731,false,false,true,1.3877787807814457e-17,0.8601400159304503,1.066,mnist__cnn1__linf__0.1__model_seed42_itr20_w315.bin
mnist,cnn1,model_seed42_itr20,linf,0.1,1,478,-4.276124496012926,4.333969589322805,-4.276124496012926,4.333969589322805,true,true,-4.333969589322805,-0.8601400159304506,4.333969589322805,0.839798732288902,WRONG,WRONG,false,false,-0.8610094085335728,0.8610094085335731,false,false,true,0.5968627424120025,1.457002758342453,0.462,mnist__cnn1__linf__0.1__model_seed42_itr20_w316.bin
mnist,cnn1,model_seed42_itr20,linf,0.1,1,479,-4.276124496012926,4.333969589322805,-4.276124496012926,4.333969589322805,true,true,-4.333969589322805,-0.8610094085335732,4.333969589322805,0.8610094085335729,WRONG,WRONG,false,false,-0.8610094085335732,0.8610094085335729,false,false,true,1.1102230246251565e-16,0.8610094085335733,0.591,mnist__cnn1__linf__0.1__model_seed42_itr20_w317.bin
mnist,cnn1,model_seed42_itr20,linf,0.1,1,480,-4.276124496012926,4.333969589322805,-4.276124496012926,4.333969589322805,true,true,-4.333969589322805,-0.839798732288902,4.333969589322805,0.8610094085335732,WRONG,WRONG,false,false,-0.8610094085335729,0.8610094085335731,false,false,true,0.4377386338796101,1.2775373661685123,0.572,mnist__cnn1__linf__0.1__model_seed42_itr20_w318.bin
mnist,cnn1,model_seed42_itr20,linf,0.1,1,481,-4.276124496012926,4.333969589322805,-4.276124496012926,4.333969589322805,true,true,-4.333969589322805,-0.8571550905967079,4.333969589322805,0.8204170692616417,WRONG,WRONG,false,false,-0.8610094085335732,0.8610094085335736,false,false,true,0.5968627424120025,1.4540178330087103,0.361,mnist__cnn1__linf__0.1__model_seed42_itr20_w319.bin
mnist,cnn1,model_seed42_itr20,linf,0.1,1,482,-4.276124496012926,4.333969589322805,-4.276124496012926,4.333969589322805,true,true,-4.333969589322805,-0.8569376061171912,4.333969589322805,0.7738856201570163,WRONG,WRONG,false,false,-0.8610094085335733,0.8610094085335733,false,false,true,0.6104145233314656,1.4673521294486565,0.651,mnist__cnn1__linf__0.1__model_seed42_itr20_w320.bin
mnist,cnn1,model_seed42_itr20,linf,0.1,1,483,-4.276124496012926,4.333969589322805,-4.276124496012926,4.333969589322805,true,true,-4.333969589322805,-0.8569376061171913,4.333969589322805,0.7738856201570161,WRONG,WRONG,false,false,-0.8610094085335731,0.8610094085335732,false,false,true,0.6104145233314654,1.4673521294486562,0.347,mnist__cnn1__linf__0.1__model_seed42_itr20_w321.bin
mnist,cnn1,model_seed42_itr20,linf,0.1,1,484,-4.276124496012926,4.333969589322805,-4.276124496012926,4.333969589322805,true,true,-4.333969589322805,-0.8408435587728554,4.333969589322805,0.6469359925965529,WRONG,WRONG,false,false,-0.8610094085335731,0.8610094085335733,false,false,true,0.2905895771254555,1.1314331358983107,0.831,mnist__cnn1__linf__0.1__model_seed42_itr20_w322.bin
mnist,cnn1,model_seed42_itr20,linf,0.1,1,485,-4.276124496012926,4.333969589322805,-4.276124496012926,4.333969589322805,true,true,-4.333969589322805,-0.8610094085335731,4.333969589322805,0.839798732288902,WRONG,WRONG,false,false,-0.8610094085335731,0.861009408533573,false,false,true,0.03906817007988199,0.9000775786134552,0.578,mnist__cnn1__linf__0.1__model_seed42_itr20_w323.bin
mnist,cnn1,model_seed42_itr20,linf,0.1,1,486,-4.276124496012926,4.333969589322805,-4.276124496012926,4.333969589322805,true,true,-4.333969589322805,-0.5503146568052639,4.333969589322805,0.6628541615833403,WRONG,WRONG,false,false,-0.8610094085335731,0.8610094085335732,false,false,true,0.0,0.5503146568052639,1.089,mnist__cnn1__linf__0.1__model_seed42_itr20_w324.bin
