dataset,arch,model,perturbation,size,layer,neuron,l_org,u_org,l_pert,u_pert,guard_ge,guard_le,min_bound,min_val,max_bound,max_val,verdict_ge,verdict_le,old_stamp_ge,old_stamp_le,old_val_min,old_val_max,fired_ge,fired_le,witness_ok,witness_z,witness_zp,probe_sec,witness_file
mnist,cnn1,model_seed42_itr20,linf,0.05,1,82,-3.4341882613953203,5.783351950114593,-3.4341882613953203,5.783351950114593,true,true,-0.4608770105754958,-0.4608770105754958,0.46087701057549546,0.46087701057549546,WRONG,WRONG,false,false,-0.4608770105754958,0.46087701057549546,false,false,true,1.3877787807814457e-17,0.4608770105754957,2.517,mnist__cnn1__linf__0.05__model_seed42_itr20_w1.bin
mnist,cnn1,model_seed42_itr20,linf,0.05,1,83,-3.4341882613953203,5.783351950114593,-3.4341882613953203,5.783351950114593,true,true,-0.46087701057549574,-0.46087701057549574,0.4608770105754955,0.4608770105754955,WRONG,WRONG,false,false,-0.46087701057549574,0.4608770105754955,false,false,true,1.3877787807814457e-17,0.4608770105754956,1.358,mnist__cnn1__linf__0.05__model_seed42_itr20_w2.bin
mnist,cnn1,model_seed42_itr20,linf,0.05,1,84,-3.4341882613953203,5.783351950114593,-3.4341882613953203,5.783351950114593,true,true,-5.783351950114593,-0.4608722096965958,5.783351950114593,0.4608722096965958,WRONG,WRONG,false,false,-0.4608722096965958,0.4608722096965958,false,false,true,1.0968151243869215,1.5576873340835173,0.716,mnist__cnn1__linf__0.05__model_seed42_itr20_w3.bin
mnist,cnn1,model_seed42_itr20,linf,0.05,1,85,-3.4341882613953203,5.783351950114593,-3.4341882613953203,5.783351950114593,true,true,-5.783351950114593,-0.46087701057549557,5.783351950114593,0.4608770105754971,WRONG,WRONG,false,false,-0.46087701057549557,0.4608770105754971,false,false,true,1.6769509844027346,2.1378279949782297,0.561,mnist__cnn1__linf__0.05__model_seed42_itr20_w4.bin
mnist,cnn1,model_seed42_itr20,linf,0.05,1,86,-3.4341882613953203,5.783351950114593,-3.4341882613953203,5.783351950114593,true,true,-0.4608770105754957,-0.4608770105754957,0.46087701057549557,0.46087701057549557,WRONG,WRONG,false,false,-0.4608770105754957,0.46087701057549557,false,false,true,0.0,0.46087701057549557,2.477,mnist__cnn1__linf__0.05__model_seed42_itr20_w5.bin
mnist,cnn1,model_seed42_itr20,linf,0.05,1,87,-3.4341882613953203,5.783351950114593,-3.4341882613953203,5.783351950114593,true,true,-5.783351950114593,-0.46087701057549574,5.783351950114593,0.46087701057549574,WRONG,WRONG,false,false,-0.46087701057549574,0.46087701057549574,false,false,true,0.0,0.46087701057549557,0.395,mnist__cnn1__linf__0.05__model_seed42_itr20_w6.bin
mnist,cnn1,model_seed42_itr20,linf,0.05,1,88,-3.4341882613953203,5.783351950114593,-3.4341882613953203,5.783351950114593,true,true,-5.783351950114593,-0.4608722096965958,5.783351950114593,0.4576118906374744,WRONG,WRONG,false,false,-0.4608722096965958,0.46087701057549574,false,false,true,1.0968151243869215,1.5576873340835173,0.516,mnist__cnn1__linf__0.05__model_seed42_itr20_w7.bin
mnist,cnn1,model_seed42_itr20,linf,0.05,1,89,-3.4341882613953203,5.783351950114593,-3.4341882613953203,5.783351950114593,true,true,-0.4608770105754958,-0.4608770105754958,0.46087701057549574,0.46087701057549574,WRONG,WRONG,false,false,-0.4608770105754958,0.46087701057549574,false,false,true,4.163336342344337e-17,0.4608770105754957,1.464,mnist__cnn1__linf__0.05__model_seed42_itr20_w8.bin
mnist,cnn1,model_seed42_itr20,linf,0.05,1,90,-3.4341882613953203,5.783351950114593,-3.4341882613953203,5.783351950114593,true,true,-5.783351950114593,-0.4608770105754957,5.783351950114593,0.4608770105754957,WRONG,WRONG,false,false,-0.4608770105754957,0.4608770105754957,false,false,true,0.040520147853978235,0.501397158429474,0.342,mnist__cnn1__linf__0.05__model_seed42_itr20_w9.bin
mnist,cnn1,model_seed42_itr20,linf,0.05,1,91,-3.4341882613953203,5.783351950114593,-3.4341882613953203,5.783351950114593,true,true,-0.46087701057549585,-0.46087701057549585,0.46087701057549574,0.46087701057549574,WRONG,WRONG,false,false,-0.46087701057549585,0.46087701057549574,false,false,true,0.0,0.46087701057549585,1.822,mnist__cnn1__linf__0.05__model_seed42_itr20_w10.bin
mnist,cnn1,model_seed42_itr20,linf,0.05,1,92,-3.4341882613953203,5.783351950114593,-3.4341882613953203,5.783351950114593,true,true,-0.46087701057549557,-0.46087701057549557,0.4608770105754957,0.4608770105754957,WRONG,WRONG,false,false,-0.46087701057549557,0.46087701057549557,false,false,true,1.249000902703301e-16,0.4608770105754959,1.972,mnist__cnn1__linf__0.05__model_seed42_itr20_w11.bin
mnist,cnn1,model_seed42_itr20,linf,0.05,1,93,-3.4341882613953203,5.783351950114593,-3.4341882613953203,5.783351950114593,true,true,-0.46087701057549574,-0.46087701057549574,0.4608770105754957,0.4608770105754957,WRONG,WRONG,false,false,-0.46087701057549574,0.4608770105754957,false,false,true,1.3877787807814457e-17,0.4608770105754956,1.687,mnist__cnn1__linf__0.05__model_seed42_itr20_w12.bin
mnist,cnn1,model_seed42_itr20,linf,0.05,1,94,-3.4341882613953203,5.783351950114593,-3.4341882613953203,5.783351950114593,true,true,-5.783351950114593,-0.4576259079759186,5.783351950114593,0.4608703619051955,WRONG,WRONG,false,false,-0.4608770105754957,0.4608770105754958,false,false,true,0.9649158870737764,1.4225417950496952,0.687,mnist__cnn1__linf__0.05__model_seed42_itr20_w13.bin
mnist,cnn1,model_seed42_itr20,linf,0.05,1,95,-3.4341882613953203,5.783351950114593,-3.4341882613953203,5.783351950114593,true,true,-5.783351950114593,-0.4608722096965958,5.783351950114593,0.4144514108093318,WRONG,WRONG,false,false,-0.4608722096965958,0.4608770105754956,false,false,true,1.0968151243869215,1.5576873340835173,0.553,mnist__cnn1__linf__0.05__model_seed42_itr20_w14.bin
mnist,cnn1,model_seed42_itr20,linf,0.05,1,96,-3.4341882613953203,5.783351950114593,-3.4341882613953203,5.783351950114593,true,true,-0.4608770105754956,-0.4608770105754956,0.4608770105754957,0.4608770105754957,WRONG,WRONG,false,false,-0.4608770105754956,0.4608770105754957,false,false,true,6.938893903907228e-17,0.46087701057549557,2.425,mnist__cnn1__linf__0.05__model_seed42_itr20_w15.bin
mnist,cnn1,model_seed42_itr20,linf,0.05,1,97,-3.4341882613953203,5.783351950114593,-3.4341882613953203,5.783351950114593,true,true,-0.4608770105754956,-0.4608770105754956,0.4608770105754957,0.4608770105754957,WRONG,WRONG,false,false,-0.4608770105754956,0.4608770105754958,false,false,true,0.0,0.4608770105754956,1.701,mnist__cnn1__linf__0.05__model_seed42_itr20_w16.bin
mnist,cnn1,model_seed42_itr20,linf,0.05,1,98,-3.4341882613953203,5.783351950114593,-3.4341882613953203,5.783351950114593,true,true,-5.783351950114593,-0.4608770105754957,0.4608770105754957,0.4608770105754957,WRONG,WRONG,false,false,-0.4608770105754957,0.4608770105754957,false,false,true,1.3877787807814457e-17,0.46087701057549557,1.082,mnist__cnn1__linf__0.05__model_seed42_itr20_w17.bin
mnist,cnn1,model_seed42_itr20,linf,0.05,1,99,-3.4341882613953203,5.783351950114593,-3.4341882613953203,5.783351950114593,true,true,-5.783351950114593,-0.4576326458981115,5.783351950114593,0.46087701057549557,WRONG,WRONG,false,false,-0.4608770105754958,0.460877010575496,false,false,true,1.4407955045328942,1.898428150431006,0.31,mnist__cnn1__linf__0.05__model_seed42_itr20_w18.bin
mnist,cnn1,model_seed42_itr20,linf,0.05,1,100,-3.4341882613953203,5.783351950114593,-3.4341882613953203,5.783351950114593,true,true,-0.4608770105754955,-0.4608770105754955,0.4608770105754957,0.4608770105754957,WRONG,WRONG,false,false,-0.4608770105754955,0.4608770105754957,false,false,true,0.0,0.460877010575496,1.657,mnist__cnn1__linf__0.05__model_seed42_itr20_w19.bin
mnist,cnn1,model_seed42_itr20,linf,0.05,1,101,-3.4341882613953203,5.783351950114593,-3.4341882613953203,5.783351950114593,true,true,-5.783351950114593,-0.4576326458981115,5.783351950114593,0.4608770105754958,WRONG,WRONG,false,false,-0.46087701057549574,0.4608770105754958,false,false,true,0.7371535622163374,1.1947862081144494,0.39,mnist__cnn1__linf__0.05__model_seed42_itr20_w20.bin
mnist,cnn1,model_seed42_itr20,linf,0.05,1,102,-3.4341882613953203,5.783351950114593,-3.4341882613953203,5.783351950114593,true,true,-0.46087701057549557,-0.46087701057549557,0.4608770105754957,0.4608770105754957,WRONG,WRONG,false,false,-0.46087701057549557,0.4608770105754957,false,false,true,0.0,0.46087701057549557,2.153,mnist__cnn1__linf__0.05__model_seed42_itr20_w21.bin
mnist,cnn1,model_seed42_itr20,linf,0.05,1,103,-3.4341882613953203,5.783351950114593,-3.4341882613953203,5.783351950114593,true,true,-0.4608770105754957,-0.4608770105754957,0.4608770105754959,0.4608770105754959,WRONG,WRONG,false,false,-0.4608770105754957,0.4608770105754959,false,false,true,2.7755575615628914e-17,0.4608770105754956,1.721,mnist__cnn1__linf__0.05__model_seed42_itr20_w22.bin
mnist,cnn1,model_seed42_itr20,linf,0.05,1,104,-3.4341882613953203,5.783351950114593,-3.4341882613953203,5.783351950114593,true,true,-0.46087701057549574,-0.46087701057549574,0.46087701057549574,0.46087701057549574,WRONG,WRONG,false,false,-0.46087701057549574,0.46087701057549574,false,false,true,4.163336342344337e-17,0.4608770105754956,2.446,mnist__cnn1__linf__0.05__model_seed42_itr20_w23.bin
mnist,cnn1,model_seed42_itr20,linf,0.05,1,105,-3.4341882613953203,5.783351950114593,-3.4341882613953203,5.783351950114593,true,true,-0.46087701057549574,-0.46087701057549574,0.4608770105754957,0.4608770105754957,WRONG,WRONG,false,false,-0.46087701057549574,0.4608770105754957,false,false,true,1.1102230246251565e-16,0.4608770105754958,1.749,mnist__cnn1__linf__0.05__model_seed42_itr20_w24.bin
mnist,cnn1,model_seed42_itr20,linf,0.05,1,106,-3.4341882613953203,5.783351950114593,-3.4341882613953203,5.783351950114593,true,true,-5.783351950114593,-0.45763264589811176,5.783351950114593,0.4602629776643579,WRONG,WRONG,false,false,-0.46087701057549574,0.4608770105754958,false,false,true,6.938893903907228e-17,0.4576326458981116,0.526,mnist__cnn1__linf__0.05__model_seed42_itr20_w25.bin
mnist,cnn1,model_seed42_itr20,linf,0.05,1,107,-3.4341882613953203,5.783351950114593,-3.4341882613953203,5.783351950114593,true,true,-0.46087701057549574,-0.46087701057549574,0.46087701057549574,0.46087701057549574,WRONG,WRONG,false,false,-0.4608770105754957,0.46087701057549574,false,false,true,1.3877787807814457e-17,0.4608770105754956,2.069,mnist__cnn1__linf__0.05__model_seed42_itr20_w26.bin
mnist,cnn1,model_seed42_itr20,linf,0.05,1,108,-3.4341882613953203,5.783351950114593,-3.4341882613953203,5.783351950114593,true,true,-0.46087701057549557,-0.46087701057549557,0.4608770105754957,0.4608770105754957,WRONG,WRONG,false,false,-0.46087701057549557,0.4608770105754957,false,false,true,1.1796119636642288e-16,0.4608770105754956,2.121,mnist__cnn1__linf__0.05__model_seed42_itr20_w27.bin
mnist,cnn1,model_seed42_itr20,linf,0.05,1,109,-3.4341882613953203,5.783351950114593,-3.4341882613953203,5.783351950114593,true,true,-5.783351950114593,-0.46087701057549574,0.4608770105754956,0.4608770105754956,WRONG,WRONG,false,false,-0.4608770105754958,0.4608770105754956,false,false,true,0.0,0.46087701057549546,1.075,mnist__cnn1__linf__0.05__model_seed42_itr20_w28.bin
mnist,cnn1,model_seed42_itr20,linf,0.05,1,110,-3.4341882613953203,5.783351950114593,-3.4341882613953203,5.783351950114593,true,true,-0.46087701057549574,-0.46087701057549574,0.4608770105754957,0.4608770105754957,WRONG,WRONG,false,false,-0.46087701057549574,0.4608770105754957,false,false,true,1.3877787807814457e-17,0.4608770105754956,1.608,mnist__cnn1__linf__0.05__model_seed42_itr20_w29.bin
mnist,cnn1,model_seed42_itr20,linf,0.05,1,111,-3.4341882613953203,5.783351950114593,-3.4341882613953203,5.783351950114593,true,true,-0.46087701057549574,-0.46087701057549574,0.46087701057549574,0.46087701057549574,WRONG,WRONG,false,false,-0.46087701057549574,0.4608770105754957,false,false,true,0.0,0.4608770105754956,1.601,mnist__cnn1__linf__0.05__model_seed42_itr20_w30.bin
mnist,cnn1,model_seed42_itr20,linf,0.05,1,112,-3.4341882613953203,5.783351950114593,-3.4341882613953203,5.783351950114593,true,true,-5.783351950114593,-0.4576326458981138,5.783351950114593,0.46087701057549574,WRONG,WRONG,false,false,-0.4608770105754957,0.4608770105754957,false,false,true,4.787836793695988e-16,0.4576326458981124,0.661,mnist__cnn1__linf__0.05__model_seed42_itr20_w31.bin
mnist,cnn1,model_seed42_itr20,linf,0.05,1,113,-3.4341882613953203,5.783351950114593,-3.4341882613953203,5.783351950114593,true,true,-0.46087701057549574,-0.46087701057549574,0.4608770105754957,0.4608770105754957,WRONG,WRONG,false,false,-0.46087701057549574,0.4608770105754957,false,false,true,6.938893903907228e-17,0.4608770105754956,1.939,mnist__cnn1__linf__0.05__model_seed42_itr20_w32.bin
mnist,cnn1,model_seed42_itr20,linf,0.05,1,114,-3.4341882613953203,5.783351950114593,-3.4341882613953203,5.783351950114593,true,true,-0.4608770105754958,-0.4608770105754958,0.46087701057549574,0.46087701057549574,WRONG,WRONG,false,false,-0.46087701057549557,0.46087701057549574,false,false,true,1.1102230246251565e-16,0.46087701057549574,1.85,mnist__cnn1__linf__0.05__model_seed42_itr20_w33.bin
mnist,cnn1,model_seed42_itr20,linf,0.05,1,115,-3.4341882613953203,5.783351950114593,-3.4341882613953203,5.783351950114593,true,true,-0.4608770105754958,-0.4608770105754958,0.46087701057549585,0.46087701057549585,WRONG,WRONG,false,false,-0.4608770105754958,0.46087701057549585,false,false,true,1.249000902703301e-16,0.460877010575496,1.704,mnist__cnn1__linf__0.05__model_seed42_itr20_w34.bin
mnist,cnn1,model_seed42_itr20,linf,0.05,1,116,-3.4341882613953203,5.783351950114593,-3.4341882613953203,5.783351950114593,true,true,-0.4608770105754957,-0.4608770105754957,0.46087701057549574,0.46087701057549574,WRONG,WRONG,false,false,-0.4608770105754957,0.46087701057549574,false,false,true,4.163336342344337e-17,0.4608770105754956,1.2,mnist__cnn1__linf__0.05__model_seed42_itr20_w35.bin
mnist,cnn1,model_seed42_itr20,linf,0.05,1,117,-3.4341882613953203,5.783351950114593,-3.4341882613953203,5.783351950114593,true,true,-0.46087701057549574,-0.46087701057549574,0.46087701057549574,0.46087701057549574,WRONG,WRONG,false,false,-0.46087701057549574,0.46087701057549574,false,false,true,1.3877787807814457e-17,0.4608770105754956,1.509,mnist__cnn1__linf__0.05__model_seed42_itr20_w36.bin
mnist,cnn1,model_seed42_itr20,linf,0.05,1,118,-3.4341882613953203,5.783351950114593,-3.4341882613953203,5.783351950114593,true,true,-0.46087701057549546,-0.46087701057549546,0.4608770105754955,0.4608770105754955,WRONG,WRONG,false,false,-0.4608770105754957,0.4608770105754955,false,false,true,0.0,0.4608770105754957,2.127,mnist__cnn1__linf__0.05__model_seed42_itr20_w37.bin
mnist,cnn1,model_seed42_itr20,linf,0.05,1,119,-3.4341882613953203,5.783351950114593,-3.4341882613953203,5.783351950114593,true,true,-0.46087701057549574,-0.46087701057549574,0.4608770105754958,0.4608770105754958,WRONG,WRONG,false,false,-0.46087701057549574,0.4608770105754958,false,false,true,1.3877787807814457e-17,0.4608770105754956,1.998,mnist__cnn1__linf__0.05__model_seed42_itr20_w38.bin
mnist,cnn1,model_seed42_itr20,linf,0.05,1,120,-3.4341882613953203,5.783351950114593,-3.4341882613953203,5.783351950114593,true,true,-0.4608770105754957,-0.4608770105754957,0.4608770105754958,0.4608770105754958,WRONG,WRONG,false,false,-0.4608770105754957,0.4608770105754958,false,false,true,0.0,0.46087701057549574,1.628,mnist__cnn1__linf__0.05__model_seed42_itr20_w39.bin
mnist,cnn1,model_seed42_itr20,linf,0.05,1,121,-3.4341882613953203,5.783351950114593,-3.4341882613953203,5.783351950114593,true,true,-0.4608770105754957,-0.4608770105754957,0.460877010575496,0.460877010575496,WRONG,WRONG,false,false,-0.4608770105754957,0.460877010575496,false,false,true,1.3877787807814457e-17,0.4608770105754956,1.867,mnist__cnn1__linf__0.05__model_seed42_itr20_w40.bin
mnist,cnn1,model_seed42_itr20,linf,0.05,1,122,-3.4341882613953203,5.783351950114593,-3.4341882613953203,5.783351950114593,true,true,-0.46087701057549557,-0.46087701057549557,0.4608770105754957,0.4608770105754957,WRONG,WRONG,false,false,-0.46087701057549557,0.4608770105754957,false,false,true,0.0,0.46087701057549557,2.925,mnist__cnn1__linf__0.05__model_seed42_itr20_w41.bin
mnist,cnn1,model_seed42_itr20,linf,0.05,1,123,-3.4341882613953203,5.783351950114593,-3.4341882613953203,5.783351950114593,true,true,-0.4608770105754958,-0.4608770105754958,0.46087701057549574,0.46087701057549574,WRONG,WRONG,false,false,-0.4608770105754958,0.46087701057549574,false,false,true,4.163336342344337e-17,0.4608770105754957,1.724,mnist__cnn1__linf__0.05__model_seed42_itr20_w42.bin
mnist,cnn1,model_seed42_itr20,linf,0.05,1,124,-3.4341882613953203,5.783351950114593,-3.4341882613953203,5.783351950114593,true,true,-0.46087701057549574,-0.46087701057549574,0.4608770105754947,0.4608770105754947,WRONG,WRONG,false,false,-0.46087701057549574,0.4608770105754947,false,false,true,6.938893903907228e-17,0.4608770105754957,1.963,mnist__cnn1__linf__0.05__model_seed42_itr20_w43.bin
mnist,cnn1,model_seed42_itr20,linf,0.05,1,125,-3.4341882613953203,5.783351950114593,-3.4341882613953203,5.783351950114593,true,true,-0.4608770105754957,-0.4608770105754957,0.4608770105754958,0.4608770105754958,WRONG,WRONG,false,false,-0.4608770105754957,0.4608770105754958,false,false,true,1.3877787807814457e-17,0.46087701057549557,1.873,mnist__cnn1__linf__0.05__model_seed42_itr20_w44.bin
mnist,cnn1,model_seed42_itr20,linf,0.05,1,126,-3.4341882613953203,5.783351950114593,-3.4341882613953203,5.783351950114593,true,true,-0.46087701057549574,-0.46087701057549574,0.4608770105754958,0.4608770105754958,WRONG,WRONG,false,false,-0.46087701057549574,0.4608770105754958,false,false,true,0.0,0.46087701057549557,1.697,mnist__cnn1__linf__0.05__model_seed42_itr20_w45.bin
mnist,cnn1,model_seed42_itr20,linf,0.05,1,127,-3.4341882613953203,5.783351950114593,-3.4341882613953203,5.783351950114593,true,true,-5.783351950114593,-0.46087701057549574,0.46087701057549574,0.46087701057549574,WRONG,WRONG,false,false,-0.4608770105754957,0.46087701057549574,false,false,true,0.0,0.46087701057549557,1.102,mnist__cnn1__linf__0.05__model_seed42_itr20_w46.bin
mnist,cnn1,model_seed42_itr20,linf,0.05,1,128,-3.4341882613953203,5.783351950114593,-3.4341882613953203,5.783351950114593,true,true,-5.783351950114593,-0.45763636644232397,5.783351950114593,0.4608770105754957,WRONG,WRONG,false,false,-0.46087701057549557,0.4608770105754958,false,false,true,5.204170427930421e-17,0.45763636644232386,0.283,mnist__cnn1__linf__0.05__model_seed42_itr20_w47.bin
mnist,cnn1,model_seed42_itr20,linf,0.05,1,129,-3.4341882613953203,5.783351950114593,-3.4341882613953203,5.783351950114593,true,true,-5.783351950114593,-0.42915620122362874,5.783351950114593,0.4608770105754957,WRONG,WRONG,false,false,-0.4608770105754958,0.4608770105754957,false,false,true,1.3877787807814457e-17,0.42915620122362863,0.564,mnist__cnn1__linf__0.05__model_seed42_itr20_w48.bin
mnist,cnn1,model_seed42_itr20,linf,0.05,1,130,-3.4341882613953203,5.783351950114593,-3.4341882613953203,5.783351950114593,true,true,-0.4608770105754957,-0.4608770105754957,0.4608770105754957,0.4608770105754957,WRONG,WRONG,false,false,-0.4608770105754957,0.4608770105754957,false,false,true,0.0,0.4608770105754959,2.004,mnist__cnn1__linf__0.05__model_seed42_itr20_w49.bin
mnist,cnn1,model_seed42_itr20,linf,0.05,1,131,-3.4341882613953203,5.783351950114593,-3.4341882613953203,5.783351950114593,true,true,-0.46087701057549557,-0.46087701057549557,0.4608770105754957,0.4608770105754957,WRONG,WRONG,false,false,-0.46087701057549557,0.4608770105754958,false,false,true,0.0,0.4608770105754955,1.553,mnist__cnn1__linf__0.05__model_seed42_itr20_w50.bin
mnist,cnn1,model_seed42_itr20,linf,0.05,1,132,-3.4341882613953203,5.783351950114593,-3.4341882613953203,5.783351950114593,true,true,-0.4608770105754957,-0.4608770105754957,0.46087701057549574,0.46087701057549574,WRONG,WRONG,false,false,-0.4608770105754957,0.46087701057549574,false,false,true,2.7755575615628914e-17,0.4608770105754957,2.118,mnist__cnn1__linf__0.05__model_seed42_itr20_w51.bin
mnist,cnn1,model_seed42_itr20,linf,0.05,1,133,-3.4341882613953203,5.783351950114593,-3.4341882613953203,5.783351950114593,true,true,-0.4608770105754958,-0.4608770105754958,0.46087701057549557,0.46087701057549557,WRONG,WRONG,false,false,-0.4608770105754958,0.46087701057549557,false,false,true,8.326672684688674e-17,0.460877010575496,2.196,mnist__cnn1__linf__0.05__model_seed42_itr20_w52.bin
mnist,cnn1,model_seed42_itr20,linf,0.05,1,134,-3.4341882613953203,5.783351950114593,-3.4341882613953203,5.783351950114593,true,true,-0.4608770105754957,-0.4608770105754957,0.4608770105754957,0.4608770105754957,WRONG,WRONG,false,false,-0.4608770105754957,0.4608770105754957,false,false,true,0.0,0.4608770105754957,2.019,mnist__cnn1__linf__0.05__model_seed42_itr20_w53.bin
mnist,cnn1,model_seed42_itr20,linf,0.05,1,135,-3.4341882613953203,5.783351950114593,-3.4341882613953203,5.783351950114593,true,true,-5.783351950114593,-0.4337487368841703,5.783351950114593,0.46026297766435775,WRONG,WRONG,false,false,-0.460877010575496,0.46087701057549557,false,false,true,0.0,0.4337487368841702,0.304,mnist__cnn1__linf__0.05__model_seed42_itr20_w54.bin
mnist,cnn1,model_seed42_itr20,linf,0.05,1,136,-3.4341882613953203,5.783351950114593,-3.4341882613953203,5.783351950114593,true,true,-0.46087701057549585,-0.46087701057549585,0.4608770105754957,0.4608770105754957,WRONG,WRONG,false,false,-0.46087701057549585,0.4608770105754957,false,false,true,0.0,0.46087701057549635,1.972,mnist__cnn1__linf__0.05__model_seed42_itr20_w55.bin
mnist,cnn1,model_seed42_itr20,linf,0.05,1,137,-3.4341882613953203,5.783351950114593,-3.4341882613953203,5.783351950114593,true,true,-0.4608770105754958,-0.4608770105754958,0.4608770105754958,0.4608770105754958,WRONG,WRONG,false,false,-0.4608770105754958,0.4608770105754957,false,false,true,1.3877787807814457e-17,0.4608770105754956,1.826,mnist__cnn1__linf__0.05__model_seed42_itr20_w56.bin
mnist,cnn1,model_seed42_itr20,linf,0.05,1,138,-3.4341882613953203,5.783351950114593,-3.4341882613953203,5.783351950114593,true,true,-0.46087701057549574,-0.46087701057549574,0.4608770105754957,0.4608770105754957,WRONG,WRONG,false,false,-0.46087701057549574,0.4608770105754957,false,false,true,0.0,0.4608770105754957,1.866,mnist__cnn1__linf__0.05__model_seed42_itr20_w57.bin
mnist,cnn1,model_seed42_itr20,linf,0.05,1,139,-3.4341882613953203,5.783351950114593,-3.4341882613953203,5.783351950114593,true,true,-5.783351950114593,-0.43587385896712266,5.783351950114593,0.4608770105754957,WRONG,WRONG,false,false,-0.46087701057549557,0.4608770105754958,false,false,true,0.0,0.4358738589671226,0.696,mnist__cnn1__linf__0.05__model_seed42_itr20_w58.bin
mnist,cnn1,model_seed42_itr20,linf,0.05,1,140,-3.4341882613953203,5.783351950114593,-3.4341882613953203,5.783351950114593,true,true,-0.4608770105754957,-0.4608770105754957,0.46087701057549574,0.46087701057549574,WRONG,WRONG,false,false,-0.4608770105754956,0.46087701057549574,false,false,true,1.3877787807814457e-17,0.46087701057549574,1.742,mnist__cnn1__linf__0.05__model_seed42_itr20_w59.bin
mnist,cnn1,model_seed42_itr20,linf,0.05,1,141,-3.4341882613953203,5.783351950114593,-3.4341882613953203,5.783351950114593,true,true,-0.4608770105754957,-0.4608770105754957,0.4608770105754957,0.4608770105754957,WRONG,WRONG,false,false,-0.4608770105754957,0.4608770105754957,false,false,true,0.0,0.4608770105754957,1.035,mnist__cnn1__linf__0.05__model_seed42_itr20_w60.bin
mnist,cnn1,model_seed42_itr20,linf,0.05,1,142,-3.4341882613953203,5.783351950114593,-3.4341882613953203,5.783351950114593,true,true,-0.46087701057549585,-0.46087701057549585,0.46087701057549574,0.46087701057549574,WRONG,WRONG,false,false,-0.46087701057549585,0.46087701057549574,false,false,true,2.0122792321330962e-16,0.46087701057549574,1.722,mnist__cnn1__linf__0.05__model_seed42_itr20_w61.bin
mnist,cnn1,model_seed42_itr20,linf,0.05,1,143,-3.4341882613953203,5.783351950114593,-3.4341882613953203,5.783351950114593,true,true,-0.46087701057549585,-0.46087701057549585,0.46087701057549585,0.46087701057549585,WRONG,WRONG,false,false,-0.46087701057549585,0.46087701057549585,false,false,true,1.8041124150158794e-16,0.46087701057549574,1.744,mnist__cnn1__linf__0.05__model_seed42_itr20_w62.bin
mnist,cnn1,model_seed42_itr20,linf,0.05,1,144,-3.4341882613953203,5.783351950114593,-3.4341882613953203,5.783351950114593,true,true,-5.783351950114593,-0.4414235830672199,5.783351950114593,0.4576764949955615,WRONG,WRONG,false,false,-0.460877010575496,0.460877010575496,false,false,true,0.0,0.44142358306721985,0.322,mnist__cnn1__linf__0.05__model_seed42_itr20_w63.bin
mnist,cnn1,model_seed42_itr20,linf,0.05,1,145,-3.4341882613953203,5.783351950114593,-3.4341882613953203,5.783351950114593,true,true,-0.4608770105754958,-0.4608770105754958,0.460877010575496,0.460877010575496,WRONG,WRONG,false,false,-0.4608770105754958,0.460877010575496,false,false,true,0.0,0.460877010575496,2.032,mnist__cnn1__linf__0.05__model_seed42_itr20_w64.bin
mnist,cnn1,model_seed42_itr20,linf,0.05,1,146,-3.4341882613953203,5.783351950114593,-3.4341882613953203,5.783351950114593,true,true,-0.4608770105754958,-0.4608770105754958,0.460877010575496,0.460877010575496,WRONG,WRONG,false,false,-0.4608770105754958,0.460877010575496,false,false,true,1.734723475976807e-16,0.46087701057549624,2.329,mnist__cnn1__linf__0.05__model_seed42_itr20_w65.bin
mnist,cnn1,model_seed42_itr20,linf,0.05,1,147,-3.4341882613953203,5.783351950114593,-3.4341882613953203,5.783351950114593,true,true,-0.4608770105754956,-0.4608770105754956,0.46087701057549557,0.46087701057549557,WRONG,WRONG,false,false,-0.4608770105754956,0.46087701057549557,false,false,true,2.7755575615628914e-17,0.4608770105754954,1.88,mnist__cnn1__linf__0.05__model_seed42_itr20_w66.bin
mnist,cnn1,model_seed42_itr20,linf,0.05,1,148,-3.4341882613953203,5.783351950114593,-3.4341882613953203,5.783351950114593,true,true,-0.46087701057549585,-0.46087701057549585,0.4608770105754957,0.4608770105754957,WRONG,WRONG,false,false,-0.46087701057549585,0.4608770105754957,false,false,true,1.249000902703301e-16,0.46087701057549574,1.807,mnist__cnn1__linf__0.05__model_seed42_itr20_w67.bin
mnist,cnn1,model_seed42_itr20,linf,0.05,1,149,-3.4341882613953203,5.783351950114593,-3.4341882613953203,5.783351950114593,true,true,-0.46087701057549574,-0.46087701057549574,0.4608770105754957,0.4608770105754957,WRONG,WRONG,false,false,-0.46087701057549574,0.4608770105754957,false,false,true,1.3877787807814457e-17,0.4608770105754956,1.251,mnist__cnn1__linf__0.05__model_seed42_itr20_w68.bin
mnist,cnn1,model_seed42_itr20,linf,0.05,1,150,-3.4341882613953203,5.783351950114593,-3.4341882613953203,5.783351950114593,true,true,-0.4608770105754956,-0.4608770105754956,0.46087701057549574,0.46087701057549574,WRONG,WRONG,false,false,-0.4608770105754956,0.46087701057549574,false,false,true,1.3877787807814457e-17,0.46087701057549557,1.865,mnist__cnn1__linf__0.05__model_seed42_itr20_w69.bin
mnist,cnn1,model_seed42_itr20,linf,0.05,1,151,-3.4341882613953203,5.783351950114593,-3.4341882613953203,5.783351950114593,true,true,-0.46087701057549574,-0.46087701057549574,0.4608770105754961,0.4608770105754961,WRONG,WRONG,false,false,-0.46087701057549574,0.4608770105754961,false,false,true,4.163336342344337e-17,0.4608770105754956,2.063,mnist__cnn1__linf__0.05__model_seed42_itr20_w70.bin
mnist,cnn1,model_seed42_itr20,linf,0.05,1,152,-3.4341882613953203,5.783351950114593,-3.4341882613953203,5.783351950114593,true,true,-5.783351950114593,-0.4576326458981117,5.783351950114593,0.38739201758256026,WRONG,WRONG,false,false,-0.4608770105754959,0.4608770105754958,false,false,true,0.715647683290539,1.1732803291886507,0.73,mnist__cnn1__linf__0.05__model_seed42_itr20_w71.bin
mnist,cnn1,model_seed42_itr20,linf,0.05,1,153,-3.4341882613953203,5.783351950114593,-3.4341882613953203,5.783351950114593,true,true,-5.783351950114593,-0.46087701057549574,5.783351950114593,0.4608770105754958,WRONG,WRONG,false,false,-0.46087701057549574,0.4608770105754958,false,false,true,0.25827929370585856,0.7191563042813541,0.582,mnist__cnn1__linf__0.05__model_seed42_itr20_w72.bin
mnist,cnn1,model_seed42_itr20,linf,0.05,1,154,-3.4341882613953203,5.783351950114593,-3.4341882613953203,5.783351950114593,true,true,-0.4608770105754958,-0.4608770105754958,0.4608770105754958,0.4608770105754958,WRONG,WRONG,false,false,-0.4608770105754958,0.4608770105754958,false,false,true,0.0,0.4608770105754965,1.66,mnist__cnn1__linf__0.05__model_seed42_itr20_w73.bin
mnist,cnn1,model_seed42_itr20,linf,0.05,1,155,-3.4341882613953203,5.783351950114593,-3.4341882613953203,5.783351950114593,true,true,-0.46087701057549546,-0.46087701057549546,0.4608770105754958,0.4608770105754958,WRONG,WRONG,false,false,-0.46087701057549546,0.4608770105754958,false,false,true,0.0,0.46087701057549574,1.79,mnist__cnn1__linf__0.05__model_seed42_itr20_w74.bin
mnist,cnn1,model_seed42_itr20,linf,0.05,1,156,-3.4341882613953203,5.783351950114593,-3.4341882613953203,5.783351950114593,true,true,-0.4608770105754957,-0.4608770105754957,0.4608770105754958,0.4608770105754958,WRONG,WRONG,false,false,-0.4608770105754957,0.4608770105754958,false,false,true,0.0,0.46087701057549557,1.633,mnist__cnn1__linf__0.05__model_seed42_itr20_w75.bin
mnist,cnn1,model_seed42_itr20,linf,0.05,1,157,-3.4341882613953203,5.783351950114593,-3.4341882613953203,5.783351950114593,true,true,-0.4608770105754957,-0.4608770105754957,0.46087701057549574,0.46087701057549574,WRONG,WRONG,false,false,-0.46087701057549574,0.46087701057549574,false,false,true,1.3877787807814457e-17,0.4608770105754957,1.647,mnist__cnn1__linf__0.05__model_seed42_itr20_w76.bin
mnist,cnn1,model_seed42_itr20,linf,0.05,1,158,-3.4341882613953203,5.783351950114593,-3.4341882613953203,5.783351950114593,true,true,-0.4608770105754957,-0.4608770105754957,0.4608770105754956,0.4608770105754956,WRONG,WRONG,false,false,-0.4608770105754957,0.4608770105754956,false,false,true,1.3877787807814457e-17,0.4608770105754955,1.334,mnist__cnn1__linf__0.05__model_seed42_itr20_w77.bin
mnist,cnn1,model_seed42_itr20,linf,0.05,1,159,-3.4341882613953203,5.783351950114593,-3.4341882613953203,5.783351950114593,true,true,-0.4608770105754957,-0.4608770105754957,0.46087701057549574,0.46087701057549574,WRONG,WRONG,false,false,-0.4608770105754957,0.46087701057549574,false,false,true,1.3877787807814457e-17,0.46087701057549557,1.591,mnist__cnn1__linf__0.05__model_seed42_itr20_w78.bin
mnist,cnn1,model_seed42_itr20,linf,0.05,1,160,-3.4341882613953203,5.783351950114593,-3.4341882613953203,5.783351950114593,true,true,-0.4608770105754958,-0.4608770105754958,0.46087701057549574,0.46087701057549574,WRONG,WRONG,false,false,-0.4608770105754958,0.46087701057549574,false,false,true,6.938893903907228e-17,0.46087701057549574,2.031,mnist__cnn1__linf__0.05__model_seed42_itr20_w79.bin
mnist,cnn1,model_seed42_itr20,linf,0.05,1,161,-3.4341882613953203,5.783351950114593,-3.4341882613953203,5.783351950114593,true,true,-0.46087701057549574,-0.46087701057549574,0.46087701057549574,0.46087701057549574,WRONG,WRONG,false,false,-0.4608770105754957,0.46087701057549574,false,false,true,4.163336342344337e-17,0.4608770105754957,1.981,mnist__cnn1__linf__0.05__model_seed42_itr20_w80.bin
mnist,cnn1,model_seed42_itr20,linf,0.05,1,162,-3.4341882613953203,5.783351950114593,-3.4341882613953203,5.783351950114593,true,true,-0.46087701057549535,-0.46087701057549535,0.46087701057549574,0.46087701057549574,WRONG,WRONG,false,false,-0.46087701057549535,0.46087701057549574,false,false,true,0.0,0.4608770105754952,1.55,mnist__cnn1__linf__0.05__model_seed42_itr20_w81.bin
mnist,cnn1,model_seed42_itr20,linf,0.05,1,244,-0.316251503652893,7.688750999164768,-0.316251503652893,7.688750999164768,true,true,-7.688750999164768,-0.40025012514088304,7.688750999164768,0.400250125140883,WRONG,WRONG,false,false,-0.40025012514088304,0.400250125140883,false,false,true,0.08230716377364937,0.4825572889145324,0.505,mnist__cnn1__linf__0.05__model_seed42_itr20_w82.bin
mnist,cnn1,model_seed42_itr20,linf,0.05,1,245,-0.316251503652893,7.688750999164768,-0.316251503652893,7.688750999164768,true,true,-7.688750999164768,-0.4000524181867485,7.688750999164768,0.400250125140883,WRONG,WRONG,false,false,-0.40025012514088276,0.4002501251408831,false,false,true,0.015344283417219143,0.41539670160396774,0.517,mnist__cnn1__linf__0.05__model_seed42_itr20_w83.bin
mnist,cnn1,model_seed42_itr20,linf,0.05,1,246,-0.316251503652893,7.688750999164768,-0.316251503652893,7.688750999164768,true,true,-7.688750999164768,-0.39930110239620087,0.4002501251408831,0.4002501251408831,WRONG,WRONG,false,false,-0.40025012514088304,0.4002501251408831,false,false,true,3.469446951953614e-18,0.3993011023962008,1.235,mnist__cnn1__linf__0.05__model_seed42_itr20_w84.bin
mnist,cnn1,model_seed42_itr20,linf,0.05,1,247,-0.316251503652893,7.688750999164768,-0.316251503652893,7.688750999164768,true,true,-0.40025012514088304,-0.40025012514088304,0.4002501251408839,0.40025012514088304,WRONG,WRONG,false,false,-0.40025012514088304,0.40025012514088304,false,false,true,0.0,0.4002501251408831,1.159,mnist__cnn1__linf__0.05__model_seed42_itr20_w85.bin
mnist,cnn1,model_seed42_itr20,linf,0.05,1,248,-0.316251503652893,7.688750999164768,-0.316251503652893,7.688750999164768,true,true,-7.688750999164768,-0.3779617793089102,0.400250125140883,0.400250125140883,WRONG,WRONG,false,false,-0.40025012514088304,0.400250125140883,false,false,true,0.0,0.3779617793089103,1.014,mnist__cnn1__linf__0.05__model_seed42_itr20_w86.bin
mnist,cnn1,model_seed42_itr20,linf,0.05,1,249,-0.316251503652893,7.688750999164768,-0.316251503652893,7.688750999164768,true,true,-0.40025012514088304,-0.40025012514088304,0.400250125140883,0.400250125140883,WRONG,WRONG,false,false,-0.40025012514088304,0.400250125140883,false,false,true,0.0,0.4002501251408831,1.906,mnist__cnn1__linf__0.05__model_seed42_itr20_w87.bin
mnist,cnn1,model_seed42_itr20,linf,0.05,1,250,-0.316251503652893,7.688750999164768,-0.316251503652893,7.688750999164768,true,true,-0.400250125140883,-0.400250125140883,0.40025012514088304,0.40025012514088304,WRONG,WRONG,false,false,-0.40025012514088304,0.40025012514088304,false,false,true,2.0816681711721685e-17,0.4002501251408831,1.475,mnist__cnn1__linf__0.05__model_seed42_itr20_w88.bin
mnist,cnn1,model_seed42_itr20,linf,0.05,1,251,-0.316251503652893,7.688750999164768,-0.316251503652893,7.688750999164768,true,true,-0.40025012514088304,-0.40025012514088304,0.4002501251408831,0.4002501251408831,WRONG,WRONG,false,false,-0.40025012514088304,0.4002501251408831,false,false,true,1.734723475976807e-18,0.4002501251408831,1.678,mnist__cnn1__linf__0.05__model_seed42_itr20_w89.bin
mnist,cnn1,model_seed42_itr20,linf,0.05,1,252,-0.316251503652893,7.688750999164768,-0.316251503652893,7.688750999164768,true,true,-0.40025012514088304,-0.40025012514088304,0.40025012514088304,0.40025012514088304,WRONG,WRONG,false,false,-0.40025012514088365,0.4002501251408832,false,false,true,0.0,0.4002501251408831,1.795,mnist__cnn1__linf__0.05__model_seed42_itr20_w90.bin
mnist,cnn1,model_seed42_itr20,linf,0.05,1,253,-0.316251503652893,7.688750999164768,-0.316251503652893,7.688750999164768,true,true,-7.688750999164768,-0.400250125140883,0.40025012514088304,0.40025012514088304,WRONG,WRONG,false,false,-0.400250125140883,0.40025012514088304,false,false,true,5.204170427930421e-17,0.4002501251408831,1.428,mnist__cnn1__linf__0.05__model_seed42_itr20_w91.bin
mnist,cnn1,model_seed42_itr20,linf,0.05,1,254,-0.316251503652893,7.688750999164768,-0.316251503652893,7.688750999164768,true,true,-7.688750999164768,-0.32596405049117694,7.688750999164768,0.3822593421778378,WRONG,WRONG,false,false,-0.4002501251408831,0.4002501251408832,false,false,true,0.012561449030520123,0.338525499521697,0.449,mnist__cnn1__linf__0.05__model_seed42_itr20_w92.bin
mnist,cnn1,model_seed42_itr20,linf,0.05,1,255,-0.316251503652893,7.688750999164768,-0.316251503652893,7.688750999164768,true,true,-0.400250125140883,-0.400250125140883,0.400250125140883,0.400250125140883,WRONG,WRONG,false,false,-0.400250125140883,0.400250125140883,false,false,true,8.673617379884035e-19,0.40025012514088304,1.577,mnist__cnn1__linf__0.05__model_seed42_itr20_w93.bin
mnist,cnn1,model_seed42_itr20,linf,0.05,1,256,-0.316251503652893,7.688750999164768,-0.316251503652893,7.688750999164768,true,true,-0.400250125140883,-0.400250125140883,0.40025012514088304,0.40025012514088304,WRONG,WRONG,false,false,-0.40025012514088276,0.40025012514088304,false,false,true,0.0,0.4002501251408831,2.26,mnist__cnn1__linf__0.05__model_seed42_itr20_w94.bin
mnist,cnn1,model_seed42_itr20,linf,0.05,1,257,-0.316251503652893,7.688750999164768,-0.316251503652893,7.688750999164768,true,true,-0.40025012514088304,-0.40025012514088304,0.400250125140883,0.400250125140883,WRONG,WRONG,false,false,-0.40025012514088304,0.400250125140883,false,false,true,0.0,0.40025012514088304,1.808,mnist__cnn1__linf__0.05__model_seed42_itr20_w95.bin
mnist,cnn1,model_seed42_itr20,linf,0.05,1,258,-0.316251503652893,7.688750999164768,-0.316251503652893,7.688750999164768,true,true,-7.688750999164768,-0.39822773803495937,7.688750999164768,0.3774866954434196,WRONG,WRONG,false,false,-0.40025012514088304,0.40025012514088315,false,false,true,0.0,0.3982277380349593,0.866,mnist__cnn1__linf__0.05__model_seed42_itr20_w96.bin
mnist,cnn1,model_seed42_itr20,linf,0.05,1,259,-0.316251503652893,7.688750999164768,-0.316251503652893,7.688750999164768,true,true,-0.400250125140883,-0.400250125140883,0.4002501251408836,0.400250125140883,WRONG,WRONG,false,false,-0.40025012514088304,0.400250125140883,false,false,true,0.0,0.40025012514088304,2.592,mnist__cnn1__linf__0.05__model_seed42_itr20_w97.bin
mnist,cnn1,model_seed42_itr20,linf,0.05,1,260,-0.316251503652893,7.688750999164768,-0.316251503652893,7.688750999164768,true,true,-0.40025012514088304,-0.40025012514088304,0.400250125140883,0.400250125140883,WRONG,WRONG,false,false,-0.40025012514088343,0.4002501251408832,false,false,true,0.0,0.4002501251408831,1.701,mnist__cnn1__linf__0.05__model_seed42_itr20_w98.bin
mnist,cnn1,model_seed42_itr20,linf,0.05,1,261,-0.316251503652893,7.688750999164768,-0.316251503652893,7.688750999164768,true,true,-7.688750999164768,-0.40025012514088304,7.688750999164768,0.4000524181867485,WRONG,WRONG,false,false,-0.40025012514088304,0.4002501251408831,false,false,true,0.011631049770128033,0.4118811749110111,0.327,mnist__cnn1__linf__0.05__model_seed42_itr20_w99.bin
mnist,cnn1,model_seed42_itr20,linf,0.05,1,262,-0.316251503652893,7.688750999164768,-0.316251503652893,7.688750999164768,true,true,-7.688750999164768,-0.3993011023962008,7.688750999164768,0.4002501251408831,WRONG,WRONG,false,false,-0.4002501251408832,0.40025012514088276,false,false,true,0.0009352486779527231,0.40023635107415356,0.518,mnist__cnn1__linf__0.05__model_seed42_itr20_w100.bin
mnist,cnn1,model_seed42_itr20,linf,0.05,1,263,-0.316251503652893,7.688750999164768,-0.316251503652893,7.688750999164768,true,true,-0.400250125140883,-0.400250125140883,0.40025012514088304,0.40025012514088304,WRONG,WRONG,false,false,-0.40025012514088304,0.40025012514088304,false,false,true,0.0,0.4002501251408831,1.618,mnist__cnn1__linf__0.05__model_seed42_itr20_w101.bin
mnist,cnn1,model_seed42_itr20,linf,0.05,1,264,-0.316251503652893,7.688750999164768,-0.316251503652893,7.688750999164768,true,true,-7.688750999164768,-0.357964508784519,0.4002501251408831,0.4002501251408831,WRONG,WRONG,false,false,-0.400250125140883,0.4002501251408831,false,false,true,0.0,0.35796450878451913,1.557,mnist__cnn1__linf__0.05__model_seed42_itr20_w102.bin
mnist,cnn1,model_seed42_itr20,linf,0.05,1,265,-0.316251503652893,7.688750999164768,-0.316251503652893,7.688750999164768,true,true,-7.688750999164768,-0.4002501251408831,7.688750999164768,0.4002501251408832,WRONG,WRONG,false,false,-0.4002501251408831,0.4002501251408832,false,false,true,0.0774111695234038,0.47766129466428686,0.707,mnist__cnn1__linf__0.05__model_seed42_itr20_w103.bin
mnist,cnn1,model_seed42_itr20,linf,0.05,1,266,-0.316251503652893,7.688750999164768,-0.316251503652893,7.688750999164768,true,true,-7.688750999164768,-0.4002501251408831,7.688750999164768,0.40025012514088315,WRONG,WRONG,false,false,-0.4002501251408831,0.40025012514088315,false,false,true,0.013055209163848967,0.4133053343047321,0.775,mnist__cnn1__linf__0.05__model_seed42_itr20_w104.bin
mnist,cnn1,model_seed42_itr20,linf,0.05,1,267,-0.316251503652893,7.688750999164768,-0.316251503652893,7.688750999164768,true,true,-0.40025012514088304,-0.40025012514088304,0.4002501251408837,0.40025012514088304,WRONG,WRONG,false,false,-0.4002501251408829,0.40025012514088304,false,false,true,0.0,0.4002501251408831,2.898,mnist__cnn1__linf__0.05__model_seed42_itr20_w105.bin
mnist,cnn1,model_seed42_itr20,linf,0.05,1,268,-0.316251503652893,7.688750999164768,-0.316251503652893,7.688750999164768,true,true,-7.688750999164768,-0.35621001775850497,7.688750999164768,0.39338984066466953,WRONG,WRONG,false,false,-0.40025012514088365,0.4002501251408832,false,false,true,0.11633062297797292,0.472540640736478,1.498,mnist__cnn1__linf__0.05__model_seed42_itr20_w106.bin
mnist,cnn1,model_seed42_itr20,linf,0.05,1,269,-0.316251503652893,7.688750999164768,-0.316251503652893,7.688750999164768,true,true,-7.688750999164768,-0.4002501251408831,0.40025012514088293,0.40025012514088293,WRONG,WRONG,false,false,-0.400250125140883,0.40025012514088293,false,false,true,1.3877787807814457e-17,0.4002501251408831,0.681,mnist__cnn1__linf__0.05__model_seed42_itr20_w107.bin
mnist,cnn1,model_seed42_itr20,linf,0.05,1,270,-0.316251503652893,7.688750999164768,-0.316251503652893,7.688750999164768,true,true,-7.688750999164768,-0.37796177930891006,0.400250125140883,0.400250125140883,WRONG,WRONG,false,false,-0.400250125140883,0.40025012514088304,false,false,true,0.0,0.37796177930891006,1.43,mnist__cnn1__linf__0.05__model_seed42_itr20_w108.bin
mnist,cnn1,model_seed42_itr20,linf,0.05,1,271,-0.316251503652893,7.688750999164768,-0.316251503652893,7.688750999164768,true,true,-7.688750999164768,-0.40025012514088276,7.688750999164768,0.400250125140883,WRONG,WRONG,false,false,-0.40025012514088276,0.400250125140883,false,false,true,1.2097848225238153,1.6100349476646985,0.599,mnist__cnn1__linf__0.05__model_seed42_itr20_w109.bin
mnist,cnn1,model_seed42_itr20,linf,0.05,1,272,-0.316251503652893,7.688750999164768,-0.316251503652893,7.688750999164768,true,true,-7.688750999164768,-0.400250125140883,7.688750999164768,0.400250125140883,WRONG,WRONG,false,false,-0.400250125140883,0.400250125140883,false,false,true,1.229080539356345,1.6293306644972283,0.651,mnist__cnn1__linf__0.05__model_seed42_itr20_w110.bin
mnist,cnn1,model_seed42_itr20,linf,0.05,1,273,-0.316251503652893,7.688750999164768,-0.316251503652893,7.688750999164768,true,true,-7.688750999164768,-0.400250125140883,0.40025012514088304,0.40025012514088304,WRONG,WRONG,false,false,-0.400250125140883,0.4002501251408831,false,false,true,0.0,0.400250125140883,1.238,mnist__cnn1__linf__0.05__model_seed42_itr20_w111.bin
mnist,cnn1,model_seed42_itr20,linf,0.05,1,274,-0.316251503652893,7.688750999164768,-0.316251503652893,7.688750999164768,true,true,-0.400250125140883,-0.400250125140883,7.688750999164768,0.3739266284428532,WRONG,WRONG,false,false,-0.400250125140883,0.4002501251408823,false,false,true,0.0027961563871355894,0.4030462815280187,0.988,mnist__cnn1__linf__0.05__model_seed42_itr20_w112.bin
mnist,cnn1,model_seed42_itr20,linf,0.05,1,275,-0.316251503652893,7.688750999164768,-0.316251503652893,7.688750999164768,true,true,-7.688750999164768,-0.38479891059866905,0.40025012514088304,0.40025012514088304,WRONG,WRONG,false,false,-0.4002501251408831,0.40025012514088365,false,false,true,0.0,0.3847989105986691,1.437,mnist__cnn1__linf__0.05__model_seed42_itr20_w113.bin
mnist,cnn1,model_seed42_itr20,linf,0.05,1,276,-0.316251503652893,7.688750999164768,-0.316251503652893,7.688750999164768,true,true,-0.4002501251408831,-0.4002501251408831,0.40025012514088304,0.40025012514088304,WRONG,WRONG,false,false,-0.4002501251408831,0.40025012514088304,false,false,true,0.0,0.4002501251408831,2.259,mnist__cnn1__linf__0.05__model_seed42_itr20_w114.bin
mnist,cnn1,model_seed42_itr20,linf,0.05,1,277,-0.316251503652893,7.688750999164768,-0.316251503652893,7.688750999164768,true,true,-7.688750999164768,-0.39847735649315247,0.40025012514088304,0.40025012514088304,WRONG,WRONG,false,false,-0.400250125140883,0.40025012514088304,false,false,true,0.0,0.39847735649315247,1.113,mnist__cnn1__linf__0.05__model_seed42_itr20_w115.bin
mnist,cnn1,model_seed42_itr20,linf,0.05,1,278,-0.316251503652893,7.688750999164768,-0.316251503652893,7.688750999164768,true,true,-7.688750999164768,-0.3957915784494138,0.40025012514088304,0.40025012514088304,WRONG,WRONG,false,false,-0.4002501252809081,0.4002501252809081,false,false,true,2.2551405187698492e-17,0.3957915784494138,1.5,mnist__cnn1__linf__0.05__model_seed42_itr20_w116.bin
mnist,cnn1,model_seed42_itr20,linf,0.05,1,279,-0.316251503652893,7.688750999164768,-0.316251503652893,7.688750999164768,true,true,-0.400250125140883,-0.400250125140883,0.40025012514088304,0.40025012514088304,WRONG,WRONG,false,false,-0.400250125140883,0.40025012514088304,false,false,true,1.0408340855860843e-17,0.4002501251408831,1.882,mnist__cnn1__linf__0.05__model_seed42_itr20_w117.bin
mnist,cnn1,model_seed42_itr20,linf,0.05,1,280,-0.316251503652893,7.688750999164768,-0.316251503652893,7.688750999164768,true,true,-7.688750999164768,-0.400250125140883,7.688750999164768,0.400250125140883,WRONG,WRONG,false,false,-0.400250125140883,0.400250125140883,false,false,true,0.07154980797399096,0.47179993311487406,0.394,mnist__cnn1__linf__0.05__model_seed42_itr20_w118.bin
mnist,cnn1,model_seed42_itr20,linf,0.05,1,281,-0.316251503652893,7.688750999164768,-0.316251503652893,7.688750999164768,true,true,-7.688750999164768,-0.40025012514088293,7.688750999164768,0.40025012514088304,WRONG,WRONG,false,false,-0.40025012514088293,0.40025012514088304,false,false,true,0.026196163648435564,0.4264462887893186,0.425,mnist__cnn1__linf__0.05__model_seed42_itr20_w119.bin
mnist,cnn1,model_seed42_itr20,linf,0.05,1,282,-0.316251503652893,7.688750999164768,-0.316251503652893,7.688750999164768,true,true,-7.688750999164768,-0.400250125140883,7.688750999164768,0.399301102396201,WRONG,WRONG,false,false,-0.400250125140883,0.4002501251408829,false,false,true,0.018034213371894207,0.4182843385127773,0.433,mnist__cnn1__linf__0.05__model_seed42_itr20_w120.bin
mnist,cnn1,model_seed42_itr20,linf,0.05,1,283,-0.316251503652893,7.688750999164768,-0.316251503652893,7.688750999164768,true,true,-7.688750999164768,-0.400250125140883,0.4002501251408831,0.4002501251408831,WRONG,WRONG,false,false,-0.400250125140883,0.40025012514088304,false,false,true,1.3877787807814457e-17,0.40025012514088304,1.503,mnist__cnn1__linf__0.05__model_seed42_itr20_w121.bin
mnist,cnn1,model_seed42_itr20,linf,0.05,1,284,-0.316251503652893,7.688750999164768,-0.316251503652893,7.688750999164768,true,true,-7.688750999164768,-0.3613453473818639,0.40025012514088304,0.40025012514088304,WRONG,WRONG,false,false,-0.400250125140883,0.40025012514088304,false,false,true,0.0,0.36134534738186397,1.615,mnist__cnn1__linf__0.05__model_seed42_itr20_w122.bin
mnist,cnn1,model_seed42_itr20,linf,0.05,1,285,-0.316251503652893,7.688750999164768,-0.316251503652893,7.688750999164768,true,true,-7.688750999164768,-0.40025012514088304,0.40025012514088304,0.40025012514088304,WRONG,WRONG,false,false,-0.400250125140883,0.4002501251408831,false,false,true,3.469446951953614e-18,0.40025012514088304,0.932,mnist__cnn1__linf__0.05__model_seed42_itr20_w123.bin
mnist,cnn1,model_seed42_itr20,linf,0.05,1,286,-0.316251503652893,7.688750999164768,-0.316251503652893,7.688750999164768,true,true,-7.688750999164768,-0.400250125140883,7.688750999164768,0.4000524181867485,WRONG,WRONG,false,false,-0.400250125140883,0.400250125140885,false,false,true,0.040061703010160654,0.4403118281510437,0.361,mnist__cnn1__linf__0.05__model_seed42_itr20_w124.bin
mnist,cnn1,model_seed42_itr20,linf,0.05,1,287,-0.316251503652893,7.688750999164768,-0.316251503652893,7.688750999164768,true,true,-0.40025012514088304,-0.40025012514088304,0.4002501251408829,0.4002501251408829,WRONG,WRONG,false,false,-0.4002501251408829,0.40025012514088304,false,false,true,3.469446951953614e-18,0.4002501251408831,2.365,mnist__cnn1__linf__0.05__model_seed42_itr20_w125.bin
mnist,cnn1,model_seed42_itr20,linf,0.05,1,288,-0.316251503652893,7.688750999164768,-0.316251503652893,7.688750999164768,true,true,-0.40025012514088304,-0.40025012514088304,0.40025012514088304,0.40025012514088304,WRONG,WRONG,false,false,-0.400250125140883,0.40025012514088304,false,false,true,0.0,0.40025012514088304,1.615,mnist__cnn1__linf__0.05__model_seed42_itr20_w126.bin
mnist,cnn1,model_seed42_itr20,linf,0.05,1,289,-0.316251503652893,7.688750999164768,-0.316251503652893,7.688750999164768,true,true,-7.688750999164768,-0.40025012514088304,7.688750999164768,0.39930110239620076,WRONG,WRONG,false,false,-0.40025012514088304,0.4002501251408841,false,false,true,1.734723475976807e-18,0.4002501251408831,0.298,mnist__cnn1__linf__0.05__model_seed42_itr20_w127.bin
mnist,cnn1,model_seed42_itr20,linf,0.05,1,290,-0.316251503652893,7.688750999164768,-0.316251503652893,7.688750999164768,true,true,-0.400250125140883,-0.400250125140883,0.40025012514088304,0.40025012514088304,WRONG,WRONG,false,false,-0.40025012514088304,0.40025012514088304,false,false,true,0.0,0.4002501251408831,1.175,mnist__cnn1__linf__0.05__model_seed42_itr20_w128.bin
mnist,cnn1,model_seed42_itr20,linf,0.05,1,291,-0.316251503652893,7.688750999164768,-0.316251503652893,7.688750999164768,true,true,-7.688750999164768,-0.37796177930890995,0.4002501251408831,0.4002501251408831,WRONG,WRONG,false,false,-0.4002501251408829,0.40025012514088276,false,false,true,0.0,0.37796177930890995,0.978,mnist__cnn1__linf__0.05__model_seed42_itr20_w129.bin
mnist,cnn1,model_seed42_itr20,linf,0.05,1,292,-0.316251503652893,7.688750999164768,-0.316251503652893,7.688750999164768,true,true,-7.688750999164768,-0.3779617793089102,0.4002501251408831,0.4002501251408831,WRONG,WRONG,false,false,-0.40025012514088304,0.4002501251408827,false,false,true,1.6479873021779667e-17,0.37796177930891034,1.463,mnist__cnn1__linf__0.05__model_seed42_itr20_w130.bin
mnist,cnn1,model_seed42_itr20,linf,0.05,1,293,-0.316251503652893,7.688750999164768,-0.316251503652893,7.688750999164768,true,true,-7.688750999164768,-0.3993011023962008,0.400250125140883,0.400250125140883,WRONG,WRONG,false,false,-0.40025012514088304,0.40025012514088304,false,false,true,0.0,0.3993011023962008,2.044,mnist__cnn1__linf__0.05__model_seed42_itr20_w131.bin
mnist,cnn1,model_seed42_itr20,linf,0.05,1,294,-0.316251503652893,7.688750999164768,-0.316251503652893,7.688750999164768,true,true,-0.40025012514088304,-0.40025012514088304,0.400250125140883,0.400250125140883,WRONG,WRONG,false,false,-0.40025012514088304,0.400250125140883,false,false,true,0.0,0.4002501251408831,1.758,mnist__cnn1__linf__0.05__model_seed42_itr20_w132.bin
mnist,cnn1,model_seed42_itr20,linf,0.05,1,295,-0.316251503652893,7.688750999164768,-0.316251503652893,7.688750999164768,true,true,-7.688750999164768,-0.400250125140883,0.40025012514088304,0.40025012514088304,WRONG,WRONG,false,false,-0.40025012514088304,0.4002501251408827,false,false,true,0.0,0.4002501251408831,0.873,mnist__cnn1__linf__0.05__model_seed42_itr20_w133.bin
mnist,cnn1,model_seed42_itr20,linf,0.05,1,296,-0.316251503652893,7.688750999164768,-0.316251503652893,7.688750999164768,true,true,-7.688750999164768,-0.39849508550601515,0.40025012514088304,0.40025012514088304,WRONG,WRONG,false,false,-0.400250125140883,0.4002501251408831,false,false,true,0.0,0.3984950855060152,1.503,mnist__cnn1__linf__0.05__model_seed42_itr20_w134.bin
mnist,cnn1,model_seed42_itr20,linf,0.05,1,297,-0.316251503652893,7.688750999164768,-0.316251503652893,7.688750999164768,true,true,-7.688750999164768,-0.3993011023962008,0.40025012514088304,0.40025012514088304,WRONG,WRONG,false,false,-0.40025012514088304,0.40025012514088276,false,false,true,0.0,0.3993011023962008,0.928,mnist__cnn1__linf__0.05__model_seed42_itr20_w135.bin
mnist,cnn1,model_seed42_itr20,linf,0.05,1,298,-0.316251503652893,7.688750999164768,-0.316251503652893,7.688750999164768,true,true,-7.688750999164768,-0.3993011023962008,7.688750999164768,0.40025012514088304,WRONG,WRONG,false,false,-0.40025012514088304,0.40025012514088365,false,false,true,0.0860383814320868,0.4853394838282876,0.394,mnist__cnn1__linf__0.05__model_seed42_itr20_w136.bin
mnist,cnn1,model_seed42_itr20,linf,0.05,1,299,-0.316251503652893,7.688750999164768,-0.316251503652893,7.688750999164768,true,true,-7.688750999164768,-0.4002501251408831,0.400250125140883,0.400250125140883,WRONG,WRONG,false,false,-0.40025012514088304,0.400250125140883,false,false,true,0.0,0.40025012514088304,1.154,mnist__cnn1__linf__0.05__model_seed42_itr20_w137.bin
mnist,cnn1,model_seed42_itr20,linf,0.05,1,300,-0.316251503652893,7.688750999164768,-0.316251503652893,7.688750999164768,true,true,-7.688750999164768,-0.40025012514088304,0.40025012514088304,0.40025012514088304,WRONG,WRONG,false,false,-0.40025012514088304,0.40025012514088304,false,false,true,3.469446951953614e-18,0.4002501251408831,1.125,mnist__cnn1__linf__0.05__model_seed42_itr20_w138.bin
mnist,cnn1,model_seed42_itr20,linf,0.05,1,301,-0.316251503652893,7.688750999164768,-0.316251503652893,7.688750999164768,true,true,-0.40025012514088304,-0.40025012514088304,0.400250125140883,0.400250125140883,WRONG,WRONG,false,false,-0.40025012514088304,0.4002501251408831,false,false,true,1.1275702593849246e-17,0.4002501251408831,1.749,mnist__cnn1__linf__0.05__model_seed42_itr20_w139.bin
mnist,cnn1,model_seed42_itr20,linf,0.05,1,302,-0.316251503652893,7.688750999164768,-0.316251503652893,7.688750999164768,true,true,-7.688750999164768,-0.400250125140883,0.400250125140883,0.400250125140883,WRONG,WRONG,false,false,-0.400250125140883,0.4002501252809081,false,false,true,0.0,0.40025012514088304,0.996,mnist__cnn1__linf__0.05__model_seed42_itr20_w140.bin
mnist,cnn1,model_seed42_itr20,linf,0.05,1,303,-0.316251503652893,7.688750999164768,-0.316251503652893,7.688750999164768,true,true,-0.40025012514088304,-0.40025012514088304,0.4002501251408829,0.4002501251408829,WRONG,WRONG,false,false,-0.40025012514088304,0.4002501251408829,false,false,true,0.0,0.4002501251408831,1.553,mnist__cnn1__linf__0.05__model_seed42_itr20_w141.bin
mnist,cnn1,model_seed42_itr20,linf,0.05,1,304,-0.316251503652893,7.688750999164768,-0.316251503652893,7.688750999164768,true,true,-7.688750999164768,-0.3700374929986622,0.400250125140883,0.400250125140883,WRONG,WRONG,false,false,-0.400250125140883,0.400250125140883,false,false,true,0.0,0.3700374929986622,1.089,mnist__cnn1__linf__0.05__model_seed42_itr20_w142.bin
mnist,cnn1,model_seed42_itr20,linf,0.05,1,305,-0.316251503652893,7.688750999164768,-0.316251503652893,7.688750999164768,true,true,-7.688750999164768,-0.40025012514088304,0.40025012514088304,0.40025012514088304,WRONG,WRONG,false,false,-0.40025012514088304,0.40025012514088276,false,false,true,0.0,0.40025012514088304,1.335,mnist__cnn1__linf__0.05__model_seed42_itr20_w143.bin
mnist,cnn1,model_seed42_itr20,linf,0.05,1,306,-0.316251503652893,7.688750999164768,-0.316251503652893,7.688750999164768,true,true,-7.688750999164768,-0.3779617793089103,7.688750999164768,0.39608207166077936,WRONG,WRONG,false,false,-0.40025012514088365,0.400250125140883,false,false,true,0.6830061171386665,1.0609678964475768,0.591,mnist__cnn1__linf__0.05__model_seed42_itr20_w144.bin
mnist,cnn1,model_seed42_itr20,linf,0.05,1,307,-0.316251503652893,7.688750999164768,-0.316251503652893,7.688750999164768,true,true,-7.688750999164768,-0.400250125140883,7.688750999164768,0.400250125140883,WRONG,WRONG,false,false,-0.400250125140883,0.400250125140883,false,false,true,0.01218936898109064,0.4124394941219738,0.343,mnist__cnn1__linf__0.05__model_seed42_itr20_w145.bin
mnist,cnn1,model_seed42_itr20,linf,0.05,1,308,-0.316251503652893,7.688750999164768,-0.316251503652893,7.688750999164768,true,true,-7.688750999164768,-0.4002501251408831,7.688750999164768,0.40025012514088304,WRONG,WRONG,false,false,-0.4002501251408831,0.40025012514088304,false,false,true,0.011260954219562368,0.4115110793604454,0.35,mnist__cnn1__linf__0.05__model_seed42_itr20_w146.bin
mnist,cnn1,model_seed42_itr20,linf,0.05,1,309,-0.316251503652893,7.688750999164768,-0.316251503652893,7.688750999164768,true,true,-7.688750999164768,-0.40025012514088304,7.688750999164768,0.40025012514088304,WRONG,WRONG,false,false,-0.40025012514088304,0.40025012514088304,false,false,true,0.04380465982254019,0.44405478496342327,0.362,mnist__cnn1__linf__0.05__model_seed42_itr20_w147.bin
mnist,cnn1,model_seed42_itr20,linf,0.05,1,310,-0.316251503652893,7.688750999164768,-0.316251503652893,7.688750999164768,true,true,-7.688750999164768,-0.3993011023962008,7.688750999164768,0.400250125140883,WRONG,WRONG,false,false,-0.40025012514088343,0.4002501251408832,false,false,true,0.005546387672434637,0.40484749006863546,0.338,mnist__cnn1__linf__0.05__model_seed42_itr20_w148.bin
mnist,cnn1,model_seed42_itr20,linf,0.05,1,311,-0.316251503652893,7.688750999164768,-0.316251503652893,7.688750999164768,true,true,-0.400250125140883,-0.400250125140883,0.40025012514088326,0.40025012514088326,WRONG,WRONG,false,false,-0.400250125140883,0.40025012514088326,false,false,true,3.469446951953614e-17,0.4002501251408831,1.886,mnist__cnn1__linf__0.05__model_seed42_itr20_w149.bin
mnist,cnn1,model_seed42_itr20,linf,0.05,1,312,-0.316251503652893,7.688750999164768,-0.316251503652893,7.688750999164768,true,true,-7.688750999164768,-0.37790299202763183,0.40025012514088304,0.40025012514088304,WRONG,WRONG,false,false,-0.40025012514088304,0.40025012514088304,false,false,true,0.0,0.37790299202763183,1.493,mnist__cnn1__linf__0.05__model_seed42_itr20_w150.bin
mnist,cnn1,model_seed42_itr20,linf,0.05,1,313,-0.316251503652893,7.688750999164768,-0.316251503652893,7.688750999164768,true,true,-0.400250125140883,-0.400250125140883,0.400250125140883,0.400250125140883,WRONG,WRONG,false,false,-0.4002501251408832,0.4002501251408832,false,false,true,0.0,0.4002501251408831,1.796,mnist__cnn1__linf__0.05__model_seed42_itr20_w151.bin
mnist,cnn1,model_seed42_itr20,linf,0.05,1,314,-0.316251503652893,7.688750999164768,-0.316251503652893,7.688750999164768,true,true,-0.40025012514088304,-0.40025012514088304,0.4002501251408837,0.40025012514088304,WRONG,WRONG,false,false,-0.40025012514088304,0.40025012514088304,false,false,true,0.0,0.40025012514088304,1.854,mnist__cnn1__linf__0.05__model_seed42_itr20_w152.bin
mnist,cnn1,model_seed42_itr20,linf,0.05,1,315,-0.316251503652893,7.688750999164768,-0.316251503652893,7.688750999164768,true,true,-0.400250125140883,-0.400250125140883,0.40025012514088304,0.40025012514088304,WRONG,WRONG,false,false,-0.4002501251408829,0.40025012514088304,false,false,true,0.0,0.40025012514088304,2.002,mnist__cnn1__linf__0.05__model_seed42_itr20_w153.bin
mnist,cnn1,model_seed42_itr20,linf,0.05,1,316,-0.316251503652893,7.688750999164768,-0.316251503652893,7.688750999164768,true,true,-7.688750999164768,-0.39930110239620087,7.688750999164768,0.400250125140883,WRONG,WRONG,false,false,-0.4002501251408841,0.40025012514088276,false,false,true,0.0009352486779527196,0.40023635107415356,0.273,mnist__cnn1__linf__0.05__model_seed42_itr20_w154.bin
mnist,cnn1,model_seed42_itr20,linf,0.05,1,317,-0.316251503652893,7.688750999164768,-0.316251503652893,7.688750999164768,true,true,-0.400250125140883,-0.400250125140883,0.4002501252809081,0.4002501252809081,WRONG,WRONG,false,false,-0.400250125140883,0.4002501252809081,false,false,true,1.3877787807814457e-17,0.40025012514088304,2.327,mnist__cnn1__linf__0.05__model_seed42_itr20_w155.bin
mnist,cnn1,model_seed42_itr20,linf,0.05,1,318,-0.316251503652893,7.688750999164768,-0.316251503652893,7.688750999164768,true,true,-7.688750999164768,-0.40025012514088276,7.688750999164768,0.4002501251408832,WRONG,WRONG,false,false,-0.40025012514088276,0.4002501251408832,false,false,true,1.901976203796592,2.302226328937475,0.524,mnist__cnn1__linf__0.05__model_seed42_itr20_w156.bin
mnist,cnn1,model_seed42_itr20,linf,0.05,1,319,-0.316251503652893,7.688750999164768,-0.316251503652893,7.688750999164768,true,true,-7.688750999164768,-0.40025012514088304,0.40025012514088304,0.40025012514088304,WRONG,WRONG,false,false,-0.40025012514088276,0.4002501252809081,false,false,true,0.0,0.4002501251408831,1.103,mnist__cnn1__linf__0.05__model_seed42_itr20_w157.bin
mnist,cnn1,model_seed42_itr20,linf,0.05,1,320,-0.316251503652893,7.688750999164768,-0.316251503652893,7.688750999164768,true,true,-0.40025012514088304,-0.40025012514088304,0.400250125140883,0.400250125140883,WRONG,WRONG,false,false,-0.40025012514088304,0.400250125140883,false,false,true,1.3877787807814457e-17,0.4002501251408831,1.811,mnist__cnn1__linf__0.05__model_seed42_itr20_w158.bin
mnist,cnn1,model_seed42_itr20,linf,0.05,1,321,-0.316251503652893,7.688750999164768,-0.316251503652893,7.688750999164768,true,true,-7.688750999164768,-0.400250125140883,0.40025012514088315,0.40025012514088315,WRONG,WRONG,false,false,-0.400250125140883,0.40025012514088315,false,false,true,3.469446951953614e-18,0.40025012514088304,0.909,mnist__cnn1__linf__0.05__model_seed42_itr20_w159.bin
mnist,cnn1,model_seed42_itr20,linf,0.05,1,322,-0.316251503652893,7.688750999164768,-0.316251503652893,7.688750999164768,true,true,-7.688750999164768,-0.3779617793089102,0.40025012514088304,0.40025012514088304,WRONG,WRONG,false,false,-0.400250125140883,0.40025012514088304,false,false,true,0.0,0.37796177930891023,0.766,mnist__cnn1__linf__0.05__model_seed42_itr20_w160.bin
mnist,cnn1,model_seed42_itr20,linf,0.05,1,323,-0.316251503652893,7.688750999164768,-0.316251503652893,7.688750999164768,true,true,-0.40025012514088304,-0.40025012514088304,0.400250125140883,0.400250125140883,WRONG,WRONG,false,false,-0.40025012514088304,0.400250125140883,false,false,true,5.551115123125783e-17,0.40025012514088304,2.685,mnist__cnn1__linf__0.05__model_seed42_itr20_w161.bin
mnist,cnn1,model_seed42_itr20,linf,0.05,1,324,-0.316251503652893,7.688750999164768,-0.316251503652893,7.688750999164768,true,true,-7.688750999164768,-0.400250125140883,0.400250125140883,0.400250125140883,WRONG,WRONG,false,false,-0.40025012514088304,0.400250125140883,false,false,true,0.0,0.40025012514088304,1.225,mnist__cnn1__linf__0.05__model_seed42_itr20_w162.bin
mnist,cnn1,model_seed42_itr20,linf,0.05,1,325,-5.432206969708204,5.045625496422872,-5.432032435063588,5.045625496422872,false,true,-0.5238916233065538,-0.5238916233065538,0.5238916233065538,0.5238916233065538,n/a,WRONG,false,false,NaN,0.5238916233065539,n/a,false,true,0.5238916233065537,5.551115123125783e-17,2.04,mnist__cnn1__linf__0.05__model_seed42_itr20_w163.bin
mnist,cnn1,model_seed42_itr20,linf,0.05,1,326,-5.432206969708204,5.045625496422872,-5.432206969708204,5.045625496422872,true,true,-0.5238916233065539,-0.5238916233065539,0.5238916233065539,0.5238916233065539,WRONG,WRONG,false,false,-0.5238916233065539,0.5238916233065538,false,false,true,0.0,0.5238916233065539,1.443,mnist__cnn1__linf__0.05__model_seed42_itr20_w164.bin
mnist,cnn1,model_seed42_itr20,linf,0.05,1,327,-5.432206969708204,5.045625496422872,-5.432206969708204,5.045625496422872,true,true,-0.5238916233065539,-0.5238916233065539,0.5238916233065539,0.5238916233065539,WRONG,WRONG,false,false,-0.5238916233065539,0.5238916233065539,false,false,true,2.7755575615628914e-17,0.5238916233065538,1.744,mnist__cnn1__linf__0.05__model_seed42_itr20_w165.bin
mnist,cnn1,model_seed42_itr20,linf,0.05,1,328,-5.432206969708204,5.045625496422872,-5.432206969708204,5.045625496422872,true,true,-0.5238916233065539,-0.5238916233065539,0.5238916233065539,0.5238916233065539,WRONG,WRONG,false,false,-0.5238916233065539,0.5238916233065538,false,false,true,8.326672684688674e-17,0.5238916233065538,2.268,mnist__cnn1__linf__0.05__model_seed42_itr20_w166.bin
mnist,cnn1,model_seed42_itr20,linf,0.05,1,329,-5.432206969708204,5.045625496422872,-5.432206969708204,5.045625496422872,true,true,-0.5238916233065537,-0.5238916233065537,0.5238916233065543,0.5238916233065543,WRONG,WRONG,false,false,-0.5238916233065538,0.5238916233065537,false,false,true,0.0,0.5238916233065537,1.572,mnist__cnn1__linf__0.05__model_seed42_itr20_w167.bin
mnist,cnn1,model_seed42_itr20,linf,0.05,1,330,-5.432206969708204,5.045625496422872,-5.432206969708204,5.045625496422872,true,true,-0.523891623306554,-0.523891623306554,0.5238916233065538,0.5238916233065538,WRONG,WRONG,false,false,-0.5238916233065539,0.5238916233065538,false,false,true,4.163336342344337e-17,0.523891623306554,1.68,mnist__cnn1__linf__0.05__model_seed42_itr20_w168.bin
mnist,cnn1,model_seed42_itr20,linf,0.05,1,331,-5.432206969708204,5.045625496422872,-5.432206969708204,5.045625496422872,true,true,-5.045625496422872,-0.4958871061755677,5.045625496422872,0.4958871061755677,WRONG,WRONG,false,false,-0.5238916233065538,0.5238916233065539,false,false,true,1.1102230246251565e-16,0.4958871061755678,0.355,mnist__cnn1__linf__0.05__model_seed42_itr20_w169.bin
mnist,cnn1,model_seed42_itr20,linf,0.05,1,332,-5.432206969708204,5.045625496422872,-5.432206969708204,5.045625496422872,true,true,-0.5238916233065538,-0.5238916233065538,0.5238916233065539,0.5238916233065539,WRONG,WRONG,false,false,-0.5238916233065538,0.5238916233065539,false,false,true,0.0,0.5238916233065538,1.126,mnist__cnn1__linf__0.05__model_seed42_itr20_w170.bin
mnist,cnn1,model_seed42_itr20,linf,0.05,1,333,-5.432206969708204,5.045625496422872,-5.432206969708204,5.045625496422872,true,true,-0.5238916233065538,-0.5238916233065538,0.5238916233065539,0.5238916233065539,WRONG,WRONG,false,false,-0.5238916233065538,0.5238916233065539,false,false,true,2.7755575615628914e-17,0.5238916233065538,1.4,mnist__cnn1__linf__0.05__model_seed42_itr20_w171.bin
mnist,cnn1,model_seed42_itr20,linf,0.05,1,334,-5.432206969708204,5.045625496422872,-5.432206969708204,5.045625496422872,true,true,-5.045625496422872,-0.5212440607875557,0.523891623306554,0.523891623306554,WRONG,WRONG,false,false,-0.5238916233065538,0.523891623306554,false,false,true,0.0,0.5212440607875557,0.876,mnist__cnn1__linf__0.05__model_seed42_itr20_w172.bin
mnist,cnn1,model_seed42_itr20,linf,0.05,1,335,-5.432206969708204,5.045625496422872,-5.432206969708204,5.045625496422872,true,true,-0.5238916233065537,-0.5238916233065537,0.5238916233065539,0.5238916233065539,WRONG,WRONG,false,false,-0.5238916233065537,0.5238916233065538,false,false,true,0.0,0.5238916233065538,1.436,mnist__cnn1__linf__0.05__model_seed42_itr20_w173.bin
mnist,cnn1,model_seed42_itr20,linf,0.05,1,336,-5.432206969708204,5.045625496422872,-5.432206969708204,5.045625496422872,true,true,-0.5238916233065538,-0.5238916233065538,0.5238916233065538,0.5238916233065538,WRONG,WRONG,false,false,-0.5238916233065538,0.5238916233065538,false,false,true,0.0,0.5238916233065538,2.274,mnist__cnn1__linf__0.05__model_seed42_itr20_w174.bin
mnist,cnn1,model_seed42_itr20,linf,0.05,1,337,-5.432206969708204,5.045625496422872,-5.432206969708204,5.045625496422872,true,true,-0.5238916233065538,-0.5238916233065538,0.523891623306552,0.43302534938039483,WRONG,WRONG,false,false,-0.5238916233065539,0.5238916233065538,false,false,true,0.0,0.5238916233065536,2.56,mnist__cnn1__linf__0.05__model_seed42_itr20_w175.bin
mnist,cnn1,model_seed42_itr20,linf,0.05,1,338,-5.432206969708204,5.045625496422872,-5.432206969708204,5.045625496422872,true,true,-0.5238916233065536,-0.5238916233065536,0.5238916233065538,0.5238916233065538,WRONG,WRONG,false,false,-0.5238916233065536,0.5238916233065538,false,false,true,0.0,0.5238916233065536,1.74,mnist__cnn1__linf__0.05__model_seed42_itr20_w176.bin
mnist,cnn1,model_seed42_itr20,linf,0.05,1,339,-5.432206969708204,5.045625496422872,-5.432206969708204,5.045625496422872,true,true,-0.5238916233065539,-0.5238916233065539,0.5238916233065538,0.5238916233065538,WRONG,WRONG,false,false,-0.5238916233065539,0.5238916233065538,false,false,true,7.632783294297951e-17,0.5238916233065538,2.138,mnist__cnn1__linf__0.05__model_seed42_itr20_w177.bin
mnist,cnn1,model_seed42_itr20,linf,0.05,1,340,-5.432206969708204,5.045625496422872,-5.432206969708204,5.045625496422872,true,true,-0.5238916233065536,-0.5238916233065536,0.5238916233065538,0.5238916233065538,WRONG,WRONG,false,false,-0.5238916233065538,0.5238916233065538,false,false,true,0.0,0.5238916233065538,1.826,mnist__cnn1__linf__0.05__model_seed42_itr20_w178.bin
mnist,cnn1,model_seed42_itr20,linf,0.05,1,341,-5.432206969708204,5.045625496422872,-5.432206969708204,5.045625496422872,true,true,-0.523891623306554,-0.523891623306554,0.5238916233065537,0.5238916233065537,WRONG,WRONG,false,false,-0.5238916233065539,0.5238916233065537,false,false,true,1.1102230246251565e-16,0.5238916233065538,1.577,mnist__cnn1__linf__0.05__model_seed42_itr20_w179.bin
mnist,cnn1,model_seed42_itr20,linf,0.05,1,342,-5.432206969708204,5.045625496422872,-5.432206969708204,5.045625496422872,true,true,-5.045625496422872,-0.43302534938039483,5.045625496422872,0.5169051987614498,WRONG,WRONG,false,false,-0.5238916233065538,0.5238916233065539,false,false,true,2.7755575615628914e-17,0.4330253493803948,0.361,mnist__cnn1__linf__0.05__model_seed42_itr20_w180.bin
mnist,cnn1,model_seed42_itr20,linf,0.05,1,343,-5.432206969708204,5.045625496422872,-5.432206969708204,5.045625496422872,true,true,-5.045625496422872,-0.521279843826284,0.5238916233065537,0.5238916233065537,WRONG,WRONG,false,false,-0.5238916233065538,0.5238916233065537,false,false,true,1.3877787807814457e-17,0.5212798438262842,0.923,mnist__cnn1__linf__0.05__model_seed42_itr20_w181.bin
mnist,cnn1,model_seed42_itr20,linf,0.05,1,344,-5.432206969708204,5.045625496422872,-5.432206969708204,5.045625496422872,true,true,-0.5238916233065538,-0.5238916233065538,0.5238916233065538,0.5238916233065538,WRONG,WRONG,false,false,-0.5238916233065538,0.5238916233065538,false,false,true,5.551115123125783e-17,0.5238916233065537,1.923,mnist__cnn1__linf__0.05__model_seed42_itr20_w182.bin
mnist,cnn1,model_seed42_itr20,linf,0.05,1,345,-5.432206969708204,5.045625496422872,-5.432206969708204,5.045625496422872,true,true,-0.5238916233065538,-0.5238916233065538,0.5238916233065565,0.5238916233065565,WRONG,WRONG,false,false,-0.5238916233065538,0.5238916233065565,false,false,true,2.7755575615628914e-17,0.5238916233065538,2.135,mnist__cnn1__linf__0.05__model_seed42_itr20_w183.bin
mnist,cnn1,model_seed42_itr20,linf,0.05,1,346,-5.432206969708204,5.045625496422872,-5.432206969708204,5.045625496422872,true,true,-0.5238916233065538,-0.5238916233065538,0.5238916233065534,0.5238916233065534,WRONG,WRONG,false,false,-0.5238916233065538,0.5238916233065534,false,false,true,0.0,0.5238916233065537,2.402,mnist__cnn1__linf__0.05__model_seed42_itr20_w184.bin
mnist,cnn1,model_seed42_itr20,linf,0.05,1,347,-5.432206969708204,5.045625496422872,-5.432206969708204,5.045625496422872,true,true,-0.5238916233065537,-0.5238916233065537,0.5238916233065538,0.5238916233065538,WRONG,WRONG,false,false,-0.5238916233065537,0.5238916233065538,false,false,true,2.7755575615628914e-17,0.5238916233065538,2.038,mnist__cnn1__linf__0.05__model_seed42_itr20_w185.bin
mnist,cnn1,model_seed42_itr20,linf,0.05,1,348,-5.432206969708204,5.045625496422872,-5.432206969708204,5.045625496422872,true,true,-5.045625496422872,-0.4958871061755677,5.045625496422872,0.4958871061755677,WRONG,WRONG,false,false,-0.5238916233065537,0.5238916233065538,false,false,true,1.1102230246251565e-16,0.4958871061755678,0.439,mnist__cnn1__linf__0.05__model_seed42_itr20_w186.bin
mnist,cnn1,model_seed42_itr20,linf,0.05,1,349,-5.432206969708204,5.045625496422872,-5.432206969708204,5.045625496422872,true,true,-5.045625496422872,-0.4958871061755677,5.045625496422872,0.4958871061755677,WRONG,WRONG,false,false,-0.5238916233065538,0.5238916233065539,false,false,true,1.1102230246251565e-16,0.4958871061755678,0.476,mnist__cnn1__linf__0.05__model_seed42_itr20_w187.bin
mnist,cnn1,model_seed42_itr20,linf,0.05,1,350,-5.432206969708204,5.045625496422872,-5.432206969708204,5.045625496422872,true,true,-0.5238916233065538,-0.5238916233065538,0.5238916233065538,0.5238916233065538,WRONG,WRONG,false,false,-0.5238916233065538,0.5238916233065538,false,false,true,0.0,0.5238916233065538,1.163,mnist__cnn1__linf__0.05__model_seed42_itr20_w188.bin
mnist,cnn1,model_seed42_itr20,linf,0.05,1,351,-5.432206969708204,5.045625496422872,-5.432206969708204,5.045625496422872,true,true,-5.045625496422872,-0.4958871061755677,5.045625496422872,0.36048856562707465,WRONG,WRONG,false,false,-0.5238916233065539,0.5238916233065539,false,false,true,1.1102230246251565e-16,0.4958871061755678,0.3,mnist__cnn1__linf__0.05__model_seed42_itr20_w189.bin
mnist,cnn1,model_seed42_itr20,linf,0.05,1,352,-5.432206969708204,5.045625496422872,-5.432206969708204,5.045625496422872,true,true,-0.5238916233065539,-0.5238916233065539,0.5238916233065549,0.5238916233065549,WRONG,WRONG,false,false,-0.5238916233065539,0.5238916233065539,false,false,true,0.0,0.5238916233065538,1.896,mnist__cnn1__linf__0.05__model_seed42_itr20_w190.bin
mnist,cnn1,model_seed42_itr20,linf,0.05,1,353,-5.432206969708204,5.045625496422872,-5.432206969708204,5.045625496422872,true,true,-5.045625496422872,-0.47606044453459617,5.045625496422872,0.5238916233065538,WRONG,WRONG,false,false,-0.5238916233065543,0.5238916233065537,false,false,true,2.1510571102112408e-16,0.4760604445345962,0.424,mnist__cnn1__linf__0.05__model_seed42_itr20_w191.bin
mnist,cnn1,model_seed42_itr20,linf,0.05,1,354,-5.432206969708204,5.045625496422872,-5.432206969708204,5.045625496422872,true,true,-0.5238916233065538,-0.5238916233065538,0.5238916233065538,0.5238916233065538,WRONG,WRONG,false,false,-0.5238916233065538,0.5238916233065538,false,false,true,2.7755575615628914e-17,0.5238916233065538,1.796,mnist__cnn1__linf__0.05__model_seed42_itr20_w192.bin
mnist,cnn1,model_seed42_itr20,linf,0.05,1,355,-5.432206969708204,5.045625496422872,-5.432206969708204,5.045625496422872,true,true,-0.5238916233065539,-0.5238916233065539,0.5238916233065538,0.5238916233065538,WRONG,WRONG,false,false,-0.5238916233065539,0.5238916233065539,false,false,true,6.245004513516506e-17,0.5238916233065538,1.332,mnist__cnn1__linf__0.05__model_seed42_itr20_w193.bin
mnist,cnn1,model_seed42_itr20,linf,0.05,1,356,-5.432206969708204,5.045625496422872,-5.432206969708204,5.045625496422872,true,true,-5.045625496422872,-0.5238916233065537,5.045625496422872,0.3816087771764567,WRONG,WRONG,false,false,-0.5238916233065537,0.5238916233065538,false,false,true,0.0,0.5238916233065537,0.462,mnist__cnn1__linf__0.05__model_seed42_itr20_w194.bin
mnist,cnn1,model_seed42_itr20,linf,0.05,1,357,-5.432206969708204,5.045625496422872,-5.432206969708204,5.045625496422872,true,true,-0.5238916233065528,-0.5238916233065528,5.045625496422872,0.51690519876145,WRONG,WRONG,false,false,-0.5238916233065538,0.5238916233065538,false,false,true,0.20192787573117627,0.72581949903773,1.581,mnist__cnn1__linf__0.05__model_seed42_itr20_w195.bin
mnist,cnn1,model_seed42_itr20,linf,0.05,1,358,-5.432206969708204,5.045625496422872,-5.432206969708204,5.045625496422872,true,true,-0.5238916233065539,-0.5238916233065539,0.5238916233065537,0.5238916233065537,WRONG,WRONG,false,false,-0.5238916233065536,0.5238916233065541,false,false,true,5.551115123125783e-17,0.5238916233065539,1.433,mnist__cnn1__linf__0.05__model_seed42_itr20_w196.bin
mnist,cnn1,model_seed42_itr20,linf,0.05,1,359,-5.432206969708204,5.045625496422872,-5.432206969708204,5.045625496422872,true,true,-0.5238916233065538,-0.5238916233065538,0.5238916233065538,0.5238916233065538,WRONG,WRONG,false,false,-0.5238916233065539,0.5238916233065538,false,false,true,0.0,0.5238916233065538,1.652,mnist__cnn1__linf__0.05__model_seed42_itr20_w197.bin
mnist,cnn1,model_seed42_itr20,linf,0.05,1,360,-5.432206969708204,5.045625496422872,-5.432206969708204,5.045625496422872,true,true,-0.5238916233065539,-0.5238916233065539,0.5238916233065539,0.5238916233065539,WRONG,WRONG,false,false,-0.5238916233065536,0.5238916233065538,false,false,true,6.938893903907228e-17,0.5238916233065538,1.488,mnist__cnn1__linf__0.05__model_seed42_itr20_w198.bin
mnist,cnn1,model_seed42_itr20,linf,0.05,1,361,-5.432206969708204,5.045625496422872,-5.432206969708204,5.045625496422872,true,true,-5.045625496422872,-0.5238916233065538,5.045625496422872,0.5238916233065539,WRONG,WRONG,false,false,-0.5238916233065538,0.5238916233065539,false,false,true,8.326672684688674e-17,0.5238916233065538,0.353,mnist__cnn1__linf__0.05__model_seed42_itr20_w199.bin
mnist,cnn1,model_seed42_itr20,linf,0.05,1,362,-5.432206969708204,5.045625496422872,-5.432206969708204,5.045625496422872,true,true,-0.5238916233065538,-0.5238916233065538,5.045625496422872,0.5238916233065538,WRONG,WRONG,false,false,-0.5238916233065539,0.5238916233065538,false,false,true,0.19180742258707295,0.7156990458936267,0.897,mnist__cnn1__linf__0.05__model_seed42_itr20_w200.bin
mnist,cnn1,model_seed42_itr20,linf,0.05,1,363,-5.432206969708204,5.045625496422872,-5.432206969708204,5.045625496422872,true,true,-5.045625496422872,-0.5238916233065538,0.5238916233065538,0.5238916233065538,WRONG,WRONG,false,false,-0.5238916233065537,0.5238916233065539,false,false,true,2.220446049250313e-16,0.5238916233065539,1.166,mnist__cnn1__linf__0.05__model_seed42_itr20_w201.bin
mnist,cnn1,model_seed42_itr20,linf,0.05,1,364,-5.432206969708204,5.045625496422872,-5.432206969708204,5.045625496422872,true,true,-0.5238916233065538,-0.5238916233065538,0.5238916233065538,0.5238916233065538,WRONG,WRONG,false,false,-0.5238916233065538,0.5238916233065538,false,false,true,0.0,0.5238916233065538,1.853,mnist__cnn1__linf__0.05__model_seed42_itr20_w202.bin
mnist,cnn1,model_seed42_itr20,linf,0.05,1,365,-5.432206969708204,5.045625496422872,-5.432206969708204,5.045625496422872,true,true,-0.5238916233065538,-0.5238916233065538,0.5238916233065538,0.5238916233065538,WRONG,WRONG,false,false,-0.5238916233065538,0.5238916233065538,false,false,true,5.551115123125783e-17,0.5238916233065538,1.346,mnist__cnn1__linf__0.05__model_seed42_itr20_w203.bin
mnist,cnn1,model_seed42_itr20,linf,0.05,1,366,-5.432206969708204,5.045625496422872,-5.432206969708204,5.045625496422872,true,true,-0.5238916233065539,-0.5238916233065539,0.5238916233065538,0.5238916233065538,WRONG,WRONG,false,false,-0.5238916233065539,0.5238916233065538,false,false,true,1.3877787807814457e-16,0.5238916233065539,2.27,mnist__cnn1__linf__0.05__model_seed42_itr20_w204.bin
mnist,cnn1,model_seed42_itr20,linf,0.05,1,367,-5.432206969708204,5.045625496422872,-5.432206969708204,5.045625496422872,true,true,-5.045625496422872,-0.5238916233065524,5.045625496422872,0.5238916233065538,WRONG,WRONG,false,false,-0.5238916233065524,0.5238916233065538,false,false,true,0.0,0.5238916233065524,0.597,mnist__cnn1__linf__0.05__model_seed42_itr20_w205.bin
mnist,cnn1,model_seed42_itr20,linf,0.05,1,368,-5.432206969708204,5.045625496422872,-5.432206969708204,5.045625496422872,true,true,-0.5238916233065537,-0.5238916233065537,0.5238916233065539,0.5238916233065539,WRONG,WRONG,false,false,-0.5238916233065537,0.5238916233065539,false,false,true,0.0,0.5238916233065538,1.282,mnist__cnn1__linf__0.05__model_seed42_itr20_w206.bin
mnist,cnn1,model_seed42_itr20,linf,0.05,1,369,-5.432206969708204,5.045625496422872,-5.432206969708204,5.045625496422872,true,true,-0.5238916233065538,-0.5238916233065538,0.5238916233065538,0.5238916233065538,WRONG,WRONG,false,false,-0.5238916233065538,0.5238916233065538,false,false,true,5.551115123125783e-17,0.5238916233065538,1.652,mnist__cnn1__linf__0.05__model_seed42_itr20_w207.bin
mnist,cnn1,model_seed42_itr20,linf,0.05,1,370,-5.432206969708204,5.045625496422872,-5.432206969708204,5.045625496422872,true,true,-0.5238916233065537,-0.5238916233065537,0.5238916233065538,0.5238916233065538,WRONG,WRONG,false,false,-0.5238916233065537,0.5238916233065538,false,false,true,1.1102230246251565e-16,0.5238916233065539,1.165,mnist__cnn1__linf__0.05__model_seed42_itr20_w208.bin
mnist,cnn1,model_seed42_itr20,linf,0.05,1,371,-5.432206969708204,5.045625496422872,-5.432206969708204,5.045625496422872,true,true,-0.5238916233065538,-0.5238916233065538,0.5238916233065538,0.5238916233065538,WRONG,WRONG,false,false,-0.5238916233065538,0.5238916233065538,false,false,true,2.7755575615628914e-17,0.5238916233065538,1.318,mnist__cnn1__linf__0.05__model_seed42_itr20_w209.bin
mnist,cnn1,model_seed42_itr20,linf,0.05,1,372,-5.432206969708204,5.045625496422872,-5.432206969708204,5.045625496422872,true,true,-0.5238916233065535,-0.5238916233065535,0.5238916233065483,0.5238916233065483,WRONG,WRONG,false,false,-0.5238916233065535,0.5238916233065546,false,false,true,0.0,0.5238916233065537,3.007,mnist__cnn1__linf__0.05__model_seed42_itr20_w210.bin
mnist,cnn1,model_seed42_itr20,linf,0.05,1,373,-5.432206969708204,5.045625496422872,-5.432206969708204,5.045625496422872,true,true,-0.5238916233065538,-0.5238916233065538,0.5238916233065538,0.5238916233065538,WRONG,WRONG,false,false,-0.5238916233065538,0.5238916233065538,false,false,true,5.551115123125783e-17,0.5238916233065539,2.171,mnist__cnn1__linf__0.05__model_seed42_itr20_w211.bin
mnist,cnn1,model_seed42_itr20,linf,0.05,1,374,-5.432206969708204,5.045625496422872,-5.432206969708204,5.045625496422872,true,true,-0.523891623306554,-0.523891623306554,0.5238916233065535,0.5238916233065535,WRONG,WRONG,false,false,-0.523891623306554,0.5238916233065535,false,false,true,0.0,0.5238916233065538,1.846,mnist__cnn1__linf__0.05__model_seed42_itr20_w212.bin
mnist,cnn1,model_seed42_itr20,linf,0.05,1,375,-5.432206969708204,5.045625496422872,-5.432206969708204,5.045625496422872,true,true,-0.5238916233065538,-0.5238916233065538,0.5238916233065538,0.5238916233065538,WRONG,WRONG,false,false,-0.5238916233065538,0.5238916233065538,false,false,true,5.551115123125783e-17,0.5238916233065538,1.213,mnist__cnn1__linf__0.05__model_seed42_itr20_w213.bin
mnist,cnn1,model_seed42_itr20,linf,0.05,1,376,-5.432206969708204,5.045625496422872,-5.432206969708204,5.045625496422872,true,true,-0.5238916233065538,-0.5238916233065538,5.045625496422872,0.5238916233065538,WRONG,WRONG,false,false,-0.5238916233065537,0.5238916233065538,false,false,true,0.0,0.5238916233065538,1.037,mnist__cnn1__linf__0.05__model_seed42_itr20_w214.bin
mnist,cnn1,model_seed42_itr20,linf,0.05,1,377,-5.432206969708204,5.045625496422872,-5.432206969708204,5.045625496422872,true,true,-5.045625496422872,-0.5238916233065539,0.5238916233065538,0.5169051987614498,WRONG,WRONG,false,false,-0.5238916233065539,0.5238916233065538,false,false,true,5.551115123125783e-17,0.5238916233065538,0.615,mnist__cnn1__linf__0.05__model_seed42_itr20_w215.bin
mnist,cnn1,model_seed42_itr20,linf,0.05,1,378,-5.432206969708204,5.045625496422872,-5.432206969708204,5.045625496422872,true,true,-0.5238916233065538,-0.5238916233065538,0.5238916233065535,0.5238916233065535,WRONG,WRONG,false,false,-0.5238916233065538,0.5238916233065535,false,false,true,8.326672684688674e-17,0.5238916233065538,1.292,mnist__cnn1__linf__0.05__model_seed42_itr20_w216.bin
mnist,cnn1,model_seed42_itr20,linf,0.05,1,379,-5.432206969708204,5.045625496422872,-5.432206969708204,5.045625496422872,true,true,-5.045625496422872,-0.5238916233065538,5.045625496422872,0.5238916233065538,WRONG,WRONG,false,false,-0.5238916233065538,0.5238916233065538,false,false,true,0.12310595213195835,0.6469975754385118,0.573,mnist__cnn1__linf__0.05__model_seed42_itr20_w217.bin
mnist,cnn1,model_seed42_itr20,linf,0.05,1,380,-5.432206969708204,5.045625496422872,-5.432206969708204,5.045625496422872,true,true,-5.045625496422872,-0.5238916233065537,5.045625496422872,0.5212798438262842,WRONG,WRONG,false,false,-0.5238916233065537,0.5238916233065536,false,false,true,0.7909253923242705,1.3148170156308243,0.54,mnist__cnn1__linf__0.05__model_seed42_itr20_w218.bin
mnist,cnn1,model_seed42_itr20,linf,0.05,1,381,-5.432206969708204,5.045625496422872,-5.432206969708204,5.045625496422872,true,true,-0.5238916233065546,-0.5238916233065546,0.5238916233065538,0.5238916233065538,WRONG,WRONG,false,false,-0.5238916233065546,0.5238916233065538,false,false,true,0.0,0.5238916233065545,2.152,mnist__cnn1__linf__0.05__model_seed42_itr20_w219.bin
mnist,cnn1,model_seed42_itr20,linf,0.05,1,382,-5.432206969708204,5.045625496422872,-5.432206969708204,5.045625496422872,true,true,-0.5238916233065539,-0.5238916233065539,0.5238916233065538,0.5238916233065538,WRONG,WRONG,false,false,-0.5238916233065541,0.5238916233065538,false,false,true,5.551115123125783e-17,0.5238916233065539,1.444,mnist__cnn1__linf__0.05__model_seed42_itr20_w220.bin
mnist,cnn1,model_seed42_itr20,linf,0.05,1,383,-5.432206969708204,5.045625496422872,-5.432206969708204,5.045625496422872,true,true,-0.5238916233065537,-0.5238916233065537,0.5238916233065538,0.5238916233065538,WRONG,WRONG,false,false,-0.5238916233065538,0.5238916233065537,false,false,true,1.1102230246251565e-16,0.5238916233065538,1.127,mnist__cnn1__linf__0.05__model_seed42_itr20_w221.bin
mnist,cnn1,model_seed42_itr20,linf,0.05,1,384,-5.432206969708204,5.045625496422872,-5.432206969708204,5.045625496422872,true,true,-0.5238916233065534,-0.5238916233065534,0.5238916233065538,0.5238916233065538,WRONG,WRONG,false,false,-0.5238916233065538,0.5238916233065538,false,false,true,0.0,0.5238916233065535,1.607,mnist__cnn1__linf__0.05__model_seed42_itr20_w222.bin
mnist,cnn1,model_seed42_itr20,linf,0.05,1,385,-5.432206969708204,5.045625496422872,-5.432206969708204,5.045625496422872,true,true,-0.5238916233065539,-0.5238916233065539,0.5238916233065536,0.5238916233065536,WRONG,WRONG,false,false,-0.5238916233065539,0.5238916233065536,false,false,true,1.1102230246251565e-16,0.5238916233065539,1.433,mnist__cnn1__linf__0.05__model_seed42_itr20_w223.bin
mnist,cnn1,model_seed42_itr20,linf,0.05,1,386,-5.432206969708204,5.045625496422872,-5.432206969708204,5.045625496422872,true,true,-0.5238916233065537,-0.5238916233065537,0.5238916233065538,0.5238916233065538,WRONG,WRONG,false,false,-0.5238916233065537,0.5238916233065538,false,false,true,0.0,0.5238916233065537,1.685,mnist__cnn1__linf__0.05__model_seed42_itr20_w224.bin
mnist,cnn1,model_seed42_itr20,linf,0.05,1,387,-5.432206969708204,5.045625496422872,-5.432206969708204,5.045625496422872,true,true,-0.5238916233065538,-0.5238916233065538,0.5238916233065538,0.5238916233065538,WRONG,WRONG,false,false,-0.5238916233065539,0.5238916233065538,false,false,true,4.163336342344337e-17,0.5238916233065538,1.772,mnist__cnn1__linf__0.05__model_seed42_itr20_w225.bin
mnist,cnn1,model_seed42_itr20,linf,0.05,1,388,-5.432206969708204,5.045625496422872,-5.432206969708204,5.045625496422872,true,true,-0.5238916233065538,-0.5238916233065538,0.5238916233065529,0.5238916233065529,WRONG,WRONG,false,false,-0.5238916233065538,0.5238916233065537,false,false,true,0.0,0.5238916233065537,1.794,mnist__cnn1__linf__0.05__model_seed42_itr20_w226.bin
mnist,cnn1,model_seed42_itr20,linf,0.05,1,389,-5.432206969708204,5.045625496422872,-5.432206969708204,5.045625496422872,true,true,-0.5238916233065539,-0.5238916233065539,0.5238916233065539,0.5238916233065539,WRONG,WRONG,false,false,-0.5238916233065539,0.5238916233065539,false,false,true,0.0,0.5238916233065539,1.372,mnist__cnn1__linf__0.05__model_seed42_itr20_w227.bin
mnist,cnn1,model_seed42_itr20,linf,0.05,1,390,-5.432206969708204,5.045625496422872,-5.432206969708204,5.045625496422872,true,true,-0.5238916233065539,-0.5238916233065539,5.045625496422872,0.5169051987614499,WRONG,WRONG,false,false,-0.523891623306554,0.5238916233065539,false,false,true,0.08795224151909162,0.6118438648256455,1.466,mnist__cnn1__linf__0.05__model_seed42_itr20_w228.bin
mnist,cnn1,model_seed42_itr20,linf,0.05,1,391,-5.432206969708204,5.045625496422872,-5.432206969708204,5.045625496422872,true,true,-0.5238916233065537,-0.5238916233065537,0.5238916233065541,0.5238916233065541,WRONG,WRONG,false,false,-0.5238916233065537,0.5238916233065541,false,false,true,0.0,0.5238916233065536,1.63,mnist__cnn1__linf__0.05__model_seed42_itr20_w229.bin
mnist,cnn1,model_seed42_itr20,linf,0.05,1,392,-5.432206969708204,5.045625496422872,-5.432206969708204,5.045625496422872,true,true,-5.045625496422872,-0.4330253493803953,5.045625496422872,0.5238916233065538,WRONG,WRONG,false,false,-0.523891623306554,0.5238916233065538,false,false,true,9.020562075079397e-16,0.43302534938039533,0.433,mnist__cnn1__linf__0.05__model_seed42_itr20_w230.bin
mnist,cnn1,model_seed42_itr20,linf,0.05,1,393,-5.432206969708204,5.045625496422872,-5.432206969708204,5.045625496422872,true,true,-0.5238916233065538,-0.5238916233065538,0.5238916233065538,0.5238916233065538,WRONG,WRONG,false,false,-0.5238916233065538,0.5238916233065538,false,false,true,0.0,0.5238916233065538,1.482,mnist__cnn1__linf__0.05__model_seed42_itr20_w231.bin
mnist,cnn1,model_seed42_itr20,linf,0.05,1,394,-5.432206969708204,5.045625496422872,-5.432206969708204,5.045625496422872,true,true,-0.5238916233065538,-0.5238916233065538,0.5238916233065537,0.5238916233065537,WRONG,WRONG,false,false,-0.5238916233065538,0.5238916233065537,false,false,true,5.551115123125783e-17,0.5238916233065538,1.998,mnist__cnn1__linf__0.05__model_seed42_itr20_w232.bin
mnist,cnn1,model_seed42_itr20,linf,0.05,1,395,-5.432206969708204,5.045625496422872,-5.432206969708204,5.045625496422872,true,true,-0.5238916233065538,-0.5238916233065538,0.5238916233065543,0.5238916233065543,WRONG,WRONG,false,false,-0.5238916233065538,0.5238916233065543,false,false,true,1.1102230246251565e-16,0.5238916233065538,1.729,mnist__cnn1__linf__0.05__model_seed42_itr20_w233.bin
mnist,cnn1,model_seed42_itr20,linf,0.05,1,396,-5.432206969708204,5.045625496422872,-5.432206969708204,5.045625496422872,true,true,-0.5238916233065538,-0.5238916233065538,0.5238916233065539,0.5238916233065539,WRONG,WRONG,false,false,-0.5238916233065538,0.5238916233065539,false,false,true,2.7755575615628914e-17,0.5238916233065538,1.44,mnist__cnn1__linf__0.05__model_seed42_itr20_w234.bin
mnist,cnn1,model_seed42_itr20,linf,0.05,1,397,-5.432206969708204,5.045625496422872,-5.432206969708204,5.045625496422872,true,true,-5.045625496422872,-0.5238916233065543,5.045625496422872,0.5238916233065536,WRONG,WRONG,false,false,-0.5238916233065543,0.5238916233065536,false,false,true,1.0974651619074658,1.6213567852140196,0.537,mnist__cnn1__linf__0.05__model_seed42_itr20_w235.bin
mnist,cnn1,model_seed42_itr20,linf,0.05,1,398,-5.432206969708204,5.045625496422872,-5.432206969708204,5.045594679773811,true,false,-5.045594679773811,-0.5238916233065538,5.045625496422872,0.5238916233065534,WRONG,n/a,false,false,-0.5238916233065538,NaN,false,n/a,true,0.0,0.5238916233065538,0.494,mnist__cnn1__linf__0.05__model_seed42_itr20_w236.bin
mnist,cnn1,model_seed42_itr20,linf,0.05,1,399,-5.432206969708204,5.045625496422872,-5.432206969708204,5.045625496422872,true,true,-5.045625496422872,-0.5238916233065538,0.5238916233065538,0.5238916233065538,WRONG,WRONG,false,false,-0.5238916233065539,0.5238916233065538,false,false,true,4.163336342344337e-17,0.5238916233065537,0.903,mnist__cnn1__linf__0.05__model_seed42_itr20_w237.bin
mnist,cnn1,model_seed42_itr20,linf,0.05,1,400,-5.432206969708204,5.045625496422872,-5.432206969708204,5.045625496422872,true,true,-0.5238916233065528,-0.5238916233065528,0.5238916233065538,0.5238916233065538,WRONG,WRONG,false,false,-0.5238916233065528,0.5238916233065538,false,false,true,0.0,0.5238916233065528,1.793,mnist__cnn1__linf__0.05__model_seed42_itr20_w238.bin
mnist,cnn1,model_seed42_itr20,linf,0.05,1,401,-5.432206969708204,5.045625496422872,-5.432206969708204,5.045625496422872,true,true,-0.5238916233065536,-0.5238916233065536,0.5238916233065531,0.5238916233065531,WRONG,WRONG,false,false,-0.5238916233065538,0.5238916233065538,false,false,true,0.0,0.5238916233065538,1.203,mnist__cnn1__linf__0.05__model_seed42_itr20_w239.bin
mnist,cnn1,model_seed42_itr20,linf,0.05,1,402,-5.432206969708204,5.045625496422872,-5.432206969708204,5.045625496422872,true,true,-5.045625496422872,-0.5238916233065538,5.045625496422872,0.43302534938039483,WRONG,WRONG,false,false,-0.5238916233065538,0.5238916233065538,false,false,true,0.0,0.5238916233065538,0.382,mnist__cnn1__linf__0.05__model_seed42_itr20_w240.bin
mnist,cnn1,model_seed42_itr20,linf,0.05,1,403,-5.432206969708204,5.045625496422872,-5.432206969708204,5.045625496422872,true,true,-0.5238916233065538,-0.5238916233065538,0.5238916233065537,0.5238916233065537,WRONG,WRONG,false,false,-0.5238916233065538,0.5238916233065537,false,false,true,5.551115123125783e-17,0.5238916233065538,1.75,mnist__cnn1__linf__0.05__model_seed42_itr20_w241.bin
mnist,cnn1,model_seed42_itr20,linf,0.05,1,404,-5.432206969708204,5.045625496422872,-5.432206969708204,5.045625496422872,true,true,-0.5238916233065539,-0.5238916233065539,0.5238916233065539,0.5238916233065539,WRONG,WRONG,false,false,-0.5238916233065539,0.5238916233065538,false,false,true,4.163336342344337e-17,0.5238916233065538,2.144,mnist__cnn1__linf__0.05__model_seed42_itr20_w242.bin
mnist,cnn1,model_seed42_itr20,linf,0.05,1,405,-5.432206969708204,5.045625496422872,-5.432206969708204,5.045625496422872,true,true,-0.5238916233065538,-0.5238916233065538,0.5238916233065538,0.5238916233065538,WRONG,WRONG,false,false,-0.5238916233065538,0.5238916233065538,false,false,true,5.551115123125783e-17,0.5238916233065538,1.9,mnist__cnn1__linf__0.05__model_seed42_itr20_w243.bin
mnist,cnn1,model_seed42_itr20,linf,0.05,1,406,-4.276124496012926,4.333969589322805,-4.276124496012926,4.333969589322805,true,true,-4.333969589322805,-0.41989936614445106,4.333969589322805,0.43007000796522526,WRONG,WRONG,false,false,-0.43050470426678666,0.4305047042667866,false,false,true,0.0,0.419899366144451,0.451,mnist__cnn1__linf__0.05__model_seed42_itr20_w244.bin
mnist,cnn1,model_seed42_itr20,linf,0.05,1,407,-4.276124496012926,4.333969589322805,-4.276124496012926,4.333969589322805,true,true,-4.333969589322805,-0.43050470426678666,4.333969589322805,0.426812410430079,WRONG,WRONG,false,false,-0.43050470426678666,0.43050470426678655,false,false,true,0.5978933990679336,1.0283981033347203,0.412,mnist__cnn1__linf__0.05__model_seed42_itr20_w245.bin
mnist,cnn1,model_seed42_itr20,linf,0.05,1,408,-4.276124496012926,4.333969589322805,-4.276124496012926,4.333969589322805,true,true,-0.43050470426678666,-0.43050470426678666,0.43050470426678655,0.43050470426678655,WRONG,WRONG,false,false,-0.43050470426678655,0.43050470426678655,false,false,true,1.3877787807814457e-17,0.4305047042667867,1.516,mnist__cnn1__linf__0.05__model_seed42_itr20_w246.bin
mnist,cnn1,model_seed42_itr20,linf,0.05,1,409,-4.276124496012926,4.333969589322805,-4.276124496012926,4.333969589322805,true,true,-4.333969589322805,-0.43050470426678655,4.333969589322805,0.3845808221467575,WRONG,WRONG,false,false,-0.43050470426678655,0.4305047042667866,false,false,true,0.5921712003746078,1.0226759046413942,0.476,mnist__cnn1__linf__0.05__model_seed42_itr20_w247.bin
mnist,cnn1,model_seed42_itr20,linf,0.05,1,410,-4.276124496012926,4.333969589322805,-4.276124496012926,4.333969589322805,true,true,-4.333969589322805,-0.43050470426678655,4.333969589322805,0.4094923705081514,WRONG,WRONG,false,false,-0.43050470426678655,0.4305047042667866,false,false,true,0.5978933990679337,1.0283981033347205,1.227,mnist__cnn1__linf__0.05__model_seed42_itr20_w248.bin
mnist,cnn1,model_seed42_itr20,linf,0.05,1,411,-4.276124496012926,4.333969589322805,-4.276124496012926,4.333969589322805,true,true,-4.333969589322805,-0.43050470426678666,4.333969589322805,0.43050470426678666,WRONG,WRONG,false,false,-0.43050470426678666,0.43050470426678666,false,false,true,0.5684480326879046,0.9989527369546911,0.267,mnist__cnn1__linf__0.05__model_seed42_itr20_w249.bin
mnist,cnn1,model_seed42_itr20,linf,0.05,1,412,-4.276124496012926,4.333969589322805,-4.276124496012926,4.333969589322805,true,true,-4.333969589322805,-0.43050470426678666,4.333969589322805,0.42920043511868133,WRONG,WRONG,false,false,-0.43050470426678666,0.43050470426678655,false,false,true,0.254017342127978,0.6845220463947648,0.303,mnist__cnn1__linf__0.05__model_seed42_itr20_w250.bin
mnist,cnn1,model_seed42_itr20,linf,0.05,1,413,-4.276124496012926,4.333969589322805,-4.276124496012926,4.333969589322805,true,true,-4.333969589322805,-0.4305047042667866,4.333969589322805,0.418148744743216,WRONG,WRONG,false,false,-0.4305047042667866,0.43050470426678666,false,false,true,0.0,0.43050470426678655,0.843,mnist__cnn1__linf__0.05__model_seed42_itr20_w251.bin
mnist,cnn1,model_seed42_itr20,linf,0.05,1,414,-4.276124496012926,4.333969589322805,-4.276124496012926,4.333969589322805,true,true,-4.333969589322805,-0.4305047042667866,4.333969589322805,0.38642258110213556,WRONG,WRONG,false,false,-0.4305047042667866,0.43050470426678655,false,false,true,0.48940990705676696,0.9199146113235536,0.521,mnist__cnn1__linf__0.05__model_seed42_itr20_w252.bin
mnist,cnn1,model_seed42_itr20,linf,0.05,1,415,-4.276124496012926,4.333969589322805,-4.276124496012926,4.333969589322805,true,true,-4.333969589322805,-0.43007000796522526,4.333969589322805,0.43050470426678655,WRONG,WRONG,false,false,-0.4305047042667866,0.4305047042667866,false,false,true,6.938893903907228e-18,0.4300700079652252,0.67,mnist__cnn1__linf__0.05__model_seed42_itr20_w253.bin
mnist,cnn1,model_seed42_itr20,linf,0.05,1,416,-4.276124496012926,4.333969589322805,-4.276124496012926,4.333969589322805,true,true,-0.43050470426678655,-0.43050470426678655,0.43050470426678583,0.43050470426678583,WRONG,WRONG,false,false,-0.43050470426678655,0.43050470426678583,false,false,true,4.85722573273506e-17,0.4305047042667866,1.536,mnist__cnn1__linf__0.05__model_seed42_itr20_w254.bin
mnist,cnn1,model_seed42_itr20,linf,0.05,1,417,-4.276124496012926,4.333969589322805,-4.276124496012926,4.333969589322805,true,true,-4.333969589322805,-0.4305047042667866,4.333969589322805,0.40732276396103784,WRONG,WRONG,false,false,-0.4305047042667866,0.43050470426678666,false,false,true,6.938893903907228e-18,0.4305047042667866,0.563,mnist__cnn1__linf__0.05__model_seed42_itr20_w255.bin
mnist,cnn1,model_seed42_itr20,linf,0.05,1,418,-4.276124496012926,4.333969589322805,-4.276124496012926,4.333969589322805,true,true,-4.333969589322805,-0.427194077799234,4.333969589322805,0.39199916628170683,WRONG,WRONG,false,false,-0.43050470426678655,0.43050470426678666,false,false,true,0.9082506016945902,1.335444679493824,0.506,mnist__cnn1__linf__0.05__model_seed42_itr20_w256.bin
mnist,cnn1,model_seed42_itr20,linf,0.05,1,419,-4.276124496012926,4.333969589322805,-4.276124496012926,4.333969589322805,true,true,-4.333969589322805,-0.4305047042667866,4.333969589322805,0.41989936614445117,WRONG,WRONG,false,false,-0.4305047042667866,0.43050470426678633,false,false,true,0.0,0.43050470426678655,0.748,mnist__cnn1__linf__0.05__model_seed42_itr20_w257.bin
mnist,cnn1,model_seed42_itr20,linf,0.05,1,420,-4.276124496012926,4.333969589322805,-4.276124496012926,4.333969589322805,true,true,-4.333969589322805,-0.43007000796522515,4.333969589322805,0.3774286224802337,WRONG,WRONG,false,false,-0.4305047042667866,0.43050470426678655,false,false,true,0.0,0.4300700079652252,0.765,mnist__cnn1__linf__0.05__model_seed42_itr20_w258.bin
mnist,cnn1,model_seed42_itr20,linf,0.05,1,421,-4.276124496012926,4.333969589322805,-4.276124496012926,4.333969589322805,true,true,-4.333969589322805,-0.43050470426678666,4.333969589322805,0.41989936614445095,WRONG,WRONG,false,false,-0.43050470426678666,0.4305047042667866,false,false,true,9.71445146547012e-17,0.43050470426678666,0.578,mnist__cnn1__linf__0.05__model_seed42_itr20_w259.bin
mnist,cnn1,model_seed42_itr20,linf,0.05,1,422,-4.276124496012926,4.333969589322805,-4.276124496012926,4.333969589322805,true,true,-4.333969589322805,-0.42653333246671465,4.333969589322805,0.3713255091462342,WRONG,WRONG,false,false,-0.4305047042667864,0.4305047042667867,false,false,true,0.8202039684876484,1.246737300954363,0.817,mnist__cnn1__linf__0.05__model_seed42_itr20_w260.bin
mnist,cnn1,model_seed42_itr20,linf,0.05,1,423,-4.276124496012926,4.333969589322805,-4.276124496012926,4.333969589322805,true,true,-4.333969589322805,-0.43050470426678655,0.43050470426678655,0.43050470426678655,WRONG,WRONG,false,false,-0.4305047042667871,0.43050470426678655,false,false,true,0.0,0.43050470426678655,1.083,mnist__cnn1__linf__0.05__model_seed42_itr20_w261.bin
mnist,cnn1,model_seed42_itr20,linf,0.05,1,424,-4.276124496012926,4.333969589322805,-4.276124496012926,4.333969589322805,true,true,-4.333969589322805,-0.4305047042667866,4.333969589322805,0.4300700079652252,WRONG,WRONG,false,false,-0.4305047042667866,0.43050470426678655,false,false,true,4.163336342344337e-17,0.43050470426678655,0.588,mnist__cnn1__linf__0.05__model_seed42_itr20_w262.bin
mnist,cnn1,model_seed42_itr20,linf,0.05,1,425,-4.276124496012926,4.333969589322805,-4.276124496012926,4.333969589322805,true,true,-4.333969589322805,-0.42341867694755214,4.333969589322805,0.32302795536931717,WRONG,WRONG,false,false,-0.43050470426678766,0.43050470426678655,false,false,true,0.24171518935493144,0.6651338663024835,0.636,mnist__cnn1__linf__0.05__model_seed42_itr20_w263.bin
mnist,cnn1,model_seed42_itr20,linf,0.05,1,426,-4.276124496012926,4.333969589322805,-4.276124496012926,4.333969589322805,true,true,-4.333969589322805,-0.43050470426678655,4.333969589322805,0.4198993661444511,WRONG,WRONG,false,false,-0.43050470426678655,0.43050470426678644,false,false,true,0.553007814971063,0.9835125192378494,0.427,mnist__cnn1__linf__0.05__model_seed42_itr20_w264.bin
mnist,cnn1,model_seed42_itr20,linf,0.05,1,427,-4.276124496012926,4.333969589322805,-4.276124496012926,4.333969589322805,true,true,-4.333969589322805,-0.43050470426678666,4.333969589322805,0.4205744063909185,WRONG,WRONG,false,false,-0.43050470426678666,0.43050470426678655,false,false,true,1.0954805400668737,1.5259852443336603,0.663,mnist__cnn1__linf__0.05__model_seed42_itr20_w265.bin
mnist,cnn1,model_seed42_itr20,linf,0.05,1,428,-4.276124496012926,4.333969589322805,-4.276124496012926,4.333969589322805,true,true,-4.333969589322805,-0.43050470426678644,4.333969589322805,0.41292783988591686,WRONG,WRONG,false,false,-0.43050470426678644,0.43050470426678655,false,false,true,0.5978933990679337,1.0283981033347205,0.75,mnist__cnn1__linf__0.05__model_seed42_itr20_w266.bin
mnist,cnn1,model_seed42_itr20,linf,0.05,1,429,-4.276124496012926,4.333969589322805,-4.276124496012926,4.333969589322805,true,true,-4.333969589322805,-0.43050470426678655,0.43050470426678666,0.43050470426678666,WRONG,WRONG,false,false,-0.43050470426678655,0.43050470426678666,false,false,true,0.0,0.43050470426678655,0.936,mnist__cnn1__linf__0.05__model_seed42_itr20_w267.bin
mnist,cnn1,model_seed42_itr20,linf,0.05,1,430,-4.276124496012926,4.333969589322805,-4.276124496012926,4.333969589322805,true,true,-4.333969589322805,-0.42705397539133905,4.333969589322805,0.42211359843980145,WRONG,WRONG,false,false,-0.4305047042667863,0.43050470426678666,false,false,true,0.9004276586990333,1.3274816340903723,1.127,mnist__cnn1__linf__0.05__model_seed42_itr20_w268.bin
mnist,cnn1,model_seed42_itr20,linf,0.05,1,431,-4.276124496012926,4.333969589322805,-4.276124496012926,4.333969589322805,true,true,-4.333969589322805,-0.4300700079652252,0.4305047042667866,0.4305047042667866,WRONG,WRONG,false,false,-0.4305047042667859,0.4305047042667866,false,false,true,6.938893903907228e-18,0.43007000796522526,0.816,mnist__cnn1__linf__0.05__model_seed42_itr20_w269.bin
mnist,cnn1,model_seed42_itr20,linf,0.05,1,432,-4.276124496012926,4.333969589322805,-4.276124496012926,4.333969589322805,true,true,-4.333969589322805,-0.43050470426678655,4.333969589322805,0.4181832899076907,WRONG,WRONG,false,false,-0.43050470426678655,0.4305047042667866,false,false,true,0.0,0.43050470426678655,0.557,mnist__cnn1__linf__0.05__model_seed42_itr20_w270.bin
mnist,cnn1,model_seed42_itr20,linf,0.05,1,433,-4.276124496012926,4.333969589322805,-4.276124496012926,4.333969589322805,true,true,-0.4305047042667848,-0.4305047042667848,0.4305047042667866,0.4305047042667866,WRONG,WRONG,false,false,-0.4305047042667848,0.4305047042667866,false,false,true,0.0,0.4305047042667848,1.55,mnist__cnn1__linf__0.05__model_seed42_itr20_w271.bin
mnist,cnn1,model_seed42_itr20,linf,0.05,1,434,-4.276124496012926,4.333969589322805,-4.276124496012926,4.333969589322805,true,true,-4.333969589322805,-0.43050470426678666,4.333969589322805,0.41974371355999174,WRONG,WRONG,false,false,-0.43050470426678666,0.43050470426678655,false,false,true,0.5978933990679339,1.0283981033347205,0.434,mnist__cnn1__linf__0.05__model_seed42_itr20_w272.bin
mnist,cnn1,model_seed42_itr20,linf,0.05,1,435,-4.276124496012926,4.333969589322805,-4.276124496012926,4.333969589322805,true,true,-4.333969589322805,-0.4305047042667809,4.333969589322805,0.4198993661444511,WRONG,WRONG,false,false,-0.4305047042667809,0.43050470426678666,false,false,true,0.49513210575009475,0.9256368100168815,0.365,mnist__cnn1__linf__0.05__model_seed42_itr20_w273.bin
mnist,cnn1,model_seed42_itr20,linf,0.05,1,436,-4.276124496012926,4.333969589322805,-4.276124496012926,4.333969589322805,true,true,-4.333969589322805,-0.4261201088515678,4.333969589322805,0.35419311673884524,WRONG,WRONG,false,false,-0.43050470426678666,0.4305047042667868,false,false,true,0.29324432118990845,0.7193644300414761,1.225,mnist__cnn1__linf__0.05__model_seed42_itr20_w274.bin
mnist,cnn1,model_seed42_itr20,linf,0.05,1,437,-4.276124496012926,4.333969589322805,-4.276124496012926,4.333969589322805,true,true,-4.333969589322805,-0.43050470426678655,4.333969589322805,0.41989936614445106,WRONG,WRONG,false,false,-0.43050470426678655,0.4305047042668095,false,false,true,0.0,0.43050470426678644,0.501,mnist__cnn1__linf__0.05__model_seed42_itr20_w275.bin
mnist,cnn1,model_seed42_itr20,linf,0.05,1,438,-4.276124496012926,4.333969589322805,-4.276124496012926,4.333969589322805,true,true,-4.333969589322805,-0.3984438027115208,4.333969589322805,0.2323327495851211,WRONG,WRONG,false,false,-0.430504704266788,0.43050470426678666,false,false,true,0.0838291425511973,0.4822729452627182,1.038,mnist__cnn1__linf__0.05__model_seed42_itr20_w276.bin
mnist,cnn1,model_seed42_itr20,linf,0.05,1,439,-4.276124496012926,4.333969589322805,-4.276124496012926,4.333969589322805,true,true,-4.333969589322805,-0.425815061277288,4.333969589322805,0.4163291030740349,WRONG,WRONG,false,false,-0.4305047042667866,0.4305047042667863,false,false,true,0.21570389718694294,0.641518958464231,1.679,mnist__cnn1__linf__0.05__model_seed42_itr20_w277.bin
mnist,cnn1,model_seed42_itr20,linf,0.05,1,440,-4.276124496012926,4.333969589322805,-4.276124496012926,4.333969589322805,true,true,-4.333969589322805,-0.4305047042667866,4.333969589322805,0.4283545324805679,WRONG,WRONG,false,false,-0.4305047042667866,0.43050470426678655,false,false,true,0.3407257097212674,0.771230413988054,0.617,mnist__cnn1__linf__0.05__model_seed42_itr20_w278.bin
mnist,cnn1,model_seed42_itr20,linf,0.05,1,441,-4.276124496012926,4.333969589322805,-4.276124496012926,4.333969589322805,true,true,-4.333969589322805,-0.4207057142876163,4.333969589322805,0.3431530106749625,WRONG,WRONG,false,false,-0.43050470426678666,0.4305047042667866,false,false,true,0.7959588816189912,1.2166645959066074,1.322,mnist__cnn1__linf__0.05__model_seed42_itr20_w279.bin
mnist,cnn1,model_seed42_itr20,linf,0.05,1,442,-4.276124496012926,4.333969589322805,-4.276124496012926,4.333969589322805,true,true,-4.333969589322805,-0.4300700079652253,4.333969589322805,0.4305047042667866,WRONG,WRONG,false,false,-0.4305047042667866,0.43050470426678666,false,false,true,0.020236999734725647,0.45030700769995097,0.698,mnist__cnn1__linf__0.05__model_seed42_itr20_w280.bin
mnist,cnn1,model_seed42_itr20,linf,0.05,1,443,-4.276124496012926,4.333969589322805,-4.276124496012926,4.333969589322805,true,true,-4.333969589322805,-0.43050470426678655,4.333969589322805,0.41989936614445095,WRONG,WRONG,false,false,-0.43050470426678655,0.43050470426678655,false,false,true,0.0,0.4305047042667865,0.32,mnist__cnn1__linf__0.05__model_seed42_itr20_w281.bin
mnist,cnn1,model_seed42_itr20,linf,0.05,1,444,-4.276124496012926,4.333969589322805,-4.276124496012926,4.333969589322805,true,true,-4.333969589322805,-0.38252832087160804,4.333969589322805,0.274000862831404,WRONG,WRONG,false,false,-0.4305047042667866,0.4305047042667866,false,false,true,0.027149088082101265,0.4096774089537093,0.474,mnist__cnn1__linf__0.05__model_seed42_itr20_w282.bin
mnist,cnn1,model_seed42_itr20,linf,0.05,1,445,-4.276124496012926,4.333969589322805,-4.276124496012926,4.333969589322805,true,true,-4.333969589322805,-0.4305047042667866,4.333969589322805,0.3864225811021357,WRONG,WRONG,false,false,-0.4305047042667866,0.4305047042667864,false,false,true,0.4907666473937234,0.92127135166051,0.615,mnist__cnn1__linf__0.05__model_seed42_itr20_w283.bin
mnist,cnn1,model_seed42_itr20,linf,0.05,1,446,-4.276124496012926,4.333969589322805,-4.276124496012926,4.333969589322805,true,true,-0.43050470426678644,-0.43050470426678644,0.4305047042667866,0.4305047042667866,WRONG,WRONG,false,false,-0.43050470426678644,0.4305047042667866,false,false,true,0.0,0.43050470426678644,2.27,mnist__cnn1__linf__0.05__model_seed42_itr20_w284.bin
mnist,cnn1,model_seed42_itr20,linf,0.05,1,447,-4.276124496012926,4.333969589322805,-4.276124496012926,4.333969589322805,true,true,-4.333969589322805,-0.43050470426678666,4.333969589322805,0.4305047042667866,WRONG,WRONG,false,false,-0.43050470426678666,0.4305047042667866,false,false,true,0.0,0.43050470426678655,0.477,mnist__cnn1__linf__0.05__model_seed42_itr20_w285.bin
mnist,cnn1,model_seed42_itr20,linf,0.05,1,448,-4.276124496012926,4.333969589322805,-4.276124496012926,4.333969589322805,true,true,-4.333969589322805,-0.43050470426678655,4.333969589322805,0.4305047042667866,WRONG,WRONG,false,false,-0.43050470426678655,0.4305047042667866,false,false,true,2.0816681711721685e-17,0.43050470426678655,0.667,mnist__cnn1__linf__0.05__model_seed42_itr20_w286.bin
mnist,cnn1,model_seed42_itr20,linf,0.05,1,449,-4.276124496012926,4.333969589322805,-4.276124496012926,4.333969589322805,true,true,-4.333969589322805,-0.43050470426678655,4.333969589322805,0.4305047042667866,WRONG,WRONG,false,false,-0.43050470426678655,0.4305047042667866,false,false,true,0.0,0.43050470426678655,0.583,mnist__cnn1__linf__0.05__model_seed42_itr20_w287.bin
mnist,cnn1,model_seed42_itr20,linf,0.05,1,450,-4.276124496012926,4.333969589322805,-4.276124496012926,4.333969589322805,true,true,-4.333969589322805,-0.41896707988957504,4.333969589322805,0.429200435118684,WRONG,WRONG,false,false,-0.4305047042667866,0.43050470426678655,false,false,true,0.5819707946494346,1.0009378745390098,0.683,mnist__cnn1__linf__0.05__model_seed42_itr20_w288.bin
mnist,cnn1,model_seed42_itr20,linf,0.05,1,451,-4.276124496012926,4.333969589322805,-4.276124496012926,4.333969589322805,true,true,-4.333969589322805,-0.4305047042667866,4.333969589322805,0.419899366144451,WRONG,WRONG,false,false,-0.4305047042667866,0.43050470426678666,false,false,true,0.0,0.43050470426678655,0.397,mnist__cnn1__linf__0.05__model_seed42_itr20_w289.bin
mnist,cnn1,model_seed42_itr20,linf,0.05,1,452,-4.276124496012926,4.333969589322805,-4.276124496012926,4.333969589322805,true,true,-4.333969589322805,-0.42958420433705524,4.333969589322805,0.4153281048571751,WRONG,WRONG,false,false,-0.43050470426678683,0.4305047042667866,false,false,true,1.041708862251886,1.4712930665889408,0.654,mnist__cnn1__linf__0.05__model_seed42_itr20_w290.bin
mnist,cnn1,model_seed42_itr20,linf,0.05,1,453,-4.276124496012926,4.333969589322805,-4.276124496012926,4.333969589322805,true,true,-4.333969589322805,-0.43050470426678655,0.4305047042667866,0.4305047042667866,WRONG,WRONG,false,false,-0.43050470426678666,0.4305047042667866,false,false,true,2.0816681711721685e-17,0.43050470426678655,0.716,mnist__cnn1__linf__0.05__model_seed42_itr20_w291.bin
mnist,cnn1,model_seed42_itr20,linf,0.05,1,454,-4.276124496012926,4.333969589322805,-4.276124496012926,4.333969589322805,true,true,-4.333969589322805,-0.4233741540520247,4.333969589322805,0.34231979223709186,WRONG,WRONG,false,false,-0.43050470426678655,0.4305047042667866,false,false,true,0.8347031509244965,1.258077304976521,0.541,mnist__cnn1__linf__0.05__model_seed42_itr20_w292.bin
mnist,cnn1,model_seed42_itr20,linf,0.05,1,455,-4.276124496012926,4.333969589322805,-4.276124496012926,4.333969589322805,true,true,-4.333969589322805,-0.43050470426678655,4.333969589322805,0.41588782272479097,WRONG,WRONG,false,false,-0.43050470426678655,0.4305047042667866,false,false,true,0.0,0.4305047042667865,0.463,mnist__cnn1__linf__0.05__model_seed42_itr20_w293.bin
mnist,cnn1,model_seed42_itr20,linf,0.05,1,456,-4.276124496012926,4.333969589322805,-4.276124496012926,4.333969589322805,true,true,-4.333969589322805,-0.4176514071058045,4.333969589322805,0.3292726199358166,WRONG,WRONG,false,false,-0.4305047042667868,0.4305047042667865,false,false,true,0.16819678319242906,0.5858481902982335,0.406,mnist__cnn1__linf__0.05__model_seed42_itr20_w294.bin
mnist,cnn1,model_seed42_itr20,linf,0.05,1,457,-4.276124496012926,4.333969589322805,-4.276124496012926,4.333969589322805,true,true,-4.333969589322805,-0.4305047042667866,4.333969589322805,0.41814874474321595,WRONG,WRONG,false,false,-0.4305047042667866,0.43050470426678655,false,false,true,0.0,0.43050470426678644,0.431,mnist__cnn1__linf__0.05__model_seed42_itr20_w295.bin
mnist,cnn1,model_seed42_itr20,linf,0.05,1,458,-4.276124496012926,4.333969589322805,-4.276124496012926,4.333969589322805,true,true,-0.4305047042667866,-0.4305047042667866,0.43050470426678655,0.43050470426678655,WRONG,WRONG,false,false,-0.4305047042667866,0.43050470426678655,false,false,true,3.5388358909926865e-16,0.4305047042667869,1.383,mnist__cnn1__linf__0.05__model_seed42_itr20_w296.bin
mnist,cnn1,model_seed42_itr20,linf,0.05,1,459,-4.276124496012926,4.333969589322805,-4.276124496012926,4.333969589322805,true,true,-4.333969589322805,-0.43050470426678655,4.333969589322805,0.4300700079652253,WRONG,WRONG,false,false,-0.43050470426678655,0.43050470426678655,false,false,true,0.0,0.4305047042667866,0.499,mnist__cnn1__linf__0.05__model_seed42_itr20_w297.bin
mnist,cnn1,model_seed42_itr20,linf,0.05,1,460,-4.276124496012926,4.333969589322805,-4.276124496012926,4.333969589322805,true,true,-4.333969589322805,-0.430504704266787,4.333969589322805,0.4300700079652253,WRONG,WRONG,false,false,-0.430504704266787,0.4305047042667868,false,false,true,0.9572208349039678,1.3877255391707546,0.492,mnist__cnn1__linf__0.05__model_seed42_itr20_w298.bin
mnist,cnn1,model_seed42_itr20,linf,0.05,1,461,-4.276124496012926,4.333969589322805,-4.276124496012926,4.333969589322805,true,true,-4.333969589322805,-0.4139257465637483,4.333969589322805,0.31379283312204487,WRONG,WRONG,false,false,-0.4305047042667866,0.43050470426678666,false,false,true,0.10715727752452303,0.5210830240882713,0.35,mnist__cnn1__linf__0.05__model_seed42_itr20_w299.bin
mnist,cnn1,model_seed42_itr20,linf,0.05,1,462,-4.276124496012926,4.333969589322805,-4.276124496012926,4.333969589322805,true,true,-4.333969589322805,-0.4305047042667867,4.333969589322805,0.419899366144451,WRONG,WRONG,false,false,-0.4305047042667867,0.4305047042667866,false,false,true,0.49513210575009287,0.9256368100168797,0.532,mnist__cnn1__linf__0.05__model_seed42_itr20_w300.bin
mnist,cnn1,model_seed42_itr20,linf,0.05,1,463,-4.276124496012926,4.333969589322805,-4.276124496012926,4.333969589322805,true,true,-4.333969589322805,-0.43024924597376213,4.333969589322805,0.4214505091083105,WRONG,WRONG,false,false,-0.43050470426678666,0.43050470426678666,false,false,true,1.0867440822925014,1.5169933282662638,0.565,mnist__cnn1__linf__0.05__model_seed42_itr20_w301.bin
mnist,cnn1,model_seed42_itr20,linf,0.05,1,464,-4.276124496012926,4.333969589322805,-4.276124496012926,4.333969589322805,true,true,-4.333969589322805,-0.428357465011999,4.333969589322805,0.4303800107759732,WRONG,WRONG,false,false,-0.4305047042667865,0.43050470426678655,false,false,true,1.0841376300356087,1.512495095047608,0.583,mnist__cnn1__linf__0.05__model_seed42_itr20_w302.bin
mnist,cnn1,model_seed42_itr20,linf,0.05,1,465,-4.276124496012926,4.333969589322805,-4.276124496012926,4.333969589322805,true,true,-4.333969589322805,-0.37919814330033846,4.333969589322805,0.29821474843637724,WRONG,WRONG,false,false,-0.43050470426678633,0.43050470426678666,false,false,true,0.0,0.37919814330033846,0.542,mnist__cnn1__linf__0.05__model_seed42_itr20_w303.bin
mnist,cnn1,model_seed42_itr20,linf,0.05,1,466,-4.276124496012926,4.333969589322805,-4.276124496012926,4.333969589322805,true,true,-4.333969589322805,-0.4128930970575183,4.333969589322805,0.31515357940967403,WRONG,WRONG,false,false,-0.4305047042667866,0.43050470426678655,false,false,true,0.6425186630739134,1.0554117601314315,0.688,mnist__cnn1__linf__0.05__model_seed42_itr20_w304.bin
mnist,cnn1,model_seed42_itr20,linf,0.05,1,467,-4.276124496012926,4.333969589322805,-4.276124496012926,4.333969589322805,true,true,-4.333969589322805,-0.43050470426678655,4.333969589322805,0.43050470426678655,WRONG,WRONG,false,false,-0.43050470426678655,0.43050470426678655,false,false,true,0.1785729463362174,0.609077650603004,0.404,mnist__cnn1__linf__0.05__model_seed42_itr20_w305.bin
mnist,cnn1,model_seed42_itr20,linf,0.05,1,468,-4.276124496012926,4.333969589322805,-4.276124496012926,4.333969589322805,true,true,-4.333969589322805,-0.43050470426678666,4.333969589322805,0.4300700079652253,WRONG,WRONG,false,false,-0.43050470426678666,0.43050470426678655,false,false,true,4.85722573273506e-17,0.4305047042667866,0.519,mnist__cnn1__linf__0.05__model_seed42_itr20_w306.bin
mnist,cnn1,model_seed42_itr20,linf,0.05,1,469,-4.276124496012926,4.333969589322805,-4.276124496012926,4.333969589322805,true,true,-4.333969589322805,-0.43050470426678655,4.333969589322805,0.4300700079652252,WRONG,WRONG,false,false,-0.43050470426678655,0.43050470426678644,false,false,true,0.0,0.43050470426678655,0.294,mnist__cnn1__linf__0.05__model_seed42_itr20_w307.bin
mnist,cnn1,model_seed42_itr20,linf,0.05,1,470,-4.276124496012926,4.333969589322805,-4.276124496012926,4.333969589322805,true,true,-4.333969589322805,-0.4305047042667866,4.333969589322805,0.41184273937265536,WRONG,WRONG,false,false,-0.4305047042667866,0.4305047042667866,false,false,true,0.49513210575009287,0.9256368100168796,0.564,mnist__cnn1__linf__0.05__model_seed42_itr20_w308.bin
mnist,cnn1,model_seed42_itr20,linf,0.05,1,471,-4.276124496012926,4.333969589322805,-4.276124496012926,4.333969589322805,true,true,-4.333969589322805,-0.42874917730765433,4.333969589322805,0.419899366144451,WRONG,WRONG,false,false,-0.43050470426678783,0.43050470426678666,false,false,true,0.0,0.42874917730765433,0.531,mnist__cnn1__linf__0.05__model_seed42_itr20_w309.bin
mnist,cnn1,model_seed42_itr20,linf,0.05,1,472,-4.276124496012926,4.333969589322805,-4.276124496012926,4.333969589322805,true,true,-4.333969589322805,-0.42975398976847745,4.333969589322805,0.4108816769957244,WRONG,WRONG,false,false,-0.43050470426678644,0.43050470426678583,false,false,true,0.6829142156949969,1.1126682054634742,0.402,mnist__cnn1__linf__0.05__model_seed42_itr20_w310.bin
mnist,cnn1,model_seed42_itr20,linf,0.05,1,473,-4.276124496012926,4.333969589322805,-4.276124496012926,4.333969589322805,true,true,-4.333969589322805,-0.4305047042667868,4.333969589322805,0.4198993661444511,WRONG,WRONG,false,false,-0.4305047042667868,0.4305047042667866,false,false,true,0.6674927814788503,1.097997485745637,0.521,mnist__cnn1__linf__0.05__model_seed42_itr20_w311.bin
mnist,cnn1,model_seed42_itr20,linf,0.05,1,474,-4.276124496012926,4.333969589322805,-4.276124496012926,4.333969589322805,true,true,-4.333969589322805,-0.4305047042667866,4.333969589322805,0.41989936614445095,WRONG,WRONG,false,false,-0.4305047042667866,0.43050470426678666,false,false,true,0.0,0.4305047042667866,0.778,mnist__cnn1__linf__0.05__model_seed42_itr20_w312.bin
mnist,cnn1,model_seed42_itr20,linf,0.05,1,475,-4.276124496012926,4.333969589322805,-4.276124496012926,4.333969589322805,true,true,-4.333969589322805,-0.42963015446007924,4.333969589322805,0.3962696297400027,WRONG,WRONG,false,false,-0.43050470426678666,0.43050470426678666,false,false,true,0.4886621860773293,0.9182923405374085,0.626,mnist__cnn1__linf__0.05__model_seed42_itr20_w313.bin
mnist,cnn1,model_seed42_itr20,linf,0.05,1,476,-4.276124496012926,4.333969589322805,-4.276124496012926,4.333969589322805,true,true,-4.333969589322805,-0.43050470426678666,4.333969589322805,0.4198993661444509,WRONG,WRONG,false,false,-0.43050470426678666,0.4305047042667866,false,false,true,0.49513210575009153,0.9256368100168781,0.556,mnist__cnn1__linf__0.05__model_seed42_itr20_w314.bin
mnist,cnn1,model_seed42_itr20,linf,0.05,1,477,-4.276124496012926,4.333969589322805,-4.276124496012926,4.333969589322805,true,true,-4.333969589322805,-0.39230725806635147,0.430504704266788,0.4305047042667866,WRONG,WRONG,false,false,-0.4305047042667866,0.4305047042667867,false,false,true,0.0,0.39230725806635147,0.859,mnist__cnn1__linf__0.05__model_seed42_itr20_w315.bin
mnist,cnn1,model_seed42_itr20,linf,0.05,1,478,-4.276124496012926,4.333969589322805,-4.276124496012926,4.333969589322805,true,true,-4.333969589322805,-0.4300700079652251,4.333969589322805,0.41989936614445106,WRONG,WRONG,false,false,-0.4305047042667869,0.43050470426678644,false,false,true,0.0,0.4300700079652253,0.623,mnist__cnn1__linf__0.05__model_seed42_itr20_w316.bin
mnist,cnn1,model_seed42_itr20,linf,0.05,1,479,-4.276124496012926,4.333969589322805,-4.276124496012926,4.333969589322805,true,true,-4.333969589322805,-0.4198993661444512,4.333969589322805,0.4305047042667862,WRONG,WRONG,false,false,-0.43050470426678655,0.4305047042667859,false,false,true,0.6749695608349904,1.0948689269794414,0.615,mnist__cnn1__linf__0.05__model_seed42_itr20_w317.bin
mnist,cnn1,model_seed42_itr20,linf,0.05,1,480,-4.276124496012926,4.333969589322805,-4.276124496012926,4.333969589322805,true,true,-4.333969589322805,-0.43050470426678666,4.333969589322805,0.419899366144451,WRONG,WRONG,false,false,-0.43050470426678666,0.4305047042667866,false,false,true,0.49513210575009287,0.9256368100168796,0.333,mnist__cnn1__linf__0.05__model_seed42_itr20_w318.bin
mnist,cnn1,model_seed42_itr20,linf,0.05,1,481,-4.276124496012926,4.333969589322805,-4.276124496012926,4.333969589322805,true,true,-4.333969589322805,-0.43050470426678666,4.333969589322805,0.42211359843980156,WRONG,WRONG,false,false,-0.43050470426678666,0.43050470426678666,false,false,true,0.5921712003746086,1.0226759046413951,0.653,mnist__cnn1__linf__0.05__model_seed42_itr20_w319.bin
mnist,cnn1,model_seed42_itr20,linf,0.05,1,482,-4.276124496012926,4.333969589322805,-4.276124496012926,4.333969589322805,true,true,-0.4305047042667866,-0.4305047042667866,0.4305047042667866,0.4305047042667866,WRONG,WRONG,false,false,-0.4305047042667866,0.4305047042667866,false,false,true,0.0,0.43050470426678655,1.468,mnist__cnn1__linf__0.05__model_seed42_itr20_w320.bin
mnist,cnn1,model_seed42_itr20,linf,0.05,1,483,-4.276124496012926,4.333969589322805,-4.276124496012926,4.333969589322805,true,true,-4.333969589322805,-0.43050470426678655,4.333969589322805,0.419899366144451,WRONG,WRONG,false,false,-0.43050470426678655,0.43050470426678666,false,false,true,0.49513210575009287,0.9256368100168797,0.381,mnist__cnn1__linf__0.05__model_seed42_itr20_w321.bin
mnist,cnn1,model_seed42_itr20,linf,0.05,1,484,-4.276124496012926,4.333969589322805,-4.276124496012926,4.333969589322805,true,true,-4.333969589322805,-0.43050470426678666,4.333969589322805,0.419899366144451,WRONG,WRONG,false,false,-0.43050470426678666,0.4305047042667866,false,false,true,0.49513210575009287,0.9256368100168797,0.436,mnist__cnn1__linf__0.05__model_seed42_itr20_w322.bin
mnist,cnn1,model_seed42_itr20,linf,0.05,1,485,-4.276124496012926,4.333969589322805,-4.276124496012926,4.333969589322805,true,true,-0.4305047042667866,-0.4305047042667866,0.4305047042667866,0.4305047042667866,WRONG,WRONG,false,false,-0.4305047042667866,0.4305047042667866,false,false,true,1.3877787807814457e-17,0.43050470426678655,1.464,mnist__cnn1__linf__0.05__model_seed42_itr20_w323.bin
mnist,cnn1,model_seed42_itr20,linf,0.05,1,486,-4.276124496012926,4.333969589322805,-4.276124496012926,4.333969589322805,true,true,-4.333969589322805,-0.43007000796522526,4.333969589322805,0.41989936614445095,WRONG,WRONG,false,false,-0.4305047042667866,0.43050470426678655,false,false,true,0.0,0.43007000796522526,0.393,mnist__cnn1__linf__0.05__model_seed42_itr20_w324.bin
