source: 0 target: 1 model_arch: 3x50 perturbation type: occ perturbation size: [0, 14.0, 14.0, 9.0] dataset: mnist
Attack:   0%|          | 0/500 [00:00<?, ?it/s]Attack:   1%|          | 5/500 [00:00<00:09, 49.95it/s]Attack:   8%|▊         | 41/500 [00:00<00:01, 231.92it/s]Attack:  16%|█▌        | 79/500 [00:00<00:01, 297.94it/s]Attack:  23%|██▎       | 117/500 [00:00<00:01, 328.45it/s]Attack:  31%|███       | 155/500 [00:00<00:00, 345.26it/s]Attack:  39%|███▊      | 193/500 [00:00<00:00, 355.58it/s]Attack:  46%|████▌     | 231/500 [00:00<00:00, 361.47it/s]Attack:  54%|█████▍    | 269/500 [00:00<00:00, 366.21it/s]Attack:  61%|██████▏   | 307/500 [00:00<00:00, 368.53it/s]Attack:  69%|██████▉   | 345/500 [00:01<00:00, 370.03it/s]Attack:  77%|███████▋  | 383/500 [00:01<00:00, 370.73it/s]Attack:  84%|████████▍ | 421/500 [00:01<00:00, 372.07it/s]Attack:  92%|█████████▏| 459/500 [00:01<00:00, 372.79it/s]Attack:  99%|█████████▉| 497/500 [00:01<00:00, 371.79it/s]Attack: 100%|█████████▉| 499/500 [00:01<00:00, 349.69it/s]
best_val 11.207359313964844
Set parameter WLSAccessID
Set parameter WLSSecret
Set parameter LicenseID to value 2478548
Academic license 2478548 - for non-commercial use only - registered to ne___@campus.technion.ac.il
WARNING: --geometric_intervals only applies to translation/rotation (pixel-relocation moves); perturbation 'occ' is unaffected. Falling back to geometric_intervals=off.
Standard mode: boosts enabled:
  PerturbedIntervals:                 true
  Absolute Zonotope (Source B on N1): true
  Per-Copy Triangle Drop τ:           0.5
  Sibling-Gated Refinement:           true
Model accuracy: 0.9694
Standard-mode boost: computing absolute zonotope bounds (Source B) on N1...
compute_n2_bounds_zonotope_with_n1_tighten: Source A absent — propagating absolute zonotope only (standard-mode nn1 boost path)
compute_n2_bounds_zonotope_with_n1_tighten: populated 2 ReLU layers
  Source B bounds computed: 2 ReLU layers
compute_n2_pert_relaxation_bounds: populated 2 ReLU layers
compute_n2_relax_decision!: τ=0.5, both=13 org-only=0 pert-only=0 none=74 (plus 13 stable neurons)
[notice | Main.MIPVerify]: Determining upper and lower bounds for the input to each non-linear unit.
Set parameter WLSAccessID
Set parameter WLSSecret
Set parameter LicenseID to value 2478548
Academic license 2478548 - for non-commercial use only - registered to ne___@campus.technion.ac.il
Set parameter TimeLimit to value 5
Set parameter TimeLimit to value 5
Set parameter WLSAccessID
Set parameter WLSSecret
Set parameter LicenseID to value 2478548
Academic license 2478548 - for non-commercial use only - registered to ne___@campus.technion.ac.il
Set parameter MIPFocus to value 3
Set parameter Cutoff to value 1.1207359313964844e+01
Set parameter Threads to value 32
Set parameter TimeLimit to value 10800
Set parameter MIPGap to value 0.01
Set parameter Seed to value 4
Set parameter Seed to value 4
Set parameter MIPGap to value 0.01
Set parameter MIPFocus to value 3
Set parameter Cutoff to value 1.1207359313964844e+01
Set parameter Threads to value 32
Set parameter TimeLimit to value 10800
Warning for adding constraints: zero or small (< 1e-13) coefficients, ignored
Gurobi Optimizer version 13.0.0 build v13.0.0rc1 (linux64 - "Ubuntu 20.04.2 LTS")

CPU model: AMD EPYC 7713 64-Core Processor, instruction set [SSE2|AVX|AVX2]
Thread count: 127 physical cores, 255 logical processors, using up to 32 threads

Non-default parameters:
Cutoff  1.1207359313964844e+01
TimeLimit  10800
MIPGap  0.01
MIPFocus  3
Seed  4
Threads  32

Academic license 2478548 - for non-commercial use only - registered to ne___@campus.technion.ac.il
Optimize a model with 1631 rows, 1889 columns and 153343 nonzeros (Max)
Model fingerprint: 0x4edd6757
Model has 1 linear objective coefficients
Variable types: 1741 continuous, 148 integer (148 binary)
Coefficient statistics:
  Matrix range     [1e-13, 3e+01]
  Objective range  [1e+00, 1e+00]
  Bounds range     [2e-09, 3e+01]
  RHS range        [4e-13, 1e+02]

User MIP start did not produce a new incumbent solution
Processed MIP start in 2.73 seconds (4.00 work units)

Presolve removed 1039 rows and 789 columns
Presolve time: 0.11s
Presolved: 592 rows, 1100 columns, 115864 nonzeros
Variable types: 952 continuous, 148 integer (148 binary)
Root relaxation presolve removed 61 rows and 60 columns
Root relaxation presolved: 531 rows, 1040 columns, 114599 nonzeros


Root relaxation: objective 3.820917e+01, 806 iterations, 0.09 seconds (0.13 work units)
Another try with MIP start

    Nodes    |    Current Node    |     Objective Bounds      |     Work
 Expl Unexpl |  Obj  Depth IntInf | Incumbent    BestBd   Gap | It/Node Time

     0     0   38.20917    0   59          -   38.20917      -     -    6s
     0     0   31.46710    0   67          -   31.46710      -     -    7s
     0     0   31.46710    0   58          -   31.46710      -     -    8s
     0     0   31.45160    0   59          -   31.45160      -     -    8s
     0     0   31.44071    0   60          -   31.44071      -     -    8s
     0     0   31.44071    0   61          -   31.44071      -     -    8s
     0     0   31.44071    0   61          -   31.44071      -     -    8s
     0     0   31.41070    0   62          -   31.41070      -     -    8s
     0     0   31.41070    0   62          -   31.41070      -     -    8s
     0     0   31.41070    0   62          -   31.41070      -     -    8s
     0     0   31.38825    0   62          -   31.38825      -     -    8s
     0     0   31.38825    0   62          -   31.38825      -     -    8s
     0     0   31.34752    0   60          -   31.34752      -     -    8s
     0     0   31.34752    0   57          -   31.34752      -     -    9s
     0     0   31.06134    0   58          -   31.06134      -     -    9s
     0     0   30.93755    0   57          -   30.93755      -     -    9s
     0     0   30.93755    0   56          -   30.93755      -     -    9s
     0     0   30.93755    0   57          -   30.93755      -     -    9s
     0     0   30.29595    0   57          -   30.29595      -     -   10s
     0     0   30.29595    0   57          -   30.29595      -     -   10s
     0     0   30.16680    0   57          -   30.16680      -     -   10s
     0     0   30.16680    0   57          -   30.16680      -     -   10s
     0     0   30.16680    0   57          -   30.16680      -     -   10s
     0     0   30.07265    0   57          -   30.07265      -     -   11s
     0     0   30.07265    0   57          -   30.07265      -     -   11s
     0     0   29.99637    0   56          -   29.99637      -     -   11s
     0     0   29.99637    0   56          -   29.99637      -     -   11s
     0     0   29.87831    0   56          -   29.87831      -     -   12s
     0     0   29.87831    0   56          -   29.87831      -     -   12s
     0     0   29.59083    0   56          -   29.59083      -     -   13s
     0     0   29.59083    0   56          -   29.59083      -     -   13s
     0     2   29.59083    0   56          -   29.59083      -     -   13s
    31    64   29.59083    5   61          -   29.59083      -   819   15s
   505   508   25.02159   11   45          -   25.52445      -   687   20s
  1733  1750   15.72565   13   55          -   23.77115      -   555   25s
  2954  2771   23.35453   16   56          -   23.40599      -   441   39s
  2956  2772   21.73036   12   60          -   23.40599      -   440   40s
  2963  2777   14.97138    8   57          -   23.40599      -   439   45s
  2969  2786   23.40599   12   65          -   23.40599      -   440   50s
  3139  2945   23.40599   19   57          -   23.40599      -   452   55s
  4041  3534   21.12799   19   53          -   23.40599      -   436   60s
  6054  5068   16.18244   24   49          -   22.49170      -   373   65s
 13495 11231   17.42465   28   45          -   21.87629      -   220   70s
 20600 17297   21.31425   32   41          -   21.61485      -   167   75s
 20755 17452   21.16074   26   47          -   21.54179      -   167   80s
 20909 17629   17.99816   31   36          -   21.48414      -   168   85s
 21356 18590   18.35959   23   53          -   21.40660      -   168   90s
 26994 24765   18.06644   30   35          -   21.25698      -   146   95s
 37662 34348   16.98257   33   36          -   21.06898      -   123  100s
 53236 48563   18.03758   35   37          -   20.88971      -   105  105s
*61817 54985              92      11.8724811   20.79621  75.2%  98.8  108s
H65854 54801                      11.9011352   20.73784  74.3%  97.2  109s
 66669 56246   15.03947   24   50   11.90114   20.62067  73.3%  98.8  111s
 69896 60009   17.76413   34   33   11.90114   20.27611  70.4%   104  115s
 76097 67401   19.57840   45   37   11.90114   19.88030  67.0%   108  122s
 83019 75181   19.31164   50   32   11.90114   19.67319  65.3%   108  127s
 87025 79758   18.69131   22   58   11.90114   19.58280  64.5%   107  130s
 100182 90998   19.24685   56   29   11.90114   19.40909  63.1%   105  136s
 111230 102498     cutoff   45        11.90114   19.28544  62.0%   102  141s
 122804 114898   18.84155   51   34   11.90114   19.19114  61.3%   100  146s
 127951 114955   19.07873   49   30   11.90114   19.14742  60.9%  99.0  151s
H127976 114950                      11.9025501   19.14478  60.8%  99.0  151s
H128069 116970                      11.9167766   19.14381  60.6%  99.0  153s
H128309 116407                      12.0111075   19.14357  59.4%  99.0  153s
 130153 116431   18.78218   54   29   12.01111   19.14030  59.4%  98.7  156s
H130216 108388                      13.1198789   19.13661  45.9%  98.8  159s
 130226 111795   18.99484   47   37   13.11988   19.13661  45.9%  98.8  161s
 133834 111858   18.25338   47   31   13.11988   19.09494  45.5%  98.2  167s
 133922 114128   18.57093   49   35   13.11988   19.09494  45.5%  98.2  171s
H135201 111195                      13.4525224   19.08576  41.9%  98.1  171s
 140738 119482     cutoff   40        13.45252   19.04422  41.6%  97.3  176s
 149485 127178   17.71541   53   32   13.45252   18.98164  41.1%  96.0  180s
 162367 139021   17.92461   53   29   13.45252   18.89044  40.4%  94.4  186s
 172830 148790   18.78825   53   28   13.45252   18.82844  40.0%  93.2  191s
 184002 159980   18.63975   46   36   13.45252   18.76674  39.5%  92.0  196s
 196407 170494   18.48400   57   29   13.45252   18.70016  39.0%  91.0  201s
 207591 181002   17.15969   50   33   13.45252   18.65614  38.7%  90.0  206s
 214568 189123   18.36834   56   24   13.45252   18.62504  38.5%  89.5  210s
 226714 198486   18.15142   56   32   13.45252   18.58186  38.1%  88.6  215s
 240708 211541     cutoff   42        13.45252   18.52263  37.7%  87.6  221s
 248696 219063   18.29663   56   26   13.45252   18.49401  37.5%  87.2  225s
 263378 232414   18.38677   57   29   13.45252   18.44486  37.1%  86.4  231s
 273854 243314   17.91237   53   30   13.45252   18.40121  36.8%  85.9  236s
 285788 253250   17.94606   52   25   13.45252   18.36382  36.5%  85.3  241s
 296149 262970   18.22211   52   33   13.45252   18.33340  36.3%  84.8  246s
 307620 273723   15.24886   27   41   13.45252   18.29792  36.0%  84.3  251s
 318828 282416   18.26753   47   23   13.45252   18.26753  35.8%  83.8  256s
H321164 283480                      13.5352504   18.26446  34.9%  83.7  258s
 323135 286967   17.87423   57   26   13.53525   18.26283  34.9%  83.7  260s
 335083 298906   17.92649   37   34   13.53525   18.22406  34.6%  83.2  266s
 346528 308250   17.59974   50   26   13.53525   18.19092  34.4%  82.8  270s
 357409 318185   17.69288   50   28   13.53525   18.16383  34.2%  82.4  275s
 368992 328896   16.01683   60   25   13.53525   18.13717  34.0%  82.0  280s
 382922 341765   17.83624   48   36   13.53525   18.10603  33.8%  81.5  286s
 393091 351167   16.91092   58   25   13.53525   18.08217  33.6%  81.2  291s
 404573 361871     cutoff   31        13.53525   18.05774  33.4%  80.9  296s
 415000 371002   18.03449   47   30   13.53525   18.03449  33.2%  80.6  300s
 425588 381921   17.82384   45   37   13.53525   18.01365  33.1%  80.3  305s
 430076 381979   17.41668   53   35   13.53525   18.00512  33.0%  80.2  310s
 430287 384420   16.61842   53   33   13.53525   18.00419  33.0%  80.2  316s
H430862 381408                      13.6843895   18.00234  31.6%  80.2  316s
 436670 388956   16.11462   56   34   13.68439   17.99066  31.5%  80.1  320s
 448872 399627   17.71429   58   27   13.68439   17.96602  31.3%  79.8  326s
 460495 409967   17.50483   54   29   13.68439   17.94608  31.1%  79.6  331s
 471327 419617   17.77845   51   34   13.68439   17.92383  31.0%  79.3  335s
 481694 428828   16.83316   34   37   13.68439   17.90656  30.9%  79.1  340s
 493089 439586   15.35753   39   28   13.68439   17.88834  30.7%  78.9  345s
 503384 448866   16.34304   55   18   13.68439   17.87313  30.6%  78.7  350s
 514134 459089   16.75020   56   30   13.68439   17.85713  30.5%  78.5  355s
 525547 469525   15.49448   55   26   13.68439   17.84242  30.4%  78.3  360s
 536592 479103   17.40784   37   36   13.68439   17.82748  30.3%  78.1  365s
 547468 489247   17.25391   55   31   13.68439   17.81213  30.2%  78.0  370s
 558237 498885   17.18781   50   27   13.68439   17.79882  30.1%  77.8  375s
 569190 508948   17.27871   54   26   13.68439   17.78623  30.0%  77.7  380s
 580382 519227   16.12581   54   30   13.68439   17.77308  29.9%  77.5  386s
 590983 528897     cutoff   59        13.68439   17.76151  29.8%  77.4  390s
 601819 539270   17.71315   52   31   13.68439   17.74908  29.7%  77.2  395s
 612843 549118   17.64831   55   35   13.68439   17.73700  29.6%  77.1  400s
 623716 558625   17.35287   56   28   13.68439   17.72506  29.5%  77.0  406s
 634596 569099   16.94676   59   22   13.68439   17.71428  29.4%  76.9  411s
 645321 578723   17.38278   61   26   13.68439   17.70369  29.4%  76.8  416s
 656458 588592   17.65855   52   32   13.68439   17.69436  29.3%  76.6  421s
 667274 598346   17.60976   57   23   13.68439   17.68257  29.2%  76.5  426s
 672240 601939   17.47167   59   35   13.68439   17.67848  29.2%  76.5  430s
 677059 606787   17.61644   52   33   13.68439   17.67663  29.2%  76.5  435s
 683088 613371   16.09224   63   32   13.68439   17.67163  29.1%  76.4  440s
 694324 623415   17.16911   56   29   13.68439   17.65875  29.0%  76.3  446s
 705000 633174   16.34080   54   33   13.68439   17.64583  28.9%  76.3  450s
 715782 643229   16.29304   60   22   13.68439   17.63458  28.9%  76.2  455s
 726900 653365     cutoff   39        13.68439   17.62594  28.8%  76.1  460s
 737935 662900   15.56354   60   27   13.68439   17.61658  28.7%  76.0  466s
 744911 666377   15.92630   51   32   13.68439   17.61036  28.7%  76.0  470s
H744981 666434                      13.6843896   17.60939  28.7%  76.0  475s
 748506 672935   14.26000   51   22   13.68439   17.60725  28.7%  76.0  480s
 759534 683057   16.26818   56   33   13.68439   17.59611  28.6%  75.9  485s
 770089 692969   17.56814   48   21   13.68439   17.58746  28.5%  75.9  491s
 781177 703120   17.39159   64   24   13.68439   17.57760  28.5%  75.8  496s
 788573 709188   17.39137   57   30   13.68439   17.57113  28.4%  75.7  500s
 799472 719318     cutoff   56        13.68439   17.56274  28.3%  75.7  505s
 810592 729772   16.40007   56   32   13.68439   17.55266  28.3%  75.6  510s
 821353 739223   16.74812   53   31   13.68439   17.54463  28.2%  75.6  515s
 832034 749046   17.41777   56   12   13.68439   17.53545  28.1%  75.5  520s
 842809 758672   17.08996   46   40   13.68439   17.52683  28.1%  75.5  525s
 853250 768083   16.21003   61   27   13.68439   17.51778  28.0%  75.4  531s
 863940 778074   16.29008   58   30   13.68439   17.50797  27.9%  75.4  536s
 875033 787806     cutoff   53        13.68439   17.49859  27.9%  75.3  541s
 885493 797503   17.49093   47   26   13.68439   17.49093  27.8%  75.3  546s
 896220 807167   17.48296   52   20   13.68439   17.48296  27.8%  75.2  551s
 903274 813866   17.44043   49   38   13.68439   17.47687  27.7%  75.2  555s
 913733 823454   17.46849   48   19   13.68439   17.46849  27.7%  75.2  560s
 924423 833209     cutoff   49        13.68439   17.45898  27.6%  75.1  565s
 935365 842867   17.21914   59   27   13.68439   17.45103  27.5%  75.1  570s
 946009 852630   17.25339   51   34   13.68439   17.44260  27.5%  75.0  576s
 957072 862482   17.41595   62   25   13.68439   17.43466  27.4%  75.0  581s
 967831 871951   17.12937   58   26   13.68439   17.42693  27.3%  75.0  586s
 975069 878936   17.27319   51   30   13.68439   17.42062  27.3%  75.0  590s
 986221 888867   17.02377   54   34   13.68439   17.41326  27.2%  74.9  595s
 996945 898277   16.71311   58   29   13.68439   17.40456  27.2%  74.9  600s
 1008120 908837   16.96346   54   34   13.68439   17.39776  27.1%  74.8  606s
 1019109 918448   16.46694   64   25   13.68439   17.38942  27.1%  74.8  611s
 1029676 928390   16.45565   55   30   13.68439   17.38271  27.0%  74.8  616s
 1036927 934609   15.26381   56   25   13.68439   17.37706  27.0%  74.7  620s
 1047988 944530   14.19198   58   26   13.68439   17.36899  26.9%  74.7  625s
 1058644 951095   15.48275   59   28   13.68439   17.36185  26.9%  74.7  631s
 1058713 951152   17.05541   54   29   13.68439   17.36155  26.9%  74.7  636s
 1059295 955884   17.35376   56   31   13.68439   17.36155  26.9%  74.7  641s
 1068231 963665   15.99698   55   33   13.68439   17.35522  26.8%  74.6  645s
 1080452 974448   17.04604   54   30   13.68439   17.34724  26.8%  74.6  650s
 1091605 984077     cutoff   49        13.68439   17.33924  26.7%  74.6  656s
 1102549 993819   16.23227   61   25   13.68439   17.33226  26.7%  74.5  661s
 1109582 999979   16.91532   54   32   13.68439   17.32714  26.6%  74.5  665s
 1120530 1010295   16.76576   62   24   13.68439   17.31970  26.6%  74.5  670s
 1131056 1019573   15.52540   54   33   13.68439   17.31329  26.5%  74.5  675s
 1141647 1029113   16.63768   54   30   13.68439   17.30712  26.5%  74.4  681s
 1152416 1038894   15.61216   50   17   13.68439   17.29929  26.4%  74.4  686s
 1159289 1045224   16.72901   53   30   13.68439   17.29470  26.4%  74.4  690s
 1170273 1055146   15.77862   57   33   13.68439   17.28772  26.3%  74.4  695s
 1180639 1064471   17.20129   56   29   13.68439   17.28175  26.3%  74.4  701s
 1191396 1070774   16.76238   61   33   13.68439   17.27524  26.2%  74.3  706s
 1191464 1070833   17.25602   57   26   13.68439   17.27425  26.2%  74.3  710s
 1191530 1070892   17.20291   53   27   13.68439   17.27407  26.2%  74.3  715s
H1191563 1070892                      13.6843896   17.27407  26.2%  74.3  715s
H1191568 1065673                      13.7736612   17.27407  25.4%  74.3  717s
H1191577 1064951                      13.7844846   17.27385  25.3%  74.3  717s
H1191592 1053389                      13.9512338   17.27379  23.8%  74.3  717s
 1195401 1059774     cutoff   44        13.95123   17.27223  23.8%  74.3  721s
 1202966 1066341     cutoff   59        13.95123   17.26735  23.8%  74.3  725s
 1213529 1075837   16.65409   51   34   13.95123   17.25976  23.7%  74.3  730s
 1225211 1085678   15.03148   51   35   13.95123   17.25438  23.7%  74.3  736s
 1236134 1095498     cutoff   53        13.95123   17.24556  23.6%  74.3  741s
 1243480 1101656   16.85469   53   37   13.95123   17.24159  23.6%  74.2  745s
 1253797 1111337   17.07227   46   37   13.95123   17.23559  23.5%  74.2  751s
 1265005 1120745     cutoff   57        13.95123   17.22915  23.5%  74.2  756s
 1275495 1130113   17.14937   56   28   13.95123   17.22362  23.5%  74.2  761s
 1282484 1136267   16.88245   54   28   13.95123   17.21913  23.4%  74.1  765s
 1293211 1145720   16.21535   57   28   13.95123   17.21263  23.4%  74.1  771s
 1300369 1151765   16.70826   57   29   13.95123   17.20829  23.3%  74.1  775s
 1310816 1161129   16.50503   53   31   13.95123   17.20176  23.3%  74.1  780s
 1321825 1170474   17.19299   53   31   13.95123   17.19659  23.3%  74.0  786s
 1332645 1179764   17.18966   52   20   13.95123   17.18966  23.2%  74.0  791s
 1339551 1186090   14.64021   55   26   13.95123   17.18604  23.2%  74.0  795s
 1350078 1192285   15.39461   55   32   13.95123   17.18000  23.1%  74.0  801s
 1350150 1192343   16.71708   56   26   13.95123   17.17882  23.1%  74.0  806s
 1350451 1195334   17.00309   57   26   13.95123   17.17845  23.1%  74.0  810s
 1361144 1205401   15.54394   67   23   13.95123   17.17271  23.1%  74.0  816s
 1368686 1211506   17.10962   49   36   13.95123   17.16904  23.1%  73.9  820s
 1379154 1220867   16.06740   52   29   13.95123   17.16272  23.0%  73.9  825s
 1390435 1230511   15.71991   56   32   13.95123   17.15674  23.0%  73.9  831s
 1398368 1236977     cutoff   53        13.95123   17.15205  22.9%  73.9  835s
 1408285 1246235   16.64249   54   30   13.95123   17.14672  22.9%  73.9  840s
 1418880 1255716   14.23116   51   29   13.95123   17.14095  22.9%  73.8  845s
 1430099 1265227   17.13526   46   28   13.95123   17.13526  22.8%  73.8  850s
 1440642 1274292   16.73822   55   33   13.95123   17.12811  22.8%  73.8  856s
 1448070 1280943   15.30582   55   24   13.95123   17.12431  22.7%  73.8  860s
 1458976 1290208   16.23957   51   39   13.95123   17.11897  22.7%  73.8  865s
 1469650 1299463   14.22188   56   25   13.95123   17.11278  22.7%  73.8  870s
 1480569 1308977   16.70809   54   37   13.95123   17.10696  22.6%  73.7  875s
 1491522 1318320     cutoff   52        13.95123   17.10139  22.6%  73.7  881s
 1498979 1321800   16.99877   57   30   13.95123   17.09747  22.6%  73.7  885s
 1499047 1321860   15.96934   57   26   13.95123   17.09725  22.6%  73.7  890s
H1499059 1321851                      13.9513195   17.09725  22.5%  73.7  890s
 1506417 1331378   16.84802   56   31   13.95132   17.09392  22.5%  73.7  895s
 1517170 1341026   16.75882   58   27   13.95132   17.08877  22.5%  73.7  901s
 1527994 1349805   14.25163   53   33   13.95132   17.08348  22.5%  73.6  906s
 1534639 1356130   17.07976   51   23   13.95132   17.07976  22.4%  73.6  910s
 1545294 1365234   16.62802   55   29   13.95132   17.07529  22.4%  73.6  915s
 1556200 1374463   15.36204   56   28   13.95132   17.06936  22.3%  73.6  920s
 1566667 1384097     cutoff   62        13.95132   17.06440  22.3%  73.6  925s
 1577347 1393198     cutoff   53        13.95132   17.05921  22.3%  73.5  931s
 1588326 1402430   16.73289   48   43   13.95132   17.05493  22.2%  73.5  936s
 1595244 1408468   16.76634   52   31   13.95132   17.05066  22.2%  73.5  940s
 1605768 1417624     cutoff   59        13.95132   17.04594  22.2%  73.5  945s
 1616521 1427277   16.89071   57   29   13.95132   17.04054  22.1%  73.5  950s
 1627893 1437183   15.84786   57   27   13.95132   17.03514  22.1%  73.5  956s
 1638891 1446468   16.87094   56   34   13.95132   17.03016  22.1%  73.4  961s
 1646312 1452678   17.00300   55   35   13.95132   17.02701  22.0%  73.4  965s
 1649543 1452730     cutoff   55        13.95132   17.02530  22.0%  73.4  970s
H1649731 1453027                      13.9516925   17.02499  22.0%  73.4  975s
H1649796 1453022                      13.9517589   17.02499  22.0%  73.4  975s
H1649798 1437045                      14.0928201   17.02499  20.8%  73.4  975s
 1657572 1446861   16.98867   47   31   14.09282   17.02154  20.8%  73.4  981s
 1669136 1456513     cutoff   50        14.09282   17.01645  20.7%  73.4  986s
 1676410 1462819   16.70260   53   34   14.09282   17.01315  20.7%  73.4  990s
 1687053 1471903   15.91371   56   26   14.09282   17.00788  20.7%  73.3  996s
 1697772 1480885   16.76712   49   24   14.09282   17.00253  20.6%  73.3 1001s
 1708546 1490043   16.98282   57   23   14.09282   16.99778  20.6%  73.3 1006s
 1715730 1496171     cutoff   52        14.09282   16.99437  20.6%  73.3 1010s
 1726294 1505347   15.47009   54   25   14.09282   16.98964  20.6%  73.2 1015s
 1736757 1514358   16.81778   50   33   14.09282   16.98455  20.5%  73.2 1021s
 1747759 1523856   16.93122   52   28   14.09282   16.98052  20.5%  73.2 1026s
 1758121 1532696   14.18313   46   23   14.09282   16.97565  20.5%  73.2 1031s
 1765384 1538616     cutoff   61        14.09282   16.97155  20.4%  73.2 1035s
 1775965 1547976   16.77318   51   34   14.09282   16.96660  20.4%  73.2 1040s
 1786990 1557290   16.79966   49   37   14.09282   16.96217  20.4%  73.1 1046s
 1797874 1566356   16.95247   50   33   14.09282   16.95734  20.3%  73.1 1051s
 1804894 1572421   14.87375   55   26   14.09282   16.95425  20.3%  73.1 1055s
 1815872 1581879     cutoff   53        14.09282   16.94902  20.3%  73.1 1060s
 1826897 1591122   16.47324   54   32   14.09282   16.94431  20.2%  73.1 1066s
 1837753 1600337   16.65497   52   31   14.09282   16.94039  20.2%  73.0 1071s
 1845232 1606562   16.90816   56   31   14.09282   16.93719  20.2%  73.0 1075s
 1855710 1615277   16.08747   53   33   14.09282   16.93261  20.2%  73.0 1081s
 1862614 1621076     cutoff   49        14.09282   16.92928  20.1%  73.0 1085s
 1873250 1630422   15.72772   57   28   14.09282   16.92492  20.1%  73.0 1090s
 1883908 1639586   16.25812   59   25   14.09282   16.91996  20.1%  73.0 1095s
 1894813 1648650   15.23025   55   31   14.09282   16.91568  20.0%  72.9 1101s
 1902081 1654564   16.84953   52   30   14.09282   16.91221  20.0%  72.9 1105s
 1912924 1663985   16.78253   42   25   14.09282   16.90793  20.0%  72.9 1111s
 1918472 1667999   14.73823   58   23   14.09282   16.90572  20.0%  72.9 1115s
H1920995 1667999                      14.0928204   16.90544  20.0%  72.9 1115s
 1924140 1673473   16.70622   44   23   14.09282   16.90463  20.0%  72.9 1120s
 1931829 1679865   14.28304   55   31   14.09282   16.90217  19.9%  72.9 1125s
H1935169 1679668                      14.0943901   16.90057  19.9%  72.9 1125s
 1943923 1686984   16.89438   54   31   14.09439   16.89438  19.9%  72.9 1132s
 1943998 1687037     cutoff   51        14.09439   16.89394  19.9%  72.9 1137s
H1944300 1680337                      14.1445828   16.89373  19.4%  72.9 1139s
 1944900 1683901     cutoff   38        14.14458   16.89366  19.4%  72.9 1142s
 1953463 1690206   16.28766   58   29   14.14458   16.89032  19.4%  72.9 1146s
 1964478 1699501   16.86256   57   36   14.14458   16.88574  19.4%  72.8 1151s
 1971523 1705643   15.05339   55   32   14.14458   16.88286  19.4%  72.8 1155s
 1982322 1714672   16.14467   56   25   14.14458   16.87825  19.3%  72.8 1161s
 1989172 1720941   16.39382   52   31   14.14458   16.87507  19.3%  72.8 1165s
 2000499 1729862   14.20577   52   34   14.14458   16.87122  19.3%  72.8 1170s
 2011232 1738896   14.57045   64   24   14.14458   16.86640  19.2%  72.8 1176s
 2022309 1748376   15.14554   55   30   14.14458   16.86257  19.2%  72.7 1181s
 2029216 1754179     cutoff   50        14.14458   16.85933  19.2%  72.7 1185s
 2040140 1763200   16.12646   52   33   14.14458   16.85533  19.2%  72.7 1191s
 2051008 1772045   16.77547   52   32   14.14458   16.85129  19.1%  72.7 1196s
 2058093 1778351   15.37652   58   26   14.14458   16.84838  19.1%  72.7 1200s
 2068913 1787259   16.30242   50   32   14.14458   16.84428  19.1%  72.7 1205s
 2079646 1796057   15.28755   58   31   14.14458   16.83997  19.1%  72.7 1211s
 2090052 1805064     cutoff   54        14.14458   16.83611  19.0%  72.6 1216s
 2097438 1811188   14.25474   55   18   14.14458   16.83329  19.0%  72.6 1220s
 2107883 1820214   16.82115   53   41   14.14458   16.82969  19.0%  72.6 1226s
 2119229 1829232     cutoff   47        14.14458   16.82516  19.0%  72.6 1231s
 2126015 1835253   16.73976   55   30   14.14458   16.82245  18.9%  72.6 1235s
 2137097 1844444   15.94512   60   26   14.14458   16.81905  18.9%  72.6 1240s
 2147470 1853277   16.77751   54   29   14.14458   16.81444  18.9%  72.6 1246s
 2154791 1859536   16.22130   53   33   14.14458   16.81158  18.9%  72.6 1250s
 2166105 1868500   16.36047   53   31   14.14458   16.80810  18.8%  72.5 1256s
 2176610 1877887   16.43398   55   29   14.14458   16.80370  18.8%  72.5 1261s
 2184091 1884078   15.79682   51   34   14.14458   16.80078  18.8%  72.5 1265s
 2195432 1892976   15.79692   49   39   14.14458   16.79737  18.8%  72.5 1271s
 2202584 1899071   16.78463   58   31   14.14458   16.79478  18.7%  72.5 1275s
 2213724 1908140   16.68442   59   30   14.14458   16.79076  18.7%  72.5 1280s
 2224391 1917118   15.37677   60   24   14.14458   16.78679  18.7%  72.5 1286s
 2235237 1926062   16.78090   54   36   14.14458   16.78307  18.7%  72.5 1291s
 2242192 1931857   15.32143   63   21   14.14458   16.78064  18.6%  72.4 1295s
 2252911 1937882     cutoff   55        14.14458   16.77681  18.6%  72.4 1302s
 2252984 1937936   16.34317   55   33   14.14458   16.77659  18.6%  72.4 1306s
 2253463 1940836   16.07468   55   31   14.14458   16.77621  18.6%  72.4 1310s
 2260165 1947053   16.00521   57   32   14.14458   16.77397  18.6%  72.4 1315s
 2272219 1956866     cutoff   55        14.14458   16.77030  18.6%  72.4 1321s
 2275844 1956914     cutoff   52        14.14458   16.76862  18.6%  72.4 1326s
 2275920 1956965   16.76840   49   33   14.14458   16.76840  18.6%  72.4 1330s
 2276486 1957867   16.12822   53   35   14.14458   16.76832  18.5%  72.4 1336s
 2278675 1961802   16.39723   63   25   14.14458   16.76816  18.5%  72.4 1342s
 2281845 1965613   14.91216   58   32   14.14458   16.76803  18.5%  72.4 1345s
 2293599 1974469   16.25682   59   32   14.14458   16.76322  18.5%  72.4 1351s
 2300708 1980600   16.06937   54   33   14.14458   16.76029  18.5%  72.4 1355s
 2311518 1989372   16.19001   59   25   14.14458   16.75689  18.5%  72.4 1360s
 2322382 1998473   15.29032   58   25   14.14458   16.75325  18.4%  72.4 1365s
 2332914 2007067   16.64469   53   27   14.14458   16.74931  18.4%  72.3 1371s
 2343827 2016126   15.49345   59   29   14.14458   16.74588  18.4%  72.3 1376s
 2350754 2022127     cutoff   52        14.14458   16.74334  18.4%  72.3 1380s
 2361218 2030595   15.98531   54   30   14.14458   16.73969  18.3%  72.3 1385s
 2371978 2039611   15.75846   52   36   14.14458   16.73634  18.3%  72.3 1391s
 2379451 2045625   14.68735   58   27   14.14458   16.73383  18.3%  72.3 1395s
 2390123 2054383     cutoff   53        14.14458   16.73044  18.3%  72.3 1401s
 2397499 2060301   15.73044   57   30   14.14458   16.72819  18.3%  72.3 1405s
 2408031 2069279   15.60782   52   23   14.14458   16.72408  18.2%  72.2 1410s
 2418797 2078209   15.58862   60   31   14.14458   16.72106  18.2%  72.2 1416s
 2426022 2084316   14.21403   57   30   14.14458   16.71888  18.2%  72.2 1420s
 2436674 2092999   16.71525   58   25   14.14458   16.71554  18.2%  72.2 1426s
 2443814 2098855   15.77148   62   30   14.14458   16.71275  18.2%  72.2 1430s
 2454356 2107903     cutoff   53        14.14458   16.70915  18.1%  72.2 1436s
 2465146 2116682   16.69592   56   26   14.14458   16.70578  18.1%  72.2 1441s
 2472376 2122736   15.09757   53   34   14.14458   16.70369  18.1%  72.2 1445s
 2482819 2131475   16.14135   59   27   14.14458   16.70062  18.1%  72.2 1451s
 2489854 2137361   16.42674   55   31   14.14458   16.69798  18.1%  72.2 1455s
 2500341 2145823   16.65800   43   28   14.14458   16.69439  18.0%  72.2 1460s
 2511090 2154700   14.37969   50   25   14.14458   16.69123  18.0%  72.1 1466s
 2518257 2160349   16.02382   56   30   14.14458   16.68921  18.0%  72.1 1470s
 2528779 2169399   15.91644   58   25   14.14458   16.68571  18.0%  72.1 1476s
 2536045 2174720   16.03753   51   33   14.14458   16.68328  17.9%  72.1 1480s
 2545030 2181042   15.15118   54   31   14.14458   16.68081  17.9%  72.1 1485s
 2554173 2189973     cutoff   51        14.14458   16.67716  17.9%  72.1 1490s
 2564823 2198613     cutoff   62        14.14458   16.67405  17.9%  72.1 1496s
 2571660 2204760     cutoff   59        14.14458   16.67177  17.9%  72.1 1500s
 2582267 2213388   16.27799   45   29   14.14458   16.66862  17.8%  72.1 1506s
 2593997 2222577     cutoff   48        14.14458   16.66551  17.8%  72.1 1512s
H2601000 2227456                      14.1445828   16.66332  17.8%  72.1 1516s
 2604824 2230329     cutoff   52        14.14458   16.66261  17.8%  72.1 1521s
 2611400 2237285     cutoff   48        14.14458   16.66172  17.8%  72.1 1528s
 2615204 2240292   16.66118   52   29   14.14458   16.66118  17.8%  72.1 1531s
 2618915 2243658   16.66036   52   18   14.14458   16.66036  17.8%  72.1 1535s
 2626763 2249743   16.65791   59   28   14.14458   16.65791  17.8%  72.0 1542s
 2634101 2255035   15.40705   58   24   14.14458   16.65481  17.7%  72.0 1546s
 2640462 2260884   16.59109   54   26   14.14458   16.65241  17.7%  72.0 1550s
 2647427 2266737   15.55155   59   33   14.14458   16.65101  17.7%  72.0 1555s
 2655049 2273107   15.15545   57   32   14.14458   16.64816  17.7%  72.0 1560s
 2662849 2279645     cutoff   57        14.14458   16.64537  17.7%  72.0 1565s
 2673775 2288508   15.87747   56   29   14.14458   16.64146  17.7%  72.0 1571s
 2681234 2294522   16.60229   53   29   14.14458   16.63873  17.6%  72.0 1575s
 2692251 2303532   16.44456   54   26   14.14458   16.63547  17.6%  72.0 1580s
 2702870 2312235   16.60724   54   39   14.14458   16.63268  17.6%  72.0 1586s
 2710313 2318339   15.31865   55   28   14.14458   16.63013  17.6%  72.0 1590s
 2717457 2324251   15.42710   56   33   14.14458   16.62770  17.6%  72.0 1595s
 2728421 2332805   14.24553   50   32   14.14458   16.62487  17.5%  72.0 1600s
 2739081 2341829   16.45342   53   34   14.14458   16.62139  17.5%  72.0 1606s
 2749903 2350315   16.06013   56   28   14.14458   16.61846  17.5%  71.9 1611s
 2757078 2355995   16.26808   56   35   14.14458   16.61620  17.5%  71.9 1615s
 2767633 2364511   15.91630   57   26   14.14458   16.61329  17.5%  71.9 1621s
 2774387 2370237   15.93008   57   26   14.14458   16.61085  17.4%  71.9 1625s
 2785262 2378903   16.44820   54   41   14.14458   16.60793  17.4%  71.9 1630s
 2795698 2387734   15.80705   56   30   14.14458   16.60464  17.4%  71.9 1635s
 2806868 2396686   16.59976   58   23   14.14458   16.60190  17.4%  71.9 1641s
 2817502 2405409   15.72560   52   34   14.14458   16.59871  17.4%  71.9 1646s
 2824787 2411049   16.01065   57   28   14.14458   16.59616  17.3%  71.9 1650s
 2835286 2419638   16.07443   56   29   14.14458   16.59327  17.3%  71.9 1656s
 2846132 2428483   14.87149   50   23   14.14458   16.59003  17.3%  71.9 1661s
 2857043 2437285   16.58745   54   26   14.14458   16.58745  17.3%  71.9 1665s
 2867494 2445807   14.36766   62   22   14.14458   16.58452  17.2%  71.9 1671s
 2875076 2451660   16.09276   61   22   14.14458   16.58246  17.2%  71.8 1675s
 2885736 2460207   16.51530   57   37   14.14458   16.57936  17.2%  71.8 1680s
 2896699 2469494   16.27394   53   29   14.14458   16.57677  17.2%  71.8 1686s
 2904003 2475636   14.19015   61   24   14.14458   16.57506  17.2%  71.8 1690s
 2914563 2484357   16.57197   50   26   14.14458   16.57197  17.2%  71.8 1695s
 2925018 2492988   16.50993   55   28   14.14458   16.56901  17.1%  71.8 1700s
 2932431 2498891   16.29123   53   32   14.14458   16.56709  17.1%  71.8 1705s
 2943563 2507904   16.30272   55   33   14.14458   16.56443  17.1%  71.8 1711s
 2953948 2516558   15.03779   54   32   14.14458   16.56208  17.1%  71.8 1716s
 2961303 2522475   15.53909   59   32   14.14458   16.55995  17.1%  71.8 1720s
 2972408 2531185     cutoff   58        14.14458   16.55709  17.1%  71.8 1726s
 2979810 2536879   15.17065   48   38   14.14458   16.55522  17.0%  71.8 1730s
 2990568 2545878   15.89226   60   26   14.14458   16.55278  17.0%  71.8 1736s
 2997780 2551718   14.95535   55   25   14.14458   16.55105  17.0%  71.8 1740s
 3008678 2560603   14.88732   64   26   14.14458   16.54812  17.0%  71.7 1746s
 3019241 2569201     cutoff   56        14.14458   16.54533  17.0%  71.7 1751s
 3026052 2574616   15.70248   44   25   14.14458   16.54381  17.0%  71.7 1755s
 3033276 2580316   15.47385   56   29   14.14458   16.54199  16.9%  71.7 1760s
 3044024 2588900   15.60672   51   34   14.14458   16.53914  16.9%  71.7 1765s
 3054472 2597831   16.42254   55   25   14.14458   16.53673  16.9%  71.7 1771s
 3061733 2603247   16.34707   55   32   14.14458   16.53470  16.9%  71.7 1775s
 3072543 2612111   16.09109   55   32   14.14458   16.53219  16.9%  71.7 1780s
 3083236 2620974     cutoff   62        14.14458   16.52969  16.9%  71.7 1785s
 3090464 2626827   15.15045   54   26   14.14458   16.52796  16.9%  71.7 1790s
 3101221 2635699   16.19810   49   39   14.14458   16.52546  16.8%  71.7 1796s
 3108286 2641483   16.49887   51   36   14.14458   16.52332  16.8%  71.7 1800s
 3119177 2650124   16.49952   55   24   14.14458   16.52083  16.8%  71.7 1805s
 3130162 2659323     cutoff   60        14.14458   16.51834  16.8%  71.6 1811s
 3137160 2664901   16.43223   53   44   14.14458   16.51719  16.8%  71.6 1816s
 3144436 2671123   15.75244   58   29   14.14458   16.51515  16.8%  71.6 1820s
 3155188 2679859   16.51287   58   26   14.14458   16.51287  16.7%  71.6 1825s
 3166131 2688692   15.70734   61   23   14.14458   16.50996  16.7%  71.6 1830s
 3177084 2697396   14.36447   58   31   14.14458   16.50737  16.7%  71.6 1836s
 3184127 2703463   16.47788   59   26   14.14458   16.50564  16.7%  71.6 1840s
 3194999 2711712   15.98359   58   31   14.14458   16.50358  16.7%  71.6 1846s
 3201919 2717547   14.51210   60   31   14.14458   16.50143  16.7%  71.6 1850s
 3213136 2726628     cutoff   54        14.14458   16.49933  16.6%  71.6 1856s
 3223844 2735423   16.02538   58   32   14.14458   16.49690  16.6%  71.6 1861s
 3231146 2741126   15.99757   56   31   14.14458   16.49523  16.6%  71.6 1865s
 3241709 2749833   15.45674   63   19   14.14458   16.49268  16.6%  71.6 1871s
 3248802 2755574   16.00646   55   30   14.14458   16.49107  16.6%  71.6 1875s
 3259688 2763841   16.29122   60   28   14.14458   16.48848  16.6%  71.6 1881s
 3266628 2769709   16.47534   56   35   14.14458   16.48683  16.6%  71.6 1885s
 3277472 2778472   15.59502   47   22   14.14458   16.48412  16.5%  71.6 1891s
 3284595 2783994   16.48257   55   27   14.14458   16.48257  16.5%  71.6 1895s
 3295552 2792389   16.17943   57   29   14.14458   16.47986  16.5%  71.5 1901s
 3302871 2798708     cutoff   58        14.14458   16.47811  16.5%  71.5 1905s
 3313603 2807340   16.28293   52   26   14.14458   16.47566  16.5%  71.5 1911s
 3320918 2812930   16.01790   59   28   14.14458   16.47401  16.5%  71.5 1915s
 3331144 2821338   14.56344   54   33   14.14458   16.47156  16.5%  71.5 1920s
 3338186 2826823   15.17718   54   26   14.14458   16.47005  16.4%  71.5 1925s
 3349188 2835842   15.31331   56   27   14.14458   16.46741  16.4%  71.5 1931s
 3359866 2844192   16.45624   44   39   14.14458   16.46540  16.4%  71.5 1936s
 3366958 2850191   16.21635   59   23   14.14458   16.46400  16.4%  71.5 1940s
 3377841 2858638   16.04213   57   23   14.14458   16.46133  16.4%  71.5 1946s
 3384666 2864207   15.86326   56   28   14.14458   16.45964  16.4%  71.5 1950s
 3395307 2872864   15.21906   58   24   14.14458   16.45744  16.4%  71.5 1956s
 3402399 2878535   16.03969   56   28   14.14458   16.45573  16.3%  71.5 1960s
 3413275 2887343   16.44754   49   31   14.14458   16.45355  16.3%  71.5 1966s
 3423861 2895640   15.34254   52   35   14.14458   16.45097  16.3%  71.5 1971s
 3430961 2901460   16.30254   54   26   14.14458   16.44949  16.3%  71.5 1975s
 3441396 2909900   14.64806   54   38   14.14458   16.44702  16.3%  71.5 1981s
 3448544 2915811   16.33667   60   31   14.14458   16.44563  16.3%  71.4 1985s
 3459527 2924505   14.93839   59   24   14.14458   16.44302  16.2%  71.4 1991s
 3466592 2930085   16.44138   54   24   14.14458   16.44143  16.2%  71.4 1995s
 3477405 2938733   16.42264   54   29   14.14458   16.43901  16.2%  71.4 2001s
 3484348 2944356   15.77336   61   26   14.14458   16.43759  16.2%  71.4 2005s
 3494817 2952551   16.43532   51   24   14.14458   16.43532  16.2%  71.4 2011s
 3501921 2958121   16.14805   53   33   14.14458   16.43369  16.2%  71.4 2015s
 3512548 2966821   15.93289   64   22   14.14458   16.43133  16.2%  71.4 2021s
 3519834 2972163   14.57878   53   41   14.14458   16.43013  16.2%  71.4 2025s
 3530147 2980612   15.63545   52   38   14.14458   16.42773  16.1%  71.4 2030s
 3537225 2986562   16.08202   51   33   14.14458   16.42619  16.1%  71.4 2035s
 3548057 2994483   15.42000   57   29   14.14458   16.42402  16.1%  71.4 2041s
 3555076 3001039   15.45338   56   30   14.14458   16.42218  16.1%  71.4 2045s
 3566128 3009469     cutoff   68        14.14458   16.41991  16.1%  71.4 2051s
 3573484 3015379   16.08286   51   29   14.14458   16.41833  16.1%  71.4 2055s
 3584179 3023820   15.97871   59   28   14.14458   16.41660  16.1%  71.4 2062s
 3591216 3029653   16.34327   61   27   14.14458   16.41480  16.1%  71.4 2066s
 3598309 3035355   15.07976   51   22   14.14458   16.41305  16.0%  71.4 2070s
 3609616 3043980     cutoff   59        14.14458   16.41109  16.0%  71.4 2076s
 3616369 3049433   15.41033   64   23   14.14458   16.40958  16.0%  71.4 2080s
 3627166 3058259   14.24739   60   25   14.14458   16.40737  16.0%  71.3 2086s
 3634404 3063796   16.07460   51   34   14.14458   16.40611  16.0%  71.3 2090s
 3637870 3069166   15.02868   63   25   14.14458   16.40501  16.0%  71.3 2115s
H3638952 3069166                      14.1445828   16.40501  16.0%  71.3 2116s
 3644617 3075188   14.66376   56   30   14.14458   16.40390  16.0%  71.3 2122s
 3652296 3081000   16.35855   52   23   14.14458   16.40277  16.0%  71.3 2127s
 3659567 3085507   16.00526   56   29   14.14458   16.40151  16.0%  71.3 2130s
 3669973 3091786   15.82889   55   31   14.14458   16.39976  15.9%  71.3 2135s
 3680806 3100655   14.82919   57   31   14.14458   16.39722  15.9%  71.3 2141s
 3687789 3106432   15.52887   55   31   14.14458   16.39579  15.9%  71.3 2145s
 3698647 3115101   16.39360   55   20   14.14458   16.39360  15.9%  71.3 2151s
 3705508 3120918   16.14137   63   26   14.14458   16.39215  15.9%  71.3 2155s
 3716688 3129477   16.02192   60   24   14.14458   16.39027  15.9%  71.3 2161s
 3724112 3135188   15.74291   57   33   14.14458   16.38863  15.9%  71.3 2165s
 3734580 3143780   16.14719   50   29   14.14458   16.38683  15.9%  71.3 2170s
 3745469 3151927   15.68477   49   32   14.14458   16.38474  15.8%  71.3 2176s
 3752187 3157792   14.71594   52   40   14.14458   16.38327  15.8%  71.3 2181s
 3759788 3163557   15.85778   59   30   14.14458   16.38202  15.8%  71.3 2185s
 3770600 3171974   15.74796   65   23   14.14458   16.37988  15.8%  71.3 2190s
 3781148 3180615   14.89863   55   35   14.14458   16.37773  15.8%  71.3 2196s
 3788362 3186293   15.64791   65   27   14.14458   16.37625  15.8%  71.3 2200s
 3798921 3194720   16.30194   41   34   14.14458   16.37434  15.8%  71.2 2205s
 3805620 3199806   14.89102   57   35   14.14458   16.37291  15.8%  71.2 2210s
 3816550 3208529   15.52924   60   29   14.14458   16.37086  15.7%  71.2 2215s
 3826937 3216491   14.80731   54   30   14.14458   16.36850  15.7%  71.2 2221s
 3834029 3222041     cutoff   58        14.14458   16.36739  15.7%  71.2 2225s
 3844422 3230621   16.00865   60   22   14.14458   16.36536  15.7%  71.2 2231s
 3851604 3236112   16.33581   46   32   14.14458   16.36389  15.7%  71.2 2235s
 3862188 3244435   16.36176   49   30   14.14458   16.36176  15.7%  71.2 2241s
 3869554 3250208   14.66864   58   29   14.14458   16.36060  15.7%  71.2 2245s
 3880262 3258810   16.25285   50   27   14.14458   16.35838  15.7%  71.2 2251s
 3887511 3264626     cutoff   55        14.14458   16.35699  15.6%  71.2 2255s
 3898302 3273075   15.59458   63   22   14.14458   16.35485  15.6%  71.2 2261s
 3905611 3278739   15.93208   55   36   14.14458   16.35360  15.6%  71.2 2265s
 3916349 3287153     cutoff   54        14.14458   16.35157  15.6%  71.2 2271s
 3923484 3292632   15.58448   49   35   14.14458   16.35013  15.6%  71.2 2275s
 3933937 3301158     cutoff   52        14.14458   16.34807  15.6%  71.2 2281s
 3941634 3304287   16.32608   54   27   14.14458   16.34678  15.6%  71.2 2285s
H3941677 3304309                      14.1445828   16.34651  15.6%  71.2 2288s
H3941700 3304309                      14.1445834   16.34649  15.6%  71.2 2289s
 3941710 3304511   15.42426   60   30   14.14458   16.34649  15.6%  71.2 2291s
 3942252 3305005   14.95389   62   26   14.14458   16.34649  15.6%  71.2 2296s
 3943566 3307269   14.98256   54   35   14.14458   16.34640  15.6%  71.2 2301s
H3944308 3307269                      14.1445834   16.34629  15.6%  71.2 2301s
H3945466 3309946                      14.1445834   16.34628  15.6%  71.2 2304s
 3948834 3313260   14.86269   55   16   14.14458   16.34618  15.6%  71.2 2307s
 3955790 3318591   15.98846   61   25   14.14458   16.34492  15.6%  71.2 2311s
 3963461 3324466     cutoff   56        14.14458   16.34315  15.5%  71.2 2316s
 3970980 3330374   14.71869   62   29   14.14458   16.34159  15.5%  71.2 2320s
 3982633 3339377     cutoff   57        14.14458   16.33915  15.5%  71.1 2325s
 3993147 3347688   16.03925   53   32   14.14458   16.33710  15.5%  71.1 2330s
 4004024 3356132   16.32081   52   36   14.14458   16.33511  15.5%  71.1 2335s
 4014580 3364504   16.31531   52   36   14.14458   16.33338  15.5%  71.1 2340s
 4025297 3373052   15.54005   61   24   14.14458   16.33121  15.5%  71.1 2345s
 4036008 3381275     cutoff   60        14.14458   16.32911  15.4%  71.1 2350s
 4046792 3389541   15.13981   53   32   14.14458   16.32704  15.4%  71.1 2355s
 4057535 3398400     cutoff   52        14.14458   16.32494  15.4%  71.1 2360s
 4068797 3407264   16.22200   41   22   14.14458   16.32311  15.4%  71.1 2365s
 4079016 3415237   14.97770   59   30   14.14458   16.32096  15.4%  71.1 2370s
 4089892 3423701   15.94308   56   27   14.14458   16.31914  15.4%  71.1 2376s
 4100529 3431957   15.68337   57   27   14.14458   16.31703  15.4%  71.1 2381s
 4111294 3440584   16.17369   53   28   14.14458   16.31508  15.3%  71.1 2385s
 4121901 3448884   15.49139   58   28   14.14458   16.31324  15.3%  71.1 2390s
 4132565 3457280   15.96814   63   23   14.14458   16.31117  15.3%  71.1 2395s
 4143175 3465425   14.52656   60   25   14.14458   16.30930  15.3%  71.1 2400s
 4153826 3473957   14.54339   59   29   14.14458   16.30718  15.3%  71.0 2405s
 4164442 3482087   16.26233   48   36   14.14458   16.30560  15.3%  71.0 2410s
 4174925 3490529     cutoff   54        14.14458   16.30362  15.3%  71.0 2415s
 4185550 3498849   16.21663   57   32   14.14458   16.30183  15.3%  71.0 2420s
 4196846 3507629   16.29203   51   22   14.14458   16.29997  15.2%  71.0 2425s
 4207074 3515719   16.29787   57   28   14.14458   16.29787  15.2%  71.0 2431s
 4217838 3524084   16.29601   54   28   14.14458   16.29601  15.2%  71.0 2436s
 4228481 3532456   16.25925   50   20   14.14458   16.29398  15.2%  71.0 2441s
 4239491 3541045   16.14655   58   30   14.14458   16.29232  15.2%  71.0 2446s
 4250263 3549417   15.08763   62   23   14.14458   16.29046  15.2%  71.0 2451s
 4257451 3555097   15.85223   53   24   14.14458   16.28915  15.2%  71.0 2455s
 4268130 3562983   15.48247   60   26   14.14458   16.28714  15.1%  71.0 2460s
 4278771 3571608   15.88292   59   27   14.14458   16.28523  15.1%  71.0 2465s
 4289680 3580103   16.23505   57   28   14.14458   16.28323  15.1%  71.0 2470s
 4300385 3588123   14.26377   55   34   14.14458   16.28141  15.1%  71.0 2475s
 4311074 3596508   15.28406   51   38   14.14458   16.27955  15.1%  71.0 2480s
 4321688 3604925   15.77490   56   30   14.14458   16.27785  15.1%  71.0 2485s
 4332249 3612893     cutoff   35        14.14458   16.27571  15.1%  71.0 2490s
 4342781 3621441   16.26740   54   43   14.14458   16.27392  15.1%  71.0 2495s
 4353583 3629779   15.90107   63   23   14.14458   16.27194  15.0%  70.9 2500s
 4364564 3638155   15.81459   54   34   14.14458   16.27013  15.0%  70.9 2505s
 4375116 3646483   16.26820   56   17   14.14458   16.26820  15.0%  70.9 2510s
 4385836 3654882   16.11647   58   32   14.14458   16.26650  15.0%  70.9 2515s
 4396534 3663021     cutoff   57        14.14458   16.26467  15.0%  70.9 2520s
 4407297 3671650   16.06065   53   32   14.14458   16.26286  15.0%  70.9 2525s
 4418073 3679987   14.91991   56   30   14.14458   16.26123  15.0%  70.9 2531s
 4425047 3685604   14.62979   57   29   14.14458   16.25982  15.0%  70.9 2535s
 4435613 3693389   16.03334   56   36   14.14458   16.25815  14.9%  70.9 2540s
 4446121 3701932     cutoff   63        14.14458   16.25609  14.9%  70.9 2545s
 4456741 3710193     cutoff   58        14.14458   16.25434  14.9%  70.9 2550s
 4467346 3718592   14.39231   58   27   14.14458   16.25248  14.9%  70.9 2556s
 4478947 3727267   16.23949   55   27   14.14458   16.25074  14.9%  70.9 2561s
 4489656 3735404   15.56291   53   35   14.14458   16.24923  14.9%  70.9 2566s
 4500205 3743628   16.22150   62   27   14.14458   16.24724  14.9%  70.9 2571s
 4507409 3749231     cutoff   42        14.14458   16.24617  14.9%  70.9 2575s
 4518277 3757602   15.62627   53   30   14.14458   16.24471  14.8%  70.9 2580s
 4528916 3765783   16.24102   51   32   14.14458   16.24267  14.8%  70.9 2585s
 4539353 3773967   14.47774   61   24   14.14458   16.24107  14.8%  70.9 2591s
 4549975 3782280   15.87293   59   28   14.14458   16.23930  14.8%  70.8 2596s
 4560513 3790324   14.79026   56   28   14.14458   16.23768  14.8%  70.8 2601s
 4567585 3795775     cutoff   50        14.14458   16.23646  14.8%  70.8 2605s
 4578239 3804364   16.19990   53   33   14.14458   16.23476  14.8%  70.8 2611s
 4589132 3812495     cutoff   60        14.14458   16.23303  14.8%  70.8 2616s
 4596135 3818194   16.12766   58   28   14.14458   16.23182  14.8%  70.8 2620s
 4606977 3826716   15.87814   50   37   14.14458   16.23004  14.7%  70.8 2625s
 4617692 3834497     cutoff   58        14.14458   16.22845  14.7%  70.8 2631s
 4624639 3840067   15.57321   58   28   14.14458   16.22725  14.7%  70.8 2635s
 4634249 3847359   16.20962   51   33   14.14458   16.22556  14.7%  70.8 2641s
 4645866 3856439   15.23236   60   28   14.14458   16.22385  14.7%  70.8 2646s
 4656248 3864559   15.01018   61   25   14.14458   16.22218  14.7%  70.8 2651s
 4667398 3873005   15.85377   49   31   14.14458   16.22045  14.7%  70.8 2656s
 4678275 3881018     cutoff   51        14.14458   16.21882  14.7%  70.8 2661s
 4685203 3886847   15.66770   56   36   14.14458   16.21758  14.7%  70.8 2665s
 4696269 3895256   15.86036   57   28   14.14458   16.21581  14.6%  70.8 2670s
 4707104 3903360   15.75263   54   30   14.14458   16.21404  14.6%  70.8 2675s
 4717670 3911696     cutoff   52        14.14458   16.21230  14.6%  70.8 2680s
 4728254 3920179   15.90333   58   28   14.14458   16.21063  14.6%  70.8 2685s
 4739075 3928246   16.20881   56   38   14.14458   16.20881  14.6%  70.8 2692s
 4745833 3933780   16.09106   50   36   14.14458   16.20771  14.6%  70.8 2696s
 4757058 3942311   16.13888   50   34   14.14458   16.20618  14.6%  70.7 2701s
 4764296 3947844   16.04267   55   26   14.14458   16.20480  14.6%  70.7 2705s
 4774835 3956105   16.14127   63   25   14.14458   16.20331  14.6%  70.7 2710s
 4785831 3964290   16.02135   50   33   14.14458   16.20140  14.5%  70.7 2715s
 4796657 3972512   14.25970   55   36   14.14458   16.19979  14.5%  70.7 2721s
 4807289 3980638   14.17155   61   24   14.14458   16.19811  14.5%  70.7 2726s
H4811390 3981545                      14.1445834   16.19749  14.5%  70.7 2728s
H4811927 3981545                      14.1445834   16.19746  14.5%  70.7 2729s
H4812029 3981545                      14.1445834   16.19745  14.5%  70.7 2729s
 4812126 3983050   16.19705   52   25   14.14458   16.19745  14.5%  70.7 2731s
H4814312 3985095                      14.1445834   16.19730  14.5%  70.7 2734s
 4816748 3987533   16.03562   56   30   14.14458   16.19722  14.5%  70.7 2737s
H4818363 3987533                      14.1445834   16.19716  14.5%  70.7 2737s
 4819926 3989806   16.19710   52   28   14.14458   16.19710  14.5%  70.7 2740s
H4820235 3989806                      14.1445834   16.19710  14.5%  70.7 2741s
H4820979 3989806                      14.1445834   16.19710  14.5%  70.7 2741s
H4822519 3989806                      14.1445834   16.19710  14.5%  70.7 2741s
 4822967 3992459   16.16290   53   29   14.14458   16.19710  14.5%  70.7 2745s
H4823132 3992459                      14.1445834   16.19681  14.5%  70.7 2745s
H4826437 3995132                      14.1445834   16.19643  14.5%  70.7 2748s
 4829924 3997988     cutoff   61        14.14458   16.19596  14.5%  70.7 2752s
 4835833 4002604   16.04995   59   26   14.14458   16.19486  14.5%  70.7 2757s
 4839667 4005513   14.52356   54   32   14.14458   16.19426  14.5%  70.7 2760s
 4847149 4011189   16.05858   58   32   14.14458   16.19322  14.5%  70.7 2766s
 4854657 4017058   15.95001   55   32   14.14458   16.19205  14.5%  70.7 2771s
 4862164 4023077   15.54028   59   29   14.14458   16.19077  14.5%  70.7 2776s
 4869162 4027944   15.52976   56   34   14.14458   16.18955  14.5%  70.7 2780s
 4876764 4033876     cutoff   57        14.14458   16.18838  14.4%  70.7 2785s
 4888020 4042640   15.91638   60   30   14.14458   16.18657  14.4%  70.7 2791s
 4895376 4047747   16.18544   49   30   14.14458   16.18544  14.4%  70.7 2796s
 4902308 4053688     cutoff   56        14.14458   16.18410  14.4%  70.7 2800s
 4909848 4059572   14.34175   55   28   14.14458   16.18258  14.4%  70.7 2805s
 4921120 4067848   16.02446   50   27   14.14458   16.18121  14.4%  70.7 2810s
 4931446 4075915   15.55043   61   24   14.14458   16.17929  14.4%  70.7 2817s
 4938499 4081326   16.07777   55   30   14.14458   16.17822  14.4%  70.7 2821s
 4946024 4086978   16.09037   57   28   14.14458   16.17710  14.4%  70.6 2825s
 4956994 4095113   15.63720   56   27   14.14458   16.17546  14.4%  70.6 2832s
 4964052 4100285   15.61721   54   37   14.14458   16.17461  14.4%  70.6 2836s
 4970999 4105945   15.84729   58   35   14.14458   16.17320  14.3%  70.6 2840s
 4982000 4114292   15.87515   54   22   14.14458   16.17157  14.3%  70.6 2846s
 4989563 4119495   15.67649   52   32   14.14458   16.17049  14.3%  70.6 2850s
 4999984 4127872     cutoff   54        14.14458   16.16898  14.3%  70.6 2856s
 5007136 4133204     cutoff   60        14.14458   16.16813  14.3%  70.6 2860s
 5017521 4140815   16.10762   53   33   14.14458   16.16648  14.3%  70.6 2866s
 5024473 4146599   14.26208   55   31   14.14458   16.16539  14.3%  70.6 2870s
 5035542 4155151   15.70830   59   27   14.14458   16.16371  14.3%  70.6 2876s
 5043011 4160811   14.67303   55   30   14.14458   16.16257  14.3%  70.6 2881s
 5050054 4166217   15.69268   59   30   14.14458   16.16157  14.3%  70.6 2885s
 5060981 4174375     cutoff   52        14.14458   16.15991  14.2%  70.6 2891s
 5068321 4180088   15.21593   61   27   14.14458   16.15893  14.2%  70.6 2895s
 5078867 4188230     cutoff   55        14.14458   16.15734  14.2%  70.6 2902s
 5086073 4193546   15.55544   57   32   14.14458   16.15613  14.2%  70.6 2906s
 5093415 4199258   16.08853   55   32   14.14458   16.15528  14.2%  70.6 2910s
 5100458 4204608   15.04018   50   39   14.14458   16.15406  14.2%  70.6 2915s
 5111383 4212864   16.01587   61   27   14.14458   16.15234  14.2%  70.6 2921s
 5118633 4218434   15.10514   58   29   14.14458   16.15129  14.2%  70.6 2925s
 5129801 4226729   16.13148   53   28   14.14458   16.14980  14.2%  70.6 2931s
 5136904 4232425   16.14872   47   31   14.14458   16.14872  14.2%  70.6 2935s
 5144123 4237608   15.84865   62   26   14.14458   16.14759  14.2%  70.6 2940s
 5154979 4245800   15.31427   59   26   14.14458   16.14598  14.1%  70.5 2946s
 5162105 4251258   16.14496   57   23   14.14458   16.14496  14.1%  70.5 2950s
 5173271 4259441   15.79309   57   27   14.14458   16.14354  14.1%  70.5 2956s
 5180421 4265368   15.15422   57   24   14.14458   16.14261  14.1%  70.5 2960s
 5187623 4270678   15.40307   57   26   14.14458   16.14161  14.1%  70.5 2965s
 5198141 4278923   14.93668   57   29   14.14458   16.13984  14.1%  70.5 2971s
 5205179 4284404   14.44436   60   25   14.14458   16.13884  14.1%  70.5 2975s
 5216188 4292521   16.13751   55   21   14.14458   16.13751  14.1%  70.5 2981s
 5223373 4298187     cutoff   57        14.14458   16.13618  14.1%  70.5 2985s
 5234253 4306045   16.12437   55   29   14.14458   16.13458  14.1%  70.5 2991s
 5241322 4311660   15.78513   64   23   14.14458   16.13363  14.1%  70.5 2996s
 5248487 4317039     cutoff   63        14.14458   16.13255  14.1%  70.5 3000s
 5259346 4325332   15.12195   64   26   14.14458   16.13119  14.0%  70.5 3006s
 5266480 4330444   15.15282   57   31   14.14458   16.13007  14.0%  70.5 3010s
 5276824 4338748   15.85439   50   14   14.14458   16.12846  14.0%  70.5 3016s
 5284495 4344076   16.12750   59   15   14.14458   16.12750  14.0%  70.5 3021s
 5291396 4349663   15.17271   62   30   14.14458   16.12643  14.0%  70.5 3025s
 5302084 4357542   16.03630   52   41   14.14458   16.12506  14.0%  70.5 3031s
 5309244 4362897   15.65725   57   26   14.14458   16.12393  14.0%  70.5 3035s
 5319806 4371361   16.12238   53   30   14.14458   16.12238  14.0%  70.5 3041s
 5327108 4376676     cutoff   60        14.14458   16.12143  14.0%  70.5 3045s
 5337609 4384485   15.45266   60   31   14.14458   16.12003  14.0%  70.5 3052s
 5344875 4389847   15.53381   50   34   14.14458   16.11898  14.0%  70.5 3056s
 5352082 4395525   15.82944   56   32   14.14458   16.11774  13.9%  70.5 3060s
 5363262 4403689     cutoff   60        14.14458   16.11631  13.9%  70.4 3066s
 5369989 4408988   15.31229   58   24   14.14458   16.11523  13.9%  70.4 3070s
 5381142 4417022   15.67702   59   25   14.14458   16.11371  13.9%  70.4 3076s
 5388034 4422461   14.71508   57   28   14.14458   16.11277  13.9%  70.4 3080s
 5395454 4427866     cutoff   54        14.14458   16.11170  13.9%  70.4 3085s
 5406087 4436146   15.94375   56   29   14.14458   16.11036  13.9%  70.4 3091s
 5413435 4441604     cutoff   43        14.14458   16.10915  13.9%  70.4 3095s
 5420571 4446924   16.03806   57   29   14.14458   16.10811  13.9%  70.4 3100s
 5431229 4455057     cutoff   56        14.14458   16.10663  13.9%  70.4 3106s
 5438225 4460501   15.40320   56   31   14.14458   16.10571  13.9%  70.4 3110s
 5442029 4460553   15.15446   62   27   14.14458   16.10503  13.9%  70.4 3115s
 5442104 4460603   16.10446   52   31   14.14458   16.10501  13.9%  70.4 3120s
H5442205 4460776                      14.1445834   16.10501  13.9%  70.4 3123s
 5442414 4461413   15.87622   54   36   14.14458   16.10501  13.9%  70.4 3125s
 5444972 4464615   15.96624   46   35   14.14458   16.10495  13.9%  70.4 3130s
 5451382 4470482   16.10474   56   35   14.14458   16.10474  13.9%  70.4 3136s
 5459999 4476168   14.77389   66   21   14.14458   16.10365  13.9%  70.4 3141s
 5466945 4481762   16.06264   58   26   14.14458   16.10200  13.8%  70.4 3146s
 5474204 4487352   15.39922   59   31   14.14458   16.10075  13.8%  70.4 3150s
 5485104 4495609   15.30508   58   23   14.14458   16.09918  13.8%  70.4 3157s
 5491993 4500803   15.45020   59   26   14.14458   16.09820  13.8%  70.4 3161s
 5499846 4506599   15.05279   51   38   14.14458   16.09716  13.8%  70.4 3165s
 5507333 4511929   15.69103   52   28   14.14458   16.09625  13.8%  70.4 3170s
 5517916 4519716   15.31073   56   28   14.14458   16.09466  13.8%  70.4 3176s
 5524879 4525177   15.17350   59   25   14.14458   16.09375  13.8%  70.4 3180s
 5535838 4533371   14.41618   57   28   14.14458   16.09214  13.8%  70.4 3186s
 5543174 4539228   16.09134   49   26   14.14458   16.09134  13.8%  70.4 3190s
 5550135 4544456   15.89853   47   24   14.14458   16.09029  13.8%  70.4 3195s
 5561385 4552738   15.97187   57   29   14.14458   16.08865  13.7%  70.4 3202s
 5568650 4558184   15.78762   55   25   14.14458   16.08779  13.7%  70.4 3206s
 5576413 4563737   15.12518   50   12   14.14458   16.08681  13.7%  70.4 3210s
 5587139 4571864   14.88266   52   26   14.14458   16.08554  13.7%  70.3 3216s
 5594019 4577238   15.71630   56   32   14.14458   16.08455  13.7%  70.3 3220s
 5604946 4585167   16.08039   57   30   14.14458   16.08297  13.7%  70.3 3227s
 5611653 4590354   15.88748   51   37   14.14458   16.08194  13.7%  70.3 3231s
 5619171 4595710   16.04935   36   31   14.14458   16.08101  13.7%  70.3 3235s
 5630094 4604120   15.65624   55   29   14.14458   16.07943  13.7%  70.3 3241s
 5637051 4609506   15.78914   64   25   14.14458   16.07839  13.7%  70.3 3246s
 5644184 4614754   15.98622   53   37   14.14458   16.07730  13.7%  70.3 3250s
 5655359 4623237   15.98418   62   27   14.14458   16.07607  13.7%  70.3 3256s
 5662420 4628479   15.75235   58   33   14.14458   16.07512  13.6%  70.3 3260s
 5673081 4636718     cutoff   57        14.14458   16.07372  13.6%  70.3 3267s
 5680455 4642059   15.99474   48   33   14.14458   16.07276  13.6%  70.3 3271s
 5687716 4647626   15.56544   59   25   14.14458   16.07176  13.6%  70.3 3275s
 5698587 4655663   16.07035   62   21   14.14458   16.07035  13.6%  70.3 3281s
 5705539 4660900   15.48498   61   26   14.14458   16.06929  13.6%  70.3 3286s
 5713110 4666452     cutoff   54        14.14458   16.06849  13.6%  70.3 3290s
 5723965 4674529   14.96551   55   32   14.14458   16.06720  13.6%  70.3 3296s
 5731094 4679778     cutoff   60        14.14458   16.06601  13.6%  70.3 3300s
 5741704 4688204   14.31060   55   32   14.14458   16.06469  13.6%  70.3 3306s
 5748994 4693556   16.04767   60   24   14.14458   16.06374  13.6%  70.3 3310s
 5756106 4699001   15.46398   62   26   14.14458   16.06281  13.6%  70.3 3315s
 5766663 4706883   15.39944   55   34   14.14458   16.06143  13.6%  70.3 3321s
 5777727 4714708   15.59174   57   22   14.14458   16.05997  13.5%  70.3 3326s
 5784955 4720390   15.94516   57   29   14.14458   16.05912  13.5%  70.3 3330s
 5795888 4728256   16.05417   51   28   14.14458   16.05771  13.5%  70.3 3336s
 5802858 4733506   14.70522   51   33   14.14458   16.05688  13.5%  70.2 3340s
 5813582 4741358   15.71019   61   26   14.14458   16.05532  13.5%  70.2 3347s
 5820598 4746972   16.05437   52   20   14.14458   16.05437  13.5%  70.2 3351s
 5827848 4752164   15.91475   53   30   14.14458   16.05336  13.5%  70.2 3355s
 5838879 4760461   15.75124   52   27   14.14458   16.05218  13.5%  70.2 3361s
 5845928 4765648   15.67498   60   22   14.14458   16.05120  13.5%  70.2 3365s
 5856409 4773355   16.04984   51   24   14.14458   16.04984  13.5%  70.2 3371s
 5863377 4778546   14.97678   59   26   14.14458   16.04903  13.5%  70.2 3376s
 5870590 4783897   14.69280   59   32   14.14458   16.04800  13.5%  70.2 3380s
 5881346 4791889   15.06144   59   25   14.14458   16.04653  13.4%  70.2 3386s
 5888480 4797059   16.04573   53   22   14.14458   16.04573  13.4%  70.2 3390s
 5898889 4805379   16.04442   49   31   14.14458   16.04442  13.4%  70.2 3397s
 5906797 4810960   16.04353   51   34   14.14458   16.04353  13.4%  70.2 3401s
 5913762 4815999   15.72084   51   31   14.14458   16.04249  13.4%  70.2 3405s
 5924249 4823917     cutoff   60        14.14458   16.04114  13.4%  70.2 3411s
 5931529 4829479   15.76323   53   33   14.14458   16.04037  13.4%  70.2 3415s
 5942205 4837028   15.35868   56   23   14.14458   16.03892  13.4%  70.2 3421s
 5949298 4842299     cutoff   59        14.14458   16.03787  13.4%  70.2 3426s
 5956331 4847504   15.91146   63   22   14.14458   16.03700  13.4%  70.2 3430s
 5966919 4855477     cutoff   54        14.14458   16.03575  13.4%  70.2 3436s
 5973967 4860670   15.53643   63   26   14.14458   16.03481  13.4%  70.2 3440s
 5984741 4868462   15.59974   56   22   14.14458   16.03343  13.4%  70.2 3446s
 5991838 4873887     cutoff   46        14.14458   16.03266  13.3%  70.2 3451s
 5998782 4879043   15.48415   51   30   14.14458   16.03165  13.3%  70.2 3455s
 6009368 4886909   15.53444   63   21   14.14458   16.03024  13.3%  70.2 3462s
 6016612 4891905     cutoff   60        14.14458   16.02935  13.3%  70.2 3466s
 6023822 4897589   15.34304   60   24   14.14458   16.02863  13.3%  70.1 3470s
 6034685 4905708     cutoff   51        14.14458   16.02711  13.3%  70.1 3476s
 6041938 4910990   16.02627   50   33   14.14458   16.02627  13.3%  70.1 3480s
 6048793 4916252   15.87579   57   22   14.14458   16.02539  13.3%  70.1 3485s
 6059917 4924132     cutoff   60        14.14458   16.02404  13.3%  70.1 3491s
 6066969 4929323   15.82844   61   31   14.14458   16.02324  13.3%  70.1 3495s
 6077729 4936953   14.64728   61   24   14.14458   16.02174  13.3%  70.1 3501s
 6085000 4942516     cutoff   55        14.14458   16.02094  13.3%  70.1 3506s
 6091998 4947803   16.01928   48   23   14.14458   16.02009  13.3%  70.1 3510s
 6102751 4955823     cutoff   62        14.14458   16.01867  13.2%  70.1 3516s
 6109866 4960740   15.71943   53   31   14.14458   16.01776  13.2%  70.1 3521s
 6116453 4966163   16.01679   53   32   14.14458   16.01679  13.2%  70.1 3525s
 6127801 4974469   15.94917   64   25   14.14458   16.01538  13.2%  70.1 3531s
 6135263 4979777   15.88260   53   24   14.14458   16.01445  13.2%  70.1 3535s
 6142100 4984721   15.95546   55   35   14.14458   16.01372  13.2%  70.1 3540s
 6152840 4992737   14.78460   56   33   14.14458   16.01222  13.2%  70.1 3546s
 6160220 4998179   14.88375   64   25   14.14458   16.01121  13.2%  70.1 3551s
 6167644 5003289   15.20894   56   34   14.14458   16.01034  13.2%  70.1 3555s
 6178308 5011159   16.00899   53   27   14.14458   16.00899  13.2%  70.1 3561s
 6185276 5016547   15.19087   57   27   14.14458   16.00815  13.2%  70.1 3565s
 6196502 5024689   15.21632   56   31   14.14458   16.00689  13.2%  70.1 3572s
 6203455 5029660   15.69095   58   31   14.14458   16.00607  13.2%  70.1 3576s
 6210566 5034927     cutoff   53        14.14458   16.00510  13.2%  70.1 3580s
 6221596 5042972   15.45961   53   37   14.14458   16.00393  13.1%  70.1 3586s
 6228648 5048103   15.09836   51   19   14.14458   16.00310  13.1%  70.1 3590s
 6239301 5055862   15.62343   55   31   14.14458   16.00183  13.1%  70.1 3596s
 6246457 5061443   14.22114   51   24   14.14458   16.00091  13.1%  70.1 3601s
 6253693 5066669     cutoff   56        14.14458   16.00014  13.1%  70.0 3605s
 6264309 5074104   15.81876   51   23   14.14458   15.99876  13.1%  70.0 3611s
 6271173 5079449   15.99789   55   27   14.14458   15.99789  13.1%  70.0 3615s
 6282101 5087687   15.39796   57   26   14.14458   15.99664  13.1%  70.0 3621s
 6289374 5092906   15.87759   56   28   14.14458   15.99587  13.1%  70.0 3625s
 6299899 5101017   15.57303   58   31   14.14458   15.99460  13.1%  70.0 3631s
 6306747 5106053   14.38523   62   23   14.14458   15.99380  13.1%  70.0 3635s
 6317681 5114011   15.27651   54   28   14.14458   15.99259  13.1%  70.0 3641s
 6324855 5119220   15.30217   54   24   14.14458   15.99159  13.1%  70.0 3645s
 6335156 5126932   15.99014   56   30   14.14458   15.99037  13.0%  70.0 3651s
 6342674 5132061     cutoff   60        14.14458   15.98944  13.0%  70.0 3656s
 6349726 5137543   14.71592   56   38   14.14458   15.98860  13.0%  70.0 3660s
 6360327 5145076     cutoff   58        14.14458   15.98730  13.0%  70.0 3666s
 6367422 5150345   15.55151   52   30   14.14458   15.98634  13.0%  70.0 3671s
 6374757 5155620   15.61526   61   27   14.14458   15.98545  13.0%  70.0 3675s
 6385412 5163367   14.32265   54   37   14.14458   15.98423  13.0%  70.0 3681s
 6392466 5168709   15.86084   56   25   14.14458   15.98339  13.0%  70.0 3685s
 6399577 5174025   15.15501   60   30   14.14458   15.98253  13.0%  70.0 3690s
 6410387 5181926   15.13777   59   28   14.14458   15.98123  13.0%  70.0 3696s
 6417394 5187260     cutoff   54        14.14458   15.98034  13.0%  70.0 3700s
 6424576 5192149   15.20787   57   32   14.14458   15.97961  13.0%  70.0 3705s
 6435214 5199852   15.85803   57   26   14.14458   15.97824  13.0%  70.0 3711s
 6442365 5205311   15.63354   59   29   14.14458   15.97743  13.0%  70.0 3716s
 6449740 5210631   14.46620   61   23   14.14458   15.97631  13.0%  70.0 3720s
 6460194 5218561   15.36498   58   32   14.14458   15.97508  12.9%  70.0 3727s
 6467459 5223965   15.33151   55   27   14.14458   15.97440  12.9%  70.0 3731s
 6474908 5229240   14.64139   60   23   14.14458   15.97362  12.9%  70.0 3735s
 6485260 5236750     cutoff   63        14.14458   15.97229  12.9%  70.0 3741s
 6492147 5241921     cutoff   64        14.14458   15.97149  12.9%  69.9 3745s
 6502978 5249507   14.57045   55   31   14.14458   15.97027  12.9%  69.9 3752s
 6510211 5255012   15.33635   62   21   14.14458   15.96954  12.9%  69.9 3756s
 6517447 5260021   15.53367   63   29   14.14458   15.96857  12.9%  69.9 3760s
 6528403 5268274   15.77098   63   24   14.14458   15.96721  12.9%  69.9 3766s
 6535283 5273677     cutoff   60        14.14458   15.96640  12.9%  69.9 3771s
 6542827 5279185   15.31502   63   24   14.14458   15.96567  12.9%  69.9 3775s
 6553371 5287254     cutoff   63        14.14458   15.96455  12.9%  69.9 3782s
 6560442 5292157   15.91246   54   34   14.14458   15.96364  12.9%  69.9 3786s
 6567342 5297191   15.57779   55   34   14.14458   15.96290  12.9%  69.9 3790s
 6578405 5305209   15.66613   62   24   14.14458   15.96158  12.8%  69.9 3796s
 6585338 5310226   15.83894   53   27   14.14458   15.96071  12.8%  69.9 3801s
 6592622 5315573   14.93141   58   27   14.14458   15.95999  12.8%  69.9 3805s
 6603350 5323396   14.25572   57   32   14.14458   15.95884  12.8%  69.9 3812s
 6610471 5328395   15.48033   59   23   14.14458   15.95800  12.8%  69.9 3816s
 6617391 5333631   15.87370   54   33   14.14458   15.95723  12.8%  69.9 3820s
 6628435 5341875   15.95595   47   27   14.14458   15.95595  12.8%  69.9 3826s
 6635723 5347083     cutoff   48        14.14458   15.95507  12.8%  69.9 3831s
 6642979 5352120   15.95422   51   28   14.14458   15.95422  12.8%  69.9 3835s
 6650003 5357289   15.80802   50   39   14.14458   15.95337  12.8%  69.9 3840s
 6660528 5365317     cutoff   49        14.14458   15.95215  12.8%  69.9 3846s
 6667957 5370744     cutoff   59        14.14458   15.95139  12.8%  69.9 3850s
 6678616 5378519   15.45907   62   25   14.14458   15.95014  12.8%  69.9 3856s
 6685879 5383553   15.52052   53   30   14.14458   15.94932  12.8%  69.9 3861s
 6693203 5388906   15.82272   60   29   14.14458   15.94865  12.8%  69.9 3865s
 6703870 5396533   15.46434   57   35   14.14458   15.94746  12.7%  69.9 3871s
 6710589 5401441   15.83536   56   28   14.14458   15.94665  12.7%  69.8 3875s
 6717757 5406561   15.68751   60   25   14.14458   15.94563  12.7%  69.8 3880s
 6728834 5414688   14.34437   62   21   14.14458   15.94428  12.7%  69.8 3886s
 6735977 5419971     cutoff   59        14.14458   15.94351  12.7%  69.8 3891s
 6743073 5425111   15.73832   58   34   14.14458   15.94265  12.7%  69.8 3895s
 6753868 5433117     cutoff   60        14.14458   15.94154  12.7%  69.8 3902s
 6761143 5438203     cutoff   51        14.14458   15.94069  12.7%  69.8 3906s
 6768197 5443438   15.45962   59   28   14.14458   15.93989  12.7%  69.8 3910s
 6775062 5448500   15.24268   48   20   14.14458   15.93911  12.7%  69.8 3915s
 6786277 5456828     cutoff   58        14.14458   15.93795  12.7%  69.8 3921s
 6793665 5462262   14.92755   50   31   14.14458   15.93718  12.7%  69.8 3926s
 6800673 5467194   15.93635   50   26   14.14458   15.93635  12.7%  69.8 3930s
 6807552 5472085   15.34847   64   24   14.14458   15.93546  12.7%  69.8 3935s
 6818481 5480224   15.56681   62   24   14.14458   15.93431  12.7%  69.8 3941s
 6825911 5485372   15.90770   49   38   14.14458   15.93339  12.6%  69.8 3945s
 6832917 5490665   15.16467   57   28   14.14458   15.93254  12.6%  69.8 3950s
 6843382 5498178     cutoff   53        14.14458   15.93142  12.6%  69.8 3956s
 6850815 5503551   15.50934   58   25   14.14458   15.93061  12.6%  69.8 3961s
 6857845 5508599   15.38824   51   31   14.14458   15.92997  12.6%  69.8 3965s
 6868608 5516550   14.21392   62   26   14.14458   15.92863  12.6%  69.8 3971s
 6875819 5522005   15.02262   55   31   14.14458   15.92797  12.6%  69.8 3976s
 6882684 5526827   15.55515   59   33   14.14458   15.92709  12.6%  69.8 3980s
 6893623 5534899   15.23850   59   29   14.14458   15.92596  12.6%  69.8 3987s
 6900857 5540054   15.86570   60   23   14.14458   15.92520  12.6%  69.8 3991s
 6907688 5545092   14.24638   66   26   14.14458   15.92436  12.6%  69.8 3995s
 6914899 5550492   14.33828   53   32   14.14458   15.92367  12.6%  69.8 4000s
 6925721 5558176   15.47286   56   32   14.14458   15.92233  12.6%  69.7 4006s
 6933028 5563168   15.68184   59   25   14.14458   15.92152  12.6%  69.7 4011s
 6940117 5568684   15.92084   56   30   14.14458   15.92084  12.6%  69.7 4015s
 6951145 5576631   15.88863   57   31   14.14458   15.91961  12.5%  69.7 4022s
 6958154 5582050   15.42108   53   29   14.14458   15.91888  12.5%  69.7 4026s
 6965155 5587052   14.46115   53   33   14.14458   15.91810  12.5%  69.7 4030s
 6972695 5592206   15.56170   54   24   14.14458   15.91725  12.5%  69.7 4035s
 6983904 5600104     cutoff   54        14.14458   15.91614  12.5%  69.7 4042s
 6990900 5605488   15.35273   59   25   14.14458   15.91531  12.5%  69.7 4047s
 6997984 5610266   15.86834   55   28   14.14458   15.91452  12.5%  69.7 4051s
 7004817 5615546   15.35126   60   28   14.14458   15.91368  12.5%  69.7 4056s
 7012175 5620772   15.44056   56   41   14.14458   15.91290  12.5%  69.7 4060s
 7019744 5626099   15.35336   55   29   14.14458   15.91217  12.5%  69.7 4065s
 7030035 5633724   15.74746   60   25   14.14458   15.91099  12.5%  69.7 4072s
 7037538 5638951     cutoff   55        14.14458   15.91008  12.5%  69.7 4077s
 7044457 5644309     cutoff   54        14.14458   15.90937  12.5%  69.7 4082s
 7052367 5649884   15.83709   51   24   14.14458   15.90850  12.5%  69.7 4086s
 7059162 5655092   15.58198   61   27   14.14458   15.90783  12.5%  69.7 4091s
 7066350 5660173     cutoff   53        14.14458   15.90705  12.5%  69.7 4095s
 7069996 5660218   15.90666   51   32   14.14458   15.90666  12.5%  69.7 4100s
 7070071 5660265   15.75421   53   32   14.14458   15.90666  12.5%  69.7 4105s
H7070121 5660292                      14.1445834   15.90660  12.5%  69.7 4109s
 7070148 5660464   15.90660   53   31   14.14458   15.90660  12.5%  69.7 4112s
H7070360 5660464                      14.1445834   15.90660  12.5%  69.7 4112s
 7070364 5661027   15.71768   54   40   14.14458   15.90660  12.5%  69.7 4115s
 7072641 5663558   15.63380   55   32   14.14458   15.90652  12.5%  69.7 4120s
 7078358 5669364     cutoff   57        14.14458   15.90641  12.5%  69.7 4127s
 7082749 5672814     cutoff   49        14.14458   15.90610  12.5%  69.7 4130s
 7094382 5680246   15.29059   57   28   14.14458   15.90431  12.4%  69.7 4136s
 7101543 5685116   15.10132   58   28   14.14458   15.90332  12.4%  69.7 4141s
 7108753 5690458   15.31337   53   31   14.14458   15.90245  12.4%  69.7 4145s
 7119614 5698227   14.58591   58   36   14.14458   15.90132  12.4%  69.7 4151s
 7126525 5703213   15.54195   57   26   14.14458   15.90064  12.4%  69.7 4156s
 7133762 5708605   15.89991   47   27   14.14458   15.89991  12.4%  69.7 4160s
 7144306 5716504   15.04508   60   34   14.14458   15.89888  12.4%  69.7 4166s
 7151908 5721609   15.31027   51   25   14.14458   15.89809  12.4%  69.6 4170s
 7162498 5729367   14.61575   52   39   14.14458   15.89721  12.4%  69.6 4176s
 7169804 5734727   14.97060   58   27   14.14458   15.89634  12.4%  69.6 4180s
 7180553 5742468   15.74362   58   28   14.14458   15.89519  12.4%  69.6 4187s
 7187604 5747557   15.79200   54   25   14.14458   15.89436  12.4%  69.6 4191s
 7194826 5752496   15.32314   55   29   14.14458   15.89362  12.4%  69.6 4195s
 7205314 5760093   15.48630   63   22   14.14458   15.89257  12.4%  69.6 4202s
 7212206 5765178   15.81495   59   24   14.14458   15.89188  12.4%  69.6 4206s
 7219404 5769989   15.89044   51   32   14.14458   15.89112  12.3%  69.6 4210s
 7230159 5778071   14.85700   57   31   14.14458   15.89006  12.3%  69.6 4217s
 7237349 5783047     cutoff   63        14.14458   15.88935  12.3%  69.6 4221s
 7244677 5788522   15.13038   57   27   14.14458   15.88852  12.3%  69.6 4225s
 7251384 5793589   14.88985   62   23   14.14458   15.88774  12.3%  69.6 4230s
 7259032 5798935   15.88686   44   32   14.14458   15.88686  12.3%  69.6 4235s
 7270427 5806549   15.20003   57   30   14.14458   15.88584  12.3%  69.6 4241s
 7277208 5811532   15.81238   47   32   14.14458   15.88491  12.3%  69.6 4245s
 7287708 5819042   15.66808   57   28   14.14458   15.88379  12.3%  69.6 4252s
 7294906 5824224   15.88302   55   32   14.14458   15.88302  12.3%  69.6 4256s
 7302040 5829422   15.45673   54   35   14.14458   15.88218  12.3%  69.6 4260s
 7313309 5837212   15.14282   58   31   14.14458   15.88120  12.3%  69.6 4267s
 7320273 5842326   14.72812   70   20   14.14458   15.88048  12.3%  69.6 4271s
 7327411 5847727     cutoff   56        14.14458   15.87976  12.3%  69.6 4276s
 7334592 5852873   15.55821   59   28   14.14458   15.87891  12.3%  69.6 4280s
 7345531 5860623   14.31298   63   27   14.14458   15.87770  12.3%  69.6 4287s
 7352608 5865532     cutoff   55        14.14458   15.87693  12.2%  69.6 4291s
 7359779 5870935   14.35981   63   27   14.14458   15.87636  12.2%  69.5 4295s
 7366877 5875923   14.71785   59   29   14.14458   15.87556  12.2%  69.5 4300s
 7377588 5883412   14.64492   55   31   14.14458   15.87456  12.2%  69.5 4306s
 7384761 5888896     cutoff   48        14.14458   15.87379  12.2%  69.5 4310s
 7395748 5896263     cutoff   57        14.14458   15.87281  12.2%  69.5 4317s
 7402633 5901601   15.43893   38   32   14.14458   15.87202  12.2%  69.5 4321s
 7409713 5906350   15.85138   57   33   14.14458   15.87129  12.2%  69.5 4325s
 7416640 5911727   15.52768   63   21   14.14458   15.87047  12.2%  69.5 4330s
 7427758 5919833   15.85939   60   24   14.14458   15.86948  12.2%  69.5 4336s
 7434842 5924973   15.85711   57   32   14.14458   15.86858  12.2%  69.5 4340s
 7442202 5930158   15.48761   54   30   14.14458   15.86788  12.2%  69.5 4345s
 7452771 5937611   15.86691   56   32   14.14458   15.86691  12.2%  69.5 4351s
 7459837 5942538   15.51247   57   29   14.14458   15.86606  12.2%  69.5 4356s
 7467279 5948092   15.15237   56   29   14.14458   15.86543  12.2%  69.5 4360s
 7478042 5955471   15.84018   58   23   14.14458   15.86450  12.2%  69.5 4366s
 7485035 5960628     cutoff   56        14.14458   15.86358  12.2%  69.5 4370s
 7492162 5965625   15.07136   55   28   14.14458   15.86291  12.1%  69.5 4375s
 7503077 5973328   15.73604   47   30   14.14458   15.86192  12.1%  69.5 4382s
 7510078 5978596   15.75070   41   29   14.14458   15.86109  12.1%  69.5 4386s
 7517283 5983466   14.80263   65   22   14.14458   15.86044  12.1%  69.5 4390s
 7528244 5991285   14.58011   58   24   14.14458   15.85942  12.1%  69.5 4396s
 7535593 5996293   15.47379   50   36   14.14458   15.85868  12.1%  69.5 4401s
 7542357 6001561   14.97230   57   30   14.14458   15.85797  12.1%  69.5 4405s
 7549994 6006831     cutoff   55        14.14458   15.85715  12.1%  69.5 4410s
 7561063 6014798   14.47827   66   22   14.14458   15.85614  12.1%  69.5 4416s
 7568256 6019632   15.85543   52   22   14.14458   15.85543  12.1%  69.5 4420s
 7578722 6027225   14.45889   58   27   14.14458   15.85444  12.1%  69.4 4426s
 7585848 6032281   15.28509   62   28   14.14458   15.85378  12.1%  69.4 4431s
 7592835 6037280   14.86008   52   42   14.14458   15.85296  12.1%  69.4 4435s
 7599468 6042242   15.61859   58   24   14.14458   15.85218  12.1%  69.4 4440s
 7610516 6049738   15.83897   63   28   14.14458   15.85105  12.1%  69.4 4446s
 7618040 6055011   15.79200   60   28   14.14458   15.85023  12.1%  69.4 4451s
 7625632 6059960   15.33463   58   26   14.14458   15.84950  12.1%  69.4 4455s
 7632476 6065139   15.57862   55   26   14.14458   15.84880  12.0%  69.4 4460s
 7639668 6070426   15.66899   55   32   14.14458   15.84798  12.0%  69.4 4465s
 7651016 6078017   15.16758   55   27   14.14458   15.84686  12.0%  69.4 4471s
 7657825 6082920   15.02937   65   24   14.14458   15.84616  12.0%  69.4 4475s
 7664950 6088015   14.52274   55   37   14.14458   15.84536  12.0%  69.4 4480s
 7675775 6095625     cutoff   65        14.14458   15.84430  12.0%  69.4 4487s
 7683157 6101019   14.83284   50   29   14.14458   15.84377  12.0%  69.4 4490s
 7693940 6108668     cutoff   55        14.14458   15.84252  12.0%  69.4 4496s
 7701133 6113612   15.73230   55   36   14.14458   15.84176  12.0%  69.4 4501s
 7708015 6118767   15.27561   59   26   14.14458   15.84102  12.0%  69.4 4505s
 7719082 6126334     cutoff   57        14.14458   15.83998  12.0%  69.4 4511s
 7725981 6131310   15.67850   61   31   14.14458   15.83935  12.0%  69.4 4515s
 7736524 6138544   14.66177   60   24   14.14458   15.83824  12.0%  69.4 4520s
 7747188 6146372   14.99485   55   28   14.14458   15.83711  12.0%  69.4 4526s
 7754382 6151026   15.01379   61   33   14.14458   15.83648  12.0%  69.4 4531s
 7761565 6156498   15.67493   51   29   14.14458   15.83571  12.0%  69.4 4535s
 7768879 6161734     cutoff   61        14.14458   15.83503  12.0%  69.4 4540s
 7779927 6169119   15.50040   64   19   14.14458   15.83399  11.9%  69.4 4546s
 7786998 6174352   15.49053   57   20   14.14458   15.83334  11.9%  69.4 4550s
 7797689 6181922     cutoff   51        14.14458   15.83220  11.9%  69.4 4557s
 7804791 6186789   15.72525   56   27   14.14458   15.83154  11.9%  69.3 4561s
 7812248 6191857   15.81233   56   28   14.14458   15.83082  11.9%  69.3 4566s
 7819352 6196763   15.63887   55   34   14.14458   15.83018  11.9%  69.3 4570s
 7829828 6204557   15.16686   62   24   14.14458   15.82903  11.9%  69.3 4576s
 7837382 6209581   15.41339   64   20   14.14458   15.82841  11.9%  69.3 4580s
 7844494 6214585     cutoff   60        14.14458   15.82767  11.9%  69.3 4585s
 7855176 6222572     cutoff   63        14.14458   15.82670  11.9%  69.3 4592s
 7862704 6228030     cutoff   57        14.14458   15.82604  11.9%  69.3 4596s
 7869616 6233101   15.68989   53   36   14.14458   15.82554  11.9%  69.3 4600s
 7880324 6240678   14.77541   50   27   14.14458   15.82442  11.9%  69.3 4606s
 7887422 6245730   15.47206   46   32   14.14458   15.82365  11.9%  69.3 4611s
 7894525 6250691     cutoff   57        14.14458   15.82304  11.9%  69.3 4615s
 7902062 6255982   15.09572   55   34   14.14458   15.82231  11.9%  69.3 4620s
 7912328 6263320   14.20840   53   21   14.14458   15.82135  11.9%  69.3 4626s
 7919451 6268396     cutoff   59        14.14458   15.82060  11.8%  69.3 4630s
 7926918 6273561     cutoff   55        14.14458   15.81999  11.8%  69.3 4635s
 7937924 6281145     cutoff   52        14.14458   15.81875  11.8%  69.3 4642s
 7944915 6286103     cutoff   54        14.14458   15.81808  11.8%  69.3 4646s
 7951979 6291153   15.67997   61   21   14.14458   15.81736  11.8%  69.3 4651s
 7959222 6296447   15.05151   54   32   14.14458   15.81673  11.8%  69.3 4655s
 7970252 6303871   15.35108   61   27   14.14458   15.81562  11.8%  69.3 4661s
 7977162 6309327     cutoff   58        14.14458   15.81495  11.8%  69.3 4665s
 7984951 6314479   15.46123   50   36   14.14458   15.81426  11.8%  69.3 4670s
 7995805 6322314   15.81324   51   27   14.14458   15.81324  11.8%  69.3 4677s
 8002720 6327117   15.24704   57   28   14.14458   15.81268  11.8%  69.3 4681s
 8010082 6332139   15.38777   59   25   14.14458   15.81202  11.8%  69.3 4685s
 8020970 6340030   15.51542   59   24   14.14458   15.81099  11.8%  69.2 4691s
 8028097 6345264   15.30691   63   26   14.14458   15.81038  11.8%  69.2 4696s
 8035161 6350370   15.77710   56   37   14.14458   15.80976  11.8%  69.2 4700s
 8042528 6355251     cutoff   51        14.14458   15.80901  11.8%  69.2 4705s
 8053109 6362920   15.70177   57   34   14.14458   15.80804  11.8%  69.2 4711s
 8060286 6367977   15.59137   61   24   14.14458   15.80740  11.8%  69.2 4715s
 8067084 6372826   15.19034   56   29   14.14458   15.80681  11.8%  69.2 4720s
 8078214 6380516   15.61475   51   32   14.14458   15.80574  11.7%  69.2 4726s
 8085642 6385734   15.64860   39   28   14.14458   15.80496  11.7%  69.2 4731s
 8092784 6390656   15.06130   56   34   14.14458   15.80432  11.7%  69.2 4735s
 8099514 6395565   15.36249   55   32   14.14458   15.80361  11.7%  69.2 4740s
 8110584 6403188   14.75519   57   24   14.14458   15.80264  11.7%  69.2 4746s
 8118039 6408181   14.89160   62   27   14.14458   15.80190  11.7%  69.2 4751s
 8125100 6413361   15.20045   55   33   14.14458   15.80134  11.7%  69.2 4755s
 8135629 6420890   15.78171   47   25   14.14458   15.80033  11.7%  69.2 4761s
 8143033 6425762   15.69620   60   29   14.14458   15.79976  11.7%  69.2 4765s
 8150036 6430607   15.75400   61   25   14.14458   15.79906  11.7%  69.2 4770s
 8160302 6437864   15.70576   54   34   14.14458   15.79810  11.7%  69.2 4776s
 8167566 6442782   15.47050   55   26   14.14458   15.79741  11.7%  69.2 4780s
 8178070 6450115   15.66223   56   36   14.14458   15.79653  11.7%  69.2 4786s
 8185062 6455155   15.79582   56   23   14.14458   15.79582  11.7%  69.2 4791s
 8192130 6460205   15.28181   60   28   14.14458   15.79518  11.7%  69.2 4795s
 8202739 6467474   15.14786   58   29   14.14458   15.79430  11.7%  69.2 4801s
 8209772 6472281   14.23371   51   22   14.14458   15.79362  11.7%  69.2 4806s
 8216985 6477443   15.79108   55   21   14.14458   15.79301  11.7%  69.2 4810s
 8227552 6484974     cutoff   60        14.14458   15.79202  11.6%  69.2 4816s
 8234797 6490044   15.22967   56   38   14.14458   15.79134  11.6%  69.2 4820s
 8242219 6494915   15.79071   56   28   14.14458   15.79071  11.6%  69.2 4825s
 8252701 6502389   15.44167   58   37   14.14458   15.78977  11.6%  69.1 4831s
 8260437 6507360   15.76011   48   21   14.14458   15.78903  11.6%  69.1 4836s
 8267569 6512456   15.63947   51   33   14.14458   15.78836  11.6%  69.1 4840s
 8274865 6517526   15.08143   34   36   14.14458   15.78779  11.6%  69.1 4845s
 8285672 6525058   15.29719   62   24   14.14458   15.78680  11.6%  69.1 4851s
 8292926 6530116   15.32720   56   33   14.14458   15.78615  11.6%  69.1 4855s
 8300106 6535209   14.87886   64   22   14.14458   15.78547  11.6%  69.1 4860s
 8310930 6542788     cutoff   68        14.14458   15.78453  11.6%  69.1 4866s
 8318094 6547663   14.60503   53   33   14.14458   15.78414  11.6%  69.1 4871s
 8324849 6552386   15.78331   54   24   14.14458   15.78331  11.6%  69.1 4875s
 8335370 6559785   15.66579   53   32   14.14458   15.78230  11.6%  69.1 4881s
 8342592 6564461   14.70244   55   29   14.14458   15.78159  11.6%  69.1 4885s
 8349564 6569344   15.59468   56   34   14.14458   15.78096  11.6%  69.1 4890s
 8359212 6574601   15.56996   62   24   14.14458   15.78026  11.6%  69.1 4895s
 8367752 6582009   15.75694   53   34   14.14458   15.77952  11.6%  69.1 4901s
 8374542 6587049   15.74952   57   27   14.14458   15.77867  11.6%  69.1 4906s
 8382011 6591780   15.46899   51   35   14.14458   15.77809  11.5%  69.1 4910s
 8391984 6599139   15.77710   52   26   14.14458   15.77710  11.5%  69.1 4916s
 8399708 6604095   14.88072   61   19   14.14458   15.77647  11.5%  69.1 4920s
 8406479 6609209   15.50769   59   28   14.14458   15.77588  11.5%  69.1 4925s
 8417265 6616706     cutoff   56        14.14458   15.77506  11.5%  69.1 4932s
 8424457 6621561   15.59199   61   24   14.14458   15.77447  11.5%  69.1 4936s
 8431573 6626631   15.59460   50   31   14.14458   15.77364  11.5%  69.1 4940s
 8442108 6633925   15.31436   64   25   14.14458   15.77278  11.5%  69.1 4946s
 8449547 6638861     cutoff   64        14.14458   15.77206  11.5%  69.1 4951s
 8456660 6644110   15.50034   51   33   14.14458   15.77153  11.5%  69.1 4956s
 8464003 6649389     cutoff   60        14.14458   15.77079  11.5%  69.1 4961s
 8471171 6654200     cutoff   62        14.14458   15.77025  11.5%  69.1 4965s
 8481721 6661585   15.29008   58   29   14.14458   15.76931  11.5%  69.0 4972s
 8485253 6661621   15.65815   56   25   14.14458   15.76891  11.5%  69.0 4976s
H8485307 6661644                      14.1445835   15.76886  11.5%  69.0 4980s
 8485479 6661847   15.76884   54   22   14.14458   15.76884  11.5%  69.0 4985s
 8485889 6662699   15.34060   56   27   14.14458   15.76884  11.5%  69.0 4990s
 8488910 6666338     cutoff   61        14.14458   15.76879  11.5%  69.0 4996s
 8496180 6672075   15.41045   59   26   14.14458   15.76863  11.5%  69.0 5002s
 8503469 6676767   14.22376   55   27   14.14458   15.76839  11.5%  69.0 5006s
 8510895 6682162   15.67578   51   24   14.14458   15.76680  11.5%  69.0 5011s
 8518498 6687339   14.82808   51   34   14.14458   15.76616  11.5%  69.0 5015s
 8525923 6692331   15.48408   49   39   14.14458   15.76552  11.5%  69.0 5020s
 8536461 6699569   14.52450   56   40   14.14458   15.76465  11.5%  69.0 5026s
 8543402 6704638   15.65461   62   23   14.14458   15.76394  11.4%  69.0 5031s
 8551064 6709609   15.49609   57   23   14.14458   15.76322  11.4%  69.0 5035s
 8561576 6716711     cutoff   47        14.14458   15.76232  11.4%  69.0 5041s
 8568395 6721850   15.19454   57   26   14.14458   15.76166  11.4%  69.0 5046s
 8575848 6726872   15.48745   53   35   14.14458   15.76103  11.4%  69.0 5050s
 8583035 6731744   14.51774   60   26   14.14458   15.76041  11.4%  69.0 5055s
 8593831 6739108   15.10789   56   28   14.14458   15.75947  11.4%  69.0 5061s
 8600753 6743998   15.26156   56   29   14.14458   15.75895  11.4%  69.0 5065s
 8611744 6751759   14.55269   56   35   14.14458   15.75803  11.4%  69.0 5071s
 8618973 6756537   15.23258   55   30   14.14458   15.75741  11.4%  69.0 5076s
 8625977 6761273   15.09456   56   31   14.14458   15.75682  11.4%  69.0 5080s
 8632915 6766197   15.56305   54   29   14.14458   15.75614  11.4%  69.0 5085s
 8643821 6773808   15.74395   60   25   14.14458   15.75532  11.4%  69.0 5091s
 8651144 6778755   15.52561   65   23   14.14458   15.75454  11.4%  69.0 5095s
 8658335 6783415   15.07053   59   25   14.14458   15.75403  11.4%  69.0 5100s
 8669005 6790876   15.74043   69   20   14.14458   15.75311  11.4%  69.0 5106s
 8676150 6795797     cutoff   57        14.14458   15.75243  11.4%  69.0 5111s
 8683283 6800806   15.05758   64   30   14.14458   15.75177  11.4%  69.0 5115s
 8690736 6805551   15.75123   57   28   14.14458   15.75123  11.4%  69.0 5120s
 8701394 6813137   14.68875   53   35   14.14458   15.75025  11.4%  69.0 5126s
 8708771 6818009   15.45777   55   23   14.14458   15.74963  11.3%  69.0 5130s
 8719170 6825201   14.36862   57   18   14.14458   15.74864  11.3%  69.0 5136s
 8726235 6829951     cutoff   52        14.14458   15.74794  11.3%  68.9 5140s
 8733244 6834860   15.73969   63   25   14.14458   15.74738  11.3%  68.9 5145s
 8743966 6842346   15.39399   56   34   14.14458   15.74640  11.3%  68.9 5151s
 8751389 6847206     cutoff   46        14.14458   15.74576  11.3%  68.9 5155s
 8761924 6854242   15.60091   65   22   14.14458   15.74484  11.3%  68.9 5161s
 8768589 6858922   14.93322   64   24   14.14458   15.74423  11.3%  68.9 5166s
 8775962 6864032   14.21901   48   21   14.14458   15.74351  11.3%  68.9 5170s
 8786844 6871487     cutoff   55        14.14458   15.74268  11.3%  68.9 5177s
 8793874 6876649   15.60946   57   30   14.14458   15.74215  11.3%  68.9 5181s
 8801215 6881453   15.54959   63   25   14.14458   15.74149  11.3%  68.9 5185s
 8812024 6889099   15.69378   60   32   14.14458   15.74055  11.3%  68.9 5191s
 8819269 6893918   15.70586   51   31   14.14458   15.73997  11.3%  68.9 5196s
 8826269 6898815   15.26520   65   25   14.14458   15.73933  11.3%  68.9 5200s
 8833492 6903940   14.65641   50   34   14.14458   15.73869  11.3%  68.9 5205s
 8844550 6911549   15.05055   51   37   14.14458   15.73791  11.3%  68.9 5211s
 8851841 6916401     cutoff   63        14.14458   15.73723  11.3%  68.9 5215s
 8858515 6921257   15.71479   57   26   14.14458   15.73659  11.3%  68.9 5220s
 8869533 6928797     cutoff   46        14.14458   15.73577  11.2%  68.9 5226s
 8876978 6933798   14.56161   60   25   14.14458   15.73513  11.2%  68.9 5231s
 8883922 6938514   15.58975   55   25   14.14458   15.73457  11.2%  68.9 5235s
 8894735 6945629   15.03712   56   32   14.14458   15.73380  11.2%  68.9 5241s
 8901602 6950713   15.60420   59   29   14.14458   15.73324  11.2%  68.9 5245s
 8908620 6955724   15.62846   63   22   14.14458   15.73255  11.2%  68.9 5250s
 8919259 6962899   15.53971   56   26   14.14458   15.73173  11.2%  68.9 5256s
 8926479 6967888   15.72126   47   26   14.14458   15.73110  11.2%  68.9 5260s
 8930255 6967933   14.81924   53   35   14.14458   15.73069  11.2%  68.9 5265s
 8930328 6967986   15.72730   62   24   14.14458   15.73065  11.2%  68.9 5270s
H8930405 6968015                      14.1445838   15.73065  11.2%  68.9 5274s
 8930411 6968395   15.50543   48   38   14.14458   15.73065  11.2%  68.9 5276s
 8932680 6971109   15.43905   50   36   14.14458   15.73065  11.2%  68.9 5282s
 8934914 6973201   15.48632   51   34   14.14458   15.73060  11.2%  68.9 5285s
 8942469 6979662   14.77663   57   27   14.14458   15.73030  11.2%  68.9 5292s
 8950517 6984454     cutoff   49        14.14458   15.72896  11.2%  68.9 5296s
 8957905 6989489   14.98510   59   33   14.14458   15.72848  11.2%  68.8 5301s
 8965069 6994550   15.24773   61   24   14.14458   15.72785  11.2%  68.8 5305s
 8975919 7001653   15.02327   56   29   14.14458   15.72688  11.2%  68.8 5311s
 8982741 7006457   15.71998   51   34   14.14458   15.72634  11.2%  68.8 5316s
 8989858 7011120   15.24496   57   27   14.14458   15.72586  11.2%  68.8 5320s
 9000687 7018765   15.72501   52   26   14.14458   15.72501  11.2%  68.8 5327s
 9007856 7023917   15.11661   57   30   14.14458   15.72445  11.2%  68.8 5331s
 9015031 7028742     cutoff   56        14.14458   15.72377  11.2%  68.8 5335s
 9025993 7036309   14.92139   55   30   14.14458   15.72293  11.2%  68.8 5341s
 9033054 7041196   15.19466   50   33   14.14458   15.72230  11.2%  68.8 5345s
 9040256 7046079   15.59512   66   27   14.14458   15.72172  11.2%  68.8 5350s
 9047031 7050954   15.67160   54   31   14.14458   15.72127  11.1%  68.8 5355s
 9058124 7058375   15.13180   62   32   14.14458   15.72023  11.1%  68.8 5361s
 9065527 7063206   14.47379   60   27   14.14458   15.71972  11.1%  68.8 5366s
 9072404 7067964   14.87027   55   29   14.14458   15.71901  11.1%  68.8 5370s
 9082769 7075095   15.66943   58   27   14.14458   15.71816  11.1%  68.8 5376s
 9090011 7080042     cutoff   54        14.14458   15.71756  11.1%  68.8 5380s
 9097474 7085030   14.46842   57   25   14.14458   15.71706  11.1%  68.8 5385s
 9108100 7091910   15.64245   56   33   14.14458   15.71606  11.1%  68.8 5391s
 9115126 7097030   15.03584   60   27   14.14458   15.71552  11.1%  68.8 5396s
 9122362 7101762   15.34073   58   27   14.14458   15.71500  11.1%  68.8 5400s
 9133337 7109270     cutoff   54        14.14458   15.71415  11.1%  68.8 5406s
 9140330 7114066   15.71356   47   24   14.14458   15.71356  11.1%  68.8 5411s
 9147246 7118736   14.68305   50   22   14.14458   15.71296  11.1%  68.8 5415s
 9154583 7123908     cutoff   55        14.14458   15.71241  11.1%  68.8 5420s
 9165423 7131411   15.32755   59   30   14.14458   15.71149  11.1%  68.8 5426s
 9172534 7135919     cutoff   53        14.14458   15.71093  11.1%  68.8 5430s
 9179846 7140842   15.71034   51   27   14.14458   15.71034  11.1%  68.8 5435s
 9190779 7148182   14.98136   52   36   14.14458   15.70932  11.1%  68.7 5441s
 9198243 7152916     cutoff   50        14.14458   15.70885  11.1%  68.7 5446s
 9205292 7158130     cutoff   49        14.14458   15.70821  11.1%  68.7 5451s
 9212529 7162787   15.22506   60   27   14.14458   15.70761  11.1%  68.7 5455s
 9223483 7170215   15.01800   54   34   14.14458   15.70662  11.0%  68.7 5461s
 9230741 7174775   15.60492   63   25   14.14458   15.70600  11.0%  68.7 5465s
 9237478 7179892   15.37965   56   37   14.14458   15.70545  11.0%  68.7 5470s
 9245045 7184891   15.11857   60   23   14.14458   15.70480  11.0%  68.7 5475s
 9256070 7192322   15.23366   58   30   14.14458   15.70390  11.0%  68.7 5482s
 9263336 7197196     cutoff   61        14.14458   15.70337  11.0%  68.7 5486s
 9270532 7202139   15.15167   60   25   14.14458   15.70288  11.0%  68.7 5490s
 9280965 7209157     cutoff   52        14.14458   15.70206  11.0%  68.7 5496s
 9288231 7213764   15.11166   61   24   14.14458   15.70144  11.0%  68.7 5501s
 9295059 7218568   15.29679   59   33   14.14458   15.70089  11.0%  68.7 5506s
 9302320 7223469   14.39145   70   22   14.14458   15.70024  11.0%  68.7 5510s
 9309376 7228278   15.42276   54   32   14.14458   15.69972  11.0%  68.7 5515s
 9320247 7235652   14.96288   52   33   14.14458   15.69884  11.0%  68.7 5521s
 9327298 7240422   15.09405   56   31   14.14458   15.69825  11.0%  68.7 5525s
 9334525 7245040     cutoff   64        14.14458   15.69767  11.0%  68.7 5530s
 9345176 7252209   15.11498   56   27   14.14458   15.69672  11.0%  68.7 5537s
 9352569 7257069   15.65369   56   26   14.14458   15.69618  11.0%  68.7 5542s
 9359687 7261803     cutoff   58        14.14458   15.69559  11.0%  68.7 5546s
 9366406 7266766     cutoff   57        14.14458   15.69507  11.0%  68.7 5551s
 9373636 7271408   14.86780   52   37   14.14458   15.69452  11.0%  68.7 5555s
 9384487 7278761   15.69369   59   27   14.14458   15.69369  11.0%  68.7 5562s
 9391265 7283550   15.45113   64   21   14.14458   15.69314  10.9%  68.7 5566s
 9398571 7288328   14.95065   57   37   14.14458   15.69267  10.9%  68.7 5571s
 9405842 7293197   15.68285   51   33   14.14458   15.69209  10.9%  68.7 5576s
 9412736 7297864   15.11697   55   39   14.14458   15.69155  10.9%  68.7 5580s
 9419939 7302743   15.23982   61   28   14.14458   15.69084  10.9%  68.6 5585s
 9430614 7310048   15.51387   47   28   14.14458   15.69001  10.9%  68.6 5591s
 9437726 7314761   14.26861   55   17   14.14458   15.68953  10.9%  68.6 5596s
 9445015 7319922   15.13626   64   26   14.14458   15.68888  10.9%  68.6 5600s
 9452273 7324623   15.38053   58   39   14.14458   15.68834  10.9%  68.6 5605s
 9462986 7331888     cutoff   45        14.14458   15.68754  10.9%  68.6 5611s
 9469825 7336492   15.47135   59   21   14.14458   15.68691  10.9%  68.6 5616s
 9476988 7341291   15.48833   60   30   14.14458   15.68634  10.9%  68.6 5620s
 9487634 7348441     cutoff   56        14.14458   15.68561  10.9%  68.6 5626s
 9495197 7353463   14.29190   62   30   14.14458   15.68512  10.9%  68.6 5631s
 9502438 7358267   15.61681   58   26   14.14458   15.68446  10.9%  68.6 5635s
 9509481 7362832   15.68350   57   33   14.14458   15.68389  10.9%  68.6 5640s
 9520019 7369992     cutoff   49        14.14458   15.68299  10.9%  68.6 5646s
 9527442 7374831   15.37830   62   24   14.14458   15.68244  10.9%  68.6 5650s
 9538360 7382064   15.40501   54   31   14.14458   15.68151  10.9%  68.6 5657s
 9545537 7386755     cutoff   59        14.14458   15.68099  10.9%  68.6 5661s
 9552164 7391525     cutoff   53        14.14458   15.68041  10.9%  68.6 5666s
 9559785 7396190   15.13726   56   32   14.14458   15.67981  10.9%  68.6 5670s
 9566950 7400969   15.26525   57   27   14.14458   15.67922  10.8%  68.6 5675s
 9577977 7408122   14.74145   56   25   14.14458   15.67845  10.8%  68.6 5681s
 9584980 7413126     cutoff   59        14.14458   15.67789  10.8%  68.6 5685s
 9592503 7418083   14.55147   53   33   14.14458   15.67738  10.8%  68.6 5690s
 9603076 7425285   15.59147   55   34   14.14458   15.67645  10.8%  68.6 5697s
 9610390 7430138     cutoff   58        14.14458   15.67595  10.8%  68.6 5701s
 9617565 7435018   15.40307   58   26   14.14458   15.67541  10.8%  68.6 5705s
 9628168 7442363   15.65569   60   29   14.14458   15.67458  10.8%  68.6 5711s
 9635289 7447238   15.04545   61   29   14.14458   15.67398  10.8%  68.6 5715s
 9646100 7454386   15.67319   50   32   14.14458   15.67319  10.8%  68.6 5722s
 9653256 7459216   15.36057   58   30   14.14458   15.67269  10.8%  68.5 5726s
 9660400 7464039   14.84294   62   26   14.14458   15.67213  10.8%  68.5 5731s
 9667464 7468828   15.67154   52   22   14.14458   15.67154  10.8%  68.5 5735s
 9678102 7475927   14.99737   57   26   14.14458   15.67084  10.8%  68.5 5741s
 9685109 7480615   14.51343   61   24   14.14458   15.67017  10.8%  68.5 5746s
 9692231 7485259   15.66965   49   32   14.14458   15.66965  10.8%  68.5 5750s
 9703383 7492567   14.75950   56   30   14.14458   15.66888  10.8%  68.5 5756s
 9710080 7497108   14.84459   61   29   14.14458   15.66833  10.8%  68.5 5761s
 9717651 7501714   15.66780   51   23   14.14458   15.66780  10.8%  68.5 5765s
 9724681 7506488   14.36597   62   24   14.14458   15.66718  10.8%  68.5 5770s
 9735637 7513891     cutoff   62        14.14458   15.66630  10.8%  68.5 5776s
 9742810 7518636   15.23874   58   34   14.14458   15.66596  10.8%  68.5 5780s
 9753000 7525526     cutoff   58        14.14458   15.66507  10.7%  68.5 5787s
 9759850 7530021     cutoff   57        14.14458   15.66446  10.7%  68.5 5791s
 9767307 7534769   14.61110   62   23   14.14458   15.66386  10.7%  68.5 5796s
 9774306 7539367   15.18203   56   27   14.14458   15.66333  10.7%  68.5 5800s
 9784917 7546228   14.34051   48   32   14.14458   15.66260  10.7%  68.5 5806s
 9791930 7551153   15.61589   56   29   14.14458   15.66198  10.7%  68.5 5810s
 9799115 7555981   15.19234   57   30   14.14458   15.66156  10.7%  68.5 5815s
 9809834 7563278   14.93743   52   41   14.14458   15.66062  10.7%  68.5 5821s
 9816936 7567929   15.25941   56   31   14.14458   15.66015  10.7%  68.5 5826s
 9824078 7572797   15.24328   58   26   14.14458   15.65960  10.7%  68.5 5830s
 9835011 7579534     cutoff   62        14.14458   15.65879  10.7%  68.5 5836s
 9842066 7584635   15.22614   62   22   14.14458   15.65820  10.7%  68.5 5841s
 9849333 7589210   15.65083   54   38   14.14458   15.65774  10.7%  68.5 5845s
 9856552 7594130   15.47476   59   26   14.14458   15.65710  10.7%  68.5 5850s
 9867520 7601290   15.37893   56   31   14.14458   15.65640  10.7%  68.5 5856s
 9874622 7606155   15.47185   56   31   14.14458   15.65582  10.7%  68.5 5861s
 9881805 7611111   15.22819   61   22   14.14458   15.65528  10.7%  68.5 5865s
 9892774 7618411     cutoff   58        14.14458   15.65449  10.7%  68.4 5871s
 9899976 7622880   15.60423   54   36   14.14458   15.65403  10.7%  68.4 5876s
 9907062 7627723     cutoff   54        14.14458   15.65343  10.7%  68.4 5880s
 9914367 7632424   14.84696   61   28   14.14458   15.65286  10.7%  68.4 5885s
 9925465 7639740   15.41232   53   24   14.14458   15.65202  10.7%  68.4 5891s
 9932572 7644851   14.94015   53   26   14.14458   15.65161  10.7%  68.4 5896s
 9939802 7649285     cutoff   38        14.14458   15.65107  10.7%  68.4 5900s
 9950567 7656594   15.35723   61   24   14.14458   15.65025  10.6%  68.4 5906s
 9957676 7661488   15.09485   58   32   14.14458   15.64966  10.6%  68.4 5911s
 9964703 7666070   15.64921   56   21   14.14458   15.64921  10.6%  68.4 5915s
 9971707 7670703   15.36082   59   24   14.14458   15.64865  10.6%  68.4 5920s
 9982044 7677731   14.97480   62   27   14.14458   15.64785  10.6%  68.4 5926s
 9989585 7682395     cutoff   51        14.14458   15.64734  10.6%  68.4 5930s
 9999540 7687222   14.82456   57   28   14.14458   15.64677  10.6%  68.4 5935s
 10007289 7694288   14.69248   60   28   14.14458   15.64601  10.6%  68.4 5941s
 10014733 7699185   15.63391   54   36   14.14458   15.64549  10.6%  68.4 5946s
 10022051 7703857   14.62507   63   23   14.14458   15.64492  10.6%  68.4 5950s
 10029024 7708452     cutoff   53        14.14458   15.64446  10.6%  68.4 5955s
 10039884 7715521   15.45374   51   32   14.14458   15.64363  10.6%  68.4 5961s
 10047100 7720481   15.59952   44   29   14.14458   15.64308  10.6%  68.4 5965s
 10054171 7725057   14.74523   58   25   14.14458   15.64256  10.6%  68.4 5970s
 10065561 7732391   15.58639   52   15   14.14458   15.64178  10.6%  68.4 5977s
 10072720 7737199   15.43803   64   23   14.14458   15.64124  10.6%  68.4 5981s
 10080046 7741717   15.41486   53   34   14.14458   15.64075  10.6%  68.4 5986s
 10086985 7746868     cutoff   54        14.14458   15.64027  10.6%  68.4 5990s
 10098160 7754122     cutoff   58        14.14458   15.63945  10.6%  68.4 5996s
 10105318 7758644   14.97384   56   29   14.14458   15.63895  10.6%  68.4 6001s
 10112322 7763193   15.63839   55   19   14.14458   15.63839  10.6%  68.4 6005s
 10119622 7768061   14.33663   60   26   14.14458   15.63785  10.6%  68.4 6010s
 10130799 7775272   14.97674   60   34   14.14458   15.63713  10.6%  68.3 6016s
 10137726 7779992   14.43372   57   30   14.14458   15.63658  10.5%  68.3 6020s
 10148390 7786830   15.63587   55   28   14.14458   15.63587  10.5%  68.3 6026s
 10155440 7791675     cutoff   50        14.14458   15.63540  10.5%  68.3 6030s
 10166224 7798706   15.58312   70   20   14.14458   15.63455  10.5%  68.3 6036s
 10173261 7803402   15.28008   55   28   14.14458   15.63411  10.5%  68.3 6040s
 10180297 7808202   14.56991   67   23   14.14458   15.63350  10.5%  68.3 6045s
 10191145 7815568   15.63274   51   22   14.14458   15.63274  10.5%  68.3 6051s
 10198296 7819925   14.77555   60   28   14.14458   15.63213  10.5%  68.3 6056s
 10205315 7824608   15.60596   54   26   14.14458   15.63170  10.5%  68.3 6060s
 10215651 7831363   14.32057   60   28   14.14458   15.63085  10.5%  68.3 6066s
 10222780 7836101   15.02845   55   30   14.14458   15.63041  10.5%  68.3 6071s
 10230021 7840862   15.52001   66   21   14.14458   15.62982  10.5%  68.3 6075s
 10237371 7845482     cutoff   58        14.14458   15.62927  10.5%  68.3 6080s
 10247846 7852639   14.55270   59   30   14.14458   15.62845  10.5%  68.3 6086s
 10255035 7857218   15.62474   52   33   14.14458   15.62792  10.5%  68.3 6091s
 10262407 7861823   14.36836   60   23   14.14458   15.62741  10.5%  68.3 6095s
 10272993 7868977     cutoff   50        14.14458   15.62667  10.5%  68.3 6101s
 10279830 7873681   15.16897   52   31   14.14458   15.62606  10.5%  68.3 6106s
 10287288 7878388   14.91976   61   28   14.14458   15.62557  10.5%  68.3 6110s
 10294321 7883149   15.62505   50   35   14.14458   15.62506  10.5%  68.3 6115s
 10304898 7889921     cutoff   56        14.14458   15.62427  10.5%  68.3 6121s
 10312289 7894450   15.15588   64   23   14.14458   15.62387  10.5%  68.3 6125s
 10319226 7899238   15.43353   61   29   14.14458   15.62326  10.5%  68.3 6130s
 10326304 7903761   14.99513   56   37   14.14458   15.62284  10.5%  68.3 6135s
 10337059 7910497   15.34409   57   33   14.14458   15.62188  10.4%  68.3 6142s
 10344253 7915512     cutoff   59        14.14458   15.62141  10.4%  68.3 6146s
 10351524 7920181     cutoff   54        14.14458   15.62091  10.4%  68.3 6150s
 10358753 7924664   14.65131   52   32   14.14458   15.62037  10.4%  68.3 6155s
 10368966 7931762     cutoff   61        14.14458   15.61961  10.4%  68.2 6161s
 10376585 7936592   15.25914   63   29   14.14458   15.61901  10.4%  68.2 6166s
 10383787 7941141   14.94504   58   34   14.14458   15.61865  10.4%  68.2 6170s
 10387509 7941188     cutoff   58        14.14458   15.61832  10.4%  68.2 6175s
 10387588 7941238   15.61456   63   25   14.14458   15.61827  10.4%  68.2 6180s
H10387618 7941238                      14.1445842   15.61826  10.4%  68.2 6183s
 10387622 7941318   15.38903   59   22   14.14458   15.61826  10.4%  68.2 6185s
 10388160 7941828   15.44117   59   33   14.14458   15.61821  10.4%  68.2 6192s
 10389600 7942486   14.41780   51   36   14.14458   15.61820  10.4%  68.2 6198s
 10389639 7942607   15.61820   61   27   14.14458   15.61820  10.4%  68.2 6201s
H10389830 7942607                      14.1445842   15.61820  10.4%  68.2 6203s
 10389837 7943498   15.08855   62   25   14.14458   15.61820  10.4%  68.2 6206s
 10391324 7946088   15.32588   57   29   14.14458   15.61817  10.4%  68.2 6210s
 10401940 7952787     cutoff   58        14.14458   15.61746  10.4%  68.2 6216s
 10409155 7957708   15.61673   55   29   14.14458   15.61673  10.4%  68.2 6221s
 10416832 7962510   15.31103   63   23   14.14458   15.61625  10.4%  68.2 6225s
 10424116 7966978   15.11017   42   29   14.14458   15.61576  10.4%  68.2 6230s
 10434712 7974026   15.35506   60   25   14.14458   15.61495  10.4%  68.2 6237s
 10441911 7978752   15.61201   58   28   14.14458   15.61453  10.4%  68.2 6241s
 10449055 7983452   15.36363   53   33   14.14458   15.61405  10.4%  68.2 6245s
 10456152 7987889   15.58704   59   27   14.14458   15.61342  10.4%  68.2 6250s
 10466738 7994837   15.33470   59   26   14.14458   15.61272  10.4%  68.2 6256s
 10474108 7999463   15.35939   62   27   14.14458   15.61225  10.4%  68.2 6260s
 10481154 8001780   15.58391   54   30   14.14458   15.61176  10.4%  68.2 6265s
 10481273 8001850   15.07063   62   21   14.14458   15.61166  10.4%  68.2 6272s
 10481352 8001975   15.61025   48   32   14.14458   15.61163  10.4%  68.2 6276s
 10482139 8003745   14.53544   50   40   14.14458   15.61163  10.4%  68.2 6282s
 10484218 8005926   14.27442   61   27   14.14458   15.61159  10.4%  68.2 6285s
 10490193 8010183     cutoff   51        14.14458   15.61149  10.4%  68.2 6290s
 10498010 8015221   14.96747   59   30   14.14458   15.61094  10.4%  68.2 6295s
 10505375 8020012     cutoff   61        14.14458   15.61021  10.4%  68.2 6300s
 10512956 8024909     cutoff   51        14.14458   15.60947  10.4%  68.2 6305s
 10523407 8031814   15.49954   36   34   14.14458   15.60864  10.4%  68.2 6311s
 10530725 8036463   14.87302   57   36   14.14458   15.60813  10.3%  68.2 6316s
 10538187 8041165   15.60761   52   30   14.14458   15.60761  10.3%  68.2 6320s
 10545442 8045854   15.60125   52   34   14.14458   15.60706  10.3%  68.2 6325s
 10556071 8052643   15.19183   56   29   14.14458   15.60644  10.3%  68.2 6332s
 10563170 8057480   15.12669   63   22   14.14458   15.60580  10.3%  68.2 6336s
 10570179 8061963     cutoff   55        14.14458   15.60536  10.3%  68.2 6340s
 10577547 8066561   14.29719   65   23   14.14458   15.60476  10.3%  68.2 6345s
 10588131 8073233   15.13567   62   26   14.14458   15.60400  10.3%  68.2 6351s
 10595046 8078043   14.52337   60   28   14.14458   15.60354  10.3%  68.2 6355s
 10602697 8082876   14.90533   63   31   14.14458   15.60310  10.3%  68.1 6360s
 10613326 8089755   15.55557   59   24   14.14458   15.60236  10.3%  68.1 6366s
 10620324 8094239   15.60180   51   33   14.14458   15.60180  10.3%  68.1 6371s
 10627487 8098741   14.81816   60   27   14.14458   15.60132  10.3%  68.1 6375s
 10638068 8105602   15.48049   63   25   14.14458   15.60049  10.3%  68.1 6381s
 10645145 8110149   15.45675   54   28   14.14458   15.60000  10.3%  68.1 6386s
 10652355 8114597   15.28250   53   33   14.14458   15.59955  10.3%  68.1 6390s
 10662688 8121515   15.50336   60   27   14.14458   15.59879  10.3%  68.1 6397s
 10669568 8126062     cutoff   55        14.14458   15.59823  10.3%  68.1 6401s
 10677195 8130958     cutoff   49        14.14458   15.59778  10.3%  68.1 6405s
 10683997 8135476   15.40609   60   29   14.14458   15.59725  10.3%  68.1 6410s
 10694738 8142196   15.59657   51   27   14.14458   15.59657  10.3%  68.1 6416s
 10701835 8147098   15.59598   46   28   14.14458   15.59598  10.3%  68.1 6420s
 10709265 8151650   15.58615   52   27   14.14458   15.59549  10.3%  68.1 6425s
 10720003 8159057   15.55455   52   35   14.14458   15.59490  10.3%  68.1 6432s
 10727290 8163623     cutoff   60        14.14458   15.59434  10.2%  68.1 6436s
 10734483 8168123   14.61309   52   33   14.14458   15.59386  10.2%  68.1 6441s
 10741605 8172519   15.31439   64   23   14.14458   15.59326  10.2%  68.1 6445s
 10748542 8177197   14.36219   52   34   14.14458   15.59286  10.2%  68.1 6450s
 10759630 8184451     cutoff   65        14.14458   15.59204  10.2%  68.1 6457s
 10766845 8189127   15.59150   51   30   14.14458   15.59160  10.2%  68.1 6461s
 10773711 8193743   15.51972   48   40   14.14458   15.59112  10.2%  68.1 6465s
 10781300 8198514     cutoff   57        14.14458   15.59063  10.2%  68.1 6470s
 10792015 8205357   15.58992   56   23   14.14458   15.58992  10.2%  68.1 6476s
 10799237 8210031   15.18942   54   30   14.14458   15.58937  10.2%  68.1 6480s
 10806353 8214543   15.16385   58   29   14.14458   15.58877  10.2%  68.1 6485s
 10817261 8221713   15.58810   56   25   14.14458   15.58810  10.2%  68.1 6491s
 10824606 8226026     cutoff   51        14.14458   15.58760  10.2%  68.1 6495s
 10835035 8232921     cutoff   61        14.14458   15.58689  10.2%  68.0 6501s
 10842195 8237675     cutoff   65        14.14458   15.58640  10.2%  68.0 6505s
 10849406 8242356   14.35432   59   42   14.14458   15.58592  10.2%  68.0 6510s
 10859969 8249173     cutoff   54        14.14458   15.58520  10.2%  68.0 6516s
 10867166 8253735   15.58090   48   22   14.14458   15.58465  10.2%  68.0 6520s
 10874124 8258390   14.75430   60   25   14.14458   15.58420  10.2%  68.0 6525s
 10885040 8265350     cutoff   56        14.14458   15.58360  10.2%  68.0 6531s
 10892151 8270044   15.23676   63   29   14.14458   15.58303  10.2%  68.0 6536s
 10899407 8274486   15.25089   54   27   14.14458   15.58252  10.2%  68.0 6540s
 10906383 8278841   15.34426   57   29   14.14458   15.58204  10.2%  68.0 6545s
 10916998 8285684   14.81400   53   33   14.14458   15.58125  10.2%  68.0 6551s
 10924264 8290301   14.74759   60   30   14.14458   15.58083  10.2%  68.0 6556s
 10931321 8294721     cutoff   59        14.14458   15.58039  10.2%  68.0 6560s
 10941923 8301731   15.45571   54   36   14.14458   15.57972  10.1%  68.0 6566s
 10949259 8306227   15.56701   50   39   14.14458   15.57922  10.1%  68.0 6571s
 10956353 8310775   15.55534   64   22   14.14458   15.57868  10.1%  68.0 6575s
 10963438 8315180     cutoff   50        14.14458   15.57825  10.1%  68.0 6580s
 10974154 8322117     cutoff   57        14.14458   15.57748  10.1%  68.0 6586s
 10981271 8326691   15.57681   58   27   14.14458   15.57705  10.1%  68.0 6590s
 10988692 8331142   15.19054   60   28   14.14458   15.57657  10.1%  68.0 6595s
 10999071 8337784     cutoff   58        14.14458   15.57578  10.1%  68.0 6602s
 11006196 8342318   15.38791   57   29   14.14458   15.57533  10.1%  68.0 6606s
 11013451 8346590   15.41222   57   23   14.14458   15.57490  10.1%  68.0 6610s
 11020575 8351259   15.43118   53   28   14.14458   15.57442  10.1%  68.0 6615s
 11031145 8357799   15.51928   57   35   14.14458   15.57361  10.1%  68.0 6621s
 11038290 8362639   14.74045   58   26   14.14458   15.57312  10.1%  68.0 6625s
 11045752 8366989     cutoff   53        14.14458   15.57257  10.1%  68.0 6630s
 11052951 8371570   15.40876   67   25   14.14458   15.57213  10.1%  68.0 6635s
 11063621 8378242   15.53363   66   23   14.14458   15.57137  10.1%  68.0 6641s
 11070525 8382834   15.16529   60   31   14.14458   15.57088  10.1%  68.0 6646s
 11077512 8387450   15.20533   57   24   14.14458   15.57044  10.1%  68.0 6650s
 11088450 8394290   14.28411   61   28   14.14458   15.56968  10.1%  68.0 6657s
 11095469 8398630     cutoff   56        14.14458   15.56919  10.1%  67.9 6661s
 11102305 8403257     cutoff   56        14.14458   15.56878  10.1%  67.9 6666s
 11109674 8407959   15.56827   57   19   14.14458   15.56827  10.1%  67.9 6671s
 11116931 8412586     cutoff   54        14.14458   15.56777  10.1%  67.9 6675s
 11127518 8419143     cutoff   58        14.14458   15.56705  10.1%  67.9 6682s
 11134763 8423668   15.42373   45   28   14.14458   15.56653  10.1%  67.9 6686s
 11142080 8428396   15.56492   51   26   14.14458   15.56608  10.0%  67.9 6691s
 11149419 8432783   14.48701   59   28   14.14458   15.56570  10.0%  67.9 6696s
 11156474 8437254   15.56515   57   33   14.14458   15.56515  10.0%  67.9 6700s
 11163325 8441543   15.08689   44   39   14.14458   15.56473  10.0%  67.9 6705s
 11174293 8448281     cutoff   58        14.14458   15.56391  10.0%  67.9 6712s
 11181604 8453189   15.11928   57   27   14.14458   15.56348  10.0%  67.9 6717s
 11188958 8457566     cutoff   49        14.14458   15.56289  10.0%  67.9 6722s
 11195783 8462141   15.41884   53   45   14.14458   15.56242  10.0%  67.9 6727s
 11203384 8466804   15.12889   58   35   14.14458   15.56192  10.0%  67.9 6731s
 11210817 8471424   15.55985   48   36   14.14458   15.56143  10.0%  67.9 6736s
 11217739 8475921     cutoff   61        14.14458   15.56102  10.0%  67.9 6740s
 11224987 8480246     cutoff   56        14.14458   15.56045  10.0%  67.9 6745s
 11235567 8487018     cutoff   54        14.14458   15.55981  10.0%  67.9 6752s
 11242776 8491702   14.75616   60   29   14.14458   15.55928  10.0%  67.9 6757s
 11250181 8496323   15.38554   53   34   14.14458   15.55878  10.0%  67.9 6761s
 11256981 8500705   15.15127   55   31   14.14458   15.55829  10.0%  67.9 6766s
 11264361 8505320   15.55789   50   29   14.14458   15.55789  10.0%  67.9 6770s
 11271450 8509881   14.76083   60   28   14.14458   15.55742  10.0%  67.9 6775s
 11282531 8516593     cutoff   55        14.14458   15.55666  10.0%  67.9 6781s
 11289466 8520726   15.55618   53   33   14.14458   15.55618  10.0%  67.9 6786s
 11296796 8525535   15.34683   53   29   14.14458   15.55568  10.0%  67.9 6791s
 11304294 8530344   14.71084   56   29   14.14458   15.55524  10.0%  67.9 6795s
 11314959 8537038     cutoff   37        14.14458   15.55448  10.0%  67.9 6801s
 11321978 8541794   15.27719   54   29   14.14458   15.55410  10.0%  67.9 6806s
 11329312 8546343   14.19228   67   23   14.14458   15.55356  10.0%  67.9 6810s
 11336419 8550826     cutoff   58        14.14458   15.55306  10.0%  67.9 6815s
 11347063 8557463   14.99870   51   38   14.14458   15.55231  10.0%  67.8 6822s
 11354049 8561770   15.47804   55   29   14.14458   15.55183  9.95%  67.8 6826s
 11361176 8566723   15.55145   53   22   14.14458   15.55145  9.95%  67.8 6830s
 11372106 8573324   14.46154   61   25   14.14458   15.55074  9.94%  67.8 6836s
 11379009 8577536   15.08817   62   25   14.14458   15.55026  9.94%  67.8 6841s
 11385930 8581938   15.09928   47   40   14.14458   15.54979  9.93%  67.8 6845s
 11393035 8586534   15.24405   61   23   14.14458   15.54923  9.93%  67.8 6850s
 11404271 8593642   14.88353   60   24   14.14458   15.54861  9.93%  67.8 6856s
 11411409 8598052     cutoff   54        14.14458   15.54806  9.92%  67.8 6861s
 11418385 8602340   15.09783   53   31   14.14458   15.54769  9.92%  67.8 6865s
 11428958 8609180   15.48372   51   32   14.14458   15.54696  9.91%  67.8 6872s
 11436146 8613679   15.29298   58   27   14.14458   15.54660  9.91%  67.8 6876s
 11443460 8618019   15.13473   56   28   14.14458   15.54602  9.91%  67.8 6881s
 11450695 8622710   15.32340   57   33   14.14458   15.54571  9.91%  67.8 6885s
 11461333 8629628   15.45198   63   24   14.14458   15.54498  9.90%  67.8 6891s
 11468800 8634195   15.22856   58   29   14.14458   15.54453  9.90%  67.8 6896s
 11476014 8638560   15.36071   60   27   14.14458   15.54412  9.89%  67.8 6900s
 11482955 8643021   14.18961   51   39   14.14458   15.54360  9.89%  67.8 6905s
 11493805 8649830   14.69686   62   31   14.14458   15.54290  9.89%  67.8 6912s
 11501011 8654303   14.75564   57   23   14.14458   15.54243  9.88%  67.8 6916s
 11508049 8658537   15.54193   58   29   14.14458   15.54193  9.88%  67.8 6920s
 11515101 8663223   14.57430   55   35   14.14458   15.54141  9.88%  67.8 6925s
 11524488 8667549   14.43606   56   33   14.14458   15.54093  9.87%  67.8 6930s
 11533279 8674084   14.79083   55   29   14.14458   15.54024  9.87%  67.8 6936s
 11540341 8678542   14.84511   59   30   14.14458   15.53977  9.86%  67.8 6941s
 11547179 8683223   14.23985   54   34   14.14458   15.53939  9.86%  67.8 6945s
 11558029 8689715   15.12144   60   25   14.14458   15.53858  9.86%  67.8 6951s
 11565478 8694348   14.66330   57   32   14.14458   15.53812  9.85%  67.8 6955s
 11572513 8698609   15.11035   62   24   14.14458   15.53766  9.85%  67.8 6960s
 11582918 8705184   15.14797   57   30   14.14458   15.53700  9.84%  67.8 6967s
 11590053 8709494   14.90866   62   30   14.14458   15.53651  9.84%  67.8 6971s
 11597224 8714028     cutoff   56        14.14458   15.53601  9.84%  67.8 6976s
 11604781 8718429     cutoff   52        14.14458   15.53563  9.83%  67.7 6980s
 11615525 8725277   15.36733   60   28   14.14458   15.53488  9.83%  67.7 6987s
 11622621 8729763   14.42738   61   32   14.14458   15.53436  9.83%  67.7 6991s
 11630064 8734344   14.52127   61   24   14.14458   15.53386  9.82%  67.7 6996s
 11637097 8738824   15.07288   58   25   14.14458   15.53342  9.82%  67.7 7000s
 11643996 8743082   15.52702   61   26   14.14458   15.53305  9.82%  67.7 7005s
 11654601 8749727     cutoff   58        14.14458   15.53233  9.81%  67.7 7011s
 11661662 8754303   14.52380   53   31   14.14458   15.53182  9.81%  67.7 7015s
 11669050 8758744   15.22223   53   35   14.14458   15.53143  9.80%  67.7 7020s
 11679512 8765357   15.43274   53   30   14.14458   15.53073  9.80%  67.7 7027s
 11687105 8770145     cutoff   63        14.14458   15.53014  9.80%  67.7 7031s
 11694278 8774558   14.27455   68   23   14.14458   15.52974  9.79%  67.7 7036s
 11701342 8778854   15.40921   53   27   14.14458   15.52919  9.79%  67.7 7040s
 11711863 8785718   15.20864   61   23   14.14458   15.52853  9.78%  67.7 7046s
 11719352 8790308   14.55549   60   26   14.14458   15.52809  9.78%  67.7 7051s
 11726666 8794781   15.43312   56   30   14.14458   15.52762  9.78%  67.7 7055s
 11733701 8799032     cutoff   57        14.14458   15.52720  9.77%  67.7 7060s
 11744519 8805754   15.22673   62   26   14.14458   15.52648  9.77%  67.7 7067s
 11751630 8810176   15.04785   58   32   14.14458   15.52608  9.77%  67.7 7071s
 11758943 8814616   15.52015   54   25   14.14458   15.52554  9.76%  67.7 7075s
 11769650 8821497   15.29299   60   26   14.14458   15.52483  9.76%  67.7 7082s
 11777030 8826030   14.45463   50   32   14.14458   15.52446  9.76%  67.7 7086s
 11784198 8830346   14.50449   57   35   14.14458   15.52404  9.75%  67.7 7090s
 11791512 8834916   14.85499   66   25   14.14458   15.52361  9.75%  67.7 7095s
 11798398 8838872   15.12963   64   23   14.14458   15.52311  9.75%  67.7 7100s
 11809151 8845602     cutoff   59        14.14458   15.52239  9.74%  67.7 7106s
 11816540 8850090   15.52200   55   28   14.14458   15.52200  9.74%  67.7 7110s
 11827067 8856822   15.00188   60   33   14.14458   15.52131  9.73%  67.7 7117s
 11834252 8861130   15.31704   53   28   14.14458   15.52083  9.73%  67.7 7121s
 11840992 8865444   15.50667   50   35   14.14458   15.52036  9.73%  67.7 7126s
 11848350 8869874   14.88606   53   33   14.14458   15.51991  9.72%  67.7 7130s
 11855538 8874301   15.38266   59   28   14.14458   15.51943  9.72%  67.7 7135s
 11865879 8881058   14.37478   54   29   14.14458   15.51883  9.72%  67.6 7141s
 11873578 8885452     cutoff   58        14.14458   15.51836  9.71%  67.6 7145s
 11880585 8889936   15.45245   51   36   14.14458   15.51786  9.71%  67.6 7150s
 11891114 8896388   14.54981   58   27   14.14458   15.51716  9.70%  67.6 7157s
 11898350 8900731   15.03200   57   33   14.14458   15.51677  9.70%  67.6 7161s
 11905243 8905357   14.96549   60   25   14.14458   15.51632  9.70%  67.6 7166s
 11912517 8909736   15.38822   60   29   14.14458   15.51589  9.69%  67.6 7170s
 11923282 8916188   15.04526   56   31   14.14458   15.51522  9.69%  67.6 7176s
 11930294 8920605   15.11058   54   28   14.14458   15.51480  9.69%  67.6 7180s
 11937638 8925138   14.44582   57   29   14.14458   15.51431  9.68%  67.6 7185s
 11944595 8929491   15.28509   58   29   14.14458   15.51389  9.68%  67.6 7190s
 11955261 8936138   15.49872   52   37   14.14458   15.51332  9.68%  67.6 7197s
 11962360 8940643   15.38180   50   27   14.14458   15.51281  9.67%  67.6 7201s
 11969277 8945130   14.84311   53   37   14.14458   15.51235  9.67%  67.6 7205s
 11976881 8949425   14.17728   58   31   14.14458   15.51184  9.67%  67.6 7210s
 11987319 8956065   15.49784   62   18   14.14458   15.51123  9.66%  67.6 7216s
 11994572 8960566   14.80785   52   35   14.14458   15.51073  9.66%  67.6 7221s
 12001960 8964936   15.40325   55   32   14.14458   15.51039  9.66%  67.6 7225s
 12009106 8969512   15.16302   53   21   14.14458   15.50986  9.65%  67.6 7230s
 12019872 8976071     cutoff   62        14.14458   15.50916  9.65%  67.6 7237s
 12027135 8980658   14.47536   62   23   14.14458   15.50873  9.64%  67.6 7241s
 12034324 8985109     cutoff   62        14.14458   15.50828  9.64%  67.6 7245s
 12041596 8989367     cutoff   51        14.14458   15.50780  9.64%  67.6 7250s
 12052054 8995532   15.13286   53   36   14.14458   15.50712  9.63%  67.6 7257s
 12059232 9000298   14.32391   59   29   14.14458   15.50663  9.63%  67.6 7261s
 12066541 9004733     cutoff   60        14.14458   15.50620  9.63%  67.6 7266s
 12073783 9009336   14.79371   60   35   14.14458   15.50578  9.62%  67.6 7270s
 12084589 9015953   14.45746   57   32   14.14458   15.50517  9.62%  67.6 7276s
 12091798 9020308   15.26924   64   25   14.14458   15.50469  9.62%  67.6 7281s
 12098791 9024719   15.25370   61   23   14.14458   15.50425  9.61%  67.6 7285s
 12105914 9029004   15.13823   56   33   14.14458   15.50375  9.61%  67.6 7290s
 12116934 9035643   14.89432   55   30   14.14458   15.50308  9.60%  67.5 7297s
 12123869 9040054     cutoff   55        14.14458   15.50267  9.60%  67.5 7301s
 12131180 9044286   14.47380   62   23   14.14458   15.50224  9.60%  67.5 7305s
 12138068 9048576   15.05061   56   31   14.14458   15.50181  9.60%  67.5 7310s
 12148840 9055241     cutoff   60        14.14458   15.50114  9.59%  67.5 7316s
 12155804 9059596   15.01739   60   29   14.14458   15.50072  9.59%  67.5 7321s
 12163019 9064072   15.49956   47   35   14.14458   15.50033  9.58%  67.5 7325s
 12170406 9068555   15.23381   64   26   14.14458   15.49978  9.58%  67.5 7330s
 12180790 9074725   15.49919   56   26   14.14458   15.49919  9.58%  67.5 7336s
 12187942 9079102   15.12979   65   26   14.14458   15.49868  9.57%  67.5 7341s
 12195431 9083666     cutoff   57        14.14458   15.49825  9.57%  67.5 7345s
 12206008 9090056   15.37871   54   38   14.14458   15.49758  9.57%  67.5 7352s
 12212923 9094321   15.42423   55   27   14.14458   15.49707  9.56%  67.5 7356s
 12220203 9098635   14.91682   52   23   14.14458   15.49673  9.56%  67.5 7361s
 12227467 9100922   15.49335   54   38   14.14458   15.49620  9.56%  67.5 7366s
 12227543 9100972   15.49224   56   24   14.14458   15.49618  9.56%  67.5 7370s
 12227665 9101149   14.99201   53   33   14.14458   15.49615  9.56%  67.5 7376s
 12228245 9102214   15.11429   55   32   14.14458   15.49615  9.56%  67.5 7381s
 12232675 9106407   15.23175   60   29   14.14458   15.49607  9.55%  67.5 7387s
 12236739 9108799   15.23746   72   20   14.14458   15.49601  9.55%  67.5 7390s
 12243782 9112798     cutoff   56        14.14458   15.49555  9.55%  67.5 7395s
 12250978 9117334   15.37322   64   24   14.14458   15.49496  9.55%  67.5 7400s
 12262458 9124221   15.39045   55   20   14.14458   15.49412  9.54%  67.5 7406s
 12269868 9128434   15.16912   59   23   14.14458   15.49371  9.54%  67.5 7411s
 12276838 9132772   15.41655   59   28   14.14458   15.49330  9.54%  67.5 7415s
 12283926 9137224   15.32465   55   30   14.14458   15.49286  9.53%  67.5 7420s
 12291301 9141691   15.15105   54   36   14.14458   15.49234  9.53%  67.5 7425s
 12294913 9141756   15.49207   53   35   14.14458   15.49207  9.53%  67.5 7432s
 12295004 9141789   15.11563   59   25   14.14458   15.49203  9.53%  67.5 7436s
 12295081 9141896   15.27213   53   40   14.14458   15.49201  9.53%  67.5 7441s
 12295707 9142782   14.29267   57   25   14.14458   15.49201  9.53%  67.5 7447s
 12296721 9143837   15.49201   51   22   14.14458   15.49201  9.53%  67.5 7450s
 12301001 9146546   15.47463   47   33   14.14458   15.49199  9.53%  67.5 7456s
 12303111 9149165   14.63498   59   26   14.14458   15.49193  9.53%  67.5 7460s
 12311200 9154182   15.02355   56   24   14.14458   15.49161  9.52%  67.5 7466s
 12319594 9159446   15.48616   53   20   14.14458   15.49095  9.52%  67.5 7471s
 12327899 9164089     cutoff   60        14.14458   15.49005  9.51%  67.5 7476s
 12334930 9168272   15.41200   50   35   14.14458   15.48962  9.51%  67.5 7481s
 12342093 9172793   15.48665   56   34   14.14458   15.48920  9.51%  67.5 7486s
 12349455 9177267   14.58047   58   26   14.14458   15.48874  9.50%  67.5 7490s
 12360044 9183796   14.93224   61   25   14.14458   15.48814  9.50%  67.5 7497s
 12367042 9187982     cutoff   58        14.14458   15.48767  9.50%  67.4 7501s
 12374506 9192411   15.10697   57   27   14.14458   15.48724  9.49%  67.4 7506s
 12381701 9196681   14.45259   56   26   14.14458   15.48673  9.49%  67.4 7510s
 12388776 9201040   15.32797   58   37   14.14458   15.48632  9.49%  67.4 7515s
 12399711 9207752   15.37399   53   31   14.14458   15.48570  9.48%  67.4 7522s
 12406750 9211948     cutoff   65        14.14458   15.48532  9.48%  67.4 7526s
 12413857 9216367     cutoff   55        14.14458   15.48491  9.48%  67.4 7530s
 12424548 9222750   15.29053   59   30   14.14458   15.48416  9.47%  67.4 7537s
 12431416 9227094   14.67536   62   29   14.14458   15.48381  9.47%  67.4 7541s
 12438885 9231475   15.42638   60   23   14.14458   15.48331  9.46%  67.4 7546s
 12445814 9235606   14.79261   61   29   14.14458   15.48289  9.46%  67.4 7550s
 12453129 9240082   15.17924   63   23   14.14458   15.48243  9.46%  67.4 7555s
 12463807 9246882   14.81918   55   33   14.14458   15.48178  9.45%  67.4 7561s
 12471182 9251086   15.31302   52   43   14.14458   15.48136  9.45%  67.4 7566s
 12478574 9255529     cutoff   59        14.14458   15.48097  9.45%  67.4 7570s
 12485620 9259790   14.78068   57   28   14.14458   15.48053  9.44%  67.4 7575s
 12496055 9266202   15.00520   57   26   14.14458   15.47986  9.44%  67.4 7582s
 12503526 9270532   15.37782   45   31   14.14458   15.47933  9.44%  67.4 7586s
 12510891 9275134   15.47906   47   28   14.14458   15.47906  9.43%  67.4 7590s
 12521547 9281645   15.32021   51   36   14.14458   15.47832  9.43%  67.4 7596s
 12528770 9285771     cutoff   59        14.14458   15.47791  9.43%  67.4 7601s
 12535884 9289989   15.44019   56   32   14.14458   15.47754  9.42%  67.4 7605s
 12542950 9294248   14.33836   53   27   14.14458   15.47700  9.42%  67.4 7610s
 12550186 9298890     cutoff   52        14.14458   15.47660  9.42%  67.4 7615s
 12560809 9304996   14.99462   56   26   14.14458   15.47595  9.41%  67.4 7621s
 12567785 9309333   15.38387   56   26   14.14458   15.47555  9.41%  67.4 7625s
 12578766 9315654     cutoff   61        14.14458   15.47488  9.41%  67.4 7632s
 12585862 9320169   15.36930   58   27   14.14458   15.47451  9.40%  67.4 7636s
 12592847 9324230   15.46469   57   31   14.14458   15.47413  9.40%  67.4 7641s
 12600036 9328768   15.44447   55   34   14.14458   15.47368  9.40%  67.4 7645s
 12611144 9335486   14.19937   52   25   14.14458   15.47311  9.39%  67.4 7652s
 12618459 9339704   14.51040   52   34   14.14458   15.47258  9.39%  67.3 7656s
 12625477 9344094     cutoff   61        14.14458   15.47216  9.39%  67.3 7660s
 12632659 9348656   15.37761   58   26   14.14458   15.47180  9.38%  67.3 7665s
 12643598 9355084   14.25926   57   29   14.14458   15.47112  9.38%  67.3 7672s
 12650776 9359528   14.69011   56   29   14.14458   15.47073  9.38%  67.3 7676s
 12657680 9363736     cutoff   56        14.14458   15.47023  9.37%  67.3 7680s
 12664976 9367943   15.42359   51   26   14.14458   15.46985  9.37%  67.3 7685s
 12675682 9374332   14.64899   51   36   14.14458   15.46925  9.37%  67.3 7691s
 12682786 9378123     cutoff   59        14.14458   15.46876  9.36%  67.3 7696s
 12690071 9382625   15.36059   54   33   14.14458   15.46834  9.36%  67.3 7700s
 12697053 9386926   14.75420   54   21   14.14458   15.46797  9.36%  67.3 7705s
 12708046 9393565   15.01697   57   34   14.14458   15.46727  9.35%  67.3 7712s
 12715183 9397704   15.36350   53   29   14.14458   15.46683  9.35%  67.3 7716s
 12722381 9402021   15.46275   56   31   14.14458   15.46642  9.35%  67.3 7720s
 12729862 9406244   15.17930   56   34   14.14458   15.46600  9.34%  67.3 7725s
 12740601 9413032     cutoff   61        14.14458   15.46535  9.34%  67.3 7732s
 12747665 9417180   15.39155   57   37   14.14458   15.46500  9.34%  67.3 7736s
 12754883 9421527   15.31389   55   30   14.14458   15.46460  9.33%  67.3 7741s
 12762091 9425787   15.24513   60   25   14.14458   15.46420  9.33%  67.3 7745s
 12772884 9432338   15.29511   62   32   14.14458   15.46348  9.32%  67.3 7751s
 12780193 9436711   15.11459   57   26   14.14458   15.46305  9.32%  67.3 7756s
 12787183 9441136   15.45592   48   21   14.14458   15.46266  9.32%  67.3 7760s
 12797692 9447163   14.89840   60   27   14.14458   15.46201  9.31%  67.3 7767s
 12804590 9451120   14.94193   60   29   14.14458   15.46154  9.31%  67.3 7771s
 12811443 9455303   14.69336   58   35   14.14458   15.46121  9.31%  67.3 7776s
 12818845 9459891     cutoff   53        14.14458   15.46073  9.30%  67.3 7780s
 12829541 9466126   14.55245   55   29   14.14458   15.46016  9.30%  67.3 7787s
 12836776 9470429   15.30317   62   26   14.14458   15.45961  9.30%  67.3 7791s
 12843912 9474403   15.34896   60   25   14.14458   15.45930  9.29%  67.3 7796s
 12850810 9478603   14.31486   55   33   14.14458   15.45883  9.29%  67.3 7800s
 12857994 9482840   15.44865   56   31   14.14458   15.45838  9.29%  67.3 7805s
 12868712 9489215   14.96607   56   33   14.14458   15.45773  9.28%  67.3 7811s
 12875633 9493420   15.05792   61   27   14.14458   15.45732  9.28%  67.2 7816s
 12883033 9497441   15.34405   54   34   14.14458   15.45691  9.28%  67.2 7820s
 12890005 9501828   15.14073   62   28   14.14458   15.45652  9.28%  67.2 7825s
 12901015 9508163   15.42800   48   31   14.14458   15.45583  9.27%  67.2 7831s
 12908046 9512308   15.44986   51   28   14.14458   15.45544  9.27%  67.2 7836s
 12915064 9516266   15.45504   55   28   14.14458   15.45504  9.26%  67.2 7840s
 12925839 9522835     cutoff   49        14.14458   15.45446  9.26%  67.2 7847s
 12932939 9527012   14.31302   59   33   14.14458   15.45397  9.26%  67.2 7851s
 12939858 9531197   15.44937   52   30   14.14458   15.45358  9.25%  67.2 7856s
 12947201 9535635     cutoff   50        14.14458   15.45320  9.25%  67.2 7860s
 12957819 9542044   14.19061   57   29   14.14458   15.45252  9.25%  67.2 7867s
 12965177 9546566     cutoff   61        14.14458   15.45219  9.24%  67.2 7871s
 12972141 9550497   14.51901   54   38   14.14458   15.45175  9.24%  67.2 7875s
 12982967 9556968   14.95464   63   28   14.14458   15.45113  9.24%  67.2 7882s
 12990212 9561488     cutoff   57        14.14458   15.45065  9.23%  67.2 7886s
 12997453 9565879   14.92716   64   28   14.14458   15.45032  9.23%  67.2 7890s
 13008289 9571958     cutoff   61        14.14458   15.44965  9.23%  67.2 7896s
 13015461 9576247     cutoff   52        14.14458   15.44922  9.22%  67.2 7900s
 13022506 9580353   15.01234   63   22   14.14458   15.44880  9.22%  67.2 7905s
 13033394 9586761     cutoff   58        14.14458   15.44819  9.22%  67.2 7911s
 13040198 9591101   15.43481   55   34   14.14458   15.44781  9.21%  67.2 7916s
 13047734 9595340   15.38376   55   38   14.14458   15.44734  9.21%  67.2 7921s
 13055000 9599759   15.26515   56   29   14.14458   15.44688  9.21%  67.2 7926s
 13062473 9604401   15.30196   54   35   14.14458   15.44655  9.20%  67.2 7930s
 13072333 9608319   15.02227   56   34   14.14458   15.44608  9.20%  67.2 7935s
 13079768 9614364   15.44541   49   36   14.14458   15.44552  9.20%  67.2 7941s
 13087008 9618640   15.23219   60   23   14.14458   15.44514  9.19%  67.2 7946s
 13094246 9622949     cutoff   60        14.14458   15.44465  9.19%  67.2 7951s
 13101233 9626829   15.44428   54   25   14.14458   15.44428  9.19%  67.2 7955s
 13108306 9631096   14.86224   60   25   14.14458   15.44386  9.19%  67.2 7960s
 13115456 9635566   14.49611   56   28   14.14458   15.44353  9.18%  67.2 7965s
 13126333 9641819     cutoff   55        14.14458   15.44289  9.18%  67.1 7972s
 13133287 9646012   14.66942   58   33   14.14458   15.44244  9.18%  67.1 7977s
 13140735 9650555   15.00524   58   28   14.14458   15.44207  9.17%  67.1 7981s
 13147747 9654618     cutoff   57        14.14458   15.44163  9.17%  67.1 7986s
 13154805 9658864     cutoff   63        14.14458   15.44124  9.17%  67.1 7991s
 13162117 9662850     cutoff   62        14.14458   15.44078  9.16%  67.1 7996s
 13168958 9667040   15.19533   56   24   14.14458   15.44040  9.16%  67.1 8000s
 13176315 9671106   14.85845   65   23   14.14458   15.43995  9.16%  67.1 8005s
 13183534 9675568   15.13725   64   28   14.14458   15.43955  9.16%  67.1 8010s
 13190793 9679869     cutoff   59        14.14458   15.43911  9.15%  67.1 8015s
 13197738 9684083   14.94332   58   28   14.14458   15.43872  9.15%  67.1 8020s
 13208747 9690337     cutoff   52        14.14458   15.43810  9.14%  67.1 8027s
 13215873 9694466   14.32143   60   28   14.14458   15.43772  9.14%  67.1 8031s
 13223141 9698787     cutoff   54        14.14458   15.43733  9.14%  67.1 8036s
 13230262 9703048     cutoff   56        14.14458   15.43694  9.14%  67.1 8041s
 13237597 9707401     cutoff   54        14.14458   15.43658  9.13%  67.1 8046s
 13244845 9711737   15.42796   53   30   14.14458   15.43612  9.13%  67.1 8051s
 13251824 9715890     cutoff   57        14.14458   15.43573  9.13%  67.1 8055s
 13259024 9720032   15.40190   52   31   14.14458   15.43534  9.13%  67.1 8060s
 13266205 9724018     cutoff   59        14.14458   15.43496  9.12%  67.1 8065s
 13273231 9728436   15.09613   56   30   14.14458   15.43455  9.12%  67.1 8070s
 13284310 9734740     cutoff   57        14.14458   15.43393  9.12%  67.1 8077s
 13291003 9738850   14.48108   67   16   14.14458   15.43358  9.11%  67.1 8082s
 13298496 9742992   15.34382   56   26   14.14458   15.43315  9.11%  67.1 8086s
 13305627 9747464     cutoff   56        14.14458   15.43277  9.11%  67.1 8091s
 13312740 9751571   15.24828   57   30   14.14458   15.43238  9.10%  67.1 8096s
 13320110 9755967   15.05972   56   28   14.14458   15.43196  9.10%  67.1 8101s
 13327203 9760083   15.16537   49   35   14.14458   15.43159  9.10%  67.1 8105s
 13334339 9764184   15.15387   60   23   14.14458   15.43118  9.10%  67.1 8110s
 13341536 9768276   14.45421   58   29   14.14458   15.43078  9.09%  67.1 8115s
 13348561 9772290   15.43038   53   26   14.14458   15.43038  9.09%  67.1 8120s
 13355583 9776387   15.11930   60   25   14.14458   15.43002  9.09%  67.1 8125s
 13366060 9782574   15.21153   54   29   14.14458   15.42937  9.08%  67.1 8132s
 13373195 9786540     cutoff   60        14.14458   15.42906  9.08%  67.0 8136s
 13380567 9790643   15.22353   60   23   14.14458   15.42857  9.08%  67.0 8142s
 13387516 9794625     cutoff   57        14.14458   15.42820  9.07%  67.0 8146s
 13394391 9798751   14.78222   60   26   14.14458   15.42779  9.07%  67.0 8151s
 13401488 9802961   15.34601   61   27   14.14458   15.42735  9.07%  67.0 8156s
 13409043 9807261   14.79986   55   32   14.14458   15.42695  9.07%  67.0 8161s
 13416296 9811406   15.37273   57   27   14.14458   15.42659  9.06%  67.0 8166s
 13423295 9815718     cutoff   61        14.14458   15.42616  9.06%  67.0 8171s
 13430564 9819963   15.28526   61   26   14.14458   15.42576  9.06%  67.0 8176s
 13437996 9824372   15.37162   52   31   14.14458   15.42546  9.06%  67.0 8181s
 13445247 9828549     cutoff   61        14.14458   15.42493  9.05%  67.0 8185s
 13452205 9832840   14.33049   64   26   14.14458   15.42456  9.05%  67.0 8190s
 13463203 9839176     cutoff   64        14.14458   15.42397  9.05%  67.0 8196s
 13470584 9843528     cutoff   61        14.14458   15.42361  9.04%  67.0 8201s
 13477678 9847625   15.35755   58   25   14.14458   15.42321  9.04%  67.0 8205s
 13484598 9851760   15.38231   60   27   14.14458   15.42282  9.04%  67.0 8210s
 13495583 9858037   15.41978   45   28   14.14458   15.42220  9.03%  67.0 8216s
 13502870 9862124   14.24370   62   26   14.14458   15.42184  9.03%  67.0 8221s
 13509973 9866350   15.38048   61   23   14.14458   15.42146  9.03%  67.0 8225s
 13520643 9872716   15.34630   63   25   14.14458   15.42080  9.02%  67.0 8231s
 13528030 9876966   14.58729   57   27   14.14458   15.42046  9.02%  67.0 8236s
 13535124 9881257   14.72759   61   26   14.14458   15.42009  9.02%  67.0 8240s
 13542147 9885227   14.89779   58   24   14.14458   15.41965  9.01%  67.0 8245s
 13552584 9891479   15.36015   52   36   14.14458   15.41908  9.01%  67.0 8251s
 13560049 9895705     cutoff   51        14.14458   15.41872  9.01%  67.0 8256s
 13567245 9899750   14.19380   51   35   14.14458   15.41834  9.01%  67.0 8260s
 13574304 9903694   14.74474   61   31   14.14458   15.41791  9.00%  67.0 8265s
 13584771 9909867   15.27840   59   23   14.14458   15.41731  9.00%  67.0 8272s
 13591910 9913986     cutoff   55        14.14458   15.41692  9.00%  67.0 8276s
 13599189 9918306   14.85970   58   26   14.14458   15.41652  8.99%  67.0 8281s
 13606435 9922419     cutoff   54        14.14458   15.41615  8.99%  67.0 8285s
 13613393 9926535   15.06602   57   31   14.14458   15.41591  8.99%  67.0 8290s
 13620464 9930614   15.18402   57   31   14.14458   15.41535  8.98%  66.9 8295s
 13631383 9936909   15.41490   61   25   14.14458   15.41490  8.98%  66.9 8302s
 13638535 9940853   14.36645   60   29   14.14458   15.41450  8.98%  66.9 8306s
 13645346 9945146   15.30532   50   38   14.14458   15.41410  8.98%  66.9 8311s
 13652589 9949323   15.04956   52   35   14.14458   15.41368  8.97%  66.9 8315s
 13659632 9953347   14.83881   53   37   14.14458   15.41328  8.97%  66.9 8320s
 13666849 9957408   14.90619   56   27   14.14458   15.41291  8.97%  66.9 8325s
 13677493 9963563   14.64025   54   32   14.14458   15.41235  8.96%  66.9 8332s
 13684418 9967690   14.60426   58   31   14.14458   15.41191  8.96%  66.9 8336s
 13691637 9971751   14.80481   61   22   14.14458   15.41150  8.96%  66.9 8341s
 13699003 9976023   14.47013   52   28   14.14458   15.41113  8.95%  66.9 8346s
 13705944 9980035   15.25941   58   36   14.14458   15.41080  8.95%  66.9 8350s
 13713121 9984177   14.70146   60   28   14.14458   15.41045  8.95%  66.9 8355s
 13720206 9988147     cutoff   54        14.14458   15.40996  8.95%  66.9 8360s
 13730862 9994331   14.72392   57   28   14.14458   15.40941  8.94%  66.9 8367s
 13737827 9998368   15.36720   56   24   14.14458   15.40903  8.94%  66.9 8371s
 13744985 10002492     cutoff   58        14.14458   15.40862  8.94%  66.9 8376s
 13752220 10006623   15.09949   57   29   14.14458   15.40819  8.93%  66.9 8381s
 13759539 10010841   15.33750   61   27   14.14458   15.40785  8.93%  66.9 8386s
 13766612 10014672   15.05880   65   24   14.14458   15.40736  8.93%  66.9 8390s
 13773421 10018936   14.65666   58   27   14.14458   15.40696  8.92%  66.9 8395s
 13780796 10023077   14.91266   59   21   14.14458   15.40659  8.92%  66.9 8400s
 13787929 10027287     cutoff   56        14.14458   15.40619  8.92%  66.9 8405s
 13798737 10033100   14.54606   55   30   14.14458   15.40562  8.92%  66.9 8411s
 13805579 10037315   15.23955   62   35   14.14458   15.40519  8.91%  66.9 8416s
 13812883 10041537     cutoff   49        14.14458   15.40486  8.91%  66.9 8421s
 13820017 10045468   15.34051   50   32   14.14458   15.40443  8.91%  66.9 8425s
 13827165 10049604   14.30070   59   27   14.14458   15.40402  8.90%  66.9 8430s
 13834105 10053487   14.72145   68   18   14.14458   15.40366  8.90%  66.9 8435s
 13841398 10057676   15.25897   68   21   14.14458   15.40327  8.90%  66.9 8440s
 13852033 10063503   15.20713   63   26   14.14458   15.40263  8.89%  66.9 8446s
 13859175 10067551   14.97523   55   30   14.14458   15.40228  8.89%  66.9 8451s
 13866303 10071450   15.20644   54   35   14.14458   15.40192  8.89%  66.9 8456s
 13873121 10075641   15.10196   56   30   14.14458   15.40152  8.89%  66.9 8460s
 13880477 10079803   15.38259   58   28   14.14458   15.40123  8.88%  66.8 8465s
 13887463 10083730   15.26067   52   29   14.14458   15.40076  8.88%  66.8 8470s
 13898016 10089807     cutoff   60        14.14458   15.40028  8.88%  66.8 8476s
 13904901 10093806   14.54583   59   27   14.14458   15.39986  8.87%  66.8 8481s
 13911857 10097788   15.39944   58   21   14.14458   15.39944  8.87%  66.8 8486s
 13919122 10101850   14.39915   54   35   14.14458   15.39907  8.87%  66.8 8490s
 13926170 10105608   15.14671   59   27   14.14458   15.39862  8.87%  66.8 8495s
 13933169 10109652     cutoff   59        14.14458   15.39828  8.86%  66.8 8500s
 13940214 10113882     cutoff   62        14.14458   15.39789  8.86%  66.8 8505s
 13950924 10119782   14.41269   57   26   14.14458   15.39728  8.86%  66.8 8512s
 13958120 10123784   15.20334   59   31   14.14458   15.39695  8.85%  66.8 8516s
 13964935 10127730     cutoff   55        14.14458   15.39652  8.85%  66.8 8521s
 13972191 10131968   15.16275   58   22   14.14458   15.39620  8.85%  66.8 8525s
 13979283 10135979   15.36516   52   31   14.14458   15.39583  8.85%  66.8 8530s
 13986207 10139979   15.14870   52   29   14.14458   15.39540  8.84%  66.8 8535s
 13996941 10145952   15.34336   58   21   14.14458   15.39485  8.84%  66.8 8541s
 14003981 10149932   14.81632   63   27   14.14458   15.39441  8.84%  66.8 8546s
 14011281 10153924   15.27646   52   22   14.14458   15.39405  8.83%  66.8 8551s
 14014900 10153969   15.24598   50   30   14.14458   15.39379  8.83%  66.8 8555s
 14014976 10154008   15.39379   52   21   14.14458   15.39379  8.83%  66.8 8560s
 14015501 10155060     cutoff   55        14.14458   15.39379  8.83%  66.8 8566s
 14019881 10158190   14.53765   54   33   14.14458   15.39370  8.83%  66.8 8571s
 14026474 10162865     cutoff   62        14.14458   15.39353  8.83%  66.8 8577s
 14034370 10167182   14.89225   62   25   14.14458   15.39294  8.83%  66.8 8582s
 14041971 10171414   15.34239   49   37   14.14458   15.39251  8.82%  66.8 8587s
 14045582 10173338   14.80436   57   28   14.14458   15.39238  8.82%  66.8 8590s
 14056062 10179374   15.38819   53   33   14.14458   15.39170  8.82%  66.8 8596s
 14063087 10183390   15.05167   60   23   14.14458   15.39123  8.81%  66.8 8601s
 14070375 10187534   14.97912   54   32   14.14458   15.39087  8.81%  66.8 8605s
 14077396 10191537   14.75461   66   25   14.14458   15.39051  8.81%  66.8 8610s
 14084064 10195738   15.02571   66   24   14.14458   15.39009  8.81%  66.8 8615s
 14091540 10199827     cutoff   56        14.14458   15.38971  8.80%  66.8 8620s
 14098953 10203993   15.13899   64   26   14.14458   15.38936  8.80%  66.8 8625s
 14109519 10210146   14.80177   58   26   14.14458   15.38873  8.80%  66.8 8632s
 14116619 10214078   15.38840   56   21   14.14458   15.38840  8.79%  66.8 8636s
 14123800 10218097   15.11357   59   28   14.14458   15.38803  8.79%  66.8 8641s
 14130878 10222084   14.73590   59   32   14.14458   15.38764  8.79%  66.8 8646s
 14138175 10226435   15.18634   54   33   14.14458   15.38723  8.79%  66.8 8650s
 14145484 10230087     cutoff   46        14.14458   15.38685  8.78%  66.7 8655s
 14152368 10234097   14.76180   56   25   14.14458   15.38644  8.78%  66.7 8660s
 14163168 10240212     cutoff   65        14.14458   15.38593  8.78%  66.7 8667s
 14170194 10244148     cutoff   59        14.14458   15.38552  8.77%  66.7 8671s
 14177521 10248123   14.83626   60   23   14.14458   15.38510  8.77%  66.7 8676s
 14184602 10252160   15.30476   64   24   14.14458   15.38478  8.77%  66.7 8681s
 14191442 10256048     cutoff   50        14.14458   15.38433  8.76%  66.7 8685s
 14198557 10260445   15.30073   60   32   14.14458   15.38396  8.76%  66.7 8690s
 14209588 10266377   15.16544   54   39   14.14458   15.38345  8.76%  66.7 8696s
 14216400 10270446   15.38307   52   26   14.14458   15.38307  8.76%  66.7 8701s
 14223846 10274488   15.17030   66   23   14.14458   15.38265  8.75%  66.7 8706s
 14230908 10278744   14.91319   67   21   14.14458   15.38231  8.75%  66.7 8711s
 14237997 10282423     cutoff   58        14.14458   15.38191  8.75%  66.7 8715s
 14244701 10286598   15.38155   63   19   14.14458   15.38155  8.75%  66.7 8720s
 14255705 10292700     cutoff   61        14.14458   15.38098  8.74%  66.7 8727s
 14262745 10296702     cutoff   54        14.14458   15.38061  8.74%  66.7 8731s
 14269790 10300604   14.22026   59   36   14.14458   15.38023  8.74%  66.7 8736s
 14276768 10304625   15.08907   64   24   14.14458   15.37979  8.73%  66.7 8741s
 14283922 10308699   15.37951   57   24   14.14458   15.37951  8.73%  66.7 8745s
 14291141 10312638     cutoff   58        14.14458   15.37910  8.73%  66.7 8750s
 14298255 10316685     cutoff   55        14.14458   15.37876  8.73%  66.7 8755s
 14308739 10322408     cutoff   64        14.14458   15.37809  8.72%  66.7 8761s
 14315942 10326602   15.37771   45   24   14.14458   15.37771  8.72%  66.7 8766s
 14323074 10330566   15.37735   57   22   14.14458   15.37735  8.72%  66.7 8771s
 14330461 10334642   14.91447   50   31   14.14458   15.37691  8.71%  66.7 8776s
 14337579 10338432   15.17056   52   35   14.14458   15.37655  8.71%  66.7 8780s
 14344514 10342518   14.19822   61   25   14.14458   15.37621  8.71%  66.7 8785s
 14355500 10348729   14.57970   66   22   14.14458   15.37562  8.70%  66.7 8792s
 14362753 10352644   15.09415   60   27   14.14458   15.37527  8.70%  66.7 8796s
 14369959 10356522   14.92915   52   30   14.14458   15.37493  8.70%  66.7 8801s
 14376885 10360742   14.48094   60   32   14.14458   15.37452  8.70%  66.7 8806s
 14384157 10364750   14.79961   58   28   14.14458   15.37419  8.69%  66.7 8811s
 14391629 10368609   14.21670   61   24   14.14458   15.37378  8.69%  66.7 8815s
 14398569 10372640     cutoff   52        14.14458   15.37338  8.69%  66.7 8820s
 14408993 10378593   14.88685   62   28   14.14458   15.37283  8.68%  66.6 8826s
 14416276 10382520   15.08086   57   37   14.14458   15.37247  8.68%  66.6 8831s
 14423482 10386434   15.33110   60   33   14.14458   15.37214  8.68%  66.6 8836s
 14430548 10390531   15.19996   61   27   14.14458   15.37169  8.68%  66.6 8841s
 14437637 10394525   15.11629   57   24   14.14458   15.37135  8.67%  66.6 8845s
 14444590 10398438   14.90525   57   22   14.14458   15.37104  8.67%  66.6 8850s
 14455235 10404285   15.36998   52   36   14.14458   15.37044  8.67%  66.6 8856s
 14462201 10408123   15.37008   57   34   14.14458   15.37008  8.66%  66.6 8860s
 14472820 10414054     cutoff   60        14.14458   15.36943  8.66%  66.6 8866s
 14480053 10418106     cutoff   54        14.14458   15.36910  8.66%  66.6 8871s
 14487326 10422432   15.11279   42   28   14.14458   15.36871  8.65%  66.6 8875s
 14494712 10426753   15.25868   54   30   14.14458   15.36835  8.65%  66.6 8880s
 14505426 10432907   14.40642   50   33   14.14458   15.36789  8.65%  66.6 8887s
 14512797 10436787   14.84779   62   29   14.14458   15.36753  8.65%  66.6 8891s
 14519778 10440750   15.20086   52   26   14.14458   15.36712  8.64%  66.6 8896s
 14527024 10444675   15.32486   63   22   14.14458   15.36674  8.64%  66.6 8901s
 14533957 10448447   15.35763   55   25   14.14458   15.36639  8.64%  66.6 8906s
 14541347 10452579   15.03026   54   31   14.14458   15.36606  8.64%  66.6 8911s
 14548514 10456316   14.53601   63   24   14.14458   15.36565  8.63%  66.6 8915s
 14555699 10460171   14.48208   60   30   14.14458   15.36527  8.63%  66.6 8920s
 14566245 10465807   14.40549   59   30   14.14458   15.36469  8.63%  66.6 8927s
 14573394 10469891   14.94828   64   21   14.14458   15.36430  8.62%  66.6 8932s
 14580456 10473724   15.34456   56   31   14.14458   15.36395  8.62%  66.6 8937s
 14588014 10477916   15.32526   47   40   14.14458   15.36353  8.62%  66.6 8941s
 14595195 10481602   14.72214   57   28   14.14458   15.36316  8.62%  66.6 8946s
 14602132 10485767   15.20465   53   34   14.14458   15.36277  8.61%  66.6 8951s
 14609470 10489873   14.32632   56   26   14.14458   15.36244  8.61%  66.6 8955s
 14616666 10493893   15.35654   57   29   14.14458   15.36204  8.61%  66.6 8960s
 14623966 10498281   14.98435   50   21   14.14458   15.36181  8.61%  66.6 8965s
 14631087 10502201   14.78346   54   35   14.14458   15.36137  8.60%  66.6 8970s
 14641900 10508053     cutoff   63        14.14458   15.36077  8.60%  66.6 8977s
 14649217 10512141     cutoff   60        14.14458   15.36043  8.60%  66.6 8981s
 14656352 10516136     cutoff   59        14.14458   15.36014  8.59%  66.6 8986s
 14663213 10519859   15.32219   56   40   14.14458   15.35967  8.59%  66.5 8991s
 14670533 10523916   14.65303   45   26   14.14458   15.35928  8.59%  66.5 8996s
 14677732 10527860     cutoff   60        14.14458   15.35895  8.59%  66.5 9001s
 14684999 10531714   14.68825   51   37   14.14458   15.35855  8.58%  66.5 9005s
 14692259 10535614   14.94825   60   29   14.14458   15.35818  8.58%  66.5 9010s
 14699261 10539613   15.35789   52   34   14.14458   15.35789  8.58%  66.5 9015s
 14710089 10545572   15.01169   55   31   14.14458   15.35727  8.57%  66.5 9022s
 14717094 10549715   15.33524   54   24   14.14458   15.35699  8.57%  66.5 9027s
 14724433 10553427     cutoff   52        14.14458   15.35657  8.57%  66.5 9032s
 14731420 10557479   15.06548   61   26   14.14458   15.35620  8.57%  66.5 9037s
 14738563 10561595     cutoff   53        14.14458   15.35582  8.56%  66.5 9041s
 14745692 10565453   14.31542   70   19   14.14458   15.35547  8.56%  66.5 9046s
 14752981 10569153   14.93928   67   21   14.14458   15.35505  8.56%  66.5 9051s
 14759804 10573041     cutoff   54        14.14458   15.35473  8.56%  66.5 9056s
 14767087 10577323   14.36249   59   28   14.14458   15.35437  8.55%  66.5 9061s
 14774662 10581317   14.72602   50   33   14.14458   15.35409  8.55%  66.5 9065s
 14781761 10585129   14.82137   65   24   14.14458   15.35360  8.55%  66.5 9070s
 14792105 10591032   14.27227   60   26   14.14458   15.35313  8.54%  66.5 9076s
 14799237 10595092     cutoff   57        14.14458   15.35275  8.54%  66.5 9081s
 14806597 10598870     cutoff   57        14.14458   15.35235  8.54%  66.5 9086s
 14813866 10602976   14.94512   63   21   14.14458   15.35201  8.54%  66.5 9091s
 14820928 10606836   14.28639   59   26   14.14458   15.35164  8.53%  66.5 9096s
 14827706 10610659   14.63868   66   20   14.14458   15.35134  8.53%  66.5 9101s
 14834879 10614385   15.11312   63   33   14.14458   15.35093  8.53%  66.5 9105s
 14841914 10618422   15.35057   54   21   14.14458   15.35057  8.53%  66.5 9110s
 14848989 10622378   15.34747   56   34   14.14458   15.35021  8.52%  66.5 9115s
 14856077 10626121   15.16794   61   28   14.14458   15.34984  8.52%  66.5 9120s
 14863269 10630208     cutoff   54        14.14458   15.34953  8.52%  66.5 9125s
 14870576 10634169   14.64116   59   23   14.14458   15.34916  8.52%  66.5 9130s
 14877708 10638090   15.34875   56   17   14.14458   15.34875  8.51%  66.5 9135s
 14884871 10641930   14.62874   61   28   14.14458   15.34842  8.51%  66.5 9140s
 14891865 10645811   15.18466   50   39   14.14458   15.34805  8.51%  66.5 9145s
 14898912 10649662   14.95639   58   28   14.14458   15.34770  8.51%  66.5 9150s
 14906042 10653591   14.40249   57   24   14.14458   15.34728  8.50%  66.5 9155s
 14913038 10657350   14.34909   63   26   14.14458   15.34694  8.50%  66.5 9160s
 14920230 10661080   14.89069   60   25   14.14458   15.34657  8.50%  66.5 9165s
 14927127 10665178   15.25877   62   24   14.14458   15.34626  8.50%  66.5 9170s
 14934411 10669189   15.34513   62   25   14.14458   15.34588  8.49%  66.4 9175s
 14941628 10673128   15.25086   69   18   14.14458   15.34552  8.49%  66.4 9180s
 14948846 10676942   14.65539   49   36   14.14458   15.34523  8.49%  66.4 9185s
 14955831 10680922   15.02680   60   36   14.14458   15.34484  8.49%  66.4 9190s
 14966515 10686727     cutoff   59        14.14458   15.34424  8.48%  66.4 9197s
 14973824 10690619   15.18178   61   29   14.14458   15.34394  8.48%  66.4 9202s
 14980921 10694292   14.46309   60   26   14.14458   15.34362  8.48%  66.4 9207s
 14987902 10698157     cutoff   62        14.14458   15.34326  8.47%  66.4 9212s
 14994943 10702160   15.08306   60   24   14.14458   15.34287  8.47%  66.4 9217s
 15002418 10706255   15.28436   65   25   14.14458   15.34254  8.47%  66.4 9222s
 15009605 10710338     cutoff   64        14.14458   15.34221  8.47%  66.4 9227s
 15016645 10714091   15.16670   63   26   14.14458   15.34179  8.46%  66.4 9232s
 15023888 10717990     cutoff   50        14.14458   15.34153  8.46%  66.4 9237s
 15031202 10722153   14.44540   57   36   14.14458   15.34115  8.46%  66.4 9242s
 15038207 10726120   15.32472   54   29   14.14458   15.34084  8.46%  66.4 9247s
 15045433 10729728   14.74854   58   34   14.14458   15.34041  8.45%  66.4 9252s
 15052184 10733448     cutoff   59        14.14458   15.34007  8.45%  66.4 9257s
 15059417 10737523   14.57939   53   39   14.14458   15.33975  8.45%  66.4 9261s
 15066647 10741338     cutoff   50        14.14458   15.33940  8.45%  66.4 9266s
 15073689 10745507   14.81471   62   24   14.14458   15.33909  8.44%  66.4 9271s
 15080673 10749194   15.00154   68   21   14.14458   15.33872  8.44%  66.4 9276s
 15088047 10753359   14.92634   52   27   14.14458   15.33834  8.44%  66.4 9281s
 15095449 10757362   14.63482   61   28   14.14458   15.33796  8.44%  66.4 9285s
 15102519 10761136   15.01153   56   26   14.14458   15.33764  8.43%  66.4 9290s
 15112902 10766958   15.06222   56   28   14.14458   15.33706  8.43%  66.4 9296s
 15120046 10770792   15.31698   63   20   14.14458   15.33675  8.43%  66.4 9301s
 15127246 10774752   15.33628   49   28   14.14458   15.33646  8.43%  66.4 9306s
 15134236 10778974   14.95386   56   30   14.14458   15.33606  8.42%  66.4 9310s
 15141728 10782726     cutoff   57        14.14458   15.33568  8.42%  66.4 9315s
 15152462 10788636   14.44311   60   30   14.14458   15.33519  8.42%  66.4 9322s
 15159374 10792354   14.76440   61   31   14.14458   15.33482  8.41%  66.4 9326s
 15166564 10796255   15.33456   51   36   14.14458   15.33456  8.41%  66.4 9331s
 15173693 10800042   15.33423   48   29   14.14458   15.33423  8.41%  66.4 9336s
 15180594 10804001   15.33386   55   40   14.14458   15.33386  8.41%  66.4 9340s
 15187887 10807891   15.06818   58   27   14.14458   15.33351  8.41%  66.4 9345s
 15198434 10813754   15.00446   55   32   14.14458   15.33297  8.40%  66.4 9351s
 15205686 10817538     cutoff   64        14.14458   15.33259  8.40%  66.3 9356s
 15212507 10821386   15.08878   60   27   14.14458   15.33225  8.40%  66.3 9361s
 15219772 10825392     cutoff   61        14.14458   15.33193  8.39%  66.3 9366s
 15226969 10829607   14.52103   52   34   14.14458   15.33156  8.39%  66.3 9371s
 15234426 10833646     cutoff   65        14.14458   15.33120  8.39%  66.3 9375s
 15241299 10837648   15.33089   53   28   14.14458   15.33089  8.39%  66.3 9380s
 15252250 10843196     cutoff   57        14.14458   15.33040  8.38%  66.3 9386s
 15259277 10846829     cutoff   57        14.14458   15.32994  8.38%  66.3 9391s
 15266439 10850765   15.21980   56   30   14.14458   15.32964  8.38%  66.3 9396s
 15273372 10854711   15.28442   58   24   14.14458   15.32934  8.38%  66.3 9401s
 15280266 10858328   15.01214   52   34   14.14458   15.32893  8.37%  66.3 9405s
 15287553 10862532   14.94869   55   31   14.14458   15.32861  8.37%  66.3 9410s
 15298108 10868160   14.87483   45   27   14.14458   15.32812  8.37%  66.3 9416s
 15305080 10871877   14.86142   61   28   14.14458   15.32780  8.37%  66.3 9421s
 15312199 10875685     cutoff   54        14.14458   15.32746  8.36%  66.3 9426s
 15319334 10879509   14.93091   60   25   14.14458   15.32708  8.36%  66.3 9431s
 15326533 10883593   15.32681   50   20   14.14458   15.32681  8.36%  66.3 9435s
 15333636 10887098   15.11589   57   25   14.14458   15.32639  8.36%  66.3 9440s
 15340577 10891147   14.43906   56   28   14.14458   15.32608  8.35%  66.3 9445s
 15351451 10897003     cutoff   55        14.14458   15.32554  8.35%  66.3 9451s
 15358665 10900654     cutoff   33        14.14458   15.32525  8.35%  66.3 9457s
 15365753 10904324   14.92789   55   32   14.14458   15.32491  8.34%  66.3 9461s
 15372634 10908023   14.19977   65   23   14.14458   15.32447  8.34%  66.3 9467s
 15379807 10912001   14.41658   58   36   14.14458   15.32411  8.34%  66.3 9471s
 15387226 10915834     cutoff   57        14.14458   15.32382  8.34%  66.3 9476s
 15393947 10919710   15.25444   55   26   14.14458   15.32347  8.33%  66.3 9481s
 15401097 10923505     cutoff   61        14.14458   15.32310  8.33%  66.3 9486s
 15408395 10927238     cutoff   55        14.14458   15.32281  8.33%  66.3 9491s
 15415588 10931006   14.15710   60   28   14.14458   15.32244  8.33%  66.3 9496s
 15422786 10934939     cutoff   49        14.14458   15.32208  8.32%  66.3 9501s
 15429962 10938638   15.32175   49   41   14.14458   15.32175  8.32%  66.3 9506s
 15437018 10942767   15.31264   50   30   14.14458   15.32135  8.32%  66.3 9511s
 15444233 10946556   15.26217   58   30   14.14458   15.32102  8.32%  66.3 9515s
 15451137 10950294   15.25378   51   35   14.14458   15.32064  8.31%  66.3 9521s
 15458364 10954207   15.27703   57   29   14.14458   15.32025  8.31%  66.3 9526s
 15465522 10958015   14.67902   56   30   14.14458   15.31999  8.31%  66.3 9531s
 15472402 10961824   15.08093   59   27   14.14458   15.31963  8.31%  66.3 9536s
 15479670 10965724   15.17824   48   39   14.14458   15.31932  8.31%  66.2 9540s
 15486732 10969548   15.25061   62   21   14.14458   15.31903  8.30%  66.2 9545s
 15494140 10973653   15.30656   56   25   14.14458   15.31868  8.30%  66.2 9550s
 15501126 10977389   14.85632   55   33   14.14458   15.31838  8.30%  66.2 9555s
 15508216 10981396   14.71348   59   27   14.14458   15.31799  8.30%  66.2 9560s
 15515497 10985322   15.31771   51   26   14.14458   15.31771  8.29%  66.2 9565s
 15522761 10989171     cutoff   57        14.14458   15.31737  8.29%  66.2 9570s
 15529472 10992835   14.49495   64   26   14.14458   15.31701  8.29%  66.2 9575s
 15536799 10996673     cutoff   55        14.14458   15.31663  8.29%  66.2 9580s
 15543993 11000573   14.96679   55   35   14.14458   15.31629  8.28%  66.2 9586s
 15551260 11004507     cutoff   62        14.14458   15.31598  8.28%  66.2 9591s
 15558343 11006251   15.22152   49   42   14.14458   15.31560  8.28%  66.2 9596s
 15558390 11009556   14.90084   54   36   14.14458   15.31560  8.28%  66.2 9613s
 15564380 11012798   15.30749   58   23   14.14458   15.31529  8.28%  66.2 9618s
 15570477 11016014   14.39020   60   33   14.14458   15.31504  8.27%  66.2 9622s
 15576629 11019095   14.67302   63   25   14.14458   15.31474  8.27%  66.2 9625s
 15587385 11023663   14.93306   58   21   14.14458   15.31437  8.27%  66.2 9631s
 15594544 11027447   14.76799   68   18   14.14458   15.31393  8.27%  66.2 9636s
 15602030 11031481   14.86346   61   27   14.14458   15.31355  8.26%  66.2 9641s
 15609331 11035509   15.23106   58   26   14.14458   15.31324  8.26%  66.2 9646s
 15616609 11039211   14.18870   52   29   14.14458   15.31287  8.26%  66.2 9651s
 15623835 11043187   15.23021   53   41   14.14458   15.31252  8.26%  66.2 9655s
 15631072 11047087   14.83965   58   28   14.14458   15.31216  8.25%  66.2 9660s
 15638406 11051373   14.31662   61   26   14.14458   15.31180  8.25%  66.2 9665s
 15645717 11055215   15.02868   54   26   14.14458   15.31151  8.25%  66.2 9670s
 15652920 11059245   15.25159   67   23   14.14458   15.31119  8.25%  66.2 9675s
 15660097 11063132     cutoff   58        14.14458   15.31081  8.25%  66.2 9680s
 15670703 11068807     cutoff   56        14.14458   15.31037  8.24%  66.2 9687s
 15678303 11072664   15.10848   52   28   14.14458   15.30994  8.24%  66.2 9692s
 15685345 11076761   14.66013   62   26   14.14458   15.30971  8.24%  66.2 9697s
 15692676 11080517   14.95864   69   16   14.14458   15.30929  8.23%  66.2 9701s
 15699900 11084316     cutoff   54        14.14458   15.30892  8.23%  66.2 9706s
 15707185 11088129     cutoff   50        14.14458   15.30869  8.23%  66.2 9711s
 15714064 11091796   15.23476   58   32   14.14458   15.30828  8.23%  66.2 9715s
 15721137 11095542     cutoff   58        14.14458   15.30788  8.22%  66.2 9720s
 15728341 11099295   14.98702   56   28   14.14458   15.30753  8.22%  66.2 9725s
 15735544 11103090   14.30924   58   32   14.14458   15.30715  8.22%  66.2 9730s
 15742450 11107013   15.10156   56   29   14.14458   15.30688  8.22%  66.2 9735s
 15749641 11110828   15.02322   62   31   14.14458   15.30654  8.21%  66.1 9740s
 15756921 11114689     cutoff   57        14.14458   15.30620  8.21%  66.1 9745s
 15763982 11118387   14.76076   59   24   14.14458   15.30588  8.21%  66.1 9750s
 15774674 11124127   15.13132   52   42   14.14458   15.30537  8.21%  66.1 9757s
 15781848 11128132     cutoff   48        14.14458   15.30506  8.20%  66.1 9761s
 15789320 11131976   14.74285   50   35   14.14458   15.30473  8.20%  66.1 9766s
 15796276 11135796   15.17853   53   41   14.14458   15.30435  8.20%  66.1 9771s
 15803662 11139770     cutoff   60        14.14458   15.30408  8.20%  66.1 9776s
 15810595 11143482   14.74345   57   25   14.14458   15.30368  8.19%  66.1 9781s
 15817920 11147331   15.09914   56   28   14.14458   15.30335  8.19%  66.1 9786s
 15824946 11151255   14.65325   52   35   14.14458   15.30302  8.19%  66.1 9790s
 15832170 11154788   14.74752   62   23   14.14458   15.30272  8.19%  66.1 9795s
 15839053 11158421   15.20568   50   33   14.14458   15.30233  8.19%  66.1 9800s
 15846402 11162399   14.89124   57   31   14.14458   15.30202  8.18%  66.1 9805s
 15853648 11166311   15.30168   54   23   14.14458   15.30168  8.18%  66.1 9810s
 15864312 11172025   14.62403   58   24   14.14458   15.30117  8.18%  66.1 9817s
 15871441 11175828     cutoff   62        14.14458   15.30085  8.17%  66.1 9821s
 15878352 11179546   14.53319   57   33   14.14458   15.30054  8.17%  66.1 9826s
 15885299 11183079     cutoff   60        14.14458   15.30023  8.17%  66.1 9831s
 15892378 11186975   14.99680   55   37   14.14458   15.29983  8.17%  66.1 9836s
 15899722 11190712   15.05426   53   26   14.14458   15.29951  8.17%  66.1 9841s
 15906748 11194371   15.02916   57   33   14.14458   15.29918  8.16%  66.1 9845s
 15913959 11198189   14.95391   58   24   14.14458   15.29890  8.16%  66.1 9850s
 15921222 11201826   15.24571   48   35   14.14458   15.29854  8.16%  66.1 9855s
 15928335 11205737   14.77168   57   26   14.14458   15.29819  8.16%  66.1 9860s
 15938908 11211301   14.61279   61   29   14.14458   15.29763  8.15%  66.1 9866s
 15946118 11214913   15.29734   55   20   14.14458   15.29734  8.15%  66.1 9870s
 15953122 11218896   14.31837   57   32   14.14458   15.29698  8.15%  66.1 9875s
 15964147 11224349     cutoff   58        14.14458   15.29645  8.14%  66.1 9881s
 15971180 11228185     cutoff   56        14.14458   15.29615  8.14%  66.1 9885s
 15978245 11231792   15.10103   58   26   14.14458   15.29582  8.14%  66.1 9890s
 15988937 11237351   15.25131   57   27   14.14458   15.29529  8.14%  66.1 9896s
 15996260 11241184   15.29495   54   21   14.14458   15.29495  8.13%  66.1 9900s
 16006662 11246838   14.39443   57   28   14.14458   15.29449  8.13%  66.1 9906s
 16013685 11250547   14.90018   51   27   14.14458   15.29414  8.13%  66.1 9910s
 16020891 11254230   14.92865   57   26   14.14458   15.29380  8.12%  66.0 9915s
 16031607 11260084     cutoff   51        14.14458   15.29326  8.12%  66.0 9922s
 16038668 11263983     cutoff   55        14.14458   15.29298  8.12%  66.0 9926s
 16045845 11267627   15.18570   57   27   14.14458   15.29261  8.12%  66.0 9931s
 16052959 11271195   14.79080   61   24   14.14458   15.29231  8.11%  66.0 9935s
 16063289 11276620   15.28738   55   23   14.14458   15.29176  8.11%  66.0 9941s
 16070575 11280424   14.38969   57   26   14.14458   15.29141  8.11%  66.0 9945s
 16081606 11286286   15.21035   59   22   14.14458   15.29089  8.10%  66.0 9951s
 16088782 11289893     cutoff   59        14.14458   15.29054  8.10%  66.0 9956s
 16095652 11293560     cutoff   50        14.14458   15.29021  8.10%  66.0 9960s
 16103064 11297574     cutoff   57        14.14458   15.28988  8.10%  66.0 9965s
 16113921 11303131   15.24772   56   36   14.14458   15.28938  8.09%  66.0 9971s
 16121064 11306889   14.80934   59   26   14.14458   15.28910  8.09%  66.0 9975s
 16127963 11310413   15.20725   45   24   14.14458   15.28872  8.09%  66.0 9980s
 16138536 11316184   15.27014   49   32   14.14458   15.28820  8.09%  66.0 9987s
 16145986 11320017   14.74921   58   35   14.14458   15.28787  8.08%  66.0 9991s
 16153403 11323857   14.77737   59   27   14.14458   15.28753  8.08%  66.0 9995s
 16160222 11327343   14.88929   53   34   14.14458   15.28724  8.08%  66.0 10000s
 16170998 11333232   15.28668   52   20   14.14458   15.28668  8.07%  66.0 10006s
 16178379 11336997   15.11116   57   24   14.14458   15.28639  8.07%  66.0 10011s
 16185513 11340558   14.60863   56   30   14.14458   15.28604  8.07%  66.0 10015s
 16195985 11346218   14.97991   50   39   14.14458   15.28554  8.07%  66.0 10022s
 16203103 11349982     cutoff   66        14.14458   15.28521  8.06%  66.0 10026s
 16210230 11353795     cutoff   50        14.14458   15.28496  8.06%  66.0 10031s
 16217446 11357669     cutoff   44        14.14458   15.28458  8.06%  66.0 10035s
 16224331 11361169   14.68544   57   24   14.14458   15.28424  8.06%  66.0 10040s
 16235233 11366900   14.92546   51   33   14.14458   15.28375  8.05%  66.0 10046s
 16242571 11370723   14.80645   57   30   14.14458   15.28339  8.05%  66.0 10051s
 16249908 11374615   14.61048   49   26   14.14458   15.28307  8.05%  66.0 10055s
 16256843 11378276   14.58364   60   22   14.14458   15.28272  8.05%  66.0 10060s
 16267920 11383978   15.28069   55   27   14.14458   15.28226  8.04%  66.0 10067s
 16275225 11387792     cutoff   61        14.14458   15.28194  8.04%  66.0 10071s
 16282121 11391458   14.22432   54   33   14.14458   15.28162  8.04%  66.0 10075s
 16289227 11395237     cutoff   58        14.14458   15.28129  8.04%  65.9 10080s
 16299450 11400362   14.87598   60   30   14.14458   15.28074  8.03%  65.9 10086s
 16306656 11404152     cutoff   55        14.14458   15.28052  8.03%  65.9 10090s
 16313931 11407911   15.14468   55   31   14.14458   15.28013  8.03%  65.9 10095s
 16324268 11413303   15.10874   50   30   14.14458   15.27967  8.02%  65.9 10102s
 16331424 11416986   14.72387   62   25   14.14458   15.27934  8.02%  65.9 10106s
 16338627 11420759   14.60469   54   31   14.14458   15.27901  8.02%  65.9 10111s
 16345770 11424422   15.27867   52   25   14.14458   15.27867  8.02%  65.9 10115s
 16352721 11428166   15.21824   60   25   14.14458   15.27834  8.02%  65.9 10120s
 16363652 11434053   14.74745   52   39   14.14458   15.27789  8.01%  65.9 10126s
 16370790 11437696     cutoff   46        14.14458   15.27750  8.01%  65.9 10131s
 16378046 11441470   15.19479   54   25   14.14458   15.27726  8.01%  65.9 10135s
 16388426 11447026   15.27671   56   25   14.14458   15.27671  8.00%  65.9 10142s
 16395771 11450856   15.22145   67   28   14.14458   15.27637  8.00%  65.9 10146s
 16402862 11454495   14.94343   47   23   14.14458   15.27608  8.00%  65.9 10150s
 16409897 11458112   14.88607   58   27   14.14458   15.27573  8.00%  65.9 10155s
 16420507 11463419   15.25805   61   21   14.14458   15.27524  7.99%  65.9 10161s
 16427554 11467128     cutoff   61        14.14458   15.27499  7.99%  65.9 10166s
 16434723 11470852     cutoff   59        14.14458   15.27453  7.99%  65.9 10170s
 16442193 11474665   15.00903   56   29   14.14458   15.27422  7.99%  65.9 10175s
 16452485 11479908   15.27379   50   31   14.14458   15.27379  7.98%  65.9 10181s
 16459592 11483505   15.11708   59   24   14.14458   15.27342  7.98%  65.9 10186s
 16466574 11487202   15.27227   53   36   14.14458   15.27313  7.98%  65.9 10190s
 16473864 11491053   14.72759   57   26   14.14458   15.27277  7.98%  65.9 10195s
 16484380 11496452   15.23920   53   33   14.14458   15.27233  7.97%  65.9 10201s
 16491652 11499954   15.15763   51   38   14.14458   15.27192  7.97%  65.9 10206s
 16498711 11503473   15.17320   65   23   14.14458   15.27158  7.97%  65.9 10210s
 16505759 11507253   14.38042   60   20   14.14458   15.27128  7.97%  65.9 10215s
 16516388 11512576   15.27075   56   22   14.14458   15.27075  7.96%  65.9 10222s
 16523628 11516128   14.56392   62   34   14.14458   15.27046  7.96%  65.9 10226s
 16530772 11519926   14.94301   62   27   14.14458   15.27008  7.96%  65.9 10231s
 16538124 11523673   14.21356   52   28   14.14458   15.26974  7.95%  65.9 10235s
 16544934 11527226   15.23790   51   32   14.14458   15.26948  7.95%  65.9 10240s
 16555936 11532984   14.97715   64   26   14.14458   15.26902  7.95%  65.9 10246s
 16562990 11536484   15.03366   64   28   14.14458   15.26862  7.95%  65.8 10251s
 16570244 11540420   14.89802   57   35   14.14458   15.26831  7.94%  65.8 10255s
 16577251 11543891   15.21877   57   35   14.14458   15.26801  7.94%  65.8 10260s
 16584361 11547457   15.26766   56   31   14.14458   15.26766  7.94%  65.8 10265s
 16595182 11552800     cutoff   65        14.14458   15.26715  7.94%  65.8 10271s
 16602439 11556569   15.00258   56   29   14.14458   15.26688  7.93%  65.8 10276s
 16609266 11560150   14.56471   57   30   14.14458   15.26651  7.93%  65.8 10281s
 16616924 11563984   14.96136   55   28   14.14458   15.26611  7.93%  65.8 10285s
 16624377 11567652   14.30893   64   23   14.14458   15.26579  7.93%  65.8 10290s
 16631319 11571217     cutoff   58        14.14458   15.26544  7.92%  65.8 10295s
 16641691 11576392   14.25185   57   36   14.14458   15.26499  7.92%  65.8 10302s
 16648554 11579851   15.26473   58   19   14.14458   15.26473  7.92%  65.8 10306s
 16655854 11583492     cutoff   61        14.14458   15.26427  7.92%  65.8 10311s
 16663135 11587367     cutoff   48        14.14458   15.26394  7.91%  65.8 10316s
 16670166 11590885     cutoff   63        14.14458   15.26365  7.91%  65.8 10320s
 16677083 11594623   15.24981   56   27   14.14458   15.26330  7.91%  65.8 10325s
 16684300 11598373   15.14580   56   32   14.14458   15.26300  7.91%  65.8 10330s
 16695182 11603862   15.08922   59   23   14.14458   15.26248  7.90%  65.8 10337s
 16702363 11607409   14.56329   63   23   14.14458   15.26218  7.90%  65.8 10341s
 16709180 11611034   15.04878   61   26   14.14458   15.26189  7.90%  65.8 10346s
 16716360 11614643   14.47206   50   28   14.14458   15.26150  7.90%  65.8 10351s
 16723549 11618309     cutoff   60        14.14458   15.26122  7.89%  65.8 10355s
 16730704 11622040   15.18109   67   21   14.14458   15.26084  7.89%  65.8 10360s
 16737671 11625518     cutoff   53        14.14458   15.26051  7.89%  65.8 10365s
 16744807 11629155   15.04651   66   27   14.14458   15.26019  7.89%  65.8 10370s
 16755724 11634818   15.20999   57   21   14.14458   15.25977  7.88%  65.8 10377s
 16762809 11638342     cutoff   57        14.14458   15.25936  7.88%  65.8 10382s
 16769574 11641875   15.25898   47   22   14.14458   15.25904  7.88%  65.8 10387s
 16776904 11645554   15.14955   58   24   14.14458   15.25870  7.88%  65.8 10391s
 16784277 11649240     cutoff   66        14.14458   15.25834  7.87%  65.8 10396s
 16791528 11652866   15.02634   60   26   14.14458   15.25806  7.87%  65.8 10401s
 16798718 11656428   14.58177   60   27   14.14458   15.25769  7.87%  65.8 10406s
 16805585 11660110   15.02004   59   27   14.14458   15.25741  7.87%  65.8 10410s
 16812856 11663537   15.17948   65   24   14.14458   15.25704  7.86%  65.8 10415s
 16819956 11667164   14.76759   58   29   14.14458   15.25673  7.86%  65.8 10420s
 16827252 11670865   14.93392   49   24   14.14458   15.25645  7.86%  65.8 10425s
 16837585 11676017   14.92356   59   30   14.14458   15.25594  7.86%  65.8 10432s
 16844933 11679794   14.85986   61   27   14.14458   15.25561  7.85%  65.8 10437s
 16852138 11683483   14.17302   52   32   14.14458   15.25537  7.85%  65.7 10441s
 16859410 11687105   15.23814   53   31   14.14458   15.25496  7.85%  65.7 10446s
 16866384 11690784   15.25472   50   25   14.14458   15.25472  7.85%  65.7 10451s
 16873468 11694213   14.51657   60   26   14.14458   15.25438  7.85%  65.7 10455s
 16880588 11697811     cutoff   60        14.14458   15.25408  7.84%  65.7 10460s
 16887924 11701573   14.59557   62   21   14.14458   15.25371  7.84%  65.7 10465s
 16898356 11706976   14.36462   56   27   14.14458   15.25324  7.84%  65.7 10472s
 16905534 11710471   14.71000   61   25   14.14458   15.25293  7.84%  65.7 10476s
 16912692 11714008   14.91164   53   33   14.14458   15.25259  7.83%  65.7 10481s
 16916113 11714037     cutoff   61        14.14458   15.25238  7.83%  65.7 10486s
H16916121 11714037                      14.1445843   15.25238  7.83%  65.7 10491s
 16916327 11714194   14.92640   61   26   14.14458   15.25237  7.83%  65.7 10496s
 16916756 11714680     cutoff   53        14.14458   15.25236  7.83%  65.7 10501s
 16919071 11716924   14.59234   61   30   14.14458   15.25235  7.83%  65.7 10508s
 16921790 11719053   14.27398   54   33   14.14458   15.25233  7.83%  65.7 10511s
 16928513 11722324     cutoff   51        14.14458   15.25222  7.83%  65.7 10516s
 16935875 11726003     cutoff   63        14.14458   15.25177  7.83%  65.7 10521s
 16943385 11729590   15.21429   60   23   14.14458   15.25144  7.83%  65.7 10526s
 16950679 11733210   15.10460   56   29   14.14458   15.25102  7.82%  65.7 10530s
 16957672 11736748   14.66230   58   34   14.14458   15.25068  7.82%  65.7 10537s
 16961481 11738593   15.04079   55   23   14.14458   15.25053  7.82%  65.7 10540s
 16968827 11742192   15.15881   57   27   14.14458   15.25021  7.82%  65.7 10545s
 16976076 11745823   14.93809   56   35   14.14458   15.24989  7.81%  65.7 10550s
 16983311 11749573     cutoff   61        14.14458   15.24957  7.81%  65.7 10555s
 16989946 11753012   14.61020   59   29   14.14458   15.24924  7.81%  65.7 10560s
 16997344 11756772   15.15666   58   25   14.14458   15.24890  7.81%  65.7 10565s
 17004801 11760628   15.10891   58   26   14.14458   15.24852  7.80%  65.7 10570s
 17011884 11764109   15.04080   54   38   14.14458   15.24813  7.80%  65.7 10575s
 17019208 11767786   15.09143   63   26   14.14458   15.24783  7.80%  65.7 10580s
 17026265 11771372   14.26943   59   26   14.14458   15.24749  7.80%  65.7 10585s
 17036917 11776565   15.24706   57   23   14.14458   15.24706  7.79%  65.7 10592s
 17044033 11780287   15.01569   56   35   14.14458   15.24673  7.79%  65.7 10597s
 17051290 11783695   15.04342   61   31   14.14458   15.24638  7.79%  65.7 10601s
 17058119 11787169   14.43316   52   34   14.14458   15.24608  7.79%  65.7 10606s
 17065418 11790761     cutoff   53        14.14458   15.24580  7.79%  65.7 10611s
 17072652 11794289     cutoff   58        14.14458   15.24547  7.78%  65.7 10616s
 17079760 11797813   14.54759   58   29   14.14458   15.24510  7.78%  65.7 10621s
 17086749 11801180   14.16200   63   19   14.14458   15.24481  7.78%  65.7 10626s
 17093974 11804944   15.00259   62   27   14.14458   15.24450  7.78%  65.7 10631s
 17101082 11808297     cutoff   63        14.14458   15.24413  7.77%  65.7 10635s
 17108253 11811818   14.79801   53   28   14.14458   15.24383  7.77%  65.7 10640s
 17115312 11815228     cutoff   61        14.14458   15.24348  7.77%  65.7 10645s
 17122198 11818703   15.05907   67   24   14.14458   15.24319  7.77%  65.7 10650s
 17129389 11822265   15.11961   62   28   14.14458   15.24284  7.76%  65.6 10655s
 17136502 11825585   14.81584   60   24   14.14458   15.24253  7.76%  65.6 10660s
 17143758 11829244     cutoff   52        14.14458   15.24220  7.76%  65.6 10665s
 17150663 11832764   15.21103   56   30   14.14458   15.24194  7.76%  65.6 10670s
 17157890 11836393   14.69991   56   30   14.14458   15.24158  7.76%  65.6 10675s
 17165087 11839706   14.96300   61   25   14.14458   15.24123  7.75%  65.6 10680s
 17175659 11844939   14.71227   46   25   14.14458   15.24074  7.75%  65.6 10687s
 17182407 11848430   14.45087   56   31   14.14458   15.24048  7.75%  65.6 10692s
 17186403 11850131   14.84725   77   20   14.14458   15.24024  7.75%  65.6 10695s
 17197253 11855460   14.75765   56   28   14.14458   15.23974  7.74%  65.6 10702s
 17204367 11859181   14.30911   60   29   14.14458   15.23940  7.74%  65.6 10707s
 17211510 11862706     cutoff   62        14.14458   15.23910  7.74%  65.6 10711s
 17218614 11866210     cutoff   55        14.14458   15.23881  7.74%  65.6 10716s
 17225893 11869691   14.98372   57   23   14.14458   15.23844  7.73%  65.6 10721s
 17232979 11873316   15.23813   58   26   14.14458   15.23813  7.73%  65.6 10726s
 17240063 11876582   15.05609   57   25   14.14458   15.23777  7.73%  65.6 10730s
 17247109 11880193   14.81106   53   28   14.14458   15.23747  7.73%  65.6 10735s
 17254140 11883744   15.23009   49   24   14.14458   15.23715  7.72%  65.6 10740s
 17261417 11887261   15.10097   64   24   14.14458   15.23681  7.72%  65.6 10745s
 17272120 11892148   14.87952   57   30   14.14458   15.23639  7.72%  65.6 10752s
 17278967 11895889   15.22312   61   24   14.14458   15.23606  7.72%  65.6 10756s
 17286295 11899277     cutoff   63        14.14458   15.23569  7.71%  65.6 10761s
 17293445 11902762   14.91263   56   34   14.14458   15.23541  7.71%  65.6 10766s
 17300644 11906435   15.19795   62   33   14.14458   15.23502  7.71%  65.6 10771s
 17307772 11909911   14.68484   57   27   14.14458   15.23477  7.71%  65.6 10775s
 17314947 11913473   15.23323   56   40   14.14458   15.23450  7.71%  65.6 10780s
 17322029 11917180     cutoff   58        14.14458   15.23421  7.70%  65.6 10785s
 17329291 11920717   14.45976   59   25   14.14458   15.23385  7.70%  65.6 10790s
 17339685 11926168   14.91477   65   22   14.14458   15.23338  7.70%  65.6 10797s
 17347189 11928073   14.62889   58   26   14.14458   15.23306  7.70%  65.6 10800s

Cutting planes:
  Projected implied bound: 73
  MIR: 561
  Flow cover: 393
  Relax-and-lift: 576

Explored 17347704 nodes (1137447018 simplex iterations) in 10800.03 seconds (19019.77 work units)
Thread count was 32 (of 255 available processors)

Solution count 10: 14.1446 14.1446 14.1446 ... 14.1446

Time limit reached
Warning: max constraint violation (1.1143e-06) exceeds tolerance
Best objective 1.414458425107e+01, best bound 1.523297638398e+01, gap 7.6948%

User-callback calls 34919960, time in user-callback 5.90 sec
source: 0 target: 3 model_arch: 3x50 perturbation type: occ perturbation size: [0, 14.0, 14.0, 9.0] dataset: mnist
Attack:   0%|          | 0/500 [00:00<?, ?it/s]Attack:   2%|▏         | 9/500 [00:00<00:05, 89.03it/s]Attack:   9%|▉         | 47/500 [00:00<00:01, 256.92it/s]Attack:  17%|█▋        | 85/500 [00:00<00:01, 311.07it/s]Attack:  25%|██▍       | 123/500 [00:00<00:01, 335.49it/s]Attack:  32%|███▏      | 161/500 [00:00<00:00, 350.24it/s]Attack:  40%|███▉      | 199/500 [00:00<00:00, 359.80it/s]Attack:  47%|████▋     | 237/500 [00:00<00:00, 364.68it/s]Attack:  55%|█████▌    | 276/500 [00:00<00:00, 370.01it/s]Attack:  63%|██████▎   | 315/500 [00:00<00:00, 372.99it/s]Attack:  71%|███████   | 353/500 [00:01<00:00, 373.77it/s]Attack:  78%|███████▊  | 391/500 [00:01<00:00, 373.57it/s]Attack:  86%|████████▌ | 429/500 [00:01<00:00, 374.58it/s]Attack:  93%|█████████▎| 467/500 [00:01<00:00, 374.73it/s]Attack: 100%|█████████▉| 499/500 [00:01<00:00, 354.67it/s]
best_val 10.472835540771484
Set parameter WLSAccessID
Set parameter WLSSecret
Set parameter LicenseID to value 2478548
Academic license 2478548 - for non-commercial use only - registered to ne___@campus.technion.ac.il
Encoding the two copies...
apply_sibgate_constraints!: emitted 10 coupling lines (both-thin), 0 conditional triangles on org (org-dropped), 0 conditional triangles on pert (pert-dropped).
Encoding dependencies (activation_start=1, layers_offset=2)...
Adding perturbed interval constraints...
14.144584251072413  15.232976383978123  10800.05018401146
paper_experiments_rerun/mnist/3x50_exp/occ/eps_14,14,9/N2stdBoost_3x50_19_sgd_itr1/
Clean sample classification: 1
Perturbed sample classification: 1
compute_n2_pert_relaxation_bounds: populated 2 ReLU layers
compute_n2_relax_decision!: τ=0.5, both=13 org-only=0 pert-only=0 none=74 (plus 13 stable neurons)
[notice | Main.MIPVerify]: Determining upper and lower bounds for the input to each non-linear unit.
Set parameter WLSAccessID
Set parameter WLSSecret
Set parameter LicenseID to value 2478548
Academic license 2478548 - for non-commercial use only - registered to ne___@campus.technion.ac.il
Set parameter TimeLimit to value 5
Set parameter WLSAccessID
Set parameter WLSSecret
Set parameter LicenseID to value 2478548
Academic license 2478548 - for non-commercial use only - registered to ne___@campus.technion.ac.il
Set parameter MIPFocus to value 3
Set parameter Cutoff to value 1.0472835540771484e+01
Set parameter Threads to value 32
Set parameter TimeLimit to value 10800
Set parameter MIPGap to value 0.01
Set parameter Seed to value 4
Set parameter Seed to value 4
Set parameter MIPGap to value 0.01
Set parameter MIPFocus to value 3
Set parameter Cutoff to value 1.0472835540771484e+01
Set parameter Threads to value 32
Set parameter TimeLimit to value 10800
Warning for adding constraints: zero or small (< 1e-13) coefficients, ignored
Gurobi Optimizer version 13.0.0 build v13.0.0rc1 (linux64 - "Ubuntu 20.04.2 LTS")

CPU model: AMD EPYC 7713 64-Core Processor, instruction set [SSE2|AVX|AVX2]
Thread count: 127 physical cores, 255 logical processors, using up to 32 threads

Non-default parameters:
Cutoff  1.0472835540771484e+01
TimeLimit  10800
MIPGap  0.01
MIPFocus  3
Seed  4
Threads  32

Academic license 2478548 - for non-commercial use only - registered to ne___@campus.technion.ac.il
Optimize a model with 1630 rows, 1888 columns and 153340 nonzeros (Max)
Model fingerprint: 0xfab5d555
Model has 1 linear objective coefficients
Variable types: 1740 continuous, 148 integer (148 binary)
Coefficient statistics:
  Matrix range     [1e-13, 3e+01]
  Objective range  [1e+00, 1e+00]
  Bounds range     [2e-09, 3e+01]
  RHS range        [4e-13, 1e+02]

User MIP start did not produce a new incumbent solution
Processed MIP start in 2.42 seconds (3.59 work units)

Presolve removed 1038 rows and 788 columns
Presolve time: 0.14s
Presolved: 592 rows, 1100 columns, 115864 nonzeros
Variable types: 952 continuous, 148 integer (148 binary)
Root relaxation presolve removed 61 rows and 60 columns
Root relaxation presolved: 531 rows, 1040 columns, 114599 nonzeros


Root relaxation: objective 3.820917e+01, 796 iterations, 0.11 seconds (0.13 work units)
Another try with MIP start

    Nodes    |    Current Node    |     Objective Bounds      |     Work
 Expl Unexpl |  Obj  Depth IntInf | Incumbent    BestBd   Gap | It/Node Time

     0     0   38.20917    0   60          -   38.20917      -     -    5s
     0     0   32.71824    0   70          -   32.71824      -     -    6s
     0     0   32.71824    0   63          -   32.71824      -     -    6s
     0     0   32.61354    0   64          -   32.61354      -     -    6s
     0     0   32.61354    0   62          -   32.61354      -     -    6s
     0     0   32.22453    0   61          -   32.22453      -     -    6s
     0     0   32.22453    0   60          -   32.22453      -     -    6s
     0     0   32.22453    0   60          -   32.22453      -     -    6s
     0     0   32.22453    0   59          -   32.22453      -     -    7s
     0     0   32.15553    0   58          -   32.15553      -     -    7s
     0     0   32.15553    0   58          -   32.15553      -     -    7s
     0     0   32.15553    0   58          -   32.15553      -     -    7s
     0     0   32.15553    0   58          -   32.15553      -     -    7s
     0     0   31.31083    0   58          -   31.31083      -     -    8s
     0     0   31.31083    0   59          -   31.31083      -     -    8s
     0     0   31.31083    0   59          -   31.31083      -     -    8s
     0     0   31.03363    0   59          -   31.03363      -     -    8s
     0     0   31.03363    0   59          -   31.03363      -     -    9s
     0     0   30.61556    0   59          -   30.61556      -     -    9s
     0     0   30.61556    0   60          -   30.61556      -     -    9s
     0     0   30.59007    0   57          -   30.59007      -     -    9s
     0     0   30.59007    0   57          -   30.59007      -     -   10s
     0     0   30.51302    0   56          -   30.51302      -     -   10s
     0     0   30.43825    0   57          -   30.43825      -     -   10s
     0     0   30.43825    0   57          -   30.43825      -     -   10s
     0     0   30.10491    0   61          -   30.10491      -     -   10s
     0     0   30.10491    0   56          -   30.10491      -     -   11s
     0     0   30.01273    0   57          -   30.01273      -     -   11s
     0     0   30.01273    0   57          -   30.01273      -     -   11s
     0     0   29.99214    0   57          -   29.99214      -     -   11s
     0     0   29.93483    0   56          -   29.93483      -     -   12s
     0     0   29.93483    0   56          -   29.93483      -     -   12s
     0     0   29.85034    0   56          -   29.85034      -     -   13s
     0     0   29.85034    0   56          -   29.85034      -     -   13s
     0     2   29.85034    0   56          -   29.85034      -     -   13s
    31    64   29.85034    5   59          -   29.85034      -   986   15s
   488   491   20.21140   11   57          -   25.47470      -   750   20s
  1318  1393   13.94562   15   46          -   24.00654      -   665   25s
  3041  2894   20.19810   20   56          -   23.32979      -   476   43s
  3044  2896   21.94753    7   62          -   23.32979      -   476   45s
  3049  2899   16.19438   10   66          -   23.32979      -   475   50s
  3066  2928   23.32979   14   72          -   23.32979      -   477   55s
  3341  3145   23.32979   21   63          -   23.32979      -   487   60s
  4004  3555   21.11259   24   63          -   23.32979      -   493   65s
  5801  5037   21.90757   23   60          -   22.67085      -   427   70s
H 9244  6826                      10.9263573   22.13846   103%   323   73s
  9532  7150   21.63629   27   54   10.92636   22.04976   102%   320   75s
H 9954  7075                      11.4007014   21.82775  91.5%   323   76s
 10598  7669   19.23686   25   48   11.40070   21.52211  88.8%   323   80s
H10873  7568                      11.4007014   21.45824  88.2%   322   80s
H11108  7807                      11.4008722   21.36718  87.4%   322   81s
 11184  7901   19.23663   34   37   11.40087   21.24775  86.4%   324   86s
 11249  7964   21.03984   34   32   11.40087   21.19266  85.9%   325   90s
H11271  7964                      11.4008723   21.17780  85.8%   326   90s
 11334  8078   17.14558   34   28   11.40087   21.15038  85.5%   326   95s
H11388  8078                      11.4009673   21.13621  85.4%   326   95s
 12917  9605   18.22729   28   48   11.40097   20.90028  83.3%   312  100s
H12918  9534                      12.0635268   20.90028  73.3%   312  100s
 15714 13007   19.50727   27   48   12.06353   20.54333  70.3%   297  105s
 17410 13905   17.18869   35   36   12.06353   20.29944  68.3%   289  110s
 17507 14017   16.47911   28   37   12.06353   20.26290  68.0%   290  116s
 18974 16766   18.38616   29   41   12.06353   20.14922  67.0%   283  120s
 25105 23747   18.11444   39   38   12.06353   19.74292  63.7%   250  126s
 30110 26178     cutoff   56        12.06353   19.62946  62.7%   222  130s
 30145 31447   19.58909   58   33   12.06353   19.60395  62.5%   222  139s
H31165 31447                      12.0635272   19.60292  62.5%   216  139s
H31505 31447                      12.0635279   19.60261  62.5%   215  139s
 35585 35374   17.04512   55   30   12.06353   19.56851  62.2%   199  141s
 45524 44171   18.84016   25   51   12.06353   19.39192  60.7%   172  145s
 57527 55517   19.28193   54   23   12.06353   19.28193  59.8%   150  150s
 67975 65649   18.57238   26   48   12.06353   19.19392  59.1%   137  155s
 81181 78889   16.24979   57   22   12.06353   19.09984  58.3%   126  160s
 92226 94550   18.02431   48   49   12.06353   19.04331  57.9%   118  167s
 105377 101590   17.81028   51   38   12.06353   18.98776  57.4%   112  170s
 118739 115101   18.74736   44   37   12.06353   18.91999  56.8%   106  175s
 128865 125226   17.72190   57   35   12.06353   18.87567  56.5%   103  180s
 144210 139472     cutoff   38        12.06353   18.81257  55.9%  98.9  185s
 158475 153498   17.12914   62   34   12.06353   18.77009  55.6%  95.4  191s
 171770 166781   16.58300   49   41   12.06353   18.72459  55.2%  93.0  196s
 181386 178082   18.17044   53   37   12.06353   18.69644  55.0%  91.6  201s
 193843 188246   14.64630   52   31   12.06353   18.65514  54.6%  90.3  206s
 204366 197343   18.42786   46   20   12.06353   18.62097  54.4%  89.4  211s
 215879 209419   15.98251   29   43   12.06353   18.58328  54.0%  88.5  216s
 226583 220039     cutoff   47        12.06353   18.55242  53.8%  87.6  221s
 237094 229959   17.12024   57   33   12.06353   18.52278  53.5%  86.9  225s
 249144 241014   16.92806   65   29   12.06353   18.49442  53.3%  86.2  231s
 259292 251213   17.76392   49   29   12.06353   18.46536  53.1%  85.7  236s
 269971 262125   18.31261   53   35   12.06353   18.43776  52.8%  85.2  241s
 281720 272756   17.63167   56   34   12.06353   18.41148  52.6%  84.7  246s
 288369 279365   14.00073   59   32   12.06353   18.39372  52.5%  84.4  250s
 299536 290297   16.39890   38   34   12.06353   18.36828  52.3%  83.9  255s
 310775 300801   17.77261   47   43   12.06353   18.34302  52.1%  83.6  260s
H317077 303322                      12.0687656   18.33165  51.9%  83.3  263s
 320843 310611   17.90545   62   25   12.06877   18.31701  51.8%  83.3  266s
 328324 318002   18.23754   44   29   12.06877   18.29918  51.6%  83.0  270s
 340456 325736   18.00463   46   23   12.06877   18.27328  51.4%  82.6  277s
 340521 325798   18.01058   54   39   12.06877   18.27260  51.4%  82.6  281s
H340535 325798                      12.0687685   18.27091  51.4%  82.6  281s
 343953 332165   17.35381   58   30   12.06877   18.26597  51.3%  82.6  285s
H346235 330589                      12.4181454   18.26373  47.1%  82.5  285s
 354792 341423   18.15315   60   28   12.41815   18.23968  46.9%  82.3  290s
 366168 352099   18.09302   51   37   12.41815   18.21602  46.7%  82.1  296s
 376679 362104   18.03622   45   40   12.41815   18.19195  46.5%  81.9  301s
 383749 368282   17.20140   57   30   12.41815   18.17654  46.4%  81.8  305s
 394528 379920   18.03572   71   19   12.41815   18.15700  46.2%  81.5  310s
 405868 389916     cutoff   34        12.41815   18.13592  46.0%  81.3  315s
 416529 399838   16.14456   54   25   12.41815   18.11454  45.9%  81.1  320s
 426590 410283   18.08578   50   16   12.41815   18.09569  45.7%  81.0  326s
 438189 421013   14.18973   49   32   12.41815   18.07704  45.6%  80.8  331s
 448788 431095   17.18019   46   40   12.41815   18.05808  45.4%  80.6  336s
 455784 438191   16.07445   50   34   12.41815   18.04647  45.3%  80.4  340s
 466749 447947   13.55069   64   31   12.41815   18.03078  45.2%  80.3  345s
 477580 458343   17.52294   54   34   12.41815   18.01381  45.1%  80.1  351s
 488326 469028   17.52210   28   49   12.41815   17.99662  44.9%  79.9  356s
 494646 474289   17.74564   52   33   12.41815   17.98821  44.9%  79.9  361s
H496750 474289                      12.4181454   17.98821  44.9%  79.8  361s
 500981 480072   17.80802   53   28   12.41815   17.98293  44.8%  79.8  366s
 508007 487768   14.20998   77   19   12.41815   17.97176  44.7%  79.7  370s
 519354 498552   13.78687   47   34   12.41815   17.95486  44.6%  79.5  376s
 526828 505349   17.74025   60   29   12.41815   17.94249  44.5%  79.4  380s
 537611 515651   17.85397   47   28   12.41815   17.93070  44.4%  79.3  385s
 548674 525773   17.90492   47   34   12.41815   17.91320  44.3%  79.1  391s
 559135 532694   17.78014   43   24   12.41815   17.89792  44.1%  79.0  397s
 559202 532754   17.89209   47   29   12.41815   17.89336  44.1%  79.0  402s
H559276 532839                      12.4181454   17.89331  44.1%  79.0  404s
 559329 535601   17.89331   47   36   12.41815   17.89331  44.1%  79.0  406s
 565470 542558   17.67474   66   27   12.41815   17.88414  44.0%  79.0  410s
 576979 553125   17.60985   55   38   12.41815   17.86927  43.9%  79.0  416s
 584294 560168   17.37265   51   31   12.41815   17.86102  43.8%  79.0  420s
 595156 569657   16.00696   54   35   12.41815   17.84571  43.7%  79.0  426s
 601958 576873   17.54687   55   40   12.41815   17.83616  43.6%  79.0  430s
 613139 587220   17.07267   48   34   12.41815   17.82182  43.5%  79.0  436s
 623717 597321   15.13888   55   39   12.41815   17.80671  43.4%  79.0  441s
 630484 603970   16.89348   54   37   12.41815   17.79825  43.3%  79.0  445s
 641331 614244   17.55463   43   32   12.41815   17.78492  43.2%  79.0  451s
 648249 620857   17.11081   54   40   12.41815   17.77566  43.1%  79.1  455s
 658891 630919   15.39611   49   41   12.41815   17.76239  43.0%  79.1  461s
 666268 637494   15.84605   53   32   12.41815   17.75246  43.0%  79.1  465s
 676890 647871   17.42790   61   28   12.41815   17.73906  42.8%  79.1  471s
 684146 654986   16.92500   58   26   12.41815   17.72865  42.8%  79.2  475s
 695124 665043   15.34041   70   26   12.41815   17.71807  42.7%  79.1  481s
 702431 672253   15.98634   56   35   12.41815   17.70912  42.6%  79.2  485s
 713019 682121   17.63983   47   44   12.41815   17.69697  42.5%  79.2  491s
 723617 692334   14.77569   74   20   12.41815   17.68586  42.4%  79.2  496s
 730456 698813   17.37444   53   38   12.41815   17.67802  42.4%  79.2  501s
 737629 705859   16.91227   58   32   12.41815   17.67014  42.3%  79.2  505s
 748953 716095   17.65833   48   23   12.41815   17.65833  42.2%  79.2  510s
 759248 726187     cutoff   46        12.41815   17.64710  42.1%  79.3  516s
 766918 732979   16.60727   61   33   12.41815   17.64028  42.1%  79.3  520s
 777381 743067   13.76207   54   40   12.41815   17.62997  42.0%  79.3  526s
 784276 749730   15.82601   53   41   12.41815   17.62379  41.9%  79.3  530s
 794564 759289   17.07151   56   32   12.41815   17.61395  41.8%  79.3  536s
 801988 766465   16.22676   64   24   12.41815   17.60678  41.8%  79.3  540s
 812789 776561   17.33704   50   41   12.41815   17.59677  41.7%  79.3  545s
 823269 786588   17.51357   52   34   12.41815   17.58658  41.6%  79.3  551s
 830286 793589   15.53407   62   38   12.41815   17.58015  41.6%  79.3  555s
 841305 803875     cutoff   73        12.41815   17.57055  41.5%  79.3  561s
 848328 810686   17.56454   49   24   12.41815   17.56454  41.4%  79.3  565s
 859217 817295     cutoff   48        12.41815   17.55395  41.4%  79.4  572s
H859220 817295                      12.4181454   17.55394  41.4%  79.4  572s
 859252 831317   16.92449   46   25   12.41815   17.55292  41.3%  79.4  590s
H861413 831317                      12.4181454   17.55284  41.3%  79.4  590s
H866008 829415                      12.5287604   17.55270  40.1%  79.4  590s
 874220 829447   16.81035   60   37   12.52876   17.54521  40.0%  79.4  598s
H874221 829379                      12.5323827   17.54521  40.0%  79.4  598s
H874222 824652                      12.7604638   17.54520  37.5%  79.4  598s
H874242 823695                      12.8033447   17.54504  37.0%  79.4  598s
 874253 829184   17.54501   49   29   12.80334   17.54501  37.0%  79.4  601s
 885453 838408   15.88909   48   24   12.80334   17.53560  37.0%  79.5  607s
 893734 844641   17.17437   63   26   12.80334   17.52770  36.9%  79.5  611s
 900742 851882   16.30749   54   35   12.80334   17.52131  36.8%  79.5  615s
 908265 858698   16.87623   47   47   12.80334   17.51499  36.8%  79.5  620s
 918814 868948   16.78449   57   32   12.80334   17.50456  36.7%  79.6  626s
 926095 875711   16.49206   63   34   12.80334   17.49853  36.7%  79.6  630s
 937351 885677   16.94733   47   43   12.80334   17.48790  36.6%  79.6  636s
 944570 892621   13.79571   64   30   12.80334   17.48147  36.5%  79.6  641s
 951989 899375   17.41528   61   29   12.80334   17.47537  36.5%  79.6  645s
 962960 909851   16.51642   45   40   12.80334   17.46556  36.4%  79.6  651s
 970233 916615   17.27005   64   25   12.80334   17.45859  36.4%  79.6  655s
 977104 923184   16.55204   53   25   12.80334   17.45424  36.3%  79.6  660s
 988117 933550   17.25089   48   45   12.80334   17.44350  36.2%  79.6  666s
 995618 940270   16.51247   57   30   12.80334   17.43758  36.2%  79.6  670s
 1005959 949796   16.73489   49   38   12.80334   17.42859  36.1%  79.6  676s
 1012917 956446   17.39735   52   38   12.80334   17.42257  36.1%  79.6  680s
 1020135 963294   17.40523   78   16   12.80334   17.41615  36.0%  79.6  685s
 1031028 973481   13.39366   48   35   12.80334   17.40744  36.0%  79.6  691s
 1038563 980450   17.02399   53   39   12.80334   17.40272  35.9%  79.6  695s
 1049039 990365   17.27862   49   36   12.80334   17.39401  35.9%  79.6  701s
 1056454 997148   16.55434   49   40   12.80334   17.38868  35.8%  79.7  706s
 1063439 1003870   17.04432   79   20   12.80334   17.38201  35.8%  79.7  710s
 1074667 1014174   17.03550   46   35   12.80334   17.37462  35.7%  79.7  716s
 1081861 1020657   16.52362   53   31   12.80334   17.36874  35.7%  79.7  720s
 1092613 1030891   15.81503   56   36   12.80334   17.36125  35.6%  79.7  726s
 1099806 1037760   12.99481   50   31   12.80334   17.35620  35.6%  79.7  730s
 1103621 1049211   17.35105   49   43   12.80334   17.35334  35.5%  79.7  750s
H1106457 1048094                      12.8374935   17.35323  35.2%  79.7  750s
 1116223 1054279   16.44200   54   38   12.83749   17.34723  35.1%  79.8  755s
 1128056 1063480   15.61911   51   37   12.83749   17.33887  35.1%  79.8  761s
 1136386 1070295   14.84480   35   34   12.83749   17.33265  35.0%  79.8  765s
 1147378 1080277   17.02087   55   31   12.83749   17.32446  35.0%  79.8  771s
 1154538 1087063   17.09365   45   37   12.83749   17.31945  34.9%  79.8  775s
 1161903 1093432   15.16602   54   32   12.83749   17.31437  34.9%  79.8  780s
 1172793 1103793   16.06312   46   35   12.83749   17.30723  34.8%  79.8  786s
 1179969 1110441   16.72504   48   41   12.83749   17.30116  34.8%  79.8  791s
 1187223 1117255   17.28997   69   19   12.83749   17.29663  34.7%  79.8  795s
 1197393 1126923   16.67635   61   28   12.83749   17.28897  34.7%  79.8  802s
 1205284 1133588   13.15147   53   27   12.83749   17.28334  34.6%  79.8  807s
 1212505 1140811   15.49991   50   34   12.83749   17.27842  34.6%  79.8  811s
 1220320 1147786   16.80477   47   21   12.83749   17.27347  34.6%  79.8  816s
 1227531 1154410   16.33345   52   38   12.83749   17.26776  34.5%  79.8  820s
 1238248 1164216   16.87985   53   41   12.83749   17.26055  34.5%  79.8  826s
 1245494 1171234   17.23903   61   28   12.83749   17.25612  34.4%  79.8  831s
 1252551 1177765   13.53424   66   29   12.83749   17.25158  34.4%  79.8  835s
 1260270 1184996   17.03717   59   27   12.83749   17.24652  34.3%  79.9  840s
 1271173 1195082   16.65481   55   28   12.83749   17.23880  34.3%  79.9  846s
H1275873 1196310                      12.8374942   17.23604  34.3%  79.9  849s
H1276346 1191063                      12.9592590   17.23597  33.0%  79.9  849s
 1276350 1194596   16.27506   53   39   12.95926   17.23594  33.0%  79.9  851s
 1283637 1200992   15.58464   38   38   12.95926   17.23048  33.0%  79.9  856s
 1291028 1207499   15.72050   53   35   12.95926   17.22654  32.9%  79.9  860s
 1298218 1214590   17.22107   45   25   12.95926   17.22107  32.9%  79.9  865s
 1309083 1224459   16.99328   56   36   12.95926   17.21411  32.8%  79.9  871s
 1316294 1231251   16.68674   55   35   12.95926   17.20859  32.8%  79.9  875s
 1323669 1237607   17.19877   69   21   12.95926   17.20433  32.8%  79.9  880s
 1334416 1247368   16.74264   69   22   12.95926   17.19693  32.7%  79.9  886s
 1341770 1253990     cutoff   52        12.95926   17.19213  32.7%  79.9  891s
 1349076 1260829   16.88851   51   51   12.95926   17.18710  32.6%  79.9  895s
 1356183 1267579   16.45738   27   43   12.95926   17.18252  32.6%  79.9  900s
 1367286 1277700   16.91377   48   42   12.95926   17.17602  32.5%  79.9  906s
 1374386 1284046   16.07376   57   32   12.95926   17.17174  32.5%  79.9  910s
 1381447 1290807   14.85461   44   29   12.95926   17.16774  32.5%  79.9  915s
 1391980 1297283   16.56317   52   41   12.95926   17.16172  32.4%  79.9  922s
 1392048 1297343   16.94579   49   30   12.95926   17.16041  32.4%  79.9  927s
H1392535 1296446                      12.9911082   17.16020  32.1%  79.9  930s
 1400910 1306737   16.90717   50   39   12.99111   17.15553  32.1%  79.9  936s
 1408056 1313689   16.86396   61   29   12.99111   17.15118  32.0%  79.9  941s
 1415528 1320239     cutoff   49        12.99111   17.14684  32.0%  79.9  945s
 1426568 1330483   14.86461   49   34   12.99111   17.13932  31.9%  79.9  951s
 1433576 1336992   16.06333   55   42   12.99111   17.13542  31.9%  79.9  955s
 1441036 1343781   16.40559   51   35   12.99111   17.13177  31.9%  79.9  960s
 1451955 1353829   15.20824   64   26   12.99111   17.12439  31.8%  79.9  966s
 1459446 1360279   13.07341   54   39   12.99111   17.12011  31.8%  79.9  970s
 1470315 1370222   15.37055   49   44   12.99111   17.11457  31.7%  79.9  976s
 1477412 1377122   17.01249   57   30   12.99111   17.10945  31.7%  79.9  981s
 1484820 1383726   17.00432   61   30   12.99111   17.10505  31.7%  79.9  985s
 1495482 1393574   14.48664   54   38   12.99111   17.09902  31.6%  80.0  991s
 1502962 1400342   16.35934   62   28   12.99111   17.09458  31.6%  79.9  995s
 1510428 1407182   17.09064   43   26   12.99111   17.09064  31.6%  79.9 1000s
 1514208 1407272   14.73866   53   36   12.99111   17.08771  31.5%  79.9 1006s
H1514223 1407272                      12.9911082   17.08766  31.5%  79.9 1007s
H1514230 1406193                      13.0089065   17.08763  31.4%  79.9 1007s
H1514236 1402776                      13.0633668   17.08760  30.8%  79.9 1007s
 1516976 1408428   15.11613   58   37   13.06337   17.08638  30.8%  80.0 1012s
 1524149 1415225   16.91323   42   42   13.06337   17.08313  30.8%  79.9 1016s
 1531218 1421345   16.24856   53   41   13.06337   17.07873  30.7%  79.9 1020s
 1541143 1430923   16.50949   64   28   13.06337   17.07238  30.7%  79.9 1026s
 1548617 1437821   14.85220   59   37   13.06337   17.06846  30.7%  79.9 1030s
 1559835 1447453   17.06345   47   32   13.06337   17.06345  30.6%  79.9 1036s
 1567017 1454086   13.75064   58   29   13.06337   17.05905  30.6%  79.9 1041s
 1574229 1460797   16.97363   44   23   13.06337   17.05566  30.6%  79.9 1045s
 1584957 1470656   16.86613   78   20   13.06337   17.04958  30.5%  79.9 1051s
 1592086 1477165   16.99366   43   44   13.06337   17.04605  30.5%  79.9 1055s
 1603073 1486884   16.73410   47   37   13.06337   17.04020  30.4%  79.9 1062s
 1608410 1491394   15.52832   60   33   13.06337   17.03784  30.4%  79.9 1066s
 1614169 1497045   15.41701   51   34   13.06337   17.03656  30.4%  79.9 1071s
 1621804 1504659     cutoff   63        13.06337   17.03336  30.4%  79.9 1077s
 1626068 1508212   16.94544   49   25   13.06337   17.03125  30.4%  79.9 1081s
 1633557 1514943     cutoff   75        13.06337   17.02717  30.3%  79.9 1087s
 1641135 1521218     cutoff   58        13.06337   17.02386  30.3%  79.9 1091s
 1648063 1527814   16.99572   47   38   13.06337   17.01982  30.3%  79.9 1096s
 1655116 1534425   16.96357   51   40   13.06337   17.01853  30.3%  79.9 1100s
 1662151 1537674   15.98769   54   36   13.06337   17.01337  30.2%  79.9 1106s
H1662208 1537699                      13.0633668   17.01149  30.2%  79.9 1109s
 1662228 1537820   17.00706   48   25   13.06337   17.01149  30.2%  79.9 1111s
 1664865 1543730   16.08820   46   34   13.06337   17.01057  30.2%  79.9 1117s
 1672569 1550092   16.94409   47   38   13.06337   17.00880  30.2%  79.9 1121s
 1679013 1556083   16.86440   50   38   13.06337   17.00649  30.2%  79.9 1126s
 1686287 1562551   16.95814   73   16   13.06337   17.00186  30.1%  79.9 1131s
 1693514 1569443   16.80666   57   32   13.06337   16.99809  30.1%  79.9 1135s
 1701455 1576265   16.41122   69   24   13.06337   16.99409  30.1%  79.9 1140s
 1712148 1586053   16.46780   48   37   13.06337   16.98901  30.1%  79.9 1146s
 1719448 1592864   16.98365   58   21   13.06337   16.98536  30.0%  79.9 1151s
 1726378 1599304   14.99052   49   34   13.06337   16.98205  30.0%  79.9 1155s
 1733760 1605829   16.64153   51   35   13.06337   16.97834  30.0%  79.9 1160s
 1744442 1615215   16.84378   51   30   13.06337   16.97381  29.9%  79.9 1166s
 1751659 1622144   16.20849   52   40   13.06337   16.96922  29.9%  79.9 1170s
 1758982 1628818   16.85321   42   44   13.06337   16.96577  29.9%  79.9 1175s
 1769543 1638495   16.88517   48   34   13.06337   16.96028  29.8%  79.9 1181s
 1776805 1645428   14.81152   67   28   13.06337   16.95695  29.8%  79.9 1186s
 1784690 1652230   15.10050   52   33   13.06337   16.95407  29.8%  79.9 1190s
 1795528 1661875   16.94933   43   30   13.06337   16.94933  29.7%  79.9 1196s
 1803016 1668875   16.22873   49   23   13.06337   16.94575  29.7%  79.9 1200s
 1809812 1675119   16.66658   50   42   13.06337   16.94248  29.7%  79.9 1205s
 1821238 1685323   16.92103   48   41   13.06337   16.93775  29.7%  79.9 1211s
 1828099 1691917   15.15490   55   35   13.06337   16.93446  29.6%  79.9 1216s
 1835828 1698558   16.53780   51   36   13.06337   16.93126  29.6%  79.9 1220s
 1846697 1708637   16.63157   55   30   13.06337   16.92583  29.6%  79.9 1226s
 1854119 1715073   16.76604   60   29   13.06337   16.92265  29.5%  79.9 1230s
 1861294 1721997   14.29277   67   33   13.06337   16.91922  29.5%  79.9 1235s
 1872334 1731798   16.91479   49   29   13.06337   16.91479  29.5%  79.9 1241s
 1879709 1738878   16.90707   52   29   13.06337   16.91169  29.5%  79.9 1245s
 1890796 1748470   16.87390   41   35   13.06337   16.90683  29.4%  79.9 1252s
 1897988 1755229   15.90871   57   35   13.06337   16.90332  29.4%  79.9 1256s
 1904920 1758117   16.85480   56   29   13.06337   16.90050  29.4%  79.9 1261s
 1904989 1758176   14.48584   49   32   13.06337   16.90006  29.4%  79.9 1266s
H1904993 1758176                      13.0633669   16.90006  29.4%  79.9 1266s
 1906363 1763143   16.03778   49   43   13.06337   16.89992  29.4%  79.9 1271s
 1914677 1770376   15.75760   53   42   13.06337   16.89701  29.3%  79.9 1276s
 1921947 1776682   15.91850   66   24   13.06337   16.89401  29.3%  79.9 1280s
 1932721 1786509   16.30486   44   35   13.06337   16.88955  29.3%  79.8 1286s
 1939737 1793141   15.48690   58   33   13.06337   16.88668  29.3%  79.8 1290s
 1946998 1799645   15.50835   54   38   13.06337   16.88346  29.2%  79.8 1295s
 1957857 1809732   16.11933   51   37   13.06337   16.87872  29.2%  79.8 1301s
 1965236 1816090   16.73472   54   35   13.06337   16.87600  29.2%  79.8 1305s
 1975984 1825836   15.35933   65   28   13.06337   16.87112  29.1%  79.8 1311s
 1983148 1832332     cutoff   64        13.06337   16.86814  29.1%  79.8 1316s
 1990323 1839037   16.56167   57   29   13.06337   16.86495  29.1%  79.8 1320s
 2001148 1848792   15.31953   59   32   13.06337   16.86053  29.1%  79.8 1327s
 2008459 1855336   16.11898   52   41   13.06337   16.85816  29.0%  79.8 1331s
 2015602 1861837   16.80838   53   41   13.06337   16.85527  29.0%  79.8 1335s
 2026232 1871517   16.79496   75   17   13.06337   16.85097  29.0%  79.8 1341s
 2033679 1878227   16.63265   65   29   13.06337   16.84825  29.0%  79.8 1345s
 2040944 1884817   15.77100   58   32   13.06337   16.84516  28.9%  79.8 1350s
 2051793 1894473   15.75738   59   36   13.06337   16.84132  28.9%  79.8 1356s
H2055313 1894532                      13.0633669   16.83965  28.9%  79.8 1361s
H2055780 1892784                      13.0885358   16.83943  28.7%  79.8 1363s
 2055793 1896303   14.87932   54   38   13.08854   16.83943  28.7%  79.8 1366s
 2063823 1903431   13.95051   51   33   13.08854   16.83618  28.6%  79.8 1370s
 2074730 1912962   16.75335   52   19   13.08854   16.83229  28.6%  79.8 1377s
 2081727 1919941   15.67810   57   37   13.08854   16.82931  28.6%  79.8 1381s
 2089301 1926423     cutoff   54        13.08854   16.82666  28.6%  79.8 1385s
 2096526 1932856   16.73767   59   31   13.08854   16.82400  28.5%  79.8 1390s
 2107348 1942684   16.30789   51   32   13.08854   16.81971  28.5%  79.8 1396s
 2114455 1949353   14.76505   55   35   13.08854   16.81656  28.5%  79.8 1400s
 2121963 1955929   16.19878   43   29   13.08854   16.81370  28.5%  79.7 1405s
 2132755 1965753   16.52636   54   39   13.08854   16.80940  28.4%  79.7 1411s
 2140167 1972279   14.56172   56   35   13.08854   16.80664  28.4%  79.7 1415s
 2151240 1982149   16.31791   63   29   13.08854   16.80245  28.4%  79.7 1422s
 2157955 1988619   16.44331   53   43   13.08854   16.79958  28.4%  79.7 1426s
 2165533 1995396   14.49414   46   23   13.08854   16.79644  28.3%  79.7 1430s
 2176562 2005204   14.81571   49   49   13.08854   16.79248  28.3%  79.7 1436s
 2183899 2008709   16.31874   57   28   13.08854   16.78974  28.3%  79.7 1441s
 2183934 2018593   16.09494   67   17   13.08854   16.78936  28.3%  79.7 1455s
H2191644 2013530                      13.1386548   16.78926  27.8%  79.7 1456s
 2195068 2019997   13.79232   64   28   13.13865   16.78663  27.8%  79.7 1460s
 2207412 2029202   15.84755   58   32   13.13865   16.78273  27.7%  79.7 1466s
 2216939 2036206   15.72157   55   35   13.13865   16.77921  27.7%  79.7 1471s
 2224262 2043024   15.41276   53   36   13.13865   16.77619  27.7%  79.7 1475s
 2235158 2052920   16.30758   62   23   13.13865   16.77144  27.6%  79.7 1481s
 2242625 2059557   16.31261   59   34   13.13865   16.76909  27.6%  79.7 1486s
 2249828 2066082   16.76595   46   32   13.13865   16.76595  27.6%  79.7 1490s
 2260412 2075623   16.31437   64   29   13.13865   16.76212  27.6%  79.7 1496s
 2267942 2082340   15.91905   45   46   13.13865   16.75914  27.6%  79.7 1500s
 2278578 2092317     cutoff   48        13.13865   16.75564  27.5%  79.6 1506s
 2286278 2099078   16.25236   69   25   13.13865   16.75259  27.5%  79.6 1511s
 2293570 2105191   16.55074   59   33   13.13865   16.75005  27.5%  79.6 1515s
 2304559 2115296   16.72711   40   31   13.13865   16.74589  27.5%  79.6 1521s
 2311647 2121531   14.42288   55   37   13.13865   16.74346  27.4%  79.6 1525s
 2322413 2131097     cutoff   51        13.13865   16.73980  27.4%  79.6 1531s
 2329683 2137699   14.80539   49   30   13.13865   16.73698  27.4%  79.6 1535s
 2340389 2147205   16.59311   48   41   13.13865   16.73337  27.4%  79.6 1541s
 2347645 2153467   13.84928   56   28   13.13865   16.73017  27.3%  79.6 1546s
 2354619 2160244   16.36856   53   35   13.13865   16.72759  27.3%  79.6 1550s
 2365922 2169942   16.72093   51   48   13.13865   16.72426  27.3%  79.6 1556s
 2373245 2176539     cutoff   52        13.13865   16.72138  27.3%  79.6 1560s
 2383731 2186155   16.41408   50   41   13.13865   16.71784  27.2%  79.6 1566s
 2391268 2192785   16.60392   67   24   13.13865   16.71482  27.2%  79.6 1571s
 2398321 2199287   14.59892   44   43   13.13865   16.71231  27.2%  79.6 1575s
 2409500 2208882   16.00750   58   36   13.13865   16.70803  27.2%  79.5 1581s
 2416680 2215444   15.31172   62   31   13.13865   16.70557  27.1%  79.5 1585s
 2427584 2224984   16.66255   52   38   13.13865   16.70198  27.1%  79.5 1592s
 2434739 2231393   14.50341   53   35   13.13865   16.69923  27.1%  79.5 1596s
 2442056 2237780   13.57259   47   47   13.13865   16.69660  27.1%  79.5 1600s
 2452916 2247763   14.26889   49   28   13.13865   16.69278  27.1%  79.5 1606s
 2459728 2254064   16.54160   68   31   13.13865   16.69010  27.0%  79.5 1611s
 2467507 2260426   16.11755   45   44   13.13865   16.68743  27.0%  79.5 1615s
 2478371 2270402   13.22158   59   34   13.13865   16.68325  27.0%  79.5 1621s
 2482014 2278697     cutoff   61        13.13865   16.68166  27.0%  79.5 1638s
 2491601 2285863   16.57978   68   24   13.13865   16.67911  26.9%  79.5 1643s
 2499597 2290668   16.51827   56   31   13.13865   16.67720  26.9%  79.5 1646s
 2509771 2298622   14.70969   50   37   13.13865   16.67342  26.9%  79.5 1651s
 2517590 2304972   16.67051   56   34   13.13865   16.67051  26.9%  79.5 1655s
 2528125 2314372   16.56148   31   30   13.13865   16.66641  26.9%  79.5 1661s
 2535572 2320997   15.64561   63   33   13.13865   16.66377  26.8%  79.4 1665s
 2546312 2330402   15.96488   52   35   13.13865   16.66044  26.8%  79.4 1672s
 2553702 2337019   15.58090   50   34   13.13865   16.65820  26.8%  79.4 1676s
 2560719 2343509   16.14982   65   29   13.13865   16.65531  26.8%  79.4 1680s
 2571343 2352908   14.99100   41   37   13.13865   16.65142  26.7%  79.4 1686s
 2579098 2359363   16.64442   48   35   13.13865   16.64937  26.7%  79.4 1690s
 2586229 2366243   16.51655   58   36   13.13865   16.64676  26.7%  79.4 1695s
 2593936 2369589   15.45984   53   37   13.13865   16.64401  26.7%  79.4 1702s
H2593939 2369589                      13.1386548   16.64400  26.7%  79.4 1702s
 2593969 2369715   15.71656   56   35   13.13865   16.64385  26.7%  79.4 1705s
H2594217 2369829                      13.1386551   16.64372  26.7%  79.4 1707s
 2594233 2370068   15.78235   56   35   13.13866   16.64368  26.7%  79.4 1710s
 2594886 2371147   16.15662   63   30   13.13866   16.64356  26.7%  79.4 1715s
 2598014 2376913   13.40845   64   28   13.13866   16.64339  26.7%  79.4 1723s
 2602196 2381032   16.53590   48   44   13.13866   16.64318  26.7%  79.4 1726s
 2611605 2388647   13.74604   49   43   13.13866   16.63805  26.6%  79.4 1730s
 2622380 2397840   16.36880   47   24   13.13866   16.63493  26.6%  79.4 1735s
 2633113 2407256   16.62813   45   33   13.13866   16.63112  26.6%  79.3 1741s
 2640152 2413820   13.46357   64   29   13.13866   16.62875  26.6%  79.3 1745s
 2650939 2423053   16.35783   52   36   13.13866   16.62479  26.5%  79.3 1751s
 2658198 2429777   16.32544   51   38   13.13866   16.62224  26.5%  79.3 1756s
 2665205 2435935   16.40365   61   29   13.13866   16.61994  26.5%  79.3 1760s
 2676246 2445671   16.57173   54   29   13.13866   16.61607  26.5%  79.3 1765s
 2687122 2455327   16.53853   63   32   13.13866   16.61258  26.4%  79.3 1771s
 2694227 2461838   15.90770   52   42   13.13866   16.60972  26.4%  79.3 1775s
 2705267 2471414   15.63938   57   29   13.13866   16.60650  26.4%  79.3 1781s
 2712418 2477887   15.69755   57   32   13.13866   16.60403  26.4%  79.3 1785s
 2723465 2487243   16.46918   53   36   13.13866   16.59999  26.3%  79.3 1791s
 2730531 2493781   16.51618   59   29   13.13866   16.59754  26.3%  79.3 1795s
 2741303 2503273   16.19838   67   27   13.13866   16.59407  26.3%  79.2 1801s
 2748401 2508707   15.86670   55   41   13.13866   16.59180  26.3%  79.2 1805s
 2754794 2515438   16.04779   58   30   13.13866   16.58912  26.3%  79.2 1810s
 2765969 2525211   16.58543   50   28   13.13866   16.58543  26.2%  79.2 1816s
 2773339 2531446   14.84972   49   28   13.13866   16.58338  26.2%  79.2 1820s
 2783829 2540826   16.34824   58   26   13.13866   16.57991  26.2%  79.2 1826s
 2791214 2547302   15.00159   55   41   13.13866   16.57777  26.2%  79.2 1830s
 2801579 2556684   16.13676   54   44   13.13866   16.57447  26.2%  79.2 1836s
 2809008 2563245   16.49970   44   50   13.13866   16.57206  26.1%  79.2 1840s
 2820159 2572987   16.49925   49   27   13.13866   16.56897  26.1%  79.2 1846s
 2827381 2579304   16.42059   50   33   13.13866   16.56692  26.1%  79.2 1850s
 2837996 2588940   15.61625   57   38   13.13866   16.56354  26.1%  79.1 1856s
 2845287 2594843   16.44342   58   30   13.13866   16.56164  26.1%  79.1 1860s
 2855963 2604715   14.06043   55   37   13.13866   16.55822  26.0%  79.1 1867s
 2862993 2611091   14.76862   61   29   13.13866   16.55604  26.0%  79.1 1871s
 2870754 2617723   16.37331   51   37   13.13866   16.55379  26.0%  79.1 1875s
 2881890 2627617   14.63886   59   31   13.13866   16.55129  26.0%  79.1 1881s
 2889067 2633988   15.48803   55   35   13.13866   16.54889  26.0%  79.1 1885s
 2899789 2643583   16.36006   48   47   13.13866   16.54601  25.9%  79.1 1891s
 2907066 2650108   15.89203   52   40   13.13866   16.54396  25.9%  79.0 1895s
 2917895 2659469   16.30819   57   39   13.13866   16.54120  25.9%  79.0 1901s
 2924890 2665921   16.31455   61   32   13.13866   16.53895  25.9%  79.0 1905s
 2928720 2665979   16.43187   54   38   13.13866   16.53769  25.9%  79.0 1910s
H2928745 2665979                      13.1386551   16.53762  25.9%  79.0 1911s
H2928758 2666207                      13.1386551   16.53758  25.9%  79.0 1913s
 2929016 2666566   16.13235   47   38   13.13866   16.53754  25.9%  79.0 1916s
 2929914 2667014   16.07984   33   35   13.13866   16.53741  25.9%  79.0 1922s
 2929949 2667039   15.71877   60   29   13.13866   16.53735  25.9%  79.0 1925s
 2930630 2669216   15.01662   56   36   13.13866   16.53732  25.9%  79.0 1932s
H2931670 2669216                      13.1386553   16.53721  25.9%  79.0 1933s
 2932444 2672761   16.34312   54   36   13.13866   16.53718  25.9%  79.0 1937s
 2936415 2675387   14.95026   61   31   13.13866   16.53707  25.9%  79.0 1941s
 2939360 2679852   16.11240   61   26   13.13866   16.53704  25.9%  79.0 1945s
 2949850 2688708   14.50296   53   37   13.13866   16.53402  25.8%  79.0 1952s
 2957792 2694752   16.00545   58   29   13.13866   16.53078  25.8%  79.0 1956s
 2965100 2701146   16.21390   48   41   13.13866   16.52877  25.8%  79.0 1960s
 2975852 2710667   15.90071   53   33   13.13866   16.52562  25.8%  79.0 1966s
 2982936 2717278   16.21806   54   38   13.13866   16.52386  25.8%  79.0 1971s
 2990298 2723765   13.75229   81   16   13.13866   16.52171  25.7%  79.0 1975s
 3000866 2732903     cutoff   49        13.13866   16.51881  25.7%  78.9 1981s
 3008147 2739549   15.55576   56   31   13.13866   16.51626  25.7%  78.9 1985s
 3019077 2749222     cutoff   73        13.13866   16.51338  25.7%  78.9 1991s
 3026296 2755314   15.64106   59   35   13.13866   16.51134  25.7%  78.9 1995s
 3036611 2764614   15.42465   63   27   13.13866   16.50855  25.6%  78.9 2002s
 3043694 2771042   15.88003   75   25   13.13866   16.50674  25.6%  78.9 2006s
 3050773 2776920     cutoff   49        13.13866   16.50446  25.6%  78.9 2010s
 3057841 2783838   14.86795   61   33   13.13866   16.50242  25.6%  78.9 2015s
 3068888 2792942   15.48481   51   40   13.13866   16.49941  25.6%  78.9 2021s
 3075962 2799288   16.16134   49   40   13.13866   16.49701  25.6%  78.9 2025s
 3083149 2805206   15.90051   48   30   13.13866   16.49526  25.5%  78.9 2030s
 3094047 2815618   16.45924   58   23   13.13866   16.49208  25.5%  78.9 2037s
 3101665 2821939   15.29216   52   33   13.13866   16.48985  25.5%  78.9 2041s
 3108765 2828665   16.48732   51   37   13.13866   16.48815  25.5%  78.9 2045s
 3115919 2835006     cutoff   61        13.13866   16.48599  25.5%  78.9 2050s
 3126795 2844601   16.00367   51   46   13.13866   16.48294  25.5%  78.9 2056s
 3134177 2851210   16.48084   52   23   13.13866   16.48084  25.4%  78.9 2060s
 3141406 2857551   16.39449   63   28   13.13866   16.47882  25.4%  78.9 2065s
 3152108 2866921     cutoff   52        13.13866   16.47606  25.4%  78.9 2071s
 3159236 2873094   15.62430   56   36   13.13866   16.47403  25.4%  78.9 2075s
 3166347 2879593   16.40463   64   29   13.13866   16.47209  25.4%  78.9 2080s
 3177415 2889069   14.48125   58   30   13.13866   16.46939  25.4%  78.9 2086s
 3184459 2895996   16.09603   48   44   13.13866   16.46720  25.3%  78.9 2091s
 3191823 2902386   15.78790   53   36   13.13866   16.46542  25.3%  78.9 2095s
 3202890 2912009   13.54754   61   36   13.13866   16.46258  25.3%  78.9 2101s
 3209965 2918058   16.28071   51   35   13.13866   16.46053  25.3%  78.9 2105s
 3220545 2927803   14.61236   58   32   13.13866   16.45776  25.3%  78.9 2111s
 3227886 2934090   16.25787   49   40   13.13866   16.45530  25.2%  78.9 2115s
 3238699 2943219   13.76633   51   29   13.13866   16.45275  25.2%  78.9 2121s
 3245713 2949521     cutoff   61        13.13866   16.45062  25.2%  78.9 2125s
 3256633 2959071   16.17315   54   36   13.13866   16.44763  25.2%  78.9 2132s
 3263879 2965316   16.39451   52   37   13.13866   16.44541  25.2%  78.9 2136s
 3270988 2971751   15.22759   53   37   13.13866   16.44362  25.2%  78.9 2140s
 3277804 2977964   16.43577   52   38   13.13866   16.44163  25.1%  78.9 2145s
 3288556 2987505   13.96229   56   30   13.13866   16.43852  25.1%  78.9 2151s
 3295770 2993839   15.06736   59   33   13.13866   16.43659  25.1%  78.9 2156s
 3303186 3000190   15.80310   50   36   13.13866   16.43470  25.1%  78.9 2160s
 3313790 3009507   16.08201   58   33   13.13866   16.43206  25.1%  78.9 2167s
 3320791 3015466   16.11803   57   34   13.13866   16.43011  25.1%  78.9 2171s
 3327842 3021950   14.85824   55   35   13.13866   16.42811  25.0%  78.9 2175s
 3335058 3028152   15.68745   52   33   13.13866   16.42609  25.0%  78.9 2180s
 3345716 3037436   15.93909   34   37   13.13866   16.42333  25.0%  78.9 2186s
 3352862 3043885   15.32984   61   32   13.13866   16.42142  25.0%  78.9 2191s
 3360203 3050382   16.11127   53   41   13.13866   16.41961  25.0%  78.9 2195s
 3370908 3059570   14.95176   63   30   13.13866   16.41695  25.0%  78.9 2201s
 3377526 3065814   15.75383   57   31   13.13866   16.41529  24.9%  78.9 2205s
 3384815 3071938   16.16154   58   38   13.13866   16.41345  24.9%  78.9 2210s
 3395512 3081481   15.83287   56   33   13.13866   16.41077  24.9%  78.9 2216s
 3402426 3087545   14.87928   48   21   13.13866   16.40909  24.9%  78.9 2220s
 3409719 3093774     cutoff   56        13.13866   16.40735  24.9%  78.9 2225s
 3420379 3103669   15.71725   49   31   13.13866   16.40421  24.9%  78.9 2232s
 3427960 3109732   16.38108   65   18   13.13866   16.40233  24.8%  78.9 2236s
 3435060 3116212   16.26159   47   41   13.13866   16.40021  24.8%  78.9 2240s
 3442400 3122469   16.39104   48   37   13.13866   16.39877  24.8%  78.9 2245s
 3453013 3132238   15.90002   58   37   13.13866   16.39569  24.8%  78.9 2252s
 3460228 3138431   14.48372   53   41   13.13866   16.39387  24.8%  78.9 2256s
 3467136 3144694   16.39206   50   39   13.13866   16.39206  24.8%  78.9 2260s
 3474597 3151336   15.82271   57   34   13.13866   16.39008  24.7%  78.9 2265s
 3485679 3160435     cutoff   47        13.13866   16.38726  24.7%  78.9 2271s
 3492363 3166808   15.09005   54   35   13.13866   16.38527  24.7%  78.9 2276s
 3499647 3172763   15.91618   57   37   13.13866   16.38373  24.7%  78.9 2280s
 3510103 3182052   16.37500   58   29   13.13866   16.38083  24.7%  78.9 2286s
 3517275 3188290   15.66472   72   23   13.13866   16.37901  24.7%  78.9 2291s
 3524092 3194542     cutoff   51        13.13866   16.37749  24.7%  78.9 2295s
 3531435 3200941   15.86798   67   24   13.13866   16.37569  24.6%  78.9 2300s
 3542873 3210565   15.81830   54   25   13.13866   16.37309  24.6%  78.9 2306s
 3549710 3216917   15.76495   52   41   13.13866   16.37124  24.6%  78.9 2311s
 3556739 3222995   14.31233   56   38   13.13866   16.36950  24.6%  78.9 2315s
 3564114 3229309   15.10643   64   27   13.13866   16.36795  24.6%  78.9 2320s
 3574919 3239021   16.14084   53   37   13.13866   16.36511  24.6%  78.9 2326s
 3582185 3245116   15.42619   56   34   13.13866   16.36336  24.5%  78.9 2331s
 3588964 3251354     cutoff   55        13.13866   16.36177  24.5%  78.9 2335s
 3599678 3260706   14.95898   54   38   13.13866   16.35934  24.5%  78.9 2342s
 3606419 3266737   15.94807   61   26   13.13866   16.35793  24.5%  78.9 2346s
 3613787 3273145   14.69764   50   22   13.13866   16.35586  24.5%  78.9 2350s
 3621010 3279178   16.35415   48   40   13.13866   16.35426  24.5%  78.9 2355s
 3631722 3288776     cutoff   54        13.13866   16.35193  24.5%  78.9 2361s
 3638514 3294884   15.26378   51   38   13.13866   16.35030  24.4%  78.9 2366s
 3645836 3301286   16.33682   50   31   13.13866   16.34825  24.4%  78.9 2370s
 3652835 3307438   13.32016   57   34   13.13866   16.34651  24.4%  78.9 2375s
 3663760 3317086   15.83331   58   31   13.13866   16.34415  24.4%  78.9 2382s
 3670917 3323411   15.40281   51   45   13.13866   16.34260  24.4%  78.9 2386s
 3678198 3329673   16.18201   59   34   13.13866   16.34074  24.4%  78.9 2390s
 3685234 3336028   15.49594   54   38   13.13866   16.33939  24.4%  78.9 2395s
 3696025 3345110   13.83455   72   23   13.13866   16.33695  24.3%  78.9 2401s
 3703070 3351511   15.86486   52   37   13.13866   16.33520  24.3%  78.9 2406s
 3710151 3357732   16.33357   50   32   13.13866   16.33357  24.3%  78.9 2410s
 3720652 3366947   15.87978   53   36   13.13866   16.33119  24.3%  78.9 2417s
 3728192 3373473   15.97764   58   36   13.13866   16.32980  24.3%  78.8 2421s
 3735540 3379693   16.08542   50   41   13.13866   16.32798  24.3%  78.8 2426s
 3742577 3386145   14.50332   26   49   13.13866   16.32628  24.3%  78.8 2430s
 3753049 3395277   15.43650   51   33   13.13866   16.32378  24.2%  78.8 2437s
 3760732 3401925   15.80490   56   31   13.13866   16.32210  24.2%  78.8 2441s
 3767810 3408161   14.86882   57   40   13.13866   16.32048  24.2%  78.8 2446s
 3774752 3414309   16.31894   48   24   13.13866   16.31894  24.2%  78.8 2450s
 3781770 3420274     cutoff   59        13.13866   16.31722  24.2%  78.8 2455s
 3792571 3429585   16.02813   55   35   13.13866   16.31456  24.2%  78.8 2462s
 3799919 3436162   14.96445   59   34   13.13866   16.31298  24.2%  78.8 2466s
 3807154 3442247   14.93229   49   24   13.13866   16.31142  24.1%  78.8 2471s
 3814034 3448315   14.62749   51   42   13.13866   16.30959  24.1%  78.8 2475s
 3824726 3457881   16.23350   54   39   13.13866   16.30766  24.1%  78.8 2482s
 3832082 3463924     cutoff   56        13.13866   16.30581  24.1%  78.8 2486s
 3839177 3470480   15.44771   62   26   13.13866   16.30412  24.1%  78.8 2490s
 3846088 3476780   15.20316   61   30   13.13866   16.30257  24.1%  78.8 2495s
 3857373 3486303   16.30028   50   31   13.13866   16.30028  24.1%  78.8 2502s
 3864629 3492344     cutoff   53        13.13866   16.29864  24.1%  78.8 2506s
 3871757 3498468   16.06489   52   32   13.13866   16.29721  24.0%  78.8 2510s
 3875079 3498544     cutoff   47        13.13866   16.29629  24.0%  78.8 2515s
H3875087 3498544                      13.1386553   16.29626  24.0%  78.8 2516s
 3875998 3502148   14.38743   50   42   13.13866   16.29609  24.0%  78.8 2522s
 3879247 3505621   14.85270   53   37   13.13866   16.29600  24.0%  78.8 2525s
 3888455 3514297   14.56283   59   37   13.13866   16.29380  24.0%  78.8 2531s
 3897437 3521596   16.19057   49   44   13.13866   16.29195  24.0%  78.8 2536s
 3904864 3527398     cutoff   53        13.13866   16.29000  24.0%  78.8 2541s
 3912292 3533965     cutoff   62        13.13866   16.28834  24.0%  78.8 2545s
 3919329 3540183   15.42787   61   31   13.13866   16.28709  24.0%  78.8 2550s
 3930185 3549473   15.77341   53   40   13.13866   16.28467  23.9%  78.8 2557s
 3937075 3555594   15.12253   63   29   13.13866   16.28310  23.9%  78.8 2561s
 3944442 3561936   15.93676   49   36   13.13866   16.28166  23.9%  78.8 2565s
 3951765 3568377   16.17472   49   37   13.13866   16.28001  23.9%  78.8 2570s
 3962468 3577787   15.48289   53   36   13.13866   16.27783  23.9%  78.8 2576s
 3969573 3583710   16.27634   58   33   13.13866   16.27634  23.9%  78.8 2580s
 3976780 3590348     cutoff   45        13.13866   16.27479  23.9%  78.8 2585s
 3987609 3599866   16.03428   63   25   13.13866   16.27277  23.9%  78.8 2591s
 3994860 3606195   15.70655   51   41   13.13866   16.27136  23.8%  78.8 2596s
 4001728 3612419   15.89027   44   40   13.13866   16.26983  23.8%  78.8 2600s
 4009439 3618650   16.26818   49   39   13.13866   16.26818  23.8%  78.8 2605s
 4020069 3628178   15.47497   69   27   13.13866   16.26589  23.8%  78.8 2612s
 4027428 3634114   16.05315   48   40   13.13866   16.26456  23.8%  78.8 2616s
 4034448 3640631   16.25044   59   27   13.13866   16.26269  23.8%  78.8 2620s
 4041569 3646748   13.19573   54   38   13.13866   16.26118  23.8%  78.8 2625s
 4048735 3653161   15.22776   57   34   13.13866   16.25969  23.8%  78.8 2630s
 4059362 3662153   15.44347   54   31   13.13866   16.25760  23.7%  78.8 2636s
 4066316 3668549   15.99046   50   44   13.13866   16.25616  23.7%  78.8 2641s
 4073403 3674798   16.25469   51   26   13.13866   16.25469  23.7%  78.8 2646s
 4080997 3681242   16.18913   53   34   13.13866   16.25326  23.7%  78.8 2650s
 4091669 3690237   15.82876   52   36   13.13866   16.25073  23.7%  78.8 2657s
 4098687 3696598   15.34381   48   41   13.13866   16.24943  23.7%  78.8 2661s
 4105911 3703113     cutoff   51        13.13866   16.24765  23.7%  78.8 2665s
 4116819 3712527   15.49936   62   30   13.13866   16.24563  23.6%  78.8 2670s
H4120484 3712580                      13.1386553   16.24478  23.6%  78.8 2675s
H4120778 3712816                      13.1386553   16.24462  23.6%  78.8 2679s
H4120779 3707970                      13.1598538   16.24462  23.4%  78.8 2679s
 4120790 3714638   16.24169   44   43   13.15985   16.24462  23.4%  78.8 2685s
 4132353 3720726   16.17284   63   31   13.15985   16.24330  23.4%  78.8 2692s
 4140336 3728580   14.92160   50   43   13.15985   16.24155  23.4%  78.8 2696s
 4148757 3735703   16.11726   52   40   13.15985   16.23956  23.4%  78.8 2700s
 4159557 3744732   13.84087   51   35   13.15985   16.23754  23.4%  78.8 2706s
 4170767 3754290   16.21397   54   30   13.15985   16.23520  23.4%  78.8 2711s
 4177783 3760537   14.22911   52   33   13.15985   16.23409  23.4%  78.8 2715s
 4188354 3769548   16.23172   39   27   13.15985   16.23173  23.3%  78.8 2720s
 4199362 3779422     cutoff   51        13.15985   16.22945  23.3%  78.8 2725s
 4210542 3788811     cutoff   58        13.15985   16.22742  23.3%  78.8 2731s
 4220681 3797989   16.16333   49   39   13.15985   16.22541  23.3%  78.8 2736s
 4228122 3804611   16.13983   70   29   13.15985   16.22387  23.3%  78.8 2740s
 4239200 3813825   16.10823   51   35   13.15985   16.22181  23.3%  78.8 2745s
 4249829 3823100   16.21917   38   30   13.15985   16.21959  23.3%  78.8 2750s
 4260507 3832499   13.97812   47   35   13.15985   16.21760  23.2%  78.8 2755s
 4271228 3842025   15.79588   58   36   13.15985   16.21565  23.2%  78.8 2761s
 4281465 3851437   15.48813   67   28   13.15985   16.21356  23.2%  78.8 2766s
 4289610 3857926   15.97463   54   36   13.15985   16.21196  23.2%  78.8 2770s
 4300571 3867490   15.36801   47   45   13.15985   16.20997  23.2%  78.8 2775s
 4311175 3876582   14.47619   46   37   13.15985   16.20794  23.2%  78.8 2780s
 4321848 3886079   15.80774   58   36   13.15985   16.20600  23.1%  78.8 2786s
 4332686 3895566     cutoff   49        13.15985   16.20398  23.1%  78.8 2791s
 4343413 3904585   15.92022   48   30   13.15985   16.20178  23.1%  78.8 2796s
 4350407 3910779   15.78375   49   29   13.15985   16.20047  23.1%  78.8 2800s
 4361094 3920003   15.62901   55   39   13.15985   16.19836  23.1%  78.8 2805s
 4372093 3929105   15.84321   55   23   13.15985   16.19621  23.1%  78.8 2811s
 4379120 3935551   15.29918   52   39   13.15985   16.19469  23.1%  78.8 2815s
 4389772 3944950   16.18389   76   21   13.15985   16.19257  23.0%  78.8 2820s
 4400596 3954317   14.29704   52   30   13.15985   16.19061  23.0%  78.8 2825s
 4411349 3963350   15.66708   53   39   13.15985   16.18858  23.0%  78.8 2831s
 4418571 3969578   13.75780   48   38   13.15985   16.18716  23.0%  78.8 2835s
 4429433 3979000   15.32034   48   37   13.15985   16.18541  23.0%  78.8 2840s
 4439921 3988381   13.98363   52   34   13.15985   16.18339  23.0%  78.8 2845s
 4451111 3997786     cutoff   51        13.15985   16.18158  23.0%  78.8 2851s
 4462091 4007080   16.06598   46   49   13.15985   16.17930  22.9%  78.8 2856s
 4469037 4013097   16.17799   53   31   13.15985   16.17799  22.9%  78.7 2860s
 4479840 4022348   15.81771   58   36   13.15985   16.17598  22.9%  78.7 2865s
 4490797 4031963   14.85086   55   31   13.15985   16.17383  22.9%  78.7 2870s
 4501364 4041166   16.08787   48   29   13.15985   16.17177  22.9%  78.7 2876s
 4511812 4049950   16.01193   52   42   13.15985   16.16999  22.9%  78.7 2881s
 4519025 4056287   14.65747   50   44   13.15985   16.16838  22.9%  78.7 2885s
 4529834 4065229   15.48173   56   40   13.15985   16.16649  22.8%  78.7 2890s
 4540525 4074990   15.89267   50   39   13.15985   16.16461  22.8%  78.7 2896s
 4548159 4081403   16.15543   50   34   13.15985   16.16299  22.8%  78.7 2900s
 4559086 4090628   16.08750   55   37   13.15985   16.16101  22.8%  78.7 2905s
 4569815 4100023   14.34004   52   38   13.15985   16.15891  22.8%  78.7 2910s
 4580640 4109618   13.85948   47   18   13.15985   16.15710  22.8%  78.7 2916s
 4588904 4115609   16.15577   50   31   13.15985   16.15577  22.8%  78.7 2920s
 4598268 4124493   14.95136   53   37   13.15985   16.15392  22.8%  78.7 2925s
 4609073 4133751     cutoff   70        13.15985   16.15182  22.7%  78.7 2930s
 4619828 4143215   15.93195   53   34   13.15985   16.14994  22.7%  78.7 2935s
 4630525 4152561   15.89589   57   33   13.15985   16.14795  22.7%  78.7 2941s
 4641062 4162037   14.82552   50   39   13.15985   16.14580  22.7%  78.7 2946s
 4648353 4168071     cutoff   52        13.15985   16.14454  22.7%  78.7 2950s
 4659221 4177571   16.02124   47   45   13.15985   16.14282  22.7%  78.7 2955s
 4670106 4186899   14.98428   50   46   13.15985   16.14112  22.7%  78.7 2961s
 4680901 4195980   14.56174   57   35   13.15985   16.13892  22.6%  78.7 2966s
 4688209 4202522   15.88335   66   25   13.15985   16.13760  22.6%  78.7 2970s
 4698883 4211734   15.77929   59   30   13.15985   16.13573  22.6%  78.7 2975s
 4709206 4220978   16.10163   59   26   13.15985   16.13374  22.6%  78.7 2980s
 4720045 4230008   13.24563   48   32   13.15985   16.13193  22.6%  78.7 2986s
 4730672 4239429   15.80702   53   22   13.15985   16.13002  22.6%  78.7 2991s
 4737932 4245762   15.55143   55   38   13.15985   16.12879  22.6%  78.7 2995s
 4748839 4255280   14.80211   54   45   13.15985   16.12683  22.5%  78.7 3000s
 4755771 4261329   15.15230   45   28   13.15985   16.12561  22.5%  78.7 3005s
 4766912 4270969   15.66421   66   32   13.15985   16.12380  22.5%  78.7 3011s
 4774217 4277050   16.12242   51   21   13.15985   16.12242  22.5%  78.7 3015s
 4784747 4286150   15.29674   61   35   13.15985   16.12040  22.5%  78.7 3021s
 4792383 4292720   16.10729   61   32   13.15985   16.11898  22.5%  78.7 3025s
 4803153 4302249     cutoff   57        13.15985   16.11707  22.5%  78.7 3031s
 4813509 4311477   14.40054   56   34   13.15985   16.11533  22.5%  78.7 3036s
 4821530 4317960   15.20447   58   39   13.15985   16.11400  22.4%  78.7 3040s
 4832333 4327392   15.86593   52   20   13.15985   16.11192  22.4%  78.7 3046s
 4842906 4336173   16.11014   52   25   13.15985   16.11014  22.4%  78.7 3051s
 4850051 4342462   15.74865   50   37   13.15985   16.10884  22.4%  78.7 3055s
 4860906 4352239   15.87162   58   31   13.15985   16.10690  22.4%  78.7 3061s
 4868315 4358306     cutoff   53        13.15985   16.10579  22.4%  78.7 3065s
 4878797 4367447   14.32605   59   28   13.15985   16.10400  22.4%  78.7 3071s
 4885670 4370467   16.10297   50   28   13.15985   16.10297  22.4%  78.7 3075s
 4885776 4370583   16.10297   53   30   13.15985   16.10297  22.4%  78.7 3081s
 4886017 4371108   16.08924   51   31   13.15985   16.10260  22.4%  78.7 3086s
 4887741 4374391   15.79171   53   34   13.15985   16.10260  22.4%  78.7 3092s
 4890290 4377768   15.37611   48   37   13.15985   16.10247  22.4%  78.7 3095s
 4898405 4385164   15.78635   55   31   13.15985   16.10167  22.4%  78.7 3101s
 4906034 4390958   16.05834   44   36   13.15985   16.09928  22.3%  78.7 3105s
 4917195 4400351   15.97500   50   39   13.15985   16.09728  22.3%  78.7 3112s
 4924646 4406932   13.60311   52   42   13.15985   16.09612  22.3%  78.7 3116s
 4932039 4412995   15.01871   43   37   13.15985   16.09482  22.3%  78.7 3120s
 4938961 4419481   16.09350   47   25   13.15985   16.09350  22.3%  78.7 3125s
 4949950 4429116   16.09167   43   32   13.15985   16.09167  22.3%  78.6 3132s
 4957747 4435316   15.28223   55   35   13.15985   16.09042  22.3%  78.6 3136s
 4964481 4441239   15.71379   62   29   13.15985   16.08917  22.3%  78.6 3140s
 4971218 4447235   16.07705   54   44   13.15985   16.08803  22.3%  78.6 3145s
 4982810 4456956   15.88986   50   43   13.15985   16.08615  22.2%  78.6 3152s
 4989879 4462976     cutoff   48        13.15985   16.08488  22.2%  78.6 3156s
 4996688 4469123   15.19270   71   21   13.15985   16.08363  22.2%  78.6 3160s
 5004100 4475626   15.06778   54   24   13.15985   16.08251  22.2%  78.6 3165s
 5014608 4484764     cutoff   48        13.15985   16.08092  22.2%  78.6 3171s
 5021905 4490842   15.98709   54   39   13.15985   16.07947  22.2%  78.6 3176s
 5028487 4497036   15.88862   35   45   13.15985   16.07824  22.2%  78.6 3180s
 5036098 4503087   14.88573   50   37   13.15985   16.07731  22.2%  78.6 3185s
 5047060 4512541   15.90459   53   33   13.15985   16.07519  22.2%  78.6 3191s
 5054149 4519084   15.57507   56   33   13.15985   16.07390  22.1%  78.6 3196s
 5061423 4525109   15.84330   54   37   13.15985   16.07277  22.1%  78.6 3200s
 5072037 4534149   15.88552   52   42   13.15985   16.07122  22.1%  78.6 3207s
 5079110 4540404   15.94321   57   27   13.15985   16.07037  22.1%  78.6 3211s
 5086307 4546510   14.75993   51   38   13.15985   16.06896  22.1%  78.6 3215s
 5093160 4552359   15.17650   55   37   13.15985   16.06768  22.1%  78.6 3220s
 5100606 4559114   15.54316   53   42   13.15985   16.06676  22.1%  78.6 3225s
 5111575 4568330     cutoff   64        13.15985   16.06488  22.1%  78.6 3231s
 5118862 4574472   14.06889   58   31   13.15985   16.06380  22.1%  78.6 3236s
 5125680 4580414   14.88499   68   23   13.15985   16.06254  22.1%  78.6 3240s
 5132852 4586475   15.57470   51   45   13.15985   16.06133  22.0%  78.6 3245s
 5143809 4595752   15.30796   50   37   13.15985   16.05952  22.0%  78.6 3252s
 5151033 4602002   15.25988   54   35   13.15985   16.05845  22.0%  78.6 3256s
 5157888 4607946     cutoff   51        13.15985   16.05742  22.0%  78.6 3260s
 5165095 4614567   15.21338   66   29   13.15985   16.05635  22.0%  78.6 3265s
 5175927 4623714   16.05458   48   29   13.15985   16.05458  22.0%  78.6 3272s
 5183242 4629410   15.43547   49   36   13.15985   16.05363  22.0%  78.6 3276s
 5190322 4635858   16.05193   59   26   13.15985   16.05247  22.0%  78.6 3281s
 5197493 4642320   15.39852   53   37   13.15985   16.05122  22.0%  78.6 3285s
 5208686 4651768   14.20339   54   44   13.15985   16.04925  22.0%  78.6 3292s
 5215735 4657919   13.68496   55   35   13.15985   16.04816  21.9%  78.6 3296s
 5222460 4663826   15.64657   55   39   13.15985   16.04722  21.9%  78.6 3300s
 5229818 4670214   15.98424   62   28   13.15985   16.04593  21.9%  78.6 3305s
 5240584 4679675   15.23906   76   20   13.15985   16.04427  21.9%  78.6 3311s
 5247769 4685826   14.38540   55   33   13.15985   16.04324  21.9%  78.6 3316s
 5255173 4691870   15.17946   53   40   13.15985   16.04202  21.9%  78.6 3320s
 5262502 4698295   15.79778   60   28   13.15985   16.04113  21.9%  78.6 3325s
 5273307 4707696   15.53467   61   31   13.15985   16.03942  21.9%  78.6 3331s
 5280362 4713790   15.68382   54   29   13.15985   16.03837  21.9%  78.6 3336s
 5288126 4720116   15.75727   43   45   13.15985   16.03734  21.9%  78.6 3340s
 5294926 4726220   15.53450   55   32   13.15985   16.03609  21.9%  78.6 3345s
 5306074 4735331   15.60700   55   41   13.15985   16.03439  21.8%  78.6 3351s
 5313004 4741615   15.77039   54   37   13.15985   16.03340  21.8%  78.6 3356s
 5320207 4748003   15.98950   48   39   13.15985   16.03231  21.8%  78.6 3360s
 5331267 4757273   15.53917   52   42   13.15985   16.03056  21.8%  78.6 3367s
 5338313 4763215   15.85460   53   24   13.15985   16.02953  21.8%  78.6 3371s
 5345382 4769411   15.30105   56   32   13.15985   16.02837  21.8%  78.6 3375s
 5352458 4775860     cutoff   50        13.15985   16.02719  21.8%  78.6 3380s
 5363504 4782059   13.75008   37   32   13.15985   16.02553  21.8%  78.6 3387s
 5364033 4784553   15.01344   48   30   13.15985   16.02543  21.8%  78.6 3391s
 5370541 4790819   15.52061   47   33   13.15985   16.02515  21.8%  78.6 3396s
 5377291 4797475   15.83161   60   34   13.15985   16.02347  21.8%  78.6 3401s
 5384829 4803806   15.98525   55   26   13.15985   16.02240  21.8%  78.6 3405s
 5391955 4809878   14.31516   64   27   13.15985   16.02139  21.7%  78.6 3410s
 5402976 4819045   15.98404   59   34   13.15985   16.01975  21.7%  78.6 3416s
 5410116 4824960   15.86803   54   41   13.15985   16.01856  21.7%  78.6 3420s
 5417243 4831170     cutoff   48        13.15985   16.01766  21.7%  78.6 3425s
 5427688 4840534   14.00856   55   34   13.15985   16.01597  21.7%  78.5 3431s
 5435031 4846457   14.52642   54   36   13.15985   16.01478  21.7%  78.5 3436s
 5441917 4852553   13.34216   80   18   13.15985   16.01375  21.7%  78.5 3440s
 5449125 4858648   14.73275   54   40   13.15985   16.01269  21.7%  78.5 3445s
 5459957 4868195   14.95627   56   38   13.15985   16.01096  21.7%  78.5 3451s
 5466979 4874152   14.60621   57   34   13.15985   16.00994  21.7%  78.5 3456s
 5474414 4880325   15.67576   54   24   13.15985   16.00880  21.6%  78.5 3460s
 5481744 4887005   13.69361   57   30   13.15985   16.00767  21.6%  78.5 3465s
 5492917 4895993   15.43173   52   41   13.15985   16.00611  21.6%  78.5 3471s
 5500015 4902545   14.68578   50   44   13.15985   16.00520  21.6%  78.5 3476s
 5507680 4908892   15.97238   55   37   13.15985   16.00414  21.6%  78.5 3480s
 5518392 4917786   15.79896   50   41   13.15985   16.00250  21.6%  78.5 3487s
 5525245 4923971   13.72101   49   43   13.15985   16.00156  21.6%  78.5 3491s
 5532281 4930016   14.82993   61   30   13.15985   16.00067  21.6%  78.5 3495s
 5539261 4935939   13.28167   50   36   13.15985   15.99966  21.6%  78.5 3500s
 5550488 4945346   14.98055   58   33   13.15985   15.99809  21.6%  78.5 3506s
 5557245 4951255     cutoff   53        13.15985   15.99701  21.6%  78.5 3511s
 5564618 4957778   15.68404   57   38   13.15985   15.99601  21.6%  78.5 3515s
 5575264 4967003   15.68320   52   38   13.15985   15.99429  21.5%  78.5 3521s
 5582944 4973216   15.05702   52   42   13.15985   15.99321  21.5%  78.5 3526s
 5589829 4979390   14.72165   53   36   13.15985   15.99234  21.5%  78.5 3530s
 5600681 4988612   14.88969   54   40   13.15985   15.99062  21.5%  78.5 3537s
 5607961 4994863   15.98963   50   30   13.15985   15.98963  21.5%  78.5 3541s
 5615081 5000872   15.66152   47   25   13.15985   15.98854  21.5%  78.5 3545s
 5622014 5006679     cutoff   48        13.15985   15.98748  21.5%  78.5 3550s
 5633065 5016346   15.67883   51   39   13.15985   15.98607  21.5%  78.5 3556s
 5640150 5022227   15.94061   47   37   13.15985   15.98497  21.5%  78.5 3561s
 5647341 5028051   15.76312   54   34   13.15985   15.98404  21.5%  78.5 3565s
 5654272 5034118   15.42945   52   34   13.15985   15.98309  21.5%  78.5 3570s
 5665408 5043887   14.73354   61   32   13.15985   15.98150  21.4%  78.5 3577s
 5672753 5049745   15.45884   54   37   13.15985   15.98028  21.4%  78.5 3581s
 5680089 5055907   14.46091   48   35   13.15985   15.97927  21.4%  78.5 3586s
 5687157 5062250   15.03161   57   34   13.15985   15.97820  21.4%  78.5 3590s
 5694185 5068456   15.04674   44   32   13.15985   15.97704  21.4%  78.5 3595s
 5705274 5077985   15.69965   51   36   13.15985   15.97563  21.4%  78.5 3602s
 5712563 5083931   15.97438   45   31   13.15985   15.97438  21.4%  78.5 3606s
 5719292 5090424   14.05261   55   44   13.15985   15.97332  21.4%  78.5 3611s
 5726688 5096463   15.97235   47   30   13.15985   15.97235  21.4%  78.5 3615s
 5734167 5102903   15.86758   55   35   13.15985   15.97136  21.4%  78.5 3620s
 5744675 5111890     cutoff   45        13.15985   15.96979  21.4%  78.5 3627s
 5752141 5117940   14.94714   54   33   13.15985   15.96890  21.3%  78.5 3631s
 5759228 5124228   15.96759   48   31   13.15985   15.96759  21.3%  78.5 3636s
 5766825 5130497   15.92261   56   34   13.15985   15.96644  21.3%  78.5 3640s
 5773871 5136500   15.42338   60   40   13.15985   15.96550  21.3%  78.5 3645s
 5784487 5145878   15.83658   47   36   13.15985   15.96408  21.3%  78.5 3651s
 5792281 5152089   15.65326   57   34   13.15985   15.96301  21.3%  78.5 3656s
 5799284 5158511   14.93576   52   41   13.15985   15.96215  21.3%  78.5 3660s
 5806559 5164314   13.82241   56   40   13.15985   15.96107  21.3%  78.5 3665s
 5817345 5173821   15.82671   62   31   13.15985   15.95967  21.3%  78.5 3671s
 5824533 5179895   15.78825   53   37   13.15985   15.95862  21.3%  78.5 3676s
 5831740 5186358   14.79550   55   34   13.15985   15.95770  21.3%  78.5 3680s
 5838909 5192202   15.14479   56   33   13.15985   15.95663  21.3%  78.5 3685s
 5849720 5201750   13.92599   58   31   13.15985   15.95518  21.2%  78.5 3692s
 5856937 5207604   15.01157   49   34   13.15985   15.95413  21.2%  78.5 3696s
 5864103 5213659   14.33483   64   32   13.15985   15.95312  21.2%  78.5 3701s
 5870790 5219832   15.34517   61   30   13.15985   15.95224  21.2%  78.5 3705s
 5878097 5225668     cutoff   55        13.15985   15.95124  21.2%  78.5 3710s
 5888945 5235211   15.69937   47   41   13.15985   15.94957  21.2%  78.5 3716s
 5896460 5241307   14.32697   55   40   13.15985   15.94873  21.2%  78.5 3721s
 5903245 5247290   14.54002   54   31   13.15985   15.94764  21.2%  78.5 3725s
 5910533 5253517     cutoff   45        13.15985   15.94671  21.2%  78.5 3730s
 5917682 5259947   15.92865   54   39   13.15985   15.94566  21.2%  78.4 3735s
 5928751 5268735   14.15777   56   23   13.15985   15.94407  21.2%  78.4 3742s
 5935831 5275566   15.07731   54   35   13.15985   15.94310  21.1%  78.4 3746s
 5943358 5281847   15.24301   61   33   13.15985   15.94227  21.1%  78.4 3751s
 5950377 5287671   14.83914   51   41   13.15985   15.94124  21.1%  78.4 3755s
 5957736 5293712   14.96317   61   32   13.15985   15.94030  21.1%  78.4 3760s
 5968114 5302720   14.76890   51   30   13.15985   15.93895  21.1%  78.4 3766s
 5975460 5309002   14.41939   54   37   13.15985   15.93786  21.1%  78.4 3771s
 5982780 5315233   15.93556   53   40   13.15985   15.93680  21.1%  78.4 3775s
 5990015 5321252   13.83517   60   27   13.15985   15.93583  21.1%  78.4 3780s
 6000747 5330519   14.87642   52   37   13.15985   15.93441  21.1%  78.4 3787s
 6007805 5336537   13.35535   72   27   13.15985   15.93330  21.1%  78.4 3791s
 6015092 5342845   15.76868   59   32   13.15985   15.93254  21.1%  78.4 3796s
 6022311 5348771   15.75177   53   37   13.15985   15.93149  21.1%  78.4 3801s
 6029408 5354950   15.31157   53   35   13.15985   15.93049  21.1%  78.4 3806s
 6036362 5361202   15.07231   48   42   13.15985   15.92933  21.0%  78.4 3810s
 6044006 5367344   14.39394   67   24   13.15985   15.92826  21.0%  78.4 3815s
 6051076 5373906   15.30313   48   33   13.15985   15.92732  21.0%  78.4 3820s
 6058431 5379809   15.61601   55   34   13.15985   15.92625  21.0%  78.4 3825s
 6069111 5388721   15.66059   56   34   13.15985   15.92483  21.0%  78.4 3832s
 6076177 5395224   15.78733   51   38   13.15985   15.92381  21.0%  78.4 3836s
 6083964 5401185   15.53559   76   24   13.15985   15.92284  21.0%  78.4 3841s
 6090766 5407619   15.65335   46   35   13.15985   15.92183  21.0%  78.4 3846s
 6098222 5413686   15.11686   57   30   13.15985   15.92085  21.0%  78.4 3850s
 6105419 5420103   14.33816   54   35   13.15985   15.91995  21.0%  78.4 3855s
 6112893 5426084   15.45416   56   24   13.15985   15.91900  21.0%  78.4 3860s
 6123479 5435224   15.47807   50   46   13.15985   15.91787  21.0%  78.4 3867s
 6130722 5441373   15.41139   53   29   13.15985   15.91665  20.9%  78.4 3872s
 6138190 5447504   15.75802   53   42   13.15985   15.91564  20.9%  78.4 3876s
 6145125 5453544   15.21296   54   32   13.15985   15.91460  20.9%  78.4 3881s
 6152168 5459561   15.17889   50   40   13.15985   15.91377  20.9%  78.4 3886s
 6159187 5465476   15.83370   53   29   13.15985   15.91278  20.9%  78.4 3890s
 6166486 5471990   15.84340   54   40   13.15985   15.91177  20.9%  78.4 3895s
 6177591 5480959   15.02824   48   46   13.15985   15.91046  20.9%  78.4 3902s
 6184505 5487127   14.77744   52   39   13.15985   15.90938  20.9%  78.4 3906s
 6191847 5493287   15.88033   46   28   13.15985   15.90842  20.9%  78.4 3911s
 6199016 5499310   14.82406   54   29   13.15985   15.90734  20.9%  78.4 3916s
 6206347 5505642     cutoff   51        13.15985   15.90627  20.9%  78.4 3921s
 6213201 5511828   15.90448   53   34   13.15985   15.90559  20.9%  78.4 3925s
 6220891 5517953   15.05347   59   33   13.15985   15.90448  20.9%  78.4 3930s
 6228071 5524108   15.45597   54   36   13.15985   15.90368  20.8%  78.4 3935s
 6235166 5530149   15.77140   59   32   13.15985   15.90257  20.8%  78.4 3940s
 6245891 5539310   15.52649   56   31   13.15985   15.90120  20.8%  78.4 3946s
 6253129 5545434   15.87226   53   41   13.15985   15.90035  20.8%  78.4 3951s
 6260491 5551596   13.82846   52   45   13.15985   15.89950  20.8%  78.4 3955s
 6271156 5560954   15.89790   50   28   13.15985   15.89790  20.8%  78.4 3962s
 6278150 5566978   15.61803   56   35   13.15985   15.89704  20.8%  78.3 3966s
 6285567 5573118   15.49459   59   36   13.15985   15.89612  20.8%  78.3 3970s
 6292637 5579368   15.79245   63   28   13.15985   15.89530  20.8%  78.3 3975s
 6303631 5588648     cutoff   48        13.15985   15.89394  20.8%  78.3 3982s
 6310854 5594536   14.71938   67   29   13.15985   15.89302  20.8%  78.3 3986s
 6317778 5600480   14.87208   52   35   13.15985   15.89211  20.8%  78.3 3991s
 6325084 5606733     cutoff   52        13.15985   15.89113  20.8%  78.3 3995s
 6332146 5612762   13.73897   67   27   13.15985   15.89012  20.7%  78.3 4000s
 6342533 5622019   13.51668   53   44   13.15985   15.88865  20.7%  78.3 4007s
 6350482 5628564   15.41276   51   36   13.15985   15.88772  20.7%  78.3 4011s
 6358111 5634971   15.62490   50   36   13.15985   15.88693  20.7%  78.3 4016s
 6365630 5640914   15.37869   55   39   13.15985   15.88574  20.7%  78.3 4020s
 6372392 5646988   13.96792   54   34   13.15985   15.88487  20.7%  78.3 4025s
 6382841 5655840   15.67772   51   34   13.15985   15.88354  20.7%  78.3 4031s
 6390015 5660206   14.28918   55   32   13.15985   15.88256  20.7%  78.3 4036s
 6393824 5664607   15.81587   58   33   13.15985   15.88249  20.7%  78.3 4042s
H6394767 5664607                      13.1598540   15.88249  20.7%  78.3 4044s
 6396735 5667123   15.19401   59   32   13.15985   15.88249  20.7%  78.3 4047s
 6402063 5672631   15.83080   54   31   13.15985   15.88140  20.7%  78.3 4053s
 6406235 5675537   13.99863   58   22   13.15985   15.88092  20.7%  78.3 4056s
 6413111 5682115   15.06648   54   42   13.15985   15.88018  20.7%  78.3 4061s
 6420990 5688734   15.66163   58   35   13.15985   15.87926  20.7%  78.3 4067s
 6428745 5694120   15.29365   49   39   13.15985   15.87833  20.7%  78.3 4072s
 6435410 5700624   14.32242   57   33   13.15985   15.87745  20.7%  78.3 4077s
 6438953 5703811   14.31994   54   25   13.15985   15.87700  20.6%  78.3 4080s
 6446505 5707161   14.63993   52   32   13.15985   15.87601  20.6%  78.3 4085s
H6446540 5707187                      13.1598540   15.87559  20.6%  78.3 4088s
 6446575 5707562   15.53396   64   31   13.15985   15.87545  20.6%  78.3 4091s
 6447525 5709059   13.74637   49   37   13.15985   15.87524  20.6%  78.3 4097s
 6448787 5711669   14.75031   54   36   13.15985   15.87521  20.6%  78.3 4101s
 6456349 5719492     cutoff   64        13.15985   15.87501  20.6%  78.3 4108s
 6461116 5722145   15.87328   50   26   13.15985   15.87464  20.6%  78.3 4110s
 6467786 5728133   15.59183   54   27   13.15985   15.87317  20.6%  78.3 4115s
 6474632 5734089   14.22060   68   24   13.15985   15.87238  20.6%  78.3 4120s
 6482056 5740363   15.80540   59   34   13.15985   15.87119  20.6%  78.3 4125s
 6489510 5747016   15.86983   48   36   13.15985   15.86983  20.6%  78.3 4130s
 6500098 5755978   15.73819   62   36   13.15985   15.86843  20.6%  78.3 4136s
 6507853 5762251   15.67414   50   44   13.15985   15.86759  20.6%  78.3 4141s
 6515069 5768455   15.86254   49   44   13.15985   15.86661  20.6%  78.3 4146s
 6522499 5774104   15.65834   54   37   13.15985   15.86559  20.6%  78.3 4150s
 6529511 5780611     cutoff   55        13.15985   15.86470  20.6%  78.3 4155s
 6536825 5786613   15.40105   61   32   13.15985   15.86368  20.5%  78.3 4160s
 6544263 5792914   15.83679   53   42   13.15985   15.86270  20.5%  78.3 4165s
 6554801 5801890   15.79160   53   39   13.15985   15.86142  20.5%  78.3 4171s
 6562034 5807711   14.97448   50   39   13.15985   15.86057  20.5%  78.3 4176s
 6569354 5814194   15.85879   47   37   13.15985   15.85980  20.5%  78.3 4180s
 6576688 5820194     cutoff   57        13.15985   15.85870  20.5%  78.3 4185s
 6587375 5829183   15.85747   45   27   13.15985   15.85747  20.5%  78.3 4191s
 6594604 5835288   15.30088   52   33   13.15985   15.85630  20.5%  78.3 4196s
 6601446 5841490   15.41897   60   32   13.15985   15.85547  20.5%  78.3 4201s
 6609111 5847775   15.39053   31   35   13.15985   15.85452  20.5%  78.3 4205s
 6619791 5856846   15.67349   53   41   13.15985   15.85333  20.5%  78.3 4212s
 6627090 5862882   15.09222   50   37   13.15985   15.85261  20.5%  78.3 4216s
 6634186 5869077   15.00403   48   32   13.15985   15.85161  20.5%  78.3 4220s
 6641449 5875090   15.06241   57   35   13.15985   15.85070  20.4%  78.3 4225s
 6652159 5884654   15.20498   61   29   13.15985   15.84951  20.4%  78.3 4232s
 6659829 5890682     cutoff   52        13.15985   15.84874  20.4%  78.3 4236s
 6667070 5897053   13.90167   51   40   13.15985   15.84771  20.4%  78.3 4241s
 6674169 5902930   14.99115   61   29   13.15985   15.84680  20.4%  78.3 4245s
 6681545 5908840   14.67604   47   46   13.15985   15.84589  20.4%  78.3 4250s
 6688500 5915017   15.75643   49   42   13.15985   15.84509  20.4%  78.2 4255s
 6699342 5924492   15.34768   52   35   13.15985   15.84366  20.4%  78.2 4261s
 6706984 5930675   15.32409   48   41   13.15985   15.84285  20.4%  78.2 4266s
 6713771 5936392   13.84604   56   33   13.15985   15.84200  20.4%  78.2 4270s
 6721246 5942733   14.55577   56   34   13.15985   15.84096  20.4%  78.2 4275s
 6728668 5948951   14.64625   65   28   13.15985   15.83999  20.4%  78.2 4280s
 6739882 5958085   14.29486   52   41   13.15985   15.83867  20.4%  78.2 4287s
 6746960 5964332   14.62163   60   29   13.15985   15.83781  20.3%  78.2 4291s
 6754120 5970632   13.67547   69   22   13.15985   15.83710  20.3%  78.2 4296s
 6761613 5976706     cutoff   62        13.15985   15.83612  20.3%  78.2 4300s
 6768736 5982837   15.83509   47   33   13.15985   15.83509  20.3%  78.2 4305s
 6779107 5991632   13.58123   49   30   13.15985   15.83385  20.3%  78.2 4311s
 6786470 5997590     cutoff   48        13.15985   15.83299  20.3%  78.2 4316s
 6793376 6004050   15.15446   57   35   13.15985   15.83235  20.3%  78.2 4320s
 6800836 6009925   14.99027   49   44   13.15985   15.83137  20.3%  78.2 4325s
 6811369 6018815     cutoff   58        13.15985   15.83005  20.3%  78.2 4332s
 6818589 6024824     cutoff   54        13.15985   15.82908  20.3%  78.2 4336s
 6825767 6031000   13.20844   58   23   13.15985   15.82817  20.3%  78.2 4341s
 6833222 6037068   15.82732   47   40   13.15985   15.82732  20.3%  78.2 4345s
 6840170 6043458   15.40102   66   19   13.15985   15.82635  20.3%  78.2 4350s
 6851104 6052629   15.25692   55   34   13.15985   15.82500  20.3%  78.2 4357s
 6858575 6058830   15.62547   57   36   13.15985   15.82420  20.2%  78.2 4361s
 6865541 6064772   15.49419   54   25   13.15985   15.82327  20.2%  78.2 4366s
 6872975 6070967     cutoff   53        13.15985   15.82263  20.2%  78.2 4370s
 6880165 6076989   15.32575   58   30   13.15985   15.82156  20.2%  78.2 4375s
 6891239 6086002   15.64877   55   34   13.15985   15.82024  20.2%  78.2 4382s
 6898230 6092408   15.80694   54   23   13.15985   15.81949  20.2%  78.2 4386s
 6905639 6098521   15.59602   61   28   13.15985   15.81858  20.2%  78.2 4391s
 6912749 6104489   15.81764   44   24   13.15985   15.81764  20.2%  78.2 4395s
 6919966 6110733   15.67033   48   45   13.15985   15.81686  20.2%  78.2 4400s
 6930940 6120077   14.47902   51   39   13.15985   15.81553  20.2%  78.2 4407s
 6938455 6126301   15.49213   52   45   13.15985   15.81462  20.2%  78.2 4411s
 6945883 6132262   15.66629   51   32   13.15985   15.81389  20.2%  78.2 4416s
 6953127 6138175   15.19276   35   45   13.15985   15.81307  20.2%  78.2 4420s
 6960262 6144586     cutoff   46        13.15985   15.81210  20.2%  78.2 4425s
 6971004 6153751   14.32805   66   32   13.15985   15.81090  20.1%  78.2 4431s
 6978086 6159749   15.79029   53   34   13.15985   15.81001  20.1%  78.2 4435s
 6985720 6165673   15.70902   52   35   13.15985   15.80936  20.1%  78.2 4440s
 6996374 6175114   14.72107   52   43   13.15985   15.80787  20.1%  78.2 4447s
 7003737 6181275   14.02118   53   37   13.15985   15.80721  20.1%  78.2 4451s
 7010917 6187052   14.59685   63   28   13.15985   15.80630  20.1%  78.2 4456s
 7018056 6193186   15.43026   54   45   13.15985   15.80541  20.1%  78.2 4460s
 7025099 6199008   15.76092   48   34   13.15985   15.80451  20.1%  78.2 4465s
 7035962 6208068   15.80339   50   36   13.15985   15.80339  20.1%  78.2 4472s
 7043108 6214569   15.32888   63   31   13.15985   15.80246  20.1%  78.2 4476s
 7050495 6220402   15.80164   41   29   13.15985   15.80164  20.1%  78.2 4481s
 7057718 6226902   14.80767   53   40   13.15985   15.80082  20.1%  78.2 4485s
 7064902 6232725   14.83459   67   28   13.15985   15.80000  20.1%  78.2 4490s
 7075496 6241818   15.76996   64   26   13.15985   15.79874  20.1%  78.1 4497s
 7082501 6247636   15.77333   39   30   13.15985   15.79799  20.0%  78.1 4501s
 7089396 6253566   14.54005   61   31   13.15985   15.79706  20.0%  78.1 4505s
 7096436 6259745   15.60132   46   50   13.15985   15.79631  20.0%  78.1 4510s
 7107702 6268871     cutoff   55        13.15985   15.79508  20.0%  78.1 4517s
 7114913 6274835   15.56929   60   28   13.15985   15.79415  20.0%  78.1 4521s
 7121990 6280925   14.08217   58   34   13.15985   15.79338  20.0%  78.1 4525s
 7129015 6286938   13.82960   60   29   13.15985   15.79260  20.0%  78.1 4530s
 7136456 6293070   15.79210   54   22   13.15985   15.79210  20.0%  78.1 4535s
 7147011 6302175   15.50909   53   34   13.15985   15.79052  20.0%  78.1 4541s
 7154067 6308129   15.72836   61   33   13.15985   15.78989  20.0%  78.1 4545s
 7161112 6313998   15.75098   52   40   13.15985   15.78901  20.0%  78.1 4550s
 7171832 6322982     cutoff   48        13.15985   15.78784  20.0%  78.1 4557s
 7178856 6328813   15.78691   49   30   13.15985   15.78691  20.0%  78.1 4561s
 7185962 6334780   15.65025   55   24   13.15985   15.78614  20.0%  78.1 4565s
 7193008 6340601   15.77992   56   31   13.15985   15.78526  20.0%  78.1 4570s
 7203812 6350012   15.78415   47   25   13.15985   15.78415  19.9%  78.1 4577s
 7211158 6355733   15.61121   48   29   13.15985   15.78321  19.9%  78.1 4581s
 7217963 6361997   14.98098   47   38   13.15985   15.78251  19.9%  78.1 4586s
 7225597 6368368   15.18485   45   32   13.15985   15.78146  19.9%  78.1 4590s
 7232660 6374241   15.22244   53   37   13.15985   15.78079  19.9%  78.1 4595s
 7243626 6383134   14.75908   71   27   13.15985   15.77956  19.9%  78.1 4601s
 7250571 6389088   15.22679   50   35   13.15985   15.77861  19.9%  78.1 4606s
 7257712 6395027   15.68538   54   41   13.15985   15.77786  19.9%  78.1 4610s
 7264946 6401081     cutoff   52        13.15985   15.77719  19.9%  78.1 4615s
 7275495 6409773   15.76231   78   14   13.15985   15.77586  19.9%  78.1 4622s
 7282610 6416415   13.25593   48   37   13.15985   15.77505  19.9%  78.1 4626s
 7290158 6422479   13.54093   53   40   13.15985   15.77416  19.9%  78.1 4631s
 7297512 6428394   15.40446   59   27   13.15985   15.77355  19.9%  78.1 4635s
 7304646 6434336   15.76379   50   25   13.15985   15.77264  19.9%  78.1 4640s
 7315322 6443225   15.76952   71   27   13.15985   15.77136  19.8%  78.1 4646s
 7322358 6449497   15.10851   70   23   13.15985   15.77056  19.8%  78.1 4651s
 7329634 6455449   15.71453   47   41   13.15985   15.76979  19.8%  78.1 4655s
 7340177 6464189   15.69910   50   28   13.15985   15.76847  19.8%  78.1 4662s
 7347311 6470372   14.82961   58   35   13.15985   15.76766  19.8%  78.1 4666s
 7354431 6476196   15.41193   57   42   13.15985   15.76688  19.8%  78.1 4670s
 7365144 6485044     cutoff   48        13.15985   15.76574  19.8%  78.1 4676s
 7371884 6490975   15.58913   51   36   13.15985   15.76496  19.8%  78.1 4680s
 7382770 6500299   15.66532   57   34   13.15985   15.76387  19.8%  78.1 4686s
 7390051 6506068   14.43920   48   41   13.15985   15.76308  19.8%  78.1 4691s
 7397234 6512227     cutoff   48        13.15985   15.76228  19.8%  78.1 4695s
 7404384 6517931   15.72000   47   27   13.15985   15.76145  19.8%  78.1 4700s
 7411476 6523871   15.58377   57   28   13.15985   15.76059  19.8%  78.1 4705s
 7422176 6533119   15.65581   56   36   13.15985   15.75946  19.8%  78.1 4711s
 7429770 6539095   15.74714   47   33   13.15985   15.75857  19.7%  78.1 4716s
 7436464 6545129   15.05591   72   25   13.15985   15.75774  19.7%  78.0 4721s
 7444068 6551073   15.25439   44   35   13.15985   15.75690  19.7%  78.0 4725s
 7451047 6557277   15.33590   64   30   13.15985   15.75613  19.7%  78.0 4730s
 7462093 6566340   15.43146   28   55   13.15985   15.75499  19.7%  78.0 4736s
 7469020 6572409   15.59876   62   28   13.15985   15.75413  19.7%  78.0 4741s
 7476197 6578338   14.37755   53   38   13.15985   15.75341  19.7%  78.0 4745s
 7483449 6584388   15.49436   54   37   13.15985   15.75261  19.7%  78.0 4750s
 7494299 6593331   14.96177   54   36   13.15985   15.75131  19.7%  78.0 4756s
 7501267 6599390     cutoff   44        13.15985   15.75070  19.7%  78.0 4761s
 7508370 6605362   14.29861   47   34   13.15985   15.74991  19.7%  78.0 4765s
 7515683 6611381   13.74784   73   26   13.15985   15.74905  19.7%  78.0 4770s
 7526355 6620208   14.08452   50   28   13.15985   15.74780  19.7%  78.0 4777s
 7533434 6626405   15.72839   50   44   13.15985   15.74704  19.7%  78.0 4781s
 7540487 6632217   15.34949   57   37   13.15985   15.74637  19.7%  78.0 4785s
 7547744 6638480   15.25810   53   34   13.15985   15.74566  19.6%  78.0 4790s
 7558406 6647196   15.72831   50   30   13.15985   15.74456  19.6%  78.0 4796s
 7565423 6653301   15.43717   53   34   13.15985   15.74377  19.6%  78.0 4801s
 7572334 6659205     cutoff   54        13.15985   15.74327  19.6%  78.0 4806s
 7579784 6665382     cutoff   58        13.15985   15.74236  19.6%  78.0 4810s
 7587056 6671220   15.44149   68   24   13.15985   15.74139  19.6%  78.0 4815s
 7597660 6680384   15.51252   57   31   13.15985   15.74031  19.6%  78.0 4821s
 7604855 6686572   15.18003   48   44   13.15985   15.73966  19.6%  78.0 4826s
 7612269 6692505   15.70145   58   38   13.15985   15.73896  19.6%  78.0 4830s
 7619326 6698219   15.10567   58   35   13.15985   15.73802  19.6%  78.0 4835s
 7629959 6707580   14.84040   54   38   13.15985   15.73680  19.6%  78.0 4842s
 7637383 6713742   15.20419   57   22   13.15985   15.73603  19.6%  78.0 4846s
 7644792 6719730     cutoff   53        13.15985   15.73515  19.6%  78.0 4851s
 7651755 6725546   14.60654   54   35   13.15985   15.73463  19.6%  78.0 4855s
 7662617 6734784   15.18838   46   48   13.15985   15.73343  19.6%  78.0 4862s
 7669643 6740747   15.13916   52   35   13.15985   15.73267  19.6%  78.0 4866s
 7677087 6746705   13.75063   71   25   13.15985   15.73210  19.5%  78.0 4870s
 7684049 6752491   15.71333   48   35   13.15985   15.73117  19.5%  78.0 4875s
 7694551 6761606   14.75794   74   19   13.15985   15.73000  19.5%  78.0 4881s
 7701571 6767553   15.72873   58   31   13.15985   15.72934  19.5%  78.0 4886s
 7709115 6773849   15.56637   56   35   13.15985   15.72846  19.5%  78.0 4890s
 7716010 6779577   15.16669   72   28   13.15985   15.72770  19.5%  78.0 4895s
 7723493 6785773   15.40779   64   26   13.15985   15.72690  19.5%  78.0 4900s
 7734517 6794981   15.42692   64   31   13.15985   15.72587  19.5%  78.0 4906s
 7741635 6801015   14.90946   62   31   13.15985   15.72490  19.5%  78.0 4911s
 7748908 6803978   15.72425   48   30   13.15985   15.72425  19.5%  78.0 4916s
 7748985 6804029   13.26308   50   44   13.15985   15.72425  19.5%  78.0 4921s
H7749052 6804055                      13.1598540   15.72413  19.5%  78.0 4926s
 7749238 6804641   14.92596   57   39   13.15985   15.72404  19.5%  78.0 4933s
 7749794 6806634   15.72404   42   31   13.15985   15.72404  19.5%  78.0 4936s
 7752209 6810297   15.72404   43   37   13.15985   15.72404  19.5%  78.0 4940s
 7761495 6818584   14.26942   64   25   13.15985   15.72378  19.5%  78.0 4948s
 7766497 6822204   14.00981   58   30   13.15985   15.72326  19.5%  78.0 4951s
 7775301 6828870     cutoff   62        13.15985   15.72151  19.5%  77.9 4956s
 7782205 6834434   13.39160   69   27   13.15985   15.72081  19.5%  77.9 4960s
 7789374 6840392     cutoff   45        13.15985   15.71992  19.5%  77.9 4965s
 7796479 6846479   15.54800   48   34   13.15985   15.71915  19.4%  77.9 4970s
 7807435 6855437   15.59968   66   29   13.15985   15.71810  19.4%  77.9 4976s
 7814444 6861329   14.80170   48   36   13.15985   15.71739  19.4%  77.9 4981s
 7821382 6867376   15.27705   58   34   13.15985   15.71658  19.4%  77.9 4986s
 7828650 6873321   15.58725   56   32   13.15985   15.71581  19.4%  77.9 4990s
 7835849 6879407   15.70756   48   32   13.15985   15.71503  19.4%  77.9 4995s
 7846579 6888267   13.73633   52   27   13.15985   15.71402  19.4%  77.9 5001s
 7853826 6894286   14.70917   60   29   13.15985   15.71332  19.4%  77.9 5006s
 7860787 6900340   13.16920   69   20   13.15985   15.71262  19.4%  77.9 5010s
 7867933 6906156   15.42341   50   37   13.15985   15.71176  19.4%  77.9 5015s
 7878806 6914945   15.66382   43   30   13.15985   15.71066  19.4%  77.9 5021s
 7885900 6920938   14.77264   46   33   13.15985   15.70993  19.4%  77.9 5026s
 7892979 6926786   15.13956   52   39   13.15985   15.70918  19.4%  77.9 5030s
 7899859 6932662   15.53808   55   40   13.15985   15.70836  19.4%  77.9 5035s
 7910628 6941323   15.18840   54   27   13.15985   15.70725  19.4%  77.9 5042s
 7917688 6947242   15.70284   55   28   13.15985   15.70656  19.4%  77.9 5046s
 7924376 6953130   15.00735   61   29   13.15985   15.70583  19.3%  77.9 5051s
 7932174 6959304   15.11207   53   32   13.15985   15.70508  19.3%  77.9 5055s
 7938878 6965067   13.40731   56   33   13.15985   15.70429  19.3%  77.9 5060s
 7949952 6974312   14.27490   55   31   13.15985   15.70313  19.3%  77.9 5066s
 7957182 6980416     cutoff   45        13.15985   15.70241  19.3%  77.9 5071s
 7964302 6986358   15.64262   48   41   13.15985   15.70165  19.3%  77.9 5075s
 7971486 6992143   15.70090   43   32   13.15985   15.70090  19.3%  77.9 5080s
 7982365 7001364   15.15104   55   34   13.15985   15.69992  19.3%  77.9 5087s
 7989439 7007208   14.71233   42   27   13.15985   15.69915  19.3%  77.9 5091s
 7996681 7013417   15.65437   49   29   13.15985   15.69839  19.3%  77.9 5095s
 8003888 7018986     cutoff   52        13.15985   15.69763  19.3%  77.9 5100s
 8014702 7028479   15.49098   54   37   13.15985   15.69672  19.3%  77.9 5107s
 8022225 7034673   15.44118   61   29   13.15985   15.69579  19.3%  77.9 5111s
 8029011 7040211   15.68745   66   25   13.15985   15.69505  19.3%  77.9 5115s
 8036276 7046146   14.80111   52   40   13.15985   15.69438  19.3%  77.9 5120s
 8046738 7054931   15.27309   59   27   13.15985   15.69334  19.3%  77.9 5126s
 8053872 7060789   15.56296   83   12   13.15985   15.69260  19.2%  77.9 5131s
 8061072 7066360     cutoff   50        13.15985   15.69176  19.2%  77.9 5135s
 8071214 7075359   15.63599   59   29   13.15985   15.69084  19.2%  77.9 5141s
 8078220 7081086   15.15685   59   33   13.15985   15.68995  19.2%  77.9 5146s
 8085395 7086740   15.66027   59   32   13.15985   15.68924  19.2%  77.9 5150s
 8092595 7092855   15.19622   55   38   13.15985   15.68857  19.2%  77.9 5155s
 8102755 7101631   15.62292   52   36   13.15985   15.68745  19.2%  77.9 5161s
 8110181 7107428   13.89796   52   42   13.15985   15.68666  19.2%  77.9 5165s
 8121068 7116939   15.02979   50   50   13.15985   15.68563  19.2%  77.9 5171s
 8128199 7122478   15.50485   61   30   13.15985   15.68486  19.2%  77.9 5176s
 8135377 7128827   15.40573   52   40   13.15985   15.68402  19.2%  77.9 5180s
 8146428 7137806   15.15570   57   33   13.15985   15.68298  19.2%  77.9 5186s
 8153388 7143782     cutoff   42        13.15985   15.68217  19.2%  77.9 5191s
 8160575 7149747     cutoff   70        13.15985   15.68160  19.2%  77.9 5195s
 8171011 7158789   13.95477   51   34   13.15985   15.68057  19.2%  77.9 5201s
 8178355 7164430     cutoff   51        13.15985   15.67981  19.1%  77.8 5206s
 8185448 7170521   14.20676   58   34   13.15985   15.67904  19.1%  77.8 5210s
 8195933 7179471   15.54270   50   43   13.15985   15.67791  19.1%  77.8 5217s
 8203120 7185081   14.98739   53   29   13.15985   15.67726  19.1%  77.8 5221s
 8210243 7191028   15.36920   54   35   13.15985   15.67647  19.1%  77.8 5225s
 8217228 7196755   15.64300   47   45   13.15985   15.67569  19.1%  77.8 5230s
 8228002 7205609   15.41938   50   34   13.15985   15.67461  19.1%  77.8 5236s
 8234810 7211763   15.39872   53   31   13.15985   15.67394  19.1%  77.8 5241s
 8242283 7217828   15.19479   61   30   13.15985   15.67331  19.1%  77.8 5245s
 8252858 7226373   14.92037   28   51   13.15985   15.67227  19.1%  77.8 5252s
 8259917 7232290   13.55048   47   35   13.15985   15.67156  19.1%  77.8 5255s
 8266816 7237937   15.40606   57   37   13.15985   15.67085  19.1%  77.8 5260s
 8277597 7247002     cutoff   60        13.15985   15.66985  19.1%  77.8 5266s
 8284712 7252745     cutoff   53        13.15985   15.66920  19.1%  77.8 5270s
 8294926 7261470   15.36439   57   33   13.15985   15.66808  19.1%  77.8 5276s
 8302599 7267598   15.66566   46   46   13.15985   15.66734  19.1%  77.8 5281s
 8309778 7273575   14.17120   51   42   13.15985   15.66653  19.0%  77.8 5285s
 8317079 7279390   13.46721   54   42   13.15985   15.66588  19.0%  77.8 5290s
 8327646 7288398   14.94268   51   33   13.15985   15.66482  19.0%  77.8 5296s
 8334915 7294191   14.11593   55   26   13.15985   15.66415  19.0%  77.8 5301s
 8342295 7300295   14.19827   61   30   13.15985   15.66354  19.0%  77.8 5305s
 8349370 7305973   15.61018   49   37   13.15985   15.66272  19.0%  77.8 5310s
 8359722 7314731   15.64749   49   35   13.15985   15.66165  19.0%  77.8 5316s
 8367014 7320798     cutoff   50        13.15985   15.66096  19.0%  77.8 5321s
 8374313 7326831     cutoff   45        13.15985   15.66031  19.0%  77.8 5326s
 8381496 7332540   15.27706   49   14   13.15985   15.65948  19.0%  77.8 5330s
 8391997 7341407   14.76390   53   42   13.15985   15.65853  19.0%  77.8 5337s
 8399118 7347399   15.33364   62   32   13.15985   15.65773  19.0%  77.8 5341s
 8406310 7353529     cutoff   49        13.15985   15.65699  19.0%  77.8 5346s
 8413743 7358943   15.33855   58   35   13.15985   15.65636  19.0%  77.8 5350s
 8420720 7365399   14.67014   59   34   13.15985   15.65570  19.0%  77.8 5355s
 8432064 7374590     cutoff   48        13.15985   15.65457  19.0%  77.8 5361s
 8438975 7380361   14.64931   59   34   13.15985   15.65387  19.0%  77.8 5366s
 8446236 7386264     cutoff   51        13.15985   15.65337  18.9%  77.8 5370s
 8452932 7392100     cutoff   52        13.15985   15.65250  18.9%  77.8 5375s
 8464144 7401215   15.23082   51   42   13.15985   15.65140  18.9%  77.8 5381s
 8471275 7407184   14.84868   56   35   13.15985   15.65075  18.9%  77.8 5386s
 8478373 7412966     cutoff   53        13.15985   15.65014  18.9%  77.8 5390s
 8485595 7418824   13.65995   59   29   13.15985   15.64941  18.9%  77.8 5395s
 8496588 7428031   15.12381   55   31   13.15985   15.64830  18.9%  77.8 5402s
 8503688 7434078   13.34056   51   34   13.15985   15.64775  18.9%  77.8 5406s
 8510932 7439517   15.50306   53   32   13.15985   15.64697  18.9%  77.8 5411s
 8517981 7445867   15.32029   58   33   13.15985   15.64626  18.9%  77.8 5415s
 8525531 7451868   15.60378   53   41   13.15985   15.64560  18.9%  77.8 5420s
 8536278 7460949   15.57953   58   29   13.15985   15.64456  18.9%  77.8 5427s
 8543329 7466679     cutoff   66        13.15985   15.64390  18.9%  77.8 5431s
 8550481 7472655   13.52998   49   37   13.15985   15.64322  18.9%  77.8 5435s
 8557405 7478559   15.15175   57   37   13.15985   15.64233  18.9%  77.8 5440s
 8564970 7484495   13.60379   51   39   13.15985   15.64168  18.9%  77.8 5445s
 8575698 7493174   14.91622   49   39   13.15985   15.64057  18.9%  77.7 5451s
 8582488 7499064   15.53810   61   33   13.15985   15.63985  18.8%  77.7 5456s
 8589701 7504808   15.63591   48   23   13.15985   15.63914  18.8%  77.7 5460s
 8596921 7510926   15.63844   42   29   13.15985   15.63844  18.8%  77.7 5465s
 8607320 7519725   14.87774   51   42   13.15985   15.63748  18.8%  77.7 5471s
 8614889 7525489   15.42087   61   28   13.15985   15.63677  18.8%  77.7 5476s
 8621924 7531544   14.63651   63   32   13.15985   15.63608  18.8%  77.7 5480s
 8632687 7540317   14.59613   66   26   13.15985   15.63504  18.8%  77.7 5486s
 8639686 7546094   15.51014   59   31   13.15985   15.63441  18.8%  77.7 5491s
 8646827 7552029   14.77481   60   31   13.15985   15.63379  18.8%  77.7 5495s
 8654041 7558182   15.60481   60   27   13.15985   15.63297  18.8%  77.7 5500s
 8664932 7567142   15.16730   60   30   13.15985   15.63188  18.8%  77.7 5506s
 8671763 7573010   15.23122   56   36   13.15985   15.63124  18.8%  77.7 5511s
 8679272 7578727   14.81757   56   35   13.15985   15.63053  18.8%  77.7 5516s
 8686318 7581937   15.62981   49   21   13.15985   15.62981  18.8%  77.7 5520s
H8686378 7581965                      13.1598541   15.62981  18.8%  77.7 5526s
 8686521 7582198   15.51865   52   37   13.15985   15.62981  18.8%  77.7 5531s
 8686861 7583038   15.47230   56   41   13.15985   15.62967  18.8%  77.7 5536s
 8689660 7587730   14.22535   55   35   13.15985   15.62964  18.8%  77.7 5542s
 8693402 7591416   15.36165   51   33   13.15985   15.62963  18.8%  77.7 5545s
 8701045 7597091   14.07776   57   33   13.15985   15.62838  18.8%  77.7 5550s
 8712029 7606208   14.94863   59   32   13.15985   15.62734  18.8%  77.7 5556s
 8719176 7612199   15.60675   50   39   13.15985   15.62669  18.7%  77.7 5561s
 8726665 7618157   13.41279   56   34   13.15985   15.62601  18.7%  77.7 5566s
 8733516 7624102   13.25519   60   28   13.15985   15.62528  18.7%  77.7 5570s
 8740703 7629711   14.14006   55   38   13.15985   15.62473  18.7%  77.7 5575s
 8751574 7638654   13.27835   51   35   13.15985   15.62353  18.7%  77.7 5581s
 8758559 7644539   15.38312   57   34   13.15985   15.62294  18.7%  77.7 5586s
 8765398 7650252   15.59454   48   38   13.15985   15.62223  18.7%  77.7 5590s
 8772588 7656223   14.16307   47   30   13.15985   15.62157  18.7%  77.7 5595s
 8783525 7664865   15.11276   53   38   13.15985   15.62058  18.7%  77.7 5602s
 8790652 7671056   15.24957   50   41   13.15985   15.61993  18.7%  77.7 5606s
 8797649 7676882   15.33966   36   44   13.15985   15.61921  18.7%  77.7 5611s
 8804945 7682802     cutoff   23        13.15985   15.61849  18.7%  77.7 5615s
 8812218 7688772   15.07834   62   32   13.15985   15.61782  18.7%  77.7 5620s
 8822901 7697695   15.35976   52   31   13.15985   15.61696  18.7%  77.7 5626s
 8829651 7703320   15.14698   53   36   13.15985   15.61624  18.7%  77.7 5631s
 8837550 7709808   14.63221   56   30   13.15985   15.61553  18.7%  77.7 5636s
 8844814 7715662   15.09837   53   35   13.15985   15.61495  18.7%  77.7 5640s
 8852165 7721754   15.61426   46   34   13.15985   15.61426  18.7%  77.7 5645s
 8862707 7730235     cutoff   58        13.15985   15.61322  18.6%  77.7 5651s
 8869652 7735865   13.44202   51   42   13.15985   15.61253  18.6%  77.7 5656s
 8876534 7741931   14.94143   52   32   13.15985   15.61197  18.6%  77.7 5660s
 8884056 7747868     cutoff   53        13.15985   15.61115  18.6%  77.7 5665s
 8894590 7756686     cutoff   55        13.15985   15.61023  18.6%  77.7 5671s
 8901573 7762151     cutoff   70        13.15985   15.60953  18.6%  77.7 5676s
 8908580 7767814   14.52824   62   35   13.15985   15.60887  18.6%  77.7 5681s
 8915697 7773997   15.60809   49   21   13.15985   15.60809  18.6%  77.7 5685s
 8926489 7782651   14.74361   50   38   13.15985   15.60718  18.6%  77.7 5692s
 8933466 7788278   15.25276   61   40   13.15985   15.60653  18.6%  77.7 5696s
 8940740 7794191   14.26918   52   38   13.15985   15.60581  18.6%  77.7 5701s
 8948025 7800223   15.58967   50   37   13.15985   15.60524  18.6%  77.7 5705s
 8954900 7806025     cutoff   52        13.15985   15.60464  18.6%  77.7 5710s
 8965640 7814786     cutoff   56        13.15985   15.60359  18.6%  77.7 5716s
 8972958 7820688   14.64064   54   32   13.15985   15.60294  18.6%  77.7 5721s
 8980096 7826748   15.46577   59   30   13.15985   15.60221  18.6%  77.7 5725s
 8987249 7832532   14.37455   51   45   13.15985   15.60158  18.6%  77.7 5730s
 8998048 7841440   13.63310   47   19   13.15985   15.60074  18.5%  77.6 5736s
 9005027 7847157   15.45691   54   47   13.15985   15.60005  18.5%  77.6 5741s
 9012199 7853091   15.03104   60   28   13.15985   15.59935  18.5%  77.6 5745s
 9019148 7858806   15.20443   53   39   13.15985   15.59871  18.5%  77.6 5750s
 9029989 7867628   15.58497   45   46   13.15985   15.59781  18.5%  77.6 5756s
 9037066 7873617   15.59272   48   45   13.15985   15.59722  18.5%  77.6 5761s
 9044680 7879744   14.60533   64   31   13.15985   15.59675  18.5%  77.6 5765s
 9051660 7885621   13.71442   63   32   13.15985   15.59590  18.5%  77.6 5770s
 9062697 7894694   15.03113   50   36   13.15985   15.59501  18.5%  77.6 5777s
 9069716 7900729   15.44292   54   29   13.15985   15.59437  18.5%  77.6 5781s
 9077206 7906439   13.45257   64   29   13.15985   15.59372  18.5%  77.6 5785s
 9084293 7912807   15.59250   46   41   13.15985   15.59311  18.5%  77.6 5790s
 9091593 7918467   15.33323   62   32   13.15985   15.59240  18.5%  77.6 5795s
 9102486 7927506   15.45961   63   26   13.15985   15.59150  18.5%  77.6 5801s
 9109461 7933383   15.30981   58   30   13.15985   15.59090  18.5%  77.6 5806s
 9116297 7938865   14.90475   55   42   13.15985   15.59022  18.5%  77.6 5810s
 9123163 7944888   15.08080   56   36   13.15985   15.58954  18.5%  77.6 5815s
 9134014 7953743   15.32302   55   37   13.15985   15.58862  18.5%  77.6 5822s
 9141480 7959669   15.05137   52   35   13.15985   15.58808  18.5%  77.6 5826s
 9148547 7965437   13.77717   54   34   13.15985   15.58741  18.4%  77.6 5830s
 9155760 7971702   13.89992   53   36   13.15985   15.58679  18.4%  77.6 5835s
 9166568 7980475   13.96154   53   28   13.15985   15.58594  18.4%  77.6 5841s
 9173430 7986086   15.50854   63   25   13.15985   15.58514  18.4%  77.6 5846s
 9180344 7991901   15.46883   51   33   13.15985   15.58466  18.4%  77.6 5850s
 9187634 7997593   15.03571   54   43   13.15985   15.58398  18.4%  77.6 5855s
 9198333 8006437   15.58304   45   27   13.15985   15.58304  18.4%  77.6 5861s
 9205397 8012065   13.63036   50   32   13.15985   15.58228  18.4%  77.6 5866s
 9212394 8018133   14.09418   55   38   13.15985   15.58173  18.4%  77.6 5870s
 9219730 8023961   14.98860   56   32   13.15985   15.58111  18.4%  77.6 5875s
 9230340 8032362   15.44497   60   25   13.15985   15.58017  18.4%  77.6 5882s
 9237373 8038361   14.03071   54   31   13.15985   15.57953  18.4%  77.6 5886s
 9244557 8044209   15.17500   59   29   13.15985   15.57885  18.4%  77.6 5890s
 9251452 8049634   15.34860   46   39   13.15985   15.57822  18.4%  77.6 5895s
 9262028 8058531   15.43657   54   39   13.15985   15.57724  18.4%  77.6 5902s
 9269193 8064005   14.77674   65   27   13.15985   15.57657  18.4%  77.6 5906s
 9275944 8069949   15.56578   53   28   13.15985   15.57613  18.4%  77.6 5911s
 9283583 8075992   13.78954   51   37   13.15985   15.57532  18.4%  77.6 5915s
 9290803 8081879   15.56836   44   37   13.15985   15.57474  18.4%  77.6 5920s
 9301633 8090705   15.57366   54   24   13.15985   15.57385  18.3%  77.6 5926s
 9308700 8096264   14.12016   60   31   13.15985   15.57313  18.3%  77.6 5931s
 9315739 8102574   15.57267   44   39   13.15985   15.57267  18.3%  77.6 5935s
 9322743 8108114   15.40762   62   30   13.15985   15.57197  18.3%  77.6 5940s
 9330096 8114067   15.57134   48   41   13.15985   15.57134  18.3%  77.6 5945s
 9340582 8122558     cutoff   55        13.15985   15.57043  18.3%  77.6 5952s
 9347642 8128676     cutoff   58        13.15985   15.56969  18.3%  77.6 5957s
 9355080 8134680   13.63934   52   39   13.15985   15.56902  18.3%  77.6 5961s
 9362216 8137522   13.43526   59   25   13.15985   15.56855  18.3%  77.6 5966s
H9362269 8137548                      13.1598541   15.56836  18.3%  77.6 5971s
 9362541 8137936   15.54975   59   36   13.15985   15.56833  18.3%  77.6 5977s
 9362791 8143482   15.50225   54   24   13.15985   15.56831  18.3%  77.6 5993s
 9369926 8149406   15.38346   55   32   13.15985   15.56784  18.3%  77.5 5999s
 9377185 8154608   14.20218   52   38   13.15985   15.56738  18.3%  77.5 6003s
 9383510 8158638   15.24136   59   29   13.15985   15.56707  18.3%  77.5 6006s
 9392999 8164943   13.37426   54   40   13.15985   15.56608  18.3%  77.5 6011s
 9399984 8171002     cutoff   51        13.15985   15.56549  18.3%  77.5 6016s
 9407108 8176875   14.94752   45   43   13.15985   15.56483  18.3%  77.5 6021s
 9414419 8182614   15.42785   49   39   13.15985   15.56417  18.3%  77.5 6025s
 9421634 8188515   15.43484   55   37   13.15985   15.56359  18.3%  77.5 6030s
 9432283 8197241   14.24770   65   37   13.15985   15.56267  18.3%  77.5 6036s
 9439424 8203341   15.46716   64   24   13.15985   15.56213  18.3%  77.5 6041s
 9446605 8209128   15.50532   62   24   13.15985   15.56149  18.2%  77.5 6045s
 9453864 8214817   14.51567   61   31   13.15985   15.56103  18.2%  77.5 6050s
 9464307 8223652     cutoff   63        13.15985   15.56002  18.2%  77.5 6056s
 9471273 8229284   14.94086   53   42   13.15985   15.55949  18.2%  77.5 6061s
 9478495 8234938   13.93940   57   37   13.15985   15.55885  18.2%  77.5 6065s
 9485476 8240911   15.55818   50   28   13.15985   15.55818  18.2%  77.5 6070s
 9496055 8249536   15.55730   48   29   13.15985   15.55730  18.2%  77.5 6076s
 9503350 8255254     cutoff   60        13.15985   15.55661  18.2%  77.5 6081s
 9510418 8261551   15.28111   60   34   13.15985   15.55599  18.2%  77.5 6085s
 9517860 8267349   13.79234   52   41   13.15985   15.55546  18.2%  77.5 6090s
 9528499 8276175   13.51166   52   33   13.15985   15.55446  18.2%  77.5 6096s
 9535597 8281904   15.54546   59   31   13.15985   15.55384  18.2%  77.5 6101s
 9542783 8287824   14.28772   52   35   13.15985   15.55325  18.2%  77.5 6105s
 9550188 8293831     cutoff   47        13.15985   15.55265  18.2%  77.5 6110s
 9560490 8302571   15.16667   58   35   13.15985   15.55174  18.2%  77.5 6117s
 9568210 8308537     cutoff   60        13.15985   15.55101  18.2%  77.5 6121s
 9575697 8314741   15.36718   48   39   13.15985   15.55042  18.2%  77.5 6126s
 9582806 8320216   15.45430   59   28   13.15985   15.54993  18.2%  77.5 6130s
 9590039 8325947   15.06829   45   44   13.15985   15.54933  18.2%  77.5 6135s
 9600493 8335029   15.54836   47   41   13.15985   15.54836  18.1%  77.5 6142s
 9607796 8340933     cutoff   49        13.15985   15.54770  18.1%  77.5 6146s
 9614917 8346349   14.36493   60   28   13.15985   15.54702  18.1%  77.5 6150s
 9621590 8352203   14.81436   57   34   13.15985   15.54641  18.1%  77.5 6155s
 9629133 8358014     cutoff   52        13.15985   15.54585  18.1%  77.5 6160s
 9639970 8366930   15.42376   55   29   13.15985   15.54479  18.1%  77.5 6166s
 9647044 8372497   14.31535   59   33   13.15985   15.54424  18.1%  77.5 6171s
 9654136 8378286   15.33102   60   29   13.15985   15.54351  18.1%  77.5 6175s
 9661124 8384090   14.65824   53   38   13.15985   15.54294  18.1%  77.5 6180s
 9668282 8389709   13.39942   51   30   13.15985   15.54237  18.1%  77.5 6185s
 9679304 8398639   14.02014   60   35   13.15985   15.54150  18.1%  77.5 6191s
 9686336 8404572   14.44039   62   29   13.15985   15.54083  18.1%  77.5 6196s
 9693401 8410323   15.51788   51   34   13.15985   15.54016  18.1%  77.5 6200s
 9700749 8416268   13.63565   46   39   13.15985   15.53967  18.1%  77.5 6205s
 9711174 8424710   15.23791   53   43   13.15985   15.53865  18.1%  77.5 6211s
 9718329 8430193     cutoff   44        13.15985   15.53813  18.1%  77.5 6216s
 9725261 8436359   13.24944   55   39   13.15985   15.53759  18.1%  77.5 6220s
 9732327 8441812     cutoff   53        13.15985   15.53675  18.1%  77.5 6225s
 9743194 8450534   15.40634   53   31   13.15985   15.53585  18.1%  77.5 6231s
 9750137 8456370   13.47819   65   31   13.15985   15.53532  18.1%  77.5 6236s
 9757379 8462374   14.93000   68   25   13.15985   15.53471  18.0%  77.5 6240s
 9764578 8468387   14.84417   51   19   13.15985   15.53409  18.0%  77.5 6245s
 9775269 8476665   13.93313   53   36   13.15985   15.53315  18.0%  77.5 6251s
 9782105 8482921   14.49062   65   31   13.15985   15.53249  18.0%  77.5 6256s
 9789737 8488915   14.16291   54   39   13.15985   15.53187  18.0%  77.5 6260s
 9796888 8494828   13.59787   56   31   13.15985   15.53124  18.0%  77.5 6265s
 9807592 8503529   13.31081   55   25   13.15985   15.53049  18.0%  77.5 6271s
 9814862 8509406   13.88030   60   33   13.15985   15.52971  18.0%  77.4 6276s
 9821757 8515169   14.02171   54   25   13.15985   15.52907  18.0%  77.4 6280s
 9829421 8521191   14.95679   51   37   13.15985   15.52847  18.0%  77.4 6285s
 9839640 8529970   15.04516   62   30   13.15985   15.52763  18.0%  77.4 6291s
 9847370 8535890   13.85631   53   30   13.15985   15.52691  18.0%  77.4 6296s
 9854694 8541779   14.53189   49   28   13.15985   15.52632  18.0%  77.4 6300s
 9861837 8547624   14.89527   64   31   13.15985   15.52566  18.0%  77.4 6305s
 9872295 8556288     cutoff   56        13.15985   15.52479  18.0%  77.4 6312s
 9879803 8562090   15.52340   53   36   13.15985   15.52409  18.0%  77.4 6316s
 9886900 8567909     cutoff   47        13.15985   15.52356  18.0%  77.4 6321s
 9894247 8574057   14.96187   54   42   13.15985   15.52284  18.0%  77.4 6325s
 9901166 8579623     cutoff   58        13.15985   15.52225  18.0%  77.4 6330s
 9912417 8588632   15.45686   69   24   13.15985   15.52140  17.9%  77.4 6337s
 9919412 8594523   15.51864   46   40   13.15985   15.52074  17.9%  77.4 6341s
 9926482 8600363   14.48396   62   29   13.15985   15.52018  17.9%  77.4 6346s
 9933678 8606019   15.34053   48   32   13.15985   15.51966  17.9%  77.4 6350s
 9944069 8614583   14.51341   58   29   13.15985   15.51878  17.9%  77.4 6357s
 9951193 8620346   15.49407   64   26   13.15985   15.51819  17.9%  77.4 6361s
 9958416 8626331     cutoff   46        13.15985   15.51770  17.9%  77.4 6366s
 9965482 8631991   14.73170   57   31   13.15985   15.51703  17.9%  77.4 6370s
 9972753 8637638     cutoff   56        13.15985   15.51641  17.9%  77.4 6375s
 9983407 8646439   14.76993   64   25   13.15985   15.51552  17.9%  77.4 6381s
 9990485 8651916   15.33743   51   43   13.15985   15.51490  17.9%  77.4 6386s
 9997422 8657448   15.51426   49   33   13.15985   15.51426  17.9%  77.4 6390s
 10004255 8663516   13.94034   69   30   13.15985   15.51376  17.9%  77.4 6395s
 10015202 8672180   15.08425   47   41   13.15985   15.51287  17.9%  77.4 6401s
 10022209 8677927   13.31198   56   33   13.15985   15.51237  17.9%  77.4 6406s
 10032923 8686541   14.40430   62   31   13.15985   15.51142  17.9%  77.4 6411s
 10040062 8692425   15.20741   53   35   13.15985   15.51081  17.9%  77.4 6415s
 10050805 8701098   15.50530   59   25   13.15985   15.51000  17.9%  77.4 6421s
 10057997 8706886   15.21348   58   33   13.15985   15.50939  17.9%  77.4 6426s
 10064957 8712488   13.54093   57   35   13.15985   15.50884  17.8%  77.4 6430s
 10075815 8721289   14.52695   62   31   13.15985   15.50794  17.8%  77.4 6436s
 10082728 8727069     cutoff   43        13.15985   15.50734  17.8%  77.4 6441s
 10089987 8732633   15.46249   60   32   13.15985   15.50679  17.8%  77.4 6445s
 10100544 8741402   15.43896   48   37   13.15985   15.50588  17.8%  77.4 6452s
 10107674 8747163   15.50541   49   23   13.15985   15.50541  17.8%  77.4 6456s
 10114978 8753040   15.04861   64   29   13.15985   15.50466  17.8%  77.4 6460s
 10121969 8758613   15.47213   58   39   13.15985   15.50411  17.8%  77.4 6465s
 10132557 8767455   15.25737   51   35   13.15985   15.50316  17.8%  77.4 6472s
 10139537 8773074     cutoff   53        13.15985   15.50261  17.8%  77.4 6476s
 10146873 8779187   14.85633   54   38   13.15985   15.50199  17.8%  77.4 6481s
 10154272 8785088   15.16846   54   33   13.15985   15.50135  17.8%  77.4 6485s
 10161261 8791118   14.79962   57   33   13.15985   15.50093  17.8%  77.4 6490s
 10171827 8799657   15.18964   47   49   13.15985   15.50000  17.8%  77.4 6496s
 10179372 8805402   15.41950   57   28   13.15985   15.49938  17.8%  77.4 6501s
 10186345 8811001   15.32527   57   32   13.15985   15.49880  17.8%  77.4 6505s
 10193218 8816761   14.76789   53   35   13.15985   15.49835  17.8%  77.4 6510s
 10204411 8825945   13.91473   57   33   13.15985   15.49748  17.8%  77.4 6517s
 10211713 8831755   15.22248   49   41   13.15985   15.49689  17.8%  77.4 6521s
 10218525 8837415   15.03546   56   32   13.15985   15.49629  17.8%  77.4 6525s
 10225721 8843349   15.46252   49   28   13.15985   15.49577  17.8%  77.4 6530s
 10236419 8851718   15.02362   55   31   13.15985   15.49478  17.7%  77.4 6537s
 10243546 8857606     cutoff   48        13.15985   15.49420  17.7%  77.4 6541s
 10250552 8863430   15.21782   51   33   13.15985   15.49376  17.7%  77.4 6546s
 10257689 8869101   14.49601   60   31   13.15985   15.49312  17.7%  77.3 6550s
 10264824 8874900   15.35931   60   37   13.15985   15.49243  17.7%  77.3 6555s
 10275386 8883497     cutoff   56        13.15985   15.49156  17.7%  77.3 6562s
 10282341 8889180   14.97139   57   33   13.15985   15.49104  17.7%  77.3 6566s
 10289619 8894952   14.52428   52   30   13.15985   15.49050  17.7%  77.3 6570s
 10296700 8900655   13.75838   56   35   13.15985   15.48988  17.7%  77.3 6575s
 10307527 8909458     cutoff   59        13.15985   15.48906  17.7%  77.3 6582s
 10314290 8915151   15.36424   55   34   13.15985   15.48849  17.7%  77.3 6586s
 10321626 8921018   14.40946   61   29   13.15985   15.48783  17.7%  77.3 6591s
 10329104 8926844   15.48732   45   29   13.15985   15.48732  17.7%  77.3 6595s
 10335881 8932673   13.31932   54   33   13.15985   15.48689  17.7%  77.3 6600s
 10346810 8941282     cutoff   56        13.15985   15.48596  17.7%  77.3 6606s
 10354006 8947065   15.48543   49   41   13.15985   15.48543  17.7%  77.3 6611s
 10361017 8952832   15.27673   60   32   13.15985   15.48484  17.7%  77.3 6615s
 10368052 8958475   15.23925   58   31   13.15985   15.48427  17.7%  77.3 6620s
 10378599 8966954   15.36489   45   43   13.15985   15.48338  17.7%  77.3 6626s
 10385531 8972633   15.17105   57   31   13.15985   15.48277  17.7%  77.3 6631s
 10392745 8978367   15.39838   68   25   13.15985   15.48229  17.6%  77.3 6636s
 10399897 8984309   15.41917   52   30   13.15985   15.48171  17.6%  77.3 6640s
 10407199 8990059   15.16862   51   34   13.15985   15.48124  17.6%  77.3 6645s
 10417702 8998412   15.14403   42   27   13.15985   15.48031  17.6%  77.3 6651s
 10424779 9004440     cutoff   55        13.15985   15.47973  17.6%  77.3 6656s
 10432005 9010297   14.43065   48   41   13.15985   15.47910  17.6%  77.3 6660s
 10442931 9019010   14.83007   57   34   13.15985   15.47840  17.6%  77.3 6666s
 10450009 9024840   15.47778   51   34   13.15985   15.47778  17.6%  77.3 6670s
 10460834 9033154   15.10202   58   35   13.15985   15.47691  17.6%  77.3 6676s
 10467867 9039045   13.97410   67   22   13.15985   15.47631  17.6%  77.3 6681s
 10474560 9044872   13.59541   55   37   13.15985   15.47566  17.6%  77.3 6685s
 10485607 9053558   15.14954   50   38   13.15985   15.47487  17.6%  77.3 6692s
 10492787 9059334     cutoff   56        13.15985   15.47430  17.6%  77.3 6696s
 10500023 9065307   14.93066   66   29   13.15985   15.47369  17.6%  77.3 6700s
 10506841 9070738   15.38420   56   23   13.15985   15.47310  17.6%  77.3 6705s
 10517954 9079569   13.70093   51   41   13.15985   15.47234  17.6%  77.3 6712s
 10524840 9085575   13.43178   66   25   13.15985   15.47172  17.6%  77.3 6716s
 10532165 9091493   15.06687   51   42   13.15985   15.47113  17.6%  77.3 6721s
 10539251 9097107   14.19016   58   41   13.15985   15.47059  17.6%  77.3 6725s
 10546229 9102881   15.09723   55   34   13.15985   15.47006  17.6%  77.3 6730s
 10557269 9111886   14.81838   54   33   13.15985   15.46918  17.5%  77.3 6736s
 10564447 9117844   15.46306   42   44   13.15985   15.46865  17.5%  77.3 6741s
 10571060 9123378   14.00741   55   37   13.15985   15.46812  17.5%  77.3 6746s
 10578749 9129326   13.84414   51   29   13.15985   15.46752  17.5%  77.3 6750s
 10585905 9135299   15.34764   61   28   13.15985   15.46686  17.5%  77.3 6755s
 10596780 9144032   14.53386   49   30   13.15985   15.46602  17.5%  77.3 6762s
 10603750 9149493     cutoff   57        13.15985   15.46552  17.5%  77.3 6766s
 10610859 9155269     cutoff   58        13.15985   15.46488  17.5%  77.3 6771s
 10618157 9160976   14.14788   50   39   13.15985   15.46428  17.5%  77.3 6775s
 10625314 9167134   14.41771   50   27   13.15985   15.46373  17.5%  77.3 6780s
 10635885 9175722   13.87614   53   37   13.15985   15.46296  17.5%  77.3 6787s
 10643141 9181281   15.07874   58   37   13.15985   15.46235  17.5%  77.3 6791s
 10650225 9187063     cutoff   44        13.15985   15.46181  17.5%  77.3 6796s
 10657244 9193141   14.92165   57   32   13.15985   15.46125  17.5%  77.3 6801s
 10664954 9198485   15.39379   48   41   13.15985   15.46076  17.5%  77.3 6805s
 10672002 9204684   14.45118   57   37   13.15985   15.46016  17.5%  77.3 6810s
 10679267 9210535   13.91897   49   33   13.15985   15.45960  17.5%  77.3 6815s
 10690176 9219256   15.42792   55   31   13.15985   15.45864  17.5%  77.3 6821s
 10697365 9224859     cutoff   60        13.15985   15.45802  17.5%  77.3 6826s
 10704066 9230634   14.49637   57   40   13.15985   15.45747  17.5%  77.3 6831s
 10711389 9236562   14.11915   55   26   13.15985   15.45689  17.5%  77.3 6835s
 10718496 9242552   14.69865   59   31   13.15985   15.45631  17.5%  77.3 6840s
 10729485 9251057   15.41731   47   37   13.15985   15.45557  17.4%  77.3 6846s
 10736550 9256738   15.24121   61   36   13.15985   15.45495  17.4%  77.3 6851s
 10743188 9262479   14.13032   60   33   13.15985   15.45443  17.4%  77.3 6856s
 10750358 9267934   14.96444   61   30   13.15985   15.45381  17.4%  77.3 6860s
 10757452 9273966   15.45317   57   28   13.15985   15.45324  17.4%  77.3 6865s
 10768013 9282490     cutoff   50        13.15985   15.45233  17.4%  77.3 6872s
 10775635 9288591   14.63075   50   41   13.15985   15.45178  17.4%  77.3 6876s
 10783231 9294416   15.45123   45   22   13.15985   15.45123  17.4%  77.3 6881s
 10790224 9299763   14.53978   57   34   13.15985   15.45069  17.4%  77.3 6885s
 10797265 9305837   13.65425   58   29   13.15985   15.45004  17.4%  77.3 6890s
 10808053 9314682   13.78002   61   31   13.15985   15.44926  17.4%  77.3 6897s
 10815222 9320552   14.56556   51   48   13.15985   15.44869  17.4%  77.3 6901s
 10822464 9326208   15.43764   54   29   13.15985   15.44821  17.4%  77.2 6906s
 10829659 9331854   14.38677   54   40   13.15985   15.44770  17.4%  77.2 6910s
 10836691 9337484   13.95750   68   29   13.15985   15.44711  17.4%  77.2 6915s
 10847546 9346111     cutoff   58        13.15985   15.44631  17.4%  77.2 6922s
 10854270 9352091   14.59448   57   33   13.15985   15.44574  17.4%  77.2 6926s
 10861771 9357458   14.88376   57   37   13.15985   15.44522  17.4%  77.2 6931s
 10868579 9363259   15.15904   63   30   13.15985   15.44467  17.4%  77.2 6935s
 10875739 9368975   15.19222   49   37   13.15985   15.44413  17.4%  77.2 6940s
 10886146 9377472     cutoff   56        13.15985   15.44328  17.4%  77.2 6947s
 10893508 9383549   14.65644   68   26   13.15985   15.44279  17.3%  77.2 6951s
 10900754 9389128   14.06366   57   34   13.15985   15.44229  17.3%  77.2 6956s
 10907836 9395116   14.61508   70   25   13.15985   15.44172  17.3%  77.2 6961s
 10915166 9400709   15.39070   56   38   13.15985   15.44123  17.3%  77.2 6965s
 10922066 9406480   15.44058   50   25   13.15985   15.44058  17.3%  77.2 6970s
 10929555 9412777   15.42604   47   39   13.15985   15.44018  17.3%  77.2 6975s
 10940412 9421277   14.86813   64   29   13.15985   15.43929  17.3%  77.2 6982s
 10944018 9421321   15.15006   62   25   13.15985   15.43900  17.3%  77.2 6986s
 10944058 9426246   15.43890   54   46   13.15985   15.43900  17.3%  77.2 7047s
H10945172 9426246                      13.1598541   15.43897  17.3%  77.2 7052s
H10948362 9426246                      13.1598541   15.43897  17.3%  77.2 7052s
 10950179 9431369   13.73383   59   34   13.15985   15.43858  17.3%  77.2 7061s
 10956564 9438261   13.65652   60   25   13.15985   15.43816  17.3%  77.2 7068s
 10965169 9443998   15.43510   49   34   13.15985   15.43772  17.3%  77.2 7073s
 10972240 9448360   14.57955   58   30   13.15985   15.43735  17.3%  77.2 7076s
 10980783 9453897   13.86051   62   25   13.15985   15.43663  17.3%  77.2 7080s
 10988023 9459812   15.18085   61   31   13.15985   15.43608  17.3%  77.2 7085s
 10999006 9468356   14.76655   67   31   13.15985   15.43528  17.3%  77.2 7091s
 11005968 9473974   14.62398   56   36   13.15985   15.43475  17.3%  77.2 7096s
 11012747 9479529     cutoff   52        13.15985   15.43421  17.3%  77.2 7100s
 11019971 9485020   14.31989   61   34   13.15985   15.43373  17.3%  77.2 7105s
 11026874 9490874     cutoff   52        13.15985   15.43310  17.3%  77.2 7110s
 11038073 9499595   14.82146   60   35   13.15985   15.43233  17.3%  77.2 7116s
 11045110 9505069   15.26141   59   38   13.15985   15.43192  17.3%  77.2 7121s
 11052037 9510463   15.29352   54   36   13.15985   15.43143  17.3%  77.2 7125s
 11058903 9516551   15.37074   58   30   13.15985   15.43082  17.3%  77.2 7130s
 11069890 9525211   15.38250   52   39   13.15985   15.43003  17.3%  77.2 7136s
 11076543 9530904   14.90075   69   29   13.15985   15.42949  17.2%  77.2 7141s
 11084170 9536710   15.18869   73   22   13.15985   15.42904  17.2%  77.2 7146s
 11091458 9542507   15.41333   53   44   13.15985   15.42858  17.2%  77.2 7150s
 11098562 9548075   15.16485   46   41   13.15985   15.42790  17.2%  77.2 7155s
 11109000 9556607   14.31146   61   35   13.15985   15.42702  17.2%  77.2 7162s
 11116334 9562704   14.91473   54   39   13.15985   15.42658  17.2%  77.2 7166s
 11123645 9568252   14.78434   53   40   13.15985   15.42602  17.2%  77.2 7171s
 11130586 9574196   13.35740   51   35   13.15985   15.42551  17.2%  77.2 7175s
 11137893 9579773     cutoff   47        13.15985   15.42501  17.2%  77.2 7180s
 11148427 9587889   15.04686   57   28   13.15985   15.42423  17.2%  77.2 7186s
 11155349 9593943   15.32374   50   33   13.15985   15.42364  17.2%  77.2 7191s
 11162568 9599704   15.41404   49   42   13.15985   15.42324  17.2%  77.2 7195s
 11169946 9605295   15.42270   53   28   13.15985   15.42270  17.2%  77.2 7200s
 11180509 9614218   15.24585   54   40   13.15985   15.42194  17.2%  77.2 7207s
 11187442 9619811   14.50278   64   27   13.15985   15.42128  17.2%  77.2 7211s
 11195101 9625744   14.92930   60   32   13.15985   15.42074  17.2%  77.2 7216s
 11202339 9631241   14.03372   58   34   13.15985   15.42017  17.2%  77.2 7220s
 11209216 9637095   13.72704   62   29   13.15985   15.41967  17.2%  77.2 7225s
 11216518 9643007   14.55393   61   35   13.15985   15.41911  17.2%  77.2 7230s
 11227404 9651805   15.38600   50   43   13.15985   15.41838  17.2%  77.2 7237s
 11234626 9657267   13.93430   55   31   13.15985   15.41782  17.2%  77.2 7241s
 11241564 9663313   15.40623   49   31   13.15985   15.41729  17.2%  77.2 7246s
 11248787 9668891   15.07056   54   43   13.15985   15.41678  17.2%  77.2 7250s
 11256053 9674650     cutoff   50        13.15985   15.41622  17.1%  77.2 7255s
 11266838 9683124   15.41488   47   29   13.15985   15.41540  17.1%  77.2 7261s
 11273713 9688832   15.29714   50   42   13.15985   15.41497  17.1%  77.2 7266s
 11280933 9694630   14.48241   59   29   13.15985   15.41433  17.1%  77.2 7271s
 11288112 9700406   15.14442   68   30   13.15985   15.41380  17.1%  77.2 7275s
 11295477 9706147   15.41327   46   42   13.15985   15.41327  17.1%  77.2 7280s
 11305962 9714519   14.63928   66   30   13.15985   15.41256  17.1%  77.2 7286s
 11312987 9720478   15.29498   56   30   13.15985   15.41193  17.1%  77.2 7291s
 11320491 9726221   14.46164   54   34   13.15985   15.41138  17.1%  77.2 7296s
 11327554 9731880   14.20803   56   37   13.15985   15.41088  17.1%  77.2 7300s
 11337737 9740436   14.34628   69   25   13.15985   15.41010  17.1%  77.2 7307s
 11345020 9746098     cutoff   43        13.15985   15.40952  17.1%  77.2 7311s
 11352180 9751978   13.71315   51   24   13.15985   15.40901  17.1%  77.2 7316s
 11359469 9757813     cutoff   62        13.15985   15.40849  17.1%  77.1 7320s
 11366509 9763394     cutoff   48        13.15985   15.40796  17.1%  77.1 7325s
 11377018 9771893   14.38357   52   29   13.15985   15.40715  17.1%  77.1 7332s
 11384061 9777607   15.05087   53   44   13.15985   15.40667  17.1%  77.1 7336s
 11391052 9783446     cutoff   47        13.15985   15.40628  17.1%  77.1 7341s
 11398344 9789253     cutoff   62        13.15985   15.40572  17.1%  77.1 7345s
 11405554 9794750   14.29047   55   43   13.15985   15.40520  17.1%  77.1 7350s
 11416156 9803243   14.90696   58   40   13.15985   15.40449  17.1%  77.1 7356s
 11423021 9808933   15.38707   51   44   13.15985   15.40386  17.1%  77.1 7361s
 11429895 9814460   15.11305   53   35   13.15985   15.40348  17.0%  77.1 7366s
 11437465 9820315   15.37516   58   30   13.15985   15.40285  17.0%  77.1 7370s
 11444734 9826153   13.39853   66   29   13.15985   15.40228  17.0%  77.1 7375s
 11455396 9834748   15.02051   55   36   13.15985   15.40152  17.0%  77.1 7381s
 11462416 9840194   15.26300   56   37   13.15985   15.40101  17.0%  77.1 7386s
 11469545 9845929   14.97918   53   40   13.15985   15.40047  17.0%  77.1 7390s
 11480298 9854863   15.34401   58   33   13.15985   15.39970  17.0%  77.1 7396s
 11490468 9860710     cutoff   48        13.15985   15.39921  17.0%  77.1 7400s
 11498205 9869341   14.36350   61   30   13.15985   15.39858  17.0%  77.1 7406s
 11505579 9874925   15.39533   55   31   13.15985   15.39800  17.0%  77.1 7410s
 11516254 9883625   14.20545   62   38   13.15985   15.39724  17.0%  77.1 7416s
 11523292 9889073   14.83026   53   42   13.15985   15.39673  17.0%  77.1 7421s
 11530245 9894962     cutoff   49        13.15985   15.39619  17.0%  77.1 7426s
 11537540 9900992   15.39187   53   27   13.15985   15.39583  17.0%  77.1 7430s
 11544793 9906578   13.61584   57   32   13.15985   15.39517  17.0%  77.1 7435s
 11555499 9915018   15.14075   64   28   13.15985   15.39440  17.0%  77.1 7442s
 11562308 9920996     cutoff   57        13.15985   15.39390  17.0%  77.1 7446s
 11569726 9926627     cutoff   53        13.15985   15.39342  17.0%  77.1 7451s
 11576822 9932305   15.28956   57   21   13.15985   15.39289  17.0%  77.1 7455s
 11584167 9937953   14.97247   47   33   13.15985   15.39239  17.0%  77.1 7460s
 11590898 9943416   15.29880   49   42   13.15985   15.39192  17.0%  77.1 7465s
 11601552 9952291   14.97064   54   38   13.15985   15.39124  17.0%  77.1 7472s
 11609154 9958119   14.08656   52   38   13.15985   15.39063  17.0%  77.1 7476s
 11616272 9963997   15.17825   53   43   13.15985   15.39021  16.9%  77.1 7481s
 11623405 9969604   15.09029   52   41   13.15985   15.38968  16.9%  77.1 7485s
 11630867 9975533     cutoff   61        13.15985   15.38915  16.9%  77.1 7490s
 11641349 9983945   15.01171   56   33   13.15985   15.38842  16.9%  77.1 7497s
 11648734 9989799   15.11078   51   27   13.15985   15.38782  16.9%  77.1 7501s
 11655626 9995287   15.38730   53   30   13.15985   15.38730  16.9%  77.1 7506s
 11662521 10000718   14.88488   57   34   13.15985   15.38677  16.9%  77.1 7511s
 11669771 10006433   14.15644   55   35   13.15985   15.38626  16.9%  77.1 7515s
 11677096 10012372   14.35459   61   30   13.15985   15.38570  16.9%  77.1 7520s
 11684402 10017920     cutoff   63        13.15985   15.38524  16.9%  77.1 7525s
 11695063 10026529   15.37539   48   40   13.15985   15.38460  16.9%  77.1 7532s
 11702052 10032130     cutoff   53        13.15985   15.38400  16.9%  77.1 7536s
 11709174 10037910   14.17170   58   34   13.15985   15.38348  16.9%  77.1 7541s
 11716459 10043380   13.18484   50   39   13.15985   15.38294  16.9%  77.1 7545s
 11723115 10049312   15.25270   58   33   13.15985   15.38249  16.9%  77.1 7550s
 11730713 10055233   14.98164   57   36   13.15985   15.38192  16.9%  77.1 7555s
 11739134 10061188   14.93912   61   31   13.15985   15.38151  16.9%  77.1 7560s
H11745607 10068975                      13.1598541   15.38098  16.9%  77.1 7603s
 11751632 10074720     cutoff   57        13.15985   15.38050  16.9%  77.1 7613s
 11758863 10080496   14.72096   57   33   13.15985   15.38011  16.9%  77.1 7619s
 11766422 10085180   15.37970   49   32   13.15985   15.37970  16.9%  77.1 7623s
 11772345 10089280   14.93798   54   33   13.15985   15.37930  16.9%  77.1 7627s
 11780738 10094638   14.51070   50   39   13.15985   15.37872  16.9%  77.1 7632s
 11788068 10100601   14.71629   55   35   13.15985   15.37818  16.9%  77.1 7636s
 11795298 10106317     cutoff   62        13.15985   15.37768  16.9%  77.1 7641s
 11802477 10111820   15.30386   51   37   13.15985   15.37709  16.8%  77.1 7646s
 11809761 10117539     cutoff   55        13.15985   15.37662  16.8%  77.1 7651s
 11816775 10123419   15.26778   50   45   13.15985   15.37626  16.8%  77.1 7655s
 11824004 10129015   14.77805   61   35   13.15985   15.37562  16.8%  77.1 7660s
 11831115 10134858   15.34596   55   35   13.15985   15.37513  16.8%  77.1 7665s
 11841687 10143048   15.16869   56   27   13.15985   15.37440  16.8%  77.1 7671s
 11848522 10148727   15.35745   59   38   13.15985   15.37390  16.8%  77.1 7676s
 11855660 10154247   15.17573   44   31   13.15985   15.37342  16.8%  77.1 7681s
 11862609 10160018   15.34557   62   28   13.15985   15.37297  16.8%  77.1 7685s
 11869846 10165700   14.41587   66   27   13.15985   15.37247  16.8%  77.1 7690s
 11880206 10173928   14.15601   58   34   13.15985   15.37164  16.8%  77.1 7697s
 11887539 10179709   14.52123   51   42   13.15985   15.37109  16.8%  77.1 7702s
 11894978 10185376   14.78637   59   31   13.15985   15.37055  16.8%  77.1 7706s
 11902187 10191134   13.71015   57   32   13.15985   15.37025  16.8%  77.1 7711s
 11908933 10196704     cutoff   51        13.15985   15.36965  16.8%  77.1 7716s
 11916321 10202666   14.21006   56   35   13.15985   15.36926  16.8%  77.1 7720s
 11923571 10208465   14.00904   62   31   13.15985   15.36868  16.8%  77.1 7725s
 11934620 10216825     cutoff   54        13.15985   15.36798  16.8%  77.0 7732s
 11941488 10222493   14.03258   56   30   13.15985   15.36742  16.8%  77.0 7736s
 11948449 10227991   15.09845   53   21   13.15985   15.36692  16.8%  77.0 7741s
 11955705 10233907   14.80975   47   38   13.15985   15.36643  16.8%  77.0 7745s
 11963258 10239658     cutoff   49        13.15985   15.36590  16.8%  77.0 7750s
 11970161 10245185     cutoff   56        13.15985   15.36542  16.8%  77.0 7755s
 11980630 10253664   15.10885   58   39   13.15985   15.36471  16.8%  77.0 7761s
 11987873 10258999   14.54814   59   30   13.15985   15.36416  16.8%  77.0 7766s
 11995089 10264905   13.89429   57   35   13.15985   15.36359  16.7%  77.0 7771s
 12001941 10270322   14.87185   55   33   13.15985   15.36310  16.7%  77.0 7775s
 12009369 10276116   15.18208   53   41   13.15985   15.36272  16.7%  77.0 7780s
 12019931 10284770   14.85997   68   28   13.15985   15.36188  16.7%  77.0 7786s
 12027098 10290248   15.30054   56   30   13.15985   15.36142  16.7%  77.0 7791s
 12034042 10295748   15.36095   49   29   13.15985   15.36095  16.7%  77.0 7795s
 12041131 10301479   15.33158   58   30   13.15985   15.36049  16.7%  77.0 7800s
 12051874 10309908   14.91577   63   29   13.15985   15.35967  16.7%  77.0 7807s
 12059073 10315395   15.23150   61   31   13.15985   15.35919  16.7%  77.0 7811s
 12065768 10321096     cutoff   51        13.15985   15.35869  16.7%  77.0 7816s
 12073160 10326846   13.21000   63   33   13.15985   15.35824  16.7%  77.0 7821s
 12080387 10332552   14.92115   58   39   13.15985   15.35774  16.7%  77.0 7825s
 12087199 10338187   14.48056   50   34   13.15985   15.35726  16.7%  77.0 7830s
 12097923 10346865   15.27733   51   29   13.15985   15.35654  16.7%  77.0 7837s
 12105427 10352604   15.31590   55   30   13.15985   15.35601  16.7%  77.0 7841s
 12112686 10358610     cutoff   55        13.15985   15.35565  16.7%  77.0 7846s
 12119990 10363878   15.06603   51   30   13.15985   15.35505  16.7%  77.0 7850s
 12127022 10369610   14.90572   59   31   13.15985   15.35455  16.7%  77.0 7855s
 12137506 10378218   13.64083   54   36   13.15985   15.35379  16.7%  77.0 7862s
 12144650 10384000   14.03324   56   38   13.15985   15.35336  16.7%  77.0 7866s
 12151845 10389523   14.80800   61   30   13.15985   15.35281  16.7%  77.0 7871s
 12159009 10395223     cutoff   57        13.15985   15.35235  16.7%  77.0 7876s
 12165954 10400538   15.17425   50   42   13.15985   15.35194  16.7%  77.0 7880s
 12172857 10406312   13.94377   64   31   13.15985   15.35136  16.7%  77.0 7885s
 12180294 10412015   14.76376   50   33   13.15985   15.35095  16.6%  77.0 7890s
 12190993 10420406   14.74272   44   43   13.15985   15.35023  16.6%  77.0 7896s
 12197696 10426007   15.31375   56   36   13.15985   15.34965  16.6%  77.0 7901s
 12205058 10431710   14.98999   58   24   13.15985   15.34912  16.6%  77.0 7905s
 12212146 10437438   14.89866   52   44   13.15985   15.34865  16.6%  77.0 7910s
 12219637 10443371   15.27947   51   29   13.15985   15.34821  16.6%  77.0 7915s
 12230324 10451939     cutoff   53        13.15985   15.34745  16.6%  77.0 7922s
 12237543 10457644   15.00082   51   42   13.15985   15.34700  16.6%  77.0 7926s
 12244698 10463236   15.24320   56   33   13.15985   15.34644  16.6%  77.0 7931s
 12251965 10469104   15.11653   58   28   13.15985   15.34591  16.6%  77.0 7936s
 12258855 10474423   15.03988   51   37   13.15985   15.34545  16.6%  77.0 7940s
 12266040 10480231   14.49820   61   30   13.15985   15.34499  16.6%  77.0 7945s
 12273335 10486123   14.53357   51   42   13.15985   15.34444  16.6%  77.0 7950s
 12284109 10494743   14.52370   55   43   13.15985   15.34376  16.6%  77.0 7957s
 12291163 10500103     cutoff   48        13.15985   15.34332  16.6%  77.0 7961s
 12298333 10505914   15.30131   50   46   13.15985   15.34280  16.6%  77.0 7966s
 12305866 10511686   13.34895   55   34   13.15985   15.34227  16.6%  77.0 7971s
 12312940 10517515   15.18527   58   34   13.15985   15.34181  16.6%  77.0 7975s
 12319801 10522575   15.03537   64   27   13.15985   15.34132  16.6%  77.0 7980s
 12326741 10528149   14.40465   60   33   13.15985   15.34080  16.6%  77.0 7985s
 12337575 10536702   14.82114   52   41   13.15985   15.34006  16.6%  77.0 7992s
 12344684 10542739     cutoff   64        13.15985   15.33956  16.6%  77.0 7997s
 12351947 10548195   14.18618   59   33   13.15985   15.33906  16.6%  77.0 8001s
 12358855 10554124   14.86068   52   35   13.15985   15.33858  16.6%  77.0 8006s
 12365972 10559612   13.37448   56   38   13.15985   15.33813  16.6%  77.0 8010s
 12373316 10565223   15.33760   48   31   13.15985   15.33760  16.5%  77.0 8015s
 12380279 10570764   15.29989   53   41   13.15985   15.33706  16.5%  77.0 8020s
 12386977 10576104   14.96630   57   36   13.15985   15.33660  16.5%  77.0 8025s
 12394520 10581966   14.84157   58   35   13.15985   15.33600  16.5%  77.0 8030s
 12401554 10587731   15.06793   60   30   13.15985   15.33560  16.5%  77.0 8035s
 12408968 10593380   15.09550   57   31   13.15985   15.33505  16.5%  77.0 8040s
 12419538 10601531   14.94550   55   40   13.15985   15.33444  16.5%  77.0 8047s
 12426785 10607415   14.31926   58   32   13.15985   15.33387  16.5%  77.0 8052s
 12433959 10613443   15.28941   46   47   13.15985   15.33335  16.5%  77.0 8057s
 12441260 10619143   15.24423   42   24   13.15985   15.33292  16.5%  77.0 8061s
 12448541 10624705   15.31471   48   34   13.15985   15.33243  16.5%  77.0 8066s
 12455628 10630582   15.30510   48   45   13.15985   15.33203  16.5%  77.0 8071s
 12462628 10636051   14.97761   56   39   13.15985   15.33154  16.5%  77.0 8076s
 12469694 10641711     cutoff   52        13.15985   15.33107  16.5%  77.0 8081s
 12476827 10647648   15.27577   44   32   13.15985   15.33054  16.5%  77.0 8086s
 12484251 10653191   15.00754   55   27   13.15985   15.33013  16.5%  77.0 8091s
 12491269 10658814   14.74467   58   39   13.15985   15.32972  16.5%  77.0 8095s
 12498016 10661550   15.32864   47   46   13.15985   15.32921  16.5%  77.0 8101s
 12498090 10661605   15.32645   47   44   13.15985   15.32921  16.5%  77.0 8106s
H12498103 10661605                      13.1598543   15.32919  16.5%  77.0 8110s
 12498296 10661899   15.25847   54   34   13.15985   15.32919  16.5%  77.0 8115s
 12499234 10663400   15.29097   52   37   13.15985   15.32911  16.5%  77.0 8122s
 12500336 10665361   15.06724   52   36   13.15985   15.32910  16.5%  77.0 8125s
 12506116 10671141   13.31135   60   25   13.15985   15.32907  16.5%  76.9 8132s
 12513140 10676400   15.32894   53   27   13.15985   15.32894  16.5%  76.9 8137s
 12520379 10682232   13.85532   47   34   13.15985   15.32792  16.5%  76.9 8142s
 12527990 10688094   13.34591   55   28   13.15985   15.32727  16.5%  76.9 8147s
 12535362 10693922   15.00329   52   37   13.15985   15.32684  16.5%  76.9 8151s
 12542288 10699352   14.33835   57   39   13.15985   15.32633  16.5%  76.9 8156s
 12549517 10705073     cutoff   49        13.15985   15.32588  16.5%  76.9 8160s
 12560658 10713806   14.24391   53   31   13.15985   15.32514  16.5%  76.9 8166s
 12567901 10719632   14.41540   46   52   13.15985   15.32480  16.5%  76.9 8171s
 12574879 10725027   15.13539   52   40   13.15985   15.32425  16.4%  76.9 8175s
 12585866 10733848   14.24911   57   37   13.15985   15.32351  16.4%  76.9 8182s
 12593202 10739557   15.32300   47   30   13.15985   15.32300  16.4%  76.9 8186s
 12600630 10745200   13.82281   58   28   13.15985   15.32251  16.4%  76.9 8191s
 12607719 10751086   14.82532   53   31   13.15985   15.32214  16.4%  76.9 8195s
 12614661 10756716     cutoff   55        13.15985   15.32160  16.4%  76.9 8200s
 12625534 10765137   14.88223   50   25   13.15985   15.32093  16.4%  76.9 8206s
 12632523 10770591   14.92943   57   32   13.15985   15.32046  16.4%  76.9 8210s
 12643015 10778914   15.31976   54   33   13.15985   15.31985  16.4%  76.9 8216s
 12650375 10784692   13.93835   55   37   13.15985   15.31942  16.4%  76.9 8220s
 12660950 10793166   13.72063   53   34   13.15985   15.31869  16.4%  76.9 8226s
 12667922 10798582   14.68495   61   31   13.15985   15.31830  16.4%  76.9 8231s
 12675119 10804223     cutoff   50        13.15985   15.31773  16.4%  76.9 8235s
 12682259 10809765   15.31082   53   30   13.15985   15.31723  16.4%  76.9 8240s
 12693288 10818712   14.53820   57   35   13.15985   15.31655  16.4%  76.9 8246s
 12700304 10823897   14.81995   57   34   13.15985   15.31609  16.4%  76.9 8251s
 12707484 10829795   14.56523   62   29   13.15985   15.31558  16.4%  76.9 8255s
 12714956 10835461   14.47487   51   32   13.15985   15.31508  16.4%  76.9 8260s
 12725796 10844096   15.20673   51   37   13.15985   15.31434  16.4%  76.9 8267s
 12732422 10849780   14.66829   55   34   13.15985   15.31386  16.4%  76.9 8271s
 12739974 10855449     cutoff   56        13.15985   15.31334  16.4%  76.9 8275s
 12747266 10861109   15.31079   47   33   13.15985   15.31288  16.4%  76.9 8280s
 12757989 10869814   14.39878   48   36   13.15985   15.31216  16.4%  76.9 8287s
 12765200 10875270     cutoff   47        13.15985   15.31170  16.4%  76.9 8291s
 12772535 10881021   14.08104   63   27   13.15985   15.31128  16.3%  76.9 8296s
 12779631 10886759   14.68365   54   38   13.15985   15.31087  16.3%  76.9 8300s
 12786759 10892226   15.30625   50   41   13.15985   15.31039  16.3%  76.9 8305s
 12793833 10897825   15.30994   52   31   13.15985   15.30994  16.3%  76.9 8310s
 12804167 10906489   15.17948   52   38   13.15985   15.30922  16.3%  76.9 8317s
 12811644 10912017   15.02811   53   40   13.15985   15.30879  16.3%  76.9 8321s
 12818995 10917745   15.01182   57   35   13.15985   15.30830  16.3%  76.9 8326s
 12825620 10922710   14.61868   53   36   13.15985   15.30779  16.3%  76.9 8331s
 12832571 10928019   14.68560   56   33   13.15985   15.30732  16.3%  76.9 8335s
 12839688 10934081     cutoff   35        13.15985   15.30695  16.3%  76.9 8340s
 12847013 10939716   14.87759   54   39   13.15985   15.30658  16.3%  76.9 8345s
 12857887 10948292     cutoff   48        13.15985   15.30578  16.3%  76.9 8352s
 12864711 10953989   15.29904   42   25   13.15985   15.30526  16.3%  76.9 8356s
 12871924 10959621   14.44468   54   39   13.15985   15.30488  16.3%  76.9 8361s
 12879259 10965497   14.14870   53   29   13.15985   15.30441  16.3%  76.9 8366s
 12886237 10970925   15.06433   55   38   13.15985   15.30398  16.3%  76.9 8371s
 12893154 10976344   13.71776   47   36   13.15985   15.30345  16.3%  76.9 8376s
 12900333 10982045   15.30143   54   29   13.15985   15.30305  16.3%  76.9 8380s
 12907320 10987591     cutoff   50        13.15985   15.30260  16.3%  76.9 8385s
 12914525 10993232     cutoff   51        13.15985   15.30203  16.3%  76.9 8390s
 12921661 10998745   14.84909   51   34   13.15985   15.30159  16.3%  76.9 8395s
 12928417 11004506   15.15602   58   33   13.15985   15.30113  16.3%  76.9 8400s
 12935538 11009878   15.08493   51   45   13.15985   15.30066  16.3%  76.9 8405s
 12942935 11015586     cutoff   50        13.15985   15.30019  16.3%  76.9 8410s
 12949946 11021124   15.00633   58   37   13.15985   15.29987  16.3%  76.9 8415s
 12960400 11029527   15.00961   57   31   13.15985   15.29903  16.3%  76.9 8422s
 12967386 11034977   14.91570   61   33   13.15985   15.29869  16.3%  76.9 8426s
 12974608 11040503   15.21282   45   26   13.15985   15.29812  16.2%  76.9 8431s
 12981709 11046159     cutoff   51        13.15985   15.29770  16.2%  76.9 8436s
 12988480 11051403   15.29722   47   33   13.15985   15.29722  16.2%  76.9 8440s
 12995363 11057203   15.05551   54   41   13.15985   15.29679  16.2%  76.9 8445s
 13003011 11063022     cutoff   66        13.15985   15.29628  16.2%  76.9 8450s
 13013870 11071440   14.27796   50   24   13.15985   15.29553  16.2%  76.9 8457s
 13020663 11076811   15.28639   47   45   13.15985   15.29505  16.2%  76.9 8461s
 13027661 11082483   15.10275   51   40   13.15985   15.29457  16.2%  76.9 8466s
 13035206 11088429   14.81052   52   38   13.15985   15.29414  16.2%  76.9 8471s
 13042207 11093913   14.94946   49   36   13.15985   15.29371  16.2%  76.9 8475s
 13049589 11099303   14.30624   53   40   13.15985   15.29323  16.2%  76.9 8480s
 13056386 11105063   15.04877   58   32   13.15985   15.29274  16.2%  76.9 8485s
 13063825 11110917   15.20195   52   31   13.15985   15.29232  16.2%  76.8 8490s
 13074707 11119432     cutoff   57        13.15985   15.29161  16.2%  76.8 8497s
 13081893 11124725   14.58885   54   39   13.15985   15.29116  16.2%  76.8 8501s
 13088859 11130581   14.80271   59   40   13.15985   15.29070  16.2%  76.8 8506s
 13096092 11136407     cutoff   55        13.15985   15.29031  16.2%  76.8 8510s
 13106982 11144930   14.21073   55   30   13.15985   15.28958  16.2%  76.8 8516s
 13114056 11150412   15.12940   57   34   13.15985   15.28905  16.2%  76.8 8521s
 13120860 11155732   14.13193   51   33   13.15985   15.28868  16.2%  76.8 8525s
 13127900 11161503   14.16575   56   34   13.15985   15.28821  16.2%  76.8 8530s
 13138828 11170230   15.01629   53   28   13.15985   15.28753  16.2%  76.8 8537s
 13146348 11175475   14.57711   53   36   13.15985   15.28718  16.2%  76.8 8541s
 13153471 11181629   15.03069   61   29   13.15985   15.28668  16.2%  76.8 8546s
 13160550 11187330   15.04287   54   40   13.15985   15.28617  16.2%  76.8 8551s
 13167833 11192976   15.06307   43   43   13.15985   15.28579  16.2%  76.8 8555s
 13175218 11198589   14.87266   59   35   13.15985   15.28535  16.2%  76.8 8560s
 13185478 11206826   15.28102   55   28   13.15985   15.28468  16.1%  76.8 8567s
 13192848 11212350   14.70692   59   28   13.15985   15.28415  16.1%  76.8 8571s
 13199581 11217962     cutoff   55        13.15985   15.28376  16.1%  76.8 8576s
 13207039 11223508   15.27827   54   26   13.15985   15.28326  16.1%  76.8 8580s
 13213856 11229041     cutoff   57        13.15985   15.28285  16.1%  76.8 8585s
 13221150 11234750     cutoff   54        13.15985   15.28240  16.1%  76.8 8590s
 13232003 11243194   14.34328   57   33   13.15985   15.28173  16.1%  76.8 8597s
 13239195 11248690   14.68775   55   41   13.15985   15.28129  16.1%  76.8 8601s
 13245843 11254171   14.12756   53   40   13.15985   15.28081  16.1%  76.8 8606s
 13252904 11259934   15.00931   57   35   13.15985   15.28032  16.1%  76.8 8611s
 13260616 11265847   14.74016   51   38   13.15985   15.27994  16.1%  76.8 8616s
 13268068 11271154   14.91907   56   30   13.15985   15.27947  16.1%  76.8 8620s
 13275005 11277043   15.24270   43   31   13.15985   15.27906  16.1%  76.8 8625s
 13282037 11282744   15.14927   49   47   13.15985   15.27850  16.1%  76.8 8630s
 13292852 11291298   14.37015   56   29   13.15985   15.27781  16.1%  76.8 8637s
 13300520 11296709   14.74192   54   30   13.15985   15.27739  16.1%  76.8 8641s
 13307675 11302737   14.91544   58   33   13.15985   15.27698  16.1%  76.8 8646s
 13314612 11308085   14.98891   56   37   13.15985   15.27648  16.1%  76.8 8650s
 13321755 11313825   14.39203   50   45   13.15985   15.27600  16.1%  76.8 8655s
 13328959 11319586     cutoff   57        13.15985   15.27553  16.1%  76.8 8660s
 13339505 11327853   15.22667   50   43   13.15985   15.27494  16.1%  76.8 8667s
 13346956 11333502     cutoff   51        13.15985   15.27441  16.1%  76.8 8672s
 13354157 11339167   14.61019   52   22   13.15985   15.27393  16.1%  76.8 8676s
 13361398 11345040   14.79622   56   35   13.15985   15.27346  16.1%  76.8 8681s
 13368279 11350620   14.98004   57   39   13.15985   15.27307  16.1%  76.8 8686s
 13375695 11356195     cutoff   52        13.15985   15.27267  16.1%  76.8 8690s
 13382869 11361908   14.60587   61   32   13.15985   15.27218  16.1%  76.8 8695s
 13390351 11367817   15.00446   57   29   13.15985   15.27173  16.0%  76.8 8700s
 13400833 11375918   14.06733   61   27   13.15985   15.27108  16.0%  76.8 8707s
 13408127 11381740   14.31579   49   36   13.15985   15.27068  16.0%  76.8 8712s
 13415334 11387607     cutoff   52        13.15985   15.27023  16.0%  76.8 8716s
 13422923 11393063   13.90110   60   28   13.15985   15.26975  16.0%  76.8 8721s
 13429899 11398815   14.41616   51   41   13.15985   15.26930  16.0%  76.8 8726s
 13436939 11404517   14.34927   47   30   13.15985   15.26883  16.0%  76.8 8731s
 13444088 11410012   15.26380   51   35   13.15985   15.26841  16.0%  76.8 8736s
 13451425 11415760   13.85432   55   32   13.15985   15.26792  16.0%  76.8 8740s
 13458517 11420997   14.64229   58   32   13.15985   15.26748  16.0%  76.8 8745s
 13465605 11426729   14.67436   59   33   13.15985   15.26704  16.0%  76.8 8750s
 13476368 11434954     cutoff   54        13.15985   15.26634  16.0%  76.8 8757s
 13483622 11440622   15.24307   48   42   13.15985   15.26588  16.0%  76.8 8762s
 13490512 11446274   15.06597   47   40   13.15985   15.26552  16.0%  76.8 8766s
 13497497 11451586   15.06412   56   39   13.15985   15.26511  16.0%  76.8 8771s
 13504303 11457482   14.88300   54   39   13.15985   15.26463  16.0%  76.8 8775s
 13511844 11463122   13.93791   67   27   13.15985   15.26426  16.0%  76.8 8780s
 13522323 11471552   15.14986   59   28   13.15985   15.26355  16.0%  76.8 8787s
 13529677 11477330   15.25244   55   28   13.15985   15.26308  16.0%  76.8 8792s
 13536920 11482874   15.14005   52   30   13.15985   15.26264  16.0%  76.8 8797s
 13544354 11488822   15.17073   56   30   13.15985   15.26229  16.0%  76.8 8801s
 13551424 11494207   14.51308   56   41   13.15985   15.26178  16.0%  76.8 8806s
 13558334 11499947   14.93161   55   40   13.15985   15.26133  16.0%  76.8 8810s
 13565447 11505378   14.55111   52   36   13.15985   15.26096  16.0%  76.8 8815s
 13576145 11513907   14.42371   53   40   13.15985   15.26025  16.0%  76.8 8822s
 13583252 11519277   13.81061   60   29   13.15985   15.25984  16.0%  76.8 8826s
 13590335 11524799   14.25614   64   27   13.15985   15.25942  16.0%  76.8 8831s
 13597270 11530324   14.77548   58   37   13.15985   15.25899  16.0%  76.8 8836s
 13604278 11535822   15.07681   51   32   13.15985   15.25855  15.9%  76.8 8840s
 13611468 11541430     cutoff   57        13.15985   15.25810  15.9%  76.8 8845s
 13618215 11547100   14.10185   49   38   13.15985   15.25768  15.9%  76.8 8850s
 13629159 11555443   13.57510   50   31   13.15985   15.25697  15.9%  76.8 8857s
 13636515 11561295   15.00704   57   36   13.15985   15.25654  15.9%  76.8 8861s
 13643455 11566819     cutoff   56        13.15985   15.25609  15.9%  76.8 8866s
 13650659 11572262   14.86871   58   36   13.15985   15.25572  15.9%  76.8 8871s
 13657584 11577814   14.05886   62   32   13.15985   15.25523  15.9%  76.8 8875s
 13664983 11583660   15.21979   57   31   13.15985   15.25486  15.9%  76.8 8880s
 13672268 11589118   15.05549   62   33   13.15985   15.25432  15.9%  76.8 8885s
 13682775 11597525   14.71702   61   31   13.15985   15.25368  15.9%  76.7 8892s
 13689692 11602808   14.44159   67   31   13.15985   15.25326  15.9%  76.7 8896s
 13696794 11608684   15.25284   50   24   13.15985   15.25284  15.9%  76.7 8901s
 13704137 11614121   14.04233   74   25   13.15985   15.25244  15.9%  76.7 8905s
 13710992 11619575   14.54659   60   32   13.15985   15.25195  15.9%  76.7 8910s
 13721323 11628015   15.18250   43   50   13.15985   15.25134  15.9%  76.7 8917s
 13728535 11633488   15.25085   45   19   13.15985   15.25085  15.9%  76.7 8922s
 13735952 11639182   15.25048   47   33   13.15985   15.25048  15.9%  76.7 8926s
 13743261 11644629   14.26758   50   45   13.15985   15.25008  15.9%  76.7 8931s
 13750082 11650396   14.45827   51   37   13.15985   15.24960  15.9%  76.7 8935s
 13757393 11655828   14.57966   53   40   13.15985   15.24916  15.9%  76.7 8940s
 13764595 11661719   15.24875   52   32   13.15985   15.24875  15.9%  76.7 8945s
 13775621 11669856   15.15323   59   30   13.15985   15.24822  15.9%  76.7 8952s
 13782523 11675609     cutoff   48        13.15985   15.24768  15.9%  76.7 8957s
 13789744 11681635   15.03135   60   33   13.15985   15.24729  15.9%  76.7 8961s
 13797412 11687332   15.19771   60   29   13.15985   15.24680  15.9%  76.7 8966s
 13804462 11692643   14.02606   57   33   13.15985   15.24640  15.9%  76.7 8971s
 13811187 11698116   14.45311   40   31   13.15985   15.24601  15.9%  76.7 8975s
 13818368 11703579   14.61769   62   30   13.15985   15.24554  15.8%  76.7 8980s
 13829011 11712071   14.88778   53   40   13.15985   15.24491  15.8%  76.7 8987s
 13835919 11717502   14.29078   57   34   13.15985   15.24447  15.8%  76.7 8992s
 13842893 11722893   14.23600   47   23   13.15985   15.24406  15.8%  76.7 8996s
 13849779 11728414   14.20838   54   38   13.15985   15.24359  15.8%  76.7 9001s
 13857049 11734163   14.16837   59   32   13.15985   15.24315  15.8%  76.7 9006s
 13864305 11739705   14.94069   53   36   13.15985   15.24278  15.8%  76.7 9011s
 13871510 11745148   15.14364   52   46   13.15985   15.24226  15.8%  76.7 9015s
 13878372 11751006   14.34000   55   27   13.15985   15.24186  15.8%  76.7 9020s
 13889353 11759366   14.01702   51   40   13.15985   15.24129  15.8%  76.7 9027s
 13896684 11764769   15.20520   50   45   13.15985   15.24080  15.8%  76.7 9032s
 13903463 11770217     cutoff   49        13.15985   15.24036  15.8%  76.7 9036s
 13910436 11775450     cutoff   61        13.15985   15.23996  15.8%  76.7 9041s
 13917378 11781129   15.23872   47   33   13.15985   15.23950  15.8%  76.7 9045s
 13924667 11786806   15.23917   45   27   13.15985   15.23917  15.8%  76.7 9050s
 13931723 11792539   15.02811   44   22   13.15985   15.23875  15.8%  76.7 9055s
 13942437 11800839   15.17135   53   31   13.15985   15.23815  15.8%  76.7 9062s
 13949474 11806511   14.75259   49   42   13.15985   15.23771  15.8%  76.7 9067s
 13956792 11812105   14.07338   58   37   13.15985   15.23726  15.8%  76.7 9071s
 13964142 11818053   13.40509   50   34   13.15985   15.23685  15.8%  76.7 9076s
 13971131 11823520   14.83615   58   25   13.15985   15.23649  15.8%  76.7 9081s
 13978779 11829285   14.65428   55   35   13.15985   15.23616  15.8%  76.7 9085s
 13985875 11834585   14.14019   60   32   13.15985   15.23558  15.8%  76.7 9090s
 13992712 11840329   15.23517   47   24   13.15985   15.23517  15.8%  76.7 9095s
 14000297 11845776   15.00225   57   39   13.15985   15.23487  15.8%  76.7 9100s
 14007332 11851549   15.08338   54   33   13.15985   15.23430  15.8%  76.7 9105s
 14018238 11860162   13.59502   60   36   13.15985   15.23365  15.8%  76.7 9112s
 14025199 11865658   14.11437   77   22   13.15985   15.23327  15.8%  76.7 9116s
 14032724 11871105   15.13435   48   33   13.15985   15.23278  15.8%  76.7 9121s
 14039706 11877044   14.56749   57   32   13.15985   15.23235  15.7%  76.7 9126s
 14047069 11882801     cutoff   46        13.15985   15.23197  15.7%  76.7 9131s
 14054329 11888565   14.50703   58   39   13.15985   15.23151  15.7%  76.7 9136s
 14061402 11894222     cutoff   65        13.15985   15.23112  15.7%  76.7 9140s
 14068513 11899791   15.07314   57   32   13.15985   15.23068  15.7%  76.7 9145s
 14079373 11908267   14.75046   60   24   13.15985   15.23012  15.7%  76.7 9151s
 14086227 11913657     cutoff   61        13.15985   15.22970  15.7%  76.7 9156s
 14093299 11919220   15.20661   56   39   13.15985   15.22930  15.7%  76.7 9161s
 14100240 11924669   14.10726   61   29   13.15985   15.22891  15.7%  76.7 9166s
 14107518 11930121   13.96898   51   38   13.15985   15.22847  15.7%  76.7 9170s
 14114626 11935757   14.32438   58   33   13.15985   15.22806  15.7%  76.7 9175s
 14121724 11941269   15.22393   61   29   13.15985   15.22771  15.7%  76.7 9180s
 14132189 11949350   13.22275   63   28   13.15985   15.22708  15.7%  76.7 9187s
 14139415 11955340     cutoff   47        13.15985   15.22666  15.7%  76.7 9192s
 14146897 11960973   15.03033   58   33   13.15985   15.22618  15.7%  76.7 9196s
 14154287 11966999   14.79783   64   30   13.15985   15.22583  15.7%  76.7 9201s
 14161477 11972194   14.37704   53   43   13.15985   15.22538  15.7%  76.7 9206s
 14168359 11977688   13.54377   57   35   13.15985   15.22497  15.7%  76.7 9210s
 14175378 11983378     cutoff   70        13.15985   15.22458  15.7%  76.7 9215s
 14182398 11988804   14.46762   57   19   13.15985   15.22410  15.7%  76.7 9220s
 14189457 11994067     cutoff   47        13.15985   15.22363  15.7%  76.7 9225s
 14200174 12002540     cutoff   58        13.15985   15.22305  15.7%  76.7 9232s
 14207165 12007975   13.75055   48   32   13.15985   15.22262  15.7%  76.7 9237s
 14214207 12013486   14.15011   48   44   13.15985   15.22226  15.7%  76.7 9241s
 14221556 12018958   15.10841   46   47   13.15985   15.22176  15.7%  76.7 9246s
 14228645 12024784   14.25679   59   34   13.15985   15.22134  15.7%  76.7 9251s
 14235988 12030565   15.00923   62   30   13.15985   15.22095  15.7%  76.7 9255s
 14239630 12030618   14.73263   42   50   13.15985   15.22069  15.7%  76.7 9260s
 14239702 12030670   14.42327   61   24   13.15985   15.22067  15.7%  76.7 9265s
 14239776 12030905     cutoff   68        13.15985   15.22065  15.7%  76.7 9270s
 14241081 12033187   15.11624   52   22   13.15985   15.22063  15.7%  76.7 9276s
 14246123 12038291   14.16425   58   32   13.15985   15.22060  15.7%  76.7 9282s
 14249649 12041775   14.39162   69   29   13.15985   15.22054  15.7%  76.7 9286s
 14257247 12046892   15.18465   55   36   13.15985   15.21987  15.7%  76.6 9291s
 14260864 12049738   14.56462   53   31   13.15985   15.21960  15.7%  76.6 9298s
 14264530 12052749   15.18933   72   25   13.15985   15.21937  15.6%  76.6 9301s
 14272129 12058630   14.72561   54   37   13.15985   15.21895  15.6%  76.6 9306s
 14279350 12064166   14.98400   52   27   13.15985   15.21849  15.6%  76.6 9311s
 14286274 12069366     cutoff   55        13.15985   15.21809  15.6%  76.6 9315s
 14293284 12074852   14.94260   57   29   13.15985   15.21767  15.6%  76.6 9320s
 14300383 12080292   14.05338   60   29   13.15985   15.21723  15.6%  76.6 9325s
 14307507 12085859   14.94994   52   37   13.15985   15.21680  15.6%  76.6 9330s
 14314701 12091094   13.42045   46   35   13.15985   15.21637  15.6%  76.6 9335s
 14325038 12099479   14.65258   60   36   13.15985   15.21589  15.6%  76.6 9342s
 14332232 12104841   13.75801   57   33   13.15985   15.21547  15.6%  76.6 9347s
 14339492 12110508     cutoff   70        13.15985   15.21499  15.6%  76.6 9351s
 14346481 12115663   15.21099   70   27   13.15985   15.21457  15.6%  76.6 9356s
 14353419 12121304   13.31463   62   29   13.15985   15.21417  15.6%  76.6 9361s
 14360415 12126922   15.20123   46   30   13.15985   15.21374  15.6%  76.6 9365s
 14367482 12132564   15.13056   67   28   13.15985   15.21333  15.6%  76.6 9370s
 14374857 12138474   15.12159   54   39   13.15985   15.21278  15.6%  76.6 9375s
 14381862 12144023   15.17177   52   31   13.15985   15.21238  15.6%  76.6 9380s
 14393026 12152506   14.58352   50   39   13.15985   15.21177  15.6%  76.6 9386s
 14400422 12158131   15.08496   52   37   13.15985   15.21138  15.6%  76.6 9391s
 14407298 12163708   13.61880   59   30   13.15985   15.21100  15.6%  76.6 9396s
 14414338 12168969   15.21058   53   29   13.15985   15.21058  15.6%  76.6 9400s
 14421175 12174661   15.20918   49   40   13.15985   15.21023  15.6%  76.6 9405s
 14428630 12180295   14.24019   42   48   13.15985   15.20980  15.6%  76.6 9410s
 14439488 12188448     cutoff   54        13.15985   15.20917  15.6%  76.6 9417s
 14446130 12193772     cutoff   58        13.15985   15.20882  15.6%  76.6 9421s
 14453242 12199429   15.20838   46   26   13.15985   15.20838  15.6%  76.6 9426s
 14460517 12205099   15.02929   54   39   13.15985   15.20799  15.6%  76.6 9430s
 14471271 12213296   14.14997   60   30   13.15985   15.20737  15.6%  76.6 9436s
 14478134 12218809   15.17860   52   40   13.15985   15.20701  15.6%  76.6 9440s
 14485040 12224081   14.77554   52   37   13.15985   15.20658  15.6%  76.6 9445s
 14495981 12232696   15.13276   48   41   13.15985   15.20598  15.5%  76.6 9452s
 14503219 12238245     cutoff   52        13.15985   15.20572  15.5%  76.6 9456s
 14510210 12243609   14.19044   69   24   13.15985   15.20524  15.5%  76.6 9460s
 14517242 12248958   13.52916   32   47   13.15985   15.20489  15.5%  76.6 9465s
 14524144 12254487   15.14300   49   34   13.15985   15.20437  15.5%  76.6 9470s
 14534883 12263008     cutoff   54        13.15985   15.20383  15.5%  76.6 9477s
 14541890 12268329   14.10278   50   39   13.15985   15.20344  15.5%  76.6 9481s
 14548820 12273653   15.20305   45   29   13.15985   15.20305  15.5%  76.6 9486s
 14555940 12279326   14.44345   56   32   13.15985   15.20259  15.5%  76.6 9490s
 14563211 12284926   15.14201   45   36   13.15985   15.20221  15.5%  76.6 9495s
 14570324 12290212   14.45781   52   37   13.15985   15.20183  15.5%  76.6 9500s
 14580754 12298475   13.75671   54   38   13.15985   15.20117  15.5%  76.6 9507s
 14587855 12304296   13.99425   53   43   13.15985   15.20077  15.5%  76.6 9512s
 14595391 12310004   14.97453   59   34   13.15985   15.20050  15.5%  76.6 9516s
 14602745 12315341   14.39148   60   35   13.15985   15.19996  15.5%  76.6 9521s
 14609662 12321094   15.06548   58   36   13.15985   15.19958  15.5%  76.6 9526s
 14616874 12326860   14.26441   61   30   13.15985   15.19917  15.5%  76.6 9530s
 14624314 12332402   14.93668   61   32   13.15985   15.19882  15.5%  76.6 9535s
 14631429 12338086     cutoff   53        13.15985   15.19839  15.5%  76.6 9540s
 14638203 12343483   15.05899   53   30   13.15985   15.19801  15.5%  76.6 9545s
 14645982 12349248   14.73183   65   28   13.15985   15.19756  15.5%  76.6 9550s
 14656675 12357562   14.26622   45   26   13.15985   15.19692  15.5%  76.6 9557s
 14664069 12363035   15.16160   50   36   13.15985   15.19647  15.5%  76.6 9561s
 14671158 12368697   14.20834   58   38   13.15985   15.19607  15.5%  76.6 9566s
 14678343 12374286   15.15150   46   44   13.15985   15.19577  15.5%  76.6 9571s
 14685143 12379908     cutoff   39        13.15985   15.19535  15.5%  76.6 9575s
 14692418 12385436   14.25966   54   40   13.15985   15.19495  15.5%  76.6 9580s
 14699499 12390985   14.59747   56   35   13.15985   15.19453  15.5%  76.6 9585s
 14706503 12396252   13.51242   56   35   13.15985   15.19407  15.5%  76.6 9590s
 14717168 12404787   14.47993   52   39   13.15985   15.19348  15.5%  76.6 9597s
 14724319 12410164   14.37595   53   37   13.15985   15.19301  15.4%  76.6 9601s
 14731206 12415370   14.57689   48   42   13.15985   15.19262  15.4%  76.6 9606s
 14738382 12420929   14.60059   58   34   13.15985   15.19223  15.4%  76.6 9611s
 14745417 12426534   14.83049   52   34   13.15985   15.19184  15.4%  76.6 9615s
 14752758 12432115   14.33897   63   28   13.15985   15.19137  15.4%  76.6 9620s
 14759836 12437388   15.19102   47   26   13.15985   15.19102  15.4%  76.6 9625s
 14766626 12442944   15.19059   44   33   13.15985   15.19059  15.4%  76.6 9630s
 14777676 12451431   14.19305   61   29   13.15985   15.18997  15.4%  76.6 9637s
 14784862 12457125   15.18953   50   22   13.15985   15.18953  15.4%  76.6 9641s
 14792073 12462405   14.73161   60   34   13.15985   15.18913  15.4%  76.6 9646s
 14798948 12468129   13.82932   55   34   13.15985   15.18876  15.4%  76.6 9651s
 14806154 12473825   14.65742   50   46   13.15985   15.18832  15.4%  76.6 9656s
 14813623 12479309   14.30168   59   30   13.15985   15.18792  15.4%  76.6 9661s
 14820742 12485030   15.15941   54   36   13.15985   15.18751  15.4%  76.6 9665s
 14827661 12490581   14.88665   57   25   13.15985   15.18715  15.4%  76.6 9670s
 14838563 12498839     cutoff   54        13.15985   15.18660  15.4%  76.6 9677s
 14845583 12504115   14.96971   56   35   13.15985   15.18616  15.4%  76.6 9682s
 14852562 12509958   13.94854   55   40   13.15985   15.18577  15.4%  76.6 9686s
 14859796 12515359   14.75418   60   37   13.15985   15.18542  15.4%  76.6 9691s
 14866989 12520959   14.83902   58   36   13.15985   15.18500  15.4%  76.6 9696s
 14874181 12526494   15.18208   59   21   13.15985   15.18457  15.4%  76.6 9700s
 14881434 12532537   14.39880   55   41   13.15985   15.18419  15.4%  76.6 9705s
 14888596 12537786   15.17185   62   28   13.15985   15.18378  15.4%  76.6 9710s
 14898893 12545858   13.32843   63   31   13.15985   15.18319  15.4%  76.5 9717s
 14906071 12551179   14.51350   49   43   13.15985   15.18283  15.4%  76.5 9721s
 14913342 12557231     cutoff   50        13.15985   15.18243  15.4%  76.5 9726s
 14920767 12562273   14.73173   58   41   13.15985   15.18201  15.4%  76.5 9731s
 14927949 12568287   13.24416   56   21   13.15985   15.18162  15.4%  76.5 9736s
 14935286 12573713   14.76838   57   32   13.15985   15.18120  15.4%  76.5 9740s
 14942179 12579274     cutoff   51        13.15985   15.18080  15.4%  76.5 9745s
 14949447 12584935   13.80755   53   34   13.15985   15.18046  15.4%  76.5 9750s
 14960018 12592890     cutoff   50        13.15985   15.17988  15.3%  76.5 9756s
 14967092 12598426   14.36117   64   29   13.15985   15.17943  15.3%  76.5 9761s
 14974272 12604071   14.92573   48   43   13.15985   15.17901  15.3%  76.5 9766s
 14981280 12609679   13.98024   58   34   13.15985   15.17858  15.3%  76.5 9771s
 14988460 12614848   13.26122   49   36   13.15985   15.17820  15.3%  76.5 9776s
 14995413 12620437   14.81488   59   35   13.15985   15.17783  15.3%  76.5 9780s
 15002678 12625992   14.03895   57   36   13.15985   15.17744  15.3%  76.5 9785s
 15009920 12631312   13.96549   52   35   13.15985   15.17703  15.3%  76.5 9790s
 15020334 12639420   14.87968   55   26   13.15985   15.17644  15.3%  76.5 9797s
 15027279 12645001   14.24650   49   39   13.15985   15.17609  15.3%  76.5 9801s
 15034665 12650637   13.70543   63   30   13.15985   15.17569  15.3%  76.5 9806s
 15041805 12656106   15.17531   49   23   13.15985   15.17531  15.3%  76.5 9810s
 15049108 12661422   13.72878   55   35   13.15985   15.17494  15.3%  76.5 9815s
 15055981 12667273   14.23181   53   41   13.15985   15.17452  15.3%  76.5 9820s
 15063206 12672740   14.80581   55   34   13.15985   15.17417  15.3%  76.5 9825s
 15070634 12678217   15.10254   52   36   13.15985   15.17377  15.3%  76.5 9830s
 15081625 12686774   14.98252   56   33   13.15985   15.17321  15.3%  76.5 9837s
 15088260 12692147   14.57999   54   36   13.15985   15.17284  15.3%  76.5 9841s
 15095690 12697698   15.17240   52   23   13.15985   15.17240  15.3%  76.5 9846s
 15102791 12703252     cutoff   60        13.15985   15.17196  15.3%  76.5 9851s
 15110160 12708845   14.76995   56   38   13.15985   15.17157  15.3%  76.5 9856s
 15117229 12714381   14.41869   61   29   13.15985   15.17123  15.3%  76.5 9860s
 15123923 12719759   15.14802   61   35   13.15985   15.17086  15.3%  76.5 9865s
 15131030 12724987     cutoff   57        13.15985   15.17049  15.3%  76.5 9870s
 15138113 12730432   15.17016   45   32   13.15985   15.17016  15.3%  76.5 9875s
 15148303 12738601   13.77153   58   38   13.15985   15.16955  15.3%  76.5 9882s
 15155817 12744031   14.74178   59   26   13.15985   15.16912  15.3%  76.5 9887s
 15162780 12749428   14.22714   57   34   13.15985   15.16872  15.3%  76.5 9892s
 15169780 12754898   14.93590   62   34   13.15985   15.16834  15.3%  76.5 9897s
 15177447 12760345   14.63964   56   36   13.15985   15.16797  15.3%  76.5 9902s
 15184414 12766228   14.99685   48   39   13.15985   15.16751  15.3%  76.5 9907s
 15191742 12771804   13.88118   48   34   13.15985   15.16718  15.3%  76.5 9912s
 15199225 12777359   15.03337   57   33   13.15985   15.16682  15.3%  76.5 9917s
 15206131 12782816     cutoff   57        13.15985   15.16637  15.2%  76.5 9922s
 15213066 12788136   13.67870   55   36   13.15985   15.16598  15.2%  76.5 9927s
 15220231 12793695   15.16562   41   37   13.15985   15.16562  15.2%  76.5 9931s
 15227626 12799399   14.50372   60   32   13.15985   15.16522  15.2%  76.5 9936s
 15235313 12805091   14.82061   53   36   13.15985   15.16489  15.2%  76.5 9941s
 15242028 12810533   14.13961   59   36   13.15985   15.16445  15.2%  76.5 9945s
 15249455 12815778   14.87745   50   33   13.15985   15.16416  15.2%  76.5 9950s
 15256196 12821297   15.02605   55   34   13.15985   15.16365  15.2%  76.5 9955s
 15263403 12826896   14.35626   63   32   13.15985   15.16328  15.2%  76.5 9960s
 15270689 12832005   14.86512   57   35   13.15985   15.16284  15.2%  76.5 9965s
 15281427 12840533   15.16230   47   26   13.15985   15.16230  15.2%  76.5 9972s
 15288417 12845772     cutoff   28        13.15985   15.16192  15.2%  76.5 9976s
 15295696 12851479   15.15508   59   32   13.15985   15.16155  15.2%  76.5 9981s
 15302859 12856745   14.32990   52   35   13.15985   15.16114  15.2%  76.5 9986s
 15309599 12862616   14.97277   70   31   13.15985   15.16073  15.2%  76.5 9991s
 15317252 12868211   15.08010   44   38   13.15985   15.16039  15.2%  76.5 9996s
 15324674 12873741   15.15911   48   37   13.15985   15.16004  15.2%  76.5 10000s
 15331759 12878805   14.31849   59   38   13.15985   15.15955  15.2%  76.5 10005s
 15338999 12884508   14.69212   50   33   13.15985   15.15921  15.2%  76.5 10010s
 15349412 12892695   14.77937   61   32   13.15985   15.15861  15.2%  76.5 10017s
 15356509 12898433   14.83170   56   31   13.15985   15.15823  15.2%  76.5 10021s
 15364006 12903726     cutoff   49        13.15985   15.15792  15.2%  76.5 10026s
 15370786 12909137   14.95890   58   38   13.15985   15.15751  15.2%  76.5 10031s
 15377967 12914702     cutoff   65        13.15985   15.15712  15.2%  76.5 10035s
 15384974 12920170   15.01690   53   34   13.15985   15.15676  15.2%  76.5 10040s
 15392434 12925877   14.50798   51   44   13.15985   15.15636  15.2%  76.5 10045s
 15402994 12933788     cutoff   53        13.15985   15.15578  15.2%  76.5 10052s
 15410139 12939431   14.28310   57   29   13.15985   15.15535  15.2%  76.5 10056s
 15417301 12945042     cutoff   55        13.15985   15.15496  15.2%  76.5 10061s
 15424743 12950592   14.31447   62   24   13.15985   15.15458  15.2%  76.5 10066s
 15431495 12955628   14.76698   53   34   13.15985   15.15423  15.2%  76.5 10071s
 15438830 12961571   14.27525   60   32   13.15985   15.15376  15.2%  76.5 10076s
 15446468 12967308   14.99022   42   29   13.15985   15.15339  15.1%  76.5 10081s
 15453781 12972738   14.86266   61   31   13.15985   15.15300  15.1%  76.5 10086s
 15461101 12978294   14.93469   59   36   13.15985   15.15253  15.1%  76.5 10090s
 15468086 12984014   14.48238   59   35   13.15985   15.15223  15.1%  76.5 10095s
 15475378 12989273   15.15186   47   44   13.15985   15.15186  15.1%  76.5 10100s
 15486215 12997593     cutoff   44        13.15985   15.15125  15.1%  76.4 10107s
 15493078 13002837   13.36477   55   28   13.15985   15.15086  15.1%  76.4 10111s
 15499896 13008321   14.17814   55   37   13.15985   15.15051  15.1%  76.4 10116s
 15507125 13014082   14.58450   60   32   13.15985   15.15013  15.1%  76.4 10121s
 15514334 13019669     cutoff   52        13.15985   15.14971  15.1%  76.4 10126s
 15521851 13025247     cutoff   55        13.15985   15.14932  15.1%  76.4 10130s
 15528646 13030431   14.93133   61   31   13.15985   15.14894  15.1%  76.4 10135s
 15535455 13035790   14.72591   60   40   13.15985   15.14854  15.1%  76.4 10140s
 15542849 13041345   14.30648   57   41   13.15985   15.14810  15.1%  76.4 10145s
 15550112 13046826     cutoff   51        13.15985   15.14774  15.1%  76.4 10150s
 15560741 13054768     cutoff   49        13.15985   15.14716  15.1%  76.4 10157s
 15567934 13060210   15.14682   40   27   13.15985   15.14682  15.1%  76.4 10161s
 15575076 13065484   14.84174   56   37   13.15985   15.14641  15.1%  76.4 10166s
 15582043 13071279   14.33760   60   29   13.15985   15.14603  15.1%  76.4 10171s
 15589647 13076646   15.04127   48   42   13.15985   15.14569  15.1%  76.4 10175s
 15596371 13081930     cutoff   57        13.15985   15.14527  15.1%  76.4 10180s
 15603499 13087395     cutoff   53        13.15985   15.14488  15.1%  76.4 10185s
 15610952 13093084   15.10966   44   46   13.15985   15.14451  15.1%  76.4 10190s
 15621838 13101008   14.44178   58   36   13.15985   15.14386  15.1%  76.4 10196s
 15628661 13106546   14.15320   79   17   13.15985   15.14358  15.1%  76.4 10201s
 15635829 13112107     cutoff   53        13.15985   15.14314  15.1%  76.4 10205s
 15643278 13117635   15.03345   61   25   13.15985   15.14277  15.1%  76.4 10210s
 15653839 13125401   13.79732   56   34   13.15985   15.14219  15.1%  76.4 10216s
 15660729 13131202   14.00052   56   39   13.15985   15.14181  15.1%  76.4 10221s
 15668118 13136636   14.81045   58   31   13.15985   15.14141  15.1%  76.4 10225s
 15675593 13142220   14.79825   62   37   13.15985   15.14101  15.1%  76.4 10230s
 15686217 13150101   15.13693   51   31   13.15985   15.14046  15.1%  76.4 10236s
 15693194 13155907   14.77387   59   32   13.15985   15.14022  15.0%  76.4 10241s
 15700215 13161252   14.03188   51   40   13.15985   15.13975  15.0%  76.4 10245s
 15707487 13166734   15.07204   55   35   13.15985   15.13936  15.0%  76.4 10250s
 15714619 13172207   14.65911   58   33   13.15985   15.13902  15.0%  76.4 10255s
 15725195 13180278   13.94483   63   32   13.15985   15.13845  15.0%  76.4 10261s
 15732082 13185702   13.78597   74   25   13.15985   15.13805  15.0%  76.4 10265s
 15739146 13191012   14.86643   58   34   13.15985   15.13769  15.0%  76.4 10270s
 15749837 13199045     cutoff   49        13.15985   15.13711  15.0%  76.4 10276s
 15756712 13204702   15.05285   58   32   13.15985   15.13676  15.0%  76.4 10280s
 15763749 13210310   14.29216   45   34   13.15985   15.13636  15.0%  76.4 10285s
 15774668 13218372   13.67716   60   30   13.15985   15.13587  15.0%  76.4 10291s
 15781888 13223633   15.00214   46   40   13.15985   15.13556  15.0%  76.4 10295s
 15788748 13229531   13.31841   63   25   13.15985   15.13507  15.0%  76.4 10300s
 15799794 13237868   14.02766   57   43   13.15985   15.13453  15.0%  76.4 10307s
 15806907 13243193     cutoff   53        13.15985   15.13414  15.0%  76.4 10311s
 15814343 13248347   14.71948   41   33   13.15985   15.13372  15.0%  76.4 10316s
 15821216 13254205   14.95745   49   42   13.15985   15.13332  15.0%  76.4 10320s
 15828784 13259771   14.96272   55   41   13.15985   15.13297  15.0%  76.4 10325s
 15839402 13267778   15.10840   63   30   13.15985   15.13238  15.0%  76.4 10331s
 15846706 13273112   14.97813   56   35   13.15985   15.13204  15.0%  76.4 10336s
 15853412 13278808   14.63773   54   34   13.15985   15.13165  15.0%  76.4 10340s
 15864402 13286992   14.74506   50   46   13.15985   15.13102  15.0%  76.4 10347s
 15871428 13292276   14.69030   52   38   13.15985   15.13076  15.0%  76.4 10351s
 15878733 13297680   14.61002   60   34   13.15985   15.13036  15.0%  76.4 10356s
 15885455 13303191   13.17198   54   38   13.15985   15.13000  15.0%  76.4 10360s
 15892611 13308605   15.12845   49   27   13.15985   15.12961  15.0%  76.4 10365s
 15899874 13314068   14.63532   53   40   13.15985   15.12921  15.0%  76.4 10370s
 15910510 13321920   13.32427   53   43   13.15985   15.12867  15.0%  76.4 10376s
 15917086 13327381   14.82615   42   37   13.15985   15.12827  15.0%  76.4 10380s
 15928034 13335499   14.41464   51   40   13.15985   15.12774  15.0%  76.4 10387s
 15935339 13341131     cutoff   50        13.15985   15.12732  15.0%  76.4 10391s
 15942520 13346387   14.65841   54   37   13.15985   15.12701  14.9%  76.4 10395s
 15949464 13351756   15.06351   53   33   13.15985   15.12671  14.9%  76.4 10400s
 15959982 13359945   13.52876   55   36   13.15985   15.12608  14.9%  76.4 10406s
 15967115 13365320   13.51666   44   36   13.15985   15.12568  14.9%  76.4 10411s
 15974110 13370309   15.03744   74   26   13.15985   15.12532  14.9%  76.4 10415s
 15980928 13376072     cutoff   58        13.15985   15.12497  14.9%  76.4 10420s
 15988300 13381585   14.53416   49   38   13.15985   15.12455  14.9%  76.4 10425s
 15995477 13387092     cutoff   53        13.15985   15.12417  14.9%  76.4 10430s
 16006303 13394997   15.12362   54   15   13.15985   15.12362  14.9%  76.4 10437s
 16013109 13400483   14.20855   60   31   13.15985   15.12327  14.9%  76.4 10441s
 16020075 13405959   14.15467   53   40   13.15985   15.12291  14.9%  76.4 10446s
 16027392 13411170   14.57726   55   41   13.15985   15.12251  14.9%  76.4 10451s
 16034271 13416599   13.87643   46   38   13.15985   15.12215  14.9%  76.4 10456s
 16041009 13421576   14.90465   64   26   13.15985   15.12179  14.9%  76.4 10460s
 16048140 13427258   13.46051   56   38   13.15985   15.12139  14.9%  76.4 10465s
 16055516 13432853   13.85999   61   31   13.15985   15.12108  14.9%  76.4 10470s
 16062777 13438343   15.10790   51   25   13.15985   15.12066  14.9%  76.4 10475s
 16069985 13443450   14.97508   53   24   13.15985   15.12035  14.9%  76.4 10480s
 16076936 13449109   14.97440   59   29   13.15985   15.11993  14.9%  76.4 10485s
 16083881 13454275   14.26130   62   29   13.15985   15.11953  14.9%  76.4 10490s
 16091169 13459733   14.29823   49   40   13.15985   15.11917  14.9%  76.4 10495s
 16098314 13465152   14.22947   55   33   13.15985   15.11878  14.9%  76.4 10500s
 16108735 13473157   13.86793   51   30   13.15985   15.11830  14.9%  76.4 10507s
 16115750 13478586   14.02708   62   28   13.15985   15.11794  14.9%  76.3 10512s
 16122829 13483970   13.51808   55   24   13.15985   15.11753  14.9%  76.3 10517s
 16129844 13489451   14.66980   57   33   13.15985   15.11718  14.9%  76.3 10522s
 16136837 13494469   14.97558   52   44   13.15985   15.11687  14.9%  76.3 10527s
 16143777 13499914   15.10562   50   38   13.15985   15.11643  14.9%  76.3 10532s
 16147462 13502748   14.49329   56   31   13.15985   15.11626  14.9%  76.3 10535s
 16154582 13508110   14.28534   52   31   13.15985   15.11586  14.9%  76.3 10540s
 16162140 13513874   14.02571   54   38   13.15985   15.11551  14.9%  76.3 10545s
 16165939 13518022     cutoff   57        13.15985   15.11529  14.9%  76.3 10571s
 16171382 13523356   14.33666   58   35   13.15985   15.11500  14.9%  76.3 10577s
 16178411 13528238   13.80009   64   31   13.15985   15.11473  14.9%  76.3 10582s
 16184802 13532410   15.06243   59   27   13.15985   15.11441  14.9%  76.3 10586s
 16195035 13538445   14.76697   57   42   13.15985   15.11395  14.8%  76.3 10591s
 16201494 13543825   13.68827   61   27   13.15985   15.11361  14.8%  76.3 10596s
 16208788 13549317   15.00468   56   35   13.15985   15.11328  14.8%  76.3 10601s
 16216120 13554729   14.29926   65   26   13.15985   15.11289  14.8%  76.3 10606s
 16223420 13560502   15.03640   45   26   13.15985   15.11255  14.8%  76.3 10611s
 16230194 13565841   15.04184   52   32   13.15985   15.11221  14.8%  76.3 10616s
 16237466 13571255   14.90430   52   45   13.15985   15.11180  14.8%  76.3 10621s
 16244770 13576659   14.15963   51   34   13.15985   15.11145  14.8%  76.3 10626s
 16251886 13581954   14.53508   60   28   13.15985   15.11110  14.8%  76.3 10631s
 16259157 13587360   13.87757   49   36   13.15985   15.11078  14.8%  76.3 10635s
 16265739 13592739   13.38009   52   40   13.15985   15.11041  14.8%  76.3 10640s
 16273302 13598516   13.33243   50   35   13.15985   15.11007  14.8%  76.3 10645s
 16280401 13603899   15.03516   50   40   13.15985   15.10965  14.8%  76.3 10650s
 16290933 13611634   14.87400   60   29   13.15985   15.10911  14.8%  76.3 10657s
 16297836 13616986   13.37046   56   30   13.15985   15.10880  14.8%  76.3 10661s
 16304746 13622306     cutoff   55        13.15985   15.10838  14.8%  76.3 10666s
 16311968 13627938   15.10802   45   24   13.15985   15.10802  14.8%  76.3 10671s
 16319220 13633567   13.97069   46   21   13.15985   15.10772  14.8%  76.3 10676s
 16326129 13638639   14.97171   50   34   13.15985   15.10738  14.8%  76.3 10680s
 16333196 13644009   14.45297   52   38   13.15985   15.10699  14.8%  76.3 10685s
 16340115 13649271   15.10664   44   29   13.15985   15.10664  14.8%  76.3 10690s
 16347453 13654739   14.62047   59   30   13.15985   15.10626  14.8%  76.3 10695s
 16357901 13662802     cutoff   64        13.15985   15.10576  14.8%  76.3 10701s
 16365327 13668528   14.94070   48   42   13.15985   15.10540  14.8%  76.3 10706s
 16372436 13673875   14.95507   57   35   13.15985   15.10501  14.8%  76.3 10711s
 16379738 13679510   14.76834   48   44   13.15985   15.10464  14.8%  76.3 10715s
 16386983 13684632   13.85439   59   35   13.15985   15.10428  14.8%  76.3 10720s
 16393870 13690160   13.35425   50   36   13.15985   15.10396  14.8%  76.3 10725s
 16401072 13695447   13.95687   59   32   13.15985   15.10360  14.8%  76.3 10730s
 16407966 13701033     cutoff   48        13.15985   15.10324  14.8%  76.3 10735s
 16415410 13706559   15.01882   64   21   13.15985   15.10283  14.8%  76.3 10740s
 16425846 13714549   14.12060   56   37   13.15985   15.10233  14.8%  76.3 10747s
 16433012 13720140   14.84522   58   30   13.15985   15.10198  14.8%  76.3 10751s
 16440092 13725501   14.75452   50   33   13.15985   15.10163  14.8%  76.3 10756s
 16447075 13730851   14.49202   51   28   13.15985   15.10126  14.8%  76.3 10761s
 16453981 13736038   14.20763   68   27   13.15985   15.10092  14.7%  76.3 10766s
 16461185 13741782   15.00192   50   37   13.15985   15.10060  14.7%  76.3 10770s
 16468660 13747301     cutoff   56        13.15985   15.10014  14.7%  76.3 10775s
 16475808 13752704   14.65644   49   41   13.15985   15.09984  14.7%  76.3 10780s
 16483056 13758012   14.71428   54   35   13.15985   15.09945  14.7%  76.3 10785s
 16489743 13763592   15.00053   51   32   13.15985   15.09914  14.7%  76.3 10790s
 16497109 13768911   14.12154   69   28   13.15985   15.09873  14.7%  76.3 10795s
 16504183 13774214   15.03287   54   37   13.15985   15.09839  14.7%  76.3 10800s

Cutting planes:
  Projected implied bound: 79
  MIR: 548
  Flow cover: 423
  Relax-and-lift: 572

Explored 16507520 nodes (1259278889 simplex iterations) in 10800.04 seconds (19845.30 work units)
Thread count was 32 (of 255 available processors)

Solution count 10: 13.1599 13.1599 13.1599 ... 13.0885

Time limit reached
Best objective 1.315985426859e+01, best bound 1.509819315328e+01, gap 14.7292%

User-callback calls 33314574, time in user-callback 5.42 sec
source: 0 target: 4 model_arch: 3x50 perturbation type: occ perturbation size: [0, 14.0, 14.0, 9.0] dataset: mnist
Attack:   0%|          | 0/500 [00:00<?, ?it/s]Attack:   3%|▎         | 15/500 [00:00<00:03, 146.88it/s]Attack:  11%|█         | 53/500 [00:00<00:01, 282.24it/s]Attack:  18%|█▊        | 90/500 [00:00<00:01, 318.50it/s]Attack:  25%|██▌       | 127/500 [00:00<00:01, 338.57it/s]Attack:  33%|███▎      | 165/500 [00:00<00:00, 350.12it/s]Attack:  41%|████      | 203/500 [00:00<00:00, 358.34it/s]Attack:  48%|████▊     | 241/500 [00:00<00:00, 362.30it/s]Attack:  56%|█████▌    | 280/500 [00:00<00:00, 368.30it/s]Attack:  64%|██████▍   | 319/500 [00:00<00:00, 374.93it/s]Attack:  72%|███████▏  | 358/500 [00:01<00:00, 378.25it/s]Attack:  79%|███████▉  | 397/500 [00:01<00:00, 380.89it/s]Attack:  87%|████████▋ | 436/500 [00:01<00:00, 382.48it/s]Attack:  95%|█████████▌| 475/500 [00:01<00:00, 383.54it/s]Attack: 100%|█████████▉| 499/500 [00:01<00:00, 360.76it/s]
best_val 9.962838172912598
Set parameter WLSAccessID
Set parameter WLSSecret
Set parameter LicenseID to value 2478548
Academic license 2478548 - for non-commercial use only - registered to ne___@campus.technion.ac.il
Encoding the two copies...
apply_sibgate_constraints!: emitted 10 coupling lines (both-thin), 0 conditional triangles on org (org-dropped), 0 conditional triangles on pert (pert-dropped).
Encoding dependencies (activation_start=1, layers_offset=2)...
Adding perturbed interval constraints...
13.15985426858916  15.098193153280194  10800.081552028656
paper_experiments_rerun/mnist/3x50_exp/occ/eps_14,14,9/N2stdBoost_3x50_19_sgd_itr1/
Clean sample classification: 1
Perturbed sample classification: 1
compute_n2_pert_relaxation_bounds: populated 2 ReLU layers
compute_n2_relax_decision!: τ=0.5, both=13 org-only=0 pert-only=0 none=74 (plus 13 stable neurons)
[notice | Main.MIPVerify]: Determining upper and lower bounds for the input to each non-linear unit.
Set parameter WLSAccessID
Set parameter WLSSecret
Set parameter LicenseID to value 2478548
Academic license 2478548 - for non-commercial use only - registered to ne___@campus.technion.ac.il
Set parameter TimeLimit to value 5
Set parameter WLSAccessID
Set parameter WLSSecret
Set parameter LicenseID to value 2478548
Academic license 2478548 - for non-commercial use only - registered to ne___@campus.technion.ac.il
Set parameter MIPFocus to value 3
Set parameter Cutoff to value 9.9628381729125977e+00
Set parameter Threads to value 32
Set parameter TimeLimit to value 10800
Set parameter MIPGap to value 0.01
Set parameter Seed to value 4
Set parameter Seed to value 4
Set parameter MIPGap to value 0.01
Set parameter MIPFocus to value 3
Set parameter Cutoff to value 9.9628381729125977e+00
Set parameter Threads to value 32
Set parameter TimeLimit to value 10800
Warning for adding constraints: zero or small (< 1e-13) coefficients, ignored
Gurobi Optimizer version 13.0.0 build v13.0.0rc1 (linux64 - "Ubuntu 20.04.2 LTS")

CPU model: AMD EPYC 7713 64-Core Processor, instruction set [SSE2|AVX|AVX2]
Thread count: 127 physical cores, 255 logical processors, using up to 32 threads

Non-default parameters:
Cutoff  9.9628381729125977e+00
TimeLimit  10800
MIPGap  0.01
MIPFocus  3
Seed  4
Threads  32

Academic license 2478548 - for non-commercial use only - registered to ne___@campus.technion.ac.il
Optimize a model with 1630 rows, 1888 columns and 153348 nonzeros (Max)
Model fingerprint: 0x72258c7d
Model has 1 linear objective coefficients
Variable types: 1740 continuous, 148 integer (148 binary)
Coefficient statistics:
  Matrix range     [1e-13, 3e+01]
  Objective range  [1e+00, 1e+00]
  Bounds range     [2e-09, 3e+01]
  RHS range        [4e-13, 1e+02]

User MIP start did not produce a new incumbent solution
Processed MIP start in 2.86 seconds (3.71 work units)

Presolve removed 1038 rows and 788 columns
Presolve time: 0.12s
Presolved: 592 rows, 1100 columns, 115864 nonzeros
Variable types: 952 continuous, 148 integer (148 binary)
Root relaxation presolve removed 61 rows and 60 columns
Root relaxation presolved: 531 rows, 1040 columns, 114599 nonzeros


Root relaxation: objective 3.820917e+01, 848 iterations, 0.10 seconds (0.13 work units)
Another try with MIP start

    Nodes    |    Current Node    |     Objective Bounds      |     Work
 Expl Unexpl |  Obj  Depth IntInf | Incumbent    BestBd   Gap | It/Node Time

     0     0   38.20917    0   71          -   38.20917      -     -    5s
     0     0   33.35955    0   72          -   33.35955      -     -    6s
     0     0   33.35955    0   72          -   33.35955      -     -    7s
     0     0   33.27673    0   70          -   33.27673      -     -    7s
     0     0   33.27673    0   71          -   33.27673      -     -    7s
     0     0   33.23541    0   70          -   33.23541      -     -    7s
     0     0   33.23541    0   71          -   33.23541      -     -    7s
     0     0   32.72048    0   71          -   32.72048      -     -    7s
     0     0   32.72048    0   71          -   32.72048      -     -    7s
     0     0   32.72048    0   71          -   32.72048      -     -    7s
     0     0   32.70959    0   70          -   32.70959      -     -    7s
     0     0   32.70959    0   60          -   32.70959      -     -    8s
     0     0   32.22716    0   60          -   32.22716      -     -    8s
     0     0   31.47360    0   60          -   31.47360      -     -    8s
     0     0   31.47360    0   60          -   31.47360      -     -    8s
     0     0   31.27086    0   61          -   31.27086      -     -    8s
     0     0   31.27086    0   61          -   31.27086      -     -    9s
     0     0   31.06634    0   59          -   31.06634      -     -    9s
     0     0   31.05000    0   59          -   31.05000      -     -    9s
     0     0   31.05000    0   59          -   31.05000      -     -    9s
     0     0   30.99997    0   57          -   30.99997      -     -    9s
     0     0   30.99997    0   57          -   30.99997      -     -   10s
     0     0   30.78495    0   56          -   30.78495      -     -   10s
     0     0   30.69276    0   57          -   30.69276      -     -   10s
     0     0   30.69276    0   57          -   30.69276      -     -   10s
     0     0   30.35425    0   57          -   30.35425      -     -   10s
     0     0   30.35425    0   57          -   30.35425      -     -   11s
     0     0   30.03779    0   57          -   30.03779      -     -   11s
     0     0   30.03779    0   56          -   30.03779      -     -   11s
     0     0   29.99136    0   58          -   29.99136      -     -   11s
     0     0   29.99136    0   58          -   29.99136      -     -   12s
     0     0   29.81002    0   58          -   29.81002      -     -   12s
     0     0   29.81002    0   58          -   29.81002      -     -   13s
     0     2   29.81002    0   58          -   29.81002      -     -   13s
    31    64   29.81002    5   60          -   29.81002      -   893   15s
   546   590   14.02075    9   44          -   24.96312      -   748   20s
  1836  1881   23.33413   16   54          -   23.46548      -   571   25s
  3155  2981   21.86668   18   58          -   23.09368      -   464   41s
  3163  2986   21.46243    8   65          -   23.09368      -   463   45s
  3166  2988   19.75413   22   62          -   23.09368      -   462   51s
  3230  3064   23.09368   16   57          -   23.09368      -   468   55s
  3487  3237   23.09368   22   56          -   23.09368      -   488   60s
  4033  3592   21.29012   20   56          -   23.09368      -   496   65s
  5261  4593   21.72394   24   50          -   22.75964      -   459   70s
 10090  7734   21.84357   26   48          -   21.97172      -   308   75s
 18109 15585   18.54860   29   42          -   21.52283      -   210   80s
 23115 19354   18.41467   28   47          -   21.31255      -   182   85s
 23182 19413   16.95568   30   46          -   21.25540      -   184   90s
 23283 19556   17.03279   30   41          -   21.16214      -   186   96s
 23539 20058   20.64309   27   49          -   21.11525      -   186  100s
 26626 23819   20.55709   38   47          -   20.99185      -   173  106s
 31628 28605   13.07848   25   68          -   20.89693      -   157  110s
*32717 27603              96      11.0048781   20.87428  89.7%   154  110s
H33846 28224                      11.1281136   20.81714  87.1%   155  112s
 34889 30041   15.77852   30   43   11.12811   20.63211  85.4%   156  115s
 39492 35423   19.50677   40   44   11.12811   20.18700  81.4%   159  121s
 45134 41733   16.07781   28   47   11.12811   19.83961  78.3%   158  126s
 52719 46726   13.94900   31   35   11.12811   19.54849  75.7%   150  132s
 52784 46790   15.68641   44   26   11.12811   19.52020  75.4%   151  137s
H52855 47034                      11.1291373   19.51196  75.3%   151  139s
 53068 49744   18.73375   27   42   11.12914   19.50667  75.3%   150  141s
 55832 49807   13.60055   47   32   11.12914   19.44655  74.7%   148  146s
H55872 49834                      11.1310778   19.43756  74.6%   148  149s
H55895 49804                      11.1523306   19.43756  74.3%   148  149s
 55899 53584   19.21906   49   44   11.15233   19.43565  74.3%   148  151s
 66128 61726   15.33847   46   18   11.15233   19.29241  73.0%   139  156s
 74562 71858   18.99147   49   43   11.15233   19.16468  71.8%   133  161s
 85415 83061   18.59043   39   37   11.15233   19.04549  70.8%   127  166s
 89400 90850   17.50971   46   27   11.15233   19.01491  70.5%   125  170s
 104160 101416   18.59824   47   24   11.15233   18.87956  69.3%   118  175s
 115200 112444   17.30765   38   33   11.15233   18.79909  68.6%   115  180s
H126759 122015                      11.4040458   18.73300  64.3%   111  184s
 129043 125944   17.87073   50   36   11.40405   18.71019  64.1%   111  186s
 140275 136942   17.14067   51   38   11.40405   18.65112  63.5%   108  191s
 147967 146712   17.85961   51   38   11.40405   18.61324  63.2%   106  195s
 161344 157798   17.77002   41   29   11.40405   18.55278  62.7%   104  200s
 165113 157860   18.53224   44   27   11.40405   18.53224  62.5%   103  205s
 165177 157955   18.16608   46   42   11.40405   18.53224  62.5%   103  210s
 170564 167496   18.17782   52   42   11.40405   18.50742  62.3%   102  216s
 179196 177881   18.27031   42   45   11.40405   18.47357  62.0%   101  220s
 191073 186056   16.29329   51   35   11.40405   18.43007  61.6%  99.3  226s
H191697 186037                      11.4123582   18.42907  61.5%  99.3  226s
H191715 185937                      11.4674071   18.42893  60.7%  99.2  226s
 197947 194127   17.13915   44   24   11.46741   18.39842  60.4%  98.5  230s
 209243 206930   18.16979   45   20   11.46741   18.35655  60.1%  97.2  236s
 222038 217806   17.66561   53   37   11.46741   18.31292  59.7%  96.1  241s
 232281 228139   17.65894   52   38   11.46741   18.27464  59.4%  95.2  246s
 239854 237010   18.04866   45   39   11.46741   18.25205  59.2%  94.7  250s
 252262 247674   17.42683   48   39   11.46741   18.21108  58.8%  93.7  255s
 263126 258561   17.27114   49   40   11.46741   18.17760  58.5%  93.0  260s
 275571 270723   17.33598   45   23   11.46741   18.14692  58.2%  92.2  266s
 286091 281378   18.09547   50   38   11.46741   18.12188  58.0%  91.5  271s
 297140 292035     cutoff   30        11.46741   18.09128  57.8%  90.9  276s
 305693 300351   17.34631   57   27   11.46741   18.07033  57.6%  90.5  280s
 319967 314477   14.45751   29   43   11.46741   18.03653  57.3%  89.8  286s
 330504 326605   17.80257   50   36   11.46741   18.01335  57.1%  89.3  292s
 339199 333772   16.81436   42   21   11.46741   17.99447  56.9%  88.9  295s
 349310 344173   17.95343   50   34   11.46741   17.97299  56.7%  88.5  300s
 360646 356121   17.44079   58   33   11.46741   17.94946  56.5%  88.0  305s
 372718 367379   13.53982   49   38   11.46741   17.92448  56.3%  87.5  310s
 383836 377582   16.79091   50   34   11.46741   17.90469  56.1%  87.1  315s
 395050 389523   17.32920   42   24   11.46741   17.88440  56.0%  86.7  320s
 405872 400187   15.80695   52   40   11.46741   17.86384  55.8%  86.4  325s
 420550 415251   17.53933   43   29   11.46741   17.83957  55.6%  85.9  332s
 428930 422689   17.19276   50   45   11.46741   17.82584  55.4%  85.6  335s
 439907 433939   17.25574   42   26   11.46741   17.80735  55.3%  85.3  340s
 450847 445597   16.78917   54   36   11.46741   17.79126  55.1%  84.9  345s
 462397 455900   13.22162   48   26   11.46741   17.77165  55.0%  84.6  350s
 476786 470586   16.16973   57   32   11.46741   17.75146  54.8%  84.2  356s
 484644 478178   16.91192   54   41   11.46741   17.74209  54.7%  84.1  360s
 495998 489471   16.57228   44   22   11.46741   17.72350  54.6%  83.8  365s
 506588 496414   16.63189   32   47   11.46741   17.71006  54.4%  83.6  371s
 506653 496477   16.43353   42   39   11.46741   17.70777  54.4%  83.6  375s
H506660 496477                      11.4674072   17.70769  54.4%  83.6  375s
H506904 496596                      11.5005524   17.70725  54.0%  83.6  377s
 510148 502331   15.77105   48   39   11.50055   17.70359  53.9%  83.5  382s
H511135 502320                      11.5018253   17.70230  53.9%  83.5  382s
H512122 502204                      11.5349663   17.70202  53.5%  83.5  382s
 512717 508010   17.70177   49   25   11.53497   17.70177  53.5%  83.5  385s
 526949 520270   14.47247   34   37   11.53497   17.68085  53.3%  83.2  390s
 537990 531258   17.49898   49   41   11.53497   17.66513  53.1%  83.0  395s
 550070 542912   17.65131   52   41   11.53497   17.65131  53.0%  82.7  400s
 560958 553523   15.74556   50   41   11.53497   17.63752  52.9%  82.5  405s
 571754 564911   15.02641   50   21   11.53497   17.62402  52.8%  82.3  410s
 583322 575769   17.35632   50   43   11.53497   17.61137  52.7%  82.1  415s
 593972 586394   16.06305   52   38   11.53497   17.59808  52.6%  81.9  420s
 605413 597693   17.19550   53   37   11.53497   17.58639  52.5%  81.8  425s
 616466 608910   17.43415   56   36   11.53497   17.57445  52.4%  81.6  430s
 627331 619450   15.48878   55   37   11.53497   17.56117  52.2%  81.5  435s
 638618 630667   17.08656   58   34   11.53497   17.54887  52.1%  81.3  441s
 649393 641318   16.72435   52   37   11.53497   17.53715  52.0%  81.2  446s
 660258 651568   17.50486   46   37   11.53497   17.52519  51.9%  81.1  451s
 668235 660405   17.51596   47   36   11.53497   17.51786  51.9%  81.0  455s
 679747 671427   15.03877   53   42   11.53497   17.50714  51.8%  80.9  460s
 690747 682653   14.79776   55   34   11.53497   17.49426  51.7%  80.8  465s
 701848 693024   17.15921   53   32   11.53497   17.48371  51.6%  80.7  471s
 712532 703812   15.89666   54   32   11.53497   17.47348  51.5%  80.6  476s
 720058 711512   14.79910   55   37   11.53497   17.46688  51.4%  80.5  480s
 730957 722236   17.11097   54   32   11.53497   17.45465  51.3%  80.4  485s
 742279 733385   16.56236   51   33   11.53497   17.44312  51.2%  80.3  490s
H749677 738962                      11.5489539   17.43587  51.0%  80.3  494s
H750455 738943                      11.5521573   17.43538  50.9%  80.3  494s
 751671 745157   17.43527   55   23   11.55216   17.43527  50.9%  80.3  497s
 762191 753499   16.89757   52   42   11.55216   17.42472  50.8%  80.2  501s
 770562 761665   17.18271   54   33   11.55216   17.41847  50.8%  80.1  505s
 781918 772818   17.30062   50   35   11.55216   17.40795  50.7%  80.0  510s
 793513 783178   14.94562   56   39   11.55216   17.39852  50.6%  79.9  515s
 803601 794215   13.30617   54   37   11.55216   17.39015  50.5%  79.8  520s
 815042 805319   14.62396   55   37   11.55216   17.38006  50.4%  79.7  525s
 825573 816138   16.49972   47   42   11.55216   17.37060  50.4%  79.7  531s
 829565 816202   17.11504   54   33   11.55216   17.36697  50.3%  79.6  535s
H829614 816233                      11.5522427   17.36644  50.3%  79.6  538s
 829629 819125   17.26438   51   36   11.55224   17.36634  50.3%  79.6  540s
 840371 830903   14.00919   43   36   11.55224   17.35770  50.3%  79.6  545s
 851304 841451   17.10100   56   33   11.55224   17.34916  50.2%  79.5  550s
 862220 852016   16.72926   56   33   11.55224   17.34196  50.1%  79.4  555s
 873494 862910   17.33195   53   32   11.55224   17.33195  50.0%  79.3  560s
 887821 877492   16.82994   54   36   11.55224   17.32153  49.9%  79.2  566s
 898627 888410   16.16925   53   32   11.55224   17.31392  49.9%  79.2  571s
 909383 898893   16.78940   50   38   11.55224   17.30515  49.8%  79.1  576s
 920783 910281   16.86616   56   37   11.55224   17.29760  49.7%  79.0  581s
 931878 921040   16.99365   52   39   11.55224   17.28943  49.7%  79.0  586s
 942843 931518   16.93923   54   32   11.55224   17.28153  49.6%  78.9  591s
 949520 938942   16.92270   51   33   11.55224   17.27725  49.6%  78.9  595s
 961329 950311   16.35445   43   21   11.55224   17.26845  49.5%  78.8  600s
H965670 952214                      11.5538763   17.26562  49.4%  78.7  602s
H965971 938545                      12.7557673   17.26541  35.4%  78.7  603s
 970805 945894   14.50481   52   33   12.75577   17.26386  35.3%  78.7  606s
 977980 952639   16.70932   55   32   12.75577   17.25643  35.3%  78.7  610s
 988910 963689   16.90937   51   38   12.75577   17.24477  35.2%  78.7  616s
 995980 970109   16.44813   55   38   12.75577   17.23936  35.1%  78.7  620s
 1006975 981275   16.97300   48   40   12.75577   17.23026  35.1%  78.6  625s
 1018146 992057   16.58208   55   31   12.75577   17.22183  35.0%  78.6  631s
 1025477 999091     cutoff   55        12.75577   17.21637  35.0%  78.6  635s
 1036136 1010056   16.87413   49   32   12.75577   17.20867  34.9%  78.5  640s
 1047398 1020517   17.18079   51   41   12.75577   17.20055  34.8%  78.5  646s
 1054716 1028055   17.00069   49   35   12.75577   17.19653  34.8%  78.5  650s
 1061834 1031351   17.02015   57   35   12.75577   17.18944  34.8%  78.5  655s
 1061899 1031413   14.68254   53   33   12.75577   17.18834  34.7%  78.5  660s
 1065839 1038951   13.75907   54   29   12.75577   17.18722  34.7%  78.5  666s
 1073498 1046418   15.88615   55   31   12.75577   17.18036  34.7%  78.5  671s
 1084648 1056711   17.17138   47   27   12.75577   17.17183  34.6%  78.5  676s
 1091826 1064178   17.09381   49   33   12.75577   17.16680  34.6%  78.4  680s
 1102892 1074830   16.47546   51   33   12.75577   17.15924  34.5%  78.4  686s
 1109834 1081762   16.77994   52   30   12.75577   17.15434  34.5%  78.4  690s
 1120984 1092593   13.06132   54   25   12.75577   17.14522  34.4%  78.4  695s
 1131868 1103359   17.13174   49   21   12.75577   17.13713  34.3%  78.4  701s
 1139366 1110296   17.09865   53   34   12.75577   17.13305  34.3%  78.4  705s
 1149507 1120632     cutoff   45        12.75577   17.12491  34.3%  78.3  711s
 1157290 1127402   16.50509   52   29   12.75577   17.11967  34.2%  78.3  715s
 1168138 1138518   14.61640   36   32   12.75577   17.11300  34.2%  78.3  721s
 1175320 1145583   16.49419   57   32   12.75577   17.10762  34.1%  78.3  725s
 1186243 1156067   17.08489   46   46   12.75577   17.10087  34.1%  78.3  730s
 1196386 1166074   13.54457   44   22   12.75577   17.09422  34.0%  78.3  736s
 1203708 1171679   16.62814   51   39   12.75577   17.08904  34.0%  78.3  740s
H1204549 1171645                      12.7577428   17.08860  33.9%  78.3  741s
 1210318 1179982   14.91574   57   31   12.75774   17.08488  33.9%  78.3  745s
 1221754 1190938   16.97833   56   38   12.75774   17.07717  33.9%  78.3  751s
 1229458 1198179   15.92687   56   36   12.75774   17.07226  33.8%  78.2  755s
 1240126 1208590   16.70280   55   36   12.75774   17.06515  33.8%  78.2  760s
 1250543 1218960   16.60067   51   38   12.75774   17.05893  33.7%  78.2  766s
 1258277 1226352   16.74079   52   34   12.75774   17.05509  33.7%  78.2  770s
 1269396 1236921   17.04269   48   43   12.75774   17.04859  33.6%  78.2  775s
 1280272 1247558   14.00120   55   36   12.75774   17.04156  33.6%  78.2  781s
 1287293 1254409   16.46996   51   36   12.75774   17.03768  33.5%  78.2  785s
 1297977 1264817   16.37427   54   36   12.75774   17.03069  33.5%  78.1  791s
 1309112 1275159   16.16750   57   32   12.75774   17.02406  33.4%  78.1  797s
 1316218 1282422   16.70272   55   38   12.75774   17.02070  33.4%  78.1  800s
 1327009 1292922   16.46297   54   39   12.75774   17.01401  33.4%  78.1  806s
 1334316 1300006   16.39993   53   38   12.75774   17.00882  33.3%  78.1  810s
 1345232 1310526   14.63788   55   33   12.75774   17.00327  33.3%  78.1  816s
 1352556 1317282   16.46439   55   38   12.75774   16.99951  33.2%  78.0  820s
 1362867 1327826   16.24204   51   38   12.75774   16.99299  33.2%  78.0  826s
 1370716 1335195   14.89290   52   42   12.75774   16.98926  33.2%  78.0  830s
 1374417 1335259   16.52662   49   37   12.75774   16.98679  33.1%  78.0  835s
 1374481 1335945   15.98933   51   38   12.75774   16.98645  33.1%  78.0  840s
H1374800 1335858                      12.7611872   16.98642  33.1%  78.0  841s
 1377832 1340656   16.46372   50   40   12.76119   16.98580  33.1%  78.0  846s
H1382313 1344373                      12.7619435   16.98467  33.1%  78.0  849s
 1383958 1349659   16.96089   52   35   12.76194   16.98421  33.1%  78.0  852s
 1393735 1358022   15.50873   52   37   12.76194   16.97698  33.0%  78.0  856s
 1401772 1365376   16.10024   50   39   12.76194   16.97244  33.0%  77.9  860s
 1412993 1375772   16.55623   51   41   12.76194   16.96683  32.9%  77.9  866s
 1423380 1385978   15.81532   58   32   12.76194   16.96002  32.9%  77.9  871s
 1430712 1393106   15.57016   44   16   12.76194   16.95599  32.9%  77.9  875s
 1441607 1404017   16.69486   49   35   12.76194   16.95056  32.8%  77.9  881s
 1448840 1410628   15.53008   51   43   12.76194   16.94717  32.8%  77.9  885s
 1460069 1421463   13.50108   50   38   12.76194   16.94141  32.7%  77.8  890s
 1470784 1432274   16.00053   52   40   12.76194   16.93691  32.7%  77.8  896s
 1478269 1439190   13.15100   53   38   12.76194   16.93305  32.7%  77.8  900s
 1488725 1449552   16.32022   57   35   12.76194   16.92718  32.6%  77.8  905s
 1499774 1460374   14.06239   48   27   12.76194   16.92229  32.6%  77.8  911s
 1507172 1463697   16.44886   52   36   12.76194   16.91832  32.6%  77.8  916s
 1507237 1463759   16.22342   52   37   12.76194   16.91730  32.6%  77.8  920s
H1507239 1463711                      12.7633097   16.91730  32.5%  77.8  920s
H1507241 1459672                      12.8764790   16.91729  31.4%  77.8  921s
 1510915 1466325   14.74742   46   22   12.87648   16.91601  31.4%  77.8  925s
 1521831 1477211   16.10869   57   37   12.87648   16.90992  31.3%  77.8  931s
 1532571 1487361   16.10250   49   39   12.87648   16.90459  31.3%  77.7  936s
 1539108 1494008   16.52582   49   43   12.87648   16.90087  31.3%  77.7  940s
 1550373 1504651   13.81338   46   17   12.87648   16.89553  31.2%  77.7  945s
 1561247 1515379   16.66089   50   34   12.87648   16.89033  31.2%  77.7  951s
 1568545 1522105   16.84870   48   34   12.87648   16.88688  31.1%  77.7  955s
 1579514 1532544   15.72772   34   32   12.87648   16.88133  31.1%  77.7  961s
 1586070 1539142   16.49125   53   37   12.87648   16.87804  31.1%  77.7  965s
 1597407 1549760   16.42552   54   30   12.87648   16.87306  31.0%  77.6  970s
 1608278 1559876   16.56049   54   33   12.87648   16.86740  31.0%  77.6  976s
 1618535 1569900   14.97269   53   37   12.87648   16.86242  31.0%  77.6  981s
 1625473 1576884     cutoff   55        12.87648   16.85967  30.9%  77.6  985s
 1636802 1587492   16.14005   56   36   12.87648   16.85345  30.9%  77.6  991s
 1647859 1597646   15.27322   52   39   12.87648   16.84830  30.8%  77.6  996s
 1654612 1604313   14.64831   48   39   12.87648   16.84514  30.8%  77.6 1000s
 1665118 1611192   14.31803   48   32   12.87648   16.83980  30.8%  77.6 1007s
 1665183 1611255   16.40501   51   35   12.87648   16.83957  30.8%  77.6 1012s
H1665598 1611629                      12.8764791   16.83942  30.8%  77.6 1015s
 1673337 1622407   16.46656   58   30   12.87648   16.83570  30.7%  77.6 1021s
 1680672 1629640   16.81744   50   21   12.87648   16.83247  30.7%  77.6 1025s
 1691285 1639950   14.52921   62   30   12.87648   16.82809  30.7%  77.6 1031s
 1698599 1646807   16.82146   54   38   12.87648   16.82396  30.7%  77.6 1035s
 1709544 1656981   15.53324   59   29   12.87648   16.81856  30.6%  77.6 1040s
 1720359 1667909   16.35224   54   37   12.87648   16.81378  30.6%  77.6 1046s
 1727798 1674739   16.60000   55   36   12.87648   16.81093  30.6%  77.5 1050s
 1739027 1685499   15.45441   46   43   12.87648   16.80571  30.5%  77.5 1056s
 1745916 1692230   16.05845   51   41   12.87648   16.80241  30.5%  77.5 1060s
 1756981 1702582   16.78443   49   35   12.87648   16.79721  30.4%  77.5 1066s
 1768173 1713214   16.65389   51   40   12.87648   16.79281  30.4%  77.5 1071s
 1775452 1720164   16.20783   50   42   12.87648   16.78949  30.4%  77.5 1075s
 1786411 1731002   16.07022   54   35   12.87648   16.78458  30.4%  77.5 1081s
 1793520 1737781   16.52916   59   31   12.87648   16.78152  30.3%  77.5 1085s
H1800831 1742427                      12.8777026   16.77817  30.3%  77.4 1089s
 1802131 1746875   16.43070   59   31   12.87770   16.77784  30.3%  77.4 1092s
 1810973 1754687   14.76313   53   34   12.87770   16.77369  30.3%  77.4 1096s
 1819020 1762370   15.94316   54   35   12.87770   16.77041  30.2%  77.4 1100s
 1829659 1772871   15.55926   48   35   12.87770   16.76535  30.2%  77.4 1106s
 1837687 1780210   16.36369   52   37   12.87770   16.76197  30.2%  77.4 1110s
 1848963 1790902   16.11472   57   30   12.87770   16.75709  30.1%  77.4 1116s
 1855883 1797254   16.72961   55   34   12.87770   16.75357  30.1%  77.4 1120s
 1866831 1807903   16.49299   55   34   12.87770   16.74912  30.1%  77.4 1126s
 1874192 1814549   16.51493   50   39   12.87770   16.74576  30.0%  77.4 1130s
 1884981 1825033   16.64720   48   36   12.87770   16.74176  30.0%  77.4 1136s
 1892031 1832079   16.12853   55   31   12.87770   16.73855  30.0%  77.4 1140s
 1903180 1842697     cutoff   20        12.87770   16.73395  29.9%  77.4 1146s
 1910058 1849697   15.95132   52   38   12.87770   16.73093  29.9%  77.4 1150s
 1921296 1860098   14.67693   50   37   12.87770   16.72647  29.9%  77.3 1155s
 1932193 1870342   15.47744   51   37   12.87770   16.72273  29.9%  77.3 1161s
 1939349 1877143   16.32047   46   53   12.87770   16.71978  29.8%  77.3 1165s
 1949705 1887177   16.71562   52   35   12.87770   16.71562  29.8%  77.3 1171s
 1956738 1894000   16.52120   37   42   12.87770   16.71251  29.8%  77.3 1175s
 1967712 1904235   16.61201   49   28   12.87770   16.70818  29.7%  77.3 1181s
 1974671 1911077   16.33893   50   31   12.87770   16.70547  29.7%  77.3 1185s
 1978214 1923495   16.39205   51   41   12.87770   16.70327  29.7%  77.3 1204s
H1978682 1923464                      12.8783143   16.70327  29.7%  77.3 1204s
H1979935 1923376                      12.8799877   16.70295  29.7%  77.3 1204s
H1988014 1869133                      13.6020264   16.70285  22.8%  77.3 1205s
 1997934 1879520   16.25710   55   34   13.60203   16.69766  22.8%  77.3 1211s
 2007854 1887401   16.59158   52   41   13.60203   16.69293  22.7%  77.3 1216s
 2014970 1894034     cutoff   53        13.60203   16.68932  22.7%  77.3 1220s
 2025400 1903436   16.54254   52   38   13.60203   16.68511  22.7%  77.3 1226s
 2032353 1910270   16.32941   51   38   13.60203   16.68143  22.6%  77.3 1230s
 2042227 1920500   16.54718   51   38   13.60203   16.67709  22.6%  77.3 1237s
 2051459 1927512   16.31475   57   40   13.60203   16.67221  22.6%  77.3 1242s
 2058710 1934233     cutoff   52        13.60203   16.66932  22.6%  77.3 1246s
 2066375 1941140   15.97795   60   31   13.60203   16.66540  22.5%  77.3 1250s
 2076807 1947425   15.82090   62   30   13.60203   16.66075  22.5%  77.3 1257s
 2076880 1947482   15.79495   52   34   13.60203   16.66055  22.5%  77.3 1261s
H2076934 1945180                      13.6235817   16.66025  22.3%  77.3 1264s
 2076950 1948607   15.90217   53   39   13.62358   16.66022  22.3%  77.3 1267s
 2084140 1954890   16.16995   48   45   13.62358   16.65706  22.3%  77.3 1271s
 2091714 1962051   16.13261   53   41   13.62358   16.65378  22.2%  77.3 1276s
 2099416 1968760   16.63035   54   39   13.62358   16.65045  22.2%  77.3 1280s
 2110282 1978464   16.40531   51   34   13.62358   16.64614  22.2%  77.3 1286s
 2117259 1984896   16.53732   54   33   13.62358   16.64301  22.2%  77.3 1290s
 2124597 1989668   16.63972   55   32   13.62358   16.63972  22.1%  77.3 1297s
 2125864 1991212   16.63319   56   34   13.62358   16.63972  22.1%  77.3 1300s
 2129620 1994566   16.61526   53   40   13.62358   16.63929  22.1%  77.3 1305s
 2131280 1997993   16.60314   50   30   13.62358   16.63898  22.1%  77.3 1310s
H2133127 1997993                      13.6235817   16.63898  22.1%  77.3 1310s
 2135059 2001596   16.34387   51   38   13.62358   16.63898  22.1%  77.3 1316s
 2139035 2005066   16.63898   52   29   13.62358   16.63898  22.1%  77.3 1320s
 2147090 2012424   16.41470   50   42   13.62358   16.63475  22.1%  77.3 1327s
 2150941 2015705   16.61884   51   39   13.62358   16.63475  22.1%  77.3 1330s
 2154597 2019329   16.03257   52   38   13.62358   16.63093  22.1%  77.3 1336s
 2160588 2024787   16.14957   48   41   13.62358   16.62883  22.1%  77.3 1341s
 2167925 2031396   15.31136   58   36   13.62358   16.62311  22.0%  77.3 1347s
 2171805 2034739   16.50343   50   36   13.62358   16.62167  22.0%  77.3 1350s
 2179623 2042128   16.30734   55   30   13.62358   16.61777  22.0%  77.3 1356s
 2187210 2049205   15.26264   56   33   13.62358   16.61342  21.9%  77.3 1362s
 2194632 2055239   15.73932   51   38   13.62358   16.60912  21.9%  77.3 1366s
 2201576 2061896   15.57056   57   34   13.62358   16.60604  21.9%  77.3 1370s
 2208786 2068310   16.19803   53   34   13.62358   16.60194  21.9%  77.3 1375s
 2212484 2068367   16.48258   50   39   13.62358   16.59906  21.8%  77.3 1381s
 2212603 2070232   16.59900   52   35   13.62358   16.59906  21.8%  77.3 1386s
 2218865 2077976   14.30058   57   37   13.62358   16.59634  21.8%  77.3 1391s
 2226661 2084167   14.04094   50   38   13.62358   16.59255  21.8%  77.3 1395s
 2237075 2093944   13.70673   48   38   13.62358   16.58746  21.8%  77.3 1401s
 2244360 2100559   16.34796   48   39   13.62358   16.58466  21.7%  77.3 1406s
 2251561 2107148     cutoff   53        13.62358   16.58138  21.7%  77.3 1410s
 2262484 2116446   15.93199   50   40   13.62358   16.57708  21.7%  77.3 1416s
 2269295 2123222   14.88164   57   31   13.62358   16.57347  21.7%  77.3 1420s
 2280003 2132780   16.21696   55   37   13.62358   16.56861  21.6%  77.3 1426s
 2287469 2139240   16.29797   52   34   13.62358   16.56596  21.6%  77.2 1430s
 2294709 2146229   15.38300   57   36   13.62358   16.56261  21.6%  77.2 1435s
 2305827 2156135   16.37444   48   38   13.62358   16.55789  21.5%  77.2 1441s
 2312833 2162795   16.48127   47   41   13.62358   16.55496  21.5%  77.2 1445s
 2323753 2172342   16.51704   54   34   13.62358   16.55060  21.5%  77.2 1451s
 2330851 2179226   15.00558   54   40   13.62358   16.54773  21.5%  77.2 1455s
 2338480 2185505   16.10766   56   34   13.62358   16.54461  21.4%  77.2 1460s
 2349340 2195310   16.50238   53   36   13.62358   16.54002  21.4%  77.2 1465s
 2356193 2202027   15.80617   55   31   13.62358   16.53663  21.4%  77.2 1470s
 2367245 2211804     cutoff   53        13.62358   16.53156  21.3%  77.2 1475s
 2378217 2221577   16.42892   42   42   13.62358   16.52731  21.3%  77.2 1481s
 2385367 2228228   14.28676   57   32   13.62358   16.52461  21.3%  77.2 1485s
 2396197 2237758     cutoff   54        13.62358   16.51969  21.3%  77.2 1491s
 2406951 2247510   15.96104   55   33   13.62358   16.51527  21.2%  77.2 1496s
 2413809 2253579   16.44530   55   33   13.62358   16.51268  21.2%  77.2 1500s
 2424960 2263914     cutoff   55        13.62358   16.50807  21.2%  77.2 1506s
 2432504 2270628   15.68759   59   29   13.62358   16.50490  21.1%  77.2 1510s
 2442977 2280143     cutoff   50        13.62358   16.50050  21.1%  77.2 1517s
 2450306 2286800   15.97836   49   37   13.62358   16.49792  21.1%  77.2 1521s
 2457644 2293282   15.58899   61   35   13.62358   16.49460  21.1%  77.2 1525s
 2468701 2302848   16.34158   53   37   13.62358   16.49059  21.0%  77.2 1531s
 2475653 2309368   16.14382   54   31   13.62358   16.48759  21.0%  77.2 1535s
 2482832 2316029   14.20861   58   33   13.62358   16.48502  21.0%  77.2 1540s
 2494151 2326084   15.81620   58   35   13.62358   16.48035  21.0%  77.2 1546s
 2501324 2332269   16.37621   50   35   13.62358   16.47773  21.0%  77.2 1550s
 2508717 2339012   16.22894   59   32   13.62358   16.47477  20.9%  77.1 1555s
 2519527 2348957   15.85591   49   34   13.62358   16.47073  20.9%  77.1 1561s
 2526733 2355112   15.81919   51   41   13.62358   16.46786  20.9%  77.1 1565s
 2537389 2365087   15.88909   55   35   13.62358   16.46405  20.8%  77.1 1571s
 2544819 2371285   15.18138   45   34   13.62358   16.46154  20.8%  77.1 1575s
 2555366 2380837   15.85573   58   34   13.62358   16.45724  20.8%  77.1 1582s
 2562184 2387062   16.29575   51   37   13.62358   16.45515  20.8%  77.1 1586s
 2569269 2393365   16.29535   56   31   13.62358   16.45163  20.8%  77.1 1590s
 2580380 2403513   15.15356   53   40   13.62358   16.44762  20.7%  77.1 1596s
 2587353 2409913   16.44499   52   33   13.62358   16.44500  20.7%  77.1 1600s
 2598383 2419728   16.03087   59   28   13.62358   16.44121  20.7%  77.1 1606s
 2605619 2426246   16.32764   52   38   13.62358   16.43815  20.7%  77.1 1611s
 2613021 2432782   15.25849   57   27   13.62358   16.43543  20.6%  77.1 1615s
 2623549 2442190   16.25123   52   37   13.62358   16.43232  20.6%  77.1 1621s
 2630517 2448592   16.07722   49   38   13.62358   16.42899  20.6%  77.1 1625s
 2641390 2458308   15.78354   54   30   13.62358   16.42481  20.6%  77.1 1631s
 2648654 2465026   15.91206   55   34   13.62358   16.42235  20.5%  77.1 1635s
 2659456 2474561   16.28651   52   39   13.62358   16.41827  20.5%  77.1 1641s
 2666512 2481030   16.34666   64   27   13.62358   16.41517  20.5%  77.1 1645s
 2677184 2490671     cutoff   56        13.62358   16.41142  20.5%  77.1 1651s
 2684527 2497061   16.24734   47   26   13.62358   16.40857  20.4%  77.1 1655s
 2694795 2506528   13.66505   54   38   13.62358   16.40462  20.4%  77.1 1661s
 2702211 2513266   15.67675   55   33   13.62358   16.40221  20.4%  77.1 1665s
 2713463 2522977   15.14779   50   39   13.62358   16.39787  20.4%  77.0 1671s
 2720516 2529486   15.05349   54   30   13.62358   16.39494  20.3%  77.0 1675s
 2731376 2538813   14.49145   58   31   13.62358   16.39141  20.3%  77.0 1682s
 2738354 2545617     cutoff   58        13.62358   16.38848  20.3%  77.0 1686s
 2745891 2551752   16.29711   56   31   13.62358   16.38625  20.3%  77.0 1690s
 2756861 2561913   15.90074   54   33   13.62358   16.38235  20.2%  77.0 1696s
 2763753 2568074   15.79270   53   35   13.62358   16.37978  20.2%  77.0 1701s
 2771056 2574416   16.01777   54   35   13.62358   16.37703  20.2%  77.0 1705s
 2781496 2583586   15.83250   55   30   13.62358   16.37311  20.2%  77.0 1711s
 2788665 2590308   15.78120   59   30   13.62358   16.37059  20.2%  77.0 1716s
 2796283 2596999   15.27146   51   38   13.62358   16.36759  20.1%  77.0 1720s
 2807069 2606445   15.65633   53   41   13.62358   16.36343  20.1%  77.0 1726s
 2813699 2609207   16.19392   54   35   13.62358   16.36107  20.1%  77.0 1731s
 2813768 2609265   15.64464   53   39   13.62358   16.36092  20.1%  77.0 1736s
 2813839 2609334   16.36065   53   26   13.62358   16.36065  20.1%  77.0 1741s
 2814072 2610448   16.25807   49   44   13.62358   16.36046  20.1%  77.0 1747s
 2815176 2612558   16.19303   46   34   13.62358   16.36039  20.1%  77.0 1750s
 2821180 2619962   15.64100   57   32   13.62358   16.36020  20.1%  77.0 1758s
 2825816 2624197   16.36001   48   37   13.62358   16.36001  20.1%  77.0 1761s
 2834805 2631891   15.86721   51   35   13.62358   16.35515  20.1%  77.0 1766s
 2842653 2637777   16.19927   30   41   13.62358   16.35171  20.0%  77.0 1770s
 2849559 2644723   13.84184   55   36   13.62358   16.34919  20.0%  77.0 1775s
 2860935 2654565   15.22790   54   30   13.62358   16.34543  20.0%  77.0 1781s
 2867990 2660856   15.98493   48   38   13.62358   16.34319  20.0%  77.0 1786s
 2875002 2667070   14.37232   50   32   13.62358   16.34095  19.9%  77.0 1790s
 2882270 2673658   14.28076   60   30   13.62358   16.33861  19.9%  77.0 1795s
 2893662 2683510   15.80624   58   33   13.62358   16.33454  19.9%  77.0 1802s
 2901090 2689994   16.21259   52   35   13.62358   16.33244  19.9%  77.0 1806s
 2908116 2696857   15.54443   51   16   13.62358   16.33011  19.9%  77.0 1810s
 2915705 2703006   15.53078   58   36   13.62358   16.32771  19.8%  77.0 1815s
 2926222 2712820   15.74692   52   44   13.62358   16.32445  19.8%  76.9 1821s
 2933613 2719229   15.90475   54   36   13.62358   16.32216  19.8%  76.9 1825s
 2944211 2728732   14.91557   50   36   13.62358   16.31916  19.8%  76.9 1832s
 2951177 2735260   15.47640   57   30   13.62358   16.31708  19.8%  76.9 1836s
 2958472 2741558   13.82415   51   40   13.62358   16.31496  19.8%  76.9 1840s
 2969257 2751164   16.06021   51   42   13.62358   16.31159  19.7%  76.9 1846s
 2976262 2757673   16.28562   56   33   13.62358   16.30925  19.7%  76.9 1851s
 2980254 2757733   14.04701   57   33   13.62358   16.30798  19.7%  76.9 1856s
 2980325 2757790   16.20495   60   27   13.62358   16.30778  19.7%  76.9 1861s
H2980391 2757821                      13.6235818   16.30768  19.7%  76.9 1865s
 2980513 2758059   16.26665   55   30   13.62358   16.30764  19.7%  76.9 1870s
 2980906 2759035     cutoff   51        13.62358   16.30758  19.7%  76.9 1875s
 2981752 2759066   16.00804   54   38   13.62358   16.30753  19.7%  76.9 1880s
 2982385 2761579   15.64736   52   36   13.62358   16.30742  19.7%  76.9 1887s
H2984583 2761579                      13.6235818   16.30736  19.7%  76.9 1887s
 2984591 2765343   15.73475   48   41   13.62358   16.30735  19.7%  76.9 1890s
 2991331 2770010   15.44472   62   29   13.62358   16.30671  19.7%  76.9 1899s
 2994036 2773936   15.79249   67   26   13.62358   16.30567  19.7%  76.9 1902s
 2998402 2777375   16.01897   58   31   13.62358   16.30395  19.7%  76.9 1905s
 3006424 2784513   15.97765   54   39   13.62358   16.30130  19.7%  76.9 1910s
 3017593 2794565   16.12530   59   29   13.62358   16.29723  19.6%  76.9 1917s
 3024926 2800701   15.89073   53   36   13.62358   16.29526  19.6%  76.9 1921s
 3032014 2807049   15.04993   55   39   13.62358   16.29306  19.6%  76.9 1926s
 3039413 2813801   15.75575   54   35   13.62358   16.29132  19.6%  76.9 1930s
 3047090 2820627   15.95573   56   34   13.62358   16.28928  19.6%  76.9 1935s
 3057647 2830169   15.73953   56   33   13.62358   16.28599  19.5%  76.9 1941s
 3065099 2836186   13.66342   56   40   13.62358   16.28398  19.5%  76.9 1946s
 3072097 2843235   16.26537   45   36   13.62358   16.28217  19.5%  76.9 1950s
 3083302 2852785   15.83977   60   31   13.62358   16.27887  19.5%  76.8 1957s
 3090620 2859154   13.78463   57   36   13.62358   16.27696  19.5%  76.8 1961s
 3097920 2865760   16.06895   60   29   13.62358   16.27509  19.5%  76.8 1965s
 3108756 2875371   16.22783   62   27   13.62358   16.27231  19.4%  76.8 1971s
 3115946 2881590   16.11156   51   33   13.62358   16.27067  19.4%  76.8 1976s
 3123024 2888102   15.45711   54   33   13.62358   16.26850  19.4%  76.8 1980s
 3134069 2897729   16.26586   50   21   13.62358   16.26586  19.4%  76.8 1987s
 3141095 2904236   15.95976   51   30   13.62358   16.26378  19.4%  76.8 1991s
 3148403 2910551   16.26225   49   31   13.62358   16.26225  19.4%  76.8 1995s
 3159479 2920032   15.86134   47   39   13.62358   16.25955  19.3%  76.8 2001s
 3166505 2926760   14.86529   51   44   13.62358   16.25762  19.3%  76.8 2006s
 3173580 2933358   15.97037   60   28   13.62358   16.25590  19.3%  76.8 2010s
 3181306 2939534   16.24382   45   30   13.62358   16.25363  19.3%  76.8 2015s
 3192117 2949603   15.54306   54   36   13.62358   16.25090  19.3%  76.8 2021s
 3199611 2955856   14.96449   61   32   13.62358   16.24917  19.3%  76.7 2026s
 3206904 2962433   16.24165   51   37   13.62358   16.24756  19.3%  76.7 2030s
 3217627 2972107   16.16624   51   39   13.62358   16.24486  19.2%  76.7 2036s
 3224744 2978356   15.02896   53   39   13.62358   16.24313  19.2%  76.7 2041s
 3231965 2984740   16.07088   52   35   13.62358   16.24107  19.2%  76.7 2045s
 3242403 2993996   16.20094   52   38   13.62358   16.23856  19.2%  76.7 2052s
 3249694 3000333   16.06881   53   32   13.62358   16.23673  19.2%  76.7 2056s
 3257102 3006688   16.19078   43   27   13.62358   16.23491  19.2%  76.7 2060s
 3264310 3013236   16.03560   54   32   13.62358   16.23316  19.2%  76.7 2065s
 3274887 3022712   15.11916   48   36   13.62358   16.23034  19.1%  76.7 2071s
 3281920 3029026   14.96361   54   31   13.62358   16.22901  19.1%  76.7 2076s
 3289405 3035636   15.70749   59   30   13.62358   16.22709  19.1%  76.7 2080s
 3300262 3045153   16.22428   52   28   13.62358   16.22428  19.1%  76.7 2087s
 3307712 3051788     cutoff   54        13.62358   16.22285  19.1%  76.7 2091s
 3315248 3058552   15.92215   54   31   13.62358   16.22100  19.1%  76.7 2096s
 3322675 3065124   15.33865   48   37   13.62358   16.21930  19.1%  76.7 2100s
 3333639 3074487   15.64932   51   38   13.62358   16.21659  19.0%  76.7 2106s
 3340944 3081218   15.84856   49   22   13.62358   16.21492  19.0%  76.6 2110s
 3348179 3087584   15.01966   48   34   13.62358   16.21376  19.0%  76.6 2115s
 3359090 3097165   16.18153   52   44   13.62358   16.21146  19.0%  76.6 2121s
 3366031 3103319     cutoff   52        13.62358   16.20983  19.0%  76.6 2125s
 3373485 3109709   14.20746   53   34   13.62358   16.20799  19.0%  76.6 2130s
 3384000 3119422   15.54397   51   38   13.62358   16.20546  19.0%  76.6 2136s
 3391041 3125743   15.99648   47   28   13.62358   16.20416  18.9%  76.6 2141s
 3399042 3132404   16.04528   56   31   13.62358   16.20218  18.9%  76.6 2145s
 3410109 3142246   15.88741   57   29   13.62358   16.19990  18.9%  76.6 2152s
 3417285 3148422   15.24244   50   38   13.62358   16.19839  18.9%  76.6 2156s
 3424223 3154921   15.39805   54   36   13.62358   16.19694  18.9%  76.6 2160s
 3431669 3161576   14.99392   57   31   13.62358   16.19526  18.9%  76.6 2165s
 3442576 3170740   14.46267   54   34   13.62358   16.19275  18.9%  76.6 2171s
 3449818 3177352   16.01298   49   26   13.62358   16.19128  18.8%  76.6 2176s
 3456936 3183429   15.42974   54   41   13.62358   16.18982  18.8%  76.6 2180s
 3467493 3193009   15.31602   47   38   13.62358   16.18755  18.8%  76.5 2187s
 3474673 3199305   15.40036   53   38   13.62358   16.18583  18.8%  76.5 2191s
 3481955 3205613   15.94787   65   26   13.62358   16.18402  18.8%  76.5 2195s
 3489049 3211939   16.18188   50   39   13.62358   16.18276  18.8%  76.5 2200s
 3499822 3221396   15.93393   49   41   13.62358   16.18019  18.8%  76.5 2206s
 3506874 3227979   15.82885   56   31   13.62358   16.17883  18.8%  76.5 2211s
 3514412 3234083   15.27673   53   37   13.62358   16.17728  18.7%  76.5 2215s
 3521692 3240953   15.87492   54   32   13.62358   16.17580  18.7%  76.5 2220s
 3532298 3250281   16.13868   58   36   13.62358   16.17364  18.7%  76.5 2226s
 3539766 3256616   15.02240   61   28   13.62358   16.17220  18.7%  76.5 2231s
 3546849 3263063   16.00040   58   28   13.62358   16.17064  18.7%  76.5 2235s
 3554340 3269335   16.04452   56   30   13.62358   16.16905  18.7%  76.5 2240s
 3565105 3278665   15.99039   57   34   13.62358   16.16679  18.7%  76.5 2247s
 3572051 3284981   15.39203   57   32   13.62358   16.16537  18.7%  76.5 2251s
 3579339 3291275   15.52143   53   36   13.62358   16.16382  18.6%  76.5 2255s
 3586129 3297625   15.97216   47   36   13.62358   16.16225  18.6%  76.5 2260s
 3597338 3307167   16.15736   49   31   13.62358   16.16003  18.6%  76.5 2267s
 3604791 3313802   15.47274   51   38   13.62358   16.15879  18.6%  76.5 2271s
 3611637 3320000   14.70320   61   29   13.62358   16.15716  18.6%  76.4 2276s
 3619111 3326405   16.09730   52   40   13.62358   16.15564  18.6%  76.4 2281s
 3626457 3333016   15.83134   57   33   13.62358   16.15417  18.6%  76.4 2285s
 3633868 3339049   15.44663   50   34   13.62358   16.15274  18.6%  76.4 2290s
 3640876 3345415   14.96347   53   33   13.62358   16.15132  18.6%  76.4 2295s
 3651816 3354973   15.52344   60   28   13.62358   16.14884  18.5%  76.4 2302s
 3658942 3361400   15.96122   55   35   13.62358   16.14748  18.5%  76.4 2307s
 3666540 3367783   14.79574   52   37   13.62358   16.14599  18.5%  76.4 2311s
 3673409 3374089   14.53495   55   40   13.62358   16.14472  18.5%  76.4 2316s
 3680811 3380597   16.13172   48   36   13.62358   16.14322  18.5%  76.4 2321s
 3688269 3386867   16.09081   59   32   13.62358   16.14171  18.5%  76.4 2326s
 3695426 3393161   15.63214   56   32   13.62358   16.14035  18.5%  76.4 2331s
 3702560 3399644   15.25042   49   29   13.62358   16.13888  18.5%  76.4 2335s
 3709714 3405741   16.05065   60   34   13.62358   16.13737  18.5%  76.4 2340s
 3716916 3412167   15.21313   53   37   13.62358   16.13581  18.4%  76.4 2345s
 3724120 3418556   15.17782   54   34   13.62358   16.13467  18.4%  76.4 2350s
 3731273 3424770     cutoff   59        13.62358   16.13309  18.4%  76.4 2355s
 3738404 3430888   15.63212   47   38   13.62358   16.13166  18.4%  76.4 2360s
 3745599 3437618   15.09262   63   32   13.62358   16.13062  18.4%  76.4 2365s
 3752764 3443764   15.67005   53   35   13.62358   16.12925  18.4%  76.4 2370s
 3760190 3449877   13.82235   48   35   13.62358   16.12770  18.4%  76.4 2375s
 3766830 3456276   15.42425   55   33   13.62358   16.12646  18.4%  76.4 2380s
 3774796 3462981     cutoff   47        13.62358   16.12505  18.4%  76.3 2385s
 3781827 3469304   16.12372   49   28   13.62358   16.12372  18.4%  76.3 2390s
 3789325 3475285   14.76844   58   37   13.62358   16.12229  18.3%  76.3 2395s
 3799789 3484988   15.38022   59   29   13.62358   16.12016  18.3%  76.3 2402s
 3807296 3491477   15.73703   52   34   13.62358   16.11883  18.3%  76.3 2406s
 3814946 3497702   16.05500   65   25   13.62358   16.11741  18.3%  76.3 2411s
 3821902 3503870   16.03967   53   39   13.62358   16.11613  18.3%  76.3 2415s
 3828731 3510045   15.31661   55   33   13.62358   16.11478  18.3%  76.3 2420s
 3839619 3519603   16.11291   53   18   13.62358   16.11291  18.3%  76.3 2426s
 3846722 3526261   15.73894   51   36   13.62358   16.11176  18.3%  76.3 2431s
 3854230 3532287   15.80694   56   33   13.62358   16.11011  18.3%  76.3 2435s
 3860809 3538612   15.36026   62   33   13.62358   16.10873  18.2%  76.3 2440s
 3871940 3547981     cutoff   53        13.62358   16.10670  18.2%  76.3 2446s
 3878984 3554552   15.39800   60   28   13.62358   16.10521  18.2%  76.3 2451s
 3886175 3560746   15.48301   47   24   13.62358   16.10396  18.2%  76.3 2455s
 3893659 3567142   15.15244   57   32   13.62358   16.10266  18.2%  76.3 2460s
 3901048 3573777   15.96004   51   34   13.62358   16.10124  18.2%  76.3 2465s
 3912020 3583159   15.36201   53   39   13.62358   16.09937  18.2%  76.3 2471s
 3918906 3589190   15.10340   51   40   13.62358   16.09823  18.2%  76.3 2476s
 3926336 3595574   15.74025   57   34   13.62358   16.09691  18.2%  76.3 2480s
 3933131 3601743   15.34581   57   29   13.62358   16.09557  18.1%  76.3 2485s
 3944226 3611282   15.68432   46   43   13.62358   16.09370  18.1%  76.3 2492s
 3951162 3617627   16.09246   48   20   13.62358   16.09246  18.1%  76.3 2496s
 3958150 3623933   15.88973   54   32   13.62358   16.09106  18.1%  76.2 2501s
 3966007 3630365   15.32115   29   35   13.62358   16.08996  18.1%  76.2 2505s
 3973070 3636689   15.87866   52   39   13.62358   16.08851  18.1%  76.2 2510s
 3979983 3642628   15.87752   48   41   13.62358   16.08711  18.1%  76.2 2515s
 3991355 3652436   15.79304   59   35   13.62358   16.08509  18.1%  76.2 2522s
 3998516 3658779   14.85787   56   37   13.62358   16.08365  18.1%  76.2 2526s
 4005948 3665043   15.56787   53   34   13.62358   16.08238  18.0%  76.2 2531s
 4012731 3671350   15.34224   43   22   13.62358   16.08123  18.0%  76.2 2536s
 4020029 3677749   15.84034   55   36   13.62358   16.07993  18.0%  76.2 2540s
 4027318 3683972   15.86653   53   40   13.62358   16.07855  18.0%  76.2 2545s
 4034848 3689968     cutoff   57        13.62358   16.07712  18.0%  76.2 2550s
 4045761 3699999   15.98382   54   35   13.62358   16.07546  18.0%  76.2 2557s
 4053070 3706553   15.90576   56   30   13.62358   16.07412  18.0%  76.2 2561s
 4060510 3712725   15.40345   52   35   13.62358   16.07284  18.0%  76.2 2566s
 4067237 3718690   14.87375   58   34   13.62358   16.07144  18.0%  76.2 2570s
 4074630 3725091   14.82581   59   28   13.62358   16.07011  18.0%  76.2 2575s
 4082092 3731574   16.01419   54   35   13.62358   16.06876  17.9%  76.2 2580s
 4093073 3741173   15.48155   53   40   13.62358   16.06708  17.9%  76.2 2587s
 4100090 3747382   15.67735   60   28   13.62358   16.06589  17.9%  76.2 2591s
 4107246 3753935   16.01239   45   35   13.62358   16.06446  17.9%  76.2 2596s
 4114883 3760527   15.97619   51   35   13.62358   16.06320  17.9%  76.2 2600s
 4122178 3766327     cutoff   53        13.62358   16.06216  17.9%  76.2 2605s
 4132836 3776047   15.83441   53   40   13.62358   16.06013  17.9%  76.2 2612s
 4140080 3782416   15.86537   53   32   13.62358   16.05918  17.9%  76.2 2617s
 4147535 3789117     cutoff   48        13.62358   16.05805  17.9%  76.2 2621s
 4154681 3795205   15.80621   54   36   13.62358   16.05664  17.9%  76.2 2626s
 4161926 3801670   15.66063   37   25   13.62358   16.05553  17.9%  76.1 2631s
 4169947 3808502   15.85598   61   30   13.62358   16.05451  17.8%  76.1 2635s
 4177145 3814869   15.25628   59   30   13.62358   16.05327  17.8%  76.1 2640s
 4187722 3823887   15.00439   49   44   13.62358   16.05155  17.8%  76.1 2646s
 4195211 3830524   15.92956   54   38   13.62358   16.05038  17.8%  76.1 2651s
 4202871 3837001   15.64007   58   33   13.62358   16.04915  17.8%  76.1 2656s
 4209995 3843398   15.52137   59   33   13.62358   16.04814  17.8%  76.1 2660s
 4216870 3849572     cutoff   57        13.62358   16.04698  17.8%  76.1 2665s
 4224254 3855528   14.57947   58   32   13.62358   16.04583  17.8%  76.1 2670s
 4235054 3865095   16.04417   47   35   13.62358   16.04417  17.8%  76.1 2677s
 4242292 3871124   14.82614   47   40   13.62358   16.04299  17.8%  76.1 2681s
 4249310 3877644     cutoff   63        13.62358   16.04199  17.8%  76.1 2686s
 4256461 3884031   15.49793   60   28   13.62358   16.04080  17.7%  76.1 2690s
 4263742 3890199   15.70511   56   36   13.62358   16.03970  17.7%  76.1 2695s
 4271133 3896710     cutoff   52        13.62358   16.03852  17.7%  76.1 2700s
 4282066 3905933   14.80715   56   38   13.62358   16.03689  17.7%  76.1 2707s
 4289239 3912459   16.03573   49   22   13.62358   16.03573  17.7%  76.1 2711s
 4296396 3918493   16.01283   52   41   13.62358   16.03478  17.7%  76.1 2716s
 4303766 3924975   15.28062   51   45   13.62358   16.03357  17.7%  76.1 2721s
 4310637 3931130   15.44485   56   36   13.62358   16.03251  17.7%  76.1 2725s
 4318215 3937399   15.89935   53   47   13.62358   16.03159  17.7%  76.1 2730s
 4325577 3944080     cutoff   51        13.62358   16.03036  17.7%  76.1 2735s
 4336589 3952831   15.23602   48   37   13.62358   16.02879  17.7%  76.1 2741s
 4343687 3959654     cutoff   55        13.62358   16.02765  17.6%  76.1 2746s
 4350941 3966001   16.01221   51   41   13.62358   16.02660  17.6%  76.0 2751s
 4358390 3972293   15.55105   56   32   13.62358   16.02537  17.6%  76.0 2755s
 4369515 3981726   16.02367   54   27   13.62358   16.02367  17.6%  76.0 2761s
 4376513 3988049   15.93040   48   33   13.62358   16.02267  17.6%  76.0 2765s
 4387540 3997426   13.75007   54   34   13.62358   16.02103  17.6%  76.0 2771s
 4394628 4003647   15.71805   54   42   13.62358   16.01992  17.6%  76.0 2776s
 4401697 4009444     cutoff   57        13.62358   16.01891  17.6%  76.0 2781s
 4409052 4016312   13.77848   59   30   13.62358   16.01790  17.6%  76.0 2785s
 4416684 4022699   15.95350   52   37   13.62358   16.01686  17.6%  76.0 2790s
 4427831 4031871   15.77770   50   38   13.62358   16.01529  17.6%  76.0 2797s
 4434939 4038826   15.22849   49   36   13.62358   16.01430  17.5%  76.0 2801s
 4442555 4044989   15.97276   60   26   13.62358   16.01323  17.5%  76.0 2806s
 4449741 4051164   15.63527   54   36   13.62358   16.01209  17.5%  76.0 2811s
 4456940 4057279     cutoff   60        13.62358   16.01112  17.5%  76.0 2815s
 4463875 4063455   15.80294   57   33   13.62358   16.01021  17.5%  76.0 2820s
 4474723 4072752   15.13833   51   41   13.62358   16.00881  17.5%  76.0 2827s
 4482093 4079190   16.00740   47   28   13.62358   16.00740  17.5%  76.0 2831s
 4489500 4085288   14.29426   60   31   13.62358   16.00644  17.5%  76.0 2836s
 4496545 4091831   14.81982   55   42   13.62358   16.00558  17.5%  76.0 2841s
 4503837 4098166     cutoff   55        13.62358   16.00441  17.5%  76.0 2845s
 4511437 4104497   15.64594   56   36   13.62358   16.00347  17.5%  76.0 2850s
 4522263 4113673   15.08046   50   39   13.62358   16.00193  17.5%  76.0 2857s
 4529223 4120010   15.42122   56   35   13.62358   16.00091  17.5%  75.9 2861s
 4536710 4126432   14.97971   60   29   13.62358   15.99990  17.4%  75.9 2866s
 4543748 4132828   15.54880   43   25   13.62358   15.99904  17.4%  75.9 2871s
 4551498 4138812   15.99781   49   35   13.62358   15.99781  17.4%  75.9 2875s
 4558467 4145342   15.77320   52   40   13.62358   15.99687  17.4%  75.9 2880s
 4565809 4151724   15.73006   59   34   13.62358   15.99584  17.4%  75.9 2885s
 4577044 4161318     cutoff   58        13.62358   15.99423  17.4%  75.9 2892s
 4583932 4167458     cutoff   53        13.62358   15.99318  17.4%  75.9 2896s
 4591364 4173722   15.77835   59   27   13.62358   15.99225  17.4%  75.9 2901s
 4598742 4179968   15.07509   64   27   13.62358   15.99135  17.4%  75.9 2906s
 4605725 4186231   15.93156   52   35   13.62358   15.99015  17.4%  75.9 2910s
 4612965 4191996   15.41502   53   44   13.62358   15.98926  17.4%  75.9 2915s
 4620131 4198478   14.49838   56   39   13.62358   15.98813  17.4%  75.9 2920s
 4627693 4201987   15.96139   46   37   13.62358   15.98730  17.4%  75.9 2925s
H4627743 4202019                      13.6235818   15.98714  17.3%  75.9 2929s
 4627757 4202259   15.66117   55   36   13.62358   15.98710  17.3%  75.9 2931s
 4628338 4202899   15.70421   53   42   13.62358   15.98710  17.3%  75.9 2936s
 4629746 4205846   14.93124   57   30   13.62358   15.98701  17.3%  75.9 2943s
 4632177 4209159   14.82225   58   34   13.62358   15.98698  17.3%  75.9 2946s
 4640555 4217118   15.47336   55   33   13.62358   15.98672  17.3%  75.9 2953s
 4645261 4219856     cutoff   60        13.62358   15.98574  17.3%  75.9 2955s
 4651980 4226104   15.53708   56   34   13.62358   15.98435  17.3%  75.9 2962s
 4655691 4229523   15.18881   56   37   13.62358   15.98379  17.3%  75.9 2965s
 4663430 4235901   14.74919   59   36   13.62358   15.98289  17.3%  75.9 2970s
 4674595 4245131   15.26123   60   32   13.62358   15.98096  17.3%  75.9 2977s
 4681595 4251648   14.92837   53   32   13.62358   15.98021  17.3%  75.9 2981s
 4689001 4257931   15.74420   52   42   13.62358   15.97902  17.3%  75.9 2985s
 4700185 4267659   15.10433   60   33   13.62358   15.97764  17.3%  75.9 2991s
 4707070 4273691   15.45407   54   31   13.62358   15.97647  17.3%  75.9 2995s
 4718153 4283205   15.72077   54   41   13.62358   15.97527  17.3%  75.9 3000s
 4729001 4292530   14.33919   61   35   13.62358   15.97371  17.3%  75.9 3006s
 4735763 4298686   15.77640   55   34   13.62358   15.97277  17.2%  75.9 3010s
 4747316 4308394   15.39413   53   36   13.62358   15.97134  17.2%  75.8 3016s
 4754565 4314452   15.18845   27   40   13.62358   15.97012  17.2%  75.8 3020s
 4765198 4323867   15.91714   52   37   13.62358   15.96874  17.2%  75.8 3026s
 4772468 4330086   15.60511   43   27   13.62358   15.96767  17.2%  75.8 3030s
 4783800 4339925   15.25818   51   44   13.62358   15.96628  17.2%  75.8 3036s
 4794390 4348846     cutoff   53        13.62358   15.96508  17.2%  75.8 3041s
 4801471 4355307   15.96395   43   31   13.62358   15.96395  17.2%  75.8 3045s
 4808584 4362025   15.20585   59   27   13.62358   15.96295  17.2%  75.8 3050s
 4819804 4372052   14.59705   50   37   13.62358   15.96152  17.2%  75.8 3056s
 4826653 4377948   15.46044   60   31   13.62358   15.96044  17.2%  75.8 3060s
 4837801 4388036   15.14274   59   29   13.62358   15.95913  17.1%  75.8 3066s
 4845173 4394518   14.78033   55   35   13.62358   15.95818  17.1%  75.8 3070s
 4855850 4404032   14.98350   54   34   13.62358   15.95638  17.1%  75.8 3076s
 4863159 4410723   15.12576   55   32   13.62358   15.95549  17.1%  75.8 3080s
 4874720 4420384   15.73816   58   30   13.62358   15.95418  17.1%  75.8 3086s
 4881870 4426834   15.66761   41   28   13.62358   15.95307  17.1%  75.8 3090s
 4892519 4436273   15.58026   58   36   13.62358   15.95165  17.1%  75.8 3096s
 4899578 4442963   14.67051   57   32   13.62358   15.95065  17.1%  75.8 3100s
 4910616 4452816   15.19884   56   38   13.62358   15.94939  17.1%  75.8 3106s
 4917791 4458815   15.82640   59   37   13.62358   15.94849  17.1%  75.8 3110s
 4928650 4469316   15.78707   55   30   13.62358   15.94723  17.1%  75.8 3116s
 4935992 4475580   15.54410   51   40   13.62358   15.94623  17.0%  75.8 3120s
 4946809 4484837   15.81810   53   35   13.62358   15.94484  17.0%  75.8 3126s
 4954114 4491637   15.33089   53   37   13.62358   15.94384  17.0%  75.8 3130s
 4965360 4501597   15.56921   59   28   13.62358   15.94239  17.0%  75.8 3136s
 4972430 4507978   15.62450   51   39   13.62358   15.94157  17.0%  75.8 3141s
 4983024 4517172   15.69937   55   37   13.62358   15.94015  17.0%  75.8 3146s
 4990352 4523847   15.17990   53   31   13.62358   15.93919  17.0%  75.8 3151s
 4997613 4530221   15.81947   58   34   13.62358   15.93825  17.0%  75.8 3155s
 5008968 4539505   15.73976   53   35   13.62358   15.93679  17.0%  75.8 3161s
 5016035 4546908   15.14023   49   29   13.62358   15.93580  17.0%  75.8 3165s
 5027399 4556543     cutoff   51        13.62358   15.93463  17.0%  75.8 3171s
 5034835 4562983     cutoff   53        13.62358   15.93348  17.0%  75.8 3176s
 5045406 4572444   15.81692   57   30   13.62358   15.93224  16.9%  75.8 3181s
 5052281 4578675   15.93110   48   45   13.62358   15.93135  16.9%  75.8 3185s
 5059810 4585369   15.42983   55   34   13.62358   15.93043  16.9%  75.8 3190s
 5070889 4594703   14.72912   52   37   13.62358   15.92906  16.9%  75.8 3195s
 5077887 4601399   15.42589   47   27   13.62358   15.92810  16.9%  75.8 3200s
 5088799 4611010   15.72227   50   40   13.62358   15.92674  16.9%  75.8 3206s
 5096256 4617569   15.92581   47   35   13.62358   15.92581  16.9%  75.8 3210s
 5106948 4627166   15.77125   57   31   13.62358   15.92457  16.9%  75.8 3216s
 5114277 4633628   15.72581   56   35   13.62358   15.92354  16.9%  75.8 3220s
 5125234 4643330   15.76067   57   38   13.62358   15.92212  16.9%  75.8 3227s
 5132081 4649396   15.11940   51   36   13.62358   15.92127  16.9%  75.8 3230s
 5139674 4656016   15.92028   55   39   13.62358   15.92029  16.9%  75.8 3235s
 5150554 4665665   15.91884   49   33   13.62358   15.91884  16.8%  75.8 3241s
 5158036 4671811   15.02037   49   39   13.62358   15.91774  16.8%  75.8 3245s
 5164984 4678562   15.79105   58   31   13.62358   15.91676  16.8%  75.8 3250s
 5176436 4688644   14.77761   59   36   13.62358   15.91574  16.8%  75.8 3257s
 5183604 4695023   15.63490   57   35   13.62358   15.91453  16.8%  75.8 3262s
 5190571 4701003   15.12529   57   40   13.62358   15.91372  16.8%  75.8 3266s
 5197993 4707597   15.27196   52   36   13.62358   15.91284  16.8%  75.8 3270s
 5205070 4714116   15.83284   48   42   13.62358   15.91183  16.8%  75.8 3275s
 5216571 4723775     cutoff   63        13.62358   15.91053  16.8%  75.8 3280s
 5223293 4730328   15.13875   58   29   13.62358   15.90958  16.8%  75.8 3285s
 5234309 4739967   15.88911   48   43   13.62358   15.90815  16.8%  75.8 3291s
 5242020 4746763   15.71227   59   33   13.62358   15.90715  16.8%  75.8 3296s
 5249019 4752872   15.38301   61   31   13.62358   15.90630  16.8%  75.8 3300s
 5259782 4762346   15.68826   78   18   13.62358   15.90487  16.7%  75.8 3306s
 5267290 4768908   14.78994   52   41   13.62358   15.90400  16.7%  75.8 3311s
 5274492 4775120   15.35104   60   31   13.62358   15.90298  16.7%  75.8 3316s
 5281026 4781251   14.80438   52   34   13.62358   15.90216  16.7%  75.8 3320s
 5288665 4787732   15.90117   53   38   13.62358   15.90117  16.7%  75.8 3325s
 5296018 4794220   15.06604   52   35   13.62358   15.90031  16.7%  75.8 3330s
 5307001 4803598   15.89708   45   25   13.62358   15.89882  16.7%  75.8 3337s
 5313694 4809968   15.52530   57   32   13.62358   15.89782  16.7%  75.8 3341s
 5321179 4816545   15.55611   51   44   13.62358   15.89704  16.7%  75.8 3346s
 5328855 4823298     cutoff   58        13.62358   15.89608  16.7%  75.8 3351s
 5336184 4829188     cutoff   59        13.62358   15.89506  16.7%  75.8 3356s
 5343029 4836371   15.56141   58   32   13.62358   15.89416  16.7%  75.8 3361s
 5350676 4842446   14.40213   51   41   13.62358   15.89317  16.7%  75.8 3366s
 5358132 4849455   15.46630   54   37   13.62358   15.89213  16.7%  75.8 3371s
 5365618 4855477   15.85253   53   30   13.62358   15.89163  16.6%  75.8 3376s
 5372390 4861665   15.82187   49   43   13.62358   15.89029  16.6%  75.8 3381s
 5379766 4868327   15.71076   54   39   13.62358   15.88942  16.6%  75.8 3386s
 5387160 4874925   15.48148   59   29   13.62358   15.88846  16.6%  75.8 3391s
 5394569 4881072   15.26798   53   33   13.62358   15.88757  16.6%  75.8 3396s
 5401509 4887510   15.86531   53   39   13.62358   15.88668  16.6%  75.8 3401s
 5408943 4894195   15.56935   50   20   13.62358   15.88585  16.6%  75.8 3406s
 5416350 4900744   15.75188   55   41   13.62358   15.88508  16.6%  75.8 3411s
 5423875 4906959   15.77461   60   31   13.62358   15.88410  16.6%  75.8 3416s
 5430585 4913352   15.65416   51   40   13.62358   15.88339  16.6%  75.8 3420s
 5437974 4919646   15.57590   49   38   13.62358   15.88248  16.6%  75.8 3426s
 5445066 4926209   14.64398   58   30   13.62358   15.88143  16.6%  75.8 3431s
 5452672 4932832   15.84944   51   38   13.62358   15.88040  16.6%  75.8 3436s
 5459549 4938708     cutoff   48        13.62358   15.87976  16.6%  75.8 3440s
 5466840 4945288     cutoff   39        13.62358   15.87862  16.6%  75.8 3446s
 5474086 4951774   15.87762   46   19   13.62358   15.87762  16.5%  75.8 3451s
 5481598 4958426   13.84006   53   36   13.62358   15.87663  16.5%  75.8 3456s
 5488654 4964560     cutoff   55        13.62358   15.87585  16.5%  75.8 3461s
 5495897 4970914     cutoff   53        13.62358   15.87515  16.5%  75.8 3466s
 5503670 4977456   15.15318   57   38   13.62358   15.87406  16.5%  75.8 3471s
 5510888 4983939   15.84135   48   38   13.62358   15.87323  16.5%  75.8 3476s
 5517882 4989798   15.80000   54   42   13.62358   15.87228  16.5%  75.8 3480s
 5524780 4996162   15.31372   53   35   13.62358   15.87135  16.5%  75.8 3485s
 5532281 5002707   15.75777   53   30   13.62358   15.87044  16.5%  75.8 3490s
 5539560 5009395   15.69366   52   34   13.62358   15.86950  16.5%  75.8 3495s
 5546550 5015428   14.99567   52   37   13.62358   15.86878  16.5%  75.8 3500s
 5554252 5021929   15.86788   51   24   13.62358   15.86788  16.5%  75.8 3505s
 5561630 5028802   15.08881   52   36   13.62358   15.86704  16.5%  75.8 3510s
 5569156 5035206   15.22943   58   29   13.62358   15.86612  16.5%  75.8 3515s
 5576181 5041393   15.60355   53   38   13.62358   15.86530  16.5%  75.8 3520s
 5583226 5047491   15.50307   56   36   13.62358   15.86445  16.4%  75.8 3525s
 5590233 5053746   15.68379   58   32   13.62358   15.86349  16.4%  75.8 3530s
 5597457 5060023   15.17189   54   32   13.62358   15.86254  16.4%  75.8 3535s
 5608109 5068962   14.32373   54   37   13.62358   15.86139  16.4%  75.8 3542s
 5615250 5075784   15.05563   53   33   13.62358   15.86039  16.4%  75.8 3547s
 5622706 5082216   15.43278   56   35   13.62358   15.85939  16.4%  75.8 3552s
 5630218 5088418   15.59176   53   32   13.62358   15.85861  16.4%  75.8 3557s
 5633489 5092030   15.43757   53   35   13.62358   15.85803  16.4%  75.8 3560s
 5644318 5101359   14.25493   53   35   13.62358   15.85680  16.4%  75.8 3567s
 5651814 5107981   15.55909   55   37   13.62358   15.85587  16.4%  75.8 3572s
 5659083 5114221   14.70712   59   37   13.62358   15.85495  16.4%  75.8 3577s
 5666782 5120677   15.43685   45   19   13.62358   15.85419  16.4%  75.8 3581s
 5673670 5127292   15.45632   58   32   13.62358   15.85341  16.4%  75.8 3586s
 5681162 5133796   15.83395   55   39   13.62358   15.85245  16.4%  75.8 3591s
 5688462 5140168   15.43783   55   33   13.62358   15.85157  16.4%  75.8 3596s
 5695692 5146114   15.34402   57   38   13.62358   15.85082  16.3%  75.8 3601s
 5702534 5152890   15.52620   42   24   13.62358   15.84982  16.3%  75.8 3606s
 5710110 5159434   15.62921   46   35   13.62358   15.84903  16.3%  75.8 3611s
 5717686 5165843   15.15674   49   47   13.62358   15.84815  16.3%  75.8 3616s
 5724620 5171582   15.35466   54   36   13.62358   15.84752  16.3%  75.8 3621s
 5731545 5177919   14.38282   55   38   13.62358   15.84658  16.3%  75.8 3625s
 5738841 5184281   15.27877   53   33   13.62358   15.84563  16.3%  75.8 3630s
 5746124 5190705   15.41883   56   36   13.62358   15.84478  16.3%  75.8 3635s
 5753669 5196719   15.58914   54   41   13.62358   15.84383  16.3%  75.8 3640s
 5760762 5203527   15.52780   54   40   13.62358   15.84296  16.3%  75.8 3645s
 5767926 5209999   15.43759   64   33   13.62358   15.84210  16.3%  75.8 3650s
 5775596 5216314   15.07304   57   34   13.62358   15.84112  16.3%  75.8 3655s
 5782999 5222517   15.83317   62   29   13.62358   15.84038  16.3%  75.8 3660s
 5789719 5228833     cutoff   51        13.62358   15.83946  16.3%  75.8 3665s
 5797183 5235438   15.67458   53   36   13.62358   15.83852  16.3%  75.8 3670s
 5804665 5241896   15.53898   54   37   13.62358   15.83772  16.3%  75.8 3675s
 5815413 5251260   15.58493   49   43   13.62358   15.83632  16.2%  75.8 3682s
 5822800 5257984   15.60467   61   32   13.62358   15.83558  16.2%  75.8 3687s
 5829972 5264407   15.37637   56   33   13.62358   15.83466  16.2%  75.8 3692s
 5837374 5270779   14.84701   53   39   13.62358   15.83372  16.2%  75.8 3697s
 5844830 5276905   14.97803   51   38   13.62358   15.83278  16.2%  75.8 3702s
 5851917 5283400   15.64778   51   34   13.62358   15.83228  16.2%  75.8 3707s
 5859178 5289894   15.83110   50   33   13.62358   15.83110  16.2%  75.8 3712s
 5866634 5296139   15.79033   55   35   13.62358   15.83025  16.2%  75.8 3717s
 5873927 5302424   15.72790   48   35   13.62358   15.82956  16.2%  75.8 3721s
 5880765 5308906   15.67493   52   40   13.62358   15.82858  16.2%  75.8 3726s
 5888160 5315568   15.82758   51   28   13.62358   15.82758  16.2%  75.8 3731s
 5895637 5322191   15.01540   62   32   13.62358   15.82686  16.2%  75.8 3736s
 5903105 5327881   14.60078   58   33   13.62358   15.82600  16.2%  75.8 3741s
 5909895 5334579   15.39845   46   41   13.62358   15.82512  16.2%  75.8 3746s
 5917228 5341265   15.49892   53   41   13.62358   15.82420  16.2%  75.8 3751s
 5924999 5347730   15.35250   50   34   13.62358   15.82320  16.1%  75.8 3756s
 5932367 5353784   15.71544   49   37   13.62358   15.82240  16.1%  75.8 3761s
 5939196 5360258   15.58536   54   32   13.62358   15.82142  16.1%  75.8 3766s
 5946669 5366674   14.89995   61   35   13.62358   15.82047  16.1%  75.8 3771s
 5954111 5373041   15.69262   57   36   13.62358   15.81961  16.1%  75.8 3776s
 5961300 5379074   15.32664   42   30   13.62358   15.81866  16.1%  75.8 3781s
 5968103 5385158   15.19417   55   43   13.62358   15.81787  16.1%  75.8 3786s
 5975427 5391794   15.77584   54   33   13.62358   15.81701  16.1%  75.8 3791s
 5982560 5397828   15.42937   50   36   13.62358   15.81597  16.1%  75.8 3796s
 5989945 5404169     cutoff   52        13.62358   15.81506  16.1%  75.8 3801s
 5996515 5410187   15.50948   46   41   13.62358   15.81422  16.1%  75.8 3806s
 6004307 5416956   15.06587   52   35   13.62358   15.81320  16.1%  75.8 3811s
 6011724 5423481   15.54107   60   33   13.62358   15.81251  16.1%  75.8 3815s
 6018926 5429767   15.55675   59   32   13.62358   15.81150  16.1%  75.8 3820s
 6025982 5435621   15.50473   54   29   13.62358   15.81062  16.1%  75.8 3825s
 6032978 5441925   15.55364   54   35   13.62358   15.80994  16.0%  75.8 3830s
 6040303 5448294   15.23748   49   41   13.62358   15.80901  16.0%  75.8 3835s
 6047366 5454473   15.73980   49   37   13.62358   15.80806  16.0%  75.8 3840s
 6054811 5460660   13.96904   54   37   13.62358   15.80724  16.0%  75.8 3845s
 6061879 5467305   15.29249   59   33   13.62358   15.80637  16.0%  75.8 3850s
 6069184 5473308   13.74730   52   23   13.62358   15.80555  16.0%  75.8 3855s
 6080033 5482815   14.94830   55   31   13.62358   15.80415  16.0%  75.8 3862s
 6087201 5486226   15.72705   53   42   13.62358   15.80341  16.0%  75.8 3867s
 6087239 5491901   15.56460   61   25   13.62358   15.80317  16.0%  75.8 3888s
H6089859 5491901                      13.6235818   15.80314  16.0%  75.8 3890s
 6093814 5498590   15.62975   58   30   13.62358   15.80238  16.0%  75.8 3898s
 6101469 5504384   15.35225   50   35   13.62358   15.80171  16.0%  75.8 3902s
 6108123 5509001   14.18931   51   38   13.62358   15.80114  16.0%  75.8 3906s
 6118016 5515865   14.46250   51   35   13.62358   15.79992  16.0%  75.8 3912s
 6125030 5522333   14.29740   44   19   13.62358   15.79900  16.0%  75.8 3916s
 6132211 5528582   15.14568   53   38   13.62358   15.79827  16.0%  75.8 3921s
 6139398 5534967   15.25982   63   32   13.62358   15.79729  16.0%  75.8 3926s
 6146668 5541449   15.49267   54   35   13.62358   15.79641  15.9%  75.9 3931s
 6153419 5547499   15.20979   49   39   13.62358   15.79561  15.9%  75.9 3936s
 6161141 5553893   15.24471   58   31   13.62358   15.79462  15.9%  75.9 3941s
 6168691 5560326   15.48215   42   41   13.62358   15.79360  15.9%  75.9 3946s
 6176011 5566832   15.36992   55   36   13.62358   15.79280  15.9%  75.9 3951s
 6183047 5572615   15.73037   50   38   13.62358   15.79201  15.9%  75.9 3955s
 6189934 5578881   15.43846   51   30   13.62358   15.79120  15.9%  75.9 3960s
 6197176 5585273   15.11934   55   31   13.62358   15.79031  15.9%  75.9 3965s
 6204626 5591731   15.78925   51   19   13.62358   15.78925  15.9%  75.9 3970s
 6211739 5597548   15.50076   51   37   13.62358   15.78849  15.9%  75.9 3975s
 6218782 5604139   15.51254   59   27   13.62358   15.78761  15.9%  75.9 3980s
 6225983 5610712   15.78682   44   24   13.62358   15.78682  15.9%  75.9 3985s
 6233755 5616956   15.78592   51   39   13.62358   15.78594  15.9%  75.9 3990s
 6244054 5625947   14.88421   51   39   13.62358   15.78477  15.9%  75.9 3997s
 6251126 5632297   15.58582   52   39   13.62358   15.78379  15.9%  75.9 4002s
 6258434 5638302   15.42150   56   31   13.62358   15.78282  15.8%  75.9 4007s
 6265664 5645122     cutoff   57        13.62358   15.78186  15.8%  75.9 4012s
 6272676 5651248   14.73134   54   33   13.62358   15.78102  15.8%  75.9 4017s
 6280551 5657673   15.10383   54   32   13.62358   15.78015  15.8%  75.9 4022s
 6287885 5664114   13.97570   60   32   13.62358   15.77947  15.8%  75.9 4027s
 6294958 5670418   14.79955   49   35   13.62358   15.77843  15.8%  75.9 4032s
 6302052 5676406   15.66949   56   40   13.62358   15.77780  15.8%  75.9 4036s
 6308985 5682722     cutoff   52        13.62358   15.77690  15.8%  75.9 4041s
 6316365 5689085   15.77617   51   21   13.62358   15.77617  15.8%  75.9 4046s
 6323473 5695377   14.87987   56   39   13.62358   15.77522  15.8%  75.9 4051s
 6331089 5701587   15.58934   58   35   13.62358   15.77426  15.8%  75.9 4056s
 6338062 5708017   15.77366   43   31   13.62358   15.77366  15.8%  75.9 4061s
 6345180 5714347   15.10094   53   36   13.62358   15.77269  15.8%  75.9 4065s
 6352698 5720673   15.75040   55   35   13.62358   15.77194  15.8%  75.9 4070s
 6359925 5727139   15.63724   50   41   13.62358   15.77108  15.8%  75.9 4075s
 6366817 5732898   15.72357   49   41   13.62358   15.77022  15.8%  75.9 4080s
 6374389 5739873   15.06586   55   34   13.62358   15.76941  15.8%  75.9 4085s
 6382022 5746249   15.65735   50   41   13.62358   15.76859  15.7%  75.9 4090s
 6388992 5752509   13.76970   54   36   13.62358   15.76793  15.7%  75.9 4095s
 6396249 5758432     cutoff   48        13.62358   15.76690  15.7%  75.9 4100s
 6403517 5764821     cutoff   58        13.62358   15.76613  15.7%  75.9 4105s
 6410744 5771022   15.25779   49   38   13.62358   15.76508  15.7%  75.9 4110s
 6417953 5777422   15.54004   54   39   13.62358   15.76436  15.7%  75.9 4115s
 6424897 5782879   15.41547   64   27   13.62358   15.76333  15.7%  75.9 4120s
 6431849 5789305   15.19833   58   30   13.62358   15.76259  15.7%  75.9 4125s
 6439022 5795721   14.24639   53   34   13.62358   15.76165  15.7%  75.9 4130s
 6446385 5802030   15.41726   55   31   13.62358   15.76082  15.7%  75.9 4135s
 6453885 5808166   15.73595   62   27   13.62358   15.76009  15.7%  75.9 4140s
 6460851 5814311   15.57475   44   25   13.62358   15.75899  15.7%  75.9 4145s
 6468015 5821109   15.26068   55   36   13.62358   15.75814  15.7%  75.9 4150s
 6475637 5827650   15.41646   62   29   13.62358   15.75757  15.7%  75.9 4155s
 6482965 5833467   15.48805   59   37   13.62358   15.75683  15.7%  75.9 4160s
 6489897 5839615     cutoff   59        13.62358   15.75577  15.7%  75.9 4165s
 6497151 5846012   15.31263   58   31   13.62358   15.75495  15.6%  75.9 4170s
 6504478 5852544   15.60435   55   34   13.62358   15.75404  15.6%  75.9 4175s
 6511923 5858604   15.39224   54   35   13.62358   15.75334  15.6%  75.9 4180s
 6522430 5868007   15.50000   57   34   13.62358   15.75206  15.6%  75.9 4187s
 6529538 5874333   15.68718   53   42   13.62358   15.75148  15.6%  75.9 4191s
 6536849 5880430   15.18030   54   30   13.62358   15.75064  15.6%  75.9 4197s
 6544101 5886158   15.16665   53   37   13.62358   15.74970  15.6%  75.9 4201s
 6551000 5892591   15.57926   53   36   13.62358   15.74880  15.6%  75.9 4207s
 6558492 5899286   15.13780   51   34   13.62358   15.74791  15.6%  75.9 4212s
 6566062 5905321   13.83589   54   38   13.62358   15.74720  15.6%  75.9 4217s
 6573412 5911715   15.05947   52   38   13.62358   15.74618  15.6%  75.9 4222s
 6580248 5917647   15.16873   58   32   13.62358   15.74546  15.6%  75.9 4227s
 6587489 5923927   14.73031   55   32   13.62358   15.74475  15.6%  75.9 4232s
 6594695 5930331   15.48651   48   38   13.62358   15.74379  15.6%  75.9 4237s
 6602273 5936461   14.44997   45   37   13.62358   15.74289  15.6%  75.9 4242s
 6609144 5942559   14.66063   51   41   13.62358   15.74208  15.6%  75.9 4246s
 6616197 5949292   15.39640   53   39   13.62358   15.74120  15.5%  75.9 4252s
 6624026 5955566   15.57808   57   39   13.62358   15.74050  15.5%  75.9 4257s
 6631052 5961819   15.67978   48   43   13.62358   15.73940  15.5%  75.9 4262s
 6638015 5967667   14.17919   49   47   13.62358   15.73876  15.5%  75.9 4267s
 6645609 5974377   15.67732   55   35   13.62358   15.73785  15.5%  75.9 4272s
 6652949 5980527   15.01461   51   44   13.62358   15.73699  15.5%  75.9 4277s
 6660347 5987101   15.46375   50   33   13.62358   15.73624  15.5%  75.9 4282s
 6667214 5992957   14.61523   60   31   13.62358   15.73546  15.5%  75.9 4286s
 6674449 5999341     cutoff   56        13.62358   15.73461  15.5%  75.9 4291s
 6681686 6005744   15.51549   59   33   13.62358   15.73379  15.5%  75.9 4296s
 6688907 6011885   15.29596   60   34   13.62358   15.73294  15.5%  75.9 4301s
 6696295 6017769   15.64184   57   41   13.62358   15.73228  15.5%  75.9 4306s
 6703237 6024295   15.02004   56   36   13.62358   15.73145  15.5%  75.9 4311s
 6710895 6030914   15.53558   50   39   13.62358   15.73065  15.5%  75.9 4316s
 6718174 6037069   15.08315   56   34   13.62358   15.72973  15.5%  75.9 4321s
 6725278 6042895   15.43455   62   31   13.62358   15.72896  15.5%  75.9 4326s
 6732343 6049118   15.59495   52   40   13.62358   15.72802  15.4%  75.9 4331s
 6739646 6055842   14.89903   54   36   13.62358   15.72723  15.4%  75.8 4336s
 6746689 6062094   14.73431   56   35   13.62358   15.72653  15.4%  75.9 4341s
 6754326 6067869   13.64521   55   36   13.62358   15.72568  15.4%  75.8 4346s
 6760963 6074404   14.89162   59   29   13.62358   15.72491  15.4%  75.8 4351s
 6768733 6080684   15.62359   50   40   13.62358   15.72393  15.4%  75.8 4356s
 6775943 6087038     cutoff   57        13.62358   15.72328  15.4%  75.8 4361s
 6783697 6093138   14.96152   56   33   13.62358   15.72248  15.4%  75.8 4366s
 6790811 6099612   15.65913   57   34   13.62358   15.72164  15.4%  75.8 4371s
 6797883 6106009   15.68160   56   36   13.62358   15.72080  15.4%  75.8 4376s
 6805407 6112392   15.16173   55   34   13.62358   15.72013  15.4%  75.8 4381s
 6812734 6118331   15.48318   52   41   13.62358   15.71928  15.4%  75.8 4386s
 6819538 6124485   14.47105   54   37   13.62358   15.71848  15.4%  75.8 4391s
 6826890 6131006   14.60635   53   32   13.62358   15.71758  15.4%  75.8 4397s
 6834448 6137334   13.74234   53   37   13.62358   15.71686  15.4%  75.8 4402s
 6841596 6142927   14.14632   62   33   13.62358   15.71600  15.4%  75.8 4406s
 6848299 6149699   14.58897   48   43   13.62358   15.71526  15.4%  75.8 4412s
 6852355 6153164   13.96225   58   33   13.62358   15.71475  15.3%  75.8 4415s
 6859899 6159534   14.69789   57   36   13.62358   15.71409  15.3%  75.8 4420s
 6867484 6166051   15.39768   59   31   13.62358   15.71329  15.3%  75.8 4425s
 6874383 6171939   15.70449   55   39   13.62358   15.71252  15.3%  75.8 4430s
 6881729 6178107   15.28882   46   27   13.62358   15.71190  15.3%  75.8 4435s
 6888845 6184489   15.33965   55   36   13.62358   15.71091  15.3%  75.8 4441s
 6896497 6190828   14.12243   58   29   13.62358   15.71010  15.3%  75.8 4446s
 6903170 6196976   15.59668   53   39   13.62358   15.70939  15.3%  75.8 4451s
 6910575 6203149   14.78604   57   30   13.62358   15.70851  15.3%  75.8 4456s
 6917909 6209629   14.65043   59   32   13.62358   15.70763  15.3%  75.8 4461s
 6925380 6215914   15.47769   53   40   13.62358   15.70686  15.3%  75.8 4467s
 6932194 6221880   15.53238   55   36   13.62358   15.70608  15.3%  75.8 4472s
 6939424 6227922   14.97297   51   42   13.62358   15.70522  15.3%  75.8 4477s
 6942936 6231056   14.68725   62   30   13.62358   15.70477  15.3%  75.8 4480s
 6950231 6237420   15.58625   52   37   13.62358   15.70394  15.3%  75.8 4485s
 6957681 6244081   15.69903   50   34   13.62358   15.70314  15.3%  75.8 4490s
 6964770 6249964   14.76151   63   29   13.62358   15.70235  15.3%  75.8 4495s
 6972099 6256528   15.67124   55   36   13.62358   15.70149  15.3%  75.8 4500s
 6979428 6262733   15.65830   48   44   13.62358   15.70072  15.2%  75.8 4505s
 6987107 6269157   15.35710   55   32   13.62358   15.69997  15.2%  75.8 4511s
 6993673 6275091   15.68594   51   36   13.62358   15.69920  15.2%  75.8 4516s
 7001566 6281636   15.64403   61   23   13.62358   15.69824  15.2%  75.8 4521s
 7008848 6287799   15.44230   60   31   13.62358   15.69747  15.2%  75.8 4526s
 7016198 6294230   15.51201   47   37   13.62358   15.69668  15.2%  75.8 4531s
 7023179 6300096   15.23115   54   35   13.62358   15.69589  15.2%  75.8 4536s
 7030412 6306295   14.25430   51   30   13.62358   15.69498  15.2%  75.8 4541s
 7037512 6312449   15.63058   58   30   13.62358   15.69419  15.2%  75.8 4546s
 7045221 6319140   15.60043   50   42   13.62358   15.69352  15.2%  75.8 4551s
 7051977 6325010   15.60010   49   29   13.62358   15.69265  15.2%  75.8 4556s
 7059796 6331508   15.39467   59   35   13.62358   15.69186  15.2%  75.8 4561s
 7067122 6337863   15.60532   57   31   13.62358   15.69094  15.2%  75.8 4566s
 7074537 6344462   14.49017   54   35   13.62358   15.69018  15.2%  75.8 4571s
 7081503 6350460   15.65356   42   38   13.62358   15.68924  15.2%  75.8 4576s
 7089397 6356908     cutoff   45        13.62358   15.68857  15.2%  75.8 4581s
 7096788 6363519   13.95909   59   32   13.62358   15.68787  15.2%  75.8 4586s
 7104104 6369655   15.39242   54   38   13.62358   15.68703  15.1%  75.8 4591s
 7111019 6375696   14.62008   60   33   13.62358   15.68626  15.1%  75.8 4595s
 7118490 6381923   15.37051   48   34   13.62358   15.68565  15.1%  75.8 4600s
 7125608 6388123   13.87616   63   28   13.62358   15.68486  15.1%  75.8 4605s
 7132881 6394534     cutoff   49        13.62358   15.68411  15.1%  75.8 4610s
 7140306 6400591   15.32965   58   33   13.62358   15.68342  15.1%  75.8 4615s
 7147119 6406962   14.42478   54   34   13.62358   15.68260  15.1%  75.8 4620s
 7154632 6413478   15.54420   60   32   13.62358   15.68186  15.1%  75.8 4625s
 7161849 6419616   14.81846   58   30   13.62358   15.68104  15.1%  75.8 4630s
 7169303 6425544   15.68007   54   33   13.62358   15.68029  15.1%  75.8 4635s
 7176103 6428609   15.41413   55   39   13.62358   15.67949  15.1%  75.8 4640s
H7176148 6428638                      13.6235818   15.67947  15.1%  75.8 4645s
H7176155 6428637                      13.6235835   15.67947  15.1%  75.8 4645s
 7179893 6434980   15.00847   58   28   13.62358   15.67899  15.1%  75.8 4651s
 7187408 6441260   14.77523   54   29   13.62358   15.67826  15.1%  75.8 4656s
 7194792 6447881   13.99880   54   44   13.62358   15.67751  15.1%  75.8 4661s
 7201787 6453928   15.61990   55   36   13.62358   15.67671  15.1%  75.8 4666s
 7209124 6459951   15.35814   50   41   13.62358   15.67593  15.1%  75.8 4671s
 7216400 6466533   15.57608   51   38   13.62358   15.67503  15.1%  75.8 4676s
 7223826 6472815   13.66590   49   40   13.62358   15.67435  15.1%  75.8 4680s
 7230829 6478677   15.15773   54   33   13.62358   15.67373  15.0%  75.8 4685s
 7238088 6485082   13.90281   52   35   13.62358   15.67282  15.0%  75.8 4690s
 7245780 6491502   15.48710   50   37   13.62358   15.67207  15.0%  75.8 4695s
 7252812 6497603   14.73036   56   37   13.62358   15.67123  15.0%  75.8 4701s
 7259950 6503581   15.36351   58   28   13.62358   15.67046  15.0%  75.8 4705s
 7267169 6509951   14.58707   58   33   13.62358   15.66977  15.0%  75.8 4710s
 7274541 6515995   14.44188   57   35   13.62358   15.66902  15.0%  75.8 4715s
 7281598 6522383   15.42384   52   36   13.62358   15.66825  15.0%  75.8 4720s
 7288525 6528405   14.91646   63   25   13.62358   15.66755  15.0%  75.8 4725s
 7296421 6534844   15.07934   52   36   13.62358   15.66679  15.0%  75.8 4730s
 7303772 6541127   15.65044   44   42   13.62358   15.66605  15.0%  75.8 4735s
 7310983 6547195   15.50796   59   32   13.62358   15.66506  15.0%  75.8 4740s
 7317925 6553101   14.58003   56   31   13.62358   15.66438  15.0%  75.8 4745s
 7325042 6559246   15.66372   51   30   13.62358   15.66372  15.0%  75.8 4750s
 7332508 6565911     cutoff   52        13.62358   15.66282  15.0%  75.8 4755s
 7339984 6572353   14.97560   55   37   13.62358   15.66215  15.0%  75.8 4760s
 7351030 6581364   14.74748   53   41   13.62358   15.66113  15.0%  75.8 4767s
 7357944 6587508   14.47827   53   39   13.62358   15.66035  15.0%  75.8 4772s
 7365088 6593756   15.42628   55   38   13.62358   15.65951  14.9%  75.8 4777s
 7372771 6599577   14.01117   58   32   13.62358   15.65879  14.9%  75.8 4781s
 7379866 6606487   15.28586   55   33   13.62358   15.65798  14.9%  75.8 4786s
 7387351 6612713     cutoff   43        13.62358   15.65725  14.9%  75.8 4791s
 7394713 6619297   15.12796   55   35   13.62358   15.65657  14.9%  75.8 4796s
 7402027 6624993   15.25437   61   31   13.62358   15.65586  14.9%  75.8 4801s
 7408905 6631176   15.53846   52   40   13.62358   15.65516  14.9%  75.8 4806s
 7416294 6637718   13.73302   51   34   13.62358   15.65448  14.9%  75.8 4811s
 7423848 6643878   15.61213   44   36   13.62358   15.65366  14.9%  75.8 4816s
 7431121 6649951   15.62195   53   35   13.62358   15.65293  14.9%  75.8 4821s
 7437736 6655894   15.00810   56   35   13.62358   15.65208  14.9%  75.8 4826s
 7445350 6662514   15.50457   64   27   13.62358   15.65149  14.9%  75.8 4831s
 7452737 6668744   15.50613   57   34   13.62358   15.65056  14.9%  75.8 4836s
 7460223 6674690   14.02296   54   38   13.62358   15.64993  14.9%  75.8 4840s
 7467120 6681000   15.09472   63   27   13.62358   15.64917  14.9%  75.8 4845s
 7474416 6687383   14.95926   53   32   13.62358   15.64839  14.9%  75.8 4850s
 7481973 6693891   15.12250   59   30   13.62358   15.64769  14.9%  75.8 4855s
 7489126 6696900     cutoff   51        13.62358   15.64696  14.9%  75.8 4860s
 7489167 6702589   15.64685   50   27   13.62358   15.64685  14.9%  75.8 4885s
 7495800 6708795   14.42493   53   37   13.62358   15.64623  14.8%  75.8 4892s
 7503126 6714370   14.95860   53   41   13.62358   15.64564  14.8%  75.8 4897s
 7509704 6719141   14.48734   48   22   13.62358   15.64508  14.8%  75.8 4901s
 7519998 6725716   14.61559   49   38   13.62358   15.64408  14.8%  75.8 4906s
 7526958 6732225     cutoff   57        13.62358   15.64339  14.8%  75.8 4912s
 7534451 6738797   15.31893   53   35   13.62358   15.64258  14.8%  75.8 4917s
 7542000 6745281   15.22641   61   34   13.62358   15.64182  14.8%  75.8 4922s
 7549544 6751357   14.84623   50   34   13.62358   15.64111  14.8%  75.8 4926s
 7556277 6757495   15.62087   60   29   13.62358   15.64045  14.8%  75.8 4931s
 7563391 6763814   14.70673   57   35   13.62358   15.63966  14.8%  75.8 4936s
 7571228 6770274   15.38806   54   41   13.62358   15.63906  14.8%  75.8 4941s
 7578747 6776394   14.51210   58   30   13.62358   15.63833  14.8%  75.8 4946s
 7585427 6782784   15.21315   60   35   13.62358   15.63776  14.8%  75.8 4951s
 7593257 6788862     cutoff   50        13.62358   15.63708  14.8%  75.8 4956s
 7600485 6795186   15.51668   60   28   13.62358   15.63625  14.8%  75.8 4960s
 7607471 6801207     cutoff   49        13.62358   15.63558  14.8%  75.8 4965s
 7614410 6807245   15.31995   56   35   13.62358   15.63485  14.8%  75.8 4970s
 7621482 6813289     cutoff   53        13.62358   15.63407  14.8%  75.8 4975s
 7629270 6819720   15.14919   56   36   13.62358   15.63337  14.8%  75.8 4980s
 7636475 6826110   15.28164   56   33   13.62358   15.63260  14.7%  75.8 4985s
 7643541 6832007   15.26735   52   37   13.62358   15.63192  14.7%  75.8 4990s
 7650913 6838096     cutoff   49        13.62358   15.63121  14.7%  75.8 4995s
 7658040 6844443   13.68716   51   45   13.62358   15.63037  14.7%  75.8 5000s
 7665633 6850773   14.88155   64   26   13.62358   15.62963  14.7%  75.8 5005s
 7672204 6856563     cutoff   66        13.62358   15.62902  14.7%  75.8 5010s
 7680245 6863011   15.24948   59   35   13.62358   15.62824  14.7%  75.8 5015s
 7687530 6869467   14.98083   60   34   13.62358   15.62746  14.7%  75.8 5020s
 7694842 6875404   14.25519   51   44   13.62358   15.62673  14.7%  75.8 5025s
 7701608 6881287     cutoff   54        13.62358   15.62611  14.7%  75.8 5030s
 7708704 6887225     cutoff   58        13.62358   15.62525  14.7%  75.8 5035s
 7716147 6893613   14.47054   55   36   13.62358   15.62448  14.7%  75.8 5040s
 7723417 6900018   15.59949   50   47   13.62358   15.62379  14.7%  75.8 5045s
 7733887 6908907   15.62271   50   31   13.62358   15.62271  14.7%  75.8 5052s
 7740833 6912086   14.64329   60   31   13.62358   15.62227  14.7%  75.8 5055s
 7744930 6918493   15.62110   53   22   13.62358   15.62151  14.7%  75.8 5060s
 7752404 6924492   14.57803   50   38   13.62358   15.62091  14.7%  75.8 5065s
 7763235 6933723   15.60365   48   42   13.62358   15.61984  14.7%  75.8 5072s
 7769929 6939602   15.61924   51   22   13.62358   15.61924  14.6%  75.8 5076s
 7777016 6945819   15.60241   58   33   13.62358   15.61846  14.6%  75.8 5081s
 7784189 6951940   15.29075   51   38   13.62358   15.61775  14.6%  75.8 5086s
 7791451 6957835   15.26539   60   33   13.62358   15.61711  14.6%  75.8 5091s
 7798230 6963834   14.60072   49   37   13.62358   15.61640  14.6%  75.7 5096s
 7805610 6970019   15.52279   53   35   13.62358   15.61570  14.6%  75.7 5101s
 7812730 6976236     cutoff   57        13.62358   15.61496  14.6%  75.7 5106s
 7820079 6982498   15.50867   57   36   13.62358   15.61426  14.6%  75.7 5111s
 7827098 6988342   14.87114   58   30   13.62358   15.61361  14.6%  75.7 5115s
 7834006 6994477   15.59950   62   25   13.62358   15.61287  14.6%  75.7 5121s
 7841832 7000967   15.37058   53   43   13.62358   15.61213  14.6%  75.7 5126s
 7848991 7007017   15.31943   51   39   13.62358   15.61139  14.6%  75.7 5131s
 7855909 7012525   15.23990   54   34   13.62358   15.61059  14.6%  75.7 5135s
 7862978 7019102   13.68103   64   28   13.62358   15.60997  14.6%  75.7 5140s
 7870178 7025148   15.33453   49   39   13.62358   15.60938  14.6%  75.7 5145s
 7877602 7031517   14.15663   50   44   13.62358   15.60868  14.6%  75.7 5150s
 7884569 7037602   15.03121   51   45   13.62358   15.60786  14.6%  75.7 5155s
 7891719 7043282   15.04417   52   42   13.62358   15.60711  14.6%  75.7 5160s
 7898894 7049780   14.96702   59   30   13.62358   15.60653  14.6%  75.7 5165s
 7906344 7055842   15.43172   55   27   13.62358   15.60584  14.6%  75.7 5170s
 7913618 7062206   15.28467   59   40   13.62358   15.60502  14.5%  75.7 5175s
 7920491 7067973   14.76836   54   34   13.62358   15.60436  14.5%  75.7 5180s
 7927944 7074291   15.54562   52   39   13.62358   15.60378  14.5%  75.7 5185s
 7935380 7080614     cutoff   55        13.62358   15.60289  14.5%  75.7 5190s
 7942889 7086809   15.35558   55   33   13.62358   15.60234  14.5%  75.7 5195s
 7949746 7092691   14.33975   54   35   13.62358   15.60153  14.5%  75.7 5200s
 7957178 7099084   14.75033   56   33   13.62358   15.60097  14.5%  75.7 5205s
 7964438 7105329     cutoff   45        13.62358   15.60025  14.5%  75.7 5210s
 7971736 7111409   14.92390   51   41   13.62358   15.59969  14.5%  75.7 5215s
 7982307 7120311     cutoff   51        13.62358   15.59859  14.5%  75.7 5222s
 7989295 7126447   15.58784   55   37   13.62358   15.59789  14.5%  75.7 5227s
 7996901 7132568     cutoff   55        13.62358   15.59719  14.5%  75.7 5232s
 8004311 7138635   15.29104   58   35   13.62358   15.59648  14.5%  75.7 5237s
 8011039 7144625   15.47270   57   34   13.62358   15.59574  14.5%  75.7 5242s
 8018541 7151025   14.53405   64   32   13.62358   15.59499  14.5%  75.7 5247s
 8025998 7157296   14.34379   60   35   13.62358   15.59431  14.5%  75.7 5252s
 8029441 7160363     cutoff   53        13.62358   15.59388  14.5%  75.7 5255s
 8040100 7169528   14.03135   60   31   13.62358   15.59289  14.5%  75.7 5262s
 8047578 7175736   14.99651   51   36   13.62358   15.59214  14.4%  75.7 5267s
 8051143 7179124   15.55867   49   37   13.62358   15.59184  14.4%  75.7 5270s
 8062130 7188234     cutoff   49        13.62358   15.59075  14.4%  75.7 5277s
 8068962 7193993   14.07521   47   42   13.62358   15.59002  14.4%  75.7 5282s
 8076347 7197165   13.88176   54   33   13.62358   15.58936  14.4%  75.7 5287s
 8076387 7197193   15.58934   49   22   13.62358   15.58934  14.4%  75.7 5290s
 8076459 7197246   15.58934   51   26   13.62358   15.58934  14.4%  75.7 5295s
 8076544 7197596   15.58922   53   29   13.62358   15.58922  14.4%  75.7 5301s
 8077809 7200184   15.22619   57   36   13.62358   15.58922  14.4%  75.7 5307s
 8079973 7203149   15.51729   52   37   13.62358   15.58918  14.4%  75.7 5311s
 8088085 7210941   15.53075   62   36   13.62358   15.58900  14.4%  75.7 5318s
 8092602 7214222   15.50527   55   32   13.62358   15.58834  14.4%  75.7 5321s
 8099663 7220017   15.47456   53   40   13.62358   15.58750  14.4%  75.7 5326s
 8106917 7226363   15.57539   54   37   13.62358   15.58692  14.4%  75.7 5331s
 8114554 7232570   15.34769   64   30   13.62358   15.58573  14.4%  75.7 5336s
 8121824 7239095   14.42942   54   36   13.62358   15.58512  14.4%  75.7 5340s
 8129068 7245004   14.76140   49   39   13.62358   15.58451  14.4%  75.7 5345s
 8140223 7254138   15.40294   51   41   13.62358   15.58348  14.4%  75.7 5352s
 8147467 7260595     cutoff   55        13.62358   15.58299  14.4%  75.7 5357s
 8154707 7266355   13.89553   63   34   13.62358   15.58212  14.4%  75.7 5361s
 8161546 7272331   15.50226   50   42   13.62358   15.58148  14.4%  75.7 5366s
 8168856 7278705   15.53144   60   30   13.62358   15.58091  14.4%  75.7 5371s
 8176423 7284984   15.23279   53   30   13.62358   15.58011  14.4%  75.7 5376s
 8183545 7291281     cutoff   55        13.62358   15.57955  14.4%  75.7 5380s
 8190549 7297243   14.85702   52   42   13.62358   15.57873  14.4%  75.7 5385s
 8197475 7303286   13.86432   59   31   13.62358   15.57817  14.3%  75.7 5390s
 8205222 7309646   15.34331   69   23   13.62358   15.57740  14.3%  75.7 5395s
 8212672 7315868   15.56965   50   42   13.62358   15.57677  14.3%  75.7 5400s
 8219267 7321864     cutoff   52        13.62358   15.57612  14.3%  75.7 5405s
 8227012 7327932   14.71656   57   34   13.62358   15.57538  14.3%  75.7 5410s
 8234395 7334302   13.99188   55   37   13.62358   15.57471  14.3%  75.7 5415s
 8241825 7340583   15.39161   49   41   13.62358   15.57408  14.3%  75.7 5420s
 8248793 7346352   14.03850   55   34   13.62358   15.57330  14.3%  75.7 5425s
 8255731 7352435   15.44584   50   33   13.62358   15.57268  14.3%  75.7 5430s
 8263420 7358714   15.40798   53   38   13.62358   15.57206  14.3%  75.7 5435s
 8270767 7365211   15.34447   57   34   13.62358   15.57146  14.3%  75.7 5440s
 8278010 7371056   15.42998   57   30   13.62358   15.57079  14.3%  75.7 5445s
 8285122 7377296   15.57027   47   27   13.62358   15.57027  14.3%  75.7 5450s
 8292472 7383365   15.22576   66   24   13.62358   15.56944  14.3%  75.7 5455s
 8303308 7392714   15.35401   47   32   13.62358   15.56852  14.3%  75.7 5462s
 8310294 7398523   15.21339   54   34   13.62358   15.56787  14.3%  75.7 5466s
 8317590 7404389     cutoff   53        13.62358   15.56732  14.3%  75.7 5472s
 8324948 7411101     cutoff   56        13.62358   15.56657  14.3%  75.7 5477s
 8332311 7417207   14.83678   55   40   13.62358   15.56593  14.3%  75.7 5482s
 8339449 7423104   14.98435   51   29   13.62358   15.56530  14.3%  75.7 5486s
 8346740 7429202   15.56474   53   24   13.62358   15.56474  14.2%  75.7 5491s
 8354099 7435356   15.43827   57   34   13.62358   15.56418  14.2%  75.7 5496s
 8361199 7441594   15.27278   53   36   13.62358   15.56346  14.2%  75.7 5501s
 8368406 7447300   15.22631   55   36   13.62358   15.56289  14.2%  75.7 5506s
 8375570 7453854   14.81912   50   41   13.62358   15.56208  14.2%  75.7 5511s
 8382935 7459807   15.56149   54   26   13.62358   15.56149  14.2%  75.7 5516s
 8390317 7466198   15.35464   59   32   13.62358   15.56081  14.2%  75.7 5521s
 8397300 7472159   15.33873   52   32   13.62358   15.56018  14.2%  75.7 5526s
 8404699 7478287   15.16231   50   25   13.62358   15.55961  14.2%  75.7 5531s
 8411988 7484522   15.21401   54   35   13.62358   15.55882  14.2%  75.7 5536s
 8419051 7490433     cutoff   53        13.62358   15.55815  14.2%  75.7 5541s
 8426667 7496438   15.27598   55   38   13.62358   15.55743  14.2%  75.7 5546s
 8433424 7502960   15.30432   55   33   13.62358   15.55677  14.2%  75.7 5551s
 8441241 7509133   15.37776   61   33   13.62358   15.55618  14.2%  75.7 5556s
 8448405 7515439   14.58625   55   30   13.62358   15.55561  14.2%  75.7 5561s
 8455816 7520946   15.55012   52   40   13.62358   15.55473  14.2%  75.7 5565s
 8462953 7527751     cutoff   51        13.62358   15.55417  14.2%  75.7 5570s
 8470246 7533827   15.10690   48   38   13.62358   15.55355  14.2%  75.7 5576s
 8477914 7540178   13.95475   51   36   13.62358   15.55305  14.2%  75.7 5580s
 8485126 7546070   15.31836   48   40   13.62358   15.55221  14.2%  75.7 5585s
 8491965 7551776   15.24093   51   38   13.62358   15.55164  14.2%  75.7 5590s
 8499020 7558116   14.37921   51   37   13.62358   15.55101  14.1%  75.7 5595s
 8506475 7564308   14.66725   49   29   13.62358   15.55032  14.1%  75.7 5600s
 8513909 7570180   15.36580   51   40   13.62358   15.54964  14.1%  75.6 5605s
 8520474 7576027   15.54899   52   38   13.62358   15.54899  14.1%  75.6 5610s
 8528209 7582242   15.47475   55   32   13.62358   15.54836  14.1%  75.6 5615s
 8535397 7588421     cutoff   56        13.62358   15.54778  14.1%  75.6 5620s
 8542630 7594505   15.50015   51   44   13.62358   15.54708  14.1%  75.6 5625s
 8553321 7603473   15.38700   56   35   13.62358   15.54607  14.1%  75.6 5632s
 8560612 7609778   15.16909   51   41   13.62358   15.54547  14.1%  75.6 5637s
 8567930 7615922   15.45735   50   42   13.62358   15.54485  14.1%  75.6 5641s
 8575423 7621948   15.22973   50   39   13.62358   15.54421  14.1%  75.6 5646s
 8582254 7628268   15.29737   59   28   13.62358   15.54363  14.1%  75.6 5651s
 8589481 7634155   15.28227   60   29   13.62358   15.54285  14.1%  75.6 5656s
 8596868 7640424   15.21542   58   38   13.62358   15.54224  14.1%  75.6 5661s
 8604254 7646563   15.01629   54   34   13.62358   15.54160  14.1%  75.6 5666s
 8611054 7652131   15.19015   59   32   13.62358   15.54101  14.1%  75.6 5671s
 8618514 7658587   15.52459   46   41   13.62358   15.54038  14.1%  75.6 5676s
 8625919 7664595   15.36656   50   37   13.62358   15.53955  14.1%  75.6 5682s
 8633258 7671005   15.51181   55   37   13.62358   15.53884  14.1%  75.6 5687s
 8640244 7676690   14.85054   50   38   13.62358   15.53832  14.1%  75.6 5692s
 8647616 7683352   14.37364   53   36   13.62358   15.53763  14.0%  75.6 5697s
 8655304 7689449   14.28808   63   27   13.62358   15.53704  14.0%  75.6 5702s
 8662739 7695793     cutoff   52        13.62358   15.53636  14.0%  75.6 5707s
 8669905 7701539   15.34972   70   24   13.62358   15.53583  14.0%  75.6 5712s
 8676595 7707633   14.91435   54   35   13.62358   15.53523  14.0%  75.6 5717s
 8683933 7713695   14.86337   51   37   13.62358   15.53458  14.0%  75.6 5722s
 8691094 7719736   13.69969   56   37   13.62358   15.53384  14.0%  75.6 5727s
 8694775 7723071   14.03979   53   39   13.62358   15.53371  14.0%  75.6 5730s
 8705624 7732002   15.49745   54   32   13.62358   15.53271  14.0%  75.6 5737s
 8709205 7734969   15.29420   49   40   13.62358   15.53251  14.0%  75.6 5740s
 8716504 7741198   15.11549   56   34   13.62358   15.53169  14.0%  75.6 5745s
 8723724 7747227   15.26564   63   26   13.62358   15.53107  14.0%  75.6 5750s
 8731130 7753173   15.24255   52   36   13.62358   15.53044  14.0%  75.6 5755s
 8737971 7759363   13.96812   54   37   13.62358   15.52981  14.0%  75.6 5760s
 8745323 7765578   14.71012   58   37   13.62358   15.52914  14.0%  75.6 5765s
 8752887 7772009   14.43349   54   28   13.62358   15.52854  14.0%  75.6 5770s
 8760190 7777629   14.39542   61   33   13.62358   15.52792  14.0%  75.6 5775s
 8767137 7783960     cutoff   51        13.62358   15.52733  14.0%  75.6 5780s
 8774388 7790151   14.55503   52   41   13.62358   15.52663  14.0%  75.6 5785s
 8781847 7796506   15.32150   63   28   13.62358   15.52598  14.0%  75.6 5790s
 8789348 7802325   14.36424   55   32   13.62358   15.52537  14.0%  75.6 5795s
 8796330 7808299   14.76902   55   37   13.62358   15.52477  14.0%  75.6 5800s
 8803579 7814647   15.38301   59   33   13.62358   15.52421  14.0%  75.6 5805s
 8810750 7820824   13.79463   54   37   13.62358   15.52350  13.9%  75.6 5810s
 8818266 7826553   14.09530   53   35   13.62358   15.52286  13.9%  75.6 5815s
 8825008 7832975   15.48489   56   33   13.62358   15.52237  13.9%  75.6 5821s
 8832730 7839415   15.46625   55   37   13.62358   15.52159  13.9%  75.6 5826s
 8840065 7845657     cutoff   54        13.62358   15.52107  13.9%  75.6 5831s
 8847605 7851213   14.44755   61   28   13.62358   15.52043  13.9%  75.6 5836s
 8854745 7857737   15.45970   50   44   13.62358   15.51996  13.9%  75.6 5841s
 8861864 7864056   14.83888   56   33   13.62358   15.51931  13.9%  75.6 5846s
 8869738 7870394   15.32788   52   35   13.62358   15.51864  13.9%  75.6 5851s
 8876865 7875964   15.51801   44   32   13.62358   15.51801  13.9%  75.6 5856s
 8883919 7882241   14.91328   45   41   13.62358   15.51742  13.9%  75.6 5861s
 8891098 7888335     cutoff   58        13.62358   15.51675  13.9%  75.6 5866s
 8898440 7891483   13.72149   62   27   13.62358   15.51619  13.9%  75.6 5872s
 8898513 7891533   15.50499   49   41   13.62358   15.51609  13.9%  75.6 5877s
 8898587 7891665   15.24664   50   36   13.62358   15.51603  13.9%  75.6 5882s
 8898700 7892134   15.46756   48   38   13.62358   15.51603  13.9%  75.6 5885s
 8900980 7896083   15.51601   47   26   13.62358   15.51601  13.9%  75.6 5892s
 8903977 7899319   15.51601   48   26   13.62358   15.51601  13.9%  75.6 5896s
 8910841 7904895   15.41452   58   38   13.62358   15.51564  13.9%  75.6 5901s
 8918283 7911239   15.45609   52   37   13.62358   15.51454  13.9%  75.6 5906s
 8925509 7917421   15.46934   53   41   13.62358   15.51378  13.9%  75.6 5912s
 8929414 7920611   15.06979   54   34   13.62358   15.51351  13.9%  75.6 5915s
 8940146 7929510   15.29460   51   27   13.62358   15.51258  13.9%  75.6 5922s
 8947448 7935678   14.98000   62   27   13.62358   15.51195  13.9%  75.6 5927s
 8950994 7938829   15.48076   55   36   13.62358   15.51161  13.9%  75.6 5930s
 8958462 7944920   15.29342   53   36   13.62358   15.51105  13.9%  75.6 5935s
 8965556 7951304   15.39626   61   26   13.62358   15.51042  13.8%  75.6 5940s
 8972674 7957036   15.10133   51   49   13.62358   15.50981  13.8%  75.6 5945s
 8980245 7963398   15.17913   58   34   13.62358   15.50926  13.8%  75.6 5950s
 8987564 7969535   15.28213   55   39   13.62358   15.50853  13.8%  75.6 5955s
 8994929 7975817   15.13849   50   38   13.62358   15.50795  13.8%  75.6 5960s
 9002040 7981585   15.29112   54   27   13.62358   15.50736  13.8%  75.6 5965s
 9009384 7987701     cutoff   59        13.62358   15.50682  13.8%  75.6 5970s
 9016739 7994006     cutoff   55        13.62358   15.50622  13.8%  75.6 5975s
 9024178 8000199   15.11612   59   28   13.62358   15.50555  13.8%  75.6 5980s
 9031372 8006114   14.98887   50   39   13.62358   15.50504  13.8%  75.6 5985s
 9038339 8012114   15.38117   53   43   13.62358   15.50444  13.8%  75.6 5990s
 9049102 8018164   14.58131   55   34   13.62358   15.50354  13.8%  75.6 5995s
 9052887 8024119   15.47986   57   36   13.62358   15.50325  13.8%  75.6 6000s
 9060190 8029883   15.22774   52   36   13.62358   15.50269  13.8%  75.6 6005s
 9067242 8036244   15.31053   57   31   13.62358   15.50205  13.8%  75.6 6010s
 9074592 8042402   15.46805   62   30   13.62358   15.50147  13.8%  75.6 6015s
 9082152 8048756   14.64669   51   30   13.62358   15.50086  13.8%  75.6 6020s
 9089317 8054373   15.17212   57   32   13.62358   15.50037  13.8%  75.6 6025s
 9096309 8060529   14.75170   46   34   13.62358   15.49976  13.8%  75.6 6030s
 9103671 8066979   15.33418   51   35   13.62358   15.49920  13.8%  75.6 6035s
 9110976 8072967   13.97960   58   32   13.62358   15.49851  13.8%  75.6 6040s
 9118477 8078968   15.42664   53   38   13.62358   15.49791  13.8%  75.6 6045s
 9125636 8085272   14.94706   56   32   13.62358   15.49734  13.8%  75.5 6050s
 9132911 8091474   14.90951   57   34   13.62358   15.49675  13.7%  75.5 6055s
 9140270 8097759   15.49623   51   30   13.62358   15.49623  13.7%  75.5 6060s
 9151059 8106455   15.48780   47   28   13.62358   15.49544  13.7%  75.5 6067s
 9157867 8112578   15.29185   59   30   13.62358   15.49489  13.7%  75.5 6072s
 9165399 8118511   15.31577   55   36   13.62358   15.49428  13.7%  75.5 6077s
 9172576 8124687   14.35390   49   39   13.62358   15.49383  13.7%  75.5 6082s
 9179542 8130321   14.29090   51   38   13.62358   15.49308  13.7%  75.5 6086s
 9186531 8136166   14.37602   55   41   13.62358   15.49260  13.7%  75.5 6091s
 9193637 8142457   14.91665   48   40   13.62358   15.49189  13.7%  75.5 6096s
 9200647 8148488   14.29262   63   28   13.62358   15.49131  13.7%  75.5 6101s
 9208198 8154754   14.46109   59   29   13.62358   15.49076  13.7%  75.5 6106s
 9215157 8160555   14.60418   56   26   13.62358   15.49013  13.7%  75.5 6111s
 9222391 8166522   15.20381   60   31   13.62358   15.48954  13.7%  75.5 6116s
 9229628 8172887   15.00895   55   36   13.62358   15.48903  13.7%  75.5 6121s
 9237127 8178809   14.77010   63   32   13.62358   15.48836  13.7%  75.5 6127s
 9244550 8184893   15.24170   53   37   13.62358   15.48773  13.7%  75.5 6131s
 9251421 8190806   15.48723   45   23   13.62358   15.48723  13.7%  75.5 6136s
 9258662 8197246   15.42331   48   41   13.62358   15.48663  13.7%  75.5 6141s
 9266088 8203226   15.48277   50   41   13.62358   15.48615  13.7%  75.5 6147s
 9273612 8209010   15.40767   51   35   13.62358   15.48552  13.7%  75.5 6151s
 9280768 8215407     cutoff   58        13.62358   15.48494  13.7%  75.5 6157s
 9287801 8221620   14.09893   44   25   13.62358   15.48427  13.7%  75.5 6162s
 9295344 8227808   15.27283   56   36   13.62358   15.48365  13.7%  75.5 6167s
 9299142 8230740   15.42908   50   36   13.62358   15.48338  13.7%  75.5 6170s
 9309417 8239666   15.12034   66   27   13.62358   15.48249  13.6%  75.5 6177s
 9313345 8242736   15.41414   49   45   13.62358   15.48226  13.6%  75.5 6180s
 9320971 8249196   15.29302   53   38   13.62358   15.48157  13.6%  75.5 6185s
 9328264 8255148     cutoff   59        13.62358   15.48110  13.6%  75.5 6190s
 9339148 8263905   15.29701   66   30   13.62358   15.48020  13.6%  75.5 6197s
 9346320 8269897   15.44085   54   40   13.62358   15.47972  13.6%  75.5 6202s
 9353256 8275937   15.44985   52   49   13.62358   15.47920  13.6%  75.5 6207s
 9360671 8282101   15.34560   57   32   13.62358   15.47862  13.6%  75.5 6212s
 9367621 8287809   15.41440   47   39   13.62358   15.47807  13.6%  75.5 6216s
 9374967 8293981     cutoff   50        13.62358   15.47754  13.6%  75.5 6221s
 9382251 8300317   15.30546   53   40   13.62358   15.47688  13.6%  75.5 6226s
 9389793 8306299     cutoff   55        13.62358   15.47637  13.6%  75.5 6231s
 9396499 8311977   14.99046   64   27   13.62358   15.47575  13.6%  75.5 6236s
 9403810 8318132   15.35377   57   35   13.62358   15.47521  13.6%  75.5 6240s
 9411034 8324074   15.40436   45   23   13.62358   15.47454  13.6%  75.5 6245s
 9418205 8329995   15.14142   47   37   13.62358   15.47405  13.6%  75.5 6250s
 9425610 8335769   14.67721   64   26   13.62358   15.47348  13.6%  75.5 6255s
 9432818 8342166   15.47285   53   23   13.62358   15.47285  13.6%  75.5 6260s
 9439922 8348274   15.20392   65   28   13.62358   15.47237  13.6%  75.5 6265s
 9447436 8354221   15.10167   53   37   13.62358   15.47177  13.6%  75.5 6270s
 9454506 8359882   14.91639   58   32   13.62358   15.47116  13.6%  75.5 6275s
 9461401 8365966   15.45920   54   32   13.62358   15.47053  13.6%  75.5 6280s
 9468544 8371991   13.72829   59   32   13.62358   15.46990  13.6%  75.5 6285s
 9475934 8378140   15.20922   56   29   13.62358   15.46941  13.5%  75.5 6290s
 9486526 8387133   15.33113   53   31   13.62358   15.46857  13.5%  75.5 6297s
 9493960 8393453   15.46803   49   28   13.62358   15.46803  13.5%  75.5 6302s
 9501775 8399485   15.40479   50   40   13.62358   15.46753  13.5%  75.5 6307s
 9508861 8405619   15.45738   48   40   13.62358   15.46693  13.5%  75.5 6311s
 9515884 8411210   15.42813   62   28   13.62358   15.46643  13.5%  75.5 6316s
 9523152 8417294   15.44017   57   31   13.62358   15.46590  13.5%  75.5 6321s
 9530346 8423448   15.46502   53   38   13.62358   15.46519  13.5%  75.5 6326s
 9537741 8429532   15.31825   56   33   13.62358   15.46460  13.5%  75.5 6331s
 9545059 8435592   14.56908   58   36   13.62358   15.46412  13.5%  75.5 6336s
 9551938 8441490   15.19206   48   43   13.62358   15.46367  13.5%  75.5 6341s
 9559019 8447457   14.33319   58   34   13.62358   15.46300  13.5%  75.5 6346s
 9566334 8453709   15.45225   53   40   13.62358   15.46249  13.5%  75.5 6350s
 9573762 8459864   14.79687   54   38   13.62358   15.46202  13.5%  75.5 6355s
 9580664 8465698   15.33580   52   36   13.62358   15.46148  13.5%  75.5 6360s
 9588219 8471537     cutoff   50        13.62358   15.46093  13.5%  75.5 6365s
 9595218 8477566   14.33548   55   40   13.62358   15.46032  13.5%  75.5 6370s
 9602567 8483587   15.05216   54   39   13.62358   15.45969  13.5%  75.5 6375s
 9609942 8489430   15.26555   55   33   13.62358   15.45909  13.5%  75.5 6380s
 9616805 8495368   14.99854   52   44   13.62358   15.45861  13.5%  75.5 6385s
 9624062 8501318   13.89447   54   39   13.62358   15.45799  13.5%  75.5 6390s
 9631234 8507588   15.24968   57   35   13.62358   15.45743  13.5%  75.5 6395s
 9638740 8513652   14.99409   54   30   13.62358   15.45689  13.5%  75.5 6400s
 9645362 8519430   14.85809   52   39   13.62358   15.45640  13.5%  75.5 6405s
 9652932 8525415   14.96172   57   32   13.62358   15.45574  13.4%  75.5 6410s
 9660195 8531618   14.37266   62   24   13.62358   15.45524  13.4%  75.5 6415s
 9667670 8537758   15.37530   53   34   13.62358   15.45474  13.4%  75.5 6420s
 9678175 8546465   14.90356   60   28   13.62358   15.45381  13.4%  75.5 6427s
 9685495 8552723   15.25684   56   38   13.62358   15.45339  13.4%  75.5 6432s
 9692784 8558579   14.83030   57   29   13.62358   15.45280  13.4%  75.5 6436s
 9700064 8564630   15.18763   53   34   13.62358   15.45229  13.4%  75.5 6441s
 9706627 8570280   14.70119   50   36   13.62358   15.45171  13.4%  75.5 6446s
 9714162 8576369   15.41315   53   40   13.62358   15.45115  13.4%  75.5 6451s
 9721728 8582568   15.27228   53   39   13.62358   15.45050  13.4%  75.5 6456s
 9728975 8588936   14.25378   58   34   13.62358   15.44992  13.4%  75.4 6462s
 9736080 8594609   15.44945   47   22   13.62358   15.44945  13.4%  75.4 6467s
 9743513 8600856   15.43947   56   36   13.62358   15.44899  13.4%  75.4 6472s
 9750840 8607038   15.44830   50   29   13.62358   15.44830  13.4%  75.4 6477s
 9758020 8613091   14.86731   55   38   13.62358   15.44774  13.4%  75.4 6482s
 9765193 8618649   15.19793   55   40   13.62358   15.44723  13.4%  75.4 6487s
 9772419 8624692   15.38185   51   43   13.62358   15.44663  13.4%  75.4 6492s
 9779442 8630932   14.06087   53   32   13.62358   15.44608  13.4%  75.4 6497s
 9787021 8637007   15.13402   51   35   13.62358   15.44551  13.4%  75.4 6502s
 9794029 8642581   15.13819   56   32   13.62358   15.44493  13.4%  75.4 6507s
 9800855 8648347   15.44439   51   33   13.62358   15.44439  13.4%  75.4 6512s
 9808225 8654520   15.44381   50   37   13.62358   15.44382  13.4%  75.4 6516s
 9815454 8660434   14.48973   50   46   13.62358   15.44332  13.4%  75.4 6522s
 9822774 8666559   14.94072   55   38   13.62358   15.44292  13.4%  75.4 6527s
 9829533 8671975   15.17461   50   42   13.62358   15.44226  13.3%  75.4 6532s
 9837208 8678606   15.02374   56   26   13.62358   15.44171  13.3%  75.4 6537s
 9844819 8684708   15.42527   54   36   13.62358   15.44116  13.3%  75.4 6542s
 9852248 8690679   15.17707   54   37   13.62358   15.44060  13.3%  75.4 6547s
 9858995 8696257   15.20838   57   29   13.62358   15.44003  13.3%  75.4 6551s
 9866240 8702209   14.77279   58   25   13.62358   15.43955  13.3%  75.4 6557s
 9873401 8708475     cutoff   56        13.62358   15.43904  13.3%  75.4 6561s
 9880534 8714403   15.43311   52   36   13.62358   15.43848  13.3%  75.4 6566s
 9888156 8720268   15.08830   56   36   13.62358   15.43797  13.3%  75.4 6571s
 9895159 8726220   15.01426   54   39   13.62358   15.43747  13.3%  75.4 6576s
 9902220 8732405   15.16274   60   32   13.62358   15.43692  13.3%  75.4 6581s
 9909782 8738467   15.14615   54   38   13.62358   15.43640  13.3%  75.4 6586s
 9916789 8744342     cutoff   52        13.62358   15.43584  13.3%  75.4 6591s
 9923789 8749767   15.42700   59   34   13.62358   15.43532  13.3%  75.4 6596s
 9931083 8756271   14.11168   57   36   13.62358   15.43476  13.3%  75.4 6601s
 9938417 8762459   15.14186   49   45   13.62358   15.43432  13.3%  75.4 6606s
 9946013 8768471   15.31568   52   34   13.62358   15.43369  13.3%  75.4 6611s
 9952716 8774012   15.10307   46   34   13.62358   15.43318  13.3%  75.4 6615s
 9960137 8780188   13.92328   58   32   13.62358   15.43268  13.3%  75.4 6621s
 9967768 8786526   15.43211   44   43   13.62358   15.43211  13.3%  75.4 6626s
 9975150 8792526   15.19559   55   35   13.62358   15.43161  13.3%  75.4 6630s
 9981899 8798292   14.96025   52   37   13.62358   15.43110  13.3%  75.4 6635s
 9989264 8804202   13.89898   51   35   13.62358   15.43054  13.3%  75.4 6640s
 9996175 8809912   14.77828   59   32   13.62358   15.42999  13.3%  75.4 6645s
 10007358 8819124   14.72925   58   30   13.62358   15.42909  13.3%  75.4 6652s
 10013844 8824987   15.25099   64   27   13.62358   15.42865  13.2%  75.4 6657s
 10021743 8830979   15.24946   54   34   13.62358   15.42805  13.2%  75.4 6662s
 10029104 8837361   14.97213   52   33   13.62358   15.42752  13.2%  75.4 6667s
 10036607 8843407     cutoff   52        13.62358   15.42702  13.2%  75.4 6672s
 10043434 8849235   15.42650   47   28   13.62358   15.42650  13.2%  75.4 6677s
 10050772 8855264   15.40367   31   37   13.62358   15.42601  13.2%  75.4 6682s
 10058077 8861081   14.36783   48   40   13.62358   15.42543  13.2%  75.4 6687s
 10065309 8867266   14.65327   58   38   13.62358   15.42488  13.2%  75.4 6691s
 10072284 8872997   15.27782   53   41   13.62358   15.42440  13.2%  75.4 6696s
 10079621 8879159   15.11286   48   37   13.62358   15.42396  13.2%  75.4 6701s
 10087019 8885086   14.68342   52   40   13.62358   15.42336  13.2%  75.4 6706s
 10094502 8891220   14.72509   56   33   13.62358   15.42279  13.2%  75.4 6711s
 10101229 8896920   15.27465   68   25   13.62358   15.42230  13.2%  75.4 6716s
 10108661 8903171   15.10748   56   34   13.62358   15.42177  13.2%  75.4 6721s
 10116002 8909109   15.40700   48   42   13.62358   15.42125  13.2%  75.4 6726s
 10123555 8915155   15.41923   50   39   13.62358   15.42076  13.2%  75.4 6731s
 10130209 8920702   15.08772   63   27   13.62358   15.42029  13.2%  75.4 6736s
 10137514 8927025   15.20307   64   28   13.62358   15.41973  13.2%  75.4 6741s
 10144917 8933010   15.37789   58   29   13.62358   15.41919  13.2%  75.4 6746s
 10152293 8938869     cutoff   55        13.62358   15.41870  13.2%  75.4 6751s
 10159629 8944656     cutoff   54        13.62358   15.41815  13.2%  75.4 6755s
 10166519 8950686   14.80227   63   29   13.62358   15.41763  13.2%  75.4 6760s
 10173823 8956814   15.37034   57   32   13.62358   15.41722  13.2%  75.4 6766s
 10181297 8962672   15.41341   44   25   13.62358   15.41663  13.2%  75.4 6771s
 10188299 8968659   14.77082   48   39   13.62358   15.41610  13.2%  75.4 6776s
 10195211 8974451   15.21141   54   32   13.62358   15.41545  13.2%  75.4 6781s
 10202630 8980501   15.41502   46   23   13.62358   15.41502  13.1%  75.4 6785s
 10209618 8986226   15.14584   50   36   13.62358   15.41441  13.1%  75.4 6790s
 10216740 8992326   15.28423   47   38   13.62358   15.41401  13.1%  75.4 6795s
 10224243 8998192   15.32000   55   34   13.62358   15.41344  13.1%  75.4 6800s
 10231093 9003903   15.07938   53   36   13.62358   15.41304  13.1%  75.4 6805s
 10238153 9010053   15.38149   47   32   13.62358   15.41257  13.1%  75.4 6810s
 10245445 9015680   14.49825   59   34   13.62358   15.41198  13.1%  75.4 6815s
 10252637 9021944   13.80944   52   39   13.62358   15.41150  13.1%  75.4 6820s
 10259563 9027617   15.09782   54   37   13.62358   15.41092  13.1%  75.4 6825s
 10266838 9033613   15.22139   51   36   13.62358   15.41044  13.1%  75.4 6830s
 10273769 9039334   15.40549   52   40   13.62358   15.40980  13.1%  75.4 6835s
 10281482 9045612   14.93913   44   43   13.62358   15.40932  13.1%  75.4 6840s
 10288891 9051316   15.40702   48   30   13.62358   15.40890  13.1%  75.4 6845s
 10295650 9057231   14.72656   57   30   13.62358   15.40833  13.1%  75.4 6850s
 10302740 9063255   15.36339   61   28   13.62358   15.40774  13.1%  75.4 6855s
 10310259 9069296   14.07858   55   35   13.62358   15.40721  13.1%  75.4 6860s
 10317656 9075509     cutoff   52        13.62358   15.40671  13.1%  75.4 6865s
 10324773 9081025   14.35837   52   34   13.62358   15.40629  13.1%  75.4 6870s
 10332048 9087191     cutoff   57        13.62358   15.40579  13.1%  75.4 6875s
 10339247 9092994   15.40517   47   35   13.62358   15.40517  13.1%  75.4 6880s
 10346492 9098930     cutoff   57        13.62358   15.40463  13.1%  75.4 6885s
 10353694 9104657   15.32097   52   32   13.62358   15.40408  13.1%  75.4 6890s
 10360568 9110283   14.87578   56   40   13.62358   15.40357  13.1%  75.4 6895s
 10367681 9116170   14.31762   58   31   13.62358   15.40306  13.1%  75.4 6900s
 10374665 9122374   15.06022   62   31   13.62358   15.40253  13.1%  75.4 6905s
 10382277 9128422   14.56768   63   31   13.62358   15.40195  13.1%  75.4 6910s
 10388915 9134095   15.04770   57   34   13.62358   15.40144  13.0%  75.4 6915s
 10396296 9140175   15.39265   58   36   13.62358   15.40094  13.0%  75.4 6921s
 10403839 9146353   15.06732   55   41   13.62358   15.40038  13.0%  75.4 6926s
 10411081 9152332   15.10084   49   39   13.62358   15.39988  13.0%  75.4 6931s
 10418116 9158085   15.39941   46   23   13.62358   15.39941  13.0%  75.4 6936s
 10425289 9164031   15.33413   60   32   13.62358   15.39889  13.0%  75.4 6941s
 10432668 9169921   13.99498   57   30   13.62358   15.39831  13.0%  75.4 6946s
 10439881 9175745   14.80732   55   42   13.62358   15.39790  13.0%  75.4 6951s
 10447001 9181293   15.21000   52   37   13.62358   15.39738  13.0%  75.3 6956s
 10453783 9187004     cutoff   30        13.62358   15.39682  13.0%  75.3 6961s
 10460891 9189961     cutoff   53        13.62358   15.39640  13.0%  75.3 6966s
 10460961 9190017   15.39625   46   31   13.62358   15.39625  13.0%  75.3 6971s
 10461034 9190085   15.00185   58   28   13.62358   15.39622  13.0%  75.3 6977s
 10461080 9190567   15.03015   56   35   13.62358   15.39621  13.0%  75.3 6980s
 10463641 9195135   15.14334   51   30   13.62358   15.39619  13.0%  75.3 6986s
 10471407 9202274   14.24637   56   35   13.62358   15.39601  13.0%  75.3 6992s
 10475838 9205564   15.30777   52   38   13.62358   15.39554  13.0%  75.3 6995s
 10482942 9211341   15.39472   44   23   13.62358   15.39472  13.0%  75.3 7000s
 10490440 9217198   15.25354   48   44   13.62358   15.39426  13.0%  75.3 7005s
 10497541 9223383   14.34668   63   30   13.62358   15.39375  13.0%  75.3 7010s
 10505077 9229125   15.24766   57   30   13.62358   15.39321  13.0%  75.3 7015s
 10512162 9234695   14.85787   54   38   13.62358   15.39272  13.0%  75.3 7020s
 10519014 9240824   15.23739   51   41   13.62358   15.39222  13.0%  75.3 7025s
 10526387 9246754   14.92198   60   31   13.62358   15.39168  13.0%  75.3 7030s
 10533666 9252452   14.98794   45   43   13.62358   15.39127  13.0%  75.3 7035s
 10540771 9258462   14.83442   55   36   13.62358   15.39075  13.0%  75.3 7040s
 10547673 9264143   15.24475   58   30   13.62358   15.39026  13.0%  75.3 7045s
 10554560 9269842   14.48899   51   40   13.62358   15.38980  13.0%  75.3 7050s
 10562015 9275798     cutoff   59        13.62358   15.38924  13.0%  75.3 7055s
 10568926 9281882   14.83652   56   40   13.62358   15.38876  13.0%  75.3 7060s
 10576435 9287393   14.70179   64   28   13.62358   15.38822  13.0%  75.3 7065s
 10583472 9293366     cutoff   52        13.62358   15.38792  13.0%  75.3 7070s
 10590508 9299338     cutoff   50        13.62358   15.38733  12.9%  75.3 7075s
 10597646 9305306   15.21865   57   28   13.62358   15.38679  12.9%  75.3 7080s
 10605144 9311079   14.34512   58   32   13.62358   15.38624  12.9%  75.3 7085s
 10612043 9316709   14.36433   60   30   13.62358   15.38588  12.9%  75.3 7090s
 10618867 9322370   15.12334   60   31   13.62358   15.38533  12.9%  75.3 7095s
 10626041 9328340   15.26795   58   34   13.62358   15.38475  12.9%  75.3 7100s
 10633192 9334244   15.38427   53   31   13.62358   15.38427  12.9%  75.3 7105s
 10643620 9342855   15.19129   61   29   13.62358   15.38356  12.9%  75.3 7112s
 10650994 9348739   15.11449   51   38   13.62358   15.38305  12.9%  75.3 7117s
 10658058 9354721   14.47381   57   37   13.62358   15.38260  12.9%  75.3 7122s
 10665169 9360557   15.00034   56   41   13.62358   15.38209  12.9%  75.3 7127s
 10672780 9366109   14.59002   59   33   13.62358   15.38166  12.9%  75.3 7131s
 10679488 9372408   15.17921   55   33   13.62358   15.38116  12.9%  75.3 7137s
 10686902 9378256     cutoff   65        13.62358   15.38060  12.9%  75.3 7142s
 10694339 9383953   14.05812   58   31   13.62358   15.38008  12.9%  75.3 7147s
 10697687 9387177   15.08512   48   41   13.62358   15.37988  12.9%  75.3 7150s
 10708414 9395796     cutoff   49        13.62358   15.37908  12.9%  75.3 7157s
 10712081 9398799     cutoff   61        13.62358   15.37886  12.9%  75.3 7160s
 10719393 9404617   15.17572   59   30   13.62358   15.37834  12.9%  75.3 7165s
 10726694 9410734   15.27940   58   37   13.62358   15.37777  12.9%  75.3 7170s
 10733810 9416055   14.65227   60   30   13.62358   15.37731  12.9%  75.3 7175s
 10740816 9421962   15.34746   52   40   13.62358   15.37679  12.9%  75.3 7180s
 10747708 9427981   15.12439   53   36   13.62358   15.37627  12.9%  75.3 7185s
 10755231 9433939   15.20944   54   39   13.62358   15.37571  12.9%  75.3 7190s
 10762384 9439625   15.36468   57   33   13.62358   15.37524  12.9%  75.3 7195s
 10768873 9445069     cutoff   59        13.62358   15.37481  12.9%  75.3 7200s
 10776437 9450827   15.29284   61   29   13.62358   15.37427  12.9%  75.3 7205s
 10783535 9456938   14.35026   58   36   13.62358   15.37372  12.8%  75.3 7210s
 10791056 9462962   15.37335   53   27   13.62358   15.37335  12.8%  75.3 7215s
 10798325 9468549   14.75315   60   28   13.62358   15.37270  12.8%  75.3 7220s
 10805335 9474500     cutoff   55        13.62358   15.37222  12.8%  75.3 7225s
 10812451 9480409   15.37172   48   22   13.62358   15.37172  12.8%  75.3 7230s
 10819718 9486421   14.05183   57   35   13.62358   15.37126  12.8%  75.3 7235s
 10827039 9492215   14.94521   56   31   13.62358   15.37067  12.8%  75.3 7240s
 10833922 9497824   15.27592   61   32   13.62358   15.37028  12.8%  75.3 7245s
 10840931 9503534   14.95265   64   22   13.62358   15.36979  12.8%  75.3 7250s
 10848253 9509456   13.98240   52   37   13.62358   15.36952  12.8%  75.3 7255s
 10855545 9515406   14.45427   54   36   13.62358   15.36885  12.8%  75.3 7260s
 10862721 9520843   14.40451   58   37   13.62358   15.36829  12.8%  75.3 7265s
 10869628 9526665   15.36785   50   30   13.62358   15.36785  12.8%  75.3 7270s
 10876957 9533232   14.72720   55   33   13.62358   15.36734  12.8%  75.3 7275s
 10884312 9539104   13.95610   57   35   13.62358   15.36685  12.8%  75.3 7280s
 10891574 9544552   15.00744   59   34   13.62358   15.36631  12.8%  75.3 7285s
 10898331 9550766   14.73484   54   40   13.62358   15.36588  12.8%  75.3 7290s
 10905595 9556737   15.22566   50   33   13.62358   15.36553  12.8%  75.3 7295s
 10913094 9562571     cutoff   57        13.62358   15.36486  12.8%  75.3 7301s
 10920247 9568544   15.23259   56   36   13.62358   15.36437  12.8%  75.3 7306s
 10927194 9574270   15.31562   47   37   13.62358   15.36385  12.8%  75.3 7310s
 10934692 9580264   14.11261   53   36   13.62358   15.36345  12.8%  75.3 7316s
 10942306 9586395   15.08122   58   30   13.62358   15.36292  12.8%  75.3 7320s
 10949378 9591968   14.88744   49   28   13.62358   15.36237  12.8%  75.3 7325s
 10956224 9597485   15.00433   55   39   13.62358   15.36190  12.8%  75.3 7330s
 10963134 9603415   14.78376   58   34   13.62358   15.36153  12.8%  75.3 7335s
 10970647 9609531   15.19361   57   41   13.62358   15.36101  12.8%  75.3 7340s
 10977834 9615354   14.24352   56   38   13.62358   15.36055  12.7%  75.3 7345s
 10985094 9620920   14.50947   53   42   13.62358   15.36022  12.7%  75.3 7350s
 10991844 9626400   15.35799   51   41   13.62358   15.35970  12.7%  75.3 7355s
 10999084 9632469   15.35717   51   43   13.62358   15.35922  12.7%  75.3 7360s
 11006521 9638694   14.02796   59   31   13.62358   15.35866  12.7%  75.3 7365s
 11013589 9644409   15.25678   56   38   13.62358   15.35822  12.7%  75.3 7370s
 11020482 9650084   15.33786   57   34   13.62358   15.35773  12.7%  75.3 7375s
 11028066 9656178   15.33246   52   40   13.62358   15.35727  12.7%  75.3 7380s
 11035085 9661840   13.79557   50   34   13.62358   15.35673  12.7%  75.3 7385s
 11042321 9667937   15.16130   50   41   13.62358   15.35629  12.7%  75.3 7390s
 11049693 9673374   14.54691   47   22   13.62358   15.35578  12.7%  75.3 7395s
 11056565 9679584   14.83213   56   38   13.62358   15.35530  12.7%  75.3 7400s
 11063944 9685360   15.08533   59   31   13.62358   15.35472  12.7%  75.3 7405s
 11071411 9691426   15.29002   49   39   13.62358   15.35435  12.7%  75.3 7410s
 11078646 9696977   14.99038   52   38   13.62358   15.35393  12.7%  75.3 7415s
 11085466 9702969   15.00798   46   21   13.62358   15.35339  12.7%  75.3 7420s
 11092880 9708819   15.16607   52   34   13.62358   15.35285  12.7%  75.3 7425s
 11100060 9714506   15.35233   48   30   13.62358   15.35233  12.7%  75.3 7430s
 11107226 9720707   15.14901   57   37   13.62358   15.35186  12.7%  75.3 7435s
 11114250 9726428   15.28561   57   34   13.62358   15.35138  12.7%  75.3 7441s
 11121713 9732078   14.97462   56   31   13.62358   15.35092  12.7%  75.3 7446s
 11128673 9737948   15.23624   56   30   13.62358   15.35046  12.7%  75.3 7451s
 11135936 9743850   15.34993   45   39   13.62358   15.34993  12.7%  75.3 7456s
 11143147 9749383   14.63836   49   35   13.62358   15.34950  12.7%  75.3 7461s
 11149911 9755416   15.15207   58   30   13.62358   15.34905  12.7%  75.3 7466s
 11157464 9761409   15.34673   53   38   13.62358   15.34852  12.7%  75.3 7472s
 11164645 9767053     cutoff   54        13.62358   15.34805  12.7%  75.3 7477s
 11168219 9769804   15.27125   51   39   13.62358   15.34780  12.7%  75.3 7480s
 11178649 9778267   14.74122   61   28   13.62358   15.34712  12.7%  75.2 7487s
 11185347 9783833   14.57042   51   46   13.62358   15.34666  12.6%  75.2 7492s
 11192570 9789595   14.73497   55   30   13.62358   15.34621  12.6%  75.2 7497s
 11199527 9795472     cutoff   58        13.62358   15.34570  12.6%  75.2 7502s
 11203453 9798270   15.00914   49   43   13.62358   15.34550  12.6%  75.2 7505s
 11209970 9803680   14.40621   56   33   13.62358   15.34504  12.6%  75.2 7510s
 11217480 9809746     cutoff   55        13.62358   15.34445  12.6%  75.2 7515s
 11225054 9815977   14.59019   59   29   13.62358   15.34403  12.6%  75.2 7520s
 11232214 9821626   14.62863   63   24   13.62358   15.34357  12.6%  75.2 7525s
 11239344 9827027   15.33196   51   37   13.62358   15.34308  12.6%  75.2 7530s
 11246311 9833031   15.20204   56   33   13.62358   15.34259  12.6%  75.2 7535s
 11253402 9838724   14.93366   53   32   13.62358   15.34207  12.6%  75.2 7540s
 11260733 9844782   14.94975   55   32   13.62358   15.34163  12.6%  75.2 7545s
 11267795 9850618   14.24507   56   39   13.62358   15.34116  12.6%  75.2 7551s
 11274498 9856112   15.11956   49   39   13.62358   15.34070  12.6%  75.2 7556s
 11282056 9862109   15.18474   52   40   13.62358   15.34012  12.6%  75.2 7561s
 11289496 9868012   15.20983   48   45   13.62358   15.33975  12.6%  75.2 7566s
 11296428 9874018   14.39963   52   41   13.62358   15.33923  12.6%  75.2 7571s
 11303222 9879552   15.31227   52   27   13.62358   15.33873  12.6%  75.2 7576s
 11311075 9885776   14.81653   49   40   13.62358   15.33823  12.6%  75.2 7581s
 11318310 9891599   14.76622   59   33   13.62358   15.33779  12.6%  75.2 7586s
 11325304 9897591   14.53421   56   36   13.62358   15.33728  12.6%  75.2 7592s
 11332339 9903219   14.63315   52   41   13.62358   15.33679  12.6%  75.2 7597s
 11339826 9908836   14.99536   54   38   13.62358   15.33640  12.6%  75.2 7602s
 11346704 9914606   14.90298   59   33   13.62358   15.33573  12.6%  75.2 7607s
 11354064 9920525   15.32482   53   37   13.62358   15.33538  12.6%  75.2 7612s
 11361454 9926067   15.25416   59   36   13.62358   15.33481  12.6%  75.2 7617s
 11368187 9931837   13.83127   61   31   13.62358   15.33437  12.6%  75.2 7622s
 11371778 9935057   14.47805   49   37   13.62358   15.33423  12.6%  75.2 7625s
 11379219 9941115   15.26860   57   34   13.62358   15.33367  12.6%  75.2 7630s
 11386784 9946721   14.60369   61   30   13.62358   15.33312  12.5%  75.2 7635s
 11397310 9955217   14.89069   64   24   13.62358   15.33241  12.5%  75.2 7642s
 11404331 9960988   15.33198   53   25   13.62358   15.33198  12.5%  75.2 7647s
 11411564 9966701   14.59933   55   35   13.62358   15.33143  12.5%  75.2 7651s
 11418779 9972374   15.19236   54   37   13.62358   15.33095  12.5%  75.2 7656s
 11429078 9980930   15.33027   52   29   13.62358   15.33027  12.5%  75.2 7662s
 11436246 9986835   15.32816   51   41   13.62358   15.32979  12.5%  75.2 7667s
 11443762 9992393   15.05971   58   33   13.62358   15.32929  12.5%  75.2 7672s
 11450740 9998522   14.00809   59   38   13.62358   15.32886  12.5%  75.2 7677s
 11457977 10004047   13.86299   59   27   13.62358   15.32840  12.5%  75.2 7682s
 11464896 10009669     cutoff   42        13.62358   15.32786  12.5%  75.2 7687s
 11471743 10015438   15.17352   59   35   13.62358   15.32745  12.5%  75.2 7692s
 11478935 10021342     cutoff   53        13.62358   15.32697  12.5%  75.2 7697s
 11486407 10027019   14.88615   52   36   13.62358   15.32651  12.5%  75.2 7702s
 11492923 10032447   13.83248   55   36   13.62358   15.32600  12.5%  75.2 7707s
 11496599 10035608   14.73919   55   35   13.62358   15.32585  12.5%  75.2 7710s
 11504293 10041403   15.12994   58   35   13.62358   15.32536  12.5%  75.2 7715s
 11511567 10047486   14.63800   52   48   13.62358   15.32488  12.5%  75.2 7720s
 11518707 10052747   15.20577   54   30   13.62358   15.32437  12.5%  75.2 7725s
 11525472 10058581   14.93648   49   30   13.62358   15.32381  12.5%  75.2 7730s
 11532563 10064514   15.12856   54   40   13.62358   15.32335  12.5%  75.2 7735s
 11540128 10070468   14.43776   59   33   13.62358   15.32284  12.5%  75.2 7741s
 11547340 10076035   14.46480   58   36   13.62358   15.32233  12.5%  75.2 7746s
 11554067 10081627   15.19910   60   30   13.62358   15.32191  12.5%  75.2 7751s
 11561366 10087416   15.27770   48   33   13.62358   15.32154  12.5%  75.2 7756s
 11568516 10093295   14.94624   61   30   13.62358   15.32103  12.5%  75.2 7761s
 11575387 10098842   15.04451   59   34   13.62358   15.32060  12.5%  75.2 7766s
 11582768 10104386   15.14274   51   33   13.62358   15.32005  12.5%  75.2 7771s
 11589628 10110260   15.31962   51   24   13.62358   15.31962  12.4%  75.2 7775s
 11596706 10115892   14.75252   61   31   13.62358   15.31920  12.4%  75.2 7780s
 11604013 10121462   15.31870   54   35   13.62358   15.31870  12.4%  75.2 7785s
 11610995 10127313   15.27134   61   28   13.62358   15.31822  12.4%  75.2 7791s
 11617868 10132825   15.07943   59   33   13.62358   15.31773  12.4%  75.2 7795s
 11625095 10138742   14.29258   54   35   13.62358   15.31735  12.4%  75.2 7801s
 11632164 10144484   13.66628   52   36   13.62358   15.31687  12.4%  75.2 7806s
 11639356 10150258   15.17992   52   37   13.62358   15.31626  12.4%  75.2 7811s
 11646356 10155690   14.61299   63   31   13.62358   15.31585  12.4%  75.2 7816s
 11653220 10161281   15.31545   53   28   13.62358   15.31545  12.4%  75.2 7821s
 11660402 10167379   14.98795   63   28   13.62358   15.31494  12.4%  75.2 7826s
 11667547 10172876   15.05933   54   40   13.62358   15.31455  12.4%  75.2 7831s
 11674677 10178847   15.14994   59   36   13.62358   15.31401  12.4%  75.2 7836s
 11681454 10184456   15.30378   56   34   13.62358   15.31359  12.4%  75.2 7841s
 11688955 10190467   15.25145   52   43   13.62358   15.31312  12.4%  75.2 7846s
 11696300 10196465   14.79762   54   39   13.62358   15.31267  12.4%  75.2 7851s
 11703588 10202198   14.28586   56   35   13.62358   15.31221  12.4%  75.2 7856s
 11710854 10207672   15.24015   49   38   13.62358   15.31184  12.4%  75.2 7861s
 11717579 10213505   14.53927   65   26   13.62358   15.31138  12.4%  75.2 7866s
 11725036 10219423   13.95997   51   44   13.62358   15.31082  12.4%  75.2 7872s
 11732102 10225223   15.07430   46   39   13.62358   15.31043  12.4%  75.2 7877s
 11739552 10230991   15.28521   57   28   13.62358   15.30991  12.4%  75.2 7882s
 11746360 10236342   14.84230   49   41   13.62358   15.30962  12.4%  75.2 7887s
 11752870 10242029   14.71110   50   34   13.62358   15.30904  12.4%  75.2 7892s
 11756761 10245135   14.20841   49   28   13.62358   15.30884  12.4%  75.2 7895s
 11764032 10251116   14.97344   56   35   13.62358   15.30844  12.4%  75.2 7900s
 11771623 10256634     cutoff   52        13.62358   15.30792  12.4%  75.2 7905s
 11778291 10262160   15.28364   52   38   13.62358   15.30745  12.4%  75.2 7910s
 11785346 10267948   15.20527   54   31   13.62358   15.30699  12.4%  75.2 7915s
 11792652 10273871   14.86235   58   31   13.62358   15.30655  12.4%  75.2 7920s
 11799850 10279460   14.62346   65   32   13.62358   15.30626  12.4%  75.2 7925s
 11807043 10284794     cutoff   47        13.62358   15.30567  12.3%  75.2 7930s
 11813942 10290789     cutoff   47        13.62358   15.30530  12.3%  75.2 7935s
 11817672 10290842   14.72411   58   35   13.62358   15.30501  12.3%  75.2 7941s
H11817732 10290868                      13.6235836   15.30499  12.3%  75.2 7948s
 11817743 10290990   15.26011   55   39   13.62358   15.30499  12.3%  75.2 7951s
 11818076 10291251   14.91440   67   26   13.62358   15.30495  12.3%  75.2 7957s
 11818241 10291715   15.30495   50   32   13.62358   15.30495  12.3%  75.2 7961s
 11818819 10291743   15.30028   51   37   13.62358   15.30495  12.3%  75.2 7965s
 11819475 10293717   15.29719   50   28   13.62358   15.30493  12.3%  75.2 7973s
 11821269 10296520   15.17874   47   24   13.62358   15.30492  12.3%  75.2 7977s
 11824729 10300211   14.76874   53   37   13.62358   15.30490  12.3%  75.2 7981s
 11833780 10307140   15.17229   54   34   13.62358   15.30456  12.3%  75.2 7988s
 11838032 10309371   15.20517   57   30   13.62358   15.30419  12.3%  75.2 7990s
 11844627 10312388   14.74122   58   33   13.62358   15.30352  12.3%  75.2 7996s
 11844797 10312626   14.77656   61   28   13.62358   15.30330  12.3%  75.2 8002s
 11845150 10313363   14.75067   57   30   13.62358   15.30322  12.3%  75.2 8008s
 11845827 10315125   14.86949   57   31   13.62358   15.30321  12.3%  75.2 8011s
 11847980 10318507   14.71035   56   38   13.62358   15.30318  12.3%  75.2 8015s
 11852146 10322806   14.84399   59   35   13.62358   15.30316  12.3%  75.2 8020s
 11862513 10331049   14.72522   49   34   13.62358   15.30259  12.3%  75.2 8027s
 11870921 10336825   14.60737   51   36   13.62358   15.30155  12.3%  75.2 8032s
 11878695 10342803   15.30107   50   25   13.62358   15.30107  12.3%  75.2 8037s
 11882512 10346097   14.98522   58   35   13.62358   15.30085  12.3%  75.2 8040s
 11890540 10352391   15.30040   49   34   13.62358   15.30040  12.3%  75.2 8045s
 11898286 10358362   14.90415   54   45   13.62358   15.29984  12.3%  75.2 8051s
 11905339 10364215   15.29945   56   27   13.62358   15.29945  12.3%  75.2 8056s
 11909155 10364386   15.29908   47   31   13.62358   15.29908  12.3%  75.2 8063s
 11909307 10364510   15.29908   49   28   13.62358   15.29908  12.3%  75.2 8066s
 11909456 10364643   14.46080   50   37   13.62358   15.29908  12.3%  75.2 8070s
 11909924 10365301   15.25787   56   32   13.62358   15.29906  12.3%  75.2 8076s
 11910467 10366102     cutoff   57        13.62358   15.29903  12.3%  75.2 8080s
 11912616 10368487   14.90704   52   39   13.62358   15.29902  12.3%  75.2 8088s
 11914425 10370664   14.56833   59   35   13.62358   15.29901  12.3%  75.2 8094s
 11917131 10373347   15.29377   54   40   13.62358   15.29899  12.3%  75.2 8100s
 11920473 10377009   15.29898   54   27   13.62358   15.29898  12.3%  75.2 8107s
 11924987 10381537   14.99674   53   35   13.62358   15.29893  12.3%  75.2 8114s
 11930663 10383152   15.01721   61   30   13.62358   15.29883  12.3%  75.2 8119s
 11932649 10387136     cutoff   59        13.62358   15.29867  12.3%  75.2 8124s
 11937527 10390334   15.22307   51   30   13.62358   15.29842  12.3%  75.2 8128s
 11941412 10393782   15.09989   51   38   13.62358   15.29810  12.3%  75.2 8133s
 11945732 10397052   15.20939   47   43   13.62358   15.29792  12.3%  75.2 8138s
 11949783 10400012   15.29688   48   41   13.62358   15.29792  12.3%  75.2 8142s
 11953482 10405045   14.59668   51   38   13.62358   15.29711  12.3%  75.2 8149s
 11959732 10407956   14.70532   60   25   13.62358   15.29684  12.3%  75.2 8152s
 11963371 10412404   15.25901   58   34   13.62358   15.29652  12.3%  75.2 8156s
 11968809 10416794   15.10783   59   31   13.62358   15.29623  12.3%  75.2 8161s
 11974250 10421382   14.76453   57   32   13.62358   15.29582  12.3%  75.2 8166s
 11979944 10425532   15.12192   53   32   13.62358   15.29557  12.3%  75.2 8170s
 11985223 10430206   15.22707   61   28   13.62358   15.29527  12.3%  75.2 8175s
 11995012 10437889   15.22738   59   34   13.62358   15.29452  12.3%  75.2 8183s
 12000799 10442315   15.26982   51   36   13.62358   15.29411  12.3%  75.2 8187s
 12006320 10446774     cutoff   56        13.62358   15.29379  12.3%  75.2 8192s
 12011799 10451284   15.19959   59   32   13.62358   15.29343  12.3%  75.2 8196s
 12017387 10455753   15.06041   51   38   13.62358   15.29310  12.3%  75.2 8200s
 12027509 10463885   14.96760   62   25   13.62358   15.29239  12.2%  75.2 8208s
 12033040 10468542   14.98408   58   32   13.62358   15.29200  12.2%  75.2 8212s
 12038913 10472807   14.95693   56   30   13.62358   15.29164  12.2%  75.2 8216s
 12044177 10477352   13.77427   50   17   13.62358   15.29135  12.2%  75.2 8220s
 12055399 10485503   15.18666   53   35   13.62358   15.29048  12.2%  75.2 8228s
 12060095 10489837   15.08351   60   28   13.62358   15.29017  12.2%  75.2 8232s
 12065599 10494146   13.89722   57   40   13.62358   15.28984  12.2%  75.2 8236s
 12071006 10498345   15.19459   56   39   13.62358   15.28946  12.2%  75.2 8240s
 12081993 10507118   14.83809   48   41   13.62358   15.28877  12.2%  75.2 8247s
 12087166 10510978   14.83287   63   26   13.62358   15.28844  12.2%  75.1 8251s
 12097452 10519498     cutoff   61        13.62358   15.28776  12.2%  75.1 8258s
 12102758 10523579   15.19238   56   33   13.62358   15.28745  12.2%  75.1 8262s
 12107963 10528039     cutoff   63        13.62358   15.28712  12.2%  75.1 8266s
 12113492 10532318   14.58109   57   28   13.62358   15.28678  12.2%  75.1 8270s
 12123565 10540442     cutoff   62        13.62358   15.28610  12.2%  75.1 8277s
 12129048 10544610   14.41064   60   30   13.62358   15.28580  12.2%  75.1 8281s
 12134267 10548751   15.22935   59   37   13.62358   15.28548  12.2%  75.1 8285s
 12144991 10557504     cutoff   57        13.62358   15.28478  12.2%  75.1 8292s
 12150437 10561090   15.13701   50   38   13.62358   15.28444  12.2%  75.1 8296s
 12154945 10565533   15.10513   57   33   13.62358   15.28409  12.2%  75.1 8300s
 12166111 10574201   14.93357   50   40   13.62358   15.28350  12.2%  75.1 8308s
 12171358 10578753   14.74028   49   39   13.62358   15.28316  12.2%  75.1 8311s
 12176922 10583327   15.25738   53   29   13.62358   15.28280  12.2%  75.1 8315s
 12187142 10591471   14.70265   52   39   13.62358   15.28219  12.2%  75.1 8323s
 12192838 10595799   15.16376   55   45   13.62358   15.28191  12.2%  75.1 8327s
 12198231 10599875   14.63932   51   40   13.62358   15.28159  12.2%  75.1 8331s
 12209094 10608895   14.53600   55   39   13.62358   15.28091  12.2%  75.1 8338s
 12214452 10612730   14.69054   59   31   13.62358   15.28054  12.2%  75.1 8342s
 12219189 10616895     cutoff   44        13.62358   15.27999  12.2%  75.1 8345s
 12229949 10625683   14.98546   50   35   13.62358   15.27924  12.2%  75.1 8353s
 12235375 10630353   15.08140   48   32   13.62358   15.27900  12.2%  75.1 8357s
 12241092 10634409   14.75038   58   33   13.62358   15.27862  12.1%  75.1 8360s
 12250863 10642494   15.07020   50   40   13.62358   15.27802  12.1%  75.1 8368s
 12256405 10646783     cutoff   56        13.62358   15.27772  12.1%  75.1 8371s
 12261710 10650846   14.97009   52   35   13.62358   15.27733  12.1%  75.1 8375s
 12272261 10659554     cutoff   47        13.62358   15.27666  12.1%  75.1 8383s
 12277733 10663232     cutoff   59        13.62358   15.27622  12.1%  75.1 8386s
 12282358 10667479   15.00259   57   34   13.62358   15.27602  12.1%  75.1 8390s
 12293057 10676189     cutoff   58        13.62358   15.27537  12.1%  75.1 8397s
 12298428 10680411   14.98412   56   32   13.62358   15.27493  12.1%  75.1 8401s
 12303593 10684810   14.79670   52   36   13.62358   15.27471  12.1%  75.1 8405s
 12314039 10692687   14.35103   59   35   13.62358   15.27403  12.1%  75.1 8411s
 12318986 10697113   14.88849   57   29   13.62358   15.27374  12.1%  75.1 8415s
 12329578 10705153   15.04764   57   38   13.62358   15.27306  12.1%  75.1 8422s
 12334594 10709158   14.43673   54   32   13.62358   15.27279  12.1%  75.1 8426s
 12344539 10717266   15.12246   57   33   13.62358   15.27221  12.1%  75.1 8433s
 12349668 10721252   13.73146   50   32   13.62358   15.27179  12.1%  75.1 8436s
 12354673 10725322   15.00115   60   32   13.62358   15.27149  12.1%  75.1 8440s
 12364833 10733616   14.69408   55   33   13.62358   15.27088  12.1%  75.1 8447s
 12370195 10737427   14.55551   60   29   13.62358   15.27055  12.1%  75.1 8450s
 12380021 10745656     cutoff   54        13.62358   15.26992  12.1%  75.1 8457s
 12385291 10749894   14.62359   51   42   13.62358   15.26972  12.1%  75.1 8461s
 12395844 10758240   14.92771   54   38   13.62358   15.26901  12.1%  75.1 8468s
 12401239 10761690   15.02473   51   43   13.62358   15.26867  12.1%  75.1 8471s
 12405585 10766051   13.71772   59   32   13.62358   15.26836  12.1%  75.1 8475s
 12416579 10774789   14.93052   55   37   13.62358   15.26787  12.1%  75.1 8483s
 12421990 10779022   14.89549   51   37   13.62358   15.26740  12.1%  75.1 8486s
 12427316 10783170   15.16458   58   33   13.62358   15.26707  12.1%  75.1 8490s
 12437086 10791010     cutoff   59        13.62358   15.26645  12.1%  75.1 8497s
 12442518 10795067   15.21228   53   34   13.62358   15.26615  12.1%  75.1 8501s
 12452905 10803397   14.43503   47   45   13.62358   15.26553  12.1%  75.1 8508s
 12458071 10807505   14.78790   59   32   13.62358   15.26517  12.0%  75.1 8512s
 12463340 10811265   15.15275   51   33   13.62358   15.26492  12.0%  75.1 8515s
 12473228 10819605   13.97561   51   38   13.62358   15.26433  12.0%  75.1 8522s
 12478470 10823691   14.53044   49   40   13.62358   15.26407  12.0%  75.1 8526s
 12488682 10831829   15.10144   53   40   13.62358   15.26340  12.0%  75.1 8533s
 12493888 10835386   14.75442   57   28   13.62358   15.26304  12.0%  75.1 8536s
 12498322 10839540     cutoff   54        13.62358   15.26286  12.0%  75.1 8540s
 12509107 10847868   14.48824   55   40   13.62358   15.26223  12.0%  75.1 8547s
 12514184 10852115     cutoff   55        13.62358   15.26187  12.0%  75.1 8551s
 12524514 10859818   15.08144   61   33   13.62358   15.26135  12.0%  75.1 8558s
 12529083 10864087   15.13908   57   37   13.62358   15.26103  12.0%  75.1 8561s
 12534251 10868216   14.84735   54   31   13.62358   15.26068  12.0%  75.1 8565s
 12544719 10876390     cutoff   61        13.62358   15.26017  12.0%  75.1 8572s
 12549728 10880416   15.14020   58   32   13.62358   15.25977  12.0%  75.1 8576s
 12559633 10888169   15.19516   55   33   13.62358   15.25925  12.0%  75.1 8582s
 12564492 10892330   15.09905   57   35   13.62358   15.25894  12.0%  75.1 8586s
 12574486 10900130   14.46888   50   41   13.62358   15.25833  12.0%  75.1 8593s
 12579383 10904228   15.17439   63   24   13.62358   15.25801  12.0%  75.1 8597s
 12584493 10907798   14.60355   56   35   13.62358   15.25769  12.0%  75.1 8600s
 12593873 10915916   15.23603   56   25   13.62358   15.25711  12.0%  75.1 8608s
 12599211 10919896   14.56919   57   35   13.62358   15.25688  12.0%  75.1 8611s
 12604193 10924236   14.76808   59   31   13.62358   15.25655  12.0%  75.1 8615s
 12614548 10931435   14.80243   56   30   13.62358   15.25588  12.0%  75.1 8622s
 12618848 10935575   14.13466   56   37   13.62358   15.25558  12.0%  75.1 8626s
 12624149 10939625   15.15432   54   34   13.62358   15.25531  12.0%  75.1 8630s
 12634391 10947609   14.83280   53   36   13.62358   15.25469  12.0%  75.1 8637s
 12639501 10951764   14.84400   53   38   13.62358   15.25432  12.0%  75.1 8641s
 12648927 10959185   14.37717   51   41   13.62358   15.25367  12.0%  75.1 8648s
 12654050 10963285   14.04108   56   35   13.62358   15.25344  12.0%  75.1 8652s
 12659277 10967371   15.07434   52   43   13.62358   15.25316  12.0%  75.1 8656s
 12664451 10971168   15.23351   47   38   13.62358   15.25274  12.0%  75.1 8660s
 12674398 10979041     cutoff   58        13.62358   15.25216  12.0%  75.1 8667s
 12679110 10982736   14.58993   54   35   13.62358   15.25183  12.0%  75.1 8671s
 12688694 10990906   14.77033   45   43   13.62358   15.25131  11.9%  75.1 8678s
 12693932 10994722     cutoff   54        13.62358   15.25099  11.9%  75.1 8682s
 12698752 10998676     cutoff   51        13.62358   15.25072  11.9%  75.1 8685s
 12708415 11006350   15.01773   57   26   13.62358   15.25013  11.9%  75.1 8692s
 12713316 11009995   13.96945   54   35   13.62358   15.24989  11.9%  75.1 8696s
 12723227 11018236     cutoff   64        13.62358   15.24930  11.9%  75.1 8702s
 12728316 11021909   15.17974   59   31   13.62358   15.24911  11.9%  75.1 8706s
 12737581 11029408   15.19677   56   37   13.62358   15.24845  11.9%  75.1 8712s
 12742346 11033299   15.17818   58   30   13.62358   15.24819  11.9%  75.1 8716s
 12747312 11037072   14.44973   53   35   13.62358   15.24790  11.9%  75.1 8720s
 12757174 11044927   13.77207   46   21   13.62358   15.24729  11.9%  75.1 8727s
 12762060 11048214   14.26441   51   39   13.62358   15.24696  11.9%  75.1 8730s
 12771568 11056139   15.24638   44   31   13.62358   15.24638  11.9%  75.1 8737s
 12776520 11059994   14.60842   57   29   13.62358   15.24610  11.9%  75.1 8741s
 12781438 11063890   15.15161   61   34   13.62358   15.24584  11.9%  75.1 8745s
 12791491 11071521   14.70563   54   37   13.62358   15.24515  11.9%  75.1 8752s
 12795946 11075432   15.22395   49   44   13.62358   15.24503  11.9%  75.1 8755s
 12806051 11083094   15.21083   54   38   13.62358   15.24438  11.9%  75.1 8762s
 12810697 11087052     cutoff   57        13.62358   15.24411  11.9%  75.1 8765s
 12820609 11094450   15.22974   47   44   13.62358   15.24351  11.9%  75.1 8772s
 12825009 11098320   15.24329   53   31   13.62358   15.24329  11.9%  75.1 8775s
 12835033 11105901   14.98609   57   32   13.62358   15.24265  11.9%  75.1 8782s
 12839480 11109742   14.45367   54   35   13.62358   15.24235  11.9%  75.1 8785s
 12849465 11117290     cutoff   56        13.62358   15.24176  11.9%  75.1 8792s
 12853823 11121199   14.63636   38   31   13.62358   15.24152  11.9%  75.1 8796s
 12863821 11128663   14.99734   57   31   13.62358   15.24104  11.9%  75.1 8802s
 12868487 11132612   15.06673   49   34   13.62358   15.24059  11.9%  75.1 8806s
 12878392 11140096     cutoff   62        13.62358   15.24008  11.9%  75.1 8812s
 12882964 11143813   15.23983   51   30   13.62358   15.23983  11.9%  75.1 8815s
 12892027 11151151   15.23229   54   31   13.62358   15.23926  11.9%  75.1 8822s
 12897066 11154846   15.23902   50   26   13.62358   15.23902  11.9%  75.1 8825s
 12906684 11162495   14.45479   49   44   13.62358   15.23853  11.9%  75.1 8832s
 12911425 11165763   14.99215   51   41   13.62358   15.23829  11.9%  75.1 8835s
 12920547 11173376   15.18747   57   34   13.62358   15.23763  11.8%  75.1 8842s
 12925346 11176977   14.07831   45   24   13.62358   15.23729  11.8%  75.1 8846s
 12934806 11184791   14.79436   56   38   13.62358   15.23665  11.8%  75.1 8853s
 12939958 11188452   14.98011   55   30   13.62358   15.23640  11.8%  75.1 8856s
 12944622 11191840   15.23611   49   33   13.62358   15.23611  11.8%  75.1 8860s
 12953700 11199508   14.71536   55   35   13.62358   15.23550  11.8%  75.1 8866s
 12958765 11203191     cutoff   59        13.62358   15.23521  11.8%  75.1 8870s
 12968365 11210969   15.07809   57   32   13.62358   15.23467  11.8%  75.1 8876s
 12973136 11214527   14.89483   57   37   13.62358   15.23447  11.8%  75.1 8880s
 12982057 11221677   15.12308   50   40   13.62358   15.23385  11.8%  75.1 8886s
 12986673 11225376   14.94045   51   39   13.62358   15.23365  11.8%  75.1 8890s
 12996109 11232955   15.06292   62   31   13.62358   15.23309  11.8%  75.0 8896s
 13000880 11236618   14.50686   61   31   13.62358   15.23277  11.8%  75.0 8900s
 13010660 11244200   15.15199   56   40   13.62358   15.23231  11.8%  75.0 8906s
 13015131 11247783   15.08998   61   31   13.62358   15.23196  11.8%  75.0 8910s
 13024108 11254950   14.65325   54   38   13.62358   15.23153  11.8%  75.0 8916s
 13028937 11258777   14.73057   61   35   13.62358   15.23116  11.8%  75.0 8920s
 13038356 11266393   15.06033   54   38   13.62358   15.23069  11.8%  75.0 8927s
 13043374 11269738   14.16195   60   29   13.62358   15.23040  11.8%  75.0 8930s
 13052155 11277452   14.93687   57   37   13.62358   15.22984  11.8%  75.0 8937s
 13057357 11281189   14.31136   55   27   13.62358   15.22961  11.8%  75.0 8940s
 13066602 11288656   14.21019   54   37   13.62358   15.22904  11.8%  75.0 8947s
 13071427 11292336     cutoff   59        13.62358   15.22876  11.8%  75.0 8951s
 13080410 11299140     cutoff   57        13.62358   15.22822  11.8%  75.0 8957s
 13084663 11302733   13.71688   50   39   13.62358   15.22797  11.8%  75.0 8961s
 13094160 11310214   15.06265   53   42   13.62358   15.22740  11.8%  75.0 8968s
 13098813 11314182   15.22524   54   36   13.62358   15.22712  11.8%  75.0 8971s
 13108610 11321155   14.27058   54   38   13.62358   15.22655  11.8%  75.0 8977s
 13112718 11324776   14.66561   65   23   13.62358   15.22630  11.8%  75.0 8980s
 13122168 11332037   14.60838   64   29   13.62358   15.22574  11.8%  75.0 8987s
 13126710 11335992   14.41013   51   41   13.62358   15.22547  11.8%  75.0 8990s
 13136400 11343139   15.02481   55   40   13.62358   15.22493  11.8%  75.0 8997s
 13140742 11346555   14.65203   58   36   13.62358   15.22476  11.8%  75.0 9000s
 13149735 11354151   14.58738   53   41   13.62358   15.22417  11.7%  75.0 9006s
 13158842 11361308     cutoff   54        13.62358   15.22366  11.7%  75.0 9012s
 13163450 11364941     cutoff   57        13.62358   15.22343  11.7%  75.0 9015s
 13172659 11368548     cutoff   53        13.62358   15.22296  11.7%  75.0 9022s
 13172696 11376457   15.22286   42   32   13.62358   15.22286  11.7%  75.0 9045s
 13182741 11385310   14.69409   60   32   13.62358   15.22232  11.7%  75.0 9055s
 13193919 11392443   14.00017   64   27   13.62358   15.22178  11.7%  75.0 9061s
 13202957 11396155     cutoff   51        13.62358   15.22134  11.7%  75.0 9065s
 13213390 11405210   15.13428   53   38   13.62358   15.22068  11.7%  75.0 9073s
 13219296 11409596   15.20327   55   37   13.62358   15.22035  11.7%  75.0 9078s
 13224924 11413949   15.00695   60   30   13.62358   15.22005  11.7%  75.0 9082s
 13230490 11418443   14.76465   40   32   13.62358   15.21969  11.7%  75.0 9086s
 13236224 11422144   15.21553   48   37   13.62358   15.21935  11.7%  75.0 9090s
 13246739 11431216   15.16357   55   33   13.62358   15.21874  11.7%  75.0 9098s
 13252589 11435455   15.21626   55   31   13.62358   15.21838  11.7%  75.0 9102s
 13257973 11440081   14.90377   48   36   13.62358   15.21807  11.7%  75.0 9106s
 13263747 11444832   14.68182   56   29   13.62358   15.21781  11.7%  75.0 9110s
 13274900 11452981   15.21721   52   30   13.62358   15.21721  11.7%  75.0 9118s
 13280229 11457461   14.96437   50   40   13.62358   15.21683  11.7%  75.0 9121s
 13285987 11461826   14.53345   54   30   13.62358   15.21648  11.7%  75.0 9125s
 13297116 11470828   14.05637   50   38   13.62358   15.21592  11.7%  75.0 9133s
 13302780 11474533   15.15907   55   31   13.62358   15.21564  11.7%  75.0 9137s
 13307576 11478888   14.44577   59   33   13.62358   15.21532  11.7%  75.0 9141s
 13313046 11483337   14.46452   62   28   13.62358   15.21498  11.7%  75.0 9145s
 13324407 11492312   15.12454   56   34   13.62358   15.21438  11.7%  75.0 9153s
 13330071 11496733   15.20754   51   49   13.62358   15.21411  11.7%  75.0 9157s
 13335683 11500621     cutoff   59        13.62358   15.21377  11.7%  75.0 9160s
 13345875 11509224   15.19625   58   34   13.62358   15.21315  11.7%  75.0 9168s
 13351555 11513613   15.01363   49   41   13.62358   15.21285  11.7%  75.0 9172s
 13357085 11518226   14.83524   56   40   13.62358   15.21254  11.7%  75.0 9176s
 13362966 11522467   14.84567   56   32   13.62358   15.21231  11.7%  75.0 9180s
 13373236 11530590   15.10474   50   40   13.62358   15.21166  11.7%  75.0 9187s
 13378714 11534892   14.92654   53   37   13.62358   15.21145  11.7%  75.0 9191s
 13384239 11539213   14.53777   50   39   13.62358   15.21109  11.7%  75.0 9195s
 13394949 11547763   14.97275   57   28   13.62358   15.21049  11.6%  75.0 9202s
 13400736 11551526   15.06481   57   34   13.62358   15.21017  11.6%  75.0 9206s
 13405573 11555689   14.79475   55   37   13.62358   15.20986  11.6%  75.0 9210s
 13416535 11564178   14.69030   66   20   13.62358   15.20917  11.6%  75.0 9218s
 13421842 11568699   14.65741   51   38   13.62358   15.20891  11.6%  75.0 9221s
 13427581 11572690   14.92899   56   35   13.62358   15.20858  11.6%  75.0 9225s
 13437645 11580809   14.93893   53   33   13.62358   15.20800  11.6%  75.0 9232s
 13443077 11585026   14.76549   56   34   13.62358   15.20779  11.6%  75.0 9236s
 13448466 11589442     cutoff   51        13.62358   15.20734  11.6%  75.0 9240s
 13459474 11597933   14.90924   53   40   13.62358   15.20679  11.6%  75.0 9248s
 13464808 11602093   14.58921   50   35   13.62358   15.20651  11.6%  75.0 9251s
 13470044 11605949   14.58607   55   38   13.62358   15.20635  11.6%  75.0 9255s
 13480221 11614305   14.86644   63   27   13.62358   15.20568  11.6%  75.0 9262s
 13485694 11618260   15.11575   57   36   13.62358   15.20529  11.6%  75.0 9266s
 13490783 11622436   14.94836   60   27   13.62358   15.20510  11.6%  75.0 9270s
 13501071 11630258     cutoff   52        13.62358   15.20440  11.6%  75.0 9277s
 13506148 11634471   14.45191   55   34   13.62358   15.20411  11.6%  75.0 9281s
 13511553 11638883     cutoff   48        13.62358   15.20385  11.6%  75.0 9285s
 13522474 11647589   14.46619   56   35   13.62358   15.20321  11.6%  75.0 9293s
 13528162 11651162   13.78975   54   32   13.62358   15.20291  11.6%  75.0 9296s
 13532687 11655803   14.68705   60   33   13.62358   15.20258  11.6%  75.0 9300s
 13544009 11664158     cutoff   51        13.62358   15.20202  11.6%  75.0 9308s
 13549242 11668536   14.94533   52   36   13.62358   15.20171  11.6%  75.0 9312s
 13554878 11672617     cutoff   55        13.62358   15.20144  11.6%  75.0 9315s
 13564886 11680487   15.20067   50   35   13.62358   15.20095  11.6%  75.0 9323s
 13570290 11684568   15.02765   57   32   13.62358   15.20051  11.6%  75.0 9327s
 13575547 11688582   14.31940   58   30   13.62358   15.20016  11.6%  75.0 9331s
 13580706 11693144   15.00091   56   44   13.62358   15.19990  11.6%  75.0 9335s
 13591755 11701060   14.10344   53   41   13.62358   15.19931  11.6%  75.0 9342s
 13596529 11705187   15.16184   57   32   13.62358   15.19901  11.6%  75.0 9346s
 13601812 11709526   14.54150   61   28   13.62358   15.19869  11.6%  75.0 9350s
 13612554 11717832   14.40635   58   26   13.62358   15.19812  11.6%  75.0 9357s
 13617833 11722042   14.90177   55   34   13.62358   15.19781  11.6%  75.0 9361s
 13623184 11725560   14.79206   47   36   13.62358   15.19756  11.6%  75.0 9365s
 13633423 11734196   14.79962   60   24   13.62358   15.19696  11.5%  75.0 9372s
 13638765 11738104   14.82651   48   37   13.62358   15.19662  11.5%  75.0 9376s
 13643838 11742228   14.52833   54   35   13.62358   15.19633  11.5%  75.0 9380s
 13654198 11749875     cutoff   57        13.62358   15.19567  11.5%  75.0 9387s
 13658865 11754043   15.00626   53   37   13.62358   15.19542  11.5%  75.0 9391s
 13664149 11758386   14.69921   61   30   13.62358   15.19513  11.5%  75.0 9395s
 13674728 11766403   14.24313   55   33   13.62358   15.19455  11.5%  75.0 9403s
 13679931 11770761   14.91883   47   36   13.62358   15.19425  11.5%  75.0 9407s
 13685485 11774343   13.88600   56   33   13.62358   15.19395  11.5%  75.0 9410s
 13695549 11782754   14.19663   64   30   13.62358   15.19336  11.5%  75.0 9418s
 13700824 11786938   14.94971   56   36   13.62358   15.19311  11.5%  75.0 9422s
 13706133 11791126   14.63001   61   31   13.62358   15.19282  11.5%  75.0 9425s
 13716516 11798398   13.75934   54   36   13.62358   15.19215  11.5%  75.0 9433s
 13721035 11802601   14.65337   55   32   13.62358   15.19188  11.5%  75.0 9436s
 13726328 11806624   14.73456   57   30   13.62358   15.19158  11.5%  75.0 9440s
 13736719 11815152   13.71051   55   32   13.62358   15.19099  11.5%  75.0 9448s
 13742284 11818997   14.56298   53   38   13.62358   15.19070  11.5%  75.0 9452s
 13747339 11822677   14.90216   56   37   13.62358   15.19034  11.5%  75.0 9456s
 13757576 11830841     cutoff   50        13.62358   15.18987  11.5%  75.0 9463s
 13762418 11835259   14.92395   54   34   13.62358   15.18965  11.5%  75.0 9466s
 13767913 11839199   14.21658   55   36   13.62358   15.18928  11.5%  75.0 9470s
 13778146 11846865   14.52201   56   34   13.62358   15.18875  11.5%  75.0 9477s
 13782782 11850878   14.92702   57   34   13.62358   15.18841  11.5%  75.0 9481s
 13787883 11855223   15.01775   57   39   13.62358   15.18820  11.5%  75.0 9485s
 13798340 11863320   14.69032   58   34   13.62358   15.18761  11.5%  75.0 9492s
 13803684 11867692   14.69721   57   32   13.62358   15.18729  11.5%  75.0 9496s
 13813948 11875486     cutoff   51        13.62358   15.18680  11.5%  75.0 9503s
 13819108 11879294   14.64993   54   35   13.62358   15.18654  11.5%  75.0 9506s
 13824112 11883331   14.64351   62   24   13.62358   15.18630  11.5%  75.0 9510s
 13834297 11891098   14.59179   56   34   13.62358   15.18569  11.5%  75.0 9518s
 13839358 11894839   13.86112   48   42   13.62358   15.18543  11.5%  75.0 9521s
 13844201 11898528   14.63180   49   24   13.62358   15.18515  11.5%  75.0 9525s
 13853987 11906312   14.85056   48   42   13.62358   15.18458  11.5%  75.0 9532s
 13859032 11910442   15.05303   52   39   13.62358   15.18425  11.5%  75.0 9536s
 13869428 11917980   14.87163   57   35   13.62358   15.18370  11.5%  75.0 9543s
 13873857 11921851   13.88991   59   32   13.62358   15.18342  11.4%  75.0 9547s
 13878844 11925887   14.68780   55   35   13.62358   15.18310  11.4%  75.0 9551s
 13884080 11930010   14.55692   54   34   13.62358   15.18289  11.4%  75.0 9555s
 13894638 11937968   14.81048   56   31   13.62358   15.18227  11.4%  75.0 9562s
 13899510 11941638   15.10710   35   37   13.62358   15.18198  11.4%  75.0 9566s
 13908945 11949576     cutoff   62        13.62358   15.18155  11.4%  75.0 9573s
 13914245 11953665     cutoff   55        13.62358   15.18130  11.4%  75.0 9577s
 13919461 11957708   14.30902   50   40   13.62358   15.18100  11.4%  75.0 9581s
 13924566 11961639   15.09632   63   33   13.62358   15.18080  11.4%  75.0 9585s
 13934135 11969231   14.99855   52   27   13.62358   15.18017  11.4%  75.0 9592s
 13939345 11973072   14.75010   58   35   13.62358   15.17996  11.4%  75.0 9596s
 13949237 11980917   14.92132   61   27   13.62358   15.17931  11.4%  75.0 9603s
 13954434 11984854   15.03482   58   33   13.62358   15.17910  11.4%  75.0 9607s
 13959539 11988393   14.93184   52   40   13.62358   15.17877  11.4%  75.0 9610s
 13968956 11995946   14.62256   57   31   13.62358   15.17830  11.4%  75.0 9618s
 13973803 11999927   15.04798   54   37   13.62358   15.17809  11.4%  74.9 9622s
 13978969 12003711   14.62953   55   35   13.62358   15.17773  11.4%  74.9 9625s
 13989113 12011296   14.18119   50   33   13.62358   15.17721  11.4%  74.9 9633s
 13993578 12015119   14.81573   51   34   13.62358   15.17692  11.4%  74.9 9636s
 13998507 12019061     cutoff   55        13.62358   15.17665  11.4%  74.9 9640s
 14008787 12027002   15.17610   54   26   13.62358   15.17610  11.4%  74.9 9648s
 14013706 12031010     cutoff   54        13.62358   15.17582  11.4%  74.9 9652s
 14018791 12034597   13.69434   53   37   13.62358   15.17564  11.4%  74.9 9655s
 14028017 12042257   14.60338   58   38   13.62358   15.17505  11.4%  74.9 9662s
 14033225 12046316   15.08244   53   41   13.62358   15.17481  11.4%  74.9 9666s
 14038355 12050155   15.17233   53   36   13.62358   15.17450  11.4%  74.9 9670s
 14048365 12057434   15.05235   51   34   13.62358   15.17404  11.4%  74.9 9677s
 14052763 12061094   14.87882   50   37   13.62358   15.17374  11.4%  74.9 9680s
 14062535 12068626   14.05175   55   25   13.62358   15.17313  11.4%  74.9 9688s
 14067401 12072616   15.16832   59   31   13.62358   15.17288  11.4%  74.9 9692s
 14072591 12076367   15.10678   54   39   13.62358   15.17257  11.4%  74.9 9696s
 14081719 12083655   15.12603   49   34   13.62358   15.17204  11.4%  74.9 9703s
 14086988 12087166   14.10936   54   40   13.62358   15.17179  11.4%  74.9 9707s
 14091599 12091075   13.73477   58   32   13.62358   15.17154  11.4%  74.9 9710s
 14101679 12098885   15.06383   52   34   13.62358   15.17095  11.4%  74.9 9717s
 14106839 12102272   14.40274   62   32   13.62358   15.17061  11.4%  74.9 9720s
 14116043 12109974   14.77176   54   35   13.62358   15.17010  11.4%  74.9 9727s
 14120958 12113859   15.15333   51   37   13.62358   15.16990  11.4%  74.9 9731s
 14125950 12117741   14.02605   59   33   13.62358   15.16951  11.3%  74.9 9735s
 14135861 12125036   15.00978   57   34   13.62358   15.16899  11.3%  74.9 9742s
 14140282 12128976   14.51546   51   40   13.62358   15.16879  11.3%  74.9 9745s
 14150128 12136232     cutoff   64        13.62358   15.16829  11.3%  74.9 9752s
 14154617 12140165   14.73036   54   36   13.62358   15.16796  11.3%  74.9 9756s
 14159678 12144013   14.42584   58   34   13.62358   15.16769  11.3%  74.9 9760s
 14169629 12151108     cutoff   49        13.62358   15.16719  11.3%  74.9 9767s
 14173919 12155021     cutoff   55        13.62358   15.16693  11.3%  74.9 9770s
 14183853 12162767   14.75602   58   34   13.62358   15.16643  11.3%  74.9 9778s
 14188846 12166542   14.42857   55   30   13.62358   15.16621  11.3%  74.9 9782s
 14193695 12170305   15.04168   56   28   13.62358   15.16589  11.3%  74.9 9785s
 14202802 12177342   15.00351   51   36   13.62358   15.16541  11.3%  74.9 9792s
 14207713 12181116   15.01917   54   37   13.62358   15.16514  11.3%  74.9 9796s
 14212591 12185050   14.68292   55   37   13.62358   15.16490  11.3%  74.9 9800s
 14222336 12192257   14.89967   55   42   13.62358   15.16435  11.3%  74.9 9807s
 14227061 12196269   14.54080   51   39   13.62358   15.16408  11.3%  74.9 9811s
 14236556 12203195   13.76894   59   31   13.62358   15.16364  11.3%  74.9 9818s
 14241242 12206913   13.78838   59   37   13.62358   15.16335  11.3%  74.9 9821s
 14246095 12210710   14.53659   65   25   13.62358   15.16303  11.3%  74.9 9825s
 14255938 12218543   14.82709   57   38   13.62358   15.16256  11.3%  74.9 9832s
 14260885 12222028   15.16232   53   37   13.62358   15.16232  11.3%  74.9 9836s
 14269603 12229081   14.46223   55   40   13.62358   15.16173  11.3%  74.9 9843s
 14274690 12232825   14.51751   57   31   13.62358   15.16148  11.3%  74.9 9847s
 14279521 12236721   15.16125   51   31   13.62358   15.16125  11.3%  74.9 9850s
 14289729 12244343   15.10241   51   40   13.62358   15.16075  11.3%  74.9 9858s
 14294306 12248184     cutoff   60        13.62358   15.16047  11.3%  74.9 9861s
 14299151 12251511     cutoff   56        13.62358   15.16027  11.3%  74.9 9865s
 14307982 12258926     cutoff   48        13.62358   15.15973  11.3%  74.9 9871s
 14312967 12262728   14.53299   56   36   13.62358   15.15947  11.3%  74.9 9875s
 14322582 12270089   15.04734   64   24   13.62358   15.15897  11.3%  74.9 9882s
 14327247 12273756   14.68135   53   32   13.62358   15.15866  11.3%  74.9 9886s
 14336064 12280766     cutoff   54        13.62358   15.15820  11.3%  74.9 9893s
 14341100 12284474   15.13323   54   36   13.62358   15.15798  11.3%  74.9 9897s
 14345992 12288082   14.43130   61   30   13.62358   15.15766  11.3%  74.9 9900s
 14355478 12295609   14.35539   53   34   13.62358   15.15725  11.3%  74.9 9907s
 14360353 12299114   14.97658   56   32   13.62358   15.15695  11.3%  74.9 9911s
 14369130 12306313   14.98521   54   39   13.62358   15.15653  11.3%  74.9 9918s
 14373957 12310118   15.15627   51   36   13.62358   15.15627  11.3%  74.9 9921s
 14378871 12313498   14.93375   54   38   13.62358   15.15606  11.2%  74.9 9925s
 14388100 12320676   15.07147   53   36   13.62358   15.15551  11.2%  74.9 9932s
 14392621 12324408   15.03223   58   34   13.62358   15.15525  11.2%  74.9 9936s
 14401588 12331298     cutoff   52        13.62358   15.15480  11.2%  74.9 9943s
 14406347 12335154   15.13039   56   36   13.62358   15.15468  11.2%  74.9 9947s
 14411285 12339068   15.14497   57   34   13.62358   15.15431  11.2%  74.9 9950s
 14420865 12346288   15.14131   50   36   13.62358   15.15381  11.2%  74.9 9958s
 14425569 12350007   14.40488   58   35   13.62358   15.15353  11.2%  74.9 9962s
 14430265 12353260   14.67050   59   31   13.62358   15.15329  11.2%  74.9 9965s
 14439001 12360635   15.09576   57   34   13.62358   15.15283  11.2%  74.9 9972s
 14443963 12363935   14.87299   56   42   13.62358   15.15259  11.2%  74.9 9976s
 14448418 12367440   13.90186   59   34   13.62358   15.15231  11.2%  74.9 9980s
 14457713 12374519   14.42264   55   32   13.62358   15.15181  11.2%  74.9 9988s
 14462193 12377755   15.04020   53   37   13.62358   15.15158  11.2%  74.9 9991s
 14466419 12381160   15.15141   47   25   13.62358   15.15141  11.2%  74.9 9995s
 14475306 12388119     cutoff   57        13.62358   15.15085  11.2%  74.9 10003s
 14479995 12391873   14.98981   60   31   13.62358   15.15054  11.2%  74.9 10006s
 14484854 12395370   14.42805   68   27   13.62358   15.15037  11.2%  74.9 10010s
 14494145 12402108   14.72039   55   34   13.62358   15.14984  11.2%  74.9 10017s
 14498148 12405698   15.00483   54   29   13.62358   15.14956  11.2%  74.9 10021s
 14502868 12409207   14.87558   53   36   13.62358   15.14931  11.2%  74.9 10025s
 14512196 12416463   14.96109   59   35   13.62358   15.14881  11.2%  74.9 10032s
 14516727 12419995   14.85034   51   37   13.62358   15.14853  11.2%  74.9 10036s
 14521328 12423566     cutoff   55        13.62358   15.14829  11.2%  74.9 10040s
 14530015 12430409   14.75428   47   42   13.62358   15.14783  11.2%  74.9 10046s
 14534806 12434035   14.65211   54   37   13.62358   15.14754  11.2%  74.9 10050s
 14544236 12441206   14.63741   53   37   13.62358   15.14719  11.2%  74.9 10057s
 14548786 12444844     cutoff   59        13.62358   15.14687  11.2%  74.9 10060s
 14558150 12451522   15.10503   53   42   13.62358   15.14645  11.2%  74.9 10067s
 14562131 12455141     cutoff   54        13.62358   15.14620  11.2%  74.9 10071s
 14571392 12462487   14.68432   63   31   13.62358   15.14567  11.2%  74.9 10078s
 14576260 12462511   15.14548   48   36   13.62358   15.14551  11.2%  74.9 10081s
 14576298 12462539   15.09312   49   33   13.62358   15.14545  11.2%  74.9 10085s
 14576392 12462778   14.31230   54   36   13.62358   15.14540  11.2%  74.9 10091s
 14576661 12463614   14.57981   61   35   13.62358   15.14539  11.2%  74.9 10095s
 14580842 12469435   14.98532   49   43   13.62358   15.14536  11.2%  74.9 10103s
 14585262 12473578   15.05413   54   35   13.62358   15.14533  11.2%  74.9 10108s
 14590690 12476572   14.62939   62   28   13.62358   15.14526  11.2%  74.9 10111s
 14599176 12483767   15.03960   54   34   13.62358   15.14427  11.2%  74.9 10118s
 14603936 12487330   14.60329   55   37   13.62358   15.14397  11.2%  74.9 10121s
 14613172 12494334   13.96420   56   34   13.62358   15.14351  11.2%  74.9 10127s
 14617720 12497870   14.60861   65   29   13.62358   15.14327  11.2%  74.9 10130s
 14626175 12504415   15.14269   49   38   13.62358   15.14280  11.2%  74.9 10137s
 14630654 12508009   14.43784   57   38   13.62358   15.14260  11.1%  74.9 10140s
 14639985 12515019   14.42464   57   34   13.62358   15.14210  11.1%  74.9 10146s
 14644458 12518422   14.50893   57   39   13.62358   15.14188  11.1%  74.9 10150s
 14653441 12525109   15.10529   50   39   13.62358   15.14141  11.1%  74.9 10156s
 14661948 12531884   13.68569   63   31   13.62358   15.14106  11.1%  74.9 10163s
 14666195 12535170   14.68829   52   36   13.62358   15.14078  11.1%  74.9 10166s
 14675281 12542117   14.84647   50   40   13.62358   15.14026  11.1%  74.9 10173s
 14679636 12545529     cutoff   56        13.62358   15.14004  11.1%  74.9 10176s
 14688210 12551975   15.12189   52   38   13.62358   15.13958  11.1%  74.9 10182s
 14692483 12555373   14.92405   57   33   13.62358   15.13938  11.1%  74.9 10186s
 14701511 12562301   14.14563   55   32   13.62358   15.13891  11.1%  74.9 10192s
 14705939 12565673   14.95644   54   33   13.62358   15.13867  11.1%  74.9 10196s
 14714678 12572229   14.30166   55   32   13.62358   15.13822  11.1%  74.9 10202s
 14718715 12575558   14.53109   57   41   13.62358   15.13797  11.1%  74.9 10205s
 14727358 12582367   14.39898   61   29   13.62358   15.13753  11.1%  74.9 10212s
 14731897 12585939   14.47075   63   28   13.62358   15.13725  11.1%  74.9 10215s
 14740696 12592644   14.96053   58   33   13.62358   15.13681  11.1%  74.9 10222s
 14745105 12595644   14.91573   48   36   13.62358   15.13664  11.1%  74.9 10225s
 14753441 12602171   14.81553   49   43   13.62358   15.13619  11.1%  74.9 10231s
 14762264 12609240   14.94039   51   37   13.62358   15.13579  11.1%  74.9 10237s
 14766676 12612646   14.64631   57   34   13.62358   15.13545  11.1%  74.9 10241s
 14775516 12619005   14.33414   53   38   13.62358   15.13507  11.1%  74.9 10247s
 14779409 12622035   15.05702   58   30   13.62358   15.13478  11.1%  74.9 10250s
 14788189 12629200   14.32990   51   42   13.62358   15.13433  11.1%  74.9 10257s
 14792806 12632582   14.71644   52   31   13.62358   15.13411  11.1%  74.9 10260s
 14801573 12639385   15.08501   53   31   13.62358   15.13368  11.1%  74.9 10267s
 14806019 12642445   14.59809   56   37   13.62358   15.13344  11.1%  74.9 10270s
 14814296 12649117   14.55558   59   29   13.62358   15.13302  11.1%  74.9 10276s
 14823137 12655976   15.09780   55   33   13.62358   15.13258  11.1%  74.9 10283s
 14827448 12659526   14.68499   50   42   13.62358   15.13236  11.1%  74.9 10286s
 14836327 12665810   14.81007   55   41   13.62358   15.13188  11.1%  74.9 10292s
 14840144 12669221   14.49736   63   26   13.62358   15.13173  11.1%  74.9 10295s
 14848747 12675987   14.24349   61   28   13.62358   15.13127  11.1%  74.9 10302s
 14853249 12679418   15.06101   61   31   13.62358   15.13102  11.1%  74.9 10305s
 14862282 12686218   14.38956   53   39   13.62358   15.13062  11.1%  74.9 10311s
 14870345 12692470   15.08248   50   39   13.62358   15.13016  11.1%  74.9 10317s
 14874591 12695574   14.82293   55   32   13.62358   15.12996  11.1%  74.9 10321s
 14883163 12702332   14.26785   52   35   13.62358   15.12947  11.1%  74.9 10328s
 14887421 12705949     cutoff   51        13.62358   15.12927  11.1%  74.9 10331s
 14896278 12712212   14.93858   54   34   13.62358   15.12883  11.0%  74.9 10337s
 14900093 12715584   14.79247   52   37   13.62358   15.12863  11.0%  74.9 10340s
 14908889 12722201     cutoff   54        13.62358   15.12822  11.0%  74.9 10347s
 14913060 12725429   14.88382   49   42   13.62358   15.12798  11.0%  74.9 10350s
 14921682 12732175   14.76691   57   30   13.62358   15.12757  11.0%  74.9 10356s
 14929635 12738300   15.11411   54   40   13.62358   15.12720  11.0%  74.9 10362s
 14934141 12741480   15.08769   61   30   13.62358   15.12684  11.0%  74.9 10366s
 14942677 12748061   14.64139   47   41   13.62358   15.12644  11.0%  74.9 10372s
 14946952 12751434     cutoff   54        13.62358   15.12617  11.0%  74.9 10376s
 14955490 12757700   14.13131   61   35   13.62358   15.12571  11.0%  74.9 10381s
 14959323 12760763   14.90285   49   40   13.62358   15.12555  11.0%  74.9 10385s
 14967726 12767497   14.73282   59   33   13.62358   15.12509  11.0%  74.9 10391s
 14976267 12773896   15.03590   56   35   13.62358   15.12467  11.0%  74.8 10397s
 14980532 12777191   14.92661   53   42   13.62358   15.12450  11.0%  74.8 10400s
 14988290 12783340   14.91056   49   41   13.62358   15.12406  11.0%  74.8 10406s
 14997055 12789904   14.55008   61   33   13.62358   15.12360  11.0%  74.8 10412s
 15001480 12793335   14.53028   59   31   13.62358   15.12336  11.0%  74.8 10415s
 15009878 12799734   14.57195   55   38   13.62358   15.12296  11.0%  74.8 10421s
 15018062 12805754   14.94864   46   30   13.62358   15.12248  11.0%  74.8 10426s
 15026260 12812137     cutoff   50        13.62358   15.12207  11.0%  74.8 10432s
 15030438 12815579   14.76727   56   35   13.62358   15.12183  11.0%  74.8 10435s
 15038921 12822038   15.12147   51   37   13.62358   15.12147  11.0%  74.8 10441s
 15046913 12827878   14.89957   46   39   13.62358   15.12106  11.0%  74.8 10447s
 15050945 12831392   15.12050   51   40   13.62358   15.12080  11.0%  74.8 10450s
 15059669 12837820   14.60181   58   34   13.62358   15.12038  11.0%  74.8 10456s
 15068492 12844552   14.32845   59   25   13.62358   15.11999  11.0%  74.8 10462s
 15072604 12847226   14.34623   61   31   13.62358   15.11976  11.0%  74.8 10465s
 15080545 12853904   15.07188   50   33   13.62358   15.11937  11.0%  74.8 10471s
 15088904 12860446   14.78014   52   45   13.62358   15.11895  11.0%  74.8 10477s
 15093164 12863784   14.46823   52   39   13.62358   15.11879  11.0%  74.8 10480s
 15101511 12869488   14.94665   59   33   13.62358   15.11827  11.0%  74.8 10486s
 15109525 12876095   13.78256   60   33   13.62358   15.11789  11.0%  74.8 10492s
 15113583 12879306   15.09681   58   41   13.62358   15.11767  11.0%  74.8 10495s
 15121860 12885661   14.97643   62   24   13.62358   15.11735  11.0%  74.8 10501s
 15130174 12891956   14.19886   59   32   13.62358   15.11687  11.0%  74.8 10507s
 15137958 12898058   14.82096   54   31   13.62358   15.11648  11.0%  74.8 10512s
 15142185 12901064   14.53540   57   30   13.62358   15.11628  11.0%  74.8 10515s
 15150252 12907474   14.66599   52   36   13.62358   15.11585  11.0%  74.8 10521s
 15158354 12913566   14.70495   59   28   13.62358   15.11540  11.0%  74.8 10527s
 15162425 12916823   14.27802   55   37   13.62358   15.11521  10.9%  74.8 10530s
 15170129 12922732   15.06759   54   26   13.62358   15.11481  10.9%  74.8 10535s
 15178464 12929020   14.18431   56   32   13.62358   15.11438  10.9%  74.8 10541s
 15186696 12935302   14.93923   55   35   13.62358   15.11395  10.9%  74.8 10547s
 15190906 12938407     cutoff   61        13.62358   15.11378  10.9%  74.8 10550s
 15199109 12944473   15.11338   52   28   13.62358   15.11338  10.9%  74.8 10556s
 15206707 12950468   15.08542   49   30   13.62358   15.11299  10.9%  74.8 10561s
 15214685 12956831   15.11257   51   37   13.62358   15.11257  10.9%  74.8 10567s
 15218865 12959877   14.23575   58   36   13.62358   15.11237  10.9%  74.8 10570s
 15226836 12966087   14.48959   57   33   13.62358   15.11192  10.9%  74.8 10576s
 15234604 12971908   14.76264   58   33   13.62358   15.11157  10.9%  74.8 10581s
 15242628 12978026   14.91093   56   40   13.62358   15.11121  10.9%  74.8 10587s
 15246597 12980983   14.60264   60   32   13.62358   15.11100  10.9%  74.8 10590s
 15254567 12987017   15.07212   53   39   13.62358   15.11069  10.9%  74.8 10596s
 15262595 12992776   15.03583   54   34   13.62358   15.11017  10.9%  74.8 10602s
 15266032 12995756   14.68645   52   35   13.62358   15.10994  10.9%  74.8 10605s
 15274168 13002108   14.18886   58   36   13.62358   15.10958  10.9%  74.8 10611s
 15282174 13008401   14.78678   59   30   13.62358   15.10918  10.9%  74.8 10617s
 15290138 13014633   14.12742   62   31   13.62358   15.10873  10.9%  74.8 10622s
 15294232 13017266   14.34561   62   28   13.62358   15.10855  10.9%  74.8 10625s
 15301723 13023447   14.50334   62   28   13.62358   15.10819  10.9%  74.8 10631s
 15309701 13029661   14.72646   56   31   13.62358   15.10795  10.9%  74.8 10637s
 15317748 13035745   15.06404   56   30   13.62358   15.10742  10.9%  74.8 10642s
 15321551 13038567   14.37051   57   33   13.62358   15.10729  10.9%  74.8 10645s
 15328849 13044116   14.37573   52   37   13.62358   15.10684  10.9%  74.8 10651s
 15336569 13049787   14.93618   56   35   13.62358   15.10647  10.9%  74.8 10657s
 15340263 13052882   14.15849   52   42   13.62358   15.10628  10.9%  74.8 10660s
 15348422 13058716   14.85466   58   32   13.62358   15.10585  10.9%  74.8 10666s
 15356037 13064371     cutoff   57        13.62358   15.10549  10.9%  74.8 10672s
 15359628 13067246   14.41466   59   32   13.62358   15.10528  10.9%  74.8 10675s
 15367245 13073282   15.00928   54   35   13.62358   15.10491  10.9%  74.8 10680s
 15374986 13079264     cutoff   49        13.62358   15.10454  10.9%  74.8 10686s
 15382820 13085060   14.93968   59   30   13.62358   15.10419  10.9%  74.8 10692s
 15386595 13087676     cutoff   58        13.62358   15.10397  10.9%  74.8 10695s
 15393834 13093522   14.40466   57   27   13.62358   15.10358  10.9%  74.8 10701s
 15401609 13099284   14.15188   59   27   13.62358   15.10319  10.9%  74.8 10707s
 15405296 13102290   14.46579   50   33   13.62358   15.10302  10.9%  74.8 10710s
 15413189 13108159     cutoff   61        13.62358   15.10264  10.9%  74.8 10716s
 15420233 13113704     cutoff   55        13.62358   15.10223  10.9%  74.8 10722s
 15424233 13116795   14.86516   56   38   13.62358   15.10206  10.9%  74.8 10725s
 15431964 13122483   14.71280   54   34   13.62358   15.10161  10.8%  74.8 10731s
 15439953 13128580   15.07435   47   37   13.62358   15.10130  10.8%  74.8 10736s
 15447379 13133988   15.01400   57   35   13.62358   15.10087  10.8%  74.8 10741s
 15454403 13139743   14.94285   58   36   13.62358   15.10050  10.8%  74.8 10747s
 15458342 13142638   15.08739   49   36   13.62358   15.10032  10.8%  74.8 10750s
 15466070 13148543   14.08148   57   35   13.62358   15.09995  10.8%  74.8 10756s
 15473573 13154330   14.71350   52   39   13.62358   15.09956  10.8%  74.8 10762s
 15477546 13157095   14.38163   57   34   13.62358   15.09937  10.8%  74.8 10765s
 15484473 13162584   15.06568   52   38   13.62358   15.09900  10.8%  74.8 10770s
 15492043 13168376   15.09864   50   29   13.62358   15.09864  10.8%  74.8 10776s
 15499608 13174185   14.86657   58   35   13.62358   15.09822  10.8%  74.8 10782s
 15503580 13177088   14.10472   54   37   13.62358   15.09804  10.8%  74.8 10785s
 15510660 13182323     cutoff   52        13.62358   15.09771  10.8%  74.8 10791s
 15518235 13187838     cutoff   55        13.62358   15.09733  10.8%  74.8 10797s
 15521718 13190924   14.46317   53   41   13.62358   15.09714  10.8%  74.8 10800s

Cutting planes:
  Gomory: 1
  Projected implied bound: 74
  MIR: 578
  Flow cover: 448
  Relax-and-lift: 591

Explored 15525772 nodes (1161275574 simplex iterations) in 10806.05 seconds (19706.80 work units)
Thread count was 32 (of 255 available processors)

Solution count 10: 13.6236 13.6236 13.6236 ... 12.7633

Time limit reached
Best objective 1.362358360599e+01, best bound 1.509700420735e+01, gap 10.8152%

User-callback calls 31284354, time in user-callback 5.07 sec
Encoding the two copies...
apply_sibgate_constraints!: emitted 10 coupling lines (both-thin), 0 conditional triangles on org (org-dropped), 0 conditional triangles on pert (pert-dropped).
Encoding dependencies (activation_start=1, layers_offset=2)...
Adding perturbed interval constraints...
13.62358360599375  15.097004207352947  10806.087296962738
paper_experiments_rerun/mnist/3x50_exp/occ/eps_14,14,9/N2stdBoost_3x50_19_sgd_itr1/
Clean sample classification: 1
Perturbed sample classification: 1
