/usr/local/lib/python3.8/dist-packages/torch/cuda/__init__.py:546: UserWarning: Can't initialize NVML
  warnings.warn("Can't initialize NVML")
source: 0 target: 1 model_arch: 3x50 perturbation type: brightness perturbation size: [0.25] dataset: mnist
Attack:   0%|          | 0/500 [00:00<?, ?it/s]Attack:   0%|          | 1/500 [00:00<00:56,  8.89it/s]Attack:   8%|▊         | 39/500 [00:00<00:02, 213.82it/s]Attack:  16%|█▌        | 78/500 [00:00<00:01, 288.62it/s]Attack:  24%|██▎       | 118/500 [00:00<00:01, 329.70it/s]Attack:  32%|███▏      | 161/500 [00:00<00:00, 364.59it/s]Attack:  41%|████      | 205/500 [00:00<00:00, 386.89it/s]Attack:  50%|████▉     | 248/500 [00:00<00:00, 399.99it/s]Attack:  58%|█████▊    | 291/500 [00:00<00:00, 408.83it/s]Attack:  67%|██████▋   | 334/500 [00:00<00:00, 414.45it/s]Attack:  75%|███████▌  | 377/500 [00:01<00:00, 417.61it/s]Attack:  84%|████████▍ | 420/500 [00:01<00:00, 419.21it/s]Attack:  92%|█████████▏| 462/500 [00:01<00:00, 418.98it/s]Attack: 100%|█████████▉| 499/500 [00:01<00:00, 379.07it/s]
best_val 0.0
Set parameter WLSAccessID
Set parameter WLSSecret
Set parameter LicenseID to value 2478548
Academic license 2478548 - for non-commercial use only - registered to ne___@campus.technion.ac.il
Model accuracy: 0.9684
Model accuracy: 0.9694
Advanced-standard-N1: computing diff bounds between N1 and N2...
compute_diff_and_comp_bounds: last hidden layer size = 50, diff width = 0.8242261925354941
compute_diff_and_comp_bounds: output-layer diff bounds width = 7.376631158194602
compute_diff_and_comp_bounds: N1 pert bounds width = 704.5076679912805
compute_diff_and_comp_bounds: N2 pert bounds width = 704.6596100731302
compute_diff_and_comp_bounds: populated 2 ReLU layers
save_n1_diff_bounds: saved 2 ReLU layers (+ n1_preact_bounds.bin) to /root/Downloads/for_dana/vaghar_org/paper_experiments/mnist/3x50_exp/brightness/eps_0.25/n1_state_3x50_19

══ Advanced-standard-N1: solving N1 (c_tag=1, c_target=2) ══
[notice | Main.MIPVerify]: Determining upper and lower bounds for the input to each non-linear unit.
Set parameter WLSAccessID
Set parameter WLSSecret
Set parameter LicenseID to value 2478548
Academic license 2478548 - for non-commercial use only - registered to ne___@campus.technion.ac.il
Set parameter TimeLimit to value 5
Set parameter TimeLimit to value 5
Set parameter WLSAccessID
Set parameter WLSSecret
Set parameter LicenseID to value 2478548
Academic license 2478548 - for non-commercial use only - registered to ne___@campus.technion.ac.il
Set parameter MIPFocus to value 3
Set parameter Cutoff to value 0
Set parameter Threads to value 32
Set parameter TimeLimit to value 10800
Set parameter MIPGap to value 0.01
Set parameter Seed to value 0
Set parameter Seed to value 0
Set parameter MIPGap to value 0.01
Set parameter MIPFocus to value 3
Set parameter Cutoff to value 0
Set parameter Threads to value 32
Set parameter TimeLimit to value 10800
Warning for adding constraints: zero or small (< 1e-13) coefficients, ignored
Gurobi Optimizer version 13.0.0 build v13.0.0rc1 (linux64 - "Ubuntu 20.04.2 LTS")

CPU model: AMD EPYC 7713 64-Core Processor, instruction set [SSE2|AVX|AVX2]
Thread count: 127 physical cores, 255 logical processors, using up to 32 threads

Non-default parameters:
Cutoff  0
TimeLimit  10800
MIPGap  0.01
MIPFocus  3
Threads  32

Academic license 2478548 - for non-commercial use only - registered to ne___@campus.technion.ac.il
Optimize a model with 1751 rows, 1935 columns and 127857 nonzeros (Max)
Model fingerprint: 0xc8efb425
Model has 1 linear objective coefficients
Variable types: 1766 continuous, 169 integer (169 binary)
Coefficient statistics:
  Matrix range     [3e-13, 4e+01]
  Objective range  [1e+00, 1e+00]
  Bounds range     [6e-09, 4e+01]
  RHS range        [4e-13, 2e+01]
Presolve removed 296 rows and 29 columns
Presolve time: 0.27s
Presolved: 1455 rows, 1906 columns, 126424 nonzeros
Variable types: 1738 continuous, 168 integer (168 binary)
Root relaxation presolve removed 91 rows and 90 columns
Root relaxation presolved: 1364 rows, 1817 columns, 126153 nonzeros


Root relaxation: objective 3.834429e+01, 1377 iterations, 0.26 seconds (0.39 work units)

    Nodes    |    Current Node    |     Objective Bounds      |     Work
 Expl Unexpl |  Obj  Depth IntInf | Incumbent    BestBd   Gap | It/Node Time

     0     0   38.34429    0   63          -   38.34429      -     -    0s
     0     0   37.29204    0   65          -   37.29204      -     -    1s
     0     0   37.29204    0   58          -   37.29204      -     -    2s
     0     0   36.67908    0   59          -   36.67908      -     -    2s
     0     0   36.40707    0   64          -   36.40707      -     -    2s
     0     0   36.40707    0   59          -   36.40707      -     -    2s
     0     0   36.14268    0   64          -   36.14268      -     -    2s
     0     0   36.14268    0   65          -   36.14268      -     -    2s
     0     0   36.02950    0   63          -   36.02950      -     -    3s
     0     0   36.02950    0   56          -   36.02950      -     -    3s
     0     0   35.86390    0   63          -   35.86390      -     -    3s
     0     0   35.84180    0   67          -   35.84180      -     -    3s
     0     0   35.84122    0   63          -   35.84122      -     -    3s
     0     0   35.36311    0   60          -   35.36311      -     -    4s
     0     0   35.36311    0   60          -   35.36311      -     -    4s
     0     0   34.89718    0   60          -   34.89718      -     -    4s
     0     0   34.89718    0   56          -   34.89718      -     -    5s
     0     2   34.89718    0   56          -   34.89718      -     -    9s
     3     8   34.50875    2   65          -   34.89718      -   891   10s
   186   219   26.76853    9   59          -   27.64155      -  1005   15s
   594   627   23.63498    7   71          -   25.62388      -   886   20s
  1047  1116   21.44541   12   51          -   24.65812      -   836   25s
  2067  2219   15.71831   15   61          -   24.00593      -   653   30s
  2906  2907   13.01836   23   56          -   23.76050      -   567   55s
  2914  2912   16.10438   21   64          -   23.76050      -   566   61s
  2917  2914   16.99865   20   59          -   23.76050      -   565   65s
  2926  2929   23.76050   15   64          -   23.76050      -   567   70s
  3014  3012   23.76050   19   52          -   23.76050      -   584   76s
  3139  3101   23.76050   23   62          -   23.76050      -   610   81s
  3216  3173   22.70417   22   59          -   23.76050      -   627   85s
  3314  3236   23.76050   25   54          -   23.76050      -   647   90s
  3459  3303   23.75993   24   62          -   23.76050      -   676   95s
  3606  3458   23.76050   28   49          -   23.76050      -   694  101s
  3798  3581   22.94185   19   59          -   23.76050      -   717  105s
  4072  3795   23.07153   24   57          -   23.76050      -   732  111s
  4457  4007   16.05764   26   52          -   23.47360      -   737  116s
  4704  4276   20.09098   29   53          -   23.31382      -   737  120s
  5328  4836   22.43435   29   50          -   23.09517      -   721  125s
  6301  5375   22.71679   27   56          -   22.89746      -   676  131s
  7266  6106   20.84596   28   57          -   22.66357      -   647  137s
  7977  6744   22.42930   31   48          -   22.51622      -   622  141s
  9138  7065   21.86202   27   54          -   22.37787      -   585  148s
  9190  7844   21.63476   30   47          -   22.33679      -   587  150s
 11226  9464   19.75182   26   52          -   22.18595      -   530  156s
 13356 11214    9.86536   24   60          -   22.06416      -   477  160s
 15242 13334   14.09709   26   43          -   21.99582      -   447  165s
 18545 16748   21.55579   28   52          -   21.86977      -   404  171s
 20744 17731   18.93389   28   55          -   21.76179      -   381  178s
 20776 17763   20.23089   27   48          -   21.71485      -   383  183s
 20808 17795   20.66514   30   50          -   21.67751      -   384  191s
 20840 17827   16.92349   26   59          -   21.63829      -   386  197s
 20872 17859   18.85004   26   61          -   21.58098      -   387  201s
 20904 17891   21.06675   31   49          -   21.53658      -   388  205s
 20968 17955   20.93957   26   69          -   21.46396      -   391  213s
 21000 17987   18.25931   27   47          -   21.43141      -   392  217s
 21032 18019   20.47183   29   52          -   21.40674      -   393  221s
 21064 18051   21.00759   31   46          -   21.37223      -   394  226s
 21096 18106   18.68735   26   54          -   21.33754      -   395  230s
 21151 18174   18.14802   30   46          -   21.30511      -   396  235s
 21219 18256   20.72679   30   56          -   21.27906      -   397  240s
 21442 18754   10.67013   29   49          -   21.22154      -   398  249s
 21807 19582   13.45920   27   60          -   21.19285      -   396  254s
 22635 21105   13.18868   34   33          -   21.16489      -   388  258s
 24158 22734   11.60246   26   56          -   21.14339      -   373  261s
 27718 26413   18.54860   37   40          -   21.08423      -   345  267s
 29470 30696   20.97636   35   35          -   21.05956      -   334  273s
 33906 31786   19.87272   23   58          -   21.03876      -   309  275s
 37458 35621   16.43436   32   48          -   20.96045      -   294  281s
 40452 38845    7.78616   32   45          -   20.91352      -   284  286s
 43815 41690   17.19741   28   51          -   20.86292      -   273  290s
 46843 45547   20.82125   40   39          -   20.82125      -   266  295s
 50150 49488   20.13427   45   43          -   20.78347      -   257  302s
 52770 51809   18.40662   28   53          -   20.76927      -   250  305s
 57685 56967   20.38077   44   51          -   20.75895      -   239  310s
 60255 62349   18.81311   45   47          -   20.73846      -   234  318s
*63938 62307              96       0.0882749   20.72442      -   228  318s
 66113 63521   14.97231   30   47    0.08827   20.71961      -   224  322s
 67640 65529   19.77042   30   56    0.08827   20.66832      -   224  326s
 69648 68038   19.94368   31   43    0.08827   20.58918      -   223  330s
 72157 71203   20.55389   44   40    0.08827   20.55395      -   222  335s
 75322 74435   20.11949   45   44    0.08827   20.48751      -   218  340s
 78554 77907   13.80159   42   32    0.08827   20.40657      -   215  345s
 82026 80449   20.24453   42   53    0.08827   20.34595      -   212  351s
 84568 83468   17.69807   30   41    0.08827   20.26676      -   210  358s
 87587 87355   20.16556   41   57    0.08827   20.22578      -   209  364s
 91474 87387   15.36414   25   60    0.08827   20.18861      -   206  378s
H91477 87277                       0.2088038   20.17571  9563%   206  378s
H91481 87087                       0.5216411   20.16673  3766%   206  378s
H91484 87081                       0.5291949   20.16320  3710%   206  378s
H91491 87045                       0.5831780   20.16144  3357%   206  378s
 91506 119041   20.16144   41   40    0.58318   20.16144  3357%   206  432s
H123506 118829                       0.7968237   19.98325  2408%   185  444s
H123516 118683                       0.9910217   19.97182  1915%   185  444s
 123538 150683   19.95982   41   42    0.99102   19.96198  1914%   185  487s
H135538 150683                       0.9910217   19.95707  1914%   180  487s
 155538 150715   18.99770   41   50    0.99102   19.79644  1898%   172  498s
H155552 150715                       0.9910218   19.78419  1896%   172  498s
H155554 150714                       0.9913093   19.78419  1896%   172  498s
H155556 150488                       1.2579750   19.78419  1473%   172  498s
 155570 182486   19.70889   45   37    1.25797   19.78419  1473%   172  541s
H187570 182491                       1.2938911   19.68774  1422%   163  551s
H187574 182490                       1.2952030   19.68244  1420%   163  551s
 187602 214486   19.66548   47   33    1.29520   19.66548  1418%   163  591s
 219602 219599   19.59682   50   37    1.29520   19.59682  1413%   157  599s
 224717 219631   19.54255   43   36    1.29520   19.56527  1411%   156  605s
H224730 219631                       1.2952030   19.55633  1410%   156  605s
H224747 219631                       1.2952030   19.55444  1410%   156  605s
 224749 219944   19.55444   49   35    1.29520   19.55444  1410%   156  613s
H224754 219944                       1.2952302   19.55444  1410%   156  613s
H224755 219941                       1.2999979   19.55444  1404%   156  613s
H224973 219929                       1.3193645   19.55444  1382%   156  613s
H224982 219928                       1.3267909   19.55444  1374%   156  613s
 225062 223838   17.63071   50   44    1.32679   19.55444  1374%   156  619s
 228972 227759   19.41017   48   33    1.32679   19.54523  1373%   155  624s
 232893 231570   19.31793   47   38    1.32679   19.53467  1372%   154  629s
 236704 235282   19.39111   42   48    1.32679   19.52991  1372%   154  635s
 240416 238989   19.11393   44   49    1.32679   19.51418  1371%   153  640s
 244123 242739   18.16643   46   48    1.32679   19.50620  1370%   153  645s
 247873 246232   19.50081   41   45    1.32679   19.50081  1370%   152  650s
 251366 251161   18.24554   42   54    1.32679   19.48799  1369%   151  657s
 256295 254742   17.74147   48   48    1.32679   19.47614  1368%   151  662s
 259876 258046   13.26416   48   35    1.32679   19.46643  1367%   150  667s
 263180 261708   19.45457   49   39    1.32679   19.45906  1367%   150  672s
 266844 264802   17.92833   49   38    1.32679   19.44835  1366%   149  677s
 269938 268517   18.38009   50   36    1.32679   19.43885  1365%   149  682s
 273655 271664   19.43590   47   37    1.32679   19.43590  1365%   149  688s
 276802 274165   19.33069   45   47    1.32679   19.43387  1365%   148  693s
 279303 276883   18.16957   45   51    1.32679   19.43324  1365%   148  698s
H282022 276883                       1.3267910   19.43005  1364%   148  698s
 282023 281579   18.89215   46   47    1.32679   19.42534  1364%   148  705s
 286719 284801   19.38967   48   40    1.32679   19.41406  1363%   147  710s
 289941 288641   19.25357   50   41    1.32679   19.39762  1362%   147  715s
 293781 292186   19.37746   46   47    1.32679   19.39593  1362%   146  720s
 297326 295635   18.36141   48   40    1.32679   19.38224  1361%   146  725s
 300775 299085   19.00242   50   35    1.32679   19.37566  1360%   146  730s
 304225 302591   18.69554   45   48    1.32679   19.37473  1360%   145  736s
 307731 305975   19.31067   41   41    1.32679   19.36464  1360%   145  740s
 311115 310787   19.35779   48   45    1.32679   19.36029  1359%   145  747s
 315927 314061   19.23829   47   40    1.32679   19.35528  1359%   144  752s
 319201 317295   18.89940   46   50    1.32679   19.34225  1358%   144  757s
 322435 320754   18.80601   42   42    1.32679   19.33609  1357%   144  762s
 325894 324317   19.29261   38   57    1.32679   19.33135  1357%   143  767s
 329457 327687   19.28062   47   47    1.32679   19.32062  1356%   143  772s
 332827 331251   17.45199   45   50    1.32679   19.31563  1356%   143  778s
 336391 335001   19.27842   47   39    1.32679   19.31356  1356%   142  783s
 340141 339338   18.91780   46   47    1.32679   19.30271  1355%   142  789s
 344478 342903   19.02497   50   39    1.32679   19.29832  1355%   142  795s
 348043 342935   19.26432   45   46    1.32679   19.29161  1354%   142  801s
H348053 342927                       1.3393105   19.29161  1340%   142  801s
 348075 346412   19.14875   44   49    1.33931   19.29161  1340%   142  806s
 351560 349886   13.94026   45   50    1.33931   19.28347  1340%   141  812s
 355034 353586   19.19915   44   49    1.33931   19.28177  1340%   141  816s
 358734 357074   17.77115   45   48    1.33931   19.27857  1339%   141  821s
 362222 360407   18.96235   45   39    1.33931   19.26727  1339%   140  827s
 365555 364124   19.25549   42   51    1.33931   19.26584  1338%   140  831s
 369272 368784   19.24362   42   50    1.33931   19.25970  1338%   140  839s
 373932 371928   13.71554   44   43    1.33931   19.25558  1338%   140  843s
 377076 375712   19.23860   57   24    1.33931   19.24697  1337%   139  848s
 380860 378900   18.00303   50   40    1.33931   19.24156  1337%   139  853s
 384048 382136   17.24851   54   42    1.33931   19.23728  1336%   139  858s
 387284 385607   19.19534   43   50    1.33931   19.23306  1336%   139  862s
 390756 388995   18.19874   45   42    1.33931   19.22472  1335%   138  868s
 394144 392403   17.83413   48   45    1.33931   19.22004  1335%   138  873s
 397552 395574   14.08421   45   52    1.33931   19.21407  1335%   138  878s
 400723 400161   18.77621   46   43    1.33931   19.20637  1334%   138  885s
 405310 403406   19.05576   46   40    1.33931   19.20108  1334%   138  890s
 408555 406853   19.19509   43   49    1.33931   19.19509  1333%   137  895s
 412002 410196   19.14357   50   31    1.33931   19.18996  1333%   137  900s
H418789 413671                       1.3414114   19.17937  1330%   137  911s
H418797 413666                       1.3519891   19.17733  1318%   137  911s
 418821 415379   19.16186   41   49    1.35199   19.17562  1318%   137  917s
 420534 419093   18.89013   50   38    1.35199   19.17467  1318%   137  923s
 424250 423190   19.12428   47   44    1.35199   19.17224  1318%   137  928s
 428347 426726   19.16609   44   50    1.35199   19.16624  1318%   136  934s
 431883 431114   19.03828   45   48    1.35199   19.16225  1317%   136  940s
 436271 434416   17.35314   49   46    1.35199   19.15562  1317%   136  945s
 439573 438148   18.10448   46   44    1.35199   19.14816  1316%   136  951s
 443305 441574   18.60407   45   55    1.35199   19.14462  1316%   136  955s
 446731 444859   18.83073   47   42    1.35199   19.14237  1316%   135  960s
 450016 448235   19.12922   51   38    1.35199   19.13536  1315%   135  965s
 453392 451539   19.13197   42   52    1.35199   19.13213  1315%   135  971s
 456698 455118   18.84380   47   51    1.35199   19.12733  1315%   135  976s
 460277 458562   18.99871   55   24    1.35199   19.12263  1314%   135  981s
 463721 462772   19.11849   41   52    1.35199   19.11849  1314%   135  987s
 467931 466234   18.73875   42   44    1.35199   19.11600  1314%   135  992s
 471393 469770   18.92100   45   43    1.35199   19.11067  1314%   135  997s
 474929 473183   17.83434   35   42    1.35199   19.10657  1313%   135 1003s
 478342 476641   18.06332   40   56    1.35199   19.10310  1313%   134 1008s
 481800 476673   17.86381   46   38    1.35199   19.09619  1312%   134 1015s
H481804 476670                       1.3564055   19.09565  1308%   134 1015s
H481812 476669                       1.3597827   19.09565  1304%   134 1015s
 481832 480106   17.26457   42   55    1.35978   19.09565  1304%   134 1020s
 485269 483506   17.76783   48   32    1.35978   19.09167  1304%   134 1025s
 488669 487019   18.39487   46   51    1.35978   19.08556  1304%   134 1030s
 492182 490551   18.33493   47   41    1.35978   19.07983  1303%   134 1035s
 495714 494331   17.88659   45   42    1.35978   19.07643  1303%   134 1042s
 499494 498184   18.82999   43   36    1.35978   19.07226  1303%   134 1047s
 503347 501951   17.74297   51   32    1.35978   19.06731  1302%   134 1052s
 507114 505639   19.06305   45   48    1.35978   19.06305  1302%   133 1058s
 510802 508720   18.87414   42   47    1.35978   19.05694  1301%   133 1063s
 513883 512279   17.33823   43   49    1.35978   19.05653  1301%   133 1068s
H517442 514613                       1.3632419   19.05465  1298%   133 1074s
H517718 514612                       1.3649332   19.05465  1296%   133 1074s
H518075 514603                       1.3768004   19.04992  1284%   133 1074s
H518985 514595                       1.3843472   19.04860  1276%   133 1074s
 519778 518558   17.36981   47   42    1.38435   19.04613  1276%   133 1080s
 523741 521999   18.64756   48   43    1.38435   19.04401  1276%   133 1085s
 527182 526177   17.35587   51   46    1.38435   19.04031  1275%   133 1091s
 531360 529163   18.71965   46   52    1.38435   19.03613  1275%   133 1096s
 534346 532816   19.01013   43   46    1.38435   19.03153  1275%   132 1102s
 537999 536305   18.73635   46   50    1.38435   19.02892  1275%   132 1107s
 541488 539807   18.70734   56   31    1.38435   19.02677  1274%   132 1112s
 544990 543525   18.13933   43   47    1.38435   19.01892  1274%   132 1117s
H548708 543557                       1.3843814   19.01553  1274%   132 1125s
H548710 543542                       1.3928427   19.01520  1265%   132 1125s
H548725 543542                       1.3950058   19.01520  1263%   132 1125s
 548740 546812   19.01520   48   40    1.39501   19.01520  1263%   132 1130s
 552010 550430   18.19747   46   45    1.39501   19.01179  1263%   132 1135s
 555628 553841   18.60727   41   52    1.39501   19.00920  1263%   132 1140s
 559039 557814   17.03587   49   41    1.39501   19.00713  1263%   132 1146s
 563012 561478   19.00301   52   29    1.39501   19.00301  1262%   132 1151s
 566676 564534   18.51291   48   48    1.39501   18.99855  1262%   132 1156s
 569732 568047   18.46448   44   54    1.39501   18.99296  1261%   131 1161s
 573245 571740   16.56401   42   40    1.39501   18.98937  1261%   131 1167s
 576938 574861   17.60593   49   41    1.39501   18.98742  1261%   131 1172s
 580059 578468   18.43034   48   47    1.39501   18.98404  1261%   131 1177s
 583666 581728   17.76777   48   38    1.39501   18.97832  1260%   131 1182s
 586926 585174   18.61758   52   30    1.39501   18.97333  1260%   131 1187s
 590374 589328   18.52524   43   51    1.39501   18.97240  1260%   131 1193s
 594528 592697   16.82880   48   49    1.39501   18.97084  1260%   131 1198s
 597897 595955   18.75902   47   44    1.39501   18.96352  1259%   131 1204s
 601155 599421   18.46958   44   50    1.39501   18.96244  1259%   131 1209s
 604621 602750   18.38829   44   49    1.39501   18.95861  1259%   131 1215s
 607950 606096   15.48531   31   44    1.39501   18.95345  1259%   131 1220s
 611296 609414   18.94967   44   46    1.39501   18.94967  1258%   130 1225s
 614614 609446   18.92064   42   47    1.39501   18.94938  1258%   130 1232s
H614622 609438                       1.4007818   18.94938  1253%   130 1232s
 614646 613000   17.32316   42   52    1.40078   18.94938  1253%   130 1238s
 618208 616543   18.33862   45   46    1.40078   18.94289  1252%   130 1243s
 621751 620255   18.88149   46   39    1.40078   18.94129  1252%   130 1249s
 625463 623783   17.08129   45   53    1.40078   18.93592  1252%   130 1255s
 628991 627670   18.89676   48   44    1.40078   18.93332  1252%   130 1260s
 632878 631146   18.34994   46   47    1.40078   18.92636  1251%   130 1265s
 636354 634154   18.19353   54   27    1.40078   18.92314  1251%   130 1270s
 639362 637568   18.77906   44   56    1.40078   18.92267  1251%   130 1276s
 642776 640908   18.25774   43   48    1.40078   18.91835  1251%   130 1281s
 646116 644685   18.19422   41   45    1.40078   18.91688  1250%   130 1287s
 649893 648229   12.14192   44   52    1.40078   18.91365  1250%   130 1292s
 653437 651920   18.91312   43   45    1.40078   18.91312  1250%   130 1298s
 657128 655609   17.88525   45   48    1.40078   18.90752  1250%   130 1304s
 660817 659036   18.63537   46   45    1.40078   18.90270  1249%   130 1309s
H664244 660885                       1.4065174   18.90057  1244%   130 1315s
H664551 660871                       1.4201798   18.89916  1231%   130 1315s
H665957 660870                       1.4221775   18.89777  1229%   130 1315s
 666101 664970   18.67331   48   44    1.42218   18.89674  1229%   130 1321s
 670201 668322   18.86212   45   41    1.42218   18.89523  1229%   130 1327s
 673553 672189   18.62736   45   44    1.42218   18.89228  1228%   130 1332s
 677420 672221   18.53767   45   49    1.42218   18.88687  1228%   129 1340s
H677421 672221                       1.4239991   18.88687  1226%   129 1340s
H677423 672216                       1.4288019   18.88687  1222%   129 1340s
H677428 672132                       1.5410443   18.88687  1126%   129 1340s
 677452 675391   16.70345   47   51    1.54104   18.88687  1126%   129 1346s
 680711 679009   18.88217   44   49    1.54104   18.88356  1125%   129 1351s
 684329 682814   18.77597   52   35    1.54104   18.88187  1125%   129 1357s
 688134 686352   18.87811   42   47    1.54104   18.87811  1125%   129 1363s
 691672 689995   17.16207   53   41    1.54104   18.87275  1125%   129 1368s
 695315 692424   18.87123   47   33    1.54104   18.87123  1125%   129 1374s
 697744 696084   18.82006   47   40    1.54104   18.86852  1124%   129 1379s
 701404 699840   18.00496   48   44    1.54104   18.86184  1124%   129 1385s
 705160 703479   18.74153   39   51    1.54104   18.86072  1124%   129 1391s
 708799 706873   18.80769   45   49    1.54104   18.85813  1124%   129 1396s
 712193 710525   17.45772   47   36    1.54104   18.85539  1124%   129 1402s
 715845 714639   18.30141   52   32    1.54104   18.85134  1123%   129 1408s
 719961 717757   18.28992   47   46    1.54104   18.84953  1123%   129 1412s
 723079 721341   16.35467   33   40    1.54104   18.84626  1123%   129 1418s
 726663 724721   18.80042   52   28    1.54104   18.84379  1123%   129 1423s
 730043 728244   17.77953   52   42    1.54104   18.83911  1122%   129 1429s
 733566 731775   18.79538   43   52    1.54104   18.83675  1122%   129 1434s
 737097 735139   17.89543   45   44    1.54104   18.83078  1122%   129 1438s
 740461 736718   18.38466   45   50    1.54104   18.82984  1122%   129 1444s
 742040 740502   18.44832   45   45    1.54104   18.82669  1122%   129 1450s
 745824 740534   18.69698   48   42    1.54104   18.82530  1122%   129 1458s
H745828 740532                       1.5416099   18.82530  1121%   129 1458s
H745835 740522                       1.5569744   18.82530  1109%   129 1458s
 745856 772522   18.82530   43   38    1.55697   18.82530  1109%   129 1505s
 777856 776540   17.03812   45   48    1.55697   18.81155  1108%   128 1511s
 781874 780031   18.71276   46   43    1.55697   18.80110  1108%   128 1516s
 785365 783372   16.49961   50   42    1.55697   18.79794  1107%   128 1521s
 788706 786852   18.58767   47   39    1.55697   18.79241  1107%   128 1526s
 792186 790366   18.39611   48   48    1.55697   18.79156  1107%   128 1531s
 795700 793787   16.78009   51   34    1.55697   18.78728  1107%   128 1536s
 799121 797227   18.78155   48   44    1.55697   18.78449  1106%   128 1541s
 802561 798717   18.60836   50   32    1.55697   18.77982  1106%   128 1547s
 804051 802547   18.48315   51   31    1.55697   18.77816  1106%   128 1553s
 807881 806477   16.70372   51   41    1.55697   18.77627  1106%   128 1559s
 811813 809917   18.77451   43   45    1.55697   18.77451  1106%   128 1564s
 815253 813399   18.76925   42   40    1.55697   18.77087  1106%   128 1569s
 818735 813431   18.68469   47   44    1.55697   18.76925  1105%   128 1576s
H818737 813430                       1.5571549   18.76925  1105%   128 1577s
H818738 813389                       1.6032327   18.76925  1071%   128 1577s
H818742 813338                       1.6683786   18.76838  1025%   128 1577s
H818756 812389                       2.6900126   18.76838   598%   128 1577s
 818767 814812   16.58416   47   54    2.69001   18.76838   598%   128 1583s
H819716 814812                       2.6900128   18.76711   598%   128 1583s
 821190 818470   18.76711   43   44    2.69001   18.76711   598%   128 1588s
 824850 822029   17.75398   51   39    2.69001   18.76210   597%   128 1594s
 828409 825574   18.42922   49   43    2.69001   18.75918   597%   128 1599s
 831954 829396   17.98243   46   49    2.69001   18.75470   597%   128 1604s
 835776 832830   18.13414   46   44    2.69001   18.75470   597%   128 1610s
 839210 836660   17.99679   47   41    2.69001   18.74906   597%   128 1616s
 843040 840104   18.38431   47   47    2.69001   18.74565   597%   128 1621s
 846484 843393   18.68296   47   44    2.69001   18.74240   597%   128 1627s
 849773 847052   18.48361   46   43    2.69001   18.74009   597%   128 1632s
 853432 850415   18.73673   47   47    2.69001   18.73824   597%   127 1638s
 856797 853904   18.71606   47   33    2.69001   18.73312   596%   127 1643s
 860286 857425   18.46855   47   38    2.69001   18.72973   596%   127 1648s
 863807 860861   18.27850   50   43    2.69001   18.72813   596%   127 1654s
 867243 864401   17.94209   48   47    2.69001   18.72346   596%   127 1659s
 870783 868169   18.12155   45   41    2.69001   18.72079   596%   127 1665s
 874551 871443   18.68128   42   46    2.69001   18.71835   596%   127 1671s
 877825 875004   18.68815   44   54    2.69001   18.71384   596%   127 1677s
 881386 875036   16.62431   46   48    2.69001   18.71384   596%   127 1684s
H881404 875036                       2.6900132   18.71215   596%   127 1685s
H881409 874911                       2.7862244   18.71215   572%   127 1685s
 881418 878522   18.66495   49   41    2.78622   18.71215   572%   127 1690s
 885029 881807   18.39010   50   38    2.78622   18.70998   572%   127 1696s
 888314 885519   18.70587   44   34    2.78622   18.70587   571%   127 1702s
 892026 889289   18.50456   47   46    2.78622   18.70447   571%   127 1707s
 895796 892477   18.26445   45   55    2.78622   18.70148   571%   127 1713s
 898984 896240   18.70064   43   39    2.78622   18.70064   571%   127 1718s
 902749 900108   13.33020   46   46    2.78622   18.69541   571%   127 1724s
 906617 903241   18.69321   45   39    2.78622   18.69321   571%   127 1729s
 909750 906765   18.66767   44   42    2.78622   18.69096   571%   127 1734s
 913274 909896   18.59385   51   42    2.78622   18.68860   571%   127 1740s
 916405 913669   18.68710   41   38    2.78622   18.68710   571%   127 1745s
 920180 917282   17.93130   44   46    2.78622   18.68316   571%   127 1751s
 923793 919220   17.64543   47   40    2.78622   18.67941   570%   127 1757s
 925731 923158   15.92316   45   43    2.78622   18.67753   570%   127 1762s
 929669 926756   18.37607   47   47    2.78622   18.67479   570%   127 1768s
 933269 930620   18.66467   45   47    2.78622   18.67318   570%   127 1774s
 937133 933967   18.66988   40   36    2.78622   18.66988   570%   127 1779s
 940480 937313   18.66988   44   42    2.78622   18.66988   570%   127 1785s
 943826 940982   17.65614   48   44    2.78622   18.66538   570%   127 1790s
 947495 941014   17.90620   32   38    2.78622   18.66108   570%   127 1797s
H947507 941014                       2.7862244   18.66033   570%   127 1797s
 947527 941142   17.00790   50   37    2.78622   18.66033   570%   127 1805s
H947529 941039                       2.8675234   18.66000   551%   127 1805s
 947655 943797   18.55276   51   32    2.86752   18.65958   551%   127 1811s
H949366 943797                       2.8675238   18.65885   551%   127 1811s
 950413 946599   18.03029   46   51    2.86752   18.65843   551%   127 1817s
 953215 949663   18.50738   49   34    2.86752   18.65698   551%   127 1824s
 956279 953618   18.60724   50   34    2.86752   18.65698   551%   127 1830s
 960234 957565   13.98336   46   47    2.86752   18.64924   550%   127 1836s
 964181 961359   18.62512   42   50    2.86752   18.64549   550%   127 1842s
 967975 964767   18.45799   48   42    2.86752   18.64169   550%   127 1848s
 971385 968207   17.40358   44   50    2.86752   18.63966   550%   127 1853s
 974825 971855   17.60967   45   48    2.86752   18.63589   550%   127 1859s
 978473 975122   18.18464   49   43    2.86752   18.63291   550%   127 1864s
 981740 978340   18.07815   47   51    2.86752   18.63003   550%   127 1870s
 984958 981757   18.54328   46   46    2.86752   18.62570   550%   126 1876s
 988375 985406   17.54869   43   50    2.86752   18.62379   549%   126 1882s
 992024 989100   16.59175   40   58    2.86752   18.62229   549%   126 1887s
 995718 992479   18.24078   46   47    2.86752   18.62163   549%   126 1893s
 999097 996342   17.73016   51   41    2.86752   18.61685   549%   126 1900s
 1002960 998090   18.22747   49   37    2.86752   18.61202   549%   126 1906s
 1004708 1002336   18.61173   46   39    2.86752   18.61173   549%   126 1913s
 1008954 1006471   18.41746   55   24    2.86752   18.60873   549%   126 1918s
 1013089 1010134   18.43769   50   36    2.86752   18.60661   549%   126 1924s
 1016754 1013735   18.60571   47   41    2.86752   18.60571   549%   126 1930s
 1020355 1017565   18.25277   49   42    2.86752   18.60303   549%   126 1936s
 1024185 1021065   18.41021   48   37    2.86752   18.59885   549%   126 1941s
 1027685 1024770   17.94021   52   34    2.86752   18.59367   548%   126 1948s
 1031390 1028226   15.66803   52   43    2.86752   18.59235   548%   126 1953s
 1034846 1031769   18.50867   46   39    2.86752   18.58823   548%   126 1959s
 1038389 1035491   18.25757   46   47    2.86752   18.58696   548%   126 1964s
 1042111 1038991   17.58423   41   38    2.86752   18.58436   548%   126 1970s
 1045611 1042383   17.90353   49   38    2.86752   18.58081   548%   126 1976s
 1049003 1045814   17.07019   49   39    2.86752   18.57788   548%   126 1981s
 1052434 1049349   18.57404   47   37    2.86752   18.57404   548%   126 1987s
 1055969 1052769   17.37995   48   47    2.86752   18.57295   548%   126 1992s
 1059391 1056625   18.32493   48   39    2.86752   18.56909   548%   126 1998s
 1063249 1059861   18.56819   44   50    2.86752   18.56819   548%   126 2003s
 1066485 1063316   18.13834   44   49    2.86752   18.56567   547%   126 2009s
 1069940 1066962   18.20670   46   43    2.86752   18.56272   547%   126 2014s
 1073586 1066994   18.42476   48   44    2.86752   18.55884   547%   126 2021s
H1073587 1066994                       2.8675238   18.55884   547%   126 2021s
H1073588 1066951                       2.9075745   18.55884   538%   126 2021s
 1073618 1070348   18.07398   53   36    2.90757   18.55884   538%   126 2027s
 1077015 1073831   18.10139   49   39    2.90757   18.55752   538%   126 2033s
 1080498 1077183   12.23032   45   46    2.90757   18.55563   538%   126 2038s
 1083850 1080758   18.55454   42   48    2.90757   18.55454   538%   126 2043s
 1087425 1084047   15.90821   44   29    2.90757   18.55176   538%   126 2049s
 1090714 1087703   18.07003   43   58    2.90757   18.54956   538%   126 2055s
 1094370 1091093   17.79127   50   44    2.90757   18.54664   538%   126 2060s
 1097760 1094582   18.54448   41   44    2.90757   18.54475   538%   126 2065s
 1101249 1098220   15.41885   44   40    2.90757   18.54160   538%   126 2071s
 1104887 1101480   18.20922   45   48    2.90757   18.54014   538%   126 2077s
 1108147 1105280   18.53671   50   30    2.90757   18.53671   538%   126 2082s
 1111947 1108581   18.52171   51   42    2.90757   18.53475   537%   126 2087s
 1115248 1112176   17.67410   54   31    2.90757   18.53207   537%   126 2093s
 1118843 1115529   18.17965   43   44    2.90757   18.52816   537%   126 2098s
 1122196 1119413   12.94293   45   37    2.90757   18.52486   537%   126 2104s
 1126080 1122772   18.47701   54   31    2.90757   18.52334   537%   126 2109s
 1129439 1125850   17.84919   46   39    2.90757   18.52039   537%   126 2114s
 1132517 1129380   18.49503   45   45    2.90757   18.51718   537%   126 2119s
 1133605 1129380   17.20464   46   41    2.90757   18.51657   537%   126 2120s
 1136047 1132981   17.72978   31   45    2.90757   18.51483   537%   126 2125s
 1139648 1133012   15.25154   30   52    2.90757   18.51208   537%   126 2131s
H1139651 1133012                       2.9075745   18.51184   537%   126 2131s
 1139681 1133191   18.50487   41   55    2.90757   18.51157   537%   126 2138s
H1139683 1133191                       2.9082027   18.51157   537%   126 2138s
H1139841 1133110                       2.9564511   18.51157   526%   126 2138s
 1139860 1136640   18.45684   42   55    2.95645   18.51157   526%   126 2143s
 1143390 1140130   18.51018   43   43    2.95645   18.51018   526%   126 2149s
 1146880 1143516   18.49399   42   52    2.95645   18.50673   526%   126 2155s
 1150268 1147252   18.11586   45   41    2.95645   18.50439   526%   126 2160s
 1154004 1151019   17.68305   48   41    2.95645   18.50099   526%   126 2166s
 1157771 1154067   18.48122   50   34    2.95645   18.49667   526%   126 2171s
 1160819 1157810   18.13372   46   50    2.95645   18.49399   526%   126 2176s
 1164562 1161324   18.48120   47   38    2.95645   18.49249   525%   126 2182s
 1168076 1164721   17.75865   48   40    2.95645   18.48970   525%   126 2187s
 1171473 1168387   16.17139   52   39    2.95645   18.48782   525%   126 2193s
 1175139 1171719   17.46890   48   41    2.95645   18.48361   525%   126 2199s
 1178471 1175194   17.00085   49   40    2.95645   18.48120   525%   126 2204s
 1181946 1178615   17.55905   51   39    2.95645   18.48038   525%   126 2209s
 1185367 1182251   18.47744   44   38    2.95645   18.47744   525%   126 2215s
 1189003 1185723   17.96782   49   46    2.95645   18.47486   525%   126 2220s
 1192475 1188971   18.05068   45   48    2.95645   18.47229   525%   125 2226s
 1195723 1192585   18.45132   48   40    2.95645   18.47035   525%   125 2231s
 1199337 1196110   18.38409   42   43    2.95645   18.46859   525%   125 2237s
 1202862 1199555   17.96086   47   48    2.95645   18.46620   525%   125 2242s
 1206307 1203181   17.09014   46   46    2.95645   18.46315   525%   125 2248s
 1209933 1206516   16.80158   48   44    2.95645   18.46138   524%   125 2253s
 1213268 1210033   17.92828   46   38    2.95645   18.45923   524%   125 2258s
 1216785 1213851   16.27356   45   50    2.95645   18.45809   524%   125 2264s
 1220603 1216951   18.25840   43   48    2.95645   18.45400   524%   125 2269s
 1223703 1220389   15.93359   49   43    2.95645   18.45165   524%   125 2274s
 1227141 1223660   18.34890   47   43    2.95645   18.45056   524%   125 2280s
 1230414 1227120   18.05227   47   49    2.95645   18.44873   524%   125 2285s
 1233874 1230940   18.44175   44   36    2.95645   18.44780   524%   125 2291s
 1237694 1234363   17.04347   47   47    2.95645   18.44183   524%   125 2296s
 1241117 1237874   18.42670   49   42    2.95645   18.44019   524%   125 2302s
 1244628 1241617   18.37223   46   45    2.95645   18.43792   524%   125 2307s
 1248371 1245023   18.25345   46   46    2.95645   18.43702   524%   125 2313s
 1251777 1248767   18.43341   53   26    2.95645   18.43341   523%   125 2319s
 1255521 1252082   18.10898   48   35    2.95645   18.43113   523%   125 2324s
 1258838 1255649   16.59266   46   47    2.95645   18.42745   523%   125 2330s
 1262405 1259487   18.39878   45   46    2.95645   18.42595   523%   125 2335s
 1266243 1259519   18.42351   40   39    2.95645   18.42351   523%   125 2342s
H1266266 1259519                       2.9564583   18.42351   523%   125 2342s
H1266270 1259482                       2.9779208   18.42351   519%   125 2342s
 1266275 1262820   18.20901   41   51    2.97792   18.42351   519%   125 2348s
 1269613 1266177   18.42036   46   42    2.97792   18.42036   519%   125 2353s
 1272972 1269916   18.06212   48   41    2.97792   18.41966   519%   125 2358s
 1276711 1273526   18.28181   43   46    2.97792   18.41745   518%   125 2363s
 1280321 1276936   18.14794   46   44    2.97792   18.41527   518%   125 2369s
 1283731 1276968   18.40028   50   40    2.97792   18.41262   518%   125 2376s
H1283742 1276968                       2.9779819   18.41262   518%   125 2377s
H1283749 1276968                       2.9779936   18.41262   518%   125 2377s
H1283759 1276968                       2.9780227   18.41262   518%   125 2377s
H1283760 1276968                       2.9782268   18.41262   518%   125 2377s
 1283763 1278968   18.40216   50   41    2.97823   18.41262   518%   125 2384s
H1283909 1278968                       2.9784791   18.41262   518%   125 2384s
H1284942 1278968                       2.9787298   18.41177   518%   125 2384s
 1285763 1283940   18.09912   49   40    2.97873   18.41038   518%   125 2391s
 1290735 1287669   17.46795   50   44    2.97873   18.40874   518%   125 2397s
 1294466 1291521   13.43776   45   44    2.97873   18.40599   518%   125 2402s
 1298318 1295167   17.99700   49   47    2.97873   18.40253   518%   125 2408s
 1301964 1298981   17.14209   49   47    2.97873   18.40121   518%   125 2414s
 1305780 1302408   18.04510   50   38    2.97873   18.39769   518%   125 2419s
 1309207 1306069   17.75224   51   43    2.97873   18.39541   518%   125 2425s
 1312868 1309369   18.26199   52   40    2.97873   18.39308   517%   125 2430s
 1316168 1312964   18.29623   53   33    2.97873   18.39147   517%   125 2436s
 1319763 1316267   14.18231   37   43    2.97873   18.38878   517%   125 2441s
 1323066 1319848   18.34073   44   49    2.97873   18.38746   517%   125 2447s
 1326647 1323363   17.50228   49   39    2.97873   18.38520   517%   125 2452s
 1330162 1323395   18.38409   46   44    2.97873   18.38409   517%   125 2459s
H1330179 1323395                       2.9788555   18.38409   517%   125 2460s
H1330180 1323395                       2.9789473   18.38409   517%   125 2460s
H1330190 1323395                       2.9793999   18.38409   517%   125 2460s
 1330194 1326833   18.36145   47   46    2.97940   18.38409   517%   125 2466s
 1333632 1328767   17.63067   52   39    2.97940   18.38138   517%   125 2472s
 1335566 1332591   16.32642   58   34    2.97940   18.37978   517%   125 2478s
 1339390 1336282   17.94262   50   42    2.97940   18.37824   517%   125 2484s
 1343081 1339857   17.59588   42   52    2.97940   18.37672   517%   125 2489s
 1346658 1343200   18.03606   48   46    2.97940   18.37225   517%   125 2494s
 1350001 1346753   17.29345   50   38    2.97940   18.37013   517%   125 2499s
 1353554 1350319   18.22496   53   39    2.97940   18.36857   517%   125 2505s
 1357120 1353894   16.26092   42   52    2.97940   18.36604   516%   125 2510s
 1360695 1357472   18.04194   50   29    2.97940   18.36317   516%   125 2515s
 1364275 1360762   18.36099   45   48    2.97940   18.36099   516%   125 2520s
 1367565 1364285   17.19657   47   50    2.97940   18.35972   516%   125 2525s
 1371088 1367811   17.95977   50   29    2.97940   18.35709   516%   125 2531s
 1374614 1371455   15.85838   47   45    2.97940   18.35479   516%   125 2536s
 1378258 1374954   18.27899   48   44    2.97940   18.35290   516%   125 2542s
 1381757 1378505   18.35031   44   51    2.97940   18.35031   516%   125 2547s
 1385308 1382038   17.73922   47   46    2.97940   18.34807   516%   125 2552s
 1388841 1385638   18.08807   48   47    2.97940   18.34546   516%   125 2557s
 1392441 1389281   18.34361   43   43    2.97940   18.34361   516%   125 2561s
 1396084 1389313   18.34218   46   35    2.97940   18.34218   516%   125 2568s
H1396088 1389313                       2.9794108   18.34218   516%   125 2568s
 1396116 1392295   18.34024   47   42    2.97941   18.34218   516%   125 2574s
 1399098 1395747   18.31868   44   41    2.97941   18.33981   516%   125 2579s
 1402550 1399489   17.34557   44   56    2.97941   18.33981   516%   125 2584s
 1406292 1402699   18.25375   45   41    2.97941   18.33623   515%   125 2590s
 1413078 1409249   18.33245   44   41    2.97941   18.33245   515%   125 2600s
 1416052 1412776   18.33165   44   42    2.97941   18.33165   515%   125 2606s
 1419579 1416414   18.15952   47   41    2.97941   18.32683   515%   125 2611s
 1423217 1419716   18.19697   48   37    2.97941   18.32473   515%   125 2617s
 1426521 1423509   17.55756   51   43    2.97941   18.32228   515%   125 2622s
 1430314 1426745   17.92529   45   44    2.97941   18.32061   515%   125 2627s
 1433550 1430409   14.69679   47   46    2.97941   18.31875   515%   125 2632s
 1437216 1433698   18.29392   45   46    2.97941   18.31614   515%   125 2638s
 1440505 1437311   13.99575   47   43    2.97941   18.31570   515%   125 2643s
 1444118 1440687   15.84630   53   38    2.97941   18.31187   515%   125 2648s
 1447494 1444286   17.25044   49   45    2.97941   18.31164   515%   125 2654s
 1451095 1447824   17.78962   51   40    2.97941   18.30966   515%   125 2659s
 1454633 1450995   16.74142   46   54    2.97941   18.30665   514%   125 2665s
 1457804 1454806   18.21582   44   39    2.97941   18.30342   514%   125 2670s
H1461615 1454838                       2.9794685   18.30275   514%   125 2678s
H1461623 1454725                       3.0588053   18.30245   498%   125 2678s
H1461647 1456671                       3.0588054   18.30245   498%   125 2684s
H1462429 1456671                       3.0588061   18.30165   498%   125 2684s
H1462880 1456614                       3.0969493   18.30165   491%   125 2684s
 1463593 1459618   18.30067   50   40    3.09695   18.30098   491%   125 2691s
 1466597 1463888   18.28358   39   45    3.09695   18.29894   491%   125 2697s
 1470867 1467493   16.57112   50   44    3.09695   18.29717   491%   124 2703s
 1474472 1471411   16.83573   45   52    3.09695   18.29541   491%   124 2708s
 1478394 1474989   18.29384   47   41    3.09695   18.29384   491%   124 2714s
 1481974 1478591   18.27408   52   32    3.09695   18.29126   491%   124 2720s
 1485576 1481931   16.89738   42   54    3.09695   18.28954   491%   124 2725s
 1488916 1485537   18.28700   45   40    3.09695   18.28727   490%   124 2731s
 1492522 1489050   17.19225   46   49    3.09695   18.28507   490%   124 2737s
 1496035 1492699   16.23565   49   52    3.09695   18.28254   490%   124 2742s
 1499684 1496175   18.27766   47   42    3.09695   18.28089   490%   124 2748s
 1503160 1499511   17.97673   31   37    3.09695   18.27811   490%   124 2753s
 1506500 1502985   17.65140   46   46    3.09695   18.27643   490%   124 2759s
 1509974 1506261   17.78186   50   39    3.09695   18.27371   490%   124 2764s
 1513250 1509910   16.29224   49   48    3.09695   18.27255   490%   124 2770s
 1516899 1513370   18.05414   43   54    3.09695   18.27050   490%   124 2776s
 1520359 1516966   18.04910   48   44    3.09695   18.26797   490%   124 2782s
 1523955 1519782   18.04173   48   39    3.09695   18.26558   490%   124 2788s
 1526771 1519814   17.85651   49   36    3.09695   18.26340   490%   124 2797s
H1526787 1519814                       3.0969493   18.26279   490%   124 2797s
 1526803 1520006   17.80456   49   42    3.09695   18.26257   490%   124 2806s
H1526804 1519967                       3.1259239   18.26257   484%   124 2807s
H1526818 1519934                       3.1495302   18.26241   480%   124 2807s
H1526983 1519361                       3.5344002   18.26230   417%   124 2807s
 1526995 1524765   17.42851   42   44    3.53440   18.26226   417%   124 2816s
 1532401 1528938   18.04729   43   45    3.53440   18.26008   417%   124 2822s
 1536576 1532777   17.65304   44   50    3.53440   18.25851   417%   124 2828s
 1540415 1536797   18.20051   57   32    3.53440   18.25768   417%   124 2834s
 1544435 1540164   17.01081   49   42    3.53440   18.25384   416%   124 2841s
 1547802 1543917   14.52307   46   50    3.53440   18.25155   416%   124 2846s
 1551557 1547699   17.99638   44   52    3.53440   18.24957   416%   124 2852s
 1555339 1551091   17.81042   47   44    3.53440   18.24759   416%   124 2858s
 1558731 1555084   18.11991   46   53    3.53440   18.24482   416%   124 2864s
 1562726 1558450   17.78277   46   41    3.53440   18.24335   416%   124 2870s
 1566092 1560672   15.97828   50   42    3.53440   18.24086   416%   124 2876s
 1568314 1564530   17.94739   46   43    3.53440   18.23919   416%   124 2882s
 1572172 1568152   18.23767   46   41    3.53440   18.23767   416%   124 2888s
 1575794 1571804   17.82856   48   32    3.53440   18.23582   416%   124 2893s
 1579446 1575307   17.78269   43   49    3.53440   18.23354   416%   124 2900s
 1582949 1578993   18.16207   53   39    3.53440   18.23063   416%   124 2905s
 1586635 1582517   18.22874   43   44    3.53440   18.22874   416%   124 2911s
 1590159 1586155   17.99254   43   50    3.53440   18.22874   416%   124 2917s
 1593797 1589692   13.86357   50   38    3.53440   18.22647   416%   124 2922s
 1597334 1593225   16.48678   28   62    3.53440   18.22432   416%   124 2928s
 1600867 1596918   17.75129   47   45    3.53440   18.22264   416%   124 2934s
 1604560 1600549   17.63753   46   36    3.53440   18.21919   415%   124 2939s
 1608191 1603977   17.54959   49   46    3.53440   18.21793   415%   124 2945s
 1611619 1607486   17.32143   48   37    3.53440   18.21664   415%   124 2950s
 1615128 1610261   16.89557   47   40    3.53440   18.21418   415%   124 2956s
 1617903 1613856   17.68821   47   41    3.53440   18.21342   415%   124 2962s
 1621498 1617331   16.59544   49   43    3.53440   18.21163   415%   124 2967s
 1624973 1620812   17.92234   45   45    3.53440   18.20888   415%   124 2972s
 1628454 1624339   18.20835   42   45    3.53440   18.20835   415%   124 2978s
 1631983 1627848   18.20651   42   39    3.53440   18.20651   415%   124 2984s
 1635492 1631560   18.13023   48   44    3.53440   18.20362   415%   124 2989s
 1639204 1634935   17.96800   50   47    3.53440   18.20151   415%   124 2995s
 1642579 1638206   18.08037   50   46    3.53440   18.20044   415%   124 3000s
 1645852 1640308   18.19753   49   32    3.53440   18.19753   415%   124 3007s
H1647094 1640263                       3.5700294   18.19711   410%   124 3008s
 1647954 1643238   16.27525   50   45    3.57003   18.19656   410%   124 3014s
 1650929 1647338   18.11397   46   44    3.57003   18.19640   410%   124 3021s
 1655029 1651228   18.19359   43   47    3.57003   18.19359   410%   124 3027s
 1658919 1655093   18.00390   49   48    3.57003   18.19292   410%   124 3033s
 1662784 1658594   17.27768   46   44    3.57003   18.18970   410%   124 3038s
 1666285 1660779   18.18846   42   38    3.57003   18.18846   409%   124 3044s
 1668470 1664753   15.37508   46   54    3.57003   18.18691   409%   124 3050s
 1672444 1668472   17.04181   50   49    3.57003   18.18520   409%   124 3056s
 1676163 1672339   16.37242   47   50    3.57003   18.18306   409%   124 3062s
 1680030 1675931   18.15761   46   48    3.57003   18.18264   409%   124 3068s
 1683622 1679429   18.14140   41   54    3.57003   18.18032   409%   124 3073s
 1687120 1683071   17.65404   52   41    3.57003   18.17883   409%   124 3078s
H1690762 1683103                       3.5701006   18.17578   409%   124 3087s
H1690764 1683103                       3.5707529   18.17578   409%   124 3087s
H1690774 1683094                       3.5801824   18.17578   408%   124 3087s
 1690794 1686437   17.71560   45   44    3.58018   18.17578   408%   124 3093s
 1694137 1686469   16.73568   44   43    3.58018   18.17476   408%   124 3100s
H1694138 1686468                       3.5805720   18.17476   408%   124 3100s
H1694141 1686466                       3.5815140   18.17430   407%   124 3100s
H1694165 1686462                       3.5844154   18.17304   407%   124 3100s
 1694169 1689933   18.17296   40   38    3.58442   18.17296   407%   124 3106s
 1697640 1693507   16.69841   51   47    3.58442   18.17211   407%   124 3112s
 1701214 1697064   18.16821   44   54    3.58442   18.16999   407%   124 3118s
 1704771 1700594    8.98217   49   37    3.58442   18.16885   407%   124 3123s
 1708301 1704038   17.95891   42   42    3.58442   18.16774   407%   124 3129s
 1711745 1707421   16.87339   46   49    3.58442   18.16573   407%   124 3135s
 1715128 1711112   18.10688   50   26    3.58442   18.16373   407%   124 3141s
 1718819 1714262   18.15571   46   47    3.58442   18.16265   407%   124 3147s
 1721969 1717974   17.99644   43   43    3.58442   18.15994   407%   124 3153s
 1725681 1721699   16.90880   46   46    3.58442   18.15742   407%   124 3158s
 1729406 1725428   18.15491   45   39    3.58442   18.15491   406%   124 3164s
 1733135 1728803   17.26414   45   47    3.58442   18.15363   406%   124 3170s
 1736512 1732457   16.73055   48   55    3.58442   18.15237   406%   124 3176s
 1740166 1735867   16.45626   49   46    3.58442   18.15060   406%   124 3182s
 1743576 1739381   17.25788   40   52    3.58442   18.14900   406%   124 3188s
 1747090 1742945   16.85893   46   42    3.58442   18.14578   406%   124 3193s
 1750654 1745867   17.89461   43   51    3.58442   18.14418   406%   124 3200s
 1753578 1745899   17.84588   43   48    3.58442   18.14162   406%   124 3207s
H1753590 1745527                       3.8200417   18.14121   375%   124 3208s
H1753601 1745430                       3.9062768   18.14110   364%   124 3208s
 1753610 1749101   15.32181   43   48    3.90628   18.14102   364%   124 3214s
 1757281 1752783   17.74278   43   43    3.90628   18.13939   364%   124 3220s
 1760963 1756603   16.77174   49   49    3.90628   18.13837   364%   124 3226s
 1764783 1760040    9.11670   44   46    3.90628   18.13633   364%   124 3231s
 1768220 1763408   17.66684   60   24    3.90628   18.13396   364%   124 3237s
 1771588 1767026   17.18793   45   48    3.90628   18.13131   364%   124 3242s
 1775206 1770396   14.33375   52   42    3.90628   18.12941   364%   124 3248s
 1778576 1774139   17.35147   43   60    3.90628   18.12933   364%   124 3253s
 1782321 1777502   16.86498   54   42    3.90628   18.12726   364%   124 3259s
 1785684 1781177   18.12588   43   42    3.90628   18.12588   364%   124 3265s
 1789359 1784469   17.94962   50   49    3.90628   18.12511   364%   124 3271s
 1792653 1788344   16.97900   53   36    3.90628   18.12309   364%   124 3277s
 1796528 1791838   18.11200   41   53    3.90628   18.12155   364%   124 3282s
 1800022 1794151   17.47509   44   46    3.90628   18.12053   364%   124 3289s
 1802335 1797705   16.87735   48   45    3.90628   18.11887   364%   124 3295s
 1805889 1801180   17.16186   42   56    3.90628   18.11814   364%   124 3301s
 1809364 1804542   18.09642   47   48    3.90628   18.11641   364%   124 3306s
 1812726 1808093   17.68510   50   41    3.90628   18.11512   364%   124 3312s
 1816277 1811462   18.11217   42   39    3.90628   18.11217   364%   124 3318s
 1819646 1811494   18.08733   44   43    3.90628   18.11114   364%   124 3326s
H1819650 1811494                       3.9062769   18.11098   364%   124 3327s
H1819665 1811494                       3.9064729   18.11052   364%   124 3327s
H1819668 1811490                       3.9098307   18.11046   363%   124 3327s
 1819678 1814922   18.10238   44   50    3.90983   18.11030   363%   124 3332s
 1823110 1818362   17.17184   41   49    3.90983   18.10993   363%   124 3338s
 1826550 1821957   17.76673   44   42    3.90983   18.10850   363%   124 3344s
 1830147 1825634   14.25505   39   41    3.90983   18.10576   363%   124 3350s
 1833824 1829101   18.10415   43   43    3.90983   18.10415   363%   124 3356s
 1837291 1832914   17.97318   44   49    3.90983   18.10198   363%   124 3362s
 1841104 1836103   18.10119   44   40    3.90983   18.10119   363%   124 3367s
 1844293 1839572   18.09692   47   45    3.90983   18.09997   363%   124 3373s
 1847762 1843013   17.58978   47   47    3.90983   18.09704   363%   124 3379s
 1851203 1846588   18.09456   48   40    3.90983   18.09700   363%   124 3385s
 1854778 1849862   17.20188   46   44    3.90983   18.09601   363%   124 3390s
 1858052 1853233   16.07862   52   41    3.90983   18.09307   363%   124 3395s
 1861423 1856535   16.12700   35   35    3.90983   18.09093   363%   124 3401s
 1864725 1859998   17.93557   45   44    3.90983   18.08930   363%   124 3406s
 1868188 1863469   18.08649   49   44    3.90983   18.08659   363%   124 3412s
 1871659 1866106   16.93481   45   41    3.90983   18.08430   363%   124 3419s
 1874296 1870167   17.73816   41   44    3.90983   18.08369   363%   124 3425s
 1878357 1873999   17.20572   45   47    3.90983   18.08051   362%   124 3431s
 1882189 1877828   17.18157   54   35    3.90983   18.07862   362%   124 3437s
 1886018 1881485   16.34753   50   48    3.90983   18.07707   362%   124 3443s
 1889675 1881517   15.40637   51   39    3.90983   18.07564   362%   124 3451s
H1889681 1881517                       3.9098774   18.07564   362%   124 3452s
H1889685 1881516                       3.9104421   18.07564   362%   124 3452s
H1889695 1881514                       3.9134037   18.07564   362%   124 3452s
H1889702 1881446                       3.9364316   18.07564   359%   124 3452s
 1889707 1881478   17.62156   42   48    3.93643   18.07564   359%   124 3459s
H1889733 1881478                       3.9364316   18.07436   359%   124 3459s
H1889738 1881478                       3.9364316   18.07436   359%   124 3459s
 1889739 1881735   17.97841   51   36    3.93643   18.07436   359%   124 3467s
 1889996 1882007   18.07371   45   43    3.93643   18.07371   359%   124 3476s
H1890000 1882007                       3.9364319   18.07371   359%   124 3476s
H1890005 1882007                       3.9365111   18.07371   359%   124 3476s
 1890268 1886092   16.68427   46   47    3.93651   18.07371   359%   124 3483s
 1894353 1889756   17.55553   50   32    3.93651   18.07152   359%   124 3489s
 1898017 1893318   16.71750   50   39    3.93651   18.06960   359%   124 3495s
 1901579 1896630   17.37630   54   35    3.93651   18.06707   359%   124 3501s
 1904891 1900353   17.81912   52   37    3.93651   18.06675   359%   124 3507s
 1908614 1903809   17.71445   36   40    3.93651   18.06449   359%   124 3512s
 1912070 1907275   17.86541   49   44    3.93651   18.06346   359%   124 3518s
 1915536 1910843   17.87207   47   43    3.93651   18.06244   359%   124 3523s
 1919104 1914158   17.73643   45   48    3.93651   18.06011   359%   124 3528s
 1922419 1917735   18.05650   49   31    3.93651   18.05846   359%   124 3534s
 1925998 1921166   18.05653   44   45    3.93651   18.05653   359%   124 3540s
 1929431 1924568   17.89805   49   37    3.93651   18.05502   359%   124 3546s
 1932833 1928112   15.49630   44   44    3.93651   18.05417   359%   124 3552s
 1936377 1930135   18.05194   38   44    3.93651   18.05194   359%   124 3559s
H1937921 1930135                       3.9365112   18.05194   359%   124 3560s
 1938400 1932526   18.05194   39   50    3.93651   18.05194   359%   124 3567s
H1938515 1932522                       3.9415529   18.05194   358%   124 3567s
 1940791 1936752   16.75691   40   48    3.94155   18.05194   358%   124 3574s
 1945021 1936784   18.04795   52   40    3.94155   18.04802   358%   124 3583s
H1945032 1936722                       3.9931455   18.04802   352%   124 3583s
 1945053 1940231   17.84003   52   32    3.99315   18.04802   352%   124 3590s
 1948562 1944386   17.53632   47   43    3.99315   18.04640   352%   124 3596s
 1952717 1948428   16.78251   53   40    3.99315   18.04576   352%   124 3603s
 1956759 1952210   18.04311   43   47    3.99315   18.04311   352%   124 3608s
 1960541 1955818   16.57974   50   43    3.99315   18.04047   352%   124 3614s
 1964149 1955850   17.33384   49   40    3.99315   18.03916   352%   124 3621s
H1964152 1955850                       3.9931455   18.03904   352%   124 3621s
H1964181 1956013                       4.0079706   18.03819   350%   124 3628s
 1964352 1959862   17.85290   51   41    4.00797   18.03788   350%   124 3634s
 1968201 1963800   17.88442   49   40    4.00797   18.03680   350%   124 3641s
 1972139 1967700   17.01910   48   40    4.00797   18.03551   350%   124 3646s
 1976039 1971493   17.41385   47   57    4.00797   18.03457   350%   124 3652s
 1979832 1974838   17.59682   31   51    4.00797   18.03250   350%   124 3657s
 1983177 1978310   17.73075   50   38    4.00797   18.03119   350%   124 3663s
 1986652 1981893   17.00349   50   45    4.00797   18.02833   350%   124 3669s
 1990235 1985012   18.02780   43   49    4.00797   18.02780   350%   124 3675s
 1993354 1989223   16.76387   45   48    4.00797   18.02690   350%   124 3681s
 1997565 1992985   17.97509   48   43    4.00797   18.02499   350%   124 3687s
 2001327 1996352   17.67241   48   48    4.00797   18.02381   350%   124 3692s
 2004694 1999989   17.59053   50   38    4.00797   18.02180   350%   124 3698s
 2008331 2003347   18.02030   46   49    4.00797   18.02040   350%   124 3704s
 2011689 2007060   17.83663   51   34    4.00797   18.01922   350%   124 3710s
 2015402 2007092   16.34935   50   46    4.00797   18.01814   350%   124 3718s
 2015434 2007339   17.67572   48   45    4.00797   18.01734   350%   124 3725s
H2015490 2007334                       4.0101657   18.01734   349%   124 3726s
 2015681 2010875   15.92071   49   44    4.01017   18.01734   349%   124 3732s
 2019222 2014254   17.73166   47   39    4.01017   18.01547   349%   124 3738s
 2022601 2017963   17.77938   53   39    4.01017   18.01481   349%   124 3744s
 2026310 2021375   18.01202   46   27    4.01017   18.01202   349%   124 3750s
 2029724 2024637   16.40750   49   42    4.01017   18.01085   349%   124 3756s
 2032986 2028301   17.90683   41   51    4.01017   18.00763   349%   124 3763s
 2036650 2031751   17.46333   51   37    4.01017   18.00661   349%   124 3768s
 2040100 2035481   16.79528   48   43    4.01017   18.00494   349%   124 3774s
 2043830 2038457   17.95928   47   39    4.01017   18.00444   349%   124 3779s
 2046806 2042084   17.75467   46   45    4.01017   18.00161   349%   124 3785s
 2050433 2045583   11.65710   44   40    4.01017   17.99961   349%   124 3792s
 2053934 2049310   17.99838   45   35    4.01017   17.99838   349%   124 3796s
 2057661 2052842   17.45245   43   47    4.01017   17.99715   349%   124 3802s
 2061193 2056345   17.99582   41   40    4.01017   17.99582   349%   124 3808s
 2064696 2059596   17.80448   44   42    4.01017   17.99371   349%   124 3813s
 2067947 2063027   17.70061   46   48    4.01017   17.99261   349%   124 3819s
 2071378 2066560   17.73820   60   34    4.01017   17.99083   349%   124 3824s
 2074911 2069943   17.07723   52   35    4.01017   17.98888   349%   124 3830s
 2078294 2073347   15.08148   48   35    4.01017   17.98756   349%   124 3836s
 2081698 2077197   16.99925   43   48    4.01017   17.98607   349%   124 3842s
 2085548 2080175   15.03682   43   50    4.01017   17.98387   348%   124 3847s
 2088526 2083800   17.32690   47   48    4.01017   17.98251   348%   124 3852s
 2092151 2087080   16.53763   46   47    4.01017   17.98168   348%   124 3858s
 2095431 2090438   17.93577   42   48    4.01017   17.98002   348%   124 3863s
 2098789 2093905   17.97901   43   39    4.01017   17.97901   348%   124 3868s
 2102256 2097256   17.63332   44   41    4.01017   17.97740   348%   124 3874s
 2105607 2100845   17.97583   43   42    4.01017   17.97583   348%   124 3880s
 2109196 2103029   17.91269   46   42    4.01017   17.97415   348%   123 3887s
 2111380 2106531   17.97279   57   21    4.01017   17.97279   348%   123 3893s
 2114882 2110078   17.96891   50   43    4.01017   17.97226   348%   123 3899s
 2118429 2113630   17.59171   45   44    4.01017   17.97002   348%   123 3904s
 2121981 2117036   17.50782   45   44    4.01017   17.96777   348%   123 3910s
 2125387 2120886   17.96689   39   32    4.01017   17.96689   348%   124 3915s
 2129237 2124311   17.96689   41   37    4.01017   17.96689   348%   123 3921s
 2132662 2127836   17.83419   47   51    4.01017   17.96462   348%   123 3926s
 2136187 2131561   17.61195   47   48    4.01017   17.96274   348%   123 3932s
 2139914 2135025   16.99704   48   44    4.01017   17.95992   348%   123 3938s
H2143378 2135057                       4.0101657   17.95911   348%   123 3946s
 2143410 2166647   17.34520   44   38    4.01017   17.95792   348%   123 4005s
H2152215 2166647                       4.0102291   17.95784   348%   123 4006s
 2175002 2170052   17.74793   43   44    4.01023   17.94942   348%   123 4012s
 2178407 2173229   17.33606   44   46    4.01023   17.94853   348%   123 4018s
 2181584 2176888   17.84726   45   42    4.01023   17.94732   348%   123 4024s
 2185243 2180589   17.62996   48   47    4.01023   17.94473   347%   123 4030s
 2188945 2184392   16.49483   52   36    4.01023   17.94417   347%   123 4036s
 2192748 2188003   17.87481   48   38    4.01023   17.94313   347%   123 4042s
 2196359 2189951   17.63905   47   41    4.01023   17.94164   347%   123 4048s
 2198307 2193795   14.98874   45   39    4.01023   17.93875   347%   123 4055s
 2202151 2197786   16.18528   48   46    4.01023   17.93638   347%   123 4061s
 2206142 2201356   17.93562   43   34    4.01023   17.93562   347%   123 4067s
 2209712 2205029   16.72286   46   54    4.01023   17.93257   347%   123 4073s
 2213387 2208305   16.98923   49   43    4.01023   17.93086   347%   123 4079s
 2216663 2211703   13.39735   48   48    4.01023   17.92893   347%   123 4084s
 2220061 2215229   17.15589   48   48    4.01023   17.92792   347%   123 4089s
 2223587 2218717   17.75485   52   31    4.01023   17.92655   347%   123 4095s
 2227075 2222195   17.91830   43   53    4.01023   17.92462   347%   123 4101s
 2230555 2225735   17.75602   48   42    4.01023   17.92276   347%   123 4107s
 2234095 2229294   17.29361   48   38    4.01023   17.92105   347%   123 4112s
 2237656 2233067   17.28310   48   43    4.01023   17.92089   347%   123 4118s
 2241429 2236414   17.25331   50   46    4.01023   17.91851   347%   123 4123s
 2244776 2239890   17.90658   50   37    4.01023   17.91708   347%   123 4128s
 2248252 2243135   17.49629   51   41    4.01023   17.91530   347%   123 4134s
 2251497 2246525   17.74563   43   52    4.01023   17.91511   347%   123 4138s
 2254887 2250039   17.76399   46   41    4.01023   17.91264   347%   123 4144s
 2258401 2253640   17.91097   50   30    4.01023   17.91097   347%   123 4150s
 2262002 2256868   17.12376   53   37    4.01023   17.90936   347%   123 4156s
 2265230 2260381   15.03712   52   39    4.01023   17.90816   347%   123 4162s
 2268743 2263822   17.90250   50   45    4.01023   17.90670   347%   123 4168s
 2272184 2267566   14.02869   42   34    4.01023   17.90402   346%   123 4173s
 2275928 2270781   10.73028   43   45    4.01023   17.90285   346%   123 4179s
 2279143 2272830   15.96436   50   39    4.01023   17.90098   346%   123 4186s
 2281192 2276379   16.62228   49   53    4.01023   17.89947   346%   123 4192s
 2284741 2280036   17.69537   42   55    4.01023   17.89773   346%   123 4197s
 2288398 2283604   17.44370   42   54    4.01023   17.89773   346%   123 4203s
 2291968 2287398   17.89628   47   42    4.01023   17.89628   346%   123 4209s
 2295762 2291112   17.35663   52   41    4.01023   17.89298   346%   123 4215s
 2299476 2294407   17.19493   47   52    4.01023   17.89271   346%   123 4222s
 2302771 2298286   17.08459   53   37    4.01023   17.89093   346%   123 4227s
 2306650 2301795   16.30858   52   33    4.01023   17.88923   346%   123 4233s
 2310159 2305223   16.01618   51   35    4.01023   17.88724   346%   123 4238s
 2313587 2308905   17.88640   44   38    4.01023   17.88640   346%   123 4244s
 2317269 2312589   17.25710   46   40    4.01023   17.88403   346%   123 4250s
 2320953 2312621   17.62505   47   38    4.01023   17.88260   346%   123 4257s
 2320985 2312656   17.88248   39   41    4.01023   17.88248   346%   123 4264s
 2321020 2313028   17.88248   40   44    4.01023   17.88248   346%   123 4270s
H2321021 2313028                       4.0102291   17.88248   346%   123 4271s
 2321392 2316547   17.88248   41   44    4.01023   17.88248   346%   123 4277s
 2324913 2319877   17.73065   67   19    4.01023   17.88132   346%   123 4284s
 2328243 2323812   17.88062   48   39    4.01023   17.88062   346%   123 4290s
 2332178 2327351   16.53342   46   57    4.01023   17.87882   346%   123 4296s
 2335717 2331111   17.83875   50   41    4.01023   17.87689   346%   123 4302s
 2339477 2334444   17.87218   44   45    4.01023   17.87492   346%   123 4307s
 2342810 2337790   17.87454   47   42    4.01023   17.87454   346%   123 4312s
 2346156 2341045   14.99117   52   42    4.01023   17.87380   346%   123 4318s
 2349411 2344618   16.78022   42   55    4.01023   17.87218   346%   123 4324s
 2352984 2348008   17.87034   43   40    4.01023   17.87034   346%   123 4330s
 2356374 2351611   16.43211   44   51    4.01023   17.86906   346%   123 4335s
 2359979 2355005   16.71861   45   53    4.01023   17.86753   346%   123 4341s
 2363373 2358642   17.61128   46   36    4.01023   17.86676   346%   123 4347s
 2367010 2361915   17.61109   43   49    4.01023   17.86525   345%   123 4352s
 2370283 2365494   16.60947   49   41    4.01023   17.86433   345%   123 4358s
 2373864 2368656   17.86355   45   37    4.01023   17.86355   345%   123 4364s
 2377026 2372341   16.41596   48   42    4.01023   17.86112   345%   123 4370s
 2380711 2374570   17.15311   52   30    4.01023   17.85967   345%   123 4376s
 2382940 2378479   17.85924   43   48    4.01023   17.85924   345%   123 4382s
 2386849 2382090   15.68426   45   50    4.01023   17.85796   345%   123 4388s
 2390460 2385877   17.62976   43   53    4.01023   17.85658   345%   123 4393s
 2394247 2389385   17.77910   44   39    4.01023   17.85495   345%   123 4400s
 2397755 2393051   17.51264   47   47    4.01023   17.85270   345%   123 4405s
 2401421 2396602   16.72316   43   41    4.01023   17.85190   345%   123 4411s
 2404972 2400122   17.43952   48   43    4.01023   17.85013   345%   123 4416s
 2408493 2403600   17.69227   43   46    4.01023   17.85013   345%   123 4422s
 2411971 2407137   16.39891   45   42    4.01023   17.84698   345%   123 4427s
 2415508 2410720   17.79139   48   37    4.01023   17.84482   345%   123 4432s
 2419091 2414252   16.97190   47   46    4.01023   17.84347   345%   123 4437s
 2422623 2417635   16.81491   49   49    4.01023   17.84240   345%   123 4443s
 2426006 2421259   17.84083   40   43    4.01023   17.84083   345%   123 4449s
 2429630 2424695   17.21637   44   38    4.01023   17.83929   345%   123 4454s
 2433068 2424727   17.34904   44   43    4.01023   17.83779   345%   123 4462s
 2433100 2424759   17.83779   44   39    4.01023   17.83779   345%   123 4470s
 2433132 2424791   17.83779   45   44    4.01023   17.83779   345%   123 4477s
 2433164 2424823   17.58192   46   47    4.01023   17.83779   345%   123 4485s
 2433196 2424855   17.60000   47   40    4.01023   17.83675   345%   123 4494s
 2433228 2424887   17.80092   47   38    4.01023   17.83652   345%   123 4505s
 2433260 2424919   16.87796   52   38    4.01023   17.83633   345%   123 4515s
H2433291 2424919                       4.0102291   17.83632   345%   123 4517s
 2433292 2425099   17.08072   54   39    4.01023   17.83632   345%   123 4527s
 2433472 2425418   15.79713   49   40    4.01023   17.83607   345%   123 4534s
 2433791 2426155   17.19523   56   29    4.01023   17.83604   345%   123 4543s
 2434528 2428429   17.77973   47   49    4.01023   17.83596   345%   123 4552s
 2436802 2431301   15.71367   44   50    4.01023   17.83554   345%   123 4562s
 2439674 2436231   17.81302   48   48    4.01023   17.83517   345%   123 4572s
 2444606 2440202   15.94980   44   48    4.01023   17.83399   345%   123 4581s
 2448577 2444685   17.74860   39   47    4.01023   17.83254   345%   123 4588s
 2453060 2448950   17.82971   45   37    4.01023   17.82971   345%   123 4595s
 2457325 2452174   17.81936   39   49    4.01023   17.82705   345%   123 4602s
 2460549 2455291   17.77476   46   37    4.01023   17.82562   345%   123 4608s
 2463666 2459148   17.11429   46   48    4.01023   17.82351   344%   123 4614s
H2467175 2459148                       4.0102291   17.82294   344%   123 4615s
 2467523 2463113   17.56511   49   39    4.01023   17.82208   344%   123 4622s
 2471488 2465795   17.12551   45   47    4.01023   17.82164   344%   123 4629s
H2472814 2465795                       4.0102292   17.82106   344%   123 4630s
 2474170 2469649   17.81791   49   37    4.01023   17.82069   344%   123 4636s
 2478024 2473581   16.69638   44   60    4.01023   17.81980   344%   123 4642s
 2481956 2477165   17.23988   42   54    4.01023   17.81784   344%   123 4648s
 2485540 2480847   15.30607   49   54    4.01023   17.81573   344%   123 4654s
 2489222 2484264   16.81670   46   53    4.01023   17.81527   344%   123 4660s
 2492639 2486827   17.81371   45   44    4.01023   17.81371   344%   123 4666s
H2492738 2486827                       4.0102294   17.81371   344%   123 4667s
 2495202 2490822   10.41754   41   42    4.01023   17.81225   344%   123 4674s
 2499199 2494691   15.81063   60   32    4.01023   17.81082   344%   123 4680s
 2503068 2498345   17.06093   50   43    4.01023   17.80887   344%   123 4686s
 2506722 2502254   17.35364   46   45    4.01023   17.80704   344%   123 4692s
H2510631 2504655                       4.0102294   17.80538   344%   123 4700s
H2510829 2504655                       4.0102294   17.80538   344%   123 4700s
H2511787 2504655                       4.0102294   17.80461   344%   123 4700s
H2512854 2504655                       4.0102295   17.80447   344%   123 4700s
 2513032 2508277   16.76826   52   40    4.01023   17.80427   344%   123 4706s
H2516656 2510225                       4.0102295   17.80391   344%   123 4714s
H2517429 2510225                       4.0102295   17.80391   344%   123 4714s
 2518604 2513461   17.79854   42   52    4.01023   17.80391   344%   123 4720s
 2521842 2517374   17.45232   48   43    4.01023   17.80131   344%   123 4726s
 2525755 2520826   16.31161   50   48    4.01023   17.79925   344%   123 4732s
 2529207 2524348   17.79798   43   40    4.01023   17.79798   344%   123 4738s
 2532729 2527184   17.79678   51   32    4.01023   17.79678   344%   123 4744s
H2534120 2527184                       4.0102295   17.79678   344%   123 4745s
 2535565 2530728   17.79676   47   34    4.01023   17.79676   344%   123 4751s
 2539109 2534501   17.53059   49   38    4.01023   17.79432   344%   123 4757s
 2542882 2538061   15.99190   49   44    4.01023   17.79311   344%   123 4763s
 2546442 2541368   17.20952   46   42    4.01023   17.79103   344%   123 4769s
 2549749 2543827   16.91295   47   50    4.01023   17.78998   344%   123 4776s
H2549750 2543827                       4.0102295   17.78998   344%   123 4776s
H2549885 2543827                       4.0102295   17.78998   344%   123 4777s
 2552208 2548626   15.52379   49   44    4.01023   17.78909   344%   123 4784s
 2557007 2552802   17.75826   50   34    4.01023   17.78623   344%   123 4791s
 2561185 2556251   16.27651   49   38    4.01023   17.78490   343%   123 4797s
 2564634 2559953   17.19708   49   40    4.01023   17.78320   343%   123 4803s
 2568336 2564023   17.42354   50   37    4.01023   17.78072   343%   123 4809s
 2572406 2566340   15.62030   41   52    4.01023   17.78004   343%   123 4816s
H2572983 2566340                       4.0102295   17.78004   343%   123 4817s
 2574723 2569977   17.56353   52   37    4.01023   17.77898   343%   123 4823s
 2578360 2573478   17.71710   44   49    4.01023   17.77835   343%   123 4830s
H2580955 2573478                       4.0102299   17.77755   343%   123 4830s
 2581861 2577236   14.43820   51   38    4.01023   17.77670   343%   123 4836s
 2585619 2580700   17.22139   56   30    4.01023   17.77560   343%   123 4841s
 2589083 2583465   17.66616   48   48    4.01023   17.77496   343%   123 4847s
 2591850 2587049   15.55370   44   50    4.01023   17.77325   343%   123 4853s
 2595434 2590728   17.36405   49   39    4.01023   17.77293   343%   123 4858s
 2599113 2594172   17.62307   46   49    4.01023   17.77227   343%   123 4863s
H2602559 2596661                       4.0102299   17.77112   343%   123 4871s
H2604823 2596661                       4.0102299   17.76986   343%   123 4871s
H2604838 2596661                       4.0102299   17.76985   343%   123 4871s
 2605050 2600431   15.94939   48   42    4.01023   17.76966   343%   123 4877s
 2608820 2604108   17.76879   42   38    4.01023   17.76879   343%   123 4883s
 2612497 2607463   17.76745   50   33    4.01023   17.76745   343%   123 4890s
 2615852 2611234   17.54185   43   52    4.01023   17.76555   343%   123 4896s
 2619623 2614911   17.75670   45   39    4.01023   17.76438   343%   123 4902s
 2623300 2617495   15.64270   48   44    4.01023   17.76299   343%   123 4910s
 2625886 2621341   17.76295   45   47    4.01023   17.76295   343%   123 4916s
 2629734 2624698   17.60593   49   42    4.01023   17.75971   343%   123 4923s
 2633091 2628475   17.72902   49   43    4.01023   17.75878   343%   123 4929s
 2636868 2632048   15.05597   50   45    4.01023   17.75818   343%   123 4935s
 2640441 2635600   17.57149   47   48    4.01023   17.75683   343%   123 4941s
 2643993 2638635   17.75557   54   27    4.01023   17.75557   343%   123 4948s
 2647028 2642451   17.63836   42   54    4.01023   17.75438   343%   123 4955s
 2650844 2646339   16.99345   44   46    4.01023   17.75342   343%   123 4961s
 2654732 2650020   17.06825   43   51    4.01023   17.75150   343%   123 4967s
 2658413 2653791   17.64886   49   38    4.01023   17.75076   343%   123 4973s
 2662184 2657467   17.31046   56   32    4.01023   17.74880   343%   123 4979s
 2665860 2660834   17.17751   42   50    4.01023   17.74810   343%   123 4985s
 2669227 2664112   17.70893   44   41    4.01023   17.74681   343%   123 4990s
 2672505 2667710   17.65132   47   42    4.01023   17.74518   342%   123 4997s
 2676103 2671500   17.27554   48   42    4.01023   17.74410   342%   123 5002s
 2679893 2674858   15.07631   49   50    4.01023   17.74287   342%   123 5008s
 2683251 2678283   17.74173   46   36    4.01023   17.74173   342%   123 5013s
 2686676 2681547   17.72338   47   42    4.01023   17.74086   342%   123 5019s
 2689940 2684916   17.27541   44   36    4.01023   17.73938   342%   123 5025s
 2693309 2687286   17.03267   44   45    4.01023   17.73889   342%   123 5032s
 2695679 2691031   17.36736   45   52    4.01023   17.73729   342%   123 5038s
 2699424 2694697   16.81452   46   46    4.01023   17.73490   342%   123 5044s
 2703090 2698375   17.73360   47   38    4.01023   17.73360   342%   123 5050s
 2706768 2702064   17.34821   51   36    4.01023   17.73279   342%   123 5057s
 2710457 2705530   17.59238   39   46    4.01023   17.73048   342%   123 5062s
 2713923 2709063   17.72969   48   38    4.01023   17.72969   342%   123 5067s
 2717460 2712272   17.08622   51   37    4.01023   17.72939   342%   123 5073s
 2720669 2715854   16.74339   44   50    4.01023   17.72776   342%   123 5079s
 2724251 2719198   17.15113   45   44    4.01023   17.72612   342%   123 5085s
 2727595 2722744   17.55720   43   51    4.01023   17.72531   342%   123 5091s
 2731141 2726269   17.72380   47   32    4.01023   17.72380   342%   123 5097s
 2734666 2727648   15.11195   40   54    4.01023   17.72276   342%   123 5104s
H2734932 2727648                       4.0102299   17.72276   342%   123 5105s
H2735337 2727648                       4.0102302   17.72274   342%   123 5105s
 2736045 2730882   17.08896   47   44    4.01023   17.72274   342%   123 5112s
 2739279 2733719   15.35273   47   42    4.01023   17.72196   342%   123 5119s
H2739426 2733719                       4.0102302   17.72196   342%   123 5119s
H2740496 2733719                       4.0102302   17.72151   342%   123 5119s
 2742116 2736461   17.32221   48   46    4.01023   17.72095   342%   123 5128s
H2742436 2736461                       4.0102302   17.72084   342%   123 5128s
 2744858 2739609   17.18580   48   43    4.01023   17.71973   342%   123 5137s
H2745662 2739609                       4.0102302   17.71934   342%   123 5137s
H2746483 2739609                       4.0102304   17.71921   342%   123 5137s
 2748006 2742594   17.66931   52   28    4.01023   17.71886   342%   123 5145s
H2749943 2742594                       4.0102304   17.71855   342%   123 5145s
 2750991 2745837   17.71855   52   37    4.01023   17.71855   342%   123 5154s
H2751589 2745837                       4.0102304   17.71773   342%   123 5154s
H2753578 2745837                       4.0102304   17.71707   342%   123 5154s
 2754234 2750545   17.65785   43   49    4.01023   17.71707   342%   123 5162s
 2758942 2753834   14.71315   52   44    4.01023   17.71528   342%   123 5169s
H2759665 2753834                       4.0102304   17.71528   342%   123 5169s
 2762231 2758040   14.88262   46   37    4.01023   17.71427   342%   123 5177s
 2766437 2761656   17.71252   45   32    4.01023   17.71255   342%   123 5183s
 2770053 2765004   17.55511   47   43    4.01023   17.71146   342%   123 5188s
 2773401 2768481   16.49166   48   45    4.01023   17.70982   342%   123 5194s
 2776878 2770639   16.55500   43   49    4.01023   17.70858   342%   123 5200s
 2779036 2774054   16.46452   51   39    4.01023   17.70760   342%   123 5206s
 2782451 2778015   17.70373   43   49    4.01023   17.70746   342%   123 5213s
 2786412 2781718   17.42649   46   42    4.01023   17.70461   341%   123 5218s
 2790115 2785046   17.65684   47   49    4.01023   17.70396   341%   123 5225s
 2793443 2788789   17.02622   45   50    4.01023   17.70229   341%   123 5231s
 2797186 2792066   17.67483   48   47    4.01023   17.70155   341%   123 5237s
 2800463 2795852   17.70082   41   40    4.01023   17.70082   341%   123 5243s
 2804249 2799498   13.18065   45   44    4.01023   17.69796   341%   123 5248s
 2807895 2802749   17.69668   40   44    4.01023   17.69668   341%   123 5254s
 2811146 2806284   17.69668   43   52    4.01023   17.69668   341%   123 5260s
 2814681 2809774   15.17999   54   35    4.01023   17.69427   341%   123 5266s
 2818171 2813228   16.34462   57   32    4.01023   17.69374   341%   123 5272s
 2821625 2815399   17.42709   48   42    4.01023   17.69273   341%   123 5278s
 2823796 2819354   17.67911   46   47    4.01023   17.69076   341%   123 5285s
 2827751 2823092   17.69007   45   38    4.01023   17.69007   341%   123 5291s
 2831489 2826391   17.05604   40   55    4.01023   17.68880   341%   123 5296s
 2834788 2829827   15.46660   44   50    4.01023   17.68823   341%   123 5301s
 2838224 2833329   16.65944   46   40    4.01023   17.68693   341%   123 5306s
 2841726 2836940   17.37988   47   44    4.01023   17.68525   341%   123 5312s
 2845337 2840478   17.68399   55   30    4.01023   17.68399   341%   123 5318s
 2848875 2843811   17.20125   47   39    4.01023   17.68321   341%   123 5323s
 2852208 2847128   17.41281   49   36    4.01023   17.68193   341%   123 5328s
 2855525 2850746   17.02278   49   44    4.01023   17.68078   341%   123 5334s
 2859143 2854478   16.03328   47   53    4.01023   17.67993   341%   123 5340s
 2862875 2857764   17.66494   41   42    4.01023   17.67868   341%   123 5346s
 2866163 2861277   17.25786   52   39    4.01023   17.67714   341%   123 5352s
 2869676 2864655   17.62477   53   27    4.01023   17.67537   341%   123 5358s
 2873054 2868247   17.63636   53   36    4.01023   17.67471   341%   123 5363s
 2876646 2871298   17.67276   42   50    4.01023   17.67276   341%   123 5369s
 2879697 2874807   17.08710   45   45    4.01023   17.67173   341%   123 5375s
 2883206 2878272   17.56157   55   26    4.01023   17.67098   341%   123 5381s
 2886671 2881712   15.83564   47   55    4.01023   17.67029   341%   123 5388s
 2890111 2885468   16.42863   47   44    4.01023   17.66892   341%   123 5393s
 2893867 2888627   17.29760   49   43    4.01023   17.66738   341%   123 5399s
 2897026 2892106   16.69941   55   40    4.01023   17.66576   341%   123 5404s
 2900507 2895426   16.86768   49   46    4.01023   17.66471   340%   123 5410s
 2903827 2898893   16.60619   47   44    4.01023   17.66399   340%   123 5416s
 2907294 2902378   16.20783   48   42    4.01023   17.66228   340%   123 5422s
 2910779 2905678   16.11394   44   39    4.01023   17.66130   340%   123 5428s
 2914079 2909047   17.40161   53   36    4.01023   17.66078   340%   123 5434s
 2917448 2912634   16.89153   50   47    4.01023   17.65882   340%   123 5439s
 2921035 2915875   17.35557   46   46    4.01023   17.65774   340%   123 5446s
 2924276 2919576   17.65634   42   39    4.01023   17.65634   340%   123 5452s
 2927977 2923398   14.38152   45   49    4.01023   17.65445   340%   123 5459s
 2931799 2925716   16.95359   46   45    4.01023   17.65342   340%   123 5465s
 2934117 2929402   15.99983   50   47    4.01023   17.65192   340%   123 5471s
 2937805 2933235   17.39310   53   41    4.01023   17.65093   340%   123 5476s
 2941638 2937021   17.64918   50   44    4.01023   17.64990   340%   123 5483s
 2945424 2940590   17.62476   47   46    4.01023   17.64869   340%   123 5489s
 2948993 2944264   17.55577   44   53    4.01023   17.64677   340%   123 5494s
 2952667 2947748   15.99130   45   53    4.01023   17.64677   340%   123 5500s
 2956151 2951438   17.62359   51   31    4.01023   17.64505   340%   123 5505s
 2959841 2954849   16.51916   44   51    4.01023   17.64423   340%   123 5511s
 2963252 2958610   10.90071   44   49    4.01023   17.64266   340%   123 5517s
 2967013 2962080   16.36976   40   46    4.01023   17.64225   340%   123 5522s
 2970483 2963887   17.05057   45   42    4.01023   17.64138   340%   123 5529s
H2970946 2963887                       4.0102304   17.64099   340%   123 5530s
H2971046 2963887                       4.0102304   17.64099   340%   123 5530s
H2971130 2963887                       4.0102304   17.64099   340%   123 5531s
 2972290 2965533   17.64099   45   45    4.01023   17.64099   340%   123 5538s
H2973792 2965533                       4.0102306   17.64059   340%   123 5538s
 2973936 2968028   17.59766   42   43    4.01023   17.64059   340%   123 5546s
 2976431 2970294   16.81108   47   43    4.01023   17.63927   340%   123 5554s
 2978697 2972881   15.23866   45   50    4.01023   17.63830   340%   123 5563s
 2981284 2975586   16.88577   48   46    4.01023   17.63707   340%   123 5574s
 2983989 2978344   17.63577   40   41    4.01023   17.63577   340%   123 5580s
 2986747 2982807   17.60975   41   53    4.01023   17.63483   340%   123 5587s
 2991210 2986722   17.52663   46   40    4.01023   17.63283   340%   123 5594s
 2995125 2990463   16.52917   41   50    4.01023   17.63131   340%   123 5600s
 2998866 2994159   16.55632   50   50    4.01023   17.63059   340%   123 5606s
 3002564 2997707   16.53795   43   50    4.01023   17.62955   340%   123 5612s
 3006112 3001213   17.51465   46   42    4.01023   17.62740   340%   123 5618s
 3009618 3004447   15.27344   48   54    4.01023   17.62603   340%   123 5624s
 3012852 3008058   16.59853   53   35    4.01023   17.62490   339%   123 5630s
 3016463 3011387   16.76732   47   49    4.01023   17.62344   339%   123 5636s
 3019794 3014732   16.43123   55   30    4.01023   17.62260   339%   123 5642s
 3023139 3018412   15.48507   44   56    4.01023   17.62068   339%   123 5648s
 3026819 3021346   17.51917   50   43    4.01023   17.61991   339%   123 5654s
 3029753 3025079   16.68047   50   38    4.01023   17.61856   339%   123 5660s
 3033486 3028677   16.52119   44   56    4.01023   17.61664   339%   123 5666s
 3037084 3032263   17.54191   44   42    4.01023   17.61620   339%   123 5672s
 3040670 3035954   17.61253   42   46    4.01023   17.61392   339%   123 5678s
 3044361 3039553   17.57581   48   36    4.01023   17.61340   339%   123 5684s
 3047962 3042917   17.11936   44   53    4.01023   17.61213   339%   123 5690s
 3051326 3046264   17.60908   43   50    4.01023   17.61175   339%   123 5695s
 3054673 3049816   17.61094   46   40    4.01023   17.61094   339%   123 5700s
 3058225 3053182   17.32517   49   35    4.01023   17.60850   339%   123 5706s
 3061591 3056704   15.72338   45   43    4.01023   17.60801   339%   123 5712s
 3065113 3058993   17.60617   49   35    4.01023   17.60617   339%   123 5718s
 3067402 3062693   17.60588   48   41    4.01023   17.60588   339%   123 5725s
 3071102 3066614   17.60378   40   56    4.01023   17.60400   339%   123 5731s
 3075023 3070039   16.18233   46   54    4.01023   17.60330   339%   123 5737s
 3078448 3073638   17.56029   47   43    4.01023   17.60171   339%   123 5743s
 3082048 3077255   16.38934   46   45    4.01023   17.60005   339%   123 5750s
 3085665 3080832   17.11689   50   39    4.01023   17.59891   339%   123 5755s
 3089242 3084325   17.14007   52   39    4.01023   17.59812   339%   123 5761s
 3092735 3087791   10.80086   44   41    4.01023   17.59624   339%   123 5767s
 3096201 3091504   17.29696   47   49    4.01023   17.59587   339%   123 5773s
 3099914 3094864   14.18020   46   48    4.01023   17.59423   339%   123 5779s
 3103274 3098299   17.57866   46   47    4.01023   17.59364   339%   123 5785s
 3106709 3101918   17.59284   44   39    4.01023   17.59284   339%   123 5791s
 3110328 3105267   16.79527   46   44    4.01023   17.59218   339%   123 5796s
 3113681 3108870   17.46217   44   46    4.01023   17.58997   339%   123 5802s
 3117284 3112045   16.22577   44   57    4.01023   17.58958   339%   123 5808s
 3120459 3115464   17.58682   51   41    4.01023   17.58830   339%   123 5814s
 3123878 3118611   16.68528   49   42    4.01023   17.58624   339%   123 5820s
 3127026 3122410   15.99657   55   27    4.01023   17.58465   338%   123 5826s
 3130825 3126144   17.13139   45   51    4.01023   17.58399   338%   123 5832s
 3134559 3129103   17.58307   46   49    4.01023   17.58307   338%   123 5838s
 3137518 3132594   17.31798   54   32    4.01023   17.58239   338%   123 5844s
 3141011 3136134   15.53762   51   42    4.01023   17.58064   338%   123 5850s
 3144551 3139726   17.57979   46   38    4.01023   17.57979   338%   123 5856s
 3148143 3142789   17.26506   46   51    4.01023   17.57861   338%   123 5862s
 3151206 3146497   17.11672   49   44    4.01023   17.57753   338%   123 5868s
 3154914 3149958   17.34138   46   34    4.01023   17.57586   338%   123 5874s
 3158375 3153594   17.56474   46   40    4.01023   17.57516   338%   123 5879s
 3162011 3157296   17.51524   45   41    4.01023   17.57482   338%   123 5885s
 3165713 3160587   17.57398   42   51    4.01023   17.57398   338%   123 5890s
 3169004 3164098   10.87041   46   45    4.01023   17.57203   338%   123 5897s
 3172515 3167538   17.46816   47   35    4.01023   17.57190   338%   123 5903s
 3175955 3171380   17.52204   48   41    4.01023   17.57133   338%   123 5909s
 3179797 3174792   17.49667   42   49    4.01023   17.56971   338%   123 5914s
 3183209 3178476   17.39960   50   43    4.01023   17.56875   338%   123 5920s
 3186893 3181821   17.16238   42   44    4.01023   17.56717   338%   123 5926s
 3190238 3185240   17.44365   44   40    4.01023   17.56643   338%   123 5932s
 3193657 3188879   17.56506   53   18    4.01023   17.56506   338%   123 5938s
 3197296 3191663   17.56254   47   47    4.01023   17.56477   338%   123 5944s
 3200080 3195191   16.17824   50   48    4.01023   17.56342   338%   123 5950s
 3203608 3198623   16.58176   42   54    4.01023   17.56305   338%   123 5955s
 3207040 3202401   12.29776   49   44    4.01023   17.56147   338%   123 5961s
 3210818 3205803   17.51344   44   47    4.01023   17.56048   338%   123 5967s
 3214221 3209336   17.55954   42   43    4.01023   17.55954   338%   123 5972s
 3217754 3212883   17.55745   41   50    4.01023   17.55874   338%   123 5977s
 3221302 3216314   15.20998   50   45    4.01023   17.55758   338%   123 5983s
 3224733 3219986   17.29979   46   49    4.01023   17.55693   338%   123 5989s
 3228405 3222257   16.98359   48   46    4.01023   17.55584   338%   123 5995s
 3230677 3225767   15.98650   42   57    4.01023   17.55532   338%   123 6001s
 3234187 3229365   17.42553   48   40    4.01023   17.55400   338%   123 6007s
 3237785 3229397   15.67851   48   52    4.01023   17.55241   338%   123 6014s
 3237817 3229462   17.44483   40   37    4.01023   17.55181   338%   123 6021s
 3237882 3229641   17.55181   42   34    4.01023   17.55181   338%   123 6028s
 3238061 3230197   17.55181   43   36    4.01023   17.55181   338%   123 6035s
 3238617 3231222   16.53222   44   46    4.01023   17.55181   338%   123 6047s
 3239642 3233881   17.47311   45   39    4.01023   17.55181   338%   123 6058s
 3242301 3238696   17.55010   44   45    4.01023   17.55145   338%   123 6067s
 3247116 3243371   17.55018   46   44    4.01023   17.55018   338%   123 6076s
 3251793 3247805   16.06364   46   42    4.01023   17.54782   338%   123 6083s
 3256227 3251935   17.42237   52   40    4.01023   17.54584   338%   123 6090s
 3260357 3255427   17.54469   47   33    4.01023   17.54469   337%   123 6097s
 3263849 3258848   16.70134   53   38    4.01023   17.54411   337%   123 6103s
 3267270 3262737   17.54364   40   38    4.01023   17.54364   337%   123 6109s
 3271159 3266400   17.25786   54   36    4.01023   17.54206   337%   123 6115s
 3274822 3269836   17.53118   51   37    4.01023   17.54142   337%   123 6121s
 3278258 3273359   16.66905   52   39    4.01023   17.54047   337%   123 6126s
 3281781 3277070   17.30722   47   50    4.01023   17.53895   337%   123 6132s
 3285492 3279469   16.96132   48   35    4.01023   17.53851   337%   123 6139s
 3287891 3283266   17.53739   49   47    4.01023   17.53739   337%   123 6145s
 3291688 3287039   17.51070   49   36    4.01023   17.53632   337%   123 6151s
 3295461 3290321   17.46444   49   46    4.01023   17.53526   337%   123 6157s
 3298743 3293826   17.53079   47   44    4.01023   17.53462   337%   123 6162s
 3302248 3297193   17.52520   44   55    4.01023   17.53373   337%   123 6167s
 3305616 3300535   16.30258   47   56    4.01023   17.53222   337%   123 6172s
 3308958 3304086   17.12389   41   51    4.01023   17.53136   337%   123 6178s
 3312509 3307470   17.43159   45   48    4.01023   17.53083   337%   123 6184s
 3315893 3311063   16.72773   54   41    4.01023   17.52896   337%   123 6190s
 3319486 3314725   17.48881   43   46    4.01023   17.52834   337%   123 6196s
 3323148 3318385   16.53597   43   47    4.01023   17.52811   337%   123 6202s
 3326808 3321910   17.52708   48   24    4.01023   17.52708   337%   123 6207s
 3330333 3325172   15.80912   53   44    4.01023   17.52604   337%   123 6213s
 3333595 3328794   15.47425   50   43    4.01023   17.52537   337%   123 6219s
 3337217 3332185   16.22944   50   42    4.01023   17.52426   337%   123 6224s
 3340608 3334461   16.40769   49   44    4.01023   17.52290   337%   123 6230s
 3342884 3338140   17.52234   43   38    4.01023   17.52234   337%   123 6237s
 3346563 3341876   17.41262   43   52    4.01023   17.52108   337%   123 6243s
 3350299 3345588   14.68532   52   40    4.01023   17.51924   337%   123 6249s
 3354011 3349332   17.49423   45   48    4.01023   17.51844   337%   123 6256s
 3357757 3352659   17.48947   44   44    4.01023   17.51815   337%   123 6261s
 3361084 3356037   16.91677   48   47    4.01023   17.51617   337%   123 6267s
 3364463 3359559   16.49299   52   41    4.01023   17.51526   337%   123 6272s
 3367985 3362870   17.42157   42   51    4.01023   17.51407   337%   123 6278s
 3371296 3366298   15.97888   49   38    4.01023   17.51334   337%   123 6284s
 3374724 3369884   16.75511   46   41    4.01023   17.51209   337%   123 6290s
 3378310 3373296   15.66900   55   43    4.01023   17.51101   337%   123 6295s
 3381722 3376881   16.67081   46   39    4.01023   17.50999   337%   123 6301s
 3385309 3380391   15.74152   47   50    4.01023   17.50887   337%   123 6307s
 3388819 3384002   17.45284   49   45    4.01023   17.50844   337%   123 6313s
 3392430 3387289   17.24365   50   36    4.01023   17.50686   337%   123 6319s
 3395717 3390817   10.03102   48   37    4.01023   17.50526   337%   123 6325s
 3399245 3394332   17.50345   45   36    4.01023   17.50345   336%   123 6331s
 3402760 3397951   17.50299   43   38    4.01023   17.50299   336%   123 6337s
 3406379 3401270   16.79022   48   47    4.01023   17.50149   336%   123 6343s
 3409698 3404760   17.00923   57   26    4.01023   17.50123   336%   123 6348s
 3413189 3408104   16.69561   45   48    4.01023   17.50100   336%   123 6355s
 3416533 3411836   17.15962   51   34    4.01023   17.49865   336%   123 6361s
 3420265 3415183   14.90422   49   48    4.01023   17.49787   336%   123 6366s
 3423612 3418859   17.49717   58   24    4.01023   17.49717   336%   123 6372s
 3427288 3422326   16.11885   50   40    4.01023   17.49638   336%   123 6377s
 3430755 3425244   17.49470   45   31    4.01023   17.49470   336%   123 6383s
 3433673 3428782   17.49470   49   36    4.01023   17.49470   336%   123 6388s
 3437213 3432111   17.20747   48   45    4.01023   17.49296   336%   123 6394s
 3440542 3435716   17.42656   49   45    4.01023   17.49140   336%   123 6400s
 3444147 3439152   15.40045   46   44    4.01023   17.49074   336%   123 6406s
 3447583 3442780   16.78544   54   34    4.01023   17.48948   336%   123 6412s
 3451211 3446005   15.66937   45   42    4.01023   17.48837   336%   123 6417s
 3454436 3449445   17.48742   44   34    4.01023   17.48742   336%   123 6423s
 3457876 3451798   16.63769   52   37    4.01023   17.48601   336%   123 6429s
 3458913 3451798   16.70119   45   49    4.01023   17.48565   336%   123 6430s
 3460229 3455516   17.36983   42   48    4.01023   17.48516   336%   123 6436s
 3463947 3459118   16.75551   45   45    4.01023   17.48387   336%   123 6442s
 3467549 3462925   14.82026   52   41    4.01023   17.48209   336%   123 6447s
 3471356 3466479   17.48159   41   40    4.01023   17.48159   336%   123 6453s
 3474910 3470083   16.45226   48   42    4.01023   17.48007   336%   123 6459s
 3478514 3473718   17.06560   47   48    4.01023   17.47942   336%   123 6465s
 3482149 3477081   16.83302   44   35    4.01023   17.47756   336%   123 6471s
 3485512 3480444    8.48349   50   45    4.01023   17.47623   336%   123 6476s
 3488875 3483755   17.41651   51   42    4.01023   17.47550   336%   123 6482s
 3492186 3487401   14.94429   46   36    4.01023   17.47440   336%   123 6488s
 3495832 3490953   16.75495   49   42    4.01023   17.47294   336%   123 6493s
 3499384 3494422   16.33523   42   42    4.01023   17.47202   336%   123 6499s
 3502853 3497963   17.47060   46   43    4.01023   17.47060   336%   123 6505s
 3506394 3500921   16.57534   50   33    4.01023   17.46938   336%   123 6511s
 3509352 3504492   17.17099   47   48    4.01023   17.46815   336%   123 6517s
 3512923 3508052   17.07138   46   44    4.01023   17.46759   336%   123 6523s
 3516483 3511623   17.02823   44   42    4.01023   17.46665   336%   123 6528s
 3520054 3514995   17.20088   52   37    4.01023   17.46612   336%   123 6534s
 3523428 3518633   17.25502   49   39    4.01023   17.46477   336%   123 6540s
 3527066 3521866   17.01596   46   46    4.01023   17.46429   335%   123 6545s
 3530299 3525320   15.89935   48   48    4.01023   17.46237   335%   123 6550s
 3533753 3528956   17.44986   50   35    4.01023   17.46157   335%   123 6556s
 3537389 3532131   14.91680   46   47    4.01023   17.46048   335%   123 6562s
 3540564 3535805   15.36422   46   52    4.01023   17.45975   335%   123 6568s
 3544238 3538988   17.12725   49   36    4.01023   17.45848   335%   123 6574s
 3547421 3542701   17.43466   49   40    4.01023   17.45781   335%   123 6579s
 3551134 3546236   17.45673   46   38    4.01023   17.45673   335%   123 6584s
 3554669 3549661   17.40818   43   52    4.01023   17.45603   335%   123 6590s
 3558094 3551985   16.94231   46   42    4.01023   17.45489   335%   123 6596s
 3560418 3555680   16.77713   48   39    4.01023   17.45395   335%   123 6602s
 3564113 3559397   17.36888   49   41    4.01023   17.45256   335%   123 6608s
 3567830 3562991   17.42303   46   40    4.01023   17.45188   335%   123 6614s
 3571425 3566579   15.38472   50   39    4.01023   17.45034   335%   123 6620s
 3575013 3570116   16.59819   43   43    4.01023   17.44894   335%   123 6626s
 3578551 3573632   15.63285   52   45    4.01023   17.44803   335%   123 6632s
 3582067 3577057   15.69630   51   49    4.01023   17.44766   335%   123 6638s
 3585492 3580482   16.83609   49   45    4.01023   17.44574   335%   123 6644s
 3588917 3583911   15.92162   46   45    4.01023   17.44409   335%   123 6649s
 3592346 3587431   16.69057   49   44    4.01023   17.44280   335%   123 6656s
 3595866 3590930   16.47461   48   45    4.01023   17.44173   335%   123 6661s
 3599365 3594393   17.14450   43   43    4.01023   17.44085   335%   123 6667s
 3602828 3597901   17.30048   46   43    4.01023   17.44029   335%   123 6673s
 3606336 3601183   17.35140   45   44    4.01023   17.44014   335%   123 6679s
 3609618 3604838   17.25058   49   41    4.01023   17.43751   335%   123 6685s
 3613273 3608423   17.11101   46   43    4.01023   17.43651   335%   123 6691s
 3616860 3611935   14.61112   51   44    4.01023   17.43537   335%   123 6696s
 3620372 3615564   16.50181   44   46    4.01023   17.43490   335%   123 6702s
 3624001 3618909   15.34838   48   46    4.01023   17.43366   335%   123 6707s
 3627346 3622214   16.12057   55   36    4.01023   17.43246   335%   123 6713s
 3630651 3625795   16.76300   40   51    4.01023   17.43096   335%   123 6719s
 3634232 3628159   17.42989   49   25    4.01023   17.42989   335%   123 6726s
 3636596 3633134   17.39853   49   43    4.01023   17.42895   335%   123 6734s
 3641571 3637016   16.72968   47   53    4.01023   17.42835   335%   123 6741s
 3645453 3640954   17.42623   51   39    4.01023   17.42623   335%   123 6747s
 3649391 3644768   17.03471   42   49    4.01023   17.42532   335%   123 6753s
 3653205 3648557   16.46598   44   46    4.01023   17.42412   334%   123 6759s
 3656994 3652087   17.07295   52   41    4.01023   17.42361   334%   123 6765s
 3660524 3655667   15.59886   48   46    4.01023   17.42295   334%   123 6771s
 3664106 3659374   17.37355   49   44    4.01023   17.42133   334%   123 6776s
 3667813 3662745   16.74368   41   43    4.01023   17.42046   334%   123 6782s
 3671184 3666274   16.18262   46   56    4.01023   17.41933   334%   123 6787s
 3674713 3669427   16.31511   50   44    4.01023   17.41923   334%   123 6793s
 3677866 3672901   15.06422   44   40    4.01023   17.41854   334%   123 6799s
 3681340 3675100   17.40330   44   40    4.01023   17.41792   334%   123 6805s
 3683539 3678870   17.41380   47   32    4.01023   17.41653   334%   123 6811s
 3687309 3682458   16.49832   50   48    4.01023   17.41519   334%   123 6817s
 3690897 3686021   17.07447   54   31    4.01023   17.41440   334%   123 6823s
 3694460 3689609   17.41262   45   44    4.01023   17.41262   334%   123 6829s
 3698048 3693123   16.88114   48   45    4.01023   17.41190   334%   123 6835s
 3701562 3696637   16.78384   41   53    4.01023   17.41082   334%   123 6841s
 3705076 3700112   14.98239   52   37    4.01023   17.40932   334%   123 6847s
 3708551 3703542   15.85294   45   55    4.01023   17.40890   334%   123 6852s
 3711981 3706853   14.24131   41   44    4.01023   17.40827   334%   123 6858s
 3715292 3710215   14.37993   45   39    4.01023   17.40827   334%   123 6863s
 3718654 3713844   14.98270   48   38    4.01023   17.40588   334%   123 6869s
 3722283 3717137   17.30558   48   52    4.01023   17.40588   334%   123 6875s
 3725576 3720738   16.99090   45   40    4.01023   17.40363   334%   123 6881s
 3729177 3724107   16.50459   44   51    4.01023   17.40306   334%   123 6887s
 3732546 3727446   16.40251   48   36    4.01023   17.40133   334%   123 6893s
 3735885 3731254   17.40052   44   51    4.01023   17.40052   334%   123 6898s
 3739693 3734304   14.76264   52   49    4.01023   17.39999   334%   123 6904s
 3742743 3737909   16.41843   51   44    4.01023   17.39880   334%   123 6910s
 3746348 3741485   17.32941   56   27    4.01023   17.39771   334%   123 6916s
 3749924 3744900   14.31231   46   54    4.01023   17.39645   334%   123 6921s
 3753339 3748449   17.39520   50   28    4.01023   17.39520   334%   123 6927s
 3756888 3752132   16.39941   48   34    4.01023   17.39439   334%   123 6934s
 3760571 3755333   14.98757   48   46    4.01023   17.39383   334%   123 6939s
 3763772 3758827   17.39281   44   32    4.01023   17.39281   334%   123 6945s
 3767266 3762478   17.39174   44   37    4.01023   17.39174   334%   123 6951s
 3770917 3765639   15.80422   52   42    4.01023   17.39043   334%   123 6957s
 3774078 3769207   17.12551   51   30    4.01023   17.39039   334%   123 6963s
 3777646 3772383   15.83728   50   46    4.01023   17.38820   334%   123 6969s
 3780822 3776049   16.61373   43   45    4.01023   17.38675   334%   123 6975s
 3784488 3778629   15.83881   47   47    4.01023   17.38546   334%   123 6982s
 3787068 3778964   16.32190   44   48    4.01023   17.38475   334%   123 6990s
