source: 2 target: 1 model_arch: 3x50 perturbation type: brightness perturbation size: [0.25] dataset: mnist
Attack:   0%|          | 0/500 [00:00<?, ?it/s]Attack:   3%|▎         | 16/500 [00:00<00:03, 156.44it/s]Attack:  12%|█▏        | 59/500 [00:00<00:01, 312.28it/s]Attack:  20%|█▉        | 99/500 [00:00<00:01, 350.13it/s]Attack:  28%|██▊       | 142/500 [00:00<00:00, 379.91it/s]Attack:  37%|███▋      | 186/500 [00:00<00:00, 399.76it/s]Attack:  46%|████▌     | 230/500 [00:00<00:00, 411.76it/s]Attack:  55%|█████▍    | 274/500 [00:00<00:00, 419.96it/s]Attack:  64%|██████▎   | 318/500 [00:00<00:00, 425.53it/s]Attack:  72%|███████▏  | 362/500 [00:00<00:00, 427.40it/s]Attack:  81%|████████  | 405/500 [00:01<00:00, 426.39it/s]Attack:  90%|████████▉ | 448/500 [00:01<00:00, 422.79it/s]Attack:  98%|█████████▊| 491/500 [00:01<00:00, 420.82it/s]Attack: 100%|█████████▉| 499/500 [00:01<00:00, 401.83it/s]
best_val 0.37436366081237793
Set parameter WLSAccessID
Set parameter WLSSecret
Set parameter LicenseID to value 2478548
Academic license 2478548 - for non-commercial use only - registered to ne___@campus.technion.ac.il
WARNING: --geometric_intervals requires --use_perturbed_intervals=true (it only affects the perturbed-interval coupling). Ignoring it and falling back to geometric_intervals=off.
WARNING: --nn1_relax_threshold ≥ 0 or --nn1_sibling_gate=true without --nn1_zono_bounds=true. Per-copy bounds will only come from the encoder's default interval arithmetic (no Source B refinement). Decision/SibGate will still run but will see looser bounds.
Standard mode: boosts enabled:
  PerturbedIntervals:                 false
  Absolute Zonotope (Source B on N1): false
  Per-Copy Triangle Drop τ:           0.0
  Sibling-Gated Refinement:           false
Model accuracy: 0.9694
compute_n2_relax_decision!: no shape source available (relu_diff_up_bounds and n2_abs_up_bounds both empty) — skipping decision precompute
[notice | Main.MIPVerify]: Determining upper and lower bounds for the input to each non-linear unit.
Set parameter WLSAccessID
Set parameter WLSSecret
Set parameter LicenseID to value 2478548
Academic license 2478548 - for non-commercial use only - registered to ne___@campus.technion.ac.il
Set parameter TimeLimit to value 5
Set parameter TimeLimit to value 5
Set parameter WLSAccessID
Set parameter WLSSecret
Set parameter LicenseID to value 2478548
Academic license 2478548 - for non-commercial use only - registered to ne___@campus.technion.ac.il
Set parameter MIPFocus to value 3
Set parameter Cutoff to value 3.7436366081237793e-01
Set parameter Threads to value 32
Set parameter TimeLimit to value 10800
Set parameter MIPGap to value 0.01
Set parameter Seed to value 4
Set parameter Seed to value 4
Set parameter MIPGap to value 0.01
Set parameter MIPFocus to value 3
Set parameter Cutoff to value 3.7436366081237793e-01
Set parameter Threads to value 32
Set parameter TimeLimit to value 10800
Warning for adding constraints: zero or small (< 1e-13) coefficients, ignored
Gurobi Optimizer version 13.0.0 build v13.0.0rc1 (linux64 - "Ubuntu 20.04.2 LTS")

CPU model: AMD EPYC 7713 64-Core Processor, instruction set [SSE2|AVX|AVX2]
Thread count: 127 physical cores, 255 logical processors, using up to 32 threads

Non-default parameters:
Cutoff  3.7436366081237793e-01
TimeLimit  10800
MIPGap  0.01
MIPFocus  3
Seed  4
Threads  32

Academic license 2478548 - for non-commercial use only - registered to ne___@campus.technion.ac.il
Optimize a model with 1636 rows, 1958 columns and 127650 nonzeros (Max)
Model fingerprint: 0x647f51d5
Model has 1 linear objective coefficients
Variable types: 1789 continuous, 169 integer (169 binary)
Coefficient statistics:
  Matrix range     [3e-13, 5e+01]
  Objective range  [1e+00, 1e+00]
  Bounds range     [6e-08, 5e+01]
  RHS range        [4e-13, 4e+01]

Processing user MIP start: 0 nodes explored in subMIP, total elapsed time 5s
Processing user MIP start: 402 nodes explored in subMIP, total elapsed time 10s
User MIP start produced solution with objective 1.07939 (10.10s)
User MIP start produced solution with objective 1.07939 (10.33s)
Loaded user MIP start with objective 1.07939
Processed MIP start in 10.34 seconds (21.19 work units)

Presolve removed 220 rows and 52 columns
Presolve time: 0.21s
Presolved: 1416 rows, 1906 columns, 126222 nonzeros
Variable types: 1738 continuous, 168 integer (168 binary)
Root relaxation presolve removed 113 rows and 113 columns
Root relaxation presolved: 1303 rows, 1793 columns, 125883 nonzeros


Root simplex log...

Iteration    Objective       Primal Inf.    Dual Inf.      Time
       0    1.0074246e+02   1.977632e+02   0.000000e+00     11s
    1099    4.3827908e+01   0.000000e+00   0.000000e+00     11s
    1100    4.3827908e+01   0.000000e+00   0.000000e+00     11s

Extra simplex iterations after uncrush: 1

Root relaxation: objective 4.382791e+01, 1100 iterations, 0.40 seconds (0.47 work units)

    Nodes    |    Current Node    |     Objective Bounds      |     Work
 Expl Unexpl |  Obj  Depth IntInf | Incumbent    BestBd   Gap | It/Node Time

     0     0   43.82791    0   86    1.07939   43.82791  3960%     -   11s
     0     0   42.24404    0   83    1.07939   42.24404  3814%     -   11s
     0     0   42.24404    0   76    1.07939   42.24404  3814%     -   12s
     0     0   39.80879    0   78    1.07939   39.80879  3588%     -   12s
     0     0   39.80879    0   78    1.07939   39.80879  3588%     -   12s
     0     0   38.45766    0   79    1.07939   38.45766  3463%     -   13s
     0     0   38.45766    0   76    1.07939   38.45766  3463%     -   13s
     0     0   36.76650    0   77    1.07939   36.76650  3306%     -   13s
     0     0   36.51290    0   81    1.07939   36.51290  3283%     -   13s
     0     0   36.44036    0   91    1.07939   36.44036  3276%     -   13s
     0     0   36.44036    0   93    1.07939   36.44036  3276%     -   13s
     0     0   36.44036    0   93    1.07939   36.44036  3276%     -   13s
     0     0   36.31278    0   93    1.07939   36.31278  3264%     -   14s
     0     0   36.31278    0   95    1.07939   36.31278  3264%     -   14s
     0     0   36.11481    0   90    1.07939   36.11481  3246%     -   14s
     0     0   36.11481    0   77    1.07939   36.11481  3246%     -   15s
H    0     0                       1.1854627   35.67675  2910%     -   16s
H    0     0                       1.1953419   35.67675  2885%     -   16s
H    0     0                       1.2162809   35.67675  2833%     -   16s
     0     0   35.67675    0   77    1.21628   35.67675  2833%     -   16s
     0     0   35.67675    0   77    1.21628   35.67675  2833%     -   17s
     0     2   35.67675    0   77    1.21628   35.67675  2833%     -   18s
    15    32   33.53562    4   80    1.21628   35.67675  2833%   812   20s
H   28    32                       1.2162809   33.51903  2656%   809   20s
    95   128   29.41988    7   84    1.21628   30.68518  2423%  1012   25s
H  128   168                       1.3018836   30.01800  2206%  1025   27s
   202   297   18.20226   10   63    1.30188   28.91939  2121%   996   30s
   513   588   17.02072   11   72    1.30188   26.13303  1907%   746   35s
   780   836   23.81235    6   74    1.30188   25.35507  1848%   689   40s
H  850   868                       1.3018836   25.17924  1834%   680   41s
H  852   868                       1.3018836   25.17656  1834%   680   41s
  1017  1056   13.54265   11   60    1.30188   24.85551  1809%   663   45s
H 1307  1387                       1.3018838   24.50309  1782%   614   49s
  1386  1430   19.74884   10   74    1.30188   24.42223  1776%   600   50s
H 1388  1430                       1.3020487   24.42223  1776%   600   50s
  1922  2112   20.43487   15   70    1.30205   24.15739  1755%   525   55s
H 2508  2554                       1.3291194   23.98713  1705%   477   59s
  2553  2814   23.42298   20   64    1.32912   23.92667  1700%   479   60s
  3119  3120   23.69905    6   77    1.32912   23.82792  1693%   442  102s
  3121  3121   22.49181   18   86    1.32912   23.82792  1693%   441  105s
  3128  3126   22.63852   16   76    1.32912   23.82792  1693%   440  110s
  3130  3127   22.65000   18   73    1.32912   23.82792  1693%   440  115s
  3134  3135   23.82792   14   85    1.32912   23.82792  1693%   442  120s
  3162  3182   23.82792   17   89    1.32912   23.82792  1693%   447  126s
H 3199  3044                       1.3291195   23.82792  1693%   455  130s
  3226  3067   23.82792   19   77    1.32912   23.82792  1693%   463  137s
  3258  3089   23.82792   20   86    1.32912   23.82792  1693%   471  143s
  3290  3119   23.82792   21   80    1.32912   23.82792  1693%   484  152s
  3331  3141   23.82792   22   79    1.32912   23.82792  1693%   493  160s
  3367  3190   23.82792   23   73    1.32912   23.82792  1693%   507  166s
  3428  3203   23.82792   24   71    1.32912   23.82792  1693%   520  170s
  3461  3254   23.82792   23   75    1.32912   23.82792  1693%   531  177s
  3523  3277   23.82792   23   76    1.32912   23.82792  1693%   541  184s
  3567  3310   16.54526   21   72    1.32912   23.82792  1693%   550  189s
  3614  3360   21.85340   23   78    1.32912   23.82792  1693%   557  194s
  3680  3376   23.82792   22   74    1.32912   23.82792  1693%   567  198s
  3718  3455   18.15879   22   72    1.32912   23.82792  1693%   575  203s
  3810  3518   20.35391   20   62    1.32912   23.82792  1693%   581  207s
  3903  3523   23.82792   24   84    1.32912   23.82792  1693%   587  210s
  3993  3584   23.82792   22   71    1.32912   23.82792  1693%   600  218s
  4030  3636   19.44774   25   72    1.32912   23.82792  1693%   605  222s
  4095  3720   16.20745   22   55    1.32912   23.82792  1693%   611  226s
  4200  3729   23.62637   25   75    1.32912   23.82792  1693%   612  230s
H 4274  3650                       1.4073265   23.82792  1593%   617  233s
H 4338  3488                       1.5315252   23.82792  1456%   620  233s
  4339  3633   23.16753   19   83    1.53153   23.82792  1456%   620  237s
  4485  3730   23.29908   22   77    1.53153   23.82792  1456%   621  241s
  4630  3821   22.03575   31   65    1.53153   23.82039  1455%   621  245s
  4923  3916   22.83320   29   67    1.53153   23.66234  1445%   622  254s
  4962  4034   23.30342   29   75    1.53153   23.55746  1438%   628  258s
  5093  4161   22.98287   27   71    1.53153   23.48431  1433%   626  263s
  5264  4247   13.28914   24   62    1.53153   23.41661  1429%   623  267s
  5407  4296   18.61739   25   65    1.53153   23.35333  1425%   624  273s
H 5422  4157                       1.5315252   23.34119  1424%   625  273s
  5504  4168   22.48202   19   75    1.53153   23.29281  1421%   625  277s
H 5512  4037                       1.5315769   23.28728  1420%   625  277s
H 5528  3911                       1.7015514   23.26587  1267%   627  277s
  5542  4154   22.63432   22   67    1.70155   23.24378  1266%   628  282s
  5790  4332   17.62419   26   54    1.70155   23.19774  1263%   625  287s
  6050  4355   22.63892   28   82    1.70155   23.12012  1259%   620  292s
  6160  4645   13.60384   20   67    1.70155   23.04716  1254%   621  296s
  6487  4942   22.20302   24   81    1.70155   22.97731  1250%   612  301s
  6893  4982   20.23742   32   66    1.70155   22.90584  1246%   597  307s
  7068  5073   21.05894   30   61    1.70155   22.84642  1243%   596  313s
  7217  5192   19.93885   22   74    1.70155   22.79866  1240%   597  318s
H 7280  5056                       1.7015669   22.77434  1238%   596  318s
H 7320  4933                       1.7219155   22.75932  1222%   596  318s
  7386  5291   18.34331   23   69    1.72192   22.74409  1221%   595  324s
  7766  5584   12.76021   23   59    1.72192   22.69167  1218%   591  330s
  8186  5632   18.04318   28   68    1.72192   22.62301  1214%   584  336s
  8374  5829   18.94979   28   67    1.72192   22.56422  1210%   584  344s
  8634  5963   19.86427   24   65    1.72192   22.51361  1207%   579  351s
  8854  6162   21.56490   27   76    1.72192   22.45398  1204%   578  359s
H 8956  6024                       1.7220632   22.44996  1204%   575  359s
H 8973  5997                       1.7221288   22.43295  1203%   575  359s
  9127  6527   21.57441   28   68    1.72213   22.41133  1201%   573  366s
  9657  6818   22.18607   24   68    1.72213   22.35703  1198%   567  373s
  9948  7345   21.25905   28   59    1.72213   22.29684  1195%   563  384s
 10475  7992   11.75311   25   66    1.72213   22.19765  1189%   558  394s
 11122  8619   17.07281   27   61    1.72213   22.12385  1185%   550  402s
 11749  9230   15.61327   25   66    1.72213   22.04384  1180%   545  410s
 12360  9876   21.46035   28   75    1.72213   21.97497  1176%   542  418s
 13008 10422   21.17828   23   71    1.72213   21.86921  1170%   538  426s
 13554 11323   15.30605   35   56    1.72213   21.79642  1166%   535  434s
 14455 12133   10.56980   27   60    1.72213   21.71170  1161%   526  443s
 15265 13068   19.45896   37   52    1.72213   21.62943  1156%   518  451s
H16200 13100                       1.7221632   21.56255  1152%   512  464s
H16218 13100                       1.7223569   21.49240  1148%   512  464s
H16226 13100                       1.7223706   21.48537  1147%   513  464s
 16232 13957   18.95791   29   64    1.72237   21.47447  1147%   513  473s
 17089 14765   19.34297   27   63    1.72237   21.40021  1142%   508  483s
 17898 15697   17.03214   29   60    1.72237   21.31043  1137%   505  493s
 18830 16598   15.00734   27   59    1.72237   21.21768  1132%   500  503s
 19731 17579   20.90669   31   72    1.72237   21.12990  1127%   497  514s
H19802 17579                       1.7237251   21.11829  1125%   497  514s
H20212 17579                       1.7264594   21.09869  1122%   493  514s
H20659 17579                       1.7280587   21.09194  1121%   489  514s
 20712 18704   18.15857   33   56    1.72806   21.05247  1118%   489  525s
 21839 18736   10.14377   27   72    1.72806   20.95933  1113%   483  545s
 21871 18768   19.52868   36   64    1.72806   20.91732  1110%   484  577s
H21886 18768                       1.7318100   20.90441  1107%   484  577s
H21898 18768                       1.7320507   20.89783  1107%   484  577s
 21903 19700   18.43480   28   58    1.73205   20.89353  1106%   485  590s
 22835 21113   19.79966   38   53    1.73205   20.83808  1103%   480  601s
 24252 22535   18.05749   27   71    1.73205   20.74825  1098%   471  613s
 25674 23770   11.74163   27   65    1.73205   20.64004  1092%   464  625s
 26909 25172   19.47786   34   63    1.73205   20.55048  1086%   458  636s
 28311 25204   17.96295   28   63    1.73205   20.44267  1080%   453  652s
H28312 25204                       1.7324485   20.44267  1080%   453  652s
H28317 25204                       1.7329420   20.43616  1079%   453  652s
H28327 25204                       1.7354391   20.41597  1076%   453  652s
 28343 26542   10.17872   27   70    1.73544   20.40444  1076%   454  664s
 29685 28669   17.60522   35   58    1.73544   20.33314  1072%   450  686s
 31812 29885   19.33999   36   56    1.73544   20.25566  1067%   442  697s
 33028 31401   17.04056   29   52    1.73544   20.13038  1060%   438  707s
 34544 32743   17.10409   28   65    1.73544   20.04138  1055%   432  718s
 35886 34233   19.62378   37   51    1.73544   19.93740  1049%   428  728s
 37376 35430   19.02234   31   68    1.73544   19.86698  1045%   424  740s
 38573 37054   19.37170   24   67    1.73544   19.79447  1041%   421  752s
 40199 38838   14.79234   34   61    1.73544   19.71917  1036%   417  763s
 41983 40589   17.14628   31   56    1.73544   19.64921  1032%   412  776s
H43734 40621                       1.7359320   19.57011  1027%   409  794s
H43735 40621                       1.7360518   19.56836  1027%   409  794s
H43736 40621                       1.7361325   19.56547  1027%   409  794s
H43738 40620                       1.7378670   19.56442  1026%   409  794s
H43739 40620                       1.7385915   19.56439  1025%   409  794s
H43740 40619                       1.8307536   19.56107   968%   409  794s
 43766 42704   16.19323   39   48    1.83075   19.54445   968%   409  808s
 45851 43873   17.81071   29   63    1.83075   19.47178   964%   404  826s
 47022 46201   16.33606   37   51    1.83075   19.43052   961%   401  840s
 49350 48708   17.24105   29   60    1.83075   19.34900   957%   396  854s
 51857 51441   14.06598   32   53    1.83075   19.26214   952%   390  867s
 54590 51473   16.89908   32   56    1.83075   19.17653   947%   384  886s
H54593 51473                       1.8322563   19.16563   946%   384  886s
H54596 51473                       1.8387405   19.16128   942%   384  886s
H54613 51473                       1.8449144   19.15164   938%   384  886s
 54622 54283   16.97429   27   76    1.84491   19.14698   938%   385  901s
 57432 56730   13.89528   38   57    1.84491   19.08193   934%   378  915s
H59881 61009                       1.8449540   19.00777   930%   374  941s
H60012 61009                       1.8471156   19.00692   929%   374  941s
H60607 61009                       1.8490312   19.00093   928%   373  941s
H60738 61008                       1.8583815   19.00008   922%   373  941s
H61494 61008                       1.8810636   18.99480   910%   372  941s
 64166 64363    7.24095   38   40    1.88106   18.90835   905%   367  956s
 67521 67805   18.36686   27   57    1.88106   18.80339   900%   361  970s
 70963 71234   17.65586   27   66    1.88106   18.73204   896%   355  982s
 74392 74761   18.28457   46   43    1.88106   18.66837   892%   348  995s
 77921 78420   16.14924   29   64    1.88106   18.61447   890%   343 1007s
 81582 81805   14.71907   32   57    1.88106   18.56268   887%   337 1019s
 84967 85448   17.85410   42   40    1.88106   18.49819   883%   333 1032s
 88610 89124   13.99331   33   56    1.88106   18.44274   880%   328 1043s
 92286 96367   14.60963   35   48    1.88106   18.39577   878%   324 1068s
 99529 100043   13.18058   34   58    1.88106   18.30612   873%   316 1079s
 103207 103071   18.11068   51   36    1.88106   18.25502   870%   312 1091s
 106237 106718   14.12883   43   50    1.88106   18.22193   869%   309 1102s
 109888 110485   17.60854   40   40    1.88106   18.18527   867%   305 1112s
 113656 110515   14.53533   38   47    1.88106   18.14639   865%   301 1129s
H113659 110515                       1.8831133   18.14383   864%   301 1129s
H113672 110511                       1.9761286   18.13815   818%   301 1129s
 113688 114062   18.06442   52   41    1.97613   18.13746   818%   301 1139s
 117239 117612   17.43518   30   58    1.97613   18.11072   816%   298 1149s
 120789 120720   16.42037   35   53    1.97613   18.08325   815%   295 1160s
 123897 127303   16.67963   52   41    1.97613   18.04685   813%   293 1182s
 130485 131182   17.45118   50   31    1.97613   17.99485   811%   288 1193s
 134366 134733   13.84387   42   40    1.97613   17.95598   809%   285 1203s
 137917 138337   17.56901   45   46    1.97613   17.92992   807%   283 1213s
 141521 141957   16.83515   32   49    1.97613   17.90577   806%   280 1222s
 145145 145428   14.48328   43   42    1.97613   17.87813   805%   278 1232s
 148616 148574   17.63210   46   31    1.97613   17.85946   804%   276 1241s
 151766 152123   16.54609   32   63    1.97613   17.83889   803%   275 1250s
 155315 157997   17.21221   41   50    1.97613   17.81864   802%   273 1268s
 161191 161530   15.27531   49   41    1.97613   17.78801   800%   270 1277s
 164724 164396   16.43914   33   62    1.97613   17.75951   799%   269 1285s
 167592 168011   15.59485   33   63    1.97613   17.74164   798%   267 1294s
 171209 171732   16.65538   41   47    1.97613   17.72205   797%   266 1304s
 174930 175115   17.69263   48   38    1.97613   17.70156   796%   264 1314s
 178313 175147   14.53821   34   58    1.97613   17.68209   795%   263 1328s
H178319 175147                       1.9761286   17.68084   795%   263 1329s
H178321 175146                       1.9790512   17.68058   793%   263 1329s
H178327 175144                       1.9937137   17.67892   787%   263 1329s
 178345 175971   16.30748   48   38    1.99371   17.67691   787%   263 1341s
 179172 179768   16.94807   33   64    1.99371   17.67402   786%   263 1352s
 182973 183530   15.90219   53   42    1.99371   17.65463   786%   261 1363s
 186739 189943   16.35768   47   33    1.99371   17.63604   785%   260 1378s
 193156 193169   16.17122   40   39    1.99371   17.60429   783%   258 1386s
 196384 196410   16.44048   45   34    1.99371   17.58813   782%   257 1394s
 199629 199636   12.79198   28   60    1.99371   17.57213   781%   256 1402s
 202856 202791   14.42186   37   49    1.99371   17.55695   781%   255 1410s
 206012 206266   15.57370   52   47    1.99371   17.54493   780%   254 1419s
 209487 209682   17.12887   53   42    1.99371   17.52760   779%   253 1428s
 212903 213173   17.38450   45   40    1.99371   17.51265   778%   252 1436s
 216394 218944   16.87731   50   42    1.99371   17.49862   778%   251 1450s
 222169 222110   16.69716   48   36    1.99371   17.47656   777%   249 1459s
 225335 225332   15.24007   49   34    1.99371   17.46179   776%   249 1468s
 228557 228724   11.63952   25   60    1.99371   17.44684   775%   248 1476s
 231949 232081   15.19112   41   57    1.99371   17.43375   774%   247 1484s
 235306 235289   17.41680   46   38    1.99371   17.41985   774%   246 1493s
 238516 238728   16.96531   44   44    1.99371   17.40514   773%   246 1501s
 241959 238760   12.81025   39   45    1.99371   17.39007   772%   245 1516s
H241963 238760                       1.9937139   17.38805   772%   245 1516s
 241991 240136   17.13626   51   44    1.99371   17.38594   772%   245 1528s
 243367 244029   15.32311   51   41    1.99371   17.38099   772%   245 1538s
 247260 249446   15.61991   50   39    1.99371   17.37055   771%   244 1554s
 252681 252322   16.04425   53   45    1.99371   17.34744   770%   243 1564s
 255559 255861   16.19471   53   45    1.99371   17.33964   770%   242 1574s
 259100 259599   11.65853   43   37    1.99371   17.32227   769%   241 1583s
 262838 262722   14.99005   44   31    1.99371   17.30813   768%   240 1591s
 265962 266034    9.33349   49   35    1.99371   17.29621   768%   240 1599s
 269278 269348   15.64050   28   65    1.99371   17.28452   767%   239 1607s
 272592 272352   17.19271   46   30    1.99371   17.27533   766%   239 1615s
 275602 275297   15.11701   45   33    1.99371   17.25851   766%   239 1624s
 278547 279972   13.67410   46   41    1.99371   17.24895   765%   238 1637s
 283224 283047   15.25402   49   41    1.99371   17.23178   764%   238 1646s
 286303 285609   16.64551   45   38    1.99371   17.21914   764%   238 1656s
H287056 285609                       1.9937141   17.21631   764%   238 1656s
H288661 285609                       1.9937141   17.21418   763%   238 1656s
 288865 289302   16.34154   30   60    1.99371   17.21160   763%   238 1666s
 292558 291301   14.68803   45   39    1.99371   17.19419   762%   237 1679s
 294561 295439   14.03240   51   40    1.99371   17.18869   762%   237 1691s
 298701 299163   16.29474   39   54    1.99371   17.17622   762%   237 1702s
 302427 302621   16.22881   44   35    1.99371   17.16112   761%   237 1713s
 305887 306078   16.69374   37   53    1.99371   17.15307   760%   236 1724s
 309344 310860    9.77221   43   42    1.99371   17.14124   760%   236 1738s
 314126 314005   15.80904   51   33    1.99371   17.12979   759%   236 1748s
 317275 317216   16.51077   34   57    1.99371   17.11592   758%   236 1758s
 320490 320596   15.31627   47   34    1.99371   17.10650   758%   235 1768s
 323872 323724   16.67243   50   47    1.99371   17.09559   757%   235 1778s
 327002 327219   16.37483   51   38    1.99371   17.08622   757%   235 1789s
 330497 330373   14.35133   52   38    1.99371   17.07844   757%   235 1798s
H333657 330405                       1.9937142   17.06771   756%   235 1814s
H333662 330405                       1.9937142   17.06771   756%   235 1814s
H333669 330405                       1.9937144   17.06771   756%   235 1814s
 333689 333759   16.90885   46   48    1.99371   17.06771   756%   235 1825s
 337043 337214   16.27823   51   44    1.99371   17.05539   755%   235 1834s
 340504 341694   16.85531   48   45    1.99371   17.04583   755%   234 1848s
 344988 345115   14.40960   43   48    1.99371   17.03311   754%   234 1858s
 348409 348730   16.62263   25   66    1.99371   17.02335   754%   234 1868s
 352028 351780   16.90938   54   44    1.99371   17.01589   753%   234 1879s
 355082 354939   16.35989   46   33    1.99371   17.00373   753%   233 1889s
 358245 357775   15.89440   38   54    1.99371   16.99414   752%   233 1900s
 361083 361323   16.98402   43   46    1.99371   16.98402   752%   233 1910s
 364631 364734   16.97529   45   38    1.99371   16.97529   751%   233 1921s
 368045 367761   12.75460   51   35    1.99371   16.96689   751%   233 1932s
 371072 372286   16.55752   45   34    1.99371   16.95761   751%   233 1946s
 375605 375369   16.76507   40   51    1.99371   16.94610   750%   232 1957s
 378692 378726   16.72602   39   44    1.99371   16.93702   750%   232 1968s
 382051 381667   16.12853   27   64    1.99371   16.92835   749%   232 1979s
 384992 384941   16.91941   45   48    1.99371   16.91941   749%   232 1990s
 388266 387925   11.96310   49   45    1.99371   16.91187   748%   232 2002s
H389032 387925                       1.9937144   16.90920   748%   232 2002s
 391259 391301   13.65094   50   34    1.99371   16.90198   748%   232 2014s
H394635 391333                       1.9937144   16.89324   747%   232 2034s
H394638 391333                       1.9937144   16.89231   747%   232 2034s
H394640 391333                       1.9937144   16.89201   747%   232 2034s
 394667 394842   16.83048   51   43    1.99371   16.89000   747%   232 2045s
 398180 397512   15.62996   35   57    1.99371   16.88368   747%   232 2057s
 400851 397544   16.12971   47   49    1.99371   16.87646   746%   231 2086s
 400883 429343   16.71370   53   39    1.99371   16.87435   746%   231 3095s
H401883 429343                       1.9937144   16.87435   746%   231 3096s
H402883 429343                       1.9937146   16.87381   746%   231 3096s
H413745 429343                       1.9937149   16.87330   746%   231 3096s
H421745 429343                       1.9937149   16.87301   746%   231 3096s
H426717 429343                       1.9937149   16.87282   746%   230 3096s
 432706 430418   12.24377   48   36    1.99371   16.83459   744%   230 3124s
H432801 430418                       1.9937151   16.83459   744%   230 3124s
 433783 442254   16.83459   50   42    1.99372   16.83459   744%   230 3183s
H443127 442254                       1.9937152   16.83201   744%   230 3183s
H445621 443340                       1.9937152   16.81049   743%   230 3209s
H445680 443340                       1.9937153   16.80952   743%   230 3209s
H446707 446117                       1.9937153   16.80712   743%   230 3237s
H446752 446117                       1.9937158   16.80641   743%   230 3237s
H449486 449595                       1.9937161   16.80388   743%   230 3268s
 452964 455401   16.31231   44   42    1.99372   16.79751   743%   230 3285s
 458774 460082   16.77916   44   57    1.99372   16.78034   742%   229 3300s
 463457 465412   16.21357   45   37    1.99372   16.76535   741%   229 3318s
 468791 468282   15.27324   50   49    1.99372   16.75256   740%   229 3330s
 471667 468314   16.74905   49   41    1.99372   16.74905   740%   229 3352s
 471699 468346   16.74193   50   45    1.99372   16.74905   740%   229 3370s
H471701 468346                       1.9937161   16.74905   740%   229 3370s
 471731 468505   15.83493   51   43    1.99372   16.74905   740%   229 3388s
H471876 468505                       1.9937168   16.74329   740%   229 3388s
H471884 468486                       2.0697131   16.74314   709%   229 3388s
 471890 470659   16.67375   44   47    2.06971   16.74314   709%   229 3404s
 474063 474575   16.22634   43   51    2.06971   16.73914   709%   229 3417s
 477981 474607   11.00019   51   32    2.06971   16.73106   708%   229 3437s
H477985 474607                       2.0697131   16.72948   708%   229 3437s
H477994 474607                       2.0697136   16.72873   708%   229 3437s
 478013 477907   16.47133   52   42    2.06971   16.72873   708%   229 3452s
 481315 481901   15.05337   33   49    2.06971   16.72311   708%   229 3464s
 485309 485600   11.17030   34   55    2.06971   16.71529   708%   229 3476s
 489014 489384   16.56097   48   47    2.06971   16.70645   707%   229 3488s
 492808 495028   14.28722   27   61    2.06971   16.69873   707%   229 3505s
 498454 498220   15.14436   30   65    2.06971   16.68793   706%   228 3515s
 501646 501455   16.65721   51   35    2.06971   16.67910   706%   228 3525s
 504887 504627   15.04543   40   53    2.06971   16.67144   705%   228 3535s
 508063 507882   16.28956   23   62    2.06971   16.66475   705%   228 3545s
 511318 510974   16.35025   42   36    2.06971   16.65770   705%   228 3556s
 514412 514300   13.12226   46   36    2.06971   16.65140   705%   228 3566s
 517740 517709   16.32215   45   50    2.06971   16.64547   704%   228 3576s
 521149 520885   16.52548   44   41    2.06971   16.63817   704%   228 3587s
 524325 526116   13.36109   46   35    2.06971   16.63142   704%   228 3604s
 529558 529415   15.46282   54   43    2.06971   16.62144   703%   228 3615s
 532857 532288   11.01326   48   34    2.06971   16.61438   703%   228 3626s
 535736 535745   16.43590   50   43    2.06971   16.60826   702%   227 3637s
 539199 539213   16.48637   45   49    2.06971   16.60138   702%   227 3647s
 542673 542635   12.33940   51   39    2.06971   16.59476   702%   227 3658s
 546097 545609   16.31887   49   42    2.06971   16.58629   701%   227 3669s
 549071 547179   12.64353   39   50    2.06971   16.57894   701%   227 3683s
 550641 551123   13.33606   45   44    2.06971   16.57622   701%   227 3694s
 554588 556440   16.28805   47   52    2.06971   16.57271   701%   227 3710s
 559913 558572   15.64602   45   30    2.06971   16.56157   700%   227 3722s
 562045 558604   14.59903   29   66    2.06971   16.55369   700%   227 3742s
 562077 561111   16.55369   46   46    2.06971   16.55369   700%   227 3756s
H563618 561111                       2.0697149   16.55156   700%   227 3757s
 564584 565044     cutoff   37         2.06971   16.54814   700%   227 3769s
 568527 568771   15.41774   50   35    2.06971   16.54105   699%   227 3780s
 572260 572529   15.13688   49   40    2.06971   16.53455   699%   227 3792s
 576022 575990   15.83796   44   39    2.06971   16.52659   698%   227 3802s
 579487 579527   15.61918   53   38    2.06971   16.52039   698%   226 3813s
 583026 582833   14.31929   50   50    2.06971   16.51413   698%   226 3823s
 586338 587818   14.53461   48   45    2.06971   16.50764   698%   226 3839s
 591329 591134   16.44994   50   50    2.06971   16.49935   697%   226 3850s
 594645 593967   16.49150   38   62    2.06971   16.49150   697%   226 3860s
 597480 597267   15.95218   49   45    2.06971   16.48588   697%   226 3871s
 600784 600617   14.00402   49   33    2.06971   16.47922   696%   226 3882s
 604136 604119   14.78235   48   38    2.06971   16.47268   696%   226 3893s
 607638 607743   16.39465   49   38    2.06971   16.46650   696%   226 3903s
 611264 610925   16.24113   50   42    2.06971   16.46120   695%   226 3915s
 614448 614317   15.86081   35   51    2.06971   16.45548   695%   226 3925s
 617840 618764   16.17138   46   46    2.06971   16.44981   695%   226 3942s
 622289 622500   16.36869   48   46    2.06971   16.44404   695%   226 3953s
 626029 625899   15.00925   48   42    2.06971   16.43678   694%   226 3964s
 629436 629296   10.62236   46   30    2.06971   16.42914   694%   226 3975s
 632833 632825   16.35064   44   42    2.06971   16.42344   694%   226 3986s
 636362 636050   15.91454   41   53    2.06971   16.41757   693%   225 3997s
 639589 639448   15.08607   41   36    2.06971   16.41224   693%   225 4007s
 642989 642586   15.89311   52   41    2.06971   16.40813   693%   225 4018s
 646129 646112   14.63053   46   35    2.06971   16.40245   692%   225 4028s
 649657 650920   14.50552   26   60    2.06971   16.39649   692%   225 4044s
 654467 650952   13.22366   37   56    2.06971   16.39019   692%   225 4063s
 654499 653299   16.30250   41   53    2.06971   16.38896   692%   225 4076s
 656846 656739   16.38669   46   41    2.06971   16.38669   692%   225 4089s
 660286 660451   15.72015   52   39    2.06971   16.38119   691%   225 4101s
 664002 664047   16.04727   49   42    2.06971   16.37375   691%   225 4112s
 667598 666989   16.06506   48   44    2.06971   16.36721   691%   225 4125s
 670540 669556   10.33138   27   63    2.06971   16.36249   691%   225 4140s
H671038 669556                       2.0697149   16.36195   691%   225 4140s
 673107 673089   16.28762   45   53    2.06971   16.36106   690%   225 4155s
 676640 676727   14.23517   58   41    2.06971   16.35829   690%   225 4168s
 680286 681732   13.47307   43   35    2.06971   16.34727   690%   225 4183s
 685293 683854   14.78598   48   51    2.06971   16.33972   689%   225 4194s
 687415 687585   15.23141   53   45    2.06971   16.33635   689%   225 4205s
 691146 691182   15.78444   51   37    2.06971   16.33162   689%   225 4217s
 694743 694819   15.27674   44   52    2.06971   16.32722   689%   225 4227s
 698384 698074   13.28550   30   63    2.06971   16.32161   689%   225 4238s
 701641 701518   11.22039   37   50    2.06971   16.31672   688%   225 4248s
 705085 704364   10.77737   52   31    2.06971   16.31163   688%   224 4259s
 707933 707928   15.72207   48   31    2.06971   16.30529   688%   224 4269s
 711497 712695   12.97862   52   48    2.06971   16.30237   688%   224 4285s
 716264 716098   15.73572   48   39    2.06971   16.29267   687%   224 4296s
 719667 719275   13.54023   47   50    2.06971   16.28804   687%   224 4307s
 722848 722442   12.78671   50   42    2.06971   16.28278   687%   224 4317s
 726023 725770   15.69100   43   41    2.06971   16.27828   686%   224 4327s
 729351 729335   16.22693   49   44    2.06971   16.27390   686%   224 4338s
 732918 732800   15.85002   48   53    2.06971   16.26979   686%   224 4348s
 736385 735443   15.73144   33   59    2.06971   16.26448   686%   224 4360s
 739028 735475   15.91664   51   43    2.06971   16.26054   686%   224 4377s
 739060 737506   16.23680   46   45    2.06971   16.25936   686%   224 4389s
 741091 742270   15.69472   46   52    2.06971   16.25700   685%   224 4404s
 745857 745584   16.25070   46   36    2.06971   16.25070   685%   224 4414s
 749173 748986   16.01003   38   57    2.06971   16.24427   685%   224 4424s
 752575 752278   13.43907   37   58    2.06971   16.24001   685%   224 4435s
 755867 755458   16.06775   51   37    2.06971   16.23510   684%   224 4445s
 759047 758518   14.49339   49   45    2.06971   16.23022   684%   224 4455s
 762109 761878   15.76918   35   62    2.06971   16.22707   684%   224 4466s
 765471 765246   16.16254   41   51    2.06971   16.22134   684%   223 4476s
 768845 768158   15.61392   52   43    2.06971   16.21667   684%   223 4488s
 771757 772841   15.70799   36   47    2.06971   16.21155   683%   223 4504s
 776444 775654   15.77600   47   53    2.06971   16.20597   683%   223 4515s
 779259 779398   15.71712   44   58    2.06971   16.20164   683%   223 4526s
 783009 782775   13.46547   47   43    2.06971   16.19747   683%   223 4537s
 786388 786097   15.47799   46   40    2.06971   16.19239   682%   223 4547s
 789714 789586   15.92558   43   42    2.06971   16.18767   682%   223 4557s
 793205 793058   14.94723   48   40    2.06971   16.18198   682%   223 4568s
 796681 795961   15.87704   47   48    2.06971   16.17606   682%   223 4578s
 799584 799335   13.88915   29   69    2.06971   16.17176   681%   223 4589s
 802964 804358   13.48503   53   43    2.06971   16.16890   681%   223 4604s
 807989 806900   15.14738   47   48    2.06971   16.16064   681%   223 4614s
 810531 810299   16.08406   47   42    2.06971   16.15651   681%   223 4625s
 813930 813478   12.47904   34   57    2.06971   16.15203   680%   223 4635s
 817111 816908   12.78696   48   44    2.06971   16.14829   680%   223 4646s
 820541 819820   13.18808   42   46    2.06971   16.14363   680%   223 4656s
 823455 822295   13.25891   49   46    2.06971   16.14027   680%   223 4670s
 825934 825958   15.78763   49   50    2.06971   16.13627   680%   223 4682s
 829601 829372   15.39653   52   34    2.06971   16.13159   679%   223 4693s
 833015 833997   15.24251   50   47    2.06971   16.12669   679%   223 4708s
 837640 837160   15.82229   45   36    2.06971   16.12153   679%   223 4719s
 840803 840350   14.76108   51   45    2.06971   16.11716   679%   223 4729s
 843997 843806   16.03461   46   49    2.06971   16.11139   678%   222 4739s
 847455 847134   15.86387   48   43    2.06971   16.10704   678%   222 4749s
 850789 850423   14.44438   53   44    2.06971   16.10222   678%   222 4760s
 854084 853780   12.42523   43   43    2.06971   16.09803   678%   222 4771s
 857445 856968   14.14405   50   37    2.06971   16.09312   678%   222 4781s
 860637 860325   15.47269   50   34    2.06971   16.08871   677%   222 4792s
 864000 863793   15.56900   48   41    2.06971   16.08507   677%   222 4812s
 867470 868090   15.52169   50   33    2.06971   16.07971   677%   222 4825s
 871771 871480   14.02916   50   43    2.06971   16.07381   677%   222 4838s
 875163 874920   15.59492   47   44    2.06971   16.06951   676%   222 4849s
 878603 878743   15.64731   53   45    2.06971   16.06555   676%   222 4860s
 882430 882039   15.03788   34   56    2.06971   16.05986   676%   222 4871s
 885726 883987   16.05007   47   56    2.06971   16.05695   676%   222 4890s
 887674 887906   13.85459   52   44    2.06971   16.05452   676%   222 4901s
 891595 891447   14.75613   50   45    2.06971   16.04925   675%   222 4913s
 895140 896085   16.04401   46   46    2.06971   16.04401   675%   222 4928s
 899784 899483   15.19875   43   46    2.06971   16.03826   675%   222 4939s
 903186 902723   14.99743   53   37    2.06971   16.03476   675%   222 4950s
 906426 905849   15.10270   49   50    2.06971   16.03116   675%   222 4960s
 909552 908972   15.97528   45   46    2.06971   16.02686   674%   222 4970s
 912679 912228   15.68440   47   49    2.06971   16.02264   674%   222 4980s
 915941 915442   11.86884   48   46    2.06971   16.01873   674%   222 4991s
 919157 918751   14.86910   48   51    2.06971   16.01526   674%   222 5001s
 922466 922016   16.00196   46   33    2.06971   16.01166   674%   222 5012s
 925731 926617   15.88881   47   43    2.06971   16.00703   673%   222 5026s
 930342 929995   12.95915   53   48    2.06971   16.00336   673%   221 5036s
 933720 933120   13.60430   37   57    2.06971   15.99799   673%   221 5047s
 936850 936503   15.74750   41   45    2.06971   15.99401   673%   221 5057s
 940237 939670   13.55791   51   43    2.06971   15.99030   673%   221 5067s
 943410 943038   14.16023   45   33    2.06971   15.98580   672%   221 5077s
 946778 946182   15.34832   28   56    2.06971   15.98294   672%   221 5087s
 949922 949469   14.85819   40   34    2.06971   15.97809   672%   221 5098s
 953209 952720   15.28718   43   54    2.06971   15.97480   672%   221 5109s
 956466 956836   14.62360   32   56    2.06971   15.97095   672%   221 5123s
 960584 960479   12.78793   41   44    2.06971   15.96604   671%   221 5134s
 964231 963886   12.96302   46   39    2.06971   15.96211   671%   221 5145s
 967642 966927   11.48578   41   36    2.06971   15.95878   671%   221 5156s
 970685 970465   13.11903   52   34    2.06971   15.95507   671%   221 5166s
 974223 973611   14.39736   51   31    2.06971   15.95114   671%   221 5177s
 977373 976464   15.92493   53   44    2.06971   15.94786   671%   221 5187s
 980226 980051   15.94159   48   44    2.06971   15.94438   670%   221 5198s
 983817 981523   14.66567   51   25    2.06971   15.93992   670%   221 5215s
H984009 981523                       2.0697150   15.93985   670%   221 5215s
H984082 981523                       2.0697150   15.93958   670%   221 5215s
H984719 981523                       2.0697150   15.93913   670%   221 5215s
H985195 981523                       2.0697150   15.93900   670%   221 5215s
 985289 984310   15.72971   45   57    2.06971   15.93883   670%   221 5230s
 988080 984342   14.03842   38   66    2.06971   15.93783   670%   221 5252s
 988112 1016153   15.60787   48   36    2.06971   15.93513   670%   221 5386s
 1019953 1020519   15.49094   50   38    2.06971   15.91585   669%   220 5401s
 1024325 1023848   15.91185   39   54    2.06971   15.91185   669%   220 5412s
 1027658 1027476   15.30515   45   47    2.06971   15.90815   669%   220 5423s
 1031286 1030795   11.08038   47   39    2.06971   15.90381   668%   220 5433s
 1034607 1034140   15.25149   50   47    2.06971   15.89924   668%   220 5443s
 1037954 1037488   14.12896   44   50    2.06971   15.89511   668%   220 5453s
 1041302 1040757   15.89105   46   48    2.06971   15.89105   668%   220 5463s
 1044575 1043894   12.10843   53   39    2.06971   15.88828   668%   220 5474s
 1047716 1047273   14.98339   52   47    2.06971   15.88455   667%   220 5484s
 1051099 1051690   15.59764   47   47    2.06971   15.88098   667%   220 5498s
 1055518 1054930   15.32531   45   39    2.06971   15.87625   667%   220 5508s
 1058758 1058183   15.77668   49   40    2.06971   15.87330   667%   220 5518s
 1062017 1061317   15.86925   47   36    2.06971   15.86925   667%   220 5528s
 1065155 1064913   15.25654   52   44    2.06971   15.86503   667%   220 5539s
 1068757 1068230   14.39246   56   35    2.06971   15.86146   666%   220 5549s
 1072076 1071372   15.43625   35   61    2.06971   15.85885   666%   220 5560s
 1075222 1074654   15.85465   51   40    2.06971   15.85465   666%   220 5571s
 1078506 1077971   13.12938   48   46    2.06971   15.85171   666%   220 5582s
 1081825 1082603   14.32127   42   50    2.06971   15.84662   666%   220 5596s
 1086463 1085807   10.47282   37   44    2.06971   15.84196   665%   220 5606s
 1089667 1088981   15.83460   54   27    2.06971   15.83765   665%   220 5616s
 1092841 1092098   15.52534   48   39    2.06971   15.83404   665%   220 5626s
 1095960 1095383   14.52534   32   53    2.06971   15.83086   665%   220 5636s
 1099247 1098498   14.19812   48   39    2.06971   15.82738   665%   220 5646s
 1102368 1101837   15.19722   46   46    2.06971   15.82363   665%   220 5657s
 1105709 1104843   15.23691   50   43    2.06971   15.82033   664%   219 5667s
 1108721 1107979   14.15158   43   40    2.06971   15.81712   664%   219 5677s
 1111859 1112118   15.08923   39   51    2.06971   15.81314   664%   219 5690s
 1116014 1115625   15.71571   46   45    2.06971   15.80971   664%   219 5701s
 1119525 1119126   12.04916   48   45    2.06971   15.80546   664%   219 5712s
 1123028 1122466   14.64590   45   54    2.06971   15.80174   663%   219 5722s
 1126372 1125902   15.78630   45   48    2.06971   15.79800   663%   219 5732s
 1129808 1129150   14.80685   52   37    2.06971   15.79469   663%   219 5742s
 1133060 1132322   12.38908   50   38    2.06971   15.79130   663%   219 5753s
 1136240 1135691    6.72221   49   34    2.06971   15.78728   663%   219 5763s
 1139609 1139060   15.06389   46   53    2.06971   15.78417   663%   219 5774s
 1142980 1143362   15.28261   55   40    2.06971   15.78063   662%   219 5788s
 1147284 1146673   14.92624   46   47    2.06971   15.77643   662%   219 5799s
 1150599 1150265   13.56912   46   47    2.06971   15.77381   662%   219 5809s
 1154191 1153807   15.76005   44   37    2.06971   15.77063   662%   219 5819s
 1157735 1157072    6.51561   50   30    2.06971   15.76616   662%   219 5829s
 1161006 1160290   15.24560   46   51    2.06971   15.76293   662%   219 5838s
 1164228 1163409   15.47925   41   46    2.06971   15.76021   661%   219 5848s
 1167347 1166870   14.01079   34   64    2.06971   15.75718   661%   219 5858s
 1170810 1170205   14.88624   49   49    2.06971   15.75417   661%   219 5867s
 1174145 1174692   13.82879   48   49    2.06971   15.75187   661%   219 5881s
 1178632 1177886   12.03479   49   36    2.06971   15.74759   661%   219 5891s
 1181828 1181086   15.73829   42   37    2.06971   15.74300   661%   219 5901s
 1185034 1184320   13.65549   44   49    2.06971   15.73965   660%   219 5911s
 1188274 1187635   14.19475   48   47    2.06971   15.73695   660%   219 5921s
 1191589 1190682   13.44540   49   41    2.06971   15.73343   660%   219 5932s
 1194640 1193868   15.71935   47   40    2.06971   15.73065   660%   219 5942s
 1197828 1197338   11.72304   49   27    2.06971   15.72728   660%   219 5953s
 1201308 1199889   12.21635   51   37    2.06971   15.72447   660%   218 5966s
 1203861 1203875   14.43535   52   44    2.06971   15.72130   660%   218 5979s
 1207849 1207503     cutoff   40         2.06971   15.71829   659%   218 5991s
 1211482 1210856   14.83341   48   45    2.06971   15.71451   659%   218 6002s
 1214837 1214283   12.71651   44   47    2.06971   15.71126   659%   218 6012s
 1218264 1217732   14.77113   48   48    2.06971   15.70947   659%   218 6022s
 1221713 1221107    8.02764   49   43    2.06971   15.70564   659%   218 6032s
 1225090 1224622   14.53376   30   55    2.06971   15.70281   659%   218 6042s
 1228605 1227869   15.56525   39   41    2.06971   15.69963   659%   218 6052s
 1231872 1231022   13.75819   46   43    2.06971   15.69592   658%   218 6061s
 1235029 1235230   15.45216   48   39    2.06971   15.69259   658%   218 6075s
 1239239 1237168   15.53102   47   49    2.06971   15.68894   658%   218 6087s
 1241179 1241059   15.68647   45   33    2.06971   15.68647   658%   218 6100s
 1245074 1244715   14.12671   51   40    2.06971   15.68246   658%   218 6111s
 1248734 1248403   15.63451   48   40    2.06971   15.67927   658%   218 6122s
 1252426 1251938   14.09022   49   50    2.06971   15.67701   657%   218 6132s
 1255961 1255244   15.00436   52   38    2.06971   15.67277   657%   218 6144s
 1259269 1258559   15.64535   47   47    2.06971   15.66988   657%   218 6154s
 1262584 1261836   15.39795   50   32    2.06971   15.66597   657%   218 6165s
 1265863 1266134   15.66331   49   35    2.06971   15.66331   657%   218 6179s
 1270165 1269343   13.67887   50   45    2.06971   15.65928   657%   218 6189s
 1273376 1272712   15.21840   33   56    2.06971   15.65629   656%   218 6199s
 1276747 1276092   15.64846   51   32    2.06971   15.65296   656%   218 6209s
 1280129 1279404   14.04556   50   38    2.06971   15.64950   656%   218 6220s
 1283445 1282664   13.53429   49   43    2.06971   15.64629   656%   218 6230s
 1286705 1285402   14.54559   38   53    2.06971   15.64372   656%   218 6242s
 1289445 1288831   14.70457   51   32    2.06971   15.64109   656%   218 6252s
 1292878 1292289   15.33424   50   49    2.06971   15.63738   656%   218 6261s
 1296338 1296403   14.82550   47   38    2.06971   15.63456   655%   218 6274s
 1300460 1299791   13.32339   50   34    2.06971   15.63195   655%   218 6285s
 1303848 1302801   13.40045   45   55    2.06971   15.62823   655%   218 6296s
 1306860 1306052   13.06414   32   54    2.06971   15.62624   655%   218 6307s
 1310113 1309547   15.62268   52   29    2.06971   15.62268   655%   218 6318s
 1313612 1312942   15.23974   46   55    2.06971   15.61933   655%   218 6328s
 1317007 1316369   15.22558   29   66    2.06971   15.61553   654%   218 6339s
 1320438 1319373   13.88939   50   47    2.06971   15.61224   654%   217 6350s
 1323442 1322760   14.23269   51   43    2.06971   15.61029   654%   217 6360s
 1326829 1326748   14.18185   45   32    2.06971   15.60782   654%   217 6374s
 1330823 1330059    8.98999   47   33    2.06971   15.60379   654%   217 6385s
 1334138 1333073   15.36749   47   45    2.06971   15.60013   654%   217 6397s
 1337152 1336547   14.81724   53   49    2.06971   15.59800   654%   217 6408s
 1340632 1339804   15.19914   44   47    2.06971   15.59507   653%   217 6419s
 1343891 1343534   14.66299   46   37    2.06971   15.59229   653%   217 6430s
 1347621 1346873   13.70881   46   34    2.06971   15.58945   653%   217 6441s
 1350964 1350354   14.88522   45   39    2.06971   15.58540   653%   217 6452s
 1354447 1353303   12.59720   52   38    2.06971   15.58409   653%   217 6462s
 1357402 1357560   15.03755   48   49    2.06971   15.58005   653%   217 6476s
 1361663 1360865   15.32306   52   45    2.06971   15.57664   653%   217 6486s
 1364970 1363690   15.57331   43   29    2.06971   15.57331   652%   217 6497s
 1367797 1367262   13.37285   43   51    2.06971   15.57158   652%   217 6507s
 1371372 1370515   13.15313   58   40    2.06971   15.56851   652%   217 6518s
 1374633 1374076   11.64058   48   42    2.06971   15.56601   652%   217 6528s
 1378196 1377362    9.27385   42   56    2.06971   15.56195   652%   217 6539s
 1381482 1380418   14.53055   47   50    2.06971   15.56046   652%   217 6549s
 1384540 1383811   15.52876   48   41    2.06971   15.55753   652%   217 6559s
 1387937 1388056   14.63269   54   46    2.06971   15.55422   652%   217 6572s
 1392184 1391056   13.43620   49   51    2.06971   15.55170   651%   217 6583s
 1395184 1394495   12.56256   45   44    2.06971   15.54960   651%   217 6594s
 1398625 1397460   14.76822   37   44    2.06971   15.54549   651%   217 6604s
 1401590 1400635   14.56966   50   42    2.06971   15.54276   651%   217 6614s
 1404767 1401326   15.31895   47   52    2.06971   15.54109   651%   217 6633s
H1405299 1401326                       2.0697153   15.53932   651%   217 6634s
 1405458 1403718   14.83075   45   46    2.06972   15.53922   651%   217 6652s
 1407852 1403750   15.50246   50   44    2.06972   15.53911   651%   217 6673s
H1407854 1403750                       2.0697153   15.53859   651%   217 6674s
 1407884 1406193   15.53810   49   42    2.06972   15.53810   651%   217 6692s
 1410331 1406225   15.53761   47   32    2.06972   15.53761   651%   217 6714s
H1410342 1406225                       2.0697153   15.53761   651%   217 6715s
H1410347 1406225                       2.0697153   15.53761   651%   217 6715s
 1410363 1409546   15.53761   48   34    2.06972   15.53761   651%   217 6732s
H1413558 1409546                       2.0697158   15.53761   651%   217 6732s
 1413684 1413627   14.98437   49   43    2.06972   15.53761   651%   217 6746s
 1417769 1413659   15.26084   55   43    2.06972   15.53158   650%   217 6767s
H1417774 1413659                       2.0697158   15.53158   650%   217 6767s
H1417777 1413659                       2.0697158   15.53158   650%   217 6768s
H1417787 1413659                       2.0697161   15.53158   650%   217 6768s
 1417801 1445365   15.52382   46   46    2.06972   15.53158   650%   217 6874s
H1419801 1445365                       2.0697161   15.52982   650%   217 6875s
 1449540 1445397   14.16835   44   46    2.06972   15.51425   650%   216 6898s
H1449541 1445397                       2.0697161   15.51425   650%   216 6898s
H1449547 1445397                       2.0697163   15.51419   650%   216 6898s
H1449570 1445397                       2.0697315   15.51411   650%   216 6898s
 1449572 1477085   15.20752   47   46    2.06973   15.51411   650%   216 7032s
 1481298 1477117   15.49617   44   52    2.06973   15.50009   649%   216 7056s
 1481330 1509045   15.44113   50   37    2.06973   15.49994   649%   216 7173s
 1513291 1513367   14.93531   50   49    2.06973   15.48374   648%   215 7187s
 1517621 1516750   11.89119   49   39    2.06973   15.48111   648%   215 7197s
 1521010 1519978   15.47825   47   49    2.06973   15.47846   648%   215 7207s
 1524240 1523178   14.71834   47   32    2.06973   15.47596   648%   215 7217s
 1527444 1526435   12.87358   48   39    2.06973   15.47336   648%   215 7227s
 1530707 1529591   15.47076   49   34    2.06973   15.47076   647%   215 7237s
 1533867 1532876   14.78628   48   34    2.06973   15.46773   647%   215 7247s
 1537154 1536210   12.90906   46   55    2.06973   15.46493   647%   215 7258s
 1540490 1539381   14.83065   45   47    2.06973   15.46196   647%   215 7268s
 1543667 1543551   14.60424   50   47    2.06973   15.45875   647%   215 7281s
 1547855 1546884   15.26153   50   42    2.06973   15.45536   647%   215 7292s
 1551194 1550156   15.07596   32   59    2.06973   15.45280   647%   215 7302s
 1554472 1553459   15.23812   46   36    2.06973   15.44950   646%   215 7313s
 1557781 1556906   15.40271   49   40    2.06973   15.44670   646%   215 7323s
 1561228 1560192   14.67029   42   45    2.06973   15.44369   646%   215 7334s
 1564518 1563642   14.14439   45   43    2.06973   15.44161   646%   215 7344s
 1567970 1566899   14.33793   51   45    2.06973   15.43863   646%   215 7354s
 1571229 1570185   12.85355   36   55    2.06973   15.43623   646%   215 7363s
 1574517 1574649   10.85232   49   50    2.06973   15.43354   646%   215 7376s
 1578989 1577853   14.42805   51   43    2.06973   15.43023   646%   215 7386s
 1582193 1581140   15.42849   47   31    2.06973   15.42849   645%   215 7396s
 1585482 1584179   14.47483   53   40    2.06973   15.42581   645%   215 7405s
 1588521 1587504    9.93553   45   47    2.06973   15.42313   645%   215 7415s
 1591846 1590636   15.42074   49   44    2.06973   15.42074   645%   215 7425s
 1594982 1593914   14.67479   37   55    2.06973   15.41856   645%   215 7435s
 1598266 1597117   14.03744   41   49    2.06973   15.41545   645%   215 7445s
 1601471 1600364   14.67532   49   46    2.06973   15.41288   645%   215 7456s
 1604720 1604510   15.40977   50   33    2.06973   15.40977   645%   215 7469s
 1608876 1607820   14.37330   40   54    2.06973   15.40664   644%   215 7480s
 1612190 1611159   13.53215   56   33    2.06973   15.40380   644%   215 7490s
 1615531 1614448   14.93685   50   41    2.06973   15.40187   644%   215 7500s
 1618822 1617807   13.39274   48   49    2.06973   15.39870   644%   215 7511s
 1622185 1621065   15.15076   57   39    2.06973   15.39570   644%   215 7521s
 1625443 1624416   14.20823   52   46    2.06973   15.39339   644%   215 7530s
 1628796 1627706   11.50317   50   34    2.06973   15.39108   644%   215 7541s
 1632092 1630834   13.97173   49   52    2.06973   15.38827   643%   214 7551s
 1635220 1635081   15.33026   46   52    2.06973   15.38597   643%   214 7565s
 1639467 1638163   14.72540   48   53    2.06973   15.38300   643%   214 7575s
 1642553 1641450   13.86333   55   30    2.06973   15.37942   643%   214 7586s
 1645846 1644907   11.56764   48   45    2.06973   15.37651   643%   214 7597s
 1649307 1648031   15.01340   52   38    2.06973   15.37432   643%   214 7608s
 1652433 1651393   13.56424   59   36    2.06973   15.37112   643%   214 7618s
 1655797 1654668   14.92600   50   36    2.06973   15.36893   643%   214 7629s
 1659078 1657869   10.61220   38   60    2.06973   15.36623   642%   214 7639s
 1662281 1661187   14.47022   52   36    2.06973   15.36425   642%   214 7649s
 1665601 1665515   13.62300   53   44    2.06973   15.36172   642%   214 7662s
 1669931 1668708   15.12891   48   39    2.06973   15.35855   642%   214 7672s
 1673130 1671988   15.29259   43   53    2.06973   15.35547   642%   214 7682s
 1676410 1675268   13.76946   46   38    2.06973   15.35317   642%   214 7692s
 1679690 1678361   14.53288   60   36    2.06973   15.35038   642%   214 7702s
 1682783 1681571   14.28761   50   42    2.06973   15.34791   642%   214 7712s
 1685995 1684664   13.28417   52   48    2.06973   15.34513   641%   214 7723s
 1689088 1687908   15.34235   49   41    2.06973   15.34293   641%   214 7734s
 1692334 1691255   14.90625   47   54    2.06973   15.34025   641%   214 7744s
 1695687 1695340   13.80527   45   53    2.06973   15.33769   641%   214 7757s
 1699778 1698319   12.54809   51   43    2.06973   15.33504   641%   214 7769s
 1702763 1701785   10.39772   33   52    2.06973   15.33231   641%   214 7780s
 1706229 1705177   14.68772   42   58    2.06973   15.32950   641%   214 7791s
 1709623 1708534   13.36162   47   58    2.06973   15.32673   641%   214 7801s
 1712980 1711938   14.57624   40   51    2.06973   15.32438   640%   214 7812s
 1716392 1713536   14.45023   53   34    2.06973   15.32199   640%   214 7826s
 1717992 1717483   13.29021   39   55    2.06973   15.32036   640%   214 7837s
 1721943 1721051   14.66529   50   47    2.06973   15.31794   640%   214 7848s
 1725511 1725102   14.00443   38   46    2.06973   15.31537   640%   214 7861s
 1729564 1728570   14.61055   43   54    2.06973   15.31228   640%   214 7871s
 1733034 1731873   13.24748   58   41    2.06973   15.30964   640%   214 7882s
 1736345 1735366   15.28728   44   45    2.06973   15.30800   640%   214 7892s
 1739842 1738789   14.48305   45   40    2.06973   15.30535   639%   214 7902s
 1743271 1741933   14.42184   42   38    2.06973   15.30296   639%   214 7911s
 1746419 1745124   13.93335   39   54    2.06973   15.30130   639%   214 7921s
 1749612 1748368   13.51539   58   33    2.06973   15.29867   639%   214 7931s
 1752860 1751524   14.89217   50   46    2.06973   15.29657   639%   214 7941s
 1756016 1755595   15.12069   49   48    2.06973   15.29405   639%   214 7954s
 1760091 1758798   14.76941   52   40    2.06973   15.29084   639%   214 7964s
 1763294 1762336   12.23776   49   38    2.06973   15.28853   639%   214 7974s
 1766832 1765491   14.11113   52   46    2.06973   15.28576   639%   214 7984s
 1769987 1768964   13.85257   27   66    2.06973   15.28295   638%   214 7994s
 1773464 1772477   14.99449   48   44    2.06973   15.28012   638%   214 8005s
 1776981 1775699   14.09858   48   50    2.06973   15.27769   638%   214 8015s
 1780205 1778906   13.60430   51   29    2.06973   15.27519   638%   214 8025s
 1783420 1782294   15.02163   41   41    2.06973   15.27356   638%   214 8035s
 1786814 1785932   15.21849   47   44    2.06973   15.27084   638%   214 8048s
 1790460 1789804   13.07718   45   56    2.06973   15.26852   638%   214 8060s
 1794332 1793384   15.10800   38   54    2.06973   15.26550   638%   213 8071s
 1797912 1796665   14.75674   50   43    2.06973   15.26302   637%   213 8081s
 1801197 1800045   13.74667   56   41    2.06973   15.26063   637%   213 8091s
 1804587 1801371   13.47292   52   43    2.06973   15.25818   637%   213 8106s
 1805915 1805210   14.55873   53   43    2.06973   15.25705   637%   213 8117s
 1809754 1808744   13.15822   36   54    2.06973   15.25462   637%   213 8128s
 1813292 1812263   10.82074   45   53    2.06973   15.25254   637%   213 8138s
 1816811 1816473   13.13756   54   44    2.06973   15.25006   637%   213 8151s
 1821025 1819810   11.82558   48   42    2.06973   15.24670   637%   213 8161s
 1824370 1823101   15.22921   42   50    2.06973   15.24445   637%   213 8171s
 1827663 1826290   15.06970   42   47    2.06973   15.24221   636%   213 8180s
 1830854 1829421   12.27277   37   45    2.06973   15.23974   636%   213 8191s
 1833987 1832566   12.66674   45   53    2.06973   15.23739   636%   213 8201s
 1837134 1835765   14.97850   62   26    2.06973   15.23530   636%   213 8210s
 1840337 1839161   14.66844   51   49    2.06973   15.23355   636%   213 8220s
 1843737 1842271   15.23143   47   44    2.06973   15.23202   636%   213 8231s
 1846853 1846326   15.22804   48   41    2.06973   15.22900   636%   213 8243s
 1850908 1849841   14.59504   48   37    2.06973   15.22599   636%   213 8253s
 1854425 1853031   14.84487   49   38    2.06973   15.22410   636%   213 8263s
 1857619 1856212   14.92317   40   56    2.06973   15.22174   635%   213 8273s
 1860800 1859348   14.97567   35   54    2.06973   15.21889   635%   213 8284s
 1863940 1862763   15.21679   52   31    2.06973   15.21679   635%   213 8294s
 1867360 1865967    6.52287   43   36    2.06973   15.21395   635%   213 8304s
 1870566 1869258   14.84400   40   43    2.06973   15.21171   635%   213 8314s
 1873859 1872503   15.03235   31   66    2.06973   15.20971   635%   213 8324s
 1877106 1876873   11.60121   42   56    2.06973   15.20709   635%   213 8337s
 1881480 1879852   14.91320   47   36    2.06973   15.20478   635%   213 8347s
 1884459 1883098   14.67134   47   49    2.06973   15.20287   635%   213 8357s
 1887707 1886258   13.90019   52   48    2.06973   15.20073   634%   213 8367s
 1890871 1889003   14.71863   51   33    2.06973   15.19853   634%   213 8378s
 1893620 1892336   14.28540   53   41    2.06973   15.19669   634%   213 8388s
 1896955 1895638   14.82847   56   38    2.06973   15.19407   634%   213 8399s
 1900257 1898982   13.26253   49   47    2.06973   15.19191   634%   213 8409s
 1903605 1902001   11.01443   44   49    2.06973   15.19041   634%   213 8419s
 1906632 1905987   11.32566   51   51    2.06973   15.18755   634%   213 8433s
 1910624 1909719   13.53738   46   47    2.06973   15.18529   634%   213 8443s
 1914356 1912863   15.17515   48   55    2.06973   15.18366   634%   213 8453s
 1917500 1915498   14.95173   44   31    2.06973   15.18001   633%   213 8464s
 1920135 1918887   12.53948   49   55    2.06973   15.17912   633%   213 8474s
 1923526 1922546   12.67733   50   51    2.06973   15.17612   633%   213 8485s
 1927187 1925951   14.46334   51   47    2.06973   15.17398   633%   213 8495s
 1930602 1929114   14.60854   44   39    2.06973   15.17147   633%   213 8505s
 1933769 1932467   13.25732   38   46    2.06973   15.16917   633%   213 8515s
 1937126 1936749   15.16713   40   56    2.06973   15.16713   633%   213 8528s
 1941412 1939648   14.58257   45   45    2.06973   15.16413   633%   213 8538s
 1944311 1942917    8.46388   40   46    2.06973   15.16204   633%   212 8548s
 1947584 1946338   13.05034   56   41    2.06973   15.15987   632%   212 8558s
 1951005 1949358   15.15839   48   32    2.06973   15.15839   632%   212 8568s
 1954031 1952662   13.90070   50   42    2.06973   15.15615   632%   212 8579s
 1957337 1955809   15.15394   49   32    2.06973   15.15394   632%   212 8589s
 1960498 1958700   14.93681   51   45    2.06973   15.15131   632%   212 8599s
 1963391 1962156   13.60244   56   34    2.06973   15.14899   632%   212 8610s
 1966853 1966220   11.00265   50   29    2.06973   15.14669   632%   212 8623s
 1970919 1969643   15.14415   47   41    2.06973   15.14415   632%   212 8633s
 1974342 1972432   14.98877   38   52    2.06973   15.14182   632%   212 8644s
 1977133 1975874   15.02875   40   47    2.06973   15.13985   631%   212 8655s
 1980579 1979303   15.13188   45   43    2.06973   15.13748   631%   212 8665s
 1984008 1982674   15.13563   43   41    2.06973   15.13563   631%   212 8675s
 1987379 1985942   13.72167   49   48    2.06973   15.13348   631%   212 8685s
 1990655 1988995   13.28408   51   51    2.06973   15.13140   631%   212 8696s
 1993708 1992373   14.86668   44   30    2.06973   15.12982   631%   212 8706s
 1997086 1996320   15.12723   43   42    2.06973   15.12767   631%   212 8719s
 2001033 1999409   14.47146   41   36    2.06973   15.12496   631%   212 8730s
 2004122 2002936   15.00573   45   49    2.06973   15.12411   631%   212 8742s
 2007653 2006508   14.89689   47   52    2.06973   15.12112   631%   212 8753s
 2011225 2009551   12.70956   44   47    2.06973   15.11854   630%   212 8764s
 2014276 2013021   14.63344   49   38    2.06973   15.11646   630%   212 8775s
 2017752 2016375   13.48501   47   55    2.06973   15.11503   630%   212 8785s
 2021106 2019488   14.75680   47   45    2.06973   15.11242   630%   212 8796s
 2024221 2023009   14.53217   56   34    2.06973   15.11036   630%   212 8807s
 2027746 2027152   15.04905   49   34    2.06973   15.10878   630%   212 8819s
 2031889 2029538   15.03386   43   46    2.06973   15.10670   630%   212 8832s
 2034277 2033176    9.48766   47   39    2.06973   15.10457   630%   212 8843s
 2037919 2036662   15.10290   39   48    2.06973   15.10290   630%   212 8854s
 2041407 2040250   14.07669   38   53    2.06973   15.10050   630%   212 8865s
 2045003 2043471   14.49927   55   46    2.06973   15.09821   629%   212 8876s
 2048226 2046900   14.05737   46   30    2.06973   15.09641   629%   212 8886s
 2051657 2050248   13.54088   53   46    2.06973   15.09382   629%   212 8897s
 2055009 2053758   13.26015   37   50    2.06973   15.09148   629%   212 8907s
 2058521 2057818   15.08770   50   51    2.06973   15.08946   629%   212 8921s
 2062581 2060922   14.04955   33   52    2.06973   15.08726   629%   212 8931s
 2065687 2063761   11.92312   44   47    2.06973   15.08495   629%   212 8942s
 2068528 2067273   14.37795   48   46    2.06973   15.08300   629%   212 8953s
 2072042 2070694   13.68982   50   42    2.06973   15.08176   629%   212 8964s
 2075465 2074297   13.29868   46   42    2.06973   15.07883   629%   212 8974s
 2079070 2077884    8.14844   36   47    2.06973   15.07650   628%   212 8984s
 2082665 2081148   13.71096   56   40    2.06973   15.07476   628%   212 8994s
 2085931 2084483   14.24018   53   41    2.06973   15.07220   628%   212 9004s
 2089266 2088000   15.01257   52   43    2.06973   15.07081   628%   212 9018s
 2092785 2091625   14.84193   46   40    2.06973   15.06839   628%   212 9030s
 2096410 2095357   13.25652   49   49    2.06973   15.06654   628%   211 9041s
 2100154 2098963   13.40361   47   39    2.06973   15.06421   628%   211 9051s
 2103764 2102206   14.99772   45   32    2.06973   15.06200   628%   211 9062s
 2107013 2105590   11.63887   46   49    2.06973   15.05995   628%   211 9072s
 2110401 2108527   14.73469   33   44    2.06973   15.05782   628%   211 9083s
 2113338 2111869   11.68731   48   40    2.06973   15.05568   627%   211 9093s
 2116680 2115445    6.88828   45   30    2.06973   15.05374   627%   211 9103s
 2120260 2119562   14.36409   53   47    2.06973   15.05163   627%   211 9115s
 2124382 2122283   15.04917   45   43    2.06973   15.04917   627%   211 9125s
 2127103 2125702   14.72931   56   38    2.06973   15.04821   627%   211 9136s
 2130524 2129217    9.68347   47   32    2.06973   15.04567   627%   211 9146s
 2134045 2132560   14.03499   52   43    2.06973   15.04301   627%   211 9156s
 2137392 2135919    3.86256   33   53    2.06973   15.04085   627%   211 9166s
 2140753 2138931   11.92301   45   46    2.06973   15.03888   627%   211 9176s
 2143765 2142469   14.71450   51   37    2.06973   15.03745   627%   211 9187s
 2147307 2145935   14.17663   50   41    2.06973   15.03523   626%   211 9197s
 2150775 2150032   13.45893   54   36    2.06973   15.03308   626%   211 9209s
 2154872 2152967   13.34984   36   50    2.06973   15.03083   626%   211 9219s
 2157813 2156187   15.02930   49   35    2.06973   15.02930   626%   211 9230s
 2161039 2159939   13.79637   48   39    2.06973   15.02669   626%   211 9240s
 2164793 2162846   13.68933   52   36    2.06973   15.02501   626%   211 9251s
 2167704 2166155   14.28297   46   54    2.06973   15.02292   626%   211 9261s
 2171015 2169460   14.36595   48   37    2.06973   15.02099   626%   211 9271s
 2174322 2172937   12.98296   46   53    2.06973   15.01895   626%   211 9281s
 2177808 2175934   14.63799   47   44    2.06973   15.01735   626%   211 9291s
 2180809 2179947   10.97346   45   50    2.06973   15.01565   625%   211 9304s
 2184826 2183531   14.56141   37   53    2.06973   15.01399   625%   211 9312s
 2188410 2186666   12.14235   47   45    2.06973   15.01125   625%   211 9321s
 2191555 2189665   13.80177   44   48    2.06973   15.00964   625%   211 9331s
 2194554 2192886   14.39984   51   44    2.06973   15.00821   625%   211 9341s
 2197783 2196294   13.93476   48   45    2.06973   15.00659   625%   211 9350s
 2201195 2199426   14.98273   47   41    2.06973   15.00463   625%   211 9360s
 2204331 2201261   14.35524   38   57    2.06973   15.00250   625%   211 9374s
 2206166 2204710   13.44308   53   37    2.06973   15.00161   625%   211 9384s
 2209619 2208366   14.35350   53   40    2.06973   14.99941   625%   211 9395s
 2213283 2212410    9.36982   47   46    2.06973   14.99723   625%   211 9407s
 2217331 2215810   12.66508   47   33    2.06973   14.99442   624%   211 9417s
 2220733 2218952   14.72019   47   57    2.06973   14.99261   624%   211 9426s
H2223881 2220369                       2.0697460   14.99104   624%   211 9443s
H2223930 2220369                       2.0697675   14.99104   624%   211 9444s
H2224058 2220369                       2.0698072   14.99071   624%   211 9444s
H2224106 2220369                       2.0699355   14.99071   624%   211 9444s
H2224442 2220369                       2.0700342   14.99040   624%   211 9444s
H2224448 2220369                       2.0701020   14.99037   624%   211 9444s
H2224556 2220369                       2.0704808   14.99034   624%   211 9444s
H2224849 2220369                       2.0708562   14.99015   624%   211 9445s
 2225298 2224113    9.42834   50   40    2.07086   14.98991   624%   211 9455s
 2229044 2224145   13.72452   51   47    2.07086   14.98810   624%   211 9473s
H2229050 2224145                       2.0708562   14.98779   624%   211 9475s
H2229055 2224145                       2.0708562   14.98769   624%   211 9475s
H2229061 2224145                       2.0727142   14.98761   623%   211 9475s
 2229076 2227844   14.82636   48   48    2.07271   14.98749   623%   211 9486s
 2232785 2227876   12.29783   37   61    2.07271   14.98606   623%   211 9505s
 2232817 2229704   13.38447   54   40    2.07271   14.98541   623%   211 9519s
 2234645 2233536   10.77976   44   37    2.07271   14.98442   623%   211 9530s
 2238483 2237240   14.25112   49   51    2.07271   14.98248   623%   211 9541s
 2242191 2241239   14.84518   49   30    2.07271   14.98027   623%   211 9553s
 2246202 2244631   12.19239   37   47    2.07271   14.97873   623%   211 9563s
 2249596 2247793    8.40797   52   47    2.07271   14.97621   623%   211 9574s
 2252762 2251107   14.96691   45   34    2.07271   14.97431   622%   211 9584s
 2256080 2254195   13.09682   50   48    2.07271   14.97223   622%   211 9595s
 2259168 2257504   14.25808   50   48    2.07271   14.97039   622%   210 9606s
 2262479 2259114   14.36110   51   45    2.07271   14.96865   622%   210 9620s
 2264089 2262717   14.33970   57   45    2.07271   14.96736   622%   210 9632s
 2267694 2266283   13.79408   47   51    2.07271   14.96555   622%   210 9643s
 2271266 2270290    8.87920   48   34    2.07271   14.96348   622%   210 9656s
 2275279 2273603   14.48860   47   37    2.07271   14.96091   622%   210 9666s
 2278600 2277006   12.29910   48   49    2.07271   14.95892   622%   210 9675s
 2282003 2280229   12.35456   41   63    2.07271   14.95670   622%   210 9684s
 2285232 2283473   14.56135   48   53    2.07271   14.95536   622%   210 9693s
 2288480 2286814   13.79724   45   50    2.07271   14.95343   621%   210 9703s
 2291821 2290172   14.92463   49   55    2.07271   14.95158   621%   210 9713s
 2295179 2293507   14.22942   46   40    2.07271   14.95003   621%   210 9723s
 2298520 2296914   14.21110   51   50    2.07271   14.94797   621%   210 9733s
 2301929 2301162    8.91077   52   38    2.07271   14.94648   621%   210 9746s
 2306177 2304339   14.00668   51   33    2.07271   14.94466   621%   210 9755s
 2309354 2307626   14.92880   49   42    2.07271   14.94248   621%   210 9765s
 2312645 2310949   14.16812   55   38    2.07271   14.94062   621%   210 9774s
 2315980 2314004   14.74686   52   36    2.07271   14.93888   621%   210 9784s
 2319043 2317252   13.28903   52   46    2.07271   14.93773   621%   210 9793s
 2322291 2320465   14.35672   47   49    2.07271   14.93607   621%   210 9803s
 2325510 2323746   13.79539   38   51    2.07271   14.93415   621%   210 9812s
 2328795 2326872   13.38839   46   41    2.07271   14.93323   620%   210 9822s
 2331921 2330989   13.85378   42   45    2.07271   14.93130   620%   210 9833s
 2336052 2334028   11.00828   49   35    2.07271   14.92968   620%   210 9843s
 2339100 2337052   14.92757   51   43    2.07271   14.92757   620%   210 9854s
 2342124 2340436   13.94202   48   36    2.07271   14.92572   620%   210 9864s
 2345512 2343928   14.90231   47   52    2.07271   14.92414   620%   210 9874s
 2349010 2346987   12.66225   53   45    2.07271   14.92240   620%   210 9885s
 2352071 2350343   13.85703   34   58    2.07271   14.92124   620%   210 9895s
 2355431 2353602   14.74210   45   41    2.07271   14.91962   620%   210 9905s
 2358710 2356934   14.60086   51   39    2.07271   14.91769   620%   210 9915s
 2362044 2360529   14.91537   45   48    2.07271   14.91582   620%   210 9927s
 2365641 2364209   12.50236   37   48    2.07271   14.91378   620%   210 9937s
 2369321 2367633   14.88975   46   36    2.07271   14.91259   619%   210 9948s
 2372749 2371056   14.78212   52   29    2.07271   14.91031   619%   210 9958s
 2376172 2374189   12.61832   53   42    2.07271   14.90803   619%   210 9968s
 2379311 2377517   11.81381   48   48    2.07271   14.90655   619%   210 9979s
 2382639 2380430   14.63361   47   35    2.07271   14.90466   619%   210 9990s
 2385554 2384109   12.31312   49   31    2.07271   14.90275   619%   210 10000s
 2389233 2387310   13.47864   51   44    2.07271   14.90154   619%   210 10009s
 2392434 2391399   14.68173   38   46    2.07271   14.89932   619%   210 10021s
 2396523 2394204   14.19689   49   51    2.07271   14.89751   619%   210 10032s
 2399332 2397483   11.29640   43   52    2.07271   14.89599   619%   210 10043s
 2402613 2400965   11.57478   40   52    2.07271   14.89445   619%   210 10053s
 2406107 2404479   13.74725   49   42    2.07271   14.89270   619%   210 10064s
 2409623 2407556   14.78186   49   43    2.07271   14.89046   618%   210 10075s
 2412702 2410858   14.28025   52   44    2.07271   14.88920   618%   210 10085s
 2416010 2414194   14.71444   46   44    2.07271   14.88761   618%   210 10095s
 2419350 2417027   11.31151   45   43    2.07271   14.88587   618%   210 10106s
 2422199 2420850   12.93578   41   43    2.07271   14.88423   618%   210 10118s
 2426032 2424080    7.28577   49   33    2.07271   14.88239   618%   210 10128s
 2429266 2425487    5.58546   51   39    2.07271   14.88053   618%   210 10144s
H2430422 2425487                       2.0727142   14.87985   618%   210 10145s
 2430674 2428100   11.37810   49   40    2.07271   14.87976   618%   210 10161s
H2433291 2428132                       2.0727143   14.87876   618%   210 10182s
 2433323 2431833   14.87855   50   41    2.07271   14.87855   618%   210 10195s
 2437024 2431879   10.02041   45   49    2.07271   14.87678   618%   210 10215s
H2437025 2431879                       2.0727143   14.87678   618%   210 10216s
H2437041 2431879                       2.0727172   14.87678   618%   210 10216s
 2437070 2436160   13.92601   51   38    2.07272   14.87678   618%   210 10228s
 2441351 2436192   11.58779   44   40    2.07272   14.87409   618%   210 10247s
H2441353 2436192                       2.0727172   14.87406   618%   210 10248s
 2441383 2438931   14.73051   48   47    2.07272   14.87362   618%   210 10262s
 2444128 2438963   14.82402   49   35    2.07272   14.87255   618%   210 10282s
H2444152 2438963                       2.0727173   14.87196   618%   210 10283s
 2444160 2442009   14.60413   46   48    2.07272   14.87196   618%   210 10298s
 2447210 2442041   12.62103   45   49    2.07272   14.87053   617%   209 10318s
H2447221 2442041                       2.0727174   14.87024   617%   209 10318s
 2447242 2445187   13.96437   46   51    2.07272   14.86998   617%   209 10333s
 2450398 2445219   13.00044   45   43    2.07272   14.86878   617%   209 10358s
H2450400 2445219                       2.0727175   14.86876   617%   209 10359s
H2450402 2445219                       2.0727175   14.86874   617%   209 10359s
H2450424 2445219                       2.0727175   14.86842   617%   209 10359s
 2450430 2448852   14.46000   47   49    2.07272   14.86842   617%   209 10375s
H2454067 2448884                       2.0727175   14.86737   617%   209 10395s
H2454071 2448884                       2.0727175   14.86722   617%   209 10395s
H2454085 2448884                       2.0727175   14.86698   617%   209 10395s
H2454091 2448884                       2.0727176   14.86685   617%   209 10395s
 2454099 2480498   14.33708   51   43    2.07272   14.86669   617%   209 10507s
 2485737 2480530   12.25837   35   61    2.07272   14.85815   617%   209 10529s
H2485755 2480530                       2.0727176   14.85807   617%   209 10530s
H2485765 2480530                       2.0727180   14.85799   617%   209 10530s
H2485769 2505986                       2.0727180   14.85795   617%   209 10801s
H2491972 2505986                       2.0727181   14.85790   617%   209 10801s

Cutting planes:
  Gomory: 2
  Projected implied bound: 168
  MIR: 837
  Flow cover: 81
  RLT: 961
  Relax-and-lift: 52

Explored 2511271 nodes (525236161 simplex iterations) in 10802.10 seconds (26342.33 work units)
Thread count was 32 (of 255 available processors)

Solution count 10: 2.07272 2.07272 2.07272 ... 2.07271

Time limit reached
Best objective 2.072718129028e+00, best bound 1.485775626074e+01, gap 616.8247%

User-callback calls 5805997, time in user-callback 1.97 sec
source: 2 target: 3 model_arch: 3x50 perturbation type: brightness perturbation size: [0.25] dataset: mnist
Attack:   0%|          | 0/500 [00:00<?, ?it/s]Attack:   3%|▎         | 15/500 [00:00<00:03, 146.65it/s]Attack:  11%|█         | 56/500 [00:00<00:01, 299.06it/s]Attack:  19%|█▉        | 97/500 [00:00<00:01, 348.23it/s]Attack:  28%|██▊       | 138/500 [00:00<00:00, 371.06it/s]Attack:  36%|███▌      | 179/500 [00:00<00:00, 383.94it/s]Attack:  44%|████▍     | 220/500 [00:00<00:00, 390.15it/s]Attack:  52%|█████▏    | 261/500 [00:00<00:00, 394.31it/s]Attack:  60%|██████    | 302/500 [00:00<00:00, 397.80it/s]Attack:  68%|██████▊   | 342/500 [00:00<00:00, 395.57it/s]Attack:  76%|███████▋  | 382/500 [00:01<00:00, 390.98it/s]Attack:  84%|████████▍ | 422/500 [00:01<00:00, 392.82it/s]Attack:  93%|█████████▎| 464/500 [00:01<00:00, 398.46it/s]Attack: 100%|█████████▉| 499/500 [00:01<00:00, 381.32it/s]
best_val 2.560980796813965
Set parameter WLSAccessID
Set parameter WLSSecret
Set parameter LicenseID to value 2478548
Academic license 2478548 - for non-commercial use only - registered to ne___@campus.technion.ac.il
Encoding the two copies...
Encoding dependencies (activation_start=1, layers_offset=2)...
2.072718129027778  14.857756260744477  10802.136569976807
paper_experiments_with_zono_fix/mnist/3x50_exp/brightness/eps_0.25/N2stdBoost_3x50_19_sgd_itr1/
Clean sample classification: 3
Perturbed sample classification: 2
compute_n2_relax_decision!: no shape source available (relu_diff_up_bounds and n2_abs_up_bounds both empty) — skipping decision precompute
[notice | Main.MIPVerify]: Determining upper and lower bounds for the input to each non-linear unit.
Set parameter WLSAccessID
Set parameter WLSSecret
Set parameter LicenseID to value 2478548
Academic license 2478548 - for non-commercial use only - registered to ne___@campus.technion.ac.il
Set parameter TimeLimit to value 5
Set parameter WLSAccessID
Set parameter WLSSecret
Set parameter LicenseID to value 2478548
Academic license 2478548 - for non-commercial use only - registered to ne___@campus.technion.ac.il
Set parameter MIPFocus to value 3
Set parameter Cutoff to value 2.5609807968139648e+00
Set parameter Threads to value 32
Set parameter TimeLimit to value 10800
Set parameter MIPGap to value 0.01
Set parameter Seed to value 4
Set parameter Seed to value 4
Set parameter MIPGap to value 0.01
Set parameter MIPFocus to value 3
Set parameter Cutoff to value 2.5609807968139648e+00
Set parameter Threads to value 32
Set parameter TimeLimit to value 10800
Warning for adding constraints: zero or small (< 1e-13) coefficients, ignored
Gurobi Optimizer version 13.0.0 build v13.0.0rc1 (linux64 - "Ubuntu 20.04.2 LTS")

CPU model: AMD EPYC 7713 64-Core Processor, instruction set [SSE2|AVX|AVX2]
Thread count: 127 physical cores, 255 logical processors, using up to 32 threads

Non-default parameters:
Cutoff  2.5609807968139648e+00
TimeLimit  10800
MIPGap  0.01
MIPFocus  3
Seed  4
Threads  32

Academic license 2478548 - for non-commercial use only - registered to ne___@campus.technion.ac.il
Optimize a model with 1587 rows, 1909 columns and 127503 nonzeros (Max)
Model fingerprint: 0x4174eb1f
Model has 1 linear objective coefficients
Variable types: 1740 continuous, 169 integer (169 binary)
Coefficient statistics:
  Matrix range     [3e-13, 5e+01]
  Objective range  [1e+00, 1e+00]
  Bounds range     [6e-08, 5e+01]
  RHS range        [4e-13, 4e+01]

Processing user MIP start: 0 nodes explored in subMIP, total elapsed time 5s
Processing user MIP start: 272 nodes explored in subMIP, total elapsed time 10s
User MIP start did not produce a new incumbent solution
Processed MIP start in 11.61 seconds (31.94 work units)

Presolve removed 171 rows and 3 columns
Presolve time: 0.19s
Presolved: 1416 rows, 1906 columns, 126222 nonzeros
Variable types: 1738 continuous, 168 integer (168 binary)
Root relaxation presolve removed 113 rows and 113 columns
Root relaxation presolved: 1303 rows, 1793 columns, 125883 nonzeros


Root simplex log...

Iteration    Objective       Primal Inf.    Dual Inf.      Time
       0    1.0074246e+02   1.999697e+02   0.000000e+00     12s
    1163    4.3783294e+01   0.000000e+00   0.000000e+00     12s
    1165    4.3783294e+01   0.000000e+00   0.000000e+00     12s

Extra simplex iterations after uncrush: 2

Root relaxation: objective 4.378329e+01, 1165 iterations, 0.33 seconds (0.44 work units)
Another try with MIP start

    Nodes    |    Current Node    |     Objective Bounds      |     Work
 Expl Unexpl |  Obj  Depth IntInf | Incumbent    BestBd   Gap | It/Node Time

     0     0   43.78329    0   89          -   43.78329      -     -   26s
     0     0   33.71117    0   93          -   33.71117      -     -   34s
     0     0   33.71117    0   93          -   33.71117      -     -   34s
     0     0   33.71117    0   98          -   33.71117      -     -   34s
     0     0   33.71117    0   96          -   33.71117      -     -   34s
     0     0   33.71117    0   96          -   33.71117      -     -   35s
     0     0   33.71117    0   98          -   33.71117      -     -   35s
     0     0   33.71117    0   96          -   33.71117      -     -   35s
     0     0   33.71117    0   97          -   33.71117      -     -   35s
     0     0   33.71117    0   97          -   33.71117      -     -   35s
     0     0   33.41647    0   96          -   33.41647      -     -   35s
     0     0   33.41647    0   96          -   33.41647      -     -   36s
     0     0   33.41623    0   99          -   33.41623      -     -   38s
     0     0   33.41623    0   98          -   33.41623      -     -   38s
     0     0   33.41623    0   98          -   33.41623      -     -   38s
     0     0   33.41623    0   99          -   33.41623      -     -   38s
     0     0   32.93704    0   99          -   32.93704      -     -   38s
     0     0   32.93167    0   98          -   32.93167      -     -   40s
     0     0   32.93167    0   98          -   32.93167      -     -   41s
     0     0   32.78296    0   98          -   32.78296      -     -   42s
     0     0   32.78296    0   98          -   32.78296      -     -   43s
     0     2   32.78296    0   98          -   32.78296      -     -   44s
     1     4   32.78296    1   94          -   32.78296      -   707   45s
    31    64   30.41945    5   95          -   32.78296      -   819   51s
    95   128   28.24296    7   90          -   30.93477      -   913   55s
   238   310   28.22633   11   83          -   28.42141      -   849   61s
   445   510   18.86045    9   79          -   26.44283      -   700   65s
   715   773   24.70395   11   87          -   25.48344      -   637   70s
  1003  1038   23.47279   14   84          -   24.86404      -   603   75s
  1468  1589   24.06920   15   78          -   24.47252      -   526   80s
  1932  2142   21.71049    8   65          -   24.17590      -   475   85s
  2893  2894   14.08626   10   98          -   23.82130      -   404  123s
  2895  2895   22.85829   16   89          -   23.82130      -   403  125s
  2901  2899   23.05905   13   96          -   23.82130      -   402  130s
  2903  2901   17.73985   25   98          -   23.82130      -   402  136s
  2905  2902   21.81351   24   98          -   23.82130      -   402  140s
  2912  2916   23.82130   15   95          -   23.82130      -   405  146s
  2936  2956   23.82130   17   97          -   23.82130      -   410  151s
  2968  2977   23.82130   18   88          -   23.82130      -   417  156s
  3000  3004   23.82130   19   92          -   23.82130      -   427  165s
  3038  3043   23.82130   20   89          -   23.82130      -   440  175s
  3089  3069   23.82130   21   89          -   23.82130      -   454  189s
  3103  3064   23.82130   21   85          -   23.82130      -   460  190s
  3132  3116   23.82130   22   89          -   23.82130      -   466  198s
  3194  3167   23.82130   23   84          -   23.82130      -   480  206s
  3265  3200   23.81057   24   78          -   23.82130      -   496  213s
  3322  3214   23.82130   25   84          -   23.82130      -   507  227s
  3355  3241   23.82130   26   83          -   23.82130      -   517  234s
  3393  3279   23.82130   27   81          -   23.82130      -   526  241s
  3444  3347   23.82130   23   91          -   23.82130      -   537  248s
  3529  3411   19.44611   29   81          -   23.82130      -   546  253s
  3621  3460   22.88748   19   89          -   23.82130      -   554  259s
  3701  3502   23.82130   23   87          -   23.82130      -   560  265s
  3769  3545   20.98043   24   63          -   23.82130      -   570  271s
  3835  3620   22.18814   21   88          -   23.82130      -   578  277s
  3932  3671   11.32338   27   58          -   23.82130      -   584  283s
  4015  3696   12.15233   22   77          -   23.82130      -   593  289s
  4068  3767   21.74664   26   79          -   23.82130      -   599  295s
  4157  3872   19.75947   23   74          -   23.82130      -   606  301s
  4291  3986   20.64051   31   74          -   23.82130      -   609  308s
  4450  4140   20.28995   20   74          -   23.82130      -   609  314s
  4657  4207   15.75805   29   57          -   23.82130      -   606  321s
  4793  4421   23.57222   24   81          -   23.82130      -   606  327s
  5052  4586   22.05780   24   88          -   23.82130      -   595  332s
  5304  4768   14.58144   22   64          -   23.82130      -   589  338s
  5570  4758   23.51039   28   82          -   23.82130      -   581  345s
  5648  5037   23.20846   21   88          -   23.77783      -   584  351s
  5953  5403   20.35475   34   66          -   23.70376      -   575  357s
  6421  5817   23.37491   29   74          -   23.64992      -   554  362s
  6991  5659   17.52795   27   69          -   23.58902      -   530  397s
  7023  6079   23.37687   27   84          -   23.53910      -   533  402s
  7454  6511   11.25954   27   61          -   23.47078      -   521  408s
  8029  6936   23.06866   25   87          -   23.41987      -   502  413s
  8646  7413   17.13917   27   76          -   23.36860      -   484  419s
  9329  8111   21.58360   32   67          -   23.34064      -   466  423s
 10254  8584   22.99356   31   79          -   23.30781      -   442  429s
 11038  8977   16.80091   26   70          -   23.25831      -   425  435s
 11692  9657   16.37956   22   77          -   23.20813      -   416  440s
 12563 10625   22.65158   25   85          -   23.16270      -   402  446s
 13531 11642   17.76745   28   81          -   23.11065      -   389  451s
 14556 12123   20.07445   25   72          -   23.04942      -   375  457s
 15043 13168   22.62924   27   74          -   23.02336      -   371  462s
 16107 13200   20.62376   27   77          -   22.97274      -   360  481s
 16139 13232   20.26096   24   85          -   22.92822      -   362  505s
 16171 13264   19.24721   29   77          -   22.88316      -   364  535s
 16203 13296   21.19587   31   67          -   22.83298      -   366  563s
 16235 13328   20.87140   32   67          -   22.78703      -   368  608s
 16267 13360   16.47763   24   64          -   22.75539      -   370  627s
 16299 13396   22.61765   28   76          -   22.71925      -   372  647s
 16335 13591   18.63061   30   66          -   22.68079      -   374  665s
 16530 14094   22.27345   27   74          -   22.65142      -   373  681s
 17035 14892   21.10028   31   75          -   22.61565      -   369  694s
 17857 16159   21.86715   25   73          -   22.58289      -   361  705s
 19146 17581   18.39008   24   74          -   22.55345      -   350  715s
 20627 19224   20.13627   31   75          -   22.52046      -   339  723s
 22305 20178   16.04302   30   54          -   22.49226      -   326  732s
 23261 21721   19.50181   32   69          -   22.46342      -   324  741s
 24840 23610   22.17617   33   71          -   22.42683      -   314  749s
 26752 25482   19.49444   24   74          -   22.40292      -   305  756s
 28666 27443   19.76980   25   79          -   22.37239      -   298  763s
 30672 31037   22.04590   28   76          -   22.33931      -   290  776s
 34714 31991    9.63165   27   52          -   22.27392      -   280  781s
 35682 33513   19.41533   30   84          -   22.24008      -   278  787s
 37244 35076   18.89096   32   73          -   22.20842      -   274  794s
 38846 36235   12.11332   23   65          -   22.18153      -   270  801s
 40007 37937   19.55280   24   93          -   22.15633      -   268  808s
 41764 39722   18.46163   25   71          -   22.12953      -   265  814s
 43576 41588   19.08041   33   63          -   22.09941      -   262  821s
 45478 43379   19.89701   27   76          -   22.06307      -   259  829s
 47279 45292   17.78964   27   66          -   22.02814      -   257  836s
 49249 47235   18.67411   31   68          -   21.99949      -   255  844s
 51275 49253    8.13090   29   50          -   21.97021      -   253  852s
 53377 51433   21.05172   26   75          -   21.94303      -   251  860s
 55585 53737   16.85360   26   64          -   21.91043      -   249  867s
 57984 56043   18.35760   26   74          -   21.86716      -   247  875s
 60425 60733   20.41867   32   69          -   21.83224      -   245  891s
 65694 63103   21.10549   19   75          -   21.77393      -   243  900s
 68217 65714   21.36233   21   88          -   21.73365      -   242  909s
 71053 68264   13.38507   27   64          -   21.69960      -   241  918s
 73757 70985   15.40900   27   69          -   21.66613      -   241  928s
 76733 73886   18.74686   29   80          -   21.63351      -   240  938s
 79929 76862   19.36261   26   76          -   21.59930      -   239  947s
*81165 76444              86       2.7379607   21.57072   688%   238  948s
 83236 77692   19.05581   26   66    2.73796   21.55533   687%   238  963s
 84541 79017   16.34586   34   70    2.73796   21.42498   683%   240  979s
 85866 80649   17.92507   26   79    2.73796   21.27034   677%   242  998s
 87498 82255   19.46588   25   71    2.73796   21.11793   671%   245 1019s
 89104 84507   18.19021   18   64    2.73796   20.92300   664%   247 1042s
 91356 87088   12.61930   21   57    2.73796   20.76383   658%   249 1070s
 93937 91254   12.52093   27   62    2.73796   20.56476   651%   252 1108s
 98103 94302   14.83993   32   65    2.73796   20.29340   641%   256 1144s
 101151 98397   10.65928   38   44    2.73796   20.11005   634%   258 1180s
H105246 98454                       2.7379608   19.92069   628%   260 1222s
H105249 98390                       2.7560646   19.91308   623%   260 1222s
H105252 98348                       2.7719900   19.90847   618%   260 1222s
H105261 98335                       2.7788750   19.90633   616%   260 1222s
H105270 96350                       3.3754725   19.90633   490%   260 1222s
 105303 99303   19.84686   44   53    3.37547   19.90278   490%   260 1253s
H105540 99303                       3.3754725   19.87552   489%   260 1253s
H105604 99303                       3.3754725   19.87512   489%   260 1253s
H105774 99303                       3.3754729   19.87411   489%   260 1253s
H107073 99292                       3.3773894   19.86226   488%   261 1253s
H108256 101085                       3.4254184   19.76169   477%   261 1294s
H108644 101047                       3.4384803   19.75124   474%   261 1294s
H110241 103860                       3.4384902   19.68593   473%   262 1340s
H110459 103852                       3.4399566   19.67229   472%   262 1340s
H110620 103852                       3.4399566   19.66936   472%   262 1340s
H111033 103819                       3.4454450   19.66183   471%   262 1340s
 113056 106678   14.84642   38   52    3.44544   19.56506   468%   262 1386s
H113156 106678                       3.4454853   19.56506   468%   262 1386s
 115915 112577   17.06193   37   54    3.44549   19.46021   465%   263 1428s
 121819 116988   17.61077   46   45    3.44549   19.28480   460%   263 1457s
 126232 120706   15.01349   36   50    3.44549   19.14909   456%   263 1479s
 129950 123838   13.46004   29   66    3.44549   19.04510   453%   263 1500s
 133084 127454    6.07837   29   48    3.44549   18.95128   450%   263 1522s
 136700 131549   18.00133   32   69    3.44549   18.87778   448%   263 1544s
H140795 131874                       3.4633594   18.78350   442%   263 1569s
H140872 131784                       3.4857466   18.77064   438%   263 1569s
 141175 134828   13.87798   36   52    3.48575   18.76095   438%   263 1591s
H141810 134827                       3.4857802   18.75740   438%   263 1591s
H143199 134827                       3.4857909   18.75233   438%   263 1591s
 144219 139314   17.07816   35   55    3.48579   18.70680   437%   263 1614s
 148706 143694   18.19217   41   42    3.48579   18.61537   434%   262 1634s
 153088 148782   15.19218   39   57    3.48579   18.53801   432%   260 1658s
 158180 151983   16.41789   45   44    3.48579   18.44365   429%   260 1675s
 161381 155548   17.83856   32   69    3.48579   18.38987   428%   259 1691s
 164948 159238   17.51096   43   51    3.48579   18.34375   426%   259 1706s
 168638 162619   17.51615   31   69    3.48579   18.28300   425%   258 1721s
 172023 166428   14.80651   37   62    3.48579   18.23761   423%   258 1736s
 175832 170432   17.05532   38   56    3.48579   18.18151   422%   257 1750s
 179836 173752   10.38513   42   48    3.48579   18.14192   420%   256 1765s
 183157 178448   17.98375   41   53    3.48579   18.08454   419%   255 1786s
 187853 182468   13.87250   39   64    3.48579   18.03014   417%   255 1801s
 191873 186070   12.24896   39   46    3.48579   17.98144   416%   254 1814s
 195475 189750   16.06116   30   67    3.48579   17.94689   415%   253 1826s
 199155 193363   16.29589   45   50    3.48579   17.90481   414%   253 1839s
 202770 196793   13.50265   42   56    3.48579   17.86449   412%   252 1852s
 206200 200623   15.33815   40   54    3.48579   17.82878   411%   251 1866s
 210030 204236   13.70315   42   58    3.48579   17.79155   410%   251 1879s
 213644 204567   16.56624   44   50    3.48579   17.75621   409%   250 1904s
H213666 204514                       3.4992914   17.75416   407%   250 1904s
 213975 234147   15.03749   30   57    3.49929   17.74958   407%   250 2050s
 243610 238345   15.65906   48   51    3.49929   17.64171   404%   245 2071s
H243978 238345                       3.4992914   17.64142   404%   245 2071s
 247808 242666   14.74448   45   53    3.49929   17.63094   404%   245 2090s
 252131 246444   14.61499   32   56    3.49929   17.58987   403%   244 2106s
 255909 250196   12.74001   45   39    3.49929   17.56002   402%   244 2122s
 259661 253814   11.17280   40   47    3.49929   17.53286   401%   243 2137s
 263279 257740   15.96629   43   45    3.49929   17.50741   400%   243 2152s
 267205 261368   17.18708   27   70    3.49929   17.48529   400%   242 2165s
 270833 264961   10.55425   37   52    3.49929   17.46038   399%   242 2180s
 274428 270058   17.31959   43   50    3.49929   17.44580   399%   241 2201s
 279529 273639   14.46310   47   44    3.49929   17.40898   398%   241 2216s
 283110 277053   16.23631   44   55    3.49929   17.38564   397%   240 2230s
 286524 280593   17.01313   37   55    3.49929   17.36491   396%   240 2245s
H290066 281038                       3.4992917   17.34593   396%   239 2266s
H290386 281038                       3.4992917   17.34017   396%   239 2266s
H290510 281037                       3.4994255   17.33999   396%   239 2266s
 290511 284792   11.75042   40   47    3.49943   17.33993   396%   239 2281s
 294270 288645   16.61282   49   51    3.49943   17.32219   395%   239 2296s
 298123 292233   17.14164   37   55    3.49943   17.29968   394%   239 2312s
 301711 296047   16.94191   43   55    3.49943   17.28231   394%   238 2327s
 305525 300979   15.86428   37   56    3.49943   17.26046   393%   238 2348s
 310463 304589   16.35813   35   64    3.49943   17.24082   393%   237 2362s
 314079 308084   15.06762   49   40    3.49943   17.21952   392%   237 2376s
 317576 311234   14.70493   38   49    3.49943   17.20321   392%   237 2391s
 320728 315033   14.88315   47   41    3.49943   17.18460   391%   236 2405s
 324527 318800    8.60763   30   61    3.49943   17.16553   391%   236 2419s
 328294 322188   17.02193   43   53    3.49943   17.15073   390%   235 2432s
 331686 326036   16.39390   43   50    3.49943   17.13461   390%   235 2446s
 335544 330681   16.39356   36   60    3.49943   17.12355   389%   235 2464s
 340189 333962   16.43733   44   56    3.49943   17.10235   389%   234 2478s
H340411 333962                       3.4994424   17.10206   389%   234 2479s
H341169 333961                       3.4995104   17.10047   389%   234 2479s
 343470 337992   15.99120   44   56    3.49951   17.08713   388%   234 2493s
 347501 341732   14.30868   48   48    3.49951   17.07397   388%   234 2508s
 351241 345313   16.99176   43   44    3.49951   17.05804   387%   233 2523s
 354824 345345   13.26080   47   52    3.49951   17.04385   387%   233 2545s
H354830 345345                       3.4995246   17.04266   387%   233 2545s
H354851 345344                       3.5000455   17.04083   387%   233 2545s
 354856 349045   16.34657   48   33    3.50005   17.04032   387%   233 2560s
 358557 352335   12.25197   49   36    3.50005   17.03293   387%   233 2574s
 361847 356093   14.60290   48   48    3.50005   17.01711   386%   232 2588s
 365610 360772   12.13609   39   52    3.50005   17.00101   386%   232 2606s
 370289 364354   15.46029   46   51    3.50005   16.98360   385%   232 2622s
 373875 367842   15.92873   48   50    3.50005   16.97190   385%   231 2636s
 377363 371707   13.86884   46   58    3.50005   16.95622   384%   231 2650s
 381228 374907   15.13092   50   50    3.50005   16.94223   384%   231 2664s
 384428 378687   16.12327   51   48    3.50005   16.93123   384%   231 2678s
 388208 381941   10.28363   42   49    3.50005   16.91774   383%   230 2692s
 391464 385344   16.73641   47   56    3.50005   16.90555   383%   230 2707s
 394869 390231   10.72531   41   38    3.50005   16.89373   383%   230 2726s
 399756 391442   14.92512   46   47    3.50005   16.87990   382%   230 2741s
H399799 391442                       3.5000465   16.87990   382%   230 2741s
H399800 391442                       3.5000900   16.87990   382%   230 2742s
H399897 391439                       3.5007331   16.87934   382%   230 2742s
H400453 391438                       3.5008356   16.87705   382%   230 2742s
H400547 391437                       3.5013194   16.87690   382%   229 2742s
 400967 395585   11.33755   47   37    3.50132   16.87618   382%   229 2757s
 405115 399008   16.73510   34   64    3.50132   16.85837   381%   229 2772s
 408540 402593   16.63304   40   48    3.50132   16.84981   381%   229 2788s
 412127 406457   14.12701   44   43    3.50132   16.83433   381%   229 2803s
 415991 406546   16.71629   30   66    3.50132   16.82082   380%   229 2826s
H415997 406529                       3.5054099   16.81979   380%   229 2826s
H416000 406529                       3.5055577   16.81973   380%   229 2826s
H416069 406404                       3.5412465   16.81973   375%   229 2826s
 416080 410331   16.81973   42   52    3.54125   16.81973   375%   229 2843s
 420007 413990   15.31932   42   53    3.54125   16.80616   375%   228 2858s
 423666 417674   14.51875   41   47    3.54125   16.79378   374%   228 2874s
 427352 422388   15.79621   43   46    3.54125   16.78246   374%   228 2892s
 432066 425851   16.37161   43   52    3.54125   16.76590   373%   228 2907s
 435533 428881   16.48129   49   52    3.54125   16.75682   373%   227 2921s
 438563 432689   16.05811   48   49    3.54125   16.74598   373%   227 2936s
 442371 436152   12.28502   32   63    3.54125   16.73266   373%   227 2950s
 445834 439531   16.16237   49   34    3.54125   16.72276   372%   227 2964s
 449213 442763   14.63964   40   65    3.54125   16.71298   372%   227 2979s
 452447 446489   15.91667   42   36    3.54125   16.70382   372%   226 2993s
 456177 450152   16.69421   46   40    3.54125   16.69421   371%   226 3008s
 459842 454062   16.15613   45   48    3.54125   16.68227   371%   226 3027s
 463752 458168   12.62542   50   54    3.54125   16.67259   371%   226 3045s
 467858 461749   15.25687   46   40    3.54125   16.66182   371%   226 3061s
 471441 465347   15.84765   49   45    3.54125   16.64972   370%   225 3077s
 475043 468995   15.48364   31   66    3.54125   16.64038   370%   225 3092s
 478695 472878   13.84406   27   60    3.54125   16.63087   370%   225 3107s
 482578 476031   15.80816   41   48    3.54125   16.62089   369%   225 3123s
 485731 476105   16.06503   37   52    3.54125   16.61502   369%   225 3145s
H485801 476095                       3.5453537   16.61107   369%   225 3145s
 485805 477965   10.22716   47   53    3.54535   16.61089   369%   225 3162s
H485984 477965                       3.5453538   16.61080   369%   225 3162s
H486935 477965                       3.5453539   16.61031   369%   225 3162s
 487675 481662   12.68925   45   49    3.54535   16.60967   368%   225 3180s
 491372 485872   15.34624   42   56    3.54535   16.59789   368%   225 3199s
 495582 489231   15.70099   48   38    3.54535   16.58693   368%   224 3214s
 498942 492960   15.86497   42   54    3.54535   16.57737   368%   224 3230s
 502671 496490   15.69815   46   40    3.54535   16.56730   367%   224 3245s
 506201 500375   15.46585   40   50    3.54535   16.55848   367%   224 3261s
 510090 503786   15.89813   47   44    3.54535   16.55060   367%   224 3276s
 513504 507575   10.50030   46   44    3.54535   16.54187   367%   224 3291s
 517296 510969   14.39620   39   45    3.54535   16.53275   366%   224 3306s
 520690 514895   16.23307   46   54    3.54535   16.52555   366%   223 3325s
 524620 518811   15.80028   47   46    3.54535   16.51644   366%   223 3342s
 528538 522570   13.31390   39   54    3.54535   16.50422   366%   223 3357s
 532305 526106   15.48069   46   52    3.54535   16.49654   365%   223 3373s
 535849 529783   13.68511   39   57    3.54535   16.48932   365%   223 3387s
 539526 532963    7.95198   48   47    3.54535   16.47832   365%   223 3402s
 542708 536849   15.29709   46   48    3.54535   16.47049   365%   223 3418s
 546596 539938   12.17225   33   51    3.54535   16.46254   364%   222 3433s
H549685 540099                       3.5453540   16.45605   364%   222 3459s
H549813 540095                       3.5459637   16.45262   364%   222 3459s
 549846 570156   16.45262   44   40    3.54596   16.45262   364%   222 3611s
 579925 572084   14.93155   40   52    3.54596   16.42243   363%   221 3627s
 581854 579326   12.70638   36   59    3.54596   16.41770   363%   221 3658s
 589098 582277   14.43148   34   60    3.54596   16.40454   363%   221 3678s
 592053 586483   16.01303   46   53    3.54596   16.39771   362%   221 3697s
 596263 590720   15.40138   42   39    3.54596   16.38669   362%   221 3715s
 600502 594928   12.17823   47   50    3.54596   16.38160   362%   220 3732s
 604712 598780   16.21393   44   46    3.54596   16.37153   362%   220 3747s
 608564 602522   13.67260   49   46    3.54596   16.36134   361%   220 3762s
 612306 606728   13.82574   47   54    3.54596   16.35509   361%   220 3779s
 616512 610221   14.25683   48   48    3.54596   16.34790   361%   220 3795s
 620009 613908   14.07425   39   46    3.54596   16.34023   361%   220 3810s
 623696 613959   12.15862   47   54    3.54596   16.33319   361%   220 3832s
H623698 613959                       3.5459637   16.33260   361%   220 3832s
H623734 613958                       3.5459698   16.33158   361%   220 3832s
H623739 613955                       3.5464932   16.33135   360%   220 3832s
 623747 617464   13.26757   50   54    3.54649   16.33107   360%   220 3846s
 627256 620817   14.73392   43   46    3.54649   16.32409   360%   220 3860s
 630611 624523   14.88010   44   40    3.54649   16.31732   360%   220 3875s
 634319 628331   15.88627   41   47    3.54649   16.31055   360%   220 3890s
 638127 631510   16.16405   46   42    3.54649   16.30264   360%   219 3904s
 641308 635445   11.55553   46   57    3.54649   16.29731   360%   219 3921s
 645243 639150   15.95825   37   59    3.54649   16.28840   359%   219 3936s
 648950 642110   15.29272   37   51    3.54649   16.28008   359%   219 3952s
 651912 645868   15.74777   49   49    3.54649   16.27448   359%   219 3968s
 655671 649420   15.04510   46   44    3.54649   16.26601   359%   219 3984s
 659227 653223   16.12777   51   34    3.54649   16.25748   358%   219 4000s
 663030 656527   14.45350   46   46    3.54649   16.25075   358%   219 4016s
 666335 660036   15.53755   45   45    3.54649   16.24365   358%   219 4031s
 669844 663677   15.79618   49   54    3.54649   16.23572   358%   219 4046s
 673487 667577   15.56487   48   38    3.54649   16.22873   358%   219 4065s
 677387 670992   14.19528   46   37    3.54649   16.22103   357%   219 4081s
 680802 674883   15.51981   36   56    3.54649   16.21587   357%   219 4097s
 684695 674994   14.62432   41   56    3.54649   16.20846   357%   219 4118s
H684697 674924                       3.5634527   16.20818   355%   219 4118s
 684806 678459   11.59374   35   59    3.56345   16.20659   355%   219 4135s
 688343 682123   14.82762   49   48    3.56345   16.19985   355%   219 4150s
 692011 685705   14.76245   44   52    3.56345   16.19364   354%   219 4166s
 695597 689166   14.58309   37   63    3.56345   16.18708   354%   219 4182s
 699064 692519   15.03667   43   55    3.56345   16.18077   354%   218 4200s
 702419 696592   15.02500   37   63    3.56345   16.17733   354%   218 4217s
 706494 700005   16.08723   50   42    3.56345   16.16783   354%   218 4232s
 709915 703422   12.98328   43   48    3.56345   16.16039   354%   218 4246s
 713334 706358   13.32447   27   60    3.56345   16.15463   353%   218 4264s
 716270 710014   14.74656   45   48    3.56345   16.14938   353%   218 4280s
 719930 712871   15.72886   48   45    3.56345   16.14165   353%   218 4296s
 722789 716832   14.75459   33   57    3.56345   16.13866   353%   218 4312s
 726752 720436   16.12970   48   43    3.56345   16.13131   353%   218 4328s
 730356 724173    9.48542   40   46    3.56345   16.12436   352%   218 4344s
 734093 728226   14.27129   49   43    3.56345   16.11722   352%   218 4363s
 738146 731588   15.88957   46   57    3.56345   16.11064   352%   218 4378s
 741508 735233   15.08698   48   47    3.56345   16.10454   352%   218 4394s
 745155 735274   14.78209   42   44    3.56345   16.09800   352%   218 4416s
 745196 737515   11.47073   48   40    3.56345   16.09699   352%   218 4434s
H746459 737397                       3.5873679   16.09638   349%   218 4434s
 747437 739802   15.97738   48   42    3.58737   16.09354   349%   218 4452s
 749842 743944   14.27487   49   56    3.58737   16.09024   349%   218 4470s
 753984 748101   13.20155   47   54    3.58737   16.08407   348%   218 4488s
 758143 751881   12.36439   50   44    3.58737   16.07789   348%   218 4504s
 761925 755499   12.84776   38   51    3.58737   16.07073   348%   218 4520s
 765547 759381   15.33961   44   48    3.58737   16.06431   348%   218 4538s
 769429 763175   15.59276   49   45    3.58737   16.05778   348%   218 4554s
 773223 766908   15.32017   44   53    3.58737   16.05059   347%   218 4569s
 776956 770369   13.28398   40   46    3.58737   16.04498   347%   217 4585s
 780425 773981   15.25861   40   51    3.58737   16.03924   347%   217 4600s
 784037 777473   13.67954   52   39    3.58737   16.03250   347%   217 4615s
 787529 780897   14.48122   49   42    3.58737   16.02688   347%   217 4631s
 790957 784395   15.40291   51   49    3.58737   16.02133   347%   217 4645s
 794455 788292   14.99814   46   50    3.58737   16.01521   346%   217 4662s
 798352 791759   13.84719   48   49    3.58737   16.00887   346%   217 4678s
 801821 795454   11.30176   47   43    3.58737   16.00296   346%   217 4694s
 805520 798656   14.94189   41   39    3.58737   15.99623   346%   217 4710s
 808724 802205   14.16460   44   37    3.58737   15.99190   346%   217 4725s
 812275 805966   13.85781   48   45    3.58737   15.98665   346%   217 4740s
 816038 809508   12.25377   49   51    3.58737   15.98091   345%   217 4756s
 819580 813049   14.95031   46   52    3.58737   15.97664   345%   217 4771s
 823121 816359   13.40601   38   49    3.58737   15.96939   345%   217 4786s
 826437 819268   14.89529   42   47    3.58737   15.96380   345%   217 4806s
H827003 819268                       3.5873680   15.96306   345%   217 4807s
H827179 819218                       3.5997515   15.96283   343%   217 4807s
 829350 819581   12.30731   48   43    3.59975   15.96212   343%   217 4835s
H829355 819577                       3.6006261   15.96212   343%   217 4835s
H829356 819573                       3.6020742   15.96208   343%   217 4835s
H829364 819240                       3.6788904   15.96186   334%   217 4835s
 829714 824738   15.41029   52   45    3.67889   15.96068   334%   217 4860s
 835218 829046   13.59864   34   60    3.67889   15.95186   334%   217 4879s
 839532 833059   15.65334   51   36    3.67889   15.94428   333%   217 4896s
 843545 837355    9.89696   44   49    3.67889   15.93745   333%   217 4912s
 847847 841042   15.10106   44   38    3.67889   15.93186   333%   217 4928s
 851538 844796   13.47118   42   47    3.67889   15.92662   333%   216 4944s
 855294 848386   15.90217   44   44    3.67889   15.92115   333%   216 4961s
 858884 852246   14.64751   50   48    3.67889   15.91634   333%   216 4977s
 862748 855558   13.59065   48   49    3.67889   15.90994   332%   216 4992s
 866068 859006   14.49626   38   67    3.67889   15.90481   332%   216 5008s
 869520 862374   15.08678   48   44    3.67889   15.90059   332%   216 5023s
 872888 866161   15.67012   49   47    3.67889   15.89525   332%   216 5038s
 876675 868898   15.47376   39   54    3.67889   15.89002   332%   216 5055s
 879416 872695   12.04848   46   46    3.67889   15.88752   332%   216 5071s
 883213 876202   14.88387   49   52    3.67889   15.88202   332%   216 5087s
 886727 880134   14.19028   49   43    3.67889   15.87575   332%   216 5104s
 890661 883863   14.87301   52   47    3.67889   15.87034   331%   216 5119s
 894394 887596   15.53225   41   46    3.67889   15.86479   331%   216 5133s
 898129 890843   13.12879   56   40    3.67889   15.86038   331%   216 5147s
 901376 894233   14.01931   46   50    3.67889   15.85595   331%   216 5161s
 904766 894515   13.79902   33   65    3.67889   15.85191   331%   216 5183s
 905048 897581   12.17029   40   51    3.67889   15.85063   331%   216 5200s
 908114 901383   13.74494   45   48    3.67889   15.84757   331%   216 5216s
 911920 905263   13.22475   49   36    3.67889   15.84281   331%   216 5232s
 915803 907828   15.50970   38   50    3.67889   15.83722   330%   216 5250s
 918370 913257   14.90398   49   45    3.67889   15.83457   330%   216 5272s
 923801 917214   13.50052   43   54    3.67889   15.82624   330%   216 5289s
 927760 921031   15.82137   43   40    3.67889   15.82149   330%   215 5304s
 931587 924607   14.86478   41   40    3.67889   15.81651   330%   215 5320s
 935163 928253   15.81081   44   41    3.67889   15.81187   330%   215 5336s
 938809 931907   11.40826   37   48    3.67889   15.80630   330%   215 5351s
 942467 935548   15.25610   44   54    3.67889   15.80208   330%   215 5367s
 946108 939411   14.90330   45   48    3.67889   15.79672   329%   215 5383s
 949971 942954   15.06368   38   51    3.67889   15.79248   329%   215 5399s
 953518 946539   14.13369   50   38    3.67889   15.78862   329%   215 5413s
 957105 949980   15.61378   54   45    3.67889   15.78424   329%   215 5428s
 960556 953356   11.89873   45   40    3.67889   15.77855   329%   215 5443s
 963934 956871   15.10673   44   36    3.67889   15.77456   329%   215 5458s
 967449 960050   14.41102   50   43    3.67889   15.77010   329%   215 5473s
 970632 963672   11.26723   29   60    3.67889   15.76594   329%   215 5488s
 974259 965951   15.08939   46   55    3.67889   15.76127   328%   215 5507s
H974506 965951                       3.6788904   15.76074   328%   215 5507s
H975129 965951                       3.6788904   15.76048   328%   215 5507s
H975594 965951                       3.6788905   15.76032   328%   215 5507s
 976544 968930   12.90505   44   41    3.67889   15.75996   328%   215 5526s
 979525 969468   14.34415   46   46    3.67889   15.75618   328%   215 5555s
 980063 974695   14.74318   48   53    3.67889   15.75393   328%   215 5580s
 985294 979499    9.41480   36   45    3.67889   15.74648   328%   215 5599s
 990103 983686   15.24373   48   50    3.67889   15.74074   328%   215 5617s
 994290 987052   13.56370   43   49    3.67889   15.73461   328%   215 5635s
 997658 991007   14.59563   32   62    3.67889   15.73024   328%   215 5651s
 1001617 994395   14.27641   43   59    3.67889   15.72511   327%   215 5667s
 1005005 998326    9.79482   44   49    3.67889   15.72146   327%   215 5683s
 1008938 1002012   15.38308   50   49    3.67889   15.71591   327%   215 5700s
 1012624 1005602    9.36561   33   57    3.67889   15.71117   327%   215 5716s
 1016216 1009430    7.71150   40   58    3.67889   15.70683   327%   215 5732s
 1020044 1012790   13.12763   44   46    3.67889   15.70255   327%   215 5747s
 1023404 1016086   13.82074   46   47    3.67889   15.69833   327%   215 5762s
 1026708 1019789   14.89559   51   44    3.67889   15.69436   327%   215 5777s
 1030411 1023184   15.06967   48   49    3.67889   15.68895   326%   215 5792s
 1033810 1026230   15.00816   46   51    3.67889   15.68461   326%   214 5809s
 1036860 1029940    9.22450   46   47    3.67889   15.68104   326%   214 5826s
 1040572 1033831   12.18869   51   55    3.67889   15.67679   326%   214 5843s
 1044466 1037522   12.05216   49   43    3.67889   15.67183   326%   214 5857s
 1048161 1040739    8.87757   44   36    3.67889   15.66775   326%   214 5872s
 1051378 1044347   14.45377   50   51    3.67889   15.66403   326%   214 5886s
 1054990 1047900   13.75966   46   44    3.67889   15.65955   326%   214 5900s
 1058543 1051077   14.93067   50   49    3.67889   15.65611   326%   214 5916s
 1061720 1054618   14.84930   42   48    3.67889   15.65223   325%   214 5932s
 1065263 1057948   11.48181   48   43    3.67889   15.64840   325%   214 5946s
 1068597 1061239   15.04942   38   52    3.67889   15.64420   325%   214 5962s
 1071888 1065317   12.33738   28   62    3.67889   15.64045   325%   214 5979s
 1075968 1068261   15.01869   45   42    3.67889   15.63559   325%   214 5994s
 1078914 1072062   15.13231   49   36    3.67889   15.63309   325%   214 6009s
 1082719 1075411   11.44095   36   48    3.67889   15.62902   325%   214 6024s
 1086068 1078399   13.05557   52   38    3.67889   15.62531   325%   214 6041s
 1089058 1081741   14.71150   44   50    3.67889   15.62175   325%   214 6056s
 1092400 1085295   15.10413   40   43    3.67889   15.61775   325%   214 6073s
 1095954 1088799    8.84697   49   44    3.67889   15.61405   324%   214 6089s
 1099460 1092414   14.62714   50   48    3.67889   15.61002   324%   214 6105s
 1103079 1095813   14.83993   40   45    3.67889   15.60583   324%   214 6122s
 1106478 1099599   11.86899   49   49    3.67889   15.60114   324%   214 6141s
 1110270 1103441   15.59114   45   52    3.67889   15.59713   324%   214 6158s
 1114114 1107155   13.91267   43   54    3.67889   15.59265   324%   214 6174s
 1117829 1110579    9.89088   45   48    3.67889   15.58922   324%   214 6190s
 1121253 1114325    9.64201   49   41    3.67889   15.58572   324%   214 6205s
 1125001 1118036   14.80308   47   41    3.67889   15.58152   324%   214 6221s
 1128714 1121306   14.63610   48   50    3.67889   15.57714   323%   214 6238s
 1131984 1124728   11.91425   45   50    3.67889   15.57352   323%   214 6255s
 1135409 1128538   10.15499   48   43    3.67889   15.57024   323%   214 6273s
 1139219 1132315   14.85943   32   62    3.67889   15.56540   323%   213 6289s
 1142998 1135986   13.86728   49   48    3.67889   15.56257   323%   213 6303s
 1146669 1139186   11.46393   47   50    3.67889   15.55733   323%   213 6318s
 1149871 1142464   13.16526   46   55    3.67889   15.55378   323%   213 6333s
 1153153 1146348   14.55033   42   45    3.67889   15.54978   323%   213 6349s
 1157039 1149830   14.89856   49   47    3.67889   15.54560   323%   213 6364s
 1160521 1153159   15.14788   49   47    3.67889   15.54207   322%   213 6379s
 1163852 1156759   14.27780   53   42    3.67889   15.53793   322%   213 6397s
 1167454 1156791   13.55837   35   51    3.67889   15.53392   322%   213 6421s
H1167468 1156791                       3.6788905   15.53335   322%   213 6422s
 1167486 1156930   14.67122   50   48    3.67889   15.53293   322%   213 6447s
H1167491 1156930                       3.6788906   15.53291   322%   213 6447s
H1167493 1156930                       3.6788907   15.53287   322%   213 6447s
 1167625 1157242   15.50589   49   48    3.67889   15.53276   322%   213 6475s
 1167937 1157698   11.46118   43   44    3.67889   15.53224   322%   213 6507s
 1168393 1158135   15.28002   38   52    3.67889   15.53191   322%   213 6548s
H1168398 1158135                       3.6788907   15.53180   322%   213 6549s
 1168830 1158831   15.14832   47   43    3.67889   15.53154   322%   213 6594s
 1169526 1159108   12.11176   51   47    3.67889   15.53113   322%   213 6654s
H1169531 1159108                       3.6788907   15.53109   322%   213 6655s
H1169531 1159108                       3.6788908   15.53109   322%   213 6655s
 1169803 1159656   14.59641   30   71    3.67889   15.53073   322%   213 6718s
H1170239 1159656                       3.6788909   15.53056   322%   213 6719s
 1170353 1160607   14.09488   50   50    3.67889   15.53023   322%   213 6793s
 1171304 1161288   14.78585   50   42    3.67889   15.52976   322%   213 6878s
 1171985 1162853   13.16637   48   49    3.67889   15.52904   322%   213 6976s
H1171988 1162853                       3.6788909   15.52895   322%   213 6976s
H1172862 1162853                       3.6788909   15.52878   322%   213 6976s
 1173550 1166514   13.97337   50   44    3.67889   15.52844   322%   213 7081s
 1177215 1171745   14.90139   34   61    3.67889   15.52767   322%   213 7177s
H1177759 1171745                       3.6788910   15.52751   322%   213 7178s
 1182448 1177234   13.46297   50   49    3.67889   15.52651   322%   213 7256s
H1182974 1177234                       3.6788910   15.52647   322%   213 7256s
H1183866 1177234                       3.6788910   15.52623   322%   213 7257s
H1183866 1177234                       3.6788913   15.52623   322%   213 7257s
 1187939 1184768   15.22673   46   47    3.67889   15.52487   322%   213 7320s
H1188035 1184768                       3.6788913   15.52487   322%   213 7320s
H1188910 1184768                       3.6788913   15.52459   322%   213 7320s
H1191211 1184768                       3.6788913   15.52349   322%   213 7320s
H1192733 1184768                       3.6788913   15.52250   322%   213 7320s
 1195473 1186913   14.51416   45   40    3.67889   15.51985   322%   213 7343s
H1196694 1186913                       3.6788913   15.51641   322%   213 7343s
 1197620 1191945   14.10350   24   64    3.67889   15.51165   322%   213 7374s
H1202652 1195187                       3.6788913   15.50577   321%   213 7400s
H1203309 1195187                       3.6788914   15.50217   321%   213 7400s
 1205900 1198270   14.32998   51   55    3.67889   15.49691   321%   213 7432s
H1208842 1198270                       3.6788915   15.49208   321%   213 7432s
 1208984 1202689   14.64728   38   41    3.67889   15.49146   321%   213 7454s
 1213405 1204790   12.94484   51   40    3.67889   15.48783   321%   213 7480s
H1213614 1204790                       3.6788915   15.48781   321%   213 7480s
H1213632 1204790                       3.6788915   15.48765   321%   213 7480s
 1215512 1208091   15.14723   51   41    3.67889   15.48443   321%   213 7522s
H1216199 1208091                       3.6788915   15.48316   321%   213 7522s
 1218817 1212147   14.30644   33   56    3.67889   15.48043   321%   213 7546s
H1220185 1212147                       3.6788915   15.47939   321%   213 7547s
 1222875 1216067   13.24984   49   49    3.67889   15.47481   321%   213 7571s
H1222904 1216067                       3.6788915   15.47481   321%   213 7571s
 1226797 1218977   14.87997   50   52    3.67889   15.47073   321%   213 7592s
H1229138 1218977                       3.6788916   15.46836   320%   213 7592s
 1229709 1223893   11.12928   32   62    3.67889   15.46752   320%   213 7613s
 1234629 1226640   14.16894   49   42    3.67889   15.45979   320%   213 7632s
H1234859 1226640                       3.6788916   15.45961   320%   213 7632s
H1236856 1226640                       3.6788919   15.45905   320%   213 7632s
 1237380 1229947   14.62194   38   51    3.67889   15.45850   320%   213 7652s
 1240689 1232293   13.91209   49   47    3.67889   15.45306   320%   213 7676s
 1243037 1236687   12.66584   39   45    3.67889   15.45216   320%   213 7696s
 1247435 1241054   12.50179   51   48    3.67889   15.44618   320%   213 7714s
 1251806 1244774   14.95793   46   51    3.67889   15.44225   320%   213 7730s
 1255532 1244811   13.49442   46   53    3.67889   15.43861   320%   213 7765s
 1255569 1248822   15.43762   51   37    3.67889   15.43762   320%   213 7782s
 1259586 1253231   10.34279   48   51    3.67889   15.43467   320%   213 7799s
 1263999 1256653   15.42989   42   54    3.67889   15.42989   319%   213 7813s
 1267421 1259846   15.41440   47   39    3.67889   15.42652   319%   213 7827s
 1270614 1263100   14.12973   44   42    3.67889   15.42326   319%   213 7842s
 1273868 1266371   13.44248   43   41    3.67889   15.42104   319%   213 7857s
 1277139 1269921   11.75650   49   44    3.67889   15.41738   319%   213 7872s
 1280691 1273349   11.65412   48   50    3.67889   15.41423   319%   213 7887s
 1284123 1276752   15.17491   39   45    3.67889   15.41090   319%   212 7902s
 1287526 1280466   14.12630   50   52    3.67889   15.40814   319%   212 7918s
 1291252 1284320   13.65856   48   45    3.67889   15.40413   319%   212 7937s
 1295112 1288126   13.29276   46   42    3.67889   15.40122   319%   212 7953s
 1298920 1291717   13.03287   45   43    3.67889   15.39727   319%   212 7968s
 1302520 1294320   15.03389   45   41    3.67889   15.39340   318%   212 7984s
 1305126 1298044   13.25648   45   60    3.67889   15.39182   318%   212 8000s
 1308850 1301712   11.86583   38   51    3.67889   15.38796   318%   212 8016s
 1312520 1305351   14.91210   46   49    3.67889   15.38395   318%   212 8032s
 1316167 1308824   13.83221   50   41    3.67889   15.38071   318%   212 8048s
 1319643 1312280   15.08598   49   47    3.67889   15.37660   318%   212 8063s
 1323103 1315988   15.27998   51   46    3.67889   15.37367   318%   212 8080s
 1326811 1319677   15.12385   51   45    3.67889   15.37042   318%   212 8097s
 1330502 1323412   14.72212   51   47    3.67889   15.36634   318%   212 8113s
 1334237 1327158   15.06811   44   40    3.67889   15.36279   318%   212 8129s
 1337991 1330554   11.89554   50   44    3.67889   15.35919   317%   212 8145s
 1341387 1334138   13.08475   50   44    3.67889   15.35557   317%   212 8161s
 1344978 1337825   11.07408   48   39    3.67889   15.35257   317%   212 8177s
 1348667 1340021   15.09025   45   56    3.67889   15.34856   317%   212 8195s
 1350863 1343752   14.06694   45   39    3.67889   15.34664   317%   212 8211s
 1354596 1347777   15.04476   35   50    3.67889   15.34230   317%   212 8228s
 1358625 1351198   14.94101   54   44    3.67889   15.33948   317%   212 8244s
 1362048 1354660   14.08402   50   50    3.67889   15.33547   317%   212 8259s
 1365512 1358337   14.38919   41   44    3.67889   15.33309   317%   212 8274s
 1369191 1362021   14.56705   53   45    3.67889   15.32901   317%   212 8289s
 1372875 1365349   14.22170   57   47    3.67889   15.32554   317%   212 8304s
 1376203 1368927   13.72171   48   45    3.67889   15.32278   317%   212 8321s
 1379781 1372274   10.61399   47   41    3.67889   15.31865   316%   212 8336s
 1383128 1375717   11.49018   54   38    3.67889   15.31571   316%   212 8352s
 1386573 1379812   14.46771   45   47    3.67889   15.31266   316%   212 8371s
 1390672 1383312   14.03000   51   46    3.67889   15.30806   316%   212 8387s
 1394176 1386832   14.67100   46   48    3.67889   15.30495   316%   212 8403s
 1397696 1390343   14.88381   48   50    3.67889   15.30120   316%   212 8418s
 1401211 1393985   11.51050   49   55    3.67889   15.29856   316%   212 8434s
 1404855 1397330   14.08484   53   40    3.67889   15.29506   316%   212 8449s
 1408202 1400981   13.37742   29   58    3.67889   15.29282   316%   212 8465s
 1411859 1404332   15.09312   50   46    3.67889   15.28948   316%   212 8480s
 1415213 1407840   13.80971   42   49    3.67889   15.28728   316%   212 8494s
 1418727 1410924   14.71851   50   45    3.67889   15.28381   315%   212 8514s
 1421817 1415609   14.98906   49   49    3.67889   15.28139   315%   212 8533s
 1426504 1419577   14.14198   47   46    3.67889   15.27752   315%   212 8549s
 1430472 1423429   11.29050   52   44    3.67889   15.27436   315%   212 8564s
 1434326 1426990   14.97156   47   53    3.67889   15.27041   315%   212 8578s
 1437889 1430446   13.54292   53   45    3.67889   15.26720   315%   212 8593s
 1441353 1432323   14.84492   29   67    3.67889   15.26395   315%   211 8611s
 1443232 1434847   15.26352   48   41    3.67889   15.26352   315%   211 8630s
 1445758 1437972   12.04160   40   52    3.67889   15.26260   315%   211 8647s
 1448883 1439945   14.70740   33   54    3.67889   15.26088   315%   211 8667s
 1450858 1445871   13.35615   42   54    3.67889   15.25859   315%   211 8696s
 1456788 1449213   14.82226   40   54    3.67889   15.25477   315%   211 8713s
 1460133 1453992   14.86176   50   46    3.67889   15.24856   314%   211 8733s
 1464912 1458217   13.55652   54   40    3.67889   15.24456   314%   211 8751s
 1469139 1462242   14.79366   52   46    3.67889   15.23958   314%   211 8769s
 1473166 1466051    8.88346   29   62    3.67889   15.23626   314%   211 8787s
 1476977 1469614   11.91164   47   54    3.67889   15.23300   314%   211 8804s
 1480548 1473384   14.14342   48   52    3.67889   15.22931   314%   211 8821s
 1484318 1477099   13.82108   50   46    3.67889   15.22683   314%   211 8838s
 1488035 1480813   11.82234   48   55    3.67889   15.22309   314%   211 8854s
 1491751 1484129    9.74731   41   46    3.67889   15.21993   314%   211 8869s
 1495067 1487757   11.85813   36   59    3.67889   15.21696   314%   211 8885s
 1498699 1491345   12.63514   48   49    3.67889   15.21426   314%   211 8901s
 1502291 1494831   14.05990   48   33    3.67889   15.21097   313%   211 8916s
 1505777 1498439   13.32896   54   46    3.67889   15.20819   313%   211 8932s
 1509391 1501278   13.22557   45   53    3.67889   15.20496   313%   211 8949s
 1512232 1505366   14.59372   52   54    3.67889   15.20253   313%   211 8966s
 1516332 1508830   15.19552   42   49    3.67889   15.19943   313%   211 8981s
 1519796 1512267   15.09072   51   41    3.67889   15.19677   313%   211 8995s
 1523235 1515847   10.85548   50   41    3.67889   15.19400   313%   211 9010s
 1526817 1519624   14.05677   47   47    3.67889   15.19132   313%   211 9025s
 1530596 1523305   12.90065   48   46    3.67889   15.18846   313%   211 9039s
 1534279 1526669   15.03020   45   43    3.67889   15.18561   313%   211 9053s
 1537645 1530131   14.96377   45   52    3.67889   15.18309   313%   211 9067s
 1541112 1533880   14.67762   38   49    3.67889   15.17966   313%   211 9085s
 1544861 1537633   15.07315   46   52    3.67889   15.17732   313%   211 9100s
 1548620 1541447    8.88596   39   40    3.67889   15.17371   312%   211 9116s
 1552442 1544681   15.16943   49   43    3.67889   15.17122   312%   211 9131s
 1555682 1548287   14.68903   41   44    3.67889   15.16854   312%   211 9146s
 1559290 1551323   14.48626   36   49    3.67889   15.16539   312%   211 9162s
 1562328 1554914   13.27503   50   44    3.67889   15.16334   312%   211 9177s
 1565919 1558557   14.84926   47   37    3.67889   15.16000   312%   211 9192s
 1569562 1561995   13.68325   47   53    3.67889   15.15776   312%   211 9208s
 1573004 1566052   15.01190   45   44    3.67889   15.15404   312%   211 9226s
 1577069 1569563   11.84477   37   64    3.67889   15.15082   312%   211 9242s
 1580584 1572540   14.90240   51   51    3.67889   15.14820   312%   211 9257s
 1583563 1576009   14.52141   53   48    3.67889   15.14551   312%   211 9274s
 1587034 1579571   12.23674   42   53    3.67889   15.14299   312%   211 9290s
 1590600 1582958   14.94763   46   44    3.67889   15.14016   312%   211 9306s
 1593993 1586468    9.35579   43   41    3.67889   15.13729   311%   211 9321s
 1597509 1590066   15.05967   44   41    3.67889   15.13437   311%   211 9337s
 1601115 1592652   13.88795   48   51    3.67889   15.13199   311%   211 9356s
 1603703 1596735   14.88809   43   42    3.67889   15.12920   311%   211 9373s
 1607788 1600159   14.56720   47   45    3.67889   15.12548   311%   210 9388s
 1611212 1603668   12.78614   51   48    3.67889   15.12309   311%   210 9403s
 1614721 1606813   12.00647   47   48    3.67889   15.12002   311%   210 9418s
 1617870 1609999   14.95897   46   47    3.67889   15.11829   311%   210 9433s
 1621060 1613512   13.24921   47   52    3.67889   15.11498   311%   210 9449s
 1624575 1616981   11.85145   25   55    3.67889   15.11175   311%   210 9464s
 1628048 1620535   13.94826   43   56    3.67889   15.10933   311%   210 9479s
 1631607 1624009   12.08655   53   44    3.67889   15.10678   311%   210 9494s
 1635081 1627287   12.83289   50   44    3.67889   15.10439   311%   210 9512s
 1638367 1631439   15.07632   45   43    3.67889   15.10075   310%   210 9530s
 1642523 1635114   14.20798   52   54    3.67889   15.09772   310%   210 9546s
 1646202 1638583   14.63784   32   60    3.67889   15.09426   310%   210 9562s
 1649677 1642179   13.69377   50   51    3.67889   15.09150   310%   210 9578s
 1653273 1644507   12.36821   41   51    3.67889   15.08848   310%   210 9596s
 1655601 1648733   13.34138   45   59    3.67889   15.08639   310%   210 9613s
 1659827 1652461   14.28432   31   66    3.67889   15.08336   310%   210 9629s
 1663557 1655970   14.51294   49   52    3.67889   15.08042   310%   210 9645s
 1667074 1659906   12.24649   48   41    3.67889   15.07795   310%   210 9662s
 1671020 1663139   11.83717   46   38    3.67889   15.07479   310%   210 9676s
 1674253 1666878   13.66626   49   50    3.67889   15.07284   310%   210 9692s
 1677994 1670441   14.56716   50   44    3.67889   15.06985   310%   210 9707s
 1681557 1674052   15.06760   45   50    3.67889   15.06789   310%   210 9722s
 1685170 1677450   11.54055   39   47    3.67889   15.06480   309%   210 9736s
 1688571 1681006   14.38545   38   46    3.67889   15.06224   309%   210 9752s
 1692131 1684444    8.96667   52   39    3.67889   15.05946   309%   210 9767s
 1695569 1687843   11.03049   49   44    3.67889   15.05641   309%   210 9782s
 1698971 1691684   13.80084   42   45    3.67889   15.05429   309%   210 9800s
 1702817 1694531   12.96077   51   43    3.67889   15.05156   309%   210 9816s
 1705664 1698322   13.27053   48   51    3.67889   15.04881   309%   210 9832s
 1709459 1702173   13.38073   49   37    3.67889   15.04565   309%   210 9849s
 1713310 1705987   14.80707   49   46    3.67889   15.04410   309%   210 9864s
 1717126 1709769   14.61277   41   45    3.67889   15.04104   309%   210 9881s
 1720908 1713320   14.83572   47   49    3.67889   15.03816   309%   210 9896s
 1724463 1716641   11.38689   47   58    3.67889   15.03531   309%   210 9911s
 1727788 1720220   14.29111   43   36    3.67889   15.03356   309%   210 9926s
 1731369 1724213   14.03891   52   43    3.67889   15.03045   309%   210 9943s
 1735362 1727170   12.04953   47   43    3.67889   15.02800   308%   210 9959s
 1738319 1731006   14.50157   49   46    3.67889   15.02522   308%   210 9974s
 1742155 1734415   13.75661   41   53    3.67889   15.02213   308%   210 9990s
 1745566 1737170   14.70844   54   41    3.67889   15.01964   308%   210 10005s
 1748327 1740445   13.97412   44   38    3.67889   15.01766   308%   210 10022s
 1751602 1744452   13.48098   48   54    3.67889   15.01529   308%   210 10038s
 1755613 1748225   10.33523   47   49    3.67889   15.01222   308%   210 10054s
 1759390 1751637   14.28575   46   50    3.67889   15.01107   308%   210 10070s
 1762804 1755447   14.76240   49   46    3.67889   15.00700   308%   210 10087s
 1766616 1759152   14.76060   39   54    3.67889   15.00457   308%   210 10102s
 1770329 1762574   14.44245   48   44    3.67889   15.00191   308%   210 10117s
 1773755 1766149   14.00822   34   53    3.67889   14.99928   308%   210 10133s
 1777331 1769588   14.08407   49   49    3.67889   14.99704   308%   210 10148s
 1780774 1772831   11.90474   51   40    3.67889   14.99447   308%   210 10163s
 1784019 1776201   14.97381   50   44    3.67889   14.99227   308%   210 10179s
 1787391 1779883   11.69321   51   45    3.67889   14.98993   307%   210 10194s
 1791075 1783553   11.60565   51   45    3.67889   14.98834   307%   210 10210s
 1794747 1787241   12.49980   37   56    3.67889   14.98498   307%   210 10229s
 1798437 1791086   14.56599   43   38    3.67889   14.98270   307%   210 10245s
 1802286 1794471   14.40027   40   52    3.67889   14.97943   307%   210 10260s
 1805675 1798112   13.41433   52   43    3.67889   14.97715   307%   210 10276s
 1809318 1801413   12.52137   50   50    3.67889   14.97502   307%   210 10291s
 1812623 1804887   12.50144   53   52    3.67889   14.97276   307%   210 10306s
 1816097 1808550   13.54918   53   40    3.67889   14.97081   307%   210 10323s
 1819762 1811963    9.82641   50   51    3.67889   14.96830   307%   210 10338s
 1823175 1815472   10.59407   45   50    3.67889   14.96653   307%   209 10354s
 1826686 1819096   14.18872   49   43    3.67889   14.96447   307%   209 10371s
 1830312 1822799    8.09133   50   40    3.67889   14.96105   307%   209 10387s
 1834015 1826296   11.68022   51   51    3.67889   14.95871   307%   209 10403s
 1837512 1829594   13.00350   48   53    3.67889   14.95655   307%   209 10419s
 1840814 1833154   14.62258   54   41    3.67889   14.95394   306%   209 10436s
 1844376 1836286   11.18331   38   51    3.67889   14.95180   306%   209 10454s
 1847514 1840073   11.90031   48   49    3.67889   14.94993   306%   209 10471s
 1851302 1843524   14.94701   46   47    3.67889   14.94701   306%   209 10488s
 1854758 1847088   14.86159   45   48    3.67889   14.94439   306%   209 10505s
 1858322 1850987   14.37760   38   47    3.67889   14.94208   306%   209 10523s
 1862223 1854404   13.88677   47   47    3.67889   14.94018   306%   209 10538s
 1865644 1857826   12.06765   49   53    3.67889   14.93799   306%   209 10553s
 1869068 1861321   11.65031   43   50    3.67889   14.93481   306%   209 10569s
 1872563 1865194   12.72662   50   39    3.67889   14.93299   306%   209 10583s
 1876438 1867774   13.60117   50   45    3.67889   14.93081   306%   209 10597s
 1879018 1871474   14.19648   35   63    3.67889   14.92820   306%   209 10613s
 1882724 1874168   11.28117   46   59    3.67889   14.92633   306%   209 10630s
 1885418 1877885   12.42878   49   37    3.67889   14.92483   306%   209 10646s
 1889136 1881721   14.58928   40   41    3.67889   14.92222   306%   209 10662s
 1892972 1885197   14.61519   51   44    3.67889   14.91917   306%   209 10677s
 1896452 1888658   14.40574   48   53    3.67889   14.91651   305%   209 10692s
 1899921 1892406   14.49592   49   48    3.67889   14.91452   305%   209 10708s
 1903669 1896123   14.27236   48   45    3.67889   14.91213   305%   209 10723s
 1907394 1899410   14.28834   50   47    3.67889   14.91027   305%   209 10737s
 1910689 1902689   12.73620   33   61    3.67889   14.90770   305%   209 10752s
 1913976 1906237   14.67834   43   52    3.67889   14.90544   305%   209 10767s
 1917526 1909853   14.74558   50   43    3.67889   14.90329   305%   209 10782s
 1921142 1913704    9.53603   47   50    3.67889   14.90067   305%   209 10799s
 1924993 1913729   12.91156   44   52    3.67889   14.89822   305%   209 10800s

Cutting planes:
  Gomory: 5
  Implied bound: 3
  Projected implied bound: 162
  MIR: 1020
  Flow cover: 113
  RLT: 792
  Relax-and-lift: 71

Explored 1925018 nodes (402477801 simplex iterations) in 10800.08 seconds (24007.50 work units)
Thread count was 32 (of 255 available processors)

Solution count 10: 3.67889 3.67889 3.67889 ... 3.67889

Time limit reached
Best objective 3.678891935053e+00, best bound 1.489821848159e+01, gap 304.9648%

User-callback calls 4639972, time in user-callback 1.50 sec
source: 2 target: 4 model_arch: 3x50 perturbation type: brightness perturbation size: [0.25] dataset: mnist
Attack:   0%|          | 0/500 [00:00<?, ?it/s]Attack:   1%|▏         | 7/500 [00:00<00:07, 68.08it/s]Attack:   8%|▊         | 40/500 [00:00<00:02, 218.99it/s]Attack:  14%|█▍        | 72/500 [00:00<00:01, 262.38it/s]Attack:  21%|██        | 105/500 [00:00<00:01, 286.22it/s]Attack:  28%|██▊       | 138/500 [00:00<00:01, 299.27it/s]Attack:  34%|███▍      | 171/500 [00:00<00:01, 308.04it/s]Attack:  41%|████      | 204/500 [00:00<00:00, 314.43it/s]Attack:  47%|████▋     | 237/500 [00:00<00:00, 319.24it/s]Attack:  54%|█████▍    | 272/500 [00:00<00:00, 327.60it/s]Attack:  62%|██████▏   | 308/500 [00:01<00:00, 335.87it/s]Attack:  69%|██████▊   | 343/500 [00:01<00:00, 339.54it/s]Attack:  76%|███████▌  | 379/500 [00:01<00:00, 344.14it/s]Attack:  83%|████████▎ | 415/500 [00:01<00:00, 346.29it/s]Attack:  90%|█████████ | 450/500 [00:01<00:00, 343.41it/s]Attack:  97%|█████████▋| 485/500 [00:01<00:00, 343.76it/s]Attack: 100%|█████████▉| 499/500 [00:01<00:00, 318.01it/s]
best_val 3.952058792114258
Set parameter WLSAccessID
Set parameter WLSSecret
Set parameter LicenseID to value 2478548
Academic license 2478548 - for non-commercial use only - registered to ne___@campus.technion.ac.il
Encoding the two copies...
Encoding dependencies (activation_start=1, layers_offset=2)...
3.6788919350528615  14.898218481592627  10800.126264095306
paper_experiments_with_zono_fix/mnist/3x50_exp/brightness/eps_0.25/N2stdBoost_3x50_19_sgd_itr1/
Clean sample classification: 3
Perturbed sample classification: 4
compute_n2_relax_decision!: no shape source available (relu_diff_up_bounds and n2_abs_up_bounds both empty) — skipping decision precompute
[notice | Main.MIPVerify]: Determining upper and lower bounds for the input to each non-linear unit.
Set parameter WLSAccessID
Set parameter WLSSecret
Set parameter LicenseID to value 2478548
Academic license 2478548 - for non-commercial use only - registered to ne___@campus.technion.ac.il
Set parameter TimeLimit to value 5
Set parameter WLSAccessID
Set parameter WLSSecret
Set parameter LicenseID to value 2478548
Academic license 2478548 - for non-commercial use only - registered to ne___@campus.technion.ac.il
Set parameter MIPFocus to value 3
Set parameter Cutoff to value 3.9520587921142578e+00
Set parameter Threads to value 32
Set parameter TimeLimit to value 10800
Set parameter MIPGap to value 0.01
Set parameter Seed to value 4
Set parameter Seed to value 4
Set parameter MIPGap to value 0.01
Set parameter MIPFocus to value 3
Set parameter Cutoff to value 3.9520587921142578e+00
Set parameter Threads to value 32
Set parameter TimeLimit to value 10800
Warning for adding constraints: zero or small (< 1e-13) coefficients, ignored
Gurobi Optimizer version 13.0.0 build v13.0.0rc1 (linux64 - "Ubuntu 20.04.2 LTS")

CPU model: AMD EPYC 7713 64-Core Processor, instruction set [SSE2|AVX|AVX2]
Thread count: 127 physical cores, 255 logical processors, using up to 32 threads

Non-default parameters:
Cutoff  3.9520587921142578e+00
TimeLimit  10800
MIPGap  0.01
MIPFocus  3
Seed  4
Threads  32

Academic license 2478548 - for non-commercial use only - registered to ne___@campus.technion.ac.il
Optimize a model with 1587 rows, 1909 columns and 127503 nonzeros (Max)
Model fingerprint: 0xb05338ad
Model has 1 linear objective coefficients
Variable types: 1740 continuous, 169 integer (169 binary)
Coefficient statistics:
  Matrix range     [3e-13, 5e+01]
  Objective range  [1e+00, 1e+00]
  Bounds range     [6e-08, 5e+01]
  RHS range        [4e-13, 4e+01]

Processing user MIP start: 0 nodes explored in subMIP, total elapsed time 5s
Processing user MIP start: 212 nodes explored in subMIP, total elapsed time 10s
User MIP start did not produce a new incumbent solution
Processed MIP start in 11.81 seconds (29.35 work units)

Presolve removed 171 rows and 3 columns
Presolve time: 0.19s
Presolved: 1416 rows, 1906 columns, 126222 nonzeros
Variable types: 1738 continuous, 168 integer (168 binary)
Root relaxation presolve removed 113 rows and 113 columns
Root relaxation presolved: 1303 rows, 1793 columns, 125883 nonzeros


Root simplex log...

Iteration    Objective       Primal Inf.    Dual Inf.      Time
       0    1.0074246e+02   1.961895e+02   0.000000e+00     12s
    1205    4.3783753e+01   0.000000e+00   0.000000e+00     12s
    1206    4.3783753e+01   0.000000e+00   0.000000e+00     12s

Extra simplex iterations after uncrush: 1

Root relaxation: objective 4.378375e+01, 1206 iterations, 0.33 seconds (0.45 work units)
Another try with MIP start

    Nodes    |    Current Node    |     Objective Bounds      |     Work
 Expl Unexpl |  Obj  Depth IntInf | Incumbent    BestBd   Gap | It/Node Time

     0     0   43.78375    0   89          -   43.78375      -     -   25s
     0     0   32.73497    0   88          -   32.73497      -     -   32s
     0     0   32.73497    0   83          -   32.73497      -     -   33s
     0     0   32.73497    0   89          -   32.73497      -     -   33s
     0     0   32.67914    0   89          -   32.67914      -     -   33s
     0     0   32.67914    0   90          -   32.67914      -     -   33s
     0     0   32.67914    0   90          -   32.67914      -     -   33s
     0     0   32.67914    0   90          -   32.67914      -     -   33s
     0     0   32.67914    0   89          -   32.67914      -     -   33s
     0     0   32.54909    0   91          -   32.54909      -     -   34s
     0     0   32.54909    0   87          -   32.54909      -     -   35s
     0     0   32.50678    0   91          -   32.50678      -     -   36s
     0     0   32.50678    0   91          -   32.50678      -     -   36s
     0     0   32.50678    0   90          -   32.50678      -     -   36s
     0     0   32.50678    0   90          -   32.50678      -     -   36s
     0     0   32.50678    0   89          -   32.50678      -     -   36s
     0     0   32.50678    0   90          -   32.50678      -     -   36s
     0     0   32.50678    0   90          -   32.50678      -     -   36s
     0     0   32.50215    0   94          -   32.50215      -     -   38s
     0     0   32.50215    0   83          -   32.50215      -     -   39s
     0     0   32.02155    0   83          -   32.02155      -     -   40s
     0     0   32.02155    0   83          -   32.02155      -     -   41s
     0     2   32.02155    0   83          -   32.02155      -     -   42s
    31    64   31.03041    5   70          -   32.02155      -   926   46s
    95   128   29.99974    7   89          -   31.08877      -  1066   50s
   209   242   18.00379   10   65          -   28.88630      -   946   69s
   241   313   27.96548   12   85          -   28.69260      -   939   71s
   391   428   25.32786   10   91          -   26.73767      -   769   75s
   654   729   21.75936   13   74          -   25.92765      -   680   80s
  1003  1097   24.83886    8   87          -   25.17136      -   626   85s
  1601  1731   19.35238   10   76          -   24.64107      -   532   90s
  2216  2424   19.06739   12   63          -   24.24044      -   488   95s
  3180  3181   20.02090   10   83          -   24.00371      -   418  136s
  3184  3184   20.58463   19   91          -   24.00371      -   418  140s
  3190  3188   22.15302   16   91          -   24.00371      -   417  145s
  3192  3189   20.61203   13   81          -   24.00371      -   417  150s
  3200  3203   24.00371   15   87          -   24.00371      -   420  155s
  3256  3265   24.00371   18   91          -   24.00371      -   430  172s
  3288  3306   24.00371   19   90          -   24.00371      -   439  179s
  3340  3357   19.89283   20   64          -   24.00371      -   448  184s
  3373  3346   24.00371   20   79          -   24.00371      -   453  185s
  3408  3375   24.00371   22   83          -   24.00371      -   459  193s
  3449  3412   22.07972   20   68          -   24.00371      -   469  199s
  3500  3429   24.00371   22   79          -   24.00371      -   481  205s
  3534  3450   24.00371   22   81          -   24.00371      -   490  212s
  3566  3491   24.00371   22   75          -   24.00371      -   498  215s
  3701  3602   24.00371   24   75          -   24.00371      -   515  222s
  3774  3639   18.86847   26   62          -   24.00371      -   520  225s
  3915  3751   21.50564   19   73          -   24.00371      -   530  231s
  3994  3758   21.10236   23   75          -   24.00371      -   533  239s
  4027  3785   20.56500   19   69          -   24.00371      -   539  242s
  4136  3913   19.30532   24   71          -   24.00371      -   548  247s
  4351  4015   22.23570   24   65          -   24.00371      -   547  252s
  4403  4128   21.73846   25   80          -   24.00371      -   551  255s
  4702  4358   19.44205   26   69          -   23.86372      -   541  260s
  5050  4647   21.31165   23   75          -   23.66876      -   533  265s
  5450  4962   21.17972   27   74          -   23.50406      -   522  270s
  5975  5302   22.46460   26   81          -   23.35017      -   504  275s
  6312  5489   20.53005   28   79          -   23.18526      -   499  281s
  6930  6140   22.66263   21   83          -   23.06009      -   481  286s
  7730  6621   20.58430   23   84          -   22.93734      -   458  291s
  8553  7289   22.36570   22   77          -   22.83144      -   440  297s
  9645  8048   21.96005   28   70          -   22.71403      -   414  302s
 10201  8363   15.15082   21   59          -   22.66086      -   405  305s
 11449  9373   19.96373   26   76          -   22.56133      -   385  310s
 12811 10147   21.49598   23   68          -   22.47699      -   367  316s
 13585 11190   18.51106   32   63          -   22.37194      -   362  323s
 14444 12185   21.94184   24   74          -   22.31751      -   353  325s
 16401 14092    9.05473   28   59          -   22.24642      -   335  332s
 17446 15194   20.49118   32   59          -   22.21120      -   325  336s
 19579 17130   20.80303   31   66          -   22.11706      -   311  342s
 20509 18190   19.36855   32   64          -   22.07236      -   306  345s
 22619 20278   21.15529   35   61          -   22.00282      -   296  352s
 23708 21501   17.98148   29   72          -   21.95874      -   292  356s
 24947 22884   21.07287   34   59          -   21.92644      -   287  360s
 26370 23775   21.39667   31   76          -   21.88733      -   280  365s
 28479 26330   11.00939   25   72          -   21.80274      -   274  372s
 29919 28423   21.01694   38   69          -   21.76045      -   270  379s
 32066 28455   17.00834   29   74          -   21.71250      -   265  394s
 32098 28487   20.92327   29   63          -   21.68659      -   266  409s
 32130 28519   21.44695   28   70          -   21.64890      -   267  424s
 32162 28551   18.90719   32   66          -   21.61495      -   267  442s
 32194 28583    7.80894   34   49          -   21.58322      -   268  471s
 32226 28615   16.20603   22   66          -   21.55431      -   268  493s
 32258 28647   18.94942   28   63          -   21.52231      -   269  507s
 32290 28723   21.07518   31   73          -   21.49690      -   270  525s
 32366 28820   19.67883   36   69          -   21.46424      -   270  540s
 32463 28872   20.95670   34   75          -   21.44321      -   270  556s
 32527 29498   21.15602   24   71          -   21.41577      -   271  582s
 33172 30800   20.75890   28   68          -   21.38687      -   270  604s
 34514 32617   16.75585   27   73          -   21.35772      -   267  616s
 36481 34759   19.58389   31   66          -   21.32949      -   264  626s
H38082 34171                       4.6445253   21.30994   359%   262  626s
 38812 34932   19.86254   28   68    4.64453   21.29713   359%   261  635s
H38858 34929                       4.6461431   21.29686   358%   261  635s
H38859 34676                       4.8964941   21.29571   335%   261  635s
 39628 35771   18.63806   36   62    4.89649   21.26018   334%   263  644s
H40731 36203                       5.0900240   21.14433   315%   266  655s
H40743 36200                       5.0951916   21.14153   315%   266  655s
H40817 36159                       5.1459748   21.11718   310%   266  655s
H40831 36131                       5.1705267   21.11646   308%   266  655s
H40859 36018                       5.2917809   21.10979   299%   266  655s
H40879 35887                       5.4378544   21.10730   288%   267  655s
 41340 37282   14.62283   24   68    5.43785   21.08228   288%   267  665s
H42749 37922                       5.5675791   20.97070   277%   271  678s
H42872 37871                       5.6228447   20.92496   272%   271  678s
H42940 37858                       5.6383109   20.91694   271%   271  678s
H42945 37707                       5.7881830   20.91554   261%   271  678s
H43039 37674                       5.8210863   20.91003   259%   272  678s
 43538 38873   17.21149   27   64    5.82109   20.88262   259%   273  691s
H44747 39705                       5.8226919   20.78824   257%   274  706s
H44748 39669                       5.8476139   20.76716   255%   274  706s
H44794 39664                       5.8498383   20.75535   255%   274  706s
H44971 39553                       5.9313112   20.73469   250%   275  706s
H45176 39503                       5.9733632   20.72507   247%   275  706s
H45263 39465                       6.0050131   20.71820   245%   275  706s
 45585 40869   18.81054   27   75    6.00501   20.69700   245%   276  724s
 46999 42242    7.84246   35   47    6.00501   20.56881   243%   279  740s
H47398 42233                       6.0129674   20.52514   241%   280  740s
H47505 42231                       6.0162947   20.52178   241%   280  740s
H47885 42207                       6.0374209   20.50200   240%   280  740s
H48183 42206                       6.0388728   20.49161   239%   281  740s
 48378 44258   20.24432   34   67    6.03887   20.42098   238%   281  756s
 50448 45904   16.44718   29   63    6.03887   20.23876   235%   283  774s
H50600 45900                       6.0447185   20.23374   235%   284  774s
H51954 45900                       6.0447699   20.20843   234%   285  774s
 52106 48226   16.72956   35   62    6.04477   20.14730   233%   285  790s
 54448 50031   14.61150   33   52    6.04477   19.98573   231%   287  809s
H54620 50029                       6.0459565   19.96413   230%   288  809s
H56267 52030                       6.0465030   19.85687   228%   288  828s
 58279 54699   18.65970   40   61    6.04650   19.76519   227%   289  848s
 60962 57719   14.91028   31   57    6.04650   19.58755   224%   291  869s
 64010 59420   19.30012   43   54    6.04650   19.42077   221%   292  887s
H64144 59420                       6.0465073   19.41852   221%   292  887s
 65729 62921   12.45265   36   55    6.04651   19.33877   220%   293  907s
 69258 66008   13.26586   33   58    6.04651   19.18323   217%   292  925s
 72369 68109   13.72471   40   51    6.04651   19.04671   215%   292  943s
 74478 71368   17.50353   36   56    6.04651   19.00693   214%   293  964s
H75119 71368                       6.0465100   18.96378   214%   292  964s
 77757 75357   17.47445   43   51    6.04651   18.85307   212%   291  984s
 81762 79112   16.41660   33   61    6.04651   18.72379   210%   289 1005s
 85533 82431   18.58008   33   57    6.04651   18.60237   208%   288 1026s
H87266 82431                       6.0465101   18.58740   207%   287 1026s
 88872 86620   18.51892   45   45    6.04651   18.55736   207%   286 1045s
 93075 92822   17.75591   34   59    6.04651   18.41693   205%   284 1069s
 99291 95818   15.46044   33   62    6.04651   18.28207   202%   280 1083s
 102305 98400   17.85413   23   64    6.04651   18.20837   201%   278 1098s
H103026 98400                       6.0465101   18.20564   201%   278 1098s
 104895 101673   14.61045   34   59    6.04651   18.17885   201%   276 1112s
 108176 104246   13.18864   48   42    6.04651   18.11128   200%   275 1129s
 110763 104278   17.54698   47   43    6.04651   18.08484   199%   273 1150s
 110795 104309   18.02472   49   33    6.04651   18.05819   199%   273 1175s
 110828 105278   17.28729   49   48    6.04651   18.04996   199%   273 1195s
 111797 109169   17.48212   49   50    6.04651   18.04362   198%   272 1212s
H114458 109169                       6.0465101   18.03543   198%   271 1212s
 115698 109248   17.04699   28   71    6.04651   17.99251   198%   270 1235s
H115702 109248                       6.0465101   17.98588   197%   270 1236s
 115777 113526   17.40468   46   52    6.04651   17.97409   197%   270 1252s
 120067 117797   16.89873   43   31    6.04651   17.92679   196%   268 1267s
 124351 124179   13.39156   43   42    6.04651   17.87406   196%   266 1290s
 130753 127498   17.28874   45   43    6.04651   17.81810   195%   263 1301s
 134081 130670   12.87638   34   62    6.04651   17.78563   194%   262 1313s
 137263 132654   16.26655   44   43    6.04651   17.75511   194%   261 1327s
 139250 136205   17.30323   41   41    6.04651   17.74192   193%   260 1340s
 142811 139670   17.64395   38   54    6.04651   17.71106   193%   259 1353s
 146286 143253   16.71458   45   48    6.04651   17.68637   193%   258 1365s
 149877 146996   17.47459   51   41    6.04651   17.65891   192%   256 1377s
 153626 152888   16.77855   30   59    6.04651   17.63730   192%   255 1397s
 159533 156267   16.63066   54   39    6.04651   17.59897   191%   253 1409s
 162922 159423   15.63954   50   43    6.04651   17.57974   191%   252 1421s
 166092 162608   17.14630   37   53    6.04651   17.56005   190%   251 1432s
 169281 165877   17.41084   49   37    6.04651   17.54061   190%   250 1444s
 172552 169050   16.15515   36   58    6.04651   17.52364   190%   249 1456s
 175735 172420   16.14339   49   31    6.04651   17.50513   190%   249 1468s
 179117 175204   15.75665   50   40    6.04651   17.48346   189%   248 1479s
 181903 178653   13.15693   30   52    6.04651   17.46986   189%   247 1491s
 185361 183904   17.45246   49   36    6.04651   17.45246   189%   246 1509s
 190628 187056   16.75700   52   48    6.04651   17.42544   188%   245 1521s
 193792 187088   17.22079   50   33    6.04651   17.40461   188%   245 1540s
H193818 187088                       6.0465104   17.40180   188%   245 1540s
 193824 189551   17.33342   44   43    6.04651   17.40132   188%   245 1554s
 196295 191146   16.23299   27   71    6.04651   17.39395   188%   244 1570s
H197565 191146                       6.0465106   17.38770   188%   244 1570s
 197890 194387   14.82531   42   56    6.04651   17.38641   188%   244 1585s
 201143 198507   12.50402   53   40    6.04651   17.37750   187%   243 1599s
 205273 201737    7.09681   27   64    6.04651   17.35397   187%   242 1614s
 208511 205659   17.29557   40   40    6.04651   17.33635   187%   242 1628s
 212445 209461   14.96849   33   64    6.04651   17.31801   186%   241 1641s
 216255 214467   10.35976   51   39    6.04651   17.29969   186%   241 1659s
 221267 217321   16.20037   43   39    6.04651   17.27815   186%   240 1672s
 224129 221005   16.71899   47   38    6.04651   17.26595   186%   239 1684s
 227819 224476   15.58942   37   63    6.04651   17.25584   185%   239 1697s
 231292 227909   13.06777   52   44    6.04651   17.23977   185%   238 1709s
 234728 231453   10.72709   32   55    6.04651   17.22498   185%   238 1720s
 238278 234600   16.23714   38   60    6.04651   17.21080   185%   237 1732s
 241435 237831   16.17181   39   56    6.04651   17.19654   184%   237 1743s
 244679 241065   15.36591   44   35    6.04651   17.18314   184%   237 1756s
 247919 246120   15.97219   50   47    6.04651   17.17024   184%   236 1773s
 252992 249097   16.80730   51   43    6.04651   17.14943   184%   235 1785s
 255975 251776   17.03549   46   39    6.04651   17.13836   183%   235 1797s
 258661 255170   15.93992   34   60    6.04651   17.12619   183%   235 1809s
 262057 258321   12.25871   33   57    6.04651   17.11520   183%   234 1822s
 265218 261827   15.76711   43   41    6.04651   17.09985   183%   234 1834s
 268734 265165   16.57387   34   73    6.04651   17.08703   183%   234 1847s
 272084 265197   17.07293   49   32    6.04651   17.07293   182%   233 1865s
H272115 265197                       6.0465106   17.07293   182%   233 1865s
 272116 267677   16.90568   50   34    6.04651   17.07293   182%   233 1880s
 274602 270757   17.03810   49   36    6.04651   17.06238   182%   233 1895s
 277694 275396   16.13330   40   56    6.04651   17.05760   182%   233 1912s
 282347 278493   16.33307   45   57    6.04651   17.03936   182%   232 1923s
 285456 281927   16.74162   46   51    6.04651   17.02572   182%   232 1935s
 288894 285391   12.43279   52   34    6.04651   17.01621   181%   232 1947s
 292370 288837   16.56579   40   46    6.04651   17.00100   181%   232 1958s
 295820 291921   16.65092   46   51    6.04651   16.98794   181%   231 1970s
 298904 295262   13.54154   54   30    6.04651   16.98034   181%   231 1981s
 302253 298600   16.79614   34   50    6.04651   16.96789   181%   231 1993s
 305597 301930   15.77034   51   42    6.04651   16.95790   180%   230 2004s
 308936 306589   15.65179   48   36    6.04651   16.94824   180%   230 2017s
 313609 309880   16.49732   35   63    6.04651   16.93413   180%   230 2027s
 316908 312964   16.58655   39   45    6.04651   16.92357   180%   229 2036s
 319997 315492   16.48434   48   46    6.04651   16.91194   180%   229 2047s
 322537 319092    9.25292   31   60    6.04651   16.90490   180%   229 2056s
 326151 322098   12.98412   46   41    6.04651   16.89320   179%   229 2066s
 329162 325789   15.94519   36   60    6.04651   16.88379   179%   228 2075s
 332861 329175   10.84552   50   37    6.04651   16.87161   179%   228 2085s
 336252 332643   13.12962   46   39    6.04651   16.86076   179%   228 2095s
 339732 337046   12.28907   52   46    6.04651   16.85066   179%   227 2108s
 344142 340614   15.57117   29   74    6.04651   16.83809   178%   227 2118s
 347716 343871   16.82095   39   63    6.04651   16.82898   178%   227 2127s
 350977 343903   16.47520   23   69    6.04651   16.81825   178%   227 2146s
H350978 343903                       6.0465107   16.81825   178%   227 2146s
 351009 346084   16.58591   33   61    6.04651   16.81602   178%   227 2157s
 353202 349265   12.52363   33   61    6.04651   16.81239   178%   226 2167s
 356394 352780   15.14542   48   41    6.04651   16.80087   178%   226 2178s
 359915 355285   12.35402   36   48    6.04651   16.79003   178%   226 2189s
 362426 358828   12.79491   51   44    6.04651   16.78368   178%   226 2199s
 365977 362153   16.18054   46   46    6.04651   16.77345   177%   226 2210s
 369312 366433   15.72544   40   44    6.04651   16.76354   177%   226 2223s
 373608 369747   11.04959   42   33    6.04651   16.75228   177%   225 2233s
 376931 373112   15.28134   32   63    6.04651   16.74282   177%   225 2242s
 380305 376345   14.28778   55   35    6.04651   16.73389   177%   225 2252s
 383554 379528   15.69099   50   42    6.04651   16.72590   177%   225 2261s
 386743 382799   10.00137   51   28    6.04651   16.71724   176%   225 2271s
 390028 385795   15.93821   41   40    6.04651   16.70847   176%   225 2281s
 393032 389362   10.36989   42   36    6.04651   16.69942   176%   225 2292s
 396603 392681   16.43649   52   25    6.04651   16.68955   176%   225 2304s
 399925 396749   12.47033   50   35    6.04651   16.68272   176%   224 2318s
 403995 399892   12.99183   45   43    6.04651   16.67217   176%   224 2330s
 407144 403348   16.40719   42   62    6.04651   16.66575   176%   224 2340s
 410618 406139   14.81012   45   36    6.04651   16.65606   175%   224 2350s
 413415 409525   16.57338   50   32    6.04651   16.64823   175%   224 2361s
 416815 412895   16.22056   40   46    6.04651   16.63990   175%   224 2371s
 420191 416587   13.62363   49   41    6.04651   16.63404   175%   224 2381s
 423899 419935   16.19399   48   46    6.04651   16.62497   175%   223 2392s
 427253 419967   12.53854   51   32    6.04651   16.61555   175%   223 2410s
H427256 419967                       6.0465107   16.61537   175%   223 2410s
H427277 419967                       6.0465108   16.61434   175%   223 2410s
 427285 422602   16.32315   52   40    6.04651   16.61406   175%   223 2423s
 429927 426573   14.59968   44   41    6.04651   16.60916   175%   223 2437s
 433908 430089   12.61789   52   30    6.04651   16.59868   175%   223 2449s
 437435 433198   14.96641   30   58    6.04651   16.59019   174%   223 2460s
 440562 436739   11.78871   34   58    6.04651   16.58471   174%   223 2472s
 444110 440157   16.35065   50   48    6.04651   16.57458   174%   223 2484s
 447532 443108   16.48849   50   42    6.04651   16.56563   174%   222 2495s
 450501 446483   13.27937   49   45    6.04651   16.56171   174%   222 2507s
 453882 449661   15.60836   46   45    6.04651   16.55317   174%   222 2519s
 457070 453086   15.59300   33   62    6.04651   16.54487   174%   222 2532s
 460505 456639   14.67952   31   60    6.04651   16.53650   173%   222 2547s
 464080 460481    9.24447   49   38    6.04651   16.52872   173%   222 2561s
 467934 463953   15.97740   30   61    6.04651   16.52129   173%   222 2573s
 471424 467191   16.15674   50   51    6.04651   16.51509   173%   222 2585s
 474674 470701   14.99404   51   49    6.04651   16.50746   173%   222 2598s
 478190 474161   16.05801   55   36    6.04651   16.49829   173%   222 2610s
 481670 477459   14.47410   44   43    6.04651   16.49122   173%   221 2623s
 484976 480819   12.09545   28   56    6.04651   16.48577   173%   221 2635s
 488342 484195   15.69142   53   35    6.04651   16.47959   173%   221 2647s
 491727 487915   13.47396   41   48    6.04651   16.47094   172%   221 2662s
 495461 491523   16.15908   49   38    6.04651   16.46441   172%   221 2675s
 499075 494763   11.19718   48   42    6.04651   16.45587   172%   221 2687s
 502321 494795   16.25272   41   48    6.04651   16.44804   172%   221 2706s
 502353 497395   14.81365   42   48    6.04651   16.44611   172%   221 2720s
 504961 500083    8.85226   29   54    6.04651   16.44300   172%   221 2734s
H505726 500083                       6.0465108   16.44148   172%   221 2734s
H506883 500083                       6.0465108   16.44070   172%   221 2734s
 507662 503778   16.32879   51   41    6.04651   16.43705   172%   221 2748s
 511362 507294   16.11028   46   43    6.04651   16.43082   172%   220 2760s
 514886 510872   10.33919   50   36    6.04651   16.42411   172%   220 2773s
 518470 513634   13.18271   53   40    6.04651   16.41622   171%   220 2791s
 521252 517513   13.80629   50   38    6.04651   16.41298   171%   220 2805s
 525160 520835   15.46760   52   48    6.04651   16.40184   171%   220 2817s
 528488 524120   10.46823   56   37    6.04651   16.39455   171%   220 2829s
 531785 527418   12.05856   43   33    6.04651   16.38823   171%   220 2841s
 535095 530943   12.92299   47   38    6.04651   16.38181   171%   220 2853s
 538634 534337   16.17582   50   43    6.04651   16.37423   171%   220 2865s
 542043 536199    9.30578   50   33    6.04651   16.36683   171%   220 2880s
 543913 539694   16.00894   41   41    6.04651   16.36349   171%   220 2893s
 547418 543277   16.35580   47   37    6.04651   16.35580   170%   219 2906s
 551013 547396   15.08358   46   42    6.04651   16.34868   170%   219 2921s
 555138 549923   15.49986   38   45    6.04651   16.34088   170%   219 2931s
 557669 553524   16.18834   38   43    6.04651   16.33631   170%   219 2945s
 561282 557012   15.85443   45   56    6.04651   16.32942   170%   219 2958s
 564775 560400   14.57484   35   61    6.04651   16.32252   170%   219 2970s
 568173 563598   16.27349   47   45    6.04651   16.31477   170%   219 2983s
 571382 566929   15.54480   49   46    6.04651   16.30942   170%   219 2996s
 574721 566961    6.82637   48   28    6.04651   16.30408   170%   219 3017s
 574753 569433   14.56928   51   33    6.04651   16.30214   170%   219 3031s
 577237 573067   16.27377   47   44    6.04651   16.29879   170%   219 3045s
 580883 576956   15.17528   52   44    6.04651   16.29165   169%   219 3060s
 584790 580473   11.19816   50   33    6.04651   16.28497   169%   219 3072s
 588323 583710   11.20792   49   39    6.04651   16.27912   169%   219 3085s
 591568 587171   14.41148   50   37    6.04651   16.27531   169%   219 3097s
 595038 590480   15.51295   53   40    6.04651   16.27051   169%   218 3110s
 598357 593395   14.67861   46   38    6.04651   16.26415   169%   218 3123s
 601278 595555   14.39284   52   40    6.04651   16.26029   169%   218 3138s
H602185 595555                       6.0465108   16.25816   169%   218 3139s
 603444 598456   15.88141   49   45    6.04651   16.25778   169%   218 3154s
 606357 602060   14.20186   49   42    6.04651   16.25419   169%   218 3168s
 609965 606167   15.70853   49   48    6.04651   16.24455   169%   218 3183s
 614094 608597   14.14704   44   43    6.04651   16.23858   169%   218 3200s
 616530 612259   15.30678   35   56    6.04651   16.23384   168%   218 3214s
 620203 615560   15.48748   48   39    6.04651   16.22794   168%   218 3227s
 623524 619008   15.72215   47   39    6.04651   16.22127   168%   218 3240s
 626989 622216   10.03760   52   31    6.04651   16.21521   168%   218 3253s
 630201 625384    9.76489   37   46    6.04651   16.20998   168%   218 3267s
 633385 628794   15.75043   49   42    6.04651   16.20441   168%   218 3280s
 636803 631667   13.75470   44   30    6.04651   16.19822   168%   218 3292s
 639688 635645   13.46985   34   60    6.04651   16.19357   168%   218 3308s
 643680 638593   10.53959   30   65    6.04651   16.18648   168%   217 3321s
 646646 642165   14.75178   48   39    6.04651   16.18050   168%   217 3334s
 650224 642197   11.56014   50   52    6.04651   16.17592   168%   217 3355s
 650256 643867   13.12491   51   41    6.04651   16.17475   168%   217 3371s
 651932 647715   15.75842   49   39    6.04651   16.17351   167%   217 3386s
 655790 651206   12.12241   54   30    6.04651   16.16625   167%   217 3400s
 659301 654651   14.55170   48   41    6.04651   16.16066   167%   217 3412s
 662764 658331   12.57558   49   54    6.04651   16.15466   167%   217 3425s
 666462 661483   12.81418   46   44    6.04651   16.14946   167%   217 3438s
 669622 665417   16.14339   51   30    6.04651   16.14339   167%   217 3454s
 673565 668596   14.16309   39   45    6.04651   16.13646   167%   217 3468s
 676750 671875   11.26821   42   38    6.04651   16.13098   167%   217 3480s
 680040 675181    8.13813   32   50    6.04651   16.12557   167%   217 3494s
 683350 678532   13.75042   55   35    6.04651   16.12019   167%   217 3507s
 686709 681674   15.37650   48   47    6.04651   16.11478   167%   217 3520s
 689880 684249   14.95935   54   45    6.04651   16.11080   166%   217 3535s
 692471 687728   13.95056   54   45    6.04651   16.10675   166%   217 3548s
 695958 691225   11.68436   46   53    6.04651   16.10063   166%   216 3562s
 699471 695101   12.37723   57   45    6.04651   16.09511   166%   216 3577s
 703377 698306   15.95583   43   47    6.04651   16.08931   166%   216 3589s
 706590 701523   10.57846   43   43    6.04651   16.08485   166%   216 3602s
 709823 704857    9.19173   47   33    6.04651   16.07895   166%   216 3616s
 713169 708209   10.07897   46   45    6.04651   16.07348   166%   216 3628s
 716529 711373   14.20011   51   43    6.04651   16.07034   166%   216 3641s
 719698 714584   15.61147   31   58    6.04651   16.06404   166%   216 3654s
 722920 718015   14.96672   47   57    6.04651   16.05934   166%   216 3667s
 726366 721032   11.37858   52   36    6.04651   16.05518   166%   216 3679s
 729405 723417   15.80729   48   55    6.04651   16.04996   165%   216 3696s
 731792 728943   12.69068   51   44    6.04651   16.04601   165%   216 3716s
 737343 732558   12.79226   46   38    6.04651   16.03713   165%   216 3729s
 740291 732558   15.35194   39   50    6.04651   16.03629   165%   216 3730s
 740975 735926   15.91843   43   62    6.04651   16.03217   165%   216 3742s
 744354 739491   16.02619   50   33    6.04651   16.02619   165%   216 3755s
 747935 742752   14.66164   52   44    6.04651   16.02102   165%   216 3769s
 751218 746306   13.01104   41   46    6.04651   16.01520   165%   216 3781s
 754784 749595   10.94987   32   50    6.04651   16.00988   165%   216 3794s
 758088 752984   10.02184   44   48    6.04651   16.00528   165%   216 3807s
 761479 756737   11.80400   49   50    6.04651   16.00067   165%   216 3821s
 765240 759833   11.75417   47   37    6.04651   15.99419   165%   215 3835s
 768344 763157   14.14708   48   50    6.04651   15.98994   164%   215 3848s
 771688 766202   15.57638   47   38    6.04651   15.98467   164%   215 3861s
 774749 770030   15.98072   47   37    6.04651   15.98072   164%   215 3874s
 778589 773339   12.38772   52   31    6.04651   15.97558   164%   215 3887s
 781904 776404   15.28306   38   56    6.04651   15.97071   164%   215 3900s
 784979 779881   12.61274   47   46    6.04651   15.96709   164%   215 3913s
 788470 783328   12.04508   48   40    6.04651   15.96146   164%   215 3925s
 791929 786780   13.46985   50   42    6.04651   15.95630   164%   215 3940s
 795385 790336   15.38433   49   45    6.04651   15.95176   164%   215 3953s
 798957 793841   15.47133   45   37    6.04651   15.94592   164%   215 3967s
 802476 796238    9.80661   42   41    6.04651   15.94162   164%   215 3981s
H804353 796238                       6.0465108   15.94074   164%   215 3982s
 804884 799400   14.13956   53   48    6.04651   15.93821   164%   215 3996s
 808062 799432   14.04468   49   41    6.04651   15.93452   164%   215 4017s
 808094 802760   15.02472   49   47    6.04651   15.93416   164%   215 4031s
 811434 806138   13.07477   47   31    6.04651   15.92982   163%   215 4046s
 814824 809633   15.76139   52   40    6.04651   15.92693   163%   215 4060s
 818333 813241   15.54448   48   44    6.04651   15.92045   163%   215 4073s
 821957 816599   15.54536   54   44    6.04651   15.91622   163%   215 4087s
 825328 820352   12.00844   28   64    6.04651   15.91110   163%   215 4102s
 829096 823528   14.60927   42   41    6.04651   15.90717   163%   215 4116s
 832284 827105   15.17029   52   39    6.04651   15.90295   163%   215 4129s
 835865 830564    9.92825   54   30    6.04651   15.89798   163%   214 4142s
 839328 833597   15.04864   29   59    6.04651   15.89450   163%   214 4156s
 842379 836976   14.14488   39   43    6.04651   15.88989   163%   214 4169s
 845765 840111   15.42273   51   28    6.04651   15.88541   163%   214 4182s
 848910 843518   15.74989   50   47    6.04651   15.88207   163%   214 4196s
 852330 846954   14.92139   46   42    6.04651   15.87776   163%   214 4213s
 855783 850678   15.70317   47   47    6.04651   15.87346   163%   214 4227s
 859517 853976   14.61139   49   40    6.04651   15.86820   162%   214 4239s
 862838 857363   15.36751   50   47    6.04651   15.86347   162%   214 4253s
 866235 860798   13.82731   51   37    6.04651   15.85939   162%   214 4266s
 869672 863164   12.48952   46   45    6.04651   15.85410   162%   214 4281s
 872050 866636   15.52177   51   43    6.04651   15.85103   162%   214 4294s
 875546 870309   14.90410   44   45    6.04651   15.84785   162%   214 4307s
 879233 873806   15.84253   49   43    6.04651   15.84253   162%   214 4319s
 882734 877596   12.12234   52   50    6.04651   15.83897   162%   214 4334s
 886544 880743   14.13121   53   35    6.04651   15.83265   162%   214 4347s
 889713 884064   13.87330   50   51    6.04651   15.82858   162%   214 4360s
 893050 887367   15.15106   55   37    6.04651   15.82472   162%   214 4373s
 896369 890590   15.82016   42   53    6.04651   15.82016   162%   214 4386s
 899602 894079   15.70577   49   50    6.04651   15.81564   162%   214 4398s
 903105 897263    9.65636   50   40    6.04651   15.81218   162%   214 4411s
 906299 900319   15.80825   48   46    6.04651   15.80825   161%   214 4424s
 909372 902371   15.73995   47   44    6.04651   15.80384   161%   214 4441s
H910369 902371                       6.0465108   15.80343   161%   214 4442s
 911432 902402   13.01327   54   36    6.04651   15.80292   161%   214 4464s
 911465 904875   13.01134   50   37    6.04651   15.80092   161%   214 4482s
 913946 908491   14.57911   51   49    6.04651   15.79858   161%   214 4497s
 917578 911696   14.65810   52   43    6.04651   15.79339   161%   214 4511s
 920795 914807   12.16592   45   48    6.04651   15.78829   161%   214 4525s
 923935 917947   15.48170   50   28    6.04651   15.78456   161%   214 4539s
 927089 921058   11.31958   39   51    6.04651   15.77937   161%   214 4553s
 930224 924531   14.11458   49   45    6.04651   15.77518   161%   214 4568s
 933707 927743   15.77090   43   34    6.04651   15.77090   161%   214 4582s
 936937 931210    8.87882   51   49    6.04651   15.76690   161%   214 4595s
 940418 934742   13.39633   49   38    6.04651   15.76205   161%   214 4608s
 943967 937701   15.60884   54   30    6.04651   15.75779   161%   214 4623s
 946942 941858   14.64156   36   59    6.04651   15.75463   161%   214 4639s
 951109 945505   14.37679   51   36    6.04651   15.74895   160%   214 4653s
 954772 948531   14.70004   54   34    6.04651   15.74519   160%   213 4667s
 957813 952009   13.78983   55   37    6.04651   15.74247   160%   213 4680s
 961306 955249    8.66189   53   35    6.04651   15.73797   160%   213 4694s
 964565 958333   14.68296   37   61    6.04651   15.73320   160%   213 4710s
 967661 962101   14.68285   44   56    6.04651   15.73076   160%   213 4724s
 971447 965500   14.40683   38   48    6.04651   15.72679   160%   213 4737s
 974864 969255   12.76332   52   37    6.04651   15.72210   160%   213 4752s
 978637 972233   15.70199   45   33    6.04651   15.71829   160%   213 4765s
 981633 975609   14.87473   53   47    6.04651   15.71501   160%   213 4779s
 985028 979123   13.03637   52   33    6.04651   15.71083   160%   213 4792s
 988557 982103   12.48709   47   44    6.04651   15.70674   160%   213 4805s
 991545 985373   13.07225   48   30    6.04651   15.70235   160%   213 4818s
 994831 988446   15.38578   48   41    6.04651   15.69898   160%   213 4832s
 997914 991749   11.89093   46   31    6.04651   15.69612   160%   213 4847s
 1001227 994972   15.69142   48   44    6.04651   15.69212   160%   213 4860s
 1004452 998349   12.78378   46   37    6.04651   15.68742   159%   213 4875s
 1007845 1001570   14.05434   45   54    6.04651   15.68328   159%   213 4889s
 1011091 1005353   15.06385   44   58    6.04651   15.67966   159%   213 4903s
 1014891 1008035   14.73448   35   56    6.04651   15.67577   159%   213 4918s
 1017581 1011573   15.51659   50   43    6.04651   15.67282   159%   213 4932s
 1021139 1014896   14.41525   44   32    6.04651   15.66888   159%   213 4946s
 1024470 1018544   15.04057   41   44    6.04651   15.66494   159%   213 4959s
 1028128 1021799   15.66196   47   34    6.04651   15.66196   159%   213 4973s
 1031399 1025196   12.43911   48   41    6.04651   15.65868   159%   213 4987s
 1034810 1028938   15.35095   52   32    6.04651   15.65391   159%   213 5002s
 1038570 1031694   15.19324   46   48    6.04651   15.64925   159%   213 5014s
 1041339 1035026   13.23381   45   46    6.04651   15.64625   159%   213 5028s
 1044689 1038340   14.83343   51   40    6.04651   15.64226   159%   213 5042s
 1048019 1040460   14.86943   57   37    6.04651   15.63836   159%   213 5058s
 1050151 1044150   14.74293   55   31    6.04651   15.63658   159%   213 5075s
 1053857 1047869   13.96420   53   40    6.04651   15.63153   159%   213 5089s
 1057586 1051077   13.28097   50   47    6.04651   15.62849   158%   213 5104s
 1060814 1054368   15.24356   45   42    6.04651   15.62543   158%   213 5118s
 1064117 1057920   15.49236   46   46    6.04651   15.62069   158%   213 5134s
 1067691 1061038   15.09912   54   39    6.04651   15.61743   158%   213 5148s
 1070837 1064382   14.05630   48   36    6.04651   15.61368   158%   213 5161s
 1074207 1067871   14.09621   50   26    6.04651   15.61052   158%   213 5174s
 1077714 1071210   13.45282   47   33    6.04651   15.60732   158%   213 5188s
 1081065 1074158   11.75817   44   30    6.04651   15.60339   158%   213 5201s
 1084025 1077543   12.44261   52   45    6.04651   15.60075   158%   213 5214s
 1087428 1080992   12.37091   51   42    6.04651   15.59674   158%   213 5228s
 1090891 1084364   15.47539   45   46    6.04651   15.59261   158%   213 5240s
 1094273 1088016   14.37216   53   42    6.04651   15.58983   158%   212 5255s
 1097928 1091299   13.33909   52   43    6.04651   15.58533   158%   212 5268s
 1101221 1094495   11.34793   51   48    6.04651   15.58195   158%   212 5281s
 1104437 1097398   11.45475   30   62    6.04651   15.57899   158%   212 5294s
 1107343 1100661   14.45275   51   38    6.04651   15.57609   158%   212 5309s
 1110622 1103162   13.59092   50   37    6.04651   15.57289   158%   212 5323s
 1113135 1106788    8.74827   49   48    6.04651   15.56978   158%   212 5337s
 1116779 1110269   14.46155   38   64    6.04651   15.56682   157%   212 5351s
 1120281 1113747   15.13326   25   61    6.04651   15.56242   157%   212 5366s
 1123767 1117331   15.10097   50   46    6.04651   15.55976   157%   212 5381s
 1127369 1120404   15.51451   54   38    6.04651   15.55590   157%   212 5394s
 1130468 1123651   14.35074   51   30    6.04651   15.55257   157%   212 5408s
 1133726 1127151   15.54943   46   47    6.04651   15.54943   157%   212 5422s
 1137248 1129385   15.47917   52   39    6.04651   15.54608   157%   212 5438s
 1139492 1132960   13.35142   32   60    6.04651   15.54403   157%   212 5451s
 1143075 1136545   14.51136   50   45    6.04651   15.54025   157%   212 5465s
 1146678 1140251   15.08928   49   43    6.04651   15.53759   157%   212 5479s
 1150390 1143735    8.84162   51   36    6.04651   15.53285   157%   212 5491s
 1153883 1147178   14.95226   54   41    6.04651   15.52907   157%   212 5506s
 1157348 1150780   15.19376   51   43    6.04651   15.52588   157%   212 5520s
 1160975 1153886   11.74990   49   42    6.04651   15.52262   157%   212 5533s
 1164086 1157176   15.21376   44   43    6.04651   15.51912   157%   212 5546s
 1167388 1160386   12.68144   52   41    6.04651   15.51615   157%   212 5559s
 1170608 1163238   12.78512   48   48    6.04651   15.51299   157%   212 5572s
 1173467 1166646   13.52940   34   53    6.04651   15.50979   157%   212 5586s
 1176903 1170204   12.52995   51   49    6.04651   15.50697   156%   212 5600s
 1180485 1173489   14.85680   46   50    6.04651   15.50317   156%   212 5612s
 1183782 1177167   13.19342   43   40    6.04651   15.50038   156%   212 5627s
 1187476 1177199   14.98845   43   51    6.04651   15.49631   156%   212 5647s
 1187508 1177231   15.16980   57   32    6.04651   15.49537   156%   212 5676s
 1187540 1177263   14.56438   54   42    6.04651   15.49505   156%   212 5701s
H1187545 1177263                       6.0465108   15.49504   156%   212 5701s
H1187570 1176542                       6.2402456   15.49493   148%   212 5701s
H1187572 1178332                       6.2448163   15.49491   148%   212 5721s
H1187573 1178327                       6.2460372   15.49491   148%   212 5721s
H1188473 1178325                       6.2463582   15.49481   148%   212 5721s
 1189383 1181675   12.52221   53   39    6.24636   15.49470   148%   212 5740s
H1192751 1182056                       6.2464650   15.49105   148%   212 5765s
H1192769 1182056                       6.2472402   15.49084   148%   212 5765s
H1192780 1182052                       6.2479782   15.49059   148%   212 5765s
H1192798 1182047                       6.2504783   15.49046   148%   212 5765s
H1192844 1182014                       6.2585048   15.49018   148%   212 5765s
 1193133 1186732   14.33394   52   41    6.25850   15.48926   147%   212 5784s
H1197869 1186926                       6.2591734   15.48514   147%   212 5809s
 1198067 1190945   15.06393   44   46    6.25917   15.48432   147%   212 5827s
H1202109 1191055                       6.2653823   15.48113   147%   212 5852s
H1202228 1190765                       6.3355864   15.48113   144%   212 5852s
 1202239 1195156   14.88680   44   44    6.33559   15.48045   144%   212 5871s
 1206646 1195250   15.09890   48   37    6.33559   15.47776   144%   212 5897s
 1206740 1199052   14.26364   49   60    6.33559   15.47625   144%   212 5914s
 1210564 1202760   15.45867   51   44    6.33559   15.47278   144%   212 5930s
 1214284 1205815   14.10795   51   39    6.33559   15.46958   144%   212 5946s
 1217347 1209753   11.24655   54   33    6.33559   15.46700   144%   212 5962s
 1221293 1212693   13.51244   29   62    6.33559   15.46301   144%   212 5976s
 1224268 1216241   14.85078   57   36    6.33559   15.46108   144%   212 5991s
 1227828 1219726   11.41438   46   47    6.33559   15.45599   144%   212 6005s
 1231325 1223236   14.95454   47   42    6.33559   15.45307   144%   212 6019s
 1234865 1226680   15.41352   45   38    6.33559   15.44960   144%   212 6033s
 1238319 1230043   14.15148   52   48    6.33559   15.44657   144%   212 6048s
 1241695 1233398   14.16094   54   28    6.33559   15.44360   144%   212 6062s
 1245074 1236790   14.37851   52   27    6.33559   15.44009   144%   212 6077s
 1248484 1240326   13.49376   44   40    6.33559   15.43750   144%   212 6091s
 1252041 1243285   13.76244   49   41    6.33559   15.43409   144%   212 6105s
 1255015 1246775   13.30813   46   51    6.33559   15.43056   144%   212 6119s
 1258531 1249842   15.30687   51   33    6.33559   15.42754   144%   212 6134s
 1261614 1253406   15.23709   56   33    6.33559   15.42436   143%   212 6147s
 1265200 1256617   14.06520   53   40    6.33559   15.42136   143%   212 6161s
 1268425 1260319   14.49842   53   45    6.33559   15.41815   143%   212 6175s
 1272153 1262910   15.13571   44   49    6.33559   15.41504   143%   212 6189s
 1274752 1266622   11.64116   46   33    6.33559   15.41358   143%   212 6204s
 1278482 1269868   14.79983   51   46    6.33559   15.40905   143%   212 6217s
 1281746 1272933   14.64023   52   44    6.33559   15.40647   143%   212 6230s
 1284835 1276041   15.36934   47   52    6.33559   15.40287   143%   212 6243s
 1287975 1279156   13.66284   54   36    6.33559   15.40011   143%   212 6256s
 1291116 1281974   13.34197   48   38    6.33559   15.39674   143%   212 6269s
 1293951 1285218   14.00076   50   39    6.33559   15.39422   143%   212 6284s
 1297213 1288702   12.99247   49   36    6.33559   15.39246   143%   212 6298s
 1300725 1292066   14.70256   49   48    6.33559   15.38874   143%   211 6311s
 1304097 1295583   15.01576   50   38    6.33559   15.38541   143%   211 6326s
 1307636 1298718   10.13019   51   40    6.33559   15.38200   143%   211 6340s
 1310801 1302165   14.72960   55   42    6.33559   15.37896   143%   211 6354s
 1314260 1305293   12.07416   47   37    6.33559   15.37574   143%   211 6368s
 1317409 1308662   12.62527   52   40    6.33559   15.37307   143%   211 6382s
 1320802 1311791   11.39746   51   40    6.33559   15.36977   143%   211 6396s
 1323949 1315048   12.26283   50   48    6.33559   15.36763   143%   211 6410s
 1327217 1318356   14.53961   53   42    6.33559   15.36344   142%   211 6423s
 1330546 1321356   13.97306   43   40    6.33559   15.36028   142%   211 6438s
 1333565 1324691   13.86314   49   33    6.33559   15.35786   142%   211 6453s
 1336918 1327040   15.12285   46   45    6.33559   15.35427   142%   211 6472s
H1337679 1327040                       6.3355866   15.35401   142%   211 6473s
H1338527 1327040                       6.3357666   15.35386   142%   211 6473s
 1339282 1330892    7.54080   46   35    6.33577   15.35352   142%   211 6490s
 1343158 1330923     cutoff   34         6.33577   15.34903   142%   211 6514s
H1343159 1330916                       6.3376499   15.34903   142%   211 6515s
H1343161 1330910                       6.3385697   15.34892   142%   211 6515s
H1343162 1330907                       6.3395006   15.34889   142%   211 6515s
H1343172 1330906                       6.3396538   15.34864   142%   211 6515s
 1343191 1334802   15.15569   51   44    6.33965   15.34817   142%   211 6530s
H1347109 1334834                       6.3397239   15.34557   142%   211 6554s
H1347131 1334834                       6.3397460   15.34495   142%   211 6554s
 1347141 1338406   15.34495   52   39    6.33975   15.34495   142%   211 6568s
 1350742 1338438    7.01928   42   44    6.33975   15.34223   142%   211 6593s
H1350745 1338438                       6.3397524   15.34221   142%   211 6593s
H1350747 1338438                       6.3398505   15.34209   142%   211 6593s
 1350774 1342006   15.26134   48   49    6.33985   15.34201   142%   211 6608s
 1354366 1342037   14.64516   51   46    6.33985   15.33975   142%   211 6629s
H1354384 1342037                       6.3398569   15.33865   142%   211 6630s
 1354398 1344880   15.30550   48   37    6.33986   15.33851   142%   211 6644s
 1357258 1348533   14.97645   59   32    6.33986   15.33657   142%   211 6659s
 1360934 1352133   12.39471   52   44    6.33986   15.33359   142%   211 6674s
 1364556 1355613   11.17747   50   38    6.33986   15.33060   142%   211 6689s
 1368062 1359094   14.32791   46   45    6.33986   15.32739   142%   211 6703s
 1371559 1361874   13.65919   49   49    6.33986   15.32501   142%   211 6716s
 1374366 1365206   11.88500   52   41    6.33986   15.32179   142%   211 6730s
 1377710 1368657   11.97573   47   42    6.33986   15.31897   142%   211 6745s
 1381180 1371859   13.43036   47   47    6.33986   15.31661   142%   211 6759s
 1384392 1375179   11.92816   52   31    6.33986   15.31403   142%   211 6773s
 1387714 1377557   15.25554   47   45    6.33986   15.31064   141%   211 6789s
 1390118 1381255   11.60662   46   35    6.33986   15.30882   141%   211 6805s
 1393829 1384840   14.08185   45   49    6.33986   15.30573   141%   211 6820s
 1397435 1387881   13.36120   44   35    6.33986   15.30294   141%   211 6834s
 1400490 1391105   14.42791   50   39    6.33986   15.29924   141%   211 6847s
 1403736 1394650   11.35390   46   38    6.33986   15.29645   141%   211 6861s
 1407301 1398257   15.29404   46   38    6.33986   15.29404   141%   211 6875s
 1410938 1401407   15.07842   53   33    6.33986   15.29117   141%   211 6889s
 1414106 1404862   15.07931   52   39    6.33986   15.28864   141%   211 6903s
 1417575 1404893   13.29608   52   33    6.33986   15.28545   141%   211 6926s
 1417608 1407575   15.28492   43   47    6.33986   15.28492   141%   211 6942s
 1420297 1411145   15.19582   49   43    6.33986   15.28314   141%   211 6956s
 1423881 1414244   14.50249   44   36    6.33986   15.28077   141%   211 6972s
 1426997 1418080   14.11419   36   50    6.33986   15.27787   141%   211 6988s
 1430853 1420347   14.72086   44   44    6.33986   15.27494   141%   211 7008s
 1433124 1424090   14.06192   52   30    6.33986   15.27355   141%   211 7025s
 1436899 1427516   14.06144   39   43    6.33986   15.27007   141%   211 7042s
 1440334 1430814   14.65567   45   45    6.33986   15.26726   141%   211 7058s
 1443651 1434303   14.50684   54   43    6.33986   15.26358   141%   211 7074s
 1447174 1437646   13.39483   53   42    6.33986   15.26070   141%   211 7090s
 1450534 1441158   11.71617   50   38    6.33986   15.25736   141%   211 7105s
 1454072 1443138   14.67623   51   31    6.33986   15.25483   141%   211 7127s
H1455136 1443138                       6.3398592   15.25427   141%   211 7128s
H1456061 1443133                       6.3405526   15.25403   141%   211 7128s
 1456062 1448781   13.38804   44   62    6.34055   15.25396   141%   211 7154s
 1461741 1452610    9.48155   51   31    6.34055   15.24874   140%   211 7170s
 1465592 1456323   14.24525   50   31    6.34055   15.24594   140%   211 7186s
 1469335 1459824   15.11264   49   35    6.34055   15.24219   140%   211 7202s
 1472858 1463441   12.31230   56   40    6.34055   15.23937   140%   211 7216s
 1476497 1466356   14.10688   39   46    6.34055   15.23616   140%   211 7231s
 1479426 1470018   15.23395   44   39    6.34055   15.23423   140%   211 7245s
 1483107 1473596   11.07831   55   44    6.34055   15.23220   140%   211 7258s
 1486707 1473628   14.33853   44   39    6.34055   15.22920   140%   211 7279s
 1486739 1476329   10.98415   50   36    6.34055   15.22862   140%   211 7294s
H1487225 1476329                       6.3405578   15.22856   140%   211 7295s
 1489450 1479930   14.94652   49   43    6.34056   15.22702   140%   211 7309s
 1493069 1483540   13.75283   54   37    6.34056   15.22426   140%   211 7322s
 1496701 1487042   14.97649   49   32    6.34056   15.22187   140%   211 7335s
 1500233 1489900   10.09736   48   41    6.34056   15.21898   140%   211 7348s
 1503103 1493500   14.09246   40   49    6.34056   15.21667   140%   211 7361s
 1506717 1496704   14.80901   46   37    6.34056   15.21384   140%   211 7374s
 1509933 1499601   12.91812   46   52    6.34056   15.21126   140%   211 7388s
 1512854 1503050   11.80327   51   42    6.34056   15.20918   140%   211 7402s
 1516325 1506450   14.20946   50   50    6.34056   15.20628   140%   211 7415s
 1519731 1509798   15.14506   46   36    6.34056   15.20429   140%   211 7428s
 1523101 1512943   12.45816   52   27    6.34056   15.20138   140%   211 7440s
 1526288 1516487   11.80733   52   45    6.34056   15.19883   140%   211 7453s
 1529870 1519783   10.73664   54   27    6.34056   15.19677   140%   211 7466s
 1533182 1523102   10.87701   53   41    6.34056   15.19422   140%   211 7478s
 1536534 1526256   14.98041   44   42    6.34056   15.19155   140%   211 7490s
 1539709 1529200   10.34469   54   43    6.34056   15.18906   140%   211 7502s
 1542668 1532707    9.03521   54   43    6.34056   15.18679   140%   211 7516s
 1546196 1535849   13.65783   43   50    6.34056   15.18363   139%   211 7528s
 1549362 1539123   10.10232   50   41    6.34056   15.18111   139%   211 7541s
 1552659 1542399   12.14803   51   38    6.34056   15.17822   139%   211 7556s
 1555951 1542431   15.14992   50   36    6.34056   15.17559   139%   211 7580s
H1555952 1542431                       6.3405589   15.17559   139%   211 7581s
H1555953 1542431                       6.3405590   15.17552   139%   211 7581s
H1555961 1542431                       6.3405597   15.17536   139%   211 7581s
 1555983 1545474   14.60467   46   47    6.34056   15.17511   139%   211 7596s
 1559048 1548892   13.76735   48   46    6.34056   15.17376   139%   211 7611s
 1562488 1552379   15.01608   50   42    6.34056   15.17035   139%   211 7625s
 1566001 1555602   15.16824   48   34    6.34056   15.16824   139%   211 7639s
 1569248 1558927   10.45402   52   34    6.34056   15.16670   139%   211 7653s
 1572617 1562526   14.40039   46   41    6.34056   15.16325   139%   211 7669s
 1576236 1565628   14.88420   49   46    6.34056   15.16095   139%   211 7682s
 1579352 1568918   15.12327   48   42    6.34056   15.15877   139%   211 7696s
 1582664 1571750   14.79165   52   31    6.34056   15.15620   139%   211 7709s
 1585514 1575193   11.77625   31   52    6.34056   15.15432   139%   211 7723s
 1588973 1578683   13.07312   49   38    6.34056   15.15207   139%   211 7737s
 1592471 1581708   14.80545   35   60    6.34056   15.14988   139%   211 7750s
 1595507 1585151   14.90362   48   33    6.34056   15.14734   139%   211 7764s
 1598964 1588592   14.02043   46   50    6.34056   15.14565   139%   211 7778s
 1602423 1591938   15.14345   47   38    6.34056   15.14345   139%   210 7793s
 1605778 1595278   14.36291   42   52    6.34056   15.14088   139%   210 7808s
 1609143 1597587   15.13855   46   42    6.34056   15.13855   139%   210 7824s
 1611472 1601384   13.45395   45   46    6.34056   15.13734   139%   210 7839s
 1615295 1604208    8.22012   45   55    6.34056   15.13431   139%   210 7856s
 1618129 1604240   15.09456   46   34    6.34056   15.13263   139%   210 7879s
H1618133 1604240                       6.3405598   15.13248   139%   210 7880s
H1618143 1604237                       6.3408771   15.13228   139%   210 7880s
 1618161 1607650   15.03719   52   37    6.34088   15.13228   139%   210 7896s
 1621591 1611160   13.51491   54   44    6.34088   15.12921   139%   211 7911s
 1625123 1614778   15.09176   44   33    6.34088   15.12639   139%   211 7927s
 1628770 1618429   14.05348   49   33    6.34088   15.12411   139%   211 7941s
 1632437 1621931   12.92529   49   38    6.34088   15.12111   138%   210 7957s
 1635954 1625180   14.76397   53   39    6.34088   15.11863   138%   210 7971s
 1639217 1628561   14.92355   52   38    6.34088   15.11617   138%   210 7985s
 1642608 1631805   13.98123   43   41    6.34088   15.11385   138%   210 8000s
 1645872 1634908   12.08698   49   41    6.34088   15.11148   138%   210 8014s
 1648999 1637810   14.09342   53   41    6.34088   15.10929   138%   210 8030s
 1651921 1641347   11.85254   53   43    6.34088   15.10778   138%   210 8045s
 1655473 1641379   14.84246   52   27    6.34088   15.10501   138%   210 8067s
H1655504 1641373                       6.3414887   15.10435   138%   210 8068s
 1655505 1641405   12.97575   53   45    6.34149   15.10431   138%   210 8088s
 1655537 1641436   13.91522   48   48    6.34149   15.10416   138%   210 8112s
 1655569 1641468   14.27128   50   52    6.34149   15.10400   138%   210 8138s
H1655594 1641468                       6.3414889   15.10383   138%   210 8140s
 1655601 1641561   13.90693   55   36    6.34149   15.10380   138%   210 8166s
H1655623 1641561                       6.3414891   15.10375   138%   210 8166s
 1655694 1641818   14.39370   52   38    6.34149   15.10374   138%   210 8192s
H1655711 1641818                       6.3416167   15.10374   138%   210 8192s
 1655953 1645070   14.01046   53   43    6.34162   15.10374   138%   210 8208s
 1659217 1649037   14.80507   39   43    6.34162   15.10174   138%   210 8225s
 1663221 1652552    7.40333   49   34    6.34162   15.09926   138%   210 8241s
 1666751 1656003   14.28538   50   49    6.34162   15.09658   138%   210 8257s
 1670232 1659142   14.32769   50   46    6.34162   15.09462   138%   210 8271s
 1673392 1662343   12.88764   51   42    6.34162   15.09213   138%   210 8287s
 1676615 1665430   11.82394   46   38    6.34162   15.08997   138%   210 8301s
 1679725 1668900   15.04673   51   37    6.34162   15.08754   138%   210 8316s
 1683226 1672168   13.66225   33   68    6.34162   15.08555   138%   210 8330s
 1686526 1675241   13.22756   48   42    6.34162   15.08327   138%   210 8345s
 1689617 1678491   14.81911   44   48    6.34162   15.08108   138%   210 8359s
 1692879 1681690   14.57356   42   40    6.34162   15.07873   138%   210 8376s
 1696094 1685270   13.84177   53   43    6.34162   15.07679   138%   210 8391s
 1699703 1685302   12.31599   32   55    6.34162   15.07428   138%   210 8415s
H1699725 1685302                       6.3416167   15.07358   138%   210 8416s
H1699726 1685302                       6.3416170   15.07358   138%   210 8416s
 1699735 1688159   12.73488   54   39    6.34162   15.07346   138%   210 8431s
 1702603 1691675   14.91892   56   43    6.34162   15.07187   138%   210 8447s
 1706131 1695195   13.46741   39   45    6.34162   15.06950   138%   210 8462s
 1709673 1698850   14.44374   31   70    6.34162   15.06726   138%   210 8477s
 1713362 1701143   12.08563   45   47    6.34162   15.06509   138%   210 8493s
 1715671 1704930   13.66486   43   49    6.34162   15.06333   138%   210 8508s
 1719492 1708622   14.54945   51   36    6.34162   15.06081   137%   210 8523s
 1723200 1712282   14.89102   55   34    6.34162   15.05850   137%   210 8539s
 1726878 1715602   14.98576   47   40    6.34162   15.05629   137%   210 8552s
 1730224 1718803   12.96533   34   64    6.34162   15.05391   137%   210 8566s
 1733435 1722041   12.46113   47   48    6.34162   15.05240   137%   210 8579s
 1736700 1725356   12.20441   50   40    6.34162   15.05014   137%   210 8593s
 1740031 1728331   12.07722   48   47    6.34162   15.04771   137%   210 8605s
 1743018 1731693   14.96651   47   48    6.34162   15.04578   137%   210 8619s
 1746396 1735018    9.75840   55   40    6.34162   15.04357   137%   210 8633s
 1749738 1738088   11.64248   45   46    6.34162   15.04146   137%   210 8647s
 1752824 1741663   14.97524   51   42    6.34162   15.03936   137%   210 8662s
 1756431 1744627   14.44393   52   29    6.34162   15.03724   137%   210 8676s
 1759412 1748007   14.83768   41   47    6.34162   15.03552   137%   210 8691s
 1762822 1751244   10.08540   48   34    6.34162   15.03319   137%   210 8705s
 1766075 1754613   15.02684   50   37    6.34162   15.03143   137%   210 8719s
 1769474 1754645   13.15774   47   51    6.34162   15.02888   137%   210 8740s
H1769485 1754645                       6.3416171   15.02860   137%   210 8741s
 1769506 1756765   14.80858   52   44    6.34162   15.02839   137%   210 8758s
 1771630 1760521   14.83089   46   48    6.34162   15.02751   137%   210 8773s
 1775406 1764144   14.11130   52   44    6.34162   15.02513   137%   210 8788s
 1779049 1767743   11.62253   51   42    6.34162   15.02272   137%   210 8803s
 1782669 1771337   13.43337   46   36    6.34162   15.02069   137%   210 8818s
 1786285 1774551   12.48319   44   52    6.34162   15.01833   137%   210 8832s
 1789523 1777906   14.31599   51   43    6.34162   15.01640   137%   210 8846s
 1792908 1781169   10.61484   55   40    6.34162   15.01411   137%   210 8860s
 1796190 1784650   10.31884   51   33    6.34162   15.01220   137%   210 8874s
 1799688 1787895   13.36167   54   42    6.34162   15.01027   137%   210 8887s
 1802951 1787927   14.31279   53   40    6.34162   15.00802   137%   210 8911s
H1802977 1787927                       6.3416171   15.00769   137%   210 8912s
 1802983 1788097   14.27060   39   48    6.34162   15.00766   137%   210 8932s
 1803153 1788369   15.00754   42   62    6.34162   15.00754   137%   210 8986s
 1803425 1788845   15.00219   43   63    6.34162   15.00754   137%   210 9008s
 1803903 1789581   14.07668   57   36    6.34162   15.00726   137%   210 9031s
 1804648 1791371    7.25552   37   51    6.34162   15.00709   137%   210 9055s
 1806448 1793707   14.54464   47   50    6.34162   15.00697   137%   210 9081s
 1808793 1797000   14.46481   56   33    6.34162   15.00647   137%   210 9109s
 1812101 1799391   13.69512   50   36    6.34162   15.00559   137%   210 9128s
 1814510 1800108   13.16191   49   46    6.34162   15.00405   137%   210 9157s
H1815184 1800108                       6.3416172   15.00196   137%   210 9158s
 1815235 1802549   13.67961   45   41    6.34162   15.00158   137%   210 9196s
 1817688 1806717   14.67797   49   30    6.34162   14.99995   137%   210 9233s
 1821877 1812111   13.51988   48   45    6.34162   14.99914   137%   210 9266s
 1827315 1817079   13.22207   48   51    6.34162   14.99785   136%   210 9293s
 1832307 1822056   14.77294   41   62    6.34162   14.99483   136%   210 9316s
 1837316 1826182   14.99017   42   40    6.34162   14.99017   136%   210 9336s
 1841468 1829413   14.91568   58   40    6.34162   14.98659   136%   210 9353s
 1844714 1832702   13.64407   54   43    6.34162   14.98390   136%   210 9371s
 1848016 1836256   11.42273   41   44    6.34162   14.98161   136%   210 9387s
 1851597 1839199   14.13204   52   38    6.34162   14.97956   136%   210 9404s
 1854557 1840908   14.97755   50   42    6.34162   14.97755   136%   210 9426s
H1854694 1840908                       6.3416172   14.97739   136%   210 9427s
H1854820 1840908                       6.3416173   14.97706   136%   210 9428s
 1856280 1844569   14.97614   47   46    6.34162   14.97614   136%   210 9445s
 1859964 1848407   14.28481   46   49    6.34162   14.97534   136%   210 9462s
 1863820 1852208   14.97263   46   44    6.34162   14.97263   136%   210 9478s
 1867645 1855933   13.87739   46   45    6.34162   14.97028   136%   210 9494s
 1871386 1859291   14.96657   45   43    6.34162   14.96714   136%   210 9510s
 1874764 1862864   14.95005   52   37    6.34162   14.96407   136%   210 9525s
 1878361 1866207   14.61483   48   46    6.34162   14.96178   136%   210 9540s
 1881731 1869472   10.01665   52   36    6.34162   14.96028   136%   210 9554s
 1885014 1872682   13.79045   47   44    6.34162   14.95873   136%   210 9569s
 1888240 1874161   14.20527   38   48    6.34162   14.95620   136%   210 9590s
H1888360 1874161                       6.3416173   14.95620   136%   210 9591s
 1889729 1876695   14.20199   50   40    6.34162   14.95566   136%   210 9609s
 1892289 1880677   11.84786   50   52    6.34162   14.95383   136%   210 9625s
 1896294 1884412   11.71916   54   37    6.34162   14.95193   136%   210 9641s
 1900049 1888049   14.91449   49   45    6.34162   14.94959   136%   210 9656s
 1903702 1891684   13.05025   47   47    6.34162   14.94746   136%   210 9672s
 1907366 1894779   10.03054   40   51    6.34162   14.94542   136%   210 9686s
 1910474 1898082   14.14483   49   43    6.34162   14.94326   136%   210 9700s
 1913800 1901470   12.38891   52   40    6.34162   14.94119   136%   210 9714s
 1917198 1904789   14.69220   49   43    6.34162   14.93931   136%   210 9728s
 1920528 1907943   11.72399   52   37    6.34162   14.93722   136%   210 9743s
 1923696 1911402   13.33038   58   37    6.34162   14.93613   136%   210 9757s
H1927177 1912457                       6.3416173   14.93355   135%   210 9779s
H1927434 1912457                       6.3416184   14.93313   135%   210 9779s
 1928238 1916229   14.31504   54   38    6.34162   14.93289   135%   210 9794s
 1932029 1919399   12.80633   48   34    6.34162   14.93065   135%   210 9810s
 1935222 1922768   14.12600   48   47    6.34162   14.92894   135%   210 9826s
 1938623 1926001   13.58467   26   59    6.34162   14.92653   135%   210 9841s
 1941870 1929530   14.38709   50   41    6.34162   14.92460   135%   210 9856s
 1945419 1932944    6.93560   48   47    6.34162   14.92218   135%   210 9872s
 1948856 1935233   10.76062   49   42    6.34162   14.92020   135%   210 9889s
 1951155 1938825    9.44897   52   37    6.34162   14.91905   135%   210 9904s
 1954775 1942160   14.67285   43   43    6.34162   14.91667   135%   210 9919s
 1958129 1945483   14.65583   49   41    6.34162   14.91452   135%   210 9934s
 1961472 1947223   10.76697   54   39    6.34162   14.91239   135%   210 9955s
H1961473 1947223                       6.3416184   14.91239   135%   210 9956s
H1961786 1947223                       6.3416184   14.91205   135%   210 9956s
H1962201 1947223                       6.3416184   14.91190   135%   210 9957s
 1963221 1950727   14.57986   52   41    6.34162   14.91173   135%   210 9973s
 1966757 1954335   13.28879   48   43    6.34162   14.90925   135%   210 9988s
 1970383 1957511   14.45478   51   39    6.34162   14.90715   135%   210 10002s
 1973575 1961183   14.79486   50   41    6.34162   14.90494   135%   210 10017s
 1977261 1964395   14.90354   50   32    6.34162   14.90354   135%   210 10030s
 1980499 1967661   14.35088   48   49    6.34162   14.90122   135%   210 10043s
 1983794 1970848   14.60974   49   35    6.34162   14.89985   135%   210 10057s
 1987009 1974024   11.43352   54   46    6.34162   14.89765   135%   210 10071s
 1990199 1977006   14.49031   50   40    6.34162   14.89649   135%   210 10085s
 1993205 1980140   14.36133   48   43    6.34162   14.89451   135%   210 10100s
 1996353 1981624   10.58440   38   49    6.34162   14.89231   135%   210 10122s
H1996470 1981624                       6.3416184   14.89231   135%   210 10123s
H1997491 1981624                       6.3416185   14.89174   135%   210 10123s
 1997839 1987756   13.13077   48   50    6.34162   14.89169   135%   210 10159s
 2004002 1992500   11.58316   53   40    6.34162   14.88885   135%   210 10178s
 2008773 1996539   13.42611   39   56    6.34162   14.88564   135%   210 10195s
 2012834 1999775   12.29995   47   43    6.34162   14.88383   135%   210 10210s
 2016109 2003367    9.05742   52   37    6.34162   14.88168   135%   210 10227s
 2019720 2007124   10.52155   53   34    6.34162   14.87962   135%   210 10242s
 2023513 2010508   14.40746   50   41    6.34162   14.87741   135%   210 10258s
 2026923 2014134   13.85759   49   31    6.34162   14.87539   135%   210 10272s
 2030574 2017373   13.23846   51   31    6.34162   14.87346   135%   210 10286s
 2033825 2019311   14.85585   47   46    6.34162   14.87193   135%   210 10306s
H2034201 2019311                       6.3416185   14.87158   135%   210 10307s
H2034485 2019311                       6.3416185   14.87151   135%   210 10307s
H2035557 2019311                       6.3416188   14.87129   135%   210 10307s
 2035771 2022496   11.25185   57   46    6.34162   14.87121   135%   210 10323s
 2039004 2026381   14.27879   52   38    6.34162   14.86866   134%   210 10339s
 2042912 2029849   11.23265   52   36    6.34162   14.86655   134%   210 10354s
 2046398 2033142   14.36586   43   37    6.34162   14.86478   134%   210 10369s
 2049700 2036497   12.85187   45   40    6.34162   14.86260   134%   210 10383s
 2053077 2039753   13.62031   45   48    6.34162   14.86049   134%   210 10398s
 2056359 2043182   13.26754   47   44    6.34162   14.85869   134%   210 10414s
 2059802 2046422   14.78129   51   42    6.34162   14.85684   134%   210 10429s
H2063062 2047642                       6.3416188   14.85498   134%   210 10452s
H2063063 2047642                       6.3416188   14.85489   134%   210 10452s
H2063464 2047642                       6.3416188   14.85475   134%   210 10452s
 2064292 2051378   13.49607   47   45    6.34162   14.85458   134%   210 10469s
 2068054 2055301    9.40528   48   45    6.34162   14.85251   134%   210 10484s
 2072009 2058881   14.22126   37   47    6.34162   14.85044   134%   210 10499s
 2075609 2062452   14.48750   36   56    6.34162   14.84820   134%   210 10514s
 2079206 2065684   14.13162   38   53    6.34162   14.84626   134%   210 10528s
 2082470 2069146   14.59371   45   47    6.34162   14.84484   134%   210 10543s
 2085952 2072841   14.20204   48   47    6.34162   14.84254   134%   210 10559s
 2089673 2075899   14.31960   49   43    6.34162   14.84071   134%   210 10572s
 2092759 2078993   14.42460   49   40    6.34162   14.83909   134%   210 10586s
 2095869 2082178   14.71558   54   42    6.34162   14.83719   134%   210 10600s
 2099080 2083506   14.72390   56   30    6.34162   14.83549   134%   210 10622s
H2099081 2083506                       6.3416188   14.83549   134%   210 10624s
 2100420 2086702   14.68611   50   38    6.34162   14.83505   134%   210 10641s
 2103628 2090505   10.04054   44   46    6.34162   14.83325   134%   210 10656s
 2107455 2094127   14.16915   49   43    6.34162   14.83095   134%   210 10671s
 2111097 2097479   10.99803   53   39    6.34162   14.82932   134%   210 10686s
 2114465 2100787   13.92076   55   40    6.34162   14.82734   134%   210 10701s
 2117791 2104336   14.24294   50   38    6.34162   14.82595   134%   210 10717s
 2121358 2106783   14.81112   48   43    6.34162   14.82377   134%   210 10730s
 2123816 2110530   14.67265   36   50    6.34162   14.82221   134%   210 10745s
 2127591 2113252   11.39994   52   38    6.34162   14.82044   134%   210 10761s
 2130331 2116934   14.52709   52   50    6.34162   14.81915   134%   210 10777s
 2134047 2120357   14.76966   46   37    6.34162   14.81715   134%   210 10792s
 2137482 2121900   14.81526   49   25    6.34162   14.81526   134%   210 10800s

Cutting planes:
  Gomory: 4
  Projected implied bound: 175
  MIR: 880
  Flow cover: 97
  RLT: 931
  Relax-and-lift: 76

Explored 2139033 nodes (448949764 simplex iterations) in 10800.09 seconds (24417.29 work units)
Thread count was 32 (of 255 available processors)

Solution count 10: 6.34162 6.34162 6.34162 ... 6.34056

Time limit reached
Best objective 6.341618834290e+00, best bound 1.481484136248e+01, gap 133.6129%

User-callback calls 5051457, time in user-callback 1.65 sec
Encoding the two copies...
Encoding dependencies (activation_start=1, layers_offset=2)...
6.34161883429028  14.814841362479578  10800.122763872147
paper_experiments_with_zono_fix/mnist/3x50_exp/brightness/eps_0.25/N2stdBoost_3x50_19_sgd_itr1/
Clean sample classification: 3
Perturbed sample classification: 5
