source: 0 target: 1 model_arch: 3x50 perturbation type: patch perturbation size: [1.0, 14.0, 14.0, 3.0] dataset: fmnist
Attack:   0%|          | 0/500 [00:00<?, ?it/s]Attack:   0%|          | 1/500 [00:00<00:54,  9.14it/s]Attack:   6%|▌         | 29/500 [00:00<00:02, 160.54it/s]Attack:  11%|█▏        | 57/500 [00:00<00:02, 212.32it/s]Attack:  17%|█▋        | 85/500 [00:00<00:01, 237.95it/s]Attack:  23%|██▎       | 114/500 [00:00<00:01, 253.31it/s]Attack:  28%|██▊       | 142/500 [00:00<00:01, 261.19it/s]Attack:  34%|███▍      | 170/500 [00:00<00:01, 266.89it/s]Attack:  40%|███▉      | 198/500 [00:00<00:01, 269.92it/s]Attack:  45%|████▌     | 226/500 [00:00<00:01, 272.37it/s]Attack:  51%|█████     | 254/500 [00:01<00:00, 273.24it/s]Attack:  56%|█████▋    | 282/500 [00:01<00:00, 273.42it/s]Attack:  62%|██████▏   | 312/500 [00:01<00:00, 278.96it/s]Attack:  69%|██████▉   | 345/500 [00:01<00:00, 293.69it/s]Attack:  75%|███████▌  | 375/500 [00:01<00:00, 293.52it/s]Attack:  81%|████████  | 405/500 [00:01<00:00, 287.06it/s]Attack:  87%|████████▋ | 434/500 [00:01<00:00, 283.38it/s]Attack:  93%|█████████▎| 463/500 [00:01<00:00, 281.19it/s]Attack:  98%|█████████▊| 492/500 [00:01<00:00, 278.65it/s]Attack: 100%|█████████▉| 499/500 [00:01<00:00, 264.49it/s]
best_val 1.2164231538772583
Set parameter WLSAccessID
Set parameter WLSSecret
Set parameter LicenseID to value 2478548
Academic license 2478548 - for non-commercial use only - registered to ne___@campus.technion.ac.il
WARNING: --geometric_intervals only applies to translation/rotation (pixel-relocation moves); perturbation 'patch' is unaffected. Falling back to geometric_intervals=off.
Advanced-standard mode: techniques enabled:
  Technique 4 (Bound Tightening):    true
  Technique 4+ (Zono Bounds):        true
  Zono uses N_pre (Source A):        true
  Diff-bounds method (Source A):     zonotope
  Technique 5 (Variable Hints):      prev_pgd
  Technique 6 (N2 Relax Threshold):  0.5
load_n1_diff_bounds!: loaded 2 ReLU layers (+ n1_preact_bounds.bin) from /root/Downloads/for_dana/vaghar_org/paper_experiments_rerun/fashion-mnist/3x50_exp/patch/eps_1,14,14,3/n1_state_3x50_model_seed42_itr19
Advanced-standard: computing N1-tightened absolute N2 zonotope (Source B)...
compute_n2_bounds_zonotope_with_n1_tighten: populated 2 ReLU layers

══ Advanced-standard: loading N1 state from /root/Downloads/for_dana/vaghar_org/paper_experiments_rerun/fashion-mnist/3x50_exp/patch/eps_1,14,14,3/n1_state_3x50_model_seed42_itr19 (c_tag=1, c_target=2) ══
load_n1_state: loaded from /root/Downloads/for_dana/vaghar_org/paper_experiments_rerun/fashion-mnist/3x50_exp/patch/eps_1,14,14,3/n1_state_3x50_model_seed42_itr19 (c_tag=1, c_target=2, 1971 vars, 170 neurons)

══ Advanced-standard PASS 2: solving N2 with N1 info (c_tag=1, c_target=2) ══
set_n1_neuron_bounds: loaded 170 neuron bounds from N1
compute_n2_pert_relaxation_bounds: populated 2 ReLU layers
compute_n2_relax_decision!: τ=0.5, both=24 org-only=0 pert-only=0 none=61 (plus 15 stable neurons)
[notice | Main.MIPVerify]: Determining upper and lower bounds for the input to each non-linear unit.
Set parameter WLSAccessID
Set parameter WLSSecret
Set parameter LicenseID to value 2478548
Academic license 2478548 - for non-commercial use only - registered to ne___@campus.technion.ac.il
Set parameter TimeLimit to value 5
Set parameter TimeLimit to value 5
Set parameter WLSAccessID
Set parameter WLSSecret
Set parameter LicenseID to value 2478548
Academic license 2478548 - for non-commercial use only - registered to ne___@campus.technion.ac.il
Set parameter MIPFocus to value 3
Set parameter Cutoff to value 1.2164231538772583e+00
Set parameter Threads to value 32
Set parameter TimeLimit to value 10800
Set parameter MIPGap to value 0.01
Set parameter Seed to value 4
Set parameter Seed to value 4
Set parameter MIPGap to value 0.01
Set parameter MIPFocus to value 3
Set parameter Cutoff to value 1.2164231538772583e+00
Set parameter Threads to value 32
Set parameter TimeLimit to value 10800
Warning for adding constraints: zero or small (< 1e-13) coefficients, ignored
Gurobi Optimizer version 13.0.0 build v13.0.0rc1 (linux64 - "Ubuntu 20.04.2 LTS")

CPU model: AMD EPYC 7713 64-Core Processor, instruction set [SSE2|AVX|AVX2]
Thread count: 127 physical cores, 255 logical processors, using up to 32 threads

Non-default parameters:
Cutoff  1.2164231538772583e+00
TimeLimit  10800
MIPGap  0.01
MIPFocus  3
Seed  4
Threads  32

Academic license 2478548 - for non-commercial use only - registered to ne___@campus.technion.ac.il
Optimize a model with 1671 rows, 1919 columns and 194511 nonzeros (Max)
Model fingerprint: 0x6292d7ee
Model has 1 linear objective coefficients
Variable types: 1797 continuous, 122 integer (122 binary)
Coefficient statistics:
  Matrix range     [1e-13, 3e+01]
  Objective range  [1e+00, 1e+00]
  Bounds range     [1e-07, 3e+01]
  RHS range        [1e-11, 2e+01]

User MIP start produced solution with objective 2.27712 (1.07s)
User MIP start produced solution with objective 2.27712 (1.26s)
Loaded user MIP start with objective 2.27712
Processed MIP start in 1.26 seconds (1.85 work units)

Presolve removed 1075 rows and 835 columns
Presolve time: 0.12s
Presolved: 596 rows, 1084 columns, 125825 nonzeros
Found heuristic solution: objective 2.2771184
Variable types: 962 continuous, 122 integer (122 binary)
Root relaxation presolve removed 0 rows and 2 columns
Root relaxation presolved: 596 rows, 1082 columns, 125823 nonzeros


Extra simplex iterations after uncrush: 1

Root relaxation: objective 8.700044e+00, 524 iterations, 0.09 seconds (0.09 work units)

    Nodes    |    Current Node    |     Objective Bounds      |     Work
 Expl Unexpl |  Obj  Depth IntInf | Incumbent    BestBd   Gap | It/Node Time

     0     0    8.70004    0   80    2.27712    8.70004   282%     -    1s
     0     0    7.52510    0   84    2.27712    7.52510   230%     -    2s
     0     0    7.52510    0   84    2.27712    7.52510   230%     -    2s
     0     0    7.05515    0   84    2.27712    7.05515   210%     -    2s
     0     0    6.68656    0   85    2.27712    6.68656   194%     -    2s
     0     0    6.68656    0   85    2.27712    6.68656   194%     -    3s
     0     0    6.22680    0   85    2.27712    6.22680   173%     -    3s
     0     0    6.02285    0   85    2.27712    6.02285   164%     -    3s
     0     0    6.02285    0   85    2.27712    6.02285   164%     -    4s
     0     0    5.83264    0   85    2.27712    5.83264   156%     -    4s
     0     0    5.83264    0   85    2.27712    5.83264   156%     -    5s
     0     2    5.83264    0   85    2.27712    5.83264   156%     -    5s
H   14    16                       2.2771184    5.83264   156%   299    5s
H  182   196                       2.2771184    5.83264   156%   334    7s
   508   534    4.40338   12   56    2.27712    4.97696   119%   388   10s
  1543  1572    4.16823    8   50    2.27712    4.55183   100%   344   15s
H 1586  1572                       2.2771184    4.53097  99.0%   345   15s
H 1940  1911                       2.2771185    4.43611  94.8%   344   17s
H 2287  2251                       2.2864391    4.39746  92.3%   334   19s
  2536  2537    4.28307   14   52    2.28644    4.38041  91.6%   327   20s
H 3213  2955                       2.2864468    4.31725  88.8%   310   28s
  3214  2956    3.26298   15   85    2.28645    4.31725  88.8%   310   36s
H 3220  2811                       2.2897244    4.31725  88.5%   309   39s
  3222  2812    3.99461   18   87    2.28972    4.31725  88.5%   309   40s
  3232  2828    4.31725   16   82    2.28972    4.31725  88.5%   309   45s
H 3425  2811                       2.2897244    4.31725  88.5%   316   48s
H 3442  2706                       2.2897244    4.31725  88.5%   317   49s
  3466  2736    4.31725   24   67    2.28972    4.31725  88.5%   319   50s
H 3814  2827                       2.2897244    4.31725  88.5%   338   54s
  3862  2843    4.31725   25   59    2.28972    4.31725  88.5%   340   55s
  4005  2921    4.31725   26   48    2.28972    4.31725  88.5%   350   60s
H 4162  2858                       2.2897244    4.31725  88.5%   359   63s
  4216  2927    4.13383   21   61    2.28972    4.31725  88.5%   363   65s
H 4243  2803                       2.2897244    4.31725  88.5%   363   65s
H 4393  2789                       2.2897244    4.31725  88.5%   366   69s
  4437  2858    4.21004   26   49    2.28972    4.31725  88.5%   367   70s
H 4539  2791                       2.2897244    4.31017  88.2%   369   71s
H 4541  2693                       2.2897244    4.31017  88.2%   369   71s
H 4547  2597                       2.2897244    4.30984  88.2%   369   71s
  4841  2832    4.12672   26   53    2.28972    4.26803  86.4%   371   75s
  5812  3210    3.54126   30   53    2.28972    4.16423  81.9%   374   81s
H 5819  3119                       2.2897244    4.15919  81.6%   374   81s
  5949  3204    3.86366   22   56    2.28972    4.11563  79.7%   377   85s
H 5981  3110                       2.2897244    4.11227  79.6%   377   85s
H 6132  3101                       2.2897244    4.08922  78.6%   379   88s
H 6139  3023                       2.2902112    4.08717  78.5%   379   88s
  6158  3367    3.90196   28   41    2.29021    4.08241  78.3%   380   90s
  8449  4811    3.66429   23   56    2.29021    3.86014  68.5%   366   95s
 11415  7248    3.47695   27   44    2.29021    3.71498  62.2%   344  101s
 13742  8975    3.54667   31   39    2.29021    3.64599  59.2%   329  105s
 17534 12058    2.85888   31   51    2.29021    3.52895  54.1%   311  111s
 19683 12946    3.37470   24   44    2.29021    3.47501  51.7%   301  116s
 19763 12998    3.40456   25   53    2.29021    3.46445  51.3%   301  120s
H19773 12998                       2.2902112    3.46298  51.2%   301  120s
 21579 15657    3.33795   36   47    2.29021    3.43308  49.9%   293  126s
 26012 19350    3.35305   34   37    2.29021    3.37632  47.4%   276  131s
 29107 23086    3.18520   37   45    2.29021    3.33741  45.7%   266  137s
 33016 25218    2.65876   35   47    2.29021    3.29172  43.7%   255  140s
 37309 29068    3.23437   30   41    2.29021    3.24571  41.7%   245  145s
 42306 32026    3.17278   37   45    2.29021    3.20221  39.8%   235  153s
 42339 32055    2.54272   36   30    2.29021    3.19805  39.6%   235  155s
H42343 32055                       2.2902112    3.19797  39.6%   235  155s
H42348 32055                       2.2902112    3.19773  39.6%   235  155s
H42485 32450                       2.2902417    3.19666  39.6%   235  158s
 42824 34246    3.04612   25   41    2.29024    3.19576  39.5%   234  160s
 47258 38674     cutoff   37         2.29024    3.16753  38.3%   225  165s
 55255 45727    2.97530   39   22    2.29024    3.13012  36.7%   210  172s
 58098 50684    2.92207   54   18    2.29024    3.11887  36.2%   205  177s
 66875 55416    2.92556   42   16    2.29024    3.08934  34.9%   192  181s
 73030 60824    3.07226   57   15    2.29024    3.07607  34.3%   184  186s
 79518 66148    2.90572   30   41    2.29024    3.05508  33.4%   177  190s
 86562 71533    2.97364   33   34    2.29024    3.04059  32.8%   171  195s
 89835 76435    2.94173   66   11    2.29024    3.03347  32.5%   169  200s
 100205 81845    2.74724   37   42    2.29024    3.01441  31.6%   161  206s
 107234 87235    2.98464   30   37    2.29024    3.00079  31.0%   157  211s
 114422 92654    2.47539   47   25    2.29024    2.98955  30.5%   153  216s
 121621 100040    2.82083   49   28    2.29024    2.97943  30.1%   150  222s
 127931 103005    2.86739   38   34    2.29024    2.97098  29.7%   147  225s
 135496 108326    2.87652   44   27    2.29024    2.96151  29.3%   144  230s
 146259 116104    2.83081   49   26    2.29024    2.94983  28.8%   140  237s
 153453 122952    2.49043   51   25    2.29024    2.94176  28.4%   138  243s
 159669 125293     cutoff   52         2.29024    2.93547  28.2%   136  245s
 166542 130442    2.60450   49   15    2.29024    2.92877  27.9%   134  250s
 174005 135593     cutoff   25         2.29024    2.92231  27.6%   132  255s
 184519 144662    2.84741   43   30    2.29024    2.91349  27.2%   129  263s
 190725 146977    2.76233   37   26    2.29024    2.90899  27.0%   128  265s
 197709 151910    2.52820   60   22    2.29024    2.90336  26.8%   126  270s
 208079 156592    2.71098   34   29    2.29024    2.89553  26.4%   124  277s
 208123 156622    2.83630   37   26    2.29024    2.89515  26.4%   124  280s
H208145 156622                       2.2902419    2.89510  26.4%   124  280s
 208427 159025    2.72215   60   10    2.29024    2.89475  26.4%   124  285s
 215542 165643     cutoff   37         2.29024    2.88976  26.2%   123  291s
 224815 170704    2.87736   39   21    2.29024    2.88387  25.9%   121  295s
 236027 178021    2.83368   39   39    2.29024    2.87798  25.7%   119  301s
 242566 182553    2.83987   55   23    2.29024    2.87329  25.5%   118  306s
 252159 188630    2.77848   61   21    2.29024    2.86784  25.2%   117  311s
 259143 193790    2.77468   38   44    2.29024    2.86377  25.0%   115  315s
 269922 200660     cutoff   66         2.29024    2.85779  24.8%   114  321s
 276977 206638     cutoff   53         2.29024    2.85408  24.6%   113  326s
 285973 211404     cutoff   41         2.29024    2.84953  24.4%   112  330s
 296830 218507     cutoff   49         2.29024    2.84471  24.2%   111  336s
 304084 223632    2.81291   61   16    2.29024    2.84158  24.1%   110  340s
 313672 229705    2.76916   50   27    2.29024    2.83753  23.9%   108  345s
 324082 236279    2.81753   43   13    2.29024    2.83295  23.7%   107  351s
 330774 240844    2.80533   37   17    2.29024    2.83003  23.6%   107  355s
 338057 246922    2.78882   45   26    2.29024    2.82749  23.5%   106  360s
 350400 253582    2.64213   45   15    2.29024    2.82271  23.2%   105  366s
 357271 258197     cutoff   40         2.29024    2.82023  23.1%   104  370s
 364086 262588    2.73325   62   16    2.29024    2.81760  23.0%   104  375s
 373124 268222    2.80626   35   45    2.29024    2.81484  22.9%   103  380s
 383389 274671     cutoff   46         2.29024    2.81125  22.7%   102  387s
 390320 279404     cutoff   52         2.29024    2.80908  22.7%   101  391s
 397282 284793    2.76895   41   23    2.29024    2.80681  22.6%   101  396s
 405772 289042     cutoff   34         2.29024    2.80383  22.4%   100  400s
 412511 292551    2.65771   34   49    2.29024    2.80153  22.3%   100  405s
 416950 295766    2.74602   51   12    2.29024    2.80115  22.3%  99.5  410s
 422037 298909    2.71093   44   26    2.29024    2.80033  22.3%  99.2  416s
 427497 302645    2.79273   35   30    2.29024    2.79855  22.2%  98.9  422s
 430645 304680    2.77890   44    9    2.29024    2.79779  22.2%  98.6  425s
H433806 304696                       2.2902419    2.79611  22.1%  98.5  429s
 433812 304908    2.75567   65   16    2.29024    2.79605  22.1%  98.5  433s
 434137 307383     cutoff   39         2.29024    2.79550  22.1%  98.4  437s
 438087 310219     cutoff   43         2.29024    2.79507  22.0%  98.2  441s
 447082 315655     cutoff   43         2.29024    2.79328  22.0%  97.6  447s
 451627 317987    2.58007   41   20    2.29024    2.79185  21.9%  97.3  451s
 459810 323563    2.77674   41   14    2.29024    2.78877  21.8%  96.8  457s
 467871 327918     cutoff   58         2.29024    2.78599  21.6%  96.3  461s
 474811 332453    2.51848   58   23    2.29024    2.78346  21.5%  95.9  466s
 482467 337066    2.57991   78    9    2.29024    2.78146  21.4%  95.5  471s
 489703 342112    2.57863   50   25    2.29024    2.77959  21.4%  95.1  476s
 498125 346621     cutoff   58         2.29024    2.77669  21.2%  94.7  481s
 505225 350983    2.68499   40   29    2.29024    2.77482  21.2%  94.3  485s
 515800 357506 infeasible   58         2.29024    2.77210  21.0%  93.8  491s
 519609 360829    2.70567   41   21    2.29024    2.77122  21.0%  93.6  495s
 531436 367138     cutoff   59         2.29024    2.76843  20.9%  93.0  501s
 538843 371502     cutoff   52         2.29024    2.76666  20.8%  92.7  505s
 548971 378665     cutoff   50         2.29024    2.76429  20.7%  92.2  512s
 554090 380964    2.71236   56   19    2.29024    2.76308  20.6%  92.0  515s
 564582 387045    2.52561   53   29    2.29024    2.76099  20.6%  91.5  521s
 571260 389082    2.36475   50   27    2.29024    2.75931  20.5%  91.2  526s
 571362 389109    2.75911   44    9    2.29024    2.75911  20.5%  91.2  530s
 576610 394691    2.59939   47   31    2.29024    2.75830  20.4%  91.0  537s
 580445 397559    2.57368   53   24    2.29024    2.75735  20.4%  90.8  540s
 592691 404084     cutoff   57         2.29024    2.75476  20.3%  90.3  546s
 599828 408485    2.67856   43   34    2.29024    2.75332  20.2%  90.0  550s
 610367 415731    2.54866   58   21    2.29024    2.75124  20.1%  89.6  557s
 618555 419506    2.63660   38   37    2.29024    2.74943  20.0%  89.3  561s
 625681 423858    2.73416   63   22    2.29024    2.74800  20.0%  89.1  565s
 636383 430463    2.69319   43   25    2.29024    2.74590  19.9%  88.7  571s
 644796 435476    2.48065   40   36    2.29024    2.74446  19.8%  88.4  577s
 652296 439728    2.63952   53   28    2.29024    2.74266  19.8%  88.1  581s
 659208 444131    2.73417   56   22    2.29024    2.74136  19.7%  87.9  585s
 669786 451012    2.53107   43   36    2.29024    2.73926  19.6%  87.6  592s
 678343 455102    2.57204   39   43    2.29024    2.73764  19.5%  87.3  596s
 685073 459336    2.70752   45   20    2.29024    2.73637  19.5%  87.1  600s
 695516 465183     cutoff   40         2.29024    2.73454  19.4%  86.8  606s
 703789 470135    2.45084   61   21    2.29024    2.73312  19.3%  86.5  610s
 714430 476473    2.68767   61   18    2.29024    2.73111  19.2%  86.2  616s
 721188 480616     cutoff   59         2.29024    2.72997  19.2%  86.0  620s
 732991 487627     cutoff   38         2.29024    2.72806  19.1%  85.7  626s
 739981 491579    2.62945   29   53    2.29024    2.72683  19.1%  85.5  630s
 750592 497797    2.70609   43   32    2.29024    2.72508  19.0%  85.2  636s
 757703 502728     cutoff   53         2.29024    2.72395  18.9%  85.0  641s
 765642 506737     cutoff   58         2.29024    2.72255  18.9%  84.8  645s
 776207 512707    2.71896   52   31    2.29024    2.72075  18.8%  84.5  651s
 783331 516930    2.66287   46   34    2.29024    2.71959  18.7%  84.4  655s
 786999 520694     cutoff   52         2.29024    2.71894  18.7%  84.3  689s
 794247 524430    2.65677   61   20    2.29024    2.71806  18.7%  84.1  694s
 801456 528743    2.32141   57   17    2.29024    2.71709  18.6%  84.0  699s
 809000 532419    2.69867   50   25    2.29024    2.71607  18.6%  83.8  703s
 815175 535095    2.70002   63   21    2.29024    2.71525  18.6%  83.7  706s
 824743 539892     cutoff   50         2.29024    2.71380  18.5%  83.4  710s
 835156 545996    2.63517   43   29    2.29024    2.71219  18.4%  83.2  716s
 842233 550115    2.68732   59   19    2.29024    2.71109  18.4%  83.1  720s
 849369 554793     cutoff   48         2.29024    2.70998  18.3%  82.9  725s
 861329 560948    2.61636   53   25    2.29024    2.70825  18.3%  82.6  731s
 868482 565187    2.69240   48   31    2.29024    2.70722  18.2%  82.4  735s
 878950 571833     cutoff   50         2.29024    2.70562  18.1%  82.2  742s
 886996 576063     cutoff   52         2.29024    2.70444  18.1%  82.0  746s
 894399 580190    2.67209   47   28    2.29024    2.70343  18.0%  81.9  750s
 905063 586333    2.50884   66   18    2.29024    2.70196  18.0%  81.6  755s
 913131 591120    2.65055   60   19    2.29024    2.70091  17.9%  81.5  760s
 923921 597356    2.66511   65   17    2.29024    2.69934  17.9%  81.3  766s
 931194 601283     cutoff   56         2.29024    2.69844  17.8%  81.1  770s
 938111 606186    2.47917   35   51    2.29024    2.69758  17.8%  81.0  775s
 950135 612511     cutoff   45         2.29024    2.69603  17.7%  80.7  781s
 959586 616459    2.63158   34   47    2.29024    2.69508  17.7%  80.5  785s
 967388 622987    2.65597   46   33    2.29024    2.69382  17.6%  80.4  791s
 975535 627117    2.68222   66   13    2.29024    2.69270  17.6%  80.3  795s
 986289 633098    2.66083   61   17    2.29024    2.69148  17.5%  80.0  801s
 993396 637157    2.69032   55   21    2.29024    2.69054  17.5%  79.9  805s
 1001755 641756     cutoff   48         2.29024    2.68970  17.4%  79.7  810s
 1012034 647607    2.67178   59   18    2.29024    2.68835  17.4%  79.6  816s
 1018952 651601    2.67411   57   17    2.29024    2.68747  17.3%  79.5  820s
 1030557 658267     cutoff   37         2.29024    2.68616  17.3%  79.3  826s
 1037520 662266    2.66145   50   21    2.29024    2.68532  17.3%  79.2  831s
 1044266 666260    2.35471   55   21    2.29024    2.68446  17.2%  79.1  835s
 1055452 672865     cutoff   37         2.29024    2.68313  17.2%  78.9  841s
 1063449 676984    2.49736   65   17    2.29024    2.68216  17.1%  78.8  845s
 1074267 682904     cutoff   54         2.29024    2.68091  17.1%  78.6  851s
 1081311 686987    2.60743   62   19    2.29024    2.68012  17.0%  78.5  855s
 1089141 691129    2.66211   59   20    2.29024    2.67919  17.0%  78.4  860s
 1099930 697079    2.64993   53   20    2.29024    2.67793  16.9%  78.2  866s
 1107039 701223     cutoff   50         2.29024    2.67709  16.9%  78.1  870s
 1114441 705443    2.65965   41   34    2.29024    2.67634  16.9%  78.0  875s
 1125829 711503     cutoff   45         2.29024    2.67503  16.8%  77.8  881s
 1133267 715694    2.64911   57   23    2.29024    2.67417  16.8%  77.7  885s
 1144151 722031    2.62661   52   26    2.29024    2.67291  16.7%  77.6  892s
 1152109 726006    2.62722   53   21    2.29024    2.67207  16.7%  77.5  896s
 1159166 730012    2.41263   62   19    2.29024    2.67128  16.6%  77.4  900s
 1169876 736131    2.59937   42   14    2.29024    2.67016  16.6%  77.2  906s
 1177945 740656    2.52693   37   31    2.29024    2.66923  16.5%  77.1  911s
 1185060 744628     cutoff   53         2.29024    2.66851  16.5%  77.0  915s
 1195677 750570     cutoff   55         2.29024    2.66740  16.5%  76.9  921s
 1202556 754821    2.60266   67   19    2.29024    2.66658  16.4%  76.8  925s
 1214118 760720    2.60767   38   22    2.29024    2.66541  16.4%  76.6  931s
 1221137 764683    2.66041   61   16    2.29024    2.66480  16.4%  76.5  935s
 1231552 770640    2.64370   49   25    2.29024    2.66377  16.3%  76.4  942s
 1239403 774801    2.64098   58   20    2.29024    2.66309  16.3%  76.3  946s
 1246535 778447    2.55660   41   37    2.29024    2.66237  16.2%  76.2  950s
 1257050 784492    2.52707   46   28    2.29024    2.66128  16.2%  76.1  956s
 1265105 788760     cutoff   62         2.29024    2.66055  16.2%  76.0  960s
 1275354 794673    2.61195   55   23    2.29024    2.65957  16.1%  75.9  966s
 1282512 798585     cutoff   44         2.29024    2.65890  16.1%  75.8  970s
 1289394 802623    2.63251   46   31    2.29024    2.65826  16.1%  75.7  975s
 1300762 808598    2.65632   67   17    2.29024    2.65717  16.0%  75.6  981s
 1308115 812631    2.34291   48   21    2.29024    2.65646  16.0%  75.5  985s
 1318604 818599     cutoff   56         2.29024    2.65549  15.9%  75.4  992s
 1326373 822814    2.63444   49   27    2.29024    2.65474  15.9%  75.3  996s
 1333799 826806     cutoff   39         2.29024    2.65406  15.9%  75.2 1000s
 1344632 832903    2.54123   50   32    2.29024    2.65303  15.8%  75.1 1006s
 1352637 837042    2.41105   51   26    2.29024    2.65235  15.8%  75.0 1011s
 1359739 841254    2.57790   48   24    2.29024    2.65171  15.8%  74.9 1015s
 1370638 846983    2.53826   34   35    2.29024    2.65074  15.7%  74.8 1021s
 1377699 851211    2.60520   47   30    2.29024    2.65013  15.7%  74.7 1025s
 1389057 856917    2.64413   60   17    2.29024    2.64917  15.7%  74.6 1031s
 1396245 860847    2.56708   57   20    2.29024    2.64859  15.6%  74.5 1036s
 1403311 864702     cutoff   42         2.29024    2.64794  15.6%  74.4 1040s
 1414651 870939     cutoff   45         2.29024    2.64695  15.6%  74.3 1046s
 1421867 874711     cutoff   41         2.29024    2.64630  15.5%  74.3 1050s
 1432501 880401    2.56923   42   16    2.29024    2.64538  15.5%  74.1 1056s
 1440281 884553     cutoff   54         2.29024    2.64473  15.5%  74.1 1061s
 1447576 888174     cutoff   64         2.29024    2.64407  15.4%  74.0 1065s
 1458195 894007    2.59580   65   18    2.29024    2.64315  15.4%  73.9 1071s
 1465262 898386    2.63400   60   19    2.29024    2.64262  15.4%  73.8 1076s
 1472857 902069    2.57599   48   27    2.29024    2.64197  15.4%  73.8 1080s
 1483738 907843     cutoff   46         2.29024    2.64110  15.3%  73.6 1086s
 1490825 911608    2.59777   43   34    2.29024    2.64048  15.3%  73.6 1090s
 1502036 917555    2.49756   39   44    2.29024    2.63963  15.3%  73.5 1096s
 1509228 921329    2.63199   49   29    2.29024    2.63896  15.2%  73.4 1101s
 1516823 924933    2.61498   34   27    2.29024    2.63843  15.2%  73.3 1105s
 1527037 931089    2.29947   50   21    2.29024    2.63763  15.2%  73.3 1111s
 1534933 934453    2.43666   33   50    2.29024    2.63700  15.1%  73.2 1115s
 1545180 940129    2.59996   42   28    2.29024    2.63617  15.1%  73.1 1121s
 1552068 943819    2.63546   54   17    2.29024    2.63561  15.1%  73.0 1125s
 1559453 948089    2.63274   74   11    2.29024    2.63506  15.1%  73.0 1130s
 1570998 953870    2.63185   56   21    2.29024    2.63421  15.0%  72.8 1136s
 1577991 957536    2.34781   50   29    2.29024    2.63371  15.0%  72.8 1140s
 1588476 963589     cutoff   50         2.29024    2.63292  15.0%  72.7 1146s
 1596259 967458     cutoff   61         2.29024    2.63238  14.9%  72.6 1150s
 1606877 973006     cutoff   56         2.29024    2.63163  14.9%  72.5 1156s
 1613928 976682     cutoff   49         2.29024    2.63115  14.9%  72.5 1160s
 1624907 982555    2.61073   59   22    2.29024    2.63022  14.8%  72.4 1166s
 1632512 986676    2.59396   62   19    2.29024    2.62969  14.8%  72.3 1171s
 1639735 990660    2.58819   60   21    2.29024    2.62923  14.8%  72.2 1175s
 1651159 996587    2.62837   53   10    2.29024    2.62837  14.8%  72.1 1181s
 1658165 1000200    2.62201   65   19    2.29024    2.62791  14.7%  72.1 1185s
 1668561 1005977     cutoff   40         2.29024    2.62726  14.7%  72.0 1191s
 1675837 1010029    2.40915   65   18    2.29024    2.62669  14.7%  71.9 1195s
 1687172 1015848    2.39301   55   25    2.29024    2.62587  14.7%  71.8 1201s
 1694062 1019513    2.57082   49   27    2.29024    2.62542  14.6%  71.8 1205s
 1701361 1023228    2.33464   56   19    2.29024    2.62490  14.6%  71.7 1210s
 1712584 1029144     cutoff   49         2.29024    2.62409  14.6%  71.6 1216s
 1719597 1032669    2.58928   48   23    2.29024    2.62360  14.6%  71.6 1220s
 1730368 1038293     cutoff   57         2.29024    2.62283  14.5%  71.5 1226s
 1737923 1042215    2.61097   54   14    2.29024    2.62229  14.5%  71.4 1231s
 1745227 1046042     cutoff   62         2.29024    2.62180  14.5%  71.4 1235s
 1755889 1051808     cutoff   57         2.29024    2.62109  14.4%  71.3 1241s
 1763172 1055990     cutoff   46         2.29024    2.62055  14.4%  71.3 1245s
 1774420 1061512    2.54160   63   17    2.29024    2.61984  14.4%  71.2 1251s
 1781406 1065293    2.61843   37   18    2.29024    2.61940  14.4%  71.1 1255s
 1792124 1071146     cutoff   44         2.29024    2.61865  14.3%  71.0 1261s
 1799865 1074933    2.55744   61   19    2.29024    2.61819  14.3%  71.0 1265s
 1810641 1080507     cutoff   57         2.29024    2.61751  14.3%  70.9 1271s
 1817874 1084315    2.61378   60   14    2.29024    2.61696  14.3%  70.8 1275s
 1828810 1090146     cutoff   57         2.29024    2.61623  14.2%  70.8 1281s
 1835895 1093854    2.61463   47   29    2.29024    2.61577  14.2%  70.7 1285s
 1846786 1099655    2.53400   54   20    2.29024    2.61509  14.2%  70.6 1291s
 1854754 1103741    2.52680   59   21    2.29024    2.61463  14.2%  70.6 1296s
 1861812 1107503    2.53477   52   27    2.29024    2.61422  14.1%  70.5 1300s
 1872621 1112956    2.59571   61   20    2.29024    2.61353  14.1%  70.4 1306s
 1879555 1116839    2.55736   65   16    2.29024    2.61312  14.1%  70.4 1310s
 1890735 1122242     cutoff   54         2.29024    2.61243  14.1%  70.3 1316s
 1897920 1126124    2.59336   58   24    2.29024    2.61199  14.0%  70.2 1320s
 1908529 1131794    2.61138   52   23    2.29024    2.61138  14.0%  70.2 1326s
 1916099 1135385     cutoff   53         2.29024    2.61097  14.0%  70.1 1330s
 1926665 1140781    2.46864   55   20    2.29024    2.61023  14.0%  70.1 1336s
 1933908 1144324     cutoff   38         2.29024    2.60980  14.0%  70.0 1340s
 1941636 1148195     cutoff   58         2.29024    2.60940  13.9%  69.9 1345s
 1952112 1153723    2.60586   57   21    2.29024    2.60871  13.9%  69.9 1351s
 1959204 1157326     cutoff   47         2.29024    2.60830  13.9%  69.8 1355s
 1966561 1161348     cutoff   34         2.29024    2.60785  13.9%  69.8 1360s
 1977517 1166730    2.59046   54   21    2.29024    2.60723  13.8%  69.7 1366s
 1984982 1170377    2.60649   61   14    2.29024    2.60676  13.8%  69.7 1371s
 1992139 1174133    2.51630   65   18    2.29024    2.60633  13.8%  69.6 1375s
 2003479 1180062     cutoff   61         2.29024    2.60570  13.8%  69.6 1381s
 2010738 1183692     cutoff   59         2.29024    2.60529  13.8%  69.5 1386s
 2017758 1187190    2.33525   52   26    2.29024    2.60485  13.7%  69.5 1390s
 2028294 1192588    2.44914   55   17    2.29024    2.60422  13.7%  69.4 1396s
 2035765 1196459    2.57998   59   23    2.29024    2.60376  13.7%  69.4 1401s
 2043054 1200018    2.29863   42    8    2.29024    2.60334  13.7%  69.3 1405s
 2053912 1205378    2.52816   44   31    2.29024    2.60272  13.6%  69.2 1411s
 2061358 1209149    2.59840   66   17    2.29024    2.60230  13.6%  69.2 1415s
 2068362 1212924     cutoff   61         2.29024    2.60186  13.6%  69.2 1420s
 2079447 1218404    2.56375   61   15    2.29024    2.60124  13.6%  69.1 1426s
 2086454 1222234    2.39324   42   29    2.29024    2.60083  13.6%  69.1 1431s
 2093928 1225675    2.54230   60   23    2.29024    2.60041  13.5%  69.0 1435s
 2104804 1231073     cutoff   53         2.29024    2.59981  13.5%  68.9 1441s
 2111862 1234891    2.49455   44   29    2.29024    2.59947  13.5%  68.9 1445s
 2119583 1238762     cutoff   49         2.29024    2.59901  13.5%  68.9 1450s
 2130209 1243862    2.49834   65   17    2.29024    2.59847  13.5%  68.8 1456s
 2137272 1247546    2.59804   72   12    2.29024    2.59804  13.4%  68.7 1460s
 2144491 1251247    2.53332   58   19    2.29024    2.59764  13.4%  68.7 1465s
 2155756 1256760     cutoff   66         2.29024    2.59704  13.4%  68.6 1471s
 2162903 1260133     cutoff   51         2.29024    2.59663  13.4%  68.6 1475s
 2173673 1265811    2.56770   64   17    2.29024    2.59606  13.4%  68.5 1481s
 2181275 1269546    2.52005   58   18    2.29024    2.59563  13.3%  68.5 1485s
 2192245 1275243    2.55069   63   16    2.29024    2.59504  13.3%  68.4 1491s
 2199677 1278815    2.56121   55   20    2.29024    2.59463  13.3%  68.4 1495s
 2207025 1282805     cutoff   54         2.29024    2.59428  13.3%  68.4 1500s
 2218217 1288172    2.58321   57   21    2.29024    2.59368  13.2%  68.3 1506s
 2225381 1291893     cutoff   53         2.29024    2.59328  13.2%  68.2 1510s
 2236574 1297326    2.58447   61   18    2.29024    2.59270  13.2%  68.2 1516s
 2243536 1300771     cutoff   53         2.29024    2.59234  13.2%  68.1 1520s
 2254393 1306060     cutoff   67         2.29024    2.59172  13.2%  68.1 1526s
 2261425 1309750     cutoff   41         2.29024    2.59135  13.1%  68.0 1531s
 2269032 1313321     cutoff   53         2.29024    2.59094  13.1%  68.0 1535s
 2279727 1318418     cutoff   52         2.29024    2.59039  13.1%  67.9 1540s
 2290593 1324296     cutoff   49         2.29024    2.58988  13.1%  67.9 1547s
 2298401 1327858     cutoff   54         2.29024    2.58948  13.1%  67.8 1551s
 2305198 1331385    2.58797   53   19    2.29024    2.58912  13.1%  67.8 1555s
 2315835 1336909     cutoff   56         2.29024    2.58857  13.0%  67.7 1561s
 2323480 1340563    2.36731   54   16    2.29024    2.58820  13.0%  67.7 1565s
 2334479 1346027     cutoff   45         2.29024    2.58765  13.0%  67.6 1571s
 2341557 1349458     cutoff   56         2.29024    2.58724  13.0%  67.6 1575s
 2352592 1355291    2.50462   40   44    2.29024    2.58669  12.9%  67.6 1582s
 2360348 1358796    2.48391   42   10    2.29024    2.58635  12.9%  67.5 1586s
 2367472 1362159    2.57535   48   28    2.29024    2.58596  12.9%  67.5 1590s
 2378211 1367957     cutoff   57         2.29024    2.58546  12.9%  67.4 1596s
 2385919 1371693    2.53520   55   18    2.29024    2.58510  12.9%  67.4 1600s
 2396489 1377045     cutoff   57         2.29024    2.58454  12.9%  67.3 1606s
 2403687 1380463    2.58159   44    7    2.29024    2.58424  12.8%  67.3 1610s
 2414673 1385694     cutoff   64         2.29024    2.58367  12.8%  67.2 1616s
 2421734 1389308    2.51538   43   35    2.29024    2.58334  12.8%  67.2 1621s
 2429243 1392768    2.54180   51   20    2.29024    2.58298  12.8%  67.2 1625s
 2440220 1398357    2.55291   59   21    2.29024    2.58243  12.8%  67.1 1631s
 2447554 1402036     cutoff   53         2.29024    2.58209  12.7%  67.1 1635s
 2458234 1407218    2.57493   45   31    2.29024    2.58158  12.7%  67.0 1641s
 2465696 1410945    2.49757   37   29    2.29024    2.58124  12.7%  67.0 1645s
 2473391 1414453    2.57830   53   23    2.29024    2.58088  12.7%  67.0 1650s
 2484068 1419539    2.52505   60   22    2.29024    2.58038  12.7%  66.9 1656s
 2491177 1422980    2.42101   51   27    2.29024    2.58005  12.7%  66.9 1660s
 2502316 1428262    2.55919   38   24    2.29024    2.57949  12.6%  66.8 1666s
 2509417 1431713    2.46938   50   30    2.29024    2.57914  12.6%  66.8 1670s
 2520042 1436984    2.54689   59   13    2.29024    2.57865  12.6%  66.7 1676s
 2527278 1440783     cutoff   49         2.29024    2.57830  12.6%  66.7 1680s
 2537969 1445763     cutoff   49         2.29024    2.57780  12.6%  66.7 1686s
 2545428 1449519     cutoff   52         2.29024    2.57746  12.5%  66.6 1690s
 2556396 1454881     cutoff   58         2.29024    2.57695  12.5%  66.6 1696s
 2563804 1458185    2.46713   44   32    2.29024    2.57658  12.5%  66.5 1700s
 2574469 1463269    2.53545   61   19    2.29024    2.57607  12.5%  66.5 1706s
 2581746 1466783    2.56563   56   21    2.29024    2.57574  12.5%  66.5 1710s
 2589359 1468872    2.50412   64   16    2.29024    2.57542  12.5%  66.4 1715s
 2589502 1468920     cutoff   55         2.29024    2.57534  12.4%  66.4 1720s
 2589692 1469101    2.56732   52   24    2.29024    2.57534  12.4%  66.4 1725s
 2590806 1470451    2.54570   60   15    2.29024    2.57533  12.4%  66.4 1733s
 2593025 1472251    2.56624   65   18    2.29024    2.57530  12.4%  66.4 1738s
 2596598 1474772     cutoff   53         2.29024    2.57529  12.4%  66.4 1742s
 2602005 1477335    2.43346   44   37    2.29024    2.57524  12.4%  66.4 1745s
 2612254 1481992     cutoff   60         2.29024    2.57473  12.4%  66.3 1751s
 2620644 1485599     cutoff   42         2.29024    2.57407  12.4%  66.3 1755s
 2630257 1489083    2.35439   62   19    2.29024    2.57365  12.4%  66.2 1760s
 2639150 1494238    2.53421   52   20    2.29024    2.57319  12.4%  66.2 1766s
 2646263 1497883    2.47808   60   19    2.29024    2.57286  12.3%  66.2 1770s
 2657615 1503269    2.54520   54   20    2.29024    2.57242  12.3%  66.1 1776s
 2664633 1506674     cutoff   55         2.29024    2.57211  12.3%  66.1 1780s
 2675669 1511784    2.48112   73   11    2.29024    2.57162  12.3%  66.0 1786s
 2683041 1515085    2.57093   54   21    2.29024    2.57128  12.3%  66.0 1790s
 2693792 1520218     cutoff   40         2.29024    2.57083  12.3%  66.0 1796s
 2700979 1523774     cutoff   57         2.29024    2.57052  12.2%  65.9 1801s
 2708843 1527390    2.33975   40   32    2.29024    2.57016  12.2%  65.9 1805s
 2719580 1532609    2.55252   60   21    2.29024    2.56970  12.2%  65.9 1811s
 2726737 1536024    2.33775   71   14    2.29024    2.56939  12.2%  65.8 1815s
 2737937 1541410    2.35320   52   26    2.29024    2.56887  12.2%  65.8 1821s
 2744771 1544888    2.40891   53   19    2.29024    2.56858  12.2%  65.8 1825s
 2755612 1549754    2.56660   51   21    2.29024    2.56813  12.1%  65.7 1831s
 2762782 1553233    2.54519   56   25    2.29024    2.56781  12.1%  65.7 1836s
 2770272 1556665     cutoff   58         2.29024    2.56752  12.1%  65.7 1840s
 2781033 1561833    2.56376   53   21    2.29024    2.56706  12.1%  65.6 1846s
 2788310 1565404    2.52938   48   27    2.29024    2.56676  12.1%  65.6 1850s
 2799527 1570785    2.49647   49   25    2.29024    2.56627  12.1%  65.5 1856s
 2806895 1574316    2.55269   61   15    2.29024    2.56600  12.0%  65.5 1860s
 2817674 1579522    2.50434   58   19    2.29024    2.56552  12.0%  65.5 1866s
 2825339 1583153    2.38499   53   21    2.29024    2.56524  12.0%  65.4 1871s
 2832850 1586550    2.53859   58   18    2.29024    2.56491  12.0%  65.4 1875s
 2843585 1591704    2.44840   60   19    2.29024    2.56442  12.0%  65.4 1881s
 2850732 1595395    2.55119   57   17    2.29024    2.56416  12.0%  65.3 1885s
 2861911 1600373     cutoff   54         2.29024    2.56370  11.9%  65.3 1891s
 2868919 1603531    2.53341   51   14    2.29024    2.56345  11.9%  65.3 1895s
 2879379 1608528     cutoff   58         2.29024    2.56297  11.9%  65.2 1901s
 2886986 1611965     cutoff   56         2.29024    2.56264  11.9%  65.2 1905s
 2897972 1616878    2.56165   52   20    2.29024    2.56220  11.9%  65.2 1911s
 2905172 1620152     cutoff   55         2.29024    2.56186  11.9%  65.1 1915s
 2912454 1623911    2.43465   51   32    2.29024    2.56156  11.8%  65.1 1920s
 2923280 1628869    2.55677   64   15    2.29024    2.56113  11.8%  65.1 1926s
 2930626 1632372    2.54364   62   24    2.29024    2.56083  11.8%  65.0 1930s
 2941601 1637677     cutoff   61         2.29024    2.56037  11.8%  65.0 1936s
 2949267 1640947    2.50474   54   30    2.29024    2.56006  11.8%  64.9 1940s
 2960068 1645963     cutoff   57         2.29024    2.55963  11.8%  64.9 1946s
 2963468 1645989     cutoff   63         2.29024    2.55946  11.8%  64.9 1951s
 2963629 1646015    2.55945   44   15    2.29024    2.55945  11.8%  64.9 1956s
 2963779 1646236    2.47383   46   24    2.29024    2.55945  11.8%  64.9 1960s
 2964115 1646648    2.55945   47   22    2.29024    2.55945  11.8%  64.9 1965s
 2966706 1648789    2.36019   39   29    2.29024    2.55941  11.8%  64.9 1971s
 2969510 1650596    2.50774   57   22    2.29024    2.55940  11.8%  64.9 1975s
 2980732 1655649    2.53436   60   21    2.29024    2.55893  11.7%  64.8 1982s
 2988317 1659145    2.55823   41   21    2.29024    2.55857  11.7%  64.8 1987s
 2992025 1660822    2.54323   63   19    2.29024    2.55842  11.7%  64.8 1990s
 3003284 1666257    2.55011   49   29    2.29024    2.55788  11.7%  64.7 1996s
 3010882 1669474     cutoff   57         2.29024    2.55756  11.7%  64.7 2001s
 3018057 1673097     cutoff   57         2.29024    2.55731  11.7%  64.7 2005s
 3028975 1678116    2.54172   43   21    2.29024    2.55686  11.6%  64.6 2011s
 3036561 1681530     cutoff   60         2.29024    2.55661  11.6%  64.6 2015s
 3047411 1686765    2.50320   62   17    2.29024    2.55615  11.6%  64.6 2021s
 3054703 1690115     cutoff   47         2.29024    2.55589  11.6%  64.5 2025s
 3065960 1695408    2.54600   38   22    2.29024    2.55547  11.6%  64.5 2031s
 3073071 1698710    2.49612   45   28    2.29024    2.55519  11.6%  64.5 2035s
 3083880 1703548     cutoff   47         2.29024    2.55478  11.6%  64.4 2042s
 3090767 1707039    2.36551   55   21    2.29024    2.55449  11.5%  64.4 2046s
 3098353 1710374     cutoff   61         2.29024    2.55423  11.5%  64.4 2050s
 3109055 1715221     cutoff   47         2.29024    2.55381  11.5%  64.3 2056s
 3116354 1718648    2.55353   54   12    2.29024    2.55353  11.5%  64.3 2060s
 3127396 1723730     cutoff   67         2.29024    2.55307  11.5%  64.3 2066s
 3134547 1727217    2.37132   39   37    2.29024    2.55279  11.5%  64.3 2071s
 3141923 1730584    2.52358   53   23    2.29024    2.55253  11.5%  64.2 2075s
 3153433 1735870    2.54957   74   15    2.29024    2.55210  11.4%  64.2 2081s
 3160555 1739315    2.40411   63   19    2.29024    2.55189  11.4%  64.2 2085s
 3171390 1744340    2.52333   36   38    2.29024    2.55144  11.4%  64.1 2091s
 3178593 1748207     cutoff   57         2.29024    2.55119  11.4%  64.1 2095s
 3189420 1753100    2.54828   56   19    2.29024    2.55077  11.4%  64.1 2101s
 3196746 1756442     cutoff   53         2.29024    2.55048  11.4%  64.0 2105s
 3207645 1761321    2.55009   44    9    2.29024    2.55009  11.3%  64.0 2111s
 3215115 1764834     cutoff   51         2.29024    2.54985  11.3%  64.0 2116s
 3222412 1768112     cutoff   50         2.29024    2.54956  11.3%  63.9 2120s
 3233159 1772990    2.51618   58   16    2.29024    2.54914  11.3%  63.9 2126s
 3240898 1776351    2.46856   62   20    2.29024    2.54887  11.3%  63.9 2130s
 3251203 1781213    2.44400   50   21    2.29024    2.54847  11.3%  63.8 2136s
 3258371 1784578    2.50597   50   29    2.29024    2.54821  11.3%  63.8 2140s
 3265706 1788176    2.54321   56   21    2.29024    2.54793  11.3%  63.8 2145s
 3276957 1793122 infeasible   56         2.29024    2.54761  11.2%  63.8 2151s
 3284226 1796515     cutoff   44         2.29024    2.54730  11.2%  63.7 2155s
 3294880 1801699 infeasible   61         2.29024    2.54694  11.2%  63.7 2161s
 3302294 1805036 infeasible   59         2.29024    2.54668  11.2%  63.7 2166s
 3309511 1808425    2.45799   52   24    2.29024    2.54643  11.2%  63.6 2170s
 3320556 1813533     cutoff   54         2.29024    2.54607  11.2%  63.6 2176s
 3327910 1816835     cutoff   56         2.29024    2.54582  11.2%  63.6 2180s
 3338631 1821582     cutoff   57         2.29024    2.54540  11.1%  63.5 2186s
 3345840 1824922     cutoff   59         2.29024    2.54514  11.1%  63.5 2190s
 3357067 1829913     cutoff   60         2.29024    2.54475  11.1%  63.5 2196s
 3364328 1833274     cutoff   38         2.29024    2.54450  11.1%  63.5 2200s
 3374912 1838095    2.38816   60   20    2.29024    2.54413  11.1%  63.4 2207s
 3382356 1841500    2.32729   53   19    2.29024    2.54390  11.1%  63.4 2211s
 3389875 1844700    2.54368   54   17    2.29024    2.54368  11.1%  63.4 2215s
 3400557 1849372     cutoff   59         2.29024    2.54327  11.0%  63.3 2221s
 3407397 1852907    2.53848   65   17    2.29024    2.54305  11.0%  63.3 2225s
 3414699 1856011    2.41086   58   18    2.29024    2.54275  11.0%  63.3 2230s
 3426192 1861336    2.51073   61   19    2.29024    2.54236  11.0%  63.3 2236s
 3433302 1864585     cutoff   58         2.29024    2.54207  11.0%  63.2 2240s
 3440392 1867945     cutoff   60         2.29024    2.54183  11.0%  63.2 2245s
 3451607 1872930    2.53459   53   20    2.29024    2.54143  11.0%  63.2 2251s
 3458807 1876392    2.53932   69   15    2.29024    2.54116  11.0%  63.2 2256s
 3466201 1879714    2.50597   54   23    2.29024    2.54090  10.9%  63.2 2260s
 3476977 1884908    2.46765   65   21    2.29024    2.54051  10.9%  63.1 2266s
 3484278 1888191    2.52067   56   22    2.29024    2.54030  10.9%  63.1 2271s
 3491855 1891580     cutoff   45         2.29024    2.53999  10.9%  63.1 2275s
 3502549 1896520    2.52962   58   15    2.29024    2.53962  10.9%  63.1 2281s
 3509869 1899704     cutoff   55         2.29024    2.53936  10.9%  63.0 2285s
 3516956 1903074    2.46615   51   22    2.29024    2.53909  10.9%  63.0 2290s
 3528152 1908107    2.41340   59   18    2.29024    2.53871  10.8%  63.0 2296s
 3535750 1911590    2.45012   49   18    2.29024    2.53844  10.8%  63.0 2301s
 3542427 1914853 infeasible   56         2.29024    2.53821  10.8%  63.0 2305s
 3553173 1919735    2.50289   68   15    2.29024    2.53784  10.8%  62.9 2311s
 3560387 1923065    2.53555   59   19    2.29024    2.53757  10.8%  62.9 2315s
 3567634 1926545    2.53621   66   16    2.29024    2.53731  10.8%  62.9 2320s
 3578656 1931513    2.43338   63   22    2.29024    2.53695  10.8%  62.9 2326s
 3586271 1935020    2.49338   51   26    2.29024    2.53670  10.8%  62.8 2330s
 3597256 1940251    2.49166   64   16    2.29024    2.53633  10.7%  62.8 2336s
 3604453 1943654    2.50950   44   23    2.29024    2.53610  10.7%  62.8 2340s
 3615244 1948699    2.46323   62   17    2.29024    2.53572  10.7%  62.8 2347s
 3622645 1951957    2.51824   40   20    2.29024    2.53549  10.7%  62.8 2351s
 3630165 1955413     cutoff   63         2.29024    2.53523  10.7%  62.7 2355s
 3637442 1958924    2.51421   65   16    2.29024    2.53498  10.7%  62.7 2360s
 3648228 1963782 infeasible   51         2.29024    2.53463  10.7%  62.7 2366s
 3655487 1967197    2.49640   50   30    2.29024    2.53439  10.7%  62.7 2370s
 3666294 1972010     cutoff   64         2.29024    2.53403  10.6%  62.7 2376s
 3673540 1975350     cutoff   48         2.29024    2.53376  10.6%  62.6 2380s
 3684403 1980488    2.37039   48   26    2.29024    2.53340  10.6%  62.6 2387s
 3692131 1983913    2.46368   59   13    2.29024    2.53311  10.6%  62.6 2391s
 3699308 1987131    2.49381   59   22    2.29024    2.53288  10.6%  62.6 2395s
 3710035 1992148    2.33928   59   18    2.29024    2.53255  10.6%  62.5 2401s
 3717515 1995465    2.39476   64   17    2.29024    2.53229  10.6%  62.5 2406s
 3724599 1998930    2.39547   54   24    2.29024    2.53206  10.6%  62.5 2410s
 3732118 2002433    2.41489   43   28    2.29024    2.53180  10.5%  62.5 2415s
 3742892 2007208    2.49000   63   20    2.29024    2.53145  10.5%  62.5 2421s
 3750065 2010462     cutoff   63         2.29024    2.53120  10.5%  62.4 2425s
 3760763 2015295    2.32031   47   25    2.29024    2.53084  10.5%  62.4 2431s
 3768270 2018646    2.38265   60   21    2.29024    2.53059  10.5%  62.4 2436s
 3775598 2022059    2.51148   68   14    2.29024    2.53035  10.5%  62.4 2440s
 3786655 2026962    2.36824   41   31    2.29024    2.52998  10.5%  62.4 2446s
 3793977 2030329    2.50796   55   20    2.29024    2.52974  10.5%  62.3 2451s
 3801214 2033864    2.48105   36   21    2.29024    2.52951  10.4%  62.3 2455s
 3808684 2037155    2.51332   63   16    2.29024    2.52928  10.4%  62.3 2460s
 3819500 2041963    2.38897   38   37    2.29024    2.52894  10.4%  62.3 2466s
 3826632 2045426    2.51268   60   15    2.29024    2.52870  10.4%  62.3 2470s
 3833787 2048554 infeasible   54         2.29024    2.52850  10.4%  62.3 2475s
 3844780 2053682     cutoff   58         2.29024    2.52813  10.4%  62.2 2481s
 3852097 2056879    2.52698   54   17    2.29024    2.52792  10.4%  62.2 2486s
 3859424 2060142     cutoff   63         2.29024    2.52766  10.4%  62.2 2490s
 3866789 2063535    2.47000   57   23    2.29024    2.52742  10.4%  62.2 2495s
 3877918 2068476    2.51350   61   22    2.29024    2.52705  10.3%  62.2 2501s
 3885366 2071745    2.47060   62   19    2.29024    2.52682  10.3%  62.1 2506s
 3892609 2074938    2.44165   45   25    2.29024    2.52659  10.3%  62.1 2510s
 3899999 2078268    2.39840   50   22    2.29024    2.52635  10.3%  62.1 2515s
 3910739 2082835    2.49169   49   29    2.29024    2.52600  10.3%  62.1 2521s
 3917931 2086180    2.50293   59   17    2.29024    2.52581  10.3%  62.1 2526s
 3925030 2089447     cutoff   57         2.29024    2.52555  10.3%  62.0 2530s
 3935998 2094304    2.50678   56   24    2.29024    2.52520  10.3%  62.0 2536s
 3943187 2097545    2.48320   48   30    2.29024    2.52496  10.2%  62.0 2541s
 3950420 2100890     cutoff   52         2.29024    2.52474  10.2%  62.0 2545s
 3957919 2104250    2.51455   63   20    2.29024    2.52450  10.2%  62.0 2550s
 3969002 2109381    2.52417   67   15    2.29024    2.52417  10.2%  62.0 2556s
 3976193 2112683    2.47789   56   19    2.29024    2.52394  10.2%  61.9 2561s
 3983364 2115790    2.41091   65   18    2.29024    2.52373  10.2%  61.9 2565s
 3994284 2120624    2.46499   62   17    2.29024    2.52340  10.2%  61.9 2571s
 4001339 2123766     cutoff   50         2.29024    2.52318  10.2%  61.9 2576s
 4008828 2127019     cutoff   51         2.29024    2.52294  10.2%  61.9 2580s
 4016027 2130309    2.52255   49   25    2.29024    2.52270  10.1%  61.9 2585s
 4027093 2135115     cutoff   50         2.29024    2.52235  10.1%  61.8 2591s
 4034193 2138501    2.43075   52   20    2.29024    2.52214  10.1%  61.8 2596s
 4041441 2141849    2.46587   65   17    2.29024    2.52189  10.1%  61.8 2601s
 4049263 2145193    2.47607   52   24    2.29024    2.52167  10.1%  61.8 2605s
 4056468 2148405    2.49267   54   22    2.29024    2.52145  10.1%  61.8 2610s
 4067255 2153385    2.51362   56   17    2.29024    2.52114  10.1%  61.7 2616s
 4074747 2156529    2.49848   53   19    2.29024    2.52091  10.1%  61.7 2620s
 4081628 2159672     cutoff   54         2.29024    2.52073  10.1%  61.7 2625s
 4092355 2164307    2.44807   48   28    2.29024    2.52038  10.0%  61.7 2631s
 4099566 2167675    2.43564   53   24    2.29024    2.52016  10.0%  61.7 2636s
 4106687 2170682    2.51627   49   27    2.29024    2.51995  10.0%  61.7 2640s
 4117658 2175488     cutoff   48         2.29024    2.51960  10.0%  61.6 2647s
 4124931 2178641    2.47361   66   17    2.29024    2.51937  10.0%  61.6 2651s
 4132202 2181801    2.44627   60   18    2.29024    2.51916  10.0%  61.6 2655s
 4139457 2185162     cutoff   56         2.29024    2.51892  10.0%  61.6 2660s
 4150580 2190203    2.51294   55   21    2.29024    2.51861  10.0%  61.6 2666s
 4157619 2193404     cutoff   53         2.29024    2.51837  10.0%  61.6 2671s
 4164810 2196772    2.50194   65   16    2.29024    2.51816  10.0%  61.5 2675s
 4172223 2199897     cutoff   56         2.29024    2.51793  9.94%  61.5 2680s
 4183194 2204831     cutoff   63         2.29024    2.51759  9.93%  61.5 2686s
 4190734 2208091    2.37949   67   18    2.29024    2.51737  9.92%  61.5 2691s
 4197799 2211270    2.48564   58   22    2.29024    2.51714  9.91%  61.5 2696s
 4205029 2214568     cutoff   57         2.29024    2.51692  9.90%  61.4 2700s
 4212515 2217785    2.51672   50   19    2.29024    2.51672  9.89%  61.4 2705s
 4223266 2222756    2.46963   47   24    2.29024    2.51639  9.87%  61.4 2711s
 4230484 2225967    2.51127   53   26    2.29024    2.51617  9.86%  61.4 2716s
 4237789 2228947    2.43035   51   27    2.29024    2.51596  9.86%  61.4 2720s
 4248571 2233728    2.43541   62   17    2.29024    2.51568  9.84%  61.4 2727s
 4255590 2236761     cutoff   51         2.29024    2.51545  9.83%  61.3 2731s
 4263101 2239929    2.50798   59   14    2.29024    2.51524  9.82%  61.3 2736s
 4270534 2243345    2.50414   49   25    2.29024    2.51501  9.81%  61.3 2740s
 4277715 2246322     cutoff   51         2.29024    2.51480  9.81%  61.3 2745s
 4285001 2249357     cutoff   50         2.29024    2.51457  9.79%  61.3 2750s
 4292344 2252483    2.35232   57   19    2.29024    2.51435  9.79%  61.3 2755s
 4299668 2255734    2.43297   58   19    2.29024    2.51415  9.78%  61.3 2760s
 4310437 2260462    2.43778   45   30    2.29024    2.51384  9.76%  61.2 2767s
 4317571 2263576    2.51364   64   13    2.29024    2.51364  9.75%  61.2 2772s
 4321308 2264119    2.44565   66   18    2.29024    2.51351  9.75%  61.2 2776s
 4326014 2267430     cutoff   52         2.29024    2.51348  9.75%  61.2 2781s
 4334378 2270847    2.38310   63   17    2.29024    2.51317  9.73%  61.2 2786s
 4341709 2274100     cutoff   62         2.29024    2.51292  9.72%  61.2 2791s
 4349206 2277335    2.48166   61   17    2.29024    2.51269  9.71%  61.2 2795s
 4360272 2282331     cutoff   57         2.29024    2.51242  9.70%  61.1 2801s
 4367739 2285604    2.45888   57   19    2.29024    2.51220  9.69%  61.1 2806s
 4374987 2288884    2.46595   45   27    2.29024    2.51200  9.68%  61.1 2810s
 4382375 2291926     cutoff   61         2.29024    2.51179  9.67%  61.1 2815s
 4393239 2296710    2.47631   65   17    2.29024    2.51146  9.66%  61.1 2821s
 4400848 2299878    2.51124   68   17    2.29024    2.51125  9.65%  61.1 2826s
 4407917 2303043     cutoff   55         2.29024    2.51106  9.64%  61.0 2830s
 4418944 2307912    2.40169   57   21    2.29024    2.51076  9.63%  61.0 2837s
 4426160 2311241    2.45624   68   13    2.29024    2.51055  9.62%  61.0 2841s
 4433485 2314314    2.47802   63   17    2.29024    2.51035  9.61%  61.0 2845s
 4440762 2317556    2.49730   63   16    2.29024    2.51014  9.60%  61.0 2850s
 4451544 2322261     cutoff   59         2.29024    2.50983  9.59%  60.9 2856s
 4458870 2325479     cutoff   60         2.29024    2.50964  9.58%  60.9 2861s
 4466341 2328672     cutoff   58         2.29024    2.50941  9.57%  60.9 2865s
 4477342 2333548    2.50717   68   17    2.29024    2.50914  9.56%  60.9 2871s
 4484466 2336663    2.48470   60   18    2.29024    2.50894  9.55%  60.9 2876s
 4491884 2339774    2.49823   61   18    2.29024    2.50872  9.54%  60.9 2880s
 4499092 2343015    2.49900   59   23    2.29024    2.50854  9.53%  60.9 2885s
 4510082 2347915    2.50316   53    9    2.29024    2.50823  9.52%  60.8 2891s
 4517486 2350906     cutoff   63         2.29024    2.50804  9.51%  60.8 2896s
 4524476 2354064    2.49718   53   22    2.29024    2.50783  9.50%  60.8 2900s
 4531973 2357457    2.49778   49    7    2.29024    2.50764  9.49%  60.8 2905s
 4543181 2362403    2.50065   42   14    2.29024    2.50734  9.48%  60.8 2911s
 4550305 2365763    2.43981   50   27    2.29024    2.50715  9.47%  60.8 2916s
 4557605 2368899    2.41315   62   17    2.29024    2.50696  9.46%  60.7 2920s
 4564898 2372039     cutoff   64         2.29024    2.50675  9.45%  60.7 2925s
 4575558 2376766    2.48834   62   21    2.29024    2.50645  9.44%  60.7 2932s
 4583599 2380209     cutoff   55         2.29024    2.50624  9.43%  60.7 2936s
 4590922 2383455     cutoff   48         2.29024    2.50605  9.42%  60.7 2940s
 4597952 2386627     cutoff   50         2.29024    2.50589  9.42%  60.7 2945s
 4609043 2391088    2.48203   71   14    2.29024    2.50555  9.40%  60.6 2952s
 4616266 2394434    2.50116   68   17    2.29024    2.50537  9.39%  60.6 2956s
 4623620 2397620     cutoff   68         2.29024    2.50516  9.38%  60.6 2960s
 4630792 2400647    2.48952   61   17    2.29024    2.50495  9.37%  60.6 2965s
 4641860 2405378    2.50266   55   20    2.29024    2.50470  9.36%  60.6 2972s
 4649022 2408491    2.47776   58   18    2.29024    2.50449  9.35%  60.6 2976s
 4656251 2411560    2.39457   49   24    2.29024    2.50427  9.35%  60.6 2981s
 4663540 2414648     cutoff   65         2.29024    2.50408  9.34%  60.5 2985s
 4670654 2417749     cutoff   56         2.29024    2.50389  9.33%  60.5 2990s
 4681557 2422578     cutoff   64         2.29024    2.50359  9.32%  60.5 2996s
 4688709 2425730     cutoff   57         2.29024    2.50340  9.31%  60.5 3001s
 4695935 2428737    2.46849   56   23    2.29024    2.50322  9.30%  60.5 3005s
 4703108 2431847     cutoff   54         2.29024    2.50301  9.29%  60.5 3010s
 4714258 2436533     cutoff   60         2.29024    2.50272  9.28%  60.4 3016s
 4721229 2439590    2.46621   55   23    2.29024    2.50252  9.27%  60.4 3021s
 4728807 2442628    2.41315   40   19    2.29024    2.50232  9.26%  60.4 3026s
 4735858 2445701     cutoff   58         2.29024    2.50212  9.25%  60.4 3030s
 4743316 2448827    2.39164   35   39    2.29024    2.50191  9.24%  60.4 3035s
 4754527 2453487    2.47808   62   19    2.29024    2.50161  9.23%  60.4 3041s
 4761731 2456463     cutoff   60         2.29024    2.50142  9.22%  60.4 3046s
 4768973 2459528    2.41062   51   23    2.29024    2.50123  9.21%  60.3 3050s
 4775949 2462693    2.49522   60   20    2.29024    2.50105  9.20%  60.3 3055s
 4786750 2467241     cutoff   53         2.29024    2.50079  9.19%  60.3 3061s
 4793919 2470209     cutoff   63         2.29024    2.50060  9.19%  60.3 3066s
 4801285 2473318    2.49990   46   14    2.29024    2.50040  9.18%  60.3 3070s
 4808566 2476503    2.49621   74   11    2.29024    2.50021  9.17%  60.3 3075s
 4819384 2481193    2.47646   39   17    2.29024    2.49992  9.16%  60.2 3082s
 4826596 2484199    2.49967   67   18    2.29024    2.49972  9.15%  60.2 3086s
 4833792 2487125    2.44125   43   30    2.29024    2.49953  9.14%  60.2 3091s
 4840912 2490176     cutoff   68         2.29024    2.49935  9.13%  60.2 3096s
 4848509 2493330     cutoff   64         2.29024    2.49914  9.12%  60.2 3100s
 4855873 2496431    2.49800   46   36    2.29024    2.49895  9.11%  60.2 3105s
 4866891 2501105     cutoff   52         2.29024    2.49866  9.10%  60.2 3111s
 4874083 2504147     cutoff   51         2.29024    2.49847  9.09%  60.1 3116s
 4881217 2507377    2.49432   58   22    2.29024    2.49829  9.08%  60.1 3120s
 4892076 2511844    2.41822   52   26    2.29024    2.49802  9.07%  60.1 3126s
 4899483 2514762    2.48000   42   15    2.29024    2.49781  9.06%  60.1 3131s
 4906376 2517791     cutoff   62         2.29024    2.49762  9.05%  60.1 3135s
 4913717 2520924    2.49664   58   19    2.29024    2.49744  9.05%  60.1 3140s
 4924557 2525679    2.49716   67   13    2.29024    2.49718  9.04%  60.1 3147s
 4932433 2528701     cutoff   63         2.29024    2.49699  9.03%  60.0 3151s
 4939774 2531873    2.49261   55   23    2.29024    2.49680  9.02%  60.0 3156s
 4947067 2535003    2.49124   74   11    2.29024    2.49661  9.01%  60.0 3160s
 4955988 2537963    2.49512   52   21    2.29024    2.49644  9.00%  60.0 3165s
 4965194 2542494    2.47606   43   32    2.29024    2.49615  8.99%  60.0 3171s
 4972420 2545525     cutoff   66         2.29024    2.49599  8.98%  60.0 3176s
 4979678 2548462     cutoff   62         2.29024    2.49577  8.97%  60.0 3180s
 4986980 2551636     cutoff   45         2.29024    2.49560  8.97%  59.9 3185s
 4998190 2556386    2.44944   60   20    2.29024    2.49533  8.95%  59.9 3191s
 5005572 2559500     cutoff   52         2.29024    2.49514  8.95%  59.9 3196s
 5012800 2562444     cutoff   64         2.29024    2.49497  8.94%  59.9 3200s
 5019915 2565545     cutoff   63         2.29024    2.49479  8.93%  59.9 3205s
 5031097 2569929    2.34750   50   23    2.29024    2.49452  8.92%  59.9 3211s
 5038189 2572903     cutoff   46         2.29024    2.49434  8.91%  59.9 3216s
 5045398 2576098    2.48505   61   20    2.29024    2.49415  8.90%  59.8 3220s
 5056767 2580718    2.49208   56   19    2.29024    2.49389  8.89%  59.8 3227s
 5064023 2583822    2.45131   57   21    2.29024    2.49373  8.89%  59.8 3231s
 5071065 2586836    2.49211   61   18    2.29024    2.49356  8.88%  59.8 3236s
 5078881 2589917     cutoff   61         2.29024    2.49335  8.87%  59.8 3240s
 5089956 2594735    2.49028   66   15    2.29024    2.49310  8.86%  59.8 3247s
 5097111 2597831     cutoff   42         2.29024    2.49293  8.85%  59.7 3251s
 5104355 2600830    2.49130   63   19    2.29024    2.49279  8.84%  59.7 3255s
 5108101 2600865     cutoff   61         2.29024    2.49265  8.84%  59.7 3260s
H5108171 2600884                       2.2902419    2.49264  8.84%  59.7 3263s
 5108189 2600963    2.40015   50   31    2.29024    2.49264  8.84%  59.7 3265s
 5108753 2601177    2.49263   49   27    2.29024    2.49263  8.84%  59.7 3272s
H5108950 2601177                       2.2902419    2.49263  8.84%  59.7 3272s
 5108970 2601544    2.45346   53   26    2.29024    2.49263  8.84%  59.7 3276s
 5111512 2603386     cutoff   64         2.29024    2.49262  8.84%  59.7 3282s
 5114551 2605073    2.45260   38   46    2.29024    2.49261  8.84%  59.7 3285s
 5123053 2608691     cutoff   49         2.29024    2.49253  8.83%  59.7 3291s
 5130392 2611720    2.46430   54   27    2.29024    2.49228  8.82%  59.7 3296s
 5137932 2614829    2.43443   59   15    2.29024    2.49205  8.81%  59.7 3301s
 5145525 2617936    2.49001   63   19    2.29024    2.49185  8.80%  59.7 3306s
 5152820 2620816    2.47328   67   12    2.29024    2.49167  8.80%  59.7 3310s
 5159590 2623747     cutoff   63         2.29024    2.49151  8.79%  59.6 3315s
 5171071 2628485     cutoff   63         2.29024    2.49123  8.78%  59.6 3322s
 5178474 2631444     cutoff   53         2.29024    2.49105  8.77%  59.6 3326s
 5183683 2632388    2.46494   66   16    2.29024    2.49087  8.76%  59.6 3331s
 5187820 2635231    2.44928   47   23    2.29024    2.49083  8.76%  59.6 3335s
 5194964 2638528    2.49053   65   16    2.29024    2.49057  8.75%  59.6 3340s
 5206323 2642957    2.41344   50   17    2.29024    2.49030  8.74%  59.6 3346s
 5213427 2646049    2.45790   58   20    2.29024    2.49014  8.73%  59.6 3350s
 5224674 2650563    2.46569   48   25    2.29024    2.48989  8.72%  59.5 3356s
 5231784 2653501     cutoff   61         2.29024    2.48971  8.71%  59.5 3360s
 5239469 2656700    2.48878   68   17    2.29024    2.48952  8.70%  59.5 3365s
 5250461 2661070     cutoff   57         2.29024    2.48925  8.69%  59.5 3371s
 5257785 2664181     cutoff   53         2.29024    2.48909  8.68%  59.5 3375s
 5268811 2668629    2.45850   53   23    2.29024    2.48881  8.67%  59.5 3381s
 5276100 2671422     cutoff   47         2.29024    2.48863  8.66%  59.4 3385s
 5287262 2676035     cutoff   60         2.29024    2.48837  8.65%  59.4 3391s
 5294725 2678922     cutoff   59         2.29024    2.48819  8.64%  59.4 3395s
 5305790 2683543    2.43904   67   16    2.29024    2.48793  8.63%  59.4 3401s
 5313011 2686565     cutoff   70         2.29024    2.48777  8.62%  59.4 3405s
 5324313 2690904    2.47384   47   14    2.29024    2.48750  8.61%  59.4 3411s
 5335309 2695520     cutoff   62         2.29024    2.48725  8.60%  59.3 3416s
 5342778 2698479    2.40081   61   20    2.29024    2.48708  8.59%  59.3 3420s
 5353468 2702842    2.32817   56   29    2.29024    2.48682  8.58%  59.3 3426s
 5361015 2706108    2.45565   66   19    2.29024    2.48664  8.58%  59.3 3430s
 5372017 2710716     cutoff   48         2.29024    2.48640  8.56%  59.3 3436s
 5383017 2715097     cutoff   57         2.29024    2.48614  8.55%  59.3 3441s
 5390163 2717995    2.42817   64   17    2.29024    2.48597  8.55%  59.2 3445s
 5401156 2722613    2.47339   52   20    2.29024    2.48570  8.53%  59.2 3451s
 5408582 2725616    2.46808   48   24    2.29024    2.48554  8.53%  59.2 3455s
 5419551 2730162    2.45622   60   17    2.29024    2.48528  8.52%  59.2 3461s
 5426829 2732970    2.46733   67   17    2.29024    2.48511  8.51%  59.2 3466s
 5433978 2736210    2.48448   49   20    2.29024    2.48493  8.50%  59.2 3470s
 5445296 2740681    2.48218   56   21    2.29024    2.48468  8.49%  59.2 3476s
 5452519 2743741     cutoff   61         2.29024    2.48453  8.48%  59.1 3480s
 5463574 2748255    2.44522   65   17    2.29024    2.48428  8.47%  59.1 3486s
 5470831 2751093     cutoff   51         2.29024    2.48413  8.47%  59.1 3490s
 5481804 2755536     cutoff   59         2.29024    2.48386  8.45%  59.1 3496s
 5488995 2758473     cutoff   63         2.29024    2.48369  8.45%  59.1 3501s
 5496531 2761264    2.48350   63   22    2.29024    2.48350  8.44%  59.1 3505s
 5507518 2765916     cutoff   46         2.29024    2.48327  8.43%  59.1 3511s
 5514700 2768842    2.38070   67   15    2.29024    2.48308  8.42%  59.0 3515s
 5526161 2773425     cutoff   62         2.29024    2.48284  8.41%  59.0 3522s
 5533465 2776377    2.47563   59   20    2.29024    2.48269  8.40%  59.0 3526s
 5540957 2779301 infeasible   59         2.29024    2.48252  8.40%  59.0 3530s
 5551865 2783633    2.46835   43   28    2.29024    2.48229  8.39%  59.0 3536s
 5559450 2786792    2.48211   55    7    2.29024    2.48211  8.38%  59.0 3540s
 5570332 2791139     cutoff   41         2.29024    2.48187  8.37%  59.0 3546s
 5577714 2794049    2.48129   54   21    2.29024    2.48169  8.36%  58.9 3551s
 5585096 2796906    2.47970   56   21    2.29024    2.48153  8.35%  58.9 3555s
 5595517 2801095     cutoff   49         2.29024    2.48128  8.34%  58.9 3561s
 5602871 2804171    2.47196   63   19    2.29024    2.48111  8.33%  58.9 3565s
 5613921 2808518    2.46497   58   20    2.29024    2.48086  8.32%  58.9 3571s
 5621173 2811521     cutoff   51         2.29024    2.48071  8.32%  58.9 3575s
 5632198 2815800     cutoff   65         2.29024    2.48046  8.31%  58.9 3581s
 5639392 2818922    2.45957   50   26    2.29024    2.48030  8.30%  58.8 3585s
 5650415 2823203    2.47571   59   15    2.29024    2.48005  8.29%  58.8 3591s
 5657860 2826161    2.40049   47   27    2.29024    2.47991  8.28%  58.8 3596s
 5665168 2829150    2.44239   59   21    2.29024    2.47974  8.27%  58.8 3600s
 5676089 2833799    2.39716   46   21    2.29024    2.47949  8.26%  58.8 3606s
 5683437 2836823    2.47931   63   15    2.29024    2.47931  8.26%  58.8 3610s
 5690828 2839655    2.40792   48   27    2.29024    2.47915  8.25%  58.8 3615s
 5701863 2843986     cutoff   59         2.29024    2.47892  8.24%  58.7 3621s
 5709163 2846956     cutoff   62         2.29024    2.47876  8.23%  58.7 3625s
 5716629 2849897    2.39620   63   19    2.29024    2.47860  8.22%  58.7 3630s
 5727522 2854237     cutoff   46         2.29024    2.47835  8.21%  58.7 3636s
 5735086 2857216    2.47160   68   15    2.29024    2.47819  8.21%  58.7 3640s
 5745705 2861650     cutoff   57         2.29024    2.47796  8.20%  58.7 3646s
 5753023 2864586     cutoff   46         2.29024    2.47780  8.19%  58.7 3650s
 5763991 2868977    2.37659   39   23    2.29024    2.47757  8.18%  58.7 3656s
 5771030 2871852    2.45648   51   28    2.29024    2.47742  8.17%  58.6 3660s
 5778496 2874711     cutoff   59         2.29024    2.47725  8.17%  58.6 3665s
 5789349 2879161     cutoff   54         2.29024    2.47702  8.16%  58.6 3671s
 5796675 2882095    2.44266   60   17    2.29024    2.47688  8.15%  58.6 3675s
 5807692 2886641    2.38625   62   16    2.29024    2.47662  8.14%  58.6 3682s
 5815032 2889414    2.47558   58   22    2.29024    2.47647  8.13%  58.6 3686s
 5822142 2892286     cutoff   51         2.29024    2.47632  8.12%  58.6 3690s
 5833188 2896568     cutoff   63         2.29024    2.47609  8.11%  58.5 3696s
 5840410 2899348     cutoff   58         2.29024    2.47592  8.11%  58.5 3701s
 5847687 2902352     cutoff   52         2.29024    2.47576  8.10%  58.5 3705s
 5858554 2906845    2.42551   67   17    2.29024    2.47555  8.09%  58.5 3711s
 5865755 2909730    2.41624   68   17    2.29024    2.47539  8.08%  58.5 3716s
 5873313 2912581     cutoff   59         2.29024    2.47521  8.08%  58.5 3720s
 5884059 2916909    2.41157   65   17    2.29024    2.47497  8.07%  58.5 3726s
 5891446 2919851     cutoff   43         2.29024    2.47482  8.06%  58.5 3731s
 5898650 2922702     cutoff   55         2.29024    2.47467  8.05%  58.5 3735s
 5909698 2927014     cutoff   61         2.29024    2.47445  8.04%  58.4 3742s
 5916959 2929871     cutoff   52         2.29024    2.47428  8.04%  58.4 3746s
 5924004 2932675     cutoff   59         2.29024    2.47413  8.03%  58.4 3750s
 5931333 2935678    2.43038   55   19    2.29024    2.47397  8.02%  58.4 3755s
 5938775 2938495     cutoff   53         2.29024    2.47382  8.02%  58.4 3760s
 5949777 2942679     cutoff   43         2.29024    2.47361  8.01%  58.4 3766s
 5956851 2945533     cutoff   50         2.29024    2.47345  8.00%  58.4 3771s
 5964268 2948432    2.40081   53   21    2.29024    2.47330  7.99%  58.4 3775s
 5971445 2951162    2.44827   48   30    2.29024    2.47315  7.99%  58.3 3780s
 5978895 2954032    2.43651   57   19    2.29024    2.47299  7.98%  58.3 3785s
 5989932 2958173     cutoff   60         2.29024    2.47277  7.97%  58.3 3792s
 5997089 2961200    2.41036   65   20    2.29024    2.47260  7.96%  58.3 3796s
 6004287 2964059     cutoff   58         2.29024    2.47245  7.96%  58.3 3801s
 6011761 2966818     cutoff   54         2.29024    2.47230  7.95%  58.3 3805s
 6019163 2969528    2.39980   45   36    2.29024    2.47213  7.94%  58.3 3810s
 6030143 2973785    2.46951   55   17    2.29024    2.47190  7.93%  58.3 3816s
 6037333 2976550     cutoff   58         2.29024    2.47174  7.92%  58.2 3821s
 6044616 2979343    2.47160   51   16    2.29024    2.47160  7.92%  58.2 3825s
 6051698 2982110    2.30631   59   15    2.29024    2.47148  7.91%  58.2 3830s
 6062608 2986083     cutoff   61         2.29024    2.47123  7.90%  58.2 3836s
 6069699 2988830     cutoff   50         2.29024    2.47106  7.90%  58.2 3841s
 6077207 2991820    2.41179   54   17    2.29024    2.47092  7.89%  58.2 3846s
 6084734 2994647    2.41111   54   18    2.29024    2.47075  7.88%  58.2 3850s
 6092020 2997382    2.46856   63   14    2.29024    2.47061  7.88%  58.2 3855s
 6098968 3000169    2.39553   64   17    2.29024    2.47045  7.87%  58.2 3860s
 6106618 3002963    2.46954   62   22    2.29024    2.47029  7.86%  58.2 3865s
 6114001 3005221    2.46818   51   21    2.29024    2.47015  7.86%  58.1 3870s
H6115430 3005221                       2.2902419    2.47013  7.85%  58.1 3872s
 6118502 3007448    2.32909   60   15    2.29024    2.47011  7.85%  58.1 3877s
 6125197 3010046    2.46496   63   15    2.29024    2.47003  7.85%  58.1 3881s
 6131967 3012737    2.46199   60   20    2.29024    2.46988  7.84%  58.1 3887s
 6138818 3015328     cutoff   47         2.29024    2.46973  7.84%  58.1 3892s
H6144228 3016637                       2.2902419    2.46963  7.83%  58.1 3894s
 6146239 3017999    2.45482   41   26    2.29024    2.46958  7.83%  58.1 3897s
 6153838 3020979    2.41643   59   11    2.29024    2.46942  7.82%  58.1 3902s
 6161053 3023688    2.42684   65   16    2.29024    2.46926  7.82%  58.1 3906s
 6168210 3026572    2.40020   50   29    2.29024    2.46912  7.81%  58.1 3911s
 6175691 3029630    2.45076   57   20    2.29024    2.46898  7.80%  58.1 3916s
 6183024 3032314     cutoff   55         2.29024    2.46883  7.80%  58.0 3921s
 6189667 3035034    2.43908   61   20    2.29024    2.46868  7.79%  58.0 3926s
 6197342 3037886    2.45882   68   15    2.29024    2.46853  7.78%  58.0 3931s
 6204644 3040833    2.39815   55   22    2.29024    2.46838  7.78%  58.0 3936s
 6211910 3043531    2.44409   64   16    2.29024    2.46823  7.77%  58.0 3940s
 6218764 3046296     cutoff   65         2.29024    2.46808  7.77%  58.0 3945s
 6226391 3049107    2.40708   58   22    2.29024    2.46795  7.76%  58.0 3950s
 6237037 3053370     cutoff   43         2.29024    2.46772  7.75%  58.0 3957s
 6244165 3055981    2.44361   64   17    2.29024    2.46758  7.74%  58.0 3961s
 6250967 3058664    2.46309   70   14    2.29024    2.46745  7.74%  57.9 3966s
 6258812 3061538    2.46731   44   16    2.29024    2.46731  7.73%  57.9 3971s
 6266191 3064531    2.42912   58   23    2.29024    2.46711  7.72%  57.9 3975s
 6273650 3067416    2.44323   65   17    2.29024    2.46697  7.72%  57.9 3981s
 6280983 3069896    2.46573   49   28    2.29024    2.46682  7.71%  57.9 3985s
 6291345 3074159    2.45797   55   25    2.29024    2.46660  7.70%  57.9 3992s
 6299033 3077079    2.33864   55   23    2.29024    2.46646  7.69%  57.9 3996s
 6306349 3079759    2.38748   59   14    2.29024    2.46624  7.68%  57.9 4001s
 6313668 3082800    2.41366   61   21    2.29024    2.46609  7.68%  57.9 4005s
 6321189 3085509    2.42107   60   16    2.29024    2.46594  7.67%  57.9 4010s
 6332147 3089705    2.46259   55   19    2.29024    2.46571  7.66%  57.8 4016s
 6339332 3092408     cutoff   53         2.29024    2.46557  7.66%  57.8 4021s
 6347072 3095257     cutoff   66         2.29024    2.46543  7.65%  57.8 4025s
 6354245 3098047    2.46297   60   20    2.29024    2.46528  7.64%  57.8 4030s
 6365116 3101991     cutoff   49         2.29024    2.46506  7.63%  57.8 4037s
 6372494 3104776     cutoff   47         2.29024    2.46491  7.63%  57.8 4041s
 6379677 3107449    2.45819   61   19    2.29024    2.46477  7.62%  57.8 4046s
 6386952 3110318    2.42203   49   24    2.29024    2.46465  7.62%  57.8 4050s
 6397735 3114266     cutoff   63         2.29024    2.46442  7.61%  57.8 4057s
 6404805 3117068    2.42862   60   18    2.29024    2.46428  7.60%  57.7 4061s
 6412271 3119615    2.45135   56   24    2.29024    2.46413  7.59%  57.7 4065s
 6419708 3122566    2.39995   51   26    2.29024    2.46397  7.59%  57.7 4070s
 6430344 3126771     cutoff   53         2.29024    2.46379  7.58%  57.7 4076s
 6437525 3129522    2.45111   60   18    2.29024    2.46364  7.57%  57.7 4081s
 6444914 3132378    2.42622   66   16    2.29024    2.46351  7.57%  57.7 4085s
 6452167 3135155    2.36214   63   15    2.29024    2.46335  7.56%  57.7 4090s
 6463164 3139075     cutoff   63         2.29024    2.46314  7.55%  57.7 4096s
 6470183 3141848    2.46136   63   25    2.29024    2.46300  7.54%  57.7 4101s
 6477574 3144596    2.46282   63   19    2.29024    2.46286  7.54%  57.6 4105s
 6488464 3148662    2.39453   58   21    2.29024    2.46264  7.53%  57.6 4111s
 6495737 3151419    2.42156   38   21    2.29024    2.46250  7.52%  57.6 4116s
 6503075 3154203    2.35731   49   32    2.29024    2.46236  7.52%  57.6 4120s
 6510649 3157080    2.45910   43   22    2.29024    2.46221  7.51%  57.6 4125s
 6517612 3159649    2.44285   51   25    2.29024    2.46206  7.50%  57.6 4130s
 6528898 3163810     cutoff   55         2.29024    2.46187  7.49%  57.6 4136s
 6536234 3166502    2.44094   59   17    2.29024    2.46171  7.49%  57.6 4141s
 6543387 3169191     cutoff   50         2.29024    2.46159  7.48%  57.5 4145s
 6550961 3171920    2.45656   63   17    2.29024    2.46144  7.47%  57.5 4150s
 6559426 3174703    2.39852   39   20    2.29024    2.46129  7.47%  57.5 4155s
 6569300 3178767    2.38748   45   27    2.29024    2.46108  7.46%  57.5 4162s
 6576676 3181434     cutoff   51         2.29024    2.46093  7.45%  57.5 4166s
 6583814 3184169     cutoff   50         2.29024    2.46080  7.45%  57.5 4171s
 6591016 3186965    2.34290   56   21    2.29024    2.46065  7.44%  57.5 4175s
 6598111 3189595    2.41961   56   19    2.29024    2.46052  7.43%  57.5 4180s
 6605310 3192267    2.46034   48    9    2.29024    2.46039  7.43%  57.5 4185s
 6616493 3196363    2.40335   64   14    2.29024    2.46017  7.42%  57.5 4192s
 6623718 3199048     cutoff   47         2.29024    2.46005  7.41%  57.4 4196s
 6630975 3201698    2.45687   63   16    2.29024    2.45990  7.41%  57.4 4201s
 6638236 3204351    2.45918   65   15    2.29024    2.45977  7.40%  57.4 4205s
 6645628 3207127    2.45342   59   18    2.29024    2.45962  7.40%  57.4 4210s
 6652759 3209964    2.36509   50   24    2.29024    2.45948  7.39%  57.4 4215s
 6663775 3213955    2.38924   58   24    2.29024    2.45928  7.38%  57.4 4222s
 6671175 3216718    2.45692   64   17    2.29024    2.45913  7.37%  57.4 4226s
 6678398 3219533    2.44805   59   16    2.29024    2.45900  7.37%  57.4 4231s
 6685501 3222317     cutoff   51         2.29024    2.45886  7.36%  57.4 4235s
 6692817 3225058    2.45437   47   24    2.29024    2.45872  7.36%  57.4 4240s
 6700469 3227912     cutoff   65         2.29024    2.45858  7.35%  57.3 4245s
 6711261 3231824     cutoff   60         2.29024    2.45839  7.34%  57.3 4252s
 6718527 3234653    2.43926   69   16    2.29024    2.45824  7.34%  57.3 4256s
 6725960 3237355    2.45806   61   19    2.29024    2.45812  7.33%  57.3 4261s
 6732970 3240077     cutoff   66         2.29024    2.45799  7.32%  57.3 4266s
 6740073 3242502    2.45502   50   24    2.29024    2.45786  7.32%  57.3 4270s
 6747339 3245291     cutoff   47         2.29024    2.45772  7.31%  57.3 4275s
 6754713 3247881     cutoff   56         2.29024    2.45758  7.31%  57.3 4280s
 6762233 3250588    2.45734   75   12    2.29024    2.45744  7.30%  57.3 4285s
 6769392 3253195    2.37122   63   19    2.29024    2.45731  7.29%  57.2 4290s
 6780183 3257186    2.45617   60   14    2.29024    2.45710  7.29%  57.2 4296s
 6787480 3260019    2.44859   60   17    2.29024    2.45698  7.28%  57.2 4301s
 6794952 3262511    2.44329   64   16    2.29024    2.45685  7.27%  57.2 4306s
 6801852 3265057    2.45314   71   12    2.29024    2.45671  7.27%  57.2 4310s
 6808813 3267691    2.42309   62   21    2.29024    2.45659  7.26%  57.2 4315s
 6816270 3270369     cutoff   76         2.29024    2.45643  7.26%  57.2 4320s
 6827007 3274252    2.43604   65   18    2.29024    2.45624  7.25%  57.2 4327s
 6834257 3276835    2.39414   60   18    2.29024    2.45612  7.24%  57.2 4331s
 6841475 3279526     cutoff   67         2.29024    2.45598  7.24%  57.2 4336s
 6848725 3282254     cutoff   52         2.29024    2.45585  7.23%  57.1 4341s
 6856061 3284775    2.43748   49   30    2.29024    2.45572  7.23%  57.1 4345s
 6863280 3287449    2.32564   46   30    2.29024    2.45560  7.22%  57.1 4350s
 6870395 3290079    2.45546   46   22    2.29024    2.45546  7.21%  57.1 4355s
 6881033 3293632    2.32225   67   14    2.29024    2.45527  7.21%  57.1 4362s
 6888310 3296236    2.45346   52   23    2.29024    2.45511  7.20%  57.1 4366s
 6895646 3298801    2.42992   55   21    2.29024    2.45499  7.19%  57.1 4370s
 6903039 3301327    2.32142   61   22    2.29024    2.45484  7.19%  57.1 4375s
 6913898 3305373    2.43517   67   14    2.29024    2.45464  7.18%  57.1 4382s
 6921313 3308178    2.45444   61   15    2.29024    2.45451  7.17%  57.1 4386s
 6928895 3310848     cutoff   55         2.29024    2.45438  7.17%  57.0 4391s
 6936207 3313486    2.44123   64   19    2.29024    2.45424  7.16%  57.0 4395s
 6943327 3316163    2.38722   43   17    2.29024    2.45411  7.16%  57.0 4400s
 6954339 3320248    2.43275   64   19    2.29024    2.45391  7.15%  57.0 4407s
 6961627 3322835    2.36081   53   21    2.29024    2.45378  7.14%  57.0 4411s
 6969029 3325562    2.34259   66   17    2.29024    2.45364  7.13%  57.0 4416s
 6976370 3328059     cutoff   54         2.29024    2.45354  7.13%  57.0 4420s
 6983253 3330648     cutoff   48         2.29024    2.45339  7.12%  57.0 4425s
 6994119 3334723    2.45078   44   24    2.29024    2.45319  7.11%  57.0 4431s
 7001216 3337289    2.42617   46   25    2.29024    2.45307  7.11%  56.9 4436s
 7008579 3340040    2.44731   56   20    2.29024    2.45292  7.10%  56.9 4440s
 7015866 3342630     cutoff   54         2.29024    2.45281  7.10%  56.9 4445s
 7023311 3345479    2.35771   71   12    2.29024    2.45267  7.09%  56.9 4450s
 7030472 3347951     cutoff   52         2.29024    2.45255  7.09%  56.9 4455s
 7041636 3351907     cutoff   57         2.29024    2.45235  7.08%  56.9 4462s
 7048745 3354490     cutoff   59         2.29024    2.45221  7.07%  56.9 4467s
 7056167 3357294 infeasible   61         2.29024    2.45208  7.07%  56.9 4471s
 7063492 3359951     cutoff   66         2.29024    2.45195  7.06%  56.9 4476s
 7070728 3362503    2.43591   63   17    2.29024    2.45182  7.05%  56.9 4481s
 7078216 3365131     cutoff   57         2.29024    2.45169  7.05%  56.8 4486s
 7085255 3367655     cutoff   49         2.29024    2.45155  7.04%  56.8 4491s
 7092569 3370371     cutoff   56         2.29024    2.45142  7.04%  56.8 4496s
 7099895 3373135    2.30312   53   23    2.29024    2.45130  7.03%  56.8 4501s
 7107330 3375643    2.29507   45   30    2.29024    2.45118  7.03%  56.8 4506s
 7114549 3378232    2.34705   71   15    2.29024    2.45104  7.02%  56.8 4511s
 7121602 3380763     cutoff   61         2.29024    2.45091  7.02%  56.8 4516s
 7128969 3383206     cutoff   53         2.29024    2.45079  7.01%  56.8 4521s
 7136422 3385710     cutoff   60         2.29024    2.45065  7.00%  56.8 4525s
 7143666 3388243    2.43963   64   16    2.29024    2.45054  7.00%  56.8 4530s
 7154371 3391993     cutoff   49         2.29024    2.45034  6.99%  56.7 4536s
 7161596 3394609    2.44978   59   16    2.29024    2.45021  6.98%  56.7 4540s
 7168964 3397157     cutoff   63         2.29024    2.45009  6.98%  56.7 4545s
 7179759 3401037     cutoff   53         2.29024    2.44990  6.97%  56.7 4552s
 7186868 3403716    2.31089   50   23    2.29024    2.44977  6.97%  56.7 4556s
 7194191 3406255    2.32834   49   22    2.29024    2.44965  6.96%  56.7 4561s
 7201573 3408885    2.42200   45   29    2.29024    2.44951  6.95%  56.7 4565s
 7208973 3411668    2.43691   60   22    2.29024    2.44939  6.95%  56.7 4570s
 7216251 3414304     cutoff   53         2.29024    2.44926  6.94%  56.7 4575s
 7227174 3418253    2.41609   65   18    2.29024    2.44908  6.94%  56.7 4581s
 7234125 3420821     cutoff   56         2.29024    2.44894  6.93%  56.7 4585s
 7241205 3423367    2.44239   60   19    2.29024    2.44882  6.92%  56.6 4590s
 7252241 3427265     cutoff   60         2.29024    2.44862  6.92%  56.6 4597s
 7259444 3429758    2.34643   63   18    2.29024    2.44850  6.91%  56.6 4601s
 7266558 3432315     cutoff   49         2.29024    2.44839  6.91%  56.6 4606s
 7273886 3434783    2.43120   56   24    2.29024    2.44826  6.90%  56.6 4610s
 7281203 3437188    2.44061   62   14    2.29024    2.44811  6.89%  56.6 4615s
 7292094 3441205     cutoff   49         2.29024    2.44792  6.88%  56.6 4622s
 7299386 3443729    2.43985   60   15    2.29024    2.44780  6.88%  56.6 4626s
 7306860 3446270     cutoff   54         2.29024    2.44768  6.87%  56.6 4631s
 7313813 3448741     cutoff   63         2.29024    2.44754  6.87%  56.6 4635s
 7321299 3451334     cutoff   73         2.29024    2.44741  6.86%  56.5 4640s
 7332150 3455277    2.42069   45   29    2.29024    2.44722  6.85%  56.5 4646s
 7339371 3457717    2.34246   60   16    2.29024    2.44711  6.85%  56.5 4651s
 7346479 3460346    2.44076   56   23    2.29024    2.44697  6.84%  56.5 4656s
 7353883 3462789     cutoff   55         2.29024    2.44685  6.84%  56.5 4660s
 7361152 3465309     cutoff   52         2.29024    2.44674  6.83%  56.5 4665s
 7368506 3467747    2.41716   63   19    2.29024    2.44660  6.83%  56.5 4670s
 7375927 3470405    2.39360   50   23    2.29024    2.44648  6.82%  56.5 4675s
 7386702 3474172     cutoff   56         2.29024    2.44629  6.81%  56.5 4682s
 7393964 3476747    2.40743   66   17    2.29024    2.44617  6.81%  56.5 4686s
 7401031 3479409    2.41437   63   20    2.29024    2.44605  6.80%  56.5 4691s
 7408908 3482124    2.38164   60   16    2.29024    2.44593  6.80%  56.4 4696s
 7416022 3484621     cutoff   53         2.29024    2.44581  6.79%  56.4 4700s
 7427194 3488626     cutoff   51         2.29024    2.44563  6.78%  56.4 4706s
 7434343 3491093     cutoff   63         2.29024    2.44550  6.78%  56.4 4710s
 7445121 3494838    2.44474   68   14    2.29024    2.44532  6.77%  56.4 4716s
 7452522 3497443    2.38436   69   13    2.29024    2.44519  6.77%  56.4 4720s
 7459815 3499793    2.38389   57   23    2.29024    2.44507  6.76%  56.4 4725s
 7467013 3502341    2.39956   51   30    2.29024    2.44494  6.75%  56.4 4730s
 7477908 3506157     cutoff   58         2.29024    2.44475  6.75%  56.4 4736s
 7485154 3508707     cutoff   57         2.29024    2.44464  6.74%  56.3 4741s
 7492356 3511182    2.40780   58   21    2.29024    2.44451  6.74%  56.3 4745s
 7503440 3515168     cutoff   65         2.29024    2.44432  6.73%  56.3 4751s
 7510855 3517687     cutoff   53         2.29024    2.44421  6.72%  56.3 4756s
 7517760 3520253     cutoff   62         2.29024    2.44408  6.72%  56.3 4760s
 7525481 3522824    2.44281   56   22    2.29024    2.44396  6.71%  56.3 4765s
 7536356 3526637     cutoff   53         2.29024    2.44378  6.70%  56.3 4771s
 7543801 3529095    2.29121   64   12    2.29024    2.44365  6.70%  56.3 4776s
 7551055 3531605    2.43274   61   16    2.29024    2.44354  6.69%  56.3 4780s
 7562114 3535436     cutoff   60         2.29024    2.44336  6.69%  56.3 4787s
 7569432 3536832     cutoff   55         2.29024    2.44323  6.68%  56.2 4791s
 7569528 3536848    2.44322   53    9    2.29024    2.44322  6.68%  56.2 4795s
 7569803 3536976     cutoff   56         2.29024    2.44322  6.68%  56.2 4800s
 7572607 3538675    2.38710   50   22    2.29024    2.44320  6.68%  56.2 4807s
 7575151 3539420    2.43976   61   21    2.29024    2.44319  6.68%  56.2 4810s
 7581704 3542263    2.39668   64   19    2.29024    2.44317  6.68%  56.2 4816s
 7590302 3545289     cutoff   60         2.29024    2.44298  6.67%  56.2 4822s
 7594513 3546918    2.35820   66   15    2.29024    2.44287  6.66%  56.2 4825s
 7603314 3549681    2.41772   56   21    2.29024    2.44271  6.66%  56.2 4830s
 7611370 3552339    2.40393   66   14    2.29024    2.44256  6.65%  56.2 4835s
 7619604 3555189    2.39871   67   12    2.29024    2.44238  6.64%  56.2 4840s
 7627830 3558140    2.36788   64   15    2.29024    2.44223  6.64%  56.2 4845s
 7636083 3560905     cutoff   51         2.29024    2.44209  6.63%  56.2 4850s
 7644048 3563633     cutoff   64         2.29024    2.44195  6.62%  56.2 4855s
 7652094 3566411    2.44086   59   18    2.29024    2.44183  6.62%  56.1 4860s
 7660243 3569197    2.35439   58   22    2.29024    2.44170  6.61%  56.1 4865s
 7668295 3572013     cutoff   67         2.29024    2.44155  6.61%  56.1 4870s
 7676331 3574795    2.43834   60   19    2.29024    2.44143  6.60%  56.1 4875s
 7687602 3577514    2.43741   58   18    2.29024    2.44128  6.60%  56.1 4880s
 7696344 3581371     cutoff   56         2.29024    2.44110  6.59%  56.1 4886s
 7704001 3583953    2.43191   63   20    2.29024    2.44097  6.58%  56.1 4891s
 7712004 3586587    2.32819   51   24    2.29024    2.44084  6.58%  56.1 4896s
 7719601 3589293    2.29850   59   22    2.29024    2.44071  6.57%  56.1 4901s
 7727786 3592130    2.37530   55   21    2.29024    2.44058  6.56%  56.1 4906s
 7735748 3594690     cutoff   52         2.29024    2.44045  6.56%  56.0 4910s
 7743610 3597312     cutoff   61         2.29024    2.44032  6.55%  56.0 4915s
 7751571 3599971     cutoff   53         2.29024    2.44019  6.55%  56.0 4920s
 7763113 3603895     cutoff   64         2.29024    2.44000  6.54%  56.0 4927s
 7771258 3606557    2.42896   66   14    2.29024    2.43986  6.53%  56.0 4931s
 7778875 3609112    2.43974   50   14    2.29024    2.43974  6.53%  56.0 4936s
 7786547 3611796    2.43953   68   12    2.29024    2.43962  6.52%  56.0 4940s
 7794420 3614673    2.40638   61   17    2.29024    2.43950  6.52%  56.0 4945s
 7806079 3618730     cutoff   57         2.29024    2.43931  6.51%  56.0 4952s
 7813875 3621543    2.42050   61   23    2.29024    2.43918  6.50%  56.0 4956s
 7821628 3624067    2.35066   67   17    2.29024    2.43905  6.50%  55.9 4961s
 7829154 3626642    2.42742   47   26    2.29024    2.43893  6.49%  55.9 4966s
 7836682 3629036     cutoff   68         2.29024    2.43881  6.49%  55.9 4970s
 7847485 3631680    2.39714   54   21    2.29024    2.43868  6.48%  55.9 4975s
 7855789 3635495     cutoff   55         2.29024    2.43849  6.47%  55.9 4981s
 7863579 3638067    2.38474   55   22    2.29024    2.43838  6.47%  55.9 4986s
 7871237 3640546    2.43813   58   19    2.29024    2.43825  6.46%  55.9 4991s
 7878892 3643100    2.36348   58   20    2.29024    2.43813  6.46%  55.9 4995s
 7886477 3645542     cutoff   57         2.29024    2.43800  6.45%  55.9 5000s
 7897894 3649324    2.41739   54   20    2.29024    2.43782  6.44%  55.9 5007s
 7905161 3651693    2.38147   59   23    2.29024    2.43770  6.44%  55.8 5011s
 7912771 3654308    2.36251   56   17    2.29024    2.43758  6.43%  55.8 5016s
 7920279 3656715    2.43660   46   27    2.29024    2.43745  6.43%  55.8 5021s
 7927800 3659201    2.42646   46   30    2.29024    2.43735  6.42%  55.8 5025s
 7939200 3662917     cutoff   55         2.29024    2.43715  6.41%  55.8 5031s
 7946461 3665417    2.40185   58   16    2.29024    2.43704  6.41%  55.8 5036s
 7954068 3667925     cutoff   62         2.29024    2.43692  6.40%  55.8 5040s
 7964931 3671647    2.40826   53   21    2.29024    2.43675  6.40%  55.8 5046s
 7972373 3674117    2.42418   58   23    2.29024    2.43662  6.39%  55.8 5051s
 7979614 3676522    2.33431   68   15    2.29024    2.43651  6.39%  55.8 5055s
 7986943 3679053    2.37963   56   23    2.29024    2.43639  6.38%  55.7 5060s
 7997746 3682567     cutoff   55         2.29024    2.43621  6.37%  55.7 5066s
 8005090 3684970    2.30445   52   25    2.29024    2.43608  6.37%  55.7 5071s
 8012329 3687436    2.42030   67   15    2.29024    2.43598  6.36%  55.7 5076s
 8020309 3689890     cutoff   53         2.29024    2.43585  6.36%  55.7 5080s
 8029932 3692407    2.42375   54   24    2.29024    2.43574  6.35%  55.7 5085s
 8038147 3695790     cutoff   59         2.29024    2.43556  6.35%  55.7 5091s
 8045574 3698159    2.34321   56   23    2.29024    2.43544  6.34%  55.7 5095s
 8052769 3700589     cutoff   59         2.29024    2.43534  6.34%  55.7 5100s
 8063494 3703913    2.41879   55   25    2.29024    2.43517  6.33%  55.7 5107s
 8070804 3706476     cutoff   52         2.29024    2.43506  6.32%  55.6 5111s
 8078068 3708755     cutoff   69         2.29024    2.43495  6.32%  55.6 5116s
 8085416 3711151     cutoff   81         2.29024    2.43482  6.31%  55.6 5120s
 8092817 3713662    2.36754   53   22    2.29024    2.43471  6.31%  55.6 5125s
 8103939 3717325    2.41406   60   20    2.29024    2.43454  6.30%  55.6 5131s
 8111207 3719663    2.42735   54   17    2.29024    2.43443  6.30%  55.6 5136s
 8118364 3721895    2.39099   67   17    2.29024    2.43431  6.29%  55.6 5141s
 8126014 3724571    2.42781   59   21    2.29024    2.43420  6.29%  55.6 5145s
 8133309 3727111    2.42473   53   24    2.29024    2.43409  6.28%  55.6 5150s
 8144514 3730607    2.37517   58   19    2.29024    2.43392  6.27%  55.6 5156s
 8151791 3733020    2.39608   66   18    2.29024    2.43381  6.27%  55.5 5161s
 8158874 3735369     cutoff   65         2.29024    2.43370  6.26%  55.5 5165s
 8166360 3737641    2.38152   60   16    2.29024    2.43357  6.26%  55.5 5170s
 8177181 3741086     cutoff   48         2.29024    2.43341  6.25%  55.5 5176s
 8184575 3743362    2.33416   49   24    2.29024    2.43330  6.25%  55.5 5181s
 8191791 3745853    2.43232   56   21    2.29024    2.43318  6.24%  55.5 5185s
 8199313 3748259    2.41627   51   25    2.29024    2.43307  6.24%  55.5 5190s
 8206294 3750804    2.37527   68   17    2.29024    2.43295  6.23%  55.5 5195s
 8217344 3754337    2.41189   62   15    2.29024    2.43278  6.22%  55.5 5202s
 8224796 3756868    2.40934   52   24    2.29024    2.43268  6.22%  55.5 5206s
 8232112 3759331     cutoff   65         2.29024    2.43256  6.21%  55.5 5210s
 8239521 3761771    2.42884   56   21    2.29024    2.43244  6.21%  55.4 5215s
 8246598 3764071     cutoff   53         2.29024    2.43234  6.20%  55.4 5220s
 8257902 3767573    2.43213   62   15    2.29024    2.43217  6.20%  55.4 5226s
 8265245 3769820     cutoff   36         2.29024    2.43206  6.19%  55.4 5231s
 8272349 3772028     cutoff   58         2.29024    2.43196  6.19%  55.4 5236s
 8279627 3774260    2.42751   55   25    2.29024    2.43184  6.18%  55.4 5240s
 8287064 3776653    2.40430   47   30    2.29024    2.43173  6.18%  55.4 5245s
 8297939 3780209    2.40093   67   17    2.29024    2.43156  6.17%  55.4 5252s
 8305007 3782687     cutoff   60         2.29024    2.43146  6.17%  55.4 5256s
 8312353 3784856     cutoff   62         2.29024    2.43134  6.16%  55.4 5261s
 8319683 3787187    2.40924   70   15    2.29024    2.43123  6.16%  55.4 5265s
 8326887 3789685     cutoff   49         2.29024    2.43113  6.15%  55.3 5270s
 8333938 3792181     cutoff   63         2.29024    2.43102  6.15%  55.3 5275s
 8345445 3795791     cutoff   50         2.29024    2.43085  6.14%  55.3 5281s
 8352578 3798164    2.42194   59   16    2.29024    2.43074  6.13%  55.3 5286s
 8359993 3800451     cutoff   42         2.29024    2.43063  6.13%  55.3 5290s
 8367191 3802918    2.34682   63   16    2.29024    2.43051  6.12%  55.3 5295s
 8374928 3805374     cutoff   54         2.29024    2.43041  6.12%  55.3 5300s
 8385581 3808762 infeasible   57         2.29024    2.43026  6.11%  55.3 5307s
 8392766 3811064     cutoff   50         2.29024    2.43013  6.11%  55.3 5311s
 8400298 3813567    2.39829   65   19    2.29024    2.43003  6.10%  55.3 5316s
 8407539 3815893     cutoff   65         2.29024    2.42991  6.10%  55.3 5320s
 8415043 3818293    2.39193   45   25    2.29024    2.42980  6.09%  55.2 5325s
 8422086 3820735    2.42027   49   22    2.29024    2.42970  6.09%  55.2 5330s
 8433276 3823987    2.37985   63   19    2.29024    2.42953  6.08%  55.2 5336s
 8440546 3826327    2.30996   54   19    2.29024    2.42943  6.08%  55.2 5341s
 8447780 3828696     cutoff   58         2.29024    2.42931  6.07%  55.2 5346s
 8455008 3830898    2.35114   64   18    2.29024    2.42919  6.07%  55.2 5350s
 8462193 3833118     cutoff   60         2.29024    2.42909  6.06%  55.2 5355s
 8473012 3836652     cutoff   61         2.29024    2.42893  6.06%  55.2 5361s
 8480420 3838852    2.41440   45   34    2.29024    2.42884  6.05%  55.2 5366s
 8487744 3841281    2.41046   59   22    2.29024    2.42872  6.05%  55.2 5371s
 8495077 3843567    2.39989   65   16    2.29024    2.42861  6.04%  55.2 5375s
 8505956 3846779    2.42574   68   17    2.29024    2.42846  6.03%  55.1 5382s
 8513318 3849141     cutoff   42         2.29024    2.42834  6.03%  55.1 5386s
 8520675 3851343    2.39797   51   26    2.29024    2.42823  6.03%  55.1 5391s
 8528043 3853549    2.39324   60   20    2.29024    2.42811  6.02%  55.1 5396s
 8535299 3855899    2.39671   66   15    2.29024    2.42801  6.02%  55.1 5401s
 8542659 3858449    2.36401   62   18    2.29024    2.42790  6.01%  55.1 5405s
 8550017 3860658    2.42288   52   25    2.29024    2.42779  6.01%  55.1 5410s
 8560967 3864035    2.42755   71   16    2.29024    2.42764  6.00%  55.1 5417s
 8568309 3866511    2.37435   56   20    2.29024    2.42754  6.00%  55.1 5421s
 8575397 3868721     cutoff   64         2.29024    2.42742  5.99%  55.1 5426s
 8582605 3870936     cutoff   53         2.29024    2.42731  5.99%  55.1 5431s
 8590314 3873337     cutoff   63         2.29024    2.42721  5.98%  55.0 5435s
 8597490 3875484    2.31188   64   22    2.29024    2.42710  5.98%  55.0 5440s
 8608242 3878822    2.42249   45    6    2.29024    2.42694  5.97%  55.0 5446s
 8615417 3881209     cutoff   63         2.29024    2.42684  5.96%  55.0 5451s
 8622710 3883489    2.42467   59   22    2.29024    2.42673  5.96%  55.0 5455s
 8629751 3885589    2.42514   64   15    2.29024    2.42663  5.96%  55.0 5460s
 8640577 3888804    2.32045   61   17    2.29024    2.42647  5.95%  55.0 5467s
 8648065 3891136    2.39597   55   19    2.29024    2.42637  5.94%  55.0 5471s
 8655443 3893477    2.42206   66   16    2.29024    2.42625  5.94%  55.0 5475s
 8662791 3895738     cutoff   57         2.29024    2.42615  5.93%  55.0 5480s
 8673740 3899138    2.39755   51   24    2.29024    2.42599  5.93%  54.9 5487s
 8681141 3901343    2.42064   53   15    2.29024    2.42588  5.92%  54.9 5491s
 8688313 3903515     cutoff   56         2.29024    2.42578  5.92%  54.9 5496s
 8695789 3905878    2.40969   66   16    2.29024    2.42567  5.91%  54.9 5501s
 8703046 3908174    2.37331   60   22    2.29024    2.42556  5.91%  54.9 5505s
 8714039 3911529 infeasible   48         2.29024    2.42540  5.90%  54.9 5512s
 8721097 3913723    2.42432   52   24    2.29024    2.42530  5.90%  54.9 5516s
 8728530 3916074     cutoff   61         2.29024    2.42520  5.89%  54.9 5521s
 8735863 3918351     cutoff   53         2.29024    2.42510  5.89%  54.9 5525s
 8743332 3920441    2.39951   52   24    2.29024    2.42498  5.88%  54.9 5530s
 8753926 3923766    2.40144   58   17    2.29024    2.42483  5.88%  54.9 5536s
 8761149 3926079     cutoff   50         2.29024    2.42473  5.87%  54.9 5541s
 8768615 3928269    2.34063   67   17    2.29024    2.42462  5.87%  54.8 5545s
 8775926 3930393     cutoff   65         2.29024    2.42452  5.86%  54.8 5550s
 8786715 3933868    2.33046   63   17    2.29024    2.42438  5.86%  54.8 5557s
 8794110 3936231    2.41045   67   19    2.29024    2.42426  5.85%  54.8 5561s
 8801370 3938424     cutoff   59         2.29024    2.42416  5.85%  54.8 5566s
 8809098 3940604     cutoff   48         2.29024    2.42405  5.84%  54.8 5571s
 8816255 3942503     cutoff   58         2.29024    2.42394  5.84%  54.8 5575s
 8823462 3944736     cutoff   64         2.29024    2.42385  5.83%  54.8 5580s
 8830773 3946898    2.40100   53   25    2.29024    2.42373  5.83%  54.8 5585s
 8841631 3950326    2.42137   54   18    2.29024    2.42358  5.82%  54.8 5591s
 8848840 3952607     cutoff   52         2.29024    2.42348  5.82%  54.8 5596s
 8856340 3954971    2.38575   56   25    2.29024    2.42338  5.81%  54.7 5601s
 8863602 3957078    2.42091   57   20    2.29024    2.42328  5.81%  54.7 5605s
 8870891 3959356     cutoff   65         2.29024    2.42317  5.80%  54.7 5610s
 8878260 3961574     cutoff   66         2.29024    2.42307  5.80%  54.7 5615s
 8885699 3963963     cutoff   63         2.29024    2.42296  5.80%  54.7 5620s
 8892976 3966277    2.39544   62   16    2.29024    2.42286  5.79%  54.7 5625s
 8903914 3969578     cutoff   53         2.29024    2.42271  5.78%  54.7 5632s
 8911239 3971901    2.42211   67   17    2.29024    2.42261  5.78%  54.7 5636s
 8918466 3974235     cutoff   47         2.29024    2.42251  5.78%  54.7 5641s
 8925897 3976394    2.41835   61   20    2.29024    2.42240  5.77%  54.7 5646s
 8933166 3978575    2.40171   52   21    2.29024    2.42231  5.77%  54.7 5651s
 8940561 3980776     cutoff   65         2.29024    2.42220  5.76%  54.7 5656s
 8947818 3982966    2.36642   62   17    2.29024    2.42210  5.76%  54.6 5660s
 8954912 3985276    2.38067   64   16    2.29024    2.42200  5.75%  54.6 5665s
 8962311 3987413    2.39751   59   19    2.29024    2.42189  5.75%  54.6 5670s
 8969561 3989521    2.36916   52   29    2.29024    2.42179  5.74%  54.6 5675s
 8980635 3992717     cutoff   55         2.29024    2.42164  5.74%  54.6 5682s
 8987757 3994897     cutoff   62         2.29024    2.42154  5.73%  54.6 5687s
 8995162 3996980    2.29514   64   18    2.29024    2.42145  5.73%  54.6 5692s
 9002434 3999082    2.41039   57   23    2.29024    2.42135  5.72%  54.6 5696s
 9009708 4001279     cutoff   57         2.29024    2.42124  5.72%  54.6 5701s
 9016952 4003256    2.39156   65   15    2.29024    2.42113  5.72%  54.6 5706s
 9024158 4004378    2.32826   54   26    2.29024    2.42104  5.71%  54.6 5711s
 9024266 4004487     cutoff   49         2.29024    2.42103  5.71%  54.6 5715s
 9026388 4005916    2.40852   55   22    2.29024    2.42102  5.71%  54.6 5720s
 9032908 4007757    2.39942   61   23    2.29024    2.42100  5.71%  54.6 5725s
 9040280 4010196    2.40334   59   22    2.29024    2.42088  5.70%  54.5 5731s
 9048643 4012599    2.35505   56   24    2.29024    2.42070  5.70%  54.5 5736s
 9056928 4014944    2.41240   51   26    2.29024    2.42058  5.69%  54.5 5741s
 9064929 4017316     cutoff   51         2.29024    2.42048  5.69%  54.5 5746s
 9072754 4019844    2.32077   61   19    2.29024    2.42037  5.68%  54.5 5751s
 9080680 4022116    2.36388   67   18    2.29024    2.42025  5.68%  54.5 5755s
 9088296 4024417     cutoff   59         2.29024    2.42014  5.67%  54.5 5760s
 9096263 4026744     cutoff   61         2.29024    2.42003  5.67%  54.5 5765s
 9104134 4029170    2.41828   62   20    2.29024    2.41992  5.66%  54.5 5770s
 9115770 4032628     cutoff   59         2.29024    2.41977  5.66%  54.5 5776s
 9123499 4034839    2.41627   64   14    2.29024    2.41966  5.65%  54.5 5781s
 9131177 4036983    2.41954   57   15    2.29024    2.41955  5.65%  54.4 5786s
 9138943 4039279     cutoff   62         2.29024    2.41944  5.64%  54.4 5791s
 9146643 4041434     cutoff   63         2.29024    2.41934  5.64%  54.4 5795s
 9154270 4043487    2.32852   61   19    2.29024    2.41923  5.63%  54.4 5800s
 9165733 4046778    2.38400   56   22    2.29024    2.41907  5.63%  54.4 5807s
 9173283 4048890     cutoff   60         2.29024    2.41897  5.62%  54.4 5811s
 9180875 4051011     cutoff   53         2.29024    2.41886  5.62%  54.4 5816s
 9188662 4053083    2.34589   57   18    2.29024    2.41876  5.61%  54.4 5821s
 9195983 4055248    2.33659   65   21    2.29024    2.41865  5.61%  54.4 5825s
 9203834 4057474    2.39859   66   16    2.29024    2.41854  5.60%  54.4 5830s
 9211529 4059513     cutoff   62         2.29024    2.41844  5.60%  54.4 5835s
 9218962 4061734    2.41819   68   15    2.29024    2.41833  5.59%  54.4 5840s
 9230074 4064752     cutoff   49         2.29024    2.41820  5.59%  54.3 5847s
 9237639 4066662     cutoff   53         2.29024    2.41808  5.58%  54.3 5851s
 9244979 4068775     cutoff   49         2.29024    2.41797  5.58%  54.3 5856s
 9252533 4070696     cutoff   55         2.29024    2.41787  5.57%  54.3 5861s
 9260149 4072729     cutoff   59         2.29024    2.41776  5.57%  54.3 5865s
 9267303 4074935    2.39067   54   19    2.29024    2.41766  5.56%  54.3 5870s
 9278653 4078105     cutoff   58         2.29024    2.41751  5.56%  54.3 5876s
 9286074 4080245    2.40835   62   19    2.29024    2.41741  5.55%  54.3 5881s
 9293489 4082265    2.41731   58   17    2.29024    2.41731  5.55%  54.3 5885s
 9300766 4084236     cutoff   57         2.29024    2.41721  5.54%  54.3 5890s
 9311880 4087291    2.38956   55   22    2.29024    2.41706  5.54%  54.3 5897s
 9319260 4089542    2.41696   47   20    2.29024    2.41696  5.53%  54.3 5901s
 9326700 4091642    2.41388   48   33    2.29024    2.41685  5.53%  54.2 5906s
 9334232 4093785    2.41606   50   13    2.29024    2.41676  5.52%  54.2 5911s
 9341429 4095794    2.35183   71   14    2.29024    2.41665  5.52%  54.2 5916s
 9348794 4097773    2.41600   64   16    2.29024    2.41655  5.51%  54.2 5921s
 9356020 4099890     cutoff   63         2.29024    2.41646  5.51%  54.2 5925s
 9363394 4101828    2.40718   66   14    2.29024    2.41635  5.51%  54.2 5930s
 9374145 4104919    2.36161   49   19    2.29024    2.41621  5.50%  54.2 5937s
 9381523 4106964    2.39974   48   26    2.29024    2.41610  5.50%  54.2 5941s
 9388905 4108966    2.41535   64   15    2.29024    2.41601  5.49%  54.2 5946s
 9396319 4110924    2.36945   61   16    2.29024    2.41590  5.49%  54.2 5951s
 9403586 4113005     cutoff   57         2.29024    2.41581  5.48%  54.2 5955s
 9410708 4114933    2.40719   68   22    2.29024    2.41572  5.48%  54.2 5960s
 9421750 4117664     cutoff   52         2.29024    2.41557  5.47%  54.1 5967s
 9428994 4119741     cutoff   62         2.29024    2.41548  5.47%  54.1 5971s
 9435838 4121648    2.31065   58   21    2.29024    2.41539  5.46%  54.1 5975s
 9442962 4123621     cutoff   51         2.29024    2.41529  5.46%  54.1 5980s
 9453856 4126543     cutoff   57         2.29024    2.41514  5.45%  54.1 5986s
 9461170 4128465     cutoff   73         2.29024    2.41504  5.45%  54.1 5991s
 9468241 4130282    2.39138   68   14    2.29024    2.41494  5.44%  54.1 5995s
 9475538 4132371    2.40872   54   25    2.29024    2.41485  5.44%  54.1 6000s
 9486211 4135238     cutoff   60         2.29024    2.41471  5.43%  54.1 6006s
 9493627 4136999    2.39070   46   28    2.29024    2.41461  5.43%  54.1 6011s
 9500709 4138930    2.35170   58   22    2.29024    2.41451  5.43%  54.1 6015s
 9507800 4140824    2.33193   60   17    2.29024    2.41442  5.42%  54.1 6020s
 9518868 4143958    2.40348   61   20    2.29024    2.41427  5.42%  54.0 6027s
 9526038 4145849    2.30067   62   19    2.29024    2.41418  5.41%  54.0 6031s
 9533350 4147871     cutoff   47         2.29024    2.41408  5.41%  54.0 6036s
 9540713 4149638     cutoff   51         2.29024    2.41400  5.40%  54.0 6040s
 9551460 4152661     cutoff   60         2.29024    2.41382  5.40%  54.0 6047s
 9558995 4154607    2.36251   51   29    2.29024    2.41372  5.39%  54.0 6052s
 9566185 4156549     cutoff   55         2.29024    2.41362  5.39%  54.0 6056s
 9573572 4158584    2.41259   54   18    2.29024    2.41355  5.38%  54.0 6061s
 9580744 4160595    2.37268   66   17    2.29024    2.41345  5.38%  54.0 6065s
 9588166 4162502     cutoff   65         2.29024    2.41334  5.37%  54.0 6070s
 9595335 4163372     cutoff   65         2.29024    2.41324  5.37%  54.0 6075s
 9595474 4163415     cutoff   53         2.29024    2.41323  5.37%  54.0 6080s
 9595977 4163646    2.40248   60   19    2.29024    2.41323  5.37%  54.0 6086s
H9597109 4163865                       2.2902421    2.41323  5.37%  54.0 6093s
 9597413 4164288     cutoff   48         2.29024    2.41323  5.37%  54.0 6096s
 9601585 4165879    2.39290   50   26    2.29024    2.41322  5.37%  54.0 6104s
H9604741 4165879                       2.2902421    2.41322  5.37%  54.0 6105s
 9610808 4167821    2.40574   65   16    2.29024    2.41320  5.37%  54.0 6111s
 9613278 4169058     cutoff   62         2.29024    2.41314  5.37%  54.0 6115s
 9623569 4172117    2.39794   54   29    2.29024    2.41298  5.36%  53.9 6122s
 9629622 4173429    2.38112   65   18    2.29024    2.41291  5.36%  53.9 6126s
 9640760 4176099    2.40076   59   20    2.29024    2.41272  5.35%  53.9 6133s
 9645877 4177533    2.41113   56   21    2.29024    2.41263  5.34%  53.9 6136s
 9656610 4180493     cutoff   58         2.29024    2.41245  5.34%  53.9 6143s
 9662194 4181823    2.40997   58   17    2.29024    2.41235  5.33%  53.9 6146s
 9673204 4184632     cutoff   62         2.29024    2.41221  5.33%  53.9 6153s
 9678394 4186061    2.41215   71   11    2.29024    2.41215  5.32%  53.9 6156s
 9689075 4188861    2.40629   63   19    2.29024    2.41201  5.32%  53.9 6163s
 9694552 4190447    2.29826   65   14    2.29024    2.41194  5.31%  53.9 6166s
 9705520 4193472    2.31084   36   37    2.29024    2.41181  5.31%  53.9 6172s
 9710851 4194711    2.33998   59   20    2.29024    2.41173  5.30%  53.8 6175s
 9721463 4197371    2.41159   51   11    2.29024    2.41159  5.30%  53.8 6182s
 9726832 4198619     cutoff   50         2.29024    2.41152  5.30%  53.8 6185s
 9737478 4201158    2.40811   59   18    2.29024    2.41139  5.29%  53.8 6192s
 9742594 4202502    2.40856   57   20    2.29024    2.41131  5.29%  53.8 6195s
 9753500 4205518    2.40505   53   24    2.29024    2.41119  5.28%  53.8 6201s
 9764220 4208115    2.38353   56   23    2.29024    2.41104  5.27%  53.8 6208s
 9769590 4209443    2.35290   58   25    2.29024    2.41096  5.27%  53.8 6211s
 9780254 4212215    2.41041   65   18    2.29024    2.41083  5.27%  53.8 6217s
 9785426 4213593    2.38614   65   15    2.29024    2.41077  5.26%  53.8 6220s
 9795643 4216512    2.41064   65   18    2.29024    2.41064  5.26%  53.8 6227s
 9801193 4217884     cutoff   66         2.29024    2.41057  5.25%  53.8 6230s
 9811582 4220543     cutoff   52         2.29024    2.41043  5.25%  53.8 6236s
 9822014 4223091    2.36676   65   16    2.29024    2.41030  5.24%  53.7 6243s
 9827493 4224394    2.39432   56   23    2.29024    2.41021  5.24%  53.7 6246s
 9837920 4227124     cutoff   49         2.29024    2.41008  5.23%  53.7 6252s
 9843076 4228556     cutoff   39         2.29024    2.41002  5.23%  53.7 6255s
 9853458 4231024    2.40159   60   12    2.29024    2.40990  5.22%  53.7 6261s
 9858714 4232313    2.29649   54   24    2.29024    2.40982  5.22%  53.7 6265s
 9868991 4235108     cutoff   45         2.29024    2.40969  5.22%  53.7 6271s
 9879619 4237592     cutoff   55         2.29024    2.40955  5.21%  53.7 6277s
 9884700 4239048    2.39359   59   20    2.29024    2.40949  5.21%  53.7 6281s
 9895690 4241673    2.40390   53   30    2.29024    2.40935  5.20%  53.7 6287s
 9900772 4243374     cutoff   54         2.29024    2.40928  5.20%  53.7 6290s
 9911472 4246016    2.34482   61   20    2.29024    2.40915  5.19%  53.6 6297s
 9916781 4247206     cutoff   53         2.29024    2.40909  5.19%  53.6 6300s
 9926896 4249889    2.36362   69   14    2.29024    2.40897  5.18%  53.6 6306s
 9932286 4251200    2.35390   66   17    2.29024    2.40891  5.18%  53.6 6310s
 9942351 4253780    2.39628   59   18    2.29024    2.40877  5.18%  53.6 6316s
 9952541 4256360     cutoff   57         2.29024    2.40863  5.17%  53.6 6323s
 9957981 4257529     cutoff   61         2.29024    2.40856  5.17%  53.6 6326s
 9968267 4260048    2.37543   54   24    2.29024    2.40843  5.16%  53.6 6333s
 9973329 4261349    2.37932   64   17    2.29024    2.40837  5.16%  53.6 6336s
 9984012 4264004     cutoff   62         2.29024    2.40823  5.15%  53.6 6342s
 9989148 4265299    2.39037   66   16    2.29024    2.40817  5.15%  53.6 6345s
 9999542 4267779    2.31662   51   29    2.29024    2.40803  5.14%  53.6 6352s
 10004717 4268916    2.39052   57   21    2.29024    2.40797  5.14%  53.5 6355s
 10014739 4271353     cutoff   49         2.29024    2.40784  5.13%  53.5 6362s
 10019719 4272557     cutoff   67         2.29024    2.40777  5.13%  53.5 6365s
 10030067 4274846    2.38047   63   17    2.29024    2.40765  5.13%  53.5 6371s
 10039782 4277334     cutoff   50         2.29024    2.40752  5.12%  53.5 6377s
 10044978 4278483     cutoff   61         2.29024    2.40745  5.12%  53.5 6381s
 10055287 4280950     cutoff   55         2.29024    2.40731  5.11%  53.5 6387s
 10060430 4282013     cutoff   60         2.29024    2.40725  5.11%  53.5 6390s
 10070165 4284472    2.39584   58   21    2.29024    2.40712  5.10%  53.5 6397s
 10075215 4285622     cutoff   60         2.29024    2.40706  5.10%  53.5 6400s
 10085093 4288084     cutoff   54         2.29024    2.40694  5.10%  53.5 6406s
 10095550 4290490    2.33184   64   17    2.29024    2.40681  5.09%  53.5 6413s
 10100592 4291571     cutoff   54         2.29024    2.40673  5.09%  53.5 6416s
 10110750 4293736    2.37701   52   24    2.29024    2.40660  5.08%  53.4 6422s
 10115615 4295003    2.36574   66   18    2.29024    2.40653  5.08%  53.4 6426s
 10126114 4297567     cutoff   66         2.29024    2.40641  5.07%  53.4 6432s
 10130970 4298674    2.40590   72   12    2.29024    2.40635  5.07%  53.4 6436s
 10141346 4301223     cutoff   55         2.29024    2.40622  5.06%  53.4 6442s
 10146459 4302357    2.39876   50   26    2.29024    2.40614  5.06%  53.4 6445s
 10156344 4304979    2.40220   56   22    2.29024    2.40602  5.06%  53.4 6451s
 10166211 4307358     cutoff   53         2.29024    2.40590  5.05%  53.4 6457s
 10171226 4308614    2.33531   55   23    2.29024    2.40583  5.05%  53.4 6461s
 10181254 4310925    2.40241   67   15    2.29024    2.40570  5.04%  53.4 6467s
 10186281 4312024    2.36245   62   21    2.29024    2.40565  5.04%  53.4 6470s
 10195992 4314166    2.39923   52   23    2.29024    2.40552  5.03%  53.4 6476s
 10205838 4316454     cutoff   54         2.29024    2.40539  5.03%  53.3 6482s
 10210684 4317596     cutoff   62         2.29024    2.40533  5.03%  53.3 6485s
 10220996 4320106    2.32124   49   25    2.29024    2.40520  5.02%  53.3 6491s
 10226051 4321301    2.34547   64   19    2.29024    2.40514  5.02%  53.3 6495s
 10236041 4323684    2.40406   60   13    2.29024    2.40502  5.01%  53.3 6501s
 10246071 4325933    2.37283   62   16    2.29024    2.40489  5.01%  53.3 6507s
 10250742 4327145    2.39968   67   17    2.29024    2.40483  5.00%  53.3 6510s
 10260672 4329501    2.36438   60   19    2.29024    2.40470  5.00%  53.3 6516s
 10270426 4331769    2.40299   42   11    2.29024    2.40459  4.99%  53.3 6522s
 10275332 4333027    2.38700   54   20    2.29024    2.40453  4.99%  53.3 6525s
 10285167 4335224    2.38228   67   18    2.29024    2.40440  4.98%  53.3 6531s
 10294930 4337507    2.38766   43    8    2.29024    2.40428  4.98%  53.3 6537s
 10299510 4338638     cutoff   57         2.29024    2.40423  4.98%  53.3 6540s
 10309288 4340869    2.40027   60   17    2.29024    2.40410  4.97%  53.2 6546s
 10319137 4343185    2.36696   69   13    2.29024    2.40398  4.97%  53.2 6552s
 10324114 4344300     cutoff   60         2.29024    2.40392  4.96%  53.2 6555s
 10333735 4346567    2.37630   62   17    2.29024    2.40380  4.96%  53.2 6562s
 10338671 4347619    2.39678   49   30    2.29024    2.40374  4.96%  53.2 6565s
 10348437 4349947     cutoff   55         2.29024    2.40361  4.95%  53.2 6571s
 10358221 4352131    2.39550   47   24    2.29024    2.40350  4.95%  53.2 6577s
 10362868 4353204    2.39978   61   18    2.29024    2.40344  4.94%  53.2 6580s
 10372533 4355440    2.35861   62   13    2.29024    2.40333  4.94%  53.2 6586s
 10382117 4357930    2.29996   34   30    2.29024    2.40322  4.93%  53.2 6593s
 10387564 4358982    2.40316   55   20    2.29024    2.40316  4.93%  53.2 6596s
 10397207 4361392     cutoff   44         2.29024    2.40302  4.92%  53.2 6602s
 10402297 4362478    2.37258   61   17    2.29024    2.40297  4.92%  53.1 6605s
 10411917 4364676     cutoff   46         2.29024    2.40285  4.92%  53.1 6611s
 10421630 4366912    2.38486   58   22    2.29024    2.40273  4.91%  53.1 6617s
 10426290 4367885     cutoff   62         2.29024    2.40268  4.91%  53.1 6620s
 10436131 4370004    2.37178   61   24    2.29024    2.40255  4.90%  53.1 6626s
 10445802 4372218     cutoff   56         2.29024    2.40243  4.90%  53.1 6632s
 10450419 4373368     cutoff   62         2.29024    2.40238  4.90%  53.1 6636s
 10460134 4375473    2.29772   51   23    2.29024    2.40226  4.89%  53.1 6641s
 10469863 4377686    2.31319   74   12    2.29024    2.40214  4.89%  53.1 6647s
 10474913 4378685    2.40208   47   21    2.29024    2.40208  4.88%  53.1 6650s
 10484248 4380896     cutoff   56         2.29024    2.40197  4.88%  53.1 6657s
 10489246 4381829    2.35651   60   24    2.29024    2.40191  4.88%  53.1 6660s
 10498055 4383811    2.33419   56   24    2.29024    2.40180  4.87%  53.1 6666s
 10507467 4385700    2.39697   59   22    2.29024    2.40168  4.87%  53.0 6672s
 10512148 4386771     cutoff   67         2.29024    2.40163  4.86%  53.0 6675s
 10521854 4388860    2.32070   62   19    2.29024    2.40151  4.86%  53.0 6681s
 10531567 4390886    2.39140   64   17    2.29024    2.40139  4.85%  53.0 6687s
 10541010 4392961    2.39582   54   15    2.29024    2.40128  4.85%  53.0 6692s
 10545834 4393789    2.40122   53   15    2.29024    2.40122  4.85%  53.0 6695s
 10555237 4395975    2.35857   72   12    2.29024    2.40110  4.84%  53.0 6701s
 10564723 4398133    2.35484   66   19    2.29024    2.40098  4.84%  53.0 6708s
 10569462 4399173    2.39943   78    9    2.29024    2.40093  4.83%  53.0 6711s
 10578868 4401323     cutoff   57         2.29024    2.40081  4.83%  53.0 6717s
 10583645 4402351     cutoff   56         2.29024    2.40075  4.83%  53.0 6720s
 10592859 4404571     cutoff   63         2.29024    2.40065  4.82%  53.0 6725s
 10601599 4406701    2.40054   55   13    2.29024    2.40054  4.82%  52.9 6732s
 10606885 4407801    2.39532   49   28    2.29024    2.40048  4.81%  52.9 6735s
 10616812 4410007     cutoff   41         2.29024    2.40036  4.81%  52.9 6741s
 10626392 4412142    2.32843   61   16    2.29024    2.40024  4.80%  52.9 6747s
 10631112 4413183     cutoff   57         2.29024    2.40018  4.80%  52.9 6750s
 10640512 4415338    2.36328   63   15    2.29024    2.40006  4.80%  52.9 6756s
 10649440 4417259    2.38251   58   18    2.29024    2.39996  4.79%  52.9 6762s
 10654349 4418390     cutoff   60         2.29024    2.39990  4.79%  52.9 6765s
 10663540 4420492     cutoff   58         2.29024    2.39978  4.78%  52.9 6771s
 10673045 4422534    2.38564   53   25    2.29024    2.39969  4.78%  52.9 6777s
 10681832 4424400     cutoff   54         2.29024    2.39958  4.77%  52.9 6782s
 10686079 4425304    2.29718   58   24    2.29024    2.39952  4.77%  52.9 6785s
 10695475 4427321    2.38208   53   20    2.29024    2.39941  4.77%  52.9 6791s
 10704506 4429040    2.39347   51   23    2.29024    2.39931  4.76%  52.8 6796s
 10713784 4431083    2.39536   57   22    2.29024    2.39919  4.76%  52.8 6802s
 10718568 4432009    2.35337   56   16    2.29024    2.39914  4.75%  52.8 6805s
 10727222 4433916    2.34272   54   26    2.29024    2.39905  4.75%  52.8 6810s
 10736241 4435829     cutoff   67         2.29024    2.39892  4.75%  52.8 6816s
 10745714 4437733    2.39436   58   21    2.29024    2.39881  4.74%  52.8 6822s
 10754807 4439656    2.38390   63   19    2.29024    2.39873  4.74%  52.8 6827s
 10759630 4440558    2.34773   61   20    2.29024    2.39865  4.73%  52.8 6830s
 10768761 4442457    2.38436   42    6    2.29024    2.39854  4.73%  52.8 6836s
 10777956 4443377    2.39221   57   23    2.29024    2.39843  4.72%  52.8 6841s
 10778071 4443383    2.31690   62   15    2.29024    2.39842  4.72%  52.8 6846s
 10778167 4443411     cutoff   53         2.29024    2.39841  4.72%  52.8 6850s
 10778440 4443649    2.37511   57   20    2.29024    2.39841  4.72%  52.8 6856s
 10782009 4445048    2.37797   60   15    2.29024    2.39841  4.72%  52.8 6863s
 10786087 4446184    2.37847   52   29    2.29024    2.39841  4.72%  52.8 6868s
H10786203 4446184                       2.2902421    2.39841  4.72%  52.8 6868s
 10791498 4447151    2.37011   61   19    2.29024    2.39840  4.72%  52.8 6873s
 10795683 4448533     cutoff   66         2.29024    2.39835  4.72%  52.8 6878s
 10802618 4449743    2.35427   69   16    2.29024    2.39827  4.72%  52.7 6881s
 10808264 4451053    2.38921   52   21    2.29024    2.39816  4.71%  52.7 6885s
 10820755 4453906    2.35446   60   18    2.29024    2.39795  4.70%  52.7 6893s
 10826774 4454989    2.39141   64   15    2.29024    2.39786  4.70%  52.7 6896s
 10832693 4456192    2.37919   55   19    2.29024    2.39779  4.70%  52.7 6900s
 10844573 4458577    2.39660   56   21    2.29024    2.39765  4.69%  52.7 6907s
 10850531 4459878    2.37475   64   19    2.29024    2.39758  4.69%  52.7 6911s
 10862396 4462521    2.38227   72   13    2.29024    2.39744  4.68%  52.7 6918s
 10868454 4463791    2.35378   54   26    2.29024    2.39737  4.68%  52.7 6921s
 10874271 4465015     cutoff   49         2.29024    2.39730  4.67%  52.7 6925s
 10886107 4467516    2.35334   57   23    2.29024    2.39716  4.67%  52.7 6932s
 10892055 4468798    2.39300   50   18    2.29024    2.39709  4.67%  52.7 6935s
 10904293 4471413     cutoff   61         2.29024    2.39695  4.66%  52.6 6942s
 10910261 4472602    2.35333   64   20    2.29024    2.39688  4.66%  52.6 6946s
 10922068 4474976    2.33260   62   20    2.29024    2.39674  4.65%  52.6 6953s
 10927910 4476164    2.38009   63   18    2.29024    2.39669  4.65%  52.6 6956s
 10933925 4477450     cutoff   70         2.29024    2.39661  4.64%  52.6 6960s
 10945401 4479811    2.35458   69   16    2.29024    2.39647  4.64%  52.6 6967s
 10951365 4481047     cutoff   50         2.29024    2.39641  4.64%  52.6 6970s
 10963265 4483439     cutoff   67         2.29024    2.39627  4.63%  52.6 6977s
 10969119 4484707     cutoff   61         2.29024    2.39620  4.63%  52.6 6981s
 10981130 4487053     cutoff   63         2.29024    2.39605  4.62%  52.6 6988s
 10986811 4488308    2.35550   57   19    2.29024    2.39600  4.62%  52.6 6991s
 10996229 4489578     cutoff   60         2.29024    2.39593  4.61%  52.6 6995s
 11004653 4491997     cutoff   61         2.29024    2.39579  4.61%  52.5 7002s
 11010399 4493212     cutoff   68         2.29024    2.39572  4.61%  52.5 7005s
 11022392 4495582     cutoff   55         2.29024    2.39558  4.60%  52.5 7012s
 11028153 4495818     cutoff   64         2.29024    2.39551  4.60%  52.5 7015s
 11029392 4496995    2.34383   47   33    2.29024    2.39551  4.60%  52.5 7026s
H11032637 4496995                       2.2902422    2.39550  4.60%  52.5 7028s
 11035177 4498183     cutoff   48         2.29024    2.39550  4.60%  52.5 7035s
 11042064 4499653     cutoff   55         2.29024    2.39550  4.60%  52.5 7042s
 11049457 4500562     cutoff   48         2.29024    2.39548  4.60%  52.5 7046s
 11054205 4501523     cutoff   56         2.29024    2.39543  4.59%  52.5 7050s
 11060712 4503176    2.39355   55   20    2.29024    2.39529  4.59%  52.5 7060s
 11067180 4504598     cutoff   63         2.29024    2.39521  4.58%  52.5 7066s
 11078058 4506205    2.36097   57   18    2.29024    2.39512  4.58%  52.5 7075s
 11086270 4508536     cutoff   58         2.29024    2.39495  4.57%  52.5 7084s
 11094206 4509350    2.39142   59   16    2.29024    2.39492  4.57%  52.5 7087s
 11097883 4510273    2.39484   57   23    2.29024    2.39487  4.57%  52.5 7090s
 11107412 4511989     cutoff   52         2.29024    2.39479  4.57%  52.4 7096s
 11114418 4514073    2.36645   52   24    2.29024    2.39463  4.56%  52.4 7104s
 11122074 4515240    2.37720   58   17    2.29024    2.39458  4.56%  52.4 7108s
 11127664 4515965     cutoff   60         2.29024    2.39454  4.55%  52.4 7110s
 11136627 4518601     cutoff   56         2.29024    2.39436  4.55%  52.4 7119s
 11144467 4519755     cutoff   57         2.29024    2.39432  4.54%  52.4 7123s
 11150420 4520673     cutoff   67         2.29024    2.39426  4.54%  52.4 7127s
 11155766 4521706    2.38253   58   20    2.29024    2.39417  4.54%  52.4 7131s
 11167061 4524278    2.38120   58   24    2.29024    2.39402  4.53%  52.4 7139s
 11175046 4525967    2.34496   43   10    2.29024    2.39390  4.53%  52.4 7144s
 11184190 4527507     cutoff   47         2.29024    2.39374  4.52%  52.4 7150s
 11192588 4529218    2.38563   67   15    2.29024    2.39364  4.51%  52.4 7155s
 11201329 4530973    2.38513   69   16    2.29024    2.39354  4.51%  52.4 7160s
 11209518 4532459    2.37381   43   26    2.29024    2.39344  4.51%  52.3 7165s
 11217952 4534071    2.32962   64   15    2.29024    2.39335  4.50%  52.3 7170s
 11226236 4535702    2.38924   68   16    2.29024    2.39325  4.50%  52.3 7175s
 11234719 4537403     cutoff   57         2.29024    2.39315  4.49%  52.3 7180s
 11243541 4538913     cutoff   67         2.29024    2.39306  4.49%  52.3 7185s
 11251625 4540607    2.36777   64   12    2.29024    2.39298  4.49%  52.3 7190s
 11260339 4542205     cutoff   52         2.29024    2.39288  4.48%  52.3 7195s
 11268535 4543909    2.36054   58   20    2.29024    2.39278  4.48%  52.3 7200s
 11277133 4545527    2.37857   60   18    2.29024    2.39268  4.47%  52.3 7205s
 11286078 4546987     cutoff   52         2.29024    2.39258  4.47%  52.3 7210s
 11294399 4548467    2.39235   51   22    2.29024    2.39248  4.46%  52.3 7216s
 11302665 4550021     cutoff   57         2.29024    2.39239  4.46%  52.3 7221s
 11311176 4551540    2.38852   53   22    2.29024    2.39230  4.46%  52.2 7226s
 11319790 4553187    2.38012   62   18    2.29024    2.39218  4.45%  52.2 7231s
 11327980 4554876     cutoff   53         2.29024    2.39210  4.45%  52.2 7236s
 11336404 4556406    2.38861   54   18    2.29024    2.39200  4.44%  52.2 7241s
 11344997 4557878     cutoff   54         2.29024    2.39191  4.44%  52.2 7246s
 11353207 4559390    2.38313   55   21    2.29024    2.39181  4.44%  52.2 7252s
 11361643 4560971    2.39172   57   15    2.29024    2.39172  4.43%  52.2 7257s
 11369819 4562578     cutoff   49         2.29024    2.39164  4.43%  52.2 7262s
 11378498 4564174    2.35846   62   18    2.29024    2.39154  4.42%  52.2 7267s
 11386822 4565708    2.36875   67   17    2.29024    2.39146  4.42%  52.2 7272s
 11395423 4567379    2.39091   56   19    2.29024    2.39136  4.42%  52.2 7277s
 11403875 4568854    2.39092   64   16    2.29024    2.39126  4.41%  52.2 7282s
 11411982 4570390    2.38190   57   20    2.29024    2.39118  4.41%  52.2 7287s
 11420540 4571900     cutoff   50         2.29024    2.39108  4.40%  52.1 7292s
 11428761 4573459    2.33546   61   15    2.29024    2.39099  4.40%  52.1 7297s
 11437389 4574808     cutoff   38         2.29024    2.39089  4.39%  52.1 7302s
 11445593 4576174    2.37894   38   41    2.29024    2.39080  4.39%  52.1 7307s
 11453675 4577755    2.37445   58   20    2.29024    2.39072  4.39%  52.1 7312s
 11462344 4579104    2.38241   68   15    2.29024    2.39061  4.38%  52.1 7317s
 11470664 4580659    2.32002   64   17    2.29024    2.39052  4.38%  52.1 7322s
 11479267 4582023     cutoff   50         2.29024    2.39043  4.37%  52.1 7327s
 11487210 4583601     cutoff   59         2.29024    2.39036  4.37%  52.1 7332s
 11496036 4585183    2.37144   65   17    2.29024    2.39026  4.37%  52.1 7337s
 11504465 4586817    2.39017   48   15    2.29024    2.39017  4.36%  52.1 7342s
 11512941 4588217    2.38158   65   20    2.29024    2.39007  4.36%  52.1 7347s
 11521052 4589772    2.37807   61   19    2.29024    2.38997  4.35%  52.1 7352s
 11529465 4591066    2.37988   62   15    2.29024    2.38989  4.35%  52.0 7357s
 11537890 4592449     cutoff   51         2.29024    2.38979  4.35%  52.0 7362s
 11545982 4594039     cutoff   65         2.29024    2.38970  4.34%  52.0 7367s
 11554519 4595504     cutoff   57         2.29024    2.38961  4.34%  52.0 7372s
 11562709 4596958     cutoff   54         2.29024    2.38952  4.33%  52.0 7377s
 11571019 4598508     cutoff   57         2.29024    2.38943  4.33%  52.0 7382s
 11579133 4599924     cutoff   58         2.29024    2.38934  4.33%  52.0 7388s
 11587555 4601380     cutoff   62         2.29024    2.38925  4.32%  52.0 7393s
 11596099 4602838     cutoff   65         2.29024    2.38915  4.32%  52.0 7398s
 11604221 4604338     cutoff   52         2.29024    2.38906  4.31%  52.0 7403s
 11613026 4605724    2.38861   62   15    2.29024    2.38896  4.31%  52.0 7408s
 11621110 4607264    2.35402   53   26    2.29024    2.38887  4.31%  52.0 7413s
 11629658 4608659     cutoff   53         2.29024    2.38879  4.30%  51.9 7419s
 11637892 4610074     cutoff   47         2.29024    2.38870  4.30%  51.9 7424s
 11646091 4611565    2.36876   59   22    2.29024    2.38862  4.30%  51.9 7429s
 11654307 4612861 infeasible   62         2.29024    2.38851  4.29%  51.9 7434s
 11663151 4614379     cutoff   73         2.29024    2.38842  4.29%  51.9 7439s
 11671410 4615982    2.37753   63   20    2.29024    2.38834  4.28%  51.9 7444s
 11672734 4615982     cutoff   57         2.29024    2.38833  4.28%  51.9 7445s
 11679847 4617278    2.37961   54   20    2.29024    2.38824  4.28%  51.9 7450s
 11688033 4618749     cutoff   63         2.29024    2.38815  4.27%  51.9 7455s
 11696379 4620215    2.38798   69   16    2.29024    2.38806  4.27%  51.9 7460s
 11712792 4623340    2.38674   53   20    2.29024    2.38789  4.26%  51.9 7470s
 11720989 4624571    2.30750   64   19    2.29024    2.38779  4.26%  51.9 7475s
 11729035 4625768     cutoff   76         2.29024    2.38770  4.26%  51.9 7480s
 11737137 4626995    2.37477   54   26    2.29024    2.38762  4.25%  51.8 7485s
 11745728 4628203    2.34847   62   17    2.29024    2.38752  4.25%  51.8 7490s
 11753823 4629456    2.38461   60   17    2.29024    2.38743  4.24%  51.8 7496s
 11761992 4630920    2.38640   51   26    2.29024    2.38734  4.24%  51.8 7501s
 11770568 4632179     cutoff   57         2.29024    2.38725  4.24%  51.8 7506s
 11778357 4633525     cutoff   49         2.29024    2.38715  4.23%  51.8 7511s
 11786364 4634997     cutoff   65         2.29024    2.38707  4.23%  51.8 7516s
 11794860 4636407    2.38699   60   16    2.29024    2.38699  4.22%  51.8 7521s
 11803196 4637760     cutoff   52         2.29024    2.38690  4.22%  51.8 7526s
 11811436 4639036     cutoff   70         2.29024    2.38681  4.22%  51.8 7531s
 11819371 4640388    2.36995   61   17    2.29024    2.38672  4.21%  51.8 7536s
 11827356 4641991    2.37688   56   24    2.29024    2.38663  4.21%  51.8 7541s
 11835961 4643360     cutoff   68         2.29024    2.38655  4.20%  51.8 7546s
 11843900 4644678    2.35633   54   17    2.29024    2.38646  4.20%  51.7 7551s
 11851645 4646011    2.36625   65   17    2.29024    2.38638  4.20%  51.7 7556s
 11859551 4647531    2.32172   64   16    2.29024    2.38630  4.19%  51.7 7561s
 11868143 4648824    2.31108   61   18    2.29024    2.38620  4.19%  51.7 7566s
 11875804 4650158    2.35247   63   17    2.29024    2.38612  4.19%  51.7 7571s
 11884038 4651384    2.37037   56   24    2.29024    2.38603  4.18%  51.7 7576s
 11891904 4652636     cutoff   56         2.29024    2.38595  4.18%  51.7 7581s
 11900136 4653904    2.32840   52   22    2.29024    2.38586  4.18%  51.7 7586s
 11908184 4655365     cutoff   53         2.29024    2.38578  4.17%  51.7 7591s
 11916540 4656676    2.34085   61   23    2.29024    2.38568  4.17%  51.7 7596s
 11924669 4657922    2.38065   65   14    2.29024    2.38559  4.16%  51.7 7601s
 11932802 4659157    2.36861   58   22    2.29024    2.38551  4.16%  51.7 7606s
 11941232 4660176    2.38510   57   28    2.29024    2.38543  4.16%  51.7 7610s
 11949376 4661487    2.38533   52    6    2.29024    2.38533  4.15%  51.6 7615s
 11957301 4662769    2.38348   42   32    2.29024    2.38526  4.15%  51.6 7620s
 11965728 4663940    2.37139   72   11    2.29024    2.38515  4.14%  51.6 7625s
 11973502 4665195     cutoff   47         2.29024    2.38507  4.14%  51.6 7630s
 11989578 4667689    2.37137   66   20    2.29024    2.38490  4.13%  51.6 7639s
 11997658 4669012    2.37272   63   15    2.29024    2.38481  4.13%  51.6 7644s
 12006049 4670136    2.34069   65   18    2.29024    2.38473  4.13%  51.6 7648s
 12014076 4671346    2.37623   57   18    2.29024    2.38465  4.12%  51.6 7653s
 12022071 4672502    2.35548   66   14    2.29024    2.38456  4.12%  51.6 7658s
 12030280 4673653    2.37150   46   31    2.29024    2.38447  4.11%  51.6 7662s
 12038286 4674913    2.37442   59   24    2.29024    2.38439  4.11%  51.6 7667s
 12046340 4676072    2.38291   63   16    2.29024    2.38431  4.11%  51.6 7671s
 12054385 4677363    2.37561   41   23    2.29024    2.38422  4.10%  51.5 7676s
 12062513 4678544     cutoff   69         2.29024    2.38416  4.10%  51.5 7681s
 12070305 4679789    2.37695   67   18    2.29024    2.38405  4.10%  51.5 7686s
 12078851 4681076     cutoff   55         2.29024    2.38396  4.09%  51.5 7690s
 12086833 4682463     cutoff   52         2.29024    2.38387  4.09%  51.5 7695s
 12095102 4683725    2.34192   63   19    2.29024    2.38379  4.08%  51.5 7700s
 12111013 4686175    2.36284   57   24    2.29024    2.38362  4.08%  51.5 7709s
 12118790 4687418     cutoff   51         2.29024    2.38354  4.07%  51.5 7713s
 12127149 4687428     cutoff   60         2.29024    2.38345  4.07%  51.5 7718s
 12127199 4687433    2.38342   63   14    2.29024    2.38344  4.07%  51.5 7721s
 12127252 4687460     cutoff   53         2.29024    2.38344  4.07%  51.5 7725s
 12127396 4687749     cutoff   36         2.29024    2.38344  4.07%  51.5 7730s
 12129269 4688428     cutoff   50         2.29024    2.38343  4.07%  51.5 7736s
 12133423 4689989    2.37690   60   19    2.29024    2.38343  4.07%  51.5 7743s
 12142729 4691231     cutoff   44         2.29024    2.38343  4.07%  51.5 7749s
 12150752 4691662    2.34811   57   26    2.29024    2.38341  4.07%  51.5 7751s
 12154044 4692345    2.34308   37   46    2.29024    2.38331  4.06%  51.5 7755s
 12159502 4693908     cutoff   53         2.29024    2.38318  4.06%  51.5 7761s
 12169588 4695309    2.38087   65   16    2.29024    2.38308  4.05%  51.4 7768s
 12179944 4696743    2.30235   61   22    2.29024    2.38290  4.05%  51.4 7774s
 12189669 4697991     cutoff   57         2.29024    2.38279  4.04%  51.4 7779s
 12196274 4697991     cutoff   59         2.29024    2.38279  4.04%  51.4 7780s
 12199001 4699375     cutoff   66         2.29024    2.38270  4.04%  51.4 7786s
 12208718 4700713    2.29502   56   20    2.29024    2.38260  4.03%  51.4 7792s
 12218480 4702062    2.37551   67   11    2.29024    2.38250  4.03%  51.4 7798s
 12228247 4703496    2.37686   70   15    2.29024    2.38238  4.02%  51.4 7804s
 12237963 4704760     cutoff   65         2.29024    2.38229  4.02%  51.4 7810s
 12247338 4706186    2.33221   60   16    2.29024    2.38218  4.01%  51.4 7816s
 12257318 4707379    2.35711   44   32    2.29024    2.38209  4.01%  51.4 7822s
 12266610 4708677    2.37094   65   17    2.29024    2.38198  4.01%  51.4 7828s
 12276243 4709916    2.35872   62   21    2.29024    2.38188  4.00%  51.3 7834s
 12285163 4709916    2.38188   46   14    2.29024    2.38188  4.00%  51.3 7835s
 12285777 4711316     cutoff   55         2.29024    2.38178  4.00%  51.3 7841s
 12295951 4712701    2.32739   60   22    2.29024    2.38168  3.99%  51.3 7847s
 12305573 4714005    2.36690   60   20    2.29024    2.38157  3.99%  51.3 7853s
 12315138 4715230     cutoff   58         2.29024    2.38148  3.98%  51.3 7859s
 12325241 4716373     cutoff   52         2.29024    2.38137  3.98%  51.3 7865s
 12334725 4717673    2.36165   51   25    2.29024    2.38128  3.97%  51.3 7871s
 12344504 4718819 infeasible   59         2.29024    2.38118  3.97%  51.3 7877s
 12353937 4719947     cutoff   51         2.29024    2.38108  3.97%  51.3 7882s
 12363688 4721393     cutoff   64         2.29024    2.38098  3.96%  51.3 7888s
 12373346 4722811    2.37313   59   21    2.29024    2.38088  3.96%  51.3 7894s
 12383336 4723855     cutoff   59         2.29024    2.38078  3.95%  51.2 7899s
 12387440 4723855     cutoff   53         2.29024    2.38077  3.95%  51.2 7900s
 12392714 4725125    2.32221   54   26    2.29024    2.38067  3.95%  51.2 7905s
 12402207 4726436    2.36984   59   16    2.29024    2.38059  3.94%  51.2 7911s
 12412275 4727552    2.36786   48   23    2.29024    2.38047  3.94%  51.2 7917s
 12421648 4728875    2.36713   52   25    2.29024    2.38037  3.94%  51.2 7923s
 12431400 4730401     cutoff   56         2.29024    2.38028  3.93%  51.2 7928s
 12441177 4731582    2.37718   53   24    2.29024    2.38018  3.93%  51.2 7934s
 12450766 4732904    2.37956   66   20    2.29024    2.38009  3.92%  51.2 7940s
 12460568 4734095     cutoff   54         2.29024    2.37999  3.92%  51.2 7945s
 12470341 4735171     cutoff   43         2.29024    2.37990  3.91%  51.2 7951s
 12479692 4736531     cutoff   48         2.29024    2.37980  3.91%  51.2 7957s
 12489338 4737913    2.32630   44   33    2.29024    2.37971  3.91%  51.1 7962s
 12499198 4739023    2.37928   58   19    2.29024    2.37961  3.90%  51.1 7968s
 12508359 4740119     cutoff   56         2.29024    2.37950  3.90%  51.1 7974s
 12517955 4741468     cutoff   60         2.29024    2.37942  3.89%  51.1 7980s
 12528178 4742413     cutoff   59         2.29024    2.37932  3.89%  51.1 7985s
 12537210 4743720    2.37804   49   17    2.29024    2.37921  3.88%  51.1 7991s
 12546387 4745029    2.34764   57   23    2.29024    2.37912  3.88%  51.1 7996s
 12556112 4745965    2.32965   63   19    2.29024    2.37902  3.88%  51.1 8002s
 12565832 4747047    2.33754   64   18    2.29024    2.37892  3.87%  51.1 8007s
 12575283 4748223     cutoff   59         2.29024    2.37884  3.87%  51.1 8012s
 12585223 4749280     cutoff   62         2.29024    2.37872  3.86%  51.1 8018s
 12594874 4750410     cutoff   40         2.29024    2.37862  3.86%  51.0 8023s
 12604155 4751679     cutoff   60         2.29024    2.37854  3.86%  51.0 8029s
 12614012 4752782     cutoff   57         2.29024    2.37843  3.85%  51.0 8035s
 12623321 4754176    2.35348   66   13    2.29024    2.37833  3.85%  51.0 8041s
 12633242 4755482     cutoff   68         2.29024    2.37825  3.84%  51.0 8046s
 12642670 4756619    2.37808   55   23    2.29024    2.37814  3.84%  51.0 8052s
 12651817 4757667 infeasible   52         2.29024    2.37806  3.83%  51.0 8057s
 12661436 4758760    2.33286   62   16    2.29024    2.37795  3.83%  51.0 8063s
 12670849 4759972    2.32709   64   18    2.29024    2.37786  3.83%  51.0 8069s
 12680727 4761222    2.36622   58   19    2.29024    2.37776  3.82%  51.0 8074s
 12690112 4762408    2.34903   56   23    2.29024    2.37767  3.82%  51.0 8080s
 12699871 4763372     cutoff   50         2.29024    2.37756  3.81%  50.9 8086s
 12709437 4764454    2.33451   57   22    2.29024    2.37747  3.81%  50.9 8091s
 12719042 4765343    2.35506   62   14    2.29024    2.37737  3.80%  50.9 8097s
 12728657 4766172    2.31301   61   17    2.29024    2.37728  3.80%  50.9 8103s
 12737950 4767082    2.37675   45    9    2.29024    2.37718  3.80%  50.9 8108s
 12747909 4768113    2.36951   60   18    2.29024    2.37708  3.79%  50.9 8114s
 12756847 4769385    2.37698   55   14    2.29024    2.37698  3.79%  50.9 8119s
 12766244 4770435    2.35552   64   17    2.29024    2.37689  3.78%  50.9 8125s
 12775979 4771509    2.36646   59   24    2.29024    2.37679  3.78%  50.9 8131s
 12785697 4772376     cutoff   61         2.29024    2.37670  3.77%  50.9 8136s
 12794970 4773356    2.35931   57   22    2.29024    2.37662  3.77%  50.9 8141s
 12804223 4774243     cutoff   47         2.29024    2.37652  3.77%  50.9 8147s
 12813821 4775376     cutoff   60         2.29024    2.37641  3.76%  50.8 8153s
 12823921 4776415     cutoff   55         2.29024    2.37632  3.76%  50.8 8158s
 12832896 4777334    2.37581   62   18    2.29024    2.37623  3.75%  50.8 8163s
 12841991 4778383    2.36787   51   23    2.29024    2.37615  3.75%  50.8 8169s
 12851703 4779463    2.37318   64   16    2.29024    2.37605  3.75%  50.8 8174s
 12858430 4779463     cutoff   63         2.29024    2.37604  3.75%  50.8 8175s
 12861438 4780607     cutoff   55         2.29024    2.37595  3.74%  50.8 8180s
 12870560 4781544    2.36760   66   17    2.29024    2.37587  3.74%  50.8 8186s
 12879758 4782575    2.37579   51   16    2.29024    2.37579  3.74%  50.8 8191s
 12889448 4783620    2.37360   52   27    2.29024    2.37569  3.73%  50.8 8197s
 12899007 4784575    2.36663   45   18    2.29024    2.37559  3.73%  50.8 8203s
 12908647 4785694    2.34573   54   21    2.29024    2.37549  3.72%  50.8 8208s
 12917813 4786712    2.31921   46   29    2.29024    2.37542  3.72%  50.7 8214s
 12927084 4787738     cutoff   55         2.29024    2.37533  3.72%  50.7 8220s
 12937011 4788537     cutoff   56         2.29024    2.37522  3.71%  50.7 8225s
 12945994 4789488     cutoff   40         2.29024    2.37513  3.71%  50.7 8231s
 12955040 4790387     cutoff   61         2.29024    2.37505  3.70%  50.7 8237s
 12964654 4791194     cutoff   64         2.29024    2.37495  3.70%  50.7 8243s
 12974317 4792057     cutoff   57         2.29024    2.37485  3.69%  50.7 8249s
 12983534 4793198    2.37435   48   11    2.29024    2.37477  3.69%  50.7 8254s
 12993078 4794249     cutoff   48         2.29024    2.37468  3.69%  50.7 8260s
 13002135 4795113     cutoff   46         2.29024    2.37459  3.68%  50.7 8266s
 13011735 4796073     cutoff   62         2.29024    2.37450  3.68%  50.7 8272s
 13021045 4796971     cutoff   65         2.29024    2.37441  3.68%  50.7 8277s
 13030452 4797832    2.34576   52   21    2.29024    2.37431  3.67%  50.6 8283s
 13039802 4798664    2.36433   55   23    2.29024    2.37422  3.67%  50.6 8289s
 13049148 4799764    2.36038   53   21    2.29024    2.37414  3.66%  50.6 8295s
 13059099 4800583    2.37088   57   22    2.29024    2.37403  3.66%  50.6 8300s
 13068255 4801485     cutoff   61         2.29024    2.37395  3.65%  50.6 8306s
 13077751 4802183    2.36325   60   20    2.29024    2.37386  3.65%  50.6 8312s
 13087394 4802936    2.36344   62   19    2.29024    2.37377  3.65%  50.6 8317s
 13096538 4803984    2.36301   62   14    2.29024    2.37368  3.64%  50.6 8323s
 13105698 4804854    2.37151   47   29    2.29024    2.37359  3.64%  50.6 8329s
 13115251 4805520     cutoff   48         2.29024    2.37350  3.64%  50.6 8335s
 13124785 4806464     cutoff   61         2.29024    2.37342  3.63%  50.6 8341s
 13134440 4807434     cutoff   66         2.29024    2.37332  3.63%  50.5 8347s
 13143747 4808319    2.35454   61   24    2.29024    2.37323  3.62%  50.5 8352s
 13152814 4809149     cutoff   61         2.29024    2.37314  3.62%  50.5 8358s
 13162641 4810146    2.37304   44   10    2.29024    2.37304  3.62%  50.5 8364s
 13171409 4811144     cutoff   55         2.29024    2.37296  3.61%  50.5 8370s
 13180744 4811969    2.37149   64   17    2.29024    2.37289  3.61%  50.5 8375s
 13190113 4812746    2.33662   40   38    2.29024    2.37279  3.60%  50.5 8381s
 13199321 4813512     cutoff   62         2.29024    2.37269  3.60%  50.5 8387s
 13209290 4814344     cutoff   52         2.29024    2.37260  3.60%  50.5 8393s
 13218339 4815048     cutoff   62         2.29024    2.37252  3.59%  50.5 8399s
 13227843 4815701    2.30078   67   17    2.29024    2.37242  3.59%  50.5 8405s
 13237323 4816477    2.36197   58   16    2.29024    2.37235  3.59%  50.5 8411s
 13246426 4817098     cutoff   53         2.29024    2.37224  3.58%  50.4 8417s
 13255667 4817780    2.37215   57   10    2.29024    2.37215  3.58%  50.4 8423s
 13265145 4818519    2.36396   51   24    2.29024    2.37206  3.57%  50.4 8429s
 13274673 4819206     cutoff   69         2.29024    2.37197  3.57%  50.4 8434s
 13283678 4819965    2.35188   68   11    2.29024    2.37189  3.57%  50.4 8440s
 13293174 4820665     cutoff   54         2.29024    2.37179  3.56%  50.4 8446s
 13302463 4821408     cutoff   39         2.29024    2.37170  3.56%  50.4 8452s
 13311897 4822054     cutoff   56         2.29024    2.37163  3.55%  50.4 8457s
 13321214 4822607     cutoff   61         2.29024    2.37153  3.55%  50.4 8463s
 13330435 4823159     cutoff   63         2.29024    2.37145  3.55%  50.4 8469s
 13339569 4823847     cutoff   66         2.29024    2.37135  3.54%  50.4 8475s
 13349219 4824477     cutoff   47         2.29024    2.37126  3.54%  50.4 8481s
 13358032 4825022     cutoff   59         2.29024    2.37118  3.53%  50.3 8486s
 13367401 4825451    2.34988   66   13    2.29024    2.37108  3.53%  50.3 8492s
 13376145 4826119    2.33799   64   20    2.29024    2.37100  3.53%  50.3 8498s
 13385732 4826831    2.35139   46   29    2.29024    2.37091  3.52%  50.3 8504s
 13394927 4827574    2.36503   58   18    2.29024    2.37082  3.52%  50.3 8510s
 13404060 4828216     cutoff   72         2.29024    2.37074  3.51%  50.3 8515s
 13412916 4828880     cutoff   50         2.29024    2.37065  3.51%  50.3 8521s
 13422207 4829506    2.36963   54   18    2.29024    2.37056  3.51%  50.3 8527s
 13431884 4830163     cutoff   54         2.29024    2.37047  3.50%  50.3 8533s
 13441024 4830693     cutoff   56         2.29024    2.37039  3.50%  50.3 8538s
 13450051 4831352    2.36475   65   21    2.29024    2.37030  3.50%  50.3 8544s
 13457184 4831352    2.36900   58   20    2.29024    2.37030  3.50%  50.3 8545s
 13459156 4832033     cutoff   59         2.29024    2.37022  3.49%  50.3 8550s
 13468516 4832573    2.36859   55   21    2.29024    2.37012  3.49%  50.2 8556s
 13477999 4833374    2.37001   64   17    2.29024    2.37003  3.48%  50.2 8562s
 13487143 4834193     cutoff   57         2.29024    2.36996  3.48%  50.2 8568s
 13496237 4834757    2.34843   49   26    2.29024    2.36987  3.48%  50.2 8574s
 13505672 4835494    2.36362   49   24    2.29024    2.36977  3.47%  50.2 8580s
 13515006 4836081    2.35565   57   14    2.29024    2.36969  3.47%  50.2 8585s
 13524435 4836731    2.32737   66   19    2.29024    2.36960  3.47%  50.2 8591s
 13533556 4837281    2.35118   51   24    2.29024    2.36952  3.46%  50.2 8597s
 13542854 4837831    2.31532   60   22    2.29024    2.36943  3.46%  50.2 8602s
 13552017 4838419     cutoff   61         2.29024    2.36934  3.45%  50.2 8608s
 13561239 4839207    2.33809   62   22    2.29024    2.36926  3.45%  50.2 8614s
 13570862 4839813    2.33267   50   22    2.29024    2.36917  3.45%  50.2 8619s
 13579484 4840260    2.36883   64   21    2.29024    2.36909  3.44%  50.2 8624s
 13588878 4840841    2.32658   66   17    2.29024    2.36901  3.44%  50.1 8630s
 13597995 4841337     cutoff   58         2.29024    2.36892  3.44%  50.1 8635s
 13607490 4841842     cutoff   61         2.29024    2.36883  3.43%  50.1 8640s
 13616504 4842316     cutoff   59         2.29024    2.36874  3.43%  50.1 8646s
 13625521 4842898     cutoff   44         2.29024    2.36866  3.42%  50.1 8651s
 13634623 4843556     cutoff   69         2.29024    2.36859  3.42%  50.1 8657s
 13644012 4844032    2.31247   52   25    2.29024    2.36849  3.42%  50.1 8662s
 13652764 4844445    2.34817   58   22    2.29024    2.36841  3.41%  50.1 8668s
 13662199 4845002     cutoff   63         2.29024    2.36832  3.41%  50.1 8673s
 13671232 4845419    2.36013   54   20    2.29024    2.36824  3.41%  50.1 8679s
 13681072 4845968    2.30565   61   17    2.29024    2.36816  3.40%  50.1 8684s
 13690285 4846427    2.31721   57   19    2.29024    2.36807  3.40%  50.1 8690s
 13699946 4846972    2.36798   48   24    2.29024    2.36798  3.39%  50.0 8696s
 13710227 4847499    2.33588   59   19    2.29024    2.36788  3.39%  50.0 8702s
 13720721 4847893     cutoff   66         2.29024    2.36779  3.39%  50.0 8708s
 13730481 4848306    2.31885   49   25    2.29024    2.36771  3.38%  50.0 8714s
 13740102 4848588    2.36213   57   18    2.29024    2.36761  3.38%  50.0 8720s
 13750543 4848901    2.32801   58   18    2.29024    2.36751  3.37%  50.0 8725s
 13760024 4849472    2.36541   58   22    2.29024    2.36742  3.37%  50.0 8731s
 13769946 4849939     cutoff   60         2.29024    2.36733  3.37%  50.0 8737s
 13780587 4850334     cutoff   47         2.29024    2.36723  3.36%  50.0 8743s
 13790223 4850698    2.31606   59   21    2.29024    2.36714  3.36%  50.0 8748s
 13799912 4851166     cutoff   58         2.29024    2.36705  3.35%  50.0 8754s
 13810414 4851550    2.33987   63   17    2.29024    2.36696  3.35%  49.9 8760s
 13819975 4852012     cutoff   65         2.29024    2.36687  3.35%  49.9 8766s
 13829945 4852637     cutoff   62         2.29024    2.36678  3.34%  49.9 8772s
 13840407 4852984    2.34736   60   22    2.29024    2.36670  3.34%  49.9 8777s
 13849957 4853324    2.36527   64   16    2.29024    2.36660  3.33%  49.9 8782s
 13859934 4853731     cutoff   65         2.29024    2.36651  3.33%  49.9 8788s
 13870265 4854042    2.33928   53   23    2.29024    2.36641  3.33%  49.9 8794s
 13880005 4854540    2.32859   60   26    2.29024    2.36632  3.32%  49.9 8799s
 13889679 4855011    2.35992   68   16    2.29024    2.36624  3.32%  49.9 8805s
 13900139 4855476    2.36615   59   18    2.29024    2.36615  3.31%  49.9 8811s
 13909556 4855802    2.36540   61   17    2.29024    2.36605  3.31%  49.9 8817s
 13919161 4856079    2.35310   64   15    2.29024    2.36596  3.31%  49.8 8823s
 13929582 4856622    2.34673   60   17    2.29024    2.36587  3.30%  49.8 8828s
 13939342 4857041     cutoff   40         2.29024    2.36578  3.30%  49.8 8834s
 13949265 4857537     cutoff   50         2.29024    2.36570  3.29%  49.8 8839s
 13959579 4857697     cutoff   69         2.29024    2.36560  3.29%  49.8 8845s
 13969390 4857996     cutoff   45         2.29024    2.36550  3.29%  49.8 8851s
 13979286 4858383     cutoff   70         2.29024    2.36542  3.28%  49.8 8857s
 13989598 4858777    2.32330   59   19    2.29024    2.36534  3.28%  49.8 8862s
 13999153 4858931    2.33223   56   26    2.29024    2.36524  3.27%  49.8 8868s
 14008842 4859382     cutoff   59         2.29024    2.36515  3.27%  49.8 8874s
 14019010 4859998     cutoff   64         2.29024    2.36506  3.27%  49.8 8880s
 14029055 4860261    2.36478   69   13    2.29024    2.36498  3.26%  49.8 8885s
 14038828 4860707     cutoff   55         2.29024    2.36489  3.26%  49.7 8891s
 14048680 4860996    2.29319   59   21    2.29024    2.36480  3.26%  49.7 8897s
 14059057 4861243     cutoff   70         2.29024    2.36470  3.25%  49.7 8902s
 14068648 4861620    2.32249   48   25    2.29024    2.36462  3.25%  49.7 8908s
 14078391 4861676     cutoff   31         2.29024    2.36453  3.24%  49.7 8914s
 14088943 4861962    2.36332   64   21    2.29024    2.36443  3.24%  49.7 8919s
 14098385 4862227    2.33580   51   28    2.29024    2.36435  3.24%  49.7 8925s
 14107952 4862531    2.35642   68   15    2.29024    2.36427  3.23%  49.7 8930s
 14118086 4862774    2.34414   71   12    2.29024    2.36419  3.23%  49.7 8936s
 14128379 4862916    2.33722   59   15    2.29024    2.36409  3.22%  49.7 8942s
 14137811 4863077 infeasible   68         2.29024    2.36400  3.22%  49.7 8947s
 14147872 4863334     cutoff   61         2.29024    2.36391  3.22%  49.6 8953s
 14157813 4863571     cutoff   66         2.29024    2.36382  3.21%  49.6 8959s
 14167920 4863790    2.32541   58   24    2.29024    2.36373  3.21%  49.6 8964s
 14177642 4863784     cutoff   58         2.29024    2.36364  3.20%  49.6 8970s
 14188073 4863956     cutoff   57         2.29024    2.36355  3.20%  49.6 8976s
 14198575 4864049    2.35653   67   15    2.29024    2.36346  3.20%  49.6 8982s
 14209488 4864286     cutoff   55         2.29024    2.36336  3.19%  49.6 8988s
 14220083 4864267     cutoff   70         2.29024    2.36327  3.19%  49.6 8995s
 14230939 4864416    2.29159   62   13    2.29024    2.36318  3.18%  49.6 9001s
 14242281 4864535    2.36286   64   16    2.29024    2.36307  3.18%  49.6 9007s
 14253853 4864852    2.34748   59   18    2.29024    2.36296  3.18%  49.5 9015s
 14265851 4865212    2.33257   61   22    2.29024    2.36286  3.17%  49.5 9022s
 14278442 4865379    2.32547   61   12    2.29024    2.36275  3.17%  49.5 9028s
 14289954 4865452     cutoff   66         2.29024    2.36265  3.16%  49.5 9035s
 14301678 4865669     cutoff   63         2.29024    2.36254  3.16%  49.5 9042s
 14314291 4865904     cutoff   55         2.29024    2.36242  3.15%  49.5 9049s
 14325859 4866012     cutoff   50         2.29024    2.36233  3.15%  49.5 9056s
 14337380 4866245    2.30058   54   24    2.29024    2.36222  3.14%  49.5 9063s
 14349606 4866546     cutoff   58         2.29024    2.36211  3.14%  49.5 9070s
 14361828 4866875     cutoff   50         2.29024    2.36201  3.13%  49.5 9077s
 14373731 4866744     cutoff   55         2.29024    2.36191  3.13%  49.4 9084s
 14385873 4867009     cutoff   53         2.29024    2.36180  3.12%  49.4 9091s
 14397700 4867024     cutoff   47         2.29024    2.36170  3.12%  49.4 9097s
 14409751 4867082     cutoff   51         2.29024    2.36159  3.12%  49.4 9104s
 14422238 4867020     cutoff   54         2.29024    2.36148  3.11%  49.4 9111s
 14433850 4866862     cutoff   52         2.29024    2.36139  3.11%  49.4 9118s
 14445346 4866681     cutoff   56         2.29024    2.36128  3.10%  49.4 9124s
 14457249 4866575    2.35500   56   19    2.29024    2.36118  3.10%  49.4 9131s
 14468778 4866587     cutoff   61         2.29024    2.36108  3.09%  49.4 9137s
 14480451 4866576     cutoff   70         2.29024    2.36098  3.09%  49.3 9144s
 14492981 4866357     cutoff   69         2.29024    2.36087  3.08%  49.3 9151s
 14504442 4866268     cutoff   58         2.29024    2.36076  3.08%  49.3 9158s
 14516084 4866407     cutoff   52         2.29024    2.36065  3.07%  49.3 9164s
 14527629 4866455    2.33980   63   17    2.29024    2.36056  3.07%  49.3 9171s
 14539155 4866483     cutoff   63         2.29024    2.36046  3.07%  49.3 9178s
 14552134 4866545     cutoff   56         2.29024    2.36035  3.06%  49.3 9184s
 14562997 4866443     cutoff   57         2.29024    2.36027  3.06%  49.3 9191s
 14574371 4866512     cutoff   64         2.29024    2.36016  3.05%  49.3 9198s
 14586578 4866502    2.34717   64   20    2.29024    2.36006  3.05%  49.3 9203s
 14586639 4866501    2.34513   59   22    2.29024    2.36005  3.05%  49.3 9208s
 14586692 4866498     cutoff   61         2.29024    2.36004  3.05%  49.3 9213s
 14587385 4866657    2.32363   54   23    2.29024    2.36004  3.05%  49.3 9221s
 14591982 4866494     cutoff   64         2.29024    2.36004  3.05%  49.2 9229s
 14600281 4866513    2.34552   63   19    2.29024    2.36004  3.05%  49.2 9238s
 14613706 4866437    2.35967   68   12    2.29024    2.36003  3.05%  49.2 9241s
 14621916 4866314    2.34049   54   16    2.29024    2.35986  3.04%  49.2 9251s
 14632438 4866256     cutoff   60         2.29024    2.35976  3.04%  49.2 9258s
 14643542 4866087    2.30428   65   16    2.29024    2.35971  3.03%  49.2 9262s
 14650269 4866119    2.29764   54   22    2.29024    2.35962  3.03%  49.2 9268s
 14659565 4866082    2.32451   65   19    2.29024    2.35950  3.02%  49.2 9276s
 14673101 4866019    2.31585   58   22    2.29024    2.35945  3.02%  49.2 9280s
 14679264 4866043 infeasible   63         2.29024    2.35925  3.01%  49.2 9289s
 14693896 4865810    2.34683   55   23    2.29024    2.35913  3.01%  49.2 9298s
 14708550 4865633     cutoff   59         2.29024    2.35902  3.00%  49.1 9307s
 14722788 4865713    2.32892   59   23    2.29024    2.35888  3.00%  49.1 9316s
 14737466 4865627     cutoff   61         2.29024    2.35875  2.99%  49.1 9325s
 14751442 4865072    2.34107   67   16    2.29024    2.35864  2.99%  49.1 9334s
 14765480 4864774     cutoff   81         2.29024    2.35851  2.98%  49.1 9342s
 14779972 4864515    2.30490   57   20    2.29024    2.35838  2.98%  49.1 9351s
 14793843 4864292     cutoff   52         2.29024    2.35827  2.97%  49.1 9360s
 14807978 4863975    2.32174   72   11    2.29024    2.35815  2.97%  49.1 9369s
 14823328 4863794     cutoff   56         2.29024    2.35802  2.96%  49.0 9377s
 14836830 4863439     cutoff   67         2.29024    2.35791  2.95%  49.0 9386s
 14850652 4863211    2.33201   62   18    2.29024    2.35778  2.95%  49.0 9395s
 14864565 4862717    2.32156   62   17    2.29024    2.35767  2.94%  49.0 9404s
 14878909 4862235    2.35628   57   18    2.29024    2.35757  2.94%  49.0 9412s
 14892901 4861697    2.33407   53   25    2.29024    2.35744  2.93%  49.0 9422s
 14906847 4861515    2.32258   48   25    2.29024    2.35732  2.93%  49.0 9430s
 14920747 4861019     cutoff   58         2.29024    2.35720  2.92%  49.0 9439s
 14935208 4860685    2.34667   63   14    2.29024    2.35707  2.92%  48.9 9448s
 14949342 4860553     cutoff   67         2.29024    2.35695  2.91%  48.9 9456s
 14963022 4860230    2.34171   60   17    2.29024    2.35685  2.91%  48.9 9465s
 14977252 4859854    2.31638   61   20    2.29024    2.35672  2.90%  48.9 9474s
 14991621 4859208     cutoff   55         2.29024    2.35661  2.90%  48.9 9483s
 15006018 4858620     cutoff   64         2.29024    2.35648  2.89%  48.9 9492s
 15021186 4858259     cutoff   57         2.29024    2.35635  2.89%  48.9 9501s
 15034906 4857891    2.34310   64   16    2.29024    2.35625  2.88%  48.9 9509s
 15048468 4857516     cutoff   52         2.29024    2.35613  2.88%  48.8 9518s
 15062475 4857107    2.34085   61   18    2.29024    2.35602  2.87%  48.8 9526s
 15077170 4856740     cutoff   64         2.29024    2.35589  2.87%  48.8 9535s
 15090763 4856229    2.31026   52   25    2.29024    2.35578  2.86%  48.8 9544s
 15105322 4855657     cutoff   64         2.29024    2.35565  2.86%  48.8 9553s
 15119847 4855173     cutoff   57         2.29024    2.35553  2.85%  48.8 9561s
 15133930 4854565    2.34029   61   16    2.29024    2.35541  2.85%  48.8 9570s
 15148774 4853778    2.33780   67   16    2.29024    2.35528  2.84%  48.8 9578s
 15162522 4853083    2.35512   61   18    2.29024    2.35518  2.84%  48.7 9586s
 15177146 4852450     cutoff   58         2.29024    2.35505  2.83%  48.7 9594s
 15190845 4851522     cutoff   56         2.29024    2.35493  2.82%  48.7 9603s
 15205576 4850679     cutoff   67         2.29024    2.35481  2.82%  48.7 9611s
 15219763 4849862    2.33443   52   24    2.29024    2.35470  2.81%  48.7 9619s
 15233457 4849205    2.35458   65   17    2.29024    2.35458  2.81%  48.7 9628s
 15247334 4848457     cutoff   62         2.29024    2.35446  2.80%  48.7 9637s
 15261461 4847682    2.34379   64   19    2.29024    2.35434  2.80%  48.7 9645s
 15275701 4847146    2.35142   62   15    2.29024    2.35423  2.79%  48.6 9653s
 15289619 4846447     cutoff   50         2.29024    2.35413  2.79%  48.6 9662s
 15303253 4845580    2.29864   48   29    2.29024    2.35402  2.78%  48.6 9670s
 15317338 4844857     cutoff   56         2.29024    2.35389  2.78%  48.6 9678s
 15331113 4843796     cutoff   59         2.29024    2.35378  2.77%  48.6 9686s
 15345324 4843250     cutoff   64         2.29024    2.35367  2.77%  48.6 9694s
 15358978 4842361    2.33375   51   26    2.29024    2.35355  2.76%  48.6 9702s
 15372869 4841597    2.30519   60   17    2.29024    2.35344  2.76%  48.6 9710s
 15386964 4840833     cutoff   65         2.29024    2.35332  2.75%  48.5 9718s
 15400663 4839921    2.34666   61   16    2.29024    2.35321  2.75%  48.5 9726s
 15415029 4838998    2.34023   52   22    2.29024    2.35309  2.74%  48.5 9734s
 15428494 4838214     cutoff   60         2.29024    2.35299  2.74%  48.5 9743s
 15443424 4837156     cutoff   64         2.29024    2.35286  2.73%  48.5 9752s
 15457512 4836122     cutoff   44         2.29024    2.35274  2.73%  48.5 9760s
 15470916 4835029    2.32915   56   21    2.29024    2.35263  2.72%  48.5 9769s
 15484517 4833668    2.31554   60   25    2.29024    2.35252  2.72%  48.5 9777s
 15498575 4832429     cutoff   61         2.29024    2.35240  2.71%  48.4 9786s
 15512330 4831308     cutoff   63         2.29024    2.35228  2.71%  48.4 9794s
 15527049 4830158    2.33720   62   20    2.29024    2.35217  2.70%  48.4 9803s
 15540587 4829344    2.35051   61   14    2.29024    2.35207  2.70%  48.4 9811s
 15554243 4828054     cutoff   71         2.29024    2.35195  2.69%  48.4 9820s
 15568119 4826761     cutoff   62         2.29024    2.35183  2.69%  48.4 9828s
 15581920 4825769     cutoff   51         2.29024    2.35173  2.68%  48.4 9837s
 15595837 4824573    2.30617   69   14    2.29024    2.35161  2.68%  48.4 9845s
 15609655 4823683     cutoff   57         2.29024    2.35150  2.67%  48.3 9854s
 15623260 4822625     cutoff   70         2.29024    2.35139  2.67%  48.3 9862s
 15637233 4821601    2.32611   57   18    2.29024    2.35128  2.67%  48.3 9870s
 15651081 4820424    2.33740   65   16    2.29024    2.35117  2.66%  48.3 9878s
 15664934 4819227    2.34986   59   14    2.29024    2.35106  2.66%  48.3 9886s
 15679145 4818022    2.32458   49   24    2.29024    2.35094  2.65%  48.3 9894s
 15692521 4816838     cutoff   65         2.29024    2.35083  2.65%  48.3 9903s
 15706699 4815711     cutoff   57         2.29024    2.35071  2.64%  48.3 9911s
 15720858 4814504    2.34668   59   17    2.29024    2.35060  2.64%  48.3 9920s
 15735590 4813148     cutoff   61         2.29024    2.35049  2.63%  48.2 9929s
 15750649 4811401     cutoff   53         2.29024    2.35037  2.63%  48.2 9938s
 15766462 4810012    2.34540   58   20    2.29024    2.35024  2.62%  48.2 9948s
 15782728 4808523     cutoff   63         2.29024    2.35011  2.61%  48.2 9958s
 15799387 4807091 infeasible   59         2.29024    2.34999  2.61%  48.2 9969s
 15815982 4805316    2.34880   68   16    2.29024    2.34986  2.60%  48.2 9978s
 15833190 4803862     cutoff   60         2.29024    2.34971  2.60%  48.2 9988s
 15849733 4802109     cutoff   57         2.29024    2.34959  2.59%  48.1 9999s
 15866334 4800338    2.34608   54   21    2.29024    2.34945  2.59%  48.1 10009s
 15882822 4798761    2.34699   58   20    2.29024    2.34932  2.58%  48.1 10019s
 15899383 4797056     cutoff   61         2.29024    2.34919  2.57%  48.1 10029s
 15916462 4795423     cutoff   68         2.29024    2.34905  2.57%  48.1 10039s
 15931486 4795423    2.34371   68   14    2.29024    2.34905  2.57%  48.1 10040s
 15933042 4793557     cutoff   70         2.29024    2.34894  2.56%  48.1 10049s
 15949603 4791874    2.34671   66   15    2.29024    2.34879  2.56%  48.0 10060s
 15966885 4790053    2.33793   61   18    2.29024    2.34866  2.55%  48.0 10070s
 15985526 4788368     cutoff   62         2.29024    2.34851  2.54%  48.0 10081s
 16003428 4786712     cutoff   65         2.29024    2.34837  2.54%  48.0 10093s
 16020924 4784931     cutoff   66         2.29024    2.34823  2.53%  48.0 10104s
 16039276 4783093    2.34097   61   21    2.29024    2.34810  2.53%  48.0 10115s
 16057177 4781251     cutoff   68         2.29024    2.34795  2.52%  48.0 10126s
 16075774 4779170     cutoff   66         2.29024    2.34780  2.51%  47.9 10138s
 16093070 4777234     cutoff   61         2.29024    2.34767  2.51%  47.9 10149s
 16110505 4775325     cutoff   55         2.29024    2.34753  2.50%  47.9 10160s
 16129120 4773118     cutoff   63         2.29024    2.34738  2.49%  47.9 10172s
 16146710 4770974    2.34683   64   20    2.29024    2.34725  2.49%  47.9 10183s
 16164686 4769009     cutoff   63         2.29024    2.34711  2.48%  47.9 10195s
 16182602 4766891    2.34610   55   18    2.29024    2.34697  2.48%  47.8 10206s
 16200746 4764940     cutoff   41         2.29024    2.34683  2.47%  47.8 10218s
 16218820 4762969     cutoff   58         2.29024    2.34669  2.46%  47.8 10230s
 16236582 4760748     cutoff   64         2.29024    2.34655  2.46%  47.8 10241s
 16254243 4758608     cutoff   65         2.29024    2.34642  2.45%  47.8 10253s
 16272267 4756237    2.34521   48   17    2.29024    2.34628  2.45%  47.8 10264s
 16290480 4753906     cutoff   67         2.29024    2.34613  2.44%  47.7 10275s
 16307742 4751370     cutoff   64         2.29024    2.34600  2.43%  47.7 10287s
 16326015 4749082     cutoff   48         2.29024    2.34586  2.43%  47.7 10298s
 16343540 4746804    2.34020   55   22    2.29024    2.34573  2.42%  47.7 10309s
 16361530 4744680    2.31029   70   13    2.29024    2.34559  2.42%  47.7 10320s
 16379354 4742409     cutoff   57         2.29024    2.34546  2.41%  47.7 10331s
 16397598 4739923    2.33014   65   18    2.29024    2.34532  2.41%  47.7 10342s
 16415509 4737515    2.32586   64   20    2.29024    2.34518  2.40%  47.6 10354s
 16432884 4734837     cutoff   68         2.29024    2.34505  2.39%  47.6 10365s
 16451207 4732200    2.32193   63   15    2.29024    2.34491  2.39%  47.6 10376s
 16468827 4729792    2.31250   61   22    2.29024    2.34477  2.38%  47.6 10387s
 16486467 4727452    2.34230   59   20    2.29024    2.34463  2.37%  47.6 10399s
 16504468 4725058     cutoff   54         2.29024    2.34450  2.37%  47.6 10409s
 16507829 4725058     cutoff   69         2.29024    2.34450  2.37%  47.6 10410s
 16522196 4722301     cutoff   60         2.29024    2.34437  2.36%  47.5 10421s
 16540737 4719760    2.31384   67   14    2.29024    2.34424  2.36%  47.5 10431s
 16558389 4716974     cutoff   64         2.29024    2.34410  2.35%  47.5 10442s
 16576213 4714429    2.33652   71   16    2.29024    2.34396  2.35%  47.5 10453s
 16594314 4711651     cutoff   52         2.29024    2.34383  2.34%  47.5 10463s
 16612122 4708947     cutoff   50         2.29024    2.34369  2.33%  47.5 10474s
 16629766 4706105    2.33195   60   21    2.29024    2.34357  2.33%  47.5 10485s
 16648570 4703601     cutoff   62         2.29024    2.34342  2.32%  47.4 10495s
 16665959 4700874    2.30432   60   18    2.29024    2.34329  2.32%  47.4 10506s
 16683756 4698005     cutoff   65         2.29024    2.34316  2.31%  47.4 10517s
 16701396 4695015     cutoff   64         2.29024    2.34302  2.30%  47.4 10527s
 16720022 4692338     cutoff   49         2.29024    2.34289  2.30%  47.4 10538s
 16737250 4689510     cutoff   58         2.29024    2.34277  2.29%  47.4 10548s
 16754941 4686342    2.34100   54   24    2.29024    2.34262  2.29%  47.3 10559s
 16773349 4683557    2.31971   58   18    2.29024    2.34249  2.28%  47.3 10570s
 16791335 4680777     cutoff   53         2.29024    2.34236  2.28%  47.3 10580s
 16808818 4677761    2.34124   60   12    2.29024    2.34222  2.27%  47.3 10591s
 16826610 4674651    2.32920   57   18    2.29024    2.34209  2.26%  47.3 10601s
 16844538 4671710    2.29922   64   14    2.29024    2.34195  2.26%  47.3 10612s
 16862650 4668447     cutoff   61         2.29024    2.34182  2.25%  47.2 10623s
 16880999 4665178     cutoff   57         2.29024    2.34168  2.25%  47.2 10633s
 16898509 4662054     cutoff   64         2.29024    2.34156  2.24%  47.2 10644s
 16915805 4658869    2.31325   64   17    2.29024    2.34143  2.23%  47.2 10655s
 16933943 4655787     cutoff   54         2.29024    2.34129  2.23%  47.2 10665s
 16951701 4652512    2.31805   60   18    2.29024    2.34115  2.22%  47.2 10676s
 16970106 4649653    2.33582   66   17    2.29024    2.34102  2.22%  47.2 10686s
 16987774 4646647    2.34006   59   18    2.29024    2.34089  2.21%  47.1 10697s
 17005584 4643392     cutoff   57         2.29024    2.34078  2.21%  47.1 10707s
 17023381 4640249     cutoff   58         2.29024    2.34064  2.20%  47.1 10718s
 17041844 4637065     cutoff   66         2.29024    2.34049  2.19%  47.1 10728s
 17059209 4633751    2.32008   61   18    2.29024    2.34037  2.19%  47.1 10738s
 17076921 4630501    2.33691   54   17    2.29024    2.34024  2.18%  47.1 10749s
 17094323 4626923    2.31654   62   19    2.29024    2.34011  2.18%  47.0 10760s
 17112807 4623580     cutoff   60         2.29024    2.33998  2.17%  47.0 10770s
 17130567 4619938     cutoff   67         2.29024    2.33984  2.17%  47.0 10781s
 17148143 4616582     cutoff   58         2.29024    2.33972  2.16%  47.0 10791s
 17165933 4613664     cutoff   51         2.29024    2.33959  2.15%  47.0 10800s

Cutting planes:
  Gomory: 4
  Projected implied bound: 27
  MIR: 512
  Mixing: 3
  Flow cover: 552
  Relax-and-lift: 586

Explored 17181172 nodes (807011877 simplex iterations) in 10800.22 seconds (15468.89 work units)
Thread count was 32 (of 255 available processors)

Solution count 10: 2.29024 2.29024 2.29024 ... 2.28972

Time limit reached
Best objective 2.290242247424e+00, best bound 2.339484209610e+00, gap 2.1501%

User-callback calls 34635771, time in user-callback 8.14 sec
source: 0 target: 2 model_arch: 3x50 perturbation type: patch perturbation size: [1.0, 14.0, 14.0, 3.0] dataset: fmnist
Attack:   0%|          | 0/500 [00:00<?, ?it/s]Attack:   0%|          | 1/500 [00:00<00:50,  9.87it/s]Attack:   6%|▌         | 29/500 [00:00<00:02, 166.11it/s]Attack:  11%|█▏        | 57/500 [00:00<00:02, 216.93it/s]Attack:  18%|█▊        | 90/500 [00:00<00:01, 259.96it/s]Attack:  25%|██▍       | 124/500 [00:00<00:01, 286.53it/s]Attack:  31%|███       | 153/500 [00:00<00:01, 285.16it/s]Attack:  36%|███▋      | 182/500 [00:00<00:01, 282.40it/s]Attack:  42%|████▏     | 211/500 [00:00<00:01, 279.24it/s]Attack:  48%|████▊     | 239/500 [00:00<00:00, 278.67it/s]Attack:  53%|█████▎    | 267/500 [00:01<00:00, 275.15it/s]Attack:  59%|█████▉    | 295/500 [00:01<00:00, 275.68it/s]Attack:  65%|██████▍   | 323/500 [00:01<00:00, 276.24it/s]Attack:  70%|███████   | 352/500 [00:01<00:00, 277.86it/s]Attack:  76%|███████▌  | 381/500 [00:01<00:00, 279.85it/s]Attack:  82%|████████▏ | 411/500 [00:01<00:00, 284.90it/s]Attack:  88%|████████▊ | 440/500 [00:01<00:00, 285.62it/s]Attack:  94%|█████████▍| 471/500 [00:01<00:00, 291.33it/s]Attack: 100%|█████████▉| 499/500 [00:01<00:00, 272.42it/s]
best_val 0.552458643913269
Set parameter WLSAccessID
Set parameter WLSSecret
Set parameter LicenseID to value 2478548
Academic license 2478548 - for non-commercial use only - registered to ne___@campus.technion.ac.il
Encoding the two copies...
apply_sibgate_constraints!: emitted 24 coupling lines (both-thin), 0 conditional triangles on org (org-dropped), 0 conditional triangles on pert (pert-dropped).
Encoding dependencies (activation_start=1, layers_offset=2)...
apply_n1_var_hints!: mode=VH_PREV_PGD, Start-consensus on 122 of 122 N2 binaries (pgd-silent-filled=74, pgd-agreed-nop=41, pgd-disagreed-withdrew=7, flipped=1, no-N1-match=0, Tech2-eliminated-but-survived=0)
2.2902422474237825  2.3394842096102657  10800.24969792366
Clean sample classification: 1
Perturbed sample classification: 1

══ Advanced-standard: loading N1 state from /root/Downloads/for_dana/vaghar_org/paper_experiments_rerun/fashion-mnist/3x50_exp/patch/eps_1,14,14,3/n1_state_3x50_model_seed42_itr19 (c_tag=1, c_target=3) ══
load_n1_state: loaded from /root/Downloads/for_dana/vaghar_org/paper_experiments_rerun/fashion-mnist/3x50_exp/patch/eps_1,14,14,3/n1_state_3x50_model_seed42_itr19 (c_tag=1, c_target=3, 1910 vars, 170 neurons)

══ Advanced-standard PASS 2: solving N2 with N1 info (c_tag=1, c_target=3) ══
set_n1_neuron_bounds: loaded 170 neuron bounds from N1
compute_n2_pert_relaxation_bounds: populated 2 ReLU layers
compute_n2_relax_decision!: τ=0.5, both=24 org-only=0 pert-only=0 none=61 (plus 15 stable neurons)
[notice | Main.MIPVerify]: Determining upper and lower bounds for the input to each non-linear unit.
Set parameter WLSAccessID
Set parameter WLSSecret
Set parameter LicenseID to value 2478548
Academic license 2478548 - for non-commercial use only - registered to ne___@campus.technion.ac.il
Set parameter TimeLimit to value 5
Set parameter TimeLimit to value 5
Set parameter WLSAccessID
Set parameter WLSSecret
Set parameter LicenseID to value 2478548
Academic license 2478548 - for non-commercial use only - registered to ne___@campus.technion.ac.il
Set parameter MIPFocus to value 3
Set parameter Cutoff to value 0.552458643913269
Set parameter Threads to value 32
Set parameter TimeLimit to value 10800
Set parameter MIPGap to value 0.01
Set parameter Seed to value 4
Set parameter Seed to value 4
Set parameter MIPGap to value 0.01
Set parameter MIPFocus to value 3
Set parameter Cutoff to value 0.552458643913269
Set parameter Threads to value 32
Set parameter TimeLimit to value 10800
Warning for adding constraints: zero or small (< 1e-13) coefficients, ignored
Gurobi Optimizer version 13.0.0 build v13.0.0rc1 (linux64 - "Ubuntu 20.04.2 LTS")

CPU model: AMD EPYC 7713 64-Core Processor, instruction set [SSE2|AVX|AVX2]
Thread count: 127 physical cores, 255 logical processors, using up to 32 threads

Non-default parameters:
Cutoff  0.552458643913269
TimeLimit  10800
MIPGap  0.01
MIPFocus  3
Seed  4
Threads  32

Academic license 2478548 - for non-commercial use only - registered to ne___@campus.technion.ac.il
Optimize a model with 1671 rows, 1919 columns and 194511 nonzeros (Max)
Model fingerprint: 0xe1491470
Model has 1 linear objective coefficients
Variable types: 1797 continuous, 122 integer (122 binary)
Coefficient statistics:
  Matrix range     [1e-13, 3e+01]
  Objective range  [1e+00, 1e+00]
  Bounds range     [1e-07, 3e+01]
  RHS range        [1e-11, 2e+01]

User MIP start produced solution with objective 0.835171 (0.65s)
User MIP start produced solution with objective 0.835173 (0.65s)
User MIP start produced solution with objective 0.835173 (0.65s)
Loaded user MIP start with objective 0.835173

Presolve removed 1075 rows and 836 columns
Presolve time: 0.15s
Presolved: 596 rows, 1083 columns, 125824 nonzeros
Found heuristic solution: objective 0.8351734
Variable types: 961 continuous, 122 integer (122 binary)
Root relaxation presolve removed 0 rows and 1 columns
Root relaxation presolved: 596 rows, 1082 columns, 125823 nonzeros


Extra simplex iterations after uncrush: 1

Root relaxation: objective 5.871068e+00, 650 iterations, 0.10 seconds (0.11 work units)

    Nodes    |    Current Node    |     Objective Bounds      |     Work
 Expl Unexpl |  Obj  Depth IntInf | Incumbent    BestBd   Gap | It/Node Time

     0     0    5.87107    0   76    0.83517    5.87107   603%     -    1s
     0     0    5.31391    0   90    0.83517    5.31391   536%     -    1s
     0     0    5.31391    0   90    0.83517    5.31391   536%     -    1s
     0     0    4.98789    0   91    0.83517    4.98789   497%     -    1s
     0     0    4.73350    0   93    0.83517    4.73350   467%     -    2s
     0     0    4.73350    0   93    0.83517    4.73350   467%     -    2s
     0     0    4.53516    0  104    0.83517    4.53516   443%     -    2s
     0     0    4.41918    0  103    0.83517    4.41918   429%     -    3s
     0     0    4.41918    0  103    0.83517    4.41918   429%     -    3s
     0     0    4.35569    0  103    0.83517    4.35569   422%     -    4s
     0     0    4.35569    0  103    0.83517    4.35569   422%     -    4s
     0     2    4.35569    0  103    0.83517    4.35569   422%     -    4s
     3     8    4.35569    2   86    0.83517    4.35569   422%   401    5s
H  156   160                       0.8351734    3.98211   377%   484    8s
   448   484    3.41854    7   70    0.83517    3.71061   344%   376   10s
H  473   484                       0.8351735    3.68082   341%   376   10s
  1466  1545    3.13580   13   71    0.83517    3.32387   298%   319   15s
H 2119  2127                       0.8351735    3.21551   285%   308   18s
  2474  2538    3.11116   10   64    0.83517    3.18091   281%   301   20s
H 2530  2538                       0.8410567    3.17547   278%   299   20s
H 2981  2892                       0.8410610    3.14086   273%   292   25s
H 2981  2892                       0.8410611    3.14086   273%   292   35s
  2989  2898    2.63879   16   88    0.84106    3.14086   273%   291   40s
  2992  2900    2.62932   12   98    0.84106    3.14086   273%   291   45s
  3001  2915    3.14086   16   88    0.84106    3.14086   273%   292   50s
H 3030  2807                       0.8410613    3.14086   273%   293   51s
H 3048  2663                       0.8410620    3.14086   273%   294   51s
H 3132  2617                       0.8410620    3.14086   273%   300   53s
H 3197  2513                       0.8410620    3.14086   273%   303   54s
  3214  2548    3.14086   22   70    0.84106    3.14086   273%   304   55s
H 3403  2547                       0.8410627    3.14086   273%   317   58s
  3484  2642    3.11906   23   77    0.84106    3.14086   273%   321   60s
  3756  2776    3.11023   21   69    0.84106    3.14086   273%   333   65s
  3898  2859    2.91326   23   65    0.84106    3.12949   272%   339   70s
H 3907  2744                       0.8423428    3.12542   271%   339   70s
  5090  3482    2.84832   23   72    0.84234    2.99187   255%   347   76s
  5222  3562    2.62999   24   71    0.84234    2.94790   250%   351   80s
H 5277  3469                       0.8423428    2.93152   248%   352   81s
H 5385  3448                       0.8423429    2.89379   244%   355   84s
  5406  3494    2.76620   24   63    0.84234    2.89227   243%   354   85s
H 5628  3602                       0.8463191    2.86207   238%   355   89s
  5749  3891    2.29664   22   69    0.84632    2.85654   238%   355   90s
  7501  5070    2.64539   25   63    0.84632    2.75574   226%   348   95s
H 7953  5053                       0.8463191    2.73260   223%   347   96s
  8717  5849    2.58059   25   68    0.84632    2.69981   219%   346  101s
H 9079  6143                       0.8463191    2.67972   217%   345  102s
  9702  6869    2.48212   26   63    0.84632    2.64454   212%   344  105s
H10027  6869                       0.8463192    2.63020   211%   343  105s
 11385  8751    2.46019   29   62    0.84632    2.57831   205%   340  111s
 13195 10550    2.28236   29   57    0.84632    2.51614   197%   336  115s
 15228 12695    1.84394   27   63    0.84632    2.44005   188%   331  121s
 17694 15282    2.17547   27   60    0.84632    2.39117   183%   326  126s
 19460 17072    2.20860   28   60    0.84632    2.35582   178%   324  130s
 21410 19072    2.19826   28   60    0.84632    2.33032   175%   321  135s
 23571 20176    2.19084   31   59    0.84632    2.30482   172%   317  141s
H23591 20176                       0.8463194    2.30149   172%   317  141s
 23671 20313    2.17690   30   59    0.84632    2.29878   172%   318  147s
H23673 20313                       0.8474561    2.29877   171%   318  147s
H23678 20310                       0.8545407    2.29841   169%   318  147s
 23746 21388    2.08040   28   62    0.85454    2.29674   169%   318  150s
 26089 23795    2.03249   27   65    0.85454    2.27007   166%   315  155s
 28604 26311    2.08247   26   63    0.85454    2.24309   162%   313  160s
 31677 29286    1.85007   28   60    0.85454    2.21535   159%   310  166s
 33953 31663    2.03066   27   62    0.85454    2.19508   157%   309  171s
 36803 34562    2.04183   29   63    0.85454    2.17386   154%   307  177s
 39891 37628    2.02310   30   63    0.85454    2.15136   152%   304  182s
 41466 39217    1.85799   31   54    0.85454    2.14030   150%   304  185s
 44914 42727    1.95897   23   65    0.85454    2.11891   148%   302  192s
 46701 44559    1.95203   28   66    0.85454    2.10918   147%   301  196s
 50524 48333    1.89704   28   63    0.85454    2.08749   144%   299  203s
 52513 50358    1.96255   29   62    0.85454    2.07728   143%   299  207s
 54623 52561    1.98545   32   55    0.85454    2.06711   142%   298  211s
 56911 52593    1.95545   30   62    0.85454    2.05752   141%   297  218s
H56914 52593                       0.8545410    2.05705   141%   297  218s
H56942 52569                       0.8673767    2.05506   137%   297  218s
 56943 54839    1.95750   31   58    0.86738    2.05505   137%   297  222s
 59275 54871    1.91679   31   54    0.86738    2.04573   136%   296  231s
H59276 54871                       0.8673767    2.04573   136%   296  231s
 59307 60958    1.62632   23   57    0.86738    2.04353   136%   296  324s
H60048 60958                       0.8673767    2.04348   136%   296  324s
H62619 60958                       0.8673767    2.04293   136%   296  324s
 65614 66436    1.93967   26   70    0.86738    2.01790   133%   295  338s
 71841 71941    1.93285   30   56    0.86738    1.99622   130%   296  351s
H72639 71941                       0.8673767    1.99619   130%   296  351s
H74028 71941                       0.8673767    1.99612   130%   297  351s
H77448 71941                       0.8673767    1.99601   130%   298  351s
 78236 76402    1.92926   32   59    0.86738    1.97948   128%   298  362s
 83480 80290    1.86046   29   57    0.86738    1.96191   126%   299  372s
H84468 80290                       0.8673767    1.96165   126%   299  372s
 88102 83732    0.95163   27   56    0.86738    1.94980   125%   300  381s
 92163 87648    1.67389   34   55    0.86738    1.93951   124%   300  390s
 96817 90573    1.79557   31   56    0.86738    1.92749   122%   301  397s
 100337 93547    1.77678   32   59    0.86738    1.91921   121%   301  404s
 103864 96419    1.67403   34   55    0.86738    1.91142   120%   301  411s
 107313 99285    1.78888   32   56    0.86738    1.90453   120%   301  418s
 110792 102068    1.86713   33   56    0.86738    1.89650   119%   301  424s
 114166 104774    1.76394   31   59    0.86738    1.88959   118%   301  431s
 117435 107576    1.76269   31   55    0.86738    1.88256   117%   301  437s
 120869 110379    1.78442   30   61    0.86738    1.87612   116%   301  444s
 124267 114143    1.73389   30   60    0.86738    1.86939   116%   301  453s
 128796 116805    1.63244   32   55    0.86738    1.86164   115%   301  459s
 132080 119606    1.74685   31   58    0.86738    1.85530   114%   302  466s
 135517 122311    1.75800   37   49    0.86738    1.84949   113%   302  472s
 138863 125156    1.78402   26   66    0.86738    1.84384   113%   301  479s
 142308 127880    1.74675   28   59    0.86738    1.83843   112%   301  485s
 145712 130626    1.53562   27   59    0.86738    1.83294   111%   301  492s
 149111 133329    1.68323   33   54    0.86738    1.82730   111%   301  499s
 152466 135585    1.74861   33   54    0.86738    1.82215   110%   301  505s
 155219 138858    1.70441   37   51    0.86738    1.81738   110%   301  514s
 159291 141548    1.74692   34   50    0.86738    1.81197   109%   301  520s
 162605 144496    1.66730   31   57    0.86738    1.80679   108%   301  527s
 166263 147144    1.49218   34   54    0.86738    1.80233   108%   301  534s
 169603 149908    1.54856   31   57    0.86738    1.79832   107%   301  541s
 173097 152637    1.67866   35   56    0.86738    1.79369   107%   301  548s
 176590 155361    1.71482   34   53    0.86738    1.78879   106%   301  554s
 180063 158155    1.73226   31   63    0.86738    1.78456   106%   301  561s
 183568 160934    1.58496   34   56    0.86738    1.78039   105%   301  567s
 186978 164209    1.68680   23   60    0.86738    1.77641   105%   301  576s
 191090 165954    1.70791   32   57    0.86738    1.77092   104%   301  585s
 193271 167997    1.44577   29   54    0.86738    1.77042   104%   301  595s
H193634 167997                       0.8673770    1.77035   104%   301  595s
 195789 170521    1.56929   33   55    0.86738    1.76997   104%   301  604s
 198808 173286    1.67201   28   56    0.86738    1.76904   104%   301  613s
 202196 176400    1.28002   31   54    0.86738    1.76628   104%   300  622s
 205996 179546    1.55529   28   55    0.86738    1.76263   103%   300  630s
 209813 182758    1.63773   26   60    0.86738    1.75636   102%   300  638s
 213739 186108    0.89781   30   58    0.86738    1.75053   102%   300  646s
 217799 189655    1.62671   35   53    0.86738    1.74015   101%   299  654s
 222106 192432    1.35185   36   52    0.86738    1.73579   100%   299  660s
 225432 195193    1.64800   35   50    0.86738    1.73153   100%   299  667s
 228683 198077    1.49824   34   54    0.86738    1.72821  99.2%   298  673s
 232157 201118    1.72232   35   52    0.86738    1.72446  98.8%   298  680s
 235715 204010    1.69092   34   57    0.86738    1.72041  98.3%   297  686s
 239070 207059    1.64889   33   54    0.86738    1.71662  97.9%   297  693s
 242544 210042     cutoff   28         0.86738    1.71310  97.5%   297  699s
 246014 213078     cutoff   31         0.86738    1.70926  97.1%   296  706s
 249543 216826    1.61682   37   34    0.86738    1.70565  96.6%   296  714s
 253858 219760    1.60835   34   53    0.86738    1.70096  96.1%   295  720s
 257231 222612     cutoff   31         0.86738    1.69758  95.7%   295  726s
 260516 225573    1.62442   33   56    0.86738    1.69446  95.4%   294  733s
 263828 228669    1.52513   31   55    0.86738    1.69092  94.9%   294  739s
 267346 231601    1.61198   37   49    0.86738    1.68769  94.6%   293  745s
 270740 234644    1.36980   33   59    0.86738    1.68455  94.2%   293  751s
 274182 237662    1.63206   35   52    0.86738    1.68151  93.9%   293  758s
 277632 240340    1.60370   33   58    0.86738    1.67823  93.5%   292  764s
 280757 244101    1.54637   34   41    0.86738    1.67525  93.1%   292  771s
 285002 247171    0.96495   31   51    0.86738    1.67140  92.7%   291  778s
 288438 250156    1.58574   35   51    0.86738    1.66820  92.3%   291  784s
 291826 253215    1.38454   33   52    0.86738    1.66556  92.0%   290  790s
 295283 256252    1.53934   35   52    0.86738    1.66257  91.7%   290  796s
 298689 259173    1.57508   34   57    0.86738    1.65987  91.4%   290  802s
 302012 262145    1.39396   33   52    0.86738    1.65694  91.0%   289  808s
 305380 265233    1.55460   33   52    0.86738    1.65424  90.7%   289  814s
 308868 268193    1.57328   34   56    0.86738    1.65150  90.4%   288  820s
 312283 271847    1.59068   36   51    0.86738    1.64875  90.1%   288  828s
 316409 274870    1.55073   33   52    0.86738    1.64511  89.7%   287  834s
 319821 277830    1.60692   34   53    0.86738    1.64240  89.4%   287  840s
 323196 280871    1.56640   33   53    0.86738    1.63968  89.0%   287  846s
 326623 283716    1.61961   34   55    0.86738    1.63701  88.7%   286  852s
 329817 286696    1.49000   37   52    0.86738    1.63465  88.5%   286  859s
 333228 289789    1.52855   33   57    0.86738    1.63204  88.2%   286  865s
 336737 292778    1.34524   34   41    0.86738    1.62957  87.9%   285  871s
 340116 295716    1.51965   33   55    0.86738    1.62704  87.6%   285  877s
 343562 299285    1.55070   36   48    0.86738    1.62450  87.3%   285  885s
 347612 302248 infeasible   32         0.86738    1.62164  87.0%   284  891s
 350955 305347    1.55026   36   51    0.86738    1.61914  86.7%   284  897s
 354530 308302    1.54357   36   48    0.86738    1.61671  86.4%   283  903s
 357942 311359    1.56644   34   44    0.86738    1.61447  86.1%   283  909s
 361454 314144    1.47616   32   64    0.86738    1.61194  85.8%   283  915s
 364673 317010    1.48233   36   52    0.86738    1.60994  85.6%   282  921s
 367922 320197    1.46584   32   55    0.86738    1.60776  85.4%   282  927s
 371538 323246    1.46887   30   59    0.86738    1.60508  85.0%   282  933s
 375020 326798    1.39240   35   54    0.86738    1.60296  84.8%   281  941s
 379119 329681    1.50514   39   47    0.86738    1.60018  84.5%   281  947s
 382433 332760    1.54747   36   52    0.86738    1.59799  84.2%   281  953s
 385987 335646    1.53061   28   56    0.86738    1.59585  84.0%   280  958s
 389346 338551     cutoff   32         0.86738    1.59386  83.8%   280  964s
 392749 341255     cutoff   36         0.86738    1.59175  83.5%   280  970s
 395855 344303    1.40087   33   55    0.86738    1.58986  83.3%   280  976s
 399398 347282    1.50863   37   47    0.86738    1.58762  83.0%   279  982s
 402897 350200    0.97217   34   48    0.86738    1.58558  82.8%   279  988s
 406257 353734    1.48176   34   55    0.86738    1.58366  82.6%   279  995s
 410371 356623    1.46497   35   52    0.86738    1.58150  82.3%   278 1001s
 413688 359475    1.47988   36   52    0.86738    1.57959  82.1%   278 1007s
 416959 362433    1.56552   29   52    0.86738    1.57787  81.9%   278 1013s
 420403 365194    1.48390   35   52    0.86738    1.57576  81.7%   278 1019s
 423569 368161    1.48118   35   52    0.86738    1.57397  81.5%   277 1025s
 426961 371273    1.19262   35   55    0.86738    1.57217  81.3%   277 1031s
 430502 374221 infeasible   27         0.86738    1.57024  81.0%   277 1037s
 433923 377197    1.47374   36   55    0.86738    1.56834  80.8%   276 1043s
 437356 380716    1.26596   32   53    0.86738    1.56651  80.6%   276 1050s
 441433 383558    1.50411   36   52    0.86738    1.56438  80.4%   276 1056s
 444701 386591    1.53306   37   42    0.86738    1.56268  80.2%   276 1062s
 448186 389406     cutoff   33         0.86738    1.56103  80.0%   275 1068s
 451503 392295    1.52097   38   49    0.86738    1.55934  79.8%   275 1074s
 454881 394962    1.48949   35   56    0.86738    1.55750  79.6%   275 1080s
 458067 397880    1.02461   31   52    0.86738    1.55593  79.4%   275 1086s
 461481 400836    1.41947   34   56    0.86738    1.55434  79.2%   274 1092s
 464986 403729 infeasible   32         0.86738    1.55275  79.0%   274 1098s
 468404 407021    1.39225   39   49    0.86738    1.55108  78.8%   274 1105s
 472349 410001    1.50428   35   57    0.86738    1.54921  78.6%   274 1111s
 475827 412944    1.44638   33   55    0.86738    1.54771  78.4%   273 1116s
 479284 415774    1.23462   36   51    0.86738    1.54602  78.2%   273 1122s
 482628 418630    1.41144   38   48    0.86738    1.54455  78.1%   273 1128s
 485999 421507    1.50699   33   58    0.86738    1.54307  77.9%   273 1134s
 489382 424446    1.48535   36   54    0.86738    1.54157  77.7%   272 1139s
 492823 427396     cutoff   32         0.86738    1.54008  77.6%   272 1145s
 496274 430255    1.38742   31   51    0.86738    1.53852  77.4%   272 1151s
 499635 433578    1.48308   37   55    0.86738    1.53700  77.2%   272 1158s
 503542 436557    1.40244   28   56    0.86738    1.53533  77.0%   271 1164s
 507010 439354    1.43100   37   53    0.86738    1.53365  76.8%   271 1170s
 510317 442303    1.14575   30   54    0.86738    1.53233  76.7%   271 1175s
 513872 445306    1.45044   36   43    0.86738    1.53072  76.5%   271 1181s
 517365 447970    1.49098   37   51    0.86738    1.52934  76.3%   270 1187s
 520463 450887    1.39823   36   52    0.86738    1.52804  76.2%   270 1193s
 523964 453619    1.41718   34   57    0.86738    1.52633  76.0%   270 1198s
 527242 456645    1.45991   38   49    0.86738    1.52510  75.8%   270 1204s
 530811 460116    1.32652   32   60    0.86738    1.52355  75.7%   270 1211s
 534889 462985    0.97981   33   37    0.86738    1.52192  75.5%   269 1217s
 538245 465822    1.50406   41   42    0.86738    1.52047  75.3%   269 1222s
 541627 468683    1.46365   35   53    0.86738    1.51916  75.1%   269 1228s
 545022 471317    1.39724   36   53    0.86738    1.51776  75.0%   269 1233s
 548173 474293    1.38912   36   54    0.86738    1.51645  74.8%   268 1239s
 551744 477220    1.44172   34   55    0.86738    1.51506  74.7%   268 1245s
 555197 480038    0.99661   39   48    0.86738    1.51377  74.5%   268 1250s
 558560 482890    1.40218   38   44    0.86738    1.51248  74.4%   268 1256s
 561917 486125    1.40609   35   54    0.86738    1.51112  74.2%   267 1262s
 565781 489058    1.33445   34   50    0.86738    1.50954  74.0%   267 1268s
 569225 491795    1.45927   39   49    0.86738    1.50815  73.9%   267 1274s
 572479 494760    1.44188   37   51    0.86738    1.50694  73.7%   267 1280s
 576045 497691     cutoff   34         0.86738    1.50559  73.6%   267 1286s
 579514 500687    1.35515   36   47    0.86738    1.50427  73.4%   266 1291s
 583085 503392    1.40475   36   53    0.86738    1.50288  73.3%   266 1297s
 586292 506309    1.30188   36   43    0.86738    1.50171  73.1%   266 1303s
 589709 508987    1.45017   39   47    0.86738    1.50043  73.0%   266 1308s
 592892 512376    1.26509   35   52    0.86738    1.49929  72.9%   266 1315s
 596882 515322    0.89109   33   51    0.86738    1.49796  72.7%   265 1321s
 600342 518184    1.12035   33   51    0.86738    1.49665  72.5%   265 1326s
 603752 520903    1.22330   34   53    0.86738    1.49555  72.4%   265 1332s
 607043 523819    1.38108   36   51    0.86738    1.49438  72.3%   265 1337s
 610464 526582    1.40438   31   60    0.86738    1.49322  72.2%   264 1343s
 613788 529386    1.42082   34   53    0.86738    1.49211  72.0%   264 1348s
 617213 532119    1.35931   33   53    0.86738    1.49090  71.9%   264 1354s
 620415 535035    1.34800   34   54    0.86738    1.48981  71.8%   264 1359s
 623877 538361    1.42648   37   53    0.86738    1.48857  71.6%   264 1366s
 627869 541241    1.38124   32   57    0.86738    1.48713  71.5%   263 1372s
 631249 543844    1.34184   39   50    0.86738    1.48601  71.3%   263 1377s
 634387 546845    1.43572   32   55    0.86738    1.48494  71.2%   263 1383s
 637959 549674    1.32236   37   48    0.86738    1.48381  71.1%   263 1388s
 641341 552618    1.26175   39   49    0.86738    1.48273  70.9%   263 1394s
 644818 555413    1.42147   39   48    0.86738    1.48154  70.8%   263 1400s
 648180 558163    1.34261   36   55    0.86738    1.48049  70.7%   262 1405s
 651513 560945    1.38705   32   54    0.86738    1.47943  70.6%   262 1411s
 654915 564126    1.34390   25   57    0.86738    1.47834  70.4%   262 1417s
 658758 567068    1.39526   36   53    0.86738    1.47709  70.3%   262 1423s
 662186 569875    1.40350   39   50    0.86738    1.47605  70.2%   262 1429s
 665525 572712     cutoff   30         0.86738    1.47496  70.0%   262 1435s
 668879 575646    1.18740   35   49    0.86738    1.47395  69.9%   261 1440s
 672390 578478    1.30868   33   58    0.86738    1.47286  69.8%   261 1446s
 675834 581344    1.43707   36   52    0.86738    1.47185  69.7%   261 1451s
 679234 584140    1.43038   36   52    0.86738    1.47073  69.6%   261 1457s
 682628 587001     cutoff   37         0.86738    1.46973  69.4%   261 1462s
 686041 590467    1.39874   36   51    0.86738    1.46885  69.3%   260 1469s
 690066 593039    1.40801   35   38    0.86738    1.46760  69.2%   260 1474s
 693127 593067    1.40906   34   54    0.86738    1.46664  69.1%   260 1482s
 693162 593095     cutoff   31         0.86738    1.46655  69.1%   260 1491s
H693185 593095                       0.8673770    1.46653  69.1%   260 1491s
 693198 593296    1.46140   34   53    0.86738    1.46651  69.1%   260 1499s
H693433 593296                       0.8673771    1.46648  69.1%   260 1499s
 693434 594321    1.41770   39   52    0.86738    1.46648  69.1%   260 1506s
 694646 596365    1.41083   38   39    0.86738    1.46645  69.1%   260 1514s
H696314 596365                       0.8673771    1.46642  69.1%   260 1514s
 697079 599999    1.36248   33   52    0.86738    1.46639  69.1%   260 1522s
 701504 603454    1.39220   37   52    0.86738    1.46606  69.0%   260 1530s
 705660 606991    1.38532   35   52    0.86738    1.46358  68.7%   259 1537s
 709887 610144    1.18256   32   60    0.86738    1.46162  68.5%   259 1543s
 713736 613256    1.29661   33   38    0.86738    1.46051  68.4%   259 1549s
 717533 616500    1.43297   35   53    0.86738    1.45941  68.3%   259 1555s
 721400 619238    1.38750   37   44    0.86738    1.45834  68.1%   259 1561s
 724738 622031    1.38273   34   52    0.86738    1.45736  68.0%   258 1567s
 728158 624945    1.35737   35   52    0.86738    1.45637  67.9%   258 1572s
 731623 627798    1.37389   37   50    0.86738    1.45539  67.8%   258 1578s
 735060 630669    1.41819   38   49    0.86738    1.45440  67.7%   258 1583s
 738540 633439     cutoff   34         0.86738    1.45347  67.6%   258 1589s
 741860 636247    1.19624   34   49    0.86738    1.45253  67.5%   258 1594s
 745268 639101    1.31587   36   55    0.86738    1.45159  67.4%   257 1600s
 748742 642317    1.35212   37   50    0.86738    1.45069  67.3%   257 1607s
 752682 644994    1.12038   32   52    0.86738    1.44967  67.1%   257 1612s
 755985 647862    1.34621   36   48    0.86738    1.44879  67.0%   257 1618s
 759434 650544     cutoff   34         0.86738    1.44789  66.9%   257 1623s
 762691 653395    1.36718   36   52    0.86738    1.44700  66.8%   257 1628s
 766203 656082    1.19857   38   54    0.86738    1.44603  66.7%   256 1634s
 769526 658794    1.27639   32   55    0.86738    1.44515  66.6%   256 1639s
 772893 661544    1.38147   40   48    0.86738    1.44421  66.5%   256 1645s
 776267 664413    1.23159   34   52    0.86738    1.44332  66.4%   256 1650s
 779750 667636    1.39711   39   45    0.86738    1.44248  66.3%   256 1657s
 783669 670381    1.34897   34   54    0.86738    1.44143  66.2%   256 1662s
 787022 673052    1.32556   36   54    0.86738    1.44057  66.1%   256 1668s
 790329 675732    1.29651   35   53    0.86738    1.43967  66.0%   255 1673s
 793595 678521    1.35298   37   40    0.86738    1.43884  65.9%   255 1679s
 797001 681300    1.29908   40   46    0.86738    1.43793  65.8%   255 1685s
 800487 684083    1.33765   37   38    0.86738    1.43706  65.7%   255 1690s
 803921 686872    1.32928   37   52    0.86738    1.43618  65.6%   255 1695s
 807348 689694    1.33251   39   48    0.86738    1.43535  65.5%   255 1701s
 810783 693010    1.27567   34   53    0.86738    1.43449  65.4%   255 1707s
 814750 695851    1.38150   40   38    0.86738    1.43353  65.3%   254 1713s
 818200 698541    1.35160   39   50    0.86738    1.43275  65.2%   254 1718s
 821539 701189    1.20669   39   45    0.86738    1.43190  65.1%   254 1723s
 824814 703844    1.21578   34   53    0.86738    1.43110  65.0%   254 1729s
 828087 706674    1.39688   35   56    0.86738    1.43025  64.9%   254 1734s
 831467 709317 infeasible   33         0.86738    1.42940  64.8%   254 1740s
 834685 712211     cutoff   36         0.86738    1.42864  64.7%   254 1745s
 838233 714887     cutoff   39         0.86738    1.42776  64.6%   253 1751s
 841575 717857    1.34427   38   49    0.86738    1.42700  64.5%   253 1757s
 845271 720634    1.30744   37   47    0.86738    1.42609  64.4%   253 1763s
 848788 723538    1.35665   35   55    0.86738    1.42512  64.3%   253 1768s
 852371 726226    1.37327   41   43    0.86738    1.42432  64.2%   253 1774s
 855694 729072    1.36828   39   48    0.86738    1.42360  64.1%   253 1779s
 859191 731914    1.17387   34   50    0.86738    1.42266  64.0%   253 1785s
 862678 734594    1.27429   39   49    0.86738    1.42186  63.9%   252 1790s
 865913 737391    1.06886   32   57    0.86738    1.42113  63.8%   252 1796s
 869398 740177    1.31514   38   43    0.86738    1.42027  63.7%   252 1801s
 872778 743294    1.30711   38   48    0.86738    1.41956  63.7%   252 1807s
 876716 745807     cutoff   35         0.86738    1.41866  63.6%   252 1813s
 879872 748595    1.27216   36   52    0.86738    1.41787  63.5%   252 1818s
 883406 751212    1.31304   36   48    0.86738    1.41705  63.4%   252 1824s
 886699 753867    1.09038   38   38    0.86738    1.41626  63.3%   251 1830s
 889986 756662    1.29851   32   55    0.86738    1.41555  63.2%   251 1835s
 893451 759460    1.24034   37   50    0.86738    1.41469  63.1%   251 1841s
 896873 762174    1.24865   36   48    0.86738    1.41395  63.0%   251 1846s
 900257 764775     cutoff   37         0.86738    1.41322  62.9%   251 1852s
 903467 767948    1.34284   40   46    0.86738    1.41249  62.8%   251 1858s
 907433 770578    1.31029   39   50    0.86738    1.41156  62.7%   251 1863s
 910731 773108    1.33717   38   52    0.86738    1.41081  62.7%   251 1869s
 913859 775906    1.35091   33   57    0.86738    1.41010  62.6%   251 1874s
 917328 778647    0.99922   37   42    0.86738    1.40935  62.5%   250 1880s
 920784 781236    1.38430   41   46    0.86738    1.40863  62.4%   250 1885s
 923970 783949    1.35365   38   51    0.86738    1.40793  62.3%   250 1890s
 927319 786740    1.27523   31   58    0.86738    1.40718  62.2%   250 1895s
 930787 789325    1.32862   39   50    0.86738    1.40646  62.2%   250 1901s
 934019 792560    1.27997   40   46    0.86738    1.40575  62.1%   250 1907s
 938019 795200    1.25355   41   46    0.86738    1.40487  62.0%   250 1912s
 941312 797948    1.34759   37   52    0.86738    1.40420  61.9%   250 1917s
 944723 800566    0.97289   32   56    0.86738    1.40345  61.8%   249 1922s
 948007 803352    1.34677   36   53    0.86738    1.40280  61.7%   249 1927s
 951408 805973    1.30490   36   53    0.86738    1.40208  61.6%   249 1933s
 954699 808593    1.38656   37   51    0.86738    1.40144  61.6%   249 1938s
 957991 811233    1.31423   40   48    0.86738    1.40071  61.5%   249 1943s
 961237 813951    1.31254   33   54    0.86738    1.40003  61.4%   249 1949s
 964640 817047    1.28608   38   49    0.86738    1.39928  61.3%   249 1955s
 968457 819783    1.29833   38   48    0.86738    1.39848  61.2%   249 1960s
 971888 822378    1.35311   38   49    0.86738    1.39779  61.2%   248 1966s
 975072 825124    1.33787   35   57    0.86738    1.39715  61.1%   248 1971s
 978503 827745    1.32562   37   51    0.86738    1.39642  61.0%   248 1977s
 981775 830468    1.37176   39   48    0.86738    1.39576  60.9%   248 1982s
 985153 832998    1.33514   37   53    0.86738    1.39505  60.8%   248 1988s
 988321 835805    1.33580   38   50    0.86738    1.39437  60.8%   248 1993s
 991772 838655    1.28312   38   49    0.86738    1.39362  60.7%   248 1999s
 995243 841804    1.30453   34   51    0.86738    1.39298  60.6%   248 2005s
 999128 844529    1.26982   37   55    0.86738    1.39217  60.5%   248 2010s
 1002437 847293    1.19426   38   47    0.86738    1.39149  60.4%   248 2016s
 1005796 849943    1.28422   35   53    0.86738    1.39085  60.4%   247 2021s
 1009107 852423    1.29509   38   50    0.86738    1.39015  60.3%   247 2027s
 1012187 855196     cutoff   35         0.86738    1.38971  60.2%   247 2032s
 1015596 857993    1.33898   43   43    0.86738    1.38890  60.1%   247 2038s
 1018967 860592    1.35117   36   48    0.86738    1.38824  60.0%   247 2043s
 1022204 863345    1.33892   37   51    0.86738    1.38761  60.0%   247 2049s
 1025574 866405    1.21727   35   47    0.86738    1.38694  59.9%   247 2055s
 1029354 869190    1.06022   36   41    0.86738    1.38626  59.8%   247 2060s
 1032825 871872    1.07554   33   54    0.86738    1.38560  59.7%   247 2065s
 1036160 874599    1.28612   35   54    0.86738    1.38491  59.7%   246 2071s
 1039587 877363    1.29117   38   48    0.86738    1.38423  59.6%   246 2076s
 1042952 879135    1.32186   38   52    0.86738    1.38356  59.5%   246 2083s
H1043748 879135                       0.8673771    1.38355  59.5%   246 2084s
 1045176 881081    1.30623   40   46    0.86738    1.38346  59.5%   246 2091s
H1045589 881081                       0.8673771    1.38344  59.5%   246 2091s
 1047676 883378    0.96113   39   45    0.86738    1.38338  59.5%   246 2098s
H1048125 883378                       0.8673771    1.38335  59.5%   246 2098s
 1050564 885837    1.32690   38   49    0.86738    1.38314  59.5%   246 2105s
 1053581 888229    1.29509   30   60    0.86738    1.38270  59.4%   246 2111s
 1056596 890553    1.32957   39   47    0.86738    1.38209  59.3%   246 2118s
 1059522 893590    1.35466   37   48    0.86738    1.38150  59.3%   246 2125s
 1063309 896380     cutoff   40         0.86738    1.38065  59.2%   246 2133s
 1066897 899176     cutoff   36         0.86738    1.38007  59.1%   246 2140s
 1070365 901997    1.27852   33   53    0.86738    1.37935  59.0%   245 2146s
 1073842 904723    1.17025   37   49    0.86738    1.37868  58.9%   245 2152s
 1077281 907374    1.22656   37   52    0.86738    1.37801  58.9%   245 2158s
 1080602 910158    1.30134   37   49    0.86738    1.37736  58.8%   245 2165s
 1084103 912871 infeasible   39         0.86738    1.37663  58.7%   245 2174s
 1087482 915629    1.33717   38   52    0.86738    1.37600  58.6%   245 2180s
 1090984 918362    1.33727   40   44    0.86738    1.37534  58.6%   245 2186s
 1094389 921232    1.31892   36   54    0.86738    1.37457  58.5%   245 2192s
 1097924 923999    1.17043   33   52    0.86738    1.37329  58.3%   245 2197s
 1101415 926883    1.33235   39   50    0.86738    1.37248  58.2%   245 2203s
 1104940 929438    1.17838   37   47    0.86738    1.37180  58.2%   245 2208s
 1108151 932177    1.35708   39   38    0.86738    1.37123  58.1%   244 2214s
 1111560 934889     cutoff   42         0.86738    1.37060  58.0%   244 2220s
 1114960 937631    1.16744   39   46    0.86738    1.37003  58.0%   244 2226s
 1118394 940630    1.28369   37   50    0.86738    1.36939  57.9%   244 2232s
 1122192 943228    1.32243   35   48    0.86738    1.36865  57.8%   244 2237s
 1125374 946051     cutoff   35         0.86738    1.36806  57.7%   244 2243s
 1128941 948717    1.28650   35   49    0.86738    1.36748  57.7%   244 2248s
 1132270 951443    1.22471   40   48    0.86738    1.36688  57.6%   244 2254s
 1135680 954201    1.09943   34   48    0.86738    1.36628  57.5%   244 2259s
 1139095 956809    1.28162   36   53    0.86738    1.36571  57.5%   244 2265s
 1142524 959329    1.17545   34   51    0.86738    1.36510  57.4%   243 2270s
 1145733 962074     cutoff   35         0.86738    1.36452  57.3%   243 2275s
 1149186 964962    1.35943   35   55    0.86738    1.36390  57.2%   243 2281s
 1152875 967797     cutoff   37         0.86738    1.36328  57.2%   243 2287s
 1156513 970504    1.25478   35   48    0.86738    1.36263  57.1%   243 2292s
 1159889 973254    1.27246   34   58    0.86738    1.36211  57.0%   243 2298s
 1163350 975964    1.33676   35   47    0.86738    1.36155  57.0%   243 2303s
 1166712 978510    1.27280   38   49    0.86738    1.36096  56.9%   243 2309s
 1169974 981208    1.28717   43   45    0.86738    1.36042  56.8%   243 2314s
 1173322 983643    1.25189   36   46    0.86738    1.35986  56.8%   243 2319s
 1176459 986498    1.31019   38   47    0.86738    1.35936  56.7%   243 2324s
 1180019 989538    1.26656   39   51    0.86738    1.35876  56.7%   242 2331s
 1183854 992118     cutoff   36         0.86738    1.35818  56.6%   242 2336s
 1187164 994864    1.29847   41   35    0.86738    1.35759  56.5%   242 2342s
 1190537 997542    1.15028   37   47    0.86738    1.35700  56.4%   242 2347s
 1193879 1000257    1.24253   41   44    0.86738    1.35644  56.4%   242 2352s
 1197277 1002887    1.31522   34   59    0.86738    1.35590  56.3%   242 2358s
 1200585 1005562    1.30410   43   43    0.86738    1.35538  56.3%   242 2363s
 1204005 1008339    0.96774   32   51    0.86738    1.35482  56.2%   242 2368s
 1207466 1010951    1.13328   37   40    0.86738    1.35427  56.1%   242 2374s
 1210912 1013965    1.16141   37   48    0.86738    1.35373  56.1%   242 2380s
 1214759 1016533     cutoff   39         0.86738    1.35310  56.0%   241 2385s
 1218094 1019190    1.32098   39   49    0.86738    1.35252  55.9%   241 2390s
 1221468 1021718    1.28960   38   46    0.86738    1.35200  55.9%   241 2396s
 1224734 1024426    1.25996   35   56    0.86738    1.35146  55.8%   241 2401s
 1228149 1027027    1.28495   41   44    0.86738    1.35090  55.7%   241 2407s
 1231469 1029621    1.23620   38   47    0.86738    1.35039  55.7%   241 2412s
 1234830 1032226    1.25780   37   43    0.86738    1.34984  55.6%   241 2417s
 1238150 1034801    1.30700   39   52    0.86738    1.34933  55.6%   241 2423s
 1241464 1037665    1.29257   40   49    0.86738    1.34879  55.5%   241 2429s
 1245094 1040308    1.27589   39   48    0.86738    1.34825  55.4%   241 2435s
 1248470 1042905    1.33019   41   46    0.86738    1.34769  55.4%   241 2441s
 1251769 1045722    0.96817   38   47    0.86738    1.34722  55.3%   241 2446s
 1255382 1048583     cutoff   35         0.86738    1.34666  55.3%   240 2452s
 1258942 1051262    1.09853   34   55    0.86738    1.34610  55.2%   240 2457s
 1262331 1053704    1.25987   37   50    0.86738    1.34560  55.1%   240 2462s
 1265454 1056311    1.28513   39   51    0.86738    1.34509  55.1%   240 2468s
 1268758 1059085    1.27816   34   47    0.86738    1.34460  55.0%   240 2473s
 1272309 1062000    1.28106   33   54    0.86738    1.34405  55.0%   240 2479s
 1276107 1064520    1.29358   37   53    0.86738    1.34348  54.9%   240 2485s
 1279347 1067293    1.11602   37   44    0.86738    1.34298  54.8%   240 2490s
 1282908 1069926     cutoff   36         0.86738    1.34249  54.8%   240 2495s
 1286261 1072549    1.28247   39   45    0.86738    1.34197  54.7%   240 2501s
 1289583 1075253    0.95010   37   46    0.86738    1.34148  54.7%   240 2506s
 1292914 1077868    1.26150   40   45    0.86738    1.34097  54.6%   240 2511s
 1296300 1080509    1.22249   37   50    0.86738    1.34045  54.5%   239 2517s
 1299695 1083129    1.24019   37   48    0.86738    1.33997  54.5%   239 2522s
 1303073 1086077    1.27677   36   55    0.86738    1.33943  54.4%   239 2528s
 1306854 1088802    1.24595   41   46    0.86738    1.33889  54.4%   239 2533s
 1310300 1091454    1.29923   40   46    0.86738    1.33837  54.3%   239 2539s
 1313599 1094014    1.28057   38   49    0.86738    1.33788  54.2%   239 2544s
 1316850 1096724    1.23283   38   48    0.86738    1.33744  54.2%   239 2549s
 1320344 1099278    1.26367   41   45    0.86738    1.33697  54.1%   239 2554s
 1323614 1101840    1.24592   37   52    0.86738    1.33648  54.1%   239 2560s
 1326833 1104608    1.30247   41   46    0.86738    1.33598  54.0%   239 2565s
 1330338 1107356 infeasible   43         0.86738    1.33548  54.0%   239 2570s
 1333753 1110328    1.27269   42   32    0.86738    1.33497  53.9%   239 2576s
 1337520 1113064    1.17866   42   43    0.86738    1.33444  53.8%   238 2581s
 1340962 1115612    1.27524   40   49    0.86738    1.33393  53.8%   238 2587s
 1344188 1118366    1.22257   38   46    0.86738    1.33345  53.7%   238 2592s
 1347691 1120998    1.27678   37   47    0.86738    1.33297  53.7%   238 2597s
 1351078 1123613    0.87462   38   44    0.86738    1.33250  53.6%   238 2602s
 1354395 1126239     cutoff   39         0.86738    1.33205  53.6%   238 2608s
 1357729 1128878    1.33075   41   43    0.86738    1.33157  53.5%   238 2613s
 1361108 1131466    1.30515   40   46    0.86738    1.33112  53.5%   238 2618s
 1364426 1134233    1.14929   39   46    0.86738    1.33061  53.4%   238 2624s
 1367992 1137089    1.26651   40   46    0.86738    1.33009  53.3%   238 2630s
 1371582 1139749    1.29019   41   42    0.86738    1.32957  53.3%   238 2635s
 1374956 1142434    1.24132   42   43    0.86738    1.32910  53.2%   238 2640s
 1378403 1145030    1.21595   37   46    0.86738    1.32858  53.2%   237 2646s
 1381722 1147570     cutoff   38         0.86738    1.32810  53.1%   237 2651s
 1384972 1150334     cutoff   36         0.86738    1.32765  53.1%   237 2656s
 1388476 1153011    1.13920   39   50    0.86738    1.32721  53.0%   237 2661s
 1391932 1155699    1.27500   43   43    0.86738    1.32668  53.0%   237 2667s
 1395342 1158695    1.08474   35   53    0.86738    1.32623  52.9%   237 2673s
 1399143 1161300    0.94899   41   34    0.86738    1.32569  52.8%   237 2678s
 1402457 1163918    1.16559   41   49    0.86738    1.32527  52.8%   237 2683s
 1405758 1166348    1.19194   33   55    0.86738    1.32477  52.7%   237 2689s
 1408922 1169103     cutoff   38         0.86738    1.32439  52.7%   237 2694s
 1412448 1171748    1.17785   39   40    0.86738    1.32386  52.6%   237 2699s
 1415868 1174325    1.12124   36   47    0.86738    1.32342  52.6%   237 2704s
 1419256 1176930    1.24884   37   53    0.86738    1.32295  52.5%   237 2709s
 1422580 1179638    1.28659   38   36    0.86738    1.32251  52.5%   237 2715s
 1426015 1182576     cutoff   35         0.86738    1.32203  52.4%   236 2721s
 1429752 1185106    1.27387   39   46    0.86738    1.32155  52.4%   236 2726s
 1433009 1187694    1.22396   36   51    0.86738    1.32108  52.3%   236 2731s
 1436464 1190216    1.29377   41   44    0.86738    1.32061  52.3%   236 2737s
 1439786 1192721    1.27923   38   34    0.86738    1.32016  52.2%   236 2742s
 1443049 1195429    1.22235   36   47    0.86738    1.31974  52.2%   236 2748s
 1446528 1198028    1.10459   36   48    0.86738    1.31926  52.1%   236 2753s
 1449869 1200503    1.07954   38   52    0.86738    1.31883  52.0%   236 2758s
 1453038 1203164    1.08994   35   48    0.86738    1.31840  52.0%   236 2764s
 1456492 1206139    1.25470   37   53    0.86738    1.31795  51.9%   236 2770s
 1460288 1208725     cutoff   33         0.86738    1.31744  51.9%   236 2775s
 1463555 1211216    1.27961   39   48    0.86738    1.31700  51.8%   236 2780s
 1466830 1213858    1.23619   39   49    0.86738    1.31660  51.8%   236 2785s
 1470269 1216455    1.25603   37   49    0.86738    1.31617  51.7%   236 2791s
 1473617 1219158    1.20135   35   50    0.86738    1.31569  51.7%   235 2796s
 1476988 1221764    1.30486   38   41    0.86738    1.31525  51.6%   235 2801s
 1480387 1224395     cutoff   42         0.86738    1.31486  51.6%   235 2807s
 1483822 1227007    1.30742   41   43    0.86738    1.31444  51.5%   235 2812s
 1487189 1229763    1.14328   38   48    0.86738    1.31403  51.5%   235 2818s
 1490735 1232587    1.26863   40   47    0.86738    1.31355  51.4%   235 2823s
 1494315 1235216    1.29906   42   39    0.86738    1.31313  51.4%   235 2829s
 1497717 1237857    1.27497   40   51    0.86738    1.31271  51.3%   235 2834s
 1501180 1240519    1.13870   37   42    0.86738    1.31226  51.3%   235 2839s
 1504569 1243145    1.07487   37   50    0.86738    1.31181  51.2%   235 2845s
 1507929 1245589    1.20209   38   53    0.86738    1.31141  51.2%   235 2850s
 1511113 1248211    1.22998   45   42    0.86738    1.31100  51.1%   235 2856s
 1514530 1250842    1.17501   35   50    0.86738    1.31056  51.1%   235 2861s
 1517907 1253735    1.28457   42   47    0.86738    1.31016  51.0%   235 2867s
 1521597 1256363    1.08102   39   43    0.86738    1.30966  51.0%   234 2873s
 1525003 1258812    1.26337   40   45    0.86738    1.30924  50.9%   234 2878s
 1528194 1261578    1.23128   34   50    0.86738    1.30883  50.9%   234 2884s
 1531686 1264211    1.21363   33   53    0.86738    1.30837  50.8%   234 2889s
 1535115 1266884    1.18544   37   51    0.86738    1.30795  50.8%   234 2894s
 1538550 1269417    1.07473   38   51    0.86738    1.30756  50.7%   234 2899s
 1541871 1272068    1.26319   43   42    0.86738    1.30713  50.7%   234 2905s
 1545257 1274530    1.19552   39   51    0.86738    1.30677  50.7%   234 2910s
 1548435 1277492    1.24446   40   51    0.86738    1.30635  50.6%   234 2916s
 1552292 1279974    1.22426   39   45    0.86738    1.30589  50.6%   234 2921s
 1555515 1282595     cutoff   39         0.86738    1.30549  50.5%   234 2926s
 1558894 1285082    1.18349   31   53    0.86738    1.30507  50.5%   234 2932s
 1562196 1287621    1.28737   31   54    0.86738    1.30464  50.4%   234 2937s
 1565500 1290141    1.29172   34   53    0.86738    1.30424  50.4%   234 2942s
 1568787 1292602    1.24658   39   47    0.86738    1.30384  50.3%   234 2947s
 1572095 1295030    1.11350   37   52    0.86738    1.30344  50.3%   234 2953s
 1575230 1297668    1.21502   32   57    0.86738    1.30305  50.2%   233 2958s
 1578620 1300655    1.26051   35   58    0.86738    1.30263  50.2%   233 2964s
 1582504 1303118    0.92073   38   42    0.86738    1.30220  50.1%   233 2969s
 1585743 1305569    1.17582   38   49    0.86738    1.30177  50.1%   233 2974s
 1588963 1308201    1.23066   36   51    0.86738    1.30135  50.0%   233 2979s
 1592364 1310732    1.22718   40   45    0.86738    1.30096  50.0%   233 2984s
 1595737 1313280    1.24586   39   48    0.86738    1.30054  49.9%   233 2990s
 1599035 1315906    1.22252   34   51    0.86738    1.30016  49.9%   233 2995s
 1602393 1318567    1.17670   40   29    0.86738    1.29978  49.9%   233 3000s
 1605780 1321196     cutoff   39         0.86738    1.29940  49.8%   233 3005s
 1609152 1323939    1.10394   42   31    0.86738    1.29900  49.8%   233 3011s
 1612726 1326777    1.22911   38   49    0.86738    1.29858  49.7%   233 3017s
 1616347 1329248     cutoff   39         0.86738    1.29814  49.7%   233 3022s
 1619633 1331896    1.28137   42   46    0.86738    1.29776  49.6%   233 3027s
 1623043 1334526    1.24954   42   35    0.86738    1.29737  49.6%   232 3033s
 1626427 1337163    1.19738   38   51    0.86738    1.29697  49.5%   232 3038s
 1629914 1339655     cutoff   39         0.86738    1.29659  49.5%   232 3043s
 1633240 1342118    1.00135   33   55    0.86738    1.29621  49.4%   232 3048s
 1636506 1344704     cutoff   37         0.86738    1.29583  49.4%   232 3053s
 1639870 1347510    1.28111   43   26    0.86738    1.29546  49.4%   232 3059s
 1643615 1349993    1.25970   41   32    0.86738    1.29503  49.3%   232 3065s
 1646898 1352562    1.23201   44   34    0.86738    1.29463  49.3%   232 3070s
 1650265 1354998    1.24770   34   51    0.86738    1.29423  49.2%   232 3075s
 1653443 1357555    1.23528   37   52    0.86738    1.29390  49.2%   232 3081s
 1656895 1360202    1.24429   39   46    0.86738    1.29349  49.1%   232 3086s
 1660418 1362632     cutoff   43         0.86738    1.29310  49.1%   232 3091s
 1663703 1365018     cutoff   36         0.86738    1.29272  49.0%   232 3096s
 1666826 1367744    1.21031   41   35    0.86738    1.29236  49.0%   232 3102s
 1670357 1370579    0.91529   42   44    0.86738    1.29199  49.0%   232 3108s
 1674137 1373197    1.20650   37   54    0.86738    1.29158  48.9%   232 3113s
 1677534 1375747     cutoff   34         0.86738    1.29118  48.9%   231 3118s
 1680893 1378246    1.25172   39   48    0.86738    1.29083  48.8%   231 3124s
 1684136 1380872    0.90222   29   53    0.86738    1.29046  48.8%   231 3129s
 1687596 1383412    1.14355   39   47    0.86738    1.29008  48.7%   231 3134s
 1690903 1385828    1.14203   34   46    0.86738    1.28968  48.7%   231 3139s
 1694091 1388468    1.15162   33   54    0.86738    1.28931  48.6%   231 3144s
 1697530 1391021    1.25037   40   51    0.86738    1.28895  48.6%   231 3150s
 1700890 1393819    1.19514   35   51    0.86738    1.28858  48.6%   231 3156s
 1704532 1396430    1.21995   43   44    0.86738    1.28818  48.5%   231 3161s
 1707996 1398957    1.16829   37   43    0.86738    1.28780  48.5%   231 3166s
 1711408 1401309    1.21894   35   51    0.86738    1.28743  48.4%   231 3171s
 1714500 1403972    1.20839   38   47    0.86738    1.28711  48.4%   231 3177s
 1717996 1406587    1.22819   41   46    0.86738    1.28674  48.3%   231 3182s
 1721442 1409108    1.19401   34   40    0.86738    1.28637  48.3%   231 3187s
 1724689 1411685     cutoff   41         0.86738    1.28599  48.3%   231 3192s
 1728045 1414246    1.24668   37   48    0.86738    1.28561  48.2%   231 3197s
 1731428 1416907    1.24139   43   42    0.86738    1.28525  48.2%   231 3204s
 1734970 1419665    1.16250   29   59    0.86738    1.28485  48.1%   230 3209s
 1738505 1422255    1.22685   40   48    0.86738    1.28445  48.1%   230 3215s
 1741881 1424774     cutoff   39         0.86738    1.28411  48.0%   230 3220s
 1745242 1427353    1.24555   42   37    0.86738    1.28375  48.0%   230 3226s
 1748649 1429867    1.01015   37   49    0.86738    1.28337  48.0%   230 3232s
 1751982 1432492    1.26035   39   37    0.86738    1.28301  47.9%   230 3237s
 1755385 1434970    1.11748   36   50    0.86738    1.28266  47.9%   230 3243s
 1758738 1437644    1.23021   41   47    0.86738    1.28233  47.8%   230 3248s
 1762223 1440362     cutoff   37         0.86738    1.28197  47.8%   230 3254s
 1765851 1442881    1.27611   38   50    0.86738    1.28159  47.8%   230 3259s
 1769260 1445462    1.19869   38   45    0.86738    1.28125  47.7%   230 3265s
 1772719 1447927     cutoff   40         0.86738    1.28088  47.7%   230 3270s
 1776020 1450529    1.22341   40   45    0.86738    1.28051  47.6%   230 3275s
 1779397 1453065    1.22533   41   47    0.86738    1.28017  47.6%   230 3280s
 1782801 1455535    1.09707   38   47    0.86738    1.27983  47.6%   230 3285s
 1786172 1458051    1.24834   42   43    0.86738    1.27949  47.5%   230 3291s
 1789550 1460368    1.01128   36   47    0.86738    1.27914  47.5%   230 3296s
 1792649 1463192    1.22556   44   29    0.86738    1.27885  47.4%   229 3302s
 1796463 1465389    1.23985   41   46    0.86738    1.27845  47.4%   229 3307s
 1799480 1467965    0.95744   30   55    0.86738    1.27818  47.4%   229 3312s
 1802926 1470565     cutoff   27         0.86738    1.27781  47.3%   229 3318s
 1806288 1473103    1.14401   39   42    0.86738    1.27750  47.3%   229 3323s
 1809682 1475746    1.22084   41   44    0.86738    1.27715  47.2%   229 3328s
 1813080 1478326    1.09291   34   54    0.86738    1.27684  47.2%   229 3333s
 1816466 1480777    1.26789   42   42    0.86738    1.27650  47.2%   229 3339s
 1819691 1483336    1.22116   39   50    0.86738    1.27616  47.1%   229 3344s
 1823067 1486124    1.14624   30   57    0.86738    1.27582  47.1%   229 3350s
 1826745 1488611    1.19459   36   51    0.86738    1.27545  47.0%   229 3355s
 1830136 1491245    1.14641   37   50    0.86738    1.27512  47.0%   229 3360s
 1833588 1493582    1.10654   42   44    0.86738    1.27475  47.0%   229 3366s
 1836737 1496128    1.03556   34   50    0.86738    1.27445  46.9%   229 3371s
 1840080 1498617     cutoff   40         0.86738    1.27408  46.9%   229 3376s
 1843446 1501022    1.19526   40   48    0.86738    1.27377  46.9%   229 3381s
 1846633 1503679    1.00429   37   46    0.86738    1.27343  46.8%   229 3386s
 1850148 1506320     cutoff   33         0.86738    1.27309  46.8%   229 3391s
 1853559 1509133    1.08426   35   58    0.86738    1.27279  46.7%   228 3397s
 1857268 1511685    1.22270   38   50    0.86738    1.27243  46.7%   228 3403s
 1860602 1514193    1.26025   44   40    0.86738    1.27209  46.7%   228 3408s
 1863947 1516611    1.22955   44   43    0.86738    1.27176  46.6%   228 3413s
 1867199 1519143    1.12779   43   40    0.86738    1.27144  46.6%   228 3418s
 1870631 1521616    1.27039   35   52    0.86738    1.27111  46.5%   228 3423s
 1873897 1524157    1.22132   41   46    0.86738    1.27078  46.5%   228 3428s
 1877332 1526551     cutoff   36         0.86738    1.27042  46.5%   228 3433s
 1880552 1529125     cutoff   38         0.86738    1.27011  46.4%   228 3438s
 1884048 1531995    1.19037   40   49    0.86738    1.26977  46.4%   228 3444s
 1887799 1534554    1.18220   34   52    0.86738    1.26941  46.4%   228 3449s
 1891166 1537058    1.21552   41   45    0.86738    1.26908  46.3%   228 3453s
 1894530 1539524    1.25650   40   43    0.86738    1.26875  46.3%   228 3458s
 1897855 1541987     cutoff   40         0.86738    1.26845  46.2%   228 3463s
 1901176 1544488     cutoff   34         0.86738    1.26811  46.2%   228 3468s
 1904515 1547060    1.20929   41   43    0.86738    1.26779  46.2%   228 3473s
 1907886 1549399    1.04644   36   51    0.86738    1.26747  46.1%   228 3478s
 1911050 1551968    1.18012   37   52    0.86738    1.26714  46.1%   228 3484s
 1914443 1554699    1.16795   42   34    0.86738    1.26682  46.1%   228 3489s
 1918126 1557075    1.20698   37   52    0.86738    1.26646  46.0%   227 3494s
 1921333 1559539    1.16165   43   47    0.86738    1.26616  46.0%   227 3499s
 1924649 1562110    1.18565   41   33    0.86738    1.26585  45.9%   227 3504s
 1928138 1564549     cutoff   37         0.86738    1.26551  45.9%   227 3510s
 1931415 1567104    1.15560   40   48    0.86738    1.26519  45.9%   227 3515s
 1934861 1569378    1.22744   39   46    0.86738    1.26486  45.8%   227 3520s
 1938036 1571979    1.24235   42   42    0.86738    1.26457  45.8%   227 3525s
 1941474 1572048     cutoff   38         0.86738    1.26427  45.8%   227 3531s
 1941578 1572074    1.14747   35   48    0.86738    1.26423  45.8%   227 3537s
H1941608 1572074                       0.8673771    1.26421  45.8%   227 3538s
 1941613 1572181    1.15074   45   41    0.86738    1.26421  45.8%   227 3544s
 1941756 1572276    1.17983   38   38    0.86738    1.26420  45.8%   227 3552s
 1941876 1572452    1.08520   40   49    0.86738    1.26420  45.7%   227 3558s
 1942121 1572671    1.10372   36   54    0.86738    1.26419  45.7%   227 3564s
 1942400 1572888     cutoff   39         0.86738    1.26418  45.7%   227 3574s
 1942731 1574341    1.20912   40   48    0.86738    1.26417  45.7%   227 3581s
 1944688 1576203    1.18996   41   42    0.86738    1.26417  45.7%   227 3587s
 1947214 1579010    1.19929   42   48    0.86738    1.26413  45.7%   227 3595s
 1951063 1581993    1.18319   36   48    0.86738    1.26402  45.7%   227 3601s
 1955201 1584925    1.26300   38   35    0.86738    1.26305  45.6%   227 3607s
 1959209 1587775    1.16774   37   49    0.86738    1.26255  45.6%   227 3613s
 1962969 1590420    1.00151   39   47    0.86738    1.26220  45.5%   227 3619s
 1966635 1593046    1.18004   43   42    0.86738    1.26186  45.5%   227 3624s
 1970294 1595661    1.10278   40   49    0.86738    1.26151  45.4%   227 3629s
 1973859 1598357    1.11545   33   55    0.86738    1.26119  45.4%   227 3635s
 1977449 1600873    1.18099   36   48    0.86738    1.26084  45.4%   227 3640s
 1980953 1603220    0.89592   31   54    0.86738    1.26052  45.3%   227 3646s
 1984130 1605682    1.20876   40   46    0.86738    1.26023  45.3%   227 3651s
 1987542 1608322    1.23897   43   44    0.86738    1.25992  45.3%   226 3656s
 1991027 1610866    1.19996   36   49    0.86738    1.25962  45.2%   226 3661s
 1994387 1613048     cutoff   36         0.86738    1.25929  45.2%   226 3666s
 1997355 1615560    1.20462   41   46    0.86738    1.25902  45.2%   226 3672s
 2000866 1618105     cutoff   37         0.86738    1.25870  45.1%   226 3677s
 2004328 1620893    1.17623   41   46    0.86738    1.25837  45.1%   226 3683s
 2008113 1623353    1.20520   35   51    0.86738    1.25804  45.0%   226 3688s
 2011463 1625818    1.20881   38   53    0.86738    1.25773  45.0%   226 3693s
 2014766 1628236    1.15328   39   46    0.86738    1.25743  45.0%   226 3698s
 2018074 1630714    1.22146   44   43    0.86738    1.25714  44.9%   226 3703s
 2021393 1633258    1.25679   42   38    0.86738    1.25684  44.9%   226 3708s
 2024801 1635609    1.15841   37   45    0.86738    1.25652  44.9%   226 3713s
 2028081 1638106    0.89445   38   42    0.86738    1.25625  44.8%   226 3718s
 2031442 1640627    1.17972   38   44    0.86738    1.25595  44.8%   226 3724s
 2034843 1643443    1.15587   40   46    0.86738    1.25566  44.8%   226 3729s
 2038587 1645878    1.16123   41   45    0.86738    1.25532  44.7%   226 3734s
 2041905 1648278    1.16240   39   47    0.86738    1.25504  44.7%   226 3739s
 2045215 1650751    1.13097   29   52    0.86738    1.25474  44.7%   226 3745s
 2048556 1653210    1.11050   37   49    0.86738    1.25444  44.6%   226 3750s
 2051929 1655593     cutoff   37         0.86738    1.25414  44.6%   226 3755s
 2055225 1658068    1.17606   38   46    0.86738    1.25387  44.6%   225 3760s
 2058636 1660542     cutoff   39         0.86738    1.25354  44.5%   225 3765s
 2061975 1662990    1.21047   39   43    0.86738    1.25325  44.5%   225 3771s
 2065286 1665775     cutoff   29         0.86738    1.25297  44.5%   225 3776s
 2069027 1668183     cutoff   34         0.86738    1.25264  44.4%   225 3782s
 2072288 1670656     cutoff   40         0.86738    1.25230  44.4%   225 3787s
 2075639 1673236    0.92770   39   45    0.86738    1.25202  44.3%   225 3792s
 2079101 1675583    1.19428   42   42    0.86738    1.25172  44.3%   225 3798s
 2082259 1678063    1.14132   37   52    0.86738    1.25143  44.3%   225 3803s
 2085674 1680513    1.07923   36   36    0.86738    1.25113  44.2%   225 3808s
 2088963 1683066    1.18503   38   47    0.86738    1.25086  44.2%   225 3814s
 2092360 1685643    1.22434   45   40    0.86738    1.25056  44.2%   225 3819s
 2095775 1688424    1.15291   39   48    0.86738    1.25032  44.1%   225 3825s
 2099558 1690948    1.13221   36   50    0.86738    1.24997  44.1%   225 3830s
 2102889 1693440    1.12778   42   39    0.86738    1.24971  44.1%   225 3835s
 2106216 1695699    1.22203   45   43    0.86738    1.24942  44.0%   225 3840s
 2109307 1698087     cutoff   40         0.86738    1.24915  44.0%   225 3846s
 2112660 1700534    1.17376   38   45    0.86738    1.24888  44.0%   225 3851s
 2116041 1702980    1.21903   39   48    0.86738    1.24860  44.0%   225 3856s
 2119363 1705556    1.19751   44   41    0.86738    1.24832  43.9%   225 3862s
 2122814 1708113    1.21034   41   44    0.86738    1.24804  43.9%   225 3867s
 2126257 1710866    0.93015   41   43    0.86738    1.24774  43.9%   224 3873s
 2129975 1713450    1.19347   36   47    0.86738    1.24744  43.8%   224 3878s
 2133392 1715877    1.20340   41   42    0.86738    1.24714  43.8%   224 3883s
 2136730 1718420    1.18484   41   42    0.86738    1.24687  43.8%   224 3888s
 2140138 1720780    1.09909   38   48    0.86738    1.24657  43.7%   224 3894s
 2143434 1723221    1.13757   43   42    0.86738    1.24629  43.7%   224 3899s
 2146774 1725756    1.13299   38   47    0.86738    1.24604  43.7%   224 3904s
 2150170 1728133    1.08822   39   49    0.86738    1.24575  43.6%   224 3909s
 2153460 1730556    1.00311   34   53    0.86738    1.24549  43.6%   224 3915s
 2156771 1733288    1.21014   41   45    0.86738    1.24519  43.6%   224 3921s
 2160455 1735649    1.15578   43   42    0.86738    1.24487  43.5%   224 3926s
 2163722 1738191    1.15817   44   45    0.86738    1.24461  43.5%   224 3931s
 2167173 1740678    1.16390   37   44    0.86738    1.24432  43.5%   224 3937s
 2170565 1743113    1.09409   38   46    0.86738    1.24404  43.4%   224 3942s
 2173871 1745468    1.21177   44   42    0.86738    1.24375  43.4%   224 3947s
 2177228 1748026    1.08309   36   51    0.86738    1.24348  43.4%   224 3953s
 2180695 1750429    1.14667   41   46    0.86738    1.24319  43.3%   224 3958s
 2184002 1752800    1.17477   44   32    0.86738    1.24290  43.3%   224 3963s
 2187364 1755336    1.15187   43   32    0.86738    1.24263  43.3%   224 3969s
 2190811 1757999    1.17448   45   41    0.86738    1.24235  43.2%   224 3975s
 2194445 1760519    1.18116   45   42    0.86738    1.24209  43.2%   224 3980s
 2197896 1763063    1.14160   38   50    0.86738    1.24180  43.2%   224 3985s
 2201391 1765447    1.19330   44   43    0.86738    1.24152  43.1%   223 3991s
 2204524 1767909    0.93232   34   49    0.86738    1.24125  43.1%   223 3996s
 2207954 1770412     cutoff   37         0.86738    1.24097  43.1%   223 4001s
 2211406 1772798    1.11583   38   45    0.86738    1.24071  43.0%   223 4007s
 2214672 1775377    1.20856   43   40    0.86738    1.24043  43.0%   223 4012s
 2218190 1778008    1.13427   39   34    0.86738    1.24015  43.0%   223 4018s
 2221813 1780520    1.16033   34   51    0.86738    1.23986  42.9%   223 4023s
 2225252 1782995    1.15833   39   44    0.86738    1.23959  42.9%   223 4029s
 2228554 1785488    1.05144   41   44    0.86738    1.23932  42.9%   223 4034s
 2231954 1787261    1.21172   36   52    0.86738    1.23904  42.8%   223 4041s
 2234407 1789208     cutoff   40         0.86738    1.23902  42.8%   223 4047s
H2234732 1789208                       0.8673772    1.23902  42.8%   223 4048s
 2237056 1791687    1.23049   41   44    0.86738    1.23899  42.8%   223 4054s
H2239040 1791687                       0.8673773    1.23894  42.8%   223 4055s
 2240418 1794029     cutoff   38         0.86738    1.23885  42.8%   223 4060s
 2243626 1796534     cutoff   32         0.86738    1.23854  42.8%   223 4066s
 2247104 1798959     cutoff   40         0.86738    1.23823  42.8%   223 4072s
 2250454 1801213    1.14829   39   47    0.86738    1.23801  42.7%   223 4078s
 2253643 1803428     cutoff   38         0.86738    1.23769  42.7%   223 4084s
 2256769 1805958    1.23443   42   41    0.86738    1.23745  42.7%   223 4101s
 2260284 1808533    1.13960   35   50    0.86738    1.23721  42.6%   223 4108s
 2263769 1811059    0.91223   38   48    0.86738    1.23696  42.6%   223 4114s
 2267228 1813539    1.15945   47   38    0.86738    1.23668  42.6%   223 4120s
 2270756 1816146    1.04501   44   30    0.86738    1.23641  42.5%   223 4125s
 2274348 1818648    1.18294   41   48    0.86738    1.23611  42.5%   223 4131s
 2277807 1821218    1.19096   33   51    0.86738    1.23584  42.5%   222 4137s
 2281313 1823677    1.19667   39   49    0.86738    1.23549  42.4%   222 4142s
 2284774 1826270    1.10901   37   47    0.86738    1.23523  42.4%   222 4148s
 2288257 1828861    1.08771   42   39    0.86738    1.23472  42.4%   222 4153s
 2291764 1831462    1.21493   43   43    0.86738    1.23441  42.3%   222 4158s
 2295198 1834024    0.92804   43   45    0.86738    1.23413  42.3%   222 4163s
 2298617 1836454    1.15245   38   52    0.86738    1.23388  42.3%   222 4168s
 2301935 1838890    1.03851   39   45    0.86738    1.23362  42.2%   222 4173s
 2305308 1841318     cutoff   33         0.86738    1.23335  42.2%   222 4178s
 2308666 1844012     cutoff   37         0.86738    1.23310  42.2%   222 4184s
 2312362 1846431    1.09732   31   48    0.86738    1.23283  42.1%   222 4189s
 2315707 1848946    1.15848   41   31    0.86738    1.23257  42.1%   222 4195s
 2319155 1851464    1.13299   33   53    0.86738    1.23232  42.1%   222 4200s
 2322603 1853688     cutoff   44         0.86738    1.23206  42.0%   222 4205s
 2325789 1856138    1.13773   39   47    0.86738    1.23182  42.0%   222 4210s
 2329224 1858583    1.16054   42   41    0.86738    1.23156  42.0%   222 4216s
 2332580 1860928     cutoff   37         0.86738    1.23129  42.0%   222 4221s
 2335732 1863418    1.14498   41   48    0.86738    1.23107  41.9%   222 4226s
 2339144 1866063    1.14155   38   48    0.86738    1.23079  41.9%   222 4232s
 2342772 1868507    1.02697   38   41    0.86738    1.23052  41.9%   222 4237s
 2346267 1870932    1.16983   41   41    0.86738    1.23026  41.8%   222 4242s
 2349615 1873276    1.12401   40   46    0.86738    1.23001  41.8%   222 4247s
 2352880 1875700    1.19081   40   45    0.86738    1.22978  41.8%   222 4253s
 2356210 1878259    1.17266   37   46    0.86738    1.22950  41.7%   221 4258s
 2359750 1880744     cutoff   41         0.86738    1.22925  41.7%   221 4263s
 2363100 1883132    1.19368   42   32    0.86738    1.22903  41.7%   221 4268s
 2366445 1885647    1.19738   40   43    0.86738    1.22876  41.7%   221 4273s
 2369851 1888263    1.15554   41   42    0.86738    1.22851  41.6%   221 4279s
 2373501 1890727    1.03829   39   44    0.86738    1.22826  41.6%   221 4284s
 2376895 1893152    1.17831   40   50    0.86738    1.22801  41.6%   221 4289s
 2380254 1895711    1.18404   41   46    0.86738    1.22776  41.5%   221 4295s
 2383768 1898050    1.16452   38   47    0.86738    1.22753  41.5%   221 4300s
 2387081 1900507    1.14375   39   44    0.86738    1.22728  41.5%   221 4305s
 2390448 1902845    1.16651   43   42    0.86738    1.22702  41.5%   221 4310s
 2393722 1905141    1.15651   40   46    0.86738    1.22679  41.4%   221 4315s
 2396900 1907697    1.17656   39   52    0.86738    1.22655  41.4%   221 4320s
 2400381 1910449    1.17031   41   45    0.86738    1.22629  41.4%   221 4326s
 2404233 1912819     cutoff   34         0.86738    1.22602  41.3%   221 4331s
 2407464 1915221    1.17311   45   41    0.86738    1.22577  41.3%   221 4336s
 2410758 1917636     cutoff   40         0.86738    1.22554  41.3%   221 4341s
 2414005 1920050    1.05059   38   52    0.86738    1.22533  41.3%   221 4347s
 2417408 1922472    1.18929   42   48    0.86738    1.22508  41.2%   221 4352s
 2420752 1924801    1.09615   35   44    0.86738    1.22485  41.2%   221 4357s
 2424015 1927364    1.20343   39   47    0.86738    1.22462  41.2%   221 4362s
 2427503 1929730    1.10432   39   42    0.86738    1.22437  41.2%   221 4367s
 2430783 1932309    1.04921   43   32    0.86738    1.22411  41.1%   221 4373s
 2434374 1934803    1.16852   43   41    0.86738    1.22386  41.1%   221 4378s
 2437797 1937133    1.15444   42   29    0.86738    1.22361  41.1%   220 4383s
 2441052 1939643    1.18671   40   47    0.86738    1.22338  41.0%   220 4389s
 2444554 1942066    1.17018   44   41    0.86738    1.22314  41.0%   220 4394s
 2447906 1944578    1.14907   36   52    0.86738    1.22292  41.0%   220 4399s
 2451337 1947104    1.21546   38   50    0.86738    1.22265  41.0%   220 4404s
 2454714 1949613    0.96952   43   42    0.86738    1.22240  40.9%   220 4409s
 2458141 1952053    1.18883   45   38    0.86738    1.22215  40.9%   220 4415s
 2461555 1954706    1.16669   44   41    0.86738    1.22191  40.9%   220 4420s
 2465210 1957170    1.19697   41   43    0.86738    1.22166  40.8%   220 4426s
 2468641 1959524    1.17662   45   40    0.86738    1.22143  40.8%   220 4431s
 2472040 1961931    1.17415   42   40    0.86738    1.22117  40.8%   220 4436s
 2475400 1964355    1.03094   43   45    0.86738    1.22092  40.8%   220 4441s
 2478784 1966799    1.12611   42   46    0.86738    1.22069  40.7%   220 4446s
 2482187 1969184    1.18973   41   43    0.86738    1.22046  40.7%   220 4451s
 2485505 1971531     cutoff   38         0.86738    1.22022  40.7%   220 4457s
 2488734 1974033     cutoff   34         0.86738    1.22000  40.7%   220 4462s
 2492201 1976727    1.13706   41   46    0.86738    1.21977  40.6%   220 4468s
 2495936 1979035    1.17628   46   40    0.86738    1.21951  40.6%   220 4473s
 2499127 1981498    1.16540   43   39    0.86738    1.21933  40.6%   220 4478s
 2502559 1983910    1.14602   43   44    0.86738    1.21910  40.6%   220 4483s
 2505939 1986248    1.18073   42   44    0.86738    1.21886  40.5%   220 4488s
 2509183 1988771    1.09441   37   51    0.86738    1.21865  40.5%   220 4493s
 2512717 1991301    1.12802   46   41    0.86738    1.21840  40.5%   220 4498s
 2516147 1993625    1.12109   37   45    0.86738    1.21818  40.4%   220 4504s
 2519499 1996106     cutoff   43         0.86738    1.21794  40.4%   219 4509s
 2522897 1998772    1.13041   41   44    0.86738    1.21772  40.4%   219 4514s
 2526631 2001176    1.14960   42   33    0.86738    1.21747  40.4%   219 4520s
 2529999 2003492    1.15264   43   43    0.86738    1.21723  40.3%   219 4525s
 2533173 2005895 infeasible   43         0.86738    1.21704  40.3%   219 4530s
 2536553 2008244    1.13751   36   53    0.86738    1.21679  40.3%   219 4535s
 2539964 2010567     cutoff   41         0.86738    1.21656  40.3%   219 4540s
 2543301 2012863    1.16305   43   41    0.86738    1.21635  40.2%   219 4546s
 2546585 2015373    1.09085   42   40    0.86738    1.21611  40.2%   219 4551s
 2550024 2017766    1.13785   45   43    0.86738    1.21591  40.2%   219 4556s
 2553309 2020369    1.18530   41   47    0.86738    1.21568  40.2%   219 4562s
 2557023 2022865    1.17011   39   46    0.86738    1.21541  40.1%   219 4567s
 2560493 2025232    1.08486   32   55    0.86738    1.21518  40.1%   219 4572s
 2563770 2027636    1.14415   41   42    0.86738    1.21497  40.1%   219 4577s
 2567097 2029947    1.18359   44   41    0.86738    1.21476  40.0%   219 4582s
 2570317 2032442    1.01593   35   48    0.86738    1.21454  40.0%   219 4588s
 2573765 2034678    1.16301   38   50    0.86738    1.21431  40.0%   219 4593s
 2577061 2037037    0.98096   44   39    0.86738    1.21409  40.0%   219 4598s
 2580259 2039248    1.16602   39   43    0.86738    1.21391  40.0%   219 4603s
 2583434 2041840    1.09326   37   49    0.86738    1.21371  39.9%   219 4609s
 2587141 2044073    1.14350   39   51    0.86738    1.21342  39.9%   219 4614s
 2590308 2046551     cutoff   41         0.86738    1.21322  39.9%   219 4619s
 2593802 2049055    1.16877   43   45    0.86738    1.21298  39.8%   219 4625s
 2597285 2051459    1.15599   36   50    0.86738    1.21275  39.8%   219 4630s
 2600645 2053803    1.15026   43   46    0.86738    1.21252  39.8%   219 4635s
 2603936 2056263    1.16633   39   45    0.86738    1.21230  39.8%   219 4640s
 2607291 2058734    1.14441   46   37    0.86738    1.21207  39.7%   218 4645s
 2610673 2061177     cutoff   41         0.86738    1.21187  39.7%   218 4650s
 2614027 2063754     cutoff   42         0.86738    1.21165  39.7%   218 4656s
 2617646 2066140     cutoff   43         0.86738    1.21140  39.7%   218 4661s
 2621083 2068466    1.16049   42   30    0.86738    1.21119  39.6%   218 4667s
 2624299 2071066    0.93683   39   46    0.86738    1.21098  39.6%   218 4672s
 2627840 2073427    1.17518   41   44    0.86738    1.21075  39.6%   218 4677s
 2631235 2075734    1.14271   38   44    0.86738    1.21053  39.6%   218 4682s
 2634505 2078215    1.15166   40   46    0.86738    1.21030  39.5%   218 4688s
 2637965 2080581    1.15712   40   45    0.86738    1.21010  39.5%   218 4693s
 2641246 2082935    1.17949   41   47    0.86738    1.20987  39.5%   218 4698s
 2644419 2085421    0.99705   38   46    0.86738    1.20966  39.5%   218 4704s
 2648004 2088027    1.12155   34   55    0.86738    1.20943  39.4%   218 4709s
 2651601 2090399    1.13799   44   46    0.86738    1.20921  39.4%   218 4714s
 2654904 2092798    1.16876   43   40    0.86738    1.20897  39.4%   218 4719s
 2658273 2095147    1.14538   41   45    0.86738    1.20876  39.4%   218 4725s
 2661548 2097580    0.96820   37   48    0.86738    1.20856  39.3%   218 4730s
 2664987 2099992    1.16388   42   40    0.86738    1.20836  39.3%   218 4735s
 2668373 2102386    1.12830   40   45    0.86738    1.20814  39.3%   218 4740s
 2671731 2104728    1.14628   39   48    0.86738    1.20791  39.3%   218 4745s
 2675096 2107259    1.14526   40   48    0.86738    1.20770  39.2%   218 4751s
 2678770 2109685    1.14667   38   49    0.86738    1.20747  39.2%   218 4756s
 2682171 2112083    1.16475   42   35    0.86738    1.20724  39.2%   218 4761s
 2685582 2114400    1.18313   42   41    0.86738    1.20703  39.2%   218 4766s
 2688878 2116655    1.05208   37   43    0.86738    1.20685  39.1%   218 4771s
 2692056 2118983    1.13220   38   48    0.86738    1.20662  39.1%   218 4776s
 2695346 2121248    0.86867   39   47    0.86738    1.20640  39.1%   218 4782s
 2698498 2123685    1.17703   41   48    0.86738    1.20621  39.1%   218 4787s
 2702018 2126032    1.06676   38   47    0.86738    1.20598  39.0%   217 4792s
 2705423 2128704    1.15587   40   51    0.86738    1.20576  39.0%   217 4797s
 2709047 2131154    0.96691   39   28    0.86738    1.20555  39.0%   217 4803s
 2712451 2133588     cutoff   42         0.86738    1.20532  39.0%   217 4808s
 2715881 2136016     cutoff   35         0.86738    1.20511  38.9%   217 4813s
 2719268 2138473     cutoff   40         0.86738    1.20489  38.9%   217 4818s
 2722675 2140779    1.16242   42   45    0.86738    1.20467  38.9%   217 4823s
 2725949 2143143    1.11924   38   45    0.86738    1.20447  38.9%   217 4828s
 2729355 2145392    0.93109   37   44    0.86738    1.20427  38.8%   217 4833s
 2732574 2147777    1.14334   39   45    0.86738    1.20406  38.8%   217 4838s
 2735933 2150316    1.13844   36   53    0.86738    1.20385  38.8%   217 4844s
 2739594 2152681    1.11615   34   50    0.86738    1.20363  38.8%   217 4849s
 2742966 2154998    0.96700   37   31    0.86738    1.20341  38.7%   217 4854s
 2746313 2157364     cutoff   41         0.86738    1.20320  38.7%   217 4859s
 2749667 2159704     cutoff   38         0.86738    1.20299  38.7%   217 4864s
 2752954 2162012    1.07722   39   48    0.86738    1.20280  38.7%   217 4869s
 2756274 2164370    1.14830   43   44    0.86738    1.20259  38.6%   217 4875s
 2759645 2166651    1.15494   42   46    0.86738    1.20239  38.6%   217 4880s
 2762861 2169010    1.15900   41   33    0.86738    1.20218  38.6%   217 4885s
 2766184 2171711    1.07107   40   45    0.86738    1.20197  38.6%   217 4891s
 2769900 2174126    1.12935   36   48    0.86738    1.20175  38.6%   217 4896s
 2773303 2176477    1.04834   33   50    0.86738    1.20153  38.5%   217 4901s
 2776589 2178824    1.07796   40   46    0.86738    1.20133  38.5%   217 4906s
 2779859 2181305    1.14438   38   44    0.86738    1.20113  38.5%   217 4911s
 2783297 2183612    1.14617   41   48    0.86738    1.20093  38.5%   217 4916s
 2786592 2185978    1.09826   39   48    0.86738    1.20073  38.4%   217 4921s
 2789920 2188409    1.13701   41   48    0.86738    1.20053  38.4%   217 4927s
 2793365 2190815    1.14115   40   50    0.86738    1.20033  38.4%   217 4932s
 2796750 2193388    1.13609   38   47    0.86738    1.20013  38.4%   216 4937s
 2800476 2195679    1.13602   40   46    0.86738    1.19991  38.3%   216 4942s
 2803697 2198088    1.16742   42   43    0.86738    1.19970  38.3%   216 4948s
 2807067 2200533    1.11261   35   52    0.86738    1.19949  38.3%   216 4953s
 2810410 2202838    1.03733   39   51    0.86738    1.19930  38.3%   216 4958s
 2813716 2205294    1.08615   43   41    0.86738    1.19910  38.2%   216 4963s
 2817189 2207616    1.09329   32   55    0.86738    1.19889  38.2%   216 4968s
 2820502 2209869    1.19841   45   41    0.86738    1.19871  38.2%   216 4973s
 2823745 2212313    1.02863   40   42    0.86738    1.19849  38.2%   216 4978s
 2827173 2214963    1.02241   41   44    0.86738    1.19828  38.1%   216 4984s
 2830929 2217251     cutoff   42         0.86738    1.19806  38.1%   216 4989s
 2834227 2219680    1.14384   43   41    0.86738    1.19786  38.1%   216 4994s
 2837564 2222036    1.12608   42   42    0.86738    1.19767  38.1%   216 4999s
 2840813 2224405    1.05641   41   44    0.86738    1.19748  38.1%   216 5004s
 2844152 2226740    1.12924   42   42    0.86738    1.19728  38.0%   216 5010s
 2847489 2229090 infeasible   41         0.86738    1.19708  38.0%   216 5015s
 2850841 2231481    1.11790   44   44    0.86738    1.19690  38.0%   216 5020s
 2854195 2233858    1.14073   43   31    0.86738    1.19668  38.0%   216 5025s
 2857549 2236441    1.10939   43   43    0.86738    1.19648  37.9%   216 5031s
 2861248 2238767    1.12817   40   49    0.86738    1.19626  37.9%   216 5036s
 2864574 2241030    1.15715   42   47    0.86738    1.19608  37.9%   216 5041s
 2867837 2243408     cutoff   38         0.86738    1.19588  37.9%   216 5046s
 2871212 2245786    1.14746   42   46    0.86738    1.19568  37.8%   216 5051s
 2874629 2248145    1.09722   35   53    0.86738    1.19548  37.8%   216 5056s
 2877975 2250466    1.11178   37   48    0.86738    1.19529  37.8%   216 5062s
 2881234 2252747    1.07601   36   50    0.86738    1.19509  37.8%   216 5067s
 2884527 2254973    1.14286   41   45    0.86738    1.19489  37.8%   216 5072s
 2887618 2257510    1.11347   44   38    0.86738    1.19472  37.7%   216 5077s
 2891237 2259914    1.07153   41   45    0.86738    1.19451  37.7%   216 5083s
 2894514 2262365    1.15103   45   43    0.86738    1.19431  37.7%   216 5089s
 2897955 2264820    0.99685   42   44    0.86738    1.19412  37.7%   215 5094s
 2901431 2267208    1.12092   41   48    0.86738    1.19391  37.6%   215 5100s
 2904817 2269561    1.12791   36   52    0.86738    1.19372  37.6%   215 5105s
 2908199 2271840    1.08031   44   45    0.86738    1.19352  37.6%   215 5111s
 2911442 2274301    1.17060   43   40    0.86738    1.19333  37.6%   215 5116s
 2914855 2276745    1.11310   44   26    0.86738    1.19315  37.6%   215 5122s
 2918310 2279375     cutoff   38         0.86738    1.19294  37.5%   215 5128s
 2921996 2281707    1.12017   43   44    0.86738    1.19273  37.5%   215 5133s
 2925310 2284028    1.18315   39   46    0.86738    1.19253  37.5%   215 5138s
 2928575 2286397    1.13815   41   44    0.86738    1.19234  37.5%   215 5144s
 2931957 2288706    1.09734   35   54    0.86738    1.19215  37.4%   215 5149s
 2935241 2291102     cutoff   39         0.86738    1.19197  37.4%   215 5155s
 2938624 2293454    1.08094   41   33    0.86738    1.19176  37.4%   215 5160s
 2942039 2295787    1.14110   44   42    0.86738    1.19156  37.4%   215 5165s
 2945391 2298144    1.07048   35   49    0.86738    1.19138  37.4%   215 5171s
 2948675 2300786    1.13978   40   48    0.86738    1.19119  37.3%   215 5177s
 2952381 2303110    1.07108   41   46    0.86738    1.19097  37.3%   215 5182s
 2955740 2305492    1.11989   43   46    0.86738    1.19077  37.3%   215 5187s
 2959142 2307830     cutoff   41         0.86738    1.19058  37.3%   215 5193s
 2962507 2310059    0.92300   40   44    0.86738    1.19039  37.2%   215 5198s
 2965792 2312393    1.15316   43   41    0.86738    1.19021  37.2%   215 5203s
 2969109 2314663    1.13311   38   48    0.86738    1.19003  37.2%   215 5209s
 2972452 2316977    1.11608   40   49    0.86738    1.18982  37.2%   215 5214s
 2975751 2319269    1.11206   39   47    0.86738    1.18963  37.2%   215 5220s
 2979074 2321888    1.13773   44   42    0.86738    1.18945  37.1%   215 5225s
 2982806 2324204    1.04122   35   50    0.86738    1.18922  37.1%   215 5231s
 2986109 2326469    1.15345   42   45    0.86738    1.18904  37.1%   215 5236s
 2989407 2328846    1.02146   40   42    0.86738    1.18883  37.1%   215 5241s
 2992734 2331117     cutoff   44         0.86738    1.18865  37.0%   215 5247s
 2996061 2333495    1.13752   44   42    0.86738    1.18845  37.0%   215 5252s
 2999414 2335934    1.04450   44   39    0.86738    1.18827  37.0%   214 5258s
 3002805 2338290    1.08670   40   49    0.86738    1.18807  37.0%   214 5263s
 3006186 2340660    1.12480   44   39    0.86738    1.18787  37.0%   214 5268s
 3009491 2343247     cutoff   37         0.86738    1.18769  36.9%   214 5274s
 3013182 2345583    1.09970   45   42    0.86738    1.18749  36.9%   214 5279s
 3016502 2345922    1.12072   42   45    0.86738    1.18732  36.9%   214 5286s
H3016633 2345922                       0.8673774    1.18730  36.9%   214 5287s
H3016634 2345922                       0.8673774    1.18730  36.9%   214 5287s
 3017004 2347575    1.11150   35   44    0.86738    1.18729  36.9%   214 5293s
 3019463 2350369    1.09097   36   51    0.86738    1.18727  36.9%   214 5299s
 3023411 2353064    1.13994   44   40    0.86738    1.18701  36.9%   214 5305s
 3027260 2355587    1.07869   43   44    0.86738    1.18670  36.8%   214 5310s
 3030957 2358028     cutoff   45         0.86738    1.18650  36.8%   214 5316s
 3034428 2360619    1.08949   37   47    0.86738    1.18629  36.8%   214 5321s
 3038070 2363185    1.12449   42   48    0.86738    1.18611  36.7%   214 5326s
 3041646 2365674    1.13283   42   43    0.86738    1.18592  36.7%   214 5332s
 3045280 2368031    1.09387   33   53    0.86738    1.18571  36.7%   214 5337s
 3048664 2370349    1.12328   36   50    0.86738    1.18553  36.7%   214 5342s
 3052015 2372670    1.12515   45   40    0.86738    1.18535  36.7%   214 5347s
 3055296 2375019     cutoff   43         0.86738    1.18518  36.6%   214 5353s
 3058695 2377410    1.15294   43   45    0.86738    1.18498  36.6%   214 5358s
 3062029 2379746    1.15473   42   47    0.86738    1.18481  36.6%   214 5363s
 3065358 2382052     cutoff   38         0.86738    1.18463  36.6%   214 5368s
 3068628 2384438     cutoff   37         0.86738    1.18446  36.6%   214 5373s
 3072038 2386852    1.12036   43   43    0.86738    1.18425  36.5%   214 5379s
 3075594 2389218    1.17840   46   37    0.86738    1.18405  36.5%   214 5384s
 3079015 2391566    1.14091   38   46    0.86738    1.18387  36.5%   214 5389s
 3082411 2393899    1.13401   42   48    0.86738    1.18370  36.5%   214 5394s
 3085797 2396264     cutoff   28         0.86738    1.18351  36.4%   214 5400s
 3089159 2398550    1.13362   45   40    0.86738    1.18333  36.4%   214 5405s
 3092336 2400859    1.13300   42   44    0.86738    1.18315  36.4%   214 5410s
 3095641 2403197    1.00505   35   46    0.86738    1.18296  36.4%   214 5416s
 3099007 2405572    1.04610   36   36    0.86738    1.18278  36.4%   214 5421s
 3102398 2408047    1.14428   42   46    0.86738    1.18259  36.3%   214 5427s
 3106027 2410355    1.12629   40   45    0.86738    1.18239  36.3%   213 5432s
 3109364 2412806    1.10372   44   41    0.86738    1.18221  36.3%   213 5437s
 3112811 2415165    1.08093   41   43    0.86738    1.18204  36.3%   213 5442s
 3116164 2417364    1.16328   44   39    0.86738    1.18185  36.3%   213 5447s
 3119378 2419697    1.04576   33   51    0.86738    1.18168  36.2%   213 5452s
 3122678 2422136    1.02811   37   52    0.86738    1.18150  36.2%   213 5457s
 3126120 2424522    0.98614   40   44    0.86738    1.18131  36.2%   213 5463s
 3129482 2426867     cutoff   42         0.86738    1.18113  36.2%   213 5468s
 3132795 2429435    1.09432   41   49    0.86738    1.18094  36.2%   213 5474s
 3136491 2431694    1.15448   44   42    0.86738    1.18076  36.1%   213 5479s
 3139686 2434038    1.12620   43   42    0.86738    1.18060  36.1%   213 5484s
 3143050 2436377    1.13155   44   43    0.86738    1.18042  36.1%   213 5490s
 3146474 2438640    1.15524   44   43    0.86738    1.18023  36.1%   213 5495s
 3149737 2441041    1.06061   36   53    0.86738    1.18007  36.0%   213 5500s
 3153182 2443394    1.12003   42   45    0.86738    1.17988  36.0%   213 5505s
 3156536 2445660    1.13446   38   46    0.86738    1.17969  36.0%   213 5510s
 3159826 2447848    1.12468   41   45    0.86738    1.17951  36.0%   213 5515s
 3163128 2450322    1.02553   37   45    0.86738    1.17932  36.0%   213 5521s
 3166714 2452836    1.12386   42   42    0.86738    1.17913  35.9%   213 5526s
 3170242 2455056    1.12233   40   48    0.86738    1.17894  35.9%   213 5531s
 3173412 2457400     cutoff   35         0.86738    1.17878  35.9%   213 5536s
 3176799 2459876    1.16236   43   42    0.86738    1.17860  35.9%   213 5542s
 3180272 2461987    1.07586   40   45    0.86738    1.17840  35.9%   213 5547s
 3183345 2464412     cutoff   40         0.86738    1.17826  35.8%   213 5552s
 3186802 2466781    1.14824   41   43    0.86738    1.17806  35.8%   213 5557s
 3190238 2469052    0.99018   40   45    0.86738    1.17789  35.8%   213 5562s
 3193527 2471598    1.12139   45   43    0.86738    1.17769  35.8%   213 5568s
 3197112 2473929     cutoff   39         0.86738    1.17750  35.8%   213 5573s
 3200492 2476259    1.14530   45   44    0.86738    1.17732  35.7%   213 5578s
 3203886 2478561    0.92407   33   51    0.86738    1.17715  35.7%   213 5583s
 3207221 2480841    1.12448   47   40    0.86738    1.17699  35.7%   213 5589s
 3210525 2483135    1.04715   45   41    0.86738    1.17681  35.7%   213 5594s
 3213919 2485487    1.13041   45   43    0.86738    1.17663  35.7%   213 5599s
 3217360 2487665    1.13726   45   40    0.86738    1.17645  35.6%   212 5605s
 3220520 2490104    1.13980   39   50    0.86738    1.17629  35.6%   212 5610s
 3223954 2492682    1.11267   47   39    0.86738    1.17611  35.6%   212 5616s
 3227568 2494985     cutoff   38         0.86738    1.17592  35.6%   212 5621s
 3230878 2497324    1.13953   42   43    0.86738    1.17576  35.6%   212 5627s
 3234200 2499594     cutoff   34         0.86738    1.17558  35.5%   212 5632s
 3237571 2501962    1.08974   36   52    0.86738    1.17541  35.5%   212 5638s
 3240959 2504386    0.92838   35   54    0.86738    1.17524  35.5%   212 5643s
 3244336 2506795     cutoff   33         0.86738    1.17506  35.5%   212 5648s
 3247746 2509138    1.16065   42   35    0.86738    1.17489  35.5%   212 5654s
 3251087 2511455     cutoff   27         0.86738    1.17472  35.4%   212 5659s
 3254434 2513882    1.10520   41   46    0.86738    1.17455  35.4%   212 5665s
 3257934 2516330    1.08544   36   48    0.86738    1.17437  35.4%   212 5670s
 3261429 2518642    1.08692   36   49    0.86738    1.17418  35.4%   212 5676s
 3264751 2520991    1.14436   42   41    0.86738    1.17401  35.4%   212 5681s
 3268179 2523260    1.17194   40   49    0.86738    1.17385  35.3%   212 5687s
 3271587 2525603    1.09722   38   35    0.86738    1.17366  35.3%   212 5692s
 3274982 2528005    1.13189   44   41    0.86738    1.17350  35.3%   212 5697s
 3278360 2530325    1.12722   41   48    0.86738    1.17332  35.3%   212 5702s
 3281713 2532585    1.11702   39   52    0.86738    1.17314  35.3%   212 5708s
 3285064 2535118    1.13146   42   47    0.86738    1.17297  35.2%   212 5713s
 3288679 2537441    1.11875   38   52    0.86738    1.17279  35.2%   212 5719s
 3292093 2539775    0.91468   36   55    0.86738    1.17262  35.2%   212 5724s
 3295427 2542193    1.13808   45   40    0.86738    1.17245  35.2%   212 5729s
 3298873 2544483    1.11173   38   47    0.86738    1.17228  35.2%   212 5734s
 3302164 2546691    1.13435   39   46    0.86738    1.17212  35.1%   212 5739s
 3305349 2548991    1.08737   40   48    0.86738    1.17195  35.1%   212 5745s
 3308689 2551325    1.11637   39   47    0.86738    1.17178  35.1%   212 5750s
 3312063 2553610 infeasible   38         0.86738    1.17160  35.1%   212 5755s
 3315356 2556134    1.13966   44   42    0.86738    1.17143  35.1%   212 5761s
 3318956 2558443    1.04700   44   42    0.86738    1.17125  35.0%   212 5766s
 3322278 2560804    1.11803   43   44    0.86738    1.17108  35.0%   212 5772s
 3325760 2563058    0.98722   41   44    0.86738    1.17090  35.0%   212 5777s
 3329017 2565354    1.15673   41   45    0.86738    1.17074  35.0%   212 5782s
 3332358 2567579    1.14115   41   44    0.86738    1.17057  35.0%   212 5787s
 3335657 2569807    1.08648   36   46    0.86738    1.17041  34.9%   212 5793s
 3338919 2572213     cutoff   40         0.86738    1.17025  34.9%   211 5798s
 3342373 2574520    1.11674   41   48    0.86738    1.17007  34.9%   211 5803s
 3345757 2577008    0.98706   42   43    0.86738    1.16989  34.9%   211 5809s
 3349451 2579283    1.15970   42   43    0.86738    1.16971  34.9%   211 5814s
 3352768 2581582    1.07491   44   46    0.86738    1.16955  34.8%   211 5820s
 3356070 2583739    0.91520   39   42    0.86738    1.16940  34.8%   211 5825s
 3359196 2586001     cutoff   39         0.86738    1.16924  34.8%   211 5830s
 3362483 2588318    1.14377   44   44    0.86738    1.16907  34.8%   211 5836s
 3365810 2590664    1.11960   39   46    0.86738    1.16890  34.8%   211 5841s
 3369160 2593061    1.16338   44   41    0.86738    1.16873  34.7%   211 5847s
 3372610 2595330    1.13013   46   39    0.86738    1.16856  34.7%   211 5852s
 3375928 2597790    1.06360   38   51    0.86738    1.16841  34.7%   211 5858s
 3379510 2600122    1.02586   38   38    0.86738    1.16823  34.7%   211 5863s
 3382990 2602365    1.14854   42   44    0.86738    1.16807  34.7%   211 5869s
 3386300 2604641    1.07127   40   47    0.86738    1.16789  34.6%   211 5874s
 3389572 2606973    1.10283   39   53    0.86738    1.16773  34.6%   211 5879s
 3392904 2609295    1.16747   44   41    0.86738    1.16757  34.6%   211 5885s
 3396255 2611620    1.10099   42   45    0.86738    1.16741  34.6%   211 5890s
 3399592 2613913    1.10425   37   47    0.86738    1.16724  34.6%   211 5895s
 3402983 2616226    1.13520   40   46    0.86738    1.16708  34.6%   211 5901s
 3406284 2618781    1.15502   42   44    0.86738    1.16693  34.5%   211 5907s
 3409954 2621008    1.04499   37   45    0.86738    1.16674  34.5%   211 5912s
 3413280 2623334    1.12240   46   37    0.86738    1.16659  34.5%   211 5917s
 3416621 2625631     cutoff   39         0.86738    1.16643  34.5%   211 5922s
 3419895 2627923     cutoff   37         0.86738    1.16628  34.5%   211 5928s
 3423283 2630202    1.13174   41   44    0.86738    1.16612  34.4%   211 5933s
 3426627 2630841    1.07735   40   46    0.86738    1.16595  34.4%   211 5939s
H3427140 2630841                       0.8673774    1.16594  34.4%   211 5940s
 3427537 2633012    1.12444   46   39    0.86738    1.16593  34.4%   211 5946s
 3430687 2635449    1.06062   34   52    0.86738    1.16590  34.4%   211 5952s
H3433679 2635449                       0.8673774    1.16583  34.4%   211 5952s
 3434252 2637911    1.09791   46   41    0.86738    1.16578  34.4%   211 5958s
 3437871 2640399     cutoff   40         0.86738    1.16547  34.4%   211 5964s
H3439106 2640398                       0.8673774    1.16544  34.4%   211 5964s
 3441468 2642735    1.15315   42   46    0.86738    1.16524  34.3%   211 5970s
H3442194 2642735                       0.8673775    1.16524  34.3%   211 5970s
 3444857 2644919     cutoff   39         0.86738    1.16507  34.3%   211 5975s
H3445054 2644919                       0.8673775    1.16507  34.3%   211 5975s
 3448001 2647312    1.08721   39   48    0.86738    1.16493  34.3%   211 5981s
H3448653 2647312                       0.8673775    1.16492  34.3%   211 5981s
 3451435 2649639    1.05767   37   45    0.86738    1.16476  34.3%   211 5987s
 3454829 2651949    1.02535   41   44    0.86738    1.16460  34.3%   211 5992s
 3458150 2654255    0.99455   40   44    0.86738    1.16445  34.2%   211 5998s
 3461518 2656569    1.11841   44   43    0.86738    1.16427  34.2%   210 6003s
 3464785 2658894    1.12670   45   41    0.86738    1.16411  34.2%   210 6009s
 3468132 2661420    1.10285   43   46    0.86738    1.16396  34.2%   210 6014s
 3471733 2663702     cutoff   39         0.86738    1.16378  34.2%   210 6020s
 3475116 2666058    1.14192   42   44    0.86738    1.16363  34.2%   210 6025s
 3478499 2668287    0.99820   39   35    0.86738    1.16347  34.1%   210 6031s
 3481751 2670696    1.12781   44   46    0.86738    1.16331  34.1%   210 6036s
 3485223 2672971    1.11827   43   44    0.86738    1.16315  34.1%   210 6041s
 3488521 2675223    0.96377   39   48    0.86738    1.16299  34.1%   210 6046s
 3491835 2677488     cutoff   35         0.86738    1.16282  34.1%   210 6051s
 3495167 2679708    1.11578   42   44    0.86738    1.16266  34.0%   210 6056s
 3498597 2682115     cutoff   40         0.86738    1.16250  34.0%   210 6062s
 3502198 2684456    1.14181   41   43    0.86738    1.16234  34.0%   210 6067s
 3505613 2686667    1.06657   35   51    0.86738    1.16218  34.0%   210 6072s
 3508905 2688993    1.08956   40   45    0.86738    1.16202  34.0%   210 6077s
 3512244 2691247    1.05759   36   51    0.86738    1.16186  34.0%   210 6082s
 3515593 2693515     cutoff   40         0.86738    1.16169  33.9%   210 6088s
 3518984 2695715    1.00128   30   49    0.86738    1.16153  33.9%   210 6093s
 3522196 2697810    1.11803   46   39    0.86738    1.16139  33.9%   210 6098s
 3525257 2700193    1.13067   45   42    0.86738    1.16123  33.9%   210 6103s
 3528793 2702737    1.09060   33   58    0.86738    1.16106  33.9%   210 6109s
 3532482 2704958     cutoff   39         0.86738    1.16090  33.8%   210 6114s
 3535766 2707165    1.11040   42   46    0.86738    1.16074  33.8%   210 6120s
 3539076 2709465    1.06635   39   43    0.86738    1.16058  33.8%   210 6125s
 3542440 2711705    1.11708   43   37    0.86738    1.16043  33.8%   210 6130s
 3545716 2714047    1.09264   42   42    0.86738    1.16028  33.8%   210 6135s
 3549097 2716337    1.06304   44   43    0.86738    1.16011  33.7%   210 6140s
 3552446 2718554    1.14364   43   41    0.86738    1.15996  33.7%   210 6145s
 3555773 2720826    1.00334   32   48    0.86738    1.15980  33.7%   210 6150s
 3559123 2723162    1.04235   38   51    0.86738    1.15964  33.7%   210 6156s
 3562688 2725410    0.97570   39   45    0.86738    1.15947  33.7%   210 6161s
 3566068 2727652    1.02310   33   51    0.86738    1.15932  33.7%   210 6167s
 3569283 2729951    1.14530   41   43    0.86738    1.15918  33.6%   210 6172s
 3572619 2732298     cutoff   39         0.86738    1.15902  33.6%   210 6177s
 3576060 2734464    1.07894   41   44    0.86738    1.15885  33.6%   210 6182s
 3579323 2736931    1.06191   44   43    0.86738    1.15870  33.6%   210 6188s
 3582789 2736952    1.05020   39   47    0.86738    1.15854  33.6%   210 6195s
 3582830 2736982    1.13588   46   39    0.86738    1.15853  33.6%   210 6202s
H3582840 2735552                       0.8681403    1.15853  33.4%   210 6203s
 3582864 2737972    1.03421   34   53    0.86814    1.15852  33.4%   210 6208s
 3586400 2740288    1.10289   41   44    0.86814    1.15837  33.4%   210 6214s
H3587140 2740288                       0.8681404    1.15837  33.4%   210 6214s
H3587804 2740288                       0.8681404    1.15837  33.4%   210 6214s
 3589840 2742762    1.13221   44   42    0.86814    1.15822  33.4%   209 6220s
H3591225 2741762                       0.8687195    1.15821  33.3%   209 6220s
 3593468 2744001    1.10005   37   45    0.86872    1.15805  33.3%   209 6226s
H3595119 2743984                       0.8687319    1.15805  33.3%   209 6226s
 3596782 2746262    0.92418   43   40    0.86873    1.15790  33.3%   209 6231s
H3597127 2746258                       0.8687331    1.15789  33.3%   209 6231s
H3599913 2746258                       0.8687339    1.15788  33.3%   209 6232s
H3600004 2744697                       0.8696118    1.15788  33.1%   209 6232s
 3600101 2746868    0.89367   44   38    0.86961    1.15775  33.1%   209 6237s
 3603229 2749165    1.06047   41   43    0.86961    1.15760  33.1%   209 6242s
H3603551 2749080                       0.8696514    1.15760  33.1%   209 6243s
 3606499 2751380     cutoff   40         0.86965    1.15745  33.1%   209 6248s
 3609864 2753756    1.08449   41   46    0.86965    1.15730  33.1%   209 6253s
 3613337 2756119    1.07482   38   52    0.86965    1.15714  33.1%   209 6258s
 3616729 2758273     cutoff   38         0.86965    1.15698  33.0%   209 6264s
 3619891 2760811    1.10081   41   48    0.86965    1.15684  33.0%   209 6269s
 3623538 2763092    1.08734   40   46    0.86965    1.15668  33.0%   209 6275s
 3626890 2765361    1.07835   36   53    0.86965    1.15651  33.0%   209 6280s
 3630208 2767459    1.14271   41   44    0.86965    1.15636  33.0%   209 6285s
 3633391 2769763    1.09299   40   46    0.86965    1.15622  33.0%   209 6290s
 3636770 2772021    1.11122   41   48    0.86965    1.15606  32.9%   209 6296s
 3640206 2774179    1.09384   40   44    0.86965    1.15590  32.9%   209 6301s
 3643444 2776532    1.03020   44   40    0.86965    1.15575  32.9%   209 6306s
 3646895 2778800    1.15024   41   48    0.86965    1.15560  32.9%   209 6311s
 3650292 2781228    1.09722   39   47    0.86965    1.15545  32.9%   209 6317s
 3653960 2783528     cutoff   39         0.86965    1.15528  32.8%   209 6322s
 3657292 2785869    0.99329   37   47    0.86965    1.15513  32.8%   209 6327s
 3660770 2788075    1.08194   43   40    0.86965    1.15499  32.8%   209 6333s
 3664048 2790272    1.04863   38   32    0.86965    1.15484  32.8%   209 6338s
 3667279 2792412     cutoff   42         0.86965    1.15468  32.8%   209 6343s
 3670427 2794748    1.13481   44   45    0.86965    1.15455  32.8%   209 6348s
 3673882 2796978    1.07133   41   39    0.86965    1.15439  32.7%   209 6353s
 3677130 2799317    0.90994   39   45    0.86965    1.15425  32.7%   209 6359s
 3680591 2801761     cutoff   40         0.86965    1.15410  32.7%   209 6364s
 3684258 2803903    1.09219   44   44    0.86965    1.15395  32.7%   209 6369s
 3687489 2806169 infeasible   42         0.86965    1.15380  32.7%   209 6375s
 3690918 2808437    1.11478   47   41    0.86965    1.15365  32.7%   209 6380s
 3694221 2810665    0.94433   32   52    0.86965    1.15349  32.6%   209 6385s
 3697527 2812933    1.09007   41   44    0.86965    1.15335  32.6%   209 6390s
 3700836 2814981     cutoff   45         0.86965    1.15320  32.6%   209 6396s
 3703935 2817237     cutoff   32         0.86965    1.15307  32.6%   209 6401s
 3707281 2819466     cutoff   41         0.86965    1.15292  32.6%   209 6406s
 3710638 2821740    1.08240   37   52    0.86965    1.15278  32.6%   209 6412s
 3714153 2824020    1.14714   42   44    0.86965    1.15262  32.5%   209 6417s
 3717592 2826226    1.08596   45   40    0.86965    1.15246  32.5%   209 6422s
 3720969 2828491    1.09538   45   37    0.86965    1.15232  32.5%   209 6428s
 3724370 2830762    1.08858   46   38    0.86965    1.15217  32.5%   208 6433s
 3727694 2833012    1.08577   45   29    0.86965    1.15202  32.5%   208 6438s
 3731051 2835194    1.10090   43   40    0.86965    1.15187  32.5%   208 6443s
 3734358 2837355    1.08265   41   48    0.86965    1.15173  32.4%   208 6449s
 3737595 2839641    1.05514   40   49    0.86965    1.15158  32.4%   208 6454s
 3740981 2842013    1.08890   39   50    0.86965    1.15143  32.4%   208 6460s
 3744482 2844305    0.90589   40   42    0.86965    1.15127  32.4%   208 6465s
 3747861 2846647    1.14771   45   42    0.86965    1.15112  32.4%   208 6471s
 3751299 2848945    1.14635   43   42    0.86965    1.15098  32.3%   208 6477s
 3754745 2851196    1.11756   42   42    0.86965    1.15082  32.3%   208 6482s
 3758136 2853392     cutoff   43         0.86965    1.15067  32.3%   208 6488s
 3761441 2855506    1.12131   44   42    0.86965    1.15053  32.3%   208 6493s
 3764666 2855615    1.01933   40   39    0.86965    1.15040  32.3%   208 6500s
H3764736 2855615                       0.8696514    1.15039  32.3%   208 6501s
 3764828 2857488    1.09360   40   43    0.86965    1.15038  32.3%   208 6507s
 3767531 2859941    1.14680   42   43    0.86965    1.15032  32.3%   208 6513s
 3771207 2862283    1.14420   42   43    0.86965    1.15010  32.2%   208 6519s
 3774802 2864544     cutoff   40         0.86965    1.14995  32.2%   208 6524s
 3778181 2866868    1.03677   39   43    0.86965    1.14980  32.2%   208 6529s
 3781566 2869042    1.09314   41   48    0.86965    1.14965  32.2%   208 6535s
 3784809 2871380    1.05018   39   45    0.86965    1.14952  32.2%   208 6540s
 3788245 2873633    1.14253   44   44    0.86965    1.14936  32.2%   208 6546s
 3791557 2875892    1.11184   42   42    0.86965    1.14923  32.1%   208 6551s
 3794823 2878182    1.07274   39   46    0.86965    1.14910  32.1%   208 6556s
 3798256 2880499     cutoff   39         0.86965    1.14894  32.1%   208 6562s
 3801688 2882953    1.08045   44   44    0.86965    1.14879  32.1%   208 6568s
 3805383 2885179    1.07958   42   34    0.86965    1.14863  32.1%   208 6573s
 3808713 2887398    1.11334   44   46    0.86965    1.14849  32.1%   208 6578s
 3812034 2889543    1.04422   40   46    0.86965    1.14834  32.0%   208 6583s
 3815184 2891954    0.87861   37   45    0.86965    1.14820  32.0%   208 6588s
 3818604 2894072    1.10362   42   44    0.86965    1.14805  32.0%   208 6594s
 3821910 2896367     cutoff   37         0.86965    1.14792  32.0%   208 6599s
 3825292 2898554    1.12976   45   37    0.86965    1.14777  32.0%   208 6604s
 3828594 2900662    1.05174   38   46    0.86965    1.14763  32.0%   208 6610s
 3831633 2903165    1.11036   41   44    0.86965    1.14749  31.9%   208 6615s
 3835306 2905364     cutoff   40         0.86965    1.14734  31.9%   208 6621s
 3838610 2907573    1.12901   46   39    0.86965    1.14719  31.9%   208 6626s
 3841880 2909885    1.04478   39   49    0.86965    1.14706  31.9%   208 6631s
 3845323 2912164     cutoff   41         0.86965    1.14691  31.9%   208 6636s
 3848722 2914412    1.09061   39   44    0.86965    1.14678  31.9%   208 6642s
 3852053 2916651     cutoff   34         0.86965    1.14664  31.9%   208 6647s
 3855308 2918868    1.03449   40   45    0.86965    1.14650  31.8%   208 6652s
 3858580 2920970    1.06608   39   50    0.86965    1.14635  31.8%   208 6657s
 3861767 2923362    0.91537   41   46    0.86965    1.14622  31.8%   207 6663s
 3865441 2925513    1.09853   45   43    0.86965    1.14606  31.8%   207 6668s
 3868707 2927553     cutoff   42         0.86965    1.14593  31.8%   207 6674s
 3871849 2929659    1.14484   43   43    0.86965    1.14579  31.8%   207 6679s
 3875053 2931981    1.13439   46   40    0.86965    1.14565  31.7%   207 6684s
 3878537 2934287    1.06516   40   42    0.86965    1.14551  31.7%   207 6690s
 3881933 2936557    1.12714   46   39    0.86965    1.14535  31.7%   207 6695s
 3885318 2936584    1.09044   41   45    0.86965    1.14522  31.7%   207 6702s
H3885324 2936584                       0.8696514    1.14521  31.7%   207 6703s
 3885355 2936741     cutoff   38         0.86965    1.14521  31.7%   207 6708s
 3885596 2936920    0.97358   42   41    0.86965    1.14520  31.7%   207 6716s
H3885719 2936920                       0.8696514    1.14520  31.7%   207 6716s
 3885887 2937613    1.08594   38   50    0.86965    1.14520  31.7%   207 6724s
 3886938 2938254    1.02285   45   42    0.86965    1.14519  31.7%   207 6732s
 3887969 2939452    1.03790   45   42    0.86965    1.14519  31.7%   207 6741s
H3888843 2939452                       0.8696515    1.14519  31.7%   207 6741s
 3889722 2942386    1.09314   42   41    0.86965    1.14518  31.7%   207 6749s
H3892971 2940767                       0.8704463    1.14517  31.6%   207 6750s
 3894062 2942604    1.09888   38   45    0.87045    1.14515  31.6%   207 6755s
H3894279 2939060                       0.8721520    1.14514  31.3%   207 6756s
H3894396 2939060                       0.8721521    1.14512  31.3%   207 6756s
H3894610 2939057                       0.8721539    1.14509  31.3%   207 6756s
 3896724 2941564    1.10932   44   43    0.87215    1.14490  31.3%   207 6764s
H3897077 2941564                       0.8721541    1.14488  31.3%   207 6764s
 3900506 2941585    1.05914   35   54    0.87215    1.14465  31.2%   207 6772s
H3900527 2941585                       0.8721541    1.14463  31.2%   207 6773s
H3900534 2941585                       0.8721541    1.14462  31.2%   207 6773s
H3900547 2941585                       0.8721542    1.14461  31.2%   207 6773s
 3900549 2941770    1.07939   43   41    0.87215    1.14461  31.2%   207 6782s
H3900553 2941770                       0.8721542    1.14461  31.2%   207 6782s
 3900875 2942207    1.10435   45   43    0.87215    1.14460  31.2%   207 6791s
 3901510 2942902    0.98461   39   42    0.87215    1.14459  31.2%   207 6800s
H3901512 2942902                       0.8721542    1.14459  31.2%   207 6801s
 3902598 2943773    1.05886   38   46    0.87215    1.14458  31.2%   207 6814s
H3902944 2943773                       0.8721543    1.14457  31.2%   207 6814s
 3904036 2945785    1.12676   43   41    0.87215    1.14456  31.2%   207 6826s
H3904483 2945785                       0.8721543    1.14456  31.2%   207 6826s
 3906983 2948978    1.09993   45   40    0.87215    1.14455  31.2%   207 6838s
H3907192 2948978                       0.8721543    1.14455  31.2%   207 6838s
 3911743 2952610    1.10390   41   46    0.87215    1.14453  31.2%   207 6848s
H3913313 2952610                       0.8721543    1.14451  31.2%   207 6848s
H3914725 2952610                       0.8721543    1.14449  31.2%   207 6849s
 3917255 2955804    1.10552   42   42    0.87215    1.14441  31.2%   207 6857s
 3922201 2958901    1.09776   42   41    0.87215    1.14412  31.2%   207 6865s
 3926760 2961214    1.06003   45   44    0.87215    1.14377  31.1%   207 6870s
 3930199 2963478    1.08531   42   41    0.87215    1.14349  31.1%   207 6876s
 3933633 2965742    1.06763   37   50    0.87215    1.14332  31.1%   207 6881s
 3937042 2967953    1.09987   40   43    0.87215    1.14317  31.1%   207 6887s
 3940384 2970304    1.08866   40   46    0.87215    1.14302  31.1%   207 6892s
 3943881 2972558    1.12066   43   41    0.87215    1.14275  31.0%   207 6898s
 3947315 2974769    1.00414   40   43    0.87215    1.14262  31.0%   207 6903s
 3950699 2976974    1.04932   38   46    0.87215    1.14247  31.0%   207 6908s
 3954005 2979216    1.07357   39   49    0.87215    1.14233  31.0%   207 6914s
 3957414 2981666    1.09041   42   47    0.87215    1.14219  31.0%   207 6919s
 3961036 2983897    1.07399   36   47    0.87215    1.14205  30.9%   207 6925s
 3964350 2986125    1.09408   37   45    0.87215    1.14191  30.9%   207 6930s
 3967782 2988331    1.10935   46   42    0.87215    1.14177  30.9%   207 6935s
 3971084 2990592     cutoff   39         0.87215    1.14163  30.9%   207 6940s
 3974447 2992908    1.09937   41   44    0.87215    1.14150  30.9%   207 6946s
 3977864 2995061     cutoff   38         0.87215    1.14137  30.9%   207 6951s
 3981114 2997401     cutoff   36         0.87215    1.14123  30.9%   207 6956s
 3984554 2999596     cutoff   37         0.87215    1.14110  30.8%   207 6961s
 3987860 3001982    1.11315   35   50    0.87215    1.14095  30.8%   207 6967s
 3991386 3004213    1.10044   44   41    0.87215    1.14081  30.8%   207 6972s
 3994824 3006495     cutoff   43         0.87215    1.14067  30.8%   207 6978s
 3998327 3008788    1.09810   41   46    0.87215    1.14053  30.8%   207 6983s
 4001754 3011051    1.09300   46   41    0.87215    1.14040  30.8%   207 6988s
 4005114 3013043    1.08584   36   50    0.87215    1.14027  30.7%   206 6993s
 4008272 3015293     cutoff   35         0.87215    1.14012  30.7%   206 6999s
 4011705 3017509    1.06642   38   49    0.87215    1.13999  30.7%   206 7004s
 4015063 3019742     cutoff   39         0.87215    1.13985  30.7%   206 7009s
 4018386 3022241    1.10261   45   43    0.87215    1.13972  30.7%   206 7015s
 4022094 3024353    1.12227   40   46    0.87215    1.13956  30.7%   206 7020s
 4025396 3026508    1.08071   45   41    0.87215    1.13943  30.6%   206 7025s
 4028659 3028675    0.99589   43   47    0.87215    1.13930  30.6%   206 7030s
 4031990 3030910    1.04029   39   46    0.87215    1.13916  30.6%   206 7035s
 4035246 3033150    1.09628   43   47    0.87215    1.13902  30.6%   206 7040s
 4038621 3035388    1.03197   43   40    0.87215    1.13889  30.6%   206 7045s
 4042013 3037571    1.06749   45   43    0.87215    1.13875  30.6%   206 7051s
 4045271 3039855     cutoff   36         0.87215    1.13863  30.6%   206 7056s
 4048713 3042290     cutoff   38         0.87215    1.13849  30.5%   206 7061s
 4052362 3044436     cutoff   45         0.87215    1.13834  30.5%   206 7067s
 4055644 3046691    1.08197   46   42    0.87215    1.13822  30.5%   206 7072s
 4059066 3048778    1.04820   38   42    0.87215    1.13808  30.5%   206 7077s
 4062228 3051184    1.05631   40   43    0.87215    1.13794  30.5%   206 7082s
 4065707 3053388    0.98941   42   44    0.87215    1.13780  30.5%   206 7087s
 4069106 3055486    1.08259   41   45    0.87215    1.13768  30.4%   206 7093s
 4072267 3057757    1.07116   38   36    0.87215    1.13755  30.4%   206 7098s
 4075737 3059899    1.10410   39   50    0.87215    1.13741  30.4%   206 7103s
 4079024 3062289    1.06190   40   46    0.87215    1.13728  30.4%   206 7109s
 4082656 3064472    1.13443   43   34    0.87215    1.13713  30.4%   206 7114s
 4085987 3066791     cutoff   37         0.87215    1.13700  30.4%   206 7119s
 4089415 3068942    1.09873   45   46    0.87215    1.13686  30.4%   206 7124s
 4092746 3071165    1.06532   40   46    0.87215    1.13674  30.3%   206 7130s
 4096098 3073296    0.89054   42   29    0.87215    1.13659  30.3%   206 7135s
 4099332 3075509     cutoff   32         0.87215    1.13646  30.3%   206 7140s
 4102687 3077714     cutoff   46         0.87215    1.13634  30.3%   206 7145s
 4106081 3079978    1.11812   45   42    0.87215    1.13621  30.3%   206 7150s
 4109446 3082460    1.11684   46   39    0.87215    1.13607  30.3%   206 7156s
 4113135 3084583     cutoff   40         0.87215    1.13592  30.2%   206 7161s
 4116324 3086798    1.06721   47   37    0.87215    1.13580  30.2%   206 7166s
 4119615 3089015     cutoff   38         0.87215    1.13567  30.2%   206 7171s
 4123006 3091236    1.11893   45   38    0.87215    1.13553  30.2%   206 7176s
 4126385 3093415     cutoff   43         0.87215    1.13540  30.2%   206 7182s
 4129770 3095738    1.07737   44   42    0.87215    1.13527  30.2%   206 7187s
 4133213 3097899    1.07644   47   39    0.87215    1.13514  30.2%   206 7192s
 4136556 3099985     cutoff   42         0.87215    1.13501  30.1%   206 7197s
 4139797 3102357    1.02000   44   45    0.87215    1.13487  30.1%   206 7203s
 4143550 3104463    1.09891   42   45    0.87215    1.13473  30.1%   206 7208s
 4146736 3106562    1.10179   39   48    0.87215    1.13460  30.1%   206 7213s
 4149893 3108818    1.00479   42   47    0.87215    1.13448  30.1%   206 7218s
 4153370 3111054    1.11182   43   41    0.87215    1.13434  30.1%   205 7223s
 4156786 3113140    0.98021   41   35    0.87215    1.13421  30.0%   205 7228s
 4160127 3115329     cutoff   39         0.87215    1.13408  30.0%   205 7234s
 4163498 3117485    1.08672   42   45    0.87215    1.13395  30.0%   205 7239s
 4166851 3119767     cutoff   39         0.87215    1.13383  30.0%   205 7244s
 4170254 3122130    1.07085   39   52    0.87215    1.13369  30.0%   205 7249s
 4173759 3124502    1.01759   42   45    0.87215    1.13356  30.0%   205 7255s
 4177274 3126792    1.10007   43   42    0.87215    1.13343  30.0%   205 7260s
 4180612 3129093     cutoff   33         0.87215    1.13329  29.9%   205 7265s
 4184114 3131391    1.12738   46   40    0.87215    1.13315  29.9%   205 7270s
 4187540 3133670     cutoff   41         0.87215    1.13303  29.9%   205 7275s
 4190926 3135861    1.01467   44   42    0.87215    1.13289  29.9%   205 7280s
 4194181 3136415    1.09871   42   41    0.87215    1.13277  29.9%   205 7287s
H4194456 3136415                       0.8721543    1.13276  29.9%   205 7288s
H4194938 3136415                       0.8721543    1.13276  29.9%   205 7288s
 4195049 3138777    1.12007   46   39    0.87215    1.13276  29.9%   205 7294s
 4198655 3141207    1.08679   41   44    0.87215    1.13267  29.9%   205 7300s
H4198773 3141207                       0.8721543    1.13267  29.9%   205 7300s
 4202279 3143564    1.09440   47   41    0.87215    1.13246  29.8%   205 7306s
 4205809 3145659     cutoff   43         0.87215    1.13232  29.8%   205 7311s
 4208975 3147918    1.08353   47   41    0.87215    1.13219  29.8%   205 7316s
 4212475 3150197    1.03240   38   49    0.87215    1.13207  29.8%   205 7322s
 4215975 3152622     cutoff   44         0.87215    1.13194  29.8%   205 7327s
 4219466 3154836     cutoff   32         0.87215    1.13181  29.8%   205 7332s
 4222899 3157015     cutoff   39         0.87215    1.13167  29.8%   205 7337s
 4226272 3159232    0.98633   46   38    0.87215    1.13155  29.7%   205 7343s
 4229565 3161454     cutoff   47         0.87215    1.13142  29.7%   205 7348s
 4232963 3163876    1.10695   45   44    0.87215    1.13128  29.7%   205 7353s
 4236680 3166125    1.09741   41   44    0.87215    1.13115  29.7%   205 7359s
 4240064 3168221     cutoff   39         0.87215    1.13102  29.7%   205 7364s
 4243282 3170385    1.11797   48   36    0.87215    1.13090  29.7%   205 7369s
 4246646 3172480     cutoff   40         0.87215    1.13078  29.7%   205 7374s
 4249914 3174719    1.06948   41   43    0.87215    1.13065  29.6%   205 7379s
 4253292 3176919    1.08104   37   48    0.87215    1.13053  29.6%   205 7384s
 4256625 3179068     cutoff   43         0.87215    1.13040  29.6%   205 7389s
 4259908 3181321    1.09700   43   44    0.87215    1.13027  29.6%   205 7394s
 4263300 3183726    1.09607   46   40    0.87215    1.13014  29.6%   205 7400s
 4266966 3185887     cutoff   39         0.87215    1.13001  29.6%   205 7405s
 4270252 3188024    1.06919   36   50    0.87215    1.12988  29.6%   205 7410s
 4273594 3190167    1.06179   48   35    0.87215    1.12976  29.5%   205 7415s
 4276908 3192323     cutoff   38         0.87215    1.12963  29.5%   205 7420s
 4280252 3194575    1.07999   43   45    0.87215    1.12950  29.5%   205 7425s
 4283596 3196739    1.03322   45   29    0.87215    1.12938  29.5%   205 7431s
 4286902 3199126    1.07808   45   42    0.87215    1.12925  29.5%   205 7436s
 4290405 3201133     cutoff   45         0.87215    1.12912  29.5%   205 7441s
 4293503 3203371    0.88712   46   41    0.87215    1.12900  29.4%   205 7447s
 4296976 3205684    1.03169   39   47    0.87215    1.12888  29.4%   205 7452s
 4300440 3208003    1.01039   40   49    0.87215    1.12874  29.4%   205 7457s
 4303950 3210230    1.07010   38   50    0.87215    1.12862  29.4%   204 7463s
 4307319 3212535    1.12013   46   28    0.87215    1.12849  29.4%   204 7468s
 4310779 3214768    0.93587   42   40    0.87215    1.12837  29.4%   204 7473s
 4314175 3216957    1.05444   38   49    0.87215    1.12824  29.4%   204 7478s
 4317480 3219126    0.93637   42   27    0.87215    1.12812  29.3%   204 7484s
 4320783 3221281    1.07074   45   40    0.87215    1.12799  29.3%   204 7489s
 4324144 3223694    1.10123   44   42    0.87215    1.12788  29.3%   204 7494s
 4327859 3225758    1.05977   41   46    0.87215    1.12774  29.3%   204 7499s
 4331093 3227951     cutoff   48         0.87215    1.12761  29.3%   204 7505s
 4334469 3230260    1.05586   37   47    0.87215    1.12749  29.3%   204 7510s
 4337862 3232387    1.08660   47   36    0.87215    1.12738  29.3%   204 7515s
 4341118 3234556    1.07326   40   47    0.87215    1.12725  29.2%   204 7520s
 4344558 3236796    1.08562   45   43    0.87215    1.12712  29.2%   204 7525s
 4347937 3238974    0.95313   35   46    0.87215    1.12700  29.2%   204 7530s
 4351208 3241140     cutoff   39         0.87215    1.12688  29.2%   204 7535s
 4354500 3243576     cutoff   43         0.87215    1.12676  29.2%   204 7540s
 4358151 3245768    1.02532   40   41    0.87215    1.12663  29.2%   204 7546s
 4361532 3248003    1.06958   40   47    0.87215    1.12650  29.2%   204 7551s
 4364961 3250174    1.02408   44   44    0.87215    1.12639  29.2%   204 7555s
 4368305 3252352    1.10531   42   44    0.87215    1.12626  29.1%   204 7561s
 4371592 3254492     cutoff   39         0.87215    1.12614  29.1%   204 7566s
 4374907 3256724    1.07904   41   45    0.87215    1.12603  29.1%   204 7571s
 4378274 3258860    1.06415   44   41    0.87215    1.12589  29.1%   204 7576s
 4381556 3261020    1.11490   45   42    0.87215    1.12577  29.1%   204 7581s
 4384838 3263401    1.08765   44   38    0.87215    1.12565  29.1%   204 7587s
 4388544 3265449     cutoff   45         0.87215    1.12551  29.0%   204 7591s
 4391748 3267591    1.05058   44   43    0.87215    1.12539  29.0%   204 7597s
 4394979 3269836    1.01203   39   45    0.87215    1.12528  29.0%   204 7602s
 4398371 3272100    1.10450   45   44    0.87215    1.12515  29.0%   204 7607s
 4401740 3274261    1.07902   43   42    0.87215    1.12503  29.0%   204 7612s
 4404967 3276540    1.09751   42   45    0.87215    1.12493  29.0%   204 7617s
 4408415 3278713    1.08252   45   47    0.87215    1.12480  29.0%   204 7622s
 4411773 3280829    1.10246   42   42    0.87215    1.12468  29.0%   204 7628s
 4415089 3283197     cutoff   39         0.87215    1.12457  28.9%   204 7633s
 4418784 3285192    1.06628   43   48    0.87215    1.12442  28.9%   204 7638s
 4422009 3287343    1.03733   43   44    0.87215    1.12430  28.9%   204 7643s
 4425320 3289553    1.10698   42   28    0.87215    1.12418  28.9%   204 7648s
 4428695 3291807     cutoff   39         0.87215    1.12406  28.9%   204 7654s
 4432138 3294007    1.04068   45   41    0.87215    1.12394  28.9%   204 7659s
 4435497 3296192    1.10153   43   41    0.87215    1.12382  28.9%   204 7664s
 4438856 3298271    1.01677   33   50    0.87215    1.12370  28.8%   204 7669s
 4442021 3300515    1.08154   42   46    0.87215    1.12358  28.8%   204 7674s
 4445385 3302884     cutoff   46         0.87215    1.12346  28.8%   204 7680s
 4449063 3304903     cutoff   39         0.87215    1.12332  28.8%   204 7685s
 4452202 3307097     cutoff   44         0.87215    1.12321  28.8%   204 7690s
 4455553 3309257    1.07486   39   48    0.87215    1.12309  28.8%   204 7695s
 4458967 3311501    1.06351   38   49    0.87215    1.12297  28.8%   203 7700s
 4462415 3313774    1.10348   45   39    0.87215    1.12284  28.7%   203 7705s
 4465839 3315860    1.08122   45   39    0.87215    1.12272  28.7%   203 7710s
 4469099 3318004    1.06758   40   47    0.87215    1.12262  28.7%   203 7716s
 4472528 3320230    1.07969   47   39    0.87215    1.12250  28.7%   203 7721s
 4475869 3322516     cutoff   44         0.87215    1.12237  28.7%   203 7726s
 4479382 3324779    1.09073   44   39    0.87215    1.12225  28.7%   203 7732s
 4482982 3326939    1.11352   46   30    0.87215    1.12212  28.7%   203 7737s
 4486321 3329116    1.02786   43   47    0.87215    1.12201  28.6%   203 7742s
 4489618 3331288    1.07833   37   50    0.87215    1.12190  28.6%   203 7747s
 4492986 3333434    1.10327   45   40    0.87215    1.12177  28.6%   203 7752s
 4496303 3335611    1.07444   47   41    0.87215    1.12165  28.6%   203 7757s
 4499675 3336908    1.03961   40   50    0.87215    1.12153  28.6%   203 7764s
H4500308 3336906                       0.8721546    1.12153  28.6%   203 7766s
 4501700 3338591    1.06896   42   43    0.87215    1.12152  28.6%   203 7772s
H4502276 3338591                       0.8721546    1.12152  28.6%   203 7773s
 4504294 3340135    0.91922   43   46    0.87215    1.12151  28.6%   203 7779s
 4506804 3341794    1.03932   41   48    0.87215    1.12149  28.6%   203 7785s
 4509472 3343949    1.11317   48   38    0.87215    1.12142  28.6%   203 7794s
 4512845 3346079    1.11888   39   35    0.87215    1.12133  28.6%   203 7804s
 4516140 3348349     cutoff   42         0.87215    1.12125  28.6%   203 7811s
 4519565 3350562    1.07558   39   49    0.87215    1.12114  28.5%   203 7818s
 4522988 3352676     cutoff   39         0.87215    1.12103  28.5%   203 7825s
 4526263 3354916    0.98222   37   48    0.87215    1.12089  28.5%   203 7831s
 4529820 3357264    0.96802   38   49    0.87215    1.12078  28.5%   203 7838s
 4533356 3359629     cutoff   43         0.87215    1.12064  28.5%   203 7845s
 4537023 3361653    1.08474   41   44    0.87215    1.12049  28.5%   203 7853s
 4540197 3364032    0.95055   41   44    0.87215    1.12036  28.5%   203 7859s
 4543801 3366036    1.08358   41   42    0.87215    1.12018  28.4%   203 7865s
 4546926 3368372     cutoff   45         0.87215    1.12004  28.4%   203 7871s
 4550499 3370697    1.06167   45   37    0.87215    1.11992  28.4%   203 7876s
 4554060 3372949 infeasible   38         0.87215    1.11981  28.4%   203 7882s
 4557537 3375205    1.05303   39   46    0.87215    1.11969  28.4%   203 7887s
 4561024 3377387    1.06233   39   50    0.87215    1.11950  28.4%   203 7893s
 4564382 3379712     cutoff   40         0.87215    1.11939  28.3%   203 7898s
 4567914 3382021    1.06998   39   46    0.87215    1.11926  28.3%   203 7904s
 4571489 3384266    1.05757   42   45    0.87215    1.11905  28.3%   203 7909s
 4574931 3386435     cutoff   40         0.87215    1.11891  28.3%   203 7915s
 4578319 3388582    1.05264   43   47    0.87215    1.11878  28.3%   203 7920s
 4581706 3390879    0.93387   46   40    0.87215    1.11867  28.3%   203 7925s
 4585220 3392916    1.05868   40   51    0.87215    1.11856  28.3%   203 7930s
 4588486 3395115     cutoff   39         0.87215    1.11844  28.2%   203 7935s
 4591811 3397286    1.00395   43   42    0.87215    1.11832  28.2%   203 7940s
 4595171 3399331     cutoff   40         0.87215    1.11821  28.2%   203 7946s
 4598314 3401705    1.06381   46   42    0.87215    1.11811  28.2%   203 7951s
 4602076 3403792     cutoff   41         0.87215    1.11798  28.2%   203 7956s
 4605266 3405963     cutoff   41         0.87215    1.11786  28.2%   203 7961s
 4608563 3408087     cutoff   36         0.87215    1.11775  28.2%   203 7967s
 4611911 3410274    1.06211   42   44    0.87215    1.11763  28.1%   203 7972s
 4615353 3412451     cutoff   42         0.87215    1.11751  28.1%   203 7977s
 4618670 3414618     cutoff   39         0.87215    1.11740  28.1%   203 7982s
 4622039 3416719    1.00788   42   42    0.87215    1.11728  28.1%   202 7987s
 4625326 3418874     cutoff   36         0.87215    1.11717  28.1%   202 7993s
 4628661 3421293    1.06510   44   40    0.87215    1.11706  28.1%   202 7998s
 4632340 3423412    1.05133   37   51    0.87215    1.11695  28.1%   202 8003s
 4635651 3425588    1.05845   47   36    0.87215    1.11682  28.1%   202 8009s
 4639044 3427673    0.94923   43   41    0.87215    1.11671  28.0%   202 8014s
 4642346 3429763    1.04774   47   37    0.87215    1.11660  28.0%   202 8019s
 4645676 3431944    1.07019   38   49    0.87215    1.11647  28.0%   202 8024s
 4649074 3434049     cutoff   41         0.87215    1.11636  28.0%   202 8029s
 4652408 3436177    1.08318   46   42    0.87215    1.11625  28.0%   202 8034s
 4655725 3438351     cutoff   37         0.87215    1.11613  28.0%   202 8039s
 4659099 3440669    1.09234   41   43    0.87215    1.11602  28.0%   202 8045s
 4662797 3442846    1.08543   44   28    0.87215    1.11590  27.9%   202 8050s
 4666118 3445078    1.07947   45   42    0.87215    1.11579  27.9%   202 8055s
 4669543 3447226     cutoff   40         0.87215    1.11567  27.9%   202 8060s
 4672838 3449374    0.91338   41   39    0.87215    1.11556  27.9%   202 8066s
 4676150 3451475    1.03914   40   47    0.87215    1.11544  27.9%   202 8071s
 4679481 3453652    1.07142   46   41    0.87215    1.11533  27.9%   202 8075s
 4682829 3455703    1.01638   35   49    0.87215    1.11523  27.9%   202 8080s
 4686042 3457816    1.07264   40   42    0.87215    1.11512  27.9%   202 8085s
 4689446 3460161    1.05149   37   50    0.87215    1.11501  27.8%   202 8091s
 4693167 3462131     cutoff   45         0.87215    1.11489  27.8%   202 8096s
 4696266 3464308    1.02813   39   39    0.87215    1.11478  27.8%   202 8101s
 4699625 3466479    1.08200   43   39    0.87215    1.11467  27.8%   202 8106s
 4702991 3468672    1.07925   48   34    0.87215    1.11455  27.8%   202 8111s
 4706395 3470815    1.06020   36   46    0.87215    1.11443  27.8%   202 8117s
 4709836 3472979    1.07856   40   40    0.87215    1.11432  27.8%   202 8122s
 4713179 3475208    0.98293   44   37    0.87215    1.11420  27.8%   202 8127s
 4716579 3477320    1.03404   43   36    0.87215    1.11409  27.7%   202 8132s
 4719947 3479675    0.98555   37   51    0.87215    1.11398  27.7%   202 8138s
 4723645 3481880    1.08009   41   45    0.87215    1.11386  27.7%   202 8143s
 4727017 3484064     cutoff   40         0.87215    1.11375  27.7%   202 8148s
 4730401 3486221    0.98731   40   43    0.87215    1.11363  27.7%   202 8153s
 4733599 3488270    1.07390   47   39    0.87215    1.11353  27.7%   202 8158s
 4736854 3490333    1.02454   38   47    0.87215    1.11343  27.7%   202 8163s
 4740175 3492589     cutoff   38         0.87215    1.11332  27.7%   202 8168s
 4743622 3494575    0.98918   46   39    0.87215    1.11321  27.6%   202 8173s
 4746899 3496749    1.03996   46   36    0.87215    1.11310  27.6%   202 8179s
 4750232 3499134    1.07665   44   40    0.87215    1.11299  27.6%   202 8184s
 4753881 3501388     cutoff   45         0.87215    1.11287  27.6%   202 8189s
 4756554 3501388     cutoff   42         0.87215    1.11286  27.6%   202 8190s
 4757296 3503541    1.06845   40   45    0.87215    1.11276  27.6%   202 8195s
 4760644 3505684    0.92501   39   42    0.87215    1.11265  27.6%   202 8200s
 4763962 3507876    1.08784   46   37    0.87215    1.11254  27.6%   202 8205s
 4767316 3510061    1.08400   45   40    0.87215    1.11243  27.5%   202 8210s
 4770666 3512268    1.05853   38   50    0.87215    1.11232  27.5%   202 8215s
 4774085 3514396    0.90313   44   45    0.87215    1.11220  27.5%   202 8220s
 4777371 3516561    1.03294   40   48    0.87215    1.11210  27.5%   202 8225s
 4780748 3519006     cutoff   44         0.87215    1.11198  27.5%   202 8231s
 4784469 3521063    1.00135   41   44    0.87215    1.11186  27.5%   202 8236s
 4787639 3523390     cutoff   41         0.87215    1.11176  27.5%   201 8242s
 4791037 3525559    1.07339   40   42    0.87215    1.11165  27.5%   201 8247s
 4794398 3527804    1.06180   46   37    0.87215    1.11154  27.4%   201 8252s
 4797818 3529881    1.04161   38   49    0.87215    1.11142  27.4%   201 8257s
 4801125 3531986    0.90602   44   43    0.87215    1.11132  27.4%   201 8262s
 4804485 3533888    1.05093   41   43    0.87215    1.11121  27.4%   201 8267s
 4807544 3535978    0.96860   43   42    0.87215    1.11111  27.4%   201 8272s
 4810820 3538302    1.05605   47   38    0.87215    1.11100  27.4%   201 8278s
 4814479 3540381    1.02254   45   38    0.87215    1.11088  27.4%   201 8283s
 4817759 3542496    0.95798   38   45    0.87215    1.11077  27.4%   201 8288s
 4821159 3544646    1.06995   43   43    0.87215    1.11066  27.3%   201 8293s
 4824601 3546607    0.90336   40   43    0.87215    1.11055  27.3%   201 8299s
 4827818 3548773    1.07171   45   31    0.87215    1.11045  27.3%   201 8304s
 4831268 3550965    1.05752   42   43    0.87215    1.11033  27.3%   201 8309s
 4834642 3552982     cutoff   40         0.87215    1.11022  27.3%   201 8314s
 4837868 3555086     cutoff   35         0.87215    1.11012  27.3%   201 8319s
 4841247 3557344    1.08152   45   40    0.87215    1.11001  27.3%   201 8325s
 4844913 3559470    1.07473   46   43    0.87215    1.10989  27.3%   201 8330s
 4848211 3561559    1.07257   45   46    0.87215    1.10978  27.2%   201 8335s
 4851577 3563724    1.07289   44   41    0.87215    1.10967  27.2%   201 8340s
 4854879 3565828    1.02448   43   42    0.87215    1.10956  27.2%   201 8346s
 4858229 3567941     cutoff   33         0.87215    1.10945  27.2%   201 8351s
 4861611 3570030    1.04421   47   40    0.87215    1.10934  27.2%   201 8356s
 4864881 3572235     cutoff   42         0.87215    1.10924  27.2%   201 8361s
 4868292 3574142    0.97117   44   34    0.87215    1.10913  27.2%   201 8366s
 4871434 3576451    1.08715   42   43    0.87215    1.10902  27.2%   201 8372s
 4875097 3578602    0.97212   46   40    0.87215    1.10891  27.1%   201 8377s
 4878426 3580729    0.99766   38   52    0.87215    1.10880  27.1%   201 8382s
 4881813 3582880    0.99827   47   39    0.87215    1.10869  27.1%   201 8388s
 4885183 3585077    1.02174   44   44    0.87215    1.10859  27.1%   201 8393s
 4888603 3587173    1.04965   37   50    0.87215    1.10848  27.1%   201 8398s
 4891825 3589280    1.09636   44   40    0.87215    1.10837  27.1%   201 8403s
 4895194 3591354    1.07627   42   47    0.87215    1.10826  27.1%   201 8408s
 4898451 3593498    1.06165   43   41    0.87215    1.10816  27.1%   201 8413s
 4901809 3595841    0.94338   43   37    0.87215    1.10805  27.0%   201 8419s
 4905505 3598058    1.01969   40   45    0.87215    1.10793  27.0%   201 8424s
 4908890 3600012    1.06525   43   42    0.87215    1.10782  27.0%   201 8429s
 4912175 3602044     cutoff   41         0.87215    1.10771  27.0%   201 8435s
 4915378 3604184    1.05974   46   40    0.87215    1.10761  27.0%   201 8440s
 4918684 3606337    1.04123   43   43    0.87215    1.10751  27.0%   201 8445s
 4922100 3608403    1.05075   45   27    0.87215    1.10741  27.0%   201 8450s
 4925399 3610538    1.06136   46   38    0.87215    1.10730  27.0%   201 8455s
 4928769 3612620    1.06024   43   45    0.87215    1.10719  26.9%   201 8460s
 4932048 3614924    1.08395   43   33    0.87215    1.10709  26.9%   201 8466s
 4935649 3617098    1.06691   44   30    0.87215    1.10698  26.9%   201 8472s
 4939046 3619174    1.07680   48   39    0.87215    1.10687  26.9%   201 8477s
 4942355 3621441     cutoff   48         0.87215    1.10677  26.9%   201 8482s
 4945911 3623534    1.09284   43   30    0.87215    1.10665  26.9%   201 8487s
 4949157 3625529    1.05912   42   46    0.87215    1.10655  26.9%   201 8492s
 4952434 3627213     cutoff   38         0.87215    1.10645  26.9%   201 8497s
 4955328 3629186     cutoff   44         0.87215    1.10636  26.9%   201 8502s
 4958636 3631167    1.02896   39   52    0.87215    1.10626  26.8%   201 8508s
 4961972 3633304    1.05786   46   41    0.87215    1.10617  26.8%   201 8513s
 4965471 3635319    0.98741   40   45    0.87215    1.10606  26.8%   201 8519s
 4968726 3637357    1.07089   45   39    0.87215    1.10597  26.8%   201 8524s
 4972044 3639332    1.07286   42   45    0.87215    1.10586  26.8%   201 8529s
 4975372 3641352    1.02084   44   45    0.87215    1.10577  26.8%   201 8534s
 4978719 3643356    0.90975   38   27    0.87215    1.10567  26.8%   201 8540s
 4982033 3645361    1.08901   47   36    0.87215    1.10558  26.8%   200 8545s
 4985400 3647362    0.93700   37   47    0.87215    1.10547  26.8%   200 8550s
 4988705 3649433    1.00658   40   46    0.87215    1.10538  26.7%   200 8555s
 4991989 3651557    0.97913   43   39    0.87215    1.10529  26.7%   200 8561s
 4995537 3653537    1.06595   44   40    0.87215    1.10518  26.7%   200 8566s
 4998815 3655540    1.06553   42   45    0.87215    1.10508  26.7%   200 8571s
 5002136 3657508     cutoff   41         0.87215    1.10499  26.7%   200 8577s
 5005388 3659459    1.09560   43   40    0.87215    1.10489  26.7%   200 8582s
 5008691 3661428    1.01550   40   46    0.87215    1.10480  26.7%   200 8587s
 5011950 3663381    1.05682   46   41    0.87215    1.10470  26.7%   200 8592s
 5015168 3665425    1.05536   46   43    0.87215    1.10461  26.7%   200 8598s
 5018527 3667533    1.03281   43   42    0.87215    1.10451  26.6%   200 8603s
 5021931 3669588    1.04744   44   43    0.87215    1.10441  26.6%   200 8608s
 5025253 3671664    0.90375   38   48    0.87215    1.10432  26.6%   200 8614s
 5028653 3673687    1.03620   45   42    0.87215    1.10422  26.6%   200 8619s
 5032086 3675579    0.91866   33   48    0.87215    1.10412  26.6%   200 8625s
 5035303 3677682    1.08745   46   39    0.87215    1.10402  26.6%   200 8630s
 5038759 3679661    0.93803   47   38    0.87215    1.10392  26.6%   200 8636s
 5042009 3681694    1.09335   47   38    0.87215    1.10382  26.6%   200 8641s
 5045427 3683699    1.00754   39   44    0.87215    1.10373  26.6%   200 8646s
 5048817 3685725    1.04052   46   37    0.87215    1.10363  26.5%   200 8652s
 5052165 3687796     cutoff   42         0.87215    1.10354  26.5%   200 8657s
 5055695 3689764     cutoff   43         0.87215    1.10344  26.5%   200 8662s
 5058897 3691736     cutoff   41         0.87215    1.10334  26.5%   200 8668s
 5062224 3693692    1.06902   42   44    0.87215    1.10324  26.5%   200 8673s
 5065529 3695695 infeasible   43         0.87215    1.10315  26.5%   200 8678s
 5068866 3697803    0.97115   39   42    0.87215    1.10306  26.5%   200 8684s
 5072182 3699738    1.09116   49   36    0.87215    1.10296  26.5%   200 8689s
 5075522 3701729    1.07258   45   42    0.87215    1.10286  26.5%   200 8694s
 5078876 3703673     cutoff   48         0.87215    1.10276  26.4%   200 8700s
 5082219 3705454     cutoff   39         0.87215    1.10266  26.4%   200 8705s
 5085339 3707690    1.03020   35   52    0.87215    1.10257  26.4%   200 8711s
 5089073 3709644    1.00180   42   36    0.87215    1.10247  26.4%   200 8716s
 5092375 3711789    0.95164   42   42    0.87215    1.10238  26.4%   200 8722s
 5095908 3713885     cutoff   45         0.87215    1.10227  26.4%   200 8727s
 5099330 3715946    1.07793   41   45    0.87215    1.10217  26.4%   200 8733s
 5102712 3717999    0.97795   41   41    0.87215    1.10208  26.4%   200 8738s
 5106160 3719886    1.05053   42   46    0.87215    1.10198  26.4%   200 8744s
 5109323 3722035     cutoff   44         0.87215    1.10189  26.3%   200 8749s
 5112778 3724164    1.10171   48   39    0.87215    1.10179  26.3%   200 8755s
 5116261 3726070    1.01167   39   50    0.87215    1.10170  26.3%   200 8760s
 5119595 3728034    0.95066   34   49    0.87215    1.10160  26.3%   200 8765s
 5122830 3729971    1.05480   46   36    0.87215    1.10151  26.3%   200 8770s
 5126168 3731991    1.07281   46   41    0.87215    1.10140  26.3%   200 8776s
 5129459 3733949    1.03557   47   34    0.87215    1.10132  26.3%   200 8781s
 5132740 3736067    1.09993   28   58    0.87215    1.10123  26.3%   200 8786s
 5136114 3738155    0.97683   45   40    0.87215    1.10113  26.3%   200 8792s
 5139458 3740101     cutoff   41         0.87215    1.10104  26.2%   200 8797s
 5142672 3742174     cutoff   40         0.87215    1.10094  26.2%   200 8802s
 5146184 3744180    0.88728   40   42    0.87215    1.10084  26.2%   200 8807s
 5149459 3746188    1.09324   46   29    0.87215    1.10075  26.2%   200 8813s
 5152719 3748007    0.97585   34   44    0.87215    1.10066  26.2%   200 8818s
 5155823 3750037    1.05391   41   44    0.87215    1.10057  26.2%   200 8823s
 5159266 3751970     cutoff   44         0.87215    1.10048  26.2%   200 8828s
 5162603 3754053    1.03649   43   43    0.87215    1.10038  26.2%   200 8834s
 5166037 3756023    1.03210   47   42    0.87215    1.10028  26.2%   200 8839s
 5169432 3758022    1.03771   39   46    0.87215    1.10018  26.1%   200 8844s
 5172737 3760127    1.06222   46   43    0.87215    1.10009  26.1%   200 8850s
 5176259 3762122    1.09983   47   36    0.87215    1.10000  26.1%   200 8855s
 5179485 3764085     cutoff   38         0.87215    1.09991  26.1%   200 8860s
 5182768 3766098     cutoff   41         0.87215    1.09982  26.1%   200 8866s
 5186211 3768124     cutoff   43         0.87215    1.09972  26.1%   200 8871s
 5189623 3769982    0.87271   36   48    0.87215    1.09963  26.1%   200 8876s
 5192859 3771999     cutoff   40         0.87215    1.09954  26.1%   200 8881s
 5196125 3773986    1.01091   39   49    0.87215    1.09945  26.1%   200 8887s
 5199516 3775959    1.04912   45   43    0.87215    1.09935  26.1%   200 8892s
 5202902 3778038    1.00712   38   52    0.87215    1.09926  26.0%   200 8897s
 5206393 3779994    1.04327   40   45    0.87215    1.09916  26.0%   200 8903s
 5209734 3782066    1.02966   41   44    0.87215    1.09907  26.0%   200 8908s
 5213064 3784114    1.00796   44   38    0.87215    1.09898  26.0%   200 8913s
 5216445 3785690     cutoff   44         0.87215    1.09888  26.0%   200 8918s
 5219285 3787685     cutoff   38         0.87215    1.09881  26.0%   200 8923s
 5222661 3789757     cutoff   44         0.87215    1.09871  26.0%   200 8929s
 5226122 3791741    1.05300   46   37    0.87215    1.09862  26.0%   200 8934s
 5229557 3793677    1.05748   47   41    0.87215    1.09852  26.0%   200 8939s
 5232898 3795714    1.07278   48   38    0.87215    1.09842  25.9%   200 8945s
 5236469 3797582    1.05087   41   41    0.87215    1.09832  25.9%   200 8950s
 5239660 3799501    1.01048   40   45    0.87215    1.09823  25.9%   200 8955s
 5243007 3801509    1.04467   46   38    0.87215    1.09814  25.9%   200 8960s
 5246341 3803443    1.06432   46   45    0.87215    1.09805  25.9%   200 8966s
 5249628 3805422     cutoff   38         0.87215    1.09795  25.9%   200 8971s
 5252990 3807406    0.89711   44   41    0.87215    1.09785  25.9%   200 8976s
 5256323 3809371    1.02485   37   51    0.87215    1.09777  25.9%   200 8981s
 5259688 3811302     cutoff   37         0.87215    1.09767  25.9%   200 8986s
 5262999 3813352    1.07295   43   43    0.87215    1.09760  25.8%   200 8992s
 5266568 3815332    1.04714   47   41    0.87215    1.09749  25.8%   200 8997s
 5269851 3817315    1.04925   42   43    0.87215    1.09740  25.8%   200 9002s
 5273204 3819287    1.05112   40   40    0.87215    1.09731  25.8%   200 9007s
 5276442 3821201    1.05664   46   42    0.87215    1.09722  25.8%   200 9012s
 5279700 3823193     cutoff   43         0.87215    1.09713  25.8%   200 9018s
 5283040 3825108    1.05595   46   39    0.87215    1.09704  25.8%   200 9023s
 5286296 3827107    1.05884   47   40    0.87215    1.09695  25.8%   200 9028s
 5289620 3829063    0.96774   39   43    0.87215    1.09686  25.8%   200 9033s
 5292948 3831145    1.00514   41   46    0.87215    1.09677  25.8%   200 9039s
 5296418 3833226    0.95971   38   51    0.87215    1.09668  25.7%   200 9044s
 5299838 3835199     cutoff   35         0.87215    1.09659  25.7%   200 9049s
 5303152 3837096    1.06029   40   44    0.87215    1.09649  25.7%   200 9054s
 5305689 3837096    1.05699   43   45    0.87215    1.09649  25.7%   200 9055s
 5306395 3839038     cutoff   45         0.87215    1.09641  25.7%   200 9060s
 5309704 3840952    0.98588   36   45    0.87215    1.09632  25.7%   200 9065s
 5313000 3842854    1.03452   46   41    0.87215    1.09623  25.7%   200 9070s
 5316277 3844797    0.91746   38   46    0.87215    1.09613  25.7%   200 9075s
 5319652 3846792    1.09258   44   41    0.87215    1.09604  25.7%   200 9081s
 5323026 3848590    0.96009   36   50    0.87215    1.09595  25.7%   200 9086s
 5326190 3850796    0.96904   40   42    0.87215    1.09586  25.6%   200 9092s
 5329914 3852689    0.95582   42   40    0.87215    1.09576  25.6%   200 9097s
 5333232 3854716    1.07067   44   38    0.87215    1.09567  25.6%   200 9103s
 5336733 3856757     cutoff   43         0.87215    1.09557  25.6%   200 9108s
 5340131 3858776    0.94938   42   41    0.87215    1.09548  25.6%   200 9113s
 5343496 3860827    1.09185   47   39    0.87215    1.09538  25.6%   200 9119s
 5346930 3862772     cutoff   42         0.87215    1.09529  25.6%   200 9124s
 5350268 3864743     cutoff   47         0.87215    1.09520  25.6%   200 9129s
 5353618 3866792    0.99996   41   43    0.87215    1.09512  25.6%   200 9134s
 5356953 3868838    1.06852   43   41    0.87215    1.09503  25.6%   200 9140s
 5360496 3870915    1.03995   43   39    0.87215    1.09493  25.5%   200 9145s
 5363914 3872973    1.07551   44   27    0.87215    1.09484  25.5%   200 9150s
 5367303 3874834    1.01360   38   35    0.87215    1.09476  25.5%   200 9156s
 5370623 3876680    0.97929   36   51    0.87215    1.09467  25.5%   200 9161s
 5373937 3878671    1.09098   46   28    0.87215    1.09458  25.5%   200 9166s
 5377380 3880629     cutoff   47         0.87215    1.09449  25.5%   200 9171s
 5380748 3882544     cutoff   49         0.87215    1.09439  25.5%   200 9177s
 5384044 3884581    1.04068   46   26    0.87215    1.09431  25.5%   200 9182s
 5387546 3886568    1.02326   40   48    0.87215    1.09422  25.5%   200 9187s
 5390864 3888478    1.03656   44   40    0.87215    1.09413  25.5%   200 9193s
 5394171 3890230    1.02406   46   27    0.87215    1.09404  25.4%   200 9198s
 5397282 3892311    0.97843   36   50    0.87215    1.09395  25.4%   200 9203s
 5400782 3894224    1.06814   41   45    0.87215    1.09386  25.4%   200 9208s
 5404109 3896158    1.02397   43   31    0.87215    1.09377  25.4%   200 9213s
 5407398 3898140    0.96968   42   45    0.87215    1.09369  25.4%   200 9219s
 5410819 3900175    1.05493   47   39    0.87215    1.09359  25.4%   200 9224s
 5414201 3902319    1.01954   38   47    0.87215    1.09351  25.4%   200 9229s
 5417742 3904178    1.04153   42   47    0.87215    1.09341  25.4%   200 9235s
 5420912 3906141     cutoff   43         0.87215    1.09333  25.4%   200 9240s
 5424334 3908110    0.91654   33   55    0.87215    1.09323  25.3%   200 9245s
 5427636 3910020     cutoff   39         0.87215    1.09315  25.3%   200 9250s
 5430902 3911946    1.02402   37   49    0.87215    1.09307  25.3%   200 9256s
 5434332 3913816    1.04604   47   38    0.87215    1.09297  25.3%   200 9261s
 5437630 3915692     cutoff   40         0.87215    1.09288  25.3%   200 9267s
 5440897 3917425    1.03973   37   55    0.87215    1.09280  25.3%   200 9272s
 5443984 3919483    1.06805   45   41    0.87215    1.09271  25.3%   200 9277s
 5447500 3921315    0.94234   41   44    0.87215    1.09262  25.3%   200 9282s
 5450815 3923135    1.05099   42   34    0.87215    1.09253  25.3%   200 9288s
 5453958 3925128    1.04215   43   44    0.87215    1.09244  25.3%   200 9293s
 5457409 3927024    0.94452   40   46    0.87215    1.09236  25.2%   200 9298s
 5460742 3928956    0.95865   37   45    0.87215    1.09227  25.2%   200 9303s
 5464144 3930893    1.03336   44   43    0.87215    1.09218  25.2%   200 9309s
 5467505 3932790    1.02925   47   36    0.87215    1.09209  25.2%   200 9314s
 5470671 3934701    1.04866   46   41    0.87215    1.09200  25.2%   200 9319s
 5473985 3936724     cutoff   47         0.87215    1.09192  25.2%   200 9324s
 5477452 3936751    1.05926   47   39    0.87215    1.09183  25.2%   200 9334s
H5477470 3936750                       0.8721547    1.09182  25.2%   200 9336s
 5477489 3936849    1.07881   45   39    0.87215    1.09182  25.2%   200 9343s
 5477641 3936941    1.05804   46   41    0.87215    1.09182  25.2%   200 9352s
 5477811 3937027    1.05955   45   44    0.87215    1.09181  25.2%   200 9364s
 5477978 3937154    1.03710   46   39    0.87215    1.09181  25.2%   200 9374s
 5478160 3937467    0.93782   39   45    0.87215    1.09181  25.2%   200 9383s
 5478768 3938667     cutoff   37         0.87215    1.09181  25.2%   200 9398s
H5480639 3938664                       0.8721549    1.09181  25.2%   200 9398s
 5480970 3941684    0.94148   43   41    0.87215    1.09181  25.2%   200 9411s
 5486168 3944962    1.07409   43   33    0.87215    1.09180  25.2%   200 9421s
 5491817 3947535    1.08364   48   36    0.87215    1.09173  25.2%   200 9434s
 5496304 3950122     cutoff   41         0.87215    1.09157  25.2%   200 9441s
 5500787 3952603    0.98739   38   47    0.87215    1.09139  25.1%   200 9448s
 5505023 3954527    0.99766   42   47    0.87215    1.09126  25.1%   200 9454s
 5508422 3956443     cutoff   32         0.87215    1.09111  25.1%   200 9459s
 5511779 3958412    1.00795   37   48    0.87215    1.09092  25.1%   200 9465s
 5515246 3960353     cutoff   43         0.87215    1.09083  25.1%   200 9470s
 5518621 3962195     cutoff   39         0.87215    1.09075  25.1%   200 9475s
 5521961 3964120    1.04750   45   40    0.87215    1.09066  25.1%   200 9481s
 5525209 3966137    1.04642   37   46    0.87215    1.09058  25.0%   200 9486s
 5528648 3968067    0.98846   40   29    0.87215    1.09048  25.0%   200 9491s
 5532022 3969926    1.06114   44   40    0.87215    1.09041  25.0%   200 9497s
 5535308 3971857    1.04736   43   45    0.87215    1.09032  25.0%   200 9502s
 5538730 3973877    0.95072   39   43    0.87215    1.09023  25.0%   200 9508s
 5542164 3975903    1.05583   47   38    0.87215    1.09014  25.0%   200 9513s
 5545559 3977792     cutoff   35         0.87215    1.09005  25.0%   200 9518s
 5548904 3979608    1.03631   47   39    0.87215    1.08997  25.0%   200 9524s
 5552261 3981503    1.04134   44   41    0.87215    1.08988  25.0%   200 9529s
 5555527 3983365     cutoff   39         0.87215    1.08980  25.0%   200 9534s
 5558002 3983365    1.02677   43   43    0.87215    1.08979  25.0%   200 9535s
 5558837 3985356    0.99067   40   44    0.87215    1.08971  24.9%   200 9540s
 5562205 3987253    1.04099   41   42    0.87215    1.08962  24.9%   200 9545s
 5565434 3988888    1.02175   37   48    0.87215    1.08954  24.9%   200 9551s
 5568508 3991071    1.05100   41   40    0.87215    1.08946  24.9%   200 9557s
 5572359 3993108     cutoff   35         0.87215    1.08937  24.9%   199 9563s
 5575890 3995074    0.92569   40   45    0.87215    1.08927  24.9%   199 9568s
 5579295 3997121    0.92578   38   43    0.87215    1.08918  24.9%   199 9573s
 5582813 3999126    0.97941   43   43    0.87215    1.08910  24.9%   199 9579s
 5586241 4001093    1.07790   48   37    0.87215    1.08902  24.9%   199 9584s
 5589656 4003061    0.94092   42   39    0.87215    1.08892  24.9%   199 9589s
 5592965 4004890    1.02676   46   39    0.87215    1.08884  24.8%   199 9594s
 5596297 4006888    1.00250   44   41    0.87215    1.08876  24.8%   199 9600s
 5599800 4008870    1.05073   43   42    0.87215    1.08866  24.8%   199 9605s
 5603145 4010865    1.04942   45   44    0.87215    1.08859  24.8%   199 9610s
 5606417 4012818    0.97950   38   42    0.87215    1.08850  24.8%   199 9616s
 5609833 4014776    0.98823   40   44    0.87215    1.08841  24.8%   199 9621s
 5613170 4016690    1.07037   46   41    0.87215    1.08834  24.8%   199 9626s
 5616463 4018566    0.99156   39   31    0.87215    1.08825  24.8%   199 9632s
 5619890 4020469    1.02922   40   46    0.87215    1.08816  24.8%   199 9637s
 5623242 4022355    1.07040   44   38    0.87215    1.08808  24.8%   199 9642s
 5626554 4024377    1.04134   43   43    0.87215    1.08800  24.7%   199 9648s
 5630141 4026252    0.93841   43   40    0.87215    1.08792  24.7%   199 9653s
 5633369 4028229    0.96400   46   38    0.87215    1.08784  24.7%   199 9658s
 5636688 4030190    1.03735   45   29    0.87215    1.08775  24.7%   199 9663s
 5639971 4032168     cutoff   37         0.87215    1.08767  24.7%   199 9669s
 5643275 4034081    1.05976   46   39    0.87215    1.08758  24.7%   199 9674s
 5646669 4036004    1.07654   43   43    0.87215    1.08750  24.7%   199 9679s
 5650032 4037903     cutoff   40         0.87215    1.08741  24.7%   199 9684s
 5653434 4039742    1.05640   44   32    0.87215    1.08734  24.7%   199 9689s
 5656806 4041789    1.05708   47   37    0.87215    1.08724  24.7%   199 9695s
 5660401 4043669    1.04018   45   42    0.87215    1.08716  24.7%   199 9700s
 5663624 4045529    0.95905   46   39    0.87215    1.08707  24.6%   199 9705s
 5666816 4047461    1.03659   41   45    0.87215    1.08699  24.6%   199 9711s
 5670258 4049238    1.01428   38   47    0.87215    1.08691  24.6%   199 9716s
 5673577 4051237     cutoff   42         0.87215    1.08683  24.6%   199 9721s
 5676888 4053105     cutoff   39         0.87215    1.08674  24.6%   199 9727s
 5680218 4054984    1.04852   46   42    0.87215    1.08666  24.6%   199 9732s
 5683515 4056875    1.05387   48   34    0.87215    1.08658  24.6%   199 9737s
 5686849 4058904    1.04280   45   39    0.87215    1.08649  24.6%   199 9743s
 5690309 4060739    0.99408   39   43    0.87215    1.08640  24.6%   199 9748s
 5693460 4062475    1.04884   39   42    0.87215    1.08632  24.6%   199 9754s
 5696607 4064460    0.90907   42   44    0.87215    1.08624  24.5%   199 9759s
 5700117 4066497    1.06199   47   39    0.87215    1.08615  24.5%   199 9765s
 5703738 4068382    1.04507   43   41    0.87215    1.08605  24.5%   199 9770s
 5707084 4070325    1.06289   46   40    0.87215    1.08596  24.5%   199 9775s
 5710492 4072244    0.97544   38   44    0.87215    1.08588  24.5%   199 9781s
 5713989 4074225     cutoff   35         0.87215    1.08580  24.5%   199 9786s
 5717429 4076288    1.03197   42   44    0.87215    1.08571  24.5%   199 9791s
 5720926 4078158    0.97143   47   37    0.87215    1.08564  24.5%   199 9797s
 5724243 4080078    1.01690   42   41    0.87215    1.08555  24.5%   199 9802s
 5727573 4082084    1.07242   46   39    0.87215    1.08546  24.5%   199 9807s
 5731020 4084085    1.05489   44   41    0.87215    1.08538  24.4%   199 9812s
 5734448 4085878 infeasible   45         0.87215    1.08529  24.4%   199 9818s
 5737659 4087695    1.02709   48   39    0.87215    1.08521  24.4%   199 9823s
 5740925 4089653     cutoff   40         0.87215    1.08513  24.4%   199 9828s
 5744283 4091633    1.04771   43   45    0.87215    1.08505  24.4%   199 9833s
 5747696 4093589     cutoff   44         0.87215    1.08497  24.4%   199 9839s
 5751154 4095555    1.08413   46   41    0.87215    1.08487  24.4%   199 9844s
 5754542 4097452    1.05972   46   42    0.87215    1.08479  24.4%   199 9850s
 5757884 4099321    1.08434   45   40    0.87215    1.08472  24.4%   199 9855s
 5761254 4101223     cutoff   45         0.87215    1.08463  24.4%   199 9860s
 5764627 4103101    1.08253   43   40    0.87215    1.08455  24.4%   199 9865s
 5767956 4105060    1.03099   45   44    0.87215    1.08446  24.3%   199 9871s
 5771383 4106831    1.04689   41   45    0.87215    1.08438  24.3%   199 9876s
 5774703 4108701    1.04877   44   41    0.87215    1.08430  24.3%   199 9881s
 5778011 4110612    1.02672   45   44    0.87215    1.08422  24.3%   199 9887s
 5781489 4112545     cutoff   33         0.87215    1.08414  24.3%   199 9892s
 5784845 4114483     cutoff   39         0.87215    1.08406  24.3%   199 9897s
 5788336 4116441     cutoff   41         0.87215    1.08397  24.3%   199 9903s
 5791629 4118382    1.08375   48   39    0.87215    1.08389  24.3%   199 9908s
 5794990 4120226    1.00536   45   43    0.87215    1.08381  24.3%   199 9913s
 5798266 4122078     cutoff   47         0.87215    1.08372  24.3%   199 9918s
 5801531 4123828     cutoff   39         0.87215    1.08364  24.2%   199 9924s
 5804704 4125738     cutoff   48         0.87215    1.08357  24.2%   199 9929s
 5808058 4127738     cutoff   41         0.87215    1.08348  24.2%   199 9935s
 5811628 4129627    0.99574   40   41    0.87215    1.08340  24.2%   199 9940s
 5815008 4131456     cutoff   40         0.87215    1.08331  24.2%   199 9945s
 5818277 4133314    1.03149   40   41    0.87215    1.08323  24.2%   199 9950s
 5821622 4135197     cutoff   44         0.87215    1.08315  24.2%   199 9956s
 5824991 4137081    1.03073   43   46    0.87215    1.08307  24.2%   199 9961s
 5828350 4138984    1.04330   44   33    0.87215    1.08299  24.2%   199 9966s
 5831637 4140779     cutoff   40         0.87215    1.08291  24.2%   199 9971s
 5834898 4142383    0.97985   40   44    0.87215    1.08282  24.2%   199 9976s
 5837968 4144354    1.05706   43   41    0.87215    1.08275  24.1%   199 9982s
 5841605 4146146    1.00364   37   49    0.87215    1.08267  24.1%   199 9987s
 5844786 4148056    1.01219   42   42    0.87215    1.08259  24.1%   199 9992s
 5848170 4149980    0.98405   35   47    0.87215    1.08251  24.1%   199 9997s
 5851563 4151796    1.01836   40   45    0.87215    1.08243  24.1%   199 10002s
 5854829 4153611     cutoff   45         0.87215    1.08236  24.1%   199 10007s
 5858100 4155404    1.01153   41   40    0.87215    1.08227  24.1%   199 10013s
 5861407 4157242     cutoff   45         0.87215    1.08219  24.1%   199 10018s
 5864707 4159102    1.04246   44   39    0.87215    1.08211  24.1%   199 10023s
 5868057 4160996    1.00031   43   40    0.87215    1.08203  24.1%   199 10029s
 5871575 4162838    1.04088   43   43    0.87215    1.08195  24.1%   199 10034s
 5874932 4164719 infeasible   40         0.87215    1.08186  24.0%   199 10039s
 5878247 4166616    0.95523   39   50    0.87215    1.08179  24.0%   199 10044s
 5881621 4168419    1.06393   46   39    0.87215    1.08170  24.0%   199 10050s
 5885003 4170340    1.03330   47   38    0.87215    1.08162  24.0%   199 10055s
 5888359 4172203    1.00811   46   32    0.87215    1.08154  24.0%   199 10060s
 5891714 4173937    1.03585   46   42    0.87215    1.08146  24.0%   199 10065s
 5894975 4175796    1.06324   47   37    0.87215    1.08138  24.0%   199 10071s
 5898305 4177719    1.05551   43   45    0.87215    1.08130  24.0%   199 10076s
 5901860 4179652    1.01641   40   47    0.87215    1.08122  24.0%   199 10082s
 5905186 4181461    1.07518   46   39    0.87215    1.08113  24.0%   199 10087s
 5908495 4183337    1.05474   43   46    0.87215    1.08106  24.0%   199 10092s
 5911821 4184805    1.07596   46   36    0.87215    1.08098  23.9%   199 10097s
 5914659 4186723    0.98668   40   48    0.87215    1.08091  23.9%   199 10103s
 5918172 4188730    1.02439   40   49    0.87215    1.08084  23.9%   199 10108s
 5921517 4190619    1.02999   47   40    0.87215    1.08076  23.9%   199 10113s
 5924917 4192548    0.95269   40   42    0.87215    1.08068  23.9%   199 10119s
 5928386 4194552    1.03456   47   23    0.87215    1.08059  23.9%   199 10124s
 5931926 4196405    1.02385   38   42    0.87215    1.08051  23.9%   199 10129s
 5935253 4198162    1.02424   44   46    0.87215    1.08043  23.9%   199 10134s
 5938605 4199975    1.07891   43   41    0.87215    1.08035  23.9%   199 10139s
 5941926 4201851    1.06909   44   42    0.87215    1.08027  23.9%   199 10145s
 5945262 4203788    0.93102   41   43    0.87215    1.08020  23.9%   199 10150s
 5948614 4205649     cutoff   42         0.87215    1.08013  23.8%   199 10155s
 5951974 4207590    0.99940   36   49    0.87215    1.08004  23.8%   199 10160s
 5955435 4209463    0.99716   41   43    0.87215    1.07996  23.8%   199 10165s
 5958836 4211397    0.91213   38   47    0.87215    1.07988  23.8%   199 10171s
 5962312 4213302    0.99439   41   47    0.87215    1.07981  23.8%   199 10176s
 5965721 4215214    1.03816   47   32    0.87215    1.07972  23.8%   199 10181s
 5969220 4217083    0.98573   39   47    0.87215    1.07964  23.8%   199 10186s
 5972518 4219040     cutoff   45         0.87215    1.07956  23.8%   199 10191s
 5975931 4220849    1.02918   37   49    0.87215    1.07949  23.8%   199 10196s
 5979156 4222611    1.05101   46   38    0.87215    1.07941  23.8%   199 10202s
 5982462 4224455    1.00552   37   50    0.87215    1.07933  23.8%   199 10207s
 5985880 4226240    1.07905   45   40    0.87215    1.07925  23.7%   199 10212s
 5989139 4228174    0.95688   41   44    0.87215    1.07917  23.7%   199 10218s
 5992639 4230118    0.99965   42   41    0.87215    1.07908  23.7%   199 10223s
 5996048 4232095     cutoff   40         0.87215    1.07900  23.7%   199 10228s
 5999452 4233913     cutoff   46         0.87215    1.07893  23.7%   199 10233s
 6002692 4235824    1.02772   40   42    0.87215    1.07886  23.7%   199 10238s
 6006066 4237673    0.99992   41   47    0.87215    1.07878  23.7%   199 10244s
 6009391 4239560    1.03253   47   40    0.87215    1.07870  23.7%   199 10249s
 6012767 4241423     cutoff   36         0.87215    1.07862  23.7%   199 10254s
 6016204 4243254    1.06459   45   40    0.87215    1.07854  23.7%   199 10259s
 6019560 4245022    1.02084   47   37    0.87215    1.07847  23.7%   199 10265s
 6022852 4246905    0.99089   37   44    0.87215    1.07839  23.6%   199 10270s
 6026389 4248851    1.01728   37   46    0.87215    1.07830  23.6%   199 10276s
 6029896 4250762    1.03744   44   38    0.87215    1.07822  23.6%   199 10281s
 6033308 4252683     cutoff   43         0.87215    1.07814  23.6%   198 10286s
 6036767 4254408    1.03616   47   41    0.87215    1.07806  23.6%   198 10292s
 6040009 4256291    1.02000   43   41    0.87215    1.07799  23.6%   198 10297s
 6043321 4258167    1.06607   42   45    0.87215    1.07792  23.6%   198 10302s
 6046780 4259999    1.00540   41   45    0.87215    1.07784  23.6%   198 10308s
 6050146 4261912     cutoff   42         0.87215    1.07777  23.6%   198 10313s
 6053780 4263775    0.97841   39   46    0.87215    1.07767  23.6%   198 10318s
 6056991 4265608    0.97486   42   41    0.87215    1.07760  23.6%   198 10324s
 6060292 4267510    0.98349   37   47    0.87215    1.07753  23.5%   198 10329s
 6063679 4269301     cutoff   43         0.87215    1.07746  23.5%   198 10334s
 6066966 4271237    1.04643   46   37    0.87215    1.07738  23.5%   198 10339s
 6070288 4273081    1.03325   47   38    0.87215    1.07731  23.5%   198 10344s
 6073629 4274685    1.01667   45   45    0.87215    1.07723  23.5%   198 10350s
 6076697 4276504 infeasible   41         0.87215    1.07715  23.5%   198 10355s
 6080085 4278517    1.03588   45   42    0.87215    1.07708  23.5%   198 10361s
 6083560 4280322    1.03953   45   42    0.87215    1.07700  23.5%   198 10366s
 6086973 4282212    1.03267   40   42    0.87215    1.07691  23.5%   198 10371s
 6090392 4284092    1.04573   42   42    0.87215    1.07684  23.5%   198 10376s
 6093791 4285936     cutoff   40         0.87215    1.07676  23.5%   198 10381s
 6097199 4287751    0.93555   44   47    0.87215    1.07668  23.5%   198 10386s
 6100474 4289672     cutoff   45         0.87215    1.07661  23.4%   198 10392s
 6103823 4291498    1.04720   45   41    0.87215    1.07653  23.4%   198 10397s
 6107155 4293343    1.00649   47   38    0.87215    1.07646  23.4%   198 10402s
 6110469 4295227     cutoff   43         0.87215    1.07638  23.4%   198 10408s
 6114112 4296952    0.90259   41   44    0.87215    1.07630  23.4%   198 10413s
 6117285 4298780    1.06109   48   34    0.87215    1.07622  23.4%   198 10418s
 6120566 4300672    1.01986   45   40    0.87215    1.07615  23.4%   198 10423s
 6123885 4302269     cutoff   44         0.87215    1.07607  23.4%   198 10428s
 6126862 4304215    1.06452   47   37    0.87215    1.07600  23.4%   198 10434s
 6130407 4306088    1.04829   46   38    0.87215    1.07592  23.4%   198 10439s
 6133793 4307959    1.06178   40   44    0.87215    1.07584  23.4%   198 10444s
 6137158 4309774    0.97804   35   51    0.87215    1.07577  23.3%   198 10449s
 6140474 4311689    0.93222   45   37    0.87215    1.07569  23.3%   198 10455s
 6143977 4313536    1.04741   45   41    0.87215    1.07561  23.3%   198 10460s
 6147325 4315359    1.01603   41   48    0.87215    1.07554  23.3%   198 10465s
 6150678 4317255    1.05889   43   45    0.87215    1.07546  23.3%   198 10471s
 6154132 4319081    1.05635   42   43    0.87215    1.07538  23.3%   198 10476s
 6157480 4320831    1.05439   45   41    0.87215    1.07530  23.3%   198 10481s
 6160783 4322665    1.02792   46   36    0.87215    1.07523  23.3%   198 10486s
 6164142 4324570    1.02489   43   45    0.87215    1.07516  23.3%   198 10491s
 6167468 4326392    0.99912   42   48    0.87215    1.07508  23.3%   198 10496s
 6170739 4328322    1.02007   47   35    0.87215    1.07501  23.3%   198 10502s
 6174313 4330066    1.06768   47   40    0.87215    1.07493  23.2%   198 10507s
 6177498 4331929    0.94139   42   45    0.87215    1.07485  23.2%   198 10512s
 6180845 4333840    1.05518   44   40    0.87215    1.07477  23.2%   198 10518s
 6184279 4335617    0.96009   41   45    0.87215    1.07469  23.2%   198 10523s
 6187588 4337519    1.04698   45   43    0.87215    1.07462  23.2%   198 10528s
 6190985 4339372    1.02538   43   42    0.87215    1.07454  23.2%   198 10533s
 6194450 4341119    1.03075   41   46    0.87215    1.07447  23.2%   198 10538s
 6197675 4342983    1.03224   42   41    0.87215    1.07439  23.2%   198 10543s
 6201062 4344847    0.98652   39   50    0.87215    1.07431  23.2%   198 10549s
 6204624 4346687    1.06869   42   47    0.87215    1.07423  23.2%   198 10554s
 6207985 4348471    1.01797   46   36    0.87215    1.07415  23.2%   198 10559s
 6211338 4350276    1.03223   47   40    0.87215    1.07408  23.2%   198 10564s
 6214651 4352118    0.89115   43   40    0.87215    1.07401  23.1%   198 10569s
 6218048 4353813    0.90369   42   44    0.87215    1.07394  23.1%   198 10574s
 6221167 4355704     cutoff   39         0.87215    1.07387  23.1%   198 10579s
 6224517 4357515    0.99423   46   41    0.87215    1.07379  23.1%   198 10584s
 6227853 4359363    1.04333   44   43    0.87215    1.07372  23.1%   198 10589s
 6231273 4361297    1.03230   46   41    0.87215    1.07364  23.1%   198 10595s
 6234806 4363189     cutoff   42         0.87215    1.07357  23.1%   198 10600s
 6238239 4364994    1.00976   43   35    0.87215    1.07349  23.1%   198 10605s
 6241586 4366809    0.91923   43   35    0.87215    1.07341  23.1%   198 10610s
 6244928 4368434    0.97218   39   45    0.87215    1.07334  23.1%   198 10615s
 6247931 4370272    1.04002   43   41    0.87215    1.07328  23.1%   198 10621s
 6251305 4370289    1.04195   45   38    0.87215    1.07320  23.1%   198 10628s
H6251347 4370289                       0.8721549    1.07319  23.1%   198 10630s
 6251350 4370383    1.00496   46   44    0.87215    1.07319  23.1%   198 10636s
 6251508 4370459     cutoff   45         0.87215    1.07319  23.1%   198 10642s
 6251666 4370574    1.05262   47   42    0.87215    1.07319  23.0%   198 10648s
 6251852 4370766    0.96934   45   35    0.87215    1.07318  23.0%   198 10658s
 6252171 4371289    0.91807   37   44    0.87215    1.07318  23.0%   198 10665s
 6253078 4372601    1.05151   46   26    0.87215    1.07318  23.0%   198 10672s
 6255551 4374710     cutoff   42         0.87215    1.07318  23.0%   198 10682s
 6259414 4377003    1.02839   47   40    0.87215    1.07317  23.0%   198 10689s
 6263749 4378856    1.00560   41   43    0.87215    1.07312  23.0%   198 10695s
 6267238 4380261    0.97769   44   41    0.87215    1.07287  23.0%   198 10700s
 6270134 4382247    1.06106   47   39    0.87215    1.07278  23.0%   198 10706s
 6273719 4384234    1.04014   45   26    0.87215    1.07269  23.0%   198 10711s
 6277333 4386068    0.96526   36   49    0.87215    1.07261  23.0%   198 10717s
 6280817 4387915    1.02524   46   43    0.87215    1.07253  23.0%   198 10722s
 6284330 4389816    0.94142   48   24    0.87215    1.07246  23.0%   198 10727s
 6287753 4391664    1.01773   46   43    0.87215    1.07238  23.0%   198 10733s
 6291165 4393503    1.04114   40   45    0.87215    1.07231  22.9%   198 10738s
 6294541 4395411    1.00163   43   40    0.87215    1.07223  22.9%   198 10743s
 6298054 4397305     cutoff   43         0.87215    1.07216  22.9%   198 10749s
 6301508 4399001    1.02366   41   49    0.87215    1.07208  22.9%   198 10754s
 6304813 4400789     cutoff   41         0.87215    1.07200  22.9%   198 10759s
 6308223 4402612    0.98710   40   26    0.87215    1.07192  22.9%   198 10764s
 6311595 4404326     cutoff   38         0.87215    1.07185  22.9%   198 10770s
 6314884 4406068    0.97631   37   49    0.87215    1.07178  22.9%   198 10775s
 6318208 4407868    0.99845   42   44    0.87215    1.07172  22.9%   198 10780s
 6321594 4409660    1.06571   49   36    0.87215    1.07164  22.9%   198 10785s
 6324942 4411619    1.01902   42   47    0.87215    1.07157  22.9%   198 10791s
 6328497 4413482    1.04186   48   39    0.87215    1.07149  22.9%   198 10796s
 6331862 4414567    1.01351   40   44    0.87215    1.07142  22.8%   198 10800s

Cutting planes:
  Gomory: 9
  Lift-and-project: 32
  Implied bound: 7
  Projected implied bound: 44
  MIR: 417
  Mixing: 1
  Flow cover: 726
  Relax-and-lift: 292

Explored 6334033 nodes (1252556642 simplex iterations) in 10800.05 seconds (24547.10 work units)
Thread count was 32 (of 255 available processors)

Solution count 10: 0.872155 0.872155 0.872155 ... 0.872154

Time limit reached
Best objective 8.721548791212e-01, best bound 1.071364640967e+00, gap 22.8411%

User-callback calls 12953009, time in user-callback 2.93 sec
source: 0 target: 3 model_arch: 3x50 perturbation type: patch perturbation size: [1.0, 14.0, 14.0, 3.0] dataset: fmnist
Attack:   0%|          | 0/500 [00:00<?, ?it/s]Attack:   1%|          | 4/500 [00:00<00:12, 38.71it/s]Attack:   6%|▋         | 32/500 [00:00<00:02, 175.37it/s]Attack:  12%|█▏        | 59/500 [00:00<00:02, 217.11it/s]Attack:  17%|█▋        | 86/500 [00:00<00:01, 236.69it/s]Attack:  23%|██▎       | 113/500 [00:00<00:01, 247.99it/s]Attack:  28%|██▊       | 142/500 [00:00<00:01, 259.93it/s]Attack:  35%|███▍      | 173/500 [00:00<00:01, 275.15it/s]Attack:  41%|████      | 206/500 [00:00<00:01, 290.98it/s]Attack:  48%|████▊     | 239/500 [00:00<00:00, 300.98it/s]Attack:  54%|█████▍    | 270/500 [00:01<00:00, 289.35it/s]Attack:  60%|██████    | 300/500 [00:01<00:00, 281.91it/s]Attack:  66%|██████▌   | 329/500 [00:01<00:00, 278.11it/s]Attack:  71%|███████▏  | 357/500 [00:01<00:00, 276.92it/s]Attack:  77%|███████▋  | 385/500 [00:01<00:00, 276.10it/s]Attack:  83%|████████▎ | 413/500 [00:01<00:00, 275.58it/s]Attack:  88%|████████▊ | 441/500 [00:01<00:00, 274.44it/s]Attack:  94%|█████████▍| 469/500 [00:01<00:00, 274.61it/s]Attack:  99%|█████████▉| 497/500 [00:01<00:00, 274.95it/s]Attack: 100%|█████████▉| 499/500 [00:01<00:00, 265.87it/s]
best_val 1.0973399877548218
Set parameter WLSAccessID
Set parameter WLSSecret
Set parameter LicenseID to value 2478548
Academic license 2478548 - for non-commercial use only - registered to ne___@campus.technion.ac.il
Encoding the two copies...
apply_sibgate_constraints!: emitted 24 coupling lines (both-thin), 0 conditional triangles on org (org-dropped), 0 conditional triangles on pert (pert-dropped).
Encoding dependencies (activation_start=1, layers_offset=2)...
apply_n1_var_hints!: mode=VH_PREV_PGD, Start-consensus on 122 of 122 N2 binaries (pgd-silent-filled=81, pgd-agreed-nop=30, pgd-disagreed-withdrew=11, flipped=7, no-N1-match=0, Tech2-eliminated-but-survived=0)
0.8721548791211791  1.0713646409672475  10800.073278903961
Clean sample classification: 1
Perturbed sample classification: 1

══ Advanced-standard: loading N1 state from /root/Downloads/for_dana/vaghar_org/paper_experiments_rerun/fashion-mnist/3x50_exp/patch/eps_1,14,14,3/n1_state_3x50_model_seed42_itr19 (c_tag=1, c_target=4) ══
load_n1_state: loaded from /root/Downloads/for_dana/vaghar_org/paper_experiments_rerun/fashion-mnist/3x50_exp/patch/eps_1,14,14,3/n1_state_3x50_model_seed42_itr19 (c_tag=1, c_target=4, 1910 vars, 170 neurons)

══ Advanced-standard PASS 2: solving N2 with N1 info (c_tag=1, c_target=4) ══
set_n1_neuron_bounds: loaded 170 neuron bounds from N1
compute_n2_pert_relaxation_bounds: populated 2 ReLU layers
compute_n2_relax_decision!: τ=0.5, both=24 org-only=0 pert-only=0 none=61 (plus 15 stable neurons)
[notice | Main.MIPVerify]: Determining upper and lower bounds for the input to each non-linear unit.
Set parameter WLSAccessID
Set parameter WLSSecret
Set parameter LicenseID to value 2478548
Academic license 2478548 - for non-commercial use only - registered to ne___@campus.technion.ac.il
Set parameter TimeLimit to value 5
Set parameter TimeLimit to value 5
Set parameter WLSAccessID
Set parameter WLSSecret
Set parameter LicenseID to value 2478548
Academic license 2478548 - for non-commercial use only - registered to ne___@campus.technion.ac.il
Set parameter MIPFocus to value 3
Set parameter Cutoff to value 1.0973399877548218e+00
Set parameter Threads to value 32
Set parameter TimeLimit to value 10800
Set parameter MIPGap to value 0.01
Set parameter Seed to value 4
Set parameter Seed to value 4
Set parameter MIPGap to value 0.01
Set parameter MIPFocus to value 3
Set parameter Cutoff to value 1.0973399877548218e+00
Set parameter Threads to value 32
Set parameter TimeLimit to value 10800
Warning for adding constraints: zero or small (< 1e-13) coefficients, ignored
Gurobi Optimizer version 13.0.0 build v13.0.0rc1 (linux64 - "Ubuntu 20.04.2 LTS")

CPU model: AMD EPYC 7713 64-Core Processor, instruction set [SSE2|AVX|AVX2]
Thread count: 127 physical cores, 255 logical processors, using up to 32 threads

Non-default parameters:
Cutoff  1.0973399877548218e+00
TimeLimit  10800
MIPGap  0.01
MIPFocus  3
Seed  4
Threads  32

Academic license 2478548 - for non-commercial use only - registered to ne___@campus.technion.ac.il
Optimize a model with 1671 rows, 1919 columns and 194511 nonzeros (Max)
Model fingerprint: 0x2a689e9e
Model has 1 linear objective coefficients
Variable types: 1797 continuous, 122 integer (122 binary)
Coefficient statistics:
  Matrix range     [1e-13, 3e+01]
  Objective range  [1e+00, 1e+00]
  Bounds range     [1e-07, 3e+01]
  RHS range        [1e-11, 2e+01]

User MIP start produced solution with objective 1.79702 (0.81s)
User MIP start produced solution with objective 1.79702 (0.85s)
Loaded user MIP start with objective 1.79702

Presolve removed 1075 rows and 835 columns
Presolve time: 0.24s
Presolved: 596 rows, 1084 columns, 125825 nonzeros
Variable types: 962 continuous, 122 integer (122 binary)
Root relaxation presolve removed 0 rows and 2 columns
Root relaxation presolved: 596 rows, 1082 columns, 125823 nonzeros


Extra simplex iterations after uncrush: 1

Root relaxation: objective 7.601677e+00, 676 iterations, 0.09 seconds (0.12 work units)

    Nodes    |    Current Node    |     Objective Bounds      |     Work
 Expl Unexpl |  Obj  Depth IntInf | Incumbent    BestBd   Gap | It/Node Time

     0     0    7.60168    0   80    1.79702    7.60168   323%     -    1s
     0     0    6.95359    0   82    1.79702    6.95359   287%     -    1s
     0     0    6.95359    0   82    1.79702    6.95359   287%     -    2s
     0     0    5.99653    0   83    1.79702    5.99653   234%     -    2s
     0     0    5.67470    0   82    1.79702    5.67470   216%     -    2s
     0     0    5.67470    0   82    1.79702    5.67470   216%     -    3s
     0     0    5.49503    0   83    1.79702    5.49503   206%     -    3s
     0     0    5.32364    0   81    1.79702    5.32364   196%     -    3s
     0     0    5.32364    0   81    1.79702    5.32364   196%     -    3s
     0     0    5.20651    0   81    1.79702    5.20651   190%     -    4s
     0     0    5.20651    0   81    1.79702    5.20651   190%     -    4s
     0     2    5.20651    0   81    1.79702    5.20651   190%     -    4s
     3     8    5.20651    2   82    1.79702    5.20651   190%   317    5s
   428   468    4.32920    8   68    1.79702    4.56836   154%   323   10s
  1108  1036     cutoff   11         1.79702    4.29330   139%   302   15s
H 1112  1036                       1.7970243    4.29299   139%   302   15s
H 1202  1121                       1.7970244    4.27497   138%   298   15s
H 1309  1195                       1.7970245    4.25977   137%   292   16s
H 1462  1323                       1.7970247    4.23926   136%   289   17s
H 1768  1621                       1.7970251    4.20803   134%   274   18s
  2262  2143    4.04436   14   60    1.79703    4.15762   131%   264   20s
  3207  2870    3.60665   10   81    1.79703    4.08601   127%   256   40s
  3216  2876    3.58735   19   85    1.79703    4.08601   127%   255   45s
  3220  2882    4.08601   14   81    1.79703    4.08601   127%   256   50s
  3434  3036    4.08601   23   70    1.79703    4.08601   127%   262   55s
  3836  3333    3.95042   25   64    1.79703    4.08447   127%   281   60s
  4883  3958    3.33287   19   53    1.79703    3.80071   112%   294   65s
  6342  4755     cutoff   32         1.79703    3.63858   102%   296   70s
H 7696  5270                       1.8000208    3.52783  96.0%   294   74s
  7828  5415    3.16994   32   54    1.80002    3.51650  95.4%   293   75s
H 7837  5276                       1.8000208    3.51650  95.4%   293   75s
H 7870  5134                       1.8000208    3.51305  95.2%   293   75s
  8131  5126    3.36352   26   67    1.80002    3.47609  93.1%   294   80s
H 8219  5024                       1.8000209    3.45981  92.2%   294   83s
  8290  5073    3.31892   35   52    1.80002    3.44685  91.5%   295   86s
  8423  5145    3.38762   33   50    1.80002    3.42908  90.5%   296   91s
  8569  5238    3.28650   31   54    1.80002    3.41454  89.7%   298   96s
  8718  5346    3.34727   28   60    1.80002    3.40540  89.2%   297  100s
  9192  5741    3.22481   34   51    1.80002    3.38808  88.2%   296  105s
H 9492  5579                       1.8102338    3.36859  86.1%   296  109s
  9508  6114    3.28729   29   59    1.81023    3.36576  85.9%   296  110s
 10737  6578    3.10520   38   49    1.81023    3.34284  84.7%   290  115s
 10839  6664     cutoff   30         1.81023    3.33019  84.0%   291  120s
H10849  6664                       1.8102338    3.32977  83.9%   291  120s
H10857  6664                       1.8102338    3.32890  83.9%   291  120s
H10874  6664                       1.8103205    3.32759  83.8%   291  121s
H11964  7788                       1.8103391    3.31127  82.9%   287  124s
 12106  8454    3.20153   36   49    1.81034    3.30846  82.8%   287  125s
 14393 10539    3.16248   35   52    1.81034    3.25822  80.0%   281  130s
 16001 11698    3.14144   27   60    1.81034    3.22361  78.1%   279  135s
H16224 11698                       1.8103391    3.22092  77.9%   278  135s
 17614 13284     cutoff   31         1.81034    3.19683  76.6%   277  142s
H17805 13284                       1.8103494    3.19395  76.4%   276  142s
 19307 14942    2.95539   34   51    1.81035    3.15258  74.1%   275  146s
 21347 16809    2.98573   37   47    1.81035    3.10245  71.4%   274  150s
 23673 18919    2.90635   40   46    1.81035    3.04974  68.5%   271  155s
 26098 21179     cutoff   36         1.81035    3.01373  66.5%   268  160s
 28822 23578    2.60535   35   52    1.81035    2.97966  64.6%   265  165s
 31916 26282    2.82811   36   51    1.81035    2.95278  63.1%   264  171s
 33197 26313    2.85796   35   53    1.81035    2.94041  62.4%   263  176s
H33198 26187                       1.8398311    2.94041  59.8%   263  176s
 34628 28759     cutoff   34         1.83983    2.93028  59.3%   263  181s
 37439 31434    2.84629   37   49    1.83983    2.91052  58.2%   262  188s
 39051 32797    2.75588   36   52    1.83983    2.90066  57.7%   261  191s
 42296 35868    2.45399   38   49    1.83983    2.87629  56.3%   261  198s
 44059 37475    2.77769   29   57    1.83983    2.86416  55.7%   260  201s
 45837 39072    2.81545   37   49    1.83983    2.85315  55.1%   260  205s
 47667 39102    2.71823   35   49    1.83983    2.84023  54.4%   259  211s
H47676 39102                       1.8398316    2.83894  54.3%   259  211s
H47697 38550                       1.9132678    2.83722  48.3%   259  211s
 47701 40327    2.10463   34   49    1.91327    2.83704  48.3%   259  215s
 51912 44116    2.20229   37   49    1.91327    2.80592  46.7%   258  223s
 54215 46209    2.70080   42   42    1.91327    2.78766  45.7%   257  227s
 56618 48439     cutoff   34         1.91327    2.76896  44.7%   256  232s
 59201 51551    2.51843   23   68    1.91327    2.75127  43.8%   255  238s
 62832 53721    2.38502   27   58    1.91327    2.72645  42.5%   253  242s
 65407 55983    2.62605   42   46    1.91327    2.71317  41.8%   252  247s
 68047 58409     cutoff   36         1.91327    2.70076  41.2%   250  252s
 70889 60834    2.62325   27   63    1.91327    2.68962  40.6%   249  257s
 73772 63314    2.63806   37   47    1.91327    2.67726  39.9%   248  262s
 76817 65949    2.33502   44   42    1.91327    2.66726  39.4%   246  267s
 80032 68764    2.63194   41   44    1.91327    2.65648  38.8%   245  273s
 83427 71575    2.47086   38   44    1.91327    2.64603  38.3%   244  278s
 86833 74494    2.52073   43   40    1.91327    2.63628  37.8%   243  284s
 90284 78001     cutoff   35         1.91327    2.62642  37.3%   242  292s
 94663 78063    2.44888   43   39    1.91327    2.61311  36.6%   240  299s
H94667 78006                       1.9159150    2.61280  36.4%   240  299s
 94733 81030    2.45926   40   48    1.91591    2.61235  36.4%   240  305s
 98512 83712    2.30139   41   43    1.91591    2.60388  35.9%   239  311s
 101866 86552    2.46863   42   44    1.91591    2.59369  35.4%   238  316s
 105441 89321    2.56554   40   47    1.91591    2.58362  34.9%   237  322s
 109061 92101    2.48491   32   54    1.91591    2.57478  34.4%   236  328s
 112673 94859    2.44161   37   48    1.91591    2.56508  33.9%   234  333s
 116278 97507    2.08137   25   56    1.91591    2.55621  33.4%   233  339s
 119798 101038    2.49029   43   44    1.91591    2.54773  33.0%   232  346s
 124005 103977    2.50467   44   40    1.91591    2.53729  32.4%   232  352s
 127562 106799    2.41685   40   48    1.91591    2.52927  32.0%   232  358s
 130927 109670    2.37591   39   43    1.91591    2.52191  31.6%   231  363s
 134416 112595    2.14497   41   44    1.91591    2.51495  31.3%   231  369s
 137978 114987    2.42026   42   40    1.91591    2.50866  30.9%   230  374s
 141024 118080    2.31548   43   41    1.91591    2.50317  30.7%   230  380s
 148358 123847     cutoff   43         1.91591    2.49066  30.0%   229  390s
 151916 127297    2.05820   44   36    1.91591    2.48511  29.7%   228  397s
 156265 127326     cutoff   45         1.91591    2.47918  29.4%   227  404s
H156274 127326                       1.9159150    2.47896  29.4%   227  404s
 156300 129716    2.32164   43   43    1.91591    2.47849  29.4%   227  410s
 159403 132587     cutoff   37         1.91591    2.47394  29.1%   227  416s
 163152 135511     cutoff   36         1.91591    2.46890  28.9%   226  422s
 166852 138318    2.35596   40   47    1.91591    2.46371  28.6%   226  428s
 170515 141017    2.33495   40   43    1.91591    2.45898  28.3%   225  433s
 174111 143656    2.45328   42   36    1.91591    2.45470  28.1%   225  439s
 177681 146293    2.38326   37   48    1.91591    2.45011  27.9%   224  444s
 181203 149559    2.40123   38   47    1.91591    2.44555  27.6%   224  451s
 185558 152185    2.31722   38   47    1.91591    2.44014  27.4%   223  457s
 189057 154812    2.10110   44   42    1.91591    2.43598  27.1%   223  462s
 192592 157417    2.37601   35   50    1.91591    2.43201  26.9%   222  468s
 196157 159951    2.29359   36   53    1.91591    2.42780  26.7%   222  473s
 199646 162488    2.39536   42   44    1.91591    2.42406  26.5%   221  478s
 203150 164930    2.31077   40   43    1.91591    2.41990  26.3%   221  483s
 206596 167443    2.37112   31   61    1.91591    2.41628  26.1%   221  489s
 210167 170351    2.30965   33   57    1.91591    2.41240  25.9%   220  496s
 214327 172714     cutoff   45         1.91591    2.40815  25.7%   220  501s
 217689 175160    2.28144   44   29    1.91591    2.40411  25.5%   219  505s
 221297 177592    2.28890   43   43    1.91591    2.40022  25.3%   219  511s
 224808 179520    2.33540   34   54    1.91591    2.39648  25.1%   218  517s
 227650 181603    2.36083   46   34    1.91591    2.39607  25.1%   218  523s
H228336 181603                       1.9159150    2.39596  25.1%   218  523s
 230679 183452     cutoff   45         1.91591    2.39538  25.0%   218  529s
 233510 183486    2.35355   44   40    1.91591    2.39229  24.9%   218  537s
 233561 185905    2.38193   42   41    1.91591    2.38875  24.7%   218  544s
 237151 188498    2.32304   44   39    1.91591    2.38735  24.6%   217  550s
 241062 191286     cutoff   41         1.91591    2.37869  24.2%   217  557s
 245361 193532    2.33093   45   33    1.91591    2.37378  23.9%   216  562s
 248756 195727    2.36450   55   28    1.91591    2.36975  23.7%   216  567s
 252083 197972    1.94942   43   41    1.91591    2.36618  23.5%   216  572s
 255498 200169    2.36190   48   31    1.91591    2.36252  23.3%   215  577s
 258844 202290     cutoff   39         1.91591    2.35869  23.1%   215  582s
 262266 204553    2.24915   42   43    1.91591    2.35507  22.9%   214  588s
 265812 206758    2.32272   43   40    1.91591    2.35183  22.8%   214  593s
 269216 209019    2.27394   41   43    1.91591    2.34821  22.6%   214  598s
 272659 211755     cutoff   46         1.91591    2.34465  22.4%   213  604s
 276854 213950    2.29785   44   40    1.91591    2.34048  22.2%   213  609s
 280273 216183    2.26740   43   36    1.91591    2.33729  22.0%   212  614s
 283641 218290    2.01761   44   38    1.91591    2.33413  21.8%   212  619s
 286943 220557    2.16757   44   36    1.91591    2.33104  21.7%   212  625s
 290424 222734    2.31353   46   27    1.91591    2.32764  21.5%   211  630s
 293777 224971    2.22288   44   35    1.91591    2.32418  21.3%   211  635s
 297277 227171    2.30163   42   43    1.91591    2.32075  21.1%   211  640s
 300733 229344    2.20446   38   45    1.91591    2.31754  21.0%   210  645s
 304124 231998    2.16937   37   44    1.91591    2.31452  20.8%   210  651s
 308259 232022    2.21963   41   44    1.91591    2.31082  20.6%   210  657s
H308260 232021                       1.9159153    2.31082  20.6%   210  657s
 308297 232157     cutoff   42         1.91592    2.31056  20.6%   210  663s
 308493 232510    2.02801   46   40    1.91592    2.31043  20.6%   210  669s
 309007 233478    2.18256   43   42    1.91592    2.31033  20.6%   209  677s
 310615 235464    2.28253   35   49    1.91592    2.31024  20.6%   209  687s
H311788 235464                       1.9159158    2.31019  20.6%   209  687s
 313670 238308    2.11973   39   45    1.91592    2.31001  20.6%   209  696s
 318124 241251    2.13089   37   49    1.91592    2.30943  20.5%   209  705s
 322791 244233    2.16093   44   42    1.91592    2.30627  20.4%   208  713s
 327595 246883     cutoff   42         1.91592    2.29407  19.7%   208  719s
 332008 249581    2.14744   34   48    1.91592    2.29032  19.5%   207  725s
 336126 252459    2.05900   37   45    1.91592    2.28714  19.4%   207  731s
 340692 254510    2.22386   40   45    1.91592    2.28372  19.2%   206  736s
 344045 256641    2.25860   43   40    1.91592    2.28104  19.1%   206  741s
 347434 258802    1.94980   34   53    1.91592    2.27856  18.9%   205  746s
 350911 260810    2.14572   44   36    1.91592    2.27595  18.8%   205  751s
 354137 262859    2.18779   41   41    1.91592    2.27367  18.7%   204  756s
 357446 264853    2.24618   46   33    1.91592    2.27095  18.5%   204  761s
 360918 266938    2.09260   38   44    1.91592    2.26856  18.4%   204  765s
 364454 269010    2.21337   41   43    1.91592    2.26575  18.3%   203  770s
 367876 271670    2.13427   40   42    1.91592    2.26349  18.1%   203  776s
 372433 273749    2.13146   39   46    1.91592    2.26028  18.0%   202  781s
 375922 275771    2.21438   41   45    1.91592    2.25770  17.8%   202  786s
 379260 277763    2.21940   35   49    1.91592    2.25551  17.7%   202  790s
 382644 279756    2.16488   49   36    1.91592    2.25321  17.6%   201  795s
 386090 281697    2.21643   47   32    1.91592    2.25078  17.5%   201  800s
 392878 285777    2.06087   40   40    1.91592    2.24618  17.2%   200  809s
 396331 287868    2.05656   36   42    1.91592    2.24421  17.1%   200  814s
 399879 290507    2.12498   39   44    1.91592    2.24175  17.0%   199  820s
 404429 292508    2.18724   40   46    1.91592    2.23890  16.9%   199  825s
 411393 296322     cutoff   45         1.91592    2.23440  16.6%   198  834s
 414761 298336     cutoff   43         1.91592    2.23219  16.5%   198  838s
 418178 299734    2.15330   43   40    1.91592    2.23027  16.4%   197  843s
 421566 300840     cutoff   41         1.91592    2.22822  16.3%   197  847s
 424894 301852    1.91951   44   39    1.91592    2.22627  16.2%   196  852s
 427967 302990     cutoff   43         1.91592    2.22451  16.1%   196  856s
 431490 304543    2.17888   47   32    1.91592    2.22253  16.0%   196  863s
 436027 305683    2.12741   44   34    1.91592    2.21999  15.9%   195  867s
 439403 306817    2.17255   42   44    1.91592    2.21797  15.8%   195  872s
 442834 307909    2.02542   42   39    1.91592    2.21596  15.7%   195  877s
 446280 309011     cutoff   40         1.91592    2.21403  15.6%   194  881s
 449768 310031    2.16112   41   43    1.91592    2.21225  15.5%   194  886s
 453232 311077    2.17428   44   40    1.91592    2.21030  15.4%   194  890s
 456608 312076    2.14053   43   39    1.91592    2.20830  15.3%   193  895s
 460127 313065    2.15685   42   42    1.91592    2.20639  15.2%   193  900s
 463624 314434    2.08231   40   46    1.91592    2.20449  15.1%   193  906s
 468176 315418     cutoff   40         1.91592    2.20214  14.9%   192  910s
 471697 316503    1.95649   37   48    1.91592    2.20017  14.8%   192  915s
 478535 318324    2.16886   44   39    1.91592    2.19667  14.7%   191  924s
 481784 319217    2.18948   50   27    1.91592    2.19510  14.6%   191  928s
 485245 320042    2.11830   44   43    1.91592    2.19334  14.5%   191  933s
 488772 320959    2.05959   38   40    1.91592    2.19148  14.4%   190  937s
 492249 321854    2.01776   39   48    1.91592    2.18976  14.3%   190  942s
 495629 322953    2.09068   48   29    1.91592    2.18810  14.2%   190  949s
H498764 322953                       1.9159158    2.18799  14.2%   189  949s
 499993 323850    2.18614   51   32    1.91592    2.18638  14.1%   189  954s
 503412 324349    2.16492   46   28    1.91592    2.18435  14.0%   189  959s
 506021 325398    2.05730   35   49    1.91592    2.18297  13.9%   189  964s
 509886 326402    2.11858   41   42    1.91592    2.18122  13.8%   188  968s
 513693 327368    2.13501   40   45    1.91592    2.17956  13.8%   188  973s
 517451 328246    2.10966   36   50    1.91592    2.17784  13.7%   187  978s
 521096 329129    2.14458   46   37    1.91592    2.17614  13.6%   187  982s
 524631 330295    2.09569   38   43    1.91592    2.17466  13.5%   187  989s
 529446 331137    2.06832   43   44    1.91592    2.17265  13.4%   186  993s
 532909 331946    2.16870   50   28    1.91592    2.17099  13.3%   186  997s
 536269 332704    2.11804   41   38    1.91592    2.16954  13.2%   186 1002s
 539704 333487    2.13011   33   47    1.91592    2.16812  13.2%   185 1006s
 543190 334192     cutoff   44         1.91592    2.16660  13.1%   185 1010s
 546532 334898    2.04925   43   42    1.91592    2.16519  13.0%   185 1015s
 549983 335311    1.96690   44   42    1.91592    2.16377  12.9%   184 1020s
 552081 335837    2.10367   42   44    1.91592    2.16366  12.9%   184 1025s
 554659 336593    2.06919   43   39    1.91592    2.16353  12.9%   184 1031s
H557766 336593                       1.9159159    2.16336  12.9%   183 1031s
 557916 337289    2.08336   44   40    1.91592    2.16330  12.9%   183 1037s
H560000 337289                       1.9159159    2.16293  12.9%   183 1037s
 561517 337975    2.10541   34   50    1.91592    2.16266  12.9%   183 1044s
H562868 337975                       1.9159159    2.16223  12.9%   183 1044s
 565131 338673    2.02636   45   39    1.91592    2.16173  12.8%   183 1051s
 568715 339387     cutoff   44         1.91592    2.16022  12.8%   182 1057s
H571084 339387                       1.9159159    2.15899  12.7%   182 1057s
 572305 340051    2.10973   37   50    1.91592    2.15823  12.6%   182 1064s
 576122 340685    2.08034   42   40    1.91592    2.15559  12.5%   182 1071s
H577392 340685                       1.9159159    2.15520  12.5%   182 1071s
 579797 341278    2.04977   46   38    1.91592    2.15417  12.4%   182 1077s
 583589 341936    2.10682   49   39    1.91592    2.15246  12.3%   181 1083s
H588057 341936                       1.9159159    2.15103  12.3%   181 1083s
 588178 342447    2.09143   48   27    1.91592    2.14825  12.1%   181 1088s
 591748 342834    2.12564   46   31    1.91592    2.14657  12.0%   180 1093s
 595058 343323    2.06901   46   28    1.91592    2.14535  12.0%   180 1097s
 598605 343770    2.12534   51   34    1.91592    2.14389  11.9%   180 1102s
 602120 344176     cutoff   43         1.91592    2.14254  11.8%   180 1106s
 605449 344479    2.09103   41   46    1.91592    2.14125  11.8%   179 1111s
 608904 344763    2.04970   41   39    1.91592    2.13995  11.7%   179 1115s
 615840 345401     cutoff   39         1.91592    2.13708  11.5%   178 1125s
 619975 345643    2.01482   44   42    1.91592    2.13553  11.5%   178 1130s
 624089 345837    1.93152   42   35    1.91592    2.13385  11.4%   178 1135s
H631214 346115                       1.9159159    2.13107  11.2%   177 1145s
 634459 346434     cutoff   50         1.91592    2.13086  11.2%   177 1154s
 637410 346550    2.13046   55   17    1.91592    2.13065  11.2%   177 1158s
 640733 346561    2.04434   44   38    1.91592    2.12939  11.1%   176 1163s
 644072 346660     cutoff   47         1.91592    2.12833  11.1%   176 1168s
 647397 346735    1.91818   43   38    1.91592    2.12708  11.0%   176 1173s
 651793 346806    2.01844   40   46    1.91592    2.12553  10.9%   175 1178s
 655193 346766    1.92465   42   39    1.91592    2.12417  10.9%   175 1183s
 658585 346770    2.09379   39   43    1.91592    2.12257  10.8%   175 1189s
 662106 346798     cutoff   44         1.91592    2.12103  10.7%   175 1193s
 665664 346745    2.02743   45   31    1.91592    2.11973  10.6%   174 1198s
 669175 346711    2.10289   47   25    1.91592    2.11822  10.6%   174 1203s
 672710 346566    2.07309   49   36    1.91592    2.11682  10.5%   174 1207s
 676281 346488     cutoff   46         1.91592    2.11533  10.4%   173 1212s
 679748 346366     cutoff   43         1.91592    2.11366  10.3%   173 1216s
 683291 346191     cutoff   37         1.91592    2.11239  10.3%   173 1220s
 690274 345651     cutoff   49         1.91592    2.10976  10.1%   172 1229s
 693737 345412     cutoff   43         1.91592    2.10870  10.1%   172 1233s
 697118 345078    2.08693   44   30    1.91592    2.10743  10.0%   172 1237s
 700599 344685     cutoff   44         1.91592    2.10619  9.93%   171 1241s
 704000 344271    2.07017   40   45    1.91592    2.10501  9.87%   171 1245s
 707295 343921     cutoff   45         1.91592    2.10244  9.74%   171 1250s
 714514 343135     cutoff   47         1.91592    2.09963  9.59%   170 1258s
 718018 342697     cutoff   45         1.91592    2.09853  9.53%   170 1262s
 721429 342230     cutoff   45         1.91592    2.09713  9.46%   170 1266s
 724877 341672    2.00385   44   36    1.91592    2.09588  9.39%   169 1270s
 731815 340651    2.02576   38   49    1.91592    2.09343  9.27%   169 1278s
 735305 340019    1.94781   41   44    1.91592    2.09230  9.21%   169 1282s
 738772 339491     cutoff   51         1.91592    2.09100  9.14%   168 1285s
 745596 338464    2.02418   41   40    1.91592    2.08855  9.01%   168 1293s
 749061 337928     cutoff   42         1.91592    2.08730  8.95%   168 1297s
 752500 337385     cutoff   49         1.91592    2.08606  8.88%   167 1300s
 758904 336082     cutoff   34         1.91592    2.08384  8.76%   167 1308s
 762441 335503     cutoff   40         1.91592    2.08255  8.70%   166 1312s
 765910 334869    1.94981   41   44    1.91592    2.08148  8.64%   166 1316s
 769416 334284    1.93235   44   42    1.91592    2.08012  8.57%   166 1320s
 776410 332824     cutoff   52         1.91592    2.07782  8.45%   165 1327s
 779847 331993     cutoff   45         1.91592    2.07661  8.39%   165 1331s
 783322 331192    1.95648   42   45    1.91592    2.07532  8.32%   165 1335s
 790260 329594    1.92098   41   43    1.91592    2.07293  8.20%   164 1342s
 793673 328736     cutoff   40         1.91592    2.07177  8.13%   164 1346s
 797122 327904     cutoff   47         1.91592    2.07045  8.07%   164 1350s
 804061 326150     cutoff   38         1.91592    2.06813  7.94%   163 1357s
 807618 325282    2.02589   40   45    1.91592    2.06692  7.88%   163 1361s
 814538 323396     cutoff   48         1.91592    2.06448  7.75%   162 1368s
 817938 322530    1.99638   42   46    1.91592    2.06314  7.68%   162 1372s
 821438 321699     cutoff   46         1.91592    2.06202  7.63%   162 1375s
 828027 319847     cutoff   54         1.91592    2.05967  7.50%   161 1382s
 831488 318995     cutoff   41         1.91592    2.05850  7.44%   161 1386s
 838326 316985     cutoff   44         1.91592    2.05618  7.32%   160 1393s
 841841 316010     cutoff   47         1.91592    2.05505  7.26%   160 1396s
 845216 314967     cutoff   45         1.91592    2.05393  7.20%   160 1400s
 852077 312937     cutoff   47         1.91592    2.05144  7.07%   159 1407s
 855533 312021     cutoff   33         1.91592    2.05024  7.01%   159 1411s
 862387 309976    2.00673   38   42    1.91592    2.04783  6.88%   159 1418s
 865875 309026     cutoff   44         1.91592    2.04672  6.83%   158 1421s
 872386 306736    1.97729   35   50    1.91592    2.04451  6.71%   158 1428s
 875923 305575    1.92558   40   42    1.91592    2.04335  6.65%   158 1432s
 879440 304348     cutoff   46         1.91592    2.04221  6.59%   157 1435s
 886471 301838     cutoff   43         1.91592    2.03996  6.47%   157 1442s
 889916 300587     cutoff   44         1.91592    2.03858  6.40%   156 1445s
 896877 298096    1.94798   41   45    1.91592    2.03627  6.28%   156 1452s
 900366 296906    2.00844   44   40    1.91592    2.03511  6.22%   156 1455s
 907248 294460     cutoff   46         1.91592    2.03284  6.10%   155 1462s
 910739 293341    1.94769   37   49    1.91592    2.03163  6.04%   155 1466s
 917546 290731     cutoff   42         1.91592    2.02929  5.92%   154 1472s
 921073 289312     cutoff   51         1.91592    2.02821  5.86%   154 1475s
 928069 286517    1.97355   39   50    1.91592    2.02592  5.74%   153 1481s
 935044 283832    1.93212   40   45    1.91592    2.02351  5.62%   153 1487s
 937967 282289    1.95563   35   51    1.91592    2.02267  5.57%   153 1490s
 945162 279126    1.98660   41   44    1.91592    2.02022  5.44%   152 1496s
 952328 276060     cutoff   43         1.91592    2.01786  5.32%   152 1502s
 955837 274501     cutoff   44         1.91592    2.01677  5.26%   151 1505s
 962759 271373     cutoff   40         1.91592    2.01460  5.15%   151 1511s
 969599 268095    1.93332   41   37    1.91592    2.01232  5.03%   150 1517s
 973115 266448     cutoff   44         1.91592    2.01119  4.97%   150 1520s
 980227 263046    1.97089   35   48    1.91592    2.00887  4.85%   149 1526s
 987299 259469     cutoff   36         1.91592    2.00658  4.73%   149 1532s
 994222 256097    1.96802   43   38    1.91592    2.00432  4.61%   148 1537s
 997699 254248     cutoff   45         1.91592    2.00324  4.56%   148 1540s
 1004810 250420     cutoff   43         1.91592    2.00095  4.44%   147 1546s
 1011926 246590     cutoff   41         1.91592    1.99881  4.33%   147 1551s
 1018852 242841     cutoff   44         1.91592    1.99660  4.21%   146 1556s
 1025782 239045     cutoff   43         1.91592    1.99450  4.10%   146 1562s
 1032783 234966     cutoff   42         1.91592    1.99229  3.99%   145 1567s
 1039937 231143     cutoff   40         1.91592    1.99010  3.87%   144 1572s
 1046605 226649     cutoff   48         1.91592    1.98812  3.77%   144 1577s
 1053807 222136    1.92798   45   38    1.91592    1.98596  3.66%   143 1582s
 1060984 217548     cutoff   45         1.91592    1.98389  3.55%   143 1587s
 1068078 212902     cutoff   42         1.91592    1.98169  3.43%   142 1592s
 1075155 208288     cutoff   37         1.91592    1.97961  3.32%   142 1596s
 1082170 203469    1.91889   48   31    1.91592    1.97758  3.22%   141 1601s
 1089265 198456    1.96466   44   40    1.91592    1.97543  3.11%   140 1605s
 1096633 193406     cutoff   44         1.91592    1.97333  3.00%   140 1610s
 1103670 188196     cutoff   43         1.91592    1.97122  2.89%   139 1615s
 1114259 180250     cutoff   40         1.91592    1.96823  2.73%   138 1621s
 1121608 174862     cutoff   27         1.91592    1.96624  2.63%   138 1625s
 1132108 166595     cutoff   47         1.91592    1.96332  2.47%   137 1631s
 1139239 161068     cutoff   39         1.91592    1.96134  2.37%   136 1635s
 1149955 152201     cutoff   44         1.91592    1.95846  2.22%   135 1641s
 1157152 146467     cutoff   43         1.91592    1.95646  2.12%   135 1645s
 1167877 137455     cutoff   36         1.91592    1.95367  1.97%   134 1650s
 1178707 128734     cutoff   45         1.91592    1.95087  1.82%   133 1655s
 1188926 119340     cutoff   48         1.91592    1.94811  1.68%   132 1661s
 1199855 109550    1.91817   43   44    1.91592    1.94531  1.53%   131 1666s
 1210782 99761     cutoff   36         1.91592    1.94248  1.39%   130 1671s
 1221625 89938     cutoff   40         1.91592    1.93978  1.25%   129 1676s
 1232242 80068     cutoff   40         1.91592    1.93712  1.11%   128 1680s

Cutting planes:
  Gomory: 7
  Implied bound: 1
  Projected implied bound: 42
  MIR: 549
  Flow cover: 483
  Relax-and-lift: 217

Explored 1242972 nodes (158143800 simplex iterations) in 1683.82 seconds (3440.97 work units)
Thread count was 32 (of 255 available processors)

Solution count 10: 1.91592 1.91592 1.91592 ... 1.81034

Optimal solution found (tolerance 1.00e-02)
Best objective 1.915915921702e+00, best bound 1.934543401327e+00, gap 0.9722%

User-callback calls 2606604, time in user-callback 0.50 sec
source: 0 target: 4 model_arch: 3x50 perturbation type: patch perturbation size: [1.0, 14.0, 14.0, 3.0] dataset: fmnist
Attack:   0%|          | 0/500 [00:00<?, ?it/s]Attack:   0%|          | 1/500 [00:00<00:51,  9.76it/s]Attack:   6%|▌         | 30/500 [00:00<00:02, 170.36it/s]Attack:  12%|█▏        | 60/500 [00:00<00:01, 228.46it/s]Attack:  19%|█▉        | 94/500 [00:00<00:01, 268.81it/s]Attack:  26%|██▌       | 128/500 [00:00<00:01, 293.94it/s]Attack:  32%|███▏      | 162/500 [00:00<00:01, 307.42it/s]Attack:  39%|███▉      | 195/500 [00:00<00:00, 312.94it/s]Attack:  45%|████▌     | 227/500 [00:00<00:00, 311.66it/s]Attack:  52%|█████▏    | 259/500 [00:00<00:00, 305.69it/s]Attack:  58%|█████▊    | 290/500 [00:01<00:00, 301.53it/s]Attack:  64%|██████▍   | 321/500 [00:01<00:00, 297.49it/s]Attack:  70%|███████   | 351/500 [00:01<00:00, 294.05it/s]Attack:  76%|███████▌  | 381/500 [00:01<00:00, 292.25it/s]Attack:  82%|████████▏ | 411/500 [00:01<00:00, 290.95it/s]Attack:  88%|████████▊ | 441/500 [00:01<00:00, 290.72it/s]Attack:  94%|█████████▍| 471/500 [00:01<00:00, 289.60it/s]Attack: 100%|█████████▉| 499/500 [00:01<00:00, 283.39it/s]
best_val 0.46852537989616394
Set parameter WLSAccessID
Set parameter WLSSecret
Set parameter LicenseID to value 2478548
Academic license 2478548 - for non-commercial use only - registered to ne___@campus.technion.ac.il
Encoding the two copies...
apply_sibgate_constraints!: emitted 24 coupling lines (both-thin), 0 conditional triangles on org (org-dropped), 0 conditional triangles on pert (pert-dropped).
Encoding dependencies (activation_start=1, layers_offset=2)...
apply_n1_var_hints!: mode=VH_PREV_PGD, Start-consensus on 122 of 122 N2 binaries (pgd-silent-filled=70, pgd-agreed-nop=47, pgd-disagreed-withdrew=5, flipped=2, no-N1-match=0, Tech2-eliminated-but-survived=0)
1.9159159217023598  1.9345434013271134  1683.849336862564
Clean sample classification: 1
Perturbed sample classification: 1

══ Advanced-standard: loading N1 state from /root/Downloads/for_dana/vaghar_org/paper_experiments_rerun/fashion-mnist/3x50_exp/patch/eps_1,14,14,3/n1_state_3x50_model_seed42_itr19 (c_tag=1, c_target=5) ══
load_n1_state: loaded from /root/Downloads/for_dana/vaghar_org/paper_experiments_rerun/fashion-mnist/3x50_exp/patch/eps_1,14,14,3/n1_state_3x50_model_seed42_itr19 (c_tag=1, c_target=5, 1910 vars, 170 neurons)

══ Advanced-standard PASS 2: solving N2 with N1 info (c_tag=1, c_target=5) ══
set_n1_neuron_bounds: loaded 170 neuron bounds from N1
compute_n2_pert_relaxation_bounds: populated 2 ReLU layers
compute_n2_relax_decision!: τ=0.5, both=24 org-only=0 pert-only=0 none=61 (plus 15 stable neurons)
[notice | Main.MIPVerify]: Determining upper and lower bounds for the input to each non-linear unit.
Set parameter WLSAccessID
Set parameter WLSSecret
Set parameter LicenseID to value 2478548
Academic license 2478548 - for non-commercial use only - registered to ne___@campus.technion.ac.il
Set parameter TimeLimit to value 5
Set parameter TimeLimit to value 5
Set parameter WLSAccessID
Set parameter WLSSecret
Set parameter LicenseID to value 2478548
Academic license 2478548 - for non-commercial use only - registered to ne___@campus.technion.ac.il
Set parameter MIPFocus to value 3
Set parameter Cutoff to value 4.6852537989616394e-01
Set parameter Threads to value 32
Set parameter TimeLimit to value 10800
Set parameter MIPGap to value 0.01
Set parameter Seed to value 4
Set parameter Seed to value 4
Set parameter MIPGap to value 0.01
Set parameter MIPFocus to value 3
Set parameter Cutoff to value 4.6852537989616394e-01
Set parameter Threads to value 32
Set parameter TimeLimit to value 10800
Warning for adding constraints: zero or small (< 1e-13) coefficients, ignored
Gurobi Optimizer version 13.0.0 build v13.0.0rc1 (linux64 - "Ubuntu 20.04.2 LTS")

CPU model: AMD EPYC 7713 64-Core Processor, instruction set [SSE2|AVX|AVX2]
Thread count: 127 physical cores, 255 logical processors, using up to 32 threads

Non-default parameters:
Cutoff  4.6852537989616394e-01
TimeLimit  10800
MIPGap  0.01
MIPFocus  3
Seed  4
Threads  32

Academic license 2478548 - for non-commercial use only - registered to ne___@campus.technion.ac.il
Optimize a model with 1671 rows, 1919 columns and 194511 nonzeros (Max)
Model fingerprint: 0xa9350ed6
Model has 1 linear objective coefficients
Variable types: 1797 continuous, 122 integer (122 binary)
Coefficient statistics:
  Matrix range     [1e-13, 3e+01]
  Objective range  [1e+00, 1e+00]
  Bounds range     [1e-07, 3e+01]
  RHS range        [1e-11, 2e+01]

User MIP start produced solution with objective 1.0954 (1.32s)
User MIP start produced solution with objective 1.10544 (1.67s)
User MIP start produced solution with objective 1.10544 (1.67s)
Loaded user MIP start with objective 1.10544
Processed MIP start in 1.67 seconds (1.83 work units)

Presolve removed 1075 rows and 835 columns
Presolve time: 0.54s
Presolved: 596 rows, 1084 columns, 125825 nonzeros
Found heuristic solution: objective 1.1054425
Variable types: 962 continuous, 122 integer (122 binary)
Root relaxation presolve removed 0 rows and 2 columns
Root relaxation presolved: 596 rows, 1082 columns, 125823 nonzeros


Extra simplex iterations after uncrush: 1

Root relaxation: objective 7.129668e+00, 623 iterations, 0.35 seconds (0.12 work units)

    Nodes    |    Current Node    |     Objective Bounds      |     Work
 Expl Unexpl |  Obj  Depth IntInf | Incumbent    BestBd   Gap | It/Node Time

     0     0    7.12967    0   86    1.10544    7.12967   545%     -    3s
     0     0    6.54123    0   96    1.10544    6.54123   492%     -    4s
     0     0    6.54123    0   96    1.10544    6.54123   492%     -    4s
     0     0    5.92294    0  101    1.10544    5.92294   436%     -    4s
     0     0    5.61320    0  102    1.10544    5.61320   408%     -    5s
     0     0    5.61320    0  102    1.10544    5.61320   408%     -    5s
     0     0    5.41853    0  108    1.10544    5.41853   390%     -    5s
     0     0    5.25048    0  109    1.10544    5.25048   375%     -    6s
     0     0    5.25048    0  109    1.10544    5.25048   375%     -    6s
     0     0    5.08226    0  109    1.10544    5.08226   360%     -    7s
     0     0    5.08226    0  109    1.10544    5.08226   360%     -    7s
     0     2    5.08226    0  109    1.10544    5.08226   360%     -    7s
    63    96    5.08226    6   85    1.10544    5.08226   360%   457   10s
   552   598    4.45869   14   72    1.10544    4.68168   324%   384   15s
H 1148  1176                       1.1054426    4.36550   295%   336   19s
  1238  1326    4.03118   13   70    1.10544    4.33468   292%   332   20s
H 1481  1488                       1.1928038    4.28154   259%   317   21s
  2607  2585    3.98575   12   82    1.19280    4.15141   248%   287   25s
H 3251  3055                       1.1940932    4.09693   243%   283   37s
  3252  3056    3.75987   15  109    1.19409    4.09693   243%   283   45s
H 3260  2907                       1.2310556    4.09693   233%   282   49s
  3262  2909    3.42830   18   97    1.23106    4.09693   233%   282   52s
  3264  2910    3.34659   12   97    1.23106    4.09693   233%   282   56s
H 3287  2788                       1.2310556    4.09693   233%   283   59s
  3326  2836    4.09693   19   89    1.23106    4.09693   233%   284   60s
  3531  2980    4.09693   25   75    1.23106    4.09693   233%   294   65s
H 3533  2840                       1.2310557    4.09693   233%   294   65s
H 3962  2959                       1.2319150    3.93553   219%   305   68s
  4139  3174    3.40405   22   78    1.23191    3.85947   213%   309   70s
H 4602  3319                       1.2415201    3.71912   200%   313   73s
  4952  3625    3.40937   23   77    1.24152    3.66629   195%   313   75s
  5722  4021    3.04831   20   71    1.24152    3.53640   185%   316   81s
  5822  4080    3.38258   28   64    1.24152    3.50150   182%   320   85s
H 5860  3981                       1.2415202    3.49011   181%   321   86s
  5952  4045    3.32774   25   68    1.24152    3.46009   179%   325   91s
  6059  4117    2.92834   27   67    1.24152    3.43020   176%   329   95s
H 6237  4182                       1.2425414    3.40422   174%   331   99s
  6346  4494    3.15482   30   64    1.24254    3.39359   173%   331  100s
  8329  5724    3.08628   30   63    1.24254    3.31134   166%   319  106s
 10171  6987    2.43772   26   63    1.24254    3.23929   161%   311  110s
H11269  7811                       1.2425414    3.19907   157%   307  113s
H11472  7811                       1.2425415    3.19398   157%   306  113s
 11553  8248    2.13733   32   54    1.24254    3.19277   157%   305  115s
 12849  9419    3.07851   27   68    1.24254    3.15516   154%   300  121s
 13909 10357    2.70261   32   64    1.24254    3.12705   152%   297  125s
 15700 11958    2.78764   37   59    1.24254    3.08147   148%   292  131s
 16357 12014    1.96157   35   54    1.24254    3.04884   145%   291  137s
 16429 12116     cutoff   33         1.24254    3.03632   144%   292  142s
 16647 12335    2.82692   35   59    1.24254    3.02782   144%   292  148s
 16797 12503     cutoff   34         1.24254    3.02410   143%   293  151s
 16998 12694    2.92698   29   69    1.24254    3.01887   143%   293  155s
H17022 12694                       1.2425418    3.01887   143%   293  155s
H17477 13050                       1.2433565    3.01051   142%   292  158s
 17627 14072    2.84650   25   77    1.24336    3.00581   142%   291  160s
 20241 16597    2.83328   32   60    1.24336    2.94166   137%   284  165s
 23233 19428    2.80129   31   62    1.24336    2.90039   133%   275  170s
 26336 22132    2.85263   41   54    1.24336    2.87062   131%   265  175s
 29578 25737    1.33049   38   45    1.24336    2.84146   129%   259  181s
 33322 26950    2.74492   31   59    1.24336    2.80713   126%   252  187s
 33358 26975    2.50620   32   57    1.24336    2.80379   126%   252  190s
H33383 26975                       1.2433565    2.80237   125%   252  190s
 33504 27437    2.59545   21   77    1.24336    2.80013   125%   252  195s
 35794 30754    2.64004   40   56    1.24336    2.78377   124%   248  201s
 39355 34038    2.51781   30   61    1.24336    2.75866   122%   243  206s
 43272 37669    2.60071   30   64    1.24336    2.73166   120%   237  211s
 47411 41554    2.69423   43   49    1.24336    2.70733   118%   233  217s
 49671 43453    2.52857   25   72    1.24336    2.69437   117%   230  220s
 54003 47440    2.49955   27   64    1.24336    2.66647   114%   226  227s
 56312 49633     cutoff   40         1.24336    2.64944   113%   224  230s
 58767 53207    2.15612   27   60    1.24336    2.63333   112%   222  236s
 62853 55772     cutoff   33         1.24336    2.60954   110%   220  240s
 68674 61113    2.41052   33   56    1.24336    2.57836   107%   216  248s
 71834 64205    2.43206   39   52    1.24336    2.56679   106%   214  251s
 75244 64234    2.17378   34   51    1.24336    2.55273   105%   212  257s
H75247 64234                       1.2433565    2.55251   105%   212  257s
 75279 64383    2.51651   33   59    1.24336    2.55124   105%   212  262s
H75402 64356                       1.2456398    2.55104   105%   212  262s
H75424 64352                       1.2460775    2.55066   105%   212  262s
 75438 67677    2.20760   32   54    1.24608    2.55044   105%   212  266s
 79202 71238    2.20255   29   66    1.24608    2.53961   104%   209  271s
 83150 74601    2.45509   38   51    1.24608    2.52909   103%   207  275s
 86932 77986    2.46347   37   55    1.24608    2.51886   102%   205  280s
 90702 84048    2.25570   39   54    1.24608    2.51038   101%   203  286s
 97416 87075    2.31033   38   52    1.24608    2.49658   100%   199  290s
 104295 93180    2.41979   44   49    1.24608    2.48130  99.1%   196  298s
 107710 96270    2.41337   37   57    1.24608    2.47431  98.6%   195  302s
 111188 99222    2.20420   29   64    1.24608    2.46696  98.0%   194  306s
 118280 105794 infeasible   33         1.24608    2.45434  97.0%   192  313s
 122024 110729    2.04830   32   56    1.24608    2.44760  96.4%   190  320s
 131365 116684    1.31589   40   53    1.24608    2.43260  95.2%   188  327s
 134807 119715    2.10568   27   60    1.24608    2.42721  94.8%   187  331s
 138331 122810    1.68510   39   45    1.24608    2.42241  94.4%   186  335s
 145523 128702    2.32870   42   45    1.24608    2.41254  93.6%   185  342s
 148908 131805    2.24486   37   54    1.24608    2.40835  93.3%   184  346s
 152580 136211    2.32289   28   64    1.24608    2.40292  92.8%   183  352s
 157864 139199    1.96933   40   54    1.24608    2.39611  92.3%   182  356s
 161394 142028    2.29475   35   55    1.24608    2.39145  91.9%   182  360s
 168395 147764    2.30956   40   48    1.24608    2.38213  91.2%   180  367s
 171675 150696    2.03342   44   40    1.24608    2.37780  90.8%   180  371s
 175291 153534    2.30181   41   55    1.24608    2.37345  90.5%   180  375s
 182177 160478    2.28386   39   50    1.24608    2.36497  89.8%   179  384s
 187137 163226    2.23385   41   49    1.24608    2.35916  89.3%   178  388s
 190516 165969    2.32342   40   51    1.24608    2.35498  89.0%   178  392s
 193915 168958    2.30659   41   47    1.24608    2.35096  88.7%   178  396s
 200990 174569    1.91017   46   40    1.24608    2.34322  88.0%   177  403s
 204482 177410    1.78758   40   49    1.24608    2.33915  87.7%   176  407s
 207973 180204    1.29111   40   39    1.24608    2.33507  87.4%   176  411s
 211467 183864    2.21736   44   43    1.24608    2.33043  87.0%   176  416s
 216011 183894    2.31323   38   51    1.24608    2.32571  86.6%   175  421s
H216019 183894                       1.2460775    2.32542  86.6%   175  421s
 216045 184014    2.07588   46   45    1.24608    2.32491  86.6%   175  426s
H216173 184014                       1.2460776    2.32477  86.6%   175  426s
 216193 186824    1.85695   41   50    1.24608    2.32453  86.5%   175  430s
 223766 193121    2.13215   42   50    1.24608    2.31593  85.9%   175  439s
 227535 196086    1.63927   36   42    1.24608    2.31181  85.5%   175  443s
 231263 198936    2.18298   44   49    1.24608    2.30807  85.2%   174  447s
 234819 201742    2.19192   45   45    1.24608    2.30410  84.9%   174  451s
 238424 204368    1.94719   45   44    1.24608    2.30013  84.6%   174  455s
 241763 208057    1.48217   35   53    1.24608    2.29695  84.3%   174  461s
 246401 210975    2.13223   44   46    1.24608    2.29252  84.0%   173  465s
 253733 216640    2.20670   31   54    1.24608    2.28476  83.4%   173  472s
 257077 219569    2.07519   46   42    1.24608    2.28187  83.1%   172  476s
 260711 222425    2.20659   42   49    1.24608    2.27882  82.9%   172  480s
 267718 227980    2.24832   43   45    1.24608    2.27260  82.4%   171  487s
 271269 232041    2.15145   32   48    1.24608    2.26975  82.2%   171  492s
 276254 234729    2.18224   32   57    1.24608    2.26626  81.9%   171  496s
 283009 240214    2.24439   39   46    1.24608    2.26115  81.5%   170  503s
 286607 242963    2.23702   48   41    1.24608    2.25847  81.2%   170  507s
 290168 245683    2.17738   33   56    1.24608    2.25609  81.1%   169  510s
 297248 250992    2.09913   41   51    1.24608    2.25157  80.7%   169  517s
 300660 254717    2.22770   36   51    1.24608    2.24914  80.5%   168  522s
 305510 257276    2.15010   46   43    1.24608    2.24626  80.3%   168  526s
 312463 262726    2.20825   45   40    1.24608    2.24184  79.9%   167  533s
 316033 265174    2.21410   43   50    1.24608    2.23950  79.7%   167  536s
 319264 267893    2.10567   33   54    1.24608    2.23747  79.6%   167  540s
 326506 273161    2.13622   48   44    1.24608    2.23300  79.2%   166  547s
 329846 276820    2.20227   43   45    1.24608    2.23099  79.0%   166  552s
 334660 279257    1.64276   52   32    1.24608    2.22830  78.8%   166  555s
 341447 284566    1.35807   47   45    1.24608    2.22473  78.5%   165  562s
 344945 287154    2.07384   42   47    1.24608    2.22285  78.4%   165  565s
 351978 292687    1.85472   47   41    1.24608    2.21911  78.1%   164  572s
 355768 295221    1.90543   54   32    1.24608    2.21721  77.9%   164  576s
 359203 298692    2.21180   41   50    1.24608    2.21541  77.8%   164  580s
 367419 304129    2.17212   40   47    1.24608    2.21120  77.5%   163  587s
 370888 304156    2.10600   51   37    1.24608    2.20961  77.3%   163  593s
H370892 304156                       1.2460776    2.20954  77.3%   163  593s
H370893 304156                       1.2460776    2.20952  77.3%   163  593s
 370925 304479    1.81288   43   44    1.24608    2.20927  77.3%   163  597s
 371352 306274     cutoff   45         1.24608    2.20918  77.3%   163  600s
 377660 312098    2.10330   40   49    1.24608    2.20621  77.1%   163  608s
 381518 315159    1.90271   43   46    1.24608    2.20440  76.9%   162  612s
 385515 318036     cutoff   43         1.24608    2.20264  76.8%   162  616s
 389323 321345    2.10442   45   42    1.24608    2.20099  76.6%   162  620s
 397215 326704    2.06919   41   52    1.24608    2.19744  76.3%   162  627s
 400961 329358    1.80019   43   39    1.24608    2.19598  76.2%   161  631s
 408001 334600    2.10528   37   51    1.24608    2.19281  76.0%   161  638s
 411559 337176    2.07622   42   47    1.24608    2.19138  75.9%   161  641s
 415035 339788    2.11131   41   45    1.24608    2.18985  75.7%   161  645s
 422971 345796    2.04151   44   45    1.24608    2.18635  75.5%   160  652s
 426436 348317    2.04522   32   54    1.24608    2.18503  75.4%   160  656s
 432930 353232     cutoff   43         1.24608    2.18200  75.1%   160  663s
 436428 355769    2.15878   49   40    1.24608    2.18047  75.0%   160  666s
 439780 358246    1.93832   41   45    1.24608    2.17895  74.9%   160  670s
 446701 363485    1.53391   49   35    1.24608    2.17604  74.6%   160  678s
 450164 366535    2.08086   47   47    1.24608    2.17451  74.5%   159  682s
 454261 369114    2.16830   44   51    1.24608    2.17284  74.4%   159  685s
 461267 374291    1.58552   43   40    1.24608    2.16996  74.1%   159  693s
 464681 376542    1.59772   34   52    1.24608    2.16847  74.0%   159  697s
 467723 379285    2.13205   40   52    1.24608    2.16700  73.9%   159  700s
 471326 382014    1.75871   51   28    1.24608    2.16545  73.8%   159  705s
 478794 387491    1.36938   48   36    1.24608    2.16256  73.5%   159  712s
 482329 390644    2.08329   42   47    1.24608    2.16124  73.4%   159  716s
 486528 393062    2.04897   48   42    1.24608    2.15949  73.3%   158  720s
 493286 398321    2.15228   45   42    1.24608    2.15659  73.1%   158  728s
 496721 400936    2.11373   36   53    1.24608    2.15499  72.9%   158  732s
 500153 403683     cutoff   46         1.24608    2.15344  72.8%   158  736s
 503722 406343    2.11672   38   49    1.24608    2.15199  72.7%   158  740s
 510553 411629    1.87298   47   39    1.24608    2.14910  72.5%   158  748s
 514153 411660    1.97964   39   48    1.24608    2.14766  72.4%   158  754s
H514157 411660                       1.2460776    2.14761  72.3%   158  754s
H514164 411660                       1.2460776    2.14757  72.3%   158  754s
H514167 411660                       1.2460776    2.14754  72.3%   158  754s
 514186 416362    1.42287   47   41    1.24608    2.14748  72.3%   158  765s
 520385 420123    2.09314   41   46    1.24608    2.14504  72.1%   158  771s
 525323 423311    1.98823   44   40    1.24608    2.14312  72.0%   158  776s
 529519 426498    2.04204   46   43    1.24608    2.14152  71.9%   158  780s
 537696 432333    1.99151   45   45    1.24608    2.13817  71.6%   158  789s
 541548 435160    2.04266   44   48    1.24608    2.13663  71.5%   157  793s
 545329 438221    2.09252   48   43    1.24608    2.13517  71.4%   157  797s
 549430 440735    2.12392   41   50    1.24608    2.13352  71.2%   157  801s
 556192 445977    1.93247   44   43    1.24608    2.13077  71.0%   157  809s
 559715 448655    1.94304   36   53    1.24608    2.12939  70.9%   157  812s
 563330 451242    1.82077   32   62    1.24608    2.12796  70.8%   157  816s
 566745 453764    2.04554   49   41    1.24608    2.12651  70.7%   157  820s
 573811 459110    2.10864   41   43    1.24608    2.12379  70.4%   157  828s
 577328 461932    2.00316   40   49    1.24608    2.12236  70.3%   157  832s
 581207 464538    1.97899   46   42    1.24608    2.12074  70.2%   157  836s
 584668 467268    2.11062   42   46    1.24608    2.11950  70.1%   157  840s
 592086 472509    2.07705   50   42    1.24608    2.11667  69.9%   157  848s
 595421 475232    1.87967   33   55    1.24608    2.11533  69.8%   157  852s
 599122 477751    1.68882   35   52    1.24608    2.11380  69.6%   156  856s
 602511 480527    2.05351   44   41    1.24608    2.11245  69.5%   156  860s
 610208 486130    2.02099   42   46    1.24608    2.10952  69.3%   156  868s
 613734 488749     cutoff   44         1.24608    2.10807  69.2%   156  872s
 617254 491344    2.06266   44   43    1.24608    2.10672  69.1%   156  875s
 624287 496437    2.00686   35   52    1.24608    2.10401  68.9%   156  883s
 627717 499054    2.09090   46   41    1.24608    2.10269  68.7%   156  887s
 631269 501337    2.01113   42   49    1.24608    2.10130  68.6%   156  891s
 634475 504097    2.08133   40   47    1.24608    2.09994  68.5%   156  895s
 642015 506956    1.93388   38   50    1.24608    2.09728  68.3%   156  905s
H642019 506956                       1.2460776    2.09715  68.3%   156  905s
H642466 507347                       1.2460776    2.09694  68.3%   156  909s
 642580 510232    1.50745   52   31    1.24608    2.09691  68.3%   156  914s
 646443 513533    1.70155   41   45    1.24608    2.09541  68.2%   156  919s
 650876 516527    1.80699   37   50    1.24608    2.09369  68.0%   156  923s
 655028 519304    2.03291   39   50    1.24608    2.09228  67.9%   156  927s
 658835 522183    1.64599   46   39    1.24608    2.09090  67.8%   155  931s
 662742 525016    1.54192   42   51    1.24608    2.08930  67.7%   155  935s
 670269 530515    2.04701   50   39    1.24608    2.08658  67.5%   155  944s
 673973 533309     cutoff   33         1.24608    2.08518  67.3%   155  948s
 677764 536148    2.07692   51   40    1.24608    2.08370  67.2%   155  952s
 681562 538772    2.01014   45   44    1.24608    2.08238  67.1%   155  956s
 688840 543932    1.84332   36   50    1.24608    2.07979  66.9%   155  963s
 692087 546626    1.70988   49   43    1.24608    2.07848  66.8%   155  967s
 695729 549370    2.02241   50   39    1.24608    2.07716  66.7%   155  971s
 699427 552411    2.07543   47   40    1.24608    2.07584  66.6%   155  975s
 706868 557453    2.01508   40   51    1.24608    2.07328  66.4%   155  982s
 710341 560200    1.70822   44   43    1.24608    2.07199  66.3%   155  986s
 714074 562760    2.05168   39   52    1.24608    2.07071  66.2%   154  990s
 720860 567882     cutoff   45         1.24608    2.06818  66.0%   154  998s
 724547 570529    2.05103   37   51    1.24608    2.06687  65.9%   154 1002s
 728079 573145    2.00990   43   47    1.24608    2.06567  65.8%   154 1005s
 731599 576045    1.84027   43   44    1.24608    2.06444  65.7%   154 1010s
 739238 581375    1.94169   35   56    1.24608    2.06181  65.5%   154 1017s
 742766 583853    1.81043   47   42    1.24608    2.06069  65.4%   154 1021s
 746167 586587    1.35780   27   58    1.24608    2.05939  65.3%   154 1025s
 753435 591553    1.86799   49   36    1.24608    2.05700  65.1%   154 1032s
 756664 594331    2.03867   43   45    1.24608    2.05577  65.0%   154 1036s
 760420 596844    1.85571   45   40    1.24608    2.05444  64.9%   154 1040s
 767918 602445    1.92081   45   44    1.24608    2.05206  64.7%   154 1048s
 771342 604891    2.02718   51   34    1.24608    2.05078  64.6%   154 1052s
 774661 607478    1.66197   44   45    1.24608    2.04969  64.5%   153 1056s
H781870 610223                       1.2460776    2.04741  64.3%   153 1065s
H781988 610413                       1.2460776    2.04723  64.3%   153 1069s
 782170 610908    2.01513   41   49    1.24608    2.04719  64.3%   153 1073s
 782839 611420    1.50313   50   38    1.24608    2.04713  64.3%   153 1077s
 783520 611441    1.99331   48   42    1.24608    2.04708  64.3%   153 1084s
 783556 611566 infeasible   49         1.24608    2.04703  64.3%   153 1093s
H783583 599287                       1.3078406    2.04702  56.5%   153 1093s
 783750 602846    1.91930   50   35    1.30784    2.04697  56.5%   153 1099s
 788656 605872    1.73182   42   48    1.30784    2.04508  56.4%   153 1103s
H792935 605893                       1.3078685    2.04362  56.3%   153 1109s
H792946 605888                       1.3078952    2.04357  56.2%   153 1109s
 792972 610249    2.03616   45   47    1.30790    2.04349  56.2%   153 1116s
 799198 612888    1.86387   47   36    1.30790    2.04146  56.1%   153 1120s
 806398 618124    1.34845   41   49    1.30790    2.03923  55.9%   153 1128s
 810194 620841    2.02858   50   34    1.30790    2.03817  55.8%   153 1132s
 813922 623280    1.83081   44   45    1.30790    2.03708  55.8%   153 1136s
 820881 628086    2.00860   46   43    1.30790    2.03479  55.6%   153 1143s
 824227 630977     cutoff   32         1.30790    2.03373  55.5%   153 1147s
 828269 633378    1.97553   43   45    1.30790    2.03253  55.4%   153 1151s
 831720 635998    1.94864   49   39    1.30790    2.03140  55.3%   153 1155s
 835382 637752    1.93342   47   37    1.30790    2.03031  55.2%   153 1160s
H835608 637752                       1.3078952    2.03030  55.2%   153 1160s
 840616 641824    1.92033   49   38    1.30790    2.03000  55.2%   152 1168s
 843518 644065    1.91209   48   39    1.30790    2.02943  55.2%   152 1173s
H845087 644065                       1.3078952    2.02902  55.1%   152 1173s
 846638 646598    1.99233   42   48    1.30790    2.02861  55.1%   152 1177s
H847757 646598                       1.3078953    2.02824  55.1%   152 1177s
 850145 649186    1.93232   48   41    1.30790    2.02778  55.0%   152 1181s
 853835 651624    1.98292   42   50    1.30790    2.02651  54.9%   152 1185s
 857331 654101    1.74410   43   49    1.30790    2.02529  54.9%   152 1190s
 860809 654123     cutoff   48         1.30790    2.02420  54.8%   152 1195s
H860818 654123                       1.3078953    2.02389  54.7%   152 1195s
 860851 654402    1.76801   45   47    1.30790    2.02310  54.7%   152 1200s
H860853 654402                       1.3078953    2.02309  54.7%   152 1200s
 861303 657448    2.01797   51   34    1.30790    2.02275  54.7%   152 1205s
 865560 660696    1.33766   44   40    1.30790    2.02226  54.6%   152 1210s
 874080 666395    1.52717   45   39    1.30790    2.01870  54.3%   152 1218s
 878006 669194    1.93423   55   33    1.30790    2.01756  54.3%   152 1222s
 881985 671875    1.86486   36   54    1.30790    2.01649  54.2%   152 1226s
 885831 674745    1.86196   51   33    1.30790    2.01543  54.1%   152 1230s
 893080 679769     cutoff   43         1.30790    2.01332  53.9%   152 1238s
 896855 682223    1.47876   44   40    1.30790    2.01235  53.9%   152 1242s
 900386 684876    1.68554   49   38    1.30790    2.01145  53.8%   152 1246s
 904015 687536    1.99679   54   33    1.30790    2.01035  53.7%   152 1250s
 911186 692666    1.57346   38   47    1.30790    2.00848  53.6%   151 1257s
 914806 695431    1.83698   52   34    1.30790    2.00756  53.5%   151 1262s
 918664 698215    1.97978   41   52    1.30790    2.00663  53.4%   151 1266s
 922464 700748    1.75614   45   48    1.30790    2.00572  53.4%   151 1270s
 929541 705638    1.83610   35   50    1.30790    2.00394  53.2%   151 1278s
 933058 708085     cutoff   46         1.30790    2.00298  53.1%   151 1282s
 936584 710779    2.00136   52   32    1.30790    2.00208  53.1%   151 1286s
 940374 713350    1.83103   50   33    1.30790    2.00119  53.0%   151 1290s
 947908 718742    1.97774   50   41    1.30790    1.99937  52.9%   151 1298s
 951622 721394    1.81292   44   45    1.30790    1.99844  52.8%   151 1302s
 955377 723896    1.86859   47   39    1.30790    1.99749  52.7%   151 1306s
 958917 726423    1.90510   47   40    1.30790    1.99666  52.7%   151 1310s
 966056 731509    1.91561   48   39    1.30790    1.99489  52.5%   151 1318s
 969553 733741    1.92277   47   44    1.30790    1.99405  52.5%   151 1322s
 972663 736424     cutoff   48         1.30790    1.99327  52.4%   151 1326s
 976435 739332    1.98338   54   29    1.30790    1.99234  52.3%   151 1330s
 983953 744300    1.87044   43   41    1.30790    1.99054  52.2%   150 1338s
 987375 746801    1.96612   49   38    1.30790    1.98976  52.1%   150 1342s
 991022 749366    1.92148   48   37    1.30790    1.98890  52.1%   150 1346s
 994624 752017    1.98062   49   36    1.30790    1.98812  52.0%   150 1350s
 1001878 754614     cutoff   45         1.30790    1.98645  51.9%   150 1359s
H1001882 754045                       1.3098689    1.98643  51.7%   150 1360s
 1005359 759398    1.81339   40   43    1.30987    1.98565  51.6%   150 1368s
 1009365 761887     cutoff   43         1.30987    1.98469  51.5%   150 1372s
 1012858 764371    1.78758   48   39    1.30987    1.98385  51.5%   150 1376s
 1016372 767001    1.93043   43   48    1.30987    1.98308  51.4%   150 1380s
 1023651 772088     cutoff   42         1.30987    1.98148  51.3%   150 1387s
 1027205 774555    1.92451   35   56    1.30987    1.98062  51.2%   150 1391s
 1030803 777017    1.93681   39   49    1.30987    1.97977  51.1%   150 1395s
 1034293 779815    1.71499   40   51    1.30987    1.97911  51.1%   150 1400s
 1041963 784894     cutoff   49         1.30987    1.97750  51.0%   150 1407s
 1045536 787454    1.94128   41   46    1.30987    1.97673  50.9%   149 1411s
 1049127 790101     cutoff   55         1.30987    1.97592  50.8%   149 1415s
 1056201 795134    1.92794   47   41    1.30987    1.97447  50.7%   149 1422s
 1059878 797686    1.80151   49   31    1.30987    1.97365  50.7%   149 1426s
 1063454 800485    1.93582   49   39    1.30987    1.97290  50.6%   149 1430s
 1071021 803007    1.92908   51   38    1.30987    1.97126  50.5%   149 1439s
 1071056 803431    1.56609   46   38    1.30987    1.97117  50.5%   149 1443s
H1071076 803158                       1.3108188    1.97117  50.4%   149 1443s
 1071681 805914    1.89041   40   42    1.31082    1.97114  50.4%   149 1447s
 1075698 808682    1.89683   37   46    1.31082    1.97025  50.3%   149 1452s
 1079668 811397     cutoff   47         1.31082    1.96936  50.2%   149 1456s
 1083494 814147     cutoff   51         1.31082    1.96864  50.2%   149 1460s
 1091291 819144    1.93861   49   38    1.31082    1.96709  50.1%   149 1467s
 1094575 821958    1.77704   49   31    1.31082    1.96633  50.0%   149 1472s
 1098617 824439    1.88624   36   45    1.31082    1.96553  49.9%   149 1475s
 1105826 829617     cutoff   40         1.31082    1.96406  49.8%   149 1483s
 1109369 832206    1.86465   44   42    1.31082    1.96324  49.8%   148 1487s
 1113030 834761    1.82951   45   43    1.31082    1.96253  49.7%   148 1490s
 1120293 839772    1.76850   48   34    1.31082    1.96107  49.6%   148 1498s
 1123960 842713    1.91602   40   48    1.31082    1.96032  49.5%   148 1502s
 1128182 845132    1.91342   55   23    1.31082    1.95946  49.5%   148 1506s
 1135275 850154    1.92133   48   39    1.31082    1.95811  49.4%   148 1513s
 1138771 852617    1.90648   43   48    1.31082    1.95734  49.3%   148 1516s
 1142340 855129    1.91838   52   33    1.31082    1.95663  49.3%   148 1520s
 1149445 860004    1.90119   50   41    1.31082    1.95523  49.2%   148 1527s
 1152913 863022    1.84887   49   40    1.31082    1.95453  49.1%   148 1531s
 1157260 865279    1.73893   48   44    1.31082    1.95376  49.0%   148 1535s
 1164152 870355    1.87146   41   50    1.31082    1.95238  48.9%   147 1542s
 1167716 872853     cutoff   27         1.31082    1.95166  48.9%   147 1545s
 1174681 877566    1.91260   52   28    1.31082    1.95028  48.8%   147 1552s
 1178097 880068    1.87772   47   40    1.31082    1.94956  48.7%   147 1556s
 1181696 882533    1.90379   47   43    1.31082    1.94898  48.7%   147 1560s
 1189393 887872    1.89609   42   47    1.31082    1.94749  48.6%   147 1567s
 1192925 890437    1.70651   46   42    1.31082    1.94677  48.5%   147 1571s
 1200348 893093    1.88179   38   48    1.31082    1.94545  48.4%   147 1578s
H1200370 893074                       1.3108873    1.94538  48.4%   147 1578s
 1200387 895295    1.54931   48   44    1.31089    1.94536  48.4%   147 1581s
 1203597 897770    1.94028   39   51    1.31089    1.94475  48.4%   147 1585s
 1210718 902679    1.88501   54   29    1.31089    1.94342  48.3%   147 1591s
 1214464 905690    1.90984   29   61    1.31089    1.94271  48.2%   147 1595s
 1222232 910269    1.81359   48   36    1.31089    1.94132  48.1%   146 1602s
 1225593 912870     cutoff   52         1.31089    1.94062  48.0%   146 1605s
 1232845 917805     cutoff   39         1.31089    1.93937  47.9%   146 1611s
 1236396 920247    1.78536   47   41    1.31089    1.93870  47.9%   146 1615s
 1243547 925351    1.93666   41   44    1.31089    1.93741  47.8%   146 1622s
 1247463 928014    1.93139   52   32    1.31089    1.93670  47.7%   146 1625s
 1255053 933161    1.84733   30   56    1.31089    1.93539  47.6%   146 1632s
 1258710 935639    1.61381   43   50    1.31089    1.93476  47.6%   146 1635s
 1265861 940593    1.92076   48   39    1.31089    1.93346  47.5%   146 1642s
 1269388 940628    1.74548   47   42    1.31089    1.93283  47.4%   146 1646s
H1269421 940379                       1.3115559    1.93278  47.4%   146 1646s
 1272851 945615    1.86979   50   42    1.31156    1.93225  47.3%   146 1653s
 1277072 947959    1.90823   49   42    1.31156    1.93159  47.3%   145 1656s
 1284139 952916     cutoff   51         1.31156    1.93027  47.2%   145 1662s
 1287686 955356    1.76901   38   47    1.31156    1.92963  47.1%   145 1665s
 1294804 960296    1.92791   52   31    1.31156    1.92831  47.0%   145 1672s
 1298351 962708    1.89612   48   39    1.31156    1.92777  47.0%   145 1675s
 1305986 967937    1.81771   51   34    1.31156    1.92638  46.9%   145 1682s
 1309525 970584    1.89076   43   46    1.31156    1.92576  46.8%   145 1686s
 1316900 975447    1.64379   55   32    1.31156    1.92450  46.7%   145 1692s
 1320437 977830    1.83397   49   38    1.31156    1.92393  46.7%   145 1695s
 1327369 982561    1.91564   51   38    1.31156    1.92274  46.6%   145 1701s
 1330706 985408    1.74011   37   45    1.31156    1.92215  46.6%   145 1705s
 1334836 985436    1.60202   35   46    1.31156    1.92142  46.5%   145 1710s
H1334872 985509                       1.3116835    1.92133  46.5%   145 1713s
 1335057 988386    1.73430   39   47    1.31168    1.92128  46.5%   145 1717s
 1339334 991058    1.82793   30   57    1.31168    1.92060  46.4%   144 1721s
 1346999 996188    1.86907   40   46    1.31168    1.91931  46.3%   144 1727s
 1350653 998736    1.85862   50   38    1.31168    1.91863  46.3%   144 1731s
 1357936 1003768     cutoff   35         1.31168    1.91743  46.2%   144 1737s
 1361593 1006561    1.78109   32   59    1.31168    1.91676  46.1%   144 1741s
 1369265 1011637    1.33390   53   37    1.31168    1.91544  46.0%   144 1748s
 1373009 1014009    1.82720   49   40    1.31168    1.91489  46.0%   144 1751s
 1379980 1018858    1.86152   43   42    1.31168    1.91365  45.9%   144 1757s
 1383597 1021218    1.86903   49   43    1.31168    1.91310  45.9%   144 1761s
 1390693 1026303    1.80712   43   43    1.31168    1.91188  45.8%   144 1768s
 1394771 1028887     cutoff   46         1.31168    1.91122  45.7%   144 1771s
 1402215 1033619     cutoff   46         1.31168    1.90994  45.6%   143 1777s
 1405447 1036080    1.66395   45   41    1.31168    1.90948  45.6%   143 1781s
 1412642 1041125    1.83248   50   34    1.31168    1.90827  45.5%   143 1787s
 1416296 1043547    1.86985   41   42    1.31168    1.90773  45.4%   143 1791s
 1419793 1046384    1.87074   53   29    1.31168    1.90709  45.4%   143 1795s
 1427762 1051507    1.83300   53   38    1.31168    1.90581  45.3%   143 1801s
 1434792 1056005    1.78688   41   41    1.31168    1.90467  45.2%   143 1808s
 1438173 1058532    1.82837   50   36    1.31168    1.90413  45.2%   143 1811s
 1445206 1063310    1.66156   58   26    1.31168    1.90300  45.1%   143 1817s
 1448808 1066132    1.69150   56   29    1.31168    1.90242  45.0%   143 1821s
 1452953 1068609    1.81950   51   31    1.31168    1.90176  45.0%   143 1825s
 1460185 1073499    1.84569   48   38    1.31168    1.90061  44.9%   142 1831s
 1467181 1078268    1.73196   54   27    1.31168    1.89947  44.8%   142 1837s
 1470835 1080666    1.82366   49   37    1.31168    1.89891  44.8%   142 1840s
 1474383 1080840    1.85974   40   48    1.31168    1.89831  44.7%   142 1848s
 1474615 1081803    1.80871   43   42    1.31168    1.89827  44.7%   142 1851s
 1475982 1084724    1.68164   41   48    1.31168    1.89815  44.7%   142 1855s
 1484566 1090016    1.88612   51   34    1.31168    1.89678  44.6%   142 1861s
 1488061 1090039     cutoff   50         1.31168    1.89624  44.6%   142 1865s
H1488121 1090057                       1.3116835    1.89617  44.6%   142 1869s
 1488148 1090230     cutoff   56         1.31168    1.89616  44.6%   142 1872s
 1488427 1090789    1.86630   44   45    1.31168    1.89613  44.6%   142 1876s
 1489240 1091968     cutoff   49         1.31168    1.89611  44.6%   142 1880s
 1490934 1093994    1.40678   44   38    1.31168    1.89609  44.6%   142 1885s
 1497722 1099768     cutoff   41         1.31168    1.89586  44.5%   142 1894s
 1502354 1102776    1.72336   43   39    1.31168    1.89526  44.5%   142 1898s
 1506768 1105798    1.76948   58   27    1.31168    1.89402  44.4%   142 1902s
 1511082 1108882     cutoff   48         1.31168    1.89283  44.3%   142 1906s
 1518904 1113384    1.82603   41   50    1.31168    1.89163  44.2%   141 1912s
 1522154 1115837    1.84390   45   39    1.31168    1.89118  44.2%   141 1915s
 1529394 1120688    1.84146   56   29    1.31168    1.89016  44.1%   141 1921s
 1532875 1123197    1.86525   43   46    1.31168    1.88970  44.1%   141 1925s
 1539919 1127892    1.88429   43   42    1.31168    1.88874  44.0%   141 1931s
 1543447 1130785    1.80491   36   56    1.31168    1.88824  44.0%   141 1935s
 1551298 1135737    1.82448   44   44    1.31168    1.88719  43.9%   141 1941s
 1558384 1140608    1.84982   57   28    1.31168    1.88627  43.8%   141 1947s
 1562026 1142668    1.73590   53   27    1.31168    1.88581  43.8%   141 1951s
 1568708 1147491    1.87298   48   35    1.31168    1.88492  43.7%   141 1957s
 1572279 1149968    1.82015   42   48    1.31168    1.88449  43.7%   141 1960s
 1580321 1155453    1.86821   43   44    1.31168    1.88346  43.6%   141 1967s
 1583810 1157864    1.85602   52   36    1.31168    1.88303  43.6%   140 1970s
 1590826 1162672 infeasible   53         1.31168    1.88215  43.5%   140 1977s
 1594490 1165001    1.86615   55   26    1.31168    1.88167  43.5%   140 1980s
 1601444 1169884    1.80089   48   37    1.31168    1.88080  43.4%   140 1986s
 1605106 1172639    1.84605   51   32    1.31168    1.88032  43.4%   140 1990s
 1613098 1177817    1.78931   48   39    1.31168    1.87929  43.3%   140 1996s
 1620276 1182573    1.87122   54   34    1.31168    1.87839  43.2%   140 2003s
 1623741 1184946     cutoff   43         1.31168    1.87800  43.2%   140 2005s
H1627413 1185964                       1.3116835    1.87749  43.1%   140 2010s
 1632140 1190957    1.41997   52   34    1.31168    1.87739  43.1%   140 2016s
 1635967 1193920    1.59476   44   43    1.31168    1.87667  43.1%   140 2020s
 1643812 1198614    1.82849   42   43    1.31168    1.87549  43.0%   140 2026s
 1647292 1200881    1.87088   48   38    1.31168    1.87503  42.9%   140 2030s
 1654189 1205803    1.86544   42   44    1.31168    1.87417  42.9%   139 2036s
 1661367 1210775    1.76785   48   40    1.31168    1.87321  42.8%   139 2042s
 1664949 1213631    1.34612   53   32    1.31168    1.87280  42.8%   139 2046s
 1672772 1218315    1.85991   51   35    1.31168    1.87183  42.7%   139 2052s
 1676152 1220687    1.72648   55   28    1.31168    1.87142  42.7%   139 2055s
 1683037 1225389    1.47290   52   32    1.31168    1.87065  42.6%   139 2062s
 1686689 1227785    1.84912   40   45    1.31168    1.87013  42.6%   139 2066s
 1693724 1232451     cutoff   45         1.31168    1.86922  42.5%   139 2072s
 1697158 1235390    1.78423   46   41    1.31168    1.86877  42.5%   139 2076s
 1704932 1239874    1.77819   52   33    1.31168    1.86779  42.4%   139 2083s
 1707928 1242408    1.77647   58   32    1.31168    1.86744  42.4%   139 2086s
 1715291 1247430     cutoff   55         1.31168    1.86658  42.3%   139 2093s
 1718961 1249911    1.84430   33   54    1.31168    1.86611  42.3%   138 2096s
 1726230 1255417     cutoff   43         1.31168    1.86524  42.2%   138 2103s
 1730476 1257803    1.75616   46   34    1.31168    1.86475  42.2%   138 2106s
 1737641 1262489     cutoff   49         1.31168    1.86385  42.1%   138 2112s
 1741025 1264953    1.69633   47   37    1.31168    1.86343  42.1%   138 2115s
 1748122 1269631    1.59900   40   51    1.31168    1.86253  42.0%   138 2121s
 1751647 1271924    1.66870   49   42    1.31168    1.86214  42.0%   138 2125s
 1758724 1277481    1.84870   46   44    1.31168    1.86125  41.9%   138 2131s
 1766471 1281912     cutoff   51         1.31168    1.86033  41.8%   138 2137s
 1769791 1284381    1.82930   53   29    1.31168    1.85998  41.8%   138 2140s
 1775947 1287633    1.80614   47   41    1.31168    1.85933  41.8%   138 2148s
H1776883 1287633                       1.3116835    1.85930  41.7%   138 2148s
 1778196 1289113    1.77816   49   36    1.31168    1.85929  41.7%   138 2152s
H1779974 1289113                       1.3116836    1.85924  41.7%   138 2152s
 1780445 1291104     cutoff   45         1.31168    1.85922  41.7%   138 2156s
 1783419 1293081    1.82031   50   36    1.31168    1.85910  41.7%   138 2161s
 1786375 1295309     cutoff   49         1.31168    1.85882  41.7%   138 2166s
 1789699 1297308    1.82039   48   37    1.31168    1.85853  41.7%   138 2170s
 1792671 1299667     cutoff   52         1.31168    1.85821  41.7%   138 2176s
 1796144 1301919     cutoff   48         1.31168    1.85785  41.6%   137 2180s
H1799426 1301919                       1.3116836    1.85755  41.6%   137 2180s
 1803360 1307113    1.81405   47   37    1.31168    1.85707  41.6%   137 2189s
 1807314 1309781    1.79764   48   40    1.31168    1.85656  41.5%   137 2193s
 1811325 1312410    1.77504   31   65    1.31168    1.85604  41.5%   137 2197s
 1815145 1314864    1.77523   46   39    1.31168    1.85551  41.5%   137 2201s
 1822405 1319690    1.73305   50   36    1.31168    1.85446  41.4%   137 2208s
 1825889 1322385     cutoff   60         1.31168    1.85401  41.3%   137 2212s
 1829828 1325015    1.84984   53   32    1.31168    1.85348  41.3%   137 2215s
 1836802 1329859    1.45191   47   36    1.31168    1.85239  41.2%   137 2222s
 1840769 1332430    1.42610   47   33    1.31168    1.85175  41.2%   137 2226s
 1848394 1337829    1.76003   49   45    1.31168    1.85075  41.1%   137 2233s
 1852511 1340269    1.83246   55   35    1.31168    1.85034  41.1%   137 2236s
 1856123 1342692    1.77725   53   33    1.31168    1.84986  41.0%   137 2240s
 1863300 1347716    1.79001   50   36    1.31168    1.84909  41.0%   137 2246s
 1867040 1350103    1.84054   53   38    1.31168    1.84866  40.9%   137 2250s
 1874046 1354658     cutoff   51         1.31168    1.84785  40.9%   136 2256s
 1877552 1357472    1.72903   44   43    1.31168    1.84745  40.8%   136 2260s
 1885278 1362127    1.70548   35   44    1.31168    1.84656  40.8%   136 2267s
 1888702 1364502    1.82871   45   39    1.31168    1.84619  40.7%   136 2270s
 1895921 1369197    1.83053   38   45    1.31168    1.84538  40.7%   136 2277s
 1899393 1371599    1.83685   53   32    1.31168    1.84498  40.7%   136 2280s
 1906484 1376897    1.74561   52   32    1.31168    1.84425  40.6%   136 2287s
 1910673 1379350    1.35226   39   47    1.31168    1.84376  40.6%   136 2291s
 1917906 1383962    1.72851   58   27    1.31168    1.84299  40.5%   136 2297s
 1921447 1386332     cutoff   43         1.31168    1.84259  40.5%   136 2300s
 1928506 1390959    1.79775   49   35    1.31168    1.84181  40.4%   136 2307s
 1931982 1393241    1.58707   48   44    1.31168    1.84143  40.4%   136 2310s
 1939783 1398275     cutoff   36         1.31168    1.84062  40.3%   136 2318s
 1943073 1400614    1.37155   54   23    1.31168    1.84029  40.3%   136 2321s
 1950282 1405369    1.78280   44   38    1.31168    1.83948  40.2%   136 2327s
 1953732 1407819    1.80799   47   41    1.31168    1.83912  40.2%   136 2331s
 1960835 1412608    1.80063   56   28    1.31168    1.83838  40.2%   135 2338s
 1964503 1415406     cutoff   32         1.31168    1.83799  40.1%   135 2342s
 1968737 1417861    1.72714   37   57    1.31168    1.83754  40.1%   135 2345s
 1975734 1422507     cutoff   47         1.31168    1.83678  40.0%   135 2352s
 1979268 1424937    1.75216   51   37    1.31168    1.83642  40.0%   135 2355s
 1986394 1429543     cutoff   51         1.31168    1.83573  40.0%   135 2361s
 1990036 1431864    1.82191   49   42    1.31168    1.83530  39.9%   135 2365s
 1997807 1436944    1.70501   49   36    1.31168    1.83451  39.9%   135 2372s
 2001247 1439344    1.75938   46   40    1.31168    1.83415  39.8%   135 2375s
 2004763 1439367     cutoff   42         1.31168    1.83378  39.8%   135 2380s
H2004767 1439367                       1.3116836    1.83377  39.8%   135 2380s
H2004934 1439603                       1.3116836    1.83372  39.8%   135 2384s
 2005177 1439899    1.83254   48   38    1.31168    1.83371  39.8%   135 2387s
 2005654 1440156     cutoff   51         1.31168    1.83369  39.8%   135 2391s
 2006063 1440567    1.72778   44   43    1.31168    1.83367  39.8%   135 2396s
 2006656 1441196    1.78966   43   43    1.31168    1.83366  39.8%   135 2406s
H2006658 1441196                       1.3116836    1.83366  39.8%   135 2406s
H2007098 1441196                       1.3116836    1.83365  39.8%   135 2406s
 2007570 1442202    1.38197   46   37    1.31168    1.83364  39.8%   135 2411s
H2007925 1442202                       1.3116836    1.83363  39.8%   135 2411s
 2009075 1443412     cutoff   49         1.31168    1.83361  39.8%   135 2417s
 2010973 1445309    1.43122   43   42    1.31168    1.83357  39.8%   135 2424s
 2013899 1448278    1.78569   53   32    1.31168    1.83352  39.8%   135 2430s
 2018163 1451569    1.77191   36   49    1.31168    1.83341  39.8%   135 2436s
 2023170 1453707    1.78698   38   47    1.31168    1.83317  39.8%   135 2443s
 2026532 1456342    1.74197   33   57    1.31168    1.83258  39.7%   135 2448s
 2030562 1458657    1.34528   54   30    1.31168    1.83196  39.7%   135 2452s
 2034181 1461126    1.80357   42   49    1.31168    1.83143  39.6%   135 2456s
 2037931 1463530    1.76874   57   31    1.31168    1.83096  39.6%   135 2460s
 2045267 1468462    1.80639   45   46    1.31168    1.83013  39.5%   134 2467s
 2048990 1470900    1.73192   47   42    1.31168    1.82972  39.5%   134 2471s
 2052644 1473714     cutoff   43         1.31168    1.82932  39.5%   134 2475s
 2060324 1478353     cutoff   33         1.31168    1.82836  39.4%   134 2482s
 2063837 1480734     cutoff   44         1.31168    1.82804  39.4%   134 2485s
 2070888 1485305     cutoff   50         1.31168    1.82731  39.3%   134 2492s
 2074424 1487733    1.59529   47   37    1.31168    1.82697  39.3%   134 2496s
 2078022 1490030    1.81603   35   53    1.31168    1.82662  39.3%   134 2500s
 2085654 1494919    1.76215   45   38    1.31168    1.82591  39.2%   134 2507s
 2089177 1497194    1.68708   41   40    1.31168    1.82552  39.2%   134 2511s
 2096324 1502012    1.71529   47   41    1.31168    1.82455  39.1%   134 2518s
 2099921 1504402    1.72235   49   36    1.31168    1.82418  39.1%   134 2521s
 2103485 1506830    1.76799   51   26    1.31168    1.82384  39.0%   134 2525s
 2110663 1512124    1.78388   55   34    1.31168    1.82314  39.0%   134 2532s
 2115117 1514385    1.66811   50   33    1.31168    1.82269  39.0%   134 2535s
 2121961 1518926    1.73640   44   46    1.31168    1.82200  38.9%   134 2542s
 2125477 1521349     cutoff   49         1.31168    1.82166  38.9%   134 2545s
 2132549 1525845    1.80010   53   33    1.31168    1.82099  38.8%   133 2552s
 2139468 1530468     cutoff   53         1.31168    1.82029  38.8%   133 2558s
 2142941 1532957    1.77787   41   45    1.31168    1.81998  38.8%   133 2562s
 2146842 1535550    1.77022   40   52    1.31168    1.81960  38.7%   133 2565s
 2154520 1540314    1.77181   41   48    1.31168    1.81890  38.7%   133 2572s
 2158109 1542660     cutoff   49         1.31168    1.81855  38.6%   133 2575s
 2165288 1547309    1.52600   41   44    1.31168    1.81785  38.6%   133 2582s
 2168719 1549661    1.79572   41   43    1.31168    1.81753  38.6%   133 2585s
 2176305 1554572    1.75737   49   32    1.31168    1.81683  38.5%   133 2593s
 2179850 1557192    1.74530   44   36    1.31168    1.81646  38.5%   133 2596s
 2186642 1559576    1.65527   37   52    1.31168    1.81609  38.5%   133 2600s
 2190617 1564211    1.58202   37   42    1.31168    1.81552  38.4%   133 2606s
 2194392 1566630    1.71024   45   40    1.31168    1.81515  38.4%   133 2610s
 2201911 1572036     cutoff   52         1.31168    1.81452  38.3%   133 2617s
 2206317 1574149    1.73070   40   49    1.31168    1.81411  38.3%   133 2620s
 2213241 1578729    1.67372   52   32    1.31168    1.81348  38.3%   133 2627s
 2216693 1581004    1.65598   58   16    1.31168    1.81316  38.2%   133 2630s
 2223772 1585614    1.61922   49   35    1.31168    1.81248  38.2%   132 2637s
 2227370 1587912    1.78525   54   20    1.31168    1.81214  38.2%   132 2640s
 2235225 1592966    1.70659   52   38    1.31168    1.81141  38.1%   132 2648s
 2238645 1595364    1.70148   55   32    1.31168    1.81107  38.1%   132 2651s
 2245831 1599987    1.76347   56   29    1.31168    1.81045  38.0%   132 2658s
 2249397 1602399    1.74903   36   47    1.31168    1.81014  38.0%   132 2661s
 2256606 1607014     cutoff   51         1.31168    1.80947  37.9%   132 2667s
 2260040 1609726     cutoff   46         1.31168    1.80917  37.9%   132 2671s
 2264287 1611975    1.76146   43   45    1.31168    1.80878  37.9%   132 2675s
 2271403 1616650    1.78697   47   40    1.31168    1.80817  37.9%   132 2681s
 2274977 1618965     cutoff   60         1.31168    1.80783  37.8%   132 2685s
 2281953 1623632    1.79006   49   36    1.31168    1.80722  37.8%   132 2692s
 2285464 1625973    1.70242   46   41    1.31168    1.80691  37.8%   132 2695s
 2293175 1631062    1.77764   45   47    1.31168    1.80623  37.7%   132 2703s
 2296737 1633403    1.73032   41   43    1.31168    1.80591  37.7%   132 2706s
 2300273 1635694    1.77982   42   50    1.31168    1.80558  37.7%   132 2710s
 2307395 1640305     cutoff   50         1.31168    1.80497  37.6%   132 2717s
 2310979 1642742    1.71081   45   32    1.31168    1.80465  37.6%   132 2720s
 2318304 1647875     cutoff   46         1.31168    1.80402  37.5%   132 2727s
 2322552 1650083    1.75574   44   43    1.31168    1.80363  37.5%   131 2730s
 2329737 1654883    1.78675   51   34    1.31168    1.80303  37.5%   131 2737s
 2333327 1657023     cutoff   47         1.31168    1.80273  37.4%   131 2740s
 2340314 1661604    1.76030   53   31    1.31168    1.80211  37.4%   131 2747s
 2343775 1663913    1.64264   42   43    1.31168    1.80180  37.4%   131 2750s
 2351594 1668959    1.70387   51   35    1.31168    1.80112  37.3%   131 2758s
 2355066 1671373    1.73098   37   49    1.31168    1.80083  37.3%   131 2761s
 2362273 1676005    1.79181   50   37    1.31168    1.80022  37.2%   131 2768s
 2365943 1678375    1.64255   41   40    1.31168    1.79992  37.2%   131 2771s
 2373050 1683075    1.65158   51   36    1.31168    1.79931  37.2%   131 2778s
 2376683 1685821    1.45064   47   36    1.31168    1.79898  37.2%   131 2782s
 2380906 1688285    1.78296   53   32    1.31168    1.79866  37.1%   131 2785s
 2388141 1692878    1.42481   52   31    1.31168    1.79805  37.1%   131 2792s
 2391583 1695285    1.58235   47   33    1.31168    1.79775  37.1%   131 2795s
 2398553 1699810    1.58122   37   49    1.31168    1.79719  37.0%   131 2802s
 2402231 1702156    1.78072   44   37    1.31168    1.79687  37.0%   131 2805s
 2410161 1707444    1.75279   43   44    1.31168    1.79623  36.9%   131 2812s
 2413702 1709674    1.68060   48   37    1.31168    1.79594  36.9%   131 2816s
 2420687 1714277    1.75303   48   34    1.31168    1.79535  36.9%   130 2822s
 2424237 1716674    1.41875   49   36    1.31168    1.79506  36.9%   130 2826s
 2431501 1721406    1.75475   36   53    1.31168    1.79446  36.8%   130 2832s
 2435130 1724214    1.63956   46   41    1.31168    1.79417  36.8%   130 2836s
 2443041 1728964    1.74649   59   24    1.31168    1.79351  36.7%   130 2843s
 2446628 1731134    1.71688   45   39    1.31168    1.79322  36.7%   130 2846s
 2453553 1735851    1.74630   40   45    1.31168    1.79265  36.7%   130 2853s
 2457144 1738180    1.78291   54   32    1.31168    1.79239  36.6%   130 2856s
 2464256 1743451    1.71601   49   34    1.31168    1.79178  36.6%   130 2863s
 2468643 1745636    1.67200   55   27    1.31168    1.79143  36.6%   130 2866s
 2475709 1750136    1.68790   45   39    1.31168    1.79087  36.5%   130 2873s
 2479129 1752313     cutoff   39         1.31168    1.79059  36.5%   130 2876s
 2486185 1757011    1.70808   55   37    1.31168    1.79000  36.5%   130 2882s
 2489752 1759387    1.73292   53   35    1.31168    1.78972  36.4%   130 2885s
 2497420 1764452    1.77558   45   42    1.31168    1.78912  36.4%   130 2892s
 2501252 1766985    1.35005   53   30    1.31168    1.78881  36.4%   130 2896s
 2508551 1771602     cutoff   45         1.31168    1.78824  36.3%   130 2902s
 2512204 1774005    1.76377   41   46    1.31168    1.78796  36.3%   130 2905s
 2519299 1778497    1.75252   56   27    1.31168    1.78738  36.3%   129 2912s
 2522818 1781267    1.74640   47   42    1.31168    1.78711  36.2%   129 2915s
 2530641 1785849    1.73615   49   40    1.31168    1.78648  36.2%   129 2921s
 2534205 1788070    1.75789   51   32    1.31168    1.78617  36.2%   129 2925s
 2541227 1792734     cutoff   41         1.31168    1.78560  36.1%   129 2931s
 2548056 1797091    1.67429   34   56    1.31168    1.78502  36.1%   129 2937s
 2551402 1799514    1.67755   51   32    1.31168    1.78479  36.1%   129 2941s
 2555146 1802457    1.75789   42   40    1.31168    1.78446  36.0%   129 2945s
 2563190 1807046    1.75213   44   43    1.31168    1.78386  36.0%   129 2951s
 2570074 1811615    1.62250   57   28    1.31168    1.78333  36.0%   129 2958s
 2573697 1813867    1.78093   48   37    1.31168    1.78306  35.9%   129 2961s
 2580633 1818518     cutoff   42         1.31168    1.78250  35.9%   129 2967s
 2584244 1821341    1.65972   34   52    1.31168    1.78224  35.9%   129 2971s
 2592109 1825843     cutoff   43         1.31168    1.78164  35.8%   129 2978s
 2595398 1828298     cutoff   41         1.31168    1.78139  35.8%   129 2981s
 2602852 1833033     cutoff   37         1.31168    1.78083  35.8%   129 2987s
 2606344 1835409    1.68381   48   37    1.31168    1.78054  35.7%   129 2991s
 2613644 1840654    1.71760   46   41    1.31168    1.78002  35.7%   129 2998s
 2617960 1843050    1.75962   51   37    1.31168    1.77967  35.7%   129 3001s
 2621564 1845388    1.74669   56   31    1.31168    1.77941  35.7%   128 3005s
 2628415 1849904    1.77257   48   36    1.31168    1.77890  35.6%   128 3011s
 2635714 1854610    1.65454   51   35    1.31168    1.77841  35.6%   128 3017s
 2639354 1856823     cutoff   48         1.31168    1.77809  35.6%   128 3020s
 2647076 1861958    1.76587   42   46    1.31168    1.77753  35.5%   128 3028s
 2650698 1864289    1.61674   49   36    1.31168    1.77725  35.5%   128 3031s
 2657744 1868831    1.75827   45   41    1.31168    1.77676  35.5%   128 3037s
 2661309 1871015    1.60302   54   32    1.31168    1.77651  35.4%   128 3041s
 2668277 1875550    1.68069   47   39    1.31168    1.77596  35.4%   128 3047s
 2671626 1878371    1.73189   54   27    1.31168    1.77570  35.4%   128 3051s
 2679637 1883054    1.68258   55   35    1.31168    1.77511  35.3%   128 3057s
 2683095 1885284    1.76246   41   44    1.31168    1.77489  35.3%   128 3061s
 2690140 1889754    1.72356   45   42    1.31168    1.77436  35.3%   128 3067s
 2693617 1892067    1.76826   54   30    1.31168    1.77410  35.3%   128 3070s
 2700748 1897292    1.70530   41   48    1.31168    1.77360  35.2%   128 3078s
 2705076 1899702    1.60497   35   51    1.31168    1.77330  35.2%   128 3081s
 2712065 1904116    1.74529   47   45    1.31168    1.77279  35.2%   128 3087s
 2715659 1906405     cutoff   45         1.31168    1.77251  35.1%   128 3091s
 2722891 1911214    1.74865   41   51    1.31168    1.77201  35.1%   128 3097s
 2726465 1913406     cutoff   48         1.31168    1.77175  35.1%   127 3100s
 2734183 1918488    1.73735   47   41    1.31168    1.77119  35.0%   127 3107s
 2737717 1920725     cutoff   46         1.31168    1.77093  35.0%   127 3110s
 2744953 1925510    1.61933   59   27    1.31168    1.77039  35.0%   127 3117s
 2748515 1928016    1.73904   47   37    1.31168    1.77014  35.0%   127 3120s
 2755865 1932519    1.70230   46   34    1.31168    1.76963  34.9%   127 3126s
 2759316 1935309    1.69221   55   27    1.31168    1.76938  34.9%   127 3130s
 2766998 1939834     cutoff   41         1.31168    1.76885  34.9%   127 3137s
 2770580 1942048    1.65928   47   41    1.31168    1.76859  34.8%   127 3140s
 2777797 1946851     cutoff   52         1.31168    1.76805  34.8%   127 3147s
 2781410 1949174 infeasible   37         1.31168    1.76781  34.8%   127 3150s
 2788296 1954101     cutoff   34         1.31168    1.76731  34.7%   127 3157s
 2792568 1956359     cutoff   51         1.31168    1.76701  34.7%   127 3161s
 2799708 1961232 infeasible   50         1.31168    1.76653  34.7%   127 3167s
 2803405 1963537     cutoff   44         1.31168    1.76627  34.7%   127 3170s
 2810487 1968037    1.70942   44   51    1.31168    1.76580  34.6%   127 3177s
 2813988 1970354     cutoff   36         1.31168    1.76557  34.6%   127 3180s
 2821612 1975353    1.73058   49   39    1.31168    1.76502  34.6%   127 3187s
 2825248 1977697    1.76132   60   27    1.31168    1.76478  34.5%   127 3191s
 2832608 1982441    1.62136   59   23    1.31168    1.76426  34.5%   127 3197s
 2836185 1984814    1.62078   40   46    1.31168    1.76402  34.5%   127 3201s
 2843417 1989351    1.66366   49   36    1.31168    1.76350  34.4%   126 3207s
 2846839 1992176    1.73377   43   44    1.31168    1.76329  34.4%   126 3211s
 2854832 1996786    1.74170   59   27    1.31168    1.76274  34.4%   126 3217s
 2858274 1999003    1.73317   45   34    1.31168    1.76251  34.4%   126 3220s
 2865289 2003509     cutoff   48         1.31168    1.76205  34.3%   126 3227s
 2868740 2005779     cutoff   43         1.31168    1.76180  34.3%   126 3230s
 2875797 2010934    1.69964   47   41    1.31168    1.76133  34.3%   126 3237s
 2880278 2013162    1.74172   55   31    1.31168    1.76104  34.3%   126 3240s
 2887167 2017650    1.67113   41   41    1.31168    1.76058  34.2%   126 3247s
 2890680 2019741    1.60592   55   32    1.31168    1.76035  34.2%   126 3250s
 2897493 2024463    1.53544   50   35    1.31168    1.75987  34.2%   126 3256s
 2901199 2026675    1.70217   55   36    1.31168    1.75962  34.1%   126 3260s
 2909068 2031809     cutoff   37         1.31168    1.75912  34.1%   126 3267s
 2912481 2033948    1.67959   47   36    1.31168    1.75889  34.1%   126 3270s
 2919362 2038571    1.51582   44   40    1.31168    1.75846  34.1%   126 3277s
 2922883 2040733    1.73313   59   29    1.31168    1.75823  34.0%   126 3280s
 2929943 2045351    1.46649   59   23    1.31168    1.75775  34.0%   126 3286s
 2933567 2048206     cutoff   40         1.31168    1.75750  34.0%   126 3290s
 2941390 2052918    1.72117   57   28    1.31168    1.75700  33.9%   126 3297s
 2944949 2055167     cutoff   47         1.31168    1.75678  33.9%   126 3300s
 2952005 2059766    1.68483   54   25    1.31168    1.75629  33.9%   126 3307s
 2955550 2062265    1.68516   44   45    1.31168    1.75608  33.9%   126 3310s
 2962802 2067234    1.68727   53   33    1.31168    1.75561  33.8%   125 3317s
 2966892 2069792     cutoff   60         1.31168    1.75533  33.8%   125 3320s
 2974201 2074118    1.66904   38   48    1.31168    1.75488  33.8%   125 3327s
 2977637 2076552     cutoff   58         1.31168    1.75461  33.8%   125 3330s
 2984776 2081153    1.74155   46   41    1.31168    1.75413  33.7%   125 3336s
 2988363 2083539    1.52669   52   38    1.31168    1.75390  33.7%   125 3340s
 2996291 2088535    1.74928   50   39    1.31168    1.75339  33.7%   125 3347s
 2999622 2090859    1.71946   48   36    1.31168    1.75315  33.7%   125 3350s
 3006691 2095321     cutoff   51         1.31168    1.75270  33.6%   125 3357s
 3010131 2097701    1.70715   46   42    1.31168    1.75245  33.6%   125 3360s
 3017167 2102370     cutoff   48         1.31168    1.75199  33.6%   125 3367s
 3020804 2104641    1.73469   47   35    1.31168    1.75176  33.6%   125 3370s
 3028640 2109638     cutoff   57         1.31168    1.75126  33.5%   125 3377s
 3032126 2111995    1.71539   55   34    1.31168    1.75102  33.5%   125 3380s
 3039315 2116868    1.65708   50   37    1.31168    1.75057  33.5%   125 3387s
 3042948 2119176     cutoff   52         1.31168    1.75034  33.4%   125 3390s
 3050056 2123690    1.60054   44   44    1.31168    1.74987  33.4%   125 3396s
 3053420 2126410     cutoff   49         1.31168    1.74966  33.4%   125 3400s
 3061268 2130936     cutoff   48         1.31168    1.74918  33.4%   125 3407s
 3064587 2133287    1.53767   50   38    1.31168    1.74896  33.3%   125 3410s
 3071677 2137885    1.31406   49   36    1.31168    1.74848  33.3%   125 3417s
 3075294 2140288    1.72673   61   24    1.31168    1.74823  33.3%   125 3420s
 3082445 2145193    1.58091   48   38    1.31168    1.74778  33.2%   125 3428s
 3086603 2147565    1.74567   52   27    1.31168    1.74754  33.2%   124 3431s
 3093866 2152360    1.74324   52   33    1.31168    1.74708  33.2%   124 3438s
 3097452 2154656    1.70108   36   55    1.31168    1.74686  33.2%   124 3441s
 3104606 2159235    1.63832   49   34    1.31168    1.74644  33.1%   124 3448s
 3108014 2161643    1.70089   40   48    1.31168    1.74619  33.1%   124 3451s
 3111729 2164371     cutoff   45         1.31168    1.74599  33.1%   124 3455s
 3119549 2168971    1.67781   46   39    1.31168    1.74553  33.1%   124 3462s
 3123016 2171330    1.55490   44   42    1.31168    1.74532  33.1%   124 3465s
 3130198 2175888    1.74326   54   32    1.31168    1.74490  33.0%   124 3472s
 3133759 2178277    1.61693   32   57    1.31168    1.74467  33.0%   124 3475s
 3140940 2183292    1.57720   34   49    1.31168    1.74422  33.0%   124 3483s
 3145332 2185484    1.72499   50   37    1.31168    1.74396  33.0%   124 3486s
 3152293 2189986    1.68756   44   42    1.31168    1.74353  32.9%   124 3493s
 3155635 2192200    1.67197   46   41    1.31168    1.74330  32.9%   124 3496s
 3162621 2196829    1.70433   44   45    1.31168    1.74289  32.9%   124 3503s
 3166204 2199077    1.68552   46   42    1.31168    1.74266  32.9%   124 3506s
 3169649 2201496    1.74186   57   26    1.31168    1.74245  32.8%   124 3510s
 3177632 2206573    1.71848   44   46    1.31168    1.74196  32.8%   124 3517s
 3181138 2208898    1.53343   49   37    1.31168    1.74175  32.8%   124 3520s
 3188154 2213485    1.70308   47   42    1.31168    1.74133  32.8%   124 3527s
 3191734 2215869    1.74032   38   52    1.31168    1.74111  32.7%   124 3530s
 3198628 2220381     cutoff   48         1.31168    1.74068  32.7%   124 3537s
 3202287 2222909    1.71243   43   47    1.31168    1.74045  32.7%   124 3541s
 3206294 2225350     cutoff   45         1.31168    1.74021  32.7%   124 3545s
 3213777 2230071    1.64937   43   45    1.31168    1.73976  32.6%   124 3551s
 3217211 2232340    1.69463   49   35    1.31168    1.73956  32.6%   123 3555s
 3224395 2237109    1.70785   36   56    1.31168    1.73914  32.6%   123 3562s
 3227950 2239444     cutoff   47         1.31168    1.73893  32.6%   123 3565s
 3235828 2244540    1.69559   52   33    1.31168    1.73848  32.5%   123 3572s
 3239402 2246673    1.61893   60   25    1.31168    1.73826  32.5%   123 3576s
 3246568 2251475     cutoff   54         1.31168    1.73784  32.5%   123 3582s
 3250135 2253706    1.55577   54   32    1.31168    1.73762  32.5%   123 3585s
 3257082 2258332     cutoff   52         1.31168    1.73722  32.4%   123 3592s
 3260567 2260917    1.72322   43   45    1.31168    1.73700  32.4%   123 3596s
 3264707 2263197     cutoff   54         1.31168    1.73677  32.4%   123 3600s
 3271835 2267759    1.64254   58   26    1.31168    1.73633  32.4%   123 3606s
 3275358 2270060    1.66858   42   45    1.31168    1.73610  32.4%   123 3610s
 3282530 2274647    1.63828   55   26    1.31168    1.73569  32.3%   123 3617s
 3286101 2276961    1.62586   55   28    1.31168    1.73547  32.3%   123 3620s
 3293849 2282092    1.71055   44   41    1.31168    1.73501  32.3%   123 3627s
 3297513 2284336     cutoff   51         1.31168    1.73481  32.3%   123 3631s
 3304659 2289119     cutoff   58         1.31168    1.73438  32.2%   123 3637s
 3308314 2291426    1.59541   54   32    1.31168    1.73417  32.2%   123 3641s
 3315465 2296023     cutoff   51         1.31168    1.73376  32.2%   123 3647s
 3319070 2298790    1.34076   62   19    1.31168    1.73353  32.2%   123 3651s
 3323345 2301111     cutoff   47         1.31168    1.73330  32.1%   123 3655s
 3330330 2305727    1.40439   45   41    1.31168    1.73290  32.1%   123 3661s
 3333873 2307865     cutoff   53         1.31168    1.73271  32.1%   123 3665s
 3340975 2312502    1.67362   55   31    1.31168    1.73229  32.1%   123 3672s
 3344581 2314700    1.69862   49   38    1.31168    1.73208  32.1%   123 3675s
 3352185 2319802    1.72139   49   28    1.31168    1.73166  32.0%   123 3682s
 3355799 2322056    1.70499   51   35    1.31168    1.73145  32.0%   122 3686s
 3362823 2326673    1.69492   50   33    1.31168    1.73107  32.0%   122 3693s
 3366300 2328971    1.61742   58   29    1.31168    1.73086  32.0%   122 3696s
 3373301 2333423    1.55428   54   32    1.31168    1.73044  31.9%   122 3702s
 3376897 2336091     cutoff   52         1.31168    1.73026  31.9%   122 3706s
 3380955 2338604    1.56893   46   37    1.31168    1.73001  31.9%   122 3710s
 3388072 2343212    1.46697   48   35    1.31168    1.72963  31.9%   122 3717s
 3391857 2345570    1.58799   61   23    1.31168    1.72942  31.8%   122 3720s
 3399009 2350116    1.61013   48   35    1.31168    1.72900  31.8%   122 3727s
 3402651 2352383    1.69903   44   42    1.31168    1.72881  31.8%   122 3730s
 3410330 2357381    1.69941   48   40    1.31168    1.72837  31.8%   122 3738s
 3413787 2359557    1.68492   55   34    1.31168    1.72819  31.8%   122 3741s
 3420809 2364105    1.61999   48   35    1.31168    1.72777  31.7%   122 3747s
 3424422 2366430    1.71833   54   32    1.31168    1.72757  31.7%   122 3751s
 3431645 2370895     cutoff   58         1.31168    1.72717  31.7%   122 3758s
 3435060 2373560    1.39374   48   30    1.31168    1.72700  31.7%   122 3762s
 3439244 2375792     cutoff   51         1.31168    1.72677  31.6%   122 3765s
 3446227 2380403    1.72544   61   19    1.31168    1.72637  31.6%   122 3771s
 3449866 2382711    1.69563   37   55    1.31168    1.72619  31.6%   122 3775s
 3457109 2387408    1.67778   48   34    1.31168    1.72579  31.6%   122 3781s
 3464289 2392385    1.70198   44   42    1.31168    1.72540  31.5%   122 3788s
 3468535 2394604    1.47856   43   38    1.31168    1.72519  31.5%   122 3791s
 3471931 2396767     cutoff   58         1.31168    1.72500  31.5%   122 3795s
 3478925 2401445     cutoff   51         1.31168    1.72460  31.5%   122 3801s
 3486359 2405968    1.67987   46   42    1.31168    1.72422  31.5%   122 3808s
 3489765 2408223    1.55300   58   25    1.31168    1.72404  31.4%   122 3811s
 3497460 2413217     cutoff   42         1.31168    1.72363  31.4%   122 3818s
 3500939 2415563     cutoff   52         1.31168    1.72343  31.4%   121 3821s
 3508071 2420017     cutoff   45         1.31168    1.72302  31.4%   121 3827s
 3511599 2422372    1.54625   56   31    1.31168    1.72283  31.3%   121 3830s
 3518653 2427018    1.65791   55   31    1.31168    1.72248  31.3%   121 3837s
 3522304 2429741    1.66333   39   45    1.31168    1.72226  31.3%   121 3841s
 3530124 2434322    1.59998   46   38    1.31168    1.72184  31.3%   121 3847s
 3533680 2436567    1.71022   43   41    1.31168    1.72163  31.3%   121 3850s
 3540682 2441139    1.65237   50   37    1.31168    1.72126  31.2%   121 3857s
 3544185 2443290     cutoff   46         1.31168    1.72108  31.2%   121 3860s
 3551333 2448347    1.69183   47   44    1.31168    1.72069  31.2%   121 3867s
 3555520 2450524    1.31929   60   20    1.31168    1.72047  31.2%   121 3870s
 3562430 2454991     cutoff   58         1.31168    1.72011  31.1%   121 3877s
 3566073 2457226    1.65680   43   38    1.31168    1.71990  31.1%   121 3880s
 3573191 2461845     cutoff   43         1.31168    1.71954  31.1%   121 3887s
 3576775 2464185    1.67696   52   35    1.31168    1.71936  31.1%   121 3890s
 3584690 2469150     cutoff   53         1.31168    1.71895  31.0%   121 3897s
 3588246 2471411    1.63727   46   45    1.31168    1.71876  31.0%   121 3900s
 3595370 2476089     cutoff   49         1.31168    1.71840  31.0%   121 3907s
 3598931 2478274    1.70403   38   49    1.31168    1.71822  31.0%   121 3910s
 3605923 2482847    1.53066   54   35    1.31168    1.71785  31.0%   121 3917s
 3609427 2485556    1.67139   46   36    1.31168    1.71765  30.9%   121 3921s
 3616917 2489882    1.69222   52   29    1.31168    1.71727  30.9%   121 3927s
 3620514 2492159    1.69134   49   36    1.31168    1.71706  30.9%   121 3930s
 3627722 2496837     cutoff   41         1.31168    1.71669  30.9%   121 3937s
 3631387 2499151    1.69171   55   31    1.31168    1.71650  30.9%   121 3940s
 3638739 2504368    1.68166   51   35    1.31168    1.71612  30.8%   121 3948s
 3643001 2506435    1.32300   40   45    1.31168    1.71592  30.8%   121 3951s
 3649981 2510963    1.54987   58   28    1.31168    1.71554  30.8%   121 3957s
 3657043 2515670    1.71443   40   44    1.31168    1.71517  30.8%   120 3963s
 3660738 2517849    1.70842   53   32    1.31168    1.71500  30.7%   120 3966s
 3667747 2522861    1.69468   48   36    1.31168    1.71463  30.7%   120 3972s
 3671834 2525288    1.42465   49   34    1.31168    1.71442  30.7%   120 3975s
 3679113 2529749    1.64787   40   46    1.31168    1.71405  30.7%   120 3981s
 3686129 2534375    1.56822   57   28    1.31168    1.71368  30.6%   120 3988s
 3689659 2536681    1.70077   42   43    1.31168    1.71352  30.6%   120 3991s
 3696708 2541635    1.61544   54   32    1.31168    1.71314  30.6%   120 3998s
 3700926 2543802    1.55474   52   33    1.31168    1.71292  30.6%   120 4001s
 3707782 2548424    1.61301   58   26    1.31168    1.71255  30.6%   120 4007s
 3711506 2550673     cutoff   44         1.31168    1.71238  30.5%   120 4010s
 3718669 2555160 infeasible   49         1.31168    1.71202  30.5%   120 4017s
 3722174 2557485     cutoff   33         1.31168    1.71185  30.5%   120 4020s
 3729674 2562270    1.65921   50   41    1.31168    1.71148  30.5%   120 4028s
 3733419 2564440    1.54556   54   35    1.31168    1.71127  30.5%   120 4031s
 3740653 2569188     cutoff   52         1.31168    1.71091  30.4%   120 4038s
 3744185 2571494    1.57015   48   33    1.31168    1.71071  30.4%   120 4041s
 3751454 2576029    1.63782   48   39    1.31168    1.71035  30.4%   120 4047s
 3754981 2578707    1.49899   42   46    1.31168    1.71017  30.4%   120 4051s
 3762865 2583219    1.61054   51   33    1.31168    1.70978  30.3%   120 4058s
 3766347 2585496     cutoff   44         1.31168    1.70961  30.3%   120 4061s
 3773261 2590055    1.45957   45   43    1.31168    1.70927  30.3%   120 4067s
 3776796 2592346    1.70235   57   24    1.31168    1.70911  30.3%   120 4071s
 3783864 2597080     cutoff   52         1.31168    1.70875  30.3%   120 4078s
 3787854 2599405    1.60598   48   36    1.31168    1.70855  30.3%   120 4081s
 3795077 2603925    1.66321   55   33    1.31168    1.70820  30.2%   120 4088s
 3798785 2606252    1.31560   51   34    1.31168    1.70799  30.2%   120 4091s
 3805922 2610659    1.63721   49   41    1.31168    1.70766  30.2%   120 4097s
 3809568 2612974    1.63189   55   32    1.31168    1.70748  30.2%   120 4101s
 3813219 2615721    1.67023   47   39    1.31168    1.70728  30.2%   120 4105s
 3820935 2620190    1.62953   49   39    1.31168    1.70692  30.1%   119 4111s
 3828081 2624743    1.43399   42   43    1.31168    1.70656  30.1%   119 4117s
 3831711 2627051    1.64546   58   27    1.31168    1.70637  30.1%   119 4120s
 3838862 2631718    1.64846   55   30    1.31168    1.70604  30.1%   119 4127s
 3842392 2634339    1.62028   49   36    1.31168    1.70585  30.1%   119 4131s
 3850163 2639015    1.60927   61   20    1.31168    1.70547  30.0%   119 4137s
 3853853 2641198    1.65721   54   28    1.31168    1.70531  30.0%   119 4141s
 3860917 2645759    1.68181   55   32    1.31168    1.70495  30.0%   119 4147s
 3864596 2648012     cutoff   40         1.31168    1.70476  30.0%   119 4150s
 3871526 2652855     cutoff   42         1.31168    1.70443  29.9%   119 4157s
 3875646 2655023    1.33049   67   19    1.31168    1.70424  29.9%   119 4160s
 3882898 2659679    1.52424   47   39    1.31168    1.70390  29.9%   119 4167s
 3886319 2662032    1.66736   50   34    1.31168    1.70373  29.9%   119 4170s
 3893451 2666424     cutoff   47         1.31168    1.70337  29.9%   119 4177s
 3897015 2668685    1.68974   45   42    1.31168    1.70321  29.8%   119 4180s
 3904711 2673468    1.64337   49   38    1.31168    1.70285  29.8%   119 4187s
 3908191 2675722    1.64593   59   20    1.31168    1.70267  29.8%   119 4191s
 3915480 2680376     cutoff   59         1.31168    1.70231  29.8%   119 4197s
 3919076 2682585    1.65628   42   47    1.31168    1.70213  29.8%   119 4200s
 3926179 2687093    1.63162   41   44    1.31168    1.70178  29.7%   119 4207s
 3929686 2689662    1.51318   57   27    1.31168    1.70163  29.7%   119 4211s
 3937187 2694152    1.68247   59   22    1.31168    1.70125  29.7%   119 4218s
 3940979 2696578    1.57885   48   37    1.31168    1.70109  29.7%   119 4221s
 3948204 2700962    1.60361   46   42    1.31168    1.70074  29.7%   119 4227s
 3951770 2703129    1.69429   52   27    1.31168    1.70058  29.6%   119 4231s
 3958887 2707965    1.68835   52   37    1.31168    1.70024  29.6%   119 4238s
 3962823 2710358    1.65261   45   46    1.31168    1.70005  29.6%   119 4241s
 3970322 2714949    1.63825   40   50    1.31168    1.69970  29.6%   119 4248s
 3973867 2716955     cutoff   50         1.31168    1.69952  29.6%   119 4251s
 3980915 2721696    1.63500   46   41    1.31168    1.69918  29.5%   119 4258s
 3984460 2724046    1.46595   48   35    1.31168    1.69902  29.5%   118 4261s
 3988087 2726691    1.39450   57   30    1.31168    1.69885  29.5%   118 4265s
 3995865 2731264    1.61904   53   35    1.31168    1.69849  29.5%   118 4271s
 3999329 2733574    1.67729   56   30    1.31168    1.69833  29.5%   118 4275s
 4006244 2738005    1.50643   49   37    1.31168    1.69801  29.5%   118 4281s
 4009941 2740355    1.64423   45   44    1.31168    1.69783  29.4%   118 4285s
 4017187 2745159    1.58228   41   40    1.31168    1.69749  29.4%   118 4291s
 4021378 2747407    1.67606   58   26    1.31168    1.69730  29.4%   118 4295s
 4028398 2751900    1.65519   41   46    1.31168    1.69696  29.4%   118 4301s
 4035437 2756352    1.65788   47   35    1.31168    1.69665  29.3%   118 4308s
 4039028 2758625     cutoff   39         1.31168    1.69649  29.3%   118 4311s
 4046168 2763590    1.55686   47   43    1.31168    1.69616  29.3%   118 4318s
 4050245 2765813    1.47128   42   43    1.31168    1.69597  29.3%   118 4321s
 4053854 2768134    1.67705   43   39    1.31168    1.69582  29.3%   118 4325s
 4061075 2772593     cutoff   45         1.31168    1.69548  29.3%   118 4331s
 4068171 2777221     cutoff   46         1.31168    1.69515  29.2%   118 4338s
 4071758 2779505    1.48477   49   37    1.31168    1.69500  29.2%   118 4341s
 4075349 2782044     cutoff   62         1.31168    1.69484  29.2%   118 4345s
 4083108 2786492    1.63540   52   37    1.31168    1.69447  29.2%   118 4351s
 4086392 2788594    1.64679   50   31    1.31168    1.69433  29.2%   118 4355s
 4093517 2793231    1.61892   38   48    1.31168    1.69400  29.1%   118 4361s
 4097164 2795396    1.34947   50   32    1.31168    1.69384  29.1%   118 4365s
 4104497 2800375    1.63427   40   47    1.31168    1.69349  29.1%   118 4372s
 4108602 2802634     cutoff   48         1.31168    1.69331  29.1%   118 4375s
 4115844 2807316    1.68659   44   42    1.31168    1.69299  29.1%   118 4382s
 4119459 2809524     cutoff   42         1.31168    1.69283  29.1%   118 4385s
 4126534 2813953    1.58102   45   41    1.31168    1.69251  29.0%   118 4391s
 4129943 2816334    1.62424   41   40    1.31168    1.69235  29.0%   118 4395s
 4137664 2821348    1.66144   43   46    1.31168    1.69200  29.0%   118 4402s
 4141304 2823618    1.54338   59   27    1.31168    1.69185  29.0%   118 4405s
 4148466 2828150    1.58684   51   36    1.31168    1.69151  29.0%   118 4411s
 4151987 2828519    1.61287   58   28    1.31168    1.69135  28.9%   118 4415s
H4152094 2828518                       1.3116845    1.69134  28.9%   118 4416s
 4155921 2833071    1.69080   55   29    1.31168    1.69131  28.9%   118 4423s
 4159746 2835588    1.58213   41   42    1.31168    1.69104  28.9%   118 4427s
 4163635 2838202    1.46799   46   39    1.31168    1.69085  28.9%   117 4430s
 4171404 2842549     cutoff   44         1.31168    1.69050  28.9%   117 4437s
 4174779 2844816    1.55927   40   39    1.31168    1.69035  28.9%   117 4440s
 4182017 2849347    1.68916   56   32    1.31168    1.69003  28.8%   117 4446s
 4187370 2851564    1.68207   57   30    1.31168    1.68986  28.8%   117 4450s
 4192653 2856512    1.67148   61   21    1.31168    1.68956  28.8%   117 4456s
 4200241 2861013    1.60410   62   25    1.31168    1.68921  28.8%   117 4463s
 4203886 2863245    1.62661   44   38    1.31168    1.68906  28.8%   117 4466s
 4211001 2867820    1.68875   63   21    1.31168    1.68875  28.7%   117 4472s
 4214516 2869968    1.67624   44   43    1.31168    1.68859  28.7%   117 4475s
 4221766 2874869    1.59028   49   34    1.31168    1.68828  28.7%   117 4483s
 4225877 2877179    1.52499   54   31    1.31168    1.68810  28.7%   117 4486s
 4232900 2881653    1.65013   50   39    1.31168    1.68781  28.7%   117 4492s
 4236554 2883790    1.63734   54   32    1.31168    1.68763  28.7%   117 4496s
 4243612 2888275    1.65425   44   43    1.31168    1.68732  28.6%   117 4502s
 4247246 2890622    1.55472   37   51    1.31168    1.68716  28.6%   117 4505s
 4255151 2895386    1.65420   50   35    1.31168    1.68683  28.6%   117 4512s
 4258357 2897709     cutoff   50         1.31168    1.68667  28.6%   117 4515s
 4265422 2902016     cutoff   45         1.31168    1.68636  28.6%   117 4522s
 4268838 2904418    1.49618   48   35    1.31168    1.68623  28.6%   117 4525s
 4276262 2909028    1.54711   56   38    1.31168    1.68589  28.5%   117 4531s
 4279814 2911659    1.64183   58   26    1.31168    1.68574  28.5%   117 4535s
 4287669 2916156    1.63592   55   28    1.31168    1.68540  28.5%   117 4541s
 4294492 2920279    1.67747   53   36    1.31168    1.68511  28.5%   117 4548s
 4297938 2922557    1.66798   53   31    1.31168    1.68496  28.5%   117 4551s
 4305032 2927173    1.66802   47   36    1.31168    1.68465  28.4%   117 4557s
 4308768 2929739     cutoff   53         1.31168    1.68450  28.4%   117 4561s
 4316388 2934346    1.47917   53   34    1.31168    1.68416  28.4%   117 4567s
 4320085 2936387     cutoff   52         1.31168    1.68400  28.4%   117 4570s
 4327024 2940793    1.60530   46   34    1.31168    1.68370  28.4%   117 4577s
 4330544 2942841    1.64144   39   44    1.31168    1.68356  28.4%   117 4580s
 4337700 2947877     cutoff   47         1.31168    1.68324  28.3%   117 4587s
 4341875 2950018    1.67116   53   30    1.31168    1.68305  28.3%   117 4590s
 4348828 2954642    1.63604   49   38    1.31168    1.68276  28.3%   117 4597s
 4352436 2956982     cutoff   52         1.31168    1.68262  28.3%   116 4600s
 4359672 2961443    1.68219   58   28    1.31168    1.68231  28.3%   116 4606s
 4366752 2966306    1.67634   51   32    1.31168    1.68200  28.2%   116 4613s
 4370769 2968576    1.65984   42   33    1.31168    1.68184  28.2%   116 4617s
 4374521 2970725     cutoff   43         1.31168    1.68167  28.2%   116 4620s
 4381541 2975237    1.64336   49   41    1.31168    1.68138  28.2%   116 4627s
 4385139 2977560    1.57711   55   29    1.31168    1.68122  28.2%   116 4630s
 4392101 2981976    1.66731   53   34    1.31168    1.68093  28.2%   116 4636s
 4395678 2984734    1.63180   46   44    1.31168    1.68078  28.1%   116 4640s
 4403438 2989194    1.67993   48   39    1.31168    1.68048  28.1%   116 4646s
 4406932 2991438 infeasible   47         1.31168    1.68032  28.1%   116 4650s
 4413944 2995706    1.65004   45   45    1.31168    1.68005  28.1%   116 4656s
 4420941 3000141    1.61579   45   37    1.31168    1.67974  28.1%   116 4662s
 4424478 3002349    1.66101   56   30    1.31168    1.67959  28.0%   116 4666s
 4432294 3007155    1.57731   52   36    1.31168    1.67927  28.0%   116 4672s
 4435741 3009420    1.66591   55   26    1.31168    1.67912  28.0%   116 4676s
 4442732 3013748     cutoff   60         1.31168    1.67883  28.0%   116 4682s
 4446240 3015919    1.67074   57   30    1.31168    1.67868  28.0%   116 4685s
 4453326 3020351    1.52502   48   40    1.31168    1.67840  28.0%   116 4691s
 4460405 3025226     cutoff   49         1.31168    1.67811  27.9%   116 4698s
 4464572 3027422     cutoff   48         1.31168    1.67794  27.9%   116 4701s
 4468043 3029662     cutoff   45         1.31168    1.67780  27.9%   116 4705s
 4475182 3034093     cutoff   52         1.31168    1.67749  27.9%   116 4711s
 4482341 3038540    1.53361   50   39    1.31168    1.67720  27.9%   116 4717s
 4485848 3040771    1.57872   55   31    1.31168    1.67705  27.9%   116 4720s
 4493447 3045614    1.66150   61   27    1.31168    1.67675  27.8%   116 4727s
 4497007 3047826     cutoff   59         1.31168    1.67660  27.8%   116 4730s
 4504130 3052323    1.40025   48   35    1.31168    1.67631  27.8%   116 4737s
 4507680 3054552    1.60312   53   32    1.31168    1.67618  27.8%   116 4740s
 4514721 3058862    1.64306   47   40    1.31168    1.67590  27.8%   116 4746s
 4518140 3061401     cutoff   38         1.31168    1.67576  27.8%   116 4750s
 4525710 3065946    1.55793   44   48    1.31168    1.67546  27.7%   116 4757s
 4529404 3068138    1.64077   40   42    1.31168    1.67532  27.7%   116 4760s
 4536455 3072741    1.64342   51   34    1.31168    1.67504  27.7%   116 4767s
 4540203 3074981    1.65544   55   34    1.31168    1.67491  27.7%   116 4770s
 4547284 3079583    1.52095   49   31    1.31168    1.67461  27.7%   116 4777s
 4551247 3081838     cutoff   49         1.31168    1.67446  27.7%   115 4780s
 4558488 3086312    1.63310   38   49    1.31168    1.67417  27.6%   115 4787s
 4562156 3088629    1.52551   52   34    1.31168    1.67402  27.6%   115 4790s
 4569290 3093194    1.65435   51   25    1.31168    1.67373  27.6%   115 4797s
 4572875 3095466     cutoff   39         1.31168    1.67358  27.6%   115 4800s
 4580483 3100312     cutoff   52         1.31168    1.67330  27.6%   115 4807s
 4584125 3102354    1.54446   61   17    1.31168    1.67315  27.6%   115 4810s
 4591191 3106820    1.63389   52   31    1.31168    1.67286  27.5%   115 4817s
 4594835 3108985     cutoff   46         1.31168    1.67272  27.5%   115 4820s
 4602025 3113447    1.65543   53   25    1.31168    1.67242  27.5%   115 4827s
 4605630 3115216     cutoff   57         1.31168    1.67229  27.5%   115 4832s
 4608416 3117764    1.55222   60   21    1.31168    1.67226  27.5%   115 4836s
 4612566 3120215    1.58511   53   33    1.31168    1.67224  27.5%   115 4841s
 4616470 3120226    1.61001   52   29    1.31168    1.67215  27.5%   115 4846s
H4616513 3120255                       1.3116845    1.67201  27.5%   115 4850s
H4616542 3120255                       1.3116845    1.67195  27.5%   115 4850s
 4616544 3120394    1.61511   56   33    1.31168    1.67195  27.5%   115 4857s
 4616822 3120590     cutoff   56         1.31168    1.67193  27.5%   115 4863s
 4617155 3120817     cutoff   57         1.31168    1.67191  27.5%   115 4869s
 4617559 3121441     cutoff   58         1.31168    1.67188  27.5%   115 4873s
 4618509 3122050    1.66728   51   38    1.31168    1.67185  27.5%   115 4878s
H4618859 3122050                       1.3116845    1.67184  27.5%   115 4879s
 4619497 3123812    1.61784   64   20    1.31168    1.67182  27.5%   115 4885s
 4622369 3126526    1.47952   45   36    1.31168    1.67181  27.5%   115 4894s
 4626703 3129770    1.35866   49   37    1.31168    1.67179  27.5%   115 4900s
 4631876 3132894    1.57215   48   34    1.31168    1.67174  27.4%   115 4906s
 4640319 3137485    1.57400   52   32    1.31168    1.67126  27.4%   115 4913s
 4644036 3139858    1.63399   48   34    1.31168    1.67098  27.4%   115 4917s
 4647879 3142102    1.53892   50   38    1.31168    1.67082  27.4%   115 4920s
 4655212 3146640    1.65306   46   37    1.31168    1.67051  27.4%   115 4928s
 4658636 3148892    1.54163   48   41    1.31168    1.67038  27.3%   115 4931s
 4662274 3151047    1.66071   56   29    1.31168    1.67021  27.3%   115 4935s
 4669686 3155791    1.64820   49   40    1.31168    1.66991  27.3%   115 4942s
 4673377 3157797    1.58225   50   31    1.31168    1.66976  27.3%   115 4945s
 4680323 3162162    1.43137   38   46    1.31168    1.66949  27.3%   115 4952s
 4683774 3164531    1.57735   57   33    1.31168    1.66928  27.3%   115 4955s
 4691399 3169230     cutoff   55         1.31168    1.66896  27.2%   115 4962s
 4694983 3171729     cutoff   42         1.31168    1.66882  27.2%   115 4965s
 4702634 3176293    1.59959   51   22    1.31168    1.66853  27.2%   115 4972s
 4706226 3178552    1.62311   51   32    1.31168    1.66840  27.2%   115 4975s
 4713363 3182887    1.60760   42   46    1.31168    1.66812  27.2%   115 4982s
 4716785 3185011    1.62733   53   33    1.31168    1.66799  27.2%   115 4985s
 4723814 3189573     cutoff   52         1.31168    1.66771  27.1%   115 4992s
 4727597 3192116    1.58322   47   38    1.31168    1.66757  27.1%   115 4995s
 4735142 3196391    1.60735   45   37    1.31168    1.66729  27.1%   115 5001s
 4738791 3198506     cutoff   52         1.31168    1.66716  27.1%   115 5005s
 4745777 3202941    1.58209   48   39    1.31168    1.66688  27.1%   115 5011s
 4752712 3207262     cutoff   60         1.31168    1.66660  27.1%   115 5017s
 4756292 3209410    1.66205   55   26    1.31168    1.66647  27.0%   115 5021s
 4763984 3214152    1.64256   51   40    1.31168    1.66619  27.0%   114 5027s
 4767479 3216413    1.41656   47   39    1.31168    1.66604  27.0%   114 5030s
 4774466 3220794     cutoff   56         1.31168    1.66578  27.0%   114 5037s
 4777924 3223029    1.64436   59   24    1.31168    1.66566  27.0%   114 5040s
 4785290 3227562     cutoff   55         1.31168    1.66537  27.0%   114 5046s
 4788771 3230093    1.32611   63   22    1.31168    1.66524  27.0%   114 5050s
 4796444 3234564    1.60699   54   34    1.31168    1.66496  26.9%   114 5056s
 4800081 3236919     cutoff   58         1.31168    1.66483  26.9%   114 5060s
 4807286 3241368    1.65675   57   26    1.31168    1.66456  26.9%   114 5066s
 4814393 3245745    1.64192   51   37    1.31168    1.66432  26.9%   114 5072s
 4817918 3248315    1.53991   44   42    1.31168    1.66416  26.9%   114 5075s
 4825598 3252718    1.44294   52   38    1.31168    1.66388  26.9%   114 5082s
 4829027 3255018    1.63071   56   31    1.31168    1.66376  26.8%   114 5085s
 4836345 3259312    1.47066   52   33    1.31168    1.66350  26.8%   114 5092s
 4839864 3261573    1.63489   47   39    1.31168    1.66337  26.8%   114 5095s
 4847126 3266466    1.57028   49   35    1.31168    1.66310  26.8%   114 5102s
 4851223 3268740     cutoff   58         1.31168    1.66295  26.8%   114 5105s
 4858407 3273003    1.35472   50   34    1.31168    1.66269  26.8%   114 5112s
 4861927 3275192    1.58838   49   33    1.31168    1.66255  26.7%   114 5115s
 4868962 3279765    1.63351   57   27    1.31168    1.66230  26.7%   114 5122s
 4872672 3281907    1.60433   60   27    1.31168    1.66217  26.7%   114 5125s
 4880393 3286663    1.43847   55   25    1.31168    1.66188  26.7%   114 5132s
 4883898 3288767    1.51100   46   40    1.31168    1.66175  26.7%   114 5135s
 4890981 3293127    1.54108   58   26    1.31168    1.66149  26.7%   114 5141s
 4898005 3297538    1.63699   54   33    1.31168    1.66124  26.6%   114 5148s
 4901462 3299708     cutoff   45         1.31168    1.66111  26.6%   114 5151s
 4908527 3304476    1.64289   46   33    1.31168    1.66085  26.6%   114 5158s
 4912672 3306744    1.47430   40   46    1.31168    1.66071  26.6%   114 5161s
 4919576 3310997    1.63262   63   18    1.31168    1.66045  26.6%   114 5168s
 4923206 3313154    1.58413   57   27    1.31168    1.66034  26.6%   114 5171s
 4930254 3317467     cutoff   50         1.31168    1.66007  26.6%   114 5177s
 4933785 3319631     cutoff   47         1.31168    1.65994  26.6%   114 5181s
 4941044 3324487    1.57209   48   37    1.31168    1.65967  26.5%   114 5188s
 4945090 3326818     cutoff   52         1.31168    1.65954  26.5%   114 5191s
 4952224 3331232    1.60132   50   40    1.31168    1.65929  26.5%   114 5197s
 4955959 3333438     cutoff   58         1.31168    1.65914  26.5%   114 5200s
 4962947 3337599    1.58238   51   35    1.31168    1.65890  26.5%   114 5207s
 4966411 3339838    1.65032   61   22    1.31168    1.65876  26.5%   114 5210s
 4974006 3344456    1.65259   44   43    1.31168    1.65850  26.4%   114 5217s
 4977679 3346720     cutoff   54         1.31168    1.65835  26.4%   114 5220s
 4984903 3351037    1.65735   57   27    1.31168    1.65809  26.4%   113 5227s
 4988318 3353226    1.50679   59   25    1.31168    1.65798  26.4%   113 5230s
 4995602 3357682    1.65106   47   44    1.31168    1.65772  26.4%   113 5236s
 4999256 3360133    1.56724   56   26    1.31168    1.65759  26.4%   113 5240s
 5007038 3364559    1.51826   53   37    1.31168    1.65731  26.4%   113 5247s
 5010528 3366687    1.53502   53   35    1.31168    1.65719  26.3%   113 5250s
 5017789 3371108    1.62325   55   25    1.31168    1.65694  26.3%   113 5256s
 5021301 3373216    1.64977   60   25    1.31168    1.65680  26.3%   113 5260s
 5028352 3377929    1.51898   55   28    1.31168    1.65656  26.3%   113 5267s
 5032507 3380115    1.59115   41   49    1.31168    1.65641  26.3%   113 5270s
 5039263 3384279    1.60701   42   41    1.31168    1.65616  26.3%   113 5276s
 5046666 3388727    1.57158   50   38    1.31168    1.65590  26.2%   113 5283s
 5050128 3390994    1.59915   46   41    1.31168    1.65577  26.2%   113 5286s
 5057187 3395334    1.65442   57   26    1.31168    1.65553  26.2%   113 5292s
 5060728 3397930    1.37523   64   20    1.31168    1.65541  26.2%   113 5296s
 5068404 3402089    1.63924   51   33    1.31168    1.65514  26.2%   113 5302s
 5071905 3404263    1.59153   43   44    1.31168    1.65502  26.2%   113 5305s
 5079033 3408482    1.56350   55   32    1.31168    1.65477  26.2%   113 5311s
 5082498 3410690    1.60410   48   38    1.31168    1.65465  26.1%   113 5315s
 5089522 3415048    1.49087   45   41    1.31168    1.65440  26.1%   113 5321s
 5093170 3417484    1.63052   49   38    1.31168    1.65428  26.1%   113 5325s
 5100896 3421864    1.43875   40   41    1.31168    1.65402  26.1%   113 5331s
 5107846 3426272    1.64162   56   24    1.31168    1.65377  26.1%   113 5338s
 5111557 3428409     cutoff   46         1.31168    1.65364  26.1%   113 5341s
 5118736 3432799    1.60568   44   44    1.31168    1.65338  26.0%   113 5347s
 5122384 3435373    1.37830   61   24    1.31168    1.65326  26.0%   113 5351s
 5126490 3437440    1.50621   55   30    1.31168    1.65312  26.0%   113 5355s
 5133525 3441752    1.60728   57   30    1.31168    1.65285  26.0%   113 5361s
 5140831 3446230    1.56656   49   35    1.31168    1.65261  26.0%   113 5367s
 5144487 3448243    1.44701   44   38    1.31168    1.65248  26.0%   113 5371s
 5151494 3453021    1.49219   48   39    1.31168    1.65223  26.0%   113 5378s
 5155583 3455048    1.63349   59   26    1.31168    1.65210  26.0%   113 5381s
 5162495 3459509    1.63434   51   32    1.31168    1.65186  25.9%   113 5388s
 5166234 3461551    1.61381   55   35    1.31168    1.65173  25.9%   113 5391s
 5173257 3465877    1.53881   51   39    1.31168    1.65149  25.9%   113 5397s
 5176710 3468141    1.62483   43   41    1.31168    1.65137  25.9%   113 5401s
 5184688 3472792    1.60813   41   43    1.31168    1.65110  25.9%   113 5407s
 5188146 3474884     cutoff   47         1.31168    1.65098  25.9%   113 5411s
 5195138 3479070    1.57199   46   40    1.31168    1.65074  25.8%   113 5417s
 5198678 3481164    1.53688   47   39    1.31168    1.65063  25.8%   113 5420s
 5205625 3485487     cutoff   56         1.31168    1.65037  25.8%   113 5427s
 5209232 3487594    1.55302   46   46    1.31168    1.65025  25.8%   113 5430s
 5216820 3492137    1.35531   57   26    1.31168    1.65001  25.8%   112 5437s
 5220319 3494411    1.48036   62   21    1.31168    1.64988  25.8%   112 5440s
 5227523 3498752    1.64498   48   40    1.31168    1.64964  25.8%   112 5446s
 5234740 3503192    1.59600   48   42    1.31168    1.64941  25.7%   112 5453s
 5238355 3505346    1.63349   53   32    1.31168    1.64928  25.7%   112 5456s
 5241825 3507865    1.44610   47   38    1.31168    1.64916  25.7%   112 5460s
 5249560 3512228    1.36382   49   31    1.31168    1.64891  25.7%   112 5466s
 5256575 3516577    1.62126   51   35    1.31168    1.64868  25.7%   112 5472s
 5260292 3518742    1.64138   44   38    1.31168    1.64855  25.7%   112 5475s
 5267289 3522973    1.48195   39   45    1.31168    1.64832  25.7%   112 5482s
 5270652 3525234    1.44994   56   33    1.31168    1.64819  25.7%   112 5485s
 5278441 3529650    1.55935   54   32    1.31168    1.64794  25.6%   112 5492s
 5281684 3531834    1.63497   52   34    1.31168    1.64781  25.6%   112 5495s
 5288979 3536221    1.46120   44   40    1.31168    1.64757  25.6%   112 5502s
 5292541 3538360    1.41655   54   22    1.31168    1.64744  25.6%   112 5505s
 5299822 3542712    1.40991   58   26    1.31168    1.64719  25.6%   112 5511s
 5303311 3545334    1.64474   54   27    1.31168    1.64708  25.6%   112 5515s
 5310792 3549383     cutoff   49         1.31168    1.64683  25.6%   112 5521s
 5317885 3553503     cutoff   46         1.31168    1.64658  25.5%   112 5528s
 5321417 3555701    1.61928   50   37    1.31168    1.64646  25.5%   112 5531s
 5328664 3560086    1.62722   62   24    1.31168    1.64623  25.5%   112 5537s
 5332222 3562500     cutoff   47         1.31168    1.64610  25.5%   112 5541s
 5339836 3566757     cutoff   61         1.31168    1.64586  25.5%   112 5547s
 5343301 3568961    1.63435   42   43    1.31168    1.64574  25.5%   112 5551s
 5350633 3573314    1.64393   43   42    1.31168    1.64549  25.4%   112 5557s
 5354084 3575522    1.59983   48   40    1.31168    1.64539  25.4%   112 5560s
 5361347 3580162    1.48587   43   42    1.31168    1.64514  25.4%   112 5567s
 5365380 3582281    1.53163   42   43    1.31168    1.64501  25.4%   112 5571s
 5372573 3586660    1.57574   56   30    1.31168    1.64477  25.4%   112 5577s
 5376121 3588724    1.58266   46   38    1.31168    1.64465  25.4%   112 5580s
 5383038 3593004    1.55892   49   34    1.31168    1.64442  25.4%   112 5587s
 5386767 3595166     cutoff   47         1.31168    1.64430  25.4%   112 5590s
 5394496 3599784    1.58820   56   29    1.31168    1.64406  25.3%   112 5597s
 5398037 3601964     cutoff   44         1.31168    1.64395  25.3%   112 5600s
 5405014 3606156    1.57906   51   30    1.31168    1.64372  25.3%   112 5607s
 5408591 3608299    1.60854   52   33    1.31168    1.64359  25.3%   112 5610s
 5415727 3612626    1.50918   56   32    1.31168    1.64336  25.3%   112 5616s
 5419353 3615133     cutoff   46         1.31168    1.64325  25.3%   112 5620s
 5426983 3619371    1.57519   58   24    1.31168    1.64301  25.3%   112 5626s
 5430677 3621463     cutoff   43         1.31168    1.64288  25.2%   112 5630s
 5437700 3625750    1.59452   50   33    1.31168    1.64266  25.2%   112 5636s
 5444741 3630006    1.41665   56   25    1.31168    1.64244  25.2%   112 5642s
 5448355 3632455    1.56317   51   33    1.31168    1.64233  25.2%   112 5646s
 5452487 3634509     cutoff   40         1.31168    1.64219  25.2%   112 5650s
 5459578 3638699    1.55454   55   25    1.31168    1.64194  25.2%   112 5656s
 5466713 3642955    1.57287   45   38    1.31168    1.64171  25.2%   111 5662s
 5470169 3645105    1.61164   58   28    1.31168    1.64161  25.2%   111 5665s
 5477326 3649644    1.61133   37   55    1.31168    1.64137  25.1%   111 5672s
 5481435 3651722    1.60677   50   39    1.31168    1.64124  25.1%   111 5676s
 5488619 3656155     cutoff   44         1.31168    1.64101  25.1%   111 5682s
 5492123 3658214    1.52215   39   47    1.31168    1.64090  25.1%   111 5685s
 5499283 3662606    1.60153   60   22    1.31168    1.64068  25.1%   111 5692s
 5502958 3664701    1.49672   42   38    1.31168    1.64057  25.1%   111 5695s
 5510546 3669132    1.60080   51   33    1.31168    1.64033  25.1%   111 5702s
 5514011 3671289    1.62943   56   29    1.31168    1.64021  25.0%   111 5705s
 5521025 3675504    1.51519   53   36    1.31168    1.63998  25.0%   111 5712s
 5524694 3677594    1.62112   45   39    1.31168    1.63988  25.0%   111 5715s
 5531667 3681845    1.53680   48   39    1.31168    1.63965  25.0%   111 5722s
 5535368 3684258    1.61989   53   33    1.31168    1.63953  25.0%   111 5726s
 5539385 3686375    1.55570   52   32    1.31168    1.63940  25.0%   111 5730s
 5546575 3690763    1.56777   49   36    1.31168    1.63918  25.0%   111 5736s
 5550260 3693013    1.59194   48   39    1.31168    1.63906  25.0%   111 5740s
 5557594 3697354    1.63776   59   23    1.31168    1.63884  24.9%   111 5746s
 5564508 3701863    1.62841   54   32    1.31168    1.63863  24.9%   111 5753s
 5568728 3703905     cutoff   54         1.31168    1.63850  24.9%   111 5756s
 5575687 3708019    1.50116   60   23    1.31168    1.63828  24.9%   111 5763s
 5579145 3710059    1.63773   55   21    1.31168    1.63818  24.9%   111 5766s
 5586173 3714419    1.41769   63   17    1.31168    1.63796  24.9%   111 5772s
 5589819 3716424    1.63765   55   23    1.31168    1.63784  24.9%   111 5776s
 5596844 3721136    1.52039   47   39    1.31168    1.63762  24.8%   111 5783s
 5601070 3723155    1.63085   50   37    1.31168    1.63750  24.8%   111 5786s
 5607986 3727425     cutoff   54         1.31168    1.63729  24.8%   111 5792s
 5611509 3729492     cutoff   62         1.31168    1.63719  24.8%   111 5796s
 5618520 3733603    1.50964   64   21    1.31168    1.63699  24.8%   111 5802s
 5622117 3735605    1.62593   58   28    1.31168    1.63686  24.8%   111 5805s
 5629357 3740305    1.59350   50   38    1.31168    1.63664  24.8%   111 5813s
 5633465 3742425    1.63324   53   32    1.31168    1.63652  24.8%   111 5816s
 5640688 3746749    1.63283   57   27    1.31168    1.63630  24.7%   111 5822s
 5644204 3748778    1.54339   49   34    1.31168    1.63620  24.7%   111 5826s
 5651319 3753177    1.63521   53   31    1.31168    1.63597  24.7%   111 5832s
 5654981 3755266    1.45296   40   45    1.31168    1.63585  24.7%   111 5836s
 5658454 3757681    1.56791   58   27    1.31168    1.63575  24.7%   111 5840s
 5666107 3761908    1.40737   43   40    1.31168    1.63552  24.7%   111 5846s
 5669744 3764081     cutoff   49         1.31168    1.63540  24.7%   111 5850s
 5676664 3768251     cutoff   52         1.31168    1.63519  24.7%   111 5856s
 5680350 3770340    1.56968   59   28    1.31168    1.63508  24.7%   111 5860s
 5687284 3774450    1.54652   60   24    1.31168    1.63486  24.6%   111 5866s
 5691012 3776936    1.58028   60   27    1.31168    1.63475  24.6%   111 5871s
 5698689 3781097     cutoff   51         1.31168    1.63451  24.6%   111 5877s
 5702336 3783049    1.56578   41   46    1.31168    1.63441  24.6%   111 5881s
 5709334 3787133    1.45675   51   40    1.31168    1.63419  24.6%   111 5888s
 5712731 3789328    1.61380   55   29    1.31168    1.63408  24.6%   111 5891s
 5716323 3791316    1.36383   56   29    1.31168    1.63398  24.6%   111 5895s
 5723432 3795899    1.47264   57   27    1.31168    1.63376  24.6%   110 5902s
 5727539 3798006    1.55307   61   23    1.31168    1.63364  24.5%   110 5905s
 5734469 3802304    1.61612   51   39    1.31168    1.63342  24.5%   110 5912s
 5738088 3804442     cutoff   37         1.31168    1.63332  24.5%   110 5916s
 5745222 3808688    1.60698   42   47    1.31168    1.63310  24.5%   110 5923s
 5748923 3810815     cutoff   39         1.31168    1.63298  24.5%   110 5926s
 5752498 3813247    1.62441   58   25    1.31168    1.63287  24.5%   110 5930s
 5760132 3817545    1.32663   59   24    1.31168    1.63264  24.5%   110 5937s
 5763729 3819667    1.50237   50   37    1.31168    1.63254  24.5%   110 5940s
 5770892 3823858    1.44572   46   38    1.31168    1.63233  24.4%   110 5947s
 5774422 3825996    1.37231   54   33    1.31168    1.63222  24.4%   110 5950s
 5781346 3830297    1.57430   52   27    1.31168    1.63201  24.4%   110 5957s
 5785024 3832637     cutoff   45         1.31168    1.63189  24.4%   110 5961s
 5792648 3836806    1.54949   45   38    1.31168    1.63167  24.4%   110 5967s
 5796210 3838968     cutoff   38         1.31168    1.63156  24.4%   110 5970s
 5803347 3843170    1.33204   50   37    1.31168    1.63135  24.4%   110 5977s
 5806882 3843191    1.55977   47   35    1.31168    1.63124  24.4%   110 5981s
H5806943 3843214                       1.3116845    1.63122  24.4%   110 5985s
H5806948 3843214                       1.3116845    1.63122  24.4%   110 5985s
 5807386 3844086    1.58096   50   31    1.31168    1.63122  24.4%   110 5992s
H5808056 3844086                       1.3116845    1.63122  24.4%   110 5993s
 5808477 3845566     cutoff   50         1.31168    1.63122  24.4%   110 5997s
 5810841 3847440    1.62218   46   34    1.31168    1.63121  24.4%   110 6001s
 5814095 3849574    1.52270   46   41    1.31168    1.63120  24.4%   110 6005s
 5821021 3854083     cutoff   48         1.31168    1.63103  24.3%   110 6012s
 5825030 3856168     cutoff   61         1.31168    1.63087  24.3%   110 6016s
 5832528 3860608     cutoff   51         1.31168    1.63057  24.3%   110 6023s
 5836428 3862803    1.58565   64   20    1.31168    1.63036  24.3%   110 6026s
 5840115 3865010     cutoff   52         1.31168    1.63025  24.3%   110 6030s
 5848002 3869443    1.42931   63   21    1.31168    1.63001  24.3%   110 6036s
 5854962 3873490    1.52657   58   23    1.31168    1.62981  24.3%   110 6042s
 5858595 3875487    1.43388   52   30    1.31168    1.62970  24.2%   110 6046s
 5865575 3879750     cutoff   57         1.31168    1.62950  24.2%   110 6052s
 5869206 3881974 infeasible   58         1.31168    1.62940  24.2%   110 6055s
 5877052 3886510    1.60933   60   24    1.31168    1.62917  24.2%   110 6062s
 5880609 3888536    1.59537   51   31    1.31168    1.62906  24.2%   110 6065s
 5887587 3892828    1.44763   62   21    1.31168    1.62886  24.2%   110 6071s
 5891247 3894869    1.45261   55   32    1.31168    1.62876  24.2%   110 6075s
 5898310 3899031    1.46560   59   23    1.31168    1.62856  24.2%   110 6081s
 5901829 3901534    1.47755   49   36    1.31168    1.62844  24.1%   110 6085s
 5909428 3905754    1.47915   51   28    1.31168    1.62823  24.1%   110 6091s
 5916583 3909954    1.61028   38   46    1.31168    1.62803  24.1%   110 6097s
 5920107 3912006    1.59450   53   31    1.31168    1.62791  24.1%   110 6101s
 5927266 3916226    1.49281   49   40    1.31168    1.62771  24.1%   110 6107s
 5930811 3918491    1.47080   60   23    1.31168    1.62759  24.1%   110 6111s
 5938639 3922837    1.62470   53   25    1.31168    1.62737  24.1%   110 6117s
 5942214 3924976    1.58176   49   27    1.31168    1.62727  24.1%   110 6120s
 5949231 3929142     cutoff   59         1.31168    1.62707  24.0%   110 6127s
 5952777 3931181    1.41340   62   25    1.31168    1.62696  24.0%   110 6130s
 5960057 3935681    1.57871   55   27    1.31168    1.62677  24.0%   110 6137s
 5963958 3937791    1.61138   45   42    1.31168    1.62665  24.0%   110 6141s
 5971360 3941928    1.33186   56   30    1.31168    1.62644  24.0%   110 6147s
 5974918 3944026     cutoff   49         1.31168    1.62633  24.0%   110 6151s
 5982140 3948313    1.59237   52   36    1.31168    1.62613  24.0%   110 6157s
 5985840 3950276    1.58082   52   34    1.31168    1.62601  24.0%   110 6160s
 5993270 3954817    1.43258   50   36    1.31168    1.62580  23.9%   109 6167s
 5996916 3956783    1.59269   50   38    1.31168    1.62570  23.9%   109 6171s
 6004001 3961022    1.56340   51   36    1.31168    1.62550  23.9%   109 6177s
 6007739 3963177    1.36154   39   47    1.31168    1.62539  23.9%   109 6180s
 6014894 3967273    1.52562   50   33    1.31168    1.62519  23.9%   109 6187s
 6018275 3969655     cutoff   44         1.31168    1.62510  23.9%   109 6190s
 6025922 3973609    1.58239   35   53    1.31168    1.62489  23.9%   109 6197s
 6029253 3975837    1.58237   45   39    1.31168    1.62478  23.9%   109 6200s
 6036377 3980001    1.60193   60   20    1.31168    1.62458  23.9%   109 6207s
 6040080 3982047     cutoff   46         1.31168    1.62447  23.8%   109 6210s
 6047090 3986379    1.59655   54   32    1.31168    1.62427  23.8%   109 6216s
 6050890 3988737    1.59606   62   20    1.31168    1.62417  23.8%   109 6220s
 6058171 3992897    1.60104   39   52    1.31168    1.62396  23.8%   109 6227s
 6061908 3995108    1.56426   49   35    1.31168    1.62385  23.8%   109 6230s
 6069145 3999276    1.54863   58   26    1.31168    1.62366  23.8%   109 6237s
 6072819 4001364    1.35525   56   32    1.31168    1.62357  23.8%   109 6240s
 6080022 4005917    1.31757   47   38    1.31168    1.62336  23.8%   109 6247s
 6084109 4007955    1.56873   57   29    1.31168    1.62325  23.8%   109 6250s
 6091246 4012341    1.52610   57   24    1.31168    1.62304  23.7%   109 6256s
 6098413 4016234     cutoff   60         1.31168    1.62285  23.7%   109 6262s
 6101854 4018600    1.62147   52   32    1.31168    1.62275  23.7%   109 6266s
 6109047 4023097    1.50277   52   26    1.31168    1.62256  23.7%   109 6272s
 6113254 4025119     cutoff   45         1.31168    1.62243  23.7%   109 6275s
 6119867 4029011    1.61284   51   34    1.31168    1.62225  23.7%   109 6282s
 6123447 4031110    1.54490   62   25    1.31168    1.62214  23.7%   109 6285s
 6130575 4035246    1.58768   49   30    1.31168    1.62195  23.7%   109 6291s
 6134231 4037280    1.40224   57   30    1.31168    1.62186  23.6%   109 6295s
 6141421 4041716    1.56527   52   31    1.31168    1.62165  23.6%   109 6301s
 6145368 4043928    1.56248   53   39    1.31168    1.62154  23.6%   109 6305s
 6152769 4048013    1.51338   60   27    1.31168    1.62134  23.6%   109 6311s
 6159916 4052158    1.52956   50   33    1.31168    1.62114  23.6%   109 6317s
 6163396 4054170    1.43676   49   40    1.31168    1.62104  23.6%   109 6320s
 6170425 4058579    1.59129   60   26    1.31168    1.62085  23.6%   109 6327s
 6174518 4060591    1.61316   56   33    1.31168    1.62075  23.6%   109 6330s
 6181445 4064517    1.62049   58   29    1.31168    1.62054  23.5%   109 6336s
 6188560 4068712    1.51553   60   23    1.31168    1.62035  23.5%   109 6342s
 6192197 4070867     cutoff   48         1.31168    1.62024  23.5%   109 6346s
 6199288 4072938    1.55264   39   42    1.31168    1.62005  23.5%   109 6353s
 6199325 4075740    1.55500   49   32    1.31168    1.62004  23.5%   109 6393s
 6204417 4077136    1.53606   54   34    1.31168    1.61990  23.5%   109 6400s
 6209109 4080563    1.59750   46   39    1.31168    1.61975  23.5%   109 6406s
 6215257 4084267    1.45511   48   36    1.31168    1.61957  23.5%   109 6412s
 6221867 4087696    1.57313   44   45    1.31168    1.61938  23.5%   109 6417s
 6227830 4090778    1.56469   55   27    1.31168    1.61923  23.4%   109 6422s
 6232887 4092987    1.49233   59   24    1.31168    1.61909  23.4%   109 6426s
 6240509 4097190    1.47081   61   22    1.31168    1.61887  23.4%   109 6432s
 6244116 4099232    1.58057   63   27    1.31168    1.61878  23.4%   109 6435s
 6251238 4103362     cutoff   54         1.31168    1.61858  23.4%   109 6442s
 6254764 4105407    1.52589   46   42    1.31168    1.61850  23.4%   109 6445s
 6261924 4109634    1.60179   52   38    1.31168    1.61828  23.4%   109 6452s
 6265809 4111570    1.56278   50   40    1.31168    1.61817  23.4%   109 6455s
 6273017 4115768    1.58556   51   32    1.31168    1.61797  23.4%   109 6462s
 6276643 4117784     cutoff   51         1.31168    1.61787  23.3%   109 6465s
 6283750 4121698    1.54983   48   37    1.31168    1.61766  23.3%   108 6471s
 6287252 4123653    1.58909   41   49    1.31168    1.61757  23.3%   108 6475s
 6294364 4127931    1.60312   52   33    1.31168    1.61736  23.3%   108 6481s
 6301901 4132031    1.57147   48   42    1.31168    1.61715  23.3%   108 6488s
 6305443 4134092    1.60055   42   36    1.31168    1.61706  23.3%   108 6491s
 6312436 4138045     cutoff   51         1.31168    1.61685  23.3%   108 6497s
 6315932 4139992    1.54972   56   25    1.31168    1.61675  23.3%   108 6500s
 6323141 4144032    1.60007   56   31    1.31168    1.61655  23.2%   108 6507s
 6326716 4146294     cutoff   54         1.31168    1.61645  23.2%   108 6510s
 6334133 4150307    1.55629   52   31    1.31168    1.61626  23.2%   108 6517s
 6337747 4152397    1.43389   61   27    1.31168    1.61615  23.2%   108 6520s
 6344957 4156425    1.59739   51   31    1.31168    1.61594  23.2%   108 6526s
 6352097 4160522    1.57500   60   23    1.31168    1.61575  23.2%   108 6532s
 6355765 4162745     cutoff   56         1.31168    1.61564  23.2%   108 6536s
 6359867 4164772    1.55017   61   24    1.31168    1.61554  23.2%   108 6540s
 6366791 4168717    1.54580   51   33    1.31168    1.61534  23.1%   108 6546s
 6373831 4172879    1.56028   42   47    1.31168    1.61514  23.1%   108 6552s
 6377394 4174930    1.40522   49   34    1.31168    1.61505  23.1%   108 6556s
 6384675 4179225    1.49876   51   34    1.31168    1.61486  23.1%   108 6562s
 6388541 4181313    1.60231   57   34    1.31168    1.61474  23.1%   108 6566s
 6395961 4185504     cutoff   47         1.31168    1.61454  23.1%   108 6572s
 6399668 4187404    1.57153   51   33    1.31168    1.61443  23.1%   108 6575s
 6406589 4191461    1.58909   54   32    1.31168    1.61425  23.1%   108 6582s
 6410142 4193494    1.36076   49   34    1.31168    1.61415  23.1%   108 6585s
 6417620 4197847    1.33984   42   39    1.31168    1.61395  23.0%   108 6592s
 6421082 4199802    1.57243   57   24    1.31168    1.61386  23.0%   108 6595s
 6428175 4203953    1.58429   53   32    1.31168    1.61367  23.0%   108 6601s
 6431802 4205928     cutoff   43         1.31168    1.61357  23.0%   108 6605s
 6438936 4210203    1.48529   43   44    1.31168    1.61338  23.0%   108 6611s
 6442560 4212194     cutoff   50         1.31168    1.61329  23.0%   108 6615s
 6450182 4216582    1.55079   46   41    1.31168    1.61308  23.0%   108 6621s
 6457423 4220465     cutoff   52         1.31168    1.61289  23.0%   108 6628s
 6460938 4222513    1.61279   59   25    1.31168    1.61280  23.0%   108 6631s
 6467925 4226723     cutoff   51         1.31168    1.61261  22.9%   108 6637s
 6471650 4229040    1.49625   48   40    1.31168    1.61251  22.9%   108 6641s
 6479231 4233281    1.59927   54   32    1.31168    1.61231  22.9%   108 6647s
 6482777 4235348    1.57246   55   27    1.31168    1.61221  22.9%   108 6650s
 6489785 4239435    1.60101   52   34    1.31168    1.61204  22.9%   108 6656s
 6496874 4243460    1.46478   59   27    1.31168    1.61184  22.9%   108 6663s
 6500470 4245582     cutoff   48         1.31168    1.61174  22.9%   108 6666s
 6508049 4249799    1.55916   59   24    1.31168    1.61154  22.9%   108 6672s
 6511735 4251793    1.58976   51   34    1.31168    1.61144  22.9%   108 6676s
 6518730 4255790    1.44644   49   40    1.31168    1.61124  22.8%   108 6682s
 6522323 4257808    1.54589   45   41    1.31168    1.61114  22.8%   108 6685s
 6529368 4261796    1.60688   53   29    1.31168    1.61095  22.8%   108 6691s
 6536450 4266086    1.57593   56   32    1.31168    1.61076  22.8%   108 6698s
 6540442 4268086    1.58681   50   36    1.31168    1.61065  22.8%   108 6701s
 6547617 4272158     cutoff   52         1.31168    1.61046  22.8%   108 6707s
 6551144 4274231     cutoff   60         1.31168    1.61036  22.8%   108 6710s
 6558333 4278225    1.43947   49   32    1.31168    1.61017  22.8%   108 6716s
 6561785 4280400     cutoff   39         1.31168    1.61008  22.7%   108 6720s
 6569548 4284749    1.55404   52   31    1.31168    1.60988  22.7%   108 6727s
 6573162 4286719    1.38977   58   28    1.31168    1.60977  22.7%   108 6730s
 6580260 4290764    1.59638   58   24    1.31168    1.60960  22.7%   108 6736s
 6583850 4292727    1.48924   55   22    1.31168    1.60950  22.7%   108 6740s
 6590988 4296874    1.58611   38   43    1.31168    1.60931  22.7%   108 6746s
 6598458 4301314    1.45168   42   44    1.31168    1.60912  22.7%   108 6752s
 6602149 4303314    1.58368   54   31    1.31168    1.60903  22.7%   108 6755s
 6609186 4307331    1.56019   49   37    1.31168    1.60884  22.7%   108 6762s
 6612664 4309418    1.57919   56   33    1.31168    1.60875  22.6%   108 6765s
 6620092 4313552    1.50867   46   38    1.31168    1.60856  22.6%   108 6771s
 6623598 4315802    1.56083   56   27    1.31168    1.60848  22.6%   107 6775s
 6631176 4319826    1.49092   48   40    1.31168    1.60828  22.6%   107 6781s
 6638189 4323896    1.43323   48   37    1.31168    1.60809  22.6%   107 6787s
 6641633 4325974    1.51359   58   29    1.31168    1.60800  22.6%   107 6791s
 6648919 4329845     cutoff   59         1.31168    1.60782  22.6%   107 6797s
 6652281 4331916    1.41112   57   29    1.31168    1.60772  22.6%   107 6800s
 6659671 4336386    1.55062   53   35    1.31168    1.60753  22.6%   107 6807s
 6663572 4338512    1.58014   55   31    1.31168    1.60743  22.5%   107 6810s
 6670721 4342560    1.56284   48   37    1.31168    1.60725  22.5%   107 6817s
 6674434 4344685    1.49546   54   29    1.31168    1.60714  22.5%   107 6820s
 6681420 4346652    1.43583   41   38    1.31168    1.60696  22.5%   107 6827s
 6681460 4346679    1.47844   50   34    1.31168    1.60695  22.5%   107 6830s
H6681461 4346679                       1.3116845    1.60695  22.5%   107 6833s
 6681497 4346786    1.55775   59   24    1.31168    1.60695  22.5%   107 6838s
 6681673 4346919    1.60582   50   34    1.31168    1.60694  22.5%   107 6843s
 6681904 4347145     cutoff   59         1.31168    1.60694  22.5%   107 6847s
 6682283 4347510     cutoff   48         1.31168    1.60694  22.5%   107 6851s
 6682919 4348032    1.54572   46   31    1.31168    1.60694  22.5%   107 6857s
 6683867 4348986     cutoff   43         1.31168    1.60693  22.5%   107 6862s
 6685545 4349916     cutoff   53         1.31168    1.60693  22.5%   107 6868s
 6687216 4352265    1.51836   60   28    1.31168    1.60693  22.5%   107 6875s
 6691364 4355264    1.44471   40   45    1.31168    1.60691  22.5%   107 6881s
 6696700 4357759    1.58149   54   25    1.31168    1.60687  22.5%   107 6886s
 6701143 4360244    1.34764   54   33    1.31168    1.60674  22.5%   107 6890s
 6709761 4365186    1.54324   49   37    1.31168    1.60641  22.5%   107 6899s
 6714051 4367722    1.54202   41   48    1.31168    1.60628  22.5%   107 6902s
 6718284 4369842    1.46550   57   28    1.31168    1.60613  22.4%   107 6906s
 6725651 4373907    1.56331   54   33    1.31168    1.60591  22.4%   107 6912s
 6729170 4375918     cutoff   62         1.31168    1.60581  22.4%   107 6916s
 6736136 4379873    1.60378   42   42    1.31168    1.60563  22.4%   107 6922s
 6739742 4381890    1.54107   51   35    1.31168    1.60553  22.4%   107 6926s
 6746877 4385913     cutoff   59         1.31168    1.60535  22.4%   107 6932s
 6750540 4388093    1.58755   53   36    1.31168    1.60525  22.4%   107 6936s
 6757950 4392119     cutoff   57         1.31168    1.60506  22.4%   107 6942s
 6761548 4394051    1.44757   39   45    1.31168    1.60497  22.4%   107 6946s
 6768811 4398150     cutoff   61         1.31168    1.60470  22.3%   107 6952s
 6772418 4400255    1.46606   42   39    1.31168    1.60460  22.3%   107 6955s
 6779650 4404549     cutoff   52         1.31168    1.60441  22.3%   107 6961s
 6783571 4406507    1.33977   50   31    1.31168    1.60431  22.3%   107 6965s
 6790674 4410589    1.41491   49   35    1.31168    1.60412  22.3%   107 6971s
 6797918 4414620    1.56134   51   32    1.31168    1.60394  22.3%   107 6977s
 6801506 4416558     cutoff   47         1.31168    1.60385  22.3%   107 6980s
 6808520 4420714    1.37140   56   22    1.31168    1.60367  22.3%   107 6987s
 6812438 4422693    1.40806   54   32    1.31168    1.60358  22.3%   107 6990s
 6819592 4426648    1.53900   53   35    1.31168    1.60339  22.2%   107 6996s
 6823069 4428621    1.56321   43   46    1.31168    1.60331  22.2%   107 7000s
 6830178 4432651    1.58706   55   31    1.31168    1.60312  22.2%   107 7006s
 6837565 4436864    1.47419   40   46    1.31168    1.60294  22.2%   107 7013s
 6841483 4438901    1.59584   51   33    1.31168    1.60284  22.2%   107 7016s
 6848610 4442759    1.34225   40   42    1.31168    1.60266  22.2%   107 7022s
 6852210 4444720     cutoff   47         1.31168    1.60257  22.2%   107 7026s
 6859454 4448827    1.47679   61   22    1.31168    1.60238  22.2%   107 7032s
 6863112 4450901    1.50800   47   34    1.31168    1.60228  22.2%   107 7036s
 6870586 4455178    1.48917   50   36    1.31168    1.60211  22.1%   107 7042s
 6874404 4457141    1.47555   49   37    1.31168    1.60201  22.1%   107 7045s
 6881436 4461257    1.45960   42   40    1.31168    1.60184  22.1%   107 7052s
 6888593 4465261     cutoff   46         1.31168    1.60165  22.1%   107 7057s
 6892177 4467268    1.49733   49   30    1.31168    1.60156  22.1%   107 7060s
 6899545 4471373    1.59052   51   31    1.31168    1.60138  22.1%   107 7067s
 6903370 4473514    1.54819   61   23    1.31168    1.60129  22.1%   107 7070s
 6910544 4477545    1.53276   56   31    1.31168    1.60112  22.1%   107 7076s
 6914179 4479488    1.54513   56   28    1.31168    1.60103  22.1%   107 7080s
 6921347 4483422    1.36767   57   29    1.31168    1.60084  22.0%   107 7086s
 6928868 4487657    1.55218   45   39    1.31168    1.60065  22.0%   107 7092s
 6932522 4489666     cutoff   58         1.31168    1.60057  22.0%   107 7096s
 6939482 4493747    1.56913   43   45    1.31168    1.60039  22.0%   107 7102s
 6943112 4495685    1.34613   63   25    1.31168    1.60031  22.0%   107 7105s
 6950308 4499572    1.52389   48   31    1.31168    1.60013  22.0%   107 7111s
 6953870 4501741     cutoff   49         1.31168    1.60005  22.0%   107 7115s
 6961360 4505803    1.55532   45   42    1.31168    1.59986  22.0%   107 7121s
 6968634 4509753    1.59165   48   38    1.31168    1.59967  22.0%   107 7127s
 6972204 4511685    1.59146   49   36    1.31168    1.59959  21.9%   107 7130s
 6979368 4515691    1.57652   52   34    1.31168    1.59940  21.9%   107 7137s
 6982984 4517850    1.42886   45   39    1.31168    1.59932  21.9%   107 7141s
 6990488 4521754     cutoff   57         1.31168    1.59912  21.9%   106 7147s
 6994064 4523865    1.53213   45   40    1.31168    1.59903  21.9%   106 7150s
 7001345 4527944    1.54324   51   29    1.31168    1.59885  21.9%   106 7156s
 7008698 4532005     cutoff   62         1.31168    1.59868  21.9%   106 7163s
 7012201 4534359    1.54076   49   33    1.31168    1.59859  21.9%   106 7166s
 7019699 4538319    1.53987   53   34    1.31168    1.59841  21.9%   106 7173s
 7023256 4540262    1.57191   49   39    1.31168    1.59832  21.9%   106 7176s
 7030236 4544139    1.47132   46   43    1.31168    1.59815  21.8%   106 7182s
 7033909 4546171    1.53973   48   35    1.31168    1.59805  21.8%   106 7185s
 7041134 4550367    1.56799   46   42    1.31168    1.59786  21.8%   106 7192s
 7045144 4552320    1.52996   57   30    1.31168    1.59778  21.8%   106 7195s
 7052275 4556317    1.50902   60   30    1.31168    1.59760  21.8%   106 7202s
 7055931 4558257    1.57830   53   28    1.31168    1.59751  21.8%   106 7205s
 7062976 4562141     cutoff   62         1.31168    1.59733  21.8%   106 7211s
 7070046 4566277    1.55857   42   44    1.31168    1.59716  21.8%   106 7218s
 7073962 4568337    1.50286   49   29    1.31168    1.59706  21.8%   106 7221s
 7077603 4570335    1.53747   56   32    1.31168    1.59697  21.7%   106 7225s
 7084965 4574178     cutoff   60         1.31168    1.59681  21.7%   106 7231s
 7092014 4578218    1.53562   45   48    1.31168    1.59663  21.7%   106 7237s
 7095637 4580072    1.35091   55   38    1.31168    1.59654  21.7%   106 7241s
 7100340 4582326    1.57782   39   46    1.31168    1.59645  21.7%   106 7245s
 7106517 4586091    1.48237   57   34    1.31168    1.59627  21.7%   106 7251s
 7113607 4589876    1.46780   44   43    1.31168    1.59609  21.7%   106 7257s
 7117127 4591814    1.55835   54   30    1.31168    1.59601  21.7%   106 7261s
 7124417 4595636    1.58116   53   37    1.31168    1.59584  21.7%   106 7267s
 7127903 4597824    1.50070   56   28    1.31168    1.59575  21.7%   106 7271s
 7135471 4601726    1.59415   57   22    1.31168    1.59557  21.6%   106 7277s
 7138965 4603722     cutoff   53         1.31168    1.59549  21.6%   106 7281s
 7146125 4607551     cutoff   62         1.31168    1.59532  21.6%   106 7287s
 7149622 4609581     cutoff   37         1.31168    1.59523  21.6%   106 7290s
 7156832 4613781    1.57644   54   33    1.31168    1.59506  21.6%   106 7297s
 7160832 4615708    1.53740   58   23    1.31168    1.59496  21.6%   106 7300s
 7167977 4619801    1.59164   56   27    1.31168    1.59479  21.6%   106 7307s
 7171580 4621835     cutoff   56         1.31168    1.59470  21.6%   106 7310s
 7178760 4625843    1.45327   51   35    1.31168    1.59453  21.6%   106 7317s
 7182228 4627781    1.36058   46   33    1.31168    1.59444  21.6%   106 7320s
 7189818 4631816    1.53364   50   38    1.31168    1.59427  21.5%   106 7327s
 7193250 4633780    1.59414   51   39    1.31168    1.59418  21.5%   106 7330s
 7200494 4637664    1.53976   55   31    1.31168    1.59401  21.5%   106 7336s
 7204029 4639635     cutoff   60         1.31168    1.59392  21.5%   106 7340s
 7211231 4643542     cutoff   49         1.31168    1.59374  21.5%   106 7346s
 7214830 4645745    1.58657   56   29    1.31168    1.59366  21.5%   106 7350s
 7222364 4649783    1.55426   43   42    1.31168    1.59348  21.5%   106 7357s
 7226092 4651688     cutoff   51         1.31168    1.59340  21.5%   106 7360s
 7233167 4655540    1.58284   56   26    1.31168    1.59322  21.5%   106 7366s
 7236651 4657609    1.51956   53   31    1.31168    1.59314  21.5%   106 7370s
 7243942 4661733    1.39899   55   24    1.31168    1.59296  21.4%   106 7377s
 7248016 4663560     cutoff   61         1.31168    1.59287  21.4%   106 7380s
 7255195 4667287    1.39876   64   25    1.31168    1.59269  21.4%   106 7387s
 7258677 4669343    1.58863   55   32    1.31168    1.59261  21.4%   106 7390s
 7265932 4673253     cutoff   41         1.31168    1.59243  21.4%   106 7396s
 7269570 4675202    1.54892   54   34    1.31168    1.59234  21.4%   106 7400s
 7277230 4679313     cutoff   59         1.31168    1.59216  21.4%   106 7407s
 7280817 4681349     cutoff   52         1.31168    1.59208  21.4%   106 7410s
 7288190 4685328     cutoff   53         1.31168    1.59191  21.4%   106 7416s
 7291685 4687251    1.52395   48   32    1.31168    1.59183  21.4%   106 7420s
 7298888 4691113     cutoff   62         1.31168    1.59166  21.3%   106 7426s
 7302437 4693266    1.45246   56   33    1.31168    1.59157  21.3%   106 7430s
 7310109 4697235    1.56866   41   47    1.31168    1.59139  21.3%   106 7436s
 7317488 4701213     cutoff   46         1.31168    1.59122  21.3%   106 7442s
 7321022 4703168    1.58055   56   30    1.31168    1.59113  21.3%   106 7446s
 7328338 4707355    1.45666   46   40    1.31168    1.59097  21.3%   106 7452s
 7332071 4709533    1.57452   60   25    1.31168    1.59089  21.3%   106 7456s
 7339572 4713269     cutoff   47         1.31168    1.59071  21.3%   106 7462s
 7343069 4715253 infeasible   53         1.31168    1.59062  21.3%   106 7466s
 7350151 4719207    1.57152   58   22    1.31168    1.59046  21.3%   106 7472s
 7353889 4721209    1.44122   42   45    1.31168    1.59038  21.2%   106 7475s
 7361224 4725348    1.43987   46   40    1.31168    1.59021  21.2%   106 7482s
 7365217 4727282    1.51584   52   33    1.31168    1.59011  21.2%   106 7485s
 7372520 4731243    1.54225   49   37    1.31168    1.58994  21.2%   105 7492s
 7376110 4733195    1.54887   48   44    1.31168    1.58986  21.2%   105 7495s
 7383102 4737019    1.52700   58   27    1.31168    1.58969  21.2%   105 7501s
 7390034 4740918    1.54596   56   31    1.31168    1.58953  21.2%   105 7507s
 7393712 4743016    1.55791   57   30    1.31168    1.58945  21.2%   105 7511s
 7401268 4747184     cutoff   54         1.31168    1.58928  21.2%   105 7517s
 7404934 4749165    1.52794   43   44    1.31168    1.58919  21.2%   105 7521s
 7412021 4753173     cutoff   50         1.31168    1.58902  21.1%   105 7527s
 7415677 4755094    1.54747   55   32    1.31168    1.58895  21.1%   105 7530s
 7422803 4759099     cutoff   56         1.31168    1.58878  21.1%   105 7537s
 7426659 4761225    1.52314   52   36    1.31168    1.58869  21.1%   105 7540s
 7434056 4765125     cutoff   52         1.31168    1.58851  21.1%   105 7546s
 7437550 4766969    1.40509   47   39    1.31168    1.58844  21.1%   105 7550s
 7444728 4770925    1.47804   57   27    1.31168    1.58827  21.1%   105 7556s
 7451835 4774886    1.56317   49   36    1.31168    1.58811  21.1%   105 7563s
 7455622 4777040    1.58754   54   30    1.31168    1.58802  21.1%   105 7566s
 7463010 4780850    1.46642   55   29    1.31168    1.58785  21.1%   105 7573s
 7466494 4782888    1.58435   56   29    1.31168    1.58777  21.0%   105 7576s
 7473790 4786757    1.57794   46   37    1.31168    1.58761  21.0%   105 7582s
 7477371 4788803    1.56887   52   34    1.31168    1.58753  21.0%   105 7586s
 7485008 4793004    1.53909   57   26    1.31168    1.58737  21.0%   105 7592s
 7488512 4794903    1.55298   56   31    1.31168    1.58729  21.0%   105 7596s
 7495536 4798770    1.55304   44   43    1.31168    1.58712  21.0%   105 7602s
 7499157 4800844    1.48636   50   36    1.31168    1.58704  21.0%   105 7605s
 7506342 4804721     cutoff   53         1.31168    1.58687  21.0%   105 7612s
 7509815 4806658    1.57859   55   32    1.31168    1.58680  21.0%   105 7615s
 7517461 4810726    1.56278   41   43    1.31168    1.58662  21.0%   105 7621s
 7521043 4812604    1.51984   43   43    1.31168    1.58654  21.0%   105 7625s
 7528141 4816477    1.55091   55   36    1.31168    1.58638  20.9%   105 7631s
 7535184 4820342    1.47904   47   40    1.31168    1.58622  20.9%   105 7637s
 7538731 4822271    1.39502   61   26    1.31168    1.58614  20.9%   105 7640s
 7545736 4826368    1.56508   50   39    1.31168    1.58598  20.9%   105 7647s
 7549813 4828110    1.32505   45   31    1.31168    1.58589  20.9%   105 7650s
 7556618 4832040     cutoff   42         1.31168    1.58573  20.9%   105 7657s
 7560237 4833837    1.53389   47   31    1.31168    1.58566  20.9%   105 7660s
 7567395 4837765     cutoff   62         1.31168    1.58549  20.9%   105 7666s
 7574487 4841781    1.58492   56   22    1.31168    1.58532  20.9%   105 7672s
 7578027 4843933    1.33527   53   35    1.31168    1.58524  20.9%   105 7676s
 7585584 4847738    1.58467   63   17    1.31168    1.58508  20.8%   105 7682s
 7589169 4849685     cutoff   54         1.31168    1.58500  20.8%   105 7686s
 7596463 4853753     cutoff   56         1.31168    1.58483  20.8%   105 7692s
 7599967 4855735    1.57642   54   29    1.31168    1.58475  20.8%   105 7695s
 7607152 4859779    1.47841   49   36    1.31168    1.58458  20.8%   105 7702s
 7611019 4861697    1.50581   54   33    1.31168    1.58449  20.8%   105 7705s
 7618405 4865735    1.49711   43   48    1.31168    1.58434  20.8%   105 7712s
 7621945 4867627    1.57142   44   38    1.31168    1.58425  20.8%   105 7715s
 7629087 4871466     cutoff   48         1.31168    1.58410  20.8%   105 7721s
 7636189 4875321    1.49741   51   31    1.31168    1.58394  20.8%   105 7728s
 7640038 4877337    1.57896   56   27    1.31168    1.58385  20.7%   105 7731s
 7647315 4881283     cutoff   61         1.31168    1.58369  20.7%   105 7738s
 7651008 4883206    1.50849   57   27    1.31168    1.58361  20.7%   105 7741s
 7658213 4887117     cutoff   50         1.31168    1.58346  20.7%   105 7747s
 7661642 4889111    1.57666   51   38    1.31168    1.58338  20.7%   105 7751s
 7669113 4893102    1.52639   60   30    1.31168    1.58323  20.7%   105 7757s
 7672667 4895003    1.57387   50   38    1.31168    1.58314  20.7%   105 7760s
 7679688 4898922    1.50213   41   40    1.31168    1.58299  20.7%   105 7767s
 7683304 4900816    1.55153   62   22    1.31168    1.58291  20.7%   105 7770s
 7690595 4904683     cutoff   55         1.31168    1.58274  20.7%   105 7777s
 7694098 4906768    1.50432   54   30    1.31168    1.58266  20.7%   105 7780s
 7701600 4910732    1.45766   46   36    1.31168    1.58250  20.6%   105 7787s
 7705137 4912733    1.58185   43   44    1.31168    1.58242  20.6%   105 7790s
 7712372 4916449    1.34241   45   42    1.31168    1.58226  20.6%   105 7797s
 7715767 4918378    1.35156   49   40    1.31168    1.58218  20.6%   105 7800s
 7722930 4922288     cutoff   50         1.31168    1.58203  20.6%   105 7807s
 7726542 4924590    1.33589   58   25    1.31168    1.58194  20.6%   105 7810s
 7734157 4928368    1.51166   53   32    1.31168    1.58179  20.6%   105 7817s
 7737665 4930264    1.57432   53   35    1.31168    1.58171  20.6%   105 7820s
 7744714 4934033    1.50300   49   36    1.31168    1.58156  20.6%   105 7827s
 7748207 4936023    1.39277   56   26    1.31168    1.58149  20.6%   105 7830s
 7755414 4940017    1.55361   55   22    1.31168    1.58133  20.6%   105 7837s
 7760514 4941966     cutoff   49         1.31168    1.58124  20.6%   105 7840s
 7766650 4945796    1.55906   58   30    1.31168    1.58109  20.5%   105 7846s
 7773501 4949536     cutoff   50         1.31168    1.58094  20.5%   104 7853s
 7776994 4951468    1.46948   39   49    1.31168    1.58087  20.5%   104 7856s
 7784028 4955447    1.39527   49   38    1.31168    1.58071  20.5%   104 7862s
 7787857 4957678    1.52564   62   27    1.31168    1.58063  20.5%   104 7866s
 7795341 4961503     cutoff   61         1.31168    1.58047  20.5%   104 7872s
 7798950 4963430    1.52860   47   33    1.31168    1.58039  20.5%   104 7876s
 7805929 4967214    1.56410   53   33    1.31168    1.58023  20.5%   104 7882s
 7809578 4969071    1.57899   53   33    1.31168    1.58015  20.5%   104 7886s
 7816720 4972912    1.54228   50   32    1.31168    1.57999  20.5%   104 7893s
 7820536 4974727     cutoff   54         1.31168    1.57992  20.4%   104 7896s
 7827677 4978557    1.52080   49   33    1.31168    1.57975  20.4%   104 7903s
 7831343 4980433    1.56356   39   49    1.31168    1.57967  20.4%   104 7906s
 7838535 4984467     cutoff   40         1.31168    1.57951  20.4%   104 7913s
 7842104 4986420     cutoff   56         1.31168    1.57944  20.4%   104 7916s
 7849780 4990458     cutoff   45         1.31168    1.57928  20.4%   104 7922s
 7853188 4992481    1.56930   45   43    1.31168    1.57920  20.4%   104 7926s
 7860434 4996357    1.51735   49   42    1.31168    1.57905  20.4%   104 7932s
 7863987 4998160    1.47470   54   30    1.31168    1.57898  20.4%   104 7935s
 7871061 5002118     cutoff   50         1.31168    1.57882  20.4%   104 7941s
 7874668 5004178    1.57691   51   34    1.31168    1.57875  20.4%   104 7945s
 7882303 5008119    1.47880   55   23    1.31168    1.57859  20.3%   104 7951s
 7889324 5011813     cutoff   54         1.31168    1.57845  20.3%   104 7957s
 7892862 5013806    1.57518   53   34    1.31168    1.57836  20.3%   104 7960s
 7900074 5017608    1.55778   53   28    1.31168    1.57821  20.3%   104 7967s
 7903667 5019715    1.43433   54   35    1.31168    1.57814  20.3%   104 7970s
 7911213 5023519    1.53921   48   41    1.31168    1.57797  20.3%   104 7977s
 7914738 5025533    1.32008   54   31    1.31168    1.57789  20.3%   104 7980s
 7921969 5029380     cutoff   59         1.31168    1.57774  20.3%   104 7986s
 7925627 5031357    1.52849   51   31    1.31168    1.57766  20.3%   104 7990s
 7929264 5031425    1.47523   50   34    1.31168    1.57758  20.3%   104 7996s
 7929997 5032741     cutoff   52         1.31168    1.57757  20.3%   104 8006s
H7930277 5032741                       1.3116845    1.57757  20.3%   104 8007s
 7931899 5034526    1.50132   56   29    1.31168    1.57757  20.3%   104 8011s
 7938664 5038329    1.49867   43   42    1.31168    1.57754  20.3%   104 8018s
 7942354 5040266     cutoff   53         1.31168    1.57735  20.3%   104 8021s
 7949821 5044176     cutoff   48         1.31168    1.57715  20.2%   104 8028s
 7953490 5045956    1.45638   48   38    1.31168    1.57707  20.2%   104 8031s
 7957081 5047946     cutoff   54         1.31168    1.57699  20.2%   104 8035s
 7964339 5051953    1.54152   51   30    1.31168    1.57683  20.2%   104 8041s
 7968290 5053815    1.35611   61   24    1.31168    1.57675  20.2%   104 8045s
 7975369 5057563     cutoff   61         1.31168    1.57660  20.2%   104 8051s
 7982597 5061439    1.53215   53   29    1.31168    1.57645  20.2%   104 8057s
 7986202 5063373     cutoff   48         1.31168    1.57637  20.2%   104 8061s
 7993373 5067444    1.51779   49   39    1.31168    1.57622  20.2%   104 8067s
 7997264 5069336     cutoff   68         1.31168    1.57614  20.2%   104 8071s
 8004452 5073185    1.51500   53   37    1.31168    1.57598  20.1%   104 8077s
 8008129 5075052     cutoff   50         1.31168    1.57591  20.1%   104 8081s
 8015343 5078701     cutoff   46         1.31168    1.57576  20.1%   104 8087s
 8018837 5080553    1.51223   57   31    1.31168    1.57568  20.1%   104 8090s
 8026217 5084516    1.54213   58   28    1.31168    1.57552  20.1%   104 8097s
 8029844 5086429     cutoff   53         1.31168    1.57544  20.1%   104 8100s
 8036995 5090178    1.56477   58   27    1.31168    1.57530  20.1%   104 8107s
 8040410 5092086    1.52917   49   39    1.31168    1.57523  20.1%   104 8110s
 8047585 5095957    1.31999   59   25    1.31168    1.57507  20.1%   104 8117s
 8051186 5098012    1.33194   61   18    1.31168    1.57499  20.1%   104 8120s
 8058598 5101797    1.54614   62   23    1.31168    1.57484  20.1%   104 8127s
 8062301 5103709     cutoff   42         1.31168    1.57476  20.1%   104 8130s
 8069607 5107440    1.34453   57   26    1.31168    1.57460  20.0%   104 8137s
 8073059 5109213    1.53737   53   33    1.31168    1.57453  20.0%   104 8140s
 8080199 5113036    1.55634   53   33    1.31168    1.57438  20.0%   104 8147s
 8084041 5114853     cutoff   48         1.31168    1.57430  20.0%   104 8150s
 8091259 5118703     cutoff   50         1.31168    1.57414  20.0%   104 8157s
 8094803 5120677    1.53395   53   35    1.31168    1.57407  20.0%   104 8160s
 8101914 5124420     cutoff   50         1.31168    1.57392  20.0%   104 8167s
 8105547 5126338    1.53432   61   25    1.31168    1.57384  20.0%   104 8170s
 8113121 5130155    1.53796   56   30    1.31168    1.57369  20.0%   104 8177s
 8116492 5132059    1.52239   41   46    1.31168    1.57362  20.0%   104 8180s
 8123615 5135927    1.47024   49   38    1.31168    1.57347  20.0%   104 8187s
 8127388 5137831    1.49613   54   33    1.31168    1.57338  20.0%   104 8190s
 8134658 5141661    1.52011   60   30    1.31168    1.57323  19.9%   104 8196s
 8138192 5143703    1.54861   51   31    1.31168    1.57316  19.9%   104 8200s
 8145769 5147493     cutoff   61         1.31168    1.57300  19.9%   104 8207s
 8149243 5149346    1.54520   40   45    1.31168    1.57294  19.9%   104 8210s
 8156526 5153185    1.39459   60   28    1.31168    1.57278  19.9%   104 8217s
 8160131 5154972    1.57246   54   28    1.31168    1.57271  19.9%   104 8220s
 8167274 5158912     cutoff   50         1.31168    1.57256  19.9%   104 8227s
 8171124 5160862    1.54995   40   45    1.31168    1.57248  19.9%   104 8231s
 8178327 5164695    1.45966   50   32    1.31168    1.57234  19.9%   104 8238s
 8181834 5166620    1.54976   56   28    1.31168    1.57226  19.9%   104 8241s
 8189041 5170493    1.47962   46   39    1.31168    1.57211  19.9%   104 8247s
 8192732 5172292     cutoff   53         1.31168    1.57204  19.8%   104 8250s
 8200112 5176275     cutoff   46         1.31168    1.57189  19.8%   104 8257s
 8203833 5178185     cutoff   48         1.31168    1.57181  19.8%   103 8260s
 8211101 5181932     cutoff   60         1.31168    1.57166  19.8%   103 8267s
 8214594 5183881    1.53840   57   28    1.31168    1.57159  19.8%   103 8270s
 8221724 5187623    1.53878   55   27    1.31168    1.57144  19.8%   103 8276s
 8229074 5191494    1.49816   58   27    1.31168    1.57129  19.8%   103 8282s
 8232841 5193452    1.53165   48   38    1.31168    1.57121  19.8%   103 8285s
 8240019 5197179    1.52606   50   26    1.31168    1.57106  19.8%   103 8292s
 8243678 5199028    1.53448   49   35    1.31168    1.57099  19.8%   103 8295s
 8250801 5202751    1.32302   63   19    1.31168    1.57084  19.8%   103 8301s
 8254407 5204703    1.46917   61   23    1.31168    1.57077  19.8%   103 8305s
 8262044 5208493     cutoff   37         1.31168    1.57061  19.7%   103 8311s
 8269272 5212311    1.54390   47   40    1.31168    1.57046  19.7%   103 8317s
 8272835 5214195    1.55306   37   58    1.31168    1.57039  19.7%   103 8320s
 8279926 5217937     cutoff   59         1.31168    1.57024  19.7%   103 8327s
 8283422 5219948     cutoff   44         1.31168    1.57017  19.7%   103 8330s
 8290878 5223716    1.32458   53   32    1.31168    1.57003  19.7%   103 8337s
 8294587 5225494    1.55017   48   31    1.31168    1.56995  19.7%   103 8340s
 8301526 5229172    1.56692   60   23    1.31168    1.56981  19.7%   103 8347s
 8305077 5231109     cutoff   47         1.31168    1.56973  19.7%   103 8350s
 8312422 5235188    1.54393   60   23    1.31168    1.56959  19.7%   103 8357s
 8316368 5237088    1.38632   57   29    1.31168    1.56951  19.7%   103 8361s
 8323573 5240937    1.41845   46   38    1.31168    1.56937  19.6%   103 8367s
 8327191 5242854    1.51883   45   39    1.31168    1.56929  19.6%   103 8371s
 8334281 5246470    1.52476   54   30    1.31168    1.56916  19.6%   103 8377s
 8337832 5248214    1.51290   55   30    1.31168    1.56908  19.6%   103 8380s
 8344902 5252315    1.40187   55   22    1.31168    1.56895  19.6%   103 8387s
 8348907 5254177    1.54337   57   24    1.31168    1.56887  19.6%   103 8390s
 8355943 5257824    1.41809   42   34    1.31168    1.56873  19.6%   103 8397s
 8359534 5259777     cutoff   43         1.31168    1.56866  19.6%   103 8400s
 8366622 5263432    1.40321   57   27    1.31168    1.56852  19.6%   103 8406s
 8373730 5267078    1.55290   53   35    1.31168    1.56838  19.6%   103 8412s
 8377221 5269144    1.50815   58   23    1.31168    1.56830  19.6%   103 8416s
 8384706 5272701    1.49357   61   24    1.31168    1.56816  19.6%   103 8422s
 8388213 5274563     cutoff   61         1.31168    1.56809  19.5%   103 8426s
 8395442 5278207    1.54047   53   37    1.31168    1.56795  19.5%   103 8432s
 8398929 5280121    1.52248   58   32    1.31168    1.56787  19.5%   103 8435s
 8406121 5284018    1.52516   40   44    1.31168    1.56773  19.5%   103 8443s
 8410025 5285903    1.45584   64   19    1.31168    1.56766  19.5%   103 8446s
 8417095 5289643    1.55341   55   34    1.31168    1.56752  19.5%   103 8452s
 8420732 5291633    1.49175   43   43    1.31168    1.56745  19.5%   103 8456s
 8428001 5295290     cutoff   58         1.31168    1.56730  19.5%   103 8462s
 8431512 5297124    1.53352   58   28    1.31168    1.56723  19.5%   103 8465s
 8439001 5301009    1.47020   47   37    1.31168    1.56709  19.5%   103 8472s
 8442546 5302912    1.41848   56   29    1.31168    1.56702  19.5%   103 8476s
 8449675 5306503    1.48939   47   45    1.31168    1.56688  19.5%   103 8482s
 8453292 5308394    1.47944   61   26    1.31168    1.56681  19.4%   103 8485s
 8460550 5312153    1.45190   57   29    1.31168    1.56667  19.4%   103 8492s
 8464136 5314233    1.56617   56   32    1.31168    1.56660  19.4%   103 8495s
 8471694 5318025    1.40629   57   24    1.31168    1.56645  19.4%   103 8502s
 8475280 5319861    1.55797   54   32    1.31168    1.56638  19.4%   103 8505s
 8482366 5323516    1.47705   48   40    1.31168    1.56624  19.4%   103 8512s
 8485937 5325219    1.56580   58   22    1.31168    1.56617  19.4%   103 8515s
 8493017 5329172    1.48777   56   28    1.31168    1.56602  19.4%   103 8522s
 8496926 5330954    1.38999   63   17    1.31168    1.56595  19.4%   103 8526s
 8504115 5334770    1.52096   59   27    1.31168    1.56580  19.4%   103 8532s
 8507755 5336601    1.47227   40   46    1.31168    1.56574  19.4%   103 8535s
 8514899 5340209    1.41026   54   31    1.31168    1.56559  19.4%   103 8542s
 8518500 5342009    1.43133   63   25    1.31168    1.56552  19.4%   103 8545s
 8525894 5345803    1.52563   46   41    1.31168    1.56537  19.3%   103 8552s
 8529592 5347561    1.36436   50   39    1.31168    1.56529  19.3%   103 8555s
 8536713 5351135    1.56467   53   30    1.31168    1.56515  19.3%   103 8562s
 8540290 5353045    1.45347   49   39    1.31168    1.56508  19.3%   103 8565s
 8547518 5356740     cutoff   54         1.31168    1.56494  19.3%   103 8572s
 8551214 5358830    1.45784   60   23    1.31168    1.56486  19.3%   103 8575s
 8558736 5362612    1.44452   44   40    1.31168    1.56472  19.3%   103 8582s
 8562422 5364511    1.56453   51   36    1.31168    1.56465  19.3%   103 8585s
 8569588 5368235    1.52345   59   25    1.31168    1.56451  19.3%   103 8592s
 8573307 5369988    1.50849   56   22    1.31168    1.56444  19.3%   103 8595s
 8580354 5373825     cutoff   55         1.31168    1.56430  19.3%   103 8601s
 8584220 5375718     cutoff   61         1.31168    1.56422  19.3%   103 8605s
 8591482 5379365    1.50650   51   33    1.31168    1.56408  19.2%   103 8611s
 8594969 5381137     cutoff   59         1.31168    1.56402  19.2%   103 8615s
 8602158 5384722    1.52011   47   34    1.31168    1.56387  19.2%   103 8621s
 8609238 5388636    1.35339   61   21    1.31168    1.56374  19.2%   103 8628s
 8613184 5390367    1.53785   58   29    1.31168    1.56366  19.2%   103 8631s
 8620308 5394005     cutoff   62         1.31168    1.56353  19.2%   103 8637s
 8623915 5395782    1.43296   57   29    1.31168    1.56346  19.2%   103 8641s
 8631060 5399339    1.51659   48   33    1.31168    1.56331  19.2%   103 8647s
 8634524 5401235    1.40820   56   31    1.31168    1.56325  19.2%   103 8650s
 8641989 5405209    1.48640   52   35    1.31168    1.56311  19.2%   103 8657s
 8645702 5407008    1.49993   55   25    1.31168    1.56304  19.2%   103 8660s
 8652663 5410581    1.56114   57   26    1.31168    1.56291  19.2%   103 8667s
 8656291 5412357     cutoff   45         1.31168    1.56284  19.1%   103 8670s
 8663340 5416113     cutoff   45         1.31168    1.56271  19.1%   102 8677s
 8667085 5418238     cutoff   58         1.31168    1.56263  19.1%   102 8680s
 8674745 5421977    1.37448   52   32    1.31168    1.56249  19.1%   102 8687s
 8678256 5423757    1.35914   60   27    1.31168    1.56242  19.1%   102 8690s
 8685293 5427427    1.53217   55   27    1.31168    1.56229  19.1%   102 8697s
 8688793 5429262    1.51065   48   42    1.31168    1.56222  19.1%   102 8700s
 8696019 5433139    1.32540   57   31    1.31168    1.56209  19.1%   102 8707s
 8699976 5434861    1.42689   62   16    1.31168    1.56201  19.1%   102 8710s
 8707129 5438361    1.55789   56   31    1.31168    1.56187  19.1%   102 8716s
 8714149 5441847    1.55974   53   35    1.31168    1.56174  19.1%   102 8722s
 8717639 5443602    1.53342   52   36    1.31168    1.56168  19.1%   102 8726s
 8724793 5447364    1.47603   52   34    1.31168    1.56154  19.0%   102 8732s
 8728409 5449266    1.51971   60   27    1.31168    1.56146  19.0%   102 8736s
 8735958 5452851    1.54284   52   33    1.31168    1.56133  19.0%   102 8742s
 8739488 5454611     cutoff   53         1.31168    1.56125  19.0%   102 8745s
 8746547 5458209    1.55428   46   40    1.31168    1.56112  19.0%   102 8752s
 8750090 5460049    1.50821   56   23    1.31168    1.56105  19.0%   102 8755s
 8757106 5463599    1.37628   58   23    1.31168    1.56092  19.0%   102 8762s
 8760771 5465599    1.51430   46   39    1.31168    1.56084  19.0%   102 8765s
 8768136 5469217    1.36947   47   36    1.31168    1.56070  19.0%   102 8772s
 8771767 5470945    1.55149   57   32    1.31168    1.56064  19.0%   102 8775s
 8778917 5474670    1.50157   48   39    1.31168    1.56050  19.0%   102 8781s
 8782461 5476450    1.53646   50   36    1.31168    1.56044  19.0%   102 8785s
 8789635 5480272    1.52458   57   32    1.31168    1.56030  19.0%   102 8791s
 8793537 5482070     cutoff   55         1.31168    1.56023  18.9%   102 8795s
 8800713 5485551     cutoff   60         1.31168    1.56009  18.9%   102 8801s
 8804192 5487389    1.51666   53   29    1.31168    1.56002  18.9%   102 8805s
 8811488 5490883    1.54267   60   27    1.31168    1.55988  18.9%   102 8811s
 8814928 5492721    1.53629   53   34    1.31168    1.55982  18.9%   102 8815s
 8822490 5496598    1.52694   59   25    1.31168    1.55967  18.9%   102 8822s
 8826135 5498492    1.42760   50   35    1.31168    1.55960  18.9%   102 8825s
 8833462 5502244    1.54752   58   26    1.31168    1.55947  18.9%   102 8832s
 8836977 5504146    1.54505   52   35    1.31168    1.55940  18.9%   102 8835s
 8844057 5507670    1.53678   55   28    1.31168    1.55926  18.9%   102 8842s
 8847723 5509555    1.52466   45   40    1.31168    1.55920  18.9%   102 8845s
 8855100 5513167    1.47920   57   28    1.31168    1.55906  18.9%   102 8852s
 8858793 5514992    1.55742   60   23    1.31168    1.55899  18.9%   102 8855s
 8865895 5518439    1.52671   50   37    1.31168    1.55885  18.8%   102 8861s
 8869409 5520324    1.54644   52   32    1.31168    1.55878  18.8%   102 8865s
 8876641 5524123    1.33379   58   29    1.31168    1.55865  18.8%   102 8872s
 8880513 5525996     cutoff   47         1.31168    1.55858  18.8%   102 8875s
 8887703 5529581    1.44290   52   31    1.31168    1.55844  18.8%   102 8882s
 8891227 5531423    1.48416   44   41    1.31168    1.55837  18.8%   102 8885s
 8898404 5535041    1.40994   58   28    1.31168    1.55824  18.8%   102 8892s
 8901963 5536790     cutoff   63         1.31168    1.55817  18.8%   102 8895s
 8909365 5540453    1.54556   53   34    1.31168    1.55803  18.8%   102 8902s
 8912846 5542315    1.55056   48   38    1.31168    1.55797  18.8%   102 8905s
 8920043 5545884    1.53872   60   25    1.31168    1.55783  18.8%   102 8912s
 8923699 5547763    1.55349   62   22    1.31168    1.55777  18.8%   102 8915s
 8930895 5551314    1.53964   39   49    1.31168    1.55763  18.8%   102 8922s
 8934437 5553185    1.55353   50   32    1.31168    1.55757  18.7%   102 8926s
 8938362 5553202     cutoff   48         1.31168    1.55749  18.7%   102 8930s
H8938418 5553228                       1.3116845    1.55749  18.7%   102 8935s
 8938591 5553385    1.55739   51   30    1.31168    1.55748  18.7%   102 8943s
 8938762 5553491     cutoff   49         1.31168    1.55748  18.7%   102 8947s
 8938969 5553625    1.52214   56   30    1.31168    1.55748  18.7%   102 8952s
 8939214 5554118     cutoff   59         1.31168    1.55748  18.7%   102 8957s
 8940205 5555440    1.36452   53   22    1.31168    1.55747  18.7%   102 8964s
 8942868 5557741    1.52135   62   25    1.31168    1.55747  18.7%   102 8972s
 8947240 5560530    1.47716   64   22    1.31168    1.55747  18.7%   102 8979s
 8952889 5563230    1.49047   45   34    1.31168    1.55744  18.7%   102 8984s
 8958247 5565638    1.54061   58   28    1.31168    1.55736  18.7%   102 8989s
 8962943 5567843    1.51569   59   28    1.31168    1.55724  18.7%   102 8993s
 8967405 5569657    1.48105   57   28    1.31168    1.55709  18.7%   102 8997s
 8971137 5571473    1.42801   62   22    1.31168    1.55698  18.7%   102 9000s
 8978299 5575148     cutoff   58         1.31168    1.55680  18.7%   102 9007s
 8981990 5576987     cutoff   46         1.31168    1.55673  18.7%   102 9010s
 8985631 5578801    1.50767   29   62    1.31168    1.55667  18.7%   102 9016s
 8992679 5582402    1.52000   58   29    1.31168    1.55654  18.7%   102 9022s
 8996310 5584909    1.49105   55   25    1.31168    1.55642  18.7%   102 9027s
 9001468 5587254    1.49293   54   31    1.31168    1.55633  18.7%   102 9031s
 9006080 5589704     cutoff   58         1.31168    1.55623  18.6%   102 9036s
 9011025 5592231    1.54790   47   39    1.31168    1.55614  18.6%   102 9040s
 9016066 5594637    1.53204   50   33    1.31168    1.55605  18.6%   102 9045s
 9025613 5599493    1.53280   49   32    1.31168    1.55588  18.6%   102 9053s
 9030653 5601959    1.50309   54   28    1.31168    1.55578  18.6%   102 9058s
 9035454 5604477    1.42153   48   39    1.31168    1.55569  18.6%   102 9062s
 9040401 5606948     cutoff   51         1.31168    1.55559  18.6%   102 9067s
 9045318 5609309    1.46384   47   37    1.31168    1.55551  18.6%   102 9071s
 9050156 5611851    1.33021   62   26    1.31168    1.55542  18.6%   102 9076s
 9055132 5614567    1.49927   47   43    1.31168    1.55533  18.6%   102 9080s
 9060477 5616854     cutoff   60         1.31168    1.55524  18.6%   102 9085s
 9069874 5621637    1.41046   61   24    1.31168    1.55506  18.6%   102 9093s
 9074639 5624181    1.54763   58   28    1.31168    1.55497  18.5%   102 9098s
 9079534 5626574    1.51103   51   37    1.31168    1.55488  18.5%   102 9102s
 9084413 5629351    1.41789   45   36    1.31168    1.55479  18.5%   102 9107s
 9089863 5631750    1.47412   46   37    1.31168    1.55469  18.5%   102 9111s
 9094766 5634148    1.48118   56   30    1.31168    1.55460  18.5%   102 9116s
 9099668 5636647     cutoff   48         1.31168    1.55451  18.5%   102 9120s
 9109447 5641424    1.45377   58   26    1.31168    1.55433  18.5%   102 9129s
 9114197 5644153     cutoff   50         1.31168    1.55424  18.5%   102 9133s
 9119545 5646507     cutoff   61         1.31168    1.55414  18.5%   102 9138s
 9124333 5648913    1.43853   60   27    1.31168    1.55405  18.5%   102 9142s
 9129426 5651324    1.34321   38   49    1.31168    1.55396  18.5%   102 9146s
 9134238 5653830    1.47181   52   31    1.31168    1.55387  18.5%   102 9151s
 9139233 5656149    1.46226   49   36    1.31168    1.55379  18.5%   102 9155s
 9144038 5658725     cutoff   50         1.31168    1.55370  18.5%   101 9160s
 9149405 5661086    1.37817   52   33    1.31168    1.55360  18.4%   101 9165s
 9159035 5665803    1.55261   56   26    1.31168    1.55342  18.4%   101 9173s
 9163886 5668258    1.48322   51   35    1.31168    1.55334  18.4%   101 9178s
 9168878 5670627    1.52894   40   43    1.31168    1.55325  18.4%   101 9182s
 9173678 5673277     cutoff   64         1.31168    1.55316  18.4%   101 9187s
 9178978 5675643    1.43834   54   33    1.31168    1.55306  18.4%   101 9191s
 9183794 5678157    1.45762   51   33    1.31168    1.55298  18.4%   101 9196s
 9188726 5680632     cutoff   64         1.31168    1.55289  18.4%   101 9200s
 9198774 5685483    1.46176   64   23    1.31168    1.55270  18.4%   101 9208s
 9203556 5688233    1.50399   59   24    1.31168    1.55262  18.4%   101 9213s
 9208846 5690590    1.49957   56   26    1.31168    1.55252  18.4%   101 9217s
 9213610 5692836    1.47114   45   40    1.31168    1.55244  18.4%   101 9221s
 9218367 5695229     cutoff   49         1.31168    1.55235  18.3%   101 9226s
 9223180 5697564    1.46010   50   40    1.31168    1.55226  18.3%   101 9230s
 9228043 5699962    1.53330   57   29    1.31168    1.55217  18.3%   101 9235s
 9238103 5704787    1.46253   48   43    1.31168    1.55199  18.3%   101 9243s
 9242973 5707299    1.54078   65   19    1.31168    1.55190  18.3%   101 9247s
 9247794 5709709     cutoff   42         1.31168    1.55182  18.3%   101 9251s
 9252676 5712109     cutoff   52         1.31168    1.55173  18.3%   101 9255s
 9262273 5716996    1.53769   56   29    1.31168    1.55155  18.3%   101 9264s
 9267579 5719378    1.53565   59   29    1.31168    1.55146  18.3%   101 9268s
 9272318 5721614    1.45059   48   37    1.31168    1.55137  18.3%   101 9272s
 9277024 5723875    1.54598   56   25    1.31168    1.55129  18.3%   101 9276s
 9281656 5726382    1.48940   53   33    1.31168    1.55120  18.3%   101 9280s
 9291425 5731214    1.46396   53   34    1.31168    1.55103  18.2%   101 9289s
 9296616 5733737    1.43731   63   22    1.31168    1.55094  18.2%   101 9293s
 9301500 5736123     cutoff   55         1.31168    1.55085  18.2%   101 9298s
 9306140 5738678    1.33157   61   19    1.31168    1.55076  18.2%   101 9302s
 9311031 5741090    1.49189   48   40    1.31168    1.55068  18.2%   101 9306s
 9315890 5743526    1.38391   63   20    1.31168    1.55059  18.2%   101 9310s
 9320658 5746218    1.54244   60   21    1.31168    1.55051  18.2%   101 9315s
 9330473 5750884    1.33827   60   24    1.31168    1.55033  18.2%   101 9323s
 9335202 5753310    1.52904   57   31    1.31168    1.55024  18.2%   101 9327s
 9339975 5755633    1.54203   56   25    1.31168    1.55015  18.2%   101 9331s
 9344790 5757901    1.53268   52   30    1.31168    1.55007  18.2%   101 9335s
 9349538 5760505    1.53768   59   23    1.31168    1.54998  18.2%   101 9340s
 9359564 5765065     cutoff   50         1.31168    1.54981  18.2%   101 9348s
 9364116 5767338    1.51518   53   31    1.31168    1.54973  18.1%   101 9352s
 9368795 5769654    1.41998   63   23    1.31168    1.54965  18.1%   101 9356s
 9373467 5772054    1.50845   60   28    1.31168    1.54956  18.1%   101 9360s
 9382918 5776795    1.46440   46   35    1.31168    1.54939  18.1%   101 9369s
 9388010 5779155    1.45226   61   25    1.31168    1.54930  18.1%   101 9373s
 9392816 5781495     cutoff   62         1.31168    1.54921  18.1%   101 9377s
 9397561 5783609    1.51177   57   30    1.31168    1.54913  18.1%   101 9381s
 9402300 5785887    1.52788   54   31    1.31168    1.54904  18.1%   101 9385s
 9411860 5790676    1.44562   41   46    1.31168    1.54887  18.1%   101 9393s
 9416826 5793002    1.42041   57   26    1.31168    1.54878  18.1%   101 9397s
 9421595 5795225    1.50311   55   35    1.31168    1.54869  18.1%   101 9402s
 9426237 5797651    1.53303   56   30    1.31168    1.54860  18.1%   101 9406s
 9430928 5799811    1.48884   41   41    1.31168    1.54853  18.1%   101 9410s
 9440182 5804464    1.52504   54   32    1.31168    1.54835  18.0%   101 9418s
 9444935 5807060    1.53179   57   25    1.31168    1.54827  18.0%   101 9423s
 9450189 5809274    1.43847   58   27    1.31168    1.54818  18.0%   101 9427s
 9454805 5811469     cutoff   50         1.31168    1.54810  18.0%   101 9431s
 9459293 5813728    1.52241   48   31    1.31168    1.54802  18.0%   101 9435s
 9468352 5818355    1.51981   57   29    1.31168    1.54786  18.0%   101 9443s
 9472953 5820696    1.34424   46   29    1.31168    1.54778  18.0%   101 9447s
 9477738 5823133    1.44513   47   39    1.31168    1.54769  18.0%   101 9451s
 9487529 5827581    1.46497   47   38    1.31168    1.54752  18.0%   101 9458s
 9492039 5829881    1.49811   47   41    1.31168    1.54745  18.0%   101 9461s
 9496587 5832160    1.45253   57   27    1.31168    1.54736  18.0%   101 9465s
 9505910 5836628     cutoff   57         1.31168    1.54720  18.0%   101 9472s
 9510475 5839182    1.43791   60   27    1.31168    1.54712  17.9%   101 9476s
 9515523 5841469     cutoff   49         1.31168    1.54702  17.9%   101 9480s
 9524614 5845972    1.52568   53   27    1.31168    1.54686  17.9%   101 9488s
 9529213 5848145    1.42819   62   22    1.31168    1.54678  17.9%   101 9492s
 9533656 5850415    1.46752   62   20    1.31168    1.54670  17.9%   101 9496s
 9538349 5852656     cutoff   58         1.31168    1.54662  17.9%   101 9500s
 9547833 5857344    1.50450   41   35    1.31168    1.54645  17.9%   101 9508s
 9552673 5859637    1.41130   48   28    1.31168    1.54637  17.9%   101 9512s
 9557365 5861965    1.52533   45   40    1.31168    1.54629  17.9%   101 9516s
 9561962 5864214     cutoff   41         1.31168    1.54620  17.9%   101 9520s
 9571095 5868617    1.44825   63   18    1.31168    1.54604  17.9%   101 9527s
 9575442 5871038    1.52494   54   29    1.31168    1.54597  17.9%   101 9532s
 9580541 5873245    1.48660   40   51    1.31168    1.54588  17.9%   101 9535s
 9585070 5875486    1.40350   57   25    1.31168    1.54580  17.8%   101 9540s
 9594139 5879713    1.54135   50   35    1.31168    1.54564  17.8%   101 9547s
 9598560 5881973     cutoff   60         1.31168    1.54557  17.8%   101 9551s
 9603178 5884235     cutoff   59         1.31168    1.54549  17.8%   101 9555s
 9607641 5886598    1.51987   57   30    1.31168    1.54541  17.8%   101 9560s
 9617261 5890974     cutoff   64         1.31168    1.54525  17.8%   101 9567s
 9621694 5893112     cutoff   58         1.31168    1.54516  17.8%   101 9571s
 9626073 5894331     cutoff   61         1.31168    1.54509  17.8%   101 9577s
H9628520 5895777                       1.3116845    1.54509  17.8%   101 9584s
H9628781 5895777                       1.3116845    1.54508  17.8%   101 9585s
H9629664 5895777                       1.3116846    1.54508  17.8%   101 9585s
 9635306 5899432    1.47470   56   29    1.31168    1.54505  17.8%   101 9593s
 9639096 5901083    1.53815   58   30    1.31168    1.54497  17.8%   101 9596s
 9642580 5902896    1.45800   54   34    1.31168    1.54490  17.8%   101 9600s
 9649856 5906302    1.54422   46   40    1.31168    1.54478  17.8%   100 9607s
 9653448 5908081     cutoff   59         1.31168    1.54471  17.8%   100 9610s
 9660585 5911444    1.45971   54   28    1.31168    1.54459  17.8%   100 9618s
 9664054 5913054    1.49965   63   19    1.31168    1.54451  17.8%   100 9621s
 9667625 5914824    1.39474   55   31    1.31168    1.54446  17.7%   100 9629s
 9671321 5916705     cutoff   58         1.31168    1.54438  17.7%   100 9632s
 9675029 5918363    1.46508   49   38    1.31168    1.54432  17.7%   100 9635s
 9682010 5921685    1.50893   53   32    1.31168    1.54418  17.7%   100 9642s
 9685421 5923366    1.53462   53   23    1.31168    1.54412  17.7%   100 9645s
 9692664 5926754    1.40941   48   43    1.31168    1.54399  17.7%   100 9651s
 9699824 5930307    1.43568   53   27    1.31168    1.54384  17.7%   100 9657s
 9703562 5932186    1.37068   54   23    1.31168    1.54378  17.7%   100 9660s
 9710995 5935628    1.50682   34   52    1.31168    1.54365  17.7%   100 9666s
 9718125 5938893     cutoff   49         1.31168    1.54352  17.7%   100 9672s
 9721609 5940715     cutoff   58         1.31168    1.54346  17.7%   100 9675s
 9728680 5944007     cutoff   51         1.31168    1.54334  17.7%   100 9681s
 9732204 5945661     cutoff   49         1.31168    1.54327  17.7%   100 9685s
 9739388 5949063    1.54266   58   23    1.31168    1.54315  17.6%   100 9691s
 9746516 5952534    1.47592   51   32    1.31168    1.54303  17.6%   100 9697s
 9750197 5954196     cutoff   44         1.31168    1.54297  17.6%   100 9701s
 9757419 5957742    1.47043   56   29    1.31168    1.54284  17.6%   100 9707s
 9760885 5959886     cutoff   49         1.31168    1.54275  17.6%   100 9710s
 9768009 5962175    1.50237   57   28    1.31168    1.54264  17.6%   100 9715s
 9774627 5966294    1.48544   41   42    1.31168    1.54249  17.6%   100 9722s
 9778931 5968212    1.49313   36   47    1.31168    1.54241  17.6%   100 9725s
 9787440 5972405    1.49936   57   32    1.31168    1.54226  17.6%   100 9733s
 9791742 5974427    1.53779   55   33    1.31168    1.54219  17.6%   100 9736s
 9796072 5976803     cutoff   67         1.31168    1.54211  17.6%   100 9740s
 9805221 5980810    1.39378   48   41    1.31168    1.54196  17.6%   100 9747s
 9809504 5982785    1.53872   57   22    1.31168    1.54188  17.5%   100 9751s
 9813667 5984960    1.36051   43   41    1.31168    1.54181  17.5%   100 9755s
 9822443 5988996     cutoff   63         1.31168    1.54166  17.5%   100 9762s
 9826794 5991390    1.38321   45   40    1.31168    1.54159  17.5%   100 9766s
 9835833 5995370     cutoff   46         1.31168    1.54143  17.5%   100 9773s
 9840172 5997532    1.46240   57   26    1.31168    1.54135  17.5%   100 9776s
 9844495 5999482    1.53867   57   31    1.31168    1.54128  17.5%   100 9780s
 9853108 6003549    1.44679   56   31    1.31168    1.54113  17.5%   100 9787s
 9857193 6005802     cutoff   62         1.31168    1.54106  17.5%   100 9791s
 9866321 6010026    1.53470   49   36    1.31168    1.54091  17.5%   100 9798s
 9870641 6011978     cutoff   46         1.31168    1.54083  17.5%   100 9801s
 9874777 6013982    1.51747   56   29    1.31168    1.54076  17.5%   100 9805s
 9883391 6018016    1.46779   45   37    1.31168    1.54062  17.5%   100 9812s
 9887682 6020272    1.35242   60   23    1.31168    1.54055  17.4%   100 9816s
 9892244 6022445     cutoff   60         1.31168    1.54047  17.4%   100 9820s
 9901063 6026538     cutoff   47         1.31168    1.54032  17.4%   100 9827s
 9905331 6028589    1.49545   49   35    1.31168    1.54025  17.4%   100 9831s
 9909543 6030588    1.53826   55   30    1.31168    1.54018  17.4%   100 9835s
 9918176 6034759     cutoff   59         1.31168    1.54003  17.4%   100 9843s
 9922785 6036654    1.53164   51   36    1.31168    1.53995  17.4%   100 9846s
 9926837 6038826     cutoff   64         1.31168    1.53987  17.4%   100 9850s
 9935501 6042789    1.48905   57   30    1.31168    1.53973  17.4%   100 9858s
 9939642 6044895    1.52630   60   26    1.31168    1.53966  17.4%   100 9862s
 9943913 6046854    1.53385   46   40    1.31168    1.53959  17.4%   100 9865s
 9952916 6051053    1.48678   56   30    1.31168    1.53943  17.4%   100 9873s
 9957070 6053007     cutoff   58         1.31168    1.53936  17.4%   100 9877s
 9961456 6055033    1.48035   55   28    1.31168    1.53929  17.4%   100 9881s
 9969851 6058778    1.50523   48   37    1.31168    1.53914  17.3%   100 9888s
 9973661 6060776    1.53870   48   34    1.31168    1.53908  17.3%   100 9892s
 9977905 6062880    1.51575   48   37    1.31168    1.53900  17.3%   100 9896s
 9982329 6064933    1.50071   52   31    1.31168    1.53893  17.3%   100 9900s
 9990938 6068874    1.34426   46   38    1.31168    1.53878  17.3%   100 9907s
 9995069 6070949    1.43814   43   47    1.31168    1.53870  17.3%   100 9911s
 10003663 6075196    1.42444   65   19    1.31168    1.53857  17.3%   100 9918s
 10007937 6077422    1.52978   61   25    1.31168    1.53850  17.3%   100 9922s
 10012458 6079325    1.53692   57   27    1.31168    1.53842  17.3%   100 9925s
 10020875 6083169    1.53691   55   30    1.31168    1.53827  17.3%   100 9933s
 10024906 6085164    1.45192   51   37    1.31168    1.53821  17.3%   100 9936s
 10029235 6087126     cutoff   47         1.31168    1.53814  17.3%   100 9940s
 10037734 6091183    1.47155   51   33    1.31168    1.53799  17.3%   100 9947s
 10042231 6093257    1.45725   46   35    1.31168    1.53791  17.2%   100 9951s
 10046573 6095310     cutoff   59         1.31168    1.53784  17.2%   100 9955s
 10054803 6099228    1.44422   45   45    1.31168    1.53771  17.2%   100 9962s
 10058957 6101175     cutoff   64         1.31168    1.53763  17.2%   100 9965s
 10067140 6105141    1.50799   54   31    1.31168    1.53750  17.2%   100 9973s
 10071595 6107236    1.50723   58   22    1.31168    1.53743  17.2%   100 9977s
 10075696 6109298    1.39465   51   28    1.31168    1.53736  17.2%   100 9981s
 10083980 6113255     cutoff   50         1.31168    1.53722  17.2%   100 9988s
 10088387 6115149    1.45763   40   49    1.31168    1.53714  17.2%   100 9991s
 10092438 6117214     cutoff   57         1.31168    1.53707  17.2%   100 9995s
 10101034 6121183    1.46775   62   26    1.31168    1.53694  17.2%   100 10003s
 10105280 6123185    1.53681   56   30    1.31168    1.53686  17.2%   100 10006s
 10109449 6124989    1.49325   56   29    1.31168    1.53679  17.2%   100 10010s
 10117382 6128752    1.52307   57   24    1.31168    1.53666  17.2%   100 10017s
 10121437 6130704    1.45860   50   34    1.31168    1.53659  17.1%   100 10021s
 10125577 6132805    1.50414   53   35    1.31168    1.53652  17.1%   100 10025s
 10134125 6136649    1.37194   64   17    1.31168    1.53638  17.1%   100 10032s
 10138193 6138643    1.49977   50   39    1.31168    1.53632  17.1%   100 10035s
 10146298 6142500     cutoff   58         1.31168    1.53618  17.1%   100 10043s
 10150332 6144319    1.41556   49   38    1.31168    1.53611  17.1%   100 10046s
 10154372 6146056    1.53116   57   26    1.31168    1.53604  17.1%   100 10050s
 10162754 6150030     cutoff   44         1.31168    1.53590  17.1%   100 10058s
 10166818 6151826    1.43421   56   32    1.31168    1.53583  17.1%   100 10061s
 10170781 6153673    1.50216   57   27    1.31168    1.53576  17.1%   100 10065s
 10178853 6157580    1.37796   62   24    1.31168    1.53563  17.1%  99.5 10072s
 10182871 6159651    1.47870   55   32    1.31168    1.53556  17.1%  99.5 10076s
 10187048 6161331    1.46593   61   24    1.31168    1.53549  17.1%  99.5 10080s
 10195382 6165246    1.52111   45   44    1.31168    1.53535  17.1%  99.5 10087s
 10199434 6167099     cutoff   63         1.31168    1.53528  17.0%  99.4 10091s
 10207529 6170960    1.38794   62   22    1.31168    1.53515  17.0%  99.4 10098s
 10211605 6172801    1.47519   59   27    1.31168    1.53508  17.0%  99.4 10101s
 10215541 6174626    1.44754   54   35    1.31168    1.53502  17.0%  99.4 10105s
 10223572 6178566     cutoff   49         1.31168    1.53488  17.0%  99.4 10112s
 10227921 6180532     cutoff   56         1.31168    1.53481  17.0%  99.4 10116s
 10235948 6184101    1.48747   49   34    1.31168    1.53468  17.0%  99.4 10123s
 10239872 6185995    1.33902   60   25    1.31168    1.53462  17.0%  99.4 10126s
 10243784 6187891     cutoff   41         1.31168    1.53455  17.0%  99.4 10130s
 10251677 6191533     cutoff   50         1.31168    1.53442  17.0%  99.4 10137s
 10255744 6193519     cutoff   54         1.31168    1.53435  17.0%  99.3 10141s
 10263803 6197265     cutoff   63         1.31168    1.53422  17.0%  99.3 10148s
 10267949 6199106    1.50109   51   38    1.31168    1.53415  17.0%  99.3 10152s
 10271956 6201010    1.51940   47   39    1.31168    1.53409  17.0%  99.3 10156s
 10279851 6204612    1.33359   39   42    1.31168    1.53396  16.9%  99.3 10163s
 10283772 6206472     cutoff   35         1.31168    1.53389  16.9%  99.3 10166s
 10287833 6208330    1.52198   55   29    1.31168    1.53382  16.9%  99.3 10170s
 10296003 6212092    1.42684   57   32    1.31168    1.53368  16.9%  99.3 10178s
 10300104 6214023    1.34423   60   25    1.31168    1.53362  16.9%  99.3 10181s
 10304091 6215885     cutoff   64         1.31168    1.53355  16.9%  99.3 10185s
 10312038 6219626     cutoff   50         1.31168    1.53342  16.9%  99.2 10192s
 10315945 6221363     cutoff   62         1.31168    1.53336  16.9%  99.2 10195s
 10324134 6225204     cutoff   51         1.31168    1.53322  16.9%  99.2 10202s
 10328014 6226990     cutoff   62         1.31168    1.53315  16.9%  99.2 10205s
 10335817 6230499    1.44778   63   25    1.31168    1.53302  16.9%  99.2 10212s
 10339668 6232295    1.46038   53   22    1.31168    1.53296  16.9%  99.2 10216s
 10347418 6235995     cutoff   60         1.31168    1.53283  16.9%  99.2 10223s
 10351287 6237933    1.47344   47   39    1.31168    1.53276  16.9%  99.2 10227s
 10355644 6239672    1.44300   51   39    1.31168    1.53269  16.8%  99.2 10230s
 10363266 6243343    1.42593   45   39    1.31168    1.53256  16.8%  99.1 10238s
 10367106 6245098    1.49595   62   21    1.31168    1.53250  16.8%  99.1 10241s
 10371057 6246893    1.40014   60   20    1.31168    1.53243  16.8%  99.1 10245s
 10378650 6250397     cutoff   49         1.31168    1.53230  16.8%  99.1 10252s
 10382365 6252321    1.50199   55   28    1.31168    1.53225  16.8%  99.1 10256s
 10390424 6255994     cutoff   34         1.31168    1.53212  16.8%  99.1 10263s
 10394370 6257833    1.42974   49   33    1.31168    1.53205  16.8%  99.1 10267s
 10398287 6259647    1.50148   52   34    1.31168    1.53198  16.8%  99.1 10270s
 10405957 6263152     cutoff   43         1.31168    1.53186  16.8%  99.1 10277s
 10409734 6264887     cutoff   61         1.31168    1.53180  16.8%  99.1 10280s
 10417608 6268541    1.48597   48   33    1.31168    1.53167  16.8%  99.1 10288s
 10421428 6270200    1.37740   63   19    1.31168    1.53160  16.8%  99.0 10291s
 10425281 6271867    1.52430   59   25    1.31168    1.53154  16.8%  99.0 10295s
 10432917 6275232    1.50660   53   34    1.31168    1.53141  16.8%  99.0 10301s
 10436604 6276965     cutoff   53         1.31168    1.53135  16.7%  99.0 10305s
 10444297 6280648    1.52219   56   23    1.31168    1.53123  16.7%  99.0 10312s
 10448496 6282294     cutoff   48         1.31168    1.53116  16.7%  99.0 10315s
 10455854 6285648    1.49622   44   43    1.31168    1.53104  16.7%  99.0 10322s
 10459547 6287480    1.45768   49   39    1.31168    1.53098  16.7%  99.0 10325s
 10467186 6291024    1.49926   54   33    1.31168    1.53085  16.7%  99.0 10332s
 10471032 6292745     cutoff   58         1.31168    1.53079  16.7%  99.0 10335s
 10478878 6296334    1.47346   52   31    1.31168    1.53066  16.7%  98.9 10342s
 10482619 6298149     cutoff   48         1.31168    1.53059  16.7%  98.9 10346s
 10490329 6301562    1.51100   64   15    1.31168    1.53047  16.7%  98.9 10352s
 10494044 6303233     cutoff   55         1.31168    1.53041  16.7%  98.9 10355s
 10501363 6306582    1.50455   52   34    1.31168    1.53029  16.7%  98.9 10361s
 10504923 6308531    1.49673   52   28    1.31168    1.53023  16.7%  98.9 10365s
 10512754 6311990    1.36788   59   28    1.31168    1.53011  16.7%  98.9 10371s
 10516540 6313656     cutoff   48         1.31168    1.53005  16.6%  98.9 10375s
 10524024 6317070    1.52066   58   27    1.31168    1.52993  16.6%  98.9 10381s
 10531353 6320464    1.52216   60   25    1.31168    1.52981  16.6%  98.8 10388s
 10534992 6322385    1.49175   54   29    1.31168    1.52975  16.6%  98.8 10391s
 10539073 6324033    1.49073   57   30    1.31168    1.52969  16.6%  98.8 10395s
 10546481 6327460    1.48590   58   25    1.31168    1.52956  16.6%  98.8 10401s
 10553826 6330780    1.42011   50   37    1.31168    1.52945  16.6%  98.8 10408s
 10557578 6332411    1.50703   59   26    1.31168    1.52939  16.6%  98.8 10411s
 10564938 6336016    1.49752   54   34    1.31168    1.52927  16.6%  98.8 10418s
 10568874 6337766    1.39493   55   34    1.31168    1.52921  16.6%  98.8 10421s
 10572585 6339540    1.41057   52   32    1.31168    1.52914  16.6%  98.8 10425s
 10580120 6342973    1.35777   54   33    1.31168    1.52902  16.6%  98.8 10431s
 10587523 6346338    1.46162   63   22    1.31168    1.52890  16.6%  98.7 10438s
 10591201 6347998    1.50479   49   37    1.31168    1.52884  16.6%  98.7 10441s
 10594840 6349738    1.49310   53   33    1.31168    1.52879  16.6%  98.7 10445s
 10602149 6352876    1.51056   41   41    1.31168    1.52867  16.5%  98.7 10451s
 10605857 6354489     cutoff   45         1.31168    1.52860  16.5%  98.7 10455s
 10613372 6358030    1.42105   49   36    1.31168    1.52848  16.5%  98.7 10461s
 10617092 6359671     cutoff   57         1.31168    1.52842  16.5%  98.7 10465s
 10624338 6363158    1.49307   58   30    1.31168    1.52830  16.5%  98.7 10472s
 10628396 6364721     cutoff   47         1.31168    1.52824  16.5%  98.7 10475s
 10635470 6368025    1.45888   49   33    1.31168    1.52813  16.5%  98.7 10482s
 10638937 6369625    1.52804   60   20    1.31168    1.52807  16.5%  98.7 10485s
 10646283 6372893    1.44636   53   36    1.31168    1.52795  16.5%  98.6 10491s
 10649765 6374498     cutoff   60         1.31168    1.52790  16.5%  98.6 10495s
 10657279 6377845    1.43880   42   42    1.31168    1.52777  16.5%  98.6 10502s
 10660777 6379530    1.47513   54   33    1.31168    1.52771  16.5%  98.6 10505s
 10668055 6382871    1.46009   57   34    1.31168    1.52760  16.5%  98.6 10511s
 10671562 6384573    1.47868   54   32    1.31168    1.52754  16.5%  98.6 10515s
 10678719 6387739    1.51595   59   27    1.31168    1.52742  16.4%  98.6 10521s
 10682209 6389515    1.42866   51   32    1.31168    1.52737  16.4%  98.6 10525s
 10689722 6392677     cutoff   63         1.31168    1.52725  16.4%  98.6 10531s
 10696722 6395989     cutoff   66         1.31168    1.52714  16.4%  98.6 10537s
 10700139 6397740    1.52316   57   26    1.31168    1.52709  16.4%  98.5 10540s
 10707381 6401217     cutoff   49         1.31168    1.52697  16.4%  98.5 10546s
 10714579 6404747    1.39279   48   38    1.31168    1.52686  16.4%  98.5 10553s
 10718539 6406292    1.46875   52   31    1.31168    1.52680  16.4%  98.5 10556s
 10725567 6409513     cutoff   48         1.31168    1.52669  16.4%  98.5 10562s
 10729105 6411236     cutoff   57         1.31168    1.52663  16.4%  98.5 10566s
 10736296 6414343    1.50412   49   33    1.31168    1.52651  16.4%  98.5 10572s
 10739808 6415978     cutoff   57         1.31168    1.52646  16.4%  98.5 10575s
 10747052 6419368    1.45294   59   20    1.31168    1.52635  16.4%  98.5 10582s
 10754456 6422638    1.49264   54   30    1.31168    1.52623  16.4%  98.4 10587s
 10757917 6424255    1.47674   54   32    1.31168    1.52617  16.4%  98.4 10591s
 10765032 6427296    1.47202   40   46    1.31168    1.52606  16.3%  98.4 10597s
 10768647 6428918    1.48930   51   32    1.31168    1.52600  16.3%  98.4 10600s
 10775852 6432111    1.46608   62   23    1.31168    1.52588  16.3%  98.4 10607s
 10779484 6433957    1.42380   51   33    1.31168    1.52583  16.3%  98.4 10610s
 10786995 6437248    1.42780   57   24    1.31168    1.52571  16.3%  98.4 10617s
 10790557 6438944    1.47916   41   46    1.31168    1.52566  16.3%  98.4 10620s
 10797529 6442196     cutoff   52         1.31168    1.52555  16.3%  98.4 10626s
 10804605 6445359     cutoff   61         1.31168    1.52543  16.3%  98.4 10632s
 10808136 6447001    1.44568   52   32    1.31168    1.52538  16.3%  98.4 10636s
 10815635 6450325     cutoff   57         1.31168    1.52526  16.3%  98.3 10642s
 10819213 6451893     cutoff   46         1.31168    1.52520  16.3%  98.3 10645s
 10826322 6455079    1.47952   57   27    1.31168    1.52509  16.3%  98.3 10651s
 10833517 6458221    1.51393   60   28    1.31168    1.52498  16.3%  98.3 10657s
 10837009 6459842    1.44755   55   27    1.31168    1.52493  16.3%  98.3 10660s
 10843948 6463231    1.45360   43   46    1.31168    1.52481  16.2%  98.3 10667s
 10847966 6464703    1.51621   50   33    1.31168    1.52475  16.2%  98.3 10670s
 10854846 6467934    1.48381   46   29    1.31168    1.52464  16.2%  98.3 10676s
 10862053 6471080    1.51665   51   36    1.31168    1.52453  16.2%  98.3 10682s
 10865650 6472642    1.51268   41   47    1.31168    1.52447  16.2%  98.2 10686s
 10872652 6475748     cutoff   48         1.31168    1.52436  16.2%  98.2 10692s
 10876047 6477541    1.33332   49   38    1.31168    1.52431  16.2%  98.2 10695s
 10883479 6480712    1.47378   45   39    1.31168    1.52419  16.2%  98.2 10702s
 10887018 6482293     cutoff   55         1.31168    1.52414  16.2%  98.2 10705s
 10894194 6485585    1.51560   58   25    1.31168    1.52403  16.2%  98.2 10711s
 10901270 6488791    1.40656   63   23    1.31168    1.52392  16.2%  98.2 10717s
 10904851 6490463     cutoff   53         1.31168    1.52386  16.2%  98.2 10721s
 10912389 6493696    1.39174   60   25    1.31168    1.52374  16.2%  98.2 10727s
 10915843 6495361    1.43878   57   29    1.31168    1.52369  16.2%  98.2 10730s
 10922933 6498484    1.51159   60   23    1.31168    1.52358  16.2%  98.1 10736s
 10926463 6499972    1.46598   58   30    1.31168    1.52352  16.2%  98.1 10740s
 10933318 6503057     cutoff   56         1.31168    1.52342  16.1%  98.1 10746s
 10940516 6506417     cutoff   54         1.31168    1.52331  16.1%  98.1 10752s
 10944509 6507913    1.48416   47   41    1.31168    1.52325  16.1%  98.1 10756s
 10951437 6511200    1.50716   56   31    1.31168    1.52314  16.1%  98.1 10762s
 10954987 6512727    1.36591   47   36    1.31168    1.52309  16.1%  98.1 10765s
 10962038 6515895     cutoff   50         1.31168    1.52298  16.1%  98.1 10771s
 10969233 6519091     cutoff   58         1.31168    1.52287  16.1%  98.1 10778s
 10972782 6520865    1.48541   55   30    1.31168    1.52282  16.1%  98.1 10781s
 10976670 6522440     cutoff   44         1.31168    1.52275  16.1%  98.1 10785s
 10983822 6525564     cutoff   57         1.31168    1.52264  16.1%  98.0 10791s
 10990772 6528674     cutoff   48         1.31168    1.52254  16.1%  98.0 10797s
 10994317 6529954     cutoff   41         1.31168    1.52248  16.1%  98.0 10800s

Cutting planes:
  Gomory: 10
  Lift-and-project: 28
  Implied bound: 2
  Projected implied bound: 70
  MIR: 488
  Mixing: 1
  Flow cover: 598
  Relax-and-lift: 222

Explored 10997039 nodes (1077913436 simplex iterations) in 10803.46 seconds (19896.04 work units)
Thread count was 32 (of 255 available processors)

Solution count 10: 1.31168 1.31168 1.31168 ... 1.31168

Time limit reached
Best objective 1.311684558083e+00, best bound 1.522436149789e+00, gap 16.0672%

User-callback calls 22229850, time in user-callback 4.77 sec
source: 0 target: 5 model_arch: 3x50 perturbation type: patch perturbation size: [1.0, 14.0, 14.0, 3.0] dataset: fmnist
Attack:   0%|          | 0/500 [00:00<?, ?it/s]Attack:   0%|          | 1/500 [00:00<01:01,  8.07it/s]Attack:   6%|▌         | 29/500 [00:00<00:03, 152.16it/s]Attack:  11%|█▏        | 57/500 [00:00<00:02, 206.59it/s]Attack:  17%|█▋        | 85/500 [00:00<00:01, 233.95it/s]Attack:  23%|██▎       | 113/500 [00:00<00:01, 249.22it/s]Attack:  28%|██▊       | 141/500 [00:00<00:01, 259.01it/s]Attack:  34%|███▎      | 168/500 [00:00<00:01, 253.39it/s]Attack:  39%|███▉      | 194/500 [00:00<00:01, 253.24it/s]Attack:  44%|████▍     | 220/500 [00:00<00:01, 253.70it/s]Attack:  49%|████▉     | 246/500 [00:01<00:01, 252.89it/s]Attack:  55%|█████▍    | 273/500 [00:01<00:00, 255.70it/s]Attack:  60%|██████    | 301/500 [00:01<00:00, 262.27it/s]Attack:  66%|██████▋   | 332/500 [00:01<00:00, 274.74it/s]Attack:  72%|███████▏  | 362/500 [00:01<00:00, 281.55it/s]Attack:  78%|███████▊  | 391/500 [00:01<00:00, 279.09it/s]Attack:  84%|████████▍ | 420/500 [00:01<00:00, 280.31it/s]Attack:  90%|████████▉ | 449/500 [00:01<00:00, 281.42it/s]Attack:  96%|█████████▌| 478/500 [00:01<00:00, 281.02it/s]Attack: 100%|█████████▉| 499/500 [00:01<00:00, 256.08it/s]
best_val 2.3684232234954834
Set parameter WLSAccessID
Set parameter WLSSecret
Set parameter LicenseID to value 2478548
Academic license 2478548 - for non-commercial use only - registered to ne___@campus.technion.ac.il
Encoding the two copies...
apply_sibgate_constraints!: emitted 24 coupling lines (both-thin), 0 conditional triangles on org (org-dropped), 0 conditional triangles on pert (pert-dropped).
Encoding dependencies (activation_start=1, layers_offset=2)...
apply_n1_var_hints!: mode=VH_PREV_PGD, Start-consensus on 122 of 122 N2 binaries (pgd-silent-filled=68, pgd-agreed-nop=45, pgd-disagreed-withdrew=9, flipped=3, no-N1-match=0, Tech2-eliminated-but-survived=0)
1.311684558083309  1.5224361497892047  10803.493230104446
Clean sample classification: 1
Perturbed sample classification: 1

══ Advanced-standard: loading N1 state from /root/Downloads/for_dana/vaghar_org/paper_experiments_rerun/fashion-mnist/3x50_exp/patch/eps_1,14,14,3/n1_state_3x50_model_seed42_itr19 (c_tag=1, c_target=6) ══
load_n1_state: loaded from /root/Downloads/for_dana/vaghar_org/paper_experiments_rerun/fashion-mnist/3x50_exp/patch/eps_1,14,14,3/n1_state_3x50_model_seed42_itr19 (c_tag=1, c_target=6, 1910 vars, 170 neurons)

══ Advanced-standard PASS 2: solving N2 with N1 info (c_tag=1, c_target=6) ══
set_n1_neuron_bounds: loaded 170 neuron bounds from N1
compute_n2_pert_relaxation_bounds: populated 2 ReLU layers
compute_n2_relax_decision!: τ=0.5, both=24 org-only=0 pert-only=0 none=61 (plus 15 stable neurons)
[notice | Main.MIPVerify]: Determining upper and lower bounds for the input to each non-linear unit.
Set parameter WLSAccessID
Set parameter WLSSecret
Set parameter LicenseID to value 2478548
Academic license 2478548 - for non-commercial use only - registered to ne___@campus.technion.ac.il
Set parameter TimeLimit to value 5
Set parameter TimeLimit to value 5
Set parameter WLSAccessID
Set parameter WLSSecret
Set parameter LicenseID to value 2478548
Academic license 2478548 - for non-commercial use only - registered to ne___@campus.technion.ac.il
Set parameter MIPFocus to value 3
Set parameter Cutoff to value 2.3684232234954834e+00
Set parameter Threads to value 32
Set parameter TimeLimit to value 10800
Set parameter MIPGap to value 0.01
Set parameter Seed to value 4
Set parameter Seed to value 4
Set parameter MIPGap to value 0.01
Set parameter MIPFocus to value 3
Set parameter Cutoff to value 2.3684232234954834e+00
Set parameter Threads to value 32
Set parameter TimeLimit to value 10800
Warning for adding constraints: zero or small (< 1e-13) coefficients, ignored
Gurobi Optimizer version 13.0.0 build v13.0.0rc1 (linux64 - "Ubuntu 20.04.2 LTS")

CPU model: AMD EPYC 7713 64-Core Processor, instruction set [SSE2|AVX|AVX2]
Thread count: 127 physical cores, 255 logical processors, using up to 32 threads

Non-default parameters:
Cutoff  2.3684232234954834e+00
TimeLimit  10800
MIPGap  0.01
MIPFocus  3
Seed  4
Threads  32

Academic license 2478548 - for non-commercial use only - registered to ne___@campus.technion.ac.il
Optimize a model with 1671 rows, 1919 columns and 194511 nonzeros (Max)
Model fingerprint: 0x0d082f38
Model has 1 linear objective coefficients
Variable types: 1797 continuous, 122 integer (122 binary)
Coefficient statistics:
  Matrix range     [1e-13, 3e+01]
  Objective range  [1e+00, 1e+00]
  Bounds range     [1e-07, 3e+01]
  RHS range        [1e-11, 2e+01]

User MIP start produced solution with objective 2.78079 (0.26s)
User MIP start produced solution with objective 2.78079 (0.26s)
Loaded user MIP start with objective 2.78079

Presolve removed 1075 rows and 835 columns
Presolve time: 0.18s
Presolved: 596 rows, 1084 columns, 125825 nonzeros
Found heuristic solution: objective 2.7807889
Variable types: 962 continuous, 122 integer (122 binary)
Root relaxation presolve removed 0 rows and 2 columns
Root relaxation presolved: 596 rows, 1082 columns, 125823 nonzeros


Extra simplex iterations after uncrush: 1

Root relaxation: objective 8.833923e+00, 630 iterations, 0.10 seconds (0.10 work units)

    Nodes    |    Current Node    |     Objective Bounds      |     Work
 Expl Unexpl |  Obj  Depth IntInf | Incumbent    BestBd   Gap | It/Node Time

     0     0    8.83392    0   81    2.78079    8.83392   218%     -    0s
     0     0    7.57737    0   81    2.78079    7.57737   172%     -    1s
     0     0    7.57737    0   81    2.78079    7.57737   172%     -    1s
     0     0    7.29099    0   83    2.78079    7.29099   162%     -    1s
H    0     0                       2.7809070    7.29099   162%     -    1s
     0     0    7.20965    0   83    2.78091    7.20965   159%     -    2s
     0     0    7.20965    0   83    2.78091    7.20965   159%     -    2s
     0     0    7.03267    0   81    2.78091    7.03267   153%     -    2s
     0     0    7.03267    0   81    2.78091    7.03267   153%     -    2s
     0     0    6.48234    0   82    2.78091    6.48234   133%     -    3s
     0     0    6.48234    0   82    2.78091    6.48234   133%     -    3s
     0     0    6.18493    0   82    2.78091    6.18493   122%     -    4s
     0     0    6.18493    0   82    2.78091    6.18493   122%     -    4s
     0     2    6.18493    0   82    2.78091    6.18493   122%     -    5s
H  420   490                       2.7809750    5.60041   101%   344    9s
   489   524    5.28185    9   64    2.78098    5.56750   100%   341   10s
  1426  1474    3.80741   13   59    2.78098    4.88632  75.7%   325   15s
H 1507  1525                       2.8173625    4.84384  71.9%   325   15s
  2662  2732    3.67807   13   43    2.81736    4.59999  63.3%   307   20s
H 2674  2729                       2.8587641    4.59462  60.7%   307   20s
  3161  3109    3.06496    9   82    2.85876    4.50480  57.6%   301   36s
H 3169  2958                       2.8588543    4.50480  57.6%   300   40s
H 3170  2811                       2.8590300    4.50480  57.6%   300   42s
H 3170  2670                       2.8590470    4.50480  57.6%   300   42s
  3172  2671    4.17211    6   84    2.85905    4.50480  57.6%   300   45s
  3354  2827    4.50480   22   68    2.85905    4.50480  57.6%   307   50s
H 3454  2734                       2.8590470    4.50480  57.6%   314   51s
H 3476  2638                       2.8591902    4.50480  57.6%   316   52s
  3744  2815    4.42241   23   67    2.85919    4.50480  57.6%   334   55s
  4050  2979    3.45024   25   55    2.85919    4.43111  55.0%   354   60s
H 4205  2902                       2.8598386    4.37081  52.8%   360   61s
  4988  3285    4.07751   24   50    2.85984    4.20663  47.1%   375   65s
  5304  3363    4.05609   27   61    2.85984    4.12232  44.1%   383   70s
  5450  3424    3.95137   33   46    2.85984    4.07900  42.6%   387   75s
H 5492  3308                       2.9342359    4.06469  38.5%   389   77s
H 5505  3192                       2.9587946    4.05994  37.2%   389   77s
  5709  3292    3.45127   23   57    2.95879    4.03989  36.5%   391   80s
  5857  3343    3.84061   24   63    2.95879    3.99739  35.1%   394   85s
  5965  3392    3.15547   23   67    2.95879    3.97936  34.5%   396   91s
  6073  3442    3.52904   24   53    2.95879    3.96287  33.9%   399   96s
H 6098  3331                       2.9603981    3.95992  33.8%   399   96s
  6851  3767    3.87286   30   52    2.96040    3.91540  32.3%   397  100s
H 7615  3801                       2.9603981    3.87812  31.0%   395  103s
H 7668  3691                       2.9603981    3.87603  30.9%   395  103s
H 7921  3781                       2.9664248    3.86114  30.2%   393  104s
  8126  4042    3.77464   33   44    2.96642    3.84266  29.5%   393  106s
  9698  5058    3.65657   29   56    2.96642    3.70861  25.0%   382  110s
 11547  6165     cutoff   28         2.96642    3.63495  22.5%   371  115s
 13710  7454    3.30447   23   56    2.96642    3.54631  19.5%   360  120s
 16384  8870    3.40003   34   53    2.96642    3.46837  16.9%   346  126s
 18331 10033    3.35379   34   36    2.96642    3.42535  15.5%   337  130s
 21922 11288    3.31396   29   45    2.96642    3.35208  13.0%   320  137s
 22008 11415    3.04039   33   40    2.96642    3.34670  12.8%   320  142s
H22021 11291                       2.9780610    3.34670  12.4%   320  142s
 23529 12613    3.19864   35   35    2.97806    3.32652  11.7%   313  146s
 26426 14138    3.11619   31   39    2.97806    3.28188  10.2%   301  151s
 29598 15606    3.18374   36   47    2.97806    3.24375  8.92%   289  157s
 32906 16508    3.15588   37   36    2.97806    3.21192  7.85%   276  161s
 37080 17705    3.13926   38   24    2.97806    3.17389  6.58%   261  166s
 40419 18088     cutoff   35         2.97806    3.14955  5.76%   251  172s
 40522 18112    3.13757   46   22    2.97806    3.14740  5.69%   251  176s
 42278 18581    3.13081   60   14    2.97806    3.13864  5.39%   245  181s
 46767 19108    3.03112   37   29    2.97806    3.11333  4.54%   232  186s
 52412 19064     cutoff   47         2.97806    3.09077  3.78%   217  191s
 58942 18068    3.00519   46   32    2.97806    3.06798  3.02%   201  197s
 62249 17138     cutoff   63         2.97806    3.05635  2.63%   194  200s
 69562 14673    3.02075   42   37    2.97806    3.03755  2.00%   179  205s
 80506 10470    3.00980   64   14    2.97806    3.00983  1.07%   160  211s

Cutting planes:
  Gomory: 5
  Projected implied bound: 46
  MIR: 559
  Mixing: 2
  Flow cover: 468
  Relax-and-lift: 385

Explored 83548 nodes (12971008 simplex iterations) in 211.65 seconds (363.84 work units)
Thread count was 32 (of 255 available processors)

Solution count 10: 2.97806 2.97806 2.96642 ... 2.85919

Optimal solution found (tolerance 1.00e-02)
Best objective 2.978061022157e+00, best bound 3.003461041003e+00, gap 0.8529%

User-callback calls 193562, time in user-callback 0.06 sec
source: 0 target: 6 model_arch: 3x50 perturbation type: patch perturbation size: [1.0, 14.0, 14.0, 3.0] dataset: fmnist
Attack:   0%|          | 0/500 [00:00<?, ?it/s]Attack:   0%|          | 1/500 [00:00<00:56,  8.91it/s]Attack:   6%|▌         | 29/500 [00:00<00:02, 158.99it/s]Attack:  12%|█▏        | 59/500 [00:00<00:02, 219.78it/s]Attack:  18%|█▊        | 92/500 [00:00<00:01, 261.53it/s]Attack:  25%|██▌       | 126/500 [00:00<00:01, 288.95it/s]Attack:  31%|███       | 156/500 [00:00<00:01, 291.57it/s]Attack:  37%|███▋      | 186/500 [00:00<00:01, 286.56it/s]Attack:  43%|████▎     | 215/500 [00:00<00:01, 278.36it/s]Attack:  49%|████▊     | 243/500 [00:00<00:00, 277.26it/s]Attack:  54%|█████▍    | 272/500 [00:01<00:00, 281.01it/s]Attack:  61%|██████    | 303/500 [00:01<00:00, 288.59it/s]Attack:  67%|██████▋   | 333/500 [00:01<00:00, 290.23it/s]Attack:  73%|███████▎  | 364/500 [00:01<00:00, 294.07it/s]Attack:  79%|███████▉  | 396/500 [00:01<00:00, 299.12it/s]Attack:  86%|████████▌ | 429/500 [00:01<00:00, 306.23it/s]Attack:  92%|█████████▏| 461/500 [00:01<00:00, 307.70it/s]Attack:  99%|█████████▉| 494/500 [00:01<00:00, 312.69it/s]Attack: 100%|█████████▉| 499/500 [00:01<00:00, 281.45it/s]
best_val 0.39934879541397095
Set parameter WLSAccessID
Set parameter WLSSecret
Set parameter LicenseID to value 2478548
Academic license 2478548 - for non-commercial use only - registered to ne___@campus.technion.ac.il
Encoding the two copies...
apply_sibgate_constraints!: emitted 24 coupling lines (both-thin), 0 conditional triangles on org (org-dropped), 0 conditional triangles on pert (pert-dropped).
Encoding dependencies (activation_start=1, layers_offset=2)...
apply_n1_var_hints!: mode=VH_PREV_PGD, Start-consensus on 122 of 122 N2 binaries (pgd-silent-filled=88, pgd-agreed-nop=34, pgd-disagreed-withdrew=0, flipped=0, no-N1-match=0, Tech2-eliminated-but-survived=0)
2.9780610221570765  3.0034610410026916  211.66006994247437
Clean sample classification: 1
Perturbed sample classification: 1

══ Advanced-standard: loading N1 state from /root/Downloads/for_dana/vaghar_org/paper_experiments_rerun/fashion-mnist/3x50_exp/patch/eps_1,14,14,3/n1_state_3x50_model_seed42_itr19 (c_tag=1, c_target=7) ══
load_n1_state: loaded from /root/Downloads/for_dana/vaghar_org/paper_experiments_rerun/fashion-mnist/3x50_exp/patch/eps_1,14,14,3/n1_state_3x50_model_seed42_itr19 (c_tag=1, c_target=7, 1910 vars, 170 neurons)

══ Advanced-standard PASS 2: solving N2 with N1 info (c_tag=1, c_target=7) ══
set_n1_neuron_bounds: loaded 170 neuron bounds from N1
compute_n2_pert_relaxation_bounds: populated 2 ReLU layers
compute_n2_relax_decision!: τ=0.5, both=24 org-only=0 pert-only=0 none=61 (plus 15 stable neurons)
[notice | Main.MIPVerify]: Determining upper and lower bounds for the input to each non-linear unit.
Set parameter WLSAccessID
Set parameter WLSSecret
Set parameter LicenseID to value 2478548
Academic license 2478548 - for non-commercial use only - registered to ne___@campus.technion.ac.il
Set parameter TimeLimit to value 5
Set parameter TimeLimit to value 5
Set parameter WLSAccessID
Set parameter WLSSecret
Set parameter LicenseID to value 2478548
Academic license 2478548 - for non-commercial use only - registered to ne___@campus.technion.ac.il
Set parameter MIPFocus to value 3
Set parameter Cutoff to value 3.9934879541397095e-01
Set parameter Threads to value 32
Set parameter TimeLimit to value 10800
Set parameter MIPGap to value 0.01
Set parameter Seed to value 4
Set parameter Seed to value 4
Set parameter MIPGap to value 0.01
Set parameter MIPFocus to value 3
Set parameter Cutoff to value 3.9934879541397095e-01
Set parameter Threads to value 32
Set parameter TimeLimit to value 10800
Warning for adding constraints: zero or small (< 1e-13) coefficients, ignored
Gurobi Optimizer version 13.0.0 build v13.0.0rc1 (linux64 - "Ubuntu 20.04.2 LTS")

CPU model: AMD EPYC 7713 64-Core Processor, instruction set [SSE2|AVX|AVX2]
Thread count: 127 physical cores, 255 logical processors, using up to 32 threads

Non-default parameters:
Cutoff  3.9934879541397095e-01
TimeLimit  10800
MIPGap  0.01
MIPFocus  3
Seed  4
Threads  32

Academic license 2478548 - for non-commercial use only - registered to ne___@campus.technion.ac.il
Optimize a model with 1671 rows, 1919 columns and 194511 nonzeros (Max)
Model fingerprint: 0x021f07a8
Model has 1 linear objective coefficients
Variable types: 1797 continuous, 122 integer (122 binary)
Coefficient statistics:
  Matrix range     [1e-13, 3e+01]
  Objective range  [1e+00, 1e+00]
  Bounds range     [1e-07, 3e+01]
  RHS range        [1e-11, 2e+01]

User MIP start produced solution with objective 0.618367 (1.10s)
User MIP start produced solution with objective 0.637128 (1.10s)
User MIP start produced solution with objective 0.682935 (1.11s)
User MIP start produced solution with objective 0.682935 (1.11s)
Loaded user MIP start with objective 0.682935
Processed MIP start in 1.11 seconds (2.20 work units)

Presolve removed 1075 rows and 835 columns
Presolve time: 0.15s
Presolved: 596 rows, 1084 columns, 125825 nonzeros
Found heuristic solution: objective 0.6829345
Variable types: 962 continuous, 122 integer (122 binary)
Root relaxation presolve removed 0 rows and 2 columns
Root relaxation presolved: 596 rows, 1082 columns, 125823 nonzeros


Extra simplex iterations after uncrush: 1

Root relaxation: objective 4.795836e+00, 693 iterations, 0.11 seconds (0.12 work units)

    Nodes    |    Current Node    |     Objective Bounds      |     Work
 Expl Unexpl |  Obj  Depth IntInf | Incumbent    BestBd   Gap | It/Node Time

     0     0    4.79584    0   68    0.68293    4.79584   602%     -    1s
     0     0    4.27665    0   82    0.68293    4.27665   526%     -    2s
     0     0    4.27665    0   80    0.68293    4.27665   526%     -    2s
     0     0    4.10769    0   83    0.68293    4.10769   501%     -    2s
     0     0    3.89693    0   93    0.68293    3.89693   471%     -    2s
     0     0    3.89693    0   84    0.68293    3.89693   471%     -    3s
     0     0    3.76153    0   91    0.68293    3.76153   451%     -    3s
     0     0    3.65437    0   90    0.68293    3.65437   435%     -    3s
     0     0    3.65437    0   88    0.68293    3.65437   435%     -    4s
     0     0    3.48953    0   89    0.68293    3.48953   411%     -    4s
     0     0    3.47518    0   89    0.68293    3.47518   409%     -    4s
     0     0    3.47518    0   82    0.68293    3.47518   409%     -    5s
     0     0    3.39481    0   82    0.68293    3.39481   397%     -    5s
     0     0    3.39481    0   82    0.68293    3.39481   397%     -    5s
     0     2    3.39481    0   82    0.68293    3.39481   397%     -    6s
   212   260    2.72595    7   74    0.68293    3.07326   350%   421   10s
   616   642    2.40291    9   72    0.68293    2.60194   281%   472   15s
  1307  1359    2.26491    8   63    0.68293    2.42438   255%   421   20s
  1937  2072    2.28476    9   56    0.68293    2.36403   246%   389   25s
H 2042  2072                       0.6829345    2.35993   246%   382   25s
H 2557  2611                       0.6997104    2.33567   234%   365   28s
H 3054  3036                       0.6997625    2.32312   232%   350   45s
  3055  3037    1.99005   16   82    0.69976    2.32312   232%   350   50s
  3064  3043    1.96917   12   82    0.69976    2.32312   232%   349   56s
H 3064  2890                       0.6997625    2.32312   232%   349   56s
H 3064  2746                       0.6997780    2.32312   232%   349   57s
  3068  2752    2.32312   14   74    0.69978    2.32312   232%   349   60s
H 3176  2708                       0.6997780    2.32312   232%   360   64s
H 3188  2573                       0.6998270    2.32312   232%   361   64s
  3202  2626    2.32312   19   84    0.69983    2.32312   232%   363   65s
H 3439  2644                       0.7004273    2.32312   232%   384   69s
  3487  2672    2.28115   22   75    0.70043    2.32312   232%   387   70s
  3781  2858    2.22230   23   76    0.70043    2.32312   232%   401   75s
  3937  2954    2.20610   23   69    0.70043    2.32312   232%   407   80s
H 3981  2870                       0.7004273    2.32312   232%   409   82s
H 4002  2751                       0.7004273    2.32312   232%   410   82s
  4065  2814    2.10251   22   64    0.70043    2.31188   230%   412   85s
  4220  2929    2.08747   23   68    0.70043    2.27484   225%   415   90s
H 4421  2973                       0.7004273    2.24825   221%   418   94s
H 4504  2844                       0.7014719    2.24229   220%   417   94s
  4509  3052    2.11399   24   75    0.70147    2.24027   219%   418   95s
  5633  3605    2.06371   22   67    0.70147    2.18083   211%   414  101s
  5732  3666    2.00462   24   67    0.70147    2.15121   207%   416  105s
H 5744  3566                       0.7222536    2.14905   198%   417  105s
  6378  4225    2.00261   24   70    0.72225    2.12480   194%   416  110s
H 7148  4407                       0.7222536    2.09512   190%   412  113s
  7421  4833    1.97227   24   76    0.72225    2.08243   188%   411  115s
  8665  5739    1.94132   24   67    0.72225    2.03985   182%   407  120s
 10310  7122    1.88941   25   63    0.72225    1.98812   175%   398  126s
 11770  8411    1.80779   24   76    0.72225    1.93944   169%   394  130s
 13605  9944    1.76380   26   66    0.72225    1.89965   163%   386  135s
H14371  9999                       0.7222536    1.88193   161%   384  142s
H14391  9999                       0.7222538    1.88006   160%   384  142s
 14406 10090    1.72146   25   60    0.72225    1.87911   160%   384  145s
H14440 10089                       0.7336573    1.87871   156%   384  145s
 16118 11928    1.73115   26   57    0.73366    1.85569   153%   378  150s
 18684 14014    1.71275   28   70    0.73366    1.82505   149%   369  157s
 20612 15624    1.38707   25   67    0.73366    1.80418   146%   364  161s
 22801 17387    1.64633   27   69    0.73366    1.78442   143%   358  165s
 25062 19284 infeasible   28         0.73366    1.76652   141%   352  170s
 27387 21343    1.66002   28   73    0.73366    1.75081   139%   347  175s
 28674 21374    1.52695   27   64    0.73366    1.74275   138%   344  180s
H28711 21393                       0.7428051    1.73912   134%   344  184s
H28727 21390                       0.7500460    1.73836   132%   344  184s
 28743 22459    1.62676   26   45    0.75005    1.73757   132%   344  186s
 30013 23892    1.64259   26   72    0.75005    1.72846   130%   342  190s
 32937 26235    1.65202   31   58    0.75005    1.70842   128%   338  195s
 35500 28441     cutoff   28         0.75005    1.68770   125%   336  201s
 38038 30912    1.60060   30   71    0.75005    1.67172   123%   334  208s
 39355 32304    1.57121   27   74    0.75005    1.66327   122%   333  211s
 40842 33720    1.56871   29   61    0.75005    1.65572   121%   332  215s
 44118 37033    1.57633   31   64    0.75005    1.63864   118%   329  222s
 45814 38829    1.55436   30   66    0.75005    1.62782   117%   328  226s
 47700 40621    1.56978   30   65    0.75005    1.62003   116%   326  230s
 51582 44483    1.48090   28   73    0.75005    1.60183   114%   324  238s
 53573 44522    1.42077   28   73    0.75005    1.59478   113%   323  246s
H53582 44522                       0.7500461    1.59373   112%   323  246s
H53586 44519                       0.7544496    1.59352   111%   323  246s
 53614 46507    1.47398   29   63    0.75445    1.59275   111%   323  251s
 55675 48643    1.48875   31   59    0.75445    1.58592   110%   322  256s
 57884 50989     cutoff   26         0.75445    1.57893   109%   321  261s
 60304 54125    1.47827   27   61    0.75445    1.57005   108%   319  267s
 63547 56522    1.47019   29   70    0.75445    1.56063   107%   317  272s
 66033 58896    1.49458   31   67    0.75445    1.55308   106%   316  278s
 68507 61451    1.50694   30   61    0.75445    1.54608   105%   315  283s
 71176 64105    1.46712   30   70    0.75445    1.53958   104%   314  289s
 73924 66862    1.48114   31   65    0.75445    1.53415   103%   313  295s
 76791 69661    1.37977   29   61    0.75445    1.52756   102%   312  301s
 79693 72438    1.38639   32   68    0.75445    1.52177   102%   312  307s
 82608 75804    1.40799   30   59    0.75445    1.51538   101%   311  314s
 86098 78953    1.46744   34   61    0.75445    1.50845   100%   310  320s
 89381 82850    1.33081   29   67    0.75445    1.50246  99.1%   309  328s
 93449 83122    1.37082   32   54    0.75445    1.49514  98.2%   309  339s
 93741 86727    1.46701   31   67    0.75445    1.49362  98.0%   308  346s
 97503 90021    1.43860   34   64    0.75445    1.48768  97.2%   308  353s
 100925 93453    1.39642   32   66    0.75445    1.48215  96.5%   307  361s
 104502 96842    1.35357   30   57    0.75445    1.47628  95.7%   306  367s
 108022 100029    1.44180   33   59    0.75445    1.47131  95.0%   306  374s
 111364 103190    1.32791   28   58    0.75445    1.46600  94.3%   305  381s
 114671 106321    1.35544   29   68    0.75445    1.46121  93.7%   305  387s
 117945 109552    1.37545   30   62    0.75445    1.45689  93.1%   304  394s
 121347 113158    1.35351   34   61    0.75445    1.45233  92.5%   303  402s
 125113 116409    1.38378   35   58    0.75445    1.44759  91.9%   303  409s
 128490 119603    1.38121   34   57    0.75445    1.44280  91.2%   302  415s
 131831 119633     cutoff   24         0.75445    1.43881  90.7%   302  426s
 131865 119665    1.20358   31   66    0.75445    1.43806  90.6%   302  435s
H131890 119665                       0.7544496    1.43783  90.6%   302  435s
H131894 119665                       0.7544496    1.43778  90.6%   302  435s
 131897 119918    1.37105   34   55    0.75445    1.43776  90.6%   302  444s
 132161 120155    1.37466   35   60    0.75445    1.43760  90.5%   302  459s
 132409 120390    1.34756   30   68    0.75445    1.43742  90.5%   302  479s
 132658 120700    1.37737   32   65    0.75445    1.43727  90.5%   302  494s
 132992 120969    1.39439   32   68    0.75445    1.43711  90.5%   302  505s
 133271 122110    1.36569   32   68    0.75445    1.43688  90.5%   302  516s
H134372 122110                       0.7544496    1.43662  90.4%   302  516s
 134483 123665    1.39585   32   70    0.75445    1.43660  90.4%   302  528s
 136117 126072    1.32368   29   62    0.75445    1.43623  90.4%   301  542s
 138649 130274    1.33431   30   72    0.75445    1.43567  90.3%   301  555s
 143076 133265    1.39075   32   69    0.75445    1.43442  90.1%   301  570s
H144361 133265                       0.7544496    1.43331  90.0%   301  570s
 146213 136610    1.40078   31   65    0.75445    1.43014  89.6%   300  582s
 149749 140245    1.37605   33   64    0.75445    1.42658  89.1%   300  595s
 153599 143503    1.33403   31   59    0.75445    1.42233  88.5%   300  609s
 157044 146711    1.34038   34   49    0.75445    1.41813  88.0%   299  619s
 160459 149869    1.21323   30   64    0.75445    1.41362  87.4%   299  628s
 163779 153111    1.32711   33   53    0.75445    1.40934  86.8%   299  638s
 167253 156284    1.34001   34   59    0.75445    1.40510  86.2%   298  650s
 170629 159817    1.28811   32   69    0.75445    1.40147  85.8%   298  659s
 174392 163087    1.26732   29   59    0.75445    1.39777  85.3%   298  668s
 177868 166744    1.37188   31   64    0.75445    1.39348  84.7%   298  676s
 181763 170348    1.33057   33   56    0.75445    1.39018  84.3%   297  684s
 185599 174669    1.31281   27   62    0.75445    1.38410  83.5%   297  693s
 190235 177789     cutoff   37         0.75445    1.38090  83.0%   297  700s
 193571 180815    1.24413   31   67    0.75445    1.37776  82.6%   296  706s
 196813 183754    1.32048   34   63    0.75445    1.37548  82.3%   296  712s
 199961 186802    1.17763   30   65    0.75445    1.37315  82.0%   296  719s
 203204 189925    1.31998   33   64    0.75445    1.37075  81.7%   296  726s
 206558 192898    1.31036   32   59    0.75445    1.36823  81.4%   295  732s
 209768 195863    1.34085   32   65    0.75445    1.36605  81.1%   295  739s
 212949 198989    1.29235   36   50    0.75445    1.36397  80.8%   295  745s
 216316 202920    1.14780   27   65    0.75445    1.36182  80.5%   295  754s
 220559 206173    1.30640   36   51    0.75445    1.35928  80.2%   294  761s
 224063 209167    1.30090   33   68    0.75445    1.35685  79.8%   294  768s
 227287 212149    1.29649   36   53    0.75445    1.35472  79.6%   294  775s
 230526 215282    1.22098   30   68    0.75445    1.35261  79.3%   294  781s
 233905 218325    1.29373   32   45    0.75445    1.35043  79.0%   293  788s
 237169 221383    1.16320   29   70    0.75445    1.34860  78.8%   293  795s
 240439 224249    1.25154   31   61    0.75445    1.34639  78.5%   293  802s
 243573 227458    1.26204   31   66    0.75445    1.34472  78.2%   293  808s
 247049 231543    1.26619   33   69    0.75445    1.34246  77.9%   292  816s
 251439 234309    1.08424   34   51    0.75445    1.34028  77.7%   292  823s
 254415 237457    1.30902   34   56    0.75445    1.33829  77.4%   292  830s
 257797 240510    1.26607   32   69    0.75445    1.33636  77.1%   292  836s
 261123 243369    1.27253   37   49    0.75445    1.33434  76.9%   292  843s
 264243 246428    1.23792   32   54    0.75445    1.33241  76.6%   292  849s
 267612 249480    1.32181   35   56    0.75445    1.33057  76.4%   291  856s
 270943 252467    1.23989   31   68    0.75445    1.32867  76.1%   291  863s
 274215 255448    0.81953   35   57    0.75445    1.32694  75.9%   291  869s
 277506 258938    1.29196   36   59    0.75445    1.32524  75.7%   291  878s
 281336 262364    1.26433   36   57    0.75445    1.32313  75.4%   291  885s
 285078 265452    1.14674   31   72    0.75445    1.32134  75.1%   291  892s
 288482 268582    1.25839   33   55    0.75445    1.31948  74.9%   290  898s
 291931 271532    1.25405   35   63    0.75445    1.31780  74.7%   290  905s
 295141 274491    1.17904   33   57    0.75445    1.31615  74.5%   290  911s
 298363 277405    1.27058   36   58    0.75445    1.31461  74.2%   290  918s
 301599 280191    1.24231   36   52    0.75445    1.31285  74.0%   290  925s
 304637 283251    1.25799   35   62    0.75445    1.31130  73.8%   290  931s
 308009 287001    1.24730   32   58    0.75445    1.30968  73.6%   290  939s
 312140 289891    1.17972   29   69    0.75445    1.30761  73.3%   290  946s
 315334 292791    1.03368   34   59    0.75445    1.30599  73.1%   289  953s
 318524 295829    1.23398   33   67    0.75445    1.30440  72.9%   289  959s
 321859 298745    1.24976   36   60    0.75445    1.30292  72.7%   289  966s
 325073 301582    1.23671   33   71    0.75445    1.30138  72.5%   289  973s
 328250 304596    1.20085   28   71    0.75445    1.29993  72.3%   289  979s
 331605 307313    1.22454   33   56    0.75445    1.29844  72.1%   289  986s
 334583 310372    1.20030   32   71    0.75445    1.29731  72.0%   289  993s
 337971 313964    1.11105   29   58    0.75445    1.29575  71.7%   289 1001s
 341960 316762    1.05549   35   52    0.75445    1.29409  71.5%   289 1007s
 345054 319865    1.14339   34   63    0.75445    1.29281  71.4%   289 1014s
 348474 322881    1.24438   34   65    0.75445    1.29153  71.2%   289 1021s
 351824 325803    1.04541   35   54    0.75445    1.29027  71.0%   288 1027s
 355065 328813    1.19641   29   60    0.75445    1.28887  70.8%   288 1034s
 358403 331611    1.25618   37   50    0.75445    1.28761  70.7%   288 1041s
 361562 334526    1.23966   34   66    0.75445    1.28651  70.5%   288 1047s
 364806 337337    1.01436   37   52    0.75445    1.28512  70.3%   288 1054s
 367978 340815    1.08899   38   47    0.75445    1.28398  70.2%   288 1062s
 371898 343756    1.23693   37   55    0.75445    1.28259  70.0%   288 1069s
 375151 346638    1.05751   31   67    0.75445    1.28127  69.8%   288 1076s
 378414 349658    1.22401   35   62    0.75445    1.27995  69.7%   288 1082s
 381768 352473    1.23008   34   64    0.75445    1.27878  69.5%   288 1089s
 384925 355569    0.93279   31   64    0.75445    1.27748  69.3%   288 1096s
 388349 358567    1.23675   36   63    0.75445    1.27630  69.2%   287 1103s
 391711 361272    1.11264   36   53    0.75445    1.27504  69.0%   287 1109s
 394760 364270    1.24819   35   54    0.75445    1.27381  68.8%   287 1116s
 398116 367821    1.21518   37   53    0.75445    1.27267  68.7%   287 1124s
 402074 370745    1.14807   35   64    0.75445    1.27121  68.5%   287 1130s
 405302 373552    1.03913   35   53    0.75445    1.26995  68.3%   287 1137s
 408435 376420    1.20454   34   66    0.75445    1.26896  68.2%   287 1144s
 411696 379180    1.18065   37   52    0.75445    1.26772  68.0%   287 1151s
 414788 381962    1.18559   34   65    0.75445    1.26664  67.9%   287 1158s
 417966 384916    1.22215   38   51    0.75445    1.26556  67.7%   287 1165s
 421303 387962    1.22322   35   58    0.75445    1.26427  67.6%   287 1172s
 424763 390730    1.18093   32   74    0.75445    1.26307  67.4%   286 1179s
 427912 394103    1.18923   33   55    0.75445    1.26208  67.3%   286 1186s
 431701 394142    1.21648   34   62    0.75445    1.26062  67.1%   286 1197s
H431717 394142                       0.7544496    1.26057  67.1%   286 1197s
 431742 394585    1.13531   30   66    0.75445    1.26052  67.1%   286 1206s
 432257 396104    1.21029   33   54    0.75445    1.26045  67.1%   286 1217s
 433959 399227    1.20245   33   57    0.75445    1.26039  67.1%   286 1233s
H434808 399227                       0.7544496    1.26035  67.1%   286 1233s
 437494 403162    1.22208   34   67    0.75445    1.26027  67.0%   286 1245s
 441998 406816    1.20904   36   55    0.75445    1.25929  66.9%   286 1254s
 446162 410450    1.19353   33   55    0.75445    1.25580  66.5%   286 1263s
 450338 413854    1.11177   36   54    0.75445    1.25433  66.3%   286 1271s
 454228 417047    1.20787   35   55    0.75445    1.25294  66.1%   286 1279s
 457882 420373    1.18113   36   54    0.75445    1.25173  65.9%   286 1287s
 461638 423295    1.15743   37   52    0.75445    1.25057  65.8%   286 1293s
 465008 426190    1.18694   34   59    0.75445    1.24940  65.6%   286 1300s
 468321 429085    1.18605   33   57    0.75445    1.24840  65.5%   286 1307s
 471664 431864    0.80305   28   57    0.75445    1.24722  65.3%   286 1314s
 474916 434600    0.87681   33   56    0.75445    1.24626  65.2%   285 1321s
 478028 437511    1.11120   33   52    0.75445    1.24523  65.1%   285 1328s
 481360 440466    1.16707   31   70    0.75445    1.24414  64.9%   285 1335s
 484766 443266    1.16206   35   64    0.75445    1.24306  64.8%   285 1341s
 488014 446509    1.19039   37   59    0.75445    1.24204  64.6%   285 1349s
 491760 449435    1.14365   35   58    0.75445    1.24086  64.5%   285 1356s
 495114 452258    1.18193   32   61    0.75445    1.23986  64.3%   285 1363s
 498375 455168    1.03868   35   51    0.75445    1.23887  64.2%   285 1370s
 501663 457962    1.00925   33   58    0.75445    1.23788  64.1%   285 1377s
 504923 460730    1.15739   34   63    0.75445    1.23690  63.9%   285 1384s
 508088 463682    1.12968   39   46    0.75445    1.23601  63.8%   285 1391s
 511491 466593    1.19408   35   64    0.75445    1.23511  63.7%   285 1398s
 514787 469345    1.19261   33   67    0.75445    1.23413  63.6%   285 1404s
 518033 472502    1.11914   34   63    0.75445    1.23310  63.4%   285 1412s
 521700 475446    1.16841   37   53    0.75445    1.23215  63.3%   285 1419s
 525145 478300    1.19309   34   55    0.75445    1.23099  63.2%   285 1426s
 528573 481043    1.09097   34   65    0.75445    1.22999  63.0%   285 1433s
 531837 483892    1.18302   36   56    0.75445    1.22904  62.9%   284 1440s
 535184 486571    1.15187   30   55    0.75445    1.22823  62.8%   284 1446s
 538383 489170    0.93901   35   49    0.75445    1.22735  62.7%   284 1453s
 541450 491842    1.11681   31   67    0.75445    1.22651  62.6%   284 1460s
 544692 494662    1.16672   33   66    0.75445    1.22560  62.4%   284 1466s
 548012 497720     cutoff   33         0.75445    1.22464  62.3%   284 1474s
 551614 500316    0.92404   38   48    0.75445    1.22366  62.2%   284 1480s
 554724 503262    1.16093   35   58    0.75445    1.22284  62.1%   284 1487s
 558207 506143     cutoff   35         0.75445    1.22188  62.0%   284 1494s
 561664 508995    1.15000   36   57    0.75445    1.22095  61.8%   284 1501s
 565070 511740 infeasible   36         0.75445    1.22006  61.7%   284 1508s
 568277 514607    1.16419   37   51    0.75445    1.21919  61.6%   284 1514s
 571720 517421    1.10853   34   57    0.75445    1.21825  61.5%   284 1521s
 575068 519975    1.16775   37   58    0.75445    1.21737  61.4%   284 1527s
 578161 523191    1.14353   34   59    0.75445    1.21659  61.3%   284 1535s
 582017 525859    1.16381   34   63    0.75445    1.21567  61.1%   284 1541s
 585232 528384    1.12591   32   58    0.75445    1.21488  61.0%   284 1547s
 588351 531190    1.14884   40   50    0.75445    1.21412  60.9%   284 1554s
 591685 533966    1.20740   32   63    0.75445    1.21335  60.8%   284 1560s
 594950 536680    1.14072   36   52    0.75445    1.21249  60.7%   284 1567s
 598205 539365    1.16486   35   64    0.75445    1.21168  60.6%   284 1573s
 601394 542006    1.17069   37   51    0.75445    1.21090  60.5%   284 1580s
 604617 544730    1.16183   39   52    0.75445    1.21017  60.4%   284 1586s
 607875 547744    1.13612   32   68    0.75445    1.20937  60.3%   284 1594s
 611577 550524    1.10038   33   57    0.75445    1.20845  60.2%   284 1600s
 614830 553255    1.13620   33   65    0.75445    1.20771  60.1%   284 1607s
 618146 555751    1.16421   36   55    0.75445    1.20692  60.0%   284 1613s
 621194 558496    1.10452   35   57    0.75445    1.20617  59.9%   284 1620s
 624550 561220    1.16174   36   55    0.75445    1.20543  59.8%   284 1627s
 627877 563926    0.99999   33   48    0.75445    1.20462  59.7%   284 1633s
 631203 566528    1.11439   32   55    0.75445    1.20386  59.6%   284 1640s
 634332 569327    0.93593   36   50    0.75445    1.20317  59.5%   284 1646s
 637753 572378    1.17061   35   58    0.75445    1.20231  59.4%   284 1654s
 641487 575077 infeasible   36         0.75445    1.20155  59.3%   284 1660s
 644743 577640     cutoff   30         0.75445    1.20085  59.2%   283 1667s
 647935 580286    1.13605   39   60    0.75445    1.20005  59.1%   283 1673s
 651205 582916    1.14398   39   47    0.75445    1.19935  59.0%   283 1680s
 654361 585603    1.13487   35   56    0.75445    1.19867  58.9%   283 1686s
 657599 588006    0.96037   29   54    0.75445    1.19790  58.8%   283 1693s
 660535 590696    1.15090   35   65    0.75445    1.19721  58.7%   283 1700s
 663830 593432    1.04346   33   62    0.75445    1.19655  58.6%   283 1706s
 667175 596415    1.14776   38   60    0.75445    1.19578  58.5%   283 1714s
 670811 599063     cutoff   32         0.75445    1.19498  58.4%   283 1720s
 674031 601845    1.14913   36   57    0.75445    1.19426  58.3%   283 1727s
 677415 604542    1.12645   34   55    0.75445    1.19354  58.2%   283 1734s
 680669 607164    0.86508   34   48    0.75445    1.19288  58.1%   283 1740s
 683948 609812    1.09089   34   67    0.75445    1.19213  58.0%   283 1747s
 687162 612525    1.15316   35   62    0.75445    1.19139  57.9%   283 1753s
 690480 615250    1.12143   32   58    0.75445    1.19077  57.8%   283 1760s
 693756 617981    0.96469   30   49    0.75445    1.19006  57.7%   283 1767s
 697109 620970    1.12823   33   68    0.75445    1.18942  57.7%   283 1774s
 700715 623669    1.00344   33   55    0.75445    1.18869  57.6%   283 1781s
 703990 626364    1.09731   30   60    0.75445    1.18797  57.5%   283 1787s
 707289 628988    0.91006   33   51    0.75445    1.18733  57.4%   283 1794s
 710552 631686    1.15159   38   53    0.75445    1.18670  57.3%   283 1801s
 713858 634299    1.09344   40   46    0.75445    1.18604  57.2%   283 1807s
 717065 636985    1.13592   35   67    0.75445    1.18539  57.1%   283 1814s
 720395 639441    1.12429   34   55    0.75445    1.18473  57.0%   283 1821s
 723474 642231    1.07498   37   61    0.75445    1.18414  57.0%   283 1827s
 726864 645239    1.11224   31   53    0.75445    1.18345  56.9%   283 1835s
 730584 647844    1.05923   31   64    0.75445    1.18284  56.8%   283 1841s
 733806 650426    1.13835   37   51    0.75445    1.18221  56.7%   283 1848s
 736992 652968    1.12933   35   54    0.75445    1.18156  56.6%   283 1855s
 740161 655492    1.04449   36   60    0.75445    1.18097  56.5%   283 1862s
 743320 658108    1.15359   34   65    0.75445    1.18030  56.4%   283 1868s
 746612 660776    1.16781   39   63    0.75445    1.17970  56.4%   283 1875s
 749902 663395    1.14343   38   55    0.75445    1.17912  56.3%   283 1882s
 753127 665848    1.08242   38   53    0.75445    1.17846  56.2%   283 1888s
 756209 668723    1.02064   32   58    0.75445    1.17785  56.1%   283 1895s
 759746 671388 infeasible   33         0.75445    1.17720  56.0%   283 1902s
 763062 673996    1.13568   38   48    0.75445    1.17657  56.0%   283 1909s
 766343 676597    1.13450   37   54    0.75445    1.17594  55.9%   283 1916s
 769617 679210    1.11129   36   48    0.75445    1.17532  55.8%   283 1923s
 772839 682021    1.11207   38   59    0.75445    1.17472  55.7%   283 1930s
 776322 684635 infeasible   35         0.75445    1.17410  55.6%   283 1936s
 779573 687041    0.99409   35   62    0.75445    1.17352  55.5%   283 1943s
 782671 689701    1.09078   35   56    0.75445    1.17299  55.5%   283 1950s
 786002 692481 infeasible   34         0.75445    1.17234  55.4%   283 1957s
 789568 694867    1.08086   33   65    0.75445    1.17170  55.3%   283 1964s
 792548 697557    1.09618   32   50    0.75445    1.17119  55.2%   283 1972s
 795978 700354    1.11087   34   58    0.75445    1.17057  55.2%   283 1979s
 799480 702776    1.03590   38   49    0.75445    1.17001  55.1%   283 1985s
 802502 705387    1.10811   32   59    0.75445    1.16942  55.0%   283 1993s
 805751 708139    1.12663   39   49    0.75445    1.16888  54.9%   283 2000s
 809260 710838    1.08671   38   48    0.75445    1.16826  54.8%   283 2007s
 812657 713438     cutoff   35         0.75445    1.16773  54.8%   283 2013s
 815963 716233    0.98424   33   57    0.75445    1.16714  54.7%   283 2021s
 819491 718778    1.03857   34   51    0.75445    1.16658  54.6%   283 2028s
 822685 721560    1.06266   37   50    0.75445    1.16599  54.5%   282 2035s
 826180 724138    1.10755   39   55    0.75445    1.16538  54.5%   282 2042s
 829503 726692    1.07524   35   56    0.75445    1.16482  54.4%   282 2049s
 832728 729372    1.09175   36   54    0.75445    1.16431  54.3%   282 2056s
 836088 731951    1.07149   32   56    0.75445    1.16379  54.3%   282 2062s
 839367 734516    0.97099   35   52    0.75445    1.16322  54.2%   282 2069s
 842627 736984    1.06232   35   58    0.75445    1.16265  54.1%   282 2076s
 845759 739820    1.12647   38   49    0.75445    1.16216  54.0%   282 2084s
 849316 742450    1.11617   36   49    0.75445    1.16164  54.0%   282 2090s
 852657 744979     cutoff   30         0.75445    1.16105  53.9%   282 2097s
 855793 747581    1.01769   38   49    0.75445    1.16060  53.8%   282 2104s
 859126 750190    1.09613   33   69    0.75445    1.16003  53.8%   282 2111s
 862426 752759    0.81366   33   50    0.75445    1.15950  53.7%   282 2118s
 865658 755154    1.09883   40   50    0.75445    1.15900  53.6%   282 2125s
 868737 757853    1.15558   35   60    0.75445    1.15847  53.6%   282 2132s
 872174 760535    1.08883   39   51    0.75445    1.15796  53.5%   282 2140s
 875583 763257    1.10689   38   54    0.75445    1.15744  53.4%   282 2147s
 879105 765824    0.95484   32   56    0.75445    1.15692  53.3%   282 2154s
 882377 768281     cutoff   31         0.75445    1.15638  53.3%   282 2161s
 885512 770915    1.07254   37   57    0.75445    1.15589  53.2%   282 2168s
 888828 773419    1.10647   36   53    0.75445    1.15535  53.1%   282 2175s
 892091 776068    1.03985   29   55    0.75445    1.15487  53.1%   282 2182s
 895475 778634    1.08618   31   71    0.75445    1.15435  53.0%   282 2190s
 898745 781154    1.10569   39   60    0.75445    1.15386  52.9%   282 2197s
 901937 783817    1.09383   36   53    0.75445    1.15344  52.9%   282 2204s
 905361 786550    1.06252   35   53    0.75445    1.15288  52.8%   282 2212s
 908899 789152    1.07627   40   56    0.75445    1.15239  52.7%   282 2219s
 912189 791614    1.09339   36   50    0.75445    1.15188  52.7%   282 2226s
 915344 794219    1.07134   37   51    0.75445    1.15141  52.6%   282 2233s
 918645 796827    1.10123   36   52    0.75445    1.15090  52.5%   282 2240s
 921926 799477    1.03351   37   59    0.75445    1.15041  52.5%   282 2247s
 925341 801673    0.95026   35   51    0.75445    1.14990  52.4%   282 2255s
 928236 804291    1.06416   33   64    0.75445    1.14948  52.4%   282 2262s
 931585 806866    1.07982   38   49    0.75445    1.14895  52.3%   282 2269s
 934895 809597    1.07354   35   58    0.75445    1.14842  52.2%   282 2277s
 938386 812173    1.04705   32   58    0.75445    1.14795  52.2%   282 2284s
 941699 814708    1.09396   37   47    0.75445    1.14743  52.1%   282 2291s
 944996 817255 infeasible   35         0.75445    1.14697  52.0%   282 2298s
 948284 819833    1.09976   34   54    0.75445    1.14647  52.0%   282 2305s
 951605 822368    1.05660   37   54    0.75445    1.14597  51.9%   282 2312s
 954896 824831    1.11319   37   60    0.75445    1.14549  51.8%   282 2319s
 958039 827360     cutoff   34         0.75445    1.14508  51.8%   282 2327s
 961262 829844    0.87279   34   65    0.75445    1.14462  51.7%   282 2334s
 964530 832603    1.10105   36   52    0.75445    1.14416  51.7%   282 2341s
 968003 835152     cutoff   38         0.75445    1.14364  51.6%   282 2349s
 971277 837702    1.12436   39   62    0.75445    1.14316  51.5%   282 2356s
 974630 840264    1.10070   39   46    0.75445    1.14270  51.5%   282 2363s
 977916 842709    1.08386   34   53    0.75445    1.14228  51.4%   282 2370s
 981006 845366    1.02218   30   65    0.75445    1.14182  51.3%   282 2378s
 984424 847968    0.91385   34   54    0.75445    1.14134  51.3%   282 2385s
 987754 850486    0.96192   34   59    0.75445    1.14085  51.2%   282 2392s
 991064 852957    1.10659   36   50    0.75445    1.14039  51.2%   282 2399s
 994341 855639    1.06206   36   57    0.75445    1.13993  51.1%   282 2407s
 997753 858259    1.07986   36   56    0.75445    1.13942  51.0%   282 2414s
 1001150 860811    1.05949   36   52    0.75445    1.13895  51.0%   282 2421s
 1004447 863247    1.09631   40   52    0.75445    1.13851  50.9%   282 2428s
 1007577 865800    1.11864   38   50    0.75445    1.13808  50.8%   282 2435s
 1010860 868337    1.05204   35   53    0.75445    1.13762  50.8%   282 2443s
 1014140 870910    1.08750   38   51    0.75445    1.13722  50.7%   282 2450s
 1017508 873551    1.04724   33   67    0.75445    1.13673  50.7%   282 2457s
 1020862 876038    1.09242   36   62    0.75445    1.13628  50.6%   282 2464s
 1024117 878714    1.06929   36   52    0.75445    1.13584  50.6%   282 2472s
 1027596 881088    0.97255   36   46    0.75445    1.13535  50.5%   282 2479s
 1030688 883638    1.00243   31   66    0.75445    1.13495  50.4%   282 2486s
 1034014 886104    1.04414   36   61    0.75445    1.13445  50.4%   282 2494s
 1037230 888773    0.81451   38   52    0.75445    1.13407  50.3%   282 2501s
 1040671 891449    1.08304   39   49    0.75445    1.13356  50.3%   282 2508s
 1044108 893757     cutoff   38         0.75445    1.13310  50.2%   281 2516s
 1047107 896411    1.03015   31   64    0.75445    1.13265  50.1%   281 2523s
 1050538 898939    1.08900   39   51    0.75445    1.13220  50.1%   281 2531s
 1053921 901601    1.05644   40   49    0.75445    1.13174  50.0%   281 2538s
 1057415 904010     cutoff   39         0.75445    1.13128  49.9%   281 2545s
 1060572 906557 infeasible   38         0.75445    1.13084  49.9%   281 2553s
 1063931 909137    1.12343   41   51    0.75445    1.13039  49.8%   281 2560s
 1067208 911735    1.08628   37   67    0.75445    1.12996  49.8%   281 2568s
 1070509 914215    0.75686   40   43    0.75445    1.12952  49.7%   281 2575s
 1073828 916690    1.05765   36   53    0.75445    1.12905  49.7%   281 2582s
 1077111 919111    0.87062   32   43    0.75445    1.12863  49.6%   281 2589s
 1080291 921654    0.97511   33   63    0.75445    1.12822  49.5%   281 2596s
 1083610 924319    1.09470   34   63    0.75445    1.12779  49.5%   281 2604s
 1087117 926587     cutoff   34         0.75445    1.12733  49.4%   281 2611s
 1090168 929193    1.09163   37   61    0.75445    1.12693  49.4%   281 2619s
 1093643 931849    1.01935   38   51    0.75445    1.12651  49.3%   281 2626s
 1097067 934078    1.09935   29   70    0.75445    1.12601  49.2%   281 2633s
 1100018 936653    1.08878   37   56    0.75445    1.12562  49.2%   281 2640s
 1103380 939201    0.98449   32   56    0.75445    1.12522  49.1%   281 2648s
 1106754 941735    1.07576   39   50    0.75445    1.12477  49.1%   281 2655s
 1110083 944274    0.90170   37   51    0.75445    1.12435  49.0%   281 2662s
 1113384 946937    0.92086   34   63    0.75445    1.12395  49.0%   281 2669s
 1115537 946937    0.81895   37   55    0.75445    1.12390  49.0%   281 2670s
 1116842 949454     cutoff   37         0.75445    1.12349  48.9%   281 2677s
 1120147 951861    1.09133   36   66    0.75445    1.12307  48.9%   281 2684s
 1123333 954325    1.06118   34   53    0.75445    1.12265  48.8%   281 2691s
 1126564 956768    0.77034   36   50    0.75445    1.12226  48.8%   281 2699s
 1129846 959379    0.87857   33   59    0.75445    1.12182  48.7%   281 2706s
 1133270 961927    1.06750   37   59    0.75445    1.12138  48.6%   281 2713s
 1136606 964374     cutoff   33         0.75445    1.12098  48.6%   281 2721s
 1139852 966834    1.08931   39   53    0.75445    1.12054  48.5%   281 2728s
 1143135 969437    0.91309   37   51    0.75445    1.12012  48.5%   281 2736s
 1146579 971909    1.07523   38   50    0.75445    1.11971  48.4%   281 2743s
 1149899 974432    0.88724   34   52    0.75445    1.11928  48.4%   281 2750s
 1153193 976887    0.81433   34   52    0.75445    1.11886  48.3%   281 2757s
 1156485 979373    1.03320   35   50    0.75445    1.11841  48.2%   281 2764s
 1159801 981834    1.07905   37   55    0.75445    1.11801  48.2%   281 2772s
 1163035 984306    1.06487   35   62    0.75445    1.11760  48.1%   281 2779s
 1166311 986522    1.06159   37   57    0.75445    1.11722  48.1%   281 2786s
 1169226 989069     cutoff   39         0.75445    1.11685  48.0%   281 2793s
 1172686 991737    0.94014   36   50    0.75445    1.11639  48.0%   281 2801s
 1176161 994201    1.06844   37   54    0.75445    1.11595  47.9%   281 2808s
 1179462 996723    1.05874   33   55    0.75445    1.11553  47.9%   281 2815s
 1182769 999178    1.06019   35   65    0.75445    1.11514  47.8%   281 2822s
 1186047 1001602    1.07480   39   50    0.75445    1.11475  47.8%   281 2829s
 1189343 1003931    1.02149   33   70    0.75445    1.11434  47.7%   281 2837s
 1192419 1006553    1.07094   36   56    0.75445    1.11394  47.6%   281 2844s
 1195842 1009024    1.07299   38   53    0.75445    1.11354  47.6%   281 2851s
 1199139 1011585    1.03958   36   63    0.75445    1.11314  47.5%   281 2858s
 1202465 1014161    1.06138   40   47    0.75445    1.11273  47.5%   281 2866s
 1205930 1016429    1.06629   38   55    0.75445    1.11227  47.4%   281 2873s
 1208937 1019078    1.05628   37   54    0.75445    1.11190  47.4%   281 2881s
 1212398 1021507    1.06754   34   54    0.75445    1.11150  47.3%   281 2888s
 1215633 1023987    1.07036   33   65    0.75445    1.11110  47.3%   281 2895s
 1219036 1026589    1.04407   37   51    0.75445    1.11066  47.2%   280 2903s
 1222415 1029013    1.05613   35   62    0.75445    1.11024  47.2%   280 2910s
 1225594 1031669    1.05108   35   54    0.75445    1.10988  47.1%   280 2917s
 1229087 1034237    1.03580   37   61    0.75445    1.10944  47.1%   280 2925s
 1232453 1036702    1.06514   36   62    0.75445    1.10905  47.0%   280 2932s
 1235743 1039370    1.06158   34   65    0.75445    1.10863  46.9%   280 2940s
 1239212 1041743    1.03102   37   58    0.75445    1.10824  46.9%   280 2947s
 1242375 1044388    1.05771   36   60    0.75445    1.10784  46.8%   280 2954s
 1245935 1046867    1.01555   33   56    0.75445    1.10746  46.8%   280 2961s
 1249230 1049370    1.05573   39   56    0.75445    1.10704  46.7%   280 2968s
 1252467 1051939    1.06578   40   48    0.75445    1.10668  46.7%   280 2975s
 1255926 1054394    1.07964   38   49    0.75445    1.10625  46.6%   280 2983s
 1259208 1056821    1.05808   40   51    0.75445    1.10588  46.6%   280 2991s
 1262380 1059528    1.06440   40   48    0.75445    1.10547  46.5%   280 2998s
 1265928 1061947    1.03308   31   67    0.75445    1.10507  46.5%   280 3005s
 1269083 1063487    1.04588   38   50    0.75445    1.10467  46.4%   280 3015s
H1270189 1063487                       0.7544496    1.10464  46.4%   280 3015s
H1270505 1063487                       0.7544497    1.10464  46.4%   280 3015s
 1271119 1066191     cutoff   30         0.75445    1.10446  46.4%   280 3023s
H1274670 1068786                       0.7544497    1.10405  46.3%   280 3032s
H1275566 1068786                       0.7544497    1.10403  46.3%   280 3033s
 1278150 1071204    0.98676   34   49    0.75445    1.10362  46.3%   280 3042s
 1281418 1073904    1.03492   37   54    0.75445    1.10324  46.2%   280 3049s
 1285067 1076412    1.03728   39   58    0.75445    1.10282  46.2%   280 3057s
 1288358 1079042    1.04189   35   58    0.75445    1.10242  46.1%   280 3064s
 1291869 1081698    1.04702   40   51    0.75445    1.10203  46.1%   280 3072s
 1295313 1084045    0.96808   37   60    0.75445    1.10162  46.0%   280 3079s
 1298556 1086394    1.05040   35   62    0.75445    1.10125  46.0%   280 3087s
 1301743 1088906    1.04356   38   57    0.75445    1.10089  45.9%   280 3094s
 1305131 1091422    1.07465   36   54    0.75445    1.10048  45.9%   280 3101s
 1308482 1093907    1.05613   37   54    0.75445    1.10011  45.8%   280 3109s
 1311747 1096401    0.93757   32   52    0.75445    1.09972  45.8%   280 3116s
 1315031 1098710 infeasible   33         0.75445    1.09934  45.7%   280 3123s
 1318133 1101285    1.04082   39   63    0.75445    1.09896  45.7%   280 3131s
 1321534 1103748    1.05130   40   54    0.75445    1.09859  45.6%   280 3139s
 1324856 1106437     cutoff   30         0.75445    1.09819  45.6%   280 3146s
 1328338 1109010     cutoff   37         0.75445    1.09779  45.5%   280 3153s
 1331668 1111440     cutoff   32         0.75445    1.09741  45.5%   280 3160s
 1334929 1113908    1.05402   37   57    0.75445    1.09703  45.4%   280 3167s
 1338216 1116287    0.96878   37   54    0.75445    1.09663  45.4%   280 3175s
 1341440 1118836    1.03636   33   60    0.75445    1.09632  45.3%   280 3182s
 1344835 1121270    1.02384   36   51    0.75445    1.09589  45.3%   280 3189s
 1348069 1123804    0.77524   35   54    0.75445    1.09555  45.2%   280 3197s
 1351334 1126453    0.91239   37   51    0.75445    1.09516  45.2%   280 3204s
 1354769 1128844    1.05063   36   61    0.75445    1.09478  45.1%   280 3212s
 1357998 1130938    0.94543   33   56    0.75445    1.09439  45.1%   280 3219s
 1360852 1133478     cutoff   35         0.75445    1.09407  45.0%   280 3227s
 1364202 1136095    1.05436   36   55    0.75445    1.09365  45.0%   280 3234s
 1367677 1138579    1.02737   40   50    0.75445    1.09328  44.9%   280 3241s
 1370979 1141197     cutoff   30         0.75445    1.09292  44.9%   280 3249s
 1374449 1143643    1.03778   32   60    0.75445    1.09250  44.8%   280 3256s
 1377762 1146114    1.02805   41   47    0.75445    1.09211  44.8%   280 3264s
 1381042 1148670     cutoff   38         0.75445    1.09172  44.7%   280 3271s
 1384465 1150171    1.00171   36   56    0.75445    1.09133  44.7%   280 3282s
H1385108 1150171                       0.7544497    1.09132  44.7%   280 3282s
H1385753 1150171                       0.7544499    1.09131  44.6%   280 3282s
 1386516 1152427    1.00185   32   59    0.75445    1.09130  44.6%   280 3291s
 1389565 1154735    1.05850   38   53    0.75445    1.09126  44.6%   280 3300s
 1392754 1157028    1.04614   37   51    0.75445    1.09114  44.6%   280 3309s
 1395899 1159561    0.87472   36   47    0.75445    1.09076  44.6%   280 3318s
 1399256 1162213     cutoff   35         0.75445    1.09045  44.5%   280 3327s
 1402847 1164864    1.00687   37   53    0.75445    1.09006  44.5%   279 3335s
 1406389 1167382    1.06284   41   54    0.75445    1.08953  44.4%   279 3343s
 1409756 1169809 infeasible   40         0.75445    1.08918  44.4%   279 3351s
 1412985 1172121    1.01542   38   50    0.75445    1.08877  44.3%   279 3359s
 1416108 1174559    0.98299   35   50    0.75445    1.08840  44.3%   279 3366s
 1419343 1176973    0.98721   36   59    0.75445    1.08799  44.2%   279 3374s
 1422632 1179423    1.03397   36   52    0.75445    1.08761  44.2%   279 3387s
 1425895 1181718    1.00044   33   56    0.75445    1.08721  44.1%   279 3395s
 1428980 1184466    1.04416   35   62    0.75445    1.08680  44.1%   279 3403s
 1432624 1186946    1.01897   37   56    0.75445    1.08631  44.0%   279 3411s
 1436061 1189479    1.03608   34   64    0.75445    1.08591  43.9%   279 3419s
 1439555 1192022     cutoff   37         0.75445    1.08553  43.9%   279 3426s
 1442905 1194640    1.03737   40   53    0.75445    1.08505  43.8%   279 3434s
 1446343 1196993    1.04052   40   52    0.75445    1.08451  43.7%   279 3441s
 1449576 1199449    1.03713   42   53    0.75445    1.08413  43.7%   279 3448s
 1452809 1201795    1.00550   37   53    0.75445    1.08380  43.7%   279 3456s
 1456010 1204187    1.04219   36   58    0.75445    1.08344  43.6%   279 3464s
 1459352 1206602    1.02279   38   61    0.75445    1.08311  43.6%   279 3471s
 1462694 1209089    0.82117   36   60    0.75445    1.08274  43.5%   279 3478s
 1466108 1211483    0.80674   34   54    0.75445    1.08238  43.5%   279 3485s
 1469303 1213974    1.02798   34   52    0.75445    1.08204  43.4%   279 3493s
 1472664 1216532    0.78414   36   48    0.75445    1.08166  43.4%   279 3500s
 1476047 1218937    0.94335   29   64    0.75445    1.08129  43.3%   279 3507s
 1479384 1221305     cutoff   39         0.75445    1.08095  43.3%   279 3515s
 1482633 1223697    0.92823   36   52    0.75445    1.08059  43.2%   279 3522s
 1485981 1226125     cutoff   34         0.75445    1.08022  43.2%   279 3529s
 1489228 1228546    1.00115   39   50    0.75445    1.07991  43.1%   279 3537s
 1492530 1231065    0.94904   32   62    0.75445    1.07953  43.1%   279 3544s
 1495904 1233531     cutoff   31         0.75445    1.07918  43.0%   279 3551s
 1499157 1236011    0.98716   42   53    0.75445    1.07883  43.0%   279 3559s
 1502488 1238503    0.79426   38   48    0.75445    1.07850  43.0%   279 3566s
 1505899 1240927    0.81357   40   43    0.75445    1.07815  42.9%   279 3573s
 1509133 1243354    1.03688   39   48    0.75445    1.07777  42.9%   279 3581s
 1512395 1245754    0.92142   37   54    0.75445    1.07743  42.8%   279 3589s
 1515624 1248285    1.00999   39   64    0.75445    1.07711  42.8%   279 3597s
 1519023 1250783    0.95015   39   49    0.75445    1.07675  42.7%   279 3605s
 1522366 1253222    1.03317   39   51    0.75445    1.07638  42.7%   279 3614s
 1525644 1255307 infeasible   33         0.75445    1.07606  42.6%   279 3621s
 1528500 1257850    0.95673   36   46    0.75445    1.07574  42.6%   279 3628s
 1531961 1260345    1.02899   40   49    0.75445    1.07540  42.5%   279 3636s
 1535319 1262883    1.01185   33   59    0.75445    1.07506  42.5%   279 3643s
 1538822 1265323    1.03495   36   57    0.75445    1.07469  42.4%   279 3651s
 1542100 1267741    0.80013   38   57    0.75445    1.07432  42.4%   279 3658s
 1545287 1270137    0.98834   35   60    0.75445    1.07401  42.4%   279 3665s
 1548557 1272503    0.96722   41   45    0.75445    1.07370  42.3%   279 3673s
 1551824 1274985    0.87209   34   50    0.75445    1.07333  42.3%   279 3680s
 1555160 1277411    0.98241   34   52    0.75445    1.07300  42.2%   279 3687s
 1558502 1279803    0.88966   37   55    0.75445    1.07266  42.2%   279 3695s
 1561749 1282313    1.02146   35   66    0.75445    1.07234  42.1%   279 3702s
 1565141 1284845    1.02255   37   49    0.75445    1.07198  42.1%   279 3710s
 1568517 1287232    0.77307   39   42    0.75445    1.07165  42.0%   279 3717s
 1571741 1289622     cutoff   32         0.75445    1.07132  42.0%   279 3724s
 1575062 1291932    0.95401   40   45    0.75445    1.07100  42.0%   279 3732s
 1578216 1294362    1.03568   35   52    0.75445    1.07068  41.9%   279 3740s
 1578433 1294362    1.01437   34   67    0.75445    1.07068  41.9%   279 3740s
 1581519 1296844    1.01547   36   63    0.75445    1.07034  41.9%   279 3747s
 1584915 1299289    0.83788   38   56    0.75445    1.06999  41.8%   278 3755s
 1588292 1301723    1.01024   38   51    0.75445    1.06967  41.8%   278 3762s
 1591577 1304225    1.00372   35   55    0.75445    1.06933  41.7%   278 3770s
 1595043 1306682    1.03486   35   60    0.75445    1.06901  41.7%   278 3777s
 1598317 1309038     cutoff   39         0.75445    1.06866  41.6%   278 3784s
 1601560 1311316    0.90629   36   53    0.75445    1.06834  41.6%   278 3792s
 1604738 1313703    1.01708   39   55    0.75445    1.06802  41.6%   278 3799s
 1608002 1316178    0.96793   40   48    0.75445    1.06769  41.5%   278 3806s
 1611359 1318501    1.01515   35   59    0.75445    1.06736  41.5%   278 3813s
 1614652 1320886    1.02389   39   50    0.75445    1.06701  41.4%   278 3821s
 1617952 1323292    0.96160   33   56    0.75445    1.06668  41.4%   278 3828s
 1621229 1325651    0.98380   41   46    0.75445    1.06640  41.3%   278 3836s
 1624508 1328146    0.94935   38   48    0.75445    1.06609  41.3%   278 3844s
 1627923 1330443    0.96898   35   61    0.75445    1.06573  41.3%   278 3851s
 1631078 1332896    0.99178   38   52    0.75445    1.06540  41.2%   278 3859s
 1634423 1335364    0.98013   33   56    0.75445    1.06509  41.2%   278 3867s
 1637837 1337864    0.95314   39   46    0.75445    1.06476  41.1%   278 3874s
 1638488 1337864    0.96932   36   58    0.75445    1.06475  41.1%   278 3875s
 1641264 1340241    0.98667   39   47    0.75445    1.06444  41.1%   278 3882s
 1644532 1342783    0.85384   38   48    0.75445    1.06412  41.0%   278 3890s
 1647925 1345196    0.96687   33   56    0.75445    1.06379  41.0%   278 3897s
 1651200 1347665    1.01523   38   59    0.75445    1.06349  41.0%   278 3905s
 1654539 1350193    0.97253   36   50    0.75445    1.06318  40.9%   278 3912s
 1657959 1352519    1.00910   38   49    0.75445    1.06288  40.9%   278 3920s
 1661181 1354971    0.88297   37   48    0.75445    1.06254  40.8%   278 3928s
 1664521 1357409    1.02075   33   64    0.75445    1.06223  40.8%   278 3935s
 1667840 1359823    1.00190   41   54    0.75445    1.06193  40.8%   278 3942s
 1671132 1362309    0.98610   37   58    0.75445    1.06158  40.7%   278 3950s
 1674478 1364730 infeasible   36         0.75445    1.06129  40.7%   278 3957s
 1677799 1367068    0.87411   38   59    0.75445    1.06100  40.6%   278 3965s
 1681099 1369493     cutoff   31         0.75445    1.06066  40.6%   278 3973s
 1684405 1371949    0.76416   35   48    0.75445    1.06033  40.5%   278 3980s
 1687777 1374061    0.96455   39   48    0.75445    1.06001  40.5%   278 3988s
 1690668 1376554    1.03325   40   46    0.75445    1.05972  40.5%   278 3995s
 1694175 1379091    0.97821   36   59    0.75445    1.05943  40.4%   278 4002s
 1697612 1381551    1.01036   40   49    0.75445    1.05910  40.4%   278 4010s
 1700941 1384030 infeasible   39         0.75445    1.05877  40.3%   278 4017s
 1704370 1386426    0.99239   35   43    0.75445    1.05845  40.3%   278 4025s
 1707687 1388808    0.95593   33   58    0.75445    1.05813  40.3%   278 4033s
 1710998 1391206    1.01927   40   50    0.75445    1.05785  40.2%   278 4041s
 1714339 1393545    0.94695   29   55    0.75445    1.05754  40.2%   278 4049s
 1717558 1396035     cutoff   35         0.75445    1.05724  40.1%   278 4056s
 1721004 1398369    0.99874   39   53    0.75445    1.05694  40.1%   278 4064s
 1724289 1400776    1.01543   36   56    0.75445    1.05661  40.1%   278 4071s
 1727560 1403156    1.01432   38   56    0.75445    1.05630  40.0%   278 4079s
 1730878 1405614    0.97798   38   49    0.75445    1.05599  40.0%   278 4087s
 1734282 1407994    1.01213   36   56    0.75445    1.05567  39.9%   278 4094s
 1737579 1410402    1.04282   40   50    0.75445    1.05535  39.9%   278 4102s
 1740833 1412810    0.95953   33   59    0.75445    1.05508  39.8%   278 4110s
 1744221 1415149    0.98736   40   49    0.75445    1.05476  39.8%   278 4117s
 1747498 1417580    0.98576   35   46    0.75445    1.05446  39.8%   278 4125s
 1750803 1419928     cutoff   41         0.75445    1.05415  39.7%   278 4132s
 1754063 1422353    0.99861   39   53    0.75445    1.05386  39.7%   278 4140s
 1757354 1424730     cutoff   39         0.75445    1.05356  39.6%   278 4147s
 1760631 1427146    1.02877   39   59    0.75445    1.05327  39.6%   278 4155s
 1763893 1429511    0.86206   33   70    0.75445    1.05297  39.6%   278 4162s
 1767208 1431835    1.02389   40   51    0.75445    1.05268  39.5%   278 4170s
 1770463 1434180    0.97782   35   59    0.75445    1.05237  39.5%   278 4178s
 1773707 1436575     cutoff   33         0.75445    1.05211  39.5%   278 4186s
 1777115 1439063    0.90384   34   52    0.75445    1.05178  39.4%   278 4193s
 1780480 1441310    0.91282   36   60    0.75445    1.05148  39.4%   278 4201s
 1783651 1443635    0.97858   39   46    0.75445    1.05120  39.3%   278 4208s
 1786868 1446042    1.00548   39   47    0.75445    1.05091  39.3%   277 4216s
 1790223 1448419    0.81025   38   45    0.75445    1.05062  39.3%   277 4224s
 1793585 1450722    1.00450   35   54    0.75445    1.05032  39.2%   277 4232s
 1796825 1453079     cutoff   38         0.75445    1.05006  39.2%   277 4239s
 1800148 1455462    0.84091   34   52    0.75445    1.04976  39.1%   277 4247s
 1803533 1457661    0.97792   36   59    0.75445    1.04948  39.1%   277 4254s
 1806564 1460039    0.96483   41   50    0.75445    1.04920  39.1%   277 4262s
 1809822 1462546    0.99508   33   58    0.75445    1.04892  39.0%   277 4270s
 1813281 1465028    1.00861   38   52    0.75445    1.04863  39.0%   277 4278s
 1816695 1467541    0.97975   42   47    0.75445    1.04835  39.0%   277 4285s
 1820079 1469941    0.75857   33   47    0.75445    1.04803  38.9%   277 4293s
 1823407 1471933    0.90911   39   50    0.75445    1.04775  38.9%   277 4300s
 1826254 1474360    0.90142   40   42    0.75445    1.04749  38.8%   277 4308s
 1829643 1476758     cutoff   34         0.75445    1.04721  38.8%   277 4315s
 1832920 1479182    0.82343   37   47    0.75445    1.04694  38.8%   277 4323s
 1836292 1481541    1.02105   39   60    0.75445    1.04663  38.7%   277 4331s
 1839645 1483758    0.87201   36   50    0.75445    1.04635  38.7%   277 4338s
 1842839 1486099    0.96459   38   47    0.75445    1.04607  38.7%   277 4346s
 1846174 1488592    0.96640   32   57    0.75445    1.04580  38.6%   277 4354s
 1849625 1490874    1.01094   33   64    0.75445    1.04548  38.6%   277 4361s
 1852852 1493359    1.00142   34   59    0.75445    1.04526  38.5%   277 4369s
 1856231 1495789    1.00313   37   48    0.75445    1.04496  38.5%   277 4376s
 1859637 1497807    0.78163   37   52    0.75445    1.04468  38.5%   277 4384s
 1862870 1499904    0.91905   39   49    0.75445    1.04442  38.4%   277 4391s
 1866381 1501775    1.00278   35   54    0.75445    1.04412  38.4%   277 4399s
 1869550 1503753    0.98795   34   62    0.75445    1.04387  38.4%   277 4406s
 1872975 1505791    0.97775   40   59    0.75445    1.04359  38.3%   277 4414s
 1876350 1507581    0.99101   39   52    0.75445    1.04332  38.3%   277 4422s
 1879581 1509514    0.95489   35   52    0.75445    1.04306  38.3%   277 4429s
 1882979 1511391    0.92195   40   46    0.75445    1.04279  38.2%   277 4436s
 1886244 1513307     cutoff   37         0.75445    1.04252  38.2%   277 4444s
 1889529 1515253    0.97281   36   53    0.75445    1.04227  38.1%   277 4451s
 1892884 1517204    0.95216   36   56    0.75445    1.04200  38.1%   277 4459s
 1896235 1519085     cutoff   36         0.75445    1.04172  38.1%   277 4466s
 1899471 1520817    1.00508   42   53    0.75445    1.04145  38.0%   277 4474s
 1902404 1522814    1.01446   37   57    0.75445    1.04120  38.0%   277 4481s
 1905855 1524699    0.99098   34   60    0.75445    1.04093  38.0%   277 4489s
 1909160 1526576    0.97699   42   44    0.75445    1.04066  37.9%   277 4497s
 1912432 1528468    0.85825   35   53    0.75445    1.04040  37.9%   277 4504s
 1915647 1530430    1.01828   37   49    0.75445    1.04017  37.9%   277 4512s
 1919094 1532356    1.01024   36   60    0.75445    1.03989  37.8%   277 4520s
 1922437 1534256    0.95353   34   55    0.75445    1.03962  37.8%   277 4527s
 1925751 1536211    0.96407   37   60    0.75445    1.03936  37.8%   277 4535s
 1928994 1538041    1.00384   40   58    0.75445    1.03909  37.7%   277 4542s
 1932242 1540148    0.97721   38   57    0.75445    1.03885  37.7%   277 4550s
 1935690 1541981     cutoff   33         0.75445    1.03858  37.7%   277 4558s
 1938943 1543949    0.98005   36   50    0.75445    1.03834  37.6%   277 4565s
 1942267 1545885    0.98984   37   50    0.75445    1.03807  37.6%   277 4573s
 1945614 1547836     cutoff   36         0.75445    1.03783  37.6%   277 4580s
 1948936 1549742    0.96963   38   47    0.75445    1.03756  37.5%   277 4588s
 1952242 1551668    0.93570   40   48    0.75445    1.03731  37.5%   277 4595s
 1955659 1553357    0.96659   38   48    0.75445    1.03706  37.5%   277 4603s
 1958638 1555385     cutoff   38         0.75445    1.03680  37.4%   277 4610s
 1962076 1557257    0.91612   33   62    0.75445    1.03655  37.4%   277 4618s
 1965375 1559302    0.98028   37   52    0.75445    1.03627  37.4%   277 4626s
 1968825 1561197     cutoff   36         0.75445    1.03605  37.3%   277 4633s
 1972096 1563093    0.98836   39   50    0.75445    1.03576  37.3%   277 4641s
 1975421 1565045    0.98313   38   54    0.75445    1.03552  37.3%   277 4648s
 1978804 1566905    0.97633   38   49    0.75445    1.03528  37.2%   277 4656s
 1982153 1568810    0.88127   40   47    0.75445    1.03499  37.2%   277 4664s
 1985539 1570716    0.88648   37   57    0.75445    1.03474  37.2%   277 4671s
 1988844 1572641    0.98266   40   51    0.75445    1.03448  37.1%   277 4679s
 1992133 1574562    1.00252   39   56    0.75445    1.03424  37.1%   277 4686s
 1995511 1576487     cutoff   32         0.75445    1.03399  37.1%   277 4693s
 1998762 1578312    0.81857   37   47    0.75445    1.03374  37.0%   277 4700s
 2002012 1580165    0.98642   38   53    0.75445    1.03348  37.0%   277 4708s
 2005286 1582046    1.00613   38   52    0.75445    1.03324  37.0%   277 4715s
 2008570 1583988    0.98484   41   54    0.75445    1.03299  36.9%   277 4723s
 2011942 1585514    0.94401   35   51    0.75445    1.03273  36.9%   277 4730s
 2014600 1587607    0.90993   40   51    0.75445    1.03251  36.9%   277 4739s
 2018148 1589675    0.97589   36   52    0.75445    1.03225  36.8%   277 4747s
 2021669 1591621    0.91003   35   58    0.75445    1.03199  36.8%   277 4755s
 2025081 1593598    0.95479   39   49    0.75445    1.03172  36.8%   277 4762s
 2028521 1595553    0.98188   41   44    0.75445    1.03146  36.7%   277 4770s
 2031877 1597386    1.01455   41   45    0.75445    1.03121  36.7%   277 4778s
 2035194 1599344    0.98111   40   50    0.75445    1.03098  36.7%   277 4785s
 2038525 1601205     cutoff   41         0.75445    1.03072  36.6%   277 4793s
 2041866 1603119    0.96460   37   47    0.75445    1.03047  36.6%   277 4800s
 2045197 1605001     cutoff   36         0.75445    1.03024  36.6%   277 4808s
 2048477 1606922    0.84593   36   54    0.75445    1.02999  36.5%   277 4816s
 2051758 1608792    0.97805   38   50    0.75445    1.02972  36.5%   277 4824s
 2054981 1610715    0.78938   37   51    0.75445    1.02950  36.5%   277 4831s
 2058285 1612593 infeasible   36         0.75445    1.02925  36.4%   277 4839s
 2061577 1614519    0.97129   40   56    0.75445    1.02903  36.4%   277 4847s
 2064928 1616393     cutoff   36         0.75445    1.02877  36.4%   277 4854s
 2068193 1618284    0.91414   36   53    0.75445    1.02853  36.3%   277 4861s
 2071543 1620191    0.92450   33   54    0.75445    1.02829  36.3%   277 4868s
 2074793 1622017    0.89058   36   60    0.75445    1.02808  36.3%   277 4876s
 2078036 1623903    0.78341   33   53    0.75445    1.02782  36.2%   277 4883s
 2081348 1625432    0.99002   40   51    0.75445    1.02757  36.2%   277 4889s
 2084034 1627456    0.93072   36   54    0.75445    1.02736  36.2%   277 4897s
 2087508 1629447    0.95543   38   61    0.75445    1.02710  36.1%   277 4904s
 2090937 1631403    0.96693   39   52    0.75445    1.02688  36.1%   277 4911s
 2094336 1633231    0.99231   36   54    0.75445    1.02662  36.1%   277 4918s
 2097667 1635015    0.94494   35   52    0.75445    1.02638  36.0%   277 4925s
 2100843 1637005    0.90568   38   55    0.75445    1.02616  36.0%   277 4933s
 2104247 1638947    0.94512   36   51    0.75445    1.02592  36.0%   277 4940s
 2107641 1640816 infeasible   40         0.75445    1.02568  36.0%   277 4947s
 2110828 1642746    0.80450   35   54    0.75445    1.02544  35.9%   277 4954s
 2114165 1644622    0.90907   35   65    0.75445    1.02518  35.9%   277 4962s
 2117441 1644649    0.96155   37   53    0.75445    1.02496  35.9%   277 4974s
H2117462 1644649                       0.7544500    1.02493  35.9%   277 4975s
H2117473 1644649                       0.7544500    1.02492  35.9%   277 4975s
 2117477 1644814    0.94829   37   52    0.75445    1.02492  35.9%   277 4987s
 2117731 1644988    0.98526   38   52    0.75445    1.02491  35.8%   277 4998s
 2118015 1645193    0.83505   38   49    0.75445    1.02491  35.8%   277 5008s
 2118380 1645530    0.96339   39   49    0.75445    1.02490  35.8%   277 5018s
 2119014 1646190    0.98785   40   47    0.75445    1.02490  35.8%   277 5033s
 2120177 1647343    0.95357   38   47    0.75445    1.02489  35.8%   277 5046s
 2122204 1649272    0.96759   42   45    0.75445    1.02488  35.8%   277 5065s
 2125598 1651656    0.86791   39   49    0.75445    1.02486  35.8%   277 5081s
 2129726 1653308    0.98104   38   57    0.75445    1.02480  35.8%   277 5089s
 2132634 1655258    0.94254   41   48    0.75445    1.02448  35.8%   277 5098s
 2135911 1657379    0.93725   42   47    0.75445    1.02394  35.7%   277 5112s
 2139641 1659401    0.97640   37   53    0.75445    1.02361  35.7%   277 5120s
 2143122 1661322    0.96780   35   53    0.75445    1.02330  35.6%   277 5129s
 2146615 1663416    0.97071   38   47    0.75445    1.02306  35.6%   277 5137s
 2150176 1665476    0.96592   39   51    0.75445    1.02260  35.5%   277 5145s
 2153772 1667487    0.95351   38   54    0.75445    1.02233  35.5%   277 5153s
 2157195 1669443    0.94843   39   46    0.75445    1.02209  35.5%   277 5161s
 2160590 1671343    0.97079   37   62    0.75445    1.02183  35.4%   277 5169s
 2163965 1673230    0.95869   35   52    0.75445    1.02159  35.4%   277 5177s
 2167251 1675050    0.97483   38   46    0.75445    1.02137  35.4%   277 5185s
 2170422 1676851    0.95966   38   46    0.75445    1.02115  35.4%   277 5193s
 2173587 1678778     cutoff   36         0.75445    1.02092  35.3%   277 5200s
 2176966 1680710    0.91767   43   45    0.75445    1.02066  35.3%   277 5208s
 2180307 1682590    0.90258   38   51    0.75445    1.02045  35.3%   277 5216s
 2183575 1684559    0.97964   37   48    0.75445    1.02022  35.2%   277 5224s
 2186958 1686280 infeasible   38         0.75445    1.01998  35.2%   277 5231s
 2190091 1688292    0.98633   38   51    0.75445    1.01976  35.2%   277 5239s
 2193465 1690167    0.95083   41   55    0.75445    1.01953  35.1%   277 5247s
 2196757 1692064     cutoff   41         0.75445    1.01930  35.1%   277 5255s
 2200009 1693993    0.94909   40   59    0.75445    1.01909  35.1%   277 5262s
 2203354 1695729    0.93943   36   53    0.75445    1.01886  35.0%   277 5270s
 2206451 1697700    0.96417   36   61    0.75445    1.01864  35.0%   277 5278s
 2209835 1699578     cutoff   38         0.75445    1.01840  35.0%   277 5285s
 2213179 1701421    0.97902   35   60    0.75445    1.01818  35.0%   277 5293s
 2216464 1703034    0.94823   39   47    0.75445    1.01796  34.9%   277 5300s
 2219261 1704895    0.86168   36   64    0.75445    1.01774  34.9%   277 5308s
 2222491 1706915    0.82816   35   54    0.75445    1.01752  34.9%   277 5316s
 2226000 1708830    0.96211   40   47    0.75445    1.01729  34.8%   277 5324s
 2229304 1710754    0.87070   33   54    0.75445    1.01706  34.8%   277 5332s
 2232637 1712713    0.90471   34   55    0.75445    1.01681  34.8%   277 5339s
 2235975 1714626    0.84178   36   65    0.75445    1.01658  34.7%   277 5347s
 2239284 1716474    0.93153   41   48    0.75445    1.01639  34.7%   277 5355s
 2242605 1718363    0.93067   38   50    0.75445    1.01617  34.7%   277 5363s
 2245917 1720227    0.94384   40   53    0.75445    1.01595  34.7%   277 5370s
 2249181 1722065    0.92401   41   46    0.75445    1.01572  34.6%   277 5378s
 2252494 1723891    0.96374   39   51    0.75445    1.01551  34.6%   277 5386s
 2255750 1725831    0.95518   38   49    0.75445    1.01527  34.6%   277 5394s
 2259189 1727703    0.77801   37   44    0.75445    1.01505  34.5%   277 5402s
 2262444 1729511    0.97749   39   60    0.75445    1.01482  34.5%   277 5410s
 2265671 1731409     cutoff   36         0.75445    1.01461  34.5%   277 5418s
 2269032 1733293    0.91789   41   48    0.75445    1.01437  34.5%   277 5425s
 2272412 1735261    0.97442   36   50    0.75445    1.01416  34.4%   277 5433s
 2275737 1737087    0.96997   38   51    0.75445    1.01392  34.4%   277 5441s
 2279085 1738933    0.91425   42   45    0.75445    1.01368  34.4%   277 5449s
 2282334 1740937    0.91714   34   57    0.75445    1.01349  34.3%   277 5456s
 2285727 1742884     cutoff   37         0.75445    1.01325  34.3%   277 5464s
 2289017 1744729    0.87178   39   45    0.75445    1.01303  34.3%   277 5472s
 2292283 1746673     cutoff   34         0.75445    1.01280  34.2%   277 5480s
 2295706 1748656    0.95286   34   54    0.75445    1.01258  34.2%   277 5488s
 2299108 1750538    0.86030   34   62    0.75445    1.01236  34.2%   277 5496s
 2302360 1752455     cutoff   40         0.75445    1.01214  34.2%   277 5503s
 2305659 1754073     cutoff   38         0.75445    1.01193  34.1%   277 5511s
 2308537 1755847    0.93196   41   46    0.75445    1.01173  34.1%   277 5519s
 2311733 1757792    0.97540   40   49    0.75445    1.01154  34.1%   277 5527s
 2315104 1759684    0.88443   38   54    0.75445    1.01130  34.0%   277 5535s
 2318532 1761414    0.97682   41   52    0.75445    1.01107  34.0%   277 5543s
 2321807 1763319     cutoff   39         0.75445    1.01085  34.0%   277 5550s
 2325186 1765211    0.83383   37   48    0.75445    1.01064  34.0%   277 5558s
 2328468 1767207    0.96649   41   52    0.75445    1.01041  33.9%   277 5566s
 2331887 1769025    0.95830   39   51    0.75445    1.01020  33.9%   277 5574s
 2335103 1770943    0.95076   43   43    0.75445    1.00999  33.9%   277 5582s
 2338423 1772874    0.90599   33   50    0.75445    1.00977  33.8%   277 5590s
 2341756 1774717    0.93881   41   63    0.75445    1.00957  33.8%   276 5598s
 2345090 1776549    0.92367   42   48    0.75445    1.00935  33.8%   276 5606s
 2348317 1778441    0.96207   40   51    0.75445    1.00914  33.8%   276 5614s
 2351609 1779911    0.86075   32   53    0.75445    1.00893  33.7%   276 5624s
 2354133 1780784     cutoff   32         0.75445    1.00875  33.7%   276 5634s
H2354717 1780784                       0.7544502    1.00874  33.7%   276 5635s
 2355706 1782741    0.93182   39   49    0.75445    1.00873  33.7%   276 5644s
 2359280 1784808    0.85037   36   51    0.75445    1.00869  33.7%   276 5654s
 2362898 1786892    0.93908   38   48    0.75445    1.00824  33.6%   276 5663s
 2366610 1788838    0.81990   36   52    0.75445    1.00797  33.6%   276 5671s
 2370104 1790740    0.91114   39   57    0.75445    1.00773  33.6%   276 5679s
 2373447 1792247    0.94696   44   43    0.75445    1.00752  33.5%   276 5687s
 2376201 1792318     cutoff   32         0.75445    1.00733  33.5%   276 5698s
 2376310 1792498    0.95021   41   49    0.75445    1.00731  33.5%   276 5708s
 2376610 1793396 infeasible   37         0.75445    1.00730  33.5%   276 5720s
 2378219 1795551    0.82400   36   46    0.75445    1.00729  33.5%   276 5731s
 2382025 1798051    0.89914   33   61    0.75445    1.00728  33.5%   276 5742s
 2386381 1800323    0.96397   38   54    0.75445    1.00710  33.5%   276 5752s
 2390424 1802587     cutoff   40         0.75445    1.00672  33.4%   276 5761s
 2394339 1804599    0.91839   38   52    0.75445    1.00640  33.4%   276 5770s
 2397980 1806594    0.96965   33   70    0.75445    1.00612  33.4%   276 5779s
 2401600 1808443    0.97815   41   46    0.75445    1.00590  33.3%   276 5787s
 2404792 1810289    0.99620   40   58    0.75445    1.00567  33.3%   276 5795s
 2408102 1812156    0.94763   39   54    0.75445    1.00536  33.3%   276 5803s
 2411516 1814050    0.94786   42   46    0.75445    1.00504  33.2%   276 5811s
 2414904 1815932    0.96399   39   51    0.75445    1.00484  33.2%   276 5819s
 2418387 1817706    0.94772   38   57    0.75445    1.00461  33.2%   276 5827s
 2421544 1819610    0.96784   37   56    0.75445    1.00441  33.1%   276 5835s
 2425016 1821492    0.95775   41   49    0.75445    1.00418  33.1%   276 5843s
 2428379 1823447    0.92502   35   62    0.75445    1.00397  33.1%   276 5850s
 2431790 1825254    0.97019   37   58    0.75445    1.00376  33.0%   276 5859s
 2434986 1827207    0.90140   37   63    0.75445    1.00359  33.0%   276 5867s
 2438445 1829140    0.88884   36   61    0.75445    1.00337  33.0%   276 5875s
 2441802 1830955    0.77612   39   45    0.75445    1.00316  33.0%   276 5882s
 2445052 1832798    0.93428   37   60    0.75445    1.00295  32.9%   276 5890s
 2448412 1834755    0.94572   38   50    0.75445    1.00275  32.9%   276 5898s
 2451801 1836613    0.96384   40   51    0.75445    1.00253  32.9%   276 5906s
 2455009 1838484    0.95183   41   59    0.75445    1.00232  32.9%   276 5914s
 2458322 1839960     cutoff   38         0.75445    1.00214  32.8%   276 5921s
 2460941 1841880    0.95505   37   53    0.75445    1.00195  32.8%   276 5929s
 2464294 1843765     cutoff   39         0.75445    1.00176  32.8%   276 5937s
 2467664 1845626    0.86998   41   49    0.75445    1.00155  32.8%   276 5945s
 2470941 1847493    0.96066   38   47    0.75445    1.00133  32.7%   276 5953s
 2474171 1849309    0.90515   40   49    0.75445    1.00113  32.7%   276 5960s
 2477403 1851151    0.96216   37   54    0.75445    1.00093  32.7%   276 5969s
 2480697 1853050     cutoff   34         0.75445    1.00074  32.6%   276 5977s
 2484009 1854917    0.94882   40   59    0.75445    1.00053  32.6%   276 5984s
 2487257 1856789     cutoff   36         0.75445    1.00033  32.6%   276 5992s
 2490659 1858827     cutoff   41         0.75445    1.00012  32.6%   276 6000s
 2494042 1860679    0.94678   41   50    0.75445    0.99992  32.5%   276 6008s
 2497352 1862502    0.91632   37   63    0.75445    0.99972  32.5%   276 6016s
 2500622 1864302    0.95809   36   59    0.75445    0.99950  32.5%   276 6023s
 2503943 1866139    0.92738   37   55    0.75445    0.99930  32.5%   276 6031s
 2507146 1867932    0.96090   40   55    0.75445    0.99911  32.4%   276 6039s
 2510427 1869780     cutoff   37         0.75445    0.99889  32.4%   276 6047s
 2513673 1871539    0.98422   40   58    0.75445    0.99871  32.4%   276 6054s
 2516991 1873347    0.93403   39   47    0.75445    0.99850  32.3%   276 6062s
 2520207 1875264    0.91071   40   50    0.75445    0.99831  32.3%   276 6070s
 2523605 1877085    0.92822   36   48    0.75445    0.99811  32.3%   276 6078s
 2526819 1878993    0.94690   37   52    0.75445    0.99790  32.3%   276 6085s
 2530185 1880872    0.92880   35   63    0.75445    0.99770  32.2%   276 6093s
 2533516 1882704    0.94304   35   63    0.75445    0.99751  32.2%   276 6101s
 2536739 1884544    0.75837   42   46    0.75445    0.99730  32.2%   276 6108s
 2540018 1886351    0.82700   35   53    0.75445    0.99711  32.2%   276 6116s
 2543252 1888186    0.96689   38   48    0.75445    0.99691  32.1%   276 6124s
 2546491 1889991    0.93234   36   57    0.75445    0.99671  32.1%   276 6132s
 2549840 1891714    0.89123   35   54    0.75445    0.99651  32.1%   276 6140s
 2553125 1893615     cutoff   39         0.75445    0.99632  32.1%   276 6148s
 2556485 1895521    0.94151   37   56    0.75445    0.99612  32.0%   276 6156s
 2559877 1897235    0.95668   38   53    0.75445    0.99591  32.0%   276 6164s
 2563034 1899102     cutoff   38         0.75445    0.99572  32.0%   276 6172s
 2566301 1900981    0.94925   36   57    0.75445    0.99552  32.0%   276 6180s
 2569702 1902923    0.88118   36   50    0.75445    0.99534  31.9%   276 6187s
 2573067 1904707    0.94401   35   54    0.75445    0.99513  31.9%   276 6195s
 2576265 1906599     cutoff   37         0.75445    0.99494  31.9%   276 6203s
 2579644 1908505    0.89898   42   48    0.75445    0.99473  31.8%   276 6211s
 2582964 1910480    0.94729   39   56    0.75445    0.99454  31.8%   276 6219s
 2586328 1912302    0.92787   40   45    0.75445    0.99434  31.8%   276 6227s
 2589579 1913744    0.80416   40   44    0.75445    0.99415  31.8%   276 6234s
 2592195 1915644    0.94023   43   43    0.75445    0.99399  31.8%   276 6243s
 2595625 1917550    0.94876   40   58    0.75445    0.99379  31.7%   276 6251s
 2599077 1919473     cutoff   37         0.75445    0.99357  31.7%   276 6259s
 2602447 1921336    0.90337   35   60    0.75445    0.99337  31.7%   276 6268s
 2605851 1923235    0.92596   40   48    0.75445    0.99318  31.6%   276 6276s
 2609176 1925080    0.89799   42   46    0.75445    0.99298  31.6%   276 6284s
 2612450 1927024    0.94358   37   45    0.75445    0.99279  31.6%   276 6292s
 2615793 1928883    0.91328   35   49    0.75445    0.99260  31.6%   276 6300s
 2619056 1930625    0.96159   40   46    0.75445    0.99241  31.5%   276 6308s
 2622292 1932494     cutoff   35         0.75445    0.99223  31.5%   276 6316s
 2625639 1934375    0.97011   38   47    0.75445    0.99204  31.5%   276 6324s
 2629006 1936217    0.90739   36   53    0.75445    0.99183  31.5%   276 6332s
 2632285 1938134     cutoff   38         0.75445    0.99164  31.4%   276 6340s
 2635632 1940132    0.92868   38   53    0.75445    0.99145  31.4%   276 6348s
 2638971 1942021    0.95285   39   58    0.75445    0.99127  31.4%   276 6356s
 2642303 1943838    0.89190   41   49    0.75445    0.99107  31.4%   276 6364s
 2645608 1945745    0.94017   39   53    0.75445    0.99087  31.3%   276 6372s
 2648942 1947622    0.95121   39   46    0.75445    0.99069  31.3%   276 6380s
 2652197 1949515    0.76746   36   45    0.75445    0.99049  31.3%   276 6388s
 2655465 1951343    0.90403   42   47    0.75445    0.99030  31.3%   276 6396s
 2658852 1953127    0.91994   41   50    0.75445    0.99013  31.2%   276 6404s
 2662054 1954943    0.92658   34   59    0.75445    0.98994  31.2%   276 6412s
 2665375 1956752    0.95392   42   53    0.75445    0.98973  31.2%   276 6420s
 2668721 1958589    0.90888   39   48    0.75445    0.98956  31.2%   276 6427s
 2672044 1960395    0.91766   37   59    0.75445    0.98935  31.1%   276 6435s
 2675385 1962205    0.93066   42   45    0.75445    0.98918  31.1%   276 6442s
 2678689 1963986    0.94289   39   52    0.75445    0.98899  31.1%   276 6450s
 2681986 1965628    0.91174   37   52    0.75445    0.98880  31.1%   276 6457s
 2685024 1967585 infeasible   38         0.75445    0.98861  31.0%   276 6466s
 2688417 1969453    0.94816   40   53    0.75445    0.98843  31.0%   276 6474s
 2691788 1971308    0.90018   32   64    0.75445    0.98823  31.0%   276 6481s
 2695091 1971356    0.90667   36   49    0.75445    0.98803  31.0%   276 6493s
H2695096 1971355                       0.7544504    0.98803  31.0%   276 6493s
 2695173 1971904     cutoff   40         0.75445    0.98802  31.0%   276 6502s
 2696140 1973136    0.90340   37   48    0.75445    0.98801  31.0%   276 6513s
 2698329 1974711    0.91694   37   53    0.75445    0.98800  31.0%   276 6522s
 2701152 1976755    0.92395   39   51    0.75445    0.98798  31.0%   276 6531s
 2704804 1978826    0.96324   40   50    0.75445    0.98785  30.9%   276 6540s
 2708384 1980761    0.90016   40   47    0.75445    0.98739  30.9%   276 6548s
 2711868 1982807    0.93884   41   46    0.75445    0.98710  30.8%   276 6557s
 2715395 1984711    0.91974   34   53    0.75445    0.98688  30.8%   276 6565s
 2718749 1986517     cutoff   35         0.75445    0.98670  30.8%   276 6573s
 2722055 1988200     cutoff   38         0.75445    0.98651  30.8%   276 6581s
 2725022 1990148    0.85689   38   59    0.75445    0.98633  30.7%   276 6590s
 2728515 1992073    0.77518   38   51    0.75445    0.98613  30.7%   276 6598s
 2731873 1993899    0.95234   38   46    0.75445    0.98594  30.7%   276 6606s
 2735198 1995630    0.92946   34   56    0.75445    0.98575  30.7%   276 6613s
 2738435 1997424     cutoff   42         0.75445    0.98558  30.6%   276 6621s
 2741700 1999291    0.93179   36   47    0.75445    0.98540  30.6%   276 6629s
 2744950 2001089     cutoff   34         0.75445    0.98523  30.6%   276 6637s
 2748335 2002904    0.92061   39   46    0.75445    0.98504  30.6%   276 6645s
 2751665 2004613    0.92885   36   52    0.75445    0.98485  30.5%   276 6653s
 2754853 2006466    0.94842   41   46    0.75445    0.98467  30.5%   276 6660s
 2758226 2008371    0.91177   33   65    0.75445    0.98449  30.5%   276 6668s
 2761603 2010055    0.92098   43   42    0.75445    0.98429  30.5%   276 6676s
 2764781 2011886     cutoff   33         0.75445    0.98411  30.4%   276 6684s
 2768137 2013685 infeasible   40         0.75445    0.98394  30.4%   276 6692s
 2771479 2015513    0.93320   37   48    0.75445    0.98374  30.4%   276 6700s
 2774710 2017315    0.92154   38   48    0.75445    0.98356  30.4%   276 6708s
 2778011 2019193    0.96284   41   40    0.75445    0.98338  30.3%   276 6715s
 2781337 2021020    0.89572   42   52    0.75445    0.98318  30.3%   276 6723s
 2784627 2022814    0.91503   41   50    0.75445    0.98302  30.3%   276 6731s
 2787945 2024646    0.89594   39   51    0.75445    0.98282  30.3%   276 6738s
 2791290 2026518    0.92852   39   52    0.75445    0.98262  30.2%   276 6746s
 2794610 2028183    0.78674   39   44    0.75445    0.98245  30.2%   276 6753s
 2797701 2029980    0.91099   39   53    0.75445    0.98228  30.2%   276 6761s
 2801042 2031798    0.89471   40   50    0.75445    0.98209  30.2%   276 6769s
 2804406 2033504    0.86119   42   47    0.75445    0.98191  30.1%   276 6776s
 2807726 2035435    0.87633   37   54    0.75445    0.98172  30.1%   276 6784s
 2811166 2037158    0.94136   41   46    0.75445    0.98154  30.1%   275 6792s
 2814492 2039046    0.82442   41   45    0.75445    0.98135  30.1%   275 6799s
 2817804 2040939    0.95668   42   51    0.75445    0.98116  30.1%   275 6807s
 2821241 2042650    0.92559   41   48    0.75445    0.98099  30.0%   275 6815s
 2824379 2044232    0.89239   40   47    0.75445    0.98082  30.0%   275 6823s
 2827270 2045998    0.84902   41   46    0.75445    0.98064  30.0%   275 6831s
 2830698 2047975    0.92123   44   45    0.75445    0.98047  30.0%   275 6838s
 2834166 2049831    0.88266   32   55    0.75445    0.98027  29.9%   275 6846s
 2837556 2051656    0.87697   37   53    0.75445    0.98010  29.9%   275 6854s
 2840929 2053430     cutoff   36         0.75445    0.97992  29.9%   275 6862s
 2844273 2055167    0.97738   39   62    0.75445    0.97975  29.9%   275 6870s
 2847536 2056896    0.91922   41   47    0.75445    0.97956  29.8%   275 6877s
 2850833 2058698    0.92582   34   48    0.75445    0.97938  29.8%   275 6885s
 2854211 2060409    0.97214   40   46    0.75445    0.97920  29.8%   275 6893s
 2857494 2062296    0.92567   39   49    0.75445    0.97902  29.8%   275 6901s
 2860834 2064107    0.93523   32   66    0.75445    0.97883  29.7%   275 6908s
 2864194 2065870    0.94102   37   52    0.75445    0.97865  29.7%   275 6916s
 2867511 2067657    0.78507   39   47    0.75445    0.97847  29.7%   275 6924s
 2870797 2069382    0.92115   37   53    0.75445    0.97830  29.7%   275 6932s
 2874021 2071032     cutoff   40         0.75445    0.97813  29.6%   275 6939s
 2877281 2072785    0.92570   42   46    0.75445    0.97795  29.6%   275 6947s
 2880608 2074651    0.84582   38   57    0.75445    0.97777  29.6%   275 6955s
 2883995 2076408     cutoff   38         0.75445    0.97758  29.6%   275 6963s
 2887296 2078107     cutoff   39         0.75445    0.97740  29.6%   275 6971s
 2890503 2079925    0.91872   37   50    0.75445    0.97724  29.5%   275 6979s
 2893812 2081321    0.89341   42   48    0.75445    0.97706  29.5%   275 6986s
 2896559 2083160     cutoff   34         0.75445    0.97690  29.5%   275 6994s
 2900032 2084944    0.91805   41   57    0.75445    0.97672  29.5%   275 7002s
 2903424 2086721    0.94052   35   49    0.75445    0.97654  29.4%   275 7010s
 2906854 2088500    0.93415   41   48    0.75445    0.97635  29.4%   275 7019s
 2910287 2090199    0.94294   40   60    0.75445    0.97619  29.4%   275 7026s
 2913539 2091868    0.91489   40   47    0.75445    0.97600  29.4%   275 7034s
 2916789 2093574     cutoff   40         0.75445    0.97584  29.3%   275 7042s
 2920045 2095355    0.89240   42   46    0.75445    0.97567  29.3%   275 7050s
 2923414 2097133     cutoff   36         0.75445    0.97550  29.3%   275 7058s
 2926746 2098794    0.92710   39   56    0.75445    0.97532  29.3%   275 7066s
 2930078 2100469    0.76464   41   46    0.75445    0.97515  29.3%   275 7074s
 2933399 2102118    0.88456   35   55    0.75445    0.97496  29.2%   275 7081s
 2936662 2103841    0.91040   40   56    0.75445    0.97480  29.2%   275 7089s
 2940020 2105555    0.89322   41   44    0.75445    0.97463  29.2%   275 7097s
 2943316 2107237     cutoff   36         0.75445    0.97445  29.2%   275 7105s
 2946595 2108971    0.89611   40   46    0.75445    0.97428  29.1%   275 7113s
 2949932 2110665    0.92789   42   49    0.75445    0.97411  29.1%   275 7121s
 2953237 2112359    0.90589   41   49    0.75445    0.97393  29.1%   275 7128s
 2956536 2114074     cutoff   32         0.75445    0.97377  29.1%   275 7136s
 2959873 2115732    0.75581   38   53    0.75445    0.97359  29.0%   275 7144s
 2963063 2117349    0.87767   44   44    0.75445    0.97343  29.0%   275 7152s
 2966332 2119148    0.86775   37   53    0.75445    0.97325  29.0%   275 7160s
 2969718 2120850     cutoff   38         0.75445    0.97308  29.0%   275 7168s
 2972983 2122463    0.89226   42   45    0.75445    0.97291  29.0%   275 7176s
 2976232 2124196    0.80311   39   52    0.75445    0.97275  28.9%   275 7184s
 2979545 2125896    0.90100   41   57    0.75445    0.97256  28.9%   275 7191s
 2982836 2127465     cutoff   36         0.75445    0.97240  28.9%   275 7199s
 2986004 2129103    0.94923   42   45    0.75445    0.97224  28.9%   275 7207s
 2989341 2130685     cutoff   38         0.75445    0.97207  28.8%   275 7215s
 2992594 2132340    0.92883   42   48    0.75445    0.97190  28.8%   275 7223s
 2995922 2134031    0.89255   41   41    0.75445    0.97172  28.8%   275 7231s
 2999123 2135784    0.91939   38   57    0.75445    0.97156  28.8%   275 7239s
 3002563 2137332    0.91635   40   54    0.75445    0.97139  28.8%   275 7247s
 3005591 2139106     cutoff   38         0.75445    0.97122  28.7%   275 7255s
 3009147 2140867    0.82424   45   41    0.75445    0.97103  28.7%   275 7264s
 3012623 2142558    0.90223   42   44    0.75445    0.97086  28.7%   275 7271s
 3016024 2144288     cutoff   34         0.75445    0.97071  28.7%   275 7279s
 3019367 2145932    0.89738   34   50    0.75445    0.97053  28.6%   275 7287s
 3022730 2147624    0.93858   38   56    0.75445    0.97036  28.6%   275 7295s
 3026096 2149325    0.93594   41   51    0.75445    0.97021  28.6%   275 7303s
 3029449 2151003    0.86643   38   50    0.75445    0.97002  28.6%   275 7311s
 3032713 2152682    0.93911   40   50    0.75445    0.96984  28.5%   275 7319s
 3036076 2154357     cutoff   35         0.75445    0.96967  28.5%   275 7327s
 3039448 2156012    0.88381   34   57    0.75445    0.96951  28.5%   275 7335s
 3042759 2157591    0.90891   39   49    0.75445    0.96935  28.5%   275 7343s
 3045945 2159198     cutoff   38         0.75445    0.96919  28.5%   275 7351s
 3049175 2160869     cutoff   41         0.75445    0.96901  28.4%   275 7359s
 3052574 2162532    0.90282   37   61    0.75445    0.96885  28.4%   275 7367s
 3055887 2164229    0.96190   38   40    0.75445    0.96868  28.4%   275 7375s
 3059247 2165896    0.87622   38   47    0.75445    0.96850  28.4%   275 7383s
 3062523 2167107    0.81990   38   56    0.75445    0.96835  28.4%   275 7390s
 3065226 2168877    0.92374   37   51    0.75445    0.96821  28.3%   275 7398s
 3068722 2170610    0.87453   33   57    0.75445    0.96804  28.3%   275 7407s
 3072118 2172234    0.90945   42   45    0.75445    0.96786  28.3%   275 7415s
 3075515 2173992    0.94072   38   64    0.75445    0.96770  28.3%   275 7423s
 3078925 2175595    0.94710   37   46    0.75445    0.96752  28.2%   275 7431s
 3082252 2177260    0.91458   33   58    0.75445    0.96736  28.2%   275 7439s
 3085567 2178965    0.90555   40   48    0.75445    0.96720  28.2%   275 7447s
 3088948 2180589    0.86527   34   47    0.75445    0.96703  28.2%   275 7455s
 3092172 2182131     cutoff   41         0.75445    0.96687  28.2%   275 7463s
 3095407 2183832    0.91189   37   51    0.75445    0.96673  28.1%   275 7470s
 3098847 2185574    0.95568   41   51    0.75445    0.96655  28.1%   275 7478s
 3102157 2187224    0.88520   35   63    0.75445    0.96637  28.1%   275 7486s
 3105368 2188890    0.92468   37   59    0.75445    0.96622  28.1%   275 7494s
 3108745 2190436    0.88864   42   47    0.75445    0.96605  28.0%   275 7502s
 3112018 2192126     cutoff   39         0.75445    0.96588  28.0%   275 7510s
 3115356 2193772    0.91250   39   58    0.75445    0.96572  28.0%   275 7518s
 3118638 2195455    0.92372   42   44    0.75445    0.96556  28.0%   275 7526s
 3121993 2197077    0.92099   39   50    0.75445    0.96538  28.0%   275 7534s
 3125283 2198684    0.90286   39   58    0.75445    0.96522  27.9%   275 7542s
 3128587 2200409    0.92149   40   52    0.75445    0.96506  27.9%   275 7550s
 3131845 2202066    0.84093   32   67    0.75445    0.96490  27.9%   275 7558s
 3135150 2203693    0.92831   39   64    0.75445    0.96473  27.9%   275 7566s
 3138529 2205343 infeasible   40         0.75445    0.96457  27.9%   275 7574s
 3141817 2207052     cutoff   35         0.75445    0.96441  27.8%   275 7582s
 3145177 2208674     cutoff   41         0.75445    0.96424  27.8%   275 7590s
 3148521 2210240    0.89149   38   49    0.75445    0.96406  27.8%   275 7597s
 3151718 2211871    0.92631   39   51    0.75445    0.96391  27.8%   275 7606s
 3155067 2213463    0.85169   33   55    0.75445    0.96374  27.7%   274 7614s
 3158267 2215080     cutoff   37         0.75445    0.96359  27.7%   274 7622s
 3161594 2216762    0.83732   37   52    0.75445    0.96342  27.7%   274 7630s
 3164917 2218501    0.90962   40   48    0.75445    0.96325  27.7%   274 7638s
 3168266 2220063    0.90593   37   57    0.75445    0.96308  27.7%   274 7646s
 3171565 2221714    0.91926   37   61    0.75445    0.96292  27.6%   274 7654s
 3174898 2222993    0.89780   37   50    0.75445    0.96277  27.6%   274 7661s
 3177728 2224869    0.88876   41   42    0.75445    0.96262  27.6%   274 7671s
 3181584 2226645    0.90287   39   56    0.75445    0.96244  27.6%   274 7679s
 3185091 2228257    0.90347   38   60    0.75445    0.96227  27.5%   274 7687s
 3188490 2229869    0.91260   40   49    0.75445    0.96211  27.5%   274 7695s
 3191966 2231469    0.86764   37   52    0.75445    0.96195  27.5%   274 7703s
 3195414 2233146    0.93397   44   44    0.75445    0.96178  27.5%   274 7711s
 3198784 2234641    0.90949   38   56    0.75445    0.96162  27.5%   274 7719s
 3202175 2236174    0.88922   35   52    0.75445    0.96146  27.4%   274 7727s
 3205500 2237799    0.91476   35   59    0.75445    0.96129  27.4%   274 7735s
 3208878 2239343    0.83852   38   54    0.75445    0.96112  27.4%   274 7743s
 3212233 2240939    0.87949   41   41    0.75445    0.96096  27.4%   274 7751s
 3215553 2242497    0.78414   36   48    0.75445    0.96080  27.4%   274 7758s
 3218764 2244157    0.89523   39   59    0.75445    0.96064  27.3%   274 7766s
 3222125 2245756    0.91256   42   54    0.75445    0.96048  27.3%   274 7775s
 3225409 2247211 infeasible   41         0.75445    0.96033  27.3%   274 7782s
 3228604 2248793    0.94054   40   48    0.75445    0.96017  27.3%   274 7790s
 3231886 2250368    0.91023   41   55    0.75445    0.96002  27.2%   274 7798s
 3235204 2252021     cutoff   38         0.75445    0.95986  27.2%   274 7806s
 3238580 2253646    0.92012   40   49    0.75445    0.95970  27.2%   274 7814s
 3241940 2255185    0.89752   42   52    0.75445    0.95954  27.2%   274 7822s
 3245184 2256695    0.84180   37   47    0.75445    0.95939  27.2%   274 7830s
 3248395 2258200    0.93461   42   46    0.75445    0.95923  27.1%   274 7838s
 3251671 2259686    0.88085   37   53    0.75445    0.95908  27.1%   274 7846s
 3255025 2261244    0.93086   41   53    0.75445    0.95891  27.1%   274 7853s
 3258386 2262828    0.84150   40   51    0.75445    0.95876  27.1%   274 7861s
 3261651 2264333    0.81421   45   42    0.75445    0.95862  27.1%   274 7869s
 3264838 2265966     cutoff   35         0.75445    0.95845  27.0%   274 7877s
 3268190 2267548    0.89833   38   45    0.75445    0.95830  27.0%   274 7885s
 3271457 2269046    0.88539   39   49    0.75445    0.95814  27.0%   274 7893s
 3274755 2270221    0.83125   41   47    0.75445    0.95799  27.0%   274 7901s
 3277477 2271829     cutoff   38         0.75445    0.95785  27.0%   274 7909s
 3280901 2273430     cutoff   40         0.75445    0.95770  26.9%   274 7918s
 3284346 2275101    0.86896   41   48    0.75445    0.95753  26.9%   274 7926s
 3287767 2276700     cutoff   40         0.75445    0.95738  26.9%   274 7934s
 3291121 2278311    0.88989   37   52    0.75445    0.95723  26.9%   274 7942s
 3294402 2279873    0.91448   38   46    0.75445    0.95707  26.9%   274 7950s
 3297734 2281481    0.88877   42   48    0.75445    0.95692  26.8%   274 7958s
 3301074 2282995    0.88691   35   54    0.75445    0.95676  26.8%   274 7966s
 3304352 2284564     cutoff   39         0.75445    0.95660  26.8%   274 7974s
 3307729 2286086     cutoff   39         0.75445    0.95645  26.8%   274 7982s
 3311035 2287610    0.92736   36   59    0.75445    0.95630  26.8%   274 7990s
 3314241 2289090     cutoff   37         0.75445    0.95615  26.7%   274 7998s
 3317631 2290567     cutoff   43         0.75445    0.95601  26.7%   274 8006s
 3320975 2292085    0.91212   40   44    0.75445    0.95584  26.7%   274 8014s
 3324274 2293689    0.89390   36   56    0.75445    0.95570  26.7%   274 8022s
 3327580 2295240    0.90400   39   59    0.75445    0.95555  26.7%   274 8030s
 3330878 2296814    0.91940   37   51    0.75445    0.95538  26.6%   274 8038s
 3334139 2298456     cutoff   39         0.75445    0.95522  26.6%   274 8046s
 3337489 2299972    0.94631   37   55    0.75445    0.95507  26.6%   274 8054s
 3340889 2301415    0.83994   40   43    0.75445    0.95492  26.6%   274 8062s
 3344188 2302863    0.88712   36   52    0.75445    0.95477  26.6%   274 8070s
 3347562 2304431    0.90138   40   51    0.75445    0.95461  26.5%   274 8078s
 3350825 2306012    0.91496   36   54    0.75445    0.95446  26.5%   274 8086s
 3354205 2307493    0.86684   34   51    0.75445    0.95431  26.5%   274 8094s
