source: 0 target: 1 model_arch: 3x50 perturbation type: brightness perturbation size: [0.25] dataset: mnist
Attack:   0%|          | 0/500 [00:00<?, ?it/s]Attack:   2%|▏         | 9/500 [00:00<00:05, 88.79it/s]Attack:   9%|▉         | 47/500 [00:00<00:01, 258.34it/s]Attack:  17%|█▋        | 85/500 [00:00<00:01, 311.15it/s]Attack:  25%|██▍       | 123/500 [00:00<00:01, 337.94it/s]Attack:  32%|███▏      | 162/500 [00:00<00:00, 353.17it/s]Attack:  40%|████      | 200/500 [00:00<00:00, 360.60it/s]Attack:  48%|████▊     | 238/500 [00:00<00:00, 365.31it/s]Attack:  55%|█████▌    | 276/500 [00:00<00:00, 368.96it/s]Attack:  63%|██████▎   | 315/500 [00:00<00:00, 372.46it/s]Attack:  71%|███████▏  | 357/500 [00:01<00:00, 384.68it/s]Attack:  80%|████████  | 400/500 [00:01<00:00, 395.94it/s]Attack:  89%|████████▊ | 443/500 [00:01<00:00, 404.20it/s]Attack:  97%|█████████▋| 486/500 [00:01<00:00, 409.91it/s]Attack: 100%|█████████▉| 499/500 [00:01<00:00, 368.87it/s]
best_val 0.0
Set parameter WLSAccessID
Set parameter WLSSecret
Set parameter LicenseID to value 2478548
Academic license 2478548 - for non-commercial use only - registered to ne___@campus.technion.ac.il
WARNING: --geometric_intervals only applies to translation/rotation (pixel-relocation moves); perturbation 'brightness' is unaffected. Falling back to geometric_intervals=off.
Standard mode: boosts enabled:
  PerturbedIntervals:                 true
  Absolute Zonotope (Source B on N1): true
  Per-Copy Triangle Drop τ:           0.5
  Sibling-Gated Refinement:           true
Model accuracy: 0.9694
Standard-mode boost: computing absolute zonotope bounds (Source B) on N1...
compute_n2_bounds_zonotope_with_n1_tighten: Source A absent — propagating absolute zonotope only (standard-mode nn1 boost path)
compute_n2_bounds_zonotope_with_n1_tighten: populated 2 ReLU layers
  Source B bounds computed: 2 ReLU layers
compute_n2_pert_relaxation_bounds: populated 2 ReLU layers
compute_n2_relax_decision!: τ=0.5, both=13 org-only=0 pert-only=0 none=74 (plus 13 stable neurons)
[notice | Main.MIPVerify]: Determining upper and lower bounds for the input to each non-linear unit.
Set parameter WLSAccessID
Set parameter WLSSecret
Set parameter LicenseID to value 2478548
Academic license 2478548 - for non-commercial use only - registered to ne___@campus.technion.ac.il
Set parameter TimeLimit to value 5
Set parameter TimeLimit to value 5
Set parameter WLSAccessID
Set parameter WLSSecret
Set parameter LicenseID to value 2478548
Academic license 2478548 - for non-commercial use only - registered to ne___@campus.technion.ac.il
Set parameter MIPFocus to value 3
Set parameter Cutoff to value 0
Set parameter Threads to value 32
Set parameter TimeLimit to value 10800
Set parameter MIPGap to value 0.01
Set parameter Seed to value 4
Set parameter Seed to value 4
Set parameter MIPGap to value 0.01
Set parameter MIPFocus to value 3
Set parameter Cutoff to value 0
Set parameter Threads to value 32
Set parameter TimeLimit to value 10800
Warning for adding constraints: zero or small (< 1e-13) coefficients, ignored
Gurobi Optimizer version 13.0.0 build v13.0.0rc1 (linux64 - "Ubuntu 20.04.2 LTS")

CPU model: AMD EPYC 7713 64-Core Processor, instruction set [SSE2|AVX|AVX2]
Thread count: 127 physical cores, 255 logical processors, using up to 32 threads

Non-default parameters:
Cutoff  0
TimeLimit  10800
MIPGap  0.01
MIPFocus  3
Seed  4
Threads  32

Academic license 2478548 - for non-commercial use only - registered to ne___@campus.technion.ac.il
Optimize a model with 1707 rows, 1903 columns and 159089 nonzeros (Max)
Model fingerprint: 0xd534b204
Model has 1 linear objective coefficients
Variable types: 1755 continuous, 148 integer (148 binary)
Coefficient statistics:
  Matrix range     [1e-13, 3e+01]
  Objective range  [1e+00, 1e+00]
  Bounds range     [2e-09, 3e+01]
  RHS range        [4e-13, 2e+01]
Presolve removed 288 rows and 17 columns
Presolve time: 0.18s
Presolved: 1419 rows, 1888 columns, 140562 nonzeros
Variable types: 1740 continuous, 148 integer (148 binary)
Root relaxation presolve removed 91 rows and 91 columns
Root relaxation presolved: 1328 rows, 1797 columns, 140289 nonzeros


Root relaxation: objective 3.822652e+01, 1393 iterations, 0.17 seconds (0.32 work units)

    Nodes    |    Current Node    |     Objective Bounds      |     Work
 Expl Unexpl |  Obj  Depth IntInf | Incumbent    BestBd   Gap | It/Node Time

     0     0   38.22652    0   60          -   38.22652      -     -    0s
     0     0   37.15204    0   60          -   37.15204      -     -    1s
     0     0   37.15204    0   57          -   37.15204      -     -    1s
     0     0   36.97853    0   57          -   36.97853      -     -    1s
     0     0   36.41887    0   62          -   36.41887      -     -    2s
     0     0   36.41887    0   57          -   36.41887      -     -    2s
     0     0   36.37445    0   58          -   36.37445      -     -    2s
     0     0   36.35560    0   60          -   36.35560      -     -    2s
     0     0   36.35366    0   61          -   36.35366      -     -    2s
     0     0   36.35360    0   61          -   36.35360      -     -    2s
     0     0   36.13769    0   60          -   36.13769      -     -    3s
     0     0   36.13769    0   59          -   36.13769      -     -    3s
     0     0   35.80524    0   67          -   35.80524      -     -    4s
     0     0   35.67800    0   66          -   35.67800      -     -    4s
     0     0   35.67800    0   67          -   35.67800      -     -    4s
     0     0   35.67800    0   64          -   35.67800      -     -    4s
     0     0   35.67800    0   64          -   35.67800      -     -    4s
     0     0   35.28750    0   65          -   35.28750      -     -    4s
     0     0   35.28750    0   61          -   35.28750      -     -    5s
     0     0   35.24444    0   68          -   35.24444      -     -    5s
     0     0   35.21773    0   63          -   35.21773      -     -    5s
     0     0   35.20538    0   65          -   35.20538      -     -    5s
     0     0   35.19775    0   66          -   35.19775      -     -    5s
     0     0   35.18277    0   66          -   35.18277      -     -    5s
     0     0   35.18277    0   66          -   35.18277      -     -    6s
     0     0   34.76463    0   65          -   34.76463      -     -    6s
     0     0   34.76463    0   60          -   34.76463      -     -    7s
     0     0   33.47447    0   60          -   33.47447      -     -    8s
     0     0   33.47447    0   59          -   33.47447      -     -    8s
     0     2   33.47447    0   59          -   33.47447      -     -    9s
     1     4   33.47447    1   61          -   33.47447      -  1091   10s
    15    32   30.79144    4   64          -   31.64078      -   960   16s
    31    64   29.48665    5   64          -   30.77824      -  1093   20s
    95   130   26.33049    7   65          -   28.13147      -  1246   25s
   291   350   26.29982    6   59          -   26.98492      -   961   30s
   451   500   19.96118    8   50          -   26.08409      -   914   35s
   628   684   19.90293    8   50          -   25.32988      -   920   40s
   832   867   20.02714   14   52          -   24.82821      -   892   46s
  1060  1103   24.11838    9   56          -   24.44709      -   843   51s
  1295  1423   23.94458   11   56          -   24.17351      -   786   55s
  2070  2254   19.50414   13   54          -   23.78596      -   616   61s
  2636  2938   21.35203   13   49          -   23.61787      -   543   65s
  2938  2939   20.93009   18   59          -   23.56955      -   509  109s
  2940  2940   20.69766   13   61          -   23.56955      -   509  112s
  2945  2944   21.58231   14   70          -   23.56955      -   508  115s
  2948  2946   19.42363   16   62          -   23.56955      -   508  120s
H 2950  2799                       0.0710117   23.56955      -   507  125s
H 2950  2659                       0.0710158   23.56955      -   507  125s
H 2950  2526                       0.0710654   23.56955      -   507  125s
H 2950  2399                       0.0710654   23.56955      -   507  125s
H 2950  2279                       0.0711983   23.56955      -   507  125s
H 2950  2165                       0.0712571   23.56955      -   507  125s
H 2950  2056                       0.0712633   23.56955      -   507  125s
H 2950  1953                       0.0712659   23.56955      -   507  125s
H 2950  1855                       0.0712772   23.56955      -   507  125s
  2953  1857   17.96814   26   61    0.07128   23.56955      -   507  131s
  2955  1861   23.56955   13   73    0.07128   23.56955      -   510  135s
  2969  1885   23.56955   16   57    0.07128   23.56955      -   513  141s
H 2971  1791                       0.0773281   23.56955      -   513  141s
H 2972  1703                       0.0858181   23.56955      -   513  141s
H 2973  1618                       0.0865377   23.56955      -   513  141s
  3017  1668   23.56955   18   54    0.08654   23.56955      -   523  146s
  3049  1706   23.56955   19   54    0.08654   23.56955      -   532  151s
  3098  1749   23.56955   20   59    0.08654   23.56955      -   539  156s
  3157  1762   23.56955   21   56    0.08654   23.56955      -   552  165s
  3190  1798   23.56955   22   57    0.08654   23.56955      -   560  171s
  3237  1814   23.56955   23   51    0.08654   23.56955      -   573  182s
  3269  1836   23.56955   24   55    0.08654   23.56955      -   582  191s
  3301  1858   23.56955   24   54    0.08654   23.56955      -   594  195s
  3334  1879   23.56955   26   52    0.08654   23.56955      -   605  207s
H 3338  1798                       0.0868010   23.56955      -   606  207s
H 3346  1719                       0.0869771   23.56955      -   608  207s
  3366  1748   23.56955   26   52    0.08698   23.56955      -   613  212s
  3402  1768   21.32165   23   53    0.08698   23.56955      -   623  217s
  3434  1791   19.52861   26   51    0.08698   23.56955      -   634  224s
H 3467  1744                       0.0869980   23.56955      -   639  229s
  3503  1773   23.13108   27   50    0.08700   23.56955      -   649  234s
  3544  1837   23.10039   26   55    0.08700   23.56955      -   657  239s
  3622  1904   22.63871   24   50    0.08700   23.55177      -   662  243s
H 3671  1819                       0.1037513   23.50773      -   663  243s
  3715  1892   22.59695   27   56    0.10375   23.43709      -   667  246s
  3803  1910   22.02766   27   46    0.10375   23.32748      -   670  251s
  3850  1948   19.51564   25   49    0.10375   23.21609      -   674  255s
H 3865  1878                       0.1037513   23.18356      -   674  255s
  3978  1977   21.99617   21   60    0.10375   23.02418      -   679  264s
  4041  2087   21.65309   21   56    0.10375   22.95627      -   681  267s
  4172  2188   21.92725   25   47    0.10375   22.87203      -   674  271s
  4316  2198   22.08929   29   41    0.10375   22.79942      -   669  275s
  4498  2455   16.62218   25   54    0.10375   22.65568      -   668  283s
  4692  2552   21.44143   27   52    0.10375   22.55437      -   657  288s
  4854  2696   20.72914   20   59    0.10375   22.44505      -   654  293s
  5052  2771    2.88461   28   27    0.10375   22.35673      -   646  298s
H 5054  2709                       0.1037513   22.35673      -   646  298s
  5193  2959   20.94012   27   47    0.10375   22.24544      -   640  303s
  5490  3162   21.86199   28   52    0.10375   22.17403      -   621  308s
  5792  3400   20.92870   23   59    0.10375   22.08327      -   605  312s
H 6130  3409                       0.1037513   22.02038      -   588  318s
H 6133  3358                       0.1037513   22.01847      -   589  318s
  6311  3589   18.15634   26   48    0.10375   21.93718      -   583  323s
H 6381  3589                       0.1037513   21.92140      -   579  323s
H 6426  3589                       0.1037513   21.90641      -   576  323s
H 6460  3589                       0.1037513   21.90134      -   575  323s
  6542  3915   19.74133   29   46    0.10375   21.87134      -   573  328s
  6868  4431   21.59098   33   41    0.10375   21.80712      -   557  332s
  7384  4686   21.19096   25   52    0.10375   21.74841      -   532  337s
  7639  4948   17.22041   23   51    0.10375   21.68151      -   523  343s
  7901  5369   19.50612   28   52    0.10375   21.61449      -   516  349s
  8322  5769   14.65390   32   36    0.10375   21.54266      -   502  355s
H 8571  5769                       0.1037513   21.50896      -   492  355s
H 8622  5769                       0.1105102   21.49317      -   491  355s
  9371  6932   20.71808   24   57    0.11051   21.41421      -   469  364s
H 9663  6932                       0.1105104   21.36936      -   460  364s
  9885  7360   18.13834   23   48    0.11051   21.33299      -   454  370s
H10095  7360                       0.1105108   21.28276      -   450  370s
 10313  8019   20.81735   28   50    0.11051   21.24921      -   445  375s
 10972  8695   16.20634   34   32    0.11051   21.17585      -   430  381s
 11648  9096   20.28715   27   50    0.11051   21.11338      -   415  388s
 12049  9287   20.91984   36   39    0.11051   21.05336      -   410  396s
 12240  9551   17.56572   35   32    0.11051   21.00640      -   407  404s
H12283  9551                       0.1105109   21.00205      -   406  404s
H12411  9551                       0.1105109   20.99102      -   403  404s
 12504  9795   16.65843   34   39    0.11051   20.96159      -   403  412s
H12705  9795                       0.1190333   20.93037      -   401  412s
 12748 10938   20.55245   28   57    0.11903   20.92073      -   400  418s
 13891 12039   17.42533   29   48    0.11903   20.85322      -   381  424s
 14992 13113   17.98308   29   44    0.11903   20.75957      -   367  431s
 16066 14631   19.67692   27   48    0.11903   20.68566      -   354  437s
 17584 16017   19.02024   28   41    0.11903   20.60876      -   336  444s
 18970 17858   17.71774   34   36    0.11903   20.53342      -   324  450s
 20811 19534   19.41852   38   27    0.11903   20.45252      -   307  457s
 22487 21168   18.51586   23   63    0.11903   20.39460      -   294  463s
 24121 22935   12.59933   32   42    0.11903   20.33254      -   285  468s
 25888 24705   17.36280   29   44    0.11903   20.25030      -   274  475s
 27658 26568   19.93726   38   40    0.11903   20.16729      -   265  481s
 29521 29704   17.38874   29   44    0.11903   20.11450      -   256  492s
 32660 30390   18.54282   38   32    0.11903   20.01705      -   244  500s
H33271 30390                       0.1190334   19.98682      -   242  500s
 33346 31412   19.83205   37   40    0.11903   19.98032      -   242  507s
 34368 32950   19.42940   38   38    0.11903   19.95027      -   238  514s
H35583 32950                       0.1190752   19.93233      -   233  514s
 35906 35158   16.00910   23   48    0.11908   19.91693      -   232  520s
 38114 37466   16.09516   32   38    0.11908   19.84735      -   225  526s
 40422 39692   17.75632   42   29    0.11908   19.79592      -   219  532s
 42648 41684   19.57461   36   41    0.11908   19.76074      -   213  538s
 44640 44591   18.84451   42   22    0.11908   19.71574      -   208  543s
 47547 47569   19.31515   55   26    0.11908   19.70078      -   201  548s
 50525 49985   19.29014   55   22    0.11908   19.65385      -   194  554s
 52941 52695   19.17111   30   42    0.11908   19.60940      -   190  559s
 55651 55632   18.95185   45   22    0.11908   19.59116      -   184  564s
 58588 63502   19.43512   55   26    0.11908   19.57146      -   179  577s
 66458 66010   18.28059   51   30    0.11908   19.52796      -   169  582s
 68966 68792   18.83897   54   29    0.11908   19.49882      -   166  588s
 71748 71938   19.45190   51   31    0.11908   19.46201      -   163  594s
 74894 74883   19.28106   52   29    0.11908   19.43635      -   160  599s
 77839 78380   19.10410   51   36    0.11908   19.42189      -   157  605s
 81338 82532   19.27759   51   32    0.11908   19.40558      -   154  611s
 85490 86312   19.01321   50   29    0.11908   19.38851      -   150  616s
 89270 96114   19.04524   54   29    0.11908   19.37413      -   147  629s
 99072 97551   18.41295   52   29    0.11908   19.33755      -   141  637s
 100509 99752   18.67677   52   30    0.11908   19.32405      -   140  644s
H100814 99752                       0.1190752   19.32223      -   140  644s
H100948 99752                       0.1190756   19.32110      -   139  644s
 102710 102578   17.94789   49   33    0.11908   19.31828      -   138  652s
H105286 102578                       0.1190757   19.30679      -   137  652s
 105536 104692   17.18263   56   25    0.11908   19.30643      -   137  660s
 107650 107995   17.20197   58   24    0.11908   19.30643      -   136  669s
H107778 107995                       0.1235653   19.30643      -   136  669s
 110953 113084   19.27309   47   36    0.12357   19.29415      -   134  675s
 116042 117308   19.27147   58   19    0.12357   19.27147      -   132  680s
 120266 126292   17.54971   51   36    0.12357   19.25937      -   130  691s
 129250 129115   18.83802   52   24    0.12357   19.23476      -   126  696s
 132073 132525   19.05051   52   34    0.12357   19.21736      -   125  701s
 135483 136018   18.77912   52   34    0.12357   19.20846      -   124  705s
 138976 139293   18.68268   53   28    0.12357   19.20412      -   123  710s
 142251 140381   19.09705   50   32    0.12357   19.19596      -   122  716s
 143339 144228   19.19162   52   23    0.12357   19.19162      -   122  721s
 147186 147882   18.92627   43   38    0.12357   19.17942      -   121  725s
 150840 155379   19.17313   49   26    0.12357   19.17313      -   120  735s
 158337 158955   18.59922   52   34    0.12357   19.15197      -   118  740s
 165307 165821   19.10188   50   38    0.12357   19.13478      -   116  749s
 168779 169476   19.12659   52   30    0.12357   19.12659      -   116  754s
 172434 172699   18.62261   53   30    0.12357   19.12079      -   115  758s
 175657 176181   19.11562   48   21    0.12357   19.11562      -   114  762s
 179139 176898   18.13336   51   28    0.12357   19.11562      -   114  770s
 179856 176930   18.70337   53   33    0.12357   19.11562      -   113  785s
H179859 176930                       0.1254155   19.10378      -   113  785s
H179861 176930                       0.1281268   19.10300      -   113  785s
 179888 208930   19.10132   51   29    0.12813   19.10132      -   113  832s
 211888 215717   19.06506   43   32    0.12813   19.06506      -   108  840s
 222025 222340   19.01646   50   39    0.12813   19.03677      -   107  848s
 225298 225933   18.84588   53   31    0.12813   19.02728      -   107  852s
 228891 227162   18.88831   53   39    0.12813   19.02537      -   106  859s
 230120 229133   18.78885   44   44    0.12813   19.02487      -   106  866s
H230655 229133                       0.1281269   19.02487      -   106  866s
 232091 231301   19.02487   49   33    0.12813   19.02487      -   106  874s
H232572 231301                       0.1283595   19.01719      -   106  874s
 234259 235764   18.79767   54   29    0.12836   19.01496      -   106  879s
 238722 239605   18.87887   57   31    0.12836   19.01122      -   105  883s
 242563 243979   17.81681   53   35    0.12836   19.00354      -   105  893s
 246937 248843   18.94493   50   41    0.12836   19.00307      -   105  899s
 251801 252933   18.86995   54   34    0.12836   18.99166      -   104  904s
 255891 256728   18.46103   52   36    0.12836   18.98775      -   104  909s
 259686 260422   18.65466   57   23    0.12836   18.97888      -   103  913s
 263380 264066   18.32333   51   38    0.12836   18.97638      -   103  918s
 267024 267645   18.47756   52   32    0.12836   18.97369      -   103  922s
 270603 270873   18.42171   56   30    0.12836   18.96688      -   102  926s
 273831 277097   18.87660   50   40    0.12836   18.96316      -   102  934s
 280055 280098   17.46745   48   37    0.12836   18.95834      -   102  938s
 283056 283362   18.67542   54   23    0.12836   18.95235      -   101  941s
 286320 286729   18.94825   46   24    0.12836   18.94825      -   101  946s
 289687 290025   18.93203   48   25    0.12836   18.94825      -   101  951s
 292983 293292   18.92051   54   28    0.12836   18.94072      -   101  955s
 296250 296175   18.89685   56   23    0.12836   18.93471      -   100  960s
 299133 299567   17.38269   50   36    0.12836   18.93154      -   100  965s
 306067 308904   18.92048   50   28    0.12836   18.92048      -   100  976s
 311862 312065   18.91965   45   33    0.12836   18.91965      -  99.4  980s
 315023 315307   18.80358   53   29    0.12836   18.90846      -  99.2  985s
 318265 318197   18.76573   52   31    0.12836   18.90711      -  99.0  990s
 321155 321322   18.60138   56   28    0.12836   18.90369      -  98.8  995s
 327772 328454   18.68339   54   22    0.12836   18.89413      -  98.5 1003s
 331412 331920   18.88986   48   26    0.12836   18.88986      -  98.3 1007s
 334878 333604   17.64517   53   40    0.12836   18.88746      -  98.1 1015s
 336562 337329   18.10986   49   27    0.12836   18.88553      -  98.0 1026s
H336750 337329                       0.1283887   18.88553      -  98.0 1026s
 340287 342626   18.88307   51   25    0.12839   18.88307      -  97.8 1033s
 345584 346397   17.71994   52   25    0.12839   18.88307      -  97.5 1037s
 349355 349836   18.10769   60   24    0.12839   18.87327      -  97.3 1041s
 352794 353118   17.32793   49   37    0.12839   18.87026      -  97.2 1047s
 356076 356777   18.86760   50   30    0.12839   18.86760      -  97.0 1052s
 359735 360388   18.86059   52   25    0.12839   18.86197      -  96.9 1057s
 363346 364005   18.68229   53   29    0.12839   18.86043      -  96.7 1061s
 366963 369400   18.46413   51   39    0.12839   18.85939      -  96.5 1068s
 372358 371645   18.06261   41   23    0.12839   18.85260      -  96.3 1073s
 374603 374859   18.36132   49   30    0.12839   18.84950      -  96.2 1077s
 377817 378718   18.50957   60   22    0.12839   18.84605      -  96.0 1082s
 381676 382268   17.54146   58   14    0.12839   18.84263      -  95.8 1087s
 385226 385825   18.18883   58   25    0.12839   18.83806      -  95.7 1092s
 388783 388170   17.47082   49   40    0.12839   18.83472      -  95.5 1099s
 391128 390476   18.83472   50   28    0.12839   18.83472      -  95.4 1107s
H391596 390476                       0.1283887   18.83296      -  95.4 1107s
H392943 390476                       0.1283887   18.83296      -  95.4 1108s
 393434 393663   18.83296   51   29    0.12839   18.83296      -  95.3 1114s
H396006 393663                       0.1285346   18.83063      -  95.2 1114s
 396621 398964   18.16473   54   26    0.12853   18.82973      -  95.2 1122s
 401922 402439   18.12483   60   26    0.12853   18.82570      -  95.0 1126s
 405397 405859   18.41088   53   32    0.12853   18.82242      -  94.9 1130s
 408817 409117   17.11718   52   41    0.12853   18.81847      -  94.7 1135s
 414821 415262   18.81349   52   17    0.12853   18.81349      -  94.5 1144s
 418220 418485   18.57318   54   27    0.12853   18.81135      -  94.4 1148s
 421443 421770   18.71292   49   38    0.12853   18.80766      -  94.3 1151s
 424728 425234   18.79713   53   30    0.12853   18.80713      -  94.2 1156s
 428192 430044   16.96655   54   32    0.12853   18.80426      -  94.0 1163s
 433002 433746   18.45215   54   35    0.12853   18.79972      -  93.9 1168s
 436704 436700   18.64031   50   36    0.12853   18.79643      -  93.8 1173s
 439658 440232   17.80604   54   30    0.12853   18.79339      -  93.7 1177s
 443190 443526   18.73952   50   38    0.12853   18.79174      -  93.5 1182s
 446484 446994   17.52531   51   35    0.12853   18.78822      -  93.5 1186s
 453457 453894   16.94188   54   33    0.12853   18.78392      -  93.2 1193s
 456852 456999   18.39156   52   35    0.12853   18.77981      -  93.1 1197s
 459957 462092   18.75051   55   31    0.12853   18.77829      -  93.1 1203s
 465050 463261   18.70060   51   38    0.12853   18.77763      -  92.9 1211s
 466219 465008   16.88212   40   28    0.12853   18.77274      -  92.9 1221s
H466332 465008                       0.1285440   18.77274      -  92.9 1221s
H466334 465008                       0.1285502   18.77255      -  92.9 1221s
H467582 465008                       0.1295413   18.77244      -  92.9 1221s
 467966 469398   18.64369   47   43    0.12954   18.77244      -  92.9 1226s
 472356 472619   17.97525   57   27    0.12954   18.76864      -  92.8 1230s
 475577 476760   16.72635   47   36    0.12954   18.76594      -  92.7 1235s
 483424 484300   18.67702   50   36    0.12954   18.76141      -  92.5 1243s
 487258 487474   18.52979   56   31    0.12954   18.75681      -  92.4 1247s
 490432 492460   13.21926   54   25    0.12954   18.75397      -  92.3 1252s
 495418 495625   18.48443   49   36    0.12954   18.75235      -  92.2 1256s
 502058 502269   18.30314   55   30    0.12954   18.74538      -  92.0 1262s
 505227 505513   18.73828   48   31    0.12954   18.74374      -  92.0 1266s
 511761 512062   18.31315   61   22    0.12954   18.73877      -  91.8 1273s
 515020 512350   17.92478   52   27    0.12954   18.73601      -  91.8 1280s
 518868 519317   13.97190   53   17    0.12954   18.73364      -  91.7 1287s
 522275 524254   17.58070   55   31    0.12954   18.72976      -  91.6 1292s
 527212 527634   18.68364   49   30    0.12954   18.72579      -  91.5 1296s
 533711 533865   18.72401   51   30    0.12954   18.72401      -  91.4 1302s
 536823 535562   18.64458   55   28    0.12954   18.72038      -  91.3 1307s
 538520 537375   18.61613   53   31    0.12954   18.71920      -  91.3 1314s
H539573 537375                       0.1295413   18.71762      -  91.3 1314s
 540333 539508   18.71762   45   39    0.12954   18.71762      -  91.3 1320s
 542466 542033   18.18352   55   25    0.12954   18.71561      -  91.3 1328s
 544991 544641   18.70531   52   30    0.12954   18.71536      -  91.2 1334s
 547599 548853   17.46698   48   39    0.12954   18.71362      -  91.2 1339s
 551811 553362   18.42001   57   27    0.12954   18.70882      -  91.1 1344s
 556320 556765   18.24810   49   38    0.12954   18.70504      -  91.1 1348s
 559723 559716   18.70294   53   14    0.12954   18.70294      -  91.0 1352s
 562674 563500   17.70886   50   37    0.12954   18.70018      -  90.9 1356s
 569663 570214   18.06224   62   18    0.12954   18.69625      -  90.8 1363s
 573172 573369   18.66336   52   30    0.12954   18.69453      -  90.8 1366s
 576327 576718   16.97988   53   34    0.12954   18.69080      -  90.7 1371s
 579676 579997   18.33561   52   28    0.12954   18.68825      -  90.7 1375s
 587540 587884   18.43136   52   35    0.12954   18.68245      -  90.6 1383s
 590842 591158   16.94209   55   31    0.12954   18.68007      -  90.5 1387s
 594116 594597   18.67704   48   39    0.12954   18.67704      -  90.5 1390s
 600896 601182   17.74542   43   46    0.12954   18.67334      -  90.4 1397s
 604140 604722   17.96156   59   28    0.12954   18.67191      -  90.3 1400s
 611099 611419   18.66765   48   31    0.12954   18.66765      -  90.2 1407s
 614377 616086   18.66765   48   35    0.12954   18.66765      -  90.1 1411s
 619044 619451   15.37547   52   30    0.12954   18.66328      -  90.1 1415s
 625609 625930   18.59764   49   29    0.12954   18.65924      -  90.0 1422s
 628888 629392   18.28899   52   37    0.12954   18.65561      -  89.9 1425s
 635606 635808   17.65322   48   36    0.12954   18.65365      -  89.9 1432s
 638766 639274   18.52217   50   36    0.12954   18.65112      -  89.8 1435s
 645381 645561   18.47330   48   42    0.12954   18.64761      -  89.7 1444s
 648519 650414   18.62979   51   32    0.12954   18.64667      -  89.7 1449s
 653372 653948   18.61574   56   19    0.12954   18.64309      -  89.6 1453s
 656906 657433   18.63977   47   35    0.12954   18.63977      -  89.6 1457s
 660391 661039   18.52495   51   31    0.12954   18.63823      -  89.5 1461s
 663997 664576   18.62624   51   38    0.12954   18.63755      -  89.5 1465s
 670790 671338   18.63214   54   25    0.12954   18.63214      -  89.4 1472s
 674296 675700   18.46378   55   28    0.12954   18.63094      -  89.4 1477s
 678658 678928   18.52744   50   29    0.12954   18.62740      -  89.3 1480s
 685359 685820   17.01986   54   33    0.12954   18.62410      -  89.3 1487s
 688778 688126   17.76775   55   28    0.12954   18.62308      -  89.3 1491s
 691084 691918   18.19191   43   31    0.12954   18.61992      -  89.2 1495s
 698315 698552   18.47912   51   34    0.12954   18.61631      -  89.1 1501s
 701510 702012   18.55284   51   36    0.12954   18.61527      -  89.1 1505s
 704970 706350   18.23570   44   41    0.12954   18.61279      -  89.1 1510s
 712823 713213   17.77556   43   43    0.12954   18.60951      -  89.0 1517s
 716171 716533   18.60698   44   35    0.12954   18.60698      -  89.0 1520s
 722781 721446   18.55918   49   41    0.12954   18.60462      -  88.9 1530s
H722984 721446                       0.1295635   18.60351      -  88.9 1530s
 724404 721478   18.60306   49   32    0.12956   18.60306      -  88.9 1537s
 724436 721510   18.60306   50   31    0.12956   18.60306      -  88.9 1544s
H724442 721510                       0.1295751   18.60306      -  88.9 1544s
H724446 721510                       0.1296217   18.60306      -  88.9 1544s
H724453 721510                       0.1300353   18.60306      -  88.9 1544s
 724468 723819   18.56510   51   40    0.13004   18.60306      -  88.9 1549s
 726777 727875   18.48959   52   31    0.13004   18.60160      -  88.9 1553s
 730833 731730   18.60002   51   29    0.13004   18.60002      -  88.8 1557s
 734688 736090   17.62515   55   33    0.13004   18.59784      -  88.8 1561s
 739048 739438   16.30936   50   38    0.13004   18.59541      -  88.8 1565s
 742396 740857   18.47754   48   37    0.13004   18.59310      -  88.7 1571s
 743815 742421   18.55767   45   45    0.13004   18.59106      -  88.7 1577s
H744525 742421                       0.1300359   18.59100      -  88.7 1577s
 745379 744571   18.54370   49   34    0.13004   18.59100      -  88.7 1583s
H745683 744571                       0.1302750   18.59100      -  88.7 1583s
 747529 749071   17.45555   53   34    0.13027   18.58994      -  88.7 1589s
 752029 752355   18.20901   49   37    0.13027   18.58930      -  88.7 1593s
 755313 756448   16.10574   52   36    0.13027   18.58930      -  88.6 1598s
 759406 760154   17.93945   50   32    0.13027   18.58649      -  88.6 1602s
 763112 763484   17.42611   55   35    0.13027   18.58212      -  88.6 1607s
 766442 767792   18.29796   53   28    0.13027   18.58074      -  88.6 1611s
 770750 771030   18.27088   55   33    0.13027   18.58030      -  88.6 1615s
 777319 777695   16.69147   49   35    0.13027   18.57505      -  88.5 1622s
 780653 780852   18.55479   49   42    0.13027   18.57271      -  88.5 1626s
 783810 784123   17.58964   53   26    0.13027   18.57021      -  88.5 1630s
 790527 789187   17.13478   52   37    0.13027   18.56701      -  88.5 1638s
 792145 792794   18.55680   45   44    0.13027   18.56494      -  88.5 1642s
 795752 797015   18.55633   45   42    0.13027   18.56494      -  88.4 1646s
 799973 800505   18.56114   46   32    0.13027   18.56114      -  88.4 1650s
 806662 807234   18.55807   44   44    0.13027   18.55807      -  88.4 1656s
 810192 810499   17.65022   54   28    0.13027   18.55537      -  88.3 1660s
 816790 817018   17.71486   57   28    0.13027   18.55196      -  88.3 1667s
 819976 820334   17.96418   54   28    0.13027   18.54951      -  88.3 1670s
 826328 827538   18.46890   49   26    0.13027   18.54718      -  88.2 1679s
 830496 830990   18.04879   50   37    0.13027   18.54626      -  88.2 1683s
 833948 834374   18.54362   48   36    0.13027   18.54362      -  88.2 1686s
 837332 836290   17.97193   52   30    0.13027   18.54132      -  88.2 1691s
H837608 836290                       0.1302750   18.54116      -  88.2 1691s
 839248 838859   17.52090   52   37    0.13027   18.54116      -  88.2 1696s
H839785 838859                       0.1302750   18.54097      -  88.2 1696s
H840327 838859                       0.1302750   18.54063      -  88.2 1696s
H841246 838859                       0.1302750   18.54043      -  88.2 1696s
 841817 842243   18.06463   53   34    0.13027   18.54043      -  88.2 1702s
 845201 845408   16.32294   54   33    0.13027   18.54043      -  88.1 1707s
H848014 845408                       0.1302750   18.53793      -  88.1 1707s
 848366 848860   15.66045   61   21    0.13027   18.53793      -  88.1 1711s
H848483 848860                       0.1302752   18.53793      -  88.1 1711s
 851818 851436   15.94048   34   28    0.13028   18.53628      -  88.1 1716s
 854394 855410   18.06880   50   25    0.13028   18.53458      -  88.1 1720s
 858368 859634   18.53345   49   26    0.13028   18.53345      -  88.0 1725s
 862592 860968   18.24523   58   31    0.13028   18.53148      -  88.0 1731s
 863926 862590   17.95560   43   41    0.13028   18.53040      -  88.0 1738s
H864162 862590                       0.1302752   18.53013      -  88.0 1738s
H864961 862590                       0.1302752   18.52943      -  88.0 1738s
H864962 862590                       0.1302752   18.52939      -  88.0 1739s
H865433 862590                       0.1302753   18.52912      -  88.0 1739s
 865548 865231   17.30282   48   35    0.13028   18.52889      -  88.0 1746s
H866917 865231                       0.1303323   18.52859      -  88.0 1746s
 868189 870503   14.80160   48   22    0.13033   18.52802      -  88.0 1751s
 873461 874900   18.25795   46   37    0.13033   18.52552      -  87.9 1756s
 877858 879272   18.36246   59   27    0.13033   18.52257      -  87.9 1760s
 885300 886338   16.81581   52   36    0.13033   18.51963      -  87.8 1768s
 889296 890317   18.51820   49   31    0.13033   18.51820      -  87.8 1773s
 893275 893536   17.11392   52   31    0.13033   18.51820      -  87.8 1777s
 896494 897049   18.09312   51   36    0.13033   18.51532      -  87.8 1781s
 900007 900329   18.51213   49   27    0.13033   18.51283      -  87.8 1785s
 906947 907367   18.49845   47   32    0.13033   18.51026      -  87.7 1793s
 910325 910862   18.39646   49   31    0.13033   18.50796      -  87.7 1797s
 913820 911033   18.47798   49   39    0.13033   18.50621      -  87.7 1804s
 913991 914513   18.42304   51   34    0.13033   18.50572      -  87.7 1808s
 917471 918100   18.48580   51   33    0.13033   18.50426      -  87.7 1813s
 921058 922224   18.13071   56   27    0.13033   18.50247      -  87.6 1818s
 925182 925586   16.74860   52   31    0.13033   18.50010      -  87.6 1822s
 928544 929127   17.71278   53   32    0.13033   18.49846      -  87.6 1826s
 932085 932363   16.07485   56   25    0.13033   18.49699      -  87.6 1830s
 938444 938744   17.97127   54   26    0.13033   18.49441      -  87.6 1838s
 941702 942203   17.76868   53   31    0.13033   18.49289      -  87.6 1842s
 945161 945250   17.18001   51   34    0.13033   18.49177      -  87.5 1845s
 951605 952999   17.64066   54   32    0.13033   18.48845      -  87.5 1854s
 955957 956141   18.39738   54   33    0.13033   18.48756      -  87.5 1858s
 959099 959531   18.03419   46   48    0.13033   18.48656      -  87.5 1862s
 962489 962805   18.48362   48   33    0.13033   18.48362      -  87.4 1865s
 968514 968998   17.48138   50   34    0.13033   18.48158      -  87.4 1873s
 971956 972507   17.68704   55   29    0.13033   18.48006      -  87.4 1876s
 978781 977217   18.43985   44   39    0.13033   18.47758      -  87.4 1885s
 980175 978776   18.43422   45   39    0.13033   18.47758      -  87.4 1892s
H981729 978776                       0.1303323   18.47758      -  87.4 1892s
 981734 980668   18.47758   47   39    0.13033   18.47758      -  87.4 1900s
H981847 980668                       0.1303323   18.47758      -  87.4 1900s
H982108 980668                       0.1313671   18.47758      -  87.4 1900s
 983626 988200   18.47636   48   44    0.13137   18.47758      -  87.4 1908s
 991158 992056   16.62019   54   36    0.13137   18.47608      -  87.3 1912s
 995014 995750   17.12449   58   26    0.13137   18.47323      -  87.3 1917s
 998708 999472   16.48267   52   31    0.13137   18.46979      -  87.3 1921s
 1002430 1002948   17.90373   52   35    0.13137   18.46797      -  87.3 1925s
 1009553 1009947   18.46486   56   25    0.13137   18.46486      -  87.3 1933s
 1012905 1014299   18.43987   50   35    0.13137   18.46448      -  87.2 1939s
 1017257 1017579   18.40155   55   34    0.13137   18.46360      -  87.2 1942s
 1020537 1020618   18.46179   47   34    0.13137   18.46179      -  87.2 1946s
 1023576 1023788   17.78519   53   38    0.13137   18.45993      -  87.2 1951s
 1029654 1030109   17.99322   51   35    0.13137   18.45976      -  87.2 1958s
 1033067 1033380   18.42581   54   32    0.13137   18.45697      -  87.2 1962s
 1036338 1036706   17.86267   56   24    0.13137   18.45624      -  87.2 1967s
 1039664 1040088   18.45468   54   18    0.13137   18.45468      -  87.2 1972s
 1043046 1043923   18.16779   57   27    0.13137   18.45353      -  87.2 1977s
 1046881 1046180   18.12956   45   40    0.13137   18.45263      -  87.2 1982s
 1049138 1050149   18.43199   52   31    0.13137   18.45065      -  87.2 1987s
 1053107 1053811   18.45039   46   32    0.13137   18.45039      -  87.2 1992s
 1056769 1057649   17.14233   49   35    0.13137   18.44764      -  87.2 1996s
 1060607 1061209   18.43173   47   42    0.13137   18.44750      -  87.1 2000s
 1067754 1068129   17.36192   57   27    0.13137   18.44385      -  87.1 2008s
 1071087 1071423   18.44289   49   35    0.13137   18.44289      -  87.1 2012s
 1074381 1075463   18.44135   53   22    0.13137   18.44135      -  87.1 2018s
 1078421 1078802   18.09270   52   34    0.13137   18.43958      -  87.1 2022s
 1081760 1082361   18.39060   53   32    0.13137   18.43816      -  87.1 2026s
 1085319 1085630   18.42894   50   38    0.13137   18.43701      -  87.0 2030s
 1088588 1087857   17.97814   50   34    0.13137   18.43623      -  87.0 2035s
 1094306 1094460   18.26582   52   34    0.13137   18.43380      -  87.0 2044s
 1097418 1098085   18.19827   50   36    0.13137   18.43212      -  87.0 2047s
 1101043 1101503   17.65950   54   29    0.13137   18.43128      -  87.0 2052s
 1104461 1102849   18.41295   47   32    0.13137   18.42963      -  87.0 2061s
H1105104 1102849                       0.1313672   18.42963      -  87.0 2061s
H1105301 1102849                       0.1313674   18.42963      -  87.0 2061s
H1105565 1102849                       0.1313689   18.42963      -  87.0 2061s
 1105807 1112898   18.29633   49   35    0.13137   18.42963      -  87.0 2074s
 1115856 1116671   18.30037   51   40    0.13137   18.42644      -  87.0 2078s
 1119629 1120415   17.20745   50   43    0.13137   18.42436      -  87.0 2084s
 1123373 1123290   17.31467   58   27    0.13137   18.42154      -  86.9 2089s
 1126248 1127051   17.95125   55   29    0.13137   18.42090      -  86.9 2093s
 1130009 1130779   18.41938   53   21    0.13137   18.41938      -  86.9 2097s
 1133737 1134884   17.05274   50   30    0.13137   18.41708      -  86.9 2102s
 1137842 1134916   16.67851   57   32    0.13137   18.41625      -  86.9 2111s
 1137874 1134948   17.82021   58   25    0.13137   18.41494      -  86.9 2118s
H1137879 1134948                       0.1313723   18.41494      -  86.9 2118s
H1137880 1134948                       0.1314676   18.41494      -  86.9 2118s
H1137886 1134948                       0.1315051   18.41494      -  86.9 2118s
H1137903 1134948                       0.1315652   18.41494      -  86.9 2118s
H1137906 1136422                       0.1316168   18.41494      -  86.9 2124s
H1137991 1136422                       0.1316257   18.41494      -  86.9 2124s
H1138077 1136422                       0.1316262   18.41481      -  86.9 2124s
H1138896 1136422                       0.1316263   18.41439      -  86.9 2124s
 1139380 1139741   17.86277   55   26    0.13163   18.41422      -  86.9 2130s
 1142699 1143846   18.29026   51   34    0.13163   18.41398      -  86.9 2135s
 1146804 1145572   16.97787   54   33    0.13163   18.41242      -  86.9 2146s
 1148530 1147480   18.09203   53   32    0.13163   18.41195      -  86.9 2152s
 1150438 1149741   18.41117   53   25    0.13163   18.41117      -  86.9 2162s
 1152699 1152137   18.39131   53   28    0.13163   18.41049      -  86.9 2171s
 1155095 1156710   17.08984   51   33    0.13163   18.40927      -  86.9 2178s
 1159668 1161694   18.40755   45   33    0.13163   18.40755      -  86.8 2184s
 1164652 1164816   18.40453   51   31    0.13163   18.40476      -  86.8 2190s
 1167774 1169294   17.87171   51   36    0.13163   18.40311      -  86.8 2196s
 1172252 1172854   17.78269   49   40    0.13163   18.40307      -  86.8 2201s
 1175812 1176414   17.31447   51   39    0.13163   18.40086      -  86.8 2205s
 1182876 1183448   18.09330   53   33    0.13163   18.39863      -  86.8 2213s
 1186406 1186868   17.80684   52   33    0.13163   18.39686      -  86.7 2218s
 1189826 1190072   18.33932   56   27    0.13163   18.39569      -  86.7 2222s
 1193030 1193331   18.39021   52   26    0.13163   18.39460      -  86.7 2226s
 1196289 1197438   17.32533   55   26    0.13163   18.39378      -  86.7 2231s
 1200396 1200696   17.53257   54   33    0.13163   18.39173      -  86.7 2236s
 1203654 1203901   18.38101   53   27    0.13163   18.39070      -  86.7 2240s
 1209686 1210138   18.38817   50   22    0.13163   18.38817      -  86.7 2248s
 1213096 1213504   18.00518   51   32    0.13163   18.38708      -  86.7 2252s
 1216462 1216856   18.27818   51   36    0.13163   18.38623      -  86.7 2257s
 1219814 1220276   17.14875   55   34    0.13163   18.38496      -  86.7 2261s
 1223234 1223676   18.28953   52   33    0.13163   18.38330      -  86.7 2265s
 1226634 1226678    9.75874   54   23    0.13163   18.38200      -  86.7 2271s
 1229636 1231034   16.96008   48   40    0.13163   18.38051      -  86.7 2277s
 1233992 1234744   17.60655   46   35    0.13163   18.37895      -  86.7 2282s
 1237702 1238775   18.12382   54   29    0.13163   18.37793      -  86.6 2286s
 1241733 1242207   16.74513   46   40    0.13163   18.37660      -  86.6 2290s
 1248312 1248726   17.02256   52   30    0.13163   18.37398      -  86.6 2299s
 1251684 1252238   18.37165   49   25    0.13163   18.37364      -  86.6 2303s
 1255196 1255646   18.18771   48   33    0.13163   18.37364      -  86.6 2307s
 1258604 1259554   18.32344   56   30    0.13163   18.37068      -  86.6 2313s
 1262512 1262963   16.38722   50   40    0.13163   18.36915      -  86.6 2317s
 1265921 1266637   18.33303   51   35    0.13163   18.36915      -  86.6 2321s
 1269595 1269184   17.56824   48   36    0.13163   18.36648      -  86.6 2326s
 1272142 1272596   18.36492   52   30    0.13163   18.36604      -  86.6 2331s
 1275554 1275961   18.23857   47   38    0.13163   18.36596      -  86.5 2335s
 1282259 1282878   18.36202   54   26    0.13163   18.36261      -  86.5 2343s
 1285836 1286295   17.80862   53   35    0.13163   18.36145      -  86.5 2347s
 1289253 1290181   17.77082   48   41    0.13163   18.36100      -  86.5 2352s
 1293139 1293534   15.82288   50   32    0.13163   18.36049      -  86.5 2356s
 1296492 1296802   16.79082   55   34    0.13163   18.35936      -  86.5 2360s
 1303172 1302374   17.10729   52   34    0.13163   18.35724      -  86.5 2370s
 1308895 1309518   18.17643   52   32    0.13163   18.35542      -  86.5 2379s
 1312476 1313004   17.74980   55   23    0.13163   18.35397      -  86.5 2383s
 1315962 1316079   18.25958   47   41    0.13163   18.35251      -  86.5 2387s
 1319037 1320098   18.25189   56   23    0.13163   18.35161      -  86.5 2392s
 1323056 1323592   16.50274   52   36    0.13163   18.35081      -  86.5 2396s
 1326550 1326728   17.71746   55   26    0.13163   18.34959      -  86.5 2400s
 1329686 1329722   14.93318   53   36    0.13163   18.34923      -  86.5 2405s
 1335878 1336280   17.81788   54   28    0.13163   18.34619      -  86.5 2413s
 1339238 1339505   18.28953   44   40    0.13163   18.34489      -  86.5 2417s
 1342463 1339627   17.64269   53   32    0.13163   18.34363      -  86.5 2423s
 1342585 1340182   18.34347   56   19    0.13163   18.34347      -  86.5 2429s
 1343140 1340820   18.22931   57   29    0.13163   18.34347      -  86.5 2436s
 1343778 1342226   18.34274   52   28    0.13163   18.34274      -  86.5 2442s
 1345184 1344151   18.14671   46   41    0.13163   18.34242      -  86.5 2448s
 1347109 1346094   16.74017   47   47    0.13163   18.34242      -  86.5 2455s
 1349052 1348487   18.34120   42   34    0.13163   18.34120      -  86.5 2461s
 1351445 1352607   17.59308   50   39    0.13163   18.34097      -  86.5 2468s
 1355565 1356824   18.34097   48   29    0.13163   18.34097      -  86.5 2474s
 1359782 1361053   17.22844   53   36    0.13163   18.33926      -  86.5 2479s
 1364011 1364726   18.07949   56   20    0.13163   18.33688      -  86.4 2484s
 1367684 1366190   17.83713   51   35    0.13163   18.33539      -  86.4 2491s
 1369148 1370527   18.33514   48   42    0.13163   18.33515      -  86.4 2497s
 1373485 1374782   18.33303   48   33    0.13163   18.33303      -  86.4 2502s
 1377740 1378434   17.10984   53   33    0.13163   18.33303      -  86.4 2507s
 1381392 1382709   16.17264   57   30    0.13163   18.33037      -  86.4 2512s
 1385667 1385808   14.95336   53   24    0.13163   18.32908      -  86.4 2516s
 1388766 1388937   16.39138   56   29    0.13163   18.32821      -  86.4 2520s
 1395201 1395497   18.03348   57   28    0.13163   18.32578      -  86.4 2528s
 1398455 1398764   18.31115   55   30    0.13163   18.32491      -  86.4 2532s
 1401722 1402040   18.14265   52   32    0.13163   18.32320      -  86.4 2536s
 1404998 1405058   18.05544   51   33    0.13163   18.32258      -  86.4 2540s
 1411290 1412411   17.24168   47   42    0.13163   18.32077      -  86.4 2549s
 1415369 1415517   18.31917   45   29    0.13163   18.31917      -  86.4 2553s
 1418475 1418935   18.31917   47   33    0.13163   18.31917      -  86.4 2558s
 1421893 1422275   17.64474   51   31    0.13163   18.31810      -  86.4 2562s
 1425233 1425221   17.89407   49   35    0.13163   18.31773      -  86.4 2566s
 1428179 1428544   17.83328   41   38    0.13163   18.31602      -  86.4 2570s
 1435101 1435195   16.18286   52   33    0.13163   18.31340      -  86.3 2578s
 1438153 1438527   17.52374   53   33    0.13163   18.31219      -  86.3 2582s
 1441485 1442556   18.28886   51   33    0.13163   18.31095      -  86.3 2588s
 1445514 1445822   18.24605   53   36    0.13163   18.30953      -  86.3 2593s
 1448780 1449237   17.87696   48   32    0.13163   18.30789      -  86.3 2597s
 1452195 1452638   18.30107   48   40    0.13163   18.30748      -  86.3 2601s
 1455596 1455772   15.43328   54   25    0.13163   18.30629      -  86.3 2606s
 1458730 1459163   17.96830   50   36    0.13163   18.30614      -  86.3 2610s
 1465572 1463821   18.18281   45   35    0.13163   18.30353      -  86.3 2621s
 1466779 1467455   14.41657   28   47    0.13163   18.30268      -  86.3 2625s
 1470413 1471402   17.43339   56   29    0.13163   18.30201      -  86.3 2630s
 1477748 1478259   18.05573   51   36    0.13163   18.29953      -  86.3 2638s
 1481217 1481476   17.51783   56   27    0.13163   18.29746      -  86.3 2642s
 1484434 1484670   17.81837   48   41    0.13163   18.29722      -  86.2 2646s
 1487628 1488137   17.80061   55   30    0.13163   18.29605      -  86.2 2650s
 1494342 1494118   17.28586   58   32    0.13163   18.29389      -  86.2 2658s
 1497076 1497718   18.17131   49   38    0.13163   18.29249      -  86.2 2662s
 1500676 1501683   18.29171   48   32    0.13163   18.29171      -  86.2 2667s
 1504641 1504981   17.90783   49   38    0.13163   18.29093      -  86.2 2672s
 1507939 1508291   18.08295   51   37    0.13163   18.28921      -  86.2 2676s
 1511249 1511705   16.89215   55   32    0.13163   18.28839      -  86.2 2680s
 1514663 1511737   18.24414   45   40    0.13163   18.28730      -  86.2 2688s
 1514695 1511769   17.03924   46   42    0.13163   18.28730      -  86.2 2696s
 1514727 1511801   18.23016   47   38    0.13163   18.28730      -  86.2 2709s
 1514759 1511833   18.25165   44   39    0.13163   18.28730      -  86.2 2716s
 1514791 1511865   17.97116   55   32    0.13163   18.28662      -  86.2 2723s
 1514823 1511897   17.21006   56   25    0.13163   18.28662      -  86.2 2732s
 1514855 1511929   18.28327   48   39    0.13163   18.28623      -  86.2 2741s
 1514887 1511961   18.21469   51   30    0.13163   18.28609      -  86.2 2749s
 1514919 1511993   17.89840   51   31    0.13163   18.28594      -  86.2 2757s
 1514951 1512025   18.27543   53   28    0.13163   18.28593      -  86.2 2773s
 1514983 1512057   17.99994   46   34    0.13163   18.28589      -  86.2 2791s
 1515015 1512089   18.27500   47   41    0.13163   18.28589      -  86.2 2807s
 1515047 1512121   17.00790   48   36    0.13163   18.28589      -  86.2 2816s
 1515079 1512153   18.00555   55   24    0.13163   18.28556      -  86.2 2826s
 1515111 1512185   17.62239   54   30    0.13163   18.28555      -  86.2 2836s
 1515143 1512217   18.08200   52   39    0.13163   18.28533      -  86.2 2855s
 1515175 1512249   18.26909   53   30    0.13163   18.28533      -  86.2 2864s
 1515207 1512335   16.75874   54   39    0.13163   18.28533      -  86.2 2874s
 1515293 1512468   18.27880   51   34    0.13163   18.28477      -  86.2 2883s
 1515426 1512551   17.40844   49   41    0.13163   18.28470      -  86.2 2893s
 1515509 1512703   18.23933   50   47    0.13163   18.28470      -  86.2 2907s
 1515661 1512800   16.97374   51   35    0.13163   18.28470      -  86.2 2917s
 1515758 1512952   18.25182   51   28    0.13163   18.28452      -  86.2 2938s
 1515910 1513055   18.26501   52   34    0.13163   18.28452      -  86.2 2958s
 1516013 1513100   17.24801   53   34    0.13163   18.28452      -  86.2 2969s
 1516058 1513247   18.28399   47   35    0.13163   18.28399      -  86.2 2980s
 1516205 1513387   18.20439   48   40    0.13163   18.28399      -  86.2 2993s
 1516345 1513511   18.28399   49   34    0.13163   18.28399      -  86.2 3005s
 1516469 1514129   17.46481   50   39    0.13163   18.28399      -  86.2 3017s
 1517087 1515431   18.28399   51   39    0.13163   18.28399      -  86.2 3030s
 1518389 1516912   18.28399   49   37    0.13163   18.28399      -  86.2 3045s
 1519870 1518904   18.28369   50   40    0.13163   18.28399      -  86.2 3061s
 1521862 1523676   17.64422   51   37    0.13163   18.28399      -  86.2 3076s
 1526634 1528539   18.22753   53   36    0.13163   18.28284      -  86.2 3091s
 1531497 1530756   18.23399   52   38    0.13163   18.28119      -  86.2 3122s
 1533714 1535162   18.28085   41   27    0.13163   18.28085      -  86.2 3134s
 1538120 1539137   18.22890   57   21    0.13163   18.27997      -  86.2 3143s
 1542095 1541996   17.44282   50   27    0.13163   18.27710      -  86.2 3153s
 1544954 1546313   18.27643   60   22    0.13163   18.27643      -  86.2 3162s
 1549271 1550829   16.49483   51   30    0.13163   18.27488      -  86.2 3170s
 1553787 1554849   16.98109   52   27    0.13163   18.27345      -  86.2 3177s
 1557807 1558753   18.27267   45   31    0.13163   18.27267      -  86.2 3184s
 1561711 1562225   18.07707   54   27    0.13163   18.27121      -  86.2 3191s
 1565183 1565734   16.64330   50   37    0.13163   18.27094      -  86.2 3197s
 1568692 1569274   18.26174   49   35    0.13163   18.26900      -  86.2 3202s
 1572232 1572141   17.85896   53   30    0.13163   18.26796      -  86.2 3208s
 1575099 1575801   16.61301   54   36    0.13163   18.26687      -  86.2 3213s
 1578759 1579282   17.61602   53   31    0.13163   18.26599      -  86.2 3219s
 1582240 1581878   17.87038   46   43    0.13163   18.26541      -  86.2 3225s
 1584836 1585810   17.82950   59   26    0.13163   18.26370      -  86.2 3230s
 1588768 1589629   17.12223   50   43    0.13163   18.26312      -  86.2 3235s
 1592587 1593917   17.59745   52   25    0.13163   18.26137      -  86.2 3241s
 1596875 1597058   18.22218   50   37    0.13163   18.26016      -  86.2 3245s
 1603151 1603695   18.08894   56   25    0.13163   18.25844      -  86.2 3254s
 1606653 1606994   16.18036   53   33    0.13163   18.25721      -  86.2 3258s
 1609952 1610213   18.25596   50   33    0.13163   18.25596      -  86.2 3262s
 1613171 1613390   17.20854   55   25    0.13163   18.25503      -  86.2 3266s
 1616348 1616720   17.51697   55   26    0.13163   18.25323      -  86.2 3270s
 1619678 1620070   18.24742   51   34    0.13163   18.25270      -  86.2 3275s
 1623028 1624503   18.25184   57   24    0.13163   18.25184      -  86.1 3280s
 1627461 1626724   17.62748   51   31    0.13163   18.24983      -  86.1 3285s
 1633392 1633915   18.24825   52   24    0.13163   18.24825      -  86.1 3294s
 1636873 1637535   17.84676   47   44    0.13163   18.24678      -  86.1 3298s
 1640493 1641041   16.36206   49   37    0.13163   18.24623      -  86.1 3302s
 1643999 1644410   18.23541   57   25    0.13163   18.24430      -  86.1 3306s
 1647368 1647731   18.19431   59   20    0.13163   18.24322      -  86.1 3310s
 1653953 1655168   17.47559   52   35    0.13163   18.24212      -  86.1 3320s
 1661738 1661192   17.40445   56   24    0.13163   18.23950      -  86.1 3329s
 1664150 1664571   18.23891   47   40    0.13163   18.23891      -  86.1 3333s
 1667529 1667985   17.53089   54   31    0.13163   18.23682      -  86.1 3337s
 1670943 1671030   17.81709   49   39    0.13163   18.23647      -  86.1 3342s
 1673988 1674554   18.23509   51   34    0.13163   18.23632      -  86.0 3346s
 1677512 1678002   17.99182   53   30    0.13163   18.23455      -  86.0 3350s
 1684141 1685252   17.99220   58   25    0.13163   18.23237      -  86.0 3360s
 1688210 1688528   16.13585   52   38    0.13163   18.23189      -  86.0 3365s
 1694549 1695239   17.92901   48   30    0.13163   18.22905      -  86.0 3374s
 1698197 1698877   17.87035   51   34    0.13163   18.22834      -  86.0 3378s
 1701835 1702104   18.17017   54   29    0.13163   18.22729      -  86.0 3382s
 1705062 1705658   15.97174   52   32    0.13163   18.22606      -  86.0 3386s
 1708616 1709061   17.08513   60   24    0.13163   18.22473      -  86.0 3390s
 1712019 1711305   18.18820   51   35    0.13163   18.22393      -  86.0 3395s
 1714263 1715797   18.17741   51   35    0.13163   18.22329      -  86.0 3400s
 1721903 1722188   17.51055   54   33    0.13163   18.22255      -  86.0 3409s
 1725146 1725210   17.78902   52   39    0.13163   18.22061      -  86.0 3413s
 1728168 1728441   16.61686   50   36    0.13163   18.21938      -  86.0 3417s
 1731399 1731621   17.90998   52   34    0.13163   18.21833      -  86.0 3421s
 1734579 1735028   18.21746   51   17    0.13163   18.21746      -  86.0 3425s
 1737986 1738323   17.53398   56   29    0.13163   18.21646      -  86.0 3430s
 1744791 1746030   18.07750   46   42    0.13163   18.21519      -  85.9 3439s
 1748988 1749500   16.42301   50   34    0.13163   18.21421      -  85.9 3444s
 1752458 1750812   18.21326   52   17    0.13163   18.21326      -  85.9 3450s
 1757486 1757740   16.97637   53   34    0.13163   18.21164      -  85.9 3459s
 1760698 1761403   16.41569   52   38    0.13163   18.21062      -  85.9 3464s
 1764361 1764844   16.78145   45   36    0.13163   18.20936      -  85.9 3468s
 1767802 1768291   18.08011   46   21    0.13163   18.20934      -  85.9 3472s
 1771249 1771598   17.91531   55   29    0.13163   18.20740      -  85.9 3477s
 1774556 1775720   18.12842   65   15    0.13163   18.20628      -  85.9 3482s
 1778678 1779217   16.95660   51   37    0.13163   18.20548      -  85.9 3486s
 1782175 1782413   17.85319   48   40    0.13163   18.20449      -  85.9 3490s
 1788541 1789032   18.06946   49   26    0.13163   18.20247      -  85.9 3498s
 1791990 1792273   18.08159   48   33    0.13163   18.20156      -  85.9 3503s
 1795231 1795480   17.90195   54   29    0.13163   18.19996      -  85.9 3507s
 1798438 1798676   17.38779   53   39    0.13163   18.19876      -  85.9 3511s
 1801634 1801891   17.76279   55   24    0.13163   18.19764      -  85.9 3515s
 1804849 1805966   17.24455   49   33    0.13163   18.19739      -  85.9 3521s
 1808924 1809287   18.19656   57   14    0.13163   18.19656      -  85.9 3525s
 1815660 1815872   17.52443   51   36    0.13163   18.19454      -  85.9 3532s
 1818830 1819079   17.95528   52   35    0.13163   18.19380      -  85.9 3537s
 1822037 1822269   17.33220   64   19    0.13163   18.19272      -  85.9 3541s
 1825227 1825787   17.90867   49   31    0.13163   18.19193      -  85.9 3545s
 1832018 1831863   17.52696   56   31    0.13163   18.19017      -  85.9 3553s
 1834821 1835861   18.03858   53   25    0.13163   18.18952      -  85.9 3559s
 1838819 1839258   16.95216   50   42    0.13163   18.18889      -  85.9 3563s
 1842216 1842365   17.77223   54   37    0.13163   18.18784      -  85.9 3567s
 1845323 1845770   18.18784   51   41    0.13163   18.18784      -  85.9 3572s
 1848728 1849031   17.92345   52   26    0.13163   18.18577      -  85.9 3576s
 1851989 1852248   18.06862   46   48    0.13163   18.18550      -  85.9 3580s
 1855206 1854754   17.97784   50   36    0.13163   18.18422      -  85.9 3586s
 1857712 1858155   12.57605   51   23    0.13163   18.18376      -  85.9 3590s
 1861113 1861796   18.04673   53   29    0.13163   18.18250      -  85.9 3595s
 1864754 1866028   17.98110   51   39    0.13163   18.18205      -  85.9 3600s
 1872156 1872673   18.13169   54   25    0.13163   18.18030      -  85.9 3608s
 1875631 1875913   17.30796   55   28    0.13163   18.17905      -  85.9 3612s
 1878871 1878962   18.15606   52   34    0.13163   18.17837      -  85.9 3617s
 1881920 1882052   18.02165   44   29    0.13163   18.17756      -  85.9 3621s
 1885010 1885528   17.56011   44   41    0.13163   18.17756      -  85.9 3625s
 1888486 1887842   16.79621   47   39    0.13163   18.17626      -  85.9 3630s
 1894510 1895496   17.63150   48   41    0.13163   18.17424      -  85.8 3640s
 1901628 1902185   18.16865   48   42    0.13163   18.17263      -  85.9 3648s
 1905143 1905143   18.17225   51   29    0.13163   18.17225      -  85.9 3653s
 1908101 1908707   17.24208   53   35    0.13163   18.17128      -  85.9 3657s
 1911665 1912320   18.16610   53   32    0.13163   18.17034      -  85.9 3661s
 1915278 1915514   17.08874   52   37    0.13163   18.17003      -  85.9 3666s
 1918472 1919085   18.16885   45   27    0.13163   18.16885      -  85.9 3670s
 1925479 1925694   16.44627   64   18    0.13163   18.16682      -  85.8 3680s
 1928652 1929796   18.09120   53   30    0.13163   18.16645      -  85.8 3685s
 1932754 1933505   18.07100   52   33    0.13163   18.16501      -  85.8 3690s
 1940023 1940711   17.73465   55   30    0.13163   18.16190      -  85.8 3699s
 1943669 1944080   17.96919   53   34    0.13163   18.16156      -  85.8 3703s
 1947038 1947333   17.59244   49   20    0.13163   18.15979      -  85.8 3708s
 1950291 1950810   18.14164   48   39    0.13163   18.15934      -  85.8 3712s
 1953768 1953382   18.09155   54   31    0.13163   18.15827      -  85.8 3717s
 1956340 1957271   18.00588   50   33    0.13163   18.15809      -  85.8 3723s
 1960229 1960793   18.14388   50   35    0.13163   18.15809      -  85.8 3727s
 1963751 1964250   18.15546   52   27    0.13163   18.15546      -  85.8 3731s
 1967208 1967563   17.23834   53   32    0.13163   18.15433      -  85.8 3735s
 1973485 1973956   17.45640   49   39    0.13163   18.15378      -  85.8 3743s
 1976914 1977292   18.04873   53   29    0.13163   18.15247      -  85.8 3747s
 1980250 1980422   18.14359   49   31    0.13163   18.15092      -  85.8 3752s
 1983380 1983903   17.90488   51   30    0.13163   18.15090      -  85.8 3756s
 1986861 1987050   17.80953   47   31    0.13163   18.14963      -  85.8 3762s
 1990008 1990967   18.12460   55   27    0.13163   18.14866      -  85.8 3768s
 1993925 1994750   18.14570   55   29    0.13163   18.14776      -  85.8 3773s
 1997708 1998497   18.00940   47   36    0.13163   18.14658      -  85.8 3777s
 2001455 2002038   17.90509   57   22    0.13163   18.14630      -  85.8 3782s
 2004996 2005448   17.18712   48   36    0.13163   18.14458      -  85.8 3786s
 2008406 2008656   17.69365   54   33    0.13163   18.14389      -  85.8 3790s
 2011614 2012200   17.55358   51   26    0.13163   18.14304      -  85.8 3795s
 2018666 2019667   18.13008   50   34    0.13163   18.14204      -  85.8 3804s
 2022625 2021838   18.14101   50   30    0.13163   18.14101      -  85.8 3809s
 2024796 2025124   17.96675   50   35    0.13163   18.14101      -  85.8 3815s
 2032015 2032690   17.51151   51   26    0.13163   18.13795      -  85.8 3824s
 2035648 2036245   18.05589   49   42    0.13163   18.13774      -  85.8 3829s
 2039203 2039600   17.80962   54   26    0.13163   18.13655      -  85.8 3833s
 2042558 2043190   16.93989   52   30    0.13163   18.13578      -  85.8 3837s
 2046148 2046620   17.45376   52   39    0.13163   18.13543      -  85.8 3842s
 2049578 2050671   16.57691   50   36    0.13163   18.13434      -  85.8 3847s
 2053629 2054182    8.96039   53   29    0.13163   18.13279      -  85.8 3851s
 2057140 2057296   17.87305   52   37    0.13163   18.13259      -  85.8 3856s
 2060254 2059376   18.13140   45   27    0.13163   18.13140      -  85.8 3861s
 2062334 2062821   16.91589   49   32    0.13163   18.13140      -  85.8 3865s
 2065779 2066371   17.98182   56   26    0.13163   18.13027      -  85.8 3870s
 2072885 2073315   18.12838   52   26    0.13163   18.12838      -  85.8 3878s
 2076273 2076426   18.12797   52   25    0.13163   18.12797      -  85.8 3883s
 2079384 2080336   17.08665   59   24    0.13163   18.12626      -  85.8 3888s
 2083294 2083780   16.57269   49   46    0.13163   18.12612      -  85.8 3893s
 2086738 2087163   18.10494   52   15    0.13163   18.12431      -  85.8 3897s
 2090121 2090518   17.95247   54   31    0.13163   18.12396      -  85.8 3901s
 2093476 2093808   18.12392   48   27    0.13163   18.12392      -  85.8 3906s
 2096766 2097216   18.12249   45   28    0.13163   18.12249      -  85.8 3910s
 2103026 2100482   18.10714   53   34    0.13163   18.12116      -  85.8 3915s
 2106764 2106519   18.08454   55   25    0.13163   18.11971      -  85.8 3923s
 2109477 2110273   18.11849   51   37    0.13163   18.11849      -  85.8 3929s
 2113231 2113770   18.11215   52   39    0.13163   18.11800      -  85.8 3933s
 2116728 2117215   17.65734   55   31    0.13163   18.11714      -  85.8 3937s
 2120173 2120274   18.02571   51   33    0.13163   18.11633      -  85.8 3942s
 2123232 2123650   17.63573   50   31    0.13163   18.11575      -  85.8 3946s
 2126608 2127163   17.90121   49   30    0.13163   18.11470      -  85.8 3950s
 2130121 2130426   18.02996   50   36    0.13163   18.11384      -  85.8 3955s
 2133384 2132886   17.97825   53   36    0.13163   18.11289      -  85.8 3960s
 2139389 2140178   16.70771   52   35    0.13163   18.11084      -  85.8 3970s
 2146804 2147307   16.61019   52   30    0.13163   18.10917      -  85.8 3978s
 2150265 2150885   18.02740   54   25    0.13163   18.10836      -  85.8 3982s
 2153843 2153933   16.54853   54   27    0.13163   18.10780      -  85.7 3986s
 2156891 2157398   17.92589   50   24    0.13163   18.10742      -  85.8 3991s
 2160356 2160737   17.68404   59   23    0.13163   18.10683      -  85.7 3995s
 2167029 2167149   17.61381   50   34    0.13163   18.10524      -  85.7 4003s
 2170107 2170273   17.57257   49   40    0.13163   18.10426      -  85.7 4009s
 2173231 2174261   18.04896   51   31    0.13163   18.10388      -  85.7 4014s
 2177219 2177958   17.92612   59   24    0.13163   18.10232      -  85.7 4019s
 2180916 2181625   16.66585   56   25    0.13163   18.10098      -  85.7 4023s
 2184583 2185244   18.04094   52   36    0.13163   18.10039      -  85.7 4028s
 2188202 2188911   17.41069   52   25    0.13163   18.09957      -  85.7 4032s
 2191869 2192448   17.95223   56   24    0.13163   18.09889      -  85.7 4036s
 2195406 2195837   17.96917   56   25    0.13163   18.09827      -  85.7 4040s
 2201993 2202783   17.17851   55   29    0.13163   18.09604      -  85.7 4049s
 2205741 2205397   17.90446   57   19    0.13163   18.09575      -  85.7 4054s
 2208355 2209093   18.09493   56   23    0.13163   18.09493      -  85.7 4059s
 2212051 2212810   16.55354   55   29    0.13163   18.09385      -  85.7 4063s
 2215768 2216342   17.72087   52   36    0.13163   18.09276      -  85.7 4067s
 2219300 2219840   18.09264   49   36    0.13163   18.09264      -  85.7 4071s
 2222798 2223253   18.08972   51   25    0.13163   18.09117      -  85.7 4075s
 2229540 2229871   17.95212   57   24    0.13163   18.08986      -  85.7 4083s
 2232829 2233787   18.05647   53   32    0.13163   18.08929      -  85.7 4088s
 2236745 2237361   18.08364   49   40    0.13163   18.08815      -  85.7 4092s
 2240319 2240051   18.00664   55   25    0.13163   18.08774      -  85.7 4097s
 2243009 2242445   17.96816   56   25    0.13163   18.08774      -  85.7 4102s
 2245403 2246129   17.93007   59   23    0.13163   18.08621      -  85.7 4107s
 2249087 2249506   18.08593   51   33    0.13163   18.08593      -  85.7 4111s
 2252464 2253069   17.96356   56   29    0.13163   18.08504      -  85.7 4115s
 2259575 2259945   16.94067   53   34    0.13163   18.08388      -  85.7 4124s
 2262903 2263929   17.73589   53   33    0.13163   18.08262      -  85.7 4129s
 2266887 2267390   17.26670   57   26    0.13163   18.08210      -  85.7 4133s
 2270348 2270541   17.91680   46   38    0.13163   18.08115      -  85.7 4137s
 2273499 2273738   15.90435   45   37    0.13163   18.08041      -  85.7 4141s
 2276696 2276854   17.85258   56   29    0.13163   18.07948      -  85.7 4146s
 2279812 2280323   17.87356   60   22    0.13163   18.07848      -  85.7 4150s
 2283281 2282674   17.91009   51   31    0.13163   18.07748      -  85.7 4155s
 2288922 2289627   17.98930   50   42    0.13163   18.07605      -  85.7 4164s
 2292585 2293562   16.57287   48   28    0.13163   18.07522      -  85.7 4169s
 2296520 2296840   17.99788   48   38    0.13163   18.07471      -  85.7 4174s
 2299798 2300237   17.99342   54   33    0.13163   18.07388      -  85.7 4178s
 2303195 2303780   17.92967   57   22    0.13163   18.07322      -  85.7 4182s
 2306738 2307190   18.03467   50   34    0.13163   18.07295      -  85.7 4186s
 2310148 2310544   17.79665   55   27    0.13163   18.07208      -  85.7 4190s
 2316949 2317142   18.06255   51   36    0.13163   18.07122      -  85.7 4198s
 2320100 2319112   15.95600   57   30    0.13163   18.07090      -  85.7 4203s
 2322070 2322947   18.06985   48   32    0.13163   18.06985      -  85.7 4207s
 2325905 2326247   17.31373   52   33    0.13163   18.06917      -  85.7 4212s
 2329205 2329688   17.43714   54   32    0.13163   18.06803      -  85.7 4216s
 2332646 2332921   16.77131   54   22    0.13163   18.06692      -  85.7 4220s
 2339198 2339626   18.05662   50   36    0.13163   18.06654      -  85.7 4228s
 2342584 2343163   17.86760   51   33    0.13163   18.06510      -  85.7 4232s
 2346121 2346615   18.06056   50   37    0.13163   18.06474      -  85.7 4236s
 2349573 2349731   18.03045   50   42    0.13163   18.06425      -  85.7 4240s
 2356623 2356981   17.17232   50   33    0.13163   18.06254      -  85.7 4248s
 2359941 2359531   18.04773   48   39    0.13163   18.06205      -  85.7 4252s
 2362491 2363198   17.22963   49   37    0.13163   18.06090      -  85.7 4257s
 2366158 2366531   17.98888   47   35    0.13163   18.06090      -  85.7 4261s
 2369491 2369986   18.05977   50   30    0.13163   18.05977      -  85.7 4265s
 2376245 2376451   17.74696   51   36    0.13163   18.05837      -  85.7 4272s
 2379411 2379759   12.23261   55   22    0.13163   18.05731      -  85.7 4275s
 2382719 2383555   16.81912   53   32    0.13163   18.05639      -  85.7 4280s
 2386515 2386196   17.58824   50   39    0.13163   18.05608      -  85.7 4285s
 2392693 2393218   16.50634   49   39    0.13163   18.05520      -  85.7 4293s
 2396178 2396827   18.01784   48   35    0.13163   18.05409      -  85.7 4298s
 2399787 2399945   16.71194   54   29    0.13163   18.05339      -  85.7 4302s
 2402905 2403346   17.75423   54   35    0.13163   18.05263      -  85.7 4306s
 2406306 2406381   15.85045   53   36    0.13163   18.05255      -  85.7 4311s
 2409341 2409743   17.19513   51   31    0.13163   18.05233      -  85.7 4316s
 2412703 2411658   17.74217   56   23    0.13163   18.05115      -  85.7 4324s
 2414618 2418832   17.96051   44   34    0.13163   18.05015      -  85.7 4333s
 2421792 2422814   17.47815   52   27    0.13163   18.04929      -  85.7 4337s
 2425774 2426448   17.64354   48   38    0.13163   18.04799      -  85.7 4341s
 2429408 2430345   18.04723   51   25    0.13163   18.04723      -  85.7 4345s
 2433305 2433850   11.84817   50   31    0.13163   18.04674      -  85.7 4351s
 2436810 2437154   16.21005   56   29    0.13163   18.04634      -  85.7 4355s
 2443567 2444755   17.82750   46   33    0.13163   18.04439      -  85.7 4364s
 2447715 2447839   17.73122   53   26    0.13163   18.04385      -  85.7 4369s
 2450799 2451161   15.72656   49   34    0.13163   18.04325      -  85.7 4372s
 2454121 2454352   15.51597   51   40    0.13163   18.04260      -  85.7 4376s
 2457312 2457513   18.04161   51   20    0.13163   18.04161      -  85.7 4380s
 2460473 2460398   18.04124   51   37    0.13163   18.04124      -  85.7 4385s
 2466681 2466763   18.03957   68   18    0.13163   18.03957      -  85.7 4392s
 2469723 2470295   17.86856   51   27    0.13163   18.03890      -  85.7 4396s
 2473255 2474212   18.03579   51   43    0.13163   18.03873      -  85.7 4400s
 2480226 2480616   18.03698   50   20    0.13163   18.03698      -  85.7 4407s
 2483576 2484015   17.07878   54   35    0.13163   18.03686      -  85.7 4410s
 2490288 2490735   18.03487   52   33    0.13163   18.03487      -  85.7 4418s
 2493695 2494319   17.49943   52   33    0.13163   18.03392      -  85.7 4421s
 2497279 2497342   17.72765   56   29    0.13163   18.03362      -  85.7 4425s
 2503586 2504354   17.48027   45   39    0.13163   18.03176      -  85.7 4432s
 2507314 2506520   18.03014   47   39    0.13163   18.03109      -  85.7 4437s
 2509480 2510539   17.37289   54   28    0.13163   18.03089      -  85.7 4441s
 2513499 2514151   18.03019   45   30    0.13163   18.03019      -  85.7 4445s
 2520692 2521284   17.23965   62   22    0.13163   18.02867      -  85.7 4452s
 2524244 2524778   18.02830   48   29    0.13163   18.02830      -  85.7 4456s
 2527738 2528348   15.51697   57   28    0.13163   18.02703      -  85.7 4461s
 2531308 2531790   17.95109   48   36    0.13163   18.02678      -  85.7 4465s
 2534750 2535750   18.01866   46   38    0.13163   18.02660      -  85.7 4470s
 2541703 2542262   16.88368   49   43    0.13163   18.02423      -  85.7 4478s
 2545222 2545351   16.88662   50   36    0.13163   18.02390      -  85.7 4482s
 2548311 2547040   18.02216   50   40    0.13163   18.02279      -  85.7 4490s
 2553731 2554540   18.02176   48   31    0.13163   18.02176      -  85.7 4499s
 2557500 2558067   17.86537   57   25    0.13163   18.02118      -  85.7 4503s
 2561027 2561538   18.02013   47   35    0.13163   18.02064      -  85.7 4507s
 2564498 2565232   17.34258   52   36    0.13163   18.02023      -  85.7 4512s
 2568192 2568548   16.61432   55   25    0.13163   18.01986      -  85.7 4517s
 2571508 2571909   15.75262   50   40    0.13163   18.01892      -  85.7 4521s
 2574869 2575264   16.85916   56   32    0.13163   18.01805      -  85.7 4526s
 2578224 2578394   16.61642   52   38    0.13163   18.01729      -  85.7 4530s
 2584888 2585327   18.01592   52   17    0.13163   18.01592      -  85.7 4538s
 2588287 2588567   18.01558   47   42    0.13163   18.01558      -  85.7 4543s
 2591527 2592004   16.74178   52   30    0.13163   18.01452      -  85.7 4547s
 2594964 2595843   18.01452   56   21    0.13163   18.01452      -  85.7 4552s
 2598803 2599155   17.79565   47   41    0.13163   18.01306      -  85.7 4555s
 2605499 2605601   17.91462   55   28    0.13163   18.01249      -  85.7 4564s
 2608561 2608724   17.90912   46   40    0.13163   18.01116      -  85.7 4569s
 2611684 2612073   17.84139   52   29    0.13163   18.01083      -  85.7 4573s
 2615033 2615587   14.38555   34   35    0.13163   18.01017      -  85.7 4577s
 2618547 2618043   17.95418   49   28    0.13163   18.00942      -  85.7 4582s
 2621003 2621287   17.78917   48   30    0.13163   18.00889      -  85.7 4587s
 2624247 2625031   17.04771   59   25    0.13163   18.00811      -  85.7 4593s
 2627991 2628718   17.89054   53   30    0.13163   18.00739      -  85.7 4597s
 2631678 2632012   18.00715   51   34    0.13163   18.00715      -  85.7 4601s
 2634972 2635318   17.36291   51   41    0.13163   18.00683      -  85.7 4605s
 2638278 2638331   17.91001   57   25    0.13163   18.00571      -  85.7 4610s
 2644551 2645202   18.00452   50   29    0.13163   18.00452      -  85.7 4618s
 2648162 2647910   17.66885   49   29    0.13163   18.00398      -  85.7 4623s
 2650870 2651230   17.79486   52   33    0.13163   18.00398      -  85.7 4627s
 2654190 2654985   17.08961   47   40    0.13163   18.00300      -  85.7 4633s
 2657945 2658235   17.67542   54   25    0.13163   18.00294      -  85.7 4637s
 2661195 2661691   17.78188   53   33    0.13163   18.00154      -  85.7 4641s
 2664651 2665065   18.00105   56   24    0.13163   18.00105      -  85.7 4646s
 2668025 2668305   17.22622   56   25    0.13163   18.00024      -  85.7 4650s
 2671265 2671573   16.71365   51   30    0.13163   17.99971      -  85.7 4655s
 2675698 2674023   15.90074   44   26    0.13163   17.99879      -  85.7 4660s
 2680224 2680880   17.71861   58   26    0.13163   17.99771      -  85.7 4669s
 2683840 2684776   17.26264   51   18    0.13163   17.99716      -  85.7 4674s
 2687736 2688094   17.81148   54   29    0.13163   17.99647      -  85.7 4677s
 2691054 2691415   17.59788   53   30    0.13163   17.99596      -  85.7 4682s
 2694375 2694666   16.51980   51   28    0.13163   17.99502      -  85.7 4687s
 2697626 2697833   17.01961   51   37    0.13163   17.99495      -  85.7 4691s
 2700793 2701093   17.95272   49   37    0.13163   17.99388      -  85.7 4695s
 2704053 2704416   17.18174   55   31    0.13163   17.99317      -  85.7 4700s
 2707376 2705344   17.49044   63   21    0.13163   17.99301      -  85.7 4708s
 2708304 2708762   17.99246   49   26    0.13163   17.99246      -  85.7 4713s
 2711722 2712721   16.85827   55   28    0.13163   17.99185      -  85.7 4717s
 2715681 2716498   17.98433   50   47    0.13163   17.99160      -  85.7 4723s
 2719458 2719785   17.34770   55   28    0.13163   17.99056      -  85.7 4727s
 2722745 2722713   17.98995   51   39    0.13163   17.98995      -  85.7 4732s
 2725673 2726112   17.91205   50   41    0.13163   17.98995      -  85.7 4737s
 2729072 2729467   17.10402   58   32    0.13163   17.98871      -  85.7 4741s
 2732427 2732795   17.60190   54   27    0.13163   17.98809      -  85.7 4746s
 2735755 2736124   17.59096   54   25    0.13163   17.98742      -  85.7 4750s
 2739084 2739491   16.54830   55   31    0.13163   17.98649      -  85.7 4755s
 2742451 2742939   16.16550   57   23    0.13163   17.98573      -  85.7 4760s
 2745899 2746686   17.98562   51   24    0.13163   17.98562      -  85.7 4765s
 2752929 2753378   17.24061   55   26    0.13163   17.98342      -  85.7 4774s
 2756338 2756687   16.17540   53   18    0.13163   17.98282      -  85.7 4779s
 2759647 2759979   17.96130   52   41    0.13163   17.98268      -  85.7 4783s
 2762939 2763232   17.95412   49   34    0.13163   17.98207      -  85.7 4788s
 2766192 2766698   16.18623   58   25    0.13163   17.98096      -  85.7 4793s
 2769658 2770050   17.04399   45   43    0.13163   17.98096      -  85.7 4797s
 2773010 2773505   17.92338   50   37    0.13163   17.97992      -  85.7 4802s
 2776465 2777458   17.39711   50   28    0.13163   17.97930      -  85.7 4807s
 2780418 2780711   17.13742   53   33    0.13163   17.97860      -  85.7 4811s
 2783671 2783834   17.43910   52   27    0.13163   17.97821      -  85.7 4816s
 2786794 2787040   17.87415   51   29    0.13163   17.97728      -  85.7 4820s
 2793197 2793548   17.73743   55   30    0.13163   17.97639      -  85.7 4828s
 2796508 2796835   17.87935   53   39    0.13163   17.97556      -  85.7 4833s
 2799795 2800000   17.87279   50   36    0.13163   17.97500      -  85.7 4837s
 2802960 2803045   16.94389   52   35    0.13163   17.97409      -  85.7 4842s
 2806005 2806686   17.77753   51   37    0.13163   17.97387      -  85.7 4847s
 2809646 2809319   17.97315   53   24    0.13163   17.97315      -  85.7 4852s
 2812279 2812966   16.75336   50   38    0.13163   17.97262      -  85.7 4857s
 2815926 2816331   17.54512   52   34    0.13163   17.97242      -  85.7 4862s
 2819291 2819832   17.95756   51   27    0.13163   17.97163      -  85.7 4867s
 2822792 2823518   16.31787   51   32    0.13163   17.97040      -  85.7 4872s
 2826478 2826972   17.96995   52   19    0.13163   17.96995      -  85.7 4876s
 2829932 2830331   17.96932   46   32    0.13163   17.96932      -  85.7 4881s
 2833291 2833776   17.80822   50   34    0.13163   17.96866      -  85.7 4885s
 2836736 2837354   16.36347   48   36    0.13163   17.96824      -  85.8 4890s
 2840314 2840427   17.96614   43   44    0.13163   17.96745      -  85.8 4895s
 2843387 2844044   17.96672   47   26    0.13163   17.96672      -  85.8 4900s
 2847004 2847225   17.76659   52   33    0.13163   17.96672      -  85.8 4905s
 2853976 2854464   17.59983   54   31    0.13163   17.96477      -  85.8 4913s
 2857424 2857844   17.76421   49   41    0.13163   17.96424      -  85.8 4917s
 2860804 2860121   17.96376   52   38    0.13163   17.96376      -  85.8 4922s
 2863081 2863974   17.82662   52   29    0.13163   17.96355      -  85.8 4926s
 2866934 2867601   17.26276   46   30    0.13163   17.96307      -  85.8 4931s
 2870561 2870948   16.61412   52   31    0.13163   17.96170      -  85.8 4935s
 2877781 2877950   17.94422   51   29    0.13163   17.96075      -  85.7 4943s
 2880910 2881133   16.96723   52   32    0.13163   17.96043      -  85.8 4947s
 2884093 2884441   14.29540   51   31    0.13163   17.95950      -  85.8 4950s
 2890581 2890803   16.42629   58   29    0.13163   17.95802      -  85.8 4958s
 2893763 2894333   16.13812   54   33    0.13163   17.95756      -  85.8 4961s
 2897293 2898173   17.95689   57   11    0.13163   17.95689      -  85.8 4966s
 2901133 2900394   15.80618   61   22    0.13163   17.95689      -  85.8 4972s
 2903354 2904378   17.79788   47   40    0.13163   17.95595      -  85.8 4976s
 2907338 2907744   15.64166   59   30    0.13163   17.95539      -  85.8 4981s
 2910704 2911191   14.75526   55   28    0.13163   17.95441      -  85.7 4985s
 2917650 2917973   16.66726   56   29    0.13163   17.95311      -  85.8 4993s
 2920933 2921354   17.95232   53   32    0.13163   17.95232      -  85.8 4998s
 2924314 2924652   17.29305   48   38    0.13163   17.95229      -  85.8 5002s
 2927612 2928517   15.68150   51   30    0.13163   17.95169      -  85.8 5007s
 2931477 2931643   15.78492   53   37    0.13163   17.95137      -  85.8 5011s
 2934603 2934937   17.95137   51   37    0.13163   17.95137      -  85.8 5015s
 2941195 2940440   17.92230   52   30    0.13163   17.94949      -  85.8 5024s
 2943400 2943901   17.76883   45   39    0.13163   17.94871      -  85.8 5028s
 2946861 2947160   16.55798   54   32    0.13163   17.94826      -  85.8 5032s
 2950120 2950602   17.88485   45   38    0.13163   17.94742      -  85.8 5036s
 2953562 2954098   16.84684   45   42    0.13163   17.94713      -  85.8 5041s
 2957058 2957813   17.52447   54   32    0.13163   17.94613      -  85.8 5045s
 2964264 2964592   16.02208   50   31    0.13163   17.94514      -  85.8 5053s
 2967552 2967731   17.94479   46   46    0.13163   17.94479      -  85.8 5057s
 2970691 2970956   17.90967   51   41    0.13163   17.94394      -  85.8 5062s
 2973916 2974403   17.47840   46   38    0.13163   17.94374      -  85.8 5066s
 2977363 2976782   16.42093   53   34    0.13163   17.94303      -  85.8 5071s
 2979742 2980216   17.89133   55   27    0.13163   17.94269      -  85.8 5076s
 2983176 2983740   17.10256   54   27    0.13163   17.94218      -  85.8 5080s
 2986700 2987569   17.76920   51   32    0.13163   17.94189      -  85.8 5086s
 2993937 2994134   17.57020   50   35    0.13163   17.94034      -  85.8 5093s
 2997094 2997231   17.35057   54   31    0.13163   17.94000      -  85.8 5098s
 3000191 3000641   17.86412   50   28    0.13163   17.93916      -  85.8 5102s
 3003601 3004005   15.29826   49   40    0.13163   17.93885      -  85.8 5107s
 3006965 3007309   17.93871   51   31    0.13163   17.93871      -  85.8 5111s
 3010269 3009626   17.93871   47   38    0.13163   17.93871      -  85.8 5115s
 3015979 3016655   17.24097   51   31    0.13163   17.93676      -  85.8 5124s
 3019615 3019903   17.93449   49   39    0.13163   17.93676      -  85.8 5129s
 3022863 3023447   17.58938   54   35    0.13163   17.93546      -  85.8 5133s
 3026407 3026634   17.93126   52   30    0.13163   17.93507      -  85.8 5138s
 3029594 3029547   17.68281   53   32    0.13163   17.93498      -  85.8 5142s
 3032507 3033139   16.05249   53   39    0.13163   17.93424      -  85.8 5147s
 3036099 3035510   17.93329   53   19    0.13163   17.93329      -  85.8 5152s
 3038470 3039043   17.90656   51   29    0.13163   17.93290      -  85.8 5157s
 3042003 3042449   17.86984   43   31    0.13163   17.93224      -  85.8 5161s
 3045409 3045747   17.93196   47   32    0.13163   17.93196      -  85.8 5166s
 3048707 3049720   16.93798   49   34    0.13163   17.93111      -  85.8 5171s
 3052680 3053090   16.47342   60   19    0.13163   17.93027      -  85.8 5176s
 3056050 3056528   17.43105   53   35    0.13163   17.93002      -  85.8 5180s
 3062893 3063176   15.98189   53   32    0.13163   17.92888      -  85.8 5189s
 3066136 3066555   16.11786   63   20    0.13163   17.92840      -  85.8 5193s
 3069515 3069101   17.65546   48   39    0.13163   17.92756      -  85.8 5197s
 3072061 3072558   17.40299   50   34    0.13163   17.92750      -  85.8 5202s
 3075518 3076414   16.95558   51   33    0.13163   17.92735      -  85.8 5207s
 3079374 3079786   17.66290   58   26    0.13163   17.92664      -  85.8 5211s
 3082746 3082876   17.56366   55   28    0.13163   17.92618      -  85.8 5216s
 3085836 3086112   16.75344   49   34    0.13163   17.92515      -  85.8 5220s
 3089072 3088869   15.75448   55   31    0.13163   17.92447      -  85.8 5225s
 3095087 3095036   17.08875   60   27    0.13163   17.92321      -  85.8 5234s
 3097996 3098633   14.82051   45   35    0.13163   17.92253      -  85.8 5238s
 3101593 3102150   16.67831   57   27    0.13163   17.92183      -  85.8 5242s
 3105110 3105788   16.82278   48   38    0.13163   17.92144      -  85.8 5248s
 3108748 3109261   17.92060   49   24    0.13163   17.92060      -  85.8 5252s
 3112221 3111875   16.81353   58   32    0.13163   17.92053      -  85.8 5257s
 3114835 3115203   17.91952   49   42    0.13163   17.91980      -  85.8 5262s
 3118163 3118813   17.84484   54   36    0.13163   17.91941      -  85.8 5266s
 3121773 3122239   17.46957   54   32    0.13163   17.91863      -  85.8 5271s
 3125199 3125854   17.84222   48   30    0.13163   17.91781      -  85.8 5275s
 3128814 3129157   17.91619   52   31    0.13163   17.91777      -  85.8 5280s
 3135726 3136584   17.80139   49   36    0.13163   17.91644      -  85.8 5289s
 3139544 3139655   15.51055   54   31    0.13163   17.91541      -  85.8 5293s
 3142615 3142747   16.13205   51   34    0.13163   17.91529      -  85.8 5298s
 3145707 3145934   15.88530   52   40    0.13163   17.91502      -  85.8 5302s
 3148894 3149155   17.91452   52   27    0.13163   17.91452      -  85.8 5307s
 3152115 3152749   14.35491   33   25    0.13163   17.91351      -  85.8 5312s
 3155709 3156154   17.69511   53   30    0.13163   17.91320      -  85.8 5316s
 3159114 3159552   17.64997   53   30    0.13163   17.91265      -  85.8 5320s
 3165771 3165163   17.41434   46   39    0.13163   17.91192      -  85.8 5331s
 3168123 3170347   17.60616   55   26    0.13163   17.91082      -  85.8 5337s
 3173307 3174163   17.27971   52   28    0.13163   17.91044      -  85.8 5343s
 3177123 3177870   17.43151   53   28    0.13163   17.90955      -  85.8 5347s
 3180830 3181521   17.15928   54   34    0.13163   17.90871      -  85.8 5352s
 3184481 3184885   17.57476   55   31    0.13163   17.90839      -  85.8 5357s
 3187847 3188451   17.15917   53   34    0.13163   17.90768      -  85.8 5361s
 3191413 3191946   17.89957   44   48    0.13163   17.90731      -  85.8 5366s
 3194908 3195438   17.69661   50   33    0.13163   17.90726      -  85.8 5371s
 3198400 3198918   16.93472   50   32    0.13163   17.90606      -  85.8 5376s
 3201880 3201935   17.90542   49   34    0.13163   17.90542      -  85.8 5380s
 3204897 3205627   17.77670   55   31    0.13163   17.90486      -  85.8 5386s
 3208589 3209153   17.47985   49   32    0.13163   17.90464      -  85.8 5390s
 3215619 3215982   17.90366   50   35    0.13163   17.90366      -  85.8 5399s
 3218946 3219203   17.58886   52   32    0.13163   17.90264      -  85.8 5403s
 3222167 3222511   17.65032   50   37    0.13163   17.90214      -  85.8 5407s
 3225475 3225994   15.77653   50   38    0.13163   17.90121      -  85.8 5412s
 3228958 3228681   17.53803   47   33    0.13163   17.90077      -  85.8 5417s
 3231645 3232481   17.90026   50   26    0.13163   17.90026      -  85.8 5421s
 3235445 3235784   16.31331   47   41    0.13163   17.89984      -  85.8 5426s
 3238748 3239531   16.32540   48   36    0.13163   17.89891      -  85.8 5431s
 3242495 3243097   15.26804   54   31    0.13163   17.89837      -  85.8 5436s
 3246061 3246441   17.72145   53   29    0.13163   17.89800      -  85.8 5440s
 3252790 3253213   17.74571   49   44    0.13163   17.89723      -  85.8 5448s
 3256177 3255669   17.78607   53   31    0.13163   17.89642      -  85.8 5454s
 3258633 3260732   17.65145   44   43    0.13163   17.89600      -  85.8 5461s
 3263696 3264360   12.07297   31   33    0.13163   17.89506      -  85.8 5466s
 3267324 3268033   17.44380   52   32    0.13163   17.89435      -  85.8 5470s
 3270997 3271526   16.91474   55   28    0.13163   17.89386      -  85.8 5475s
 3277805 3278200   17.05827   54   37    0.13163   17.89312      -  85.8 5484s
 3281164 3281715   17.48713   53   29    0.13163   17.89216      -  85.8 5488s
 3284679 3285213   17.21805   54   35    0.13163   17.89156      -  85.8 5493s
 3288177 3289044   15.55692   57   36    0.13163   17.89139      -  85.8 5497s
 3292008 3292074   16.81085   51   33    0.13163   17.89075      -  85.8 5502s
 3295038 3295429   17.89027   51   30    0.13163   17.89027      -  85.8 5506s
 3298393 3298580   17.73089   50   28    0.13163   17.89010      -  85.8 5511s
 3301544 3301957   17.53620   52   30    0.13163   17.88907      -  85.8 5515s
 3308299 3308083   17.32904   50   38    0.13163   17.88790      -  85.8 5524s
 3311047 3311425   17.01790   51   41    0.13163   17.88770      -  85.8 5529s
 3314389 3314968   17.70028   55   23    0.13163   17.88702      -  85.8 5533s
 3317932 3318502   17.81245   51   45    0.13163   17.88664      -  85.8 5538s
 3321466 3322087   17.68562   47   37    0.13163   17.88630      -  85.8 5543s
 3325051 3325435   17.88561   50   21    0.13163   17.88561      -  85.8 5547s
 3328399 3328648   15.90305   54   35    0.13163   17.88540      -  85.8 5551s
 3331612 3329897   17.88419   45   31    0.13163   17.88447      -  85.8 5558s
 3332861 3333865   17.82585   53   32    0.13163   17.88428      -  85.8 5563s
 3336829 3337299   17.66062   53   27    0.13163   17.88398      -  85.8 5568s
 3340263 3340721   17.62787   50   31    0.13163   17.88379      -  85.8 5572s
 3343685 3344190   16.72557   51   37    0.13163   17.88364      -  85.8 5578s
 3347154 3348008   17.88120   48   33    0.13163   17.88268      -  85.8 5583s
 3350972 3351246   17.20202   61   22    0.13163   17.88245      -  85.8 5587s
 3354210 3354496   16.82194   54   26    0.13163   17.88139      -  85.8 5591s
 3357460 3357702   17.76731   56   29    0.13163   17.88126      -  85.8 5595s
 3360666 3360729   17.88061   50   26    0.13163   17.88061      -  85.8 5600s
 3367285 3367749   17.62708   52   30    0.13163   17.87967      -  85.8 5608s
 3370713 3370952   17.78368   47   27    0.13163   17.87902      -  85.8 5613s
 3373916 3374229   16.20555   50   39    0.13163   17.87865      -  85.8 5617s
 3377193 3377990   17.87043   44   24    0.13163   17.87784      -  85.8 5622s
 3380954 3381119   17.87718   55   29    0.13163   17.87753      -  85.8 5626s
 3384083 3384271   16.34104   60   25    0.13163   17.87661      -  85.8 5631s
 3387235 3387589   17.79159   49   38    0.13163   17.87617      -  85.8 5635s
 3394021 3394209   17.73157   51   43    0.13163   17.87529      -  85.8 5643s
 3397173 3397584   17.81881   50   42    0.13163   17.87488      -  85.8 5647s
 3400548 3400800   17.85529   47   36    0.13163   17.87412      -  85.8 5652s
 3403764 3404421   17.47130   53   34    0.13163   17.87360      -  85.8 5656s
 3407385 3408018   17.65934   53   27    0.13163   17.87311      -  85.8 5661s
 3410982 3411280   16.59315   53   33    0.13163   17.87297      -  85.8 5665s
 3414244 3414577   16.16421   45   40    0.13163   17.87220      -  85.8 5670s
 3420964 3420930   16.04895   53   30    0.13163   17.87066      -  85.8 5679s
 3423894 3424380   17.80701   57   23    0.13163   17.87010      -  85.8 5684s
 3427344 3426770   17.86092   51   37    0.13163   17.86987      -  85.8 5688s
 3429734 3430256   17.57208   54   32    0.13163   17.86941      -  85.8 5693s
 3433220 3433912   17.83367   52   36    0.13163   17.86902      -  85.8 5697s
 3436876 3437698   17.24822   62   21    0.13163   17.86810      -  85.8 5702s
 3440662 3440812   17.86755   52   27    0.13163   17.86755      -  85.8 5707s
 3443776 3444390   17.63506   65   25    0.13163   17.86704      -  85.8 5710s
 3450697 3450719   17.85602   52   29    0.13163   17.86625      -  85.8 5718s
 3453683 3453856   15.84255   53   30    0.13163   17.86625      -  85.8 5722s
 3456820 3457295   16.80090   58   29    0.13163   17.86492      -  85.8 5727s
 3460259 3460456   17.67273   57   24    0.13163   17.86440      -  85.8 5731s
 3463420 3463842   17.59287   50   30    0.13163   17.86403      -  85.8 5735s
 3466806 3467535   17.85881   52   32    0.13163   17.86352      -  85.8 5741s
 3470499 3469565   17.67994   50   31    0.13163   17.86292      -  85.8 5749s
 3472529 3473593   16.94498   53   32    0.13163   17.86273      -  85.8 5754s
 3476557 3476710   16.39544   52   33    0.13163   17.86196      -  85.8 5761s
 3479674 3479753   17.85499   47   44    0.13163   17.86189      -  85.8 5768s
 3482717 3483055   17.76308   54   34    0.13163   17.86147      -  85.8 5775s
 3486019 3486289   17.29997   49   32    0.13163   17.86085      -  85.8 5782s
 3489253 3489445   17.58516   54   32    0.13163   17.86041      -  85.8 5789s
 3492409 3492239   17.23549   50   38    0.13163   17.85978      -  85.8 5796s
 3495203 3495785   17.85978   51   23    0.13163   17.85978      -  85.8 5803s
 3498749 3498855   16.47145   53   31    0.13163   17.85869      -  85.8 5809s
 3501819 3502368   16.84597   49   46    0.13163   17.85809      -  85.8 5815s
 3505332 3505749   17.85586   47   41    0.13163   17.85767      -  85.8 5823s
 3508713 3509095   17.78151   47   34    0.13163   17.85767      -  85.8 5829s
 3512059 3512480   17.78931   48   34    0.13163   17.85767      -  85.8 5834s
 3515444 3515656   15.85093   49   38    0.13163   17.85767      -  85.8 5840s
 3518620 3519008   16.75437   54   37    0.13163   17.85560      -  85.8 5846s
 3521972 3522434   17.58691   48   41    0.13163   17.85480      -  85.8 5851s
 3525398 3525761   17.59968   52   27    0.13163   17.85437      -  85.8 5856s
 3528725 3528319   17.83098   54   30    0.13163   17.85404      -  85.8 5863s
 3531283 3532754   17.85060   52   25    0.13163   17.85397      -  85.8 5870s
 3535718 3536506   17.28327   53   33    0.13163   17.85304      -  85.8 5876s
 3539470 3540184   17.67456   56   25    0.13163   17.85260      -  85.8 5907s
 3543148 3543703   17.73073   51   28    0.13163   17.85204      -  85.8 5912s
 3546667 3547384   16.00947   54   38    0.13163   17.85182      -  85.8 5916s
 3550348 3550859   17.76716   47   37    0.13163   17.85133      -  85.8 5921s
 3553823 3554210   16.53257   53   35    0.13163   17.85061      -  85.8 5926s
 3557174 3556746   17.30979   55   26    0.13163   17.84974      -  85.8 5931s
 3559710 3560265   17.71146   53   34    0.13163   17.84938      -  85.8 5936s
 3563229 3563233   17.69652   53   29    0.13163   17.84904      -  85.8 5941s
 3566197 3566958   16.62068   52   33    0.13163   17.84904      -  85.8 5946s
 3569922 3570145   17.84793   40   31    0.13163   17.84793      -  85.8 5950s
 3573109 3573503   16.58754   49   38    0.13163   17.84767      -  85.8 5955s
 3576467 3576988   16.76553   54   33    0.13163   17.84684      -  85.8 5960s
 3583490 3583818   17.65351   53   35    0.13163   17.84621      -  85.8 5969s
 3586782 3587118   14.13594   53   28    0.13163   17.84592      -  85.8 5974s
 3590082 3590769   17.82721   50   38    0.13163   17.84533      -  85.8 5979s
 3593733 3593209   17.84482   50   26    0.13163   17.84482      -  85.8 5984s
 3596173 3596993   16.41259   53   30    0.13163   17.84461      -  85.8 5989s
 3599957 3600533   17.84425   51   23    0.13163   17.84425      -  85.8 5993s
 3603497 3604085   17.84334   51   23    0.13163   17.84334      -  85.8 5998s
 3607049 3607618   16.85192   53   33    0.13163   17.84268      -  85.8 6002s
 3610582 3611201   16.81387   52   27    0.13163   17.84216      -  85.8 6006s
 3614165 3614592   17.84188   49   42    0.13163   17.84198      -  85.8 6010s
 3617556 3617915   17.49803   54   29    0.13163   17.84188      -  85.8 6015s
 3620879 3620561   17.55015   51   39    0.13163   17.84097      -  85.8 6021s
 3623525 3625072   17.25089   54   26    0.13163   17.84050      -  85.8 6027s
 3628036 3628781   17.37470   40   38    0.13163   17.83967      -  85.8 6032s
 3631745 3632478   15.55062   59   23    0.13163   17.83916      -  85.8 6036s
 3635442 3636105   16.63787   60   25    0.13163   17.83890      -  85.8 6041s
 3639069 3639459   17.47167   48   43    0.13163   17.83816      -  85.8 6046s
 3642423 3642877   17.83768   51   25    0.13163   17.83768      -  85.8 6050s
 3649243 3649629   14.63379   48   37    0.13163   17.83622      -  85.8 6059s
 3652593 3652349   17.53162   47   36    0.13163   17.83585      -  85.8 6064s
 3655313 3656937   16.47566   43   35    0.13163   17.83561      -  85.8 6070s
 3659901 3660476   17.82665   52   34    0.13163   17.83521      -  85.8 6075s
 3666915 3667356   16.59059   51   26    0.13163   17.83407      -  85.8 6084s
 3670320 3670510   16.55448   52   37    0.13163   17.83372      -  85.8 6088s
 3673474 3674141   17.81191   50   37    0.13163   17.83349      -  85.8 6093s
 3677105 3677594   17.83265   40   27    0.13163   17.83265      -  85.8 6097s
 3680558 3680892   16.80981   52   34    0.13163   17.83236      -  85.8 6101s
 3683856 3684293   17.77554   59   29    0.13163   17.83206      -  85.8 6107s
 3687257 3687991   16.84096   50   32    0.13163   17.83160      -  85.8 6111s
 3690955 3690980   16.92127   61   21    0.13163   17.83086      -  85.8 6116s
 3693944 3694497   17.73796   52   36    0.13163   17.83052      -  85.8 6121s
 3697461 3698059   17.83004   47   28    0.13163   17.83004      -  85.8 6126s
 3701023 3701472   15.58028   53   31    0.13163   17.82979      -  85.8 6130s
 3707898 3706943   17.82885   48   27    0.13163   17.82885      -  85.8 6140s
 3713225 3713877   16.31570   54   28    0.13163   17.82784      -  85.8 6149s
 3716841 3717290   17.74719   52   33    0.13163   17.82729      -  85.8 6154s
 3720254 3720451   17.18205   50   40    0.13163   17.82717      -  85.8 6158s
 3723415 3723793   14.35604   50   33    0.13163   17.82677      -  85.8 6163s
 3726757 3727142   16.12360   51   39    0.13163   17.82601      -  85.8 6167s
 3730106 3730183   17.82601   48   36    0.13163   17.82601      -  85.8 6171s
 3733147 3733589   16.21265   47   38    0.13163   17.82527      -  85.8 6175s
 3736553 3736866   17.53915   53   33    0.13163   17.82482      -  85.8 6180s
 3743068 3743819   17.53276   49   42    0.13163   17.82417      -  85.8 6189s
 3746783 3746435   17.82344   46   39    0.13163   17.82344      -  85.8 6194s
 3749399 3749795   17.74511   46   38    0.13163   17.82306      -  85.9 6199s
 3752761 3753008   17.32265   48   40    0.13163   17.82306      -  85.9 6204s
 3755974 3756697   17.09763   51   35    0.13163   17.82184      -  85.9 6208s
 3759663 3760054   17.50050   49   42    0.13163   17.82146      -  85.9 6213s
 3763020 3763562   16.80915   59   28    0.13163   17.82074      -  85.9 6218s
 3766528 3766919   17.41089   52   28    0.13163   17.82012      -  85.9 6222s
 3769885 3770267   17.44912   53   34    0.13163   17.81955      -  85.9 6227s
 3773233 3774015   17.78680   47   41    0.13163   17.81910      -  85.9 6231s
 3776981 3776193   16.10337   60   25    0.13163   17.81855      -  85.9 6237s
 3779159 3779755   17.81853   51   34    0.13163   17.81853      -  85.9 6242s
 3782721 3783296   16.27657   54   24    0.13163   17.81813      -  85.9 6247s
 3786262 3787005   17.81718   52   19    0.13163   17.81718      -  85.9 6251s
 3789971 3790313   16.13103   53   33    0.13163   17.81690      -  85.9 6256s
 3793279 3793619   16.06717   53   29    0.13163   17.81616      -  85.9 6260s
 3800064 3800499   14.23165   54   20    0.13163   17.81515      -  85.9 6269s
 3803465 3804171   16.37412   55   29    0.13163   17.81509      -  85.9 6274s
 3807137 3807551   15.37485   50   39    0.13163   17.81467      -  85.9 6278s
 3810517 3810840   17.53443   48   33    0.13163   17.81440      -  85.9 6282s
 3813806 3814056   14.64000   54   25    0.13163   17.81374      -  85.9 6286s
 3817022 3816373   17.69959   41   24    0.13163   17.81310      -  85.9 6291s
 3819339 3819327   17.81270   50   25    0.13163   17.81270      -  85.9 6296s
 3822293 3822797   16.91573   48   31    0.13163   17.81227      -  85.9 6301s
 3825763 3826305   17.61177   59   22    0.13163   17.81153      -  85.9 6306s
 3829271 3829772   16.65683   56   28    0.13163   17.81119      -  85.9 6310s
 3832738 3833526   16.53895   53   33    0.13163   17.81072      -  85.9 6315s
 3839644 3840059   17.51382   52   32    0.13163   17.80995      -  85.9 6324s
 3843025 3843098   17.64054   52   33    0.13163   17.80953      -  85.9 6328s
 3846064 3846572   17.46951   45   29    0.13163   17.80884      -  85.9 6332s
 3849538 3849991   17.80402   54   25    0.13163   17.80847      -  85.9 6336s
 3852957 3852710   17.80823   53   22    0.13163   17.80823      -  85.9 6340s
 3855676 3855948   17.47220   53   33    0.13163   17.80775      -  85.9 6345s
 3862408 3863147   17.71853   52   35    0.13163   17.80722      -  85.9 6354s
 3866113 3866468   17.12542   51   39    0.13163   17.80634      -  85.9 6359s
 3869434 3869826   15.96182   54   32    0.13163   17.80614      -  85.9 6363s
 3872792 3873164   17.23955   53   27    0.13163   17.80513      -  85.9 6367s
 3876130 3876083   16.23021   56   21    0.13163   17.80475      -  85.9 6372s
 3879049 3879154   17.45788   51   37    0.13163   17.80434      -  85.9 6376s
 3882120 3882383   17.21104   58   32    0.13163   17.80414      -  85.9 6380s
 3888740 3886511   17.25213   53   35    0.13163   17.80318      -  85.9 6391s
 3889477 3890375   17.46205   46   35    0.13163   17.80316      -  85.9 6396s
 3893341 3894026   17.36326   48   38    0.13163   17.80280      -  85.9 6401s
 3896992 3897329   16.46227   51   30    0.13163   17.80203      -  85.9 6405s
 3900295 3900509   17.73735   55   28    0.13163   17.80176      -  85.9 6410s
 3906892 3907123   10.68050   56   32    0.13163   17.80053      -  85.9 6418s
 3910089 3910567   16.51561   53   33    0.13163   17.80036      -  85.9 6422s
 3913533 3913632   17.53384   58   23    0.13163   17.79982      -  85.9 6427s
 3916598 3917024   16.37022   35   36    0.13163   17.79958      -  85.9 6431s
 3919990 3920387   17.46642   50   29    0.13163   17.79902      -  85.9 6435s
 3923353 3923831   16.80651   53   32    0.13163   17.79902      -  85.9 6440s
 3926797 3927375   17.69447   48   36    0.13163   17.79863      -  85.9 6445s
 3933546 3933867   16.81137   50   38    0.13163   17.79781      -  85.9 6454s
 3936833 3936901   16.50861   59   21    0.13163   17.79733      -  85.9 6459s
 3939867 3940434   17.20893   56   29    0.13163   17.79688      -  85.9 6463s
 3943400 3943570   17.02045   50   29    0.13163   17.79676      -  85.9 6468s
 3946536 3946922   16.95235   47   38    0.13163   17.79601      -  85.9 6473s
 3949888 3950225   16.98277   50   36    0.13163   17.79575      -  85.9 6477s
 3953191 3953665   16.85664   53   34    0.13163   17.79493      -  85.9 6482s
 3956631 3957031   15.82618   45   45    0.13163   17.79486      -  85.9 6487s
 3959997 3960581   17.70471   46   42    0.13163   17.79413      -  85.9 6491s
 3963547 3963836   17.30678   48   44    0.13163   17.79366      -  85.9 6496s
 3966802 3967146   17.79318   49   19    0.13163   17.79318      -  85.9 6500s
 3970112 3970386   17.71105   52   35    0.13163   17.79262      -  85.9 6505s
 3976915 3977283   17.78339   53   33    0.13163   17.79128      -  85.9 6513s
 3980249 3980695   16.92987   55   31    0.13163   17.79128      -  85.9 6518s
 3983661 3984343   16.48070   49   33    0.13163   17.79060      -  85.9 6523s
 3987309 3987497   16.96676   48   38    0.13163   17.79004      -  85.9 6527s
 3990463 3990970   16.85717   50   40    0.13163   17.78970      -  85.9 6531s
 3993936 3994388   17.68321   59   24    0.13163   17.78930      -  85.9 6536s
 3997354 3997537   16.19449   55   33    0.13163   17.78844      -  85.9 6540s
 4000503 4000944   16.78364   57   26    0.13163   17.78818      -  85.9 6545s
 4007149 4006472   16.61992   54   27    0.13163   17.78692      -  85.9 6554s
 4009438 4010014   17.06177   51   41    0.13163   17.78677      -  85.9 6559s
 4012980 4013578   16.77423   48   34    0.13163   17.78643      -  85.9 6564s
 4016544 4016874   17.23488   51   40    0.13163   17.78643      -  85.9 6568s
 4019840 4019812   17.53307   54   38    0.13163   17.78541      -  85.9 6573s
 4022778 4023098   16.13760   53   39    0.13163   17.78510      -  85.9 6578s
 4026064 4026659   17.06157   53   37    0.13163   17.78434      -  85.9 6582s
 4029625 4030177   17.73710   48   40    0.13163   17.78423      -  85.9 6587s
 4033143 4033305   17.46020   46   31    0.13163   17.78333      -  85.9 6591s
 4036271 4036926   17.76292   46   37    0.13163   17.78276      -  85.9 6596s
 4039892 4040431   16.90126   50   39    0.13163   17.78268      -  85.9 6600s
 4043397 4043174   17.78197   52   23    0.13163   17.78197      -  85.9 6606s
 4046140 4047571   17.78141   54   27    0.13163   17.78141      -  85.9 6611s
 4050537 4051057   17.41256   54   32    0.13163   17.78110      -  85.9 6616s
 4054023 4054632   15.40008   54   31    0.13163   17.78078      -  85.9 6621s
 4057598 4058279   17.76255   56   27    0.13163   17.78010      -  85.9 6625s
 4064722 4065052   17.77932   48   38    0.13163   17.77932      -  85.9 6633s
 4068018 4068358   16.47847   50   31    0.13163   17.77890      -  85.9 6638s
 4071324 4071618   17.77864   51   30    0.13163   17.77864      -  85.9 6642s
 4074584 4075155   17.77830   50   21    0.13163   17.77830      -  85.9 6647s
 4078121 4078676   17.70219   52   36    0.13163   17.77751      -  85.9 6651s
 4081642 4082082   17.46237   52   37    0.13163   17.77732      -  85.9 6655s
 4085048 4084550   17.50112   55   31    0.13163   17.77720      -  85.9 6660s
 4087516 4087940   17.77097   55   26    0.13163   17.77660      -  85.9 6665s
 4094152 4094596   17.77549   56   27    0.13163   17.77549      -  85.9 6673s
 4097562 4098029   17.77504   49   27    0.13163   17.77504      -  85.9 6678s
 4100995 4100916   17.71267   51   37    0.13163   17.77445      -  85.9 6683s
 4103882 4104729   17.00383   58   26    0.13163   17.77422      -  85.9 6688s
 4107695 4108015   16.29870   57   26    0.13163   17.77361      -  85.9 6692s
 4110981 4111121   17.77321   54   26    0.13163   17.77321      -  85.9 6696s
 4114087 4114349   16.71483   50   39    0.13163   17.77274      -  85.9 6700s
 4117315 4116604   16.42416   47   39    0.13163   17.77213      -  85.9 6705s
 4119570 4119956   17.74568   48   36    0.13163   17.77213      -  85.9 6710s
 4126468 4126877   16.22331   51   36    0.13163   17.77103      -  85.9 6719s
 4129843 4130081   11.57082   53   31    0.13163   17.77031      -  85.9 6723s
 4133047 4133638   17.77029   53   31    0.13163   17.77029      -  85.9 6728s
 4136604 4136997   17.59668   55   31    0.13163   17.77029      -  85.9 6733s
 4139963 4140288   17.21269   53   36    0.13163   17.76922      -  85.9 6737s
 4143254 4143457   17.08808   51   34    0.13163   17.76922      -  85.9 6742s
 4146423 4146950   17.76825   52   20    0.13163   17.76825      -  85.9 6746s
 4149916 4150154   17.25482   51   20    0.13163   17.76784      -  85.9 6750s
 4153120 4152627   15.52904   55   27    0.13163   17.76740      -  85.9 6755s
 4155593 4156174   17.31277   53   31    0.13163   17.76722      -  85.9 6760s
 4159140 4159566   17.01809   49   38    0.13163   17.76675      -  85.9 6765s
 4162532 4163355   16.84374   51   39    0.13163   17.76651      -  85.9 6770s
 4169602 4169830   17.76560   50   27    0.13163   17.76560      -  85.9 6778s
 4172796 4173194   16.59205   53   34    0.13163   17.76560      -  85.9 6782s
 4176160 4176254   17.76472   47   23    0.13163   17.76472      -  85.9 6786s
 4179220 4179783   17.04685   51   28    0.13163   17.76448      -  85.9 6791s
 4182749 4182670   17.76444   51   30    0.13163   17.76444      -  85.9 6795s
 4185636 4186266   17.53516   52   31    0.13163   17.76346      -  85.9 6800s
 4192565 4192306   17.54370   54   28    0.13163   17.76292      -  85.9 6809s
 4195272 4196771   17.32035   50   36    0.13163   17.76257      -  85.9 6815s
 4199737 4200280   17.10660   53   30    0.13163   17.76214      -  85.9 6820s
 4206960 4207478   17.52572   54   30    0.13163   17.76138      -  85.9 6828s
 4210444 4210572   16.38726   50   41    0.13163   17.76129      -  85.9 6833s
 4213538 4214070   16.59244   46   34    0.13163   17.76091      -  85.9 6837s
 4217036 4217471   17.18980   61   26    0.13163   17.76015      -  85.9 6841s
 4220437 4220689   12.66904   47   27    0.13163   17.75969      -  85.9 6846s
 4223655 4224362   17.64130   50   33    0.13163   17.75927      -  85.9 6851s
 4227328 4226501   17.55801   54   35    0.13163   17.75866      -  85.9 6856s
 4229467 4230141   16.56387   53   35    0.13163   17.75832      -  85.9 6862s
 4233107 4234001   17.20009   56   23    0.13163   17.75774      -  85.9 6866s
 4236967 4237579   17.75760   47   36    0.13163   17.75760      -  85.9 6870s
 4240545 4240832   17.75712   52   27    0.13163   17.75712      -  85.9 6875s
 4247177 4247758   17.69346   53   33    0.13163   17.75665      -  85.9 6884s
 4250724 4250940   17.75601   50   25    0.13163   17.75601      -  85.9 6888s
 4253906 4254393   17.69967   56   27    0.13163   17.75575      -  85.9 6893s
 4257359 4257840   16.68298   46   42    0.13163   17.75506      -  85.9 6898s
 4260806 4261137   17.56506   54   28    0.13163   17.75454      -  85.9 6902s
 4264103 4263215   16.65025   58   26    0.13163   17.75427      -  85.9 6908s
 4266181 4266265   17.50819   50   32    0.13163   17.75417      -  85.9 6914s
 4269231 4270084   17.56262   51   28    0.13163   17.75327      -  85.9 6919s
 4273050 4273871   17.39358   53   35    0.13163   17.75303      -  85.9 6923s
 4276837 4277339   16.34222   59   22    0.13163   17.75293      -  85.9 6927s
 4280305 4280787   17.28486   53   31    0.13163   17.75241      -  85.9 6932s
 4283753 4284368   17.45585   54   35    0.13163   17.75241      -  85.9 6937s
 4287334 4287755   16.76275   58   29    0.13163   17.75141      -  85.9 6941s
 4290721 4291086   17.15737   59   23    0.13163   17.75112      -  85.9 6946s
 4294052 4294323   17.69447   52   33    0.13163   17.75063      -  85.9 6950s
 4300566 4301187   16.42835   54   30    0.13163   17.74962      -  85.9 6958s
 4304153 4304290   16.54062   58   25    0.13163   17.74952      -  85.9 6963s
 4307256 4307518   15.19727   36   28    0.13163   17.74884      -  85.9 6967s
 4310484 4310769   17.58625   50   41    0.13163   17.74883      -  85.9 6971s
 4313735 4314267   16.74453   52   31    0.13163   17.74799      -  85.9 6976s
 4317233 4316777   15.75154   52   26    0.13163   17.74767      -  85.9 6982s
 4319743 4320609   17.20705   52   32    0.13163   17.74730      -  85.9 6987s
 4323575 4324303   17.58505   50   40    0.13163   17.74701      -  85.9 6992s
 4327269 4327682   17.74689   47   34    0.13163   17.74689      -  85.9 6996s
 4330648 4331307   17.27783   55   30    0.13163   17.74594      -  85.9 7001s
 4334273 4334659   17.73512   52   34    0.13163   17.74556      -  85.9 7006s
 4337625 4337889   17.74512   49   39    0.13163   17.74512      -  85.9 7010s
 4340855 4341253   17.37958   51   35    0.13163   17.74512      -  85.9 7015s
 4344219 4344751   17.74454   42   40    0.13163   17.74454      -  85.9 7020s
 4351048 4350955   17.69491   45   40    0.13163   17.74359      -  86.0 7029s
 4353921 4353522   15.51196   49   35    0.13163   17.74340      -  86.0 7035s
 4356488 4357302   17.51215   47   37    0.13163   17.74292      -  86.0 7040s
 4364026 4364553   17.68059   52   31    0.13163   17.74214      -  85.9 7049s
 4367519 4367851   17.74190   56   19    0.13163   17.74190      -  86.0 7054s
 4370817 4371298   17.74148   47   31    0.13163   17.74148      -  86.0 7058s
 4374264 4375027   17.74115   44   35    0.13163   17.74115      -  86.0 7063s
 4377993 4378205   17.74060   52   25    0.13163   17.74060      -  86.0 7067s
 4381171 4381543   17.25469   49   38    0.13163   17.74024      -  86.0 7072s
 4384509 4384918   17.73978   52   15    0.13163   17.73978      -  86.0 7077s
 4387884 4387949   16.86205   56   28    0.13163   17.73940      -  86.0 7082s
 4390915 4390939   16.55608   48   36    0.13163   17.73940      -  86.0 7086s
 4393905 4394303   17.67726   52   29    0.13163   17.73883      -  86.0 7091s
 4397269 4397622   17.25787   54   28    0.13163   17.73854      -  86.0 7095s
 4400588 4400906   16.31797   54   27    0.13163   17.73795      -  86.0 7100s
 4403872 4404571   17.46833   52   37    0.13163   17.73759      -  86.0 7105s
 4410886 4410694   16.39268   54   35    0.13163   17.73671      -  86.0 7114s
 4413660 4413959   16.57100   53   33    0.13163   17.73631      -  86.0 7118s
 4416925 4417200   15.99545   46   43    0.13163   17.73602      -  86.0 7123s
 4420166 4420615   17.73588   48   33    0.13163   17.73588      -  86.0 7128s
 4423581 4423962   16.93176   53   29    0.13163   17.73518      -  86.0 7132s
 4426928 4427279   16.87313   56   27    0.13163   17.73461      -  86.0 7137s
 4430245 4430105   16.34084   55   30    0.13163   17.73425      -  86.0 7142s
 4433071 4433756   17.71269   55   27    0.13163   17.73368      -  86.0 7147s
 4436722 4436088   17.60629   51   30    0.13163   17.73338      -  86.0 7152s
 4439054 4439620   17.73327   52   32    0.13163   17.73327      -  86.0 7158s
 4442586 4443351   17.45577   54   35    0.13163   17.73252      -  86.0 7162s
 4446317 4446797   16.66153   50   36    0.13163   17.73204      -  86.0 7167s
 4449763 4450275   17.52672   58   22    0.13163   17.73144      -  86.0 7171s
 4453241 4453656   17.73080   48   32    0.13163   17.73091      -  86.0 7176s
 4456622 4457114   16.11380   55   32    0.13163   17.73091      -  86.0 7180s
 4460080 4460520   17.73070   51   30    0.13163   17.73070      -  86.0 7185s
 4463486 4464114   16.93228   52   36    0.13163   17.72985      -  86.0 7190s
 4467080 4467341   17.54275   56   27    0.13163   17.72941      -  86.0 7195s
 4473822 4473387   16.01900   51   38    0.13163   17.72830      -  86.0 7204s
 4476353 4476555   15.72779   56   27    0.13163   17.72802      -  86.0 7209s
 4479521 4479944   17.51973   58   26    0.13163   17.72752      -  86.0 7213s
 4482910 4483252   17.33627   50   35    0.13163   17.72745      -  86.0 7217s
 4486218 4486380   17.70124   52   33    0.13163   17.72689      -  86.0 7222s
 4489346 4489804   16.83164   52   34    0.13163   17.72649      -  86.0 7227s
 4492770 4493396   17.72581   48   32    0.13163   17.72581      -  86.0 7232s
 4496362 4496750   16.15781   49   38    0.13163   17.72542      -  86.0 7236s
 4499716 4499599   17.02333   55   28    0.13163   17.72491      -  86.0 7241s
 4502565 4502310   16.26240   56   25    0.13163   17.72454      -  86.0 7245s
 4505276 4505539   14.40862   40   27    0.13163   17.72430      -  86.0 7250s
 4512234 4512775   17.70286   49   33    0.13163   17.72347      -  86.0 7259s
 4515741 4515984   17.54012   50   41    0.13163   17.72311      -  86.0 7263s
 4518950 4519442   17.42978   51   34    0.13163   17.72263      -  86.0 7268s
 4522408 4523049   17.25546   47   41    0.13163   17.72212      -  86.0 7273s
 4526015 4523747   16.25289   49   37    0.13163   17.72183      -  86.0 7282s
 4526713 4527965   17.65648   52   36    0.13163   17.72171      -  86.0 7287s
 4530931 4531859   17.51436   43   44    0.13163   17.72115      -  86.0 7292s
 4534825 4535587   17.36292   57   25    0.13163   17.72081      -  86.0 7297s
 4538553 4538974   17.36710   52   30    0.13163   17.72004      -  86.0 7302s
 4541940 4542511   17.69553   51   32    0.13163   17.71998      -  86.0 7307s
 4545477 4546061   17.60666   52   36    0.13163   17.71942      -  86.0 7311s
 4549027 4549167   17.05885   56   34    0.13163   17.71913      -  86.0 7316s
 4552133 4552728   17.51391   47   36    0.13163   17.71882      -  86.0 7320s
 4555694 4556123   17.65583   54   32    0.13163   17.71824      -  86.0 7325s
 4562224 4562550   15.62410   47   41    0.13163   17.71742      -  86.0 7333s
 4565516 4565763   16.67163   51   40    0.13163   17.71737      -  86.0 7338s
 4568729 4569145   17.50183   54   37    0.13163   17.71681      -  86.0 7342s
 4572111 4572589   17.54820   54   32    0.13163   17.71628      -  86.0 7347s
 4575555 4575675   16.56735   53   37    0.13163   17.71628      -  86.0 7351s
 4578641 4578820   17.71533   44   21    0.13163   17.71533      -  86.0 7356s
 4581786 4582491   17.56994   49   33    0.13163   17.71533      -  86.0 7361s
 4585457 4585687   17.14877   51   33    0.13163   17.71481      -  86.0 7366s
 4588653 4588726   17.70585   56   34    0.13163   17.71414      -  86.0 7370s
 4591692 4592128   16.68351   54   31    0.13163   17.71368      -  86.0 7375s
 4598333 4598688   16.59389   54   30    0.13163   17.71329      -  86.0 7384s
 4601654 4601994   17.71267   51   27    0.13163   17.71267      -  86.0 7389s
 4604960 4605286   16.67873   49   35    0.13163   17.71233      -  86.0 7393s
 4608252 4608572   17.56115   50   36    0.13163   17.71207      -  86.0 7398s
 4611538 4612323   16.56656   48   38    0.13163   17.71149      -  86.0 7403s
 4615289 4615740   17.29081   48   37    0.13163   17.71149      -  86.0 7408s
 4618706 4618770   17.71129   48   38    0.13163   17.71129      -  86.0 7412s
 4621736 4621858   16.09475   47   35    0.13163   17.71070      -  86.0 7417s
 4624824 4625070   17.71044   48   40    0.13163   17.71044      -  86.0 7421s
 4628036 4628358   16.50709   53   35    0.13163   17.70974      -  86.0 7426s
 4631324 4631607   17.70948   47   33    0.13163   17.70948      -  86.0 7430s
 4634573 4634896   17.70486   52   32    0.13163   17.70879      -  86.0 7435s
 4637862 4637102   17.61653   55   32    0.13163   17.70851      -  86.0 7440s
 4640068 4640862   17.54774   57   29    0.13163   17.70822      -  86.0 7445s
 4643828 4644126   15.99767   56   36    0.13163   17.70779      -  86.0 7451s
 4647092 4647803   17.70758   49   27    0.13163   17.70758      -  86.0 7456s
 4650769 4651076   17.64421   49   44    0.13163   17.70753      -  86.0 7460s
 4654042 4654357   16.67645   51   35    0.13163   17.70685      -  86.0 7465s
 4660790 4661283   16.14233   57   32    0.13163   17.70619      -  86.0 7474s
 4664249 4664591   17.61207   52   30    0.13163   17.70592      -  86.0 7479s
 4667557 4667935   16.13603   58   25    0.13163   17.70554      -  86.0 7483s
 4670901 4671283   16.82671   58   22    0.13163   17.70482      -  86.0 7488s
 4674249 4673880   17.59329   54   32    0.13163   17.70411      -  86.0 7494s
 4676846 4678852   17.31996   51   26    0.13163   17.70382      -  86.0 7501s
 4681818 4682479   17.68926   52   35    0.13163   17.70351      -  86.0 7506s
 4685445 4685983   17.24087   55   32    0.13163   17.70306      -  86.0 7511s
 4688949 4689400   17.67339   53   23    0.13163   17.70269      -  86.0 7515s
 4692366 4692784   17.54517   52   36    0.13163   17.70229      -  86.0 7520s
 4699308 4699560   17.26499   51   34    0.13163   17.70179      -  86.0 7529s
 4702526 4702959   17.63145   49   29    0.13163   17.70130      -  86.0 7534s
 4705925 4706627   17.38071   55   34    0.13163   17.70079      -  86.0 7539s
 4709593 4709672   14.23124   67   15    0.13163   17.70053      -  86.0 7543s
 4712638 4712903   17.68401   48   35    0.13163   17.70045      -  86.0 7547s
 4715869 4715783   17.40736   58   21    0.13163   17.69973      -  86.0 7553s
 4718749 4719278   16.85152   57   27    0.13163   17.69947      -  86.0 7557s
 4722244 4722715    8.48498   48   19    0.13163   17.69888      -  86.0 7561s
 4725681 4725931   17.69871   53   28    0.13163   17.69871      -  86.0 7566s
 4728897 4729411   17.46048   49   37    0.13163   17.69859      -  86.0 7570s
 4732377 4732571   15.98673   49   37    0.13163   17.69809      -  86.0 7575s
 4735537 4736114   16.84083   53   32    0.13163   17.69762      -  86.0 7580s
 4742435 4742818   17.40301   52   31    0.13163   17.69673      -  86.0 7589s
 4745784 4745071   17.69650   55   22    0.13163   17.69650      -  86.0 7594s
 4748037 4748688   17.66632   49   42    0.13163   17.69604      -  86.0 7599s
 4751654 4751838   16.44110   55   28    0.13163   17.69574      -  86.0 7604s
 4754804 4755300   17.69515   47   41    0.13163   17.69515      -  86.0 7609s
 4758266 4758960   17.64588   53   30    0.13163   17.69456      -  86.0 7613s
 4761926 4762352   15.89737   52   34    0.13163   17.69447      -  86.0 7618s
 4765318 4766153   17.65904   55   28    0.13163   17.69421      -  86.0 7623s
 4769119 4769228   17.68867   55   30    0.13163   17.69399      -  86.0 7628s
 4772194 4772367   16.16428   53   29    0.13163   17.69345      -  86.0 7632s
 4775333 4775808   16.92025   46   34    0.13163   17.69286      -  86.0 7636s
 4778774 4779020   17.69270   48   31    0.13163   17.69270      -  86.0 7640s
 4785019 4785427   16.82380   55   31    0.13163   17.69227      -  86.0 7648s
 4788393 4787717   17.69160   44   41    0.13163   17.69204      -  86.0 7653s
 4790683 4790918   17.15408   54   24    0.13163   17.69153      -  86.0 7658s
 4793884 4794585   16.42497   52   29    0.13163   17.69124      -  86.0 7663s
 4797551 4798189   17.62551   52   28    0.13163   17.69063      -  86.0 7668s
 4801155 4801412   17.69058   50   30    0.13163   17.69058      -  86.0 7673s
 4804378 4804650   17.56866   51   37    0.13163   17.69030      -  86.0 7677s
 4807616 4808164   17.68204   53   31    0.13163   17.68984      -  86.0 7682s
 4811130 4811312   17.66892   51   36    0.13163   17.68947      -  86.0 7686s
 4814278 4814642   17.68904   46   32    0.13163   17.68904      -  86.0 7690s
 4820761 4821020   16.45593   53   37    0.13163   17.68872      -  86.1 7699s
 4823988 4824533   17.68792   52   29    0.13163   17.68792      -  86.1 7703s
 4827501 4827442   17.31330   54   31    0.13163   17.68779      -  86.1 7708s
 4830410 4831101   16.89630   55   29    0.13163   17.68714      -  86.1 7714s
 4834069 4835092   17.68699   51   32    0.13163   17.68699      -  86.1 7719s
 4838060 4838822   17.68659   45   39    0.13163   17.68659      -  86.1 7723s
 4841790 4842093   17.57008   50   36    0.13163   17.68647      -  86.1 7728s
 4845061 4845568   17.66008   50   28    0.13163   17.68607      -  86.1 7733s
 4848536 4849079   17.37704   53   34    0.13163   17.68540      -  86.1 7738s
 4852047 4852364   17.04251   52   36    0.13163   17.68527      -  86.1 7742s
 4855332 4854234   17.68504   50   30    0.13163   17.68504      -  86.1 7749s
 4857202 4857786   17.64630   49   34    0.13163   17.68487      -  86.1 7754s
 4860754 4861038   17.65748   50   39    0.13163   17.68428      -  86.1 7759s
 4864006 4864196   16.55185   53   34    0.13163   17.68428      -  86.1 7763s
 4867164 4867613   16.72768   51   35    0.13163   17.68344      -  86.1 7767s
 4870581 4870828   17.61733   50   35    0.13163   17.68303      -  86.1 7771s
 4873796 4874446   17.46895   53   36    0.13163   17.68297      -  86.1 7776s
 4877414 4877598   16.08167   51   34    0.13163   17.68238      -  86.1 7781s
 4880566 4880774   16.12707   56   24    0.13163   17.68207      -  86.1 7785s
 4883742 4884194   17.68170   52   13    0.13163   17.68170      -  86.1 7790s
 4887162 4887768   16.43452   57   29    0.13163   17.68158      -  86.1 7795s
 4890736 4891039   17.67693   46   33    0.13163   17.68108      -  86.1 7800s
 4897343 4897693   17.68038   52   31    0.13163   17.68038      -  86.1 7808s
 4900661 4900805   17.22332   53   37    0.13163   17.67991      -  86.1 7813s
 4903773 4904039   17.04004   55   21    0.13163   17.67961      -  86.1 7817s
 4907007 4907547   17.59761   51   32    0.13163   17.67937      -  86.1 7821s
 4910515 4910993   16.73797   53   31    0.13163   17.67915      -  86.1 7825s
 4917493 4918206   16.82713   54   30    0.13163   17.67873      -  86.1 7834s
 4921174 4921508   17.67799   59   23    0.13163   17.67799      -  86.1 7838s
 4924476 4924647   16.65239   53   34    0.13163   17.67758      -  86.1 7842s
 4927615 4927502   17.58282   58   21    0.13163   17.67721      -  86.1 7846s
 4930470 4930734   17.38481   50   38    0.13163   17.67704      -  86.1 7851s
 4933702 4933892   15.04379   51   44    0.13163   17.67678      -  86.1 7855s
 4940345 4940461   16.39315   50   35    0.13163   17.67614      -  86.1 7864s
 4943429 4943636   17.52068   53   31    0.13163   17.67614      -  86.1 7868s
 4946604 4947192   17.67536   49   29    0.13163   17.67536      -  86.1 7873s
 4950160 4950188   15.64163   59   18    0.13163   17.67495      -  86.1 7878s
 4953156 4952564   17.16432   57   25    0.13163   17.67461      -  86.1 7883s
 4955532 4956312   16.61063   57   30    0.13163   17.67443      -  86.1 7888s
 4959280 4959836   16.23593   53   22    0.13163   17.67384      -  86.1 7893s
 4962804 4963539   17.20585   59   26    0.13163   17.67354      -  86.1 7897s
 4966507 4967043   17.65991   48   41    0.13163   17.67278      -  86.1 7902s
 4970011 4970295   16.43845   49   39    0.13163   17.67234      -  86.1 7906s
 4973263 4973619   16.53586   47   34    0.13163   17.67177      -  86.1 7911s
 4976587 4977333   17.67141   53   17    0.13163   17.67141      -  86.1 7915s
 4983420 4983582   17.10703   57   22    0.13163   17.67076      -  86.1 7923s
 4986550 4985997   16.93299   55   33    0.13163   17.67056      -  86.1 7929s
 4988965 4989672   17.47314   51   33    0.13163   17.67022      -  86.1 7933s
 4992640 4992934   16.51960   48   38    0.13163   17.66997      -  86.1 7938s
 4995902 4996375   17.65069   46   39    0.13163   17.66949      -  86.1 7942s
 4999343 4999828   17.00299   48   35    0.13163   17.66929      -  86.1 7947s
 5002796 5003208   17.66869   55   23    0.13163   17.66869      -  86.1 7951s
 5006176 5006722   16.47225   58   26    0.13163   17.66869      -  86.1 7956s
 5009690 5009955   16.06864   46   38    0.13163   17.66837      -  86.1 7961s
 5012923 5013308   17.21758   52   32    0.13163   17.66747      -  86.1 7965s
 5016276 5016683   17.44801   48   37    0.13163   17.66711      -  86.1 7970s
 5022940 5022224   14.66050   52   28    0.13163   17.66618      -  86.1 7979s
 5025192 5025689   17.66337   52   36    0.13163   17.66592      -  86.1 7984s
 5028657 5029016   17.17499   59   28    0.13163   17.66555      -  86.1 7989s
 5031984 5032646   14.57317   46   35    0.13163   17.66500      -  86.1 7994s
 5035614 5036286   16.63888   55   32    0.13163   17.66478      -  86.1 7999s
 5039254 5038998   16.02092   51   30    0.13163   17.66436      -  86.1 8004s
 5041966 5042481   17.66436   51   29    0.13163   17.66436      -  86.1 8008s
 5045449 5045820   16.09438   50   43    0.13163   17.66364      -  86.1 8013s
 5048788 5049310   17.15900   52   29    0.13163   17.66318      -  86.1 8019s
 5052278 5052721   17.55346   51   37    0.13163   17.66313      -  86.1 8024s
 5055689 5055976   17.36388   47   39    0.13163   17.66235      -  86.1 8028s
 5058944 5058003   15.91774   50   38    0.13163   17.66190      -  86.1 8036s
 5060971 5061279   17.62704   51   41    0.13163   17.66188      -  86.1 8042s
 5064247 5064567   16.80002   52   30    0.13163   17.66138      -  86.1 8048s
 5067535 5067951   16.22325   49   45    0.13163   17.66092      -  86.1 8053s
 5070919 5071503   16.85991   54   33    0.13163   17.66046      -  86.1 8059s
 5074471 5074260   17.53333   54   34    0.13163   17.66029      -  86.1 8065s
 5077228 5077601   17.65872   51   41    0.13163   17.65996      -  86.1 8070s
 5080569 5080995   15.42864   49   33    0.13163   17.65976      -  86.1 8076s
 5083963 5084056   17.57809   52   32    0.13163   17.65958      -  86.1 8083s
 5087024 5087468   17.32700   55   26    0.13163   17.65908      -  86.1 8089s
 5090436 5090839   17.29442   53   32    0.13163   17.65868      -  86.1 8095s
 5093807 5093477   16.60522   58   25    0.13163   17.65832      -  86.1 8101s
 5096445 5096746   16.14480   53   30    0.13163   17.65801      -  86.1 8107s
 5099714 5100047   17.65591   51   31    0.13163   17.65771      -  86.1 8113s
 5103015 5103579   17.20533   56   33    0.13163   17.65724      -  86.1 8119s
 5106547 5107010   16.57067   50   37    0.13163   17.65701      -  86.1 8125s
 5109978 5110264   17.53158   49   45    0.13163   17.65643      -  86.1 8131s
 5113232 5113581   16.61996   56   27    0.13163   17.65599      -  86.1 8138s
 5116549 5117090   17.21933   54   28    0.13163   17.65561      -  86.1 8144s
 5120058 5120016   17.56663   53   35    0.13163   17.65518      -  86.1 8150s
 5122984 5123199   14.91352   47   36    0.13163   17.65473      -  86.1 8155s
 5126167 5126487   17.29232   49   32    0.13163   17.65438      -  86.1 8161s
 5129455 5129772   16.76608   52   17    0.13163   17.65396      -  86.1 8167s
 5132740 5133147   17.51839   55   32    0.13163   17.65360      -  86.1 8173s
 5136115 5136340   17.54121   48   40    0.13163   17.65323      -  86.1 8178s
 5139308 5139370   17.53155   55   33    0.13163   17.65284      -  86.1 8185s
 5142338 5142957   16.25772   52   33    0.13163   17.65239      -  86.1 8191s
 5145925 5146054   17.48641   48   41    0.13163   17.65208      -  86.1 8197s
 5149022 5149694   15.47064   57   34    0.13163   17.65204      -  86.1 8202s
 5152662 5153371   17.59020   54   35    0.13163   17.65163      -  86.1 8207s
 5156339 5156720   15.16742   53   32    0.13163   17.65135      -  86.1 8212s
 5159688 5159457   17.64025   50   38    0.13163   17.65135      -  86.1 8218s
 5162425 5163357   16.70187   53   34    0.13163   17.65100      -  86.1 8223s
 5166325 5166762   17.65100   52   22    0.13163   17.65100      -  86.1 8228s
 5169730 5170283   16.77592   53   37    0.13163   17.65071      -  86.1 8233s
 5173251 5173829   17.48462   44   46    0.13163   17.65029      -  86.1 8237s
 5176797 5176973   17.31200   52   33    0.13163   17.64962      -  86.1 8242s
 5179941 5180287   17.64775   51   27    0.13163   17.64925      -  86.1 8246s
 5183255 5183717   16.47151   47   38    0.13163   17.64884      -  86.1 8251s
 5186685 5187048   16.42546   52   32    0.13163   17.64854      -  86.1 8258s
 5190016 5189608   17.64851   49   32    0.13163   17.64851      -  86.1 8263s
 5192576 5193470   16.40995   57   27    0.13163   17.64798      -  86.1 8268s
 5196438 5197024   16.45393   54   27    0.13163   17.64749      -  86.1 8272s
 5199992 5200720   17.63207   57   24    0.13163   17.64702      -  86.1 8277s
 5203688 5204114   16.69089   56   28    0.13163   17.64642      -  86.1 8281s
 5207082 5207625   16.77979   52   38    0.13163   17.64630      -  86.1 8286s
 5210593 5211034   17.64589   52   24    0.13163   17.64589      -  86.1 8291s
 5214002 5214636   16.56403   55   27    0.13163   17.64534      -  86.1 8295s
 5217604 5218034   10.22483   47   32    0.13163   17.64511      -  86.1 8300s
 5221002 5220128   17.14370   56   30    0.13163   17.64487      -  86.1 8306s
 5223096 5223920   17.62248   51   24    0.13163   17.64465      -  86.1 8312s
 5226888 5227710   17.19722   55   28    0.13163   17.64437      -  86.1 8316s
 5230678 5231484   17.58304   53   27    0.13163   17.64368      -  86.1 8321s
 5234452 5235038   15.82068   56   26    0.13163   17.64355      -  86.1 8325s
 5241365 5241903   17.64052   60   26    0.13163   17.64272      -  86.1 8333s
 5244871 5245399   17.52997   48   35    0.13163   17.64236      -  86.1 8337s
 5248367 5248883   17.37715   52   35    0.13163   17.64194      -  86.1 8343s
 5251851 5252340   17.61046   50   36    0.13163   17.64187      -  86.1 8346s
 5255308 5255537   17.17200   54   30    0.13163   17.64143      -  86.1 8352s
 5258505 5258765   16.61361   53   36    0.13163   17.64091      -  86.1 8356s
 5261733 5262137   17.41967   54   36    0.13163   17.64091      -  86.1 8360s
 5265105 5265440   17.63910   51   39    0.13163   17.64028      -  86.1 8365s
 5271561 5271928   17.58074   44   43    0.13163   17.63978      -  86.1 8374s
 5274896 5274469   17.63942   45   32    0.13163   17.63942      -  86.1 8379s
 5277437 5277749   15.62557   49   39    0.13163   17.63942      -  86.1 8384s
 5280717 5281380   17.10423   55   29    0.13163   17.63888      -  86.1 8389s
 5284348 5284785   15.40847   48   45    0.13163   17.63836      -  86.1 8393s
 5287753 5287992   12.86845   52   35    0.13163   17.63794      -  86.1 8398s
 5290960 5291486   17.17444   49   32    0.13163   17.63746      -  86.1 8402s
 5294454 5294835   17.63730   51   24    0.13163   17.63730      -  86.1 8406s
 5297803 5297644   17.51213   55   29    0.13163   17.63708      -  86.1 8411s
 5300612 5301344   17.63679   45   25    0.13163   17.63679      -  86.1 8415s
 5307785 5307292   17.63635   48   31    0.13163   17.63635      -  86.1 8425s
 5310260 5311915   17.63626   53   33    0.13163   17.63626      -  86.1 8431s
 5314883 5315601   17.51589   60   17    0.13163   17.63566      -  86.1 8436s
 5318569 5319269   17.63534   50   28    0.13163   17.63534      -  86.1 8441s
 5322237 5322952   17.45673   45   33    0.13163   17.63487      -  86.1 8445s
 5325920 5326308   17.44149   55   36    0.13163   17.63467      -  86.1 8450s
 5332957 5333348   17.63379   50   25    0.13163   17.63379      -  86.1 8459s
 5336316 5336461   17.61037   54   33    0.13163   17.63379      -  86.1 8463s
 5339429 5339978   16.01852   47   35    0.13163   17.63309      -  86.1 8468s
 5342946 5343395   16.93292   51   33    0.13163   17.63261      -  86.1 8472s
 5346363 5346185   17.62577   52   39    0.13163   17.63255      -  86.1 8477s
 5349153 5349575   16.83673   53   34    0.13163   17.63183      -  86.1 8482s
 5352543 5352600   17.18882   50   35    0.13163   17.63177      -  86.1 8486s
 5355568 5355922   17.62605   48   39    0.13163   17.63153      -  86.1 8491s
 5358890 5359371   17.61692   47   30    0.13163   17.63126      -  86.1 8495s
 5362339 5361480   17.63087   49   31    0.13163   17.63087      -  86.1 8500s
 5364448 5364994   17.16389   52   35    0.13163   17.63071      -  86.1 8505s
 5367962 5368683   17.63040   42   36    0.13163   17.63040      -  86.1 8510s
 5371651 5372461   17.09806   55   35    0.13163   17.62992      -  86.1 8515s
 5378484 5378713   16.78889   53   29    0.13163   17.62936      -  86.1 8523s
 5381681 5382065   17.62931   50   47    0.13163   17.62931      -  86.1 8528s
 5385033 5385168   17.54773   55   29    0.13163   17.62880      -  86.1 8532s
 5388136 5388566   16.26312   60   26    0.13163   17.62850      -  86.1 8536s
 5391534 5391708   17.62826   51   28    0.13163   17.62826      -  86.1 8540s
 5394676 5394922   17.62783   50   25    0.13163   17.62783      -  86.1 8545s
 5401157 5401733   17.49805   54   28    0.13163   17.62701      -  86.1 8554s
 5404701 5404089   16.00792   48   29    0.13163   17.62689      -  86.2 8560s
 5407057 5408009   16.95583   51   39    0.13163   17.62652      -  86.2 8565s
 5410977 5411526   17.40345   51   34    0.13163   17.62631      -  86.2 8570s
 5417933 5418382   17.46085   48   42    0.13163   17.62560      -  86.2 8579s
 5421350 5421786   17.62501   54   18    0.13163   17.62501      -  86.2 8583s
 5424754 5425214   17.39309   58   23    0.13163   17.62479      -  86.2 8588s
 5428182 5428513   17.22891   54   36    0.13163   17.62448      -  86.2 8592s
 5431481 5431991   16.44140   54   33    0.13163   17.62384      -  86.2 8597s
 5434959 5435145   16.85742   49   31    0.13163   17.62344      -  86.2 8602s
 5438113 5438581   17.50548   52   31    0.13163   17.62322      -  86.2 8606s
 5441549 5440900   15.77792   56   24    0.13163   17.62269      -  86.2 8612s
 5443868 5444444   17.62248   53   26    0.13163   17.62248      -  86.2 8617s
 5447412 5448028   17.59785   57   25    0.13163   17.62212      -  86.2 8622s
 5450996 5451477   17.50169   51   40    0.13163   17.62209      -  86.2 8626s
 5454445 5454379   17.46976   51   28    0.13163   17.62146      -  86.2 8631s
 5457347 5457775   16.58964   52   35    0.13163   17.62092      -  86.2 8636s
 5460743 5461181   17.60880   52   35    0.13163   17.62054      -  86.2 8641s
 5464149 5464649   17.19299   51   42    0.13163   17.62007      -  86.2 8646s
 5467617 5468041   16.54542   50   36    0.13163   17.61987      -  86.2 8650s
 5474230 5474782   16.82878   52   33    0.13163   17.61915      -  86.2 8658s
 5477750 5478226   17.55834   54   29    0.13163   17.61915      -  86.2 8663s
 5481194 5481626   17.49909   54   29    0.13163   17.61855      -  86.2 8667s
 5484594 5484838   17.61817   50   21    0.13163   17.61817      -  86.2 8671s
 5487806 5487463   17.37876   54   36    0.13163   17.61770      -  86.2 8676s
 5490431 5491011   14.98655   51   21    0.13163   17.61745      -  86.2 8681s
 5493979 5494279   17.56380   53   41    0.13163   17.61724      -  86.2 8685s
 5500797 5501089   17.60328   51   39    0.13163   17.61676      -  86.2 8693s
 5504057 5504212   16.18496   53   35    0.13163   17.61662      -  86.2 8697s
 5507180 5507478   16.85757   53   36    0.13163   17.61624      -  86.2 8702s
 5510446 5510803   17.61601   49   27    0.13163   17.61601      -  86.2 8706s
 5513771 5514119   16.99502   52   32    0.13163   17.61559      -  86.2 8711s
 5517087 5517413   15.95535   56   30    0.13163   17.61529      -  86.2 8715s
 5520381 5519945   14.19541   46   38    0.13163   17.61498      -  86.2 8721s
 5522913 5524361   16.92314   57   28    0.13163   17.61475      -  86.2 8727s
 5527329 5528075   17.30953   55   31    0.13163   17.61435      -  86.2 8732s
 5531043 5531435   15.47593   50   36    0.13163   17.61423      -  86.2 8736s
 5534403 5534837   17.54356   53   28    0.13163   17.61327      -  86.2 8741s
 5537805 5538480   16.95048   56   33    0.13163   17.61286      -  86.2 8746s
 5541448 5542165   15.44061   51   34    0.13163   17.61253      -  86.2 8750s
 5545133 5545141   17.22471   53   25    0.13163   17.61239      -  86.2 8756s
 5548109 5548651   15.68004   55   34    0.13163   17.61227      -  86.2 8760s
 5551619 5552361   15.64158   53   39    0.13163   17.61193      -  86.2 8765s
 5558407 5558296   16.57808   53   33    0.13163   17.61118      -  86.2 8773s
 5561264 5561649   17.20399   55   27    0.13163   17.61098      -  86.2 8777s
 5564617 5564825   17.60910   53   30    0.13163   17.61070      -  86.2 8782s
 5567793 5568365   16.78911   54   30    0.13163   17.61021      -  86.2 8786s
 5575106 5575424   17.49851   51   29    0.13163   17.60966      -  86.2 8794s
 5578392 5578625   17.55069   47   37    0.13163   17.60949      -  86.2 8798s
 5581593 5581566   17.60535   50   37    0.13163   17.60906      -  86.2 8803s
 5584534 5585432   17.60890   51   38    0.13163   17.60890      -  86.2 8808s
 5588400 5589001   14.39798   50   34    0.13163   17.60855      -  86.2 8814s
 5591971 5592577   17.60721   47   37    0.13163   17.60820      -  86.2 8818s
 5595547 5596061   17.55326   55   25    0.13163   17.60788      -  86.2 8822s
 5599031 5599432   12.60269   47   31    0.13163   17.60731      -  86.2 8827s
 5602402 5602842   16.54636   49   40    0.13163   17.60730      -  86.2 8831s
 5605812 5606271   15.16053   28   45    0.13163   17.60679      -  86.2 8836s
 5609241 5609445   17.50663   44   30    0.13163   17.60650      -  86.2 8840s
 5612415 5612164   17.16314   48   35    0.13163   17.60614      -  86.2 8845s
 5615134 5616424   14.96214   51   38    0.13163   17.60596      -  86.2 8851s
 5619394 5619866   16.94056   46   43    0.13163   17.60583      -  86.2 8856s
 5622836 5623347   16.90430   62   22    0.13163   17.60502      -  86.2 8860s
 5626317 5626549   16.58528   61   23    0.13163   17.60456      -  86.2 8865s
 5629519 5629981   17.58049   48   41    0.13163   17.60420      -  86.2 8870s
 5636492 5636928   16.34913   54   31    0.13163   17.60374      -  86.2 8879s
 5639898 5640247   16.64996   58   26    0.13163   17.60297      -  86.2 8884s
 5643217 5641783   17.60277   52   20    0.13163   17.60277      -  86.2 8892s
 5644753 5650223   17.28419   54   32    0.13163   17.60277      -  86.2 8902s
 5653193 5653919   16.53326   52   36    0.13163   17.60237      -  86.2 8907s
 5656889 5657532   17.60187   56   24    0.13163   17.60187      -  86.2 8912s
 5660502 5660892   17.30886   51   34    0.13163   17.60128      -  86.2 8916s
 5663862 5664370   16.51345   53   31    0.13163   17.60098      -  86.2 8921s
 5667340 5667396   17.57508   50   37    0.13163   17.60062      -  86.2 8926s
 5670366 5670750   17.37943   51   35    0.13163   17.60009      -  86.2 8931s
 5673720 5674065   15.77044   57   20    0.13163   17.59982      -  86.2 8935s
 5677035 5677516   13.85926   52   34    0.13163   17.59950      -  86.2 8940s
 5680486 5680832   12.83563   54   29    0.13163   17.59893      -  86.2 8945s
 5687130 5687569   16.98414   53   31    0.13163   17.59790      -  86.2 8954s
 5690539 5690871   17.18547   54   30    0.13163   17.59759      -  86.2 8958s
 5693841 5694304   12.14429   47   29    0.13163   17.59708      -  86.2 8963s
 5697274 5697730   17.45403   56   28    0.13163   17.59697      -  86.2 8967s
 5700700 5701144   17.55744   47   41    0.13163   17.59674      -  86.2 8972s
 5704114 5704599   17.26203   51   33    0.13163   17.59620      -  86.2 8976s
 5707569 5708128   17.59596   52   29    0.13163   17.59596      -  86.2 8981s
 5711098 5711280   16.33643   53   32    0.13163   17.59547      -  86.2 8985s
 5717522 5717680   16.74260   54   27    0.13163   17.59505      -  86.2 8994s
 5720650 5720913   17.04453   56   31    0.13163   17.59482      -  86.2 8999s
 5723883 5724185   17.24408   55   25    0.13163   17.59469      -  86.2 9003s
 5727155 5727504   16.23792   54   32    0.13163   17.59379      -  86.2 9008s
 5730474 5730794   17.15732   59   25    0.13163   17.59336      -  86.2 9012s
 5733764 5734363   17.56270   46   35    0.13163   17.59328      -  86.2 9017s
 5737333 5736989   17.59049   47   39    0.13163   17.59284      -  86.2 9022s
 5739959 5740441   15.83122   59   27    0.13163   17.59268      -  86.2 9026s
 5743411 5743842   17.59254   48   35    0.13163   17.59254      -  86.2 9031s
 5746812 5747416   17.59243   51   33    0.13163   17.59243      -  86.2 9035s
 5750386 5750711   15.74295   58   28    0.13163   17.59178      -  86.2 9040s
 5757252 5757607   17.59086   50   29    0.13163   17.59105      -  86.2 9049s
 5760577 5760764   14.28396   62   24    0.13163   17.59076      -  86.2 9053s
 5763734 5762959   17.35673   51   29    0.13163   17.59029      -  86.2 9059s
 5765929 5768444   15.76792   52   39    0.13163   17.59003      -  86.2 9066s
 5771414 5772228   15.33117   55   30    0.13163   17.58966      -  86.2 9071s
 5775198 5775833   17.12630   52   36    0.13163   17.58937      -  86.2 9075s
 5778803 5779304   17.44877   48   32    0.13163   17.58934      -  86.2 9080s
 5785520 5785938   16.80014   52   30    0.13163   17.58827      -  86.2 9089s
 5788908 5789273   17.51686   54   28    0.13163   17.58812      -  86.2 9093s
 5792243 5792566   16.69171   49   37    0.13163   17.58781      -  86.2 9097s
 5795536 5796109   16.09548   49   33    0.13163   17.58755      -  86.2 9103s
 5799079 5799290   15.81257   50   33    0.13163   17.58755      -  86.2 9107s
 5802260 5802285   17.58658   50   20    0.13163   17.58658      -  86.2 9112s
 5805255 5805596   17.53654   54   30    0.13163   17.58658      -  86.2 9116s
 5808566 5809146   17.28682   49   41    0.13163   17.58630      -  86.2 9121s
 5812116 5812283   17.17969   48   34    0.13163   17.58590      -  86.2 9125s
 5815253 5815827   17.51572   49   33    0.13163   17.58590      -  86.2 9130s
 5818797 5818429   17.13849   55   27    0.13163   17.58512      -  86.2 9135s
 5821399 5821554   17.10790   55   29    0.13163   17.58504      -  86.2 9140s
 5824524 5824891   14.72164   57   30    0.13163   17.58443      -  86.2 9145s
 5827861 5828483   17.58405   55   26    0.13163   17.58405      -  86.2 9150s
 5834665 5835204   15.92571   52   31    0.13163   17.58334      -  86.2 9158s
 5838174 5838631   17.18947   52   34    0.13163   17.58315      -  86.2 9162s
 5841601 5842008   16.41073   53   35    0.13163   17.58275      -  86.2 9166s
 5844978 5844274   17.10953   52   24    0.13163   17.58262      -  86.2 9171s
 5847244 5847726   17.58228   59   22    0.13163   17.58228      -  86.2 9176s
 5850696 5851035   17.58176   53   29    0.13163   17.58176      -  86.2 9180s
 5854005 5854624   17.39622   56   25    0.13163   17.58162      -  86.2 9186s
 5857594 5857986   15.77760   50   37    0.13163   17.58111      -  86.2 9190s
 5864031 5864329   16.98253   54   27    0.13163   17.58033      -  86.2 9198s
 5867299 5867519   17.37291   49   33    0.13163   17.57991      -  86.2 9203s
 5870489 5870778   16.89752   54   22    0.13163   17.57961      -  86.2 9207s
 5873748 5874021   17.57950   48   31    0.13163   17.57950      -  86.2 9211s
 5876991 5876976   17.51304   51   29    0.13163   17.57916      -  86.2 9216s
 5879946 5880344   15.56142   55   34    0.13163   17.57875      -  86.2 9220s
 5883314 5882826   14.64196   46   36    0.13163   17.57835      -  86.2 9226s
 5885796 5887484   17.50764   52   40    0.13163   17.57819      -  86.2 9232s
 5890454 5891253   17.49530   49   37    0.13163   17.57789      -  86.2 9237s
 5894223 5894723   16.93527   53   32    0.13163   17.57751      -  86.2 9241s
 5897693 5898165   16.56085   55   27    0.13163   17.57721      -  86.2 9246s
 5901135 5901633   15.10007   53   30    0.13163   17.57677      -  86.2 9251s
 5904603 5905062   17.57637   49   31    0.13163   17.57647      -  86.2 9255s
 5908032 5908437   16.28532   60   25    0.13163   17.57619      -  86.2 9260s
 5914736 5915347   13.57128   54   31    0.13163   17.57543      -  86.2 9269s
 5918317 5918608   17.40726   48   36    0.13163   17.57541      -  86.2 9274s
 5921578 5921406   17.53902   51   35    0.13163   17.57533      -  86.2 9278s
 5924376 5924541   17.46639   52   34    0.13163   17.57493      -  86.2 9283s
 5927511 5928094   17.57440   53   22    0.13163   17.57440      -  86.3 9287s
 5931064 5931180   14.40430   53   27    0.13163   17.57409      -  86.2 9292s
 5934150 5934909   17.57405   54   21    0.13163   17.57405      -  86.3 9297s
 5937879 5938308   17.57356   52   38    0.13163   17.57356      -  86.3 9302s
 5941278 5941441   17.57012   53   34    0.13163   17.57347      -  86.3 9306s
 5944411 5944364   17.45375   49   23    0.13163   17.57291      -  86.3 9311s
 5947334 5948296   16.54493   52   32    0.13163   17.57265      -  86.3 9316s
 5951266 5951716   17.51286   51   23    0.13163   17.57229      -  86.3 9321s
 5954686 5955278   16.13068   56   24    0.13163   17.57192      -  86.3 9326s
 5958248 5958842   17.37121   50   35    0.13163   17.57156      -  86.3 9330s
 5961812 5962240   17.57135   58   22    0.13163   17.57135      -  86.3 9335s
 5968620 5968388   16.32773   55   34    0.13163   17.57065      -  86.3 9344s
 5971358 5971744   17.49007   53   24    0.13163   17.57043      -  86.3 9349s
 5974714 5975330   16.96520   59   24    0.13163   17.57005      -  86.3 9354s
 5978300 5978624   17.56970   55   22    0.13163   17.56970      -  86.3 9358s
 5981594 5981063   17.32043   43   27    0.13163   17.56936      -  86.3 9363s
 5984033 5984652   17.40917   53   35    0.13163   17.56924      -  86.3 9368s
 5987622 5988162   16.10272   59   28    0.13163   17.56914      -  86.3 9372s
 5991132 5991551   17.09235   55   24    0.13163   17.56870      -  86.3 9377s
 5994521 5995022   17.56847   50   33    0.13163   17.56847      -  86.3 9381s
 5997992 5998479   17.31211   57   26    0.13163   17.56798      -  86.3 9385s
 6004694 6005149   11.21932   55   26    0.13163   17.56768      -  86.3 9395s
 6011559 6011004   14.76836   59   23    0.13163   17.56681      -  86.3 9405s
 6017600 6017979   16.50098   52   31    0.13163   17.56636      -  86.3 9415s
 6024488 6025032   16.55377   56   24    0.13163   17.56529      -  86.3 9424s
 6028002 6028602   15.90557   53   26    0.13163   17.56504      -  86.3 9428s
 6031572 6031913   16.09709   49   36    0.13163   17.56491      -  86.3 9433s
 6034883 6035321   16.42412   55   24    0.13163   17.56432      -  86.3 9438s
 6038291 6038800   17.46302   58   34    0.13163   17.56397      -  86.3 9442s
 6041770 6042306   17.33129   50   41    0.13163   17.56385      -  86.3 9447s
 6045276 6044471   16.98117   60   27    0.13163   17.56348      -  86.3 9452s
 6047441 6047887   17.54457   54   30    0.13163   17.56338      -  86.3 9457s
 6050857 6051267   16.96814   55   32    0.13163   17.56301      -  86.3 9461s
 6054237 6054640   15.40991   50   32    0.13163   17.56282      -  86.3 9466s
 6057610 6058246   17.44088   57   19    0.13163   17.56255      -  86.3 9470s
 6061216 6061490   17.48904   52   32    0.13163   17.56224      -  86.3 9475s
 6064460 6065091   16.49327   50   31    0.13163   17.56175      -  86.3 9480s
 6071236 6071457   17.21459   53   34    0.13163   17.56104      -  86.3 9489s
 6074427 6074960   16.33322   58   21    0.13163   17.56062      -  86.3 9493s
 6077930 6077772   17.49398   56   26    0.13163   17.56035      -  86.3 9498s
 6080742 6080786   17.56013   48   30    0.13163   17.56013      -  86.3 9502s
 6083756 6084230   17.42832   52   31    0.13163   17.56013      -  86.3 9507s
 6087200 6087656   17.06246   59   24    0.13163   17.55975      -  86.3 9512s
 6090626 6090962   16.48040   54   26    0.13163   17.55900      -  86.3 9516s
 6093932 6094479   17.39340   57   21    0.13163   17.55893      -  86.3 9521s
 6097449 6097852   17.55843   50   21    0.13163   17.55843      -  86.3 9525s
 6104177 6104367   17.20261   54   30    0.13163   17.55798      -  86.3 9534s
 6107337 6106963   15.62127   53   31    0.13163   17.55746      -  86.3 9539s
 6109933 6110195   17.46292   57   24    0.13163   17.55727      -  86.3 9543s
 6113165 6113781   13.64767   51   31    0.13163   17.55685      -  86.3 9548s
 6116751 6117199   16.94235   53   36    0.13163   17.55642      -  86.3 9552s
 6120169 6120401   17.20279   57   29    0.13163   17.55618      -  86.3 9556s
 6123371 6123882   17.29133   49   33    0.13163   17.55610      -  86.3 9561s
 6126852 6126469   17.55565   51   33    0.13163   17.55565      -  86.3 9566s
 6129439 6130149   16.58299   52   29    0.13163   17.55537      -  86.3 9571s
 6133119 6133609   16.93506   58   29    0.13163   17.55520      -  86.3 9576s
 6136579 6133641   16.58825   54   37    0.13163   17.55483      -  86.3 9583s
 6136611 6133673   17.39767   45   35    0.13163   17.55462      -  86.3 9590s
 6136643 6133705   16.91843   51   36    0.13163   17.55460      -  86.3 9597s
 6136675 6133861   16.64900   52   36    0.13163   17.55460      -  86.3 9603s
 6136831 6134246   17.55455   53   34    0.13163   17.55455      -  86.3 9610s
 6137216 6134941   16.20167   54   25    0.13163   17.55455      -  86.3 9617s
 6137911 6136051   17.33789   55   32    0.13163   17.55455      -  86.3 9625s
 6139021 6139093   16.07908   51   31    0.13163   17.55451      -  86.3 9633s
 6142063 6143070   17.55182   57   29    0.13163   17.55439      -  86.3 9641s
 6146040 6146385   17.55413   50   34    0.13163   17.55413      -  86.3 9648s
 6149355 6150588   17.55381   46   37    0.13163   17.55381      -  86.3 9655s
 6153558 6153554   17.55381   47   40    0.13163   17.55381      -  86.3 9660s
 6156524 6157214   15.42860   46   37    0.13163   17.55318      -  86.3 9665s
 6160184 6160724   17.06455   51   33    0.13163   17.55275      -  86.3 9670s
 6163694 6164159   17.55254   51   27    0.13163   17.55254      -  86.3 9675s
 6167129 6167563   15.80881   49   41    0.13163   17.55219      -  86.3 9680s
 6170533 6170976   16.33905   60   18    0.13163   17.55178      -  86.3 9685s
 6176919 6177439   17.54614   45   19    0.13163   17.55096      -  86.3 9694s
 6180409 6180605   15.83024   52   34    0.13163   17.55066      -  86.3 9699s
 6183575 6184065   17.54633   41   34    0.13163   17.55036      -  86.3 9704s
 6187035 6187437   14.74834   55   29    0.13163   17.54996      -  86.3 9708s
 6190407 6190718   17.54971   48   35    0.13163   17.54971      -  86.3 9712s
 6193688 6193185   16.80985   50   31    0.13163   17.54941      -  86.3 9717s
 6196155 6196755   16.34892   59   27    0.13163   17.54919      -  86.3 9721s
 6199725 6200164   16.12593   56   31    0.13163   17.54894      -  86.3 9726s
 6203134 6203781   16.08276   48   40    0.13163   17.54857      -  86.3 9731s
 6206751 6207058   17.47090   48   39    0.13163   17.54846      -  86.3 9735s
 6213227 6213824   17.53056   48   37    0.13163   17.54772      -  86.3 9744s
 6216794 6217084   16.65010   58   25    0.13163   17.54740      -  86.3 9748s
 6220054 6220315   17.19263   55   32    0.13163   17.54716      -  86.3 9752s
 6223285 6223122   17.45739   50   39    0.13163   17.54680      -  86.3 9757s
 6226092 6225701   16.20109   52   27    0.13163   17.54654      -  86.3 9762s
 6228671 6229114   17.14324   49   37    0.13163   17.54636      -  86.3 9767s
 6232084 6232589   14.56892   53   32    0.13163   17.54606      -  86.3 9771s
 6235559 6236110   16.44040   58   23    0.13163   17.54572      -  86.3 9776s
 6239080 6239136   17.54459   47   39    0.13163   17.54544      -  86.3 9780s
 6242106 6242761   17.43848   45   43    0.13163   17.54501      -  86.3 9785s
 6248970 6249241   15.92500   64   23    0.13163   17.54445      -  86.3 9794s
 6252211 6252549   15.68289   50   42    0.13163   17.54416      -  86.3 9798s
 6255519 6255926   17.54394   54   25    0.13163   17.54394      -  86.3 9802s
 6258896 6259031   16.55563   51   31    0.13163   17.54360      -  86.3 9807s
 6262001 6261405   17.29175   57   27    0.13163   17.54338      -  86.3 9812s
 6264375 6264851   16.98099   33   38    0.13163   17.54301      -  86.3 9816s
 6267821 6268072   16.99937   49   37    0.13163   17.54274      -  86.3 9821s
 6271042 6271404   17.54243   47   23    0.13163   17.54243      -  86.3 9825s
 6274374 6274711   17.54243   49   29    0.13163   17.54243      -  86.3 9830s
 6277681 6277763   17.00099   51   28    0.13163   17.54190      -  86.3 9835s
 6284212 6284624   17.51954   54   24    0.13163   17.54117      -  86.3 9844s
 6287594 6288209   17.54083   53   28    0.13163   17.54094      -  86.3 9849s
 6291179 6291726   17.35586   54   31    0.13163   17.54094      -  86.3 9853s
 6294696 6295331   16.94617   55   29    0.13163   17.54032      -  86.3 9858s
 6298301 6297538   17.54006   48   36    0.13163   17.54006      -  86.3 9862s
 6300508 6301127   17.48825   57   29    0.13163   17.53983      -  86.3 9867s
 6304097 6304241   15.82465   51   31    0.13163   17.53951      -  86.3 9871s
 6307211 6307676   17.50201   50   37    0.13163   17.53911      -  86.3 9875s
 6310646 6310905   16.61814   57   32    0.13163   17.53863      -  86.3 9880s
 6317084 6317306   13.58738   51   33    0.13163   17.53805      -  86.3 9888s
 6320276 6320707   16.37551   43   47    0.13163   17.53788      -  86.3 9893s
 6323677 6323987   15.12859   56   27    0.13163   17.53734      -  86.3 9897s
 6326957 6327377   17.53725   46   33    0.13163   17.53725      -  86.3 9902s
 6330347 6330764   16.22100   47   43    0.13163   17.53704      -  86.3 9907s
 6333734 6334085   16.73524   53   34    0.13163   17.53675      -  86.3 9911s
 6337055 6336915   17.35547   52   36    0.13163   17.53617      -  86.3 9916s
 6339885 6340663   17.29696   53   32    0.13163   17.53607      -  86.3 9921s
 6343633 6344173   16.26311   54   33    0.13163   17.53588      -  86.3 9925s
 6347143 6347717   16.66914   50   31    0.13163   17.53555      -  86.3 9930s
 6350687 6350800   12.15084   57   28    0.13163   17.53522      -  86.3 9935s
 6357108 6357670   17.50650   51   32    0.13163   17.53477      -  86.3 9944s
 6360640 6361161   17.22688   54   33    0.13163   17.53447      -  86.3 9949s
 6364131 6364454   17.25977   52   33    0.13163   17.53404      -  86.3 9953s
 6367424 6366871   16.88201   53   26    0.13163   17.53378      -  86.3 9958s
 6369841 6370525   15.77961   50   39    0.13163   17.53350      -  86.3 9963s
 6373495 6374070   17.53313   51   31    0.13163   17.53313      -  86.3 9967s
 6377040 6377507    9.99415   50   26    0.13163   17.53300      -  86.3 9972s
 6380477 6380821   17.39581   52   35    0.13163   17.53287      -  86.3 9976s
 6383791 6384218   17.27136   51   38    0.13163   17.53246      -  86.3 9981s
 6387188 6387622   17.03693   55   23    0.13163   17.53209      -  86.3 9985s
 6390592 6391386   16.09441   50   33    0.13163   17.53185      -  86.3 9990s
 6397472 6397658   17.47757   54   30    0.13163   17.53155      -  86.3 9998s
 6400628 6400007   16.23711   50   31    0.13163   17.53111      -  86.3 10003s
 6402977 6403273   17.41141   53   27    0.13163   17.53085      -  86.3 10008s
 6406243 6406667   17.29169   58   32    0.13163   17.53062      -  86.3 10013s
 6409637 6410162   17.17818   49   35    0.13163   17.53032      -  86.3 10017s
 6413132 6413386   17.28763   57   31    0.13163   17.52994      -  86.3 10022s
 6416356 6416552   17.31146   59   26    0.13163   17.52979      -  86.3 10026s
 6419522 6419730   14.07275   59   21    0.13163   17.52915      -  86.3 10032s
 6422700 6423430   16.50733   51   28    0.13163   17.52902      -  86.3 10036s
 6426400 6426899   16.95003   49   37    0.13163   17.52866      -  86.3 10041s
 6429869 6430321   16.85034   49   36    0.13163   17.52829      -  86.3 10045s
 6433291 6432816   11.64060   51   32    0.13163   17.52811      -  86.3 10050s
 6435786 6436294   17.52785   46   29    0.13163   17.52785      -  86.3 10055s
 6439264 6439651   16.97474   49   37    0.13163   17.52746      -  86.3 10060s
 6445981 6446149   17.52697   53   30    0.13163   17.52697      -  86.3 10069s
 6449119 6449724   17.18006   55   29    0.13163   17.52645      -  86.3 10074s
 6452694 6452947   14.53653   54   29    0.13163   17.52618      -  86.3 10078s
 6455917 6456236   16.06531   60   19    0.13163   17.52589      -  86.3 10082s
 6459206 6459280   17.52554   58   28    0.13163   17.52554      -  86.3 10087s
 6462250 6462525   15.88732   56   22    0.13163   17.52519      -  86.3 10091s
 6465495 6465785   17.52509   54   26    0.13163   17.52509      -  86.3 10095s
 6468755 6468564   17.52469   48   33    0.13163   17.52469      -  86.3 10100s
 6474839 6475298   15.49982   55   31    0.13163   17.52424      -  86.3 10109s
 6478268 6478902   17.48028   56   19    0.13163   17.52395      -  86.3 10114s
 6481872 6482122   15.62593   59   26    0.13163   17.52395      -  86.3 10118s
 6485092 6485465   17.50433   52   32    0.13163   17.52323      -  86.3 10122s
 6488435 6488845   17.37459   54   28    0.13163   17.52304      -  86.3 10126s
 6491815 6492058   17.17456   54   28    0.13163   17.52284      -  86.3 10130s
 6498045 6497869   17.52198   48   33    0.13163   17.52198      -  86.3 10139s
 6500839 6501189   16.59750   54   23    0.13163   17.52175      -  86.3 10144s
 6504159 6504597   16.20119   50   36    0.13163   17.52154      -  86.3 10148s
 6507567 6508187   16.91592   51   30    0.13163   17.52125      -  86.3 10153s
 6511157 6511273   17.52096   50   33    0.13163   17.52096      -  86.3 10157s
 6514243 6514062   16.91205   50   42    0.13163   17.52062      -  86.3 10162s
 6517032 6517267   16.28214   52   34    0.13163   17.52022      -  86.3 10167s
 6520237 6520653   16.66144   55   22    0.13163   17.52003      -  86.4 10172s
 6523623 6523976   17.23807   51   36    0.13163   17.51976      -  86.4 10177s
 6526946 6527525   16.49954   59   25    0.13163   17.51917      -  86.4 10181s
 6530495 6530888   17.51909   54   18    0.13163   17.51909      -  86.4 10185s
 6533858 6533392   16.80197   55   28    0.13163   17.51857      -  86.4 10190s
 6536362 6536807   16.53731   50   33    0.13163   17.51829      -  86.4 10195s
 6539777 6539711   17.50517   50   35    0.13163   17.51784      -  86.4 10201s
 6542681 6543770   16.12851   52   33    0.13163   17.51751      -  86.4 10206s
 6546740 6547210   17.11265   55   26    0.13163   17.51703      -  86.4 10211s
 6550180 6550720   17.44401   48   39    0.13163   17.51687      -  86.4 10216s
 6553690 6554031   17.40376   54   25    0.13163   17.51661      -  86.4 10220s
 6557001 6557285   17.31177   55   29    0.13163   17.51599      -  86.4 10225s
 6563566 6562989   15.38007   53   32    0.13163   17.51527      -  86.4 10235s
 6569590 6570212   17.51474   52   28    0.13163   17.51474      -  86.4 10244s
 6573182 6573511   17.29281   53   35    0.13163   17.51474      -  86.4 10248s
 6576481 6576861   17.51438   50   24    0.13163   17.51438      -  86.4 10253s
 6579831 6579950   16.30415   52   35    0.13163   17.51438      -  86.4 10257s
 6582920 6583163   17.41086   53   26    0.13163   17.51383      -  86.4 10262s
 6586133 6586363   17.51362   47   28    0.13163   17.51362      -  86.4 10267s
 6589333 6589616   17.51340   49   29    0.13163   17.51340      -  86.4 10271s
 6592586 6593083   17.51290   53   17    0.13163   17.51290      -  86.4 10275s
 6596053 6596217   17.51260   49   26    0.13163   17.51260      -  86.4 10280s
 6599187 6598740   17.00929   51   29    0.13163   17.51224      -  86.4 10285s
 6601710 6603333   17.50821   53   21    0.13163   17.51204      -  86.4 10291s
 6606303 6607040   17.50724   50   36    0.13163   17.51180      -  86.4 10296s
 6610010 6610566   12.43336   54   25    0.13163   17.51145      -  86.4 10301s
 6613536 6613816   17.50745   52   34    0.13163   17.51092      -  86.4 10305s
 6616786 6617302   16.20941   48   35    0.13163   17.51069      -  86.4 10310s
 6620272 6620436   17.35301   51   32    0.13163   17.51039      -  86.4 10315s
 6626783 6627213   17.50865   53   30    0.13163   17.50964      -  86.4 10324s
 6630183 6630771   17.50940   50   29    0.13163   17.50940      -  86.4 10329s
 6633741 6633741    9.57199   50   33    0.13163   17.50904      -  86.4 10333s
 6636711 6636908   16.69252   58   22    0.13163   17.50882      -  86.4 10338s
 6639878 6640126   17.04987   57   24    0.13163   17.50829      -  86.4 10343s
 6643096 6643607   17.11067   56   21    0.13163   17.50795      -  86.4 10347s
 6646577 6646991   17.49571   55   32    0.13163   17.50768      -  86.4 10352s
 6649961 6648603   17.49780   57   27    0.13163   17.50768      -  86.4 10360s
 6655326 6655954   17.39611   53   40    0.13163   17.50694      -  86.4 10369s
 6658924 6659483   17.50094   51   38    0.13163   17.50687      -  86.4 10374s
 6662453 6662895   15.71641   52   36    0.13163   17.50653      -  86.4 10378s
 6665865 6666107   17.43618   55   30    0.13163   17.50615      -  86.4 10383s
 6669077 6669603   16.94252   52   32    0.13163   17.50557      -  86.4 10387s
 6672573 6672927   15.98444   55   23    0.13163   17.50522      -  86.4 10392s
 6675897 6676359   16.89873   52   37    0.13163   17.50504      -  86.4 10396s
 6679329 6679803   17.50492   51   24    0.13163   17.50492      -  86.4 10400s
 6682773 6683082   16.42604   51   31    0.13163   17.50448      -  86.4 10405s
 6689503 6689818   17.50389   53   25    0.13163   17.50389      -  86.4 10414s
 6692788 6693208   15.95085   55   28    0.13163   17.50362      -  86.4 10419s
 6696178 6696809   17.50329   54   28    0.13163   17.50329      -  86.4 10423s
 6699779 6699540   16.17707   54   24    0.13163   17.50319      -  86.4 10428s
 6702510 6703063   16.93743   56   28    0.13163   17.50277      -  86.4 10432s
 6706033 6706433   17.44129   51   29    0.13163   17.50250      -  86.4 10437s
 6709403 6709846   15.33485   55   27    0.13163   17.50220      -  86.4 10441s
 6712816 6713264   17.38491   46   42    0.13163   17.50192      -  86.4 10446s
 6716234 6716390   17.29558   45   39    0.13163   17.50165      -  86.4 10450s
 6719360 6719902   17.43398   58   24    0.13163   17.50123      -  86.4 10455s
 6722872 6723478   13.97322   46   27    0.13163   17.50085      -  86.4 10460s
 6729657 6729977   17.50040   53   26    0.13163   17.50040      -  86.4 10469s
 6732947 6732202   16.83543   58   30    0.13163   17.50001      -  86.4 10474s
 6735172 6735696   17.00850   54   33    0.13163   17.49986      -  86.4 10478s
 6738666 6739117   16.44005   49   34    0.13163   17.49972      -  86.4 10483s
 6742087 6742557   16.50205   56   28    0.13163   17.49923      -  86.4 10488s
 6745527 6745774   16.91836   54   34    0.13163   17.49877      -  86.4 10492s
 6748744 6749244   17.38222   52   42    0.13163   17.49865      -  86.4 10496s
 6752214 6752825   17.00392   59   22    0.13163   17.49842      -  86.4 10501s
 6755795 6756123   17.14885   52   34    0.13163   17.49800      -  86.4 10505s
 6762324 6762774   17.22039   53   31    0.13163   17.49756      -  86.4 10514s
 6765744 6765990   15.63506   50   34    0.13163   17.49717      -  86.4 10518s
 6768960 6768986   16.91731   50   31    0.13163   17.49681      -  86.4 10523s
 6771956 6772021   17.31014   52   31    0.13163   17.49669      -  86.4 10527s
 6774991 6775138   17.07821   56   30    0.13163   17.49640      -  86.4 10532s
 6778108 6778634   16.78937   56   26    0.13163   17.49600      -  86.4 10536s
 6781604 6782072   17.49575   58   25    0.13163   17.49575      -  86.4 10541s
 6785042 6785489   16.63196   43   35    0.13163   17.49525      -  86.4 10546s
 6788459 6788421   17.49513   58   23    0.13163   17.49513      -  86.4 10551s
 6791391 6791859   17.25082   53   23    0.13163   17.49479      -  86.4 10555s
 6798092 6798306   16.76394   54   33    0.13163   17.49443      -  86.4 10564s
 6801276 6801654   16.85979   56   24    0.13163   17.49398      -  86.4 10568s
 6804624 6803842   17.48424   55   27    0.13163   17.49368      -  86.4 10574s
 6806812 6807223   17.42166   48   37    0.13163   17.49355      -  86.4 10579s
 6810193 6810688   17.49247   51   31    0.13163   17.49347      -  86.4 10583s
 6813658 6814135   17.45955   51   26    0.13163   17.49283      -  86.4 10588s
 6817105 6817485   15.55028   51   38    0.13163   17.49249      -  86.4 10592s
 6820455 6820687   16.43577   53   29    0.13163   17.49219      -  86.4 10597s
 6823657 6823868   15.63036   51   32    0.13163   17.49199      -  86.4 10601s
 6826838 6827383   17.16253   53   31    0.13163   17.49154      -  86.4 10605s
 6830353 6830450   16.07723   47   34    0.13163   17.49152      -  86.4 10610s
 6836838 6837223   17.13846   52   35    0.13163   17.49099      -  86.4 10618s
 6840193 6840475   16.66368   59   25    0.13163   17.49055      -  86.4 10623s
 6843445 6842750   17.49031   48   33    0.13163   17.49031      -  86.4 10629s
 6845720 6847893   15.53385   50   39    0.13163   17.49031      -  86.4 10635s
 6850863 6851433   16.27288   53   31    0.13163   17.48973      -  86.4 10640s
 6854403 6855030   16.48142   46   31    0.13163   17.48930      -  86.4 10645s
 6858000 6858540   17.48179   50   30    0.13163   17.48909      -  86.4 10650s
 6864886 6865502   17.39568   49   34    0.13163   17.48840      -  86.4 10659s
 6868472 6868723   16.81505   53   35    0.13163   17.48838      -  86.4 10663s
 6871693 6871910   16.33395   53   31    0.13163   17.48798      -  86.4 10667s
 6874880 6875352   17.48749   49   26    0.13163   17.48749      -  86.4 10672s
 6878322 6877870   15.48992   58   19    0.13163   17.48718      -  86.4 10678s
 6880840 6881503   16.33739   52   31    0.13163   17.48712      -  86.4 10683s
 6884473 6885434   15.78590   48   45    0.13163   17.48690      -  86.4 10687s
 6888404 6888991   17.47231   46   38    0.13163   17.48649      -  86.4 10692s
 6891961 6892322   17.02573   52   36    0.13163   17.48628      -  86.4 10696s
 6895292 6895916   17.48597   54   19    0.13163   17.48597      -  86.4 10701s
 6898886 6899184   16.45751   59   24    0.13163   17.48575      -  86.4 10705s
 6905441 6905903   17.48525   52   31    0.13163   17.48525      -  86.4 10714s
 6908873 6908994   16.52699   53   30    0.13163   17.48490      -  86.4 10719s
 6911964 6912197   16.80700   47   34    0.13163   17.48472      -  86.4 10724s
 6915167 6915653   16.06238   53   34    0.13163   17.48437      -  86.4 10728s
 6918623 6918303   17.07170   54   29    0.13163   17.48393      -  86.4 10734s
 6921273 6921742   17.31964   55   26    0.13163   17.48372      -  86.4 10739s
 6924712 6925324   17.03463   54   34    0.13163   17.48340      -  86.4 10743s
 6928294 6928672   17.32510   53   30    0.13163   17.48315      -  86.4 10748s
 6931642 6932030   17.48287   50   28    0.13163   17.48287      -  86.4 10752s
 6935000 6935239   16.57769   55   29    0.13163   17.48251      -  86.4 10757s
 6938209 6938719   15.10894   55   27    0.13163   17.48233      -  86.4 10762s
 6941689 6942084   17.07836   54   31    0.13163   17.48192      -  86.4 10767s
 6945054 6944306   17.48165   53   28    0.13163   17.48165      -  86.4 10774s
 6947276 6948087   16.64810   54   35    0.13163   17.48165      -  86.4 10778s
 6951057 6951804   17.48091   50   22    0.13163   17.48091      -  86.4 10783s
 6954774 6955213   16.74010   54   30    0.13163   17.48091      -  86.4 10788s
 6958183 6958829   15.77899   53   33    0.13163   17.48041      -  86.4 10792s
 6961799 6962078   17.31493   44   45    0.13163   17.48024      -  86.4 10797s
 6965048 6963846   16.90927   57   26    0.13163   17.47988      -  86.4 10800s

Cutting planes:
  Gomory: 1
  Lift-and-project: 7
  Implied bound: 1
  Projected implied bound: 81
  MIR: 922
  Flow cover: 65
  RLT: 1097
  Relax-and-lift: 13

Explored 6966816 nodes (602234432 simplex iterations) in 10800.07 seconds (25323.86 work units)
Thread count was 32 (of 255 available processors)

Solution count 10: 0.131626 0.131626 0.131505 ... 0.130275

Time limit reached
Warning: max constraint violation (7.4461e-06) exceeds tolerance
Best objective 1.316263302591e-01, best bound 1.747964709070e+01, gap 13179.7496%

User-callback calls 14397886, time in user-callback 2.85 sec
source: 0 target: 3 model_arch: 3x50 perturbation type: brightness perturbation size: [0.25] dataset: mnist
Attack:   0%|          | 0/500 [00:00<?, ?it/s]Attack:   1%|▏         | 7/500 [00:00<00:07, 68.52it/s]Attack:   9%|▉         | 45/500 [00:00<00:01, 246.66it/s]Attack:  17%|█▋        | 83/500 [00:00<00:01, 304.75it/s]Attack:  24%|██▍       | 120/500 [00:00<00:01, 330.15it/s]Attack:  32%|███▏      | 158/500 [00:00<00:00, 346.54it/s]Attack:  39%|███▉      | 195/500 [00:00<00:00, 352.52it/s]Attack:  46%|████▋     | 232/500 [00:00<00:00, 356.97it/s]Attack:  54%|█████▍    | 270/500 [00:00<00:00, 362.60it/s]Attack:  61%|██████▏   | 307/500 [00:00<00:00, 364.18it/s]Attack:  69%|██████▉   | 344/500 [00:01<00:00, 363.52it/s]Attack:  76%|███████▌  | 381/500 [00:01<00:00, 363.99it/s]Attack:  84%|████████▎ | 418/500 [00:01<00:00, 364.60it/s]Attack:  91%|█████████ | 455/500 [00:01<00:00, 365.94it/s]Attack:  99%|█████████▊| 493/500 [00:01<00:00, 367.45it/s]Attack: 100%|█████████▉| 499/500 [00:01<00:00, 346.96it/s]
best_val 1.7682348489761353
Set parameter WLSAccessID
Set parameter WLSSecret
Set parameter LicenseID to value 2478548
Academic license 2478548 - for non-commercial use only - registered to ne___@campus.technion.ac.il
Encoding the two copies...
apply_sibgate_constraints!: emitted 10 coupling lines (both-thin), 0 conditional triangles on org (org-dropped), 0 conditional triangles on pert (pert-dropped).
Encoding dependencies (activation_start=1, layers_offset=2)...
Adding perturbed interval constraints...
0.1316263302590796  17.479647090695437  10800.1333360672
paper_experiments_with_zono_fix/mnist/3x50_exp/brightness/eps_0.25/N2stdBoost_3x50_19_sgd_itr1/
Clean sample classification: 2
Perturbed sample classification: 2
compute_n2_pert_relaxation_bounds: populated 2 ReLU layers
compute_n2_relax_decision!: τ=0.5, both=13 org-only=0 pert-only=0 none=74 (plus 13 stable neurons)
[notice | Main.MIPVerify]: Determining upper and lower bounds for the input to each non-linear unit.
Set parameter WLSAccessID
Set parameter WLSSecret
Set parameter LicenseID to value 2478548
Academic license 2478548 - for non-commercial use only - registered to ne___@campus.technion.ac.il
Set parameter TimeLimit to value 5
Set parameter WLSAccessID
Set parameter WLSSecret
Set parameter LicenseID to value 2478548
Academic license 2478548 - for non-commercial use only - registered to ne___@campus.technion.ac.il
Set parameter MIPFocus to value 3
Set parameter Cutoff to value 1.7682348489761353e+00
Set parameter Threads to value 32
Set parameter TimeLimit to value 10800
Set parameter MIPGap to value 0.01
Set parameter Seed to value 4
Set parameter Seed to value 4
Set parameter MIPGap to value 0.01
Set parameter MIPFocus to value 3
Set parameter Cutoff to value 1.7682348489761353e+00
Set parameter Threads to value 32
Set parameter TimeLimit to value 10800
Warning for adding constraints: zero or small (< 1e-13) coefficients, ignored
Gurobi Optimizer version 13.0.0 build v13.0.0rc1 (linux64 - "Ubuntu 20.04.2 LTS")

CPU model: AMD EPYC 7713 64-Core Processor, instruction set [SSE2|AVX|AVX2]
Thread count: 127 physical cores, 255 logical processors, using up to 32 threads

Non-default parameters:
Cutoff  1.7682348489761353e+00
TimeLimit  10800
MIPGap  0.01
MIPFocus  3
Seed  4
Threads  32

Academic license 2478548 - for non-commercial use only - registered to ne___@campus.technion.ac.il
Optimize a model with 1693 rows, 1889 columns and 159047 nonzeros (Max)
Model fingerprint: 0xd7e6438e
Model has 1 linear objective coefficients
Variable types: 1741 continuous, 148 integer (148 binary)
Coefficient statistics:
  Matrix range     [1e-13, 3e+01]
  Objective range  [1e+00, 1e+00]
  Bounds range     [2e-09, 3e+01]
  RHS range        [4e-13, 2e+01]

Processing user MIP start: 6 nodes explored in subMIP, total elapsed time 5s
Processing user MIP start: 450 nodes explored in subMIP, total elapsed time 10s
User MIP start did not produce a new incumbent solution
Processed MIP start in 10.23 seconds (20.24 work units)

Presolve removed 274 rows and 3 columns
Presolve time: 0.21s
Presolved: 1419 rows, 1888 columns, 140562 nonzeros
Variable types: 1740 continuous, 148 integer (148 binary)
Root relaxation presolve removed 91 rows and 91 columns
Root relaxation presolved: 1328 rows, 1797 columns, 140289 nonzeros


Root simplex log...

Iteration    Objective       Primal Inf.    Dual Inf.      Time
       0    1.0433771e+02   1.621228e+02   0.000000e+00     11s
    1489    3.8226524e+01   0.000000e+00   0.000000e+00     11s
    1489    3.8226524e+01   0.000000e+00   0.000000e+00     11s

Root relaxation: objective 3.822652e+01, 1489 iterations, 0.22 seconds (0.36 work units)
Another try with MIP start

    Nodes    |    Current Node    |     Objective Bounds      |     Work
 Expl Unexpl |  Obj  Depth IntInf | Incumbent    BestBd   Gap | It/Node Time

     0     0   38.22652    0   61          -   38.22652      -     -   22s
     0     0   31.44088    0   61          -   31.44088      -     -   24s
     0     0   31.44088    0   61          -   31.44088      -     -   24s
     0     0   31.44088    0   62          -   31.44088      -     -   25s
     0     0   31.44088    0   65          -   31.44088      -     -   25s
     0     0   31.44088    0   65          -   31.44088      -     -   25s
     0     0   31.44088    0   64          -   31.44088      -     -   25s
     0     0   31.44088    0   64          -   31.44088      -     -   25s
     0     0   31.44088    0   64          -   31.44088      -     -   25s
     0     0   31.44088    0   64          -   31.44088      -     -   25s
     0     0   31.44088    0   64          -   31.44088      -     -   25s
     0     0   31.44088    0   64          -   31.44088      -     -   26s
     0     0   31.42602    0   64          -   31.42602      -     -   27s
     0     0   31.16174    0   65          -   31.16174      -     -   27s
     0     0   31.16174    0   66          -   31.16174      -     -   27s
     0     0   31.16174    0   65          -   31.16174      -     -   27s
     0     0   31.16174    0   65          -   31.16174      -     -   28s
     0     0   31.16174    0   61          -   31.16174      -     -   29s
     0     0   31.13615    0   61          -   31.13615      -     -   31s
     0     0   31.13615    0   61          -   31.13615      -     -   32s
     0     2   31.13615    0   61          -   31.13615      -     -   33s
     7    16   31.13615    3   63          -   31.13615      -   882   35s
    63    96   27.88060    6   61          -   29.54074      -   998   41s
    95   128   27.36401    7   63          -   28.75500      -  1104   45s
   127   160   26.27603    8   60          -   27.71488      -  1105   51s
   159   207   25.65189    9   65          -   27.08811      -  1073   55s
   365   435   20.75782   10   54          -   26.11210      -   906   60s
   597   641   24.03043   11   57          -   25.26529      -   855   65s
   772   805   16.04769   12   45          -   24.79522      -   860   70s
  1007  1074   22.48938    6   57          -   24.39195      -   812   75s
  1348  1469   19.10896   14   49          -   24.07123      -   733   80s
  1915  2091   20.39412   13   49          -   23.82478      -   629   86s
  2547  2630   15.88891   14   55          -   23.65427      -   544   90s
  2905  2898   22.89100    9   61          -   23.52813      -   513  135s
  2912  2903   21.77943   10   63          -   23.52813      -   511  140s
  2917  2906   22.13450   11   63          -   23.52813      -   510  146s
  2919  2907   20.87552   20   61          -   23.52813      -   510  151s
  2923  2915   23.52813   14   63          -   23.52813      -   513  156s
  2983  2983   23.52813   18   52          -   23.52813      -   522  162s
  3079  3053   23.52813   20   61          -   23.52813      -   530  168s
  3117  3083   23.52813   21   58          -   23.52813      -   534  172s
  3160  3108   23.52813   22   53          -   23.52813      -   540  176s
  3199  3127   23.52813   23   53          -   23.52813      -   547  184s
  3231  3148   22.43396   19   57          -   23.52813      -   552  190s
  3263  3180   23.52813   22   54          -   23.52813      -   560  196s
  3305  3198   23.52813   24   57          -   23.52813      -   566  202s
  3337  3222   23.29375   22   52          -   23.52813      -   572  212s
  3372  3250   22.11797   20   51          -   23.52813      -   578  216s
  3412  3307   23.46025   25   54          -   23.52813      -   581  221s
  3482  3354   16.51610   20   51          -   23.52813      -   587  225s
  3631  3468   21.22814   24   51          -   23.52813      -   596  233s
  3716  3512   22.81772   25   48          -   23.46757      -   595  236s
  3788  3520   22.95588   21   55          -   23.32797      -   597  242s
  3820  3558   22.36895   24   58          -   23.20454      -   601  246s
  3869  3670   21.97265   24   51          -   23.06805      -   606  250s
  4120  3835   19.24701   26   50          -   22.86710      -   600  257s
  4246  3945   18.60572   26   56          -   22.80104      -   597  261s
  4458  4121   19.43451   29   45          -   22.58167      -   593  267s
  4645  4250   19.40851   24   50          -   22.47893      -   584  271s
  5025  4632   21.74092   26   53          -   22.32205      -   570  277s
  5345  4738   20.18932   23   56          -   22.26892      -   552  281s
  5559  4979   21.97738   26   50          -   22.19161      -   545  285s
  6281  5585   14.67981   26   49          -   22.05865      -   509  291s
  7208  6299   21.35645   22   57          -   21.94442      -   466  297s
  7741  6544   14.26382   27   44          -   21.90398      -   445  301s
  8897  7092   11.16141   28   38          -   21.77893      -   408  308s
  9099  7607   20.28023   23   47          -   21.74041      -   403  311s
  9682  8080   18.76508   21   64          -   21.68805      -   388  315s
 11046  9369   19.77334   23   49          -   21.59488      -   360  323s
 12110 10337   21.09550   23   49          -   21.55298      -   337  326s
 13277 11509   16.42472   26   52          -   21.50382      -   316  330s
 15503 13933   20.33431   25   48          -   21.40883      -   286  336s
 16875 15273   18.53722   32   45          -   21.36575      -   270  340s
 19391 17348   20.82711   33   42          -   21.29671      -   248  347s
 20290 18719   18.96637   30   44          -   21.26303      -   243  351s
 22869 20961   17.31489   33   34          -   21.18289      -   228  360s
 23911 21056   17.56294   29   40          -   21.14954      -   223  368s
 24006 21148   18.15150   23   59          -   21.12259      -   224  379s
 24098 21242   18.72408   29   53          -   21.08562      -   225  392s
 24192 21334    4.85620   27   44          -   21.04485      -   225  404s
 24284 21436   11.21383   31   38          -   21.01972      -   226  419s
 24386 21514   18.80954   30   44          -   20.99102      -   226  430s
 24464 21711   20.55749   26   48          -   20.96559      -   227  440s
 24661 22037   19.27278   30   44          -   20.93839      -   227  449s
 24987 22277   19.49515   30   39          -   20.91340      -   226  458s
 25227 22647   20.46182   24   48          -   20.88298      -   226  466s
 25597 23110   20.16096   31   49          -   20.85937      -   225  478s
 26060 23636   20.49125   26   47          -   20.82735      -   223  489s
 26588 24163   14.18642   26   44          -   20.79696      -   222  496s
 27183 25057   19.61865   34   41          -   20.77322      -   220  504s
 28097 25946   18.82760   23   62          -   20.74429      -   217  514s
 29022 26552   20.54229   30   42          -   20.72145      -   214  527s
 29646 30232   14.56087   30   51          -   20.69636      -   212  544s
 33642 32995   15.99618   26   49          -   20.66646      -   199  548s
 36451 35386   16.94433   25   49          -   20.64588      -   192  553s
 38849 37567   17.10612   28   46          -   20.62011      -   187  556s
 41034 39857   20.14632   24   58          -   20.60043      -   183  560s
 45379 44067   20.00319   24   46          -   20.55314      -   175  568s
 47552 46359   20.13127   26   41          -   20.53934      -   172  572s
 49856 47161   19.20348   31   39          -   20.52362      -   169  579s
 50658 49507   16.82203   24   50          -   20.50004      -   168  584s
 53018 52108   11.17539   38   39          -   20.48036      -   166  588s
 55644 54539   15.65201   31   50          -   20.46278      -   163  592s
 58117 60760   18.08440   36   33          -   20.44676      -   161  603s
 64758 63302   17.31027   25   40          -   20.42991      -   155  607s
 67321 65884   15.17538   24   55          -   20.39088      -   154  612s
 69945 68536   19.86277   34   38          -   20.37071      -   152  617s
 72661 71398   13.23060   28   41          -   20.35094      -   151  623s
 75660 74321   17.58993   22   65          -   20.33131      -   149  628s
 78653 77676   19.07945   26   57          -   20.31158      -   148  633s
 82141 80808   18.80311   31   37          -   20.29336      -   146  638s
 85412 83961   19.55572   23   47          -   20.26774      -   145  644s
 88824 90799   13.78183   27   48          -   20.25139      -   143  655s
 96369 93736   19.62349   39   34          -   20.21784      -   141  660s
 99449 96929   20.20519   42   36          -   20.20519      -   140  665s
 102862 100129   19.06909   46   51          -   20.20519      -   139  670s
 106251 103271   18.79080   24   60          -   20.16675      -   138  675s
 109559 106084   19.75226   41   40          -   20.15161      -   138  681s
 112449 109405   16.81874   27   51          -   20.13951      -   137  686s
 115986 112773   19.56626   36   32          -   20.12520      -   136  692s
 119668 118763   18.74900   41   29          -   20.10843      -   135  700s
 126064 121927   19.30008   48   39          -   20.09505      -   134  705s
 129358 124026   20.08551   41   41          -   20.08551      -   134  710s
 131457 127378   18.71194   44   46          -   20.06423      -   133  715s
 135002 130816   18.37986   45   45          -   20.05475      -   133  721s
 138701 134210   17.26690   46   38          -   20.04520      -   132  726s
 142298 137407   18.75954   33   46          -   20.03811      -   132  731s
 145635 140872   18.56817   45   43          -   20.03036      -   131  736s
 149306 146073   19.98789   45   48          -   20.02265      -   131  745s
 154962 149100   18.64336   29   33          -   20.00332      -   130  750s
 158151 152284   16.24995   49   37          -   19.98878      -   130  755s
 161533 155227   19.82827   48   48          -   19.97815      -   129  761s
 164712 158136   17.69984   48   42          -   19.97301      -   129  767s
 167822 161424   19.54455   30   41          -   19.96566      -   129  772s
 171385 164738   17.56887   48   49          -   19.95686      -   129  777s
 174980 167833   15.56300   44   39          -   19.94946      -   128  783s
 178303 172673   19.92181   47   40          -   19.93962      -   128  790s
 183563 175615   19.91159   38   39          -   19.92762      -   128  795s
 186668 178849   19.60271   48   41          -   19.91529      -   128  800s
 190115 181971   19.89774   46   34          -   19.90353      -   127  806s
 193464 184952   17.00879   48   47          -   19.89910      -   127  812s
 196679 188246   19.73361   48   42          -   19.89359      -   127  816s
 200188 191357   15.02454   45   31          -   19.88308      -   127  821s
 203578 194525   19.87930   49   35          -   19.87930      -   126  826s
 206930 197572   19.83644   51   35          -   19.87501      -   126  832s
 210200 202451   19.20328   45   43          -   19.86749      -   126  839s
 215569 205414   19.79890   51   34          -   19.85906      -   126  844s
 218759 208565   19.60987   43   31          -   19.84687      -   125  848s
 222152 211255   16.77645   33   47          -   19.83846      -   125  854s
 224953 214169   18.52948   46   44          -   19.83846      -   125  860s
 231384 219998   17.30134   37   35          -   19.81688      -   125  870s
 234252 223289   19.77845   48   35          -   19.81495      -   124  875s
 237816 226384   18.99710   48   44          -   19.81050      -   124  880s
 241178 230755   18.78398   44   45          -   19.80618      -   124  886s
 245934 233829   19.79925   44   32          -   19.79925      -   124  890s
 249273 236994   19.06120   47   48          -   19.79925      -   124  895s
 252691 240070   19.76387   47   42          -   19.78811      -   124  900s
 256037 243288   18.03777   47   29          -   19.78023      -   124  905s
 259497 244143   19.77467   51   32          -   19.77467      -   124  913s
 260352 248091   19.42052   52   34          -   19.76515      -   123  918s
 264613 251426   14.33988   53   38          -   19.76399      -   123  923s
 268296 254364   16.23995   31   42          -   19.75499      -   123  928s
 271420 258725   19.75451   41   34          -   19.75451      -   123  935s
 279529 264891   19.73264   47   38          -   19.74003      -   123  944s
 282930 267830   19.62918   54   29          -   19.73472      -   122  948s
 286108 269302   19.49533   48   43          -   19.72744      -   122  955s
 287631 271127   15.26302   46   35          -   19.72744      -   122  963s
 289591 272839   17.96351   43   41          -   19.72085      -   122  972s
 291431 275984   19.70571   45   47          -   19.72085      -   122  980s
 294854 279776   19.33393   50   40          -   19.70857      -   122  986s
 298958 283493   19.70308   47   32          -   19.70308      -   122  991s
 303020 287804   11.27967   28   34          -   19.69959      -   122  998s
 307754 290760   19.06043   44   41          -   19.69471      -   122 1002s
 310953 293903   18.45072   50   40          -   19.68686      -   122 1006s
 314365 297100   18.96294   51   31          -   19.68145      -   122 1011s
 317869 299949   19.67807   46   34          -   19.67807      -   121 1015s
 320907 302889   19.67807   45   30          -   19.67807      -   122 1020s
 327597 309175   18.92311   46   42          -   19.67437      -   121 1030s
 334590 316444   17.58253   46   47          -   19.66247      -   121 1041s
 338979 319584   19.55682   42   32          -   19.65782      -   121 1046s
 342364 323028   19.65045   45   29          -   19.65291      -   121 1050s
 346150 325930   18.71748   26   46          -   19.64901      -   121 1055s
 349299 328915   19.57907   45   33          -   19.64522      -   121 1060s
 355900 334584   19.51959   44   26          -   19.64258      -   121 1069s
 358786 337592   19.64005   40   47          -   19.64005      -   121 1074s
 362124 340959   18.84241   54   28          -   19.63966      -   121 1079s
 365840 344441   19.52936   44   40          -   19.63615      -   120 1086s
 369639 347769   19.61979   50   43          -   19.63450      -   120 1091s
 373266 351293   19.33264   48   41          -   19.62568      -   120 1096s
 377139 354590   19.01763   47   41          -   19.62234      -   120 1101s
 380741 357703   19.51627   49   44          -   19.61880      -   120 1106s
 384176 360738   15.23894   46   40          -   19.61186      -   120 1112s
 387451 363735   18.56852   48   34          -   19.60671      -   120 1116s
 390754 366931   11.75852   26   48          -   19.60339      -   120 1121s
 394269 369901   17.93867   46   44          -   19.60081      -   120 1125s
 397462 373653   19.59913   49   31          -   19.59913      -   120 1132s
 401612 376986   19.59485   46   34          -   19.59485      -   120 1136s
 405264 380176   19.54768   49   44          -   19.58939      -   120 1141s
 408788 383422   18.88017   47   44          -   19.58525      -   120 1145s
 412306 386281   19.41860   49   46          -   19.58265      -   120 1151s
 415394 389105   18.79389   47   46          -   19.57954      -   120 1156s
 418438 392109   19.11743   50   41          -   19.57600      -   119 1161s
 421707 395307   19.23039   49   34          -   19.57354      -   119 1166s
 425169 398464   19.56054   48   27          -   19.56890      -   119 1170s
 428639 401224   19.36951   58   28          -   19.56693      -   119 1178s
 431656 405758   19.56626   41   41          -   19.56626      -   119 1185s
 436666 409146   18.67429   44   33          -   19.56010      -   119 1190s
 444059 415749   14.85083   46   33          -   19.55392      -   119 1199s
 447632 418891   17.46269   48   42          -   19.55046      -   119 1204s
 451031 421995   18.56855   49   42          -   19.54550      -   119 1209s
 454415 425211   18.62360   54   21          -   19.54169      -   119 1214s
 457920 428793   19.53953   47   37          -   19.53953      -   119 1220s
 461790 432172   16.13946   35   39          -   19.53561      -   119 1225s
 465486 435288   14.40270   49   35          -   19.53372      -   119 1230s
 472168 441301   19.17229   51   43          -   19.53061      -   119 1239s
 475461 444521   19.25081   46   45          -   19.52783      -   119 1244s
 478987 447574   18.93168   45   36          -   19.52425      -   119 1249s
 482247 450445   18.67100   44   42          -   19.51961      -   119 1254s
 485409 453264   17.05403   25   52          -   19.51749      -   119 1258s
 488469 457105   19.30588   52   43          -   19.51329      -   119 1264s
 492752 460071   16.84166   51   35          -   19.51185      -   119 1269s
 496017 462811   14.54932   47   38          -   19.50915      -   118 1274s
 498983 465786   19.38901   47   45          -   19.50432      -   118 1279s
 502275 468775   18.41703   45   36          -   19.50081      -   118 1284s
 505509 471816   19.01713   45   45          -   19.49599      -   118 1289s
 508841 474820   19.41184   51   42          -   19.49196      -   118 1293s
 512158 478077   19.43296   48   45          -   19.49185      -   118 1298s
 515765 480865   12.24521   46   37          -   19.48435      -   118 1303s
 518789 484510   18.33456   44   45          -   19.48183      -   118 1309s
 522750 487430   17.47053   50   41          -   19.47886      -   118 1314s
 525985 490588   18.05452   25   51          -   19.47473      -   118 1319s
 529403 493615   18.63759   48   42          -   19.47213      -   118 1324s
 532740 496640   18.49958   46   41          -   19.47040      -   118 1329s
 536044 499860   19.08987   45   28          -   19.46792      -   118 1333s
 539533 502982   15.06342   44   38          -   19.46595      -   118 1338s
 542970 506332   19.45713   51   45          -   19.46439      -   118 1343s
 546633 509275   19.44633   46   42          -   19.46305      -   118 1348s
 549826 513149   19.21661   51   40          -   19.46195      -   118 1354s
 554141 515940   19.45974   47   39          -   19.45974      -   118 1358s
 557208 518480   17.66439   45   42          -   19.45570      -   118 1363s
 559919 520511   19.36997   45   47          -   19.45225      -   118 1368s
 561978 523129   19.41079   40   59          -   19.45225      -   118 1372s
 564723 526153   18.65929   40   55          -   19.45194      -   118 1377s
 568046 529722   18.29060   46   31          -   19.44955      -   118 1383s
 572018 532922   18.77829   30   33          -   19.44564      -   118 1388s
 575535 536289   19.44492   49   34          -   19.44492      -   118 1393s
 579222 539856   18.28006   49   44          -   19.44299      -   118 1398s
 583097 542820   18.91787   48   47          -   19.43766      -   118 1403s
 586327 545672   17.04763   50   45          -   19.43473      -   118 1408s
 589371 549101   17.85441   46   46          -   19.43190      -   118 1413s
 593068 552199   19.18416   38   45          -   19.42886      -   118 1418s
 596459 555150   18.05176   40   51          -   19.42886      -   118 1422s
 599695 558261   12.52248   46   49          -   19.42423      -   118 1427s
 603148 561262   15.04706   33   43          -   19.42037      -   118 1432s
 606484 564175   19.41165   44   36          -   19.41992      -   118 1437s
 609625 567744   17.87721   45   40          -   19.41634      -   118 1443s
 613568 571143   19.27294   47   46          -   19.41426      -   118 1447s
 617313 573821   19.41318   55   20          -   19.41318      -   118 1452s
 620207 576934   19.15255   44   45          -   19.41158      -   118 1457s
 623563 580170   19.10807   46   39          -   19.40952      -   118 1462s
 627096 583042   18.45405   49   53          -   19.40684      -   118 1466s
 630198 586217   17.46355   56   35          -   19.40575      -   118 1471s
 633712 589391   19.40575   55   16          -   19.40575      -   118 1475s
 637155 592090   18.34251   51   26          -   19.40080      -   118 1480s
 640072 595679   18.36982   46   43          -   19.39907      -   118 1486s
 644055 598637   19.06281   52   41          -   19.39546      -   118 1491s
 647350 601648   19.17446   47   47          -   19.39227      -   118 1496s
 650655 604544   18.29048   47   27          -   19.38732      -   118 1501s
 653850 607440   18.74263   45   39          -   19.38453      -   118 1506s
 657038 610581   18.59965   46   45          -   19.38232      -   118 1511s
 660534 613709    9.30157   34   31          -   19.37897      -   117 1516s
 664043 616854   19.37738   47   37          -   19.37738      -   117 1521s
 667517 620055   19.11049   50   41          -   19.37139      -   117 1525s
 671041 623689   19.06688   46   38          -   19.36721      -   117 1532s
 675029 626471   12.63334   46   40          -   19.36589      -   117 1536s
 678041 629470   13.58325   47   31          -   19.36289      -   117 1541s
 681241 632497   19.34406   43   54          -   19.36035      -   117 1546s
 684523 635718   18.32146   47   47          -   19.35839      -   117 1551s
 687994 639044   19.32835   48   45          -   19.35758      -   117 1556s
 691639 642101   19.08889   46   51          -   19.35438      -   117 1561s
 694957 644874   19.08858   46   49          -   19.35438      -   117 1566s
 697927 648249   16.47643   49   28          -   19.34928      -   117 1571s
 701624 651837   18.61352   46   34          -   19.34655      -   117 1576s
 705465 654495   19.31915   41   39          -   19.34350      -   117 1582s
 708339 657789   19.27873   42   40          -   19.33973      -   117 1586s
 711926 661050   18.05809   51   36          -   19.33865      -   117 1591s
 715463 664174   12.97120   47   42          -   19.33549      -   117 1596s
 718951 667500   18.99391   49   43          -   19.33405      -   117 1600s
 722582 670477   18.42623   41   21          -   19.33141      -   117 1605s
 725821 673582   14.60724   49   47          -   19.32890      -   117 1610s
 729235 676703   17.70005   50   37          -   19.32678      -   117 1615s
 732704 680007   18.62180   49   46          -   19.32399      -   117 1621s
 736273 683160   19.21718   47   46          -   19.32157      -   117 1626s
 739746 686545   19.32009   48   25          -   19.32009      -   117 1631s
 743472 689530   19.24616   52   35          -   19.32009      -   117 1635s
 746706 692696   10.74025   49   39          -   19.31660      -   117 1640s
 750239 695460   13.19886   43   28          -   19.31174      -   117 1645s
 753296 698724   14.53427   47   32          -   19.30889      -   117 1650s
 760000 704339   17.84590   51   41          -   19.30522      -   117 1659s
 762927 707807   17.65255   49   37          -   19.30335      -   117 1665s
 766688 710968   18.26409   54   43          -   19.30022      -   117 1670s
 773924 717506   17.38728   48   34          -   19.29652      -   117 1679s
 777276 720459   16.78878   37   32          -   19.29396      -   117 1683s
 780504 723424   14.87721   41   22          -   19.29089      -   117 1687s
 783739 725869   18.19224   48   47          -   19.28840      -   117 1692s
 786313 728690   18.44394   43   39          -   19.28831      -   117 1697s
 789450 731839   17.94822   46   41          -   19.28831      -   117 1701s
 792936 735345   14.33446   51   34          -   19.28531      -   117 1707s
 796744 738229   18.93062   50   42          -   19.28322      -   117 1712s
 799846 741444   19.04372   42   58          -   19.28215      -   117 1716s
 803398 744366   19.27383   47   40          -   19.28132      -   117 1721s
 806580 747337   17.55303   45   38          -   19.27804      -   117 1726s
 809811 750256   16.89490   43   29          -   19.27580      -   117 1731s
 813043 753211   19.19892   53   20          -   19.27444      -   117 1736s
 820098 759746   13.67131   52   31          -   19.26973      -   117 1744s
 823488 763179   16.94012   47   31          -   19.26813      -   117 1749s
 827199 766236   16.46326   48   31          -   19.26813      -   117 1753s
 830545 769030   18.76341   51   45          -   19.26471      -   117 1758s
 833664 772144   18.79853   39   33          -   19.26184      -   117 1762s
 837119 775254   19.26146   45   44          -   19.26146      -   117 1766s
 843852 781368   16.96064   51   44          -   19.25694      -   117 1774s
 847163 784068   19.23194   44   37          -   19.25562      -   117 1778s
 850100 787135   19.14158   50   45          -   19.25368      -   117 1782s
 853432 790596   19.23611   48   41          -   19.25222      -   117 1787s
 857176 793538   16.41217   52   41          -   19.25030      -   117 1791s
 860388 795802   12.04626   45   45          -   19.24894      -   117 1796s
 862817 799256   18.03884   42   36          -   19.24760      -   117 1800s
 870284 805906   11.03306   45   33          -   19.24423      -   117 1808s
 873884 808872   17.62566   31   48          -   19.24174      -   116 1812s
 877177 812031   13.28387   49   36          -   19.23969      -   116 1816s
 880633 815229   18.58213   51   35          -   19.23769      -   116 1820s
 884227 818697   18.76010   50   33          -   19.23572      -   116 1825s
 891487 825021   19.07019   49   44          -   19.23408      -   116 1833s
 894869 828089   18.91955   48   43          -   19.23199      -   116 1837s
 898225 830533   17.72098   48   44          -   19.22974      -   116 1842s
 900800 833493   17.98462   40   57          -   19.22701      -   116 1847s
 903995 836523   18.65194   34   50          -   19.22578      -   116 1852s
 907323 839676   19.22372   47   28          -   19.22372      -   116 1856s
 910669 842906   13.76936   49   45          -   19.22372      -   116 1860s
 914209 846438   19.12645   47   41          -   19.22309      -   116 1865s
 921462 852105   19.10494   46   42          -   19.21614      -   116 1873s
 924240 855080   18.40732   51   35          -   19.21376      -   116 1877s
 927542 858270   17.10107   25   55          -   19.21124      -   116 1880s
 934172 864207   18.41283   48   36          -   19.20716      -   116 1888s
 937617 866995   19.12609   48   41          -   19.20535      -   116 1892s
 940642 869848   18.98589   48   31          -   19.20393      -   116 1896s
 943778 872740   18.87147   52   39          -   19.20185      -   116 1901s
 946906 875940   19.20030   49   34          -   19.20030      -   116 1905s
 950337 879507   16.11721   51   38          -   19.20030      -   116 1910s
 957773 886040   17.96571   49   41          -   19.19592      -   116 1919s
 961401 889131   15.80028   52   38          -   19.19326      -   116 1923s
 964937 892451   18.80813   31   48          -   19.19141      -   116 1928s
 968599 895607   18.62050   49   47          -   19.19066      -   116 1932s
 972079 897976   18.98963   38   53          -   19.19009      -   116 1938s
 974625 901176   18.82715   43   39          -   19.18661      -   116 1943s
 978129 904428   19.14980   45   45          -   19.18496      -   116 1947s
 981670 907522   17.41413   50   44          -   19.18264      -   116 1952s
 985080 910628   18.30847   52   38          -   19.18004      -   116 1956s
 988528 913905   16.50439   47   34          -   19.17911      -   116 1961s
 992140 916777   17.68485   48   41          -   19.17652      -   116 1965s
 995271 919754   18.61335   50   40          -   19.17384      -   116 1970s
 1002034 925762   17.52275   47   43          -   19.17085      -   116 1979s
 1005198 928538   18.46065   47   49          -   19.16886      -   116 1985s
 1008175 932214   18.36080   51   38          -   19.16708      -   116 1990s
 1012239 935411   18.95166   51   41          -   19.16521      -   116 1995s
 1015805 938696   17.69745   51   27          -   19.16287      -   116 2000s
 1019425 940946   18.98653   48   35          -   19.16048      -   116 2006s
 1021797 944480   11.83019   45   34          -   19.15819      -   116 2012s
 1025651 947915   13.28036   48   47          -   19.15810      -   116 2017s
 1029438 951234   19.06121   47   43          -   19.15641      -   116 2021s
 1033114 954356   18.80217   44   36          -   19.15431      -   116 2026s
 1036525 957406   18.05749   47   26          -   19.15365      -   116 2032s
 1039881 960282   17.63428   46   37          -   19.15234      -   116 2037s
 1043050 963780   18.45789   37   55          -   19.15057      -   116 2042s
 1046825 966996   18.89956   58   29          -   19.14901      -   116 2047s
 1050345 970265   18.64753   47   46          -   19.14735      -   116 2051s
 1053940 973316   18.95693   48   41          -   19.14504      -   116 2056s
 1057307 976580   18.37627   42   33          -   19.14307      -   116 2061s
 1060937 979484   18.04605   47   44          -   19.14147      -   116 2065s
 1064199 982607   15.99101   28   48          -   19.13833      -   116 2070s
 1067610 985540   18.50742   43   49          -   19.13629      -   116 2075s
 1070871 988783    9.64243   46   39          -   19.13397      -   116 2081s
 1074445 991873   19.04321   51   44          -   19.13175      -   116 2085s
 1077875 994679   18.74155   49   37          -   19.13040      -   116 2090s
 1080912 998098   19.12922   45   46          -   19.12922      -   116 2095s
 1084659 1000506   17.08865   48   44          -   19.12736      -   116 2103s
 1087292 1003805   18.80419   48   43          -   19.12572      -   116 2108s
 1090883 1006987   18.16076   46   39          -   19.12467      -   116 2112s
 1094373 1010392   18.90468   50   38          -   19.12403      -   116 2117s
 1098144 1013844   17.65468   49   41          -   19.12023      -   116 2122s
 1101975 1016845   18.91362   47   31          -   19.11908      -   116 2126s
 1105253 1019763   18.35548   58   27          -   19.11754      -   116 2130s
 1108442 1022680   18.26515   57   31          -   19.11631      -   116 2135s
 1114231 1027926   18.26861   41   54          -   19.11313      -   116 2143s
 1117300 1030892   18.00683   48   42          -   19.11253      -   116 2148s
 1120569 1034121   18.26407   48   41          -   19.11198      -   116 2152s
 1124123 1036725   17.46388   50   34          -   19.11196      -   116 2157s
 1126899 1039341   17.65188   51   30          -   19.10965      -   116 2162s
 1129763 1042622   17.62663   41   50          -   19.10927      -   116 2167s
 1133333 1045788   14.11964   48   38          -   19.10783      -   116 2171s
 1136776 1048718   19.10497   44   43          -   19.10710      -   116 2176s
 1139965 1051947   15.44688   50   45          -   19.10524      -   116 2180s
 1143513 1054961   19.10440   45   39          -   19.10446      -   116 2185s
 1146858 1057050   17.43169   46   31          -   19.10306      -   116 2190s
 1149109 1060268   18.71390   53   39          -   19.10209      -   116 2195s
 1152586 1063666   17.19230   47   31          -   19.10130      -   116 2200s
 1159807 1069958   19.05885   47   43          -   19.09950      -   116 2209s
 1163205 1073398   18.14370   50   32          -   19.09940      -   116 2214s
 1167024 1076462   16.26341   50   40          -   19.09871      -   116 2217s
 1170355 1079876   19.00677   50   44          -   19.09763      -   116 2221s
 1174091 1083074   18.93850   45   41          -   19.09615      -   116 2225s
 1177567 1086033   19.09551   50   35          -   19.09551      -   116 2230s
 1183858 1091952   19.09349   47   32          -   19.09349      -   116 2239s
 1187406 1094729   18.61242   51   40          -   19.09349      -   116 2242s
 1190446 1097276   18.62471   52   42          -   19.09140      -   116 2247s
 1193223 1100290   12.53663   49   33          -   19.09104      -   116 2251s
 1196518 1104438   18.62560   40   54          -   19.09005      -   116 2257s
 1201120 1107860   18.67883   48   41          -   19.08848      -   116 2262s
 1204924 1110039   16.62994   46   31          -   19.08695      -   116 2266s
 1207210 1112901   18.87084   39   56          -   19.08635      -   116 2270s
 1213822 1119753   16.96945   47   40          -   19.08572      -   116 2279s
 1217762 1122833   18.42099   46   38          -   19.08473      -   116 2283s
 1221144 1125749   11.18993   47   36          -   19.08324      -   116 2287s
 1224340 1129199   13.25139   46   37          -   19.08252      -   116 2291s
 1228197 1132008   18.93956   45   54          -   19.08150      -   116 2296s
 1231224 1135364   17.88505   38   53          -   19.08058      -   116 2301s
 1234910 1138636   19.08030   40   60          -   19.08058      -   116 2305s
 1238517 1141815   17.50052   47   39          -   19.07719      -   116 2310s
 1245251 1147856   17.69242   47   38          -   19.07534      -   116 2318s
 1248664 1150501   18.38962   37   42          -   19.07380      -   116 2323s
 1251476 1153933   19.07253   46   29          -   19.07253      -   116 2328s
 1255276 1156995   19.07240   49   44          -   19.07240      -   116 2331s
 1258680 1159829   19.06984   50   39          -   19.06987      -   116 2336s
 1261812 1162783   18.70524   54   39          -   19.06799      -   116 2340s
 1268368 1167343   17.69619   45   48          -   19.06515      -   116 2349s
 1270030 1169111   11.56294   47   40          -   19.06334      -   116 2357s
 1272063 1171080   16.45806   31   33          -   19.06203      -   116 2365s
 1274282 1172841   18.60927   42   40          -   19.06088      -   116 2374s
 1276189 1175344   18.61765   40   55          -   19.05892      -   116 2383s
 1278932 1178075   18.61293   49   42          -   19.05833      -   116 2391s
 1281949 1180726   17.05577   50   36          -   19.05706      -   116 2398s
 1284876 1184294   17.84031   46   52          -   19.05503      -   116 2407s
 1288806 1187288   19.04074   48   43          -   19.05364      -   116 2412s
 1292109 1188883   19.04536   40   44          -   19.05164      -   116 2419s
 1293795 1192151   18.81313   51   40          -   19.05030      -   116 2425s
 1297443 1195437   18.93894   48   41          -   19.04911      -   116 2431s
 1301015 1198928   15.81412   51   35          -   19.04787      -   116 2436s
 1304869 1202116   18.43289   41   59          -   19.04595      -   116 2441s
 1308377 1205424   18.68581   31   39          -   19.04437      -   116 2445s
 1312002 1208598   19.02469   49   33          -   19.04284      -   116 2450s
 1318823 1214030   18.73377   47   41          -   19.04011      -   116 2459s
 1321394 1217141   18.63395   40   55          -   19.04008      -   116 2463s
 1324753 1220571   18.47489   40   55          -   19.04008      -   116 2468s
 1328458 1223824   14.68906   49   43          -   19.03818      -   116 2473s
 1332095 1227034   17.83424   41   48          -   19.03570      -   116 2478s
 1335654 1230200   14.10256   47   42          -   19.03379      -   116 2482s
 1339107 1233402   17.38819   44   37          -   19.03251      -   116 2487s
 1342699 1236543   19.03130   48   38          -   19.03130      -   116 2492s
 1346181 1239727   18.25222   51   38          -   19.02984      -   116 2497s
 1349656 1242755   18.90497   49   33          -   19.02913      -   116 2502s
 1352982 1245639   17.15226   42   37          -   19.02746      -   116 2506s
 1356089 1248925   16.42459   44   42          -   19.02703      -   116 2511s
 1359733 1251985   17.62813   50   44          -   19.02601      -   116 2515s
 1363080 1254694   16.84242   49   38          -   19.02445      -   116 2520s
 1366049 1257991   19.02059   43   33          -   19.02343      -   116 2525s
 1369729 1261098   18.63296   33   41          -   19.02205      -   116 2530s
 1373195 1263847   17.25030   35   40          -   19.02081      -   116 2535s
 1376258 1267332   18.79785   46   41          -   19.01988      -   116 2540s
 1380031 1270951   16.26094   52   35          -   19.01899      -   116 2545s
 1384039 1273850   17.76884   48   46          -   19.01791      -   116 2550s
 1387130 1276748   11.77469   41   38          -   19.01625      -   116 2555s
 1390358 1279566   18.09281   42   51          -   19.01486      -   116 2560s
 1393433 1282618   15.56067   36   32          -   19.01406      -   116 2565s
 1396744 1285884   18.11562   50   39          -   19.01260      -   116 2570s
 1403944 1292093   18.28768   50   40          -   19.01018      -   116 2580s
 1407313 1295377   17.60152   46   45          -   19.00865      -   116 2585s
 1410943 1298714   17.28951   52   43          -   19.00725      -   116 2590s
 1414637 1301786   17.66727   48   42          -   19.00546      -   116 2595s
 1418010 1304583   18.57707   44   36          -   19.00483      -   116 2600s
 1421033 1307413   18.40278   47   43          -   19.00483      -   116 2605s
 1424205 1310226   18.67837   43   49          -   19.00271      -   116 2610s
 1430476 1316245   18.91120   39   39          -   19.00113      -   116 2619s
 1433811 1317969   15.60171   43   45          -   19.00113      -   116 2627s
 1435587 1323669   16.73886   33   43          -   18.99908      -   116 2636s
 1441926 1327240   16.44542   53   43          -   18.99753      -   116 2642s
 1445783 1331190   18.87126   41   57          -   18.99644      -   116 2648s
 1450136 1334085   18.32704   45   41          -   18.99471      -   116 2653s
 1453354 1337587   17.98286   47   42          -   18.99396      -   116 2658s
 1457235 1340574   14.92093   36   35          -   18.99284      -   116 2663s
 1460574 1343831   18.54090   47   54          -   18.99135      -   116 2668s
 1464158 1346563   18.41272   54   29          -   18.99007      -   116 2674s
 1467172 1349782   14.49742   47   49          -   18.99007      -   116 2679s
 1470685 1353103   18.70490   41   55          -   18.98982      -   116 2684s
 1474345 1356365   18.43850   47   49          -   18.98742      -   116 2689s
 1477972 1360081   17.09844   48   49          -   18.98618      -   116 2695s
 1485907 1366521   15.11230   26   45          -   18.98327      -   116 2704s
 1489188 1369374   18.19021   51   38          -   18.98200      -   116 2709s
 1492389 1372260   18.96566   39   44          -   18.98082      -   116 2714s
 1495580 1375477   17.23912   51   43          -   18.97974      -   116 2719s
 1499165 1378388   15.31163   48   44          -   18.97825      -   116 2724s
 1502293 1381116   16.68332   61   25          -   18.97714      -   116 2729s
 1505285 1384115   18.69279   51   44          -   18.97638      -   116 2734s
 1508622 1387486   18.71387   40   34          -   18.97542      -   116 2739s
 1512289 1390760   17.18021   49   49          -   18.97438      -   116 2743s
 1515859 1393597   13.35362   52   37          -   18.97341      -   116 2748s
 1518923 1396552   18.79071   46   39          -   18.97261      -   116 2753s
 1522179 1399643   18.68068   39   51          -   18.97158      -   116 2758s
 1525525 1402379   17.45462   51   33          -   18.97067      -   116 2764s
 1528545 1405924   18.82852   38   34          -   18.96922      -   116 2769s
 1532475 1408918   18.03709   48   21          -   18.96801      -   116 2774s
 1535767 1411934   15.87556   51   45          -   18.96696      -   116 2779s
 1539104 1415118   17.46765   34   32          -   18.96553      -   116 2784s
 1542674 1418116   15.83642   52   30          -   18.96499      -   116 2789s
 1545966 1421123   17.58699   52   39          -   18.96439      -   116 2795s
 1549203 1423980   18.92120   51   45          -   18.96376      -   116 2800s
 1552378 1426945   17.89948   42   44          -   18.96272      -   116 2805s
 1555556 1430287   17.44224   52   32          -   18.96183      -   116 2810s
 1559261 1432217   14.30879   46   43          -   18.96151      -   116 2817s
 1561330 1435770   18.43726   45   41          -   18.96151      -   116 2823s
 1565280 1439044   18.93846   48   39          -   18.95861      -   116 2828s
 1568897 1442036   18.15904   54   39          -   18.95707      -   116 2833s
 1572225 1444995   18.95309   41   24          -   18.95584      -   116 2837s
 1575511 1448149   18.73594   49   46          -   18.95537      -   116 2842s
 1579013 1451307   18.52849   50   48          -   18.95393      -   116 2847s
 1582542 1454471   14.37901   45   28          -   18.95309      -   116 2852s
 1586006 1457660   15.44085   46   21          -   18.95129      -   116 2858s
 1589508 1460503   17.42320   52   38          -   18.95003      -   116 2862s
 1592560 1463401   18.39668   44   47          -   18.94950      -   116 2867s
 1595660 1466548   18.27795   49   39          -   18.94885      -   116 2872s
 1599202 1469748   18.56894   45   30          -   18.94787      -   116 2877s
 1602775 1472886   17.99274   42   53          -   18.94634      -   116 2882s
 1606282 1475582   18.19983   48   50          -   18.94549      -   116 2887s
 1609266 1478711   18.94496   56   21          -   18.94496      -   116 2892s
 1612767 1481704   10.64882   48   36          -   18.94365      -   116 2896s
 1615993 1484917   18.09546   41   54          -   18.94208      -   116 2901s
 1619581 1487556   16.36224   51   37          -   18.94123      -   116 2906s
 1622432 1490917   18.89466   36   47          -   18.93981      -   116 2910s
 1629606 1497004   17.82500   51   35          -   18.93778      -   116 2919s
 1632961 1499883   18.78801   51   32          -   18.93687      -   116 2923s
 1636142 1502435   17.86050   50   42          -   18.93561      -   116 2927s
 1638931 1505437   18.49412   46   54          -   18.93464      -   116 2931s
 1642230 1508742   18.54326   48   31          -   18.93327      -   116 2935s
 1645829 1511150   18.54506   48   32          -   18.93233      -   116 2940s
 1648396 1514575   17.43945   43   52          -   18.93214      -   116 2946s
 1652216 1517199   16.29575   50   44          -   18.93141      -   116 2954s
 1654980 1520422   17.86050   40   50          -   18.93098      -   117 2960s
 1658492 1524069   18.08308   41   49          -   18.93098      -   117 2966s
 1662453 1527697   18.10201   51   41          -   18.92981      -   117 2971s
 1666436 1530971   18.56382   41   48          -   18.92894      -   117 2977s
 1670031 1534301   17.99343   53   39          -   18.92712      -   117 2982s
 1673720 1537795   18.69390   49   39          -   18.92622      -   117 2988s
 1677664 1541321   18.49637   44   42          -   18.92486      -   117 2993s
 1681583 1544117   18.89275   53   33          -   18.92384      -   117 2997s
 1684655 1547061   18.91937   41   55          -   18.92306      -   117 3002s
 1687836 1550174   18.86035   41   42          -   18.92215      -   117 3006s
 1691217 1552858   18.89427   43   40          -   18.92141      -   117 3011s
 1694170 1555708   18.71365   45   53          -   18.92121      -   117 3015s
 1697330 1558598   18.75839   46   36          -   18.91936      -   117 3020s
 1700537 1561140   17.52113   53   31          -   18.91776      -   117 3025s
 1703379 1564317   18.62904   47   51          -   18.91681      -   117 3030s
 1706939 1567364   18.64539   52   45          -   18.91512      -   117 3035s
 1710278 1570620   11.68017   50   29          -   18.91382      -   117 3040s
 1717476 1576278   18.70509   53   35          -   18.91097      -   117 3050s
 1720103 1579405   17.94820   48   40          -   18.90973      -   117 3055s
 1723581 1582238   18.58517   55   31          -   18.90881      -   117 3060s
 1726721 1585118   12.07458   55   27          -   18.90718      -   117 3065s
 1733438 1591501   17.23814   48   40          -   18.90514      -   117 3074s
 1736984 1594774   18.66868   42   37          -   18.90393      -   117 3079s
 1740606 1597731   18.54325   49   26          -   18.90269      -   117 3083s
 1743874 1600681   18.60621   52   38          -   18.90269      -   117 3088s
 1747132 1603393   18.90163   46   44          -   18.90163      -   117 3093s
 1750102 1606466   17.66995   35   41          -   18.89953      -   117 3098s
 1753425 1609358   18.89910   40   40          -   18.89910      -   117 3102s
 1756569 1612707   16.74465   49   44          -   18.89804      -   117 3107s
 1760249 1615607   17.67184   53   34          -   18.89706      -   117 3112s
 1763380 1618337   17.81353   45   46          -   18.89638      -   117 3116s
 1766364 1621936   18.82873   52   35          -   18.89506      -   117 3121s
 1770387 1624796   18.58536   46   36          -   18.89344      -   117 3126s
 1773546 1626958   18.85814   46   49          -   18.89272      -   117 3130s
 1775868 1629900   18.47471   42   43          -   18.89272      -   117 3135s
 1782559 1636184   18.74299   45   49          -   18.88958      -   117 3144s
 1786073 1639163   18.49927   51   46          -   18.88836      -   117 3149s
 1789361 1641940   17.96635   59   29          -   18.88681      -   116 3153s
 1792403 1644864   16.07090   43   41          -   18.88607      -   117 3157s
 1795610 1648041   10.14825   48   41          -   18.88465      -   117 3162s
 1799173 1650985   17.87216   45   47          -   18.88350      -   117 3167s
 1802417 1654019   18.88245   51   18          -   18.88245      -   116 3172s
 1805782 1656862   16.92613   49   32          -   18.88133      -   116 3176s
 1808805 1659686   17.64103   47   39          -   18.88075      -   117 3181s
 1811881 1663035   18.26667   43   47          -   18.88015      -   117 3186s
 1815608 1666459   17.33992   47   36          -   18.87970      -   116 3191s
 1819353 1669391   18.86780   40   40          -   18.87883      -   116 3196s
 1822598 1672541   18.72564   44   51          -   18.87883      -   116 3200s
 1826038 1675515   15.92662   53   32          -   18.87724      -   116 3205s
 1829294 1678651   17.72250   44   42          -   18.87633      -   116 3210s
 1832723 1681171   16.59662   43   46          -   18.87615      -   116 3215s
 1835428 1684563   18.47475   40   53          -   18.87541      -   116 3220s
 1839191 1688014   18.16528   48   53          -   18.87422      -   116 3225s
 1842967 1691005   18.14592   48   40          -   18.87285      -   116 3230s
 1846238 1694132   13.43972   53   33          -   18.87197      -   116 3235s
 1849630 1696161   15.19386   43   51          -   18.87114      -   117 3242s
 1851789 1699574   18.87114   42   38          -   18.87114      -   117 3247s
 1855574 1702684   18.87114   44   40          -   18.87114      -   117 3252s
 1859071 1705520   17.69116   46   42          -   18.86841      -   117 3257s
 1862178 1708408   17.54763   44   48          -   18.86723      -   117 3262s
 1865383 1711785   18.37660   48   47          -   18.86626      -   117 3266s
 1869103 1714664   16.81615   33   41          -   18.86463      -   117 3271s
 1872221 1717456   18.47598   48   35          -   18.86364      -   117 3276s
 1875178 1720482   18.71834   44   44          -   18.86326      -   117 3281s
 1878528 1723965   17.89303   25   52          -   18.86267      -   117 3285s
 1882352 1727048   18.37261   52   37          -   18.86208      -   117 3290s
 1885802 1730201   18.35244   50   35          -   18.86038      -   117 3295s
 1889262 1733547   17.53591   48   42          -   18.85975      -   117 3300s
 1892986 1736688   18.36233   51   41          -   18.85852      -   117 3305s
 1899716 1742552   18.26194   40   45          -   18.85676      -   117 3314s
 1902930 1745437   17.14111   52   39          -   18.85599      -   116 3318s
 1906097 1748310   12.47725   47   41          -   18.85581      -   116 3322s
 1909288 1751185   18.29153   50   38          -   18.85416      -   116 3327s
 1912458 1754152   18.37228   49   39          -   18.85323      -   116 3332s
 1915777 1757117   18.77430   52   39          -   18.85214      -   116 3337s
 1919057 1759919   18.33120   50   46          -   18.85083      -   116 3342s
 1922142 1762823   17.94281   46   49          -   18.84979      -   117 3347s
 1925278 1766216   16.81192   50   21          -   18.84874      -   117 3353s
 1929064 1769715   17.85195   47   34          -   18.84786      -   117 3358s
 1932960 1772619   18.09290   48   39          -   18.84673      -   116 3363s
 1936085 1775182   17.88256   48   42          -   18.84673      -   117 3368s
 1938831 1778565   17.01520   49   43          -   18.84539      -   117 3376s
 1942585 1781634   18.79491   42   56          -   18.84452      -   117 3381s
 1945937 1784478   16.32141   39   58          -   18.84404      -   117 3386s
 1949045 1787970   17.89054   52   40          -   18.84308      -   117 3391s
 1952977 1790925   16.24621   50   36          -   18.84201      -   117 3396s
 1956275 1793799   17.31971   42   48          -   18.84068      -   117 3401s
 1959436 1796703   15.01392   29   46          -   18.83969      -   117 3405s
 1962607 1799860   17.76007   49   41          -   18.83900      -   117 3410s
 1966005 1803138   16.73775   42   48          -   18.83854      -   117 3415s
 1969654 1805971   18.12058   47   36          -   18.83737      -   117 3421s
 1972801 1808961   17.92952   43   50          -   18.83667      -   117 3426s
 1976074 1812259   17.42318   47   34          -   18.83583      -   117 3431s
 1979738 1814888   17.22529   44   42          -   18.83583      -   117 3436s
 1982605 1817643   18.46755   47   47          -   18.83374      -   117 3440s
 1985618 1820720   18.44700   51   39          -   18.83365      -   117 3445s
 1989019 1823886   12.74990   45   40          -   18.83219      -   117 3451s
 1992545 1826744   17.47424   43   39          -   18.83138      -   117 3456s
 1995711 1829627   18.83036   41   27          -   18.83036      -   117 3462s
 1998870 1832272   16.81566   45   47          -   18.83036      -   117 3466s
 2001721 1835575   18.29109   40   50          -   18.82925      -   117 3471s
 2005371 1838728   18.82587   49   31          -   18.82815      -   117 3476s
 2008879 1841762   18.56693   49   43          -   18.82760      -   117 3481s
 2012239 1844507   17.55051   49   41          -   18.82604      -   117 3485s
 2015313 1847673   18.35925   39   57          -   18.82485      -   117 3490s
 2018824 1850404   18.58941   50   44          -   18.82348      -   117 3497s
 2021871 1853514   18.77778   51   41          -   18.82246      -   117 3501s
 2025325 1856421   15.43769   53   34          -   18.82156      -   117 3506s
 2028474 1859479   18.53580   47   53          -   18.82156      -   117 3511s
 2031796 1862363   18.41959   50   36          -   18.82017      -   117 3515s
 2034967 1865263   17.43115   49   39          -   18.81951      -   117 3520s
 2038164 1868497   18.00168   47   47          -   18.81903      -   117 3525s
 2041741 1870683    9.80123   48   37          -   18.81769      -   117 3531s
 2044107 1874224   18.33388   49   36          -   18.81676      -   117 3536s
 2047917 1877193   18.08935   50   32          -   18.81580      -   117 3541s
 2051215 1879885   18.66658   42   55          -   18.81496      -   117 3546s
 2054091 1882924   18.53410   43   58          -   18.81496      -   117 3551s
 2057418 1886208   18.26374   46   45          -   18.81392      -   117 3556s
 2061107 1889615   14.38982   47   36          -   18.81261      -   117 3561s
 2064914 1892720   17.15094   28   51          -   18.81178      -   117 3566s
 2068335 1895281   17.28432   44   53          -   18.81047      -   117 3573s
 2071070 1898440   16.72452   36   32          -   18.80978      -   117 3578s
 2074542 1901579   18.38423   55   31          -   18.80916      -   117 3583s
 2078008 1904499   18.80108   49   31          -   18.80799      -   117 3588s
 2081225 1907816   18.80712   52   22          -   18.80712      -   117 3593s
 2084856 1911155   18.58479   54   33          -   18.80700      -   117 3598s
 2088574 1914118   18.27779   47   36          -   18.80592      -   117 3602s
 2091863 1917137   17.21849   53   38          -   18.80489      -   117 3608s
 2095236 1920200   18.80362   46   32          -   18.80379      -   117 3613s
 2098647 1922603   17.25784   48   48          -   18.80362      -   117 3618s
 2101200 1925965   18.26811   49   28          -   18.80248      -   117 3624s
 2104841 1929380   17.37229   47   31          -   18.80181      -   117 3628s
 2108608 1932721   18.62919   42   43          -   18.80102      -   117 3633s
 2112305 1935633   13.56672   43   53          -   18.80028      -   117 3638s
 2115477 1938476   17.36241   47   44          -   18.79892      -   117 3643s
 2118524 1941619   18.37427   41   52          -   18.79869      -   117 3647s
 2121943 1944568   18.15736   44   29          -   18.79742      -   117 3652s
 2125250 1947409   18.48841   48   41          -   18.79647      -   117 3657s
 2128383 1950369   16.24336   47   48          -   18.79544      -   117 3663s
 2131703 1953615   18.03233   48   46          -   18.79452      -   117 3668s
 2135331 1956952   16.99776   52   32          -   18.79362      -   117 3673s
 2139048 1959611   17.79408   46   54          -   18.79310      -   117 3679s
 2141969 1962839   16.79154   44   42          -   18.79287      -   117 3684s
 2145537 1965960   18.63705   50   42          -   18.79168      -   117 3689s
 2148940 1969150   17.68018   48   44          -   18.79074      -   117 3694s
 2152497 1972175   18.65256   47   25          -   18.78993      -   117 3698s
 2155822 1975310   18.45136   46   52          -   18.78914      -   117 3704s
 2159270 1976690   18.77109   46   46          -   18.78849      -   117 3711s
 2160661 1980395   14.38428   45   37          -   18.78814      -   117 3717s
 2164765 1983858   16.30008   30   38          -   18.78753      -   117 3722s
 2168587 1987105   17.17684   49   41          -   18.78667      -   117 3727s
 2172258 1990364   18.51100   42   34          -   18.78601      -   117 3732s
 2175862 1993494   17.94526   51   39          -   18.78517      -   117 3738s
 2179315 1996671   18.54729   52   39          -   18.78477      -   117 3743s
 2182881 1999680   18.76067   43   61          -   18.78403      -   117 3748s
 2186210 2002356   17.41204   52   45          -   18.78330      -   117 3754s
 2189119 2005498   18.75316   40   59          -   18.78282      -   117 3759s
 2192656 2008502   18.72491   36   46          -   18.78212      -   117 3765s
 2195939 2011504   18.25609   39   46          -   18.78170      -   117 3770s
 2199199 2015161   15.83150   41   53          -   18.78170      -   117 3775s
 2203271 2018806   18.53636   46   44          -   18.78108      -   117 3781s
 2207329 2021980   18.74017   48   44          -   18.77947      -   117 3786s
 2210874 2024914   11.50006   42   40          -   18.77848      -   117 3790s
 2214024 2028316   17.44949   49   46          -   18.77799      -   117 3795s
 2217789 2031658   17.54569   53   29          -   18.77702      -   117 3800s
 2221447 2034809   18.40668   47   33          -   18.77598      -   117 3805s
 2228142 2040183   18.42500   47   37          -   18.77421      -   117 3813s
 2230904 2043104    8.30087   23   34          -   18.77349      -   117 3818s
 2234186 2045912   17.89015   36   47          -   18.77295      -   117 3825s
 2240371 2048792   17.95450   48   29          -   18.77087      -   117 3838s
 2240403 2048824   18.77025   42   45          -   18.77025      -   117 3848s
 2240435 2048856   18.76510   43   49          -   18.77025      -   117 3858s
 2240467 2048888   18.72001   54   35          -   18.77010      -   117 3868s
 2240499 2048920   17.07782   51   39          -   18.76862      -   117 3880s
 2240531 2048952   18.41054   50   30          -   18.76832      -   117 3891s
 2240563 2048984   18.76832   51   29          -   18.76832      -   117 3901s
 2240595 2049016   16.94533   52   36          -   18.76832      -   117 3913s
 2240627 2049048   17.69288   53   36          -   18.76832      -   117 3923s
 2240659 2049080   16.61698   50   37          -   18.76651      -   117 3937s
 2240691 2049112   18.26667   53   31          -   18.76605      -   117 3960s
 2240723 2049144   18.09630   47   48          -   18.76551      -   117 3979s
 2240755 2049176   18.62505   48   49          -   18.76551      -   117 3990s
 2240787 2049208   18.35342   42   59          -   18.76483      -   117 4006s
 2240819 2049240   18.76475   46   24          -   18.76475      -   117 4023s
 2240851 2049272   18.76475   47   27          -   18.76475      -   117 4041s
 2240883 2049304   18.76475   48   27          -   18.76475      -   117 4069s
 2240915 2049336   18.76475   49   27          -   18.76475      -   117 4081s
 2240947 2049368   17.82475   50   41          -   18.76475      -   117 4102s
 2240979 2049400   17.43256   51   38          -   18.76475      -   117 4116s
 2241011 2049432   18.49134   52   37          -   18.76475      -   117 4132s
 2241043 2049464   15.76763   54   30          -   18.76228      -   117 4146s
 2241075 2049496   17.23766   55   34          -   18.76228      -   117 4159s
 2241107 2049528   18.76092   54   23          -   18.76092      -   117 4174s
 2241139 2049560   15.64510   55   26          -   18.76092      -   117 4188s
 2241171 2049592   18.76092   56   23          -   18.76092      -   117 4213s
 2241203 2049624   18.75889   57   27          -   18.76092      -   117 4232s
 2241235 2049823   15.99340   50   42          -   18.75958      -   117 4247s
 2241449 2049991   17.92776   46   46          -   18.75901      -   117 4266s
 2241617 2050498   18.43816   50   38          -   18.75898      -   117 4280s
 2242192 2051101   16.89983   51   41          -   18.75898      -   117 4295s
 2242880 2052022   18.12028   48   39          -   18.75734      -   117 4313s
 2243886 2053385   18.75730   52   26          -   18.75730      -   117 4330s
 2245425 2054653   15.98562   41   55          -   18.75598      -   117 4349s
 2246786 2055831   17.68771   47   54          -   18.75523      -   117 4359s
 2248084 2059285   18.62785   43   43          -   18.75455      -   117 4380s
 2252120 2062271   18.66618   37   48          -   18.75361      -   117 4399s
 2255499 2066216   16.98458   56   37          -   18.75261      -   117 4416s
 2260039 2069396   18.75026   46   45          -   18.75230      -   117 4431s
 2263614 2073612   16.64049   48   43          -   18.75230      -   117 4445s
 2268495 2077986   13.80458   47   40          -   18.75009      -   117 4457s
 2273406 2081818   13.95746   40   47          -   18.74910      -   117 4468s
 2277741 2083849   15.75693   50   29          -   18.74757      -   117 4475s
 2279958 2087497   10.27544   46   45          -   18.74691      -   117 4486s
 2284117 2091391   18.07906   44   44          -   18.74629      -   117 4495s
 2288472 2095121   16.99451   56   31          -   18.74547      -   117 4507s
 2292558 2095994   18.16407   43   41          -   18.74499      -   117 4519s
 2293443 2099303   15.49025   49   30          -   18.74337      -   117 4527s
 2297115 2102951   15.61703   51   38          -   18.74283      -   117 4534s
 2301244 2106660   18.71764   52   33          -   18.74193      -   117 4540s
 2305440 2109708   18.74186   52   20          -   18.74186      -   117 4547s
 2308869 2112706   17.07967   42   42          -   18.74092      -   117 4553s
 2312219 2115802   18.55291   49   39          -   18.74018      -   117 4559s
 2315628 2118901   16.81784   50   45          -   18.73890      -   117 4565s
 2319037 2121827   18.62542   47   41          -   18.73828      -   117 4570s
 2322349 2124953   18.72813   48   45          -   18.73828      -   117 4576s
 2325799 2127667   18.60696   46   43          -   18.73665      -   117 4582s
 2328749 2130707   18.59689   47   45          -   18.73595      -   117 4589s
 2332207 2133925   18.04821   50   46          -   18.73473      -   117 4595s
 2335802 2136738   17.85823   47   47          -   18.73373      -   117 4600s
 2338938 2139916   18.53340   37   50          -   18.73322      -   117 4607s
 2342548 2141040   18.69787   50   36          -   18.73199      -   117 4615s
 2343775 2142954   18.72102   44   38          -   18.73137      -   117 4624s
 2345907 2145526   17.00782   47   38          -   18.73073      -   117 4634s
*2347993 2036895              89       2.4639811   18.73068   660%   117 4635s
*2347997 2036459              89       2.4667237   18.73068   659%   117 4635s
 2348801 2040536   18.63968   45   43    2.46672   18.73068   659%   117 4644s
 2353041 2044388   18.69025   48   39    2.46672   18.72799   659%   117 4654s
 2356893 2048533   18.72543   44   40    2.46672   18.72543   659%   117 4663s
 2361038 2052560   18.55818   47   47    2.46672   18.72361   659%   117 4672s
 2365065 2055805   18.28859   47   52    2.46672   18.71933   659%   117 4680s
 2368310 2058548   18.33843   43   48    2.46672   18.71617   659%   117 4688s
 2371053 2062308   18.70991   44   44    2.46672   18.70991   658%   117 4698s
 2374813 2062373   18.70727   50   24    2.46672   18.70727   658%   117 4711s
H2374821 2036827                       2.6322042   18.70727   611%   117 4712s
H2374841 2025857                       2.7040631   18.70727   592%   117 4713s
H2374845 2020061                       2.7432876   18.70727   582%   117 4713s
 2374878 2020125   18.61602   51   39    2.74329   18.70727   582%   117 4727s
H2374880 1970560                       3.0799566   18.70727   507%   117 4727s
 2374942 1970630   18.37237   50   41    3.07996   18.70727   507%   117 4742s
H2374955 1964892                       3.1202803   18.70727   500%   117 4742s
H2374959 1963048                       3.1328610   18.70727   497%   117 4742s
H2374965 1956657                       3.1762829   18.70727   489%   117 4742s
 2375012 1960964   18.69843   52   40    3.17628   18.70727   489%   117 4752s
 2379319 1961876   18.46495   51   36    3.17628   18.70267   489%   117 4766s
H2379426 1960177                       3.1881702   18.70252   487%   117 4766s
 2380231 1964100   17.41094   47   38    3.18817   18.70252   487%   117 4777s
 2384154 1964986   18.69649   40   47    3.18817   18.69649   486%   117 4791s
H2384155 1951312                       3.2813302   18.69649   470%   117 4791s
 2385040 1956212   16.97146   41   50    3.28133   18.69649   470%   117 4803s
 2389942 1957218   18.44761   39   51    3.28133   18.68945   470%   117 4817s
H2389943 1955043                       3.2964049   18.68945   467%   117 4818s
 2390948 1956592   18.68945   40   47    3.29640   18.68945   467%   117 4832s
H2391137 1956592                       3.2964069   18.68945   467%   117 4832s
H2392230 1955492                       3.3039358   18.68945   466%   117 4832s
 2392497 1960891   17.97549   41   47    3.30394   18.68945   466%   117 4845s
 2397896 1961467   16.88667   46   49    3.30394   18.68499   466%   117 4855s
H2398372 1916921                       3.6206224   18.68300   416%   117 4856s
 2398472 1931090   18.63698   48   48    3.62062   18.68300   416%   117 4901s
 2412647 1932147   18.66945   42   53    3.62062   18.67368   416%   117 4916s
H2413343 1928048                       3.6500965   18.67368   412%   117 4917s
 2413704 1933629   18.15521   42   53    3.65010   18.67368   412%   117 4929s
 2419287 1935419   18.66076   36   43    3.65010   18.66076   411%   117 4945s
H2419370 1935419                       3.6500965   18.66076   411%   117 4945s
 2421077 1936707   17.73077   40   53    3.65010   18.66076   411%   117 4961s
H2421080 1930756                       3.6929934   18.66076   405%   117 4961s
H2421394 1925717                       3.7300458   18.66076   400%   117 4961s
 2422365 1931903   17.67159   40   46    3.73005   18.66076   400%   117 4975s
 2428551 1932236   18.50937   54   34    3.73005   18.65197   400%   117 4987s
H2428793 1903062                       3.9339094   18.64762   374%   117 4987s
 2428884 1934689   17.91643   55   31    3.93391   18.64748   374%   117 5061s
 2460517 1935603   10.55209   41   45    3.93391   18.62375   373%   117 5074s
H2460580 1935603                       3.9339095   18.62366   373%   117 5075s
 2461433 1944345   18.00821   53   38    3.93391   18.62331   373%   117 5105s
H2464166 1944345                       3.9339095   18.62308   373%   117 5105s
H2464689 1944345                       3.9339095   18.62304   373%   117 5105s
H2470175 1946727                       3.9339095   18.61987   373%   117 5120s
 2472557 1947293   18.50332   40   55    3.93391   18.61682   373%   117 5137s
H2472575 1947293                       3.9339095   18.61682   373%   117 5138s
H2472976 1947293                       3.9339095   18.61682   373%   117 5138s
H2472979 1945026                       3.9493192   18.61682   371%   117 5138s
 2473123 1950923   18.61682   41   53    3.94932   18.61682   371%   117 5153s
 2479024 1953433   18.60427   44   47    3.94932   18.60427   371%   117 5167s
H2481534 1955911                       3.9493192   18.60427   371%   117 5182s
H2482459 1955911                       3.9493192   18.60369   371%   117 5183s
 2484012 1957927   18.01084   51   31    3.94932   18.60369   371%   117 5199s
H2485874 1957927                       3.9493192   18.60308   371%   117 5200s
 2486028 1961453   17.51092   43   56    3.94932   18.60308   371%   117 5217s
H2486803 1961453                       3.9493194   18.60125   371%   117 5217s
 2489556 1963121   18.08775   50   44    3.94932   18.59883   371%   117 5226s
H2491224 1966926                       3.9493197   18.59704   371%   117 5244s
 2495029 1969493   16.45519   57   28    3.94932   18.59499   371%   117 5260s
H2495223 1969493                       3.9493197   18.59499   371%   117 5260s
H2496476 1969493                       3.9493197   18.59499   371%   117 5261s
 2497596 1973216   17.94641   58   30    3.94932   18.59499   371%   117 5279s
H2498320 1973216                       3.9493197   18.59204   371%   117 5279s
H2500739 1973216                       3.9493197   18.59095   371%   117 5279s
 2501323 1978404   18.45240   47   52    3.94932   18.59044   371%   117 5296s
H2506513 1981107                       3.9493199   18.58685   371%   117 5311s
H2507495 1980837                       3.9510798   18.58308   370%   117 5312s
 2509216 1984019   18.46668   45   37    3.95108   18.58175   370%   117 5328s
H2511019 1984019                       3.9510798   18.58067   370%   117 5329s
 2512398 1985922   11.48675   42   38    3.95108   18.57932   370%   117 5345s
H2512583 1985922                       3.9510798   18.57910   370%   117 5345s
H2512797 1985922                       3.9510798   18.57830   370%   117 5345s
H2513904 1985922                       3.9510804   18.57759   370%   117 5345s
 2514301 1989231   16.76599   52   30    3.95108   18.57707   370%   117 5363s
H2514827 1953011                       4.2056412   18.57657   342%   117 5363s
 2517610 1955829   17.63316   50   49    4.20564   18.57404   342%   117 5381s
H2518280 1955824                       4.2056859   18.57262   342%   117 5382s
H2518496 1955789                       4.2058958   18.57203   342%   117 5382s
H2518498 1948184                       4.2594857   18.57195   336%   117 5382s
 2520432 1949987   18.57180   42   61    4.25949   18.57195   336%   117 5391s
 2522235 1953555   16.68377   43   56    4.25949   18.56993   336%   117 5407s
H2525592 1953555                       4.2594857   18.56834   336%   117 5407s
H2525802 1953555                       4.2594857   18.56823   336%   117 5407s
 2525803 1958899   18.24280   54   32    4.25949   18.56798   336%   117 5422s
H2527697 1958899                       4.2594868   18.56736   336%   117 5422s
 2531147 1961008   14.97823   41   26    4.25949   18.56239   336%   117 5435s
H2532321 1960952                       4.2597929   18.55937   336%   117 5436s
H2532451 1960945                       4.2598176   18.55908   336%   117 5436s
 2533256 1966523   16.83725   48   47    4.25982   18.55872   336%   117 5448s
 2538834 1967828   17.20207   49   39    4.25982   18.55563   336%   117 5460s
H2538840 1951714                       4.3709582   18.55396   324%   117 5461s
H2539701 1950282                       4.3810403   18.55319   323%   117 5461s
 2540139 1954717   14.51096   46   37    4.38104   18.55319   323%   117 5473s
 2544576 1956305   16.37568   43   40    4.38104   18.55020   323%   117 5487s
 2546166 1958418   18.28902   42   36    4.38104   18.54760   323%   117 5502s
H2546522 1958418                       4.3810403   18.54758   323%   117 5502s
H2546531 1958417                       4.3810420   18.54746   323%   117 5502s
 2548279 1960863   18.54711   45   32    4.38104   18.54711   323%   117 5518s
 2550725 1962702   18.37893   46   31    4.38104   18.54711   323%   117 5526s
 2552564 1967583   18.54373   38   34    4.38104   18.54373   323%   117 5540s
 2557446 1971585   18.33842   49   44    4.38104   18.54149   323%   118 5552s
 2561450 1975507   16.63571   42   54    4.38104   18.53437   323%   118 5562s
 2565378 1979898   18.53285   37   41    4.38104   18.53285   323%   118 5573s
 2569773 1983736   17.51001   53   36    4.38104   18.52805   323%   118 5582s
 2573611 1987322   13.81916   52   31    4.38104   18.52264   323%   118 5592s
 2577197 1991380   17.72027   45   39    4.38104   18.52050   323%   118 5602s
 2581255 1994371   18.23704   47   48    4.38104   18.51637   323%   118 5611s
 2584246 1998508   16.93895   53   31    4.38104   18.51214   323%   118 5620s
 2588383 2002477   17.31229   48   41    4.38104   18.51153   323%   118 5629s
 2592352 2006133   18.14180   49   43    4.38104   18.50954   322%   118 5638s
 2596008 2009172   18.05698   53   30    4.38104   18.50458   322%   118 5647s
 2599047 2012812   17.29061   29   50    4.38104   18.50027   322%   118 5656s
 2602689 2016377   18.27584   45   52    4.38104   18.49680   322%   118 5665s
 2606254 2020138   17.43132   49   31    4.38104   18.49392   322%   118 5673s
 2610019 2023678   18.30920   45   52    4.38104   18.49252   322%   118 5682s
 2613559 2026298   11.07461   47   30    4.38104   18.48864   322%   118 5690s
 2616179 2030526   17.98939   38   40    4.38104   18.48502   322%   118 5700s
 2620407 2034464   18.39181   49   46    4.38104   18.48245   322%   118 5709s
 2624347 2038401   17.46544   51   35    4.38104   18.47949   322%   118 5718s
 2628286 2041787   17.87951   43   43    4.38104   18.47714   322%   118 5727s
 2631672 2045576   17.14831   44   53    4.38104   18.47604   322%   118 5736s
 2635463 2049360   16.34187   49   43    4.38104   18.47153   322%   118 5744s
 2639247 2052770   17.93248   48   47    4.38104   18.46873   322%   118 5753s
 2642657 2055968   18.46058   45   38    4.38104   18.46601   321%   118 5761s
 2645857 2059011   17.42567   45   48    4.38104   18.46277   321%   118 5770s
 2648904 2062739   18.16694   44   50    4.38104   18.46188   321%   118 5779s
 2652632 2066662   18.13400   50   51    4.38104   18.45855   321%   118 5788s
 2656557 2070215   18.44242   50   34    4.38104   18.45676   321%   118 5797s
 2660110 2074047   18.39836   49   50    4.38104   18.45242   321%   118 5806s
 2663944 2076540   18.24650   44   54    4.38104   18.44945   321%   118 5817s
 2666437 2080854   10.78439   48   29    4.38104   18.44735   321%   118 5826s
 2670751 2084661   18.37954   43   50    4.38104   18.44463   321%   118 5836s
 2674560 2087672   18.06183   50   39    4.38104   18.44372   321%   118 5843s
 2677573 2091535   17.93389   53   40    4.38104   18.44121   321%   118 5853s
 2681436 2095076   18.43872   42   45    4.38104   18.43872   321%   118 5861s
 2684989 2098859   17.67335   54   32    4.38104   18.43537   321%   118 5871s
 2688772 2102785   17.75316   43   44    4.38104   18.43215   321%   118 5879s
 2692699 2106504   18.41235   45   51    4.38104   18.43000   321%   118 5888s
 2696418 2110344   18.42781   47   26    4.38104   18.42781   321%   118 5897s
 2700258 2113826   18.42536   50   33    4.38104   18.42536   321%   118 5906s
 2703744 2117027   18.37083   35   47    4.38104   18.42208   320%   118 5914s
 2706947 2120418   18.32186   48   52    4.38104   18.42074   320%   118 5922s
 2710342 2123795   17.43670   47   46    4.38104   18.41715   320%   118 5931s
 2713721 2127572   18.41395   41   41    4.38104   18.41395   320%   118 5940s
 2717502 2130964   18.29291   45   28    4.38104   18.41320   320%   118 5949s
 2720894 2134883   17.87828   42   55    4.38104   18.40881   320%   118 5958s
 2724813 2138447   18.40739   43   35    4.38104   18.40739   320%   118 5967s
 2728377 2142368   18.32549   42   48    4.38104   18.40464   320%   118 5976s
 2732300 2146316   17.66926   44   33    4.38104   18.40302   320%   118 5984s
 2736252 2149052   18.31069   48   38    4.38104   18.40077   320%   118 5992s
 2738988 2153218   17.39558   27   51    4.38104   18.39948   320%   118 6002s
 2743154 2157218   18.39623   48   40    4.38104   18.39623   320%   118 6011s
 2747154 2160830   17.13891   47   49    4.38104   18.39450   320%   118 6020s
 2750768 2163972   18.31574   46   50    4.38104   18.39277   320%   118 6029s
 2753910 2167751   17.56639   46   51    4.38104   18.38947   320%   118 6038s
 2757693 2171210   17.28760   40   47    4.38104   18.38637   320%   118 6047s
 2761154 2175066   18.22063   43   56    4.38104   18.38577   320%   118 6056s
 2765014 2178401   18.24143   43   36    4.38104   18.38290   320%   118 6065s
 2768353 2181580   13.89669   47   31    4.38104   18.37920   320%   118 6073s
H2771532 2181347                       4.3841341   18.37779   319%   118 6086s
 2771741 2185210   17.97620   42   40    4.38413   18.37779   319%   118 6097s
 2775604 2186730   17.11496   42   56    4.38413   18.37635   319%   118 6110s
 2777124 2189100   14.88454   49   45    4.38413   18.37420   319%   118 6123s
 2779494 2194218   17.26194   49   32    4.38413   18.37364   319%   118 6136s
 2784612 2197579   17.55336   44   48    4.38413   18.37158   319%   118 6148s
 2787975 2202517   17.46631   40   39    4.38413   18.36697   319%   118 6159s
 2792913 2206724   10.56944   30   37    4.38413   18.36378   319%   118 6168s
 2797124 2210628   14.96365   50   42    4.38413   18.36180   319%   118 6177s
 2801031 2213771    6.69319   53   24    4.38413   18.35784   319%   118 6184s
 2804174 2217509   18.26389   37   38    4.38413   18.35553   319%   118 6194s
 2807914 2220957   16.89375   55   29    4.38413   18.35375   319%   118 6202s
 2811366 2224519   18.35292   49   25    4.38413   18.35292   319%   118 6211s
 2814932 2228646    9.90720   49   27    4.38413   18.34903   319%   118 6220s
 2819061 2232133   17.84048   47   46    4.38413   18.34698   318%   118 6228s
 2822548 2235748   17.97615   45   28    4.38413   18.34425   318%   118 6236s
 2826165 2239109   16.79729   46   41    4.38413   18.34357   318%   118 6245s
 2829526 2242680   17.16073   51   45    4.38413   18.34033   318%   118 6254s
 2833101 2245582   15.42028   50   40    4.38413   18.33775   318%   118 6262s
 2836003 2249483   17.65542   48   41    4.38413   18.33632   318%   118 6272s
 2839904 2253289   17.94184   47   44    4.38413   18.33328   318%   118 6281s
 2843710 2256899   15.50752   50   29    4.38413   18.33013   318%   118 6290s
 2847320 2259956   18.15262   48   50    4.38413   18.32851   318%   118 6300s
 2850379 2263780   17.19157   50   42    4.38413   18.32640   318%   118 6309s
 2854203 2267637   17.08163   51   37    4.38413   18.32300   318%   118 6318s
 2858070 2271579   18.13136   55   23    4.38413   18.32108   318%   118 6327s
 2862014 2274481   17.78253   45   45    4.38413   18.31888   318%   118 6335s
 2864916 2278328   16.87088   43   46    4.38413   18.31765   318%   118 6345s
 2868763 2281551   17.78574   52   43    4.38413   18.31417   318%   118 6354s
 2871990 2285704   17.53216   50   38    4.38413   18.31138   318%   118 6364s
 2876145 2289430   18.10895   47   34    4.38413   18.30901   318%   118 6374s
 2879871 2293057   18.26198   46   47    4.38413   18.30642   318%   118 6383s
 2883498 2297117   18.30042   38   46    4.38413   18.30390   318%   118 6392s
 2887566 2300451   17.23068   49   53    4.38413   18.30198   317%   118 6402s
 2890900 2303374   18.30094   39   37    4.38413   18.30094   317%   118 6410s
 2893823 2307318   18.06698   44   48    4.38413   18.29973   317%   118 6420s
 2897769 2311073   18.27608   46   43    4.38413   18.29570   317%   118 6429s
 2901524 2314280   18.29424   38   49    4.38413   18.29424   317%   118 6438s
 2904731 2318073   17.12413   50   35    4.38413   18.29209   317%   118 6448s
 2908524 2321585   17.29076   49   42    4.38413   18.28935   317%   118 6457s
 2912038 2325496   17.69632   47   51    4.38413   18.28689   317%   118 6466s
 2915949 2328982   17.85075   47   50    4.38413   18.28497   317%   118 6475s
 2919437 2333124   17.30421   42   45    4.38413   18.28289   317%   118 6485s
 2923579 2336104   16.09409   50   37    4.38413   18.28148   317%   118 6493s
 2926561 2339786   18.27878   45   29    4.38413   18.27878   317%   118 6502s
 2930251 2343140   18.14535   45   45    4.38413   18.27774   317%   118 6511s
 2933613 2347142   17.17441   49   47    4.38413   18.27501   317%   118 6520s
 2937619 2351145   18.26570   52   35    4.38413   18.27376   317%   118 6529s
 2941622 2355043   18.00804   47   38    4.38413   18.27151   317%   118 6538s
 2945522 2358657   17.38239   51   36    4.38413   18.26962   317%   118 6547s
 2949136 2360235   18.11119   48   48    4.38413   18.26696   317%   118 6557s
H2949420 2360235                       4.3841341   18.26664   317%   118 6558s
H2949812 2360235                       4.3841344   18.26646   317%   118 6558s
 2950714 2362757   17.70239   43   46    4.38413   18.26635   317%   118 6570s
 2953236 2363177   17.11323   44   47    4.38413   18.26635   317%   118 6580s
H2953324 2363177                       4.3841359   18.26537   317%   118 6581s
 2953656 2385657   17.88810   46   45    4.38414   18.26487   317%   118 6645s
 2976150 2386315   17.81955   48   38    4.38414   18.25826   316%   118 6659s
 2976808 2388672   18.09755   48   45    4.38414   18.25416   316%   118 6673s
 2979165 2393231   18.25336   42   47    4.38414   18.25336   316%   118 6686s
 2983724 2396450   17.02889   58   23    4.38414   18.25052   316%   118 6694s
 2984164 2396450   14.34068   55   39    4.38414   18.24964   316%   118 6695s
 2986943 2400417   16.95433   47   33    4.38414   18.24774   316%   118 6704s
 2990910 2403616   18.22944   49   41    4.38414   18.24643   316%   118 6712s
 2994109 2407257   17.62990   50   46    4.38414   18.24288   316%   118 6721s
 2997750 2410908   17.74525   51   44    4.38414   18.24092   316%   118 6729s
 3001403 2414669   18.11390   50   50    4.38414   18.23918   316%   118 6738s
 3005164 2418091   17.40497   54   43    4.38414   18.23741   316%   118 6747s
 3008586 2421909   18.08348   42   44    4.38414   18.23407   316%   118 6756s
 3012406 2425536   16.58971   42   45    4.38414   18.23251   316%   118 6764s
 3016035 2428741   17.98693   50   34    4.38414   18.23053   316%   118 6772s
 3019240 2432493   18.02392   50   43    4.38414   18.22863   316%   118 6781s
 3022992 2436067   17.78119   49   35    4.38414   18.22786   316%   118 6790s
 3026566 2439466   17.40400   56   38    4.38414   18.22544   316%   118 6799s
 3029967 2443290   17.50669   47   44    4.38414   18.22324   316%   118 6808s
 3033793 2447182   16.77946   48   55    4.38414   18.22110   316%   118 6817s
 3037689 2450884   18.21851   44   41    4.38414   18.21851   316%   118 6825s
 3041391 2454743   17.18556   43   50    4.38414   18.21694   316%   118 6834s
 3045250 2457881   16.76427   44   43    4.38414   18.21599   315%   118 6843s
 3048390 2461601    7.93091   48   33    4.38414   18.21312   315%   118 6852s
 3052112 2465371   18.00184   49   33    4.38414   18.21077   315%   118 6861s
 3055886 2468891   18.20945   39   46    4.38414   18.20945   315%   118 6870s
 3059409 2472612   18.20828   42   45    4.38414   18.20828   315%   118 6879s
 3063130 2476386   17.48231   46   36    4.38414   18.20418   315%   118 6888s
 3066906 2480138   18.20315   46   52    4.38414   18.20315   315%   118 6896s
 3070660 2483819   17.65300   43   55    4.38414   18.20149   315%   118 6906s
 3074343 2486978   18.09828   52   30    4.38414   18.19898   315%   118 6914s
 3077502 2490323   18.13534   44   53    4.38414   18.19722   315%   118 6923s
 3080852 2493894   17.89908   46   55    4.38414   18.19511   315%   118 6932s
 3084425 2497624   16.24711   54   37    4.38414   18.19238   315%   118 6942s
 3088159 2501623   17.91928   50   39    4.38414   18.19095   315%   118 6951s
 3092159 2502320   15.92064   54   36    4.38414   18.18965   315%   118 6963s
 3092858 2506312   18.18810   46   44    4.38414   18.18810   315%   118 6972s
 3096851 2510320   18.11172   42   57    4.38414   18.18643   315%   118 6982s
 3100859 2514306   18.18347   45   27    4.38414   18.18347   315%   118 6992s
 3104847 2517377   16.93937   47   45    4.38414   18.18199   315%   118 7000s
 3107918 2521130   13.49653   51   42    4.38414   18.18001   315%   118 7010s
 3111671 2524964   17.45158   50   36    4.38414   18.17858   315%   118 7019s
 3115505 2528546   17.56667   42   45    4.38414   18.17627   315%   118 7027s
 3119087 2532328   18.14912   44   53    4.38414   18.17448   315%   118 7036s
 3122877 2536167   17.94362   52   41    4.38414   18.17351   315%   118 7045s
 3126721 2539714   14.72631   39   32    4.38414   18.17131   314%   118 7054s
 3130270 2543117   18.15377   47   52    4.38414   18.16896   314%   118 7062s
 3133675 2546762   18.00631   44   48    4.38414   18.16896   314%   118 7071s
 3137322 2550087   17.85724   43   54    4.38414   18.16555   314%   118 7079s
 3140647 2553806   17.01799   47   52    4.38414   18.16465   314%   118 7088s
 3144370 2557192   18.16432   47   29    4.38414   18.16432   314%   118 7096s
 3147756 2560921   17.46758   51   38    4.38414   18.16119   314%   118 7105s
 3151487 2564388   17.46911   47   55    4.38414   18.16046   314%   118 7113s
 3154954 2567590   18.15572   52   31    4.38414   18.15860   314%   118 7121s
 3158156 2571117   17.96484   46   47    4.38414   18.15753   314%   118 7130s
 3161683 2574736   16.07949   39   57    4.38414   18.15461   314%   118 7139s
 3165304 2575362   17.42524   50   46    4.38414   18.15284   314%   118 7150s
 3165930 2579212   16.10145   41   37    4.38414   18.15183   314%   118 7159s
 3169782 2582611   17.61212   44   48    4.38414   18.15130   314%   118 7167s
 3173181 2585987   16.92596   48   44    4.38414   18.15026   314%   118 7176s
 3176561 2589587   17.78573   54   35    4.38414   18.14782   314%   118 7184s
 3180161 2593170   18.13871   47   41    4.38414   18.14628   314%   118 7192s
 3183746 2596459   18.02706   48   49    4.38414   18.14610   314%   118 7201s
 3187039 2599969   16.47141   50   44    4.38414   18.14168   314%   118 7210s
 3190550 2603789   18.09427   48   40    4.38414   18.14001   314%   118 7219s
 3194370 2607576   18.13880   44   31    4.38414   18.13880   314%   118 7228s
 3198157 2611160   17.62982   44   49    4.38414   18.13638   314%   118 7236s
 3201745 2614151   17.90788   46   41    4.38414   18.13537   314%   119 7245s
 3204742 2618146   17.99416   43   25    4.38414   18.13367   314%   119 7254s
 3208741 2621658   17.63126   46   34    4.38414   18.13317   314%   119 7263s
 3212253 2625322   16.87352   46   47    4.38414   18.13027   314%   119 7272s
 3215919 2629085   17.39420   50   40    4.38414   18.12877   314%   119 7281s
 3219682 2632542   17.85985   47   51    4.38414   18.12712   313%   119 7290s
 3223141 2636285   16.11507   48   42    4.38414   18.12486   313%   119 7300s
 3226884 2640242   18.00382   47   55    4.38414   18.12233   313%   119 7308s
 3230841 2643389   12.60809   42   29    4.38414   18.12139   313%   119 7316s
 3233990 2647185   17.80721   45   47    4.38414   18.12001   313%   119 7324s
 3237786 2650617   17.43326   48   48    4.38414   18.11757   313%   119 7332s
 3241220 2654148   17.97235   45   49    4.38414   18.11732   313%   119 7340s
 3244753 2657579   17.92790   53   39    4.38414   18.11544   313%   119 7349s
 3248187 2661148   18.11194   45   35    4.38414   18.11194   313%   119 7358s
 3251758 2664981   17.25740   48   42    4.38414   18.10992   313%   119 7367s
 3255593 2668700   14.56479   46   33    4.38414   18.10778   313%   119 7376s
 3259315 2672559   18.10479   43   50    4.38414   18.10638   313%   119 7385s
 3263174 2675899   16.68631   46   44    4.38414   18.10527   313%   119 7393s
 3266514 2679249   11.96718   45   43    4.38414   18.10252   313%   119 7402s
 3269868 2682986   18.08619   48   37    4.38414   18.10123   313%   119 7410s
 3273607 2686587   17.95023   44   48    4.38414   18.10016   313%   119 7419s
 3277208 2690342   18.09804   44   43    4.38414   18.09804   313%   119 7428s
 3280965 2694010   17.75225   50   46    4.38414   18.09695   313%   119 7435s
 3284633 2697495   16.40995   51   36    4.38414   18.09503   313%   119 7442s
 3288118 2700826   17.85565   47   44    4.38414   18.09366   313%   119 7451s
 3291451 2704517   16.88216   48   39    4.38414   18.09137   313%   119 7460s
 3295144 2707719   17.78260   43   51    4.38414   18.08962   313%   119 7469s
 3298346 2710907   18.04640   49   45    4.38414   18.08875   313%   119 7477s
 3301538 2714527   14.57179   43   31    4.38414   18.08641   313%   119 7487s
 3305158 2718271   13.15598   44   36    4.38414   18.08504   313%   119 7497s
 3308908 2722252   17.71466   49   44    4.38414   18.08257   312%   119 7505s
 3312889 2725859   16.44821   40   39    4.38414   18.08000   312%   119 7515s
 3316498 2729779   18.04309   50   30    4.38414   18.07886   312%   119 7524s
 3320420 2733578   17.37360   53   26    4.38414   18.07704   312%   119 7532s
 3324222 2736747   18.06160   43   53    4.38414   18.07681   312%   119 7541s
 3327391 2740437   18.07422   49   38    4.38414   18.07422   312%   119 7550s
 3331085 2743663   14.80577   55   34    4.38414   18.07239   312%   119 7559s
 3334317 2747586   16.38394   52   22    4.38414   18.07035   312%   119 7568s
 3338240 2750988   17.15936   45   53    4.38414   18.06836   312%   119 7578s
 3341642 2752000   16.83813   50   36    4.38414   18.06773   312%   119 7588s
 3342658 2756020   15.94072   45   44    4.38414   18.06578   312%   119 7598s
 3346682 2759986   18.06419   46   40    4.38414   18.06419   312%   119 7608s
 3350648 2764273   15.02427   43   44    4.38414   18.06213   312%   119 7618s
 3354935 2767498   18.06002   55   20    4.38414   18.06002   312%   119 7627s
 3358160 2771257   17.79201   49   36    4.38414   18.05803   312%   119 7635s
 3361919 2774734   17.92329   47   39    4.38414   18.05700   312%   119 7644s
 3365396 2778235   17.89209   45   55    4.38414   18.05512   312%   119 7652s
 3368899 2781759   17.80029   43   54    4.38414   18.05497   312%   119 7661s
 3372425 2785243   18.04608   39   29    4.38414   18.05197   312%   119 7669s
 3375911 2788946   17.81477   46   50    4.38414   18.05090   312%   119 7678s
 3379616 2792625   16.86412   48   48    4.38414   18.04969   312%   119 7687s
 3383299 2796533   17.91853   47   41    4.38414   18.04871   312%   119 7697s
 3387209 2800116   15.81831   48   46    4.38414   18.04648   312%   119 7705s
 3390794 2803542   18.04515   43   28    4.38414   18.04515   312%   119 7712s
 3394220 2806765   17.15652   48   43    4.38414   18.04388   312%   119 7720s
 3397474 2809924   17.88820   51   22    4.38414   18.04221   312%   119 7728s
 3400635 2813234   17.69864   53   35    4.38414   18.04113   312%   119 7737s
 3403948 2816872   11.78851   45   52    4.38414   18.03973   311%   119 7746s
 3407586 2820707   18.03887   46   26    4.38414   18.03887   311%   119 7754s
 3411425 2824196   18.03774   43   46    4.38414   18.03774   311%   119 7763s
 3414918 2827799   17.18120   40   43    4.38414   18.03654   311%   119 7772s
 3418521 2830756   17.52528   48   49    4.38414   18.03470   311%   119 7780s
 3421480 2834757   17.42047   47   49    4.38414   18.03260   311%   119 7789s
 3425481 2838560   17.52256   38   32    4.38414   18.03166   311%   119 7797s
 3429284 2842174    9.17275   52   31    4.38414   18.02997   311%   119 7806s
 3432900 2845694   18.00286   44   37    4.38414   18.02901   311%   119 7815s
 3436422 2849222   15.87376   36   41    4.38414   18.02771   311%   119 7824s
 3439950 2852812   17.90468   43   49    4.38414   18.02552   311%   119 7833s
 3443546 2856598   17.97832   48   46    4.38414   18.02429   311%   119 7842s
 3447334 2860329   16.82329   47   48    4.38414   18.02240   311%   119 7851s
 3451065 2863093   17.86664   47   46    4.38414   18.02140   311%   119 7859s
 3453831 2867208   17.50756   47   53    4.38414   18.01971   311%   119 7869s
 3457948 2871048   17.53710   47   48    4.38414   18.01857   311%   119 7878s
 3461788 2874736   18.01661   44   35    4.38414   18.01661   311%   119 7888s
 3465482 2877862   13.64990   38   35    4.38414   18.01556   311%   119 7897s
 3468610 2881866   17.35776   45   57    4.38414   18.01504   311%   119 7906s
 3472616 2885657   18.01343   44   47    4.38414   18.01343   311%   119 7915s
 3476411 2889406   18.01205   49   44    4.38414   18.01205   311%   119 7924s
 3480164 2892556   13.56602   52   33    4.38414   18.01044   311%   119 7932s
 3483314 2896311   10.99767   51   36    4.38414   18.00927   311%   119 7941s
 3487071 2898378   17.56882   47   45    4.38414   18.00787   311%   119 7953s
 3489138 2901178   18.00722   47   43    4.38414   18.00728   311%   119 7963s
 3491938 2904331   15.59705   48   47    4.38414   18.00728   311%   119 7974s
 3495091 2907417   18.00728   49   44    4.38414   18.00728   311%   119 7986s
 3498179 2911316   16.95454   49   45    4.38414   18.00397   311%   119 7998s
 3502080 2915493   15.69392   44   41    4.38414   18.00234   311%   119 8010s
 3506259 2918919   17.44951   43   40    4.38414   18.00058   311%   119 8021s
 3509685 2921920   17.53280   48   37    4.38414   17.99866   311%   119 8029s
 3512686 2925732   16.04923   49   37    4.38414   17.99712   311%   119 8039s
 3516503 2929230   12.87972   47   35    4.38414   17.99555   310%   119 8048s
 3520001 2932793   16.29156   55   29    4.38414   17.99534   310%   119 8057s
 3523568 2936421   17.97775   56   32    4.38414   17.99534   310%   119 8066s
 3527203 2940110   17.59713   45   46    4.38414   17.99141   310%   119 8076s
 3530892 2943791   17.85555   42   47    4.38414   17.99015   310%   119 8085s
 3534575 2946947   16.37474   42   46    4.38414   17.98910   310%   119 8095s
 3537731 2950698   17.82115   43   41    4.38414   17.98743   310%   119 8104s
 3541482 2953526   16.07097   44   53    4.38414   17.98647   310%   119 8113s
 3544310 2957357   16.42860   48   38    4.38414   17.98525   310%   119 8123s
 3548141 2961029   16.69764   44   49    4.38414   17.98356   310%   119 8133s
 3551817 2964287   17.22591   48   49    4.38414   17.98235   310%   119 8143s
 3555080 2968556   17.66150   45   43    4.38414   17.98046   310%   119 8153s
 3559349 2972404   16.19708   41   38    4.38414   17.97895   310%   119 8162s
 3563197 2976008   17.86132   42   55    4.38414   17.97703   310%   119 8172s
 3566803 2979703   11.76908   44   54    4.38414   17.97623   310%   119 8181s
 3570502 2982560   17.76444   47   52    4.38414   17.97414   310%   119 8189s
 3573359 2986606   16.68900   51   32    4.38414   17.97254   310%   119 8200s
 3577405 2990445    8.87837   26   43    4.38414   17.97163   310%   119 8209s
 3581244 2993569   17.93630   46   45    4.38414   17.97010   310%   119 8218s
 3584370 2997694   17.96892   44   44    4.38414   17.96892   310%   119 8228s
 3588495 3001562   17.70682   45   56    4.38414   17.96833   310%   119 8237s
 3592367 3005147   17.96656   49   36    4.38414   17.96656   310%   119 8246s
 3595952 3008821   17.82633   58   28    4.38414   17.96524   310%   119 8255s
 3599630 3011825   17.85457   49   48    4.38414   17.96435   310%   119 8263s
 3602636 3015717   17.27148   43   53    4.38414   17.96301   310%   119 8272s
 3606534 3019418   17.43038   47   51    4.38414   17.96119   310%   119 8281s
 3610235 3022735   17.95082   46   41    4.38414   17.95940   310%   119 8291s
 3613556 3026838   17.95157   43   34    4.38414   17.95822   310%   119 8300s
 3617663 3030629   17.70667   53   37    4.38414   17.95684   310%   119 8309s
 3621455 3034464   17.95593   47   32    4.38414   17.95607   310%   119 8318s
 3625290 3038127   17.86398   44   44    4.38414   17.95397   310%   119 8327s
 3628957 3040903   17.83156   46   48    4.38414   17.95353   310%   119 8335s
 3631733 3045279   17.94078   47   46    4.38414   17.95195   309%   119 8346s
 3636109 3049234   17.95048   43   47    4.38414   17.95048   309%   119 8355s
 3640066 3052813   17.40705   45   48    4.38414   17.94979   309%   119 8364s
 3643647 3056196   17.94403   48   47    4.38414   17.94787   309%   119 8372s
 3647032 3059808   17.94627   45   32    4.38414   17.94627   309%   119 8381s
 3650648 3063490   16.99509   49   51    4.38414   17.94498   309%   119 8390s
 3654330 3064105   17.93787   45   54    4.38414   17.94398   309%   119 8402s
 3654946 3066831   17.52694   48   44    4.38414   17.94340   309%   119 8413s
 3657672 3071127   17.89897   48   42    4.38414   17.94188   309%   119 8423s
 3661976 3074315   17.94047   40   40    4.38414   17.94047   309%   119 8430s
 3665166 3077978   17.71840   43   60    4.38414   17.94014   309%   119 8439s
 3668831 3081521   16.63357   50   43    4.38414   17.93811   309%   119 8449s
 3672374 3085256   17.61169   48   44    4.38414   17.93666   309%   119 8458s
 3676111 3089153   17.93525   41   41    4.38414   17.93525   309%   119 8467s
 3680008 3092849   17.81848   57   32    4.38414   17.93374   309%   119 8476s
 3683706 3096453   17.93114   41   38    4.38414   17.93231   309%   119 8484s
 3687312 3099792   17.93145   47   35    4.38414   17.93145   309%   119 8494s
 3690653 3103569   16.39551   42   43    4.38414   17.92948   309%   119 8502s
 3694434 3106875   16.04227   51   31    4.38414   17.92864   309%   119 8511s
 3697746 3110546   17.92753   51   33    4.38414   17.92753   309%   119 8520s
 3701417 3114327   16.58442   45   53    4.38414   17.92642   309%   119 8528s
 3705200 3118021   17.92419   44   31    4.38414   17.92419   309%   119 8537s
 3708894 3121572   17.34325   49   50    4.38414   17.92373   309%   119 8545s
 3712445 3124795   16.98660   47   45    4.38414   17.92182   309%   119 8553s
 3715668 3128231   17.05606   53   38    4.38414   17.92063   309%   119 8562s
 3719104 3131885   17.70693   47   43    4.38414   17.92006   309%   119 8570s
 3722758 3135548   17.81210   47   45    4.38414   17.91788   309%   119 8579s
 3726425 3138939   16.43458   50   34    4.38414   17.91757   309%   119 8587s
 3729824 3141876   17.85836   49   44    4.38414   17.91621   309%   119 8596s
 3732761 3145494   17.66026   43   35    4.38414   17.91517   309%   119 8604s
 3736387 3149199   17.65788   51   46    4.38414   17.91417   309%   119 8614s
 3740098 3152982   17.72787   47   47    4.38414   17.91305   309%   119 8623s
 3743883 3156804   16.70166   51   31    4.38414   17.91030   309%   119 8633s
 3747707 3159375   15.39789   42   43    4.38414   17.90918   308%   119 8642s
 3750280 3163123   17.16012   56   33    4.38414   17.90729   308%   119 8651s
 3754036 3167033   17.90546   45   41    4.38414   17.90546   308%   119 8660s
 3757948 3170112   16.71502   46   46    4.38414   17.90426   308%   119 8668s
 3761027 3174073   17.24447   53   41    4.38414   17.90295   308%   119 8678s
 3764990 3178003   17.56957   49   36    4.38414   17.90271   308%   119 8687s
 3768927 3181801   14.33191   32   34    4.38414   17.90021   308%   119 8696s
 3772725 3185428   14.85947   43   44    4.38414   17.89930   308%   119 8704s
 3776352 3189056   17.74051   46   56    4.38414   17.89872   308%   119 8713s
 3779980 3192692   17.78451   50   42    4.38414   17.89700   308%   119 8722s
 3783618 3195152   17.04708   44   48    4.38414   17.89572   308%   119 8731s
 3786078 3198989   17.59557   53   36    4.38414   17.89451   308%   119 8741s
 3789915 3202346   16.42415   54   30    4.38414   17.89335   308%   119 8749s
 3793276 3205774   17.88110   45   56    4.38414   17.89272   308%   119 8758s
 3796710 3209491   17.85597   36   44    4.38414   17.89161   308%   119 8767s
 3800433 3213281   15.54900   56   34    4.38414   17.88994   308%   119 8775s
 3804223 3216855   16.41188   45   40    4.38414   17.88938   308%   119 8783s
 3807799 3220637   17.88885   41   41    4.38414   17.88885   308%   119 8792s
 3811583 3224230   14.13986   49   45    4.38414   17.88693   308%   119 8801s
 3815176 3227812   17.52519   47   42    4.38414   17.88577   308%   119 8811s
 3818760 3231274   17.44520   46   35    4.38414   17.88409   308%   119 8820s
 3822226 3234349   17.56780   47   48    4.38414   17.88280   308%   119 8828s
 3825303 3237700   17.74718   46   49    4.38414   17.88222   308%   119 8838s
 3828654 3241268   13.10336   48   39    4.38414   17.88048   308%   119 8847s
 3832224 3245413   17.78237   49   41    4.38414   17.88022   308%   119 8857s
 3836369 3249386   17.87707   47   43    4.38414   17.87902   308%   119 8867s
 3840342 3252964   17.86963   47   48    4.38414   17.87839   308%   119 8876s
 3843922 3256729   17.86551   50   31    4.38414   17.87633   308%   119 8885s
 3847697 3259943   10.93113   47   34    4.38414   17.87510   308%   119 8895s
 3850911 3263785   17.86960   43   35    4.38414   17.87414   308%   119 8904s
 3854753 3267148   17.64678   47   50    4.38414   17.87239   308%   119 8912s
 3858122 3270516   17.86942   53   32    4.38414   17.87065   308%   119 8920s
 3861490 3274031   10.07232   46   35    4.38414   17.86969   308%   119 8930s
 3865009 3277987   12.74249   46   39    4.38414   17.86811   308%   119 8939s
 3868965 3281352   17.74118   47   32    4.38414   17.86703   308%   119 8948s
 3872330 3285217   14.33140   51   34    4.38414   17.86539   308%   119 8957s
 3876195 3289154   17.86410   40   42    4.38414   17.86410   307%   119 8966s
 3880132 3292614   13.85934   46   29    4.38414   17.86335   307%   119 8975s
 3883592 3295716   17.86228   47   30    4.38414   17.86228   307%   119 8984s
 3886700 3298798   17.71133   47   47    4.38414   17.86086   307%   119 8992s
 3889786 3302451   14.96619   49   44    4.38414   17.85960   307%   119 9002s
 3893439 3306152   17.85889   43   43    4.38414   17.85889   307%   119 9011s
 3897146 3310006   17.85465   44   51    4.38414   17.85773   307%   119 9020s
 3901000 3314136   17.27076   50   52    4.38414   17.85610   307%   119 9029s
 3905132 3317406   17.58725   50   36    4.38414   17.85533   307%   119 9038s
 3908402 3320988   17.81679   43   57    4.38414   17.85465   307%   119 9047s
 3911984 3324582   16.66560   48   47    4.38414   17.85369   307%   119 9056s
 3915580 3327363   17.48784   47   52    4.38414   17.85119   307%   119 9064s
 3918361 3331590   17.21322   47   48    4.38414   17.85026   307%   119 9074s
 3922588 3335388   17.70037   43   55    4.38414   17.84961   307%   119 9083s
 3926388 3338942   16.91149   45   52    4.38414   17.84867   307%   119 9093s
 3929942 3342723   17.31920   48   51    4.38414   17.84723   307%   119 9102s
 3933725 3345785   17.57788   45   54    4.38414   17.84589   307%   119 9112s
 3936787 3349926   17.80864   52   27    4.38414   17.84448   307%   119 9121s
 3940933 3353683   16.95244   50   36    4.38414   17.84325   307%   119 9130s
 3944699 3356634   17.68363   46   50    4.38414   17.84222   307%   119 9139s
 3947652 3360086   14.07452   27   49    4.38414   17.84003   307%   119 9149s
 3951104 3364008   11.59796   44   45    4.38414   17.83879   307%   119 9159s
 3955028 3367708   17.83806   39   59    4.38414   17.83806   307%   119 9168s
 3958732 3371648   17.46017   44   52    4.38414   17.83631   307%   119 9178s
 3962672 3375328   15.83070   54   30    4.38414   17.83492   307%   119 9188s
 3966352 3379035   15.78339   45   51    4.38414   17.83414   307%   119 9197s
 3970063 3382894   17.66849   48   51    4.38414   17.83280   307%   119 9207s
 3973924 3386283   16.70602   43   51    4.38414   17.83208   307%   119 9215s
 3977313 3389502   16.77188   50   34    4.38414   17.83072   307%   119 9223s
 3980532 3393118   17.82963   45   42    4.38414   17.82963   307%   119 9232s
 3984154 3396585   17.33228   51   43    4.38414   17.82816   307%   119 9241s
 3987627 3400319   17.82698   46   41    4.38414   17.82698   307%   119 9251s
 3991363 3403780   17.21838   44   42    4.38414   17.82648   307%   119 9260s
 3994824 3407925   16.84574   51   38    4.38414   17.82441   307%   119 9269s
 3998971 3411241   17.38870   45   35    4.38414   17.82357   307%   119 9278s
 4002289 3414684   17.65176   38   41    4.38414   17.82207   307%   119 9287s
 4005738 3417688   14.91109   51   36    4.38414   17.82077   306%   119 9296s
 4008746 3421625    9.01200   44   41    4.38414   17.82040   306%   119 9305s
 4012683 3424884   17.42560   48   47    4.38414   17.81934   306%   119 9315s
 4015946 3428871   17.55876   50   44    4.38414   17.81880   306%   119 9324s
 4019933 3432436   17.33836   48   47    4.38414   17.81688   306%   119 9333s
 4023498 3436314   13.55681   50   34    4.38414   17.81529   306%   119 9342s
 4027376 3439755   17.79035   49   46    4.38414   17.81465   306%   119 9351s
 4030819 3442255   17.49310   42   52    4.38414   17.81332   306%   119 9363s
 4033319 3446521   17.81233   39   44    4.38414   17.81233   306%   119 9373s
 4037587 3449989   17.80818   37   38    4.38414   17.81139   306%   119 9381s
 4041061 3453237   16.66017   49   38    4.38414   17.81077   306%   119 9390s
 4044311 3457105   17.80137   45   50    4.38414   17.80888   306%   119 9398s
 4048180 3460395   16.02984   45   40    4.38414   17.80851   306%   119 9406s
 4051470 3463900   16.89755   43   51    4.38414   17.80727   306%   119 9414s
 4054975 3467511   17.77544   43   48    4.38414   17.80555   306%   119 9422s
 4058586 3470949   17.32328   45   57    4.38414   17.80472   306%   119 9430s
 4062026 3474502   16.89441   44   49    4.38414   17.80384   306%   119 9439s
 4065591 3478336   16.62016   44   45    4.38414   17.80247   306%   119 9448s
 4069431 3481516   17.80160   43   40    4.38414   17.80160   306%   119 9456s
 4072613 3485406   16.82465   55   35    4.38414   17.80087   306%   119 9465s
 4076508 3488982   17.40942   46   38    4.38414   17.79984   306%   119 9473s
 4080094 3492525   17.38918   48   44    4.38414   17.79907   306%   119 9483s
 4083647 3496009   17.38066   51   49    4.38414   17.79753   306%   119 9491s
 4087132 3497051   17.79660   45   37    4.38414   17.79660   306%   119 9502s
 4088174 3501114   17.79463   47   55    4.38414   17.79660   306%   119 9512s
 4092237 3504811   17.79134   44   54    4.38414   17.79500   306%   119 9521s
 4095936 3508755   17.06341   48   50    4.38414   17.79317   306%   119 9531s
 4099884 3512049   17.78890   47   44    4.38414   17.79235   306%   119 9539s
 4103178 3515426   14.09214   50   43    4.38414   17.79139   306%   119 9549s
 4106556 3519112   17.73378   47   51    4.38414   17.78967   306%   119 9559s
 4110246 3522972   17.71902   46   50    4.38414   17.78967   306%   119 9568s
 4114110 3526670   17.78685   47   35    4.38414   17.78733   306%   119 9576s
 4117812 3530336   16.79718   50   41    4.38414   17.78591   306%   119 9586s
 4121478 3534086   17.78549   46   31    4.38414   17.78549   306%   119 9595s
 4125235 3537800   17.78362   42   34    4.38414   17.78362   306%   119 9605s
 4128949 3541179   16.22973   41   30    4.38414   17.78249   306%   119 9613s
 4132330 3544781   17.64559   50   44    4.38414   17.78161   306%   119 9622s
 4135932 3548676   17.47940   46   43    4.38414   17.78081   306%   119 9630s
 4139829 3552156   16.61054   44   54    4.38414   17.77932   306%   119 9638s
 4143311 3555878   17.77851   42   44    4.38414   17.77851   306%   119 9647s
 4147035 3559490   17.72903   47   31    4.38414   17.77683   305%   119 9656s
 4150649 3563058   17.10669   47   37    4.38414   17.77563   305%   119 9665s
 4154217 3566622   17.77509   52   24    4.38414   17.77509   305%   119 9674s
 4157785 3570173   17.03022   51   30    4.38414   17.77319   305%   119 9682s
 4161340 3573268   13.14169   43   47    4.38414   17.77267   305%   119 9690s
 4164437 3577063   16.42903   52   37    4.38414   17.77227   305%   119 9700s
 4168238 3580700   16.57902   39   37    4.38414   17.76994   305%   119 9709s
 4171881 3584399   17.76337   45   45    4.38414   17.76892   305%   119 9718s
 4175580 3587913   17.34045   38   48    4.38414   17.76733   305%   119 9728s
 4179096 3591732   16.36788   51   30    4.38414   17.76613   305%   119 9738s
 4182915 3595300   17.55067   44   30    4.38414   17.76525   305%   119 9747s
 4186489 3599101   17.48550   49   48    4.38414   17.76413   305%   119 9756s
 4190296 3602485   14.96308   45   44    4.38414   17.76312   305%   120 9764s
 4193680 3605723   17.76200   45   34    4.38414   17.76200   305%   120 9773s
 4196918 3609434   17.55735   46   42    4.38414   17.76083   305%   120 9782s
 4200629 3612602   15.57713   44   44    4.38414   17.76006   305%   120 9790s
 4203799 3616349   14.87749   53   37    4.38414   17.75844   305%   120 9799s
 4207552 3620161   17.71370   48   46    4.38414   17.75766   305%   120 9808s
 4211364 3621725   11.71844   53   44    4.38414   17.75580   305%   120 9819s
 4212930 3625601   16.30884   53   33    4.38414   17.75510   305%   120 9829s
 4216806 3629761   14.28562   43   51    4.38414   17.75497   305%   120 9839s
 4220966 3632940   17.75368   45   37    4.38414   17.75368   305%   120 9847s
 4224145 3636729   17.72164   46   44    4.38414   17.75319   305%   120 9856s
 4227936 3640454   17.75155   48   32    4.38414   17.75155   305%   120 9865s
 4231661 3644083   10.87585   50   41    4.38414   17.75025   305%   120 9874s
 4235039 3644083   17.40788   51   36    4.38414   17.74966   305%   120 9875s
 4235296 3647740   17.07710   42   55    4.38414   17.74939   305%   120 9883s
 4238953 3651521   15.54876   46   44    4.38414   17.74833   305%   120 9893s
 4242734 3652010   13.90785   42   43    4.38414   17.74634   305%   120 9904s
 4243223 3655612   17.39444   52   41    4.38414   17.74611   305%   120 9913s
 4246829 3659595   17.74537   42   38    4.38414   17.74538   305%   120 9922s
 4250812 3662875   17.74538   44   41    4.38414   17.74538   305%   120 9929s
 4254094 3666777   15.78527   44   47    4.38414   17.74406   305%   120 9937s
 4257996 3670429   17.31182   48   51    4.38414   17.74236   305%   120 9945s
 4261650 3673761   17.00473   44   53    4.38414   17.74132   305%   120 9953s
 4264984 3677269   16.92013   53   30    4.38414   17.74022   305%   120 9962s
 4268498 3680958   17.73974   44   46    4.38414   17.73974   305%   120 9970s
 4272189 3684599   16.87941   43   50    4.38414   17.73798   305%   120 9978s
 4275836 3688175   17.62949   49   49    4.38414   17.73741   305%   120 9986s
 4279414 3691610   16.23136   48   41    4.38414   17.73595   305%   120 9995s
 4282849 3694862   17.40677   48   45    4.38414   17.73512   305%   120 10003s
 4286103 3698567   17.36707   44   39    4.38414   17.73376   304%   120 10011s
 4289808 3702169   17.61835   46   42    4.38414   17.73360   304%   120 10019s
 4293416 3706149   17.22666   43   55    4.38414   17.73143   304%   120 10027s
 4297396 3709701   17.73086   49   25    4.38414   17.73086   304%   120 10035s
 4300950 3713365   16.70900   44   46    4.38414   17.72920   304%   120 10044s
 4304620 3716880   17.72840   47   34    4.38414   17.72840   304%   120 10052s
 4308135 3719823   17.21964   46   50    4.38414   17.72789   304%   120 10061s
 4311080 3723461   13.93533   41   39    4.38414   17.72630   304%   120 10070s
 4314718 3726627   17.10692   38   41    4.38414   17.72569   304%   120 10079s
 4317884 3730530   14.78576   42   39    4.38414   17.72507   304%   120 10087s
 4321791 3734366   17.72423   40   56    4.38414   17.72423   304%   120 10096s
 4325631 3735025   14.09468   46   36    4.38414   17.72307   304%   120 10107s
 4326290 3738943   17.27913   46   32    4.38414   17.72280   304%   120 10117s
 4330216 3742895   17.52512   48   36    4.38414   17.72132   304%   120 10127s
 4334174 3746848   15.92320   53   33    4.38414   17.71983   304%   120 10137s
 4338129 3750534   14.13915   49   42    4.38414   17.71920   304%   120 10146s
 4341821 3754406   17.43852   50   40    4.38414   17.71801   304%   120 10155s
 4345697 3757799   16.05054   47   49    4.38414   17.71717   304%   120 10163s
 4349092 3761343   15.69208   51   42    4.38414   17.71588   304%   120 10172s
 4352636 3764595   17.70860   42   46    4.38414   17.71496   304%   120 10180s
 4355888 3768022   17.37095   48   42    4.38414   17.71418   304%   120 10189s
 4359315 3771703   17.71340   43   52    4.38414   17.71340   304%   120 10198s
 4362996 3775436   17.51485   49   40    4.38414   17.71163   304%   120 10206s
 4366732 3778992   16.08600   25   59    4.38414   17.71099   304%   120 10215s
 4370288 3782568   14.92062   50   27    4.38414   17.70963   304%   120 10224s
 4373864 3786007   16.89492   50   42    4.38414   17.70866   304%   120 10233s
 4377303 3789094   17.06367   44   53    4.38414   17.70757   304%   120 10242s
 4380390 3793136   15.54454   54   38    4.38414   17.70625   304%   120 10251s
 4384436 3796784   17.67298   48   41    4.38414   17.70542   304%   120 10260s
 4388084 3800713   14.92918   46   48    4.38414   17.70440   304%   120 10268s
 4392013 3804302   16.63767   53   33    4.38414   17.70318   304%   120 10277s
 4395604 3807846   17.67150   52   37    4.38414   17.70220   304%   120 10286s
 4399150 3811446   17.70169   45   44    4.38414   17.70169   304%   120 10295s
 4402750 3814885   14.01901   49   47    4.38414   17.69991   304%   120 10304s
 4406197 3818116   15.65316   40   45    4.38414   17.69838   304%   120 10312s
 4409428 3821749   16.08693   51   45    4.38414   17.69752   304%   120 10321s
 4413061 3825437   16.47495   41   50    4.38414   17.69659   304%   120 10330s
 4416749 3829119   16.39982   40   45    4.38414   17.69553   304%   120 10340s
 4420433 3832765   13.31196   42   39    4.38414   17.69447   304%   120 10349s
 4424083 3836431   17.59131   36   29    4.38414   17.69300   304%   120 10357s
 4427751 3840057   17.31527   51   36    4.38414   17.69259   304%   120 10366s
 4431385 3843758   15.14661   50   45    4.38414   17.69097   304%   120 10375s
 4435090 3847098   15.66275   44   54    4.38414   17.68974   303%   120 10384s
 4438434 3850532   17.67925   49   45    4.38414   17.68887   303%   120 10393s
 4441875 3854368   17.46576   50   49    4.38414   17.68812   303%   120 10401s
 4445713 3857768   17.68715   45   44    4.38414   17.68715   303%   120 10410s
 4449115 3861418   17.20580   46   49    4.38414   17.68654   303%   120 10419s
 4452769 3865077   17.68340   41   38    4.38414   17.68524   303%   120 10427s
 4456431 3868118   17.68416   45   37    4.38414   17.68416   303%   120 10437s
 4459474 3872169   17.23370   43   50    4.38414   17.68340   303%   120 10446s
 4463527 3876118   16.45544   46   49    4.38414   17.68292   303%   120 10455s
 4467476 3879566   17.57428   46   48    4.38414   17.68216   303%   120 10463s
 4470926 3883152    9.40704   41   41    4.38414   17.68046   303%   120 10472s
 4474514 3885348   17.14138   48   43    4.38414   17.67956   303%   120 10481s
 4476712 3889261   17.51373   48   47    4.38414   17.67891   303%   120 10491s
 4480625 3893032   17.29251   44   46    4.38414   17.67836   303%   120 10500s
 4484398 3896841   17.67785   43   28    4.38414   17.67785   303%   120 10510s
 4488209 3900557   17.67689   56   18    4.38414   17.67689   303%   120 10519s
 4491925 3904106   17.67590   46   36    4.38414   17.67590   303%   120 10528s
 4495474 3907754   15.51955   46   49    4.38414   17.67394   303%   120 10537s
 4499122 3911028   17.03593   51   42    4.38414   17.67355   303%   120 10545s
 4502396 3914617   17.65173   41   56    4.38414   17.67180   303%   120 10554s
 4505985 3918104   14.79376   51   44    4.38414   17.67057   303%   120 10563s
 4509472 3921679   17.52773   46   44    4.38414   17.66960   303%   120 10572s
 4513055 3925425   17.31886   45   56    4.38414   17.66899   303%   120 10582s
 4516801 3929449   15.80049   50   46    4.38414   17.66714   303%   120 10590s
 4520825 3933309   16.78914   45   54    4.38414   17.66573   303%   120 10599s
 4524687 3936450   16.85734   49   43    4.38414   17.66541   303%   120 10608s
 4527828 3940185   17.37086   44   49    4.38414   17.66480   303%   120 10617s
 4531563 3943515   17.66336   42   35    4.38414   17.66336   303%   120 10626s
 4534897 3947071   16.03231   47   51    4.38414   17.66204   303%   120 10634s
 4538457 3950417   14.48052   46   49    4.38414   17.66126   303%   120 10643s
 4541807 3954269   17.65318   45   40    4.38414   17.66010   303%   120 10652s
 4545659 3957784   17.45638   36   31    4.38414   17.65890   303%   120 10661s
 4549174 3961090   13.93292   57   37    4.38414   17.65865   303%   120 10670s
 4552480 3964881   17.40448   48   37    4.38414   17.65711   303%   120 10679s
 4556271 3968564   17.55821   43   55    4.38414   17.65704   303%   120 10688s
 4559960 3972359   16.17576   41   55    4.38414   17.65557   303%   120 10697s
 4563756 3975492   17.54430   51   41    4.38414   17.65436   303%   120 10705s
 4566891 3978802   17.46386   50   44    4.38414   17.65332   303%   120 10715s
 4570205 3982615   17.53571   53   39    4.38414   17.65236   303%   120 10726s
 4574018 3986682   17.65144   47   34    4.38414   17.65144   303%   120 10736s
 4578085 3990471   16.88057   45   38    4.38414   17.64997   303%   120 10745s
 4581874 3993688   17.56101   46   46    4.38414   17.64895   303%   120 10754s
 4585100 3997489   17.55981   46   48    4.38414   17.64763   303%   120 10763s
 4588905 4001554   13.96825   48   25    4.38414   17.64655   303%   120 10773s
 4592971 4004952   17.38333   47   48    4.38414   17.64571   302%   120 10781s
 4596369 4008591   17.54897   50   31    4.38414   17.64472   302%   120 10790s
 4600008 4011711   17.64378   45   47    4.38414   17.64378   302%   120 10799s
 4603130 4011736   14.93199   50   38    4.38414   17.64308   302%   120 10800s

Cutting planes:
  Gomory: 4
  Implied bound: 1
  Projected implied bound: 76
  MIR: 753
  Flow cover: 44
  RLT: 1281
  Relax-and-lift: 15

Explored 4603155 nodes (551125255 simplex iterations) in 10802.20 seconds (24984.77 work units)
Thread count was 32 (of 255 available processors)

Solution count 10: 4.38414 4.38414 4.38413 ... 4.25949

Time limit reached
Best objective 4.384135884383e+00, best bound 1.764296021127e+01, gap 302.4273%

User-callback calls 9738780, time in user-callback 2.03 sec
source: 0 target: 4 model_arch: 3x50 perturbation type: brightness perturbation size: [0.25] dataset: mnist
Attack:   0%|          | 0/500 [00:00<?, ?it/s]Attack:   2%|▏         | 9/500 [00:00<00:05, 89.24it/s]Attack:  10%|▉         | 48/500 [00:00<00:01, 261.30it/s]Attack:  17%|█▋        | 86/500 [00:00<00:01, 313.42it/s]Attack:  25%|██▍       | 124/500 [00:00<00:01, 337.60it/s]Attack:  32%|███▏      | 162/500 [00:00<00:00, 350.78it/s]Attack:  40%|████      | 200/500 [00:00<00:00, 359.29it/s]Attack:  47%|████▋     | 237/500 [00:00<00:00, 362.59it/s]Attack:  55%|█████▌    | 275/500 [00:00<00:00, 366.67it/s]Attack:  63%|██████▎   | 313/500 [00:00<00:00, 368.67it/s]Attack:  70%|███████   | 350/500 [00:01<00:00, 368.41it/s]Attack:  78%|███████▊  | 388/500 [00:01<00:00, 370.29it/s]Attack:  85%|████████▌ | 426/500 [00:01<00:00, 370.53it/s]Attack:  93%|█████████▎| 464/500 [00:01<00:00, 369.86it/s]Attack: 100%|█████████▉| 499/500 [00:01<00:00, 352.26it/s]
best_val 2.2320144176483154
Set parameter WLSAccessID
Set parameter WLSSecret
Set parameter LicenseID to value 2478548
Academic license 2478548 - for non-commercial use only - registered to ne___@campus.technion.ac.il
Encoding the two copies...
apply_sibgate_constraints!: emitted 10 coupling lines (both-thin), 0 conditional triangles on org (org-dropped), 0 conditional triangles on pert (pert-dropped).
Encoding dependencies (activation_start=1, layers_offset=2)...
Adding perturbed interval constraints...
4.384135884383174  17.642960211274808  10802.248854875565
paper_experiments_with_zono_fix/mnist/3x50_exp/brightness/eps_0.25/N2stdBoost_3x50_19_sgd_itr1/
Clean sample classification: 1
Perturbed sample classification: 1
compute_n2_pert_relaxation_bounds: populated 2 ReLU layers
compute_n2_relax_decision!: τ=0.5, both=13 org-only=0 pert-only=0 none=74 (plus 13 stable neurons)
[notice | Main.MIPVerify]: Determining upper and lower bounds for the input to each non-linear unit.
Set parameter WLSAccessID
Set parameter WLSSecret
Set parameter LicenseID to value 2478548
Academic license 2478548 - for non-commercial use only - registered to ne___@campus.technion.ac.il
Set parameter TimeLimit to value 5
Set parameter WLSAccessID
Set parameter WLSSecret
Set parameter LicenseID to value 2478548
Academic license 2478548 - for non-commercial use only - registered to ne___@campus.technion.ac.il
Set parameter MIPFocus to value 3
Set parameter Cutoff to value 2.2320144176483154e+00
Set parameter Threads to value 32
Set parameter TimeLimit to value 10800
Set parameter MIPGap to value 0.01
Set parameter Seed to value 4
Set parameter Seed to value 4
Set parameter MIPGap to value 0.01
Set parameter MIPFocus to value 3
Set parameter Cutoff to value 2.2320144176483154e+00
Set parameter Threads to value 32
Set parameter TimeLimit to value 10800
Warning for adding constraints: zero or small (< 1e-13) coefficients, ignored
Gurobi Optimizer version 13.0.0 build v13.0.0rc1 (linux64 - "Ubuntu 20.04.2 LTS")

CPU model: AMD EPYC 7713 64-Core Processor, instruction set [SSE2|AVX|AVX2]
Thread count: 127 physical cores, 255 logical processors, using up to 32 threads

Non-default parameters:
Cutoff  2.2320144176483154e+00
TimeLimit  10800
MIPGap  0.01
MIPFocus  3
Seed  4
Threads  32

Academic license 2478548 - for non-commercial use only - registered to ne___@campus.technion.ac.il
Optimize a model with 1693 rows, 1889 columns and 159047 nonzeros (Max)
Model fingerprint: 0x23068b01
Model has 1 linear objective coefficients
Variable types: 1741 continuous, 148 integer (148 binary)
Coefficient statistics:
  Matrix range     [1e-13, 3e+01]
  Objective range  [1e+00, 1e+00]
  Bounds range     [2e-09, 3e+01]
  RHS range        [4e-13, 2e+01]

Processing user MIP start: 335 nodes explored in subMIP, total elapsed time 5s
User MIP start did not produce a new incumbent solution
Processed MIP start in 5.31 seconds (12.13 work units)

Presolve removed 274 rows and 3 columns
Presolve time: 0.17s
Presolved: 1419 rows, 1888 columns, 140562 nonzeros
Variable types: 1740 continuous, 148 integer (148 binary)
Root relaxation presolve removed 91 rows and 91 columns
Root relaxation presolved: 1328 rows, 1797 columns, 140289 nonzeros


Root simplex log...

Iteration    Objective       Primal Inf.    Dual Inf.      Time
       0    1.0433771e+02   1.618022e+02   0.000000e+00      6s
    1402    3.8226524e+01   0.000000e+00   0.000000e+00      6s
    1402    3.8226524e+01   0.000000e+00   0.000000e+00      6s

Root relaxation: objective 3.822652e+01, 1402 iterations, 0.15 seconds (0.27 work units)
Another try with MIP start

    Nodes    |    Current Node    |     Objective Bounds      |     Work
 Expl Unexpl |  Obj  Depth IntInf | Incumbent    BestBd   Gap | It/Node Time

     0     0   38.22652    0   61          -   38.22652      -     -   13s
     0     0   32.66820    0   60          -   32.66820      -     -   15s
     0     0   32.66820    0   60          -   32.66820      -     -   15s
     0     0   32.65766    0   64          -   32.65766      -     -   15s
     0     0   32.65766    0   63          -   32.65766      -     -   15s
     0     0   32.07811    0   64          -   32.07811      -     -   15s
     0     0   32.07811    0   65          -   32.07811      -     -   15s
     0     0   32.07811    0   65          -   32.07811      -     -   16s
     0     0   32.07811    0   65          -   32.07811      -     -   16s
     0     0   32.07811    0   65          -   32.07811      -     -   16s
     0     0   32.07811    0   65          -   32.07811      -     -   16s
     0     0   31.95664    0   65          -   31.95664      -     -   17s
     0     0   31.95664    0   59          -   31.95664      -     -   18s
     0     0   31.82810    0   60          -   31.82810      -     -   18s
     0     0   31.82810    0   60          -   31.82810      -     -   18s
     0     0   31.82810    0   61          -   31.82810      -     -   19s
     0     0   31.47861    0   60          -   31.47861      -     -   20s
     0     0   31.47861    0   59          -   31.47861      -     -   21s
     0     0   31.44349    0   59          -   31.44349      -     -   22s
     0     0   31.44349    0   58          -   31.44349      -     -   23s
     0     2   31.44349    0   58          -   31.44349      -     -   24s
     1     4   31.44349    1   59          -   31.44349      -   512   25s
    31    64   29.28937    5   62          -   30.75216      -   930   31s
    95   128   27.51709    7   62          -   28.68195      -  1126   37s
   127   160   25.73860    8   62          -   27.67938      -  1164   40s
   322   377   23.76439    8   53          -   26.50530      -   980   45s
   538   593   22.55835    6   58          -   25.45427      -   926   51s
   702   735   23.89338   13   56          -   24.96011      -   890   55s
   891   959   22.75167   10   56          -   24.51131      -   871   60s
  1142  1219   17.71866    8   53          -   24.18581      -   820   66s
  1630  1753   23.16117   14   54          -   23.85065      -   702   71s
  1975  2151   21.29536   14   56          -   23.66895      -   651   75s
  2541  2896   23.20495   16   49          -   23.49117      -   578   80s
  2898  2897   18.13956   17   58          -   23.45424      -   530  122s
  2901  2899   15.24211   23   60          -   23.45424      -   529  126s
  2908  2904   22.66810   11   58          -   23.45424      -   528  131s
  2910  2905   22.28808    9   60          -   23.45424      -   528  136s
  2914  2913   23.45424   14   60          -   23.45424      -   530  140s
  2926  2933   23.45424   16   58          -   23.45424      -   533  167s
  2974  2981   23.45424   18   57          -   23.45424      -   539  172s
  3006  3002   23.45424   19   59          -   23.45424      -   543  177s
  3038  3079   23.45424   20   56          -   23.45424      -   548  181s
  3126  3100   23.45424   21   55          -   23.45424      -   554  186s
  3176  3123   23.45424   22   56          -   23.45424      -   561  194s
  3216  3161   23.45424   23   51          -   23.45424      -   566  200s
  3267  3203   23.45424   19   56          -   23.45424      -   573  206s
  3326  3229   22.82597   24   52          -   23.45424      -   577  216s
  3372  3281   23.27342   24   52          -   23.45424      -   582  220s
  3537  3383   22.98790   22   54          -   23.45424      -   591  227s
  3596  3395   22.34420   21   61          -   23.45424      -   596  230s
  3674  3468   21.93708   22   49          -   23.45424      -   607  237s
  3727  3484   19.78698   24   55          -   23.36700      -   610  241s
  3760  3525   22.14716   27   51          -   23.20615      -   615  248s
  3812  3588   21.38064   22   50          -   23.07165      -   617  251s
  3994  3673   21.25632   25   47          -   22.84201      -   617  258s
  4038  3758   22.23786   25   49          -   22.74637      -   620  261s
  4138  3834   18.80661   24   46          -   22.66025      -   618  265s
  4412  4100   20.55364   26   45          -   22.54785      -   609  271s
  4813  4378   19.42724   27   46          -   22.39897      -   589  278s
  5016  4547   21.70581   25   53          -   22.33905      -   580  281s
  5421  4789   21.36398   22   54          -   22.23040      -   563  288s
  5630  4808   21.85771   31   47          -   22.15199      -   556  292s
  5719  5104   21.07957   29   43          -   22.09544      -   556  295s
  6452  5517   18.24731   25   44          -   21.95187      -   520  302s
  6702  5948    7.50168   27   53          -   21.88814      -   509  305s
  7635  6700   21.16987   22   52          -   21.78536      -   469  312s
  8279  6999   20.42614   21   55          -   21.74382      -   444  315s
  9540  8017   18.43812   22   48          -   21.66485      -   406  321s
 10239  8586   19.99075   34   45          -   21.62032      -   387  325s
 11986  9919   13.89188   30   40          -   21.51594      -   349  331s
 12847  9951   20.67492   29   48          -   21.47638      -   334  335s
 13643 11364   19.07387   29   51          -   21.39083      -   324  343s
 14292 11739   20.13973   25   54          -   21.36462      -   316  347s
 14669 12888   21.01299   29   48          -   21.34596      -   312  350s
 17643 15808   20.71552   22   57          -   21.27797      -   274  357s
 18751 17071   20.42101   29   46          -   21.23349      -   265  360s
 21437 20221   17.62403   26   46          -   21.17128      -   245  365s
 23838 22501   14.00324   26   53          -   21.12011      -   231  372s
 25454 24093   15.44410   25   47          -   21.09322      -   222  375s
 28289 25358   13.37937   30   41          -   21.03137      -   210  391s
 28321 25390   17.68203   30   45          -   21.00295      -   211  407s
 28353 25422   20.50335   28   52          -   20.97527      -   211  426s
 28385 25454   14.83829   26   51          -   20.94714      -   212  444s
 28417 25486   18.73539   23   49          -   20.93193      -   213  472s
 28449 25518    6.15411   27   57          -   20.90247      -   214  487s
 28481 25584   17.81994   22   51          -   20.87691      -   215  503s
 28547 25824   20.24289   38   39          -   20.85415      -   215  518s
 28787 25986   16.98062   27   42          -   20.82882      -   215  531s
 28949 26785   17.77682   39   29          -   20.81444      -   215  547s
 29788 28772   18.22870   32   44          -   20.79323      -   213  565s
 31905 29800   20.44524   31   42          -   20.77408      -   207  579s
 32957 33920   20.36916   26   41          -   20.73888      -   205  589s
 37397 36319   17.92514   33   44          -   20.71769      -   194  595s
 39922 38859   17.16384   30   46          -   20.68862      -   189  602s
 42525 41573   12.22745   30   34          -   20.66823      -   185  608s
 45301 44442   17.09840   29   37          -   20.64140      -   180  613s
 48249 47061    7.17623   27   56          -   20.61618      -   176  618s
 50980 49676   19.98529   26   49          -   20.59031      -   172  622s
 53645 52675   16.36021   26   45          -   20.56581      -   169  626s
 56668 55505   13.01345   27   50          -   20.53942      -   165  631s
 59541 62132   20.20170   30   44          -   20.52247      -   162  642s
 66719 64604   15.14116   29   45          -   20.49735      -   158  646s
 69230 67592   19.41253   31   45          -   20.47196      -   156  652s
 72278 70625   20.19435   28   46          -   20.45563      -   154  656s
 75463 73502   17.41997   29   42          -   20.43717      -   152  661s
 78413 76617   16.22030   30   45          -   20.42000      -   151  665s
 81556 79700   17.50931   28   41          -   20.40745      -   149  670s
 84752 83075   17.17992   34   42          -   20.38676      -   148  676s
 88303 86161   13.91755   30   47          -   20.36360      -   146  681s
 91484 93478   19.70766   39   34          -   20.33555      -   145  692s
 99445 96958   15.42259   33   43          -   20.30521      -   142  698s
 103093 100246   17.19415   36   37          -   20.28233      -   141  702s
 106484 103049   18.11079   38   33          -   20.26006      -   140  708s
 109351 106241   17.71329   34   38          -   20.24313      -   139  713s
 112690 109389   20.17071   45   43          -   20.22910      -   138  718s
 115982 112646   16.41971   32   43          -   20.21107      -   137  723s
 119379 115844   19.80086   45   45          -   20.19010      -   137  728s
 122680 122038   17.72629   33   46          -   20.17279      -   136  738s
 129491 124822   19.42124   33   41          -   20.14331      -   135  744s
 132358 128132   20.11633   44   43          -   20.12673      -   134  749s
 135864 131704   19.86559   30   43          -   20.11648      -   134  755s
 139652 135000   18.25372   24   50          -   20.10260      -   133  760s
 143203 138314   19.95361   40   33          -   20.09017      -   132  766s
 146674 141569   17.11598   31   42          -   20.07385      -   132  770s
 150070 144705   19.79367   31   49          -   20.05784      -   131  776s
 153357 149326   17.87252   30   42          -   20.04497      -   131  786s
*155952 149239              90       2.2510740   20.03575   790%   130  786s
 158366 151161   19.97578   44   39    2.25107   20.03197   790%   130  794s
 160290 153727   17.18532   28   46    2.25107   19.98988   788%   130  803s
 162858 156640   19.41426   38   30    2.25107   19.92261   785%   131  813s
 165773 160215   16.33750   36   26    2.25107   19.86310   782%   131  823s
 169350 164126   18.72613   46   45    2.25107   19.79005   779%   130  832s
 173263 167405   19.71442   44   50    2.25107   19.72980   776%   130  841s
 176547 167441   19.29292   26   44    2.25107   19.68433   774%   130  854s
H176549 167398                       2.2625896   19.68382   770%   130  854s
H176550 166999                       2.3624030   19.67784   733%   130  854s
H176553 166908                       2.3769676   19.67686   728%   130  854s
H176574 166782                       2.4025116   19.66381   718%   130  854s
 176583 170829   17.93050   49   36    2.40251   19.66102   718%   130  863s
 180633 171120   19.34958   40   26    2.40251   19.62432   717%   129  876s
H180652 171109                       2.4043994   19.62321   716%   129  876s
H180699 171074                       2.4142820   19.62114   713%   129  876s
H180766 170276                       2.5851029   19.61691   659%   129  876s
 180924 173741   19.58829   42   43    2.58510   19.61315   659%   129  885s
 184397 174280   15.99144   32   43    2.58510   19.57953   657%   129  902s
H184470 173759                       2.6755530   19.57473   632%   129  902s
H184538 173383                       2.7364793   19.57413   615%   129  902s
 184936 205206   19.48798   43   41    2.73648   19.56604   615%   129  960s
 216792 205570   11.95778   25   51    2.73648   19.38132   608%   124  974s
H217016 205227                       2.7898871   19.37538   594%   124  974s
H217113 205140                       2.8037352   19.37538   591%   124  974s
 217156 237063   18.91637   53   31    2.80374   19.37538   591%   124 1056s
 249156 237249   17.39870   49   36    2.80374   19.23360   586%   120 1069s
H249185 237199                       2.8118767   19.23356   584%   120 1069s
H249186 235748                       3.0323041   19.23347   534%   120 1069s
 249342 267670   18.73888   52   38    3.03230   19.23132   534%   120 1127s
H262342 267461                       3.0661887   19.23018   527%   119 1127s
H279342 267382                       3.0767164   19.22866   525%   118 1128s
 281342 267719   18.97317   49   47    3.07672   19.11437   521%   117 1140s
H281345 261414                       3.9990518   19.11431   378%   117 1140s
 281679 293355   18.92518   55   29    3.99905   19.11387   378%   117 1195s
 313679 298722   18.73217   46   37    3.99905   19.02268   376%   115 1206s
 319059 302065   18.99018   45   37    3.99905   19.01050   375%   115 1212s
 322407 305239   18.44007   50   43    3.99905   18.99556   375%   114 1218s
 325593 308647   17.94915   46   34    3.99905   18.98660   375%   114 1224s
 329005 311922   18.53188   50   39    3.99905   18.97297   374%   114 1230s
 332286 315089   18.30139   50   37    3.99905   18.95963   374%   114 1236s
 335465 318657   18.36973   50   39    3.99905   18.94918   374%   114 1242s
 339043 318731    9.68502   25   44    3.99905   18.93821   374%   113 1252s
 339117 319586   17.88988   52   34    3.99905   18.93359   373%   113 1262s
H339224 319573                       4.0022392   18.93304   373%   113 1262s
 339972 322291   17.65069   51   38    4.00224   18.93119   373%   113 1269s
H340183 322088                       4.0350270   18.93115   369%   113 1269s
 342696 327620   17.97839   48   37    4.03503   18.92605   369%   113 1279s
 348245 330850   18.89668   45   38    4.03503   18.90971   369%   113 1284s
 351479 333983   18.44381   51   39    4.03503   18.90138   368%   113 1290s
 354618 337558   18.84596   53   22    4.03503   18.89211   368%   112 1296s
 358202 340835   18.19411   52   34    4.03503   18.88269   368%   112 1302s
 361487 344082   18.80907   51   34    4.03503   18.87374   368%   112 1308s
 364744 347395   18.52270   51   37    4.03503   18.86291   367%   112 1313s
 368069 350819   18.41248   47   38    4.03503   18.85308   367%   112 1318s
 371500 354222   18.33213   50   42    4.03503   18.84407   367%   111 1324s
 374919 359858   18.80280   49   32    4.03503   18.83520   367%   111 1333s
 380571 362896   16.41074   26   52    4.03503   18.82447   367%   111 1338s
 383617 366280   18.22008   56   25    4.03503   18.81522   366%   111 1343s
 387011 369779   18.79232   51   30    4.03503   18.80842   366%   111 1348s
 390526 372701   18.25424   49   40    4.03503   18.79941   366%   110 1353s
 393465 376054   18.51291   44   41    4.03503   18.79403   366%   110 1358s
 396829 379382   18.52525   49   42    4.03503   18.78707   366%   110 1364s
 400173 382840   17.89377   48   38    4.03503   18.77858   365%   110 1370s
 403650 385931   16.20406   54   34    4.03503   18.77236   365%   110 1375s
 406751 391171   18.31767   50   42    4.03503   18.76541   365%   110 1383s
 412013 394458   18.75028   48   26    4.03503   18.75611   365%   110 1388s
 415315 397863   18.35927   52   40    4.03503   18.75014   365%   109 1393s
 418720 401161   18.19326   52   41    4.03503   18.74220   364%   109 1399s
 422033 404574   18.62678   50   41    4.03503   18.73809   364%   109 1404s
 425460 408185   17.71642   46   27    4.03503   18.73109   364%   109 1410s
 429087 411390   18.29428   50   42    4.03503   18.72503   364%   109 1415s
 433566 414785   18.13388   55   33    4.03503   18.71800   364%   109 1420s
 435708 420012   18.42041   50   39    4.03503   18.71383   364%   108 1428s
 440959 423212   18.42173   41   27    4.03503   18.70336   364%   108 1433s
 444178 426648   17.84381   55   29    4.03503   18.69781   363%   108 1439s
 447636 430083   18.56852   47   44    4.03503   18.69449   363%   108 1444s
 451085 433362   18.17110   49   45    4.03503   18.68809   363%   108 1450s
 454379 436640   18.05209   54   35    4.03503   18.68230   363%   108 1455s
 457665 440003   17.61601   49   28    4.03503   18.67512   363%   108 1460s
 461041 443338   18.48080   50   40    4.03503   18.66822   363%   107 1465s
 464402 446655   15.45407   52   35    4.03503   18.66481   363%   107 1470s
 467733 451937   18.48558   50   37    4.03503   18.65770   362%   107 1478s
 473031 455177   18.47670   47   36    4.03503   18.64934   362%   107 1483s
 476287 455225   18.64152   48   22    4.03503   18.64517   362%   107 1492s
H476311 454607                       4.1169262   18.64499   353%   107 1493s
 476335 457035   18.64499   51   33    4.11693   18.64499   353%   107 1497s
 478765 460440   15.10768   38   28    4.11693   18.63969   353%   107 1503s
 482184 463786   18.29405   46   53    4.11693   18.63850   353%   107 1508s
 485548 467594   18.62073   47   49    4.11693   18.63082   353%   107 1514s
 489369 470840   16.63267   46   48    4.11693   18.62555   352%   106 1519s
 492621 474066   17.72086   49   39    4.11693   18.62007   352%   106 1525s
 495865 477277   12.84365   39   35    4.11693   18.61434   352%   106 1530s
 499084 482281   17.93496   49   43    4.11693   18.60979   352%   106 1538s
 504113 485658   17.77087   52   38    4.11693   18.60264   352%   106 1542s
 507494 488863   18.16530   48   45    4.11693   18.59655   352%   106 1547s
 510714 492049   18.20457   47   39    4.11693   18.59363   352%   106 1553s
 513911 495382   17.10106   49   41    4.11693   18.58693   351%   106 1558s
 517260 498788   18.38295   54   36    4.11693   18.58242   351%   106 1563s
 520679 502007   18.40646   51   42    4.11693   18.57652   351%   106 1568s
 523906 505237   16.74693   55   32    4.11693   18.57244   351%   106 1574s
 527148 508384   18.06164   52   37    4.11693   18.56761   351%   105 1580s
 530308 513220   17.37488   36   31    4.11693   18.56335   351%   105 1588s
 535170 516467   18.42327   40   27    4.11693   18.55667   351%   105 1593s
 538437 519763   18.38331   49   35    4.11693   18.55107   351%   105 1598s
 541754 519795   18.09496   48   45    4.11693   18.54714   351%   105 1607s
 541786 519927   18.51769   48   40    4.11693   18.54568   350%   105 1617s
 541918 520987   18.22092   56   32    4.11693   18.54384   350%   105 1625s
 542984 524438   18.12729   47   41    4.11693   18.54311   350%   105 1632s
 546447 528360   18.46080   50   35    4.11693   18.53869   350%   105 1638s
 550390 532174   17.97885   48   48    4.11693   18.53307   350%   105 1643s
 554227 535731   18.18207   50   39    4.11693   18.52830   350%   105 1649s
 557796 539170   15.86054   47   46    4.11693   18.52305   350%   105 1654s
 561246 544206   17.73310   38   35    4.11693   18.51635   350%   105 1662s
 566298 547447   18.12860   47   42    4.11693   18.51361   350%   105 1667s
 569541 550810   18.45665   48   43    4.11693   18.50529   349%   104 1672s
 572922 554074   17.80872   47   45    4.11693   18.50095   349%   104 1677s
 576194 557245   18.25910   50   36    4.11693   18.49737   349%   104 1682s
 579379 560384   18.38201   53   30    4.11693   18.49236   349%   104 1687s
 582530 563797   18.37298   50   42    4.11693   18.48797   349%   104 1692s
 585958 566585   18.41131   49   41    4.11693   18.48374   349%   104 1697s
 588754 570170   17.97439   48   46    4.11693   18.48106   349%   104 1702s
 592350 574557   18.33804   49   44    4.11693   18.47638   349%   104 1709s
 596756 578279   18.46571   48   34    4.11693   18.47132   349%   104 1715s
 603938 584954   14.01241   52   37    4.11693   18.46181   348%   104 1724s
 607195 585670   18.26799   48   41    4.11693   18.45803   348%   104 1732s
 607911 588140   18.43286   48   33    4.11693   18.45613   348%   104 1737s
H608037 588140                       4.1169262   18.45613   348%   104 1737s
H609443 588140                       4.1169262   18.45513   348%   104 1737s
 610392 591138   18.33288   53   35    4.11693   18.45374   348%   104 1744s
 613410 594829   15.63141   39   29    4.11693   18.45177   348%   103 1751s
 617123 598753   17.86887   48   48    4.11693   18.44766   348%   103 1756s
 621069 602325   18.41678   45   39    4.11693   18.44231   348%   103 1760s
 624665 607070   18.03958   50   37    4.11693   18.44006   348%   103 1767s
 629435 610338   18.27381   52   32    4.11693   18.43291   348%   103 1770s
 632726 613623   17.93142   49   44    4.11693   18.42823   348%   103 1775s
 639157 620144   13.38787   25   42    4.11693   18.42029   347%   103 1784s
 642575 623743   17.98362   53   41    4.11693   18.41640   347%   103 1788s
 646198 626779   18.26799   47   21    4.11693   18.41340   347%   103 1792s
 649238 630147   18.28169   47   32    4.11693   18.41109   347%   103 1796s
 652624 633686   18.33155   56   26    4.11693   18.40671   347%   103 1801s
 656181 638199    7.47478   29   40    4.11693   18.40355   347%   103 1807s
 660711 641671   18.00083   47   42    4.11693   18.39972   347%   103 1812s
 664197 645022   18.38916   46   46    4.11693   18.39670   347%   103 1817s
 667572 648363   18.03930   49   39    4.11693   18.39243   347%   102 1822s
 670929 651508   18.27791   49   36    4.11693   18.38880   347%   102 1826s
 674090 654954   18.38596   45   31    4.11693   18.38596   347%   102 1831s
 677560 658217   17.89438   44   23    4.11693   18.38167   346%   102 1836s
 680841 661674   18.35250   46   16    4.11693   18.37804   346%   102 1841s
 684312 664838   18.21561   50   41    4.11693   18.37485   346%   102 1846s
 687501 669283   18.07758   52   42    4.11693   18.37164   346%   102 1852s
 691970 672502   18.36702   49   37    4.11693   18.36770   346%   102 1856s
 695207 675876   18.36445   48   31    4.11693   18.36445   346%   102 1861s
 698603 679239   16.98318   49   43    4.11693   18.36099   346%   102 1865s
 705341 685985   18.32000   49   40    4.11693   18.35418   346%   102 1873s
 708748 688734   18.24018   51   39    4.11693   18.35196   346%   102 1878s
 711519 692287   18.15199   50   38    4.11693   18.34719   346%   102 1882s
 715096 695766   18.30222   44   53    4.11693   18.34502   346%   102 1886s
 718602 700105   15.91674   53   29    4.11693   18.34094   346%   102 1892s
 722960 703580   17.26810   52   44    4.11693   18.33649   345%   102 1896s
 726445 706894   16.73680   53   40    4.11693   18.33474   345%   102 1901s
 729779 708741   14.07198   39   27    4.11693   18.33121   345%   102 1905s
 731632 712628   18.26011   48   40    4.11693   18.32834   345%   102 1910s
 735529 712660   17.88138   53   38    4.11693   18.32584   345%   102 1918s
H735541 712660                       4.1169262   18.32459   345%   102 1919s
 735561 713011   18.13314   48   38    4.11693   18.32367   345%   102 1926s
H735724 712969                       4.1220727   18.32361   345%   102 1927s
 735918 716835   18.30392   54   35    4.12207   18.32316   345%   102 1933s
 739794 720516   17.25065   51   39    4.12207   18.32113   344%   102 1938s
 743492 724344   18.31841   49   38    4.12207   18.31841   344%   101 1943s
 747340 727915   17.83900   48   38    4.12207   18.31502   344%   101 1947s
 750935 732340   17.44226   52   39    4.12207   18.31197   344%   101 1954s
 755385 735742   18.05681   53   40    4.12207   18.30877   344%   101 1959s
 758807 739223   14.32538   55   30    4.12207   18.30420   344%   101 1964s
 762303 742340   17.14620   49   40    4.12207   18.30251   344%   101 1969s
 765440 745596   17.97603   51   43    4.12207   18.29872   344%   101 1974s
 768710 749154   18.29607   46   45    4.12207   18.29634   344%   101 1979s
 772288 752330   15.39704   50   45    4.12207   18.29356   344%   101 1984s
 775474 754598   18.08854   51   32    4.12207   18.28973   344%   101 1989s
 777760 758196   17.70537   43   28    4.12207   18.28773   344%   101 1995s
 781368 762686   18.27252   49   40    4.12207   18.28588   344%   101 2002s
 785889 765839   14.09268   50   44    4.12207   18.28233   344%   101 2006s
 789060 769015   17.30359   51   40    4.12207   18.27898   343%   101 2012s
 792262 772201   17.29644   49   48    4.12207   18.27667   343%   101 2016s
 795477 775501   18.27527   47   39    4.12207   18.27527   343%   101 2021s
 798801 778728   17.61564   54   38    4.12207   18.27170   343%   101 2026s
 802044 782144   18.23815   49   46    4.12207   18.26907   343%   101 2031s
 805478 785419   17.82541   48   44    4.12207   18.26700   343%   101 2037s
 808772 788823   16.41183   51   40    4.12207   18.26502   343%   101 2041s
 812188 793090   18.25447   46   53    4.12207   18.26332   343%   101 2048s
 816477 796324   18.24102   46   43    4.12207   18.25812   343%   101 2053s
 819736 799210   17.11082   51   42    4.12207   18.25536   343%   101 2058s
 822634 802592   18.24315   40   42    4.12207   18.25239   343%   101 2063s
 826035 805839   17.84554   52   39    4.12207   18.25011   343%   101 2069s
 829305 809346   17.83165   49   43    4.12207   18.24676   343%   101 2075s
 832836 812625   17.95563   55   19    4.12207   18.24382   343%   101 2080s
 836127 815359   17.87520   52   42    4.12207   18.24215   343%   100 2086s
 838876 817265   18.09178   50   41    4.12207   18.23919   342%   100 2093s
H838969 817264                       4.1221332   18.23900   342%   100 2093s
 840794 821064   17.97073   44   55    4.12213   18.23871   342%   100 2099s
 844616 825411   18.21686   43   45    4.12213   18.23476   342%   100 2106s
 848988 828689   18.23112   45   38    4.12213   18.23112   342%   100 2111s
 852288 831936   17.56658   54   31    4.12213   18.22871   342%   100 2116s
 855552 835308   13.30349   40   29    4.12213   18.22703   342%   100 2121s
 858934 838011   17.76544   48   41    4.12213   18.22406   342%   100 2127s
 861655 841335   17.84402   48   40    4.12213   18.22301   342%   100 2132s
 864991 844742   18.13543   48   47    4.12213   18.21978   342%   100 2138s
 868418 844774   18.07190   50   38    4.12213   18.21717   342%   100 2146s
H868423 844663                       4.1318896   18.21674   341%   100 2146s
 868450 848008   18.03788   50   31    4.13189   18.21620   341%   100 2152s
 871818 851419   10.02880   53   37    4.13189   18.21440   341%   100 2157s
 875248 855754   18.14893   48   46    4.13189   18.21086   341%   100 2163s
 879595 859212   18.08207   50   40    4.13189   18.20790   341%   100 2168s
 883067 861928   18.05550   50   41    4.13189   18.20557   341%   100 2174s
 885793 865383   18.08691   49   46    4.13189   18.20344   341%   100 2179s
 889270 868735   18.20071   44   48    4.13189   18.20071   340%   100 2184s
 892632 872188   17.54532   49   39    4.13189   18.19866   340%   100 2188s
 896113 872224   17.98263   49   38    4.13189   18.19558   340%   100 2196s
 896149 873039   18.18039   54   31    4.13189   18.19510   340%   100 2204s
H896259 873025                       4.1334815   18.19510   340%   100 2204s
 896968 876824   17.19373   52   29    4.13348   18.19454   340%   100 2210s
 900777 877756   18.15547   47   48    4.13348   18.19175   340%   100 2216s
 901717 881635   18.04433   53   37    4.13348   18.19098   340%   100 2221s
 905618 885966   17.66431   49   39    4.13348   18.18881   340%   100 2228s
 909982 889328   15.50377   51   40    4.13348   18.18540   340%   100 2233s
 913354 892500   17.93677   50   35    4.13348   18.18370   340%   100 2237s
 916548 895698   18.02967   49   45    4.13348   18.18055   340%   100 2243s
 919768 899172   18.17871   49   34    4.13348   18.17933   340%   100 2248s
 923262 902624   18.15418   49   41    4.13348   18.17710   340%   100 2252s
 926732 905771   17.07141   52   40    4.13348   18.17424   340%   100 2256s
 929899 909080   16.90170   49   43    4.13348   18.17197   340%   100 2260s
 933231 909112   16.20050   52   36    4.13348   18.17008   340%   100 2270s
 933263 909181   17.50240   47   38    4.13348   18.16893   340%   100 2280s
H933332 910068                       4.1343926   18.16891   339%   100 2288s
 934228 913853   18.13186   49   40    4.13439   18.16891   339%   100 2293s
 938036 918138   18.00923   45   38    4.13439   18.16662   339%   100 2300s
 942342 921306   18.13184   51   34    4.13439   18.16385   339%   100 2305s
 945530 924840   17.96702   47   33    4.13439   18.16102   339%   100 2310s
 949074 928194   17.54585   54   33    4.13439   18.15872   339%   100 2315s
 955700 934979   17.87894   49   40    4.13439   18.15452   339%  99.5 2324s
 959243 938122   17.99322   50   41    4.13439   18.15107   339%  99.4 2329s
 962401 941426   16.80579   48   33    4.13439   18.14839   339%  99.4 2333s
 965735 944572   18.14704   41   44    4.13439   18.14704   339%  99.4 2338s
 968895 948943   17.01475   50   44    4.13439   18.14394   339%  99.4 2345s
 976588 955654   18.13934   44   35    4.13439   18.13976   339%  99.3 2354s
 980029 958764   18.11996   43   50    4.13439   18.13865   339%  99.3 2359s
 983151 962085   15.63970   50   27    4.13439   18.13523   339%  99.3 2364s
 986488 965528   16.18230   46   53    4.13439   18.13329   339%  99.2 2368s
 989954 968812   17.08534   47   40    4.13439   18.13303   339%  99.2 2372s
 993246 972090   17.62608   48   47    4.13439   18.12973   339%  99.2 2377s
 996555 975271   18.11579   50   36    4.13439   18.12736   338%  99.2 2382s
 999747 979631   17.90292   51   44    4.13439   18.12429   338%  99.1 2387s
 1004127 982268   17.75354   49   38    4.13439   18.12173   338%  99.1 2393s
 1006787 985805   18.10284   52   36    4.13439   18.12018   338%  99.1 2398s
 1010330 989246   16.98598   57   33    4.13439   18.11775   338%  99.0 2403s
 1013784 992556   17.22212   47   44    4.13439   18.11607   338%  99.0 2408s
 1017113 996053   16.60814   40   28    4.13439   18.11386   338%  99.0 2413s
 1020626 999654   17.18785   49   41    4.13439   18.11145   338%  99.0 2418s
 1024241 1002567   17.79117   51   36    4.13439   18.10959   338%  98.9 2423s
 1027172 1005839   16.31994   33   41    4.13439   18.10819   338%  98.9 2428s
 1030466 1010047   17.92882   54   38    4.13439   18.10667   338%  98.9 2435s
H1034979 1011116                       4.1343926   18.10508   338%  98.9 2440s
H1035601 1011116                       4.1343966   18.10384   338%  98.9 2440s
 1035771 1015016   16.70833   54   32    4.13440   18.10339   338%  98.9 2445s
 1039698 1019006   16.88341   51   41    4.13440   18.10158   338%  98.8 2450s
 1047106 1026010   18.09524   49   41    4.13440   18.09842   338%  98.8 2459s
 1050763 1029313   17.92537   52   38    4.13440   18.09540   338%  98.8 2463s
 1054082 1030069   18.08798   47   35    4.13440   18.09357   338%  98.8 2469s
 1054842 1033863   17.68342   54   41    4.13440   18.09287   338%  98.8 2474s
 1058666 1037354   17.85642   50   40    4.13440   18.09085   338%  98.7 2479s
 1062197 1041351   17.36790   42   27    4.13440   18.08863   338%  98.7 2484s
 1066214 1044905   17.11971   46   48    4.13440   18.08615   337%  98.7 2488s
 1069789 1048164   17.84990   47   38    4.13440   18.08547   337%  98.7 2493s
 1073074 1051558   18.04809   46   41    4.13440   18.08417   337%  98.7 2497s
 1076486 1055076   18.04716   48   38    4.13440   18.08079   337%  98.7 2501s
 1080029 1058192   18.07539   46   37    4.13440   18.07897   337%  98.6 2505s
 1083155 1061705   17.93867   48   38    4.13440   18.07712   337%  98.6 2510s
 1086683 1064710   17.99033   42   45    4.13440   18.07572   337%  98.6 2516s
 1089710 1068079   18.05108   50   47    4.13440   18.07350   337%  98.6 2520s
 1093102 1072324   17.63704   49   44    4.13440   18.07177   337%  98.6 2527s
 1097379 1075379   17.38001   52   38    4.13440   18.06960   337%  98.6 2532s
 1100442 1078739   18.05738   46   48    4.13440   18.06831   337%  98.6 2537s
 1103829 1082158   17.41696   37   28    4.13440   18.06552   337%  98.5 2542s
 1107264 1085468   17.65693   48   48    4.13440   18.06373   337%  98.5 2547s
 1110596 1088705   13.23815   50   33    4.13440   18.06245   337%  98.5 2553s
 1113843 1091882   18.06030   45   43    4.13440   18.06030   337%  98.5 2557s
 1117049 1095015   18.06030   45   45    4.13440   18.06030   337%  98.5 2563s
 1120194 1098246   18.05748   47   44    4.13440   18.05748   337%  98.5 2568s
 1123446 1098287   17.00466   55   28    4.13440   18.05511   337%  98.5 2579s
 1123487 1130068   18.05401   50   26    4.13440   18.05401   337%  98.5 2645s
 1155487 1132475   17.84362   49   39    4.13440   18.04400   336%  98.4 2653s
 1157910 1138096   17.83068   54   34    4.13440   18.04268   336%  98.4 2662s
 1163555 1141942   17.37641   52   39    4.13440   18.03957   336%  98.4 2668s
 1167418 1145644   16.93113   50   40    4.13440   18.03763   336%  98.4 2673s
 1171144 1149080   17.73880   45   31    4.13440   18.03518   336%  98.4 2679s
 1174617 1152490   17.60723   52   44    4.13440   18.03320   336%  98.4 2684s
 1178048 1155959   17.88966   55   28    4.13440   18.03109   336%  98.4 2690s
 1181528 1159413   18.02926   48   43    4.13440   18.02926   336%  98.4 2695s
 1184998 1163359   16.73893   48   41    4.13440   18.02733   336%  98.3 2702s
 1188966 1166633   18.01002   47   39    4.13440   18.02512   336%  98.3 2708s
 1192261 1169935   17.76845   52   39    4.13440   18.02294   336%  98.3 2713s
 1195592 1173461   17.91700   47   33    4.13440   18.02184   336%  98.3 2719s
 1199140 1176735   17.63806   47   52    4.13440   18.01955   336%  98.3 2725s
 1202436 1180079   17.97298   47   36    4.13440   18.01680   336%  98.3 2731s
 1205798 1183377   17.89001   51   41    4.13440   18.01480   336%  98.3 2736s
 1209120 1186626   17.94405   47   45    4.13440   18.01333   336%  98.3 2741s
 1212391 1189870   15.32557   31   36    4.13440   18.01125   336%  98.3 2746s
 1215659 1193794   17.11028   50   37    4.13440   18.00916   336%  98.3 2753s
 1219608 1197136   17.99948   46   41    4.13440   18.00722   336%  98.3 2759s
 1222962 1200178   16.86598   48   41    4.13440   18.00506   335%  98.2 2764s
 1226031 1203396   14.76611   48   22    4.13440   18.00364   335%  98.2 2770s
 1229268 1206941   17.87746   54   26    4.13440   18.00157   335%  98.2 2775s
 1236264 1213661   17.99501   42   35    4.13440   17.99801   335%  98.2 2784s
 1239606 1217120   17.52108   52   42    4.13440   17.99570   335%  98.2 2789s
 1243087 1219849   17.98982   50   39    4.13440   17.99511   335%  98.2 2796s
 1245842 1223944   17.50030   48   17    4.13440   17.99251   335%  98.2 2803s
 1249953 1227419   17.46805   42   20    4.13440   17.99022   335%  98.2 2808s
 1253446 1230384   17.98524   50   31    4.13440   17.98844   335%  98.1 2814s
 1256432 1233617   17.92405   47   47    4.13440   17.98597   335%  98.1 2819s
 1259683 1236904   12.38487   47   45    4.13440   17.98405   335%  98.1 2824s
 1262990 1239602   17.43504   53   33    4.13440   17.98278   335%  98.1 2830s
 1265707 1242948   17.46728   48   42    4.13440   17.98151   335%  98.1 2835s
 1269074 1246152   17.75102   49   21    4.13440   17.97923   335%  98.1 2840s
 1272302 1249489   17.25992   54   40    4.13440   17.97753   335%  98.1 2845s
 1275671 1252274   17.01388   52   27    4.13440   17.97573   335%  98.1 2852s
 1278474 1255965   17.97460   46   47    4.13440   17.97502   335%  98.1 2859s
 1282190 1259331   14.01824   37   31    4.13440   17.97377   335%  98.1 2867s
 1285561 1263403   16.89224   49   36    4.13440   17.97145   335%  98.1 2874s
 1289652 1267356   17.77436   50   43    4.13440   17.96942   335%  98.1 2880s
 1293632 1271320   17.17913   53   38    4.13440   17.96740   335%  98.1 2887s
 1297606 1274343   17.95985   49   45    4.13440   17.96498   335%  98.0 2894s
 1300657 1278045   17.29993   52   40    4.13440   17.96269   334%  98.0 2899s
 1304380 1281659   17.82887   49   38    4.13440   17.96057   334%  98.0 2905s
 1308025 1285639   17.79211   52   28    4.13440   17.95910   334%  98.0 2911s
 1312033 1288991   15.80613   50   43    4.13440   17.95652   334%  98.0 2916s
 1315404 1292078   17.77362   51   36    4.13440   17.95487   334%  98.0 2921s
 1318516 1294994   17.94268   51   35    4.13440   17.95409   334%  98.0 2927s
 1321446 1298335   15.36481   52   37    4.13440   17.95169   334%  98.0 2933s
 1324817 1301613   17.95007   47   24    4.13440   17.95007   334%  98.0 2939s
 1328108 1305072   17.27871   52   37    4.13440   17.94787   334%  98.0 2944s
 1331597 1308362   17.89973   49   39    4.13440   17.94667   334%  98.0 2950s
 1334927 1311833   17.01258   51   41    4.13440   17.94525   334%  97.9 2955s
 1338418 1315345   17.27643   48   37    4.13440   17.94344   334%  97.9 2961s
 1341950 1319075   17.69243   48   43    4.13440   17.94141   334%  97.9 2967s
 1345704 1322641   17.64911   53   30    4.13440   17.93956   334%  97.9 2972s
 1349290 1326156   17.51897   51   42    4.13440   17.93781   334%  97.9 2978s
 1352821 1329048   17.93614   46   42    4.13440   17.93614   334%  97.9 2984s
 1355725 1332497   17.93503   48   35    4.13440   17.93503   334%  97.9 2988s
 1359192 1335953   17.63732   43   49    4.13440   17.93367   334%  97.9 2994s
 1362673 1339451   17.77666   53   33    4.13440   17.93112   334%  97.9 2999s
 1366188 1342738   17.68662   46   47    4.13440   17.93024   334%  97.8 3005s
 1369496 1346905   16.72775   50   40    4.13440   17.92852   334%  97.8 3011s
 1373691 1350081   17.77633   47   29    4.13440   17.92678   334%  97.8 3016s
 1376885 1353411   17.90658   49   47    4.13440   17.92512   334%  97.8 3021s
 1380235 1356185   17.47596   46   45    4.13440   17.92353   334%  97.8 3026s
 1383019 1359240   17.06418   44   47    4.13440   17.92319   334%  97.8 3031s
 1386095 1362401   17.78764   48   45    4.13440   17.92100   333%  97.8 3036s
 1389281 1365888   17.89317   47   42    4.13440   17.92026   333%  97.8 3041s
 1392792 1368607   17.81713   52   36    4.13440   17.91793   333%  97.8 3047s
 1395529 1372204   17.63050   46   28    4.13440   17.91672   333%  97.8 3052s
 1399146 1376129   17.59981   52   35    4.13440   17.91508   333%  97.8 3059s
 1403101 1379391   17.35714   50   37    4.13440   17.91384   333%  97.8 3064s
 1406377 1382695   16.84160   51   40    4.13440   17.91101   333%  97.7 3069s
 1409709 1386049   17.88803   48   39    4.13440   17.90951   333%  97.7 3075s
 1413085 1389353   16.64591   53   37    4.13440   17.90839   333%  97.7 3080s
 1416404 1392284   17.89475   47   43    4.13440   17.90678   333%  97.7 3085s
 1419356 1395696   15.69250   54   36    4.13440   17.90567   333%  97.7 3090s
 1422786 1399344   17.88676   47   41    4.13440   17.90379   333%  97.7 3095s
 1426452 1402614   17.88165   52   35    4.13440   17.90318   333%  97.7 3100s
 1429740 1405919   13.64779   46   46    4.13440   17.90141   333%  97.7 3107s
 1433073 1410103   17.89924   45   33    4.13440   17.89939   333%  97.7 3113s
 1437284 1413441   17.89862   44   27    4.13440   17.89862   333%  97.7 3118s
 1440646 1416576   17.52031   52   33    4.13440   17.89656   333%  97.6 3123s
 1443799 1419930   17.89397   47   42    4.13440   17.89574   333%  97.6 3129s
 1447175 1423216   17.23846   50   35    4.13440   17.89331   333%  97.6 3134s
 1450486 1425868   17.86277   52   34    4.13440   17.89171   333%  97.6 3140s
 1453164 1429411   17.87874   46   46    4.13440   17.89097   333%  97.6 3145s
 1456735 1432936   17.88773   54   29    4.13440   17.88856   333%  97.6 3151s
 1460282 1436888   16.08712   57   34    4.13440   17.88680   333%  97.6 3158s
 1464264 1440268   17.20959   53   35    4.13440   17.88494   333%  97.6 3162s
 1467662 1443423   17.80814   49   36    4.13440   17.88327   333%  97.6 3167s
 1470834 1446159   17.37363   54   40    4.13440   17.88200   333%  97.6 3173s
 1473585 1449571   16.83200   52   38    4.13440   17.88041   332%  97.6 3179s
 1477012 1452995   17.68186   44   31    4.13440   17.87943   332%  97.6 3185s
 1480452 1456322   17.87756   52   24    4.13440   17.87756   332%  97.6 3190s
 1483806 1459605   17.18259   53   36    4.13440   17.87628   332%  97.6 3196s
 1487122 1463076   17.73556   54   35    4.13440   17.87498   332%  97.6 3201s
 1490608 1466559   17.34472   48   44    4.13440   17.87343   332%  97.6 3207s
 1494124 1470080   17.26531   54   39    4.13440   17.87158   332%  97.6 3213s
 1497671 1473632   17.86526   48   49    4.13440   17.87055   332%  97.5 3218s
 1501259 1477040   17.38217   52   36    4.13440   17.86854   332%  97.5 3224s
 1504693 1480242   17.15502   52   28    4.13440   17.86694   332%  97.5 3229s
 1507917 1483017   17.53376   51   32    4.13440   17.86519   332%  97.5 3235s
 1510711 1486570   17.86437   43   39    4.13440   17.86437   332%  97.5 3241s
 1514294 1490215   17.44259   50   35    4.13440   17.86224   332%  97.5 3246s
 1517963 1493681   17.79239   50   42    4.13440   17.86064   332%  97.5 3251s
 1521462 1497716   17.85354   47   28    4.13440   17.85933   332%  97.5 3258s
 1525519 1500789   17.82627   52   28    4.13440   17.85717   332%  97.5 3263s
 1528602 1504070   17.01847   51   39    4.13440   17.85600   332%  97.5 3268s
 1531909 1507511   17.17113   53   38    4.13440   17.85477   332%  97.5 3272s
 1535379 1510686   17.46636   52   28    4.13440   17.85330   332%  97.5 3278s
 1538574 1513995   15.47002   55   30    4.13440   17.85213   332%  97.5 3283s
 1541913 1516835   17.83873   49   43    4.13440   17.85078   332%  97.5 3288s
 1544770 1519912   14.52772   52   30    4.13440   17.84926   332%  97.5 3293s
 1547876 1523334   17.55573   51   41    4.13440   17.84829   332%  97.5 3298s
 1551337 1527229   17.18141   47   44    4.13440   17.84696   332%  97.5 3305s
 1555259 1530537   17.81188   51   41    4.13440   17.84511   332%  97.5 3310s
 1558597 1533274   12.52116   35   38    4.13440   17.84350   332%  97.4 3315s
 1561350 1536673   16.55914   56   36    4.13440   17.84236   332%  97.4 3320s
 1564795 1539898    7.87529   50   35    4.13440   17.84138   332%  97.4 3326s
 1568039 1543207   17.73842   47   42    4.13440   17.83959   331%  97.4 3331s
 1571367 1546537   17.27544   50   41    4.13440   17.83759   331%  97.4 3336s
 1574727 1549929   17.77389   46   44    4.13440   17.83691   331%  97.4 3341s
 1578146 1550488   17.47596   53   37    4.13440   17.83471   331%  97.4 3349s
 1578711 1553868   17.81083   66   22    4.13440   17.83432   331%  97.4 3355s
 1582131 1557651   17.34102   51   37    4.13440   17.83272   331%  97.4 3362s
 1585940 1560892   17.15641   56   24    4.13440   17.83069   331%  97.4 3367s
 1589204 1564376   15.78732   47   31    4.13440   17.82916   331%  97.4 3372s
 1592710 1567733   17.80490   50   44    4.13440   17.82820   331%  97.4 3378s
 1596101 1571052   17.41506   55   34    4.13440   17.82665   331%  97.4 3383s
 1599457 1574368   17.57133   40   32    4.13440   17.82567   331%  97.4 3388s
 1602798 1577527   17.82450   50   28    4.13440   17.82450   331%  97.4 3393s
 1605980 1580776   16.21040   51   25    4.13440   17.82243   331%  97.4 3398s
 1609248 1584005   17.21106   51   38    4.13440   17.82145   331%  97.4 3405s
 1612489 1587884   16.91012   54   33    4.13440   17.81971   331%  97.4 3411s
 1616384 1591093   17.81826   45   30    4.13440   17.81826   331%  97.4 3416s
 1619615 1594223   17.08905   23   50    4.13440   17.81639   331%  97.4 3421s
 1622776 1594309   17.02233   47   42    4.13440   17.81473   331%  97.4 3430s
 1622864 1596742   17.42768   43   51    4.13440   17.81466   331%  97.4 3436s
 1625316 1600485   17.65063   53   34    4.13440   17.81429   331%  97.4 3442s
 1629087 1604053   17.81238   46   35    4.13440   17.81238   331%  97.4 3447s
 1632692 1607593   17.03556   53   40    4.13440   17.81104   331%  97.3 3453s
 1636251 1610977   16.77801   52   37    4.13440   17.80923   331%  97.3 3458s
 1639657 1614082   17.66704   50   45    4.13440   17.80823   331%  97.3 3463s
 1642786 1617852   17.03356   49   28    4.13440   17.80655   331%  97.3 3469s
 1646585 1621216   17.79984   50   41    4.13440   17.80572   331%  97.3 3474s
 1649970 1624368   17.59869   36   34    4.13440   17.80434   331%  97.3 3479s
 1653148 1627921   17.17914   51   37    4.13440   17.80285   331%  97.3 3484s
 1656722 1631128   17.34463   53   35    4.13440   17.80133   331%  97.3 3489s
 1659959 1634328   16.82446   51   40    4.13440   17.80005   331%  97.3 3494s
 1663199 1637630    7.34373   50   40    4.13440   17.79871   331%  97.3 3499s
 1666524 1640826   15.52841   51   30    4.13440   17.79757   330%  97.3 3504s
 1667657 1640826   17.63142   50   48    4.13440   17.79702   330%  97.3 3505s
 1669756 1644012   17.63221   53   40    4.13440   17.79611   330%  97.3 3510s
 1672969 1647733   16.97053   50   45    4.13440   17.79518   330%  97.3 3516s
 1676713 1651030   16.78271   55   36    4.13440   17.79392   330%  97.3 3521s
 1680029 1654370   17.78586   49   50    4.13440   17.79282   330%  97.3 3527s
 1683398 1657782   17.64048   50   38    4.13440   17.79102   330%  97.3 3532s
 1686864 1661015   17.79053   47   40    4.13440   17.79053   330%  97.3 3537s
 1690125 1664365   17.50473   50   36    4.13440   17.78903   330%  97.3 3542s
 1693506 1667507   17.23090   47   36    4.13440   17.78743   330%  97.3 3547s
 1696676 1670854   16.75296   52   43    4.13440   17.78619   330%  97.3 3552s
 1700062 1674070   17.75910   45   45    4.13440   17.78491   330%  97.3 3557s
 1703318 1677733   17.76115   45   45    4.13440   17.78407   330%  97.3 3564s
 1707019 1681277   17.78220   52   35    4.13440   17.78220   330%  97.3 3569s
 1710622 1684529   17.08135   51   37    4.13440   17.78116   330%  97.3 3574s
 1713906 1687881   17.06467   52   42    4.13440   17.77966   330%  97.3 3579s
 1717274 1691202   17.57572   45   41    4.13440   17.77859   330%  97.3 3584s
 1717630 1691202   15.98525   47   47    4.13440   17.77848   330%  97.3 3585s
 1720624 1693942   17.58139   50   35    4.13440   17.77765   330%  97.3 3590s
 1723375 1697340   17.68445   51   41    4.13440   17.77606   330%  97.3 3595s
 1726789 1700651    6.91767   49   35    4.13440   17.77493   330%  97.3 3601s
 1730132 1703967   16.55149   56   31    4.13440   17.77342   330%  97.3 3606s
 1733467 1707879   17.21006   44   41    4.13440   17.77244   330%  97.3 3613s
 1737402 1711249   17.76174   52   35    4.13440   17.77143   330%  97.3 3618s
 1740811 1714577   17.08023   49   38    4.13440   17.76995   330%  97.3 3623s
 1744178 1717414   17.75452   52   35    4.13440   17.76906   330%  97.3 3628s
 1747054 1720591   17.66974   51   50    4.13440   17.76816   330%  97.2 3633s
 1750253 1723944   17.34637   53   37    4.13440   17.76662   330%  97.3 3638s
 1753632 1727067   15.94408   51   40    4.13440   17.76536   330%  97.2 3643s
 1756778 1730359   17.76303   48   37    4.13440   17.76385   330%  97.2 3648s
 1760097 1733046   17.62445   46   40    4.13440   17.76305   330%  97.2 3654s
 1762800 1736698   16.18735   51   37    4.13440   17.76184   330%  97.2 3660s
 1766486 1740086   17.72783   47   34    4.13440   17.76093   330%  97.2 3665s
 1769904 1743546   17.48204   52   31    4.13440   17.75962   330%  97.2 3671s
 1773399 1746819   17.03367   52   36    4.13440   17.75797   330%  97.2 3676s
 1776697 1749876   17.48867   49   37    4.13440   17.75665   329%  97.2 3681s
 1779799 1752748   16.89830   50   43    4.13440   17.75531   329%  97.2 3686s
 1782698 1756204   17.53347   53   41    4.13440   17.75441   329%  97.2 3691s
 1786183 1759614   17.75175   48   43    4.13440   17.75372   329%  97.2 3697s
 1789622 1762903   12.85871   37   23    4.13440   17.75176   329%  97.2 3702s
 1792929 1766741   17.72678   46   42    4.13440   17.75061   329%  97.2 3708s
 1796799 1769872   17.11933   54   32    4.13440   17.74924   329%  97.2 3713s
 1799954 1772722   17.47244   53   34    4.13440   17.74780   329%  97.2 3719s
 1802823 1776227   17.73222   46   35    4.13440   17.74690   329%  97.2 3724s
 1806359 1779807   17.73221   46   39    4.13440   17.74548   329%  97.2 3729s
 1809974 1783002   17.58801   53   31    4.13440   17.74430   329%  97.2 3734s
 1813211 1786199   17.19677   51   43    4.13440   17.74365   329%  97.2 3739s
 1816446 1789523   16.54701   44   23    4.13440   17.74285   329%  97.2 3745s
 1819806 1792314   17.74112   50   33    4.13440   17.74112   329%  97.2 3750s
 1822619 1796170   17.74006   43   40    4.13440   17.74006   329%  97.2 3756s
 1826519 1799310   17.49348   45   39    4.13440   17.73924   329%  97.2 3761s
 1829682 1802578   17.02779   50   48    4.13440   17.73769   329%  97.2 3766s
 1832989 1805742   16.95812   49   37    4.13440   17.73702   329%  97.2 3771s
 1836190 1808927   17.54490   49   44    4.13440   17.73613   329%  97.2 3776s
 1839426 1811020   17.38856   49   41    4.13440   17.73470   329%  97.2 3783s
 1841563 1814627   17.43913   26   51    4.13440   17.73408   329%  97.2 3788s
 1845203 1818079   16.29986   52   31    4.13440   17.73303   329%  97.2 3794s
 1848675 1821509   17.37163   53   35    4.13440   17.73159   329%  97.2 3799s
 1852130 1825034    5.38664   48   42    4.13440   17.73059   329%  97.2 3805s
 1855701 1828618   17.57794   47   42    4.13440   17.72910   329%  97.2 3811s
 1859332 1831931   17.28722   53   35    4.13440   17.72791   329%  97.2 3816s
 1862667 1835271   17.65205   47   42    4.13440   17.72733   329%  97.2 3821s
 1866029 1838504   17.53894   49   38    4.13440   17.72620   329%  97.2 3826s
 1869288 1841958   17.71982   49   41    4.13440   17.72479   329%  97.2 3831s
 1872793 1845224   17.63236   55   25    4.13440   17.72387   329%  97.2 3836s
 1876085 1848437   16.67896   52   38    4.13440   17.72252   329%  97.2 3842s
 1879340 1851726   17.48910   52   40    4.13440   17.72128   329%  97.2 3847s
 1882659 1855436   17.62158   52   37    4.13440   17.72064   329%  97.2 3853s
 1886405 1858775   17.71800   42   31    4.13440   17.71924   329%  97.2 3858s
 1889783 1861647   17.61516   56   27    4.13440   17.71853   329%  97.2 3863s
 1892697 1865102   17.45784   55   34    4.13440   17.71723   329%  97.2 3868s
 1896181 1868500   16.80502   44   38    4.13440   17.71635   329%  97.1 3873s
 1899600 1871874   16.29904   47   34    4.13440   17.71561   328%  97.1 3878s
 1902992 1875188   17.14061   51   43    4.13440   17.71402   328%  97.1 3883s
 1906321 1877974   17.68384   52   37    4.13440   17.71323   328%  97.1 3889s
 1909143 1881386   17.11568   51   38    4.13440   17.71211   328%  97.1 3894s
 1912583 1884988   17.68652   48   38    4.13440   17.71100   328%  97.1 3900s
 1916224 1888357   17.70195   48   47    4.13440   17.70961   328%  97.1 3905s
 1919620 1891858   16.88033   50   47    4.13440   17.70866   328%  97.1 3910s
 1923147 1895118   17.55975   50   32    4.13440   17.70797   328%  97.1 3915s
 1926428 1898430   17.63612   50   42    4.13440   17.70651   328%  97.1 3920s
 1929762 1901059   15.86951   52   42    4.13440   17.70563   328%  97.1 3926s
 1932419 1904363   17.27647   57   30    4.13440   17.70457   328%  97.1 3931s
 1935751 1907997    9.91062   47   45    4.13440   17.70350   328%  97.1 3936s
 1939413 1911350   14.88156   32   38    4.13440   17.70263   328%  97.1 3942s
 1942799 1914955   17.16986   49   40    4.13440   17.70119   328%  97.1 3948s
 1946433 1918411   17.43277   49   31    4.13440   17.70003   328%  97.1 3953s
 1949920 1921786   15.56220   51   43    4.13440   17.69881   328%  97.1 3958s
 1953341 1924993   14.92662   54   34    4.13440   17.69806   328%  97.1 3964s
 1956571 1927660   17.11886   56   33    4.13440   17.69685   328%  97.1 3970s
 1959257 1931104   17.69337   48   43    4.13440   17.69616   328%  97.1 3975s
 1962737 1934382   17.47672   52   33    4.13440   17.69475   328%  97.1 3980s
 1966054 1937781   17.08278   52   42    4.13440   17.69404   328%  97.1 3986s
 1969476 1940861   17.19273   53   40    4.13440   17.69268   328%  97.1 3991s
 1972586 1944596   14.48812   40   25    4.13440   17.69121   328%  97.1 3997s
 1976372 1947849   17.09512   46   40    4.13440   17.69013   328%  97.1 4002s
 1979650 1950351   13.19307   48   33    4.13440   17.68976   328%  97.1 4008s
 1982179 1953858   13.47195   54   35    4.13440   17.68817   328%  97.1 4013s
 1985732 1957222   13.68182   26   42    4.13440   17.68699   328%  97.1 4018s
 1989121 1958132   16.77675   50   45    4.13440   17.68615   328%  97.1 4025s
 1990041 1962086   17.68597   48   40    4.13440   17.68597   328%  97.1 4031s
 1994034 1965564   17.31667   52   38    4.13440   17.68459   328%  97.1 4037s
 1997547 1968857   17.15680   53   36    4.13440   17.68359   328%  97.1 4043s
 2000856 1972184   17.36951   54   32    4.13440   17.68274   328%  97.1 4048s
 2004224 1975996   17.49162   53   34    4.13440   17.68122   328%  97.1 4054s
 2008064 1979275   17.66816   52   37    4.13440   17.68046   328%  97.1 4059s
 2011374 1979321   17.62782   52   38    4.13440   17.67935   328%  97.1 4068s
 2011420 1980141   17.30370   48   48    4.13440   17.67867   328%  97.1 4075s
 2012256 1982424   17.67854   60   17    4.13440   17.67854   328%  97.1 4083s
 2014556 1986138   17.22499   61   27    4.13440   17.67844   328%  97.1 4090s
 2018302 1990112   17.29883   54   34    4.13440   17.67731   328%  97.1 4097s
 2022304 1993579   15.71489   33   33    4.13440   17.67597   328%  97.1 4104s
 2025803 1997107   17.66041   52   43    4.13440   17.67486   328%  97.1 4110s
 2029362 2000185   17.61851   50   41    4.13440   17.67296   327%  97.1 4116s
 2032468 2003728   17.61623   53   32    4.13440   17.67193   327%  97.1 4121s
 2036049 2007455   17.65865   47   46    4.13440   17.67069   327%  97.1 4127s
 2039799 2010678   17.55520   55   38    4.13440   17.66963   327%  97.1 4132s
 2043061 2013797   16.33736   40   25    4.13440   17.66818   327%  97.1 4138s
 2046203 2016506   17.49256   51   35    4.13440   17.66732   327%  97.1 4143s
 2048940 2019971   17.25971   53   41    4.13440   17.66643   327%  97.1 4149s
 2052441 2023502   17.43402   50   36    4.13440   17.66555   327%  97.1 4154s
 2055993 2027057   17.61598   48   33    4.13440   17.66399   327%  97.1 4159s
 2059592 2030346   17.64416   49   42    4.13440   17.66338   327%  97.1 4165s
 2062921 2033624   16.61283   52   40    4.13440   17.66142   327%  97.0 4170s
 2066216 2036804   14.18329   49   38    4.13440   17.66045   327%  97.0 4176s
 2069419 2040466   17.66012   45   52    4.13440   17.66045   327%  97.1 4182s
 2073126 2043945   16.81961   48   47    4.13440   17.65876   327%  97.1 4188s
 2076640 2047319   17.65221   49   43    4.13440   17.65732   327%  97.1 4193s
 2080066 2050708   17.65265   48   44    4.13440   17.65674   327%  97.1 4198s
 2083495 2053544   15.52941   51   34    4.13440   17.65516   327%  97.1 4204s
 2086366 2057070   17.56279   54   37    4.13440   17.65407   327%  97.1 4210s
 2089924 2060491   17.40712   51   40    4.13440   17.65283   327%  97.1 4215s
 2093386 2063801   17.54281   48   33    4.13440   17.65243   327%  97.1 4221s
 2096739 2067418   17.35173   47   37    4.13440   17.65103   327%  97.1 4227s
 2100408 2070744   17.63644   44   38    4.13440   17.64962   327%  97.1 4232s
 2103797 2073428   17.61015   46   42    4.13440   17.64933   327%  97.1 4237s
 2106512 2076809   17.62547   51   40    4.13440   17.64802   327%  97.1 4243s
 2109933 2080065   17.30128   46   40    4.13440   17.64698   327%  97.1 4249s
 2113232 2083587   16.93716   52   27    4.13440   17.64626   327%  97.1 4254s
 2116778 2087028   17.24176   52   25    4.13440   17.64482   327%  97.1 4259s
 2120263 2090285   16.74847   52   35    4.13440   17.64401   327%  97.1 4263s
 2123557 2093476   16.04341   62   28    4.13440   17.64319   327%  97.1 4269s
 2126805 2096486   17.28695   50   35    4.13440   17.64149   327%  97.1 4275s
 2129829 2100397   17.03598   52   41    4.13440   17.64061   327%  97.1 4281s
 2133776 2103843   17.35064   52   41    4.13440   17.63935   327%  97.1 4287s
 2137251 2107413   14.20238   55   36    4.13440   17.63827   327%  97.1 4292s
 2140866 2110845   17.32468   54   38    4.13440   17.63690   327%  97.1 4298s
 2144326 2114204   17.30211   55   33    4.13440   17.63622   327%  97.1 4303s
 2147716 2116990   15.58316   49   37    4.13440   17.63491   327%  97.1 4309s
 2150516 2120490   17.55437   45   51    4.13440   17.63391   327%  97.1 4314s
 2154062 2123771   17.55299   50   41    4.13440   17.63317   326%  97.1 4321s
 2157368 2127414   17.61762   51   42    4.13440   17.63160   326%  97.1 4327s
 2161041 2130724   17.00805   52   38    4.13440   17.63070   326%  97.1 4332s
 2164387 2133850   17.60485   47   33    4.13440   17.62906   326%  97.1 4337s
 2167535 2136482   17.04521   52   36    4.13440   17.62798   326%  97.1 4343s
 2170184 2139786   17.59181   49   36    4.13440   17.62765   326%  97.1 4348s
 2173512 2143383   17.45839   52   37    4.13440   17.62607   326%  97.1 4354s
 2177133 2146842   17.04828   49   38    4.13440   17.62508   326%  97.1 4359s
 2180630 2150121   15.85630   51   32    4.13440   17.62440   326%  97.1 4364s
 2183936 2153803   17.43052   50   42    4.13440   17.62308   326%  97.1 4370s
 2187646 2157425   17.50948   52   32    4.13440   17.62213   326%  97.1 4376s
 2191291 2160730   17.11262   50   43    4.13440   17.62061   326%  97.1 4381s
 2194640 2163708   16.88887   53   35    4.13440   17.61959   326%  97.1 4386s
 2197645 2167028   15.97621   55   34    4.13440   17.61857   326%  97.1 4391s
 2201002 2170493   17.19923   54   35    4.13440   17.61752   326%  97.1 4397s
 2204498 2173884   17.39691   54   38    4.13440   17.61672   326%  97.1 4402s
 2207914 2176680   17.59441   52   38    4.13440   17.61571   326%  97.1 4407s
 2210740 2180019   17.59731   47   58    4.13440   17.61474   326%  97.1 4412s
 2214114 2183519   16.96547   55   39    4.13440   17.61385   326%  97.1 4418s
 2217658 2187148   17.31056   50   37    4.13440   17.61240   326%  97.1 4424s
 2221307 2190434   17.14308   48   43    4.13440   17.61173   326%  97.1 4429s
 2224631 2193319   17.54982   48   39    4.13440   17.61066   326%  97.1 4434s
 2227539 2196712   10.77848   49   35    4.13440   17.60954   326%  97.1 4440s
 2230972 2199989   17.36210   50   50    4.13440   17.60837   326%  97.1 4445s
 2234282 2202780   16.46899   52   37    4.13440   17.60720   326%  97.1 4451s
 2237098 2206353   17.50397   57   31    4.13440   17.60670   326%  97.1 4456s
 2240700 2209829   17.29489   57   30    4.13440   17.60494   326%  97.1 4462s
 2244210 2213181   17.60414   45   40    4.13440   17.60414   326%  97.1 4467s
 2247587 2216930   17.42794   48   42    4.13440   17.60314   326%  97.1 4474s
 2251379 2220118   17.59536   48   40    4.13440   17.60219   326%  97.1 4479s
 2254606 2222963   16.11881   59   28    4.13440   17.60092   326%  97.1 4485s
 2257483 2226345   17.07083   50   19    4.13440   17.60016   326%  97.1 4490s
 2260907 2229714   16.13783   46   30    4.13440   17.59919   326%  97.1 4496s
 2264312 2232996   17.59798   44   26    4.13440   17.59798   326%  97.1 4501s
 2267616 2234880   17.11177   52   36    4.13440   17.59747   326%  97.1 4507s
 2269516 2237644   17.52364   52   30    4.13440   17.59688   326%  97.1 4516s
 2272318 2239922   15.11367   41   30    4.13440   17.59635   326%  97.1 4523s
 2274626 2243321   16.34217   51   44    4.13440   17.59561   326%  97.1 4531s
 2278072 2246977   17.19502   52   36    4.13440   17.59456   326%  97.1 4537s
 2281786 2250296   17.52120   50   42    4.13440   17.59318   326%  97.1 4542s
 2285141 2253434   15.71209   47   50    4.13440   17.59261   326%  97.1 4547s
 2288331 2256695   17.41208   47   43    4.13440   17.59159   325%  97.1 4552s
 2291630 2259681   13.96952   50   39    4.13440   17.59005   325%  97.1 4558s
 2294637 2262930   14.65050   53   40    4.13440   17.58918   325%  97.1 4563s
 2297921 2266273    7.08235   49   39    4.13440   17.58837   325%  97.1 4568s
 2301308 2269350   17.44482   49   45    4.13440   17.58736   325%  97.1 4573s
 2304406 2272626   16.36769   50   43    4.13440   17.58669   325%  97.1 4579s
 2307729 2275603   17.34550   49   39    4.13440   17.58530   325%  97.1 4585s
 2310765 2279564   17.40016   48   49    4.13440   17.58436   325%  97.1 4591s
 2314747 2282951   13.23184   49   34    4.13440   17.58383   325%  97.1 4597s
 2318163 2286387   17.39173   43   50    4.13440   17.58281   325%  97.1 4602s
 2321628 2289843   15.03266   54   42    4.13440   17.58162   325%  97.1 4607s
 2325140 2293294   15.79610   39   32    4.13440   17.58026   325%  97.1 4613s
 2328608 2294687   17.57258   43   26    4.13440   17.57954   325%  97.1 4620s
 2330021 2298415   15.96217   59   25    4.13440   17.57909   325%  97.1 4625s
 2333785 2301907   16.83599   48   26    4.13440   17.57811   325%  97.1 4631s
 2337317 2305563   16.34607   43   37    4.13440   17.57706   325%  97.1 4637s
 2341025 2308631   17.45539   53   36    4.13440   17.57591   325%  97.1 4642s
 2344138 2312017   17.10951   52   39    4.13440   17.57519   325%  97.1 4647s
 2347555 2315179   16.81366   51   40    4.13440   17.57420   325%  97.1 4652s
 2350750 2318498   16.84946   54   36    4.13440   17.57346   325%  97.1 4657s
 2354112 2321774   16.23660   50   41    4.13440   17.57230   325%  97.1 4662s
 2357425 2325111   15.99415   49   30    4.13440   17.57171   325%  97.1 4668s
 2360782 2328413   17.56323   44   40    4.13440   17.57045   325%  97.1 4673s
 2364116 2331655   17.03488   50   43    4.13440   17.56951   325%  97.1 4678s
 2367397 2335178   17.56849   49   23    4.13440   17.56849   325%  97.1 4684s
 2370954 2338512   16.82789   54   39    4.13440   17.56721   325%  97.1 4690s
 2374314 2341746   16.50981   51   42    4.13440   17.56652   325%  97.1 4695s
 2377585 2345117   17.31052   51   43    4.13440   17.56506   325%  97.1 4700s
 2381000 2348403   10.81102   26   45    4.13440   17.56442   325%  97.1 4705s
 2384318 2351785   17.01871   50   40    4.13440   17.56326   325%  97.1 4710s
 2387730 2355156   17.11913   51   49    4.13440   17.56264   325%  97.1 4715s
 2391125 2358486   17.56091   43   50    4.13440   17.56140   325%  97.1 4720s
 2394486 2361775   17.49429   53   38    4.13440   17.56047   325%  97.1 4725s
 2397832 2365420   16.59768   45   36    4.13440   17.55987   325%  97.1 4731s
 2401518 2368648   17.11048   52   40    4.13440   17.55880   325%  97.1 4736s
 2404791 2371781   16.91677   51   40    4.13440   17.55788   325%  97.1 4741s
 2407961 2374929   16.80283   55   24    4.13440   17.55680   325%  97.1 4746s
 2411153 2378228   16.94938   47   36    4.13440   17.55580   325%  97.1 4751s
 2414474 2381048   17.40949   47   41    4.13440   17.55518   325%  97.1 4757s
 2417324 2384472   17.42852   53   35    4.13440   17.55416   325%  97.1 4762s
 2420783 2387646   17.53229   49   39    4.13440   17.55335   325%  97.1 4768s
 2424002 2391080   17.53917   47   43    4.13440   17.55248   325%  97.1 4773s
 2427492 2394772   17.50886   52   45    4.13440   17.55127   325%  97.1 4779s
 2431240 2397852   16.50112   54   43    4.13440   17.55015   324%  97.1 4784s
 2434346 2400688   16.25543   51   34    4.13440   17.54941   324%  97.1 4789s
 2437208 2404036   15.92163   52   43    4.13440   17.54848   324%  97.1 4795s
 2440591 2407502   17.14795   51   40    4.13440   17.54764   324%  97.1 4800s
 2444093 2410864   17.38052   55   28    4.13440   17.54657   324%  97.1 4806s
 2447487 2414067   17.40473   49   33    4.13440   17.54586   324%  97.1 4811s
 2450725 2416888   15.86833   45   33    4.13440   17.54462   324%  97.1 4817s
 2453577 2420229   17.44681   42   38    4.13440   17.54416   324%  97.1 4822s
 2456953 2423839   17.23047   55   40    4.13440   17.54311   324%  97.1 4828s
 2460606 2427150   17.54177   47   47    4.13440   17.54189   324%  97.1 4833s
 2463946 2430387   17.54129   42   38    4.13440   17.54129   324%  97.1 4838s
 2467230 2433629   17.11102   63   29    4.13440   17.54041   324%  97.1 4843s
 2470521 2435597   16.57271   52   38    4.13440   17.53948   324%  97.1 4850s
 2472506 2439195   17.13029   51   40    4.13440   17.53857   324%  97.1 4856s
 2476141 2442735   17.52843   49   44    4.13440   17.53797   324%  97.1 4861s
 2479725 2446138   17.52301   51   38    4.13440   17.53685   324%  97.1 4866s
 2483173 2449482   16.59105   52   37    4.13440   17.53602   324%  97.1 4872s
 2486563 2453141   17.13065   47   49    4.13440   17.53553   324%  97.1 4878s
 2490257 2456479   16.99108   53   42    4.13440   17.53395   324%  97.1 4883s
 2493634 2459463   17.48962   52   40    4.13440   17.53365   324%  97.1 4888s
 2496659 2462975   17.40781   46   48    4.13440   17.53233   324%  97.1 4892s
 2500217 2466398   17.49421   49   41    4.13440   17.53177   324%  97.1 4897s
 2503687 2469481   16.53207   54   38    4.13440   17.53065   324%  97.1 4903s
 2506796 2472770   16.95909   50   38    4.13440   17.52973   324%  97.1 4908s
 2510126 2475884   15.94001   51   39    4.13440   17.52879   324%  97.1 4913s
 2513285 2479071   17.12188   44   44    4.13440   17.52772   324%  97.1 4918s
 2516501 2482659   16.92929   44   43    4.13440   17.52724   324%  97.1 4924s
 2520126 2485378   16.44409   51   26    4.13440   17.52573   324%  97.1 4930s
 2522867 2489111   17.50844   47   48    4.13440   17.52537   324%  97.1 4935s
 2526649 2492540   17.45764   51   32    4.13440   17.52461   324%  97.1 4941s
 2530103 2495916   16.98179   49   45    4.13440   17.52358   324%  97.1 4946s
 2533528 2499354   16.67660   53   31    4.13440   17.52224   324%  97.1 4951s
 2537004 2501274   17.50975   47   48    4.13440   17.52178   324%  97.1 4957s
 2538938 2504749   17.00421   49   39    4.13440   17.52100   324%  97.1 4963s
 2542446 2508166   17.04385   49   40    4.13440   17.51989   324%  97.1 4969s
 2545888 2511630   16.46013   51   39    4.13440   17.51887   324%  97.1 4974s
 2549394 2514846   17.11906   48   40    4.13440   17.51783   324%  97.1 4980s
 2552658 2518133    6.64540   55   24    4.13440   17.51696   324%  97.1 4985s
 2555991 2521643   16.81774   42   33    4.13440   17.51566   324%  97.1 4990s
 2559551 2524836   16.05059   50   40    4.13440   17.51484   324%  97.1 4996s
 2562784 2528226   17.51415   46   48    4.13440   17.51438   324%  97.1 5001s
 2566211 2531544   16.52524   51   34    4.13440   17.51293   324%  97.1 5006s
 2569567 2534852   17.50790   44   37    4.13440   17.51203   324%  97.1 5012s
 2572900 2538142   17.51122   40   40    4.13440   17.51122   324%  97.1 5017s
 2576235 2541796   15.44290   52   37    4.13440   17.51056   324%  97.1 5023s
 2579934 2545047   16.00666   49   41    4.13440   17.50933   324%  97.1 5028s
 2583222 2548149   17.48577   49   40    4.13440   17.50851   323%  97.1 5033s
 2586375 2551372   17.50683   47   45    4.13440   17.50792   323%  97.1 5038s
 2589639 2554697   17.36213   55   34    4.13440   17.50654   323%  97.1 5043s
 2592994 2557717   17.47302   48   48    4.13440   17.50547   323%  97.1 5049s
 2596039 2560995   17.15207   53   36    4.13440   17.50467   323%  97.1 5054s
 2599347 2564299   15.89540   51   40    4.13440   17.50363   323%  97.1 5059s
 2602670 2567601   17.24498   52   33    4.13440   17.50268   323%  97.1 5065s
 2606012 2571050   17.46897   50   41    4.13440   17.50139   323%  97.1 5070s
 2609514 2574136   17.49955   49   34    4.13440   17.50090   323%  97.1 5076s
 2612630 2577590   17.39927   49   40    4.13440   17.49986   323%  97.1 5082s
 2616127 2580831   15.70314   48   38    4.13440   17.49863   323%  97.1 5087s
 2619408 2584225   17.48601   46   48    4.13440   17.49789   323%  97.1 5093s
 2622833 2587540   16.86449   48   46    4.13440   17.49694   323%  97.1 5099s
 2626184 2589414   17.46173   49   36    4.13440   17.49581   323%  97.1 5106s
 2628072 2593102   17.49549   49   33    4.13440   17.49549   323%  97.1 5112s
 2631810 2596575   14.33987   50   35    4.13440   17.49422   323%  97.1 5118s
 2635331 2600213   16.66866   55   35    4.13440   17.49371   323%  97.1 5124s
 2639043 2603634   17.42238   49   34    4.13440   17.49267   323%  97.1 5129s
 2642501 2606513   16.50739   46   44    4.13440   17.49167   323%  97.1 5134s
 2645401 2609812   17.10353   49   48    4.13440   17.49060   323%  97.1 5139s
 2648730 2613061   17.48893   48   39    4.13440   17.49022   323%  97.1 5144s
 2652028 2616265   17.11737   48   45    4.13440   17.48915   323%  97.1 5149s
 2655273 2619492   17.17922   47   42    4.13440   17.48855   323%  97.1 5154s
 2658548 2622683   17.48700   46   45    4.13440   17.48716   323%  97.1 5160s
 2661768 2625919   16.69671   53   37    4.13440   17.48637   323%  97.1 5165s
 2665044 2629442   16.99612   49   41    4.13440   17.48505   323%  97.1 5171s
 2668617 2629491   16.47460   50   43    4.13440   17.48406   323%  97.1 5180s
 2668666 2631929   17.42814   45   41    4.13440   17.48376   323%  97.1 5187s
 2671132 2635913   16.76103   42   29    4.13440   17.48340   323%  97.1 5193s
 2675163 2639430   16.68954   48   50    4.13440   17.48283   323%  97.1 5199s
 2678716 2643071   17.20453   50   44    4.13440   17.48192   323%  97.1 5205s
 2682398 2646393   17.22648   49   48    4.13440   17.48050   323%  97.1 5210s
 2685776 2649774   17.24405   52   44    4.13440   17.47943   323%  97.1 5216s
 2689198 2653055   16.66274   49   47    4.13440   17.47850   323%  97.1 5222s
 2692504 2656460   17.43376   49   39    4.13440   17.47767   323%  97.1 5228s
 2695977 2660019   16.96547   51   45    4.13440   17.47659   323%  97.1 5234s
 2699570 2663198   17.08251   51   42    4.13440   17.47562   323%  97.1 5240s
 2702791 2666607   17.47414   48   44    4.13440   17.47496   323%  97.1 5245s
 2706234 2669993   16.96500   49   42    4.13440   17.47496   323%  97.1 5250s
 2709638 2673200   17.46697   47   38    4.13440   17.47361   323%  97.1 5255s
 2712870 2676411   17.16616   53   40    4.13440   17.47275   323%  97.1 5260s
 2716117 2679831   15.72857   50   27    4.13440   17.47163   323%  97.1 5265s
 2719567 2682926   17.42870   49   41    4.13440   17.47062   323%  97.1 5270s
 2722703 2686005   16.06308   60   26    4.13440   17.46957   323%  97.1 5275s
 2725828 2689427   17.38756   52   39    4.13440   17.46915   323%  97.1 5282s
 2729294 2692870   17.44160   50   43    4.13440   17.46800   323%  97.1 5287s
 2732776 2696130   17.45760   48   46    4.13440   17.46724   322%  97.1 5293s
 2736078 2699299   14.25545   48   44    4.13440   17.46629   322%  97.1 5298s
 2739274 2702629   17.40895   52   37    4.13440   17.46535   322%  97.1 5303s
 2742659 2705192   17.39472   51   43    4.13440   17.46450   322%  97.1 5309s
 2745254 2708414   10.70335   55   39    4.13440   17.46371   322%  97.1 5315s
 2748524 2711914   16.35105   53   43    4.13440   17.46286   322%  97.1 5321s
 2752058 2715329   17.46261   49   32    4.13440   17.46261   322%  97.1 5326s
 2755499 2718932   17.40460   52   35    4.13440   17.46104   322%  97.1 5332s
 2759144 2722187   17.44764   49   36    4.13440   17.46037   322%  97.1 5337s
 2762430 2725279   10.32009   48   33    4.13440   17.45913   322%  97.1 5343s
 2765554 2728510   17.35448   50   40    4.13440   17.45850   322%  97.1 5348s
 2768821 2731904   16.61373   47   43    4.13440   17.45779   322%  97.1 5353s
 2772251 2734950   14.63717   52   38    4.13440   17.45684   322%  97.1 5358s
 2775342 2737745   16.31554   48   35    4.13440   17.45632   322%  97.1 5364s
 2778164 2741020   17.45562   47   22    4.13440   17.45562   322%  97.2 5370s
 2781481 2744287   17.43181   46   49    4.13440   17.45480   322%  97.2 5376s
 2784776 2747811   15.68970   48   28    4.13440   17.45359   322%  97.2 5381s
 2788342 2751048   17.16308   58   28    4.13440   17.45273   322%  97.2 5387s
 2791605 2754406   17.45049   50   48    4.13440   17.45207   322%  97.2 5391s
 2795005 2757123   16.66238   52   41    4.13440   17.45098   322%  97.2 5397s
 2797755 2760383   17.18115   46   43    4.13440   17.45011   322%  97.2 5403s
 2801037 2763722   15.33325   48   39    4.13440   17.44913   322%  97.2 5409s
 2804406 2767024   17.24280   50   41    4.13440   17.44829   322%  97.2 5414s
 2807744 2770324   16.64304   52   42    4.13440   17.44782   322%  97.2 5420s
 2811064 2773338   15.35846   54   37    4.13440   17.44673   322%  97.2 5426s
 2814105 2776828   16.33542   47   46    4.13440   17.44618   322%  97.2 5432s
 2817637 2780032   14.50204   54   35    4.13440   17.44525   322%  97.2 5436s
 2820881 2783298   16.44771   57   29    4.13440   17.44421   322%  97.2 5441s
 2824175 2786084   16.46809   55   35    4.13440   17.44330   322%  97.2 5447s
 2826977 2789492   17.44257   50   35    4.13440   17.44257   322%  97.2 5453s
 2830428 2792864    9.41976   49   43    4.13440   17.44189   322%  97.2 5458s
 2833830 2792896   16.88520   53   39    4.13440   17.44039   322%  97.2 5469s
 2833862 2792928   17.19035   58   35    4.13440   17.44019   322%  97.2 5481s
 2833894 2792960   16.66475   52   38    4.13440   17.44010   322%  97.2 5492s
 2833926 2792992   17.38947   47   44    4.13440   17.44009   322%  97.2 5502s
 2833958 2793024   17.17264   48   43    4.13440   17.44009   322%  97.2 5512s
 2833990 2793056   17.24239   49   40    4.13440   17.44009   322%  97.2 5528s
 2834022 2793088   16.28025   53   35    4.13440   17.43975   322%  97.2 5539s
 2834054 2793120   16.77692   52   40    4.13440   17.43968   322%  97.2 5552s
 2834086 2793152   17.07125   54   38    4.13440   17.43957   322%  97.2 5567s
 2834118 2793184   17.41953   48   45    4.13440   17.43952   322%  97.2 5579s
 2834150 2793216   17.05020   53   32    4.13440   17.43940   322%  97.2 5590s
 2834182 2793248   15.89313   48   36    4.13440   17.43939   322%  97.2 5601s
 2834214 2793280   17.04745   49   48    4.13440   17.43939   322%  97.2 5619s
 2834246 2793312   17.43873   50   41    4.13440   17.43939   322%  97.2 5632s
 2834278 2793344   17.41622   51   31    4.13440   17.43930   322%  97.2 5661s
 2834310 2793376   17.43636   52   36    4.13440   17.43930   322%  97.2 5687s
 2834342 2793408   16.96526   52   39    4.13440   17.43895   322%  97.2 5701s
 2834374 2793440   16.29659   59   28    4.13440   17.43887   322%  97.2 5729s
 2834406 2793472   16.78321   50   46    4.13440   17.43878   322%  97.2 5744s
 2834438 2793504   16.98195   50   45    4.13440   17.43868   322%  97.2 5761s
 2834470 2793536   17.43838   46   37    4.13440   17.43860   322%  97.2 5777s
 2834502 2793568   17.42509   47   45    4.13440   17.43860   322%  97.2 5794s
 2834534 2793600   16.83207   48   39    4.13440   17.43836   322%  97.2 5814s
 2834566 2793632   16.66949   45   35    4.13440   17.43835   322%  97.2 5831s
 2834598 2793664   17.43835   46   28    4.13440   17.43835   322%  97.2 5858s
 2834630 2793696   17.43835   47   35    4.13440   17.43835   322%  97.2 5877s
 2834662 2793728   16.42860   48   40    4.13440   17.43835   322%  97.2 5895s
 2834694 2793760   15.51524   52   38    4.13440   17.43798   322%  97.2 5920s
 2834726 2793831   17.43791   45   32    4.13440   17.43791   322%  97.2 5939s
 2834799 2794011   17.43588   46   43    4.13440   17.43791   322%  97.2 5961s
 2834981 2794345   16.41902   44   40    4.13440   17.43774   322%  97.2 5984s
 2835316 2794757   17.33825   50   44    4.13440   17.43764   322%  97.2 6004s
 2835730 2795464   17.10992   56   38    4.13440   17.43755   322%  97.2 6024s
 2836445 2796131   17.24621   53   34    4.13440   17.43744   322%  97.2 6045s
 2837122 2797999   17.43441   49   42    4.13440   17.43734   322%  97.2 6067s
 2839012 2801073   16.95153   49   48    4.13440   17.43734   322%  97.2 6087s
 2842111 2804892    9.34147   53   34    4.13440   17.43698   322%  97.2 6108s
 2845982 2805280   16.84523   50   45    4.13440   17.43666   322%  97.2 6125s
 2846380 2822035   17.43617   53   25    4.13440   17.43617   322%  97.2 6197s
 2863336 2827477   15.67278   54   33    4.13440   17.43617   322%  97.2 6212s
 2868840 2832364   17.05254   48   22    4.13440   17.43373   322%  97.2 6233s
 2873782 2836531   17.29872   48   42    4.13440   17.43111   322%  97.2 6246s
 2878008 2839453   17.42409   46   52    4.13440   17.42958   322%  97.2 6258s
 2880971 2843103   17.30474   48   34    4.13440   17.42876   322%  97.2 6274s
 2884642 2846710   17.39119   43   42    4.13440   17.42716   322%  97.2 6287s
 2888281 2850312   17.05602   54   33    4.13440   17.42629   321%  97.2 6317s
 2891924 2853888   17.42539   51   29    4.13440   17.42539   321%  97.2 6330s
 2895545 2857486   17.39695   52   40    4.13440   17.42539   321%  97.2 6343s
 2899177 2861181   11.36575   49   40    4.13440   17.42370   321%  97.2 6357s
 2902921 2864784   16.93097   33   38    4.13440   17.42273   321%  97.2 6369s
 2906562 2868275   17.36712   52   34    4.13440   17.42186   321%  97.2 6391s
 2910094 2871595   15.76356   52   40    4.13440   17.42100   321%  97.2 6403s
 2913446 2874940   17.41855   47   25    4.13440   17.41989   321%  97.2 6420s
 2916830 2878439   16.27030   54   33    4.13440   17.41925   321%  97.2 6432s
 2920364 2881966   17.40741   41   34    4.13440   17.41844   321%  97.2 6448s
 2923952 2885596   15.69090   41   35    4.13440   17.41761   321%  97.2 6459s
 2927644 2889092   16.40781   55   30    4.13440   17.41666   321%  97.2 6470s
 2931176 2892430   16.82979   44   21    4.13440   17.41579   321%  97.2 6483s
 2934579 2895872   15.28156   48   39    4.13440   17.41478   321%  97.2 6495s
 2938055 2899508   16.43355   50   43    4.13440   17.41384   321%  97.2 6508s
 2941726 2902336    7.28565   54   31    4.13440   17.41290   321%  97.2 6521s
 2944605 2906441   17.40653   51   38    4.13440   17.41204   321%  97.2 6533s
 2948782 2910057   17.04036   49   42    4.13440   17.41126   321%  97.2 6546s
 2952441 2913672   17.35104   50   44    4.13440   17.41041   321%  97.2 6563s
 2956096 2917365   16.77651   46   42    4.13440   17.40948   321%  97.2 6576s
 2959841 2919423   16.40121   50   38    4.13440   17.40856   321%  97.3 6589s
 2961927 2923419   17.06930   53   36    4.13440   17.40753   321%  97.2 6603s
 2965976 2927285   17.34021   47   35    4.13440   17.40706   321%  97.2 6616s
 2969895 2931053   14.06622   41   43    4.13440   17.40598   321%  97.2 6627s
 2973701 2934624   15.29688   43   36    4.13440   17.40508   321%  97.3 6641s
 2977320 2938151   17.35719   48   41    4.13440   17.40409   321%  97.2 6653s
 2980902 2941699   15.60446   55   36    4.13440   17.40321   321%  97.2 6664s
 2984498 2945105   17.07826   48   47    4.13440   17.40235   321%  97.2 6676s
 2987935 2948784   16.17210   52   43    4.13440   17.40149   321%  97.3 6693s
 2991661 2952409   15.92662   53   43    4.13440   17.40060   321%  97.2 6705s
 2995302 2956028   17.35624   54   38    4.13440   17.39969   321%  97.2 6716s
 2998959 2959502   15.82254   54   33    4.13440   17.39884   321%  97.2 6732s
 3002486 2962900   17.39538   44   37    4.13440   17.39800   321%  97.2 6744s
 3005928 2966420   17.39718   52   39    4.13440   17.39718   321%  97.2 6756s
 3009487 2969762   16.68550   51   41    4.13440   17.39633   321%  97.3 6769s
 3012864 2973547   16.07344   51   35    4.13440   17.39561   321%  97.3 6782s
 3016699 2977083   16.73911   50   42    4.13440   17.39483   321%  97.3 6795s
 3020262 2980611   16.29074   51   39    4.13440   17.39392   321%  97.3 6808s
 3023846 2982849   17.06634   36   36    4.13440   17.39310   321%  97.3 6823s
 3026109 2986673   17.22926   50   38    4.13440   17.39230   321%  97.3 6837s
 3029992 2990423   16.39373   51   39    4.13440   17.39186   321%  97.3 6851s
 3033794 2992176   17.38000   49   45    4.13440   17.39103   321%  97.3 6862s
 3035562 2994401   16.49825   50   34    4.13440   17.39027   321%  97.3 6875s
 3037816 2998231   17.36024   51   44    4.13440   17.39024   321%  97.3 6894s
 3041704 3002631   16.50628   50   51    4.13440   17.38954   321%  97.3 6908s
 3046153 3007352   17.13147   49   40    4.13440   17.38920   321%  97.3 6928s
 3050939 3011750   13.29298   48   37    4.13440   17.38729   321%  97.3 6940s
 3055375 3015725   16.92792   53   38    4.13440   17.38611   321%  97.3 6955s
 3059397 3019720   16.00319   49   48    4.13440   17.38511   320%  97.3 7011s
 3063437 3023605   15.82158   51   39    4.13440   17.38419   320%  97.3 7018s
 3067375 3027244   17.07426   53   39    4.13440   17.38339   320%  97.3 7026s
 3071054 3029520   17.34222   52   34    4.13440   17.38265   320%  97.3 7034s
 3073366 3033087   17.00478   53   42    4.13440   17.38181   320%  97.3 7041s
 3076984 3036730   17.37854   51   39    4.13440   17.38127   320%  97.3 7051s
 3080689 3040406   17.36037   47   35    4.13440   17.38054   320%  97.3 7059s
 3084410 3043935   15.45697   52   41    4.13440   17.37957   320%  97.3 7066s
 3087967 3047457   14.78852   52   37    4.13440   17.37878   320%  97.3 7074s
 3091532 3050761   17.22540   53   46    4.13440   17.37810   320%  97.3 7082s
 3094872 3054281   15.48273   53   36    4.13440   17.37729   320%  97.3 7091s
 3098448 3057814   15.04956   42   30    4.13440   17.37650   320%  97.3 7098s
 3102007 3057871   17.05610   50   40    4.13440   17.37561   320%  97.3 7107s
 3102064 3060583   10.36125   48   37    4.13440   17.37479   320%  97.3 7114s
 3104804 3064234   15.87788   55   34    4.13440   17.37464   320%  97.3 7123s
 3108513 3067855   13.32899   45   31    4.13440   17.37384   320%  97.3 7129s
 3112181 3071431   17.08124   54   35    4.13440   17.37305   320%  97.3 7136s
 3115811 3074851   16.26168   62   24    4.13440   17.37205   320%  97.3 7142s
 3119259 3078466   17.07700   46   47    4.13440   17.37110   320%  97.3 7157s
 3122921 3081975   14.56578   50   25    4.13440   17.37019   320%  97.3 7171s
 3126472 3085623   16.82996   53   37    4.13440   17.36940   320%  97.3 7182s
 3130161 3089201   16.79113   55   34    4.13440   17.36851   320%  97.3 7194s
 3133780 3092681   16.90713   58   35    4.13440   17.36775   320%  97.3 7201s
 3137315 3095652   16.03021   56   29    4.13440   17.36690   320%  97.3 7209s
 3140328 3099263   16.59662   49   46    4.13440   17.36601   320%  97.3 7217s
 3143973 3102740   13.80521   48   32    4.13440   17.36527   320%  97.3 7224s
 3147495 3106110   16.78432   46   55    4.13440   17.36451   320%  97.3 7237s
 3150918 3109576   17.12278   47   42    4.13440   17.36350   320%  97.3 7243s
 3154420 3112415   17.33152   48   37    4.13440   17.36282   320%  97.3 7251s
 3157288 3115946   16.47274   51   45    4.13440   17.36205   320%  97.3 7257s
 3160861 3119571   16.96410   59   32    4.13440   17.36138   320%  97.3 7265s
 3164519 3122720   16.58207   53   39    4.13440   17.36049   320%  97.3 7270s
 3167703 3126193   17.07663   52   35    4.13440   17.35970   320%  97.3 7277s
 3171225 3129589   17.21057   56   33    4.13440   17.35898   320%  97.3 7283s
 3174685 3132917   17.26173   49   38    4.13440   17.35810   320%  97.3 7289s
 3178067 3136012   16.43555   50   43    4.13440   17.35750   320%  97.3 7295s
 3181185 3139480   17.33615   50   43    4.13440   17.35676   320%  97.3 7302s
 3184696 3142247    8.92645   49   37    4.13440   17.35596   320%  97.3 7308s
 3187498 3145657   17.34760   48   39    4.13440   17.35513   320%  97.3 7314s
 3190946 3149149   16.93034   45   47    4.13440   17.35441   320%  97.3 7320s
 3194478 3152686   16.18336   55   29    4.13440   17.35356   320%  97.3 7326s
 3198058 3155802   17.33781   48   45    4.13440   17.35284   320%  97.3 7331s
 3201222 3158873   17.09499   52   43    4.13440   17.35205   320%  97.3 7337s
 3204321 3162317   13.40507   50   42    4.13440   17.35144   320%  97.3 7344s
 3207813 3165515   16.90434   49   38    4.13440   17.35092   320%  97.3 7350s
 3211054 3168878   17.32531   52   39    4.13440   17.35010   320%  97.3 7356s
 3214472 3172229   16.51569   53   32    4.13440   17.34940   320%  97.3 7364s
 3217840 3174992   14.15485   49   31    4.13440   17.34872   320%  97.3 7369s
 3220641 3178619   17.30553   50   37    4.13440   17.34809   320%  97.3 7376s
 3224327 3181849   14.75782   51   46    4.13440   17.34751   320%  97.3 7384s
 3227584 3185243   15.03568   38   31    4.13440   17.34660   320%  97.3 7390s
 3231013 3188550   17.02249   52   39    4.13440   17.34579   320%  97.3 7397s
 3234365 3191390   17.33218   48   40    4.13440   17.34496   320%  97.3 7403s
 3237255 3194745    9.73844   55   39    4.13440   17.34421   320%  97.3 7409s
 3240665 3198081   17.09019   46   48    4.13440   17.34362   319%  97.3 7415s
 3244045 3201456   16.75680   45   40    4.13440   17.34292   319%  97.3 7420s
 3247453 3204726   17.04404   50   43    4.13440   17.34222   319%  97.3 7426s
 3250747 3208048   17.18501   51   38    4.13440   17.34152   319%  97.3 7433s
 3254122 3210979   17.03303   51   37    4.13440   17.34078   319%  97.4 7441s
 3257096 3214515   16.72339   54   38    4.13440   17.33995   319%  97.4 7447s
 3260680 3218091   16.26499   53   36    4.13440   17.33926   319%  97.4 7454s
 3264302 3221526   17.23917   52   46    4.13440   17.33845   319%  97.4 7460s
 3267768 3224876   17.26392   49   43    4.13440   17.33761   319%  97.4 7466s
 3271147 3228511   16.55696   53   35    4.13440   17.33682   319%  97.4 7473s
 3274823 3231894   17.33620   46   36    4.13440   17.33620   319%  97.4 7479s
 3278255 3234851   17.29701   50   44    4.13440   17.33534   319%  97.4 7486s
 3281245 3238352   17.24485   48   49    4.13440   17.33465   319%  97.4 7492s
 3284808 3241810   16.86218   51   35    4.13440   17.33399   319%  97.4 7498s
 3288315 3245011   15.92578   46   37    4.13440   17.33322   319%  97.4 7504s
 3291543 3248229   16.16607   50   42    4.13440   17.33245   319%  97.4 7509s
 3294812 3251515   16.51794   49   49    4.13440   17.33168   319%  97.4 7515s
 3298147 3254426   17.12773   53   41    4.13440   17.33111   319%  97.4 7528s
 3301106 3257890   16.26133   53   36    4.13440   17.33040   319%  97.4 7534s
 3304613 3261196   17.25947   52   41    4.13440   17.32973   319%  97.4 7540s
 3307977 3264681   16.48126   51   42    4.13440   17.32902   319%  97.4 7547s
 3311498 3267919   17.23640   50   40    4.13440   17.32821   319%  97.4 7553s
 3314786 3271669   14.83113   49   35    4.13440   17.32756   319%  97.4 7559s
 3318574 3275062    4.59002   47   31    4.13440   17.32686   319%  97.4 7565s
 3321996 3277115   17.13753   54   31    4.13440   17.32610   319%  97.4 7572s
 3324079 3280648   16.20743   50   46    4.13440   17.32543   319%  97.4 7578s
 3327645 3284136   16.43933   47   45    4.13440   17.32497   319%  97.4 7586s
 3331165 3287631   16.93064   51   34    4.13440   17.32424   319%  97.4 7592s
 3334728 3290903   16.94961   55   32    4.13440   17.32348   319%  97.4 7599s
 3338040 3294277   16.97147   52   41    4.13440   17.32277   319%  97.4 7605s
 3341453 3297780   17.32215   43   35    4.13440   17.32215   319%  97.4 7612s
 3345003 3301168   16.93085   51   34    4.13440   17.32115   319%  97.4 7618s
 3348429 3304366   16.03148   52   38    4.13440   17.32036   319%  97.4 7624s
 3351664 3307651   16.97709   54   35    4.13440   17.31967   319%  97.4 7630s
 3354986 3311090   17.15410   49   43    4.13440   17.31893   319%  97.4 7636s
 3358449 3314466   16.05550   55   32    4.13440   17.31816   319%  97.4 7643s
 3361872 3317794   14.56856   54   35    4.13440   17.31739   319%  97.4 7651s
 3365241 3321257   15.72786   51   39    4.13440   17.31674   319%  97.4 7658s
 3368742 3324062   13.46293   51   39    4.13440   17.31612   319%  97.4 7665s
 3371593 3327724   17.29928   51   39    4.13440   17.31546   319%  97.4 7672s
 3375301 3331029   16.10994   51   43    4.13440   17.31491   319%  97.4 7678s
 3378657 3334158   14.97306   58   27    4.13440   17.31409   319%  97.4 7683s
 3381831 3337440   15.38622   49   38    4.13440   17.31341   319%  97.4 7690s
 3385143 3340199   17.11765   45   35    4.13440   17.31265   319%  97.4 7697s
 3387927 3343738   17.12929   51   45    4.13440   17.31196   319%  97.4 7702s
 3391490 3346974   17.31145   50   34    4.13440   17.31145   319%  97.4 7708s
 3394759 3350270   16.07423   52   23    4.13440   17.31061   319%  97.4 7714s
 3398122 3353697   12.20193   52   41    4.13440   17.30988   319%  97.4 7721s
 3401594 3357125   15.81560   50   48    4.13440   17.30919   319%  97.4 7729s
 3405086 3359967   11.03479   48   40    4.13440   17.30836   319%  97.4 7738s
 3407967 3363668   17.20521   52   36    4.13440   17.30755   319%  97.4 7745s
 3411735 3367267    7.37267   52   42    4.13440   17.30698   319%  97.4 7751s
 3415389 3370763   15.62497   51   41    4.13440   17.30617   319%  97.4 7758s
 3418945 3374238   17.29268   42   51    4.13440   17.30542   319%  97.4 7764s
 3422466 3377639   17.28367   52   32    4.13440   17.30477   319%  97.4 7770s
 3425912 3380456   17.10109   51   31    4.13440   17.30405   319%  97.4 7777s
 3428786 3383692   16.86798   53   35    4.13440   17.30321   319%  97.4 7784s
 3432073 3387172   16.72070   48   43    4.13440   17.30291   319%  97.4 7791s
 3435604 3390556   15.41082   55   38    4.13440   17.30187   318%  97.4 7798s
 3439043 3393860   17.18988   49   45    4.13440   17.30112   318%  97.4 7807s
 3442389 3396623   16.23315   48   46    4.13440   17.30024   318%  97.4 7816s
 3445190 3400084   16.54144   48   43    4.13440   17.29973   318%  97.5 7823s
 3448698 3403677   16.74570   58   23    4.13440   17.29896   318%  97.5 7831s
 3452322 3406955   16.60259   48   44    4.13440   17.29838   318%  97.5 7838s
 3455630 3410615   16.98210   56   34    4.13440   17.29769   318%  97.5 7844s
 3459328 3413829   16.13342   51   40    4.13440   17.29690   318%  97.5 7852s
 3462564 3416681   14.56210   52   37    4.13440   17.29626   318%  97.5 7860s
 3465452 3420675   16.04825   51   40    4.13440   17.29549   318%  97.5 7868s
 3469500 3424060   15.95528   46   42    4.13440   17.29479   318%  97.5 7874s
 3472923 3427745   17.04957   50   41    4.13440   17.29393   318%  97.5 7881s
 3476641 3431128   12.56561   52   28    4.13440   17.29310   318%  97.5 7887s
 3480067 3434729   16.60415   53   35    4.13440   17.29234   318%  97.5 7895s
 3483728 3438067   15.83219   52   34    4.13440   17.29156   318%  97.5 7901s
 3487120 3441084   17.29044   47   23    4.13440   17.29044   318%  97.5 7908s
 3490180 3444673   17.16180   51   34    4.13440   17.28977   318%  97.5 7913s
 3493813 3448269   16.15260   51   34    4.13440   17.28910   318%  97.5 7920s
 3497465 3451787   16.89088   50   36    4.13440   17.28837   318%  97.5 7925s
 3501034 3455091   17.28484   46   51    4.13440   17.28807   318%  97.5 7930s
 3504377 3458050   16.73240   49   38    4.13440   17.28704   318%  97.5 7936s
 3507364 3461385   17.28684   43   31    4.13440   17.28684   318%  97.5 7941s
 3510747 3464545   17.23904   54   37    4.13440   17.28599   318%  97.5 7947s
 3513949 3468069   17.28245   49   40    4.13440   17.28509   318%  97.5 7952s
 3517510 3470843   16.95425   49   38    4.13440   17.28461   318%  97.5 7958s
 3520319 3474050   14.61583   46   41    4.13440   17.28409   318%  97.5 7963s
 3523571 3477649   17.01514   52   38    4.13440   17.28362   318%  97.5 7970s
 3527225 3480799   16.88141   49   42    4.13440   17.28286   318%  97.5 7975s
 3530425 3484218   17.11454   49   40    4.13440   17.28194   318%  97.5 7981s
 3533879 3487599   17.27820   46   51    4.13440   17.28144   318%  97.5 7986s
 3537312 3490065   16.93699   52   39    4.13440   17.28034   318%  97.5 7993s
 3539790 3493563    7.05900   54   31    4.13440   17.27989   318%  97.5 7998s
 3543337 3496930    8.43075   52   36    4.13440   17.27893   318%  97.5 8004s
 3546743 3500362   16.59168   50   37    4.13440   17.27828   318%  97.5 8010s
 3550230 3503768   15.92708   56   34    4.13440   17.27774   318%  97.5 8015s
 3553676 3507438   10.18896   47   35    4.13440   17.27709   318%  97.5 8021s
 3557396 3510647   16.95979   47   48    4.13440   17.27601   318%  97.5 8026s
 3560646 3513847   16.64106   55   41    4.13440   17.27554   318%  97.5 8032s
 3563902 3517079   16.87339   50   33    4.13440   17.27471   318%  97.5 8038s
 3567178 3520329   17.15838   49   35    4.13440   17.27416   318%  97.5 8043s
 3570480 3523708   17.27141   45   51    4.13440   17.27338   318%  97.5 8048s
 3573908 3527093   17.27287   63   13    4.13440   17.27287   318%  97.5 8054s
 3577332 3530146   16.80924   53   46    4.13440   17.27211   318%  97.5 8060s
 3580426 3533420   17.24892   46   51    4.13440   17.27162   318%  97.5 8065s
 3583750 3536762   14.98633   57   35    4.13440   17.27096   318%  97.5 8072s
 3587139 3540373   17.26054   48   40    4.13440   17.27022   318%  97.5 8077s
 3590786 3543164   16.96869   52   36    4.13440   17.26953   318%  97.5 8083s
 3593628 3546852   16.75225   52   42    4.13440   17.26876   318%  97.5 8089s
 3597369 3550212   16.79990   52   30    4.13440   17.26831   318%  97.5 8094s
 3600756 3553679   16.35620   53   37    4.13440   17.26759   318%  97.5 8100s
 3604268 3557081   16.77994   52   33    4.13440   17.26687   318%  97.5 8105s
 3607687 3560188   17.25261   44   55    4.13440   17.26662   318%  97.5 8110s
 3610848 3563149   15.14168   54   35    4.13440   17.26542   318%  97.5 8116s
 3613841 3566776   17.26089   45   29    4.13440   17.26479   318%  97.5 8122s
 3617505 3570039   16.27168   48   44    4.13440   17.26420   318%  97.5 8127s
 3620821 3573218   17.23535   46   35    4.13440   17.26331   318%  97.5 8132s
 3624040 3576313   17.26266   47   31    4.13440   17.26266   318%  97.5 8138s
 3627190 3577963   15.62312   53   40    4.13440   17.26228   318%  97.6 8145s
 3628873 3581678   16.51061   52   40    4.13440   17.26146   318%  97.6 8151s
 3632635 3585183   17.15386   46   39    4.13440   17.26098   317%  97.6 8157s
 3636189 3588774   16.72185   53   41    4.13440   17.26021   317%  97.6 8162s
 3639831 3592099   16.98440   53   24    4.13440   17.25940   317%  97.6 8169s
 3643196 3595677   17.25874   45   41    4.13440   17.25874   317%  97.6 8175s
 3646820 3599188   16.17528   53   31    4.13440   17.25784   317%  97.6 8181s
 3650366 3602394   16.52775   50   39    4.13440   17.25717   317%  97.6 8185s
 3653626 3605704   16.61600   52   42    4.13440   17.25649   317%  97.6 8191s
 3656987 3608993   16.94759   51   30    4.13440   17.25583   317%  97.6 8196s
 3660301 3612267   17.04887   50   37    4.13440   17.25526   317%  97.6 8203s
 3663617 3615650   17.24536   58   26    4.13440   17.25500   317%  97.6 8208s
 3667047 3618852   17.02664   53   41    4.13440   17.25376   317%  97.6 8213s
 3670299 3622062   15.97033   55   35    4.13440   17.25318   317%  97.6 8218s
 3673559 3625601   16.74358   54   32    4.13440   17.25242   317%  97.6 8224s
 3677124 3629023   15.91294   46   44    4.13440   17.25215   317%  97.6 8230s
 3680591 3632402   16.34457   54   38    4.13440   17.25095   317%  97.6 8236s
 3684052 3635452   16.48977   52   38    4.13440   17.25028   317%  97.6 8242s
 3687138 3639015   17.22460   49   41    4.13440   17.24976   317%  97.6 8247s
 3690747 3642227   16.38237   51   40    4.13440   17.24912   317%  97.6 8251s
 3694010 3645034   17.24455   48   35    4.13440   17.24849   317%  97.6 8256s
 3696848 3648308   16.84658   46   39    4.13440   17.24772   317%  97.6 8262s
 3700181 3648733   17.24476   51   32    4.13440   17.24731   317%  97.6 8270s
 3700608 3650453   16.96492   47   33    4.13440   17.24685   317%  97.6 8278s
 3702350 3650521   16.56108   55   29    4.13440   17.24674   317%  97.6 8290s
 3702418 3652874   16.63862   49   39    4.13440   17.24669   317%  97.6 8298s
 3704825 3657554   17.24614   50   27    4.13440   17.24614   317%  97.6 8305s
 3709573 3661391   17.02680   50   35    4.13440   17.24548   317%  97.6 8312s
 3713461 3664990   16.48811   52   37    4.13440   17.24472   317%  97.6 8318s
 3717095 3668528   17.13470   46   38    4.13440   17.24384   317%  97.6 8323s
 3720697 3672266   17.24215   45   41    4.13440   17.24296   317%  97.6 8328s
 3724468 3675589   16.86170   51   39    4.13440   17.24255   317%  97.6 8334s
 3727811 3679043    9.70937   47   25    4.13440   17.24177   317%  97.6 8340s
 3731304 3682672   17.22986   49   43    4.13440   17.24122   317%  97.6 8346s
 3734993 3685817   16.53325   47   22    4.13440   17.24034   317%  97.6 8351s
 3738160 3689178   13.68907   24   51    4.13440   17.23964   317%  97.6 8356s
 3741577 3692262   16.29093   48   39    4.13440   17.23896   317%  97.6 8362s
 3744692 3695560   15.52717   47   38    4.13440   17.23857   317%  97.6 8367s
 3748035 3699108   17.20571   44   50    4.13440   17.23814   317%  97.6 8372s
 3751631 3702427   12.50951   54   30    4.13440   17.23714   317%  97.6 8378s
 3755006 3705051   17.22520   49   53    4.13440   17.23669   317%  97.6 8383s
 3757662 3708575   16.61316   51   39    4.13440   17.23593   317%  97.6 8389s
 3761212 3712028   17.23324   50   30    4.13440   17.23516   317%  97.6 8395s
 3764712 3715597   16.92010   51   46    4.13440   17.23429   317%  97.6 8400s
 3768324 3718954   11.49911   50   33    4.13440   17.23350   317%  97.6 8405s
 3771714 3722201   17.17831   52   39    4.13440   17.23308   317%  97.6 8411s
 3774990 3725155   16.54266   51   35    4.13440   17.23262   317%  97.6 8416s
 3777971 3728484   16.54173   51   38    4.13440   17.23181   317%  97.6 8421s
 3781344 3731755   16.37508   50   46    4.13440   17.23117   317%  97.6 8426s
 3784656 3734959   15.84421   56   29    4.13440   17.23021   317%  97.6 8431s
 3787917 3738279   16.20288   52   39    4.13440   17.22966   317%  97.6 8437s
 3791271 3741861   17.15281   49   39    4.13440   17.22912   317%  97.6 8443s
 3794908 3744754   16.63315   53   39    4.13440   17.22834   317%  97.6 8449s
 3797837 3748236   13.97907   51   36    4.13440   17.22790   317%  97.6 8455s
 3804709 3754799   16.38781   50   41    4.13440   17.22642   317%  97.6 8465s
 3808021 3758218   14.73190   57   35    4.13440   17.22559   317%  97.6 8470s
 3811497 3761401   15.66616   51   39    4.13440   17.22519   317%  97.6 8476s
 3814724 3764434   16.93264   54   31    4.13440   17.22450   317%  97.6 8481s
 3817798 3768154   17.01321   47   32    4.13440   17.22399   317%  97.6 8486s
 3821566 3771627   16.71642   44   41    4.13440   17.22340   317%  97.6 8492s
 3825080 3775154   16.54200   53   37    4.13440   17.22263   317%  97.7 8497s
 3828653 3777902   17.12345   51   43    4.13440   17.22196   317%  97.7 8503s
 3831451 3781229   16.78825   48   40    4.13440   17.22157   317%  97.7 8509s
 3834821 3784682   17.21590   43   41    4.13440   17.22067   317%  97.7 8514s
 3838319 3787914   17.08327   48   43    4.13440   17.22014   317%  97.7 8519s
 3841595 3791469   17.21945   47   35    4.13440   17.21945   316%  97.7 8526s
 3845180 3794713   16.76090   46   52    4.13440   17.21897   316%  97.7 8530s
 3848474 3797462   13.05717   32   28    4.13440   17.21811   316%  97.7 8536s
 3851266 3801053   17.12750   50   37    4.13440   17.21753   316%  97.7 8543s
 3854917 3804304   10.92982   49   38    4.13440   17.21716   316%  97.7 8548s
 3858206 3807717   17.20748   50   55    4.13440   17.21633   316%  97.7 8552s
 3861677 3810972   15.28730   42   37    4.13440   17.21556   316%  97.7 8558s
 3864974 3814089   16.23887   44   38    4.13440   17.21476   316%  97.7 8563s
 3868144 3817270   16.48699   52   34    4.13440   17.21413   316%  97.7 8568s
 3871368 3820138   17.02627   57   26    4.13440   17.21360   316%  97.7 8573s
 3874276 3823641   16.42745   55   38    4.13440   17.21311   316%  97.7 8579s
 3877827 3826942   17.04184   40   35    4.13440   17.21245   316%  97.7 8584s
 3881172 3830350   15.69999   50   40    4.13440   17.21171   316%  97.7 8590s
 3884614 3833872   16.24457   55   39    4.13440   17.21101   316%  97.7 8596s
 3888180 3837134   17.01013   50   39    4.13440   17.21027   316%  97.7 8601s
 3891489 3840007   17.20993   47   44    4.13440   17.20995   316%  97.7 8606s
 3894398 3843482   16.70776   51   40    4.13440   17.20916   316%  97.7 8613s
 3897911 3846841   15.77579   51   44    4.13440   17.20838   316%  97.7 8618s
 3901292 3850290   14.35888   31   37    4.13440   17.20765   316%  97.7 8624s
 3904773 3853587   17.20051   54   41    4.13440   17.20693   316%  97.7 8630s
 3908119 3856465   16.50817   48   24    4.13440   17.20616   316%  97.7 8636s
 3911039 3860081   17.19144   50   40    4.13440   17.20563   316%  97.7 8642s
 3914688 3863258   16.53318   55   37    4.13440   17.20511   316%  97.7 8648s
 3917935 3866768   17.09031   51   38    4.13440   17.20431   316%  97.7 8653s
 3921489 3870012   17.00910   48   47    4.13440   17.20383   316%  97.7 8658s
 3924776 3873090   16.86207   51   33    4.13440   17.20321   316%  97.7 8664s
 3927915 3876057   16.33706   52   42    4.13440   17.20277   316%  97.7 8670s
 3930913 3879312   17.19909   51   34    4.13440   17.20204   316%  97.7 8675s
 3934228 3882701   17.19148   48   38    4.13440   17.20153   316%  97.7 8681s
 3937655 3886129   16.33615   52   36    4.13440   17.20072   316%  97.7 8686s
 3941119 3889808   16.99985   53   20    4.13440   17.20006   316%  97.7 8692s
 3944841 3890930   17.18419   48   41    4.13440   17.19965   316%  97.7 8700s
 3945973 3895141   15.63996   54   37    4.13440   17.19924   316%  97.7 8706s
 3950260 3898714   16.21017   54   39    4.13440   17.19857   316%  97.7 8713s
 3953882 3902443   17.16878   51   46    4.13440   17.19778   316%  97.7 8718s
 3957661 3905896   17.19065   49   44    4.13440   17.19728   316%  97.7 8724s
 3961157 3909194   16.14497   50   42    4.13440   17.19642   316%  97.7 8729s
 3964487 3912657   17.17639   47   47    4.13440   17.19574   316%  97.7 8735s
 3968003 3915884   14.91858   53   36    4.13440   17.19527   316%  97.7 8741s
 3971278 3919304   16.76525   51   37    4.13440   17.19446   316%  97.7 8748s
 3974757 3922824   17.00095   49   45    4.13440   17.19373   316%  97.7 8754s
 3978332 3926186   17.15712   51   38    4.13440   17.19331   316%  97.7 8759s
 3981756 3929519   16.27707   53   37    4.13440   17.19267   316%  97.7 8765s
 3985137 3932539   16.09791   52   36    4.13440   17.19206   316%  97.7 8770s
 3988201 3935737   16.81931   59   33    4.13440   17.19133   316%  97.7 8776s
 3991437 3939131   15.83239   50   35    4.13440   17.19078   316%  97.7 8781s
 3994872 3942212   16.75950   52   36    4.13440   17.19007   316%  97.7 8787s
 3998002 3945703   17.09768   53   33    4.13440   17.18939   316%  97.8 8793s
 4001550 3949179   15.84509   50   38    4.13440   17.18888   316%  97.8 8799s
 4005070 3952553   15.31531   46   37    4.13440   17.18819   316%  97.8 8805s
 4008488 3955747   17.16590   50   47    4.13440   17.18741   316%  97.8 8811s
 4011717 3959045   17.13140   43   36    4.13440   17.18667   316%  97.8 8817s
 4015071 3962348   15.23435   51   42    4.13440   17.18599   316%  97.8 8823s
 4018427 3965589   17.18526   51   26    4.13440   17.18526   316%  97.8 8829s
 4021711 3969149   17.04984   48   37    4.13440   17.18459   316%  97.8 8834s
 4025321 3972593   16.49034   44   38    4.13440   17.18418   316%  97.8 8840s
 4028803 3975787   17.16814   48   47    4.13440   17.18332   316%  97.8 8845s
 4032052 3979462   16.46870   52   36    4.13440   17.18270   316%  97.8 8852s
 4035784 3982155   13.84839   50   36    4.13440   17.18194   316%  97.8 8859s
 4038508 3985461   17.17002   49   45    4.13440   17.18151   316%  97.8 8865s
 4041876 3988896   14.48331   49   40    4.13440   17.18131   316%  97.8 8870s
 4045368 3992226   16.34934   53   37    4.13440   17.18004   316%  97.8 8876s
 4048753 3995618   12.79437   46   41    4.13440   17.17942   316%  97.8 8882s
 4052176 3998976   16.78661   52   33    4.13440   17.17862   316%  97.8 8887s
 4055574 4002347    7.78656   50   34    4.13440   17.17799   315%  97.8 8893s
 4059008 4005250   17.17740   46   40    4.13440   17.17747   315%  97.8 8899s
 4061943 4008835   16.85774   51   40    4.13440   17.17678   315%  97.8 8905s
 4065594 4012051   16.27582   54   39    4.13440   17.17614   315%  97.8 8911s
 4068850 4015477   13.73674   41   33    4.13440   17.17545   315%  97.8 8916s
 4072307 4018592   17.17262   47   41    4.13440   17.17475   315%  97.8 8922s
 4075468 4022053   17.15742   44   32    4.13440   17.17412   315%  97.8 8927s
 4078963 4024989   17.17353   50   31    4.13440   17.17353   315%  97.8 8933s
 4081938 4028265   16.93331   57   28    4.13440   17.17298   315%  97.8 8938s
 4085240 4031560   16.32487   48   48    4.13440   17.17283   315%  97.8 8944s
 4088565 4034831   16.49007   55   37    4.13440   17.17165   315%  97.8 8949s
 4091873 4038359   16.43267   54   36    4.13440   17.17100   315%  97.8 8956s
 4095470 4041332   16.65313   55   39    4.13440   17.17026   315%  97.8 8962s
 4098484 4044581   17.04821   52   40    4.13440   17.16969   315%  97.8 8968s
 4101797 4048123   17.11470   49   35    4.13440   17.16913   315%  97.8 8974s
 4105369 4051504   17.09078   49   45    4.13440   17.16856   315%  97.8 8979s
 4108786 4054573   17.15618   52   35    4.13440   17.16768   315%  97.8 8985s
 4111891 4057556   16.78970   52   39    4.13440   17.16704   315%  97.8 8991s
 4114915 4061007   16.75756   50   39    4.13440   17.16643   315%  97.8 8997s
 4118422 4064528   16.36300   54   37    4.13440   17.16601   315%  97.8 9003s
 4121996 4068241   16.79463   49   40    4.13440   17.16516   315%  97.8 9008s
 4125769 4071448   16.66743   49   41    4.13440   17.16478   315%  97.8 9013s
 4129024 4074143   16.15370   45   47    4.13440   17.16411   315%  97.8 9018s
 4131747 4077337   16.96879   53   35    4.13440   17.16346   315%  97.8 9024s
 4134996 4080672   17.15451   49   32    4.13440   17.16293   315%  97.8 9029s
 4138381 4084102   15.73327   52   38    4.13440   17.16231   315%  97.8 9035s
 4141871 4087178   14.68839   50   43    4.13440   17.16166   315%  97.8 9040s
 4144992 4090387   17.15634   50   52    4.13440   17.16144   315%  97.8 9046s
 4148248 4093657   17.13720   48   36    4.13440   17.16062   315%  97.8 9051s
 4151576 4096792   17.15227   49   42    4.13440   17.15997   315%  97.8 9058s
 4154762 4100639   17.15774   44   36    4.13440   17.15937   315%  97.8 9064s
 4158663 4103939   14.47920   51   37    4.13440   17.15892   315%  97.8 9069s
 4162012 4107488   17.10716   46   43    4.13440   17.15814   315%  97.9 9075s
 4165607 4110611   15.11695   57   34    4.13440   17.15759   315%  97.9 9081s
 4168790 4113608   17.15067   49   43    4.13440   17.15725   315%  97.9 9086s
 4171839 4117067   13.31801   45   36    4.13440   17.15635   315%  97.9 9092s
 4175347 4120276   16.97844   52   30    4.13440   17.15592   315%  97.9 9098s
 4178599 4123588   17.10008   50   40    4.13440   17.15512   315%  97.9 9103s
 4181959 4126589   15.85881   48   38    4.13440   17.15455   315%  97.9 9110s
 4184997 4130484   17.15391   48   34    4.13440   17.15415   315%  97.9 9116s
 4188943 4134133   17.04099   47   38    4.13440   17.15321   315%  97.9 9122s
 4192629 4137446   16.59181   54   35    4.13440   17.15262   315%  97.9 9127s
 4196017 4140707   17.14919   52   43    4.13440   17.15214   315%  97.9 9133s
 4199327 4144006   17.15144   46   53    4.13440   17.15151   315%  97.9 9138s
 4202653 4146903   12.74874   52   41    4.13440   17.15118   315%  97.9 9144s
 4205579 4150368   16.70736   53   38    4.13440   17.15077   315%  97.9 9150s
 4209078 4153769   17.14352   49   49    4.13440   17.15015   315%  97.9 9157s
 4212535 4157452   16.37641   52   36    4.13440   17.14928   315%  97.9 9163s
 4216276 4160459   13.75703   51   43    4.13440   17.14871   315%  97.9 9168s
 4219316 4163885   10.13720   48   34    4.13440   17.14796   315%  97.9 9173s
 4222800 4166747   16.78338   53   39    4.13440   17.14753   315%  97.9 9179s
 4225702 4169909   16.22710   55   37    4.13440   17.14697   315%  97.9 9185s
 4228907 4173097   16.64231   53   39    4.13440   17.14641   315%  97.9 9191s
 4232151 4176427   14.03499   47   35    4.13440   17.14579   315%  97.9 9196s
 4235513 4179746   14.03290   50   42    4.13440   17.14527   315%  97.9 9202s
 4238911 4183341   17.07340   49   34    4.13440   17.14499   315%  97.9 9207s
 4242542 4186457   16.96438   54   31    4.13440   17.14412   315%  97.9 9215s
 4245699 4190129   17.10686   49   39    4.13440   17.14378   315%  97.9 9221s
 4249424 4193617   16.67698   54   44    4.13440   17.14271   315%  97.9 9227s
 4252976 4197079   16.89380   50   32    4.13440   17.14204   315%  97.9 9233s
 4256489 4200391   10.36535   47   42    4.13440   17.14168   315%  97.9 9238s
 4259862 4203447   15.04251   52   38    4.13440   17.14083   315%  97.9 9244s
 4262962 4206793   14.45973   53   40    4.13440   17.14036   315%  97.9 9250s
 4266384 4210270    8.13621   52   25    4.13440   17.13973   315%  97.9 9256s
 4269935 4213444   16.80027   46   44    4.13440   17.13937   315%  97.9 9261s
 4273151 4216657   16.12433   50   38    4.13440   17.13884   315%  97.9 9268s
 4276409 4220086   17.02902   50   39    4.13440   17.13831   315%  97.9 9274s
 4279882 4223614   16.59393   53   37    4.13440   17.13732   315%  97.9 9280s
 4283464 4226967   17.05459   50   30    4.13440   17.13666   314%  97.9 9285s
 4286868 4229791   15.57308   50   46    4.13440   17.13634   314%  97.9 9291s
 4289738 4233279   17.08008   46   59    4.13440   17.13562   314%  97.9 9297s
 4293292 4236743   15.67233   48   43    4.13440   17.13485   314%  97.9 9303s
 4296798 4240274   17.05362   51   36    4.13440   17.13429   314%  97.9 9309s
 4300372 4243654   16.87619   53   33    4.13440   17.13374   314%  97.9 9315s
 4303802 4247028   16.98186   43   52    4.13440   17.13350   314%  97.9 9321s
 4307215 4248326   17.12505   51   45    4.13440   17.13250   314%  97.9 9329s
 4308534 4249525   16.88289   50   31    4.13440   17.13218   314%  97.9 9340s
 4309752 4252847   16.78454   56   34    4.13440   17.13204   314%  97.9 9351s
 4313126 4256603   16.46854   49   41    4.13440   17.13176   314%  97.9 9362s
 4316934 4260448   17.01309   46   40    4.13440   17.13158   314%  97.9 9372s
 4320821 4261038   16.95254   53   36    4.13440   17.13104   314%  97.9 9384s
 4321417 4265722   17.05338   47   50    4.13440   17.13061   314%  97.9 9393s
 4326146 4270275    9.75781   61   30    4.13440   17.12980   314%  97.9 9401s
 4330766 4274279   16.83371   50   43    4.13440   17.12898   314%  97.9 9408s
 4334824 4277970   16.02268   42   28    4.13440   17.12801   314%  97.9 9414s
 4338560 4281157   14.01091   47   38    4.13440   17.12721   314%  98.0 9420s
 4341820 4284276   16.74884   47   38    4.13440   17.12646   314%  98.0 9425s
 4344993 4287520   16.49408   50   44    4.13440   17.12604   314%  98.0 9430s
 4348282 4290591   15.82745   53   37    4.13440   17.12575   314%  98.0 9436s
 4351392 4293860   12.54791   49   36    4.13440   17.12507   314%  98.0 9441s
 4354717 4297200   16.85351   59   26    4.13440   17.12426   314%  98.0 9446s
 4358099 4299902   15.95396   53   38    4.13440   17.12367   314%  98.0 9451s
 4360840 4303293   16.92121   51   32    4.13440   17.12321   314%  98.0 9457s
 4364286 4306833   16.56506   55   33    4.13440   17.12249   314%  98.0 9463s
 4367869 4310079   16.52460   50   41    4.13440   17.12182   314%  98.0 9469s
 4371167 4313508   15.43807   50   42    4.13440   17.12120   314%  98.0 9474s
 4374646 4316084   16.60551   54   38    4.13440   17.12073   314%  98.0 9480s
 4377266 4319574   17.09548   47   44    4.13440   17.12027   314%  98.0 9485s
 4380778 4322822   11.49519   50   40    4.13440   17.11975   314%  98.0 9491s
 4384088 4326318   17.11818   47   45    4.13440   17.11910   314%  98.0 9497s
 4387612 4329600   15.52592   50   36    4.13440   17.11840   314%  98.0 9502s
 4390941 4332776   17.11755   47   46    4.13440   17.11786   314%  98.0 9508s
 4394169 4336351   15.86421   51   39    4.13440   17.11746   314%  98.0 9514s
 4397782 4339583   16.62833   47   47    4.13440   17.11705   314%  98.0 9519s
 4401068 4342581   16.73757   53   44    4.13440   17.11630   314%  98.0 9525s
 4404093 4345938   13.57209   47   36    4.13440   17.11600   314%  98.0 9531s
 4407505 4349289   15.85277   50   37    4.13440   17.11531   314%  98.0 9536s
 4410913 4352762   16.31975   49   38    4.13440   17.11475   314%  98.0 9542s
 4414417 4355821   16.46964   48   47    4.13440   17.11438   314%  98.0 9547s
 4417521 4359027   16.23980   51   48    4.13440   17.11354   314%  98.0 9552s
 4420786 4360365   15.15278   39   35    4.13440   17.11298   314%  98.0 9560s
 4422138 4364166   16.20577   44   36    4.13440   17.11255   314%  98.0 9566s
 4425976 4367678   17.01263   54   35    4.13440   17.11218   314%  98.0 9571s
 4429533 4370766   16.75899   56   29    4.13440   17.11167   314%  98.0 9577s
 4432675 4374180   16.93289   48   49    4.13440   17.11100   314%  98.0 9583s
 4436144 4377568   17.10771   51   41    4.13440   17.11026   314%  98.0 9588s
 4439587 4380853   17.03903   45   45    4.13440   17.10989   314%  98.0 9594s
 4442907 4384095   17.10775   47   52    4.13440   17.10937   314%  98.0 9599s
 4446190 4387437   16.97071   47   31    4.13440   17.10869   314%  98.0 9604s
 4449568 4390713   16.99305   48   47    4.13440   17.10826   314%  98.0 9610s
 4452892 4394067   16.08848   50   40    4.13440   17.10755   314%  98.0 9615s
 4456309 4397557   16.86512   49   35    4.13440   17.10708   314%  98.0 9622s
 4459845 4401029   16.90143   49   47    4.13440   17.10649   314%  98.0 9627s
 4463356 4404349   16.37377   53   41    4.13440   17.10577   314%  98.0 9632s
 4466720 4407713   12.49744   48   39    4.13440   17.10522   314%  98.0 9638s
 4470139 4410885   17.10493   46   29    4.13440   17.10493   314%  98.0 9643s
 4473365 4413850   16.86930   45   44    4.13440   17.10444   314%  98.0 9649s
 4476365 4417137   16.25291   52   34    4.13440   17.10363   314%  98.0 9654s
 4479687 4420530   17.10316   48   32    4.13440   17.10316   314%  98.0 9659s
 4483159 4423657   17.10291   45   38    4.13440   17.10291   314%  98.0 9665s
 4486333 4427130   16.47629   54   38    4.13440   17.10192   314%  98.0 9671s
 4489852 4430409   15.59734   48   38    4.13440   17.10158   314%  98.0 9677s
 4493181 4433675   17.09159   52   53    4.13440   17.10078   314%  98.0 9682s
 4496487 4437044   17.06954   52   35    4.13440   17.10020   314%  98.0 9688s
 4499911 4439260   16.72190   49   46    4.13440   17.09954   314%  98.0 9695s
 4502170 4442673   17.09416   50   54    4.13440   17.09920   314%  98.0 9701s
 4505634 4446048   16.00748   49   43    4.13440   17.09842   314%  98.0 9707s
 4509074 4449498   16.19244   53   40    4.13440   17.09784   314%  98.1 9713s
 4512563 4452992   17.07245   49   36    4.13440   17.09739   314%  98.1 9719s
 4516120 4456683   16.45834   52   45    4.13440   17.09680   314%  98.1 9725s
 4519854 4459733   16.26222   53   34    4.13440   17.09634   314%  98.1 9730s
 4522942 4463111   16.41143   53   37    4.13440   17.09556   313%  98.1 9735s
 4526361 4466210   16.92690   50   41    4.13440   17.09499   313%  98.1 9741s
 4529486 4469532   17.08577   53   50    4.13440   17.09457   313%  98.1 9746s
 4532847 4472652   17.07662   50   38    4.13440   17.09408   313%  98.1 9751s
 4536018 4475856   16.00793   50   44    4.13440   17.09347   313%  98.1 9757s
 4539268 4479007    7.81181   51   28    4.13440   17.09294   313%  98.1 9762s
 4542458 4482022   16.26429   53   37    4.13440   17.09252   313%  98.1 9768s
 4545522 4485628   15.26752   51   32    4.13440   17.09216   313%  98.1 9774s
 4549188 4488721   15.53983   52   39    4.13440   17.09149   313%  98.1 9780s
 4552340 4491919   17.04901   48   40    4.13440   17.09076   313%  98.1 9785s
 4555575 4495220   14.66495   51   42    4.13440   17.09045   313%  98.1 9791s
 4558965 4498040   17.05652   49   42    4.13440   17.08988   313%  98.1 9797s
 4561814 4501343   16.90559   51   40    4.13440   17.08941   313%  98.1 9803s
 4565154 4504932   11.27894   51   43    4.13440   17.08896   313%  98.1 9808s
 4568792 4508131   15.21852   53   34    4.13440   17.08842   313%  98.1 9813s
 4572025 4511431   15.12424   47   41    4.13440   17.08799   313%  98.1 9819s
 4575390 4514811   11.62077   59   29    4.13440   17.08735   313%  98.1 9825s
 4578817 4518169   16.30749   52   40    4.13440   17.08683   313%  98.1 9831s
 4582223 4521004   16.47772   46   44    4.13440   17.08625   313%  98.1 9837s
 4585106 4524443   16.01744   53   33    4.13440   17.08562   313%  98.1 9843s
 4588588 4527805   15.34347   49   42    4.13440   17.08505   313%  98.1 9849s
 4591996 4531076   17.01485   49   42    4.13440   17.08445   313%  98.1 9855s
 4595308 4534558   17.08406   46   33    4.13440   17.08406   313%  98.1 9860s
 4598825 4537644   16.99886   51   33    4.13440   17.08343   313%  98.1 9866s
 4601954 4541051   17.06973   44   49    4.13440   17.08288   313%  98.1 9872s
 4605420 4544692    9.06397   48   38    4.13440   17.08222   313%  98.1 9878s
 4609087 4547794   17.04055   47   40    4.13440   17.08176   313%  98.1 9884s
 4612244 4550961   16.84492   51   32    4.13440   17.08095   313%  98.1 9889s
 4615456 4553886   17.07056   57   23    4.13440   17.08035   313%  98.1 9895s
 4618411 4557283   17.00195   45   51    4.13440   17.07993   313%  98.1 9901s
 4621863 4560687   16.38975   51   37    4.13440   17.07932   313%  98.1 9906s
 4625326 4563959   16.75462   48   50    4.13440   17.07865   313%  98.1 9912s
 4628659 4567250   16.93874   52   36    4.13440   17.07812   313%  98.1 9917s
 4632023 4570417   17.06975   49   41    4.13440   17.07753   313%  98.1 9923s
 4635234 4571265   16.88270   43   35    4.13440   17.07693   313%  98.1 9932s
 4636096 4584506   17.07682   46   39    4.13440   17.07691   313%  98.1 9955s
 4649539 4588181   17.06916   53   13    4.13440   17.07496   313%  98.1 9961s
 4653262 4591785   15.19444   52   32    4.13440   17.07411   313%  98.1 9967s
 4656919 4595297   17.07273   46   45    4.13440   17.07369   313%  98.1 9974s
 4660505 4598628   17.04550   49   49    4.13440   17.07313   313%  98.1 9979s
 4663889 4601962   15.37010   51   38    4.13440   17.07244   313%  98.1 9985s
 4667291 4605352   17.05801   52   40    4.13440   17.07187   313%  98.1 9991s
 4670732 4608728   16.21898   49   43    4.13440   17.07114   313%  98.1 9997s
 4674153 4612134   16.70585   47   44    4.13440   17.07059   313%  98.2 10003s
 4677602 4615406   16.55268   48   41    4.13440   17.07008   313%  98.2 10008s
 4680938 4618623   15.88524   53   34    4.13440   17.06953   313%  98.2 10014s
 4684199 4622116   16.30374   55   35    4.13440   17.06892   313%  98.2 10019s
 4687739 4625245   16.86777   44   41    4.13440   17.06865   313%  98.2 10025s
 4690911 4628448   16.67336   46   33    4.13440   17.06787   313%  98.2 10031s
 4694183 4631929   15.65336   50   40    4.13440   17.06725   313%  98.2 10036s
 4697696 4635570   13.72592   50   44    4.13440   17.06687   313%  98.2 10042s
 4701390 4638719   16.13120   53   41    4.13440   17.06603   313%  98.2 10047s
 4704579 4641764   16.60669   53   35    4.13440   17.06543   313%  98.2 10052s
 4707680 4645025   15.28228   48   53    4.13440   17.06499   313%  98.2 10057s
 4710983 4648251   16.75630   46   49    4.13440   17.06462   313%  98.2 10062s
 4714283 4651612   11.84057   43   21    4.13440   17.06390   313%  98.2 10067s
 4717680 4655045   16.29275   52   39    4.13440   17.06322   313%  98.2 10072s
 4721168 4658311   16.66743   52   45    4.13440   17.06281   313%  98.2 10078s
 4724466 4661526   16.37959   52   42    4.13440   17.06218   313%  98.2 10084s
 4727741 4664985   16.15431   52   35    4.13440   17.06164   313%  98.2 10090s
 4731252 4668280   17.05436   47   38    4.13440   17.06098   313%  98.2 10096s
 4734592 4671752   16.25758   46   46    4.13440   17.06064   313%  98.2 10102s
 4738091 4674982   17.04814   48   41    4.13440   17.06032   313%  98.2 10107s
 4741357 4678326    5.06087   54   39    4.13440   17.05943   313%  98.2 10112s
 4744771 4681207   15.79446   53   36    4.13440   17.05922   313%  98.2 10118s
 4747698 4684543   16.13715   57   31    4.13440   17.05852   313%  98.2 10124s
 4751091 4687851   16.95211   50   34    4.13440   17.05794   313%  98.2 10129s
 4754445 4691134   15.46594   53   40    4.13440   17.05726   313%  98.2 10135s
 4757802 4694216   16.41087   57   30    4.13440   17.05682   313%  98.2 10141s
 4760918 4697816   15.73874   52   40    4.13440   17.05636   313%  98.2 10148s
 4764569 4701504   16.46904   54   34    4.13440   17.05548   313%  98.2 10154s
 4768295 4704855   17.03949   50   23    4.13440   17.05526   313%  98.2 10159s
 4771709 4708255   16.24236   50   40    4.13440   17.05453   313%  98.2 10165s
 4775162 4711575   16.85645   53   36    4.13440   17.05392   312%  98.2 10171s
 4778521 4712318   17.03952   47   49    4.13440   17.05362   312%  98.2 10178s
 4779273 4716069   16.36263   56   29    4.13440   17.05326   312%  98.2 10184s
 4783072 4719484   16.81304   47   47    4.13440   17.05280   312%  98.2 10190s
 4786571 4722943   15.57944   51   47    4.13440   17.05217   312%  98.2 10196s
 4790069 4726379   15.93282   53   37    4.13440   17.05164   312%  98.2 10203s
 4793568 4729670   16.28858   52   24    4.13440   17.05088   312%  98.2 10208s
 4796902 4733337   12.95082   35   32    4.13440   17.05024   312%  98.2 10214s
 4800606 4736654   15.24583   48   39    4.13440   17.04986   312%  98.2 10219s
 4803964 4739736   17.03491   51   43    4.13440   17.04926   312%  98.2 10225s
 4807097 4742956   15.76945   47   38    4.13440   17.04868   312%  98.2 10230s
 4810355 4746177   16.38307   53   43    4.13440   17.04808   312%  98.2 10236s
 4813628 4749476   16.88201   53   35    4.13440   17.04758   312%  98.2 10241s
 4816955 4752694   11.88279   47   38    4.13440   17.04697   312%  98.2 10247s
 4820218 4756186   16.48716   55   28    4.13440   17.04651   312%  98.2 10253s
 4823775 4759496   15.55141   48   48    4.13440   17.04586   312%  98.2 10258s
 4827134 4762706   16.86642   51   38    4.13440   17.04535   312%  98.2 10264s
 4830384 4766109   17.04497   47   29    4.13440   17.04497   312%  98.2 10269s
 4833842 4769466   17.04081   48   36    4.13440   17.04456   312%  98.2 10275s
 4837249 4772565   14.67094   38   37    4.13440   17.04378   312%  98.2 10280s
 4840374 4775844   16.63601   25   54    4.13440   17.04343   312%  98.2 10286s
 4843690 4779187   17.03155   46   44    4.13440   17.04288   312%  98.2 10291s
 4847067 4782492   17.01802   51   38    4.13440   17.04243   312%  98.2 10296s
 4850412 4785903   16.55344   52   42    4.13440   17.04175   312%  98.2 10303s
 4853878 4789030    8.67687   50   38    4.13440   17.04125   312%  98.2 10308s
 4857054 4792401   16.14241   49   45    4.13440   17.04075   312%  98.2 10314s
 4860490 4795806   16.33989   51   39    4.13440   17.04000   312%  98.2 10320s
 4863931 4799100   16.93872   53   37    4.13440   17.03966   312%  98.2 10325s
 4870853 4805674   15.73852   51   40    4.13440   17.03861   312%  98.2 10335s
 4873936 4808989   16.48479   54   40    4.13440   17.03804   312%  98.2 10340s
 4877305 4812223   16.74897   52   43    4.13440   17.03754   312%  98.3 10345s
 4880604 4815670   16.85876   54   38    4.13440   17.03690   312%  98.3 10352s
 4884091 4818751    6.84916   59   30    4.13440   17.03664   312%  98.3 10357s
 4887221 4822142   15.71810   49   43    4.13440   17.03578   312%  98.3 10363s
 4890654 4825780   16.72515   52   37    4.13440   17.03511   312%  98.3 10368s
 4894332 4828904   16.36552   49   45    4.13440   17.03484   312%  98.3 10373s
 4897499 4831882   16.35722   53   42    4.13440   17.03431   312%  98.3 10379s
 4900516 4835258   16.58730   51   26    4.13440   17.03378   312%  98.3 10385s
 4903936 4838599   16.93441   48   44    4.13440   17.03321   312%  98.3 10391s
 4907324 4841962   16.33607   52   40    4.13440   17.03271   312%  98.3 10396s
 4910735 4845593   17.03238   44   19    4.13440   17.03238   312%  98.3 10402s
 4914422 4848726   17.01081   51   40    4.13440   17.03184   312%  98.3 10407s
 4917620 4851765   16.57171   49   37    4.13440   17.03113   312%  98.3 10412s
 4920708 4854898   14.91666   52   43    4.13440   17.03060   312%  98.3 10417s
 4923892 4858111   16.55316   52   37    4.13440   17.03010   312%  98.3 10423s
 4927163 4861581   16.17555   55   36    4.13440   17.02969   312%  98.3 10428s
 4930691 4864251   17.01766   52   39    4.13440   17.02927   312%  98.3 10434s
 4933416 4867701   16.80931   55   35    4.13440   17.02879   312%  98.3 10440s
 4936920 4871077   16.95660   54   42    4.13440   17.02854   312%  98.3 10445s
 4940340 4874665   16.98756   45   48    4.13440   17.02831   312%  98.3 10451s
 4943987 4877817   16.42205   56   36    4.13440   17.02735   312%  98.3 10457s
 4947198 4881277   16.95394   53   43    4.13440   17.02672   312%  98.3 10462s
 4950702 4884336   16.61237   51   43    4.13440   17.02633   312%  98.3 10467s
 4953811 4886782   14.48421   56   36    4.13440   17.02572   312%  98.3 10473s
 4956288 4890073   16.93976   49   46    4.13440   17.02534   312%  98.3 10478s
 4959652 4893539   16.93882   50   45    4.13440   17.02493   312%  98.3 10483s
 4963152 4897298   16.01252   53   31    4.13440   17.02436   312%  98.3 10488s
 4966962 4900576   16.86475   51   35    4.13440   17.02401   312%  98.3 10492s
 4970323 4903983   16.67399   52   42    4.13440   17.02369   312%  98.3 10499s
 4973802 4907483   13.37267   54   36    4.13440   17.02272   312%  98.3 10503s
 4977350 4910718    6.90484   51   33    4.13440   17.02232   312%  98.3 10509s
 4980617 4913537   15.96721   41   31    4.13440   17.02172   312%  98.3 10515s
 4983480 4916969   17.02145   46   39    4.13440   17.02145   312%  98.3 10521s
 4986960 4920261   16.30267   54   24    4.13440   17.02079   312%  98.3 10527s
 4990309 4923542   15.26915   51   42    4.13440   17.02015   312%  98.3 10532s
 4993660 4927020   14.28911   50   45    4.13440   17.01974   312%  98.3 10538s
 4997204 4930304   17.01950   47   41    4.13440   17.01950   312%  98.3 10543s
 5000541 4933903   16.76934   53   38    4.13440   17.01872   312%  98.3 10549s
 5004180 4936480   17.01859   45   31    4.13440   17.01859   312%  98.3 10554s
 5006787 4940072   17.01835   49   44    4.13440   17.01856   312%  98.3 10560s
 5010436 4943470   16.25425   55   43    4.13440   17.01744   312%  98.3 10566s
 5013882 4946727   16.51682   47   32    4.13440   17.01689   312%  98.3 10572s
 5017206 4950097   16.99434   45   34    4.13440   17.01635   312%  98.3 10577s
 5020616 4953377   16.77473   48   40    4.13440   17.01571   312%  98.3 10583s
 5023957 4955640   16.99572   47   29    4.13440   17.01527   312%  98.3 10590s
 5026244 4959254   16.99514   48   43    4.13440   17.01493   312%  98.3 10596s
 5029906 4962643   16.77743   48   46    4.13440   17.01454   312%  98.3 10603s
 5033364 4966012   16.74794   54   31    4.13440   17.01377   312%  98.3 10608s
 5036785 4969403   16.95880   53   36    4.13440   17.01321   312%  98.3 10614s
 5040233 4972585   17.01136   51   36    4.13440   17.01288   311%  98.3 10620s
 5043480 4972643   16.26890   53   40    4.13440   17.01230   311%  98.3 10629s
 5043538 4975179   14.42977   36   31    4.13440   17.01207   311%  98.3 10636s
 5046098 4978736   17.01177   52   29    4.13440   17.01177   311%  98.3 10642s
 5049697 4982087   16.20330   53   44    4.13440   17.01139   311%  98.3 10647s
 5053095 4985541   16.52159   49   40    4.13440   17.01062   311%  98.3 10653s
 5056596 4988905    9.26164   50   30    4.13440   17.01017   311%  98.3 10659s
 5060015 4992610   15.83750   53   31    4.13440   17.00954   311%  98.3 10665s
 5063769 4995805   16.99682   54   39    4.13440   17.00917   311%  98.3 10670s
 5067021 4998867   16.92247   47   47    4.13440   17.00868   311%  98.3 10676s
 5070129 5002051   16.97810   50   30    4.13440   17.00819   311%  98.3 10681s
 5073360 5005330   10.73882   48   42    4.13440   17.00760   311%  98.3 10687s
 5076672 5008470   16.21561   53   28    4.13440   17.00731   311%  98.3 10692s
 5079848 5011738   13.71609   57   31    4.13440   17.00671   311%  98.3 10697s
 5083198 5014826   13.38206   56   33    4.13440   17.00600   311%  98.3 10703s
 5086318 5018092   16.81951   47   49    4.13440   17.00550   311%  98.3 10708s
 5089630 5021795   16.97939   54   34    4.13440   17.00516   311%  98.3 10714s
 5093407 5024791   16.48917   54   39    4.13440   17.00467   311%  98.3 10719s
 5096452 5027406   16.97994   48   36    4.13440   17.00436   311%  98.3 10725s
 5099111 5030579   14.46192   53   38    4.13440   17.00373   311%  98.3 10731s
 5102346 5033973   17.00202   49   30    4.13440   17.00312   311%  98.3 10737s
 5105798 5037303   16.98603   50   40    4.13440   17.00258   311%  98.3 10742s
 5109165 5040574   16.33133   56   39    4.13440   17.00202   311%  98.3 10748s
 5112498 5044054   10.70904   48   41    4.13440   17.00156   311%  98.4 10753s
 5116026 5046751   16.50253   47   42    4.13440   17.00104   311%  98.4 10760s
 5118768 5050240   16.99423   51   49    4.13440   17.00078   311%  98.4 10766s
 5122298 5053529   17.00017   47   31    4.13440   17.00017   311%  98.4 10771s
 5125649 5056625   16.98882   48   54    4.13440   16.99962   311%  98.4 10777s
 5128806 5059823   16.87361   52   31    4.13440   16.99903   311%  98.4 10783s
 5132059 5062637     cutoff   56         4.13440   16.99861   311%  98.4 10789s
 5134933 5066144   15.73294   55   32    4.13440   16.99818   311%  98.4 10794s
 5138497 5069443   16.99152   50   46    4.13440   16.99771   311%  98.4 10800s

Cutting planes:
  Gomory: 8
  Implied bound: 4
  Projected implied bound: 80
  MIR: 695
  Flow cover: 48
  RLT: 1323
  Relax-and-lift: 5

Explored 5141857 nodes (505763818 simplex iterations) in 10802.64 seconds (24523.10 work units)
Thread count was 32 (of 255 available processors)

Solution count 10: 4.1344 4.1344 4.13439 ... 4.00224

Time limit reached
Best objective 4.134396554856e+00, best bound 1.699720515083e+01, gap 311.1170%

User-callback calls 11240754, time in user-callback 2.14 sec
Encoding the two copies...
apply_sibgate_constraints!: emitted 10 coupling lines (both-thin), 0 conditional triangles on org (org-dropped), 0 conditional triangles on pert (pert-dropped).
Encoding dependencies (activation_start=1, layers_offset=2)...
Adding perturbed interval constraints...
4.134396554856295  16.997205150831903  10802.671872138977
paper_experiments_with_zono_fix/mnist/3x50_exp/brightness/eps_0.25/N2stdBoost_3x50_19_sgd_itr1/
Clean sample classification: 1
Perturbed sample classification: 1
