source: 0 target: 4 model_arch: 3x50 perturbation type: translation perturbation size: [0, 1.0, 1.0] dataset: mnist
Attack:   0%|          | 0/500 [00:00<?, ?it/s]Attack:   0%|          | 1/500 [00:00<00:58,  8.50it/s]Attack:   9%|▉         | 44/500 [00:00<00:01, 238.17it/s]Attack:  18%|█▊        | 91/500 [00:00<00:01, 336.85it/s]Attack:  27%|██▋       | 136/500 [00:00<00:00, 379.02it/s]Attack:  36%|███▌      | 179/500 [00:00<00:00, 394.00it/s]Attack:  44%|████▍     | 221/500 [00:00<00:00, 401.49it/s]Attack:  53%|█████▎    | 264/500 [00:00<00:00, 408.39it/s]Attack:  61%|██████▏   | 307/500 [00:00<00:00, 413.24it/s]Attack:  70%|██████▉   | 349/500 [00:00<00:00, 414.44it/s]Attack:  78%|███████▊  | 391/500 [00:01<00:00, 413.87it/s]Attack:  87%|████████▋ | 433/500 [00:01<00:00, 412.65it/s]Attack:  95%|█████████▌| 475/500 [00:01<00:00, 412.10it/s]Attack: 100%|█████████▉| 499/500 [00:01<00:00, 385.04it/s]
best_val 14.29771900177002
Set parameter WLSAccessID
Set parameter WLSSecret
Set parameter LicenseID to value 2478548
Academic license 2478548 - for non-commercial use only - registered to ne___@campus.technion.ac.il
WARNING: --nn1_relax_threshold ≥ 0 or --nn1_sibling_gate=true without --nn1_zono_bounds=true. Per-copy bounds will only come from the encoder's default interval arithmetic (no Source B refinement). Decision/SibGate will still run but will see looser bounds.
Standard mode: boosts enabled:
  PerturbedIntervals:                 true
  Absolute Zonotope (Source B on N1): false
  Per-Copy Triangle Drop τ:           0.5
  Sibling-Gated Refinement:           false
Model accuracy: 0.9684
compute_n2_relax_decision!: no shape source available (relu_diff_up_bounds and n2_abs_up_bounds both empty) — skipping decision precompute
[notice | Main.MIPVerify]: Determining upper and lower bounds for the input to each non-linear unit.
Set parameter WLSAccessID
Set parameter WLSSecret
Set parameter LicenseID to value 2478548
Academic license 2478548 - for non-commercial use only - registered to ne___@campus.technion.ac.il
Set parameter TimeLimit to value 5
Set parameter TimeLimit to value 5
Set parameter WLSAccessID
Set parameter WLSSecret
Set parameter LicenseID to value 2478548
Academic license 2478548 - for non-commercial use only - registered to ne___@campus.technion.ac.il
Set parameter MIPFocus to value 3
Set parameter Cutoff to value 1.4297719001770020e+01
Set parameter Threads to value 32
Set parameter TimeLimit to value 3600
Set parameter MIPGap to value 0.01
Set parameter Seed to value 4
Set parameter Seed to value 4
Set parameter MIPGap to value 0.01
Set parameter MIPFocus to value 3
Set parameter Cutoff to value 1.4297719001770020e+01
Set parameter Threads to value 32
Set parameter TimeLimit to value 3600
Warning for adding constraints: zero or small (< 1e-13) coefficients, ignored
Gurobi Optimizer version 13.0.0 build v13.0.0rc1 (linux64 - "Ubuntu 20.04.2 LTS")

CPU model: AMD EPYC 7713 64-Core Processor, instruction set [SSE2|AVX|AVX2]
Thread count: 127 physical cores, 255 logical processors, using up to 32 threads

Non-default parameters:
Cutoff  1.4297719001770020e+01
TimeLimit  3600
MIPGap  0.01
MIPFocus  3
Seed  4
Threads  32

Academic license 2478548 - for non-commercial use only - registered to ne___@campus.technion.ac.il
Optimize a model with 1666 rows, 1920 columns and 126925 nonzeros (Max)
Model fingerprint: 0xc66cd3b4
Model has 1 linear objective coefficients
Variable types: 1749 continuous, 171 integer (171 binary)
Coefficient statistics:
  Matrix range     [3e-13, 3e+01]
  Objective range  [1e+00, 1e+00]
  Bounds range     [6e-09, 3e+01]
  RHS range        [4e-13, 1e+02]

User MIP start did not produce a new incumbent solution
Processed MIP start in 2.59 seconds (3.74 work units)

Presolve removed 1138 rows and 797 columns
Presolve time: 0.13s
Presolved: 528 rows, 1123 columns, 119731 nonzeros
Variable types: 955 continuous, 168 integer (168 binary)
Root relaxation presolve removed 167 rows and 166 columns
Root relaxation presolved: 361 rows, 958 columns, 119210 nonzeros


Root relaxation: objective 3.834429e+01, 327 iterations, 0.08 seconds (0.09 work units)
Another try with MIP start

    Nodes    |    Current Node    |     Objective Bounds      |     Work
 Expl Unexpl |  Obj  Depth IntInf | Incumbent    BestBd   Gap | It/Node Time

     0     0   38.34429    0   46          -   38.34429      -     -    5s
     0     0   32.82129    0   48          -   32.82129      -     -    6s
     0     0   32.82129    0   48          -   32.82129      -     -    6s
     0     0   32.37439    0   50          -   32.37439      -     -    6s
     0     0   32.37439    0   55          -   32.37439      -     -    6s
     0     0   32.26702    0   53          -   32.26702      -     -    6s
     0     0   32.09653    0   55          -   32.09653      -     -    6s
     0     0   32.09653    0   56          -   32.09653      -     -    6s
     0     0   31.80325    0   54          -   31.80325      -     -    6s
     0     0   31.80325    0   56          -   31.80325      -     -    6s
     0     0   31.79511    0   57          -   31.79511      -     -    6s
     0     0   31.79511    0   57          -   31.79511      -     -    6s
     0     0   31.79511    0   57          -   31.79511      -     -    6s
     0     0   31.78988    0   52          -   31.78988      -     -    7s
     0     0   31.78988    0   52          -   31.78988      -     -    7s
     0     0   31.36362    0   50          -   31.36362      -     -    7s
     0     0   31.36362    0   50          -   31.36362      -     -    7s
     0     0   31.29633    0   48          -   31.29633      -     -    8s
     0     0   31.29633    0   48          -   31.29633      -     -    8s
     0     0   31.03237    0   48          -   31.03237      -     -    8s
     0     0   30.95405    0   50          -   30.95405      -     -    8s
     0     0   30.51867    0   51          -   30.51867      -     -    8s
     0     0   30.51867    0   43          -   30.51867      -     -    9s
     0     0   30.37924    0   49          -   30.37924      -     -    9s
     0     0   30.35740    0   50          -   30.35740      -     -    9s
     0     0   30.33971    0   51          -   30.33971      -     -    9s
     0     0   30.29971    0   53          -   30.29971      -     -    9s
     0     0   30.29971    0   43          -   30.29971      -     -   10s
     0     0   30.20839    0   47          -   30.20839      -     -   10s
     0     0   30.20810    0   51          -   30.20810      -     -   11s
     0     0   30.20810    0   51          -   30.20810      -     -   11s
     0     0   30.20222    0   51          -   30.20222      -     -   12s
     0     0   30.20222    0   51          -   30.20222      -     -   12s
     0     2   30.20222    0   51          -   30.20222      -     -   12s
   127   160   27.12981    8   45          -   28.44310      -   948   16s
   716   672   24.87810   13   42          -   25.03739      -   714   20s
  1854  1763   23.39424    9   48          -   23.77038      -   574   25s
  3383  2866   16.16740   17   51          -   23.20670      -   432   44s
  3385  2867   18.24580   13   44          -   23.20670      -   432   46s
  3394  2873   18.98875   25   46          -   23.20670      -   431   51s
  3403  2888   23.20670   15   55          -   23.20670      -   433   55s
  3585  3040   23.20670   21   47          -   23.20670      -   447   60s
  3821  3172   23.20670   23   41          -   23.20670      -   462   65s
  4080  3302   23.20670   23   50          -   23.20670      -   473   72s
  4168  3407   19.97237   24   44          -   23.20670      -   482   75s
  4661  3741   21.79382   23   49          -   23.20670      -   486   80s
  5509  4327   18.29001   25   36          -   22.90511      -   468   85s
  6756  5130   22.25058   21   47          -   22.58189      -   423   90s
  7677  5725   21.52289   28   38          -   22.36570      -   402   96s
  9889  7041   16.16302   26   41          -   22.10799      -   347  100s
 12164  8545   21.71678   28   36          -   21.90990      -   306  105s
 15921 11929   18.77190   30   42          -   21.66302      -   260  110s
 20449 14925   18.91035   27   38          -   21.44067      -   225  117s
 20482 14995   15.19139   30   38          -   21.38342      -   226  120s
 20682 15102     cutoff   29               -   21.31046      -   228  127s
 20731 15156   20.50473   27   43          -   21.27694      -   229  130s
 20894 15300   21.01347   22   43          -   21.20763      -   231  135s
H20953 14252                      14.8241757   21.19450  43.0%   231  135s
 21619 15046   19.37696   25   39   14.82418   20.97988  41.5%   238  141s
 22351 15653   16.62986   31   28   14.82418   20.73571  39.9%   245  145s
 23700 16854   16.94681   35   30   14.82418   20.37929  37.5%   254  152s
 24853 18025   16.77084   34   28   14.82418   20.16452  36.0%   259  157s
 25673 18692   19.75265   31   39   14.82418   20.03492  35.2%   259  160s
 28209 22748   19.43615   54   40   14.82418   19.85641  33.9%   251  167s
 30763 26131   19.38755   67   31   14.82418   19.81840  33.7%   237  172s
 35979 27676   19.49783   67   23   14.82418   19.74021  33.2%   215  178s
 36011 27708   19.74021   64   23   14.82418   19.74021  33.2%   215  180s
 36075 27772   19.74021   66   29   14.82418   19.74021  33.2%   215  185s
 36140 27835   19.70790   68   32   14.82418   19.74021  33.2%   215  191s
H36175 27938                      14.8245015   19.73763  33.1%   215  194s
H36274 22529                      16.3684961   19.73429  20.6%   214  194s
 36280 24193   19.71806   70   30   16.36850   19.73203  20.5%   214  196s
 38074 24225   17.34534   55   22   16.36850   19.69357  20.3%   208  201s
 38143 24278   19.62036   51   21   16.36850   19.68548  20.3%   208  206s
H38216 24304                      16.3684962   19.68485  20.3%   208  208s
 38219 24363   19.68485   55   27   16.36850   19.68485  20.3%   208  211s
 38524 26264   19.67784   57   37   16.36850   19.68485  20.3%   207  216s
H40116 26247                      16.3700590   19.67887  20.2%   201  216s
 42588 30817   19.64406   53   40   16.37006   19.67497  20.2%   194  220s
 49597 37273   19.61755   55   33   16.37006   19.64975  20.0%   176  226s
 54570 41974   19.60701   54   35   16.37006   19.64098  20.0%   166  230s
 59530 46663   19.56121   62   35   16.37006   19.61953  19.9%   158  235s
 61893 53546   19.56437   60   35   16.37006   19.60473  19.8%   154  242s
 71813 58548   19.57566   58   34   16.37006   19.57566  19.6%   142  247s
 74531 61749   19.49816   57   40   16.37006   19.55484  19.5%   139  250s
 81064 67493   18.66855   54   46   16.37006   19.53576  19.3%   134  256s
 87390 74241   17.22928   54   23   16.37006   19.52015  19.2%   129  262s
 91000 80975   18.75231   58   35   16.37006   19.50976  19.2%   127  269s
 98028 84338   19.50485   55   35   16.37006   19.50485  19.1%   123  273s
 101520 87706   16.65366   55   41   16.37006   19.49928  19.1%   121  276s
 105050 90620   19.42204   65   37   16.37006   19.48546  19.0%   119  280s
 111894 97567   19.34414   57   34   16.37006   19.48272  19.0%   116  287s
 115464 100927   19.33169   60   33   16.37006   19.46412  18.9%   115  291s
 122425 110036   19.45379   56   40   16.37006   19.45533  18.8%   112  301s
 132103 116713   17.93283   58   33   16.37006   19.43494  18.7%   109  307s
 135589 120043   19.39777   61   34   16.37006   19.42909  18.7%   109  311s
 142603 126368   18.78484   54   30   16.37006   19.41444  18.6%   107  317s
 145727 129713   19.41181   63   38   16.37006   19.41355  18.6%   106  321s
 152592 137855   19.40048   60   31   16.37006   19.40093  18.5%   104  330s
 161196 144574   17.39728   57   23   16.37006   19.38164  18.4%   103  338s
 164881 147992   17.23094   58   32   16.37006   19.38089  18.4%   102  341s
 168459 150904   18.71289   53   32   16.37006   19.37206  18.3%   101  345s
 175286 157786   17.50335   54   27   16.37006   19.36000  18.3%   100  353s
 178877 160945   18.71114   54   25   16.37006   19.35569  18.2%  99.4  356s
 182276 166282   18.41488   60   40   16.37006   19.35034  18.2%  99.0  364s
 187901 169379   19.34086   59   33   16.37006   19.34086  18.1%  98.0  368s
 191172 172223   18.45665   59   24   16.37006   19.33528  18.1%  97.5  371s
 196379 177475   16.58245   56   40   16.37006   19.32874  18.1%  96.8  378s
 199750 181045   19.25440   58   36   16.37006   19.32356  18.0%  96.3  383s
 203528 181076   18.89384   54   21   16.37006   19.31581  18.0%  95.8  391s
 203561 181105   19.30935   59   36   16.37006   19.31581  18.0%  95.8  395s
H203623 181136                      16.3701687   19.31183  18.0%  95.8  399s
 203628 184370   19.29280   57   34   16.37017   19.31139  18.0%  95.8  403s
 207074 187501   19.10961   61   36   16.37017   19.30752  17.9%  95.4  407s
 210350 190536   19.17683   55   40   16.37017   19.29625  17.9%  95.0  411s
 213561 195000   19.29247   56   43   16.37017   19.29377  17.9%  94.6  417s
 218249 198435   19.26471   53   39   16.37017   19.28975  17.8%  94.2  421s
 221908 201885   18.62957   53   23   16.37017   19.28400  17.8%  94.0  425s
 229021 208396   19.04964   58   25   16.37017   19.27696  17.8%  93.3  432s
 232548 211375   19.22934   57   34   16.37017   19.27003  17.7%  93.0  435s
 239391 217904   18.99697   77   31   16.37017   19.26259  17.7%  92.4  443s
 242665 222092   17.59591   66   31   16.37017   19.26211  17.7%  92.2  449s
 247094 225715   19.24611   54   37   16.37017   19.25495  17.6%  91.8  453s
 250967 228847   19.21323   58   36   16.37017   19.24962  17.6%  91.5  458s
 254285 232287   19.21960   61   39   16.37017   19.24441  17.6%  91.3  463s
 257905 235553   19.24203   59   30   16.37017   19.24203  17.5%  91.0  467s
 261334 238647   17.82004   59   31   16.37017   19.23932  17.5%  90.9  470s
 267975 244931   18.80783   56   23   16.37017   19.23554  17.5%  90.5  478s
 271377 247996   19.09120   56   36   16.37017   19.22712  17.5%  90.3  482s
 274606 252510   19.11646   60   37   16.37017   19.22327  17.4%  90.1  487s
 279395 255216   19.21238   69   23   16.37017   19.21909  17.4%  89.8  491s
 282261 258413   19.18509   60   34   16.37017   19.21572  17.4%  89.7  495s
 289293 265196   17.63323   58   30   16.37017   19.21310  17.4%  89.4  502s
 293030 268021   19.19592   58   34   16.37017   19.20977  17.3%  89.2  506s
 295997 271344   18.26583   53   35   16.37017   19.20593  17.3%  89.0  511s
 299573 274340   19.14735   56   39   16.37017   19.20393  17.3%  88.8  515s
 306237 281856   19.09385   60   37   16.37017   19.19533  17.3%  88.4  525s
H313797 286155                      16.3724952   19.18533  17.2%  88.0  533s
H313915 286126                      16.3746705   19.18483  17.2%  88.0  533s
H314277 284359                      16.4687349   19.18407  16.5%  88.0  533s
 315495 288156   19.02465   64   29   16.46873   19.18259  16.5%  87.9  538s
 319599 291065   16.77395   58   26   16.46873   19.18078  16.5%  87.7  544s
 322691 294431   18.83682   58   38   16.46873   19.17590  16.4%  87.6  548s
 326300 298066   16.89431   58   22   16.46873   19.17474  16.4%  87.4  553s
 330237 301712   18.55877   64   34   16.46873   19.17108  16.4%  87.1  557s
 334118 305196   19.06087   59   38   16.46873   19.16781  16.4%  86.9  562s
 337826 309505   18.91461   60   36   16.46873   19.16127  16.3%  86.7  568s
 342374 312734   18.74227   56   38   16.46873   19.15652  16.3%  86.5  572s
 345791 315770   19.12361   57   45   16.46873   19.15501  16.3%  86.4  575s
 352454 321830   18.38301   56   31   16.46873   19.14630  16.3%  86.1  583s
 355511 324885   19.14630   56   33   16.46873   19.14630  16.3%  86.0  588s
 358823 328127   19.11937   59   32   16.46873   19.13990  16.2%  85.8  591s
 362403 331222   16.57770   54   25   16.46873   19.13830  16.2%  85.7  595s
 365687 334421   19.11509   59   29   16.46873   19.13690  16.2%  85.6  600s
 369118 338243   19.13319   53   29   16.46873   19.13319  16.2%  85.5  605s
 376992 344898   19.00703   66   33   16.46873   19.12791  16.1%  85.2  613s
 380484 347842   19.12668   53   20   16.46873   19.12668  16.1%  85.1  618s
 383616 350865   19.12668   56   30   16.46873   19.12668  16.1%  85.0  622s
 386891 354067   18.96342   55   38   16.46873   19.12584  16.1%  84.9  625s
 393551 360384   18.70548   58   31   16.46873   19.11624  16.1%  84.7  632s
 397103 363750   18.82081   59   40   16.46873   19.11244  16.1%  84.6  636s
 400755 367423     cutoff   58        16.46873   19.11210  16.1%  84.5  641s
 404747 370949   19.07630   62   32   16.46873   19.10649  16.0%  84.3  645s
 411715 377146   19.10293   57   23   16.46873   19.10293  16.0%  84.2  652s
 415171 380203   19.09800   61   37   16.46873   19.10247  16.0%  84.1  655s
 422131 386642   19.05566   54   38   16.46873   19.09904  16.0%  84.0  662s
 425384 389949     cutoff   56        16.46873   19.09816  16.0%  83.9  667s
 428979 393160   19.00460   59   35   16.46873   19.09538  15.9%  83.8  671s
 432480 393187   16.51399   54   21   16.46873   19.09385  15.9%  83.7  679s
 432517 419922   18.22482   61   36   16.46873   19.09021  15.9%  83.7  734s
H434224 419814                      16.4730025   19.09010  15.9%  83.6  734s
H442223 419519                      16.4827753   19.09009  15.8%  83.5  734s
 445072 419516   19.09009   69   27   16.48278   19.09009  15.8%  83.4  735s
H459653 416355                      16.5820704   19.09009  15.1%  83.1  735s
 461653 420248   19.06033   70   28   16.58207   19.08045  15.1%  83.1  741s
 465922 423499   18.94175   62   34   16.58207   19.07959  15.1%  82.9  745s
 472880 429595   19.02421   64   30   16.58207   19.07252  15.0%  82.8  752s
 476316 432526   18.90514   64   33   16.58207   19.07186  15.0%  82.7  757s
 479534 435613   19.07031   58   29   16.58207   19.07031  15.0%  82.7  762s
 482914 438989   18.90433   60   36   16.58207   19.06714  15.0%  82.6  765s
 489903 445056   19.02343   50   37   16.58207   19.06196  15.0%  82.4  773s
 493408 448821   18.99574   61   37   16.58207   19.06006  14.9%  82.3  778s
 497569 451909     cutoff   61        16.58207   19.05649  14.9%  82.3  782s
 501002 453431   18.91344   58   42   16.58207   19.05410  14.9%  82.2  786s
H501091 453367                      16.5842804   19.05357  14.9%  82.2  786s
H501207 438271                      16.9888529   19.05344  12.2%  82.2  786s
 502658 441534   19.04533   60   40   16.98885   19.05304  12.2%  82.2  791s
 506391 444932   18.70250   56   34   16.98885   19.05158  12.1%  82.1  795s
 513878 451327   18.99353   62   34   16.98885   19.04518  12.1%  82.0  802s
 517407 454326   19.04468   59   37   16.98885   19.04468  12.1%  81.9  807s
 520812 457413   18.79359   59   34   16.98885   19.04070  12.1%  81.9  812s
 524349 461143   19.02781   61   39   16.98885   19.03732  12.1%  81.8  817s
 528678 463915     cutoff   54        16.98885   19.03608  12.1%  81.7  821s
 531865 466883   18.15282   57   28   16.98885   19.03480  12.0%  81.7  826s
 538709 472812   19.02554   63   31   16.98885   19.02745  12.0%  81.5  833s
 542060 475789   19.02456   58   38   16.98885   19.02477  12.0%  81.5  837s
 545431 478690   18.88828   60   35   16.98885   19.02204  12.0%  81.4  842s
 548724 481606   18.84473   63   32   16.98885   19.02154  12.0%  81.4  845s
 552039 483941   18.93372   56   38   16.98885   19.02061  12.0%  81.4  850s
 554764 487564   18.94574   58   39   16.98885   19.01780  11.9%  81.3  856s
 558897 490600   19.01380   53   33   16.98885   19.01380  11.9%  81.2  861s
 565758 496599     cutoff   65        16.98885   19.00965  11.9%  81.1  869s
 569160 499524   18.94767   57   36   16.98885   19.00808  11.9%  81.1  873s
 572512 502532   18.36397   61   37   16.98885   19.00586  11.9%  81.0  878s
 575923 505266   18.94006   56   42   16.98885   19.00413  11.9%  80.9  883s
 579088 508303   19.00276   52   34   16.98885   19.00276  11.9%  80.9  887s
 582558 511267   18.99006   61   33   16.98885   18.99925  11.8%  80.8  892s
 585930 514577   18.55542   63   36   16.98885   18.99705  11.8%  80.8  898s
 589740 517811   17.98073   61   28   16.98885   18.99574  11.8%  80.7  902s
 593513 520684     cutoff   58        16.98885   18.99357  11.8%  80.6  907s
 596872 523477   18.98820   59   23   16.98885   18.98820  11.8%  80.5  911s
 600194 526555   18.84169   59   36   16.98885   18.98735  11.8%  80.4  916s
 603752 529321   18.71984   70   28   16.98885   18.98532  11.8%  80.4  920s
 606950 532358   18.95307   59   34   16.98885   18.98168  11.7%  80.3  925s
 613937 538143   18.19966   61   39   16.98885   18.97741  11.7%  80.2  933s
 617127 541522   18.86315   65   38   16.98885   18.97728  11.7%  80.2  937s
 621012 544483   18.72700   76   18   16.98885   18.97439  11.7%  80.2  941s
 624477 547200   18.97215   58   31   16.98885   18.97308  11.7%  80.1  945s
 631080 553265   18.74269   70   30   16.98885   18.96966  11.7%  80.0  954s
 634655 556141   18.96904   60   37   16.98885   18.96904  11.7%  80.0  958s
 637934 559243   18.37784   50   35   16.98885   18.96588  11.6%  79.9  963s
 641617 562446   18.37744   52   42   16.98885   18.96450  11.6%  79.8  968s
 645248 564883   18.86002   58   38   16.98885   18.96107  11.6%  79.8  973s
 648029 568261     cutoff   61        16.98885   18.96049  11.6%  79.8  978s
 651959 571264   18.95227   56   38   16.98885   18.95920  11.6%  79.7  982s
 655358 574267   18.70412   61   41   16.98885   18.95735  11.6%  79.7  986s
 658772 577359   18.95520   58   27   16.98885   18.95520  11.6%  79.6  990s
 662285 580488   18.93997   58   35   16.98885   18.95520  11.6%  79.6  995s
 669053 583280   17.77589   53   30   16.98885   18.94997  11.5%  79.5 1005s
 669135 583337   18.94968   53   27   16.98885   18.94968  11.5%  79.5 1015s
H669160 583326                      16.9891471   18.94968  11.5%  79.5 1015s
 669168 586305   18.94968   54   26   16.98915   18.94968  11.5%  79.5 1020s
H672599 587714                      16.9894003   18.94933  11.5%  79.5 1024s
H672915 587688                      16.9899281   18.94933  11.5%  79.5 1024s
H673556 587626                      16.9913767   18.94933  11.5%  79.5 1024s
 674201 590941   18.94812   54   37   16.99138   18.94933  11.5%  79.5 1029s
 677239 590941   18.80983   54   38   16.99138   18.94724  11.5%  79.4 1030s
 677975 594181   18.94582   60   20   16.99138   18.94582  11.5%  79.4 1036s
 681697 596925   18.87241   60   34   16.99138   18.94582  11.5%  79.4 1041s
 684966 600020   18.88646   59   38   16.99138   18.94286  11.5%  79.3 1047s
 688623 603030     cutoff   59        16.99138   18.93859  11.5%  79.2 1052s
 692125 606022   18.39951   62   29   16.99138   18.93856  11.5%  79.2 1056s
 695655 609168   18.86532   58   30   16.99138   18.93577  11.4%  79.2 1061s
 699252 612154   18.78474   60   38   16.99138   18.93420  11.4%  79.1 1066s
 702660 615060   18.90705   60   27   16.99138   18.93342  11.4%  79.1 1070s
 705998 615087   18.64647   66   32   16.99138   18.93086  11.4%  79.1 1078s
 706035 615118   18.92664   58   38   16.99138   18.93085  11.4%  79.1 1083s
H706054 615067                      16.9925481   18.93085  11.4%  79.1 1083s
 706068 618039   18.84464   59   39   16.99255   18.93085  11.4%  79.1 1088s
 709568 621285   18.92945   56   31   16.99255   18.92945  11.4%  79.0 1093s
 713394 624397   18.92403   58   33   16.99255   18.92763  11.4%  78.9 1097s
 716926 627443   18.87956   58   24   16.99255   18.92598  11.4%  78.9 1101s
 720438 629818   18.74342   61   26   16.99255   18.92470  11.4%  78.9 1106s
 723170 633048   18.91063   53   42   16.99255   18.92238  11.4%  78.8 1111s
 726923 636264   18.89595   57   34   16.99255   18.92224  11.4%  78.8 1115s
 730649 639227   18.91988   53   25   16.99255   18.91988  11.3%  78.7 1120s
 737386 645179   18.62442   61   28   16.99255   18.91590  11.3%  78.6 1129s
 740939 648180   18.80022   56   40   16.99255   18.91538  11.3%  78.6 1135s
 748439 654655   18.90985   58   29   16.99255   18.90985  11.3%  78.5 1143s
 751972 657410   18.66933   66   32   16.99255   18.90838  11.3%  78.4 1147s
 755252 660493     cutoff   60        16.99255   18.90739  11.3%  78.4 1152s
 758877 663399   18.67098   55   23   16.99255   18.90602  11.3%  78.4 1157s
 762314 666136   18.75637   62   37   16.99255   18.90260  11.2%  78.3 1162s
 765529 668960   18.85164   54   42   16.99255   18.90227  11.2%  78.3 1167s
 768836 671999   18.89706   57   42   16.99255   18.89897  11.2%  78.2 1171s
 772351 675145   18.80023   61   36   16.99255   18.89792  11.2%  78.2 1177s
 775985 678212   18.89743   63   23   16.99255   18.89743  11.2%  78.2 1182s
 779550 681230   18.85526   57   38   16.99255   18.89591  11.2%  78.2 1186s
 783122 683998   18.89217   59   35   16.99255   18.89557  11.2%  78.2 1190s
 786421 687206   18.85683   57   33   16.99255   18.89277  11.2%  78.1 1196s
 790141 690124   18.89062   57   35   16.99255   18.89062  11.2%  78.1 1200s
 793546 692330   18.73015   62   33   16.99255   18.89037  11.2%  78.1 1206s
 796134 695654   18.67708   59   35   16.99255   18.88882  11.2%  78.0 1211s
 799919 698974   18.88730   56   31   16.99255   18.88730  11.2%  78.0 1216s
 803650 702435   18.88436   59   42   16.99255   18.88730  11.2%  78.0 1221s
 807643 705257   18.74464   56   37   16.99255   18.88540  11.1%  77.9 1227s
 810942 708244   18.33698   66   27   16.99255   18.88498  11.1%  77.9 1231s
 814330 711103   17.59188   59   30   16.99255   18.88102  11.1%  77.9 1235s
 820817 717022   18.69434   57   39   16.99255   18.87848  11.1%  77.8 1244s
 824581 719942     cutoff   60        16.99255   18.87665  11.1%  77.8 1248s
 828000 722702   18.78781   59   39   16.99255   18.87594  11.1%  77.7 1253s
 831200 725771   18.87368   58   43   16.99255   18.87369  11.1%  77.7 1258s
 834734 729231   18.65320   64   38   16.99255   18.87270  11.1%  77.7 1263s
 838683 732216   18.12017   62   32   16.99255   18.87123  11.1%  77.6 1267s
 842152 734634     cutoff   60        16.99255   18.87085  11.1%  77.6 1271s
 846870 737640   18.86219   63   44   16.99255   18.86906  11.0%  77.6 1275s
 848474 740707   18.71663   62   37   16.99255   18.86819  11.0%  77.6 1280s
 855313 746491   18.63971   56   40   16.99255   18.86543  11.0%  77.5 1288s
 858912 749483   18.54688   59   38   16.99255   18.86543  11.0%  77.5 1293s
 862419 752037     cutoff   54        16.99255   18.86269  11.0%  77.5 1298s
 865442 755446   18.86125   54   23   16.99255   18.86125  11.0%  77.4 1304s
 869396 758115   18.85941   58   35   16.99255   18.85983  11.0%  77.4 1308s
 872450 761296   18.53153   58   32   16.99255   18.85870  11.0%  77.4 1313s
 876196 761323   18.85740   59   28   16.99255   18.85740  11.0%  77.3 1321s
 876233 761351   18.85740   60   27   16.99255   18.85740  11.0%  77.3 1325s
 876269 761462   18.85740   61   27   16.99255   18.85740  11.0%  77.3 1331s
 876402 762043   18.84788   62   35   16.99255   18.85740  11.0%  77.3 1335s
H876664 762007                      16.9931400   18.85669  11.0%  77.3 1336s
H877058 763285                      16.9932800   18.85654  11.0%  77.3 1340s
H877882 763230                      16.9940356   18.85654  11.0%  77.3 1340s
H878493 763230                      16.9940416   18.85654  11.0%  77.3 1340s
 878526 766839   18.40656   61   38   16.99404   18.85654  11.0%  77.3 1346s
 882693 770386   18.81902   60   41   16.99404   18.85578  11.0%  77.3 1352s
 886767 773972   18.85402   56   22   16.99404   18.85402  10.9%  77.2 1358s
 890834 776970   18.85264   55   33   16.99404   18.85264  10.9%  77.2 1364s
 894309 780325     cutoff   54        16.99404   18.85249  10.9%  77.2 1369s
 898152 783177   18.36249   69   40   16.99404   18.84923  10.9%  77.1 1374s
 901493 786025   18.48185   57   32   16.99404   18.84788  10.9%  77.1 1378s
 904832 788970   18.84679   51   24   16.99404   18.84679  10.9%  77.1 1382s
 908269 791835   18.14133   56   34   16.99404   18.84599  10.9%  77.1 1388s
 911614 794841   18.23003   53   27   16.99404   18.84472  10.9%  77.1 1393s
 915111 797960   18.69612   63   31   16.99404   18.84292  10.9%  77.0 1397s
 918785 801096   18.18879   56   42   16.99404   18.84218  10.9%  77.0 1402s
 922320 804167   18.83800   50   38   16.99404   18.84030  10.9%  77.0 1407s
 925790 807019   18.76605   61   32   16.99404   18.83981  10.9%  76.9 1412s
 929103 810489   18.40951   63   37   16.99404   18.83783  10.8%  76.9 1418s
 933116 813745   18.83623   62   33   16.99404   18.83623  10.8%  76.8 1422s
 936750 816855   17.35429   59   36   16.99404   18.83524  10.8%  76.8 1427s
 940348 819520   18.33369   64   32   16.99404   18.83378  10.8%  76.8 1432s
 943425 822610     cutoff   51        16.99404   18.83257  10.8%  76.8 1436s
 947036 825664   18.73052   73   32   16.99404   18.83075  10.8%  76.8 1440s
 950551 828653   18.56423   63   33   16.99404   18.83013  10.8%  76.7 1445s
 954011 831760     cutoff   61        16.99404   18.82817  10.8%  76.7 1450s
 957524 835188   18.76127   58   31   16.99404   18.82725  10.8%  76.7 1456s
 961529 837744     cutoff   58        16.99404   18.82612  10.8%  76.7 1460s
 967866 843147   18.82418   57   25   16.99404   18.82418  10.8%  76.6 1468s
 970799 846329   18.52402   59   29   16.99404   18.82317  10.8%  76.6 1474s
 974468 849533   18.82204   54   20   16.99404   18.82204  10.8%  76.6 1479s
 978188 852663   18.82113   73   23   16.99404   18.82113  10.8%  76.6 1483s
 981866 855685   18.82009   59   32   16.99404   18.82009  10.7%  76.5 1487s
 985341 858736   18.67797   58   43   16.99404   18.81803  10.7%  76.5 1491s
 988915 861776     cutoff   58        16.99404   18.81722  10.7%  76.5 1497s
 992480 865209   18.70958   60   38   16.99404   18.81527  10.7%  76.4 1503s
 996381 867960   18.81472   56   27   16.99404   18.81472  10.7%  76.4 1507s
 999614 871088   18.79525   60   38   16.99404   18.81416  10.7%  76.4 1511s
 1003244 874098   18.80415   65   37   16.99404   18.81345  10.7%  76.4 1516s
 1010364 879976   18.76071   57   39   16.99404   18.81084  10.7%  76.3 1524s
 1013626 882824   18.34550   65   40   16.99404   18.81019  10.7%  76.3 1529s
 1016934 885339   18.73452   54   38   16.99404   18.80894  10.7%  76.3 1533s
 1019934 888465   18.27315   60   24   16.99404   18.80726  10.7%  76.3 1540s
 1023699 891478   18.80603   56   33   16.99404   18.80603  10.7%  76.2 1545s
 1027303 894568   18.80410   58   28   16.99404   18.80410  10.7%  76.2 1550s
 1030806 897583   18.57173   61   23   16.99404   18.80368  10.6%  76.2 1555s
 1037586 903293   18.70364   62   39   16.99404   18.80105  10.6%  76.1 1564s
 1041002 906156   18.09378   69   31   16.99404   18.79931  10.6%  76.1 1568s
 1044322 908991   18.08071   51   39   16.99404   18.79813  10.6%  76.0 1573s
 1047612 912078   18.49629   61   30   16.99404   18.79677  10.6%  76.0 1579s
 1051176 915051   17.16118   58   33   16.99404   18.79636  10.6%  76.0 1584s
 1054623 918242   18.13491   51   24   16.99404   18.79476  10.6%  76.0 1589s
 1058302 921442   18.79443   58   31   16.99404   18.79443  10.6%  75.9 1594s
 1062087 924486   18.55609   62   34   16.99404   18.79236  10.6%  75.9 1598s
 1065612 927186   18.71943   58   30   16.99404   18.79136  10.6%  75.9 1603s
 1068707 930307     cutoff   63        16.99404   18.79063  10.6%  75.9 1607s
 1072329 933409   18.66200   73   31   16.99404   18.78961  10.6%  75.8 1613s
 1075991 936172   18.46447   58   44   16.99404   18.78881  10.6%  75.8 1617s
 1079198 939259   18.78714   52   29   16.99404   18.78714  10.6%  75.8 1622s
 1082823 942250   18.68310   60   36   16.99404   18.78561  10.5%  75.8 1628s
 1086380 945189   18.01514   59   33   16.99404   18.78367  10.5%  75.7 1633s
 1089791 948446   18.39417   62   32   16.99404   18.78285  10.5%  75.7 1637s
 1093479 951695   18.77352   56   37   16.99404   18.78267  10.5%  75.7 1643s
 1097165 954002   18.78093   56   24   16.99404   18.78093  10.5%  75.7 1647s
 1099851 956939   18.60487   58   35   16.99404   18.78093  10.5%  75.7 1652s
 1103308 960169   18.44850   59   40   16.99404   18.77986  10.5%  75.7 1656s
 1107112 963188   18.66105   55   33   16.99404   18.77883  10.5%  75.7 1661s
 1110584 966114   18.42671   57   42   16.99404   18.77782  10.5%  75.6 1667s
 1113960 969297   17.94730   58   31   16.99404   18.77715  10.5%  75.6 1673s
 1117746 972264   18.06419   61   35   16.99404   18.77543  10.5%  75.6 1678s
 1121132 975281   18.76916   62   36   16.99404   18.77374  10.5%  75.6 1683s
 1124547 977781   18.61817   60   34   16.99404   18.77350  10.5%  75.6 1687s
 1127424 980900   18.77335   63   21   16.99404   18.77335  10.5%  75.6 1692s
 1131000 983993   18.27976   56   27   16.99404   18.77151  10.5%  75.6 1697s
 1134583 986796   18.67355   55   41   16.99404   18.77052  10.5%  75.6 1702s
 1137898 989924   18.74019   61   35   16.99404   18.76978  10.4%  75.5 1706s
 1141534 992970   18.76853   60   28   16.99404   18.76853  10.4%  75.5 1711s
 1145039 995949   18.66904   63   32   16.99404   18.76839  10.4%  75.5 1717s
 1148460 999087   18.43652   64   31   16.99404   18.76639  10.4%  75.5 1721s
 1152107 1002142   18.36796   55   29   16.99404   18.76603  10.4%  75.5 1726s
 1155668 1002168   18.59928   70   32   16.99404   18.76510  10.4%  75.5 1733s
 1155705 1002196   18.76039   64   35   16.99404   18.76508  10.4%  75.5 1738s
 1155741 1002221   18.76472   56   21   16.99404   18.76472  10.4%  75.5 1743s
H1155747 1002220                      16.9940433   18.76472  10.4%  75.5 1743s
 1155780 1003094   18.69326   57   43   16.99404   18.76472  10.4%  75.5 1747s
H1155781 1003052                      16.9945409   18.76472  10.4%  75.5 1747s
H1155822 1003044                      16.9946424   18.76472  10.4%  75.5 1747s
H1156552 1002178                      17.0067821   18.76472  10.3%  75.5 1747s
 1156795 1002206   17.98293   61   29   17.00678   18.76472  10.3%  75.5 1753s
 1156830 1002234   18.76426   54   32   17.00678   18.76426  10.3%  75.5 1760s
 1156866 1002262   18.76426   55   31   17.00678   18.76426  10.3%  75.5 1767s
H1156868 1002153                      17.0082943   18.76426  10.3%  75.5 1768s
H1156874 997728                      17.0572251   18.76426  10.0%  75.5 1768s
H1156887 988364                      17.1613904   18.76426  9.34%  75.5 1768s
 1156902 991523   18.47330   56   39   17.16139   18.76426  9.34%  75.5 1775s
 1160658 994881     cutoff   60        17.16139   18.76326  9.33%  75.5 1781s
 1164634 997921     cutoff   60        17.16139   18.76245  9.33%  75.5 1787s
 1168272 1000795   18.54623   62   37   17.16139   18.76108  9.32%  75.5 1793s
 1171580 1004170   18.75242   59   37   17.16139   18.76061  9.32%  75.5 1799s
 1175580 1007287   18.75874   55   27   17.16139   18.75874  9.31%  75.4 1804s
 1179420 1010008     cutoff   63        17.16139   18.75840  9.31%  75.4 1809s
 1182694 1012781   18.15640   59   34   17.16139   18.75750  9.30%  75.4 1814s
 1186010 1015750     cutoff   60        17.16139   18.75609  9.29%  75.4 1819s
 1189587 1018629     cutoff   66        17.16139   18.75341  9.28%  75.4 1825s
 1192919 1021587     cutoff   58        17.16139   18.75292  9.27%  75.3 1830s
 1196422 1024418   18.55368   59   36   17.16139   18.75222  9.27%  75.3 1835s
 1199763 1027417   18.48038   47   15   17.16139   18.75111  9.26%  75.3 1841s
 1203320 1029708   18.75061   62   25   17.16139   18.75061  9.26%  75.3 1846s
 1206139 1032806   18.38790   62   37   17.16139   18.74851  9.25%  75.3 1852s
 1209960 1035592   18.37448   65   33   17.16139   18.74689  9.24%  75.2 1858s
 1213266 1038366   18.72081   62   34   17.16139   18.74640  9.24%  75.2 1863s
 1216584 1041368   18.63913   64   35   17.16139   18.74514  9.23%  75.2 1868s
 1220268 1044333   18.66155   64   34   17.16139   18.74406  9.22%  75.2 1873s
 1223842 1047432   18.73105   60   31   17.16139   18.74228  9.21%  75.1 1878s
 1227525 1050402   18.57382   62   32   17.16139   18.74136  9.21%  75.1 1883s
 1230990 1053157   18.74097   58   23   17.16139   18.74097  9.20%  75.1 1887s
 1234223 1056040   18.57079   55   31   17.16139   18.74037  9.20%  75.1 1892s
 1237698 1058930   18.26493   63   34   17.16139   18.73968  9.20%  75.1 1897s
 1241175 1061744     cutoff   61        17.16139   18.73734  9.18%  75.1 1903s
 1244447 1064959   18.39409   59   38   17.16139   18.73650  9.18%  75.1 1908s
 1248277 1068095     cutoff   61        17.16139   18.73590  9.17%  75.1 1913s
 1252082 1070996   18.66522   62   37   17.16139   18.73515  9.17%  75.0 1918s
 1255559 1073723   18.51554   67   28   17.16139   18.73339  9.16%  75.0 1923s
 1258847 1076853     cutoff   53        17.16139   18.73208  9.15%  75.0 1929s
 1262547 1079807   17.25904   55   21   17.16139   18.73078  9.14%  75.0 1933s
 1266019 1082674   17.94397   56   21   17.16139   18.72947  9.14%  74.9 1938s
 1269505 1085828   18.72928   57   34   17.16139   18.72928  9.14%  74.9 1945s
 1273252 1088723   17.76186   63   28   17.16139   18.72827  9.13%  74.9 1950s
 1279810 1094207     cutoff   57        17.16139   18.72603  9.12%  74.9 1960s
 1283315 1096991   18.72539   55   25   17.16139   18.72539  9.11%  74.9 1965s
 1286673 1099814   18.36936   56   26   17.16139   18.72487  9.11%  74.9 1973s
 1290052 1102806   17.21294   57   32   17.16139   18.72382  9.10%  74.9 1978s
 1293607 1105647   18.39119   60   33   17.16139   18.72186  9.09%  74.8 1983s
 1297023 1108528   17.77987   58   30   17.16139   18.72162  9.09%  74.8 1988s
 1300532 1111516     cutoff   63        17.16139   18.72051  9.09%  74.8 1993s
 1304126 1114479   17.92848   58   24   17.16139   18.71865  9.07%  74.8 1998s
 1307664 1117120   18.71865   54   29   17.16139   18.71865  9.07%  74.8 2004s
 1310836 1119826   18.44901   63   35   17.16139   18.71659  9.06%  74.8 2009s
 1314143 1123029   18.61117   63   33   17.16139   18.71486  9.05%  74.7 2014s
 1317987 1125807     cutoff   56        17.16139   18.71455  9.05%  74.7 2019s
 1321267 1128743   18.71358   59   36   17.16139   18.71405  9.05%  74.7 2024s
 1324890 1131877   18.71139   55   41   17.16139   18.71244  9.04%  74.7 2028s
 1328710 1134857   18.64714   57   41   17.16139   18.71152  9.03%  74.6 2034s
 1332247 1138004   17.18018   57   22   17.16139   18.71055  9.03%  74.6 2039s
 1334916 1138004     cutoff   56        17.16139   18.70999  9.02%  74.6 2040s
 1335998 1140732   18.70879   57   23   17.16139   18.70879  9.02%  74.6 2045s
 1342500 1146605   18.55388   63   35   17.16139   18.70727  9.01%  74.6 2055s
 1350015 1152175   18.70548   58   26   17.16139   18.70548  9.00%  74.5 2064s
 1353104 1155198   18.70161   58   40   17.16139   18.70509  9.00%  74.5 2068s
 1356784 1157866   18.67752   61   39   17.16139   18.70509  9.00%  74.5 2074s
 1359962 1160516   17.70577   63   33   17.16139   18.70266  8.98%  74.5 2079s
 1363232 1163520   18.18157   59   37   17.16139   18.70215  8.98%  74.5 2085s
 1366918 1166081   18.63207   59   36   17.16139   18.70179  8.98%  74.5 2090s
 1370085 1169137     cutoff   59        17.16139   18.69997  8.97%  74.5 2095s
 1373704 1169162   18.53272   61   36   17.16139   18.69917  8.96%  74.5 2104s
 1373743 1169186   18.69873   55   28   17.16139   18.69873  8.96%  74.5 2108s
 1373783 1169211   18.69873   56   33   17.16139   18.69873  8.96%  74.5 2114s
 1373822 1169778   18.69873   57   27   17.16139   18.69873  8.96%  74.5 2120s
 1374465 1172903   18.62236   59   35   17.16139   18.69873  8.96%  74.5 2125s
 1378092 1176101   18.66608   64   41   17.16139   18.69801  8.95%  74.5 2132s
 1381896 1179504   17.84428   58   28   17.16139   18.69682  8.95%  74.4 2138s
 1385952 1182422   18.46262   57   32   17.16139   18.69582  8.94%  74.4 2144s
 1389460 1185547     cutoff   58        17.16139   18.69440  8.93%  74.4 2151s
 1393257 1188362   18.42996   61   35   17.16139   18.69304  8.92%  74.4 2157s
 1396635 1191281     cutoff   64        17.16139   18.69221  8.92%  74.4 2164s
 1400163 1194337   18.58396   59   41   17.16139   18.69042  8.91%  74.3 2169s
 1403801 1197046     cutoff   58        17.16139   18.68916  8.90%  74.3 2176s
 1407019 1198246   18.68879   58   27   17.16139   18.68879  8.90%  74.3 2181s
 1408468 1201701   18.59295   60   39   17.16139   18.68820  8.90%  74.3 2187s
 1412553 1204966   18.02565   58   25   17.16139   18.68703  8.89%  74.3 2193s
 1416516 1207972   18.34108   59   34   17.16139   18.68575  8.88%  74.3 2199s
 1420174 1211209     cutoff   62        17.16139   18.68436  8.87%  74.2 2205s
 1424077 1214047   18.63426   66   34   17.16139   18.68362  8.87%  74.2 2211s
 1427519 1217133   18.46262   63   34   17.16139   18.68255  8.86%  74.2 2216s
 1431200 1220239   18.68161   62   28   17.16139   18.68161  8.86%  74.2 2222s
 1434931 1222987     cutoff   56        17.16139   18.68036  8.85%  74.2 2227s
 1438257 1226084   18.50660   47   22   17.16139   18.67918  8.84%  74.2 2233s
 1441977 1228647   18.18825   50   29   17.16139   18.67826  8.84%  74.1 2237s
 1445065 1231699   18.62280   56   35   17.16139   18.67826  8.84%  74.1 2242s
 1448741 1234443   18.50483   63   35   17.16139   18.67668  8.83%  74.1 2247s
 1452079 1237301   18.49076   53   45   17.16139   18.67605  8.83%  74.1 2252s
 1455614 1240297     cutoff   54        17.16139   18.67488  8.82%  74.1 2258s
 1459244 1243035   17.91264   58   23   17.16139   18.67429  8.82%  74.1 2263s
 1462514 1246180   17.97704   74   32   17.16139   18.67305  8.81%  74.1 2269s
 1466284 1248752   18.67295   54   25   17.16139   18.67295  8.81%  74.0 2273s
 1469374 1251809   18.65971   60   35   17.16139   18.67137  8.80%  74.0 2280s
 1472987 1254660     cutoff   64        17.16139   18.67081  8.80%  74.0 2285s
 1476393 1257730   17.56035   62   37   17.16139   18.66934  8.79%  74.0 2290s
 1480029 1260548   18.53280   56   32   17.16139   18.66893  8.78%  74.0 2295s
 1483378 1263530   17.84590   57   25   17.16139   18.66771  8.78%  74.0 2301s
 1486940 1266557     cutoff   54        17.16139   18.66702  8.77%  74.0 2307s
 1490516 1269008     cutoff   54        17.16139   18.66666  8.77%  74.0 2312s
 1493531 1272119   18.57427   58   39   17.16139   18.66530  8.76%  74.0 2319s
 1497267 1275098     cutoff   59        17.16139   18.66521  8.76%  74.0 2325s
 1500884 1277850   18.65802   59   39   17.16139   18.66369  8.75%  74.0 2331s
 1504151 1280848   17.98088   59   44   17.16139   18.66311  8.75%  74.0 2338s
 1507757 1283916   18.66187   54   39   17.16139   18.66187  8.74%  73.9 2344s
 1511498 1286487   18.62495   57   39   17.16139   18.66088  8.74%  73.9 2349s
 1514649 1289574   18.60990   66   40   17.16139   18.66000  8.73%  73.9 2354s
 1518442 1292559     cutoff   58        17.16139   18.65865  8.72%  73.9 2360s
 1522051 1295373     cutoff   57        17.16139   18.65797  8.72%  73.9 2365s
 1528829 1301148     cutoff   58        17.16139   18.65639  8.71%  73.9 2374s
 1532335 1304298   18.54034   60   30   17.16139   18.65514  8.70%  73.9 2378s
 1536077 1306856   18.65504   53   26   17.16139   18.65504  8.70%  73.9 2383s
 1539183 1309962   18.31968   63   36   17.16139   18.65374  8.70%  73.9 2388s
 1542932 1313065   18.13690   63   31   17.16139   18.65272  8.69%  73.8 2393s
 1546608 1315851   18.65228   58   26   17.16139   18.65228  8.69%  73.8 2397s
 1549952 1319000     cutoff   58        17.16139   18.65172  8.68%  73.9 2403s
 1553718 1321853   18.64856   56   36   17.16139   18.65143  8.68%  73.8 2408s
 1557118 1324327   17.39292   55   28   17.16139   18.65071  8.68%  73.8 2413s
 1560071 1327265   18.64955   70   19   17.16139   18.64955  8.67%  73.8 2417s
 1563612 1330030   18.61757   78   28   17.16139   18.64833  8.66%  73.8 2422s
 1566820 1332926   18.20350   59   32   17.16139   18.64812  8.66%  73.8 2427s
 1570282 1336003     cutoff   63        17.16139   18.64681  8.66%  73.8 2433s
 1573922 1339009   18.64681   56   32   17.16139   18.64681  8.66%  73.8 2437s
 1577497 1341647   18.61130   61   33   17.16139   18.64605  8.65%  73.8 2443s
 1580655 1344662   17.50748   56   30   17.16139   18.64513  8.65%  73.8 2448s
 1584311 1347382     cutoff   57        17.16139   18.64480  8.64%  73.8 2453s
 1587600 1350473   17.76112   59   40   17.16139   18.64290  8.63%  73.8 2458s
 1591204 1353208   18.63601   54   41   17.16139   18.64233  8.63%  73.7 2464s
 1594440 1356177   18.61165   57   38   17.16139   18.64163  8.63%  73.7 2469s
 1598022 1359013   18.60390   57   37   17.16139   18.64138  8.62%  73.7 2475s
 1601499 1361816   17.97460   50   46   17.16139   18.63959  8.61%  73.7 2481s
 1604805 1364561   18.45083   62   33   17.16139   18.63865  8.61%  73.7 2486s
 1608172 1367593   18.48974   59   37   17.16139   18.63762  8.60%  73.7 2493s
 1611786 1370617     cutoff   60        17.16139   18.63734  8.60%  73.7 2500s
 1615528 1373132   18.59946   61   35   17.16139   18.63627  8.59%  73.6 2505s
 1618620 1375988   18.63448   49   45   17.16139   18.63546  8.59%  73.6 2510s
 1622165 1378317   18.46835   60   39   17.16139   18.63423  8.58%  73.6 2517s
 1625011 1381402   18.14106   60   29   17.16139   18.63365  8.58%  73.6 2522s
 1628729 1384301     cutoff   53        17.16139   18.63308  8.58%  73.6 2528s
 1632274 1387246     cutoff   59        17.16139   18.63293  8.57%  73.6 2533s
 1635845 1390207   18.55829   62   32   17.16139   18.63108  8.56%  73.6 2538s
 1639419 1393166   18.46583   61   36   17.16139   18.63023  8.56%  73.5 2543s
 1642999 1395985     cutoff   60        17.16139   18.62941  8.55%  73.5 2550s
 1646371 1398926   18.62841   55   32   17.16139   18.62841  8.55%  73.5 2556s
 1649875 1402001   18.00463   60   25   17.16139   18.62794  8.55%  73.5 2561s
 1653518 1405136   18.62740   54   27   17.16139   18.62740  8.54%  73.5 2567s
 1657228 1407694   18.49679   62   32   17.16139   18.62658  8.54%  73.5 2573s
 1660241 1410789   18.62596   60   26   17.16139   18.62596  8.53%  73.5 2579s
 1663882 1414020   17.18851   56   22   17.16139   18.62502  8.53%  73.4 2585s
 1667709 1416734   18.17183   60   40   17.16139   18.62386  8.52%  73.4 2591s
 1671040 1419830   18.51754   62   36   17.16139   18.62343  8.52%  73.4 2596s
 1674651 1422623   18.37694   62   26   17.16139   18.62209  8.51%  73.4 2603s
 1678089 1425348   18.56817   66   29   17.16139   18.62111  8.51%  73.4 2609s
 1681402 1428390   17.83099   54   23   17.16139   18.62078  8.50%  73.4 2616s
 1684994 1431467   18.61974   61   26   17.16139   18.61974  8.50%  73.4 2623s
 1688756 1434070     cutoff   56        17.16139   18.61861  8.49%  73.4 2629s
 1691998 1437391   18.44379   64   27   17.16139   18.61769  8.49%  73.3 2634s
 1695923 1440288   18.58019   62   33   17.16139   18.61705  8.48%  73.3 2640s
 1699413 1443301     cutoff   53        17.16139   18.61653  8.48%  73.3 2647s
 1703010 1444395   18.43758   61   34   17.16139   18.61596  8.48%  73.3 2652s
H1704356 1445782                      17.1613904   18.61596  8.48%  73.3 2659s
 1706095 1445806   17.79105   62   38   17.16139   18.61520  8.47%  73.3 2668s
 1706135 1446089   18.61510   53   27   17.16139   18.61510  8.47%  73.3 2680s
 1706495 1453025   18.61510   54   28   17.16139   18.61510  8.47%  73.3 2696s
 1714895 1457159   17.76795   63   40   17.16139   18.61407  8.46%  73.3 2704s
 1719956 1460818     cutoff   56        17.16139   18.61252  8.46%  73.2 2709s
 1724274 1463803   18.22528   60   25   17.16139   18.61135  8.45%  73.2 2715s
 1727857 1466963   18.58939   64   33   17.16139   18.61112  8.45%  73.2 2720s
 1731681 1470254   18.61001   57   29   17.16139   18.61001  8.44%  73.2 2726s
 1735623 1472983   18.41580   58   40   17.16139   18.60885  8.43%  73.2 2731s
 1738915 1476137   18.53128   59   40   17.16139   18.60815  8.43%  73.2 2737s
 1742635 1479142   18.55425   59   37   17.16139   18.60763  8.43%  73.2 2742s
 1746220 1481959   18.47606   61   36   17.16139   18.60712  8.42%  73.2 2748s
 1749647 1484685   18.60622   58   29   17.16139   18.60622  8.42%  73.1 2754s
 1753010 1487457   18.48000   61   33   17.16139   18.60542  8.41%  73.1 2760s
 1756468 1489920     cutoff   56        17.16139   18.60502  8.41%  73.1 2766s
 1759431 1493107     cutoff   59        17.16139   18.60371  8.40%  73.1 2773s
 1763299 1496369   18.60283   62   39   17.16139   18.60310  8.40%  73.1 2778s
 1767113 1499444   18.58644   59   33   17.16139   18.60270  8.40%  73.1 2784s
 1770806 1502138   18.58544   61   36   17.16139   18.60186  8.39%  73.1 2789s
 1774015 1504953   17.61214   67   39   17.16139   18.60119  8.39%  73.1 2794s
 1777464 1507448   18.56582   64   34   17.16139   18.60072  8.39%  73.1 2801s
 1780447 1510489   18.33590   59   38   17.16139   18.60017  8.38%  73.1 2809s
 1784053 1513532   18.44454   64   36   17.16139   18.59953  8.38%  73.1 2813s
 1787655 1516521     cutoff   58        17.16139   18.59902  8.38%  73.0 2819s
 1791336 1519116   18.59803   55   32   17.16139   18.59803  8.37%  73.0 2824s
 1794560 1521744   18.12711   60   37   17.16139   18.59784  8.37%  73.0 2830s
 1797772 1524725     cutoff   54        17.16139   18.59649  8.36%  73.0 2835s
 1801277 1527685   18.56710   61   37   17.16139   18.59649  8.36%  73.0 2841s
 1804829 1530385   18.46350   69   29   17.16139   18.59574  8.36%  73.0 2847s
 1808036 1530414   18.59527   62   33   17.16139   18.59532  8.36%  73.0 2854s
 1808071 1530442   18.58318   63   36   17.16139   18.59456  8.35%  73.0 2858s
 1808107 1530472   18.42777   66   33   17.16139   18.59456  8.35%  73.0 2865s
H1808117 1529896                      17.1654375   18.59456  8.33%  73.0 2866s
 1808141 1532648   18.56395   67   37   17.16544   18.59456  8.33%  73.0 2872s
 1811511 1535238   18.54199   43   20   17.16544   18.59373  8.32%  73.0 2879s
 1814734 1538368   18.56386   59   42   17.16544   18.59313  8.32%  73.0 2885s
 1818577 1541505   18.28781   71   32   17.16544   18.59224  8.31%  72.9 2891s
 1822307 1544665   18.50060   54   23   17.16544   18.59190  8.31%  72.9 2897s
 1825990 1547279   18.58738   61   32   17.16544   18.59146  8.31%  72.9 2903s
 1829160 1550158   18.31448   57   39   17.16544   18.59048  8.30%  72.9 2910s
 1832610 1552652   18.46969   56   41   17.16544   18.58937  8.30%  72.9 2916s
 1835594 1555904   17.85992   60   35   17.16544   18.58937  8.30%  72.9 2923s
 1839471 1559216   18.47879   61   36   17.16544   18.58906  8.29%  72.9 2931s
 1843365 1562453   18.58766   60   35   17.16544   18.58787  8.29%  72.9 2938s
 1847181 1565371     cutoff   59        17.16544   18.58731  8.28%  72.9 2943s
 1850704 1568297   18.56737   63   41   17.16544   18.58668  8.28%  72.9 2949s
 1854177 1571061   18.58602   68   28   17.16544   18.58602  8.28%  72.9 2954s
 1857475 1573922   18.57657   58   40   17.16544   18.58566  8.27%  72.9 2960s
 1860969 1576811   17.85146   60   36   17.16544   18.58504  8.27%  72.8 2967s
 1864423 1579480   18.46691   63   36   17.16544   18.58480  8.27%  72.8 2973s
 1867673 1582497   18.58160   56   38   17.16544   18.58348  8.26%  72.8 2979s
 1871245 1585689   18.58211   60   42   17.16544   18.58308  8.26%  72.8 2985s
 1875050 1588625   18.34373   60   39   17.16544   18.58244  8.25%  72.8 2992s
 1878664 1591556     cutoff   56        17.16544   18.58228  8.25%  72.8 2997s
 1882324 1594051   17.96025   55   27   17.16544   18.58158  8.25%  72.8 3003s
 1885369 1594076   18.38730   64   36   17.16544   18.58120  8.25%  72.8 3012s
 1885408 1594102   18.53557   56   41   17.16544   18.58120  8.25%  72.8 3016s
 1885445 1594221   18.58120   57   30   17.16544   18.58120  8.25%  72.8 3021s
 1885590 1595983   18.57129   58   40   17.16544   18.58120  8.25%  72.8 3027s
 1887700 1599045   17.95131   54   30   17.16544   18.58091  8.25%  72.8 3034s
 1891428 1601889   18.40295   68   32   17.16544   18.58008  8.24%  72.8 3040s
 1894818 1604936   17.93752   56   25   17.16544   18.57932  8.24%  72.8 3046s
 1898567 1607663   18.04986   64   37   17.16544   18.57870  8.23%  72.8 3052s
 1901901 1610491   18.33700   64   38   17.16544   18.57859  8.23%  72.8 3058s
 1905393 1613498   18.40647   70   34   17.16544   18.57694  8.22%  72.7 3063s
 1909018 1616383   17.46412   61   23   17.16544   18.57645  8.22%  72.7 3069s
 1912511 1619094   17.94162   63   35   17.16544   18.57614  8.22%  72.7 3075s
 1915812 1621833   18.41892   62   33   17.16544   18.57553  8.21%  72.7 3081s
 1919058 1624508   18.28138   64   36   17.16544   18.57491  8.21%  72.7 3086s
 1922401 1627283     cutoff   62        17.16544   18.57415  8.21%  72.7 3093s
 1925786 1630026   18.56872   62   35   17.16544   18.57354  8.20%  72.7 3099s
 1929151 1633428   18.57277   66   33   17.16544   18.57293  8.20%  72.7 3107s
 1933256 1636320     cutoff   61        17.16544   18.57236  8.20%  72.6 3113s
 1936772 1639055   18.50707   63   37   17.16544   18.57175  8.19%  72.6 3119s
 1940045 1641975   18.43529   60   41   17.16544   18.57157  8.19%  72.6 3126s
 1943527 1644817     cutoff   60        17.16544   18.57063  8.19%  72.6 3132s
 1946952 1647936   18.45666   62   34   17.16544   18.56995  8.18%  72.6 3138s
 1950666 1650707     cutoff   59        17.16544   18.56894  8.18%  72.6 3144s
 1953951 1653649   18.56866   53   27   17.16544   18.56866  8.17%  72.6 3150s
 1957553 1656534   18.20218   66   31   17.16544   18.56771  8.17%  72.6 3155s
 1960996 1659230   18.55934   62   32   17.16544   18.56737  8.17%  72.5 3161s
 1964166 1662239   18.56693   58   24   17.16544   18.56693  8.16%  72.5 3166s
 1967668 1665090   18.53651   63   35   17.16544   18.56675  8.16%  72.5 3173s
 1971125 1668046   17.45626   54   34   17.16544   18.56572  8.16%  72.5 3179s
 1974641 1670845   17.88816   62   35   17.16544   18.56549  8.16%  72.5 3185s
 1978003 1673702   18.56524   60   31   17.16544   18.56524  8.15%  72.5 3191s
 1981455 1676451   18.36628   64   40   17.16544   18.56438  8.15%  72.5 3198s
 1984681 1679675   18.42258   60   46   17.16544   18.56438  8.15%  72.5 3204s
 1988475 1682267     cutoff   57        17.16544   18.56362  8.15%  72.5 3209s
 1991514 1685205   18.49119   61   34   17.16544   18.56362  8.15%  72.5 3216s
 1995004 1688188   18.50123   63   32   17.16544   18.56274  8.14%  72.5 3222s
 1998603 1690979   18.56224   49   24   17.16544   18.56224  8.14%  72.5 3227s
 2002039 1693856   18.53404   52   44   17.16544   18.56224  8.14%  72.5 3232s
 2005478 1696356   18.36794   57   42   17.16544   18.56132  8.13%  72.4 3239s
 2007684 1696356   18.23228   67   31   17.16544   18.56116  8.13%  72.4 3240s
 2008451 1699357   18.56069   57   30   17.16544   18.56069  8.13%  72.4 3245s
 2012085 1702384     cutoff   62        17.16544   18.55994  8.12%  72.4 3252s
 2015655 1705379   18.48731   51   43   17.16544   18.55971  8.12%  72.4 3258s
 2019282 1708034   18.55921   53   28   17.16544   18.55921  8.12%  72.4 3264s
 2022453 1710765   18.54187   69   28   17.16544   18.55896  8.12%  72.4 3270s
 2025737 1713775   18.42657   70   28   17.16544   18.55796  8.11%  72.4 3277s
 2029349 1716491   18.43352   59   37   17.16544   18.55796  8.11%  72.4 3283s
 2032703 1719541     cutoff   62        17.16544   18.55711  8.11%  72.4 3289s
 2036402 1722401   18.12820   52   25   17.16544   18.55648  8.10%  72.3 3294s
 2039835 1725359   18.49417   50   30   17.16544   18.55596  8.10%  72.3 3300s
 2043416 1728132   18.38748   68   31   17.16544   18.55520  8.10%  72.3 3306s
 2046718 1730823   18.55477   56   30   17.16544   18.55477  8.09%  72.3 3313s
 2049947 1734086   18.09911   51   44   17.16544   18.55407  8.09%  72.3 3319s
 2053808 1736876   18.28453   61   34   17.16544   18.55356  8.09%  72.3 3326s
 2057149 1740017   18.55326   54   29   17.16544   18.55326  8.08%  72.3 3332s
 2060953 1743000   18.38181   66   31   17.16544   18.55262  8.08%  72.3 3338s
 2064604 1745878   18.55202   61   29   17.16544   18.55202  8.08%  72.2 3345s
 2068043 1748870   18.42621   55   39   17.16544   18.55152  8.07%  72.2 3351s
 2071605 1751695   18.55150   60   26   17.16544   18.55150  8.07%  72.2 3357s
 2074978 1754610   18.51990   55   43   17.16544   18.55076  8.07%  72.2 3363s
 2078507 1757395   18.45036   59   42   17.16544   18.55022  8.07%  72.2 3370s
 2081837 1760500   18.26243   63   28   17.16544   18.54962  8.06%  72.2 3375s
 2085518 1763343   18.54913   54   29   17.16544   18.54913  8.06%  72.2 3382s
 2088983 1765974   18.32064   77   27   17.16544   18.54857  8.06%  72.2 3388s
 2092092 1769084   17.86519   59   27   17.16544   18.54850  8.06%  72.2 3394s
 2095733 1771995   17.58315   56   27   17.16544   18.54753  8.05%  72.2 3400s
 2099155 1774994   18.52215   60   34   17.16544   18.54667  8.05%  72.2 3406s
 2102762 1777902     cutoff   56        17.16544   18.54605  8.04%  72.2 3412s
 2106157 1780926     cutoff   63        17.16544   18.54560  8.04%  72.1 3418s
 2109762 1783541   17.80269   61   40   17.16544   18.54541  8.04%  72.1 3424s
 2112934 1786589     cutoff   58        17.16544   18.54514  8.04%  72.1 3430s
 2116641 1789450   18.52624   60   40   17.16544   18.54398  8.03%  72.1 3436s
 2120061 1792654   18.20951   66   38   17.16544   18.54342  8.03%  72.1 3443s
 2123880 1795590   17.26760   61   35   17.16544   18.54313  8.03%  72.1 3449s
 2127415 1798753   18.54287   52   29   17.16544   18.54287  8.02%  72.1 3456s
 2131217 1799402   18.54190   55   20   17.16544   18.54190  8.02%  72.1 3461s
 2132004 1800508   18.54190   52   18   17.16544   18.54190  8.02%  72.1 3466s
H2132368 1800508                      17.1654377   18.54190  8.02%  72.1 3468s
 2133314 1802460   18.54190   56   25   17.16544   18.54190  8.02%  72.1 3474s
 2135607 1805886   18.52976   57   39   17.16544   18.54190  8.02%  72.1 3483s
 2139653 1809071   18.54118   57   28   17.16544   18.54118  8.01%  72.1 3489s
 2143378 1809096   17.87445   63   34   17.16544   18.54118  8.01%  72.1 3498s
 2143417 1809127   18.53993   61   37   17.16544   18.54118  8.01%  72.1 3502s
 2143450 1809187   18.52458   63   34   17.16544   18.54028  8.01%  72.1 3507s
H2143454 1809187                      17.1654378   18.54028  8.01%  72.1 3509s
 2143526 1810657   18.54026   59   24   17.16544   18.54026  8.01%  72.1 3515s
 2145336 1814014   18.52028   59   35   17.16544   18.54016  8.01%  72.1 3523s
 2149445 1817309   18.53758   57   34   17.16544   18.53987  8.01%  72.1 3530s
 2153422 1820540   18.48179   68   32   17.16544   18.53871  8.00%  72.0 3538s
 2157255 1823959   18.53785   58   34   17.16544   18.53830  8.00%  72.0 3544s
 2161436 1827320   18.53755   52   27   17.16544   18.53755  7.99%  72.0 3550s
 2168940 1833196   18.53677   50   31   17.16544   18.53677  7.99%  72.0 3560s
 2175671 1839022     cutoff   52        17.16544   18.53575  7.98%  72.0 3569s
 2179355 1841743   18.49661   61   35   17.16544   18.53532  7.98%  72.0 3574s
 2182757 1844700     cutoff   63        17.16544   18.53457  7.98%  72.0 3578s
 2186308 1847840     cutoff   61        17.16544   18.53441  7.98%  72.0 3582s
 2190128 1850690   18.37013   55   39   17.16544   18.53373  7.97%  72.0 3587s
 2193576 1853495   18.46301   66   30   17.16544   18.53303  7.97%  71.9 3592s
 2196937 1856381   18.53282   69   21   17.16544   18.53282  7.97%  71.9 3597s
 2200447 1858788     cutoff   70        17.16544   18.53282  7.97%  71.9 3600s

Cutting planes:
  Projected implied bound: 139
  MIR: 1525
  Flow cover: 103
  RLT: 368
  Relax-and-lift: 222

Explored 2203299 nodes (158487799 simplex iterations) in 3600.06 seconds (3655.42 work units)
Thread count was 32 (of 255 available processors)

Solution count 10: 17.1654 17.1654 17.1614 ... 16.9931

Time limit reached
Best objective 1.716543776801e+01, best bound 1.853201169119e+01, gap 7.9612%

User-callback calls 4608404, time in user-callback 1.32 sec
source: 0 target: 5 model_arch: 3x50 perturbation type: translation perturbation size: [0, 1.0, 1.0] dataset: mnist
Attack:   0%|          | 0/500 [00:00<?, ?it/s]Attack:   0%|          | 1/500 [00:00<01:07,  7.36it/s]Attack:   6%|▋         | 32/500 [00:00<00:02, 161.78it/s]Attack:  13%|█▎        | 66/500 [00:00<00:01, 235.76it/s]Attack:  21%|██        | 103/500 [00:00<00:01, 283.36it/s]Attack:  28%|██▊       | 140/500 [00:00<00:01, 313.27it/s]Attack:  36%|███▌      | 178/500 [00:00<00:00, 333.18it/s]Attack:  43%|████▎     | 217/500 [00:00<00:00, 350.89it/s]Attack:  51%|█████     | 253/500 [00:00<00:00, 345.97it/s]Attack:  58%|█████▊    | 288/500 [00:00<00:00, 341.39it/s]Attack:  65%|██████▍   | 323/500 [00:01<00:00, 337.30it/s]Attack:  71%|███████▏  | 357/500 [00:01<00:00, 333.93it/s]Attack:  78%|███████▊  | 392/500 [00:01<00:00, 336.57it/s]Attack:  86%|████████▌ | 430/500 [00:01<00:00, 349.16it/s]Attack:  94%|█████████▍| 470/500 [00:01<00:00, 364.03it/s]Attack: 100%|█████████▉| 499/500 [00:01<00:00, 322.92it/s]
best_val 15.578360557556152
Set parameter WLSAccessID
Set parameter WLSSecret
Set parameter LicenseID to value 2478548
Academic license 2478548 - for non-commercial use only - registered to ne___@campus.technion.ac.il
Encoding the two copies...
Encoding dependencies (activation_start=1, layers_offset=2)...
Adding perturbed interval constraints...
17.165437768009838  18.53201169118638  3600.097631931305
paper_experiments/mnist/3x50_exp/translation/eps_1,1/N1stdBoost_3x50_19/
Clean sample classification: 1
Perturbed sample classification: 5
compute_n2_relax_decision!: no shape source available (relu_diff_up_bounds and n2_abs_up_bounds both empty) — skipping decision precompute
[notice | Main.MIPVerify]: Determining upper and lower bounds for the input to each non-linear unit.
Set parameter WLSAccessID
Set parameter WLSSecret
Set parameter LicenseID to value 2478548
Academic license 2478548 - for non-commercial use only - registered to ne___@campus.technion.ac.il
Set parameter TimeLimit to value 5
Set parameter WLSAccessID
Set parameter WLSSecret
Set parameter LicenseID to value 2478548
Academic license 2478548 - for non-commercial use only - registered to ne___@campus.technion.ac.il
Set parameter MIPFocus to value 3
Set parameter Cutoff to value 1.5578360557556152e+01
Set parameter Threads to value 32
Set parameter TimeLimit to value 3600
Set parameter MIPGap to value 0.01
Set parameter Seed to value 4
Set parameter Seed to value 4
Set parameter MIPGap to value 0.01
Set parameter MIPFocus to value 3
Set parameter Cutoff to value 1.5578360557556152e+01
Set parameter Threads to value 32
Set parameter TimeLimit to value 3600
Warning for adding constraints: zero or small (< 1e-13) coefficients, ignored
Gurobi Optimizer version 13.0.0 build v13.0.0rc1 (linux64 - "Ubuntu 20.04.2 LTS")

CPU model: AMD EPYC 7713 64-Core Processor, instruction set [SSE2|AVX|AVX2]
Thread count: 127 physical cores, 255 logical processors, using up to 32 threads

Non-default parameters:
Cutoff  1.5578360557556152e+01
TimeLimit  3600
MIPGap  0.01
MIPFocus  3
Seed  4
Threads  32

Academic license 2478548 - for non-commercial use only - registered to ne___@campus.technion.ac.il
Optimize a model with 1658 rows, 1912 columns and 126893 nonzeros (Max)
Model fingerprint: 0xfd440535
Model has 1 linear objective coefficients
Variable types: 1741 continuous, 171 integer (171 binary)
Coefficient statistics:
  Matrix range     [3e-13, 3e+01]
  Objective range  [1e+00, 1e+00]
  Bounds range     [6e-09, 3e+01]
  RHS range        [4e-13, 1e+02]

User MIP start did not produce a new incumbent solution
Processed MIP start in 3.45 seconds (4.73 work units)

Presolve removed 1130 rows and 789 columns
Presolve time: 0.11s
Presolved: 528 rows, 1123 columns, 119731 nonzeros
Variable types: 955 continuous, 168 integer (168 binary)
Root relaxation presolve removed 167 rows and 166 columns
Root relaxation presolved: 361 rows, 958 columns, 119210 nonzeros


Root relaxation: objective 3.834429e+01, 381 iterations, 0.08 seconds (0.10 work units)
Another try with MIP start

    Nodes    |    Current Node    |     Objective Bounds      |     Work
 Expl Unexpl |  Obj  Depth IntInf | Incumbent    BestBd   Gap | It/Node Time

H    0     0                      15.6935306   38.34429   144%     -    6s
H    0     0                      15.7182608   38.34429   144%     -    6s
     0     0   38.34429    0   44   15.71826   38.34429   144%     -    6s
     0     0   33.21749    0   48   15.71826   33.21749   111%     -    7s
     0     0   33.21749    0   48   15.71826   33.21749   111%     -    7s
     0     0   32.83979    0   50   15.71826   32.83979   109%     -    7s
     0     0   32.83979    0   51   15.71826   32.83979   109%     -    7s
     0     0   32.83979    0   53   15.71826   32.83979   109%     -    7s
     0     0   32.83979    0   50   15.71826   32.83979   109%     -    7s
     0     0   32.71971    0   50   15.71826   32.71971   108%     -    7s
     0     0   32.71971    0   50   15.71826   32.71971   108%     -    8s
     0     0   32.71971    0   50   15.71826   32.71971   108%     -    8s
     0     0   32.71971    0   49   15.71826   32.71971   108%     -    8s
     0     0   32.69330    0   48   15.71826   32.69330   108%     -    8s
     0     0   32.69330    0   48   15.71826   32.69330   108%     -    8s
     0     0   31.82149    0   49   15.71826   31.82149   102%     -    8s
     0     0   31.82149    0   50   15.71826   31.82149   102%     -    8s
     0     0   31.82149    0   50   15.71826   31.82149   102%     -    8s
     0     0   31.33094    0   51   15.71826   31.33094  99.3%     -    9s
     0     0   31.33094    0   42   15.71826   31.33094  99.3%     -    9s
     0     0   31.19510    0   43   15.71826   31.19510  98.5%     -    9s
     0     0   31.15943    0   44   15.71826   31.15943  98.2%     -    9s
     0     0   30.98449    0   46   15.71826   30.98449  97.1%     -    9s
     0     0   30.98449    0   42   15.71826   30.98449  97.1%     -   10s
H    0     0                      15.7301222   30.98449  97.0%     -   10s
     0     0   30.75397    0   41   15.73012   30.75397  95.5%     -   10s
     0     0   30.75397    0   42   15.73012   30.75397  95.5%     -   10s
     0     0   30.75397    0   43   15.73012   30.75397  95.5%     -   10s
     0     0   30.69919    0   47   15.73012   30.69919  95.2%     -   10s
     0     0   30.69919    0   47   15.73012   30.69919  95.2%     -   11s
     0     0   30.53858    0   51   15.73012   30.53858  94.1%     -   11s
     0     0   30.40183    0   47   15.73012   30.40183  93.3%     -   12s
     0     0   30.40183    0   43   15.73012   30.40183  93.3%     -   12s
     0     0   29.90120    0   43   15.73012   29.90120  90.1%     -   12s
     0     0   29.90120    0   43   15.73012   29.90120  90.1%     -   13s
     0     2   29.90120    0   43   15.73012   29.90120  90.1%     -   13s
    31    64   28.62212    5   41   15.73012   29.90120  90.1%   800   15s
H  273   314                      15.7301222   26.99700  71.6%   761   18s
H  305   314                      15.7301223   26.79650  70.4%   767   18s
   447   474   23.78304    8   41   15.73012   25.88831  64.6%   786   20s
H  448   474                      17.0395794   25.88831  51.9%   784   20s
  1085   935   19.16439   10   41   17.03958   24.46402  43.6%   692   25s
  1750  1343     cutoff   13        17.03958   23.77348  39.5%   618   30s
H 1801  1343                      17.0419962   23.71415  39.2%   618   30s
  3026  2225   21.99932   10   41   17.04200   22.75090  33.5%   540   35s
H 3181  2222                      17.0530942   22.65461  32.8%   533   35s
H 3799  2591                      17.1384061   22.23192  29.7%   499   49s
  3800  2592   22.13378   12   43   17.13841   22.23192  29.7%   499   61s
  3810  2599   21.97381   19   48   17.13841   22.23192  29.7%   498   65s
H 3812  2469                      17.1428279   22.23192  29.7%   498   69s
  3814  2470   19.60357   16   48   17.14283   22.23192  29.7%   497   71s
H 3830  2370                      17.1439463   22.23192  29.7%   499   75s
H 3833  2252                      17.1494822   22.23192  29.6%   499   75s
  4016  2358   22.23192   21   50   17.14948   22.23192  29.6%   508   80s
H 4176  2326                      17.1550419   22.23192  29.6%   519   83s
  4271  2401     cutoff   23        17.15504   22.23192  29.6%   525   85s
  4570  2537     cutoff   22        17.15504   22.23192  29.6%   545   90s
  4731  2596   21.71737   28   40   17.15504   22.23192  29.6%   557   97s
H 4766  2478                      17.4022626   22.23192  27.8%   559   97s
  4964  2644   21.97221   28   30   17.40226   22.23192  27.8%   566  100s
  5498  2849   21.51897   27   41   17.40226   22.23192  27.8%   571  105s
  5928  2924   20.08837   29   31   17.40226   21.94822  26.1%   572  110s
  6006  2951   20.57088   27   34   17.40226   21.80895  25.3%   575  115s
H 6033  2829                      17.4931003   21.78080  24.5%   576  115s
  6606  3098   18.91145   31   24   17.49310   21.55296  23.2%   562  120s
  7010  3242   19.29137   20   45   17.49310   21.36794  22.2%   557  126s
H 7114  3111                      17.4944244   21.32526  21.9%   556  126s
  7509  3324   19.99999   28   34   17.49442   21.22767  21.3%   547  130s
  8463  3605   19.81026   26   38   17.49442   20.87018  19.3%   534  136s
  9389  3832   20.52421   28   38   17.49442   20.65037  18.0%   514  141s
 10485  4408   20.21556   33   31   17.49442   20.45284  16.9%   491  146s
 11760  5127   19.92982   32   27   17.49442   20.16364  15.3%   469  151s
 13444  6792   19.46372   24   36   17.49442   19.95108  14.0%   436  157s
 14920  8565   19.43391   73   16   17.49442   19.85449  13.5%   404  160s
 19675 13009   19.75648   77   23   17.49442   19.85364  13.5%   315  165s
 22468 13062   19.63958   67   31   17.49442   19.82856  13.3%   281  170s
 22545 13110   19.82013   69   27   17.49442   19.82013  13.3%   281  175s
H22548 13110                      17.4946083   19.81899  13.3%   281  175s
H22556 12897                      17.6082441   19.81899  12.6%   281  175s
 27835 19059   19.79733   64   25   17.60824   19.81242  12.5%   235  182s
 29816 23292   19.28839   69   19   17.60824   19.81242  12.5%   222  187s
 34923 23314   19.52827   67   25   17.60824   19.76457  12.2%   197  190s
 35048 23382   19.30350   71   17   17.60824   19.75040  12.2%   196  196s
 35126 23439   19.55724   75   24   17.60824   19.75034  12.2%   196  200s
 35233 23542   19.70700   85   17   17.60824   19.74857  12.2%   196  207s
H35276 23413                      17.6665597   19.74812  11.8%   196  207s
 36925 26322   19.74464   62   18   17.66656   19.74464  11.8%   189  210s
 42651 31538   19.53618   68   25   17.66656   19.73402  11.7%   169  216s
 46801 35406   19.60792   67   29   17.66656   19.72618  11.7%   158  220s
 53844 41462   19.48252   67   20   17.66656   19.70561  11.5%   144  227s
 59139 50293   19.23716   64   19   17.66656   19.69256  11.5%   135  238s
 66992 52772   19.23127   72   20   17.66656   19.68783  11.4%   124  241s
 73401 58816   19.52017   73   21   17.66656   19.67718  11.4%   117  248s
 76813 61845   19.23356   67   17   17.66656   19.67337  11.4%   114  251s
 80343 65015   19.44158   64   29   17.66656   19.66254  11.3%   111  255s
 87735 71395   19.23654   67   29   17.66656   19.65415  11.3%   106  262s
 91508 79072   19.63329   66   23   17.66656   19.65160  11.2%   103  271s
 100289 81779   19.24958   63   33   17.66656   19.64669  11.2%  98.4  275s
 107220 88150   18.60346   65   24   17.66656   19.63839  11.2%  95.0  283s
 110924 91348   19.62703   69   28   17.66656   19.62901  11.1%  93.4  287s
 114727 94189   19.61650   64   24   17.66656   19.62189  11.1%  91.8  290s
 118060 97447   19.43446   70   22   17.66656   19.62184  11.1%  90.7  295s
 121915 103654   19.24358   74   20   17.66656   19.62023  11.1%  89.2  303s
 129130 106446   18.86483   62   15   17.66656   19.61334  11.0%  86.8  308s
 132457 109621   19.59768   69   27   17.66656   19.60389  11.0%  85.8  311s
 136100 112891   19.55298   67   23   17.66656   19.59760  10.9%  84.8  316s
 139947 116086   19.59424   62   25   17.66656   19.59424  10.9%  83.8  321s
 143738 119095   18.75397   65   27   17.66656   19.59134  10.9%  82.8  325s
 151063 127624   19.07815   88   15   17.66656   19.58048  10.8%  81.1  337s
 157422 130388   19.16742   71   22   17.66656   19.58024  10.8%  79.6  341s
 160757 133811     cutoff   67        17.66656   19.57338  10.8%  79.0  346s
 164829 136999   19.56296   74   16   17.66656   19.56296  10.7%  78.1  350s
 168532 140312   19.55882   74   13   17.66656   19.55882  10.7%  77.4  355s
 172458 140336   18.73178   65   22   17.66656   19.55807  10.7%  76.8  360s
H172500 140362                      17.6665597   19.55807  10.7%  76.8  363s
 172535 140466   19.39777   69   22   17.66656   19.55807  10.7%  76.8  368s
H172630 140058                      17.7136022   19.55807  10.4%  76.8  368s
H172631 136012                      18.0618323   19.55807  8.28%  76.8  368s
 172663 138886   19.55807   70   17   18.06183   19.55807  8.28%  76.8  373s
 176098 142336     cutoff   63        18.06183   19.55244  8.25%  76.2  378s
 180249 147158     cutoff   61        18.06183   19.55084  8.24%  75.5  385s
 186170 150066   19.45936   71   19   18.06183   19.54545  8.21%  74.7  390s
 189672 153516   19.22097   77   19   18.06183   19.53993  8.18%  74.2  395s
 197404 159806   19.43406   68   21   18.06183   19.53392  8.15%  73.1  404s
 201501 162602     cutoff   71        18.06183   19.52970  8.13%  72.6  409s
 204961 166050   19.42079   68   32   18.06183   19.52643  8.11%  72.2  414s
 209131 170716     cutoff   66        18.06183   19.52611  8.11%  71.6  422s
 214912 173356   19.52182   70   11   18.06183   19.52182  8.08%  71.1  426s
H216688 172801                      18.0898956   19.52182  7.92%  70.9  426s
 218147 175848   19.20155   79   21   18.08990   19.52169  7.91%  70.8  432s
 221922 178627     cutoff   72        18.08990   19.51578  7.88%  70.4  437s
 225385 181822   18.79204   73   22   18.08990   19.51439  7.87%  70.1  442s
 229309 184788   19.23918   68   27   18.08990   19.51254  7.86%  69.7  447s
 232991 187976     cutoff   69        18.08990   19.50815  7.84%  69.4  452s
 236985 190645     cutoff   66        18.08990   19.50664  7.83%  69.0  457s
 240292 195043   18.60510   72   29   18.08990   19.50241  7.81%  68.8  464s
 245691 198044     cutoff   73        18.08990   19.49983  7.79%  68.3  469s
 249469 200517   18.50276   66   27   18.08990   19.49671  7.78%  68.0  474s
 252552 203561   19.40251   67   26   18.08990   19.49332  7.76%  67.8  479s
 256368 206654     cutoff   61        18.08990   19.49097  7.75%  67.5  484s
 260144 209986   19.18722   71   22   18.08990   19.48763  7.73%  67.2  489s
 264249 213139   18.50761   66   29   18.08990   19.48573  7.72%  66.9  494s
 268097 216026   19.25457   67   18   18.08990   19.48242  7.70%  66.6  500s
 271686 219586   19.48114   61   19   18.08990   19.48114  7.69%  66.4  507s
 276115 222662   18.36330   72   21   18.08990   19.47909  7.68%  66.1  513s
 279801 226092     cutoff   64        18.08990   19.47387  7.65%  65.9  520s
 284154 229407   19.47170   53   24   18.08990   19.47170  7.64%  65.6  526s
 288302 232701   19.46777   62   20   18.08990   19.46777  7.62%  65.4  532s
 292402 235979   19.13511   77   21   18.08990   19.46554  7.60%  65.1  537s
 296439 239042     cutoff   72        18.08990   19.46308  7.59%  64.9  542s
 300285 241940   19.44253   71   24   18.08990   19.45959  7.57%  64.7  547s
 303840 245794   19.30723   73   26   18.08990   19.45959  7.57%  64.5  554s
 308586 248697   19.36256   61   34   18.08990   19.45774  7.56%  64.3  558s
 312271 251495     cutoff   63        18.08990   19.45647  7.55%  64.2  564s
 315788 254354   19.03929   70   23   18.08990   19.45172  7.53%  64.0  569s
 319339 257676   19.44931   61   31   18.08990   19.44931  7.51%  63.8  574s
 323507 260699   18.87241   64   27   18.08990   19.44850  7.51%  63.6  579s
 327324 263415     cutoff   70        18.08990   19.44743  7.50%  63.5  584s
 328569 263415   19.39233   70   28   18.08990   19.44539  7.49%  63.4  585s
 330781 266597   19.44327   69   15   18.08990   19.44327  7.48%  63.3  590s
 334839 270443   19.40433   74   16   18.08990   19.44022  7.46%  63.1  597s
 339562 273213   19.27284   65   29   18.08990   19.43739  7.45%  63.0  602s
 343016 276420   19.39367   71   17   18.08990   19.43528  7.44%  62.8  607s
 346930 279006   18.67847   66   27   18.08990   19.43320  7.43%  62.6  613s
 350207 282171   19.43243   60   20   18.08990   19.43243  7.42%  62.5  618s
 354138 285209   19.37197   69   25   18.08990   19.42876  7.40%  62.4  623s
 357973 288117     cutoff   66        18.08990   19.42809  7.40%  62.3  628s
 361633 290952     cutoff   62        18.08990   19.42679  7.39%  62.2  634s
 365288 294784   19.21648   75   25   18.08990   19.42454  7.38%  62.1  640s
 370060 297428   19.42437   59   21   18.08990   19.42437  7.38%  61.9  645s
 373458 300629   19.42031   55   25   18.08990   19.42031  7.35%  61.8  651s
 377453 303496   19.41715   71   15   18.08990   19.41715  7.34%  61.6  656s
 380989 306449   19.21329   75   21   18.08990   19.41614  7.33%  61.5  661s
 384589 309486   19.36828   71   22   18.08990   19.41441  7.32%  61.3  667s
 388450 309504   19.41217   74   24   18.08990   19.41370  7.32%  61.2  674s
 388496 309524   19.41370   73   16   18.08990   19.41370  7.32%  61.2  677s
 388540 309555   19.17529   74   28   18.08990   19.41370  7.32%  61.2  681s
H388554 305299                      18.1836952   19.41370  6.76%  61.2  681s
 388573 307975   19.04934   76   23   18.18370   19.41370  6.76%  61.2  687s
 392020 311203   19.13214   63   26   18.18370   19.40988  6.74%  61.1  693s
 396144 314964   18.55312   69   20   18.18370   19.40864  6.74%  61.0  699s
 400903 317375   18.51104   69   27   18.18370   19.40501  6.72%  60.9  705s
 404021 320362     cutoff   59        18.18370   19.40398  6.71%  60.8  710s
 407879 322847   19.21535   63   17   18.18370   19.39981  6.69%  60.7  716s
 411200 326085   19.39881   68   18   18.18370   19.39881  6.68%  60.6  722s
 415320 329074   19.24301   67   25   18.18370   19.39629  6.67%  60.5  727s
 419291 331898   18.46515   64   14   18.18370   19.39449  6.66%  60.4  733s
 423070 334631   19.28142   70   29   18.18370   19.39403  6.66%  60.3  738s
 426648 338145   19.27115   59   18   18.18370   19.39057  6.64%  60.2  745s
 431068 340772   19.23947   65   32   18.18370   19.38872  6.63%  60.1  750s
 434557 343217   18.34306   59   20   18.18370   19.38592  6.61%  60.1  756s
 437862 346400   18.30715   68   21   18.18370   19.38404  6.60%  60.0  762s
 441940 349296   18.76285   63   32   18.18370   19.38193  6.59%  59.9  768s
 445756 352681   19.11054   61   29   18.18370   19.38024  6.58%  59.8  773s
 449985 355355     cutoff   68        18.18370   19.37959  6.58%  59.7  779s
 453404 358534   19.37540   57   23   18.18370   19.37540  6.55%  59.6  784s
 457537 361772   18.97282   68   27   18.18370   19.37437  6.55%  59.5  791s
 461806 364938     cutoff   62        18.18370   19.37212  6.54%  59.4  797s
 465850 367247   19.36994   62   21   18.18370   19.36994  6.52%  59.3  803s
 468908 370217   19.34988   67   26   18.18370   19.36747  6.51%  59.2  809s
 472906 373313   19.36284   61   22   18.18370   19.36284  6.48%  59.1  815s
 476993 376380     cutoff   75        18.18370   19.36145  6.48%  59.0  821s
 480995 379602   19.35939   63   23   18.18370   19.35939  6.47%  58.9  826s
 485108 382742   19.35668   61   14   18.18370   19.35668  6.45%  58.8  832s
 489196 385666   18.66029   61   15   18.18370   19.35610  6.45%  58.7  839s
 493024 388695   19.22119   70   29   18.18370   19.35423  6.44%  58.6  846s
 497050 391865     cutoff   56        18.18370   19.35034  6.42%  58.5  852s
 501303 394737   18.66520   64   23   18.18370   19.34919  6.41%  58.5  858s
 504931 397786   19.34669   60   19   18.18370   19.34669  6.40%  58.4  864s
 508904 400994   19.25446   65   26   18.18370   19.34594  6.39%  58.3  870s
 513082 403799   19.32194   72   24   18.18370   19.34251  6.37%  58.2  876s
 516772 406977   18.55629   65   26   18.18370   19.34141  6.37%  58.2  882s
 520811 410060   18.43207   58   18   18.18370   19.33911  6.35%  58.1  888s
 524840 412786   19.32002   65   29   18.18370   19.33638  6.34%  58.0  893s
 528573 415657   18.69477   60   31   18.18370   19.33445  6.33%  58.0  899s
 532371 418414   19.33184   56   20   18.18370   19.33184  6.31%  57.9  905s
 536026 421443   19.33065   72   14   18.18370   19.33065  6.31%  57.8  912s
 540176 424054   19.33027   65   13   18.18370   19.33027  6.31%  57.8  918s
 543678 427330   19.32157   55   29   18.18370   19.32573  6.28%  57.7  925s
 547916 430115   18.72355   64   28   18.18370   19.32540  6.28%  57.6  932s
 551715 432927   18.69034   80   19   18.18370   19.32161  6.26%  57.6  939s
 555491 436206     cutoff   72        18.18370   19.31837  6.24%  57.5  945s
 559865 439343     cutoff   55        18.18370   19.31572  6.23%  57.4  952s
 563999 442284   18.65102   65   32   18.18370   19.31539  6.22%  57.3  957s
 567735 445014     cutoff   68        18.18370   19.31158  6.20%  57.2  962s
 571308 447955   18.97566   68   26   18.18370   19.31070  6.20%  57.2  967s
 575221 450826   18.69034   54   25   18.18370   19.30878  6.19%  57.1  973s
 579113 454003   18.31121   61   34   18.18370   19.30664  6.18%  57.1  979s
 583162 457357   19.30362   56   18   18.18370   19.30362  6.16%  57.0  987s
 587454 459677   19.30359   68   16   18.18370   19.30359  6.16%  56.9  992s
 590663 462594   19.26278   74   23   18.18370   19.29977  6.14%  56.8  998s
 594563 465732   19.29719   82   16   18.18370   19.29719  6.12%  56.8 1004s
 598656 468659   19.27986   69   27   18.18370   19.29592  6.12%  56.7 1010s
 602391 471347     cutoff   55        18.18370   19.29376  6.10%  56.6 1016s
 605954 474563   19.23529   77   17   18.18370   19.29239  6.10%  56.6 1022s
 610222 477395   19.28441   55   40   18.18370   19.29194  6.09%  56.5 1028s
 613943 480377     cutoff   68        18.18370   19.28928  6.08%  56.5 1035s
 617821 483705   19.28758   72   22   18.18370   19.28758  6.07%  56.5 1040s
 622052 486689   19.28624   64   26   18.18370   19.28624  6.06%  56.4 1046s
 625932 486732     cutoff   62        18.18370   19.28507  6.06%  56.3 1050s
H625960 486728                      18.1838109   19.28507  6.06%  56.3 1050s
 625994 489471   18.85245   64   26   18.18381   19.28507  6.06%  56.3 1056s
 629586 489492   19.26015   63   31   18.18381   19.28366  6.05%  56.3 1061s
 629629 489513   19.12005   67   27   18.18381   19.28366  6.05%  56.3 1065s
H629672 489281                      18.1867552   19.28332  6.03%  56.3 1069s
H629673 489024                      18.1898706   19.28332  6.01%  56.3 1069s
 629709 491666   18.65246   64   22   18.18987   19.28327  6.01%  56.3 1075s
 633203 494789   18.99820   65   27   18.18987   19.28258  6.01%  56.3 1081s
 637384 497460     cutoff   70        18.18987   19.28164  6.00%  56.2 1088s
 641000 500632   19.18602   71   28   18.18987   19.27983  5.99%  56.2 1093s
 645190 503691   18.23402   54   20   18.18987   19.27761  5.98%  56.1 1099s
 649254 506299   18.91145   69   26   18.18987   19.27722  5.98%  56.1 1104s
 652822 509214   18.91232   63   24   18.18987   19.27392  5.96%  56.1 1110s
 656814 511944     cutoff   76        18.18987   19.27254  5.95%  56.0 1117s
 660493 514770   19.27119   58   18   18.18987   19.27119  5.94%  56.0 1123s
 664368 517833   19.27071   62   37   18.18987   19.27119  5.94%  55.9 1130s
 668423 520393   19.26746   67   17   18.18987   19.26746  5.92%  55.8 1135s
 671926 523396   18.99956   79   21   18.18987   19.26569  5.91%  55.8 1142s
 676011 526520   19.26486   61   19   18.18987   19.26486  5.91%  55.8 1147s
 680107 529073   19.26286   71   12   18.18987   19.26286  5.90%  55.8 1153s
 683525 531789   19.17852   64   33   18.18987   19.26242  5.90%  55.8 1159s
 687214 534764   19.13767   66   28   18.18987   19.26082  5.89%  55.8 1165s
 691223 537678     cutoff   66        18.18987   19.26004  5.88%  55.7 1171s
 695222 540505     cutoff   58        18.18987   19.25906  5.88%  55.7 1177s
 699138 543211   18.99512   69   28   18.18987   19.25790  5.87%  55.6 1184s
 702737 546189   19.25184   67   24   18.18987   19.25518  5.86%  55.6 1189s
 706802 549116   19.25506   63   25   18.18987   19.25506  5.86%  55.6 1197s
 710743 552021   19.25239   63   22   18.18987   19.25239  5.84%  55.5 1202s
 714533 554920   19.25061   62   22   18.18987   19.25061  5.83%  55.4 1209s
 718339 557870   19.24929   67   27   18.18987   19.24952  5.83%  55.4 1216s
 722341 560684     cutoff   60        18.18987   19.24799  5.82%  55.3 1222s
 726118 563799   19.04376   61   32   18.18987   19.24612  5.81%  55.3 1229s
 730276 566630   18.89087   57   30   18.18987   19.24481  5.80%  55.2 1235s
 733970 569534   18.92798   63   32   18.18987   19.24345  5.79%  55.2 1242s
 737911 572684   19.14854   68   26   18.18987   19.24184  5.78%  55.2 1248s
 742034 575462   19.24027   62   16   18.18987   19.24027  5.77%  55.1 1255s
 745659 578581   18.61857   82   18   18.18987   19.23896  5.77%  55.0 1260s
 749714 578601   18.95686   72   25   18.18987   19.23809  5.76%  55.0 1266s
 749756 578624   19.23808   57   20   18.18987   19.23808  5.76%  55.0 1270s
H749797 577809                      18.1969315   19.23808  5.72%  55.0 1276s
H749800 560359                      18.3123628   19.23808  5.06%  55.0 1276s
H749801 559072                      18.3201778   19.23808  5.01%  55.0 1276s
H749806 552939                      18.3537820   19.23808  4.82%  55.0 1276s
H749815 530582                      18.4597280   19.23808  4.22%  55.0 1276s
 749841 532955   19.23808   59   18   18.45973   19.23808  4.22%  55.0 1283s
 753316 535802   19.20184   64   31   18.45973   19.23808  4.22%  55.0 1290s
 757506 538013   18.97205   67   33   18.45973   19.23650  4.21%  54.9 1297s
 760760 540778   18.64588   64   26   18.45973   19.23455  4.20%  54.9 1304s
 764933 543318   18.49542   65   28   18.45973   19.23257  4.19%  54.8 1310s
 768825 546111     cutoff   65        18.45973   19.23166  4.18%  54.8 1316s
 772967 548582   19.22991   54   20   18.45973   19.22991  4.17%  54.7 1324s
 776754 551170   19.22841   65   21   18.45973   19.22841  4.16%  54.7 1330s
 780555 553802   18.46994   60   17   18.45973   19.22687  4.16%  54.6 1336s
 784475 556385   19.19217   76   26   18.45973   19.22558  4.15%  54.5 1343s
 788559 558565   18.74339   36   26   18.45973   19.22347  4.14%  54.5 1350s
 791990 561221   19.06462   63   28   18.45973   19.22296  4.13%  54.4 1356s
 795986 563983   19.22050   58   21   18.45973   19.22050  4.12%  54.4 1363s
 800165 566313     cutoff   55        18.45973   19.21915  4.11%  54.3 1371s
 803721 569400   19.21914   61   24   18.45973   19.21914  4.11%  54.3 1378s
 808258 571949   19.02539   77   25   18.45973   19.21667  4.10%  54.2 1385s
 812105 574764     cutoff   60        18.45973   19.21623  4.10%  54.2 1391s
 816217 577230   18.91723   62   28   18.45973   19.21489  4.09%  54.2 1399s
 820014 580060   19.21355   59   19   18.45973   19.21355  4.08%  54.1 1405s
 824125 582618   19.19656   64   36   18.45973   19.21256  4.08%  54.1 1412s
 828055 584934     cutoff   62        18.45973   19.21163  4.07%  54.0 1418s
 832091 587071   18.86881   64   35   18.45973   19.21067  4.07%  54.0 1425s
 835749 589826     cutoff   63        18.45973   19.20869  4.06%  54.0 1432s
 840110 592150   19.00037   65   32   18.45973   19.20816  4.05%  53.9 1438s
 843987 594527   19.17896   63   32   18.45973   19.20656  4.05%  53.8 1446s
 848016 596821   19.13610   56   32   18.45973   19.20466  4.04%  53.8 1453s
 851901 599391   18.67871   75   26   18.45973   19.20341  4.03%  53.7 1460s
 856240 601700     cutoff   65        18.45973   19.20214  4.02%  53.6 1466s
 860042 603996   19.19980   84   14   18.45973   19.20047  4.01%  53.6 1473s
 863806 604014     cutoff   67        18.45973   19.19992  4.01%  53.5 1480s
 863849 610057   19.02815   75   24   18.45973   19.19920  4.01%  53.5 1520s
H866967 605748                      18.4752956   19.19916  3.92%  53.5 1520s
 874580 611035   19.03083   71   21   18.47530   19.19669  3.90%  53.5 1537s
 883350 615613     cutoff   61        18.47530   19.19558  3.90%  53.4 1549s
 890934 618997   18.93365   74   20   18.47530   19.19411  3.89%  53.3 1558s
 896484 621224     cutoff   65        18.47530   19.19239  3.88%  53.2 1565s
 900252 623692   19.18528   70   20   18.47530   19.19059  3.87%  53.2 1573s
 904464 625975   18.89473   52   18   18.47530   19.18949  3.87%  53.1 1580s
 908353 628234   18.94453   62   35   18.47530   19.18910  3.86%  53.1 1587s
 912164 630824   18.74904   83   18   18.47530   19.18779  3.86%  53.1 1594s
 916364 633068   19.17500   80   17   18.47530   19.18640  3.85%  53.0 1601s
 920200 635598   19.17419   58   39   18.47530   19.18600  3.85%  53.0 1608s
 924536 637789     cutoff   64        18.47530   19.18443  3.84%  52.9 1615s
 928431 640059   19.16971   59   31   18.47530   19.18278  3.83%  52.9 1623s
 932255 642632   18.91908   66   29   18.47530   19.18186  3.82%  52.8 1630s
 936568 644760     cutoff   65        18.47530   19.18079  3.82%  52.8 1636s
 939970 647052     cutoff   57        18.47530   19.18057  3.82%  52.7 1643s
 943996 649357     cutoff   70        18.47530   19.17944  3.81%  52.7 1650s
 947977 651438   19.17818   66   20   18.47530   19.17818  3.80%  52.6 1657s
 951598 653884   19.16564   65   27   18.47530   19.17761  3.80%  52.6 1664s
 955792 656290     cutoff   64        18.47530   19.17656  3.80%  52.6 1672s
 959760 658653     cutoff   62        18.47530   19.17486  3.79%  52.5 1680s
 963892 660680     cutoff   69        18.47530   19.17365  3.78%  52.5 1686s
 967325 662643   18.78235   72   23   18.47530   19.17236  3.77%  52.4 1693s
 970825 665223   18.86322   70   23   18.47530   19.17119  3.77%  52.4 1700s
 975237 667616   19.16454   63   30   18.47530   19.17041  3.76%  52.4 1707s
 979353 669958   19.11426   63   14   18.47530   19.17003  3.76%  52.3 1714s
 983329 672407   18.58371   59   21   18.47530   19.16907  3.76%  52.3 1721s
 987456 674380   19.16442   65   28   18.47530   19.16907  3.76%  52.3 1728s
 991002 676590   18.69505   69   21   18.47530   19.16687  3.74%  52.3 1734s
 995044 678692   19.10523   71   15   18.47530   19.16569  3.74%  52.2 1741s
 998667 681090   19.12368   63   28   18.47530   19.16520  3.73%  52.2 1747s
 1002877 683088     cutoff   68        18.47530   19.16468  3.73%  52.2 1753s
 1006393 685336   19.03422   59   26   18.47530   19.16365  3.73%  52.1 1760s
 1010430 687547     cutoff   62        18.47530   19.16281  3.72%  52.1 1768s
 1014392 690111     cutoff   64        18.47530   19.16172  3.72%  52.1 1775s
 1018676 692541   18.72079   60   34   18.47530   19.16127  3.71%  52.0 1782s
 1022653 692992   19.06099   56   23   18.47530   19.16021  3.71%  52.0 1787s
 1023482 694913   19.16021   55   26   18.47530   19.16021  3.71%  52.0 1805s
H1023751 694902                      18.4753275   19.16021  3.71%  52.0 1805s
H1024658 694824                      18.4755424   19.16021  3.71%  52.0 1805s
H1025426 694383                      18.4768971   19.16021  3.70%  52.0 1805s
 1026845 700086   19.07012   56   36   18.47690   19.16021  3.70%  52.0 1826s
 1036954 703464   19.15801   70   18   18.47690   19.15801  3.69%  51.9 1837s
 1042726 706867   19.15572   67   22   18.47690   19.15572  3.67%  51.8 1846s
 1048391 709398     cutoff   57        18.47690   19.15479  3.67%  51.8 1854s
 1052751 711593   19.15430   65   18   18.47690   19.15430  3.67%  51.8 1862s
 1056718 714074   19.15200   62   31   18.47690   19.15316  3.66%  51.8 1868s
 1060890 716415   19.15311   60   26   18.47690   19.15311  3.66%  51.7 1874s
 1064798 718739   19.15238   68   28   18.47690   19.15238  3.66%  51.7 1880s
 1068777 720545   19.15133   58   21   18.47690   19.15133  3.65%  51.7 1886s
 1072045 722821   19.15079   58   18   18.47690   19.15079  3.65%  51.7 1893s
 1076274 724781     cutoff   65        18.47690   19.14981  3.64%  51.7 1900s
 1080159 727227     cutoff   63        18.47690   19.14880  3.64%  51.6 1906s
 1084269 729399   18.50680   66   18   18.47690   19.14801  3.63%  51.6 1913s
 1088174 731429     cutoff   65        18.47690   19.14768  3.63%  51.6 1920s
 1091839 734064   19.11915   67   28   18.47690   19.14709  3.63%  51.6 1927s
 1096275 736304   19.09419   66   24   18.47690   19.14623  3.62%  51.5 1933s
 1100248 738341   19.14511   61   18   18.47690   19.14511  3.62%  51.5 1941s
 1103949 740883   19.01406   67   18   18.47690   19.14407  3.61%  51.4 1948s
 1108339 743113     cutoff   67        18.47690   19.14341  3.61%  51.4 1954s
 1112175 745056   18.73669   68   23   18.47690   19.14313  3.61%  51.4 1962s
 1115569 747105     cutoff   57        18.47690   19.14211  3.60%  51.4 1968s
 1119187 749612     cutoff   64        18.47690   19.14153  3.60%  51.3 1976s
 1123415 751985     cutoff   67        18.47690   19.14034  3.59%  51.3 1982s
 1127535 754196   19.14014   65   19   18.47690   19.14014  3.59%  51.3 1989s
 1131523 756445     cutoff   83        18.47690   19.13856  3.58%  51.3 1995s
 1135216 758764   19.13745   66   33   18.47690   19.13783  3.58%  51.2 2003s
 1139233 761074   19.09129   77   21   18.47690   19.13683  3.57%  51.2 2010s
 1143325 763161     cutoff   63        18.47690   19.13632  3.57%  51.2 2017s
 1147048 765254   19.13533   65   16   18.47690   19.13533  3.56%  51.1 2024s
 1150823 767310     cutoff   66        18.47690   19.13489  3.56%  51.1 2030s
 1154529 769539   19.13338   56   22   18.47690   19.13338  3.55%  51.1 2038s
 1158447 771637   19.09028   65   31   18.47690   19.13302  3.55%  51.1 2046s
 1162126 774080   19.00853   70   27   18.47690   19.13248  3.55%  51.1 2053s
 1166197 776829   19.10629   62   17   18.47690   19.13120  3.54%  51.0 2060s
 1170603 779163   19.13103   59   21   18.47690   19.13103  3.54%  51.0 2067s
 1174723 781174   19.13007   62   21   18.47690   19.13007  3.54%  51.0 2073s
 1178335 782973   19.12921   61   27   18.47690   19.12921  3.53%  51.0 2081s
 1181625 785675   19.09912   69   26   18.47690   19.12907  3.53%  51.0 2089s
 1186178 788267   19.03464   67   33   18.47690   19.12822  3.53%  51.0 2096s
 1190578 790536   19.12759   60   33   18.47690   19.12759  3.52%  50.9 2104s
 1194525 792687     cutoff   76        18.47690   19.12621  3.51%  50.9 2111s
 1198490 794896   19.05278   66   29   18.47690   19.12541  3.51%  50.9 2118s
 1202336 797168     cutoff   59        18.47690   19.12460  3.51%  50.9 2126s
 1206328 798958   19.12392   59   24   18.47690   19.12392  3.50%  50.8 2133s
 1209416 801298     cutoff   58        18.47690   19.12326  3.50%  50.8 2140s
 1213269 803452   19.12248   63   25   18.47690   19.12248  3.49%  50.8 2147s
 1216957 805672   19.12000   59   30   18.47690   19.12162  3.49%  50.8 2154s
 1220997 807770   19.10460   63   36   18.47690   19.12038  3.48%  50.8 2163s
 1224961 810114   19.05877   71   19   18.47690   19.11946  3.48%  50.7 2170s
 1229067 812147   19.11945   62   24   18.47690   19.11945  3.48%  50.7 2177s
 1232720 814241     cutoff   60        18.47690   19.11796  3.47%  50.7 2185s
 1236529 816516     cutoff   61        18.47690   19.11796  3.47%  50.7 2192s
 1240618 818339   18.87884   60   30   18.47690   19.11638  3.46%  50.7 2199s
 1243917 821015   18.92193   85   18   18.47690   19.11547  3.46%  50.6 2207s
 1248676 823302   19.11402   64   20   18.47690   19.11402  3.45%  50.6 2214s
 1252819 825548   18.94677   71   29   18.47690   19.11354  3.45%  50.6 2222s
 1256745 827968   18.50615   69   15   18.47690   19.11249  3.44%  50.5 2229s
 1260778 830021   19.11227   54   19   18.47690   19.11227  3.44%  50.5 2236s
 1264419 832155     cutoff   63        18.47690   19.11227  3.44%  50.5 2243s
 1268115 834590   19.10980   63   18   18.47690   19.10980  3.43%  50.5 2250s
 1272236 836885     cutoff   60        18.47690   19.10960  3.42%  50.5 2257s
 1276246 838973   19.10852   59   24   18.47690   19.10852  3.42%  50.4 2264s
 1279933 841068     cutoff   62        18.47690   19.10817  3.42%  50.4 2271s
 1283761 843424   19.10761   59   21   18.47690   19.10761  3.41%  50.4 2279s
 1287757 845531   18.86047   62   23   18.47690   19.10597  3.40%  50.3 2286s
 1291477 847500     cutoff   66        18.47690   19.10541  3.40%  50.3 2293s
 1295003 849755     cutoff   63        18.47690   19.10520  3.40%  50.3 2300s
 1298995 851959   19.05230   60   33   18.47690   19.10422  3.40%  50.3 2307s
 1303042 854096     cutoff   68        18.47690   19.10373  3.39%  50.3 2315s
 1306978 855866   18.99069   72   31   18.47690   19.10276  3.39%  50.3 2321s
 1310207 858284   19.10211   62   22   18.47690   19.10211  3.38%  50.3 2328s
 1314349 860493   19.10163   62   24   18.47690   19.10163  3.38%  50.3 2335s
 1318369 862553   19.06622   60   35   18.47690   19.10147  3.38%  50.3 2342s
 1322162 864960   19.00000   63   26   18.47690   19.09999  3.37%  50.2 2349s
 1326401 867206     cutoff   60        18.47690   19.09923  3.37%  50.2 2356s
 1330455 869237   19.09842   58   23   18.47690   19.09842  3.36%  50.2 2363s
 1334194 869251   18.91068   73   23   18.47690   19.09752  3.36%  50.2 2370s
H1334244 870472                      18.4873194   19.09748  3.30%  50.2 2435s
H1334520 868935                      18.4904272   19.09748  3.28%  50.2 2435s
 1345820 874884   18.81933   63   27   18.49043   19.09516  3.27%  50.1 2457s
 1356517 879068     cutoff   59        18.49043   19.09479  3.27%  50.1 2473s
 1364240 881131   19.09278   62   26   18.49043   19.09278  3.26%  50.0 2480s
 1368139 883552   19.01519   84   17   18.49043   19.09107  3.25%  50.0 2488s
 1372252 885495   18.94202   74   15   18.49043   19.09029  3.24%  50.0 2494s
 1375741 887849   18.53844   57   20   18.49043   19.09007  3.24%  49.9 2502s
 1379741 890098   19.08936   64   21   18.49043   19.08936  3.24%  49.9 2509s
 1383713 892032   19.06259   64   28   18.49043   19.08858  3.23%  49.9 2515s
 1387082 894435   19.08781   62   18   18.49043   19.08781  3.23%  49.9 2523s
 1391332 896544   18.54150   73   25   18.49043   19.08711  3.23%  49.9 2529s
 1395086 898857   18.91080   59   23   18.49043   19.08640  3.22%  49.9 2536s
 1399114 900618   18.94009   72   24   18.49043   19.08574  3.22%  49.9 2543s
 1402487 902894     cutoff   67        18.49043   19.08456  3.21%  49.8 2550s
 1406685 904986   18.93423   69   28   18.49043   19.08365  3.21%  49.8 2557s
 1410741 906753     cutoff   69        18.49043   19.08256  3.20%  49.8 2565s
 1414062 909109     cutoff   62        18.49043   19.08230  3.20%  49.8 2572s
 1418306 911436     cutoff   56        18.49043   19.08165  3.20%  49.7 2579s
 1422397 913610   18.99722   60   34   18.49043   19.08111  3.19%  49.7 2586s
 1426296 915787   19.07024   61   35   18.49043   19.07977  3.19%  49.7 2594s
 1430203 918227   19.07901   54   25   18.49043   19.07901  3.18%  49.7 2600s
 1434225 920347   19.01503   59   23   18.49043   19.07901  3.18%  49.7 2606s
 1437911 922491   19.07787   67   18   18.49043   19.07787  3.18%  49.7 2613s
 1441570 924511   19.05277   60   38   18.49043   19.07763  3.18%  49.7 2620s
 1445202 926869     cutoff   61        18.49043   19.07669  3.17%  49.7 2626s
 1449287 929031   18.76913   69   14   18.49043   19.07613  3.17%  49.7 2633s
 1453163 931313     cutoff   63        18.49043   19.07540  3.16%  49.6 2640s
 1457160 933425     cutoff   60        18.49043   19.07474  3.16%  49.6 2648s
 1461046 935344     cutoff   66        18.49043   19.07418  3.16%  49.6 2655s
 1464675 937770     cutoff   61        18.49043   19.07388  3.16%  49.6 2662s
 1468905 939485   19.04425   66   21   18.49043   19.07263  3.15%  49.6 2669s
 1472099 941961     cutoff   65        18.49043   19.07226  3.15%  49.6 2677s
 1476437 943955   19.00028   66   31   18.49043   19.07154  3.14%  49.6 2684s
 1480217 946103   19.07111   62   19   18.49043   19.07111  3.14%  49.5 2691s
 1484201 948232   18.59629   66   22   18.49043   19.06974  3.13%  49.5 2698s
 1488310 950237   19.01939   84   16   18.49043   19.06893  3.13%  49.5 2706s
 1491979 952416   18.78940   55   22   18.49043   19.06848  3.13%  49.5 2713s
 1495854 954146     cutoff   61        18.49043   19.06813  3.12%  49.5 2720s
 1499563 956480     cutoff   82        18.49043   19.06669  3.12%  49.4 2728s
 1503854 958573     cutoff   55        18.49043   19.06637  3.11%  49.4 2735s
 1507668 960633     cutoff   62        18.49043   19.06552  3.11%  49.4 2742s
 1511417 962886   19.06462   55   39   18.49043   19.06462  3.11%  49.4 2750s
 1515539 965259     cutoff   70        18.49043   19.06399  3.10%  49.4 2757s
 1519828 967343   19.06339   60   23   18.49043   19.06339  3.10%  49.3 2764s
 1523747 969448   18.73672   78   25   18.49043   19.06287  3.10%  49.3 2772s
 1527237 971951     cutoff   65        18.49043   19.06230  3.09%  49.3 2778s
 1531718 974271   19.01968   69   33   18.49043   19.06143  3.09%  49.3 2784s
 1535790 976132     cutoff   57        18.49043   19.06080  3.08%  49.2 2790s
 1539376 978432     cutoff   74        18.49043   19.06003  3.08%  49.2 2797s
 1543571 980589   19.05977   54   26   18.49043   19.05977  3.08%  49.2 2803s
 1547534 983189   18.81437   62   27   18.49043   19.05866  3.07%  49.2 2810s
 1551975 985087   19.01019   66   23   18.49043   19.05860  3.07%  49.2 2816s
 1555298 987466     cutoff   66        18.49043   19.05860  3.07%  49.2 2823s
 1559507 989466     cutoff   73        18.49043   19.05752  3.07%  49.2 2831s
 1563284 991868   19.05652   54   23   18.49043   19.05652  3.06%  49.1 2840s
 1567661 994086     cutoff   63        18.49043   19.05592  3.06%  49.1 2847s
 1571516 996499   18.97393   61   18   18.49043   19.05534  3.06%  49.1 2854s
 1574003 996499   19.05431   61   36   18.49043   19.05534  3.06%  49.1 2855s
 1575741 998698   19.01269   68   25   18.49043   19.05476  3.05%  49.1 2862s
 1579864 1000711   19.05461   56   15   18.49043   19.05461  3.05%  49.1 2870s
 1583608 1002753   18.94057   85   16   18.49043   19.05360  3.05%  49.1 2879s
 1587416 1004827   19.02896   58   28   18.49043   19.05305  3.04%  49.0 2886s
 1591239 1007342   18.83832   65   32   18.49043   19.05224  3.04%  49.0 2895s
 1595711 1009534     cutoff   72        18.49043   19.05162  3.04%  49.0 2901s
 1599553 1012014   18.68917   64   34   18.49043   19.05105  3.03%  49.0 2908s
 1603906 1014496   18.98215   76   22   18.49043   19.05047  3.03%  49.0 2915s
 1608307 1016504   19.05046   57   21   18.49043   19.05046  3.03%  48.9 2922s
 1611961 1018942     cutoff   71        18.49043   19.04928  3.02%  48.9 2929s
 1616190 1020747   19.03272   69   18   18.49043   19.04885  3.02%  48.9 2937s
 1619496 1023374   19.04824   63   23   18.49043   19.04824  3.02%  48.9 2945s
 1624373 1025469   19.04777   56   27   18.49043   19.04777  3.01%  48.8 2954s
 1628300 1027734     cutoff   59        18.49043   19.04695  3.01%  48.8 2964s
 1632556 1030109     cutoff   65        18.49043   19.04601  3.00%  48.8 2972s
 1636612 1032343   19.04549   60   18   18.49043   19.04549  3.00%  48.8 2979s
 1640654 1034291   19.04529   64   27   18.49043   19.04529  3.00%  48.8 2988s
 1644376 1036351   19.04467   61   20   18.49043   19.04467  3.00%  48.7 2996s
 1648145 1038522   19.01319   65   27   18.49043   19.04409  2.99%  48.7 3004s
 1651996 1040908   19.04365   56   27   18.49043   19.04365  2.99%  48.7 3012s
 1656176 1043009   19.04316   62   18   18.49043   19.04316  2.99%  48.7 3019s
 1660010 1045592   19.04264   62   20   18.49043   19.04264  2.99%  48.7 3027s
 1664439 1048015   19.01993   62   26   18.49043   19.04234  2.98%  48.7 3034s
 1668622 1050321   18.96010   79   20   18.49043   19.04194  2.98%  48.7 3041s
 1672825 1052364   19.02825   61   35   18.49043   19.04158  2.98%  48.7 3048s
 1676522 1054480   18.61896   70   30   18.49043   19.04091  2.98%  48.7 3055s
 1680348 1056261   19.02748   60   27   18.49043   19.04059  2.98%  48.6 3063s
 1683763 1058596   18.78734   84   16   18.49043   19.04028  2.97%  48.6 3072s
 1688147 1060920   19.03959   58   17   18.49043   19.03959  2.97%  48.6 3080s
 1692440 1063227     cutoff   64        18.49043   19.03959  2.97%  48.6 3088s
 1696579 1065400   19.03825   62   22   18.49043   19.03825  2.96%  48.6 3096s
 1700671 1067761   19.03759   60   24   18.49043   19.03759  2.96%  48.6 3103s
 1704827 1070119   19.03759   61   24   18.49043   19.03759  2.96%  48.6 3110s
 1709056 1072033     cutoff   62        18.49043   19.03716  2.96%  48.5 3118s
 1712724 1074116   18.98361   58   36   18.49043   19.03677  2.95%  48.5 3125s
 1716439 1076125     cutoff   60        18.49043   19.03613  2.95%  48.5 3133s
 1720376 1078344   19.02664   60   32   18.49043   19.03517  2.95%  48.5 3140s
 1724541 1080445   19.03468   69   18   18.49043   19.03468  2.94%  48.5 3147s
 1728429 1082746     cutoff   68        18.49043   19.03427  2.94%  48.4 3155s
 1732638 1084956   19.00157   69   17   18.49043   19.03368  2.94%  48.4 3162s
 1736923 1086888     cutoff   77        18.49043   19.03301  2.93%  48.4 3171s
 1740470 1089159   19.03249   58   22   18.49043   19.03249  2.93%  48.4 3181s
 1744767 1090928     cutoff   69        18.49043   19.03224  2.93%  48.4 3189s
 1748301 1092952   18.71538   75   20   18.49043   19.03145  2.93%  48.4 3197s
 1752292 1095225   19.03092   62   14   18.49043   19.03092  2.92%  48.3 3205s
 1756592 1097383   18.64999   70   28   18.49043   19.03040  2.92%  48.3 3212s
 1760702 1099433   19.03012   59   22   18.49043   19.03012  2.92%  48.3 3221s
 1764542 1101528   19.02961   64   25   18.49043   19.02961  2.92%  48.3 3229s
 1768492 1103773     cutoff   56        18.49043   19.02911  2.91%  48.3 3237s
 1772585 1105973   19.01891   65   28   18.49043   19.02885  2.91%  48.3 3245s
 1776642 1108107   19.02802   62   20   18.49043   19.02802  2.91%  48.2 3254s
 1780513 1109938   19.02768   70   19   18.49043   19.02768  2.91%  48.2 3261s
 1783904 1112347   18.91144   71   29   18.49043   19.02726  2.90%  48.2 3270s
 1788191 1114580   19.02686   61   28   18.49043   19.02686  2.90%  48.2 3277s
 1792325 1114591   18.85249   57   35   18.49043   19.02639  2.90%  48.2 3284s
 1792377 1114609   19.02639   55   22   18.49043   19.02639  2.90%  48.2 3288s
 1792420 1114628   19.02639   56   23   18.49043   19.02639  2.90%  48.2 3292s
 1792462 1114680   19.00741   57   31   18.49043   19.02639  2.90%  48.2 3296s
H1792466 1114524                      18.4906464   19.02623  2.90%  48.2 3297s
 1792554 1116322   19.01004   60   30   18.49065   19.02623  2.90%  48.2 3306s
 1795958 1118770   18.64786   75   22   18.49065   19.02571  2.89%  48.2 3314s
 1800482 1120927   18.94474   65   30   18.49065   19.02547  2.89%  48.1 3322s
 1804587 1123127     cutoff   62        18.49065   19.02487  2.89%  48.1 3331s
 1808723 1125106     cutoff   64        18.49065   19.02448  2.89%  48.1 3339s
 1812562 1126861   19.02385   69   22   18.49065   19.02385  2.88%  48.1 3346s
 1816183 1129266   18.76660   56   32   18.49065   19.02316  2.88%  48.1 3354s
 1820439 1131493   19.02287   60   30   18.49065   19.02287  2.88%  48.1 3362s
 1824618 1133429     cutoff   56        18.49065   19.02281  2.88%  48.0 3370s
 1828348 1135573   19.02175   63   12   18.49065   19.02175  2.87%  48.0 3378s
 1832369 1137798   19.00306   70   28   18.49065   19.02175  2.87%  48.0 3385s
 1836195 1139861   19.00038   68   26   18.49065   19.02126  2.87%  48.0 3392s
 1840211 1141825   19.01992   57   25   18.49065   19.02067  2.87%  48.0 3399s
 1843824 1141830     cutoff   66        18.49065   19.02037  2.86%  48.0 3404s
 1843880 1141856   19.02035   69   31   18.49065   19.02037  2.86%  48.0 3408s
 1843918 1141880   18.92000   67   26   18.49065   19.02037  2.86%  48.0 3415s
 1843956 1141900   18.94520   67   29   18.49065   19.02037  2.86%  48.0 3422s
 1843996 1142029   19.02037   68   19   18.49065   19.02037  2.86%  48.0 3429s
 1844184 1143587   19.02037   69   23   18.49065   19.02037  2.86%  48.0 3438s
H1846562 1143587                      18.4906464   19.01996  2.86%  48.0 3439s
 1847045 1146528     cutoff   77        18.49065   19.01992  2.86%  48.0 3450s
 1852565 1148931     cutoff   66        18.49065   19.01944  2.86%  48.0 3460s
 1857396 1151373   19.01655   68   27   18.49065   19.01894  2.86%  47.9 3472s
 1862458 1153554   18.55148   86   18   18.49065   19.01780  2.85%  47.9 3481s
 1866818 1155994     cutoff   72        18.49065   19.01743  2.85%  47.9 3490s
 1871434 1157969   18.62275   57   15   18.49065   19.01692  2.85%  47.9 3498s
 1875020 1159893   19.01653   61   19   18.49065   19.01653  2.84%  47.9 3506s
 1878973 1162157   18.82442   63   39   18.49065   19.01583  2.84%  47.9 3515s
 1883225 1164092     cutoff   59        18.49065   19.01561  2.84%  47.9 3523s
 1886895 1166242     cutoff   64        18.49065   19.01525  2.84%  47.8 3531s
 1890940 1168518   18.95718   58   32   18.49065   19.01499  2.84%  47.8 3537s
 1895140 1170705   19.00614   61   27   18.49065   19.01436  2.83%  47.8 3544s
 1899116 1172648     cutoff   61        18.49065   19.01406  2.83%  47.8 3552s
 1902953 1174668   18.96804   69   27   18.49065   19.01367  2.83%  47.8 3560s
 1906751 1176467     cutoff   70        18.49065   19.01309  2.83%  47.8 3568s
 1910280 1178562     cutoff   68        18.49065   19.01289  2.82%  47.8 3576s
 1914439 1180675   18.89622   66   21   18.49065   19.01201  2.82%  47.8 3582s
 1918637 1182734   19.01173   67   22   18.49065   19.01173  2.82%  47.8 3589s
 1922768 1184984     cutoff   67        18.49065   19.01152  2.82%  47.7 3595s
 1926785 1186897   18.98985   64   34   18.49065   19.01133  2.82%  47.7 3600s

Cutting planes:
  Projected implied bound: 189
  MIR: 1493
  Flow cover: 126
  RLT: 331
  Relax-and-lift: 66

Explored 1930075 nodes (92149307 simplex iterations) in 3600.09 seconds (2820.87 work units)
Thread count was 32 (of 255 available processors)

Solution count 10: 18.4906 18.4906 18.4904 ... 18.3124

Time limit reached
Best objective 1.849064641877e+01, best bound 1.901061684388e+01, gap 2.8121%

User-callback calls 4083272, time in user-callback 0.93 sec
source: 0 target: 6 model_arch: 3x50 perturbation type: translation perturbation size: [0, 1.0, 1.0] dataset: mnist
Attack:   0%|          | 0/500 [00:00<?, ?it/s]Attack:   0%|          | 1/500 [00:00<00:55,  8.94it/s]Attack:   8%|▊         | 38/500 [00:00<00:02, 209.35it/s]Attack:  15%|█▌        | 75/500 [00:00<00:01, 280.36it/s]Attack:  22%|██▏       | 112/500 [00:00<00:01, 315.02it/s]Attack:  30%|███       | 150/500 [00:00<00:01, 335.35it/s]Attack:  37%|███▋      | 186/500 [00:00<00:00, 342.61it/s]Attack:  45%|████▍     | 224/500 [00:00<00:00, 352.20it/s]Attack:  52%|█████▏    | 262/500 [00:00<00:00, 359.61it/s]Attack:  60%|██████    | 300/500 [00:00<00:00, 362.81it/s]Attack:  68%|██████▊   | 338/500 [00:01<00:00, 366.61it/s]Attack:  75%|███████▌  | 376/500 [00:01<00:00, 367.81it/s]Attack:  83%|████████▎ | 413/500 [00:01<00:00, 365.57it/s]Attack:  90%|█████████ | 450/500 [00:01<00:00, 366.65it/s]Attack:  97%|█████████▋| 487/500 [00:01<00:00, 367.08it/s]Attack: 100%|█████████▉| 499/500 [00:01<00:00, 340.13it/s]
best_val 13.90165901184082
Set parameter WLSAccessID
Set parameter WLSSecret
Set parameter LicenseID to value 2478548
Academic license 2478548 - for non-commercial use only - registered to ne___@campus.technion.ac.il
Encoding the two copies...
Encoding dependencies (activation_start=1, layers_offset=2)...
Adding perturbed interval constraints...
18.490646418773636  19.010616843879713  3600.129096031189
paper_experiments/mnist/3x50_exp/translation/eps_1,1/N1stdBoost_3x50_19/
Clean sample classification: 1
Perturbed sample classification: 6
compute_n2_relax_decision!: no shape source available (relu_diff_up_bounds and n2_abs_up_bounds both empty) — skipping decision precompute
[notice | Main.MIPVerify]: Determining upper and lower bounds for the input to each non-linear unit.
Set parameter WLSAccessID
Set parameter WLSSecret
Set parameter LicenseID to value 2478548
Academic license 2478548 - for non-commercial use only - registered to ne___@campus.technion.ac.il
Set parameter TimeLimit to value 5
Set parameter WLSAccessID
Set parameter WLSSecret
Set parameter LicenseID to value 2478548
Academic license 2478548 - for non-commercial use only - registered to ne___@campus.technion.ac.il
Set parameter MIPFocus to value 3
Set parameter Cutoff to value 1.3901659011840820e+01
Set parameter Threads to value 32
Set parameter TimeLimit to value 3600
Set parameter MIPGap to value 0.01
Set parameter Seed to value 4
Set parameter Seed to value 4
Set parameter MIPGap to value 0.01
Set parameter MIPFocus to value 3
Set parameter Cutoff to value 1.3901659011840820e+01
Set parameter Threads to value 32
Set parameter TimeLimit to value 3600
Warning for adding constraints: zero or small (< 1e-13) coefficients, ignored
Gurobi Optimizer version 13.0.0 build v13.0.0rc1 (linux64 - "Ubuntu 20.04.2 LTS")

CPU model: AMD EPYC 7713 64-Core Processor, instruction set [SSE2|AVX|AVX2]
Thread count: 127 physical cores, 255 logical processors, using up to 32 threads

Non-default parameters:
Cutoff  1.3901659011840820e+01
TimeLimit  3600
MIPGap  0.01
MIPFocus  3
Seed  4
Threads  32

Academic license 2478548 - for non-commercial use only - registered to ne___@campus.technion.ac.il
Optimize a model with 1658 rows, 1912 columns and 126893 nonzeros (Max)
Model fingerprint: 0x1be381e8
Model has 1 linear objective coefficients
Variable types: 1741 continuous, 171 integer (171 binary)
Coefficient statistics:
  Matrix range     [3e-13, 3e+01]
  Objective range  [1e+00, 1e+00]
  Bounds range     [6e-09, 3e+01]
  RHS range        [4e-13, 1e+02]

User MIP start produced solution with objective 14.0466 (0.92s)
User MIP start produced solution with objective 14.8761 (2.81s)
User MIP start produced solution with objective 14.9493 (2.94s)
User MIP start produced solution with objective 14.9493 (2.99s)
Loaded user MIP start with objective 14.9493
Processed MIP start in 3.00 seconds (4.25 work units)

Presolve removed 1130 rows and 789 columns
Presolve time: 0.11s
Presolved: 528 rows, 1123 columns, 119731 nonzeros
Variable types: 955 continuous, 168 integer (168 binary)
Root relaxation presolve removed 167 rows and 166 columns
Root relaxation presolved: 361 rows, 958 columns, 119210 nonzeros


Root relaxation: objective 3.834429e+01, 373 iterations, 0.07 seconds (0.09 work units)

    Nodes    |    Current Node    |     Objective Bounds      |     Work
 Expl Unexpl |  Obj  Depth IntInf | Incumbent    BestBd   Gap | It/Node Time

     0     0   38.34429    0   47   14.94932   38.34429   156%     -    3s
     0     0   35.61235    0   47   14.94932   35.61235   138%     -    3s
     0     0   35.61235    0   47   14.94932   35.61235   138%     -    3s
     0     0   34.78106    0   47   14.94932   34.78106   133%     -    3s
     0     0   33.66456    0   53   14.94932   33.66456   125%     -    3s
     0     0   33.66456    0   45   14.94932   33.66456   125%     -    4s
     0     0   32.78668    0   48   14.94932   32.78668   119%     -    4s
     0     0   32.78668    0   47   14.94932   32.78668   119%     -    4s
     0     0   32.78668    0   47   14.94932   32.78668   119%     -    4s
     0     0   32.62427    0   47   14.94932   32.62427   118%     -    4s
     0     0   32.62427    0   47   14.94932   32.62427   118%     -    4s
     0     0   32.07801    0   47   14.94932   32.07801   115%     -    5s
     0     0   32.07801    0   47   14.94932   32.07801   115%     -    5s
     0     2   32.07801    0   47   14.94932   32.07801   115%     -    5s
   427   483   27.26143    8   42   14.94932   27.50530  84.0%   604   10s
H  833   841                      14.9608131   26.40675  76.5%   611   13s
  1134  1167   24.36375   13   41   14.96081   25.91926  73.2%   614   15s
  2381  2279   24.32148   14   33   14.96081   24.96808  66.9%   535   20s
  3196  2806   19.87143   13   40   14.96081   24.35820  62.8%   518   25s
H 3286  2775                      15.4060195   24.28568  57.6%   517   25s
H 3546  2926                      15.8204455   24.16385  52.7%   506   36s
H 3546  2922                      15.9076985   24.16385  51.9%   506   38s
  3547  2923   21.76675   20   47   15.90770   24.16385  51.9%   506   43s
  3553  2927   23.53573   11   49   15.90770   24.16385  51.9%   505   45s
  3558  2933   24.16385   13   56   15.90770   24.16385  51.9%   506   50s
H 3562  2789                      15.9114201   24.16385  51.9%   505   50s
  3727  2911   24.16385   21   46   15.91142   24.16385  51.9%   517   55s
  3975  3028   24.16385   26   40   15.91142   24.16385  51.9%   536   61s
H 4064  2937                      15.9343149   24.16385  51.6%   546   64s
  4115  2978   24.09710   25   33   15.93431   24.16385  51.6%   551   65s
  4267  3024   22.54312   21   52   15.93431   24.16385  51.6%   562   73s
  4310  3049   19.35937   23   39   15.93431   24.03063  50.8%   565   76s
  4363  3071   22.91612   28   36   15.93431   23.89084  49.9%   568   80s
H 4399  2926                      15.9560543   23.81223  49.2%   571   80s
  4596  3081     cutoff   22        15.95605   23.35577  46.4%   588   86s
H 4795  3001                      16.1303377   22.97504  42.4%   596   89s
  4825  3128   21.84835   26   36   16.13034   22.95470  42.3%   598   90s
  5472  3487   19.66500   21   48   16.13034   22.43707  39.1%   603   96s
  5843  3561   20.92312   29   37   16.13034   22.13722  37.2%   606  101s
  5915  3593   21.53021   25   41   16.13034   21.97147  36.2%   610  107s
H 5922  3438                      16.8089983   21.96100  30.7%   611  107s
  6187  3766   20.45027   27   38   16.80900   21.81232  29.8%   613  110s
  7146  4289   19.33468   26   42   16.80900   21.37638  27.2%   595  116s
  7886  4651   19.96146   32   37   16.80900   21.13668  25.7%   581  120s
  9244  5201   20.59964   26   46   16.80900   20.70741  23.2%   553  126s
 10304  5700     cutoff   42        16.80900   20.45550  21.7%   532  131s
 11543  6521   20.06113   40   25   16.80900   20.26919  20.6%   512  137s
 12963  7501   19.14306   30   36   16.80900   20.07106  19.4%   487  142s
 13685  8494     cutoff   36        16.80900   19.94852  18.7%   475  145s
 17070 12441   19.85449   71   10   16.80900   19.85449  18.1%   403  151s
 22526 14950   19.80999   68   19   16.80900   19.80999  17.9%   320  158s
 22562 14980   19.80999   73   16   16.80900   19.80999  17.9%   320  160s
H22597 15011                      16.8089983   19.80999  17.9%   320  162s
 22628 15147   19.80999   75   14   16.80900   19.80999  17.9%   319  166s
H22755 15147                      16.8089983   19.80999  17.9%   318  166s
 22782 15342   19.80999   76   20   16.80900   19.80999  17.9%   318  170s
H22783 15341                      16.8104316   19.80999  17.8%   318  170s
H22870 14926                      17.0457563   19.80999  16.2%   317  170s
 25271 19368   19.58283   76   22   17.04576   19.75040  15.9%   292  176s
 30561 26178   19.68601   74   27   17.04576   19.71659  15.7%   253  184s
 35917 27572   19.59452   76   25   17.04576   19.70555  15.6%   223  186s
 40668 31991   19.66935   60   16   17.04576   19.66935  15.4%   204  191s
 46030 36672   19.65622   68   19   17.04576   19.65622  15.3%   187  196s
 50081 40766   19.49887   69   29   17.04576   19.63839  15.2%   177  201s
 54783 42877   19.62872   73   30   17.04576   19.63497  15.2%   167  207s
 54854 42936   19.39877   79   22   17.04576   19.63497  15.2%   167  211s
 54923 43018   19.58371   81   19   17.04576   19.62801  15.1%   167  218s
 54990 44105   19.62801   72   18   17.04576   19.62801  15.1%   167  220s
 58809 48881   18.63624   72   13   17.04576   19.62246  15.1%   159  227s
 61512 55586     cutoff   68        17.04576   19.61634  15.1%   155  236s
 69154 58745   18.40747   63   39   17.04576   19.59928  15.0%   144  241s
 72792 62011   19.55574   63   34   17.04576   19.58438  14.9%   140  245s
 80264 68599   19.53217   69   16   17.04576   19.55283  14.7%   132  253s
 83887 71674   19.18418   29   37   17.04576   19.53967  14.6%   129  258s
 87379 74791   19.52836   76   20   17.04576   19.53441  14.6%   126  262s
 90919 83124   19.50179   72   29   17.04576   19.52566  14.5%   124  273s
 100347 86412   19.47158   69   34   17.04576   19.52219  14.5%   117  277s
 104035 89384   19.33450   76   25   17.04576   19.50780  14.4%   115  280s
 107411 92774   18.53671   61   23   17.04576   19.50017  14.4%   113  285s
 114961 99271   19.11407   81   15   17.04576   19.48386  14.3%   110  294s
 118571 102217   17.18523   75   28   17.04576   19.48340  14.3%   109  298s
 122019 108185   19.05697   69   27   17.04576   19.48028  14.3%   107  307s
 128846 111706   18.67188   77   27   17.04576   19.47375  14.2%   104  312s
 132871 115172   19.19770   65   32   17.04576   19.46724  14.2%   103  317s
 136786 118741     cutoff   80        17.04576   19.45715  14.1%   102  323s
 140822 122102   19.22947   74   25   17.04576   19.45155  14.1%   101  328s
 144707 125689   19.40358   74   30   17.04576   19.44562  14.1%   100  333s
 148832 128924   19.17274   70   31   17.04576   19.43949  14.0%  98.2  338s
 152471 134896   17.10751   65   25   17.04576   19.43329  14.0%  97.2  345s
 159310 138121   19.32493   73   24   17.04576   19.42808  14.0%  95.5  350s
 166397 144590   19.01721   73   27   17.04576   19.41768  13.9%  94.0  358s
 170503 148144     cutoff   61        17.04576   19.41191  13.9%  93.0  362s
 174548 151532   19.22172   61   29   17.04576   19.40711  13.9%  92.2  366s
 178377 154962   19.31777   73   25   17.04576   19.40489  13.8%  91.4  371s
 182269 159339   19.39114   65   31   17.04576   19.40159  13.8%  90.7  379s
 187354 163073   19.25523   68   32   17.04576   19.39790  13.8%  89.8  385s
 191640 166644   19.22866   78   25   17.04576   19.39423  13.8%  89.1  390s
 195825 170146   19.16329   73   29   17.04576   19.39384  13.8%  88.4  395s
 199858 173765   19.31234   73   25   17.04576   19.38726  13.7%  87.8  401s
 204060 177014   19.17519   78   22   17.04576   19.37899  13.7%  87.2  405s
 207761 180470   18.64243   63   31   17.04576   19.37629  13.7%  86.8  410s
 211782 185245   19.24565   65   36   17.04576   19.37536  13.7%  86.3  418s
 217367 188465   19.37146   71   16   17.04576   19.37146  13.6%  85.6  422s
 221113 191877   18.88575   71   21   17.04576   19.36454  13.6%  85.2  427s
 225033 194715   19.23264   64   24   17.04576   19.35825  13.6%  84.7  432s
 228294 198246   17.33807   34   28   17.04576   19.35513  13.5%  84.2  438s
 232441 201726   18.69211   83   19   17.04576   19.34960  13.5%  83.7  442s
 236443 205267   19.10858   73   27   17.04576   19.34655  13.5%  83.3  447s
 240512 208446     cutoff   59        17.04576   19.34437  13.5%  82.8  452s
 244126 212945   19.06073   80   24   17.04576   19.33947  13.5%  82.4  459s
 249418 216149     cutoff   67        17.04576   19.33656  13.4%  81.9  463s
 253167 218765   18.79495   71   32   17.04576   19.33152  13.4%  81.6  468s
 256179 222214   17.18957   64   32   17.04576   19.32900  13.4%  81.3  474s
 260186 225694   18.74490   71   25   17.04576   19.32715  13.4%  81.0  479s
 264235 229399   19.08921   65   30   17.04576   19.32273  13.4%  80.6  483s
 268480 233085   18.88246   41   24   17.04576   19.31869  13.3%  80.2  489s
 272637 236492   19.27632   69   35   17.04576   19.31607  13.3%  79.8  493s
 276558 241040     cutoff   66        17.04576   19.31426  13.3%  79.4  500s
 281847 243600   19.31043   64   30   17.04576   19.31043  13.3%  79.0  506s
 284857 247195   19.30491   67   25   17.04576   19.30491  13.3%  78.8  511s
 288951 250428   19.14272   67   35   17.04576   19.30243  13.2%  78.5  515s
 292669 253812   19.29867   61   20   17.04576   19.29867  13.2%  78.3  521s
 296650 256872   17.97470   74   22   17.04576   19.29592  13.2%  77.9  526s
 300163 260312   19.29285   66   20   17.04576   19.29285  13.2%  77.7  531s
 304174 263612     cutoff   73        17.04576   19.28790  13.2%  77.4  536s
 307949 267034     cutoff   68        17.04576   19.28667  13.1%  77.2  542s
 311962 270793   19.24271   62   34   17.04576   19.28393  13.1%  77.0  547s
 316413 274416   17.70044   65   19   17.04576   19.27867  13.1%  76.7  552s
 320633 277928   18.89522   82   26   17.04576   19.27469  13.1%  76.4  557s
 324687 281232   18.73119   71   29   17.04576   19.27283  13.1%  76.2  563s
 328518 284465   19.17151   73   31   17.04576   19.26922  13.0%  76.0  568s
 332237 287855   17.67138   83   23   17.04576   19.26570  13.0%  75.8  573s
 336243 291533     cutoff   66        17.04576   19.26374  13.0%  75.5  579s
 340433 295376   17.40385   53   21   17.04576   19.25996  13.0%  75.3  585s
 344946 298152     cutoff   57        17.04576   19.25655  13.0%  75.1  591s
 348142 301863   19.06984   73   26   17.04576   19.25371  13.0%  74.9  597s
 352423 305288   19.05257   71   27   17.04576   19.24956  12.9%  74.7  603s
 356408 305324   18.93023   71   33   17.04576   19.24792  12.9%  74.5  607s
 356455 305918   19.16758   68   20   17.04576   19.24792  12.9%  74.5  611s
H356659 305917                      17.0457735   19.24792  12.9%  74.5  611s
H356691 305914                      17.0461373   19.24792  12.9%  74.5  611s
H356694 305911                      17.0464683   19.24792  12.9%  74.5  611s
H357071 305896                      17.0473475   19.24792  12.9%  74.5  612s
 357143 309299   18.96224   59   38   17.04735   19.24630  12.9%  74.5  617s
 361136 309323     cutoff   70        17.04735   19.24413  12.9%  74.3  623s
 361176 309351   19.24318   57   17   17.04735   19.24318  12.9%  74.3  627s
H361177 300582                      17.4056637   19.24318  10.6%  74.3  627s
 361212 304289   19.24318   58   17   17.40566   19.24318  10.6%  74.3  633s
 365571 304307   18.39879   66   17   17.40566   19.24318  10.6%  74.0  639s
 365617 304338   19.24318   74   15   17.40566   19.24318  10.6%  74.1  643s
H365620 304328                      17.4058553   19.24318  10.6%  74.1  643s
 365650 307494   19.24318   75   16   17.40586   19.24318  10.6%  74.1  649s
 369492 311430   19.22173   69   30   17.40586   19.23991  10.5%  73.9  655s
 374223 314647   18.86661   76   25   17.40586   19.23546  10.5%  73.7  661s
 378096 317900   17.73331   63   35   17.40586   19.23174  10.5%  73.5  666s
 381995 320745   18.92019   67   32   17.40586   19.22748  10.5%  73.3  672s
 385522 324114     cutoff   75        17.40586   19.22277  10.4%  73.1  677s
 389562 327322   19.22038   62   27   17.40586   19.22038  10.4%  72.9  682s
 393436 330192   18.82899   78   32   17.40586   19.21795  10.4%  72.8  687s
 396878 333609   19.19530   73   26   17.40586   19.21563  10.4%  72.6  692s
 400973 337439   19.05662   73   29   17.40586   19.21372  10.4%  72.5  699s
 405662 340814     cutoff   60        17.40586   19.21132  10.4%  72.3  704s
 409626 343680   19.20836   66   27   17.40586   19.20836  10.4%  72.1  708s
 413035 346613   18.56102   67   37   17.40586   19.20651  10.3%  72.0  715s
 416600 350020   19.18697   68   35   17.40586   19.20562  10.3%  71.9  720s
 420715 353215   19.19241   67   31   17.40586   19.20063  10.3%  71.7  725s
 424591 356255   17.94270   63   28   17.40586   19.19872  10.3%  71.6  731s
 428375 359482   19.19538   54   31   17.40586   19.19538  10.3%  71.4  736s
 432366 363168     cutoff   62        17.40586   19.19305  10.3%  71.3  743s
 436959 365938   18.62324   60   35   17.40586   19.19183  10.3%  71.1  749s
 440406 369012   19.15441   66   26   17.40586   19.18875  10.2%  71.0  754s
 444087 372442   18.90020   75   28   17.40586   19.18638  10.2%  70.9  760s
 448274 375601   19.15488   71   26   17.40586   19.18350  10.2%  70.7  765s
 452042 378938   18.28385   70   28   17.40586   19.18128  10.2%  70.6  770s
 456069 382242   18.83087   67   24   17.40586   19.18020  10.2%  70.5  776s
 460135 385137     cutoff   56        17.40586   19.17849  10.2%  70.3  782s
 463589 388954   19.08284   62   20   17.40586   19.17592  10.2%  70.2  788s
 468244 392209   18.66783   71   23   17.40586   19.17314  10.2%  70.1  793s
 472156 395048   19.17081   71   27   17.40586   19.17081  10.1%  69.9  799s
 475574 398151   19.14748   69   34   17.40586   19.16967  10.1%  69.8  805s
 479329 401251   18.80280   66   36   17.40586   19.16817  10.1%  69.7  810s
 483157 404194   19.04494   72   32   17.40586   19.16620  10.1%  69.6  815s
 486757 407698   18.72728   71   32   17.40586   19.16369  10.1%  69.6  820s
 490946 410245   19.16078   62   19   17.40586   19.16078  10.1%  69.4  826s
 494010 413812   18.22443   65   24   17.40586   19.16078  10.1%  69.4  833s
 498346 417174     cutoff   69        17.40586   19.15836  10.1%  69.3  838s
 502495 420224   18.14257   58   23   17.40586   19.15673  10.1%  69.2  843s
 506174 423094   18.24776   62   20   17.40586   19.15463  10.0%  69.1  848s
 509737 426493   19.01899   61   39   17.40586   19.15376  10.0%  69.0  853s
 513834 429612   18.80967   73   23   17.40586   19.15238  10.0%  68.9  858s
 517670 432840   18.80403   66   34   17.40586   19.14898  10.0%  68.8  863s
 521632 435894     cutoff   69        17.40586   19.14716  10.0%  68.7  868s
 525364 439426   19.02081   61   34   17.40586   19.14612  10.0%  68.6  874s
 529645 442708   19.06379   69   21   17.40586   19.14387  10.0%  68.5  880s
 533621 445815   19.14186   63   19   17.40586   19.14186  10.0%  68.4  886s
 537494 445835   19.08930   61   24   17.40586   19.14038  10.0%  68.3  894s
 537538 445861   19.05359   68   24   17.40586   19.13970  10.0%  68.3  897s
 537576 445970   19.13173   69   37   17.40586   19.13970  10.0%  68.3  903s
H537579 445968                      17.4059469   19.13970  10.0%  68.3  903s
H537589 445964                      17.4060750   19.13970  10.0%  68.4  903s
H537705 445955                      17.4063373   19.13970  10.0%  68.3  903s
H537707 442124                      17.4963713   19.13970  9.39%  68.3  903s
 537721 445004   19.11656   70   37   17.49637   19.13970  9.39%  68.3  908s
 541221 448131   18.91714   67   35   17.49637   19.13851  9.39%  68.3  915s
 545165 451550   18.77676   72   26   17.49637   19.13660  9.37%  68.2  920s
 549369 454929   18.69722   80   26   17.49637   19.13382  9.36%  68.1  926s
 553507 457844   18.85830   73   32   17.49637   19.13353  9.36%  68.0  931s
 557163 460971   19.11003   73   32   17.49637   19.13124  9.34%  68.0  938s
 561046 464299   18.97200   67   24   17.49637   19.12891  9.33%  67.9  944s
 565150 467647   19.04897   67   33   17.49637   19.12788  9.32%  67.9  949s
 569307 471158   18.62607   62   34   17.49637   19.12601  9.31%  67.8  955s
 573609 474051   18.73128   58   36   17.49637   19.12372  9.30%  67.7  960s
 577177 477149   18.99992   69   31   17.49637   19.12226  9.29%  67.6  966s
 581048 480337   19.00990   62   28   17.49637   19.12052  9.28%  67.5  971s
 585107 482843   19.10100   81   24   17.49637   19.11824  9.27%  67.4  977s
 588206 486123   19.11623   73   23   17.49637   19.11623  9.26%  67.3  983s
 592272 489527   18.79329   70   27   17.49637   19.11363  9.24%  67.3  989s
 596500 492972     cutoff   62        17.49637   19.11227  9.24%  67.2  995s
 600722 496134   18.69414   60   41   17.49637   19.11201  9.23%  67.0 1000s
 604616 499119     cutoff   60        17.49637   19.10942  9.22%  67.0 1005s
 608427 502307   19.10727   64   28   17.49637   19.10727  9.21%  66.9 1011s
 612339 505433   19.10595   62   31   17.49637   19.10595  9.20%  66.8 1016s
 616128 508646   19.01436   71   35   17.49637   19.10307  9.18%  66.7 1021s
 620094 512201   18.91919   59   23   17.49637   19.10305  9.18%  66.6 1028s
 624467 514836   19.01242   72   30   17.49637   19.09933  9.16%  66.5 1033s
 627782 518215   19.09859   65   28   17.49637   19.09859  9.16%  66.5 1038s
 631986 521509   19.02082   87   24   17.49637   19.09620  9.14%  66.4 1044s
 636032 524205   18.95774   72   24   17.49637   19.09512  9.14%  66.3 1050s
 639350 527774   19.09074   66   39   17.49637   19.09294  9.13%  66.2 1056s
 643772 530992     cutoff   63        17.49637   19.09125  9.12%  66.1 1061s
 647735 534453   19.08967   63   29   17.49637   19.08967  9.11%  66.0 1067s
 651911 537426   19.01314   66   31   17.49637   19.08797  9.10%  65.9 1073s
 655653 541073   19.08630   58   30   17.49637   19.08630  9.09%  65.8 1079s
 660124 544020   18.94841   72   28   17.49637   19.08371  9.07%  65.7 1085s
 663740 547454   18.07294   73   19   17.49637   19.08349  9.07%  65.7 1090s
 667920 550670   18.92774   66   25   17.49637   19.08173  9.06%  65.6 1097s
 671860 553852     cutoff   62        17.49637   19.08089  9.06%  65.6 1102s
 675804 556587   18.32116   72   32   17.49637   19.07975  9.05%  65.5 1108s
 679135 559952     cutoff   57        17.49637   19.07792  9.04%  65.5 1114s
 683283 562661   18.79601   66   23   17.49637   19.07643  9.03%  65.5 1121s
 686636 566621   18.86599   67   28   17.49637   19.07535  9.02%  65.4 1127s
 691379 569823   18.84032   60   22   17.49637   19.07388  9.02%  65.4 1132s
 695277 573087   19.07361   64   41   17.49637   19.07388  9.02%  65.4 1138s
 699379 576133     cutoff   66        17.49637   19.07272  9.01%  65.3 1143s
 703228 579047     cutoff   59        17.49637   19.07131  9.00%  65.3 1148s
 706844 582270   19.02852   65   37   17.49637   19.06952  8.99%  65.3 1154s
 710909 585470   18.59966   72   29   17.49637   19.06802  8.98%  65.2 1159s
 714821 588061   18.93005   59   32   17.49637   19.06678  8.98%  65.2 1165s
 718109 591717   19.06551   70   21   17.49637   19.06551  8.97%  65.1 1172s
 722668 595350   18.29429   65   35   17.49637   19.06458  8.96%  65.1 1178s
 727151 598732   17.90715   68   23   17.49637   19.06111  8.94%  65.0 1183s
 731310 601858     cutoff   61        17.49637   19.06029  8.94%  64.9 1189s
 735161 604726   19.05868   61   24   17.49637   19.05868  8.93%  64.9 1195s
 738690 607742   18.68841   70   31   17.49637   19.05673  8.92%  64.9 1200s
 742395 611244   19.01557   64   21   17.49637   19.05579  8.91%  64.8 1206s
 746616 614432     cutoff   65        17.49637   19.05421  8.90%  64.8 1213s
 750665 617719   18.18567   68   21   17.49637   19.05320  8.90%  64.7 1218s
 754637 620641   18.79448   70   31   17.49637   19.05090  8.88%  64.6 1224s
 758259 623835   18.85831   71   31   17.49637   19.04967  8.88%  64.6 1230s
 762208 627189   18.61677   76   24   17.49637   19.04702  8.86%  64.5 1236s
 766388 630406   19.04600   71   22   17.49637   19.04600  8.86%  64.4 1242s
 770325 633498   18.88574   60   27   17.49637   19.04463  8.85%  64.4 1247s
 774194 636305   18.78514   71   27   17.49637   19.04332  8.84%  64.3 1252s
 777596 639349   17.69265   65   34   17.49637   19.04304  8.84%  64.3 1259s
 781487 642666     cutoff   69        17.49637   19.04168  8.83%  64.3 1265s
 785630 645374   19.03708   79   21   17.49637   19.03970  8.82%  64.2 1270s
 789070 645396   18.78251   55   23   17.49637   19.03795  8.81%  64.2 1276s
H789094 639993                      17.5734020   19.03760  8.33%  64.2 1277s
 789111 643345   19.03760   69   21   17.57340   19.03760  8.33%  64.2 1282s
 793207 646493   19.03715   67   28   17.57340   19.03724  8.33%  64.1 1289s
 797080 649344   18.98592   69   35   17.57340   19.03625  8.32%  64.1 1295s
 800739 652332   18.63264   63   36   17.57340   19.03446  8.31%  64.1 1301s
 804448 655546   18.72838   76   27   17.57340   19.03410  8.31%  64.1 1307s
 808444 658809   18.65961   64   36   17.57340   19.03296  8.31%  64.0 1314s
 812527 661810   19.03057   65   24   17.57340   19.03057  8.29%  64.0 1320s
 816273 664839     cutoff   58        17.57340   19.03001  8.29%  64.0 1326s
 820085 668060   18.65582   73   34   17.57340   19.02984  8.29%  63.9 1331s
 824130 671047     cutoff   61        17.57340   19.02726  8.27%  63.9 1336s
 827830 673776   18.89694   75   26   17.57340   19.02688  8.27%  63.9 1341s
 831287 676929   18.96894   78   30   17.57340   19.02481  8.26%  63.8 1346s
 835280 680213   19.02390   69   17   17.57340   19.02390  8.25%  63.8 1352s
 839403 682898   19.02390   75   20   17.57340   19.02390  8.25%  63.8 1359s
 842748 686556   18.46966   59   36   17.57340   19.02202  8.24%  63.8 1365s
 847285 686581     cutoff   58        17.57340   19.02082  8.24%  63.7 1371s
 847323 686603   18.91996   69   34   17.57340   19.02049  8.23%  63.7 1376s
 847364 686630   19.02049   68   22   17.57340   19.02049  8.23%  63.7 1381s
H847365 679120                      17.6618799   19.02049  7.69%  63.7 1382s
H847376 661590                      17.8286428   19.02049  6.69%  63.7 1382s
 847399 664149   19.00876   69   29   17.82864   19.02049  6.69%  63.7 1389s
 850910 667529   19.00317   67   21   17.82864   19.01856  6.67%  63.7 1396s
 855351 670605   18.12478   73   28   17.82864   19.01748  6.67%  63.6 1402s
 859391 673788   19.01576   68   26   17.82864   19.01576  6.66%  63.6 1409s
 863487 676757   19.01328   70   30   17.82864   19.01415  6.65%  63.6 1416s
 867399 676775   19.01075   67   36   17.82864   19.01318  6.64%  63.5 1424s
 867443 676802   19.01277   50   15   17.82864   19.01277  6.64%  63.5 1429s
 867480 677381   19.01277   51   15   17.82864   19.01277  6.64%  63.5 1434s
 868259 679715   18.27897   59   29   17.82864   19.01277  6.64%  63.5 1441s
 871267 682867   19.01277   57   31   17.82864   19.01277  6.64%  63.5 1450s
 875593 686221   19.00655   61   24   17.82864   19.00936  6.62%  63.4 1458s
 880065 689250   17.98249   74   34   17.82864   19.00850  6.62%  63.4 1465s
 884050 692409   19.00593   69   27   17.82864   19.00593  6.60%  63.4 1471s
 888208 695332   18.87462   66   23   17.82864   19.00437  6.59%  63.4 1479s
 892000 698463   18.97274   61   27   17.82864   19.00412  6.59%  63.3 1486s
 896243 701759     cutoff   61        17.82864   19.00412  6.59%  63.3 1493s
 900679 704685   18.88629   81   18   17.82864   18.99967  6.57%  63.2 1500s
 904613 707274     cutoff   64        17.82864   18.99837  6.56%  63.2 1506s
 908083 710428   18.95244   56   42   17.82864   18.99724  6.55%  63.2 1513s
 912242 713206     cutoff   60        17.82864   18.99564  6.55%  63.1 1520s
 915920 716441     cutoff   68        17.82864   18.99466  6.54%  63.1 1527s
 920248 719228     cutoff   70        17.82864   18.99310  6.53%  63.1 1533s
 924024 722253     cutoff   56        17.82864   18.99166  6.52%  63.0 1540s
 928030 725083     cutoff   66        17.82864   18.99031  6.52%  63.0 1546s
 931894 728074     cutoff   55        17.82864   18.98897  6.51%  63.0 1553s
 935929 730780   18.90292   73   27   17.82864   18.98704  6.50%  63.0 1560s
 939597 733482   18.98489   59   33   17.82864   18.98608  6.49%  62.9 1567s
 943190 736665   18.96670   64   32   17.82864   18.98463  6.48%  62.9 1574s
 947424 739565   18.98310   63   19   17.82864   18.98310  6.48%  62.9 1581s
 951222 742430   18.96542   64   26   17.82864   18.98286  6.47%  62.8 1588s
 955188 745300   18.91022   65   27   17.82864   18.98174  6.47%  62.8 1594s
 959039 747830     cutoff   65        17.82864   18.97996  6.46%  62.8 1601s
 962416 750775   18.25931   65   24   17.82864   18.97952  6.46%  62.8 1607s
 966416 753705     cutoff   54        17.82864   18.97771  6.45%  62.8 1613s
 970303 756409   18.87646   70   27   17.82864   18.97617  6.44%  62.7 1620s
 973918 759291   18.91334   66   26   17.82864   18.97555  6.43%  62.7 1626s
 977782 762236   18.85618   68   32   17.82864   18.97489  6.43%  62.7 1632s
 981685 764906   18.92679   77   22   17.82864   18.97262  6.42%  62.7 1639s
 985314 768076   18.23919   66   29   17.82864   18.97133  6.41%  62.6 1645s
 989477 770872   18.70897   60   37   17.82864   18.97000  6.40%  62.6 1651s
 993125 773784   18.96905   62   37   17.82864   18.96954  6.40%  62.6 1657s
 997055 776401   18.96774   66   23   17.82864   18.96774  6.39%  62.6 1663s
 1000510 779317   18.89848   66   27   17.82864   18.96681  6.38%  62.5 1670s
 1004463 782299   18.93587   67   35   17.82864   18.96615  6.38%  62.5 1677s
 1008474 785060     cutoff   67        17.82864   18.96488  6.37%  62.5 1684s
 1012202 788071     cutoff   77        17.82864   18.96284  6.36%  62.5 1690s
 1016324 791159   18.91601   67   35   17.82864   18.96186  6.36%  62.5 1697s
 1020382 793839     cutoff   68        17.82864   18.96109  6.35%  62.4 1704s
 1024054 796605   18.78067   63   34   17.82864   18.95970  6.34%  62.4 1711s
 1027753 799455   18.09616   71   35   17.82864   18.95859  6.34%  62.4 1718s
 1031682 802651   18.87850   67   35   17.82864   18.95665  6.33%  62.3 1725s
 1036087 805570   18.95639   62   32   17.82864   18.95639  6.33%  62.3 1731s
 1040047 808134   18.94738   62   41   17.82864   18.95441  6.31%  62.3 1738s
 1043480 811099   18.82839   69   34   17.82864   18.95383  6.31%  62.2 1744s
 1047628 814109   18.93694   59   39   17.82864   18.95253  6.30%  62.2 1751s
 1051684 816958   18.95159   58   29   17.82864   18.95159  6.30%  62.2 1758s
 1055622 819634   18.73261   81   26   17.82864   18.94993  6.29%  62.1 1765s
 1059293 822261   18.94815   66   23   17.82864   18.94815  6.28%  62.1 1772s
 1062943 825715     cutoff   64        17.82864   18.94688  6.27%  62.1 1780s
 1067534 828727   18.27431   54   31   17.82864   18.94549  6.26%  62.0 1786s
 1071570 831610   18.94469   65   23   17.82864   18.94469  6.26%  62.0 1792s
 1075465 834671   18.94277   66   24   17.82864   18.94277  6.25%  61.9 1800s
 1079489 837475   18.94153   54   26   17.82864   18.94153  6.24%  61.9 1806s
 1083228 840274     cutoff   57        17.82864   18.94059  6.24%  61.9 1813s
 1086982 843147   18.93918   62   20   17.82864   18.93918  6.23%  61.8 1820s
 1090797 846221   18.02129   62   33   17.82864   18.93802  6.22%  61.8 1827s
 1094931 848789   18.44534   59   33   17.82864   18.93667  6.21%  61.8 1834s
 1098268 851764   18.81475   67   34   17.82864   18.93581  6.21%  61.8 1840s
 1102459 854563   18.72341   76   18   17.82864   18.93458  6.20%  61.7 1847s
 1106325 857418   18.71651   67   22   17.82864   18.93313  6.20%  61.7 1854s
 1110209 860279     cutoff   67        17.82864   18.93253  6.19%  61.7 1860s
 1114009 863250   18.90360   65   30   17.82864   18.93079  6.18%  61.6 1867s
 1117871 866216   18.92989   65   23   17.82864   18.92989  6.18%  61.6 1875s
 1121875 869084   18.92879   59   25   17.82864   18.92879  6.17%  61.6 1881s
 1125721 871806   18.00437   55   25   17.82864   18.92747  6.16%  61.5 1887s
 1129370 874303   18.01115   71   38   17.82864   18.92635  6.16%  61.5 1893s
 1132801 877224   18.36997   68   31   17.82864   18.92498  6.15%  61.5 1899s
 1136618 877740   18.92443   68   25   17.82864   18.92443  6.15%  61.5 1903s
 1137325 878595   18.82863   69   32   17.82864   18.92443  6.15%  61.5 1908s
 1138453 879408   18.92403   71   26   17.82864   18.92403  6.14%  61.5 1915s
H1139251 879408                      17.8286428   18.92403  6.14%  61.5 1915s
 1139526 880466   18.58162   72   31   17.82864   18.92403  6.14%  61.5 1922s
 1140965 880496   18.13128   65   36   17.82864   18.92334  6.14%  61.5 1932s
 1140999 880674   18.92308   56   32   17.82864   18.92308  6.14%  61.5 1938s
H1141015 880674                      17.8286429   18.92308  6.14%  61.5 1939s
 1141269 883274   18.92308   57   31   17.82864   18.92308  6.14%  61.5 1948s
 1144725 888130   18.92278   65   24   17.82864   18.92278  6.14%  61.5 1958s
 1151314 891140   18.76510   70   26   17.82864   18.92073  6.13%  61.5 1965s
 1155191 893709   18.81608   61   27   17.82864   18.92058  6.12%  61.4 1971s
 1158724 896540   17.97221   66   30   17.82864   18.91858  6.11%  61.4 1979s
 1162552 899477   18.86511   73   32   17.82864   18.91773  6.11%  61.4 1986s
 1166537 902379   18.88583   84   21   17.82864   18.91661  6.10%  61.4 1994s
 1170490 905440   18.88955   76   28   17.82864   18.91561  6.10%  61.4 2001s
 1174636 908519     cutoff   59        17.82864   18.91424  6.09%  61.3 2007s
 1178631 911529     cutoff   58        17.82864   18.91324  6.08%  61.3 2014s
 1182644 914306   18.82600   87   21   17.82864   18.91197  6.08%  61.3 2020s
 1186322 917320   17.96488   62   23   17.82864   18.91124  6.07%  61.2 2027s
 1190486 919966     cutoff   72        17.82864   18.91107  6.07%  61.2 2034s
 1194064 922658   18.90967   67   21   17.82864   18.90967  6.06%  61.2 2041s
 1197669 925659   18.46766   74   28   17.82864   18.90818  6.06%  61.2 2048s
 1201747 928613   17.98996   64   27   17.82864   18.90735  6.05%  61.2 2055s
 1205817 931644   18.14616   76   23   17.82864   18.90643  6.05%  61.2 2062s
 1209875 934473   18.80585   64   35   17.82864   18.90504  6.04%  61.1 2069s
 1213670 937444   18.74580   89   21   17.82864   18.90387  6.03%  61.1 2076s
 1217612 939932   18.90286   65   20   17.82864   18.90286  6.03%  61.1 2082s
 1220910 942966   18.78590   60   29   17.82864   18.90206  6.02%  61.1 2089s
 1225058 946175   18.80021   60   33   17.82864   18.90206  6.02%  61.0 2096s
 1229316 949210   18.84632   83   20   17.82864   18.89956  6.01%  61.0 2103s
 1233271 952222   18.81602   75   27   17.82864   18.89876  6.00%  61.0 2109s
 1237280 955020   18.84169   70   26   17.82864   18.89794  6.00%  61.0 2115s
 1241072 957895   18.89794   65   24   17.82864   18.89794  6.00%  61.0 2121s
 1244866 960534   18.48609   66   38   17.82864   18.89726  5.99%  60.9 2129s
 1248396 963593   18.85095   93   18   17.82864   18.89493  5.98%  60.9 2136s
 1252571 966405     cutoff   64        17.82864   18.89437  5.98%  60.9 2143s
 1256339 969535   18.81424   63   23   17.82864   18.89315  5.97%  60.9 2149s
 1260535 972326   18.89203   65   20   17.82864   18.89203  5.96%  60.9 2156s
 1264354 975313     cutoff   73        17.82864   18.89098  5.96%  60.9 2162s
 1268325 978423   18.76365   71   23   17.82864   18.89043  5.96%  60.9 2169s
 1272462 980820   18.75577   72   31   17.82864   18.88989  5.95%  60.9 2175s
 1275707 983730     cutoff   65        17.82864   18.88892  5.95%  60.8 2182s
 1279660 986701     cutoff   64        17.82864   18.88784  5.94%  60.8 2189s
 1283657 989532     cutoff   74        17.82864   18.88729  5.94%  60.8 2195s
 1287565 992386   18.88697   70   29   17.82864   18.88713  5.94%  60.8 2202s
 1291507 995319   18.88488   64   20   17.82864   18.88488  5.92%  60.7 2208s
 1295343 997772   18.59988   74   26   17.82864   18.88488  5.92%  60.7 2215s
 1298753 1000519   18.86453   67   35   17.82864   18.88329  5.92%  60.7 2222s
 1302379 1003164     cutoff   68        17.82864   18.88247  5.91%  60.7 2228s
 1306090 1006109   18.88173   64   26   17.82864   18.88173  5.91%  60.7 2235s
 1310076 1009054   18.82247   61   40   17.82864   18.88120  5.90%  60.7 2241s
 1314077 1011814   18.30695   74   31   17.82864   18.88009  5.90%  60.7 2249s
 1317892 1014642     cutoff   72        17.82864   18.87855  5.89%  60.6 2255s
 1321764 1017275   18.11176   61   39   17.82864   18.87829  5.89%  60.6 2261s
 1325460 1020111   18.84578   76   25   17.82864   18.87661  5.88%  60.6 2269s
 1329336 1022925     cutoff   61        17.82864   18.87644  5.88%  60.6 2275s
 1333134 1025799   18.82121   68   29   17.82864   18.87529  5.87%  60.6 2282s
 1337044 1028795   18.86165   61   34   17.82864   18.87413  5.86%  60.5 2289s
 1340914 1031409   18.85494   72   27   17.82864   18.87290  5.86%  60.5 2296s
 1344560 1034149   18.78618   79   23   17.82864   18.87260  5.86%  60.5 2304s
 1348304 1037080   18.35998   63   34   17.82864   18.87194  5.85%  60.5 2310s
 1352264 1037104   18.71816   77   31   17.82864   18.87079  5.85%  60.5 2319s
 1352304 1037127   18.87079   70   25   17.82864   18.87079  5.85%  60.5 2324s
 1352344 1037165   18.87079   71   30   17.82864   18.87079  5.85%  60.5 2328s
H1352397 1034721                      17.8400239   18.87079  5.78%  60.5 2329s
 1352400 1037724   18.83523   72   27   17.84002   18.87079  5.78%  60.5 2337s
 1356277 1040569   18.85179   63   27   17.84002   18.87005  5.77%  60.5 2343s
 1360283 1043787   18.60182   72   33   17.84002   18.86915  5.77%  60.4 2350s
 1364681 1046208   18.86564   61   41   17.84002   18.86804  5.76%  60.4 2357s
 1368100 1049087   18.40981   73   30   17.84002   18.86689  5.76%  60.4 2365s
 1372105 1052027   18.83145   65   37   17.84002   18.86612  5.75%  60.4 2371s
 1376044 1054632   18.86573   66   25   17.84002   18.86573  5.75%  60.4 2378s
 1379651 1057622     cutoff   84        17.84002   18.86467  5.74%  60.3 2385s
 1383772 1060383     cutoff   65        17.84002   18.86372  5.74%  60.3 2391s
 1387673 1063151   18.28432   69   19   17.84002   18.86322  5.74%  60.3 2398s
 1391558 1065693     cutoff   90        17.84002   18.86153  5.73%  60.3 2404s
 1395089 1068611   18.85850   67   40   17.84002   18.86082  5.72%  60.2 2411s
 1399122 1071400     cutoff   60        17.84002   18.85984  5.72%  60.2 2418s
 1402985 1073974   18.37119   75   26   17.84002   18.85931  5.71%  60.2 2425s
 1406602 1076832     cutoff   65        17.84002   18.85831  5.71%  60.2 2432s
 1410406 1079857   18.85709   67   24   17.84002   18.85709  5.70%  60.1 2439s
 1414545 1082683     cutoff   61        17.84002   18.85709  5.70%  60.1 2447s
 1418411 1085438   18.84940   68   38   17.84002   18.85627  5.70%  60.1 2455s
 1422186 1088436   18.83202   72   25   17.84002   18.85541  5.69%  60.1 2462s
 1426327 1091237     cutoff   61        17.84002   18.85463  5.69%  60.1 2470s
 1430261 1093900   18.79714   84   22   17.84002   18.85334  5.68%  60.1 2477s
 1433942 1096542     cutoff   68        17.84002   18.85215  5.67%  60.0 2485s
 1437653 1099550   18.70865   86   18   17.84002   18.85124  5.67%  60.0 2492s
 1441787 1102620     cutoff   78        17.84002   18.85060  5.66%  60.0 2498s
 1445988 1105545   18.42979   67   31   17.84002   18.84939  5.66%  60.0 2505s
 1450040 1108273   18.84840   70   33   17.84002   18.84856  5.65%  60.0 2512s
 1453828 1111365   18.48687   51   23   17.84002   18.84766  5.65%  59.9 2519s
 1458116 1113983   18.48200   55   21   17.84002   18.84714  5.65%  59.9 2527s
 1461781 1116943   18.71152   64   21   17.84002   18.84582  5.64%  59.9 2534s
 1465787 1119548   18.48538   64   33   17.84002   18.84538  5.64%  59.9 2541s
 1469247 1119571   18.61978   67   23   17.84002   18.84447  5.63%  59.8 2547s
 1469288 1119597     cutoff   65        17.84002   18.84432  5.63%  59.8 2551s
 1469326 1119619   18.84432   59   33   17.84002   18.84432  5.63%  59.8 2557s
H1469342 1117727                      17.8471571   18.84432  5.59%  59.8 2558s
 1469366 1120736   18.84432   60   24   17.84716   18.84432  5.59%  59.8 2565s
 1473487 1123348   18.10007   64   25   17.84716   18.84432  5.59%  59.8 2572s
 1477030 1126618     cutoff   67        17.84716   18.84323  5.58%  59.8 2581s
 1481481 1129600   18.58342   66   38   17.84716   18.84237  5.58%  59.8 2589s
 1485608 1132705   18.74965   77   22   17.84716   18.84141  5.57%  59.8 2596s
 1489771 1135573   18.62033   64   26   17.84716   18.84082  5.57%  59.7 2603s
 1493628 1138520   18.76576   85   21   17.84716   18.84001  5.56%  59.7 2611s
 1497693 1141427     cutoff   63        17.84716   18.83919  5.56%  59.7 2617s
 1501662 1143821     cutoff   59        17.84716   18.83876  5.56%  59.7 2625s
 1504940 1146764   18.83758   63   26   17.84716   18.83758  5.55%  59.7 2632s
 1508990 1149513   18.77467   69   31   17.84716   18.83650  5.54%  59.6 2640s
 1512544 1152487   18.83616   59   29   17.84716   18.83616  5.54%  59.6 2647s
 1516563 1155249     cutoff   54        17.84716   18.83574  5.54%  59.6 2653s
 1520474 1158215   18.78339   66   29   17.84716   18.83463  5.53%  59.6 2660s
 1524515 1160819     cutoff   70        17.84716   18.83380  5.53%  59.6 2667s
 1528074 1163679   18.83318   62   22   17.84716   18.83318  5.52%  59.6 2674s
 1531986 1166695   18.83306   56   26   17.84716   18.83306  5.52%  59.6 2682s
 1536163 1169444   18.81980   73   30   17.84716   18.83210  5.52%  59.6 2689s
 1540003 1172540   18.71461   70   34   17.84716   18.83108  5.51%  59.5 2697s
 1544349 1175570   18.82589   65   35   17.84716   18.83045  5.51%  59.5 2704s
 1548440 1178329   18.37954   65   30   17.84716   18.82965  5.51%  59.5 2710s
 1552261 1181237   18.77550   63   34   17.84716   18.82852  5.50%  59.5 2718s
 1556343 1183851   18.77076   74   23   17.84716   18.82814  5.50%  59.4 2724s
 1559826 1186768   18.76676   63   29   17.84716   18.82746  5.49%  59.4 2733s
 1563811 1189975   18.68384   70   26   17.84716   18.82668  5.49%  59.4 2740s
 1568074 1192524     cutoff   82        17.84716   18.82587  5.48%  59.4 2747s
 1571611 1195724   18.17359   88   17   17.84716   18.82550  5.48%  59.4 2756s
 1576046 1198640     cutoff   67        17.84716   18.82421  5.47%  59.3 2763s
 1580017 1201811   18.82349   60   27   17.84716   18.82349  5.47%  59.3 2770s
 1584292 1204696   18.81693   69   23   17.84716   18.82282  5.47%  59.3 2778s
 1588229 1207247     cutoff   72        17.84716   18.82186  5.46%  59.3 2785s
 1591753 1209934     cutoff   61        17.84716   18.82150  5.46%  59.3 2792s
 1595476 1213089   18.51886   34   32   17.84716   18.82086  5.46%  59.2 2799s
 1599817 1216288   18.75126   65   21   17.84716   18.81988  5.45%  59.2 2805s
 1604123 1216312   18.81896   58   24   17.84716   18.81896  5.45%  59.2 2813s
 1604163 1216336   18.81896   65   21   17.84716   18.81896  5.45%  59.2 2817s
 1604203 1216566   18.81896   66   25   17.84716   18.81896  5.45%  59.2 2822s
 1604522 1218704   18.81896   67   20   17.84716   18.81896  5.45%  59.2 2829s
 1607498 1221923   18.81883   59   29   17.84716   18.81883  5.44%  59.2 2837s
 1611874 1225102     cutoff   72        17.84716   18.81804  5.44%  59.2 2846s
 1616318 1228137     cutoff   24        17.84716   18.81768  5.44%  59.2 2853s
 1620545 1231028   18.81637   67   21   17.84716   18.81637  5.43%  59.2 2860s
 1624530 1233731   18.81322   77   23   17.84716   18.81571  5.43%  59.1 2867s
 1628127 1236356   17.93621   66   24   17.84716   18.81558  5.43%  59.1 2875s
 1631761 1239150   18.73588   68   37   17.84716   18.81444  5.42%  59.1 2883s
 1635696 1241994   18.75790   68   28   17.84716   18.81364  5.42%  59.1 2891s
 1639798 1244969   18.77891   85   18   17.84716   18.81264  5.41%  59.1 2898s
 1643925 1247639   17.89946   78   21   17.84716   18.81178  5.40%  59.1 2904s
 1647533 1250682   18.65426   63   41   17.84716   18.81139  5.40%  59.0 2911s
 1651752 1253369   17.96753   59   30   17.84716   18.81081  5.40%  59.0 2918s
 1655473 1255994     cutoff   56        17.84716   18.81011  5.40%  59.0 2925s
 1659122 1258910   18.74965   62   35   17.84716   18.80975  5.39%  59.0 2932s
 1663266 1261972   18.53118   67   24   17.84716   18.80891  5.39%  59.0 2939s
 1667466 1264817   18.43617   73   32   17.84716   18.80843  5.39%  59.0 2946s
 1671305 1267853     cutoff   68        17.84716   18.80754  5.38%  58.9 2955s
 1675588 1270699   18.50469   85   26   17.84716   18.80708  5.38%  58.9 2963s
 1679522 1273417   18.55511   70   27   17.84716   18.80629  5.37%  58.9 2970s
 1683303 1275986   18.80457   61   33   17.84716   18.80586  5.37%  58.9 2978s
 1686806 1279265   18.70577   63   30   17.84716   18.80508  5.37%  58.9 2986s
 1691258 1281953   18.58816   76   21   17.84716   18.80464  5.36%  58.8 2994s
 1694888 1284981   18.72936   75   33   17.84716   18.80363  5.36%  58.8 3003s
 1698991 1287911     cutoff   78        17.84716   18.80313  5.36%  58.8 3011s
 1703037 1290778     cutoff   64        17.84716   18.80293  5.36%  58.8 3019s
 1706935 1293282   18.63634   79   29   17.84716   18.80204  5.35%  58.8 3026s
 1710431 1296339   18.75199   73   29   17.84716   18.80177  5.35%  58.8 3034s
 1714801 1298722     cutoff   62        17.84716   18.80066  5.34%  58.7 3042s
 1718083 1301862   18.62362   66   29   17.84716   18.80042  5.34%  58.7 3051s
 1722634 1305049   18.61168   75   27   17.84716   18.79935  5.34%  58.7 3059s
 1726986 1307982     cutoff   69        17.84716   18.79900  5.33%  58.7 3065s
 1731079 1311006   18.19093   68   30   17.84716   18.79858  5.33%  58.7 3073s
 1735247 1313688   18.79734   62   21   17.84716   18.79734  5.32%  58.6 3080s
 1738889 1316672   18.68252   65   32   17.84716   18.79691  5.32%  58.6 3088s
 1742995 1319329   18.72874   64   23   17.84716   18.79611  5.32%  58.6 3095s
 1746683 1321947   18.75317   61   28   17.84716   18.79596  5.32%  58.6 3103s
 1750389 1324799   18.19630   83   23   17.84716   18.79503  5.31%  58.6 3110s
 1754416 1327239   18.78719   73   32   17.84716   18.79487  5.31%  58.5 3119s
 1757804 1330176     cutoff   64        17.84716   18.79402  5.31%  58.5 3127s
 1761966 1332916   18.46145   65   37   17.84716   18.79360  5.30%  58.5 3135s
 1765801 1336187   18.61383   78   18   17.84716   18.79275  5.30%  58.5 3143s
 1770245 1339009   18.47087   79   27   17.84716   18.79205  5.29%  58.5 3152s
 1774241 1341710   18.79143   58   25   17.84716   18.79143  5.29%  58.5 3160s
 1778139 1344346     cutoff   72        17.84716   18.79123  5.29%  58.4 3168s
 1781812 1347324   18.74504   73   26   17.84716   18.79043  5.29%  58.4 3175s
 1785992 1350086   18.72724   74   26   17.84716   18.78992  5.28%  58.4 3183s
 1789808 1352979   18.17265   74   32   17.84716   18.78920  5.28%  58.4 3191s
 1793814 1355415   18.61341   67   31   17.84716   18.78859  5.27%  58.4 3199s
 1797190 1358600   18.08725   61   39   17.84716   18.78793  5.27%  58.4 3207s
 1801497 1361609   18.78620   68   31   17.84716   18.78746  5.27%  58.3 3214s
 1805663 1364552   18.72105   65   35   17.84716   18.78694  5.27%  58.3 3222s
 1809894 1367179     cutoff   76        17.84716   18.78608  5.26%  58.3 3231s
 1813497 1370093     cutoff   67        17.84716   18.78580  5.26%  58.3 3239s
 1817685 1372557   18.77302   65   36   17.84716   18.78545  5.26%  58.3 3247s
 1821066 1375567   18.64961   70   21   17.84716   18.78440  5.25%  58.2 3255s
 1825224 1378583   18.77300   65   32   17.84716   18.78428  5.25%  58.2 3264s
 1829448 1381189     cutoff   81        17.84716   18.78318  5.24%  58.2 3271s
 1833022 1384096   18.78296   70   22   17.84716   18.78296  5.24%  58.2 3280s
 1837071 1387095   18.73059   66   28   17.84716   18.78226  5.24%  58.2 3288s
 1841142 1389703   18.77440   69   35   17.84716   18.78191  5.24%  58.2 3297s
 1844787 1392315   18.61851   68   28   17.84716   18.78106  5.23%  58.2 3305s
 1848411 1395256   18.78055   63   19   17.84716   18.78055  5.23%  58.1 3314s
 1852569 1398248   18.76678   78   23   17.84716   18.77995  5.23%  58.1 3321s
 1856593 1401177     cutoff   66        17.84716   18.77927  5.22%  58.1 3330s
 1860668 1404093   18.58128   62   43   17.84716   18.77914  5.22%  58.1 3338s
 1864780 1407130   18.77823   60   24   17.84716   18.77823  5.22%  58.1 3346s
 1868912 1409899   18.21365   59   22   17.84716   18.77785  5.21%  58.1 3354s
 1872766 1412380     cutoff   70        17.84716   18.77698  5.21%  58.1 3363s
 1876240 1415126   18.60140   77   17   17.84716   18.77651  5.21%  58.1 3371s
 1879981 1418135     cutoff   67        17.84716   18.77637  5.21%  58.1 3379s
 1884272 1421197   18.64819   69   40   17.84716   18.77568  5.20%  58.0 3387s
 1888535 1424016   18.38025   77   26   17.84716   18.77489  5.20%  58.0 3396s
 1892527 1427065   18.32337   78   26   17.84716   18.77437  5.20%  58.0 3403s
 1896744 1429517   18.66506   87   23   17.84716   18.77393  5.19%  58.0 3413s
 1900097 1432604     cutoff   65        17.84716   18.77337  5.19%  58.0 3421s
 1904339 1435180     cutoff   54        17.84716   18.77295  5.19%  58.0 3428s
 1907889 1438027     cutoff   63        17.84716   18.77291  5.19%  58.0 3436s
 1911921 1440937     cutoff   55        17.84716   18.77210  5.18%  58.0 3444s
 1915944 1443595     cutoff   61        17.84716   18.77129  5.18%  58.0 3452s
 1919626 1446545   17.92908   57   23   17.84716   18.77065  5.17%  57.9 3461s
 1923880 1449299   18.37048   74   28   17.84716   18.76992  5.17%  57.9 3470s
 1927682 1452207     cutoff   63        17.84716   18.76938  5.17%  57.9 3478s
 1931820 1455193   18.74097   72   29   17.84716   18.76867  5.16%  57.9 3485s
 1936009 1457608   18.52818   75   34   17.84716   18.76825  5.16%  57.9 3494s
 1939418 1460755   18.71293   72   25   17.84716   18.76768  5.16%  57.9 3503s
 1943847 1463603   18.76238   82   20   17.84716   18.76719  5.16%  57.8 3510s
 1947939 1466301     cutoff   59        17.84716   18.76683  5.15%  57.8 3518s
 1951621 1469022   18.76668   64   29   17.84716   18.76668  5.15%  57.8 3525s
 1955406 1472071   18.76609   67   22   17.84716   18.76609  5.15%  57.8 3534s
 1959660 1474646   17.95508   60   24   17.84716   18.76551  5.15%  57.8 3541s
 1963329 1477579   18.76503   68   24   17.84716   18.76503  5.14%  57.8 3550s
 1967486 1480171   18.20817   83   22   17.84716   18.76451  5.14%  57.8 3556s
 1971133 1483281     cutoff   68        17.84716   18.76400  5.14%  57.8 3563s
 1975352 1485870   18.57298   86   25   17.84716   18.76351  5.13%  57.8 3570s
 1978957 1488913     cutoff   61        17.84716   18.76310  5.13%  57.7 3577s
 1983154 1491346   18.76253   64   26   17.84716   18.76253  5.13%  57.7 3584s
 1986599 1494410   17.96045   66   37   17.84716   18.76184  5.13%  57.7 3590s
 1990837 1497326     cutoff   56        17.84716   18.76157  5.12%  57.7 3595s
 1994958 1499646   18.72773   59   31   17.84716   18.76157  5.12%  57.7 3600s

Cutting planes:
  Projected implied bound: 112
  MIR: 1764
  Flow cover: 86
  RLT: 188
  Relax-and-lift: 4

Explored 1998139 nodes (115267543 simplex iterations) in 3600.06 seconds (3085.16 work units)
Thread count was 32 (of 255 available processors)

Solution count 10: 17.8472 17.84 17.8286 ... 17.4059

Time limit reached
Best objective 1.784715710810e+01, best bound 1.876130105301e+01, gap 5.1221%

User-callback calls 4224105, time in user-callback 0.96 sec
source: 0 target: 7 model_arch: 3x50 perturbation type: translation perturbation size: [0, 1.0, 1.0] dataset: mnist
Attack:   0%|          | 0/500 [00:00<?, ?it/s]Attack:   0%|          | 1/500 [00:00<00:57,  8.73it/s]Attack:   8%|▊         | 39/500 [00:00<00:02, 213.03it/s]Attack:  16%|█▌        | 80/500 [00:00<00:01, 299.49it/s]Attack:  24%|██▍       | 122/500 [00:00<00:01, 343.38it/s]Attack:  32%|███▏      | 160/500 [00:00<00:00, 355.34it/s]Attack:  40%|███▉      | 198/500 [00:00<00:00, 361.95it/s]Attack:  47%|████▋     | 237/500 [00:00<00:00, 367.98it/s]Attack:  55%|█████▌    | 276/500 [00:00<00:00, 372.21it/s]Attack:  63%|██████▎   | 315/500 [00:00<00:00, 375.03it/s]Attack:  71%|███████   | 353/500 [00:01<00:00, 375.39it/s]Attack:  78%|███████▊  | 391/500 [00:01<00:00, 375.15it/s]Attack:  86%|████████▌ | 429/500 [00:01<00:00, 370.56it/s]Attack:  93%|█████████▎| 467/500 [00:01<00:00, 372.00it/s]Attack: 100%|█████████▉| 499/500 [00:01<00:00, 350.30it/s]
best_val 14.05788803100586
Set parameter WLSAccessID
Set parameter WLSSecret
Set parameter LicenseID to value 2478548
Academic license 2478548 - for non-commercial use only - registered to ne___@campus.technion.ac.il
Encoding the two copies...
Encoding dependencies (activation_start=1, layers_offset=2)...
Adding perturbed interval constraints...
17.847157108097072  18.76130105300617  3600.0831530094147
paper_experiments/mnist/3x50_exp/translation/eps_1,1/N1stdBoost_3x50_19/
Clean sample classification: 1
Perturbed sample classification: 7
compute_n2_relax_decision!: no shape source available (relu_diff_up_bounds and n2_abs_up_bounds both empty) — skipping decision precompute
[notice | Main.MIPVerify]: Determining upper and lower bounds for the input to each non-linear unit.
Set parameter WLSAccessID
Set parameter WLSSecret
Set parameter LicenseID to value 2478548
Academic license 2478548 - for non-commercial use only - registered to ne___@campus.technion.ac.il
Set parameter TimeLimit to value 5
Set parameter WLSAccessID
Set parameter WLSSecret
Set parameter LicenseID to value 2478548
Academic license 2478548 - for non-commercial use only - registered to ne___@campus.technion.ac.il
Set parameter MIPFocus to value 3
Set parameter Cutoff to value 1.4057888031005859e+01
Set parameter Threads to value 32
Set parameter TimeLimit to value 3600
Set parameter MIPGap to value 0.01
Set parameter Seed to value 4
Set parameter Seed to value 4
Set parameter MIPGap to value 0.01
Set parameter MIPFocus to value 3
Set parameter Cutoff to value 1.4057888031005859e+01
Set parameter Threads to value 32
Set parameter TimeLimit to value 3600
Warning for adding constraints: zero or small (< 1e-13) coefficients, ignored
Gurobi Optimizer version 13.0.0 build v13.0.0rc1 (linux64 - "Ubuntu 20.04.2 LTS")

CPU model: AMD EPYC 7713 64-Core Processor, instruction set [SSE2|AVX|AVX2]
Thread count: 127 physical cores, 255 logical processors, using up to 32 threads

Non-default parameters:
Cutoff  1.4057888031005859e+01
TimeLimit  3600
MIPGap  0.01
MIPFocus  3
Seed  4
Threads  32

Academic license 2478548 - for non-commercial use only - registered to ne___@campus.technion.ac.il
Optimize a model with 1658 rows, 1912 columns and 126893 nonzeros (Max)
Model fingerprint: 0xdf2bb152
Model has 1 linear objective coefficients
Variable types: 1741 continuous, 171 integer (171 binary)
Coefficient statistics:
  Matrix range     [3e-13, 3e+01]
  Objective range  [1e+00, 1e+00]
  Bounds range     [6e-09, 3e+01]
  RHS range        [4e-13, 1e+02]

User MIP start did not produce a new incumbent solution
Processed MIP start in 3.25 seconds (4.32 work units)

Presolve removed 1130 rows and 789 columns
Presolve time: 0.11s
Presolved: 528 rows, 1123 columns, 119731 nonzeros
Variable types: 955 continuous, 168 integer (168 binary)
Root relaxation presolve removed 167 rows and 166 columns
Root relaxation presolved: 361 rows, 958 columns, 119210 nonzeros


Root relaxation: objective 3.834429e+01, 348 iterations, 0.07 seconds (0.09 work units)
Another try with MIP start

    Nodes    |    Current Node    |     Objective Bounds      |     Work
 Expl Unexpl |  Obj  Depth IntInf | Incumbent    BestBd   Gap | It/Node Time

     0     0   38.34429    0   44          -   38.34429      -     -    7s
     0     0   32.16925    0   45          -   32.16925      -     -    8s
     0     0   32.16925    0   45          -   32.16925      -     -    8s
     0     0   31.83800    0   53          -   31.83800      -     -    8s
     0     0   31.83431    0   58          -   31.83431      -     -    8s
     0     0   31.83431    0   56          -   31.83431      -     -    8s
     0     0   31.59191    0   57          -   31.59191      -     -    8s
     0     0   31.59191    0   58          -   31.59191      -     -    8s
     0     0   31.59191    0   58          -   31.59191      -     -    8s
     0     0   31.52906    0   57          -   31.52906      -     -    8s
     0     0   31.43045    0   58          -   31.43045      -     -    8s
     0     0   31.43045    0   56          -   31.43045      -     -    8s
     0     0   31.41978    0   56          -   31.41978      -     -    8s
     0     0   31.41978    0   47          -   31.41978      -     -    9s
     0     0   31.03793    0   45          -   31.03793      -     -    9s
     0     0   31.03793    0   45          -   31.03793      -     -    9s
     0     0   30.74791    0   45          -   30.74791      -     -   10s
     0     0   30.74791    0   45          -   30.74791      -     -   10s
     0     0   30.47335    0   45          -   30.47335      -     -   10s
     0     0   30.47335    0   47          -   30.47335      -     -   10s
     0     0   30.43041    0   54          -   30.43041      -     -   11s
     0     0   30.43041    0   46          -   30.43041      -     -   11s
     0     0   30.38157    0   46          -   30.38157      -     -   11s
     0     0   30.38157    0   46          -   30.38157      -     -   11s
     0     0   30.35305    0   45          -   30.35305      -     -   11s
     0     0   30.35305    0   45          -   30.35305      -     -   12s
     0     0   30.11890    0   45          -   30.11890      -     -   12s
     0     0   30.11890    0   45          -   30.11890      -     -   13s
     0     2   30.11890    0   45          -   30.11890      -     -   13s
    31    64   29.77889    5   48          -   30.11890      -   932   15s
   489   485   22.26742    7   45          -   25.72207      -   774   20s
  1255  1212   24.01483   13   43          -   24.26282      -   710   25s
  3008  2722   20.95295    9   37          -   23.61044      -   473   30s
  3491  2998   23.27695   13   45          -   23.52628      -   441   48s
  3493  2999   18.63360   15   43          -   23.52628      -   441   50s
  3505  3007   23.03546   11   47          -   23.52628      -   439   56s
  3537  3062   23.52628   17   47          -   23.52628      -   445   60s
  3797  3245   23.52628   22   40          -   23.52628      -   460   65s
  4153  3481   22.61890   23   38          -   23.52628      -   476   70s
  4604  3773   22.55363   22   39          -   23.50468      -   483   75s
  4776  3807   22.13897   24   40          -   23.27303      -   485   80s
  5272  4200   22.02985   23   46          -   22.97690      -   481   85s
  6706  5014   22.30786   22   43          -   22.48742      -   439   90s
  8754  6285     cutoff   28               -   22.15611      -   380   96s
 10906  7587   20.85943   32   39          -   21.94469      -   335  100s
 15025 11050   19.97578   25   38          -   21.67666      -   275  106s
 20150 15242   21.33006   30   42          -   21.45895      -   227  110s
 22771 16734   18.38917   28   40          -   21.36791      -   211  116s
 22845 16789   21.14639   38   26          -   21.29692      -   213  122s
 22880 16821   18.04318   28   43          -   21.26464      -   214  128s
 22912 16890   18.76833   28   37          -   21.23560      -   215  132s
H22991 15459                      14.7237323   21.20900  44.0%   216  132s
 23161 15862   17.27264   25   39   14.72373   21.16690  43.8%   218  135s
 24069 16574   17.55113   29   43   14.72373   20.88472  41.8%   226  140s
 25131 17434   19.49212   26   42   14.72373   20.58918  39.8%   235  146s
 25944 18333   17.29996   26   40   14.72373   20.40163  38.6%   241  151s
 27155 19512     cutoff   27        14.72373   20.16907  37.0%   244  156s
 28977 23945   15.54083   35   21   14.72373   19.93152  35.4%   243  163s
 34388 27052   19.68197   61   28   14.72373   19.85694  34.9%   217  166s
 38708 29769   19.59818   67   26   14.72373   19.81537  34.6%   199  174s
 38740 29801   19.80555   64   21   14.72373   19.80555  34.5%   199  176s
 38806 29861   19.80555   66   23   14.72373   19.80555  34.5%   199  181s
 38840 29891   19.79493   67   30   14.72373   19.80555  34.5%   199  185s
H38842 29690                      14.8007621   19.79728  33.8%   199  185s
H38862 29192                      14.9641796   19.79124  32.3%   199  185s
H39440 28957                      15.3421021   19.78779  29.0%   197  187s
 41767 30750   19.73540   64   29   15.34210   19.76747  28.8%   190  194s
 41804 30776   19.64765   49   35   15.34210   19.74658  28.7%   190  197s
 41842 30804   19.74658   50   16   15.34210   19.74658  28.7%   190  201s
 41911 31002   19.74658   52   18   15.34210   19.74658  28.7%   190  207s
H42010 30208                      15.5303628   19.74658  27.1%   190  207s
 42098 32141   19.74658   53   15   15.53036   19.74658  27.1%   190  210s
 47072 37384   19.73477   57   28   15.53036   19.74658  27.1%   176  215s
H50589 38372                      15.8317393   19.70826  24.5%   167  218s
H51540 37968                      15.9252125   19.70826  23.8%   165  218s
 51912 40458   19.49800   66   29   15.92521   19.70826  23.8%   165  221s
 57433 45986   19.60336   55   26   15.92521   19.67984  23.6%   154  226s
 60307 53758   19.58610   62   31   15.92521   19.67915  23.6%   149  234s
 68470 56407   19.54966   66   31   15.92521   19.67689  23.6%   138  237s
 71203 59513   19.63683   66   29   15.92521   19.67418  23.5%   135  240s
 77358 65248   19.61068   58   38   15.92521   19.64227  23.3%   129  246s
 80429 68870   19.63721   57   23   15.92521   19.63721  23.3%   126  250s
 87885 76032   19.42646   75   23   15.92521   19.62388  23.2%   120  257s
 91635 83033   19.45049   62   24   15.92521   19.62017  23.2%   117  267s
 98962 87224   19.14600   40   28   15.92521   19.59991  23.1%   112  271s
 103380 91051   19.58780   62   27   15.92521   19.58780  23.0%   110  275s
 110873 98217   19.19303   63   32   15.92521   19.56827  22.9%   106  283s
 114881 102063   19.25112   73   28   15.92521   19.56049  22.8%   104  287s
 118982 105758   19.16913   73   28   15.92521   19.55506  22.8%   102  291s
 122838 112791   19.17851   61   40   15.92521   19.55332  22.8%   101  298s
 130179 116476   19.44029   64   32   15.92521   19.54766  22.7%  98.0  302s
 134076 120046   18.86111   64   18   15.92521   19.53368  22.7%  96.6  305s
H140521 117418                      16.7032496   19.52859  16.9%  94.9  309s
H140524 116643                      16.7973929   19.52859  16.3%  94.9  309s
 140854 120167   19.28563   66   27   16.79739   19.52645  16.2%  94.8  313s
 144846 123304   18.49383   60   18   16.79739   19.51953  16.2%  93.6  317s
 148368 126260   19.34043   63   33   16.79739   19.51937  16.2%  92.8  322s
 151727 131478   19.50624   64   31   16.79739   19.51823  16.2%  92.0  329s
 157669 134930   19.50764   57   24   16.79739   19.50764  16.1%  90.7  333s
 161492 138360   19.42587   65   30   16.79739   19.49803  16.1%  89.9  336s
 165396 141588   19.44826   65   34   16.79739   19.49549  16.1%  89.1  341s
 169042 144922   19.48782   65   32   16.79739   19.49122  16.0%  88.5  345s
 172923 148127   19.19971   66   30   16.79739   19.48141  16.0%  87.7  350s
 176642 151724   19.11895   72   27   16.79739   19.47893  16.0%  86.9  355s
 180709 156452   19.47266   62   21   16.79739   19.47266  15.9%  86.1  362s
 186049 159546   19.06241   63   34   16.79739   19.46857  15.9%  85.1  367s
 189633 163408   19.28979   69   26   16.79739   19.46790  15.9%  84.6  372s
 193884 166832   19.45764   61   27   16.79739   19.45764  15.8%  83.9  377s
 197729 170534   19.44673   63   26   16.79739   19.45088  15.8%  83.3  382s
 201750 173586   19.44754   63   21   16.79739   19.44754  15.8%  82.7  386s
 205141 177089   18.86107   64   32   16.79739   19.44461  15.8%  82.3  391s
 209042 177120   19.28237   42   23   16.79739   19.43797  15.7%  81.8  399s
 209075 177147   19.40393   64   31   16.79739   19.43759  15.7%  81.8  403s
 209112 177177   19.43229   67   28   16.79739   19.43759  15.7%  81.8  407s
 209145 177407   19.39783   68   26   16.79739   19.43759  15.7%  81.9  411s
 209399 178763   18.49827   63   36   16.79739   19.43722  15.7%  81.8  416s
 210871 183867   19.42613   58   37   16.79739   19.43675  15.7%  81.7  423s
 216509 185720   19.43635   59   26   16.79739   19.43635  15.7%  81.0  426s
 218607 189146   18.45848   66   16   16.79739   19.43132  15.7%  80.8  432s
 222439 192976     cutoff   67        16.79739   19.43011  15.7%  80.4  436s
 226719 196870   19.32196   69   31   16.79739   19.42579  15.6%  79.9  441s
 231005 200386   17.48327   56   32   16.79739   19.42021  15.6%  79.5  446s
 234949 203281   18.95952   72   27   16.79739   19.41788  15.6%  79.1  450s
 238208 206867   19.41377   60   23   16.79739   19.41377  15.6%  78.7  455s
 242247 211700   19.40606   63   26   16.79739   19.40880  15.5%  78.3  463s
 247753 215041   19.11832   62   32   16.79739   19.40445  15.5%  77.6  467s
 251349 218477   19.39872   61   27   16.79739   19.39872  15.5%  77.3  472s
 255135 221888   17.74842   58   37   16.79739   19.39601  15.5%  77.0  477s
 258970 224819   19.16007   63   33   16.79739   19.38743  15.4%  76.6  482s
 262298 228133   19.23866   68   30   16.79739   19.38628  15.4%  76.3  487s
 266004 231129   19.37580   68   30   16.79739   19.38310  15.4%  76.1  491s
 269304 234665   19.28831   60   36   16.79739   19.38076  15.4%  75.9  497s
 273250 238737   18.74253   68   19   16.79739   19.37558  15.3%  75.6  504s
 277791 242343   19.33377   60   31   16.79739   19.37284  15.3%  75.3  509s
 281842 245998   19.17164   62   32   16.79739   19.36914  15.3%  75.1  514s
 285913 249394   19.35658   61   34   16.79739   19.36589  15.3%  74.8  518s
 289696 252898   19.29668   63   28   16.79739   19.36343  15.3%  74.5  523s
 293675 256253   19.31480   64   30   16.79739   19.35991  15.3%  74.3  528s
 297418 259263   19.32686   68   28   16.79739   19.35553  15.2%  74.0  533s
 300811 262704   19.22214   60   36   16.79739   19.35218  15.2%  73.8  538s
 304720 266626   19.01247   54   19   16.79739   19.34945  15.2%  73.5  546s
 309173 270150   19.12569   66   25   16.79739   19.34463  15.2%  73.3  551s
 313136 273701   19.14803   69   25   16.79739   19.33876  15.1%  73.1  556s
 317126 276940   19.33619   59   23   16.79739   19.33619  15.1%  72.8  561s
 320737 280556   17.99505   65   23   16.79739   19.33249  15.1%  72.6  567s
 324694 284272   18.77454   69   31   16.79739   19.33144  15.1%  72.3  573s
 328818 287627   19.32521   58   26   16.79739   19.32521  15.0%  72.1  578s
 332653 289989   19.32509   65   22   16.79739   19.32509  15.0%  71.9  583s
 335324 294439   19.24353   64   23   16.79739   19.32175  15.0%  71.7  590s
 340296 297730   19.30537   73   26   16.79739   19.31932  15.0%  71.5  595s
 343961 301026   17.06808   61   28   16.79739   19.31378  15.0%  71.2  600s
 347649 304274     cutoff   61        16.79739   19.31224  15.0%  71.1  605s
 355114 311016   19.15779   37   23   16.79739   19.30507  14.9%  70.7  614s
 358767 314100   19.26644   63   25   16.79739   19.30439  14.9%  70.6  619s
 362167 317472   19.23434   61   28   16.79739   19.29921  14.9%  70.4  624s
 365971 321134   19.08796   63   32   16.79739   19.29648  14.9%  70.2  630s
 370105 325033   18.89848   62   31   16.79739   19.29379  14.9%  70.1  635s
 374362 328577   19.14362   62   27   16.79739   19.29200  14.9%  69.9  640s
 378317 331994   19.26533   62   29   16.79739   19.29049  14.8%  69.7  646s
 382075 335270     cutoff   55        16.79739   19.28719  14.8%  69.6  651s
H385740 336630                      16.8024945   19.28390  14.8%  69.5  655s
H386465 336524                      16.8085080   19.28384  14.7%  69.5  655s
H386466 336422                      16.8146515   19.28384  14.7%  69.5  655s
 391310 343460   19.07397   64   29   16.81465   19.28139  14.7%  69.3  664s
 395068 347598   19.24553   65   22   16.81465   19.27970  14.7%  69.2  669s
 399668 350616   19.21771   65   33   16.81465   19.27686  14.6%  69.1  674s
 403042 354035   19.11112   61   30   16.81465   19.27523  14.6%  69.0  679s
 406859 357539   19.27451   71   19   16.81465   19.27451  14.6%  68.8  684s
 410804 361091   18.43365   58   18   16.81465   19.27013  14.6%  68.7  688s
 414743 363574   18.61270   64   29   16.81465   19.26819  14.6%  68.6  693s
 417494 367140   19.26648   64   22   16.81465   19.26648  14.6%  68.5  699s
 421431 370599   19.11839   69   27   16.81465   19.26556  14.6%  68.4  704s
 425242 374222   18.35480   66   21   16.81465   19.26119  14.6%  68.3  711s
 429244 377959   18.94041   72   30   16.81465   19.26119  14.6%  68.1  716s
 433339 381362   18.46897   59   21   16.81465   19.25742  14.5%  68.0  720s
 437195 384818     cutoff   68        16.81465   19.25478  14.5%  67.9  726s
 441131 388195   19.25122   68   21   16.81465   19.25122  14.5%  67.8  730s
 444792 391628     cutoff   65        16.81465   19.25122  14.5%  67.8  735s
 448606 394505   19.24912   70   21   16.81465   19.24912  14.5%  67.7  740s
 451747 398240   19.22554   63   24   16.81465   19.24581  14.5%  67.6  745s
 455816 402152   19.24254   65   28   16.81465   19.24490  14.5%  67.5  752s
 460168 405519   19.24165   64   20   16.81465   19.24165  14.4%  67.4  756s
 463968 408726     cutoff   58        16.81465   19.24165  14.4%  67.3  762s
 467542 412272   19.23796   64   26   16.81465   19.23796  14.4%  67.2  766s
 471412 415570   19.23503   59   25   16.81465   19.23503  14.4%  67.1  771s
 475022 418551   19.22138   72   29   16.81465   19.23497  14.4%  67.0  775s
 478395 422031   18.99725   59   29   16.81465   19.23411  14.4%  66.9  780s
 482222 425240   16.84076   64   28   16.81465   19.23092  14.4%  66.9  785s
 485730 428597   17.50868   66   26   16.81465   19.23061  14.4%  66.8  791s
 489410 432578   18.96074   67   30   16.81465   19.22720  14.3%  66.8  796s
 493853 436136   19.19942   63   27   16.81465   19.22565  14.3%  66.7  801s
 497747 439454   18.45225   63   12   16.81465   19.22214  14.3%  66.6  806s
 501406 442715   18.58352   56   26   16.81465   19.21998  14.3%  66.5  812s
 505051 446357   18.57614   73   26   16.81465   19.21869  14.3%  66.4  817s
 509039 449502   19.21717   66   25   16.81465   19.21717  14.3%  66.3  822s
 512507 453073   19.12918   64   32   16.81465   19.21504  14.3%  66.2  827s
 516545 456816   18.92595   72   27   16.81465   19.21335  14.3%  66.1  832s
 520714 460278   18.80755   69   36   16.81465   19.21149  14.3%  66.0  837s
 524532 463369   18.54620   61   30   16.81465   19.21130  14.3%  66.0  841s
 527926 466884   19.02173   60   23   16.81465   19.20848  14.2%  65.9  846s
 531721 470301   19.20711   65   21   16.81465   19.20711  14.2%  65.9  850s
 535509 473187   18.49905   66   23   16.81465   19.20527  14.2%  65.8  856s
 538787 476700   18.68007   69   26   16.81465   19.20224  14.2%  65.7  861s
 542699 480311   19.16888   69   27   16.81465   19.19990  14.2%  65.6  867s
 546707 484081   18.60738   65   28   16.81465   19.19753  14.2%  65.5  873s
 550805 487433   18.97421   54   36   16.81465   19.19519  14.2%  65.4  878s
 554552 490467   17.77473   65   34   16.81465   19.19382  14.1%  65.4  883s
 557955 493792   19.04205   70   32   16.81465   19.19166  14.1%  65.3  888s
 561654 497351   19.18825   60   21   16.81465   19.19043  14.1%  65.3  893s
 565588 500616   19.09635   68   27   16.81465   19.18970  14.1%  65.2  899s
 569153 503688   19.11279   71   31   16.81465   19.18970  14.1%  65.1  905s
 576645 511166   18.63540   64   32   16.81465   19.18509  14.1%  65.0  915s
 580914 514029     cutoff   59        16.81465   19.18180  14.1%  65.0  920s
 584107 517433   18.59707   67   22   16.81465   19.18041  14.1%  64.9  925s
 587972 517460   19.12792   64   33   16.81465   19.18018  14.1%  64.8  933s
 588007 517488   19.17450   65   29   16.81465   19.18018  14.1%  64.9  938s
 588043 517605   19.12345   66   25   16.81465   19.17874  14.1%  64.9  943s
 588174 517965   18.73008   67   26   16.81465   19.17874  14.1%  64.9  948s
 588558 520216   19.17874   68   27   16.81465   19.17874  14.1%  64.9  953s
H590572 520173                      16.8163465   19.17671  14.0%  64.8  954s
H591037 522302                      16.8168141   19.17645  14.0%  64.8  958s
H591325 522271                      16.8178874   19.17645  14.0%  64.8  959s
H591457 522018                      16.8290319   19.17621  13.9%  64.8  959s
 593419 526104   19.10467   61   31   16.82903   19.17575  13.9%  64.8  965s
 598086 530246   19.17517   68   22   16.82903   19.17517  13.9%  64.7  971s
 602634 534043   19.15805   64   33   16.82903   19.17174  13.9%  64.7  977s
 606823 537750   18.99147   66   33   16.82903   19.17012  13.9%  64.6  983s
 610917 540977   18.97554   67   31   16.82903   19.16848  13.9%  64.6  988s
 614545 544467   19.14766   52   35   16.82903   19.16613  13.9%  64.5  993s
 618427 548019   18.98240   65   28   16.82903   19.16613  13.9%  64.4  998s
 622353 551049   19.14041   69   24   16.82903   19.16343  13.9%  64.4 1003s
 625689 554664     cutoff   32        16.82903   19.16209  13.9%  64.3 1007s
 629685 558227   17.91949   57   22   16.82903   19.15992  13.9%  64.3 1012s
 633648 558255   18.70084   64   37   16.82903   19.15909  13.8%  64.2 1018s
 633684 558283   19.13577   64   33   16.82903   19.15881  13.8%  64.2 1022s
H633694 558276                      16.8293782   19.15811  13.8%  64.2 1022s
 633720 561269   18.25138   64   24   16.82938   19.15779  13.8%  64.2 1027s
 637037 565023   19.13964   69   31   16.82938   19.15749  13.8%  64.2 1034s
 641202 568310   19.04418   57   23   16.82938   19.15539  13.8%  64.1 1039s
 644822 571793   19.15420   63   25   16.82938   19.15420  13.8%  64.1 1044s
 648675 574902   19.15347   61   24   16.82938   19.15347  13.8%  64.1 1050s
 652113 578531   19.12364   63   28   16.82938   19.15213  13.8%  64.0 1055s
 656117 582073   19.12155   65   27   16.82938   19.15030  13.8%  64.0 1060s
 659976 584988     cutoff   60        16.82938   19.14997  13.8%  63.9 1065s
 663185 588144   19.14997   64   19   16.82938   19.14997  13.8%  63.9 1070s
 666730 591932   19.08993   59   24   16.82938   19.14603  13.8%  63.8 1077s
 670884 595344   18.71254   65   29   16.82938   19.14324  13.7%  63.8 1082s
 674671 598715   18.91719   66   28   16.82938   19.14233  13.7%  63.7 1088s
 678397 601874   18.73332   63   29   16.82938   19.13979  13.7%  63.7 1092s
 681890 605293   18.41948   60   19   16.82938   19.13869  13.7%  63.6 1097s
 685696 608609   18.62492   55   30   16.82938   19.13754  13.7%  63.6 1102s
 689415 612132   18.91683   68   17   16.82938   19.13654  13.7%  63.6 1107s
 693312 614767   19.13192   62   37   16.82938   19.13566  13.7%  63.5 1112s
 696195 618211   19.07444   63   36   16.82938   19.13311  13.7%  63.5 1119s
 700067 621738   19.09589   53   32   16.82938   19.13205  13.7%  63.5 1124s
 703976 625163   18.81681   55   23   16.82938   19.13016  13.7%  63.4 1129s
 707825 628713   18.91452   62   36   16.82938   19.12841  13.7%  63.4 1134s
 711744 632192   17.76296   69   18   16.82938   19.12672  13.7%  63.3 1139s
 715620 635803   19.11882   62   36   16.82938   19.12514  13.6%  63.3 1144s
 719610 639286   19.11288   62   25   16.82938   19.12320  13.6%  63.2 1149s
 723393 642676   19.11777   64   30   16.82938   19.12320  13.6%  63.2 1154s
 727075 646434   19.10572   77   22   16.82938   19.12073  13.6%  63.1 1161s
 731254 649381   18.89979   67   29   16.82938   19.11923  13.6%  63.1 1166s
 734535 652581   19.03358   72   21   16.82938   19.11818  13.6%  63.1 1171s
 738051 656113   19.02374   68   28   16.82938   19.11650  13.6%  63.0 1176s
 741961 659661   19.06798   81   24   16.82938   19.11569  13.6%  63.0 1182s
 745871 662898   18.88486   55   19   16.82938   19.11384  13.6%  63.0 1187s
 749424 666511   19.11212   63   20   16.82938   19.11212  13.6%  62.9 1193s
 753466 670070   19.04731   61   28   16.82938   19.11103  13.6%  62.9 1198s
 757358 673672   19.00587   64   30   16.82938   19.10956  13.5%  62.8 1204s
 761344 676654   18.75194   65   30   16.82938   19.10847  13.5%  62.8 1208s
 764626 680266   18.92457   65   37   16.82938   19.10692  13.5%  62.8 1214s
 768627 683519   19.09426   68   27   16.82938   19.10435  13.5%  62.7 1219s
 772266 687095   18.75160   69   29   16.82938   19.10291  13.5%  62.7 1224s
 776159 690398   19.10252   65   29   16.82938   19.10290  13.5%  62.7 1229s
 779722 693852   18.24629   67   25   16.82938   19.10125  13.5%  62.7 1234s
 783532 697445   19.09671   63   32   16.82938   19.10016  13.5%  62.6 1239s
 787465 701073   19.09812   58   17   16.82938   19.09812  13.5%  62.6 1244s
 791503 703674   19.04617   64   32   16.82938   19.09761  13.5%  62.6 1250s
 794391 707456     cutoff   66        16.82938   19.09686  13.5%  62.5 1255s
 802606 714495   19.05571   60   26   16.82938   19.09393  13.5%  62.5 1264s
 806293 717809   18.34456   68   26   16.82938   19.09197  13.4%  62.4 1269s
 809983 721330   18.76355   71   28   16.82938   19.09097  13.4%  62.4 1274s
 813783 724856   18.82875   70   30   16.82938   19.08985  13.4%  62.4 1279s
 817642 728298   19.08825   63   21   16.82938   19.08825  13.4%  62.4 1284s
 821454 731155   19.08753   66   25   16.82938   19.08753  13.4%  62.4 1289s
 824601 734947   19.08616   60   23   16.82938   19.08616  13.4%  62.4 1294s
 828875 738507   19.02892   65   29   16.82938   19.08455  13.4%  62.3 1299s
 832781 742151   18.07084   63   30   16.82938   19.08311  13.4%  62.3 1304s
 836804 745428   18.18522   65   29   16.82938   19.08200  13.4%  62.3 1309s
 840430 749011     cutoff   54        16.82938   19.08087  13.4%  62.2 1314s
 844437 751970   19.07816   61   36   16.82938   19.07985  13.4%  62.2 1320s
 847692 755648   19.03419   64   29   16.82938   19.07985  13.4%  62.2 1326s
 851723 758984   19.07742   62   24   16.82938   19.07742  13.4%  62.1 1331s
 855369 762583   19.07731   70   22   16.82938   19.07731  13.4%  62.1 1335s
H862974 767215                      16.8294673   19.07496  13.3%  62.1 1343s
H863090 767189                      16.8304404   19.07493  13.3%  62.1 1343s
H863109 767182                      16.8306924   19.07481  13.3%  62.1 1344s
H863188 767105                      16.8330054   19.07470  13.3%  62.1 1344s
H863341 766982                      16.8365733   19.07470  13.3%  62.1 1344s
H863525 766802                      16.8411903   19.07470  13.3%  62.1 1344s
H863613 766570                      16.8472680   19.07470  13.2%  62.1 1344s
 864291 770348   19.05073   67   28   16.84727   19.07470  13.2%  62.1 1349s
 868421 773382   18.21161   62   17   16.84727   19.07470  13.2%  62.1 1354s
 871727 777195   19.06373   54   43   16.84727   19.07280  13.2%  62.1 1360s
 875895 780748   18.91501   66   27   16.84727   19.07202  13.2%  62.1 1365s
 879769 784329   18.94672   69   28   16.84727   19.07084  13.2%  62.0 1370s
 883682 787568   19.06837   66   34   16.84727   19.06844  13.2%  62.0 1376s
 887297 790374   19.05419   62   29   16.84727   19.06718  13.2%  62.0 1381s
 890429 794016   17.98336   69   32   16.84727   19.06615  13.2%  62.0 1387s
 894477 797530   19.06440   51   27   16.84727   19.06455  13.2%  61.9 1391s
 898348 800931   18.59849   68   28   16.84727   19.06440  13.2%  61.9 1396s
 902028 804425   19.02593   65   31   16.84727   19.06275  13.2%  61.9 1402s
 905883 807797   18.85408   60   31   16.84727   19.06102  13.1%  61.9 1406s
 909629 811359   19.06077   67   25   16.84727   19.06077  13.1%  61.9 1411s
 913581 814339   18.80821   68   25   16.84727   19.05911  13.1%  61.9 1416s
 916893 817806   19.03340   66   28   16.84727   19.05827  13.1%  61.8 1420s
 920788 821334   18.83924   69   27   16.84727   19.05715  13.1%  61.8 1425s
 924635 824397   19.05601   61   18   16.84727   19.05601  13.1%  61.8 1430s
 928020 827963   18.60357   60   29   16.84727   19.05531  13.1%  61.8 1435s
 931940 831616   18.87909   63   31   16.84727   19.05409  13.1%  61.8 1440s
 935974 834506   18.90621   61   15   16.84727   19.05330  13.1%  61.7 1445s
 939163 838144   18.70403   64   25   16.84727   19.05155  13.1%  61.7 1450s
 943149 841427   19.01058   64   28   16.84727   19.05021  13.1%  61.7 1455s
 946721 845051   19.05013   66   22   16.84727   19.05013  13.1%  61.7 1460s
 950675 845080   18.91748   65   29   16.84727   19.04828  13.1%  61.6 1468s
 950710 845104   19.04775   62   24   16.84727   19.04775  13.1%  61.7 1472s
 950750 845130   19.04775   63   24   16.84727   19.04775  13.1%  61.7 1476s
 950788 845438   19.02715   64   29   16.84727   19.04775  13.1%  61.7 1480s
 951112 846908   19.04723   60   19   16.84727   19.04723  13.1%  61.7 1485s
H952489 846852                      16.8486994   19.04723  13.0%  61.7 1486s
 952741 850575   19.02012   64   25   16.84870   19.04723  13.0%  61.7 1491s
 956894 854666   18.99691   66   35   16.84870   19.04676  13.0%  61.6 1497s
 961487 858234   19.04494   70   20   16.84870   19.04494  13.0%  61.6 1502s
 965405 861525     cutoff   58        16.84870   19.04353  13.0%  61.6 1507s
 968960 865189   18.52035   66   38   16.84870   19.04353  13.0%  61.6 1512s
 973017 868545   17.41541   68   27   16.84870   19.04136  13.0%  61.6 1517s
 976694 871922   18.27720   70   34   16.84870   19.04066  13.0%  61.5 1521s
 980416 875047   18.99780   63   36   16.84870   19.04012  13.0%  61.5 1526s
 983846 878535   18.64191   72   25   16.84870   19.03864  13.0%  61.5 1531s
 987729 882044     cutoff   64        16.84870   19.03733  13.0%  61.5 1535s
 991646 884952   19.01219   66   31   16.84870   19.03640  13.0%  61.5 1540s
 994897 888060   18.97870   66   27   16.84870   19.03614  13.0%  61.5 1545s
 998355 891599   18.63248   67   29   16.84870   19.03410  13.0%  61.4 1551s
 1002291 894961   18.98541   68   27   16.84870   19.03369  13.0%  61.4 1555s
 1005982 898186   18.94899   66   31   16.84870   19.03250  13.0%  61.4 1560s
 1009614 901547   19.03111   63   19   16.84870   19.03111  13.0%  61.4 1566s
 1013437 904656   18.97035   63   29   16.84870   19.02974  12.9%  61.4 1570s
 1016880 908110   18.90353   66   33   16.84870   19.02898  12.9%  61.3 1575s
 1020677 911594   18.86879   58   31   16.84870   19.02808  12.9%  61.3 1580s
 1024566 914985   19.02593   62   16   16.84870   19.02593  12.9%  61.3 1585s
 1028314 918015   18.95967   67   30   16.84870   19.02537  12.9%  61.3 1590s
 1031611 918044   19.02454   59   24   16.84870   19.02454  12.9%  61.3 1597s
 1031645 918073   18.87009   60   32   16.84870   19.02454  12.9%  61.3 1601s
H1031649 918047                      16.8493060   19.02454  12.9%  61.3 1602s
 1031677 921702   18.99077   62   31   16.84931   19.02454  12.9%  61.3 1609s
 1035744 925821   18.96129   67   34   16.84931   19.02379  12.9%  61.3 1614s
 1040261 929611   19.00626   67   26   16.84931   19.02261  12.9%  61.2 1619s
 1044333 933404   18.67842   64   29   16.84931   19.02110  12.9%  61.2 1624s
 1048397 936790   17.35866   65   34   16.84931   19.02097  12.9%  61.2 1629s
 1052077 939588   18.89051   70   28   16.84931   19.02078  12.9%  61.2 1634s
 1055162 943264     cutoff   67        16.84931   19.01924  12.9%  61.2 1639s
 1059251 946779   18.96829   66   34   16.84931   19.01831  12.9%  61.2 1644s
 1063091 950081   19.01706   69   23   16.84931   19.01706  12.9%  61.2 1650s
 1066824 953537     cutoff   64        16.84931   19.01562  12.9%  61.2 1655s
 1070654 957141   18.67926   56   24   16.84931   19.01437  12.8%  61.1 1660s
 1078178 963930   19.01326   64   22   16.84931   19.01326  12.8%  61.1 1669s
 1081940 967196   18.99950   62   34   16.84931   19.01262  12.8%  61.1 1675s
 1085564 970306   18.99515   65   30   16.84931   19.01095  12.8%  61.1 1680s
 1088984 973895   19.01052   68   28   16.84931   19.01052  12.8%  61.1 1685s
H1093205 974927                      16.8511283   19.01014  12.8%  61.0 1688s
H1093368 974775                      16.8542182   19.01014  12.8%  61.0 1689s
H1094113 974741                      16.8549231   19.01014  12.8%  61.0 1689s
 1094160 978991   18.83359   66   31   16.85492   19.01014  12.8%  61.0 1694s
 1098762 982988   17.13349   61   27   16.85492   19.00819  12.8%  61.0 1700s
 1103181 985634   18.91224   72   26   16.85492   19.00723  12.8%  61.0 1705s
 1106143 989459   18.99804   67   28   16.85492   19.00615  12.8%  61.0 1710s
 1110421 992901     cutoff   63        16.85492   19.00609  12.8%  61.0 1716s
 1114221 996614   18.98109   65   35   16.85492   19.00445  12.8%  61.0 1720s
 1118334 999953   19.00362   65   21   16.85492   19.00362  12.7%  61.0 1725s
 1126085 1007059   18.99570   61   29   16.85492   19.00253  12.7%  60.9 1734s
 1129923 1010177   19.00075   63   25   16.85492   19.00075  12.7%  60.9 1739s
 1133376 1013522   18.92537   66   25   16.85492   19.00051  12.7%  60.9 1744s
 1137107 1016929   18.91427   69   27   16.85492   18.99877  12.7%  60.9 1749s
 1140926 1020233   18.69139   61   22   16.85492   18.99768  12.7%  60.9 1753s
 1144605 1023385   18.86612   63   29   16.85492   18.99694  12.7%  60.9 1759s
 1148145 1026734   18.73207   68   30   16.85492   18.99518  12.7%  60.9 1764s
 1151794 1030186   17.93591   59   30   16.85492   18.99486  12.7%  60.9 1769s
 1155550 1033776     cutoff   57        16.85492   18.99437  12.7%  60.9 1774s
 1159505 1036553     cutoff   64        16.85492   18.99384  12.7%  60.8 1779s
 1162567 1040126   18.77304   70   26   16.85492   18.99258  12.7%  60.8 1783s
 1166527 1043593   18.98862   63   31   16.85492   18.99204  12.7%  60.8 1788s
 1170382 1046989   18.87262   66   32   16.85492   18.99087  12.7%  60.8 1793s
 1174169 1050492   18.98515   64   30   16.85492   18.99025  12.7%  60.8 1798s
 1178030 1053960   18.96539   67   31   16.85492   18.98918  12.7%  60.8 1804s
 1181841 1057284   18.43371   62   36   16.85492   18.98715  12.7%  60.8 1809s
 1185402 1060380   18.86572   70   29   16.85492   18.98643  12.6%  60.7 1815s
 1188788 1064057   18.93372   58   32   16.85492   18.98541  12.6%  60.7 1820s
 1192819 1067533   18.72556   70   21   16.85492   18.98491  12.6%  60.7 1825s
 1200691 1074787   18.79860   73   27   16.85492   18.98328  12.6%  60.7 1835s
 1208460 1081399     cutoff   67        16.85492   18.98277  12.6%  60.6 1846s
 1211990 1085033   18.96476   64   29   16.85492   18.98032  12.6%  60.6 1850s
 1215941 1088119   18.97984   66   19   16.85492   18.97984  12.6%  60.6 1855s
 1219443 1091391   18.75305   68   31   16.85492   18.97859  12.6%  60.6 1860s
 1223071 1095054   18.60591   68   29   16.85492   18.97782  12.6%  60.6 1866s
 1227156 1098665   18.81624   52   40   16.85492   18.97621  12.6%  60.6 1871s
 1231083 1102177   18.94534   72   27   16.85492   18.97513  12.6%  60.6 1875s
 1234914 1105359     cutoff   61        16.85492   18.97426  12.6%  60.5 1880s
 1238427 1108869   18.17606   60   18   16.85492   18.97351  12.6%  60.5 1885s
 1242251 1112316   18.97262   61   20   16.85492   18.97262  12.6%  60.5 1891s
 1246042 1115463     cutoff   66        16.85492   18.97214  12.6%  60.5 1897s
 1249535 1118541   18.97094   61   22   16.85492   18.97094  12.6%  60.5 1901s
 1252901 1121943   18.94987   59   19   16.85492   18.97094  12.6%  60.5 1906s
 1256689 1125549   18.72816   62   25   16.85492   18.96945  12.5%  60.5 1911s
 1260737 1128973   18.91458   70   30   16.85492   18.96917  12.5%  60.5 1916s
 1264509 1131643     cutoff   57        16.85492   18.96847  12.5%  60.4 1921s
 1267412 1135162   18.88077   59   32   16.85492   18.96761  12.5%  60.4 1926s
 1271336 1138453     cutoff   58        16.85492   18.96674  12.5%  60.4 1930s
 1274994 1141603   18.65747   63   38   16.85492   18.96650  12.5%  60.4 1935s
 1278440 1145040   18.78513   62   21   16.85492   18.96516  12.5%  60.4 1940s
 1286009 1151876   18.82733   66   28   16.85492   18.96345  12.5%  60.4 1949s
 1289765 1155288   18.85481   63   35   16.85492   18.96261  12.5%  60.4 1954s
 1293558 1158775   18.96187   63   22   16.85492   18.96187  12.5%  60.3 1959s
 1297355 1161976   18.03252   56   19   16.85492   18.96087  12.5%  60.3 1964s
 1300860 1165722   18.74020   59   24   16.85492   18.96040  12.5%  60.3 1969s
 1305033 1169241   18.56198   66   33   16.85492   18.95875  12.5%  60.3 1974s
 1308902 1169268   18.93618   65   34   16.85492   18.95788  12.5%  60.3 1983s
 1308939 1169298   18.74284   66   34   16.85492   18.95788  12.5%  60.3 1987s
 1308973 1169328   18.95722   64   33   16.85492   18.95750  12.5%  60.3 1991s
H1308983 1169123                      16.8591351   18.95750  12.4%  60.3 1991s
 1309007 1171814   18.83593   65   33   16.85914   18.95750  12.4%  60.3 1997s
 1311950 1175531   18.87874   67   26   16.85914   18.95709  12.4%  60.3 2002s
 1315996 1179276   18.12490   73   17   16.85914   18.95612  12.4%  60.3 2008s
 1320154 1182894   18.92688   62   24   16.85914   18.95552  12.4%  60.2 2012s
 1324140 1186071   18.74204   73   24   16.85914   18.95435  12.4%  60.2 2017s
 1327634 1189696     cutoff   64        16.85914   18.95435  12.4%  60.2 2022s
 1331636 1193077   18.95348   59   26   16.85914   18.95348  12.4%  60.2 2026s
 1335308 1196401   17.69107   62   27   16.85914   18.95275  12.4%  60.2 2031s
 1338988 1199658   18.95218   67   30   16.85914   18.95242  12.4%  60.2 2035s
 1342657 1202135   18.93738   68   27   16.85914   18.95182  12.4%  60.2 2040s
 1345437 1205496   17.98638   63   17   16.85914   18.95118  12.4%  60.2 2046s
 1349173 1209009   18.74890   73   24   16.85914   18.95039  12.4%  60.2 2051s
 1353063 1212456   18.93078   68   32   16.85914   18.94974  12.4%  60.2 2056s
 1356838 1215506     cutoff   61        16.85914   18.94892  12.4%  60.1 2062s
 1360226 1219370   18.72005   61   27   16.85914   18.94814  12.4%  60.1 2067s
 1364465 1220610   17.86600   66   30   16.85914   18.94749  12.4%  60.1 2070s
H1364823 1220529                      16.8607102   18.94749  12.4%  60.1 2071s
H1364824 1220176                      16.8661793   18.94749  12.3%  60.1 2071s
 1365850 1224258   18.73562   71   27   16.86618   18.94670  12.3%  60.1 2076s
 1370387 1227819   18.94587   61   18   16.86618   18.94587  12.3%  60.1 2081s
 1374358 1231539   18.65560   68   31   16.86618   18.94556  12.3%  60.1 2087s
 1378511 1234856     cutoff   69        16.86618   18.94444  12.3%  60.1 2092s
 1382199 1238501   18.94400   62   17   16.86618   18.94400  12.3%  60.1 2098s
 1386274 1241660   18.94303   63   24   16.86618   18.94303  12.3%  60.1 2104s
 1389728 1244365   18.92005   62   34   16.86618   18.94189  12.3%  60.1 2110s
 1392744 1248395   18.72788   68   23   16.86618   18.94106  12.3%  60.0 2116s
 1397166 1252184   18.91989   63   29   16.86618   18.94068  12.3%  60.0 2122s
 1401305 1255819   18.08135   68   24   16.86618   18.93998  12.3%  60.0 2127s
 1405344 1259334   18.93512   65   30   16.86618   18.93912  12.3%  60.0 2132s
 1409277 1262921   18.93846   65   19   16.86618   18.93846  12.3%  60.0 2137s
 1413211 1266510   18.72419   62   24   16.86618   18.93770  12.3%  60.0 2142s
 1417131 1269717   18.85941   67   28   16.86618   18.93722  12.3%  60.0 2147s
 1420655 1273309   18.78367   63   31   16.86618   18.93612  12.3%  60.0 2152s
 1424628 1276591   18.55815   63   35   16.86618   18.93545  12.3%  60.0 2158s
 1428307 1280097   18.44688   63   23   16.86618   18.93502  12.3%  60.0 2163s
 1432199 1283260     cutoff   67        16.86618   18.93390  12.3%  60.0 2168s
 1435638 1286903   18.72467   63   33   16.86618   18.93384  12.3%  59.9 2173s
 1439619 1290329   18.90439   65   31   16.86618   18.93252  12.3%  59.9 2178s
 1443432 1293759   18.87782   63   30   16.86618   18.93238  12.3%  59.9 2183s
 1447226 1296921   18.61656   63   36   16.86618   18.93132  12.2%  59.9 2189s
 1450687 1300494   18.89010   62   29   16.86618   18.93101  12.2%  59.9 2195s
 1454574 1304178   18.60967   67   29   16.86618   18.92996  12.2%  59.9 2200s
 1458607 1307667   18.53446   66   32   16.86618   18.92950  12.2%  59.9 2206s
 1462408 1310956   18.92950   63   22   16.86618   18.92950  12.2%  59.9 2211s
 1466040 1314592   17.84260   76   22   16.86618   18.92812  12.2%  59.9 2217s
 1470007 1318119   17.78043   60   18   16.86618   18.92728  12.2%  59.8 2223s
 1473930 1321528   18.48453   64   29   16.86618   18.92651  12.2%  59.8 2228s
 1477749 1324514   17.89237   67   28   16.86618   18.92610  12.2%  59.8 2234s
 1481088 1328179   18.66418   65   24   16.86618   18.92586  12.2%  59.8 2239s
 1485206 1331459   18.92468   62   20   16.86618   18.92468  12.2%  59.8 2245s
 1488865 1331489   18.77567   66   28   16.86618   18.92468  12.2%  59.8 2250s
H1488900 1331498                      16.8664425   18.92468  12.2%  59.8 2255s
 1488935 1334276   18.90519   61   27   16.86644   18.92468  12.2%  59.8 2261s
 1492015 1338068     cutoff   64        16.86644   18.92468  12.2%  59.8 2267s
 1496202 1341710   18.92152   61   31   16.86644   18.92350  12.2%  59.8 2272s
 1500200 1345313   18.92284   63   15   16.86644   18.92284  12.2%  59.8 2278s
 1504179 1348935   18.86147   62   32   16.86644   18.92254  12.2%  59.8 2283s
 1508127 1352065   18.68323   67   25   16.86644   18.92234  12.2%  59.8 2290s
 1511615 1355708   18.74535   71   28   16.86644   18.92175  12.2%  59.8 2296s
 1515747 1358919   18.91133   64   30   16.86644   18.92086  12.2%  59.8 2302s
 1519305 1362561   18.91907   61   29   16.86644   18.92012  12.2%  59.8 2308s
 1523383 1366007   18.82447   70   24   16.86644   18.91967  12.2%  59.8 2313s
 1527159 1369464   18.78638   74   26   16.86644   18.91887  12.2%  59.8 2319s
 1530987 1372239   18.79899   68   26   16.86644   18.91862  12.2%  59.8 2325s
 1534119 1375995   18.77567   64   33   16.86644   18.91803  12.2%  59.8 2332s
 1538350 1379329   18.51370   67   30   16.86644   18.91726  12.2%  59.7 2338s
 1542027 1382572   18.86986   62   30   16.86644   18.91658  12.2%  59.7 2344s
 1545607 1386190   18.61307   66   22   16.86644   18.91591  12.2%  59.7 2350s
 1549617 1389883   18.91352   56   31   16.86644   18.91578  12.2%  59.7 2356s
 1553682 1393287   18.71874   64   30   16.86644   18.91509  12.1%  59.7 2361s
 1557403 1393311   18.65965   68   33   16.86644   18.91455  12.1%  59.7 2370s
 1557443 1393342   18.58492   64   25   16.86644   18.91455  12.1%  59.7 2375s
H1557510 1381710                      17.0417725   18.91415  11.0%  59.7 2380s
 1557511 1384839   18.91415   65   21   17.04177   18.91415  11.0%  59.7 2385s
 1560961 1388304   18.79628   63   27   17.04177   18.91345  11.0%  59.7 2392s
 1564834 1391613   18.88296   69   27   17.04177   18.91333  11.0%  59.7 2397s
 1568642 1394997   18.91272   70   24   17.04177   18.91278  11.0%  59.6 2403s
 1572439 1398475   18.79091   75   26   17.04177   18.91168  11.0%  59.6 2409s
 1576306 1401455   18.68002   65   23   17.04177   18.91134  11.0%  59.6 2414s
 1579659 1404940   18.19608   66   26   17.04177   18.91055  11.0%  59.6 2420s
 1583471 1408490   18.91052   61   20   17.04177   18.91052  11.0%  59.6 2425s
 1587411 1411715   18.76330   64   29   17.04177   18.90978  11.0%  59.6 2430s
 1591057 1414657   18.70235   61   28   17.04177   18.90888  11.0%  59.6 2437s
 1594310 1418199   18.62571   68   30   17.04177   18.90870  11.0%  59.6 2443s
 1598219 1421667   18.88935   65   35   17.04177   18.90741  10.9%  59.6 2448s
 1602213 1424467     cutoff   53        17.04177   18.90726  10.9%  59.6 2454s
 1605386 1427746     cutoff   57        17.04177   18.90726  10.9%  59.6 2459s
 1609076 1431233   18.90603   62   21   17.04177   18.90603  10.9%  59.5 2464s
 1612972 1434370   17.97006   63   17   17.04177   18.90526  10.9%  59.5 2469s
 1616476 1437669   18.84005   74   26   17.04177   18.90486  10.9%  59.5 2474s
 1620187 1440933     cutoff   70        17.04177   18.90486  10.9%  59.5 2481s
 1623836 1444368   18.20588   60   18   17.04177   18.90378  10.9%  59.5 2487s
 1627685 1445015   18.90297   65   25   17.04177   18.90297  10.9%  59.5 2491s
 1628411 1458477   18.63302   66   33   17.04177   18.90297  10.9%  59.5 2515s
H1638267 1458477                      17.0417725   18.90261  10.9%  59.5 2515s
 1643261 1461742   18.79194   70   30   17.04177   18.90166  10.9%  59.5 2523s
 1646929 1465593   18.44303   67   31   17.04177   18.90115  10.9%  59.5 2530s
 1651170 1469524   18.66213   70   16   17.04177   18.90056  10.9%  59.5 2536s
 1655579 1473221   18.85770   69   27   17.04177   18.89920  10.9%  59.4 2542s
 1659800 1476764   18.42834   63   28   17.04177   18.89845  10.9%  59.4 2548s
 1663775 1480027   18.89502   59   32   17.04177   18.89812  10.9%  59.4 2553s
 1667323 1482748   18.52622   69   28   17.04177   18.89766  10.9%  59.4 2559s
 1670347 1486067   17.86525   69   26   17.04177   18.89701  10.9%  59.4 2565s
 1674045 1489672   18.89618   72   16   17.04177   18.89618  10.9%  59.4 2571s
 1678015 1493198   18.89599   65   22   17.04177   18.89599  10.9%  59.4 2576s
 1681919 1496224     cutoff   68        17.04177   18.89526  10.9%  59.4 2582s
 1685394 1499618   18.87908   73   25   17.04177   18.89489  10.9%  59.4 2588s
 1689253 1502713   18.83559   63   36   17.04177   18.89454  10.9%  59.4 2594s
 1692740 1505931   18.71431   69   25   17.04177   18.89401  10.9%  59.4 2600s
 1696332 1509493   18.55180   66   32   17.04177   18.89359  10.9%  59.4 2606s
 1700394 1513015   18.83550   70   20   17.04177   18.89272  10.9%  59.4 2612s
 1704308 1516656   18.83150   72   26   17.04177   18.89193  10.9%  59.3 2618s
 1708342 1520210   18.79882   66   23   17.04177   18.89161  10.9%  59.3 2624s
 1712226 1523106   18.81548   69   26   17.04177   18.89076  10.8%  59.3 2630s
 1715483 1526860   17.89129   62   23   17.04177   18.89034  10.8%  59.3 2636s
 1719730 1530051   18.83686   67   28   17.04177   18.88977  10.8%  59.3 2642s
 1723335 1533479   18.81200   64   33   17.04177   18.88934  10.8%  59.3 2648s
 1727176 1536500   18.38565   63   19   17.04177   18.88859  10.8%  59.3 2654s
 1730611 1540002   18.85923   71   24   17.04177   18.88849  10.8%  59.3 2660s
 1734479 1543721   17.85794   64   20   17.04177   18.88792  10.8%  59.3 2665s
 1738560 1547122   18.86993   67   28   17.04177   18.88733  10.8%  59.3 2671s
 1742418 1549635     cutoff   65        17.04177   18.88714  10.8%  59.3 2677s
 1745248 1553262   18.88612   70   26   17.04177   18.88612  10.8%  59.3 2683s
 1749335 1556595   18.75813   65   32   17.04177   18.88571  10.8%  59.2 2689s
 1753073 1559935   18.88571   63   22   17.04177   18.88571  10.8%  59.2 2694s
 1756892 1563193     cutoff   65        17.04177   18.88505  10.8%  59.2 2700s
 1760589 1566484   18.67591   60   30   17.04177   18.88428  10.8%  59.2 2705s
 1764306 1569703   18.79665   62   37   17.04177   18.88352  10.8%  59.2 2711s
 1767805 1572517   18.88251   66   29   17.04177   18.88337  10.8%  59.2 2716s
 1770966 1575900   18.61206   66   30   17.04177   18.88304  10.8%  59.2 2722s
 1774734 1579464   18.05246   69   32   17.04177   18.88241  10.8%  59.2 2728s
 1778739 1582463   18.37600   67   29   17.04177   18.88169  10.8%  59.2 2735s
 1782101 1586112   18.66423   67   20   17.04177   18.88130  10.8%  59.2 2741s
 1786280 1589736   18.81550   69   28   17.04177   18.88126  10.8%  59.2 2747s
 1790318 1592792   18.88054   56   24   17.04177   18.88054  10.8%  59.2 2753s
 1793747 1595879   18.82714   49   17   17.04177   18.87983  10.8%  59.2 2758s
 1797209 1599496   18.83408   58   34   17.04177   18.87974  10.8%  59.2 2764s
 1801231 1602993   18.83186   69   25   17.04177   18.87893  10.8%  59.2 2770s
 1805216 1606072   18.57705   65   29   17.04177   18.87846  10.8%  59.2 2776s
 1808648 1609183   18.87777   62   22   17.04177   18.87777  10.8%  59.2 2782s
 1812199 1609213   17.81766   60   19   17.04177   18.87738  10.8%  59.2 2789s
 1812233 1609245   18.87738   60   25   17.04177   18.87738  10.8%  59.2 2795s
H1812249 1609245                      17.0417725   18.87738  10.8%  59.2 2796s
 1812265 1609476   18.85382   61   36   17.04177   18.87738  10.8%  59.2 2801s
 1812532 1609868   18.37429   62   30   17.04177   18.87738  10.8%  59.2 2807s
 1812982 1614374   18.51635   67   29   17.04177   18.87738  10.8%  59.2 2818s
 1818014 1619180   18.87713   67   21   17.04177   18.87713  10.8%  59.2 2825s
 1823447 1622759   18.83756   65   30   17.04177   18.87600  10.8%  59.1 2833s
 1827565 1626875   18.46260   68   29   17.04177   18.87483  10.8%  59.1 2840s
 1832165 1630726   18.73590   67   27   17.04177   18.87446  10.8%  59.1 2847s
 1836516 1634370   18.87234   64   21   17.04177   18.87339  10.7%  59.1 2853s
 1840663 1637574   18.80390   57   23   17.04177   18.87276  10.7%  59.1 2860s
 1844320 1641185   18.87255   66   20   17.04177   18.87255  10.7%  59.1 2865s
 1848311 1644388   18.54131   60   35   17.04177   18.87183  10.7%  59.1 2871s
 1851890 1647772   18.87183   67   25   17.04177   18.87183  10.7%  59.1 2877s
 1855699 1650768   18.79040   63   34   17.04177   18.87157  10.7%  59.0 2883s
 1859114 1654155   18.64726   64   34   17.04177   18.87071  10.7%  59.0 2889s
 1863033 1657370   17.92566   64   35   17.04177   18.86979  10.7%  59.0 2895s
 1866671 1657397   18.80150   65   34   17.04177   18.86937  10.7%  59.0 2901s
 1866708 1657428   18.86910   67   18   17.04177   18.86910  10.7%  59.0 2905s
 1866741 1657457   18.86847   68   29   17.04177   18.86910  10.7%  59.0 2911s
 1866776 1657485   18.86910   67   19   17.04177   18.86910  10.7%  59.0 2917s
H1866783 1655928                      17.0614225   18.86910  10.6%  59.0 2917s
H1866793 1648061                      17.1511836   18.86910  10.0%  59.0 2918s
 1866812 1651300   18.76283   68   27   17.15118   18.86910  10.0%  59.0 2924s
 1870363 1654023   18.80529   58   28   17.15118   18.86898  10.0%  59.0 2930s
 1873452 1657961     cutoff   62        17.15118   18.86864  10.0%  59.0 2936s
 1877863 1661602   18.66926   70   30   17.15118   18.86851  10.0%  59.0 2943s
 1881883 1665029   17.68321   60   21   17.15118   18.86777  10.0%  59.0 2948s
 1885729 1667820   18.59120   68   25   17.15118   18.86701  10.0%  59.0 2954s
 1888837 1671482   18.42810   57   24   17.15118   18.86683  10.0%  59.0 2960s
 1892868 1675102   18.70491   60   27   17.15118   18.86593  10.0%  59.0 2966s
 1896928 1678529   18.81619   65   29   17.15118   18.86558  10.0%  59.0 2972s
 1900807 1681930   18.57622   71   28   17.15118   18.86531  10.0%  59.0 2978s
 1904609 1685108   18.86316   64   24   17.15118   18.86468  10.0%  59.0 2984s
 1908162 1688525   18.84788   67   31   17.15118   18.86425  10.0%  59.0 2990s
 1911978 1691792   18.08610   68   28   17.15118   18.86326  10.0%  59.0 2996s
 1915730 1694590   18.18504   61   22   17.15118   18.86267  10.0%  59.0 3002s
 1918885 1698082     cutoff   78        17.15118   18.86205  10.0%  58.9 3008s
 1922866 1701473     cutoff   55        17.15118   18.86136  10.0%  58.9 3014s
 1926669 1704864   18.53824   71   22   17.15118   18.86132  10.0%  58.9 3021s
 1930507 1707938   18.85150   70   28   17.15118   18.86069  10.0%  58.9 3027s
 1933935 1711544   17.76261   75   19   17.15118   18.86002  10.0%  58.9 3032s
 1937942 1715120   18.77873   73   24   17.15118   18.85934  10.0%  58.9 3039s
 1941975 1718422   18.77737   67   29   17.15118   18.85905  10.0%  58.9 3044s
 1945703 1721815   18.85462   65   29   17.15118   18.85821  10.0%  58.9 3050s
 1949462 1725253   18.85798   67   22   17.15118   18.85798  10.0%  58.9 3056s
 1953325 1728481   18.85732   64   22   17.15118   18.85732  9.95%  58.9 3062s
 1956955 1731824   18.05555   62   15   17.15118   18.85668  9.94%  58.9 3068s
 1960682 1734777   18.19707   63   22   17.15118   18.85661  9.94%  58.9 3075s
 1963997 1738012   18.85576   70   15   17.15118   18.85576  9.94%  58.9 3081s
 1967654 1741649   18.85576   70   14   17.15118   18.85576  9.94%  58.9 3088s
 1971753 1745308   18.83044   78   21   17.15118   18.85576  9.94%  58.9 3095s
 1975873 1748833   18.85423   57   20   17.15118   18.85423  9.93%  58.9 3101s
 1979842 1752242   18.35139   63   31   17.15118   18.85372  9.93%  58.8 3108s
 1983664 1755597   18.63360   76   22   17.15118   18.85289  9.92%  58.8 3114s
 1987531 1758848   18.85153   64   32   17.15118   18.85254  9.92%  58.8 3121s
 1991213 1762020   17.52697   67   35   17.15118   18.85188  9.92%  58.8 3126s
 1994768 1765272   17.67546   65   18   17.15118   18.85113  9.91%  58.8 3133s
 1998412 1768778   18.85094   65   23   17.15118   18.85094  9.91%  58.8 3139s
 2002400 1772167   18.81283   64   26   17.15118   18.85027  9.91%  58.8 3145s
 2006185 1775691   18.66976   64   34   17.15118   18.85005  9.91%  58.8 3151s
 2010112 1778855   18.71525   72   28   17.15118   18.84921  9.90%  58.8 3158s
 2013697 1782296   18.81043   69   31   17.15118   18.84885  9.90%  58.8 3164s
 2015803 1782296   18.61722   66   26   17.15118   18.84842  9.90%  58.8 3165s
 2017645 1785805   18.45530   66   37   17.15118   18.84839  9.90%  58.8 3171s
 2021628 1788383   18.84419   62   25   17.15118   18.84770  9.89%  58.8 3177s
 2024590 1792451   18.71831   73   26   17.15118   18.84722  9.89%  58.8 3185s
 2029188 1795935   18.69810   69   28   17.15118   18.84672  9.89%  58.8 3191s
 2033152 1799272   18.84638   67   20   17.15118   18.84638  9.88%  58.8 3198s
 2036970 1802940   18.61783   68   32   17.15118   18.84544  9.88%  58.7 3204s
 2041065 1806376   18.78984   63   19   17.15118   18.84533  9.88%  58.7 3211s
 2044888 1809306   18.55810   58   34   17.15118   18.84440  9.87%  58.7 3216s
 2048237 1813035   18.66012   69   27   17.15118   18.84416  9.87%  58.7 3222s
 2052488 1816037   18.60077   66   27   17.15118   18.84409  9.87%  58.7 3227s
 2055846 1819656   18.84371   60   23   17.15118   18.84371  9.87%  58.7 3233s
 2059929 1822882   18.81853   61   33   17.15118   18.84304  9.86%  58.7 3239s
 2063579 1826094   18.66298   66   31   17.15118   18.84244  9.86%  58.7 3246s
 2067153 1829367   18.76111   67   26   17.15118   18.84229  9.86%  58.7 3252s
 2070918 1832827   17.86741   56   17   17.15118   18.84132  9.85%  58.7 3258s
 2074837 1836092     cutoff   67        17.15118   18.84089  9.85%  58.7 3265s
 2078528 1839516   18.72706   72   27   17.15118   18.84026  9.85%  58.7 3271s
 2082364 1842637   18.77407   67   30   17.15118   18.84005  9.85%  58.7 3277s
 2085965 1846078   18.83949   68   19   17.15118   18.83949  9.84%  58.7 3283s
 2089863 1846622   17.69302   63   26   17.15118   18.83915  9.84%  58.7 3287s
 2090479 1849673   18.83915   66   21   17.15118   18.83915  9.84%  58.7 3294s
 2093960 1853756   18.74594   67   28   17.15118   18.83885  9.84%  58.7 3302s
 2098565 1857053   18.64797   66   30   17.15118   18.83807  9.84%  58.7 3309s
 2102327 1860476   18.30773   61   26   17.15118   18.83733  9.83%  58.7 3316s
 2106257 1864256   18.72785   70   27   17.15118   18.83673  9.83%  58.7 3322s
 2110474 1867832   18.83643   61   20   17.15118   18.83643  9.83%  58.7 3328s
 2114545 1870664   18.63002   67   27   17.15118   18.83597  9.82%  58.7 3334s
 2117735 1874253   18.64635   68   31   17.15118   18.83571  9.82%  58.7 3341s
 2121812 1877711   18.83551   66   24   17.15118   18.83551  9.82%  58.7 3347s
 2125667 1881276   18.80183   74   27   17.15118   18.83506  9.82%  58.7 3353s
 2129734 1884806   18.18970   54   28   17.15118   18.83440  9.81%  58.7 3360s
 2133677 1887971   18.82228   59   20   17.15118   18.83395  9.81%  58.6 3365s
 2137246 1891270   17.22917   66   29   17.15118   18.83395  9.81%  58.6 3372s
 2140985 1891300   18.83289   56   24   17.15118   18.83289  9.81%  58.6 3381s
 2141019 1891326   18.83289   58   21   17.15118   18.83289  9.81%  58.6 3387s
 2141057 1891497   18.60326   59   21   17.15118   18.83289  9.81%  58.6 3391s
 2141248 1892758   18.79002   60   29   17.15118   18.83289  9.81%  58.6 3398s
 2142651 1896480   18.80847   65   29   17.15118   18.83258  9.80%  58.6 3405s
 2146864 1899254   18.82806   62   38   17.15118   18.83241  9.80%  58.6 3411s
 2149938 1903128   18.74823   63   33   17.15118   18.83183  9.80%  58.6 3418s
 2154280 1906768   17.86251   73   23   17.15118   18.83099  9.79%  58.6 3424s
 2158348 1909938   18.83066   65   31   17.15118   18.83072  9.79%  58.6 3430s
 2161942 1913445   17.90532   69   28   17.15118   18.83008  9.79%  58.6 3436s
 2165939 1916904   18.82960   60   24   17.15118   18.82960  9.79%  58.6 3442s
 2169856 1920388   18.82903   60   19   17.15118   18.82903  9.78%  58.6 3448s
 2173842 1923363   18.63047   69   26   17.15118   18.82838  9.78%  58.6 3454s
 2177212 1926618   17.96795   71   26   17.15118   18.82783  9.78%  58.6 3460s
 2180954 1929957   18.82771   65   23   17.15118   18.82771  9.77%  58.6 3465s
 2184703 1932895   18.66045   65   21   17.15118   18.82771  9.77%  58.6 3471s
 2188009 1936351   17.88391   71   16   17.15118   18.82679  9.77%  58.6 3476s
 2191920 1939526   18.81659   64   31   17.15118   18.82638  9.77%  58.6 3481s
 2195542 1942783   18.82267   67   30   17.15118   18.82629  9.77%  58.6 3486s
 2199208 1946044   18.82589   67   24   17.15118   18.82589  9.76%  58.6 3493s
 2202890 1949519     cutoff   59        17.15118   18.82573  9.76%  58.6 3499s
 2206855 1952550     cutoff   70        17.15118   18.82458  9.76%  58.6 3506s
 2210279 1956070   18.72727   69   28   17.15118   18.82420  9.75%  58.6 3511s
 2214291 1959349   18.31179   69   30   17.15118   18.82389  9.75%  58.5 3516s
 2218064 1962643   18.11050   69   27   17.15118   18.82321  9.75%  58.5 3522s
 2221772 1965879   18.80998   62   34   17.15118   18.82290  9.75%  58.5 3527s
 2225514 1968964   18.66355   65   28   17.15118   18.82251  9.74%  58.5 3534s
 2229020 1972637   18.70733   60   27   17.15118   18.82194  9.74%  58.5 3540s
 2233106 1975721   17.85158   60   17   17.15118   18.82145  9.74%  58.5 3546s
 2236569 1978511   18.82098   66   37   17.15118   18.82133  9.74%  58.5 3552s
 2239803 1982368   18.78238   69   24   17.15118   18.82088  9.74%  58.5 3559s
 2244170 1985658   17.94485   64   21   17.15118   18.82058  9.73%  58.5 3564s
 2247840 1988925   18.66922   71   24   17.15118   18.82003  9.73%  58.5 3569s
 2251519 1992356   18.58119   63   24   17.15118   18.81943  9.73%  58.5 3575s
 2255404 1995919   18.72648   65   25   17.15118   18.81899  9.72%  58.5 3580s
 2259407 1998879   18.69640   68   25   17.15118   18.81864  9.72%  58.5 3585s
 2262776 2002244   18.77515   56   22   17.15118   18.81819  9.72%  58.5 3591s
 2266631 2005414   18.81346   67   29   17.15118   18.81786  9.72%  58.5 3596s
 2270199 2008567   18.81732   65   21   17.15118   18.81732  9.71%  58.5 3600s

Cutting planes:
  Projected implied bound: 151
  MIR: 1562
  Flow cover: 136
  RLT: 274
  Relax-and-lift: 190

Explored 2273732 nodes (132973116 simplex iterations) in 3600.09 seconds (3407.50 work units)
Thread count was 32 (of 255 available processors)

Solution count 10: 17.1512 17.0614 17.0418 ... 16.8412

Time limit reached
Best objective 1.715118364429e+01, best bound 1.881732229034e+01, gap 9.7144%

User-callback calls 4719656, time in user-callback 0.93 sec
source: 0 target: 8 model_arch: 3x50 perturbation type: translation perturbation size: [0, 1.0, 1.0] dataset: mnist
Attack:   0%|          | 0/500 [00:00<?, ?it/s]Attack:   0%|          | 1/500 [00:00<00:57,  8.63it/s]Attack:   4%|▍         | 19/500 [00:00<00:04, 100.30it/s]Attack:   7%|▋         | 35/500 [00:00<00:03, 125.08it/s]Attack:  10%|█         | 51/500 [00:00<00:03, 135.89it/s]Attack:  13%|█▎        | 67/500 [00:00<00:03, 143.82it/s]Attack:  17%|█▋        | 83/500 [00:00<00:02, 148.45it/s]Attack:  20%|█▉        | 98/500 [00:00<00:02, 148.94it/s]Attack:  23%|██▎       | 113/500 [00:00<00:02, 148.19it/s]Attack:  26%|██▌       | 130/500 [00:00<00:02, 153.02it/s]Attack:  30%|██▉       | 148/500 [00:01<00:02, 158.62it/s]Attack:  33%|███▎      | 165/500 [00:01<00:02, 159.17it/s]Attack:  36%|███▋      | 182/500 [00:01<00:01, 160.05it/s]Attack:  40%|███▉      | 199/500 [00:01<00:01, 159.62it/s]Attack:  43%|████▎     | 215/500 [00:01<00:01, 157.55it/s]Attack:  46%|████▌     | 231/500 [00:01<00:01, 155.83it/s]Attack:  49%|████▉     | 247/500 [00:01<00:01, 153.80it/s]Attack:  53%|█████▎    | 263/500 [00:01<00:01, 152.31it/s]Attack:  56%|█████▌    | 279/500 [00:01<00:01, 151.11it/s]Attack:  59%|█████▉    | 295/500 [00:02<00:01, 149.96it/s]Attack:  62%|██████▏   | 311/500 [00:02<00:01, 152.80it/s]Attack:  65%|██████▌   | 327/500 [00:02<00:01, 151.80it/s]Attack:  69%|██████▊   | 343/500 [00:02<00:01, 150.58it/s]Attack:  72%|███████▏  | 359/500 [00:02<00:00, 150.01it/s]Attack:  75%|███████▌  | 376/500 [00:02<00:00, 153.55it/s]Attack:  78%|███████▊  | 392/500 [00:02<00:00, 153.92it/s]Attack:  82%|████████▏ | 408/500 [00:02<00:00, 153.30it/s]Attack:  85%|████████▍ | 424/500 [00:02<00:00, 152.11it/s]Attack:  88%|████████▊ | 440/500 [00:02<00:00, 151.08it/s]Attack:  91%|█████████ | 456/500 [00:03<00:00, 149.06it/s]Attack:  94%|█████████▍| 471/500 [00:03<00:00, 147.70it/s]Attack:  97%|█████████▋| 486/500 [00:03<00:00, 146.42it/s]Attack: 100%|█████████▉| 499/500 [00:03<00:00, 148.16it/s]
best_val 14.973793983459473
Set parameter WLSAccessID
Set parameter WLSSecret
Set parameter LicenseID to value 2478548
Academic license 2478548 - for non-commercial use only - registered to ne___@campus.technion.ac.il
Encoding the two copies...
Encoding dependencies (activation_start=1, layers_offset=2)...
Adding perturbed interval constraints...
17.151183644292743  18.817322290338648  3600.1278879642487
paper_experiments/mnist/3x50_exp/translation/eps_1,1/N1stdBoost_3x50_19/
Clean sample classification: 1
Perturbed sample classification: 8
compute_n2_relax_decision!: no shape source available (relu_diff_up_bounds and n2_abs_up_bounds both empty) — skipping decision precompute
[notice | Main.MIPVerify]: Determining upper and lower bounds for the input to each non-linear unit.
Set parameter WLSAccessID
Set parameter WLSSecret
Set parameter LicenseID to value 2478548
Academic license 2478548 - for non-commercial use only - registered to ne___@campus.technion.ac.il
Set parameter TimeLimit to value 5
Set parameter WLSAccessID
Set parameter WLSSecret
Set parameter LicenseID to value 2478548
Academic license 2478548 - for non-commercial use only - registered to ne___@campus.technion.ac.il
Set parameter MIPFocus to value 3
Set parameter Cutoff to value 1.4973793983459473e+01
Set parameter Threads to value 32
Set parameter TimeLimit to value 3600
Set parameter MIPGap to value 0.01
Set parameter Seed to value 4
Set parameter Seed to value 4
Set parameter MIPGap to value 0.01
Set parameter MIPFocus to value 3
Set parameter Cutoff to value 1.4973793983459473e+01
Set parameter Threads to value 32
Set parameter TimeLimit to value 3600
Warning for adding constraints: zero or small (< 1e-13) coefficients, ignored
Gurobi Optimizer version 13.0.0 build v13.0.0rc1 (linux64 - "Ubuntu 20.04.2 LTS")

CPU model: AMD EPYC 7713 64-Core Processor, instruction set [SSE2|AVX|AVX2]
Thread count: 127 physical cores, 255 logical processors, using up to 32 threads

Non-default parameters:
Cutoff  1.4973793983459473e+01
TimeLimit  3600
MIPGap  0.01
MIPFocus  3
Seed  4
Threads  32

Academic license 2478548 - for non-commercial use only - registered to ne___@campus.technion.ac.il
Optimize a model with 1658 rows, 1912 columns and 126893 nonzeros (Max)
Model fingerprint: 0xe9704771
Model has 1 linear objective coefficients
Variable types: 1741 continuous, 171 integer (171 binary)
Coefficient statistics:
  Matrix range     [3e-13, 3e+01]
  Objective range  [1e+00, 1e+00]
  Bounds range     [6e-09, 3e+01]
  RHS range        [4e-13, 1e+02]

User MIP start produced solution with objective 15.5241 (2.18s)
Loaded user MIP start with objective 15.5241
Processed MIP start in 2.54 seconds (3.69 work units)

Presolve removed 1130 rows and 789 columns
Presolve time: 0.20s
Presolved: 528 rows, 1123 columns, 119731 nonzeros
Variable types: 955 continuous, 168 integer (168 binary)
Root relaxation presolve removed 167 rows and 166 columns
Root relaxation presolved: 361 rows, 958 columns, 119210 nonzeros


Root relaxation: objective 3.834429e+01, 352 iterations, 0.08 seconds (0.09 work units)

    Nodes    |    Current Node    |     Objective Bounds      |     Work
 Expl Unexpl |  Obj  Depth IntInf | Incumbent    BestBd   Gap | It/Node Time

     0     0   38.34429    0   43   15.52414   38.34429   147%     -    2s
     0     0   35.61235    0   45   15.52414   35.61235   129%     -    3s
     0     0   35.61235    0   45   15.52414   35.61235   129%     -    3s
     0     0   34.79478    0   45   15.52414   34.79478   124%     -    3s
     0     0   33.69742    0   47   15.52414   33.69742   117%     -    3s
     0     0   33.69742    0   47   15.52414   33.69742   117%     -    3s
     0     0   32.96113    0   50   15.52414   32.96113   112%     -    3s
     0     0   32.93796    0   51   15.52414   32.93796   112%     -    3s
     0     0   32.65300    0   49   15.52414   32.65300   110%     -    4s
     0     0   32.65300    0   49   15.52414   32.65300   110%     -    4s
     0     0   32.23432    0   49   15.52414   32.23432   108%     -    4s
     0     0   32.23432    0   42   15.52414   32.23432   108%     -    4s
     0     2   32.23432    0   42   15.52414   32.23432   108%     -    5s
H  263   285                      15.6198398   26.83763  71.8%   714    8s
   402   433   25.04418    9   54   15.61984   26.09989  67.1%   690   10s
H  839   851                      15.6218018   24.84707  59.1%   635   13s
  1286  1232   17.23263   11   44   15.62180   24.37281  56.0%   584   15s
  2672  2347   23.12107   11   38   15.62180   23.30155  49.2%   527   20s
H 3587  2878                      15.6241094   22.63100  44.8%   510   28s
H 3587  2873                      15.6713326   22.63100  44.4%   510   33s
H 3587  2593                      16.8839748   22.63100  34.0%   510   37s
  3588  2594   21.70698    8   42   16.88397   22.63100  34.0%   510   40s
H 3595  2468                      16.8866990   22.63100  34.0%   509   43s
  3597  2469   20.58128   18   51   16.88670   22.63100  34.0%   509   45s
  3615  2493   22.63100   16   52   16.88670   22.63100  34.0%   510   50s
H 3631  2385                      16.8896460   22.63100  34.0%   511   50s
H 3908  2430                      16.8920798   22.63100  34.0%   530   55s
H 3924  2313                      16.9257853   22.63100  33.7%   531   55s
H 4036  2261                      17.5202502   22.63100  29.2%   538   59s
  4043  2316   22.58976   20   46   17.52025   22.63100  29.2%   539   60s
  4447  2530   22.63100   26   48   17.52025   22.63100  29.2%   571   65s
  4733  2622   22.02223   27   43   17.52025   22.63100  29.2%   586   70s
  4839  2665   22.52152   28   38   17.52025   22.63100  29.2%   591   75s
  4928  2709   21.01314   26   45   17.52025   22.63100  29.2%   596   81s
H 4933  2608                      17.5242360   22.63100  29.1%   596   81s
  5125  2689   22.27604   30   37   17.52424   22.49921  28.4%   599   85s
H 5184  2688                      17.5262718   22.41269  27.9%   600   86s
  5726  2972   22.02317   32   37   17.52627   22.11522  26.2%   599   90s
  6384  3086   18.50277   29   34   17.52627   21.68487  23.7%   594   96s
  6462  3105     cutoff   24        17.52627   21.54994  23.0%   597  101s
  6543  3127   21.31926   21   46   17.52627   21.43986  22.3%   598  105s
H 6548  3034                      17.5304794   21.43806  22.3%   597  105s
H 6592  2933                      17.5330784   21.40552  22.1%   598  105s
  7351  3468   20.56481   27   43   17.53308   21.17628  20.8%   579  110s
  8668  3790   18.62612   22   56   17.53308   20.76506  18.4%   548  116s
  9706  4384   18.94869   25   37   17.53308   20.44523  16.6%   524  120s
 11016  5105   19.62731   45   24   17.53308   20.18157  15.1%   494  125s
 13688  7927   19.42048   32   36   17.53308   19.86457  13.3%   433  131s
 17749 11681   19.81134   67   26   17.53308   19.81840  13.0%   347  135s
 22382 13577   19.66199   70   33   17.53308   19.75983  12.7%   286  142s
 22457 13627   19.72350   75   27   17.53308   19.73251  12.5%   285  147s
H22492 13627                      17.5332815   19.72884  12.5%   285  147s
 24539 17019   19.39843   65   33   17.53328   19.72884  12.5%   266  150s
 30807 25282   19.64409   63   29   17.53328   19.67984  12.2%   222  158s
 37658 27976   18.99345   68   19   17.53328   19.66553  12.2%   190  160s
 43746 33444   19.62971   68   27   17.53328   19.62971  12.0%   171  165s
 49114 38168   19.52480   70   30   17.53328   19.61824  11.9%   158  170s
 53095 41058   19.59009   65   26   17.53328   19.59513  11.8%   149  175s
 59087 47183   19.57800   68   20   17.53328   19.57800  11.7%   140  181s
 61744 53334   19.56465   60   17   17.53328   19.56465  11.6%   136  187s
 69062 55551   19.55864   68   18   17.53328   19.55864  11.6%   127  190s
 74367 60395   19.07170   63   34   17.53328   19.54780  11.5%   122  195s
 80580 65857   19.51332   73   26   17.53328   19.52085  11.3%   116  201s
 87395 71758     cutoff   69        17.53328   19.51909  11.3%   111  207s
 90991 78390   19.50227   63   25   17.53328   19.50227  11.2%   109  214s
 98853 80786     cutoff   53        17.53328   19.49213  11.2%   104  217s
 101751 83487   19.48043   64   30   17.53328   19.48379  11.1%   103  220s
 108571 89705     cutoff   63        17.53328   19.47021  11.0%   100  226s
 115634 95206   18.74560   58   26   17.53328   19.45511  11.0%  96.6  233s
 118731 98100   18.76037   61   42   17.53328   19.44575  10.9%  95.3  236s
 122152 103301     cutoff   61        17.53328   19.44292  10.9%  94.2  242s
 128294 106307   19.20213   60   33   17.53328   19.43782  10.9%  92.1  245s
 135843 112121   19.33984   61   44   17.53328   19.42674  10.8%  89.8  251s
 142727 118198   19.40646   67   29   17.53328   19.41399  10.7%  87.9  257s
 146399 121054     cutoff   55        17.53328   19.40947  10.7%  86.9  260s
 153283 128765   19.37644   65   34   17.53328   19.40339  10.7%  85.2  269s
 159101 128781   19.30594   60   23   17.53328   19.39640  10.6%  83.9  276s
 159188 128831   19.39516   75   19   17.53328   19.39516  10.6%  84.0  282s
H159196 128829                      17.5335857   19.39516  10.6%  84.0  282s
 159227 131365   18.74173   76   30   17.53359   19.39516  10.6%  84.0  286s
 162343 134570   19.19403   63   24   17.53359   19.38416  10.6%  83.4  290s
 169479 140077   19.03603   55   29   17.53359   19.37556  10.5%  82.0  297s
 172913 143125   19.37178   79   19   17.53359   19.37178  10.5%  81.4  301s
 176582 146252     cutoff   72        17.53359   19.36388  10.4%  80.8  305s
 183991 153617   19.16762   64   33   17.53359   19.35610  10.4%  79.5  315s
 192798 159803     cutoff   61        17.53359   19.33728  10.3%  78.1  322s
 196604 162805   19.22763   71   27   17.53359   19.33211  10.3%  77.5  325s
 203824 168296   19.29216   55   32   17.53359   19.32396  10.2%  76.5  333s
 206981 170924   19.27949   67   29   17.53359   19.31652  10.2%  76.1  336s
 210163 173887   19.31207   70   26   17.53359   19.31302  10.1%  75.7  340s
 213844 177974   19.18630   63   32   17.53359   19.30742  10.1%  75.3  346s
 218848 180810   19.30170   65   22   17.53359   19.30170  10.1%  74.7  350s
 226151 187026   19.24850   75   18   17.53359   19.28852  10.0%  73.9  358s
 229739 189785   19.20593   70   26   17.53359   19.28137  10.0%  73.5  362s
 233043 192419   18.85936   65   32   17.53359   19.27946  10.0%  73.2  366s
 236195 195289     cutoff   60        17.53359   19.27815  9.95%  72.9  370s
 243052 202280     cutoff   61        17.53359   19.26835  9.89%  72.3  380s
 251321 208078   19.25440   55   20   17.53359   19.25440  9.81%  71.4  389s
 255049 211144   18.24205   59   14   17.53359   19.25190  9.80%  71.1  393s
 258792 213684   18.92905   72   27   17.53359   19.24764  9.78%  70.7  397s
 261826 216706   18.61613   76   20   17.53359   19.24406  9.76%  70.5  401s
 265428 219419   19.17144   64   33   17.53359   19.24170  9.74%  70.1  405s
 268713 222661   19.23846   66   26   17.53359   19.23846  9.72%  69.9  410s
 272574 226576   19.05808   72   30   17.53359   19.23249  9.69%  69.5  416s
 278075 228720   19.13492   76   21   17.53359   19.22683  9.66%  69.1  423s
 279797 230311   19.22655   64   26   17.53359   19.22655  9.66%  69.0  428s
H280323 229589                      17.5810219   19.22655  9.36%  68.9  428s
H280324 228580                      17.6339372   19.22655  9.03%  68.9  428s
H280463 227396                      17.6904215   19.22655  8.68%  68.9  428s
 281755 231566   19.22655   65   25   17.69042   19.22655  8.68%  68.8  435s
 286882 235527   19.22118   62   26   17.69042   19.22118  8.65%  68.5  441s
 291688 239341   19.21614   64   28   17.69042   19.21614  8.62%  68.2  447s
 296305 242845   19.08190   61   22   17.69042   19.21195  8.60%  67.9  452s
 300496 245658     cutoff   57        17.69042   19.20718  8.57%  67.6  457s
 303971 249494   19.14929   59   33   17.69042   19.20281  8.55%  67.4  463s
 308618 252357   18.70674   59   38   17.69042   19.20069  8.54%  67.1  468s
 312187 255206   19.17684   52   34   17.69042   19.19541  8.51%  66.9  472s
 315807 258031   18.68259   68   32   17.69042   19.19248  8.49%  66.7  476s
 319288 260822   19.17531   63   33   17.69042   19.18944  8.47%  66.5  480s
 326124 266465   18.88333   67   38   17.69042   19.18272  8.44%  66.1  489s
 329610 269256   19.15642   62   39   17.69042   19.18135  8.43%  65.9  493s
 332885 272550   18.98390   62   29   17.69042   19.17640  8.40%  65.7  500s
 340906 278957   19.11615   64   29   17.69042   19.17093  8.37%  65.3  510s
 348167 284818     cutoff   60        17.69042   19.16453  8.33%  65.0  519s
 351929 287705   19.16160   59   29   17.69042   19.16160  8.32%  64.8  523s
 355472 290297   19.10590   64   36   17.69042   19.15811  8.30%  64.6  527s
 358603 293116   19.07468   73   23   17.69042   19.15500  8.28%  64.5  532s
 362035 296596     cutoff   64        17.69042   19.15422  8.27%  64.4  538s
 366320 299507   18.80393   67   34   17.69042   19.15086  8.26%  64.2  543s
 369810 302688   19.12743   65   25   17.69042   19.14751  8.24%  64.0  547s
 373625 305656   17.76416   53   18   17.69042   19.14324  8.21%  63.8  552s
 377193 308283   18.44472   51   26   17.69042   19.14105  8.20%  63.7  556s
 380430 311282   19.09280   67   31   17.69042   19.13899  8.19%  63.5  560s
 387566 316787   19.13299   53   25   17.69042   19.13299  8.15%  63.3  569s
 390908 320143   18.54818   64   29   17.69042   19.13124  8.14%  63.2  574s
 394942 320168   17.85971   67   20   17.69042   19.12962  8.14%  63.0  582s
 394979 320194   18.54633   69   32   17.69042   19.12911  8.13%  63.0  585s
 395017 320220   19.11468   57   30   17.69042   19.12797  8.13%  63.0  590s
H395166 312999                      17.8957850   19.12797  6.89%  63.1  594s
 395833 316766   19.12797   63   24   17.89579   19.12797  6.89%  63.0  602s
 400505 320290   18.97805   69   21   17.89579   19.12576  6.87%  62.9  608s
 404972 323534   18.95009   72   23   17.89579   19.12133  6.85%  62.7  613s
 408946 326236   19.08791   70   21   17.89579   19.11731  6.83%  62.5  619s
 412408 329528     cutoff   64        17.89579   19.11464  6.81%  62.4  624s
 416575 332696   19.09634   61   32   17.89579   19.11255  6.80%  62.3  629s
 420519 335909   18.97884   66   37   17.89579   19.11161  6.79%  62.2  636s
 424589 338594   18.85574   69   28   17.89579   19.10667  6.77%  62.1  641s
 427994 341493     cutoff   67        17.89579   19.10513  6.76%  62.0  646s
 431762 344062   18.91038   68   29   17.89579   19.10143  6.74%  61.9  652s
 435032 346878   19.09861   58   20   17.89579   19.09861  6.72%  61.8  657s
 438567 349979     cutoff   61        17.89579   19.09649  6.71%  61.7  662s
 442446 352897   19.09196   62   24   17.89579   19.09349  6.69%  61.6  667s
 446147 355520     cutoff   57        17.89579   19.09150  6.68%  61.4  672s
 449496 358830   19.01942   66   38   17.89579   19.08886  6.67%  61.4  679s
 453718 361580   19.08362   63   36   17.89579   19.08698  6.66%  61.2  684s
 457189 364521   18.98829   62   30   17.89579   19.08327  6.64%  61.1  688s
 460910 366791   19.07815   58   35   17.89579   19.08181  6.63%  61.1  694s
 463752 369795   18.11328   52   20   17.89579   19.07958  6.61%  61.0  699s
 467525 372349   19.07067   68   21   17.89579   19.07723  6.60%  60.9  704s
 470784 375167   19.04603   61   35   17.89579   19.07425  6.59%  60.8  709s
 474399 378053     cutoff   57        17.89579   19.07259  6.58%  60.7  715s
 478029 380927   18.78807   63   25   17.89579   19.06984  6.56%  60.6  720s
 481645 384398   18.61703   57   28   17.89579   19.06824  6.55%  60.5  727s
 486047 386803   18.69021   62   33   17.89579   19.06599  6.54%  60.4  731s
 489167 389457   18.57635   58   34   17.89579   19.06471  6.53%  60.3  735s
 492594 392111   18.66564   70   31   17.89579   19.06154  6.51%  60.2  740s
 495947 394756     cutoff   64        17.89579   19.06058  6.51%  60.1  745s
 499342 397591   18.76199   58   35   17.89579   19.05786  6.49%  60.1  750s
 506004 402822     cutoff   69        17.89579   19.05472  6.48%  59.9  760s
 509762 405566     cutoff   58        17.89579   19.05136  6.46%  59.8  765s
 513319 408929   18.79555   73   28   17.89579   19.04962  6.45%  59.8  770s
 517556 411620     cutoff   59        17.89579   19.04803  6.44%  59.7  775s
 520953 414508   19.04034   62   31   17.89579   19.04547  6.42%  59.6  780s
 527853 419435   19.02054   73   24   17.89579   19.04177  6.40%  59.4  789s
 531121 422433     cutoff   67        17.89579   19.03864  6.39%  59.3  793s
 534857 425125   18.85537   63   32   17.89579   19.03695  6.38%  59.3  797s
 538287 427648     cutoff   69        17.89579   19.03468  6.36%  59.2  803s
 541559 430594   18.89592   70   26   17.89579   19.03248  6.35%  59.1  807s
 545267 433839     cutoff   63        17.89579   19.03130  6.35%  59.0  813s
 549411 436526   18.94025   72   26   17.89579   19.02824  6.33%  58.9  817s
 552781 438980     cutoff   36        17.89579   19.02628  6.32%  58.9  822s
 555854 441887   19.02456   62   17   17.89579   19.02456  6.31%  58.8  827s
 559598 444823   19.01434   70   26   17.89579   19.02337  6.30%  58.7  832s
 563291 447248   18.71309   65   22   17.89579   19.02203  6.29%  58.7  837s
 566538 447265   19.02033   61   23   17.89579   19.02033  6.28%  58.6  843s
 566585 447290   18.99450   62   36   17.89579   19.02033  6.28%  58.6  848s
 566623 447318   19.02033   63   25   17.89579   19.02033  6.28%  58.6  854s
H566625 445956                      17.9137034   19.02033  6.18%  58.6  854s
H566628 444670                      17.9303222   19.02033  6.08%  58.6  854s
H566632 441822                      17.9630686   19.02033  5.89%  58.6  854s
 566659 444361   18.98306   64   34   17.96307   19.02033  5.89%  58.6  860s
 569982 447468   19.01841   63   27   17.96307   19.01841  5.88%  58.6  865s
 573999 450278     cutoff   63        17.96307   19.01637  5.86%  58.5  871s
 577728 452832   18.81550   69   24   17.96307   19.01348  5.85%  58.4  877s
 581227 455921   19.01185   65   26   17.96307   19.01185  5.84%  58.4  883s
 585410 458658     cutoff   70        17.96307   19.01013  5.83%  58.3  888s
 589004 461671   18.32136   67   38   17.96307   19.00688  5.81%  58.2  893s
 592924 464264   18.93852   62   35   17.96307   19.00586  5.81%  58.1  899s
 596367 466898   18.96722   58   33   17.96307   19.00464  5.80%  58.1  904s
 599850 469603   19.00181   61   30   17.96307   19.00181  5.78%  58.0  909s
 603453 472279   18.58620   70   26   17.96307   19.00004  5.77%  58.0  915s
 606896 475258     cutoff   65        17.96307   18.99799  5.76%  57.9  921s
 610889 478060   18.99615   58   26   17.96307   18.99615  5.75%  57.8  926s
 614501 480679     cutoff   64        17.96307   18.99540  5.75%  57.7  932s
 617940 483364   18.99189   70   26   17.96307   18.99194  5.73%  57.7  937s
 621544 485923     cutoff   58        17.96307   18.98959  5.71%  57.6  942s
 624919 488610   18.84586   67   31   17.96307   18.98787  5.71%  57.5  947s
 628483 491324     cutoff   60        17.96307   18.98777  5.70%  57.5  952s
 632066 493790   18.22886   64   33   17.96307   18.98536  5.69%  57.4  957s
 635380 496504   18.80351   61   33   17.96307   18.98298  5.68%  57.4  962s
 638975 499633   18.98177   59   29   17.96307   18.98177  5.67%  57.3  968s
 643071 502093     cutoff   65        17.96307   18.97996  5.66%  57.3  973s
 646377 504803   18.95980   58   40   17.96307   18.97824  5.65%  57.2  978s
 649995 507036   18.97506   57   29   17.96307   18.97506  5.63%  57.1  983s
 652959 509865   18.97109   61   28   17.96307   18.97402  5.63%  57.1  989s
 656634 512638   18.96206   74   31   17.96307   18.97165  5.61%  57.0  994s
 660288 515330   18.97073   61   19   17.96307   18.97073  5.61%  57.0  998s
 663899 518139   18.73874   77   26   17.96307   18.96881  5.60%  56.9 1003s
 667640 520717   18.85234   67   30   17.96307   18.96802  5.59%  56.9 1008s
 671176 523464   18.53344   59   22   17.96307   18.96482  5.58%  56.8 1014s
 674885 526079   18.80817   62   30   17.96307   18.96339  5.57%  56.8 1020s
 678366 528971   18.76002   67   31   17.96307   18.96193  5.56%  56.7 1025s
 685785 531630     cutoff   60        17.96307   18.95987  5.55%  56.6 1037s
 685831 531652   18.95987   58   29   17.96307   18.95987  5.55%  56.6 1040s
 685911 532161   18.95289   59   30   17.96307   18.95859  5.54%  56.6 1049s
H686140 522020                      18.0428899   18.95732  5.07%  56.6 1049s
 686543 524775   18.75782   63   21   18.04289   18.95723  5.07%  56.6 1054s
 690241 527503     cutoff   59        18.04289   18.95712  5.07%  56.6 1061s
 694060 530303   18.87235   61   29   18.04289   18.95447  5.05%  56.5 1066s
 698025 533062   18.92997   60   31   18.04289   18.95317  5.05%  56.5 1072s
 701912 535882     cutoff   65        18.04289   18.95119  5.03%  56.4 1079s
 705812 538211   18.91946   63   33   18.04289   18.95026  5.03%  56.4 1084s
 709083 540852   18.88093   68   27   18.04289   18.94637  5.01%  56.3 1089s
 712781 543467   18.94453   60   21   18.04289   18.94453  5.00%  56.3 1094s
 716414 545927   18.04569   59   22   18.04289   18.94352  4.99%  56.2 1100s
 719748 548241   18.93592   76   23   18.04289   18.94060  4.98%  56.2 1106s
 722945 551166   18.93747   54   23   18.04289   18.93885  4.97%  56.2 1111s
 726972 553842   18.15288   65   33   18.04289   18.93885  4.97%  56.1 1116s
 730707 556470   18.74254   58   37   18.04289   18.93579  4.95%  56.1 1122s
 734402 559275     cutoff   65        18.04289   18.93386  4.94%  56.0 1128s
 738343 561732   18.84997   64   33   18.04289   18.93148  4.92%  56.0 1133s
 741730 564062     cutoff   56        18.04289   18.93013  4.92%  55.9 1138s
 745056 566748     cutoff   67        18.04289   18.92916  4.91%  55.9 1143s
 748752 569269   18.75527   69   29   18.04289   18.92541  4.89%  55.8 1149s
 752277 571905   18.64895   61   33   18.04289   18.92511  4.89%  55.8 1154s
 755944 574533   18.92090   72   36   18.04289   18.92288  4.88%  55.7 1159s
 759618 576891   18.60544   63   34   18.04289   18.92109  4.87%  55.7 1165s
 762901 579672   18.88829   65   37   18.04289   18.92002  4.86%  55.7 1171s
 766692 582293   18.91855   63   24   18.04289   18.91855  4.85%  55.6 1178s
 770306 584923   18.91437   66   32   18.04289   18.91640  4.84%  55.6 1183s
 774028 587489   18.91460   65   26   18.04289   18.91460  4.83%  55.6 1188s
 777576 590399   18.43974   64   28   18.04289   18.91394  4.83%  55.5 1193s
 781562 592704     cutoff   62        18.04289   18.91179  4.82%  55.5 1199s
 784849 595468     cutoff   61        18.04289   18.91058  4.81%  55.4 1204s
 788618 598015   18.48248   65   31   18.04289   18.90878  4.80%  55.4 1210s
 792250 600500   18.82008   60   34   18.04289   18.90683  4.79%  55.3 1216s
 795810 602796   18.84427   65   27   18.04289   18.90465  4.78%  55.3 1222s
 799069 605616   18.90312   60   26   18.04289   18.90312  4.77%  55.3 1229s
 803176 608238     cutoff   62        18.04289   18.90066  4.75%  55.2 1234s
 806745 611176     cutoff   63        18.04289   18.89980  4.75%  55.2 1240s
 810796 613999   18.85846   62   24   18.04289   18.89844  4.74%  55.1 1245s
 814662 616561     cutoff   66        18.04289   18.89713  4.73%  55.1 1250s
 818177 618978   18.89560   60   31   18.04289   18.89560  4.73%  55.0 1256s
 821694 621498   18.51161   65   27   18.04289   18.89341  4.71%  55.0 1262s
 825202 624447   18.83439   60   24   18.04289   18.89195  4.71%  54.9 1268s
 829276 626913   18.89043   62   19   18.04289   18.89043  4.70%  54.9 1273s
 832654 629019   18.88621   58   41   18.04289   18.88951  4.69%  54.9 1279s
 835598 631767   18.66477   72   23   18.04289   18.88765  4.68%  54.8 1284s
 839427 634491   18.88713   65   17   18.04289   18.88713  4.68%  54.8 1290s
 846642 639378   18.84454   54   31   18.04289   18.88427  4.66%  54.7 1300s
 849994 641816   18.86038   71   26   18.04289   18.88270  4.65%  54.7 1306s
 853302 644398   18.88220   54   27   18.04289   18.88220  4.65%  54.7 1311s
 856978 647038   18.86492   60   35   18.04289   18.88095  4.64%  54.7 1317s
 860704 649312   18.87903   65   34   18.04289   18.87903  4.63%  54.6 1322s
 863907 651979     cutoff   84        18.04289   18.87773  4.63%  54.6 1328s
 867677 654830   18.25516   68   33   18.04289   18.87669  4.62%  54.6 1333s
 871581 657543     cutoff   62        18.04289   18.87648  4.62%  54.5 1339s
 875414 659966   18.58717   60   32   18.04289   18.87409  4.61%  54.5 1345s
 878745 662365   18.87309   68   21   18.04289   18.87309  4.60%  54.5 1351s
 881983 664900   18.69994   72   27   18.04289   18.87257  4.60%  54.4 1358s
 885612 667551   18.76664   58   26   18.04289   18.87084  4.59%  54.4 1364s
 889364 670228   18.70583   67   29   18.04289   18.86926  4.58%  54.4 1370s
 893152 672701   18.83835   67   27   18.04289   18.86835  4.57%  54.3 1376s
 896704 674977   18.24164   54   29   18.04289   18.86654  4.56%  54.3 1382s
 899951 677393   18.86620   63   25   18.04289   18.86620  4.56%  54.3 1388s
 903400 680179   18.86033   75   22   18.04289   18.86479  4.56%  54.2 1394s
 907368 682571   18.86403   59   29   18.04289   18.86403  4.55%  54.2 1400s
 910741 685137     cutoff   63        18.04289   18.86403  4.55%  54.1 1405s
 914458 687380   18.06030   71   19   18.04289   18.86111  4.53%  54.1 1410s
 917751 689892     cutoff   70        18.04289   18.85968  4.53%  54.1 1417s
 921568 692216     cutoff   52        18.04289   18.85899  4.52%  54.0 1423s
 925113 694593     cutoff   69        18.04289   18.85767  4.52%  54.0 1430s
 928658 697194   18.15663   59   26   18.04289   18.85655  4.51%  54.0 1435s
 932499 699608   18.85554   58   24   18.04289   18.85554  4.50%  54.0 1442s
 936153 702024   18.79723   70   27   18.04289   18.85483  4.50%  53.9 1448s
 939806 704204     cutoff   61        18.04289   18.85364  4.49%  53.9 1454s
 943027 706819   18.28445   64   28   18.04289   18.85337  4.49%  53.9 1461s
 946914 709237   18.85155   65   20   18.04289   18.85155  4.48%  53.8 1466s
 950588 711384     cutoff   56        18.04289   18.85024  4.47%  53.8 1472s
 953978 714038   18.84916   64   21   18.04289   18.84916  4.47%  53.8 1479s
 958001 716459   18.83857   60   34   18.04289   18.84857  4.47%  53.7 1484s
 961644 718607     cutoff   61        18.04289   18.84711  4.46%  53.7 1491s
 965091 721212   18.31428   64   27   18.04289   18.84693  4.46%  53.7 1496s
 968973 723445     cutoff   59        18.04289   18.84512  4.45%  53.6 1503s
 972552 725664     cutoff   59        18.04289   18.84372  4.44%  53.6 1509s
 975972 728028     cutoff   66        18.04289   18.84268  4.43%  53.6 1514s
 979591 730359   18.20130   61   19   18.04289   18.84228  4.43%  53.5 1520s
 983125 730373     cutoff   59        18.04289   18.84175  4.43%  53.5 1526s
 983210 730424   18.84098   64   23   18.04289   18.84098  4.42%  53.5 1534s
 983248 731648   18.84098   65   24   18.04289   18.84098  4.42%  53.5 1539s
 985101 734643   18.10109   74   28   18.04289   18.84023  4.42%  53.5 1547s
 989699 737726   18.39692   78   21   18.04289   18.83911  4.41%  53.5 1555s
 994368 740647     cutoff   74        18.04289   18.83792  4.41%  53.4 1561s
 998739 743324   18.83684   60   28   18.04289   18.83684  4.40%  53.4 1567s
 1002832 745871   18.76035   66   32   18.04289   18.83595  4.40%  53.3 1573s
 1006588 748462     cutoff   66        18.04289   18.83529  4.39%  53.3 1579s
 1010556 750654   18.83382   65   29   18.04289   18.83382  4.38%  53.3 1586s
 1013995 753137     cutoff   76        18.04289   18.83248  4.38%  53.3 1592s
 1017770 755572   18.83180   65   20   18.04289   18.83180  4.37%  53.3 1598s
 1021437 757926   18.83140   68   24   18.04289   18.83140  4.37%  53.2 1604s
 1025024 760159   18.09327   63   26   18.04289   18.82986  4.36%  53.2 1611s
 1028476 762616   18.72070   65   35   18.04289   18.82937  4.36%  53.2 1617s
 1032297 765095     cutoff   60        18.04289   18.82788  4.35%  53.2 1623s
 1036096 767609   18.70824   62   27   18.04289   18.82663  4.34%  53.1 1628s
 1039877 769789   18.64717   64   33   18.04289   18.82525  4.34%  53.1 1635s
 1043316 772343   18.74809   66   32   18.04289   18.82425  4.33%  53.0 1642s
 1047233 774486     cutoff   63        18.04289   18.82346  4.33%  53.0 1648s
 1050613 777046   18.78883   52   30   18.04289   18.82264  4.32%  53.0 1654s
 1054447 779380     cutoff   60        18.04289   18.82161  4.32%  53.0 1660s
 1058127 781621   18.35117   68   31   18.04289   18.82055  4.31%  52.9 1669s
 1061659 784123     cutoff   62        18.04289   18.81970  4.31%  52.9 1675s
 1065436 786308   18.53575   66   20   18.04289   18.81885  4.30%  52.9 1681s
 1068815 788698     cutoff   59        18.04289   18.81842  4.30%  52.8 1687s
 1072525 790884   18.81062   62   29   18.04289   18.81645  4.29%  52.8 1694s
 1075923 793490     cutoff   63        18.04289   18.81549  4.28%  52.8 1700s
 1079894 795682   18.29910   62   33   18.04289   18.81509  4.28%  52.8 1706s
 1083260 798072   18.62412   73   27   18.04289   18.81382  4.27%  52.7 1711s
 1086945 800495   18.77821   61   21   18.04289   18.81252  4.27%  52.7 1717s
 1090663 802625   18.78193   63   34   18.04289   18.81197  4.26%  52.7 1723s
 1093834 805233   18.50890   60   32   18.04289   18.81164  4.26%  52.6 1728s
 1097703 807487   18.70169   60   26   18.04289   18.81026  4.25%  52.6 1734s
 1101253 810029     cutoff   62        18.04289   18.80923  4.25%  52.6 1740s
 1105100 812428   18.79137   59   35   18.04289   18.80855  4.24%  52.6 1746s
 1108752 814668   18.80757   65   24   18.04289   18.80757  4.24%  52.6 1752s
 1112235 817020     cutoff   49        18.04289   18.80697  4.23%  52.5 1758s
 1116011 819184   18.44554   73   28   18.04289   18.80592  4.23%  52.5 1764s
 1119458 821536   18.80494   59   25   18.04289   18.80494  4.22%  52.5 1770s
 1123187 823379     cutoff   66        18.04289   18.80423  4.22%  52.5 1776s
 1126030 825961   18.31627   59   17   18.04289   18.80323  4.21%  52.4 1781s
 1130001 828332   18.80089   76   27   18.04289   18.80274  4.21%  52.4 1788s
 1133615 830715   18.69225   56   40   18.04289   18.80149  4.20%  52.4 1794s
 1137436 830735   18.78399   67   28   18.04289   18.80056  4.20%  52.3 1800s
 1137528 830768   18.80034   58   14   18.04289   18.80034  4.20%  52.4 1811s
H1137566 823689                      18.0663460   18.80034  4.06%  52.4 1811s
 1137572 823867   18.80034   59   14   18.06635   18.80034  4.06%  52.4 1816s
 1137827 825051   18.80034   60   13   18.06635   18.80034  4.06%  52.3 1824s
 1139732 827542   18.80034   64   22   18.06635   18.80034  4.06%  52.3 1832s
 1143838 830112   18.60560   67   30   18.06635   18.79905  4.06%  52.3 1840s
 1147830 832723     cutoff   60        18.06635   18.79853  4.05%  52.3 1848s
 1152096 835330   18.79712   63   22   18.06635   18.79712  4.04%  52.2 1854s
 1156321 837456   18.51926   75   27   18.06635   18.79669  4.04%  52.2 1861s
 1159833 839722     cutoff   82        18.06635   18.79517  4.03%  52.2 1868s
 1163477 842044     cutoff   58        18.06635   18.79473  4.03%  52.2 1875s
 1167242 844216   18.74031   75   22   18.06635   18.79337  4.02%  52.2 1881s
 1170715 846311   18.64937   59   32   18.06635   18.79244  4.02%  52.1 1888s
 1174116 848437     cutoff   56        18.06635   18.79184  4.02%  52.1 1894s
 1177591 850892   18.52253   59   36   18.06635   18.79080  4.01%  52.1 1900s
 1181327 852946   18.79016   61   25   18.06635   18.79016  4.01%  52.1 1906s
 1184544 855231   18.78941   64   27   18.06635   18.78941  4.00%  52.1 1913s
 1188352 857420   18.45689   77   24   18.06635   18.78852  4.00%  52.0 1920s
 1191996 859875   18.72474   61   25   18.06635   18.78718  3.99%  52.0 1927s
 1195856 861982     cutoff   63        18.06635   18.78705  3.99%  52.0 1933s
 1199250 863960   18.71290   66   28   18.06635   18.78552  3.98%  52.0 1940s
 1202533 866302   18.78525   56   29   18.06635   18.78525  3.98%  52.0 1947s
 1206263 868725   18.62018   77   19   18.06635   18.78402  3.97%  51.9 1953s
 1210060 870632     cutoff   54        18.06635   18.78345  3.97%  51.9 1959s
 1213257 872891   18.59271   80   23   18.06635   18.78249  3.96%  51.9 1966s
 1216951 874881   18.78145   58   24   18.06635   18.78145  3.96%  51.9 1972s
 1220205 877091   18.78118   57   39   18.06635   18.78120  3.96%  51.9 1979s
 1223788 879304   18.72793   65   34   18.06635   18.78029  3.95%  51.8 1985s
 1227432 881338   18.65676   58   24   18.06635   18.77919  3.95%  51.8 1991s
 1230618 883822     cutoff   59        18.06635   18.77836  3.94%  51.8 1998s
 1234600 886146     cutoff   60        18.06635   18.77781  3.94%  51.8 2004s
 1238389 888489   18.66843   71   25   18.06635   18.77651  3.93%  51.7 2011s
 1242054 890807   18.77522   60   28   18.06635   18.77572  3.93%  51.7 2017s
 1245746 892893     cutoff   57        18.06635   18.77499  3.92%  51.7 2024s
 1246184 892893     cutoff   66        18.06635   18.77497  3.92%  51.7 2025s
 1249120 895064   18.70203   65   32   18.06635   18.77476  3.92%  51.7 2031s
 1252720 897426     cutoff   61        18.06635   18.77329  3.91%  51.6 2038s
 1256441 899700     cutoff   59        18.06635   18.77329  3.91%  51.6 2045s
 1260316 899719     cutoff   60        18.06635   18.77175  3.90%  51.6 2052s
 1260359 899739   18.75563   65   33   18.06635   18.77175  3.90%  51.6 2055s
 1260403 899755   18.77140   61   27   18.06635   18.77140  3.90%  51.6 2060s
 1260448 900383   18.77140   62   29   18.06635   18.77140  3.90%  51.6 2065s
 1261424 902522   18.75191   63   33   18.06635   18.77140  3.90%  51.6 2073s
 1264936 905130     cutoff   65        18.06635   18.77112  3.90%  51.6 2081s
 1269134 907430   18.63627   64   33   18.06635   18.76994  3.89%  51.5 2088s
 1273006 909928   18.75922   83   23   18.06635   18.76909  3.89%  51.5 2094s
 1274318 909928   18.45391   70   33   18.06635   18.76897  3.89%  51.5 2095s
 1277105 912305   18.52281   71   29   18.06635   18.76838  3.89%  51.5 2103s
 1281058 914415   18.69063   84   16   18.06635   18.76684  3.88%  51.4 2112s
 1284427 916673   18.49720   67   32   18.06635   18.76643  3.88%  51.4 2120s
 1287999 918921   18.57300   62   33   18.06635   18.76561  3.87%  51.4 2128s
 1291832 920986     cutoff   64        18.06635   18.76535  3.87%  51.4 2135s
 1295357 923026   18.72447   70   32   18.06635   18.76372  3.86%  51.3 2142s
 1298876 925348   18.60849   62   29   18.06635   18.76279  3.85%  51.3 2149s
 1302599 927207   18.73805   81   19   18.06635   18.76221  3.85%  51.3 2155s
 1305779 929550     cutoff   49        18.06635   18.76137  3.85%  51.3 2162s
 1309626 931608     cutoff   57        18.06635   18.76103  3.85%  51.2 2169s
 1313003 933851   18.69316   80   25   18.06635   18.76013  3.84%  51.2 2175s
 1316829 936056   18.74151   74   17   18.06635   18.75901  3.83%  51.2 2182s
 1320454 938121   18.56685   78   31   18.06635   18.75836  3.83%  51.2 2189s
 1323958 940554   18.63215   62   33   18.06635   18.75743  3.83%  51.2 2196s
 1327960 942752   18.75717   55   25   18.06635   18.75717  3.82%  51.1 2202s
 1331536 944874   18.74001   61   36   18.06635   18.75623  3.82%  51.1 2209s
 1335111 946739   18.38111   84   19   18.06635   18.75505  3.81%  51.1 2216s
 1338369 948996   18.58625   72   24   18.06635   18.75427  3.81%  51.1 2222s
 1342149 951141   18.75385   56   35   18.06635   18.75385  3.81%  51.1 2229s
 1345708 953376   18.32874   68   29   18.06635   18.75291  3.80%  51.0 2236s
 1349395 955562   18.74948   48   37   18.06635   18.75239  3.80%  51.0 2242s
 1352864 957851   18.70430   67   33   18.06635   18.75184  3.79%  51.0 2249s
 1356618 959538   18.73154   60   36   18.06635   18.75086  3.79%  51.0 2255s
 1359596 961721     cutoff   64        18.06635   18.75023  3.79%  51.0 2261s
 1363337 963913   18.73650   65   30   18.06635   18.74949  3.78%  51.0 2269s
 1367110 966054   18.74000   82   17   18.06635   18.74848  3.78%  50.9 2276s
 1370824 968076   18.74759   57   22   18.06635   18.74759  3.77%  50.9 2283s
 1374200 970317   18.64083   75   21   18.06635   18.74706  3.77%  50.9 2289s
 1377981 972594     cutoff   75        18.06635   18.74616  3.76%  50.9 2297s
 1381492 974573   18.74576   66   26   18.06635   18.74576  3.76%  50.9 2303s
 1385028 976839   18.18264   70   35   18.06635   18.74458  3.75%  50.8 2310s
 1388842 978859   18.74425   58   26   18.06635   18.74425  3.75%  50.8 2316s
 1392254 981062     cutoff   75        18.06635   18.74312  3.75%  50.8 2323s
 1395988 983517   18.74187   57   36   18.06635   18.74285  3.74%  50.8 2329s
 1400003 985791     cutoff   70        18.06635   18.74192  3.74%  50.8 2335s
 1403737 987280   18.74138   60   29   18.06635   18.74138  3.74%  50.7 2341s
 1406484 989408   18.67760   56   27   18.06635   18.74028  3.73%  50.7 2347s
 1410266 991438   18.64216   69   22   18.06635   18.73962  3.73%  50.7 2354s
 1413767 993709   18.62228   64   32   18.06635   18.73910  3.72%  50.7 2360s
 1417651 996031     cutoff   66        18.06635   18.73793  3.72%  50.7 2367s
 1421330 998140     cutoff   55        18.06635   18.73781  3.72%  50.6 2374s
 1424825 1000120   18.73655   61   31   18.06635   18.73655  3.71%  50.6 2381s
 1428168 1002331   18.53414   61   35   18.06635   18.73588  3.71%  50.6 2388s
 1431890 1004619   18.69564   56   24   18.06635   18.73517  3.70%  50.6 2394s
 1435737 1006794   18.48026   70   31   18.06635   18.73435  3.70%  50.6 2400s
 1439507 1008919   18.73351   70   23   18.06635   18.73351  3.69%  50.5 2406s
 1443162 1011061     cutoff   55        18.06635   18.73280  3.69%  50.5 2412s
 1446849 1012772   18.53300   66   35   18.06635   18.73197  3.68%  50.5 2419s
 1449816 1014993   18.63547   65   32   18.06635   18.73132  3.68%  50.5 2426s
 1453562 1017448   18.13003   55   16   18.06635   18.73097  3.68%  50.5 2432s
 1457531 1019500     cutoff   60        18.06635   18.73001  3.67%  50.5 2438s
 1461126 1021667     cutoff   62        18.06635   18.72910  3.67%  50.4 2444s
 1464930 1023562   18.72829   53   22   18.06635   18.72829  3.66%  50.4 2451s
 1468199 1025762   18.72572   65   39   18.06635   18.72829  3.66%  50.4 2458s
 1471940 1027724     cutoff   76        18.06635   18.72724  3.66%  50.4 2464s
 1475339 1030088     cutoff   70        18.06635   18.72630  3.65%  50.4 2472s
 1479378 1032035     cutoff   65        18.06635   18.72564  3.65%  50.4 2479s
 1482783 1034306     cutoff   69        18.06635   18.72463  3.64%  50.3 2487s
 1486640 1036394   18.72397   64   21   18.06635   18.72397  3.64%  50.3 2493s
 1490155 1038418   18.72378   61   30   18.06635   18.72378  3.64%  50.3 2500s
 1493584 1040523     cutoff   65        18.06635   18.72275  3.63%  50.3 2507s
 1497292 1042571   18.12092   65   27   18.06635   18.72197  3.63%  50.3 2514s
 1500894 1044492   18.66684   63   25   18.06635   18.72150  3.63%  50.3 2522s
 1504287 1046672   18.61119   69   24   18.06635   18.72056  3.62%  50.3 2529s
 1508091 1048916   18.56072   70   33   18.06635   18.71971  3.62%  50.2 2537s
 1511952 1050744   18.71871   60   19   18.06635   18.71871  3.61%  50.2 2543s
 1515107 1052999     cutoff   64        18.06635   18.71871  3.61%  50.2 2550s
 1519054 1055206   18.42714   78   21   18.06635   18.71779  3.61%  50.2 2557s
 1522811 1057233   18.40092   70   22   18.06635   18.71691  3.60%  50.2 2564s
 1526399 1059338   18.14104   73   24   18.06635   18.71609  3.60%  50.2 2572s
 1529873 1061558   18.71561   65   24   18.06635   18.71561  3.59%  50.1 2578s
 1533527 1063641   18.63214   72   26   18.06635   18.71488  3.59%  50.1 2586s
 1536887 1065878   18.66245   62   33   18.06635   18.71423  3.59%  50.1 2592s
 1540708 1067961   18.63690   61   33   18.06635   18.71423  3.59%  50.1 2599s
 1544178 1070278   18.71366   56   23   18.06635   18.71366  3.58%  50.1 2605s
 1548027 1072019   18.46823   76   23   18.06635   18.71249  3.58%  50.1 2612s
 1551111 1074222     cutoff   68        18.06635   18.71165  3.57%  50.1 2618s
 1554875 1076273     cutoff   64        18.06635   18.71123  3.57%  50.1 2624s
 1558525 1078231     cutoff   67        18.06635   18.71053  3.57%  50.1 2631s
 1561995 1080440     cutoff   61        18.06635   18.71008  3.56%  50.0 2638s
 1565723 1082274   18.40790   71   25   18.06635   18.70917  3.56%  50.0 2644s
 1569010 1084659   18.70842   60   28   18.06635   18.70842  3.55%  50.0 2651s
 1572876 1086602     cutoff   58        18.06635   18.70791  3.55%  50.0 2657s
 1576363 1088713   18.66858   66   28   18.06635   18.70706  3.55%  50.0 2665s
 1579960 1090827   18.29497   76   27   18.06635   18.70659  3.54%  50.0 2671s
 1583504 1092814     cutoff   61        18.06635   18.70593  3.54%  50.0 2678s
 1586948 1094893   18.66480   69   29   18.06635   18.70532  3.54%  49.9 2684s
 1590468 1097001   18.70163   54   41   18.06635   18.70455  3.53%  49.9 2691s
 1594306 1099040   18.62125   57   25   18.06635   18.70423  3.53%  49.9 2698s
 1597858 1101270     cutoff   70        18.06635   18.70342  3.53%  49.9 2704s
 1601637 1103160     cutoff   76        18.06635   18.70264  3.52%  49.9 2710s
 1605054 1105254     cutoff   74        18.06635   18.70181  3.52%  49.9 2716s
 1608689 1107171     cutoff   61        18.06635   18.70126  3.51%  49.8 2723s
 1612027 1109375   18.12536   62   35   18.06635   18.70103  3.51%  49.8 2729s
 1615851 1111314   18.67633   62   28   18.06635   18.70010  3.51%  49.8 2736s
 1619343 1113432   18.69936   61   24   18.06635   18.69936  3.50%  49.8 2743s
 1623167 1115418     cutoff   62        18.06635   18.69919  3.50%  49.8 2750s
 1626714 1117544   18.15455   57   18   18.06635   18.69808  3.50%  49.8 2756s
 1630313 1119483   18.33934   72   21   18.06635   18.69760  3.49%  49.8 2763s
 1633793 1121625   18.68389   72   22   18.06635   18.69677  3.49%  49.7 2770s
 1637443 1123661     cutoff   66        18.06635   18.69608  3.49%  49.7 2777s
 1641316 1125652   18.60389   72   28   18.06635   18.69503  3.48%  49.7 2785s
 1644927 1127568     cutoff   57        18.06635   18.69489  3.48%  49.7 2791s
 1648486 1129782   18.69261   80   19   18.06635   18.69373  3.47%  49.7 2798s
 1652367 1131685     cutoff   63        18.06635   18.69309  3.47%  49.7 2805s
 1655748 1133824   18.50318   72   28   18.06635   18.69233  3.46%  49.6 2813s
 1659377 1135801   18.65347   65   28   18.06635   18.69166  3.46%  49.6 2819s
 1662835 1138044   18.69136   62   31   18.06635   18.69136  3.46%  49.6 2826s
 1666733 1140236     cutoff   58        18.06635   18.69058  3.46%  49.6 2833s
 1670671 1142277   18.59481   78   21   18.06635   18.68980  3.45%  49.6 2840s
 1674258 1144369   18.60477   59   37   18.06635   18.68902  3.45%  49.6 2847s
 1678074 1146269     cutoff   77        18.06635   18.68835  3.44%  49.5 2854s
 1681496 1146294   18.26241   68   31   18.06635   18.68756  3.44%  49.5 2861s
 1681532 1150452   18.31167   78   26   18.06635   18.68744  3.44%  49.5 2925s
H1682109 1150444                      18.0663581   18.68742  3.44%  49.5 2926s
 1688721 1150468   18.68695   54   28   18.06636   18.68695  3.44%  49.5 2946s
 1688760 1153393   18.68695   56   26   18.06636   18.68695  3.44%  49.5 2969s
 1693893 1157790   18.34336   85   23   18.06636   18.68640  3.43%  49.5 2984s
 1701445 1161412   18.66244   70   28   18.06636   18.68454  3.42%  49.5 2995s
 1708000 1164720   18.67982   63   35   18.06636   18.68414  3.42%  49.4 3005s
 1713855 1166483   18.68303   72   16   18.06636   18.68303  3.41%  49.4 3012s
 1716985 1168527   18.53038   72   27   18.06636   18.68217  3.41%  49.4 3020s
 1720756 1170747   18.67316   76   21   18.06636   18.68142  3.40%  49.4 3026s
 1724829 1173025     cutoff   52        18.06636   18.68067  3.40%  49.4 3033s
 1728706 1175352   18.61704   60   37   18.06636   18.68067  3.40%  49.4 3039s
 1732695 1177145     cutoff   74        18.06636   18.67945  3.39%  49.4 3047s
 1736062 1179454   18.64715   63   38   18.06636   18.67870  3.39%  49.3 3052s
 1739954 1181547   18.60623   62   29   18.06636   18.67811  3.39%  49.3 3059s
 1743759 1183617     cutoff   68        18.06636   18.67756  3.38%  49.3 3066s
 1747448 1185298     cutoff   64        18.06636   18.67700  3.38%  49.3 3073s
 1750561 1187487     cutoff   53        18.06636   18.67628  3.38%  49.3 3080s
 1754526 1189607     cutoff   72        18.06636   18.67543  3.37%  49.3 3087s
 1758294 1191566   18.18636   71   32   18.06636   18.67483  3.37%  49.3 3093s
 1761888 1193560   18.67287   65   34   18.06636   18.67423  3.36%  49.2 3100s
 1765422 1195515   18.60576   69   23   18.06636   18.67367  3.36%  49.2 3107s
 1768940 1197753   18.60973   73   20   18.06636   18.67314  3.36%  49.2 3114s
 1772872 1199615     cutoff   53        18.06636   18.67280  3.36%  49.2 3120s
 1776252 1200160   18.64277   54   35   18.06636   18.67215  3.35%  49.2 3126s
 1777359 1201345   18.66565   60   35   18.06636   18.67215  3.35%  49.2 3133s
 1779384 1202879   18.60982   55   33   18.06636   18.67215  3.35%  49.2 3141s
 1782085 1205409   18.50662   56   35   18.06636   18.67215  3.35%  49.2 3152s
 1786684 1208365   18.67158   63   26   18.06636   18.67158  3.35%  49.2 3163s
 1792173 1211134   18.65416   72   25   18.06636   18.66917  3.34%  49.1 3171s
 1797010 1213674     cutoff   68        18.06636   18.66851  3.33%  49.1 3180s
 1801710 1215797   18.52843   75   22   18.06636   18.66773  3.33%  49.1 3188s
 1805778 1217782     cutoff   79        18.06636   18.66651  3.32%  49.1 3194s
 1806880 1217782   18.36539   73   26   18.06636   18.66647  3.32%  49.1 3195s
 1809325 1219807     cutoff   80        18.06636   18.66591  3.32%  49.1 3201s
 1812932 1221890   18.66566   70   24   18.06636   18.66566  3.32%  49.1 3207s
 1816759 1223888     cutoff   68        18.06636   18.66488  3.31%  49.1 3214s
 1820461 1225641   18.44992   72   27   18.06636   18.66405  3.31%  49.0 3221s
 1823674 1227770   18.66371   60   31   18.06636   18.66371  3.31%  49.0 3229s
 1827631 1229962     cutoff   63        18.06636   18.66310  3.30%  49.0 3234s
 1831420 1232058   18.66268   55   26   18.06636   18.66268  3.30%  49.0 3241s
 1835191 1234096     cutoff   70        18.06636   18.66191  3.30%  49.0 3247s
 1838788 1236056   18.32326   67   37   18.06636   18.66159  3.29%  49.0 3254s
 1842279 1237887   18.53359   64   19   18.06636   18.66079  3.29%  49.0 3260s
 1845639 1239757   18.66029   59   31   18.06636   18.66029  3.29%  49.0 3268s
 1849346 1241503   18.61907   73   22   18.06636   18.65944  3.28%  49.0 3274s
 1852637 1243667   18.49785   55   32   18.06636   18.65877  3.28%  49.0 3282s
 1856649 1245673     cutoff   58        18.06636   18.65846  3.28%  48.9 3289s
 1860387 1247725   18.26764   70   36   18.06636   18.65758  3.27%  48.9 3295s
 1864250 1249499   18.60542   63   20   18.06636   18.65686  3.27%  48.9 3302s
 1867467 1251769     cutoff   61        18.06636   18.65632  3.27%  48.9 3310s
 1871487 1253795   18.65595   65   20   18.06636   18.65595  3.26%  48.9 3317s
 1875139 1255998     cutoff   61        18.06636   18.65595  3.26%  48.9 3324s
 1879121 1258004   18.41635   78   22   18.06636   18.65462  3.26%  48.9 3331s
 1882741 1260018   18.61606   58   33   18.06636   18.65409  3.25%  48.9 3338s
 1886581 1261869   18.62367   65   30   18.06636   18.65350  3.25%  48.9 3346s
 1890090 1263853   18.60872   66   34   18.06636   18.65314  3.25%  48.8 3353s
 1893884 1265664   18.20739   55   23   18.06636   18.65269  3.25%  48.8 3360s
 1897309 1267747     cutoff   67        18.06636   18.65247  3.24%  48.8 3367s
 1901175 1269557   18.16346   75   23   18.06636   18.65113  3.24%  48.8 3374s
 1904579 1271649     cutoff   69        18.06636   18.65038  3.23%  48.8 3382s
 1908519 1273665   18.61139   78   20   18.06636   18.64970  3.23%  48.8 3389s
 1912055 1275693   18.40743   55   40   18.06636   18.64937  3.23%  48.7 3396s
 1915622 1277731   18.64857   66   30   18.06636   18.64876  3.22%  48.7 3402s
 1919498 1279809   18.64831   62   25   18.06636   18.64831  3.22%  48.7 3409s
 1923272 1281813   18.46280   68   33   18.06636   18.64777  3.22%  48.7 3417s
 1926866 1283965   18.64748   73   24   18.06636   18.64748  3.22%  48.7 3423s
 1930711 1285726     cutoff   55        18.06636   18.64669  3.21%  48.7 3430s
 1933987 1287579   18.64208   66   32   18.06636   18.64597  3.21%  48.7 3438s
 1937581 1289633   18.49561   68   28   18.06636   18.64537  3.20%  48.7 3445s
 1941226 1291623   18.47423   67   22   18.06636   18.64498  3.20%  48.6 3451s
 1944846 1293736   18.47495   56   23   18.06636   18.64434  3.20%  48.6 3458s
 1948706 1295670   18.50480   59   26   18.06636   18.64375  3.20%  48.6 3465s
 1952231 1297537   18.54423   65   34   18.06636   18.64326  3.19%  48.6 3472s
 1955887 1299458     cutoff   62        18.06636   18.64283  3.19%  48.6 3479s
 1959541 1301308   18.63106   58   22   18.06636   18.64226  3.19%  48.6 3485s
 1962778 1303521     cutoff   65        18.06636   18.64226  3.19%  48.6 3492s
 1966727 1305540   18.64136   65   19   18.06636   18.64136  3.18%  48.6 3499s
 1970413 1307451   18.59668   80   17   18.06636   18.64080  3.18%  48.5 3504s
 1974013 1309154   18.64025   54   34   18.06636   18.64025  3.18%  48.5 3512s
 1977255 1311261   18.63791   65   24   18.06636   18.63976  3.17%  48.5 3518s
 1981027 1313014     cutoff   56        18.06636   18.63924  3.17%  48.5 3524s
 1984609 1314767   18.63820   68   24   18.06636   18.63840  3.17%  48.5 3531s
 1988080 1316919   18.31849   61   28   18.06636   18.63804  3.16%  48.5 3538s
 1991857 1318912   18.13232   73   22   18.06636   18.63756  3.16%  48.5 3545s
 1995562 1320913   18.45270   71   24   18.06636   18.63703  3.16%  48.5 3552s
 1999309 1322832   18.45108   67   32   18.06636   18.63635  3.15%  48.5 3559s
 2002844 1324680   18.57778   60   34   18.06636   18.63581  3.15%  48.4 3565s
 2006421 1326500     cutoff   67        18.06636   18.63526  3.15%  48.4 3571s
 2009899 1328402   18.36347   71   28   18.06636   18.63468  3.15%  48.4 3577s
 2013527 1330340   18.27418   80   25   18.06636   18.63435  3.14%  48.4 3585s
 2016929 1332387     cutoff   72        18.06636   18.63366  3.14%  48.4 3592s
 2020939 1334040   18.24163   70   33   18.06636   18.63339  3.14%  48.4 3598s
 2024195 1334848   18.43488   55   35   18.06636   18.63277  3.14%  48.4 3600s

Cutting planes:
  Projected implied bound: 139
  MIR: 1395
  Flow cover: 85
  RLT: 500
  Relax-and-lift: 69

Explored 2025747 nodes (97972815 simplex iterations) in 3600.05 seconds (2887.73 work units)
Thread count was 32 (of 255 available processors)

Solution count 10: 18.0664 18.0663 18.0429 ... 17.581

Time limit reached
Best objective 1.806635813350e+01, best bound 1.863228351803e+01, gap 3.1325%

User-callback calls 4325923, time in user-callback 1.03 sec
source: 0 target: 9 model_arch: 3x50 perturbation type: translation perturbation size: [0, 1.0, 1.0] dataset: mnist
Attack:   0%|          | 0/500 [00:00<?, ?it/s]Attack:   0%|          | 1/500 [00:00<00:53,  9.40it/s]Attack:   7%|▋         | 36/500 [00:00<00:02, 201.12it/s]Attack:  14%|█▍        | 69/500 [00:00<00:01, 257.15it/s]Attack:  21%|██        | 103/500 [00:00<00:01, 286.54it/s]Attack:  27%|██▋       | 136/500 [00:00<00:01, 300.81it/s]Attack:  34%|███▍      | 169/500 [00:00<00:01, 309.93it/s]Attack:  41%|████▏     | 207/500 [00:00<00:00, 330.03it/s]Attack:  49%|████▉     | 245/500 [00:00<00:00, 343.05it/s]Attack:  57%|█████▋    | 283/500 [00:00<00:00, 353.09it/s]Attack:  64%|██████▍   | 320/500 [00:01<00:00, 357.88it/s]Attack:  71%|███████▏  | 357/500 [00:01<00:00, 358.38it/s]Attack:  79%|███████▊  | 393/500 [00:01<00:00, 357.62it/s]Attack:  86%|████████▌ | 430/500 [00:01<00:00, 358.26it/s]Attack:  93%|█████████▎| 467/500 [00:01<00:00, 359.08it/s]Attack: 100%|█████████▉| 499/500 [00:01<00:00, 328.55it/s]
best_val 14.08715534210205
Set parameter WLSAccessID
Set parameter WLSSecret
Set parameter LicenseID to value 2478548
Academic license 2478548 - for non-commercial use only - registered to ne___@campus.technion.ac.il
Encoding the two copies...
Encoding dependencies (activation_start=1, layers_offset=2)...
Adding perturbed interval constraints...
18.066358133497364  18.632283518033667  3600.079171895981
paper_experiments/mnist/3x50_exp/translation/eps_1,1/N1stdBoost_3x50_19/
Clean sample classification: 1
Perturbed sample classification: 9
compute_n2_relax_decision!: no shape source available (relu_diff_up_bounds and n2_abs_up_bounds both empty) — skipping decision precompute
[notice | Main.MIPVerify]: Determining upper and lower bounds for the input to each non-linear unit.
Set parameter WLSAccessID
Set parameter WLSSecret
Set parameter LicenseID to value 2478548
Academic license 2478548 - for non-commercial use only - registered to ne___@campus.technion.ac.il
Set parameter TimeLimit to value 5
Set parameter WLSAccessID
Set parameter WLSSecret
Set parameter LicenseID to value 2478548
Academic license 2478548 - for non-commercial use only - registered to ne___@campus.technion.ac.il
Set parameter MIPFocus to value 3
Set parameter Cutoff to value 1.4087155342102051e+01
Set parameter Threads to value 32
Set parameter TimeLimit to value 3600
Set parameter MIPGap to value 0.01
Set parameter Seed to value 4
Set parameter Seed to value 4
Set parameter MIPGap to value 0.01
Set parameter MIPFocus to value 3
Set parameter Cutoff to value 1.4087155342102051e+01
Set parameter Threads to value 32
Set parameter TimeLimit to value 3600
Warning for adding constraints: zero or small (< 1e-13) coefficients, ignored
Gurobi Optimizer version 13.0.0 build v13.0.0rc1 (linux64 - "Ubuntu 20.04.2 LTS")

CPU model: AMD EPYC 7713 64-Core Processor, instruction set [SSE2|AVX|AVX2]
Thread count: 127 physical cores, 255 logical processors, using up to 32 threads

Non-default parameters:
Cutoff  1.4087155342102051e+01
TimeLimit  3600
MIPGap  0.01
MIPFocus  3
Seed  4
Threads  32

Academic license 2478548 - for non-commercial use only - registered to ne___@campus.technion.ac.il
Optimize a model with 1658 rows, 1912 columns and 126893 nonzeros (Max)
Model fingerprint: 0xb3cedb41
Model has 1 linear objective coefficients
Variable types: 1741 continuous, 171 integer (171 binary)
Coefficient statistics:
  Matrix range     [3e-13, 3e+01]
  Objective range  [1e+00, 1e+00]
  Bounds range     [6e-09, 3e+01]
  RHS range        [4e-13, 1e+02]

User MIP start produced solution with objective 14.8446 (1.81s)
Loaded user MIP start with objective 14.8446
Processed MIP start in 2.05 seconds (2.93 work units)

Presolve removed 1130 rows and 789 columns
Presolve time: 0.21s
Presolved: 528 rows, 1123 columns, 119731 nonzeros
Variable types: 955 continuous, 168 integer (168 binary)
Root relaxation presolve removed 167 rows and 166 columns
Root relaxation presolved: 361 rows, 958 columns, 119210 nonzeros


Root relaxation: objective 3.834429e+01, 402 iterations, 0.07 seconds (0.10 work units)

    Nodes    |    Current Node    |     Objective Bounds      |     Work
 Expl Unexpl |  Obj  Depth IntInf | Incumbent    BestBd   Gap | It/Node Time

     0     0   38.34429    0   47   14.84459   38.34429   158%     -    2s
     0     0   35.61235    0   50   14.84459   35.61235   140%     -    2s
     0     0   35.61235    0   41   14.84459   35.61235   140%     -    2s
     0     0   35.10511    0   41   14.84459   35.10511   136%     -    3s
     0     0   34.71963    0   48   14.84459   34.71963   134%     -    3s
     0     0   34.71963    0   42   14.84459   34.71963   134%     -    3s
     0     0   33.42971    0   44   14.84459   33.42971   125%     -    3s
     0     0   32.72254    0   45   14.84459   32.72254   120%     -    3s
     0     0   32.72254    0   45   14.84459   32.72254   120%     -    4s
     0     0   32.37820    0   45   14.84459   32.37820   118%     -    4s
     0     0   32.37820    0   45   14.84459   32.37820   118%     -    4s
     0     2   32.37820    0   41   14.84459   32.37820   118%     -    4s
     3     8   32.37820    2   57   14.84459   32.37820   118%   694    5s
   417   468   26.01969   10   45   14.84459   26.39402  77.8%   672   10s
  1176  1170   24.36596   15   35   14.84459   24.39898  64.4%   641   15s
  2406  2240   17.39436    9   50   14.84459   23.49102  58.2%   538   20s
H 3352  2846                      14.8445901   22.90873  54.3%   512   32s
  3353  2847   20.52738    9   45   14.84459   22.90873  54.3%   512   38s
  3360  2852   22.06302   16   46   14.84459   22.90873  54.3%   511   40s
H 3360  2709                      14.8445901   22.90873  54.3%   511   40s
H 3361  2573                      14.8445901   22.90873  54.3%   511   42s
  3371  2587   22.90873   15   51   14.84459   22.90873  54.3%   511   45s
H 3553  2573                      14.8451497   22.90873  54.3%   522   48s
  3601  2626   22.90873   23   46   14.84515   22.90873  54.3%   529   50s
  3799  2724   22.90873   27   34   14.84515   22.90873  54.3%   559   56s
  3932  2799   22.90873   28   37   14.84515   22.90873  54.3%   576   61s
  4071  2914   21.80314   27   40   14.84515   22.90873  54.3%   598   65s
H 4088  2786                      14.8451931   22.90873  54.3%   601   65s
  4582  3138   15.20246   25   43   14.84519   22.88585  54.2%   619   70s
H 4754  3045                      14.8454527   22.52603  51.7%   630   73s
  4775  3165   21.94767   25   46   14.84545   22.48079  51.4%   633   75s
  5337  3419   20.14911   27   42   14.84545   21.96923  48.0%   648   81s
  5406  3471   21.26448   25   42   14.84545   21.80018  46.8%   656   88s
  5448  3497   21.25577   29   38   14.84545   21.73569  46.4%   659   93s
  5496  3516   20.57260   30   42   14.84545   21.67034  46.0%   659   96s
H 5505  3403                      14.8455983   21.66427  45.9%   660   96s
  6055  4041   19.58822   26   37   14.84560   21.45103  44.5%   650  100s
  6719  4173   20.52435   30   30   14.84560   21.22906  43.0%   636  105s
H 6784  4057                      15.0999032   21.14537  40.0%   638  107s
  7125  4695   20.64241   29   36   15.09990   21.07251  39.6%   632  111s
  8055  5251   20.19118   28   40   15.09990   20.82100  37.9%   607  115s
  9552  6414   16.68802   28   33   15.09990   20.49912  35.8%   575  120s
 11564  8482   18.91054   34   32   15.09990   20.12728  33.3%   524  126s
 13622 11134   19.81673   48   19   15.09990   19.94848  32.1%   476  130s
 19986 17415   19.81899   61   26   15.09990   19.81899  31.3%   352  136s
 22020 17478   19.78164   64   30   15.09990   19.80512  31.2%   328  141s
H22023 16671                      15.9987866   19.80512  23.8%   328  141s
H22036 16397                      16.2266662   19.80512  22.1%   328  141s
 24034 18308   19.61975   69   22   16.22667   19.74464  21.7%   307  147s
 24066 18339   19.74464   67   16   16.22667   19.74464  21.7%   307  150s
 24217 19254   19.63667   54   29   16.22667   19.72836  21.6%   306  157s
H24741 18780                      16.5394120   19.72836  19.3%   302  157s
 27304 22853   18.61140   61   31   16.53941   19.72812  19.3%   280  161s
 29407 27821   19.63349   55   33   16.53941   19.71352  19.2%   266  166s
 37115 31965   19.46955   70   23   16.53941   19.67666  19.0%   226  170s
 43713 38102   17.23310   58   22   16.53941   19.65285  18.8%   204  176s
 47155 41776   19.39137   59   26   16.53941   19.63992  18.7%   195  180s
 53737 48007   19.62337   65   17   16.53941   19.62337  18.6%   181  186s
 58545 56692   19.56766   65   29   16.53941   19.60058  18.5%   172  196s
 68259 62495   19.45051   69   25   16.53941   19.55882  18.3%   159  202s
 71499 65414   19.36609   65   31   16.53941   19.54759  18.2%   156  206s
 78238 72257   19.41052   59   26   16.53941   19.53316  18.1%   149  213s
 81962 75454   19.25214   66   23   16.53941   19.52439  18.0%   146  217s
 85305 79187   19.46437   54   26   16.53941   19.51547  18.0%   144  221s
 89286 86903   19.51047   62   13   16.53941   19.51047  18.0%   141  229s
 97513 90164   16.73988   56   32   16.53941   19.50059  17.9%   136  233s
 100995 93643   19.13274   62   28   16.53941   19.48830  17.8%   134  237s
 104762 97110   18.63228   67   12   16.53941   19.47923  17.8%   132  241s
 108590 100677   19.47114   62   14   16.53941   19.47114  17.7%   130  245s
 116012 107347   19.07165   64   28   16.53941   19.45510  17.6%   127  252s
 119475 113783   19.44837   56   15   16.53941   19.44837  17.6%   125  259s
 126290 117328   18.62256   59   29   16.53941   19.43872  17.5%   123  263s
 130063 120975   19.43032   65   29   16.53941   19.43033  17.5%   122  266s
 133886 124274   16.81130   52   30   16.53941   19.42637  17.5%   121  270s
 141008 130844   19.39844   50   38   16.53941   19.41671  17.4%   119  278s
 144446 134683   19.41292   69   25   16.53941   19.41299  17.4%   118  282s
 148499 140341   18.98510   69   23   16.53941   19.41017  17.4%   117  288s
 154522 143350   19.40093   65   24   16.53941   19.40093  17.3%   116  292s
 157686 147132   19.36307   70   27   16.53941   19.39677  17.3%   115  297s
 161703 150751   19.38941   60   29   16.53941   19.39412  17.3%   115  301s
 165601 154070   17.25540   71   24   16.53941   19.39392  17.3%   114  305s
 172956 160990   19.10907   63   28   16.53941   19.38212  17.2%   113  313s
 176501 164740   19.17001   62   32   16.53941   19.37253  17.1%   112  318s
 180471 169882   16.91703   54   27   16.53941   19.36974  17.1%   111  324s
 185984 173144   19.25313   67   25   16.53941   19.36206  17.1%   111  328s
 189527 176638   19.35610   60   21   16.53941   19.35610  17.0%   110  333s
 193276 179727   19.15174   58   28   16.53941   19.35048  17.0%   109  337s
 196593 183615   16.66360   59   35   16.53941   19.34598  17.0%   109  341s
 200744 187406   18.68655   57   32   16.53941   19.33785  16.9%   108  346s
 204795 191067   19.32799   63   29   16.53941   19.33433  16.9%   108  350s
 212567 199246   17.18964   70   26   16.53941   19.32493  16.8%   107  360s
 221121 206273     cutoff   70        16.53941   19.31436  16.8%   106  367s
 225069 209654   19.06455   61   33   16.53941   19.30633  16.7%   106  371s
 228656 213341   19.30633   63   28   16.53941   19.30633  16.7%   105  375s
 236491 220437   18.95748   61   33   16.53941   19.29724  16.7%   105  383s
 240189 223815   19.28899   53   24   16.53941   19.29269  16.6%   104  387s
 243819 228442   19.08182   64   25   16.53941   19.28899  16.6%   104  393s
 248803 229493   19.28009   62   28   16.53941   19.28442  16.6%   104  397s
 249931 231037   19.28155   66   11   16.53941   19.28155  16.6%   103  401s
 251590 233157   19.28155   67   17   16.53941   19.28155  16.6%   103  406s
H253269 232818                      16.5666705   19.28155  16.4%   103  406s
H253772 231148                      16.6864694   19.28155  15.6%   103  406s
 253876 236376   19.25113   68   23   16.68647   19.28155  15.6%   103  413s
 259590 236401     cutoff   42        16.68647   19.27119  15.5%   103  419s
H259605 229266                      17.0902657   19.27103  12.8%   103  419s
 259629 233544   19.27103   65   21   17.09027   19.27103  12.8%   103  426s
 264440 237379   19.26804   60   17   17.09027   19.26804  12.7%   102  431s
 268711 241349   19.01561   60   33   17.09027   19.26782  12.7%   102  436s
 273179 245661     cutoff   58        17.09027   19.25631  12.7%   102  442s
 277934 249096   18.85322   63   31   17.09027   19.25631  12.7%   101  446s
 281804 252299     cutoff   63        17.09027   19.24751  12.6%   101  451s
 285329 255712   19.05072   67   28   17.09027   19.24314  12.6%   101  455s
 289128 258744   19.08244   68   28   17.09027   19.23979  12.6%   101  460s
 292521 262429   18.37495   55   20   17.09027   19.23336  12.5%   101  465s
 296654 265871   17.72368   65   18   17.09027   19.23085  12.5%   100  470s
 304579 273156   19.00960   61   33   17.09027   19.22185  12.5%   100  480s
 308780 276808   19.12093   59   24   17.09027   19.21559  12.4%   100  485s
 312903 280246   19.00237   70   25   17.09027   19.21339  12.4%   100  490s
 320255 286849   18.98250   62   30   17.09027   19.20510  12.4%  99.4  499s
 324077 290427   18.37565   57   38   17.09027   19.20003  12.3%  99.3  504s
 328140 293965   19.19717   60   22   17.09027   19.19717  12.3%  99.1  509s
 332107 297117   19.19492   64   29   17.09027   19.19492  12.3%  98.9  514s
 335668 301144   19.17639   61   20   17.09027   19.18863  12.3%  98.7  519s
 340129 304423   19.15603   62   31   17.09027   19.18251  12.2%  98.6  524s
 343807 307922   19.10789   60   33   17.09027   19.18115  12.2%  98.4  529s
 347750 311379   18.85014   61   31   17.09027   19.17510  12.2%  98.2  534s
 351691 314712   19.17219   58   21   17.09027   19.17219  12.2%  98.0  539s
 355469 317851   17.71328   57   32   17.09027   19.16717  12.2%  97.9  544s
 359037 321384   19.16254   63   22   17.09027   19.16254  12.1%  97.7  549s
 362956 321410   19.16027   55   23   17.09027   19.16027  12.1%  97.5  555s
 363029 321661   19.11761   77   24   17.09027   19.15929  12.1%  97.6  564s
 363275 324929   19.15792   73   15   17.09027   19.15792  12.1%  97.5  569s
 366948 328260   19.11854   68   20   17.09027   19.15443  12.1%  97.4  576s
 370756 332399   19.12477   68   23   17.09027   19.14775  12.0%  97.2  582s
 375454 336018     cutoff   60        17.09027   19.14625  12.0%  97.0  588s
 379595 339285     cutoff   67        17.09027   19.14110  12.0%  96.8  592s
 383364 342830     cutoff   67        17.09027   19.13842  12.0%  96.7  597s
 387416 345872   18.80090   57   33   17.09027   19.13618  12.0%  96.6  601s
 390869 349254   18.80990   69   27   17.09027   19.13445  12.0%  96.4  606s
 394670 352718   18.25854   66   25   17.09027   19.12716  11.9%  96.3  611s
 398633 356905   19.12640   58   23   17.09027   19.12640  11.9%  96.2  617s
 403308 359800   17.88952   63   22   17.09027   19.11937  11.9%  96.0  621s
 406493 363196   18.94314   66   29   17.09027   19.11768  11.9%  96.0  627s
 410335 366567   18.74341   59   32   17.09027   19.11326  11.8%  95.8  632s
 414205 369915   19.01936   57   36   17.09027   19.10924  11.8%  95.7  637s
 418000 373053   19.10413   60   32   17.09027   19.10432  11.8%  95.6  642s
 421596 376489   19.02498   67   23   17.09027   19.10287  11.8%  95.5  647s
 425491 379901   18.73604   64   24   17.09027   19.10241  11.8%  95.3  652s
 429299 383593   19.09539   73   23   17.09027   19.09539  11.7%  95.3  658s
 433472 386989     cutoff   66        17.09027   19.09380  11.7%  95.1  663s
 437299 390544   19.08825   64   19   17.09027   19.08825  11.7%  95.1  668s
 441266 393789   17.19191   68   21   17.09027   19.08825  11.7%  95.0  673s
 444849 396644   19.03512   65   33   17.09027   19.08644  11.7%  94.9  679s
 448151 400324   18.95734   58   27   17.09027   19.08216  11.7%  94.8  684s
 452280 403937   18.10968   59   38   17.09027   19.07836  11.6%  94.7  689s
 456398 407304   18.71494   71   27   17.09027   19.07461  11.6%  94.6  695s
 460218 411256   19.01779   63   31   17.09027   19.07306  11.6%  94.5  701s
 464703 414273   19.07001   62   21   17.09027   19.07001  11.6%  94.4  706s
 468081 417366   18.94573   62   34   17.09027   19.06626  11.6%  94.3  712s
 471640 421044     cutoff   54        17.09027   19.06391  11.5%  94.2  717s
 475781 424361   19.05400   59   35   17.09027   19.05989  11.5%  94.1  721s
 479501 427416   19.04857   63   31   17.09027   19.05886  11.5%  94.0  727s
 482932 430841   18.98286   66   34   17.09027   19.05832  11.5%  94.0  732s
 486823 434138   19.04291   60   33   17.09027   19.05392  11.5%  93.9  738s
 490659 437767   18.35640   62   32   17.09027   19.05171  11.5%  93.8  744s
 494791 440931   17.52584   62   20   17.09027   19.04899  11.5%  93.7  749s
 498430 444476   19.04518   52   22   17.09027   19.04518  11.4%  93.6  754s
 502398 447936   18.99423   55   32   17.09027   19.04188  11.4%  93.6  760s
 506390 451221   18.97198   65   26   17.09027   19.03898  11.4%  93.5  766s
 510178 454525   18.24502   60   24   17.09027   19.03743  11.4%  93.4  771s
 513967 458085   19.03564   57   21   17.09027   19.03564  11.4%  93.3  777s
 517963 461411   19.03109   71   17   17.09027   19.03109  11.4%  93.2  782s
 521784 464916   19.02763   52   27   17.09027   19.02763  11.3%  93.1  789s
 525674 468509   19.02577   64   12   17.09027   19.02577  11.3%  93.0  794s
 529751 471737   19.01821   70   27   17.09027   19.02217  11.3%  93.0  800s
 533482 475095   18.73829   65   31   17.09027   19.01977  11.3%  92.9  806s
 537411 478748   18.21640   67   24   17.09027   19.01502  11.3%  92.8  812s
 541602 481979   18.92383   58   33   17.09027   19.01298  11.3%  92.6  817s
 545290 485153   19.01092   55   21   17.09027   19.01092  11.2%  92.6  823s
 548956 488424   19.00905   53   25   17.09027   19.00905  11.2%  92.5  828s
 552717 492078   18.91386   65   26   17.09027   19.00616  11.2%  92.4  835s
 556973 495274   18.68083   71   26   17.09027   19.00272  11.2%  92.2  840s
 560619 498377   17.15807   53   34   17.09027   19.00040  11.2%  92.2  846s
 564213 502046   18.84070   58   35   17.09027   18.99702  11.2%  92.1  852s
 568360 505271   18.80032   69   29   17.09027   18.99583  11.1%  92.0  857s
 572042 508319   18.99412   55   28   17.09027   18.99412  11.1%  91.9  863s
 575547 511721   18.75336   57   28   17.09027   18.99046  11.1%  91.8  869s
 579524 515295   18.98923   57   35   17.09027   18.98956  11.1%  91.8  874s
 583592 519149   18.94822   74   19   17.09027   18.98456  11.1%  91.7  880s
 587948 522256   18.93992   55   24   17.09027   18.98358  11.1%  91.6  886s
 591532 525306   18.02723   53   41   17.09027   18.98085  11.1%  91.5  891s
 595009 528622   18.82665   55   40   17.09027   18.97822  11.0%  91.5  897s
 598827 531914   18.79981   57   17   17.09027   18.97717  11.0%  91.3  903s
 602634 535331   18.94914   68   28   17.09027   18.97507  11.0%  91.3  908s
 606610 538561   18.97219   59   32   17.09027   18.97219  11.0%  91.2  914s
 610257 541933   18.94106   74   24   17.09027   18.97059  11.0%  91.1  920s
 614149 545074   18.96666   55   20   17.09027   18.96666  11.0%  91.0  927s
 617732 548779     cutoff   63        17.09027   18.96499  11.0%  91.0  934s
 621923 552094   18.94533   65   32   17.09027   18.96268  11.0%  90.9  939s
 625733 555455   18.65944   68   27   17.09027   18.96042  10.9%  90.9  945s
 629659 558816   18.95850   64   20   17.09027   18.95850  10.9%  90.8  952s
 633568 562436   18.55828   68   29   17.09027   18.95558  10.9%  90.8  959s
 637677 565405   18.65464   56   41   17.09027   18.95398  10.9%  90.7  964s
 641141 568924   18.64992   58   33   17.09027   18.95257  10.9%  90.7  970s
 645182 572388     cutoff   60        17.09027   18.95052  10.9%  90.6  977s
 649098 575726   18.75062   59   31   17.09027   18.94733  10.9%  90.6  983s
 653008 578780   17.53776   59   30   17.09027   18.94559  10.9%  90.5  990s
 656479 582278   18.94496   60   17   17.09027   18.94496  10.9%  90.4  996s
 660378 585924     cutoff   56        17.09027   18.94496  10.9%  90.3 1002s
 664515 589273   18.93933   60   21   17.09027   18.93933  10.8%  90.3 1008s
 668299 592789   18.71280   59   32   17.09027   18.93607  10.8%  90.2 1014s
 672331 596055   18.79070   59   29   17.09027   18.93443  10.8%  90.1 1021s
 676046 599354   18.93252   68   18   17.09027   18.93252  10.8%  90.0 1028s
 679844 602855   18.40590   52   19   17.09027   18.93047  10.8%  90.0 1033s
 683850 605998     cutoff   63        17.09027   18.92743  10.7%  90.0 1040s
 687413 609555   18.92500   67   31   17.09027   18.92649  10.7%  89.9 1047s
 691449 613034   18.92552   54   19   17.09027   18.92552  10.7%  89.8 1053s
 695415 616394   18.71965   62   31   17.09027   18.92244  10.7%  89.8 1060s
 699343 619569   18.49083   59   21   17.09027   18.92044  10.7%  89.7 1066s
 702972 622829     cutoff   60        17.09027   18.91849  10.7%  89.7 1072s
 706736 626376   18.90402   68   24   17.09027   18.91591  10.7%  89.6 1078s
 710786 629350   18.82932   63   27   17.09027   18.91310  10.7%  89.5 1084s
 714119 632644   18.84137   55   34   17.09027   18.91050  10.7%  89.5 1091s
 717927 636147     cutoff   64        17.09027   18.91012  10.6%  89.5 1097s
 721958 639292   18.85542   66   26   17.09027   18.90927  10.6%  89.4 1104s
 725558 642923   18.84863   53   21   17.09027   18.90526  10.6%  89.3 1111s
 729791 646013   18.90157   53   27   17.09027   18.90472  10.6%  89.2 1118s
 733311 649551   18.90307   58   18   17.09027   18.90307  10.6%  89.2 1124s
 737368 653027   18.56160   57   31   17.09027   18.89968  10.6%  89.1 1131s
 741303 656512   18.85956   60   29   17.09027   18.89888  10.6%  89.1 1137s
 745274 659805   18.89779   57   26   17.09027   18.89779  10.6%  89.0 1144s
 749001 662734   18.88318   73   24   17.09027   18.89459  10.6%  89.0 1150s
 752406 666188   18.17829   61   32   17.09027   18.89400  10.6%  89.0 1157s
 756339 669484   18.85705   58   32   17.09027   18.89166  10.5%  88.9 1164s
 760113 672834   18.88466   61   38   17.09027   18.89076  10.5%  88.9 1170s
 763973 675903   18.56431   65   28   17.09027   18.88892  10.5%  88.8 1177s
 767719 679328   18.65468   66   29   17.09027   18.88745  10.5%  88.8 1183s
 771552 682511   18.04674   60   32   17.09027   18.88580  10.5%  88.7 1189s
 775229 686036   18.85553   66   19   17.09027   18.88371  10.5%  88.7 1196s
 779328 689151   18.12881   65   27   17.09027   18.88273  10.5%  88.6 1203s
 783089 692406   18.25618   65   28   17.09027   18.88103  10.5%  88.6 1209s
 786928 695509   18.87901   55   25   17.09027   18.87901  10.5%  88.5 1216s
 790599 698806   18.87771   63   27   17.09027   18.87771  10.5%  88.5 1221s
 794477 701895     cutoff   70        17.09027   18.87673  10.5%  88.4 1228s
 798130 705077   17.91844   63   31   17.09027   18.87426  10.4%  88.4 1234s
 801789 708657   18.81261   60   31   17.09027   18.87164  10.4%  88.3 1241s
 805976 711607   18.86961   57   21   17.09027   18.86961  10.4%  88.2 1246s
 809471 715064   18.59937   68   30   17.09027   18.86789  10.4%  88.2 1253s
 813477 718317   18.43954   63   28   17.09027   18.86652  10.4%  88.2 1259s
 817318 721355   18.08368   61   36   17.09027   18.86586  10.4%  88.1 1267s
 820883 724547   18.78838   60   28   17.09027   18.86432  10.4%  88.1 1273s
 824563 728035   17.79989   64   31   17.09027   18.86073  10.4%  88.0 1280s
 828587 730819   18.85895   55   24   17.09027   18.85895  10.3%  88.0 1287s
 831856 734523   18.85753   59   24   17.09027   18.85753  10.3%  87.9 1294s
 836140 737914     cutoff   57        17.09027   18.85717  10.3%  87.9 1301s
 840173 741187   18.83004   61   36   17.09027   18.85488  10.3%  87.8 1308s
 844014 744530   18.77079   55   30   17.09027   18.85295  10.3%  87.8 1315s
 848019 748027     cutoff   67        17.09027   18.84989  10.3%  87.7 1322s
 852043 751082     cutoff   69        17.09027   18.84886  10.3%  87.7 1330s
 855703 754575   18.84750   59   25   17.09027   18.84750  10.3%  87.6 1337s
 859737 758002   18.63205   66   30   17.09027   18.84590  10.3%  87.6 1344s
 863715 760930   18.71630   51   33   17.09027   18.84436  10.3%  87.5 1350s
 867242 764078   17.84460   63   26   17.09027   18.84161  10.2%  87.4 1357s
 871006 767346   18.57880   56   25   17.09027   18.83907  10.2%  87.4 1363s
 874869 770443     cutoff   63        17.09027   18.83902  10.2%  87.3 1371s
 878575 773879   18.75230   66   25   17.09027   18.83585  10.2%  87.3 1378s
 882508 777271   18.50954   68   22   17.09027   18.83479  10.2%  87.2 1386s
 886479 777298   18.77232   61   35   17.09027   18.83306  10.2%  87.2 1392s
 886516 777328   18.81325   60   30   17.09027   18.83306  10.2%  87.2 1398s
H886520 744527                      17.5422554   18.83303  7.36%  87.2 1398s
 886550 744554   18.43581   66   31   17.54226   18.83303  7.36%  87.2 1407s
 886587 744584   18.48815   57   30   17.54226   18.83268  7.36%  87.2 1413s
 886621 744610   18.41892   58   30   17.54226   18.83268  7.36%  87.2 1420s
H886635 744495                      17.5434069   18.83224  7.35%  87.2 1420s
 886657 747346   18.83212   62   21   17.54341   18.83212  7.35%  87.2 1429s
 890164 747376   18.71603   56   25   17.54341   18.83047  7.34%  87.1 1437s
 890198 754499   18.83047   52   19   17.54341   18.83047  7.34%  87.1 1472s
 899277 759684   18.76448   69   26   17.54341   18.82535  7.31%  87.1 1485s
 905567 764165   18.82520   65   22   17.54341   18.82520  7.31%  87.0 1497s
 911177 768237   18.82197   70   17   17.54341   18.82197  7.29%  87.0 1507s
 916163 771845   18.73870   59   33   17.54341   18.82007  7.28%  86.9 1516s
 920676 774627   18.81694   54   17   17.54341   18.81694  7.26%  86.9 1524s
 924169 777981   18.81539   54   24   17.54341   18.81539  7.25%  86.8 1532s
 928281 780764   18.50952   64   25   17.54341   18.81328  7.24%  86.8 1539s
 931652 784112   18.32494   59   38   17.54341   18.81174  7.23%  86.8 1548s
 935678 787433     cutoff   62        17.54341   18.81005  7.22%  86.8 1555s
 939789 790171   18.54840   72   24   17.54341   18.80822  7.21%  86.7 1562s
 943201 793420   18.76377   63   35   17.54341   18.80659  7.20%  86.7 1569s
 947195 796526   18.80488   58   22   17.54341   18.80488  7.19%  86.6 1577s
 951072 799362   18.72887   60   28   17.54341   18.80341  7.18%  86.6 1585s
 954631 802569     cutoff   56        17.54341   18.80173  7.17%  86.6 1592s
 958604 805440   18.80072   65   19   17.54341   18.80072  7.17%  86.5 1601s
 962192 808515   18.67097   63   33   17.54341   18.79865  7.16%  86.5 1608s
 966023 811133   18.79625   48   27   17.54341   18.79625  7.14%  86.5 1617s
 969422 814275   18.79553   60   15   17.54341   18.79553  7.14%  86.4 1625s
 973275 817560   18.39835   61   17   17.54341   18.79204  7.12%  86.4 1634s
 977164 820921   17.75086   68   26   17.54341   18.79080  7.11%  86.3 1641s
 981265 823758     cutoff   55        17.54341   18.79020  7.11%  86.3 1648s
 984849 826736   18.62216   59   39   17.54341   18.78792  7.09%  86.3 1657s
 988466 830028   18.78569   64   18   17.54341   18.78569  7.08%  86.2 1665s
 992643 833067     cutoff   68        17.54341   18.78471  7.08%  86.2 1672s
 996439 835894   18.72679   60   30   17.54341   18.78321  7.07%  86.2 1681s
 999906 839098   18.78106   68   17   17.54341   18.78106  7.05%  86.2 1689s
 1003863 842200   18.62641   62   28   17.54341   18.77928  7.04%  86.1 1698s
 1007641 845230   18.54777   55   37   17.54341   18.77830  7.04%  86.1 1706s
 1011467 848187   18.77667   71   17   17.54341   18.77667  7.03%  86.1 1714s
 1015110 850875   18.77547   69   15   17.54341   18.77547  7.02%  86.1 1723s
 1018464 853887   18.77364   56   19   17.54341   18.77364  7.01%  86.0 1732s
 1022291 857074   18.03372   64   30   17.54341   18.77146  7.00%  86.0 1742s
 1026153 860183   18.77023   65   20   17.54341   18.77023  6.99%  85.9 1751s
 1030095 863222     cutoff   60        17.54341   18.76924  6.99%  85.9 1759s
 1031018 863222   18.76924   58   29   17.54341   18.76924  6.99%  85.9 1760s
 1033870 866549   18.74071   59   34   17.54341   18.76666  6.97%  85.8 1769s
 1037864 869452   18.76471   59   29   17.54341   18.76471  6.96%  85.8 1776s
 1041491 872411     cutoff   60        17.54341   18.76410  6.96%  85.8 1784s
 1045005 875486   18.56360   73   23   17.54341   18.76171  6.94%  85.7 1793s
 1048856 878637   18.51150   61   32   17.54341   18.76068  6.94%  85.7 1801s
 1052805 881516   17.68121   67   27   17.54341   18.75868  6.93%  85.7 1811s
 1056321 884400   18.75811   56   19   17.54341   18.75811  6.92%  85.7 1819s
 1059968 887639   18.55199   75   21   17.54341   18.75692  6.92%  85.7 1828s
 1063978 890729   18.75585   63   22   17.54341   18.75585  6.91%  85.6 1837s
 1067770 893686   18.65596   57   29   17.54341   18.75430  6.90%  85.6 1845s
 1071375 896417   18.59755   54   39   17.54341   18.75229  6.89%  85.6 1853s
 1074760 899534     cutoff   59        17.54341   18.75155  6.89%  85.6 1862s
 1078631 902735   18.44763   53   24   17.54341   18.75003  6.88%  85.5 1870s
 1082545 906055   18.74840   59   22   17.54341   18.74840  6.87%  85.5 1880s
 1086645 908995   18.55922   60   31   17.54341   18.74669  6.86%  85.5 1889s
 1090345 912070   18.69116   55   38   17.54341   18.74532  6.85%  85.4 1898s
 1094181 915125   18.74445   71   17   17.54341   18.74445  6.85%  85.4 1906s
 1098093 917828   18.53942   68   25   17.54341   18.74259  6.84%  85.4 1915s
 1101478 920638   18.65975   62   22   17.54341   18.74236  6.83%  85.3 1923s
 1104958 923730   18.74000   66   14   17.54341   18.74000  6.82%  85.3 1931s
 1108862 926744   18.27580   69   23   17.54341   18.73879  6.81%  85.3 1940s
 1112598 929575   18.66670   64   29   17.54341   18.73700  6.80%  85.3 1949s
 1116191 929602   18.53665   71   19   17.54341   18.73546  6.79%  85.2 1953s
 1116228 930711   18.73490   59   37   17.54341   18.73519  6.79%  85.2 1961s
 1117565 933848     cutoff   63        17.54341   18.73515  6.79%  85.2 1971s
 1121498 937036   18.40755   67   30   17.54341   18.73399  6.79%  85.2 1980s
 1125407 940698   18.46826   68   28   17.54341   18.73269  6.78%  85.2 1989s
 1129990 943994   18.15864   64   26   17.54341   18.73074  6.77%  85.1 1998s
 1134050 946570   18.25786   60   32   17.54341   18.72945  6.76%  85.1 2007s
 1137260 949671     cutoff   63        17.54341   18.72765  6.75%  85.1 2016s
 1141123 952919   18.61425   50   23   17.54341   18.72650  6.74%  85.1 2024s
 1145176 956154   18.16446   61   24   17.54341   18.72568  6.74%  85.1 2033s
 1149236 958951   18.72443   71   25   17.54341   18.72443  6.73%  85.1 2042s
 1152807 962027   18.72404   58   24   17.54341   18.72404  6.73%  85.1 2052s
 1156761 965176   18.52754   73   23   17.54341   18.72181  6.72%  85.0 2061s
 1160791 968134   18.36209   66   26   17.54341   18.72043  6.71%  85.0 2071s
 1164514 970820     cutoff   63        17.54341   18.71965  6.70%  85.0 2078s
 1167901 973758   18.56369   65   27   17.54341   18.71794  6.69%  84.9 2087s
 1171614 976972     cutoff   64        17.54341   18.71683  6.69%  84.9 2095s
 1175686 979863   17.61266   58   24   17.54341   18.71540  6.68%  84.9 2103s
 1179319 982747   18.08414   63   30   17.54341   18.71448  6.68%  84.9 2111s
 1183003 985767   18.35103   62   30   17.54341   18.71358  6.67%  84.9 2119s
 1186714 988774   18.70929   56   32   17.54341   18.71170  6.66%  84.9 2127s
 1190508 992049     cutoff   58        17.54341   18.71107  6.66%  84.8 2136s
 1194559 994539   18.65627   61   30   17.54341   18.70868  6.64%  84.8 2143s
 1197732 997736   18.70763   58   28   17.54341   18.70763  6.64%  84.8 2152s
 1201751 1000652   18.65238   60   23   17.54341   18.70607  6.63%  84.7 2160s
 1205414 1003890   18.70480   62   28   17.54341   18.70480  6.62%  84.7 2169s
 1209516 1006658   17.63262   63   27   17.54341   18.70308  6.61%  84.7 2178s
 1213141 1010096   18.59807   56   40   17.54341   18.70211  6.60%  84.7 2187s
 1217397 1012916   18.70031   59   19   17.54341   18.70031  6.59%  84.7 2195s
 1220953 1015787   18.69999   56   28   17.54341   18.69999  6.59%  84.6 2204s
 1224528 1018182     cutoff   65        17.54341   18.69815  6.58%  84.6 2212s
 1227639 1021514   18.49915   58   31   17.54341   18.69696  6.58%  84.6 2221s
 1231783 1024608   18.69523   61   21   17.54341   18.69523  6.57%  84.6 2230s
 1235782 1027538   18.53132   75   23   17.54341   18.69378  6.56%  84.6 2239s
 1239513 1030572   18.69235   59   25   17.54341   18.69235  6.55%  84.5 2248s
 1243365 1033377   18.67825   61   27   17.54341   18.69097  6.54%  84.5 2256s
 1247011 1036738   18.17177   58   34   17.54341   18.68998  6.54%  84.5 2266s
 1251302 1039945   18.68849   52   36   17.54341   18.68849  6.53%  84.5 2275s
 1255329 1042551   18.68776   67   19   17.54341   18.68776  6.52%  84.5 2283s
 1258667 1045791   18.62335   59   31   17.54341   18.68660  6.52%  84.5 2292s
 1262695 1048518   18.63581   63   35   17.54341   18.68547  6.51%  84.4 2300s
 1266168 1051437   18.65805   52   30   17.54341   18.68497  6.51%  84.4 2309s
 1269885 1054474     cutoff   65        17.54341   18.68267  6.49%  84.4 2318s
 1273784 1057439   18.51758   68   23   17.54341   18.68267  6.49%  84.3 2327s
 1277491 1060077   17.87673   74   26   17.54341   18.67977  6.48%  84.3 2336s
 1280846 1063362   18.67843   68   21   17.54341   18.67843  6.47%  84.3 2344s
 1285060 1066057   17.68525   72   23   17.54341   18.67718  6.46%  84.2 2353s
 1288479 1069090     cutoff   61        17.54341   18.67684  6.46%  84.2 2362s
 1292426 1072116   18.67616   63   25   17.54341   18.67616  6.46%  84.2 2370s
 1296403 1074960   18.51550   71   24   17.54341   18.67380  6.44%  84.2 2379s
 1300054 1077788   18.48810   70   26   17.54341   18.67300  6.44%  84.2 2387s
 1303589 1080856   18.53444   67   24   17.54341   18.67206  6.43%  84.2 2395s
 1307552 1083895   18.26860   63   26   17.54341   18.67103  6.43%  84.2 2404s
 1311477 1086711     cutoff   57        17.54341   18.67012  6.42%  84.1 2412s
 1315210 1089344     cutoff   57        17.54341   18.66929  6.42%  84.1 2419s
 1318544 1091924     cutoff   66        17.54341   18.66722  6.41%  84.1 2429s
 1321862 1095109     cutoff   65        17.54341   18.66646  6.40%  84.1 2437s
 1326008 1098381     cutoff   59        17.54341   18.66532  6.40%  84.1 2446s
 1330292 1101370   18.66448   60   28   17.54341   18.66448  6.39%  84.0 2455s
 1334075 1104259   17.88857   77   19   17.54341   18.66284  6.38%  84.0 2464s
 1337813 1107254   18.62925   61   34   17.54341   18.66139  6.37%  84.0 2473s
 1341678 1109873   18.20359   66   32   17.54341   18.66036  6.37%  84.0 2482s
 1345023 1112363   18.40211   77   23   17.54341   18.65925  6.36%  84.0 2491s
 1348351 1115479   17.71074   75   22   17.54341   18.65789  6.35%  83.9 2501s
 1352280 1118611   17.62571   56   21   17.54341   18.65651  6.34%  83.9 2509s
 1356320 1121488   18.48987   77   19   17.54341   18.65562  6.34%  83.9 2518s
 1359938 1124368     cutoff   57        17.54341   18.65467  6.33%  83.9 2527s
 1363725 1127363   18.65344   51   28   17.54341   18.65344  6.33%  83.9 2537s
 1367581 1130435   18.54186   66   24   17.54341   18.65179  6.32%  83.9 2546s
 1371475 1133217     cutoff   60        17.54341   18.65064  6.31%  83.8 2555s
 1375092 1135763   18.33093   61   29   17.54341   18.64942  6.30%  83.8 2563s
 1378445 1138636     cutoff   64        17.54341   18.64934  6.30%  83.8 2572s
 1382353 1141376   18.64759   64   18   17.54341   18.64759  6.29%  83.8 2581s
 1385988 1144257   18.64603   57   22   17.54341   18.64603  6.29%  83.7 2589s
 1389836 1147056   18.53372   59   39   17.54341   18.64480  6.28%  83.7 2597s
 1393516 1149956   18.27222   63   27   17.54341   18.64332  6.27%  83.7 2607s
 1397211 1153044   18.00956   67   27   17.54341   18.64203  6.26%  83.7 2614s
 1401104 1156128   18.25498   61   32   17.54341   18.64142  6.26%  83.7 2623s
 1405150 1158542   18.64098   51   15   17.54341   18.64098  6.26%  83.7 2631s
 1408285 1161763   18.64055   57   21   17.54341   18.64055  6.25%  83.7 2639s
 1412352 1164565     cutoff   63        17.54341   18.63826  6.24%  83.7 2648s
 1416034 1167660   18.59018   61   31   17.54341   18.63765  6.24%  83.6 2656s
 1419991 1170775   18.31662   57   36   17.54341   18.63654  6.23%  83.6 2665s
 1424101 1173771   18.63525   68   18   17.54341   18.63525  6.22%  83.6 2674s
 1427911 1176784   18.24967   64   28   17.54341   18.63388  6.22%  83.6 2683s
 1431930 1179682   18.39521   68   20   17.54341   18.63278  6.21%  83.6 2692s
 1435717 1182068   18.26173   60   34   17.54341   18.63204  6.21%  83.6 2700s
 1438884 1184866   18.51417   58   31   17.54341   18.63086  6.20%  83.6 2710s
 1442611 1188064   18.15985   61   28   17.54341   18.62952  6.19%  83.6 2719s
 1446804 1188090   18.62827   52   27   17.54341   18.62827  6.18%  83.5 2727s
 1446841 1188116   18.58307   53   36   17.54341   18.62827  6.18%  83.6 2734s
 1446878 1188156   18.62827   54   29   17.54341   18.62827  6.18%  83.6 2743s
 1446922 1188264   18.62827   55   29   17.54341   18.62827  6.18%  83.6 2751s
 1447064 1188739   18.62543   56   35   17.54341   18.62827  6.18%  83.6 2759s
 1447668 1191142   18.61596   63   27   17.54341   18.62790  6.18%  83.6 2770s
 1450787 1194297     cutoff   64        17.54341   18.62754  6.18%  83.5 2781s
 1454830 1197627   18.62454   56   38   17.54341   18.62674  6.18%  83.5 2792s
 1459051 1201339   18.62447   61   26   17.54341   18.62447  6.16%  83.5 2802s
 1463920 1204539   18.37314   61   32   17.54341   18.62291  6.15%  83.5 2812s
 1468031 1206792   18.54760   65   27   17.54341   18.62195  6.15%  83.5 2820s
 1470948 1210083     cutoff   62        17.54341   18.62122  6.14%  83.5 2832s
 1475180 1213154   18.56039   66   28   17.54341   18.61944  6.13%  83.4 2842s
 1479064 1216362   17.89477   65   13   17.54341   18.61839  6.13%  83.4 2850s
 1483336 1219093     cutoff   62        17.54341   18.61735  6.12%  83.4 2858s
 1486983 1222420   18.60027   60   33   17.54341   18.61644  6.12%  83.4 2866s
 1491348 1225363   18.61129   60   31   17.54341   18.61525  6.11%  83.4 2874s
 1495175 1228447   18.54930   57   32   17.54341   18.61493  6.11%  83.4 2882s
 1499237 1230951     cutoff   63        17.54341   18.61396  6.10%  83.4 2891s
 1502476 1233691   17.92965   54   22   17.54341   18.61260  6.09%  83.4 2900s
 1506129 1236731   17.92710   59   23   17.54341   18.61103  6.09%  83.4 2910s
 1510028 1239864   18.52896   62   31   17.54341   18.61045  6.08%  83.4 2919s
 1514156 1242622   17.87961   65   32   17.54341   18.60944  6.08%  83.4 2929s
 1517836 1245681     cutoff   52        17.54341   18.60767  6.07%  83.3 2938s
 1521810 1248411   18.60672   62   27   17.54341   18.60672  6.06%  83.3 2947s
 1525454 1251374   18.02755   57   22   17.54341   18.60656  6.06%  83.3 2956s
 1529326 1253793   18.45747   63   22   17.54341   18.60377  6.04%  83.3 2964s
 1532463 1257080   18.60341   54   20   17.54341   18.60341  6.04%  83.3 2974s
 1536755 1260087     cutoff   56        17.54341   18.60341  6.04%  83.3 2984s
 1540758 1262959     cutoff   67        17.54341   18.60096  6.03%  83.3 2992s
 1544400 1265693     cutoff   53        17.54341   18.59986  6.02%  83.3 3000s
 1548083 1268441   18.49833   61   32   17.54341   18.59939  6.02%  83.2 3008s
 1551773 1271328   18.59753   62   20   17.54341   18.59753  6.01%  83.2 3017s
 1555596 1274102   18.49750   64   30   17.54341   18.59648  6.00%  83.2 3025s
 1559348 1276286   18.39327   63   30   17.54341   18.59533  6.00%  83.2 3033s
 1562266 1279740   18.40386   65   34   17.54341   18.59404  5.99%  83.2 3044s
 1566716 1282697   18.17370   62   28   17.54341   18.59287  5.98%  83.2 3053s
 1570608 1285812   18.57119   61   28   17.54341   18.59261  5.98%  83.1 3062s
 1574665 1288671   18.51055   60   28   17.54341   18.59166  5.98%  83.1 3071s
 1578408 1291762   17.63578   63   26   17.54341   18.58994  5.97%  83.1 3080s
 1582485 1294723   18.53358   66   24   17.54341   18.58901  5.96%  83.1 3089s
 1586382 1297548   18.13470   71   22   17.54341   18.58788  5.95%  83.1 3098s
 1590186 1299910   17.62596   60   22   17.54341   18.58788  5.95%  83.1 3106s
 1593188 1302984   17.96629   65   28   17.54341   18.58553  5.94%  83.1 3115s
 1597164 1306208   18.58462   53   25   17.54341   18.58462  5.94%  83.1 3124s
 1600538 1306208   18.43349   71   22   17.54341   18.58443  5.93%  83.1 3125s
 1601483 1309294     cutoff   60        17.54341   18.58387  5.93%  83.1 3133s
 1605561 1311991   18.50417   58   19   17.54341   18.58246  5.92%  83.1 3142s
 1609258 1314747     cutoff   63        17.54341   18.58203  5.92%  83.1 3151s
 1612964 1317642   18.55350   56   36   17.54341   18.58111  5.92%  83.1 3159s
 1616839 1320229   18.06968   78   24   17.54341   18.57974  5.91%  83.1 3168s
 1620279 1322516   17.71491   53   19   17.54341   18.57935  5.91%  83.1 3177s
 1623332 1325713   18.57783   71   19   17.54341   18.57783  5.90%  83.0 3186s
 1627456 1328683     cutoff   55        17.54341   18.57639  5.89%  83.0 3194s
 1631318 1331585   18.53964   64   32   17.54341   18.57546  5.88%  83.0 3203s
 1635176 1334542   18.57539   69   19   17.54341   18.57539  5.88%  83.0 3213s
 1639225 1337606   18.17753   57   39   17.54341   18.57286  5.87%  83.0 3222s
 1643311 1340321   18.54848   61   28   17.54341   18.57229  5.86%  83.0 3230s
 1647070 1342927   18.57140   67   19   17.54341   18.57140  5.86%  83.0 3240s
 1650653 1345554   18.57049   60   24   17.54341   18.57049  5.85%  83.0 3249s
 1654026 1348193   18.17813   77   18   17.54341   18.56926  5.85%  83.0 3257s
 1657522 1351434   18.56873   60   23   17.54341   18.56873  5.84%  83.0 3266s
 1661775 1354435   18.56809   57   28   17.54341   18.56809  5.84%  83.0 3274s
 1665770 1357089     cutoff   63        17.54341   18.56805  5.84%  83.0 3283s
 1669391 1360101   18.56113   59   35   17.54341   18.56661  5.83%  83.0 3293s
 1673419 1363155   18.56516   49   25   17.54341   18.56516  5.82%  82.9 3302s
 1677385 1365799     cutoff   56        17.54341   18.56503  5.82%  82.9 3310s
 1680934 1368268   18.32959   57   33   17.54341   18.56411  5.82%  82.9 3319s
 1684290 1370815   18.56297   58   23   17.54341   18.56297  5.81%  82.9 3328s
 1687754 1373946   18.56219   65   23   17.54341   18.56219  5.81%  82.9 3338s
 1691830 1376843   17.83920   53   20   17.54341   18.56189  5.81%  82.9 3349s
 1695772 1379661   18.18874   68   24   17.54341   18.56002  5.79%  82.9 3359s
 1699514 1382808   18.25114   48   22   17.54341   18.55884  5.79%  82.9 3369s
 1703614 1385604     cutoff   64        17.54341   18.55766  5.78%  82.9 3379s
 1707282 1388582   17.84253   67   30   17.54341   18.55685  5.78%  82.8 3389s
 1711234 1391165   18.21717   61   35   17.54341   18.55568  5.77%  82.8 3399s
 1714608 1393884   18.55521   55   20   17.54341   18.55521  5.77%  82.8 3409s
 1718207 1396777   18.51698   57   35   17.54341   18.55422  5.76%  82.8 3419s
 1722116 1399705   18.36017   61   30   17.54341   18.55354  5.76%  82.8 3428s
 1725958 1402443   18.55260   64   22   17.54341   18.55260  5.75%  82.8 3437s
 1729610 1405237   18.49454   65   29   17.54341   18.55100  5.74%  82.7 3446s
 1733307 1408040     cutoff   54        17.54341   18.55026  5.74%  82.7 3456s
 1737133 1410969   18.54276   60   40   17.54341   18.54912  5.73%  82.7 3466s
 1741020 1413364   18.54905   50   26   17.54341   18.54905  5.73%  82.7 3474s
 1744216 1416260     cutoff   53        17.54341   18.54760  5.72%  82.7 3485s
 1748210 1419056   18.52293   60   31   17.54341   18.54646  5.72%  82.7 3494s
 1751866 1422006     cutoff   51        17.54341   18.54558  5.71%  82.7 3503s
 1755765 1424860   18.54494   66   21   17.54341   18.54494  5.71%  82.7 3512s
 1759543 1427797     cutoff   70        17.54341   18.54408  5.70%  82.6 3521s
 1763540 1430577   18.54254   57   23   17.54341   18.54254  5.70%  82.6 3530s
 1767221 1433604   18.54196   59   17   17.54341   18.54196  5.69%  82.6 3540s
 1771210 1436097     cutoff   56        17.54341   18.54122  5.69%  82.6 3548s
 1774503 1438590   18.54098   57   16   17.54341   18.54098  5.69%  82.6 3558s
 1777956 1441906   18.52925   56   34   17.54341   18.54032  5.68%  82.6 3568s
 1782234 1444966   18.53768   61   33   17.54341   18.53893  5.67%  82.6 3577s
 1786228 1448028   18.41472   64   27   17.54341   18.53809  5.67%  82.6 3587s
 1790245 1450489   18.53643   53   33   17.54341   18.53741  5.67%  82.5 3597s
 1793580 1451350   18.53454   60   37   17.54341   18.53665  5.66%  82.5 3600s

Cutting planes:
  Projected implied bound: 97
  MIR: 1828
  Flow cover: 78
  RLT: 156
  Relax-and-lift: 42

Explored 1794774 nodes (148109657 simplex iterations) in 3600.13 seconds (3648.17 work units)
Thread count was 32 (of 255 available processors)

Solution count 10: 17.5434 17.5423 17.0903 ... 14.8456

Time limit reached
Best objective 1.754340690090e+01, best bound 1.853647929633e+01, gap 5.6607%

User-callback calls 3790410, time in user-callback 0.78 sec
Encoding the two copies...
Encoding dependencies (activation_start=1, layers_offset=2)...
Adding perturbed interval constraints...
17.543406900902397  18.53647929632576  3600.1591560840607
paper_experiments/mnist/3x50_exp/translation/eps_1,1/N1stdBoost_3x50_19/
Clean sample classification: 1
Perturbed sample classification: 10
