source: 2 target: 1 model_arch: 3x50 perturbation type: contrast perturbation size: [1.2] dataset: fmnist
Attack:   0%|          | 0/500 [00:00<?, ?it/s]Attack:   2%|▏         | 11/500 [00:00<00:04, 108.26it/s]Attack:  10%|█         | 51/500 [00:00<00:01, 276.24it/s]Attack:  18%|█▊        | 90/500 [00:00<00:01, 327.32it/s]Attack:  26%|██▌       | 130/500 [00:00<00:01, 353.50it/s]Attack:  34%|███▍      | 169/500 [00:00<00:00, 365.80it/s]Attack:  42%|████▏     | 209/500 [00:00<00:00, 375.07it/s]Attack:  49%|████▉     | 247/500 [00:00<00:00, 372.84it/s]Attack:  57%|█████▋    | 287/500 [00:00<00:00, 378.71it/s]Attack:  65%|██████▌   | 326/500 [00:00<00:00, 381.79it/s]Attack:  73%|███████▎  | 365/500 [00:01<00:00, 378.32it/s]Attack:  81%|████████  | 404/500 [00:01<00:00, 379.20it/s]Attack:  89%|████████▊ | 443/500 [00:01<00:00, 381.00it/s]Attack:  96%|█████████▋| 482/500 [00:01<00:00, 381.72it/s]Attack: 100%|█████████▉| 499/500 [00:01<00:00, 364.17it/s]
best_val 1.4500635862350464
Set parameter WLSAccessID
Set parameter WLSSecret
Set parameter LicenseID to value 2478548
Academic license 2478548 - for non-commercial use only - registered to ne___@campus.technion.ac.il
WARNING: --geometric_intervals only applies to translation/rotation (pixel-relocation moves); perturbation 'contrast' is unaffected. Falling back to geometric_intervals=off.
Advanced-standard mode: techniques enabled:
  Technique 4 (Bound Tightening):    true
  Technique 4+ (Zono Bounds):        true
  Zono uses N_pre (Source A):        true
  Diff-bounds method (Source A):     zonotope
  Technique 5 (Variable Hints):      prev_pgd
  Technique 6 (N2 Relax Threshold):  0.5
load_n1_diff_bounds!: loaded 2 ReLU layers (+ n1_preact_bounds.bin) from /root/Downloads/for_dana/vaghar_org/paper_experiments_with_zono_fix/fashion-mnist/3x50_exp/contrast/eps_1.2/n1_state_3x50_model_seed42_itr19
Advanced-standard: computing N1-tightened absolute N2 zonotope (Source B)...
compute_n2_bounds_zonotope_with_n1_tighten: populated 2 ReLU layers

══ Advanced-standard: loading N1 state from /root/Downloads/for_dana/vaghar_org/paper_experiments_with_zono_fix/fashion-mnist/3x50_exp/contrast/eps_1.2/n1_state_3x50_model_seed42_itr19 (c_tag=3, c_target=2) ══
load_n1_state: loaded from /root/Downloads/for_dana/vaghar_org/paper_experiments_with_zono_fix/fashion-mnist/3x50_exp/contrast/eps_1.2/n1_state_3x50_model_seed42_itr19 (c_tag=3, c_target=2, 1969 vars, 170 neurons)

══ Advanced-standard PASS 2: solving N2 with N1 info (c_tag=3, c_target=2) ══
set_n1_neuron_bounds: loaded 170 neuron bounds from N1
compute_n2_pert_relaxation_bounds: populated 2 ReLU layers
compute_n2_relax_decision!: τ=0.5, both=24 org-only=0 pert-only=0 none=61 (plus 15 stable neurons)
[notice | Main.MIPVerify]: Determining upper and lower bounds for the input to each non-linear unit.
Set parameter WLSAccessID
Set parameter WLSSecret
Set parameter LicenseID to value 2478548
Academic license 2478548 - for non-commercial use only - registered to ne___@campus.technion.ac.il
Set parameter TimeLimit to value 5
Set parameter NonConvex to value 2
Set parameter TimeLimit to value 5
Set parameter WLSAccessID
Set parameter WLSSecret
Set parameter LicenseID to value 2478548
Academic license 2478548 - for non-commercial use only - registered to ne___@campus.technion.ac.il
Set parameter NonConvex to value 2
Set parameter MIPFocus to value 3
Set parameter Cutoff to value 1.4500635862350464e+00
Set parameter Threads to value 32
Set parameter TimeLimit to value 10800
Set parameter MIPGap to value 0.01
Set parameter Seed to value 4
Set parameter Seed to value 4
Set parameter NonConvex to value 2
Set parameter MIPFocus to value 3
Set parameter Cutoff to value 1.4500635862350464e+00
Set parameter Threads to value 32
Set parameter MIPGap to value 0.01
Set parameter TimeLimit to value 10800
Warning for adding constraints: zero or small (< 1e-13) coefficients, ignored
Gurobi Optimizer version 13.0.0 build v13.0.0rc1 (linux64 - "Ubuntu 20.04.2 LTS")

CPU model: AMD EPYC 7713 64-Core Processor, instruction set [SSE2|AVX|AVX2]
Thread count: 127 physical cores, 255 logical processors, using up to 32 threads

Non-default parameters:
Cutoff  1.4500635862350464e+00
TimeLimit  10800
MIPGap  0.01
MIPFocus  3
NonConvex  2
Seed  4
Threads  32

Academic license 2478548 - for non-commercial use only - registered to ne___@campus.technion.ac.il
Optimize a model with 832 rows, 1874 columns and 192787 nonzeros (Max)
Model fingerprint: 0x3aca9c75
Model has 1 linear objective coefficients
Model has 784 quadratic constraints
Variable types: 1752 continuous, 122 integer (122 binary)
Coefficient statistics:
  Matrix range     [1e-13, 3e+01]
  QMatrix range    [1e+00, 1e+00]
  QLMatrix range   [1e+00, 1e+00]
  Objective range  [1e+00, 1e+00]
  Bounds range     [1e-07, 3e+01]
  RHS range        [1e-11, 7e+01]

Processing user MIP start: 2 nodes explored in subMIP, total elapsed time 5s
User MIP start produced solution with objective 1.68355 (6.70s)
User MIP start produced solution with objective 1.68716 (7.77s)
User MIP start produced solution with objective 1.68772 (7.78s)
User MIP start produced solution with objective 1.68798 (8.56s)
User MIP start produced solution with objective 1.68804 (8.56s)
User MIP start produced solution with objective 1.68804 (8.56s)
Loaded user MIP start with objective 1.68804
Processed MIP start in 8.57 seconds (15.88 work units)

Presolve removed 345 rows and 14 columns
Presolve time: 0.11s
Presolved: 3623 rows, 1861 columns, 133339 nonzeros
Presolved model has 784 bilinear constraint(s)

Solving non-convex MIQCP to global optimality

Found heuristic solution: objective 1.6880444
Variable types: 1739 continuous, 122 integer (122 binary)
Root relaxation presolve removed 109 rows and 112 columns
Root relaxation presolved: 3514 rows, 1749 columns, 133010 nonzeros


Root simplex log...

Iteration    Objective       Primal Inf.    Dual Inf.      Time
       0    4.4591843e+01   6.384675e+02   0.000000e+00      9s
    2478    9.0832026e+00   0.000000e+00   0.000000e+00      9s
    2479    9.0832026e+00   0.000000e+00   0.000000e+00      9s

Extra simplex iterations after uncrush: 1

Root relaxation: objective 9.083203e+00, 2479 iterations, 0.41 seconds (0.71 work units)

    Nodes    |    Current Node    |     Objective Bounds      |     Work
 Expl Unexpl |  Obj  Depth IntInf | Incumbent    BestBd   Gap | It/Node Time

     0     0    9.08320    0   34    1.68804    9.08320   438%     -    9s
     0     0    8.70696    0   37    1.68804    8.70696   416%     -   11s
     0     0    8.70696    0   33    1.68804    8.70696   416%     -   11s
     0     0    8.56192    0   33    1.68804    8.56192   407%     -   11s
     0     0    8.55240    0   37    1.68804    8.55240   407%     -   12s
     0     0    8.55240    0   33    1.68804    8.55240   407%     -   12s
     0     0    8.23044    0   31    1.68804    8.23044   388%     -   12s
     0     0    8.08603    0   33    1.68804    8.08603   379%     -   13s
     0     0    8.08603    0   30    1.68804    8.08603   379%     -   13s
     0     0    7.96626    0   35    1.68804    7.96626   372%     -   14s
     0     0    7.94622    0   37    1.68804    7.94622   371%     -   14s
     0     0    7.94622    0   33    1.68804    7.94622   371%     -   15s
     0     0    7.94622    0   37    1.68804    7.94622   371%     -   15s
     0     0    7.94622    0   37    1.68804    7.94622   371%     -   15s
     0     0    7.94622    0   37    1.68804    7.94622   371%     -   16s
     0     0    7.94622    0   37    1.68804    7.94622   371%     -   16s
     0     0    7.64998    0   36    1.68804    7.64998   353%     -   17s
     0     0    7.64998    0   33    1.68804    7.64998   353%     -   17s
H    0     0                       1.6881378    7.64998   353%     -   17s
H    0     0                       1.6889350    7.64989   353%     -   18s
     0     0    7.64989    0   33    1.68893    7.64989   353%     -   18s
     0     0    7.59037    0   34    1.68893    7.59037   349%     -   18s
     0     0    7.59037    0   34    1.68893    7.59037   349%     -   19s
     0     0    7.34761    0   35    1.68893    7.34761   335%     -   19s
     0     0    7.34761    0   36    1.68893    7.34761   335%     -   19s
     0     0    7.34761    0   33    1.68893    7.34761   335%     -   19s
     0     0    7.34647    0   34    1.68893    7.34647   335%     -   20s
     0     0    7.27247    0   34    1.68893    7.27247   331%     -   20s
     0     0    7.27247    0   34    1.68893    7.27247   331%     -   20s
     0     0    7.23150    0   35    1.68893    7.23150   328%     -   20s
     0     0    7.10903    0   35    1.68893    7.10903   321%     -   21s
     0     0    7.10903    0   35    1.68893    7.10903   321%     -   21s
     0     0    6.99456    0   35    1.68893    6.99456   314%     -   21s
     0     0    6.95770    0   35    1.68893    6.95770   312%     -   21s
     0     0    6.95770    0   35    1.68893    6.95770   312%     -   21s
     0     0    6.86602    0   34    1.68893    6.86602   307%     -   22s
     0     0    6.82134    0   34    1.68893    6.82134   304%     -   22s
     0     0    6.82134    0   34    1.68893    6.82134   304%     -   22s
     0     0    6.81458    0   34    1.68893    6.81458   303%     -   23s
     0     0    6.81458    0   34    1.68893    6.81458   303%     -   23s
     0     2    6.81458    0   34    1.68893    6.81458   303%     -   29s
     1     4    6.81458    1   35    1.68893    6.81458   303%  1766   30s
H   20    32                       1.6889875    6.81458   303%  1583   32s
    63    96    6.14483    6   30    1.68899    6.53534   287%  1778   44s
    95   129    6.00698    7   31    1.68899    6.14332   264%  1605   46s
H  116   129                       1.6955430    6.00647   254%  1553   46s
   322   371    5.25512   11   23    1.69554    5.53905   227%  1267   50s
   845   823    4.31780   19   14    1.69554    4.61356   172%  1031   58s
  1112  1054    3.78723   18   21    1.69554    4.53293   167%   938   60s
H 1156  1094                       1.6955430    4.51268   166%   940   62s
  1250  1276    3.84886   12   20    1.69554    4.48438   164%   920   67s
  1499  1428    4.45463   17   15    1.69554    4.46036   163%   831   72s
H 1527  1428                       1.6955430    4.45422   163%   833   72s
  1657  1658    4.22005   20   16    1.69554    4.43958   162%   803   76s
  1966  1893    4.29543    9   26    1.69554    4.41470   160%   731   83s
H 1988  1893                       1.6955430    4.41119   160%   729   83s
  2020  2249    3.83211    7   30    1.69554    4.40265   160%   730   85s
  3179  3028    3.57730   26   34    1.69554    4.37313   158%   571  125s
  3182  3030    4.00362   39   35    1.69554    4.37313   158%   570  130s
  3186  3033    3.84042    8   32    1.69554    4.37313   158%   570  135s
  3190  3035    4.14722   29   36    1.69554    4.37313   158%   569  140s
  3192  3037    4.18780   28   36    1.69554    4.37313   158%   569  148s
  3195  3044    4.37313   15   36    1.69554    4.37313   158%   575  150s
  3255  3112    4.37313   19   37    1.69554    4.37313   158%   591  155s
  3334  3164    4.37313   21   35    1.69554    4.37313   158%   612  168s
  3366  3210    4.37313   22   28    1.69554    4.37313   158%   621  171s
  3618  3360    4.37313   25   23    1.69554    4.37313   158%   653  175s
  3824  3461    4.37313   29   19    1.69554    4.37313   158%   680  180s
  3988  3541    4.20183   29   20    1.69554    4.37313   158%   704  190s
H 4020  3378                       1.6997883    4.37313   157%   710  190s
  4120  3518    4.37313   31   19    1.69979    4.37313   157%   722  195s
  4425  3787    4.37313   31   17    1.69979    4.37313   157%   727  200s
  4771  4029    4.37194   33   15    1.69979    4.37313   157%   724  206s
  5199  4174    4.20860   31   13    1.69979    4.37313   157%   706  213s
H 5200  4028                       1.7106072    4.37313   156%   706  213s
H 5204  3890                       1.7113515    4.37313   156%   706  213s
H 5227  3751                       1.7124787    4.37313   155%   705  213s
H 5257  3618                       1.7137892    4.37313   155%   708  213s
  5446  3829     cutoff   30         1.71379    4.37313   155%   697  215s
H 5767  3939                       1.7194904    4.37313   154%   685  221s
  5894  3963    4.34314   35   10    1.71949    4.37313   154%   680  237s
  6214  4432    4.31360   32   17    1.71949    4.37313   154%   672  241s
H 6953  4826                       1.7195758    4.37313   154%   640  246s
H 6996  4706                       1.7196118    4.37313   154%   637  246s
H 7043  4589                       1.7201401    4.37313   154%   636  246s
  7344  4901    3.21237   30   21    1.72014    4.37313   154%   623  264s
  7778  5247    4.02665   36   12    1.72014    4.37313   154%   607  267s
H 8282  5188                       1.7203193    4.37313   154%   592  285s
H 8303  5090                       1.7204145    4.37313   154%   591  285s
H 8326  5069                       1.7204145    4.37252   154%   590  285s
H 8328  5069                       1.7204163    4.37140   154%   590  285s
H 8367  5068                       1.7204924    4.36935   154%   589  285s
H 8461  5068                       1.7204975    4.36701   154%   588  285s
  8497  5686    4.32601   30   20    1.72050    4.36616   154%   588  290s
 10368  7448    3.69283   34   20    1.72050    4.34136   152%   537  297s
 11479  8637    4.27639   39   10    1.72050    4.32089   151%   521  301s
 12787  9926    3.96998   35   13    1.72050    4.30296   150%   501  305s
 13996 11090    3.89175   33   19    1.72050    4.28382   149%   493  312s
 14700 11390    4.25383   33   26    1.72050    4.27500   148%   487  317s
H14701 11390                       1.7207087    4.27500   148%   487  317s
H14709 11390                       1.7207632    4.27492   148%   487  317s
H14808 11390                       1.7212815    4.27220   148%   487  317s
 15016 12125    3.82459   35   15    1.72128    4.26880   148%   486  320s
 16482 13524    4.03960   39   16    1.72128    4.25724   147%   477  326s
 17220 14361    3.46127   27   21    1.72128    4.25103   147%   474  330s
 18913 15861     cutoff   30         1.72128    4.23552   146%   463  342s
 19611 16668    3.92212   36   14    1.72128    4.23042   146%   459  345s
 21295 18317    3.26836   34   23    1.72128    4.21742   145%   456  352s
 22151 19195    3.53734   40   19    1.72128    4.20920   145%   455  356s
 23053 19936    4.15683   30   19    1.72128    4.20246   144%   453  360s
 23814 19966    4.19726   50   15    1.72128    4.19726   144%   452  366s
 23848 19998    4.19726   51   14    1.72128    4.19726   144%   454  373s
 23880 20028    4.19726   52   13    1.72128    4.19726   144%   454  382s
H23910 20028                       1.7212816    4.19726   144%   455  382s
 23914 20068    4.19726   53   12    1.72128    4.19726   144%   455  391s
H23927 20068                       1.7212816    4.19726   144%   455  392s
 23956 20150    4.19713   54   15    1.72128    4.19726   144%   456  398s
 24044 20190    4.09008   55   16    1.72128    4.19713   144%   457  407s
 24084 20252    4.13088   56   21    1.72128    4.19342   144%   458  415s
 24150 20317    4.06831   52   21    1.72128    4.18565   143%   458  423s
H24188 20317                       1.7212816    4.18565   143%   459  423s
 24217 20369    4.04293   53   22    1.72128    4.18565   143%   459  432s
H24242 20369                       1.7212816    4.18452   143%   460  432s
 24273 20444    4.16964   57   20    1.72128    4.18452   143%   461  441s
H24337 20444                       1.7212816    4.18123   143%   461  441s
 24352 20575    4.09940   55   10    1.72128    4.18123   143%   462  452s
 24489 20606    4.16022   56   22    1.72128    4.18123   143%   462  463s
 24522 20695    4.12002   57   20    1.72128    4.17733   143%   463  471s
 24611 20781    3.79384   43   17    1.72128    4.17275   142%   463  478s
 24701 20845    4.17207   47   12    1.72128    4.17207   142%   465  489s
 24769 20953    4.06959   48   16    1.72128    4.17207   142%   465  496s
 24883 21078    4.05808   49   24    1.72128    4.17207   142%   466  506s
 25010 21157    4.17207   50   21    1.72128    4.17207   142%   466  517s
 25089 21318    4.11352   51   24    1.72128    4.17207   142%   467  526s
 25254 21401    4.17161   52   21    1.72128    4.17161   142%   467  537s
 25337 21526    4.12215   53   22    1.72128    4.17161   142%   467  550s
H25373 21526                       1.7212816    4.16346   142%   467  550s
 25462 21765    4.05111   49   23    1.72128    4.16346   142%   468  558s
 25711 22237    4.16323   48   14    1.72128    4.16323   142%   470  566s
H25881 22237                       1.7212816    4.16323   142%   471  566s
 26191 22937    4.04361   50   16    1.72128    4.16323   142%   472  573s
 26905 23399    4.04780   50   16    1.72128    4.16026   142%   475  593s
H27104 23399                       1.7212816    4.16026   142%   474  593s
 27371 23761    4.09547   54   21    1.72128    4.16026   142%   475  613s
 27751 24768    3.79774   52   24    1.72128    4.15953   142%   477  621s
 28774 25835    4.15176   47   18    1.72128    4.15176   141%   480  628s
 29853 27522    3.22916   48  442    1.72128    4.14948   141%   484  639s
 31590 28565    4.01471   45   25    1.72128    4.14555   141%   488  645s
 32661 29619    4.08716   46   12    1.72128    4.14173   141%   491  653s
 33741 30596    3.98967   50   16    1.72128    4.13773   140%   495  660s
H34062 30596                       1.7212816    4.13773   140%   496  660s
 34744 31657    4.13773   52   11    1.72128    4.13773   140%   500  669s
 35819 32970    4.04556   55   21    1.72128    4.13562   140%   505  678s
 37164 33918    3.97902   52   22    1.72128    4.13322   140%   509  688s
 38144 35020    3.99661   57   18    1.72128    4.13068   140%   516  698s
 39288 36395    4.12221   53   13    1.72128    4.13068   140%   523  708s
 40705 37694    3.58436   49   30    1.72128    4.12717   140%   527  720s
 42050 39150    2.97395   41   24    1.72128    4.12249   140%   535  731s
 43540 40594    3.96635   51   24    1.72128    4.12195   139%   541  743s
 45036 42306    4.12043   46   12    1.72128    4.12043   139%   546  758s
 46842 44167    4.01372   47   17    1.72128    4.11749   139%   551  772s
 48755 45874    4.07785   53   16    1.72128    4.11204   139%   553  785s
 50512 46988    4.11168   47   22    1.72128    4.11168   139%   559  822s
 51657 49015    4.10877   47   15    1.72128    4.10877   139%   562  838s
 53762 51061    3.84415   51   16    1.72128    4.10596   139%   565  855s
 55878 53034    3.99713   53   22    1.72128    4.10388   138%   569  874s
 57937 54865    4.04470   55   14    1.72128    4.10162   138%   573  893s
 59838 56956    3.23871   48   30    1.72128    4.09779   138%   580  912s
 62009 59290    3.04024   48  472    1.72128    4.09480   138%   587  933s
 64415 61816    3.82080   50   19    1.72128    4.09298   138%   593  956s
 67058 63887    3.94693   50   18    1.72128    4.08775   137%   599  984s
 69253 66666    4.07330   48   11    1.72128    4.08604   137%   605 1008s
 72187 69661    2.97605   50  301    1.72128    4.08365   137%   612 1033s
 75321 72545    3.55375   47   25    1.72128    4.07992   137%   616 1058s
 78350 74546    3.89552   50   26    1.72128    4.07931   137%   621 1101s
 80503 77714    3.76138   48   25    1.72128    4.07427   137%   626 1129s
 83846 80813    3.98355   45   28    1.72128    4.07261   137%   630 1156s
 87106 82970    4.05339   51   19    1.72128    4.06754   136%   636 1192s
H87883 82970                       1.7212816    4.06644   136%   636 1192s
 89360 85933    4.05303   49   24    1.72128    4.06394   136%   638 1219s
 92441 89132    4.01432   46   27    1.72128    4.06024   136%   640 1248s
 95846 92393    3.81266   49   29    1.72128    4.05706   136%   644 1277s
 99229 95263    1.77281   59  358    1.72128    4.05535   136%   648 1305s
 102274 98074    3.97538   51    9    1.72128    4.05499   136%   653 1333s
 105275 100448    3.33711   49  453    1.72128    4.05167   135%   658 1378s
 107767 104105    2.81832   44  291    1.72128    4.05018   135%   661 1409s
 111600 107304    2.70867   54  365    1.72128    4.04612   135%   663 1438s
 114953 110189    3.98800   46   21    1.72128    4.04371   135%   665 1471s
 118046 113252    2.51560   58  383    1.72128    4.04352   135%   669 1500s
 121279 116271    3.82914   53   24    1.72128    4.04076   135%   672 1528s
 124448 119411    3.78513   54   25    1.72128    4.03866   135%   674 1556s
 127752 122524    3.91197   50   25    1.72128    4.03677   135%   676 1585s
 131025 125593    3.98515   45   30    1.72128    4.03611   134%   678 1614s
 134282 128273    3.67017   52   29    1.72128    4.03235   134%   680 1659s
 137143 131240    3.91147   54   22    1.72128    4.03168   134%   682 1689s
H139044 131240                       1.7212816    4.02918   134%   684 1689s
 140290 134479    3.97839   53   21    1.72128    4.02893   134%   685 1718s
 143661 137692    3.58731   54   22    1.72128    4.02641   134%   686 1751s
 146996 140614    3.90476   47   28    1.72128    4.02473   134%   687 1783s
 150055 143646    3.91082   53   21    1.72128    4.02318   134%   689 1817s
 153259 145199    4.02183   51   19    1.72128    4.02183   134%   691 1857s
 154888 151333    3.91071   49   27    1.72128    4.02021   134%   692 1922s
 161336 154819    3.10388   54  487    1.72128    4.01781   133%   696 1961s
 165014 158152    1.89214   53  308    1.72128    4.01496   133%   698 1996s
H166292 158152                       1.7212816    4.01459   133%   699 1996s
 168508 161784    3.89471   50   25    1.72128    4.01328   133%   700 2032s
H170537 161784                       1.7212816    4.01286   133%   701 2032s
 172293 164717    3.94640   54   23    1.72128    4.01205   133%   701 2065s
 175386 168014    3.76649   58   20    1.72128    4.01086   133%   703 2102s
 178907 171079    2.92041   46  280    1.72128    4.01004   133%   705 2135s
 182103 174248    4.00689   54   21    1.72128    4.00689   133%   707 2168s
 185390 177231    3.92103   51   24    1.72128    4.00498   133%   708 2199s
 188493 180717    3.99288   53   15    1.72128    4.00330   133%   709 2231s
 192105 183974    3.97744   51   25    1.72128    4.00176   132%   709 2262s
 195506 187109    3.63141   49  415    1.72128    4.00059   132%   710 2288s
 198784 190290    3.70194   54   25    1.72128    3.99806   132%   710 2316s
 202063 193481    3.65230   45   11    1.72128    3.99611   132%   711 2343s
 205414 196525    3.99436   52   16    1.72128    3.99436   132%   711 2371s
 208620 199677    3.67456   52   26    1.72128    3.99380   132%   712 2399s
 211944 202848    3.39143   47   24    1.72128    3.99226   132%   713 2426s
 215282 204993    3.98657   48   29    1.72128    3.99167   132%   713 2462s
 217564 210095    3.99042   49   12    1.72128    3.99042   132%   714 2505s
 222887 213690    3.54251   55   24    1.72128    3.98913   132%   714 2535s
 226644 217042    2.66302   53  288    1.72128    3.98649   132%   714 2563s
 230178 219877    3.45851   49  382    1.72128    3.98486   132%   715 2591s
 233214 222412    2.99400   54  280    1.72128    3.98353   131%   716 2641s
 235866 225900    3.98230   42   19    1.72128    3.98230   131%   717 2672s
 239552 229196    3.96048   51   26    1.72128    3.98176   131%   718 2703s
 243024 232482    2.63137   52   26    1.72128    3.98005   131%   719 2736s
H243710 232482                       1.7212817    3.97952   131%   719 2736s
H245499 232480                       1.7212924    3.97908   131%   719 2736s
 246462 235587    3.59611   59   24    1.72129    3.97886   131%   719 2767s
H246564 235587                       1.7212924    3.97886   131%   719 2767s
H247167 235587                       1.7212931    3.97886   131%   720 2767s
 249765 237350    3.86644   59   20    1.72129    3.97828   131%   720 2802s
H249964 237350                       1.7212931    3.97824   131%   720 2802s
H249977 237350                       1.7212972    3.97793   131%   720 2802s
H250279 237350                       1.7212975    3.97755   131%   720 2802s
H250420 237350                       1.7212987    3.97741   131%   720 2802s
H250562 237350                       1.7213063    3.97741   131%   720 2802s
H251598 240878                       1.7213074    3.97714   131%   720 2838s
H253698 240878                       1.7213099    3.97670   131%   721 2838s
 255338 244167    3.79203   48   23    1.72131    3.97617   131%   721 2870s
H255470 244167                       1.7213100    3.97617   131%   721 2871s
H255686 244167                       1.7213103    3.97617   131%   721 2871s
H255782 244167                       1.7213108    3.97617   131%   721 2871s
H256388 244167                       1.7213137    3.97606   131%   721 2871s
H258839 247764                       1.7213139    3.97484   131%   722 2901s
H259416 247764                       1.7213160    3.97418   131%   722 2901s
H260355 247764                       1.7213162    3.97387   131%   722 2901s
 262586 249817    3.58867   52  444    1.72132    3.97324   131%   723 2935s
H262726 249817                       1.7213162    3.97317   131%   723 2936s
H262759 249817                       1.7213164    3.97317   131%   723 2936s
H262759 249817                       1.7213167    3.97317   131%   723 2936s
H263173 249817                       1.7213352    3.97267   131%   723 2936s
 264731 252047    3.40559   46   19    1.72134    3.97226   131%   723 2977s
H264776 252047                       1.7213352    3.97226   131%   723 2977s
H264951 252047                       1.7213352    3.97226   131%   723 2977s
H265343 252047                       1.7213352    3.97218   131%   723 2977s
H266756 252047                       1.7213352    3.97209   131%   723 2977s
 267069 255550    2.58355   51  344    1.72134    3.97209   131%   723 3018s
H268711 255550                       1.7213352    3.97104   131%   723 3018s
H269174 255550                       1.7213353    3.97097   131%   723 3018s
 270772 257944    3.50520   44   23    1.72134    3.97045   131%   723 3056s
 273274 261790    2.41949   55  413    1.72134    3.97006   131%   724 3091s
H273611 261790                       1.7213354    3.96994   131%   724 3092s
 277306 264946    3.88728   43   10    1.72134    3.96767   130%   725 3120s
H278020 264946                       1.7213354    3.96733   130%   725 3120s
H278734 264946                       1.7213355    3.96712   130%   725 3120s
 280622 268623    3.81789   46   16    1.72134    3.96623   130%   725 3149s
 284481 271123    3.95202   50   13    1.72134    3.96573   130%   725 3177s
 287095 274145    3.96468   48   13    1.72134    3.96468   130%   725 3206s
H288716 274145                       1.7213355    3.96454   130%   726 3207s
 290264 277219    3.80328   50   24    1.72134    3.96407   130%   726 3236s
 293493 280224    3.96332   53   21    1.72134    3.96332   130%   726 3264s
H293585 280224                       1.7213355    3.96332   130%   726 3264s
H294353 280224                       1.7213355    3.96311   130%   726 3264s
 296676 283453    3.94277   54   24    1.72134    3.96227   130%   726 3290s
 300058 284939    3.96088   44   16    1.72134    3.96089   130%   726 3329s
H300264 284939                       1.7213356    3.96065   130%   726 3330s
 301612 288346    3.46084   50   25    1.72134    3.96014   130%   726 3360s
 305160 291681    1.90111   53  381    1.72134    3.95954   130%   727 3392s
 308683 294777    3.82583   52   26    1.72134    3.95829   130%   727 3420s
 311941 298065    3.92258   50   16    1.72134    3.95719   130%   728 3449s
 315393 301052    3.51917   52   26    1.72134    3.95667   130%   728 3476s
 318552 304102    3.92889   50   23    1.72134    3.95525   130%   729 3509s
 321728 307391    3.95402   50   21    1.72134    3.95402   130%   729 3541s
 325161 310587    3.95228   53   21    1.72134    3.95354   130%   729 3570s
 328523 313663    3.05113   55  362    1.72134    3.95296   130%   729 3600s
 331781 316523    3.90688   45   23    1.72134    3.95163   130%   729 3629s
 334763 319955    3.88683   51   25    1.72134    3.95048   130%   730 3658s
 338369 323066    3.86522   52   23    1.72134    3.95007   129%   729 3685s
 341634 326154    3.87971   58   16    1.72134    3.94919   129%   730 3712s
 344882 329261    3.92812   56   23    1.72134    3.94781   129%   730 3742s
 348151 332307    1.94681   54  351    1.72134    3.94705   129%   731 3773s
 351311 335415    3.04349   50  303    1.72134    3.94571   129%   731 3803s
 354555 338514    3.02547   47   25    1.72134    3.94479   129%   731 3834s
 357861 341388    3.42016   55   21    1.72134    3.94395   129%   732 3862s
 360945 344539    3.19322   47  513    1.72134    3.94310   129%   732 3895s
 364234 347623    3.74933   49   27    1.72134    3.94220   129%   733 3923s
H364470 347623                       1.7213356    3.94220   129%   733 3923s
H365211 347623                       1.7213356    3.94215   129%   733 3923s
H366545 347623                       1.7213356    3.94188   129%   733 3924s
 367412 350626    3.66819   50   14    1.72134    3.94137   129%   733 3954s
H367468 350626                       1.7213356    3.94137   129%   733 3955s
H368546 350626                       1.7213356    3.94088   129%   733 3955s
H370571 353698                       1.7213356    3.94039   129%   733 3983s
H370670 353698                       1.7213356    3.94039   129%   733 3983s
H371267 353698                       1.7213356    3.94039   129%   733 3983s
H372263 353698                       1.7213356    3.94007   129%   734 3983s
H372329 353698                       1.7213357    3.94007   129%   734 3983s
 373811 356827    3.84747   43   24    1.72134    3.93963   129%   734 4015s
 377130 359931    2.71253   61  393    1.72134    3.93836   129%   734 4048s
H377532 359931                       1.7213357    3.93831   129%   734 4048s
 380416 363176    3.52999   55   12    1.72134    3.93831   129%   735 4080s
 383889 366269    3.93724   47   17    1.72134    3.93724   129%   735 4106s
 387151 369441    3.60385   51   25    1.72134    3.93642   129%   735 4137s
 390479 372605    3.76612   54   15    1.72134    3.93554   129%   735 4165s
 393825 375631    3.92430   53   23    1.72134    3.93476   129%   736 4195s
 396975 378491    2.52886   50   15    1.72134    3.93410   129%   736 4228s
 399977 381761    3.58292   51   25    1.72134    3.93370   129%   737 4261s
 403453 385117    3.82058   54   23    1.72134    3.93279   128%   737 4290s
 407003 388288    3.89116   51   26    1.72134    3.93177   128%   737 4321s
 410343 391293    3.79287   53   24    1.72134    3.93060   128%   737 4350s
 413502 394430    3.38730   52  467    1.72134    3.92998   128%   738 4380s
 416861 397637    3.46711   51   27    1.72134    3.92931   128%   738 4409s
 420172 400752    3.08768   54  432    1.72134    3.92844   128%   738 4439s
 423453 404009    3.63232   54   24    1.72134    3.92765   128%   738 4469s
 426848 405252    3.92760   50   19    1.72134    3.92760   128%   738 4503s
 428147 412862    2.78289   52  319    1.72134    3.92724   128%   738 4570s
 436180 416378    3.91875   48   24    1.72134    3.92532   128%   739 4622s
 439863 419798    3.92518   49   16    1.72134    3.92518   128%   739 4653s
 443465 422855    3.68864   49   17    1.72134    3.92360   128%   739 4685s
 446728 425800     cutoff   49         1.72134    3.92302   128%   740 4717s
 449882 428914    3.60026   42   15    1.72134    3.92142   128%   740 4749s
 453185 432131    3.88009   43   16    1.72134    3.92066   128%   741 4779s
 456581 434345    3.46457   56   24    1.72134    3.92033   128%   741 4810s
 458927 438426    3.82717   49   20    1.72134    3.91974   128%   741 4918s
 463227 441864    3.77594   49   27    1.72134    3.91880   128%   742 4951s
 466854 444975    3.91804   47   28    1.72134    3.91804   128%   742 4980s
 470159 448259    3.20032   51   26    1.72134    3.91719   128%   743 5012s
 473584 451346    3.49071   53   24    1.72134    3.91665   128%   743 5044s
 476842 454794    3.89910   46   28    1.72134    3.91558   127%   744 5075s
 480480 457950    3.79861   55   21    1.72134    3.91509   127%   744 5105s
 483806 461064    2.93686   53  474    1.72134    3.91509   127%   745 5137s
 487080 464111    3.09118   51  338    1.72134    3.91392   127%   745 5167s
 490303 466962    3.80014   47   16    1.72134    3.91316   127%   745 5198s
 493330 469972    3.49399   48   28    1.72134    3.91232   127%   746 5239s
 496504 471160    2.58531   43   11    1.72134    3.91216   127%   746 5278s
H496604 471160                       1.7213358    3.91209   127%   746 5279s
 497758 474596    3.66794   53   21    1.72134    3.91162   127%   746 5312s
H499014 474596                       1.7213358    3.91133   127%   746 5312s
 501360 477942    3.86454   47   30    1.72134    3.91083   127%   747 5346s
 504899 481227    3.88589   45   28    1.72134    3.91013   127%   747 5380s
 508358 481258    2.82806   49  300    1.72134    3.90930   127%   747 5427s
 508391 481290    3.90930   47   14    1.72134    3.90930   127%   747 5476s
 508423 481322    3.79984   48   26    1.72134    3.90930   127%   748 5523s
 508455 481353    3.82602   49   28    1.72134    3.90930   127%   748 5573s
H508483 481353                       1.7213358    3.90929   127%   748 5574s
 508488 481502    3.60134   51   22    1.72134    3.90929   127%   748 5634s
 508641 481626    3.90902   49    8    1.72134    3.90902   127%   748 5684s
 508769 481788    3.90902   50    8    1.72134    3.90902   127%   748 5738s
H508771 481693                       1.7285693    3.90902   126%   748 5739s
H508937 485650                       1.7285693    3.90902   126%   748 5777s
H509874 485650                       1.7285693    3.90881   126%   748 5777s
H509983 485650                       1.7285693    3.90874   126%   748 5777s
H512386 485650                       1.7285693    3.90866   126%   748 5777s
 513130 489317    3.55719   52   22    1.72857    3.90848   126%   748 5813s
H517007 489627                       1.7697231    3.90792   121%   748 5850s
H517096 489627                       1.7697231    3.90753   121%   748 5850s
H517202 489627                       1.7697234    3.90753   121%   748 5850s
H517702 489627                       1.7697236    3.90753   121%   748 5850s
 518014 499835    3.90753   46   19    1.76972    3.90753   121%   748 5942s
H527640 499835                       1.7697236    3.90700   121%   749 5943s
H527957 499835                       1.7697236    3.90699   121%   749 5943s
H528850 503191                       1.7697236    3.90533   121%   749 5977s
H529698 503191                       1.7697236    3.90509   121%   749 5977s
H530430 503191                       1.7697236    3.90504   121%   749 5977s
 532445 505440    3.82501   52   24    1.76972    3.90386   121%   749 6012s
H533099 505439                       1.7698054    3.90373   121%   749 6012s
H533871 505439                       1.7698182    3.90372   121%   749 6012s
 534834 509022    3.85060   52   21    1.76982    3.90369   121%   749 6044s
 538596 510938    3.87528   47   27    1.76982    3.90276   121%   750 6084s
H538651 510899                       1.7726911    3.90276   120%   750 6085s
 540620 513316    3.60836   50   30    1.77269    3.90229   120%   750 6126s
H541344 513304                       1.7730703    3.90220   120%   750 6126s
H541451 513301                       1.7734180    3.90218   120%   750 6126s
H541976 513297                       1.7737239    3.90213   120%   750 6126s
H542865 513271                       1.7749726    3.90211   120%   750 6126s
 543180 517004    3.73054   49   27    1.77497    3.90201   120%   750 6164s
 547136 519193    3.75100   62  538    1.77497    3.90122   120%   750 6202s
H547283 519121                       1.7784090    3.90122   119%   750 6202s
H548562 519075                       1.7815808    3.90114   119%   750 6202s
 549471 523479    3.90114   52   19    1.78158    3.90114   119%   750 6244s
 554143 526072    3.81118   59   21    1.78158    3.89986   119%   751 6285s
H554200 526049                       1.7830373    3.89986   119%   751 6285s
H554732 526038                       1.7837814    3.89959   119%   751 6285s
H556117 526036                       1.7838779    3.89959   119%   751 6285s
 556878 529677    3.89959   50   14    1.78388    3.89959   119%   751 6319s
H558338 529677                       1.7838779    3.89910   119%   751 6319s
H560743 531465                       1.7845667    3.89842   118%   751 6361s
H561440 531465                       1.7845804    3.89805   118%   751 6361s
H561710 531465                       1.7847329    3.89803   118%   751 6361s
 562638 535093    3.52408   55   21    1.78473    3.89777   118%   751 6397s
H562662 535092                       1.7848152    3.89777   118%   751 6397s
H563219 535092                       1.7848164    3.89777   118%   751 6397s
H563343 535092                       1.7848303    3.89777   118%   751 6397s
H563801 535091                       1.7849318    3.89772   118%   751 6397s
H566463 537545                       1.7852423    3.89770   118%   752 6438s
H566555 537536                       1.7853589    3.89770   118%   752 6438s
H566922 537535                       1.7855703    3.89724   118%   752 6438s
H569077 539318                       1.7857733    3.89626   118%   752 6486s
H569830 539317                       1.7858167    3.89609   118%   752 6486s
H570425 539316                       1.7858581    3.89607   118%   752 6486s
 570955 543426    3.80625   47   28    1.78586    3.89587   118%   752 6525s
H571244 543426                       1.7858581    3.89587   118%   752 6526s
H575288 545880                       1.7862494    3.89490   118%   752 6569s
H575452 545878                       1.7863096    3.89479   118%   752 6569s
 577902 547469    3.84392   56   22    1.78631    3.89445   118%   752 6607s
H577943 547463                       1.7864135    3.89445   118%   752 6607s
H578490 547463                       1.7864237    3.89437   118%   752 6607s
H579583 552271                       1.7864536    3.89427   118%   753 6671s
H580228 552270                       1.7864741    3.89427   118%   753 6671s
H581157 552270                       1.7864743    3.89409   118%   753 6671s
H583108 552270                       1.7864768    3.89398   118%   753 6671s
 584647 555115    3.89352   55   12    1.78648    3.89352   118%   753 6726s
H584978 555115                       1.7864926    3.89345   118%   753 6727s
H585276 555115                       1.7864952    3.89335   118%   753 6727s
H587707 558385                       1.7864953    3.89306   118%   753 6780s
H588139 558385                       1.7865016    3.89306   118%   753 6780s
H589337 558385                       1.7865037    3.89264   118%   753 6780s
H589851 558385                       1.7865136    3.89263   118%   753 6780s
 591151 560073    2.96180   46   23    1.78651    3.89237   118%   753 6838s
H591265 560073                       1.7865184    3.89223   118%   753 6839s
H591413 560073                       1.7865237    3.89214   118%   753 6839s
H591793 560073                       1.7865257    3.89202   118%   753 6839s
H591925 560073                       1.7865273    3.89199   118%   753 6839s
H592942 564070                       1.7865273    3.89178   118%   753 6893s
H593153 564070                       1.7865274    3.89178   118%   753 6893s
H594167 564070                       1.7865279    3.89171   118%   753 6893s
H597199 567392                       1.7865281    3.89154   118%   753 6940s
H597349 567392                       1.7865281    3.89154   118%   753 6940s
H598186 567392                       1.7865283    3.89105   118%   754 6940s
H598250 567392                       1.7865284    3.89103   118%   754 6941s
 600707 570415    3.85632   53   23    1.78653    3.89090   118%   754 6989s
H601395 570415                       1.7865292    3.89056   118%   754 6990s
H603900 573778                       1.7865292    3.88982   118%   754 7040s
H604163 573778                       1.7865293    3.88973   118%   754 7040s
H604410 573778                       1.7865293    3.88972   118%   754 7040s
H605331 573778                       1.7865293    3.88962   118%   754 7040s
H605743 573778                       1.7865294    3.88962   118%   754 7040s
 607452 575533    3.60247   60   20    1.78653    3.88930   118%   754 7082s
H607554 575533                       1.7865294    3.88930   118%   754 7082s
H608090 575533                       1.7865294    3.88918   118%   754 7082s
 609309 580773    3.48464   54   22    1.78653    3.88900   118%   754 7140s
 614866 583244    3.60163   52  395    1.78653    3.88800   118%   755 7248s
 617489 587120    3.69632   50   12    1.78653    3.88705   118%   755 7285s
 621579 590168    3.83425   50   22    1.78653    3.88627   118%   756 7326s
 624755 590200    3.83576   41   17    1.78653    3.88559   117%   756 7378s
 624787 590231    2.50439   53  395    1.78653    3.88515   117%   756 7430s
H624820 591815                       1.7880867    3.88501   117%   756 7476s
H624899 591815                       1.7880868    3.88501   117%   756 7476s
H626532 594401                       1.7880868    3.88494   117%   756 7525s
H626731 594401                       1.7880868    3.88487   117%   756 7526s
H627318 594401                       1.7880868    3.88478   117%   756 7526s
H629292 598780                       1.7880868    3.88442   117%   756 7568s
H629414 598780                       1.7880868    3.88442   117%   756 7568s
H630289 598780                       1.7880868    3.88436   117%   757 7568s
H633946 602591                       1.7880868    3.88375   117%   757 7610s
H637989 605318                       1.7880868    3.88321   117%   757 7651s
H640887 609462                       1.7880869    3.88266   117%   757 7688s
 645281 612916    3.27354   51   24    1.78809    3.88201   117%   757 7723s
 648919 614722    3.60125   52   24    1.78809    3.88130   117%   757 7760s
H649840 614722                       1.7880869    3.88110   117%   758 7760s
 650819 618250    3.29991   44   29    1.78809    3.88057   117%   758 7796s
 654581 621665    3.77346   63   19    1.78809    3.87980   117%   758 7829s
 658178 624976    3.73308   54   19    1.78809    3.87940   117%   758 7862s
 661687 628042    3.84827   47   15    1.78809    3.87886   117%   758 7895s
 664924 630446    3.65846   51   25    1.78809    3.87807   117%   759 7939s
 667468 633740    3.70083   59   18    1.78809    3.87793   117%   759 7972s
 670965 636818    3.60348   54   20    1.78809    3.87730   117%   759 8003s
 674221 638498    2.11256   49  210    1.78809    3.87642   117%   759 8045s
H674768 638498                       1.7880871    3.87632   117%   759 8045s
H675197 638498                       1.7880871    3.87629   117%   759 8046s
 675961 642021    3.75146   46   28    1.78809    3.87624   117%   759 8079s
 679658 645258    3.57656   54   26    1.78809    3.87598   117%   759 8111s
 683093 648412    3.87488   47   24    1.78809    3.87488   117%   760 8145s
 686413 651696    3.32110   53   25    1.78809    3.87392   117%   760 8177s
 689900 654776    3.64157   54   19    1.78809    3.87360   117%   760 8210s
 693194 658072    3.84079   54   23    1.78809    3.87292   117%   760 8242s
 696722 661359    3.27188   52   19    1.78809    3.87216   117%   760 8274s
 700233 663325    3.33768   54   25    1.78809    3.87158   117%   760 8308s
 702337 666915    3.81221   42   21    1.78809    3.87123   117%   760 8343s
 706141 670152    3.87055   52   10    1.78809    3.87055   116%   761 8375s
 709574 673188    3.45531   51   17    1.78809    3.87007   116%   761 8407s
 712870 676406    3.85430   50   26    1.78809    3.86936   116%   761 8442s
 716298 679476    3.86243   48   20    1.78809    3.86884   116%   762 8474s
 719574 682604    3.76405   53   21    1.78809    3.86838   116%   762 8505s
 722928 685861    3.81967   56   21    1.78809    3.86818   116%   762 8540s
 726387 687944    3.86184   54   25    1.78809    3.86715   116%   762 8581s
 728568 692799    3.78820   55   22    1.78809    3.86685   116%   762 8629s
 733749 696473    3.69837   56   21    1.78809    3.86591   116%   763 8665s
 737604 699716    3.74929   52   22    1.78809    3.86585   116%   763 8700s
 741073 702782    3.35585   49  489    1.78809    3.86504   116%   763 8737s
 744355 705979    3.78611   54   21    1.78809    3.86453   116%   763 8770s
 747749 709200    2.90069   47  284    1.78809    3.86396   116%   764 8803s
 751168 712455    3.41430   54   29    1.78809    3.86345   116%   764 8835s
 754625 715482    3.61643   50   26    1.78809    3.86268   116%   764 8882s
 757864 718738    3.80286   46   25    1.78809    3.86218   116%   764 8914s
 761306 720731    3.59903   48   25    1.78809    3.86166   116%   764 9004s
H762145 720731                       1.7880871    3.86146   116%   764 9006s
 763442 723015    3.82729   48   25    1.78809    3.86123   116%   765 9050s
 765862 726913    3.67954   50   17    1.78809    3.86081   116%   765 9093s
 770007 730637    3.86042   45   15    1.78809    3.86042   116%   765 9129s
 773990 734025    3.14796   51  433    1.78809    3.85994   116%   765 9162s
 777620 735564    3.70152   57   19    1.78809    3.85920   116%   765 9207s
 779271 739013    3.76364   49   16    1.78809    3.85890   116%   765 9243s
 782961 742439    3.37820   54   12    1.78809    3.85830   116%   766 9279s
 786580 745743    3.26511   55   24    1.78809    3.85802   116%   766 9316s
 790101 748865    3.42828   54   23    1.78809    3.85747   116%   767 9352s
H793213 748865                       1.7880871    3.85723   116%   767 9353s
 793479 751785    3.63919   50   26    1.78809    3.85683   116%   767 9388s
 796613 753711    3.80404   57   18    1.78809    3.85647   116%   767 9428s
 798662 757325    2.98141   54  365    1.78809    3.85613   116%   767 9463s
 802496 760687    3.44854   52   26    1.78809    3.85539   116%   767 9502s
 806056 764108    3.85479   49   14    1.78809    3.85479   116%   767 9538s
 809681 767151    3.28657   47   28    1.78809    3.85458   116%   768 9569s
 812922 770167    3.31110   58   20    1.78809    3.85355   116%   768 9599s
 816169 773409    3.57040   50   24    1.78809    3.85328   115%   768 9629s
 819608 776546    3.85255   44   13    1.78809    3.85255   115%   768 9665s
 822954 779605    3.49049   52   24    1.78809    3.85227   115%   768 9695s
 826221 782599    2.37301   54   22    1.78809    3.85169   115%   769 9724s
 829471 785627    1.86817   54  364    1.78809    3.85108   115%   769 9754s
 832709 788528    3.74237   50   27    1.78809    3.85023   115%   769 9789s
 835800 791562    3.44643   50   29    1.78809    3.84972   115%   769 9819s
 839062 794510    3.40526   57   19    1.78809    3.84943   115%   769 9848s
 842181 797701    3.79032   49   15    1.78809    3.84868   115%   770 9877s
 845604 800342    3.77700   50   27    1.78809    3.84825   115%   770 9910s
 848388 803805    3.84774   44   10    1.78809    3.84774   115%   770 9941s
 852083 807104    3.84038   49   24    1.78809    3.84733   115%   770 9974s
 855600 810025    2.48505   57  406    1.78809    3.84686   115%   770 10005s
 858703 813195    2.51340   53  349    1.78809    3.84651   115%   770 10034s
 862042 816214    3.63129   54   24    1.78809    3.84597   115%   770 10064s
 865235 819285    3.80491   48   22    1.78809    3.84563   115%   770 10094s
 868506 822157    3.38600   46   12    1.78809    3.84511   115%   770 10124s
 871587 825352    3.74923   51   21    1.78809    3.84477   115%   771 10155s
 874964 828406    3.76757   50   24    1.78809    3.84410   115%   771 10188s
 878240 831273    3.84345   52    8    1.78809    3.84345   115%   771 10220s
 881285 833413    3.27401   48   27    1.78809    3.84309   115%   771 10264s
 883531 838379    3.63057   42   10    1.78809    3.84266   115%   771 10312s
 888817 841899    3.84208   50   17    1.78809    3.84208   115%   771 10347s
 892591 844545    3.51703   45   14    1.78809    3.84153   115%   772 10428s
 895368 848141    3.06464   53  406    1.78809    3.84122   115%   772 10462s
 899178 851280    3.74139   48   25    1.78809    3.84084   115%   772 10497s
 902521 854747    3.81549   46   31    1.78809    3.84017   115%   772 10532s
 906235 857876    3.42287   53   20    1.78809    3.83990   115%   772 10566s
 909603 861097    3.25005   49  322    1.78809    3.83919   115%   772 10599s
H911975 861097                       1.7880871    3.83908   115%   772 10601s
 913023 863662    3.83145   45   13    1.78809    3.83872   115%   772 10638s
H914414 863662                       1.7880871    3.83850   115%   772 10638s
 915738 866336    3.63542   52   24    1.78809    3.83823   115%   772 10682s
H916079 866336                       1.7880871    3.83819   115%   772 10683s
 918572 869413    3.48403   54   26    1.78809    3.83783   115%   772 10730s
 921849 873439    3.47109   46   26    1.78809    3.83775   115%   773 10771s
 926140 875795    3.42409   46   29    1.78809    3.83695   115%   773 10800s

Cutting planes:
  Gomory: 1
  Cover: 1
  Projected implied bound: 126
  MIR: 1664
  Mixing: 1
  Flow cover: 300
  RLT: 391
  Relax-and-lift: 299

Explored 928634 nodes (717672642 simplex iterations) in 10800.17 seconds (25987.52 work units)
Thread count was 32 (of 255 available processors)

Solution count 10: 1.78809 1.78809 1.78809 ... 1.78653

Time limit reached
Best objective 1.788087149800e+00, best bound 3.836672577345e+00, gap 114.5685%

User-callback calls 2907275, time in user-callback 1.31 sec
source: 2 target: 3 model_arch: 3x50 perturbation type: contrast perturbation size: [1.2] dataset: fmnist
Attack:   0%|          | 0/500 [00:00<?, ?it/s]Attack:   3%|▎         | 13/500 [00:00<00:03, 127.36it/s]Attack:  11%|█         | 54/500 [00:00<00:01, 287.87it/s]Attack:  19%|█▉        | 95/500 [00:00<00:01, 341.51it/s]Attack:  27%|██▋       | 134/500 [00:00<00:01, 359.13it/s]Attack:  34%|███▍      | 172/500 [00:00<00:00, 364.80it/s]Attack:  42%|████▏     | 210/500 [00:00<00:00, 368.39it/s]Attack:  50%|████▉     | 248/500 [00:00<00:00, 370.62it/s]Attack:  57%|█████▋    | 286/500 [00:00<00:00, 371.90it/s]Attack:  65%|██████▍   | 324/500 [00:00<00:00, 370.98it/s]Attack:  72%|███████▏  | 362/500 [00:01<00:00, 370.57it/s]Attack:  80%|████████  | 400/500 [00:01<00:00, 368.53it/s]Attack:  87%|████████▋ | 437/500 [00:01<00:00, 362.41it/s]Attack:  95%|█████████▍| 474/500 [00:01<00:00, 360.68it/s]Attack: 100%|█████████▉| 499/500 [00:01<00:00, 355.43it/s]
best_val 0.05004692077636719
Set parameter WLSAccessID
Set parameter WLSSecret
Set parameter LicenseID to value 2478548
Academic license 2478548 - for non-commercial use only - registered to ne___@campus.technion.ac.il
Encoding the two copies...
apply_sibgate_constraints!: emitted 24 coupling lines (both-thin), 0 conditional triangles on org (org-dropped), 0 conditional triangles on pert (pert-dropped).
Encoding dependencies (activation_start=1, layers_offset=2)...
apply_n1_var_hints!: mode=VH_PREV_PGD, Start-consensus on 122 of 122 N2 binaries (pgd-silent-filled=30, pgd-agreed-nop=91, pgd-disagreed-withdrew=1, flipped=0, no-N1-match=0, Tech2-eliminated-but-survived=0)
1.7880871498000777  3.8366725773454835  10800.199679136276
Clean sample classification: 3
Perturbed sample classification: 3

══ Advanced-standard: loading N1 state from /root/Downloads/for_dana/vaghar_org/paper_experiments_with_zono_fix/fashion-mnist/3x50_exp/contrast/eps_1.2/n1_state_3x50_model_seed42_itr19 (c_tag=3, c_target=4) ══
load_n1_state: loaded from /root/Downloads/for_dana/vaghar_org/paper_experiments_with_zono_fix/fashion-mnist/3x50_exp/contrast/eps_1.2/n1_state_3x50_model_seed42_itr19 (c_tag=3, c_target=4, 1911 vars, 170 neurons)

══ Advanced-standard PASS 2: solving N2 with N1 info (c_tag=3, c_target=4) ══
set_n1_neuron_bounds: loaded 170 neuron bounds from N1
compute_n2_pert_relaxation_bounds: populated 2 ReLU layers
compute_n2_relax_decision!: τ=0.5, both=24 org-only=0 pert-only=0 none=61 (plus 15 stable neurons)
[notice | Main.MIPVerify]: Determining upper and lower bounds for the input to each non-linear unit.
Set parameter WLSAccessID
Set parameter WLSSecret
Set parameter LicenseID to value 2478548
Academic license 2478548 - for non-commercial use only - registered to ne___@campus.technion.ac.il
Set parameter TimeLimit to value 5
Set parameter NonConvex to value 2
Set parameter TimeLimit to value 5
Set parameter WLSAccessID
Set parameter WLSSecret
Set parameter LicenseID to value 2478548
Academic license 2478548 - for non-commercial use only - registered to ne___@campus.technion.ac.il
Set parameter NonConvex to value 2
Set parameter MIPFocus to value 3
Set parameter Cutoff to value 5.0046920776367188e-02
Set parameter Threads to value 32
Set parameter TimeLimit to value 10800
Set parameter MIPGap to value 0.01
Set parameter Seed to value 4
Set parameter Seed to value 4
Set parameter NonConvex to value 2
Set parameter MIPFocus to value 3
Set parameter Cutoff to value 5.0046920776367188e-02
Set parameter Threads to value 32
Set parameter MIPGap to value 0.01
Set parameter TimeLimit to value 10800
Warning for adding constraints: zero or small (< 1e-13) coefficients, ignored
Gurobi Optimizer version 13.0.0 build v13.0.0rc1 (linux64 - "Ubuntu 20.04.2 LTS")

CPU model: AMD EPYC 7713 64-Core Processor, instruction set [SSE2|AVX|AVX2]
Thread count: 127 physical cores, 255 logical processors, using up to 32 threads

Non-default parameters:
Cutoff  5.0046920776367188e-02
TimeLimit  10800
MIPGap  0.01
MIPFocus  3
NonConvex  2
Seed  4
Threads  32

Academic license 2478548 - for non-commercial use only - registered to ne___@campus.technion.ac.il
Optimize a model with 832 rows, 1874 columns and 192787 nonzeros (Max)
Model fingerprint: 0x9a8c2218
Model has 1 linear objective coefficients
Model has 784 quadratic constraints
Variable types: 1752 continuous, 122 integer (122 binary)
Coefficient statistics:
  Matrix range     [1e-13, 3e+01]
  QMatrix range    [1e+00, 1e+00]
  QLMatrix range   [1e+00, 1e+00]
  Objective range  [1e+00, 1e+00]
  Bounds range     [1e-07, 3e+01]
  RHS range        [1e-11, 7e+01]

Processing user MIP start: 0 nodes explored in subMIP, total elapsed time 5s
User MIP start produced solution with objective 0.230324 (5.18s)
Processing user MIP start: 94 nodes explored in subMIP, total elapsed time 10s
Processing user MIP start: 453 nodes explored in subMIP, total elapsed time 15s
User MIP start produced solution with objective 0.230324 (15.07s)
Loaded user MIP start with objective 0.230324
Processed MIP start in 15.07 seconds (36.29 work units)

Presolve removed 345 rows and 14 columns
Presolve time: 0.10s
Presolved: 3623 rows, 1861 columns, 133339 nonzeros
Presolved model has 784 bilinear constraint(s)

Solving non-convex MIQCP to global optimality

Found heuristic solution: objective 0.2303235
Variable types: 1739 continuous, 122 integer (122 binary)
Root relaxation presolve removed 109 rows and 112 columns
Root relaxation presolved: 3514 rows, 1749 columns, 133010 nonzeros


Root simplex log...

Iteration    Objective       Primal Inf.    Dual Inf.      Time
       0    4.4591843e+01   6.403186e+02   0.000000e+00     15s
    1477    9.0832018e+00   0.000000e+00   0.000000e+00     16s
    1478    9.0832018e+00   0.000000e+00   0.000000e+00     16s

Extra simplex iterations after uncrush: 1

Root relaxation: objective 9.083202e+00, 1478 iterations, 0.31 seconds (0.48 work units)

    Nodes    |    Current Node    |     Objective Bounds      |     Work
 Expl Unexpl |  Obj  Depth IntInf | Incumbent    BestBd   Gap | It/Node Time

     0     0    9.08320    0   35    0.23032    9.08320  3844%     -   15s
     0     0    8.70678    0   35    0.23032    8.70678  3680%     -   17s
     0     0    8.70678    0   35    0.23032    8.70678  3680%     -   17s
     0     0    8.57131    0   39    0.23032    8.57131  3621%     -   18s
     0     0    8.55040    0   34    0.23032    8.55040  3612%     -   18s
     0     0    8.55040    0   34    0.23032    8.55040  3612%     -   19s
     0     0    8.45350    0   46    0.23032    8.45350  3570%     -   19s
     0     0    7.94622    0   48    0.23032    7.94622  3350%     -   20s
     0     0    7.94622    0   39    0.23032    7.94622  3350%     -   21s
H    0     0                       0.2303235    7.71497  3250%     -   22s
H    0     0                       0.2303235    7.71497  3250%     -   22s
     0     0    7.71497    0   43    0.23032    7.71497  3250%     -   22s
     0     0    7.64776    0   40    0.23032    7.64776  3220%     -   22s
     0     0    7.64776    0   34    0.23032    7.64776  3220%     -   23s
     0     0    7.51470    0   35    0.23032    7.51470  3163%     -   23s
     0     0    7.33348    0   40    0.23032    7.33348  3084%     -   24s
     0     0    7.33348    0   36    0.23032    7.33348  3084%     -   25s
     0     0    7.23150    0   46    0.23032    7.23150  3040%     -   25s
     0     0    7.23150    0   59    0.23032    7.23150  3040%     -   26s
     0     0    7.23150    0   53    0.23032    7.23150  3040%     -   26s
     0     0    7.23150    0   58    0.23032    7.23150  3040%     -   27s
     0     0    7.23150    0   56    0.23032    7.23150  3040%     -   28s
     0     0    7.23150    0   54    0.23032    7.23150  3040%     -   28s
     0     0    6.98397    0   68    0.23032    6.98397  2932%     -   29s
     0     0    6.98397    0   61    0.23032    6.98397  2932%     -   30s
     0     0    6.98397    0   52    0.23032    6.98397  2932%     -   30s
     0     0    6.97400    0   56    0.23032    6.97400  2928%     -   30s
     0     0    6.85225    0   50    0.23032    6.85225  2875%     -   31s
     0     0    6.85225    0   48    0.23032    6.85225  2875%     -   32s
     0     0    6.80507    0   72    0.23032    6.80507  2855%     -   32s
     0     0    6.77973    0   91    0.23032    6.77973  2844%     -   33s
     0     0    6.77973    0   91    0.23032    6.77973  2844%     -   33s
     0     0    6.75932    0   95    0.23032    6.75932  2835%     -   33s
     0     0    6.72220    0  100    0.23032    6.72220  2819%     -   34s
     0     0    6.72220    0  100    0.23032    6.72220  2819%     -   34s
     0     0    6.70276    0  100    0.23032    6.70276  2810%     -   34s
     0     0    6.66907    0   82    0.23032    6.66907  2796%     -   35s
     0     0    6.66907    0   68    0.23032    6.66907  2796%     -   35s
     0     0    6.59147    0   91    0.23032    6.59147  2762%     -   36s
     0     0    6.56681    0   94    0.23032    6.56681  2751%     -   37s
     0     0    6.56681    0   94    0.23032    6.56681  2751%     -   38s
     0     0    6.55849    0   88    0.23032    6.55849  2748%     -   38s
     0     0    6.53448    0   86    0.23032    6.53448  2737%     -   39s
     0     0    6.53448    0   86    0.23032    6.53448  2737%     -   40s
     0     0    6.53448    0   88    0.23032    6.53448  2737%     -   40s
     0     0    6.53448    0   88    0.23032    6.53448  2737%     -   40s
     0     0    6.53448    0   88    0.23032    6.53448  2737%     -   41s
     0     0    6.52977    0   88    0.23032    6.52977  2735%     -   42s
     0     0    6.36214    0   85    0.23032    6.36214  2662%     -   44s
     0     0    6.36214    0   85    0.23032    6.36214  2662%     -   45s
     0     0    6.33703    0   88    0.23032    6.33703  2651%     -   46s
     0     0    6.26740    0   84    0.23032    6.26740  2621%     -   48s
     0     0    6.26740    0   84    0.23032    6.26740  2621%     -   49s
     0     0    6.25191    0   85    0.23032    6.25191  2614%     -   49s
     0     0    6.24931    0   84    0.23032    6.24931  2613%     -   50s
     0     0    6.24931    0   84    0.23032    6.24931  2613%     -   50s
     0     0    6.18041    0   85    0.23032    6.18041  2583%     -   50s
     0     0    6.16363    0   83    0.23032    6.16363  2576%     -   51s
     0     0    6.16363    0   83    0.23032    6.16363  2576%     -   52s
     0     0    6.14023    0   85    0.23032    6.14023  2566%     -   52s
     0     0    6.14023    0   84    0.23032    6.14023  2566%     -   53s
     0     0    6.14023    0   84    0.23032    6.14023  2566%     -   53s
     0     0    6.14023    0   84    0.23032    6.14023  2566%     -   53s
     0     0    6.12441    0   84    0.23032    6.12441  2559%     -   54s
     0     0    6.12108    0   87    0.23032    6.12108  2558%     -   54s
     0     0    6.12108    0   91    0.23032    6.12108  2558%     -   56s
     0     0    6.12108    0   91    0.23032    6.12108  2558%     -   56s
     0     0    6.08789    0   88    0.23032    6.08789  2543%     -   57s
     0     0    6.08789    0   88    0.23032    6.08789  2543%     -   58s
     0     2    6.08789    0   88    0.23032    6.08789  2543%     -   65s
H    8    16                       0.2303235    6.08789  2543%  3329   69s
    15    32    6.08789    4   43    0.23032    6.08789  2543%  2483   77s
    63    96    6.08789    6   44    0.23032    6.08789  2543%  1709   80s
   279   387    5.32063   11   37    0.23032    5.56438  2316%  1550   85s
   883   950    4.53534   17   32    0.23032    4.62383  1908%   991   90s
  1432  1442    4.34522    9   26    0.23032    4.52561  1865%   853   97s
  1993  1992    4.41274   23   21    0.23032    4.48553  1847%   749  103s
  2052  2037    4.02183   19   19    0.23032    4.47714  1844%   749  106s
  3311  3235    4.26148   21   88    0.23032    4.43085  1824%   567  133s
H 3312  3074                       0.2303235    4.43085  1824%   567  137s
  3316  3076    4.07463   31   46    0.23032    4.43085  1824%   566  140s
  3319  3078    0.91535   20   51    0.23032    4.43085  1824%   566  145s
  3322  3080    3.77249   18   45    0.23032    4.43085  1824%   565  157s
  3325  3087    4.43085   15   49    0.23032    4.43085  1824%   571  160s
  3385  3155    4.43085   19   69    0.23032    4.43085  1824%   594  166s
H 3394  2997                       0.2303237    4.43085  1824%   597  166s
  3468  3110    4.43085   21   38    0.23032    4.43085  1824%   614  170s
  3554  3113    4.43085   22   41    0.23032    4.43085  1824%   622  180s
  3727  3280    4.43085   25   38    0.23032    4.43085  1824%   651  185s
  3927  3387    4.43085   29   24    0.23032    4.43085  1824%   674  190s
  4035  3434    4.28214   27   35    0.23032    4.43085  1824%   692  198s
  4067  3453    4.43085   30   29    0.23032    4.43085  1824%   700  201s
  4254  3647    4.43085   33   29    0.23032    4.43085  1824%   714  206s
  4496  3766    3.96890   31   41    0.23032    4.43085  1824%   711  211s
  4587  3768    1.78799   31   21    0.23032    4.43085  1824%   720  215s
  4706  3871    1.08376   32   20    0.23032    4.42645  1822%   719  225s
  4739  3948    4.10392   24   26    0.23032    4.41441  1817%   725  231s
H 4779  3789                       0.2303238    4.40852  1814%   726  231s
  4827  3848    4.11813   34   23    0.23032    4.40812  1814%   726  235s
H 4845  3703                       0.2303238    4.40627  1813%   726  235s
H 4895  3554                       0.2303239    4.40627  1813%   728  235s
  5415  4071    3.93128   36   25    0.23032    4.37877  1801%   710  262s
  5614  4325    1.67421   32   21    0.23032    4.36634  1796%   701  270s
  5939  4607    3.85331   28   26    0.23032    4.35711  1792%   686  284s
  6329  4892    4.31423   33   27    0.23032    4.35001  1789%   665  286s
  7159  5309    4.10316   28   32    0.23032    4.32980  1780%   633  291s
H 7162  5182                       0.2303240    4.32980  1780%   633  291s
  7987  5731    3.96685   37   14    0.23032    4.31089  1772%   604  297s
  8292  6066    4.02743   36   29    0.23032    4.30470  1769%   595  300s
  9210  6647    4.20119   27   32    0.23032    4.28435  1760%   576  305s
 10187  7377     cutoff   35         0.23032    4.27136  1754%   559  311s
 11373  8540    4.19773   41   19    0.23032    4.25246  1746%   540  317s
 12512  9625    3.97300   34   27    0.23032    4.23369  1738%   528  322s
 13102 10148    3.98956   39   24    0.23032    4.22652  1735%   524  325s
 14275 11442    4.05202   39   22    0.23032    4.21328  1729%   514  330s
 14951 11610    4.03649   39   29    0.23032    4.20278  1725%   510  343s
 15121 12122    4.05563   38   24    0.23032    4.19613  1722%   510  349s
 15639 12662    4.10039   38   38    0.23032    4.18903  1719%   507  353s
 16181 13225    4.00979   38   32    0.23032    4.18460  1717%   507  356s
 16746 13897    3.99082   33   24    0.23032    4.17890  1714%   506  360s
 18026 15013    4.06765   51   24    0.23032    4.16998  1710%   503  367s
 18544 15600    4.08351   49   26    0.23032    4.16541  1709%   504  370s
 19768 16738    4.05768   48   23    0.23032    4.16062  1706%   508  378s
 20295 16770    4.02297   51   26    0.23032    4.15729  1705%   511  386s
 20327 16802    4.15394   46   18    0.23032    4.15394  1704%   512  392s
 20359 16834    4.06260   47   27    0.23032    4.15394  1704%   513  400s
 20391 16865    4.07668   48   26    0.23032    4.15394  1704%   515  408s
 20424 16912    4.12201   44   19    0.23032    4.14434  1699%   516  420s
 20471 17485    4.14218   45   20    0.23032    4.14218  1698%   517  425s
 21561 18588    4.12592   47   25    0.23032    4.13963  1697%   524  434s
 22159 19070    3.96168   47   28    0.23032    4.13849  1697%   528  438s
 22641 19617    4.11617   49   23    0.23032    4.13773  1696%   532  443s
 23190 20259    3.94511   50   26    0.23032    4.13351  1695%   537  449s
 23834 20858    3.95608   49   28    0.23032    4.13140  1694%   540  455s
 24433 21633    3.99899   40   14    0.23032    4.12683  1692%   544  460s
 25214 22318    4.12302   43   25    0.23032    4.12302  1690%   546  466s
 25911 23073    3.87965   44   25    0.23032    4.12167  1690%   550  473s
 26670 23741    4.04766   46   26    0.23032    4.12059  1689%   553  481s
 27342 23772    4.11939   47   26    0.23032    4.11939  1689%   559  495s
 27375 23802    4.01363   48   26    0.23032    4.11874  1688%   560  509s
 27408 23834    3.98941   45   28    0.23032    4.11178  1685%   560  522s
H27413 23834                       0.2321073    4.11178  1672%   561  522s
H27418 23833                       0.2326028    4.11178  1668%   561  522s
H27425 23833                       0.2326036    4.11178  1668%   561  522s
H27427 23833                       0.2326747    4.11178  1667%   561  522s
H27440 24565                       0.2327567    4.11178  1667%   561  530s
 28172 25236    3.90568   50   23    0.23276    4.10917  1665%   565  537s
 28843 25594    4.06802   49   24    0.23276    4.10811  1665%   571  548s
H28865 25594                       0.2364231    4.10797  1638%   571  548s
H28882 25594                       0.2364415    4.10797  1637%   572  548s
H28919 25594                       0.2392065    4.10745  1617%   572  548s
H29075 25594                       0.2422595    4.10615  1595%   573  548s
H29203 26412                       0.2426229    4.10557  1592%   573  559s
H29306 26412                       0.2426239    4.10518  1592%   574  559s
H29409 26412                       0.2426283    4.10518  1592%   576  559s
H29604 26412                       0.2426315    4.10463  1592%   577  559s
 30027 27498    3.97249   48   26    0.24263    4.10381  1591%   578  577s
 31117 28956    3.98785   47   28    0.24263    4.10248  1591%   584  590s
 32577 30185    4.06063   49   27    0.24263    4.10248  1591%   591  603s
 33814 31629    4.07981   50   26    0.24263    4.09640  1588%   599  616s
 35276 32238    3.84165   50   21    0.24263    4.09230  1587%   605  638s
H35277 32238                       0.2426842    4.09230  1586%   605  638s
H35348 32238                       0.2427001    4.09056  1585%   606  638s
H35553 32238                       0.2427640    4.09056  1585%   607  638s
H35832 32238                       0.2444264    4.09056  1574%   608  638s
 35897 32896    4.07173   48   29    0.24443    4.09056  1574%   608  655s
H36089 32896                       0.2444264    4.09056  1574%   609  655s
H36471 32896                       0.2444264    4.09056  1574%   610  655s
H36510 32896                       0.2444982    4.09056  1573%   611  655s
 36555 34590    4.07775   49   26    0.24450    4.08662  1571%   611  670s
 38259 36208    3.92784   44   28    0.24450    4.08260  1570%   617  686s
 39893 37754    4.07846   50   27    0.24450    4.08213  1570%   625  703s
 41453 38818    4.05916   51   23    0.24450    4.07718  1568%   633  734s
 42521 40572    4.04482   48   28    0.24450    4.07092  1565%   637  753s
 44291 42335    3.59573   51   23    0.24450    4.06897  1564%   643  771s
 46069 44250    3.81583   50   24    0.24450    4.06476  1562%   649  791s
 47998 46248    4.03696   46   29    0.24450    4.05920  1560%   655  810s
 50034 48081    4.04842   45   25    0.24450    4.05499  1558%   661  831s
 51925 50323    3.98766   50   27    0.24450    4.05373  1558%   669  852s
 54178 51523    3.51091   34   24    0.24450    4.04843  1556%   672  876s
H54179 51523                       0.2461154    4.04843  1545%   672  876s
H54246 51523                       0.2464557    4.04775  1542%   672  876s
H54814 51523                       0.2465872    4.04630  1541%   673  876s
H55152 51523                       0.2466209    4.04630  1541%   674  876s
H55303 51523                       0.2469854    4.04630  1538%   674  876s
H55382 53761                       0.2475617    4.04630  1534%   674  900s
 57642 56037    3.98296   52   26    0.24756    4.04345  1533%   679  925s
 59932 58291    3.91948   46   23    0.24756    4.04185  1533%   685  950s
 62198 60788    3.90565   39   27    0.24756    4.03679  1531%   689  975s
 64711 63131    3.95159   49   25    0.24756    4.03352  1529%   693 1003s
 67082 64767    3.55983   43   28    0.24756    4.03035  1528%   697 1040s
 68732 67543    3.16552   39   20    0.24756    4.02700  1527%   700 1071s
 71529 70270    3.99179   43   26    0.24756    4.02414  1526%   706 1103s
 74296 72125    4.01374   43   28    0.24756    4.02104  1524%   712 1140s
H75062 72125                       0.2491422    4.01989  1513%   714 1140s
 76175 75249    3.95753   50   28    0.24914    4.01818  1513%   716 1175s
H76372 75249                       0.2491423    4.01804  1513%   716 1175s
H78132 75249                       0.2491424    4.01711  1512%   719 1175s
 79334 78335    3.79834   45   29    0.24914    4.01486  1511%   721 1211s
H79787 78335                       0.2491424    4.01369  1511%   722 1211s
 82456 81798    3.66392   52   23    0.24914    4.01155  1510%   725 1248s
 85953 84835    3.28347   52  415    0.24914    4.00840  1509%   730 1295s
H89024 87884                       0.2492961    4.00309  1506%   734 1331s
 92100 90105    3.94713   49   24    0.24930    4.00138  1505%   738 1376s
H92484 90105                       0.2492961    3.99981  1504%   738 1376s
H92908 90105                       0.2492961    3.99953  1504%   739 1376s
 94343 94190    3.91647   49   23    0.24930    3.99844  1504%   740 1420s
 98442 97664    3.75982   47   33    0.24930    3.99616  1503%   743 1462s
 101940 100936    3.94352   51   23    0.24930    3.99452  1502%   746 1502s
 105224 103200    3.82467   46   27    0.24930    3.99059  1501%   750 1548s
H106740 103200                       0.2492961    3.98876  1500%   751 1548s
 107500 106798    3.64740   48   22    0.24930    3.98876  1500%   751 1591s
 111128 109769    3.87656   49   23    0.24930    3.98330  1498%   754 1635s
H114129 109801                       0.2492999    3.98028  1497%   757 1696s
H114148 109801                       0.2493003    3.97963  1496%   757 1696s
 114161 113106    3.89993   49   24    0.24930    3.97944  1496%   757 1748s
H114778 113106                       0.2493005    3.97925  1496%   758 1748s
H116870 113106                       0.2493006    3.97906  1496%   760 1748s
 117478 116828    3.95112   50   19    0.24930    3.97828  1496%   760 1792s
 121220 118038    3.81831   50   29    0.24930    3.97461  1494%   762 1839s
 122434 126039    3.68864   46   32    0.24930    3.97449  1494%   763 1942s
H125134 126039                       0.2493007    3.97264  1494%   764 1942s
 130463 130179    3.93783   37   28    0.24930    3.97036  1493%   768 1990s
 134639 134349    3.96148   48   28    0.24930    3.96704  1491%   770 2030s
H134925 134349                       0.2493007    3.96619  1491%   770 2030s
 138851 138273    3.82961   45   25    0.24930    3.96319  1490%   770 2069s
 142809 141896    3.69039   45   27    0.24930    3.96166  1489%   772 2104s
H143024 141896                       0.2493007    3.96141  1489%   772 2104s
H144390 141896                       0.2493007    3.96030  1489%   772 2105s
H145004 141896                       0.2493007    3.96013  1488%   773 2105s
 146448 145378    3.95867   49   25    0.24930    3.95867  1488%   773 2137s
H149402 145378                       0.2493007    3.95671  1487%   773 2137s
 149942 148898    3.22586   43  391    0.24930    3.95671  1487%   773 2168s
 153475 152566    3.81784   46   28    0.24930    3.95354  1486%   774 2200s
 157159 155525    3.94436   47   29    0.24930    3.95187  1485%   775 2232s
 160164 158885    3.88719   49   28    0.24930    3.95047  1485%   778 2262s
 163536 162312    3.93529   46   19    0.24930    3.94761  1483%   778 2291s
 166991 165657    3.40654   51   23    0.24930    3.94614  1483%   779 2324s
 170346 168985    3.93228   49   28    0.24930    3.94455  1482%   779 2355s
 173684 171946    3.87586   47   27    0.24930    3.94215  1481%   779 2384s
 176667 175057    3.74758   46   30    0.24930    3.94062  1481%   780 2412s
 179799 178168    3.93915   49   27    0.24930    3.93917  1480%   781 2444s
 182942 181755    3.73787   48   23    0.24930    3.93666  1479%   782 2476s
 186589 184758    3.84454   49   28    0.24930    3.93438  1478%   783 2504s
 189600 188006    3.75391   48   25    0.24930    3.93397  1478%   784 2536s
 192876 191420    3.41783   50  475    0.24930    3.93187  1477%   785 2567s
 196316 194473    3.92937   48   27    0.24930    3.93031  1477%   785 2611s
 199397 197599    3.76089   49   25    0.24930    3.92922  1476%   786 2642s
 202539 200441    3.79991   51   22    0.24930    3.92659  1475%   787 2675s
H203063 200441                       0.2493007    3.92641  1475%   787 2675s
H203400 200441                       0.2493008    3.92636  1475%   787 2675s
 205404 202611    3.76467   51   26    0.24930    3.92487  1474%   788 2713s
H205811 202611                       0.2493008    3.92424  1474%   788 2713s
H206316 202611                       0.2493008    3.92398  1474%   788 2713s
H207476 202611                       0.2493008    3.92385  1474%   788 2713s
 207596 205980    3.78020   55   22    0.24930    3.92337  1474%   788 2748s
H210013 205980                       0.2493011    3.92294  1474%   788 2748s
 210981 209577    3.65491   51   26    0.24930    3.92294  1474%   789 2788s
 214593 211773    3.91117   47   26    0.24930    3.92106  1473%   789 2830s
H215555 211773                       0.2493011    3.92008  1472%   789 2830s
H216797 216729                       0.2493011    3.91994  1472%   789 2878s
H219549 216729                       0.2493011    3.91857  1472%   790 2878s
H221209 216729                       0.2493011    3.91840  1472%   790 2878s
 221787 220308    3.88164   47   29    0.24930    3.91786  1472%   790 2912s
H222020 220308                       0.2493011    3.91786  1472%   790 2913s
H224822 220308                       0.2493011    3.91620  1471%   791 2913s
 225386 222451    3.84947   49   28    0.24930    3.91591  1471%   791 2958s
 227543 226049    2.67147   40   20    0.24930    3.91350  1470%   791 2998s
H227657 226049                       0.2493011    3.91350  1470%   791 2998s
 231167 229838    3.48398   49   29    0.24930    3.91224  1469%   792 3039s
H231662 229838                       0.2493011    3.91200  1469%   792 3039s
H234745 229838                       0.2493011    3.91135  1469%   793 3039s
 234976 233569    3.58373   52   24    0.24930    3.91024  1468%   793 3075s
 238748 236975    3.69302   50   25    0.24930    3.90820  1468%   793 3109s
 242180 240255    3.90552   49   19    0.24930    3.90795  1468%   794 3142s
 245482 243681    3.34505   47   31    0.24930    3.90581  1467%   795 3176s
 248916 246920    3.84297   43   30    0.24930    3.90517  1466%   795 3208s
 252203 250064    3.28612   52   22    0.24930    3.90285  1466%   796 3239s
 255359 253242    3.39921   43  372    0.24930    3.90152  1465%   797 3269s
 258561 256523    3.87481   49   23    0.24930    3.89992  1464%   797 3300s
 261852 259705    3.65224   41   30    0.24930    3.89828  1464%   798 3334s
 265050 262860    3.88778   50   25    0.24930    3.89749  1463%   799 3368s
 268207 266145    3.58311   36   33    0.24930    3.89610  1463%   799 3397s
 271516 267402    3.82573   48   29    0.24930    3.89495  1462%   800 3442s
H271793 267402                       0.2493012    3.89474  1462%   800 3442s
 272783 271108    3.89425   45   26    0.24930    3.89425  1462%   800 3476s
 276503 274484    3.75273   51   20    0.24930    3.89294  1462%   801 3511s
H279257 274484                       0.2493012    3.89240  1461%   801 3511s
H279434 274484                       0.2493012    3.89237  1461%   801 3511s
 279906 277685    2.45579   51  303    0.24930    3.89191  1461%   801 3541s
 283125 281069    3.85325   49   28    0.24930    3.89076  1461%   801 3573s
H285678 281069                       0.2493012    3.88979  1460%   802 3573s
 286542 284015    3.59550   49   27    0.24930    3.88940  1460%   802 3605s
 289512 287002    3.85348   44   30    0.24930    3.88857  1460%   803 3641s
H289734 287002                       0.2493014    3.88829  1460%   803 3641s
 292525 290242    3.80128   43   23    0.24930    3.88639  1459%   803 3675s
H293188 290242                       0.2493014    3.88634  1459%   804 3676s
H293494 290242                       0.2493014    3.88626  1459%   804 3676s
 295780 293470    3.83558   49   33    0.24930    3.88532  1458%   804 3712s
H296601 293470                       0.2493014    3.88497  1458%   804 3712s
H297051 293470                       0.2493014    3.88470  1458%   804 3712s
H297121 293470                       0.2493014    3.88469  1458%   804 3712s
H298031 293470                       0.2493014    3.88437  1458%   804 3712s
 299020 296862    3.63639   45   24    0.24930    3.88386  1458%   804 3745s
 302440 300167    3.78886   48   25    0.24930    3.88243  1457%   805 3779s
H304151 300167                       0.2493014    3.88184  1457%   805 3779s
 305769 303634    3.71752   46   31    0.24930    3.88127  1457%   805 3813s
H307710 303634                       0.2493014    3.88085  1457%   805 3813s
H307817 303634                       0.2493014    3.88084  1457%   805 3813s
H308933 303634                       0.2493014    3.88063  1457%   805 3813s
 309258 306640    3.88054   44   27    0.24930    3.88054  1457%   805 3845s
H309372 306640                       0.2493015    3.88054  1457%   805 3845s
H312195 306640                       0.2493015    3.87971  1456%   805 3845s
 312293 306672    3.81307   48   26    0.24930    3.87887  1456%   805 3893s
H312296 306672                       0.2493015    3.87887  1456%   805 3893s
H312303 306672                       0.2493016    3.87887  1456%   805 3893s
 312325 307090    3.87876   45   22    0.24930    3.87876  1456%   805 3944s
H312729 307090                       0.2493017    3.87876  1456%   805 3944s
 312745 307718    3.87876   46   24    0.24930    3.87876  1456%   805 4007s
 313375 308462    3.85361   47   32    0.24930    3.87876  1456%   805 4081s
H313376 308460                       0.2502331    3.87876  1450%   805 4081s
H314125 313249                       0.2517989    3.87812  1440%   805 4131s
 318934 315818    3.68840   46   28    0.25180    3.87647  1440%   807 4180s
H319081 315759                       0.2895672    3.87642  1239%   807 4180s
H319199 315759                       0.2919942    3.87631  1228%   807 4180s
H319356 315752                       0.2976063    3.87622  1202%   807 4180s
H319466 315745                       0.3083745    3.87621  1157%   807 4180s
H320962 315744                       0.3108905    3.87590  1147%   807 4180s
H321514 320088                       0.3144868    3.87548  1132%   807 4229s
 325898 323171    3.73725   47   25    0.31449    3.87418  1132%   808 4274s
H327091 323108                       0.3614413    3.87370   972%   808 4274s
H327322 323107                       0.3633510    3.87370   966%   808 4274s
H329003 325190                       0.3637082    3.87291   965%   808 4323s
H329122 325183                       0.3708918    3.87286   944%   808 4323s
H330558 325181                       0.3709988    3.87252   944%   808 4323s
 331104 329682    3.75943   55   21    0.37100    3.87167   944%   808 4366s
H335629 331076                       0.3726923    3.87064   939%   809 4409s
H336175 331061                       0.3768270    3.87014   927%   809 4409s
H336407 331061                       0.3776495    3.86999   925%   809 4409s
 337030 338884    3.62405   46   28    0.37765    3.86991   925%   809 4486s
H337042 338883                       0.3795490    3.86991   920%   809 4486s
 344917 340312    3.85848   47   24    0.37955    3.86775   919%   810 4535s
H344963 340312                       0.3804430    3.86775   917%   810 4535s
H345012 340312                       0.3804548    3.86775   917%   810 4535s
H345151 340312                       0.3805064    3.86729   916%   810 4535s
H345635 340312                       0.3805497    3.86712   916%   810 4535s
 346356 344416    3.86607   49   30    0.38055    3.86698   916%   810 4578s
 350482 347532    3.76076   51   24    0.38055    3.86549   916%   811 4624s
H350603 347532                       0.3805498    3.86549   916%   811 4624s
H350682 347523                       0.3901204    3.86549   891%   811 4624s
H353613 350044                       0.3917820    3.86452   886%   811 4671s
 356156 354218    3.86365   46   15    0.39178    3.86365   886%   812 4711s
 360350 357946    3.45083   51   22    0.39178    3.86266   886%   812 4749s
 364096 361569    3.85864   39   29    0.39178    3.86044   885%   813 4785s
 367765 364919    3.62833   44   32    0.39178    3.85992   885%   813 4821s
 371138 368212    2.58145   50  317    0.39178    3.85862   885%   814 4861s
 374464 371342    3.80074   46   27    0.39178    3.85720   885%   814 4896s
H377620 374194                       0.3951564    3.85640   876%   815 4938s
H380497 377636                       0.3996617    3.85506   865%   815 4976s
 383968 380914    3.82355   55   23    0.39966    3.85448   864%   816 5011s
H387262 382263                       0.4020875    3.85306   858%   816 5050s
H387381 382263                       0.4021557    3.85296   858%   817 5050s
H387477 382263                       0.4022879    3.85291   858%   817 5050s
H388486 382263                       0.4022885    3.85250   858%   817 5050s
H388514 382263                       0.4022916    3.85248   858%   817 5050s
 388616 386044    3.58245   46   30    0.40229    3.85217   858%   817 5089s
H388619 386044                       0.4023516    3.85217   857%   817 5089s
 392437 389765    3.80839   45   30    0.40235    3.85091   857%   817 5125s
 396170 393075    2.73205   49  466    0.40235    3.85007   857%   817 5162s
 399498 396460    3.73989   51   33    0.40235    3.84917   857%   818 5197s
 402921 399755    3.84777   45   32    0.40235    3.84777   856%   818 5229s
 406238 402923    3.27491   56   17    0.40235    3.84653   856%   819 5266s
 409432 405951    1.23107   45  380    0.40235    3.84563   856%   819 5301s
 412505 409331    2.78339   50  330    0.40235    3.84465   856%   819 5336s
 415901 412520    3.76445   49   24    0.40235    3.84378   855%   820 5370s
 419110 415759    3.84330   49   27    0.40235    3.84330   855%   820 5402s
H422369 418432                       0.4025099    3.84200   855%   821 5441s
H422369 418420                       0.4083315    3.84200   841%   821 5441s
H423865 418420                       0.4091831    3.84136   839%   821 5441s
 425044 418451    3.53057   49   20    0.40918    3.84072   839%   821 5499s
H425077 418431                       0.4426957    3.84033   767%   821 5553s
 425109 421773    3.78665   48   33    0.44270    3.84000   767%   821 5589s
 428473 424158    3.64863   48   26    0.44270    3.83935   767%   821 5629s
H428547 424157                       0.4434981    3.83935   766%   821 5629s
H428914 424156                       0.4435147    3.83935   766%   822 5629s
H429347 424156                       0.4435965    3.83935   766%   822 5629s
H430225 424156                       0.4436887    3.83935   765%   822 5629s
 430874 428840    3.82692   47   26    0.44369    3.83852   765%   822 5681s
 435588 432053    2.65822   47  371    0.44369    3.83789   765%   822 5725s
H438811 434243                       0.4448822    3.83789   763%   822 5775s
H438886 434240                       0.4454407    3.83789   762%   822 5775s
H439641 434239                       0.4456507    3.83638   761%   822 5775s
H439707 434238                       0.4461297    3.83618   760%   822 5775s
H441019 438028                       0.4468558    3.83511   758%   822 5817s
H441349 438027                       0.4469772    3.83497   758%   822 5817s
H442613 438025                       0.4480059    3.83497   756%   823 5817s
H443625 438025                       0.4483666    3.83484   755%   823 5817s
H444834 439985                       0.4491421    3.83366   754%   823 5868s
H444944 439984                       0.4504639    3.83362   751%   823 5868s
H445160 439984                       0.4504802    3.83362   751%   823 5868s
H445418 439984                       0.4504924    3.83361   751%   823 5869s
H445473 439984                       0.4505480    3.83352   751%   823 5869s
H445779 439984                       0.4505948    3.83346   751%   823 5869s
H446068 439982                       0.4506538    3.83342   751%   823 5869s
H446805 443779                       0.4506819    3.83327   751%   823 5914s
H447034 443779                       0.4506830    3.83327   751%   823 5914s
H447168 443778                       0.4507503    3.83327   750%   823 5914s
H448198 443778                       0.4508505    3.83309   750%   823 5914s
H450629 447542                       0.4509208    3.83260   750%   823 5957s
H450873 447542                       0.4509451    3.83246   750%   823 5957s
H451111 447542                       0.4509848    3.83216   750%   823 5957s
H452887 447541                       0.4509997    3.83173   750%   823 5957s
H454423 451143                       0.4510592    3.83098   749%   824 5997s
H454530 451142                       0.4511329    3.83085   749%   824 5997s
H455108 451142                       0.4511692    3.83051   749%   824 5997s
H457083 451142                       0.4512370    3.83027   749%   824 5997s
 458063 454525    3.82834   40   32    0.45124    3.82936   749%   824 6035s
H461476 456772                       0.4517254    3.82836   747%   824 6074s
H461730 456772                       0.4518029    3.82825   747%   824 6074s
H462033 456772                       0.4518101    3.82818   747%   824 6074s
 463747 460582    3.79935   47   27    0.45181    3.82759   747%   824 6114s
 467575 462285    3.21695   48   28    0.45181    3.82677   747%   825 6167s
 469297 465900    3.62795   50   22    0.45181    3.82594   747%   825 6211s
 472932 469657    2.99966   38   30    0.45181    3.82530   747%   825 6253s
H476726 472255                       0.4522157    3.82440   746%   826 6300s
H476835 472255                       0.4522431    3.82440   746%   826 6300s
H477400 472255                       0.4522461    3.82423   746%   826 6300s
H477797 472255                       0.4522763    3.82376   745%   826 6300s
 479355 475825    3.60896   50   22    0.45228    3.82287   745%   826 6342s
H479556 475825                       0.4522908    3.82284   745%   826 6342s
H479757 475825                       0.4522919    3.82279   745%   826 6342s
H480500 475824                       0.4523464    3.82277   745%   826 6342s
H482945 479238                       0.4523464    3.82277   745%   827 6380s
H483259 479238                       0.4523464    3.82249   745%   827 6380s
H483726 479238                       0.4523464    3.82208   745%   827 6380s
H483922 479238                       0.4523564    3.82189   745%   827 6380s
H485052 479238                       0.4523593    3.82145   745%   827 6380s
H485161 479238                       0.4523593    3.82144   745%   827 6380s
H485278 479238                       0.4523716    3.82143   745%   827 6380s
 486394 482862    3.43835   53   25    0.45237    3.82042   745%   827 6417s
 490048 486425    3.48127   55   18    0.45237    3.81938   744%   827 6455s
 493639 489444    2.92298   49  359    0.45237    3.81858   744%   827 6487s
H493730 489444                       0.4523809    3.81858   744%   827 6487s
H494986 489444                       0.4523905    3.81829   744%   827 6487s
 496684 491683    2.23874   48  260    0.45239    3.81778   744%   828 6529s
H496788 491683                       0.4525829    3.81762   744%   828 6529s
 498929 495236    3.79831   44   15    0.45258    3.81672   743%   828 6566s
 502518 498438    3.57048   52   24    0.45258    3.81575   743%   828 6602s
H502594 498438                       0.4525831    3.81575   743%   828 6602s
H502783 498438                       0.4525835    3.81575   743%   828 6602s
 505761 501719    3.81448   45   12    0.45258    3.81500   743%   828 6635s
 509078 504901    3.65777   48   28    0.45258    3.81379   743%   829 6674s
 512288 507080    3.56094   48   30    0.45258    3.81246   742%   829 6715s
H512656 507080                       0.4526676    3.81235   742%   829 6715s
H512740 507080                       0.4526860    3.81233   742%   829 6715s
H514385 507080                       0.4527154    3.81215   742%   829 6715s
 514483 510518    2.12993   44  216    0.45272    3.81193   742%   829 6755s
H517963 514044                       0.4527185    3.81076   742%   830 6794s
H519457 514044                       0.4527187    3.81036   742%   830 6794s
H520062 514044                       0.4527187    3.81028   742%   830 6794s
H521129 514044                       0.4527194    3.81023   742%   830 6794s
H521354 514044                       0.4527200    3.81022   742%   830 6794s
 521503 517532    3.81016   50   23    0.45272    3.81016   742%   830 6832s
H525008 520592                       0.4527200    3.80932   741%   831 6866s
H525203 520592                       0.4527201    3.80932   741%   831 6866s
H525821 520592                       0.4527201    3.80898   741%   831 6866s
H526336 520591                       0.4527416    3.80888   741%   831 6866s
 528088 523888    3.80590   45   30    0.45274    3.80855   741%   831 6902s
H531421 526133                       0.4528500    3.80785   741%   831 6947s
H532767 526133                       0.4528523    3.80717   741%   831 6947s
H533686 529604                       0.4528524    3.80700   741%   832 6985s
H534652 529604                       0.4528524    3.80671   741%   832 6985s
 537177 533113    3.80303   52   25    0.45285    3.80669   741%   832 7022s
 540704 536302    3.56718   51   25    0.45285    3.80593   740%   832 7059s
H541259 536302                       0.4528524    3.80593   740%   832 7059s
H541430 536302                       0.4528524    3.80593   740%   832 7059s
 543917 539563    3.60944   57   19    0.45285    3.80412   740%   832 7094s
 547202 542036    3.59526   46   26    0.45285    3.80346   740%   832 7135s
H547347 542036                       0.4528524    3.80342   740%   832 7135s
H548680 542036                       0.4528524    3.80317   740%   833 7135s
 549699 545392    2.78769   55  377    0.45285    3.80249   740%   833 7175s
 553085 546781    3.52138   53   22    0.45285    3.80157   739%   833 7228s
H554480 554698                       0.4528524    3.80123   739%   833 7314s
H562449 557144                       0.4528525    3.79903   739%   834 7361s
 564897 560848    3.79233   52   23    0.45285    3.79867   739%   834 7405s
 568632 564500    3.76830   49   26    0.45285    3.79760   739%   834 7445s
 572304 568108    3.78783   53   19    0.45285    3.79633   738%   835 7487s
 575936 571753    3.16489   52   24    0.45285    3.79539   738%   835 7523s
 579607 574242    3.72587   51   24    0.45285    3.79447   738%   835 7566s
H579747 574242                       0.4528886    3.79447   738%   835 7566s
H580124 574242                       0.4529013    3.79437   738%   835 7566s
H581222 574242                       0.4529135    3.79404   738%   835 7566s
H581852 574242                       0.4529190    3.79404   738%   835 7566s
H582104 577676                       0.4529233    3.79404   738%   835 7607s
H582199 577676                       0.4529237    3.79404   738%   835 7607s
H582445 577676                       0.4529238    3.79381   738%   835 7607s
H582877 577676                       0.4529244    3.79339   738%   835 7607s
H583193 577676                       0.4529246    3.79333   738%   835 7607s
H583670 577676                       0.4529247    3.79330   738%   835 7607s
H584205 577676                       0.4529247    3.79325   738%   835 7607s
H584401 577676                       0.4529250    3.79323   737%   835 7607s
 585563 581037    3.74832   51   34    0.45293    3.79286   737%   835 7643s
H587437 581037                       0.4529250    3.79239   737%   835 7643s
H587547 581037                       0.4529250    3.79238   737%   835 7643s
 588936 584110    3.77279   44   31    0.45293    3.79205   737%   835 7678s
 592024 587200    3.33223   45   21    0.45293    3.79071   737%   836 7712s
H593345 587200                       0.4529250    3.79065   737%   836 7713s
 595140 590505    3.74120   47   31    0.45293    3.79060   737%   836 7747s
 598465 592867    3.44292   52   22    0.45293    3.78958   737%   836 7787s
 600867 596303    3.76800   48   28    0.45293    3.78888   737%   836 7823s
H601300 596303                       0.4529250    3.78880   737%   836 7824s
 604335 599668    3.50734   52   25    0.45293    3.78819   736%   836 7860s
 607720 602644    3.77260   51   23    0.45293    3.78741   736%   836 7910s
 610724 605000    3.29404   49  501    0.45293    3.78606   736%   837 7956s
H611883 605000                       0.4529251    3.78584   736%   837 7956s
H612068 605000                       0.4529251    3.78584   736%   837 7956s
 613103 607004    3.50455   45   32    0.45293    3.78553   736%   837 8003s
 615115 612571    3.67963   46   29    0.45293    3.78524   736%   837 8065s
 620734 616241    3.50381   44   23    0.45293    3.78406   735%   837 8106s
 624428 619716    2.55107   53   13    0.45293    3.78313   735%   838 8147s
 627931 622100    3.48398   52   26    0.45293    3.78232   735%   838 8197s
H628058 622100                       0.4529251    3.78229   735%   838 8198s
H629241 622100                       0.4529251    3.78183   735%   838 8198s
H630343 625782                       0.4529251    3.78125   735%   838 8241s
 634044 629627    3.45773   46   30    0.45293    3.78017   735%   839 8285s
H637517 629627                       0.4529251    3.77990   735%   839 8285s
 637911 633012    3.77931   51   22    0.45293    3.77979   735%   839 8327s
 641336 636445    3.72737   48   22    0.45293    3.77917   734%   839 8366s
H644797 639839                       0.4529251    3.77847   734%   840 8402s
H644912 639839                       0.4529251    3.77847   734%   840 8402s
 648207 643137    3.76033   49   23    0.45293    3.77769   734%   840 8438s
 651531 645211    3.36715   38   33    0.45293    3.77648   734%   840 8478s
H651807 645211                       0.4529251    3.77640   734%   840 8478s
H651905 645211                       0.4529251    3.77639   734%   840 8478s
 653627 648718    3.51717   53   23    0.45293    3.77593   734%   840 8513s
 657176 652097    3.70372   51   34    0.45293    3.77540   734%   840 8549s
 660583 655659    3.77434   52   16    0.45293    3.77434   733%   840 8585s
 664175 659026    3.49582   49   21    0.45293    3.77372   733%   840 8620s
 667564 662263    3.43577   49   23    0.45293    3.77259   733%   841 8657s
 670813 664597    3.73785   49   26    0.45293    3.77156   733%   841 8697s
 673159 668120    3.68156   40   35    0.45293    3.77117   733%   841 8735s
 676716 671461    3.66233   52   22    0.45293    3.77086   733%   841 8769s
 680069 674574    2.56011   53  335    0.45293    3.77027   732%   842 8804s
 683204 677765    3.25911   50   25    0.45293    3.76970   732%   842 8838s
 686407 681086    3.65975   44   33    0.45293    3.76850   732%   842 8872s
H687374 681086                       0.4529251    3.76818   732%   842 8873s
H687826 681086                       0.4529251    3.76814   732%   842 8873s
H688970 681086                       0.4529251    3.76807   732%   842 8873s
 689768 684147    3.72466   48   28    0.45293    3.76779   732%   842 8903s
 692847 686112    3.76676   54   21    0.45293    3.76676   732%   843 8941s
H693984 686112                       0.4529251    3.76676   732%   843 8941s
 694820 689009    3.33418   55   16    0.45293    3.76676   732%   843 8981s
H694833 689009                       0.4529251    3.76676   732%   843 8981s
 697745 692823    3.65098   49   28    0.45293    3.76564   731%   843 9017s
 701583 695395    3.76151   51   26    0.45293    3.76538   731%   843 9054s
H702775 695395                       0.4529251    3.76509   731%   844 9054s
H704050 695395                       0.4529251    3.76509   731%   844 9054s
 704171 698969    3.42918   50   28    0.45293    3.76509   731%   844 9091s
H706697 698969                       0.4529254    3.76421   731%   844 9092s
 707779 702263    3.40581   44   32    0.45293    3.76356   731%   844 9130s
 711085 705524    3.64180   48   27    0.45293    3.76269   731%   844 9164s
H711273 705524                       0.4529254    3.76269   731%   844 9164s
H711708 705524                       0.4529254    3.76258   731%   844 9164s
H712085 705524                       0.4529255    3.76249   731%   845 9164s
 714358 707745    3.76202   45   15    0.45293    3.76202   731%   845 9213s
 716595 711011    3.76157   50   23    0.45293    3.76202   731%   845 9254s
H717233 711011                       0.4529256    3.76157   731%   845 9254s
H719771 711011                       0.4529278    3.76121   730%   845 9255s
 719879 714624    3.75128   50   23    0.45293    3.76064   730%   845 9296s
 723536 717075    3.49151   48   25    0.45293    3.75971   730%   846 9334s
H723711 717075                       0.4529817    3.75971   730%   846 9334s
H723849 717075                       0.4530606    3.75971   730%   846 9334s
H726015 720598                       0.4530630    3.75919   730%   846 9370s
H726640 720598                       0.4530638    3.75907   730%   846 9370s
 729574 724369    3.73495   49   31    0.45306    3.75844   730%   846 9407s
H733369 727850                       0.4530638    3.75785   729%   846 9442s
H733471 727850                       0.4530645    3.75785   729%   846 9442s
H734526 727850                       0.4530666    3.75759   729%   846 9442s
H735085 727850                       0.4530668    3.75756   729%   846 9442s
H736864 730345                       0.4531102    3.75730   729%   846 9481s
H737166 730345                       0.4531106    3.75730   729%   846 9481s
H737338 730345                       0.4531168    3.75730   729%   846 9481s
H738371 730345                       0.4531203    3.75692   729%   847 9481s
H739282 730345                       0.4531255    3.75668   729%   847 9482s
H739388 734338                       0.4531256    3.75660   729%   847 9528s
H740020 734338                       0.4531256    3.75622   729%   847 9528s
 743423 737739    2.28425   45  295    0.45313    3.75569   729%   847 9567s
 746844 740340    3.67809   52   21    0.45313    3.75445   729%   848 9611s
H747498 740340                       0.4531257    3.75416   729%   848 9611s
H748628 740340                       0.4531257    3.75403   728%   848 9611s
H748628 740340                       0.4531257    3.75403   728%   848 9611s
H749347 740340                       0.4531257    3.75397   728%   848 9611s
 749459 743351    3.57172   53   24    0.45313    3.75361   728%   848 9709s
H752490 747269                       0.4531257    3.75338   728%   848 9758s
 756424 750137    2.97490   48  329    0.45313    3.75243   728%   848 9808s
 759317 753965    3.75174   49   15    0.45313    3.75174   728%   848 9851s
 763183 756828    2.28871   40   26    0.45313    3.75116   728%   848 9895s
 766094 759912    3.71673   46   25    0.45313    3.75049   728%   849 9933s
 769212 763446    3.67845   46   26    0.45313    3.74964   728%   849 9972s
 772798 766657    3.68408   51   26    0.45313    3.74868   727%   849 10011s
 776035 769679    3.53895   55   18    0.45313    3.74804   727%   849 10049s
 779107 773069    2.23378   42  258    0.45313    3.74722   727%   850 10086s
 782529 776429    3.74655   51   24    0.45313    3.74655   727%   850 10128s
 785918 779557    3.55366   47   38    0.45313    3.74575   727%   850 10164s
 789068 782826    3.74476   49   25    0.45313    3.74476   726%   850 10201s
 792363 786054    2.81245   51   24    0.45313    3.74408   726%   850 10235s
 795611 789311    3.67256   55   20    0.45313    3.74327   726%   851 10273s
 798896 792522    2.69255   49  348    0.45313    3.74247   726%   851 10308s
 802139 795577    3.24584   46   27    0.45313    3.74160   726%   851 10344s
 805212 798776    3.69568   46   30    0.45313    3.74082   726%   851 10384s
 808434 802162    3.66424   52   21    0.45313    3.73993   725%   851 10423s
 811830 805338    2.19925   44   25    0.45313    3.73937   725%   852 10462s
 815033 808796    3.68240   50   20    0.45313    3.73845   725%   852 10497s
 818509 810479    3.64681   42   23    0.45313    3.73761   725%   852 10538s
 820216 813958    3.32397   47   25    0.45313    3.73737   725%   852 10577s
 823721 817354    3.61789   55   19    0.45313    3.73689   725%   852 10614s
 827128 820756    3.52692   46   27    0.45313    3.73620   725%   853 10652s
 830552 823749    3.47872   39   28    0.45313    3.73508   724%   853 10685s
 833565 826865    2.75077   41  299    0.45313    3.73427   724%   853 10720s
 836699 830101    3.69230   47   35    0.45313    3.73371   724%   853 10755s
 839959 833366    3.67869   46   20    0.45313    3.73291   724%   853 10793s
 843240 834059    3.69783   55   22    0.45313    3.73240   724%   853 10800s

Cutting planes:
  Gomory: 2
  Lift-and-project: 31
  Projected implied bound: 92
  MIR: 1666
  Flow cover: 273
  RLT: 269
  Relax-and-lift: 347

Explored 843937 nodes (720306502 simplex iterations) in 10800.11 seconds (27216.56 work units)
Thread count was 32 (of 255 available processors)

Solution count 10: 0.453126 0.453126 0.453126 ... 0.453067

Time limit reached
Best objective 4.531256947858e-01, best bound 3.732060603523e+00, gap 723.6259%

User-callback calls 2563073, time in user-callback 1.18 sec
source: 2 target: 4 model_arch: 3x50 perturbation type: contrast perturbation size: [1.2] dataset: fmnist
Attack:   0%|          | 0/500 [00:00<?, ?it/s]Attack:   2%|▏         | 8/500 [00:00<00:06, 78.40it/s]Attack:   8%|▊         | 39/500 [00:00<00:02, 212.27it/s]Attack:  14%|█▍        | 71/500 [00:00<00:01, 259.48it/s]Attack:  21%|██        | 103/500 [00:00<00:01, 279.53it/s]Attack:  27%|██▋       | 136/500 [00:00<00:01, 295.95it/s]Attack:  34%|███▍      | 170/500 [00:00<00:01, 307.55it/s]Attack:  41%|████      | 203/500 [00:00<00:00, 311.81it/s]Attack:  47%|████▋     | 235/500 [00:00<00:00, 312.74it/s]Attack:  53%|█████▎    | 267/500 [00:00<00:00, 310.12it/s]Attack:  60%|██████    | 300/500 [00:01<00:00, 314.00it/s]Attack:  67%|██████▋   | 333/500 [00:01<00:00, 316.06it/s]Attack:  73%|███████▎  | 366/500 [00:01<00:00, 319.37it/s]Attack:  80%|███████▉  | 399/500 [00:01<00:00, 319.38it/s]Attack:  86%|████████▋ | 432/500 [00:01<00:00, 320.02it/s]Attack:  93%|█████████▎| 465/500 [00:01<00:00, 313.57it/s]Attack: 100%|█████████▉| 498/500 [00:01<00:00, 317.46it/s]Attack: 100%|█████████▉| 499/500 [00:01<00:00, 302.21it/s]
best_val 0.5907568335533142
Set parameter WLSAccessID
Set parameter WLSSecret
Set parameter LicenseID to value 2478548
Academic license 2478548 - for non-commercial use only - registered to ne___@campus.technion.ac.il
Encoding the two copies...
apply_sibgate_constraints!: emitted 24 coupling lines (both-thin), 0 conditional triangles on org (org-dropped), 0 conditional triangles on pert (pert-dropped).
Encoding dependencies (activation_start=1, layers_offset=2)...
apply_n1_var_hints!: mode=VH_PREV_PGD, Start-consensus on 122 of 122 N2 binaries (pgd-silent-filled=0, pgd-agreed-nop=112, pgd-disagreed-withdrew=10, flipped=1, no-N1-match=0, Tech2-eliminated-but-survived=0)
0.45312569478576536  3.732060603522794  10800.12999200821
Clean sample classification: 3
Perturbed sample classification: 3

══ Advanced-standard: loading N1 state from /root/Downloads/for_dana/vaghar_org/paper_experiments_with_zono_fix/fashion-mnist/3x50_exp/contrast/eps_1.2/n1_state_3x50_model_seed42_itr19 (c_tag=3, c_target=5) ══
load_n1_state: loaded from /root/Downloads/for_dana/vaghar_org/paper_experiments_with_zono_fix/fashion-mnist/3x50_exp/contrast/eps_1.2/n1_state_3x50_model_seed42_itr19 (c_tag=3, c_target=5, 1911 vars, 170 neurons)

══ Advanced-standard PASS 2: solving N2 with N1 info (c_tag=3, c_target=5) ══
set_n1_neuron_bounds: loaded 170 neuron bounds from N1
compute_n2_pert_relaxation_bounds: populated 2 ReLU layers
compute_n2_relax_decision!: τ=0.5, both=24 org-only=0 pert-only=0 none=61 (plus 15 stable neurons)
[notice | Main.MIPVerify]: Determining upper and lower bounds for the input to each non-linear unit.
Set parameter WLSAccessID
Set parameter WLSSecret
Set parameter LicenseID to value 2478548
Academic license 2478548 - for non-commercial use only - registered to ne___@campus.technion.ac.il
Set parameter TimeLimit to value 5
Set parameter NonConvex to value 2
Set parameter TimeLimit to value 5
Set parameter WLSAccessID
Set parameter WLSSecret
Set parameter LicenseID to value 2478548
Academic license 2478548 - for non-commercial use only - registered to ne___@campus.technion.ac.il
Set parameter NonConvex to value 2
Set parameter MIPFocus to value 3
Set parameter Cutoff to value 5.9075683355331421e-01
Set parameter Threads to value 32
Set parameter TimeLimit to value 10800
Set parameter MIPGap to value 0.01
Set parameter Seed to value 4
Set parameter Seed to value 4
Set parameter NonConvex to value 2
Set parameter MIPFocus to value 3
Set parameter Cutoff to value 5.9075683355331421e-01
Set parameter Threads to value 32
Set parameter MIPGap to value 0.01
Set parameter TimeLimit to value 10800
Warning for adding constraints: zero or small (< 1e-13) coefficients, ignored
Gurobi Optimizer version 13.0.0 build v13.0.0rc1 (linux64 - "Ubuntu 20.04.2 LTS")

CPU model: AMD EPYC 7713 64-Core Processor, instruction set [SSE2|AVX|AVX2]
Thread count: 127 physical cores, 255 logical processors, using up to 32 threads

Non-default parameters:
Cutoff  5.9075683355331421e-01
TimeLimit  10800
MIPGap  0.01
MIPFocus  3
NonConvex  2
Seed  4
Threads  32

Academic license 2478548 - for non-commercial use only - registered to ne___@campus.technion.ac.il
Optimize a model with 832 rows, 1874 columns and 192787 nonzeros (Max)
Model fingerprint: 0x05f92425
Model has 1 linear objective coefficients
Model has 784 quadratic constraints
Variable types: 1752 continuous, 122 integer (122 binary)
Coefficient statistics:
  Matrix range     [1e-13, 3e+01]
  QMatrix range    [1e+00, 1e+00]
  QLMatrix range   [1e+00, 1e+00]
  Objective range  [1e+00, 1e+00]
  Bounds range     [1e-07, 3e+01]
  RHS range        [1e-11, 7e+01]

Processing user MIP start: 6 nodes explored in subMIP, total elapsed time 5s
User MIP start produced solution with objective 0.676315 (7.87s)
User MIP start produced solution with objective 0.676422 (8.21s)
User MIP start produced solution with objective 0.676424 (8.21s)
User MIP start produced solution with objective 0.677198 (8.21s)
User MIP start produced solution with objective 0.677342 (8.70s)
User MIP start produced solution with objective 0.681931 (8.97s)
User MIP start produced solution with objective 0.681995 (9.41s)
User MIP start produced solution with objective 0.68202 (9.41s)
User MIP start produced solution with objective 0.68202 (9.42s)
Loaded user MIP start with objective 0.68202
Processed MIP start in 9.42 seconds (17.89 work units)

Presolve removed 345 rows and 14 columns
Presolve time: 0.13s
Presolved: 3623 rows, 1861 columns, 133339 nonzeros
Presolved model has 784 bilinear constraint(s)

Solving non-convex MIQCP to global optimality

Found heuristic solution: objective 0.6820198
Variable types: 1739 continuous, 122 integer (122 binary)
Root relaxation presolve removed 109 rows and 112 columns
Root relaxation presolved: 3514 rows, 1749 columns, 133010 nonzeros


Root simplex log...

Iteration    Objective       Primal Inf.    Dual Inf.      Time
       0    4.4591843e+01   6.400560e+02   0.000000e+00     10s
    1097    9.1458536e+00   3.192604e+04   0.000000e+00     10s
    1347    9.0832010e+00   0.000000e+00   0.000000e+00     10s
    1348    9.0832010e+00   0.000000e+00   0.000000e+00     10s

Extra simplex iterations after uncrush: 1

Root relaxation: objective 9.083201e+00, 1348 iterations, 0.35 seconds (0.39 work units)

    Nodes    |    Current Node    |     Objective Bounds      |     Work
 Expl Unexpl |  Obj  Depth IntInf | Incumbent    BestBd   Gap | It/Node Time

     0     0    9.08320    0   38    0.68202    9.08320  1232%     -   10s
     0     0    8.79553    0   45    0.68202    8.79553  1190%     -   12s
     0     0    8.79553    0   38    0.68202    8.79553  1190%     -   12s
     0     0    8.56192    0   44    0.68202    8.56192  1155%     -   12s
     0     0    8.51227    0   47    0.68202    8.51227  1148%     -   13s
     0     0    8.51227    0   37    0.68202    8.51227  1148%     -   14s
     0     0    7.92903    0   46    0.68202    7.92903  1063%     -   14s
     0     0    7.67121    0   46    0.68202    7.67121  1025%     -   15s
     0     0    7.67121    0   39    0.68202    7.67121  1025%     -   15s
     0     0    7.34761    0   46    0.68202    7.34761   977%     -   15s
     0     0    7.31270    0   44    0.68202    7.31270   972%     -   16s
     0     0    7.31270    0   39    0.68202    7.31270   972%     -   17s
     0     0    7.26906    0   46    0.68202    7.26906   966%     -   17s
     0     0    7.11919    0   43    0.68202    7.11919   944%     -   18s
     0     0    7.11919    0   43    0.68202    7.11919   944%     -   18s
     0     0    6.99456    0   51    0.68202    6.99456   926%     -   19s
     0     0    6.98397    0   48    0.68202    6.98397   924%     -   20s
     0     0    6.98397    0   48    0.68202    6.98397   924%     -   21s
     0     0    6.92435    0   48    0.68202    6.92435   915%     -   21s
     0     0    6.83937    0   48    0.68202    6.83937   903%     -   22s
     0     0    6.83937    0   42    0.68202    6.83937   903%     -   23s
     0     0    6.77161    0   56    0.68202    6.77161   893%     -   24s
     0     0    6.74727    0   59    0.68202    6.74727   889%     -   25s
     0     0    6.74727    0   51    0.68202    6.74727   889%     -   25s
     0     0    6.73366    0   54    0.68202    6.73366   887%     -   26s
     0     0    6.68386    0   61    0.68202    6.68386   880%     -   27s
     0     0    6.68386    0   51    0.68202    6.68386   880%     -   27s
     0     0    6.64600    0   61    0.68202    6.64600   874%     -   28s
     0     0    6.64600    0   56    0.68202    6.64600   874%     -   29s
     0     0    6.64600    0   56    0.68202    6.64600   874%     -   29s
     0     0    6.64600    0   73    0.68202    6.64600   874%     -   29s
     0     0    6.64600    0   64    0.68202    6.64600   874%     -   31s
     0     0    6.64600    0   51    0.68202    6.64600   874%     -   31s
     0     0    6.64600    0   66    0.68202    6.64600   874%     -   31s
     0     0    6.64600    0   58    0.68202    6.64600   874%     -   33s
     0     0    6.64600    0   52    0.68202    6.64600   874%     -   33s
     0     0    6.64600    0   56    0.68202    6.64600   874%     -   33s
     0     0    6.63505    0   65    0.68202    6.63505   873%     -   34s
     0     0    6.63505    0   53    0.68202    6.63505   873%     -   35s
     0     0    6.61144    0   56    0.68202    6.61144   869%     -   35s
     0     0    6.55849    0   63    0.68202    6.55849   862%     -   36s
     0     0    6.55849    0   52    0.68202    6.55849   862%     -   36s
     0     0    6.53448    0   64    0.68202    6.53448   858%     -   37s
     0     0    6.53448    0   60    0.68202    6.53448   858%     -   38s
     0     0    6.53448    0   51    0.68202    6.53448   858%     -   39s
     0     0    6.52723    0   56    0.68202    6.52723   857%     -   40s
     0     0    6.45494    0   60    0.68202    6.45494   846%     -   42s
     0     0    6.45494    0   60    0.68202    6.45494   846%     -   44s
     0     0    6.36364    0   59    0.68202    6.36364   833%     -   44s
H    0     0                       0.6820198    6.28818   822%     -   46s
     0     0    6.28818    0   64    0.68202    6.28818   822%     -   46s
     0     0    6.28818    0   52    0.68202    6.28818   822%     -   46s
     0     0    6.24931    0   59    0.68202    6.24931   816%     -   47s
H    0     0                       0.6820198    6.24408   816%     -   47s
     0     0    6.24408    0   59    0.68202    6.24408   816%     -   48s
     0     0    6.24408    0   52    0.68202    6.24408   816%     -   48s
     0     0    6.16430    0   51    0.68202    6.16430   804%     -   49s
     0     0    6.16430    0   59    0.68202    6.16430   804%     -   49s
     0     0    6.16430    0   53    0.68202    6.16430   804%     -   50s
     0     0    6.14023    0   59    0.68202    6.14023   800%     -   51s
     0     0    6.14023    0   60    0.68202    6.14023   800%     -   51s
     0     0    6.14023    0   55    0.68202    6.14023   800%     -   51s
     0     0    6.11445    0   55    0.68202    6.11445   797%     -   52s
     0     0    6.11445    0   55    0.68202    6.11445   797%     -   53s
     0     2    6.11445    0   55    0.68202    6.11445   797%     -   64s
     1     4    6.11445    1   58    0.68202    6.11445   797%  3698   65s
     7    16    6.11445    3   55    0.68202    6.11445   797%  4728   75s
H   40    64                       0.6820198    6.11445   797%  2177   79s
H   43    64                       0.6820200    6.11445   797%  2147   79s
H   52    64                       0.6820267    6.11445   797%  2020   79s
    63    96    6.11445    6   65    0.68203    6.11445   797%  1940   82s
    95   158    6.11445    7   45    0.68203    6.11445   797%  2357   87s
H  150   158                       0.6820267    6.11445   797%  2039   87s
   402   482    4.83248   10   30    0.68203    5.67550   732%  1311   90s
   951  1008    4.58222   18   33    0.68203    4.75900   598%  1101   95s
H 1306  1356                       0.6820398    4.64629   581%   976  100s
H 1322  1356                       0.6820403    4.64456   581%   968  100s
H 1395  1356                       0.6820465    4.63384   579%   944  100s
  2165  2375    4.19499   20   27    0.68205    4.56798   570%   755  105s
  2986  2925    2.46276    6   55    0.68205    4.53278   565%   626  137s
H 2987  2779                       0.6820465    4.53278   565%   625  141s
  2992  2782    3.98011   29   57    0.68205    4.53278   565%   624  147s
  2993  2783    4.07996   12   55    0.68205    4.53278   565%   624  150s
H 2994  2644                       0.6820471    4.53278   565%   624  151s
H 2994  2511                       0.6820471    4.53278   565%   624  153s
H 2995  2387                       0.6820471    4.53278   565%   624  153s
  2996  2388    4.19962   15   53    0.68205    4.53278   565%   623  155s
  2999  2390    3.77017   11   52    0.68205    4.53278   565%   623  160s
  3001  2391    4.29472   22   52    0.68205    4.53278   565%   622  170s
  3016  2418    4.53278   17   58    0.68205    4.53278   565%   640  176s
  3064  2466    4.53278   19   49    0.68205    4.53278   565%   653  180s
  3176  2541    4.53278   21   46    0.68205    4.53278   565%   668  211s
H 3242  2471                       0.6820473    4.53278   565%   686  214s
  3282  2521    4.53278   24   47    0.68205    4.53278   565%   695  215s
H 3345  2386                       0.6868084    4.53278   560%   706  215s
H 3383  2304                       0.6878433    4.53278   559%   715  219s
  3385  2390    4.53278   26   33    0.68784    4.53278   559%   716  221s
  3626  2528    4.45183   29   35    0.68784    4.53278   559%   728  225s
  3818  2672    4.28252   26   40    0.68784    4.51865   557%   746  230s
  3975  2781    4.38142   31   33    0.68784    4.47731   551%   749  236s
  4162  2878    4.08186   30   27    0.68784    4.44641   546%   752  240s
  4399  3000    4.35286   34   25    0.68784    4.42857   544%   742  245s
H 4413  2892                       0.7256556    4.42151   509%   746  245s
H 4417  2794                       0.7348403    4.42058   502%   746  245s
H 4424  2699                       0.7373719    4.41794   499%   747  245s
H 4428  2609                       0.7410544    4.41674   496%   747  245s
  4806  2872    4.02074   24   40    0.74105    4.39092   493%   732  251s
  5345  3491    4.32484   38   23    0.74105    4.35339   487%   707  255s
  5653  3506    4.25024   36   28    0.74105    4.34361   486%   687  260s
H 5654  3421                       0.7930978    4.34361   448%   687  260s
H 5662  3339                       0.8018039    4.34273   442%   687  260s
H 5670  3260                       0.8025376    4.33927   441%   688  260s
  5773  3525    3.74937   33   33    0.80254    4.33288   440%   682  281s
H 6430  3661                       0.8665559    4.31557   398%   650  286s
  6531  4035    4.11926   38   26    0.86656    4.30660   397%   648  298s
  6948  4329    4.17490   34   37    0.86656    4.29749   396%   630  300s
  7749  4788    4.18619   36   34    0.86656    4.27864   394%   602  306s
  8244  5469    4.06879   37   22    0.86656    4.26406   392%   594  310s
  9626  6998    4.00884   38   30    0.86656    4.23742   389%   558  316s
 10675  7979    4.12517   36   35    0.86656    4.22224   387%   537  320s
 12150  9416    4.04320   42   19    0.86656    4.20254   385%   520  328s
 12627  9953    4.14281   37   28    0.86656    4.19575   384%   518  330s
 13684 10912    4.03168   50   36    0.86656    4.18565   383%   510  335s
 14705 11985    3.74908   25   36    0.86656    4.17626   382%   505  341s
 15825 13121    4.16240   45   23    0.86656    4.16603   381%   500  347s
 16404 13612    4.08589   36   43    0.86656    4.16315   380%   499  350s
 17504 14867    4.08229   38   23    0.86656    4.15503   379%   497  356s
 18687 15934    4.11430   37   25    0.86656    4.14499   378%   496  363s
 19254 16418    3.59774   50  516    0.86656    4.14135   378%   498  366s
 19740 16843    4.13033   50   36    0.86656    4.14013   378%   500  370s
 20173 17354    4.05419   29   32    0.86656    4.13792   378%   503  375s
 20692 17804    4.06676   50   37    0.86656    4.13589   377%   506  381s
 21150 18404    4.01447   48   31    0.86656    4.13477   377%   510  385s
 21756 18915    3.68665   30   33    0.86656    4.13179   377%   512  390s
 22277 19456    4.11874   51   38    0.86656    4.13140   377%   514  395s
 23379 20183    3.98623   51   28    0.86656    4.12821   376%   522  410s
 23559 20779    4.12184   48   31    0.86656    4.12821   376%   523  416s
 24155 21367    4.10291   48   32    0.86656    4.12327   376%   527  421s
 24753 22027    3.96375   43   32    0.86656    4.12045   375%   531  428s
 25417 22828    4.11353   45   33    0.86656    4.11974   375%   536  433s
 26224 23572    4.09249   49   30    0.86656    4.11597   375%   538  439s
 26978 24333    3.95064   44   30    0.86656    4.11323   375%   542  446s
 27745 25045    3.86886   43   31    0.86656    4.11096   374%   547  453s
 28463 25077    1.73693   51  324    0.86656    4.11086   374%   551  463s
 28495 25109    4.07990   48   29    0.86656    4.10917   374%   553  474s
 28527 25140    4.10876   47   17    0.86656    4.10876   374%   554  483s
H28531 25140                       0.8665559    4.10876   374%   554  483s
 28560 25172    4.08289   48   35    0.86656    4.10876   374%   555  493s
H28563 25172                       0.8665559    4.10876   374%   555  493s
 28592 25220    4.08266   49   27    0.86656    4.10876   374%   555  502s
H28644 25275                       0.8665559    4.10871   374%   557  513s
 28699 25356    4.05139   50   28    0.86656    4.10526   374%   558  522s
H28762 25356                       0.8665559    4.10438   374%   558  522s
 28782 25507    4.10438   45   17    0.86656    4.10438   374%   559  532s
 28939 25686    4.10434   50   18    0.86656    4.10434   374%   561  542s
H29116 25686                       0.8665559    4.10434   374%   562  542s
 29118 29473    4.07106   51   26    0.86656    4.10434   374%   562  593s
 32923 29906    3.85962   50   24    0.86656    4.09907   373%   583  624s
 33360 31025    4.09651   50   28    0.86656    4.09766   373%   587  643s
 34481 33460    4.08083   47   31    0.86656    4.09680   373%   592  662s
H34817 33460                       0.8665559    4.09590   373%   593  662s
 36928 35530    3.95209   48   40    0.86656    4.09202   372%   601  681s
 39018 37442    3.82239   48   30    0.86656    4.08652   372%   608  702s
 40936 39664    4.04679   47   26    0.86656    4.08540   371%   613  719s
 43172 41899    3.41377   49   28    0.86656    4.08213   371%   620  738s
 45437 43954    3.74685   46   30    0.86656    4.07527   370%   626  758s
 47512 44931    3.26039   50  366    0.86656    4.06848   369%   631  782s
H47786 44930                       0.8674440    4.06813   369%   632  782s
 48493 44962    4.04162   51   28    0.86744    4.06700   369%   634  819s
 48525 44994    4.06062   47   32    0.86744    4.06580   369%   635  869s
H48557 45464                       0.8700548    4.06395   367%   635  891s
H48569 45464                       0.8700553    4.06395   367%   636  891s
 49027 47267    3.17957   46  467    0.87006    4.06233   367%   637  943s
H49499 47267                       0.8700572    4.06186   367%   638  943s
H50256 47267                       0.8700614    4.06157   367%   639  943s
H50504 47267                       0.8700640    4.06152   367%   639  943s
 50851 49206     cutoff   49         0.87006    4.06139   367%   640  965s
 52804 50562    3.82325   53   27    0.87006    4.05690   366%   644  996s
H52865 50562                       0.8702332    4.05679   366%   644  996s
H53289 50562                       0.8702407    4.05583   366%   644  996s
 54168 52697    3.72781   47   33    0.87024    4.05477   366%   646 1035s
H54622 52697                       0.8702690    4.05409   366%   647 1035s
H55627 52697                       0.8702862    4.05244   366%   647 1035s
 56323 55821    3.34211   47   28    0.87029    4.05193   366%   648 1062s
H56325 55821                       0.8708990    4.05193   365%   648 1063s
 59459 57062    3.99121   48   40    0.87090    4.04773   365%   653 1099s
H59661 57062                       0.8708990    4.04647   365%   653 1099s
H59868 57062                       0.8708990    4.04582   365%   653 1099s
H60048 57062                       0.8708990    4.04553   365%   654 1099s
 60702 63374    3.72689   50   25    0.87090    4.04439   364%   654 1147s
 67050 66394    3.21517   50   29    0.87090    4.03893   364%   659 1170s
 70108 69367    4.03410   43   21    0.87090    4.03410   363%   662 1194s
 73107 72425    3.01244   45   12    0.87090    4.02683   362%   665 1218s
 76179 75585    3.97758   47   42    0.87090    4.02349   362%   668 1239s
 79363 78785    2.30300   28   21    0.87090    4.01950   362%   670 1265s
 82582 81993    3.55915   50   24    0.87090    4.01717   361%   673 1291s
H83338 81993                       0.8708991    4.01520   361%   674 1291s
H83584 81993                       0.8708991    4.01495   361%   674 1291s
H84854 81993                       0.8708991    4.01464   361%   674 1291s
H85822 85501                       0.8708991    4.01237   361%   676 1318s
H89008 85501                       0.8708991    4.01102   361%   677 1318s
 89362 88986    3.93975   50   36    0.87090    4.00911   360%   677 1348s
H89492 88986                       0.8708991    4.00911   360%   677 1348s
H91707 88986                       0.8708991    4.00691   360%   679 1348s
 92859 91692    3.97773   50   24    0.87090    4.00646   360%   681 1395s
H93028 91692                       0.8708992    4.00579   360%   681 1395s
 95583 95538    3.98864   44   44    0.87090    4.00033   359%   682 1426s
 99451 99098    3.43466   46   28    0.87090    3.99808   359%   684 1454s
H100996 99098                       0.8708992    3.99674   359%   684 1454s
 103041 100960    3.99338   41   36    0.87090    3.99620   359%   686 1491s
H104911 104423                       0.8708992    3.99338   359%   687 1525s
H105971 104423                       0.8708992    3.99152   358%   688 1525s
H108386 107952                       0.8708992    3.98774   358%   689 1558s
 111957 111540    3.63902   48   27    0.87090    3.98430   357%   691 1589s
 115551 114732    3.16634   47   31    0.87090    3.97993   357%   692 1623s
 118755 117814    3.93787   50   27    0.87090    3.97777   357%   693 1662s
 121857 121705    3.97659   50   26    0.87090    3.97659   357%   695 1694s
 125772 125221    3.54101   48  479    0.87090    3.97245   356%   696 1722s
 129321 128609    3.92920   45   40    0.87090    3.96925   356%   698 1749s
 132745 129900    3.70146   46   28    0.87090    3.96764   356%   700 1805s
 134052 133451    3.95821   44   31    0.87090    3.96585   355%   701 1839s
 134989 133451    3.85104   40   22    0.87090    3.96558   355%   701 1840s
 137621 136517    3.74166   46   29    0.87090    3.96265   355%   702 1873s
 140703 140199    3.70302   47   27    0.87090    3.96042   355%   704 1902s
 144409 143622    3.63731   49   28    0.87090    3.95697   354%   705 1930s
 147856 147410    3.95211   35   28    0.87090    3.95502   354%   706 1960s
 151668 149851    3.36987   50   39    0.87090    3.95213   354%   707 1999s
 154123 153486    3.85951   52   24    0.87090    3.95067   354%   708 2028s
 157798 156963    3.63098   41  428    0.87090    3.94858   353%   709 2056s
 161289 158315    3.88061   40   35    0.87090    3.94646   353%   709 2092s
 162655 161829    1.87943   45  324    0.87090    3.94487   353%   709 2125s
H163145 161829                       0.8708993    3.94464   353%   710 2125s
H165548 161829                       0.8708994    3.94424   353%   710 2125s
 166189 165269    3.84617   48   38    0.87090    3.94317   353%   710 2159s
 166663 165269    3.83388   52   34    0.87090    3.94282   353%   710 2160s
H167536 165269                       0.8708994    3.94245   353%   710 2160s
H168887 165269                       0.8708994    3.94224   353%   711 2160s
 169667 168852    3.93381   37   33    0.87090    3.94051   352%   711 2190s
H170047 168852                       0.8708994    3.94040   352%   711 2190s
 173276 170502    3.89212   44   39    0.87090    3.93876   352%   712 2225s
 174932 173265    3.67588   45   31    0.87090    3.93876   352%   712 2278s
 177729 175893    3.84240   45   31    0.87090    3.93667   352%   713 2363s
 180368 180231    3.61724   48   27    0.87090    3.93445   352%   713 2400s
 184740 183996    3.66074   44   32    0.87090    3.93188   351%   714 2430s
 188544 187395    3.41328   45   34    0.87090    3.92978   351%   714 2458s
 191971 190891    2.60664   55  502    0.87090    3.92815   351%   716 2486s
 195479 194126    2.70576   43  451    0.87090    3.92518   351%   716 2515s
 198740 197425    3.89441   51   34    0.87090    3.92309   350%   716 2543s
 202074 200283    3.56231   45   31    0.87090    3.92142   350%   717 2582s
 204950 203732    3.64526   43   19    0.87090    3.91949   350%   717 2610s
 208411 205107    3.79510   46   28    0.87090    3.91781   350%   718 2648s
 209794 213525    2.36913   47  240    0.87090    3.91665   350%   718 2715s
 218270 217033    3.87501   49   30    0.87090    3.91394   349%   719 2749s
 221794 219730    2.92960   53   29    0.87090    3.90962   349%   719 2806s
 224515 223470    3.88846   49   28    0.87090    3.90856   349%   720 2837s
 228281 226978    3.78309   51   27    0.87090    3.90657   349%   720 2869s
H228591 226978                       0.8708994    3.90638   349%   720 2869s
 231803 230421    3.73465   53   27    0.87090    3.90491   348%   721 2901s
H232750 230421                       0.8708994    3.90463   348%   721 2902s
 235260 233755    3.58006   37   31    0.87090    3.90323   348%   721 2932s
 238620 237279    3.87612   49   26    0.87090    3.90153   348%   722 2963s
H242182 240303                       0.8708994    3.90034   348%   722 2991s
 245214 243526    3.82928   50   37    0.87090    3.89871   348%   723 3020s
H246191 243526                       0.8708994    3.89836   348%   723 3020s
 248451 245948    3.58053   54   25    0.87090    3.89694   347%   723 3062s
 250888 249379    2.95491   46   30    0.87090    3.89525   347%   723 3093s
 254343 252852    3.80929   51   27    0.87090    3.89379   347%   724 3122s
 257824 256365    3.69798   50   24    0.87090    3.89267   347%   724 3151s
 261355 259892    3.42711   48   25    0.87090    3.89129   347%   724 3179s
 264898 263285    3.43678   44   31    0.87090    3.88928   347%   724 3208s
 268318 266747    2.02167   50   31    0.87090    3.88733   346%   724 3238s
H270571 266747                       0.8708994    3.88713   346%   724 3238s
 271808 269738    3.15449   45  543    0.87090    3.88712   346%   724 3266s
 274833 273029    3.49522   43   31    0.87090    3.88509   346%   725 3295s
 278152 274579    3.83957   51   35    0.87090    3.88337   346%   725 3346s
 279712 277997    3.51283   55   24    0.87090    3.88234   346%   725 3378s
 283159 281500    3.64117   51   26    0.87090    3.88133   346%   726 3410s
 286686 285284    3.79651   48   29    0.87090    3.88028   346%   727 3441s
 290496 288756    3.01486   45   29    0.87090    3.87853   345%   727 3470s
 293993 291457    1.88704   43   21    0.87090    3.87677   345%   727 3516s
 296712 294801    3.61840   43   20    0.87090    3.87522   345%   727 3547s
 300072 298372    3.70240   47   36    0.87090    3.87388   345%   727 3577s
 303669 301370    3.67165   47   29    0.87090    3.87286   345%   728 3605s
 306689 304439    3.45071   57  396    0.87090    3.87084   344%   728 3633s
H309513 304439                       0.8708994    3.87040   344%   728 3634s
 309782 307681    3.74376   45   26    0.87090    3.86991   344%   728 3662s
 313040 311046    3.85218   44   19    0.87090    3.86860   344%   729 3692s
 316413 314075    3.63780   48   31    0.87090    3.86698   344%   728 3723s
H318754 314075                       0.8708994    3.86641   344%   729 3723s
H319389 314075                       0.8708994    3.86634   344%   729 3723s
 319479 316550    3.68138   50   27    0.87090    3.86553   344%   729 3771s
 321968 320007    3.55838   49   30    0.87090    3.86431   344%   729 3801s
 325441 322625    3.68886   44   30    0.87090    3.86325   344%   730 3878s
H327111 322625                       0.8708994    3.86276   344%   730 3878s
 328090 326046    3.74475   47   33    0.87090    3.86218   343%   730 3910s
 331527 329547    3.83574   46   31    0.87090    3.86048   343%   730 3940s
 335058 332665    2.59424   50  369    0.87090    3.85962   343%   730 3968s
 338196 335644    2.94521   53   28    0.87090    3.85881   343%   730 3996s
 341187 338972    3.75237   45   33    0.87090    3.85701   343%   731 4024s
 344525 341364    3.77639   43   39    0.87090    3.85604   343%   731 4071s
 346945 342792    3.24249   52  318    0.87090    3.85461   343%   731 4110s
 348377 346448    2.74563   47   33    0.87090    3.85383   343%   731 4144s
 352053 350212    3.76019   30   27    0.87090    3.85344   342%   732 4177s
H352183 350212                       0.8708994    3.85344   342%   732 4177s
 355831 353649    3.79891   43   32    0.87090    3.85174   342%   732 4209s
 359276 357052    3.79703   47   29    0.87090    3.85039   342%   733 4240s
 362693 360338    3.63438   47   28    0.87090    3.84909   342%   733 4270s
 365997 363663    3.83269   49   27    0.87090    3.84804   342%   733 4300s
 369346 366195    3.75911   49   26    0.87090    3.84748   342%   733 4343s
 371894 369812    3.72779   47   32    0.87090    3.84597   342%   734 4373s
 375533 373217    3.72515   47   27    0.87090    3.84470   341%   734 4403s
 378964 376560    3.81666   47   27    0.87090    3.84432   341%   734 4434s
 382341 379825    3.77524   46   37    0.87090    3.84206   341%   734 4463s
 385622 383092    3.65367   56  454    0.87090    3.84111   341%   734 4494s
 388901 386332    3.76244   51   25    0.87090    3.84015   341%   734 4524s
 392161 389725    3.73045   41   30    0.87090    3.83890   341%   735 4554s
 395568 392237    3.42568   49   21    0.87090    3.83777   341%   735 4593s
 398100 395975    3.58854   48   30    0.87090    3.83682   341%   735 4625s
 401858 399373    3.67903   51   26    0.87090    3.83599   340%   735 4655s
 405276 402729    3.62327   55   32    0.87090    3.83457   340%   735 4685s
 408658 405948    3.78152   43   31    0.87090    3.83346   340%   735 4718s
 411889 409328    3.54105   43   33    0.87090    3.83267   340%   735 4748s
 415277 412634    3.81643   49   36    0.87090    3.83135   340%   736 4778s
 418601 415176    3.34318   48   31    0.87090    3.83049   340%   736 4832s
 421159 415208    3.46653   48   28    0.87090    3.82976   340%   736 4874s
H421171 415208                       0.8708994    3.82928   340%   736 4875s
 421191 447052    3.54469   49   30    0.87090    3.82905   340%   736 5710s
H427191 447052                       0.8708995    3.82903   340%   737 5710s
H450191 447052                       0.8708998    3.82893   340%   740 5711s
 453191 447359    3.71011   53   29    0.87090    3.82332   339%   741 5856s
 453502 478241    3.82271   44   35    0.87090    3.82328   339%   741 6263s
 484568 481680    3.74306   47   32    0.87090    3.81753   338%   744 6299s
 488025 485065    3.74249   48   32    0.87090    3.81689   338%   744 6329s
H489759 485065                       0.8708998    3.81625   338%   744 6330s
 491436 486732    3.73659   46   29    0.87090    3.81528   338%   744 6365s
H491583 486732                       0.8708998    3.81521   338%   744 6366s
 493109 488989    3.70062   54   29    0.87090    3.81517   338%   744 6410s
H493266 488989                       0.8708998    3.81517   338%   744 6410s
 495384 491733    3.75515   49   26    0.87090    3.81458   338%   745 6451s
 498138 495818    3.75875   52   28    0.87090    3.81390   338%   745 6489s
 502259 499867    3.80699   41   31    0.87090    3.81196   338%   745 6526s
 506318 503609    2.70624   52  348    0.87090    3.81075   338%   745 6561s
 510090 507416    3.79785   45   32    0.87090    3.80990   337%   745 6594s
 513907 510887    3.58884   44   28    0.87090    3.80853   337%   745 6629s
 517386 512900    3.80293   48   31    0.87090    3.80747   337%   745 6672s
 519411 516938    3.68492   46   28    0.87090    3.80705   337%   745 6710s
 523477 520650    3.77494   43   40    0.87090    3.80611   337%   745 6745s
 527213 524211    3.21235   50  450    0.87090    3.80505   337%   745 6779s
 530798 527946    3.79744   54   32    0.87090    3.80369   337%   745 6812s
 534567 531340    3.73523   42   27    0.87090    3.80241   337%   746 6843s
 537979 534529    3.10346   50   30    0.87090    3.80114   336%   746 6875s
 541190 537760    3.49454   50   28    0.87090    3.80060   336%   746 6906s
 544439 541432    3.49493   47   34    0.87090    3.79933   336%   746 6938s
H546269 541432                       0.8708999    3.79892   336%   746 6939s
H548137 542880                       0.8708999    3.79800   336%   746 6978s
 549587 545150    3.79050   47   27    0.87090    3.79781   336%   746 7022s
 551869 549465    3.37485   55   24    0.87090    3.79717   336%   746 7062s
 556217 553193    3.36419   46  525    0.87090    3.79575   336%   747 7099s
 559999 556082    3.51984   53   35    0.87090    3.79441   336%   747 7173s
 562902 559899    3.77949   45   32    0.87090    3.79350   336%   747 7208s
 566743 563508    3.53049   48   31    0.87090    3.79224   335%   747 7243s
 570388 566474    2.47747   51  245    0.87090    3.79085   335%   748 7330s
 573378 569976    2.27814   52  395    0.87090    3.78993   335%   747 7365s
H574292 569976                       0.8708999    3.78982   335%   747 7365s
 576896 571685    3.74722   43   33    0.87090    3.78925   335%   747 7403s
H578432 571685                       0.8708999    3.78909   335%   747 7403s
 578615 575739    3.78431   44   31    0.87090    3.78909   335%   747 7441s
 582707 578121    3.56365   57   28    0.87090    3.78775   335%   748 7482s
 585097 580580    3.13345   47  413    0.87090    3.78706   335%   748 7529s
H586168 580580                       0.8709002    3.78690   335%   748 7529s
 587570 582778    3.74587   45   37    0.87090    3.78674   335%   748 7578s
 589786 586251    2.89489   46   30    0.87090    3.78557   335%   748 7635s
 593277 590357    3.30894   50   27    0.87090    3.78413   335%   748 7677s
 597407 594434    3.46214   48   30    0.87090    3.78321   334%   749 7716s
 601512 598167    3.75910   48   27    0.87090    3.78203   334%   749 7753s
 605259 601750    3.56996   41   43    0.87090    3.78026   334%   749 7786s
 608860 604775    3.38372   47   33    0.87090    3.77939   334%   749 7817s
 611909 607872    3.18854   49   23    0.87090    3.77850   334%   749 7847s
 615020 610585    3.64300   49   35    0.87090    3.77725   334%   749 7889s
 617741 613925    3.71469   44   30    0.87090    3.77647   334%   749 7922s
 621107 617332    3.51472   49   32    0.87090    3.77587   334%   750 7956s
 624530 620575    3.69623   52   37    0.87090    3.77438   333%   750 7989s
 627783 623990    3.77376   42   26    0.87090    3.77376   333%   750 8023s
 631210 625841    3.59025   53   33    0.87090    3.77263   333%   750 8063s
 633063 628804    3.54883   59   22    0.87090    3.77158   333%   750 8127s
 636042 632372    3.66641   43   29    0.87090    3.77111   333%   750 8161s
 639628 635357    3.77005   43   32    0.87090    3.77033   333%   750 8191s
 642639 638523    3.54554   51   22    0.87090    3.76917   333%   751 8222s
 645831 641663    3.55526   47   29    0.87090    3.76829   333%   751 8253s
 648995 644986    3.75861   43   38    0.87090    3.76778   333%   751 8285s
 652336 648423    3.65620   41   24    0.87090    3.76656   332%   751 8317s
 655789 651744    3.75598   45   42    0.87090    3.76574   332%   751 8349s
 659124 654930    3.66077   46   30    0.87090    3.76452   332%   751 8381s
H661493 654930                       0.8709002    3.76436   332%   751 8381s
 662336 658085    3.61102   51   23    0.87090    3.76413   332%   751 8413s
 665513 659655    3.73315   45   30    0.87090    3.76279   332%   752 8456s
 667091 666825    3.49303   48   27    0.87090    3.76223   332%   752 8519s
 674295 670030    3.03859   44   32    0.87090    3.76088   332%   752 8577s
 677518 673652    3.74709   45   32    0.87090    3.75950   332%   752 8612s
 681154 676505    3.38740   51   26    0.87090    3.75888   332%   752 8657s
 684023 680152    3.72855   42   35    0.87090    3.75806   332%   752 8691s
 687688 683612    3.41963   49   28    0.87090    3.75669   331%   753 8723s
 691170 686903    3.25541   47   31    0.87090    3.75612   331%   753 8754s
 694478 690274    3.28999   50   23    0.87090    3.75548   331%   753 8783s
 697857 692016    3.41281   45   32    0.87090    3.75411   331%   753 8816s
 699607 695914    3.38215   45   41    0.87090    3.75358   331%   753 8851s
H701734 695914                       0.8709002    3.75337   331%   753 8852s
 703529 697991    3.46513   44   30    0.87090    3.75232   331%   754 8890s
 705614 701141    3.62998   47   41    0.87090    3.75213   331%   754 8941s
 708804 705403    3.72128   51   32    0.87090    3.75109   331%   754 8976s
H712710 705403                       0.8709002    3.75079   331%   754 8977s
 713096 709453    3.44868   46   31    0.87090    3.75022   331%   754 9010s
 717172 710998    3.47138   48   28    0.87090    3.74897   330%   754 9048s
H717923 710998                       0.8709002    3.74865   330%   754 9048s
 718737 714669    3.74740   45   32    0.87090    3.74855   330%   754 9113s
 722426 716950    3.47863   55   30    0.87090    3.74800   330%   754 9153s
 724719 720359    3.66736   44   34    0.87090    3.74724   330%   754 9182s
H727348 720359                       0.8709002    3.74708   330%   754 9182s
 728150 723619    3.06293   45   31    0.87090    3.74645   330%   754 9211s
 731420 725322    3.17490   46  436    0.87090    3.74571   330%   754 9244s
H732861 725322                       0.8709002    3.74511   330%   754 9244s
 733143 729007    3.20892   44  462    0.87090    3.74506   330%   754 9276s
 736850 730913    3.65477   47   31    0.87090    3.74430   330%   755 9316s
 738762 732823    3.63426   52   27    0.87090    3.74341   330%   755 9353s
 740677 736845    3.72613   45   32    0.87090    3.74293   330%   755 9388s
 744713 740709    3.51650   54  518    0.87090    3.74171   330%   755 9420s
 748599 743795    3.69542   41   33    0.87090    3.74098   330%   755 9468s
 751705 747661    3.23223   51   26    0.87090    3.73974   329%   755 9498s
 755593 751224    3.56859   49   30    0.87090    3.73900   329%   756 9527s
 759180 754173    3.57151   45   29    0.87090    3.73777   329%   756 9554s
 762143 757413    3.51086   53   27    0.87090    3.73692   329%   756 9581s
 765395 760590    3.47976   50   28    0.87090    3.73627   329%   756 9609s
 768582 763738    3.68259   50   28    0.87090    3.73557   329%   756 9635s
 771748 766819    3.35368   48   29    0.87090    3.73435   329%   756 9664s
 774857 769273    2.94370   50   25    0.87090    3.73344   329%   756 9705s
 777327 772284    3.57589   49   31    0.87090    3.73249   329%   757 9761s
 780364 775791    3.38839   41   15    0.87090    3.73194   329%   757 9792s
 783893 779382    3.58040   47   27    0.87090    3.73095   328%   757 9820s
 787498 782935    3.37018   42   17    0.87090    3.73021   328%   757 9849s
 791069 786263    3.72186   41   31    0.87090    3.72944   328%   757 9876s
 794409 789424    2.97545   50  435    0.87090    3.72871   328%   757 9904s
 797580 792768    3.38727   48  502    0.87090    3.72765   328%   757 9932s
 800930 795301    3.46302   51   26    0.87090    3.72706   328%   757 9988s
H801464 795301                       0.8709003    3.72701   328%   757 9990s
 803479 796824    3.50897   48   35    0.87090    3.72631   328%   757 10025s
 805008 800567    3.13613   51  483    0.87090    3.72600   328%   757 10056s
 808767 804161    3.50143   54  423    0.87090    3.72471   328%   757 10087s
 812373 807713    2.77686   45   34    0.87090    3.72420   328%   757 10118s
 815947 811098    3.53345   49   26    0.87090    3.72298   327%   757 10146s
 819352 814367    3.72113   47   30    0.87090    3.72216   327%   757 10175s
 822641 815587    3.51798   43   28    0.87090    3.72140   327%   757 10214s
 823871 820010    3.68436   44   40    0.87090    3.72085   327%   757 10253s
 828336 823437    3.30374   45   39    0.87090    3.72016   327%   758 10284s
 831793 826364    3.71394   48   30    0.87090    3.71898   327%   758 10328s
 834742 830236    2.85456   54   24    0.87090    3.71783   327%   758 10361s
 838636 833697    3.55604   49   28    0.87090    3.71693   327%   758 10393s
 842127 837155    2.76883   49   30    0.87090    3.71631   327%   758 10425s
 845601 840714    3.20190   49   30    0.87090    3.71556   327%   758 10454s
 849180 843998    3.49750   50   27    0.87090    3.71466   327%   759 10480s
 852474 846777    3.47548   43   39    0.87090    3.71406   326%   759 10538s
 855264 850360    3.63740   51   28    0.87090    3.71310   326%   759 10567s
 858855 853943    3.09898   41   32    0.87090    3.71215   326%   759 10598s
 862440 857526    3.51352   53   28    0.87090    3.71121   326%   759 10625s
 866047 860195    3.21748   42   32    0.87090    3.71044   326%   759 10663s
 868742 863748    2.84529   53   25    0.87090    3.71001   326%   759 10690s
 872333 867197    3.38371   52   24    0.87090    3.70893   326%   759 10717s
 875804 870483    3.29578   47   38    0.87090    3.70806   326%   759 10742s
 879114 873596    2.80084   56  477    0.87090    3.70739   326%   759 10769s
 882243 876785    3.59003   49   28    0.87090    3.70676   326%   759 10800s

Cutting planes:
  Lift-and-project: 50
  Cover: 1
  Projected implied bound: 103
  MIR: 1515
  Mixing: 1
  Flow cover: 264
  RLT: 361
  Relax-and-lift: 275

Explored 885452 nodes (672571351 simplex iterations) in 10800.11 seconds (27442.70 work units)
Thread count was 32 (of 255 available processors)

Solution count 10: 0.8709 0.8709 0.8709 ... 0.870899

Time limit reached
Best objective 8.709003152029e-01, best bound 3.705976685401e+00, gap 325.5340%

User-callback calls 2750631, time in user-callback 1.08 sec
Encoding the two copies...
apply_sibgate_constraints!: emitted 24 coupling lines (both-thin), 0 conditional triangles on org (org-dropped), 0 conditional triangles on pert (pert-dropped).
Encoding dependencies (activation_start=1, layers_offset=2)...
apply_n1_var_hints!: mode=VH_PREV_PGD, Start-consensus on 122 of 122 N2 binaries (pgd-silent-filled=28, pgd-agreed-nop=90, pgd-disagreed-withdrew=4, flipped=1, no-N1-match=0, Tech2-eliminated-but-survived=0)
0.8709003152028767  3.705976685400931  10800.132623910904
Clean sample classification: 3
Perturbed sample classification: 3
