source: 0 target: 1 model_arch: 3x50 perturbation type: translation perturbation size: [0, 3.0, 1.0] dataset: mnist
Attack:   0%|          | 0/500 [00:00<?, ?it/s]Attack:   3%|▎         | 15/500 [00:00<00:03, 145.86it/s]Attack:  11%|█         | 53/500 [00:00<00:01, 279.89it/s]Attack:  18%|█▊        | 92/500 [00:00<00:01, 325.56it/s]Attack:  26%|██▌       | 130/500 [00:00<00:01, 345.73it/s]Attack:  34%|███▎      | 168/500 [00:00<00:00, 355.65it/s]Attack:  41%|████      | 206/500 [00:00<00:00, 363.68it/s]Attack:  49%|████▉     | 244/500 [00:00<00:00, 367.49it/s]Attack:  56%|█████▋    | 282/500 [00:00<00:00, 369.85it/s]Attack:  64%|██████▍   | 320/500 [00:00<00:00, 371.50it/s]Attack:  72%|███████▏  | 358/500 [00:01<00:00, 374.03it/s]Attack:  79%|███████▉  | 396/500 [00:01<00:00, 371.98it/s]Attack:  87%|████████▋ | 435/500 [00:01<00:00, 374.96it/s]Attack:  95%|█████████▍| 473/500 [00:01<00:00, 376.40it/s]Attack: 100%|█████████▉| 499/500 [00:01<00:00, 358.64it/s]
best_val 15.809889793395996
Set parameter WLSAccessID
Set parameter WLSSecret
Set parameter LicenseID to value 2478548
Academic license 2478548 - for non-commercial use only - registered to ne___@campus.technion.ac.il
Standard mode: boosts enabled:
  PerturbedIntervals:                 true
  Absolute Zonotope (Source B on N1): true
  Per-Copy Triangle Drop τ:           0.5
  Sibling-Gated Refinement:           true
Model accuracy: 0.9694
Standard-mode boost: computing absolute zonotope bounds (Source B) on N1...
compute_n2_bounds_zonotope_with_n1_tighten: Source A absent — propagating absolute zonotope only (standard-mode nn1 boost path)
compute_n2_bounds_zonotope_with_n1_tighten: populated 2 ReLU layers
  Source B bounds computed: 2 ReLU layers
compute_n2_pert_relaxation_bounds: populated 2 ReLU layers
compute_n2_relax_decision!: τ=0.5, both=13 org-only=0 pert-only=0 none=74 (plus 13 stable neurons)
[notice | Main.MIPVerify]: Determining upper and lower bounds for the input to each non-linear unit.
Set parameter WLSAccessID
Set parameter WLSSecret
Set parameter LicenseID to value 2478548
Academic license 2478548 - for non-commercial use only - registered to ne___@campus.technion.ac.il
Set parameter TimeLimit to value 5
Set parameter TimeLimit to value 5
Set parameter WLSAccessID
Set parameter WLSSecret
Set parameter LicenseID to value 2478548
Academic license 2478548 - for non-commercial use only - registered to ne___@campus.technion.ac.il
Set parameter MIPFocus to value 3
Set parameter Cutoff to value 1.5809889793395996e+01
Set parameter Threads to value 32
Set parameter TimeLimit to value 10800
Set parameter MIPGap to value 0.01
Set parameter Seed to value 4
Set parameter Seed to value 4
Set parameter MIPGap to value 0.01
Set parameter MIPFocus to value 3
Set parameter Cutoff to value 1.5809889793395996e+01
Set parameter Threads to value 32
Set parameter TimeLimit to value 10800
Warning for adding constraints: zero or small (< 1e-13) coefficients, ignored
Gurobi Optimizer version 13.0.0 build v13.0.0rc1 (linux64 - "Ubuntu 20.04.2 LTS")

CPU model: AMD EPYC 7713 64-Core Processor, instruction set [SSE2|AVX|AVX2]
Thread count: 127 physical cores, 255 logical processors, using up to 32 threads

Non-default parameters:
Cutoff  1.5809889793395996e+01
TimeLimit  10800
MIPGap  0.01
MIPFocus  3
Seed  4
Threads  32

Academic license 2478548 - for non-commercial use only - registered to ne___@campus.technion.ac.il
Optimize a model with 1641 rows, 1893 columns and 158119 nonzeros (Max)
Model fingerprint: 0xf7081799
Model has 1 linear objective coefficients
Variable types: 1745 continuous, 148 integer (148 binary)
Coefficient statistics:
  Matrix range     [1e-13, 3e+01]
  Objective range  [1e+00, 1e+00]
  Bounds range     [2e-10, 3e+01]
  RHS range        [4e-13, 1e+02]

User MIP start produced solution with objective 16.0172 (0.87s)
User MIP start produced solution with objective 16.0868 (1.78s)
User MIP start produced solution with objective 16.0868 (2.39s)
Loaded user MIP start with objective 16.0868
Processed MIP start in 2.39 seconds (3.66 work units)

Presolve removed 1126 rows and 792 columns
Presolve time: 0.13s
Presolved: 515 rows, 1101 columns, 114673 nonzeros
Variable types: 953 continuous, 148 integer (148 binary)
Root relaxation presolve removed 140 rows and 139 columns
Root relaxation presolved: 375 rows, 962 columns, 113171 nonzeros


Root relaxation: objective 3.822655e+01, 355 iterations, 0.08 seconds (0.09 work units)

    Nodes    |    Current Node    |     Objective Bounds      |     Work
 Expl Unexpl |  Obj  Depth IntInf | Incumbent    BestBd   Gap | It/Node Time

     0     0   38.22655    0   42   16.08682   38.22655   138%     -    2s
     0     0   35.49163    0   44   16.08682   35.49163   121%     -    3s
     0     0   35.49163    0   39   16.08682   35.49163   121%     -    3s
H    0     0                      16.0869007   35.49163   121%     -    3s
     0     0   34.31483    0   48   16.08690   34.31483   113%     -    3s
     0     0   34.31483    0   43   16.08690   34.31483   113%     -    3s
     0     0   32.91641    0   43   16.08690   32.91641   105%     -    4s
     0     0   32.91641    0   43   16.08690   32.91641   105%     -    4s
     0     0   32.91641    0   43   16.08690   32.91641   105%     -    4s
     0     0   32.26466    0   44   16.08690   32.26466   101%     -    4s
     0     0   32.26466    0   44   16.08690   32.26466   101%     -    4s
     0     0   31.84325    0   44   16.08690   31.84325  97.9%     -    4s
     0     0   31.84325    0   44   16.08690   31.84325  97.9%     -    5s
     0     2   31.84325    0   44   16.08690   31.84325  97.9%     -    5s
H  264   268                      16.0883945   27.14084  68.7%   904    9s
   267   303   26.04585    9   42   16.08839   27.09564  68.4%   911   10s
H  640   649                      16.0884543   24.94679  55.1%   883   14s
   667   692   23.95062   14   33   16.08845   24.87462  54.6%   874   15s
  1489  1520   19.50851   17   32   16.08845   23.78746  47.9%   739   20s
  2350  2240   23.18346   18   29   16.08845   23.32716  45.0%   651   25s
H 3421  2939                      16.0891912   22.91551  42.4%   598   32s
  3422  2940   22.05408    8   44   16.08919   22.91551  42.4%   598   47s
  3430  2945   21.01999   23   42   16.08919   22.91551  42.4%   597   50s
H 3430  2797                      16.0967807   22.91551  42.4%   597   50s
  3435  2804   22.91551   13   59   16.09678   22.91551  42.4%   597   55s
H 3442  2673                      16.0968619   22.91551  42.4%   598   56s
  3566  2762   22.91551   20   46   16.09686   22.91551  42.4%   609   60s
H 3613  2647                      16.0982036   22.91551  42.3%   615   61s
H 3617  2519                      16.0982525   22.91551  42.3%   616   61s
H 3634  2393                      16.0986101   22.91551  42.3%   617   61s
  3733  2473   22.91551   24   35   16.09861   22.91551  42.3%   628   65s
  3912  2559   22.91551   25   36   16.09861   22.91551  42.3%   654   70s
  4083  2603   22.79648   26   39   16.09861   22.91551  42.3%   674   76s
  4225  2675   20.85295   19   46   16.09861   22.91551  42.3%   689   80s
H 4418  2606                      16.0986484   22.91551  42.3%   710   84s
  4433  2631   22.85851   27   39   16.09865   22.91551  42.3%   711   86s
  4520  2677     cutoff   26        16.09865   22.91551  42.3%   720   96s
H 4529  2565                      16.2781070   22.91551  40.8%   721   96s
  4601  2603     cutoff   25        16.27811   22.75814  39.8%   730  101s
  4806  2714   20.92508   23   47   16.27811   22.52609  38.4%   749  106s
H 4966  2671                      16.2789335   22.40213  37.6%   756  108s
  5046  2805   21.66207   28   41   16.27893   22.35372  37.3%   760  110s
  5423  3062   22.01275   30   33   16.27893   22.11365  35.8%   766  115s
  6199  3224   20.96184   22   41   16.27893   21.68480  33.2%   757  123s
  6238  3237     cutoff   29        16.27893   21.57479  32.5%   760  127s
  6276  3255   18.74946   37   24   16.27893   21.51927  32.2%   764  131s
H 6395  3176                      16.2791900   21.42064  31.6%   768  134s
  6400  3416     cutoff   30        16.27919   21.41664  31.6%   768  136s
  7089  3874   20.99854   28   32   16.27919   21.17059  30.0%   756  141s
  8123  4510   20.61390   36   27   16.27919   20.84011  28.0%   724  145s
  9312  4955   20.43009   31   32   16.27919   20.57341  26.4%   690  150s
 10387  5937   20.16140   24   38   16.27919   20.31648  24.8%   666  155s
 12062  7520   20.00209   32   33   16.27919   20.02172  23.0%   623  161s
 14794 10832     cutoff   24        16.27919   19.82110  21.8%   545  166s
 19589 16141   19.75788   67   17   16.27919   19.75788  21.4%   428  171s
 22560 16203   19.74466   66   17   16.27919   19.74466  21.3%   380  177s
H22617 16235                      16.2791929   19.74466  21.3%   380  179s
H22620 16235                      16.2792110   19.74466  21.3%   380  179s
 22624 18796   19.48519   65   18   16.27921   19.74466  21.3%   380  182s
 27627 23153   19.72717   75   15   16.27921   19.73930  21.3%   323  186s
 29711 28121   19.71311   70   15   16.27921   19.72789  21.2%   304  192s
 36705 31657   19.68869   67   19   16.27921   19.71862  21.1%   259  195s
 42138 36948   19.44365   66   21   16.27921   19.69303  21.0%   234  200s
 48016 43073   19.66448   64   14   16.27921   19.66448  20.8%   214  205s
 54680 49849   19.59044   68   17   16.27921   19.64710  20.7%   196  211s
 59843 61456   16.66124   66   21   16.27921   19.64393  20.7%   185  220s
H71332 63205                      16.7305491   19.62875  17.3%   166  223s
 71714 66121   19.30600   74   12   16.73055   19.62236  17.3%   165  225s
 78241 72754   19.56178   70   17   16.73055   19.60935  17.2%   157  231s
 85545 80516   19.60628   56   20   16.73055   19.60628  17.2%   149  237s
 89397 88975   19.59905   63   27   16.73055   19.60449  17.2%   146  245s
 101753 96768   19.59126   66   19   16.73055   19.59699  17.1%   136  251s
 110015 104552   19.42848   60   27   16.73055   19.59096  17.1%   131  257s
 113845 108425   19.58928   66   16   16.73055   19.58992  17.1%   129  260s
 121486 119150   19.53718   61   20   16.73055   19.58714  17.1%   125  270s
 132662 127192   19.57674   66   19   16.73055   19.58311  17.1%   120  276s
 136899 131194   19.57039   68   17   16.73055   19.58084  17.0%   119  280s
 141019 131258   19.49778   64   27   16.73055   19.57642  17.0%   117  286s
 141150 131672   19.57358   66   21   16.73055   19.57642  17.0%   117  292s
 143375 134762   19.47623   62   24   16.73055   19.57397  17.0%   117  295s
 148942 142894   19.08304   61   17   16.73055   19.57315  17.0%   115  301s
 153031 149737   19.57253   58   23   16.73055   19.57253  17.0%   114  307s
 160021 153439   18.83052   58   26   16.73055   19.57253  17.0%   111  310s
 167299 160691   19.54754   70   17   16.73055   19.56751  17.0%   110  317s
 171250 164428     cutoff   60        16.73055   19.56258  16.9%   109  320s
 178841 172145   19.03636   61   22   16.73055   19.55559  16.9%   107  327s
 183010 178798   19.55474   51   23   16.73055   19.55474  16.9%   106  333s
 189848 182401   19.24533   60   21   16.73055   19.55034  16.9%   104  336s
 196829 189406   19.33572   62   24   16.73055   19.54692  16.8%   103  342s
 200722 193333   19.40956   74   15   16.73055   19.54479  16.8%   102  345s
 208199 200435     cutoff   62        16.73055   19.54123  16.8%   101  351s
 212020 206802   19.32763   69   21   16.73055   19.53950  16.8%   100  357s
 218529 209826   19.50389   62   28   16.73055   19.53367  16.8%  99.3  360s
 225457 216989   19.23670   56   26   16.73055   19.53171  16.7%  98.4  366s
 232988 224719   19.52203   78   13   16.73055   19.52764  16.7%  97.5  372s
 236891 228230   19.52542   70   24   16.73055   19.52733  16.7%  97.0  376s
 244142 237314   19.52150   66   16   16.73055   19.52150  16.7%  96.1  384s
 249865 240566   19.25988   61   26   16.73055   19.51768  16.7%  95.3  388s
 253227 244573   18.34909   66   21   16.73055   19.51626  16.7%  95.1  391s
 261271 252274   19.48752   69   18   16.73055   19.51608  16.6%  94.1  398s
 265282 255902   19.45592   67   23   16.73055   19.50773  16.6%  93.6  401s
 272595 263185   19.50499   62   14   16.73055   19.50499  16.6%  92.9  407s
 276484 268673   19.28148   65   22   16.73055   19.50194  16.6%  92.5  412s
 282104 271759   19.50124   70   20   16.73055   19.50124  16.6%  92.0  415s
 289116 279430   18.94050   73   15   16.73055   19.49710  16.5%  91.4  422s
 293200 283151   19.46946   64   27   16.73055   19.48912  16.5%  90.9  426s
H298698 286735                      16.7309185   19.48531  16.5%  90.4  429s
 300703 290455   19.48296   56   12   16.73092   19.48296  16.4%  90.2  432s
 304511 293564   19.46792   64   24   16.73092   19.48296  16.4%  90.0  435s
 307698 298705   19.10119   67   20   16.73092   19.48296  16.4%  90.0  440s
 316906 306159   19.47106   68   12   16.73092   19.47743  16.4%  89.2  447s
 320705 309257   19.33757   70   17   16.73092   19.47358  16.4%  89.0  450s
 327587 316558   19.47002   57   28   16.73092   19.47150  16.4%  88.7  455s
 334989 323656   19.45533   66   22   16.73092   19.47026  16.4%  88.3  462s
 338718 328739   19.35020   71   24   16.73092   19.46675  16.4%  88.1  466s
 346889 335413   19.25269   76   14   16.73092   19.46281  16.3%  87.5  472s
 350820 339393   19.36772   66   25   16.73092   19.46281  16.3%  87.3  475s
 358740 346923   19.45858   65   20   16.73092   19.45858  16.3%  86.9  482s
 362674 350633     cutoff   68        16.73092   19.45432  16.3%  86.7  485s
 369877 358897   19.40618   62   30   16.73092   19.45192  16.3%  86.4  493s
 375002 362070   19.38988   64   27   16.73092   19.45159  16.3%  86.0  496s
 382431 369904   19.44413   60   21   16.73092   19.44489  16.2%  85.6  502s
 386290 373485   19.37923   72   16   16.73092   19.44214  16.2%  85.4  506s
 393610 380509   19.17432   67   20   16.73092   19.44083  16.2%  85.1  511s
 401122 389059   19.33621   72   22   16.73092   19.43711  16.2%  84.7  519s
 406000 392531   19.40968   71   18   16.73092   19.43505  16.2%  84.5  522s
 409604 395951   19.15229   69   18   16.73092   19.43505  16.2%  84.4  525s
 417234 403536   19.40900   66   19   16.73092   19.43040  16.1%  84.1  532s
 420935 407093   19.23697   65   19   16.73092   19.43040  16.1%  83.9  535s
 428668 415195   19.21207   57   16   16.73092   19.42180  16.1%  83.5  542s
 432917 419435   19.42175   65   22   16.73092   19.42180  16.1%  83.3  545s
 441359 427116   19.10410   74   21   16.73092   19.41803  16.1%  83.0  551s
 445207 430332   18.63550   71   25   16.73092   19.41724  16.1%  82.9  555s
 452741 438598   19.11468   60   20   16.73092   19.41520  16.0%  82.7  561s
 460459 441875   19.38584   68   17   16.73092   19.41318  16.0%  82.4  568s
 460492 441906   19.23853   70   22   16.73092   19.41259  16.0%  82.4  570s
 460525 441938   19.35248   59   27   16.73092   19.41166  16.0%  82.4  575s
 460828 445251   19.32504   56   31   16.73092   19.41111  16.0%  82.4  582s
 463980 449923   19.16580   65   22   16.73092   19.41023  16.0%  82.3  586s
 472682 457155   19.15268   71   24   16.73092   19.40734  16.0%  82.0  592s
 476213 460734   19.38421   62   21   16.73092   19.40641  16.0%  81.8  596s
 484029 468661   19.34149   63   21   16.73092   19.40496  16.0%  81.5  602s
H491032 457808                      17.4737510   19.40224  11.0%  81.2  604s
 491479 457818   19.34975   72   17   17.47375   19.40053  11.0%  81.2  609s
 491512 457848   19.39972   59   21   17.47375   19.39972  11.0%  81.2  614s
H491516 457844                      17.4738977   19.39972  11.0%  81.2  614s
H491537 456443                      17.5141973   19.39972  10.8%  81.2  614s
 491546 459776   19.39972   59   23   17.51420   19.39972  10.8%  81.2  617s
 495067 463948   19.25787   62   24   17.51420   19.39953  10.8%  81.1  622s
 499461 467221     cutoff   67        17.51420   19.39606  10.7%  81.0  626s
 507175 475055   19.39365   61   28   17.51420   19.39388  10.7%  80.8  633s
 511348 478766     cutoff   60        17.51420   19.39294  10.7%  80.7  636s
 515284 482718   19.22833   70   18   17.51420   19.39020  10.7%  80.5  640s
 522566 489313   19.38549   64   18   17.51420   19.38980  10.7%  80.4  647s
 526356 493237   19.38839   67   19   17.51420   19.38839  10.7%  80.3  652s
 530526 497046   19.23444   63   26   17.51420   19.38832  10.7%  80.2  655s
 538400 503876   19.33041   57   30   17.51420   19.38414  10.7%  80.1  662s
 541996 507502   19.22111   64   24   17.51420   19.38284  10.7%  80.1  666s
 545901 511233   19.37597   63   24   17.51420   19.38160  10.7%  80.0  670s
H550234 509250                      17.5779339   19.37871  10.2%  79.9  673s
 550753 513234   19.36524   62   14   17.57793   19.37861  10.2%  79.9  677s
 554974 517035   18.97839   55   14   17.57793   19.37788  10.2%  79.8  681s
 559020 521214   19.37639   62   20   17.57793   19.37639  10.2%  79.7  685s
 567319 527444   19.37250   61   18   17.57793   19.37538  10.2%  79.6  691s
 574141 534496   19.37053   61   21   17.57793   19.37053  10.2%  79.5  698s
 577987 537793   19.37027   64   19   17.57793   19.37027  10.2%  79.5  702s
 581552 541409   19.05612   63   22   17.57793   19.36978  10.2%  79.5  705s
 589244 548691   19.36703   66   22   17.57793   19.36703  10.2%  79.3  713s
 593342 552434   19.36619   60   16   17.57793   19.36619  10.2%  79.4  717s
 597356 555733   19.36024   59   21   17.57793   19.36609  10.2%  79.3  720s
 605020 563065   19.24878   62   25   17.57793   19.36540  10.2%  79.3  727s
 608760 566538   19.36276   61   23   17.57793   19.36324  10.2%  79.2  731s
 612492 570331   19.36051   64   20   17.57793   19.36051  10.1%  79.2  735s
 620568 578250     cutoff   73        17.57793   19.35956  10.1%  79.0  742s
 624983 581588   19.35651   73   18   17.57793   19.35956  10.1%  79.0  746s
 628549 585172   19.30023   63   24   17.57793   19.35728  10.1%  78.9  750s
 636115 592149   19.27251   65   16   17.57793   19.35462  10.1%  78.8  756s
 639764 596055   19.35030   73   22   17.57793   19.35412  10.1%  78.8  760s
 647619 603399   19.26058   69   22   17.57793   19.35148  10.1%  78.7  767s
 651726 607212   19.35117   57   20   17.57793   19.35117  10.1%  78.6  772s
 655846 610526   18.87348   63   24   17.57793   19.35032  10.1%  78.5  775s
 663025 617532   18.94888   63   13   17.57793   19.34849  10.1%  78.5  782s
 666878 621519   19.28677   61   21   17.57793   19.34658  10.1%  78.5  786s
 671125 625032   19.33526   68   18   17.57793   19.34521  10.1%  78.4  790s
 678717 632485   19.34303   58   29   17.57793   19.34370  10.0%  78.3  797s
 682788 636156   17.95077   58   22   17.57793   19.34213  10.0%  78.2  802s
 686721 639940   18.46145   54   34   17.57793   19.33972  10.0%  78.1  805s
 694347 646892   19.33789   66   16   17.57793   19.33789  10.0%  78.0  812s
 698239 650590   19.33787   67   22   17.57793   19.33789  10.0%  78.0  816s
 705861 657018   19.33634   63   15   17.57793   19.33634  10.0%  78.1  823s
 709241 660620   19.33521   66   16   17.57793   19.33521  10.0%  78.0  827s
 713147 664169   19.31419   57   23   17.57793   19.33351  10.0%  78.0  831s
 716941 667858   18.47152   62   17   17.57793   19.33320  10.0%  78.0  835s
 724952 674869   19.30062   67   23   17.57793   19.33248  10.0%  78.0  842s
 728611 678679   19.32310   69   22   17.57793   19.33046  10.0%  77.9  846s
 732738 682361   18.48157   66   25   17.57793   19.32833  10.0%  77.9  850s
 740060 689551   19.29716   67   19   17.57793   19.32426  9.93%  77.7  858s
 744446 693231   19.09035   69   18   17.57793   19.32234  9.92%  77.6  862s
 748405 696979   19.23076   56   30   17.57793   19.32212  9.92%  77.6  866s
 756318 700688   18.10857   69   15   17.57793   19.31921  9.91%  77.5  874s
 756351 700720   18.53922   65   21   17.57793   19.31921  9.91%  77.5  877s
H756376 700590                      17.5799395   19.31921  9.89%  77.5  877s
 756383 703969   19.31584   65   20   17.57994   19.31921  9.89%  77.5  881s
 759975 707486   19.24464   59   19   17.57994   19.31802  9.89%  77.5  885s
 767978 714816   19.31674   60   27   17.57994   19.31689  9.88%  77.4  892s
 771805 718385   18.11828   60   17   17.57994   19.31558  9.87%  77.3  895s
 779507 725549   19.04750   65   21   17.57994   19.31491  9.87%  77.3  904s
 783465 728977   19.18456   66   17   17.57994   19.31255  9.86%  77.2  907s
 787169 732683   19.22791   74   22   17.57994   19.31051  9.84%  77.1  911s
 791166 736437   19.11172   60   22   17.57994   19.31018  9.84%  77.1  915s
 799244 743800   19.28144   61   21   17.57994   19.30801  9.83%  77.0  921s
 803123 747351   18.97435   56   24   17.57994   19.30731  9.83%  77.0  925s
 806974 750864   17.66069   65   23   17.57994   19.30551  9.82%  76.9  930s
 815000 758156   17.91655   60   14   17.57994   19.30288  9.80%  76.8  937s
 818544 762113   19.27722   74   18   17.57994   19.30257  9.80%  76.8  941s
 826570 768597   18.86485   68   20   17.57994   19.30165  9.79%  76.8  948s
 829850 772110     cutoff   60        17.57994   19.29964  9.78%  76.7  952s
 833627 775894     cutoff   62        17.57994   19.29920  9.78%  76.7  956s
 837692 779747   19.21880   67   13   17.57994   19.29701  9.77%  76.6  960s
 845729 786992   18.86959   59   25   17.57994   19.29624  9.76%  76.6  967s
 849503 790158   19.29543   61   21   17.57994   19.29546  9.76%  76.5  971s
 856576 797160   19.14413   67   21   17.57994   19.29238  9.74%  76.5  978s
 860438 800588   19.29192   57   18   17.57994   19.29192  9.74%  76.4  982s
 864098 804418   19.29024   69   15   17.57994   19.29024  9.73%  76.4  986s
 868170 807897   19.27866   58   25   17.57994   19.28947  9.72%  76.4  990s
 876228 815799   18.86557   58   15   17.57994   19.28742  9.71%  76.3  997s
 880276 815828   19.26188   59   20   17.57994   19.28742  9.71%  76.3 1000s
H880312 815718                      17.5819355   19.28742  9.70%  76.3 1004s
H880319 815688                      17.5823287   19.28742  9.70%  76.3 1004s
H880331 815448                      17.5855388   19.28742  9.68%  76.3 1004s
 880346 818541   19.28742   58   15   17.58554   19.28742  9.68%  76.3 1008s
 883652 819820   19.24916   60   22   17.58554   19.28548  9.67%  76.2 1011s
H885011 808875                      17.7157581   19.28548  8.86%  76.2 1015s
 886900 813265   19.19678   57   29   17.71576   19.28548  8.86%  76.2 1020s
 895589 821033   19.28080   55   19   17.71576   19.28321  8.85%  76.2 1028s
 900209 824841   18.65383   66   16   17.71576   19.28182  8.84%  76.1 1032s
 904317 828428   19.26750   76   10   17.71576   19.28056  8.83%  76.1 1036s
 908169 832033     cutoff   59        17.71576   19.28011  8.83%  76.1 1040s
 915999 838917   19.25915   55   21   17.71576   19.27682  8.81%  76.0 1046s
 919630 842174   19.25788   67   15   17.71576   19.27682  8.81%  76.0 1050s
H923251 842077                      17.7168278   19.27662  8.80%  76.0 1054s
 923260 845423   19.27662   60   13   17.71683   19.27662  8.80%  76.0 1058s
 926915 848760   18.41401   65   17   17.71683   19.27662  8.80%  76.0 1061s
 930552 852403   19.27381   63   23   17.71683   19.27650  8.80%  75.9 1065s
 938341 859017   19.20958   68   20   17.71683   19.27404  8.79%  76.0 1072s
 941821 862534   19.15571   64   20   17.71683   19.27337  8.79%  76.0 1075s
 949603 869709   19.26275   71   18   17.71683   19.27189  8.78%  75.9 1082s
 953320 873671   19.27068   59   23   17.71683   19.27068  8.77%  75.9 1086s
 957573 877373   19.27002   57   19   17.71683   19.27002  8.77%  75.8 1090s
 965355 884412   19.26998   60   22   17.71683   19.26998  8.77%  75.8 1098s
 969318 887837   18.81133   68   18   17.71683   19.26804  8.76%  75.7 1102s
 973102 891059   19.26677   59   12   17.71683   19.26677  8.75%  75.7 1105s
 980475 898036   19.18560   68   18   17.71683   19.26677  8.75%  75.8 1112s
 984358 901753   18.70480   66   17   17.71683   19.26505  8.74%  75.7 1117s
 988444 905394     cutoff   70        17.71683   19.26263  8.73%  75.7 1121s
 992403 908877   19.26167   63   12   17.71683   19.26167  8.72%  75.6 1125s
 1000352 915680     cutoff   58        17.71683   19.26002  8.71%  75.6 1132s
 1003621 919395   19.25909   59   15   17.71683   19.25909  8.71%  75.6 1136s
 1011692 926399   19.25884   64   16   17.71683   19.25884  8.70%  75.6 1143s
 1015279 929971   19.03827   71   16   17.71683   19.25884  8.70%  75.6 1146s
 1019167 930001   18.14794   57   31   17.71683   19.25749  8.70%  75.6 1151s
 1019233 930159   19.25720   61   24   17.71683   19.25749  8.70%  75.6 1158s
 1019378 931895   19.25733   65   16   17.71683   19.25733  8.70%  75.6 1162s
 1021287 935013   19.25655   61   21   17.71683   19.25655  8.69%  75.6 1166s
 1024687 938696   19.15179   64   17   17.71683   19.25614  8.69%  75.5 1170s
 1028691 942738   18.93808   65   23   17.71683   19.25464  8.68%  75.5 1175s
 1037501 949726   18.86706   65   24   17.71683   19.25204  8.67%  75.4 1183s
 1040775 953114   18.82877   62   25   17.71683   19.25204  8.67%  75.4 1187s
 1044601 957164   19.24210   68   20   17.71683   19.25151  8.66%  75.4 1191s
 1049024 960550   19.24868   61   24   17.71683   19.24868  8.65%  75.4 1195s
 1056641 967269   19.24287   59   28   17.71683   19.24849  8.65%  75.3 1203s
 1060292 970767   19.18879   62   28   17.71683   19.24789  8.64%  75.3 1206s
 1064166 974599   19.08945   65   18   17.71683   19.24521  8.63%  75.3 1210s
 1072514 981728     cutoff   55        17.71683   19.24390  8.62%  75.2 1217s
 1076175 985498   18.64095   62   12   17.71683   19.24228  8.61%  75.2 1221s
 1080313 989121   18.65783   71   15   17.71683   19.24228  8.61%  75.1 1225s
 1087869 995675   19.24047   66   13   17.71683   19.24047  8.60%  75.1 1233s
 1091463 999458   19.23747   68   19   17.71683   19.24047  8.60%  75.1 1237s
 1095582 1002927   19.21850   68   16   17.71683   19.23983  8.60%  75.1 1241s
 1099462 1006720   19.23301   60   21   17.71683   19.23658  8.58%  75.1 1245s
 1107594 1014009   18.98453   57   20   17.71683   19.23501  8.57%  75.0 1253s
 1111603 1017444   18.76341   64   23   17.71683   19.23330  8.56%  75.0 1257s
 1115362 1021068   18.85033   81   17   17.71683   19.23196  8.55%  74.9 1262s
 1119381 1024676   18.80382   68   13   17.71683   19.23191  8.55%  74.9 1266s
 1127232 1031803   18.62231   55   26   17.71683   19.22820  8.53%  74.8 1273s
 1131077 1035105   19.20739   64   23   17.71683   19.22802  8.53%  74.8 1276s
 1134732 1038585   18.05681   61   20   17.71683   19.22661  8.52%  74.8 1280s
 1142518 1045674   19.12512   67   22   17.71683   19.22582  8.52%  74.7 1287s
 1146419 1049078   18.75890   68   15   17.71683   19.22404  8.51%  74.7 1292s
 1150201 1052929   19.17852   61   29   17.71683   19.22298  8.50%  74.7 1295s
 1158308 1059384   19.22052   61   19   17.71683   19.22052  8.49%  74.6 1303s
 1161481 1062873   18.52064   62   22   17.71683   19.22052  8.49%  74.6 1307s
 1165311 1066578   19.21925   64   13   17.71683   19.21925  8.48%  74.6 1311s
 1169424 1070352     cutoff   69        17.71683   19.21760  8.47%  74.6 1315s
 1177520 1076660   19.21727   64   14   17.71683   19.21727  8.47%  74.5 1321s
 1180935 1080279   19.20696   63   18   17.71683   19.21727  8.47%  74.5 1325s
 1185062 1083871   19.21424   59   12   17.71683   19.21424  8.45%  74.5 1330s
 1193275 1091309   19.20428   66   21   17.71683   19.21293  8.44%  74.5 1337s
 1197208 1094506   19.17537   62   21   17.71683   19.21112  8.43%  74.5 1341s
 1200789 1097941   18.40397   62   22   17.71683   19.21017  8.43%  74.5 1345s
 1208273 1104897   19.20857   68   19   17.71683   19.20857  8.42%  74.5 1353s
 1212329 1107706   18.71349   70   17   17.71683   19.20751  8.41%  74.5 1356s
 1215400 1111401   19.07700   66   20   17.71683   19.20709  8.41%  74.5 1360s
 1223847 1118758   19.20486   60   19   17.71683   19.20486  8.40%  74.4 1367s
 1227651 1122135   19.20483   63   26   17.71683   19.20486  8.40%  74.4 1370s
 1231431 1125066   17.95890   59   25   17.71683   19.20386  8.39%  74.4 1375s
 1238549 1132133   19.15975   70   24   17.71683   19.20250  8.39%  74.4 1383s
 1242577 1135570   19.19893   67   16   17.71683   19.20134  8.38%  74.4 1386s
 1246356 1139137   18.61990   56   20   17.71683   19.20035  8.37%  74.4 1390s
 1253676 1145746   18.62860   68   24   17.71683   19.19846  8.36%  74.3 1398s
 1257505 1148674   19.19754   57   21   17.71683   19.19754  8.36%  74.3 1402s
 1260710 1152343   19.15886   67   21   17.71683   19.19661  8.35%  74.3 1406s
 1264801 1152398   19.19657   65   18   17.71683   19.19657  8.35%  74.3 1412s
 1264836 1152426   19.19657   66   17   17.71683   19.19657  8.35%  74.3 1417s
H1264839 1141028                      17.7857491   19.19657  7.93%  74.3 1418s
H1264843 1136249                      17.8119097   19.19657  7.77%  74.3 1418s
H1264853 1058367                      18.1223793   19.19657  5.93%  74.3 1418s
H1264856 1037924                      18.1824261   19.19657  5.58%  74.3 1418s
H1264871 1037170                      18.1844832   19.19657  5.57%  74.3 1418s
 1264872 1040541   19.19657   67   15   18.18448   19.19657  5.57%  74.3 1423s
 1268940 1043753   19.18087   62   20   18.18448   19.19487  5.56%  74.3 1427s
 1272855 1046864   18.21759   66   15   18.18448   19.19409  5.55%  74.3 1431s
 1276725 1049618     cutoff   63        18.18448   19.19355  5.55%  74.2 1436s
 1280244 1052975   19.13913   59   24   18.18448   19.19062  5.53%  74.2 1440s
 1287906 1058740   19.18795   71   13   18.18448   19.18795  5.52%  74.2 1449s
 1291719 1061888   19.14767   75   18   18.18448   19.18795  5.52%  74.2 1453s
 1295635 1065223   19.17230   61   22   18.18448   19.18692  5.51%  74.1 1458s
 1299828 1068249   19.18381   64   22   18.18448   19.18381  5.50%  74.1 1462s
 1303660 1071484   18.76120   67   20   18.18448   19.18099  5.48%  74.1 1465s
 1307693 1071533   19.17951   58   13   18.18448   19.17951  5.47%  74.0 1473s
 1307733 1071846   19.17951   59   21   18.18448   19.17951  5.47%  74.0 1477s
 1308135 1073229   19.17951   69   13   18.18448   19.17951  5.47%  74.0 1481s
 1309884 1076675   19.17951   69   14   18.18448   19.17951  5.47%  74.0 1486s
 1314184 1080319   19.17802   62   26   18.18448   19.17802  5.46%  74.0 1492s
 1318747 1084385   19.17282   58   23   18.18448   19.17463  5.45%  73.9 1497s
 1323758 1087688   18.94615   62   21   18.18448   19.17372  5.44%  73.9 1502s
 1327822 1091220   19.14865   73   19   18.18448   19.17090  5.42%  73.8 1507s
 1332073 1094076   19.17046   67   17   18.18448   19.17046  5.42%  73.8 1511s
 1335620 1097535   19.16863   59   15   18.18448   19.16863  5.41%  73.8 1516s
 1339902 1100341   19.16743   75   12   18.18448   19.16743  5.41%  73.8 1520s
 1343397 1103711   19.03661   78   19   18.18448   19.16743  5.41%  73.8 1525s
 1351812 1110319   18.63291   68   17   18.18448   19.16328  5.38%  73.7 1534s
 1355967 1113702   19.16328   73   16   18.18448   19.16328  5.38%  73.7 1538s
 1360125 1116606     cutoff   71        18.18448   19.15991  5.36%  73.6 1542s
 1363610 1119573   19.15991   70   18   18.18448   19.15991  5.36%  73.7 1546s
 1367197 1122756   19.15144   64   23   18.18448   19.15918  5.36%  73.7 1550s
 1374782 1129013   19.15746   68   17   18.18448   19.15746  5.35%  73.7 1558s
 1378949 1132195   18.22517   64   26   18.18448   19.15638  5.34%  73.7 1563s
 1382912 1135569   19.15148   73   19   18.18448   19.15506  5.34%  73.7 1567s
 1386994 1138682   18.96583   69   21   18.18448   19.15416  5.33%  73.6 1571s
 1390843 1141923   19.15304   72   19   18.18448   19.15304  5.33%  73.6 1576s
 1394814 1145029   19.14360   61   27   18.18448   19.15246  5.32%  73.6 1580s
 1402670 1151043   18.67836   63   24   18.18448   19.14832  5.30%  73.6 1588s
 1406345 1154443   19.12369   61   22   18.18448   19.14832  5.30%  73.6 1593s
 1410543 1157459   18.78641   63   21   18.18448   19.14773  5.30%  73.6 1597s
 1414245 1160344   19.14728   64   21   18.18448   19.14728  5.29%  73.5 1601s
 1417918 1163365   19.00503   60   26   18.18448   19.14551  5.28%  73.5 1605s
 1425673 1169252   19.05247   62   23   18.18448   19.14327  5.27%  73.5 1614s
 1429165 1169391   19.13459   65   23   18.18448   19.14223  5.27%  73.5 1617s
 1429377 1170702   19.12774   66   21   18.18448   19.14223  5.27%  73.5 1621s
 1431024 1175018   19.10988   59   29   18.18448   19.14223  5.27%  73.5 1628s
 1436480 1179028   19.14049   63   17   18.18448   19.14049  5.26%  73.5 1633s
 1441473 1182941     cutoff   61        18.18448   19.13825  5.24%  73.5 1638s
 1446219 1186039   19.13720   66   12   18.18448   19.13720  5.24%  73.5 1643s
 1450158 1189508   19.13620   61   21   18.18448   19.13673  5.24%  73.5 1647s
 1454638 1192480   18.46111   64   18   18.18448   19.13451  5.22%  73.5 1652s
 1458293 1195675   19.13373   69   18   18.18448   19.13373  5.22%  73.5 1656s
 1466198 1201708   19.13225   60   28   18.18448   19.13225  5.21%  73.5 1664s
 1469980 1204688   19.12937   66   20   18.18448   19.13043  5.20%  73.5 1668s
 1473810 1207859   19.09973   69   23   18.18448   19.12995  5.20%  73.4 1672s
 1477705 1210960   19.02108   79   14   18.18448   19.12833  5.19%  73.4 1677s
 1481553 1214281   19.02027   63   19   18.18448   19.12718  5.18%  73.4 1681s
 1485679 1217613   19.12499   62   15   18.18448   19.12499  5.17%  73.4 1686s
 1493217 1223493     cutoff   70        18.18448   19.12305  5.16%  73.4 1693s
 1497115 1226341   18.84470   64   22   18.18448   19.12298  5.16%  73.4 1697s
 1500724 1226368   19.12093   67   23   18.18448   19.12172  5.15%  73.4 1701s
 1500799 1226419   19.08559   64   20   18.18448   19.12065  5.15%  73.4 1709s
H1500810 1191400                      18.2606791   19.12065  4.71%  73.4 1709s
 1500838 1194333   19.12065   65   20   18.26068   19.12065  4.71%  73.4 1713s
 1504670 1197294   19.11124   57   25   18.26068   19.12019  4.71%  73.4 1718s
 1508581 1200541   19.11869   64   17   18.26068   19.11949  4.70%  73.4 1722s
 1512793 1203443   18.26819   56   14   18.26068   19.11808  4.70%  73.4 1726s
 1516420 1206449     cutoff   56        18.26068   19.11808  4.70%  73.4 1730s
 1524077 1212410     cutoff   59        18.26068   19.11731  4.69%  73.4 1736s
 1527902 1214958   19.11600   62   13   18.26068   19.11600  4.68%  73.4 1741s
 1531339 1218194   19.11537   54   18   18.26068   19.11537  4.68%  73.4 1745s
 1539366 1224192   19.10277   66   20   18.26068   19.11401  4.67%  73.4 1753s
 1543249 1226771   19.10932   60   22   18.26068   19.11296  4.67%  73.4 1757s
 1546771 1229774   19.11197   58   20   18.26068   19.11197  4.66%  73.4 1761s
 1550689 1232305     cutoff   59        18.26068   19.11080  4.66%  73.4 1765s
 1558283 1238156   18.96000   57   19   18.26068   19.10860  4.64%  73.4 1774s
 1561887 1241456   19.08289   61   26   18.26068   19.10842  4.64%  73.4 1779s
 1566131 1244721   18.31621   58   25   18.26068   19.10671  4.63%  73.4 1783s
 1570399 1247564   19.10591   54   18   18.26068   19.10591  4.63%  73.4 1787s
 1574132 1250010   19.10591   59   17   18.26068   19.10591  4.63%  73.4 1791s
 1577495 1252959   19.08307   66   19   18.26068   19.10425  4.62%  73.4 1796s
 1584957 1255886   18.27652   57   26   18.26068   19.10192  4.61%  73.4 1804s
 1585000 1255911   19.10175   55   15   18.26068   19.10175  4.61%  73.4 1807s
 1585037 1256032   19.10175   56   21   18.26068   19.10175  4.61%  73.4 1811s
 1585206 1257784   19.10175   59   20   18.26068   19.10175  4.61%  73.4 1815s
 1587407 1261360   19.10118   58    8   18.26068   19.10118  4.60%  73.4 1820s
 1596280 1268237   18.87589   63   23   18.26068   19.09999  4.60%  73.4 1829s
 1600871 1271276     cutoff   61        18.26068   19.09996  4.60%  73.4 1833s
 1604755 1274592     cutoff   60        18.26068   19.09873  4.59%  73.4 1837s
 1609119 1277453   19.09822   56   20   18.26068   19.09822  4.59%  73.4 1842s
 1612964 1280214   19.09435   63   23   18.26068   19.09822  4.59%  73.4 1846s
 1620794 1286120   19.09677   63   20   18.26068   19.09677  4.58%  73.4 1852s
 1624295 1289066   19.08731   69   19   18.26068   19.09578  4.57%  73.4 1856s
 1628213 1292041     cutoff   70        18.26068   19.09401  4.56%  73.4 1860s
 1635924 1298200   19.09132   59   21   18.26068   19.09132  4.55%  73.4 1867s
 1639937 1301114   19.08552   63   21   18.26068   19.09036  4.54%  73.4 1871s
 1643656 1303957   18.71109   52   28   18.26068   19.09010  4.54%  73.4 1875s
 1651202 1309780   19.01343   61   13   18.26068   19.08823  4.53%  73.5 1881s
 1655095 1312582   19.03305   67   26   18.26068   19.08816  4.53%  73.5 1886s
 1662521 1318208   18.31358   68   18   18.26068   19.08618  4.52%  73.5 1893s
 1666156 1321428   18.31362   69   13   18.26068   19.08563  4.52%  73.5 1898s
 1670350 1324207   18.96143   62   23   18.26068   19.08471  4.51%  73.5 1901s
 1673953 1327178     cutoff   63        18.26068   19.08374  4.51%  73.5 1905s
 1681659 1333230   18.73546   56   27   18.26068   19.08209  4.50%  73.5 1913s
 1685835 1335989   18.96566   63   21   18.26068   19.08208  4.50%  73.5 1917s
 1689499 1338952   19.00256   70   18   18.26068   19.08118  4.49%  73.5 1922s
 1693479 1342068     cutoff   62        18.26068   19.08051  4.49%  73.5 1926s
 1697512 1344671     cutoff   68        18.26068   19.07904  4.48%  73.5 1930s
 1705126 1350171     cutoff   60        18.26068   19.07718  4.47%  73.5 1938s
 1708554 1353259   19.07626   70   18   18.26068   19.07626  4.47%  73.5 1943s
 1712752 1356111   18.69304   75   13   18.26068   19.07615  4.47%  73.5 1947s
 1716463 1359139   19.07453   58   14   18.26068   19.07453  4.46%  73.5 1951s
 1720473 1362149   19.07407   61   20   18.26068   19.07453  4.46%  73.5 1955s
 1728274 1367912   19.06054   62   24   18.26068   19.07152  4.44%  73.5 1963s
 1731916 1370753   19.07019   62   19   18.26068   19.07079  4.44%  73.5 1967s
 1735652 1373635   19.03573   64   21   18.26068   19.07079  4.44%  73.5 1971s
 1739469 1376488   19.06667   62   22   18.26068   19.06988  4.43%  73.5 1975s
 1747535 1382109   19.06883   60   17   18.26068   19.06883  4.43%  73.5 1983s
 1751122 1384872   19.06690   63   11   18.26068   19.06690  4.42%  73.5 1987s
 1754796 1387786   19.06688   54   22   18.26068   19.06688  4.41%  73.5 1991s
 1758745 1390991   18.80964   59   27   18.26068   19.06655  4.41%  73.5 1995s
 1766593 1396743   19.06523   65   22   18.26068   19.06523  4.41%  73.5 2003s
 1770406 1399523   19.06436   64   22   18.26068   19.06439  4.40%  73.5 2008s
 1774236 1402372   18.72405   62   18   18.26068   19.06331  4.40%  73.5 2012s
 1777958 1405196     cutoff   64        18.26068   19.06318  4.39%  73.5 2017s
 1781790 1408022   19.04216   63   29   18.26068   19.06188  4.39%  73.5 2021s
 1785915 1410675     cutoff   67        18.26068   19.06031  4.38%  73.5 2026s
 1793859 1415895   19.05893   60   12   18.26068   19.05893  4.37%  73.5 2033s
 1797249 1419340   19.05827   63   22   18.26068   19.05828  4.37%  73.5 2038s
 1801909 1422030   19.05610   65   21   18.26068   19.05610  4.36%  73.5 2042s
 1805655 1424924     cutoff   65        18.26068   19.05492  4.35%  73.5 2047s
 1809728 1427376   18.29619   64   23   18.26068   19.05375  4.34%  73.5 2051s
 1813246 1430098   18.98810   68   22   18.26068   19.05222  4.33%  73.5 2055s
 1817190 1432946   18.98557   58   20   18.26068   19.05116  4.33%  73.4 2060s
 1821343 1435856   19.04915   58   26   18.26068   19.04922  4.32%  73.4 2065s
 1828843 1441372   18.34939   65   25   18.26068   19.04852  4.31%  73.4 2073s
 1833072 1444468   18.96099   65   22   18.26068   19.04762  4.31%  73.4 2078s
 1837360 1447360   19.02698   67   20   18.26068   19.04607  4.30%  73.4 2082s
 1841207 1450274   19.04452   60   26   18.26068   19.04453  4.29%  73.4 2086s
 1848860 1455826   19.04348   60   17   18.26068   19.04348  4.29%  73.4 2093s
 1852964 1455844   19.04296   69   16   18.26068   19.04315  4.28%  73.4 2097s
 1853009 1455872   18.91446   70   15   18.26068   19.04232  4.28%  73.4 2100s
 1853085 1455913   19.04218   61   14   18.26068   19.04218  4.28%  73.4 2109s
H1853105 1455909                      18.2606898   19.04218  4.28%  73.4 2110s
 1853132 1458694   19.04218   62   18   18.26069   19.04218  4.28%  73.4 2115s
 1860481 1463952   19.03720   64   24   18.26069   19.04109  4.27%  73.4 2123s
 1864288 1466552   19.00669   68   19   18.26069   19.04028  4.27%  73.4 2128s
 1867950 1466567   18.99461   65   26   18.26069   19.03944  4.26%  73.4 2132s
 1867999 1466586   18.69626   73   16   18.26069   19.03906  4.26%  73.4 2136s
 1868044 1466992   18.65457   68   18   18.26069   19.03906  4.26%  73.4 2140s
H1868193 1447130                      18.2922404   19.03906  4.08%  73.4 2140s
 1868565 1450257   19.03906   69   15   18.29224   19.03906  4.08%  73.4 2146s
 1873121 1453507   19.03435   65   15   18.29224   19.03827  4.08%  73.4 2151s
 1877839 1456403   18.47007   64   20   18.29224   19.03693  4.07%  73.4 2156s
 1882045 1459138   18.78483   60   30   18.29224   19.03398  4.05%  73.4 2160s
 1886045 1461971     cutoff   69        18.29224   19.03375  4.05%  73.4 2165s
 1893897 1467490   18.79890   58   24   18.29224   19.03129  4.04%  73.4 2172s
 1897552 1470152   19.02446   71   17   18.29224   19.03104  4.04%  73.4 2176s
 1901386 1472665   19.02672   69   17   18.29224   19.03094  4.04%  73.4 2180s
 1908163 1477743   18.95106   71   13   18.29224   19.02873  4.03%  73.4 2189s
 1912138 1480282   18.69395   68   21   18.29224   19.02873  4.03%  73.4 2193s
 1915757 1483013   18.95445   67   17   18.29224   19.02740  4.02%  73.4 2198s
 1919701 1485525   19.02647   68   24   18.29224   19.02653  4.01%  73.4 2202s
 1923475 1488237   19.02357   61   22   18.29224   19.02602  4.01%  73.4 2207s
 1927369 1490743   18.46687   62   22   18.29224   19.02402  4.00%  73.4 2211s
 1930922 1493593   19.02359   62   21   18.29224   19.02359  4.00%  73.4 2215s
 1935026 1496286   19.02195   66   18   18.29224   19.02249  3.99%  73.4 2220s
 1942947 1501891   18.68758   67   17   18.29224   19.02132  3.99%  73.4 2228s
 1946794 1504183   18.99778   52   34   18.29224   19.02112  3.98%  73.4 2233s
 1949889 1507558   18.96671   62   23   18.29224   19.01938  3.98%  73.4 2238s
 1954451 1510228     cutoff   56        18.29224   19.01877  3.97%  73.4 2242s
 1958477 1513112   19.01758   69   15   18.29224   19.01758  3.97%  73.4 2247s
 1962691 1515907     cutoff   67        18.29224   19.01642  3.96%  73.4 2251s
 1966416 1518705   19.01535   59   24   18.29224   19.01535  3.95%  73.4 2255s
 1970395 1521666   18.97205   66   27   18.29224   19.01509  3.95%  73.4 2260s
 1978562 1527072   19.01477   55   19   18.29224   19.01477  3.95%  73.4 2269s
 1982366 1529667   19.01381   67   18   18.29224   19.01381  3.94%  73.4 2273s
 1986188 1532308   19.01293   56   15   18.29224   19.01293  3.94%  73.4 2278s
 1989898 1535002   18.99450   62   20   18.29224   19.01219  3.94%  73.4 2282s
 1993626 1537411   19.01123   67   16   18.29224   19.01123  3.93%  73.4 2287s
 1997154 1540146   18.84983   63   22   18.29224   19.01083  3.93%  73.4 2292s
 2001219 1542876   19.01007   68   15   18.29224   19.01007  3.92%  73.4 2296s
 2005171 1545508   18.38924   63   21   18.29224   19.00910  3.92%  73.4 2301s
 2008908 1548118   18.86127   68   21   18.29224   19.00825  3.91%  73.4 2305s
 2012706 1550771   18.98710   66   21   18.29224   19.00737  3.91%  73.4 2310s
 2020229 1556030     cutoff   60        18.29224   19.00628  3.90%  73.4 2319s
 2024139 1558603   18.96418   66   19   18.29224   19.00562  3.90%  73.4 2323s
 2027896 1560999     cutoff   70        18.29224   19.00562  3.90%  73.4 2327s
 2031353 1563919   18.60531   73   16   18.29224   19.00392  3.89%  73.3 2332s
 2035578 1566555   18.99804   60   27   18.29224   19.00354  3.89%  73.3 2337s
 2039453 1569122   19.00244   66   22   18.29224   19.00244  3.88%  73.3 2341s
 2043205 1571964   18.89979   68   17   18.29224   19.00119  3.88%  73.3 2346s
 2047176 1574566     cutoff   66        18.29224   19.00103  3.87%  73.3 2350s
 2050782 1577242     cutoff   61        18.29224   19.00079  3.87%  73.3 2355s
 2054762 1579897     cutoff   63        18.29224   19.00011  3.87%  73.3 2360s
 2062377 1584993   18.99862   61   19   18.29224   18.99862  3.86%  73.3 2369s
 2065993 1587661     cutoff   63        18.29224   18.99793  3.86%  73.3 2374s
 2069895 1590215   18.99727   65   28   18.29224   18.99747  3.86%  73.3 2378s
 2073462 1593043   18.87474   68   23   18.29224   18.99580  3.85%  73.3 2383s
 2077530 1595705   18.99306   66   17   18.29224   18.99514  3.84%  73.3 2388s
 2081359 1598082   18.99484   58   16   18.29224   18.99484  3.84%  73.2 2391s
 2084868 1600700   18.33764   62   24   18.29224   18.99484  3.84%  73.2 2395s
 2088784 1603184     cutoff   60        18.29224   18.99452  3.84%  73.3 2400s
 2092427 1605923   18.99376   61   23   18.29224   18.99376  3.84%  73.3 2405s
 2100488 1610682   18.92905   64   23   18.29224   18.99179  3.82%  73.2 2414s
 2103729 1613573   18.98967   60   18   18.29224   18.99115  3.82%  73.2 2419s
 2108059 1616145     cutoff   62        18.29224   18.98989  3.81%  73.2 2424s
 2112001 1618615     cutoff   62        18.29224   18.98981  3.81%  73.2 2430s
 2115963 1620970   18.98859   64   18   18.29224   18.98859  3.81%  73.2 2435s
 2119728 1623550   18.33039   72   20   18.29224   18.98692  3.80%  73.1 2441s
 2123600 1626221   18.63390   74   14   18.29224   18.98601  3.79%  73.1 2446s
 2127806 1629074   18.57684   71   14   18.29224   18.98489  3.79%  73.1 2451s
 2131848 1631339     cutoff   61        18.29224   18.98434  3.78%  73.1 2456s
 2135232 1633881   18.98399   72   17   18.29224   18.98399  3.78%  73.1 2462s
 2139192 1633896     cutoff   67        18.29224   18.98271  3.77%  73.0 2466s
 2139237 1633920   18.81548   71   21   18.29224   18.98242  3.77%  73.0 2470s
H2139280 1634189                      18.2922408   18.98231  3.77%  73.0 2475s
 2139687 1636797   18.98229   55   15   18.29224   18.98229  3.77%  73.0 2480s
 2143639 1639725   18.97694   63   22   18.29224   18.98229  3.77%  73.0 2486s
 2148129 1642663   18.98167   60   16   18.29224   18.98167  3.77%  73.0 2492s
 2152569 1645543   18.98113   61   20   18.29224   18.98113  3.77%  73.0 2498s
 2157038 1648221   18.88080   60   22   18.29224   18.98017  3.76%  73.0 2503s
 2161245 1650666   18.97490   66   20   18.29224   18.97893  3.75%  72.9 2508s
 2164893 1653428   18.97840   73   14   18.29224   18.97840  3.75%  72.9 2512s
 2168937 1655743   18.94369   60   23   18.29224   18.97786  3.75%  72.9 2517s
 2172543 1658281     cutoff   63        18.29224   18.97767  3.75%  72.9 2522s
 2176478 1660565   18.97734   66   20   18.29224   18.97734  3.75%  72.9 2527s
 2180068 1663650   18.75500   71   13   18.29224   18.97569  3.74%  72.9 2532s
 2184328 1666317     cutoff   64        18.29224   18.97556  3.74%  72.9 2536s
 2188312 1668562     cutoff   66        18.29224   18.97534  3.73%  72.9 2541s
 2191528 1671080   18.95466   59   23   18.29224   18.97520  3.73%  72.9 2546s
 2195185 1673630   18.66234   68   20   18.29224   18.97424  3.73%  72.9 2550s
 2199132 1676396     cutoff   58        18.29224   18.97393  3.73%  72.9 2555s
 2206786 1680908   18.97259   59   21   18.29224   18.97334  3.72%  72.9 2564s
 2210294 1683472   18.97307   63   15   18.29224   18.97307  3.72%  72.9 2569s
 2214220 1685876   18.61298   72   15   18.29224   18.97215  3.72%  72.8 2575s
 2217891 1688410   18.97148   64   13   18.29224   18.97148  3.71%  72.8 2580s
 2221814 1690581     cutoff   59        18.29224   18.97044  3.71%  72.8 2586s
 2225293 1692808     cutoff   71        18.29224   18.97021  3.71%  72.8 2591s
 2229022 1695524   18.69812   70   15   18.29224   18.96889  3.70%  72.7 2597s
 2233276 1697916     cutoff   65        18.29224   18.96786  3.69%  72.7 2603s
 2237273 1700192   18.93146   65   18   18.29224   18.96680  3.69%  72.7 2608s
 2241018 1702653   18.96663   61   22   18.29224   18.96663  3.69%  72.6 2614s
 2244763 1703513   18.84648   59   20   18.29224   18.96589  3.68%  72.6 2619s
 2246213 1704572   18.96589   59   20   18.29224   18.96589  3.68%  72.6 2624s
H2246389 1704572                      18.2922408   18.96589  3.68%  72.6 2624s
 2247903 1706512   18.96589   60   19   18.29224   18.96589  3.68%  72.6 2630s
 2251005 1707893   18.84648   61   19   18.29224   18.96589  3.68%  72.6 2635s
H2253216 1710462                      18.2922409   18.96561  3.68%  72.6 2643s
 2257346 1713681   18.96434   69   21   18.29224   18.96561  3.68%  72.6 2650s
 2262513 1716413   18.90469   66   22   18.29224   18.96409  3.67%  72.5 2656s
 2266770 1719248   18.90263   68   20   18.29224   18.96280  3.67%  72.5 2662s
 2271354 1722036   18.70155   70   22   18.29224   18.96141  3.66%  72.5 2669s
 2275746 1724653   18.96116   63   19   18.29224   18.96116  3.66%  72.5 2674s
 2279878 1726671   18.46877   50   18   18.29224   18.96049  3.65%  72.5 2680s
 2283216 1729369     cutoff   57        18.29224   18.96049  3.65%  72.4 2685s
 2287440 1731902   18.95942   66   17   18.29224   18.95942  3.65%  72.4 2691s
 2291509 1734028   18.81688   74   15   18.29224   18.95869  3.64%  72.4 2696s
 2295105 1736562   18.86255   73   15   18.29224   18.95790  3.64%  72.4 2702s
 2299025 1738921   18.90117   68   22   18.29224   18.95776  3.64%  72.4 2708s
 2302982 1741410   18.50921   67   16   18.29224   18.95661  3.63%  72.3 2714s
 2307091 1743746   18.73682   70   13   18.29224   18.95591  3.63%  72.3 2719s
 2308889 1743746   18.81960   67   22   18.29224   18.95580  3.63%  72.3 2720s
 2310854 1746066     cutoff   70        18.29224   18.95567  3.63%  72.3 2725s
 2314484 1748144   18.95257   62   30   18.29224   18.95501  3.62%  72.2 2731s
 2318059 1750457   18.90499   70   19   18.29224   18.95501  3.62%  72.2 2737s
 2321852 1752945   18.36206   74   16   18.29224   18.95332  3.61%  72.2 2742s
 2325764 1755461   18.81959   65   21   18.29224   18.95328  3.61%  72.2 2748s
 2329810 1758069     cutoff   68        18.29224   18.95241  3.61%  72.1 2753s
 2333782 1760719   18.95235   60   19   18.29224   18.95235  3.61%  72.1 2759s
 2337840 1763053   18.93421   64   21   18.29224   18.95235  3.61%  72.1 2764s
 2341503 1765476   18.66365   69   18   18.29224   18.95101  3.60%  72.1 2769s
 2345117 1767863     cutoff   67        18.29224   18.95063  3.60%  72.1 2774s
 2348841 1770301   18.95063   58   15   18.29224   18.95063  3.60%  72.1 2779s
 2352833 1772409   18.75839   60   27   18.29224   18.95011  3.60%  72.1 2785s
 2356371 1774737     cutoff   59        18.29224   18.94951  3.59%  72.0 2790s
 2360103 1777217   18.94932   68   18   18.29224   18.94932  3.59%  72.0 2796s
 2364182 1779711   18.36003   62   12   18.29224   18.94932  3.59%  72.0 2802s
 2368209 1782112   18.78205   73   13   18.29224   18.94792  3.58%  72.0 2807s
 2371984 1784349   18.37831   60   31   18.29224   18.94769  3.58%  72.0 2812s
 2375552 1786479     cutoff   61        18.29224   18.94698  3.58%  71.9 2818s
 2379121 1789165   18.86708   69   20   18.29224   18.94634  3.58%  71.9 2824s
 2383249 1791724     cutoff   73        18.29224   18.94587  3.57%  71.9 2829s
 2387195 1794108   18.94402   63   27   18.29224   18.94557  3.57%  71.9 2834s
 2391131 1796632   18.89965   68   17   18.29224   18.94557  3.57%  71.8 2840s
 2395308 1798871     cutoff   61        18.29224   18.94504  3.57%  71.8 2845s
 2398810 1801133   18.94469   62   25   18.29224   18.94470  3.57%  71.8 2851s
 2402658 1803048   18.94357   60   19   18.29224   18.94357  3.56%  71.8 2857s
 2406039 1805414     cutoff   75        18.29224   18.94296  3.56%  71.8 2863s
 2410118 1807674   18.50520   69   13   18.29224   18.94233  3.55%  71.7 2869s
 2413855 1807692   18.94199   64   13   18.29224   18.94199  3.55%  71.7 2873s
 2413897 1807715   18.94199   65   16   18.29224   18.94199  3.55%  71.7 2878s
 2413938 1807810   18.94173   66   19   18.29224   18.94199  3.55%  71.7 2881s
H2414001 1807810                      18.2922410   18.94199  3.55%  71.7 2882s
 2414075 1810244   18.94199   69   18   18.29224   18.94199  3.55%  71.7 2887s
 2417730 1812920   18.37658   64   21   18.29224   18.94184  3.55%  71.7 2892s
 2421686 1815739   18.94146   58   15   18.29224   18.94146  3.55%  71.7 2898s
 2426177 1818343     cutoff   71        18.29224   18.94087  3.55%  71.7 2904s
 2430397 1820871   18.86385   63   17   18.29224   18.94072  3.55%  71.7 2909s
 2434422 1823022     cutoff   63        18.29224   18.94014  3.54%  71.6 2915s
 2437936 1825341     cutoff   59        18.29224   18.93977  3.54%  71.6 2920s
 2441737 1827522   18.71467   63   21   18.29224   18.93935  3.54%  71.6 2926s
 2445491 1829771   18.49317   76   10   18.29224   18.93865  3.53%  71.6 2932s
 2449385 1832242   18.93047   60   25   18.29224   18.93799  3.53%  71.5 2938s
 2453445 1834591   18.35967   72   16   18.29224   18.93765  3.53%  71.5 2944s
 2457371 1837035   18.45267   75   16   18.29224   18.93724  3.53%  71.5 2949s
 2461279 1839334   18.63040   69   18   18.29224   18.93666  3.52%  71.5 2955s
 2465088 1841376   18.93620   59   15   18.29224   18.93620  3.52%  71.4 2960s
 2468458 1843867   18.46573   77   11   18.29224   18.93577  3.52%  71.4 2966s
 2472374 1846168     cutoff   61        18.29224   18.93564  3.52%  71.4 2972s
 2476377 1848551   18.64425   70   17   18.29224   18.93489  3.51%  71.4 2978s
 2480463 1850748   18.91192   72   19   18.29224   18.93423  3.51%  71.3 2984s
 2484076 1853212   18.82431   68   18   18.29224   18.93399  3.51%  71.3 2991s
 2488192 1855622   18.56991   72   18   18.29224   18.93333  3.50%  71.3 2997s
 2492350 1857975   18.85590   70   15   18.29224   18.93276  3.50%  71.3 3002s
 2496157 1860091   18.65566   63   18   18.29224   18.93253  3.50%  71.2 3008s
 2499558 1862380   18.92998   62   18   18.29224   18.93204  3.50%  71.2 3013s
 2503233 1864972     cutoff   67        18.29224   18.93183  3.50%  71.2 3019s
 2507402 1867506   18.86307   71   19   18.29224   18.93149  3.49%  71.2 3025s
 2511420 1869885   18.69062   60   18   18.29224   18.93067  3.49%  71.2 3030s
 2515080 1872155   18.79857   57   23   18.29224   18.93055  3.49%  71.2 3036s
 2518927 1874626   18.38413   70   16   18.29224   18.92997  3.49%  71.1 3043s
 2523108 1877274   18.53436   70   15   18.29224   18.92939  3.48%  71.1 3048s
 2527348 1879365   18.92916   57   20   18.29224   18.92916  3.48%  71.1 3053s
 2530542 1882052   18.91823   64   14   18.29224   18.92916  3.48%  71.1 3059s
 2534891 1884678   18.92834   60   24   18.29224   18.92834  3.48%  71.0 3064s
 2538909 1887035   18.92144   64   17   18.29224   18.92824  3.48%  71.0 3070s
 2542667 1889376   18.90441   71   18   18.29224   18.92795  3.48%  71.0 3075s
 2546427 1891545   18.92741   59   18   18.29224   18.92741  3.47%  71.0 3081s
 2550165 1893973   18.85166   78   18   18.29224   18.92686  3.47%  71.0 3087s
 2554206 1896377   18.91267   66   22   18.29224   18.92621  3.47%  71.0 3092s
 2558185 1898262   18.78063   69   15   18.29224   18.92589  3.46%  70.9 3098s
 2561399 1901104   18.92556   56   18   18.29224   18.92556  3.46%  70.9 3104s
 2565977 1903354   18.92555   67   17   18.29224   18.92556  3.46%  70.9 3109s
 2569729 1905493   18.92536   64   20   18.29224   18.92541  3.46%  70.9 3115s
 2573501 1907637     cutoff   57        18.29224   18.92429  3.46%  70.9 3121s
 2577246 1909724     cutoff   64        18.29224   18.92397  3.45%  70.8 3126s
 2580837 1912194     cutoff   73        18.29224   18.92348  3.45%  70.8 3132s
 2585086 1914606   18.92166   62   26   18.29224   18.92313  3.45%  70.8 3138s
 2588992 1916543   18.88740   70   20   18.29224   18.92239  3.44%  70.8 3143s
 2592320 1918841   18.59923   68   22   18.29224   18.92205  3.44%  70.7 3150s
 2596200 1921152   18.87613   73   15   18.29224   18.92146  3.44%  70.7 3155s
 2600061 1923452   18.92123   70   17   18.29224   18.92123  3.44%  70.7 3161s
 2604059 1925752   18.92105   54   14   18.29224   18.92105  3.44%  70.7 3167s
 2607956 1925774     cutoff   70        18.29224   18.92023  3.43%  70.6 3171s
 2607997 1925801   18.92022   59   12   18.29224   18.92022  3.43%  70.6 3175s
 2608093 1925927   18.92022   61   14   18.29224   18.92022  3.43%  70.6 3184s
 2608250 1926461   18.92022   62   20   18.29224   18.92022  3.43%  70.6 3190s
 2609105 1928515     cutoff   64        18.29224   18.92022  3.43%  70.6 3197s
 2612624 1931198     cutoff   68        18.29224   18.91997  3.43%  70.6 3204s
 2617136 1933803   18.47009   69   14   18.29224   18.91958  3.43%  70.6 3211s
 2621603 1935998     cutoff   68        18.29224   18.91875  3.42%  70.6 3217s
 2625211 1938313   18.83966   59   21   18.29224   18.91848  3.42%  70.5 3222s
 2629115 1940343   18.91839   50   22   18.29224   18.91839  3.42%  70.5 3228s
 2632822 1942373   18.87415   67   19   18.29224   18.91774  3.42%  70.5 3234s
 2636313 1944608   18.91711   71   17   18.29224   18.91711  3.42%  70.5 3240s
 2640244 1946918     cutoff   71        18.29224   18.91660  3.41%  70.4 3245s
 2644001 1949288   18.91654   54   23   18.29224   18.91654  3.41%  70.4 3251s
 2647997 1951683   18.91570   58   18   18.29224   18.91570  3.41%  70.4 3257s
 2652028 1953687   18.40993   67   17   18.29224   18.91570  3.41%  70.4 3262s
 2655387 1955899     cutoff   60        18.29224   18.91513  3.41%  70.4 3268s
 2659266 1958377   18.76466   66   18   18.29224   18.91474  3.40%  70.3 3274s
 2663374 1959540   18.91439   56   12   18.29224   18.91439  3.40%  70.3 3278s
 2665226 1960878   18.91439   57   16   18.29224   18.91439  3.40%  70.3 3284s
 2667452 1963444   18.91439   60   19   18.29224   18.91439  3.40%  70.3 3290s
 2671672 1966123   18.91376   57   25   18.29224   18.91376  3.40%  70.3 3298s
 2676213 1968548   18.85670   62   20   18.29224   18.91351  3.40%  70.3 3305s
 2680390 1971209   18.86034   66   18   18.29224   18.91224  3.39%  70.2 3311s
 2684874 1973595     cutoff   62        18.29224   18.91213  3.39%  70.2 3317s
 2688513 1976109   18.91160   54   25   18.29224   18.91160  3.39%  70.2 3321s
 2692374 1978219   18.91138   62   19   18.29224   18.91138  3.38%  70.2 3326s
 2695757 1980719     cutoff   60        18.29224   18.91126  3.38%  70.2 3332s
 2699690 1983376   18.91118   61   23   18.29224   18.91118  3.38%  70.2 3337s
 2703660 1985806   18.38192   60   27   18.29224   18.91076  3.38%  70.2 3343s
 2707536 1988279   18.91030   61   19   18.29224   18.91030  3.38%  70.1 3349s
 2711492 1990698   18.83913   71   17   18.29224   18.91007  3.38%  70.1 3354s
 2715320 1992702   18.90948   63   12   18.29224   18.90948  3.37%  70.1 3359s
 2718525 1995097   18.90948   66   12   18.29224   18.90948  3.37%  70.1 3366s
 2722503 1997771     cutoff   70        18.29224   18.90911  3.37%  70.1 3371s
 2726756 2000065     cutoff   61        18.29224   18.90857  3.37%  70.1 3377s
 2730836 2002173   18.79852   72   11   18.29224   18.90815  3.37%  70.1 3383s
 2734479 2004369     cutoff   62        18.29224   18.90791  3.37%  70.1 3389s
 2738344 2006671   18.81868   68   18   18.29224   18.90745  3.36%  70.0 3395s
 2742378 2008898   18.89572   70   22   18.29224   18.90701  3.36%  70.0 3401s
 2746100 2011256     cutoff   54        18.29224   18.90652  3.36%  70.0 3406s
 2749745 2013449     cutoff   62        18.29224   18.90652  3.36%  70.0 3412s
 2753402 2015794   18.40575   76   13   18.29224   18.90585  3.35%  70.0 3417s
 2757288 2018139   18.90075   66   19   18.29224   18.90550  3.35%  69.9 3423s
 2761147 2020459   18.90550   66   17   18.29224   18.90550  3.35%  69.9 3429s
 2765057 2022565     cutoff   59        18.29224   18.90505  3.35%  69.9 3434s
 2768806 2024708   18.72020   64   27   18.29224   18.90445  3.35%  69.9 3441s
 2772504 2026727   18.77633   66   18   18.29224   18.90424  3.35%  69.9 3447s
 2776224 2028783   18.89600   72   15   18.29224   18.90354  3.34%  69.9 3452s
 2779732 2031110   18.60713   62   22   18.29224   18.90337  3.34%  69.8 3458s
 2783703 2033846   18.90310   63   13   18.29224   18.90310  3.34%  69.8 3463s
 2787759 2036114   18.81798   67   21   18.29224   18.90308  3.34%  69.8 3468s
 2791301 2038579   18.90282   63   17   18.29224   18.90282  3.34%  69.8 3474s
 2795336 2041061   18.38332   60   20   18.29224   18.90221  3.33%  69.8 3478s
 2799131 2043205   18.88639   65   21   18.29224   18.90215  3.33%  69.8 3483s
 2802903 2045494     cutoff   64        18.29224   18.90196  3.33%  69.8 3489s
 2806776 2047463   18.84839   58   25   18.29224   18.90157  3.33%  69.8 3494s
 2810017 2050391   18.90112   58   20   18.29224   18.90112  3.33%  69.8 3499s
 2811817 2050391   18.89790   59   25   18.29224   18.90112  3.33%  69.8 3500s
 2818115 2055228   18.89770   59   30   18.29224   18.90080  3.33%  69.8 3510s
 2822061 2057622   18.87957   59   15   18.29224   18.90064  3.33%  69.8 3516s
 2826036 2060059   18.90064   58   18   18.29224   18.90064  3.33%  69.7 3521s
 2829800 2062176   18.63213   69   20   18.29224   18.90045  3.32%  69.7 3527s
 2833543 2064146   18.39112   73   17   18.29224   18.89939  3.32%  69.7 3533s
 2837192 2066160   18.72271   74   18   18.29224   18.89888  3.32%  69.7 3538s
 2840698 2068406     cutoff   61        18.29224   18.89862  3.31%  69.7 3543s
 2844471 2070522     cutoff   69        18.29224   18.89862  3.31%  69.7 3549s
 2848219 2072734   18.75030   75   18   18.29224   18.89792  3.31%  69.6 3555s
 2852122 2075094   18.89754   69   13   18.29224   18.89754  3.31%  69.6 3561s
 2856060 2077218   18.85727   66   27   18.29224   18.89749  3.31%  69.6 3567s
 2859742 2079478   18.89694   66   18   18.29224   18.89694  3.31%  69.6 3573s
 2863692 2081698   18.88074   62   28   18.29224   18.89658  3.30%  69.6 3579s
 2867601 2083505   18.77613   68   25   18.29224   18.89600  3.30%  69.5 3585s
 2870833 2085792   18.82533   64   18   18.29224   18.89557  3.30%  69.5 3591s
 2875004 2088021   18.83235   69   23   18.29224   18.89512  3.30%  69.5 3597s
 2878948 2090101   18.64253   66   20   18.29224   18.89475  3.29%  69.5 3603s
 2882716 2092242     cutoff   69        18.29224   18.89436  3.29%  69.4 3609s
 2886537 2094439   18.53471   76   11   18.29224   18.89412  3.29%  69.4 3616s
 2890478 2096632   18.89367   70   15   18.29224   18.89367  3.29%  69.4 3622s
 2894525 2098935   18.31877   73   13   18.29224   18.89311  3.28%  69.4 3628s
 2898478 2100867   18.89298   59   22   18.29224   18.89298  3.28%  69.4 3633s
 2901686 2102975   18.84431   65   18   18.29224   18.89298  3.28%  69.4 3639s
 2905392 2105408   18.89209   70   14   18.29224   18.89209  3.28%  69.4 3645s
 2909586 2107607   18.84261   61   20   18.29224   18.89191  3.28%  69.3 3651s
 2913738 2109647     cutoff   81        18.29224   18.89113  3.27%  69.3 3657s
 2917414 2112161   18.89087   60   19   18.29224   18.89087  3.27%  69.3 3663s
 2921716 2114526   18.88679   69   16   18.29224   18.89063  3.27%  69.3 3669s
 2925707 2116653   18.37178   70   15   18.29224   18.89056  3.27%  69.3 3675s
 2929424 2118657   18.70734   72   18   18.29224   18.88976  3.27%  69.3 3681s
 2932814 2120879   18.88949   60   18   18.29224   18.88949  3.27%  69.2 3687s
 2936650 2123178     cutoff   66        18.29224   18.88949  3.27%  69.2 3692s
 2940395 2125501   18.88903   70   17   18.29224   18.88903  3.26%  69.2 3698s
 2944502 2127720   18.88863   59   12   18.29224   18.88863  3.26%  69.2 3704s
 2948211 2130026     cutoff   63        18.29224   18.88863  3.26%  69.2 3710s
 2952336 2132195   18.69822   68   17   18.29224   18.88763  3.25%  69.2 3716s
 2956010 2134625     cutoff   71        18.29224   18.88761  3.25%  69.2 3722s
 2960195 2136595     cutoff   67        18.29224   18.88716  3.25%  69.1 3728s
 2963512 2138960     cutoff   65        18.29224   18.88678  3.25%  69.1 3734s
 2967589 2141294   18.88640   53   34   18.29224   18.88672  3.25%  69.1 3739s
 2971408 2143629   18.88672   57   21   18.29224   18.88672  3.25%  69.1 3745s
 2975335 2145730   18.75275   61   31   18.29224   18.88632  3.25%  69.1 3751s
 2979094 2148040   18.86795   71   18   18.29224   18.88538  3.24%  69.1 3757s
 2983225 2150051   18.79073   66   18   18.29224   18.88490  3.24%  69.0 3763s
 2986885 2152470   18.70214   71   17   18.29224   18.88466  3.24%  69.0 3770s
 2990944 2154395   18.76271   64   16   18.29224   18.88426  3.24%  69.0 3775s
 2993838 2157546     cutoff   61        18.29224   18.88408  3.24%  69.0 3780s
 2998660 2160365   18.85063   72   17   18.29224   18.88388  3.23%  69.0 3785s
 3002873 2162811   18.87422   62   19   18.29224   18.88380  3.23%  69.0 3790s
 3010507 2167114   18.88333   61   30   18.29224   18.88333  3.23%  69.0 3799s
 3014125 2169462   18.71088   64   17   18.29224   18.88291  3.23%  69.0 3805s
 3018136 2171465   18.86370   67   17   18.29224   18.88242  3.23%  69.0 3811s
 3021737 2173292   18.85143   73   16   18.29224   18.88218  3.23%  69.0 3817s
 3025199 2175241   18.85485   64   17   18.29224   18.88174  3.22%  68.9 3823s
 3028665 2178005   18.88149   53   19   18.29224   18.88149  3.22%  68.9 3829s
 3033192 2180102   18.88065   63   23   18.29224   18.88149  3.22%  68.9 3834s
 3036795 2182170   18.47483   74   13   18.29224   18.88078  3.22%  68.9 3840s
 3040744 2184237     cutoff   70        18.29224   18.88061  3.22%  68.9 3846s
 3044700 2186263     cutoff   67        18.29224   18.87992  3.21%  68.9 3852s
 3048377 2188485   18.60019   60   31   18.29224   18.87956  3.21%  68.8 3858s
 3052243 2190364   18.74354   74   15   18.29224   18.87954  3.21%  68.8 3864s
 3055717 2192323     cutoff   68        18.29224   18.87886  3.21%  68.8 3870s
 3059290 2194508   18.87855   59   24   18.29224   18.87855  3.21%  68.8 3876s
 3063205 2197163   18.59620   61   28   18.29224   18.87820  3.20%  68.8 3881s
 3067309 2199488     cutoff   61        18.29224   18.87809  3.20%  68.8 3886s
 3071077 2201729   18.87809   60   21   18.29224   18.87809  3.20%  68.8 3891s
 3075032 2203831   18.69414   73   14   18.29224   18.87737  3.20%  68.8 3897s
 3078895 2206033   18.60270   65   20   18.29224   18.87711  3.20%  68.8 3903s
 3082748 2207841   18.87667   63   20   18.29224   18.87667  3.19%  68.7 3908s
 3085923 2210258     cutoff   68        18.29224   18.87667  3.19%  68.7 3915s
 3090283 2212353   18.55731   57   13   18.29224   18.87627  3.19%  68.7 3921s
 3094024 2214900   18.69740   65   24   18.29224   18.87599  3.19%  68.7 3926s
 3098235 2216923   18.79786   69   17   18.29224   18.87536  3.19%  68.7 3932s
 3101841 2219029   18.87524   57   17   18.29224   18.87524  3.19%  68.7 3938s
 3105688 2221516     cutoff   69        18.29224   18.87461  3.18%  68.6 3944s
 3109838 2224216   18.87433   53   12   18.29224   18.87433  3.18%  68.6 3949s
 3113941 2226491   18.39723   56   21   18.29224   18.87433  3.18%  68.6 3954s
 3117413 2228626   18.87433   60   24   18.29224   18.87433  3.18%  68.6 3960s
 3121071 2230787   18.85037   75   15   18.29224   18.87351  3.18%  68.6 3966s
 3124983 2232872     cutoff   58        18.29224   18.87343  3.18%  68.6 3972s
 3128873 2235062   18.76051   71   16   18.29224   18.87289  3.17%  68.6 3978s
 3132633 2237252   18.85115   60   12   18.29224   18.87246  3.17%  68.6 3984s
 3136490 2239256   18.63670   75   14   18.29224   18.87223  3.17%  68.5 3990s
 3140072 2241727   18.86676   62   26   18.29224   18.87209  3.17%  68.5 3996s
 3144322 2243561   18.75598   65   19   18.29224   18.87160  3.17%  68.5 4002s
 3147754 2245748   18.39880   70   17   18.29224   18.87094  3.16%  68.5 4007s
 3151559 2247719     cutoff   58        18.29224   18.87071  3.16%  68.5 4014s
 3155269 2249896   18.73349   74   12   18.29224   18.87046  3.16%  68.5 4018s
 3159110 2252178     cutoff   69        18.29224   18.86998  3.16%  68.4 4023s
 3163185 2254465   18.53383   60   18   18.29224   18.86967  3.16%  68.4 4027s
 3167336 2256670   18.86932   71   13   18.29224   18.86932  3.15%  68.4 4031s
 3171032 2258854     cutoff   76        18.29224   18.86932  3.15%  68.4 4036s
 3175070 2260652   18.58800   69   20   18.29224   18.86873  3.15%  68.4 4040s
 3182324 2265404   18.57007   63   16   18.29224   18.86844  3.15%  68.4 4049s
 3186459 2267745     cutoff   72        18.29224   18.86809  3.15%  68.4 4053s
 3190175 2269582   18.86799   60   16   18.29224   18.86799  3.15%  68.4 4058s
 3193796 2271682   18.32272   61   16   18.29224   18.86740  3.14%  68.4 4062s
 3197550 2274216   18.51825   57   14   18.29224   18.86689  3.14%  68.3 4067s
 3201765 2276495   18.86689   57   30   18.29224   18.86689  3.14%  68.3 4071s
 3205460 2278358   18.42993   59   27   18.29224   18.86671  3.14%  68.3 4075s
 3209005 2280402     cutoff   72        18.29224   18.86590  3.14%  68.3 4080s
 3216535 2284391   18.54082   62   21   18.29224   18.86531  3.13%  68.3 4089s
 3220290 2286547     cutoff   60        18.29224   18.86493  3.13%  68.3 4093s
 3224191 2288416   18.80995   60   29   18.29224   18.86479  3.13%  68.3 4098s
 3227739 2290588   18.63861   70   16   18.29224   18.86424  3.13%  68.2 4103s
 3231775 2292816   18.76793   64   22   18.29224   18.86375  3.12%  68.2 4107s
 3235642 2294846   18.86344   55   25   18.29224   18.86344  3.12%  68.2 4111s
 3238970 2296989     cutoff   61        18.29224   18.86327  3.12%  68.2 4116s
 3242981 2299068   18.86289   63   11   18.29224   18.86289  3.12%  68.2 4120s
 3246593 2301336     cutoff   68        18.29224   18.86289  3.12%  68.2 4125s
 3250715 2303566   18.85409   66   18   18.29224   18.86235  3.12%  68.2 4130s
 3258628 2308061   18.85441   64   24   18.29224   18.86140  3.11%  68.1 4138s
 3262148 2310170   18.86134   57   17   18.29224   18.86134  3.11%  68.1 4143s
 3266219 2312083     cutoff   71        18.29224   18.86094  3.11%  68.1 4147s
 3269639 2314458   18.65763   72   24   18.29224   18.86056  3.11%  68.1 4151s
 3273719 2316804   18.65117   66   21   18.29224   18.86052  3.11%  68.1 4156s
 3277721 2318845   18.86033   56   27   18.29224   18.86033  3.11%  68.1 4160s
 3285186 2323298   18.82474   66   25   18.29224   18.85981  3.10%  68.1 4169s
 3289174 2325365     cutoff   66        18.29224   18.85921  3.10%  68.1 4173s
 3292841 2327531   18.85912   59   23   18.29224   18.85912  3.10%  68.1 4178s
 3296848 2329534     cutoff   69        18.29224   18.85866  3.10%  68.1 4182s
 3300342 2331547   18.85696   54   27   18.29224   18.85858  3.10%  68.0 4186s
 3303919 2333598   18.85474   64   22   18.29224   18.85825  3.09%  68.0 4191s
 3307947 2335444   18.85779   59   23   18.29224   18.85785  3.09%  68.0 4195s
 3311474 2337540   18.82333   75   19   18.29224   18.85730  3.09%  68.0 4200s
 3315538 2339321   18.85709   65   23   18.29224   18.85709  3.09%  68.0 4205s
 3323029 2343642     cutoff   65        18.29224   18.85640  3.08%  68.0 4214s
 3326914 2345409   18.85590   70   17   18.29224   18.85590  3.08%  67.9 4219s
 3330159 2347872   18.74637   74   17   18.29224   18.85556  3.08%  67.9 4223s
 3334376 2350263   18.85533   60   15   18.29224   18.85533  3.08%  67.9 4228s
 3338406 2352517   18.85517   64   14   18.29224   18.85517  3.08%  67.9 4232s
 3342036 2354768   18.84108   66   17   18.29224   18.85517  3.08%  67.9 4236s
 3346043 2356825   18.45854   64   11   18.29224   18.85487  3.08%  67.9 4240s
 3353717 2360997   18.53168   75   17   18.29224   18.85400  3.07%  67.9 4249s
 3357224 2362775   18.73149   67   19   18.29224   18.85359  3.07%  67.9 4254s
 3360660 2364759     cutoff   62        18.29224   18.85336  3.07%  67.9 4258s
 3364116 2366788   18.85312   67   12   18.29224   18.85312  3.07%  67.9 4263s
 3368041 2369066   18.72407   73   18   18.29224   18.85281  3.06%  67.9 4267s
 3372112 2371401   18.29651   65   16   18.29224   18.85241  3.06%  67.8 4272s
 3376278 2373786   18.85008   59   27   18.29224   18.85212  3.06%  67.8 4277s
 3380262 2375930   18.85092   55   31   18.29224   18.85175  3.06%  67.8 4281s
 3384119 2378156   18.83442   67   24   18.29224   18.85136  3.06%  67.8 4286s
 3388105 2379765   18.85109   58   15   18.29224   18.85109  3.06%  67.8 4290s
 3391134 2382084   18.82656   65   24   18.29224   18.85094  3.05%  67.8 4295s
 3395492 2384544   18.73752   63   20   18.29224   18.85036  3.05%  67.8 4300s
 3399514 2386834   18.85014   61   14   18.29224   18.85014  3.05%  67.8 4305s
 3407356 2391044   18.84935   62   21   18.29224   18.84935  3.05%  67.7 4314s
 3411634 2391066   18.84802   62   23   18.29224   18.84897  3.04%  67.7 4316s
 3412405 2393659   18.84897   62   19   18.29224   18.84897  3.04%  67.7 4324s
 3416159 2396171     cutoff   61        18.29224   18.84897  3.04%  67.7 4329s
 3420662 2398066   18.54383   67   15   18.29224   18.84857  3.04%  67.7 4333s
 3423953 2400719   18.84663   58   16   18.29224   18.84857  3.04%  67.7 4338s
 3428278 2403079   18.84716   59   25   18.29224   18.84800  3.04%  67.7 4342s
 3432369 2405058     cutoff   61        18.29224   18.84761  3.04%  67.7 4346s
 3435942 2407278     cutoff   58        18.29224   18.84759  3.04%  67.7 4351s
 3439840 2409306   18.70301   64   28   18.29224   18.84752  3.04%  67.7 4355s
 3447520 2413444   18.84664   60   18   18.29224   18.84664  3.03%  67.6 4364s
 3451312 2415033   18.76991   75   14   18.29224   18.84627  3.03%  67.6 4368s
 3454403 2417543   18.84587   57   12   18.29224   18.84587  3.03%  67.6 4372s
 3458687 2419355   18.84587   64   19   18.29224   18.84587  3.03%  67.6 4377s
 3462298 2421385   18.80813   70   18   18.29224   18.84554  3.02%  67.6 4382s
 3466143 2423417   18.84499   67   18   18.29224   18.84499  3.02%  67.6 4387s
 3470187 2425682     cutoff   79        18.29224   18.84450  3.02%  67.6 4392s
 3474373 2427676   18.62125   66   21   18.29224   18.84438  3.02%  67.6 4396s
 3478233 2429881   18.82146   66   19   18.29224   18.84402  3.02%  67.6 4402s
 3482295 2431620   18.84033   62   26   18.29224   18.84378  3.02%  67.6 4406s
 3485735 2433702   18.76927   64   21   18.29224   18.84331  3.01%  67.5 4411s
 3489470 2436213   18.83175   61   24   18.29224   18.84311  3.01%  67.5 4416s
 3493595 2438489   18.74022   57   29   18.29224   18.84291  3.01%  67.5 4420s
 3501734 2443354     cutoff   62        18.29224   18.84237  3.01%  67.5 4428s
 3505574 2445185     cutoff   60        18.29224   18.84198  3.01%  67.5 4433s
 3509034 2447483     cutoff   66        18.29224   18.84163  3.00%  67.5 4437s
 3512960 2449254     cutoff   58        18.29224   18.84133  3.00%  67.5 4441s
 3516312 2451593     cutoff   62        18.29224   18.84124  3.00%  67.5 4446s
 3520300 2453963   18.72899   59   22   18.29224   18.84086  3.00%  67.5 4451s
 3524155 2456133   18.82660   66   18   18.29224   18.84079  3.00%  67.5 4456s
 3528260 2458112   18.83504   70   21   18.29224   18.84025  3.00%  67.5 4460s
 3531863 2460406     cutoff   65        18.29224   18.84025  3.00%  67.5 4465s
 3535959 2462550   18.83988   59   25   18.29224   18.83988  2.99%  67.5 4470s
 3539688 2464718   18.71919   68   17   18.29224   18.83967  2.99%  67.4 4475s
 3546937 2468573   18.59435   70   14   18.29224   18.83889  2.99%  67.4 4485s
 3550902 2470675   18.78501   66   20   18.29224   18.83844  2.99%  67.4 4490s
 3554590 2472704   18.74874   66   19   18.29224   18.83821  2.98%  67.4 4495s
 3558419 2474596   18.83795   58   19   18.29224   18.83795  2.98%  67.4 4500s
 3562078 2476597     cutoff   77        18.29224   18.83758  2.98%  67.4 4505s
 3565789 2478734     cutoff   64        18.29224   18.83736  2.98%  67.4 4510s
 3569806 2480915   18.39312   66   26   18.29224   18.83705  2.98%  67.4 4516s
 3573978 2483115   18.83670   60   12   18.29224   18.83670  2.98%  67.3 4520s
 3577441 2485322     cutoff   64        18.29224   18.83670  2.98%  67.4 4525s
 3581093 2487570     cutoff   59        18.29224   18.83644  2.98%  67.4 4530s
 3585233 2489422   18.79599   65   17   18.29224   18.83607  2.97%  67.4 4535s
 3588893 2491484   18.83380   61   25   18.29224   18.83569  2.97%  67.3 4540s
 3592907 2493534     cutoff   80        18.29224   18.83524  2.97%  67.3 4546s
 3596616 2495800   18.61608   66   23   18.29224   18.83495  2.97%  67.3 4550s
 3600503 2498296   18.83465   52   25   18.29224   18.83465  2.97%  67.3 4555s
 3604368 2500303   18.72075   59   33   18.29224   18.83465  2.97%  67.3 4560s
 3607887 2502168   18.83452   66   20   18.29224   18.83452  2.96%  67.3 4565s
 3611539 2504133   18.59500   70   11   18.29224   18.83402  2.96%  67.3 4570s
 3615099 2506605   18.77126   62   29   18.29224   18.83362  2.96%  67.3 4575s
 3619289 2508755   18.83361   64   16   18.29224   18.83361  2.96%  67.3 4580s
 3623191 2510868   18.81970   68   19   18.29224   18.83346  2.96%  67.3 4586s
 3627307 2512661   18.77629   57   19   18.29224   18.83296  2.96%  67.3 4591s
 3630910 2514819     cutoff   71        18.29224   18.83252  2.95%  67.2 4596s
 3634963 2516479   18.83231   63   14   18.29224   18.83231  2.95%  67.2 4601s
 3638116 2518752   18.49507   68   22   18.29224   18.83196  2.95%  67.2 4607s
 3642317 2521136   18.83192   59   21   18.29224   18.83192  2.95%  67.2 4612s
 3646242 2523318   18.55667   60   15   18.29224   18.83192  2.95%  67.2 4618s
 3650407 2525131   18.72178   64   25   18.29224   18.83135  2.95%  67.2 4623s
 3654162 2527419   18.78787   68   20   18.29224   18.83049  2.94%  67.2 4629s
 3658287 2527440   18.83038   56   15   18.29224   18.83038  2.94%  67.2 4632s
 3658329 2527462   18.83038   57   16   18.29224   18.83038  2.94%  67.2 4636s
 3658368 2527481   18.83038   58   19   18.29224   18.83038  2.94%  67.2 4640s
 3658411 2527503   18.82801   59   25   18.29224   18.83038  2.94%  67.2 4645s
 3658449 2527519   18.76036   57   22   18.29224   18.83038  2.94%  67.2 4650s
 3658547 2527807   18.82896   59   26   18.29224   18.83038  2.94%  67.2 4659s
 3659117 2529193     cutoff   67        18.29224   18.83036  2.94%  67.2 4664s
 3661615 2531546   18.54894   70   17   18.29224   18.83022  2.94%  67.2 4670s
 3668856 2535159   18.72838   67   23   18.29224   18.82950  2.94%  67.2 4679s
 3672881 2537224   18.50188   72   17   18.29224   18.82905  2.93%  67.1 4685s
 3676869 2539583   18.82255   68   23   18.29224   18.82878  2.93%  67.1 4690s
 3681153 2541575   18.82869   61   15   18.29224   18.82869  2.93%  67.1 4695s
 3685087 2543962     cutoff   72        18.29224   18.82817  2.93%  67.1 4701s
 3689119 2546061   18.75712   65   21   18.29224   18.82793  2.93%  67.1 4706s
 3693245 2548069   18.80035   72   21   18.29224   18.82758  2.93%  67.1 4710s
 3700682 2551697     cutoff   62        18.29224   18.82688  2.92%  67.1 4719s
 3704228 2553799   18.51733   61   25   18.29224   18.82663  2.92%  67.1 4724s
 3708283 2553818   18.82625   53   24   18.29224   18.82625  2.92%  67.1 4727s
 3708328 2553844   18.82554   53   25   18.29224   18.82625  2.92%  67.1 4730s
 3708406 2553894   18.80502   61   26   18.29224   18.82625  2.92%  67.1 4738s
 3708444 2553933   18.82577   60   27   18.29224   18.82625  2.92%  67.1 4743s
 3708496 2554095   18.82625   57   24   18.29224   18.82625  2.92%  67.1 4747s
 3708756 2554440   18.82625   59   16   18.29224   18.82625  2.92%  67.1 4753s
 3709359 2556030   18.82625   60   18   18.29224   18.82625  2.92%  67.1 4759s
 3712312 2558737   18.82625   55   25   18.29224   18.82625  2.92%  67.0 4766s
 3717108 2561375   18.82566   70   10   18.29224   18.82566  2.92%  67.0 4773s
 3722119 2563860     cutoff   70        18.29224   18.82532  2.91%  67.0 4779s
 3726821 2565484     cutoff   69        18.29224   18.82502  2.91%  67.0 4784s
 3730261 2567540   18.82438   56   19   18.29224   18.82438  2.91%  67.0 4791s
 3734321 2569848   18.82438   61   19   18.29224   18.82438  2.91%  67.0 4796s
 3738573 2572213     cutoff   63        18.29224   18.82378  2.91%  67.0 4802s
 3743012 2574414   18.74820   73   23   18.29224   18.82353  2.90%  67.0 4807s
 3747258 2576498   18.58896   62   22   18.29224   18.82333  2.90%  67.0 4813s
 3751238 2578472   18.82292   61   25   18.29224   18.82292  2.90%  66.9 4818s
 3755347 2580536   18.81265   79   16   18.29224   18.82245  2.90%  66.9 4824s
 3759278 2582961     cutoff   58        18.29224   18.82226  2.90%  66.9 4828s
 3763098 2585038   18.81949   62   23   18.29224   18.82226  2.90%  66.9 4833s
 3766991 2586894     cutoff   71        18.29224   18.82172  2.89%  66.9 4839s
 3770757 2588749     cutoff   67        18.29224   18.82129  2.89%  66.9 4845s
 3774571 2591145   18.80146   62   17   18.29224   18.82111  2.89%  66.9 4850s
 3778748 2593200     cutoff   69        18.29224   18.82111  2.89%  66.9 4856s
 3782564 2595373   18.82071   63   21   18.29224   18.82071  2.89%  66.9 4862s
 3786803 2597378     cutoff   63        18.29224   18.82020  2.89%  66.9 4868s
 3790678 2599175   18.82020   58   22   18.29224   18.82020  2.89%  66.8 4873s
 3794251 2601742     cutoff   61        18.29224   18.81942  2.88%  66.8 4879s
 3798225 2604144     cutoff   54        18.29224   18.81924  2.88%  66.8 4884s
 3802350 2606127   18.81524   62   24   18.29224   18.81919  2.88%  66.8 4890s
 3806362 2608015     cutoff   71        18.29224   18.81859  2.88%  66.8 4896s
 3810150 2610120     cutoff   67        18.29224   18.81824  2.88%  66.8 4901s
 3814351 2612384   18.77375   69   21   18.29224   18.81786  2.87%  66.8 4906s
 3818286 2614382     cutoff   63        18.29224   18.81783  2.87%  66.8 4912s
 3822080 2616047     cutoff   67        18.29224   18.81783  2.87%  66.8 4918s
 3825521 2618089   18.61180   74   15   18.29224   18.81709  2.87%  66.8 4924s
 3829424 2620044   18.81676   64   18   18.29224   18.81676  2.87%  66.8 4930s
 3833532 2622098   18.81632   56   18   18.29224   18.81632  2.87%  66.7 4935s
 3837460 2624646   18.81610   61   16   18.29224   18.81610  2.86%  66.7 4940s
 3841777 2626658   18.62308   60   24   18.29224   18.81595  2.86%  66.7 4946s
 3845856 2628699   18.46694   65   20   18.29224   18.81538  2.86%  66.7 4952s
 3849612 2630850   18.78018   61   15   18.29224   18.81507  2.86%  66.7 4956s
 3853567 2633109   18.81380   60   26   18.29224   18.81507  2.86%  66.7 4960s
 3861048 2636924   18.64857   60   22   18.29224   18.81487  2.86%  66.7 4969s
 3864742 2638899   18.80034   64   16   18.29224   18.81411  2.85%  66.7 4973s
 3868505 2640873     cutoff   71        18.29224   18.81392  2.85%  66.7 4978s
 3872234 2642916   18.81033   67   25   18.29224   18.81359  2.85%  66.7 4982s
 3875912 2645032   18.81227   64   30   18.29224   18.81355  2.85%  66.7 4987s
 3880077 2647006   18.81291   72   20   18.29224   18.81316  2.85%  66.6 4991s
 3883983 2648665     cutoff   65        18.29224   18.81260  2.84%  66.6 4996s
 3887464 2650442   18.58167   71   15   18.29224   18.81217  2.84%  66.6 5000s
 3891226 2652623   18.81196   65   15   18.29224   18.81196  2.84%  66.6 5005s
 3899732 2656724     cutoff   59        18.29224   18.81166  2.84%  66.6 5014s
 3903269 2658712     cutoff   61        18.29224   18.81103  2.84%  66.6 5018s
 3907232 2660828   18.78334   62   21   18.29224   18.81076  2.83%  66.6 5023s
 3911349 2662401   18.63064   67   19   18.29224   18.81034  2.83%  66.6 5027s
 3914967 2664015   18.79377   63   23   18.29224   18.80994  2.83%  66.5 5032s
 3918481 2665937   18.68114   66   16   18.29224   18.80965  2.83%  66.5 5036s
 3922231 2667709     cutoff   63        18.29224   18.80943  2.83%  66.5 5041s
 3926097 2669939   18.55690   65   18   18.29224   18.80887  2.82%  66.5 5045s
 3933913 2674536   18.80862   68   14   18.29224   18.80862  2.82%  66.5 5053s
 3937653 2676578   18.79202   70   21   18.29224   18.80862  2.82%  66.5 5057s
 3941448 2678724     cutoff   75        18.29224   18.80812  2.82%  66.5 5061s
 3945350 2680500   18.68628   56   28   18.29224   18.80809  2.82%  66.5 5066s
 3948899 2682449   18.80809   62   20   18.29224   18.80809  2.82%  66.5 5070s
 3952760 2684278   18.75405   59   19   18.29224   18.80752  2.82%  66.5 5075s
 3960395 2688279   18.80690   60   21   18.29224   18.80690  2.81%  66.5 5083s
 3963993 2690594     cutoff   66        18.29224   18.80647  2.81%  66.4 5087s
 3968086 2692486   18.73531   62   21   18.29224   18.80627  2.81%  66.4 5092s
 3971829 2694569   18.54827   66   23   18.29224   18.80592  2.81%  66.4 5096s
 3975863 2696251     cutoff   67        18.29224   18.80555  2.81%  66.4 5101s
 3979053 2698656   18.80542   66   15   18.29224   18.80542  2.81%  66.4 5105s
 3987404 2703029     cutoff   58        18.29224   18.80514  2.80%  66.4 5113s
 3991355 2704973     cutoff   68        18.29224   18.80471  2.80%  66.4 5117s
 3995012 2707076   18.77766   62   19   18.29224   18.80467  2.80%  66.4 5122s
 3998812 2709420   18.80450   59   19   18.29224   18.80450  2.80%  66.4 5126s
 4002777 2711199   18.66894   60   28   18.29224   18.80406  2.80%  66.4 5130s
 4006543 2712826   18.80381   61   20   18.29224   18.80381  2.80%  66.4 5135s
 4013675 2717035   18.78761   66   17   18.29224   18.80310  2.79%  66.4 5143s
 4017708 2718980     cutoff   60        18.29224   18.80295  2.79%  66.4 5148s
 4021453 2720777   18.80258   56   23   18.29224   18.80258  2.79%  66.3 5152s
 4025520 2722666   18.51124   68   17   18.29224   18.80210  2.79%  66.3 5157s
 4029218 2724990     cutoff   66        18.29224   18.80186  2.79%  66.3 5161s
 4033163 2727001   18.80173   61   20   18.29224   18.80173  2.79%  66.3 5165s
 4040507 2730767     cutoff   61        18.29224   18.80117  2.78%  66.3 5174s
 4044454 2732607   18.80117   57   23   18.29224   18.80117  2.78%  66.3 5178s
 4048131 2734881   18.80072   70   17   18.29224   18.80072  2.78%  66.3 5183s
 4052214 2737086     cutoff   74        18.29224   18.80072  2.78%  66.3 5187s
 4056424 2739002   18.80039   61   28   18.29224   18.80041  2.78%  66.3 5191s
 4060091 2740829   18.71785   68   16   18.29224   18.79983  2.77%  66.3 5196s
 4064082 2742768   18.79960   67   18   18.29224   18.79960  2.77%  66.3 5200s
 4067590 2744552   18.79930   61   19   18.29224   18.79930  2.77%  66.2 5205s
 4075248 2748857     cutoff   67        18.29224   18.79885  2.77%  66.2 5213s
 4079179 2750641   18.79845   57   25   18.29224   18.79845  2.77%  66.2 5217s
 4082732 2752989   18.45562   63   18   18.29224   18.79826  2.77%  66.2 5221s
 4086721 2754797     cutoff   66        18.29224   18.79826  2.77%  66.2 5225s
 4090346 2756745   18.79790   62   19   18.29224   18.79790  2.76%  66.2 5230s
 4098211 2760573   18.79724   60   20   18.29224   18.79724  2.76%  66.2 5238s
 4101553 2762533   18.66794   64   22   18.29224   18.79718  2.76%  66.2 5243s
 4105646 2764174   18.79651   59   13   18.29224   18.79651  2.76%  66.2 5248s
 4109188 2766207   18.79637   64   14   18.29224   18.79637  2.76%  66.2 5253s
 4113439 2767907   18.79607   60   21   18.29224   18.79607  2.75%  66.1 5257s
 4117225 2769852   18.52874   61   18   18.29224   18.79554  2.75%  66.1 5262s
 4121285 2772063   18.79528   61   18   18.29224   18.79528  2.75%  66.1 5266s
 4125472 2774407   18.68222   64   22   18.29224   18.79508  2.75%  66.1 5271s
 4129351 2776503     cutoff   57        18.29224   18.79486  2.75%  66.1 5275s
 4136696 2780214   18.74631   62   27   18.29224   18.79477  2.75%  66.1 5283s
 4140545 2782002     cutoff   62        18.29224   18.79414  2.74%  66.1 5288s
 4144430 2783761   18.49662   75   16   18.29224   18.79365  2.74%  66.1 5292s
 4148143 2785704     cutoff   59        18.29224   18.79350  2.74%  66.0 5297s
 4152192 2787635     cutoff   66        18.29224   18.79327  2.74%  66.0 5301s
 4155960 2789620   18.79282   64   10   18.29224   18.79282  2.74%  66.0 5305s
 4159665 2791268   18.79282   67   21   18.29224   18.79282  2.74%  66.0 5310s
 4167191 2795382   18.79220   70   26   18.29224   18.79220  2.73%  66.0 5319s
 4170981 2797337   18.79190   54   24   18.29224   18.79190  2.73%  66.0 5324s
 4174883 2799031   18.47748   74   13   18.29224   18.79182  2.73%  66.0 5329s
 4178535 2801155     cutoff   67        18.29224   18.79121  2.73%  66.0 5333s
 4182653 2802958   18.55970   67   17   18.29224   18.79097  2.73%  66.0 5338s
 4186460 2804924     cutoff   67        18.29224   18.79077  2.73%  66.0 5342s
 4190422 2806338     cutoff   63        18.29224   18.79038  2.72%  65.9 5347s
 4193719 2808525     cutoff   74        18.29224   18.79001  2.72%  65.9 5351s
 4197992 2810592   18.78983   59   23   18.29224   18.78983  2.72%  65.9 5356s
 4201958 2812466   18.78391   58   24   18.29224   18.78983  2.72%  65.9 5360s
 4205728 2814658     cutoff   62        18.29224   18.78937  2.72%  65.9 5365s
 4209638 2816341   18.78933   59   19   18.29224   18.78933  2.72%  65.9 5370s
 4213405 2818615   18.55634   53   17   18.29224   18.78914  2.72%  65.9 5375s
 4221371 2822680   18.78851   53   16   18.29224   18.78851  2.71%  65.9 5384s
 4225051 2824360   18.78811   63   25   18.29224   18.78851  2.71%  65.9 5389s
 4228730 2826095   18.78412   66   16   18.29224   18.78812  2.71%  65.9 5394s
 4232458 2828410     cutoff   69        18.29224   18.78773  2.71%  65.9 5399s
 4236633 2830580   18.78759   60   23   18.29224   18.78759  2.71%  65.9 5404s
 4240400 2832496   18.77950   62   22   18.29224   18.78738  2.71%  65.9 5409s
 4244332 2834181   18.47475   70   15   18.29224   18.78704  2.70%  65.8 5414s
 4247872 2836323   18.78023   69   21   18.29224   18.78675  2.70%  65.8 5419s
 4251991 2838096   18.73384   59   23   18.29224   18.78673  2.70%  65.8 5424s
 4255532 2840106   18.67384   67   15   18.29224   18.78626  2.70%  65.8 5429s
 4259476 2841962   18.78613   55   15   18.29224   18.78613  2.70%  65.8 5434s
 4263069 2843908     cutoff   63        18.29224   18.78613  2.70%  65.8 5439s
 4266835 2846013     cutoff   62        18.29224   18.78562  2.70%  65.8 5444s
 4270896 2848199   18.65709   61   23   18.29224   18.78555  2.70%  65.8 5450s
 4275122 2850044     cutoff   60        18.29224   18.78519  2.69%  65.8 5455s
 4278789 2851875   18.78519   59   20   18.29224   18.78519  2.69%  65.8 5461s
 4282536 2853535   18.78467   59   18   18.29224   18.78467  2.69%  65.8 5466s
 4286083 2854195     cutoff   79        18.29224   18.78445  2.69%  65.8 5472s
 4287446 2855172   18.37592   65   20   18.29224   18.78439  2.69%  65.8 5478s
H4287735 2855171                      18.2922410   18.78427  2.69%  65.8 5479s
 4289343 2856461   18.75546   63   22   18.29224   18.78423  2.69%  65.8 5485s
 4291567 2857747   18.77941   61   19   18.29224   18.78419  2.69%  65.8 5493s
 4294294 2860030   18.60243   81   16   18.29224   18.78416  2.69%  65.8 5500s
 4299068 2863617     cutoff   82        18.29224   18.78416  2.69%  65.7 5507s
 4305501 2866782   18.77430   71   21   18.29224   18.78385  2.69%  65.7 5513s
 4311306 2870018   18.54281   71   22   18.29224   18.78330  2.68%  65.7 5521s
 4317707 2872816   18.59709   55   22   18.29224   18.78270  2.68%  65.7 5526s
 4322558 2875916   18.76411   66   23   18.29224   18.78246  2.68%  65.7 5533s
 4328564 2878518   18.77839   56   32   18.29224   18.78241  2.68%  65.7 5540s
 4333841 2881531   18.75046   73   17   18.29224   18.78161  2.68%  65.7 5547s
 4339621 2884609   18.60354   62   26   18.29224   18.78133  2.67%  65.7 5552s
 4345346 2887405   18.77086   70   19   18.29224   18.78105  2.67%  65.7 5558s
 4350509 2889725   18.63645   62   24   18.29224   18.78095  2.67%  65.7 5564s
 4355616 2892263     cutoff   64        18.29224   18.78031  2.67%  65.7 5571s
 4361125 2895630   18.77951   64   24   18.29224   18.77986  2.67%  65.7 5577s
 4367140 2898742   18.77961   61   20   18.29224   18.77961  2.66%  65.7 5583s
 4372482 2901810     cutoff   56        18.29224   18.77960  2.66%  65.7 5589s
 4378093 2904408   18.75164   56   27   18.29224   18.77934  2.66%  65.7 5596s
 4383462 2906659     cutoff   60        18.29224   18.77933  2.66%  65.7 5604s
 4388442 2909256   18.60529   65   22   18.29224   18.77843  2.66%  65.7 5611s
 4393774 2911875   18.57875   65   23   18.29224   18.77817  2.66%  65.6 5619s
 4399419 2915283   18.77665   63   24   18.29224   18.77751  2.65%  65.6 5626s
 4405507 2918327   18.72162   61   26   18.29224   18.77746  2.65%  65.6 5632s
 4411085 2921398     cutoff   59        18.29224   18.77746  2.65%  65.6 5640s
 4417007 2924004   18.73226   55   25   18.29224   18.77701  2.65%  65.6 5646s
 4421831 2926923   18.39276   60   30   18.29224   18.77675  2.65%  65.6 5653s
 4427530 2929829     cutoff   63        18.29224   18.77654  2.65%  65.6 5661s
 4433470 2932542   18.69912   69   16   18.29224   18.77617  2.65%  65.6 5668s
 4438886 2935614   18.77555   54   18   18.29224   18.77555  2.64%  65.6 5675s
 4444398 2938502   18.74788   55   20   18.29224   18.77550  2.64%  65.6 5682s
 4450179 2940800   18.71530   59   28   18.29224   18.77484  2.64%  65.6 5690s
 4455142 2943785   18.77451   64   13   18.29224   18.77451  2.64%  65.5 5697s
 4460790 2946336   18.32687   65   21   18.29224   18.77418  2.63%  65.5 5705s
 4466180 2948983   18.61340   74   18   18.29224   18.77369  2.63%  65.5 5713s
 4471735 2951742   18.76629   61   26   18.29224   18.77355  2.63%  65.5 5721s
 4477264 2954819   18.65290   62   27   18.29224   18.77306  2.63%  65.5 5728s
 4482656 2957353   18.77220   56   30   18.29224   18.77282  2.63%  65.5 5735s
 4487583 2959887     cutoff   74        18.29224   18.77265  2.63%  65.5 5743s
 4492851 2962983   18.69625   62   23   18.29224   18.77245  2.63%  65.5 5750s
 4498807 2965418   18.77221   51   22   18.29224   18.77221  2.62%  65.5 5758s
 4504253 2967842   18.76787   61   20   18.29224   18.77170  2.62%  65.5 5765s
 4509672 2970980   18.77121   64   18   18.29224   18.77121  2.62%  65.4 5772s
 4515152 2973350   18.68548   62   21   18.29224   18.77092  2.62%  65.4 5779s
 4519630 2976427   18.77066   60   11   18.29224   18.77066  2.62%  65.4 5789s
 4526017 2979361   18.76929   68   22   18.29224   18.77028  2.61%  65.4 5797s
 4531782 2982075     cutoff   76        18.29224   18.77004  2.61%  65.4 5805s
 4537203 2984731   18.76990   64   21   18.29224   18.76990  2.61%  65.4 5810s
 4542370 2987030   18.69268   54   24   18.29224   18.76949  2.61%  65.4 5817s
 4547670 2989237     cutoff   67        18.29224   18.76894  2.61%  65.4 5823s
 4552752 2991576   18.57985   74   13   18.29224   18.76853  2.60%  65.4 5829s
 4557755 2994205   18.76814   62   17   18.29224   18.76814  2.60%  65.3 5835s
 4563284 2996802   18.76801   57   24   18.29224   18.76801  2.60%  65.3 5842s
 4568340 2999602   18.61935   67   22   18.29224   18.76790  2.60%  65.3 5849s
 4573942 3002437     cutoff   59        18.29224   18.76735  2.60%  65.3 5855s
 4579710 3005334   18.76707   55   20   18.29224   18.76707  2.60%  65.3 5860s
 4584654 3008061     cutoff   57        18.29224   18.76678  2.59%  65.3 5866s
 4590086 3010309     cutoff   56        18.29224   18.76674  2.59%  65.3 5872s
 4595009 3012975   18.37293   73   19   18.29224   18.76613  2.59%  65.3 5879s
 4600646 3015695   18.76590   59   18   18.29224   18.76590  2.59%  65.3 5885s
 4606226 3018198   18.72960   73   19   18.29224   18.76538  2.59%  65.3 5892s
 4611440 3020167   18.74960   52   29   18.29224   18.76521  2.59%  65.3 5899s
 4615893 3022907   18.76506   69   19   18.29224   18.76506  2.58%  65.3 5906s
 4621667 3025869     cutoff   62        18.29224   18.76436  2.58%  65.3 5913s
 4627412 3028534   18.71044   62   21   18.29224   18.76433  2.58%  65.2 5921s
 4632889 3031185   18.76362   64   19   18.29224   18.76362  2.58%  65.2 5927s
 4638189 3033735   18.66189   60   27   18.29224   18.76360  2.58%  65.2 5934s
 4642833 3033735   18.76358   57   29   18.29224   18.76358  2.58%  65.2 5935s
 4643445 3035724   18.47748   65   23   18.29224   18.76316  2.57%  65.2 5941s
 4648351 3038717     cutoff   80        18.29224   18.76272  2.57%  65.2 5948s
 4654138 3041485     cutoff   53        18.29224   18.76258  2.57%  65.2 5954s
 4659051 3044130   18.66856   59   28   18.29224   18.76254  2.57%  65.2 5960s
 4664205 3046627   18.74963   59   19   18.29224   18.76222  2.57%  65.2 5967s
 4669787 3049555   18.52387   61   26   18.29224   18.76164  2.57%  65.2 5974s
 4674999 3052132   18.73977   64   19   18.29224   18.76158  2.57%  65.2 5980s
 4680038 3054619   18.76038   61   24   18.29224   18.76130  2.56%  65.2 5987s
 4684875 3057331   18.74938   65   22   18.29224   18.76100  2.56%  65.2 5994s
 4690184 3059892     cutoff   60        18.29224   18.76100  2.56%  65.2 6001s
 4695479 3062309   18.76050   61   17   18.29224   18.76050  2.56%  65.2 6008s
 4700738 3064870   18.76013   58   21   18.29224   18.76013  2.56%  65.2 6016s
 4706497 3066749     cutoff   65        18.29224   18.75969  2.56%  65.1 6023s
 4710985 3069183     cutoff   72        18.29224   18.75937  2.55%  65.1 6031s
 4716588 3071737     cutoff   62        18.29224   18.75924  2.55%  65.1 6038s
 4721892 3074473   18.75873   66   14   18.29224   18.75873  2.55%  65.1 6046s
 4727558 3077218   18.55796   57   19   18.29224   18.75837  2.55%  65.1 6053s
 4732989 3079880   18.73652   61   22   18.29224   18.75807  2.55%  65.1 6060s
 4738331 3082091   18.73711   60   28   18.29224   18.75776  2.54%  65.1 6067s
 4742933 3084744     cutoff   63        18.29224   18.75751  2.54%  65.1 6075s
 4748694 3087207   18.75717   53   17   18.29224   18.75717  2.54%  65.1 6082s
 4753600 3089802   18.75716   52   18   18.29224   18.75716  2.54%  65.1 6090s
 4759274 3091997     cutoff   67        18.29224   18.75653  2.54%  65.0 6098s
 4764335 3095048   18.74023   64   21   18.29224   18.75615  2.54%  65.0 6106s
 4770064 3097438   18.75578   62   18   18.29224   18.75578  2.53%  65.0 6112s
 4774501 3100275   18.75569   66   19   18.29224   18.75569  2.53%  65.0 6119s
 4780355 3103017     cutoff   55        18.29224   18.75545  2.53%  65.0 6126s
 4785332 3105382     cutoff   52        18.29224   18.75545  2.53%  65.0 6134s
 4790719 3107772   18.73508   64   20   18.29224   18.75486  2.53%  65.0 6141s
 4796168 3109881   18.41442   74   18   18.29224   18.75449  2.53%  65.0 6149s
 4801104 3111758   18.59617   72   18   18.29224   18.75398  2.52%  65.0 6156s
 4805727 3114226   18.74073   65   23   18.29224   18.75368  2.52%  65.0 6164s
 4811319 3116759   18.68699   60   18   18.29224   18.75338  2.52%  64.9 6172s
 4816514 3119044     cutoff   67        18.29224   18.75309  2.52%  64.9 6180s
 4821420 3121644   18.66283   62   23   18.29224   18.75277  2.52%  64.9 6188s
 4826963 3124545   18.31795   75   15   18.29224   18.75246  2.52%  64.9 6195s
 4832494 3126658     cutoff   62        18.29224   18.75232  2.52%  64.9 6202s
 4837085 3128887   18.67528   69   14   18.29224   18.75209  2.51%  64.9 6211s
 4842436 3131291   18.56733   62   20   18.29224   18.75156  2.51%  64.9 6220s
 4847727 3134239   18.58338   71   16   18.29224   18.75122  2.51%  64.9 6227s
 4853395 3136797   18.70245   55   19   18.29224   18.75120  2.51%  64.9 6235s
 4858114 3139215     cutoff   64        18.29224   18.75120  2.51%  64.9 6243s
 4863664 3141212   18.39105   78   14   18.29224   18.75047  2.51%  64.9 6251s
 4868211 3144459   18.33225   68   16   18.29224   18.75019  2.50%  64.8 6258s
 4874144 3147403   18.74997   63   21   18.29224   18.74997  2.50%  64.8 6264s
 4878887 3150402   18.69875   61   24   18.29224   18.74997  2.50%  64.9 6271s
 4884233 3153010   18.72606   67   19   18.29224   18.74971  2.50%  64.9 6278s
 4889203 3155190   18.74963   63   16   18.29224   18.74963  2.50%  64.9 6286s
 4893999 3157518   18.48079   74   16   18.29224   18.74922  2.50%  64.9 6293s
 4898685 3159676     cutoff   60        18.29224   18.74922  2.50%  64.9 6301s
 4903575 3162062     cutoff   61        18.29224   18.74856  2.49%  64.8 6309s
 4908994 3164388     cutoff   74        18.29224   18.74839  2.49%  64.8 6317s
 4914081 3166734     cutoff   60        18.29224   18.74802  2.49%  64.8 6325s
 4919406 3169117   18.72826   59   21   18.29224   18.74776  2.49%  64.8 6333s
 4924525 3171473   18.74719   64   21   18.29224   18.74739  2.49%  64.8 6340s
 4929226 3173666     cutoff   60        18.29224   18.74732  2.49%  64.8 6348s
 4934017 3176034   18.74681   54   27   18.29224   18.74681  2.49%  64.8 6357s
 4939251 3178732   18.74647   55   23   18.29224   18.74647  2.48%  64.8 6364s
 4944697 3181240   18.41500   61   19   18.29224   18.74631  2.48%  64.8 6372s
 4949724 3183562   18.74623   67   15   18.29224   18.74623  2.48%  64.8 6380s
 4954878 3185483   18.73877   77   17   18.29224   18.74623  2.48%  64.7 6387s
 4959448 3187567   18.71171   67   18   18.29224   18.74545  2.48%  64.7 6396s
 4964386 3189661   18.74507   66   19   18.29224   18.74507  2.48%  64.7 6404s
 4969703 3192471     cutoff   60        18.29224   18.74475  2.47%  64.7 6412s
 4975147 3195174   18.74444   66   14   18.29224   18.74444  2.47%  64.7 6419s
 4980119 3197296   18.74442   58   18   18.29224   18.74442  2.47%  64.7 6427s
 4985029 3199351   18.52667   69   18   18.29224   18.74396  2.47%  64.7 6435s
 4989801 3201345   18.74372   65   24   18.29224   18.74372  2.47%  64.7 6442s
 4994747 3204086   18.74218   68   21   18.29224   18.74316  2.47%  64.7 6450s
 5000093 3206775     cutoff   67        18.29224   18.74294  2.46%  64.7 6457s
 5005152 3209010   18.61534   64   19   18.29224   18.74291  2.46%  64.7 6465s
 5010095 3211104   18.46927   62   16   18.29224   18.74250  2.46%  64.6 6473s
 5014967 3213424   18.74225   76   13   18.29224   18.74225  2.46%  64.6 6480s
 5019598 3215399     cutoff   77        18.29224   18.74225  2.46%  64.6 6488s
 5024437 3217951   18.74172   70   19   18.29224   18.74172  2.46%  64.6 6496s
 5029978 3220122   18.74130   60   15   18.29224   18.74130  2.45%  64.6 6503s
 5034370 3222693   18.32920   71   20   18.29224   18.74126  2.45%  64.6 6510s
 5039774 3225032   18.60641   66   20   18.29224   18.74116  2.45%  64.6 6517s
 5044541 3227254   18.74031   59   24   18.29224   18.74078  2.45%  64.6 6525s
 5049105 3229524     cutoff   59        18.29224   18.74064  2.45%  64.6 6534s
 5054247 3231583     cutoff   64        18.29224   18.74020  2.45%  64.6 6542s
 5059105 3233930   18.39018   80   14   18.29224   18.73976  2.45%  64.6 6551s
 5064551 3235987   18.58689   75   16   18.29224   18.73959  2.45%  64.6 6560s
 5069563 3238152   18.73938   59   20   18.29224   18.73938  2.44%  64.6 6569s
 5074490 3240085   18.45475   70   17   18.29224   18.73882  2.44%  64.5 6577s
 5078884 3242499     cutoff   65        18.29224   18.73854  2.44%  64.5 6586s
 5083973 3245257   18.73833   61   18   18.29224   18.73833  2.44%  64.5 6593s
 5089018 3247666   18.73829   59   24   18.29224   18.73829  2.44%  64.5 6601s
 5094158 3249914     cutoff   70        18.29224   18.73793  2.44%  64.5 6609s
 5099067 3252372     cutoff   76        18.29224   18.73773  2.44%  64.5 6616s
 5104391 3254500   18.73750   59   18   18.29224   18.73750  2.43%  64.5 6623s
 5108952 3256574   18.64703   62   18   18.29224   18.73750  2.43%  64.5 6630s
 5113970 3258906   18.72142   62   21   18.29224   18.73678  2.43%  64.5 6639s
 5118803 3261008   18.38733   62   28   18.29224   18.73661  2.43%  64.5 6648s
 5123744 3263066     cutoff   59        18.29224   18.73628  2.43%  64.5 6657s
 5128536 3265018   18.73440   57   27   18.29224   18.73600  2.43%  64.5 6666s
 5133417 3267150   18.72962   65   19   18.29224   18.73569  2.42%  64.5 6674s
 5138073 3269222     cutoff   68        18.29224   18.73540  2.42%  64.4 6682s
 5143040 3271185     cutoff   64        18.29224   18.73501  2.42%  64.4 6691s
 5147904 3273272   18.40215   64   13   18.29224   18.73463  2.42%  64.4 6699s
 5152941 3275592     cutoff   56        18.29224   18.73449  2.42%  64.4 6707s
 5158054 3277637   18.73402   64   19   18.29224   18.73402  2.42%  64.4 6715s
 5162586 3279535     cutoff   59        18.29224   18.73402  2.42%  64.4 6723s
 5167252 3281393   18.34078   72   17   18.29224   18.73372  2.41%  64.4 6731s
 5171903 3283427     cutoff   60        18.29224   18.73328  2.41%  64.4 6740s
 5176713 3285604   18.73301   61   25   18.29224   18.73301  2.41%  64.3 6749s
 5181819 3288135   18.73264   65   15   18.29224   18.73264  2.41%  64.3 6757s
 5186790 3290311   18.71389   62   30   18.29224   18.73264  2.41%  64.3 6766s
 5191862 3292230     cutoff   63        18.29224   18.73234  2.41%  64.3 6775s
 5196302 3294378   18.73209   59   23   18.29224   18.73209  2.40%  64.3 6784s
 5200959 3296634     cutoff   61        18.29224   18.73180  2.40%  64.3 6793s
 5206280 3298931   18.73149   62   19   18.29224   18.73149  2.40%  64.3 6802s
 5211585 3300848     cutoff   74        18.29224   18.73115  2.40%  64.3 6811s
 5216446 3302818   18.69048   75   17   18.29224   18.73085  2.40%  64.3 6820s
 5221250 3304581   18.72839   67   25   18.29224   18.73059  2.40%  64.2 6829s
 5225777 3306565     cutoff   72        18.29224   18.73017  2.39%  64.2 6838s
 5230393 3308571     cutoff   63        18.29224   18.72992  2.39%  64.2 6847s
 5235346 3310878     cutoff   71        18.29224   18.72963  2.39%  64.2 6854s
 5240458 3313418   18.72934   62   16   18.29224   18.72934  2.39%  64.2 6861s
 5245151 3316216   18.49612   64   21   18.29224   18.72934  2.39%  64.2 6869s
 5250575 3318930     cutoff   60        18.29224   18.72928  2.39%  64.2 6876s
 5255300 3321051   18.72919   64   13   18.29224   18.72919  2.39%  64.2 6885s
 5260033 3323011   18.55984   72   16   18.29224   18.72858  2.39%  64.2 6894s
 5264798 3325258   18.67716   70   22   18.29224   18.72831  2.38%  64.2 6902s
 5269506 3327405   18.72817   57   16   18.29224   18.72817  2.38%  64.2 6910s
 5273977 3329729   18.72817   60   24   18.29224   18.72817  2.38%  64.2 6919s
 5279319 3331819   18.69048   72   18   18.29224   18.72768  2.38%  64.2 6927s
 5284118 3333627   18.70625   61   27   18.29224   18.72734  2.38%  64.2 6936s
 5288659 3335357   18.59651   66   21   18.29224   18.72697  2.38%  64.1 6945s
 5293117 3337407   18.72665   65   20   18.29224   18.72665  2.37%  64.1 6954s
 5298015 3339324   18.72665   62   16   18.29224   18.72665  2.37%  64.1 6963s
 5303061 3341343     cutoff   76        18.29224   18.72616  2.37%  64.1 6971s
 5307885 3343194   18.39450   68   24   18.29224   18.72591  2.37%  64.1 6980s
 5312694 3345106   18.66894   61   26   18.29224   18.72573  2.37%  64.1 6989s
 5317648 3346919     cutoff   71        18.29224   18.72524  2.37%  64.1 6997s
 5322059 3348660   18.52425   72   15   18.29224   18.72502  2.37%  64.1 7005s
 5326816 3350764     cutoff   62        18.29224   18.72473  2.36%  64.0 7013s
 5331756 3352723     cutoff   60        18.29224   18.72466  2.36%  64.0 7021s
 5336351 3352749   18.72439   63   19   18.29224   18.72439  2.36%  64.0 7026s
 5336387 3352766   18.72439   64   21   18.29224   18.72439  2.36%  64.0 7031s
H5336414 3352766                      18.2922410   18.72439  2.36%  64.0 7032s
 5336427 3352845   18.72439   68   19   18.29224   18.72439  2.36%  64.0 7038s
 5336610 3353038   18.72215   66   23   18.29224   18.72439  2.36%  64.0 7045s
 5336963 3353940   18.72411   61   11   18.29224   18.72411  2.36%  64.0 7052s
 5338987 3356036   18.72411   62   16   18.29224   18.72411  2.36%  64.0 7062s
 5343764 3358577   18.63981   84   14   18.29224   18.72401  2.36%  64.0 7073s
 5349782 3360922   18.72391   61   20   18.29224   18.72391  2.36%  64.0 7080s
 5354146 3363658   18.72391   59   21   18.29224   18.72391  2.36%  64.0 7088s
 5359228 3365587   18.68634   62   26   18.29224   18.72387  2.36%  64.0 7096s
 5363460 3367537     cutoff   63        18.29224   18.72301  2.35%  64.0 7105s
 5368229 3369609   18.54051   81   10   18.29224   18.72270  2.35%  64.0 7113s
 5373178 3371424   18.72245   60   18   18.29224   18.72245  2.35%  64.0 7122s
 5377749 3373294     cutoff   71        18.29224   18.72206  2.35%  64.0 7131s
 5382520 3375251     cutoff   66        18.29224   18.72180  2.35%  64.0 7139s
 5386955 3377676   18.72169   54   22   18.29224   18.72169  2.35%  64.0 7147s
 5391531 3379532   18.72141   64   20   18.29224   18.72141  2.35%  64.0 7155s
 5396351 3381260   18.40673   71   21   18.29224   18.72117  2.34%  63.9 7163s
 5400949 3383359   18.63803   68   27   18.29224   18.72083  2.34%  63.9 7170s
 5405734 3385248   18.36951   65   19   18.29224   18.72054  2.34%  63.9 7177s
 5409990 3387364   18.72043   61   21   18.29224   18.72054  2.34%  63.9 7184s
 5415163 3389049   18.50673   69   15   18.29224   18.72029  2.34%  63.9 7191s
 5419531 3390980     cutoff   65        18.29224   18.71974  2.34%  63.9 7200s
 5424511 3392628     cutoff   64        18.29224   18.71940  2.34%  63.9 7208s
 5428810 3394555   18.66284   64   24   18.29224   18.71921  2.33%  63.9 7217s
 5433744 3396104     cutoff   73        18.29224   18.71889  2.33%  63.9 7227s
 5438091 3398195   18.69567   67   20   18.29224   18.71852  2.33%  63.8 7236s
 5442991 3399840   18.71832   65   18   18.29224   18.71832  2.33%  63.8 7245s
 5447384 3401557     cutoff   75        18.29224   18.71799  2.33%  63.8 7254s
 5451552 3403714   18.38446   62   23   18.29224   18.71777  2.33%  63.8 7263s
 5456681 3405923   18.70249   57   29   18.29224   18.71750  2.32%  63.8 7272s
 5461280 3407870   18.42037   56   19   18.29224   18.71750  2.32%  63.8 7281s
 5466165 3409552     cutoff   71        18.29224   18.71691  2.32%  63.8 7289s
 5470616 3411252   18.57953   67   17   18.29224   18.71672  2.32%  63.8 7298s
 5475352 3413293     cutoff   70        18.29224   18.71630  2.32%  63.7 7305s
 5480232 3415078     cutoff   64        18.29224   18.71616  2.32%  63.7 7313s
 5484538 3416749   18.71611   61   21   18.29224   18.71611  2.32%  63.7 7321s
 5489017 3418466     cutoff   67        18.29224   18.71564  2.31%  63.7 7329s
 5493421 3420448     cutoff   64        18.29224   18.71534  2.31%  63.7 7338s
 5498195 3422500   18.37479   63   18   18.29224   18.71533  2.31%  63.7 7347s
 5503016 3424355   18.44006   64   21   18.29224   18.71486  2.31%  63.7 7356s
 5507565 3426252   18.66780   67   23   18.29224   18.71456  2.31%  63.7 7365s
 5512222 3428144     cutoff   71        18.29224   18.71432  2.31%  63.7 7373s
 5516618 3430054     cutoff   68        18.29224   18.71399  2.31%  63.7 7381s
 5521095 3431891   18.68882   63   19   18.29224   18.71392  2.31%  63.7 7390s
 5525941 3433662   18.34203   72   14   18.29224   18.71346  2.30%  63.6 7398s
 5529979 3435751   18.71099   67   22   18.29224   18.71337  2.30%  63.6 7407s
 5534845 3437525     cutoff   62        18.29224   18.71324  2.30%  63.6 7415s
 5539373 3439677   18.59251   67   18   18.29224   18.71272  2.30%  63.6 7423s
 5544191 3441557   18.71257   54   18   18.29224   18.71257  2.30%  63.6 7430s
 5548072 3443754     cutoff   64        18.29224   18.71257  2.30%  63.6 7439s
 5553284 3445606   18.71223   62   19   18.29224   18.71223  2.30%  63.6 7447s
 5557766 3447776   18.71223   61   18   18.29224   18.71223  2.30%  63.6 7455s
 5562606 3449672     cutoff   54        18.29224   18.71173  2.29%  63.6 7463s
 5566896 3451535   18.54895   69   23   18.29224   18.71151  2.29%  63.6 7471s
 5571628 3453675     cutoff   57        18.29224   18.71120  2.29%  63.6 7479s
 5576451 3455799   18.71101   56   21   18.29224   18.71101  2.29%  63.6 7487s
 5580670 3457934   18.38979   80   14   18.29224   18.71090  2.29%  63.6 7494s
 5585039 3460014     cutoff   58        18.29224   18.71078  2.29%  63.6 7503s
 5589565 3461824   18.50115   65   19   18.29224   18.71060  2.29%  63.6 7512s
 5594323 3464175   18.70850   61   25   18.29224   18.71019  2.28%  63.6 7520s
 5599200 3466036   18.70816   58   28   18.29224   18.71009  2.28%  63.6 7528s
 5603640 3467999   18.71003   62   15   18.29224   18.71003  2.28%  63.6 7537s
 5608401 3469553   18.36680   77   16   18.29224   18.70975  2.28%  63.6 7545s
 5612314 3471420     cutoff   59        18.29224   18.70935  2.28%  63.5 7554s
 5617210 3473464   18.56996   71   15   18.29224   18.70900  2.28%  63.5 7563s
 5621795 3475942   18.70870   57   22   18.29224   18.70870  2.28%  63.5 7570s
 5626766 3477798     cutoff   56        18.29224   18.70866  2.28%  63.5 7577s
 5630864 3479927   18.70846   60   22   18.29224   18.70846  2.28%  63.5 7584s
 5635637 3481970     cutoff   76        18.29224   18.70826  2.27%  63.5 7593s
 5640357 3483470   18.65371   69   18   18.29224   18.70795  2.27%  63.5 7601s
 5644521 3485214     cutoff   72        18.29224   18.70771  2.27%  63.5 7608s
 5648998 3486905   18.43364   66   18   18.29224   18.70743  2.27%  63.5 7616s
 5653309 3488706   18.46909   75   11   18.29224   18.70716  2.27%  63.5 7625s
 5658048 3490599     cutoff   66        18.29224   18.70687  2.27%  63.5 7633s
 5662601 3492472   18.33215   56   28   18.29224   18.70686  2.27%  63.5 7642s
 5667299 3494071     cutoff   74        18.29224   18.70640  2.26%  63.5 7651s
 5671390 3496013   18.67687   60   23   18.29224   18.70630  2.26%  63.4 7659s
 5675569 3497711   18.50755   58   28   18.29224   18.70630  2.26%  63.4 7668s
 5680153 3499488     cutoff   71        18.29224   18.70577  2.26%  63.4 7677s
 5684875 3501093   18.70445   68   22   18.29224   18.70545  2.26%  63.4 7685s
 5688787 3503071   18.70532   62   21   18.29224   18.70532  2.26%  63.4 7693s
 5693382 3505084     cutoff   62        18.29224   18.70516  2.26%  63.4 7701s
 5698158 3506780     cutoff   58        18.29224   18.70499  2.26%  63.4 7708s
 5702591 3508358   18.70485   59   23   18.29224   18.70485  2.26%  63.4 7716s
 5706726 3509799   18.57456   69   20   18.29224   18.70442  2.25%  63.4 7724s
 5711118 3511555     cutoff   72        18.29224   18.70408  2.25%  63.4 7731s
 5715650 3513622   18.58995   77   17   18.29224   18.70381  2.25%  63.4 7739s
 5720224 3515632   18.70380   60   19   18.29224   18.70380  2.25%  63.4 7746s
 5724806 3517375   18.36655   64   19   18.29224   18.70346  2.25%  63.3 7753s
 5728961 3519130   18.70346   60   19   18.29224   18.70346  2.25%  63.3 7762s
 5733708 3520723     cutoff   62        18.29224   18.70297  2.25%  63.3 7769s
 5737439 3522623   18.70294   60   15   18.29224   18.70294  2.25%  63.3 7779s
 5742458 3524202   18.69518   59   26   18.29224   18.70260  2.24%  63.3 7787s
 5746568 3526071   18.62806   58   29   18.29224   18.70233  2.24%  63.3 7795s
 5751341 3527707   18.70227   64   19   18.29224   18.70227  2.24%  63.3 7803s
 5755968 3529367     cutoff   64        18.29224   18.70181  2.24%  63.3 7811s
 5760226 3530816   18.61765   68   16   18.29224   18.70162  2.24%  63.3 7819s
 5764819 3532582     cutoff   68        18.29224   18.70126  2.24%  63.3 7826s
 5768982 3534975   18.70019   62   25   18.29224   18.70106  2.23%  63.3 7833s
 5773385 3537024   18.44528   63   25   18.29224   18.70106  2.23%  63.3 7840s
 5777867 3538674   18.70068   64   22   18.29224   18.70095  2.23%  63.3 7848s
 5782415 3540262   18.38106   66   28   18.29224   18.70055  2.23%  63.2 7856s
 5786523 3541821   18.50799   70   17   18.29224   18.70031  2.23%  63.2 7863s
 5790711 3544236   18.55419   59   26   18.29224   18.70001  2.23%  63.2 7869s
 5794280 3544236   18.56095   53   32   18.29224   18.70001  2.23%  63.2 7870s
 5795464 3546334   18.66474   58   28   18.29224   18.70001  2.23%  63.2 7876s
 5799504 3548066   18.65634   53   31   18.29224   18.70001  2.23%  63.2 7884s
 5804077 3549723     cutoff   68        18.29224   18.69969  2.23%  63.2 7892s
 5808090 3552123   18.69937   54   19   18.29224   18.69937  2.23%  63.2 7899s
 5812955 3554178   18.69932   58   27   18.29224   18.69937  2.23%  63.2 7906s
 5817561 3555943   18.52654   68   20   18.29224   18.69926  2.23%  63.2 7912s
 5821602 3557750     cutoff   70        18.29224   18.69914  2.22%  63.2 7920s
 5825966 3559446     cutoff   71        18.29224   18.69865  2.22%  63.2 7928s
 5830028 3561175   18.69851   60   19   18.29224   18.69851  2.22%  63.2 7935s
 5834550 3562662   18.69832   65   16   18.29224   18.69832  2.22%  63.2 7943s
 5838424 3564400   18.69801   60   16   18.29224   18.69801  2.22%  63.2 7951s
 5843159 3565950   18.45825   66   25   18.29224   18.69777  2.22%  63.2 7959s
 5847451 3567750     cutoff   69        18.29224   18.69754  2.22%  63.2 7967s
 5852071 3569196     cutoff   67        18.29224   18.69740  2.21%  63.1 7975s
 5856253 3570867     cutoff   66        18.29224   18.69703  2.21%  63.1 7982s
 5860239 3572797   18.69688   69   14   18.29224   18.69688  2.21%  63.1 7989s
 5864582 3574514   18.31217   71   20   18.29224   18.69688  2.21%  63.1 7997s
 5868698 3576649   18.55900   57   32   18.29224   18.69655  2.21%  63.1 8004s
 5873343 3578294     cutoff   63        18.29224   18.69642  2.21%  63.1 8013s
 5877662 3580212     cutoff   57        18.29224   18.69612  2.21%  63.1 8020s
 5882256 3581801     cutoff   69        18.29224   18.69589  2.21%  63.1 8028s
 5886435 3583240   18.69581   60   20   18.29224   18.69581  2.21%  63.1 8035s
 5890130 3584838   18.69504   66   24   18.29224   18.69556  2.20%  63.1 8044s
 5894736 3586735   18.56358   74   17   18.29224   18.69520  2.20%  63.1 8052s
 5899543 3588240     cutoff   76        18.29224   18.69487  2.20%  63.1 8061s
 5903745 3589901     cutoff   69        18.29224   18.69477  2.20%  63.0 8069s
 5907951 3591564   18.69439   67   18   18.29224   18.69461  2.20%  63.0 8077s
 5912064 3593781   18.67487   63   23   18.29224   18.69446  2.20%  63.0 8085s
 5916797 3595290   18.61870   64   20   18.29224   18.69430  2.20%  63.0 8092s
 5920241 3597344   18.68249   61   25   18.29224   18.69417  2.20%  63.0 8101s
 5925258 3599379   18.69370   66   23   18.29224   18.69370  2.19%  63.0 8109s
 5929606 3601634   18.68491   60   28   18.29224   18.69369  2.19%  63.0 8117s
 5934317 3603704     cutoff   58        18.29224   18.69355  2.19%  63.0 8124s
 5938613 3605256   18.68929   59   26   18.29224   18.69333  2.19%  63.0 8132s
 5942740 3607025   18.62460   71   18   18.29224   18.69297  2.19%  63.0 8139s
 5946867 3608553   18.69286   62   20   18.29224   18.69286  2.19%  63.0 8146s
 5950876 3610073   18.52061   64   21   18.29224   18.69266  2.19%  63.0 8152s
 5954928 3611773   18.68667   64   25   18.29224   18.69241  2.19%  63.0 8159s
 5959261 3613512   18.66195   59   19   18.29224   18.69220  2.19%  63.0 8166s
 5963640 3614990     cutoff   62        18.29224   18.69204  2.19%  63.0 8173s
 5967861 3616455     cutoff   61        18.29224   18.69168  2.18%  63.0 8182s
 5972147 3618128   18.52502   58   24   18.29224   18.69149  2.18%  62.9 8189s
 5976463 3619579   18.69149   57   20   18.29224   18.69149  2.18%  62.9 8197s
 5980250 3621417   18.69108   60   29   18.29224   18.69122  2.18%  62.9 8205s
 5984594 3622859     cutoff   64        18.29224   18.69087  2.18%  62.9 8213s
 5988494 3624429     cutoff   64        18.29224   18.69064  2.18%  62.9 8222s
 5993026 3625953   18.69035   64   19   18.29224   18.69035  2.18%  62.9 8231s
 5997117 3628001   18.69024   66   19   18.29224   18.69024  2.18%  62.9 8239s
 6001606 3629449     cutoff   65        18.29224   18.69005  2.17%  62.9 8246s
 6005509 3630844     cutoff   66        18.29224   18.69005  2.17%  62.9 8254s
 6009509 3632523   18.64116   61   23   18.29224   18.68952  2.17%  62.9 8261s
 6013495 3634404     cutoff   71        18.29224   18.68942  2.17%  62.9 8268s
 6017750 3635798   18.56100   65   18   18.29224   18.68937  2.17%  62.9 8275s
 6021768 3637234   18.68906   65   17   18.29224   18.68906  2.17%  62.9 8283s
 6025856 3638781   18.68897   68   17   18.29224   18.68897  2.17%  62.9 8292s
 6029966 3640301   18.68298   72   16   18.29224   18.68862  2.17%  62.9 8300s
 6034333 3641960   18.68846   65   18   18.29224   18.68846  2.17%  62.8 8308s
 6038470 3643903   18.68816   62   14   18.29224   18.68816  2.16%  62.8 8314s
 6042346 3645588   18.68808   58   25   18.29224   18.68808  2.16%  62.8 8322s
 6046509 3647134   18.53031   67   18   18.29224   18.68803  2.16%  62.8 8329s
 6050821 3648927     cutoff   68        18.29224   18.68766  2.16%  62.8 8337s
 6054995 3650738   18.68756   59   24   18.29224   18.68756  2.16%  62.8 8344s
 6058981 3652503     cutoff   57        18.29224   18.68756  2.16%  62.8 8351s
 6063097 3654360     cutoff   62        18.29224   18.68733  2.16%  62.8 8359s
 6067231 3656073     cutoff   60        18.29224   18.68718  2.16%  62.8 8367s
 6071640 3657487     cutoff   74        18.29224   18.68680  2.16%  62.8 8375s
 6075236 3659253     cutoff   63        18.29224   18.68673  2.16%  62.8 8383s
 6079763 3660540   18.44332   68   21   18.29224   18.68635  2.15%  62.8 8390s
 6083556 3662093   18.47040   69   22   18.29224   18.68609  2.15%  62.8 8397s
 6088047 3663613   18.68358   66   22   18.29224   18.68586  2.15%  62.8 8405s
 6092118 3665603     cutoff   61        18.29224   18.68573  2.15%  62.8 8412s
 6096554 3667415   18.68556   65   20   18.29224   18.68556  2.15%  62.8 8418s
 6100484 3669263   18.68451   70   20   18.29224   18.68549  2.15%  62.8 8425s
 6104725 3670780   18.68549   58   18   18.29224   18.68549  2.15%  62.8 8432s
 6108564 3672514   18.68522   62   18   18.29224   18.68522  2.15%  62.7 8438s
 6112340 3674304   18.58774   64   22   18.29224   18.68496  2.15%  62.7 8445s
 6116819 3675753   18.66741   61   20   18.29224   18.68496  2.15%  62.7 8452s
 6120974 3677364   18.64926   59   30   18.29224   18.68445  2.14%  62.7 8458s
 6125301 3679436     cutoff   67        18.29224   18.68431  2.14%  62.7 8464s
 6129564 3681052   18.67675   62   27   18.29224   18.68429  2.14%  62.7 8471s
 6133556 3681584   18.68429   57   28   18.29224   18.68429  2.14%  62.7 8477s
 6135069 3682241   18.68429   58   26   18.29224   18.68429  2.14%  62.7 8483s
 6136787 3683329   18.45581   59   26   18.29224   18.68429  2.14%  62.7 8493s
 6139783 3684863   18.68395   65   23   18.29224   18.68395  2.14%  62.7 8504s
 6143503 3687091   18.68280   66   25   18.29224   18.68395  2.14%  62.7 8516s
 6148825 3690460     cutoff   70        18.29224   18.68375  2.14%  62.7 8531s
 6156570 3694446     cutoff   62        18.29224   18.68358  2.14%  62.7 8547s
 6165735 3696180   18.68340   59   20   18.29224   18.68340  2.14%  62.7 8557s
 6170807 3698919   18.65814   59   19   18.29224   18.68291  2.14%  62.7 8569s
 6178037 3701548   18.61271   73   12   18.29224   18.68236  2.13%  62.6 8580s
 6184754 3704731   18.67170   68   22   18.29224   18.68222  2.13%  62.6 8590s
 6191140 3707488   18.46360   69   16   18.29224   18.68162  2.13%  62.6 8601s
 6198260 3709533     cutoff   72        18.29224   18.68136  2.13%  62.6 8612s
 6204015 3712044   18.66907   63   26   18.29224   18.68091  2.12%  62.6 8624s
 6211000 3715258   18.44950   70   17   18.29224   18.68049  2.12%  62.6 8634s
 6217744 3718026     cutoff   52        18.29224   18.68035  2.12%  62.6 8644s
 6223955 3720730   18.34907   62   26   18.29224   18.68027  2.12%  62.6 8655s
 6230706 3722868     cutoff   63        18.29224   18.68000  2.12%  62.6 8666s
 6236510 3725301   18.66620   72   24   18.29224   18.67957  2.12%  62.6 8678s
 6243380 3727694   18.67916   69   20   18.29224   18.67916  2.12%  62.6 8688s
 6249537 3730076   18.42994   70   16   18.29224   18.67900  2.11%  62.6 8698s
 6256174 3732117   18.67864   60   17   18.29224   18.67864  2.11%  62.6 8710s
 6262597 3734385     cutoff   70        18.29224   18.67820  2.11%  62.5 8721s
 6268908 3736862   18.67794   62   20   18.29224   18.67794  2.11%  62.5 8731s
 6275090 3739899   18.55546   70   14   18.29224   18.67777  2.11%  62.5 8741s
 6281475 3742452   18.50903   65   20   18.29224   18.67747  2.11%  62.5 8752s
 6287867 3745022   18.66703   66   20   18.29224   18.67723  2.10%  62.5 8762s
 6294424 3747032   18.67242   64   21   18.29224   18.67698  2.10%  62.5 8773s
 6299971 3749526   18.52790   60   23   18.29224   18.67669  2.10%  62.5 8785s
 6307193 3752335   18.63633   77   19   18.29224   18.67619  2.10%  62.5 8797s
 6313853 3754813   18.63264   66   19   18.29224   18.67609  2.10%  62.5 8808s
 6319750 3757358     cutoff   53        18.29224   18.67584  2.10%  62.5 8819s
 6326407 3759736   18.62585   60   27   18.29224   18.67569  2.10%  62.5 8829s
 6332473 3762269   18.63512   62   24   18.29224   18.67527  2.09%  62.5 8839s
 6338621 3764771     cutoff   59        18.29224   18.67514  2.09%  62.5 8849s
 6344815 3767303     cutoff   57        18.29224   18.67482  2.09%  62.5 8860s
 6351387 3770016   18.52947   71   22   18.29224   18.67446  2.09%  62.4 8871s
 6358235 3772072   18.67417   65   15   18.29224   18.67427  2.09%  62.4 8880s
 6364162 3774106     cutoff   75        18.29224   18.67388  2.09%  62.4 8891s
 6370378 3776347     cutoff   66        18.29224   18.67363  2.08%  62.4 8904s
 6376938 3778590     cutoff   74        18.29224   18.67335  2.08%  62.4 8915s
 6383474 3780689   18.40868   73   19   18.29224   18.67290  2.08%  62.4 8927s
 6390022 3782808   18.62761   57   24   18.29224   18.67272  2.08%  62.4 8939s
 6395890 3785337   18.63582   61   17   18.29224   18.67230  2.08%  62.4 8950s
 6402418 3787555   18.50360   58   13   18.29224   18.67204  2.08%  62.3 8961s
 6408383 3790288   18.67173   61   15   18.29224   18.67173  2.07%  62.3 8973s
 6415059 3792873   18.55327   61   29   18.29224   18.67171  2.07%  62.3 8984s
 6421413 3795357   18.61100   62   27   18.29224   18.67141  2.07%  62.3 8995s
 6427576 3797926   18.59852   55   27   18.29224   18.67087  2.07%  62.3 9005s
 6433176 3800636   18.65656   61   17   18.29224   18.67079  2.07%  62.3 9015s
 6440020 3803447     cutoff   73        18.29224   18.67050  2.07%  62.3 9025s
 6446295 3806103   18.49889   64   25   18.29224   18.67040  2.07%  62.3 9036s
 6452747 3808122     cutoff   54        18.29224   18.67010  2.07%  62.3 9045s
 6458403 3810431   18.65437   63   28   18.29224   18.66970  2.06%  62.3 9057s
 6464704 3813792   18.66155   62   20   18.29224   18.66954  2.06%  62.3 9067s
 6471584 3816480   18.66843   62   26   18.29224   18.66941  2.06%  62.3 9078s
 6478265 3818709   18.46955   61   16   18.29224   18.66929  2.06%  62.3 9090s
 6484519 3820781     cutoff   71        18.29224   18.66895  2.06%  62.3 9100s
 6490148 3823835   18.66531   58   31   18.29224   18.66858  2.06%  62.3 9112s
 6496775 3825973   18.66858   59   26   18.29224   18.66858  2.06%  62.3 9123s
 6502954 3828051     cutoff   69        18.29224   18.66826  2.06%  62.3 9135s
 6509699 3830264   18.66743   64   23   18.29224   18.66777  2.05%  62.2 9145s
 6515912 3832437   18.59901   62   23   18.29224   18.66745  2.05%  62.2 9155s
 6521891 3834372   18.57606   58   25   18.29224   18.66715  2.05%  62.2 9166s
 6527958 3836510   18.43216   65   19   18.29224   18.66710  2.05%  62.2 9177s
 6533938 3838676   18.66435   66   23   18.29224   18.66669  2.05%  62.2 9189s
 6540697 3840460     cutoff   68        18.29224   18.66617  2.04%  62.2 9200s
 6546826 3842443   18.66591   61   18   18.29224   18.66591  2.04%  62.2 9212s
 6552631 3844650   18.55759   71   18   18.29224   18.66567  2.04%  62.2 9223s
 6559031 3846930   18.66543   62   15   18.29224   18.66543  2.04%  62.1 9235s
 6565264 3849801     cutoff   75        18.29224   18.66502  2.04%  62.1 9245s
 6572010 3851997   18.66498   59   21   18.29224   18.66498  2.04%  62.1 9256s
 6577875 3854113   18.66468   66   17   18.29224   18.66468  2.04%  62.1 9264s
 6583441 3856264   18.65249   60   21   18.29224   18.66451  2.04%  62.1 9274s
 6590048 3857891   18.57011   64   25   18.29224   18.66396  2.03%  62.1 9286s
 6596142 3860020   18.57336   68   20   18.29224   18.66364  2.03%  62.1 9298s
 6602847 3862717   18.31464   72   21   18.29224   18.66333  2.03%  62.1 9309s
 6609455 3864368   18.64947   61   30   18.29224   18.66330  2.03%  62.1 9319s
 6614550 3867144     cutoff   70        18.29224   18.66305  2.03%  62.1 9331s
 6621910 3869534   18.56630   73   17   18.29224   18.66276  2.03%  62.1 9343s
 6627980 3871404     cutoff   59        18.29224   18.66249  2.02%  62.1 9355s
 6634291 3873295   18.66210   54   17   18.29224   18.66210  2.02%  62.1 9367s
 6640282 3875461   18.63549   63   17   18.29224   18.66202  2.02%  62.0 9378s
 6646198 3875486   18.63232   54   17   18.29224   18.66152  2.02%  62.0 9384s
H6646220 3875485                      18.2922411   18.66152  2.02%  62.0 9386s
 6646237 3875583   18.65310   58   20   18.29224   18.66152  2.02%  62.0 9394s
 6646450 3875739   18.66152   59   22   18.29224   18.66152  2.02%  62.0 9405s
 6646702 3875940   18.66152   60   18   18.29224   18.66152  2.02%  62.0 9416s
 6647092 3878458   18.65964   61   24   18.29224   18.66152  2.02%  62.0 9430s
 6654252 3881007     cutoff   61        18.29224   18.66149  2.02%  62.0 9445s
 6662323 3883809   18.60948   55   30   18.29224   18.66099  2.02%  62.0 9461s
 6670925 3886437     cutoff   60        18.29224   18.66043  2.01%  62.0 9473s
 6677994 3889176     cutoff   67        18.29224   18.66022  2.01%  62.0 9486s
 6685470 3892110   18.65602   62   20   18.29224   18.66008  2.01%  62.0 9500s
 6693368 3894693     cutoff   62        18.29224   18.65965  2.01%  62.0 9513s
 6700511 3897039   18.65710   63   16   18.29224   18.65919  2.01%  62.0 9526s
 6707295 3899407   18.35452   70   19   18.29224   18.65888  2.00%  61.9 9539s
 6714711 3901737   18.60584   61   19   18.29224   18.65863  2.00%  61.9 9553s
 6722774 3904389     cutoff   58        18.29224   18.65818  2.00%  61.9 9565s
 6730208 3907085   18.45477   70   17   18.29224   18.65782  2.00%  61.9 9577s
 6737186 3909932   18.58406   59   19   18.29224   18.65757  2.00%  61.9 9590s
 6744467 3912873     cutoff   69        18.29224   18.65721  2.00%  61.9 9602s
 6752237 3915795   18.65124   63   17   18.29224   18.65718  2.00%  61.9 9614s
 6759433 3918106     cutoff   57        18.29224   18.65718  2.00%  61.9 9626s
 6766141 3920558   18.63334   63   26   18.29224   18.65705  1.99%  61.9 9638s
 6773235 3923111     cutoff   55        18.29224   18.65632  1.99%  61.9 9651s
 6781118 3925708   18.65591   67   10   18.29224   18.65591  1.99%  61.9 9663s
 6788721 3928572     cutoff   56        18.29224   18.65549  1.99%  61.8 9675s
 6795622 3931408   18.54350   68   20   18.29224   18.65531  1.98%  61.8 9686s
 6802550 3934341   18.51342   65   20   18.29224   18.65505  1.98%  61.8 9699s
 6810384 3936502     cutoff   67        18.29224   18.65482  1.98%  61.8 9713s
 6817617 3939057   18.58942   67   17   18.29224   18.65445  1.98%  61.8 9725s
 6824610 3941879     cutoff   61        18.29224   18.65426  1.98%  61.8 9737s
 6832093 3944225   18.65422   59   20   18.29224   18.65422  1.98%  61.8 9749s
 6838978 3947006   18.55486   73   15   18.29224   18.65353  1.98%  61.8 9761s
 6846392 3949940   18.65285   67   19   18.29224   18.65350  1.97%  61.8 9774s
 6853968 3952341   18.39894   76   13   18.29224   18.65319  1.97%  61.8 9786s
 6860817 3955561     cutoff   63        18.29224   18.65314  1.97%  61.8 9798s
 6868270 3958725     cutoff   61        18.29224   18.65254  1.97%  61.8 9810s
 6875478 3961762     cutoff   62        18.29224   18.65244  1.97%  61.8 9823s
 6883010 3965008     cutoff   63        18.29224   18.65230  1.97%  61.8 9833s
 6889927 3967710   18.65195   58   19   18.29224   18.65195  1.97%  61.8 9845s
 6897250 3970455     cutoff   61        18.29224   18.65194  1.97%  61.8 9857s
 6904490 3972869   18.48065   64   26   18.29224   18.65181  1.97%  61.8 9871s
 6911562 3975641     cutoff   65        18.29224   18.65128  1.96%  61.8 9884s
 6919371 3977763   18.48695   72   14   18.29224   18.65077  1.96%  61.8 9894s
 6925824 3980453   18.65050   65   19   18.29224   18.65050  1.96%  61.8 9906s
 6933569 3982635   18.64228   58   20   18.29224   18.65036  1.96%  61.8 9919s
 6940910 3985586     cutoff   72        18.29224   18.64979  1.95%  61.7 9933s
 6948654 3987797   18.62633   61   22   18.29224   18.64951  1.95%  61.7 9945s
 6955123 3990043   18.59553   64   20   18.29224   18.64919  1.95%  61.7 9959s
 6962673 3992827     cutoff   67        18.29224   18.64887  1.95%  61.7 9972s
 6970875 3994694   18.64870   59   23   18.29224   18.64870  1.95%  61.7 9986s
 6977750 3996803   18.64813   63   18   18.29224   18.64813  1.95%  61.7 9999s
 6984789 3999005   18.41632   70   18   18.29224   18.64782  1.94%  61.7 10011s
 6991926 4000958   18.64774   58   24   18.29224   18.64774  1.94%  61.7 10024s
 6998909 4003189   18.60298   73   16   18.29224   18.64724  1.94%  61.6 10038s
 7006318 4005559   18.64644   65   23   18.29224   18.64700  1.94%  61.6 10051s
 7014189 4007528     cutoff   54        18.29224   18.64671  1.94%  61.6 10062s
 7020638 4010002   18.63826   63   24   18.29224   18.64635  1.94%  61.6 10075s
 7028682 4012278     cutoff   57        18.29224   18.64618  1.93%  61.6 10087s
 7035227 4015097   18.64575   57   25   18.29224   18.64575  1.93%  61.6 10100s
 7043317 4017627   18.62324   62   23   18.29224   18.64554  1.93%  61.6 10113s
 7050353 4020060   18.64510   68   15   18.29224   18.64510  1.93%  61.6 10129s
 7059072 4022133     cutoff   64        18.29224   18.64492  1.93%  61.6 10143s
 7066622 4025029   18.38153   79   18   18.29224   18.64430  1.92%  61.5 10158s
 7075062 4027071   18.62986   59   28   18.29224   18.64427  1.92%  61.5 10172s
 7082151 4029907   18.63252   63   26   18.29224   18.64361  1.92%  61.5 10187s
 7090721 4032346     cutoff   64        18.29224   18.64346  1.92%  61.5 10202s
 7098671 4035191   18.64280   59   20   18.29224   18.64296  1.92%  61.5 10215s
 7106931 4037150   18.64268   60   13   18.29224   18.64268  1.92%  61.5 10227s
 7114049 4040126   18.52000   74   22   18.29224   18.64228  1.91%  61.5 10239s
 7122587 4042873   18.34896   64   27   18.29224   18.64213  1.91%  61.5 10251s
 7130223 4046366   18.61128   70   22   18.29224   18.64208  1.91%  61.5 10264s
 7138412 4048623     cutoff   59        18.29224   18.64167  1.91%  61.5 10277s
 7145203 4051311   18.51080   60   26   18.29224   18.64167  1.91%  61.5 10292s
 7153864 4053727   18.33927   65   20   18.29224   18.64098  1.91%  61.5 10307s
 7162147 4056650     cutoff   66        18.29224   18.64071  1.91%  61.4 10320s
 7170488 4058482     cutoff   62        18.29224   18.64041  1.90%  61.4 10334s
 7177234 4060720   18.31304   58   18   18.29224   18.64016  1.90%  61.4 10350s
 7186192 4062998   18.59978   77   13   18.29224   18.63944  1.90%  61.4 10366s
 7194769 4066086     cutoff   77        18.29224   18.63912  1.90%  61.4 10382s
 7204423 4068173   18.52184   65   21   18.29224   18.63885  1.89%  61.4 10395s
 7211834 4071044     cutoff   66        18.29224   18.63851  1.89%  61.4 10408s
 7221485 4073461     cutoff   65        18.29224   18.63814  1.89%  61.4 10421s
 7230211 4076297     cutoff   72        18.29224   18.63761  1.89%  61.3 10436s
 7239244 4078008     cutoff   68        18.29224   18.63733  1.89%  61.3 10451s
 7246854 4080351   18.63688   61   15   18.29224   18.63688  1.88%  61.3 10468s
 7255815 4083035     cutoff   73        18.29224   18.63643  1.88%  61.3 10485s
 7265362 4085907     cutoff   70        18.29224   18.63597  1.88%  61.3 10501s
 7274080 4087781   18.61333   59   27   18.29224   18.63596  1.88%  61.3 10517s
 7282013 4090184     cutoff   61        18.29224   18.63529  1.88%  61.2 10533s
 7290979 4092349   18.45795   59   30   18.29224   18.63492  1.87%  61.2 10549s
 7299688 4095028   18.55525   65   20   18.29224   18.63479  1.87%  61.2 10565s
 7308826 4097176   18.61797   61   20   18.29224   18.63419  1.87%  61.2 10578s
 7316266 4100077   18.56595   66   21   18.29224   18.63393  1.87%  61.2 10594s
 7325826 4102554   18.54506   76   17   18.29224   18.63375  1.87%  61.2 10611s
 7335014 4104553   18.63317   60   21   18.29224   18.63317  1.86%  61.2 10627s
 7343499 4106696     cutoff   74        18.29224   18.63263  1.86%  61.1 10641s
 7351016 4108912   18.63237   72   18   18.29224   18.63237  1.86%  61.1 10658s
 7360022 4111504     cutoff   64        18.29224   18.63211  1.86%  61.1 10674s
 7369480 4114077   18.62453   61   21   18.29224   18.63161  1.86%  61.1 10689s
 7378064 4116689   18.63129   57   29   18.29224   18.63131  1.85%  61.1 10704s
 7385854 4118955   18.63086   61   18   18.29224   18.63086  1.85%  61.1 10719s
 7394423 4121388   18.31077   72   13   18.29224   18.63072  1.85%  61.1 10735s
 7403837 4124369   18.63027   56   15   18.29224   18.63027  1.85%  61.1 10749s
 7412474 4126506   18.63004   60   21   18.29224   18.63004  1.85%  61.1 10763s
 7420433 4128451   18.43454   59   25   18.29224   18.62988  1.85%  61.0 10779s
 7428979 4131019   18.62222   60   27   18.29224   18.62988  1.85%  61.0 10795s
 7437984 4131908   18.62869   55   13   18.29224   18.62869  1.84%  61.0 10800s

Cutting planes:
  Projected implied bound: 117
  MIR: 1777
  Flow cover: 86
  Relax-and-lift: 2

Explored 7440755 nodes (453934406 simplex iterations) in 10800.09 seconds (12498.34 work units)
Thread count was 32 (of 255 available processors)

Solution count 10: 18.2922 18.2922 18.2922 ... 17.8119

Time limit reached
Best objective 1.829224109267e+01, best bound 1.862869197905e+01, gap 1.8393%

User-callback calls 15204827, time in user-callback 2.82 sec
source: 0 target: 3 model_arch: 3x50 perturbation type: translation perturbation size: [0, 3.0, 1.0] dataset: mnist
Attack:   0%|          | 0/500 [00:00<?, ?it/s]Attack:   2%|▏         | 10/500 [00:00<00:04, 98.22it/s]Attack:  10%|▉         | 49/500 [00:00<00:01, 265.62it/s]Attack:  18%|█▊        | 89/500 [00:00<00:01, 324.80it/s]Attack:  26%|██▌       | 129/500 [00:00<00:01, 351.87it/s]Attack:  34%|███▍      | 169/500 [00:00<00:00, 367.58it/s]Attack:  42%|████▏     | 208/500 [00:00<00:00, 374.83it/s]Attack:  50%|████▉     | 248/500 [00:00<00:00, 379.81it/s]Attack:  57%|█████▋    | 287/500 [00:00<00:00, 382.99it/s]Attack:  65%|██████▌   | 327/500 [00:00<00:00, 385.84it/s]Attack:  73%|███████▎  | 366/500 [00:01<00:00, 385.56it/s]Attack:  81%|████████  | 406/500 [00:01<00:00, 387.54it/s]Attack:  89%|████████▉ | 446/500 [00:01<00:00, 389.25it/s]Attack:  97%|█████████▋| 486/500 [00:01<00:00, 392.03it/s]Attack: 100%|█████████▉| 499/500 [00:01<00:00, 368.54it/s]
best_val 18.019502639770508
Set parameter WLSAccessID
Set parameter WLSSecret
Set parameter LicenseID to value 2478548
Academic license 2478548 - for non-commercial use only - registered to ne___@campus.technion.ac.il
Encoding the two copies...
apply_sibgate_constraints!: emitted 11 coupling lines (both-thin), 0 conditional triangles on org (org-dropped), 0 conditional triangles on pert (pert-dropped).
Encoding dependencies (activation_start=1, layers_offset=2)...
Adding perturbed interval constraints...
  geometric-interval coupling: 148 constraints (org/perturbation)
18.29224109267189  18.628691979046735  10800.138553142548
paper_experiments_with_zono_fix/mnist/3x50_exp/translation/eps_3,1/N2stdBoost_3x50_19_sgd_itr1/
Clean sample classification: 1
Perturbed sample classification: 1
compute_n2_pert_relaxation_bounds: populated 2 ReLU layers
compute_n2_relax_decision!: τ=0.5, both=13 org-only=0 pert-only=0 none=74 (plus 13 stable neurons)
[notice | Main.MIPVerify]: Determining upper and lower bounds for the input to each non-linear unit.
Set parameter WLSAccessID
Set parameter WLSSecret
Set parameter LicenseID to value 2478548
Academic license 2478548 - for non-commercial use only - registered to ne___@campus.technion.ac.il
Set parameter TimeLimit to value 5
Set parameter WLSAccessID
Set parameter WLSSecret
Set parameter LicenseID to value 2478548
Academic license 2478548 - for non-commercial use only - registered to ne___@campus.technion.ac.il
Set parameter MIPFocus to value 3
Set parameter Cutoff to value 1.8019502639770508e+01
Set parameter Threads to value 32
Set parameter TimeLimit to value 10800
Set parameter MIPGap to value 0.01
Set parameter Seed to value 4
Set parameter Seed to value 4
Set parameter MIPGap to value 0.01
Set parameter MIPFocus to value 3
Set parameter Cutoff to value 1.8019502639770508e+01
Set parameter Threads to value 32
Set parameter TimeLimit to value 10800
Warning for adding constraints: zero or small (< 1e-13) coefficients, ignored
Gurobi Optimizer version 13.0.0 build v13.0.0rc1 (linux64 - "Ubuntu 20.04.2 LTS")

CPU model: AMD EPYC 7713 64-Core Processor, instruction set [SSE2|AVX|AVX2]
Thread count: 127 physical cores, 255 logical processors, using up to 32 threads

Non-default parameters:
Cutoff  1.8019502639770508e+01
TimeLimit  10800
MIPGap  0.01
MIPFocus  3
Seed  4
Threads  32

Academic license 2478548 - for non-commercial use only - registered to ne___@campus.technion.ac.il
Optimize a model with 1637 rows, 1889 columns and 158107 nonzeros (Max)
Model fingerprint: 0x898a1726
Model has 1 linear objective coefficients
Variable types: 1741 continuous, 148 integer (148 binary)
Coefficient statistics:
  Matrix range     [1e-13, 3e+01]
  Objective range  [1e+00, 1e+00]
  Bounds range     [2e-10, 3e+01]
  RHS range        [4e-13, 1e+02]

User MIP start produced solution with objective 18.3182 (1.41s)
User MIP start produced solution with objective 18.3182 (1.48s)
Loaded user MIP start with objective 18.3182
Processed MIP start in 1.48 seconds (1.99 work units)

Presolve removed 1122 rows and 788 columns
Presolve time: 0.12s
Presolved: 515 rows, 1101 columns, 114673 nonzeros
Variable types: 953 continuous, 148 integer (148 binary)
Root relaxation presolve removed 140 rows and 139 columns
Root relaxation presolved: 375 rows, 962 columns, 113171 nonzeros


Root relaxation: objective 3.822655e+01, 443 iterations, 0.07 seconds (0.09 work units)

    Nodes    |    Current Node    |     Objective Bounds      |     Work
 Expl Unexpl |  Obj  Depth IntInf | Incumbent    BestBd   Gap | It/Node Time

     0     0   38.22655    0   42   18.31824   38.22655   109%     -    1s
     0     0   35.98571    0   48   18.31824   35.98571  96.4%     -    2s
     0     0   35.98571    0   38   18.31824   35.98571  96.4%     -    2s
     0     0   34.31483    0   38   18.31824   34.31483  87.3%     -    2s
     0     0   34.31483    0   38   18.31824   34.31483  87.3%     -    2s
     0     0   32.94028    0   42   18.31824   32.94028  79.8%     -    2s
     0     0   32.94028    0   43   18.31824   32.94028  79.8%     -    2s
     0     0   32.94028    0   44   18.31824   32.94028  79.8%     -    2s
     0     0   32.48332    0   43   18.31824   32.48332  77.3%     -    3s
     0     0   32.48332    0   43   18.31824   32.48332  77.3%     -    3s
     0     0   31.88045    0   43   18.31824   31.88045  74.0%     -    3s
     0     0   31.88045    0   43   18.31824   31.88045  74.0%     -    4s
     0     2   31.88045    0   40   18.31824   31.88045  74.0%     -    4s
    31    64   29.96964    5   42   18.31824   31.88045  74.0%   672    5s
H  106   151                      18.3215958   29.03876  58.5%   649    6s
   438   440   25.04025    8   34   18.32160   26.19435  43.0%   766   10s
H  604   545                      18.3676633   25.61946  39.5%   776   12s
   892   804   19.01944   11   32   18.36766   25.11202  36.7%   770   15s
  1472  1293     cutoff   11        18.36766   24.38974  32.8%   711   20s
H 1708  1388                      18.3687551   24.01725  30.8%   693   23s
H 1712  1388                      18.3728227   24.01425  30.7%   693   23s
  2011  1702   20.51099   14   33   18.37282   23.79547  29.5%   663   25s
  2889  2181   19.34920   17   31   18.37282   23.24917  26.5%   605   30s
H 2931  2085                      18.7263817   23.17942  23.8%   602   30s
  3975  2622     cutoff   18        18.72638   22.52145  20.3%   549   36s
H 4268  2730                      18.7311165   22.32763  19.2%   537   37s
  5097  3003   21.23732   17   43   18.73112   21.95125  17.2%   503   66s
  5106  3009   18.74040   17   40   18.73112   21.95125  17.2%   502   70s
  5116  3025   21.95125   15   48   18.73112   21.95125  17.2%   503   75s
  5306  3149   21.95125   21   38   18.73112   21.95125  17.2%   519   80s
  5552  3276   21.95125   25   38   18.73112   21.95125  17.2%   540   85s
  5838  3364   21.95125   21   41   18.73112   21.95125  17.2%   563   91s
  6086  3434   21.95125   23   41   18.73112   21.95125  17.2%   579   96s
  6234  3463   21.01320   22   40   18.73112   21.95125  17.2%   590  102s
  6319  3488   21.95125   25   37   18.73112   21.95125  17.2%   596  107s
  6361  3498   18.97034   21   31   18.73112   21.95125  17.2%   599  111s
  6405  3514   21.65592   26   38   18.73112   21.95125  17.2%   602  115s
H 6480  3372                      18.7311165   21.95125  17.2%   604  118s
  6508  3408   21.95125   27   39   18.73112   21.95125  17.2%   606  120s
H 6678  3324                      18.9238403   21.95125  16.0%   614  124s
H 6692  3182                      18.9564100   21.95125  15.8%   614  124s
  6785  3146   21.95125   22   39   18.95641   21.95125  15.8%   614  127s
  6930  3236   21.95125   28   32   18.95641   21.95125  15.8%   617  131s
H 7008  3081                      18.9564305   21.95125  15.8%   617  131s
  7324  3189   21.01932   26   32   18.95643   21.95125  15.8%   622  135s
  8091  3334   21.34691   28   35   18.95643   21.47285  13.3%   622  141s
  8833  3357     cutoff   21        18.95643   21.10217  11.3%   611  146s
  9693  3316     cutoff   30        18.95643   20.78923  9.67%   594  150s
 10719  3230     cutoff   32        18.95643   20.50836  8.19%   571  155s
 11982  3068     cutoff   34        18.95643   20.22759  6.71%   543  160s
 13594  3208   19.83913   34   28   18.95643   19.91807  5.07%   508  166s
 15832  5602   19.76399   60    8   18.95643   19.76399  4.26%   457  170s
 20465  9320   19.76399   69   18   18.95643   19.76399  4.26%   365  176s
 22761  9372   19.74748   77   15   18.95643   19.74748  4.17%   334  182s
 22837  9428   19.72988   80   17   18.95643   19.74706  4.17%   333  187s
H22869  9428                      18.9565210   19.74154  4.14%   333  187s
H22871  9071                      19.0356217   19.74154  3.71%   333  187s
 22872 10765   19.74152   68   12   19.03562   19.74154  3.71%   333  191s
 27411 14190   19.43148   64   14   19.03562   19.72789  3.64%   286  196s
 29572 17677   19.49705   68   13   19.03562   19.72291  3.61%   269  202s
 35843 19595   19.68761   70   24   19.03562   19.69303  3.45%   231  205s
 40402 22949   19.43223   63   23   19.03562   19.66515  3.31%   211  210s
 45790 26927   19.40989   64   19   19.03562   19.65432  3.25%   194  216s
 49495 29859   19.46960   71   14   19.03562   19.65100  3.23%   184  221s
 53702 32813     cutoff   63        19.03562   19.64393  3.20%   174  225s
 58443 40109     cutoff   60        19.03562   19.63395  3.14%   164  237s
 66493 41702   19.10721   77   21   19.03562   19.61959  3.07%   151  240s
 71974 45958   19.52085   68   12   19.03562   19.60498  2.99%   144  246s
 78302 50498     cutoff   70        19.03562   19.59540  2.94%   137  253s
 81500 52842   19.59119   58   18   19.03562   19.59119  2.92%   134  256s
 85134 55336   19.48548   66   17   19.03562   19.59119  2.92%   130  260s
 88901 60275     cutoff   64        19.03562   19.58730  2.90%   127  269s
 96838 62775   19.52198   61   28   19.03562   19.57397  2.83%   121  273s
 100806 65129   19.56713   61   23   19.03562   19.56851  2.80%   118  278s
 104885 65146     cutoff   67        19.03562   19.55913  2.75%   116  283s
 104932 65162   19.53188   73   19   19.03562   19.55474  2.73%   116  287s
 104980 65260     cutoff   83        19.03562   19.55419  2.72%   116  290s
 106060 68224   19.55302   56   26   19.03562   19.55307  2.72%   115  298s
 109879 70911   19.05836   61   14   19.03562   19.55307  2.72%   113  303s
 114092 73484   19.55307   60   22   19.03562   19.55307  2.72%   111  308s
 118577 77899   19.54160   64   25   19.03562   19.54554  2.68%   109  318s
 126472 79786   19.52287   55   16   19.03562   19.53114  2.60%   105  322s
 129746 82122   19.40457   69   24   19.03562   19.53114  2.60%   103  327s
 133742 83850   19.47046   70   18   19.03562   19.52287  2.56%   102  331s
 137143 85942   19.51610   67   14   19.03562   19.51610  2.52%   101  336s
 141062 88236     cutoff   69        19.03562   19.50595  2.47%  99.1  341s
 144824 90203     cutoff   65        19.03562   19.50493  2.47%  98.0  346s
 148199 94441   19.49973   55   29   19.03562   19.49980  2.44%  96.8  354s
 151070 94441     cutoff   59        19.03562   19.49980  2.44%  95.9  355s
 158323 98561   19.45962   75   20   19.03562   19.49267  2.40%  94.0  363s
 162093 100872   19.47854   76   14   19.03562   19.48835  2.38%  93.1  368s
 165959 103135   19.47257   63   29   19.03562   19.48758  2.37%  92.0  373s
 169781 105212     cutoff   60        19.03562   19.47907  2.33%  91.1  378s
 173260 107536   19.47844   59   18   19.03562   19.47844  2.33%  90.2  383s
 177298 111245   19.46958   64   28   19.03562   19.47844  2.33%  89.2  391s
 183777 113394   19.46202   67   24   19.03562   19.47012  2.28%  87.7  396s
 187503 115423   19.46510   59   12   19.03562   19.46510  2.26%  86.8  400s
 191103 117585     cutoff   58        19.03562   19.46349  2.25%  86.0  405s
 198568 121539   19.16452   65   19   19.03562   19.46253  2.24%  84.8  413s
 201824 123741   19.45875   60   16   19.03562   19.45875  2.22%  84.5  417s
 205751 125674   19.45757   72   16   19.03562   19.45858  2.22%  83.8  421s
 209258 129023   19.12537   60   28   19.03562   19.45553  2.21%  83.3  429s
 215298 130895     cutoff   64        19.03562   19.44945  2.17%  82.2  433s
 218566 133098   19.29429   61   26   19.03562   19.44788  2.17%  81.7  437s
 222450 135150     cutoff   73        19.03562   19.44205  2.14%  81.0  442s
 226080 137297   19.44174   66    8   19.03562   19.44174  2.13%  80.5  447s
 230193 139235   19.36542   66   26   19.03562   19.43586  2.10%  79.7  451s
 233902 141418     cutoff   63        19.03562   19.43315  2.09%  79.1  456s
 237879 143391   19.24936   57   14   19.03562   19.42880  2.07%  78.4  460s
 241652 146381   19.15073   71   21   19.03562   19.42858  2.06%  77.9  467s
 247225 148519   19.17669   63   17   19.03562   19.42199  2.03%  77.0  471s
 250841 150298   19.41525   72   12   19.03562   19.42199  2.03%  76.8  475s
 257907 154515   19.40850   67   19   19.03562   19.41946  2.02%  76.1  483s
 261967 156562     cutoff   65        19.03562   19.41595  2.00%  75.7  488s
 265832 158594   19.40648   65   24   19.03562   19.41332  1.98%  75.3  493s
 269835 160562   19.40972   67   12   19.03562   19.40972  1.97%  74.8  497s
 273459 163595     cutoff   73        19.03562   19.40820  1.96%  74.4  504s
 279062 165279     cutoff   59        19.03562   19.40536  1.94%  73.8  509s
 282079 167415   19.40321   59   24   19.03562   19.40321  1.93%  73.6  513s
 286093 169467     cutoff   78        19.03562   19.40159  1.92%  73.3  518s
 289819 171363   19.39895   64   18   19.03562   19.39895  1.91%  72.9  523s
 293600 173329   19.24870   73   14   19.03562   19.39596  1.89%  72.5  528s
 297418 175124   19.39358   54   14   19.03562   19.39358  1.88%  72.1  533s
 300912 176985   19.39358   53   15   19.03562   19.39358  1.88%  71.9  537s
 304618 179547     cutoff   63        19.03562   19.39358  1.88%  71.6  544s
 309725 181421   19.38961   61   18   19.03562   19.38961  1.86%  71.1  549s
 313181 183820   19.38335   63   27   19.03562   19.38961  1.86%  70.9  553s
 317202 185820   19.38839   60   14   19.03562   19.38839  1.85%  70.8  556s
 320614 187749   19.15490   68   18   19.03562   19.38839  1.85%  70.8  561s
 324082 189718     cutoff   64        19.03562   19.38379  1.83%  70.6  565s
 327721 191631     cutoff   67        19.03562   19.38329  1.83%  70.4  570s
 331746 193459   19.36701   66   23   19.03562   19.38093  1.81%  70.0  575s
 335420 196106   19.36720   73   22   19.03562   19.37826  1.80%  69.8  582s
 340749 197647   19.37755   62   19   19.03562   19.37755  1.80%  69.3  587s
 343987 199604     cutoff   60        19.03562   19.37538  1.78%  69.1  592s
 347908 201404     cutoff   64        19.03562   19.37357  1.78%  68.8  596s
 351288 203211   19.36388   60   17   19.03562   19.37092  1.76%  68.6  601s
 354904 205187   19.37073   69   23   19.03562   19.37073  1.76%  68.3  605s
 362588 207330   19.34756   67   21   19.03562   19.36610  1.74%  67.8  610s
 366339 212232     cutoff   68        19.03562   19.36447  1.73%  67.7  619s
 371221 214161   19.36410   66   19   19.03562   19.36410  1.73%  67.5  623s
 374649 216054   19.12125   71   18   19.03562   19.36361  1.72%  67.4  627s
 377914 217915   19.24386   68   22   19.03562   19.36280  1.72%  67.4  630s
 381627 219834     cutoff   66        19.03562   19.36225  1.72%  67.2  635s
 385339 221829   19.35913   61   28   19.03562   19.36008  1.70%  67.0  640s
 392981 225671   19.35339   64   28   19.03562   19.35753  1.69%  66.6  649s
 396826 228161   19.29598   53   25   19.03562   19.35649  1.69%  66.5  654s
 401805 229839   19.10254   65   24   19.03562   19.35440  1.67%  66.3  658s
 405130 231922     cutoff   62        19.03562   19.35412  1.67%  66.2  663s
 408900 233823     cutoff   64        19.03562   19.35412  1.67%  66.0  667s
 412438 235515   19.35178   64   23   19.03562   19.35178  1.66%  65.9  672s
 416229 237460     cutoff   58        19.03562   19.35161  1.66%  65.7  676s
 419970 239504   19.34800   61   21   19.03562   19.34914  1.65%  65.5  681s
 423782 241269   19.34073   63   32   19.03562   19.34914  1.65%  65.3  685s
 427397 243266   19.32859   65   15   19.03562   19.34874  1.64%  65.2  691s
H428265 215858                      19.1065713   19.34874  1.27%  65.2  691s
 431640 217009     cutoff   69        19.10657   19.34508  1.25%  65.0  697s
 435855 218158   19.34208   68   12   19.10657   19.34289  1.24%  64.7  702s
 439432 219870     cutoff   65        19.10657   19.34213  1.23%  64.5  707s
 443738 221379   19.26301   63   28   19.10657   19.33989  1.22%  64.3  712s
 447524 222503     cutoff   64        19.10657   19.33989  1.22%  64.1  717s
 451275 223970   19.21633   73   16   19.10657   19.33696  1.21%  63.9  722s
 455493 225206   19.32197   73   20   19.10657   19.33474  1.19%  63.7  727s
 458931 226939   19.33421   73   11   19.10657   19.33425  1.19%  63.5  733s
 463427 228205   19.33097   65   27   19.10657   19.33361  1.19%  63.4  738s
 467079 229392   19.33186   70   18   19.10657   19.33186  1.18%  63.2  744s
 471258 229399     cutoff   80        19.10657   19.32838  1.16%  62.9  749s
 471310 229398     cutoff   77        19.10657   19.32824  1.16%  62.9  752s
 471367 229410     cutoff   78        19.10657   19.32824  1.16%  62.9  756s
 471416 229445   19.19851   80    7   19.10657   19.32817  1.16%  62.9  760s
 471514 230273   19.32817   81   13   19.10657   19.32817  1.16%  62.9  765s
H472297 190332                      19.1671968   19.32789  0.84%  62.8  765s

Cutting planes:
  Projected implied bound: 103
  MIR: 1819
  Flow cover: 74
  RLT: 24
  Relax-and-lift: 9

Explored 473845 nodes (29746324 simplex iterations) in 765.28 seconds (970.70 work units)
Thread count was 32 (of 255 available processors)

Solution count 10: 19.1672 19.1672 19.1066 ... 18.7311

Optimal solution found (tolerance 1.00e-02)
Best objective 1.916719679185e+01, best bound 1.932773788697e+01, gap 0.8376%

User-callback calls 993611, time in user-callback 0.17 sec
source: 0 target: 4 model_arch: 3x50 perturbation type: translation perturbation size: [0, 3.0, 1.0] dataset: mnist
Attack:   0%|          | 0/500 [00:00<?, ?it/s]Attack:   2%|▏         | 12/500 [00:00<00:04, 119.14it/s]Attack:  10%|▉         | 49/500 [00:00<00:01, 265.63it/s]Attack:  17%|█▋        | 86/500 [00:00<00:01, 312.07it/s]Attack:  25%|██▌       | 125/500 [00:00<00:01, 340.65it/s]Attack:  33%|███▎      | 163/500 [00:00<00:00, 352.83it/s]Attack:  40%|████      | 200/500 [00:00<00:00, 357.28it/s]Attack:  48%|████▊     | 238/500 [00:00<00:00, 361.84it/s]Attack:  55%|█████▌    | 276/500 [00:00<00:00, 366.24it/s]Attack:  63%|██████▎   | 313/500 [00:00<00:00, 366.78it/s]Attack:  70%|███████   | 350/500 [00:01<00:00, 366.56it/s]Attack:  78%|███████▊  | 388/500 [00:01<00:00, 369.01it/s]Attack:  85%|████████▌ | 426/500 [00:01<00:00, 370.51it/s]Attack:  93%|█████████▎| 464/500 [00:01<00:00, 367.28it/s]Attack: 100%|█████████▉| 499/500 [00:01<00:00, 349.55it/s]
best_val 18.26837730407715
Set parameter WLSAccessID
Set parameter WLSSecret
Set parameter LicenseID to value 2478548
Academic license 2478548 - for non-commercial use only - registered to ne___@campus.technion.ac.il
Encoding the two copies...
apply_sibgate_constraints!: emitted 11 coupling lines (both-thin), 0 conditional triangles on org (org-dropped), 0 conditional triangles on pert (pert-dropped).
Encoding dependencies (activation_start=1, layers_offset=2)...
Adding perturbed interval constraints...
  geometric-interval coupling: 148 constraints (org/perturbation)
19.16719679184647  19.327737886974138  765.3072080612183
paper_experiments_with_zono_fix/mnist/3x50_exp/translation/eps_3,1/N2stdBoost_3x50_19_sgd_itr1/
Clean sample classification: 1
Perturbed sample classification: 9
compute_n2_pert_relaxation_bounds: populated 2 ReLU layers
compute_n2_relax_decision!: τ=0.5, both=13 org-only=0 pert-only=0 none=74 (plus 13 stable neurons)
[notice | Main.MIPVerify]: Determining upper and lower bounds for the input to each non-linear unit.
Set parameter WLSAccessID
Set parameter WLSSecret
Set parameter LicenseID to value 2478548
Academic license 2478548 - for non-commercial use only - registered to ne___@campus.technion.ac.il
Set parameter TimeLimit to value 5
Set parameter WLSAccessID
Set parameter WLSSecret
Set parameter LicenseID to value 2478548
Academic license 2478548 - for non-commercial use only - registered to ne___@campus.technion.ac.il
Set parameter MIPFocus to value 3
Set parameter Cutoff to value 1.8268377304077148e+01
Set parameter Threads to value 32
Set parameter TimeLimit to value 10800
Set parameter MIPGap to value 0.01
Set parameter Seed to value 4
Set parameter Seed to value 4
Set parameter MIPGap to value 0.01
Set parameter MIPFocus to value 3
Set parameter Cutoff to value 1.8268377304077148e+01
Set parameter Threads to value 32
Set parameter TimeLimit to value 10800
Warning for adding constraints: zero or small (< 1e-13) coefficients, ignored
Gurobi Optimizer version 13.0.0 build v13.0.0rc1 (linux64 - "Ubuntu 20.04.2 LTS")

CPU model: AMD EPYC 7713 64-Core Processor, instruction set [SSE2|AVX|AVX2]
Thread count: 127 physical cores, 255 logical processors, using up to 32 threads

Non-default parameters:
Cutoff  1.8268377304077148e+01
TimeLimit  10800
MIPGap  0.01
MIPFocus  3
Seed  4
Threads  32

Academic license 2478548 - for non-commercial use only - registered to ne___@campus.technion.ac.il
Optimize a model with 1637 rows, 1889 columns and 158115 nonzeros (Max)
Model fingerprint: 0x5db2c59b
Model has 1 linear objective coefficients
Variable types: 1741 continuous, 148 integer (148 binary)
Coefficient statistics:
  Matrix range     [1e-13, 3e+01]
  Objective range  [1e+00, 1e+00]
  Bounds range     [2e-10, 3e+01]
  RHS range        [4e-13, 1e+02]

User MIP start produced solution with objective 19.0924 (0.41s)
User MIP start produced solution with objective 19.1765 (0.73s)
User MIP start produced solution with objective 19.2299 (1.61s)
User MIP start produced solution with objective 19.2982 (1.71s)
User MIP start produced solution with objective 19.2982 (1.98s)
Loaded user MIP start with objective 19.2982
Processed MIP start in 1.98 seconds (2.66 work units)

Presolve removed 1122 rows and 788 columns
Presolve time: 0.13s
Presolved: 515 rows, 1101 columns, 114673 nonzeros
Variable types: 953 continuous, 148 integer (148 binary)
Root relaxation presolve removed 140 rows and 139 columns
Root relaxation presolved: 375 rows, 962 columns, 113171 nonzeros


Root relaxation: objective 3.822655e+01, 375 iterations, 0.08 seconds (0.09 work units)

    Nodes    |    Current Node    |     Objective Bounds      |     Work
 Expl Unexpl |  Obj  Depth IntInf | Incumbent    BestBd   Gap | It/Node Time

     0     0   38.22655    0   41   19.29822   38.22655  98.1%     -    2s
     0     0   35.25939    0   52   19.29822   35.25939  82.7%     -    2s
     0     0   35.25939    0   42   19.29822   35.25939  82.7%     -    2s
     0     0   33.73565    0   40   19.29822   33.73565  74.8%     -    3s
     0     0   33.73565    0   40   19.29822   33.73565  74.8%     -    3s
     0     0   32.91641    0   42   19.29822   32.91641  70.6%     -    3s
     0     0   32.91478    0   42   19.29822   32.91478  70.6%     -    3s
     0     0   32.38613    0   44   19.29822   32.38613  67.8%     -    3s
     0     0   32.38613    0   44   19.29822   32.38613  67.8%     -    4s
     0     0   32.09266    0   44   19.29822   32.09266  66.3%     -    4s
     0     0   32.09266    0   44   19.29822   32.09266  66.3%     -    4s
     0     2   32.09266    0   44   19.29822   32.09266  66.3%     -    4s
     3     8   32.09266    2   50   19.29822   32.09266  66.3%   636    5s
   455   415   24.13036   10   37   19.29822   25.97673  34.6%   713   10s
   982   808     cutoff    9        19.29822   24.84126  28.7%   704   15s
  1865  1329   20.23842   15   30   19.29822   23.88539  23.8%   623   20s
  3184  1953     cutoff    9        19.29822   22.66391  17.4%   552   25s
  5283  2716     cutoff   17        19.29822   21.70139  12.5%   468   30s
  5660  2717   19.91885   10   44   19.29822   21.55007  11.7%   459   49s
  5662  2718   21.23161   11   42   19.29822   21.55007  11.7%   459   50s
  5670  2724   20.56305   13   46   19.29822   21.55007  11.7%   458   55s
  5735  2790   21.55007   18   46   19.29822   21.55007  11.7%   461   60s
  6054  2946   21.55007   25   34   19.29822   21.55007  11.7%   470   65s
  6455  3083   21.55007   28   33   19.29822   21.55007  11.7%   483   70s
  6640  3163   21.55007   26   38   19.29822   21.55007  11.7%   490   76s
  6737  3183     cutoff   27        19.29822   21.55007  11.7%   493   81s
  6812  3203   21.55007   21   40   19.29822   21.55007  11.7%   496   85s
  6955  3254   21.55007   27   34   19.29822   21.55007  11.7%   500   90s
  7151  3324     cutoff   23        19.29822   21.55007  11.7%   504   95s
  7558  3351   20.90515   26   36   19.29822   21.55007  11.7%   508  101s
  8006  3482   20.37880   23   35   19.29822   21.53421  11.6%   508  105s
  9491  3477   20.40118   26   37   19.29822   20.72389  7.39%   485  111s
 10950  3193   20.02615   32   26   19.29822   20.28772  5.13%   457  116s
 12705  2595     cutoff   35        19.29822   19.90673  3.15%   423  120s
 13334  2398   19.76399   62   12   19.29822   19.76399  2.41%   410  126s
 13442  2387   19.76399   64   11   19.29822   19.76399  2.41%   408  131s
 13548  2550   19.60144   66   15   19.29822   19.76399  2.41%   405  136s
H14461  2970                      19.3056244   19.76372  2.37%   383  139s
 14466  4079   19.69143   74   20   19.30562   19.76365  2.37%   383  141s
 18133  6475     cutoff   65        19.30562   19.73897  2.24%   315  146s
 22089  8473   19.72789   59   16   19.30562   19.72789  2.19%   268  150s
 25064  9987   19.49685   72   15   19.30562   19.71880  2.14%   243  155s
 28414 11859   19.60765   72   21   19.30562   19.67877  1.93%   221  161s
 30173 14210     cutoff   57        19.30562   19.65100  1.79%   211  166s
 36070 15768   19.63966   59   13   19.30562   19.63966  1.73%   185  170s
 40031 18206     cutoff   68        19.30562   19.63171  1.69%   172  175s
 45007 20757     cutoff   68        19.30562   19.61405  1.60%   159  181s
 49172 21848   19.60498   56   15   19.30562   19.60498  1.55%   150  186s
 49285 21887   19.60498   58   16   19.30562   19.60498  1.55%   150  190s
 49367 21933   19.60498   63   17   19.30562   19.60498  1.55%   150  195s
 51430 24280   19.60493   68   19   19.30562   19.60493  1.55%   147  202s
 56327 27029   19.55075   65   24   19.30562   19.59287  1.49%   139  207s
 61281 31589   19.56685   68   23   19.30562   19.58992  1.47%   133  216s
 70325 34148     cutoff   55        19.30562   19.58730  1.46%   124  222s
 72944 35674   19.36495   69   20   19.30562   19.57677  1.40%   122  226s
 76025 37049   19.55071   60   30   19.30562   19.57275  1.38%   119  230s
 79462 38349   19.54998   64   25   19.30562   19.56726  1.36%   116  235s
 86310 41511     cutoff   57        19.30562   19.55474  1.29%   111  244s
 89767 43335     cutoff   66        19.30562   19.54706  1.25%   109  250s
 93895 46375   19.53259   77   15   19.30562   19.53276  1.18%   106  259s
 100402 48075   19.52945   66   27   19.30562   19.53114  1.17%   102  264s
 104090 49748     cutoff   69        19.30562   19.52733  1.15%   100  269s
 107800 51348   19.51924   66   11   19.30562   19.51924  1.11%  98.1  274s
 111356 53096   19.45368   71   23   19.30562   19.51469  1.08%  96.2  280s
 115484 54615   19.50699   65   18   19.30562   19.50699  1.04%  94.0  285s
 119087 56214   19.50493   60   11   19.30562   19.50493  1.03%  92.4  290s
 122968 58416     cutoff   64        19.30562   19.50493  1.03%  90.8  299s

Cutting planes:
  Projected implied bound: 92
  MIR: 1164
  Flow cover: 74
  RLT: 681
  Relax-and-lift: 1

Explored 128599 nodes (11382169 simplex iterations) in 299.32 seconds (454.68 work units)
Thread count was 32 (of 255 available processors)

Solution count 6: 19.3056 19.3056 19.2982 ... 19.0924

Optimal solution found (tolerance 1.00e-02)
Best objective 1.930562442903e+01, best bound 1.949799493385e+01, gap 0.9964%

User-callback calls 286269, time in user-callback 0.06 sec
Encoding the two copies...
apply_sibgate_constraints!: emitted 11 coupling lines (both-thin), 0 conditional triangles on org (org-dropped), 0 conditional triangles on pert (pert-dropped).
Encoding dependencies (activation_start=1, layers_offset=2)...
Adding perturbed interval constraints...
  geometric-interval coupling: 148 constraints (org/perturbation)
19.305624429031013  19.49799493385097  299.33214497566223
paper_experiments_with_zono_fix/mnist/3x50_exp/translation/eps_3,1/N2stdBoost_3x50_19_sgd_itr1/
Clean sample classification: 1
Perturbed sample classification: 1
