/usr/local/lib/python3.8/dist-packages/torch/cuda/__init__.py:546: UserWarning: Can't initialize NVML
  warnings.warn("Can't initialize NVML")
source: 0 target: 2 model_arch: 3x50 perturbation type: patch perturbation size: [1.0, 14.0, 14.0, 3.0] dataset: fmnist
Attack:   0%|          | 0/500 [00:00<?, ?it/s]Attack:   0%|          | 1/500 [00:00<00:56,  8.90it/s]Attack:   7%|▋         | 35/500 [00:00<00:02, 192.09it/s]Attack:  14%|█▍        | 71/500 [00:00<00:01, 264.22it/s]Attack:  22%|██▏       | 108/500 [00:00<00:01, 304.24it/s]Attack:  29%|██▉       | 144/500 [00:00<00:01, 321.99it/s]Attack:  36%|███▌      | 178/500 [00:00<00:00, 326.55it/s]Attack:  43%|████▎     | 213/500 [00:00<00:00, 332.94it/s]Attack:  49%|████▉     | 247/500 [00:00<00:00, 334.20it/s]Attack:  56%|█████▌    | 281/500 [00:00<00:00, 331.02it/s]Attack:  63%|██████▎   | 315/500 [00:01<00:00, 328.08it/s]Attack:  70%|██████▉   | 349/500 [00:01<00:00, 329.48it/s]Attack:  77%|███████▋  | 385/500 [00:01<00:00, 337.42it/s]Attack:  84%|████████▍ | 421/500 [00:01<00:00, 342.93it/s]Attack:  91%|█████████ | 456/500 [00:01<00:00, 344.73it/s]Attack:  98%|█████████▊| 491/500 [00:01<00:00, 340.81it/s]Attack: 100%|█████████▉| 499/500 [00:01<00:00, 317.22it/s]
best_val 0.552458643913269
Set parameter WLSAccessID
Set parameter WLSSecret
Set parameter LicenseID to value 2478548
Academic license 2478548 - for non-commercial use only - registered to ne___@campus.technion.ac.il
Standard mode: boosts enabled:
  PerturbedIntervals:                 true
  Absolute Zonotope (Source B on N1): true
  Per-Copy Triangle Drop τ:           0.5
  Sibling-Gated Refinement:           true
Standard-mode boost: computing absolute zonotope bounds (Source B) on N1...
compute_n2_bounds_zonotope_with_n1_tighten: Source A absent — propagating absolute zonotope only (standard-mode nn1 boost path)
compute_n2_bounds_zonotope_with_n1_tighten: populated 2 ReLU layers
  Source B bounds computed: 2 ReLU layers
compute_n2_pert_relaxation_bounds: populated 2 ReLU layers
compute_n2_relax_decision!: τ=0.5, both=22 org-only=0 pert-only=0 none=78 (plus 0 stable neurons)
[notice | Main.MIPVerify]: Determining upper and lower bounds for the input to each non-linear unit.
Set parameter WLSAccessID
Set parameter WLSSecret
Set parameter LicenseID to value 2478548
Academic license 2478548 - for non-commercial use only - registered to ne___@campus.technion.ac.il
Set parameter TimeLimit to value 5
Set parameter TimeLimit to value 5
Set parameter WLSAccessID
Set parameter WLSSecret
Set parameter LicenseID to value 2478548
Academic license 2478548 - for non-commercial use only - registered to ne___@campus.technion.ac.il
Set parameter MIPFocus to value 3
Set parameter Cutoff to value 0.552458643913269
Set parameter Threads to value 32
Set parameter TimeLimit to value 10800
Set parameter MIPGap to value 0.01
Set parameter Seed to value 4
Set parameter Seed to value 4
Set parameter MIPGap to value 0.01
Set parameter MIPFocus to value 3
Set parameter Cutoff to value 0.552458643913269
Set parameter Threads to value 32
Set parameter TimeLimit to value 10800
Warning for adding constraints: zero or small (< 1e-13) coefficients, ignored
Gurobi Optimizer version 13.0.0 build v13.0.0rc1 (linux64 - "Ubuntu 20.04.2 LTS")

CPU model: AMD EPYC 7713 64-Core Processor, instruction set [SSE2|AVX|AVX2]
Thread count: 127 physical cores, 255 logical processors, using up to 32 threads

Non-default parameters:
Cutoff  0.552458643913269
TimeLimit  10800
MIPGap  0.01
MIPFocus  3
Seed  4
Threads  32

Academic license 2478548 - for non-commercial use only - registered to ne___@campus.technion.ac.il
Optimize a model with 1703 rows, 1951 columns and 153807 nonzeros (Max)
Model fingerprint: 0xdf92baa1
Model has 1 linear objective coefficients
Variable types: 1801 continuous, 150 integer (150 binary)
Coefficient statistics:
  Matrix range     [1e-13, 3e+01]
  Objective range  [1e+00, 1e+00]
  Bounds range     [1e-07, 3e+01]
  RHS range        [1e-11, 2e+01]

User MIP start did not produce a new incumbent solution
Processed MIP start in 2.22 seconds (3.39 work units)

Presolve removed 1059 rows and 840 columns
Presolve time: 0.15s
Presolved: 644 rows, 1111 columns, 125982 nonzeros
Variable types: 961 continuous, 150 integer (150 binary)
Root relaxation presolve removed 8 rows and 9 columns
Root relaxation presolved: 636 rows, 1102 columns, 125957 nonzeros


Extra simplex iterations after uncrush: 1

Root relaxation: objective 5.868124e+00, 670 iterations, 0.09 seconds (0.13 work units)

    Nodes    |    Current Node    |     Objective Bounds      |     Work
 Expl Unexpl |  Obj  Depth IntInf | Incumbent    BestBd   Gap | It/Node Time

     0     0    5.86812    0   94          -    5.86812      -     -    2s
Another try with MIP start
     0     0    4.92107    0   96          -    4.92107      -     -    7s
     0     0    4.92107    0   96          -    4.92107      -     -    7s
     0     0    4.91865    0   96          -    4.91865      -     -    7s
     0     0    4.89332    0   96          -    4.89332      -     -    7s
     0     0    4.89332    0   96          -    4.89332      -     -    8s
     0     0    4.77170    0   95          -    4.77170      -     -    8s
     0     0    4.72546    0   95          -    4.72546      -     -    9s
     0     0    4.72546    0   95          -    4.72546      -     -    9s
     0     0    4.69967    0   95          -    4.69967      -     -    9s
     0     0    4.69967    0   93          -    4.69967      -     -    9s
     0     0    4.69967    0   93          -    4.69967      -     -   10s
     0     0    4.69209    0   96          -    4.69209      -     -   10s
     0     0    4.68901    0   94          -    4.68901      -     -   10s
     0     0    4.68901    0   94          -    4.68901      -     -   11s
     0     0    4.68637    0   96          -    4.68637      -     -   11s
     0     0    4.67776    0   95          -    4.67776      -     -   12s
     0     0    4.67776    0   95          -    4.67776      -     -   12s
     0     0    4.67607    0  106          -    4.67607      -     -   12s
     0     0    4.64676    0   95          -    4.64676      -     -   12s
     0     0    4.64676    0   95          -    4.64676      -     -   13s
     0     0    4.64676    0  105          -    4.64676      -     -   13s
     0     0    4.61441    0  104          -    4.61441      -     -   13s
     0     0    4.61441    0  104          -    4.61441      -     -   13s
     0     0    4.61355    0  106          -    4.61355      -     -   13s
     0     0    4.61355    0   97          -    4.61355      -     -   14s
     0     0    4.61355    0   97          -    4.61355      -     -   14s
     0     0    4.60080    0  105          -    4.60080      -     -   14s
     0     0    4.60080    0  105          -    4.60080      -     -   15s
     0     0    4.60080    0  105          -    4.60080      -     -   15s
     0     0    4.58671    0   96          -    4.58671      -     -   15s
     0     0    4.58671    0   96          -    4.58671      -     -   15s
     0     2    4.58671    0   96          -    4.58671      -     -   16s
   127   178    4.06684    8   97          -    4.24902      -   700   20s
   914   921    3.41203   11   89          -    3.47944      -   479   25s
  1966  1978    2.88910   12   81          -    3.31033      -   402   30s
  3035  2843    2.13407   17   96          -    3.22998      -   353   46s
  3043  2848    2.48357   16  101          -    3.22998      -   352   50s
  3046  2850    2.08501   12  102          -    3.22998      -   351   55s
  3142  2970    3.22998   19   85          -    3.22998      -   362   60s
  3313  3070    3.22998   19   86          -    3.22998      -   375   65s
  3736  3397    3.22998   21   89          -    3.22998      -   393   70s
  4588  3957    3.04667   22   86          -    3.22998      -   405   75s
  5551  4689    2.92820   24   79          -    3.11766      -   408   80s
  7020  5732    1.99228   21   81          -    3.02886      -   402   85s
  8745  6892    2.76505   23   85          -    2.97160      -   385   90s
 10831  8229    1.88052   23   81          -    2.92677      -   371   95s
 13731 10692    2.58470   23   83          -    2.87652      -   350  101s
 16241 12495    2.54112   26   84          -    2.85449      -   333  106s
 17856 14108    2.26110   20   85          -    2.83005      -   325  111s
H17857 14099                       0.5587383    2.83005   407%   325  111s
 19539 15347    2.55703   24   81    0.55874    2.77835   397%   329  117s
 20493 16047    2.60387   25   83    0.55874    2.73720   390%   335  121s
H20514 16019                       0.5779310    2.73563   373%   335  121s
H20709 16019                       0.5779436    2.72962   372%   337  121s
 21354 16960    2.50944   26   77    0.57794    2.70485   368%   341  125s
 21979 17018    2.59693   27   82    0.57794    2.67272   362%   346  133s
 22013 17060    2.40346   25   86    0.57794    2.66872   362%   346  136s
 22617 18131    2.39268   26   77    0.57794    2.65047   359%   350  142s
 23998 19412    2.35281   25   80    0.57794    2.60845   351%   357  147s
 24760 20118    2.47294   25   83    0.57794    2.58129   347%   360  151s
 25544 20578    2.47247   27   76    0.57794    2.55819   343%   363  155s
H25578 20469                       0.6376681    2.55819   301%   363  155s
H25647 20469                       0.6376681    2.55591   301%   364  155s
 26988 21821    2.45294   26   84    0.63767    2.51845   295%   368  163s
H27043 21821                       0.6376682    2.51839   295%   368  163s
H27467 21804                       0.6425329    2.51393   291%   370  163s
 27550 22644    2.47269   26   77    0.64253    2.51168   291%   370  166s
 28479 23593    2.33576   26   82    0.64253    2.47732   286%   373  170s
 30633 25635 infeasible   26         0.64253    2.41761   276%   379  179s
 31784 26743    2.15191   27   79    0.64253    2.38401   271%   382  183s
 33013 28039    2.22209   28   79    0.64253    2.35315   266%   385  188s
 34426 29315    2.06809   27   82    0.64253    2.32709   262%   387  192s
 35816 30651    1.88068   27   81    0.64253    2.30791   259%   389  197s
 37278 32100    1.99360   28   83    0.64253    2.28461   256%   391  202s
 38862 33405    1.83806   27   79    0.64253    2.26815   253%   393  208s
 40237 34952    2.12503   29   78    0.64253    2.25281   251%   395  214s
 41892 34983    1.77957   28   79    0.64253    2.23733   248%   397  221s
H41900 34983                       0.6425329    2.23602   248%   397  221s
H41901 34983                       0.6425331    2.23600   248%   397  221s
H41923 34983                       0.6425331    2.23398   248%   397  221s
 41925 36388    1.11532   26   80    0.64253    2.23388   248%   397  228s
 43417 36418    1.78678   26   76    0.64253    2.22347   246%   398  237s
H43426 36418                       0.6425332    2.22255   246%   398  237s
H43437 36418                       0.6425344    2.22164   246%   398  237s
H43450 36417                       0.6436484    2.22107   245%   399  237s
 43451 36449    1.89711   27   83    0.64365    2.22096   245%   399  245s
H43483 36479                       0.6436485    2.21957   245%   399  254s
H43489 36479                       0.6436837    2.21947   245%   399  254s
H43506 36363                       0.6840850    2.21886   224%   399  254s
 43517 38158 infeasible   28         0.68409    2.21861   224%   399  261s
 45444 39975    2.03308   27   79    0.68409    2.20416   222%   401  268s
 47390 41861    2.09831   29   80    0.68409    2.18908   220%   402  276s
 49402 43816    1.57810   29   77    0.68409    2.17403   218%   404  287s
 51562 45843    1.34182   27   81    0.68409    2.15824   215%   406  296s
 53750 48010    2.00371   29   67    0.68409    2.14676   214%   408  305s
 56082 50031    1.92531   29   76    0.68409    2.13258   212%   409  315s
 58319 52344    1.94199   30   75    0.68409    2.12159   210%   410  325s
 60824 54938    2.00738   30   72    0.68409    2.10632   208%   411  336s
 63623 57384    1.90803   26   84    0.68409    2.09377   206%   413  348s
 66246 59877    1.84961   29   77    0.68409    2.08005   204%   413  360s
 68978 62502    1.81341   29   82    0.68409    2.06695   202%   414  373s
 71866 63208    1.77143   28   84    0.68409    2.05106   200%   415  393s
H71906 62935                       0.7309790    2.05105   181%   415  393s
H72147 62746                       0.7610001    2.04943   169%   415  393s
H72592 62713                       0.7651693    2.04895   168%   415  393s
H72613 62707                       0.7657438    2.04889   168%   415  393s
 72638 65598    1.55954   30   79    0.76574    2.04609   167%   415  406s
 75875 68164    1.92765   30   76    0.76574    2.02997   165%   416  422s
H78691 69867                       0.7657438    2.01597   163%   416  436s
H78795 69862                       0.7668854    2.01546   163%   416  436s
H79041 69794                       0.7747325    2.01476   160%   416  436s
H79429 69702                       0.7867905    2.01405   156%   416  436s
 80595 73113    1.34503   29   53    0.78679    2.01275   156%   416  454s
 84379 76556    1.57708   30   74    0.78679    1.98370   152%   417  470s
 88184 79962    1.28028   27   65    0.78679    1.96469   150%   417  488s
 91956 83408    1.87919   31   74    0.78679    1.94795   148%   418  506s
 95710 86380    1.79929   30   76    0.78679    1.93209   146%   418  522s
 98991 89735    1.81255   31   78    0.78679    1.91789   144%   418  537s
 102674 92815    1.74336   26   77    0.78679    1.90452   142%   418  550s
 106052 96129    1.76531   25   70    0.78679    1.89398   141%   417  565s
 109618 99252    1.54963   28   62    0.78679    1.88285   139%   417  579s
 113038 100479    1.73784   31   76    0.78679    1.87252   138%   416  600s
H113398 100479                       0.7867909    1.87202   138%   416  600s
H113472 100479                       0.7867922    1.87195   138%   416  600s
H114330 100479                       0.7867936    1.87154   138%   416  600s
 114375 103993    1.72330   32   69    0.78679    1.86868   138%   416  616s
 118268 107594    1.79541   31   71    0.78679    1.85915   136%   416  628s
 122215 111085    1.71303   33   68    0.78679    1.84992   135%   415  645s
 125971 114397    1.78761   33   77    0.78679    1.84184   134%   414  661s
 129561 117407    0.88569   30   69    0.78679    1.83430   133%   413  677s
 132853 120585    1.39668   29   80    0.78679    1.82679   132%   413  693s
 136352 123853    1.26346   31   73    0.78679    1.81911   131%   412  708s
 139901 127016    1.63656   32   77    0.78679    1.81272   130%   412  723s
 143394 130203    1.71163   34   70    0.78679    1.80607   130%   411  736s
 146856 133289    1.52290   29   78    0.78679    1.80021   129%   411  750s
 150258 136268    1.72463   27   62    0.78679    1.79387   128%   410  763s
 153531 137497    1.66372   27   70    0.78679    1.78847   127%   409  787s
H153665 137497                       0.7867949    1.78817   127%   409  787s
H153977 137495                       0.7867998    1.78792   127%   409  787s
H154196 137492                       0.7868936    1.78780   127%   409  787s
 154888 142173    1.25909   29   73    0.78689    1.78590   127%   409  806s
 159978 146013    1.67559   32   63    0.78689    1.77780   126%   408  824s
 164262 149172    1.40712   32   71    0.78689    1.77217   125%   408  839s
 167746 152697    1.63658   31   78    0.78689    1.76712   125%   407  855s
 171601 156094    1.70155   35   65    0.78689    1.76177   124%   406  872s
 175375 159227    1.65263   32   76    0.78689    1.75765   123%   406  887s
 178801 162363    1.57615   29   75    0.78689    1.75311   123%   405  903s
 182314 165338    1.62642   32   73    0.78689    1.74881   122%   405  916s
 185653 169018    1.59703   32   66    0.78689    1.74501   122%   405  933s
 189738 171983    1.48977   32   57    0.78689    1.73952   121%   404  947s
 193053 174971    1.66874   33   75    0.78689    1.73519   121%   403  961s
 196399 177860    0.88556   27   73    0.78689    1.73076   120%   403  975s
 199592 178747    1.60215   23   76    0.78689    1.72701   119%   403  993s
H199882 178620                       0.7933190    1.72659   118%   403  993s
 200583 181984    1.66482   31   79    0.79332    1.72534   117%   402 1005s
 204317 185176    1.51459   29   69    0.79332    1.72135   117%   402 1016s
 207829 188490    1.56414   28   74    0.79332    1.71707   116%   401 1028s
 211541 191628    1.18772   30   66    0.79332    1.71274   116%   401 1040s
 215013 195078    1.62689   27   78    0.79332    1.70873   115%   401 1057s
 218951 198157    1.60714   30   74    0.79332    1.70416   115%   400 1070s
 222442 200885    1.65914   33   71    0.79332    1.70049   114%   400 1084s
 225506 203896    1.47753   30   73    0.79332    1.69688   114%   399 1098s
 228936 207062    1.64375   36   66    0.79332    1.69278   113%   399 1112s
 232480 210131    1.53554   31   75    0.79332    1.68866   113%   398 1126s
 235942 212708    1.50376   31   68    0.79332    1.68464   112%   398 1140s
 238847 215794    1.54672   32   77    0.79332    1.68119   112%   398 1155s
 242344 218922    1.64166   33   74    0.79332    1.67708   111%   397 1172s
 245908 220204    1.58022   35   72    0.79332    1.67349   111%   397 1195s
H246277 220204                       0.7933190    1.67319   111%   397 1195s
H246890 219883                       0.8040501    1.67297   108%   397 1195s
H247373 223757                       0.8128423    1.67150   106%   397 1223s
 252044 228332    1.58412   36   62    0.81284    1.66947   105%   396 1243s
 257199 231983    1.59940   33   71    0.81284    1.66146   104%   396 1260s
 261333 235613    1.57499   34   71    0.81284    1.65692   104%   395 1276s
 265445 238823    1.44716   32   73    0.81284    1.65262   103%   395 1290s
 269114 242012    1.48196   31   79    0.81284    1.64893   103%   394 1306s
 272776 245272    1.57581   36   67    0.81284    1.64508   102%   394 1319s
 276511 248615    1.19509   33   70    0.81284    1.64154   102%   393 1333s
 280290 251762    1.50272   29   76    0.81284    1.63811   102%   393 1344s
H283861 251790                       0.8128424    1.63455   101%   392 1363s
H283866 251679                       0.8154504    1.63436   100%   392 1363s
H283875 251462                       0.8210169    1.63418  99.0%   392 1363s
 283897 254609    1.43314   29   75    0.82102    1.63403  99.0%   392 1373s
 287457 255453     cutoff   33         0.82102    1.63095  98.6%   392 1389s
H287519 255453                       0.8210237    1.63093  98.6%   392 1389s
H287606 255228                       0.8264962    1.63091  97.3%   392 1389s
H288014 255146                       0.8286108    1.63075  96.8%   392 1389s
 288426 258541    1.26462   35   63    0.82861    1.62981  96.7%   392 1401s
 292278 261746 infeasible   33         0.82861    1.62668  96.3%   391 1413s
 295939 264929    1.52640   33   68    0.82861    1.62317  95.9%   391 1426s
 299611 268099    1.36669   35   68    0.82861    1.62026  95.5%   391 1440s
 303243 271207    1.38948   30   83    0.82861    1.61731  95.2%   390 1454s
 306784 274701    1.51491   31   67    0.82861    1.61432  94.8%   390 1470s
 310771 277735    1.36056   26   69    0.82861    1.61099  94.4%   389 1483s
 314237 280653    1.55311   34   72    0.82861    1.60810  94.1%   389 1497s
 317624 283577    1.48836   33   75    0.82861    1.60542  93.7%   389 1511s
 320913 286263    1.51752   37   44    0.82861    1.60302  93.5%   388 1523s
 323948 289211    1.36758   31   77    0.82861    1.60055  93.2%   388 1534s
 327347 292261    1.47539   32   70    0.82861    1.59829  92.9%   387 1545s
 330815 295330    1.49885   35   67    0.82861    1.59556  92.6%   387 1558s
 334304 296184    1.54384   34   72    0.82861    1.59321  92.3%   387 1574s
H334358 296184                       0.8286108    1.59321  92.3%   387 1574s
 335267 299508     cutoff   35         0.82861    1.59244  92.2%   387 1588s
 339101 302849    1.48672   33   70    0.82861    1.58977  91.9%   386 1603s
 342972 305804    1.51874   36   46    0.82861    1.58709  91.5%   386 1614s
 346379 308813    1.16751   33   71    0.82861    1.58473  91.3%   386 1627s
 349807 311794    1.29312   34   68    0.82861    1.58235  91.0%   385 1641s
 353236 314797    1.38979   35   77    0.82861    1.57984  90.7%   385 1653s
 356642 317472 infeasible   30         0.82861    1.57783  90.4%   385 1664s
 359743 320439    1.52419   34   67    0.82861    1.57581  90.2%   385 1678s
 363154 323512    1.42510   31   58    0.82861    1.57340  89.9%   384 1692s
 366665 326319    1.51092   38   60    0.82861    1.57107  89.6%   384 1706s
 369881 329569    1.47811   36   71    0.82861    1.56929  89.4%   384 1721s
 373665 332459    1.49248   36   69    0.82861    1.56686  89.1%   383 1735s
 376997 335573    1.46567   35   65    0.82861    1.56474  88.8%   383 1749s
 380593 336274    1.49402   34   67    0.82861    1.56275  88.6%   383 1768s
H381203 336274                       0.8286110    1.56250  88.6%   383 1768s
 381387 338990    1.27552   31   73    0.82861    1.56197  88.5%   383 1786s
H381769 338990                       0.8286110    1.56195  88.5%   383 1786s
H383433 338990                       0.8286111    1.56187  88.5%   382 1786s
 384486 342093    1.24736   30   68    0.82861    1.56184  88.5%   382 1798s
 388076 345464    1.43908   35   54    0.82861    1.55972  88.2%   382 1811s
 391952 348799    1.46799   37   59    0.82861    1.55581  87.8%   382 1826s
 395735 351640    1.44611   31   72    0.82861    1.55377  87.5%   381 1841s
 398967 355015     cutoff   30         0.82861    1.55180  87.3%   381 1856s
 402869 357950    1.47390   36   67    0.82861    1.54963  87.0%   381 1868s
 406269 360855    1.49006   35   69    0.82861    1.54789  86.8%   381 1881s
 409574 363393    1.51473   36   70    0.82861    1.54588  86.6%   380 1894s
 412529 366323    1.34219   36   63    0.82861    1.54441  86.4%   380 1908s
 415914 369441    1.50624   32   69    0.82861    1.54248  86.2%   380 1923s
 419460 372447    1.49678   34   69    0.82861    1.54078  85.9%   380 1938s
 422930 375324    1.30583   33   73    0.82861    1.53899  85.7%   379 1951s
 426316 375354 infeasible   34         0.82861    1.53718  85.5%   379 1968s
H426324 375354                       0.8286111    1.53714  85.5%   379 1968s
H426330 375354                       0.8286150    1.53713  85.5%   379 1968s
H426340 375252                       0.8301146    1.53709  85.2%   379 1968s
H426344 375033                       0.8329419    1.53708  84.5%   379 1968s
 426350 378043    1.45452   37   65    0.83294    1.53706  84.5%   379 1979s
 429834 378976    1.00310   32   72    0.83294    1.53539  84.3%   379 1994s
H429867 378976                       0.8329420    1.53539  84.3%   379 1994s
H430430 378976                       0.8329420    1.53521  84.3%   379 1994s
H430494 378974                       0.8329629    1.53521  84.3%   379 1994s
 430918 383274    1.43408   32   72    0.83296    1.53479  84.3%   379 2012s
H435879 383297                       0.8330290    1.53221  83.9%   379 2036s
H435889 382997                       0.8371130    1.53220  83.0%   379 2036s
 435913 386637    1.48105   34   70    0.83711    1.53218  83.0%   379 2051s
 440207 390024    1.45979   36   66    0.83711    1.53019  82.8%   378 2067s
 444153 393047    1.50585   34   70    0.83711    1.52829  82.6%   378 2082s
 447743 396011    1.46993   31   78    0.83711    1.52650  82.4%   378 2097s
 451285 399119    1.36905   33   52    0.83711    1.52480  82.1%   378 2111s
 454870 402026    1.40547   33   56    0.83711    1.52328  82.0%   377 2124s
 458292 405059    1.25135   39   65    0.83711    1.52166  81.8%   377 2138s
 461832 408284    1.43030   37   69    0.83711    1.51981  81.6%   377 2153s
 465570 411130    1.41308   35   73    0.83711    1.51829  81.4%   377 2167s
 468873 411889 infeasible   31         0.83711    1.51676  81.2%   377 2183s
H469157 411882                       0.8371846    1.51661  81.2%   377 2183s
 469774 414965    1.41598   35   74    0.83718    1.51608  81.1%   377 2197s
H473371 417393                       0.8371846    1.51455  80.9%   376 2211s
H473745 417393                       0.8371847    1.51450  80.9%   376 2211s
H474105 417393                       0.8371897    1.51444  80.9%   376 2211s
 476221 420964    1.46291   35   73    0.83719    1.51428  80.9%   376 2223s
 480400 424236    1.39614   34   72    0.83719    1.51122  80.5%   376 2236s
 484285 427494    1.37865   30   70    0.83719    1.50953  80.3%   376 2248s
 488071 430569    1.39133   31   70    0.83719    1.50782  80.1%   375 2258s
 491696 433765    1.29129   32   75    0.83719    1.50619  79.9%   375 2270s
 495483 436675    1.34863   33   72    0.83719    1.50446  79.7%   375 2279s
 498820 439610    1.46616   34   66    0.83719    1.50308  79.5%   375 2289s
 502295 442497    1.41968   34   76    0.83719    1.50157  79.4%   375 2299s
 505663 445397    1.37505   29   75    0.83719    1.50017  79.2%   374 2309s
 509021 448366    1.44115   36   67    0.83719    1.49872  79.0%   374 2319s
 512548 451256    1.46035   35   71    0.83719    1.49729  78.8%   374 2329s
 515958 451972    1.34919   31   74    0.83719    1.49600  78.7%   374 2345s
H516008 451862                       0.8384021    1.49599  78.4%   374 2345s
 516788 454980     cutoff   36         0.83840    1.49561  78.4%   374 2358s
 520543 458121    1.44759   29   73    0.83840    1.49417  78.2%   374 2370s
 524293 461381    1.04424   33   62    0.83840    1.49271  78.0%   373 2384s
 528140 464266    1.05651   33   63    0.83840    1.49113  77.9%   373 2396s
 531529 467158    1.39068   37   70    0.83840    1.48991  77.7%   373 2408s
 534926 470038    1.40764   36   68    0.83840    1.48857  77.5%   373 2420s
 538342 472802    1.06407   33   68    0.83840    1.48735  77.4%   373 2430s
 541606 475743 infeasible   38         0.83840    1.48601  77.2%   372 2440s
 545031 478230    1.08725   35   64    0.83840    1.48462  77.1%   372 2449s
 547933 481147    1.37504   35   64    0.83840    1.48346  76.9%   372 2459s
 551349 484144    1.38167   38   61    0.83840    1.48217  76.8%   372 2469s
 554809 487396    1.38674   35   51    0.83840    1.48083  76.6%   372 2482s
 558669 490237    1.40854   40   57    0.83840    1.47935  76.4%   372 2495s
 562065 490860    1.36233   34   65    0.83840    1.47804  76.3%   371 2512s
H562256 490860                       0.8384021    1.47793  76.3%   371 2512s
H562735 490860                       0.8384021    1.47788  76.3%   371 2512s
 562846 494148    1.42133   35   67    0.83840    1.47759  76.2%   371 2524s
 566655 497269    1.39797   36   46    0.83840    1.47621  76.1%   371 2538s
 570346 500235    1.27018   33   69    0.83840    1.47484  75.9%   371 2551s
 573911 503257    1.46360   36   68    0.83840    1.47348  75.7%   371 2564s
 577488 506233    1.46701   36   54    0.83840    1.47223  75.6%   371 2576s
 581021 509182     cutoff   32         0.83840    1.47100  75.5%   370 2589s
 584507 512368    1.30820   33   72    0.83840    1.46965  75.3%   370 2603s
 588363 515214    0.97554   27   77    0.83840    1.46830  75.1%   370 2615s
 591739 518022     cutoff   30         0.83840    1.46702  75.0%   370 2627s
 595113 520603     cutoff   37         0.83840    1.46575  74.8%   370 2640s
 598245 523532    1.24264   33   71    0.83840    1.46457  74.7%   370 2652s
 601734 526447    1.31719   34   74    0.83840    1.46336  74.5%   369 2665s
 605147 528689    1.38154   39   43    0.83840    1.46218  74.4%   369 2678s
 607840 531607    1.38241   34   78    0.83840    1.46126  74.3%   369 2691s
H611362 532409                       0.8384021    1.45981  74.1%   369 2711s
H611524 532409                       0.8384022    1.45974  74.1%   369 2711s
 612287 535639    1.27776   33   61    0.83840    1.45939  74.1%   369 2726s
 616179 538808    1.39715   37   65    0.83840    1.45806  73.9%   369 2741s
H616666 538808                       0.8384022    1.45803  73.9%   369 2741s
H619957 540710                       0.8384022    1.45688  73.8%   368 2753s
H620072 540710                       0.8384022    1.45687  73.8%   368 2753s
H621880 540710                       0.8384022    1.45673  73.8%   368 2754s
 622240 543887    1.37903   38   46    0.83840    1.45669  73.7%   368 2768s
 626070 546984    1.31525   36   66    0.83840    1.45476  73.5%   368 2783s
 629761 549986    1.01582   38   58    0.83840    1.45343  73.4%   368 2797s
 633347 553021     cutoff   35         0.83840    1.45219  73.2%   368 2809s
 637034 555757    1.15804   32   72    0.83840    1.45099  73.1%   367 2822s
 640416 558661    1.34310   34   69    0.83840    1.44987  72.9%   367 2835s
 643895 561624    1.42030   35   69    0.83840    1.44874  72.8%   367 2848s
 647463 564710    1.41423   35   74    0.83840    1.44762  72.7%   367 2861s
 651211 567465    1.35202   36   67    0.83840    1.44651  72.5%   367 2873s
 654547 570322     cutoff   40         0.83840    1.44545  72.4%   367 2887s
 657988 571024    1.22275   37   67    0.83840    1.44435  72.3%   366 2903s
H658533 571024                       0.8384022    1.44417  72.3%   366 2903s
H658613 571023                       0.8384024    1.44417  72.3%   366 2903s
 658829 571051     cutoff   29         0.83840    1.44390  72.2%   366 2917s
H658835 571051                       0.8384024    1.44387  72.2%   366 2917s
 658864 571151    0.97115   30   66    0.83840    1.44382  72.2%   366 2934s
 658983 571260    1.42284   35   75    0.83840    1.44380  72.2%   366 2950s
 659114 571519    1.33173   31   79    0.83840    1.44377  72.2%   366 2965s
 659426 572095    1.14735   30   74    0.83840    1.44375  72.2%   366 2986s
 660139 573152    1.12801   31   62    0.83840    1.44372  72.2%   366 3003s
 661407 575022    1.14187   31   72    0.83840    1.44368  72.2%   366 3022s
 663716 577754    1.00859   37   65    0.83840    1.44361  72.2%   366 3043s
 666973 581155    1.41429   37   62    0.83840    1.44344  72.2%   366 3064s
H668298 581155                       0.8384024    1.44330  72.1%   366 3065s
 671071 584929    1.21429   33   74    0.83840    1.44311  72.1%   366 3084s
 675623 588804     cutoff   32         0.83840    1.44187  72.0%   366 3103s
 680272 591855    1.19185   33   67    0.83840    1.43921  71.7%   366 3123s
H682038 591855                       0.8384024    1.43811  71.5%   365 3123s
 683984 594723    1.37812   33   67    0.83840    1.43736  71.4%   365 3139s
 687463 597618    1.22212   33   63    0.83840    1.43560  71.2%   365 3151s
 690994 600561    1.37602   36   75    0.83840    1.43433  71.1%   365 3163s
 694547 603372    1.28383   33   72    0.83840    1.43245  70.9%   365 3176s
 697948 606176    1.04880   35   64    0.83840    1.43129  70.7%   365 3187s
 701379 608879     cutoff   32         0.83840    1.43018  70.6%   365 3197s
 704631 611783     cutoff   38         0.83840    1.42924  70.5%   364 3209s
 708101 614597    1.18548   31   64    0.83840    1.42814  70.3%   364 3219s
 711524 617765    1.24088   29   72    0.83840    1.42715  70.2%   364 3232s
 715325 620642    1.06857   35   66    0.83840    1.42587  70.1%   364 3245s
 718763 623390    1.32227   31   68    0.83840    1.42486  69.9%   364 3258s
 722084 626216    1.27617   33   69    0.83840    1.42380  69.8%   364 3270s
 725507 628106    1.33260   35   46    0.83840    1.42276  69.7%   363 3283s
H726029 628106                       0.8384025    1.42272  69.7%   363 3284s
 727784 630150    1.30514   36   67    0.83840    1.42262  69.7%   363 3299s
 730298 632541    1.36150   36   72    0.83840    1.42252  69.7%   363 3313s
 733156 634754    1.30649   33   73    0.83840    1.42220  69.6%   363 3327s
 735915 637770     cutoff   34         0.83840    1.42129  69.5%   363 3343s
 739623 641108    1.06824   35   75    0.83840    1.41996  69.4%   363 3357s
 743607 644405    1.14579   36   66    0.83840    1.41796  69.1%   363 3372s
 747612 647146     cutoff   33         0.83840    1.41601  68.9%   363 3385s
 750951 649870    1.27141   31   73    0.83840    1.41498  68.8%   362 3397s
 754260 652612    1.12414   31   73    0.83840    1.41406  68.7%   362 3409s
 757576 655413    1.36472   34   72    0.83840    1.41310  68.5%   362 3422s
 760953 658191    1.40841   37   62    0.83840    1.41219  68.4%   362 3435s
 764301 661020    1.32841   37   72    0.83840    1.41119  68.3%   362 3448s
 767663 663685     cutoff   32         0.83840    1.41030  68.2%   362 3460s
 770915 666351    1.00162   39   63    0.83840    1.40937  68.1%   362 3472s
 774180 669551    1.27228   36   65    0.83840    1.40848  68.0%   362 3486s
 778058 672345     cutoff   32         0.83840    1.40736  67.9%   361 3497s
 781504 675015    1.26873   36   66    0.83840    1.40640  67.7%   361 3507s
 784721 677689    1.14351   39   65    0.83840    1.40549  67.6%   361 3517s
 787992 680493    1.29146   32   76    0.83840    1.40455  67.5%   361 3527s
 791380 683413    1.29693   34   74    0.83840    1.40363  67.4%   361 3538s
 794902 686200    1.17336   39   64    0.83840    1.40276  67.3%   361 3550s
 798376 688986    1.34254   40   37    0.83840    1.40179  67.2%   361 3563s
 801772 691722    1.23810   35   66    0.83840    1.40097  67.1%   360 3574s
 805088 694973    1.31482   35   72    0.83840    1.40000  67.0%   360 3588s
 808990 697828    1.33675   40   63    0.83840    1.39905  66.9%   360 3601s
 812442 700569    1.31855   34   73    0.83840    1.39805  66.8%   360 3613s
 815781 703277    1.05592   36   63    0.83840    1.39716  66.6%   360 3625s
 819141 706138    1.22200   40   59    0.83840    1.39631  66.5%   360 3638s
 822593 708758    1.33299   36   68    0.83840    1.39539  66.4%   359 3650s
 825755 711496    1.37017   40   60    0.83840    1.39468  66.3%   359 3664s
 829066 714368    1.33134   39   43    0.83840    1.39380  66.2%   359 3678s
 832529 717128    1.27586   35   66    0.83840    1.39290  66.1%   359 3690s
 835880 720394    1.33536   37   71    0.83840    1.39210  66.0%   359 3705s
 839806 723173    1.03411   33   50    0.83840    1.39110  65.9%   359 3718s
 843161 725891    1.26001   37   68    0.83840    1.39029  65.8%   359 3732s
 846460 728742    1.10606   36   48    0.83840    1.38943  65.7%   359 3743s
 849900 731411     cutoff   38         0.83840    1.38856  65.6%   358 3754s
 853182 733957    1.33566   38   64    0.83840    1.38778  65.5%   358 3767s
 856271 736724    1.10523   33   66    0.83840    1.38707  65.4%   358 3780s
 859639 739388    1.32480   37   60    0.83840    1.38628  65.3%   358 3792s
 862899 742129    1.35174   37   64    0.83840    1.38547  65.3%   358 3805s
 866282 745254    1.24162   36   76    0.83840    1.38471  65.2%   358 3818s
 870113 747981    0.94206   36   69    0.83840    1.38382  65.1%   358 3831s
 873481 750708    1.28000   36   66    0.83840    1.38310  65.0%   358 3843s
 876901 753486    1.12025   33   74    0.83840    1.38221  64.9%   357 3853s
 880264 756150    1.23627   37   66    0.83840    1.38144  64.8%   357 3865s
 883549 758979    1.25184   34   71    0.83840    1.38064  64.7%   357 3878s
 886909 761627    1.16311   33   74    0.83840    1.37992  64.6%   357 3891s
 890223 764311    1.03727   39   66    0.83840    1.37911  64.5%   357 3904s
 893539 767204    1.28081   31   72    0.83840    1.37839  64.4%   357 3917s
 897125 770259    1.10926   27   73    0.83840    1.37762  64.3%   357 3931s
 900891 772729    0.89596   27   72    0.83840    1.37679  64.2%   357 3944s
 903913 775727    1.31048   35   71    0.83840    1.37608  64.1%   357 3957s
 907540 778629 infeasible   32         0.83840    1.37532  64.0%   356 3970s
 911088 781429    1.31719   35   65    0.83840    1.37458  64.0%   356 3983s
 914519 784301    1.30526   38   68    0.83840    1.37372  63.8%   356 3997s
 918025 787040    1.34007   39   71    0.83840    1.37297  63.8%   356 4009s
 921369 789840    1.26314   42   58    0.83840    1.37223  63.7%   356 4022s
 924831 792378    1.24994   35   65    0.83840    1.37151  63.6%   356 4033s
 927949 795410    1.19939   36   71    0.83840    1.37088  63.5%   356 4045s
 931711 798177    1.22644   32   70    0.83840    1.36997  63.4%   356 4056s
 935113 800807    1.23843   36   66    0.83840    1.36919  63.3%   355 4066s
 938373 803697    1.28319   39   40    0.83840    1.36852  63.2%   355 4077s
 941851 806257    1.16931   36   67    0.83840    1.36774  63.1%   355 4089s
 945031 809077    0.98274   39   61    0.83840    1.36707  63.1%   355 4101s
 948431 811895    1.30288   39   46    0.83840    1.36640  63.0%   355 4112s
 951850 814453    1.30672   39   65    0.83840    1.36564  62.9%   355 4124s
 955009 817263    1.28849   37   65    0.83840    1.36498  62.8%   355 4133s
 958438 820401    1.32199   37   65    0.83840    1.36425  62.7%   355 4145s
 962335 823109    1.30212   40   58    0.83840    1.36348  62.6%   355 4154s
 965687 825549    1.32315   37   70    0.83840    1.36281  62.5%   354 4164s
 968637 828218    1.26707   37   52    0.83840    1.36214  62.5%   354 4175s
 972050 831024    1.30310   41   62    0.83840    1.36153  62.4%   354 4185s
 975504 833793    1.26018   36   66    0.83840    1.36080  62.3%   354 4194s
 978966 836309    1.28678   40   59    0.83840    1.36018  62.2%   354 4204s
 982166 838983    1.08316   38   69    0.83840    1.35949  62.2%   354 4213s
 985478 841719    1.15325   35   73    0.83840    1.35882  62.1%   354 4223s
 988833 844923    1.30542   39   63    0.83840    1.35818  62.0%   354 4235s
 992682 847540     cutoff   38         0.83840    1.35739  61.9%   354 4244s
 995978 850026    1.30029   37   69    0.83840    1.35673  61.8%   353 4255s
 999061 852821    1.31568   36   73    0.83840    1.35606  61.7%   353 4265s
 1002515 855588    1.12320   38   68    0.83840    1.35541  61.7%   353 4274s
 1005966 858084    1.21451   42   57    0.83840    1.35467  61.6%   353 4284s
 1009077 860857    1.26355   34   75    0.83840    1.35405  61.5%   353 4293s
 1012538 863617    1.32622   38   44    0.83840    1.35330  61.4%   353 4303s
 1015931 866228    1.27667   40   63    0.83840    1.35264  61.3%   353 4313s
 1019209 869261    1.21034   35   69    0.83840    1.35199  61.3%   353 4323s
 1022999 871892    1.34638   37   62    0.83840    1.35126  61.2%   353 4332s
 1026206 874625     cutoff   35         0.83840    1.35067  61.1%   353 4342s
 1029533 877289    1.22735   39   65    0.83840    1.34998  61.0%   352 4352s
 1032947 879990    1.13318   31   74    0.83840    1.34934  60.9%   352 4361s
 1036309 882289    0.90080   31   78    0.83840    1.34870  60.9%   352 4371s
 1039187 885111    1.31495   35   69    0.83840    1.34811  60.8%   352 4380s
 1042701 887970     cutoff   39         0.83840    1.34743  60.7%   352 4390s
 1046258 890747     cutoff   31         0.83840    1.34681  60.6%   352 4400s
 1049777 893772    1.32614   36   69    0.83840    1.34610  60.6%   352 4411s
 1053542 896507    0.96433   39   40    0.83840    1.34539  60.5%   352 4424s
 1056976 899176    1.25533   40   66    0.83840    1.34474  60.4%   352 4436s
 1060403 901850    1.27398   38   62    0.83840    1.34411  60.3%   351 4448s
 1063752 904421    1.22581   31   70    0.83840    1.34350  60.2%   351 4459s
 1066957 907141     cutoff   39         0.83840    1.34291  60.2%   351 4469s
 1070419 909813    1.15238   37   71    0.83840    1.34232  60.1%   351 4479s
 1073742 912415 infeasible   38         0.83840    1.34171  60.0%   351 4491s
 1076973 915153    1.15507   37   64    0.83840    1.34109  60.0%   351 4502s
 1080349 918249    1.28152   41   41    0.83840    1.34047  59.9%   351 4516s
 1084176 918279    1.24252   35   73    0.83840    1.33979  59.8%   351 4530s
H1084185 918279                       0.8384025    1.33977  59.8%   351 4530s
 1084210 918402     cutoff   37         0.83840    1.33974  59.8%   351 4542s
H1084356 918402                       0.8384027    1.33972  59.8%   351 4543s
 1084360 918631    1.30884   37   65    0.83840    1.33972  59.8%   351 4556s
 1084642 918985    1.26285   37   49    0.83840    1.33970  59.8%   351 4572s
 1085116 920757    1.24883   32   73    0.83840    1.33967  59.8%   351 4592s
H1087321 923244                       0.8384027    1.33965  59.8%   351 4614s
H1087473 923244                       0.8384027    1.33964  59.8%   351 4614s
H1089204 923244                       0.8384028    1.33962  59.8%   351 4614s
 1090469 927126    1.16018   35   71    0.83840    1.33959  59.8%   351 4636s
 1095341 931270    1.23446   40   61    0.83840    1.33939  59.8%   350 4653s
 1100500 935019    1.27415   40   44    0.83840    1.33853  59.7%   350 4667s
 1105212 938469    1.26931   37   68    0.83840    1.33612  59.4%   350 4679s
 1109585 941504    1.15308   33   68    0.83840    1.33515  59.2%   350 4691s
 1113353 944209    1.26630   39   66    0.83840    1.33448  59.2%   350 4701s
 1116730 947030     cutoff   40         0.83840    1.33393  59.1%   350 4710s
 1120201 949565    1.17580   39   65    0.83840    1.33328  59.0%   350 4720s
 1123445 952325    1.21566   34   71    0.83840    1.33269  59.0%   350 4730s
 1126888 955031    1.09657   31   68    0.83840    1.33212  58.9%   349 4739s
 1130259 957802    1.24748   37   64    0.83840    1.33152  58.8%   349 4749s
 1133615 960445    1.21237   31   78    0.83840    1.33094  58.7%   349 4760s
 1136959 963173    1.13084   39   58    0.83840    1.33032  58.7%   349 4771s
 1140311 966214    1.23022   37   67    0.83840    1.32976  58.6%   349 4785s
 1144066 968969    1.21527   37   60    0.83840    1.32914  58.5%   349 4797s
 1147470 971563    1.22361   37   66    0.83840    1.32853  58.5%   349 4809s
 1150714 974142    1.27275   38   61    0.83840    1.32800  58.4%   349 4821s
 1154049 976910    1.27870   39   61    0.83840    1.32744  58.3%   349 4832s
 1157522 979622    1.26239   36   72    0.83840    1.32683  58.3%   349 4843s
 1160966 982314    1.24786   37   62    0.83840    1.32622  58.2%   349 4853s
 1164344 985045    1.29832   38   44    0.83840    1.32565  58.1%   348 4865s
 1167791 987671    1.08763   31   68    0.83840    1.32510  58.1%   348 4876s
 1171156 990702     cutoff   37         0.83840    1.32449  58.0%   348 4889s
 1171525 990702     cutoff   35         0.83840    1.32448  58.0%   348 4890s
 1175003 993356    1.03627   33   64    0.83840    1.32386  57.9%   348 4901s
 1178347 995466    1.26194   40   39    0.83840    1.32332  57.8%   348 4913s
 1181028 998316    1.22500   36   62    0.83840    1.32278  57.8%   348 4925s
 1184596 1001046    1.23588   38   64    0.83840    1.32221  57.7%   348 4937s
 1188125 1003874     cutoff   35         0.83840    1.32161  57.6%   348 4949s
 1191648 1006549    1.30357   41   36    0.83840    1.32106  57.6%   348 4961s
 1194990 1008433     cutoff   39         0.83840    1.32051  57.5%   348 4974s
H1196855 1008433                       0.8384028    1.32047  57.5%   348 4974s
 1197442 1010878 infeasible   37         0.83840    1.32045  57.5%   348 4985s
 1200543 1013601    1.26146   39   68    0.83840    1.32037  57.5%   347 4996s
 1203939 1016382    1.07227   37   64    0.83840    1.31988  57.4%   347 5009s
 1207496 1019089    1.27202   40   63    0.83840    1.31931  57.4%   347 5022s
 1210955 1021737    1.24669   39   61    0.83840    1.31869  57.3%   347 5035s
 1214292 1024466    1.05121   34   60    0.83840    1.31791  57.2%   347 5047s
 1217791 1027423    1.10035   39   46    0.83840    1.31690  57.1%   347 5059s
 1221490 1030100    1.07498   33   73    0.83840    1.31629  57.0%   347 5071s
 1224939 1032698    1.10312   37   61    0.83840    1.31574  56.9%   347 5080s
 1228264 1035370    1.30922   33   63    0.83840    1.31520  56.9%   347 5090s
 1231627 1038337    1.26945   40   62    0.83840    1.31469  56.8%   347 5102s
 1235417 1040895    1.20703   35   69    0.83840    1.31407  56.7%   347 5111s
 1238665 1043620    1.11747   29   74    0.83840    1.31353  56.7%   346 5121s
 1242087 1046374    0.95560   40   58    0.83840    1.31300  56.6%   346 5134s
 1245572 1049069    1.25493   36   70    0.83840    1.31247  56.5%   346 5146s
 1248936 1051786    1.29267   37   66    0.83840    1.31193  56.5%   346 5157s
 1252364 1054408    0.94081   34   47    0.83840    1.31140  56.4%   346 5170s
 1255696 1056962    1.21678   39   65    0.83840    1.31088  56.4%   346 5181s
 1259022 1059625    1.10124   36   62    0.83840    1.31040  56.3%   346 5193s
 1262359 1062478    1.24888   37   63    0.83840    1.30988  56.2%   346 5207s
 1266047 1064724    1.17892   36   66    0.83840    1.30926  56.2%   346 5220s
 1268978 1067691    1.09171   38   46    0.83840    1.30877  56.1%   346 5233s
 1272711 1070535    1.22543   37   62    0.83840    1.30822  56.0%   346 5246s
 1276303 1073226    1.21290   39   62    0.83840    1.30760  56.0%   345 5258s
 1279752 1076014    1.13657   36   58    0.83840    1.30710  55.9%   345 5269s
 1283275 1078677    1.24144   38   67    0.83840    1.30659  55.8%   345 5281s
 1286611 1081252    1.22972   41   62    0.83840    1.30603  55.8%   345 5293s
 1289876 1083975    1.22287   38   67    0.83840    1.30551  55.7%   345 5305s
 1293257 1087090    1.13048   36   68    0.83840    1.30499  55.7%   345 5319s
 1297130 1089738    1.27203   40   66    0.83840    1.30445  55.6%   345 5331s
 1300426 1092383    1.17515   42   50    0.83840    1.30393  55.5%   345 5342s
 1303752 1094922    1.23637   40   63    0.83840    1.30343  55.5%   345 5355s
 1307042 1097534    1.30099   37   65    0.83840    1.30290  55.4%   345 5367s
 1310429 1100141    1.25671   37   66    0.83840    1.30244  55.3%   345 5379s
 1313739 1102944    1.24625   42   62    0.83840    1.30192  55.3%   344 5391s
 1317172 1105585    1.05870   41   61    0.83840    1.30143  55.2%   344 5403s
 1320470 1108198     cutoff   39         0.83840    1.30093  55.2%   344 5415s
 1323819 1111075    1.24623   37   61    0.83840    1.30043  55.1%   344 5429s
 1327568 1113638    1.24902   39   62    0.83840    1.29987  55.0%   344 5441s
 1330832 1116305    1.26082   41   41    0.83840    1.29935  55.0%   344 5454s
 1334280 1118803    1.14997   41   63    0.83840    1.29883  54.9%   344 5466s
 1337526 1121375    0.94326   37   61    0.83840    1.29834  54.9%   344 5478s
 1340812 1124110    1.08535   36   67    0.83840    1.29785  54.8%   344 5489s
 1344240 1126624    1.23987   32   72    0.83840    1.29735  54.7%   344 5501s
 1347508 1129266     cutoff   36         0.83840    1.29687  54.7%   344 5513s
 1350892 1131816    1.22149   36   68    0.83840    1.29641  54.6%   344 5525s
 1354134 1134801    1.26896   41   54    0.83840    1.29592  54.6%   344 5538s
 1357896 1136805 infeasible   35         0.83840    1.29540  54.5%   343 5550s
 1360513 1139732     cutoff   32         0.83840    1.29493  54.5%   343 5562s
 1364261 1142522    1.24968   35   69    0.83840    1.29436  54.4%   343 5574s
 1367814 1145176    1.24676   43   56    0.83840    1.29385  54.3%   343 5584s
 1371230 1147906    1.14108   35   65    0.83840    1.29336  54.3%   343 5594s
 1374702 1150599    1.21083   39   65    0.83840    1.29287  54.2%   343 5604s
 1378062 1153271    1.26747   36   68    0.83840    1.29243  54.2%   343 5614s
 1381550 1155978    1.24077   37   65    0.83840    1.29195  54.1%   343 5623s
 1385003 1158941    0.91985   40   48    0.83840    1.29144  54.0%   343 5634s
 1388781 1161461    1.22015   40   64    0.83840    1.29091  54.0%   343 5644s
 1392023 1164122    1.21124   31   68    0.83840    1.29046  53.9%   343 5654s
 1395417 1166801    1.19939   39   62    0.83840    1.28999  53.9%   343 5667s
 1398840 1169439    1.06816   39   44    0.83840    1.28950  53.8%   343 5680s
 1402250 1171980    1.21167   35   66    0.83840    1.28899  53.7%   342 5691s
 1405533 1174675    1.02755   35   65    0.83840    1.28852  53.7%   342 5703s
 1408942 1177206    1.28227   40   64    0.83840    1.28806  53.6%   342 5715s
 1412226 1179883    1.02675   38   67    0.83840    1.28759  53.6%   342 5727s
 1415632 1182922    1.21719   40   45    0.83840    1.28710  53.5%   342 5741s
 1419549 1185537    1.19730   37   65    0.83840    1.28658  53.5%   342 5752s
 1422935 1188001    1.22214   40   62    0.83840    1.28614  53.4%   342 5765s
 1426112 1190504    1.22864   41   62    0.83840    1.28569  53.3%   342 5775s
 1429251 1193129    1.22046   35   65    0.83840    1.28528  53.3%   342 5787s
 1432543 1195588    1.21896   38   65    0.83840    1.28479  53.2%   342 5800s
 1435758 1198171    1.11522   31   69    0.83840    1.28432  53.2%   342 5812s
 1439004 1200759    1.22008   41   57    0.83840    1.28386  53.1%   342 5824s
 1442364 1203388    1.22003   39   60    0.83840    1.28343  53.1%   342 5838s
 1445747 1206292    1.17320   38   63    0.83840    1.28297  53.0%   341 5852s
 1449450 1208991    1.24431   42   38    0.83840    1.28247  53.0%   341 5864s
 1452907 1211625    1.24924   39   60    0.83840    1.28199  52.9%   341 5875s
 1456258 1214206    1.23027   36   70    0.83840    1.28159  52.9%   341 5886s
 1459561 1216700    0.93649   35   70    0.83840    1.28109  52.8%   341 5898s
 1462777 1219302    1.24279   32   69    0.83840    1.28064  52.7%   341 5909s
 1466168 1221505    1.16484   40   62    0.83840    1.28020  52.7%   341 5919s
 1469105 1224198     cutoff   44         0.83840    1.27979  52.6%   341 5932s
 1472592 1226938    1.15504   36   71    0.83840    1.27932  52.6%   341 5942s
 1476103 1229036    1.14617   31   61    0.83840    1.27886  52.5%   341 5958s
H1476440 1229036                       0.8384028    1.27885  52.5%   341 5959s
 1478807 1231913     cutoff   40         0.83840    1.27881  52.5%   341 5976s
 1482492 1234648    1.14500   34   58    0.83840    1.27875  52.5%   341 5991s
 1485972 1237538    0.92079   35   67    0.83840    1.27848  52.5%   341 6005s
 1489718 1240369    1.09792   37   65    0.83840    1.27781  52.4%   340 6019s
 1493437 1243126    1.16332   39   63    0.83840    1.27740  52.4%   340 6033s
 1496998 1245854    1.22579   38   68    0.83840    1.27681  52.3%   340 6047s
 1500507 1248588    1.22994   35   70    0.83840    1.27630  52.2%   340 6059s
 1504046 1251387    1.16575   42   58    0.83840    1.27584  52.2%   340 6070s
 1507656 1254340    1.23384   39   61    0.83840    1.27517  52.1%   340 6084s
 1511444 1256871    1.18342   36   64    0.83840    1.27422  52.0%   340 6097s
 1514710 1259545    1.17697   37   69    0.83840    1.27375  51.9%   340 6109s
 1518137 1262076    1.23609   42   59    0.83840    1.27333  51.9%   340 6121s
 1521500 1264694    1.07906   38   63    0.83840    1.27289  51.8%   340 6134s
 1524831 1267310    1.20578   37   64    0.83840    1.27250  51.8%   340 6146s
 1528184 1269836    1.11087   40   70    0.83840    1.27205  51.7%   340 6157s
 1531495 1272353    1.11486   33   72    0.83840    1.27162  51.7%   339 6169s
 1534757 1274979    1.23650   42   59    0.83840    1.27117  51.6%   339 6181s
 1538084 1277883     cutoff   39         0.83840    1.27077  51.6%   339 6196s
 1541842 1280548    0.99229   40   56    0.83840    1.27027  51.5%   339 6209s
 1545228 1283056    1.20216   38   68    0.83840    1.26986  51.5%   339 6222s
 1548499 1285582    1.25200   41   41    0.83840    1.26945  51.4%   339 6235s
 1551817 1287771    1.23838   37   69    0.83840    1.26906  51.4%   339 6247s
 1554677 1290389    1.26505   35   65    0.83840    1.26871  51.3%   339 6260s
 1558047 1293005    1.23240   40   37    0.83840    1.26828  51.3%   339 6272s
 1561356 1295622    1.19871   36   66    0.83840    1.26786  51.2%   339 6285s
 1564730 1298234    1.20741   37   70    0.83840    1.26740  51.2%   339 6298s
 1568095 1301049    1.22437   42   63    0.83840    1.26697  51.1%   339 6311s
 1571748 1303746    1.21911   39   69    0.83840    1.26652  51.1%   339 6324s
 1575189 1306334    1.13729   36   67    0.83840    1.26610  51.0%   339 6336s
 1578482 1309066    1.00467   41   54    0.83840    1.26573  51.0%   339 6348s
 1581953 1311728    1.19381   37   67    0.83840    1.26529  50.9%   338 6361s
 1585324 1314387    1.21872   39   43    0.83840    1.26488  50.9%   338 6375s
 1588761 1316955    1.20187   43   59    0.83840    1.26449  50.8%   338 6388s
 1592063 1319514    1.02447   42   59    0.83840    1.26408  50.8%   338 6400s
 1595354 1322096    1.17115   38   71    0.83840    1.26368  50.7%   338 6411s
 1598710 1325002    1.18882   39   66    0.83840    1.26328  50.7%   338 6422s
 1602503 1327578    1.20073   40   43    0.83840    1.26282  50.6%   338 6432s
 1605824 1330123     cutoff   31         0.83840    1.26244  50.6%   338 6441s
 1609111 1332634    1.07917   36   65    0.83840    1.26201  50.5%   338 6450s
 1612384 1335271    1.15145   39   61    0.83840    1.26166  50.5%   338 6460s
 1615796 1338028 infeasible   38         0.83840    1.26125  50.4%   338 6469s
 1619244 1340557    1.18201   39   61    0.83840    1.26083  50.4%   338 6479s
 1622576 1343065    1.12700   30   74    0.83840    1.26045  50.3%   338 6488s
 1625928 1345683    1.16933   37   66    0.83840    1.26003  50.3%   337 6497s
 1629313 1348611    0.90775   42   54    0.83840    1.25964  50.2%   337 6508s
 1633110 1351270    1.18273   37   69    0.83840    1.25921  50.2%   337 6518s
 1636485 1353765    1.19306   38   67    0.83840    1.25881  50.1%   337 6529s
 1639717 1356366    1.10958   39   66    0.83840    1.25845  50.1%   337 6539s
 1643090 1358996    1.13558   35   73    0.83840    1.25806  50.1%   337 6548s
 1646428 1361583    1.13405   35   51    0.83840    1.25765  50.0%   337 6559s
 1649816 1364076    1.08172   37   72    0.83840    1.25727  50.0%   337 6571s
 1653146 1366603    1.25220   42   34    0.83840    1.25689  49.9%   337 6582s
 1656432 1369233    1.24692   40   57    0.83840    1.25652  49.9%   337 6594s
 1659782 1371651    1.11497   34   67    0.83840    1.25612  49.8%   337 6607s
 1662997 1374694    1.15852   37   68    0.83840    1.25571  49.8%   337 6620s
 1666889 1377478    1.03298   38   70    0.83840    1.25527  49.7%   337 6633s
 1670486 1380191    1.17490   40   43    0.83840    1.25489  49.7%   336 6645s
 1674023 1382811    1.21957   42   55    0.83840    1.25449  49.6%   336 6657s
 1677425 1385464    0.96227   38   68    0.83840    1.25407  49.6%   336 6669s
 1680883 1388055    1.00847   38   60    0.83840    1.25369  49.5%   336 6680s
 1684358 1390468    1.19095   42   35    0.83840    1.25330  49.5%   336 6691s
 1687529 1393068    1.01397   34   68    0.83840    1.25292  49.4%   336 6703s
 1691003 1395895    1.07801   39   65    0.83840    1.25256  49.4%   336 6717s
 1694717 1398529    1.19513   38   67    0.83840    1.25211  49.3%   336 6729s
 1698173 1401014     cutoff   42         0.83840    1.25173  49.3%   336 6740s
 1701410 1403579    1.19017   38   71    0.83840    1.25138  49.3%   336 6752s
 1704800 1405984    0.96401   36   49    0.83840    1.25102  49.2%   336 6763s
 1707948 1408593    1.15546   31   75    0.83840    1.25065  49.2%   336 6774s
 1711396 1411073    0.85343   37   59    0.83840    1.25026  49.1%   336 6785s
 1714647 1413586    1.17180   37   68    0.83840    1.24994  49.1%   336 6798s
 1717938 1416233    1.07864   39   66    0.83840    1.24956  49.0%   336 6811s
 1721334 1419040    1.15938   42   56    0.83840    1.24920  49.0%   335 6825s
 1724998 1421638     cutoff   32         0.83840    1.24880  49.0%   335 6838s
 1728356 1424238    1.12332   37   68    0.83840    1.24841  48.9%   335 6851s
 1731746 1426808    0.98992   35   68    0.83840    1.24808  48.9%   335 6862s
 1735135 1429292    1.14808   40   58    0.83840    1.24770  48.8%   335 6874s
 1736250 1429292    1.22249   38   64    0.83840    1.24767  48.8%   335 6875s
 1738431 1431721    1.22422   41   42    0.83840    1.24731  48.8%   335 6886s
 1741671 1434189    1.21447   42   38    0.83840    1.24695  48.7%   335 6897s
 1744952 1436824    1.10422   33   70    0.83840    1.24659  48.7%   335 6909s
 1748467 1439324    1.05718   33   70    0.83840    1.24623  48.6%   335 6921s
 1751817 1442142    1.15969   37   66    0.83840    1.24589  48.6%   335 6934s
 1755535 1444301    1.14941   34   73    0.83840    1.24550  48.6%   335 6945s
 1758433 1446879    1.07038   37   69    0.83840    1.24515  48.5%   335 6957s
 1761770 1449600 infeasible   30         0.83840    1.24480  48.5%   335 6968s
 1765315 1452215    0.99065   36   66    0.83840    1.24443  48.4%   335 6979s
 1768820 1454913    1.22500   42   31    0.83840    1.24406  48.4%   335 6992s
 1772299 1457508    1.09982   40   65    0.83840    1.24368  48.3%   334 7004s
 1775642 1460060    1.03954   40   60    0.83840    1.24332  48.3%   334 7017s
 1778984 1462580    1.14289   35   52    0.83840    1.24296  48.3%   334 7028s
 1782294 1465394    1.14477   39   65    0.83840    1.24261  48.2%   334 7041s
 1786103 1467859    1.08774   36   49    0.83840    1.24221  48.2%   334 7053s
 1789346 1470490    1.14240   40   63    0.83840    1.24186  48.1%   334 7063s
 1792728 1473027    1.15738   40   58    0.83840    1.24152  48.1%   334 7075s
 1796097 1475522     cutoff   42         0.83840    1.24115  48.0%   334 7087s
 1799437 1478053    1.11914   42   62    0.83840    1.24081  48.0%   334 7100s
 1802751 1480531    1.18525   41   64    0.83840    1.24045  48.0%   334 7112s
 1806041 1483080    1.15594   38   66    0.83840    1.24008  47.9%   334 7124s
 1809356 1485638 infeasible   39         0.83840    1.23976  47.9%   334 7137s
 1812710 1488498    1.15803   35   63    0.83840    1.23943  47.8%   334 7150s
 1816488 1490971    1.19650   36   65    0.83840    1.23907  47.8%   334 7161s
 1819716 1493559    1.17877   42   60    0.83840    1.23871  47.7%   334 7172s
 1823143 1496043    1.10245   36   68    0.83840    1.23837  47.7%   333 7183s
 1826401 1498678    1.18153   39   63    0.83840    1.23805  47.7%   333 7194s
 1829795 1501164    1.14323   37   68    0.83840    1.23772  47.6%   333 7206s
 1833101 1503606    1.18259   39   63    0.83840    1.23738  47.6%   333 7216s
 1836433 1506058     cutoff   41         0.83840    1.23702  47.5%   333 7228s
 1839605 1508504    1.02255   31   68    0.83840    1.23668  47.5%   333 7240s
 1842859 1511394    1.20715   37   61    0.83840    1.23636  47.5%   333 7255s
 1846621 1513817    1.15633   39   61    0.83840    1.23600  47.4%   333 7267s
 1849873 1516281    1.19091   39   66    0.83840    1.23569  47.4%   333 7279s
 1853125 1518759    1.10214   38   55    0.83840    1.23534  47.3%   333 7290s
 1856396 1521207    1.21546   42   59    0.83840    1.23499  47.3%   333 7302s
 1859647 1523721    1.20745   43   37    0.83840    1.23468  47.3%   333 7314s
 1862925 1526392    1.03495   37   46    0.83840    1.23439  47.2%   333 7327s
 1866411 1528847    1.15555   43   58    0.83840    1.23402  47.2%   333 7338s
 1869682 1531337    1.14376   38   63    0.83840    1.23369  47.1%   333 7350s
 1872910 1534242     cutoff   40         0.83840    1.23338  47.1%   333 7364s
 1876740 1536537     cutoff   38         0.83840    1.23300  47.1%   332 7376s
 1879782 1539035    1.01314   35   72    0.83840    1.23266  47.0%   332 7387s
 1883056 1541627    1.17068   34   67    0.83840    1.23233  47.0%   332 7398s
 1886512 1543835    1.18333   41   66    0.83840    1.23199  46.9%   332 7409s
 1889450 1546547 infeasible   36         0.83840    1.23172  46.9%   332 7421s
 1893003 1549114    1.07799   34   66    0.83840    1.23139  46.9%   332 7431s
 1896410 1551689    1.07313   36   65    0.83840    1.23104  46.8%   332 7440s
 1899839 1554223    1.10745   37   65    0.83840    1.23069  46.8%   332 7452s
 1903164 1556995    0.92378   37   71    0.83840    1.23037  46.8%   332 7462s
 1906862 1559529    1.18227   41   37    0.83840    1.23000  46.7%   332 7473s
 1910230 1562057    1.22592   42   59    0.83840    1.22967  46.7%   332 7485s
 1913533 1564611     cutoff   42         0.83840    1.22935  46.6%   332 7495s
 1916942 1567159    1.02325   42   48    0.83840    1.22903  46.6%   332 7505s
 1920377 1569620    0.99657   36   75    0.83840    1.22872  46.6%   332 7517s
 1923665 1572270    1.19355   41   58    0.83840    1.22838  46.5%   332 7528s
 1927057 1574816    1.12300   34   72    0.83840    1.22808  46.5%   332 7538s
 1930364 1577423    1.13286   34   69    0.83840    1.22776  46.4%   331 7550s
 1933761 1580132    0.90917   37   61    0.83840    1.22746  46.4%   331 7564s
 1937332 1582805 infeasible   40         0.83840    1.22713  46.4%   331 7576s
 1940862 1585257    1.17762   41   40    0.83840    1.22678  46.3%   331 7588s
 1944179 1587758    1.14534   38   41    0.83840    1.22646  46.3%   331 7600s
 1947601 1590250    1.04357   34   70    0.83840    1.22611  46.2%   331 7610s
 1950924 1592798    1.16162   42   62    0.83840    1.22579  46.2%   331 7621s
 1954319 1595234    1.13983   41   64    0.83840    1.22548  46.2%   331 7632s
 1957579 1597863    1.18056   42   62    0.83840    1.22517  46.1%   331 7643s
 1960981 1600367     cutoff   37         0.83840    1.22485  46.1%   331 7654s
 1964329 1603196    0.99700   41   64    0.83840    1.22451  46.1%   331 7666s
 1968121 1605347     cutoff   34         0.83840    1.22416  46.0%   331 7675s
 1970991 1608034    1.12726   35   67    0.83840    1.22387  46.0%   331 7686s
 1974531 1610566    1.17132   41   68    0.83840    1.22356  45.9%   331 7699s
 1976438 1610566    0.98100   35   67    0.83840    1.22354  45.9%   331 7700s
 1977933 1613028    1.06357   42   64    0.83840    1.22325  45.9%   331 7711s
 1981237 1615690    1.13677   38   65    0.83840    1.22294  45.9%   331 7724s
 1984743 1618227    1.00808   38   70    0.83840    1.22263  45.8%   330 7735s
 1988056 1620810     cutoff   34         0.83840    1.22232  45.8%   330 7746s
 1991459 1623335    1.14842   39   64    0.83840    1.22202  45.8%   330 7757s
 1994861 1626192    1.20960   42   58    0.83840    1.22168  45.7%   330 7771s
 1998665 1628621    0.96963   36   65    0.83840    1.22136  45.7%   330 7781s
 2001931 1631044    1.16546   40   62    0.83840    1.22105  45.6%   330 7791s
 2005112 1633578    1.17883   45   57    0.83840    1.22080  45.6%   330 7803s
 2008517 1635998    1.13981   37   67    0.83840    1.22044  45.6%   330 7812s
 2011797 1638504    1.14387   34   68    0.83840    1.22015  45.5%   330 7822s
 2015155 1641067     cutoff   40         0.83840    1.21983  45.5%   330 7832s
 2018561 1643608    1.11038   38   64    0.83840    1.21952  45.5%   330 7843s
 2021940 1646048    1.17643   40   60    0.83840    1.21923  45.4%   330 7854s
 2025217 1648793     cutoff   31         0.83840    1.21893  45.4%   330 7867s
 2028907 1651258     cutoff   37         0.83840    1.21860  45.3%   330 7879s
 2032302 1653834    1.00998   41   60    0.83840    1.21831  45.3%   330 7890s
 2035694 1656320    1.16672   39   66    0.83840    1.21800  45.3%   330 7901s
 2038960 1658725    1.10597   38   61    0.83840    1.21771  45.2%   329 7913s
 2042252 1661208    1.05190   36   64    0.83840    1.21740  45.2%   329 7925s
 2045576 1663338    1.15833   37   66    0.83840    1.21709  45.2%   329 7936s
 2048425 1664665    1.15716   41   45    0.83840    1.21683  45.1%   329 7952s
H2049051 1664665                       0.8384028    1.21681  45.1%   329 7954s
H2049512 1664665                       0.8384028    1.21681  45.1%   329 7954s
H2049921 1664665                       0.8384028    1.21680  45.1%   329 7954s
 2050160 1666739    0.91530   36   70    0.83840    1.21680  45.1%   329 7966s
 2052966 1668869    1.12469   35   67    0.83840    1.21677  45.1%   329 7980s
 2055836 1670959    1.01419   30   76    0.83840    1.21669  45.1%   329 7993s
 2058585 1673461    1.20968   40   51    0.83840    1.21653  45.1%   329 8010s
 2061898 1675928    1.14053   38   65    0.83840    1.21627  45.1%   329 8026s
H2064588 1675928                       0.8384028    1.21605  45.0%   329 8027s
 2065139 1678604    0.85658   41   67    0.83840    1.21602  45.0%   329 8042s
 2068706 1681291    1.15922   36   65    0.83840    1.21578  45.0%   329 8057s
 2072313 1684078    1.18750   41   56    0.83840    1.21541  45.0%   329 8073s
 2076040 1686783     cutoff   38         0.83840    1.21497  44.9%   329 8087s
 2079710 1689580    0.98640   38   62    0.83840    1.21458  44.9%   329 8101s
 2083435 1692414     cutoff   29         0.83840    1.21422  44.8%   329 8115s
 2087140 1695065     cutoff   28         0.83840    1.21381  44.8%   329 8128s
 2090529 1697646    1.12720   38   63    0.83840    1.21344  44.7%   329 8141s
 2093991 1700285    1.14623   40   64    0.83840    1.21305  44.7%   329 8153s
 2097546 1702935    1.12465   39   59    0.83840    1.21275  44.7%   329 8166s
 2101022 1705576    1.10844   37   70    0.83840    1.21219  44.6%   328 8180s
 2104466 1707826    1.15228   44   33    0.83840    1.21187  44.5%   328 8193s
 2107534 1710358    1.15318   40   64    0.83840    1.21165  44.5%   328 8205s
 2110994 1712914    1.16385   38   62    0.83840    1.21134  44.5%   328 8216s
 2114437 1715499     cutoff   35         0.83840    1.21105  44.4%   328 8229s
 2117915 1718251    1.15023   35   62    0.83840    1.21075  44.4%   328 8244s
 2121617 1720582     cutoff   41         0.83840    1.21041  44.4%   328 8258s
 2124825 1723198    0.95998   36   72    0.83840    1.21013  44.3%   328 8272s
 2128328 1725675    1.17581   42   60    0.83840    1.20984  44.3%   328 8283s
 2131640 1728224    1.10267   39   57    0.83840    1.20953  44.3%   328 8295s
 2135026 1730722    1.13167   38   65    0.83840    1.20927  44.2%   328 8306s
 2138356 1733072    1.14812   42   57    0.83840    1.20897  44.2%   328 8317s
 2141573 1735467    1.14377   40   63    0.83840    1.20870  44.2%   328 8328s
 2144855 1737978    1.18514   39   61    0.83840    1.20843  44.1%   328 8340s
 2148259 1740600     cutoff   36         0.83840    1.20813  44.1%   328 8353s
 2151812 1743265    1.13146   43   56    0.83840    1.20783  44.1%   328 8365s
 2155348 1745720    0.93635   44   62    0.83840    1.20756  44.0%   328 8376s
 2158681 1748180    1.02392   43   59    0.83840    1.20725  44.0%   328 8387s
 2162014 1750702    1.05424   34   76    0.83840    1.20697  44.0%   328 8397s
 2165416 1753114    0.95085   37   64    0.83840    1.20669  43.9%   327 8406s
 2168713 1755319    1.15285   39   61    0.83840    1.20641  43.9%   327 8416s
 2171807 1757867    1.17731   40   62    0.83840    1.20614  43.9%   327 8426s
 2175262 1760218    1.06652   30   71    0.83840    1.20585  43.8%   327 8436s
 2178441 1762873    1.01198   40   63    0.83840    1.20557  43.8%   327 8447s
 2182113 1765399    1.14472   38   67    0.83840    1.20525  43.8%   327 8458s
 2185497 1767980    1.08475   40   67    0.83840    1.20499  43.7%   327 8469s
 2188924 1770403    0.88895   38   61    0.83840    1.20470  43.7%   327 8480s
 2192271 1772874    1.14477   39   63    0.83840    1.20445  43.7%   327 8491s
 2195621 1775337    1.14387   38   68    0.83840    1.20416  43.6%   327 8503s
 2198935 1777774    1.15023   37   66    0.83840    1.20389  43.6%   327 8517s
 2202235 1780290     cutoff   34         0.83840    1.20362  43.6%   327 8528s
 2205594 1782727    1.13441   43   56    0.83840    1.20334  43.5%   327 8541s
 2208891 1785491    1.13853   39   59    0.83840    1.20305  43.5%   327 8554s
 2212545 1788060     cutoff   36         0.83840    1.20276  43.5%   327 8567s
 2215990 1790583    1.02379   35   72    0.83840    1.20250  43.4%   327 8578s
 2219375 1792755    1.15235   40   60    0.83840    1.20223  43.4%   327 8588s
 2222442 1795345    1.11623   40   64    0.83840    1.20196  43.4%   327 8600s
 2225900 1797715    1.17820   39   71    0.83840    1.20168  43.3%   326 8611s
 2229121 1800307    1.15041   44   35    0.83840    1.20141  43.3%   326 8620s
 2232519 1802864    1.15481   40   67    0.83840    1.20112  43.3%   326 8630s
 2235913 1805362    1.12243   38   65    0.83840    1.20086  43.2%   326 8642s
 2239231 1808021    1.13261   38   66    0.83840    1.20058  43.2%   326 8655s
 2242860 1810333    1.05042   35   73    0.83840    1.20029  43.2%   326 8665s
 2246100 1812989    1.07856   34   66    0.83840    1.19999  43.1%   326 8675s
 2249521 1815511    1.12850   40   63    0.83840    1.19973  43.1%   326 8686s
 2252910 1817997    0.99322   41   61    0.83840    1.19945  43.1%   326 8696s
 2256298 1820438    1.11969   41   64    0.83840    1.19920  43.0%   326 8706s
 2259615 1822997     cutoff   31         0.83840    1.19890  43.0%   326 8719s
 2263034 1825471    1.08321   33   64    0.83840    1.19861  43.0%   326 8732s
 2266405 1827436    1.16566   43   38    0.83840    1.19835  42.9%   326 8743s
 2269149 1830072    1.11088   35   76    0.83840    1.19812  42.9%   326 8757s
 2272733 1832542     cutoff   35         0.83840    1.19784  42.9%   326 8768s
 2276063 1835040    1.13892   35   64    0.83840    1.19757  42.8%   326 8778s
 2279442 1837477    1.12071   40   64    0.83840    1.19731  42.8%   326 8789s
 2282792 1839896    1.11568   40   62    0.83840    1.19703  42.8%   326 8800s
 2286111 1842314    1.13951   42   35    0.83840    1.19676  42.7%   326 8813s
 2289417 1844806    1.10127   38   65    0.83840    1.19650  42.7%   326 8826s
 2292809 1847310    1.16768   42   65    0.83840    1.19622  42.7%   326 8838s
 2296231 1849790    0.97664   35   64    0.83840    1.19595  42.6%   325 8850s
 2299680 1852478    0.96043   34   73    0.83840    1.19567  42.6%   325 8864s
 2303328 1854876    1.14305   40   62    0.83840    1.19539  42.6%   325 8876s
 2306616 1857377 infeasible   42         0.83840    1.19512  42.5%   325 8889s
 2310023 1859769     cutoff   36         0.83840    1.19485  42.5%   325 8902s
 2313306 1862251     cutoff   32         0.83840    1.19459  42.5%   325 8915s
 2316644 1864737    1.07777   39   65    0.83840    1.19434  42.5%   325 8928s
 2320039 1867214    1.12492   40   60    0.83840    1.19409  42.4%   325 8939s
 2323403 1869718    1.14005   34   58    0.83840    1.19382  42.4%   325 8951s
 2326782 1872218    1.13746   36   66    0.83840    1.19358  42.4%   325 8963s
 2330115 1875015 infeasible   31         0.83840    1.19332  42.3%   325 8976s
 2333947 1875044    1.12128   38   66    0.83840    1.19302  42.3%   325 8991s
 2333982 1875073    0.86939   30   72    0.83840    1.19300  42.3%   325 9004s
 2334017 1875118    1.13538   42   65    0.83840    1.19299  42.3%   325 9020s
H2334069 1875118                       0.8384028    1.19298  42.3%   325 9021s
 2334076 1875376    1.17455   35   49    0.83840    1.19298  42.3%   325 9034s
H2334311 1875376                       0.8384028    1.19298  42.3%   325 9035s
 2334448 1876017     cutoff   32         0.83840    1.19298  42.3%   325 9054s
 2335341 1877216    1.12291   39   56    0.83840    1.19297  42.3%   325 9070s
 2337003 1879390     cutoff   34         0.83840    1.19296  42.3%   325 9096s
 2339944 1882246    1.09630   40   64    0.83840    1.19295  42.3%   325 9116s
 2344003 1886266    0.94566   38   49    0.83840    1.19291  42.3%   325 9138s
 2349479 1889758    1.07004   37   67    0.83840    1.19274  42.3%   325 9156s
 2354172 1892880    1.08334   37   64    0.83840    1.19219  42.2%   325 9171s
 2358388 1895922    1.10062   35   73    0.83840    1.19168  42.1%   325 9185s
 2362579 1898596    1.14778   44   54    0.83840    1.19126  42.1%   324 9197s
 2366241 1900849    0.84251   38   64    0.83840    1.19076  42.0%   324 9208s
 2369456 1903063     cutoff   40         0.83840    1.19047  42.0%   324 9221s
 2372715 1905277    1.15723   42   55    0.83840    1.19022  42.0%   324 9232s
 2375895 1907746    1.00418   34   72    0.83840    1.18996  41.9%   324 9243s
 2379367 1910054    1.14416   39   62    0.83840    1.18972  41.9%   324 9253s
 2382679 1912295    1.09660   42   63    0.83840    1.18948  41.9%   324 9265s
 2385931 1914610    1.05607   34   63    0.83840    1.18923  41.8%   324 9277s
 2389345 1916990    1.13785   41   58    0.83840    1.18900  41.8%   324 9288s
 2392723 1919402    1.16125   43   60    0.83840    1.18873  41.8%   324 9300s
 2396203 1921806    1.10942   42   61    0.83840    1.18848  41.8%   324 9312s
 2399671 1924157    1.15076   39   62    0.83840    1.18822  41.7%   324 9324s
 2403088 1926353    1.00875   38   65    0.83840    1.18796  41.7%   324 9335s
 2406408 1928654    1.14600   43   60    0.83840    1.18772  41.7%   324 9346s
 2409819 1930990     cutoff   42         0.83840    1.18724  41.6%   324 9359s
 2413264 1933310    1.16020   39   62    0.83840    1.18700  41.6%   324 9370s
 2416685 1935630    1.15904   43   40    0.83840    1.18676  41.6%   324 9381s
 2420044 1937928    0.97514   37   58    0.83840    1.18650  41.5%   324 9392s
 2423392 1940584    1.01418   40   62    0.83840    1.18628  41.5%   324 9404s
 2427143 1942938    1.13492   43   32    0.83840    1.18601  41.5%   324 9415s
 2430582 1945153    1.16868   41   59    0.83840    1.18577  41.4%   324 9426s
 2433800 1947366    1.13994   38   60    0.83840    1.18554  41.4%   324 9436s
 2437014 1949617    1.12813   34   71    0.83840    1.18531  41.4%   323 9447s
 2440320 1951936    1.11819   44   58    0.83840    1.18505  41.3%   323 9459s
 2440441 1951936    1.14207   42   48    0.83840    1.18505  41.3%   323 9460s
 2443661 1954295    1.14682   40   36    0.83840    1.18482  41.3%   323 9471s
 2447056 1956570     cutoff   34         0.83840    1.18457  41.3%   323 9482s
 2450467 1958854    0.86315   33   70    0.83840    1.18433  41.3%   323 9493s
 2453790 1961283     cutoff   39         0.83840    1.18409  41.2%   323 9505s
 2457415 1963634     cutoff   39         0.83840    1.18383  41.2%   323 9517s
 2460841 1965930    1.10648   36   53    0.83840    1.18358  41.2%   323 9528s
 2464131 1968326    0.96499   39   61    0.83840    1.18335  41.1%   323 9539s
 2467521 1970622     cutoff   34         0.83840    1.18312  41.1%   323 9550s
 2470933 1972899 infeasible   40         0.83840    1.18290  41.1%   323 9560s
 2474340 1974611    1.13069   43   43    0.83840    1.18264  41.1%   323 9569s
 2476939 1976998    1.12410   35   74    0.83840    1.18242  41.0%   323 9580s
 2480372 1979461    0.97603   43   64    0.83840    1.18218  41.0%   323 9589s
 2483932 1981808    1.12253   41   63    0.83840    1.18194  41.0%   323 9600s
 2487541 1984147    1.13742   44   42    0.83840    1.18169  40.9%   323 9610s
 2490935 1986375    0.89577   38   50    0.83840    1.18144  40.9%   323 9620s
 2494200 1988739     cutoff   36         0.83840    1.18122  40.9%   323 9629s
 2497615 1991010    1.09296   34   69    0.83840    1.18095  40.9%   323 9641s
 2501019 1993338    0.93535   43   59    0.83840    1.18070  40.8%   323 9651s
 2504413 1995576    1.11529   40   61    0.83840    1.18048  40.8%   323 9661s
 2507746 1997860    1.11000   38   68    0.83840    1.18023  40.8%   323 9671s
 2511109 2000204    1.08851   37   63    0.83840    1.17999  40.7%   322 9682s
 2514492 2002846    1.15335   40   63    0.83840    1.17975  40.7%   322 9694s
 2518250 2005092    1.12665   44   56    0.83840    1.17951  40.7%   322 9704s
 2521573 2007343    1.04171   35   68    0.83840    1.17926  40.7%   322 9713s
 2524906 2009666    1.10548   37   48    0.83840    1.17903  40.6%   322 9724s
 2528234 2012026    1.14388   44   36    0.83840    1.17882  40.6%   322 9733s
 2531583 2014284    1.11298   38   68    0.83840    1.17858  40.6%   322 9742s
 2534836 2016498    1.14582   44   38    0.83840    1.17834  40.5%   322 9751s
 2538181 2018721    1.16389   40   60    0.83840    1.17811  40.5%   322 9761s
 2541445 2020965    1.03465   34   71    0.83840    1.17788  40.5%   322 9772s
 2544780 2023393    1.09691   38   66    0.83840    1.17764  40.5%   322 9784s
 2548494 2025608    1.10819   40   62    0.83840    1.17740  40.4%   322 9795s
 2551747 2027878    1.08594   37   74    0.83840    1.17719  40.4%   322 9805s
 2555100 2030037    1.13350   44   39    0.83840    1.17695  40.4%   322 9817s
 2558282 2032236    1.01491   35   73    0.83840    1.17671  40.4%   322 9828s
 2561597 2034585    1.14560   41   58    0.83840    1.17648  40.3%   322 9839s
 2565029 2036776    1.03842   42   59    0.83840    1.17624  40.3%   322 9850s
 2568244 2039072    0.91315   41   50    0.83840    1.17600  40.3%   322 9862s
 2571601 2041299    1.10994   43   51    0.83840    1.17580  40.2%   322 9873s
 2574903 2043747    1.11922   40   64    0.83840    1.17557  40.2%   322 9887s
 2578597 2045824    0.97336   39   52    0.83840    1.17531  40.2%   322 9898s
 2581704 2048141    1.10449   36   51    0.83840    1.17506  40.2%   322 9909s
 2585100 2050374    1.16829   44   36    0.83840    1.17485  40.1%   322 9922s
 2588442 2052734     cutoff   38         0.83840    1.17461  40.1%   322 9932s
 2591830 2055033    1.09084   38   67    0.83840    1.17439  40.1%   321 9943s
 2595284 2057362     cutoff   36         0.83840    1.17417  40.0%   321 9953s
 2598691 2059613    1.16192   44   56    0.83840    1.17393  40.0%   321 9965s
 2602072 2061919    1.09917   40   69    0.83840    1.17370  40.0%   321 9977s
 2605409 2064418    1.12903   44   60    0.83840    1.17349  40.0%   321 9988s
 2609121 2066163     cutoff   38         0.83840    1.17324  39.9%   321 9998s
 2611713 2068607     cutoff   40         0.83840    1.17307  39.9%   321 10012s
 2615304 2071126    1.02930   41   60    0.83840    1.17281  39.9%   321 10027s
 2618888 2073593    1.01571   42   59    0.83840    1.17257  39.9%   321 10040s
 2622391 2075849    1.09767   41   59    0.83840    1.17235  39.8%   321 10052s
 2625788 2078207    1.11326   44   61    0.83840    1.17213  39.8%   321 10065s
 2629231 2080408     cutoff   38         0.83840    1.17190  39.8%   321 10077s
 2632459 2082868    1.11395   41   59    0.83840    1.17170  39.8%   321 10088s
 2636023 2085407    0.95206   40   48    0.83840    1.17149  39.7%   321 10100s
 2639716 2087730    1.15959   44   56    0.83840    1.17123  39.7%   321 10112s
 2643080 2090082    1.10963   41   67    0.83840    1.17101  39.7%   321 10123s
 2646517 2092365    0.99542   41   56    0.83840    1.17079  39.6%   321 10134s
 2649872 2094641    1.03366   38   71    0.83840    1.17057  39.6%   321 10146s
 2653248 2096814    1.12441   44   34    0.83840    1.17035  39.6%   321 10158s
 2656498 2099006    1.12963   45   54    0.83840    1.17016  39.6%   321 10170s
 2659773 2101216    1.01542   40   65    0.83840    1.16992  39.5%   321 10181s
 2663076 2103507    1.14626   42   38    0.83840    1.16971  39.5%   321 10191s
 2666457 2106017    1.14131   44   41    0.83840    1.16949  39.5%   321 10203s
 2670128 2108293    1.15475   45   34    0.83840    1.16925  39.5%   320 10214s
 2673552 2110604    1.06044   30   66    0.83840    1.16903  39.4%   320 10225s
 2676897 2112740     cutoff   35         0.83840    1.16883  39.4%   320 10235s
 2680128 2115035     cutoff   37         0.83840    1.16860  39.4%   320 10246s
 2683540 2117269    1.14081   42   59    0.83840    1.16837  39.4%   320 10257s
 2686844 2119420    1.13040   40   63    0.83840    1.16816  39.3%   320 10269s
 2690019 2121585    1.12416   44   36    0.83840    1.16796  39.3%   320 10281s
 2693430 2123809    1.15791   40   64    0.83840    1.16774  39.3%   320 10292s
 2696672 2126272 infeasible   38         0.83840    1.16753  39.3%   320 10306s
 2700387 2128424    1.02560   38   67    0.83840    1.16728  39.2%   320 10318s
 2703585 2130694     cutoff   34         0.83840    1.16708  39.2%   320 10331s
 2706989 2133035    1.15097   36   67    0.83840    1.16685  39.2%   320 10344s
 2710447 2135288    1.01201   36   67    0.83840    1.16665  39.2%   320 10355s
 2713733 2137030    1.12033   40   50    0.83840    1.16643  39.1%   320 10366s
 2716293 2139330    1.10108   42   60    0.83840    1.16624  39.1%   320 10379s
 2719726 2141723    0.98410   42   58    0.83840    1.16603  39.1%   320 10391s
 2723204 2144095    1.10671   33   69    0.83840    1.16580  39.0%   320 10404s
 2726621 2146591    1.06631   41   58    0.83840    1.16560  39.0%   320 10417s
 2730332 2148908    1.14054   41   61    0.83840    1.16536  39.0%   320 10429s
 2733750 2151052    1.02335   37   64    0.83840    1.16514  39.0%   320 10440s
 2736958 2153311     cutoff   39         0.83840    1.16494  38.9%   320 10452s
 2740205 2155559    0.84691   41   55    0.83840    1.16473  38.9%   320 10463s
 2743510 2157776     cutoff   37         0.83840    1.16453  38.9%   320 10476s
 2746878 2160077    1.12005   42   59    0.83840    1.16431  38.9%   320 10488s
 2750266 2162332    1.07544   40   58    0.83840    1.16411  38.8%   319 10500s
 2753659 2164501    1.11700   41   59    0.83840    1.16391  38.8%   319 10511s
 2756922 2166988    1.10250   40   59    0.83840    1.16372  38.8%   319 10523s
 2760623 2169103    1.05076   44   33    0.83840    1.16349  38.8%   319 10534s
 2763847 2171382    0.88672   41   67    0.83840    1.16328  38.7%   319 10544s
 2767269 2173577    0.97958   41   68    0.83840    1.16311  38.7%   319 10554s
 2770668 2175802     cutoff   39         0.83840    1.16286  38.7%   319 10565s
 2773921 2178078    1.05787   34   68    0.83840    1.16268  38.7%   319 10575s
 2777281 2180187    1.05378   42   58    0.83840    1.16246  38.7%   319 10585s
 2780533 2182353     cutoff   36         0.83840    1.16226  38.6%   319 10595s
 2783767 2184665    1.10422   41   63    0.83840    1.16204  38.6%   319 10604s
 2787137 2187105     cutoff   40         0.83840    1.16185  38.6%   319 10619s
 2790820 2189329    1.01988   39   69    0.83840    1.16161  38.6%   319 10631s
 2794178 2191544     cutoff   40         0.83840    1.16142  38.5%   319 10640s
 2797477 2193792    1.15809   40   47    0.83840    1.16122  38.5%   319 10649s
 2800760 2195946    1.06669   40   64    0.83840    1.16102  38.5%   319 10658s
 2804048 2198250    1.08110   38   72    0.83840    1.16081  38.5%   319 10667s
 2807446 2199930    1.06188   44   56    0.83840    1.16061  38.4%   319 10677s
 2810076 2202272    1.13099   42   43    0.83840    1.16044  38.4%   319 10687s
 2813607 2204488    0.97063   35   64    0.83840    1.16022  38.4%   319 10698s
 2816993 2206956    1.14612   39   67    0.83840    1.16002  38.4%   319 10710s
 2820680 2209142    1.07186   37   51    0.83840    1.15979  38.3%   319 10720s
 2823966 2211389     cutoff   39         0.83840    1.15959  38.3%   319 10730s
 2827348 2213602    1.07324   39   66    0.83840    1.15938  38.3%   319 10740s
 2830731 2215861    1.07121   41   64    0.83840    1.15918  38.3%   319 10753s
 2834072 2218098 infeasible   34         0.83840    1.15898  38.2%   318 10764s
 2837396 2220316    1.11063   40   45    0.83840    1.15878  38.2%   318 10773s
 2840678 2222546    0.98005   37   65    0.83840    1.15858  38.2%   318 10784s
 2844035 2224770    1.13567   46   52    0.83840    1.15838  38.2%   318 10795s
 2847398 2225907     cutoff   34         0.83840    1.15817  38.1%   318 10800s

Cutting planes:
  Gomory: 6
  Lift-and-project: 12
  Implied bound: 5
  Projected implied bound: 50
  MIR: 463
  Flow cover: 669
  RLT: 46
  Relax-and-lift: 702

Explored 2849091 nodes (906892334 simplex iterations) in 10801.31 seconds (18184.54 work units)
Thread count was 32 (of 255 available processors)

Solution count 10: 0.838403 0.838403 0.838403 ... 0.838402

Time limit reached
Best objective 8.384028048049e-01, best bound 1.158082968387e+00, gap 38.1297%

User-callback calls 6346454, time in user-callback 3.71 sec
/usr/local/lib/python3.8/dist-packages/torch/cuda/__init__.py:546: UserWarning: Can't initialize NVML
  warnings.warn("Can't initialize NVML")
source: 0 target: 3 model_arch: 3x50 perturbation type: patch perturbation size: [1.0, 14.0, 14.0, 3.0] dataset: fmnist
Attack:   0%|          | 0/500 [00:00<?, ?it/s]Attack:   0%|          | 1/500 [00:00<01:03,  7.81it/s]Attack:   3%|▎         | 17/500 [00:00<00:05, 86.47it/s]Attack:   8%|▊         | 41/500 [00:00<00:03, 150.34it/s]Attack:  13%|█▎        | 67/500 [00:00<00:02, 188.87it/s]Attack:  18%|█▊        | 92/500 [00:00<00:01, 209.63it/s]Attack:  24%|██▎       | 118/500 [00:00<00:01, 223.62it/s]Attack:  29%|██▉       | 144/500 [00:00<00:01, 232.29it/s]Attack:  34%|███▍      | 169/500 [00:00<00:01, 237.68it/s]Attack:  39%|███▉      | 194/500 [00:00<00:01, 241.24it/s]Attack:  44%|████▍     | 219/500 [00:01<00:01, 243.70it/s]Attack:  49%|████▉     | 245/500 [00:01<00:01, 245.64it/s]Attack:  54%|█████▍    | 270/500 [00:01<00:00, 245.85it/s]Attack:  59%|█████▉    | 295/500 [00:01<00:00, 246.26it/s]Attack:  64%|██████▍   | 320/500 [00:01<00:00, 246.41it/s]Attack:  70%|███████   | 351/500 [00:01<00:00, 263.32it/s]Attack:  78%|███████▊  | 388/500 [00:01<00:00, 293.99it/s]Attack:  85%|████████▌ | 425/500 [00:01<00:00, 316.06it/s]Attack:  92%|█████████▏| 462/500 [00:01<00:00, 331.87it/s]Attack:  99%|█████████▉| 497/500 [00:01<00:00, 336.49it/s]Attack: 100%|█████████▉| 499/500 [00:01<00:00, 253.40it/s]
best_val 1.0973399877548218
Set parameter WLSAccessID
Set parameter WLSSecret
Set parameter LicenseID to value 2478548
Academic license 2478548 - for non-commercial use only - registered to ne___@campus.technion.ac.il
Encoding the two copies...
apply_sibgate_constraints!: emitted 10 coupling lines (both-thin), 0 conditional triangles on org (org-dropped), 0 conditional triangles on pert (pert-dropped).
Encoding dependencies (activation_start=1, layers_offset=2)...
Adding perturbed interval constraints...
0.838402804804856  1.15808296838702  10801.333540916443
paper_experiments/fashion-mnist/3x50_exp/patch/eps_1,14,14,3/N2stdBoost_3x50_model_seed42_itr19_sgd_itr1/
Clean sample classification: 1
Perturbed sample classification: 3
compute_n2_pert_relaxation_bounds: populated 2 ReLU layers
compute_n2_relax_decision!: τ=0.5, both=22 org-only=0 pert-only=0 none=78 (plus 0 stable neurons)
[notice | Main.MIPVerify]: Determining upper and lower bounds for the input to each non-linear unit.
Set parameter WLSAccessID
Set parameter WLSSecret
Set parameter LicenseID to value 2478548
Academic license 2478548 - for non-commercial use only - registered to ne___@campus.technion.ac.il
Set parameter TimeLimit to value 5
Set parameter WLSAccessID
Set parameter WLSSecret
Set parameter LicenseID to value 2478548
Academic license 2478548 - for non-commercial use only - registered to ne___@campus.technion.ac.il
Set parameter MIPFocus to value 3
Set parameter Cutoff to value 1.0973399877548218e+00
Set parameter Threads to value 32
Set parameter TimeLimit to value 10800
Set parameter MIPGap to value 0.01
Set parameter Seed to value 4
Set parameter Seed to value 4
Set parameter MIPGap to value 0.01
Set parameter MIPFocus to value 3
Set parameter Cutoff to value 1.0973399877548218e+00
Set parameter Threads to value 32
Set parameter TimeLimit to value 10800
Warning for adding constraints: zero or small (< 1e-13) coefficients, ignored
Gurobi Optimizer version 13.0.0 build v13.0.0rc1 (linux64 - "Ubuntu 20.04.2 LTS")

CPU model: AMD EPYC 7713 64-Core Processor, instruction set [SSE2|AVX|AVX2]
Thread count: 127 physical cores, 255 logical processors, using up to 32 threads

Non-default parameters:
Cutoff  1.0973399877548218e+00
TimeLimit  10800
MIPGap  0.01
MIPFocus  3
Seed  4
Threads  32

Academic license 2478548 - for non-commercial use only - registered to ne___@campus.technion.ac.il
Optimize a model with 1642 rows, 1890 columns and 153624 nonzeros (Max)
Model fingerprint: 0xeaffea7a
Model has 1 linear objective coefficients
Variable types: 1740 continuous, 150 integer (150 binary)
Coefficient statistics:
  Matrix range     [1e-13, 3e+01]
  Objective range  [1e+00, 1e+00]
  Bounds range     [1e-07, 3e+01]
  RHS range        [1e-11, 2e+01]

User MIP start did not produce a new incumbent solution
Processed MIP start in 1.80 seconds (2.68 work units)

Presolve removed 998 rows and 778 columns
Presolve time: 0.16s
Presolved: 644 rows, 1112 columns, 125983 nonzeros
Variable types: 962 continuous, 150 integer (150 binary)
Root relaxation presolve removed 8 rows and 10 columns
Root relaxation presolved: 636 rows, 1102 columns, 125957 nonzeros


Extra simplex iterations after uncrush: 1

Root relaxation: objective 7.598835e+00, 628 iterations, 0.08 seconds (0.13 work units)

    Nodes    |    Current Node    |     Objective Bounds      |     Work
 Expl Unexpl |  Obj  Depth IntInf | Incumbent    BestBd   Gap | It/Node Time

     0     0    7.59884    0   97          -    7.59884      -     -    2s
Another try with MIP start
     0     0    6.62965    0   97          -    6.62965      -     -    5s
     0     0    6.62965    0   97          -    6.62965      -     -    5s
     0     0    6.62965    0   96          -    6.62965      -     -    5s
     0     0    6.38951    0   93          -    6.38951      -     -    5s
     0     0    6.38951    0   93          -    6.38951      -     -    5s
     0     0    5.88405    0   96          -    5.88405      -     -    6s
     0     0    5.78078    0   97          -    5.78078      -     -    7s
     0     0    5.78078    0   96          -    5.78078      -     -    7s
     0     0    5.68405    0   96          -    5.68405      -     -    7s
     0     0    5.66805    0   97          -    5.66805      -     -    7s
     0     0    5.54574    0   95          -    5.54574      -     -    7s
     0     0    5.54574    0   95          -    5.54574      -     -    7s
     0     0    5.54514    0   98          -    5.54514      -     -    7s
     0     0    5.44489    0   98          -    5.44489      -     -    7s
     0     0    5.44489    0   98          -    5.44489      -     -    7s
     0     0    5.44489    0   98          -    5.44489      -     -    7s
     0     0    5.44150    0   98          -    5.44150      -     -    7s
     0     0    5.40186    0   99          -    5.40186      -     -    8s
     0     0    5.40186    0   99          -    5.40186      -     -    8s
     0     0    5.40186    0   99          -    5.40186      -     -    8s
     0     0    5.33528    0   99          -    5.33528      -     -    9s
     0     0    5.33528    0   99          -    5.33528      -     -    9s
     0     0    5.33397    0   99          -    5.33397      -     -    9s
     0     0    5.33397    0   99          -    5.33397      -     -    9s
     0     0    5.33397    0   99          -    5.33397      -     -   10s
     0     0    5.30730    0   99          -    5.30730      -     -   10s
     0     0    5.30551    0   98          -    5.30551      -     -   10s
     0     0    5.30551    0   98          -    5.30551      -     -   10s
     0     0    5.30551    0   97          -    5.30551      -     -   10s
     0     0    5.30551    0   97          -    5.30551      -     -   10s
     0     0    5.30551    0   97          -    5.30551      -     -   10s
     0     0    5.25451    0   97          -    5.25451      -     -   10s
     0     0    5.25451    0   97          -    5.25451      -     -   10s
     0     0    5.25451    0   97          -    5.25451      -     -   11s
     0     0    5.17502    0   97          -    5.17502      -     -   12s
     0     0    5.17502    0   97          -    5.17502      -     -   12s
     0     0    5.17123    0   97          -    5.17123      -     -   12s
     0     0    5.17123    0   97          -    5.17123      -     -   12s
     0     0    5.17123    0   97          -    5.17123      -     -   13s
     0     0    5.14298    0   97          -    5.14298      -     -   14s
     0     0    5.14298    0   97          -    5.14298      -     -   14s
     0     2    5.14298    0   97          -    5.14298      -     -   14s
     1     4    5.14298    1   98          -    5.14298      -  1183   15s
   308   369    4.63962   12   81          -    4.74253      -   455   20s
  1217  1247    1.59401   15   74          -    4.18465      -   373   25s
  2463  2383    3.87836   12   80          -    4.05514      -   310   30s
  3243  2954    3.85251   15   97          -    4.00929      -   285   46s
  3252  2960    2.00875   23   95          -    4.00929      -   284   51s
  3256  2966    4.00929   13   95          -    4.00929      -   285   55s
  3410  3094    4.00929   20   87          -    4.00929      -   295   60s
  3565  3192    4.00929   24   85          -    4.00929      -   310   66s
  3739  3333    3.25313   28   74          -    4.00929      -   320   70s
  4725  3976    1.55256   28   77          -    3.95141      -   329   75s
  6017  4767 infeasible   29               -    3.83400      -   320   80s
  8494  6590    3.19496   28   74          -    3.72255      -   288   85s
 12357  9280    3.57033   31   71          -    3.65017      -   250   90s
 17081 13732    3.13444   21   92          -    3.59245      -   221   95s
*17954 13541              86       1.2077001    3.58799   197%   217   95s
 19092 14615    3.17537   33   69    1.20770    3.53251   192%   223  100s
H19319 14494                       1.2486912    3.52493   182%   224  100s
H19340 14479                       1.2552252    3.52338   181%   225  100s
 19421 14536    3.35444   30   73    1.25523    3.50745   179%   226  106s
 19496 14591    3.35929   34   68    1.25523    3.49445   178%   227  110s
H19499 14591                       1.2552252    3.49421   178%   227  110s
H19529 14591                       1.2552252    3.48961   178%   228  110s
H19553 14643                       1.2552388    3.48820   178%   228  112s
 20011 15400    3.32094   32   74    1.25524    3.46839   176%   231  115s
H20049 15399                       1.2553544    3.46570   176%   231  115s
H20317 15399                       1.2555494    3.45710   175%   232  115s
 21616 16558    3.30808   35   65    1.25555    3.41407   172%   236  122s
H21660 16589                       1.2556103    3.40568   171%   237  124s
 21682 17162    3.05968   34   65    1.25561    3.40249   171%   237  126s
 23535 19015    2.86139   34   63    1.25561    3.35519   167%   243  131s
 25028 20355    3.08722   36   67    1.25561    3.32633   165%   248  135s
 25777 20417    3.25962   22   88    1.25561    3.30558   163%   250  142s
H25780 20417                       1.2556103    3.30513   163%   250  142s
 25810 20466    2.81964   35   69    1.25561    3.30181   163%   250  145s
H25848 20466                       1.2565451    3.29971   163%   250  145s
H25851 20406                       1.2708775    3.29954   160%   250  145s
 27653 22983    2.71387   35   70    1.27088    3.26630   157%   255  151s
H29000 23817                       1.2708872    3.24536   155%   257  154s
 29577 24892    3.07271   34   65    1.27089    3.23503   155%   259  157s
 30768 25978    3.04308   35   66    1.27089    3.21088   153%   261  160s
 33203 28328    2.93031   34   72    1.27089    3.16424   149%   266  167s
 34596 29650    2.66740   34   68    1.27089    3.14433   147%   269  170s
 37376 32349     cutoff   36         1.27089    3.09245   143%   272  177s
 39060 33797    2.56075   35   66    1.27089    3.06221   141%   273  181s
 40660 35618    2.90320   34   70    1.27089    3.04124   139%   274  185s
 44789 37566    2.86463   38   50    1.27089    2.98943   135%   274  196s
H44804 37565                       1.2710947    2.98689   135%   274  196s
H44809 37563                       1.2713458    2.98662   135%   274  196s
H44822 38832                       1.2713470    2.98534   135%   274  201s
H45170 38828                       1.2716427    2.98478   135%   275  201s
 46214 41102    2.89705   33   60    1.27164    2.98293   135%   275  206s
 48688 43164    2.77674   39   60    1.27164    2.94892   132%   274  210s
 50931 45356    2.74255   36   60    1.27164    2.92936   130%   274  215s
 53290 47599    2.73952   34   63    1.27164    2.90929   129%   274  220s
 55730 49913    2.56928   38   55    1.27164    2.88989   127%   274  225s
 58218 52373    2.40519   38   56    1.27164    2.87358   126%   274  230s
 60888 55335    2.76405   40   50    1.27164    2.85597   125%   273  236s
 64074 57506    1.56005   34   54    1.27164    2.83500   123%   273  241s
 66415 60083    2.07041   27   76    1.27164    2.81817   122%   273  247s
 69199 62772    2.50174   41   54    1.27164    2.79963   120%   273  253s
 72176 65676    2.65238   41   55    1.27164    2.78073   119%   273  259s
H75327 65076                       1.3372137    2.76304   107%   272  268s
H75329 65076                       1.3372245    2.76260   107%   272  268s
 75359 67967    2.73574   37   60    1.33722    2.76093   106%   272  275s
 78554 71012    1.70670   37   58    1.33722    2.74422   105%   272  281s
 81927 74207    2.24988   36   65    1.33722    2.72547   104%   272  288s
 85450 77453    2.64719   37   52    1.33722    2.70720   102%   271  296s
 89098 80572    2.64434   38   45    1.33722    2.68606   101%   271  303s
 92543 84324    1.82134   36   59    1.33722    2.66908   100%   270  311s
 96827 87471    1.95296   29   68    1.33722    2.64948  98.1%   270  317s
 100324 90716    2.49580   39   61    1.33722    2.63444  97.0%   269  324s
 103952 93785    2.57938   38   60    1.33722    2.62119  96.0%   268  331s
 107404 97063    2.57008   34   61    1.33722    2.60862  95.1%   268  338s
 111017 100416    2.34979   38   56    1.33722    2.59404  94.0%   267  345s
 114747 103582    2.39899   39   65    1.33722    2.58184  93.1%   266  352s
 118279 106807    2.45745   36   52    1.33722    2.57049  92.2%   265  359s
 121938 110561    2.43577   23   86    1.33722    2.55737  91.2%   264  367s
 126172 113497    2.38427   38   68    1.33722    2.54521  90.3%   264  374s
 129434 116738    2.19277   24   71    1.33722    2.53579  89.6%   263  381s
 133086 119954    2.23901   40   54    1.33722    2.52546  88.9%   262  389s
 136690 123144     cutoff   40         1.33722    2.51596  88.1%   262  396s
H140276 120589                       1.4551033    2.50683  72.3%   261  406s
 140311 122650    2.33304   42   58    1.45510    2.50577  72.2%   261  413s
H140312 122650                       1.4551232    2.50577  72.2%   261  413s
H142564 122611                       1.4567146    2.50539  72.0%   261  413s
 142670 125786    2.42729   38   53    1.45671    2.50531  72.0%   261  422s
 146293 128967    2.43372   36   58    1.45671    2.48937  70.9%   260  431s
 149952 132169    2.04888   41   69    1.45671    2.47980  70.2%   260  440s
 153676 135667    2.19079   35   64    1.45671    2.47087  69.6%   259  449s
 157777 138650    2.25135   37   64    1.45671    2.46142  69.0%   258  456s
 161260 141555    1.83679   40   52    1.45671    2.45341  68.4%   258  464s
 164591 144585    2.01355   42   54    1.45671    2.44644  67.9%   258  472s
 168081 147577    2.37242   41   46    1.45671    2.43849  67.4%   257  480s
 171573 150636    2.26596   39   56    1.45671    2.43176  66.9%   257  488s
 175208 153597    2.37517   40   61    1.45671    2.42449  66.4%   256  496s
 178704 156502    1.57761   36   64    1.45671    2.41764  66.0%   256  503s
 182074 159557    2.10268   42   46    1.45671    2.41036  65.5%   255  510s
 185587 162888    1.84388   37   57    1.45671    2.40361  65.0%   255  518s
 189405 165440    2.33173   42   49    1.45671    2.39633  64.5%   254  526s
 192434 168686    1.61013   39   55    1.45671    2.38994  64.1%   254  536s
 196177 168714     cutoff   40         1.45671    2.38317  63.6%   254  547s
H196205 168706                       1.4568954    2.38254  63.5%   254  547s
H196212 168685                       1.4573616    2.38246  63.5%   254  547s
 196213 171900    2.31358   41   56    1.45736    2.38245  63.5%   254  558s
 199910 171929    2.20789   43   46    1.45736    2.37615  63.0%   253  571s
H199911 158321                       1.7323328    2.37615  37.2%   253  571s
H199929 158149                       1.7348359    2.37556  36.9%   253  571s
 199945 160828     cutoff   42         1.73484    2.37526  36.9%   253  579s
 203400 163404    2.33534   40   60    1.73484    2.36729  36.5%   253  586s
 206721 165982    2.23716   38   57    1.73484    2.35948  36.0%   253  594s
 210098 168673    2.29202   39   52    1.73484    2.35157  35.6%   253  601s
 213566 171304    2.22846   37   60    1.73484    2.34402  35.1%   252  609s
 217026 174174    2.18990   42   64    1.73484    2.33612  34.7%   252  617s
 220808 176796    2.16033   40   59    1.73484    2.32731  34.2%   252  624s
 224230 179332    2.05529   36   66    1.73484    2.32013  33.7%   251  634s
 227587 181976     cutoff   28         1.73484    2.31265  33.3%   251  642s
 231076 184519    2.05100   39   62    1.73484    2.30587  32.9%   251  650s
 234479 187057    2.23583   48   40    1.73484    2.29923  32.5%   251  659s
 237869 189753    2.18830   29   74    1.73484    2.29269  32.2%   250  668s
 241444 191241    2.22867   33   57    1.73484    2.28658  31.8%   250  679s
H241671 190601                       1.7420060    2.28654  31.3%   250  679s
 243454 193453     cutoff   26         1.74201    2.28605  31.2%   250  691s
 247211 196366     cutoff   35         1.74201    2.27745  30.7%   249  699s
 251132 198746    2.19308   35   59    1.74201    2.27134  30.4%   249  707s
 254423 201213    2.06219   44   40    1.74201    2.26639  30.1%   248  715s
 257786 203730     cutoff   39         1.74201    2.26172  29.8%   248  722s
 261240 206239    2.18236   43   40    1.74201    2.25704  29.6%   248  729s
 264711 206264    2.14121   38   49    1.74201    2.25196  29.3%   247  741s
H264713 205953                       1.7449793    2.25192  29.1%   247  741s
H264722 205945                       1.7450801    2.25175  29.0%   247  741s
H264724 205716                       1.7470059    2.25172  28.9%   247  741s
H264725 205716                       1.7470067    2.25172  28.9%   247  741s
 264750 208291     cutoff   46         1.74701    2.25156  28.9%   247  750s
 268287 210910    2.18464   46   55    1.74701    2.24717  28.6%   247  758s
 271876 213543     cutoff   42         1.74701    2.24230  28.4%   246  766s
 275488 215828    1.96057   41   60    1.74701    2.23788  28.1%   246  773s
 278629 218627    2.03456   44   48    1.74701    2.23400  27.9%   245  783s
 282502 221262    1.92088   41   49    1.74701    2.22952  27.6%   245  791s
 286096 223795    1.92740   38   53    1.74701    2.22583  27.4%   244  798s
 289561 226128    2.17189   46   44    1.74701    2.22219  27.2%   244  805s
 292899 228626    2.20173   33   64    1.74701    2.21850  27.0%   244  812s
 296458 231051    2.09866   36   62    1.74701    2.21500  26.8%   243  818s
 299862 233542    1.94430   43   55    1.74701    2.21194  26.6%   243  826s
 303362 235966    2.03710   35   58    1.74701    2.20837  26.4%   242  834s
 306718 238473    2.18697   42   43    1.74701    2.20526  26.2%   242  842s
 310155 241290    2.18187   40   61    1.74701    2.20198  26.0%   242  852s
 314167 243771    2.08277   41   46    1.74701    2.19832  25.8%   241  860s
 317555 246172    1.99035   35   65    1.74701    2.19520  25.7%   241  867s
 320876 248591    1.90905   36   60    1.74701    2.19234  25.5%   240  875s
 324323 251049     cutoff   38         1.74701    2.18962  25.3%   240  884s
 327796 253365    1.94747   42   49    1.74701    2.18676  25.2%   239  893s
 331188 255817    2.10447   41   54    1.74701    2.18395  25.0%   239  901s
 334655 255839    2.06382   39   56    1.74701    2.18095  24.8%   239  912s
H334657 255839                       1.7470067    2.18093  24.8%   239  912s
H334672 255839                       1.7470068    2.18084  24.8%   239  912s
H334678 255443                       1.7497026    2.18082  24.6%   239  912s
 334692 257799    2.04828   43   50    1.74970    2.18075  24.6%   239  919s
 338084 260259    2.05685   40   48    1.74970    2.17819  24.5%   238  927s
 341537 263076    2.16601   44   49    1.74970    2.17525  24.3%   238  937s
 345502 265514    2.06874   43   47    1.74970    2.17205  24.1%   237  944s
 348966 267839    2.10082   44   52    1.74970    2.16897  24.0%   237  951s
 352351 269792     cutoff   44         1.74970    2.16626  23.8%   237  958s
 355370 272211    1.81739   41   60    1.74970    2.16372  23.7%   236  965s
 358921 274487    2.07729   32   71    1.74970    2.16083  23.5%   236  974s
 362376 276956    2.12382   41   62    1.74970    2.15823  23.3%   236  983s
 365926 279233    2.15011   44   50    1.74970    2.15530  23.2%   235  992s
 369324 281537    2.11362   35   63    1.74970    2.15269  23.0%   235  998s
 372718 284178     cutoff   40         1.74970    2.15017  22.9%   234 1006s
 376637 286521    2.13527   45   43    1.74970    2.14724  22.7%   234 1013s
 380162 288827     cutoff   41         1.74970    2.14478  22.6%   234 1020s
 383590 290991    2.03459   42   46    1.74970    2.14216  22.4%   233 1028s
 386915 293230    2.01152   39   64    1.74970    2.13954  22.3%   233 1037s
 390321 293253    1.90969   39   58    1.74970    2.13722  22.1%   233 1048s
H390352 293253                       1.7497026    2.13698  22.1%   233 1048s
 390361 293356     cutoff   41         1.74970    2.13695  22.1%   233 1055s
H390372 293356                       1.7497027    2.13692  22.1%   233 1055s
H390394 292850                       1.7523300    2.13689  21.9%   233 1055s
 390508 295170    2.02350   38   58    1.75233    2.13686  21.9%   233 1064s
 394160 295196    2.05084   43   47    1.75233    2.13435  21.8%   232 1074s
H394162 295194                       1.7523500    2.13430  21.8%   232 1074s
H394163 294535                       1.7552719    2.13429  21.6%   232 1074s
H394187 293125                       1.7614474    2.13419  21.2%   232 1074s
 394197 295070    1.83705   40   52    1.76145    2.13416  21.2%   232 1082s
H394414 295066                       1.7614633    2.13416  21.2%   232 1082s
 397122 297409    2.11879   40   61    1.76146    2.13405  21.2%   232 1092s
 400801 299764    1.98825   43   46    1.76146    2.12943  20.9%   232 1101s
 404483 302405    2.12639   42   45    1.76146    2.12672  20.7%   231 1111s
 408542 304665    1.88755   40   62    1.76146    2.12405  20.6%   231 1119s
 412038 306742    1.91105   42   67    1.76146    2.12168  20.4%   230 1127s
 415361 308863    1.97835   45   40    1.76146    2.11940  20.3%   230 1135s
 418710 310967    1.97744   42   48    1.76146    2.11708  20.2%   230 1144s
 422070 312742    2.07876   40   58    1.76146    2.11474  20.1%   230 1151s
 425037 314914    2.08613   43   55    1.76146    2.11260  19.9%   229 1160s
 428567 317167    2.01842   41   39    1.76146    2.11039  19.8%   229 1169s
 432101 319420     cutoff   36         1.76146    2.10829  19.7%   229 1178s
 435625 322019     cutoff   42         1.76146    2.10607  19.6%   228 1188s
 439681 322047    1.96196   38   58    1.76146    2.10350  19.4%   228 1199s
H439689 322046                       1.7614676    2.10341  19.4%   228 1199s
H439710 322029                       1.7615299    2.10331  19.4%   228 1199s
 439717 324161    2.05172   45   52    1.76153    2.10327  19.4%   228 1207s
 443274 326315    2.02898   44   44    1.76153    2.10110  19.3%   228 1215s
 446735 328457    2.06984   43   49    1.76153    2.09912  19.2%   227 1223s
 450261 330569    1.96259   41   60    1.76153    2.09698  19.0%   227 1230s
 453713 332731    2.00985   41   52    1.76153    2.09499  18.9%   227 1238s
 457246 332752    1.81270   39   63    1.76153    2.09288  18.8%   226 1249s
H457258 331661                       1.7649078    2.09279  18.6%   226 1249s
H457265 318593                       1.8012161    2.09277  16.2%   226 1249s
 457287 320535    1.95533   42   60    1.80122    2.09272  16.2%   226 1259s
 460769 322395     cutoff   43         1.80122    2.09074  16.1%   226 1268s
 464318 324190    1.96217   35   61    1.80122    2.08839  15.9%   225 1277s
 467733 326465    1.84097   41   51    1.80122    2.08632  15.8%   225 1289s
 471997 328195    1.96182   41   48    1.80122    2.08390  15.7%   225 1298s
 475222 329929    2.04247   42   47    1.80122    2.08193  15.6%   224 1306s
 478699 331608    1.92918   43   65    1.80122    2.07982  15.5%   224 1314s
 482031 333360    1.99196   38   67    1.80122    2.07796  15.4%   224 1323s
 485471 335103    2.01353   41   56    1.80122    2.07597  15.3%   223 1331s
 488951 336770    1.89606   45   45    1.80122    2.07388  15.1%   223 1339s
 492242 338401    1.96043   41   50    1.80122    2.07195  15.0%   223 1347s
 495631 340149    1.95452   45   44    1.80122    2.07015  14.9%   222 1354s
 498932 342225    1.96517   41   45    1.80122    2.06840  14.8%   222 1362s
 503170 343953    1.97889   43   43    1.80122    2.06598  14.7%   222 1370s
 506567 345607    1.96153   40   62    1.80122    2.06419  14.6%   221 1377s
 510026 347274    2.05822   35   60    1.80122    2.06234  14.5%   221 1384s
 513387 348851    1.96717   42   55    1.80122    2.06056  14.4%   221 1393s
 516725 350121     cutoff   38         1.80122    2.05892  14.3%   220 1403s
H517371 350121                       1.8012162    2.05885  14.3%   220 1404s
 519280 351462    2.00973   38   63    1.80122    2.05873  14.3%   220 1414s
 522011 351483    1.99186   40   55    1.80122    2.05846  14.3%   220 1425s
 522050 351916    1.98901   42   44    1.80122    2.05802  14.3%   220 1433s
 523565 353706    1.91363   40   63    1.80122    2.05744  14.2%   220 1443s
 527244 355590    1.88985   45   48    1.80122    2.05633  14.2%   219 1452s
 530996 357535    1.94850   43   46    1.80122    2.05470  14.1%   219 1462s
 534980 359268    1.98048   32   48    1.80122    2.05098  13.9%   218 1472s
 538667 360905    2.04579   38   59    1.80122    2.04765  13.7%   218 1479s
 542165 362531    1.87393   44   48    1.80122    2.04592  13.6%   218 1487s
 545650 364095     cutoff   41         1.80122    2.04441  13.5%   217 1493s
 549175 365742     cutoff   38         1.80122    2.04269  13.4%   217 1499s
 552667 367299    1.95498   44   43    1.80122    2.04099  13.3%   217 1506s
 556065 368822    1.99409   44   58    1.80122    2.03931  13.2%   216 1514s
 559525 370330    1.94505   40   51    1.80122    2.03773  13.1%   216 1522s
 562885 372199    1.97585   44   51    1.80122    2.03616  13.0%   216 1531s
 567124 373635    1.94859   41   54    1.80122    2.03425  12.9%   215 1537s
 570568 375134    1.91634   45   49    1.80122    2.03267  12.8%   215 1544s
 573980 376646    1.99786   41   45    1.80122    2.03119  12.8%   215 1551s
 577507 378109     cutoff   37         1.80122    2.02946  12.7%   215 1559s
 580999 379574    2.01929   43   54    1.80122    2.02794  12.6%   214 1569s
 584304 381017    1.98798   44   45    1.80122    2.02657  12.5%   214 1576s
 587748 382305     cutoff   39         1.80122    2.02526  12.4%   214 1583s
 591116 383689    1.89898   39   65    1.80122    2.02385  12.4%   213 1590s
 594492 385526    1.96150   44   42    1.80122    2.02256  12.3%   213 1598s
 598762 386912    1.88774   40   61    1.80122    2.02093  12.2%   213 1604s
 602212 388196     cutoff   39         1.80122    2.01933  12.1%   212 1612s
 605696 389647     cutoff   43         1.80122    2.01795  12.0%   212 1618s
 609106 391005    1.96294   40   56    1.80122    2.01664  12.0%   212 1625s
 612530 392287     cutoff   46         1.80122    2.01529  11.9%   211 1631s
 615945 393566    1.81771   32   71    1.80122    2.01397  11.8%   211 1637s
 619326 394843    1.85818   44   42    1.80122    2.01256  11.7%   211 1644s
 622802 396184    1.86800   41   49    1.80122    2.01123  11.7%   211 1650s
 626243 397655    1.91854   40   55    1.80122    2.00995  11.6%   210 1659s
 630441 398950    1.88572   41   57    1.80122    2.00831  11.5%   210 1666s
 634020 400229     cutoff   42         1.80122    2.00696  11.4%   210 1673s
 637395 401552     cutoff   43         1.80122    2.00573  11.4%   209 1680s
 640965 402771    1.82727   45   46    1.80122    2.00435  11.3%   209 1686s
 644462 403944    1.92731   48   39    1.80122    2.00309  11.2%   209 1693s
 647838 405181     cutoff   46         1.80122    2.00189  11.1%   208 1700s
 651265 406317    1.80643   41   47    1.80122    2.00062  11.1%   208 1706s
 654598 407490    1.95308   42   46    1.80122    1.99942  11.0%   208 1714s
 658162 409048     cutoff   39         1.80122    1.99818  10.9%   208 1724s
 662655 410124    1.92554   44   42    1.80122    1.99664  10.8%   207 1732s
 665973 411205     cutoff   42         1.80122    1.99537  10.8%   207 1738s
 669394 412321    1.92644   40   57    1.80122    1.99410  10.7%   207 1745s
 672818 413452    1.96107   39   58    1.80122    1.99295  10.6%   206 1752s
 676127 414581    1.95345   47   41    1.80122    1.99183  10.6%   206 1759s
 679607 415681    1.87998   41   45    1.80122    1.99059  10.5%   206 1766s
 683053 416614     cutoff   45         1.80122    1.98941  10.4%   206 1772s
 686322 417645    1.95042   41   59    1.80122    1.98825  10.4%   205 1779s
 689694 418812    1.92370   45   47    1.80122    1.98705  10.3%   205 1787s
 694253 419824     cutoff   43         1.80122    1.98559  10.2%   205 1793s
 697620 420797    1.88434   42   55    1.80122    1.98444  10.2%   204 1799s
 700937 421698     cutoff   42         1.80122    1.98325  10.1%   204 1806s
 704355 422650    1.86214   45   45    1.80122    1.98215  10.0%   204 1812s
 707708 423576    1.88417   44   47    1.80122    1.98108  10.0%   204 1819s
 711091 424499    1.94367   38   56    1.80122    1.97994  9.92%   203 1826s
 714501 425427    1.87729   44   46    1.80122    1.97881  9.86%   203 1834s
 717933 426308    1.96783   45   45    1.80122    1.97768  9.80%   203 1841s
 721359 427411    1.83121   43   48    1.80122    1.97659  9.74%   202 1851s
 725759 428286    1.86863   46   46    1.80122    1.97526  9.66%   202 1858s
 729156 429173    1.90946   40   51    1.80122    1.97407  9.60%   202 1866s
 732631 429983     cutoff   41         1.80122    1.97303  9.54%   202 1873s
 735991 430811     cutoff   42         1.80122    1.97196  9.48%   201 1880s
 739539 431587    1.93307   39   59    1.80122    1.97092  9.42%   201 1888s
 743008 432359     cutoff   44         1.80122    1.96986  9.36%   201 1895s
 746484 433099     cutoff   41         1.80122    1.96879  9.30%   201 1901s
 749892 433951     cutoff   45         1.80122    1.96769  9.24%   200 1906s
 753420 434744    1.90361   42   47    1.80122    1.96660  9.18%   200 1913s
 757999 435445    1.87495   46   47    1.80122    1.96548  9.12%   200 1918s
 761275 436114     cutoff   50         1.80122    1.96431  9.05%   199 1924s
 764773 436786    1.87227   42   45    1.80122    1.96322  8.99%   199 1929s
 768257 437273     cutoff   44         1.80122    1.96219  8.94%   199 1934s
 771298 438002    1.86732   45   47    1.80122    1.96129  8.89%   199 1940s
 774833 438631    1.89295   48   39    1.80122    1.96028  8.83%   198 1945s
 778331 439223     cutoff   43         1.80122    1.95937  8.78%   198 1950s
 781713 439696    1.80413   44   42    1.80122    1.95824  8.72%   198 1957s
 784194 439696    1.86484   44   51    1.80122    1.95754  8.68%   198 1965s
H784202 439696                       1.8012162    1.95751  8.68%   198 1966s
H784218 439696                       1.8012162    1.95749  8.68%   198 1966s
 784243 440593     cutoff   41         1.80122    1.95746  8.67%   198 2094s
H784245 285636                       1.8729174    1.95746  4.51%   198 2095s
H786074 269363                       1.8780065    1.95744  4.23%   197 2095s
 789596 263853     cutoff   46         1.87801    1.95587  4.15%   197 2117s
H790089 263853                       1.8780065    1.95587  4.15%   197 2117s
 794875 261092     cutoff   42         1.87801    1.95421  4.06%   196 2133s
H796195 261092                       1.8780065    1.95421  4.06%   196 2134s
H800271 261092                       1.8780065    1.95421  4.06%   196 2134s
 800810 257873    1.95093   50   34    1.87801    1.95235  3.96%   196 2142s
 807334 254613     cutoff   37         1.87801    1.95037  3.85%   195 2152s
H813412 254575                       1.8780214    1.95036  3.85%   194 2152s
 813665 250995    1.94488   48   40    1.87802    1.95029  3.85%   194 2159s
 820293 248830     cutoff   36         1.87802    1.94666  3.65%   193 2166s
 824241 246495     cutoff   43         1.87802    1.94656  3.65%   192 2172s
 828655 243936     cutoff   44         1.87802    1.94558  3.60%   192 2178s
 833234 241555     cutoff   40         1.87802    1.94291  3.46%   191 2182s
 837434 239057    1.89707   41   47    1.87802    1.94165  3.39%   190 2187s
 841692 236849     cutoff   36         1.87802    1.94037  3.32%   190 2191s
 845520 234609    1.92392   42   54    1.87802    1.93936  3.27%   189 2195s
 853051 229933     cutoff   48         1.87802    1.93738  3.16%   188 2203s
 856792 227622     cutoff   26         1.87802    1.93630  3.10%   188 2207s
 860436 225272     cutoff   45         1.87802    1.93532  3.05%   187 2210s
 865574 222903     cutoff   43         1.87802    1.93434  3.00%   186 2215s
 871260 217981     cutoff   44         1.87802    1.93249  2.90%   186 2224s
 874981 215634    1.89258   39   55    1.87802    1.93152  2.85%   185 2228s
 878401 213205     cutoff   53         1.87802    1.93079  2.81%   185 2232s
 881975 210693     cutoff   46         1.87802    1.92980  2.76%   184 2235s
 889075 205868     cutoff   46         1.87802    1.92808  2.67%   183 2242s
 892514 203329    1.88602   46   39    1.87802    1.92724  2.62%   183 2246s
 899631 198147    1.92547   44   47    1.87802    1.92550  2.53%   182 2252s
 903176 195579     cutoff   43         1.87802    1.92467  2.48%   181 2256s
 910253 190377     cutoff   39         1.87802    1.92293  2.39%   180 2262s
 913641 187711     cutoff   48         1.87802    1.92210  2.35%   180 2265s
 920927 182120     cutoff   44         1.87802    1.92048  2.26%   179 2272s
 924508 179413     cutoff   46         1.87802    1.91967  2.22%   178 2275s
 931468 173947     cutoff   45         1.87802    1.91809  2.13%   177 2281s
 938547 168188     cutoff   42         1.87802    1.91646  2.05%   176 2287s
 942273 165417     cutoff   46         1.87802    1.91559  2.00%   176 2290s
 949285 159544    1.88929   44   42    1.87802    1.91401  1.92%   175 2296s
 956403 153899     cutoff   49         1.87802    1.91239  1.83%   174 2301s
 963566 147870     cutoff   44         1.87802    1.91089  1.75%   173 2307s
 970588 142062     cutoff   43         1.87802    1.90935  1.67%   172 2311s
 977564 136248     cutoff   42         1.87802    1.90792  1.59%   171 2316s
 984367 130342     cutoff   34         1.87802    1.90659  1.52%   170 2321s
 991422 124156     cutoff   44         1.87802    1.90486  1.43%   169 2326s
 998446 117814     cutoff   41         1.87802    1.90343  1.35%   168 2330s
 1005629 111519    1.88372   40   57    1.87802    1.90205  1.28%   167 2335s
 1012768 105317    1.89702   51   32    1.87802    1.90054  1.20%   167 2340s
 1023549 95355     cutoff   43         1.87802    1.89836  1.08%   165 2347s
 1030795 88850     cutoff   43         1.87802    1.89685  1.00%   164 2351s

Cutting planes:
  Gomory: 5
  Implied bound: 5
  Projected implied bound: 73
  MIR: 590
  Flow cover: 443
  RLT: 25
  Relax-and-lift: 432

Explored 1034254 nodes (169427238 simplex iterations) in 2351.98 seconds (3676.34 work units)
Thread count was 32 (of 255 available processors)

Solution count 10: 1.87802 1.87801 1.87801 ... 1.76147

Optimal solution found (tolerance 1.00e-02)
Best objective 1.878021433285e+00, best bound 1.896184564975e+00, gap 0.9671%

User-callback calls 2265884, time in user-callback 0.65 sec
/usr/local/lib/python3.8/dist-packages/torch/cuda/__init__.py:546: UserWarning: Can't initialize NVML
  warnings.warn("Can't initialize NVML")
source: 0 target: 4 model_arch: 3x50 perturbation type: patch perturbation size: [1.0, 14.0, 14.0, 3.0] dataset: fmnist
Attack:   0%|          | 0/500 [00:00<?, ?it/s]Attack:   0%|          | 1/500 [00:00<01:21,  6.14it/s]Attack:   5%|▌         | 26/500 [00:00<00:03, 119.93it/s]Attack:  10%|█         | 51/500 [00:00<00:02, 171.25it/s]Attack:  15%|█▌        | 77/500 [00:00<00:02, 201.04it/s]Attack:  20%|██        | 102/500 [00:00<00:01, 217.47it/s]Attack:  26%|██▌       | 128/500 [00:00<00:01, 228.49it/s]Attack:  31%|███       | 153/500 [00:00<00:01, 234.00it/s]Attack:  36%|███▌      | 178/500 [00:00<00:01, 238.90it/s]Attack:  41%|████      | 203/500 [00:00<00:01, 242.20it/s]Attack:  46%|████▌     | 228/500 [00:01<00:01, 242.89it/s]Attack:  51%|█████     | 254/500 [00:01<00:01, 245.28it/s]Attack:  56%|█████▌    | 280/500 [00:01<00:00, 246.85it/s]Attack:  61%|██████    | 305/500 [00:01<00:00, 247.48it/s]Attack:  66%|██████▌   | 331/500 [00:01<00:00, 248.41it/s]Attack:  71%|███████   | 356/500 [00:01<00:00, 248.25it/s]Attack:  76%|███████▋  | 382/500 [00:01<00:00, 249.13it/s]Attack:  82%|████████▏ | 408/500 [00:01<00:00, 250.18it/s]Attack:  87%|████████▋ | 434/500 [00:01<00:00, 249.77it/s]Attack:  92%|█████████▏| 459/500 [00:01<00:00, 249.76it/s]Attack:  97%|█████████▋| 484/500 [00:02<00:00, 249.32it/s]Attack: 100%|█████████▉| 499/500 [00:02<00:00, 230.66it/s]
best_val 0.46852537989616394
Set parameter WLSAccessID
Set parameter WLSSecret
Set parameter LicenseID to value 2478548
Academic license 2478548 - for non-commercial use only - registered to ne___@campus.technion.ac.il
Encoding the two copies...
apply_sibgate_constraints!: emitted 10 coupling lines (both-thin), 0 conditional triangles on org (org-dropped), 0 conditional triangles on pert (pert-dropped).
Encoding dependencies (activation_start=1, layers_offset=2)...
Adding perturbed interval constraints...
1.8780214332848386  1.896184564974662  2352.0006618499756
paper_experiments/fashion-mnist/3x50_exp/patch/eps_1,14,14,3/N2stdBoost_3x50_model_seed42_itr19_sgd_itr1/
Clean sample classification: 1
Perturbed sample classification: 4
compute_n2_pert_relaxation_bounds: populated 2 ReLU layers
compute_n2_relax_decision!: τ=0.5, both=22 org-only=0 pert-only=0 none=78 (plus 0 stable neurons)
[notice | Main.MIPVerify]: Determining upper and lower bounds for the input to each non-linear unit.
Set parameter WLSAccessID
Set parameter WLSSecret
Set parameter LicenseID to value 2478548
Academic license 2478548 - for non-commercial use only - registered to ne___@campus.technion.ac.il
Set parameter TimeLimit to value 5
Set parameter WLSAccessID
Set parameter WLSSecret
Set parameter LicenseID to value 2478548
Academic license 2478548 - for non-commercial use only - registered to ne___@campus.technion.ac.il
Set parameter MIPFocus to value 3
Set parameter Cutoff to value 4.6852537989616394e-01
Set parameter Threads to value 32
Set parameter TimeLimit to value 10800
Set parameter MIPGap to value 0.01
Set parameter Seed to value 4
Set parameter Seed to value 4
Set parameter MIPGap to value 0.01
Set parameter MIPFocus to value 3
Set parameter Cutoff to value 4.6852537989616394e-01
Set parameter Threads to value 32
Set parameter TimeLimit to value 10800
Warning for adding constraints: zero or small (< 1e-13) coefficients, ignored
Gurobi Optimizer version 13.0.0 build v13.0.0rc1 (linux64 - "Ubuntu 20.04.2 LTS")

CPU model: AMD EPYC 7713 64-Core Processor, instruction set [SSE2|AVX|AVX2]
Thread count: 127 physical cores, 255 logical processors, using up to 32 threads

Non-default parameters:
Cutoff  4.6852537989616394e-01
TimeLimit  10800
MIPGap  0.01
MIPFocus  3
Seed  4
Threads  32

Academic license 2478548 - for non-commercial use only - registered to ne___@campus.technion.ac.il
Optimize a model with 1642 rows, 1890 columns and 153624 nonzeros (Max)
Model fingerprint: 0xcb7ce061
Model has 1 linear objective coefficients
Variable types: 1740 continuous, 150 integer (150 binary)
Coefficient statistics:
  Matrix range     [1e-13, 3e+01]
  Objective range  [1e+00, 1e+00]
  Bounds range     [1e-07, 3e+01]
  RHS range        [1e-11, 2e+01]

User MIP start did not produce a new incumbent solution
Processed MIP start in 2.75 seconds (3.54 work units)

Presolve removed 998 rows and 778 columns
Presolve time: 0.21s
Presolved: 644 rows, 1112 columns, 125983 nonzeros
Variable types: 962 continuous, 150 integer (150 binary)
Root relaxation presolve removed 8 rows and 10 columns
Root relaxation presolved: 636 rows, 1102 columns, 125957 nonzeros


Extra simplex iterations after uncrush: 1

Root relaxation: objective 7.125840e+00, 647 iterations, 0.12 seconds (0.13 work units)

    Nodes    |    Current Node    |     Objective Bounds      |     Work
 Expl Unexpl |  Obj  Depth IntInf | Incumbent    BestBd   Gap | It/Node Time

     0     0    7.12584    0  100          -    7.12584      -     -    3s
Another try with MIP start
     0     0    6.10928    0  104          -    6.10928      -     -    8s
     0     0    6.10928    0  104          -    6.10928      -     -    8s
     0     0    6.08757    0  104          -    6.08757      -     -    8s
     0     0    6.07387    0  106          -    6.07387      -     -    8s
     0     0    6.07387    0  106          -    6.07387      -     -    9s
     0     0    5.66144    0  119          -    5.66144      -     -    9s
     0     0    5.62600    0  119          -    5.62600      -     -   10s
     0     0    5.62600    0  119          -    5.62600      -     -   10s
     0     0    5.47467    0  119          -    5.47467      -     -   11s
     0     0    5.47120    0  119          -    5.47120      -     -   11s
     0     0    5.47120    0  120          -    5.47120      -     -   11s
     0     0    5.40517    0  119          -    5.40517      -     -   11s
     0     0    5.40517    0  119          -    5.40517      -     -   12s
     0     0    5.36393    0  120          -    5.36393      -     -   12s
     0     0    5.26740    0  121          -    5.26740      -     -   12s
     0     0    5.26706    0  120          -    5.26706      -     -   12s
     0     0    5.26477    0  120          -    5.26477      -     -   12s
     0     0    5.26477    0  120          -    5.26477      -     -   12s
     0     0    5.25091    0  121          -    5.25091      -     -   13s
     0     0    5.25091    0  121          -    5.25091      -     -   13s
     0     0    5.15473    0  121          -    5.15473      -     -   14s
     0     0    5.14827    0  121          -    5.14827      -     -   14s
     0     0    5.09028    0  121          -    5.09028      -     -   14s
     0     0    5.09028    0  121          -    5.09028      -     -   15s
     0     0    4.94887    0  121          -    4.94887      -     -   16s
     0     0    4.94887    0  121          -    4.94887      -     -   16s
     0     2    4.94887    0  121          -    4.94887      -     -   17s
    63    92    4.94887    6  103          -    4.94887      -   544   20s
   127   156    4.72906    8  102          -    4.94887      -   467   29s
   159   220    4.59641    9   96          -    4.75814      -   453   30s
   754   789    3.63802    8   96          -    4.04480      -   378   35s
  1820  1936    3.10274   15   79          -    3.86131      -   312   40s
  2928  2915    3.64597   11  121          -    3.80066      -   272   64s
  2930  2916    3.72560   13  100          -    3.80066      -   272   65s
  2937  2921    3.70904   16  119          -    3.80066      -   271   72s
  2939  2922    3.65755   16  117          -    3.80066      -   271   77s
  2955  2950    3.80066   16  112          -    3.80066      -   272   80s
  3035  3081    3.80066   19  105          -    3.80066      -   283   85s
  3400  3250    3.80066   25   83          -    3.80066      -   293   92s
  3901  3609    3.80066   24   90          -    3.80066      -   301   95s
  4897  4192 infeasible   27               -    3.67891      -   307  100s
  6456  5272     cutoff   24               -    3.56027      -   295  105s
  9533  7364    2.78317   28   83          -    3.44267      -   262  110s
 12324  9596    2.15645   28   74          -    3.39447      -   237  115s
 17315 15067    3.15392   30   80          -    3.33841      -   205  120s
 19788 16268    2.61478   26   89          -    3.31108      -   193  126s
 19854 16332    2.86232   29   80          -    3.29578      -   194  131s
 19918 16395    2.81286   24   92          -    3.27860      -   196  135s
 19985 16456 infeasible   22               -    3.26419      -   197  140s
 20052 16566    2.33353   28   79          -    3.24836      -   198  145s
 20277 16853    3.18715   31   75          -    3.23507      -   198  150s
 20840 17970    2.86459   25   89          -    3.22254      -   197  155s
*22357 18265              88       1.0711128    3.21241   200%   190  157s
 23471 18706    2.48319   25   77    1.07111    3.19476   198%   189  160s
 24969 19959    2.00038   31   74    1.07111    3.14261   193%   195  165s
H25054 19959                       1.0711128    3.13726   193%   196  165s
H25306 19959                       1.0711129    3.13466   193%   197  165s
H25512 20372                       1.0918218    3.12825   187%   198  167s
H25562 20369                       1.0920056    3.12776   186%   198  167s
H26567 20875                       1.1551665    3.09475   168%   202  173s
 26809 21531    3.00063   26   87    1.15517    3.08445   167%   203  175s
H27571 21755                       1.1572411    3.06690   165%   205  179s
 27846 22401    2.53732   28   79    1.15724    3.05785   164%   206  181s
 28593 22639    2.72392   25   92    1.15724    3.03670   162%   209  186s
H28604 22610                       1.1629533    3.03437   161%   209  186s
 28862 23670    2.51953   30   82    1.16295    3.02677   160%   210  190s
 31232 25698    2.82425   35   68    1.16295    2.97052   155%   216  197s
 32404 26032    1.59480   35   72    1.16295    2.94665   153%   219  202s
H32440 26032                       1.1629533    2.94414   153%   219  202s
H32615 26032                       1.1629624    2.94070   153%   219  202s
H32745 26027                       1.1642196    2.93918   152%   220  202s
 32803 27284    2.79692   30   73    1.16422    2.93878   152%   220  206s
 35765 29752    1.93962   33   71    1.16422    2.88015   147%   224  213s
 37207 31052    1.72095   26   77    1.16422    2.85270   145%   227  216s
 38772 32356    2.60478   32   72    1.16422    2.82130   142%   229  220s
 42146 35602    2.70397   29   80    1.16422    2.76434   137%   232  228s
 44217 37406    2.71736   40   67    1.16422    2.74310   136%   233  232s
 46327 39251    1.63887   31   80    1.16422    2.72229   134%   233  236s
H48490 39347                       1.1642205    2.70353   132%   232  243s
H48491 39347                       1.1642210    2.70297   132%   232  243s
H48499 39347                       1.1642210    2.70231   132%   232  243s
H48502 39347                       1.1642263    2.70228   132%   232  243s
H48512 39313                       1.1674771    2.70198   131%   232  243s
H48534 39313                       1.1674978    2.70152   131%   232  243s
 48614 41552    2.21701   25   78    1.16750    2.70035   131%   233  247s
 51200 42089    1.46729   33   72    1.16750    2.68541   130%   232  255s
H51203 42089                       1.1674982    2.68530   130%   232  255s
H51362 42089                       1.1674996    2.68455   130%   232  255s
 51807 44429    2.66641   39   57    1.16750    2.68387   130%   232  260s
 54409 46697    1.67962   34   59    1.16750    2.66914   129%   231  265s
 57127 48648    1.25612   39   59    1.16750    2.65644   128%   230  270s
H57272 48648                       1.1674997    2.65523   127%   230  270s
 59412 51605    1.54615   39   66    1.16750    2.65250   127%   229  276s
 62900 53841    2.38285   26   84    1.16750    2.63825   126%   228  281s
 65534 56133    2.23222   36   62    1.16750    2.61539   124%   227  285s
 68246 58484    2.45535   31   73    1.16750    2.60491   123%   226  290s
 71042 60928    2.40652   37   60    1.16750    2.59542   122%   225  295s
 73895 63343    2.46856   37   50    1.16750    2.58284   121%   224  300s
 76749 66072    2.49167   35   69    1.16750    2.57183   120%   224  305s
 79984 68757    2.47475   26   83    1.16750    2.56139   119%   222  311s
 83187 69573    2.30834   35   72    1.16750    2.55083   118%   222  320s
H83438 69567                       1.1679100    2.54959   118%   222  320s
 84166 72222    2.08905   37   53    1.16791    2.54829   118%   222  326s
 87468 75097     cutoff   33         1.16791    2.53417   117%   221  332s
 90998 78802    1.31996   32   54    1.16791    2.52140   116%   221  340s
 95470 81767    1.77872   34   66    1.16791    2.50618   115%   221  346s
 99008 84548    1.40500   34   63    1.16791    2.49447   114%   220  351s
 102355 87155    2.25124   36   66    1.16791    2.48317   113%   219  356s
 105557 89913    1.51435   39   61    1.16791    2.47256   112%   219  361s
 108896 92701    2.41466   44   55    1.16791    2.46277   111%   219  366s
 112321 95362    2.40487   46   50    1.16791    2.45461   110%   218  372s
 115618 98031    2.21873   42   65    1.16791    2.44469   109%   218  377s
 118881 100919    2.43125   38   57    1.16791    2.43528   109%   217  382s
 122457 104604    1.52879   36   57    1.16791    2.42488   108%   216  388s
 127010 105852     cutoff   36         1.16791    2.41309   107%   216  396s
H127315 105852                       1.1679103    2.41273   107%   216  396s
H127429 105852                       1.1679122    2.41270   107%   216  396s
 128592 109026    1.76324   40   64    1.16791    2.41214   107%   215  402s
 132498 112144    2.37930   38   64    1.16791    2.40068   106%   215  407s
 136413 115201    2.27813   44   50    1.16791    2.39254   105%   214  412s
 140160 118224    2.01935   45   58    1.16791    2.38507   104%   213  417s
 143786 121230    2.30789   37   74    1.16791    2.37819   104%   212  422s
 147419 124157    2.06377   43   53    1.16791    2.37091   103%   212  428s
 150986 126977    2.36269   36   62    1.16791    2.36466   102%   211  433s
 154390 130850     cutoff   37         1.16791    2.35935   102%   210  439s
 158255 130850    2.32073   41   66    1.16791    2.35836   102%   209  440s
 159068 133885    2.29788   36   64    1.16791    2.35181   101%   209  445s
H162695 134975                       1.1679122    2.34658   101%   208  452s
H162698 134975                       1.1679126    2.34639   101%   208  452s
H162979 134975                       1.1679127    2.34621   101%   208  452s
H163606 134975                       1.1679127    2.34605   101%   208  452s
 163950 136647     cutoff   39         1.16791    2.34584   101%   208  458s
H165449 136647                       1.1679127    2.34549   101%   208  458s
 165951 139348    2.25019   45   54    1.16791    2.34494   101%   207  464s
H166985 139348                       1.1679127    2.34466   101%   207  464s
 169163 141908    2.25424   46   60    1.16791    2.34078   100%   207  470s
 172240 144787    2.18270   36   69    1.16791    2.33891   100%   206  475s
H173343 144787                       1.1679132    2.33801   100%   206  475s
 175624 148058    2.30131   43   51    1.16791    2.33589   100%   205  480s
 179551 151217    2.26474   35   70    1.16791    2.32933  99.4%   205  485s
 183370 155113    2.22463   35   57    1.16791    2.31984  98.6%   204  492s
 188059 158020    2.22652   35   69    1.16791    2.31331  98.1%   203  496s
 191499 161004    2.17451   33   77    1.16791    2.30876  97.7%   203  500s
 198237 166344    1.48151   37   64    1.16791    2.30019  96.9%   202  508s
 201487 169096    1.85107   31   66    1.16791    2.29649  96.6%   201  513s
 204792 171952    1.19018   47   51    1.16791    2.29276  96.3%   201  518s
 208167 174644    2.08105   39   60    1.16791    2.28911  96.0%   200  522s
 211402 177233    1.88420   39   62    1.16791    2.28573  95.7%   200  526s
 214468 181163    2.26325   38   53    1.16791    2.28258  95.4%   199  532s
 219178 183941     cutoff   39         1.16791    2.27842  95.1%   198  537s
 222426 186710    1.46043   35   61    1.16791    2.27437  94.7%   198  542s
 225769 189534    2.20573   43   61    1.16791    2.27116  94.5%   198  546s
 229087 192399    2.24497   36   68    1.16791    2.26804  94.2%   197  550s
 232467 193463    2.23063   42   64    1.16791    2.26519  94.0%   197  557s
H232572 193463                       1.1679133    2.26519  94.0%   197  557s
 233712 195368     cutoff   43         1.16791    2.26455  93.9%   196  562s
 236084 198654    1.26714   41   66    1.16791    2.26402  93.9%   196  567s
 240004 201526    2.14457   39   65    1.16791    2.25767  93.3%   196  572s
 243485 205121    1.42017   37   64    1.16791    2.25412  93.0%   195  578s
 247836 207969    1.48789   37   66    1.16791    2.25017  92.7%   195  583s
 251203 210924    2.17723   41   60    1.16791    2.24698  92.4%   195  588s
 254703 213602    2.15521   35   69    1.16791    2.24353  92.1%   194  592s
 257962 216563    2.12832   43   63    1.16791    2.24019  91.8%   194  596s
 261462 219148    2.20592   42   61    1.16791    2.23749  91.6%   193  601s
 264552 222085    2.13001   37   53    1.16791    2.23475  91.3%   193  606s
 268050 224893    2.18271   33   72    1.16791    2.23112  91.0%   193  611s
 271427 227806    1.35703   38   70    1.16791    2.22816  90.8%   192  616s
 274854 231546    1.41916   42   63    1.16791    2.22509  90.5%   192  622s
 279322 234130    1.81843   41   59    1.16791    2.22124  90.2%   192  627s
 282505 236789    2.17187   38   65    1.16791    2.21839  89.9%   191  633s
 285686 239643    1.81182   40   57    1.16791    2.21568  89.7%   191  638s
 289113 242472    2.15134   34   65    1.16791    2.21258  89.4%   191  643s
 292482 243288     cutoff   33         1.16791    2.20969  89.2%   190  652s
H293230 243288                       1.1679133    2.20946  89.2%   190  652s
 293451 245357    2.11487   44   58    1.16791    2.20937  89.2%   190  657s
 295996 248587    2.14091   47   43    1.16791    2.20884  89.1%   190  662s
 299848 251738    1.44685   28   69    1.16791    2.20353  88.7%   190  666s
 303642 254720    1.94884   24   86    1.16791    2.20044  88.4%   189  671s
 307217 258317    1.47621   41   53    1.16791    2.19746  88.2%   189  676s
 311624 261186    2.08407   34   64    1.16791    2.19383  87.8%   189  680s
 318239 266637    1.83384   46   55    1.16791    2.18874  87.4%   188  688s
 321556 269365    1.93213   24   83    1.16791    2.18618  87.2%   188  693s
 324794 272194    1.23298   32   71    1.16791    2.18401  87.0%   188  697s
 328160 274900    1.72933   49   53    1.16791    2.18138  86.8%   187  701s
 331437 277626    2.15857   38   70    1.16791    2.17904  86.6%   187  705s
 338110 284107    2.16267   49   37    1.16791    2.17415  86.2%   187  715s
 345984 289814    1.53829   49   50    1.16791    2.16889  85.7%   186  724s
 349305 292600    2.14136   44   63    1.16791    2.16636  85.5%   186  728s
 352605 295435    2.10809   42   55    1.16791    2.16384  85.3%   185  733s
 355909 298255    2.03269   33   67    1.16791    2.16158  85.1%   185  738s
 359243 299085    2.15088   43   55    1.16791    2.15911  84.9%   185  745s
 360209 300746    2.07388   39   56    1.16791    2.15879  84.8%   185  751s
H360272 300746                       1.1679203    2.15879  84.8%   185  751s
 362218 303934    2.04317   43   56    1.16792    2.15845  84.8%   185  757s
 366040 306885    1.69245   31   71    1.16792    2.15460  84.5%   184  762s
 369549 310580    1.45478   46   57    1.16792    2.15195  84.3%   184  769s
 373898 313430     cutoff   46         1.16792    2.14921  84.0%   184  774s
 377263 316197    1.88658   36   69    1.16792    2.14689  83.8%   184  779s
 380572 318967    2.07728   43   58    1.16792    2.14466  83.6%   183  783s
 383821 321605    1.81712   41   64    1.16792    2.14263  83.5%   183  788s
 386950 324535    1.58069   51   43    1.16792    2.14078  83.3%   183  792s
 390432 327258    1.48347   36   65    1.16792    2.13828  83.1%   183  797s
 393736 329839    2.09780   41   52    1.16792    2.13628  82.9%   182  802s
 396885 332715    2.04715   45   47    1.16792    2.13413  82.7%   182  806s
 400317 336289    2.11901   36   71    1.16792    2.13180  82.5%   182  811s
 404645 339001    1.87815   43   56    1.16792    2.12903  82.3%   182  815s
 411359 344676    1.63731   46   49    1.16792    2.12484  81.9%   181  823s
 414658 347515 infeasible   46         1.16792    2.12292  81.8%   181  828s
 417973 350503    2.03547   50   46    1.16792    2.12100  81.6%   181  832s
 421480 353180    1.89025   39   62    1.16792    2.11926  81.5%   181  836s
 424673 355867    2.04826   46   59    1.16792    2.11744  81.3%   180  840s
 431147 362355    2.09217   39   59    1.16792    2.11402  81.0%   180  849s
 435627 363717    1.95933   37   66    1.16792    2.11176  80.8%   180  857s
 437213 366009    2.03233   33   72    1.16792    2.11143  80.8%   180  862s
 439939 369510    2.00733   48   55    1.16792    2.11119  80.8%   179  866s
 444054 372642    1.24429   33   63    1.16792    2.10765  80.5%   179  871s
 447813 375669    1.57007   40   50    1.16792    2.10567  80.3%   179  876s
 451390 378740    1.94277   44   58    1.16792    2.10378  80.1%   179  880s
 458689 384368    1.41567   51   49    1.16792    2.10028  79.8%   178  888s
 462170 387795    1.62615   36   67    1.16792    2.09873  79.7%   178  894s
 466553 390241    2.09114   45   55    1.16792    2.09669  79.5%   178  898s
 469654 393124    1.66098   44   62    1.16792    2.09524  79.4%   178  901s
 473201 395738    1.29849   35   56    1.16792    2.09359  79.3%   178  905s
 479852 401191    1.98901   42   62    1.16792    2.09081  79.0%   177  913s
 483263 403985    1.58195   39   55    1.16792    2.08942  78.9%   177  916s
 486659 406817    1.99359   42   67    1.16792    2.08773  78.8%   177  921s
 490055 409335    2.00052   40   63    1.16792    2.08629  78.6%   176  925s
 493159 412951    2.04396   40   62    1.16792    2.08480  78.5%   176  932s
 497594 415656    1.95717   49   54    1.16792    2.08294  78.3%   176  936s
 500928 418103    2.00428   46   55    1.16792    2.08145  78.2%   176  940s
 504037 420924    2.04281   40   58    1.16792    2.08017  78.1%   176  945s
 510702 426236    2.05017   52   46    1.16792    2.07739  77.9%   175  953s
 514022 429055    1.88107   32   75    1.16792    2.07606  77.8%   175  957s
 517419 431558    1.77806   35   61    1.16792    2.07464  77.6%   175  961s
 520515 434329    1.35086   38   63    1.16792    2.07330  77.5%   175  965s
 523914 437262    1.95060   45   52    1.16792    2.07197  77.4%   175  972s
 527444 440397    2.03998   47   58    1.16792    2.07081  77.3%   174  977s
 531414 443457    1.98898   42   60    1.16792    2.06890  77.1%   174  981s
 535172 446267    1.57989   34   66    1.16792    2.06750  77.0%   174  985s
 538703 448714    2.01126   34   68    1.16792    2.06621  76.9%   174  990s
 545293 454185    1.94781   47   44    1.16792    2.06366  76.7%   173  999s
 548682 456986    1.83336   43   64    1.16792    2.06223  76.6%   173 1003s
 552213 459638    2.00255   42   56    1.16792    2.06090  76.5%   173 1007s
 555562 463268    1.90559   45   53    1.16792    2.05965  76.4%   173 1014s
 560023 465746    1.82963   48   51    1.16792    2.05820  76.2%   173 1018s
 563140 468126    1.96680   44   56    1.16792    2.05715  76.1%   173 1023s
 566048 470735    1.76545   37   62    1.16792    2.05605  76.0%   172 1027s
 569292 473689    1.47001   46   58    1.16792    2.05480  75.9%   172 1032s
 572915 476428    1.56722   38   66    1.16792    2.05359  75.8%   172 1037s
 576342 479018    2.04588   42   59    1.16792    2.05235  75.7%   172 1041s
 579591 481750     cutoff   36         1.16792    2.05122  75.6%   172 1045s
 586390 487915    1.92533   38   60    1.16792    2.04893  75.4%   171 1055s
 593820 492902    1.65925   35   71    1.16792    2.04628  75.2%   171 1064s
 597120 495317    2.01283   38   57    1.16792    2.04526  75.1%   171 1069s
 600120 498224    2.03411   38   64    1.16792    2.04422  75.0%   171 1073s
 603720 500969    1.87901   49   53    1.16792    2.04303  74.9%   171 1078s
 607210 503735     cutoff   30         1.16792    2.04189  74.8%   170 1082s
 610667 506287     cutoff   43         1.16792    2.04081  74.7%   170 1086s
 613904 508895    1.69659   38   62    1.16792    2.03969  74.6%   170 1090s
 617192 512182    2.01181   34   71    1.16792    2.03872  74.6%   170 1096s
 621313 515063    1.76026   42   65    1.16792    2.03745  74.5%   170 1100s
 628281 519270    1.98791   48   50    1.16792    2.03522  74.3%   170 1109s
 630217 521110    1.92133   28   76    1.16792    2.03507  74.2%   169 1114s
 632526 523370    1.92457   42   60    1.16792    2.03493  74.2%   169 1120s
 635378 525813    1.96749   44   55    1.16792    2.03437  74.2%   169 1127s
 638435 528272    1.29452   42   61    1.16792    2.03369  74.1%   169 1132s
 641558 530952    1.74416   40   66    1.16792    2.03282  74.1%   169 1138s
 644916 533498    1.70373   38   67    1.16792    2.03179  74.0%   169 1143s
 648111 536365    1.92067   37   66    1.16792    2.03068  73.9%   169 1149s
 651747 538957    1.96448   50   45    1.16792    2.02967  73.8%   169 1154s
 655057 541737    1.86203   48   52    1.16792    2.02845  73.7%   168 1160s
 658659 544751     cutoff   41         1.16792    2.02700  73.6%   168 1165s
 662400 547577    1.75151   34   61    1.16792    2.02574  73.4%   168 1171s
 665953 550171    1.96747   40   60    1.16792    2.02408  73.3%   168 1176s
 669279 553105     cutoff   44         1.16792    2.02274  73.2%   168 1181s
 672969 555937    1.99593   53   44    1.16792    2.02167  73.1%   168 1186s
 676512 558584    1.47151   43   58    1.16792    2.02060  73.0%   168 1191s
 679889 561940    1.94112   42   60    1.16792    2.01969  72.9%   167 1197s
 684079 564635    1.87606   31   74    1.16792    2.01862  72.8%   167 1202s
 687449 567473    1.92280   35   65    1.16792    2.01763  72.8%   167 1207s
 690998 570077    1.96767   46   52    1.16792    2.01673  72.7%   167 1211s
 694216 572553    1.83002   37   59    1.16792    2.01583  72.6%   167 1215s
 697368 575133    1.46188   30   67    1.16792    2.01494  72.5%   167 1220s
 700596 576976    1.90004   49   57    1.16792    2.01411  72.5%   167 1225s
 702952 579860    1.89784   45   56    1.16792    2.01362  72.4%   167 1230s
 706606 582607    1.98409   46   45    1.16792    2.01254  72.3%   167 1235s
 710078 585991    1.80947   34   65    1.16792    2.01155  72.2%   166 1241s
 714410 588413    1.98966   41   60    1.16792    2.01035  72.1%   166 1246s
 717500 591017    1.80077   37   66    1.16792    2.00947  72.1%   166 1250s
 720868 593771    1.96011   32   72    1.16792    2.00857  72.0%   166 1255s
 727631 599030    1.98141   55   50    1.16792    2.00692  71.8%   166 1264s
 731090 601814    1.99074   37   56    1.16792    2.00598  71.8%   166 1269s
 734551 604190    1.91898   36   71    1.16792    2.00519  71.7%   165 1274s
 737640 606721    1.96251   42   66    1.16792    2.00438  71.6%   165 1279s
 740864 610129    1.90147   41   52    1.16792    2.00355  71.5%   165 1286s
 745190 612753     cutoff   32         1.16792    2.00240  71.5%   165 1291s
 748517 615304    1.49054   44   54    1.16792    2.00159  71.4%   165 1296s
 751748 617798    1.98439   46   58    1.16792    2.00077  71.3%   165 1300s
 758220 623103    1.73796   51   49    1.16792    1.99917  71.2%   165 1308s
 761582 625714     cutoff   49         1.16792    1.99821  71.1%   165 1312s
 764877 628274    1.98638   44   51    1.16792    1.99730  71.0%   164 1316s
 768187 630887    1.94331   48   50    1.16792    1.99646  70.9%   164 1320s
 771495 634003    1.34880   40   53    1.16792    1.99561  70.9%   164 1326s
 775569 636689    1.92047   50   51    1.16792    1.99464  70.8%   164 1330s
 779030 636719     cutoff   36         1.16792    1.99372  70.7%   164 1338s
 779064 636746    1.95808   46   45    1.16792    1.99360  70.7%   164 1344s
 779101 636773    1.83251   46   54    1.16792    1.99355  70.7%   164 1350s
 779138 636800    1.73472   49   50    1.16792    1.99350  70.7%   164 1356s
 779175 636828    1.97990   48   55    1.16792    1.99347  70.7%   164 1361s
 779211 636857    1.76091   45   59    1.16792    1.99344  70.7%   164 1365s
 779246 636944    1.94270   43   50    1.16792    1.99341  70.7%   164 1370s
 779360 637285    1.40485   39   60    1.16792    1.99339  70.7%   164 1375s
 779819 637777    1.75990   39   64    1.16792    1.99334  70.7%   164 1381s
 780490 638589    1.97222   42   57    1.16792    1.99330  70.7%   164 1388s
 781549 640150    1.87585   45   56    1.16792    1.99324  70.7%   164 1396s
 783559 642338    1.93992   43   61    1.16792    1.99318  70.7%   164 1404s
 786432 645777    1.97430   45   61    1.16792    1.99304  70.6%   164 1411s
 790909 649103    1.96784   39   58    1.16792    1.99269  70.6%   164 1419s
 795153 652184    1.94506   51   57    1.16792    1.99188  70.5%   164 1425s
 799109 655145    1.97362   40   47    1.16792    1.99084  70.5%   163 1431s
 802891 657685    1.91506   46   59    1.16792    1.98967  70.4%   163 1437s
 806181 660489    1.93903   54   44    1.16792    1.98870  70.3%   163 1443s
 809728 663165    1.68840   44   47    1.16792    1.98774  70.2%   163 1449s
 813116 665813    1.96852   42   58    1.16792    1.98676  70.1%   163 1456s
 816465 668683    1.86812   48   51    1.16792    1.98579  70.0%   163 1462s
 820065 671620    1.81642   43   50    1.16792    1.98478  69.9%   163 1468s
 823812 674412    1.34066   47   61    1.16792    1.98388  69.9%   163 1473s
 827396 677243    1.44340   50   51    1.16792    1.98298  69.8%   163 1479s
 830960 680150    1.85426   47   55    1.16792    1.98214  69.7%   163 1484s
 834630 683236    1.94619   44   54    1.16792    1.98103  69.6%   162 1490s
 838628 685827    1.97130   42   49    1.16792    1.98012  69.5%   162 1496s
 841982 688499    1.93229   49   54    1.16792    1.97923  69.5%   162 1501s
 845454 691200    1.93722   40   57    1.16792    1.97832  69.4%   162 1506s
 848938 693840    1.96084   49   46    1.16792    1.97696  69.3%   162 1512s
 852372 696523    1.19079   47   53    1.16792    1.97617  69.2%   162 1517s
 855749 698889    1.93805   45   59    1.16792    1.97549  69.1%   162 1521s
 858834 701634    1.89588   30   77    1.16792    1.97466  69.1%   162 1526s
 862378 704385    1.97014   43   61    1.16792    1.97393  69.0%   162 1531s
 865917 707724    1.89204   41   61    1.16792    1.97323  69.0%   162 1537s
 870206 710354     cutoff   43         1.16792    1.97221  68.9%   161 1542s
 873629 712831    1.51374   44   59    1.16792    1.97147  68.8%   161 1548s
 876885 715469    1.91545   34   68    1.16792    1.97069  68.7%   161 1552s
 880265 717873    1.92587   51   45    1.16792    1.97003  68.7%   161 1557s
 883361 720654    1.92363   47   54    1.16792    1.96929  68.6%   161 1561s
 886830 723166    1.86672   43   52    1.16792    1.96858  68.6%   161 1566s
 890100 725771     cutoff   42         1.16792    1.96783  68.5%   161 1571s
 893409 728223     cutoff   44         1.16792    1.96711  68.4%   161 1575s
 896576 731719    1.46931   45   58    1.16792    1.96642  68.4%   161 1581s
 901098 734214    1.19151   53   42    1.16792    1.96551  68.3%   161 1585s
 904259 736492    1.94095   52   45    1.16792    1.96474  68.2%   161 1590s
 907229 739106 infeasible   47         1.16792    1.96409  68.2%   161 1595s
 913714 744207    1.91251   48   47    1.16792    1.96264  68.0%   160 1604s
 917177 746708    1.95797   46   54    1.16792    1.96191  68.0%   160 1608s
 920382 749360    1.29276   45   55    1.16792    1.96122  67.9%   160 1612s
 923770 751812    1.79420   54   51    1.16792    1.96044  67.9%   160 1616s
 926897 755205    1.66498   49   47    1.16792    1.95978  67.8%   160 1621s
 934529 760337 infeasible   52         1.16792    1.95832  67.7%   160 1628s
 937886 762871     cutoff   47         1.16792    1.95752  67.6%   160 1633s
 941163 765521    1.89313   45   57    1.16792    1.95681  67.5%   160 1637s
 944550 767141    1.83161   48   53    1.16792    1.95616  67.5%   160 1642s
 946596 769790    1.93344   47   56    1.16792    1.95602  67.5%   160 1647s
 950004 772434    1.91040   52   47    1.16792    1.95527  67.4%   160 1650s
 956880 778209    1.93975   46   46    1.16792    1.95366  67.3%   159 1660s
 964555 783633    1.34767   44   59    1.16792    1.95203  67.1%   159 1668s
 967966 786143    1.86028   42   48    1.16792    1.95129  67.1%   159 1674s
 971204 788790    1.92309   44   53    1.16792    1.95067  67.0%   159 1679s
 974574 791390    1.19112   47   54    1.16792    1.95004  67.0%   159 1683s
 977894 793913     cutoff   61         1.16792    1.94935  66.9%   159 1687s
 981129 796594    1.78673   58   47    1.16792    1.94870  66.9%   159 1691s
 984496 799192    1.87986   52   42    1.16792    1.94804  66.8%   159 1695s
 987869 802389    1.80265   38   70    1.16792    1.94734  66.7%   159 1700s
 995530 807654    1.73038   45   58    1.16792    1.94588  66.6%   159 1708s
 998814 810162    1.71686   53   42    1.16792    1.94525  66.6%   158 1712s
 1002037 812720    1.37743   43   58    1.16792    1.94465  66.5%   158 1717s
 1005352 815353     cutoff   47         1.16792    1.94393  66.4%   158 1722s
 1008786 817921    1.69236   40   62    1.16792    1.94332  66.4%   158 1726s
 1012083 820513    1.68853   42   52    1.16792    1.94272  66.3%   158 1730s
 1018657 826350    1.83676   48   54    1.16792    1.94137  66.2%   158 1738s
 1023008 828739     cutoff   38         1.16792    1.94057  66.2%   158 1742s
 1026083 831363    1.85432   36   70    1.16792    1.93991  66.1%   158 1745s
 1032895 836451     cutoff   53         1.16792    1.93872  66.0%   158 1752s
 1036136 839021    1.53569   58   40    1.16792    1.93806  65.9%   158 1755s
 1042915 844250     cutoff   37         1.16792    1.93689  65.8%   158 1762s
 1046295 846688    1.88730   51   51    1.16792    1.93632  65.8%   157 1765s
 1049440 849906    1.90447   37   64    1.16792    1.93571  65.7%   157 1770s
 1056928 855046    1.37502   53   45    1.16792    1.93441  65.6%   157 1777s
 1060341 857670     cutoff   46         1.16792    1.93380  65.6%   157 1780s
 1066795 862731    1.79145   38   60    1.16792    1.93265  65.5%   157 1787s
 1070258 865339    1.92370   37   62    1.16792    1.93194  65.4%   157 1791s
 1073615 867899    1.65566   51   52    1.16792    1.93134  65.4%   157 1795s
 1080171 873692 infeasible   50         1.16792    1.93019  65.3%   157 1803s
 1084510 876158    1.87387   38   67    1.16792    1.92940  65.2%   157 1806s
 1087671 878585    1.87458   42   60    1.16792    1.92881  65.1%   157 1810s
 1094136 883674    1.78248   52   47    1.16792    1.92760  65.0%   157 1817s
 1097299 886243     cutoff   52         1.16792    1.92703  65.0%   156 1820s
 1104173 891468    1.86949   38   65    1.16792    1.92579  64.9%   156 1829s
 1107300 894113    1.75741   51   56    1.16792    1.92523  64.8%   156 1833s
 1110797 897463     cutoff   55         1.16792    1.92466  64.8%   156 1838s
 1115096 899974    1.91516   50   42    1.16792    1.92390  64.7%   156 1843s
 1118342 902567    1.90464   47   55    1.16792    1.92329  64.7%   156 1847s
 1121654 904978     cutoff   50         1.16792    1.92273  64.6%   156 1850s
 1128292 910197    1.76967   52   42    1.16792    1.92163  64.5%   156 1857s
 1131530 912570    1.89968   50   47    1.16792    1.92110  64.5%   156 1861s
 1134628 915158    1.85674   36   54    1.16792    1.92056  64.4%   156 1866s
 1137970 917850    1.90878   37   62    1.16792    1.91993  64.4%   156 1871s
 1141449 921072    1.83859   45   52    1.16792    1.91936  64.3%   156 1878s
 1145611 923694    1.84943   34   62    1.16792    1.91867  64.3%   156 1882s
 1149011 926378    1.78947   46   47    1.16792    1.91808  64.2%   155 1886s
 1152463 928765    1.79146   51   44    1.16792    1.91754  64.2%   155 1890s
 1155567 931402    1.83193   40   56    1.16792    1.91706  64.1%   155 1895s
 1162300 936436     cutoff   53         1.16792    1.91591  64.0%   155 1903s
 1165467 939027    1.74595   44   56    1.16792    1.91540  64.0%   155 1908s
 1168816 941593    1.89653   41   57    1.16792    1.91480  63.9%   155 1913s
 1172127 944746    1.85339   36   71    1.16792    1.91426  63.9%   155 1919s
 1176183 947284    1.86078   44   49    1.16792    1.91362  63.8%   155 1924s
 1179547 949765    1.75881   54   45    1.16792    1.91302  63.8%   155 1929s
 1182785 952477    1.77652   47   55    1.16792    1.91246  63.7%   155 1933s
 1186270 954956    1.88938   44   62    1.16792    1.91186  63.7%   155 1937s
 1189487 957877    1.88682   54   52    1.16792    1.91137  63.7%   155 1941s
 1193178 960415     cutoff   35         1.16792    1.91086  63.6%   155 1946s
 1196451 963013    1.85503   53   43    1.16792    1.91032  63.6%   155 1950s
 1199811 964627    1.34466   35   67    1.16792    1.90973  63.5%   155 1955s
 1206231 970370     cutoff   53         1.16792    1.90876  63.4%   154 1963s
 1209410 972832    1.84465   44   52    1.16792    1.90821  63.4%   154 1967s
 1212580 975512     cutoff   35         1.16792    1.90777  63.3%   154 1972s
 1216078 978008     cutoff   43         1.16792    1.90721  63.3%   154 1976s
 1222463 982965    1.89644   51   49    1.16792    1.90617  63.2%   154 1983s
 1225831 985760    1.89934   47   55    1.16792    1.90565  63.2%   154 1986s
 1229334 988299    1.20550   32   72    1.16792    1.90507  63.1%   154 1990s
 1236971 994114    1.87061   44   60    1.16792    1.90401  63.0%   154 1997s
 1240159 996695    1.87864   29   79    1.16792    1.90345  63.0%   154 2001s
 1243411 999200    1.78496   49   51    1.16792    1.90293  62.9%   154 2005s
 1250084 1004589    1.86198   54   39    1.16792    1.90198  62.9%   154 2013s
 1253576 1007140    1.67669   50   43    1.16792    1.90153  62.8%   154 2016s
 1256836 1009662    1.87370   46   54    1.16792    1.90106  62.8%   153 2020s
 1263182 1015370    1.84857   53   46    1.16792    1.90013  62.7%   153 2028s
 1267604 1017812     cutoff   41         1.16792    1.89951  62.6%   153 2031s
 1270775 1020178    1.88976   35   67    1.16792    1.89903  62.6%   153 2035s
 1277199 1025292    1.85415   53   49    1.16792    1.89812  62.5%   153 2041s
 1280595 1027946    1.45879   46   53    1.16792    1.89767  62.5%   153 2045s
 1283988 1030354    1.21751   48   54    1.16792    1.89723  62.4%   153 2050s
 1287085 1032819    1.85752   50   54    1.16792    1.89677  62.4%   153 2055s
 1293683 1038754    1.29408   44   57    1.16792    1.89584  62.3%   153 2063s
 1297999 1041127    1.78594   44   56    1.16792    1.89523  62.3%   153 2067s
 1301087 1043587     cutoff   36         1.16792    1.89477  62.2%   153 2071s
 1307664 1048653    1.84319   42   62    1.16792    1.89382  62.2%   153 2078s
 1310967 1051146    1.82068   31   70    1.16792    1.89340  62.1%   152 2082s
 1314231 1053844    1.85653   54   46    1.16792    1.89292  62.1%   152 2085s
 1321008 1058939    1.82217   40   58    1.16792    1.89196  62.0%   152 2092s
 1324173 1062292    1.68275   39   62    1.16792    1.89147  62.0%   152 2097s
 1328503 1064907     cutoff   49         1.16792    1.89087  61.9%   152 2100s
 1335095 1069973    1.20888   52   47    1.16792    1.88996  61.8%   152 2107s
 1338349 1072326    1.84095   51   44    1.16792    1.88955  61.8%   152 2110s
 1344749 1077387    1.83015   52   53    1.16792    1.88865  61.7%   152 2117s
 1348030 1079965    1.79932   47   57    1.16792    1.88822  61.7%   152 2121s
 1354691 1085552    1.88079   50   44    1.16792    1.88727  61.6%   152 2129s
 1358592 1088334    1.57504   41   61    1.16792    1.88678  61.6%   152 2132s
 1362138 1091095    1.79284   47   46    1.16792    1.88628  61.5%   152 2136s
 1365717 1093602     cutoff   39         1.16792    1.88585  61.5%   152 2140s
 1368929 1096210    1.41078   41   61    1.16792    1.88538  61.4%   152 2145s
 1375708 1101206    1.83568   40   63    1.16792    1.88440  61.3%   151 2154s
 1378818 1103942    1.85409   37   64    1.16792    1.88400  61.3%   151 2158s
 1382376 1106457     cutoff   41         1.16792    1.88367  61.3%   151 2162s
 1385674 1109591    1.87335   51   45    1.16792    1.88314  61.2%   151 2168s
 1389757 1112357    1.87003   50   51    1.16792    1.88261  61.2%   151 2172s
 1393317 1114903    1.81258   53   47    1.16792    1.88221  61.2%   151 2175s
 1399787 1119949    1.39507   42   60    1.16792    1.88135  61.1%   151 2183s
 1403186 1122384     cutoff   46         1.16792    1.88092  61.0%   151 2186s
 1406390 1124949    1.87887   42   60    1.16792    1.88050  61.0%   151 2190s
 1412923 1130030    1.63013   49   55    1.16792    1.87980  61.0%   151 2198s
 1416345 1133191    1.39049   45   59    1.16792    1.87931  60.9%   151 2202s
 1420461 1135920    1.75013   52   49    1.16792    1.87872  60.9%   151 2206s
 1423869 1138609    1.69312   55   45    1.16792    1.87832  60.8%   151 2210s
 1430527 1143619     cutoff   45         1.16792    1.87745  60.8%   151 2216s
 1433664 1146243    1.78041   52   49    1.16792    1.87707  60.7%   151 2220s
 1440566 1151682    1.83764   52   50    1.16792    1.87627  60.7%   150 2228s
 1444048 1154104 infeasible   49         1.16792    1.87580  60.6%   150 2232s
 1447262 1156367    1.48575   47   57    1.16792    1.87546  60.6%   150 2237s
 1450162 1160160    1.81086   51   48    1.16792    1.87523  60.6%   150 2242s
 1455016 1163088     cutoff   33         1.16792    1.87451  60.5%   150 2246s
 1458818 1165740    1.86396   47   56    1.16792    1.87402  60.5%   150 2250s
 1465762 1171163    1.43639   54   50    1.16792    1.87315  60.4%   150 2256s
 1469254 1173626    1.54788   58   42    1.16792    1.87271  60.3%   150 2260s
 1475991 1178906    1.75087   59   44    1.16792    1.87191  60.3%   150 2267s
 1479274 1182192    1.85397   46   49    1.16792    1.87154  60.2%   150 2273s
 1483569 1184714    1.83770   48   55    1.16792    1.87102  60.2%   150 2276s
 1486800 1187218    1.79442   46   58    1.16792    1.87061  60.2%   150 2280s
 1493381 1192446 infeasible   47         1.16792    1.86984  60.1%   150 2288s
 1496651 1195011    1.76331   50   54    1.16792    1.86945  60.1%   149 2292s
 1499899 1197391    1.85620   48   55    1.16792    1.86907  60.0%   149 2296s
 1503054 1199837    1.79771   50   54    1.16792    1.86868  60.0%   149 2300s
 1509765 1205706     cutoff   47         1.16792    1.86790  59.9%   149 2309s
 1513866 1208360    1.25713   45   59    1.16792    1.86740  59.9%   149 2313s
 1517261 1210845    1.83857   50   57    1.16792    1.86706  59.9%   149 2317s
 1520496 1213416    1.76488   49   44    1.16792    1.86666  59.8%   149 2321s
 1523847 1216083    1.76088   48   52    1.16792    1.86620  59.8%   149 2325s
 1530590 1221304    1.83004   50   52    1.16792    1.86548  59.7%   149 2333s
 1534005 1224000    1.81271   48   55    1.16792    1.86507  59.7%   149 2337s
 1537425 1226530    1.66340   45   61    1.16792    1.86469  59.7%   149 2341s
 1540744 1229647    1.68268   31   69    1.16792    1.86436  59.6%   149 2346s
 1548453 1234795    1.62129   42   57    1.16792    1.86348  59.6%   149 2353s
 1551587 1237443    1.81577   46   53    1.16792    1.86313  59.5%   149 2357s
 1554976 1240152    1.75555   46   51    1.16792    1.86272  59.5%   149 2360s
 1561656 1245148    1.61712   41   67    1.16792    1.86199  59.4%   149 2369s
 1564894 1247639    1.77197   54   38    1.16792    1.86164  59.4%   148 2373s
 1568117 1250089    1.82499   48   46    1.16792    1.86135  59.4%   148 2377s
 1571286 1253519    1.70119   43   57    1.16792    1.86097  59.3%   148 2382s
 1575609 1256127    1.85754   52   50    1.16792    1.86056  59.3%   148 2386s
 1582142 1260896    1.79228   47   51    1.16792    1.85988  59.2%   148 2393s
 1585112 1263620    1.82492   49   53    1.16792    1.85958  59.2%   148 2397s
 1588537 1266228    1.66464   48   51    1.16792    1.85923  59.2%   148 2400s
 1595177 1271077     cutoff   35         1.16792    1.85850  59.1%   148 2408s
 1598184 1273820    1.82005   40   60    1.16792    1.85816  59.1%   148 2412s
 1601673 1277050    1.82538   50   50    1.16792    1.85778  59.1%   148 2418s
 1605844 1279775    1.78012   40   56    1.16792    1.85736  59.0%   148 2422s
 1609327 1282291    1.81013   49   49    1.16792    1.85703  59.0%   148 2426s
 1612559 1284841    1.75196   47   49    1.16792    1.85669  59.0%   148 2430s
 1615754 1287452    1.71807   47   50    1.16792    1.85636  58.9%   148 2435s
 1622533 1292642    1.78339   45   56    1.16792    1.85570  58.9%   148 2442s
 1625742 1295180    1.79496   43   57    1.16792    1.85535  58.9%   148 2446s
 1629036 1297516    1.78198   42   59    1.16792    1.85501  58.8%   148 2450s
 1632166 1300718    1.79316   50   55    1.16792    1.85468  58.8%   148 2455s
 1639593 1305649    1.59405   56   49    1.16792    1.85390  58.7%   147 2463s
 1642902 1308352    1.81407   41   56    1.16792    1.85353  58.7%   147 2467s
 1646366 1310846     cutoff   40         1.16792    1.85320  58.7%   147 2471s
 1649603 1313273    1.83309   53   42    1.16792    1.85284  58.6%   147 2475s
 1656004 1318435    1.80141   42   58    1.16792    1.85220  58.6%   147 2482s
 1659403 1321008    1.56255   46   65    1.16792    1.85185  58.6%   147 2486s
 1662680 1324252    1.45831   47   54    1.16792    1.85148  58.5%   147 2492s
 1666933 1326945    1.78392   52   45    1.16792    1.85110  58.5%   147 2496s
 1670397 1329375    1.81345   48   48    1.16792    1.85069  58.5%   147 2500s
 1676749 1334197    1.84547   45   56    1.16792    1.85006  58.4%   147 2508s
 1679802 1336714    1.69170   47   53    1.16792    1.84975  58.4%   147 2513s
 1683021 1339255    1.78020   44   58    1.16792    1.84938  58.3%   147 2516s
 1686370 1341764     cutoff   52         1.16792    1.84911  58.3%   147 2520s
 1693060 1347586     cutoff   50         1.16792    1.84840  58.3%   147 2530s
 1700527 1352890    1.76951   38   63    1.16792    1.84765  58.2%   147 2538s
 1703909 1353577    1.74608   47   54    1.16792    1.84737  58.2%   147 2544s
 1704772 1356082    1.49845   35   55    1.16792    1.84729  58.2%   147 2548s
 1707946 1359032    1.77261   52   45    1.16792    1.84720  58.2%   146 2551s
 1711791 1361734    1.76078   35   72    1.16792    1.84658  58.1%   146 2555s
 1718781 1367195    1.78872   45   56    1.16792    1.84592  58.1%   146 2562s
 1722303 1369456    1.61595   54   42    1.16792    1.84558  58.0%   146 2568s
 1725194 1373056    1.83338   47   49    1.16792    1.84538  58.0%   146 2573s
 1729920 1376032    1.79876   50   54    1.16792    1.84484  58.0%   146 2576s
 1733756 1378633    1.74682   37   69    1.16792    1.84446  57.9%   146 2581s
 1740773 1384097    1.53965   44   57    1.16792    1.84376  57.9%   146 2587s
 1744221 1386741    1.48778   52   50    1.16792    1.84341  57.8%   146 2591s
 1750974 1392028    1.79244   46   57    1.16792    1.84278  57.8%   146 2597s
 1754478 1395364    1.78668   36   67    1.16792    1.84244  57.8%   146 2601s
 1761942 1400334    1.81594   43   55    1.16792    1.84174  57.7%   146 2608s
 1765171 1402901    1.78399   46   51    1.16792    1.84143  57.7%   146 2611s
 1768439 1405457     cutoff   48         1.16792    1.84112  57.6%   146 2616s
 1771718 1408154    1.71465   47   50    1.16792    1.84083  57.6%   146 2620s
 1778530 1413292    1.42108   52   49    1.16792    1.84020  57.6%   146 2628s
 1781678 1415884     cutoff   35         1.16792    1.83991  57.5%   146 2632s
 1785076 1419227     cutoff   43         1.16792    1.83960  57.5%   145 2637s
 1789399 1421567    1.80571   51   52    1.16792    1.83922  57.5%   145 2641s
 1792476 1424138    1.80335   38   58    1.16792    1.83894  57.5%   145 2645s
 1799026 1429283    1.49371   49   51    1.16792    1.83832  57.4%   145 2652s
 1802303 1431819     cutoff   45         1.16792    1.83803  57.4%   145 2656s
 1805606 1434232    1.61510   47   60    1.16792    1.83774  57.4%   145 2661s
 1808780 1436818    1.81892   54   50    1.16792    1.83739  57.3%   145 2666s
 1812092 1439339    1.76299   52   51    1.16792    1.83709  57.3%   145 2670s
 1819497 1445303    1.80978   47   51    1.16792    1.83641  57.2%   145 2678s
 1822960 1447799    1.76756   53   51    1.16792    1.83613  57.2%   145 2682s
 1826170 1450326    1.82128   44   51    1.16792    1.83582  57.2%   145 2686s
 1829416 1452787    1.75311   54   53    1.16792    1.83557  57.2%   145 2690s
 1835931 1457983    1.25306   52   35    1.16792    1.83496  57.1%   145 2698s
 1839311 1460457    1.67014   49   53    1.16792    1.83469  57.1%   145 2702s
 1842526 1463170    1.80077   48   58    1.16792    1.83438  57.1%   145 2706s
 1845981 1466306    1.75783   42   58    1.16792    1.83409  57.0%   145 2711s
 1850020 1468935     cutoff   50         1.16792    1.83373  57.0%   145 2715s
 1856802 1474035    1.83290   59   50    1.16792    1.83311  57.0%   145 2723s
 1860138 1476608     cutoff   52         1.16792    1.83281  56.9%   145 2727s
 1863445 1478992    1.55655   50   51    1.16792    1.83251  56.9%   145 2731s
 1866589 1481673    1.80987   44   58    1.16792    1.83224  56.9%   145 2735s
 1873387 1486942    1.82776   55   55    1.16792    1.83165  56.8%   144 2743s
 1876809 1490027     cutoff   39         1.16792    1.83134  56.8%   144 2748s
 1880804 1492583    1.69957   50   50    1.16792    1.83094  56.8%   144 2752s
 1884181 1495201    1.57836   48   54    1.16792    1.83062  56.7%   144 2756s
 1887514 1497785     cutoff   38         1.16792    1.83035  56.7%   144 2760s
 1894302 1502997    1.72392   50   41    1.16792    1.82973  56.7%   144 2768s
 1897623 1505636    1.41270   33   68    1.16792    1.82944  56.6%   144 2771s
 1901095 1508143    1.56988   44   55    1.16792    1.82913  56.6%   144 2775s
 1907770 1513885    1.72072   53   53    1.16792    1.82855  56.6%   144 2784s
 1911836 1516351    1.78125   52   48    1.16792    1.82823  56.5%   144 2788s
 1915068 1519162    1.75517   43   58    1.16792    1.82794  56.5%   144 2792s
 1918697 1521609    1.71416   52   49    1.16792    1.82762  56.5%   144 2796s
 1921913 1524108    1.69512   57   40    1.16792    1.82736  56.5%   144 2800s
 1928184 1529251    1.76433   46   55    1.16792    1.82682  56.4%   144 2808s
 1931694 1531881     cutoff   43         1.16792    1.82654  56.4%   144 2812s
 1935102 1534158    1.70165   52   49    1.16792    1.82629  56.4%   144 2816s
 1938148 1537384    1.73136   46   45    1.16792    1.82602  56.3%   144 2820s
 1945511 1542467    1.78428   51   49    1.16792    1.82538  56.3%   144 2828s
 1948892 1545007    1.69167   49   51    1.16792    1.82511  56.3%   144 2832s
 1952161 1547564     cutoff   53         1.16792    1.82485  56.2%   144 2837s
 1955470 1550070    1.74420   44   59    1.16792    1.82455  56.2%   144 2841s
 1958750 1552638    1.73404   57   52    1.16792    1.82433  56.2%   143 2846s
 1962064 1555184    1.80216   60   51    1.16792    1.82401  56.2%   143 2851s
 1966868 1557720    1.77546   42   60    1.16792    1.82371  56.2%   143 2855s
 1968714 1560879     cutoff   50         1.16792    1.82346  56.1%   143 2860s
 1974878 1565320    1.81119   46   45    1.16792    1.82307  56.1%   143 2868s
 1978601 1568423    1.71048   37   65    1.16792    1.82266  56.1%   143 2872s
 1982517 1571132     cutoff   51         1.16792    1.82235  56.0%   143 2875s
 1989440 1576431    1.74803   42   57    1.16792    1.82181  56.0%   143 2883s
 1992864 1579065     cutoff   39         1.16792    1.82153  56.0%   143 2887s
 1996234 1581723     cutoff   43         1.16792    1.82125  55.9%   143 2890s
 2003642 1587658    1.73275   51   49    1.16792    1.82062  55.9%   143 2897s
 2007183 1590274    1.77853   43   61    1.16792    1.82033  55.9%   143 2901s
 2013756 1595282     cutoff   35         1.16792    1.81981  55.8%   143 2907s
 2017000 1597641    1.79485   41   63    1.16792    1.81953  55.8%   143 2910s
 2023600 1602912 infeasible   37         1.16792    1.81901  55.7%   143 2916s
 2026970 1605335    1.27020   47   56    1.16792    1.81870  55.7%   143 2920s
 2030120 1607080    1.55768   50   49    1.16792    1.81847  55.7%   143 2925s
 2032386 1610073    1.53407   45   55    1.16792    1.81842  55.7%   143 2931s
 2036295 1612891     cutoff   45         1.16792    1.81838  55.7%   143 2937s
H2038216 1612891                       1.1679207    1.81834  55.7%   143 2938s
 2039910 1613663    1.72762   52   52    1.16792    1.81828  55.7%   143 2945s
 2040900 1615199     cutoff   50         1.16792    1.81810  55.7%   143 2951s
 2042939 1618543     cutoff   41         1.16792    1.81796  55.7%   143 2957s
 2047333 1621691    1.73555   49   51    1.16792    1.81767  55.6%   143 2963s
 2051457 1624740    1.77871   51   52    1.16792    1.81744  55.6%   143 2970s
 2055418 1627561    1.78783   54   52    1.16792    1.81721  55.6%   142 2976s
 2059033 1630017    1.65378   32   75    1.16792    1.81686  55.6%   142 2981s
 2062163 1633063    1.59989   40   64    1.16792    1.81651  55.5%   142 2986s
 2066087 1635749    1.79102   39   63    1.16792    1.81606  55.5%   142 2991s
 2069459 1638645    1.79079   46   52    1.16792    1.81559  55.5%   142 2996s
 2073248 1641270    1.77202   43   58    1.16792    1.81523  55.4%   142 3000s
 2076684 1643898    1.55611   49   53    1.16792    1.81492  55.4%   142 3005s
 2083825 1649506    1.74260   39   62    1.16792    1.81415  55.3%   142 3014s
 2087383 1652281    1.37307   45   59    1.16792    1.81378  55.3%   142 3018s
 2091012 1655383    1.70219   41   63    1.16792    1.81353  55.3%   142 3023s
 2095030 1657905    1.72660   37   62    1.16792    1.81316  55.2%   142 3027s
 2098282 1660531    1.78112   33   65    1.16792    1.81289  55.2%   142 3032s
 2101719 1663002     cutoff   47         1.16792    1.81261  55.2%   142 3036s
 2104955 1665603     cutoff   55         1.16792    1.81238  55.2%   142 3040s
 2111642 1670539    1.78312   44   57    1.16792    1.81183  55.1%   142 3048s
 2114755 1673188    1.72496   46   60    1.16792    1.81158  55.1%   142 3052s
 2118225 1675718    1.74521   49   54    1.16792    1.81132  55.1%   142 3056s
 2121577 1678827     cutoff   45         1.16792    1.81105  55.1%   142 3061s
 2125516 1681543    1.72912   39   63    1.16792    1.81073  55.0%   142 3066s
 2129016 1684041     cutoff   50         1.16792    1.81047  55.0%   142 3071s
 2132267 1686750    1.79290   55   43    1.16792    1.81023  55.0%   142 3075s
 2135772 1689233    1.41388   55   49    1.16792    1.80997  55.0%   142 3080s
 2142316 1694327    1.69717   51   52    1.16792    1.80943  54.9%   142 3088s
 2145579 1696822     cutoff   46         1.16792    1.80915  54.9%   142 3092s
 2148884 1699410    1.35258   44   60    1.16792    1.80892  54.9%   142 3096s
 2152214 1702345    1.80728   48   55    1.16792    1.80864  54.9%   142 3101s
 2156115 1705038    1.72838   38   57    1.16792    1.80836  54.8%   142 3105s
 2163026 1710148    1.53311   52   39    1.16792    1.80780  54.8%   141 3112s
 2166301 1712549    1.79881   52   53    1.16792    1.80755  54.8%   141 3115s
 2172931 1717823    1.78675   51   43    1.16792    1.80704  54.7%   141 3122s
 2176289 1720273    1.64950   50   58    1.16792    1.80679  54.7%   141 3127s
 2179449 1722896    1.72492   36   67    1.16792    1.80653  54.7%   141 3132s
 2182855 1726013    1.63168   55   48    1.16792    1.80629  54.7%   141 3136s
 2190351 1729399    1.71756   52   52    1.16792    1.80568  54.6%   141 3144s
 2191391 1732146    1.75495   51   49    1.16792    1.80564  54.6%   141 3148s
 2195017 1734807    1.79861   43   54    1.16792    1.80545  54.6%   141 3152s
 2198584 1737569    1.72330   44   59    1.16792    1.80511  54.6%   141 3155s
 2205598 1742776    1.57781   51   42    1.16792    1.80457  54.5%   141 3162s
 2208978 1745419    1.79476   47   56    1.16792    1.80433  54.5%   141 3165s
 2212424 1748626    1.80310   56   48    1.16792    1.80409  54.5%   141 3170s
 2219830 1753670    1.79177   52   44    1.16792    1.80352  54.4%   141 3177s
 2223194 1756193    1.79308   44   55    1.16792    1.80329  54.4%   141 3181s
 2226452 1758665    1.59749   55   46    1.16792    1.80306  54.4%   141 3185s
 2233063 1763774    1.29730   47   66    1.16792    1.80256  54.3%   141 3193s
 2236316 1766336    1.62377   46   59    1.16792    1.80232  54.3%   141 3196s
 2239599 1768737     cutoff   41         1.16792    1.80210  54.3%   141 3200s
 2242784 1771886    1.69420   44   52    1.16792    1.80185  54.3%   141 3205s
 2250125 1776798    1.73950   43   62    1.16792    1.80130  54.2%   141 3212s
 2253459 1779158    1.67589   53   50    1.16792    1.80107  54.2%   141 3215s
 2260008 1784358    1.79105   44   54    1.16792    1.80061  54.2%   141 3223s
 2263493 1786705    1.78277   57   40    1.16792    1.80036  54.2%   141 3227s
 2266575 1789172     cutoff   53         1.16792    1.80017  54.1%   141 3231s
 2269865 1791738     cutoff   42         1.16792    1.79992  54.1%   140 3235s
 2273214 1794838    1.72342   58   38    1.16792    1.79969  54.1%   140 3240s
 2280613 1800097     cutoff   53         1.16792    1.79912  54.0%   140 3248s
 2283995 1802521    1.78498   60   36    1.16792    1.79889  54.0%   140 3251s
 2287167 1805025    1.56980   45   52    1.16792    1.79866  54.0%   140 3255s
 2293669 1810093 infeasible   41         1.16792    1.79819  54.0%   140 3263s
 2297073 1812706    1.69610   50   52    1.16792    1.79798  53.9%   140 3267s
 2300423 1815356    1.70305   35   66    1.16792    1.79774  53.9%   140 3271s
 2303854 1818521    1.65492   52   50    1.16792    1.79750  53.9%   140 3276s
 2311146 1823454    1.74778   39   63    1.16792    1.79697  53.9%   140 3283s
 2314446 1825956    1.48156   47   53    1.16792    1.79672  53.8%   140 3287s
 2317795 1828553    1.45062   43   59    1.16792    1.79648  53.8%   140 3290s
 2324409 1833456    1.79259   45   51    1.16792    1.79600  53.8%   140 3298s
 2327683 1836006    1.77281   48   54    1.16792    1.79578  53.8%   140 3301s
 2331030 1838522    1.77789   51   50    1.16792    1.79554  53.7%   140 3305s
 2334237 1841656    1.30458   56   45    1.16792    1.79531  53.7%   140 3310s
 2341607 1846488    1.69632   45   52    1.16792    1.79480  53.7%   140 3317s
 2344739 1849081     cutoff   45         1.16792    1.79458  53.7%   140 3321s
 2351503 1854283    1.72918   51   55    1.16792    1.79412  53.6%   140 3327s
 2354894 1856728     cutoff   54         1.16792    1.79389  53.6%   140 3331s
 2361391 1861711     cutoff   30         1.16792    1.79343  53.6%   140 3338s
 2364653 1864918    1.74429   50   49    1.16792    1.79318  53.5%   140 3342s
 2368819 1867430    1.74969   53   54    1.16792    1.79293  53.5%   140 3346s
 2375273 1872449    1.77128   48   55    1.16792    1.79245  53.5%   140 3353s
 2378609 1874979    1.63064   47   46    1.16792    1.79222  53.5%   140 3357s
 2381907 1877403    1.76293   40   65    1.16792    1.79201  53.4%   140 3361s
 2385072 1879838     cutoff   35         1.16792    1.79177  53.4%   140 3365s
 2391718 1885060    1.77400   58   35    1.16792    1.79135  53.4%   139 3373s
 2395071 1887916    1.28935   38   59    1.16792    1.79111  53.4%   139 3378s
 2398930 1890484    1.61695   60   32    1.16792    1.79084  53.3%   139 3381s
 2402322 1893048    1.63439   54   47    1.16792    1.79059  53.3%   139 3385s
 2408915 1898259     cutoff   43         1.16792    1.79015  53.3%   139 3393s
 2412462 1900622     cutoff   34         1.16792    1.78993  53.3%   139 3397s
 2415667 1903068    1.37895   42   44    1.16792    1.78969  53.2%   139 3401s
 2418862 1905698    1.76461   45   57    1.16792    1.78948  53.2%   139 3405s
 2425763 1911383    1.72795   47   52    1.16792    1.78897  53.2%   139 3415s
 2433139 1916571    1.66865   46   58    1.16792    1.78850  53.1%   139 3422s
 2436559 1919034    1.78337   45   61    1.16792    1.78824  53.1%   139 3426s
 2439809 1921448    1.72421   52   54    1.16792    1.78802  53.1%   139 3430s
 2446452 1926656    1.67220   47   59    1.16792    1.78756  53.1%   139 3437s
 2449792 1929181    1.35036   49   51    1.16792    1.78733  53.0%   139 3440s
 2456340 1934753    1.54401   46   56    1.16792    1.78690  53.0%   139 3448s
 2460431 1937260    1.78104   55   47    1.16792    1.78665  53.0%   139 3452s
 2463784 1939594    1.71244   49   47    1.16792    1.78642  53.0%   139 3455s
 2470081 1944714    1.55810   45   47    1.16792    1.78600  52.9%   139 3464s
 2473521 1947170    1.69327   45   58    1.16792    1.78577  52.9%   139 3468s
 2476769 1949743     cutoff   56         1.16792    1.78557  52.9%   139 3472s
 2480182 1952241    1.68360   50   52    1.16792    1.78534  52.9%   139 3477s
 2483519 1954567    1.61392   49   52    1.16792    1.78509  52.8%   139 3482s
 2486641 1957609    1.18163   47   56    1.16792    1.78491  52.8%   139 3488s
 2490654 1960106    1.62581   54   51    1.16792    1.78463  52.8%   139 3493s
 2493976 1962741    1.50934   55   33    1.16792    1.78441  52.8%   139 3497s
 2497458 1965134    1.62742   42   56    1.16792    1.78420  52.8%   139 3502s
 2500580 1967731    1.52251   54   42    1.16792    1.78397  52.7%   139 3505s
 2507392 1972658    1.75538   38   70    1.16792    1.78354  52.7%   139 3512s
 2510528 1975175    1.70937   39   69    1.16792    1.78334  52.7%   139 3516s
 2513830 1977665    1.77000   46   44    1.16792    1.78313  52.7%   139 3520s
 2517135 1980667    1.73569   47   57    1.16792    1.78293  52.7%   139 3526s
 2521111 1983166    1.75216   44   59    1.16792    1.78266  52.6%   138 3530s
 2527728 1988313     cutoff   57         1.16792    1.78221  52.6%   138 3538s
 2531079 1990812    1.40981   44   61    1.16792    1.78200  52.6%   138 3541s
 2534359 1993262    1.70331   51   46    1.16792    1.78181  52.6%   138 3545s
 2537615 1995741    1.77703   44   59    1.16792    1.78159  52.5%   138 3550s
 2544230 2000676    1.69240   51   51    1.16792    1.78111  52.5%   138 3558s
 2547487 2003831    1.61833   43   58    1.16792    1.78090  52.5%   138 3562s
 2551516 2006292    1.68594   44   59    1.16792    1.78064  52.5%   138 3566s
 2554792 2008837    1.73086   50   54    1.16792    1.78043  52.4%   138 3570s
 2561460 2013847    1.71848   27   78    1.16792    1.78002  52.4%   138 3578s
 2564742 2016203    1.55891   45   56    1.16792    1.77981  52.4%   138 3581s
 2567906 2018688     cutoff   49         1.16792    1.77961  52.4%   138 3585s
 2574409 2023785     cutoff   51         1.16792    1.77920  52.3%   138 3593s
 2577825 2026814    1.57528   48   55    1.16792    1.77897  52.3%   138 3597s
 2581846 2029307    1.71288   41   59    1.16792    1.77872  52.3%   138 3602s
 2585132 2031880    1.70338   53   37    1.16792    1.77853  52.3%   138 3607s
 2588512 2034240     cutoff   42         1.16792    1.77829  52.3%   138 3610s
 2595067 2039246    1.75063   49   45    1.16792    1.77789  52.2%   138 3618s
 2598270 2041710    1.45478   45   57    1.16792    1.77768  52.2%   138 3622s
 2601538 2044068    1.74707   51   52    1.16792    1.77748  52.2%   138 3628s
 2604740 2046665    1.59823   53   48    1.16792    1.77728  52.2%   138 3632s
 2608166 2049453    1.67336   40   63    1.16792    1.77705  52.2%   138 3638s
 2611894 2051989    1.63239   47   59    1.16792    1.77682  52.1%   138 3642s
 2615315 2054552    1.68755   38   59    1.16792    1.77659  52.1%   138 3646s
 2618732 2057183    1.71784   40   58    1.16792    1.77639  52.1%   138 3650s
 2622163 2059613     cutoff   50         1.16792    1.77617  52.1%   138 3655s
 2628903 2064748    1.63782   53   46    1.16792    1.77575  52.0%   138 3664s
 2632329 2067350    1.70889   50   52    1.16792    1.77553  52.0%   138 3668s
 2635755 2069856    1.66751   49   55    1.16792    1.77533  52.0%   138 3672s
 2639085 2072809    1.71182   58   53    1.16792    1.77512  52.0%   138 3677s
 2643030 2075274    1.75450   38   64    1.16792    1.77489  52.0%   138 3681s
 2646264 2077757     cutoff   51         1.16792    1.77466  52.0%   138 3685s
 2649521 2077958    1.58135   56   46    1.16792    1.77445  51.9%   138 3691s
 2649799 2080191    1.63987   60   43    1.16792    1.77442  51.9%   138 3696s
 2652778 2082851    1.73604   46   58    1.16792    1.77438  51.9%   138 3702s
 2656287 2085389    1.77296   55   36    1.16792    1.77404  51.9%   138 3707s
 2659673 2088189    1.58581   51   53    1.16792    1.77381  51.9%   138 3712s
 2663361 2090884    1.68800   39   66    1.16792    1.77357  51.9%   138 3716s
 2666908 2093322    1.75677   43   62    1.16792    1.77334  51.8%   138 3722s
 2670162 2096379    1.72451   45   56    1.16792    1.77314  51.8%   137 3726s
 2674209 2098728    1.49333   46   53    1.16792    1.77287  51.8%   137 3730s
 2680593 2103625    1.75849   57   43    1.16792    1.77247  51.8%   137 3738s
 2683956 2106151    1.73930   50   51    1.16792    1.77225  51.7%   137 3742s
 2687369 2108688    1.70997   47   50    1.16792    1.77205  51.7%   137 3745s
 2694185 2113845    1.67250   52   55    1.16792    1.77165  51.7%   137 3754s
 2697414 2116374    1.76926   57   40    1.16792    1.77146  51.7%   137 3758s
 2700737 2119290    1.71137   48   49    1.16792    1.77126  51.7%   137 3764s
 2704650 2121780    1.64989   54   49    1.16792    1.77104  51.6%   137 3768s
 2707943 2124426    1.76522   42   60    1.16792    1.77082  51.6%   137 3773s
 2711436 2126998    1.61708   43   57    1.16792    1.77063  51.6%   137 3777s
 2714846 2129523    1.63703   54   37    1.16792    1.77043  51.6%   137 3781s
 2718220 2131933    1.67171   45   56    1.16792    1.77022  51.6%   137 3785s
 2724634 2137009    1.29057   47   49    1.16792    1.76983  51.5%   137 3793s
 2728126 2139540    1.76824   36   66    1.16792    1.76960  51.5%   137 3797s
 2731459 2142616    1.69802   49   54    1.16792    1.76940  51.5%   137 3802s
 2735453 2144999    1.65269   41   63    1.16792    1.76915  51.5%   137 3806s
 2738603 2147500    1.74579   47   59    1.16792    1.76897  51.5%   137 3810s
 2745411 2152489    1.71616   37   65    1.16792    1.76855  51.4%   137 3817s
 2748608 2155047    1.71166   48   49    1.16792    1.76834  51.4%   137 3821s
 2755269 2160052    1.68286   40   68    1.16792    1.76797  51.4%   137 3827s
 2758676 2162384    1.32935   43   57    1.16792    1.76775  51.4%   137 3831s
 2765777 2167817    1.50185   47   47    1.16792    1.76734  51.3%   137 3837s
 2769118 2170200    1.74283   46   55    1.16792    1.76711  51.3%   137 3840s
 2775490 2174971    1.75488   57   49    1.16792    1.76673  51.3%   137 3847s
 2778626 2177549 infeasible   52         1.16792    1.76653  51.3%   137 3850s
 2785511 2182355    1.48117   37   65    1.16792    1.76613  51.2%   137 3857s
 2788479 2184981    1.76151   49   54    1.16792    1.76594  51.2%   137 3860s
 2796033 2190437    1.62526   40   59    1.16792    1.76551  51.2%   137 3867s
 2799218 2192989    1.44637   49   54    1.16792    1.76529  51.1%   137 3870s
 2805667 2197783    1.72183   32   63    1.16792    1.76492  51.1%   137 3877s
 2808942 2200270    1.74678   48   49    1.16792    1.76472  51.1%   137 3881s
 2812236 2202744     cutoff   53         1.16792    1.76451  51.1%   137 3885s
 2816217 2205163    1.73758   50   51    1.16792    1.76432  51.1%   137 3890s
 2822116 2210659    1.66604   42   45    1.16792    1.76394  51.0%   137 3898s
 2826148 2213133    1.68474   61   40    1.16792    1.76371  51.0%   136 3903s
 2829455 2215543     cutoff   45         1.16792    1.76351  51.0%   136 3907s
 2832590 2218124    1.42535   56   48    1.16792    1.76334  51.0%   136 3911s
 2836030 2220479     cutoff   48         1.16792    1.76316  51.0%   136 3915s
 2842412 2225220     cutoff   53         1.16792    1.76276  50.9%   136 3924s
 2845558 2227835    1.65900   54   49    1.16792    1.76258  50.9%   136 3928s
 2848998 2230294     cutoff   44         1.16792    1.76238  50.9%   136 3931s
 2852349 2233173    1.71622   39   64    1.16792    1.76218  50.9%   136 3936s
 2856121 2235785     cutoff   41         1.16792    1.76198  50.9%   136 3940s
 2862898 2240889     cutoff   44         1.16792    1.76155  50.8%   136 3949s
 2866299 2243285    1.73918   55   40    1.16792    1.76137  50.8%   136 3953s
 2869479 2245872    1.23137   39   68    1.16792    1.76117  50.8%   136 3957s
 2872856 2248411    1.72487   45   59    1.16792    1.76099  50.8%   136 3962s
 2876207 2250807    1.67986   43   56    1.16792    1.76080  50.8%   136 3966s
 2879462 2253227    1.69151   43   57    1.16792    1.76061  50.7%   136 3970s
 2882789 2256028     cutoff   50         1.16792    1.76041  50.7%   136 3975s
 2889959 2261075     cutoff   53         1.16792    1.76000  50.7%   136 3984s
 2892519 2261075    1.70870   49   51    1.16792    1.75997  50.7%   136 3985s
 2896710 2266058    1.73166   53   49    1.16792    1.75961  50.7%   136 3994s
 2899874 2268578    1.64006   55   48    1.16792    1.75943  50.6%   136 3997s
 2903293 2271218    1.28273   39   64    1.16792    1.75924  50.6%   136 4001s
 2909944 2276328    1.67505   56   40    1.16792    1.75887  50.6%   136 4007s
 2913436 2279282    1.62721   45   45    1.16792    1.75866  50.6%   136 4012s
 2917450 2281814    1.71412   38   64    1.16792    1.75843  50.6%   136 4015s
 2923700 2286694    1.62569   56   48    1.16792    1.75806  50.5%   136 4022s
 2927230 2289290    1.71344   58   43    1.16792    1.75788  50.5%   136 4025s
 2934006 2294230    1.57778   36   65    1.16792    1.75752  50.5%   136 4032s
 2937218 2296806    1.62626   50   53    1.16792    1.75733  50.5%   136 4036s
 2940582 2299329    1.38527   37   62    1.16792    1.75717  50.5%   136 4040s
 2943864 2302186    1.57546   46   62    1.16792    1.75699  50.4%   136 4045s
 2947686 2304782    1.52963   48   55    1.16792    1.75677  50.4%   136 4050s
 2951200 2307288    1.68347   31   75    1.16792    1.75656  50.4%   136 4055s
 2954415 2310027     cutoff   51         1.16792    1.75638  50.4%   136 4060s
 2961306 2315083    1.72750   50   55    1.16792    1.75602  50.4%   136 4067s
 2964599 2317581    1.71156   54   48    1.16792    1.75584  50.3%   136 4071s
 2967848 2320203    1.70548   58   43    1.16792    1.75568  50.3%   136 4075s
 2974440 2325531    1.58223   51   54    1.16792    1.75527  50.3%   136 4084s
 2978340 2328033     cutoff   46         1.16792    1.75504  50.3%   136 4088s
 2981688 2330409    1.71454   45   60    1.16792    1.75485  50.3%   136 4093s
 2984910 2332645    1.59640   39   67    1.16792    1.75467  50.2%   136 4097s
 2987987 2335263     cutoff   51         1.16792    1.75450  50.2%   136 4100s
 2994833 2340288    1.33704   39   62    1.16792    1.75411  50.2%   136 4108s
 2998144 2342755    1.70449   49   41    1.16792    1.75391  50.2%   136 4112s
 3001457 2345316     cutoff   55         1.16792    1.75375  50.2%   135 4116s
 3004798 2348120    1.58998   40   57    1.16792    1.75356  50.1%   135 4120s
 3008611 2350544    1.73304   56   51    1.16792    1.75336  50.1%   135 4125s
 3015164 2355782    1.63750   40   56    1.16792    1.75297  50.1%   135 4134s
 3018742 2358459    1.74170   51   50    1.16792    1.75279  50.1%   135 4139s
 3022260 2361007     cutoff   54         1.16792    1.75261  50.1%   135 4143s
 3025656 2363499    1.70240   54   51    1.16792    1.75242  50.0%   135 4148s
 3028949 2365900    1.70144   43   61    1.16792    1.75224  50.0%   135 4153s
 3032229 2368442    1.59773   40   60    1.16792    1.75208  50.0%   135 4159s
 3035617 2371434    1.69954   40   69    1.16792    1.75186  50.0%   135 4164s
 3039597 2373834    1.73619   50   54    1.16792    1.75166  50.0%   135 4168s
 3042772 2376390 infeasible   39         1.16792    1.75149  50.0%   135 4173s
 3046121 2378893    1.73532   47   47    1.16792    1.75133  50.0%   135 4177s
 3049486 2381496    1.72267   35   67    1.16792    1.75115  49.9%   135 4181s
 3052909 2384119     cutoff   64         1.16792    1.75095  49.9%   135 4186s
 3056384 2386516     cutoff   58         1.16792    1.75077  49.9%   135 4191s
 3059568 2388886    1.57518   54   42    1.16792    1.75061  49.9%   135 4195s
 3062814 2391215    1.65131   44   58    1.16792    1.75045  49.9%   135 4200s
 3065986 2394208     cutoff   59         1.16792    1.75027  49.9%   135 4205s
 3069975 2396807    1.61306   49   50    1.16792    1.75006  49.8%   135 4210s
 3076531 2401578    1.73073   61   37    1.16792    1.74971  49.8%   135 4218s
 3079776 2403998    1.70918   49   50    1.16792    1.74953  49.8%   135 4222s
 3083044 2406524    1.59034   36   67    1.16792    1.74934  49.8%   135 4227s
 3086328 2409095    1.43689   53   42    1.16792    1.74915  49.8%   135 4231s
 3089835 2411523    1.54147   44   50    1.16792    1.74898  49.8%   135 4235s
 3096534 2416893    1.74855   62   37    1.16792    1.74864  49.7%   135 4244s
 3100302 2419448    1.47927   55   44    1.16792    1.74843  49.7%   135 4249s
 3103771 2421908     cutoff   54         1.16792    1.74825  49.7%   135 4253s
 3107112 2424388    1.67758   57   45    1.16792    1.74805  49.7%   135 4258s
 3110375 2427038    1.69738   51   52    1.16792    1.74789  49.7%   135 4263s
 3113895 2429563    1.45676   61   42    1.16792    1.74772  49.6%   135 4267s
 3117307 2432023    1.68206   44   62    1.16792    1.74755  49.6%   135 4272s
 3120591 2434436    1.67106   37   68    1.16792    1.74738  49.6%   135 4277s
 3123826 2437174     cutoff   45         1.16792    1.74722  49.6%   135 4281s
 3127438 2440199    1.69072   54   45    1.16792    1.74705  49.6%   135 4286s
 3134671 2445148    1.71920   53   43    1.16792    1.74669  49.6%   135 4292s
 3138097 2447529    1.69647   51   39    1.16792    1.74651  49.5%   135 4296s
 3144458 2452134    1.50596   46   59    1.16792    1.74617  49.5%   135 4302s
 3147513 2454759    1.62870   49   46    1.16792    1.74600  49.5%   135 4305s
 3154386 2459720    1.58751   55   44    1.16792    1.74564  49.5%   135 4312s
 3157583 2462558    1.55240   59   46    1.16792    1.74547  49.5%   135 4316s
 3164599 2467664    1.21396   47   50    1.16792    1.74511  49.4%   135 4323s
 3168117 2470280    1.73163   63   46    1.16792    1.74492  49.4%   135 4328s
 3171556 2472913    1.38738   58   51    1.16792    1.74476  49.4%   135 4333s
 3175034 2475400    1.65241   61   28    1.16792    1.74458  49.4%   134 4337s
 3178358 2477718    1.51438   59   33    1.16792    1.74442  49.4%   134 4341s
 3181566 2480347    1.69837   47   57    1.16792    1.74427  49.3%   134 4345s
 3188621 2486018    1.37587   61   44    1.16792    1.74391  49.3%   134 4353s
 3192562 2488560    1.50262   52   52    1.16792    1.74373  49.3%   134 4357s
 3195846 2490977     cutoff   56         1.16792    1.74355  49.3%   134 4360s
 3202389 2495763    1.67848   51   51    1.16792    1.74322  49.3%   134 4369s
 3205463 2498270    1.66845   47   58    1.16792    1.74303  49.2%   134 4373s
 3208893 2500938    1.62766   48   54    1.16792    1.74286  49.2%   134 4377s
 3212423 2503340    1.66615   56   52    1.16792    1.74267  49.2%   134 4382s
 3215674 2505799    1.71034   36   60    1.16792    1.74250  49.2%   134 4387s
 3218930 2508606    1.68383   41   62    1.16792    1.74236  49.2%   134 4392s
 3222707 2511260    1.59794   50   46    1.16792    1.74217  49.2%   134 4397s
 3226261 2513696    1.63969   55   44    1.16792    1.74199  49.2%   134 4402s
 3229490 2516161    1.23614   50   50    1.16792    1.74182  49.1%   134 4407s
 3232806 2518565    1.72391   46   60    1.16792    1.74165  49.1%   134 4411s
 3236125 2521130    1.73987   47   51    1.16792    1.74146  49.1%   134 4416s
 3239536 2523534    1.28541   56   41    1.16792    1.74131  49.1%   134 4420s
 3242754 2525948    1.72064   46   63    1.16792    1.74113  49.1%   134 4425s
 3249275 2531223    1.71203   47   47    1.16792    1.74077  49.0%   134 4434s
 3253132 2533512     cutoff   53         1.16792    1.74058  49.0%   134 4439s
 3256234 2536207    1.69546   51   46    1.16792    1.74043  49.0%   134 4443s
 3259782 2538802    1.52783   46   61    1.16792    1.74024  49.0%   134 4447s
 3263259 2541236    1.71520   47   55    1.16792    1.74007  49.0%   134 4451s
 3266577 2543605     cutoff   44         1.16792    1.73990  49.0%   134 4457s
 3269852 2546146    1.72676   56   38    1.16792    1.73973  49.0%   134 4462s
 3273197 2548727    1.66329   61   46    1.16792    1.73955  48.9%   134 4466s
 3276590 2551276    1.68146   46   42    1.16792    1.73938  48.9%   134 4470s
 3280040 2554093     cutoff   59         1.16792    1.73922  48.9%   134 4475s
 3287328 2559048     cutoff   53         1.16792    1.73887  48.9%   134 4484s
 3290615 2561557    1.69278   48   56    1.16792    1.73872  48.9%   134 4488s
 3293974 2564035    1.71381   35   73    1.16792    1.73854  48.9%   134 4492s
 3297286 2566496    1.26012   32   71    1.16792    1.73838  48.8%   134 4496s
 3300556 2568797    1.58460   44   51    1.16792    1.73820  48.8%   134 4501s
 3307178 2573911     cutoff   45         1.16792    1.73789  48.8%   134 4508s
 3310573 2576631    1.70162   56   43    1.16792    1.73774  48.8%   134 4512s
 3314228 2579353    1.67289   50   48    1.16792    1.73754  48.8%   134 4515s
 3321325 2584387    1.60092   40   61    1.16792    1.73720  48.7%   134 4523s
 3324619 2586678     cutoff   41         1.16792    1.73703  48.7%   134 4527s
 3327727 2589192    1.68921   51   50    1.16792    1.73687  48.7%   134 4531s
 3331133 2591603    1.67220   56   46    1.16792    1.73673  48.7%   134 4535s
 3337660 2596327    1.73426   53   44    1.16792    1.73638  48.7%   134 4543s
 3340858 2599333     cutoff   48         1.16792    1.73624  48.7%   134 4548s
 3344832 2601686    1.72627   51   48    1.16792    1.73603  48.6%   134 4552s
 3348117 2604013     cutoff   51         1.16792    1.73586  48.6%   134 4556s
 3351245 2606497    1.49205   51   51    1.16792    1.73571  48.6%   134 4560s
 3357931 2611500     cutoff   42         1.16792    1.73539  48.6%   134 4567s
 3361252 2614012    1.54676   53   46    1.16792    1.73523  48.6%   134 4571s
 3364579 2616422    1.66636   50   48    1.16792    1.73507  48.6%   134 4575s
 3370922 2621843    1.70615   53   45    1.16792    1.73476  48.5%   134 4583s
 3374948 2624189    1.73006   43   62    1.16792    1.73459  48.5%   133 4586s
 3381321 2629040    1.40169   47   51    1.16792    1.73428  48.5%   133 4593s
 3384527 2631549    1.46858   59   39    1.16792    1.73412  48.5%   133 4596s
 3387863 2633985     cutoff   50         1.16792    1.73398  48.5%   133 4600s
 3394441 2638847    1.68512   50   54    1.16792    1.73365  48.4%   133 4606s
 3397771 2641133    1.69433   40   59    1.16792    1.73350  48.4%   133 4610s
 3404618 2646559    1.50657   43   64    1.16792    1.73318  48.4%   133 4617s
 3408098 2649118    1.72808   48   51    1.16792    1.73300  48.4%   133 4621s
 3414948 2654029    1.63866   31   62    1.16792    1.73269  48.4%   133 4628s
 3418145 2656411    1.69493   52   53    1.16792    1.73255  48.3%   133 4631s
 3421387 2658860    1.63011   58   32    1.16792    1.73239  48.3%   133 4635s
 3427885 2661542    1.63803   45   42    1.16792    1.73211  48.3%   133 4642s
 3428227 2663112    1.65660   46   54    1.16792    1.73208  48.3%   133 4645s
 3434017 2668522    1.71228   50   42    1.16792    1.73187  48.3%   133 4652s
 3437565 2670933    1.63088   38   64    1.16792    1.73166  48.3%   133 4656s
 3444291 2675994    1.47287   41   57    1.16792    1.73134  48.2%   133 4662s
 3447626 2678386    1.71347   55   44    1.16792    1.73118  48.2%   133 4665s
 3454290 2683643    1.71823   51   45    1.16792    1.73086  48.2%   133 4672s
 3457737 2686142     cutoff   47         1.16792    1.73071  48.2%   133 4675s
 3461033 2688999     cutoff   52         1.16792    1.73055  48.2%   133 4680s
 3468126 2694020    1.65672   52   53    1.16792    1.73024  48.1%   133 4688s
 3471602 2696608    1.65158   38   64    1.16792    1.73007  48.1%   133 4692s
 3475051 2699048    1.69870   46   54    1.16792    1.72990  48.1%   133 4695s
 3481551 2704075     cutoff   45         1.16792    1.72959  48.1%   133 4703s
 3484964 2706561    1.69542   48   55    1.16792    1.72944  48.1%   133 4706s
 3491475 2711743    1.66964   53   50    1.16792    1.72915  48.1%   133 4713s
 3495205 2714402    1.67658   47   44    1.16792    1.72897  48.0%   133 4716s
 3502127 2719286     cutoff   62         1.16792    1.72865  48.0%   133 4722s
 3505297 2721689    1.64169   51   43    1.16792    1.72851  48.0%   133 4725s
 3511814 2726648    1.38061   58   35    1.16792    1.72820  48.0%   133 4733s
 3515182 2729147    1.65190   51   49    1.16792    1.72805  48.0%   133 4737s
 3518523 2731799    1.71954   54   46    1.16792    1.72790  47.9%   133 4741s
 3522016 2734497    1.68803   42   61    1.16792    1.72775  47.9%   133 4745s
 3529435 2739762    1.70191   53   46    1.16792    1.72742  47.9%   133 4753s
 3532706 2742156    1.63889   45   62    1.16792    1.72730  47.9%   133 4757s
 3536007 2744443    1.62154   55   46    1.16792    1.72712  47.9%   133 4760s
 3542552 2749451    1.68655   44   54    1.16792    1.72683  47.9%   133 4768s
 3545928 2751818    1.63863   50   44    1.16792    1.72669  47.8%   133 4772s
 3549086 2754298    1.69973   53   48    1.16792    1.72655  47.8%   133 4776s
 3552406 2757051    1.43089   60   47    1.16792    1.72639  47.8%   133 4780s
 3556155 2759652    1.48353   57   39    1.16792    1.72622  47.8%   133 4785s
 3563052 2764732    1.66105   47   56    1.16792    1.72589  47.8%   133 4792s
 3566427 2767169     cutoff   56         1.16792    1.72574  47.8%   133 4797s
 3569706 2769691    1.67243   44   57    1.16792    1.72558  47.7%   133 4801s
 3573079 2771992    1.57563   51   41    1.16792    1.72545  47.7%   133 4805s
 3579600 2777005    1.63054   47   52    1.16792    1.72514  47.7%   133 4812s
 3582970 2779897    1.28562   47   58    1.16792    1.72499  47.7%   133 4816s
 3590336 2784899    1.71411   57   38    1.16792    1.72466  47.7%   132 4822s
 3593474 2787345    1.71330   43   60    1.16792    1.72451  47.7%   132 4826s
 3600062 2792265    1.28763   45   61    1.16792    1.72422  47.6%   132 4832s
 3603299 2794788    1.72171   63   34    1.16792    1.72409  47.6%   132 4835s
 3609935 2799531     cutoff   48         1.16792    1.72379  47.6%   132 4841s
 3613125 2802241    1.71789   50   45    1.16792    1.72366  47.6%   132 4845s
 3620229 2807402     cutoff   47         1.16792    1.72336  47.6%   132 4852s
 3623664 2809914     cutoff   25         1.16792    1.72319  47.5%   132 4856s
 3630408 2814743    1.59954   60   44    1.16792    1.72289  47.5%   132 4862s
 3633636 2817354    1.68752   38   60    1.16792    1.72274  47.5%   132 4865s
 3640574 2822402    1.69382   49   52    1.16792    1.72245  47.5%   132 4872s
 3643891 2825281    1.71411   50   38    1.16792    1.72230  47.5%   132 4876s
 3651163 2830293    1.65796   59   45    1.16792    1.72199  47.4%   132 4882s
 3654411 2832732    1.23922   55   51    1.16792    1.72185  47.4%   132 4885s
 3661026 2837870    1.71218   52   52    1.16792    1.72156  47.4%   132 4891s
 3667740 2842841    1.66499   41   64    1.16792    1.72129  47.4%   132 4897s
 3671040 2845156    1.53585   59   46    1.16792    1.72116  47.4%   132 4900s
 3677989 2850331    1.70137   56   38    1.16792    1.72086  47.3%   132 4907s
 3681433 2852875    1.63973   40   64    1.16792    1.72071  47.3%   132 4910s
 3688019 2857826    1.51782   58   40    1.16792    1.72040  47.3%   132 4916s
 3694749 2862762    1.47683   43   54    1.16792    1.72011  47.3%   132 4922s
 3698127 2865251    1.43507   60   43    1.16792    1.71998  47.3%   132 4925s
 3704822 2870492     cutoff   41         1.16792    1.71968  47.2%   132 4933s
 3708381 2873293    1.48796   49   52    1.16792    1.71952  47.2%   132 4936s
 3715582 2878379     cutoff   36         1.16792    1.71920  47.2%   132 4942s
 3718858 2881006    1.63531   50   52    1.16792    1.71908  47.2%   132 4945s
 3725683 2885957    1.67982   51   47    1.16792    1.71878  47.2%   132 4952s
 3728970 2888424    1.58686   48   52    1.16792    1.71864  47.2%   132 4955s
 3735598 2893813    1.69510   59   35    1.16792    1.71835  47.1%   132 4962s
 3739467 2896386    1.67735   51   48    1.16792    1.71819  47.1%   132 4965s
 3746092 2901269    1.65079   51   56    1.16792    1.71788  47.1%   132 4971s
 3752533 2906113    1.48250   49   55    1.16792    1.71763  47.1%   132 4977s
 3755964 2908587    1.35052   55   47    1.16792    1.71748  47.1%   132 4980s
 3762625 2913358    1.23635   47   52    1.16792    1.71720  47.0%   132 4986s
 3765744 2916223     cutoff   41         1.16792    1.71706  47.0%   132 4990s
 3772953 2921159    1.59066   53   50    1.16792    1.71676  47.0%   132 4996s
 3779512 2926023    1.58078   37   62    1.16792    1.71644  47.0%   132 5003s
 3782665 2928540    1.66088   57   45    1.16792    1.71631  47.0%   132 5006s
 3789379 2933249     cutoff   52         1.16792    1.71603  46.9%   132 5012s
 3792601 2935683    1.58187   52   45    1.16792    1.71588  46.9%   132 5016s
 3799842 2941024     cutoff   61         1.16792    1.71559  46.9%   132 5022s
 3802998 2943453    1.71106   57   40    1.16792    1.71544  46.9%   132 5026s
 3809521 2948204    1.34059   45   58    1.16792    1.71517  46.9%   132 5032s
 3812578 2950888    1.61930   42   60    1.16792    1.71502  46.8%   132 5035s
 3819588 2955733    1.59373   40   62    1.16792    1.71476  46.8%   131 5041s
 3826017 2961250    1.65955   61   42    1.16792    1.71449  46.8%   131 5048s
 3829963 2963796     cutoff   60         1.16792    1.71434  46.8%   131 5052s
 3833343 2966231    1.59495   55   38    1.16792    1.71420  46.8%   131 5055s
 3839935 2971148    1.45069   63   47    1.16792    1.71393  46.8%   131 5062s
 3843087 2973656    1.65892   56   41    1.16792    1.71379  46.7%   131 5066s
 3849533 2978691    1.64038   48   52    1.16792    1.71351  46.7%   131 5072s
 3852996 2981142     cutoff   40         1.16792    1.71338  46.7%   131 5075s
 3860052 2986510    1.61122   61   50    1.16792    1.71308  46.7%   131 5082s
 3863525 2989043     cutoff   50         1.16792    1.71293  46.7%   131 5085s
 3870297 2994053    1.61881   51   50    1.16792    1.71266  46.6%   131 5092s
 3873663 2996571     cutoff   28         1.16792    1.71252  46.6%   131 5095s
 3880373 3001602     cutoff   51         1.16792    1.71226  46.6%   131 5102s
 3883779 3004077    1.61092   51   48    1.16792    1.71214  46.6%   131 5106s
 3887102 3006957    1.65120   54   38    1.16792    1.71202  46.6%   131 5110s
 3894262 3011810    1.65735   51   47    1.16792    1.71171  46.6%   131 5118s
 3897447 3014459     cutoff   54         1.16792    1.71157  46.5%   131 5121s
 3900971 3016908    1.71060   62   37    1.16792    1.71144  46.5%   131 5125s
 3907348 3021739    1.32748   49   54    1.16792    1.71119  46.5%   131 5131s
 3910751 3023956    1.58521   45   57    1.16792    1.71104  46.5%   131 5135s
 3917255 3029217    1.68318   56   50    1.16792    1.71078  46.5%   131 5142s
 3920960 3031870     cutoff   43         1.16792    1.71062  46.5%   131 5146s
 3927806 3036829    1.55684   54   47    1.16792    1.71037  46.4%   131 5152s
 3931081 3039425    1.25123   47   60    1.16792    1.71025  46.4%   131 5155s
 3938064 3044423     cutoff   51         1.16792    1.70996  46.4%   131 5161s
 3944511 3049311    1.58760   47   58    1.16792    1.70970  46.4%   131 5167s
 3947848 3052135    1.70734   43   60    1.16792    1.70957  46.4%   131 5171s
 3955016 3057008    1.57372   52   47    1.16792    1.70930  46.4%   131 5177s
 3958132 3059681    1.68109   49   53    1.16792    1.70916  46.3%   131 5181s
 3964929 3064499    1.36668   50   55    1.16792    1.70890  46.3%   131 5187s
 3968226 3066931    1.41705   42   61    1.16792    1.70876  46.3%   131 5190s
 3974928 3071721    1.67619   52   51    1.16792    1.70851  46.3%   131 5196s
 3978029 3074493     cutoff   43         1.16792    1.70838  46.3%   131 5200s
 3985298 3079512    1.65974   56   45    1.16792    1.70808  46.2%   131 5206s
 3991902 3084223    1.59541   50   50    1.16792    1.70782  46.2%   131 5212s
 3995066 3086815    1.58563   62   39    1.16792    1.70770  46.2%   131 5215s
 4001983 3091793    1.60343   55   50    1.16792    1.70743  46.2%   131 5221s
 4008529 3097004    1.69829   59   35    1.16792    1.70716  46.2%   131 5228s
 4012284 3099519    1.63454   56   40    1.16792    1.70701  46.2%   131 5231s
 4018983 3104213    1.36233   43   54    1.16792    1.70674  46.1%   131 5238s
 4022114 3106804     cutoff   26         1.16792    1.70662  46.1%   131 5241s
 4029091 3109375     cutoff   56         1.16792    1.70637  46.1%   131 5250s
 4029128 3109400    1.21774   38   64    1.16792    1.70634  46.1%   131 5257s
 4029167 3109425    1.70246   60   40    1.16792    1.70634  46.1%   131 5261s
 4029206 3109455    1.40103   51   51    1.16792    1.70633  46.1%   131 5266s
 4029240 3109483    1.64680   49   46    1.16792    1.70632  46.1%   131 5271s
 4029276 3109507    1.46364   49   50    1.16792    1.70632  46.1%   131 5275s
H4029280 3058541                       1.2009835    1.70632  42.1%   131 5276s
 4029316 3061130    1.62754   51   57    1.20098    1.70631  42.1%   131 5280s
 4032927 3061566    1.56984   47   54    1.20098    1.70618  42.1%   131 5287s
H4032929 3060293                       1.2017756    1.70618  42.0%   131 5287s
H4033053 3056611                       1.2039819    1.70616  41.7%   131 5288s
H4033196 3042626                       1.2121757    1.70616  40.8%   131 5288s
H4033257 3042626                       1.2121758    1.70616  40.8%   131 5288s
 4033504 3045354    1.66107   44   62    1.21218    1.70616  40.8%   131 5292s
 4037338 3045564    1.66435   44   57    1.21218    1.70599  40.7%   131 5300s
H4037390 3040937                       1.2148914    1.70598  40.4%   131 5300s
 4037644 3043811    1.61447   46   54    1.21489    1.70597  40.4%   131 5305s
 4041587 3044063    1.70371   59   38    1.21489    1.70583  40.4%   131 5310s
H4041875 3043130                       1.2154003    1.70581  40.3%   131 5311s
 4041950 3045883    1.66956   46   60    1.21540    1.70580  40.3%   131 5315s
 4045751 3046104    1.54203   46   56    1.21540    1.70564  40.3%   131 5322s
H4045754 3038069                       1.2199580    1.70564  39.8%   131 5323s
 4046050 3040688    1.66570   54   44    1.21996    1.70562  39.8%   131 5327s
 4049837 3041182    1.37440   54   45    1.21996    1.70548  39.8%   131 5334s
H4049840 3041181                       1.2199601    1.70547  39.8%   131 5335s
 4054723 3044528    1.67134   60   45    1.21996    1.70527  39.8%   131 5347s
H4054891 3044528                       1.2199602    1.70525  39.8%   131 5347s
H4055144 3044528                       1.2199603    1.70524  39.8%   131 5348s
 4055302 3046153     cutoff   46         1.21996    1.70524  39.8%   131 5353s
 4057654 3046510     cutoff   51         1.21996    1.70523  39.8%   131 5361s
H4057749 3046509                       1.2199605    1.70523  39.8%   131 5362s
 4058171 3048188    1.67523   52   50    1.21996    1.70521  39.8%   131 5369s
 4060531 3049159    1.70338   57   46    1.21996    1.70519  39.8%   131 5377s
H4061129 3049159                       1.2199605    1.70516  39.8%   131 5378s
 4061842 3051693    1.69152   58   33    1.21996    1.70515  39.8%   131 5384s
 4065407 3052451    1.58831   48   57    1.21996    1.70507  39.8%   130 5394s
H4065560 3052451                       1.2199605    1.70502  39.8%   130 5395s
H4065710 3052451                       1.2199607    1.70498  39.8%   130 5395s
 4066461 3055347    1.56846   37   64    1.21996    1.70489  39.7%   130 5402s
 4070571 3055455     cutoff   56         1.21996    1.70465  39.7%   130 5408s
H4070572 3055455                       1.2199607    1.70465  39.7%   130 5408s
H4070575 3055455                       1.2199607    1.70464  39.7%   130 5408s
H4070603 3055455                       1.2199607    1.70463  39.7%   130 5409s
 4070747 3060280    1.65718   52   47    1.21996    1.70462  39.7%   130 5423s
H4075717 3060276                       1.2199643    1.70461  39.7%   130 5423s
 4077588 3061217    1.59619   44   53    1.21996    1.70428  39.7%   130 5431s
 4078959 3063597    1.54114   34   67    1.21996    1.70427  39.7%   130 5439s
 4082332 3067749    1.61845   41   65    1.21996    1.70419  39.7%   130 5445s
 4088104 3071115    1.68996   57   40    1.21996    1.70391  39.7%   130 5451s
 4092897 3073980    1.42513   58   40    1.21996    1.70368  39.6%   130 5456s
 4097016 3076939    1.65780   47   57    1.21996    1.70349  39.6%   130 5461s
 4101185 3079634    1.64628   49   47    1.21996    1.70333  39.6%   130 5465s
 4108373 3084504    1.66823   50   48    1.21996    1.70303  39.6%   130 5474s
 4111761 3086965    1.66939   44   57    1.21996    1.70288  39.6%   130 5478s
 4115152 3089180    1.62670   52   50    1.21996    1.70273  39.6%   130 5482s
 4118330 3091438    1.67701   54   48    1.21996    1.70260  39.6%   130 5487s
 4121535 3093759    1.63070   53   45    1.21996    1.70246  39.5%   130 5491s
 4124782 3096142    1.63057   42   62    1.21996    1.70232  39.5%   130 5496s
 4128085 3098560    1.65147   42   61    1.21996    1.70219  39.5%   130 5500s
 4131495 3101242    1.67521   43   63    1.21996    1.70205  39.5%   130 5506s
 4135287 3103647    1.61770   52   55    1.21996    1.70191  39.5%   130 5511s
 4138655 3106074    1.64238   50   47    1.21996    1.70175  39.5%   130 5515s
 4145286 3110680    1.56802   51   43    1.21996    1.70148  39.5%   130 5523s
 4148554 3112946     cutoff   43         1.21996    1.70135  39.5%   130 5528s
 4151838 3115460    1.64926   44   53    1.21996    1.70121  39.4%   130 5533s
 4155313 3117960    1.62638   50   48    1.21996    1.70107  39.4%   130 5537s
 4158795 3117985     cutoff   52         1.21996    1.70093  39.4%   130 5544s
 4158834 3118040    1.61056   46   52    1.21996    1.70092  39.4%   130 5550s
H4158927 3036773                       1.2624768    1.70091  34.7%   130 5556s
 4160001 3037319    1.58513   56   50    1.26248    1.70090  34.7%   130 5563s
H4160101 2999107                       1.2805676    1.70090  32.8%   130 5564s
H4160422 2989371                       1.2850369    1.70090  32.4%   130 5564s
 4160921 2991937    1.68726   45   57    1.28504    1.70089  32.4%   130 5569s
 4164676 2992206    1.69478   49   57    1.28504    1.70067  32.3%   130 5576s
 4165095 2993406    1.42542   55   43    1.28504    1.70065  32.3%   130 5582s
 4166880 2995848    1.66024   41   56    1.28504    1.70064  32.3%   130 5588s
H4168697 2995848                       1.2850369    1.70063  32.3%   130 5588s
 4170570 2996849 infeasible   36         1.28504    1.70043  32.3%   130 5596s
H4170948 2995068                       1.2858890    1.70042  32.2%   130 5596s
 4172097 2996100     cutoff   50         1.28589    1.70041  32.2%   130 5604s
H4172098 2993980                       1.2868346    1.70041  32.1%   130 5605s
 4173600 2995157    1.47185   48   54    1.28683    1.70039  32.1%   130 5614s
H4175069 2995157                       1.2868346    1.70036  32.1%   130 5614s
 4175313 2998113    1.60494   53   51    1.28683    1.70034  32.1%   130 5622s
 4179725 2998823    1.55954   52   51    1.28683    1.70009  32.1%   130 5632s
 4180876 3001533     cutoff   51         1.28683    1.70004  32.1%   130 5640s
H4181159 3001533                       1.2868346    1.70004  32.1%   130 5641s
 4184930 3003129    1.54983   49   49    1.28683    1.69982  32.1%   130 5650s
 4187299 3006944    1.48171   43   59    1.28683    1.69979  32.1%   130 5658s
 4193115 3009601    1.66355   49   51    1.28683    1.69949  32.1%   130 5663s
 4197013 3011860    1.63191   49   48    1.28683    1.69920  32.0%   130 5668s
 4200316 3013808     cutoff   47         1.28683    1.69906  32.0%   130 5672s
 4203276 3015982    1.68399   55   46    1.28683    1.69892  32.0%   130 5676s
 4206641 3018361    1.68950   40   61    1.28683    1.69876  32.0%   130 5681s
 4210138 3020605    1.62330   34   66    1.28683    1.69861  32.0%   130 5685s
 4216927 3024934    1.42071   41   62    1.28683    1.69830  32.0%   130 5693s
 4220173 3027008    1.67296   57   47    1.28683    1.69816  32.0%   130 5697s
 4223340 3029479    1.63644   48   51    1.28683    1.69800  32.0%   130 5702s
 4227068 3031793    1.45375   54   48    1.28683    1.69784  31.9%   130 5707s
 4230477 3033977    1.67130   45   48    1.28683    1.69768  31.9%   130 5712s
 4233747 3036228     cutoff   41         1.28683    1.69752  31.9%   130 5717s
 4237103 3038473    1.55363   50   57    1.28683    1.69738  31.9%   130 5721s
 4243866 3041098    1.67065   48   49    1.28683    1.69707  31.9%   130 5729s
H4244256 3041098                       1.2868347    1.69706  31.9%   130 5730s
 4244543 3043098    1.62496   63   30    1.28683    1.69705  31.9%   130 5735s
 4247487 3043545    1.68878   58   48    1.28683    1.69700  31.9%   130 5742s
 4248133 3045332    1.34377   50   43    1.28683    1.69694  31.9%   130 5747s
H4250678 3045325                       1.2868373    1.69691  31.9%   130 5748s
 4250868 3048086    1.48217   51   44    1.28684    1.69690  31.9%   130 5753s
 4255167 3049671    1.67496   43   58    1.28684    1.69655  31.8%   130 5760s
 4257559 3053006    1.69238   51   42    1.28684    1.69653  31.8%   130 5767s
 4262522 3055673    1.69409   47   57    1.28684    1.69648  31.8%   130 5772s
 4266489 3058183    1.49521   56   45    1.28684    1.69605  31.8%   130 5777s
 4270179 3060619    1.41062   41   60    1.28684    1.69586  31.8%   130 5782s
 4273818 3063059     cutoff   51         1.28684    1.69570  31.8%   130 5786s
 4277489 3065257    1.45911   55   45    1.28684    1.69555  31.8%   130 5791s
 4280778 3067621    1.68716   58   34    1.28684    1.69539  31.7%   130 5795s
 4284303 3070020    1.66887   55   51    1.28684    1.69523  31.7%   130 5800s
 4288007 3072192    1.67643   49   46    1.28684    1.69508  31.7%   130 5805s
 4291342 3074467    1.67951   45   58    1.28684    1.69491  31.7%   130 5810s
 4294790 3076672    1.62097   59   43    1.28684    1.69475  31.7%   130 5815s
 4301432 3081009    1.58063   47   58    1.28684    1.69444  31.7%   130 5822s
 4304772 3083221    1.45397   49   45    1.28684    1.69429  31.7%   130 5826s
 4308245 3085467     cutoff   37         1.28684    1.69413  31.7%   130 5830s
 4314922 3090089 infeasible   41         1.28684    1.69383  31.6%   129 5838s
 4318640 3092321    1.66039   40   64    1.28684    1.69366  31.6%   129 5842s
 4322008 3094702    1.57955   56   40    1.28684    1.69351  31.6%   129 5846s
 4325550 3096821    1.66734   57   39    1.28684    1.69336  31.6%   129 5850s
 4332141 3101294    1.68623   60   40    1.28684    1.69307  31.6%   129 5857s
 4335632 3103465    1.68767   51   50    1.28684    1.69292  31.6%   129 5861s
 4338822 3105634    1.67160   50   45    1.28684    1.69278  31.5%   129 5865s
 4345509 3110393    1.63109   46   59    1.28684    1.69247  31.5%   129 5873s
 4349363 3112575    1.54429   56   42    1.28684    1.69229  31.5%   129 5877s
 4352781 3114678    1.41482   52   51    1.28684    1.69215  31.5%   129 5880s
 4359350 3119122    1.62031   60   44    1.28684    1.69187  31.5%   129 5887s
 4362684 3121253    1.54028   52   48    1.28684    1.69172  31.5%   129 5890s
 4369150 3125533    1.57386   51   51    1.28684    1.69143  31.4%   129 5898s
 4372411 3127931    1.59569   50   47    1.28684    1.69130  31.4%   129 5902s
 4375872 3130594    1.63909   60   33    1.28684    1.69115  31.4%   129 5906s
 4379831 3132790    1.51941   53   43    1.28684    1.69100  31.4%   129 5910s
 4386331 3137166    1.51410   65   43    1.28684    1.69070  31.4%   129 5917s
 4389617 3139447    1.52106   58   46    1.28684    1.69055  31.4%   129 5921s
 4393041 3141555    1.61376   36   68    1.28684    1.69041  31.4%   129 5925s
 4396246 3143761    1.61753   45   54    1.28684    1.69026  31.4%   129 5930s
 4402968 3148017    1.61864   54   45    1.28684    1.68998  31.3%   129 5937s
 4406165 3150515     cutoff   35         1.28684    1.68984  31.3%   129 5942s
 4409976 3152812    1.63868   58   42    1.28684    1.68968  31.3%   129 5945s
 4416747 3157281     cutoff   59         1.28684    1.68939  31.3%   129 5953s
 4420045 3159423     cutoff   62         1.28684    1.68925  31.3%   129 5957s
 4423246 3161640    1.63310   48   56    1.28684    1.68911  31.3%   129 5960s
 4429792 3166067    1.59515   45   61    1.28684    1.68884  31.2%   129 5967s
 4433233 3168363    1.62385   53   46    1.28684    1.68867  31.2%   129 5970s
 4440443 3173081    1.63733   43   60    1.28684    1.68836  31.2%   129 5978s
 4443936 3175333     cutoff   50         1.28684    1.68821  31.2%   129 5982s
 4447319 3177483    1.63722   48   51    1.28684    1.68807  31.2%   129 5986s
 4450624 3179657    1.68641   56   46    1.28684    1.68793  31.2%   129 5990s
 4457244 3183888     cutoff   47         1.28684    1.68765  31.1%   129 5997s
 4460448 3186051    1.56494   55   46    1.28684    1.68751  31.1%   129 6001s
 4463731 3188229    1.42892   48   51    1.28684    1.68738  31.1%   129 6005s
 4467048 3190741     cutoff   54         1.28684    1.68723  31.1%   129 6010s
 4474381 3195469    1.36786   53   48    1.28684    1.68691  31.1%   129 6018s
 4477759 3197624    1.63236   43   60    1.28684    1.68677  31.1%   129 6023s
 4481060 3199838     cutoff   51         1.28684    1.68664  31.1%   129 6027s
 4484375 3202069     cutoff   53         1.28684    1.68650  31.1%   129 6031s
 4491080 3206372    1.67437   56   43    1.28684    1.68622  31.0%   129 6037s
 4494346 3208399    1.67334   50   58    1.28684    1.68609  31.0%   129 6041s
 4497572 3210873    1.56217   51   51    1.28684    1.68595  31.0%   129 6046s
 4501440 3212921    1.68008   56   40    1.28684    1.68579  31.0%   129 6050s
 4504636 3215230    1.42923   55   42    1.28684    1.68566  31.0%   129 6055s
 4511452 3219599    1.54924   61   41    1.28684    1.68536  31.0%   129 6063s
 4514597 3221937     cutoff   57         1.28684    1.68523  31.0%   129 6066s
 4518071 3224121    1.62241   55   48    1.28684    1.68509  30.9%   129 6070s
 4524853 3228435     cutoff   56         1.28684    1.68482  30.9%   129 6077s
 4528085 3230966    1.66715   60   33    1.28684    1.68469  30.9%   129 6082s
 4531903 3233253     cutoff   51         1.28684    1.68452  30.9%   129 6085s
 4538505 3237594    1.68411   57   42    1.28684    1.68426  30.9%   129 6093s
 4541862 3239802     cutoff   49         1.28684    1.68411  30.9%   129 6097s
 4545135 3241992    1.66707   39   59    1.28684    1.68396  30.9%   129 6101s
 4548527 3244182    1.65172   54   45    1.28684    1.68382  30.8%   129 6105s
 4555290 3248573    1.52238   42   57    1.28684    1.68354  30.8%   129 6113s
 4558515 3251115 infeasible   59         1.28684    1.68341  30.8%   129 6117s
 4562447 3253319    1.65567   56   32    1.28684    1.68323  30.8%   128 6121s
 4565792 3255500     cutoff   46         1.28684    1.68310  30.8%   128 6125s
 4572280 3259985     cutoff   44         1.28684    1.68285  30.8%   128 6132s
 4575753 3262150    1.68242   49   51    1.28684    1.68269  30.8%   128 6136s
 4579021 3264353    1.57394   35   68    1.28684    1.68256  30.8%   128 6141s
 4582381 3266512    1.62321   33   55    1.28684    1.68241  30.7%   128 6145s
 4589032 3271194    1.67620   59   34    1.28684    1.68213  30.7%   128 6153s
 4592809 3273403    1.65013   56   44    1.28684    1.68197  30.7%   128 6156s
 4596219 3275577    1.65779   50   46    1.28684    1.68183  30.7%   128 6160s
 4602941 3280109    1.57591   54   45    1.28684    1.68158  30.7%   128 6168s
 4606273 3282328    1.32949   58   47    1.28684    1.68144  30.7%   128 6172s
 4609660 3284511    1.63230   47   38    1.28684    1.68130  30.7%   128 6176s
 4616183 3288698    1.65359   50   47    1.28684    1.68101  30.6%   128 6183s
 4619433 3291218    1.33352   48   45    1.28684    1.68088  30.6%   128 6186s
 4623298 3293356    1.67322   45   50    1.28684    1.68073  30.6%   128 6190s
 4629991 3297655    1.39122   60   44    1.28684    1.68046  30.6%   128 6196s
 4633193 3299874    1.33898   64   41    1.28684    1.68034  30.6%   128 6200s
 4639909 3304338    1.60250   59   37    1.28684    1.68007  30.6%   128 6206s
 4643240 3306381    1.67990   60   32    1.28684    1.67993  30.5%   128 6210s
 4650010 3311188    1.44346   50   49    1.28684    1.67965  30.5%   128 6217s
 4653837 3313403    1.64058   46   59    1.28684    1.67950  30.5%   128 6221s
 4660397 3317853     cutoff   53         1.28684    1.67924  30.5%   128 6227s
 4663903 3319989    1.45249   38   60    1.28684    1.67910  30.5%   128 6231s
 4667211 3322148    1.64980   56   43    1.28684    1.67895  30.5%   128 6235s
 4673773 3326325    1.63353   50   47    1.28684    1.67867  30.4%   128 6241s
 4677055 3328518    1.67669   55   39    1.28684    1.67853  30.4%   128 6245s
 4684170 3333212    1.63220   61   31    1.28684    1.67825  30.4%   128 6252s
 4687662 3335448    1.66763   55   54    1.28684    1.67812  30.4%   128 6255s
 4694336 3339769    1.66318   50   53    1.28684    1.67783  30.4%   128 6263s
 4697540 3342095    1.66722   54   48    1.28684    1.67771  30.4%   128 6266s
 4700941 3344301    1.50150   61   34    1.28684    1.67758  30.4%   128 6270s
 4707462 3348585    1.39709   57   40    1.28684    1.67730  30.3%   128 6277s
 4710791 3351084    1.67711   54   48    1.28684    1.67716  30.3%   128 6282s
 4714531 3353271    1.62925   49   50    1.28684    1.67701  30.3%   128 6285s
 4721351 3357462    1.59774   42   58    1.28684    1.67672  30.3%   128 6293s
 4724437 3359682    1.62072   49   53    1.28684    1.67660  30.3%   128 6298s
 4727894 3361901    1.48858   45   57    1.28684    1.67644  30.3%   128 6302s
 4731278 3364090    1.63326   55   43    1.28684    1.67631  30.3%   128 6305s
 4737902 3368423    1.66893   51   52    1.28684    1.67604  30.2%   128 6313s
 4741370 3370967    1.36267   36   64    1.28684    1.67592  30.2%   128 6317s
 4745177 3373422    1.67009   47   58    1.28684    1.67577  30.2%   128 6321s
 4752044 3377789    1.49387   44   52    1.28684    1.67550  30.2%   128 6328s
 4755366 3379871     cutoff   45         1.28684    1.67537  30.2%   128 6331s
 4761820 3384222     cutoff   50         1.28684    1.67512  30.2%   128 6338s
 4765262 3386384    1.67184   62   43    1.28684    1.67498  30.2%   128 6341s
 4768559 3388492    1.55597   59   42    1.28684    1.67485  30.2%   128 6345s
 4775520 3393212     cutoff   44         1.28684    1.67458  30.1%   128 6353s
 4778897 3395582    1.36527   52   46    1.28684    1.67445  30.1%   128 6357s
 4782373 3397712    1.57540   36   65    1.28684    1.67431  30.1%   128 6361s
 4785758 3399759     cutoff   53         1.28684    1.67418  30.1%   128 6365s
 4792437 3404198    1.45859   37   66    1.28684    1.67392  30.1%   128 6372s
 4795813 3406382    1.63743   49   52    1.28684    1.67379  30.1%   128 6376s
 4799161 3408576     cutoff   52         1.28684    1.67366  30.1%   128 6381s
 4802460 3410877    1.61873   43   51    1.28684    1.67352  30.0%   128 6385s
 4809798 3415585    1.53979   51   52    1.28684    1.67323  30.0%   128 6393s
 4813234 3417807    1.39381   55   50    1.28684    1.67310  30.0%   128 6396s
 4816468 3420001     cutoff   54         1.28684    1.67297  30.0%   128 6400s
 4823303 3424579    1.52651   59   35    1.28684    1.67271  30.0%   128 6407s
 4826602 3426614    1.61152   40   66    1.28684    1.67257  30.0%   127 6410s
 4833270 3431417    1.61436   61   38    1.28684    1.67232  30.0%   127 6418s
 4837092 3433468     cutoff   59         1.28684    1.67218  29.9%   127 6422s
 4840295 3435591    1.37550   49   61    1.28684    1.67204  29.9%   127 6426s
 4843563 3437910     cutoff   55         1.28684    1.67191  29.9%   127 6430s
 4850364 3442118    1.64821   48   51    1.28684    1.67164  29.9%   127 6438s
 4853673 3444441     cutoff   58         1.28684    1.67150  29.9%   127 6442s
 4857127 3446507    1.67096   56   43    1.28684    1.67138  29.9%   127 6446s
 4860498 3448635    1.66716   54   49    1.28684    1.67124  29.9%   127 6450s
 4867491 3453400    1.57997   60   32    1.28684    1.67097  29.9%   127 6458s
 4871020 3455634    1.64898   51   50    1.28684    1.67084  29.8%   127 6462s
 4874418 3457785    1.64563   54   39    1.28684    1.67070  29.8%   127 6466s
 4877714 3459817     cutoff   49         1.28684    1.67058  29.8%   127 6470s
 4884262 3464185     cutoff   54         1.28684    1.67032  29.8%   127 6478s
 4887568 3466363    1.52658   57   51    1.28684    1.67020  29.8%   127 6481s
 4890888 3468542     cutoff   57         1.28684    1.67006  29.8%   127 6485s
 4894185 3470954    1.59287   57   39    1.28684    1.66994  29.8%   127 6490s
 4897852 3473268    1.65884   47   54    1.28684    1.66978  29.8%   127 6495s
 4904742 3477495    1.63459   51   52    1.28684    1.66951  29.7%   127 6503s
 4907835 3479765     cutoff   39         1.28684    1.66940  29.7%   127 6507s
 4911339 3480140    1.64471   40   61    1.28684    1.66925  29.7%   127 6512s
 4911894 3482120     cutoff   54         1.28684    1.66923  29.7%   127 6516s
 4914905 3484642     cutoff   54         1.28684    1.66922  29.7%   127 6521s
 4918776 3486990    1.64964   43   59    1.28684    1.66897  29.7%   127 6525s
 4926007 3492009    1.63425   59   42    1.28684    1.66868  29.7%   127 6534s
 4929853 3494188    1.61777   59   42    1.28684    1.66856  29.7%   127 6538s
 4933163 3496283    1.46625   55   51    1.28684    1.66842  29.7%   127 6542s
 4936323 3498436 infeasible   50         1.28684    1.66829  29.6%   127 6546s
 4942997 3502773     cutoff   50         1.28684    1.66804  29.6%   127 6553s
 4946318 3504858    1.53992   51   47    1.28684    1.66791  29.6%   127 6557s
 4949585 3507149     cutoff   53         1.28684    1.66778  29.6%   127 6561s
 4953071 3509223    1.58881   49   52    1.28684    1.66765  29.6%   127 6566s
 4956333 3511817    1.51657   54   50    1.28684    1.66753  29.6%   127 6571s
 4960257 3513983    1.46802   53   49    1.28684    1.66738  29.6%   127 6577s
 4963482 3516120    1.65627   52   45    1.28684    1.66726  29.6%   127 6582s
 4966756 3518351    1.59320   47   54    1.28684    1.66713  29.6%   127 6586s
 4970259 3520415     cutoff   62         1.28684    1.66700  29.5%   127 6590s
 4976737 3524771    1.63757   43   61    1.28684    1.66675  29.5%   127 6598s
 4980076 3526852    1.55179   50   47    1.28684    1.66662  29.5%   127 6602s
 4983299 3528983    1.63769   47   52    1.28684    1.66650  29.5%   127 6607s
 4986654 3531605     cutoff   55         1.28684    1.66637  29.5%   127 6612s
 4990568 3533726    1.58771   42   57    1.28684    1.66624  29.5%   127 6615s
 4997193 3538230     cutoff   62         1.28684    1.66600  29.5%   127 6623s
 5000516 3540291    1.62437   50   47    1.28684    1.66588  29.5%   127 6627s
 5003713 3542463     cutoff   54         1.28684    1.66574  29.4%   127 6630s
 5010334 3546669    1.65371   57   35    1.28684    1.66549  29.4%   127 6638s
 5013562 3548874    1.55172   47   53    1.28684    1.66538  29.4%   127 6641s
 5016946 3551305     cutoff   42         1.28684    1.66525  29.4%   127 6646s
 5020714 3553572    1.29253   56   41    1.28684    1.66510  29.4%   127 6650s
 5024089 3555828    1.65456   50   42    1.28684    1.66498  29.4%   127 6655s
 5030768 3557952    1.62877   48   50    1.28684    1.66473  29.4%   127 6665s
 5030851 3557996    1.47404   53   54    1.28684    1.66470  29.4%   127 6674s
 5030894 3558011    1.64862   45   56    1.28684    1.66470  29.4%   127 6677s
 5030943 3558035    1.63893   50   47    1.28684    1.66469  29.4%   127 6680s
 5031030 3558075     cutoff   45         1.28684    1.66469  29.4%   127 6687s
 5031069 3558165    1.66199   52   46    1.28684    1.66468  29.4%   127 6692s
 5031195 3558560    1.56503   44   57    1.28684    1.66468  29.4%   127 6695s
 5032808 3560130    1.58084   46   43    1.28684    1.66467  29.4%   127 6704s
 5034276 3561774    1.33688   62   46    1.28684    1.66466  29.4%   127 6709s
 5036729 3563789     cutoff   29         1.28684    1.66465  29.4%   127 6715s
 5039911 3566310    1.45199   50   50    1.28684    1.66463  29.4%   127 6720s
 5043773 3568873    1.32504   51   48    1.28684    1.66458  29.4%   127 6726s
 5047801 3570898    1.59286   50   52    1.28684    1.66446  29.3%   127 6730s
 5054562 3575617    1.64143   50   49    1.28684    1.66405  29.3%   127 6738s
 5058179 3577840     cutoff   48         1.28684    1.66380  29.3%   127 6741s
 5061688 3580136    1.57472   46   48    1.28684    1.66369  29.3%   127 6745s
 5068499 3584671    1.62976   48   58    1.28684    1.66343  29.3%   127 6753s
 5072100 3586839    1.48511   55   45    1.28684    1.66330  29.3%   127 6756s
 5075459 3589071    1.64512   56   43    1.28684    1.66317  29.2%   127 6760s
 5082552 3593665    1.59859   49   49    1.28684    1.66289  29.2%   127 6768s
 5085987 3596039    1.57885   45   56    1.28684    1.66265  29.2%   127 6771s
 5089620 3598182     cutoff   49         1.28684    1.66250  29.2%   127 6775s
 5096172 3602395    1.60627   52   52    1.28684    1.66226  29.2%   127 6781s
 5099476 3604525    1.63149   38   61    1.28684    1.66213  29.2%   127 6785s
 5106281 3608956    1.65418   54   49    1.28684    1.66188  29.1%   127 6792s
 5109733 3611435    1.63600   57   46    1.28684    1.66177  29.1%   127 6796s
 5116877 3615743    1.35022   62   42    1.28684    1.66151  29.1%   127 6803s
 5120199 3615769    1.39242   47   57    1.28684    1.66139  29.1%   126 6809s
 5120252 3616180    1.35138   50   54    1.28684    1.66138  29.1%   126 6814s
 5120904 3617555    1.60300   57   45    1.28684    1.66137  29.1%   126 6819s
 5123019 3619800    1.65909   56   42    1.28684    1.66136  29.1%   126 6824s
 5126519 3622262    1.40945   41   66    1.28684    1.66132  29.1%   126 6829s
 5130264 3624672    1.64491   49   47    1.28684    1.66122  29.1%   126 6833s
 5133948 3627028     cutoff   55         1.28684    1.66103  29.1%   126 6838s
 5137696 3629305    1.60761   48   58    1.28684    1.66079  29.1%   126 6842s
 5141326 3631864    1.64634   54   48    1.28684    1.66062  29.0%   126 6847s
 5145241 3633950    1.61819   59   39    1.28684    1.66048  29.0%   126 6850s
 5151678 3638324    1.62271   46   51    1.28684    1.66023  29.0%   126 6857s
 5155109 3640547     cutoff   52         1.28684    1.66011  29.0%   126 6861s
 5161729 3644621    1.64807   55   42    1.28684    1.65986  29.0%   126 6868s
 5164952 3646779    1.65051   49   53    1.28684    1.65975  29.0%   126 6871s
 5171517 3649009    1.64983   50   52    1.28684    1.65951  29.0%   126 6875s
 5175517 3653738    1.60327   58   42    1.28684    1.65936  28.9%   126 6882s
 5178755 3655957    1.55258   40   66    1.28684    1.65924  28.9%   126 6887s
 5182080 3658124    1.61582   56   41    1.28684    1.65912  28.9%   126 6891s
 5185447 3660388    1.61581   47   51    1.28684    1.65898  28.9%   126 6896s
 5192235 3664591     cutoff   50         1.28684    1.65874  28.9%   126 6903s
 5195482 3666756     cutoff   51         1.28684    1.65862  28.9%   126 6907s
 5198859 3668884    1.60039   54   44    1.28684    1.65851  28.9%   126 6911s
 5202103 3671350    1.50394   44   50    1.28684    1.65838  28.9%   126 6915s
 5209347 3675614     cutoff   39         1.28684    1.65812  28.9%   126 6923s
 5212598 3677832    1.32956   58   40    1.28684    1.65799  28.8%   126 6926s
 5219364 3681942    1.54270   59   43    1.28684    1.65773  28.8%   126 6933s
 5222544 3684190    1.61628   48   57    1.28684    1.65762  28.8%   126 6936s
 5226039 3686396     cutoff   54         1.28684    1.65749  28.8%   126 6940s
 5232663 3691044    1.49067   48   53    1.28684    1.65725  28.8%   126 6947s
 5236501 3693289    1.63712   53   49    1.28684    1.65710  28.8%   126 6952s
 5239996 3695412    1.63474   47   56    1.28684    1.65699  28.8%   126 6957s
 5243301 3697489    1.62958   51   49    1.28684    1.65686  28.8%   126 6961s
 5246552 3699511    1.65476   46   56    1.28684    1.65675  28.7%   126 6965s
 5249761 3701683    1.62319   51   53    1.28684    1.65664  28.7%   126 6970s
 5256373 3705992    1.62934   50   50    1.28684    1.65640  28.7%   126 6977s
 5259746 3708080     cutoff   61         1.28684    1.65627  28.7%   126 6980s
 5266660 3712784    1.58106   59   37    1.28684    1.65600  28.7%   126 6988s
 5270150 3714969    1.59419   37   68    1.28684    1.65587  28.7%   126 6992s
 5273589 3717103    1.63085   43   59    1.28684    1.65575  28.7%   126 6996s
 5276963 3719369     cutoff   41         1.28684    1.65564  28.7%   126 7000s
 5283692 3723787    1.64051   43   58    1.28684    1.65540  28.6%   126 7007s
 5287085 3725765    1.54195   55   40    1.28684    1.65528  28.6%   126 7011s
 5293651 3730423    1.64087   53   42    1.28684    1.65504  28.6%   126 7019s
 5297435 3732564     cutoff   60         1.28684    1.65490  28.6%   126 7022s
 5300785 3734754     cutoff   50         1.28684    1.65477  28.6%   126 7027s
 5304134 3736958     cutoff   58         1.28684    1.65466  28.6%   126 7032s
 5307612 3739065     cutoff   52         1.28684    1.65453  28.6%   126 7036s
 5310924 3741247    1.62920   50   52    1.28684    1.65441  28.6%   126 7040s
 5314255 3743347    1.64500   46   53    1.28684    1.65430  28.6%   126 7045s
 5317521 3745425     cutoff   42         1.28684    1.65418  28.5%   126 7050s
 5324217 3750056    1.61364   37   62    1.28684    1.65393  28.5%   126 7059s
 5327952 3752174     cutoff   56         1.28684    1.65381  28.5%   126 7063s
 5331271 3754414    1.61453   56   45    1.28684    1.65368  28.5%   126 7067s
 5334800 3756574    1.64053   39   62    1.28684    1.65356  28.5%   126 7071s
 5338222 3758816    1.36871   59   50    1.28684    1.65343  28.5%   126 7076s
 5341613 3760993    1.65146   53   50    1.28684    1.65331  28.5%   126 7080s
 5348384 3765280    1.64728   52   50    1.28684    1.65307  28.5%   126 7087s
 5351590 3767392    1.55316   50   59    1.28684    1.65296  28.5%   126 7091s
 5354789 3770020    1.59546   52   53    1.28684    1.65285  28.4%   126 7095s
 5361791 3774186    1.60297   46   53    1.28684    1.65261  28.4%   126 7103s
 5365170 3776323    1.52530   52   56    1.28684    1.65249  28.4%   126 7107s
 5368587 3778456    1.60703   46   54    1.28684    1.65236  28.4%   126 7112s
 5371906 3780528     cutoff   48         1.28684    1.65224  28.4%   126 7116s
 5375218 3782725    1.41163   55   48    1.28684    1.65212  28.4%   126 7121s
 5378547 3784870    1.61449   57   46    1.28684    1.65201  28.4%   126 7125s
 5385270 3789558     cutoff   61         1.28684    1.65178  28.4%   126 7134s
 5388995 3791658    1.63520   58   47    1.28684    1.65165  28.3%   126 7138s
 5392255 3793837    1.60190   57   44    1.28684    1.65153  28.3%   126 7143s
 5395678 3795949     cutoff   50         1.28684    1.65141  28.3%   126 7148s
 5399013 3798149    1.44033   48   57    1.28684    1.65130  28.3%   126 7153s
 5402579 3800363    1.61021   56   44    1.28684    1.65118  28.3%   126 7157s
 5405996 3802626    1.65034   60   40    1.28684    1.65106  28.3%   126 7162s
 5409434 3804903    1.48917   49   43    1.28684    1.65093  28.3%   126 7166s
 5412923 3807159     cutoff   44         1.28684    1.65081  28.3%   126 7170s
 5416322 3809709    1.57925   53   49    1.28684    1.65069  28.3%   126 7175s
 5420205 3811856    1.61592   55   42    1.28684    1.65056  28.3%   126 7180s
 5426739 3815925    1.49428   61   40    1.28684    1.65033  28.2%   125 7189s
 5429987 3818194    1.44588   50   50    1.28684    1.65022  28.2%   125 7193s
 5433455 3820401    1.55758   54   50    1.28684    1.65009  28.2%   125 7198s
 5436817 3822585     cutoff   48         1.28684    1.64997  28.2%   125 7203s
 5440121 3824957    1.39106   59   46    1.28684    1.64986  28.2%   125 7208s
 5443712 3827133    1.43059   48   56    1.28684    1.64974  28.2%   125 7212s
 5447099 3829444    1.57855   60   34    1.28684    1.64963  28.2%   125 7217s
 5450785 3831564     cutoff   49         1.28684    1.64951  28.2%   125 7220s
 5454093 3833923    1.58210   54   49    1.28684    1.64939  28.2%   125 7225s
 5461176 3838253    1.35751   57   49    1.28684    1.64914  28.2%   125 7233s
 5464511 3840317    1.34344   53   47    1.28684    1.64901  28.1%   125 7238s
 5467772 3842587    1.53217   54   48    1.28684    1.64890  28.1%   125 7242s
 5471253 3844836    1.45188   53   48    1.28684    1.64877  28.1%   125 7246s
 5474710 3846907    1.47683   46   59    1.28684    1.64865  28.1%   125 7250s
 5477908 3849263     cutoff   43         1.28684    1.64853  28.1%   125 7255s
 5485156 3853737    1.62095   51   46    1.28684    1.64828  28.1%   125 7264s
 5488403 3855950    1.64243   60   42    1.28684    1.64817  28.1%   125 7269s
 5491751 3858194    1.59009   52   53    1.28684    1.64807  28.1%   125 7273s
 5495250 3860266    1.63762   45   55    1.28684    1.64795  28.1%   125 7277s
 5498524 3862463    1.57592   44   61    1.28684    1.64783  28.1%   125 7282s
 5501824 3864641    1.61691   52   50    1.28684    1.64771  28.0%   125 7286s
 5505173 3866815    1.59010   46   59    1.28684    1.64760  28.0%   125 7290s
 5508452 3869270    1.64719   59   46    1.28684    1.64749  28.0%   125 7295s
 5515627 3873547    1.52362   33   70    1.28684    1.64725  28.0%   125 7304s
 5518902 3875755    1.47545   54   51    1.28684    1.64714  28.0%   125 7308s
 5522294 3877906    1.50282   56   39    1.28684    1.64702  28.0%   125 7313s
 5525589 3880181    1.33364   43   56    1.28684    1.64689  28.0%   125 7319s
 5529086 3882432     cutoff   63         1.28684    1.64678  28.0%   125 7324s
 5532503 3884587    1.59368   58   43    1.28684    1.64666  28.0%   125 7328s
 5535802 3886799    1.55339   61   40    1.28684    1.64654  28.0%   125 7331s
 5539146 3889186     cutoff   42         1.28684    1.64643  27.9%   125 7335s
 5546369 3893581    1.61198   50   50    1.28684    1.64619  27.9%   125 7343s
 5549770 3895684    1.44229   48   53    1.28684    1.64607  27.9%   125 7346s
 5556126 3899877    1.41534   55   45    1.28684    1.64586  27.9%   125 7353s
 5559530 3902076     cutoff   46         1.28684    1.64574  27.9%   125 7356s
 5562958 3904196    1.52417   54   50    1.28684    1.64563  27.9%   125 7360s
 5569604 3908666    1.54391   50   48    1.28684    1.64539  27.9%   125 7368s
 5573392 3910823    1.60496   56   47    1.28684    1.64525  27.9%   125 7371s
 5580060 3915226    1.62491   56   53    1.28684    1.64503  27.8%   125 7378s
 5583313 3917496    1.62639   52   42    1.28684    1.64492  27.8%   125 7382s
 5586795 3919780    1.53442   51   51    1.28684    1.64481  27.8%   125 7385s
 5593515 3924146    1.63402   49   48    1.28684    1.64459  27.8%   125 7392s
 5596994 3926321    1.58417   37   64    1.28684    1.64448  27.8%   125 7396s
 5600301 3928724    1.61842   50   56    1.28684    1.64436  27.8%   125 7400s
 5607658 3933204    1.63993   48   51    1.28684    1.64412  27.8%   125 7407s
 5610832 3933663    1.36043   42   54    1.28684    1.64401  27.8%   125 7411s
 5611543 3935575     cutoff   50         1.28684    1.64400  27.8%   125 7416s
 5614548 3938007    1.31281   50   48    1.28684    1.64397  27.8%   125 7420s
 5621838 3942722    1.64154   49   54    1.28684    1.64364  27.7%   125 7428s
 5625569 3944931    1.62087   61   44    1.28684    1.64351  27.7%   125 7432s
 5629023 3947172     cutoff   52         1.28684    1.64339  27.7%   125 7436s
 5632435 3949708    1.56576   53   51    1.28684    1.64328  27.7%   125 7440s
 5639673 3953894    1.60697   50   49    1.28684    1.64304  27.7%   125 7449s
 5642840 3955988    1.56617   61   44    1.28684    1.64293  27.7%   125 7454s
 5646155 3958120    1.58534   43   59    1.28684    1.64282  27.7%   125 7459s
 5649420 3960327     cutoff   46         1.28684    1.64270  27.7%   125 7464s
 5652769 3962531     cutoff   63         1.28684    1.64260  27.6%   125 7468s
 5656158 3964693    1.54923   49   53    1.28684    1.64249  27.6%   125 7472s
 5659507 3966899    1.64232   60   38    1.28684    1.64238  27.6%   125 7477s
 5662877 3969271    1.56205   62   41    1.28684    1.64227  27.6%   125 7481s
 5666540 3971561    1.50880   46   51    1.28684    1.64214  27.6%   125 7485s
 5673434 3975853    1.58994   36   63    1.28684    1.64191  27.6%   125 7492s
 5676811 3977964    1.55813   60   43    1.28684    1.64179  27.6%   125 7496s
 5683619 3982343    1.63132   60   39    1.28684    1.64156  27.6%   125 7503s
 5686918 3984528    1.59835   59   39    1.28684    1.64146  27.6%   125 7507s
 5690191 3986638    1.56351   60   42    1.28684    1.64136  27.5%   125 7511s
 5693527 3989049    1.47143   51   44    1.28684    1.64124  27.5%   125 7515s
 5700573 3993244     cutoff   42         1.28684    1.64100  27.5%   125 7522s
 5703935 3995324    1.63337   54   48    1.28684    1.64089  27.5%   125 7527s
 5707313 3997343    1.64074   47   57    1.28684    1.64077  27.5%   125 7531s
 5710444 3999474    1.51378   55   46    1.28684    1.64066  27.5%   125 7536s
 5713900 4001686    1.60117   39   62    1.28684    1.64055  27.5%   125 7541s
 5717325 4003725    1.54240   47   57    1.28684    1.64043  27.5%   125 7545s
 5723968 4008427    1.52092   62   41    1.28684    1.64020  27.5%   125 7554s
 5727814 4010544     cutoff   54         1.28684    1.64007  27.5%   125 7557s
 5731082 4012682    1.59973   45   57    1.28684    1.63997  27.4%   125 7560s
 5737799 4016820    1.63844   52   52    1.28684    1.63975  27.4%   125 7567s
 5741037 4018915    1.59543   45   56    1.28684    1.63964  27.4%   125 7571s
 5747749 4023229    1.59697   54   47    1.28684    1.63942  27.4%   125 7578s
 5751095 4025258    1.55501   55   47    1.28684    1.63932  27.4%   124 7582s
 5754466 4027612    1.59471   51   51    1.28684    1.63920  27.4%   124 7586s
 5758132 4029939    1.62791   45   60    1.28684    1.63908  27.4%   124 7590s
 5764973 4034162    1.50837   42   59    1.28684    1.63886  27.4%   124 7597s
 5768262 4036448     cutoff   43         1.28684    1.63874  27.3%   124 7603s
 5771696 4038510     cutoff   60         1.28684    1.63864  27.3%   124 7606s
 5774990 4040477    1.60727   49   51    1.28684    1.63853  27.3%   124 7610s
 5781651 4044958    1.62658   44   56    1.28684    1.63830  27.3%   124 7617s
 5785045 4047396    1.58332   38   56    1.28684    1.63819  27.3%   124 7621s
 5792275 4051750     cutoff   59         1.28684    1.63796  27.3%   124 7628s
 5795594 4053882    1.51351   50   49    1.28684    1.63784  27.3%   124 7631s
 5798922 4056034     cutoff   55         1.28684    1.63773  27.3%   124 7635s
 5805525 4060298    1.44360   56   52    1.28684    1.63753  27.3%   124 7642s
 5808694 4062469    1.51038   51   44    1.28684    1.63744  27.2%   124 7646s
 5815581 4067168    1.58517   48   45    1.28684    1.63719  27.2%   124 7653s
 5819412 4069108    1.53202   36   68    1.28684    1.63708  27.2%   124 7657s
 5822460 4071397     cutoff   58         1.28684    1.63698  27.2%   124 7660s
 5829465 4075894    1.56048   44   58    1.28684    1.63676  27.2%   124 7668s
 5832923 4078058     cutoff   50         1.28684    1.63664  27.2%   124 7673s
 5836221 4080203    1.44710   53   45    1.28684    1.63653  27.2%   124 7678s
 5839504 4082419    1.61754   59   30    1.28684    1.63643  27.2%   124 7681s
 5842904 4084594     cutoff   54         1.28684    1.63631  27.2%   124 7685s
 5850088 4089140    1.58227   52   51    1.28684    1.63608  27.1%   124 7692s
 5853458 4091396    1.61284   56   45    1.28684    1.63596  27.1%   124 7696s
 5856836 4093475    1.62181   49   53    1.28684    1.63585  27.1%   124 7700s
 5863515 4097948     cutoff   57         1.28684    1.63564  27.1%   124 7707s
 5866860 4100072    1.59474   58   41    1.28684    1.63552  27.1%   124 7711s
 5870233 4102082    1.49453   55   44    1.28684    1.63543  27.1%   124 7715s
 5876934 4106770    1.51205   48   54    1.28684    1.63521  27.1%   124 7723s
 5880697 4109006    1.59300   51   46    1.28684    1.63510  27.1%   124 7727s
 5884180 4111098    1.61772   60   35    1.28684    1.63498  27.1%   124 7731s
 5887469 4113126    1.63429   53   41    1.28684    1.63487  27.0%   124 7735s
 5893975 4117329    1.57051   54   46    1.28684    1.63466  27.0%   124 7744s
 5897417 4119512    1.49370   47   57    1.28684    1.63455  27.0%   124 7748s
 5900804 4121714    1.33669   52   52    1.28684    1.63444  27.0%   124 7751s
 5904234 4123880    1.61804   58   33    1.28684    1.63433  27.0%   124 7755s
 5907627 4126295    1.60266   45   56    1.28684    1.63423  27.0%   124 7760s
 5914787 4130658    1.51690   28   78    1.28684    1.63400  27.0%   124 7768s
 5918081 4132781    1.30229   54   43    1.28684    1.63389  27.0%   124 7772s
 5921482 4134985    1.59325   51   52    1.28684    1.63378  27.0%   124 7776s
 5924916 4137129    1.62547   53   50    1.28684    1.63368  27.0%   124 7780s
 5931619 4141376    1.49005   40   71    1.28684    1.63348  26.9%   124 7789s
 5934967 4143485    1.57808   53   50    1.28684    1.63337  26.9%   124 7793s
 5938306 4145943     cutoff   52         1.28684    1.63327  26.9%   124 7798s
 5942115 4148002    1.59517   50   51    1.28684    1.63316  26.9%   124 7802s
 5945370 4150287    1.35447   48   49    1.28684    1.63305  26.9%   124 7806s
 5948886 4152340    1.60168   59   37    1.28684    1.63293  26.9%   124 7810s
 5955466 4156613    1.63125   58   40    1.28684    1.63273  26.9%   124 7818s
 5958787 4158617    1.61904   55   36    1.28684    1.63260  26.9%   124 7822s
 5961997 4160801    1.56467   50   51    1.28684    1.63250  26.9%   124 7826s
 5965346 4163001    1.60043   52   46    1.28684    1.63240  26.9%   124 7830s
 5968819 4165283    1.58247   51   47    1.28684    1.63229  26.8%   124 7835s
 5976041 4169653    1.50971   48   56    1.28684    1.63207  26.8%   124 7844s
 5979257 4171778    1.56623   47   49    1.28684    1.63195  26.8%   124 7848s
 5982584 4173999     cutoff   46         1.28684    1.63185  26.8%   124 7852s
 5986033 4176038    1.54821   60   42    1.28684    1.63174  26.8%   124 7856s
 5989230 4178185    1.62236   50   49    1.28684    1.63163  26.8%   124 7860s
 5996144 4182514     cutoff   55         1.28684    1.63142  26.8%   124 7868s
 5999427 4184906    1.59611   44   46    1.28684    1.63131  26.8%   124 7873s
 6003159 4187035     cutoff   43         1.28684    1.63119  26.8%   124 7877s
 6006551 4189217    1.35409   65   43    1.28684    1.63108  26.8%   124 7881s
 6009858 4191359    1.56198   55   45    1.28684    1.63097  26.7%   124 7885s
 6016444 4195537     cutoff   39         1.28684    1.63075  26.7%   124 7893s
 6019766 4197768    1.41791   49   51    1.28684    1.63065  26.7%   124 7898s
 6023250 4199966    1.47975   41   62    1.28684    1.63053  26.7%   124 7902s
 6026682 4202186    1.62217   45   61    1.28684    1.63044  26.7%   124 7905s
 6030082 4204496     cutoff   46         1.28684    1.63034  26.7%   124 7910s
 6037192 4208869    1.52317   63   40    1.28684    1.63010  26.7%   124 7918s
 6040592 4211059     cutoff   61         1.28684    1.63000  26.7%   124 7922s
 6043909 4213162     cutoff   50         1.28684    1.62990  26.7%   124 7926s
 6050508 4217563    1.44837   51   53    1.28684    1.62969  26.6%   124 7933s
 6053987 4219655    1.54702   47   54    1.28684    1.62959  26.6%   124 7937s
 6057259 4221696    1.42958   52   48    1.28684    1.62948  26.6%   124 7941s
 6060465 4224017    1.47804   64   37    1.28684    1.62937  26.6%   124 7945s
 6067685 4228286    1.52736   57   43    1.28684    1.62915  26.6%   124 7953s
 6070929 4230490    1.62035   57   44    1.28684    1.62905  26.6%   124 7957s
 6074411 4232680     cutoff   61         1.28684    1.62896  26.6%   124 7961s
 6081095 4236973    1.50601   51   52    1.28684    1.62874  26.6%   124 7968s
 6084351 4239195    1.55575   58   37    1.28684    1.62864  26.6%   124 7971s
 6087872 4241218    1.42059   54   52    1.28684    1.62854  26.6%   124 7975s
 6094777 4245759    1.42391   44   62    1.28684    1.62831  26.5%   123 7982s
 6098292 4247825    1.47275   57   44    1.28684    1.62821  26.5%   123 7985s
 6105037 4252034    1.54305   52   50    1.28684    1.62801  26.5%   123 7992s
 6108389 4254058     cutoff   64         1.28684    1.62790  26.5%   123 7996s
 6115109 4258382    1.61588   61   36    1.28684    1.62769  26.5%   123 8003s
 6118530 4260519    1.62116   51   50    1.28684    1.62758  26.5%   123 8006s
 6121863 4263000    1.57945   46   56    1.28684    1.62748  26.5%   123 8010s
 6128967 4267042     cutoff   52         1.28684    1.62725  26.5%   123 8018s
 6132319 4269125     cutoff   58         1.28684    1.62715  26.4%   123 8022s
 6135690 4271202    1.61785   59   42    1.28684    1.62705  26.4%   123 8025s
 6142311 4275416    1.61635   57   45    1.28684    1.62685  26.4%   123 8033s
 6145644 4277545    1.46751   61   40    1.28684    1.62675  26.4%   123 8037s
 6149079 4279619    1.51455   58   43    1.28684    1.62664  26.4%   123 8041s
 6152383 4281867    1.41399   47   56    1.28684    1.62654  26.4%   123 8045s
 6155994 4284033    1.62183   52   53    1.28684    1.62642  26.4%   123 8050s
 6162898 4288536    1.62318   41   64    1.28684    1.62620  26.4%   123 8058s
 6166355 4290691    1.46816   49   49    1.28684    1.62609  26.4%   123 8062s
 6169678 4292969    1.60152   50   53    1.28684    1.62600  26.4%   123 8066s
 6173190 4295018     cutoff   64         1.28684    1.62589  26.3%   123 8070s
 6179849 4299240    1.62551   55   38    1.28684    1.62568  26.3%   123 8079s
 6183185 4301565    1.60387   53   49    1.28684    1.62557  26.3%   123 8083s
 6186928 4303865     cutoff   47         1.28684    1.62547  26.3%   123 8087s
 6190339 4305822    1.60102   54   39    1.28684    1.62536  26.3%   123 8090s
 6196903 4310266    1.52675   53   46    1.28684    1.62517  26.3%   123 8098s
 6200365 4312243    1.58038   56   43    1.28684    1.62506  26.3%   123 8102s
 6203569 4314523    1.46341   44   59    1.28684    1.62496  26.3%   123 8105s
 6210523 4318856    1.58018   53   48    1.28684    1.62475  26.3%   123 8113s
 6213843 4321187    1.42371   48   50    1.28684    1.62466  26.3%   123 8117s
 6217569 4323349    1.45130   54   40    1.28684    1.62454  26.2%   123 8121s
 6220985 4325447    1.59158   39   66    1.28684    1.62444  26.2%   123 8125s
 6227620 4328563     cutoff   59         1.28684    1.62424  26.2%   123 8136s
 6229282 4330386     cutoff   53         1.28684    1.62422  26.2%   123 8141s
 6232072 4332335     cutoff   52         1.28684    1.62420  26.2%   123 8146s
 6235058 4334167    1.57620   36   68    1.28684    1.62417  26.2%   123 8151s
 6238009 4336089     cutoff   32         1.28684    1.62411  26.2%   123 8156s
 6241090 4336868    1.59445   33   66    1.28684    1.62402  26.2%   123 8163s
H6242300 4336862                       1.2868386    1.62394  26.2%   123 8165s
 6242301 4339731    1.60448   56   43    1.28684    1.62393  26.2%   123 8170s
 6246944 4340188    1.38232   61   37    1.28684    1.62366  26.2%   123 8177s
 6247692 4343759    1.46400   57   46    1.28684    1.62364  26.2%   123 8189s
 6253418 4347525    1.38271   59   52    1.28684    1.62345  26.2%   123 8197s
 6259364 4350281    1.55084   49   58    1.28684    1.62331  26.1%   123 8203s
 6263742 4352810     cutoff   55         1.28684    1.62317  26.1%   123 8207s
 6267781 4355295     cutoff   64         1.28684    1.62304  26.1%   123 8212s
 6271726 4357569    1.61876   55   42    1.28684    1.62294  26.1%   123 8217s
 6275367 4359864    1.56904   55   49    1.28684    1.62282  26.1%   123 8221s
 6279037 4362236     cutoff   47         1.28684    1.62271  26.1%   123 8227s
 6282777 4364378     cutoff   59         1.28684    1.62260  26.1%   123 8231s
 6286124 4366525     cutoff   42         1.28684    1.62249  26.1%   123 8235s
 6289848 4368634    1.61288   58   35    1.28684    1.62239  26.1%   123 8240s
 6296274 4372984    1.40057   38   71    1.28684    1.62219  26.1%   123 8248s
 6299699 4375118    1.59331   48   46    1.28684    1.62209  26.1%   123 8252s
 6303057 4377217    1.55483   52   44    1.28684    1.62199  26.0%   123 8256s
 6306370 4379381    1.61980   55   41    1.28684    1.62190  26.0%   123 8260s
 6313417 4384028    1.58497   33   75    1.28684    1.62169  26.0%   123 8268s
 6316944 4386225     cutoff   40         1.28684    1.62159  26.0%   123 8272s
 6320260 4388291    1.44636   49   50    1.28684    1.62149  26.0%   123 8276s
 6323697 4390385    1.58752   52   48    1.28684    1.62139  26.0%   123 8281s
 6327003 4392523    1.55409   62   39    1.28684    1.62129  26.0%   123 8285s
 6333797 4396777    1.59373   48   50    1.28684    1.62109  26.0%   123 8292s
 6337130 4398843    1.50892   52   47    1.28684    1.62099  26.0%   123 8296s
 6340475 4401230     cutoff   52         1.28684    1.62089  26.0%   123 8301s
 6344248 4403304    1.59518   55   34    1.28684    1.62078  26.0%   123 8305s
 6350901 4407618    1.51604   44   61    1.28684    1.62058  25.9%   123 8312s
 6354344 4409728     cutoff   54         1.28684    1.62049  25.9%   123 8317s
 6357696 4411826    1.59395   55   43    1.28684    1.62039  25.9%   123 8321s
 6360987 4413872    1.55634   37   71    1.28684    1.62029  25.9%   123 8325s
 6367768 4418244    1.56660   63   32    1.28684    1.62008  25.9%   123 8333s
 6371136 4420674    1.60803   41   56    1.28684    1.61999  25.9%   123 8337s
 6374851 4422906    1.52752   46   57    1.28684    1.61989  25.9%   123 8341s
 6378428 4424956    1.58163   55   50    1.28684    1.61978  25.9%   123 8345s
 6384960 4429151 infeasible   43         1.28684    1.61959  25.9%   123 8353s
 6388311 4431199    1.42609   41   60    1.28684    1.61948  25.8%   123 8357s
 6391583 4433399    1.61777   58   39    1.28684    1.61939  25.8%   123 8361s
 6395041 4435410    1.58942   44   60    1.28684    1.61929  25.8%   123 8365s
 6401754 4439909    1.53746   49   42    1.28684    1.61909  25.8%   123 8374s
 6405546 4442058    1.46798   57   38    1.28684    1.61898  25.8%   123 8378s
 6408987 4444244    1.56713   47   53    1.28684    1.61888  25.8%   123 8382s
 6412296 4446312    1.61520   60   41    1.28684    1.61878  25.8%   123 8386s
 6418797 4450362    1.56916   48   47    1.28684    1.61860  25.8%   123 8393s
 6422216 4452455    1.59991   51   52    1.28684    1.61850  25.8%   123 8397s
 6425576 4454506    1.60744   51   49    1.28684    1.61840  25.8%   123 8402s
 6428893 4456707    1.58107   57   45    1.28684    1.61831  25.8%   123 8406s
 6432384 4459195    1.34690   61   37    1.28684    1.61821  25.8%   123 8411s
 6436305 4461205    1.49934   39   66    1.28684    1.61811  25.7%   123 8415s
 6442771 4465259    1.44138   47   53    1.28684    1.61791  25.7%   123 8423s
 6445981 4467388     cutoff   62         1.28684    1.61782  25.7%   123 8427s
 6449433 4469418    1.56868   54   47    1.28684    1.61772  25.7%   123 8431s
 6452698 4471687    1.58774   48   53    1.28684    1.61762  25.7%   123 8435s
 6459503 4475900    1.58022   56   41    1.28684    1.61743  25.7%   123 8442s
 6462915 4478145     cutoff   55         1.28684    1.61733  25.7%   122 8447s
 6466555 4480238     cutoff   48         1.28684    1.61723  25.7%   122 8450s
 6473357 4484499    1.49201   60   43    1.28684    1.61702  25.7%   122 8457s
 6476851 4486505    1.61317   61   41    1.28684    1.61692  25.7%   122 8460s
 6483617 4490931    1.60294   37   67    1.28684    1.61674  25.6%   122 8467s
 6487141 4493007    1.53499   50   54    1.28684    1.61665  25.6%   122 8470s
 6493934 4497487    1.58038   54   46    1.28684    1.61646  25.6%   122 8477s
 6497564 4499766    1.51014   59   35    1.28684    1.61637  25.6%   122 8480s
 6504558 4504051    1.47976   49   45    1.28684    1.61618  25.6%   122 8487s
 6507920 4506040    1.59700   55   44    1.28684    1.61608  25.6%   122 8490s
 6514629 4510422    1.45594   52   47    1.28684    1.61590  25.6%   122 8497s
 6517986 4512404    1.59577   58   42    1.28684    1.61581  25.6%   122 8500s
 6524628 4517041    1.58314   57   51    1.28684    1.61563  25.6%   122 8507s
 6528543 4519127     cutoff   54         1.28684    1.61552  25.5%   122 8510s
 6535008 4523255    1.45532   51   52    1.28684    1.61534  25.5%   122 8516s
 6541711 4527532    1.49499   42   63    1.28684    1.61517  25.5%   122 8522s
 6545040 4529614    1.54354   55   45    1.28684    1.61509  25.5%   122 8526s
 6551778 4533982    1.56415   47   57    1.28684    1.61492  25.5%   122 8532s
 6555330 4536517    1.56307   60   40    1.28684    1.61482  25.5%   122 8536s
 6562360 4540595    1.60989   56   38    1.28684    1.61464  25.5%   122 8542s
 6565671 4542674    1.53507   45   54    1.28684    1.61454  25.5%   122 8545s
 6572262 4546996    1.41014   46   48    1.28684    1.61437  25.5%   122 8552s
 6575662 4549121    1.43339   63   39    1.28684    1.61427  25.4%   122 8555s
 6582338 4553370    1.56502   54   44    1.28684    1.61410  25.4%   122 8562s
 6585862 4555882     cutoff   35         1.28684    1.61400  25.4%   122 8565s
 6593045 4560253    1.45592   45   49    1.28684    1.61383  25.4%   122 8571s
 6599641 4564540    1.60068   49   53    1.28684    1.61365  25.4%   122 8577s
 6602998 4566640    1.61338   53   41    1.28684    1.61357  25.4%   122 8580s
 6609658 4570979    1.57713   44   58    1.28684    1.61341  25.4%   122 8587s
 6613037 4573134    1.60577   48   50    1.28684    1.61332  25.4%   122 8590s
 6620257 4577818    1.52796   64   35    1.28684    1.61314  25.4%   122 8597s
 6623621 4579855    1.57904   55   48    1.28684    1.61306  25.4%   122 8600s
 6630315 4584143    1.58657   39   59    1.28684    1.61289  25.3%   122 8605s
 6636991 4588273     cutoff   53         1.28684    1.61272  25.3%   122 8611s
 6643520 4592630    1.51511   56   42    1.28684    1.61256  25.3%   122 8617s
 6646927 4595081    1.59912   57   47    1.28684    1.61249  25.3%   122 8620s
 6654124 4599345    1.60765   56   41    1.28684    1.61231  25.3%   122 8626s
 6660961 4603430     cutoff   44         1.28684    1.61215  25.3%   122 8633s
 6664198 4603905    1.61042   50   48    1.28684    1.61206  25.3%   122 8637s
 6664900 4605851    1.52511   59   41    1.28684    1.61206  25.3%   122 8640s
 6671840 4610612     cutoff   54         1.28684    1.61188  25.3%   122 8647s
 6675311 4612902    1.43085   61   38    1.28684    1.61180  25.3%   122 8650s
 6682748 4617392     cutoff   47         1.28684    1.61162  25.2%   122 8656s
 6689379 4621589    1.47192   48   54    1.28684    1.61146  25.2%   122 8662s
 6692809 4623698    1.60868   60   43    1.28684    1.61137  25.2%   122 8665s
 6699597 4627957    1.35522   53   36    1.28684    1.61121  25.2%   122 8671s
 6706364 4631977    1.51893   61   38    1.28684    1.61105  25.2%   122 8677s
 6709511 4634442     cutoff   45         1.28684    1.61097  25.2%   122 8680s
 6716695 4638593    1.58817   60   37    1.28684    1.61079  25.2%   122 8686s
 6723275 4642846     cutoff   55         1.28684    1.61064  25.2%   122 8692s
 6726692 4644978    1.56517   47   55    1.28684    1.61055  25.2%   122 8695s
 6733404 4649250    1.59571   50   48    1.28684    1.61040  25.1%   122 8701s
 6740186 4653842    1.46955   46   54    1.28684    1.61025  25.1%   122 8707s
 6743991 4656042    1.46748   55   33    1.28684    1.61016  25.1%   122 8711s
 6750838 4660313     cutoff   60         1.28684    1.60999  25.1%   122 8717s
 6754199 4662539     cutoff   44         1.28684    1.60992  25.1%   122 8720s
 6760859 4666656     cutoff   61         1.28684    1.60976  25.1%   122 8726s
 6767543 4670924    1.34360   44   60    1.28684    1.60961  25.1%   122 8732s
 6770820 4673426    1.55629   45   58    1.28684    1.60954  25.1%   122 8736s
 6778062 4677620    1.59424   60   44    1.28684    1.60937  25.1%   122 8742s
 6781361 4679681    1.58860   57   39    1.28684    1.60930  25.1%   122 8745s
 6788055 4683769     cutoff   52         1.28684    1.60914  25.0%   122 8752s
 6791249 4685983    1.58704   45   51    1.28684    1.60907  25.0%   122 8755s
 6797956 4690056    1.60866   55   53    1.28684    1.60892  25.0%   122 8761s
 6805101 4694482    1.58785   50   52    1.28684    1.60876  25.0%   122 8768s
 6808432 4696528    1.50469   53   54    1.28684    1.60868  25.0%   122 8771s
 6815017 4700723    1.57896   46   50    1.28684    1.60852  25.0%   122 8777s
 6818489 4702902     cutoff   46         1.28684    1.60845  25.0%   122 8780s
 6825272 4707224    1.30818   57   45    1.28684    1.60830  25.0%   122 8786s
 6828721 4709314    1.51280   57   46    1.28684    1.60822  25.0%   121 8790s
 6835917 4713857    1.51787   60   43    1.28684    1.60806  25.0%   121 8797s
 6839276 4715973     cutoff   54         1.28684    1.60799  25.0%   121 8800s
 6845934 4720280    1.50578   37   72    1.28684    1.60785  24.9%   121 8806s
 6849486 4722356    1.56090   50   47    1.28684    1.60777  24.9%   121 8810s
 6856020 4726551    1.50759   40   54    1.28684    1.60762  24.9%   121 8816s
 6859356 4728589    1.56663   45   55    1.28684    1.60755  24.9%   121 8820s
 6866543 4733156    1.57471   50   54    1.28684    1.60739  24.9%   121 8827s
 6869817 4735165     cutoff   49         1.28684    1.60732  24.9%   121 8830s
 6876458 4739350     cutoff   60         1.28684    1.60718  24.9%   121 8837s
 6879701 4741260    1.56724   38   70    1.28684    1.60711  24.9%   121 8841s
 6882763 4743394     cutoff   54         1.28684    1.60705  24.9%   121 8845s
 6889523 4747656    1.41278   54   42    1.28684    1.60690  24.9%   121 8852s
 6892836 4750049     cutoff   61         1.28684    1.60683  24.9%   121 8856s
 6896705 4752132    1.54483   53   44    1.28684    1.60675  24.9%   121 8860s
 6903372 4756436    1.49565   38   63    1.28684    1.60661  24.8%   121 8868s
 6906773 4758438    1.56985   49   55    1.28684    1.60655  24.8%   121 8871s
 6909991 4760617     cutoff   56         1.28684    1.60647  24.8%   121 8875s
 6916855 4765048     cutoff   46         1.28684    1.60633  24.8%   121 8882s
 6920279 4767183    1.60507   58   41    1.28684    1.60626  24.8%   121 8886s
 6923629 4769641    1.49262   53   46    1.28684    1.60620  24.8%   121 8891s
 6927481 4771721    1.56635   52   52    1.28684    1.60612  24.8%   121 8895s
 6934086 4775942     cutoff   58         1.28684    1.60598  24.8%   121 8903s
 6937589 4778071    1.47024   58   46    1.28684    1.60591  24.8%   121 8906s
 6940945 4780234    1.52117   55   44    1.28684    1.60584  24.8%   121 8910s
 6947654 4784439    1.59746   55   50    1.28684    1.60571  24.8%   121 8919s
 6951062 4786439    1.52314   53   49    1.28684    1.60564  24.8%   121 8923s
 6954233 4788984    1.33535   62   38    1.28684    1.60558  24.8%   121 8928s
 6958204 4791069    1.52355   54   40    1.28684    1.60550  24.8%   121 8932s
 6961437 4793157    1.58212   67   39    1.28684    1.60544  24.8%   121 8935s
 6968070 4797315     cutoff   47         1.28684    1.60531  24.7%   121 8941s
 6971326 4799439    1.48738   55   44    1.28684    1.60524  24.7%   121 8945s
 6978126 4803852    1.40253   59   49    1.28684    1.60511  24.7%   121 8951s
 6981505 4805992    1.36539   46   55    1.28684    1.60504  24.7%   121 8956s
 6984861 4808357     cutoff   54         1.28684    1.60498  24.7%   121 8960s
 6992069 4812915    1.58175   64   37    1.28684    1.60484  24.7%   121 8968s
 6995702 4815005    1.57753   55   40    1.28684    1.60477  24.7%   121 8972s
 6999115 4817130    1.53202   51   55    1.28684    1.60470  24.7%   121 8975s
 7005813 4821324    1.54912   33   70    1.28684    1.60458  24.7%   121 8982s
 7009115 4823427    1.59115   54   46    1.28684    1.60450  24.7%   121 8986s
 7015824 4827915    1.32831   53   48    1.28684    1.60439  24.7%   121 8994s
 7019582 4830161    1.58629   42   61    1.28684    1.60431  24.7%   121 8997s
 7023104 4832337    1.59163   51   45    1.28684    1.60424  24.7%   121 9001s
 7029795 4836539    1.57814   45   53    1.28684    1.60411  24.7%   121 9007s
 7033072 4838713    1.51318   66   34    1.28684    1.60405  24.7%   121 9010s
 7040003 4842928    1.48737   58   46    1.28684    1.60392  24.6%   121 9016s
 7043171 4845116     cutoff   48         1.28684    1.60386  24.6%   121 9020s
 7050628 4849594    1.57804   49   51    1.28684    1.60371  24.6%   121 9027s
 7053833 4851650    1.44964   53   48    1.28684    1.60365  24.6%   121 9031s
 7057049 4853704    1.56783   52   41    1.28684    1.60359  24.6%   121 9035s
 7060297 4855820    1.53042   53   46    1.28684    1.60353  24.6%   121 9040s
 7066961 4859974    1.41759   58   46    1.28684    1.60340  24.6%   121 9048s
 7070295 4861977    1.57542   45   55    1.28684    1.60333  24.6%   121 9052s
 7073597 4864080     cutoff   44         1.28684    1.60327  24.6%   121 9056s
 7076918 4866463    1.49593   41   59    1.28684    1.60320  24.6%   121 9061s
 7084171 4870647    1.50852   51   47    1.28684    1.60306  24.6%   121 9068s
 7087464 4872810    1.58698   43   61    1.28684    1.60300  24.6%   121 9073s
 7090901 4872844    1.58261   52   46    1.28684    1.60293  24.6%   121 9079s
 7090955 4873203    1.55528   56   45    1.28684    1.60293  24.6%   121 9082s
 7091571 4874488    1.49400   43   50    1.28684    1.60292  24.6%   121 9087s
 7093585 4876701     cutoff   63         1.28684    1.60292  24.6%   121 9091s
 7097115 4879075    1.52291   51   53    1.28684    1.60290  24.6%   121 9095s
 7104665 4883687    1.44710   56   46    1.28684    1.60274  24.5%   121 9103s
 7108365 4886120    1.52100   56   43    1.28684    1.60261  24.5%   121 9107s
 7112213 4888248    1.37740   47   43    1.28684    1.60254  24.5%   121 9111s
 7115529 4890331    1.59480   50   51    1.28684    1.60247  24.5%   121 9115s
 7122241 4894547    1.55248   59   49    1.28684    1.60235  24.5%   121 9123s
 7125569 4896686    1.59115   49   45    1.28684    1.60228  24.5%   121 9126s
 7128910 4898837    1.56361   45   52    1.28684    1.60222  24.5%   121 9130s
 7135803 4903214    1.57330   66   38    1.28684    1.60209  24.5%   121 9138s
 7139154 4905669     cutoff   47         1.28684    1.60203  24.5%   121 9143s
 7143054 4907785    1.59593   49   47    1.28684    1.60197  24.5%   121 9148s
 7146456 4909817    1.53483   61   42    1.28684    1.60191  24.5%   121 9154s
 7149780 4912102    1.37181   46   52    1.28684    1.60185  24.5%   121 9159s
 7153309 4914151    1.57021   54   47    1.28684    1.60179  24.5%   121 9165s
 7159902 4918349    1.45524   57   42    1.28684    1.60167  24.5%   121 9174s
 7163203 4920353    1.60127   55   41    1.28684    1.60160  24.5%   121 9179s
 7166412 4922510    1.58352   53   43    1.28684    1.60155  24.5%   121 9183s
 7169855 4924950     cutoff   38         1.28684    1.60149  24.5%   121 9189s
 7173631 4927170    1.40621   42   60    1.28684    1.60142  24.4%   121 9195s
 7180448 4931361    1.58730   41   59    1.28684    1.60129  24.4%   121 9205s
 7187180 4935597    1.58027   49   55    1.28684    1.60117  24.4%   121 9214s
 7190548 4937798     cutoff   39         1.28684    1.60111  24.4%   121 9218s
 7194001 4939858    1.58588   61   33    1.28684    1.60105  24.4%   121 9222s
 7197305 4941787    1.59634   55   46    1.28684    1.60099  24.4%   120 9227s
 7200482 4944257     cutoff   55         1.28684    1.60093  24.4%   120 9233s
 7204358 4946395    1.35695   35   64    1.28684    1.60086  24.4%   120 9238s
 7207772 4948447    1.59917   52   47    1.28684    1.60079  24.4%   120 9243s
 7211127 4950602    1.57566   52   49    1.28684    1.60074  24.4%   120 9248s
 7214547 4952519    1.58629   53   37    1.28684    1.60068  24.4%   120 9253s
 7217761 4954482    1.59088   58   39    1.28684    1.60062  24.4%   120 9259s
 7221045 4956726    1.55419   50   50    1.28684    1.60056  24.4%   120 9264s
 7224537 4958875    1.43143   41   66    1.28684    1.60051  24.4%   120 9269s
 7227897 4960956    1.60011   48   54    1.28684    1.60044  24.4%   120 9274s
 7231200 4963272     cutoff   52         1.28684    1.60038  24.4%   120 9279s
 7234981 4965476    1.48613   51   49    1.28684    1.60031  24.4%   120 9282s
 7238490 4967596    1.57938   50   47    1.28684    1.60025  24.4%   120 9287s
 7241932 4969772    1.55011   40   64    1.28684    1.60019  24.4%   120 9291s
 7245328 4971910    1.54870   57   43    1.28684    1.60013  24.3%   120 9295s
 7251893 4975999    1.50519   57   44    1.28684    1.60001  24.3%   120 9304s
 7255157 4977992    1.54967   50   52    1.28684    1.59995  24.3%   120 9309s
 7258339 4980183    1.34994   52   48    1.28684    1.59989  24.3%   120 9313s
 7261809 4980832    1.49927   47   53    1.28684    1.59983  24.3%   120 9318s
 7262793 4983954    1.59050   58   42    1.28684    1.59982  24.3%   120 9325s
 7272053 4988914    1.54805   43   56    1.28684    1.59965  24.3%   120 9333s
 7275863 4991109    1.54994   49   47    1.28684    1.59958  24.3%   120 9337s
 7279526 4993450     cutoff   61         1.28684    1.59952  24.3%   120 9341s
 7283135 4995798    1.59700   62   34    1.28684    1.59945  24.3%   120 9345s
 7290378 5000391    1.50808   46   60    1.28684    1.59932  24.3%   120 9353s
 7294035 5002805    1.37824   40   62    1.28684    1.59926  24.3%   120 9357s
 7297873 5005011     cutoff   40         1.28684    1.59919  24.3%   120 9360s
 7304700 5009407    1.38515   57   47    1.28684    1.59908  24.3%   120 9369s
 7308136 5011468    1.59760   54   51    1.28684    1.59901  24.3%   120 9375s
 7311510 5013475    1.55512   52   46    1.28684    1.59895  24.3%   120 9380s
 7318169 5017669    1.59599   62   42    1.28684    1.59883  24.2%   120 9389s
 7321564 5019704     cutoff   57         1.28684    1.59878  24.2%   120 9393s
 7324772 5022219     cutoff   43         1.28684    1.59872  24.2%   120 9398s
 7328776 5024192 infeasible   56         1.28684    1.59865  24.2%   120 9402s
 7332069 5026289    1.53242   49   50    1.28684    1.59859  24.2%   120 9406s
 7335403 5028251    1.46196   47   55    1.28684    1.59853  24.2%   120 9410s
 7338659 5030359    1.58941   52   48    1.28684    1.59847  24.2%   120 9415s
 7341940 5032537    1.59128   58   43    1.28684    1.59841  24.2%   120 9420s
 7348544 5036647    1.58227   56   43    1.28684    1.59830  24.2%   120 9428s
 7351879 5038659    1.47745   40   66    1.28684    1.59824  24.2%   120 9432s
 7355126 5041059     cutoff   62         1.28684    1.59818  24.2%   120 9437s
 7358949 5043121    1.55114   54   49    1.28684    1.59811  24.2%   120 9441s
 7362269 5045193    1.58811   62   41    1.28684    1.59805  24.2%   120 9445s
 7368940 5049478    1.42467   53   42    1.28684    1.59793  24.2%   120 9453s
 7372484 5051606    1.59449   55   45    1.28684    1.59788  24.2%   120 9457s
 7375827 5053790    1.53233   39   59    1.28684    1.59782  24.2%   120 9461s
 7379237 5055933     cutoff   64         1.28684    1.59776  24.2%   120 9465s
 7385823 5060527    1.30116   51   52    1.28684    1.59765  24.2%   120 9473s
 7389821 5062512    1.48294   53   45    1.28684    1.59758  24.1%   120 9478s
 7393131 5064455    1.59351   49   55    1.28684    1.59752  24.1%   120 9482s
 7396314 5066597    1.53830   57   44    1.28684    1.59746  24.1%   120 9486s
 7399680 5068548    1.39373   33   72    1.28684    1.59740  24.1%   120 9490s
 7406295 5072960    1.55895   50   50    1.28684    1.59728  24.1%   120 9497s
 7409759 5074967    1.47498   47   57    1.28684    1.59722  24.1%   120 9501s
 7416354 5079559    1.41792   58   38    1.28684    1.59711  24.1%   120 9508s
 7420256 5081654    1.50000   56   51    1.28684    1.59704  24.1%   120 9512s
 7423497 5083714    1.55642   46   58    1.28684    1.59698  24.1%   120 9516s
 7426812 5085719    1.57046   51   50    1.28684    1.59692  24.1%   120 9520s
 7433577 5089929    1.53555   46   57    1.28684    1.59681  24.1%   120 9528s
 7436792 5092181    1.58313   57   49    1.28684    1.59676  24.1%   120 9532s
 7440347 5094294    1.50519   56   43    1.28684    1.59669  24.1%   120 9536s
 7446981 5098908     cutoff   58         1.28684    1.59658  24.1%   120 9544s
 7450957 5100909    1.55145   58   42    1.28684    1.59651  24.1%   120 9547s
 7454144 5102978    1.37755   54   49    1.28684    1.59645  24.1%   120 9550s
 7460800 5107244     cutoff   44         1.28684    1.59634  24.1%   120 9558s
 7464201 5109211     cutoff   49         1.28684    1.59628  24.0%   120 9561s
 7467417 5111322     cutoff   56         1.28684    1.59622  24.0%   120 9565s
 7470747 5113419    1.55365   45   57    1.28684    1.59616  24.0%   120 9571s
 7474108 5115594    1.58325   45   55    1.28684    1.59610  24.0%   120 9577s
 7477594 5117961    1.56839   39   66    1.28684    1.59604  24.0%   120 9582s
 7481387 5120136    1.56234   62   39    1.28684    1.59597  24.0%   120 9586s
 7488087 5124346    1.31706   55   48    1.28684    1.59585  24.0%   120 9593s
 7491482 5126539    1.48557   38   58    1.28684    1.59579  24.0%   120 9596s
 7494923 5128634    1.54794   62   42    1.28684    1.59574  24.0%   120 9600s
 7501708 5133010    1.59046   58   38    1.28684    1.59562  24.0%   120 9606s
 7505120 5135028    1.51639   48   48    1.28684    1.59556  24.0%   120 9610s
 7512457 5139601    1.58086   56   40    1.28684    1.59544  24.0%   120 9617s
 7515681 5141570    1.47585   50   50    1.28684    1.59538  24.0%   120 9620s
 7522214 5145801    1.54111   53   47    1.28684    1.59528  24.0%   120 9627s
 7525575 5147924    1.57574   49   50    1.28684    1.59521  24.0%   120 9630s
 7532192 5152007     cutoff   46         1.28684    1.59510  24.0%   120 9637s
 7535576 5154154    1.55772   58   49    1.28684    1.59503  23.9%   120 9642s
 7539012 5156579    1.54689   56   44    1.28684    1.59497  23.9%   120 9646s
 7542840 5158840    1.47958   51   51    1.28684    1.59491  23.9%   120 9650s
 7549733 5162921    1.54116   46   62    1.28684    1.59479  23.9%   120 9658s
 7552963 5164974    1.45827   49   57    1.28684    1.59473  23.9%   120 9662s
 7556295 5167045    1.56091   56   48    1.28684    1.59468  23.9%   120 9666s
 7562944 5171139    1.49986   47   50    1.28684    1.59456  23.9%   120 9673s
 7566244 5173020     cutoff   44         1.28684    1.59450  23.9%   120 9677s
 7569441 5175250    1.45950   50   47    1.28684    1.59444  23.9%   120 9682s
 7573210 5177318    1.41515   44   63    1.28684    1.59437  23.9%   120 9686s
 7576558 5179337    1.48957   44   54    1.28684    1.59431  23.9%   120 9690s
 7583354 5183624    1.47747   52   47    1.28684    1.59419  23.9%   120 9697s
 7586734 5185748     cutoff   61         1.28684    1.59414  23.9%   120 9700s
 7593586 5189896    1.51546   54   45    1.28684    1.59402  23.9%   119 9708s
 7596836 5191957    1.55505   43   62    1.28684    1.59397  23.9%   119 9711s
 7600161 5194210    1.52803   50   51    1.28684    1.59391  23.9%   119 9715s
 7607392 5198335    1.56448   54   44    1.28684    1.59378  23.9%   119 9721s
 7610756 5200409    1.50841   53   51    1.28684    1.59373  23.8%   119 9725s
 7617309 5204540     cutoff   51         1.28684    1.59361  23.8%   119 9732s
 7620872 5206662     cutoff   49         1.28684    1.59354  23.8%   119 9735s
 7627566 5210721    1.58367   58   31    1.28684    1.59343  23.8%   119 9742s
 7630910 5213162    1.55741   46   61    1.28684    1.59337  23.8%   119 9746s
 7634702 5215275    1.56440   49   51    1.28684    1.59330  23.8%   119 9750s
 7641499 5219556    1.47333   47   58    1.28684    1.59318  23.8%   119 9758s
 7644898 5221625    1.48181   60   44    1.28684    1.59312  23.8%   119 9761s
 7648180 5223694    1.52601   52   49    1.28684    1.59307  23.8%   119 9765s
 7654903 5227715    1.43272   55   47    1.28684    1.59295  23.8%   119 9771s
 7658139 5229861     cutoff   49         1.28684    1.59290  23.8%   119 9775s
 7665529 5234295    1.53008   46   55    1.28684    1.59277  23.8%   119 9782s
 7668764 5236366    1.59050   44   57    1.28684    1.59271  23.8%   119 9785s
 7675433 5240443     cutoff   49         1.28684    1.59260  23.8%   119 9791s
 7678787 5242501    1.49289   39   66    1.28684    1.59254  23.8%   119 9795s
 7685513 5246697    1.58901   54   47    1.28684    1.59243  23.7%   119 9801s
 7691996 5251123    1.54618   50   49    1.28684    1.59231  23.7%   119 9808s
 7695888 5253253    1.54817   53   48    1.28684    1.59225  23.7%   119 9811s
 7699241 5255333    1.56738   56   45    1.28684    1.59219  23.7%   119 9815s
 7705943 5259627     cutoff   57         1.28684    1.59207  23.7%   119 9821s
 7712583 5263623    1.34621   47   48    1.28684    1.59196  23.7%   119 9828s
 7715885 5265708    1.30505   45   56    1.28684    1.59190  23.7%   119 9831s
 7719247 5267810    1.54404   57   47    1.28684    1.59185  23.7%   119 9835s
 7726320 5272239    1.56448   56   48    1.28684    1.59173  23.7%   119 9843s
 7729732 5274212    1.58860   53   47    1.28684    1.59167  23.7%   119 9846s
 7733041 5276327    1.54790   58   53    1.28684    1.59161  23.7%   119 9850s
 7736470 5276346    1.56516   57   38    1.28684    1.59155  23.7%   119 9856s
 7736514 5276366    1.54177   67   40    1.28684    1.59154  23.7%   119 9862s
 7736558 5276393    1.55810   46   50    1.28684    1.59154  23.7%   119 9866s
 7736595 5276415     cutoff   58         1.28684    1.59154  23.7%   119 9870s
 7736684 5276476     cutoff   50         1.28684    1.59154  23.7%   119 9877s
 7736767 5276703    1.59146   56   47    1.28684    1.59153  23.7%   119 9881s
 7737123 5277221    1.58854   39   67    1.28684    1.59153  23.7%   119 9885s
 7737923 5278203    1.52788   53   44    1.28684    1.59153  23.7%   119 9890s
 7739530 5279848    1.58096   54   45    1.28684    1.59153  23.7%   119 9895s
 7742147 5282177     cutoff   54         1.28684    1.59152  23.7%   119 9900s
 7745974 5284533     cutoff   61         1.28684    1.59152  23.7%   119 9905s
 7749799 5287196    1.52928   57   42    1.28684    1.59148  23.7%   119 9910s
 7757530 5291397    1.58734   54   43    1.28684    1.59129  23.7%   119 9918s
 7761000 5293511    1.51721   57   42    1.28684    1.59121  23.7%   119 9922s
 7764406 5295576    1.58856   56   46    1.28684    1.59115  23.6%   119 9926s
 7767758 5297734    1.56828   52   43    1.28684    1.59109  23.6%   119 9930s
 7774813 5302090    1.40851   53   41    1.28684    1.59095  23.6%   119 9938s
 7778323 5304226     cutoff   45         1.28684    1.59089  23.6%   119 9942s
 7781771 5306334    1.54940   53   42    1.28684    1.59082  23.6%   119 9946s
 7785191 5308809    1.57413   51   45    1.28684    1.59072  23.6%   119 9951s
 7792379 5313043    1.37712   56   52    1.28684    1.59060  23.6%   119 9957s
 7795737 5315132     cutoff   55         1.28684    1.59053  23.6%   119 9961s
 7802436 5319178    1.52249   47   58    1.28684    1.59042  23.6%   119 9967s
 7805599 5321303    1.56758   54   42    1.28684    1.59037  23.6%   119 9971s
 7812381 5325432    1.55927   39   66    1.28684    1.59025  23.6%   119 9978s
 7815774 5327510     cutoff   34         1.28684    1.59019  23.6%   119 9982s
 7819134 5329836     cutoff   54         1.28684    1.59013  23.6%   119 9986s
 7822868 5332074    1.48207   51   52    1.28684    1.59007  23.6%   119 9990s
 7829932 5336433    1.49714   60   49    1.28684    1.58995  23.6%   119 9998s
 7833446 5338543    1.58567   51   50    1.28684    1.58989  23.6%   119 10002s
 7836837 5340698    1.51028   44   62    1.28684    1.58983  23.5%   119 10005s
 7843711 5344918    1.57499   61   44    1.28684    1.58971  23.5%   119 10013s
 7847084 5347231    1.45827   42   58    1.28684    1.58966  23.5%   119 10017s
 7850928 5349258    1.42392   50   53    1.28684    1.58959  23.5%   119 10021s
 7854214 5351251    1.56606   51   48    1.28684    1.58953  23.5%   119 10025s
 7861012 5355416    1.51406   53   43    1.28684    1.58942  23.5%   119 10033s
 7864379 5357413    1.46265   45   62    1.28684    1.58936  23.5%   119 10038s
 7867648 5359443    1.29843   53   49    1.28684    1.58930  23.5%   119 10042s
 7870896 5361505    1.38563   43   57    1.28684    1.58924  23.5%   119 10046s
 7874226 5363638     cutoff   40         1.28684    1.58919  23.5%   119 10050s
 7881438 5368101    1.48512   56   44    1.28684    1.58906  23.5%   119 10057s
 7884722 5370093    1.51294   61   38    1.28684    1.58901  23.5%   119 10061s
 7888039 5372195     cutoff   47         1.28684    1.58896  23.5%   119 10065s
 7894761 5374333    1.45521   53   46    1.28684    1.58883  23.5%   119 10073s
 7894896 5375498     cutoff   45         1.28684    1.58882  23.5%   119 10076s
 7896740 5377318    1.55033   44   51    1.28684    1.58882  23.5%   119 10081s
 7899787 5379620    1.28997   61   44    1.28684    1.58881  23.5%   119 10085s
 7907424 5384352    1.54483   42   66    1.28684    1.58861  23.5%   119 10093s
 7911183 5386510     cutoff   57         1.28684    1.58855  23.4%   119 10097s
 7914563 5388616    1.39716   60   47    1.28684    1.58849  23.4%   119 10101s
 7917988 5390698     cutoff   48         1.28684    1.58843  23.4%   119 10105s
 7924850 5394840    1.56259   64   35    1.28684    1.58831  23.4%   119 10112s
 7928210 5396898    1.56339   52   49    1.28684    1.58826  23.4%   119 10115s
 7934976 5401047    1.43292   56   46    1.28684    1.58814  23.4%   119 10122s
 7938342 5403344    1.40480   60   44    1.28684    1.58809  23.4%   119 10126s
 7942092 5405358    1.29981   64   31    1.28684    1.58803  23.4%   119 10130s
 7945309 5407530     cutoff   57         1.28684    1.58797  23.4%   119 10135s
 7952153 5411675    1.56731   52   45    1.28684    1.58786  23.4%   119 10143s
 7955651 5413773    1.50249   54   50    1.28684    1.58779  23.4%   119 10147s
 7959083 5415810    1.58002   57   49    1.28684    1.58774  23.4%   119 10151s
 7962449 5417888    1.53399   47   49    1.28684    1.58768  23.4%   119 10155s
 7969238 5422308     cutoff   57         1.28684    1.58756  23.4%   119 10163s
 7973026 5424439    1.53782   43   56    1.28684    1.58750  23.4%   119 10167s
 7976430 5426443    1.57427   59   46    1.28684    1.58745  23.4%   119 10171s
 7979757 5428507    1.54668   52   49    1.28684    1.58739  23.4%   119 10175s
 7986513 5432680    1.58107   44   51    1.28684    1.58727  23.3%   119 10182s
 7989929 5434697     cutoff   57         1.28684    1.58721  23.3%   119 10187s
 7993091 5436834    1.46341   60   40    1.28684    1.58715  23.3%   119 10191s
 7999905 5441062    1.58008   49   51    1.28684    1.58704  23.3%   119 10199s
 8003402 5443355    1.53714   39   65    1.28684    1.58698  23.3%   119 10204s
 8007196 5445478    1.41476   60   48    1.28684    1.58691  23.3%   119 10208s
 8010681 5447415    1.48536   47   56    1.28684    1.58685  23.3%   119 10212s
 8013936 5449313    1.57425   42   56    1.28684    1.58680  23.3%   119 10216s
 8017194 5451456    1.55016   40   58    1.28684    1.58674  23.3%   118 10220s
 8020714 5453568     cutoff   59         1.28684    1.58668  23.3%   118 10225s
 8027473 5457686    1.55223   49   47    1.28684    1.58656  23.3%   118 10232s
 8030841 5459946     cutoff   57         1.28684    1.58650  23.3%   118 10237s
 8034597 5461947    1.55493   59   39    1.28684    1.58643  23.3%   118 10241s
 8037808 5464031    1.47619   43   63    1.28684    1.58638  23.3%   118 10245s
 8044770 5468428    1.43153   49   51    1.28684    1.58626  23.3%   118 10252s
 8048271 5470526     cutoff   52         1.28684    1.58620  23.3%   118 10256s
 8051611 5472622    1.54343   47   47    1.28684    1.58615  23.3%   118 10260s
 8058232 5476748     cutoff   60         1.28684    1.58604  23.3%   118 10268s
 8061656 5478923    1.51030   63   46    1.28684    1.58598  23.2%   118 10272s
 8065353 5481077    1.50388   50   51    1.28684    1.58591  23.2%   118 10276s
 8068883 5483200    1.51258   60   43    1.28684    1.58585  23.2%   118 10280s
 8075622 5487258    1.46646   58   44    1.28684    1.58574  23.2%   118 10289s
 8078843 5487280    1.56410   60   41    1.28684    1.58569  23.2%   118 10296s
 8078885 5487465    1.54796   49   53    1.28684    1.58568  23.2%   118 10302s
 8079217 5488103     cutoff   57         1.28684    1.58567  23.2%   118 10308s
 8080340 5489539    1.58487   57   42    1.28684    1.58567  23.2%   118 10313s
 8082760 5491499     cutoff   53         1.28684    1.58567  23.2%   118 10318s
 8085931 5493887    1.54644   55   45    1.28684    1.58566  23.2%   118 10323s
 8089898 5496406    1.55748   40   63    1.28684    1.58562  23.2%   118 10328s
 8093888 5498782     cutoff   38         1.28684    1.58552  23.2%   118 10332s
 8097727 5500803     cutoff   37         1.28684    1.58536  23.2%   118 10336s
 8101069 5502814    1.57467   45   51    1.28684    1.58530  23.2%   118 10340s
 8107623 5506929    1.32177   50   52    1.28684    1.58519  23.2%   118 10348s
 8111000 5508939     cutoff   55         1.28684    1.58513  23.2%   118 10351s
 8114301 5511107    1.50010   49   49    1.28684    1.58508  23.2%   118 10355s
 8121044 5515117     cutoff   53         1.28684    1.58496  23.2%   118 10363s
 8124442 5517370    1.54237   55   45    1.28684    1.58491  23.2%   118 10367s
 8128231 5519462     cutoff   54         1.28684    1.58484  23.2%   118 10371s
 8134935 5523603    1.50180   68   31    1.28684    1.58472  23.1%   118 10377s
 8138368 5525698    1.50132   51   45    1.28684    1.58467  23.1%   118 10381s
 8145137 5529926    1.53835   50   51    1.28684    1.58455  23.1%   118 10387s
 8148446 5531814    1.57394   60   38    1.28684    1.58450  23.1%   118 10390s
 8155061 5536199    1.45405   54   48    1.28684    1.58438  23.1%   118 10397s
 8158860 5538215    1.56675   55   39    1.28684    1.58432  23.1%   118 10401s
 8165450 5542271    1.53997   46   52    1.28684    1.58419  23.1%   118 10407s
 8168851 5544401    1.52069   51   48    1.28684    1.58414  23.1%   118 10410s
 8175630 5548546     cutoff   59         1.28684    1.58402  23.1%   118 10417s
 8179082 5550614    1.52456   46   52    1.28684    1.58396  23.1%   118 10420s
 8185799 5554948    1.54491   53   56    1.28684    1.58384  23.1%   118 10428s
 8189598 5556914    1.51218   53   53    1.28684    1.58378  23.1%   118 10431s
 8192877 5558900    1.38770   54   42    1.28684    1.58372  23.1%   118 10435s
 8199554 5563178    1.56080   36   65    1.28684    1.58360  23.1%   118 10442s
 8202950 5565214    1.46828   57   53    1.28684    1.58354  23.1%   118 10445s
 8209498 5569356    1.30277   53   50    1.28684    1.58343  23.0%   118 10451s
 8216312 5573808    1.50950   53   47    1.28684    1.58331  23.0%   118 10458s
 8220304 5575826    1.56175   50   52    1.28684    1.58324  23.0%   118 10461s
 8226796 5579774    1.47740   43   49    1.28684    1.58313  23.0%   118 10467s
 8230054 5581848    1.56784   49   54    1.28684    1.58307  23.0%   118 10470s
 8236601 5585938    1.57962   56   50    1.28684    1.58296  23.0%   118 10476s
 8240026 5588010    1.58250   62   40    1.28684    1.58290  23.0%   118 10480s
 8246599 5592193    1.42701   58   39    1.28684    1.58279  23.0%   118 10487s
 8250268 5594234    1.38463   51   49    1.28684    1.58272  23.0%   118 10491s
 8253604 5596200    1.44470   51   50    1.28684    1.58266  23.0%   118 10495s
 8260369 5600310    1.57874   58   51    1.28684    1.58255  23.0%   118 10502s
 8263871 5602484    1.54696   48   55    1.28684    1.58248  23.0%   118 10506s
 8270683 5606321     cutoff   45         1.28684    1.58237  23.0%   118 10513s
 8274040 5608363     cutoff   54         1.28684    1.58230  23.0%   118 10517s
 8277409 5610634    1.53604   45   57    1.28684    1.58225  23.0%   118 10521s
 8281784 5612735    1.56974   57   50    1.28684    1.58217  23.0%   118 10525s
 8287975 5616665    1.51139   54   48    1.28684    1.58206  22.9%   118 10532s
 8291162 5618660    1.55178   46   54    1.28684    1.58201  22.9%   118 10535s
 8297781 5622814     cutoff   52         1.28684    1.58189  22.9%   118 10541s
 8301225 5624866    1.54515   51   47    1.28684    1.58183  22.9%   118 10545s
 8307938 5629114    1.53803   66   35    1.28684    1.58171  22.9%   118 10552s
 8311563 5631368     cutoff   46         1.28684    1.58165  22.9%   118 10556s
 8318564 5635237    1.57496   54   44    1.28684    1.58154  22.9%   118 10562s
 8321752 5637327    1.53426   52   46    1.28684    1.58148  22.9%   118 10566s
 8328498 5641369    1.46959   51   49    1.28684    1.58137  22.9%   118 10573s
 8331890 5643320    1.51956   53   46    1.28684    1.58131  22.9%   118 10577s
 8335140 5645504     cutoff   44         1.28684    1.58125  22.9%   118 10580s
 8342365 5649934    1.51789   48   50    1.28684    1.58113  22.9%   118 10587s
 8345807 5651993    1.56827   57   45    1.28684    1.58107  22.9%   118 10590s
 8352508 5656074    1.54837   48   53    1.28684    1.58096  22.9%   118 10598s
 8355854 5658123    1.54702   52   47    1.28684    1.58090  22.9%   118 10603s
 8359231 5660243     cutoff   57         1.28684    1.58085  22.8%   118 10607s
 8362706 5662374     cutoff   36         1.28684    1.58079  22.8%   118 10611s
 8369499 5666821    1.53987   49   53    1.28684    1.58067  22.8%   118 10618s
 8373308 5668883    1.57512   43   60    1.28684    1.58061  22.8%   118 10621s
 8379781 5672789     cutoff   49         1.28684    1.58050  22.8%   118 10627s
 8383240 5674893     cutoff   52         1.28684    1.58043  22.8%   118 10630s
 8389914 5678988    1.55966   43   60    1.28684    1.58032  22.8%   118 10637s
 8393245 5681067     cutoff   53         1.28684    1.58026  22.8%   118 10640s
 8399849 5685284    1.45821   49   51    1.28684    1.58015  22.8%   118 10647s
 8403692 5687297    1.50498   45   57    1.28684    1.58008  22.8%   118 10650s
 8410278 5691170    1.56659   54   51    1.28684    1.57997  22.8%   118 10656s
 8416987 5695336    1.57940   56   43    1.28684    1.57986  22.8%   118 10662s
 8420358 5697344    1.56438   47   58    1.28684    1.57980  22.8%   118 10665s
 8426906 5701535    1.49320   32   73    1.28684    1.57969  22.8%   118 10672s
 8430547 5703752     cutoff   60         1.28684    1.57963  22.8%   118 10676s
 8437875 5708133    1.51682   42   58    1.28684    1.57951  22.7%   118 10682s
 8441203 5710149     cutoff   56         1.28684    1.57946  22.7%   118 10686s
 8444487 5712209    1.54387   46   59    1.28684    1.57940  22.7%   118 10690s
 8451293 5716309    1.47132   60   38    1.28684    1.57928  22.7%   118 10697s
 8454599 5718225    1.54349   49   52    1.28684    1.57922  22.7%   118 10701s
 8461027 5722420    1.52103   46   59    1.28684    1.57911  22.7%   118 10708s
 8464825 5724372    1.29833   50   55    1.28684    1.57905  22.7%   118 10712s
 8468054 5726523    1.38045   48   50    1.28684    1.57899  22.7%   118 10716s
 8471485 5728553    1.47439   47   51    1.28684    1.57893  22.7%   118 10720s
 8478342 5732775    1.29474   50   45    1.28684    1.57882  22.7%   118 10726s
 8485055 5736890     cutoff   43         1.28684    1.57871  22.7%   118 10732s
 8488475 5738912    1.50350   48   60    1.28684    1.57865  22.7%   118 10735s
 8495583 5743296     cutoff   54         1.28684    1.57853  22.7%   118 10742s
 8498909 5745293    1.49737   47   55    1.28684    1.57848  22.7%   118 10745s
 8505520 5749363    1.57059   55   46    1.28684    1.57836  22.7%   118 10752s
 8508904 5751354    1.54835   53   51    1.28684    1.57830  22.6%   118 10755s
 8515641 5755351     cutoff   57         1.28684    1.57819  22.6%   117 10762s
 8518990 5757400    1.41606   53   45    1.28684    1.57813  22.6%   117 10765s
 8526188 5761701    1.51111   55   47    1.28684    1.57801  22.6%   117 10772s
 8529464 5763716    1.44696   50   56    1.28684    1.57795  22.6%   117 10776s
 8536145 5767693    1.54381   49   50    1.28684    1.57783  22.6%   117 10782s
 8539582 5769708    1.49416   49   51    1.28684    1.57778  22.6%   117 10785s
 8546274 5773695    1.56454   55   40    1.28684    1.57766  22.6%   117 10792s
 8549459 5775837    1.57672   56   43    1.28684    1.57761  22.6%   117 10795s
 8556795 5778650    1.47705   53   47    1.28684    1.57748  22.6%   117 10800s

Cutting planes:
  Gomory: 7
  Lift-and-project: 22
  Implied bound: 3
  Projected implied bound: 53
  MIR: 385
  Flow cover: 536
  RLT: 32
  Relax-and-lift: 634

Explored 8557667 nodes (1004710722 simplex iterations) in 10800.04 seconds (16252.29 work units)
Thread count was 32 (of 255 available processors)

Solution count 10: 1.28684 1.28684 1.28683 ... 1.28057

Time limit reached
Best objective 1.286838629143e+00, best bound 1.577463234253e+00, gap 22.5844%

User-callback calls 17493598, time in user-callback 4.81 sec
/usr/local/lib/python3.8/dist-packages/torch/cuda/__init__.py:546: UserWarning: Can't initialize NVML
  warnings.warn("Can't initialize NVML")
source: 0 target: 5 model_arch: 3x50 perturbation type: patch perturbation size: [1.0, 14.0, 14.0, 3.0] dataset: fmnist
Attack:   0%|          | 0/500 [00:00<?, ?it/s]Attack:   0%|          | 1/500 [00:00<01:20,  6.18it/s]Attack:   5%|▌         | 27/500 [00:00<00:03, 124.56it/s]Attack:  11%|█         | 53/500 [00:00<00:02, 176.69it/s]Attack:  16%|█▌        | 79/500 [00:00<00:02, 203.86it/s]Attack:  21%|██        | 105/500 [00:00<00:01, 221.26it/s]Attack:  26%|██▌       | 131/500 [00:00<00:01, 232.14it/s]Attack:  31%|███▏      | 157/500 [00:00<00:01, 239.62it/s]Attack:  37%|███▋      | 184/500 [00:00<00:01, 248.38it/s]Attack:  42%|████▏     | 210/500 [00:00<00:01, 249.63it/s]Attack:  47%|████▋     | 237/500 [00:01<00:01, 254.23it/s]Attack:  53%|█████▎    | 265/500 [00:01<00:00, 261.41it/s]Attack:  59%|█████▉    | 294/500 [00:01<00:00, 268.75it/s]Attack:  65%|██████▍   | 324/500 [00:01<00:00, 275.16it/s]Attack:  70%|███████   | 352/500 [00:01<00:00, 270.51it/s]Attack:  76%|███████▌  | 380/500 [00:01<00:00, 266.44it/s]Attack:  81%|████████▏ | 407/500 [00:01<00:00, 266.32it/s]Attack:  87%|████████▋ | 437/500 [00:01<00:00, 274.41it/s]Attack:  93%|█████████▎| 467/500 [00:01<00:00, 280.66it/s]Attack:  99%|█████████▉| 497/500 [00:02<00:00, 285.58it/s]Attack: 100%|█████████▉| 499/500 [00:02<00:00, 247.01it/s]
best_val 2.3684232234954834
Set parameter WLSAccessID
Set parameter WLSSecret
Set parameter LicenseID to value 2478548
Academic license 2478548 - for non-commercial use only - registered to ne___@campus.technion.ac.il
Encoding the two copies...
apply_sibgate_constraints!: emitted 10 coupling lines (both-thin), 0 conditional triangles on org (org-dropped), 0 conditional triangles on pert (pert-dropped).
Encoding dependencies (activation_start=1, layers_offset=2)...
Adding perturbed interval constraints...
1.2868386291434253  1.577463234252799  10800.086724042892
paper_experiments/fashion-mnist/3x50_exp/patch/eps_1,14,14,3/N2stdBoost_3x50_model_seed42_itr19_sgd_itr1/
Clean sample classification: 1
Perturbed sample classification: 5
compute_n2_pert_relaxation_bounds: populated 2 ReLU layers
compute_n2_relax_decision!: τ=0.5, both=22 org-only=0 pert-only=0 none=78 (plus 0 stable neurons)
[notice | Main.MIPVerify]: Determining upper and lower bounds for the input to each non-linear unit.
Set parameter WLSAccessID
Set parameter WLSSecret
Set parameter LicenseID to value 2478548
Academic license 2478548 - for non-commercial use only - registered to ne___@campus.technion.ac.il
Set parameter TimeLimit to value 5
Set parameter WLSAccessID
Set parameter WLSSecret
Set parameter LicenseID to value 2478548
Academic license 2478548 - for non-commercial use only - registered to ne___@campus.technion.ac.il
Set parameter MIPFocus to value 3
Set parameter Cutoff to value 2.3684232234954834e+00
Set parameter Threads to value 32
Set parameter TimeLimit to value 10800
Set parameter MIPGap to value 0.01
Set parameter Seed to value 4
Set parameter Seed to value 4
Set parameter MIPGap to value 0.01
Set parameter MIPFocus to value 3
Set parameter Cutoff to value 2.3684232234954834e+00
Set parameter Threads to value 32
Set parameter TimeLimit to value 10800
Warning for adding constraints: zero or small (< 1e-13) coefficients, ignored
Gurobi Optimizer version 13.0.0 build v13.0.0rc1 (linux64 - "Ubuntu 20.04.2 LTS")

CPU model: AMD EPYC 7713 64-Core Processor, instruction set [SSE2|AVX|AVX2]
Thread count: 127 physical cores, 255 logical processors, using up to 32 threads

Non-default parameters:
Cutoff  2.3684232234954834e+00
TimeLimit  10800
MIPGap  0.01
MIPFocus  3
Seed  4
Threads  32

Academic license 2478548 - for non-commercial use only - registered to ne___@campus.technion.ac.il
Optimize a model with 1642 rows, 1890 columns and 153624 nonzeros (Max)
Model fingerprint: 0xeda4b518
Model has 1 linear objective coefficients
Variable types: 1740 continuous, 150 integer (150 binary)
Coefficient statistics:
  Matrix range     [1e-13, 3e+01]
  Objective range  [1e+00, 1e+00]
  Bounds range     [1e-07, 3e+01]
  RHS range        [1e-11, 2e+01]

User MIP start did not produce a new incumbent solution
Processed MIP start in 3.49 seconds (5.07 work units)

Presolve removed 998 rows and 778 columns
Presolve time: 0.19s
Presolved: 644 rows, 1112 columns, 125983 nonzeros
Variable types: 962 continuous, 150 integer (150 binary)
Root relaxation presolve removed 8 rows and 10 columns
Root relaxation presolved: 636 rows, 1102 columns, 125957 nonzeros


Extra simplex iterations after uncrush: 1

Root relaxation: objective 8.828914e+00, 549 iterations, 0.09 seconds (0.10 work units)

    Nodes    |    Current Node    |     Objective Bounds      |     Work
 Expl Unexpl |  Obj  Depth IntInf | Incumbent    BestBd   Gap | It/Node Time

     0     0    8.82891    0   93          -    8.82891      -     -    4s
Another try with MIP start
     0     0    6.59270    0   97          -    6.59270      -     -   10s
     0     0    6.59270    0   97          -    6.59270      -     -   10s
     0     0    6.59270    0   97          -    6.59270      -     -   10s
     0     0    6.58128    0   98          -    6.58128      -     -   10s
     0     0    6.58128    0   98          -    6.58128      -     -   11s
     0     0    6.41611    0   99          -    6.41611      -     -   11s
     0     0    6.41611    0   99          -    6.41611      -     -   11s
     0     0    6.41611    0   99          -    6.41611      -     -   11s
     0     0    6.41611    0  100          -    6.41611      -     -   11s
     0     0    6.41611    0  100          -    6.41611      -     -   11s
     0     0    6.41611    0  100          -    6.41611      -     -   11s
     0     0    6.41611    0   99          -    6.41611      -     -   11s
     0     0    6.36804    0   99          -    6.36804      -     -   12s
     0     0    6.36804    0   99          -    6.36804      -     -   12s
     0     0    6.09119    0  100          -    6.09119      -     -   13s
     0     0    6.09119    0  101          -    6.09119      -     -   13s
     0     0    6.06541    0  100          -    6.06541      -     -   13s
     0     0    6.06489    0  101          -    6.06489      -     -   13s
     0     0    5.99970    0  101          -    5.99970      -     -   14s
     0     0    5.99970    0  101          -    5.99970      -     -   14s
     0     0    5.93955    0   99          -    5.93955      -     -   14s
     0     0    5.93609    0   99          -    5.93609      -     -   15s
     0     0    5.83979    0  101          -    5.83979      -     -   15s
     0     0    5.83979    0  101          -    5.83979      -     -   16s
     0     0    5.78819    0  101          -    5.78819      -     -   16s
     0     0    5.78302    0  100          -    5.78302      -     -   16s
     0     0    5.78157    0  101          -    5.78157      -     -   16s
     0     0    5.73403    0  101          -    5.73403      -     -   16s
     0     0    5.73403    0  101          -    5.73403      -     -   17s
     0     0    5.67967    0  101          -    5.67967      -     -   17s
     0     0    5.67907    0  101          -    5.67907      -     -   17s
     0     0    5.67900    0  101          -    5.67900      -     -   17s
     0     0    5.67900    0  101          -    5.67900      -     -   17s
     0     0    5.65325    0  100          -    5.65325      -     -   18s
     0     0    5.65325    0  100          -    5.65325      -     -   18s
     0     0    5.58863    0  101          -    5.58863      -     -   19s
     0     0    5.58404    0  101          -    5.58404      -     -   19s
     0     0    5.54317    0  101          -    5.54317      -     -   19s
     0     0    5.54317    0  101          -    5.54317      -     -   20s
     0     0    5.51817    0  101          -    5.51817      -     -   21s
     0     0    5.51817    0  101          -    5.51817      -     -   21s
     0     2    5.51817    0  101          -    5.51817      -     -   21s
   127   157    5.51817    8   91          -    5.51817      -   567   27s
   363   427    4.72650    8   79          -    5.01251      -   525   30s
  1234  1250    4.35648   15   59          -    4.49477      -   435   35s
  2653  2665    3.54466   14   64          -    4.32223      -   341   40s
  3137  2886    4.06909   18  101          -    4.28497      -   320   55s
  3146  2892    3.81383   19   98          -    4.28497      -   319   62s
  3148  2893    3.67645   11   98          -    4.28497      -   319   65s
  3212  2959    4.28497   18   90          -    4.28497      -   325   70s
  3461  3108 infeasible   23               -    4.28497      -   340   75s
  3691  3246    4.28497   28   71          -    4.28497      -   362   80s
H 3793  3152                       2.6163753    4.28497  63.8%   368   81s
  4166  3366    4.28497   24   79    2.61638    4.28497  63.8%   387   85s
H 4513  3390                       2.7212156    4.28497  57.5%   400   88s
  4653  3532    4.21018   25   81    2.72122    4.28497  57.5%   404   90s
  5627  4051    4.12399   28   55    2.72122    4.20272  54.4%   423   95s
H 6152  4148                       2.7219925    4.12547  51.6%   429   98s
H 6154  4021                       2.7294367    4.12464  51.1%   429   98s
  6830  4323 infeasible   31         2.72944    4.05581  48.6%   431  101s
  7126  4279    3.84813   23   79    2.72944    4.01804  47.2%   432  106s
  7199  4309    3.56309   31   46    2.72944    4.00211  46.6%   433  110s
H 7256  4171                       2.7840564    3.99191  43.4%   435  112s
H 7481  4146                       2.7840564    3.98077  43.0%   434  113s
  7519  4403    3.91353   36   41    2.78406    3.96919  42.6%   434  115s
  8579  4576    3.67265   24   75    2.78406    3.89943  40.1%   430  120s
  8654  4597    3.83507   29   71    2.78406    3.87958  39.3%   430  125s
H 8667  4486                       2.7840564    3.87836  39.3%   430  125s
H 8695  4375                       2.7840564    3.87491  39.2%   431  125s
H 8705  4368                       2.7840564    3.87398  39.1%   431  127s
  8860  4612    3.50976   30   68    2.78406    3.86213  38.7%   429  131s
  9642  5311    3.63904   32   60    2.78406    3.82530  37.4%   421  135s
H 9836  5311                       2.7840564    3.82150  37.3%   420  135s
H 9957  5310                       2.7844173    3.82002  37.2%   419  135s
 11321  6738    3.68602   34   46    2.78442    3.75235  34.8%   408  140s
 13397  8394    3.59234   32   62    2.78442    3.66793  31.7%   394  146s
 15070  9842    3.55026   29   63    2.78442    3.61478  29.8%   383  150s
 16925 11137    2.89711   28   55    2.78442    3.56676  28.1%   370  155s
 19860 13403    3.32576   31   68    2.78442    3.50673  25.9%   354  162s
 22225 15126     cutoff   33         2.78442    3.46414  24.4%   342  166s
 24645 16101    3.29140   31   58    2.78442    3.42816  23.1%   333  173s
 24684 16128    3.20051   43   45    2.78442    3.42486  23.0%   333  176s
 24776 16787    3.27428   34   48    2.78442    3.42160  22.9%   332  181s
 27114 18684    3.17317   35   60    2.78442    3.39214  21.8%   324  185s
 30060 20928    3.18868   36   52    2.78442    3.35728  20.6%   314  192s
 32254 21765     cutoff   32         2.78442    3.33751  19.9%   308  195s
 36243 24205    3.17818   39   34    2.78442    3.29526  18.3%   299  202s
 39213 26068    3.23323   34   58    2.78442    3.27231  17.5%   292  207s
 40808 27024    3.04628   40   51    2.78442    3.25615  16.9%   289  210s
 44310 29033     cutoff   31         2.78442    3.23126  16.0%   281  216s
 48153 31114    3.13830   38   53    2.78442    3.20568  15.1%   274  222s
 50132 32294    3.10310   26   76    2.78442    3.18972  14.6%   271  225s
 54692 34880    3.01261   23   74    2.78442    3.16593  13.7%   263  233s
 57200 36205    2.91914   36   56    2.78442    3.15244  13.2%   258  236s
 59760 38045    3.02210   44   30    2.78442    3.14016  12.8%   254  241s
 63228 39418    3.06718   34   47    2.78442    3.12290  12.2%   248  245s
 65821 39441    3.00523   40   53    2.78442    3.11524  11.9%   245  250s
 65900 40679    3.08891   46   23    2.78442    3.11298  11.8%   245  258s
 68187 42503    2.97786   31   64    2.78442    3.10613  11.6%   241  262s
 71592 44439    2.93696   39   49    2.78442    3.09512  11.2%   236  266s
 75168 46428    2.89237   45   30    2.78442    3.08515  10.8%   230  271s
 78968 48517    2.98397   27   58    2.78442    3.07502  10.4%   225  275s
 86035 51450    2.82006   34   47    2.78442    3.06463  10.1%   215  284s
H87216 51444                       2.7846857    3.06390  10.0%   214  284s
 89604 53467    3.06189   66   14    2.78469    3.06189  10.0%   211  290s
 97722 56492     cutoff   38         2.78469    3.03227  8.89%   203  297s
 101263 58044    2.91610   45   29    2.78469    3.02537  8.64%   199  301s
 104708 59600    3.01873   46   24    2.78469    3.01878  8.41%   196  305s
*109632 18312              86       2.9671028    3.01255  1.53%   191  308s
*110813 15700              88       2.9702423    3.01206  1.41%   190  308s
 112115 12634     cutoff   46         2.97024    3.00715  1.24%   189  311s

Cutting planes:
  Gomory: 4
  Projected implied bound: 44
  MIR: 569
  Mixing: 1
  Flow cover: 462
  RLT: 6
  Relax-and-lift: 531

Explored 115149 nodes (21374254 simplex iterations) in 311.10 seconds (447.20 work units)
Thread count was 32 (of 255 available processors)

Solution count 10: 2.97024 2.9671 2.78469 ... 2.61638

Optimal solution found (tolerance 1.00e-02)
Best objective 2.970242328069e+00, best bound 2.999788897835e+00, gap 0.9948%

User-callback calls 262562, time in user-callback 0.09 sec
/usr/local/lib/python3.8/dist-packages/torch/cuda/__init__.py:546: UserWarning: Can't initialize NVML
  warnings.warn("Can't initialize NVML")
source: 0 target: 6 model_arch: 3x50 perturbation type: patch perturbation size: [1.0, 14.0, 14.0, 3.0] dataset: fmnist
Attack:   0%|          | 0/500 [00:00<?, ?it/s]Attack:   0%|          | 1/500 [00:00<01:16,  6.55it/s]Attack:   5%|▌         | 27/500 [00:00<00:03, 127.10it/s]Attack:  10%|█         | 52/500 [00:00<00:02, 176.77it/s]Attack:  15%|█▌        | 77/500 [00:00<00:02, 203.54it/s]Attack:  20%|██        | 102/500 [00:00<00:01, 218.20it/s]Attack:  26%|██▌       | 129/500 [00:00<00:01, 232.83it/s]Attack:  31%|███       | 156/500 [00:00<00:01, 243.65it/s]Attack:  37%|███▋      | 183/500 [00:00<00:01, 249.40it/s]Attack:  42%|████▏     | 209/500 [00:00<00:01, 252.35it/s]Attack:  47%|████▋     | 235/500 [00:01<00:01, 250.83it/s]Attack:  52%|█████▏    | 261/500 [00:01<00:00, 253.13it/s]Attack:  58%|█████▊    | 288/500 [00:01<00:00, 255.52it/s]Attack:  63%|██████▎   | 315/500 [00:01<00:00, 259.72it/s]Attack:  68%|██████▊   | 342/500 [00:01<00:00, 262.32it/s]Attack:  74%|███████▍  | 370/500 [00:01<00:00, 264.55it/s]Attack:  80%|███████▉  | 398/500 [00:01<00:00, 267.77it/s]Attack:  85%|████████▌ | 427/500 [00:01<00:00, 271.90it/s]Attack:  91%|█████████▏| 457/500 [00:01<00:00, 279.28it/s]Attack:  97%|█████████▋| 485/500 [00:01<00:00, 277.69it/s]Attack: 100%|█████████▉| 499/500 [00:02<00:00, 243.93it/s]
best_val 0.39934879541397095
Set parameter WLSAccessID
Set parameter WLSSecret
Set parameter LicenseID to value 2478548
Academic license 2478548 - for non-commercial use only - registered to ne___@campus.technion.ac.il
Encoding the two copies...
apply_sibgate_constraints!: emitted 10 coupling lines (both-thin), 0 conditional triangles on org (org-dropped), 0 conditional triangles on pert (pert-dropped).
Encoding dependencies (activation_start=1, layers_offset=2)...
Adding perturbed interval constraints...
2.97024232806931  2.9997888978345753  311.10694694519043
paper_experiments/fashion-mnist/3x50_exp/patch/eps_1,14,14,3/N2stdBoost_3x50_model_seed42_itr19_sgd_itr1/
Clean sample classification: 1
Perturbed sample classification: 6
compute_n2_pert_relaxation_bounds: populated 2 ReLU layers
compute_n2_relax_decision!: τ=0.5, both=22 org-only=0 pert-only=0 none=78 (plus 0 stable neurons)
[notice | Main.MIPVerify]: Determining upper and lower bounds for the input to each non-linear unit.
Set parameter WLSAccessID
Set parameter WLSSecret
Set parameter LicenseID to value 2478548
Academic license 2478548 - for non-commercial use only - registered to ne___@campus.technion.ac.il
Set parameter TimeLimit to value 5
Set parameter WLSAccessID
Set parameter WLSSecret
Set parameter LicenseID to value 2478548
Academic license 2478548 - for non-commercial use only - registered to ne___@campus.technion.ac.il
Set parameter MIPFocus to value 3
Set parameter Cutoff to value 3.9934879541397095e-01
Set parameter Threads to value 32
Set parameter TimeLimit to value 10800
Set parameter MIPGap to value 0.01
Set parameter Seed to value 4
Set parameter Seed to value 4
Set parameter MIPGap to value 0.01
Set parameter MIPFocus to value 3
Set parameter Cutoff to value 3.9934879541397095e-01
Set parameter Threads to value 32
Set parameter TimeLimit to value 10800
Warning for adding constraints: zero or small (< 1e-13) coefficients, ignored
Gurobi Optimizer version 13.0.0 build v13.0.0rc1 (linux64 - "Ubuntu 20.04.2 LTS")

CPU model: AMD EPYC 7713 64-Core Processor, instruction set [SSE2|AVX|AVX2]
Thread count: 127 physical cores, 255 logical processors, using up to 32 threads

Non-default parameters:
Cutoff  3.9934879541397095e-01
TimeLimit  10800
MIPGap  0.01
MIPFocus  3
Seed  4
Threads  32

Academic license 2478548 - for non-commercial use only - registered to ne___@campus.technion.ac.il
Optimize a model with 1642 rows, 1890 columns and 153624 nonzeros (Max)
Model fingerprint: 0x11cad391
Model has 1 linear objective coefficients
Variable types: 1740 continuous, 150 integer (150 binary)
Coefficient statistics:
  Matrix range     [1e-13, 3e+01]
  Objective range  [1e+00, 1e+00]
  Bounds range     [1e-07, 3e+01]
  RHS range        [1e-11, 2e+01]

User MIP start did not produce a new incumbent solution
Processed MIP start in 2.37 seconds (2.88 work units)

Presolve removed 998 rows and 778 columns
Presolve time: 0.22s
Presolved: 644 rows, 1112 columns, 125983 nonzeros
Variable types: 962 continuous, 150 integer (150 binary)
Root relaxation presolve removed 8 rows and 10 columns
Root relaxation presolved: 636 rows, 1102 columns, 125957 nonzeros


Extra simplex iterations after uncrush: 2

Root relaxation: objective 4.793430e+00, 628 iterations, 0.12 seconds (0.13 work units)

    Nodes    |    Current Node    |     Objective Bounds      |     Work
 Expl Unexpl |  Obj  Depth IntInf | Incumbent    BestBd   Gap | It/Node Time

     0     0    4.79343    0   89          -    4.79343      -     -    3s
Another try with MIP start
     0     0    4.43958    0   90          -    4.43958      -     -    6s
     0     0    4.43958    0   90          -    4.43958      -     -    6s
     0     0    4.43958    0   89          -    4.43958      -     -    6s
     0     0    4.42752    0   91          -    4.42752      -     -    6s
     0     0    4.42752    0   91          -    4.42752      -     -    7s
     0     0    4.40820    0   90          -    4.40820      -     -    7s
     0     0    4.19069    0   90          -    4.19069      -     -    8s
     0     0    4.19069    0   90          -    4.19069      -     -    8s
     0     0    4.15310    0   91          -    4.15310      -     -    8s
     0     0    4.14916    0   91          -    4.14916      -     -    9s
     0     0    4.14916    0   91          -    4.14916      -     -    9s
     0     0    4.11472    0   91          -    4.11472      -     -    9s
     0     0    4.09310    0   91          -    4.09310      -     -    9s
     0     0    4.09310    0   91          -    4.09310      -     -   10s
     0     0    3.90318    0   91          -    3.90318      -     -   10s
     0     0    3.89154    0   91          -    3.89154      -     -   11s
     0     0    3.89154    0   91          -    3.89154      -     -   12s
     0     0    3.77942    0   91          -    3.77942      -     -   12s
     0     0    3.75505    0   91          -    3.75505      -     -   12s
     0     0    3.75505    0   91          -    3.75505      -     -   13s
     0     0    3.75052    0   91          -    3.75052      -     -   13s
     0     0    3.74202    0   91          -    3.74202      -     -   13s
     0     0    3.74202    0   91          -    3.74202      -     -   14s
     0     0    3.74046    0   91          -    3.74046      -     -   14s
     0     0    3.73525    0   91          -    3.73525      -     -   14s
     0     0    3.73525    0   91          -    3.73525      -     -   15s
     0     0    3.73235    0   91          -    3.73235      -     -   15s
     0     0    3.65799    0   91          -    3.65799      -     -   15s
     0     0    3.65799    0   91          -    3.65799      -     -   16s
     0     0    3.65708    0   91          -    3.65708      -     -   16s
     0     0    3.65708    0   92          -    3.65708      -     -   16s
     0     0    3.65708    0   92          -    3.65708      -     -   16s
     0     0    3.65708    0   92          -    3.65708      -     -   16s
     0     0    3.62323    0   92          -    3.62323      -     -   17s
     0     0    3.62323    0   91          -    3.62323      -     -   17s
     0     0    3.62323    0   91          -    3.62323      -     -   17s
     0     0    3.62323    0   91          -    3.62323      -     -   17s
     0     0    3.60761    0   91          -    3.60761      -     -   17s
     0     0    3.60761    0   91          -    3.60761      -     -   17s
     0     0    3.60761    0   91          -    3.60761      -     -   17s
     0     0    3.60761    0   91          -    3.60761      -     -   18s
     0     0    3.60418    0   91          -    3.60418      -     -   18s
     0     0    3.58706    0   91          -    3.58706      -     -   18s
     0     0    3.58706    0   91          -    3.58706      -     -   18s
     0     0    3.58706    0   91          -    3.58706      -     -   18s
     0     0    3.58049    0   92          -    3.58049      -     -   18s
     0     0    3.58049    0   92          -    3.58049      -     -   18s
     0     0    3.58049    0   92          -    3.58049      -     -   18s
     0     0    3.58049    0   92          -    3.58049      -     -   19s
     0     0    3.57699    0   91          -    3.57699      -     -   19s
     0     0    3.55239    0   93          -    3.55239      -     -   21s
     0     0    3.55239    0   93          -    3.55239      -     -   21s
     0     0    3.55239    0   93          -    3.55239      -     -   22s
     0     0    3.50861    0  102          -    3.50861      -     -   23s
     0     0    3.46925    0   93          -    3.46925      -     -   24s
     0     0    3.46925    0   93          -    3.46925      -     -   24s
     0     0    3.46925    0   93          -    3.46925      -     -   25s
     0     0    3.42797    0   93          -    3.42797      -     -   26s
     0     0    3.42797    0   93          -    3.42797      -     -   27s
     0     2    3.42797    0   93          -    3.42797      -     -   27s
     7    16    3.42797    3   89          -    3.42797      -  1334   30s
    95   128    3.02497    7   83          -    3.32948      -   955   35s
   521   588    2.58752    9   83          -    2.73230      -   582   40s
  1235  1310    2.25743   11   85          -    2.46482      -   459   45s
  2230  2335    2.30398   10   80          -    2.38405      -   376   50s
  3009  2906    1.99813   12   93          -    2.35487      -   341   69s
  3011  2907    2.34241   10   89          -    2.35487      -   340   71s
  3015  2910    2.12752   12   96          -    2.35487      -   340   76s
  3017  2911    2.06480   14   97          -    2.35487      -   340   80s
  3049  2966    2.35487   17   91          -    2.35487      -   343   85s
  3177  3049    2.35487   19   90          -    2.35487      -   369   90s
  3269  3093    2.35487   19   95          -    2.35487      -   399   95s
  3307  3115    2.35487   20   91          -    2.35487      -   410  101s
  3379  3174    2.18373   19   89          -    2.35487      -   453  106s
  3426  3207    2.35487   21   94          -    2.35487      -   465  110s
  3624  3346    2.29526   20   97          -    2.35487      -   493  117s
  3734  3429    2.27845   21   93          -    2.35487      -   510  121s
  3961  3577 infeasible   22               -    2.35487      -   533  127s
  4151  3707    0.51199   23   69          -    2.35487      -   541  131s
  4264  3718    2.19235   21   96          -    2.35487      -   546  135s
  4579  3994    2.24422   23   85          -    2.32148      -   564  140s
  5049  4303    1.97507   21   96          -    2.29065      -   572  146s
  5611  4632    2.08801   23   87          -    2.26523      -   579  152s
  6043  4979    2.22137   26   84          -    2.25015      -   584  156s
  6601  5344    2.19825   25   83          -    2.24018      -   584  160s
  7164  5759    2.09203   25   84          -    2.22802      -   582  165s
  7907  6334    1.94658   22   87          -    2.21662      -   574  170s
  8947  6969    1.42871   21   93          -    2.20408      -   557  175s
 10086  7558    1.76482   22   90          -    2.18964      -   540  180s
 12050  9032    2.15437   22   87          -    2.16996      -   518  187s
 13821 10528    1.99177   22   94          -    2.15534      -   496  192s
 14614 11426    1.86373   26   84          -    2.14915      -   487  196s
 16613 13053    1.97756   22   85          -    2.13775      -   467  201s
 18660 13808    2.00823   24   88          -    2.12355      -   451  210s
 18694 13835    1.97902   21   94          -    2.11596      -   453  220s
 18731 13860    1.84076   26   80          -    2.11009      -   454  229s
 18770 13889    1.96836   26   77          -    2.10507      -   456  237s
 18805 13946    2.01613   27   78          -    2.09993      -   457  244s
 18886 14075    2.03225   23   93          -    2.09545      -   458  251s
 19047 14192    2.00731   23   86          -    2.09040      -   458  256s
 19221 14431    1.94880   24   88          -    2.08664      -   458  261s
 19488 14672    1.93303   21   95          -    2.08142      -   458  266s
 19777 14871    1.98471   27   86          -    2.07748      -   456  272s
 19998 15135    1.93776   24   83          -    2.07315      -   456  277s
 20276 15328    2.01590   25   87          -    2.06851      -   456  282s
 20512 15736    1.84408   24   88          -    2.06440      -   456  287s
 21011 16450    1.98407   24   89          -    2.06002      -   455  292s
 21886 17430    1.98133   28   80          -    2.05435      -   452  296s
*22376 16080              80       0.6560180    2.05197   213%   453  296s
 23107 16364    1.82906   23   90    0.65602    2.04931   212%   449  302s
H23227 16364                       0.6560180    2.04825   212%   451  302s
H23269 16232                       0.6729858    2.04697   204%   451  302s
 23583 16814    1.96597   25   83    0.67299    2.04442   204%   455  307s
 24185 17499    1.96675   25   82    0.67299    2.02786   201%   463  312s
 24892 17531    1.92098   28   84    0.67299    2.01182   199%   471  322s
H24904 17531                       0.6729902    2.00806   198%   472  322s
 24924 18013    1.89937   26   80    0.67299    2.00506   198%   472  328s
 25432 18762    1.86981   23   84    0.67299    1.99937   197%   477  334s
H26217 18794                       0.6730012    1.99160   196%   486  344s
H26248 18792                       0.6731123    1.98186   194%   486  344s
 26249 19645    1.86615   29   77    0.67311    1.98147   194%   486  351s
 27128 20614    1.85670   25   86    0.67311    1.97047   193%   495  359s
 28139 21653    1.86361   25   87    0.67311    1.95855   191%   502  366s
 29195 22869    1.73636   27   82    0.67311    1.94261   189%   509  376s
 30450 23924    1.87661   26   81    0.67311    1.92374   186%   516  386s
 31547 24227    1.79738   26   75    0.67311    1.90608   183%   524  399s
H31606 24227                       0.6731234    1.90406   183%   524  399s
H31702 24227                       0.6734963    1.90160   182%   525  399s
H31812 24223                       0.6737253    1.90027   182%   526  399s
 31852 25679    1.83514   29   79    0.67373    1.89873   182%   526  411s
 33342 27210    1.73881   29   80    0.67373    1.87795   179%   537  423s
 34910 28386    1.69572   25   78    0.67373    1.85411   175%   544  436s
H35128 28336                       0.6807655    1.85238   172%   545  436s
 36116 29826    1.78375   26   87    0.68077    1.84368   171%   550  448s
 37654 31543    1.76253   28   79    0.68077    1.81903   167%   557  461s
 39402 33370    1.67880   29   81    0.68077    1.79027   163%   565  474s
 41281 35199    1.70428   31   76    0.68077    1.76462   159%   572  486s
 43164 37229    1.61882   26   84    0.68077    1.74346   156%   577  499s
 45241 39205    1.63287   28   76    0.68077    1.72762   154%   581  513s
 47278 41264    1.63714   27   87    0.68077    1.71353   152%   587  526s
 49385 43330    1.51493   26   85    0.68077    1.70125   150%   591  543s
 51502 43392    1.35791   31   80    0.68077    1.69240   149%   596  571s
H51508 43392                       0.6807655    1.69185   149%   596  571s
H51532 43305                       0.6936559    1.69008   144%   596  571s
 51566 45614    1.62782   30   76    0.69366    1.68898   143%   597  587s
 53949 48034    1.59825   29   81    0.69366    1.68147   142%   600  603s
 56458 50421    1.61369   30   77    0.69366    1.66974   141%   603  619s
 58916 52918    1.43659   27   83    0.69366    1.66083   139%   606  637s
 61482 55450    1.52207   26   86    0.69366    1.65021   138%   608  655s
 64110 57784    1.53280   26   89    0.69366    1.64250   137%   610  672s
 66542 60565    1.47824   31   76    0.69366    1.63545   136%   614  691s
 69438 62407    1.52939   29   89    0.69366    1.62531   134%   617  714s
H69885 62404                       0.6942414    1.62468   134%   617  714s
H70539 62064                       0.7322998    1.62418   122%   617  714s
 71341 65253    1.21763   29   81    0.73230    1.61884   121%   618  734s
 74654 68439    1.47897   30   80    0.73230    1.60895   120%   621  755s
 77948 71528    1.50482   30   82    0.73230    1.59966   118%   623  776s
 81155 74889    1.46419   30   80    0.73230    1.58921   117%   624  798s
 84708 78114    1.46262   30   75    0.73230    1.57915   116%   626  821s
 88051 80505    1.46956   31   78    0.73230    1.56862   114%   628  851s
H88114 80505                       0.7322998    1.56862   114%   628  851s
H89027 80504                       0.7323953    1.56787   114%   629  851s
H90550 83822                       0.7323956    1.56171   113%   630  883s
H90675 83811                       0.7334040    1.56127   113%   630  883s
 94032 88141    1.51629   30   82    0.73340    1.56022   113%   631  913s
 98576 92065    1.44784   28   88    0.73340    1.53967   110%   634  938s
 102682 95739    1.39256   32   74    0.73340    1.52696   108%   636  962s
 106566 98373    1.30162   28   82    0.73340    1.51636   107%   637  989s
H107193 98370                       0.7335474    1.51588   107%   637  989s
 109359 102183    1.37521   32   73    0.73355    1.50929   106%   638 1012s
 113405 105819    1.43100   32   80    0.73355    1.50134   105%   638 1035s
 117230 109093    1.36138   32   76    0.73355    1.49140   103%   640 1058s
 120663 112549    1.37304   33   72    0.73355    1.48449   102%   641 1082s
 124324 115607    1.36025   32   71    0.73355    1.47801   101%   642 1105s
 127535 117923    1.40757   31   76    0.73355    1.47238   101%   642 1131s
H128162 117923                       0.7335474    1.47190   101%   642 1131s
 129960 121472    1.36128   31   74    0.73355    1.46806   100%   643 1153s
 133674 125094    1.35418   27   85    0.73355    1.46241  99.4%   644 1174s
 137495 128443    1.27007   29   63    0.73355    1.45698  98.6%   644 1195s
 141015 131899    1.31316   30   79    0.73355    1.45281  98.1%   644 1215s
 144666 135184    1.37629   31   79    0.73355    1.44793  97.4%   645 1240s
H148143 137549                       0.7335475    1.44341  96.8%   646 1269s
 150650 142094    1.32077   27   78    0.73355    1.44009  96.3%   646 1298s
 155517 145534    1.33540   28   81    0.73355    1.43503  95.6%   647 1320s
 159155 149061    1.36197   32   76    0.73355    1.43073  95.0%   647 1342s
 162924 152488    1.30963   32   76    0.73355    1.42679  94.5%   647 1362s
 166536 155822    1.34780   33   78    0.73355    1.42315  94.0%   647 1383s
 170062 157628    1.37222   30   80    0.73355    1.41980  93.6%   647 1407s
H170374 157628                       0.7335476    1.41963  93.5%   647 1407s
 171961 161255    1.33843   31   75    0.73355    1.41779  93.3%   647 1431s
 175810 164703    1.31862   34   73    0.73355    1.41448  92.8%   647 1453s
 179495 168207    1.37652   31   78    0.73355    1.41140  92.4%   647 1476s
 183186 171410    1.34136   30   52    0.73355    1.40732  91.9%   648 1498s
 186611 174591    1.25258   28   81    0.73355    1.40426  91.4%   647 1520s
 189991 176750    1.32998   30   88    0.73355    1.40123  91.0%   647 1545s
H190300 176750                       0.7335476    1.40118  91.0%   647 1545s
H190979 176750                       0.7335476    1.40100  91.0%   647 1545s
H192201 176750                       0.7335479    1.40086  91.0%   647 1545s
 192269 180001    1.31857   33   79    0.73355    1.39902  90.7%   647 1568s
 195764 183403    1.34358   36   68    0.73355    1.39617  90.3%   647 1590s
 199430 186567    1.29326   32   76    0.73355    1.39326  89.9%   647 1611s
 202804 189745    1.27524   33   77    0.73355    1.39018  89.5%   647 1630s
 206216 192942    1.29221   30   82    0.73355    1.38752  89.2%   647 1650s
 209651 195346    1.29827   33   72    0.73355    1.38483  88.8%   646 1676s
H210258 195346                       0.7335479    1.38464  88.8%   647 1676s
 212223 199647    1.25042   32   76    0.73355    1.38251  88.5%   646 1704s
 216851 203076    1.22280   28   79    0.73355    1.37889  88.0%   646 1726s
 220557 206493    1.37292   32   72    0.73355    1.37572  87.5%   646 1747s
 224219 209804    1.25039   29   78    0.73355    1.37304  87.2%   646 1768s
H227760 209836                       0.7335480    1.37043  86.8%   646 1793s
 227792 210120    1.30430   33   75    0.73355    1.36994  86.8%   646 1819s
H227797 210120                       0.7335480    1.36991  86.8%   646 1819s
 228093 210542    0.86138   31   72    0.73355    1.36981  86.7%   646 1842s
 228555 211605    0.90853   33   76    0.73355    1.36965  86.7%   646 1867s
 229706 212859    1.23986   29   80    0.73355    1.36952  86.7%   646 1900s
H230462 212859                       0.7335480    1.36944  86.7%   646 1900s
 231045 214539    1.32110   31   77    0.73355    1.36937  86.7%   646 1931s
 232856 217515    1.25836   28   83    0.73355    1.36918  86.7%   645 1962s
 236105 220947    1.30455   31   82    0.73355    1.36865  86.6%   645 1998s
 239827 223960    1.31593   34   75    0.73355    1.36724  86.4%   645 2021s
 243120 227613    1.26900   32   58    0.73355    1.36216  85.7%   645 2046s
 247125 230895    1.24704   30   85    0.73355    1.35504  84.7%   644 2069s
 250692 234129    1.25703   34   75    0.73355    1.35163  84.3%   644 2091s
 254208 237211    1.19729   33   71    0.73355    1.34926  83.9%   644 2111s
 257564 240346    1.29443   33   74    0.73355    1.34664  83.6%   644 2134s
 260985 243564    1.24024   27   77    0.73355    1.34396  83.2%   644 2153s
 264485 246424    1.24856   33   78    0.73355    1.34170  82.9%   643 2172s
 267632 249766    1.28171   30   74    0.73355    1.33909  82.6%   643 2192s
 271287 253333    1.29073   35   71    0.73355    1.33654  82.2%   642 2216s
 275218 256462    1.29331   32   74    0.73355    1.33372  81.8%   642 2237s
 278609 258713    1.26090   32   79    0.73355    1.33128  81.5%   642 2260s
H279620 258713                       0.7335480    1.33111  81.5%   642 2260s
H280032 258713                       0.7335480    1.33109  81.5%   642 2260s
 281080 261164    1.25323   30   82    0.73355    1.33103  81.5%   641 2280s
H281198 261164                       0.7335480    1.33103  81.5%   641 2280s
 283799 264074    1.30309   33   77    0.73355    1.33072  81.4%   641 2302s
 286997 267450    1.27121   34   77    0.73355    1.32838  81.1%   641 2324s
 290685 270720    1.11156   35   79    0.73355    1.32298  80.4%   641 2344s
 294296 273827    1.23549   35   72    0.73355    1.32046  80.0%   640 2364s
 297694 276924    1.21149   34   72    0.73355    1.31794  79.7%   640 2383s
 301111 280463    1.22182   31   77    0.73355    1.31551  79.3%   640 2408s
 304977 283232    1.25533   35   72    0.73355    1.31290  79.0%   640 2428s
