source: 0 target: 1 model_arch: 3x50 perturbation type: occ perturbation size: [0, 3.0, 3.0, 5.0] dataset: mnist
Attack:   0%|          | 0/500 [00:00<?, ?it/s]Attack:   0%|          | 1/500 [00:00<01:00,  8.23it/s]Attack:   8%|▊         | 40/500 [00:00<00:02, 212.86it/s]Attack:  16%|█▌        | 79/500 [00:00<00:01, 288.31it/s]Attack:  23%|██▎       | 117/500 [00:00<00:01, 321.07it/s]Attack:  31%|███       | 155/500 [00:00<00:01, 340.63it/s]Attack:  39%|███▊      | 193/500 [00:00<00:00, 353.26it/s]Attack:  46%|████▌     | 231/500 [00:00<00:00, 361.12it/s]Attack:  54%|█████▍    | 270/500 [00:00<00:00, 367.17it/s]Attack:  62%|██████▏   | 308/500 [00:00<00:00, 370.62it/s]Attack:  69%|██████▉   | 346/500 [00:01<00:00, 370.51it/s]Attack:  77%|███████▋  | 384/500 [00:01<00:00, 371.27it/s]Attack:  84%|████████▍ | 422/500 [00:01<00:00, 372.02it/s]Attack:  92%|█████████▏| 460/500 [00:01<00:00, 372.39it/s]Attack: 100%|█████████▉| 498/500 [00:01<00:00, 371.64it/s]Attack: 100%|█████████▉| 499/500 [00:01<00:00, 344.80it/s]
best_val 0.027479887008666992
Set parameter WLSAccessID
Set parameter WLSSecret
Set parameter LicenseID to value 2478548
Academic license 2478548 - for non-commercial use only - registered to ne___@campus.technion.ac.il
Advanced-standard mode: techniques enabled:
  Technique 1 (MIP Start):          false
  Technique 2 (Branch Priorities):   off
  Technique 3 (LP Basis):            false
  Technique 4 (Bound Tightening):    true
  Technique 4+ (Zono Bounds):        true
  Technique 4+ (N1 Probe):           off
  Technique 5 (Variable Hints):      prev_pgd
  Technique 6 (N2 Relax Threshold):  0.5
Model accuracy: 0.9694
load_n1_diff_bounds!: loaded 2 ReLU layers (+ n1_preact_bounds.bin) from /root/Downloads/for_dana/vaghar_org/paper_experiments/mnist/3x50_exp/occ/eps_3,3,5/n1_state_3x50_19
Advanced-standard: computing N1-tightened absolute N2 zonotope (Source B)...
compute_n2_bounds_zonotope_with_n1_tighten: populated 2 ReLU layers

══ Advanced-standard: loading N1 state from /root/Downloads/for_dana/vaghar_org/paper_experiments/mnist/3x50_exp/occ/eps_3,3,5/n1_state_3x50_19 (c_tag=1, c_target=2) ══
load_n1_state: loaded from /root/Downloads/for_dana/vaghar_org/paper_experiments/mnist/3x50_exp/occ/eps_3,3,5/n1_state_3x50_19 (c_tag=1, c_target=2, 1926 vars, 170 neurons, 0 basis)

══ Advanced-standard PASS 2: solving N2 with N1 info (c_tag=1, c_target=2) ══
set_n1_neuron_bounds: loaded 170 neuron bounds from N1
compute_n2_pert_relaxation_bounds: populated 2 ReLU layers
compute_n2_relax_decision!: τ=0.5, both=13 org-only=0 pert-only=0 none=74 (plus 13 stable neurons)
[notice | Main.MIPVerify]: Determining upper and lower bounds for the input to each non-linear unit.
Set parameter WLSAccessID
Set parameter WLSSecret
Set parameter LicenseID to value 2478548
Academic license 2478548 - for non-commercial use only - registered to ne___@campus.technion.ac.il
Set parameter TimeLimit to value 5
Set parameter TimeLimit to value 5
Set parameter WLSAccessID
Set parameter WLSSecret
Set parameter LicenseID to value 2478548
Academic license 2478548 - for non-commercial use only - registered to ne___@campus.technion.ac.il
Set parameter MIPFocus to value 3
Set parameter Cutoff to value 2.7479887008666992e-02
Set parameter Threads to value 32
Set parameter TimeLimit to value 10800
Set parameter MIPGap to value 0.01
Set parameter Seed to value 4
Set parameter Seed to value 4
Set parameter MIPGap to value 0.01
Set parameter MIPFocus to value 3
Set parameter Cutoff to value 2.7479887008666992e-02
Set parameter Threads to value 32
Set parameter TimeLimit to value 10800
Warning for adding constraints: zero or small (< 1e-13) coefficients, ignored
Gurobi Optimizer version 13.0.0 build v13.0.0rc1 (linux64 - "Ubuntu 20.04.2 LTS")

CPU model: AMD EPYC 7713 64-Core Processor, instruction set [SSE2|AVX|AVX2]
Thread count: 127 physical cores, 255 logical processors, using up to 32 threads

Non-default parameters:
Cutoff  2.7479887008666992e-02
TimeLimit  10800
MIPGap  0.01
MIPFocus  3
Seed  4
Threads  32

Academic license 2478548 - for non-commercial use only - registered to ne___@campus.technion.ac.il
Optimize a model with 1642 rows, 1890 columns and 158212 nonzeros (Max)
Model fingerprint: 0x69fdcbbe
Model has 1 linear objective coefficients
Variable types: 1742 continuous, 148 integer (148 binary)
Coefficient statistics:
  Matrix range     [1e-13, 3e+01]
  Objective range  [1e+00, 1e+00]
  Bounds range     [2e-09, 3e+01]
  RHS range        [4e-13, 3e+01]

User MIP start produced solution with objective 0.0638837 (0.55s)
User MIP start produced solution with objective 0.102883 (1.84s)
User MIP start produced solution with objective 0.110038 (1.97s)
User MIP start produced solution with objective 0.11322 (2.05s)
User MIP start produced solution with objective 0.11322 (2.07s)
Loaded user MIP start with objective 0.11322
Processed MIP start in 2.07 seconds (2.19 work units)

Presolve removed 986 rows and 789 columns
Presolve time: 0.43s
Presolved: 656 rows, 1101 columns, 121148 nonzeros
Variable types: 953 continuous, 148 integer (148 binary)
Root relaxation presolve removed 11 rows and 10 columns
Root relaxation presolved: 645 rows, 1091 columns, 120033 nonzeros

Warning: Markowitz tolerance tightened to 0.03125

Extra simplex iterations after uncrush: 70

Root relaxation: objective 7.311234e-01, 1399 iterations, 0.32 seconds (0.27 work units)

    Nodes    |    Current Node    |     Objective Bounds      |     Work
 Expl Unexpl |  Obj  Depth IntInf | Incumbent    BestBd   Gap | It/Node Time

     0     0    0.73112    0   81    0.11322    0.73112   546%     -    3s
     0     0    0.72945    0   80    0.11322    0.72945   544%     -    3s
     0     0    0.72945    0   80    0.11322    0.72945   544%     -    3s
     0     0    0.69572    0   80    0.11322    0.69572   514%     -    3s
     0     0    0.69520    0   85    0.11322    0.69520   514%     -    3s
     0     0    0.69520    0   85    0.11322    0.69520   514%     -    4s
     0     0    0.67342    0   85    0.11322    0.67342   495%     -    4s
     0     0    0.65938    0   85    0.11322    0.65938   482%     -    4s
     0     0    0.65938    0   85    0.11322    0.65938   482%     -    5s
     0     0    0.65537    0   87    0.11322    0.65537   479%     -    5s
     0     0    0.64130    0   84    0.11322    0.64130   466%     -    5s
     0     0    0.64130    0   84    0.11322    0.64130   466%     -    5s
     0     0    0.63405    0   84    0.11322    0.63405   460%     -    6s
     0     0    0.63405    0   84    0.11322    0.63405   460%     -    6s
     0     2    0.63405    0   84    0.11322    0.63405   460%     -    6s
    95   256    0.63405    7   73    0.11322    0.63405   460%   432   10s
   783   825    0.61907   12   70    0.11322    0.62087   448%   266   15s
H 1148  1178                       0.1467517    0.61030   316%   277   19s
  1304  1392    0.58711   13   65    0.14675    0.60725   314%   269   20s
  2380  2413    0.59699   13   68    0.14675    0.59946   308%   217   26s
H 2476  2509                       0.1467517    0.59849   308%   216   30s
H 2481  2509                       0.1508111    0.59831   297%   216   30s
H 2497  2509                       0.1555771    0.59807   284%   216   30s
  2540  2573    0.59534   13   65    0.15558    0.59763   284%   216   35s
  2636  2669    0.57876   13   70    0.15558    0.59677   284%   215   40s
H 2668  2701                       0.1555771    0.59641   283%   215   41s
H 2669  2701                       0.1555772    0.59638   283%   215   41s
H 2678  2701                       0.1555774    0.59629   283%   215   41s
  2831  2901    0.59302   13   67    0.15558    0.59532   283%   213   46s
H 2900  2901                       0.1608019    0.59508   270%   212   57s
  2901  2902    0.58202   12   84    0.16080    0.59508   270%   212   73s
  2904  2904    0.59440   12   80    0.16080    0.59508   270%   212   75s
H 2906  2759                       0.1713993    0.59508   247%   212   76s
  2909  2761    0.58201   14   84    0.17140    0.59508   247%   212   81s
  2954  2811    0.59508   20   68    0.17140    0.59508   247%   221   85s
  3216  3015    0.55543   23   54    0.17140    0.57647   236%   240   91s
H 3222  2875                       0.1713997    0.57351   235%   240   91s
  3409  3003    0.52725   25   69    0.17140    0.55885   226%   254   95s
  3742  3287    0.50864   26   55    0.17140    0.54549   218%   274  100s
H 3989  3311                       0.1714002    0.54012   215%   283  102s
  4365  3592    0.49883   27   74    0.17140    0.53408   212%   293  105s
H 5013  3803                       0.1714008    0.52588   207%   306  110s
H 5014  3684                       0.1714008    0.52577   207%   306  110s
H 5581  3972                       0.1714008    0.51544   201%   316  113s
  5860  4383    0.48782   28   63    0.17140    0.51290   199%   321  115s
  6841  4789    0.50216   28   60    0.17140    0.50412   194%   331  122s
  6905  4831    0.45947   29   65    0.17140    0.50098   192%   334  125s
H 6960  4738                       0.1714008    0.49883   191%   336  127s
H 7005  4663                       0.1714008    0.49762   190%   337  129s
  7011  4702    0.47926   26   53    0.17140    0.49748   190%   338  130s
H 7032  4598                       0.1714043    0.49698   190%   339  130s
  8283  5871    0.48998   24   81    0.17140    0.49105   186%   341  135s
 10671  8242    0.45224   26   59    0.17140    0.47905   179%   339  141s
 12279  9993    0.46359   28   61    0.17140    0.47268   176%   337  145s
 14211 12040    0.44514   28   56    0.17140    0.46707   172%   334  151s
 15753 13575    0.44636   28   55    0.17140    0.46323   170%   331  155s
 18144 16020    0.43715   25   75    0.17140    0.45934   168%   328  161s
 19837 17833    0.43970   30   65    0.17140    0.45703   167%   327  165s
 20816 17897    0.43644   26   76    0.17140    0.45498   165%   326  171s
H20823 17897                       0.1714043    0.45491   165%   326  171s
H20897 17964                       0.1766738    0.45445   157%   326  174s
H20910 17964                       0.1823523    0.45444   149%   326  174s
 20915 18858    0.43751   24   67    0.18235    0.45424   149%   326  176s
 22773 20829    0.44875   26   75    0.18235    0.45233   148%   324  181s
 24915 22708    0.44663   24   79    0.18235    0.45010   147%   323  187s
 25671 23876    0.43694   29   73    0.18235    0.44914   146%   323  190s
 26839 24660    0.44141   25   69    0.18235    0.44781   146%   323  195s
H27162 24660                       0.1826860    0.44752   145%   323  195s
 28845 27168    0.43297   31   64    0.18269    0.44566   144%   322  201s
 31668 29960    0.43729   28   72    0.18269    0.44322   143%   323  208s
 32965 31235    0.43384   30   63    0.18269    0.44188   142%   323  210s
 35606 32611    0.42891   32   65    0.18269    0.43940   141%   323  219s
 35638 32643    0.42061   32   64    0.18269    0.43888   140%   323  224s
 35670 32674    0.42672   28   70    0.18269    0.43861   140%   323  229s
H35676 32674                       0.1827920    0.43857   140%   323  229s
H35695 32674                       0.1837255    0.43847   139%   323  229s
 35703 34143    0.43358   32   66    0.18373    0.43842   139%   323  233s
 37176 35701    0.43655   30   54    0.18373    0.43753   138%   323  236s
 38742 37403    0.42359   32   68    0.18373    0.43633   137%   323  240s
 40462 39179    0.40952   29   66    0.18373    0.43506   137%   323  245s
 43960 40935    0.42397   31   63    0.18373    0.43226   135%   322  254s
H43964 40935                       0.1837255    0.43205   135%   322  254s
H43967 40935                       0.1841548    0.43194   135%   322  254s
H43971 40934                       0.1870853    0.43191   131%   322  254s
 44009 42742    0.43045   30   71    0.18709    0.43167   131%   322  258s
 45825 44511    0.41308   30   66    0.18709    0.43027   130%   322  262s
 47602 46527    0.41138   28   71    0.18709    0.42873   129%   321  267s
 49651 48540    0.41638   31   68    0.18709    0.42702   128%   320  272s
 51674 50630    0.41262   30   60    0.18709    0.42532   127%   320  276s
 53789 52563    0.42237   26   64    0.18709    0.42373   126%   319  281s
 55738 54974    0.40259   28   71    0.18709    0.42247   126%   319  286s
 58165 57370    0.40920   34   61    0.18709    0.42070   125%   319  291s
 60602 60599    0.40799   33   59    0.18709    0.41904   124%   318  300s
 63861 63182    0.41688   31   66    0.18709    0.41697   123%   318  306s
 66480 65771    0.41003   30   69    0.18709    0.41527   122%   317  313s
 69100 68358    0.41087   27   71    0.18709    0.41381   121%   316  320s
 71724 71345    0.39096   34   70    0.18709    0.41246   120%   315  327s
 74751 74376    0.40677   32   67    0.18709    0.41100   120%   314  333s
 77814 74408    0.39377   27   73    0.18709    0.40942   119%   314  343s
H77819 74407                       0.1882856    0.40935   117%   314  343s
 77846 77507    0.40807   33   60    0.18829    0.40919   117%   314  350s
 80984 80719    0.40640   28   70    0.18829    0.40782   117%   313  357s
H84242 83421                       0.1882856    0.40654   116%   313  365s
 86987 86537    0.38138   30   72    0.18829    0.40618   116%   313  373s
 90173 89998    0.38457   27   63    0.18829    0.40549   115%   312  383s
H92701 89998                       0.1882856    0.40462   115%   312  383s
 93703 93473    0.39570   30   69    0.18829    0.40432   115%   311  393s
 97215 97512    0.38775   31   65    0.18829    0.40206   114%   311  403s
 101324 101246    0.39030   33   68    0.18829    0.39986   112%   310  412s
 105123 104525    0.38360   33   51    0.18829    0.39884   112%   310  420s
 108467 108014    0.38050   33   71    0.18829    0.39792   111%   310  427s
 112006 111611    0.39600   32   47    0.18829    0.39691   111%   309  434s
 115664 115120    0.38673   33   73    0.18829    0.39620   110%   309  441s
 119260 119050    0.38175   32   64    0.18829    0.39524   110%   308  452s
 123279 122429    0.38204   31   66    0.18829    0.39435   109%   308  460s
 126744 125744    0.38571   32   58    0.18829    0.39362   109%   307  467s
 130133 129140    0.37653   32   47    0.18829    0.39297   109%   307  474s
 133603 132490    0.38154   32   72    0.18829    0.39236   108%   306  482s
 137023 132522    0.37861   30   65    0.18829    0.39172   108%   306  491s
H137024 132522                       0.1882856    0.39172   108%   306  491s
H137028 132522                       0.1882857    0.39164   108%   306  491s
H137030 132522                       0.1882857    0.39162   108%   306  491s
H137049 132522                       0.1892447    0.39155   107%   306  491s
 137055 136043    0.38232   34   62    0.18924    0.39153   107%   306  497s
 140639 139532    0.37876   30   69    0.18924    0.39102   107%   305  504s
 144200 142719    0.37930   33   65    0.18924    0.39036   106%   304  511s
 147469 146305    0.37115   32   66    0.18924    0.38976   106%   303  517s
 151125 150319    0.37387   30   70    0.18924    0.38913   106%   303  526s
 155214 153622    0.38539   28   68    0.18924    0.38848   105%   302  534s
 158589 157113    0.36874   33   67    0.18924    0.38779   105%   301  542s
 162160 160610    0.36216   33   65    0.18924    0.38724   105%   301  550s
 165741 164062    0.38256   34   70    0.18924    0.38673   104%   300  558s
 169253 167095    0.36422   32   68    0.18924    0.38621   104%   299  566s
 172365 170718    0.38184   33   71    0.18924    0.38576   104%   299  573s
 176048 174104    0.37146   29   79    0.18924    0.38524   104%   298  579s
 179516 177616    0.38376   31   63    0.18924    0.38478   103%   297  585s
 183112 181862    0.37763   34   72    0.18924    0.38432   103%   296  594s
 187471 184974    0.38310   33   58    0.18924    0.38376   103%   295  601s
 190657 188318    0.37261   32   67    0.18924    0.38337   103%   295  608s
 194063 191592    0.38054   29   66    0.18924    0.38294   102%   294  615s
 197448 194948    0.38055   32   66    0.18924    0.38249   102%   294  623s
 200906 198375    0.37457   32   61    0.18924    0.38211   102%   293  629s
 204449 198407    0.36824   32   45    0.18924    0.38168   102%   292  636s
H204451 198407                       0.1892465    0.38168   102%   292  636s
 204481 201703    0.37012   35   67    0.18925    0.38161   102%   292  643s
 207838 205032    0.36531   31   68    0.18925    0.38127   101%   291  649s
 211274 208298    0.36645   33   48    0.18925    0.38092   101%   291  655s
 214620 212343    0.37049   34   65    0.18925    0.38054   101%   290  663s
 218777 215718    0.37780   35   70    0.18925    0.38014   101%   290  670s
 222252 218843 infeasible   31         0.18925    0.37974   101%   289  677s
 225465 222142    0.35210   30   53    0.18925    0.37942   100%   288  684s
 228851 225517    0.37891   33   57    0.18925    0.37911   100%   288  692s
 232325 228814    0.36500   34   61    0.18925    0.37872   100%   288  700s
 235703 232065 infeasible   29         0.18925    0.37837   100%   287  708s
 239059 235431    0.36759   35   68    0.18925    0.37798   100%   287  715s
 242527 238771    0.35590   34   72    0.18925    0.37763   100%   286  723s
 245953 242838    0.37630   32   56    0.18925    0.37728  99.4%   286  732s
 250119 246145    0.36381   36   60    0.18925    0.37686  99.1%   285  738s
 253506 249139    0.36054   36   65    0.18925    0.37652  99.0%   285  744s
 256579 252477    0.37055   35   58    0.18925    0.37621  98.8%   284  750s
 260015 255766    0.35841   33   64    0.18925    0.37588  98.6%   284  756s
 263398 259029    0.36989   34   50    0.18925    0.37553  98.4%   283  762s
 266737 259061    0.35666   37   60    0.18925    0.37522  98.3%   283  769s
H266742 259061                       0.1892604    0.37519  98.2%   283  769s
 266769 262367    0.36123   32   51    0.18926    0.37516  98.2%   283  776s
 270176 265454    0.35891   33   63    0.18926    0.37490  98.1%   283  782s
 273339 268821    0.36465   32   55    0.18926    0.37458  97.9%   283  788s
 276828 272694    0.34544   33   64    0.18926    0.37426  97.8%   282  795s
 280832 276018    0.35811   34   65    0.18926    0.37389  97.6%   282  801s
 284248 279167    0.36296   33   58    0.18926    0.37356  97.4%   282  807s
 287514 282307    0.36638   30   64    0.18926    0.37325  97.2%   281  814s
 290732 285704    0.35378   34   75    0.18926    0.37296  97.1%   281  820s
 294228 289068    0.35812   33   62    0.18926    0.37260  96.9%   281  826s
 297684 292367    0.36622   31   63    0.18926    0.37232  96.7%   281  832s
 301082 295487    0.35609   30   59    0.18926    0.37203  96.6%   280  839s
 304303 298911    0.36314   35   72    0.18926    0.37174  96.4%   280  846s
 307825 302745    0.34839   36   52    0.18926    0.37147  96.3%   280  854s
 311759 305977    0.32315   32   61    0.18926    0.37114  96.1%   280  861s
 315084 309234    0.35140   35   70    0.18926    0.37082  95.9%   279  869s
 318452 312422    0.35578   30   70    0.18926    0.37056  95.8%   279  877s
 321742 315653    0.34304   30   71    0.18926    0.37027  95.6%   279  884s
 325106 315685    0.36290   36   63    0.18926    0.36999  95.5%   279  892s
H325109 315680                       0.1899739    0.36997  94.8%   279  893s
 325138 317868    0.36931   32   68    0.18997    0.36994  94.7%   279  900s
 327401 317900    0.36683   34   58    0.18997    0.36973  94.6%   279  908s
H327404 317900                       0.1899739    0.36972  94.6%   279  908s
H327409 317900                       0.1899739    0.36971  94.6%   279  908s
H327413 317900                       0.1899744    0.36970  94.6%   279  908s
 327433 320102    0.35036   35   67    0.18997    0.36967  94.6%   279  917s
 329701 323434    0.36650   28   73    0.18997    0.36964  94.6%   278  926s
H332391 323434                       0.1899746    0.36953  94.5%   278  926s
 333133 326986    0.35961   31   66    0.18997    0.36946  94.5%   278  935s
H336285 326986                       0.1899746    0.36932  94.4%   278  935s
 336798 330601    0.36376   34   64    0.18997    0.36921  94.3%   278  945s
 340534 333913    0.33706   35   52    0.18997    0.36882  94.1%   278  953s
 343967 337157    0.36425   33   64    0.18997    0.36849  94.0%   278  961s
 347288 340457    0.36438   32   63    0.18997    0.36803  93.7%   277  969s
 350729 343955    0.35354   32   69    0.18997    0.36773  93.6%   277  977s
 354348 347243     cutoff   29         0.18997    0.36745  93.4%   277  985s
 357743 350497    0.36443   35   64    0.18997    0.36716  93.3%   277  993s
 361079 353763    0.36064   35   52    0.18997    0.36688  93.1%   277 1001s
 364466 357034    0.36529   30   64    0.18997    0.36664  93.0%   277 1009s
 367861 360536    0.35851   35   46    0.18997    0.36634  92.8%   276 1017s
 371477 363917    0.36347   33   67    0.18997    0.36605  92.7%   276 1024s
 374960 367367    0.34697   32   56    0.18997    0.36577  92.5%   276 1030s
 378508 370807    0.35655   34   62    0.18997    0.36549  92.4%   276 1037s
 382075 374066    0.34486   30   70    0.18997    0.36521  92.2%   276 1045s
 385452 377328    0.36250   32   49    0.18997    0.36495  92.1%   276 1053s
 388821 380377    0.36046   34   46    0.18997    0.36469  92.0%   276 1061s
 391964 383736    0.36203   34   70    0.18997    0.36448  91.9%   275 1069s
 395396 387051    0.34856   35   59    0.18997    0.36422  91.7%   275 1078s
 398825 390898    0.36364   33   48    0.18997    0.36392  91.6%   275 1085s
 402845 393992    0.35035   34   66    0.18997    0.36366  91.4%   275 1091s
 406060 397136    0.34923   33   62    0.18997    0.36341  91.3%   275 1097s
 409318 400270    0.35253   34   60    0.18997    0.36318  91.2%   275 1105s
 412600 400302    0.36157   31   63    0.18997    0.36294  91.0%   274 1115s
H412603 400302                       0.1899747    0.36293  91.0%   274 1115s
H412614 400302                       0.1899843    0.36292  91.0%   274 1115s
H412615 400300                       0.1900185    0.36291  91.0%   274 1115s
 412632 403424    0.36277   32   68    0.19002    0.36289  91.0%   274 1123s
 415884 406760    0.34802   35   70    0.19002    0.36268  90.9%   274 1132s
 419354 410069    0.34587   32   64    0.19002    0.36245  90.7%   274 1140s
 422789 413169    0.35308   32   64    0.19002    0.36220  90.6%   274 1148s
 426003 416344    0.35393   31   46    0.19002    0.36199  90.5%   274 1156s
 429332 420009    0.35026   34   62    0.19002    0.36178  90.4%   274 1165s
 433153 423112    0.34200   32   65    0.19002    0.36154  90.3%   274 1173s
 436409 426305    0.35323   34   53    0.19002    0.36133  90.2%   274 1182s
 439759 429493    0.34224   32   55    0.19002    0.36111  90.0%   274 1190s
 443076 432688    0.33284   36   70    0.19002    0.36088  89.9%   273 1198s
 446402 435946    0.36047   34   53    0.19002    0.36065  89.8%   273 1207s
 449790 439158    0.35904   36   61    0.19002    0.36043  89.7%   273 1216s
 453128 442461    0.35743   31   69    0.19002    0.36021  89.6%   273 1224s
 456563 445632    0.34788   32   66    0.19002    0.35996  89.4%   273 1232s
 459861 449370    0.34854   33   57    0.19002    0.35977  89.3%   273 1239s
 463782 452545    0.34054   35   67    0.19002    0.35952  89.2%   273 1245s
 467122 455726    0.34630   31   66    0.19002    0.35929  89.1%   273 1252s
 470445 458882    0.34387   35   66    0.19002    0.35908  89.0%   272 1259s
 473718 458913    0.35740   35   66    0.19002    0.35887  88.9%   272 1270s
H473722 458913                       0.1900188    0.35887  88.9%   272 1270s
H473738 458913                       0.1900189    0.35885  88.8%   272 1270s
 473751 458944    0.34414   32   69    0.19002    0.35884  88.8%   272 1280s
H473758 458944                       0.1900195    0.35884  88.8%   272 1280s
 473784 459282    0.34254   30   66    0.19002    0.35882  88.8%   272 1290s
 474144 459598    0.33241   32   68    0.19002    0.35881  88.8%   272 1305s
H474359 459598                       0.1900196    0.35881  88.8%   272 1305s
H474471 459598                       0.1900196    0.35880  88.8%   272 1305s
 474474 460190    0.35060   34   54    0.19002    0.35880  88.8%   272 1315s
 475098 460794    0.33828   32   77    0.19002    0.35879  88.8%   272 1326s
 475734 461547    0.33769   34   64    0.19002    0.35877  88.8%   272 1341s
 476501 462394    0.33214   36   64    0.19002    0.35876  88.8%   272 1356s
H476663 462394                       0.1900197    0.35875  88.8%   272 1356s
 477390 464243    0.35403   35   67    0.19002    0.35873  88.8%   272 1376s
 479313 466443    0.35174   32   65    0.19002    0.35871  88.8%   272 1394s
 481606 468922    0.34403   31   66    0.19002    0.35866  88.8%   272 1414s
 484201 473335    0.35249   35   64    0.19002    0.35859  88.7%   272 1427s
 488818 476002    0.33894   34   44    0.19002    0.35847  88.7%   272 1435s
 491623 479695    0.33552   33   60    0.19002    0.35826  88.5%   272 1444s
 495505 483215    0.34623   31   69    0.19002    0.35788  88.3%   272 1454s
 499149 487153    0.35608   34   64    0.19002    0.35753  88.2%   272 1464s
 503258 491070    0.34355   35   68    0.19002    0.35718  88.0%   271 1472s
 507347 494807    0.34837   32   67    0.19002    0.35676  87.8%   271 1482s
 511245 498386    0.34770   35   60    0.19002    0.35642  87.6%   271 1490s
 514979 501594    0.33844   33   66    0.19002    0.35617  87.4%   271 1496s
 518333 505152    0.34190   34   58    0.19002    0.35596  87.3%   271 1504s
 522041 508391    0.35169   31   70    0.19002    0.35575  87.2%   271 1512s
 525451 511899    0.35405   32   65    0.19002    0.35555  87.1%   271 1521s
 529133 515181    0.34037   31   71    0.19002    0.35535  87.0%   271 1529s
H532584 517855                       0.1900197    0.35515  86.9%   270 1537s
H533675 517855                       0.1900197    0.35512  86.9%   270 1537s
 535398 517887    0.33606   29   64    0.19002    0.35511  86.9%   270 1545s
 535430 519695    0.33973   31   47    0.19002    0.35504  86.8%   270 1552s
H536757 519695                       0.1900197    0.35501  86.8%   270 1552s
 537312 523000     cutoff   30         0.19002    0.35498  86.8%   270 1565s
 540800 526510    0.35473   33   67    0.19002    0.35483  86.7%   270 1573s
 544490 529923    0.34741   35   62    0.19002    0.35468  86.7%   270 1586s
 548039 533206    0.35332   32   68    0.19002    0.35446  86.5%   270 1594s
 551490 536871    0.35034   35   54    0.19002    0.35420  86.4%   270 1604s
 555346 536901    0.34355   35   65    0.19002    0.35386  86.2%   270 1614s
H555360 536901                       0.1900197    0.35382  86.2%   270 1614s
H555361 536901                       0.1900197    0.35382  86.2%   270 1614s
 555380 537260    0.33711   30   65    0.19002    0.35380  86.2%   270 1623s
 555747 537670    0.33648   35   68    0.19002    0.35378  86.2%   270 1634s
 556173 538282    0.34601   36   64    0.19002    0.35377  86.2%   270 1650s
 556820 539193    0.34939   35   61    0.19002    0.35376  86.2%   270 1665s
H557757 539193                       0.1900198    0.35375  86.2%   270 1665s
 557772 541201    0.34183   35   68    0.19002    0.35375  86.2%   270 1675s
 559866 544608    0.34317   36   63    0.19002    0.35373  86.2%   270 1695s
 563425 548249    0.34895   33   69    0.19002    0.35369  86.1%   270 1706s
H563554 548249                       0.1900202    0.35369  86.1%   270 1706s
 567255 552521    0.33766   35   66    0.19002    0.35361  86.1%   270 1719s
 571757 556551    0.34132   32   43    0.19002    0.35342  86.0%   269 1734s
 575951 560831    0.34991   30   70    0.19002    0.35315  85.8%   269 1743s
 580442 564640    0.33539   32   68    0.19002    0.35283  85.7%   269 1752s
 584440 567725    0.33743   33   60    0.19002    0.35249  85.5%   269 1762s
 587680 570998    0.35110   35   67    0.19002    0.35223  85.4%   269 1769s
 591122 574171    0.34320   34   62    0.19002    0.35198  85.2%   269 1776s
 594446 577617    0.33254   34   68    0.19002    0.35178  85.1%   269 1783s
 598037 581022    0.35062   33   60    0.19002    0.35162  85.0%   269 1793s
 601609 584301    0.34576   36   66    0.19002    0.35143  84.9%   269 1802s
 605035 587619    0.34749   36   71    0.19002    0.35127  84.9%   269 1808s
 608479 590989    0.33302   32   70    0.19002    0.35113  84.8%   268 1815s
 611975 594962    0.33828   32   64    0.19002    0.35097  84.7%   268 1824s
 616147 597941    0.33917   35   59    0.19002    0.35079  84.6%   268 1835s
 619248 601294    0.33350   36   69    0.19002    0.35064  84.5%   268 1843s
 622765 604504    0.34049   34   71    0.19002    0.35049  84.4%   268 1851s
 626134 607761    0.32879   36   60    0.19002    0.35032  84.4%   268 1860s
 629520 610987    0.33169   31   64    0.19002    0.35016  84.3%   268 1870s
 632912 614105    0.34589   35   66    0.19002    0.35001  84.2%   268 1879s
 636213 617080    0.34950   31   41    0.19002    0.34986  84.1%   268 1888s
 639326 620391    0.33254   34   67    0.19002    0.34973  84.0%   268 1898s
 642792 624369    0.33231   35   64    0.19002    0.34957  84.0%   268 1909s
 646937 627565    0.33242   35   64    0.19002    0.34941  83.9%   268 1917s
 650322 630794    0.34190   33   67    0.19002    0.34925  83.8%   267 1926s
 653715 633938    0.33930   35   63    0.19002    0.34911  83.7%   267 1934s
 657060 637163    0.32906   36   59    0.19002    0.34899  83.7%   267 1943s
 660429 640351    0.33138   37   69    0.19002    0.34884  83.6%   267 1951s
 663755 643544    0.32109   33   64    0.19002    0.34870  83.5%   267 1959s
 667122 646688    0.33659   35   65    0.19002    0.34856  83.4%   267 1967s
 670415 649916    0.34085   33   70    0.19002    0.34842  83.4%   267 1975s
 673850 653806    0.33809   34   63    0.19002    0.34830  83.3%   267 1984s
 677926 656600    0.34070   35   62    0.19002    0.34814  83.2%   267 1990s
 680869 659844    0.33018   33   70    0.19002    0.34802  83.1%   267 1998s
 684261 663101    0.32812   34   62    0.19002    0.34788  83.1%   267 2007s
 687673 666452    0.32895   36   60    0.19002    0.34774  83.0%   267 2015s
 691188 669906    0.34190   36   60    0.19002    0.34760  82.9%   267 2024s
 694786 673117    0.34406   34   43    0.19002    0.34746  82.9%   266 2032s
 698158 676464     cutoff   32         0.19002    0.34734  82.8%   266 2041s
 701707 679615    0.32475   29   74    0.19002    0.34720  82.7%   266 2049s
 705039 683423    0.33484   36   67    0.19002    0.34707  82.6%   266 2060s
 709064 686673    0.34067   36   40    0.19002    0.34690  82.6%   266 2068s
 712541 689902    0.33915   34   65    0.19002    0.34675  82.5%   266 2077s
 715938 693161    0.34067   37   64    0.19002    0.34662  82.4%   266 2085s
 719322 696417    0.34637   28   73    0.19002    0.34650  82.4%   266 2093s
 722774 699490    0.31978   33   51    0.19002    0.34638  82.3%   266 2101s
 726011 702751    0.33625   34   63    0.19002    0.34626  82.2%   266 2110s
 729454 705684    0.32720   34   59    0.19002    0.34613  82.2%   266 2118s
 732545 708843    0.33005   37   49    0.19002    0.34604  82.1%   266 2127s
 735869 712711    0.33736   35   44    0.19002    0.34591  82.0%   265 2136s
 739961 715915    0.33654   36   38    0.19002    0.34577  82.0%   265 2145s
 743373 719088    0.33836   34   66    0.19002    0.34565  81.9%   265 2153s
 746696 722009    0.33029   35   69    0.19002    0.34553  81.8%   265 2161s
 749782 725153    0.32831   34   62    0.19002    0.34541  81.8%   265 2170s
 753116 728431    0.32408   36   70    0.19002    0.34529  81.7%   265 2178s
 756575 731706    0.33342   36   61    0.19002    0.34518  81.7%   265 2187s
 760028 734989    0.32323   36   54    0.19002    0.34506  81.6%   265 2195s
 763488 737866    0.34453   36   68    0.19002    0.34495  81.5%   265 2204s
 766516 741829    0.34314   36   62    0.19002    0.34485  81.5%   265 2213s
 770710 744817    0.33628   37   62    0.19002    0.34472  81.4%   265 2221s
 773869 747885    0.32891   35   56    0.19002    0.34460  81.4%   265 2228s
 777098 751032    0.33775   36   68    0.19002    0.34450  81.3%   265 2236s
 780402 754264    0.33018   36   69    0.19002    0.34439  81.2%   265 2244s
 783826 757449    0.33188   35   62    0.19002    0.34427  81.2%   264 2253s
 787207 760696    0.33485   36   55    0.19002    0.34416  81.1%   264 2261s
 790625 763780    0.33588   37   55    0.19002    0.34406  81.1%   264 2269s
 793896 766943    0.33641   33   68    0.19002    0.34394  81.0%   264 2278s
 797228 770719    0.31617   41   60    0.19002    0.34382  80.9%   264 2288s
 801214 773959    0.32699   36   62    0.19002    0.34370  80.9%   264 2296s
 804642 777069    0.32104   36   62    0.19002    0.34359  80.8%   264 2305s
 807924 780167    0.32958   37   57    0.19002    0.34349  80.8%   264 2313s
 811217 783234    0.33237   36   60    0.19002    0.34337  80.7%   264 2322s
 814479 786277    0.33089   36   65    0.19002    0.34327  80.6%   264 2330s
 817708 789668    0.33712   37   60    0.19002    0.34317  80.6%   264 2339s
 821233 792911    0.32050   36   63    0.19002    0.34306  80.5%   264 2347s
 824661 796171    0.33622   35   65    0.19002    0.34295  80.5%   264 2356s
 828130 799976    0.32917   36   66    0.19002    0.34285  80.4%   264 2366s
 832133 803180    0.32622   33   60    0.19002    0.34275  80.4%   263 2374s
 835510 806448    0.31763   35   68    0.19002    0.34262  80.3%   263 2383s
 838945 809659    0.34155   35   57    0.19002    0.34252  80.3%   263 2391s
 842321 812811    0.33717   36   41    0.19002    0.34243  80.2%   263 2400s
 845625 815844    0.31650   33   70    0.19002    0.34233  80.2%   263 2409s
 848788 819221    0.33880   36   58    0.19002    0.34224  80.1%   263 2417s
 852323 822475    0.33242   32   68    0.19002    0.34214  80.1%   263 2425s
 855814 825609    0.31467   35   67    0.19002    0.34203  80.0%   263 2433s
 859121 829171    0.32409   37   69    0.19002    0.34193  79.9%   263 2443s
 862870 832613    0.33318   32   67    0.19002    0.34183  79.9%   263 2452s
 866475 835709    0.33099   37   60    0.19002    0.34171  79.8%   263 2460s
 869739 839044    0.33440   34   69    0.19002    0.34161  79.8%   263 2469s
 873272 842192    0.32709   35   60    0.19002    0.34152  79.7%   263 2477s
 876665 845467    0.33414   33   41    0.19002    0.34142  79.7%   263 2486s
 880134 848672    0.31505   38   53    0.19002    0.34133  79.6%   263 2494s
 883522 851936    0.33059   36   67    0.19002    0.34124  79.6%   263 2503s
 886967 855108    0.32340   33   68    0.19002    0.34113  79.5%   262 2511s
 890344 858874    0.32897   35   69    0.19002    0.34103  79.5%   262 2522s
 894362 862064    0.32522   37   66    0.19002    0.34093  79.4%   262 2530s
 897706 865001    0.32344   34   64    0.19002    0.34082  79.4%   262 2538s
 900803 868273    0.29966   32   74    0.19002    0.34074  79.3%   262 2547s
 904259 871360    0.33841   35   64    0.19002    0.34064  79.3%   262 2555s
 907542 874629    0.32215   33   60    0.19002    0.34056  79.2%   262 2564s
 911046 877739    0.32512   36   61    0.19002    0.34046  79.2%   262 2573s
 914388 881039    0.32955   35   65    0.19002    0.34037  79.1%   262 2581s
 917889 884191    0.32230   39   57    0.19002    0.34028  79.1%   262 2589s
 921259 888067    0.32225   36   65    0.19002    0.34019  79.0%   262 2599s
 925341 891140    0.33237   35   51    0.19002    0.34007  79.0%   262 2606s
 928609 894243    0.32186   34   59    0.19002    0.33999  78.9%   262 2614s
 931903 895749    0.33763   33   64    0.19002    0.33990  78.9%   262 2624s
 933491 899211    0.31541   32   74    0.19002    0.33988  78.9%   262 2633s
 937124 902555    0.33244   36   61    0.19002    0.33977  78.8%   261 2642s
 940678 905940    0.32643   33   64    0.19002    0.33967  78.8%   261 2650s
 944235 909142    0.32012   37   71    0.19002    0.33957  78.7%   261 2659s
 947633 912481     cutoff   31         0.19002    0.33950  78.7%   261 2668s
 951173 916212    0.32533   34   61    0.19002    0.33940  78.6%   261 2678s
 955113 919323    0.33890   36   48    0.19002    0.33929  78.6%   261 2687s
 958417 922523    0.31632   36   58    0.19002    0.33920  78.5%   261 2695s
 961832 925546    0.33823   31   65    0.19002    0.33911  78.5%   261 2703s
 965042 928663    0.33208   40   62    0.19002    0.33902  78.4%   261 2712s
 968378 931990    0.32640   36   68    0.19002    0.33894  78.4%   261 2720s
 971912 934990    0.33221   38   61    0.19002    0.33885  78.3%   261 2728s
 975098 938268    0.31998   34   55    0.19002    0.33876  78.3%   261 2737s
 978616 941618    0.33591   35   61    0.19002    0.33867  78.2%   261 2745s
 982174 945290    0.33203   37   64    0.19002    0.33859  78.2%   261 2755s
 986058 948480    0.32753   31   67    0.19002    0.33848  78.1%   261 2763s
 989416 951662    0.32296   33   68    0.19002    0.33840  78.1%   261 2771s
 992813 954843    0.31758   32   67    0.19002    0.33831  78.0%   260 2778s
 996191 958047    0.31518   38   58    0.19002    0.33823  78.0%   260 2785s
 999568 961248    0.33476   37   56    0.19002    0.33815  78.0%   260 2792s
 1002990 964174    0.31346   39   63    0.19002    0.33806  77.9%   260 2800s
 1006140 967511    0.31869   36   72    0.19002    0.33799  77.9%   260 2809s
 1009729 970669    0.32271   36   66    0.19002    0.33791  77.8%   260 2817s
 1013074 974411    0.32060   35   64    0.19002    0.33782  77.8%   260 2827s
 1017032 977612    0.33394   36   54    0.19002    0.33772  77.7%   260 2836s
 1020391 980761    0.32005   37   65    0.19002    0.33764  77.7%   260 2843s
 1023709 984010    0.32382   36   70    0.19002    0.33756  77.6%   260 2852s
 1027119 987115    0.32430   32   63    0.19002    0.33748  77.6%   260 2860s
 1030461 990168    0.33140   36   42    0.19002    0.33740  77.6%   260 2868s
 1033678 993364 infeasible   36         0.19002    0.33732  77.5%   260 2876s
 1037117 996579    0.33630   34   68    0.19002    0.33724  77.5%   260 2885s
 1040550 999790    0.32129   35   59    0.19002    0.33716  77.4%   260 2893s
 1043938 1003486    0.33314   32   71    0.19002    0.33708  77.4%   260 2903s
 1047859 1006627    0.32339   37   59    0.19002    0.33699  77.3%   260 2911s
 1051259 1009777    0.31846   36   60    0.19002    0.33691  77.3%   259 2919s
 1054646 1012946    0.33218   35   63    0.19002    0.33683  77.3%   259 2927s
 1058050 1015961    0.31453   35   65    0.19002    0.33675  77.2%   259 2936s
 1061217 1019128    0.32940   36   61    0.19002    0.33667  77.2%   259 2945s
 1064586 1022441    0.33558   37   42    0.19002    0.33660  77.1%   259 2953s
 1068118 1025336    0.32285   37   59    0.19002    0.33651  77.1%   259 2961s
 1071192 1028585    0.32547   36   65    0.19002    0.33645  77.1%   259 2969s
 1074675 1032293    0.32146   36   68    0.19002    0.33636  77.0%   259 2976s
 1078632 1035419    0.33366   33   59    0.19002    0.33629  77.0%   259 2984s
 1081968 1038494    0.33301   34   51    0.19002    0.33620  76.9%   259 2992s
 1085234 1041712    0.31981   33   60    0.19002    0.33612  76.9%   259 3001s
 1088660 1044703    0.32667   37   70    0.19002    0.33605  76.8%   259 3009s
 1091857 1048066    0.32937   37   62    0.19002    0.33598  76.8%   259 3017s
 1095449 1051269    0.31504   40   60    0.19002    0.33590  76.8%   259 3025s
 1098881 1054346    0.31973   40   66    0.19002    0.33582  76.7%   259 3034s
 1102144 1057375    0.32956   35   67    0.19002    0.33575  76.7%   259 3042s
 1105349 1061019    0.31545   32   70    0.19002    0.33568  76.7%   258 3052s
 1109252 1064101    0.32271   34   68    0.19002    0.33559  76.6%   258 3058s
 1112538 1067376    0.32719   38   58    0.19002    0.33551  76.6%   258 3065s
 1116014 1070505    0.32249   38   60    0.19002    0.33544  76.5%   258 3071s
 1119332 1073687    0.33497   36   50    0.19002    0.33537  76.5%   258 3078s
 1122706 1076866    0.32414   34   66    0.19002    0.33529  76.5%   258 3084s
 1126108 1080114    0.33401   35   67    0.19002    0.33522  76.4%   258 3092s
 1129564 1083133    0.32856   34   68    0.19002    0.33515  76.4%   258 3101s
 1132759 1086334    0.32679   31   68    0.19002    0.33508  76.3%   258 3109s
 1136157 1089177    0.32041   37   68    0.19002    0.33501  76.3%   258 3120s
 1139194 1092816    0.32510   40   59    0.19002    0.33500  76.3%   258 3130s
 1143078 1096117    0.32297   37   63    0.19002    0.33496  76.3%   258 3140s
 1146576 1099349    0.32046   36   64    0.19002    0.33489  76.2%   258 3151s
 1150008 1102387    0.33308   36   61    0.19002    0.33481  76.2%   258 3161s
 1153257 1105390    0.32388   37   61    0.19002    0.33474  76.2%   258 3173s
 1156476 1108789    0.32286   37   65    0.19002    0.33466  76.1%   258 3183s
 1160124 1112551    0.33223   33   67    0.19002    0.33457  76.1%   258 3192s
 1164116 1116069    0.31230   33   80    0.19002    0.33448  76.0%   257 3201s
 1167832 1119703    0.31750   32   62    0.19002    0.33440  76.0%   257 3210s
 1171709 1122931    0.32067   34   66    0.19002    0.33432  75.9%   257 3219s
 1175131 1126149    0.33179   35   67    0.19002    0.33419  75.9%   257 3226s
 1178552 1129289    0.31481   35   65    0.19002    0.33412  75.8%   257 3234s
 1180938 1129289    0.31659   36   68    0.19002    0.33411  75.8%   257 3235s
 1181904 1132152    0.30681   35   44    0.19002    0.33405  75.8%   257 3242s
 1184966 1135481    0.32811   37   45    0.19002    0.33399  75.8%   257 3251s
 1188563 1138677    0.32036   36   65    0.19002    0.33392  75.7%   257 3259s
 1191983 1141828    0.32064   35   67    0.19002    0.33386  75.7%   257 3267s
 1195345 1144672    0.32784   33   66    0.19002    0.33380  75.7%   257 3275s
 1198394 1148524    0.32376   33   69    0.19002    0.33374  75.6%   257 3285s
 1202481 1151711    0.32905   34   64    0.19002    0.33366  75.6%   257 3293s
 1205893 1154809    0.32123   34   61    0.19002    0.33359  75.6%   257 3301s
 1209191 1157841    0.31662   38   60    0.19002    0.33353  75.5%   257 3309s
 1212445 1160926    0.33079   35   73    0.19002    0.33347  75.5%   257 3317s
 1215753 1163984    0.33320   36   61    0.19002    0.33340  75.5%   256 3325s
 1219056 1167127    0.32726   36   63    0.19002    0.33334  75.4%   256 3333s
 1222420 1170065    0.32349   37   63    0.19002    0.33328  75.4%   256 3342s
 1225571 1173155    0.33315   34   60    0.19002    0.33322  75.4%   256 3350s
 1228926 1177001    0.31467   34   64    0.19002    0.33316  75.3%   256 3359s
 1233023 1180053    0.33192   36   65    0.19002    0.33308  75.3%   256 3367s
 1236312 1183202    0.31659   34   62    0.19002    0.33301  75.3%   256 3375s
 1239660 1186237    0.31339   35   66    0.19002    0.33295  75.2%   256 3383s
 1242887 1189344    0.31159   33   66    0.19002    0.33289  75.2%   256 3390s
 1246220 1192316    0.33270   35   51    0.19002    0.33283  75.2%   256 3399s
 1249348 1195589    0.32334   34   67    0.19002    0.33276  75.1%   256 3405s
 1252845 1198793    0.32679   37   57    0.19002    0.33270  75.1%   256 3411s
 1256278 1201969    0.32753   34   58    0.19002    0.33264  75.1%   256 3417s
 1259679 1205759    0.31083   33   65    0.19002    0.33258  75.0%   256 3424s
 1263706 1208861    0.32360   39   60    0.19002    0.33250  75.0%   256 3430s
 1267021 1212058    0.31825   36   63    0.19002    0.33244  74.9%   256 3436s
 1270434 1215027    0.32036   37   65    0.19002    0.33237  74.9%   255 3443s
 1273589 1218176    0.33030   36   54    0.19002    0.33232  74.9%   255 3451s
 1276917 1221298    0.32465   36   66    0.19002    0.33225  74.9%   255 3459s
 1280241 1224509    0.32290   38   58    0.19002    0.33219  74.8%   255 3467s
 1283639 1227699    0.31616   36   43    0.19002    0.33213  74.8%   255 3475s
 1287062 1230630    0.30797   36   64    0.19002    0.33206  74.7%   255 3483s
 1290217 1234297    0.32418   31   65    0.19002    0.33200  74.7%   255 3491s
 1294142 1237477    0.31662   37   56    0.19002    0.33193  74.7%   255 3499s
 1297540 1240483    0.31401   33   68    0.19002    0.33186  74.6%   255 3507s
 1300740 1243830    0.32676   33   67    0.19002    0.33181  74.6%   255 3514s
 1304302 1247032    0.31601   34   56    0.19002    0.33174  74.6%   255 3522s
 1307724 1249892    0.32680   36   60    0.19002    0.33168  74.6%   255 3530s
 1310788 1253097    0.31710   37   63    0.19002    0.33163  74.5%   255 3538s
 1314200 1256313    0.32604   37   64    0.19002    0.33157  74.5%   255 3546s
 1317621 1259277    0.32030   38   65    0.19002    0.33151  74.5%   255 3554s
 1320793 1262997    0.32058   35   43    0.19002    0.33145  74.4%   255 3564s
 1324743 1266079    0.31929   35   65    0.19002    0.33138  74.4%   255 3572s
 1328049 1269265    0.31773   35   63    0.19002    0.33132  74.4%   254 3579s
 1331463 1272419    0.32483   36   64    0.19002    0.33126  74.3%   254 3588s
 1334804 1275456    0.31938   37   67    0.19002    0.33120  74.3%   254 3595s
 1338109 1278541    0.33027   32   72    0.19002    0.33114  74.3%   254 3604s
 1341412 1281722    0.32341   34   59    0.19002    0.33108  74.2%   254 3612s
 1344794 1284930    0.31404   38   63    0.19002    0.33102  74.2%   254 3619s
 1348209 1287982    0.32493   36   63    0.19002    0.33096  74.2%   254 3627s
 1351478 1291539    0.32977   37   66    0.19002    0.33090  74.1%   254 3636s
 1355299 1294618    0.32587   36   44    0.19002    0.33083  74.1%   254 3644s
 1358638 1297752    0.30847   37   63    0.19002    0.33077  74.1%   254 3653s
 1362038 1301037    0.32980   34   55    0.19002    0.33072  74.0%   254 3661s
 1365603 1304179    0.32848   38   40    0.19002    0.33066  74.0%   254 3669s
 1369070 1307303    0.32454   38   63    0.19002    0.33061  74.0%   254 3676s
 1372462 1310458    0.32307   37   68    0.19002    0.33055  74.0%   254 3684s
 1375950 1313607    0.32276   40   54    0.19002    0.33050  73.9%   254 3692s
 1379348 1316793    0.32562   33   70    0.19002    0.33045  73.9%   254 3699s
 1382783 1320333    0.32111   38   60    0.19002    0.33039  73.9%   254 3709s
 1386637 1323537    0.31513   33   75    0.19002    0.33033  73.8%   254 3717s
 1390107 1326611    0.32042   36   70    0.19002    0.33028  73.8%   254 3725s
 1393510 1329706    0.31373   33   66    0.19002    0.33022  73.8%   254 3733s
 1396878 1332516    0.32325   35   68    0.19002    0.33016  73.8%   253 3740s
 1399930 1335645    0.32386   37   62    0.19002    0.33012  73.7%   253 3748s
 1403346 1338840    0.31614   37   61    0.19002    0.33006  73.7%   253 3756s
 1406810 1342063    0.31000   39   65    0.19002    0.33001  73.7%   253 3764s
 1410318 1345309    0.30795   32   69    0.19002    0.32995  73.6%   253 3772s
 1413829 1348915    0.31738   34   70    0.19002    0.32990  73.6%   253 3781s
 1417765 1351872    0.31815   34   57    0.19002    0.32984  73.6%   253 3789s
 1420985 1355174    0.30110   34   71    0.19002    0.32978  73.6%   253 3797s
 1424570 1358215    0.32131   34   67    0.19002    0.32973  73.5%   253 3805s
 1427881 1361364    0.32954   38   59    0.19002    0.32968  73.5%   253 3812s
 1431300 1364550    0.32916   30   68    0.19002    0.32963  73.5%   253 3820s
 1434731 1367516     cutoff   36         0.19002    0.32957  73.4%   253 3828s
 1437963 1370701    0.31492   33   74    0.19002    0.32952  73.4%   253 3835s
 1441412 1373817    0.31442   36   59    0.19002    0.32947  73.4%   253 3843s
 1444795 1377328    0.32837   33   67    0.19002    0.32942  73.4%   253 3851s
 1448610 1380599    0.32265   37   66    0.19002    0.32936  73.3%   253 3858s
 1452152 1383704     cutoff   38         0.19002    0.32931  73.3%   253 3865s
 1455542 1386717    0.32004   37   56    0.19002    0.32925  73.3%   253 3873s
 1458828 1389951    0.31936   36   56    0.19002    0.32920  73.2%   253 3880s
 1462328 1393233    0.31702   38   62    0.19002    0.32914  73.2%   252 3888s
 1465886 1396152    0.32482   31   65    0.19002    0.32909  73.2%   252 3896s
 1469069 1399324    0.32887   37   65    0.19002    0.32904  73.2%   252 3903s
 1472490 1402305    0.32345   35   66    0.19002    0.32899  73.1%   252 3911s
 1475735 1406099    0.32294   35   66    0.19002    0.32894  73.1%   252 3920s
 1479838 1409055     cutoff   38         0.19002    0.32888  73.1%   252 3927s
 1483066 1412077    0.32073   37   59    0.19002    0.32883  73.1%   252 3935s
 1486328 1415097    0.31557   36   66    0.19002    0.32878  73.0%   252 3942s
 1489581 1418241    0.31913   37   58    0.19002    0.32873  73.0%   252 3950s
 1493005 1421292    0.32312   35   65    0.19002    0.32868  73.0%   252 3958s
 1496382 1424339    0.31052   38   56    0.19002    0.32864  73.0%   252 3965s
 1499729 1427378    0.31961   37   43    0.19002    0.32859  72.9%   252 3973s
 1503039 1430433    0.30755   40   63    0.19002    0.32853  72.9%   252 3981s
 1506354 1434006    0.31457   31   63    0.19002    0.32849  72.9%   252 3990s
 1510263 1437198    0.32712   37   59    0.19002    0.32843  72.8%   252 3998s
 1513762 1440169    0.32156   37   64    0.19002    0.32838  72.8%   252 4005s
 1516996 1443028    0.32241   37   60    0.19002    0.32834  72.8%   252 4013s
 1520096 1446231    0.31032   37   62    0.19002    0.32829  72.8%   252 4021s
 1523559 1449294    0.31109   34   66    0.19002    0.32824  72.7%   252 4028s
 1526909 1452319    0.31065   35   67    0.19002    0.32819  72.7%   252 4036s
 1530250 1455458    0.32376   35   67    0.19002    0.32814  72.7%   252 4044s
 1533630 1458566    0.31390   32   65    0.19002    0.32809  72.7%   252 4052s
 1536998 1462095    0.31939   37   57    0.19002    0.32805  72.6%   251 4061s
 1540828 1465406    0.30734   37   66    0.19002    0.32799  72.6%   251 4069s
 1544441 1468459    0.31146   34   67    0.19002    0.32794  72.6%   251 4076s
 1547780 1471509    0.31202   39   65    0.19002    0.32789  72.6%   251 4084s
 1551082 1474414    0.31533   37   64    0.19002    0.32784  72.5%   251 4093s
 1554211 1477532    0.31628   37   40    0.19002    0.32780  72.5%   251 4100s
 1557669 1480745    0.30451   38   53    0.19002    0.32775  72.5%   251 4108s
 1561182 1483824    0.32740   32   56    0.19002    0.32770  72.5%   251 4116s
 1564520 1486955    0.32287   32   65    0.19002    0.32765  72.4%   251 4123s
 1567900 1490578    0.32555   36   40    0.19002    0.32760  72.4%   251 4132s
 1571811 1493763    0.32723   34   70    0.19002    0.32755  72.4%   251 4140s
 1575299 1496800     cutoff   37         0.19002    0.32750  72.4%   251 4147s
 1578552 1499873    0.31654   32   65    0.19002    0.32745  72.3%   251 4155s
 1581886 1503023     cutoff   37         0.19002    0.32741  72.3%   251 4163s
 1585280 1506070    0.32488   35   46    0.19002    0.32736  72.3%   251 4170s
 1588624 1509131 infeasible   34         0.19002    0.32731  72.3%   251 4178s
 1591979 1512209     cutoff   33         0.19002    0.32726  72.2%   251 4186s
 1595320 1515271    0.31246   37   62    0.19002    0.32722  72.2%   251 4193s
 1598659 1518806    0.26815   38   70    0.19002    0.32717  72.2%   251 4202s
 1602503 1521941    0.31222   37   60    0.19002    0.32712  72.2%   251 4209s
 1605890 1525086    0.31166   38   64    0.19002    0.32708  72.1%   251 4217s
 1609303 1528165    0.32440   37   50    0.19002    0.32703  72.1%   251 4225s
 1612662 1530029    0.31559   38   59    0.19002    0.32698  72.1%   250 4234s
 1614683 1533497    0.31367   34   61    0.19002    0.32697  72.1%   250 4242s
 1618427 1536788    0.31225   37   61    0.19002    0.32690  72.0%   250 4251s
 1621997 1540032    0.31653   34   63    0.19002    0.32685  72.0%   250 4259s
 1625499 1543289    0.32263   35   56    0.19002    0.32680  72.0%   250 4267s
 1629017 1546543    0.32247   36   65    0.19002    0.32675  72.0%   250 4275s
 1632568 1549982    0.31639   39   67    0.19002    0.32670  71.9%   250 4282s
 1636320 1553247    0.31140   38   65    0.19002    0.32665  71.9%   250 4288s
 1639830 1556463    0.30770   35   63    0.19002    0.32660  71.9%   250 4295s
 1643302 1559733    0.28232   37   71    0.19002    0.32656  71.9%   250 4302s
 1646846 1562893    0.30634   37   66    0.19002    0.32651  71.8%   250 4310s
 1650225 1565817    0.31374   34   51    0.19002    0.32646  71.8%   250 4317s
 1653444 1568957    0.31540   34   68    0.19002    0.32642  71.8%   250 4325s
 1656838 1572099    0.31224   36   63    0.19002    0.32637  71.8%   250 4333s
 1660208 1575485    0.32187   37   63    0.19002    0.32633  71.7%   250 4342s
 1663888 1578980    0.30938   38   66    0.19002    0.32628  71.7%   250 4350s
 1667709 1582077    0.30880   37   61    0.19002    0.32623  71.7%   250 4358s
 1671082 1585181    0.32147   35   70    0.19002    0.32618  71.7%   250 4366s
 1674448 1588302    0.32535   33   65    0.19002    0.32613  71.6%   250 4373s
 1677847 1591372    0.32385   35   62    0.19002    0.32609  71.6%   250 4381s
 1681160 1594339    0.31215   38   61    0.19002    0.32604  71.6%   250 4389s
 1684431 1597263    0.32161   35   58    0.19002    0.32600  71.6%   250 4396s
 1687609 1600375    0.31832   38   45    0.19002    0.32595  71.5%   250 4404s
 1690958 1603956    0.31209   37   62    0.19002    0.32591  71.5%   249 4413s
 1694900 1606923    0.32542   34   57    0.19002    0.32586  71.5%   249 4420s
 1698109 1610176    0.32312   38   62    0.19002    0.32581  71.5%   249 4426s
 1701637 1613338    0.30284   40   45    0.19002    0.32577  71.4%   249 4432s
 1705091 1616399    0.32268   34   59    0.19002    0.32572  71.4%   249 4437s
 1708441 1619451    0.31082   31   65    0.19002    0.32568  71.4%   249 4444s
 1711769 1622410    0.30630   39   52    0.19002    0.32564  71.4%   249 4451s
 1714965 1625673    0.31172   33   67    0.19002    0.32559  71.3%   249 4459s
 1718514 1628699    0.31556   38   51    0.19002    0.32554  71.3%   249 4467s
 1721789 1632129    0.31916   38   37    0.19002    0.32550  71.3%   249 4476s
 1725526 1635436    0.31114   39   64    0.19002    0.32545  71.3%   249 4484s
 1729100 1638622    0.27212   37   68    0.19002    0.32541  71.2%   249 4492s
 1732613 1641615    0.32490   35   62    0.19002    0.32536  71.2%   249 4499s
 1735866 1644816    0.32532   35   64    0.19002    0.32532  71.2%   249 4507s
 1739297 1647859    0.31214   38   57    0.19002    0.32528  71.2%   249 4515s
 1742578 1650947    0.31705   37   51    0.19002    0.32524  71.2%   249 4522s
 1745930 1654086    0.31389   32   70    0.19002    0.32520  71.1%   249 4529s
 1749347 1657055    0.31836   36   72    0.19002    0.32516  71.1%   249 4537s
 1752600 1660499     cutoff   36         0.19002    0.32511  71.1%   249 4546s
 1756357 1663636    0.31469   37   62    0.19002    0.32506  71.1%   249 4554s
 1759780 1666742    0.30153   34   59    0.19002    0.32502  71.0%   249 4562s
 1763137 1669891    0.32170   32   67    0.19002    0.32497  71.0%   249 4569s
 1766523 1672882    0.32449   38   42    0.19002    0.32494  71.0%   249 4577s
 1769753 1675494    0.31278   36   63    0.19002    0.32489  71.0%   249 4587s
 1772625 1678540    0.32114   36   42    0.19002    0.32488  71.0%   249 4596s
 1775959 1681524    0.31586   36   63    0.19002    0.32485  71.0%   248 4604s
 1779185 1684536    0.30628   37   60    0.19002    0.32482  70.9%   248 4612s
 1782457 1687573    0.31499   38   65    0.19002    0.32478  70.9%   248 4622s
 1785773 1691016    0.31642   38   49    0.19002    0.32473  70.9%   248 4631s
 1789518 1693698    0.30385   37   47    0.19002    0.32469  70.9%   248 4639s
 1792466 1696775    0.30554   36   65    0.19002    0.32465  70.8%   248 4648s
 1795785 1700117    0.32025   36   47    0.19002    0.32460  70.8%   248 4657s
 1799428 1703507    0.31216   32   58    0.19002    0.32456  70.8%   248 4667s
 1803097 1706818    0.32244   35   62    0.19002    0.32451  70.8%   248 4676s
 1806677 1709996    0.32372   37   55    0.19002    0.32447  70.8%   248 4686s
 1810135 1713375    0.31652   37   63    0.19002    0.32442  70.7%   248 4694s
 1813815 1716976    0.31570   39   63    0.19002    0.32435  70.7%   248 4703s
 1817749 1720017    0.32349   36   59    0.19002    0.32430  70.7%   248 4710s
 1821054 1722991    0.31038   38   45    0.19002    0.32426  70.6%   248 4718s
 1824344 1726009    0.30373   34   69    0.19002    0.32422  70.6%   248 4726s
 1827751 1729007    0.32140   39   65    0.19002    0.32418  70.6%   248 4732s
 1831033 1732055    0.32341   37   44    0.19002    0.32414  70.6%   248 4737s
 1834311 1735163    0.31681   36   62    0.19002    0.32410  70.6%   248 4743s
 1837709 1738294    0.32244   31   72    0.19002    0.32406  70.5%   248 4749s
 1841123 1741378    0.31127   39   63    0.19002    0.32402  70.5%   248 4756s
 1844494 1744985    0.30724   33   66    0.19002    0.32397  70.5%   248 4765s
 1848440 1747887    0.32211   35   66    0.19002    0.32394  70.5%   248 4773s
 1851605 1750835    0.31313   35   67    0.19002    0.32389  70.4%   248 4780s
 1854814 1754064    0.32137   38   66    0.19002    0.32385  70.4%   248 4788s
 1858316 1757054    0.31622   37   61    0.19002    0.32381  70.4%   248 4796s
 1861581 1760196    0.31515   38   59    0.19002    0.32377  70.4%   248 4804s
 1865049 1763390    0.31821   38   60    0.19002    0.32373  70.4%   248 4812s
 1868532 1766540    0.30070   35   66    0.19002    0.32369  70.3%   247 4820s
 1871922 1769668    0.31431   38   38    0.19002    0.32364  70.3%   247 4827s
 1875324 1773038    0.31854   36   63    0.19002    0.32360  70.3%   247 4836s
 1879003 1776379    0.31342   38   47    0.19002    0.32356  70.3%   247 4844s
 1882609 1779460    0.30166   35   67    0.19002    0.32352  70.3%   247 4851s
 1885946 1782548    0.31597   33   64    0.19002    0.32348  70.2%   247 4858s
 1889397 1785583    0.31954   36   61    0.19002    0.32344  70.2%   247 4866s
 1892707 1788493    0.31782   36   67    0.19002    0.32340  70.2%   247 4873s
 1895826 1791739    0.31727   36   68    0.19002    0.32336  70.2%   247 4881s
 1899361 1794944    0.30701   34   72    0.19002    0.32332  70.2%   247 4888s
 1902859 1798044    0.29675   34   67    0.19002    0.32328  70.1%   247 4895s
 1906272 1801610    0.31702   37   66    0.19002    0.32324  70.1%   247 4904s
 1910135 1804634    0.31657   31   72    0.19002    0.32320  70.1%   247 4912s
 1913427 1807727    0.31315   42   63    0.19002    0.32316  70.1%   247 4920s
 1916801 1810682    0.30743   35   65    0.19002    0.32312  70.0%   247 4926s
 1920025 1813939    0.31859   35   59    0.19002    0.32308  70.0%   247 4932s
 1923558 1817035    0.31510   39   60    0.19002    0.32304  70.0%   247 4939s
 1926285 1817035    0.19833   36   49    0.19002    0.32303  70.0%   247 4940s
 1926912 1820081    0.32237   37   45    0.19002    0.32300  70.0%   247 4947s
 1930218 1823270    0.31563   38   45    0.19002    0.32296  70.0%   247 4955s
 1933707 1826331    0.29870   35   62    0.19002    0.32292  69.9%   247 4962s
 1937034 1829870    0.32284   31   64    0.19002    0.32289  69.9%   247 4971s
 1940898 1832870    0.32211   38   58    0.19002    0.32284  69.9%   247 4979s
 1944172 1835934    0.30900   37   62    0.19002    0.32280  69.9%   247 4987s
 1947519 1838933    0.31807   32   66    0.19002    0.32276  69.9%   247 4994s
 1950826 1841754    0.30915   38   63    0.19002    0.32272  69.8%   247 5002s
 1953937 1844927    0.31105   37   53    0.19002    0.32269  69.8%   247 5010s
 1957400 1848136    0.25822   35   66    0.19002    0.32265  69.8%   247 5017s
 1960934 1851285    0.30721   37   69    0.19002    0.32261  69.8%   247 5024s
 1964414 1854427    0.31467   34   64    0.19002    0.32256  69.8%   247 5030s
 1967830 1857744    0.30599   32   71    0.19002    0.32252  69.7%   246 5037s
 1971500 1860997    0.29934   37   69    0.19002    0.32248  69.7%   246 5043s
 1975056 1863985    0.31048   38   48    0.19002    0.32244  69.7%   246 5050s
 1978317 1867209    0.30779   35   65    0.19002    0.32240  69.7%   246 5057s
 1981865 1870308    0.32089   38   54    0.19002    0.32236  69.6%   246 5065s
 1985266 1873340    0.32062   35   65    0.19002    0.32232  69.6%   246 5073s
 1988583 1876371    0.29009   37   67    0.19002    0.32228  69.6%   246 5080s
 1991889 1879163     cutoff   33         0.19002    0.32224  69.6%   246 5088s
 1994914 1882440    0.30699   36   61    0.19002    0.32221  69.6%   246 5096s
 1998486 1885931    0.30699   36   63    0.19002    0.32217  69.5%   246 5104s
 2002310 1888954    0.29538   39   58    0.19002    0.32213  69.5%   246 5112s
 2005623 1891927    0.32113   36   60    0.19002    0.32209  69.5%   246 5119s
 2008898 1894814    0.32202   36   60    0.19002    0.32205  69.5%   246 5127s
 2012059 1898023    0.30760   39   63    0.19002    0.32202  69.5%   246 5135s
 2015569 1901113    0.30924   33   55    0.19002    0.32197  69.4%   246 5143s
 2018948 1903906    0.31997   34   67    0.19002    0.32194  69.4%   246 5150s
 2021984 1907134    0.32115   32   58    0.19002    0.32190  69.4%   246 5158s
 2025509 1910337    0.31005   37   58    0.19002    0.32186  69.4%   246 5166s
 2028992 1913663    0.31245   39   60    0.19002    0.32182  69.4%   246 5175s
 2032675 1916828    0.31313   36   41    0.19002    0.32178  69.3%   246 5183s
 2036158 1919928    0.29491   39   60    0.19002    0.32174  69.3%   246 5190s
 2039565 1923054    0.31323   35   63    0.19002    0.32170  69.3%   246 5198s
 2042983 1925939    0.29235   38   70    0.19002    0.32166  69.3%   246 5205s
 2046153 1929048    0.31175   37   64    0.19002    0.32162  69.3%   246 5213s
 2049590 1932072    0.31278   35   61    0.19002    0.32159  69.2%   246 5220s
 2052909 1935154    0.28900   35   63    0.19002    0.32155  69.2%   246 5226s
 2056321 1938274    0.30880   37   39    0.19002    0.32151  69.2%   246 5232s
 2059718 1941585    0.30082   36   62    0.19002    0.32147  69.2%   246 5239s
 2063390 1944824    0.31956   32   69    0.19002    0.32144  69.2%   246 5246s
 2066942 1948057    0.30722   39   54    0.19002    0.32139  69.1%   246 5254s
 2070400 1951145    0.31777   37   57    0.19002    0.32136  69.1%   246 5262s
 2073767 1954157    0.31279   37   47    0.19002    0.32132  69.1%   246 5269s
 2077103 1957041    0.31574   39   56    0.19002    0.32128  69.1%   246 5277s
 2080253 1960202    0.32079   32   59    0.19002    0.32125  69.1%   245 5285s
 2083669 1963340    0.31928   37   63    0.19002    0.32121  69.0%   245 5292s
 2087094 1966196    0.32075   38   67    0.19002    0.32118  69.0%   245 5300s
 2090226 1969750    0.31642   34   67    0.19002    0.32114  69.0%   245 5308s
 2094109 1972712    0.31817   35   68    0.19002    0.32110  69.0%   245 5316s
 2097378 1975884    0.30684   32   69    0.19002    0.32106  69.0%   245 5324s
 2100832 1978871    0.31560   39   43    0.19002    0.32102  68.9%   245 5330s
 2104105 1981784    0.30727   37   61    0.19002    0.32098  68.9%   245 5336s
 2107291 1984863    0.31778   36   63    0.19002    0.32095  68.9%   245 5342s
 2110656 1987983    0.31709   33   51    0.19002    0.32091  68.9%   245 5348s
 2114037 1991042    0.30720   34   64    0.19002    0.32088  68.9%   245 5354s
 2117375 1993930    0.30406   32   72    0.19002    0.32085  68.8%   245 5361s
 2120573 1997342    0.30862   38   64    0.19002    0.32081  68.8%   245 5370s
 2124290 2000420    0.31279   36   64    0.19002    0.32077  68.8%   245 5378s
 2127685 2003501    0.31874   37   61    0.19002    0.32074  68.8%   245 5386s
 2131072 2006501    0.30635   35   69    0.19002    0.32070  68.8%   245 5393s
 2134354 2009558    0.27427   36   71    0.19002    0.32066  68.8%   245 5400s
 2137687 2012552    0.31199   37   59    0.19002    0.32063  68.7%   245 5408s
 2140996 2015567    0.31029   37   65    0.19002    0.32059  68.7%   245 5416s
 2144310 2018711    0.31694   34   72    0.19002    0.32055  68.7%   245 5424s
 2147714 2021899    0.31016   38   51    0.19002    0.32052  68.7%   245 5431s
 2151207 2025196    0.31025   38   65    0.19002    0.32048  68.7%   245 5440s
 2154799 2028290    0.31821   40   40    0.19002    0.32045  68.6%   245 5448s
 2158159 2031523    0.30757   35   64    0.19002    0.32041  68.6%   245 5456s
 2161774 2034756    0.30273   37   62    0.19002    0.32037  68.6%   245 5464s
 2165273 2037746    0.31647   37   41    0.19002    0.32033  68.6%   245 5471s
 2168610 2040881    0.30536   32   66    0.19002    0.32030  68.6%   245 5478s
 2172083 2044001    0.30343   37   51    0.19002    0.32027  68.5%   245 5483s
 2175517 2047134    0.31676   37   62    0.19002    0.32023  68.5%   245 5489s
 2178911 2050186    0.29933   37   48    0.19002    0.32019  68.5%   245 5495s
 2182280 2053363    0.31947   31   66    0.19002    0.32015  68.5%   245 5504s
 2185771 2056730    0.31576   33   67    0.19002    0.32011  68.5%   245 5512s
 2189489 2059961    0.31142   37   42    0.19002    0.32007  68.4%   245 5520s
 2193018 2063123    0.30503   38   59    0.19002    0.32003  68.4%   245 5528s
 2196472 2066108    0.31939   35   60    0.19002    0.32000  68.4%   245 5535s
 2199757 2066309    0.31614   32   72    0.19002    0.31996  68.4%   244 5546s
 2199971 2069096    0.29769   40   66    0.19002    0.31996  68.4%   244 5554s
 2203073 2072202    0.30050   36   67    0.19002    0.31995  68.4%   244 5562s
 2206454 2075471     cutoff   39         0.19002    0.31993  68.4%   244 5570s
 2210052 2078739    0.31305   37   61    0.19002    0.31986  68.3%   244 5579s
 2213579 2082249    0.31043   36   65    0.19002    0.31982  68.3%   244 5587s
 2217431 2085244    0.31450   38   49    0.19002    0.31978  68.3%   244 5595s
 2220745 2088252    0.30059   36   62    0.19002    0.31975  68.3%   244 5602s
 2224058 2091213    0.30856   36   63    0.19002    0.31971  68.2%   244 5610s
 2227325 2094309    0.31864   40   62    0.19002    0.31967  68.2%   244 5618s
 2230744 2097271    0.29925   33   68    0.19002    0.31964  68.2%   244 5626s
 2233997 2100222    0.30362   33   68    0.19002    0.31961  68.2%   244 5633s
 2237275 2103419    0.31016   37   62    0.19002    0.31957  68.2%   244 5641s
 2240779 2106375    0.30898   40   48    0.19002    0.31954  68.2%   244 5648s
 2244002 2109738    0.31139   37   63    0.19002    0.31950  68.1%   244 5655s
 2247689 2112847    0.31398   37   60    0.19002    0.31947  68.1%   244 5661s
 2251104 2115941    0.31267   37   64    0.19002    0.31943  68.1%   244 5666s
 2254490 2118805    0.30933   37   45    0.19002    0.31939  68.1%   244 5671s
 2257657 2121847    0.30865   37   59    0.19002    0.31936  68.1%   244 5677s
 2261017 2124946    0.30069   36   55    0.19002    0.31933  68.0%   244 5685s
 2264430 2127895    0.31331   38   42    0.19002    0.31929  68.0%   244 5693s
 2267660 2131088    0.30581   37   62    0.19002    0.31925  68.0%   244 5701s
 2271133 2133790    0.29452   34   67    0.19002    0.31922  68.0%   244 5709s
 2274082 2137291    0.30036   35   54    0.19002    0.31918  68.0%   244 5717s
 2277951 2140274    0.30950   40   63    0.19002    0.31915  68.0%   244 5725s
 2281165 2143206    0.30296   37   64    0.19002    0.31911  67.9%   244 5733s
 2284440 2146241    0.30408   36   72    0.19002    0.31908  67.9%   244 5740s
 2287804 2149272    0.31833   36   64    0.19002    0.31904  67.9%   244 5748s
 2291112 2152316    0.31561   38   49    0.19002    0.31901  67.9%   244 5755s
 2294473 2155299    0.31022   37   66    0.19002    0.31898  67.9%   244 5762s
 2297753 2158503    0.31256   38   61    0.19002    0.31895  67.8%   244 5770s
 2301319 2161559    0.31808   37   43    0.19002    0.31891  67.8%   244 5777s
 2304639 2165100    0.31290   31   67    0.19002    0.31887  67.8%   244 5786s
 2308501 2168024    0.31326   39   41    0.19002    0.31884  67.8%   244 5794s
 2311736 2171003    0.30826   39   56    0.19002    0.31881  67.8%   244 5801s
 2315048 2173981    0.29195   39   55    0.19002    0.31877  67.8%   244 5807s
 2318291 2176968    0.29343   39   63    0.19002    0.31874  67.7%   244 5813s
 2321496 2180082    0.31702   33   61    0.19002    0.31871  67.7%   244 5819s
 2324937 2183043    0.31005   34   64    0.19002    0.31867  67.7%   244 5825s
 2328197 2186213    0.30821   36   61    0.19002    0.31864  67.7%   244 5832s
 2331671 2189241    0.30705   37   66    0.19002    0.31860  67.7%   243 5840s
 2334980 2192532    0.30721   37   65    0.19002    0.31857  67.7%   243 5849s
 2338572 2195702    0.31172   36   65    0.19002    0.31854  67.6%   243 5857s
 2342038 2198868    0.30445   37   65    0.19002    0.31850  67.6%   243 5864s
 2345485 2201958    0.30833   40   54    0.19002    0.31846  67.6%   243 5872s
 2348929 2204870    0.30185   41   59    0.19002    0.31843  67.6%   243 5880s
 2352093 2208059    0.30222   33   63    0.19002    0.31840  67.6%   243 5888s
 2355568 2211182    0.31602   39   53    0.19002    0.31837  67.5%   243 5895s
 2358990 2214196    0.29929   35   66    0.19002    0.31833  67.5%   243 5903s
 2362315 2217213    0.29146   33   67    0.19002    0.31830  67.5%   243 5911s
 2365645 2220447    0.31516   36   51    0.19002    0.31827  67.5%   243 5920s
 2369211 2223784    0.31180   37   41    0.19002    0.31823  67.5%   243 5928s
 2372875 2226949    0.30559   33   65    0.19002    0.31820  67.5%   243 5936s
 2376337 2229997    0.30889   38   71    0.19002    0.31816  67.4%   243 5944s
 2379702 2232659    0.30200   35   61    0.19002    0.31813  67.4%   243 5952s
 2382646 2235891    0.31038   36   61    0.19002    0.31810  67.4%   243 5959s
 2386253 2239025    0.29900   37   63    0.19002    0.31806  67.4%   243 5967s
 2389714 2241791    0.31329   39   56    0.19002    0.31803  67.4%   243 5975s
 2392781 2244933    0.30737   35   63    0.19002    0.31800  67.4%   243 5983s
 2396256 2248502    0.30533   33   68    0.19002    0.31797  67.3%   243 5992s
 2400147 2251388    0.31564   36   50    0.19002    0.31793  67.3%   243 5999s
 2403307 2254342    0.30482   34   60    0.19002    0.31790  67.3%   243 6007s
 2406554 2257433    0.30682   37   46    0.19002    0.31787  67.3%   243 6015s
 2409981 2260504    0.30919   37   62    0.19002    0.31784  67.3%   243 6022s
 2413351 2263457    0.31200   35   59    0.19002    0.31780  67.2%   243 6030s
 2416596 2266440    0.29938   37   64    0.19002    0.31777  67.2%   243 6038s
 2419882 2269397    0.30153   36   61    0.19002    0.31774  67.2%   243 6045s
 2423136 2272459    0.29703   36   64    0.19002    0.31770  67.2%   243 6053s
 2426528 2275884    0.30127   39   70    0.19002    0.31767  67.2%   243 6062s
 2430315 2278959    0.30627   37   67    0.19002    0.31763  67.2%   243 6070s
 2433668 2281844    0.30715   37   49    0.19002    0.31760  67.1%   243 6078s
 2436851 2284959    0.31458   33   48    0.19002    0.31757  67.1%   243 6084s
 2440296 2288006    0.31470   34   65    0.19002    0.31754  67.1%   243 6090s
 2443648 2290717    0.30718   34   49    0.19002    0.31751  67.1%   243 6097s
 2446649 2293966    0.30690   35   67    0.19002    0.31748  67.1%   243 6105s
 2450248 2296950    0.30615   39   59    0.19002    0.31745  67.1%   243 6113s
 2453524 2299971    0.31507   32   71    0.19002    0.31741  67.0%   243 6121s
 2456827 2303423    0.29942   38   65    0.19002    0.31738  67.0%   243 6130s
 2460625 2306337    0.30549   39   60    0.19002    0.31735  67.0%   243 6137s
 2463828 2309346    0.31412   30   73    0.19002    0.31732  67.0%   243 6145s
 2467100 2312490    0.30389   40   62    0.19002    0.31729  67.0%   243 6153s
 2470535 2315600    0.31133   41   63    0.19002    0.31725  67.0%   243 6161s
 2473971 2318585 infeasible   35         0.19002    0.31723  66.9%   242 6169s
 2477306 2321545    0.31319   37   65    0.19002    0.31719  66.9%   242 6176s
 2480588 2324497    0.29743   36   65    0.19002    0.31716  66.9%   242 6184s
 2483850 2327473    0.31614   36   66    0.19002    0.31713  66.9%   242 6192s
 2487081 2330783    0.30261   36   69    0.19002    0.31710  66.9%   242 6201s
 2490725 2333942    0.31229   37   59    0.19002    0.31707  66.9%   242 6209s
 2494214 2336903    0.30074   38   59    0.19002    0.31704  66.8%   242 6217s
 2497463 2339772    0.31087   38   57    0.19002    0.31701  66.8%   242 6225s
 2500611 2342902    0.29129   36   63    0.19002    0.31698  66.8%   242 6232s
 2504033 2345979    0.31556   35   63    0.19002    0.31695  66.8%   242 6240s
 2507472 2349105    0.29800   37   61    0.19002    0.31691  66.8%   242 6248s
 2510906 2352192    0.31605   34   62    0.19002    0.31688  66.8%   242 6256s
 2514278 2355229    0.30107   38   63    0.19002    0.31685  66.7%   242 6264s
 2517574 2358522    0.31105   38   44    0.19002    0.31682  66.7%   242 6273s
 2521208 2361645    0.30016   36   57    0.19002    0.31678  66.7%   242 6278s
 2524579 2364767    0.31479   39   49    0.19002    0.31675  66.7%   242 6286s
 2528017 2367699    0.30331   39   63    0.19002    0.31672  66.7%   242 6293s
 2531212 2370577    0.30184   38   69    0.19002    0.31670  66.7%   242 6298s
 2534413 2373682    0.30051   34   70    0.19002    0.31666  66.6%   242 6305s
 2537777 2376865    0.30846   37   62    0.19002    0.31663  66.6%   242 6313s
 2541286 2379708    0.30975   38   48    0.19002    0.31660  66.6%   242 6320s
 2544452 2382937    0.31047   37   37    0.19002    0.31657  66.6%   242 6328s
 2547982 2386197    0.30603   37   60    0.19002    0.31654  66.6%   242 6337s
 2551610 2389391    0.30020   39   61    0.19002    0.31651  66.6%   242 6344s
 2555109 2392574    0.29844   39   61    0.19002    0.31648  66.5%   242 6351s
 2558616 2395619    0.28891   38   68    0.19002    0.31644  66.5%   242 6358s
 2561998 2398610    0.29122   35   65    0.19002    0.31641  66.5%   242 6364s
 2565286 2401614    0.30643   38   61    0.19002    0.31639  66.5%   242 6370s
 2568570 2404767    0.30920   35   68    0.19002    0.31635  66.5%   242 6377s
 2572047 2407702    0.29920   39   64    0.19002    0.31632  66.5%   242 6385s
 2575244 2410783    0.31097   32   63    0.19002    0.31629  66.5%   242 6393s
 2578673 2414167    0.30371   32   71    0.19002    0.31626  66.4%   242 6400s
 2582427 2417230    0.31468   36   48    0.19002    0.31623  66.4%   242 6408s
 2585797 2420263    0.30173   37   66    0.19002    0.31620  66.4%   242 6414s
 2589124 2422874    0.29657   35   66    0.19002    0.31617  66.4%   242 6422s
 2592008 2426086    0.30247   35   67    0.19002    0.31614  66.4%   242 6428s
 2595538 2429185     cutoff   33         0.19002    0.31611  66.4%   242 6434s
 2598909 2432355    0.30125   34   76    0.19002    0.31608  66.3%   242 6439s
 2602368 2435381    0.29829   38   66    0.19002    0.31605  66.3%   242 6446s
 2605726 2438381    0.29669   35   68    0.19002    0.31601  66.3%   242 6453s
 2609041 2441608    0.30571   38   63    0.19002    0.31598  66.3%   242 6461s
 2612641 2444752    0.30402   40   49    0.19002    0.31595  66.3%   242 6469s
 2616125 2447661    0.30588   39   63    0.19002    0.31592  66.3%   242 6478s
 2619312 2450813    0.29951   37   64    0.19002    0.31589  66.2%   242 6485s
 2622829 2453830    0.31010   36   65    0.19002    0.31586  66.2%   242 6493s
 2626152 2456958    0.30582   36   60    0.19002    0.31583  66.2%   242 6501s
 2629656 2459986    0.31414   35   63    0.19002    0.31580  66.2%   242 6508s
 2633003 2462870    0.31471   34   72    0.19002    0.31577  66.2%   242 6516s
 2636212 2465762    0.30594   39   62    0.19002    0.31574  66.2%   241 6523s
 2639432 2469094    0.30550   35   60    0.19002    0.31571  66.1%   241 6532s
 2643088 2472145    0.31237   38   56    0.19002    0.31568  66.1%   241 6540s
 2646478 2475094    0.30550   39   68    0.19002    0.31564  66.1%   241 6549s
 2649732 2478183    0.29444   40   62    0.19002    0.31562  66.1%   241 6557s
 2653137 2481174    0.30140   37   62    0.19002    0.31559  66.1%   241 6564s
 2656461 2484288    0.30567   34   67    0.19002    0.31556  66.1%   241 6571s
 2659907 2487117    0.31496   36   58    0.19002    0.31553  66.1%   241 6579s
 2663032 2488475    0.30607   36   68    0.19002    0.31550  66.0%   241 6589s
 2664566 2491854    0.30845   40   40    0.19002    0.31549  66.0%   241 6598s
 2668327 2495144    0.30477   36   64    0.19002    0.31545  66.0%   241 6606s
 2671963 2498111    0.30715   38   43    0.19002    0.31542  66.0%   241 6615s
 2675240 2501177    0.30130   39   59    0.19002    0.31539  66.0%   241 6623s
 2678624 2504327    0.29356   32   69    0.19002    0.31536  66.0%   241 6631s
 2682117 2507433    0.31220   37   42    0.19002    0.31533  65.9%   241 6638s
 2685532 2510383    0.30590   37   50    0.19002    0.31530  65.9%   241 6646s
 2688845 2513199    0.29583   33   64    0.19002    0.31527  65.9%   241 6654s
 2691956 2516317    0.31397   34   69    0.19002    0.31525  65.9%   241 6662s
 2695458 2519443     cutoff   39         0.19002    0.31522  65.9%   241 6670s
 2698908 2522812    0.28993   36   67    0.19002    0.31519  65.9%   241 6678s
 2702583 2525844    0.30896   39   62    0.19002    0.31516  65.9%   241 6686s
 2705852 2528826    0.31149   38   64    0.19002    0.31513  65.8%   241 6694s
 2709143 2531972    0.29949   36   43    0.19002    0.31511  65.8%   241 6701s
 2712597 2535090    0.31439   37   39    0.19002    0.31508  65.8%   241 6709s
 2716033 2538124    0.28925   37   59    0.19002    0.31505  65.8%   241 6717s
 2719411 2541055    0.29683   39   39    0.19002    0.31502  65.8%   241 6725s
 2722623 2544065    0.29673   34   67    0.19002    0.31500  65.8%   241 6732s
 2725993 2547173    0.30610   37   54    0.19002    0.31497  65.8%   241 6739s
 2729397 2550275    0.30194   35   66    0.19002    0.31493  65.7%   241 6748s
 2732852 2553577    0.30740   39   55    0.19002    0.31491  65.7%   241 6756s
 2736509 2556752    0.30800   37   60    0.19002    0.31487  65.7%   241 6764s
 2739991 2559819    0.30601   39   51    0.19002    0.31484  65.7%   241 6771s
 2743347 2562856    0.29900   38   49    0.19002    0.31482  65.7%   241 6779s
 2746687 2565758    0.30811   38   41    0.19002    0.31479  65.7%   241 6787s
 2749907 2568867    0.31440   34   69    0.19002    0.31476  65.6%   241 6795s
 2753329 2571996    0.29171   36   62    0.19002    0.31473  65.6%   241 6801s
 2756750 2575085    0.31185   34   68    0.19002    0.31471  65.6%   241 6806s
 2760100 2578488    0.31135   41   59    0.19002    0.31468  65.6%   241 6815s
 2763831 2581426    0.30600   38   49    0.19002    0.31465  65.6%   241 6823s
 2767027 2584405    0.30461   34   51    0.19002    0.31462  65.6%   241 6830s
 2770337 2587541    0.30839   34   62    0.19002    0.31459  65.6%   241 6838s
 2773764 2590419    0.30551   39   37    0.19002    0.31456  65.5%   241 6846s
 2776988 2593537    0.30541   37   60    0.19002    0.31453  65.5%   241 6853s
 2780408 2596656    0.28761   36   66    0.19002    0.31451  65.5%   241 6861s
 2783821 2599758    0.30659   38   47    0.19002    0.31448  65.5%   241 6869s
 2787221 2602777    0.30078   33   60    0.19002    0.31445  65.5%   241 6877s
 2790552 2605771    0.31066   35   61    0.19002    0.31443  65.5%   241 6886s
 2793866 2609091    0.29422   35   63    0.19002    0.31440  65.5%   241 6894s
 2797565 2612370    0.30529   37   64    0.19002    0.31437  65.4%   241 6902s
 2801213 2615530    0.31338   35   61    0.19002    0.31433  65.4%   241 6910s
 2804713 2618516    0.30111   37   66    0.19002    0.31431  65.4%   241 6918s
 2808021 2621468 infeasible   36         0.19002    0.31428  65.4%   241 6926s
 2811295 2624355    0.29979   37   61    0.19002    0.31425  65.4%   241 6931s
 2814492 2627309    0.30259   34   56    0.19002    0.31423  65.4%   241 6938s
 2817769 2630381    0.29844   37   58    0.19002    0.31420  65.4%   241 6946s
 2821150 2633663    0.31055   35   44    0.19002    0.31417  65.3%   241 6954s
 2824769 2636681    0.31169   36   67    0.19002    0.31414  65.3%   241 6962s
 2828124 2639760    0.29247   36   60    0.19002    0.31411  65.3%   241 6970s
 2831531 2642830    0.29609   34   70    0.19002    0.31408  65.3%   241 6978s
 2834890 2645815    0.30537   40   62    0.19002    0.31406  65.3%   240 6986s
 2838233 2648820    0.28805   36   45    0.19002    0.31403  65.3%   240 6993s
 2841554 2651809    0.30125   34   51    0.19002    0.31400  65.2%   240 7001s
 2844895 2654882    0.31271   34   65    0.19002    0.31398  65.2%   240 7009s
 2848319 2657905    0.30545   37   65    0.19002    0.31395  65.2%   240 7015s
 2851638 2660984    0.29993   38   60    0.19002    0.31392  65.2%   240 7022s
 2855077 2664113    0.29067   37   64    0.19002    0.31389  65.2%   240 7028s
 2858553 2667268    0.30445   38   60    0.19002    0.31386  65.2%   240 7034s
 2862022 2670355    0.29187   35   71    0.19002    0.31383  65.2%   240 7042s
 2865485 2673443    0.29436   38   68    0.19002    0.31380  65.1%   240 7050s
 2868888 2676542     cutoff   43         0.19002    0.31378  65.1%   240 7058s
 2872329 2679240    0.31330   34   67    0.19002    0.31375  65.1%   240 7066s
 2875300 2682407    0.31309   33   71    0.19002    0.31373  65.1%   240 7074s
 2878784 2685512    0.30858   39   65    0.19002    0.31370  65.1%   240 7082s
 2882201 2688715    0.19873   39   58    0.19002    0.31367  65.1%   240 7091s
 2885823 2691220    0.28937   38   64    0.19002    0.31364  65.1%   240 7099s
 2888633 2693081    0.29443   36   47    0.19002    0.31362  65.0%   240 7108s
 2890677 2695079    0.31341   39   43    0.19002    0.31362  65.0%   240 7119s
H2892627 2695079                       0.1900202    0.31361  65.0%   240 7122s
 2892867 2697444    0.31340   36   46    0.19002    0.31361  65.0%   240 7136s
 2895530 2699520    0.30437   41   61    0.19002    0.31361  65.0%   240 7149s
 2897859 2702372    0.31341   39   54    0.19002    0.31359  65.0%   240 7161s
 2901007 2705248    0.30490   34   56    0.19002    0.31357  65.0%   240 7176s
 2904247 2708028    0.29189   37   64    0.19002    0.31355  65.0%   240 7191s
 2907314 2711197    0.30513   38   42    0.19002    0.31353  65.0%   240 7205s
 2910805 2714731    0.31030   33   67    0.19002    0.31350  65.0%   240 7218s
 2914712 2717593    0.29382   34   67    0.19002    0.31346  65.0%   240 7228s
 2917913 2720696    0.29664   37   61    0.19002    0.31342  64.9%   240 7237s
 2921324 2723921    0.30970   35   46    0.19002    0.31338  64.9%   240 7246s
 2924881 2727203    0.30592   36   51    0.19002    0.31335  64.9%   240 7254s
 2928484 2730410    0.31181   39   35    0.19002    0.31332  64.9%   240 7260s
 2932051 2733602    0.28966   33   64    0.19002    0.31327  64.9%   240 7266s
 2935596 2736772    0.28220   38   65    0.19002    0.31324  64.8%   240 7273s
 2939111 2739705    0.31254   36   62    0.19002    0.31321  64.8%   240 7279s
 2942354 2742828    0.29162   36   72    0.19002    0.31319  64.8%   240 7286s
 2945833 2745930    0.31316   31   67    0.19002    0.31316  64.8%   240 7295s
 2949271 2749204    0.31029   36   68    0.19002    0.31313  64.8%   240 7303s
 2952924 2752318    0.29991   39   57    0.19002    0.31311  64.8%   240 7311s
 2956310 2755429    0.29771   38   67    0.19002    0.31308  64.8%   240 7318s
 2959734 2758532    0.30339   35   68    0.19002    0.31305  64.7%   240 7326s
 2963155 2761592    0.29662   37   65    0.19002    0.31303  64.7%   240 7334s
 2966545 2764586    0.30080   37   49    0.19002    0.31300  64.7%   240 7342s
 2969882 2767360    0.30897   35   42    0.19002    0.31298  64.7%   240 7350s
 2972937 2770466    0.29861   37   70    0.19002    0.31295  64.7%   240 7358s
 2976362 2770497    0.31180   38   61    0.19002    0.31292  64.7%   240 7368s
 2976395 2777643    0.30465   36   54    0.19002    0.31292  64.7%   240 7523s
 2984254 2785522    0.29093   38   58    0.19002    0.31286  64.6%   240 7546s
 2992989 2791419    0.30871   38   59    0.19002    0.31280  64.6%   240 7561s
 2999490 2795862    0.29616   39   63    0.19002    0.31275  64.6%   240 7573s
 3004492 2799832    0.30453   37   56    0.19002    0.31271  64.6%   240 7583s
 3008906 2802806    0.31055   39   57    0.19002    0.31268  64.6%   240 7592s
 3012216 2806299    0.31221   35   67    0.19002    0.31266  64.5%   240 7601s
 3016032 2809390    0.30138   40   63    0.19002    0.31263  64.5%   240 7609s
 3019464 2812482    0.29523   39   65    0.19002    0.31260  64.5%   240 7617s
 3022902 2815469    0.30447   39   66    0.19002    0.31258  64.5%   240 7625s
 3026178 2818624    0.30338   35   71    0.19002    0.31255  64.5%   240 7633s
 3029660 2821649    0.29702   33   60    0.19002    0.31253  64.5%   240 7639s
 3033043 2824551    0.28797   37   61    0.19002    0.31250  64.5%   240 7645s
 3036234 2827615    0.30274   38   60    0.19002    0.31248  64.4%   240 7651s
 3039642 2830931    0.30643   31   70    0.19002    0.31245  64.4%   240 7657s
 3043326 2833947    0.29716   40   51    0.19002    0.31242  64.4%   240 7663s
 3046652 2836921    0.30804   39   57    0.19002    0.31239  64.4%   240 7670s
 3049961 2839891     cutoff   41         0.19002    0.31237  64.4%   240 7678s
 3053208 2842957    0.30689   35   62    0.19002    0.31234  64.4%   240 7686s
 3056601 2846007    0.30334   38   59    0.19002    0.31232  64.4%   240 7694s
 3059953 2849070    0.30192   36   62    0.19002    0.31229  64.3%   240 7702s
 3063338 2852109    0.30430   38   54    0.19002    0.31227  64.3%   240 7710s
 3066719 2855076    0.29994   39   61    0.19002    0.31224  64.3%   239 7718s
 3069961 2858443    0.30076   34   56    0.19002    0.31222  64.3%   239 7727s
 3073705 2861355    0.30366   36   66    0.19002    0.31219  64.3%   239 7735s
 3076916 2864452    0.29588   39   66    0.19002    0.31216  64.3%   239 7743s
 3080314 2867395    0.30061   40   62    0.19002    0.31214  64.3%   239 7750s
 3083604 2870381    0.29782   38   61    0.19002    0.31211  64.3%   239 7758s
 3086906 2873526    0.29429   39   65    0.19002    0.31209  64.2%   239 7766s
 3090348 2876594    0.30309   38   63    0.19002    0.31207  64.2%   239 7774s
 3093731 2879658    0.30243   39   60    0.19002    0.31204  64.2%   239 7782s
 3097122 2882519    0.29570   40   52    0.19002    0.31201  64.2%   239 7789s
 3100237 2885852    0.31097   37   42    0.19002    0.31199  64.2%   239 7798s
 3103888 2888849    0.29279   37   49    0.19002    0.31196  64.2%   239 7807s
 3107181 2891781    0.29991   40   63    0.19002    0.31193  64.2%   239 7814s
 3110409 2894883    0.30542   37   65    0.19002    0.31191  64.1%   239 7822s
 3113870 2898057    0.28633   38   67    0.19002    0.31189  64.1%   239 7830s
 3117300 2901173    0.30872   34   64    0.19002    0.31186  64.1%   239 7838s
 3120713 2904205    0.30486   36   61    0.19002    0.31184  64.1%   239 7846s
 3124087 2907137    0.25882   38   71    0.19002    0.31182  64.1%   239 7854s
 3127327 2910143    0.30261   38   58    0.19002    0.31179  64.1%   239 7862s
 3130628 2913459    0.30639   32   65    0.19002    0.31176  64.1%   239 7871s
 3134336 2916490    0.30613   35   63    0.19002    0.31174  64.1%   239 7879s
 3137653 2919490    0.29834   36   62    0.19002    0.31171  64.0%   239 7886s
 3140990 2922422    0.30159   37   57    0.19002    0.31169  64.0%   239 7894s
 3144302 2925459    0.31107   36   64    0.19002    0.31166  64.0%   239 7902s
 3147681 2928455    0.29413   36   63    0.19002    0.31164  64.0%   239 7910s
 3151036 2931498    0.30337   37   42    0.19002    0.31162  64.0%   239 7918s
 3154394 2934562    0.30633   38   57    0.19002    0.31159  64.0%   239 7926s
 3157784 2937542    0.29501   39   60    0.19002    0.31156  64.0%   239 7934s
 3161107 2940944    0.29553   38   57    0.19002    0.31154  64.0%   239 7942s
 3164863 2943870    0.30216   38   58    0.19002    0.31151  63.9%   239 7950s
 3168148 2946936    0.30913   36   43    0.19002    0.31149  63.9%   239 7958s
 3171527 2949945    0.30871   37   60    0.19002    0.31147  63.9%   239 7965s
 3174863 2952991    0.29846   38   43    0.19002    0.31144  63.9%   239 7973s
 3178213 2955942    0.29208   38   67    0.19002    0.31142  63.9%   239 7981s
 3181487 2958972    0.30159   36   63    0.19002    0.31139  63.9%   239 7988s
 3184793 2961963    0.29449   39   61    0.19002    0.31137  63.9%   239 7996s
 3188139 2964956    0.31056   33   66    0.19002    0.31135  63.8%   239 8004s
 3191474 2968205    0.30026   33   68    0.19002    0.31132  63.8%   239 8012s
 3195103 2971196    0.29880   38   61    0.19002    0.31130  63.8%   239 8020s
 3198404 2974205    0.29838   37   64    0.19002    0.31128  63.8%   239 8028s
 3201753 2977274    0.30828   33   64    0.19002    0.31125  63.8%   239 8036s
 3205144 2980453    0.30220   34   59    0.19002    0.31123  63.8%   239 8044s
 3208583 2983433    0.30706   36   72    0.19002    0.31120  63.8%   239 8052s
 3211884 2986486    0.28427   41   54    0.19002    0.31118  63.8%   239 8060s
 3215287 2989420    0.29101   37   64    0.19002    0.31115  63.7%   239 8068s
 3218492 2992602    0.29941   33   66    0.19002    0.31113  63.7%   239 8075s
 3221982 2995916    0.28916   37   63    0.19002    0.31110  63.7%   239 8085s
 3225649 2998930    0.31105   37   45    0.19002    0.31108  63.7%   239 8091s
 3229007 3002011    0.30197   40   61    0.19002    0.31106  63.7%   239 8097s
 3232380 3004860    0.30951   38   58    0.19002    0.31103  63.7%   239 8103s
 3235511 3007690    0.30149   37   56    0.19002    0.31101  63.7%   239 8109s
 3238612 3010808    0.30826   39   53    0.19002    0.31099  63.7%   239 8117s
 3242055 3013954    0.30663   39   58    0.19002    0.31096  63.6%   239 8125s
 3245515 3017058    0.30451   34   63    0.19002    0.31094  63.6%   239 8133s
 3249027 3020002    0.28509   39   60    0.19002    0.31091  63.6%   239 8141s
 3252319 3023315    0.29756   35   60    0.19002    0.31089  63.6%   239 8149s
 3255974 3026266    0.30929   37   62    0.19002    0.31086  63.6%   239 8157s
 3259262 3029279    0.31028   35   57    0.19002    0.31084  63.6%   239 8165s
 3262614 3032264    0.28850   38   50    0.19002    0.31082  63.6%   239 8172s
 3265890 3035261    0.29117   37   52    0.19002    0.31079  63.6%   239 8180s
 3269221 3038254    0.29991   33   65    0.19002    0.31077  63.5%   239 8188s
 3272582 3041282    0.29442   42   59    0.19002    0.31075  63.5%   239 8196s
 3275921 3044355    0.30266   37   60    0.19002    0.31072  63.5%   239 8204s
 3279283 3047430    0.30609   36   61    0.19002    0.31070  63.5%   239 8212s
 3282660 3050638    0.30960   38   65    0.19002    0.31068  63.5%   239 8220s
 3286243 3053719    0.28519   38   76    0.19002    0.31065  63.5%   239 8228s
 3289660 3056803    0.30876   37   59    0.19002    0.31063  63.5%   239 8236s
 3293080 3059616    0.28651   38   57    0.19002    0.31061  63.5%   239 8243s
 3296184 3062728    0.29562   40   60    0.19002    0.31058  63.4%   239 8251s
 3299612 3065739    0.30099   33   63    0.19002    0.31056  63.4%   239 8259s
 3302963 3068775    0.30101   39   51    0.19002    0.31054  63.4%   239 8266s
 3306307 3071847    0.30169   34   65    0.19002    0.31052  63.4%   239 8275s
 3309693 3074979    0.29918   36   61    0.19002    0.31050  63.4%   239 8283s
 3313127 3078260    0.30926   37   67    0.19002    0.31047  63.4%   239 8291s
 3316789 3081211    0.29437   41   59    0.19002    0.31045  63.4%   239 8299s
 3320100 3084230    0.29539   38   51    0.19002    0.31042  63.4%   238 8307s
 3323446 3087324    0.29966   37   62    0.19002    0.31040  63.4%   238 8315s
 3326852 3090374    0.29966   34   66    0.19002    0.31038  63.3%   238 8323s
 3330214 3093329    0.30321   39   62    0.19002    0.31035  63.3%   238 8330s
 3333510 3096240    0.30296   40   52    0.19002    0.31033  63.3%   238 8338s
 3336736 3099394    0.30622   37   62    0.19002    0.31031  63.3%   238 8345s
 3340220 3102360    0.28963   34   69    0.19002    0.31029  63.3%   238 8353s
 3343517 3105652    0.30484   40   66    0.19002    0.31026  63.3%   238 8362s
 3347187 3108656    0.30657   33   43    0.19002    0.31024  63.3%   238 8370s
 3350581 3111591    0.29593   37   47    0.19002    0.31022  63.3%   238 8378s
 3353889 3114590    0.30644   37   44    0.19002    0.31019  63.2%   238 8385s
 3357187 3117581    0.30687   37   56    0.19002    0.31017  63.2%   238 8393s
 3360492 3120574    0.30648   39   53    0.19002    0.31015  63.2%   238 8401s
 3363830 3123376    0.29973   36   42    0.19002    0.31013  63.2%   238 8409s
 3366999 3126431    0.28641   39   61    0.19002    0.31011  63.2%   238 8416s
 3370457 3129143    0.30118   37   61    0.19002    0.31008  63.2%   238 8424s
 3373479 3132392    0.29633   42   66    0.19002    0.31006  63.2%   238 8433s
 3377095 3135510    0.29110   37   52    0.19002    0.31003  63.2%   238 8441s
 3380538 3138508    0.30504   34   68    0.19002    0.31001  63.1%   238 8449s
 3383896 3141545    0.29780   31   70    0.19002    0.30999  63.1%   238 8456s
 3387261 3144521    0.29569   31   72    0.19002    0.30997  63.1%   238 8464s
 3390571 3147564    0.29024   36   72    0.19002    0.30994  63.1%   238 8472s
 3393956 3150489     cutoff   37         0.19002    0.30992  63.1%   238 8480s
 3397237 3153496    0.30756   38   49    0.19002    0.30989  63.1%   238 8487s
 3400565 3156534    0.29975   39   66    0.19002    0.30987  63.1%   238 8495s
 3403964 3159817    0.28978   39   61    0.19002    0.30985  63.1%   238 8504s
 3407669 3162644    0.29419   40   58    0.19002    0.30982  63.0%   238 8510s
 3410812 3165641 infeasible   38         0.19002    0.30980  63.0%   238 8516s
 3414110 3168698    0.29855   37   66    0.19002    0.30978  63.0%   238 8522s
 3417480 3171824    0.30186   37   62    0.19002    0.30976  63.0%   238 8528s
 3420944 3174777    0.30945   36   57    0.19002    0.30973  63.0%   238 8535s
 3424228 3177868    0.29995   37   65    0.19002    0.30971  63.0%   238 8543s
 3427622 3180724    0.29376   34   66    0.19002    0.30969  63.0%   238 8551s
 3430806 3183703    0.29123   35   68    0.19002    0.30967  63.0%   238 8559s
 3434124 3186891    0.29680   39   56    0.19002    0.30965  63.0%   238 8567s
 3437724 3189924    0.30527   35   64    0.19002    0.30963  62.9%   238 8575s
 3441124 3192893    0.29544   34   60    0.19002    0.30960  62.9%   238 8583s
 3444430 3195926    0.28774   41   46    0.19002    0.30958  62.9%   238 8591s
 3447813 3198652    0.30649   34   53    0.19002    0.30956  62.9%   238 8599s
 3450868 3201579    0.29946   37   63    0.19002    0.30954  62.9%   238 8607s
 3454172 3204737    0.30055   36   62    0.19002    0.30952  62.9%   238 8615s
 3457725 3207915    0.30928   32   70    0.19002    0.30949  62.9%   238 8621s
 3461240 3210876    0.29101   37   70    0.19002    0.30947  62.9%   238 8627s
 3464525 3213993    0.26807   38   67    0.19002    0.30945  62.9%   238 8633s
 3468045 3217128    0.30016   38   64    0.19002    0.30943  62.8%   238 8638s
 3471541 3220325    0.30108   37   62    0.19002    0.30940  62.8%   238 8645s
 3475084 3223233    0.29391   38   60    0.19002    0.30938  62.8%   238 8653s
 3478315 3226212    0.30310   40   49    0.19002    0.30936  62.8%   238 8661s
 3481621 3229150    0.30633   34   43    0.19002    0.30934  62.8%   238 8668s
 3484926 3231921    0.29954   39   58    0.19002    0.30932  62.8%   238 8676s
 3488002 3235073    0.30616   38   47    0.19002    0.30930  62.8%   238 8684s
 3491522 3238220    0.30145   37   64    0.19002    0.30928  62.8%   238 8692s
 3495045 3241418    0.30851   37   64    0.19002    0.30925  62.7%   238 8701s
 3498610 3244592    0.30715   34   69    0.19002    0.30923  62.7%   238 8708s
 3502119 3247331    0.29627   39   66    0.19002    0.30921  62.7%   238 8716s
 3505182 3250356    0.29230   35   78    0.19002    0.30919  62.7%   238 8724s
 3508586 3253345    0.29595   37   62    0.19002    0.30917  62.7%   238 8732s
 3511928 3256181    0.30561   38   41    0.19002    0.30915  62.7%   238 8740s
 3515161 3259291    0.29898   34   67    0.19002    0.30913  62.7%   238 8748s
 3518636 3262401    0.28124   40   59    0.19002    0.30910  62.7%   238 8756s
 3522103 3265502    0.28628   38   62    0.19002    0.30908  62.7%   238 8764s
 3525559 3268768    0.29767   37   61    0.19002    0.30906  62.6%   238 8772s
 3529180 3271727    0.30618   37   52    0.19002    0.30904  62.6%   238 8780s
 3532511 3274754    0.29506   38   61    0.19002    0.30902  62.6%   238 8788s
 3535892 3277778    0.29687   32   71    0.19002    0.30899  62.6%   238 8796s
 3539291 3280546    0.29816   37   64    0.19002    0.30897  62.6%   238 8804s
 3542337 3283662    0.30175   39   58    0.19002    0.30895  62.6%   238 8812s
 3545792 3286822    0.29413   39   59    0.19002    0.30893  62.6%   238 8819s
 3549289 3289675    0.29641   40   65    0.19002    0.30891  62.6%   238 8826s
 3552500 3292840    0.30823   34   59    0.19002    0.30889  62.6%   238 8832s
 3556036 3295923    0.30143   39   40    0.19002    0.30887  62.5%   238 8839s
 3559444 3299214    0.30214   38   60    0.19002    0.30885  62.5%   238 8847s
 3563107 3302342    0.29782   37   63    0.19002    0.30882  62.5%   238 8855s
 3566574 3305362    0.30725   38   63    0.19002    0.30880  62.5%   238 8863s
 3569950 3308298    0.30414   38   56    0.19002    0.30878  62.5%   238 8871s
 3573266 3311356 infeasible   40         0.19002    0.30876  62.5%   238 8879s
 3576635 3314393    0.28766   36   64    0.19002    0.30874  62.5%   238 8886s
 3579975 3317316    0.29730   36   62    0.19002    0.30872  62.5%   238 8894s
 3583292 3320294    0.29802   37   59    0.19002    0.30870  62.5%   238 8902s
 3586638 3323550    0.29457   37   64    0.19002    0.30868  62.4%   238 8910s
 3590282 3326637    0.29968   36   64    0.19002    0.30865  62.4%   238 8917s
 3593691 3329448     cutoff   35         0.19002    0.30863  62.4%   238 8925s
 3596835 3332442    0.29679   40   60    0.19002    0.30861  62.4%   238 8932s
 3600141 3335018    0.29835   38   64    0.19002    0.30859  62.4%   238 8940s
 3603033 3338248    0.30756   34   68    0.19002    0.30857  62.4%   238 8948s
 3606630 3341321    0.30215   36   70    0.19002    0.30855  62.4%   238 8956s
 3610064 3344239    0.29355   38   66    0.19002    0.30853  62.4%   238 8964s
 3613345 3347318    0.30524   37   42    0.19002    0.30851  62.4%   237 8972s
 3616808 3350537    0.28739   38   50    0.19002    0.30849  62.3%   237 8980s
 3620400 3353547    0.30211   39   66    0.19002    0.30846  62.3%   237 8988s
 3623775 3356510    0.29263   40   36    0.19002    0.30844  62.3%   237 8995s
 3627084 3359356    0.30736   38   62    0.19002    0.30842  62.3%   237 9004s
 3630271 3362422    0.30838   34   65    0.19002    0.30840  62.3%   237 9012s
 3633721 3365422    0.29842   37   70    0.19002    0.30838  62.3%   237 9020s
 3637064 3368505    0.29918   36   60    0.19002    0.30836  62.3%   237 9027s
 3640438 3371515    0.30048   41   60    0.19002    0.30834  62.3%   237 9035s
 3643780 3374480    0.29859   38   56    0.19002    0.30832  62.3%   237 9043s
 3647126 3377697    0.29181   38   57    0.19002    0.30830  62.2%   237 9052s
 3650684 3380674    0.28777   40   63    0.19002    0.30828  62.2%   237 9060s
 3653952 3383618    0.30128   33   61    0.19002    0.30826  62.2%   237 9068s
 3657258 3386875    0.30778   33   67    0.19002    0.30824  62.2%   237 9076s
 3660876 3389872    0.28737   38   70    0.19002    0.30822  62.2%   237 9084s
 3664288 3392830    0.30614   33   65    0.19002    0.30820  62.2%   237 9092s
 3667527 3395931     cutoff   37         0.19002    0.30818  62.2%   237 9099s
 3671012 3399065    0.28166   38   62    0.19002    0.30816  62.2%   237 9106s
 3674498 3402011    0.30306   38   60    0.19002    0.30813  62.2%   237 9114s
 3677816 3405204    0.28769   40   61    0.19002    0.30812  62.1%   237 9122s
 3681389 3408241    0.29391   36   64    0.19002    0.30810  62.1%   237 9130s
 3684793 3411263    0.30307   37   47    0.19002    0.30807  62.1%   237 9137s
 3688136 3414211    0.29663   36   67    0.19002    0.30805  62.1%   237 9145s
 3691412 3417217    0.29507   38   62    0.19002    0.30803  62.1%   237 9153s
 3694773 3420247    0.29131   35   70    0.19002    0.30801  62.1%   237 9160s
 3698156 3423326    0.28964   38   62    0.19002    0.30799  62.1%   237 9166s
 3701567 3426338    0.29503   33   67    0.19002    0.30797  62.1%   237 9172s
 3704879 3429419    0.30773   35   64    0.19002    0.30795  62.1%   237 9179s
 3708249 3432671    0.28917   33   65    0.19002    0.30793  62.1%   237 9187s
 3711894 3435643    0.30181   40   56    0.19002    0.30791  62.0%   237 9195s
 3715194 3438463    0.29270   37   45    0.19002    0.30789  62.0%   237 9202s
 3718334 3441267    0.29692   39   61    0.19002    0.30787  62.0%   237 9211s
 3721547 3444392    0.29432   36   64    0.19002    0.30785  62.0%   237 9219s
 3725016 3447414    0.29107   39   67    0.19002    0.30783  62.0%   237 9227s
 3728392 3450316    0.26506   36   62    0.19002    0.30781  62.0%   237 9235s
 3731682 3453435    0.29737   34   65    0.19002    0.30779  62.0%   237 9242s
 3735167 3456524    0.30313   38   60    0.19002    0.30777  62.0%   237 9250s
 3738573 3459595    0.29739   39   63    0.19002    0.30775  62.0%   237 9259s
 3742036 3462672    0.30503   36   66    0.19002    0.30773  61.9%   237 9267s
 3745478 3465727    0.29039   38   65    0.19002    0.30771  61.9%   237 9275s
 3748910 3468747    0.30744   37   62    0.19002    0.30768  61.9%   237 9283s
 3752251 3471803    0.30227   39   60    0.19002    0.30766  61.9%   237 9291s
 3755623 3474652    0.30417   35   63    0.19002    0.30765  61.9%   237 9298s
 3758791 3477760    0.28791   31   65    0.19002    0.30763  61.9%   237 9306s
 3762280 3480749    0.29746   39   66    0.19002    0.30760  61.9%   237 9314s
 3765680 3483807    0.29394   36   64    0.19002    0.30758  61.9%   237 9322s
 3769098 3486950    0.29859   39   57    0.19002    0.30756  61.9%   237 9330s
 3772658 3489981    0.29874   37   61    0.19002    0.30754  61.8%   237 9338s
 3776043 3492956    0.30212   33   52    0.19002    0.30752  61.8%   237 9346s
 3779385 3496079    0.29979   37   58    0.19002    0.30750  61.8%   237 9355s
 3782903 3499042    0.30317   37   61    0.19002    0.30749  61.8%   237 9362s
 3786184 3502056    0.29166   39   60    0.19002    0.30746  61.8%   237 9370s
 3789551 3504523    0.29812   34   66    0.19002    0.30745  61.8%   237 9377s
 3792320 3507782    0.25049   40   70    0.19002    0.30743  61.8%   237 9385s
 3795939 3510859    0.29814   40   66    0.19002    0.30741  61.8%   237 9393s
 3799363 3514044    0.30564   37   66    0.19002    0.30739  61.8%   237 9402s
 3802918 3517053    0.30270   36   60    0.19002    0.30737  61.8%   237 9409s
 3806254 3520175    0.29584   38   60    0.19002    0.30735  61.7%   237 9417s
 3809731 3523189    0.29464   36   66    0.19002    0.30733  61.7%   237 9425s
 3813080 3526249    0.29283   35   65    0.19002    0.30731  61.7%   237 9432s
 3816500 3528992    0.30345   36   64    0.19002    0.30729  61.7%   237 9440s
 3819558 3531831    0.28992   40   58    0.19002    0.30727  61.7%   237 9448s
 3822774 3535005    0.30621   35   64    0.19002    0.30725  61.7%   237 9456s
 3826318 3538077    0.30683   37   50    0.19002    0.30723  61.7%   237 9464s
 3829750 3541359    0.29083   38   62    0.19002    0.30721  61.7%   237 9472s
 3833484 3544283    0.28859   37   66    0.19002    0.30719  61.7%   237 9480s
 3836736 3547179    0.30622   37   62    0.19002    0.30717  61.7%   237 9488s
 3839979 3550201    0.29250   39   63    0.19002    0.30715  61.6%   237 9495s
 3843355 3553042    0.30133   38   47    0.19002    0.30713  61.6%   237 9503s
 3846503 3556193    0.30153   39   61    0.19002    0.30711  61.6%   237 9510s
 3849981 3559122    0.29478   38   61    0.19002    0.30709  61.6%   237 9518s
 3853208 3562199    0.28966   37   66    0.19002    0.30707  61.6%   237 9525s
 3856607 3565064    0.29673   40   61    0.19002    0.30705  61.6%   237 9533s
 3859825 3568488    0.29666   37   62    0.19002    0.30703  61.6%   237 9542s
 3863625 3571191    0.30645   36   55    0.19002    0.30701  61.6%   237 9549s
 3866654 3574251     cutoff   37         0.19002    0.30699  61.6%   237 9557s
 3870073 3577154    0.30072   39   52    0.19002    0.30697  61.5%   237 9565s
 3873354 3580080    0.30149   34   72    0.19002    0.30695  61.5%   237 9573s
 3876654 3582786    0.29761   38   54    0.19002    0.30693  61.5%   237 9581s
 3879646 3586018    0.30518   36   66    0.19002    0.30692  61.5%   237 9588s
 3883259 3588871    0.30581   35   65    0.19002    0.30690  61.5%   237 9596s
 3886434 3591914    0.29563   39   66    0.19002    0.30688  61.5%   237 9604s
 3889878 3595237    0.29737   39   58    0.19002    0.30686  61.5%   237 9612s
 3893553 3598117    0.29850   34   64    0.19002    0.30684  61.5%   237 9618s
 3896717 3600957    0.30645   36   51    0.19002    0.30682  61.5%   237 9624s
 3899913 3603997    0.29983   40   50    0.19002    0.30680  61.5%   237 9630s
 3903341 3607019    0.30032   35   63    0.19002    0.30678  61.4%   237 9636s
 3906730 3609912    0.29717   36   38    0.19002    0.30676  61.4%   237 9643s
 3909970 3613084    0.28709   36   61    0.19002    0.30674  61.4%   237 9651s
 3913513 3616123    0.30061   38   58    0.19002    0.30672  61.4%   237 9659s
 3916890 3619071    0.29197   38   63    0.19002    0.30670  61.4%   237 9667s
 3920226 3622252    0.30104   35   66    0.19002    0.30668  61.4%   237 9675s
 3923823 3625100    0.29531   41   51    0.19002    0.30666  61.4%   237 9683s
 3927012 3628157    0.28856   38   67    0.19002    0.30665  61.4%   237 9691s
 3930455 3631104    0.29811   38   44    0.19002    0.30663  61.4%   237 9699s
 3933801 3634062    0.30542   38   53    0.19002    0.30661  61.4%   237 9707s
 3937103 3637187    0.29300   40   60    0.19002    0.30659  61.3%   237 9715s
 3940567 3640148    0.29489   39   58    0.19002    0.30657  61.3%   237 9722s
 3943874 3643132     cutoff   35         0.19002    0.30655  61.3%   237 9729s
 3947197 3646130    0.29336   40   59    0.19002    0.30653  61.3%   237 9737s
 3950549 3649313    0.29323   35   67    0.19002    0.30651  61.3%   237 9745s
 3954107 3652164    0.29397   40   66    0.19002    0.30649  61.3%   237 9753s
 3957307 3654956    0.29835   37   59    0.19002    0.30648  61.3%   237 9761s
 3960443 3658081    0.30336   38   55    0.19002    0.30646  61.3%   237 9769s
 3963962 3661048    0.30437   38   63    0.19002    0.30644  61.3%   237 9777s
 3967387 3664076     cutoff   37         0.19002    0.30642  61.3%   237 9785s
 3970770 3667143    0.30455   34   51    0.19002    0.30640  61.2%   237 9794s
 3974199 3670199    0.29549   35   65    0.19002    0.30638  61.2%   237 9801s
 3977614 3673317    0.30275   37   60    0.19002    0.30636  61.2%   237 9809s
 3981071 3676625    0.29006   38   64    0.19002    0.30634  61.2%   236 9818s
 3984774 3679439    0.29610   38   60    0.19002    0.30632  61.2%   236 9826s
 3987953 3681956    0.29987   40   63    0.19002    0.30630  61.2%   236 9834s
 3990822 3685234     cutoff   34         0.19002    0.30628  61.2%   236 9842s
 3994464 3688313    0.28476   35   72    0.19002    0.30626  61.2%   236 9849s
 3997856 3691386    0.30228   37   52    0.19002    0.30625  61.2%   236 9857s
 4001244 3694399    0.29020   38   46    0.19002    0.30623  61.2%   236 9865s
 4004639 3697343    0.28339   36   68    0.19002    0.30621  61.1%   236 9872s
 4007958 3700294    0.29200   40   61    0.19002    0.30619  61.1%   236 9880s
 4011223 3703639    0.29284   38   66    0.19002    0.30617  61.1%   236 9889s
 4014954 3706602    0.29510   39   63    0.19002    0.30615  61.1%   236 9896s
 4018227 3709482    0.30549   36   59    0.19002    0.30613  61.1%   236 9904s
 4021484 3712443    0.30252   40   64    0.19002    0.30612  61.1%   236 9911s
 4024749 3715409    0.29545   39   68    0.19002    0.30610  61.1%   236 9918s
 4028062 3718305    0.29916   38   68    0.19002    0.30608  61.1%   236 9925s
 4031309 3721314    0.30569   38   56    0.19002    0.30606  61.1%   236 9933s
 4034607 3724337     cutoff   34         0.19002    0.30604  61.1%   236 9940s
 4038018 3727217    0.29873   37   65    0.19002    0.30602  61.0%   236 9949s
 4041240 3730494    0.30418   37   63    0.19002    0.30601  61.0%   236 9954s
 4044849 3733407    0.29281   41   67    0.19002    0.30599  61.0%   236 9962s
 4048134 3736414    0.29507   36   61    0.19002    0.30597  61.0%   236 9969s
 4051504 3739444    0.28766   38   59    0.19002    0.30595  61.0%   236 9975s
 4054881 3742385    0.29900   40   56    0.19002    0.30593  61.0%   236 9982s
 4058129 3745435    0.27945   35   61    0.19002    0.30592  61.0%   236 9991s
 4061555 3748310    0.27968   39   61    0.19002    0.30590  61.0%   236 9997s
 4064797 3751350    0.29806   40   57    0.19002    0.30588  61.0%   236 10006s
 4068184 3754299     cutoff   36         0.19002    0.30586  61.0%   236 10013s
 4071535 3757450    0.29912   39   65    0.19002    0.30584  61.0%   236 10022s
 4075083 3760381    0.30524   40   46    0.19002    0.30582  60.9%   236 10029s
 4075485 3760381    0.29701   38   62    0.19002    0.30582  60.9%   236 10030s
 4078320 3763457    0.30256   39   53    0.19002    0.30581  60.9%   236 10037s
 4081775 3766441    0.30056   37   63    0.19002    0.30579  60.9%   236 10045s
 4085170 3769467    0.29358   35   65    0.19002    0.30577  60.9%   236 10053s
 4088524 3772122    0.30372   39   59    0.19002    0.30575  60.9%   236 10061s
 4091530 3775223    0.30417   38   55    0.19002    0.30574  60.9%   236 10068s
 4094993 3778384    0.28909   40   65    0.19002    0.30572  60.9%   236 10074s
 4098485 3781336    0.26652   34   68    0.19002    0.30570  60.9%   236 10079s
 4101845 3784592    0.30421   37   62    0.19002    0.30568  60.9%   236 10088s
 4105523 3787475    0.29807   36   64    0.19002    0.30566  60.9%   236 10095s
 4108758 3790470    0.29893   34   47    0.19002    0.30564  60.8%   236 10103s
 4112154 3793250    0.30496   34   70    0.19002    0.30563  60.8%   236 10111s
 4115283 3796324    0.28855   35   69    0.19002    0.30561  60.8%   236 10118s
 4118738 3799377    0.30476   39   40    0.19002    0.30559  60.8%   236 10126s
 4122112 3802384    0.30140   34   61    0.19002    0.30557  60.8%   236 10134s
 4125430 3805300    0.28869   37   65    0.19002    0.30556  60.8%   236 10141s
 4128705 3808206    0.29848   36   55    0.19002    0.30554  60.8%   236 10149s
 4131981 3811357    0.28713   34   60    0.19002    0.30552  60.8%   236 10159s
 4135545 3814159    0.30358   38   60    0.19002    0.30550  60.8%   236 10167s
 4138656 3817272    0.28771   40   61    0.19002    0.30549  60.8%   236 10175s
 4142144 3820327    0.28595   36   60    0.19002    0.30547  60.8%   236 10183s
 4145581 3823293    0.29823   38   64    0.19002    0.30545  60.7%   236 10191s
 4148938 3826387    0.29076   38   65    0.19002    0.30543  60.7%   236 10199s
 4152360 3829378    0.25739   39   70    0.19002    0.30541  60.7%   236 10207s
 4155759 3832355    0.28962   38   52    0.19002    0.30539  60.7%   236 10215s
 4159106 3835472    0.29078   36   62    0.19002    0.30538  60.7%   236 10223s
 4162629 3838620    0.29592   36   67    0.19002    0.30536  60.7%   236 10231s
 4166186 3841723    0.30274   34   38    0.19002    0.30534  60.7%   236 10238s
 4169597 3844716    0.30530   34   63    0.19002    0.30532  60.7%   236 10246s
 4172961 3847666    0.30529   35   60    0.19002    0.30530  60.7%   236 10254s
 4176240 3850507    0.29758   39   57    0.19002    0.30528  60.7%   236 10262s
 4179486 3853453    0.30424   37   62    0.19002    0.30526  60.6%   236 10270s
 4182833 3856410    0.28458   36   68    0.19002    0.30525  60.6%   236 10278s
 4186121 3859445    0.28739   39   60    0.19002    0.30523  60.6%   236 10286s
 4189500 3862431    0.28940   37   58    0.19002    0.30521  60.6%   236 10294s
 4192831 3865440    0.29082   37   63    0.19002    0.30519  60.6%   236 10303s
 4196264 3868449    0.29578   39   51    0.19002    0.30518  60.6%   236 10311s
 4199702 3871578    0.30488   39   44    0.19002    0.30516  60.6%   236 10319s
 4203154 3874653    0.29349   36   61    0.19002    0.30514  60.6%   236 10326s
 4206554 3877632    0.30418   37   61    0.19002    0.30512  60.6%   236 10334s
 4209927 3880664    0.27955   41   51    0.19002    0.30511  60.6%   236 10342s
 4213315 3883458    0.28309   39   61    0.19002    0.30509  60.6%   236 10351s
 4216451 3886478    0.30145   38   62    0.19002    0.30507  60.5%   236 10359s
 4219850 3889537    0.28633   38   63    0.19002    0.30505  60.5%   236 10367s
 4223293 3892586    0.29191   37   68    0.19002    0.30504  60.5%   236 10376s
 4226758 3895462    0.29789   40   54    0.19002    0.30502  60.5%   236 10383s
 4230022 3898626    0.28300   40   65    0.19002    0.30500  60.5%   236 10391s
 4233542 3901644    0.30034   36   64    0.19002    0.30498  60.5%   236 10400s
 4236975 3904636    0.29748   36   46    0.19002    0.30496  60.5%   236 10408s
 4240350 3907615    0.29539   37   61    0.19002    0.30494  60.5%   236 10414s
 4243679 3910592    0.29535   35   66    0.19002    0.30493  60.5%   236 10420s
 4247046 3913640    0.30135   39   46    0.19002    0.30491  60.5%   236 10426s
 4250445 3916491    0.29411   34   72    0.19002    0.30489  60.5%   236 10432s
 4253648 3919649    0.30034   40   43    0.19002    0.30487  60.4%   236 10439s
 4257233 3922598    0.29192   37   64    0.19002    0.30486  60.4%   236 10447s
 4260522 3925546    0.30210   37   69    0.19002    0.30484  60.4%   236 10455s
 4263850 3928677    0.29242   37   65    0.19002    0.30482  60.4%   236 10463s
 4267276 3931632    0.30297   38   61    0.19002    0.30480  60.4%   236 10471s
 4270610 3934629    0.28804   41   48    0.19002    0.30479  60.4%   236 10479s
 4273996 3937622    0.28491   39   65    0.19002    0.30477  60.4%   236 10487s
 4277374 3940594    0.29536   40   56    0.19002    0.30475  60.4%   236 10495s
 4280719 3943505    0.29297   38   63    0.19002    0.30473  60.4%   236 10502s
 4283994 3946699    0.29540   40   65    0.19002    0.30472  60.4%   236 10511s
 4287572 3949640    0.30028   36   62    0.19002    0.30470  60.3%   236 10518s
 4290896 3952497    0.28436   38   59    0.19002    0.30468  60.3%   236 10526s
 4294156 3955549    0.29651   39   60    0.19002    0.30466  60.3%   236 10534s
 4297582 3958488    0.28761   37   56    0.19002    0.30465  60.3%   236 10542s
 4300902 3961483    0.28813   38   47    0.19002    0.30463  60.3%   236 10548s
 4304278 3964415    0.29285   38   48    0.19002    0.30461  60.3%   236 10555s
 4307622 3967201    0.30250   38   58    0.19002    0.30460  60.3%   236 10561s
 4310720 3970230    0.29819   41   64    0.19002    0.30458  60.3%   236 10568s
 4314122 3973395    0.26810   38   62    0.19002    0.30456  60.3%   236 10577s
 4317680 3976399    0.26407   34   63    0.19002    0.30455  60.3%   236 10584s
 4321064 3979381    0.29278   41   63    0.19002    0.30453  60.3%   236 10593s
 4324386 3982462    0.30285   36   58    0.19002    0.30451  60.3%   236 10600s
 4327845 3985294    0.28902   38   69    0.19002    0.30449  60.2%   236 10608s
 4331086 3988356    0.30431   34   61    0.19002    0.30448  60.2%   236 10615s
 4334509 3991443    0.30235   35   64    0.19002    0.30446  60.2%   236 10623s
 4337961 3994451    0.29386   40   59    0.19002    0.30444  60.2%   236 10631s
 4341292 3997390    0.29152   35   68    0.19002    0.30443  60.2%   236 10639s
 4344643 4000346    0.28474   35   66    0.19002    0.30441  60.2%   236 10648s
 4347979 4003476    0.29353   35   66    0.19002    0.30440  60.2%   236 10656s
 4351451 4006701     cutoff   39         0.19002    0.30438  60.2%   236 10664s
 4355105 4009712    0.29942   33   68    0.19002    0.30436  60.2%   236 10672s
 4358466 4012751    0.29450   40   64    0.19002    0.30434  60.2%   236 10680s
 4361822 4015729    0.30055   36   57    0.19002    0.30433  60.2%   236 10688s
 4365132 4018818    0.29094   37   53    0.19002    0.30431  60.1%   236 10695s
 4368562 4021906    0.30006   40   44    0.19002    0.30429  60.1%   236 10701s
 4372001 4024914    0.30083   37   49    0.19002    0.30428  60.1%   236 10707s
 4375387 4028092    0.30420   38   63    0.19002    0.30426  60.1%   236 10714s
 4378938 4031042    0.30262   37   60    0.19002    0.30425  60.1%   236 10722s
 4382243 4034026    0.28002   40   66    0.19002    0.30423  60.1%   236 10729s
 4385615 4037111    0.29096   36   70    0.19002    0.30421  60.1%   236 10736s
 4389070 4040073    0.30123   34   66    0.19002    0.30420  60.1%   235 10743s
 4392386 4042984    0.30327   37   66    0.19002    0.30418  60.1%   235 10751s
 4395707 4045649    0.29748   40   60    0.19002    0.30417  60.1%   235 10758s
 4398708 4048853    0.29412   38   65    0.19002    0.30415  60.1%   235 10765s
 4402224 4051829     cutoff   40         0.19002    0.30413  60.1%   235 10773s
 4405604 4054973    0.28307   42   56    0.19002    0.30412  60.0%   235 10781s
 4409167 4057795    0.29215   35   48    0.19002    0.30410  60.0%   235 10788s
 4412355 4060822    0.29686   38   58    0.19002    0.30408  60.0%   235 10795s
 4415785 4062435    0.28975   36   66    0.19002    0.30407  60.0%   235 10800s

Cutting planes:
  Gomory: 8
  Lift-and-project: 5
  Projected implied bound: 15
  MIR: 185
  Mixing: 1
  Flow cover: 544
  RLT: 433
  Relax-and-lift: 12

Explored 4417625 nodes (1040079522 simplex iterations) in 10800.07 seconds (16240.58 work units)
Thread count was 32 (of 255 available processors)

Solution count 10: 0.19002 0.19002 0.19002 ... 0.190019

Time limit reached
Best objective 1.900202318055e-01, best bound 3.040565842774e-01, gap 60.0127%

User-callback calls 9250947, time in user-callback 4.49 sec
source: 0 target: 2 model_arch: 3x50 perturbation type: occ perturbation size: [0, 3.0, 3.0, 5.0] dataset: mnist
Attack:   0%|          | 0/500 [00:00<?, ?it/s]Attack:   0%|          | 1/500 [00:00<01:50,  4.53it/s]Attack:   4%|▎         | 18/500 [00:00<00:07, 68.37it/s]Attack:   7%|▋         | 35/500 [00:00<00:04, 103.34it/s]Attack:  10%|█         | 51/500 [00:00<00:03, 121.67it/s]Attack:  14%|█▎        | 68/500 [00:00<00:03, 136.35it/s]Attack:  17%|█▋        | 85/500 [00:00<00:02, 145.95it/s]Attack:  20%|██        | 102/500 [00:00<00:02, 152.32it/s]Attack:  24%|██▍       | 119/500 [00:00<00:02, 155.41it/s]Attack:  27%|██▋       | 135/500 [00:01<00:02, 156.40it/s]Attack:  30%|███       | 152/500 [00:01<00:02, 158.21it/s]Attack:  34%|███▍      | 169/500 [00:01<00:02, 157.61it/s]Attack:  37%|███▋      | 185/500 [00:01<00:01, 158.30it/s]Attack:  40%|████      | 202/500 [00:01<00:01, 159.82it/s]Attack:  44%|████▍     | 219/500 [00:01<00:01, 160.93it/s]Attack:  47%|████▋     | 236/500 [00:01<00:01, 162.58it/s]Attack:  51%|█████     | 253/500 [00:01<00:01, 162.84it/s]Attack:  54%|█████▍    | 270/500 [00:01<00:01, 161.83it/s]Attack:  57%|█████▋    | 287/500 [00:01<00:01, 161.91it/s]Attack:  61%|██████    | 304/500 [00:02<00:01, 161.21it/s]Attack:  64%|██████▍   | 321/500 [00:02<00:01, 162.17it/s]Attack:  68%|██████▊   | 339/500 [00:02<00:00, 165.16it/s]Attack:  71%|███████▏  | 357/500 [00:02<00:00, 167.34it/s]Attack:  75%|███████▌  | 375/500 [00:02<00:00, 169.43it/s]Attack:  79%|███████▊  | 393/500 [00:02<00:00, 171.08it/s]Attack:  82%|████████▏ | 411/500 [00:02<00:00, 171.98it/s]Attack:  86%|████████▌ | 429/500 [00:02<00:00, 173.95it/s]Attack:  90%|████████▉ | 448/500 [00:02<00:00, 176.65it/s]Attack:  93%|█████████▎| 466/500 [00:03<00:00, 177.03it/s]Attack:  97%|█████████▋| 484/500 [00:03<00:00, 177.49it/s]Attack: 100%|█████████▉| 499/500 [00:03<00:00, 156.11it/s]
best_val 0.026054024696350098
Set parameter WLSAccessID
Set parameter WLSSecret
Set parameter LicenseID to value 2478548
Academic license 2478548 - for non-commercial use only - registered to ne___@campus.technion.ac.il
Encoding the two copies...
apply_sibgate_constraints!: emitted 11 coupling lines (both-thin), 0 conditional triangles on org (org-dropped), 0 conditional triangles on pert (pert-dropped).
Encoding dependencies (activation_start=1, layers_offset=2)...
apply_n1_var_hints!: mode=VH_PREV_PGD, Start-consensus on 148 of 148 N2 binaries (pgd-silent-filled=72, pgd-agreed-nop=54, pgd-disagreed-withdrew=22, flipped=9, no-N1-match=0, Tech2-eliminated-but-survived=0)
0.19002023180554845  0.304056584277367  10800.147035121918
Clean sample classification: 1
Perturbed sample classification: 1

══ Advanced-standard: loading N1 state from /root/Downloads/for_dana/vaghar_org/paper_experiments/mnist/3x50_exp/occ/eps_3,3,5/n1_state_3x50_19 (c_tag=1, c_target=3) ══
load_n1_state: loaded from /root/Downloads/for_dana/vaghar_org/paper_experiments/mnist/3x50_exp/occ/eps_3,3,5/n1_state_3x50_19 (c_tag=1, c_target=3, 1910 vars, 170 neurons, 0 basis)

══ Advanced-standard PASS 2: solving N2 with N1 info (c_tag=1, c_target=3) ══
set_n1_neuron_bounds: loaded 170 neuron bounds from N1
compute_n2_pert_relaxation_bounds: populated 2 ReLU layers
compute_n2_relax_decision!: τ=0.5, both=13 org-only=0 pert-only=0 none=74 (plus 13 stable neurons)
[notice | Main.MIPVerify]: Determining upper and lower bounds for the input to each non-linear unit.
Set parameter WLSAccessID
Set parameter WLSSecret
Set parameter LicenseID to value 2478548
Academic license 2478548 - for non-commercial use only - registered to ne___@campus.technion.ac.il
Set parameter TimeLimit to value 5
Set parameter TimeLimit to value 5
Set parameter WLSAccessID
Set parameter WLSSecret
Set parameter LicenseID to value 2478548
Academic license 2478548 - for non-commercial use only - registered to ne___@campus.technion.ac.il
Set parameter MIPFocus to value 3
Set parameter Cutoff to value 2.6054024696350098e-02
Set parameter Threads to value 32
Set parameter TimeLimit to value 10800
Set parameter MIPGap to value 0.01
Set parameter Seed to value 4
Set parameter Seed to value 4
Set parameter MIPGap to value 0.01
Set parameter MIPFocus to value 3
Set parameter Cutoff to value 2.6054024696350098e-02
Set parameter Threads to value 32
Set parameter TimeLimit to value 10800
Warning for adding constraints: zero or small (< 1e-13) coefficients, ignored
Gurobi Optimizer version 13.0.0 build v13.0.0rc1 (linux64 - "Ubuntu 20.04.2 LTS")

CPU model: AMD EPYC 7713 64-Core Processor, instruction set [SSE2|AVX|AVX2]
Thread count: 127 physical cores, 255 logical processors, using up to 32 threads

Non-default parameters:
Cutoff  2.6054024696350098e-02
TimeLimit  10800
MIPGap  0.01
MIPFocus  3
Seed  4
Threads  32

Academic license 2478548 - for non-commercial use only - registered to ne___@campus.technion.ac.il
Optimize a model with 1643 rows, 1891 columns and 158215 nonzeros (Max)
Model fingerprint: 0xd4cc68ba
Model has 1 linear objective coefficients
Variable types: 1743 continuous, 148 integer (148 binary)
Coefficient statistics:
  Matrix range     [1e-13, 4e+01]
  Objective range  [1e+00, 1e+00]
  Bounds range     [2e-09, 4e+01]
  RHS range        [4e-13, 3e+01]

User MIP start produced solution with objective 0.0744263 (0.66s)
User MIP start produced solution with objective 0.0756108 (0.79s)
User MIP start produced solution with objective 0.0778308 (1.07s)
User MIP start produced solution with objective 0.0805071 (1.08s)
User MIP start produced solution with objective 0.0832361 (1.18s)
User MIP start produced solution with objective 0.0832998 (1.20s)
User MIP start produced solution with objective 0.0833029 (1.21s)
User MIP start produced solution with objective 0.0833029 (1.22s)
Loaded user MIP start with objective 0.0833029
Processed MIP start in 1.22 seconds (1.28 work units)

Presolve removed 987 rows and 790 columns
Presolve time: 0.62s
Presolved: 656 rows, 1101 columns, 121148 nonzeros
Variable types: 953 continuous, 148 integer (148 binary)
Root relaxation presolve removed 11 rows and 10 columns
Root relaxation presolved: 645 rows, 1091 columns, 120033 nonzeros


Extra simplex iterations after uncrush: 29

Root relaxation: objective 5.089984e-01, 1260 iterations, 0.31 seconds (0.24 work units)

    Nodes    |    Current Node    |     Objective Bounds      |     Work
 Expl Unexpl |  Obj  Depth IntInf | Incumbent    BestBd   Gap | It/Node Time

     0     0    0.50900    0   79    0.08330    0.50900   511%     -    2s
     0     0    0.50733    0   79    0.08330    0.50733   509%     -    3s
     0     0    0.50733    0   79    0.08330    0.50733   509%     -    3s
     0     0    0.48264    0   79    0.08330    0.48264   479%     -    3s
     0     0    0.47475    0   80    0.08330    0.47475   470%     -    4s
     0     0    0.47475    0   80    0.08330    0.47475   470%     -    4s
     0     0    0.46939    0   81    0.08330    0.46939   463%     -    5s
     0     0    0.45673    0   82    0.08330    0.45673   448%     -    5s
     0     0    0.45673    0   82    0.08330    0.45673   448%     -    6s
     0     0    0.45667    0   82    0.08330    0.45667   448%     -    6s
     0     0    0.45603    0   83    0.08330    0.45603   447%     -    6s
     0     0    0.45603    0   81    0.08330    0.45603   447%     -    7s
     0     0    0.44824    0   81    0.08330    0.44824   438%     -    8s
     0     0    0.44824    0   81    0.08330    0.44824   438%     -    8s
     0     2    0.44824    0   81    0.08330    0.44824   438%     -    8s
    15    32    0.43468    4   79    0.08330    0.44824   438%   840   10s
H   87    96                       0.0833029    0.44824   438%   401   11s
   461   526    0.42819   10   73    0.08330    0.42884   415%   224   15s
  1021  1070    0.41103    9   70    0.08330    0.41174   394%   224   20s
  1239  1278    0.39764   16   62    0.08330    0.40883   391%   222   25s
H 1360  1378                       0.0833029    0.40671   388%   222   27s
H 1373  1378                       0.0833029    0.40653   388%   222   27s
H 1430  1473                       0.0833029    0.40561   387%   222   29s
  1472  1568    0.39697   12   65    0.08330    0.40446   386%   224   30s
H 1627  1705                       0.0833031    0.40348   384%   220   31s
H 1828  1885                       0.0840966    0.40253   379%   217   33s
  2317  2491    0.39523   14   66    0.08410    0.40046   376%   212   35s
  2895  2896    0.39906    9   81    0.08410    0.39909   375%   207   52s
  2900  2899    0.36082   15   85    0.08410    0.39909   375%   207   56s
H 2900  2753                       0.0840966    0.39909   375%   207   56s
  2902  2755    0.38709   15   84    0.08410    0.39909   375%   207   60s
  2911  2770    0.39909   18   82    0.08410    0.39909   375%   210   65s
H 2985  2687                       0.0840966    0.39909   375%   226   69s
H 3008  2619                       0.0840966    0.39909   375%   231   69s
  3070  2634    0.39748   23   58    0.08410    0.39909   375%   239   71s
H 3246  2638                       0.0840966    0.39032   364%   267   78s
  3358  2784    0.38111   22   77    0.08410    0.38209   354%   281   80s
  3507  2804    0.36924   25   67    0.08410    0.37789   349%   295   86s
  3585  2856    0.36002   24   71    0.08410    0.37310   344%   306   90s
H 3627  2757                       0.0840974    0.37077   341%   312   92s
  3657  2781    0.36108   23   75    0.08410    0.37029   340%   317   95s
  3723  2823    0.34864   25   74    0.08410    0.36515   334%   327  100s
  3843  2967    0.34786   25   58    0.08410    0.35999   328%   343  106s
  4055  3141    0.34951   26   72    0.08410    0.35691   324%   349  110s
H 4313  3102                       0.0840974    0.35438   321%   357  112s
  4743  3588    0.33622   25   70    0.08410    0.35077   317%   360  115s
  5391  3815    0.31903   25   73    0.08410    0.34682   312%   361  122s
  5423  3863    0.33110   26   43    0.08410    0.34490   310%   363  125s
H 5497  3795                       0.0840974    0.34368   309%   365  127s
  5545  3860    0.32856   26   74    0.08410    0.34275   308%   367  130s
H 5682  3790                       0.0840974    0.34080   305%   369  131s
  5937  4182    0.31181   23   76    0.08410    0.33821   302%   370  135s
  7390  5413    0.32699   24   78    0.08410    0.33318   296%   359  140s
  9641  7176    0.31505   26   68    0.08410    0.32900   291%   341  145s
 11972  9549    0.32006   27   61    0.08410    0.32530   287%   332  150s
 13888 11437    0.31751   27   74    0.08410    0.32253   284%   327  155s
 16125 13688    0.30775   27   73    0.08410    0.32012   281%   320  161s
 17680 15302    0.29819   26   74    0.08410    0.31857   279%   317  166s
 19542 16222    0.31681   24   56    0.08410    0.31722   277%   312  173s
 19574 16254    0.31291   28   69    0.08410    0.31699   277%   313  176s
H19588 16254                       0.0840974    0.31673   277%   313  176s
H19608 16342                       0.0840974    0.31655   276%   313  179s
 19700 16489    0.30842   29   67    0.08410    0.31630   276%   313  183s
 19847 17211    0.31480   27   70    0.08410    0.31601   276%   313  185s
 21620 19148    0.30347   28   50    0.08410    0.31481   274%   311  191s
 23716 21249    0.30215   31   67    0.08410    0.31315   272%   309  197s
 24916 22184    0.31065   29   67    0.08410    0.31225   271%   307  200s
 26912 24339    0.30389   30   66    0.08410    0.31116   270%   303  206s
 29574 27381    0.29818   30   71    0.08410    0.30967   268%   301  212s
 31531 28592    0.29487   28   64    0.08410    0.30852   267%   299  215s
 35290 32055    0.30437   26   75    0.08410    0.30693   265%   295  221s
 38126 34654    0.29789   29   66    0.08410    0.30565   263%   293  226s
 41061 37673    0.29935   30   75    0.08410    0.30447   262%   291  232s
 42860 39017    0.29671   31   70    0.08410    0.30396   261%   289  235s
 46159 42264    0.29205   30   72    0.08410    0.30279   260%   287  242s
 50069 45948    0.29022   31   68    0.08410    0.30147   258%   284  248s
 52055 47856    0.29300   32   69    0.08410    0.30097   258%   283  252s
 54154 49891    0.29906   31   70    0.08410    0.30038   257%   282  255s
 56359 49923    0.29844   29   72    0.08410    0.29979   256%   281  260s
H56360 49923                       0.0840974    0.29979   256%   281  260s
 56391 50137    0.29581   27   77    0.08410    0.29963   256%   281  265s
H56450 50137                       0.0840975    0.29962   256%   281  265s
H56454 50106                       0.0941337    0.29962   218%   281  265s
H56461 49992                       0.1193288    0.29959   151%   281  265s
H56471 49987                       0.1204813    0.29957   149%   281  265s
H57046 51758                       0.1204815    0.29952   149%   281  269s
H57891 51758                       0.1205200    0.29949   148%   281  269s
H57905 51756                       0.1221463    0.29949   145%   281  269s
H58027 51755                       0.1225146    0.29948   144%   280  269s
H58258 51751                       0.1230127    0.29947   143%   280  269s
 58592 54912    0.26785   27   69    0.12301    0.29923   143%   280  276s
 62007 57173    0.29482   31   69    0.12301    0.29829   142%   279  280s
 66915 61630    0.29407   29   67    0.12301    0.29707   141%   277  289s
 69366 64200    0.28918   32   69    0.12301    0.29640   141%   277  294s
 72211 66749    0.29042   31   67    0.12301    0.29574   140%   276  299s
 75045 69553    0.27962   32   67    0.12301    0.29513   140%   276  304s
 78205 72342    0.29453   29   75    0.12301    0.29453   139%   275  309s
 80902 72342    0.26926   32   67    0.12301    0.29441   139%   274  310s
 81313 75163    0.28487   32   75    0.12301    0.29407   139%   274  315s
 84554 78148    0.28189   33   65    0.12301    0.29342   139%   274  321s
 87864 81891    0.28961   30   69    0.12301    0.29279   138%   273  329s
 92048 84970    0.28118   30   70    0.12301    0.29199   137%   273  335s
 95425 87999    0.28266   31   68    0.12301    0.29143   137%   272  341s
 98801 90905    0.29004   27   76    0.12301    0.29081   136%   272  348s
 102113 93774    0.28750   33   64    0.12301    0.29026   136%   272  353s
 105360 96864    0.28811   30   73    0.12301    0.28974   136%   271  359s
 108938 99827    0.28730   30   57    0.12301    0.28916   135%   270  365s
 112385 102812    0.28625   31   63    0.12301    0.28861   135%   270  371s
 115883 104603    0.28242   31   66    0.12301    0.28803   134%   269  377s
H116738 104603                       0.1230129    0.28794   134%   269  377s
 117936 107633    0.28638   31   67    0.12301    0.28788   134%   269  384s
H120268 107473                       0.1354984    0.28778   112%   269  384s
 121501 110820    0.27473   32   71    0.13550    0.28760   112%   269  391s
 125264 113955    0.27720   34   69    0.13550    0.28658   112%   268  397s
 128840 116626    0.28532   30   68    0.13550    0.28608   111%   268  403s
H131927 116596                       0.1398075    0.28568   104%   268  411s
 131961 119539    0.27004   34   65    0.13981    0.28556   104%   268  417s
 135303 122604    0.26760   28   69    0.13981    0.28517   104%   268  423s
 138822 125603    0.27554   31   71    0.13981    0.28464   104%   267  430s
 142234 128483    0.26925   33   61    0.13981    0.28414   103%   267  436s
 145480 131765    0.27181   32   65    0.13981    0.28377   103%   267  442s
 149254 135433    0.27156   32   65    0.13981    0.28322   103%   266  449s
 153430 138278    0.27219   30   70    0.13981    0.28263   102%   266  455s
 156692 141184    0.28031   29   74    0.13981    0.28218   102%   266  461s
 159948 144006    0.27892   33   65    0.13981    0.28173   102%   265  467s
 163144 146813     cutoff   29         0.13981    0.28128   101%   265  473s
 166329 149856    0.25843   33   65    0.13981    0.28093   101%   265  478s
 169813 152697    0.26783   32   69    0.13981    0.28052   101%   265  484s
 173144 155489    0.26593   29   73    0.13981    0.28015   100%   264  490s
 176459 158109    0.27923   29   74    0.13981    0.27980   100%   264  496s
 179538 161642    0.27946   31   65    0.13981    0.27947   100%   264  503s
 183689 164442    0.27443   34   52    0.13981    0.27896   100%   263  508s
 187012 167333    0.27055   33   66    0.13981    0.27859  99.3%   263  514s
 190327 169743    0.27408   33   63    0.13981    0.27817  99.0%   263  519s
 193216 172416    0.27273   33   67    0.13981    0.27781  98.7%   262  525s
 196377 175195    0.27717   33   62    0.13981    0.27751  98.5%   262  531s
 199723 175225    0.26246   31   74    0.13981    0.27715  98.2%   262  539s
H199726 175225                       0.1399207    0.27714  98.1%   262  539s
H199748 174989                       0.1464457    0.27705  89.2%   262  539s
H199750 174654                       0.1566382    0.27705  76.9%   262  539s
 199757 177530    0.27639   32   59    0.15664    0.27704  76.9%   262  545s
 203077 180254    0.26800   33   44    0.15664    0.27670  76.6%   262  551s
 206211 182979    0.27484   32   70    0.15664    0.27634  76.4%   262  556s
 209479 186146    0.27571   32   62    0.15664    0.27592  76.1%   262  563s
 213245 189040    0.27421   31   71    0.15664    0.27553  75.9%   262  569s
 216718 191849    0.26447   33   68    0.15664    0.27507  75.6%   262  576s
 220035 194709    0.26589   34   68    0.15664    0.27473  75.4%   261  581s
 223368 197281    0.23438   35   59    0.15664    0.27428  75.1%   261  587s
 226312 200195    0.27190   35   62    0.15664    0.27398  74.9%   261  594s
 229649 203019    0.26856   33   69    0.15664    0.27356  74.6%   261  600s
 233065 205842    0.26939   34   58    0.15664    0.27319  74.4%   261  606s
 236376 208518    0.26554   34   60    0.15664    0.27284  74.2%   261  612s
 239524 211731    0.26827   34   63    0.15664    0.27251  74.0%   261  619s
 243336 214433    0.26347   35   58    0.15664    0.27208  73.7%   261  625s
 246493 217143     cutoff   35         0.15664    0.27169  73.5%   261  631s
 249654 217173    0.26621   27   73    0.15664    0.27133  73.2%   261  639s
H249657 217173                       0.1566389    0.27132  73.2%   261  639s
H249671 216965                       0.1608444    0.27127  68.7%   261  639s
 249688 219997    0.26804   35   62    0.16084    0.27125  68.6%   261  645s
 253234 222652    0.26951   32   65    0.16084    0.27085  68.4%   260  651s
 256282 222680    0.26794   33   68    0.16084    0.27052  68.2%   260  659s
H256299 222680                       0.1608444    0.27050  68.2%   260  659s
H256306 222680                       0.1608449    0.27048  68.2%   260  659s
 256316 224772    0.25333   34   60    0.16084    0.27047  68.2%   260  666s
 258695 227481    0.26066   32   63    0.16084    0.27021  68.0%   260  672s
 261852 230601    0.26114   31   68    0.16084    0.26987  67.8%   260  679s
 265507 233549     cutoff   35         0.16084    0.26947  67.5%   260  686s
 268841 236858    0.26261   34   63    0.16084    0.26902  67.3%   260  693s
 272691 239630    0.19389   33   66    0.16084    0.26857  67.0%   260  699s
 275871 242405    0.26822   30   71    0.16084    0.26823  66.8%   260  705s
 279109 245027    0.26244   32   66    0.16084    0.26783  66.5%   260  711s
 282131 247868    0.25811   31   68    0.16084    0.26755  66.3%   260  717s
 285466 250791    0.26714   28   73    0.16084    0.26716  66.1%   260  723s
 288800 253782    0.26096   33   69    0.16084    0.26677  65.9%   260  729s
 292171 256558    0.26605   29   73    0.16084    0.26640  65.6%   260  736s
 295392 259420    0.25850   33   61    0.16084    0.26611  65.4%   260  742s
 298675 261618    0.25935   34   63    0.16084    0.26573  65.2%   260  750s
H300021 261618                       0.1608457    0.26568  65.2%   260  750s
H301277 264580                       0.1608504    0.26565  65.2%   260  758s
 304750 268353    0.26515   34   66    0.16085    0.26556  65.1%   260  767s
 309109 271635    0.25783   27   68    0.16085    0.26463  64.5%   260  774s
 312869 274852    0.16157   34   52    0.16085    0.26424  64.3%   260  781s
 316567 277750    0.25724   35   59    0.16085    0.26388  64.1%   260  788s
 319912 280899    0.26037   32   69    0.16085    0.26356  63.9%   260  795s
 323578 283884     cutoff   36         0.16085    0.26322  63.6%   260  801s
 327083 286692    0.26130   34   61    0.16085    0.26293  63.5%   260  808s
 330462 289625    0.25062   36   61    0.16085    0.26265  63.3%   260  815s
H333964 289652                       0.1608504    0.26241  63.1%   260  824s
H333967 289319                       0.1652808    0.26240  58.8%   260  824s
 333999 292265    0.25440   32   69    0.16528    0.26234  58.7%   260  831s
 337516 295076    0.25279   35   62    0.16528    0.26211  58.6%   260  837s
 340793 297924    0.23936   35   47    0.16528    0.26187  58.4%   260  844s
 344094 300735    0.25691   36   48    0.16528    0.26162  58.3%   260  850s
 347373 303611    0.25656   29   69    0.16528    0.26138  58.1%   260  857s
 350771 306485    0.24515   35   69    0.16528    0.26114  58.0%   260  863s
 354139 309295    0.26019   31   69    0.16528    0.26094  57.9%   260  870s
 357377 312101    0.25093   34   66    0.16528    0.26072  57.7%   260  876s
 360630 314809    0.25922   33   65    0.16528    0.26052  57.6%   260  884s
 363795 317916    0.24916   40   58    0.16528    0.26031  57.5%   260  891s
 367448 320984    0.25158   32   68    0.16528    0.26010  57.4%   260  897s
 370979 323837    0.25206   35   64    0.16528    0.25989  57.2%   260  904s
 374303 326388    0.25670   31   65    0.16528    0.25971  57.1%   260  910s
 377270 329252    0.24959   33   63    0.16528    0.25953  57.0%   260  917s
 380622 332138    0.25067   36   64    0.16528    0.25937  56.9%   260  924s
 384003 334999    0.25138   38   65    0.16528    0.25918  56.8%   260  930s
 387389 337997    0.25446   36   62    0.16528    0.25900  56.7%   260  937s
 390843 340880    0.24928   35   68    0.16528    0.25882  56.6%   260  944s
H394255 340866                       0.1656788    0.25866  56.1%   260  952s
 394289 340896    0.25183   35   63    0.16568    0.25864  56.1%   260  960s
H394310 340896                       0.1656788    0.25863  56.1%   260  960s
H394311 340896                       0.1656788    0.25863  56.1%   260  960s
 394323 341212    0.25497   36   67    0.16568    0.25863  56.1%   260  969s
H394324 341198                       0.1658163    0.25863  56.0%   260  969s
H394334 341135                       0.1664522    0.25863  55.4%   260  969s
 394707 344706    0.25326   32   70    0.16645    0.25862  55.4%   260  978s
 398974 348165    0.25697   37   44    0.16645    0.25845  55.3%   260  985s
 403051 351349     cutoff   35         0.16645    0.25823  55.1%   260  992s
 406841 354306    0.24972   36   61    0.16645    0.25807  55.0%   260  999s
 410316 357277    0.25216   35   65    0.16645    0.25792  55.0%   260 1006s
 413847 360375    0.24715   33   70    0.16645    0.25774  54.8%   260 1012s
 417503 363359    0.24726   34   65    0.16645    0.25759  54.8%   260 1018s
 420982 366386    0.24439   35   70    0.16645    0.25744  54.7%   260 1025s
 424559 369301    0.24945   36   64    0.16645    0.25727  54.6%   260 1031s
 427936 372120    0.25255   36   65    0.16645    0.25716  54.5%   260 1037s
 431321 374920    0.23795   34   68    0.16645    0.25703  54.4%   260 1043s
 434576 377800     cutoff   36         0.16645    0.25691  54.3%   260 1049s
 437984 380575    0.25243   36   44    0.16645    0.25676  54.3%   260 1055s
 441199 383189    0.24051   36   61    0.16645    0.25665  54.2%   260 1061s
 444408 386018    0.24785   35   66    0.16645    0.25654  54.1%   260 1068s
 447819 388654    0.24613   34   62    0.16645    0.25642  54.0%   260 1075s
 450913 388685    0.24451   29   74    0.16645    0.25631  54.0%   260 1085s
H450923 388685                       0.1664524    0.25630  54.0%   260 1085s
H450930 388668                       0.1666218    0.25629  53.8%   260 1085s
 450946 395158    0.25052   37   58    0.16662    0.25628  53.8%   260 1106s
 458508 398217    0.24531   37   65    0.16662    0.25604  53.7%   260 1115s
 462088 401421     cutoff   37         0.16662    0.25595  53.6%   260 1123s
 465789 404496    0.25442   37   61    0.16662    0.25583  53.5%   260 1131s
 469395 407489    0.24767   34   67    0.16662    0.25573  53.5%   260 1138s
 472853 410158    0.24429   33   67    0.16662    0.25562  53.4%   260 1144s
 476008 413199    0.24566   34   70    0.16662    0.25552  53.4%   260 1151s
 479558 416024    0.25168   35   65    0.16662    0.25541  53.3%   260 1158s
 482812 419177    0.25187   30   53    0.16662    0.25532  53.2%   260 1164s
 486505 421826    0.24798   35   63    0.16662    0.25521  53.2%   260 1171s
 489616 424624    0.23969   30   76    0.16662    0.25512  53.1%   260 1177s
 492974 427482    0.24512   35   67    0.16662    0.25502  53.1%   260 1183s
 496297 430272    0.24256   34   63    0.16662    0.25494  53.0%   260 1189s
 499608 433126    0.24323   34   69    0.16662    0.25484  52.9%   259 1196s
 502946 435860     cutoff   35         0.16662    0.25474  52.9%   259 1202s
 506196 438712     cutoff   36         0.16662    0.25466  52.8%   259 1209s
 509475 441708    0.24758   34   61    0.16662    0.25456  52.8%   259 1215s
 512984 444689    0.25419   36   65    0.16662    0.25447  52.7%   259 1222s
 516402 444720    0.25102   35   63    0.16662    0.25439  52.7%   259 1229s
H516407 444720                       0.1666218    0.25438  52.7%   259 1229s
H516409 444720                       0.1666218    0.25438  52.7%   259 1229s
H516412 444720                       0.1666219    0.25438  52.7%   259 1229s
H516431 444720                       0.1666219    0.25437  52.7%   259 1229s
H516435 446663                       0.1666219    0.25437  52.7%   259 1237s
H517056 446663                       0.1666219    0.25437  52.7%   259 1238s
H517251 446663                       0.1666228    0.25437  52.7%   259 1238s
 518679 449905    0.24518   33   65    0.16662    0.25436  52.7%   259 1247s
 522460 452974    0.24427   32   67    0.16662    0.25434  52.6%   259 1256s
 526074 456320    0.24621   37   58    0.16662    0.25420  52.6%   259 1264s
 529975 459365    0.24958   37   59    0.16662    0.25404  52.5%   259 1273s
 533558 462507    0.25189   31   64    0.16662    0.25392  52.4%   259 1281s
 537257 465636    0.24636   32   70    0.16662    0.25384  52.3%   259 1288s
 540891 468592    0.23914   36   64    0.16662    0.25375  52.3%   259 1296s
 544318 471539    0.25042   35   68    0.16662    0.25365  52.2%   259 1303s
 547816 474500    0.24910   31   70    0.16662    0.25358  52.2%   259 1310s
 551320 477417    0.24884   38   62    0.16662    0.25347  52.1%   259 1318s
 554730 480253    0.25094   35   60    0.16662    0.25338  52.1%   259 1326s
 558069 483014    0.25229   32   54    0.16662    0.25330  52.0%   259 1333s
 561212 485912    0.25283   34   65    0.16662    0.25322  52.0%   259 1341s
 564679 488797    0.24813   36   66    0.16662    0.25314  51.9%   259 1349s
 568123 491591    0.25286   36   58    0.16662    0.25305  51.9%   259 1357s
 571374 494318    0.24522   34   65    0.16662    0.25296  51.8%   259 1365s
 574650 497430    0.25208   32   68    0.16662    0.25288  51.8%   258 1373s
 578280 500250    0.24220   31   65    0.16662    0.25279  51.7%   258 1382s
 581596 503079    0.24963   33   64    0.16662    0.25271  51.7%   258 1389s
 584879 505849    0.24034   34   64    0.16662    0.25264  51.6%   258 1394s
 588122 508487    0.23538   35   64    0.16662    0.25255  51.6%   258 1401s
 591261 511315    0.24340   39   60    0.16662    0.25247  51.5%   258 1408s
 594670 511346    0.24714   36   67    0.16662    0.25239  51.5%   258 1419s
H594673 511346                       0.1666228    0.25239  51.5%   258 1419s
H594679 511328                       0.1667516    0.25239  51.4%   258 1419s
 594703 514115    0.24352   35   61    0.16675    0.25238  51.3%   258 1427s
 597974 516920    0.23905   36   63    0.16675    0.25231  51.3%   258 1435s
 601335 519848    0.24724   33   66    0.16675    0.25223  51.3%   258 1443s
 604788 522839    0.24228   36   67    0.16675    0.25215  51.2%   258 1451s
 608343 525626    0.24789   35   64    0.16675    0.25207  51.2%   258 1459s
 611644 528606    0.24314   32   70    0.16675    0.25199  51.1%   258 1466s
 615114 531281    0.25096   36   63    0.16675    0.25192  51.1%   258 1475s
 618332 534226    0.25073   37   61    0.16675    0.25184  51.0%   258 1483s
 621772 537109    0.24403   39   58    0.16675    0.25177  51.0%   258 1490s
 625172 539555    0.23854   36   65    0.16675    0.25169  50.9%   258 1498s
 628035 542416    0.24004   37   66    0.16675    0.25163  50.9%   258 1505s
 631463 545178     cutoff   35         0.16675    0.25156  50.9%   258 1513s
 634705 548415    0.23473   37   60    0.16675    0.25148  50.8%   258 1522s
 638362 551179    0.23573   38   62    0.16675    0.25141  50.8%   258 1530s
 641626 553953    0.24797   35   67    0.16675    0.25134  50.7%   258 1538s
 644929 556813    0.24044   35   64    0.16675    0.25127  50.7%   258 1546s
 648331 559616    0.24407   34   65    0.16675    0.25120  50.6%   258 1555s
 651565 562481    0.24103   38   62    0.16675    0.25113  50.6%   258 1563s
H655005 562510                       0.1667518    0.25106  50.6%   257 1575s
H655012 562510                       0.1667521    0.25105  50.6%   257 1575s
H655038 562509                       0.1667522    0.25105  50.6%   257 1575s
 655040 564629    0.24501   35   68    0.16675    0.25105  50.6%   257 1584s
 657491 567701    0.24971   34   65    0.16675    0.25100  50.5%   257 1592s
 661099 570027    0.24126   34   66    0.16675    0.25093  50.5%   257 1602s
H661213 570027                       0.1667522    0.25093  50.5%   257 1603s
H661815 570027                       0.1667523    0.25093  50.5%   257 1603s
H661816 570027                       0.1667524    0.25093  50.5%   257 1603s
H662038 570027                       0.1667524    0.25092  50.5%   257 1603s
H662611 570027                       0.1667524    0.25092  50.5%   257 1603s
H662612 570027                       0.1667526    0.25092  50.5%   257 1603s
 663902 573022    0.24381   36   66    0.16675    0.25092  50.5%   257 1612s
 667441 575931    0.23902   35   44    0.16675    0.25080  50.4%   257 1621s
 670887 578689    0.24793   38   60    0.16675    0.25073  50.4%   257 1629s
 674169 581400    0.24926   34   64    0.16675    0.25066  50.3%   257 1637s
 677428 584287    0.23678   36   68    0.16675    0.25060  50.3%   257 1646s
 680819 587115    0.24393   40   66    0.16675    0.25054  50.2%   257 1653s
 684213 589982    0.24011   36   63    0.16675    0.25047  50.2%   257 1659s
 687592 592828    0.24452   35   62    0.16675    0.25041  50.2%   257 1665s
 690942 595719    0.23219   32   61    0.16675    0.25034  50.1%   257 1672s
 694308 598623    0.24319   35   68    0.16675    0.25028  50.1%   257 1681s
 697760 601742    0.24535   36   67    0.16675    0.25021  50.0%   257 1690s
 701417 604638    0.24684   37   63    0.16675    0.25014  50.0%   257 1698s
 704866 607309    0.24914   36   60    0.16675    0.25006  50.0%   257 1707s
 707972 610256    0.23878   34   71    0.16675    0.25001  49.9%   257 1715s
 711360 612703    0.24156   35   59    0.16675    0.24995  49.9%   257 1723s
 714197 615546    0.22677   31   74    0.16675    0.24989  49.9%   257 1731s
 717567 618450    0.24600   37   63    0.16675    0.24982  49.8%   257 1740s
 721001 621285    0.24155   38   65    0.16675    0.24976  49.8%   256 1748s
 724339 624114    0.23940   35   64    0.16675    0.24970  49.7%   256 1757s
 727724 626968    0.24621   36   68    0.16675    0.24964  49.7%   256 1766s
 731100 629916    0.24586   36   64    0.16675    0.24958  49.7%   256 1774s
 733280 629916     cutoff   30         0.16675    0.24957  49.7%   256 1775s
H734602 629945                       0.1667527    0.24951  49.6%   256 1787s
H734614 629945                       0.1667527    0.24951  49.6%   256 1787s
H734622 629942                       0.1667647    0.24950  49.6%   256 1787s
 734636 631783    0.24567   35   60    0.16676    0.24950  49.6%   256 1796s
H735247 631783                       0.1667647    0.24950  49.6%   256 1796s
H735927 631783                       0.1667648    0.24950  49.6%   256 1796s
 736883 634285    0.24466   33   69    0.16676    0.24950  49.6%   256 1805s
 739871 636832    0.24441   37   61    0.16676    0.24949  49.6%   256 1816s
 742891 636861    0.24244   41   58    0.16676    0.24945  49.6%   256 1826s
 742924 636950    0.24460   38   59    0.16676    0.24940  49.5%   256 1838s
H742951 636950                       0.1667649    0.24939  49.5%   256 1838s
 743027 637793    0.24642   37   56    0.16676    0.24938  49.5%   256 1851s
 744035 638760    0.24693   35   60    0.16676    0.24936  49.5%   256 1864s
 745201 640249    0.24235   34   64    0.16676    0.24934  49.5%   256 1873s
 746925 642061    0.23325   37   59    0.16676    0.24933  49.5%   256 1890s
 749044 645707    0.24366   35   68    0.16676    0.24932  49.5%   256 1901s
 753305 648197    0.23735   35   67    0.16676    0.24930  49.5%   256 1915s
 756292 651286    0.24758   34   59    0.16676    0.24924  49.5%   256 1924s
 759943 654327    0.24519   35   59    0.16676    0.24916  49.4%   256 1932s
 763513 654355    0.24900   34   66    0.16676    0.24907  49.4%   256 1945s
 763549 654384    0.24103   35   65    0.16676    0.24900  49.3%   256 1955s
H763566 654384                       0.1667649    0.24899  49.3%   256 1955s
 763583 654542    0.24836   34   65    0.16676    0.24898  49.3%   256 1965s
 763765 655028    0.24372   38   61    0.16676    0.24897  49.3%   256 1984s
 764326 656150    0.23931   37   63    0.16676    0.24896  49.3%   256 1997s
 765642 657625    0.24748   34   65    0.16676    0.24896  49.3%   256 2010s
H766285 657625                       0.1667649    0.24895  49.3%   256 2011s
 767419 661356    0.24419   39   59    0.16676    0.24895  49.3%   256 2024s
 771804 665165    0.24149   37   61    0.16676    0.24893  49.3%   256 2039s
 776238 668235    0.24202   36   41    0.16676    0.24889  49.2%   256 2050s
H776340 668235                       0.1667649    0.24889  49.2%   256 2051s
H778373 668235                       0.1667649    0.24882  49.2%   256 2051s
 779803 672294    0.24343   36   53    0.16676    0.24877  49.2%   256 2062s
 784480 675356    0.24210   33   72    0.16676    0.24869  49.1%   256 2071s
 788075 678183    0.24708   31   69    0.16676    0.24859  49.1%   256 2078s
 791422 681084    0.24827   34   63    0.16676    0.24853  49.0%   256 2087s
 794717 683734    0.23704   38   61    0.16676    0.24847  49.0%   256 2095s
 797781 686620    0.23884   37   62    0.16676    0.24842  49.0%   256 2103s
 801134 689682    0.24429   37   56    0.16676    0.24836  48.9%   256 2111s
 804707 692643    0.24376   34   70    0.16676    0.24831  48.9%   255 2120s
 808080 695516    0.24243   37   41    0.16676    0.24825  48.9%   255 2128s
 811436 698468    0.24307   32   63    0.16676    0.24820  48.8%   255 2136s
 814914 701611    0.23371   36   62    0.16676    0.24809  48.8%   255 2146s
 818637 704434    0.24248   35   67    0.16676    0.24802  48.7%   255 2154s
 821983 707349     cutoff   34         0.16676    0.24796  48.7%   255 2163s
 825425 710068     cutoff   36         0.16676    0.24790  48.7%   255 2171s
 828638 712748    0.23300   33   69    0.16676    0.24785  48.6%   255 2180s
 831722 715755    0.24449   34   70    0.16676    0.24780  48.6%   255 2188s
 835234 718591    0.24690   36   60    0.16676    0.24774  48.6%   255 2197s
 838517 721498    0.23758   35   60    0.16676    0.24770  48.5%   255 2205s
 841896 724532    0.24043   37   44    0.16676    0.24763  48.5%   255 2212s
 845428 727681    0.23828   34   66    0.16676    0.24757  48.5%   255 2219s
 849183 730539    0.24347   35   71    0.16676    0.24751  48.4%   255 2225s
 852572 733509    0.24124   37   65    0.16676    0.24745  48.4%   255 2234s
 856068 736436    0.24142   37   59    0.16676    0.24739  48.3%   255 2242s
 859505 739113    0.24385   37   63    0.16676    0.24733  48.3%   255 2250s
 862671 741850    0.23963   32   58    0.16676    0.24728  48.3%   255 2258s
 865922 744673    0.24092   33   66    0.16676    0.24723  48.2%   255 2266s
 869204 747442    0.24213   39   57    0.16676    0.24717  48.2%   255 2275s
 872430 750315    0.23283   38   55    0.16676    0.24712  48.2%   255 2283s
 875823 753675    0.24520   38   60    0.16676    0.24706  48.1%   255 2292s
 879719 756008    0.24668   33   67    0.16676    0.24700  48.1%   255 2300s
 882392 759060    0.24202   35   63    0.16676    0.24694  48.1%   255 2309s
 885966 761973    0.24676   33   69    0.16676    0.24688  48.0%   254 2317s
 889352 764952    0.24003   35   63    0.16676    0.24683  48.0%   254 2326s
 892806 767871    0.23391   32   71    0.16676    0.24678  48.0%   254 2334s
 896245 770497    0.23941   37   61    0.16676    0.24671  47.9%   254 2342s
 899402 773423    0.24295   36   63    0.16676    0.24666  47.9%   254 2351s
 902849 776239    0.24044   37   62    0.16676    0.24660  47.9%   254 2359s
 906251 779311    0.23367   33   66    0.16676    0.24654  47.8%   254 2369s
 909929 782164    0.23973   32   63    0.16676    0.24648  47.8%   254 2377s
 913338 784999    0.22048   40   53    0.16676    0.24642  47.8%   254 2386s
 916712 787746    0.23006   35   61    0.16676    0.24635  47.7%   254 2394s
 920011 790579    0.23750   37   64    0.16676    0.24630  47.7%   254 2401s
 923355 793538    0.23697   34   68    0.16676    0.24624  47.7%   254 2407s
 926780 796203    0.23995   38   58    0.16676    0.24618  47.6%   254 2416s
 929894 799007    0.24261   33   67    0.16676    0.24613  47.6%   254 2423s
 933189 801716    0.23844   35   62    0.16676    0.24607  47.6%   254 2431s
 936384 804985    0.23914   37   65    0.16676    0.24602  47.5%   254 2439s
 940208 807773    0.24307   37   64    0.16676    0.24596  47.5%   254 2448s
 943528 810463    0.23566   36   66    0.16676    0.24590  47.5%   254 2456s
 946736 813260    0.24078   38   59    0.16676    0.24584  47.4%   254 2463s
 950081 815982    0.23971   37   51    0.16676    0.24579  47.4%   254 2472s
 953332 818860    0.23572   38   60    0.16676    0.24574  47.4%   254 2480s
 956695 821689 infeasible   35         0.16676    0.24567  47.3%   254 2488s
 959957 824105    0.23965   36   64    0.16676    0.24561  47.3%   254 2496s
 962736 827084    0.23957   37   68    0.16676    0.24556  47.2%   254 2504s
 966232 830291    0.24021   35   69    0.16676    0.24551  47.2%   254 2514s
 969953 833239    0.24516   34   68    0.16676    0.24544  47.2%   254 2522s
 973372 836075    0.23764   34   67    0.16676    0.24540  47.2%   253 2530s
 976714 838920    0.23502   38   60    0.16676    0.24534  47.1%   253 2538s
 980063 841740    0.22553   33   71    0.16676    0.24528  47.1%   253 2546s
 983347 844678     cutoff   37         0.16676    0.24522  47.0%   253 2553s
 986712 847544    0.24492   34   69    0.16676    0.24516  47.0%   253 2559s
 990083 850249    0.22387   34   63    0.16676    0.24511  47.0%   253 2565s
 993281 853110    0.24397   37   52    0.16676    0.24505  46.9%   253 2572s
 996575 856298    0.24174   37   44    0.16676    0.24500  46.9%   253 2581s
 1000314 859157    0.23843   38   58    0.16676    0.24494  46.9%   253 2590s
 1003695 862063    0.24420   36   61    0.16676    0.24488  46.8%   253 2598s
 1007063 864981    0.24284   36   63    0.16676    0.24482  46.8%   253 2606s
 1010405 867792    0.23805   32   70    0.16676    0.24477  46.8%   253 2614s
 1013730 870572    0.23275   40   40    0.16676    0.24471  46.7%   253 2622s
 1017008 873204    0.23828   35   68    0.16676    0.24466  46.7%   253 2630s
 1020048 876121    0.24407   34   65    0.16676    0.24460  46.7%   253 2638s
 1023478 878940    0.23761   36   66    0.16676    0.24455  46.6%   253 2647s
 1026813 882135    0.23373   38   61    0.16676    0.24450  46.6%   253 2656s
 1030499 885095    0.23314   35   68    0.16676    0.24443  46.6%   253 2664s
 1033970 887771    0.23450   37   65    0.16676    0.24437  46.5%   253 2672s
 1037076 890726    0.23958   38   60    0.16676    0.24432  46.5%   253 2680s
 1040519 893540    0.23970   38   58    0.16676    0.24426  46.5%   253 2689s
 1043804 896384    0.23401   38   62    0.16676    0.24420  46.4%   253 2697s
 1047165 899267    0.24238   38   62    0.16676    0.24414  46.4%   253 2705s
 1050536 902091    0.23588   34   69    0.16676    0.24408  46.4%   253 2713s
 1053864 904892    0.23713   38   64    0.16676    0.24403  46.3%   253 2721s
 1057155 908096    0.23431   37   61    0.16676    0.24397  46.3%   253 2730s
 1060873 910921    0.23488   36   64    0.16676    0.24390  46.3%   252 2738s
 1064190 913671    0.23670   35   65    0.16676    0.24385  46.2%   252 2746s
 1067456 916202    0.23881   37   64    0.16676    0.24379  46.2%   252 2754s
 1070444 919185    0.24188   36   62    0.16676    0.24374  46.2%   252 2763s
 1073922 922126    0.23397   36   59    0.16676    0.24368  46.1%   252 2771s
 1077364 924965    0.23673   37   67    0.16676    0.24362  46.1%   252 2779s
 1080689 927658    0.23719   39   51    0.16676    0.24356  46.1%   252 2787s
 1083869 930659     cutoff   35         0.16676    0.24351  46.0%   252 2794s
 1087377 933885    0.24208   37   65    0.16676    0.24344  46.0%   252 2802s
 1091145 936373    0.23055   38   63    0.16676    0.24338  45.9%   252 2810s
 1094098 939482    0.23956   32   66    0.16676    0.24332  45.9%   252 2817s
 1097701 942395     cutoff   40         0.16676    0.24326  45.9%   252 2825s
 1101096 945070    0.23967   38   64    0.16676    0.24320  45.8%   252 2832s
 1104295 947843    0.23753   38   67    0.16676    0.24314  45.8%   252 2840s
 1107601 950613     cutoff   35         0.16676    0.24308  45.8%   252 2848s
 1110800 953570    0.23187   36   63    0.16676    0.24302  45.7%   252 2856s
 1114265 956608    0.23907   38   59    0.16676    0.24297  45.7%   252 2864s
 1117756 959803    0.24023   32   70    0.16676    0.24291  45.7%   252 2873s
 1121520 962626    0.23885   36   66    0.16676    0.24284  45.6%   252 2879s
 1124769 965506    0.23617   36   61    0.16676    0.24278  45.6%   252 2885s
 1128135 968218    0.24208   33   69    0.16676    0.24273  45.6%   252 2892s
 1131371 971086    0.23758   33   65    0.16676    0.24267  45.5%   252 2900s
 1134710 973948    0.23051   34   65    0.16676    0.24261  45.5%   252 2908s
 1138021 976797    0.23897   34   63    0.16676    0.24257  45.5%   252 2917s
 1141307 979635    0.23677   36   63    0.16676    0.24251  45.4%   252 2925s
 1144629 982535    0.23494   37   60    0.16676    0.24246  45.4%   252 2933s
 1147964 985642    0.22885   36   63    0.16676    0.24240  45.4%   252 2942s
 1151681 987978     cutoff   38         0.16676    0.24234  45.3%   252 2950s
 1154440 991001    0.23150   34   64    0.16676    0.24230  45.3%   252 2959s
 1157976 994129    0.22749   35   72    0.16676    0.24224  45.3%   252 2967s
 1161560 997054    0.23451   35   70    0.16676    0.24218  45.2%   251 2975s
 1165035 999893    0.24198   35   68    0.16676    0.24212  45.2%   251 2983s
 1168342 1002723 infeasible   37         0.16676    0.24207  45.2%   251 2991s
 1171666 1005597    0.23938   35   63    0.16676    0.24202  45.1%   251 3000s
 1175038 1008409    0.23425   40   58    0.16676    0.24196  45.1%   251 3008s
 1178353 1011441    0.21443   40   60    0.16676    0.24191  45.1%   251 3017s
 1181893 1014443    0.23074   35   61    0.16676    0.24186  45.0%   251 3025s
 1185495 1017239    0.23951   32   62    0.16676    0.24180  45.0%   251 3034s
 1188819 1020050    0.24093   36   55    0.16676    0.24175  45.0%   251 3042s
 1192062 1022878    0.23392   35   65    0.16676    0.24170  44.9%   251 3050s
 1195344 1025368    0.18202   39   53    0.16676    0.24164  44.9%   251 3058s
 1198315 1028456 infeasible   36         0.16676    0.24159  44.9%   251 3066s
 1201946 1031395    0.23724   40   59    0.16676    0.24153  44.8%   251 3074s
 1205398 1034195     cutoff   36         0.16676    0.24148  44.8%   251 3083s
 1208733 1037332    0.23604   38   57    0.16676    0.24142  44.8%   251 3092s
 1212451 1040090    0.23771   40   58    0.16676    0.24137  44.7%   251 3100s
 1215686 1042982    0.23695   36   61    0.16676    0.24132  44.7%   251 3108s
 1219080 1045800    0.23839   37   65    0.16676    0.24126  44.7%   251 3116s
 1222362 1048467    0.23793   35   63    0.16676    0.24122  44.6%   251 3124s
 1225478 1051318    0.23229   38   62    0.16676    0.24116  44.6%   251 3132s
 1228909 1054067    0.23123   35   62    0.16676    0.24111  44.6%   251 3140s
 1232158 1056207    0.23278   39   61    0.16676    0.24106  44.6%   251 3150s
H1233341 1056207                       0.1667650    0.24106  44.5%   251 3151s
H1233760 1056207                       0.1667650    0.24106  44.5%   251 3151s
H1233866 1056207                       0.1667650    0.24106  44.5%   251 3151s
 1234635 1058746    0.23536   38   59    0.16676    0.24105  44.5%   251 3161s
H1237036 1058746                       0.1667650    0.24104  44.5%   251 3161s
 1237583 1061459    0.23622   38   58    0.16676    0.24104  44.5%   251 3171s
 1240809 1064369    0.23641   37   63    0.16676    0.24099  44.5%   251 3181s
 1244195 1067133    0.23201   30   72    0.16676    0.24094  44.5%   251 3190s
 1247460 1070058    0.23770   37   63    0.16676    0.24089  44.4%   251 3200s
 1250918 1072660    0.22808   34   66    0.16676    0.24083  44.4%   251 3210s
 1253960 1075768    0.23274   38   65    0.16676    0.24077  44.4%   251 3220s
 1257696 1078848    0.22964   34   63    0.16676    0.24069  44.3%   251 3229s
 1261318 1082036    0.23776   37   59    0.16676    0.24061  44.3%   251 3237s
 1264947 1085000    0.23532   39   57    0.16676    0.24056  44.2%   251 3246s
 1268404 1088134    0.23195   40   60    0.16676    0.24050  44.2%   251 3255s
 1272140 1090744    0.23832   36   60    0.16676    0.24045  44.2%   251 3263s
 1275191 1093594    0.22851   32   62    0.16676    0.24040  44.2%   250 3271s
 1278656 1096354    0.22083   32   70    0.16676    0.24034  44.1%   250 3280s
 1281844 1099126    0.22562   33   65    0.16676    0.24029  44.1%   250 3288s
 1285134 1101807    0.22940   34   65    0.16676    0.24024  44.1%   250 3297s
 1288301 1104691    0.23386   40   66    0.16676    0.24019  44.0%   250 3304s
 1291757 1107596    0.21766   39   57    0.16676    0.24013  44.0%   250 3312s
 1295134 1110502    0.17797   34   60    0.16676    0.24009  44.0%   250 3320s
 1298542 1113460    0.23969   37   65    0.16676    0.24004  43.9%   250 3329s
 1302023 1116531    0.23546   34   63    0.16676    0.23999  43.9%   250 3337s
 1305641 1119481    0.23986   37   43    0.16676    0.23993  43.9%   250 3345s
 1309100 1122238    0.23415   30   72    0.16676    0.23988  43.8%   250 3353s
 1312386 1125068    0.23347   34   64    0.16676    0.23983  43.8%   250 3360s
 1315658 1127918    0.23136   38   54    0.16676    0.23978  43.8%   250 3367s
 1318972 1130572    0.23135   39   64    0.16676    0.23973  43.8%   250 3376s
 1322099 1133436    0.22649   37   65    0.16676    0.23969  43.7%   250 3382s
 1325466 1136379    0.23615   36   62    0.16676    0.23964  43.7%   250 3390s
 1328885 1139246    0.23513   37   65    0.16676    0.23959  43.7%   250 3399s
 1332266 1142335    0.23875   32   66    0.16676    0.23955  43.6%   250 3408s
 1335899 1145143     cutoff   38         0.16676    0.23949  43.6%   250 3416s
 1339135 1148285    0.23554   35   66    0.16676    0.23944  43.6%   250 3425s
 1342804 1151224    0.22718   37   59    0.16676    0.23939  43.6%   250 3433s
 1346239 1154085    0.23368   36   59    0.16676    0.23934  43.5%   250 3441s
 1349582 1157002    0.23651   38   62    0.16676    0.23929  43.5%   250 3450s
 1352957 1159852     cutoff   34         0.16676    0.23925  43.5%   250 3458s
 1356371 1162601    0.22832   37   64    0.16676    0.23920  43.4%   250 3467s
 1359617 1165557    0.23869   33   73    0.16676    0.23915  43.4%   250 3476s
 1363157 1168589    0.23748   36   60    0.16676    0.23911  43.4%   250 3485s
 1366758 1171453    0.22723   39   59    0.16676    0.23905  43.3%   250 3493s
 1370253 1174170    0.23894   37   60    0.16676    0.23901  43.3%   250 3501s
 1373503 1176923    0.23442   39   54    0.16676    0.23896  43.3%   250 3509s
 1376759 1179596    0.23819   35   62    0.16676    0.23891  43.3%   250 3517s
 1380006 1182422    0.23718   35   64    0.16676    0.23887  43.2%   250 3525s
 1383375 1185224    0.22833   36   67    0.16676    0.23883  43.2%   249 3533s
 1386705 1187700    0.22139   31   66    0.16676    0.23878  43.2%   249 3541s
 1389723 1190913    0.22436   37   64    0.16676    0.23874  43.2%   249 3550s
 1393515 1193671    0.23797   37   62    0.16676    0.23869  43.1%   249 3558s
 1396799 1196350    0.23612   36   57    0.16676    0.23865  43.1%   249 3566s
 1400002 1199253    0.23295   36   68    0.16676    0.23860  43.1%   249 3574s
 1403512 1201972    0.23809   36   62    0.16676    0.23856  43.0%   249 3582s
 1406772 1204563    0.23349   41   52    0.16676    0.23852  43.0%   249 3590s
 1409779 1207421    0.22793   38   63    0.16676    0.23848  43.0%   249 3598s
 1413151 1210280    0.23343   38   59    0.16676    0.23843  43.0%   249 3604s
 1416461 1212972    0.23676   36   64    0.16676    0.23839  42.9%   249 3610s
 1419678 1215891    0.22584   36   65    0.16676    0.23835  42.9%   249 3616s
 1423219 1218801    0.23016   38   59    0.16676    0.23830  42.9%   249 3622s
 1426811 1221583    0.23447   37   64    0.16676    0.23826  42.9%   249 3630s
 1430199 1224389    0.22561   38   60    0.16676    0.23822  42.8%   249 3638s
 1433527 1227123    0.22717   39   64    0.16676    0.23818  42.8%   249 3646s
 1436810 1229479    0.23796   37   65    0.16676    0.23814  42.8%   249 3654s
 1439658 1232446    0.23391   39   58    0.16676    0.23810  42.8%   249 3662s
 1443220 1235283    0.23805   38   58    0.16676    0.23805  42.7%   249 3670s
 1446674 1238044    0.23783   37   65    0.16676    0.23801  42.7%   249 3679s
 1449973 1241199    0.23762   35   67    0.16676    0.23797  42.7%   249 3688s
 1453779 1243949    0.23083   36   64    0.16676    0.23792  42.7%   249 3696s
 1457004 1246565    0.23126   39   60    0.16676    0.23788  42.6%   249 3704s
 1460196 1249431    0.23186   36   67    0.16676    0.23784  42.6%   249 3712s
 1463579 1252063    0.23197   37   58    0.16676    0.23780  42.6%   249 3720s
 1466729 1254800    0.23273   34   65    0.16676    0.23776  42.6%   249 3728s
 1470015 1257496    0.22951   38   60    0.16676    0.23772  42.5%   249 3736s
 1473270 1260342    0.23641   35   62    0.16676    0.23769  42.5%   249 3744s
 1476620 1263088    0.23168   33   67    0.16676    0.23764  42.5%   249 3753s
 1479948 1265980    0.23536   33   69    0.16676    0.23760  42.5%   249 3762s
 1483426 1268971    0.23352   36   60    0.16676    0.23756  42.5%   248 3770s
 1487018 1271794    0.22860   38   54    0.16676    0.23752  42.4%   248 3776s
 1490440 1274442    0.23544   39   59    0.16676    0.23747  42.4%   248 3782s
 1493617 1277195    0.22808   34   67    0.16676    0.23744  42.4%   248 3788s
 1496964 1280065    0.22863   31   65    0.16676    0.23740  42.4%   248 3796s
 1500357 1282845    0.23515   32   66    0.16676    0.23735  42.3%   248 3805s
 1503718 1285715    0.23527   34   62    0.16676    0.23731  42.3%   248 3813s
 1507139 1288505    0.23227   36   65    0.16676    0.23728  42.3%   248 3821s
 1510491 1291478    0.22965   39   57    0.16676    0.23724  42.3%   248 3830s
 1514121 1294217    0.22898   40   63    0.16676    0.23719  42.2%   248 3839s
 1517477 1297078    0.22947   37   65    0.16676    0.23715  42.2%   248 3847s
 1520940 1299469    0.22945   36   61    0.16676    0.23712  42.2%   248 3855s
 1523827 1302308    0.23665   39   64    0.16676    0.23707  42.2%   248 3864s
 1527254 1305047    0.22622   39   61    0.16676    0.23703  42.1%   248 3872s
 1530546 1307918    0.23650   33   66    0.16676    0.23700  42.1%   248 3881s
 1533983 1310524    0.22806   37   64    0.16676    0.23696  42.1%   248 3890s
 1537150 1313321    0.23582   37   58    0.16676    0.23693  42.1%   248 3898s
 1540547 1316291    0.23180   34   63    0.16676    0.23689  42.0%   248 3908s
 1544157 1318985     cutoff   35         0.16676    0.23685  42.0%   248 3916s
 1547421 1321793    0.22487   35   61    0.16676    0.23681  42.0%   248 3924s
 1550835 1324609    0.22508   38   64    0.16676    0.23677  42.0%   248 3933s
 1554124 1327276    0.23650   40   58    0.16676    0.23674  42.0%   248 3941s
 1557380 1330104    0.20535   38   65    0.16676    0.23670  41.9%   248 3950s
 1560820 1332856    0.22451   37   62    0.16676    0.23666  41.9%   248 3957s
 1564103 1335411    0.22359   37   64    0.16676    0.23662  41.9%   248 3963s
 1567229 1338269    0.22845   39   61    0.16676    0.23659  41.9%   248 3969s
 1570657 1341399    0.22208   36   65    0.16676    0.23656  41.9%   248 3978s
 1574391 1344107    0.23642   36   68    0.16676    0.23651  41.8%   248 3986s
 1577690 1346852    0.23289   38   62    0.16676    0.23648  41.8%   248 3994s
 1580927 1349528    0.23015   34   63    0.16676    0.23644  41.8%   248 4000s
 1584193 1352154    0.22871   39   64    0.16676    0.23641  41.8%   248 4008s
 1587333 1354940    0.22545   34   67    0.16676    0.23637  41.7%   248 4016s
 1590690 1357772    0.23630   31   74    0.16676    0.23633  41.7%   248 4025s
 1594105 1360351    0.23313   34   72    0.16676    0.23630  41.7%   248 4033s
 1597218 1363384    0.22028   33   67    0.16676    0.23627  41.7%   247 4041s
 1600805 1366442    0.22785   40   53    0.16676    0.23623  41.7%   247 4050s
 1604441 1369249    0.23072   34   68    0.16676    0.23619  41.6%   247 4058s
 1607813 1372045    0.23123   38   65    0.16676    0.23616  41.6%   247 4066s
 1611169 1374642    0.22780   36   60    0.16676    0.23612  41.6%   247 4074s
 1614238 1377265    0.23400   38   64    0.16676    0.23609  41.6%   247 4082s
 1617434 1380074    0.23097   38   62    0.16676    0.23605  41.5%   247 4090s
 1620942 1382842    0.23195   36   67    0.16676    0.23602  41.5%   247 4098s
 1624293 1385615 infeasible   34         0.16676    0.23598  41.5%   247 4106s
 1627635 1387045    0.23063   38   65    0.16676    0.23594  41.5%   247 4112s
H1627813 1387045                       0.1667650    0.23594  41.5%   247 4113s
H1627895 1387045                       0.1667650    0.23594  41.5%   247 4113s
 1629413 1389124    0.23533   34   63    0.16676    0.23594  41.5%   247 4119s
 1631975 1391210    0.22565   42   52    0.16676    0.23594  41.5%   247 4126s
 1634493 1393963    0.23002   35   56    0.16676    0.23593  41.5%   247 4137s
H1637822 1396854                       0.1667650    0.23590  41.5%   247 4150s
 1641267 1399722    0.21668   38   56    0.16676    0.23587  41.4%   247 4163s
H1643417 1399722                       0.1667651    0.23586  41.4%   247 4163s
H1644769 1403039                       0.1667651    0.23585  41.4%   247 4178s
H1645600 1403039                       0.1667651    0.23583  41.4%   247 4178s
H1645727 1403039                       0.1667651    0.23583  41.4%   247 4178s
H1645868 1403039                       0.1667651    0.23583  41.4%   247 4178s
 1648697 1406495    0.22713   37   66    0.16677    0.23579  41.4%   247 4189s
H1652500 1406495                       0.1667651    0.23575  41.4%   247 4189s
 1652875 1409439    0.22735   38   62    0.16677    0.23569  41.3%   247 4199s
 1656429 1412687    0.22877   39   62    0.16677    0.23565  41.3%   247 4209s
H1658186 1412687                       0.1667651    0.23565  41.3%   247 4210s
 1660449 1415703    0.22678   36   63    0.16677    0.23561  41.3%   247 4220s
 1664069 1418722    0.23547   30   74    0.16677    0.23557  41.3%   247 4229s
 1667716 1421395    0.22631   36   65    0.16677    0.23553  41.2%   247 4237s
 1670949 1424071    0.23064   40   59    0.16677    0.23550  41.2%   247 4246s
 1674178 1426857    0.22894   36   66    0.16677    0.23547  41.2%   247 4254s
 1677533 1429581    0.22922   39   59    0.16677    0.23544  41.2%   247 4262s
 1680831 1432250    0.23058   37   62    0.16677    0.23541  41.2%   247 4269s
 1684116 1435009    0.22704   41   59    0.16677    0.23538  41.1%   247 4277s
 1687483 1437784    0.22896   33   65    0.16677    0.23535  41.1%   247 4285s
 1690891 1440349    0.22382   36   66    0.16677    0.23531  41.1%   247 4292s
 1693939 1443325    0.23048   38   64    0.16677    0.23528  41.1%   247 4299s
 1697680 1446059    0.22647   36   67    0.16677    0.23525  41.1%   247 4308s
 1701053 1448702    0.23413   35   63    0.16677    0.23522  41.0%   247 4315s
 1704295 1451336    0.23514   39   61    0.16677    0.23519  41.0%   247 4324s
 1707486 1454099    0.21902   32   72    0.16677    0.23516  41.0%   247 4332s
 1710818 1456757    0.18616   31   61    0.16677    0.23513  41.0%   247 4340s
 1713981 1459532    0.22972   36   67    0.16677    0.23510  41.0%   247 4348s
 1717324 1462236    0.23015   36   64    0.16677    0.23507  41.0%   247 4356s
 1720599 1464919    0.23280   38   64    0.16677    0.23504  40.9%   247 4364s
 1723899 1467946    0.22548   40   58    0.16677    0.23501  40.9%   247 4373s
 1727527 1470706    0.21728   33   68    0.16677    0.23497  40.9%   247 4381s
 1730872 1473385    0.22690   41   58    0.16677    0.23495  40.9%   247 4389s
 1734112 1476243    0.22905   38   63    0.16677    0.23492  40.9%   247 4398s
 1737464 1478948    0.22778   39   59    0.16677    0.23489  40.9%   247 4406s
 1740705 1481836    0.22608   35   66    0.16677    0.23486  40.8%   247 4414s
 1744173 1484501    0.22940   40   60    0.16677    0.23483  40.8%   246 4423s
 1747424 1487131    0.22657   39   63    0.16677    0.23480  40.8%   246 4431s
 1750604 1489989    0.22523   30   71    0.16677    0.23478  40.8%   246 4439s
 1754024 1493126    0.22259   39   48    0.16677    0.23475  40.8%   246 4448s
 1757719 1495786    0.22629   34   65    0.16677    0.23472  40.7%   246 4456s
 1760997 1498597    0.22660   35   61    0.16677    0.23469  40.7%   246 4464s
 1764283 1501380    0.22643   37   60    0.16677    0.23466  40.7%   246 4472s
 1767602 1504078    0.22951   35   66    0.16677    0.23463  40.7%   246 4481s
 1770841 1506622    0.22209   40   60    0.16677    0.23461  40.7%   246 4489s
 1773804 1509441    0.23007   38   57    0.16677    0.23458  40.7%   246 4498s
 1777195 1512215     cutoff   38         0.16677    0.23455  40.6%   246 4507s
 1780585 1515098    0.20829   38   58    0.16677    0.23452  40.6%   246 4515s
 1783952 1518237    0.19030   41   58    0.16677    0.23449  40.6%   246 4524s
 1787808 1520848    0.23386   37   61    0.16677    0.23446  40.6%   246 4532s
 1790983 1523461    0.20441   37   65    0.16677    0.23444  40.6%   246 4540s
 1794226 1526103    0.22507   40   59    0.16677    0.23441  40.6%   246 4548s
 1797371 1528839    0.22758   37   64    0.16677    0.23438  40.5%   246 4556s
 1800716 1531557    0.23214   38   65    0.16677    0.23436  40.5%   246 4565s
 1804032 1534315    0.22990   38   61    0.16677    0.23433  40.5%   246 4573s
 1807291 1537032    0.22768   35   63    0.16677    0.23430  40.5%   246 4581s
 1810589 1539646    0.23277   34   66    0.16677    0.23428  40.5%   246 4590s
 1813714 1542749    0.23419   36   66    0.16677    0.23425  40.5%   246 4599s
 1817504 1545347    0.22860   36   70    0.16677    0.23422  40.4%   246 4607s
 1820654 1548134    0.22835   35   61    0.16677    0.23419  40.4%   246 4616s
 1824014 1550815    0.21735   37   63    0.16677    0.23416  40.4%   246 4624s
 1827287 1553552    0.22498   39   57    0.16677    0.23414  40.4%   246 4632s
 1830582 1556159    0.22838   35   67    0.16677    0.23411  40.4%   246 4640s
 1833718 1558932    0.22465   37   62    0.16677    0.23408  40.4%   246 4648s
 1837134 1561790    0.22726   38   65    0.16677    0.23406  40.4%   246 4656s
 1840532 1564405    0.23180   38   45    0.16677    0.23403  40.3%   246 4664s
 1843662 1567268    0.23247   37   58    0.16677    0.23400  40.3%   246 4673s
 1847203 1570176    0.23020   38   45    0.16677    0.23398  40.3%   246 4681s
 1850715 1572836    0.22792   40   33    0.16677    0.23395  40.3%   246 4689s
 1853974 1575589    0.23329   32   62    0.16677    0.23392  40.3%   246 4698s
 1857317 1578194    0.21327   39   63    0.16677    0.23390  40.3%   246 4706s
 1860564 1580973    0.23072   35   64    0.16677    0.23387  40.2%   246 4714s
 1864042 1583688    0.22987   38   38    0.16677    0.23384  40.2%   246 4720s
 1867362 1586252    0.22907   41   62    0.16677    0.23382  40.2%   246 4726s
 1870434 1588820    0.22838   39   60    0.16677    0.23380  40.2%   246 4734s
 1873584 1591891    0.22388   36   63    0.16677    0.23377  40.2%   246 4743s
 1877322 1594517    0.22318   37   64    0.16677    0.23374  40.2%   246 4751s
 1880498 1597280    0.21971   33   62    0.16677    0.23372  40.1%   246 4759s
 1883890 1599946    0.22446   38   55    0.16677    0.23369  40.1%   246 4767s
 1887139 1602690    0.22738   36   64    0.16677    0.23367  40.1%   246 4774s
 1890485 1605448    0.22876   36   66    0.16677    0.23365  40.1%   246 4782s
 1893851 1608224    0.22187   35   63    0.16677    0.23362  40.1%   246 4791s
 1897220 1610785    0.22279   41   58    0.16677    0.23359  40.1%   246 4799s
 1900332 1613609    0.22558   33   66    0.16677    0.23357  40.1%   246 4807s
 1903739 1616576    0.22990   40   49    0.16677    0.23355  40.0%   246 4817s
 1907409 1619250    0.22887   34   68    0.16677    0.23352  40.0%   246 4825s
 1910718 1621912     cutoff   36         0.16677    0.23349  40.0%   246 4833s
 1913935 1624694     cutoff   37         0.16677    0.23347  40.0%   246 4841s
 1917297 1627443    0.22295   40   58    0.16677    0.23345  40.0%   245 4849s
 1920631 1630244    0.22862   32   68    0.16677    0.23342  40.0%   245 4857s
 1923963 1632973    0.22786   38   61    0.16677    0.23340  40.0%   245 4865s
 1927339 1635808    0.22097   40   60    0.16677    0.23337  39.9%   245 4874s
 1930712 1638386    0.22596   36   63    0.16677    0.23335  39.9%   245 4880s
 1933926 1641358    0.22630   37   61    0.16677    0.23333  39.9%   245 4887s
 1937464 1644132    0.22619   39   57    0.16677    0.23330  39.9%   245 4893s
 1940855 1646744    0.22814   37   61    0.16677    0.23327  39.9%   245 4901s
 1943999 1649625    0.22913   34   73    0.16677    0.23325  39.9%   245 4909s
 1947428 1652416    0.19284   38   58    0.16677    0.23323  39.9%   245 4917s
 1950863 1655014    0.22552   41   58    0.16677    0.23321  39.8%   245 4926s
 1954017 1657835    0.21938   37   60    0.16677    0.23318  39.8%   245 4934s
 1957434 1660451    0.22645   34   64    0.16677    0.23315  39.8%   245 4942s
 1960626 1663322    0.22824   39   65    0.16677    0.23313  39.8%   245 4950s
 1964006 1666199    0.22800   38   63    0.16677    0.23311  39.8%   245 4959s
 1967473 1669187    0.22421   35   66    0.16677    0.23309  39.8%   245 4968s
 1971028 1671924    0.22150   38   59    0.16677    0.23306  39.8%   245 4976s
 1974336 1674557    0.22746   38   69    0.16677    0.23304  39.7%   245 4985s
 1977602 1677393    0.23030   37   63    0.16677    0.23302  39.7%   245 4993s
 1981068 1680129     cutoff   37         0.16677    0.23299  39.7%   245 4999s
 1984447 1682935    0.22638   32   67    0.16677    0.23297  39.7%   245 5005s
 1987839 1685709    0.22110   38   62    0.16677    0.23295  39.7%   245 5012s
 1991209 1688430    0.22352   39   62    0.16677    0.23292  39.7%   245 5021s
 1994546 1691425    0.22936   36   62    0.16677    0.23290  39.7%   245 5030s
 1998191 1694131    0.22268   33   65    0.16677    0.23287  39.6%   245 5038s
 2001506 1696831     cutoff   37         0.16677    0.23285  39.6%   245 5047s
 2004828 1699629     cutoff   36         0.16677    0.23283  39.6%   245 5055s
 2008203 1702313    0.23281   38   35    0.16677    0.23281  39.6%   245 5063s
 2011511 1705156    0.22935   37   62    0.16677    0.23278  39.6%   245 5072s
 2014926 1707338    0.22489   38   61    0.16677    0.23276  39.6%   245 5079s
 2017564 1710219    0.21982   38   63    0.16677    0.23274  39.6%   245 5088s
 2021123 1712926    0.22571   36   66    0.16677    0.23271  39.5%   245 5096s
 2024462 1715960    0.22698   36   66    0.16677    0.23269  39.5%   245 5105s
 2028183 1718624    0.21925   41   63    0.16677    0.23266  39.5%   245 5114s
 2031479 1721337    0.22005   32   68    0.16677    0.23264  39.5%   245 5122s
 2034749 1721368    0.22429   40   48    0.16677    0.23262  39.5%   245 5132s
 2034782 1721395    0.22882   40   57    0.16677    0.23261  39.5%   245 5140s
H2034793 1721395                       0.1667651    0.23261  39.5%   245 5142s
 2034818 1721575    0.22239   40   58    0.16677    0.23261  39.5%   245 5153s
 2035041 1721786    0.22229   38   61    0.16677    0.23261  39.5%   245 5164s
 2035297 1722021    0.22349   41   59    0.16677    0.23261  39.5%   245 5171s
 2035576 1722385     cutoff   40         0.16677    0.23261  39.5%   245 5178s
 2036016 1722892    0.23143   40   38    0.16677    0.23261  39.5%   245 5192s
 2036638 1724867    0.22730   38   65    0.16677    0.23261  39.5%   245 5204s
H2036882 1724867                       0.1667651    0.23261  39.5%   245 5205s
 2039037 1727515    0.22262   38   62    0.16677    0.23260  39.5%   245 5220s
 2042254 1730971    0.22156   34   64    0.16677    0.23260  39.5%   245 5232s
 2046395 1734543    0.22924   40   59    0.16677    0.23259  39.5%   245 5244s
 2050725 1737909    0.22878   32   74    0.16677    0.23256  39.5%   245 5256s
 2054813 1740530    0.22062   35   63    0.16677    0.23252  39.4%   245 5266s
 2058041 1743279    0.22405   37   61    0.16677    0.23249  39.4%   245 5275s
 2061374 1746303    0.22808   33   70    0.16677    0.23246  39.4%   245 5283s
 2064953 1749160    0.22431   35   64    0.16677    0.23243  39.4%   245 5292s
 2068515 1751932    0.23241   35   61    0.16677    0.23241  39.4%   245 5302s
 2071941 1754588    0.22000   39   65    0.16677    0.23238  39.3%   245 5310s
 2075126 1757349    0.22516   38   59    0.16677    0.23236  39.3%   245 5319s
 2078547 1760262    0.22271   37   63    0.16677    0.23233  39.3%   245 5328s
 2082145 1762906    0.22496   40   59    0.16677    0.23230  39.3%   245 5337s
 2085413 1765999    0.21980   37   55    0.16677    0.23228  39.3%   245 5346s
 2089171 1768636    0.22506   39   55    0.16677    0.23225  39.3%   245 5355s
 2092406 1771255    0.22903   36   59    0.16677    0.23223  39.3%   245 5362s
 2095675 1773890    0.22940   37   44    0.16677    0.23221  39.2%   245 5371s
 2098839 1776608    0.22006   38   52    0.16677    0.23219  39.2%   245 5379s
 2102079 1779388    0.23186   36   64    0.16677    0.23217  39.2%   245 5387s
 2105455 1782245    0.22109   38   62    0.16677    0.23215  39.2%   245 5395s
 2108886 1785026    0.22467   40   60    0.16677    0.23212  39.2%   245 5403s
 2112267 1787701    0.21491   36   64    0.16677    0.23210  39.2%   244 5411s
 2115539 1790621    0.23120   37   61    0.16677    0.23208  39.2%   244 5420s
 2119134 1793302    0.22824   38   60    0.16677    0.23206  39.2%   244 5429s
 2122370 1796104    0.22971   30   68    0.16677    0.23204  39.1%   244 5437s
 2125830 1798718     cutoff   39         0.16677    0.23202  39.1%   244 5445s
 2129082 1801547    0.19608   39   67    0.16677    0.23200  39.1%   244 5454s
 2132510 1804062    0.22445   40   59    0.16677    0.23197  39.1%   244 5463s
 2135620 1806826    0.22742   36   60    0.16677    0.23195  39.1%   244 5471s
 2139022 1809661    0.22844   36   71    0.16677    0.23193  39.1%   244 5480s
 2142472 1812298    0.22777   39   62    0.16677    0.23191  39.1%   244 5489s
 2145716 1815309     cutoff   34         0.16677    0.23189  39.1%   244 5498s
 2149383 1817689 infeasible   39         0.16677    0.23187  39.0%   244 5506s
 2152294 1820417    0.22528   36   60    0.16677    0.23185  39.0%   244 5515s
 2155658 1823325    0.22905   39   61    0.16677    0.23182  39.0%   244 5522s
 2159265 1825969    0.21808   33   62    0.16677    0.23180  39.0%   244 5528s
 2162530 1828789    0.22267   37   58    0.16677    0.23178  39.0%   244 5535s
 2165981 1831633    0.17655   38   55    0.16677    0.23176  39.0%   244 5541s
 2169504 1834198    0.22775   39   60    0.16677    0.23174  39.0%   244 5550s
 2172707 1836876    0.22097   41   58    0.16677    0.23172  38.9%   244 5558s
 2176060 1840006    0.23135   34   67    0.16677    0.23169  38.9%   244 5568s
 2179855 1842597    0.22410   37   65    0.16677    0.23167  38.9%   244 5576s
 2183062 1845253    0.22826   41   58    0.16677    0.23165  38.9%   244 5584s
 2186323 1847805    0.22437   38   55    0.16677    0.23163  38.9%   244 5593s
 2189462 1850721    0.23144   36   72    0.16677    0.23161  38.9%   244 5600s
 2192942 1853415 infeasible   41         0.16677    0.23159  38.9%   244 5608s
 2196286 1856073    0.22397   38   61    0.16677    0.23157  38.9%   244 5616s
 2199498 1858699    0.21163   35   60    0.16677    0.23155  38.8%   244 5623s
 2202768 1861364    0.22265   41   54    0.16677    0.23153  38.8%   244 5632s
 2206087 1864368    0.22838   38   58    0.16677    0.23151  38.8%   244 5641s
 2209765 1867090    0.22271   37   61    0.16677    0.23149  38.8%   244 5649s
 2213120 1869826     cutoff   38         0.16677    0.23147  38.8%   244 5657s
 2216423 1872329    0.22702   39   62    0.16677    0.23144  38.8%   244 5665s
 2219501 1874910    0.22521   35   67    0.16677    0.23143  38.8%   244 5673s
 2222619 1877679    0.22325   38   63    0.16677    0.23141  38.8%   244 5681s
 2226048 1880460    0.22358   33   69    0.16677    0.23139  38.7%   244 5689s
 2229404 1883080    0.21816   37   64    0.16677    0.23137  38.7%   244 5697s
 2232589 1885989    0.22445   39   61    0.16677    0.23134  38.7%   244 5706s
 2236129 1888959    0.22518   40   61    0.16677    0.23132  38.7%   244 5715s
 2239732 1891823    0.22092   35   62    0.16677    0.23130  38.7%   244 5724s
 2243204 1894378    0.22584   33   70    0.16677    0.23128  38.7%   244 5732s
 2246374 1897210    0.22382   40   58    0.16677    0.23126  38.7%   244 5741s
 2249870 1899883    0.22656   38   64    0.16677    0.23124  38.7%   244 5749s
 2253173 1902505    0.22691   34   63    0.16677    0.23122  38.7%   244 5757s
 2256298 1905377    0.22522   40   60    0.16677    0.23120  38.6%   244 5766s
 2259735 1908143    0.22544   37   63    0.16677    0.23118  38.6%   244 5774s
 2263109 1910570    0.21970   32   71    0.16677    0.23116  38.6%   244 5782s
 2266083 1913694    0.22997   37   62    0.16677    0.23114  38.6%   244 5791s
 2269861 1916372    0.22693   39   58    0.16677    0.23112  38.6%   244 5799s
 2273115 1919006    0.22711   37   62    0.16677    0.23110  38.6%   244 5807s
 2276361 1921654    0.23090   35   65    0.16677    0.23108  38.6%   244 5815s
 2279638 1924346    0.22549   41   63    0.16677    0.23106  38.6%   244 5824s
 2282962 1927101    0.22292   37   60    0.16677    0.23104  38.5%   244 5832s
 2286289 1929819    0.22684   36   65    0.16677    0.23102  38.5%   244 5840s
 2289583 1932460    0.19240   39   63    0.16677    0.23100  38.5%   244 5848s
 2292837 1935111    0.22653   37   63    0.16677    0.23099  38.5%   244 5856s
 2296167 1938039     cutoff   36         0.16677    0.23097  38.5%   244 5866s
 2299828 1940674    0.22721   39   58    0.16677    0.23094  38.5%   244 5874s
 2303061 1943291    0.22509   40   64    0.16677    0.23092  38.5%   244 5883s
 2306288 1945626    0.22435   40   57    0.16677    0.23090  38.5%   244 5891s
 2309171 1948467    0.22619   40   57    0.16677    0.23089  38.4%   244 5899s
 2312664 1951371    0.22242   37   61    0.16677    0.23086  38.4%   244 5908s
 2316169 1954159    0.23081   38   61    0.16677    0.23085  38.4%   244 5917s
 2319455 1956909    0.22458   42   38    0.16677    0.23083  38.4%   244 5926s
 2322798 1959641    0.22455   37   66    0.16677    0.23081  38.4%   244 5934s
 2326156 1962556    0.22220   39   62    0.16677    0.23079  38.4%   244 5943s
 2329764 1965306    0.22719   39   38    0.16677    0.23077  38.4%   244 5949s
 2333147 1968057    0.21854   42   53    0.16677    0.23074  38.4%   244 5956s
 2336501 1970819    0.22746   37   62    0.16677    0.23073  38.4%   243 5963s
 2339932 1973482    0.22177   35   63    0.16677    0.23070  38.3%   243 5970s
 2343183 1976233    0.23047   38   62    0.16677    0.23069  38.3%   243 5978s
 2346522 1978883     cutoff   36         0.16677    0.23067  38.3%   243 5986s
 2349798 1981614    0.21956   37   52    0.16677    0.23065  38.3%   243 5994s
 2353120 1984198    0.21783   38   67    0.16677    0.23063  38.3%   243 6002s
 2356262 1987179    0.23035   35   62    0.16677    0.23061  38.3%   243 6012s
 2359869 1989913    0.21500   41   51    0.16677    0.23059  38.3%   243 6021s
 2363134 1992788    0.22120   38   64    0.16677    0.23057  38.3%   243 6029s
 2366609 1995475    0.22469   38   67    0.16677    0.23055  38.2%   243 6037s
 2369895 1998258    0.21996   36   62    0.16677    0.23053  38.2%   243 6046s
 2373308 2000890    0.23019   39   63    0.16677    0.23051  38.2%   243 6054s
 2376575 2003622 infeasible   39         0.16677    0.23049  38.2%   243 6062s
 2379884 2006328    0.22554   39   61    0.16677    0.23047  38.2%   243 6071s
 2383219 2009046    0.22722   36   70    0.16677    0.23046  38.2%   243 6079s
 2386506 2012051    0.22962   42   59    0.16677    0.23044  38.2%   243 6088s
 2390161 2014783    0.22083   41   55    0.16677    0.23042  38.2%   243 6097s
 2393480 2017478    0.22821   39   58    0.16677    0.23040  38.2%   243 6104s
 2396787 2020082    0.22168   35   62    0.16677    0.23038  38.1%   243 6113s
 2399915 2022803     cutoff   40         0.16677    0.23036  38.1%   243 6122s
 2403311 2025629    0.22531   41   57    0.16677    0.23034  38.1%   243 6130s
 2406783 2028228     cutoff   40         0.16677    0.23032  38.1%   243 6139s
 2409966 2030888     cutoff   39         0.16677    0.23031  38.1%   243 6147s
 2413320 2033561    0.21985   37   68    0.16677    0.23029  38.1%   243 6155s
 2416635 2036360    0.22881   38   67    0.16677    0.23027  38.1%   243 6164s
 2420066 2039328    0.22972   37   58    0.16677    0.23025  38.1%   243 6173s
 2423663 2041967    0.22206   39   63    0.16677    0.23023  38.1%   243 6181s
 2426897 2044812    0.22521   35   66    0.16677    0.23021  38.0%   243 6190s
 2430348 2047645    0.22998   35   64    0.16677    0.23019  38.0%   243 6198s
 2433795 2050289    0.22920   39   62    0.16677    0.23017  38.0%   243 6207s
 2437014 2053146    0.18638   39   57    0.16677    0.23016  38.0%   243 6215s
 2440463 2055866    0.21803   36   64    0.16677    0.23014  38.0%   243 6223s
 2443812 2058119    0.22675   39   63    0.16677    0.23012  38.0%   243 6232s
 2446536 2061128    0.22408   38   60    0.16677    0.23010  38.0%   243 6241s
 2450218 2063779    0.22409   40   62    0.16677    0.23008  38.0%   243 6249s
 2453447 2066540    0.21860   37   62    0.16677    0.23007  38.0%   243 6256s
 2456726 2069298    0.23003   35   66    0.16677    0.23005  37.9%   243 6264s
 2460180 2071926    0.22980   36   63    0.16677    0.23003  37.9%   243 6273s
 2463395 2074638    0.22623   41   56    0.16677    0.23001  37.9%   243 6280s
 2466731 2077520    0.21855   36   63    0.16677    0.22999  37.9%   243 6286s
 2470194 2080253    0.22197   39   59    0.16677    0.22998  37.9%   243 6293s
 2473471 2082797    0.22405   40   59    0.16677    0.22996  37.9%   243 6300s
 2476596 2085732     cutoff   36         0.16677    0.22994  37.9%   243 6309s
 2480200 2088438    0.22466   36   62    0.16677    0.22992  37.9%   243 6318s
 2483507 2091102    0.22706   35   62    0.16677    0.22990  37.9%   243 6326s
 2486823 2094034    0.21406   39   63    0.16677    0.22989  37.8%   243 6334s
 2490335 2096725     cutoff   38         0.16677    0.22987  37.8%   243 6343s
 2493628 2099359    0.22499   36   64    0.16677    0.22985  37.8%   243 6351s
 2496829 2102059    0.22435   40   53    0.16677    0.22983  37.8%   243 6359s
 2500145 2104786    0.22894   35   63    0.16677    0.22981  37.8%   243 6367s
 2503428 2107429    0.21958   39   61    0.16677    0.22980  37.8%   243 6376s
 2506630 2110428    0.22679   34   59    0.16677    0.22978  37.8%   243 6386s
 2510376 2112849    0.22924   37   64    0.16677    0.22976  37.8%   243 6394s
 2513407 2115370    0.22068   37   62    0.16677    0.22974  37.8%   243 6402s
 2516464 2118217     cutoff   40         0.16677    0.22973  37.8%   243 6410s
 2519912 2121028    0.22969   38   61    0.16677    0.22971  37.7%   243 6417s
 2523308 2123769    0.22709   40   58    0.16677    0.22969  37.7%   243 6426s
 2526626 2126663    0.22080   40   61    0.16677    0.22967  37.7%   243 6433s
 2530058 2129286    0.21709   40   60    0.16677    0.22965  37.7%   243 6441s
 2533367 2131930    0.20393   38   61    0.16677    0.22964  37.7%   243 6449s
 2536553 2134963    0.22192   36   59    0.16677    0.22962  37.7%   243 6456s
 2540264 2137578    0.22287   41   58    0.16677    0.22960  37.7%   243 6462s
 2543443 2140308    0.21977   41   58    0.16677    0.22958  37.7%   243 6468s
 2546801 2143004    0.22266   40   52    0.16677    0.22957  37.7%   243 6475s
 2550103 2145687    0.21870   39   62    0.16677    0.22955  37.6%   243 6480s
 2553431 2148346    0.22117   38   70    0.16677    0.22953  37.6%   243 6486s
 2556684 2151102    0.21880   41   57    0.16677    0.22951  37.6%   243 6494s
 2559980 2153682    0.22314   35   67    0.16677    0.22950  37.6%   243 6502s
 2563173 2156432    0.22499   40   56    0.16677    0.22948  37.6%   243 6511s
 2566516 2159257    0.22614   38   57    0.16677    0.22946  37.6%   243 6519s
 2570050 2162033    0.22304   39   58    0.16677    0.22945  37.6%   243 6528s
 2573382 2164867    0.22520   33   64    0.16677    0.22943  37.6%   243 6535s
 2576882 2167567    0.22331   39   62    0.16677    0.22941  37.6%   243 6544s
 2580243 2170334    0.22203   41   61    0.16677    0.22939  37.6%   243 6551s
 2583533 2173118    0.22165   41   62    0.16677    0.22938  37.5%   243 6559s
 2586908 2175150    0.22064   36   67    0.16677    0.22936  37.5%   242 6569s
 2589344 2177356    0.21966   37   66    0.16677    0.22936  37.5%   242 6580s
 2592054 2179455    0.22513   40   61    0.16677    0.22935  37.5%   242 6589s
 2594623 2181898    0.22907   39   60    0.16677    0.22934  37.5%   242 6601s
 2597618 2184205    0.22783   35   65    0.16677    0.22933  37.5%   242 6609s
 2600421 2187059    0.22931   34   68    0.16677    0.22931  37.5%   242 6617s
 2603866 2189711    0.22587   40   59    0.16677    0.22930  37.5%   242 6628s
 2607245 2192596    0.22916   33   71    0.16677    0.22928  37.5%   242 6636s
 2610750 2195726    0.21708   38   67    0.16677    0.22926  37.5%   242 6644s
 2614553 2199037    0.21923   34   67    0.16677    0.22922  37.5%   242 6651s
 2618589 2202131     cutoff   39         0.16677    0.22919  37.4%   242 6659s
 2622334 2205133    0.22553   40   63    0.16677    0.22917  37.4%   242 6668s
 2625913 2208047    0.22447   39   51    0.16677    0.22915  37.4%   242 6676s
 2629383 2210942    0.22229   39   59    0.16677    0.22914  37.4%   242 6686s
 2632975 2213629    0.22910   40   55    0.16677    0.22912  37.4%   242 6694s
 2636241 2216222    0.22556   37   63    0.16677    0.22910  37.4%   242 6702s
 2639433 2218929    0.22504   39   61    0.16677    0.22908  37.4%   242 6711s
 2642792 2221585    0.21995   38   60    0.16677    0.22907  37.4%   242 6720s
 2646091 2223928    0.22149   41   58    0.16677    0.22905  37.3%   242 6728s
 2648918 2226799    0.22171   40   58    0.16677    0.22903  37.3%   242 6737s
 2652417 2229772    0.21573   39   65    0.16677    0.22901  37.3%   242 6746s
 2655954 2232473 infeasible   39         0.16677    0.22900  37.3%   242 6755s
 2659245 2235289    0.22241   39   66    0.16677    0.22898  37.3%   242 6764s
 2662709 2238165    0.22887   38   55    0.16677    0.22896  37.3%   242 6773s
 2666242 2240631    0.22547   40   64    0.16677    0.22894  37.3%   242 6783s
 2669319 2243548    0.21964   37   57    0.16677    0.22893  37.3%   242 6792s
 2672835 2246364    0.22088   36   45    0.16677    0.22891  37.3%   242 6799s
 2676302 2249169    0.21600   36   64    0.16677    0.22889  37.3%   242 6805s
 2679759 2251870    0.22220   38   60    0.16677    0.22887  37.2%   242 6811s
 2683129 2254575    0.22435   37   64    0.16677    0.22886  37.2%   242 6818s
 2686427 2257206    0.22536   37   66    0.16677    0.22884  37.2%   242 6827s
 2689680 2260171 infeasible   37         0.16677    0.22882  37.2%   242 6836s
 2693274 2262881    0.21342   40   58    0.16677    0.22881  37.2%   242 6844s
 2696577 2265721    0.21618   35   68    0.16677    0.22879  37.2%   242 6853s
 2700063 2268440    0.22856   38   62    0.16677    0.22877  37.2%   242 6862s
 2703349 2270960    0.21849   40   55    0.16677    0.22875  37.2%   242 6870s
 2706449 2273772    0.22060   39   40    0.16677    0.22874  37.2%   242 6878s
 2709870 2276447    0.22344   38   61    0.16677    0.22872  37.2%   242 6887s
 2713178 2279170    0.22597   34   67    0.16677    0.22870  37.1%   242 6896s
 2716556 2281983    0.22094   38   63    0.16677    0.22869  37.1%   242 6905s
 2719931 2284963    0.21654   40   61    0.16677    0.22867  37.1%   242 6914s
 2723513 2287738    0.22482   37   62    0.16677    0.22865  37.1%   242 6922s
 2726915 2290423    0.21795   39   64    0.16677    0.22864  37.1%   242 6930s
 2730175 2293107 infeasible   37         0.16677    0.22862  37.1%   242 6938s
 2733504 2295798    0.22772   36   48    0.16677    0.22861  37.1%   242 6947s
 2736849 2298450    0.21876   39   64    0.16677    0.22859  37.1%   242 6955s
 2740128 2301029     cutoff   41         0.16677    0.22857  37.1%   242 6963s
 2743388 2303671    0.22327   41   55    0.16677    0.22856  37.1%   242 6972s
 2746613 2306381    0.22390   39   66    0.16677    0.22854  37.0%   242 6980s
 2749912 2309393    0.22852   37   65    0.16677    0.22852  37.0%   242 6989s
 2753561 2312001    0.21745   35   66    0.16677    0.22850  37.0%   242 6998s
 2756686 2314647    0.22050   37   57    0.16677    0.22849  37.0%   242 7007s
 2759897 2317367    0.22370   38   63    0.16677    0.22847  37.0%   242 7015s
 2763335 2319983    0.22212   37   64    0.16677    0.22846  37.0%   242 7024s
 2766568 2322864    0.22818   35   66    0.16677    0.22844  37.0%   242 7032s
 2770011 2325635    0.21655   36   64    0.16677    0.22842  37.0%   242 7041s
 2773420 2328313    0.22317   37   62    0.16677    0.22841  37.0%   242 7049s
 2776744 2331086    0.21804   36   66    0.16677    0.22839  37.0%   242 7056s
 2780119 2333824    0.22081   37   70    0.16677    0.22837  36.9%   242 7063s
 2783383 2336782    0.22830   32   65    0.16677    0.22836  36.9%   242 7070s
 2787053 2339581    0.21529   40   58    0.16677    0.22834  36.9%   242 7077s
 2790465 2342287    0.22341   40   65    0.16677    0.22832  36.9%   242 7085s
 2793823 2345118    0.22332   39   61    0.16677    0.22831  36.9%   242 7093s
 2797299 2347900    0.21919   36   64    0.16677    0.22829  36.9%   242 7102s
 2800654 2350602    0.22491   37   66    0.16677    0.22827  36.9%   242 7110s
 2803983 2353351    0.22022   39   66    0.16677    0.22825  36.9%   242 7119s
 2807341 2356075    0.22809   37   66    0.16677    0.22824  36.9%   242 7127s
 2810706 2359131    0.22106   34   68    0.16677    0.22822  36.9%   242 7137s
 2814373 2361789    0.21670   37   63    0.16677    0.22820  36.8%   242 7145s
 2817664 2364534    0.21946   37   61    0.16677    0.22819  36.8%   242 7153s
 2820943 2367200    0.17889   39   61    0.16677    0.22817  36.8%   242 7161s
 2824210 2369955    0.22800   36   68    0.16677    0.22816  36.8%   242 7170s
 2827553 2372554     cutoff   38         0.16677    0.22814  36.8%   242 7178s
 2830776 2375306    0.22612   39   50    0.16677    0.22812  36.8%   242 7186s
 2834111 2377891     cutoff   41         0.16677    0.22811  36.8%   242 7194s
 2837270 2380630    0.22469   38   61    0.16677    0.22809  36.8%   242 7202s
 2840603 2383447    0.22798   41   63    0.16677    0.22807  36.8%   242 7211s
 2844041 2386330    0.20937   33   64    0.16677    0.22806  36.8%   242 7220s
 2847539 2389126    0.22368   42   49    0.16677    0.22804  36.7%   242 7228s
 2850903 2391845    0.22591   39   58    0.16677    0.22802  36.7%   242 7237s
 2854263 2394549    0.22276   37   68    0.16677    0.22801  36.7%   242 7246s
 2857531 2397359    0.22315   37   64    0.16677    0.22799  36.7%   242 7254s
 2860938 2399979     cutoff   40         0.16677    0.22797  36.7%   242 7262s
 2864147 2402817    0.21218   40   62    0.16677    0.22796  36.7%   242 7271s
 2867535 2405660     cutoff   37         0.16677    0.22794  36.7%   242 7279s
 2870978 2408644    0.22464   34   64    0.16677    0.22792  36.7%   241 7288s
 2874652 2411233    0.22345   36   47    0.16677    0.22791  36.7%   241 7296s
 2877841 2413984    0.22619   37   62    0.16677    0.22789  36.7%   241 7305s
 2881215 2416444    0.22646   37   62    0.16677    0.22787  36.6%   241 7311s
 2884175 2419314    0.22604   37   61    0.16677    0.22786  36.6%   241 7318s
 2887682 2422050    0.22022   35   62    0.16677    0.22784  36.6%   241 7324s
 2890982 2424768     cutoff   39         0.16677    0.22783  36.6%   241 7333s
 2894311 2427481    0.22177   39   66    0.16677    0.22781  36.6%   241 7341s
 2897635 2430274    0.22083   37   66    0.16677    0.22780  36.6%   241 7349s
 2901090 2433191    0.21512   38   65    0.16677    0.22778  36.6%   241 7358s
 2904698 2435852    0.21956   36   65    0.16677    0.22776  36.6%   241 7365s
 2907943 2438472    0.21840   40   49    0.16677    0.22775  36.6%   241 7374s
 2911196 2441067    0.21166   34   60    0.16677    0.22773  36.6%   241 7383s
 2914369 2443971    0.22362   39   62    0.16677    0.22772  36.5%   241 7391s
 2917882 2446805    0.22607   38   59    0.16677    0.22770  36.5%   241 7400s
 2921352 2449457    0.21803   41   60    0.16677    0.22768  36.5%   241 7408s
 2924635 2452191     cutoff   37         0.16677    0.22766  36.5%   241 7417s
 2927890 2454943    0.22333   40   59    0.16677    0.22765  36.5%   241 7425s
 2931216 2457801    0.21371   41   52    0.16677    0.22764  36.5%   241 7435s
 2934711 2460516     cutoff   39         0.16677    0.22762  36.5%   241 7443s
 2938046 2463184    0.21710   37   67    0.16677    0.22760  36.5%   241 7452s
 2941450 2465948    0.21882   40   62    0.16677    0.22758  36.5%   241 7461s
 2944821 2468523    0.22328   40   58    0.16677    0.22757  36.5%   241 7470s
 2948000 2471171     cutoff   36         0.16677    0.22755  36.5%   241 7478s
 2951242 2473958    0.22637   37   63    0.16677    0.22754  36.4%   241 7486s
 2954695 2476733    0.20702   39   60    0.16677    0.22752  36.4%   241 7495s
 2958049 2479235    0.22528   36   63    0.16677    0.22751  36.4%   241 7504s
 2961129 2482136    0.22190   37   62    0.16677    0.22749  36.4%   241 7513s
 2964672 2484834    0.22167   37   57    0.16677    0.22748  36.4%   241 7521s
 2968046 2487407    0.22065   37   61    0.16677    0.22746  36.4%   241 7529s
 2971196 2490085    0.21579   36   67    0.16677    0.22744  36.4%   241 7537s
 2974569 2492933    0.22476   37   63    0.16677    0.22743  36.4%   241 7546s
 2978073 2495672    0.21794   42   53    0.16677    0.22741  36.4%   241 7554s
 2981398 2498320    0.22368   37   65    0.16677    0.22740  36.4%   241 7563s
 2984568 2501010    0.21987   39   60    0.16677    0.22738  36.3%   241 7571s
 2987870 2503641    0.22371   36   64    0.16677    0.22736  36.3%   241 7580s
 2991185 2506586    0.22369   40   64    0.16677    0.22735  36.3%   241 7589s
 2994799 2509227    0.22280   36   69    0.16677    0.22733  36.3%   241 7598s
 2998007 2511929     cutoff   40         0.16677    0.22732  36.3%   241 7606s
 3001279 2514399    0.22413   36   64    0.16677    0.22730  36.3%   241 7615s
 3004252 2517313    0.21976   37   60    0.16677    0.22729  36.3%   241 7624s
 3007808 2520139    0.22474   35   62    0.16677    0.22727  36.3%   241 7632s
 3011202 2522883    0.22394   37   64    0.16677    0.22726  36.3%   241 7640s
 3014505 2525575    0.21576   36   68    0.16677    0.22724  36.3%   241 7649s
 3017869 2528181    0.21872   41   57    0.16677    0.22722  36.3%   241 7657s
 3021022 2530930    0.21708   39   59    0.16677    0.22721  36.2%   241 7666s
 3024413 2533920    0.21878   40   63    0.16677    0.22719  36.2%   241 7675s
 3028020 2536536    0.21537   41   56    0.16677    0.22718  36.2%   241 7683s
 3031252 2539369    0.21926   39   60    0.16677    0.22716  36.2%   241 7691s
 3034684 2542116    0.22165   39   67    0.16677    0.22714  36.2%   241 7699s
 3038016 2544703     cutoff   37         0.16677    0.22713  36.2%   241 7707s
 3041234 2547440    0.22671   40   50    0.16677    0.22711  36.2%   241 7715s
 3044625 2550233    0.21128   37   61    0.16677    0.22710  36.2%   241 7723s
 3047982 2552884    0.21970   39   44    0.16677    0.22708  36.2%   241 7731s
 3051256 2555800    0.21677   39   67    0.16677    0.22706  36.2%   241 7740s
 3054800 2558436    0.22497   41   55    0.16677    0.22705  36.1%   241 7748s
 3058028 2561375    0.22322   36   66    0.16677    0.22703  36.1%   241 7757s
 3061637 2564109    0.22299   36   63    0.16677    0.22702  36.1%   241 7765s
 3064977 2566830    0.22558   38   54    0.16677    0.22700  36.1%   241 7773s
 3068279 2569534     cutoff   41         0.16677    0.22698  36.1%   241 7783s
 3071623 2572167    0.21049   33   75    0.16677    0.22697  36.1%   241 7789s
 3074882 2574907    0.21757   39   65    0.16677    0.22695  36.1%   241 7797s
 3078151 2577570    0.22131   42   37    0.16677    0.22694  36.1%   241 7805s
 3081356 2580481    0.22126   39   62    0.16677    0.22692  36.1%   241 7814s
 3084917 2583149    0.22101   41   54    0.16677    0.22691  36.1%   241 7822s
 3088201 2585915    0.22490   35   64    0.16677    0.22689  36.1%   241 7830s
 3091573 2588689    0.21961   38   67    0.16677    0.22688  36.0%   241 7838s
 3094889 2591381    0.21366   37   59    0.16677    0.22686  36.0%   241 7846s
 3098179 2594017    0.22668   36   64    0.16677    0.22685  36.0%   241 7854s
 3100187 2594017    0.21874   37   63    0.16677    0.22685  36.0%   241 7855s
 3101353 2596723    0.21358   38   59    0.16677    0.22683  36.0%   241 7864s
 3104637 2598998    0.22088   37   64    0.16677    0.22682  36.0%   241 7870s
 3107505 2601958    0.21520   36   69    0.16677    0.22680  36.0%   241 7877s
 3111155 2604700    0.21729   40   59    0.16677    0.22679  36.0%   241 7885s
 3114591 2607611    0.21767   36   62    0.16677    0.22677  36.0%   241 7894s
 3118110 2610414     cutoff   39         0.16677    0.22675  36.0%   241 7901s
 3121530 2612895 infeasible   41         0.16677    0.22674  36.0%   241 7907s
 3124564 2615702    0.21951   39   45    0.16677    0.22672  36.0%   241 7913s
 3128055 2618365 infeasible   32         0.16677    0.22671  35.9%   241 7921s
 3131379 2621056    0.22523   36   65    0.16677    0.22669  35.9%   241 7930s
 3134728 2623707    0.22047   37   65    0.16677    0.22668  35.9%   241 7936s
 3138031 2626457    0.22635   39   61    0.16677    0.22666  35.9%   241 7943s
 3141383 2629254    0.22543   37   58    0.16677    0.22665  35.9%   241 7949s
 3144952 2631953    0.22173   42   54    0.16677    0.22663  35.9%   241 7956s
 3148254 2634596    0.22472   38   61    0.16677    0.22661  35.9%   241 7962s
 3151450 2637351    0.22262   43   58    0.16677    0.22660  35.9%   241 7968s
 3154819 2640044    0.21822   41   59    0.16677    0.22658  35.9%   241 7975s
 3158097 2642856    0.21483   37   61    0.16677    0.22657  35.9%   241 7984s
 3161550 2645547     cutoff   40         0.16677    0.22655  35.9%   241 7992s
 3164863 2648251    0.22079   37   60    0.16677    0.22654  35.8%   241 7999s
 3168169 2650831    0.21670   37   62    0.16677    0.22652  35.8%   241 8005s
 3171390 2653764    0.21723   41   58    0.16677    0.22651  35.8%   241 8012s
 3174922 2656541    0.22642   41   52    0.16677    0.22649  35.8%   241 8018s
 3178309 2658626     cutoff   40         0.16677    0.22648  35.8%   241 8024s
 3180833 2661521     cutoff   36         0.16677    0.22646  35.8%   241 8030s
 3184412 2664428    0.22578   38   66    0.16677    0.22645  35.8%   241 8038s
 3188000 2667157    0.21810   41   63    0.16677    0.22643  35.8%   241 8048s
 3191370 2669640     cutoff   39         0.16677    0.22642  35.8%   241 8058s
 3194447 2672490    0.22568   36   68    0.16677    0.22640  35.8%   241 8068s
 3197871 2675399    0.21547   37   62    0.16677    0.22639  35.8%   241 8079s
 3201359 2678433    0.22566   40   59    0.16677    0.22637  35.7%   241 8086s
 3205018 2681090    0.21542   41   60    0.16677    0.22635  35.7%   241 8093s
 3208290 2683718    0.22562   34   53    0.16677    0.22634  35.7%   241 8098s
 3211472 2686474    0.21460   39   61    0.16677    0.22633  35.7%   240 8105s
 3214789 2689245    0.21936   36   64    0.16677    0.22631  35.7%   240 8113s
 3218183 2691952    0.21545   34   70    0.16677    0.22630  35.7%   240 8121s
 3221483 2694736    0.22001   36   62    0.16677    0.22628  35.7%   240 8129s
 3224810 2697361     cutoff   41         0.16677    0.22627  35.7%   240 8136s
 3228056 2700043    0.18026   40   57    0.16677    0.22625  35.7%   240 8144s
 3231287 2702982    0.21481   37   59    0.16677    0.22624  35.7%   240 8154s
 3234873 2705729     cutoff   40         0.16677    0.22622  35.7%   240 8161s
 3238211 2708269    0.22067   40   61    0.16677    0.22621  35.6%   240 8170s
 3241388 2710988    0.22044   40   56    0.16677    0.22619  35.6%   240 8178s
 3244763 2713714    0.22072   40   49    0.16677    0.22618  35.6%   240 8187s
 3248148 2716313    0.21886   40   61    0.16677    0.22616  35.6%   240 8195s
 3251320 2719143    0.21785   37   68    0.16677    0.22615  35.6%   240 8203s
 3254694 2721873    0.21756   39   64    0.16677    0.22613  35.6%   240 8211s
 3258084 2724520     cutoff   38         0.16677    0.22612  35.6%   240 8219s
 3261310 2727514    0.21677   41   58    0.16677    0.22610  35.6%   240 8229s
 3264913 2730215    0.22609   38   57    0.16677    0.22609  35.6%   240 8237s
 3268148 2732811    0.21988   38   62    0.16677    0.22607  35.6%   240 8245s
 3271400 2735565    0.22573   38   60    0.16677    0.22606  35.6%   240 8254s
 3274870 2738206    0.19244   35   69    0.16677    0.22604  35.5%   240 8263s
 3278135 2740652    0.21749   33   63    0.16677    0.22603  35.5%   240 8271s
 3281102 2743557    0.22351   34   59    0.16677    0.22601  35.5%   240 8280s
 3284626 2746297    0.20075   40   60    0.16677    0.22600  35.5%   240 8289s
 3287956 2749025    0.22328   41   57    0.16677    0.22598  35.5%   240 8297s
 3291311 2751881    0.22312   39   60    0.16677    0.22597  35.5%   240 8306s
 3294801 2754540    0.22228   40   61    0.16677    0.22595  35.5%   240 8315s
 3298086 2757316    0.22544   39   63    0.16677    0.22594  35.5%   240 8324s
 3301502 2759911    0.18456   38   61    0.16677    0.22593  35.5%   240 8332s
 3304709 2762735    0.22262   40   63    0.16677    0.22591  35.5%   240 8340s
 3308170 2765412     cutoff   41         0.16677    0.22590  35.5%   240 8349s
 3311507 2767796    0.22575   34   66    0.16677    0.22588  35.4%   240 8357s
 3314476 2770466    0.22193   39   66    0.16677    0.22587  35.4%   240 8366s
 3317882 2773263    0.21264   39   57    0.16677    0.22585  35.4%   240 8374s
 3321260 2776158    0.19975   36   68    0.16677    0.22584  35.4%   240 8384s
 3324814 2778844    0.22210   41   57    0.16677    0.22582  35.4%   240 8392s
 3328109 2781526    0.22236   39   59    0.16677    0.22581  35.4%   240 8402s
 3331364 2784177    0.22574   38   57    0.16677    0.22579  35.4%   240 8411s
 3334601 2786806    0.21830   38   64    0.16677    0.22578  35.4%   240 8421s
 3337829 2789797    0.22558   39   59    0.16677    0.22577  35.4%   240 8429s
 3341400 2792554    0.21748   39   60    0.16677    0.22575  35.4%   240 8437s
 3344759 2795339    0.22252   34   69    0.16677    0.22574  35.4%   240 8445s
 3348176 2798076    0.22413   41   54    0.16677    0.22572  35.4%   240 8454s
 3351539 2799912    0.21381   39   63    0.16677    0.22571  35.3%   240 8465s
H3353324 2799912                       0.1667651    0.22570  35.3%   240 8468s
 3353841 2802785    0.21692   40   61    0.16677    0.22570  35.3%   240 8482s
 3357395 2805599    0.22096   36   64    0.16677    0.22570  35.3%   240 8494s
 3360854 2808275    0.21401   40   58    0.16677    0.22569  35.3%   240 8506s
 3364158 2811137    0.21618   42   58    0.16677    0.22568  35.3%   240 8517s
 3367624 2813541    0.21781   38   60    0.16677    0.22567  35.3%   240 8530s
 3370557 2816611 infeasible   34         0.16677    0.22565  35.3%   240 8545s
 3374410 2819690    0.21824   38   65    0.16677    0.22564  35.3%   240 8556s
 3378229 2823069    0.21810   40   56    0.16677    0.22562  35.3%   240 8570s
 3382297 2825727    0.22195   36   65    0.16677    0.22560  35.3%   240 8580s
 3385526 2828633    0.22352   42   56    0.16677    0.22558  35.3%   240 8590s
 3389135 2831449    0.21576   38   60    0.16677    0.22555  35.3%   240 8599s
 3392612 2834192    0.22124   39   65    0.16677    0.22554  35.2%   240 8607s
 3396032 2836784    0.22217   36   64    0.16677    0.22552  35.2%   240 8615s
 3399330 2839558    0.21582   39   57    0.16677    0.22551  35.2%   240 8624s
 3402648 2842241    0.22278   40   63    0.16677    0.22549  35.2%   240 8632s
 3405953 2844920    0.21994   36   58    0.16677    0.22547  35.2%   240 8640s
 3409260 2847775    0.21971   38   60    0.16677    0.22545  35.2%   240 8649s
 3412729 2850529    0.20932   39   63    0.16677    0.22544  35.2%   240 8659s
 3416052 2853554    0.22091   38   64    0.16677    0.22542  35.2%   240 8667s
 3419730 2856221    0.22329   38   63    0.16677    0.22541  35.2%   240 8676s
 3422956 2858901    0.22219   37   67    0.16677    0.22539  35.2%   240 8684s
 3426218 2861714    0.21954   37   62    0.16677    0.22538  35.1%   240 8693s
 3429650 2864191    0.22074   41   60    0.16677    0.22536  35.1%   240 8701s
 3432712 2867108    0.22007   36   66    0.16677    0.22535  35.1%   240 8709s
 3436244 2869789    0.21670   39   61    0.16677    0.22533  35.1%   240 8718s
 3439634 2872150    0.21259   40   59    0.16677    0.22532  35.1%   240 8726s
 3442491 2875097    0.22505   40   57    0.16677    0.22531  35.1%   240 8734s
 3444093 2875097    0.21413   40   59    0.16677    0.22530  35.1%   240 8735s
 3446111 2877717    0.21992   40   60    0.16677    0.22529  35.1%   240 8743s
 3449337 2880356    0.21346   39   65    0.16677    0.22528  35.1%   240 8750s
 3452588 2882969    0.21641   40   60    0.16677    0.22526  35.1%   240 8758s
 3455802 2885739    0.21424   41   61    0.16677    0.22525  35.1%   240 8767s
 3459192 2888460    0.22168   45   49    0.16677    0.22523  35.1%   240 8775s
 3462539 2891006    0.21926   36   62    0.16677    0.22522  35.1%   240 8783s
 3465694 2893793    0.21468   38   60    0.16677    0.22521  35.0%   240 8791s
 3469094 2896712    0.21898   38   64    0.16677    0.22519  35.0%   240 8799s
 3472661 2899523    0.21716   36   66    0.16677    0.22518  35.0%   240 8807s
 3476160 2902351    0.21635   44   53    0.16677    0.22516  35.0%   240 8816s
 3479631 2905014    0.21691   40   63    0.16677    0.22515  35.0%   240 8824s
 3482824 2907674    0.22181   39   56    0.16677    0.22513  35.0%   240 8832s
 3486153 2910308    0.22343   39   57    0.16677    0.22512  35.0%   240 8841s
 3489344 2913075    0.21740   37   65    0.16677    0.22511  35.0%   240 8849s
 3492745 2915819    0.21506   33   65    0.16677    0.22509  35.0%   240 8858s
 3496135 2918522 infeasible   38         0.16677    0.22508  35.0%   240 8866s
 3499513 2920987    0.21553   39   61    0.16677    0.22506  35.0%   240 8874s
 3502507 2923992    0.22135   41   58    0.16677    0.22505  34.9%   240 8883s
 3506185 2926595    0.22195   40   59    0.16677    0.22503  34.9%   240 8891s
 3509443 2929086    0.22034   38   61    0.16677    0.22502  34.9%   240 8899s
 3512541 2931790     cutoff   42         0.16677    0.22501  34.9%   240 8908s
 3515884 2934430     cutoff   38         0.16677    0.22499  34.9%   240 8916s
 3519126 2937070    0.21443   35   65    0.16677    0.22498  34.9%   240 8925s
 3522332 2939583    0.21925   41   48    0.16677    0.22496  34.9%   240 8933s
 3525465 2942359    0.22282   33   68    0.16677    0.22495  34.9%   240 8942s
 3528884 2945105    0.22399   40   37    0.16677    0.22494  34.9%   240 8951s
 3532210 2948015    0.21900   42   54    0.16677    0.22492  34.9%   240 8960s
 3535786 2950642    0.21869   41   60    0.16677    0.22491  34.9%   240 8969s
 3539012 2953251    0.21822   42   60    0.16677    0.22489  34.9%   240 8977s
 3542250 2956019    0.22047   36   60    0.16677    0.22488  34.8%   240 8986s
 3545544 2958849    0.22021   40   58    0.16677    0.22486  34.8%   240 8994s
 3549055 2961547    0.20981   32   67    0.16677    0.22485  34.8%   240 9002s
 3552375 2964250    0.21969   40   60    0.16677    0.22483  34.8%   240 9009s
 3555728 2966753    0.21316   40   57    0.16677    0.22482  34.8%   240 9015s
 3558890 2968936    0.21285   38   58    0.16677    0.22481  34.8%   240 9022s
 3561598 2971812    0.21932   36   68    0.16677    0.22479  34.8%   240 9029s
 3565113 2974416    0.21598   41   66    0.16677    0.22478  34.8%   240 9036s
 3568327 2977233    0.21584   40   66    0.16677    0.22477  34.8%   240 9045s
 3571733 2979988    0.21332   32   62    0.16677    0.22475  34.8%   240 9053s
 3575077 2982813    0.21365   41   63    0.16677    0.22474  34.8%   240 9061s
 3578498 2985548    0.21859   39   65    0.16677    0.22473  34.8%   240 9069s
 3581826 2988158    0.21625   42   62    0.16677    0.22471  34.7%   240 9078s
 3585033 2990834    0.21595   39   60    0.16677    0.22469  34.7%   240 9086s
 3588336 2993579    0.22350   38   63    0.16677    0.22468  34.7%   240 9094s
 3591608 2996415    0.21679   36   63    0.16677    0.22467  34.7%   240 9103s
 3595110 2998917 infeasible   35         0.16677    0.22465  34.7%   240 9112s
 3598240 3001695    0.22431   37   66    0.16677    0.22464  34.7%   240 9120s
 3601660 3004516     cutoff   36         0.16677    0.22463  34.7%   240 9129s
 3605149 3007353     cutoff   40         0.16677    0.22461  34.7%   240 9137s
 3608641 3010062    0.22073   36   64    0.16677    0.22460  34.7%   240 9147s
 3611961 3012656    0.21633   39   57    0.16677    0.22458  34.7%   239 9155s
 3615180 3015215    0.22212   38   62    0.16677    0.22457  34.7%   239 9163s
 3618398 3018045 infeasible   39         0.16677    0.22455  34.7%   239 9172s
 3621798 3020969    0.21337   41   64    0.16677    0.22454  34.6%   239 9181s
 3625291 3023658    0.22370   31   67    0.16677    0.22453  34.6%   239 9190s
 3628615 3026479    0.22220   39   59    0.16677    0.22451  34.6%   239 9198s
 3632054 3029062    0.21826   37   66    0.16677    0.22450  34.6%   239 9207s
 3635200 3031782    0.22291   38   64    0.16677    0.22448  34.6%   239 9215s
 3638561 3034532    0.21908   35   66    0.16677    0.22447  34.6%   239 9224s
 3641942 3037121    0.22001   39   64    0.16677    0.22446  34.6%   239 9233s
 3645189 3039698    0.21675   42   57    0.16677    0.22444  34.6%   239 9242s
 3648385 3042476    0.22136   39   64    0.16677    0.22443  34.6%   239 9250s
 3651852 3045477    0.22024   41   41    0.16677    0.22441  34.6%   239 9259s
 3655439 3048104    0.21793   39   56    0.16677    0.22440  34.6%   239 9268s
 3658650 3050654    0.22122   40   58    0.16677    0.22439  34.6%   239 9276s
 3661840 3053310    0.22091   36   66    0.16677    0.22437  34.5%   239 9286s
 3665009 3056129    0.21740   40   55    0.16677    0.22436  34.5%   239 9292s
 3668470 3058831     cutoff   37         0.16677    0.22434  34.5%   239 9299s
 3671814 3061498    0.22143   37   59    0.16677    0.22433  34.5%   239 9305s
 3675083 3064199    0.21805   33   69    0.16677    0.22432  34.5%   239 9313s
 3678399 3066875    0.21236   38   57    0.16677    0.22430  34.5%   239 9321s
 3681733 3069318    0.21543   42   59    0.16677    0.22429  34.5%   239 9330s
 3684739 3072343    0.22121   40   56    0.16677    0.22428  34.5%   239 9341s
 3688515 3075366    0.21753   38   66    0.16677    0.22426  34.5%   239 9349s
 3692189 3078255    0.21350   38   60    0.16677    0.22425  34.5%   239 9358s
 3695694 3081059    0.21269   39   59    0.16677    0.22423  34.5%   239 9367s
 3699139 3083753    0.20731   40   62    0.16677    0.22422  34.5%   239 9376s
 3702451 3086464    0.21638   38   51    0.16677    0.22420  34.4%   239 9384s
 3705778 3089186    0.20893   35   61    0.16677    0.22419  34.4%   239 9393s
 3709088 3091914    0.22336   41   54    0.16677    0.22418  34.4%   239 9402s
 3712534 3094772    0.21831   38   61    0.16677    0.22416  34.4%   239 9411s
 3716013 3097542    0.21316   40   64    0.16677    0.22415  34.4%   239 9419s
 3719347 3100227    0.21866   41   57    0.16677    0.22413  34.4%   239 9428s
 3722616 3103093    0.22358   38   65    0.16677    0.22412  34.4%   239 9436s
 3726065 3105787 infeasible   39         0.16677    0.22411  34.4%   239 9444s
 3729401 3108443    0.22408   41   55    0.16677    0.22409  34.4%   239 9452s
 3732653 3111209    0.22255   37   65    0.16677    0.22408  34.4%   239 9461s
 3736046 3113897 infeasible   39         0.16677    0.22407  34.4%   239 9470s
 3739360 3116662    0.21251   41   62    0.16677    0.22405  34.4%   239 9478s
 3742711 3119574    0.22093   40   60    0.16677    0.22404  34.3%   239 9487s
 3746250 3119604    0.22004   43   51    0.16677    0.22403  34.3%   239 9498s
 3746284 3119627    0.21833   40   58    0.16677    0.22402  34.3%   239 9509s
 3746323 3119656    0.21626   36   66    0.16677    0.22402  34.3%   239 9525s
 3746360 3119769    0.21995   34   67    0.16677    0.22402  34.3%   239 9534s
 3746518 3119992    0.21462   34   49    0.16677    0.22402  34.3%   239 9549s
 3746809 3120750    0.21835   38   57    0.16677    0.22402  34.3%   239 9563s
 3747698 3122756    0.22035   37   64    0.16677    0.22402  34.3%   239 9584s
 3750143 3126501    0.21389   40   63    0.16677    0.22402  34.3%   239 9604s
 3754718 3130979    0.21458   37   67    0.16677    0.22402  34.3%   239 9623s
 3760171 3134196    0.21507   33   64    0.16677    0.22400  34.3%   239 9634s
 3761293 3134196    0.21458   37   59    0.16677    0.22399  34.3%   239 9635s
 3764137 3138028    0.21487   39   62    0.16677    0.22396  34.3%   239 9648s
 3768901 3141535    0.21158   41   60    0.16677    0.22393  34.3%   239 9656s
 3773156 3144474    0.21907   36   61    0.16677    0.22391  34.3%   239 9663s
 3776736 3147043    0.21341   40   55    0.16677    0.22390  34.3%   239 9671s
 3779965 3149681    0.22076   39   53    0.16677    0.22389  34.3%   239 9679s
 3783193 3152408    0.22175   38   59    0.16677    0.22387  34.2%   239 9688s
 3786563 3155067     cutoff   42         0.16677    0.22386  34.2%   239 9696s
 3789779 3157687     cutoff   40         0.16677    0.22384  34.2%   239 9704s
 3793040 3160349    0.21908   42   59    0.16677    0.22383  34.2%   239 9713s
 3796278 3163037    0.22015   39   67    0.16677    0.22382  34.2%   239 9721s
 3799639 3165761    0.22288   41   60    0.16677    0.22381  34.2%   239 9730s
 3802976 3168558     cutoff   41         0.16677    0.22379  34.2%   239 9739s
 3806440 3171238    0.21480   37   64    0.16677    0.22378  34.2%   239 9748s
 3809713 3174034    0.21619   43   62    0.16677    0.22376  34.2%   239 9756s
 3813151 3176789    0.20662   43   55    0.16677    0.22375  34.2%   239 9764s
 3816545 3179392    0.22047   37   61    0.16677    0.22374  34.2%   239 9772s
 3819731 3182101    0.21115   42   60    0.16677    0.22372  34.2%   239 9780s
 3822969 3184901    0.21298   36   65    0.16677    0.22371  34.1%   239 9788s
 3826417 3187548    0.21652   33   63    0.16677    0.22370  34.1%   239 9796s
 3829643 3190283    0.22341   39   59    0.16677    0.22368  34.1%   239 9806s
 3832882 3193136    0.21901   37   62    0.16677    0.22367  34.1%   239 9815s
 3836365 3195732    0.20602   30   73    0.16677    0.22366  34.1%   239 9823s
 3839620 3198258    0.21759   44   59    0.16677    0.22365  34.1%   239 9832s
 3842840 3201021    0.22061   37   59    0.16677    0.22363  34.1%   239 9841s
 3846254 3203844     cutoff   40         0.16677    0.22362  34.1%   239 9850s
 3849709 3206560 infeasible   37         0.16677    0.22361  34.1%   239 9859s
 3853057 3209223    0.22297   40   64    0.16677    0.22359  34.1%   239 9868s
 3856297 3211950    0.21286   41   58    0.16677    0.22358  34.1%   239 9876s
 3859633 3214611    0.22009   37   65    0.16677    0.22357  34.1%   239 9884s
 3862872 3217408    0.21921   38   65    0.16677    0.22355  34.1%   239 9894s
 3866407 3220044    0.22042   43   58    0.16677    0.22354  34.0%   239 9903s
 3869676 3222612    0.21366   34   72    0.16677    0.22352  34.0%   239 9912s
 3872860 3225400    0.21438   41   60    0.16677    0.22351  34.0%   239 9920s
 3876308 3228031    0.22326   37   63    0.16677    0.22350  34.0%   239 9929s
 3879524 3230678    0.20786   35   65    0.16677    0.22349  34.0%   239 9937s
 3882854 3233439    0.21665   41   63    0.16677    0.22347  34.0%   239 9945s
 3886177 3236286    0.20875   36   61    0.16677    0.22346  34.0%   239 9954s
 3889597 3239021    0.21862   37   62    0.16677    0.22345  34.0%   239 9962s
 3892946 3241850    0.22342   38   62    0.16677    0.22343  34.0%   239 9972s
 3896443 3244668    0.21415   37   61    0.16677    0.22342  34.0%   239 9980s
 3899861 3247293    0.22147   37   62    0.16677    0.22340  34.0%   239 9988s
 3903154 3249885    0.21916   38   64    0.16677    0.22339  34.0%   239 9997s
 3906354 3252636    0.21499   38   57    0.16677    0.22338  33.9%   239 10006s
 3909744 3255227    0.21977   39   63    0.16677    0.22337  33.9%   239 10014s
 3912942 3257984    0.21345   39   61    0.16677    0.22335  33.9%   239 10023s
 3916369 3260714    0.22108   37   63    0.16677    0.22334  33.9%   239 10031s
 3919706 3263386    0.22065   37   56    0.16677    0.22333  33.9%   239 10040s
 3922996 3266181    0.22110   37   64    0.16677    0.22331  33.9%   239 10049s
 3926495 3268555    0.20176   40   66    0.16677    0.22330  33.9%   239 10057s
 3929366 3271429    0.22023   39   57    0.16677    0.22329  33.9%   239 10066s
 3932841 3274208    0.22302   39   55    0.16677    0.22327  33.9%   239 10075s
 3936262 3277065    0.21037   37   63    0.16677    0.22326  33.9%   239 10084s
 3939891 3279775    0.21937   36   67    0.16677    0.22325  33.9%   239 10093s
 3943290 3282599    0.21230   40   62    0.16677    0.22323  33.9%   239 10102s
 3946714 3285350    0.21880   37   64    0.16677    0.22322  33.9%   239 10108s
 3950150 3288042     cutoff   37         0.16677    0.22321  33.8%   239 10114s
 3953457 3290946    0.21446   35   65    0.16677    0.22319  33.8%   239 10121s
 3957003 3293523    0.21367   41   60    0.16677    0.22318  33.8%   239 10128s
 3960155 3296121    0.21502   40   61    0.16677    0.22317  33.8%   239 10137s
 3963459 3298876    0.21776   38   60    0.16677    0.22316  33.8%   239 10143s
 3966886 3301476    0.21814   39   62    0.16677    0.22314  33.8%   239 10149s
 3970077 3304298     cutoff   38         0.16677    0.22313  33.8%   239 10156s
 3973507 3307050    0.21169   39   60    0.16677    0.22312  33.8%   239 10164s
 3976856 3309626 infeasible   38         0.16677    0.22310  33.8%   239 10172s
 3979982 3312499    0.21885   38   66    0.16677    0.22309  33.8%   239 10181s
 3983436 3315352    0.21604   40   53    0.16677    0.22308  33.8%   239 10189s
 3986934 3317837    0.21663   40   56    0.16677    0.22306  33.8%   239 10195s
 3989932 3320722    0.21893   38   56    0.16677    0.22305  33.8%   239 10204s
 3993441 3323624    0.21776   38   65    0.16677    0.22304  33.7%   239 10212s
 3996960 3326362    0.22205   39   46    0.16677    0.22302  33.7%   239 10220s
 4000331 3329142    0.21326   42   33    0.16677    0.22301  33.7%   239 10228s
 4003763 3331658    0.22229   40   63    0.16677    0.22300  33.7%   239 10236s
 4006823 3334469    0.21114   39   60    0.16677    0.22298  33.7%   239 10245s
 4010237 3337294    0.21865   36   66    0.16677    0.22297  33.7%   239 10253s
 4013720 3340124    0.21596   43   54    0.16677    0.22296  33.7%   239 10261s
 4017229 3342838    0.20775   32   70    0.16677    0.22295  33.7%   239 10268s
 4020556 3345519    0.20856   37   61    0.16677    0.22293  33.7%   239 10277s
 4023881 3348111    0.22280   37   64    0.16677    0.22292  33.7%   239 10285s
 4027094 3350746    0.21313   33   67    0.16677    0.22291  33.7%   239 10293s
 4030393 3353424    0.21263   33   69    0.16677    0.22289  33.7%   239 10301s
 4033690 3356127    0.21742   41   59    0.16677    0.22288  33.6%   239 10308s
 4037042 3358633    0.21824   37   60    0.16677    0.22287  33.6%   239 10315s
 4040134 3361366     cutoff   38         0.16677    0.22286  33.6%   239 10324s
 4043600 3364232    0.21882   42   57    0.16677    0.22284  33.6%   239 10333s
 4047215 3366763    0.21906   41   62    0.16677    0.22283  33.6%   239 10340s
 4050273 3369457    0.22169   38   63    0.16677    0.22282  33.6%   239 10346s
 4053565 3372146    0.22130   36   68    0.16677    0.22280  33.6%   239 10353s
 4056898 3374888    0.21747   41   59    0.16677    0.22279  33.6%   239 10362s
 4060305 3377593    0.21688   37   64    0.16677    0.22278  33.6%   239 10370s
 4063655 3380235    0.21704   44   52    0.16677    0.22276  33.6%   239 10378s
 4066959 3382975     cutoff   41         0.16677    0.22275  33.6%   239 10385s
 4070346 3385743    0.21630   39   65    0.16677    0.22274  33.6%   239 10392s
 4073652 3388558     cutoff   39         0.16677    0.22273  33.6%   239 10401s
 4077107 3391001    0.22161   40   59    0.16677    0.22272  33.6%   239 10410s
 4080031 3393939     cutoff   40         0.16677    0.22270  33.5%   239 10420s
 4083665 3396608    0.22032   36   65    0.16677    0.22269  33.5%   239 10428s
 4087002 3399342    0.22240   34   48    0.16677    0.22268  33.5%   239 10435s
 4090436 3402119    0.21850   40   58    0.16677    0.22266  33.5%   239 10443s
 4093867 3404977    0.22186   40   60    0.16677    0.22265  33.5%   239 10452s
 4097321 3407643    0.22255   40   43    0.16677    0.22264  33.5%   239 10459s
 4100662 3410213    0.22195   38   61    0.16677    0.22262  33.5%   239 10466s
 4103896 3413107    0.22189   32   69    0.16677    0.22261  33.5%   239 10475s
 4107399 3415691 infeasible   36         0.16677    0.22260  33.5%   239 10483s
 4110684 3418329    0.21957   37   67    0.16677    0.22259  33.5%   239 10490s
 4114047 3421036    0.21901   42   57    0.16677    0.22257  33.5%   239 10497s
 4117406 3423661     cutoff   37         0.16677    0.22256  33.5%   239 10505s
 4120625 3426387    0.21753   38   62    0.16677    0.22255  33.4%   239 10513s
 4124045 3428947    0.21775   37   66    0.16677    0.22254  33.4%   239 10520s
 4127267 3431666    0.22221   38   63    0.16677    0.22252  33.4%   239 10528s
 4130644 3434330    0.21395   39   63    0.16677    0.22251  33.4%   239 10536s
 4133944 3437084     cutoff   40         0.16677    0.22250  33.4%   239 10545s
 4137413 3439491    0.21657   41   61    0.16677    0.22249  33.4%   239 10552s
 4140398 3442262    0.21567   40   59    0.16677    0.22247  33.4%   239 10559s
 4143894 3445007    0.20552   41   62    0.16677    0.22246  33.4%   239 10568s
 4147378 3447676    0.20288   39   60    0.16677    0.22245  33.4%   239 10577s
 4150761 3450422    0.21038   38   66    0.16677    0.22243  33.4%   239 10585s
 4154155 3453125    0.21719   39   61    0.16677    0.22242  33.4%   239 10592s
 4157486 3455661    0.21850   38   46    0.16677    0.22241  33.4%   239 10601s
 4160706 3458363    0.21763   41   58    0.16677    0.22240  33.4%   239 10611s
 4164067 3461117    0.21169   38   63    0.16677    0.22239  33.4%   239 10620s
 4167516 3463846    0.21341   35   67    0.16677    0.22237  33.3%   239 10627s
 4170911 3466565    0.21789   37   64    0.16677    0.22236  33.3%   239 10633s
 4174216 3469292    0.21617   41   37    0.16677    0.22235  33.3%   239 10640s
 4177607 3471933    0.21896   42   56    0.16677    0.22233  33.3%   239 10647s
 4180870 3474615    0.22101   40   53    0.16677    0.22232  33.3%   239 10656s
 4184219 3477199    0.21577   37   66    0.16677    0.22231  33.3%   238 10665s
 4187485 3479840    0.21634   40   62    0.16677    0.22230  33.3%   238 10672s
 4190774 3482368    0.21455   41   49    0.16677    0.22229  33.3%   238 10678s
 4193904 3485150    0.21752   38   65    0.16677    0.22227  33.3%   238 10687s
 4197406 3487769    0.21210   39   60    0.16677    0.22226  33.3%   238 10694s
 4200711 3490462    0.22219   37   63    0.16677    0.22225  33.3%   238 10702s
 4204103 3493148    0.20841   40   61    0.16677    0.22224  33.3%   238 10711s
 4207386 3495684    0.22167   36   64    0.16677    0.22222  33.3%   238 10720s
 4210592 3498477    0.21987   36   66    0.16677    0.22221  33.2%   238 10728s
 4213987 3501147    0.21312   42   53    0.16677    0.22220  33.2%   238 10735s
 4217293 3503677    0.21620   39   59    0.16677    0.22219  33.2%   238 10742s
 4220487 3506366    0.21880   37   64    0.16677    0.22218  33.2%   238 10750s
 4223862 3509142    0.21718   38   56    0.16677    0.22217  33.2%   238 10759s
 4227303 3511839     cutoff   38         0.16677    0.22215  33.2%   238 10765s
 4230704 3514493    0.21769   38   60    0.16677    0.22214  33.2%   238 10772s
 4234002 3517197    0.21239   35   67    0.16677    0.22213  33.2%   238 10779s
 4237353 3519794    0.20700   33   64    0.16677    0.22212  33.2%   238 10787s
 4240551 3522426    0.21130   39   61    0.16677    0.22211  33.2%   238 10793s
 4243808 3525197    0.21106   38   55    0.16677    0.22209  33.2%   238 10800s

Cutting planes:
  Gomory: 3
  Lift-and-project: 5
  Cover: 3
  Projected implied bound: 9
  MIR: 116
  Flow cover: 613
  RLT: 492
  Relax-and-lift: 43

Explored 4247210 nodes (1012580988 simplex iterations) in 10803.49 seconds (16268.24 work units)
Thread count was 32 (of 255 available processors)

Solution count 10: 0.166765 0.166765 0.166765 ... 0.166765

Time limit reached
Best objective 1.667651121464e-01, best bound 2.220797278280e-01, gap 33.1692%

User-callback calls 8938356, time in user-callback 3.58 sec
source: 0 target: 3 model_arch: 3x50 perturbation type: occ perturbation size: [0, 3.0, 3.0, 5.0] dataset: mnist
Attack:   0%|          | 0/500 [00:00<?, ?it/s]Attack:   0%|          | 1/500 [00:00<01:25,  5.86it/s]Attack:   4%|▍         | 21/500 [00:00<00:05, 93.89it/s]Attack:   8%|▊         | 40/500 [00:00<00:03, 131.62it/s]Attack:  12%|█▏        | 59/500 [00:00<00:02, 150.95it/s]Attack:  16%|█▌        | 78/500 [00:00<00:02, 163.78it/s]Attack:  19%|█▉        | 97/500 [00:00<00:02, 170.52it/s]Attack:  23%|██▎       | 117/500 [00:00<00:02, 177.32it/s]Attack:  27%|██▋       | 137/500 [00:00<00:01, 182.74it/s]Attack:  31%|███▏      | 157/500 [00:00<00:01, 185.89it/s]Attack:  35%|███▌      | 177/500 [00:01<00:01, 189.60it/s]Attack:  40%|███▉      | 198/500 [00:01<00:01, 193.08it/s]Attack:  44%|████▍     | 219/500 [00:01<00:01, 197.30it/s]Attack:  48%|████▊     | 240/500 [00:01<00:01, 200.44it/s]Attack:  52%|█████▏    | 262/500 [00:01<00:01, 205.37it/s]Attack:  57%|█████▋    | 285/500 [00:01<00:01, 212.14it/s]Attack:  62%|██████▏   | 309/500 [00:01<00:00, 218.13it/s]Attack:  67%|██████▋   | 334/500 [00:01<00:00, 225.95it/s]Attack:  73%|███████▎  | 364/500 [00:01<00:00, 247.66it/s]Attack:  79%|███████▊  | 393/500 [00:02<00:00, 259.34it/s]Attack:  85%|████████▍ | 423/500 [00:02<00:00, 268.92it/s]Attack:  91%|█████████ | 456/500 [00:02<00:00, 285.47it/s]Attack:  97%|█████████▋| 487/500 [00:02<00:00, 292.66it/s]Attack: 100%|█████████▉| 499/500 [00:02<00:00, 212.13it/s]
best_val 0.029951870441436768
Set parameter WLSAccessID
Set parameter WLSSecret
Set parameter LicenseID to value 2478548
Academic license 2478548 - for non-commercial use only - registered to ne___@campus.technion.ac.il
Encoding the two copies...
apply_sibgate_constraints!: emitted 11 coupling lines (both-thin), 0 conditional triangles on org (org-dropped), 0 conditional triangles on pert (pert-dropped).
Encoding dependencies (activation_start=1, layers_offset=2)...
apply_n1_var_hints!: mode=VH_PREV_PGD, Start-consensus on 148 of 148 N2 binaries (pgd-silent-filled=33, pgd-agreed-nop=93, pgd-disagreed-withdrew=22, flipped=4, no-N1-match=0, Tech2-eliminated-but-survived=0)
0.16676511214642953  0.22207972782799193  10803.534228086472
Clean sample classification: 1
Perturbed sample classification: 1

══ Advanced-standard: loading N1 state from /root/Downloads/for_dana/vaghar_org/paper_experiments/mnist/3x50_exp/occ/eps_3,3,5/n1_state_3x50_19 (c_tag=1, c_target=4) ══
load_n1_state: loaded from /root/Downloads/for_dana/vaghar_org/paper_experiments/mnist/3x50_exp/occ/eps_3,3,5/n1_state_3x50_19 (c_tag=1, c_target=4, 1910 vars, 170 neurons, 0 basis)

══ Advanced-standard PASS 2: solving N2 with N1 info (c_tag=1, c_target=4) ══
set_n1_neuron_bounds: loaded 170 neuron bounds from N1
compute_n2_pert_relaxation_bounds: populated 2 ReLU layers
compute_n2_relax_decision!: τ=0.5, both=13 org-only=0 pert-only=0 none=74 (plus 13 stable neurons)
[notice | Main.MIPVerify]: Determining upper and lower bounds for the input to each non-linear unit.
Set parameter WLSAccessID
Set parameter WLSSecret
Set parameter LicenseID to value 2478548
Academic license 2478548 - for non-commercial use only - registered to ne___@campus.technion.ac.il
Set parameter TimeLimit to value 5
Set parameter TimeLimit to value 5
Set parameter WLSAccessID
Set parameter WLSSecret
Set parameter LicenseID to value 2478548
Academic license 2478548 - for non-commercial use only - registered to ne___@campus.technion.ac.il
Set parameter MIPFocus to value 3
Set parameter Cutoff to value 2.9951870441436768e-02
Set parameter Threads to value 32
Set parameter TimeLimit to value 10800
Set parameter MIPGap to value 0.01
Set parameter Seed to value 4
Set parameter Seed to value 4
Set parameter MIPGap to value 0.01
Set parameter MIPFocus to value 3
Set parameter Cutoff to value 2.9951870441436768e-02
Set parameter Threads to value 32
Set parameter TimeLimit to value 10800
Warning for adding constraints: zero or small (< 1e-13) coefficients, ignored
Gurobi Optimizer version 13.0.0 build v13.0.0rc1 (linux64 - "Ubuntu 20.04.2 LTS")

CPU model: AMD EPYC 7713 64-Core Processor, instruction set [SSE2|AVX|AVX2]
Thread count: 127 physical cores, 255 logical processors, using up to 32 threads

Non-default parameters:
Cutoff  2.9951870441436768e-02
TimeLimit  10800
MIPGap  0.01
MIPFocus  3
Seed  4
Threads  32

Academic license 2478548 - for non-commercial use only - registered to ne___@campus.technion.ac.il
Optimize a model with 1642 rows, 1890 columns and 158212 nonzeros (Max)
Model fingerprint: 0x40d8ad30
Model has 1 linear objective coefficients
Variable types: 1742 continuous, 148 integer (148 binary)
Coefficient statistics:
  Matrix range     [1e-13, 3e+01]
  Objective range  [1e+00, 1e+00]
  Bounds range     [2e-09, 3e+01]
  RHS range        [4e-13, 3e+01]

User MIP start produced solution with objective 0.174188 (0.41s)
User MIP start produced solution with objective 0.175164 (0.72s)
User MIP start produced solution with objective 0.185718 (0.72s)
User MIP start produced solution with objective 0.185718 (0.74s)
Loaded user MIP start with objective 0.185718

Presolve removed 986 rows and 789 columns
Presolve time: 0.51s
Presolved: 656 rows, 1101 columns, 121148 nonzeros
Variable types: 953 continuous, 148 integer (148 binary)
Root relaxation presolve removed 11 rows and 10 columns
Root relaxation presolved: 645 rows, 1091 columns, 120033 nonzeros


Root relaxation: objective 6.388484e-01, 1319 iterations, 0.33 seconds (0.28 work units)

    Nodes    |    Current Node    |     Objective Bounds      |     Work
 Expl Unexpl |  Obj  Depth IntInf | Incumbent    BestBd   Gap | It/Node Time

     0     0    0.63885    0   80    0.18572    0.63885   244%     -    1s
     0     0    0.63708    0   79    0.18572    0.63708   243%     -    2s
     0     0    0.63708    0   79    0.18572    0.63708   243%     -    3s
     0     0    0.59557    0   79    0.18572    0.59557   221%     -    3s
     0     0    0.59523    0   78    0.18572    0.59523   221%     -    3s
     0     0    0.59523    0   78    0.18572    0.59523   221%     -    4s
     0     0    0.59007    0   78    0.18572    0.59007   218%     -    4s
     0     0    0.57784    0   79    0.18572    0.57784   211%     -    5s
     0     0    0.57784    0   79    0.18572    0.57784   211%     -    5s
     0     0    0.55884    0   83    0.18572    0.55884   201%     -    6s
     0     0    0.55636    0   83    0.18572    0.55636   200%     -    6s
     0     0    0.55636    0   83    0.18572    0.55636   200%     -    7s
     0     0    0.55520    0   83    0.18572    0.55520   199%     -    8s
     0     0    0.55520    0   83    0.18572    0.55520   199%     -    8s
     0     2    0.55520    0   83    0.18572    0.55520   199%     -    9s
     7    16    0.55520    3   77    0.18572    0.55520   199%   571   10s
   328   376    0.55520    7   76    0.18572    0.55520   199%   323   15s
   570   636    0.55520    7   76    0.18572    0.55520   199%   402   20s
H  699   729                       0.1857265    0.55520   199%   382   21s
H  975  1015                       0.1857265    0.55520   199%   352   24s
  1014  1110    0.55520   11   70    0.18573    0.55520   199%   346   25s
H 2086  2153                       0.1857265    0.55520   199%   271   31s
  2937  2936    0.51643   12   83    0.18573    0.55520   199%   257   56s
H 2941  2792                       0.2037953    0.55520   172%   256   61s
  2944  2794    0.53400   16   84    0.20380    0.55520   172%   256   65s
  2949  2802    0.55520   17   80    0.20380    0.55520   172%   258   70s
  3099  2949    0.54269   23   79    0.20380    0.54269   166%   266   75s
H 3185  2821                       0.2037953    0.53529   163%   268   76s
H 3252  2735                       0.2037953    0.53072   160%   278   78s
  3330  2828    0.49969   24   75    0.20380    0.52803   159%   288   80s
H 3337  2699                       0.2037953    0.52783   159%   288   80s
H 3356  2572                       0.2037953    0.52735   159%   291   80s
H 3363  2457                       0.2037953    0.52724   159%   293   80s
H 3382  2381                       0.2037953    0.52661   158%   297   82s
  3418  2404    0.50384   25   75    0.20380    0.52556   158%   305   85s
  3485  2445    0.49459   25   75    0.20380    0.52344   157%   317   90s
  3549  2488    0.49241   25   77    0.20380    0.51983   155%   328   96s
H 3561  2381                       0.2037953    0.51899   155%   330   96s
  3581  2406    0.48938   26   74    0.20380    0.51829   154%   335  100s
H 3582  2309                       0.2037954    0.51829   154%   335  100s
  3654  2363    0.49350   24   69    0.20380    0.51400   152%   349  105s
H 3666  2266                       0.2037954    0.50955   150%   350  105s
H 3691  2229                       0.2037954    0.50922   150%   353  106s
  4056  2533    0.46976   28   74    0.20380    0.49947   145%   390  110s
H 4259  2497                       0.2037954    0.49699   144%   406  111s
  4531  2787    0.48298   25   76    0.20380    0.49430   143%   430  115s
  5188  3281    0.43857   25   79    0.20380    0.48554   138%   459  120s
  5465  3323    0.45372   25   75    0.20380    0.47677   134%   468  126s
  5576  3412    0.46001   28   76    0.20380    0.47278   132%   473  131s
H 5579  3331                       0.2037954    0.47274   132%   473  131s
H 5606  3247                       0.2037954    0.47205   132%   474  131s
H 5637  3165                       0.2037954    0.47124   131%   475  131s
  5757  3438    0.45255   25   74    0.20380    0.46936   130%   481  135s
  6586  4115    0.42388   28   70    0.20380    0.46045   126%   491  142s
  7278  4641    0.42435   26   71    0.20380    0.45487   123%   496  146s
  7951  5281    0.43138   27   77    0.20380    0.44717   119%   501  150s
  8559  5969    0.40873   25   75    0.20380    0.44064   116%   511  155s
  9265  6710    0.41204   29   73    0.20380    0.43463   113%   518  160s
 10065  7539    0.38627   28   75    0.20380    0.42936   111%   525  165s
 10984  8524    0.38454   31   73    0.20380    0.42371   108%   529  171s
 12008  9505    0.41844   27   77    0.20380    0.41844   105%   530  176s
 12478 10029    0.41484   24   81    0.20380    0.41519   104%   533  180s
 13549 11150    0.40998   25   66    0.20380    0.40998   101%   536  187s
 14141 11756    0.39903   30   80    0.20380    0.40748   100%   537  191s
 15436 13144    0.40287   27   76    0.20380    0.40287  97.7%   537  198s
 16158 13795    0.37461   28   79    0.20380    0.40099  96.8%   536  202s
 16818 14554    0.39596   30   75    0.20380    0.39878  95.7%   538  206s
 17595 15354    0.36628   29   72    0.20380    0.39677  94.7%   537  210s
 18417 16142    0.35763   29   78    0.20380    0.39430  93.5%   535  215s
 19205 16174    0.38929   29   64    0.20380    0.39228  92.5%   535  222s
 19237 16205    0.37924   29   77    0.20380    0.39168  92.2%   535  227s
 19270 16881    0.36833   28   79    0.20380    0.39147  92.1%   535  232s
 19958 17711    0.34632   32   78    0.20380    0.39021  91.5%   534  237s
 20798 18675    0.35011   30   70    0.20380    0.38801  90.4%   534  242s
 21784 19644    0.37272   28   78    0.20380    0.38576  89.3%   532  246s
 22761 20674    0.38112   29   71    0.20380    0.38379  88.3%   531  252s
 23809 21718    0.37619   25   77    0.20380    0.38179  87.3%   529  258s
H24867 21749                       0.2037954    0.37980  86.4%   527  267s
H24890 21749                       0.2037969    0.37948  86.2%   527  267s
 24900 22526     cutoff   30         0.20380    0.37939  86.2%   527  275s
H24931 22526                       0.2037969    0.37938  86.2%   527  275s
 25693 23403    0.35563   30   73    0.20380    0.37921  86.1%   526  281s
 26592 24367    0.35156   29   76    0.20380    0.37836  85.7%   525  287s
 27572 25470    0.35057   27   79    0.20380    0.37693  85.0%   524  294s
 28702 26642    0.37396   26   75    0.20380    0.37537  84.2%   522  301s
 29921 28259    0.35975   28   73    0.20380    0.37295  83.0%   520  310s
 31576 29485    0.33020   31   73    0.20380    0.37057  81.8%   517  316s
 32834 30731    0.36750   28   78    0.20380    0.36750  80.3%   515  322s
 34103 32072    0.33502   30   73    0.20380    0.36581  79.5%   513  328s
 35472 33448    0.34888   30   69    0.20380    0.36427  78.7%   510  334s
 36873 34799    0.33501   29   71    0.20380    0.36260  77.9%   507  341s
 38254 36426    0.34381   30   69    0.20380    0.36150  77.4%   504  347s
 39916 37971    0.34264   30   69    0.20380    0.35990  76.6%   500  352s
 41496 39693    0.34534   30   62    0.20380    0.35836  75.8%   498  360s
 43263 41391    0.33860   30   75    0.20380    0.35710  75.2%   494  368s
 45018 43263    0.33984   30   69    0.20380    0.35572  74.5%   491  374s
 46934 43295    0.35028   30   63    0.20380    0.35442  73.9%   487  385s
H46951 43295                       0.2037969    0.35422  73.8%   487  385s
 46966 44829    0.35404   31   68    0.20380    0.35415  73.8%   487  392s
H47310 44828                       0.2056611    0.35412  72.2%   487  392s
 48527 46596    0.32737   30   71    0.20566    0.35310  71.7%   485  398s
 50344 48845    0.32812   29   69    0.20566    0.35178  71.0%   482  405s
 52650 51005    0.33021   31   56    0.20566    0.35042  70.4%   477  411s
 54848 53331    0.33587   31   79    0.20566    0.34906  69.7%   474  419s
 57238 55820    0.33133   31   70    0.20566    0.34782  69.1%   470  429s
 59778 59188    0.31681   33   69    0.20566    0.34643  68.4%   466  444s
 63210 61750    0.32183   33   70    0.20566    0.34506  67.8%   461  453s
 65827 64387    0.33346   29   74    0.20566    0.34391  67.2%   457  463s
 68534 67242    0.31126   32   74    0.20566    0.34271  66.6%   453  473s
 71452 70173    0.32220   33   70    0.20566    0.34171  66.2%   449  484s
 74453 73160    0.32559   33   71    0.20566    0.34066  65.6%   445  495s
 77516 76287    0.33064   29   73    0.20566    0.33963  65.1%   442  507s
 80744 79372    0.31786   31   72    0.20566    0.33848  64.6%   438  520s
 83908 82716    0.31007   34   69    0.20566    0.33750  64.1%   434  529s
 87320 86079    0.31933   32   64    0.20566    0.33649  63.6%   431  539s
 90782 90683    0.33260   28   71    0.20566    0.33535  63.1%   427  555s
 95526 91126    0.31390   31   72    0.20566    0.33410  62.5%   423  569s
H95562 91123                       0.2076478    0.33409  60.9%   423  569s
H95572 91123                       0.2076478    0.33409  60.9%   423  569s
 95989 94933    0.32054   33   72    0.20765    0.33382  60.8%   423  583s
 99971 94964    0.31825   30   72    0.20765    0.33288  60.3%   420  601s
H99975 94964                       0.2076478    0.33283  60.3%   420  601s
H99980 94964                       0.2076478    0.33278  60.3%   420  601s
H100004 95622                       0.2076479    0.33270  60.2%   420  615s
H100006 95622                       0.2076484    0.33269  60.2%   420  615s
 100683 96466    0.32636   36   66    0.20765    0.33263  60.2%   419  626s
 101556 97743    0.31732   34   60    0.20765    0.33258  60.2%   419  638s
 102868 99164    0.33176   32   71    0.20765    0.33252  60.1%   418  651s
 104342 101069    0.28501   33   71    0.20765    0.33245  60.1%   416  666s
 106302 103583    0.31069   30   77    0.20765    0.33233  60.0%   415  683s
 108877 107029    0.32277   34   59    0.20765    0.33216  60.0%   413  699s
 112452 111019    0.32752   34   74    0.20765    0.33181  59.8%   411  714s
 116573 116013    0.30331   31   73    0.20765    0.33109  59.4%   409  728s
 121734 120531    0.30679   30   76    0.20765    0.32937  58.6%   406  742s
H122858 120531                       0.2076484    0.32850  58.2%   406  742s
 126446 123933    0.31563   32   73    0.20765    0.32705  57.5%   404  751s
H126785 123933                       0.2076484    0.32689  57.4%   404  751s
 129948 127263    0.31304   34   67    0.20765    0.32595  57.0%   402  760s
 133401 130812    0.32417   31   67    0.20765    0.32484  56.4%   401  769s
 137067 134164    0.31208   33   67    0.20765    0.32398  56.0%   399  779s
 140543 137467    0.28797   30   73    0.20765    0.32332  55.7%   398  788s
 143938 140771    0.31682   31   68    0.20765    0.32273  55.4%   396  797s
 147345 144109    0.32210   33   61    0.20765    0.32210  55.1%   395  806s
 150813 148786    0.30868   36   65    0.20765    0.32149  54.8%   393  819s
 155668 152038    0.31823   31   70    0.20765    0.32068  54.4%   392  828s
 159028 155381     cutoff   35         0.20765    0.32012  54.2%   391  837s
 162505 158455    0.31328   30   70    0.20765    0.31960  53.9%   389  846s
 165687 161672    0.30959   35   70    0.20765    0.31914  53.7%   388  855s
 169045 164909    0.30761   34   67    0.20765    0.31857  53.4%   387  864s
 172392 168003    0.31504   33   59    0.20765    0.31808  53.2%   386  873s
 175611 171325    0.29569   31   68    0.20765    0.31761  53.0%   385  882s
 179030 174577    0.31139   34   70    0.20765    0.31709  52.7%   384  890s
 182398 178965    0.31663   31   72    0.20765    0.31663  52.5%   383  902s
 186944 181547    0.30643   31   74    0.20765    0.31601  52.2%   382  912s
H186945 181547                       0.2076485    0.31601  52.2%   382  912s
 189624 184789    0.29329   35   70    0.20765    0.31593  52.1%   382  922s
 192978 188208    0.29409   32   73    0.20765    0.31581  52.1%   381  931s
 196506 191624    0.31235   36   66    0.20765    0.31513  51.8%   380  941s
H199661 191624                       0.2076523    0.31491  51.7%   379  941s
 200073 195072    0.31217   35   64    0.20765    0.31443  51.4%   379  950s
 203658 197394    0.31127   29   76    0.20765    0.31385  51.1%   378  959s
H203868 197392                       0.2077612    0.31385  51.1%   378  959s
H203972 197391                       0.2077789    0.31385  51.0%   378  959s
H204257 197391                       0.2078114    0.31384  51.0%   378  959s
H205290 197391                       0.2078244    0.31382  51.0%   378  959s
 206065 200964    0.27252   35   78    0.20782    0.31374  51.0%   378  969s
 209799 203413    0.29110   36   65    0.20782    0.31315  50.7%   377  978s
H210026 203413                       0.2078307    0.31314  50.7%   377  978s
H210187 203413                       0.2078506    0.31313  50.7%   377  978s
 212345 207166    0.29550   29   64    0.20785    0.31302  50.6%   376  990s
H212640 207166                       0.2078506    0.31301  50.6%   376  990s
H213149 207166                       0.2078506    0.31299  50.6%   376  990s
H214630 207166                       0.2078507    0.31296  50.6%   376  990s
 216266 210526    0.31198   31   71    0.20785    0.31258  50.4%   375 1001s
H216950 210526                       0.2078507    0.31252  50.4%   375 1001s
 219791 213995    0.30846   29   63    0.20785    0.31204  50.1%   375 1011s
H220147 213995                       0.2078508    0.31203  50.1%   375 1011s
H221030 213995                       0.2078509    0.31201  50.1%   374 1011s
 223402 217137    0.30012   34   70    0.20785    0.31169  50.0%   374 1021s
H224192 217137                       0.2078509    0.31166  49.9%   374 1021s
H226246 217137                       0.2078509    0.31161  49.9%   373 1021s
 226646 220684    0.29530   35   65    0.20785    0.31134  49.8%   373 1030s
 230310 223851    0.29870   36   70    0.20785    0.31094  49.6%   373 1040s
H230823 223851                       0.2078509    0.31092  49.6%   373 1040s
 233602 227196    0.29563   31   70    0.20785    0.31065  49.5%   372 1050s
H234756 227196                       0.2078509    0.31060  49.4%   372 1050s
 237098 230390    0.30813   33   69    0.20785    0.31027  49.3%   371 1059s
H239525 230390                       0.2078512    0.31023  49.3%   371 1059s
 240461 233593    0.30972   32   56    0.20785    0.30996  49.1%   371 1068s
 243775 237780    0.30943   34   66    0.20785    0.30960  49.0%   370 1080s
 248084 240623    0.29943   37   69    0.20785    0.30926  48.8%   369 1089s
 251065 244145    0.29031   32   69    0.20785    0.30892  48.6%   369 1098s
 254712 247524    0.30823   30   66    0.20785    0.30858  48.5%   368 1106s
 258189 250635    0.29218   33   60    0.20785    0.30830  48.3%   368 1115s
 261446 253946    0.30799   31   70    0.20785    0.30801  48.2%   367 1124s
 264872 257270    0.30601   29   71    0.20785    0.30770  48.0%   366 1132s
 268342 260592    0.30119   33   74    0.20785    0.30741  47.9%   366 1141s
 271775 263849    0.30218   36   70    0.20785    0.30715  47.8%   365 1149s
 275163 267915    0.30442   30   70    0.20785    0.30688  47.6%   365 1160s
 279393 271145    0.29141   34   64    0.20785    0.30659  47.5%   364 1169s
 282756 274381    0.30519   33   70    0.20785    0.30639  47.4%   364 1178s
 286148 277601    0.29549   37   62    0.20785    0.30614  47.3%   363 1187s
 289466 280825    0.27568   35   69    0.20785    0.30588  47.2%   363 1196s
 292815 284013    0.30547   36   65    0.20785    0.30565  47.0%   362 1204s
 296140 287283    0.29060   33   74    0.20785    0.30542  46.9%   362 1213s
 299542 290387    0.29448   31   74    0.20785    0.30516  46.8%   361 1222s
 302772 293670    0.30294   34   64    0.20785    0.30496  46.7%   361 1230s
 306179 297807    0.29171   34   69    0.20785    0.30470  46.6%   360 1241s
 310536 300840    0.29258   35   67    0.20785    0.30440  46.5%   360 1249s
 313712 304044    0.28896   33   72    0.20785    0.30414  46.3%   359 1257s
 317040 307100    0.29600   30   62    0.20785    0.30392  46.2%   359 1265s
 320211 310259    0.30271   34   68    0.20785    0.30369  46.1%   359 1273s
 323502 313471    0.29404   35   65    0.20785    0.30346  46.0%   358 1282s
 326868 316568    0.28458   34   74    0.20785    0.30323  45.9%   358 1290s
 330099 319853    0.28543   33   76    0.20785    0.30300  45.8%   358 1299s
 333516 323080    0.29127   37   69    0.20785    0.30277  45.7%   357 1307s
 336871 326124    0.29306   29   72    0.20785    0.30252  45.5%   357 1318s
H338642 326124                       0.2078530    0.30250  45.5%   356 1318s
 340070 330070    0.28917   32   72    0.20785    0.30249  45.5%   356 1329s
H341864 330070                       0.2078530    0.30248  45.5%   356 1329s
 344187 333696     cutoff   35         0.20785    0.30204  45.3%   356 1338s
 347953 337108    0.29597   40   63    0.20785    0.30177  45.2%   355 1347s
 351490 340647    0.29145   35   70    0.20785    0.30153  45.1%   355 1356s
 355209 343831    0.28828   32   71    0.20785    0.30126  44.9%   355 1365s
 358550 347240    0.29513   33   68    0.20785    0.30101  44.8%   354 1373s
 362116 350480    0.28559   36   55    0.20785    0.30078  44.7%   354 1382s
 365525 353707    0.30027   35   58    0.20785    0.30054  44.6%   353 1390s
 368888 357484    0.29576   35   72    0.20785    0.30034  44.5%   353 1400s
 372845 360625    0.29312   32   58    0.20785    0.30008  44.4%   353 1408s
 376117 363950    0.29244   33   74    0.20785    0.29987  44.3%   352 1416s
 379611 367389    0.28675   32   57    0.20785    0.29964  44.2%   352 1424s
 383204 370712    0.28849   32   78    0.20785    0.29941  44.0%   352 1432s
 386700 373852    0.28990   34   76    0.20785    0.29920  43.9%   351 1441s
 389988 377117    0.28237   31   68    0.20785    0.29900  43.9%   351 1449s
 393430 380324    0.29704   36   58    0.20785    0.29878  43.7%   350 1457s
 396763 383278    0.28316   33   59    0.20785    0.29858  43.7%   350 1464s
 399889 387362    0.29725   35   67    0.20785    0.29839  43.6%   350 1475s
 404173 390095    0.29006   34   74    0.20785    0.29813  43.4%   349 1483s
 407064 393302    0.28576   35   57    0.20785    0.29795  43.3%   349 1490s
 410419 396563    0.28540   31   67    0.20785    0.29775  43.2%   349 1498s
 413830 399832    0.27835   33   71    0.20785    0.29753  43.1%   348 1506s
 417242 403037    0.29300   35   70    0.20785    0.29734  43.1%   348 1515s
 420592 406193 infeasible   36         0.20785    0.29713  43.0%   348 1522s
 423896 409337    0.28783   33   59    0.20785    0.29695  42.9%   347 1531s
 427206 412456    0.28250   34   69    0.20785    0.29677  42.8%   347 1538s
 430494 416344    0.29033   34   59    0.20785    0.29657  42.7%   347 1548s
 434586 419392    0.28899   33   71    0.20785    0.29632  42.6%   347 1555s
 437813 422355    0.29346   36   66    0.20785    0.29613  42.5%   346 1564s
 440934 425654    0.28526   36   70    0.20785    0.29596  42.4%   346 1573s
 444382 428771    0.28480   32   70    0.20785    0.29576  42.3%   346 1583s
 447676 431975    0.29205   35   68    0.20785    0.29557  42.2%   346 1594s
 451069 435221    0.28425   35   69    0.20785    0.29540  42.1%   345 1604s
 454520 438321    0.29465   34   60    0.20785    0.29520  42.0%   345 1614s
 457797 441453    0.27123   30   72    0.20785    0.29503  41.9%   345 1625s
 461108 445224    0.28730   31   59    0.20785    0.29485  41.9%   344 1638s
 465066 448411    0.29147   35   65    0.20785    0.29463  41.7%   344 1647s
 468405 451578    0.29430   31   65    0.20785    0.29446  41.7%   344 1656s
 471745 454780    0.29079   33   71    0.20785    0.29428  41.6%   344 1665s
H475074 457158                       0.2078530    0.29412  41.5%   343 1674s
H475280 457158                       0.2078530    0.29411  41.5%   343 1674s
 477585 459269    0.28350   31   59    0.20785    0.29409  41.5%   343 1682s
H478047 459269                       0.2078530    0.29408  41.5%   343 1682s
 479807 462224    0.29394   30   76    0.20785    0.29406  41.5%   343 1692s
H482036 462224                       0.2078530    0.29398  41.4%   343 1692s
 482912 465191    0.29249   33   66    0.20785    0.29393  41.4%   343 1700s
 486050 468491     cutoff   33         0.20785    0.29378  41.3%   343 1710s
H487504 468491                       0.2078530    0.29367  41.3%   342 1710s
 489494 471773    0.28067   32   57    0.20785    0.29358  41.2%   342 1720s
 492941 475437    0.28594   36   68    0.20785    0.29319  41.1%   342 1731s
 496803 478662    0.27848   30   70    0.20785    0.29298  41.0%   342 1740s
 500217 481995    0.27683   35   62    0.20785    0.29280  40.9%   342 1747s
 503730 485013    0.28205   34   70    0.20785    0.29262  40.8%   341 1756s
 506914 488056    0.27351   32   72    0.20785    0.29247  40.7%   341 1766s
 510135 491184    0.28838   32   66    0.20785    0.29229  40.6%   341 1775s
 513409 494252    0.29126   31   78    0.20785    0.29215  40.6%   341 1784s
 516621 497553    0.27947   31   62    0.20785    0.29199  40.5%   341 1794s
 520123 500736    0.27529   36   60    0.20785    0.29183  40.4%   340 1804s
 523481 504602    0.28253   32   68    0.20785    0.29168  40.3%   340 1815s
 527543 507510     cutoff   29         0.20785    0.29148  40.2%   340 1824s
 530657 507541    0.29106   32   58    0.20785    0.29133  40.2%   340 1835s
H530661 507541                       0.2078530    0.29133  40.2%   340 1835s
 530690 507859    0.28900   36   69    0.20785    0.29131  40.2%   340 1846s
 531026 508343    0.28011   35   71    0.20785    0.29130  40.1%   340 1862s
 531528 509216    0.27980   33   73    0.20785    0.29129  40.1%   340 1875s
 532441 510035    0.26946   32   72    0.20785    0.29129  40.1%   340 1892s
H532970 510035                       0.2078530    0.29128  40.1%   340 1893s
 533297 512036    0.28305   36   74    0.20785    0.29128  40.1%   340 1911s
 535376 514402    0.28335   33   61    0.20785    0.29127  40.1%   340 1932s
 537860 517919    0.28398   35   60    0.20785    0.29124  40.1%   339 1951s
 541558 522809    0.27901   32   74    0.20785    0.29118  40.1%   339 1970s
 546712 527372    0.28366   36   57    0.20785    0.29099  40.0%   339 1985s
 551472 531654    0.26796   34   67    0.20785    0.29044  39.7%   339 1996s
 555970 535416    0.28289   39   60    0.20785    0.29011  39.6%   338 2008s
 559939 538578    0.28948   32   66    0.20785    0.28993  39.5%   338 2021s
 563250 541647    0.28096   34   64    0.20785    0.28978  39.4%   338 2032s
 566461 544834    0.28250   36   68    0.20785    0.28964  39.3%   338 2044s
 569804 548036    0.27905   39   61    0.20785    0.28949  39.3%   338 2056s
 573172 551122    0.28538   33   69    0.20785    0.28933  39.2%   338 2067s
 576433 554253    0.27948   37   68    0.20785    0.28920  39.1%   337 2079s
 579783 557550    0.28880   36   70    0.20785    0.28906  39.1%   337 2088s
 583254 560756    0.27206   39   64    0.20785    0.28890  39.0%   337 2097s
 586622 564658    0.28223   32   71    0.20785    0.28877  38.9%   337 2109s
 590708 567798    0.27852   32   54    0.20785    0.28859  38.8%   337 2119s
 594026 570849    0.26957   34   73    0.20785    0.28845  38.8%   336 2131s
 597271 573896    0.27551   36   69    0.20785    0.28831  38.7%   336 2141s
 600481 577036    0.27244   38   66    0.20785    0.28818  38.6%   336 2153s
 603784 580192    0.27775   35   64    0.20785    0.28806  38.6%   336 2162s
 607105 583213    0.27578   33   59    0.20785    0.28791  38.5%   336 2171s
 610266 586280    0.28611   34   69    0.20785    0.28778  38.5%   336 2180s
 613524 589458    0.27539   37   65    0.20785    0.28765  38.4%   335 2191s
 616832 593235    0.28125   31   64    0.20785    0.28752  38.3%   335 2205s
 620817 596365    0.27949   33   68    0.20785    0.28736  38.3%   335 2217s
 624104 599329    0.27866   37   66    0.20785    0.28723  38.2%   335 2229s
 627230 602360    0.28550   36   67    0.20785    0.28709  38.1%   335 2241s
 630421 605591    0.28593   30   61    0.20785    0.28697  38.1%   335 2253s
 633816 608739    0.28459   37   58    0.20785    0.28684  38.0%   335 2265s
 637174 611796    0.27287   33   69    0.20785    0.28671  37.9%   334 2277s
 640419 615119    0.27680   38   64    0.20785    0.28658  37.9%   334 2289s
 643936 618283    0.27805   36   70    0.20785    0.28646  37.8%   334 2300s
 647283 621883    0.28111   36   69    0.20785    0.28635  37.8%   334 2315s
 651091 625090    0.27046   36   66    0.20785    0.28620  37.7%   334 2326s
 654474 628334    0.26312   37   61    0.20785    0.28608  37.6%   334 2336s
 657890 631479    0.27991   36   70    0.20785    0.28595  37.6%   333 2348s
 661221 634603    0.27343   36   71    0.20785    0.28584  37.5%   333 2358s
 664476 637853    0.28451   30   74    0.20785    0.28571  37.5%   333 2369s
 667930 640902    0.27784   35   59    0.20785    0.28559  37.4%   333 2378s
 671127 644146    0.26962   33   71    0.20785    0.28548  37.3%   333 2390s
 674511 647301    0.27674   36   63    0.20785    0.28536  37.3%   333 2402s
 677853 650881    0.27140   39   62    0.20785    0.28523  37.2%   332 2416s
 681640 654212    0.27423   39   64    0.20785    0.28510  37.2%   332 2429s
 685194 657402 infeasible   37         0.20785    0.28497  37.1%   332 2441s
 688563 660506    0.27306   35   71    0.20785    0.28486  37.0%   332 2452s
 691831 663525    0.27158   38   68    0.20785    0.28474  37.0%   332 2464s
 695006 666681    0.27021   32   68    0.20785    0.28463  36.9%   332 2476s
 698352 669664    0.27369   36   63    0.20785    0.28453  36.9%   332 2489s
 701453 672919    0.27535   32   67    0.20785    0.28443  36.8%   331 2501s
 704898 676028    0.26695   37   64    0.20785    0.28431  36.8%   331 2512s
 708157 679437    0.27056   34   68    0.20785    0.28421  36.7%   331 2524s
 711753 682779    0.25183   34   73    0.20785    0.28408  36.7%   331 2536s
 715245 686206    0.25973   30   70    0.20785    0.28396  36.6%   331 2545s
 718840 689425    0.27349   35   73    0.20785    0.28384  36.6%   331 2557s
 722208 692622    0.27367   36   65    0.20785    0.28373  36.5%   331 2569s
 723361 692622    0.27871   36   67    0.20785    0.28372  36.5%   330 2570s
 725567 695758    0.26845   35   63    0.20785    0.28363  36.5%   330 2582s
 728890 698962    0.27112   35   68    0.20785    0.28352  36.4%   330 2594s
 732252 702131    0.26916   33   68    0.20785    0.28342  36.4%   330 2606s
 735595 705290    0.27214   37   67    0.20785    0.28331  36.3%   330 2618s
 738950 708955    0.24740   34   75    0.20785    0.28321  36.3%   330 2632s
 742821 712208    0.27553   33   68    0.20785    0.28309  36.2%   330 2643s
 746241 715350    0.28137   36   56    0.20785    0.28297  36.1%   330 2652s
 749593 718411    0.28006   36   55    0.20785    0.28286  36.1%   329 2664s
 752812 721551     cutoff   36         0.20785    0.28277  36.0%   329 2675s
 756140 724694     cutoff   38         0.20785    0.28268  36.0%   329 2687s
 759450 727713    0.27277   33   70    0.20785    0.28258  36.0%   329 2698s
 762628 730739    0.27794   38   54    0.20785    0.28249  35.9%   329 2710s
 765815 733865    0.26738   32   67    0.20785    0.28239  35.9%   329 2719s
 769154 737579    0.26970   31   70    0.20785    0.28229  35.8%   329 2733s
 773057 740706    0.28151   36   72    0.20785    0.28218  35.8%   328 2745s
 776359 743853    0.26981   37   69    0.20785    0.28208  35.7%   328 2756s
 779669 746303    0.27526   37   67    0.20785    0.28198  35.7%   328 2770s
H782086 746303                       0.2078530    0.28197  35.7%   328 2771s
 782258 749025    0.27926   38   67    0.20785    0.28197  35.7%   328 2784s
 785127 751788    0.26437   41   66    0.20785    0.28195  35.6%   328 2798s
 788037 754777    0.27397   35   67    0.20785    0.28188  35.6%   328 2811s
 791173 757347    0.27001   34   66    0.20785    0.28180  35.6%   328 2827s
 793879 760616    0.28095   32   76    0.20785    0.28171  35.5%   328 2842s
 797314 764151    0.27361   34   71    0.20785    0.28160  35.5%   327 2854s
 800997 767827    0.26175   37   69    0.20785    0.28150  35.4%   327 2868s
 804857 770963    0.27393   32   61    0.20785    0.28124  35.3%   327 2879s
 808149 774127    0.27556   36   65    0.20785    0.28116  35.3%   327 2891s
 811498 777187    0.24888   32   68    0.20785    0.28107  35.2%   327 2903s
 814725 780306    0.26493   39   55    0.20785    0.28098  35.2%   327 2915s
 818035 783482    0.27867   35   69    0.20785    0.28088  35.1%   327 2927s
 821413 786609    0.27514   34   56    0.20785    0.28078  35.1%   327 2938s
 824698 789707    0.27513   38   68    0.20785    0.28069  35.0%   327 2949s
 827976 792939    0.27848   33   68    0.20785    0.28060  35.0%   326 2960s
 831338 796708    0.27781   37   62    0.20785    0.28051  35.0%   326 2973s
 835306 799709    0.27796   36   70    0.20785    0.28041  34.9%   326 2984s
 838463 802599    0.26425   37   68    0.20785    0.28030  34.9%   326 2991s
 841534 805773    0.27134   35   70    0.20785    0.28022  34.8%   326 3002s
 844862 808931    0.26660   38   69    0.20785    0.28014  34.8%   326 3013s
 848179 812134    0.26999   34   71    0.20785    0.28005  34.7%   326 3024s
 851553 815291    0.26731   37   65    0.20785    0.27995  34.7%   326 3035s
 854910 818416    0.26961   35   67    0.20785    0.27987  34.6%   326 3047s
 858177 821633    0.26691   32   75    0.20785    0.27978  34.6%   325 3059s
 861552 825377    0.26337   40   54    0.20785    0.27969  34.6%   325 3073s
 865495 828437    0.27435   33   77    0.20785    0.27960  34.5%   325 3084s
 868705 831419    0.27860   36   73    0.20785    0.27951  34.5%   325 3093s
 871828 834578    0.26794   35   48    0.20785    0.27943  34.4%   325 3103s
 875171 837418    0.27922   34   65    0.20785    0.27934  34.4%   325 3114s
 878171 840662    0.25448   34   76    0.20785    0.27926  34.4%   325 3127s
 881571 843903    0.26417   34   59    0.20785    0.27918  34.3%   325 3139s
 884993 847122    0.26970   37   67    0.20785    0.27909  34.3%   324 3151s
 888379 850238    0.26955   37   66    0.20785    0.27901  34.2%   324 3163s
 891658 853819    0.26618   33   70    0.20785    0.27892  34.2%   324 3177s
 895491 857025    0.27531   34   71    0.20785    0.27882  34.1%   324 3190s
 898857 860172    0.26219   41   64    0.20785    0.27874  34.1%   324 3198s
 902154 863261    0.25811   34   66    0.20785    0.27866  34.1%   324 3207s
 905415 866413    0.27132   37   66    0.20785    0.27858  34.0%   324 3218s
 908753 869462    0.26852   35   68    0.20785    0.27849  34.0%   324 3230s
 911959 872624    0.26350   34   71    0.20785    0.27842  33.9%   324 3242s
 915296 875730    0.27339   33   69    0.20785    0.27833  33.9%   323 3253s
 918568 878856    0.26775   32   69    0.20785    0.27825  33.9%   323 3265s
 921845 882580    0.27500   36   55    0.20785    0.27817  33.8%   323 3279s
 925768 885555    0.27583   35   66    0.20785    0.27807  33.8%   323 3291s
 928930 888669    0.25802   34   67    0.20785    0.27800  33.7%   323 3303s
 932224 891866    0.25018   31   71    0.20785    0.27792  33.7%   323 3315s
 935616 895009    0.26433   37   66    0.20785    0.27783  33.7%   323 3327s
 938917 898157    0.25693   35   65    0.20785    0.27775  33.6%   323 3339s
 942232 901238     cutoff   40         0.20785    0.27767  33.6%   323 3351s
 945509 904188    0.27012   34   76    0.20785    0.27759  33.6%   322 3362s
 948621 907331    0.26769   37   66    0.20785    0.27752  33.5%   322 3373s
 951931 910915    0.26048   38   65    0.20785    0.27744  33.5%   322 3386s
 955689 914123    0.26131   39   59    0.20785    0.27735  33.4%   322 3397s
 959103 917168 infeasible   33         0.20785    0.27727  33.4%   322 3407s
 962327 920395    0.26278   40   64    0.20785    0.27719  33.4%   322 3418s
 965715 923502    0.25441   35   66    0.20785    0.27711  33.3%   322 3430s
 968999 926581 infeasible   37         0.20785    0.27704  33.3%   322 3442s
 972231 929675    0.26846   37   65    0.20785    0.27696  33.2%   322 3453s
 975500 932817    0.27497   30   62    0.20785    0.27688  33.2%   322 3465s
 978818 935591    0.27595   36   66    0.20785    0.27679  33.2%   321 3477s
 981738 939141    0.26110   37   69    0.20785    0.27672  33.1%   321 3490s
 985483 942373    0.27533   38   65    0.20785    0.27664  33.1%   321 3501s
 988901 945434    0.26023   36   67    0.20785    0.27655  33.1%   321 3513s
 992130 948701    0.26618   36   68    0.20785    0.27649  33.0%   321 3521s
 995606 951922 infeasible   36         0.20785    0.27641  33.0%   321 3530s
 998999 954972    0.26444   33   72    0.20785    0.27633  32.9%   321 3540s
 1002206 958066    0.26333   34   63    0.20785    0.27625  32.9%   321 3550s
 1005480 961291    0.26624   36   66    0.20785    0.27618  32.9%   321 3560s
 1008875 964373    0.25990   37   63    0.20785    0.27610  32.8%   321 3570s
 1012101 968031    0.27389   33   66    0.20785    0.27602  32.8%   320 3584s
 1015970 970974    0.26708   35   66    0.20785    0.27593  32.8%   320 3595s
 1019071 974163    0.27184   36   70    0.20785    0.27586  32.7%   320 3606s
 1022465 977431 infeasible   38         0.20785    0.27578  32.7%   320 3617s
 1025913 980411    0.25906   42   65    0.20785    0.27570  32.6%   320 3629s
 1029067 983666    0.23130   35   73    0.20785    0.27564  32.6%   320 3640s
 1032518 986812    0.26698   39   68    0.20785    0.27556  32.6%   320 3651s
 1035842 989814    0.27515   34   70    0.20785    0.27549  32.5%   320 3659s
 1039023 993024    0.26866   37   59    0.20785    0.27542  32.5%   320 3668s
 1042453 996565    0.26440   32   78    0.20785    0.27534  32.5%   320 3681s
 1046209 999681    0.26921   35   60    0.20785    0.27526  32.4%   319 3693s
 1049452 1002810    0.27042   36   58    0.20785    0.27518  32.4%   319 3704s
 1052778 1005917    0.27439   34   72    0.20785    0.27511  32.4%   319 3716s
 1056071 1009113    0.27452   36   53    0.20785    0.27504  32.3%   319 3727s
 1059460 1012291    0.26604   34   58    0.20785    0.27496  32.3%   319 3739s
 1062833 1015444    0.24221   37   75    0.20785    0.27488  32.2%   319 3750s
 1066159 1018448    0.24485   39   72    0.20785    0.27481  32.2%   319 3761s
 1069356 1021599    0.27437   33   68    0.20785    0.27474  32.2%   319 3773s
 1072706 1025005    0.25852   31   71    0.20785    0.27467  32.1%   319 3786s
 1076316 1028303    0.26412   33   63    0.20785    0.27459  32.1%   319 3798s
 1079789 1031514    0.27329   34   66    0.20785    0.27452  32.1%   319 3810s
 1083169 1034713    0.24943   36   65    0.20785    0.27445  32.0%   319 3821s
 1086534 1037900    0.26156   39   60    0.20785    0.27438  32.0%   318 3833s
 1089887 1041147    0.27415   34   71    0.20785    0.27431  32.0%   318 3844s
 1093305 1044274    0.27357   34   72    0.20785    0.27424  31.9%   318 3855s
 1096627 1047211    0.26363   34   71    0.20785    0.27417  31.9%   318 3865s
 1099698 1050498    0.27370   36   62    0.20785    0.27411  31.9%   318 3874s
 1103157 1053994 infeasible   36         0.20785    0.27404  31.8%   318 3887s
 1106867 1057227    0.26126   36   62    0.20785    0.27396  31.8%   318 3898s
 1110298 1060310    0.25190   31   70    0.20785    0.27389  31.8%   318 3908s
 1113546 1063432    0.27374   32   69    0.20785    0.27382  31.7%   318 3920s
 1116868 1066357     cutoff   38         0.20785    0.27375  31.7%   318 3931s
 1119935 1069522    0.25913   35   68    0.20785    0.27369  31.7%   318 3942s
 1123326 1072719    0.25718   32   63    0.20785    0.27361  31.6%   317 3954s
 1126701 1075864    0.26911   39   66    0.20785    0.27355  31.6%   317 3965s
 1130051 1078998    0.26855   37   53    0.20785    0.27347  31.6%   317 3976s
 1133373 1082522    0.26578   34   68    0.20785    0.27341  31.5%   317 3989s
 1137057 1085735    0.26146   35   72    0.20785    0.27333  31.5%   317 4001s
 1140469 1088782    0.27218   33   60    0.20785    0.27326  31.5%   317 4012s
 1143679 1091953    0.25665   37   60    0.20785    0.27319  31.4%   317 4023s
 1147017 1095080    0.26475   36   70    0.20785    0.27313  31.4%   317 4035s
 1150309 1098223    0.26810   38   68    0.20785    0.27306  31.4%   317 4045s
 1153607 1101415    0.27201   33   58    0.20785    0.27300  31.3%   317 4056s
 1156977 1104620    0.26034   36   66    0.20785    0.27293  31.3%   317 4068s
 1160338 1107746    0.27263   32   68    0.20785    0.27286  31.3%   317 4079s
 1163656 1111274    0.26012   38   67    0.20785    0.27279  31.2%   316 4091s
 1167381 1113866    0.26944   39   67    0.20785    0.27271  31.2%   316 4102s
 1170145 1117287    0.26962   35   59    0.20785    0.27266  31.2%   316 4111s
 1173759 1120515    0.26734   39   65    0.20785    0.27258  31.1%   316 4122s
 1177155 1123739    0.26763   36   72    0.20785    0.27252  31.1%   316 4133s
 1180581 1126882    0.25888   32   70    0.20785    0.27245  31.1%   316 4145s
 1183918 1130131    0.26963   37   65    0.20785    0.27238  31.0%   316 4155s
 1187334 1133099    0.27232   35   69    0.20785    0.27232  31.0%   316 4168s
 1190476 1136245    0.25970   38   55    0.20785    0.27226  31.0%   316 4180s
 1193820 1139675    0.26067   34   70    0.20785    0.27219  31.0%   316 4190s
 1197483 1142865    0.26838   41   66    0.20785    0.27212  30.9%   316 4202s
 1200847 1146051    0.25612   35   53    0.20785    0.27206  30.9%   316 4213s
 1204214 1149238    0.26313   36   68    0.20785    0.27200  30.9%   316 4223s
 1207604 1152371    0.26258   37   66    0.20785    0.27193  30.8%   315 4231s
 1210915 1155477    0.27014   38   67    0.20785    0.27186  30.8%   315 4241s
 1214219 1158590    0.25717   31   76    0.20785    0.27180  30.8%   315 4252s
 1217540 1161626    0.26986   30   75    0.20785    0.27174  30.7%   315 4264s
 1220749 1164788    0.25508   35   69    0.20785    0.27168  30.7%   315 4275s
 1224071 1168341    0.26800   39   66    0.20785    0.27161  30.7%   315 4288s
 1227813 1171498    0.26340   37   58    0.20785    0.27154  30.6%   315 4300s
 1231144 1174685    0.26929   35   73    0.20785    0.27148  30.6%   315 4310s
 1234509 1177759    0.26472   37   68    0.20785    0.27142  30.6%   315 4321s
 1237752 1180870    0.26032   33   59    0.20785    0.27136  30.6%   315 4333s
 1241048 1183143    0.25842   35   64    0.20785    0.27130  30.5%   315 4346s
H1241143 1183143                       0.2078530    0.27130  30.5%   315 4346s
 1243444 1186266    0.26594   37   66    0.20785    0.27128  30.5%   315 4359s
 1246741 1189547    0.25396   32   66    0.20785    0.27119  30.5%   315 4368s
 1250237 1192671    0.26126   36   64    0.20785    0.27112  30.4%   314 4377s
 1253558 1196239    0.25904   38   56    0.20785    0.27106  30.4%   314 4389s
 1257350 1199272    0.26403   35   64    0.20785    0.27099  30.4%   314 4401s
 1260580 1202387    0.25627   39   63    0.20785    0.27094  30.3%   314 4412s
 1263876 1205415    0.27085   35   69    0.20785    0.27087  30.3%   314 4423s
 1267142 1208377    0.26772   37   66    0.20785    0.27081  30.3%   314 4435s
 1270270 1211364    0.26841   35   67    0.20785    0.27074  30.3%   314 4446s
 1273427 1214447    0.27066   38   69    0.20785    0.27069  30.2%   314 4458s
 1276730 1217678    0.25740   39   65    0.20785    0.27063  30.2%   314 4470s
 1280164 1220860    0.26857   35   66    0.20785    0.27056  30.2%   314 4479s
 1283516 1224188    0.26318   34   57    0.20785    0.27050  30.1%   314 4490s
 1287081 1227435    0.25999   36   68    0.20785    0.27044  30.1%   314 4499s
 1290531 1230514    0.26856   38   66    0.20785    0.27038  30.1%   314 4510s
 1293794 1233806    0.25776   36   63    0.20785    0.27032  30.1%   313 4521s
 1297274 1236926    0.26262   38   68    0.20785    0.27026  30.0%   313 4532s
 1300582 1239973    0.25440   40   64    0.20785    0.27020  30.0%   313 4544s
 1303804 1243300    0.26906   35   69    0.20785    0.27015  30.0%   313 4555s
 1307308 1246486     cutoff   32         0.20785    0.27008  29.9%   313 4566s
 1310699 1249679    0.24714   38   67    0.20785    0.27002  29.9%   313 4578s
 1314073 1253170    0.26737   37   54    0.20785    0.26996  29.9%   313 4591s
 1317780 1256279    0.26751   37   66    0.20785    0.26990  29.8%   313 4602s
 1321077 1259385    0.24952   30   71    0.20785    0.26984  29.8%   313 4612s
 1324373 1262224    0.25081   36   64    0.20785    0.26978  29.8%   313 4622s
 1327387 1265420    0.26948   36   66    0.20785    0.26973  29.8%   313 4633s
 1330730 1268668    0.26747   41   59    0.20785    0.26966  29.7%   313 4645s
 1334154 1271777    0.25419   34   76    0.20785    0.26961  29.7%   313 4656s
 1337422 1274914    0.26929   34   68    0.20785    0.26955  29.7%   312 4668s
 1340733 1277996    0.26014   39   66    0.20785    0.26949  29.7%   312 4679s
 1344051 1281521    0.25272   37   67    0.20785    0.26943  29.6%   312 4692s
 1347769 1284571    0.25766   35   55    0.20785    0.26937  29.6%   312 4703s
 1351028 1287692    0.26141   41   60    0.20785    0.26931  29.6%   312 4714s
 1354354 1290315    0.25694   37   71    0.20785    0.26926  29.5%   312 4727s
H1355670 1290315                       0.2078530    0.26925  29.5%   312 4728s
 1357109 1293224    0.25561   36   64    0.20785    0.26925  29.5%   312 4741s
 1360188 1296090    0.25942   35   57    0.20785    0.26924  29.5%   312 4752s
 1363175 1299073    0.25872   35   70    0.20785    0.26918  29.5%   312 4764s
 1366317 1302176    0.26639   40   65    0.20785    0.26913  29.5%   312 4776s
 1369629 1305189    0.26000   34   67    0.20785    0.26908  29.5%   312 4789s
 1372843 1308220    0.25368   39   64    0.20785    0.26902  29.4%   312 4802s
 1376060 1311686    0.24922   36   68    0.20785    0.26897  29.4%   312 4814s
 1379737 1314160    0.26077   36   68    0.20785    0.26883  29.3%   312 4825s
 1382387 1317619    0.25361   39   55    0.20785    0.26878  29.3%   311 4838s
 1386068 1320969    0.26241   34   59    0.20785    0.26872  29.3%   311 4850s
 1389629 1324241    0.26068   40   67    0.20785    0.26866  29.3%   311 4862s
 1393097 1327426    0.25611   36   71    0.20785    0.26860  29.2%   311 4873s
 1396463 1330632     cutoff   37         0.20785    0.26855  29.2%   311 4885s
 1399840 1333820    0.25268   36   65    0.20785    0.26849  29.2%   311 4896s
 1403216 1337072    0.25533   37   67    0.20785    0.26844  29.1%   311 4906s
 1406664 1340442    0.26801   33   66    0.20785    0.26838  29.1%   311 4917s
 1410230 1343598    0.25220   36   69    0.20785    0.26832  29.1%   311 4928s
 1413605 1346748    0.25993   40   68    0.20785    0.26827  29.1%   311 4939s
 1416928 1349939    0.25603   41   63    0.20785    0.26821  29.0%   311 4951s
 1420303 1353199    0.25539   39   63    0.20785    0.26816  29.0%   311 4962s
 1423721 1356308    0.25949   32   52    0.20785    0.26811  29.0%   311 4973s
 1427015 1359503    0.26790   40   61    0.20785    0.26805  29.0%   311 4985s
 1430450 1362670    0.26661   37   63    0.20785    0.26800  28.9%   310 4996s
 1433867 1365859    0.25478   35   70    0.20785    0.26794  28.9%   310 5005s
 1437246 1369359    0.25229   34   59    0.20785    0.26789  28.9%   310 5016s
 1440967 1372479    0.26258   39   64    0.20785    0.26783  28.9%   310 5027s
 1444265 1375579    0.25896   38   58    0.20785    0.26778  28.8%   310 5038s
 1447572 1378550    0.25895   42   60    0.20785    0.26773  28.8%   310 5047s
 1450727 1381700    0.26721   37   68    0.20785    0.26768  28.8%   310 5058s
 1454097 1384887    0.25762   37   64    0.20785    0.26763  28.8%   310 5068s
 1457459 1387965    0.26415   34   64    0.20785    0.26758  28.7%   310 5080s
 1460739 1391066    0.25426   40   65    0.20785    0.26753  28.7%   310 5091s
 1464027 1394292    0.26444   39   67    0.20785    0.26748  28.7%   310 5102s
 1467428 1397751     cutoff   41         0.20785    0.26743  28.7%   310 5113s
 1471093 1400942    0.23340   37   68    0.20785    0.26737  28.6%   310 5124s
 1474494 1403919    0.25712   36   53    0.20785    0.26732  28.6%   310 5135s
 1477615 1407110    0.23461   35   69    0.20785    0.26727  28.6%   309 5147s
 1480978 1410308    0.25346   39   63    0.20785    0.26722  28.6%   309 5158s
 1484364 1413421     cutoff   36         0.20785    0.26717  28.5%   309 5170s
 1487644 1416564    0.25687   33   58    0.20785    0.26712  28.5%   309 5181s
 1490996 1419713    0.26697   35   68    0.20785    0.26706  28.5%   309 5193s
 1494386 1422637    0.24213   37   70    0.20785    0.26701  28.5%   309 5203s
 1497522 1426066    0.25836   37   71    0.20785    0.26697  28.4%   309 5215s
 1501166 1429241    0.25934   40   62    0.20785    0.26691  28.4%   309 5225s
 1504532 1432405    0.25288   36   68    0.20785    0.26686  28.4%   309 5235s
 1507912 1435473    0.25291   37   65    0.20785    0.26681  28.4%   309 5245s
 1511130 1438711    0.25401   36   63    0.20785    0.26676  28.3%   309 5253s
 1514516 1441890    0.25710   40   65    0.20785    0.26672  28.3%   309 5263s
 1517905 1444949    0.25147   35   64    0.20785    0.26666  28.3%   309 5274s
 1521195 1448023    0.25703   34   60    0.20785    0.26662  28.3%   309 5285s
 1524463 1450995    0.24925   35   69    0.20785    0.26657  28.2%   308 5296s
 1527604 1454511    0.25843   36   70    0.20785    0.26652  28.2%   308 5309s
 1531323 1457455    0.25349   35   68    0.20785    0.26647  28.2%   308 5320s
 1534398 1460623    0.25177   35   72    0.20785    0.26642  28.2%   308 5332s
 1537790 1463856    0.25329   40   58    0.20785    0.26637  28.2%   308 5342s
 1541198 1466968    0.23323   36   68    0.20785    0.26632  28.1%   308 5350s
 1544478 1470091 infeasible   36         0.20785    0.26628  28.1%   308 5362s
 1547804 1473274    0.25258   34   73    0.20785    0.26623  28.1%   308 5373s
 1551199 1476363    0.26389   37   58    0.20785    0.26618  28.1%   308 5385s
 1554448 1479493    0.25099   39   62    0.20785    0.26613  28.0%   308 5396s
 1557753 1482911    0.25553   37   71    0.20785    0.26609  28.0%   308 5408s
 1561382 1486070    0.24980   39   67    0.20785    0.26603  28.0%   308 5420s
 1564730 1488706    0.26409   31   74    0.20785    0.26599  28.0%   308 5431s
 1567552 1491994    0.26589   31   74    0.20785    0.26594  27.9%   308 5443s
 1571030 1495170    0.24508   42   64    0.20785    0.26589  27.9%   308 5455s
 1574432 1498403    0.26442   36   58    0.20785    0.26584  27.9%   308 5466s
 1577834 1501577    0.25948   36   66    0.20785    0.26579  27.9%   308 5478s
 1581228 1504698    0.25584   38   67    0.20785    0.26575  27.9%   307 5489s
 1584558 1507890    0.26570   33   71    0.20785    0.26570  27.8%   307 5501s
 1587956 1511288    0.25766   37   66    0.20785    0.26566  27.8%   307 5513s
 1591566 1514535    0.25340   35   70    0.20785    0.26560  27.8%   307 5525s
 1594998 1517642    0.25943   41   64    0.20785    0.26556  27.8%   307 5536s
 1598281 1520844    0.25371   39   59    0.20785    0.26551  27.7%   307 5546s
 1601690 1523876    0.25921   33   68    0.20785    0.26547  27.7%   307 5553s
 1604923 1526932    0.25225   34   67    0.20785    0.26542  27.7%   307 5565s
 1608191 1529892    0.25274   35   67    0.20785    0.26537  27.7%   307 5574s
 1611337 1532998    0.25363   36   66    0.20785    0.26533  27.7%   307 5585s
 1614641 1536145    0.26455   36   69    0.20785    0.26528  27.6%   307 5595s
 1617974 1539519    0.25612   40   67    0.20785    0.26524  27.6%   307 5607s
 1621557 1542685    0.24991   35   74    0.20785    0.26519  27.6%   307 5618s
 1624912 1545857    0.25145   38   63    0.20785    0.26514  27.6%   307 5627s
 1628288 1548992    0.26282   38   63    0.20785    0.26509  27.5%   307 5635s
 1631603 1552065    0.25620   41   66    0.20785    0.26505  27.5%   307 5643s
 1634889 1555265    0.26435   37   64    0.20785    0.26500  27.5%   306 5654s
 1638279 1558419    0.24968   41   65    0.20785    0.26496  27.5%   306 5665s
 1641643 1561592    0.25285   35   69    0.20785    0.26491  27.5%   306 5674s
 1645002 1564489    0.25497   33   66    0.20785    0.26487  27.4%   306 5682s
 1648120 1567905    0.26010   35   68    0.20785    0.26482  27.4%   306 5694s
 1651734 1571094    0.25330   40   62    0.20785    0.26477  27.4%   306 5704s
 1655128 1574242    0.25027   34   62    0.20785    0.26473  27.4%   306 5712s
 1658471 1577366    0.26215   38   68    0.20785    0.26468  27.3%   306 5720s
 1661779 1580443    0.26331   33   65    0.20785    0.26465  27.3%   306 5728s
 1665040 1583049    0.25885   33   70    0.20785    0.26459  27.3%   306 5739s
 1667837 1586298    0.25101   40   65    0.20785    0.26455  27.3%   306 5749s
 1671274 1589357    0.25500   35   62    0.20785    0.26451  27.3%   306 5758s
 1674559 1592561    0.25714   38   62    0.20785    0.26446  27.2%   306 5767s
 1677990 1595937    0.25237   37   66    0.20785    0.26442  27.2%   306 5777s
 1681541 1599174    0.26409   39   54    0.20785    0.26437  27.2%   306 5790s
 1684979 1602335    0.25049   38   64    0.20785    0.26433  27.2%   306 5799s
 1688315 1605288    0.26270   38   68    0.20785    0.26428  27.1%   306 5808s
 1691495 1608487    0.25803   35   69    0.20785    0.26424  27.1%   305 5817s
 1694880 1611541    0.26356   33   71    0.20785    0.26419  27.1%   305 5829s
 1698165 1612846    0.25545   34   59    0.20785    0.26416  27.1%   305 5839s
H1698433 1612844                       0.2078588    0.26415  27.1%   305 5841s
 1699548 1615939    0.25600   34   71    0.20786    0.26415  27.1%   305 5854s
 1702846 1619374    0.26410   39   62    0.20786    0.26410  27.1%   305 5866s
 1706480 1622793    0.25207   36   64    0.20786    0.26405  27.0%   305 5879s
 1710126 1626256    0.25803   38   55    0.20786    0.26400  27.0%   305 5892s
 1713815 1629252    0.25935   39   66    0.20786    0.26395  27.0%   305 5903s
 1716998 1632410    0.25874   37   63    0.20786    0.26391  27.0%   305 5915s
 1720369 1635393    0.25097   36   64    0.20786    0.26387  26.9%   305 5926s
 1723563 1638583    0.24662   36   63    0.20786    0.26383  26.9%   305 5937s
 1726980 1641778    0.25523   34   73    0.20786    0.26378  26.9%   305 5949s
 1730346 1644862    0.22972   35   71    0.20786    0.26374  26.9%   305 5960s
 1733658 1647962    0.25482   35   56    0.20786    0.26370  26.9%   305 5972s
 1736940 1651086    0.25531   40   64    0.20786    0.26366  26.8%   305 5981s
 1740298 1654451    0.26285   39   55    0.20786    0.26362  26.8%   305 5990s
 1743924 1657657    0.24894   35   68    0.20786    0.26357  26.8%   305 5998s
 1747334 1660723     cutoff   40         0.20786    0.26353  26.8%   305 6010s
 1750600 1663786    0.25426   32   65    0.20786    0.26349  26.8%   304 6021s
 1753855 1666932    0.25010   35   67    0.20786    0.26345  26.7%   304 6032s
 1757191 1669942    0.24581   37   64    0.20786    0.26341  26.7%   304 6044s
 1760396 1673005    0.25396   43   66    0.20786    0.26337  26.7%   304 6055s
 1763684 1676029    0.25208   36   67    0.20786    0.26332  26.7%   304 6067s
 1766896 1678892    0.25730   40   67    0.20786    0.26329  26.7%   304 6078s
 1769938 1682309    0.25128   32   74    0.20786    0.26324  26.6%   304 6090s
 1773573 1685295    0.24987   40   67    0.20786    0.26320  26.6%   304 6102s
 1776718 1688506    0.25514   36   63    0.20786    0.26316  26.6%   304 6113s
 1780134 1691568    0.26262   41   58    0.20786    0.26312  26.6%   304 6125s
 1783397 1694739    0.26194   37   69    0.20786    0.26308  26.6%   304 6137s
 1786768 1697900    0.25289   39   65    0.20786    0.26304  26.5%   304 6147s
 1790139 1701083    0.26009   38   68    0.20786    0.26300  26.5%   304 6157s
 1793490 1704043    0.24471   34   68    0.20786    0.26295  26.5%   304 6166s
 1796652 1707257    0.26036   38   66    0.20786    0.26291  26.5%   304 6177s
 1800080 1710699    0.26184   41   57    0.20786    0.26287  26.5%   304 6189s
 1802559 1710699    0.24224   38   67    0.20786    0.26287  26.5%   304 6190s
 1803707 1713786    0.25101   42   61    0.20786    0.26283  26.4%   304 6201s
 1806982 1716903    0.25681   40   64    0.20786    0.26279  26.4%   304 6213s
 1810320 1720070    0.25325   36   58    0.20786    0.26275  26.4%   304 6224s
 1812002 1720070    0.24767   34   67    0.20786    0.26275  26.4%   304 6225s
H1813665 1720101                       0.2078588    0.26271  26.4%   304 6240s
 1813698 1723320    0.26179   37   64    0.20786    0.26271  26.4%   304 6251s
 1817075 1725948    0.25045   36   67    0.20786    0.26267  26.4%   303 6264s
 1819896 1728643    0.25329   38   67    0.20786    0.26264  26.4%   303 6273s
 1822782 1731993    0.25050   35   63    0.20786    0.26260  26.3%   303 6282s
 1826350 1735332    0.25109   39   62    0.20786    0.26256  26.3%   303 6292s
 1829866 1738707    0.25188   40   62    0.20786    0.26251  26.3%   303 6304s
 1833461 1741726    0.26095   39   66    0.20786    0.26247  26.3%   303 6316s
 1836706 1745009    0.26150   34   71    0.20786    0.26243  26.3%   303 6328s
 1840198 1748164    0.23959   34   71    0.20786    0.26239  26.2%   303 6339s
 1843541 1751298    0.25677   39   65    0.20786    0.26236  26.2%   303 6351s
 1846861 1754417    0.24693   39   56    0.20786    0.26232  26.2%   303 6362s
 1850206 1757584    0.25570   35   68    0.20786    0.26228  26.2%   303 6374s
 1853581 1760668    0.25446   36   72    0.20786    0.26224  26.2%   303 6386s
 1856848 1763782    0.25669   35   65    0.20786    0.26220  26.1%   303 6397s
 1860154 1767111    0.25017   42   59    0.20786    0.26216  26.1%   303 6410s
 1863730 1770373    0.25332   41   63    0.20786    0.26212  26.1%   303 6422s
 1867186 1773606    0.25563   35   72    0.20786    0.26208  26.1%   303 6431s
 1870608 1776642    0.25196   39   63    0.20786    0.26204  26.1%   303 6442s
 1873829 1779700    0.25567   35   60    0.20786    0.26200  26.0%   303 6453s
 1877107 1782771    0.25851   42   61    0.20786    0.26196  26.0%   303 6465s
 1880391 1785926    0.25521   32   69    0.20786    0.26192  26.0%   302 6476s
 1883757 1788878    0.24612   38   68    0.20786    0.26189  26.0%   302 6487s
 1886906 1792002    0.26182   38   63    0.20786    0.26185  26.0%   302 6497s
 1890255 1795285    0.25827   37   66    0.20786    0.26181  26.0%   302 6506s
 1893791 1798454    0.25728   39   67    0.20786    0.26177  25.9%   302 6514s
 1897170 1801584    0.25243   38   70    0.20786    0.26173  25.9%   302 6523s
 1900506 1804632    0.24242   33   68    0.20786    0.26169  25.9%   302 6535s
 1903767 1807707    0.26096   39   68    0.20786    0.26165  25.9%   302 6547s
 1907064 1810878    0.22651   37   67    0.20786    0.26162  25.9%   302 6559s
 1910470 1813959    0.26031   38   68    0.20786    0.26158  25.8%   302 6571s
 1913736 1817015    0.25406   36   66    0.20786    0.26154  25.8%   302 6582s
 1916977 1820087    0.25159   37   71    0.20786    0.26151  25.8%   302 6594s
 1920326 1823476    0.24732   35   62    0.20786    0.26147  25.8%   302 6607s
 1923920 1826085    0.25570   34   67    0.20786    0.26142  25.8%   302 6618s
 1926734 1829362    0.25954   38   70    0.20786    0.26139  25.8%   302 6631s
 1930281 1830752    0.24630   35   69    0.20786    0.26135  25.7%   302 6643s
 1931775 1834084    0.25772   35   69    0.20786    0.26134  25.7%   302 6657s
 1935323 1837571    0.24961   40   55    0.20786    0.26134  25.7%   302 6670s
 1939040 1841085    0.24479   34   66    0.20786    0.26128  25.7%   302 6683s
 1942797 1844354    0.24666   34   66    0.20786    0.26121  25.7%   302 6693s
 1946265 1847609    0.25761   34   59    0.20786    0.26117  25.6%   302 6702s
 1949750 1851055    0.24151   33   70    0.20786    0.26113  25.6%   301 6711s
 1953442 1854116    0.24959   37   60    0.20786    0.26109  25.6%   301 6722s
 1956727 1857122    0.25998   39   51    0.20786    0.26105  25.6%   301 6733s
 1959943 1860163    0.22989   35   67    0.20786    0.26102  25.6%   301 6745s
 1963194 1863329    0.24376   38   66    0.20786    0.26098  25.6%   301 6755s
 1966540 1866490    0.24527   35   63    0.20786    0.26095  25.5%   301 6767s
 1969922 1869437    0.26086   35   59    0.20786    0.26091  25.5%   301 6777s
 1973061 1872485     cutoff   41         0.20786    0.26087  25.5%   301 6789s
 1976330 1875642    0.26076   33   76    0.20786    0.26084  25.5%   301 6798s
 1979679 1878960    0.24009   37   71    0.20786    0.26080  25.5%   301 6811s
 1983259 1882108    0.25595   35   57    0.20786    0.26077  25.5%   301 6823s
 1986616 1885190    0.25953   38   62    0.20786    0.26073  25.4%   301 6833s
 1989899 1885221    0.24488   31   71    0.20786    0.26070  25.4%   301 6846s
 1989932 1885253    0.25605   38   65    0.20786    0.26069  25.4%   301 6863s
 1989964 1885295    0.24046   39   68    0.20786    0.26069  25.4%   301 6874s
 1990007 1885426    0.25155   42   58    0.20786    0.26069  25.4%   301 6885s
 1990138 1885529    0.25570   37   70    0.20786    0.26069  25.4%   301 6902s
 1990245 1885668    0.25708   37   62    0.20786    0.26068  25.4%   301 6917s
 1990392 1885935    0.25133   40   62    0.20786    0.26068  25.4%   301 6933s
 1990683 1886354    0.25236   35   69    0.20786    0.26068  25.4%   301 6946s
 1991134 1887488    0.25454   37   65    0.20786    0.26068  25.4%   301 6961s
 1992354 1889355    0.25690   37   69    0.20786    0.26068  25.4%   301 6975s
 1994348 1892656    0.25559   38   68    0.20786    0.26068  25.4%   301 6992s
 1997898 1896740 infeasible   34         0.20786    0.26068  25.4%   301 7010s
 2002206 1901119    0.24271   33   68    0.20786    0.26066  25.4%   301 7028s
 2006906 1904778    0.25897   39   67    0.20786    0.26059  25.4%   301 7043s
 2010848 1908033    0.25104   42   63    0.20786    0.26053  25.3%   301 7056s
 2014347 1911312    0.25331   36   72    0.20786    0.26043  25.3%   301 7069s
 2017851 1914437    0.24305   37   64    0.20786    0.26038  25.3%   301 7081s
 2021179 1917499    0.24925   35   64    0.20786    0.26035  25.3%   300 7093s
 2024491 1920697    0.25185   39   57    0.20786    0.26031  25.2%   300 7104s
 2027889 1923659    0.24459   37   67    0.20786    0.26028  25.2%   300 7115s
 2031048 1926675    0.25316   35   66    0.20786    0.26024  25.2%   300 7125s
 2034297 1929895    0.25206   37   66    0.20786    0.26021  25.2%   300 7137s
 2037730 1933058    0.25810   40   59    0.20786    0.26017  25.2%   300 7147s
 2041128 1936375    0.25115   36   51    0.20786    0.26014  25.2%   300 7160s
 2044687 1939477    0.25464   42   64    0.20786    0.26010  25.1%   300 7168s
 2048033 1942548    0.24321   38   62    0.20786    0.26006  25.1%   300 7178s
 2051320 1945741    0.25439   39   69    0.20786    0.26003  25.1%   300 7190s
 2054761 1948633    0.24882   39   54    0.20786    0.25999  25.1%   300 7201s
 2057873 1951818    0.23515   39   57    0.20786    0.25996  25.1%   300 7212s
 2061253 1954943    0.24348   41   62    0.20786    0.25992  25.0%   300 7224s
 2064621 1958110    0.25441   37   52    0.20786    0.25989  25.0%   300 7236s
 2068027 1960857    0.24882   39   61    0.20786    0.25985  25.0%   300 7247s
 2071022 1964180    0.25186   38   66    0.20786    0.25982  25.0%   300 7260s
 2074591 1967413     cutoff   34         0.20786    0.25978  25.0%   300 7271s
 2078062 1970370    0.24841   36   67    0.20786    0.25975  25.0%   300 7282s
 2081225 1973526    0.24842   34   67    0.20786    0.25971  24.9%   300 7293s
 2084642 1976502    0.23804   36   71    0.20786    0.25968  24.9%   300 7304s
 2087806 1979737    0.25955   34   68    0.20786    0.25965  24.9%   300 7315s
 2091273 1982941    0.24326   37   67    0.20786    0.25962  24.9%   300 7327s
 2094711 1986070    0.24924   41   59    0.20786    0.25958  24.9%   300 7339s
 2098056 1989208    0.24916   40   64    0.20786    0.25954  24.9%   299 7350s
 2101403 1992605    0.24516   34   74    0.20786    0.25951  24.8%   299 7362s
 2105030 1995668    0.24846   40   50    0.20786    0.25947  24.8%   299 7374s
 2108297 1998710    0.25116   37   62    0.20786    0.25944  24.8%   299 7385s
 2111578 2001760    0.24168   33   71    0.20786    0.25940  24.8%   299 7397s
 2114833 2004983    0.25321   37   59    0.20786    0.25937  24.8%   299 7408s
 2118270 2008035    0.24980   36   65    0.20786    0.25934  24.8%   299 7420s
 2121574 2010912    0.24242   38   60    0.20786    0.25930  24.7%   299 7432s
 2124696 2014109    0.24968   37   60    0.20786    0.25927  24.7%   299 7443s
 2128136 2017403    0.25383   39   53    0.20786    0.25923  24.7%   299 7455s
 2131624 2020798    0.25329   35   62    0.20786    0.25920  24.7%   299 7466s
 2135251 2023864    0.25122   39   50    0.20786    0.25916  24.7%   299 7473s
 2138533 2026864    0.24646   39   67    0.20786    0.25913  24.7%   299 7483s
 2141769 2030045    0.25050   39   63    0.20786    0.25909  24.6%   299 7493s
 2145175 2033162    0.24955   35   71    0.20786    0.25906  24.6%   299 7505s
 2148491 2036163    0.25049   37   54    0.20786    0.25903  24.6%   299 7516s
 2151706 2039359    0.24834   36   66    0.20786    0.25899  24.6%   299 7527s
 2155141 2042467    0.24932   40   65    0.20786    0.25896  24.6%   299 7539s
 2158491 2044451    0.25140   38   60    0.20786    0.25893  24.6%   299 7552s
 2160602 2046864    0.25349   38   71    0.20786    0.25892  24.6%   299 7565s
 2163194 2049793    0.25312   41   59    0.20786    0.25892  24.6%   299 7581s
 2166344 2052366    0.24896   35   65    0.20786    0.25891  24.6%   299 7596s
 2169149 2055755    0.25878   31   73    0.20786    0.25889  24.6%   299 7609s
 2172778 2059191    0.25594   41   60    0.20786    0.25887  24.5%   299 7625s
 2176448 2062894    0.23897   39   63    0.20786    0.25884  24.5%   299 7641s
 2180412 2066701    0.24875   40   63    0.20786    0.25880  24.5%   298 7657s
 2184540 2070472    0.25104   32   75    0.20786    0.25873  24.5%   298 7671s
 2188614 2074094    0.25860   36   61    0.20786    0.25863  24.4%   298 7685s
 2192487 2077474    0.25142   41   51    0.20786    0.25859  24.4%   298 7698s
 2196113 2080739    0.25704   37   67    0.20786    0.25855  24.4%   298 7710s
 2199596 2083836    0.24670   35   61    0.20786    0.25852  24.4%   298 7721s
 2202917 2086869    0.24873   39   66    0.20786    0.25849  24.4%   298 7733s
 2206171 2089948    0.24939   43   61    0.20786    0.25846  24.3%   298 7743s
 2209467 2092913    0.25672   39   63    0.20786    0.25843  24.3%   298 7752s
 2212653 2095964    0.24224   37   69    0.20786    0.25840  24.3%   298 7763s
 2215921 2098985 infeasible   39         0.20786    0.25836  24.3%   298 7773s
 2219187 2102119    0.24385   36   70    0.20786    0.25833  24.3%   298 7783s
 2222577 2105556    0.25181   34   62    0.20786    0.25830  24.3%   298 7795s
 2226240 2108443    0.25825   39   53    0.20786    0.25826  24.2%   298 7802s
 2229321 2111666    0.25344   40   66    0.20786    0.25823  24.2%   298 7812s
 2232783 2114796    0.25011   37   62    0.20786    0.25820  24.2%   298 7823s
 2236180 2117813    0.24404   33   76    0.20786    0.25816  24.2%   298 7835s
 2239437 2120792    0.24769   37   64    0.20786    0.25813  24.2%   298 7847s
 2242625 2123996    0.25442   41   60    0.20786    0.25810  24.2%   298 7858s
 2246105 2127141    0.24283   34   69    0.20786    0.25807  24.2%   298 7870s
 2249478 2130204    0.24805   38   55    0.20786    0.25804  24.1%   298 7881s
 2252760 2133684    0.25057   35   72    0.20786    0.25801  24.1%   298 7894s
 2256507 2136698    0.24376   32   72    0.20786    0.25797  24.1%   298 7906s
 2259735 2139770    0.25434   38   52    0.20786    0.25794  24.1%   298 7917s
 2263017 2142763 infeasible   36         0.20786    0.25791  24.1%   297 7928s
 2266246 2145848    0.25190   37   67    0.20786    0.25788  24.1%   297 7940s
 2269529 2148763    0.24823   36   68    0.20786    0.25785  24.0%   297 7951s
 2272679 2152005    0.24156   37   61    0.20786    0.25782  24.0%   297 7962s
 2276166 2155072    0.24310   39   67    0.20786    0.25778  24.0%   297 7971s
 2279441 2158171    0.25366   38   73    0.20786    0.25775  24.0%   297 7982s
 2282763 2161618    0.25188   36   67    0.20786    0.25772  24.0%   297 7994s
 2286465 2164551    0.24877   34   58    0.20786    0.25769  24.0%   297 8006s
 2289607 2167702    0.24483   38   67    0.20786    0.25766  24.0%   297 8017s
 2292992 2170720    0.25701   38   50    0.20786    0.25763  23.9%   297 8028s
 2296260 2173782    0.24287   33   70    0.20786    0.25759  23.9%   297 8039s
 2299573 2176735    0.25164   39   63    0.20786    0.25756  23.9%   297 8051s
 2302742 2179960    0.25727   37   67    0.20786    0.25753  23.9%   297 8063s
 2306223 2183026    0.25295   40   64    0.20786    0.25750  23.9%   297 8074s
 2309556 2185947    0.25727   34   72    0.20786    0.25747  23.9%   297 8086s
 2312691 2189423    0.25475   40   53    0.20786    0.25744  23.9%   297 8099s
 2316456 2192358    0.24411   38   62    0.20786    0.25741  23.8%   297 8110s
 2319614 2195271    0.25122   40   67    0.20786    0.25738  23.8%   297 8122s
 2322697 2198469    0.24532   39   64    0.20786    0.25735  23.8%   297 8133s
 2326141 2201564    0.24392   36   66    0.20786    0.25732  23.8%   297 8144s
 2329505 2204256    0.25186   39   67    0.20786    0.25729  23.8%   297 8155s
 2332445 2207412    0.24438   36   51    0.20786    0.25726  23.8%   297 8167s
 2335854 2210504    0.24714   41   61    0.20786    0.25723  23.8%   297 8179s
 2339184 2213598    0.24300   37   64    0.20786    0.25720  23.7%   297 8191s
 2342506 2217055    0.24316   38   65    0.20786    0.25718  23.7%   297 8203s
 2346220 2220123    0.24406   36   68    0.20786    0.25714  23.7%   297 8215s
 2349545 2223063    0.24388   33   65    0.20786    0.25711  23.7%   296 8226s
 2352783 2226109    0.25644   39   52    0.20786    0.25708  23.7%   296 8237s
 2356060 2229131    0.24379   38   67    0.20786    0.25705  23.7%   296 8248s
 2359308 2232209    0.24616   34   63    0.20786    0.25702  23.7%   296 8256s
 2362639 2235102    0.24471   39   66    0.20786    0.25699  23.6%   296 8266s
 2365755 2238138    0.24889   39   68    0.20786    0.25696  23.6%   296 8275s
 2369078 2241237    0.24414   39   58    0.20786    0.25693  23.6%   296 8284s
 2372415 2244563    0.24886   38   63    0.20786    0.25690  23.6%   296 8297s
 2376029 2247597    0.25429   40   64    0.20786    0.25687  23.6%   296 8309s
 2379311 2250634    0.23983   37   74    0.20786    0.25684  23.6%   296 8321s
 2382561 2253683    0.24458   42   65    0.20786    0.25682  23.6%   296 8332s
 2385835 2256821    0.23632   39   63    0.20786    0.25678  23.5%   296 8343s
 2389184 2259841    0.24679   39   58    0.20786    0.25676  23.5%   296 8355s
 2392416 2262982    0.24985   38   63    0.20786    0.25673  23.5%   296 8367s
 2395785 2266044    0.24874   35   58    0.20786    0.25670  23.5%   296 8379s
 2399062 2269164    0.25499   36   67    0.20786    0.25667  23.5%   296 8390s
 2402396 2272539    0.24647   37   68    0.20786    0.25664  23.5%   296 8403s
 2406024 2275192    0.25311   36   67    0.20786    0.25661  23.5%   296 8414s
 2408912 2278491    0.24728   35   67    0.20786    0.25658  23.4%   296 8427s
 2412461 2281745    0.25247   38   58    0.20786    0.25655  23.4%   296 8435s
 2416006 2284928    0.25051   34   48    0.20786    0.25652  23.4%   296 8444s
 2419440 2287956    0.25205   40   62    0.20786    0.25649  23.4%   296 8456s
 2422715 2291074    0.25643   35   63    0.20786    0.25646  23.4%   296 8468s
 2426040 2294213    0.24621   35   69    0.20786    0.25643  23.4%   296 8479s
 2429404 2297341    0.25498   37   61    0.20786    0.25640  23.4%   296 8491s
 2432772 2300628    0.23607   38   73    0.20786    0.25637  23.3%   296 8504s
 2436326 2303793    0.24661   36   66    0.20786    0.25634  23.3%   296 8516s
 2439739 2306811     cutoff   37         0.20786    0.25631  23.3%   295 8525s
 2443005 2309853    0.25357   38   71    0.20786    0.25628  23.3%   295 8534s
 2446276 2312993    0.24918   36   70    0.20786    0.25625  23.3%   295 8544s
 2449650 2316098    0.24314   39   69    0.20786    0.25622  23.3%   295 8556s
 2453020 2319164    0.24314   41   62    0.20786    0.25619  23.3%   295 8567s
 2456368 2322173    0.24489   41   65    0.20786    0.25616  23.2%   295 8579s
 2459657 2325283    0.24145   34   66    0.20786    0.25613  23.2%   295 8590s
 2462978 2328603    0.25100   35   69    0.20786    0.25611  23.2%   295 8601s
 2466579 2331591    0.24875   36   66    0.20786    0.25608  23.2%   295 8611s
 2469813 2334636    0.25022   37   67    0.20786    0.25605  23.2%   295 8622s
 2473108 2337721    0.24424   40   63    0.20786    0.25602  23.2%   295 8633s
 2476440 2340833    0.23766   43   58    0.20786    0.25599  23.2%   295 8644s
 2479803 2343917    0.24048   38   51    0.20786    0.25596  23.1%   295 8656s
 2483143 2346938    0.24632   40   59    0.20786    0.25593  23.1%   295 8668s
 2486412 2350047    0.24994   38   66    0.20786    0.25590  23.1%   295 8681s
 2489767 2353109    0.24248   39   62    0.20786    0.25587  23.1%   295 8693s
 2493097 2356403    0.24763   37   67    0.20786    0.25585  23.1%   295 8707s
 2496659 2359498    0.25329   31   66    0.20786    0.25582  23.1%   295 8719s
 2500010 2362609    0.24637   43   59    0.20786    0.25579  23.1%   295 8731s
 2503373 2365642    0.25576   37   55    0.20786    0.25576  23.0%   295 8742s
 2506625 2368723    0.24644   41   64    0.20786    0.25573  23.0%   295 8754s
 2509985 2371836    0.24174   32   70    0.20786    0.25570  23.0%   295 8766s
 2513295 2375082    0.25361   38   60    0.20786    0.25568  23.0%   295 8778s
 2516804 2378052    0.23810   36   66    0.20786    0.25565  23.0%   295 8789s
 2520067 2380915    0.24741   38   65    0.20786    0.25562  23.0%   295 8801s
 2523166 2384255    0.24633   36   66    0.20786    0.25559  23.0%   295 8814s
 2526744 2387344    0.24045   38   68    0.20786    0.25556  22.9%   295 8826s
 2530054 2390400    0.24842   38   67    0.20786    0.25554  22.9%   295 8838s
 2533356 2393389    0.24199   40   65    0.20786    0.25551  22.9%   294 8850s
 2536593 2396438    0.25516   35   70    0.20786    0.25548  22.9%   294 8862s
 2539912 2399639    0.24359   36   71    0.20786    0.25545  22.9%   294 8874s
 2543347 2402630    0.24188   38   62    0.20786    0.25543  22.9%   294 8885s
 2546560 2405769    0.24175   42   62    0.20786    0.25540  22.9%   294 8897s
 2549983 2408846    0.25305   39   56    0.20786    0.25537  22.9%   294 8909s
 2553326 2412145    0.25351   37   59    0.20786    0.25534  22.8%   294 8921s
 2556907 2415312     cutoff   36         0.20786    0.25532  22.8%   294 8932s
 2560344 2418316    0.24246   35   65    0.20786    0.25529  22.8%   294 8944s
 2563654 2421363    0.23920   36   62    0.20786    0.25526  22.8%   294 8955s
 2566972 2424425    0.25090   36   66    0.20786    0.25523  22.8%   294 8965s
 2570257 2427366    0.24200   38   69    0.20786    0.25520  22.8%   294 8976s
 2573426 2430573    0.24814   37   67    0.20786    0.25518  22.8%   294 8984s
 2576887 2433453    0.24089   38   68    0.20786    0.25515  22.8%   294 8993s
 2580014 2436441    0.24552   40   64    0.20786    0.25513  22.7%   294 9005s
 2583277 2439819    0.24284   36   64    0.20786    0.25510  22.7%   294 9018s
 2586916 2442750    0.24236   37   65    0.20786    0.25507  22.7%   294 9028s
 2590108 2445675    0.24373   38   63    0.20786    0.25504  22.7%   294 9039s
 2593289 2448677    0.25021   40   60    0.20786    0.25501  22.7%   294 9048s
 2596546 2451908    0.23782   34   56    0.20786    0.25499  22.7%   294 9060s
 2600011 2455045    0.25419   40   63    0.20786    0.25496  22.7%   294 9070s
 2603398 2457832    0.24451   42   59    0.20786    0.25493  22.6%   294 9079s
 2606424 2461004    0.24642   37   59    0.20786    0.25491  22.6%   294 9086s
 2609839 2464104    0.24979   39   55    0.20786    0.25488  22.6%   294 9094s
 2613225 2467501    0.24259   41   55    0.20786    0.25485  22.6%   294 9103s
 2616905 2470549    0.24380   39   65    0.20786    0.25482  22.6%   294 9114s
 2620163 2473517    0.24413   35   60    0.20786    0.25480  22.6%   294 9125s
 2623337 2476629    0.23723   38   62    0.20786    0.25477  22.6%   294 9136s
 2626720 2479699    0.25475   37   66    0.20786    0.25475  22.6%   294 9146s
 2630051 2482648    0.24960   38   70    0.20786    0.25472  22.5%   294 9157s
 2633206 2485819    0.25205   41   64    0.20786    0.25469  22.5%   293 9166s
 2636639 2488909    0.24200   37   63    0.20786    0.25466  22.5%   293 9179s
 2639964 2491820    0.24681   38   59    0.20786    0.25464  22.5%   293 9190s
 2643130 2495247    0.24255   35   68    0.20786    0.25461  22.5%   293 9202s
 2646796 2498226    0.24300   38   66    0.20786    0.25458  22.5%   293 9214s
 2650059 2501281    0.24252   34   68    0.20786    0.25456  22.5%   293 9225s
 2653348 2504286    0.24940   41   62    0.20786    0.25453  22.5%   293 9237s
 2656591 2507374    0.25446   34   62    0.20786    0.25451  22.4%   293 9248s
 2659946 2510342    0.24521   41   52    0.20786    0.25448  22.4%   293 9257s
 2663140 2513366    0.23780   42   61    0.20786    0.25445  22.4%   293 9269s
 2666474 2516448    0.24215   44   62    0.20786    0.25443  22.4%   293 9280s
 2669835 2519433    0.22997   38   71    0.20786    0.25440  22.4%   293 9292s
 2673085 2522791    0.24791   42   58    0.20786    0.25437  22.4%   293 9305s
 2676708 2525809    0.24612   41   67    0.20786    0.25434  22.4%   293 9316s
 2680004 2528880    0.23747   41   58    0.20786    0.25432  22.4%   293 9326s
 2683331 2531831    0.23930   41   64    0.20786    0.25429  22.3%   293 9338s
 2686525 2534506    0.24135   39   58    0.20786    0.25427  22.3%   293 9350s
 2689445 2537764    0.24545   36   69    0.20786    0.25425  22.3%   293 9362s
 2692959 2541008    0.24615   34   70    0.20786    0.25422  22.3%   293 9374s
 2696443 2544087    0.24890   38   67    0.20786    0.25419  22.3%   293 9386s
 2699803 2547052    0.23834   38   64    0.20786    0.25417  22.3%   293 9397s
 2703011 2550460    0.24237   40   64    0.20786    0.25414  22.3%   293 9411s
 2706690 2553446    0.24143   40   62    0.20786    0.25411  22.3%   293 9423s
 2709930 2556422    0.24482   35   67    0.20786    0.25409  22.2%   293 9434s
 2713157 2559452    0.24813   37   66    0.20786    0.25406  22.2%   293 9445s
 2716449 2562485    0.24467   39   55    0.20786    0.25404  22.2%   293 9457s
 2719753 2565503    0.25122   39   56    0.20786    0.25401  22.2%   293 9466s
 2722988 2568610    0.23814   41   62    0.20786    0.25398  22.2%   293 9475s
 2726375 2571614    0.24651   38   56    0.20786    0.25396  22.2%   293 9485s
 2729633 2574787    0.25364   35   64    0.20786    0.25393  22.2%   293 9496s
 2733104 2578127    0.24599   37   67    0.20786    0.25391  22.2%   293 9506s
 2736731 2581010    0.23438   33   69    0.20786    0.25388  22.1%   292 9517s
 2739852 2584218    0.25271   32   65    0.20786    0.25385  22.1%   292 9528s
 2743327 2587309    0.25121   38   56    0.20786    0.25383  22.1%   292 9540s
 2746682 2590210    0.24063   36   74    0.20786    0.25380  22.1%   292 9552s
 2749835 2593365    0.24418   38   67    0.20786    0.25378  22.1%   292 9564s
 2753228 2596414    0.25189   36   68    0.20786    0.25375  22.1%   292 9576s
 2756553 2599501    0.24996   39   61    0.20786    0.25373  22.1%   292 9587s
 2759908 2602612    0.23747   39   60    0.20786    0.25370  22.1%   292 9598s
 2763283 2606014    0.23721   38   69    0.20786    0.25368  22.0%   292 9611s
 2766953 2609017    0.24505   41   62    0.20786    0.25365  22.0%   292 9623s
 2770245 2611972    0.25171   34   65    0.20786    0.25362  22.0%   292 9634s
 2773446 2614706    0.24702   36   74    0.20786    0.25360  22.0%   292 9645s
 2776381 2617821    0.24281   41   64    0.20786    0.25358  22.0%   292 9657s
 2779744 2621041    0.25293   34   67    0.20786    0.25355  22.0%   292 9669s
 2783214 2624068    0.24436   40   64    0.20786    0.25353  22.0%   292 9681s
 2786510 2627065    0.24412   33   67    0.20786    0.25350  22.0%   292 9693s
 2789772 2630235    0.23851   40   66    0.20786    0.25347  21.9%   292 9705s
 2793233 2633586    0.24179   38   64    0.20786    0.25345  21.9%   292 9717s
 2796836 2636592    0.24066   39   65    0.20786    0.25342  21.9%   292 9729s
 2800127 2639657    0.24557   40   63    0.20786    0.25340  21.9%   292 9739s
 2803477 2642589    0.24712   41   53    0.20786    0.25337  21.9%   292 9748s
 2806671 2645747    0.24068   37   69    0.20786    0.25335  21.9%   292 9759s
 2810091 2648787    0.25332   39   69    0.20786    0.25332  21.9%   292 9771s
 2813416 2651793    0.24449   35   64    0.20786    0.25330  21.9%   292 9782s
 2816659 2654897    0.24481   37   66    0.20786    0.25328  21.8%   292 9793s
 2820002 2657960    0.23099   33   71    0.20786    0.25325  21.8%   292 9801s
 2823293 2661257    0.24983   42   61    0.20786    0.25323  21.8%   292 9815s
 2826906 2664323    0.23731   38   65    0.20786    0.25320  21.8%   292 9825s
 2830218 2667391    0.24258   38   56    0.20786    0.25318  21.8%   292 9837s
 2833537 2670464    0.24613   38   68    0.20786    0.25315  21.8%   292 9848s
 2836834 2673506    0.23983   40   61    0.20786    0.25313  21.8%   292 9860s
 2840155 2676514    0.24592   40   55    0.20786    0.25310  21.8%   291 9871s
 2843464 2679550     cutoff   39         0.20786    0.25308  21.8%   291 9879s
 2846810 2682649    0.23684   35   69    0.20786    0.25306  21.7%   291 9889s
 2850168 2685632    0.24819   37   52    0.20786    0.25303  21.7%   291 9900s
 2853437 2688975    0.24802   37   66    0.20786    0.25301  21.7%   291 9914s
 2857074 2691698    0.24027   39   63    0.20786    0.25298  21.7%   291 9926s
 2860073 2694851    0.24761   42   62    0.20786    0.25296  21.7%   291 9938s
 2863523 2697924    0.23779   42   66    0.20786    0.25293  21.7%   291 9950s
 2866890 2700995    0.24425   41   64    0.20786    0.25291  21.7%   291 9962s
 2870227 2703937    0.24132   39   60    0.20786    0.25288  21.7%   291 9973s
 2873446 2706996    0.24430   35   71    0.20786    0.25286  21.7%   291 9985s
 2876792 2710071    0.24749   40   59    0.20786    0.25284  21.6%   291 9996s
 2880116 2713141    0.25027   38   64    0.20786    0.25281  21.6%   291 10006s
 2883464 2716507    0.24707   42   55    0.20786    0.25279  21.6%   291 10016s
 2887085 2719512    0.23973   38   68    0.20786    0.25277  21.6%   291 10028s
 2890374 2722597    0.25207   41   55    0.20786    0.25274  21.6%   291 10040s
 2893711 2725510    0.24651   35   64    0.20786    0.25272  21.6%   291 10051s
 2896931 2728548    0.23851   30   73    0.20786    0.25269  21.6%   291 10064s
 2900246 2731475    0.25143   39   66    0.20786    0.25267  21.6%   291 10076s
 2903445 2734619    0.23673   36   70    0.20786    0.25265  21.5%   291 10089s
 2906822 2737741    0.24567   42   62    0.20786    0.25262  21.5%   291 10101s
 2910209 2740703    0.24962   38   68    0.20786    0.25260  21.5%   291 10113s
 2913409 2743989    0.25021   38   66    0.20786    0.25258  21.5%   291 10126s
 2916990 2747041    0.24430   37   55    0.20786    0.25255  21.5%   291 10138s
 2920260 2749809    0.24240   39   69    0.20786    0.25253  21.5%   291 10151s
 2923318 2753008    0.22816   38   60    0.20786    0.25251  21.5%   291 10163s
 2926781 2755949    0.25007   37   67    0.20786    0.25248  21.5%   291 10177s
 2929962 2759159    0.24729   34   59    0.20786    0.25246  21.5%   291 10190s
 2933443 2762347    0.23592   38   60    0.20786    0.25244  21.4%   291 10202s
 2936912 2765395    0.23851   41   65    0.20786    0.25241  21.4%   291 10214s
 2940233 2768437    0.25233   40   53    0.20786    0.25239  21.4%   291 10227s
 2943577 2771800    0.24525   36   72    0.20786    0.25236  21.4%   291 10240s
 2947260 2774815    0.24958   40   61    0.20786    0.25234  21.4%   291 10251s
 2950548 2777828    0.24111   44   59    0.20786    0.25231  21.4%   290 10260s
 2953793 2780803    0.22044   38   67    0.20786    0.25229  21.4%   290 10271s
 2957033 2783809    0.24174   36   66    0.20786    0.25227  21.4%   290 10283s
 2960328 2786862    0.24064   35   64    0.20786    0.25225  21.4%   290 10295s
 2963687 2789914    0.24347   39   70    0.20786    0.25222  21.3%   290 10306s
 2967011 2792797    0.24857   33   68    0.20786    0.25220  21.3%   290 10318s
 2970163 2795832    0.24276   38   54    0.20786    0.25218  21.3%   290 10329s
 2973478 2799149    0.23956   36   68    0.20786    0.25216  21.3%   290 10342s
 2977081 2802225 infeasible   37         0.20786    0.25213  21.3%   290 10354s
 2980412 2805215    0.25211   37   58    0.20786    0.25211  21.3%   290 10366s
 2983691 2808194    0.24765   42   60    0.20786    0.25209  21.3%   290 10377s
 2986953 2811009    0.25147   36   62    0.20786    0.25206  21.3%   290 10386s
 2990068 2814162    0.25172   32   60    0.20786    0.25204  21.3%   290 10393s
 2993465 2817318    0.24530   35   67    0.20786    0.25202  21.2%   290 10400s
 2996897 2820143    0.25196   40   58    0.20786    0.25199  21.2%   290 10409s
 2999965 2822862    0.24039   37   62    0.20786    0.25197  21.2%   290 10420s
 3003000 2826274    0.24523   35   70    0.20786    0.25195  21.2%   290 10433s
 3006686 2829319    0.24935   39   64    0.20786    0.25193  21.2%   290 10444s
 3009970 2832133    0.25035   35   68    0.20786    0.25191  21.2%   290 10452s
 3013046 2835321    0.24564   45   60    0.20786    0.25189  21.2%   290 10463s
 3016528 2838381    0.22346   39   67    0.20786    0.25186  21.2%   290 10473s
 3019863 2841287    0.24075   37   65    0.20786    0.25184  21.2%   290 10485s
 3023001 2844370    0.23580   35   69    0.20786    0.25182  21.1%   290 10496s
 3026331 2847442    0.25000   41   61    0.20786    0.25180  21.1%   290 10507s
 3029639 2850506    0.24129   37   68    0.20786    0.25177  21.1%   290 10518s
 3032933 2853794    0.24619   37   55    0.20786    0.25175  21.1%   290 10528s
 3036528 2856905    0.25007   40   58    0.20786    0.25173  21.1%   290 10537s
 3039917 2859924    0.24108   37   65    0.20786    0.25170  21.1%   290 10549s
 3043166 2862902    0.24598   37   62    0.20786    0.25168  21.1%   290 10560s
 3046464 2865951    0.24415   37   65    0.20786    0.25166  21.1%   290 10571s
 3049772 2868874    0.23977   38   58    0.20786    0.25164  21.1%   290 10582s
 3052942 2872050    0.24274   40   63    0.20786    0.25162  21.1%   290 10594s
 3056370 2875103    0.24378   34   65    0.20786    0.25159  21.0%   290 10605s
 3059723 2877996    0.24522   36   66    0.20786    0.25157  21.0%   290 10617s
 3062882 2881388    0.23836   35   69    0.20786    0.25155  21.0%   289 10629s
 3066554 2884344    0.25153   38   62    0.20786    0.25153  21.0%   289 10640s
 3069784 2887369    0.23863   37   64    0.20786    0.25150  21.0%   289 10651s
 3073098 2890233    0.25046   41   62    0.20786    0.25148  21.0%   289 10662s
 3076204 2893285    0.25132   37   64    0.20786    0.25146  21.0%   289 10672s
 3079565 2896353    0.24644   42   61    0.20786    0.25144  21.0%   289 10680s
 3082893 2899324    0.24281   40   60    0.20786    0.25142  21.0%   289 10689s
 3086161 2902300     cutoff   40         0.20786    0.25140  20.9%   289 10700s
 3089437 2905399    0.23949   38   49    0.20786    0.25137  20.9%   289 10710s
 3092800 2908667    0.23523   41   62    0.20786    0.25135  20.9%   289 10722s
 3096360 2911710    0.23613   41   60    0.20786    0.25133  20.9%   289 10733s
 3099695 2914593    0.23932   39   66    0.20786    0.25130  20.9%   289 10743s
 3102904 2917790    0.23976   42   63    0.20786    0.25128  20.9%   289 10754s
 3106393 2920892    0.24527   37   68    0.20786    0.25126  20.9%   289 10765s
 3109766 2923891     cutoff   36         0.20786    0.25124  20.9%   289 10773s
 3113065 2926935    0.24848   37   68    0.20786    0.25122  20.9%   289 10781s
 3116399 2930015    0.23829   38   63    0.20786    0.25119  20.8%   289 10792s
 3119793 2932420    0.24774   44   59    0.20786    0.25117  20.8%   289 10800s

Cutting planes:
  Gomory: 5
  Lift-and-project: 5
  Projected implied bound: 4
  MIR: 115
  Mixing: 1
  Flow cover: 454
  RLT: 603
  Relax-and-lift: 35

Explored 3122401 nodes (902211297 simplex iterations) in 10803.26 seconds (16331.98 work units)
Thread count was 32 (of 255 available processors)

Solution count 10: 0.207859 0.207859 0.207853 ... 0.207853

Time limit reached
Best objective 2.078587703297e-01, best bound 2.511558919357e-01, gap 20.8301%

User-callback calls 6703338, time in user-callback 2.75 sec
source: 0 target: 4 model_arch: 3x50 perturbation type: occ perturbation size: [0, 3.0, 3.0, 5.0] dataset: mnist
Attack:   0%|          | 0/500 [00:00<?, ?it/s]Attack:   0%|          | 1/500 [00:00<01:16,  6.53it/s]Attack:   5%|▌         | 26/500 [00:00<00:03, 124.04it/s]Attack:  11%|█         | 54/500 [00:00<00:02, 185.80it/s]Attack:  17%|█▋        | 83/500 [00:00<00:01, 223.24it/s]Attack:  22%|██▏       | 112/500 [00:00<00:01, 245.83it/s]Attack:  29%|██▉       | 145/500 [00:00<00:01, 272.79it/s]Attack:  36%|███▌      | 181/500 [00:00<00:01, 298.83it/s]Attack:  43%|████▎     | 216/500 [00:00<00:00, 312.79it/s]Attack:  50%|████▉     | 248/500 [00:00<00:00, 307.99it/s]Attack:  57%|█████▋    | 283/500 [00:01<00:00, 319.17it/s]Attack:  64%|██████▍   | 319/500 [00:01<00:00, 330.94it/s]Attack:  71%|███████   | 353/500 [00:01<00:00, 331.82it/s]Attack:  77%|███████▋  | 387/500 [00:01<00:00, 300.60it/s]Attack:  84%|████████▎ | 418/500 [00:01<00:00, 249.72it/s]Attack:  89%|████████▉ | 445/500 [00:01<00:00, 229.40it/s]Attack:  94%|█████████▍| 470/500 [00:01<00:00, 224.98it/s]Attack:  99%|█████████▉| 494/500 [00:01<00:00, 224.57it/s]Attack: 100%|█████████▉| 499/500 [00:01<00:00, 251.90it/s]
best_val 0.007714509963989258
Set parameter WLSAccessID
Set parameter WLSSecret
Set parameter LicenseID to value 2478548
Academic license 2478548 - for non-commercial use only - registered to ne___@campus.technion.ac.il
Encoding the two copies...
apply_sibgate_constraints!: emitted 11 coupling lines (both-thin), 0 conditional triangles on org (org-dropped), 0 conditional triangles on pert (pert-dropped).
Encoding dependencies (activation_start=1, layers_offset=2)...
apply_n1_var_hints!: mode=VH_PREV_PGD, Start-consensus on 148 of 148 N2 binaries (pgd-silent-filled=74, pgd-agreed-nop=62, pgd-disagreed-withdrew=12, flipped=5, no-N1-match=0, Tech2-eliminated-but-survived=0)
0.20785877032970518  0.2511558919356819  10803.31658411026
Clean sample classification: 1
Perturbed sample classification: 1

══ Advanced-standard: loading N1 state from /root/Downloads/for_dana/vaghar_org/paper_experiments/mnist/3x50_exp/occ/eps_3,3,5/n1_state_3x50_19 (c_tag=1, c_target=5) ══
load_n1_state: loaded from /root/Downloads/for_dana/vaghar_org/paper_experiments/mnist/3x50_exp/occ/eps_3,3,5/n1_state_3x50_19 (c_tag=1, c_target=5, 1910 vars, 170 neurons, 0 basis)

══ Advanced-standard PASS 2: solving N2 with N1 info (c_tag=1, c_target=5) ══
set_n1_neuron_bounds: loaded 170 neuron bounds from N1
compute_n2_pert_relaxation_bounds: populated 2 ReLU layers
compute_n2_relax_decision!: τ=0.5, both=13 org-only=0 pert-only=0 none=74 (plus 13 stable neurons)
[notice | Main.MIPVerify]: Determining upper and lower bounds for the input to each non-linear unit.
Set parameter WLSAccessID
Set parameter WLSSecret
Set parameter LicenseID to value 2478548
Academic license 2478548 - for non-commercial use only - registered to ne___@campus.technion.ac.il
Set parameter TimeLimit to value 5
Set parameter TimeLimit to value 5
Set parameter WLSAccessID
Set parameter WLSSecret
Set parameter LicenseID to value 2478548
Academic license 2478548 - for non-commercial use only - registered to ne___@campus.technion.ac.il
Set parameter MIPFocus to value 3
Set parameter Cutoff to value 7.7145099639892578e-03
Set parameter Threads to value 32
Set parameter TimeLimit to value 10800
Set parameter MIPGap to value 0.01
Set parameter Seed to value 4
Set parameter Seed to value 4
Set parameter MIPGap to value 0.01
Set parameter MIPFocus to value 3
Set parameter Cutoff to value 7.7145099639892578e-03
Set parameter Threads to value 32
Set parameter TimeLimit to value 10800
Warning for adding constraints: zero or small (< 1e-13) coefficients, ignored
Gurobi Optimizer version 13.0.0 build v13.0.0rc1 (linux64 - "Ubuntu 20.04.2 LTS")

CPU model: AMD EPYC 7713 64-Core Processor, instruction set [SSE2|AVX|AVX2]
Thread count: 127 physical cores, 255 logical processors, using up to 32 threads

Non-default parameters:
Cutoff  7.7145099639892578e-03
TimeLimit  10800
MIPGap  0.01
MIPFocus  3
Seed  4
Threads  32

Academic license 2478548 - for non-commercial use only - registered to ne___@campus.technion.ac.il
Optimize a model with 1643 rows, 1891 columns and 158223 nonzeros (Max)
Model fingerprint: 0x0273db91
Model has 1 linear objective coefficients
Variable types: 1743 continuous, 148 integer (148 binary)
Coefficient statistics:
  Matrix range     [1e-13, 3e+01]
  Objective range  [1e+00, 1e+00]
  Bounds range     [2e-09, 3e+01]
  RHS range        [4e-13, 3e+01]

User MIP start produced solution with objective 0.053137 (0.50s)
User MIP start produced solution with objective 0.0685703 (0.91s)
User MIP start produced solution with objective 0.0893426 (1.19s)
User MIP start produced solution with objective 0.108743 (1.19s)
User MIP start produced solution with objective 0.111956 (1.34s)
User MIP start produced solution with objective 0.115814 (1.41s)
User MIP start produced solution with objective 0.115814 (1.41s)
Loaded user MIP start with objective 0.115814
Processed MIP start in 1.41 seconds (2.07 work units)

Presolve removed 987 rows and 790 columns
Presolve time: 0.23s
Presolved: 656 rows, 1101 columns, 121148 nonzeros
Variable types: 953 continuous, 148 integer (148 binary)
Root relaxation presolve removed 11 rows and 10 columns
Root relaxation presolved: 645 rows, 1091 columns, 120033 nonzeros

Warning: Markowitz tolerance tightened to 0.03125

Root relaxation: objective 7.040237e-01, 1707 iterations, 0.35 seconds (0.36 work units)

    Nodes    |    Current Node    |     Objective Bounds      |     Work
 Expl Unexpl |  Obj  Depth IntInf | Incumbent    BestBd   Gap | It/Node Time

     0     0    0.70402    0   83    0.11581    0.70402   508%     -    2s
     0     0    0.70364    0   81    0.11581    0.70364   508%     -    3s
     0     0    0.70364    0   81    0.11581    0.70364   508%     -    3s
     0     0    0.70325    0   81    0.11581    0.70325   507%     -    3s
     0     0    0.69326    0   81    0.11581    0.69326   499%     -    3s
     0     0    0.69326    0   81    0.11581    0.69326   499%     -    4s
     0     0    0.67014    0   81    0.11581    0.67014   479%     -    4s
     0     0    0.64707    0   81    0.11581    0.64707   459%     -    5s
     0     0    0.64707    0   81    0.11581    0.64707   459%     -    6s
H    0     0                       0.1158303    0.64162   454%     -    6s
H    0     0                       0.1158309    0.64162   454%     -    6s
     0     0    0.64162    0   82    0.11583    0.64162   454%     -    6s
     0     0    0.63495    0   81    0.11583    0.63495   448%     -    7s
     0     0    0.63495    0   80    0.11583    0.63495   448%     -    7s
     0     0    0.62400    0   80    0.11583    0.62400   439%     -    8s
H    0     0                       0.1158339    0.62400   439%     -    9s
H    0     2                       0.1158341    0.62400   439%     -    9s
     0     2    0.62400    0   80    0.11583    0.62400   439%     -    9s
     1     4    0.62400    1   75    0.11583    0.62400   439%  1295   10s
   375   418    0.56637   11   70    0.11583    0.58694   407%   197   15s
   744   777    0.57236   12   71    0.11583    0.57707   398%   245   20s
  1259  1379    0.56493    9   76    0.11583    0.57056   393%   226   25s
H 1798  1865                       0.1158801    0.56891   391%   196   27s
H 3034  3035                       0.1158834    0.56661   389%   161   38s
  3035  3036    0.56335   15   80    0.11588    0.56661   389%   161   46s
  3039  3039    0.53105   22   83    0.11588    0.56661   389%   161   50s
H 3040  2886                       0.1158834    0.56661   389%   161   51s
H 3041  2743                       0.1158834    0.56661   389%   161   53s
  3043  2744    0.56471    7   86    0.11588    0.56661   389%   161   55s
H 3053  2621                       0.1158834    0.56661   389%   164   57s
H 3058  2488                       0.1158834    0.56661   389%   164   57s
H 3244  2502                       0.1158834    0.56661   389%   178   59s
  3259  2536    0.56661   24   78    0.11588    0.56661   389%   179   60s
H 3272  2414                       0.1158834    0.56661   389%   180   60s
H 3298  2349                       0.1158837    0.56661   389%   182   61s
H 3387  2272                       0.1251197    0.56661   353%   191   61s
H 3399  2167                       0.1253145    0.56661   352%   192   61s
  3627  2338    0.56661   24   79    0.12531    0.56661   352%   209   65s
  3723  2402    0.56661   25   74    0.12531    0.56661   352%   219   70s
H 3741  2300                       0.1253145    0.56661   352%   222   70s
H 3779  2230                       0.1253146    0.56661   352%   226   72s
H 3788  2140                       0.1253160    0.56661   352%   227   72s
H 3831  2146                       0.1253161    0.56661   352%   230   74s
  3891  2272    0.54362   24   73    0.12532    0.56661   352%   236   75s
  4942  2847    0.52693   24   75    0.12532    0.55799   345%   269   83s
  4974  2869    0.53836   24   78    0.12532    0.55752   345%   271   85s
  5070  2933    0.52851   27   75    0.12532    0.55200   340%   277   91s
H 5109  2874                       0.1253162    0.55052   339%   279   92s
  5170  2935    0.54126   28   78    0.12532    0.54855   338%   282   95s
H 5199  2849                       0.1556407    0.54783   252%   284   95s
H 5284  2906                       0.1556407    0.54711   252%   286   96s
H 5455  2998                       0.1556407    0.54629   251%   290   96s
H 5555  2901                       0.1556410    0.54615   251%   292   96s
  6047  3438    0.51928   26   81    0.15564    0.54256   249%   298  100s
  7187  4422    0.50615   25   79    0.15564    0.53772   245%   305  105s
  8179  5386    0.52210   27   83    0.15564    0.53380   243%   311  110s
H 8380  5386                       0.1556414    0.53266   242%   312  110s
  9723  6916    0.50826   29   76    0.15564    0.52794   239%   315  115s
 11025  8247    0.49157   29   80    0.15564    0.52337   236%   320  121s
 12044  9259    0.50558   29   80    0.15564    0.51997   234%   321  125s
 13828 11047    0.50764   30   77    0.15564    0.51506   231%   322  130s
 15815 12981    0.50316   26   78    0.15564    0.51008   228%   323  137s
 17206 14495    0.47463   25   71    0.15564    0.50599   225%   324  142s
 18023 15053    0.46144   29   81    0.15564    0.50446   224%   324  145s
 19444 16690    0.48579   26   77    0.15564    0.50044   222%   324  150s
 21235 18479    0.49450   26   73    0.15564    0.49621   219%   323  156s
 22236 18511    0.47033   30   77    0.15564    0.49497   218%   323  162s
 22268 18543    0.47906   30   72    0.15564    0.49301   217%   323  165s
H22277 18540                       0.1591162    0.49278   210%   323  165s
 23242 20419    0.46769   27   78    0.15912    0.49076   208%   324  171s
 25377 22407    0.47051   29   74    0.15912    0.48686   206%   324  177s
 26419 23433    0.47203   29   80    0.15912    0.48466   205%   325  180s
 28711 25634    0.45863   28   73    0.15912    0.48106   202%   325  187s
 29898 26845    0.46521   31   73    0.15912    0.47914   201%   324  192s
 31235 28178    0.47225   26   78    0.15912    0.47743   200%   324  196s
 32660 29487    0.46425   31   79    0.15912    0.47540   199%   324  200s
 35484 32053    0.46220   26   67    0.15912    0.47190   197%   323  208s
 36906 33415     cutoff   31         0.15912    0.46994   195%   323  211s
 38380 34821    0.43666   27   70    0.15912    0.46803   194%   323  216s
 39919 36222    0.44609   30   77    0.15912    0.46631   193%   323  220s
 41459 37689    0.46123   28   78    0.15912    0.46467   192%   323  225s
 44490 40525    0.43852   31   73    0.15912    0.46203   190%   323  234s
 46227 42224    0.44008   31   70    0.15912    0.46051   189%   323  240s
 48081 42255    0.43965   28   73    0.15912    0.45927   189%   323  248s
H48114 42629                       0.1640719    0.45877   180%   323  255s
H48263 42613                       0.1673262    0.45871   174%   323  255s
 48543 44517    0.44281   28   74    0.16733    0.45852   174%   324  260s
 50627 46415    0.40092   33   74    0.16733    0.45719   173%   323  266s
 52749 48412    0.42642   31   77    0.16733    0.45587   172%   323  272s
 54986 50414    0.43514   31   77    0.16733    0.45457   172%   323  279s
 57228 52455    0.44730   29   79    0.16733    0.45328   171%   323  285s
 59560 54957    0.42918   28   63    0.16733    0.45221   170%   323  293s
 62420 57136    0.43310   30   78    0.16733    0.45072   169%   323  300s
 64955 59455    0.43516   28   69    0.16733    0.44939   169%   323  308s
 67586 61766    0.42830   30   79    0.16733    0.44819   168%   323  315s
 70307 64278    0.43755   33   70    0.16733    0.44717   167%   323  323s
 73188 66796    0.42874   31   80    0.16733    0.44598   167%   322  331s
 76069 69262    0.42763   31   78    0.16733    0.44476   166%   322  339s
 78913 72065    0.41831   32   80    0.16733    0.44381   165%   322  348s
 82194 74993    0.44077   30   76    0.16733    0.44263   165%   322  356s
 85627 77893    0.43703   30   82    0.16733    0.44158   164%   322  365s
 89006 81278    0.42108   29   73    0.16733    0.44067   163%   321  374s
 93005 84175    0.29822   30   74    0.16733    0.43931   163%   321  383s
 96378 86854    0.41717   31   72    0.16733    0.43818   162%   320  391s
 99516 89545    0.42744   26   76    0.16733    0.43733   161%   320  398s
 102606 92316    0.40887   32   81    0.16733    0.43656   161%   321  407s
 105799 94398    0.43370   28   70    0.16733    0.43570   160%   320  417s
H105880 94398                       0.1673262    0.43570   160%   320  417s
H106294 94398                       0.1673263    0.43557   160%   320  417s
 108208 94425    0.40624   31   74    0.16733    0.43548   160%   320  429s
H108211 94413                       0.1678667    0.43542   159%   320  429s
 108245 97526    0.43202   31   74    0.16787    0.43519   159%   320  440s
 111807 97556    0.43227   26   70    0.16787    0.43465   159%   320  452s
H111830 97556                       0.1678668    0.43405   159%   320  452s
H111840 97556                       0.1678670    0.43401   159%   320  452s
 111841 100123    0.43323   30   77    0.16787    0.43401   159%   320  462s
 114790 103267    0.42989   28   72    0.16787    0.43377   158%   320  471s
 118452 106747    0.41298   32   61    0.16787    0.43306   158%   320  482s
 122382 109669    0.41702   28   72    0.16787    0.43216   157%   320  492s
 125700 112442    0.41855   33   73    0.16787    0.43131   157%   319  500s
 128997 115259    0.40215   33   74    0.16787    0.43059   157%   319  506s
 132350 117994    0.41668   33   76    0.16787    0.42981   156%   319  513s
 135619 120763     cutoff   35         0.16787    0.42909   156%   319  519s
 138904 123641    0.37679   34   75    0.16787    0.42832   155%   318  528s
 142274 126175    0.42356   31   76    0.16787    0.42733   155%   318  536s
 145332 129153    0.42317   29   74    0.16787    0.42659   154%   318  546s
 148814 132430    0.40910   34   73    0.16787    0.42589   154%   318  556s
 152676 135215    0.40593   31   76    0.16787    0.42511   153%   318  565s
 156011 138054    0.40641   33   77    0.16787    0.42438   153%   318  574s
 159294 140716     cutoff   34         0.16787    0.42377   152%   318  583s
 162464 143703    0.40724   33   71    0.16787    0.42315   152%   318  592s
 165929 146561    0.40843   33   75    0.16787    0.42251   152%   318  601s
 169357 146587    0.39675   30   77    0.16787    0.42194   151%   317  613s
H169368 146587                       0.1678670    0.42184   151%   317  613s
H169376 146587                       0.1678673    0.42180   151%   317  613s
H169382 146585                       0.1679508    0.42178   151%   317  613s
 169394 149289    0.41372   30   74    0.16795    0.42174   151%   317  622s
 172615 152122    0.40381   33   76    0.16795    0.42116   151%   317  631s
 175995 155123    0.41557   29   73    0.16795    0.42055   150%   317  640s
 179522 158259    0.39868   34   71    0.16795    0.41980   150%   317  651s
 183304 160933    0.41261   34   80    0.16795    0.41923   150%   317  660s
 186476 163915    0.41499   31   77    0.16795    0.41868   149%   317  669s
 190040 166880     cutoff   33         0.16795    0.41809   149%   317  677s
 193539 169783    0.39531   30   52    0.16795    0.41746   149%   316  686s
 196955 172535    0.41269   31   72    0.16795    0.41691   148%   316  694s
 200247 174979    0.39862   34   73    0.16795    0.41630   148%   316  703s
 203073 177891    0.41063   29   73    0.16795    0.41580   148%   316  709s
 206464 180867    0.39530   36   71    0.16795    0.41523   147%   316  716s
 209951 184082    0.40510   33   69    0.16795    0.41474   147%   316  724s
 213780 186883    0.38331   29   65    0.16795    0.41418   147%   316  732s
 217132 189619    0.39903   33   76    0.16795    0.41360   146%   315  740s
 220427 192190    0.41095   28   71    0.16795    0.41305   146%   315  749s
 223438 195095    0.39418   33   76    0.16795    0.41264   146%   315  758s
 226921 197881    0.40098   33   75    0.16795    0.41209   145%   315  767s
 230262 200418    0.39424   34   70    0.16795    0.41157   145%   315  775s
 233329 200447    0.39383   32   78    0.16795    0.41114   145%   315  788s
H233330 200436                       0.1682990    0.41114   144%   315  788s
 233364 203395    0.39993   30   75    0.16830    0.41104   144%   315  797s
 236872 205599    0.38189   35   76    0.16830    0.41055   144%   315  807s
H237504 205599                       0.1682990    0.41052   144%   315  808s
 239551 208242    0.39889   33   75    0.16830    0.41044   144%   315  818s
 242889 210966    0.38832   34   73    0.16830    0.41014   144%   315  826s
H245933 210966                       0.1682990    0.40981   144%   315  826s
 246158 213808    0.38623   35   68    0.16830    0.40963   143%   315  836s
 249645 216900    0.40399   34   75    0.16830    0.40870   143%   315  846s
 253454 219609    0.38626   33   71    0.16830    0.40818   143%   315  854s
 254405 219609    0.37358   34   72    0.16830    0.40815   143%   315  855s
 256869 222546    0.38864   32   68    0.16830    0.40776   142%   315  862s
 260491 225493    0.40624   32   70    0.16830    0.40727   142%   315  868s
 264036 228354    0.39125   35   68    0.16830    0.40678   142%   315  878s
 267442 230971    0.39992   32   74    0.16830    0.40633   141%   314  887s
 270696 234019    0.39307   28   68    0.16830    0.40590   141%   314  897s
 274480 236773    0.38787   34   64    0.16830    0.40539   141%   314  905s
 277866 239480    0.38646   34   74    0.16830    0.40491   141%   314  914s
 281187 241963    0.37993   34   74    0.16830    0.40455   140%   314  922s
 284213 244547    0.38919   33   76    0.16830    0.40417   140%   314  931s
 287449 247282    0.39478   31   79    0.16830    0.40372   140%   314  940s
 290811 249973    0.40060   31   73    0.16830    0.40336   140%   314  949s
 294163 249999     cutoff   35         0.16830    0.40298   139%   314  965s
H294170 249999                       0.1682990    0.40294   139%   314  965s
H294193 249999                       0.1682991    0.40289   139%   314  965s
H294196 249834                       0.1710245    0.40288   136%   314  965s
 294200 252579    0.38545   33   75    0.17102    0.40287   136%   314  974s
 297531 255214    0.39031   31   69    0.17102    0.40251   135%   314  983s
 300730 258294    0.38502   33   69    0.17102    0.40215   135%   314  992s
 304478 260926    0.39254   33   80    0.17102    0.40174   135%   314 1001s
 307735 263571    0.38307   35   70    0.17102    0.40136   135%   314 1010s
 310993 265977    0.38693   35   75    0.17102    0.40099   134%   314 1018s
 314063 268741    0.37877   33   60    0.17102    0.40062   134%   314 1027s
 317567 271472    0.38263   31   78    0.17102    0.40025   134%   314 1036s
 320807 274079     cutoff   35         0.17102    0.39993   134%   314 1045s
 324104 276808    0.37874   35   71    0.17102    0.39958   134%   314 1054s
 327476 279522    0.38495   33   72    0.17102    0.39921   133%   314 1060s
 330891 282520    0.39735   29   67    0.17102    0.39883   133%   314 1067s
 334570 282547    0.38158   37   71    0.17102    0.39849   133%   314 1076s
H334588 282547                       0.1710245    0.39843   133%   314 1076s
H334593 282547                       0.1710246    0.39842   133%   314 1076s
 334607 282676    0.37944   34   66    0.17102    0.39839   133%   314 1089s
H334614 282676                       0.1710246    0.39838   133%   314 1089s
H334802 282661                       0.1711701    0.39836   133%   314 1089s
 334810 285868    0.39784   29   69    0.17117    0.39836   133%   314 1100s
 338765 288769    0.39113   33   77    0.17117    0.39798   133%   314 1109s
 342484 291426    0.36409   34   72    0.17117    0.39761   132%   314 1123s
 345670 294165     cutoff   34         0.17117    0.39728   132%   314 1133s
 349055 294190    0.37734   35   75    0.17117    0.39701   132%   314 1145s
 349094 297190    0.38588   32   73    0.17117    0.39694   132%   314 1155s
 352790 297218     cutoff   34         0.17117    0.39667   132%   314 1163s
H352800 297218                       0.1711701    0.39664   132%   314 1164s
H352818 297218                       0.1711702    0.39660   132%   314 1164s
 352825 297515    0.39519   30   75    0.17117    0.39660   132%   314 1171s
H353082 297515                       0.1711704    0.39657   132%   314 1171s
 353205 297920    0.37868   35   75    0.17117    0.39656   132%   314 1181s
H353356 297920                       0.1711705    0.39655   132%   314 1181s
 353703 298538    0.38609   33   69    0.17117    0.39654   132%   314 1192s
 354491 299334    0.39629   28   73    0.17117    0.39651   132%   314 1201s
 355468 300859    0.38432   36   75    0.17117    0.39647   132%   314 1212s
 357343 304022    0.38904   30   65    0.17117    0.39642   132%   314 1222s
 361240 306641     cutoff   36         0.17117    0.39632   132%   314 1229s
 364521 309138    0.39110   31   70    0.17117    0.39605   131%   314 1237s
 367589 312367    0.38296   33   74    0.17117    0.39564   131%   314 1245s
 371614 315206    0.38461   31   70    0.17117    0.39519   131%   313 1251s
 375280 318054    0.36222   34   75    0.17117    0.39486   131%   313 1259s
 378815 320765     cutoff   35         0.17117    0.39437   130%   313 1265s
 382203 323792    0.37548   38   70    0.17117    0.39411   130%   313 1272s
 385876 326621    0.37967   32   73    0.17117    0.39383   130%   313 1279s
 389421 328676    0.36955   34   74    0.17117    0.39353   130%   313 1286s
 392052 331806     cutoff   35         0.17117    0.39343   130%   313 1294s
 396017 334500    0.38276   34   73    0.17117    0.39297   130%   313 1300s
 399316 337264    0.37575   31   70    0.17117    0.39271   129%   313 1306s
 402659 339883    0.37956   36   70    0.17117    0.39245   129%   313 1313s
 405950 342420    0.34345   36   74    0.17117    0.39221   129%   313 1319s
 409220 345020    0.38877   38   70    0.17117    0.39191   129%   313 1325s
 412477 347332     cutoff   34         0.17117    0.39165   129%   313 1331s
 415467 350086    0.37406   31   74    0.17117    0.39147   129%   313 1338s
 418853 352664    0.38381   33   72    0.17117    0.39120   129%   313 1344s
 422109 355792    0.37428   36   71    0.17117    0.39094   128%   313 1352s
 426006 358521    0.36412   36   69    0.17117    0.39068   128%   313 1358s
 429315 361259    0.37796   35   75    0.17117    0.39045   128%   313 1365s
 432668 363728    0.34691   35   75    0.17117    0.39018   128%   313 1371s
 435787 366284    0.38084   35   76    0.17117    0.39001   128%   313 1378s
 438988 368928    0.37534   34   61    0.17117    0.38976   128%   313 1384s
 442436 371569     cutoff   33         0.17117    0.38953   128%   313 1391s
 445809 373856    0.37088   31   62    0.17117    0.38930   127%   313 1398s
 448683 376596    0.37636   37   70    0.17117    0.38910   127%   313 1404s
 452117 379663    0.37256   32   67    0.17117    0.38889   127%   313 1412s
 455968 382208    0.37458   34   68    0.17117    0.38861   127%   313 1419s
 459316 384568    0.38547   33   69    0.17117    0.38833   127%   312 1425s
 462274 387206    0.37289   34   73    0.17117    0.38818   127%   312 1431s
 465640 389942    0.37619   32   79    0.17117    0.38792   127%   312 1438s
 469063 392521    0.34058   35   74    0.17117    0.38768   126%   312 1445s
 472380 395249     cutoff   34         0.17117    0.38750   126%   312 1452s
 475767 397285    0.38466   33   71    0.17117    0.38727   126%   312 1459s
H475768 397285                       0.1711709    0.38727   126%   312 1459s
H476701 397285                       0.1711723    0.38723   126%   312 1459s
 478290 399856     cutoff   36         0.17117    0.38720   126%   312 1466s
H478483 399856                       0.1711723    0.38719   126%   312 1466s
H479238 399856                       0.1711723    0.38717   126%   312 1466s
H479596 399856                       0.1711723    0.38717   126%   312 1466s
H480186 399856                       0.1711723    0.38715   126%   312 1466s
H481633 402946                       0.1711723    0.38689   126%   312 1474s
H482248 402946                       0.1711723    0.38686   126%   312 1474s
H485147 402946                       0.1711723    0.38684   126%   312 1474s
 485479 405414    0.36337   32   77    0.17117    0.38667   126%   312 1481s
 488556 408139    0.36855   36   75    0.17117    0.38647   126%   312 1487s
H488782 408139                       0.1711723    0.38647   126%   312 1487s
H489374 408139                       0.1711723    0.38645   126%   312 1487s
 491923 410627    0.38545   30   73    0.17117    0.38629   126%   312 1495s
H494114 410627                       0.1711723    0.38624   126%   312 1495s
 495002 413335    0.37379   33   67    0.17117    0.38607   126%   312 1502s
 498476 415630     cutoff   34         0.17117    0.38588   125%   312 1509s
H498477 415630                       0.1711723    0.38588   125%   312 1509s
 501483 418095    0.35202   36   69    0.17117    0.38567   125%   312 1516s
H502632 418095                       0.1711724    0.38566   125%   312 1516s
 504601 420903    0.37185   30   79    0.17117    0.38555   125%   312 1524s
H504699 420903                       0.1711724    0.38555   125%   312 1524s
H504912 420903                       0.1711724    0.38553   125%   312 1524s
H506538 420903                       0.1711724    0.38550   125%   312 1524s
 508060 423515    0.37251   34   61    0.17117    0.38535   125%   312 1531s
 511393 426306     cutoff   35         0.17117    0.38513   125%   312 1539s
 515042 429070     cutoff   35         0.17117    0.38493   125%   312 1546s
 518520 431678    0.36977   30   74    0.17117    0.38471   125%   312 1553s
 521811 434189    0.36356   36   78    0.17117    0.38451   125%   312 1559s
 525060 436866    0.37887   31   74    0.17117    0.38434   125%   312 1566s
 528433 439195    0.36378   35   73    0.17117    0.38414   124%   312 1573s
 531461 441785    0.36844   32   66    0.17117    0.38395   124%   312 1580s
 534889 444506    0.37825   34   70    0.17117    0.38378   124%   312 1587s
 538381 447004    0.37047   33   79    0.17117    0.38357   124%   312 1593s
 541567 450055    0.37971   33   68    0.17117    0.38337   124%   312 1601s
 545489 452548    0.37264   32   74    0.17117    0.38315   124%   311 1607s
 548637 455185    0.38094   33   65    0.17117    0.38296   124%   311 1613s
 551912 457629    0.37654   32   72    0.17117    0.38278   124%   311 1619s
 555142 460313    0.36584   31   64    0.17117    0.38262   124%   311 1626s
 558536 462835    0.36048   35   74    0.17117    0.38243   123%   311 1632s
 561807 465361    0.36931   33   82    0.17117    0.38227   123%   311 1639s
 565067 467811    0.38116   31   66    0.17117    0.38208   123%   311 1645s
 568188 470351    0.36596   35   70    0.17117    0.38193   123%   311 1651s
 571440 473334    0.36912   34   68    0.17117    0.38176   123%   311 1659s
 575230 475837    0.36369   34   76    0.17117    0.38156   123%   311 1666s
 578417 478499    0.36313   36   71    0.17117    0.38142   123%   311 1672s
 581847 480239    0.31611   35   76    0.17117    0.38122   123%   311 1679s
H582357 480239                       0.1711724    0.38121   123%   311 1679s
H582884 480239                       0.1711724    0.38120   123%   311 1679s
H582885 480239                       0.1711726    0.38119   123%   311 1679s
 584037 482050    0.37441   33   75    0.17117    0.38119   123%   311 1686s
H584438 482050                       0.1711726    0.38118   123%   311 1686s
 586386 484215    0.37323   33   64    0.17117    0.38115   123%   311 1694s
 589196 486435    0.36355   34   68    0.17117    0.38104   123%   311 1702s
 592028 489035    0.37110   32   65    0.17117    0.38090   123%   311 1711s
 595382 491856    0.36002   36   71    0.17117    0.38073   122%   311 1719s
H597605 491856                       0.1711738    0.38062   122%   311 1719s
 598975 494303    0.36424   36   74    0.17117    0.38057   122%   311 1727s
 602034 497232    0.36477   36   73    0.17117    0.38020   122%   311 1734s
 605781 499827     cutoff   36         0.17117    0.38003   122%   311 1741s
 609102 502264    0.36416   32   74    0.17117    0.37987   122%   311 1747s
 612274 504958    0.36411   32   73    0.17117    0.37973   122%   311 1754s
 615689 507518    0.36258   31   67    0.17117    0.37955   122%   311 1761s
 619028 510107    0.23020   33   80    0.17117    0.37941   122%   311 1768s
 622351 512759    0.36422   35   74    0.17117    0.37926   122%   311 1774s
 625767 515294     cutoff   35         0.17117    0.37909   121%   311 1781s
 628964 517936    0.37218   31   73    0.17117    0.37895   121%   311 1787s
 632382 520897    0.36348   35   73    0.17117    0.37880   121%   311 1794s
 636147 523460    0.35368   34   80    0.17117    0.37861   121%   311 1801s
 639406 526032    0.35511   36   70    0.17117    0.37848   121%   311 1807s
 642790 528502    0.35774   37   70    0.17117    0.37832   121%   311 1814s
 646101 531071    0.37714   30   75    0.17117    0.37814   121%   311 1820s
 649325 531100    0.37625   34   76    0.17117    0.37799   121%   311 1828s
 649360 531126    0.35275   34   74    0.17117    0.37797   121%   311 1835s
 649398 531155    0.33122   34   73    0.17117    0.37795   121%   311 1842s
 649433 531185    0.36573   34   75    0.17117    0.37794   121%   311 1849s
 649467 531210    0.35703   33   64    0.17117    0.37793   121%   311 1857s
 649506 531233    0.35912   33   80    0.17117    0.37792   121%   311 1867s
 649547 531258    0.36714   36   72    0.17117    0.37791   121%   311 1874s
 649586 531280    0.37001   33   73    0.17117    0.37790   121%   311 1882s
 649627 531420    0.37050   33   73    0.17117    0.37789   121%   311 1889s
 649812 531705    0.36079   33   68    0.17117    0.37788   121%   311 1897s
 650183 532548    0.36700   34   73    0.17117    0.37787   121%   311 1908s
 651259 533770    0.36554   32   72    0.17117    0.37785   121%   311 1917s
 652829 536257    0.36193   32   67    0.17117    0.37783   121%   311 1927s
 655978 539596    0.27755   33   73    0.17117    0.37780   121%   311 1937s
 660288 543077    0.35682   32   72    0.17117    0.37769   121%   311 1947s
 664781 545952    0.37666   33   66    0.17117    0.37747   121%   311 1955s
 668593 548637    0.35874   36   71    0.17117    0.37715   120%   311 1962s
 672068 551242    0.35944   32   43    0.17117    0.37687   120%   310 1969s
 675409 553890    0.36853   35   70    0.17117    0.37671   120%   310 1976s
 678774 556401     cutoff   35         0.17117    0.37658   120%   310 1982s
 682098 558907     cutoff   35         0.17117    0.37642   120%   310 1989s
 685402 561332 infeasible   36         0.17117    0.37628   120%   310 1997s
 688613 563803    0.35181   31   69    0.17117    0.37615   120%   310 2004s
 691933 566334    0.35125   34   72    0.17117    0.37597   120%   310 2012s
 695282 569184    0.37422   33   71    0.17117    0.37583   120%   310 2021s
 698979 571921    0.36470   32   74    0.17117    0.37567   119%   310 2030s
 702493 574511    0.37499   31   70    0.17117    0.37551   119%   310 2039s
 705895 576808    0.36589   35   70    0.17117    0.37536   119%   310 2047s
 708886 579491    0.35906   35   72    0.17117    0.37521   119%   310 2055s
 712370 581876     cutoff   36         0.17117    0.37507   119%   310 2063s
 715478 584369     cutoff   35         0.17117    0.37494   119%   310 2072s
 718848 587026    0.34097   39   70    0.17117    0.37479   119%   310 2080s
 722312 589714    0.37192   33   69    0.17117    0.37466   119%   310 2087s
 725779 592562    0.35383   36   74    0.17117    0.37450   119%   310 2095s
 729470 595175     cutoff   36         0.17117    0.37436   119%   310 2102s
 732896 597624    0.36336   34   57    0.17117    0.37419   119%   310 2108s
 736321 600188    0.36154   35   66    0.17117    0.37405   119%   310 2114s
 739740 602616    0.35985   30   73    0.17117    0.37390   118%   310 2121s
 743022 605178    0.36941   33   78    0.17117    0.37378   118%   310 2128s
 746441 607608    0.36925   35   71    0.17117    0.37365   118%   310 2135s
 749752 610253    0.25261   35   75    0.17117    0.37351   118%   310 2141s
 753227 612791    0.36667   34   79    0.17117    0.37336   118%   310 2148s
 756575 615705    0.35983   37   66    0.17117    0.37322   118%   310 2156s
 760455 617931    0.34937   36   70    0.17117    0.37305   118%   310 2162s
 763444 620558    0.36094   33   75    0.17117    0.37292   118%   310 2169s
 766818 623323    0.35546   32   69    0.17117    0.37279   118%   310 2176s
 770351 625902    0.36993   33   67    0.17117    0.37266   118%   310 2183s
 773742 628437    0.36871   32   76    0.17117    0.37253   118%   310 2190s
 777116 631124     cutoff   36         0.17117    0.37237   118%   310 2196s
 780485 633509    0.35713   34   72    0.17117    0.37224   117%   310 2204s
 783634 635937    0.31689   32   73    0.17117    0.37213   117%   310 2212s
 786746 638622    0.34637   34   78    0.17117    0.37201   117%   310 2221s
 790189 641498    0.35174   37   67    0.17117    0.37186   117%   310 2229s
 793973 644206    0.36062   35   76    0.17117    0.37172   117%   310 2237s
 797435 646821    0.36921   34   68    0.17117    0.37158   117%   310 2245s
 800848 649406    0.35392   34   69    0.17117    0.37146   117%   310 2252s
 804220 651986    0.36192   35   73    0.17117    0.37134   117%   310 2260s
 807609 654334    0.36135   39   64    0.17117    0.37123   117%   309 2269s
 810746 656894    0.35841   32   82    0.17117    0.37112   117%   309 2277s
 814157 659345     cutoff   35         0.17117    0.37098   117%   309 2286s
 817452 662110    0.35303   33   64    0.17117    0.37086   117%   309 2296s
 821116 664859     cutoff   35         0.17117    0.37073   117%   309 2304s
 824660 667363    0.35580   35   66    0.17117    0.37060   117%   309 2312s
 827897 669995    0.36929   33   67    0.17117    0.37048   116%   309 2321s
 831246 672455    0.35304   35   76    0.17117    0.37036   116%   309 2329s
 834569 675106    0.35869   36   68    0.17117    0.37024   116%   309 2337s
 837842 677630    0.34618   37   69    0.17117    0.37010   116%   309 2344s
 841124 680378    0.35550   34   74    0.17117    0.36999   116%   309 2351s
 844577 682841    0.36313   32   70    0.17117    0.36987   116%   309 2360s
 847855 685808    0.20104   33   66    0.17117    0.36975   116%   309 2370s
 851759 688124    0.35599   37   70    0.17117    0.36962   116%   309 2377s
 854856 690590    0.36208   31   68    0.17117    0.36949   116%   309 2384s
 858181 693131    0.35068   34   67    0.17117    0.36937   116%   309 2391s
 861564 695579    0.35685   35   71    0.17117    0.36925   116%   309 2400s
 864801 698196    0.36507   32   71    0.17117    0.36912   116%   309 2409s
 868080 700706    0.35583   34   65    0.17117    0.36901   116%   309 2418s
 871378 703202    0.35804   34   71    0.17117    0.36889   116%   309 2426s
 874571 705805    0.35613   31   73    0.17117    0.36877   115%   309 2435s
 877915 708663    0.35389   35   72    0.17117    0.36866   115%   309 2446s
 881580 711176    0.35655   35   72    0.17117    0.36852   115%   309 2455s
 884971 713659    0.36215   34   76    0.17117    0.36840   115%   309 2464s
 888294 716064    0.35341   33   71    0.17117    0.36826   115%   309 2473s
 891530 718821    0.34411   32   68    0.17117    0.36814   115%   309 2482s
 895119 721142    0.34426   33   68    0.17117    0.36802   115%   309 2491s
 898189 723746    0.35788   35   73    0.17117    0.36792   115%   309 2500s
 901536 726414    0.36738   33   62    0.17117    0.36780   115%   309 2509s
 904984 728982    0.35148   35   70    0.17117    0.36768   115%   309 2518s
 908406 731834     cutoff   35         0.17117    0.36757   115%   309 2528s
 912207 734241    0.34867   35   76    0.17117    0.36743   115%   309 2537s
 915350 736892    0.35521   33   73    0.17117    0.36733   115%   309 2545s
 918806 739204    0.36114   30   69    0.17117    0.36721   115%   309 2555s
 921922 741750    0.36140   34   68    0.17117    0.36711   114%   309 2563s
 925415 744402    0.20105   37   67    0.17117    0.36699   114%   309 2572s
 928889 746925    0.36357   36   70    0.17117    0.36687   114%   309 2579s
 932212 749452    0.35635   32   72    0.17117    0.36675   114%   309 2588s
 935574 752037    0.36219   36   71    0.17117    0.36665   114%   309 2596s
 938848 754675     cutoff   36         0.17117    0.36653   114%   309 2606s
 942444 757414    0.36613   38   69    0.17117    0.36642   114%   309 2613s
 945989 759783    0.36480   33   70    0.17117    0.36630   114%   308 2619s
 949076 762288    0.34744   33   68    0.17117    0.36620   114%   308 2628s
 952394 764924     cutoff   36         0.17117    0.36608   114%   308 2637s
 955882 767597    0.35086   33   75    0.17117    0.36597   114%   308 2646s
 959335 770047    0.35190   36   66    0.17117    0.36586   114%   308 2655s
 962649 772551     cutoff   35         0.17117    0.36574   114%   308 2664s
 966011 774892     cutoff   39         0.17117    0.36563   114%   308 2673s
 969177 777845    0.36376   38   68    0.17117    0.36553   114%   308 2683s
 973092 780249    0.34107   36   73    0.17117    0.36539   113%   308 2691s
 976317 782649    0.28291   37   74    0.17117    0.36527   113%   308 2700s
 979498 785169     cutoff   40         0.17117    0.36516   113%   308 2708s
 982816 787729    0.36424   34   71    0.17117    0.36506   113%   308 2717s
 986135 790211    0.36122   34   69    0.17117    0.36496   113%   308 2725s
 989406 792587     cutoff   36         0.17117    0.36485   113%   308 2734s
 992733 795098    0.34755   34   66    0.17117    0.36475   113%   308 2743s
 996110 797504    0.35349   36   71    0.17117    0.36463   113%   308 2751s
 999371 800438    0.35049   34   79    0.17117    0.36453   113%   308 2761s
 1003191 802889    0.34408   37   69    0.17117    0.36442   113%   308 2770s
 1006493 805416    0.35369   33   74    0.17117    0.36430   113%   308 2779s
 1008398 805416    0.33581   35   78    0.17117    0.36428   113%   308 2780s
 1009807 807867    0.33337   34   75    0.17117    0.36419   113%   308 2788s
 1013157 810401    0.36348   31   72    0.17117    0.36408   113%   308 2797s
 1016466 812923    0.34868   36   68    0.17117    0.36397   113%   308 2804s
 1019797 815427    0.33690   33   77    0.17117    0.36388   113%   308 2811s
 1023121 817974    0.36209   32   61    0.17117    0.36377   113%   308 2819s
 1026408 820409    0.34394   33   70    0.17117    0.36368   112%   308 2828s
 1029611 823275    0.35891   34   77    0.17117    0.36358   112%   308 2837s
 1033366 825803    0.32969   36   77    0.17117    0.36347   112%   308 2845s
 1036694 828054    0.35310   33   65    0.17117    0.36337   112%   308 2852s
 1039682 830665    0.35511   36   69    0.17117    0.36327   112%   308 2860s
 1043157 833249    0.35023   39   64    0.17117    0.36315   112%   308 2869s
 1046595 835819    0.25242   37   71    0.17117    0.36305   112%   308 2878s
 1049941 838161    0.31774   36   72    0.17117    0.36296   112%   307 2887s
 1053164 840635    0.35777   34   62    0.17117    0.36286   112%   307 2896s
 1056451 843175    0.34898   31   79    0.17117    0.36275   112%   307 2905s
 1059885 845993    0.34675   36   69    0.17117    0.36265   112%   307 2915s
 1063613 848473    0.34906   38   73    0.17117    0.36251   112%   307 2923s
 1066935 850952    0.34872   36   68    0.17117    0.36241   112%   307 2932s
 1070233 853452    0.34392   36   70    0.17117    0.36232   112%   307 2941s
 1073482 856159    0.34434   33   69    0.17117    0.36222   112%   307 2950s
 1076939 858663    0.33950   32   70    0.17117    0.36213   112%   307 2958s
 1080345 861257     cutoff   36         0.17117    0.36200   111%   307 2967s
 1083712 863610    0.35597   34   72    0.17117    0.36191   111%   307 2976s
 1086863 866165     cutoff   35         0.17117    0.36182   111%   307 2985s
 1090190 868930    0.34803   35   74    0.17117    0.36172   111%   307 2995s
 1093911 871471     cutoff   36         0.17117    0.36161   111%   307 3003s
 1097248 873815 infeasible   36         0.17117    0.36151   111%   307 3010s
 1100389 876345     cutoff   34         0.17117    0.36141   111%   307 3019s
 1103790 878878    0.35353   33   62    0.17117    0.36131   111%   307 3027s
 1107140 881226    0.35437   36   70    0.17117    0.36120   111%   307 3035s
 1110318 883767    0.32194   35   77    0.17117    0.36112   111%   307 3044s
 1113657 886310    0.33578   32   51    0.17117    0.36102   111%   307 3053s
 1117020 888928    0.35427   34   74    0.17117    0.36092   111%   307 3059s
 1120486 891940    0.34754   37   67    0.17117    0.36081   111%   307 3067s
 1124300 894394    0.34162   36   68    0.17117    0.36070   111%   307 3074s
 1127529 896495    0.35363   33   70    0.17117    0.36061   111%   307 3082s
 1130191 898881    0.32083   35   73    0.17117    0.36052   111%   307 3090s
 1133427 901477    0.34753   34   65    0.17117    0.36042   111%   307 3099s
 1136826 904062    0.25663   35   78    0.17117    0.36031   110%   307 3108s
 1140280 906574    0.34174   36   75    0.17117    0.36020   110%   307 3117s
 1143600 909190    0.35117   34   67    0.17117    0.36011   110%   307 3126s
 1147075 911813    0.22161   34   71    0.17117    0.35999   110%   307 3135s
 1150490 914602     cutoff   36         0.17117    0.35990   110%   307 3145s
 1154107 917261    0.35414   38   71    0.17117    0.35980   110%   307 3154s
 1157573 919774    0.35029   36   73    0.17117    0.35971   110%   307 3162s
 1160921 922325    0.34356   38   71    0.17117    0.35961   110%   307 3171s
 1164316 924701    0.34655   36   70    0.17117    0.35953   110%   307 3180s
 1167412 927016     cutoff   32         0.17117    0.35943   110%   306 3189s
 1170521 929346    0.32571   35   75    0.17117    0.35935   110%   306 3201s
H1171335 929346                       0.1711740    0.35934   110%   306 3202s
 1173657 931865    0.34491   36   69    0.17117    0.35926   110%   306 3211s
 1176931 934491    0.34674   32   64    0.17117    0.35916   110%   306 3220s
 1180366 936485    0.34735   33   69    0.17117    0.35906   110%   306 3231s
H1180571 936485                       0.1711740    0.35906   110%   306 3232s
 1182949 939907    0.35219   36   72    0.17117    0.35904   110%   306 3242s
 1187416 942547    0.26751   37   72    0.17117    0.35898   110%   306 3249s
 1190844 945178     cutoff   37         0.17117    0.35883   110%   306 3257s
 1194342 947478    0.33374   35   73    0.17117    0.35873   110%   306 3268s
 1197495 950385 infeasible   35         0.17117    0.35863   110%   306 3278s
 1201259 953108    0.34710   36   71    0.17117    0.35851   109%   306 3288s
 1204767 955516    0.34631   35   73    0.17117    0.35842   109%   306 3297s
 1208115 958419    0.34403   33   78    0.17117    0.35831   109%   306 3307s
 1211886 961167    0.33161   36   76    0.17117    0.35814   109%   306 3317s
 1215553 963700    0.35699   35   68    0.17117    0.35805   109%   306 3326s
 1218919 966207    0.34575   35   73    0.17117    0.35794   109%   306 3335s
 1222206 968557    0.34329   38   69    0.17117    0.35786   109%   306 3343s
 1225381 971000    0.34373   36   69    0.17117    0.35776   109%   306 3352s
 1228631 973660    0.35051   36   71    0.17117    0.35767   109%   306 3361s
 1232060 976259    0.33361   32   63    0.17117    0.35758   109%   306 3371s
 1235480 978691    0.35593   32   70    0.17117    0.35749   109%   306 3380s
 1238777 981270     cutoff   37         0.17117    0.35740   109%   306 3390s
 1242185 983750    0.34863   34   75    0.17117    0.35730   109%   306 3401s
 1245522 986598    0.33587   36   65    0.17117    0.35719   109%   306 3410s
 1249295 989122    0.35592   30   68    0.17117    0.35710   109%   306 3419s
 1252567 991648    0.35268   34   61    0.17117    0.35701   109%   306 3428s
 1255954 994129     cutoff   37         0.17117    0.35691   109%   306 3436s
 1259284 996655    0.34643   34   77    0.17117    0.35682   108%   306 3444s
 1262694 999371    0.21831   35   69    0.17117    0.35672   108%   306 3451s
 1266207 1001917    0.34400   36   72    0.17117    0.35662   108%   306 3459s
 1269532 1004158    0.34141   34   76    0.17117    0.35653   108%   306 3468s
 1272592 1006837    0.22375   36   75    0.17117    0.35644   108%   306 3476s
 1276287 1009259    0.34360   36   66    0.17117    0.35633   108%   306 3485s
 1279582 1011683    0.34009   33   75    0.17117    0.35624   108%   306 3493s
 1282849 1014309    0.35347   30   58    0.17117    0.35615   108%   306 3502s
 1286323 1016990     cutoff   37         0.17117    0.35606   108%   306 3511s
 1289766 1019439    0.30511   36   76    0.17117    0.35598   108%   305 3519s
 1292978 1021916    0.35303   33   50    0.17117    0.35590   108%   305 3528s
 1296261 1024487    0.35322   31   74    0.17117    0.35580   108%   305 3537s
 1299639 1026916     cutoff   34         0.17117    0.35572   108%   305 3545s
 1302864 1029824     cutoff   34         0.17117    0.35563   108%   305 3555s
 1306667 1032221    0.34024   34   69    0.17117    0.35554   108%   305 3563s
 1309811 1034749    0.34749   32   76    0.17117    0.35547   108%   305 3572s
 1313099 1037378    0.35111   33   72    0.17117    0.35539   108%   305 3580s
 1316523 1039728     cutoff   35         0.17117    0.35531   108%   305 3589s
 1319692 1042258    0.34001   38   68    0.17117    0.35522   108%   305 3598s
 1323004 1044460    0.34136   38   71    0.17117    0.35514   107%   305 3607s
 1325866 1047013    0.18725   36   73    0.17117    0.35506   107%   305 3616s
 1329268 1049743    0.34427   34   79    0.17117    0.35497   107%   305 3625s
 1332787 1052483    0.32758   37   61    0.17117    0.35490   107%   305 3635s
 1336401 1054989    0.33100   36   69    0.17117    0.35480   107%   305 3643s
 1339711 1057539    0.33680   31   69    0.17117    0.35471   107%   305 3651s
 1343117 1060031    0.34315   37   72    0.17117    0.35462   107%   305 3660s
 1346424 1062547    0.35280   35   74    0.17117    0.35454   107%   305 3667s
 1349812 1065199    0.30271   35   75    0.17117    0.35446   107%   305 3674s
 1353280 1067538    0.31991   31   80    0.17117    0.35438   107%   305 3683s
 1356512 1070083    0.33091   36   67    0.17117    0.35429   107%   305 3692s
 1359820 1072480    0.33703   36   71    0.17117    0.35422   107%   305 3701s
 1363069 1075377    0.34338   35   73    0.17117    0.35413   107%   305 3711s
 1366855 1077449    0.33691   37   67    0.17117    0.35403   107%   305 3720s
 1369798 1079927    0.34865   34   70    0.17117    0.35396   107%   305 3730s
 1373066 1082313    0.34085   34   80    0.17117    0.35388   107%   305 3739s
 1376241 1084893    0.34419   36   67    0.17117    0.35380   107%   305 3748s
 1379703 1087322    0.33879   35   70    0.17117    0.35373   107%   305 3758s
 1382913 1090057    0.35061   32   75    0.17117    0.35363   107%   305 3767s
 1386403 1092652    0.34321   31   75    0.17117    0.35354   107%   305 3775s
 1389840 1095205    0.34093   35   66    0.17117    0.35347   106%   305 3782s
 1393199 1097924    0.32984   33   74    0.17117    0.35339   106%   305 3789s
 1396821 1100490    0.35130   35   74    0.17117    0.35329   106%   305 3797s
 1400184 1102939    0.34091   36   75    0.17117    0.35321   106%   304 3806s
 1403467 1105669    0.32391   34   72    0.17117    0.35313   106%   304 3814s
 1406964 1108189    0.32285   34   75    0.17117    0.35306   106%   304 3822s
 1410265 1110755    0.34015   37   61    0.17117    0.35297   106%   304 3829s
 1413657 1113110    0.34576   36   64    0.17117    0.35289   106%   304 3836s
 1416793 1114897    0.34516   36   70    0.17117    0.35282   106%   304 3846s
 1419154 1116558    0.35211   32   72    0.17117    0.35280   106%   304 3855s
 1421350 1118966    0.34821   39   70    0.17117    0.35277   106%   304 3864s
 1424466 1121135    0.34190   33   74    0.17117    0.35273   106%   304 3874s
 1427299 1123684    0.33846   34   68    0.17117    0.35268   106%   304 3889s
 1430642 1126128    0.32674   36   71    0.17117    0.35261   106%   304 3901s
 1433765 1128776    0.24085   41   63    0.17117    0.35253   106%   304 3912s
 1437150 1131707    0.33617   36   68    0.17117    0.35246   106%   304 3925s
 1440979 1134704    0.33211   36   67    0.17117    0.35238   106%   304 3936s
 1444819 1137594    0.33598   33   76    0.17117    0.35227   106%   304 3946s
 1448589 1140583     cutoff   37         0.17117    0.35211   106%   304 3956s
 1452520 1143396    0.34061   33   81    0.17117    0.35201   106%   304 3966s
 1456166 1146337 infeasible   37         0.17117    0.35193   106%   304 3975s
 1460032 1148734    0.34179   36   64    0.17117    0.35184   106%   304 3984s
 1463204 1151111    0.32782   37   73    0.17117    0.35177   106%   304 3992s
 1466370 1153811     cutoff   36         0.17117    0.35170   105%   304 4001s
 1469771 1156384    0.34996   35   70    0.17117    0.35163   105%   304 4009s
 1473096 1158923    0.35144   32   69    0.17117    0.35156   105%   304 4018s
 1476466 1161285    0.34149   34   65    0.17117    0.35149   105%   304 4026s
 1479573 1163978    0.33433   38   73    0.17117    0.35142   105%   304 4035s
 1482995 1166568    0.31576   37   72    0.17117    0.35136   105%   304 4044s
 1486315 1169473    0.34346   38   67    0.17117    0.35127   105%   304 4053s
 1490010 1171986    0.33560   34   68    0.17117    0.35119   105%   303 4062s
 1493310 1174455    0.33624   35   68    0.17117    0.35112   105%   303 4070s
 1496566 1176879    0.34540   32   62    0.17117    0.35105   105%   303 4079s
 1499692 1179474    0.34476   36   72    0.17117    0.35098   105%   303 4088s
 1503152 1182001    0.32965   33   65    0.17117    0.35091   105%   303 4096s
 1506521 1184536    0.33277   37   69    0.17117    0.35083   105%   303 4105s
 1509904 1187006    0.33082   35   73    0.17117    0.35077   105%   303 4113s
 1513149 1189571    0.33180   38   71    0.17117    0.35070   105%   303 4121s
 1516487 1192464    0.35024   36   69    0.17117    0.35062   105%   303 4129s
 1520281 1195058     cutoff   35         0.17117    0.35054   105%   303 4138s
 1523594 1197506    0.33432   37   72    0.17117    0.35046   105%   303 4144s
 1526902 1199869 infeasible   36         0.17117    0.35039   105%   303 4153s
 1530096 1202474    0.34461   35   74    0.17117    0.35032   105%   303 4161s
 1533439 1205015     cutoff   34         0.17117    0.35025   105%   303 4170s
 1536786 1207416    0.32706   37   71    0.17117    0.35018   105%   303 4178s
 1539984 1209844    0.33970   37   65    0.17117    0.35011   105%   303 4186s
 1543182 1212316     cutoff   37         0.17117    0.35004   104%   303 4195s
 1546476 1215184    0.33298   36   71    0.17117    0.34997   104%   303 4204s
 1550197 1217314    0.32214   38   63    0.17117    0.34989   104%   303 4213s
 1552971 1220012    0.34924   33   70    0.17117    0.34984   104%   303 4223s
 1556527 1222652     cutoff   39         0.17117    0.34976   104%   303 4232s
 1560053 1225111    0.33779   36   70    0.17117    0.34970   104%   303 4241s
 1563359 1227785     cutoff   36         0.17117    0.34962   104%   303 4250s
 1566836 1230210    0.31483   37   68    0.17117    0.34954   104%   303 4259s
 1570142 1232749     cutoff   36         0.17117    0.34948   104%   303 4267s
 1573503 1235444    0.34839   35   65    0.17117    0.34940   104%   303 4276s
 1576924 1238185    0.34928   37   63    0.17117    0.34933   104%   303 4285s
 1580578 1240753    0.33900   38   67    0.17117    0.34925   104%   303 4294s
 1583971 1243407 infeasible   37         0.17117    0.34918   104%   303 4302s
 1587389 1245910    0.34851   33   65    0.17117    0.34911   104%   303 4310s
 1590697 1248422    0.33494   36   73    0.17117    0.34904   104%   302 4319s
 1593937 1251034    0.32316   34   68    0.17117    0.34899   104%   302 4327s
 1597353 1253526    0.34045   34   69    0.17117    0.34892   104%   302 4336s
 1600606 1255893    0.32380   38   73    0.17117    0.34886   104%   302 4344s
 1603848 1258393    0.34290   33   75    0.17117    0.34878   104%   302 4354s
 1607122 1260904    0.34394   34   71    0.17117    0.34872   104%   302 4364s
 1610478 1263664    0.33141   33   72    0.17117    0.34865   104%   302 4373s
 1614087 1266093    0.22410   36   64    0.17117    0.34857   104%   302 4383s
 1617346 1268742    0.31251   38   71    0.17117    0.34850   104%   302 4392s
 1620964 1271392    0.33215   37   71    0.17117    0.34843   104%   302 4401s
 1624388 1273884    0.34373   31   71    0.17117    0.34835   104%   302 4409s
 1627774 1276448     cutoff   37         0.17117    0.34828   103%   302 4417s
 1631129 1279060    0.34160   35   68    0.17117    0.34822   103%   302 4425s
 1634566 1281719    0.34374   37   67    0.17117    0.34815   103%   302 4434s
 1638029 1284263     cutoff   38         0.17117    0.34809   103%   302 4442s
 1641421 1287147    0.33741   35   70    0.17117    0.34803   103%   302 4452s
 1645136 1289781    0.33575   33   72    0.17117    0.34794   103%   302 4460s
 1648590 1292369    0.33881   38   67    0.17117    0.34788   103%   302 4467s
 1651991 1294839    0.34583   32   72    0.17117    0.34781   103%   302 4473s
 1655277 1297302    0.34035   36   70    0.17117    0.34775   103%   302 4480s
 1658438 1299759    0.33759   36   74    0.17117    0.34769   103%   302 4489s
 1661792 1302437    0.34400   34   69    0.17117    0.34762   103%   302 4498s
 1665272 1304793    0.31862   39   65    0.17117    0.34756   103%   302 4505s
 1668334 1307719    0.34478   34   70    0.17117    0.34749   103%   302 4513s
 1672148 1310153     cutoff   36         0.17117    0.34743   103%   302 4522s
 1675316 1312627    0.26812   33   69    0.17117    0.34737   103%   302 4530s
 1678541 1315070    0.33459   39   65    0.17117    0.34731   103%   302 4536s
 1681824 1317614     cutoff   37         0.17117    0.34724   103%   302 4543s
 1685212 1320185 infeasible   35         0.17117    0.34718   103%   302 4552s
 1688623 1322735    0.31906   36   74    0.17117    0.34711   103%   301 4561s
 1691886 1325158     cutoff   36         0.17117    0.34705   103%   301 4567s
 1695071 1327650     cutoff   38         0.17117    0.34700   103%   301 4574s
 1698405 1330527    0.32576   34   67    0.17117    0.34693   103%   301 4583s
 1702181 1332751    0.33269   34   66    0.17117    0.34686   103%   301 4591s
 1705095 1335326    0.33836   33   78    0.17117    0.34681   103%   301 4599s
 1708565 1337895    0.34082   35   67    0.17117    0.34675   103%   301 4606s
 1711903 1340377    0.33606   36   74    0.17117    0.34668   103%   301 4613s
 1715171 1343043    0.34520   34   72    0.17117    0.34662   102%   301 4621s
 1718698 1345441    0.33714   35   60    0.17117    0.34655   102%   301 4629s
 1721938 1347985    0.33291   39   62    0.17117    0.34650   102%   301 4637s
 1725353 1350452    0.33850   34   72    0.17117    0.34643   102%   301 4646s
 1728564 1353298    0.33632   36   70    0.17117    0.34638   102%   301 4656s
 1732273 1355806    0.34168   35   67    0.17117    0.34631   102%   301 4664s
 1735631 1358389    0.32510   38   77    0.17117    0.34625   102%   301 4673s
 1738970 1360898    0.34525   33   75    0.17117    0.34619   102%   301 4681s
 1742306 1363384    0.32870   33   71    0.17117    0.34613   102%   301 4689s
 1745577 1365855    0.34063   36   63    0.17117    0.34607   102%   301 4698s
 1748910 1368410    0.34031   35   74    0.17117    0.34601   102%   301 4707s
 1752155 1371051    0.33336   37   69    0.17117    0.34596   102%   301 4716s
 1755496 1373398     cutoff   39         0.17117    0.34589   102%   301 4725s
 1758640 1375960 infeasible   38         0.17117    0.34584   102%   301 4735s
 1762087 1378724    0.32280   35   73    0.17117    0.34577   102%   301 4744s
 1765694 1380919    0.25054   39   71    0.17117    0.34571   102%   301 4752s
 1768571 1383516    0.33719   37   73    0.17117    0.34565   102%   301 4762s
 1772044 1386054    0.27076   38   66    0.17117    0.34559   102%   301 4771s
 1775488 1388586    0.33795   37   68    0.17117    0.34552   102%   301 4780s
 1778755 1391177    0.32993   36   68    0.17117    0.34547   102%   301 4789s
 1782261 1393761    0.33211   32   55    0.17117    0.34540   102%   301 4798s
 1785716 1396428     cutoff   38         0.17117    0.34534   102%   301 4807s
 1789158 1399264    0.34282   35   68    0.17117    0.34529   102%   301 4816s
 1792790 1401916    0.32997   34   77    0.17117    0.34523   102%   300 4826s
 1796249 1404472 infeasible   36         0.17117    0.34517   102%   300 4834s
 1799599 1406942     cutoff   35         0.17117    0.34511   102%   300 4842s
 1802938 1409414    0.33209   36   67    0.17117    0.34506   102%   300 4851s
 1806173 1411919     cutoff   37         0.17117    0.34499   102%   300 4860s
 1809474 1414229    0.33459   35   70    0.17117    0.34494   102%   300 4869s
 1812597 1416541     cutoff   36         0.17117    0.34488   101%   300 4876s
 1815808 1419066    0.34281   34   67    0.17117    0.34482   101%   300 4883s
 1819234 1421903    0.33036   36   67    0.17117    0.34476   101%   300 4890s
 1822966 1424471    0.31960   35   71    0.17117    0.34469   101%   300 4899s
 1826281 1426934    0.34121   34   76    0.17117    0.34463   101%   300 4907s
 1829585 1429358    0.21326   38   68    0.17117    0.34458   101%   300 4916s
 1832696 1431779    0.29762   38   69    0.17117    0.34451   101%   300 4924s
 1836063 1434386    0.32574   36   70    0.17117    0.34445   101%   300 4933s
 1839488 1436839    0.33097   34   53    0.17117    0.34439   101%   300 4941s
 1842800 1439299    0.33011   37   64    0.17117    0.34434   101%   300 4950s
 1846057 1441819     cutoff   37         0.17117    0.34428   101%   300 4958s
 1849402 1444537     cutoff   34         0.17117    0.34422   101%   300 4968s
 1852971 1447115     cutoff   41         0.17117    0.34417   101%   300 4977s
 1856419 1449676    0.32964   33   68    0.17117    0.34410   101%   300 4985s
 1859814 1452230    0.31322   34   72    0.17117    0.34405   101%   300 4994s
 1863142 1454752    0.33788   33   75    0.17117    0.34399   101%   300 5002s
 1866500 1457173    0.31570   35   76    0.17117    0.34393   101%   300 5011s
 1869729 1459261    0.32640   37   69    0.17117    0.34388   101%   300 5019s
 1872455 1461976    0.32335   34   70    0.17117    0.34384   101%   300 5027s
 1876018 1464545    0.34358   32   61    0.17117    0.34377   101%   300 5034s
 1879384 1467465    0.33553   39   68    0.17117    0.34371   101%   300 5043s
 1883173 1469925    0.32450   38   66    0.17117    0.34365   101%   300 5050s
 1886399 1472503    0.33565   41   68    0.17117    0.34360   101%   300 5059s
 1889780 1475099    0.33778   32   73    0.17117    0.34354   101%   300 5067s
 1893168 1477530    0.34211   33   66    0.17117    0.34348   101%   299 5073s
 1896385 1479945    0.32407   35   74    0.17117    0.34343   101%   299 5081s
 1899577 1482489     cutoff   35         0.17117    0.34337   101%   299 5089s
 1902958 1484894    0.34221   34   70    0.17117    0.34332   101%   299 5098s
 1906218 1487387    0.32488   36   65    0.17117    0.34326   101%   299 5107s
 1909391 1490246     cutoff   37         0.17117    0.34321   101%   299 5117s
 1913143 1492631    0.32634   36   65    0.17117    0.34316   100%   299 5125s
 1916346 1495111    0.34169   34   72    0.17117    0.34309   100%   299 5134s
 1919710 1497577    0.32632   33   75    0.17117    0.34304   100%   299 5143s
 1923016 1500010    0.32213   34   72    0.17117    0.34299   100%   299 5151s
 1926291 1502481    0.33338   36   74    0.17117    0.34293   100%   299 5158s
 1929640 1504882     cutoff   38         0.17117    0.34287   100%   299 5165s
 1932884 1507404    0.32311   38   72    0.17117    0.34282   100%   299 5172s
 1936247 1509912    0.33045   35   68    0.17117    0.34276   100%   299 5181s
 1939504 1512647    0.34071   33   75    0.17117    0.34271   100%   299 5190s
 1943195 1515143    0.33152   34   72    0.17117    0.34265   100%   299 5199s
 1946495 1517573    0.34169   32   62    0.17117    0.34259   100%   299 5208s
 1949799 1519902    0.33583   33   72    0.17117    0.34254   100%   299 5217s
 1952995 1522455    0.32268   33   76    0.17117    0.34249   100%   299 5226s
 1956276 1525015     cutoff   34         0.17117    0.34243   100%   299 5234s
 1959685 1527606    0.33657   32   57    0.17117    0.34239   100%   299 5243s
 1963050 1530017    0.32591   37   67    0.17117    0.34233   100%   299 5252s
 1966233 1532326     cutoff   36         0.17117    0.34228   100%   299 5260s
 1969226 1534986    0.33627   31   70    0.17117    0.34224   100%   299 5270s
 1972882 1537366    0.33228   38   63    0.17117    0.34218   100%   299 5279s
 1975990 1540005    0.26180   36   68    0.17117    0.34213   100%   299 5288s
 1979529 1542575     cutoff   38         0.17117    0.34207   100%   299 5297s
 1982923 1545052    0.32736   37   70    0.17117    0.34203   100%   299 5306s
 1986149 1547690    0.33096   35   62    0.17117    0.34197   100%   299 5314s
 1989611 1550223    0.33044   36   71    0.17117    0.34192   100%   299 5323s
 1992928 1552494    0.30576   38   60    0.17117    0.34186   100%   299 5332s
 1995957 1555094    0.32863   40   64    0.17117    0.34182   100%   298 5339s
 1999430 1557987     cutoff   40         0.17117    0.34176   100%   298 5347s
 2003222 1560387    0.33288   34   78    0.17117    0.34170   100%   298 5353s
 2006431 1562806    0.31545   38   72    0.17117    0.34165   100%   298 5361s
 2009626 1565411    0.32921   37   67    0.17117    0.34159   100%   298 5370s
 2013018 1567835    0.33552   39   66    0.17117    0.34154   100%   298 5379s
 2016242 1570363    0.34113   34   60    0.17117    0.34149  99.5%   298 5387s
 2019675 1572961    0.32597   38   69    0.17117    0.34144  99.5%   298 5396s
 2023094 1575507     cutoff   34         0.17117    0.34139  99.4%   298 5405s
 2026414 1577947    0.34113   34   69    0.17117    0.34134  99.4%   298 5413s
 2029601 1580780    0.33234   35   72    0.17117    0.34129  99.4%   298 5423s
 2033308 1583255    0.34085   31   64    0.17117    0.34124  99.4%   298 5432s
 2036578 1585811    0.33766   36   67    0.17117    0.34119  99.3%   298 5440s
 2039914 1588283    0.31065   38   71    0.17117    0.34113  99.3%   298 5449s
 2043200 1590823    0.33274   34   77    0.17117    0.34108  99.3%   298 5458s
 2046535 1593310    0.31327   36   71    0.17117    0.34104  99.2%   298 5466s
 2049859 1595976    0.33833   35   70    0.17117    0.34098  99.2%   298 5475s
 2053321 1598468    0.32867   34   76    0.17117    0.34094  99.2%   298 5483s
 2056657 1601091    0.31899   38   70    0.17117    0.34088  99.1%   298 5492s
 2060000 1603960    0.32515   33   64    0.17117    0.34083  99.1%   298 5502s
 2063665 1606283    0.33146   33   72    0.17117    0.34078  99.1%   298 5510s
 2066847 1608756    0.34025   35   65    0.17117    0.34073  99.1%   298 5519s
 2070149 1611316    0.33968   31   68    0.17117    0.34068  99.0%   298 5528s
 2073521 1613902     cutoff   35         0.17117    0.34063  99.0%   298 5537s
 2076946 1616434    0.33462   37   72    0.17117    0.34058  99.0%   298 5546s
 2080352 1618996    0.25176   35   68    0.17117    0.34054  98.9%   298 5555s
 2083720 1621440 infeasible   38         0.17117    0.34048  98.9%   298 5564s
 2086906 1624073 infeasible   34         0.17117    0.34043  98.9%   298 5573s
 2090399 1626842    0.28549   38   67    0.17117    0.34039  98.9%   298 5582s
 2094086 1629267    0.32191   35   69    0.17117    0.34033  98.8%   298 5590s
 2097254 1631587    0.34028   37   75    0.17117    0.34028  98.8%   297 5600s
 2100340 1634252    0.27245   38   71    0.17117    0.34024  98.8%   297 5607s
 2103832 1636912    0.32448   39   66    0.17117    0.34019  98.7%   297 5613s
 2107341 1639476     cutoff   36         0.17117    0.34014  98.7%   297 5620s
 2110650 1641985    0.19335   35   78    0.17117    0.34009  98.7%   297 5629s
 2113935 1644643    0.30110   37   77    0.17117    0.34004  98.7%   297 5638s
 2117429 1647199 infeasible   35         0.17117    0.33999  98.6%   297 5647s
 2120820 1649975     cutoff   39         0.17117    0.33994  98.6%   297 5657s
 2124511 1652527    0.33781   34   72    0.17117    0.33988  98.6%   297 5665s
 2127768 1655111    0.33220   37   54    0.17117    0.33983  98.5%   297 5674s
 2131160 1657627    0.33130   36   69    0.17117    0.33978  98.5%   297 5683s
 2134381 1660130    0.33190   34   71    0.17117    0.33974  98.5%   297 5692s
 2137695 1662704    0.33077   37   71    0.17117    0.33970  98.5%   297 5701s
 2141058 1665264    0.33282   37   61    0.17117    0.33964  98.4%   297 5710s
 2144470 1667558    0.32677   37   69    0.17117    0.33960  98.4%   297 5719s
 2147548 1670230    0.32490   40   61    0.17117    0.33956  98.4%   297 5728s
 2150994 1672980    0.31113   39   66    0.17117    0.33950  98.3%   297 5737s
 2154702 1675555    0.33784   32   63    0.17117    0.33945  98.3%   297 5746s
 2158001 1678095     cutoff   39         0.17117    0.33941  98.3%   297 5755s
 2161345 1680535    0.31807   33   64    0.17117    0.33936  98.3%   297 5764s
 2164591 1683211    0.33683   35   71    0.17117    0.33931  98.2%   297 5773s
 2167992 1685845    0.33171   39   72    0.17117    0.33927  98.2%   297 5781s
 2171384 1687919    0.33850   37   67    0.17117    0.33922  98.2%   297 5789s
 2174178 1690410     cutoff   35         0.17117    0.33918  98.1%   297 5798s
 2177549 1692859    0.32563   32   70    0.17117    0.33913  98.1%   297 5808s
 2180810 1695589    0.31287   35   69    0.17117    0.33908  98.1%   297 5817s
 2184457 1698196    0.32159   34   71    0.17117    0.33903  98.1%   297 5826s
 2187877 1700780     cutoff   36         0.17117    0.33898  98.0%   297 5834s
 2191235 1703342    0.23894   38   68    0.17117    0.33894  98.0%   297 5841s
 2194537 1705842    0.33741   31   73    0.17117    0.33890  98.0%   297 5849s
 2197771 1708480    0.32783   38   65    0.17117    0.33885  98.0%   297 5858s
 2201119 1711064     cutoff   39         0.17117    0.33881  97.9%   296 5866s
 2204475 1713520     cutoff   38         0.17117    0.33877  97.9%   296 5875s
 2207826 1715919    0.30683   33   67    0.17117    0.33872  97.9%   296 5884s
 2211081 1718787    0.30285   37   68    0.17117    0.33867  97.9%   296 5894s
 2214864 1721271    0.32842   39   69    0.17117    0.33862  97.8%   296 5903s
 2218092 1723813    0.32625   36   63    0.17117    0.33858  97.8%   296 5910s
 2221399 1726119    0.33001   37   68    0.17117    0.33853  97.8%   296 5916s
 2224498 1728613    0.32518   37   66    0.17117    0.33849  97.7%   296 5924s
 2227742 1731133    0.32457   36   73    0.17117    0.33845  97.7%   296 5933s
 2231042 1733828    0.33840   34   71    0.17117    0.33840  97.7%   296 5942s
 2234457 1736205    0.33755   33   67    0.17117    0.33836  97.7%   296 5950s
 2237639 1738807    0.31492   35   73    0.17117    0.33831  97.6%   296 5959s
 2241057 1741604    0.31219   35   66    0.17117    0.33828  97.6%   296 5969s
 2244761 1744131     cutoff   37         0.17117    0.33822  97.6%   296 5978s
 2248058 1746669     cutoff   38         0.17117    0.33818  97.6%   296 5986s
 2251341 1749183    0.30550   36   79    0.17117    0.33813  97.5%   296 5996s
 2254677 1751696    0.33784   36   70    0.17117    0.33809  97.5%   296 6004s
 2257871 1754315    0.32175   35   66    0.17117    0.33804  97.5%   296 6013s
 2261294 1756782    0.32571   38   64    0.17117    0.33800  97.5%   296 6022s
 2264558 1759414    0.31858   33   71    0.17117    0.33795  97.4%   296 6028s
 2267846 1761717    0.31786   38   70    0.17117    0.33791  97.4%   296 6035s
 2270883 1764534    0.32915   35   70    0.17117    0.33786  97.4%   296 6044s
 2274634 1767011    0.32322   35   74    0.17117    0.33782  97.4%   296 6053s
 2277951 1769419     cutoff   37         0.17117    0.33777  97.3%   296 6062s
 2281157 1771872    0.28259   41   68    0.17117    0.33774  97.3%   296 6070s
 2284438 1774418    0.31990   36   66    0.17117    0.33769  97.3%   296 6079s
 2287738 1777003    0.32586   34   65    0.17117    0.33765  97.3%   296 6087s
 2291078 1779437    0.31354   32   76    0.17117    0.33761  97.2%   296 6097s
 2294217 1782122    0.33613   36   58    0.17117    0.33757  97.2%   296 6105s
 2297673 1784553    0.32130   38   66    0.17117    0.33753  97.2%   296 6114s
 2300992 1787276     cutoff   38         0.17117    0.33749  97.2%   296 6124s
 2304538 1789766    0.28919   38   66    0.17117    0.33743  97.1%   296 6133s
 2307783 1792283 infeasible   36         0.17117    0.33739  97.1%   295 6142s
 2311129 1794898    0.33237   34   70    0.17117    0.33735  97.1%   295 6150s
 2314635 1797521    0.33538   35   67    0.17117    0.33731  97.1%   295 6156s
 2318119 1799144    0.31993   39   71    0.17117    0.33726  97.0%   295 6163s
 2320366 1801227     cutoff   42         0.17117    0.33725  97.0%   295 6173s
 2322976 1803149    0.31547   34   74    0.17117    0.33724  97.0%   295 6184s
H2323880 1803144                       0.1711800    0.33723  97.0%   295 6186s
 2325555 1805857     cutoff   37         0.17118    0.33721  97.0%   295 6196s
 2329088 1808819    0.32212   33   63    0.17118    0.33712  96.9%   295 6206s
 2333032 1811609    0.32915   36   66    0.17118    0.33707  96.9%   295 6216s
 2336690 1814264    0.30423   37   72    0.17118    0.33702  96.9%   295 6225s
 2340064 1816765    0.31378   32   71    0.17118    0.33698  96.9%   295 6234s
 2343361 1819436    0.32337   40   73    0.17118    0.33694  96.8%   295 6240s
 2346792 1821820    0.29317   36   74    0.17118    0.33689  96.8%   295 6247s
 2350004 1824487     cutoff   37         0.17118    0.33685  96.8%   295 6256s
 2353365 1826843    0.32622   35   65    0.17118    0.33681  96.8%   295 6265s
 2356385 1829502    0.32462   38   67    0.17118    0.33677  96.7%   295 6274s
 2359865 1831906    0.33026   36   52    0.17118    0.33674  96.7%   295 6282s
 2363042 1834717    0.31527   38   74    0.17118    0.33669  96.7%   295 6292s
 2366700 1837143     cutoff   39         0.17118    0.33665  96.7%   295 6301s
 2369817 1839916    0.31679   40   63    0.17118    0.33660  96.6%   295 6310s
 2373308 1842551    0.31978   40   67    0.17118    0.33656  96.6%   295 6319s
 2376719 1844996    0.31771   37   69    0.17118    0.33652  96.6%   295 6326s
 2379858 1847848     cutoff   38         0.17118    0.33648  96.6%   295 6333s
 2383483 1850306     cutoff   37         0.17118    0.33643  96.5%   295 6339s
 2386754 1852638    0.33376   34   69    0.17118    0.33639  96.5%   295 6346s
 2389775 1855394     cutoff   38         0.17118    0.33635  96.5%   295 6353s
 2393342 1858295    0.32595   39   64    0.17118    0.33631  96.5%   295 6363s
 2397146 1860700    0.32813   38   61    0.17118    0.33626  96.4%   295 6373s
 2400399 1863293    0.29238   40   68    0.17118    0.33622  96.4%   295 6381s
 2403771 1865547    0.32967   35   69    0.17118    0.33618  96.4%   295 6390s
 2406789 1868105    0.33468   35   73    0.17118    0.33614  96.4%   295 6398s
 2410185 1870561    0.31728   38   67    0.17118    0.33610  96.3%   295 6407s
 2413434 1873004    0.32890   39   72    0.17118    0.33606  96.3%   295 6415s
 2416709 1875472    0.31915   34   63    0.17118    0.33602  96.3%   295 6423s
 2419924 1878014    0.33325   39   72    0.17118    0.33598  96.3%   294 6430s
 2423269 1880843    0.33450   35   68    0.17118    0.33595  96.3%   294 6439s
 2426947 1883504    0.33447   35   74    0.17118    0.33590  96.2%   294 6447s
 2430380 1885965    0.28868   37   66    0.17118    0.33586  96.2%   294 6456s
 2433587 1888278     cutoff   37         0.17118    0.33582  96.2%   294 6463s
 2436617 1890698    0.32377   37   68    0.17118    0.33578  96.2%   294 6470s
 2439907 1893294    0.32392   40   69    0.17118    0.33574  96.1%   294 6477s
 2443346 1895917     cutoff   34         0.17118    0.33570  96.1%   294 6483s
 2446698 1898351    0.32443   35   69    0.17118    0.33566  96.1%   294 6490s
 2450000 1900623    0.33393   34   67    0.17118    0.33561  96.1%   294 6498s
 2452867 1903287    0.31736   34   70    0.17118    0.33558  96.0%   294 6507s
 2456361 1906040    0.31985   34   76    0.17118    0.33554  96.0%   294 6516s
 2459979 1908516    0.32350   39   66    0.17118    0.33549  96.0%   294 6524s
 2463187 1911125    0.32562   33   63    0.17118    0.33546  96.0%   294 6531s
 2466590 1913587    0.32198   35   72    0.17118    0.33541  95.9%   294 6539s
 2469861 1916079    0.32880   38   62    0.17118    0.33537  95.9%   294 6548s
 2473106 1918672    0.31896   40   68    0.17118    0.33533  95.9%   294 6557s
 2476515 1921029    0.33245   37   71    0.17118    0.33530  95.9%   294 6564s
 2479641 1923683     cutoff   38         0.17118    0.33526  95.8%   294 6573s
 2483195 1926393    0.32230   34   73    0.17118    0.33521  95.8%   294 6583s
 2486755 1929028     cutoff   37         0.17118    0.33517  95.8%   294 6591s
 2490173 1931672    0.32806   38   68    0.17118    0.33513  95.8%   294 6598s
 2493596 1934209    0.31660   40   64    0.17118    0.33509  95.8%   294 6605s
 2496865 1936772    0.32047   34   61    0.17118    0.33504  95.7%   294 6611s
 2500227 1939304    0.32004   34   68    0.17118    0.33500  95.7%   294 6618s
 2503491 1941916    0.33012   36   65    0.17118    0.33496  95.7%   294 6627s
 2506900 1944465     cutoff   35         0.17118    0.33492  95.7%   294 6635s
 2510218 1947073 infeasible   37         0.17118    0.33488  95.6%   294 6642s
 2513574 1949869    0.32544   35   46    0.17118    0.33485  95.6%   294 6651s
 2517254 1952311    0.32936   37   62    0.17118    0.33481  95.6%   294 6660s
 2520548 1954823 infeasible   37         0.17118    0.33476  95.6%   294 6668s
 2523791 1957313     cutoff   40         0.17118    0.33473  95.5%   294 6674s
 2527064 1959868    0.32616   32   71    0.17118    0.33468  95.5%   294 6683s
 2530374 1962172    0.32429   34   69    0.17118    0.33464  95.5%   294 6692s
 2533447 1964868    0.33335   35   61    0.17118    0.33461  95.5%   294 6700s
 2536935 1967475    0.32790   31   63    0.17118    0.33457  95.4%   294 6708s
 2540300 1969583    0.32353   35   65    0.17118    0.33452  95.4%   294 6717s
 2543063 1972370    0.32740   36   66    0.17118    0.33449  95.4%   293 6727s
 2546735 1974827    0.31514   33   65    0.17118    0.33445  95.4%   293 6736s
 2549951 1977405     cutoff   38         0.17118    0.33441  95.4%   293 6744s
 2553293 1979989 infeasible   37         0.17118    0.33437  95.3%   293 6753s
 2556544 1982662    0.31040   37   72    0.17118    0.33433  95.3%   293 6761s
 2560033 1985212    0.31747   37   73    0.17118    0.33429  95.3%   293 6770s
 2563410 1987751    0.30985   35   70    0.17118    0.33425  95.3%   293 6778s
 2566757 1990145    0.32304   38   64    0.17118    0.33421  95.2%   293 6788s
 2569911 1992746    0.32512   37   66    0.17118    0.33417  95.2%   293 6796s
 2573254 1995454    0.31869   35   71    0.17118    0.33413  95.2%   293 6806s
 2576780 1998072    0.32537   36   71    0.17118    0.33409  95.2%   293 6815s
 2580313 2000539    0.32420   38   72    0.17118    0.33405  95.1%   293 6824s
 2583608 2003143     cutoff   40         0.17118    0.33401  95.1%   293 6833s
 2586922 2005672    0.32378   34   73    0.17118    0.33397  95.1%   293 6842s
 2590292 2008252    0.19628   39   66    0.17118    0.33393  95.1%   293 6850s
 2593669 2010781    0.31220   38   68    0.17118    0.33389  95.1%   293 6859s
 2596996 2013285    0.31191   35   75    0.17118    0.33386  95.0%   293 6868s
 2600283 2016020    0.25933   38   71    0.17118    0.33382  95.0%   293 6876s
 2603782 2018828    0.31561   39   65    0.17118    0.33378  95.0%   293 6886s
 2607411 2021475     cutoff   35         0.17118    0.33374  95.0%   293 6895s
 2610767 2023935    0.30909   38   69    0.17118    0.33370  94.9%   293 6904s
 2614047 2026262    0.31238   38   70    0.17118    0.33366  94.9%   293 6913s
 2617197 2028622    0.33023   37   67    0.17118    0.33362  94.9%   293 6923s
 2620372 2031259 infeasible   38         0.17118    0.33359  94.9%   293 6932s
 2623839 2033764    0.30678   41   68    0.17118    0.33355  94.9%   293 6940s
 2627149 2036322     cutoff   40         0.17118    0.33351  94.8%   293 6949s
 2630465 2038870    0.30759   38   66    0.17118    0.33347  94.8%   293 6959s
 2633893 2041388    0.32854   38   49    0.17118    0.33343  94.8%   293 6968s
 2637317 2044180    0.33200   33   78    0.17118    0.33339  94.8%   293 6978s
 2641006 2046647    0.31771   37   67    0.17118    0.33335  94.7%   293 6986s
 2644173 2049285    0.31780   35   69    0.17118    0.33331  94.7%   293 6995s
 2647678 2051833    0.32425   37   69    0.17118    0.33327  94.7%   293 7004s
 2651028 2054433    0.31093   36   73    0.17118    0.33323  94.7%   293 7012s
 2654390 2056793     cutoff   34         0.17118    0.33320  94.6%   293 7021s
 2657599 2059366    0.31762   41   64    0.17118    0.33316  94.6%   293 7030s
 2661023 2061942    0.31748   34   78    0.17118    0.33312  94.6%   293 7037s
 2664352 2064666    0.31023   35   65    0.17118    0.33308  94.6%   293 7045s
 2667925 2067103    0.31016   36   75    0.17118    0.33304  94.6%   292 7052s
 2671216 2069655     cutoff   37         0.17118    0.33301  94.5%   292 7061s
 2674547 2072238    0.31471   40   66    0.17118    0.33297  94.5%   292 7070s
 2677884 2074661    0.32487   35   70    0.17118    0.33293  94.5%   292 7079s
 2680985 2077334    0.33276   33   71    0.17118    0.33290  94.5%   292 7087s
 2684507 2079997    0.33073   33   69    0.17118    0.33286  94.4%   292 7096s
 2688058 2082319    0.31813   38   68    0.17118    0.33283  94.4%   292 7105s
 2691230 2083576    0.33169   36   60    0.17118    0.33279  94.4%   292 7118s
 2692853 2086094    0.31731   39   68    0.17118    0.33278  94.4%   292 7127s
 2696102 2088737    0.30987   38   68    0.17118    0.33276  94.4%   292 7137s
 2699681 2091258     cutoff   39         0.17118    0.33271  94.4%   292 7146s
 2703029 2093722    0.33187   32   65    0.17118    0.33265  94.3%   292 7155s
 2706307 2096089    0.31288   35   68    0.17118    0.33262  94.3%   292 7163s
 2709509 2098643    0.30579   36   76    0.17118    0.33258  94.3%   292 7170s
 2712911 2101056    0.30329   38   72    0.17118    0.33255  94.3%   292 7179s
 2716149 2103663 infeasible   36         0.17118    0.33251  94.2%   292 7187s
 2719645 2106180    0.31508   35   67    0.17118    0.33247  94.2%   292 7194s
 2722967 2108670    0.32612   39   70    0.17118    0.33244  94.2%   292 7203s
 2726263 2111352    0.30715   38   67    0.17118    0.33240  94.2%   292 7212s
 2729862 2113826    0.32903   34   72    0.17118    0.33236  94.2%   292 7223s
 2733160 2116438    0.30153   40   70    0.17118    0.33232  94.1%   292 7232s
 2736585 2118961    0.32753   36   66    0.17118    0.33228  94.1%   292 7240s
 2739936 2121454    0.33081   33   64    0.17118    0.33225  94.1%   292 7249s
 2743234 2124106    0.32197   34   75    0.17118    0.33221  94.1%   292 7258s
 2746618 2126701     cutoff   34         0.17118    0.33218  94.1%   292 7265s
 2750012 2129168    0.32159   34   71    0.17118    0.33214  94.0%   292 7271s
 2753207 2131433    0.31909   35   75    0.17118    0.33211  94.0%   292 7278s
 2756170 2134181    0.31048   35   76    0.17118    0.33207  94.0%   292 7286s
 2759822 2136797    0.32032   34   70    0.17118    0.33204  94.0%   292 7294s
 2761529 2136797    0.32057   37   68    0.17118    0.33203  94.0%   292 7295s
 2763189 2139302    0.32247   31   72    0.17118    0.33200  93.9%   292 7303s
 2766463 2141664    0.32325   40   66    0.17118    0.33196  93.9%   292 7311s
 2769615 2144046    0.31785   35   60    0.17118    0.33193  93.9%   292 7320s
 2772800 2146637     cutoff   41         0.17118    0.33190  93.9%   292 7329s
 2776202 2149221    0.31490   34   63    0.17118    0.33186  93.9%   292 7338s
 2779618 2151724    0.31861   38   70    0.17118    0.33183  93.8%   292 7347s
 2782915 2154357    0.31031   34   66    0.17118    0.33179  93.8%   292 7356s
 2786284 2157110    0.32408   34   64    0.17118    0.33176  93.8%   292 7365s
 2789937 2159703    0.31372   40   69    0.17118    0.33172  93.8%   292 7373s
 2793262 2162283     cutoff   37         0.17118    0.33168  93.8%   292 7382s
 2796619 2164836    0.32594   39   70    0.17118    0.33164  93.7%   292 7391s
 2799949 2167394    0.31364   38   71    0.17118    0.33160  93.7%   292 7400s
 2803310 2169884    0.31953   35   65    0.17118    0.33157  93.7%   292 7408s
 2806573 2172240    0.32857   32   73    0.17118    0.33154  93.7%   291 7417s
 2809743 2174765    0.31062   33   65    0.17118    0.33150  93.7%   291 7426s
 2813109 2177331    0.31916   40   68    0.17118    0.33147  93.6%   291 7435s
 2816452 2180013    0.32005   40   72    0.17118    0.33143  93.6%   291 7445s
 2819931 2182630    0.32352   38   71    0.17118    0.33140  93.6%   291 7454s
 2823428 2185170     cutoff   38         0.17118    0.33136  93.6%   291 7464s
 2826652 2187858    0.29346   37   66    0.17118    0.33132  93.6%   291 7473s
 2830227 2190445     cutoff   42         0.17118    0.33128  93.5%   291 7482s
 2833668 2192888    0.31302   35   64    0.17118    0.33125  93.5%   291 7490s
 2837014 2195318    0.32191   38   70    0.17118    0.33122  93.5%   291 7499s
 2840226 2197860    0.29953   35   80    0.17118    0.33118  93.5%   291 7507s
 2843542 2200388    0.31537   34   71    0.17118    0.33114  93.4%   291 7516s
 2846934 2202989    0.27891   36   69    0.17118    0.33111  93.4%   291 7526s
 2850319 2205636    0.23217   39   67    0.17118    0.33107  93.4%   291 7536s
 2853816 2208384    0.31313   34   77    0.17118    0.33104  93.4%   291 7545s
 2857354 2210920    0.25778   38   72    0.17118    0.33100  93.4%   291 7554s
 2860614 2213579    0.33080   33   59    0.17118    0.33097  93.3%   291 7563s
 2864102 2216066    0.31324   33   72    0.17118    0.33093  93.3%   291 7572s
 2867430 2218629    0.32613   35   74    0.17118    0.33089  93.3%   291 7580s
 2870859 2221245    0.32675   34   69    0.17118    0.33086  93.3%   291 7586s
 2874239 2223883     cutoff   36         0.17118    0.33083  93.3%   291 7593s
 2877652 2226472    0.31367   38   72    0.17118    0.33079  93.2%   291 7600s
 2881073 2229288    0.30478   38   63    0.17118    0.33076  93.2%   291 7608s
 2884720 2231700    0.32092   38   68    0.17118    0.33072  93.2%   291 7617s
 2887903 2234464     cutoff   35         0.17118    0.33068  93.2%   291 7625s
 2891464 2237103    0.31428   33   70    0.17118    0.33065  93.2%   291 7633s
 2894904 2239651 infeasible   36         0.17118    0.33061  93.1%   291 7642s
 2898195 2242140     cutoff   39         0.17118    0.33058  93.1%   291 7651s
 2901405 2244627    0.31983   37   69    0.17118    0.33055  93.1%   291 7660s
 2904781 2247140    0.31327   35   70    0.17118    0.33051  93.1%   291 7669s
 2908066 2250042    0.31932   35   69    0.17118    0.33048  93.1%   291 7678s
 2911826 2252550     cutoff   40         0.17118    0.33044  93.0%   291 7687s
 2915117 2255050    0.31563   38   71    0.17118    0.33041  93.0%   291 7695s
 2918381 2257176    0.31101   33   67    0.17118    0.33038  93.0%   291 7702s
 2921182 2259606    0.32087   37   72    0.17118    0.33034  93.0%   291 7711s
 2924401 2262210     cutoff   39         0.17118    0.33031  93.0%   291 7719s
 2927896 2264729 infeasible   36         0.17118    0.33028  92.9%   291 7728s
 2931265 2267289    0.32883   33   61    0.17118    0.33024  92.9%   291 7736s
 2934580 2269759    0.31143   35   71    0.17118    0.33021  92.9%   291 7746s
 2937876 2272671     cutoff   39         0.17118    0.33018  92.9%   291 7755s
 2941589 2275203    0.31475   38   70    0.17118    0.33014  92.9%   290 7763s
 2944893 2277613     cutoff   39         0.17118    0.33010  92.8%   290 7772s
 2948066 2279907    0.24469   39   75    0.17118    0.33007  92.8%   290 7781s
 2951141 2281999    0.32804   33   57    0.17118    0.33004  92.8%   290 7791s
 2953881 2284527     cutoff   39         0.17118    0.33001  92.8%   290 7800s
 2957086 2287248    0.30173   38   69    0.17118    0.32998  92.8%   290 7808s
 2960685 2289919    0.32249   37   68    0.17118    0.32995  92.7%   290 7815s
 2964251 2292558    0.25079   37   64    0.17118    0.32991  92.7%   290 7822s
 2967580 2295354    0.32106   36   66    0.17118    0.32988  92.7%   290 7829s
 2971265 2297908    0.31925   37   71    0.17118    0.32984  92.7%   290 7838s
 2974570 2300435    0.31252   36   70    0.17118    0.32981  92.7%   290 7847s
 2977791 2302988    0.32180   35   68    0.17118    0.32978  92.6%   290 7855s
 2981123 2305556    0.31599   34   73    0.17118    0.32974  92.6%   290 7865s
 2984432 2308102    0.32101   35   72    0.17118    0.32971  92.6%   290 7873s
 2987723 2310733    0.26095   40   70    0.17118    0.32968  92.6%   290 7881s
 2991127 2313152    0.32051   40   69    0.17118    0.32964  92.6%   290 7887s
 2994272 2315671    0.32663   33   74    0.17118    0.32961  92.6%   290 7897s
 2997574 2318509     cutoff   40         0.17118    0.32958  92.5%   290 7906s
 3001314 2320871    0.30866   35   69    0.17118    0.32954  92.5%   290 7914s
 3004494 2323428    0.31163   40   66    0.17118    0.32951  92.5%   290 7923s
 3007861 2325836    0.32417   36   67    0.17118    0.32948  92.5%   290 7932s
 3011029 2328475    0.32671   32   69    0.17118    0.32945  92.5%   290 7940s
 3014423 2331209     cutoff   40         0.17118    0.32941  92.4%   290 7947s
 3017932 2332449    0.31478   36   74    0.17118    0.32938  92.4%   290 7955s
 3019507 2334969    0.28992   37   72    0.17118    0.32937  92.4%   290 7963s
 3022837 2337526    0.31088   34   63    0.17118    0.32936  92.4%   290 7972s
 3026270 2340274 infeasible   36         0.17118    0.32931  92.4%   290 7981s
 3029894 2342781    0.18555   38   62    0.17118    0.32927  92.4%   290 7991s
 3033141 2345537    0.32037   36   69    0.17118    0.32923  92.3%   290 8001s
 3036846 2348001     cutoff   38         0.17118    0.32920  92.3%   290 8010s
 3040176 2350746    0.32062   36   53    0.17118    0.32916  92.3%   290 8020s
 3043797 2353217    0.31663   39   68    0.17118    0.32913  92.3%   290 8029s
 3047070 2355841     cutoff   35         0.17118    0.32910  92.3%   290 8037s
 3050567 2358458    0.32551   39   68    0.17118    0.32907  92.2%   290 8046s
 3053933 2360997    0.31089   34   74    0.17118    0.32903  92.2%   290 8055s
 3057289 2363496    0.32727   35   60    0.17118    0.32900  92.2%   290 8064s
 3060639 2366235    0.32129   38   70    0.17118    0.32897  92.2%   290 8074s
 3064279 2368626    0.31472   36   71    0.17118    0.32893  92.2%   290 8083s
 3067525 2371170    0.31411   33   61    0.17118    0.32890  92.1%   290 8092s
 3070903 2373640    0.32825   36   64    0.17118    0.32887  92.1%   290 8101s
 3074171 2376232    0.29896   36   72    0.17118    0.32883  92.1%   290 8110s
 3077462 2378924    0.32787   32   69    0.17118    0.32880  92.1%   290 8118s
 3080944 2381417    0.32387   35   69    0.17118    0.32877  92.1%   290 8127s
 3084262 2383928    0.31536   37   71    0.17118    0.32874  92.0%   290 8135s
 3087567 2386451    0.32489   37   64    0.17118    0.32871  92.0%   290 8141s
 3090873 2389366    0.31972   37   71    0.17118    0.32868  92.0%   290 8150s
 3094667 2391604 infeasible   33         0.17118    0.32864  92.0%   289 8158s
 3097577 2394132    0.26341   39   67    0.17118    0.32862  92.0%   289 8167s
 3100849 2396756    0.31997   35   71    0.17118    0.32859  92.0%   289 8176s
 3104252 2399304     cutoff   38         0.17118    0.32856  91.9%   289 8184s
 3107660 2401880     cutoff   37         0.17118    0.32852  91.9%   289 8193s
 3111031 2404387    0.29605   38   63    0.17118    0.32849  91.9%   289 8201s
 3114383 2407041    0.32145   39   65    0.17118    0.32846  91.9%   289 8210s
 3117788 2409548    0.30952   38   69    0.17118    0.32843  91.9%   289 8219s
 3121126 2412201    0.31641   39   70    0.17118    0.32840  91.8%   289 8229s
 3124605 2414706    0.31631   35   54    0.17118    0.32836  91.8%   289 8238s
 3127883 2417370    0.32640   36   65    0.17118    0.32834  91.8%   289 8247s
 3131389 2420012    0.31148   34   69    0.17118    0.32830  91.8%   289 8256s
 3134835 2422726    0.32747   37   69    0.17118    0.32827  91.8%   289 8265s
 3138353 2425338    0.32321   38   69    0.17118    0.32824  91.8%   289 8274s
 3141741 2427852     cutoff   38         0.17118    0.32821  91.7%   289 8283s
 3145137 2430297    0.32329   34   70    0.17118    0.32818  91.7%   289 8291s
 3148452 2432725    0.31581   38   68    0.17118    0.32814  91.7%   289 8300s
 3151603 2435469    0.32276   36   73    0.17118    0.32811  91.7%   289 8309s
 3155163 2438077    0.30505   39   70    0.17118    0.32808  91.7%   289 8317s
 3158528 2440690    0.31500   34   75    0.17118    0.32805  91.6%   289 8325s
 3161919 2443318    0.30728   36   70    0.17118    0.32802  91.6%   289 8331s
 3165282 2445755    0.31497   40   71    0.17118    0.32799  91.6%   289 8340s
 3168470 2448089    0.30768   38   64    0.17118    0.32796  91.6%   289 8349s
 3171639 2450787    0.30862   38   68    0.17118    0.32793  91.6%   289 8356s
 3175099 2453238     cutoff   38         0.17118    0.32790  91.6%   289 8365s
 3178349 2455792    0.32281   33   76    0.17118    0.32787  91.5%   289 8374s
 3181623 2458517    0.31538   38   70    0.17118    0.32784  91.5%   289 8383s
 3185146 2461095    0.31837   39   71    0.17118    0.32781  91.5%   289 8390s
 3188567 2463600    0.30933   33   73    0.17118    0.32778  91.5%   289 8396s
 3191895 2466154     cutoff   38         0.17118    0.32775  91.5%   289 8403s
 3195292 2468605     cutoff   40         0.17118    0.32771  91.4%   289 8412s
 3198475 2468629    0.30845   38   68    0.17118    0.32768  91.4%   289 8422s
 3198515 2468653    0.31870   37   69    0.17118    0.32767  91.4%   289 8430s
 3198555 2468673    0.31867   38   70    0.17118    0.32767  91.4%   289 8439s
 3198599 2468695    0.30719   31   65    0.17118    0.32767  91.4%   289 8451s
H3198635 2468695                       0.1711800    0.32767  91.4%   289 8453s
 3198640 2468788    0.32133   38   69    0.17118    0.32767  91.4%   289 8466s
H3198645 2468788                       0.1711800    0.32767  91.4%   289 8467s
 3198786 2468987    0.31391   36   62    0.17118    0.32766  91.4%   289 8477s
 3199076 2469152    0.31338   40   66    0.17118    0.32766  91.4%   289 8488s
 3199294 2469489     cutoff   38         0.17118    0.32766  91.4%   289 8500s
 3199727 2469904     cutoff   35         0.17118    0.32766  91.4%   289 8517s
 3200294 2470445    0.30184   35   74    0.17118    0.32765  91.4%   289 8533s
 3201000 2472157    0.31707   40   65    0.17118    0.32765  91.4%   289 8549s
 3203289 2474019     cutoff   40         0.17118    0.32765  91.4%   289 8568s
 3205814 2478296    0.30527   39   68    0.17118    0.32764  91.4%   289 8585s
 3211354 2480859     cutoff   39         0.17118    0.32762  91.4%   289 8594s
 3214766 2483635    0.30432   38   68    0.17118    0.32755  91.3%   289 8602s
 3218397 2486092 infeasible   40         0.17118    0.32750  91.3%   289 8608s
 3221691 2488711    0.31895   41   65    0.17118    0.32745  91.3%   289 8615s
 3225065 2491428    0.30916   32   64    0.17118    0.32742  91.3%   289 8621s
 3228599 2494010    0.31790   36   66    0.17118    0.32739  91.3%   289 8630s
 3231898 2496574     cutoff   37         0.17118    0.32736  91.2%   289 8639s
 3235281 2499132    0.32651   38   68    0.17118    0.32733  91.2%   289 8648s
 3238586 2501682    0.31834   36   69    0.17118    0.32730  91.2%   289 8655s
 3241979 2504460    0.32151   33   61    0.17118    0.32727  91.2%   289 8665s
 3245684 2507048    0.30945   38   72    0.17118    0.32724  91.2%   288 8674s
 3249061 2509521    0.32207   40   67    0.17118    0.32721  91.1%   288 8682s
 3252355 2512100    0.31121   38   66    0.17118    0.32718  91.1%   288 8691s
 3255763 2514566     cutoff   34         0.17118    0.32715  91.1%   288 8700s
 3258980 2517177     cutoff   35         0.17118    0.32712  91.1%   288 8708s
 3262308 2519650    0.30805   38   69    0.17118    0.32709  91.1%   288 8717s
 3265636 2522120    0.32453   36   69    0.17118    0.32706  91.1%   288 8725s
 3268930 2524670     cutoff   34         0.17118    0.32703  91.0%   288 8734s
 3272194 2527480 infeasible   37         0.17118    0.32700  91.0%   288 8743s
 3275884 2530078    0.32311   38   67    0.17118    0.32697  91.0%   288 8752s
 3279209 2532565    0.23490   39   68    0.17118    0.32694  91.0%   288 8760s
 3282502 2535033     cutoff   37         0.17118    0.32691  91.0%   288 8769s
 3285691 2537568    0.31163   37   67    0.17118    0.32688  91.0%   288 8777s
 3289003 2540016 infeasible   37         0.17118    0.32686  90.9%   288 8786s
 3292269 2542432    0.31308   34   65    0.17118    0.32683  90.9%   288 8795s
 3295523 2544854 infeasible   41         0.17118    0.32680  90.9%   288 8804s
 3298725 2546194    0.30998   37   63    0.17118    0.32677  90.9%   288 8817s
H3299127 2546192                       0.1711820    0.32677  90.9%   288 8819s
 3300525 2548595    0.31186   37   70    0.17118    0.32677  90.9%   288 8829s
 3303816 2551315    0.31000   34   69    0.17118    0.32673  90.9%   288 8839s
 3307421 2553903    0.32033   35   63    0.17118    0.32669  90.8%   288 8847s
 3310849 2556458    0.20837   37   71    0.17118    0.32667  90.8%   288 8856s
 3314214 2558939    0.30834   33   69    0.17118    0.32664  90.8%   288 8864s
 3317527 2561355    0.31026   37   69    0.17118    0.32661  90.8%   288 8872s
 3320731 2563877    0.31135   33   78    0.17118    0.32658  90.8%   288 8881s
 3324074 2566436    0.30774   38   71    0.17118    0.32655  90.8%   288 8890s
 3327383 2569078    0.31900   38   69    0.17118    0.32652  90.7%   288 8898s
 3330747 2571383    0.32106   36   75    0.17118    0.32649  90.7%   288 8907s
 3334052 2574072    0.31627   38   68    0.17118    0.32646  90.7%   288 8916s
 3337683 2576583    0.31246   37   71    0.17118    0.32643  90.7%   288 8925s
 3341006 2579197     cutoff   37         0.17118    0.32640  90.7%   288 8933s
 3344465 2581695    0.30343   35   62    0.17118    0.32637  90.7%   288 8940s
 3347789 2584173    0.31673   37   64    0.17118    0.32634  90.6%   288 8947s
 3351078 2586598    0.31728   35   51    0.17118    0.32632  90.6%   288 8955s
 3354353 2589202    0.32576   32   60    0.17118    0.32628  90.6%   288 8963s
 3357733 2591644    0.31155   34   72    0.17118    0.32626  90.6%   288 8969s
 3361024 2594162    0.32399   38   69    0.17118    0.32623  90.6%   288 8978s
 3364306 2597015 infeasible   35         0.17118    0.32620  90.6%   288 8988s
 3368063 2599412    0.31516   36   62    0.17118    0.32617  90.5%   288 8996s
 3371282 2602105    0.31649   37   73    0.17118    0.32614  90.5%   288 9004s
 3374784 2604395 infeasible   38         0.17118    0.32612  90.5%   288 9013s
 3377754 2606812     cutoff   36         0.17118    0.32609  90.5%   288 9022s
 3380987 2609378    0.31885   34   61    0.17118    0.32607  90.5%   288 9031s
 3384368 2611876    0.31422   34   69    0.17118    0.32604  90.5%   288 9039s
 3387739 2614206    0.28406   37   73    0.17118    0.32601  90.4%   288 9048s
 3390706 2616646    0.31897   35   48    0.17118    0.32598  90.4%   288 9057s
 3393888 2619497 infeasible   38         0.17118    0.32596  90.4%   288 9065s
 3397611 2621994    0.31624   37   69    0.17118    0.32593  90.4%   288 9072s
 3400905 2624472    0.32141   34   68    0.17118    0.32590  90.4%   288 9081s
 3404201 2626830    0.31079   35   73    0.17118    0.32587  90.4%   287 9090s
 3407383 2629510    0.32157   37   67    0.17118    0.32583  90.3%   287 9098s
 3410852 2632082    0.31308   38   61    0.17118    0.32581  90.3%   287 9107s
 3414262 2634613    0.30417   36   66    0.17118    0.32578  90.3%   287 9115s
 3417635 2637045    0.31559   38   68    0.17118    0.32575  90.3%   287 9123s
 3420824 2639448    0.32123   39   67    0.17118    0.32573  90.3%   287 9131s
 3423990 2641945    0.31526   36   68    0.17118    0.32570  90.3%   287 9141s
 3427262 2644725    0.26681   38   69    0.17118    0.32567  90.2%   287 9150s
 3430936 2647460    0.31448   37   72    0.17118    0.32564  90.2%   287 9159s
 3434399 2650054    0.31655   39   66    0.17118    0.32561  90.2%   287 9168s
 3437902 2652728    0.31428   35   72    0.17118    0.32559  90.2%   287 9177s
 3441383 2655332    0.30844   41   60    0.17118    0.32556  90.2%   287 9185s
 3444753 2657934    0.21087   39   74    0.17118    0.32553  90.2%   287 9194s
 3448152 2660462    0.30658   33   65    0.17118    0.32550  90.1%   287 9203s
 3451437 2663202     cutoff   40         0.17118    0.32548  90.1%   287 9210s
 3454950 2666027    0.31476   36   69    0.17118    0.32545  90.1%   287 9218s
 3458701 2668555    0.30911   37   68    0.17118    0.32542  90.1%   287 9225s
 3462038 2671028     cutoff   38         0.17118    0.32539  90.1%   287 9233s
 3465290 2673598    0.32405   36   66    0.17118    0.32536  90.1%   287 9242s
 3468608 2676042    0.31603   34   76    0.17118    0.32534  90.1%   287 9250s
 3471876 2678448    0.30433   41   64    0.17118    0.32531  90.0%   287 9259s
 3475060 2681099    0.31657   39   69    0.17118    0.32528  90.0%   287 9267s
 3478384 2683721    0.32428   34   71    0.17118    0.32526  90.0%   287 9276s
 3481775 2686215    0.31400   34   70    0.17118    0.32523  90.0%   287 9284s
 3485096 2689107    0.31983   32   70    0.17118    0.32520  90.0%   287 9293s
 3488854 2690761    0.31229   34   69    0.17118    0.32517  90.0%   287 9305s
H3489326 2690761                       0.1711820    0.32517  90.0%   287 9307s
 3491027 2693339     cutoff   41         0.17118    0.32516  90.0%   287 9317s
 3494352 2695966    0.32095   36   75    0.17118    0.32515  89.9%   287 9327s
 3497875 2698585    0.31533   35   73    0.17118    0.32512  89.9%   287 9337s
 3501258 2701197    0.30037   39   72    0.17118    0.32509  89.9%   287 9344s
 3504725 2703925     cutoff   35         0.17118    0.32506  89.9%   287 9352s
 3508179 2706503    0.31000   38   70    0.17118    0.32503  89.9%   287 9359s
 3511567 2709079     cutoff   38         0.17118    0.32500  89.9%   287 9367s
 3514919 2711795    0.32447   33   69    0.17118    0.32498  89.8%   287 9377s
 3518482 2714386    0.31233   37   65    0.17118    0.32493  89.8%   287 9385s
 3521849 2717058     cutoff   41         0.17118    0.32490  89.8%   287 9393s
 3525307 2719610    0.30643   40   67    0.17118    0.32487  89.8%   287 9402s
 3528592 2722223    0.29915   39   64    0.17118    0.32485  89.8%   287 9411s
 3531956 2724677    0.30252   34   66    0.17118    0.32482  89.8%   287 9419s
 3535170 2727031    0.31294   38   67    0.17118    0.32480  89.7%   287 9425s
 3538166 2729665    0.32269   34   68    0.17118    0.32477  89.7%   287 9433s
 3541620 2732290    0.31366   37   65    0.17118    0.32475  89.7%   287 9442s
 3545061 2735079     cutoff   37         0.17118    0.32472  89.7%   287 9451s
 3548632 2737721    0.30785   37   72    0.17118    0.32469  89.7%   287 9460s
 3552098 2740203    0.25109   38   74    0.17118    0.32466  89.7%   287 9467s
 3555400 2742945    0.31484   36   69    0.17118    0.32464  89.6%   287 9474s
 3558883 2745313     cutoff   36         0.17118    0.32461  89.6%   286 9480s
 3562062 2747773    0.32429   33   69    0.17118    0.32459  89.6%   286 9487s
 3565281 2750411 infeasible   36         0.17118    0.32456  89.6%   286 9495s
 3568695 2752898    0.31207   35   71    0.17118    0.32453  89.6%   286 9504s
 3571990 2755477    0.30882   39   65    0.17118    0.32451  89.6%   286 9511s
 3575314 2758203    0.29873   35   71    0.17118    0.32448  89.6%   286 9518s
 3578905 2760698    0.32146   39   62    0.17118    0.32445  89.5%   286 9525s
 3582284 2763323    0.31457   37   63    0.17118    0.32443  89.5%   286 9535s
 3585667 2765959    0.31745   37   68    0.17118    0.32440  89.5%   286 9543s
 3589066 2768410    0.31094   33   70    0.17118    0.32437  89.5%   286 9549s
 3592318 2771034    0.31954   36   75    0.17118    0.32435  89.5%   286 9555s
 3595691 2773595    0.31154   36   75    0.17118    0.32432  89.5%   286 9563s
 3599058 2776316     cutoff   39         0.17118    0.32430  89.4%   286 9573s
 3602476 2778809    0.32131   34   51    0.17118    0.32427  89.4%   286 9580s
 3605798 2781705    0.22292   40   75    0.17118    0.32424  89.4%   286 9587s
 3609496 2784316    0.20319   43   61    0.17118    0.32422  89.4%   286 9594s
 3612857 2786926    0.30997   38   65    0.17118    0.32419  89.4%   286 9600s
 3616207 2789363    0.30356   33   69    0.17118    0.32416  89.4%   286 9607s
 3619418 2791888    0.32056   37   62    0.17118    0.32414  89.4%   286 9613s
 3622723 2794393    0.31428   36   72    0.17118    0.32411  89.3%   286 9620s
 3626013 2796782    0.31828   37   68    0.17118    0.32408  89.3%   286 9626s
 3629164 2799298    0.29169   36   71    0.17118    0.32406  89.3%   286 9634s
 3632434 2801878    0.30704   37   71    0.17118    0.32403  89.3%   286 9643s
 3635869 2804840    0.31328   34   70    0.17118    0.32400  89.3%   286 9652s
 3639666 2807292    0.30697   40   59    0.17118    0.32398  89.3%   286 9661s
 3642903 2809781    0.31807   35   79    0.17118    0.32395  89.2%   286 9669s
 3646186 2812270    0.30535   38   67    0.17118    0.32393  89.2%   286 9676s
 3649366 2814750    0.31203   39   71    0.17118    0.32390  89.2%   286 9682s
 3652697 2817317    0.28880   37   69    0.17118    0.32387  89.2%   286 9688s
 3656041 2819903    0.30603   42   68    0.17118    0.32385  89.2%   286 9697s
 3659430 2822483     cutoff   37         0.17118    0.32382  89.2%   286 9707s
 3662795 2825042    0.31159   36   67    0.17118    0.32380  89.2%   286 9714s
 3666170 2827848     cutoff   39         0.17118    0.32377  89.1%   286 9721s
 3669879 2830343    0.30500   39   59    0.17118    0.32374  89.1%   286 9727s
 3673106 2832843 infeasible   39         0.17118    0.32372  89.1%   286 9734s
 3676350 2835466    0.32338   34   68    0.17118    0.32369  89.1%   286 9741s
 3679705 2838128    0.31946   36   68    0.17118    0.32367  89.1%   286 9750s
 3683098 2840893    0.30063   40   70    0.17118    0.32364  89.1%   286 9759s
 3686598 2843418    0.30591   36   61    0.17118    0.32361  89.0%   286 9765s
 3689873 2845767    0.30806   38   68    0.17118    0.32359  89.0%   286 9772s
 3692942 2848303 infeasible   39         0.17118    0.32357  89.0%   286 9780s
 3696351 2851020    0.30595   40   65    0.17118    0.32354  89.0%   286 9788s
 3699858 2853687     cutoff   40         0.17118    0.32352  89.0%   286 9798s
 3703369 2856177    0.19865   37   65    0.17118    0.32349  89.0%   286 9806s
 3706629 2858941     cutoff   38         0.17118    0.32346  89.0%   286 9815s
 3710192 2861591    0.32169   35   66    0.17118    0.32343  88.9%   286 9823s
 3713684 2864081    0.31603   35   75    0.17118    0.32341  88.9%   286 9831s
 3716967 2866824    0.30875   36   50    0.17118    0.32338  88.9%   285 9840s
 3720403 2869276     cutoff   38         0.17118    0.32336  88.9%   285 9848s
 3723557 2871801     cutoff   35         0.17118    0.32334  88.9%   285 9857s
 3726927 2874507    0.31144   39   69    0.17118    0.32331  88.9%   285 9867s
 3730466 2877399    0.31620   37   59    0.17118    0.32328  88.9%   285 9876s
 3734136 2879941    0.30960   39   67    0.17118    0.32325  88.8%   285 9884s
 3737465 2882557    0.31017   37   77    0.17118    0.32322  88.8%   285 9892s
 3740788 2885128    0.30893   39   73    0.17118    0.32320  88.8%   285 9901s
 3744087 2887418    0.25125   39   66    0.17118    0.32318  88.8%   285 9909s
 3747065 2890025    0.31708   39   70    0.17118    0.32316  88.8%   285 9917s
 3750483 2892441    0.30721   36   66    0.17118    0.32313  88.8%   285 9926s
 3753665 2895142    0.32115   34   72    0.17118    0.32311  88.8%   285 9933s
 3757194 2897941    0.30589   34   73    0.17118    0.32308  88.7%   285 9940s
 3760842 2900454     cutoff   36         0.17118    0.32305  88.7%   285 9948s
 3764134 2903002    0.30688   40   63    0.17118    0.32303  88.7%   285 9957s
 3767451 2905480    0.32211   36   66    0.17118    0.32300  88.7%   285 9966s
 3770681 2908143     cutoff   37         0.17118    0.32297  88.7%   285 9974s
 3774176 2910767    0.31246   39   72    0.17118    0.32295  88.7%   285 9983s
 3777628 2913238    0.30535   39   67    0.17118    0.32292  88.6%   285 9992s
 3780828 2915845    0.31237   35   69    0.17118    0.32290  88.6%   285 10000s
 3784313 2918444     cutoff   41         0.17118    0.32287  88.6%   285 10008s
 3787697 2921165    0.30258   37   59    0.17118    0.32284  88.6%   285 10018s
 3791335 2923669     cutoff   40         0.17118    0.32281  88.6%   285 10026s
 3794629 2926239    0.32142   37   63    0.17118    0.32279  88.6%   285 10035s
 3798012 2928780    0.31344   35   70    0.17118    0.32276  88.5%   285 10044s
 3801397 2931353    0.31071   39   62    0.17118    0.32274  88.5%   285 10052s
 3804768 2933893     cutoff   41         0.17118    0.32271  88.5%   285 10060s
 3808124 2936407    0.18359   39   63    0.17118    0.32268  88.5%   285 10068s
 3811385 2938971     cutoff   39         0.17118    0.32266  88.5%   285 10075s
 3814778 2941482    0.30255   34   69    0.17118    0.32263  88.5%   285 10084s
 3818132 2943126    0.32111   37   65    0.17118    0.32261  88.5%   285 10094s
 3820328 2945792    0.31253   35   73    0.17118    0.32260  88.5%   285 10107s
 3823830 2948465 infeasible   32         0.17118    0.32260  88.5%   285 10120s
 3827330 2951036    0.28864   39   69    0.17118    0.32259  88.4%   285 10135s
H3827487 2951036                       0.1711823    0.32259  88.4%   285 10137s
 3830681 2953218    0.32160   31   72    0.17118    0.32257  88.4%   285 10150s
 3833518 2956066     cutoff   38         0.17118    0.32254  88.4%   285 10167s
 3837216 2959109    0.30725   36   71    0.17118    0.32252  88.4%   285 10185s
 3841213 2962104    0.30021   37   69    0.17118    0.32249  88.4%   285 10200s
 3845116 2965271    0.30757   37   68    0.17118    0.32246  88.4%   285 10208s
 3849260 2967897    0.31810   35   59    0.17118    0.32242  88.3%   285 10215s
 3852693 2970420    0.31247   36   70    0.17118    0.32238  88.3%   285 10225s
 3856043 2973157    0.30891   33   76    0.17118    0.32235  88.3%   285 10234s
 3859557 2975815 infeasible   39         0.17118    0.32232  88.3%   285 10243s
 3862998 2978532    0.31289   34   76    0.17118    0.32229  88.3%   285 10251s
 3866506 2980989    0.29151   37   66    0.17118    0.32225  88.3%   285 10260s
 3869798 2983687     cutoff   39         0.17118    0.32222  88.2%   285 10269s
 3873279 2986076     cutoff   39         0.17118    0.32220  88.2%   285 10278s
 3876428 2988701    0.30351   34   74    0.17118    0.32217  88.2%   285 10286s
 3879880 2991594    0.32190   40   61    0.17118    0.32215  88.2%   285 10295s
 3883581 2994229    0.27895   39   67    0.17118    0.32212  88.2%   284 10304s
 3886897 2996783    0.30326   38   72    0.17118    0.32209  88.2%   284 10312s
 3890268 2999233    0.26432   37   75    0.17118    0.32207  88.1%   284 10321s
 3893474 3001805    0.30668   36   66    0.17118    0.32205  88.1%   284 10330s
 3896792 3004456    0.30381   35   72    0.17118    0.32203  88.1%   284 10338s
 3900177 3006983    0.30331   40   69    0.17118    0.32200  88.1%   284 10347s
 3903405 3009621    0.31995   33   66    0.17118    0.32198  88.1%   284 10356s
 3906854 3012151    0.31368   36   61    0.17118    0.32195  88.1%   284 10364s
 3910156 3014675     cutoff   39         0.17118    0.32193  88.1%   284 10373s
 3913536 3017251     cutoff   38         0.17118    0.32190  88.0%   284 10382s
 3917016 3019953    0.29057   35   70    0.17118    0.32187  88.0%   284 10391s
 3920495 3022620    0.24180   38   72    0.17118    0.32185  88.0%   284 10400s
 3923989 3025273    0.31900   36   64    0.17118    0.32182  88.0%   284 10407s
 3927433 3027880    0.31708   36   64    0.17118    0.32180  88.0%   284 10413s
 3930776 3030274 infeasible   36         0.17118    0.32177  88.0%   284 10421s
 3933856 3032967    0.31965   37   51    0.17118    0.32175  88.0%   284 10429s
 3937313 3035479    0.30642   39   71    0.17118    0.32173  87.9%   284 10438s
 3940674 3038354    0.31789   33   71    0.17118    0.32170  87.9%   284 10447s
 3944398 3040728    0.29831   33   63    0.17118    0.32168  87.9%   284 10455s
 3947552 3043313    0.31555   35   67    0.17118    0.32165  87.9%   284 10463s
 3950960 3045903    0.32042   33   63    0.17118    0.32162  87.9%   284 10471s
 3954330 3048517     cutoff   38         0.17118    0.32160  87.9%   284 10479s
 3957716 3051107    0.31704   36   69    0.17118    0.32158  87.9%   284 10487s
 3961112 3053656    0.30570   35   72    0.17118    0.32155  87.8%   284 10495s
 3964444 3056116 infeasible   34         0.17118    0.32153  87.8%   284 10504s
 3967733 3058460     cutoff   40         0.17118    0.32150  87.8%   284 10510s
 3970799 3061345    0.31531   38   63    0.17118    0.32148  87.8%   284 10517s
 3974537 3063807    0.30813   37   74    0.17118    0.32146  87.8%   284 10524s
 3977747 3066346    0.31024   37   65    0.17118    0.32143  87.8%   284 10533s
 3981079 3068903    0.32111   33   67    0.17118    0.32141  87.8%   284 10543s
 3984446 3071464    0.30878   35   71    0.17118    0.32138  87.7%   284 10552s
 3987769 3074014    0.30586   35   66    0.17118    0.32136  87.7%   284 10560s
 3991041 3076603    0.27265   41   71    0.17118    0.32134  87.7%   284 10568s
 3994402 3079185     cutoff   39         0.17118    0.32131  87.7%   284 10577s
 3997756 3081723    0.23706   37   70    0.17118    0.32129  87.7%   284 10584s
 4001038 3084398     cutoff   36         0.17118    0.32127  87.7%   284 10591s
 4004647 3086993    0.30383   39   66    0.17118    0.32124  87.7%   284 10599s
 4008055 3089527     cutoff   37         0.17118    0.32122  87.6%   284 10608s
 4011427 3092021     cutoff   37         0.17118    0.32119  87.6%   284 10616s
 4014743 3094603    0.30457   35   72    0.17118    0.32117  87.6%   284 10624s
 4018257 3097212     cutoff   38         0.17118    0.32114  87.6%   284 10632s
 4021631 3099734     cutoff   38         0.17118    0.32112  87.6%   284 10640s
 4024954 3102142    0.31657   37   70    0.17118    0.32110  87.6%   284 10648s
 4028079 3104758    0.32087   36   64    0.17118    0.32107  87.6%   284 10657s
 4031517 3107625    0.30853   37   67    0.17118    0.32105  87.5%   284 10666s
 4035220 3109701    0.29990   39   67    0.17118    0.32102  87.5%   284 10674s
 4037984 3112340    0.31851   36   74    0.17118    0.32100  87.5%   284 10683s
 4041445 3115187     cutoff   38         0.17118    0.32098  87.5%   284 10691s
 4045067 3117816    0.30287   37   57    0.17118    0.32095  87.5%   284 10699s
 4048400 3120471    0.30870   36   68    0.17118    0.32093  87.5%   284 10705s
 4051895 3123026    0.30156   35   53    0.17118    0.32090  87.5%   284 10711s
 4055230 3125607    0.30485   39   72    0.17118    0.32088  87.5%   284 10718s
 4058613 3128278     cutoff   36         0.17118    0.32086  87.4%   283 10726s
 4061959 3131153    0.31999   33   64    0.17118    0.32083  87.4%   283 10735s
 4065677 3133593    0.31975   37   66    0.17118    0.32080  87.4%   283 10742s
 4068832 3136125    0.29849   38   67    0.17118    0.32078  87.4%   283 10749s
 4072284 3138719    0.31320   41   61    0.17118    0.32076  87.4%   283 10757s
 4075634 3141343    0.30776   36   64    0.17118    0.32073  87.4%   283 10765s
 4078996 3143810     cutoff   36         0.17118    0.32071  87.3%   283 10772s
 4082330 3146384    0.31501   35   64    0.17118    0.32069  87.3%   283 10780s
 4085680 3148904     cutoff   41         0.17118    0.32066  87.3%   283 10787s
 4088952 3151316    0.29994   40   64    0.17118    0.32064  87.3%   283 10794s
 4092187 3153975    0.30677   38   68    0.17118    0.32062  87.3%   283 10800s

Cutting planes:
  Gomory: 4
  Lift-and-project: 12
  Implied bound: 1
  Projected implied bound: 3
  MIR: 194
  Mixing: 1
  Flow cover: 460
  RLT: 561
  Relax-and-lift: 64

Explored 4095618 nodes (1160175620 simplex iterations) in 10800.05 seconds (16766.87 work units)
Thread count was 32 (of 255 available processors)

Solution count 10: 0.171182 0.171182 0.171173 ... 0.171172

Time limit reached
Best objective 1.711822577459e-01, best bound 3.205917899975e-01, gap 87.2810%

User-callback calls 8624504, time in user-callback 3.29 sec
source: 0 target: 5 model_arch: 3x50 perturbation type: occ perturbation size: [0, 3.0, 3.0, 5.0] dataset: mnist
Attack:   0%|          | 0/500 [00:00<?, ?it/s]Attack:   0%|          | 1/500 [00:00<00:52,  9.49it/s]Attack:   8%|▊         | 40/500 [00:00<00:02, 228.32it/s]Attack:  16%|█▌        | 80/500 [00:00<00:01, 303.97it/s]Attack:  24%|██▍       | 120/500 [00:00<00:01, 339.83it/s]Attack:  32%|███▏      | 160/500 [00:00<00:00, 360.93it/s]Attack:  40%|███▉      | 198/500 [00:00<00:00, 365.06it/s]Attack:  48%|████▊     | 238/500 [00:00<00:00, 373.54it/s]Attack:  56%|█████▌    | 279/500 [00:00<00:00, 383.34it/s]Attack:  64%|██████▍   | 319/500 [00:00<00:00, 386.06it/s]Attack:  72%|███████▏  | 358/500 [00:01<00:00, 384.30it/s]Attack:  80%|███████▉  | 398/500 [00:01<00:00, 386.06it/s]Attack:  88%|████████▊ | 438/500 [00:01<00:00, 387.47it/s]Attack:  95%|█████████▌| 477/500 [00:01<00:00, 386.45it/s]Attack: 100%|█████████▉| 499/500 [00:01<00:00, 360.35it/s]
best_val 0.0289839506149292
Set parameter WLSAccessID
Set parameter WLSSecret
Set parameter LicenseID to value 2478548
Academic license 2478548 - for non-commercial use only - registered to ne___@campus.technion.ac.il
Encoding the two copies...
apply_sibgate_constraints!: emitted 11 coupling lines (both-thin), 0 conditional triangles on org (org-dropped), 0 conditional triangles on pert (pert-dropped).
Encoding dependencies (activation_start=1, layers_offset=2)...
apply_n1_var_hints!: mode=VH_PREV_PGD, Start-consensus on 148 of 148 N2 binaries (pgd-silent-filled=34, pgd-agreed-nop=79, pgd-disagreed-withdrew=35, flipped=6, no-N1-match=0, Tech2-eliminated-but-survived=0)
0.17118225774587315  0.3205917899974635  10800.098798036575
Clean sample classification: 1
Perturbed sample classification: 1

══ Advanced-standard: loading N1 state from /root/Downloads/for_dana/vaghar_org/paper_experiments/mnist/3x50_exp/occ/eps_3,3,5/n1_state_3x50_19 (c_tag=1, c_target=6) ══
load_n1_state: loaded from /root/Downloads/for_dana/vaghar_org/paper_experiments/mnist/3x50_exp/occ/eps_3,3,5/n1_state_3x50_19 (c_tag=1, c_target=6, 1910 vars, 170 neurons, 0 basis)

══ Advanced-standard PASS 2: solving N2 with N1 info (c_tag=1, c_target=6) ══
set_n1_neuron_bounds: loaded 170 neuron bounds from N1
compute_n2_pert_relaxation_bounds: populated 2 ReLU layers
compute_n2_relax_decision!: τ=0.5, both=13 org-only=0 pert-only=0 none=74 (plus 13 stable neurons)
[notice | Main.MIPVerify]: Determining upper and lower bounds for the input to each non-linear unit.
Set parameter WLSAccessID
Set parameter WLSSecret
Set parameter LicenseID to value 2478548
Academic license 2478548 - for non-commercial use only - registered to ne___@campus.technion.ac.il
Set parameter TimeLimit to value 5
Set parameter TimeLimit to value 5
Set parameter WLSAccessID
Set parameter WLSSecret
Set parameter LicenseID to value 2478548
Academic license 2478548 - for non-commercial use only - registered to ne___@campus.technion.ac.il
Set parameter MIPFocus to value 3
Set parameter Cutoff to value 0.0289839506149292
Set parameter Threads to value 32
Set parameter TimeLimit to value 10800
Set parameter MIPGap to value 0.01
Set parameter Seed to value 4
Set parameter Seed to value 4
Set parameter MIPGap to value 0.01
Set parameter MIPFocus to value 3
Set parameter Cutoff to value 0.0289839506149292
Set parameter Threads to value 32
Set parameter TimeLimit to value 10800
Warning for adding constraints: zero or small (< 1e-13) coefficients, ignored
Gurobi Optimizer version 13.0.0 build v13.0.0rc1 (linux64 - "Ubuntu 20.04.2 LTS")

CPU model: AMD EPYC 7713 64-Core Processor, instruction set [SSE2|AVX|AVX2]
Thread count: 127 physical cores, 255 logical processors, using up to 32 threads

Non-default parameters:
Cutoff  0.0289839506149292
TimeLimit  10800
MIPGap  0.01
MIPFocus  3
Seed  4
Threads  32

Academic license 2478548 - for non-commercial use only - registered to ne___@campus.technion.ac.il
Optimize a model with 1647 rows, 1893 columns and 158225 nonzeros (Max)
Model fingerprint: 0x02cc8e63
Model has 1 linear objective coefficients
Variable types: 1745 continuous, 148 integer (148 binary)
Coefficient statistics:
  Matrix range     [1e-13, 4e+01]
  Objective range  [1e+00, 1e+00]
  Bounds range     [2e-09, 4e+01]
  RHS range        [4e-13, 3e+01]

User MIP start produced solution with objective 0.126074 (1.04s)
User MIP start produced solution with objective 0.126451 (1.05s)
User MIP start produced solution with objective 0.126451 (1.05s)
Loaded user MIP start with objective 0.126451
Processed MIP start in 1.05 seconds (0.88 work units)

Presolve removed 990 rows and 792 columns
Presolve time: 0.31s
Presolved: 657 rows, 1101 columns, 121149 nonzeros
Variable types: 953 continuous, 148 integer (148 binary)
Root relaxation presolve removed 12 rows and 11 columns
Root relaxation presolved: 645 rows, 1090 columns, 120031 nonzeros


Extra simplex iterations after uncrush: 28

Root relaxation: objective 6.359303e-01, 1494 iterations, 0.29 seconds (0.31 work units)

    Nodes    |    Current Node    |     Objective Bounds      |     Work
 Expl Unexpl |  Obj  Depth IntInf | Incumbent    BestBd   Gap | It/Node Time

     0     0    0.63593    0   80    0.12645    0.63593   403%     -    1s
     0     0    0.63562    0   79    0.12645    0.63562   403%     -    2s
     0     0    0.63562    0   79    0.12645    0.63562   403%     -    2s
     0     0    0.58943    0   81    0.12645    0.58943   366%     -    2s
     0     0    0.58785    0   83    0.12645    0.58785   365%     -    3s
     0     0    0.58785    0   81    0.12645    0.58785   365%     -    3s
H    0     0                       0.1264513    0.58785   365%     -    4s
H    0     0                       0.1264515    0.58785   365%     -    4s
H    0     0                       0.1264520    0.58785   365%     -    4s
     0     0    0.58175    0   83    0.12645    0.58175   360%     -    4s
     0     0    0.56872    0   80    0.12645    0.56872   350%     -    4s
     0     0    0.56872    0   80    0.12645    0.56872   350%     -    5s
     0     0    0.56297    0   83    0.12645    0.56297   345%     -    5s
     0     0    0.56297    0   81    0.12645    0.56297   345%     -    6s
     0     0    0.56297    0   80    0.12645    0.56297   345%     -    6s
     0     0    0.55843    0   80    0.12645    0.55843   342%     -    7s
H    0     0                       0.1264521    0.55843   342%     -    8s
H    0     0                       0.1264522    0.55843   342%     -    8s
H    0     2                       0.1264522    0.55843   342%     -    8s
     0     2    0.55843    0   80    0.12645    0.55843   342%     -    8s
H   14    16                       0.1264522    0.55843   342%   580    9s
    15    32    0.55843    4   70    0.12645    0.55843   342%   614   10s
H   33    64                       0.1303585    0.55843   328%   586   10s
H   36    64                       0.1306420    0.55843   327%   575   10s
   387   437    0.47972    7   90    0.13064    0.49676   280%   387   15s
   797   849    0.47298   14   60    0.13064    0.47298   262%   364   20s
  1076  1126    0.46143    8   75    0.13064    0.46399   255%   352   25s
  1302  1349    0.44985    9   72    0.13064    0.46042   252%   339   30s
  1496  1585    0.44392   12   72    0.13064    0.45785   250%   328   37s
H 1538  1585                       0.1306420    0.45747   250%   325   37s
  1708  1742    0.43697   12   70    0.13064    0.45670   250%   312   40s
H 1710  1742                       0.1306420    0.45670   250%   311   40s
H 1714  1742                       0.1334722    0.45659   242%   311   40s
H 2926  2927                       0.1408091    0.45332   222%   251   59s
H 2926  2927                       0.1422317    0.45332   219%   251   66s
  2929  2929    0.43928   12   80    0.14223    0.45332   219%   251   71s
  2932  2931    0.38928   19   83    0.14223    0.45332   219%   251   75s
  2935  2933    0.39471   18   85    0.14223    0.45332   219%   250   80s
  2999  3009    0.45332   15   79    0.14223    0.45332   219%   259   85s
  3186  3153    0.45332   17   77    0.14223    0.45332   219%   271   90s
H 3314  3055                       0.1422318    0.45332   219%   285   92s
  3381  3086    0.45332   18   73    0.14223    0.45332   219%   291   95s
  3477  3210    0.45332   16   81    0.14223    0.45332   219%   303  101s
  3596  3281    0.45078   17   78    0.14223    0.45332   219%   312  106s
  3694  3351    0.45159   19   70    0.14223    0.45332   219%   324  113s
  3818  3459    0.45038   19   77    0.14223    0.45332   219%   332  116s
  4088  3728    0.45332   19   78    0.14223    0.45332   219%   345  120s
  4445  3826    0.45332   21   76    0.14223    0.45332   219%   352  125s
  4557  3906    0.44402   18   78    0.14223    0.45332   219%   359  130s
H 4687  3868                       0.1422318    0.45332   219%   366  134s
  4740  3930    0.44421   21   71    0.14223    0.45332   219%   369  135s
H 4760  3791                       0.1779486    0.45332   155%   369  135s
  5664  4669    0.45332   18   74    0.17795    0.45332   155%   374  140s
  6957  5537    0.44614   21   74    0.17795    0.45332   155%   377  146s
  8101  6205    0.44636   20   75    0.17795    0.44946   153%   378  151s
  8642  6629    0.42894   21   69    0.17795    0.44701   151%   378  155s
H 8889  6421                       0.1779487    0.44613   151%   378  155s
H 9186  6527                       0.1782230    0.44507   150%   378  157s
  9766  7361    0.44248   20   72    0.17822    0.44370   149%   378  160s
 11356  8963    0.41597   21   72    0.17822    0.44053   147%   374  165s
 12507 10099    0.43597   18   77    0.17822    0.43718   145%   372  170s
 13722 11439    0.41558   22   68    0.17822    0.43439   144%   372  175s
 15828 13575    0.42962   18   74    0.17822    0.42962   141%   369  182s
 17420 15346    0.42621   21   76    0.17822    0.42702   140%   368  188s
 18338 16241    0.41988   21   68    0.17822    0.42553   139%   366  190s
 20294 18186    0.40603   22   69    0.17822    0.42223   137%   361  196s
 22250 20254    0.39626   22   70    0.17822    0.41871   135%   358  202s
 23280 20286    0.39767   24   69    0.17822    0.41713   134%   357  207s
 23312 20318    0.38443   22   72    0.17822    0.41660   134%   357  212s
H23318 20318                       0.1782231    0.41653   134%   357  212s
H23319 20318                       0.1783190    0.41651   134%   357  212s
H23331 20318                       0.1783658    0.41642   133%   358  212s
H23334 20318                       0.1841985    0.41635   126%   358  212s
 23344 21388    0.40229   18   74    0.18420    0.41618   126%   358  215s
 25575 23712    0.40566   23   74    0.18420    0.41374   125%   354  222s
 26766 24890    0.39542   23   74    0.18420    0.41192   124%   352  225s
 29259 27936    0.39882   23   72    0.18420    0.40842   122%   348  234s
 31062 28793    0.40571   19   74    0.18420    0.40650   121%   345  238s
 31939 30106    0.39707   24   70    0.18420    0.40557   120%   345  242s
 33274 31462    0.39251   24   66    0.18420    0.40442   120%   344  246s
 34664 32753    0.39917   23   71    0.18420    0.40316   119%   342  250s
 37399 35602    0.40100   22   70    0.18420    0.40100   118%   340  259s
 38902 37142    0.38620   21   76    0.18420    0.39982   117%   339  263s
 40470 38767    0.38260   24   74    0.18420    0.39882   117%   337  268s
 42117 38799    0.38394   24   69    0.18420    0.39771   116%   336  276s
H42138 38799                       0.1841985    0.39771   116%   336  276s
 42149 38864    0.38748   22   67    0.18420    0.39742   116%   336  281s
H42170 38864                       0.1841985    0.39735   116%   336  281s
H42214 38864                       0.1841986    0.39729   116%   336  281s
 42216 40383    0.36980   23   71    0.18420    0.39728   116%   336  287s
 43765 42283    0.38809   24   68    0.18420    0.39676   115%   335  292s
 45719 44214    0.36843   24   69    0.18420    0.39571   115%   333  297s
 47682 46180    0.38911   25   67    0.18420    0.39480   114%   332  303s
 49714 48046    0.38500   23   70    0.18420    0.39374   114%   330  309s
 51654 50156    0.38934   25   73    0.18420    0.39278   113%   329  315s
 53805 51990    0.37583   23   66    0.18420    0.39169   113%   328  321s
 55701 54353    0.38849   24   67    0.18420    0.39099   112%   327  328s
 58123 57591    0.37915   24   71    0.18420    0.39010   112%   325  337s
 61472 59960    0.38065   24   67    0.18420    0.38903   111%   323  344s
 63889 62414    0.37112   23   70    0.18420    0.38822   111%   321  351s
 66429 65089    0.36788   26   71    0.18420    0.38741   110%   320  359s
 69163 67771    0.37746   26   73    0.18420    0.38659   110%   318  365s
 71914 70651    0.37574   22   70    0.18420    0.38572   109%   317  370s
 74879 73503    0.37459   23   74    0.18420    0.38482   109%   315  375s
 77807 76534    0.37772   22   74    0.18420    0.38404   108%   314  384s
 80919 79690    0.36901   25   64    0.18420    0.38315   108%   313  393s
 84176 83099    0.36844   25   73    0.18420    0.38250   108%   312  402s
 87687 87112    0.38035   25   67    0.18420    0.38160   107%   311  413s
 91816 90717    0.37440   24   68    0.18420    0.38070   107%   309  423s
 95542 94043    0.37155   25   73    0.18420    0.37989   106%   308  432s
 98971 97426    0.36408   26   64    0.18420    0.37905   106%   307  441s
 102489 100682    0.37401   25   75    0.18420    0.37827   105%   305  450s
 105811 103841    0.34836   26   67    0.18420    0.37754   105%   304  459s
 109086 107153    0.37093   25   69    0.18420    0.37690   105%   303  467s
 112540 107184    0.36672   23   72    0.18420    0.37605   104%   302  479s
H112543 107184                       0.1841988    0.37604   104%   302  479s
 112573 109802    0.36571   25   75    0.18420    0.37593   104%   302  488s
H112919 109802                       0.1841989    0.37592   104%   302  488s
H113008 109799                       0.1853115    0.37592   103%   302  488s
 115265 111800    0.36430   28   67    0.18531    0.37541   103%   302  499s
H116294 111800                       0.1853115    0.37535   103%   302  499s
H116390 111800                       0.1853154    0.37535   103%   302  499s
 117308 111832    0.35741   25   69    0.18532    0.37527   103%   301  510s
H117309 111832                       0.1853695    0.37527   102%   301  510s
H117323 111832                       0.1853696    0.37519   102%   301  510s
 117340 124752    0.37439   24   72    0.18537    0.37512   102%   301  544s
 130621 128068    0.36937   22   74    0.18537    0.37246   101%   299  553s
 134052 131399    0.36950   22   72    0.18537    0.37196   101%   298  562s
 137484 134760    0.35504   24   69    0.18537    0.37127   100%   297  571s
 140991 138214    0.36298   26   69    0.18537    0.37061   100%   297  580s
 144562 141147    0.35873   24   71    0.18537    0.37001   100%   296  588s
 147607 145520    0.36245   25   68    0.18537    0.36947  99.3%   295  599s
 152117 148643    0.35421   26   69    0.18537    0.36876  98.9%   294  607s
 155380 151832    0.36532   25   65    0.18537    0.36818  98.6%   294  615s
 158667 155109    0.35503   27   72    0.18537    0.36768  98.3%   293  623s
 162073 158268    0.26093   27   65    0.18537    0.36711  98.0%   292  632s
 165338 161494    0.35514   28   69    0.18537    0.36657  97.7%   291  640s
 168680 164662    0.36610   23   66    0.18537    0.36612  97.5%   291  648s
 171993 167872    0.34379   28   65    0.18537    0.36560  97.2%   290  656s
 175348 170873    0.35763   25   64    0.18537    0.36507  96.9%   290  662s
 178502 175104    0.34896   24   73    0.18537    0.36461  96.7%   289  670s
 182912 175136    0.34262   27   67    0.18537    0.36394  96.3%   288  681s
H182918 175136                       0.1853699    0.36391  96.3%   288  681s
H182927 175136                       0.1853701    0.36387  96.3%   288  681s
 182944 177417    0.35435   25   72    0.18537    0.36384  96.3%   288  689s
 185319 180729    0.35894   26   70    0.18537    0.36356  96.1%   288  697s
 188772 184312    0.35139   28   69    0.18537    0.36301  95.8%   287  704s
 192513 187753    0.34892   27   71    0.18537    0.36252  95.6%   287  713s
 196148 191129    0.35636   26   67    0.18537    0.36205  95.3%   286  722s
 199685 194446    0.34246   26   71    0.18537    0.36153  95.0%   286  730s
 203166 197618    0.34400   25   68    0.18537    0.36111  94.8%   285  739s
 206480 200907    0.35355   29   68    0.18537    0.36065  94.6%   285  747s
 209916 204797    0.35038   28   68    0.18537    0.36012  94.3%   285  757s
 214029 208021    0.34994   27   70    0.18537    0.35960  94.0%   284  765s
 217395 211134    0.34658   27   69    0.18537    0.35917  93.8%   284  774s
 220660 214361    0.34927   25   71    0.18537    0.35883  93.6%   283  780s
 224075 217768    0.34449   26   71    0.18537    0.35843  93.4%   283  787s
 227683 220957    0.35022   26   69    0.18537    0.35798  93.1%   282  793s
 231067 224097    0.34258   26   64    0.18537    0.35756  92.9%   282  801s
 234389 227099    0.35200   24   70    0.18537    0.35720  92.7%   281  809s
 237588 230358    0.35481   26   70    0.18537    0.35685  92.5%   281  817s
 241033 234283    0.34434   29   67    0.18537    0.35641  92.3%   281  826s
 245214 237089    0.34904   28   71    0.18537    0.35594  92.0%   280  835s
 248195 240443    0.33895   28   70    0.18537    0.35558  91.8%   280  843s
 251718 243546    0.34650   28   67    0.18537    0.35525  91.6%   280  851s
 255013 246723    0.34332   27   67    0.18537    0.35484  91.4%   279  859s
 258381 249690    0.34986   26   65    0.18537    0.35449  91.2%   279  867s
 261527 249722    0.33872   27   66    0.18537    0.35410  91.0%   279  878s
H261529 249722                       0.1853701    0.35409  91.0%   279  878s
H261530 249722                       0.1853701    0.35408  91.0%   279  878s
H261533 249722                       0.1853702    0.35407  91.0%   279  878s
 261559 252329    0.33739   28   68    0.18537    0.35403  91.0%   279  886s
H261704 252329                       0.1853702    0.35403  91.0%   279  886s
H262485 252311                       0.1867171    0.35402  89.6%   279  886s
 264322 255793    0.35087   25   69    0.18672    0.35381  89.5%   279  895s
 267981 259116    0.34030   29   65    0.18672    0.35341  89.3%   278  904s
 271462 262716    0.35274   26   69    0.18672    0.35306  89.1%   278  914s
 275246 266163    0.33252   27   65    0.18672    0.35277  88.9%   278  923s
 278889 269523    0.34111   29   68    0.18672    0.35241  88.7%   277  931s
 282496 272504    0.30253   30   65    0.18672    0.35204  88.5%   277  939s
 285680 275834    0.33958   24   72    0.18672    0.35176  88.4%   277  946s
 289188 279176    0.33895   28   67    0.18672    0.35147  88.2%   276  954s
 292742 282250    0.34333   31   66    0.18672    0.35113  88.1%   276  961s
 295992 284736    0.33556   27   68    0.18672    0.35090  87.9%   276  969s
H296091 284736                       0.1867171    0.35089  87.9%   276  969s
H296771 284736                       0.1867171    0.35085  87.9%   275  969s
H298291 284736                       0.1867171    0.35082  87.9%   275  969s
 298603 287730    0.34445   29   64    0.18672    0.35081  87.9%   275  978s
 301774 291161    0.34129   25   70    0.18672    0.35066  87.8%   275  988s
 305391 294381    0.33768   26   68    0.18672    0.35030  87.6%   275  997s
 308792 297712    0.34931   24   73    0.18672    0.34998  87.4%   275 1006s
 312282 300906    0.34591   22   72    0.18672    0.34968  87.3%   274 1015s
 315646 304110    0.33659   23   71    0.18672    0.34939  87.1%   274 1024s
 319072 307403    0.33868   26   66    0.18672    0.34914  87.0%   274 1032s
 322550 310687    0.33950   27   68    0.18672    0.34871  86.8%   274 1040s
 326004 313923     cutoff   28         0.18672    0.34841  86.6%   273 1048s
 329462 317184    0.33633   27   69    0.18672    0.34815  86.5%   273 1055s
 332974 320610    0.32428   25   69    0.18672    0.34791  86.3%   273 1062s
 336612 320642    0.32818   30   62    0.18672    0.34767  86.2%   273 1071s
H336615 320632                       0.1871126    0.34767  85.8%   273 1072s
H336622 320610                       0.1879492    0.34764  85.0%   273 1072s
 336644 323216    0.33026   27   66    0.18795    0.34761  85.0%   273 1080s
 339387 327271    0.33499   26   69    0.18795    0.34743  84.9%   272 1090s
 343675 330469    0.32723   28   69    0.18795    0.34716  84.7%   272 1099s
 347070 334016    0.33761   30   66    0.18795    0.34692  84.6%   272 1108s
 350818 337511    0.34142   27   67    0.18795    0.34664  84.4%   272 1116s
 354569 340793    0.32837   29   63    0.18795    0.34641  84.3%   271 1125s
 358063 344132    0.33082   26   70    0.18795    0.34620  84.2%   271 1133s
 361595 347356    0.33368   25   69    0.18795    0.34596  84.1%   271 1141s
 365027 351175    0.33572   27   70    0.18795    0.34579  84.0%   271 1151s
 369057 354360    0.34314   25   69    0.18795    0.34551  83.8%   271 1159s
 372417 357528    0.33613   27   69    0.18795    0.34530  83.7%   270 1165s
 375824 360420    0.33324   30   67    0.18795    0.34508  83.6%   270 1171s
 378952 360452    0.33015   27   63    0.18795    0.34485  83.5%   270 1178s
H378979 360452                       0.1879492    0.34482  83.5%   270 1178s
 378984 360577    0.33167   27   67    0.18795    0.34482  83.5%   270 1184s
H379116 360577                       0.1879492    0.34480  83.5%   270 1184s
 379119 360801    0.33267   26   67    0.18795    0.34480  83.5%   270 1191s
H379130 360800                       0.1879709    0.34480  83.4%   270 1191s
H379131 360769                       0.1887084    0.34480  82.7%   270 1191s
 379357 364341    0.32799   30   65    0.18871    0.34479  82.7%   270 1199s
 383167 367773    0.33781   28   67    0.18871    0.34459  82.6%   270 1208s
 386846 371057    0.34435   26   65    0.18871    0.34437  82.5%   269 1217s
 390347 374273    0.34178   26   67    0.18871    0.34420  82.4%   269 1225s
H393821 374302                       0.1887084    0.34399  82.3%   269 1235s
H393836 374302                       0.1887085    0.34396  82.3%   269 1235s
H393847 374302                       0.1887088    0.34395  82.3%   269 1235s
 393856 376815    0.33353   27   67    0.18871    0.34394  82.3%   269 1242s
H394032 376787                       0.1894936    0.34394  81.5%   269 1242s
 396560 380428    0.32386   31   62    0.18949    0.34382  81.4%   269 1250s
 400453 383633    0.33568   26   66    0.18949    0.34360  81.3%   269 1259s
 403860 386808    0.33646   27   65    0.18949    0.34344  81.2%   268 1266s
 407249 390128    0.33526   30   64    0.18949    0.34325  81.1%   268 1274s
 407604 390128    0.33541   29   62    0.18949    0.34324  81.1%   268 1275s
 410775 393023    0.32456   28   65    0.18949    0.34304  81.0%   268 1281s
 413893 396298    0.33410   24   73    0.18949    0.34288  80.9%   268 1288s
 417409 399509    0.33875   29   69    0.18949    0.34270  80.8%   268 1294s
 420848 402608    0.33299   30   60    0.18949    0.34253  80.8%   268 1300s
 424164 405709    0.33358   29   69    0.18949    0.34234  80.7%   267 1306s
 427469 409418    0.33165   25   71    0.18949    0.34217  80.6%   267 1316s
 431415 412604    0.33374   28   67    0.18949    0.34194  80.5%   267 1324s
 434842 415581    0.33610   25   68    0.18949    0.34179  80.4%   267 1332s
 438032 418830    0.32264   26   67    0.18949    0.34162  80.3%   267 1340s
 441482 422124    0.32307   29   68    0.18949    0.34147  80.2%   267 1347s
 445016 425221    0.33892   28   66    0.18949    0.34129  80.1%   266 1355s
 448313 428343    0.33578   30   67    0.18949    0.34114  80.0%   266 1363s
 451632 431517    0.33454   28   68    0.18949    0.34098  79.9%   266 1371s
 454969 434716    0.33884   26   68    0.18949    0.34082  79.9%   266 1378s
 458362 438468    0.32784   29   69    0.18949    0.34064  79.8%   266 1388s
 462396 441502    0.32217   25   66    0.18949    0.34047  79.7%   266 1396s
 465605 444604    0.33836   26   72    0.18949    0.34032  79.6%   265 1404s
 468885 447752    0.32482   25   72    0.18949    0.34017  79.5%   265 1410s
 472235 447782    0.32590   29   72    0.18949    0.34001  79.4%   265 1417s
H472239 447782                       0.1894936    0.34001  79.4%   265 1418s
H472244 447782                       0.1894945    0.34000  79.4%   265 1418s
H472256 447664                       0.1917680    0.33999  77.3%   265 1418s
 472268 447694    0.31921   29   67    0.19177    0.33999  77.3%   265 1426s
H472269 447694                       0.1917680    0.33999  77.3%   265 1426s
H472277 447694                       0.1917680    0.33999  77.3%   265 1426s
H472278 447694                       0.1917680    0.33998  77.3%   265 1426s
H472283 447694                       0.1917683    0.33998  77.3%   265 1426s
H472302 448114                       0.1918020    0.33998  77.3%   265 1435s
 472773 451588    0.33092   28   69    0.19180    0.33997  77.2%   265 1444s
 473138 451588    0.32983   28   67    0.19180    0.33997  77.2%   265 1445s
 476532 454821    0.33801   25   67    0.19180    0.33981  77.2%   265 1453s
 480007 458237    0.33223   28   61    0.19180    0.33965  77.1%   265 1462s
 483611 461530    0.33316   26   70    0.19180    0.33949  77.0%   265 1470s
 487131 464824    0.32810   27   67    0.19180    0.33934  76.9%   265 1479s
 490594 468620    0.33587   26   68    0.19180    0.33918  76.8%   264 1489s
 494637 471786    0.32857   29   66    0.19180    0.33902  76.8%   264 1497s
 498006 474903    0.31292   31   64    0.19180    0.33887  76.7%   264 1505s
 501336 477950    0.32565   28   66    0.19180    0.33872  76.6%   264 1513s
 504604 481110    0.32443   26   64    0.19180    0.33858  76.5%   264 1520s
 507962 484084    0.27031   30   61    0.19180    0.33843  76.4%   264 1525s
 511114 487409    0.30253   30   68    0.19180    0.33829  76.4%   264 1532s
 514665 490672    0.33052   29   63    0.19180    0.33814  76.3%   263 1540s
 518152 493783    0.32639   28   62    0.19180    0.33799  76.2%   263 1547s
 521475 497529    0.31847   28   63    0.19180    0.33785  76.1%   263 1554s
 525483 500713    0.33520   27   69    0.19180    0.33768  76.1%   263 1559s
 528880 500744    0.31818   30   64    0.19180    0.33754  76.0%   263 1566s
H528889 500744                       0.1918020    0.33752  76.0%   263 1566s
H528898 500744                       0.1918030    0.33752  76.0%   263 1566s
 528913 502687    0.32207   28   65    0.19180    0.33751  76.0%   263 1572s
H529377 502687                       0.1918030    0.33750  76.0%   263 1572s
H529625 502687                       0.1918032    0.33750  76.0%   263 1572s
 530990 505884    0.33321   29   66    0.19180    0.33745  75.9%   263 1579s
 534428 509427    0.33432   28   67    0.19180    0.33730  75.9%   263 1585s
 538223 512746    0.33656   27   71    0.19180    0.33714  75.8%   262 1590s
 541773 516183    0.33660   27   72    0.19180    0.33701  75.7%   262 1596s
 545446 519462    0.29922   32   64    0.19180    0.33687  75.6%   262 1603s
 548938 522669    0.31697   28   65    0.19180    0.33676  75.6%   262 1608s
 552374 526461    0.32225   28   63    0.19180    0.33664  75.5%   262 1615s
 556424 529569    0.32248   29   62    0.19180    0.33650  75.4%   262 1621s
 559745 532656    0.32854   27   65    0.19180    0.33638  75.4%   262 1627s
 563027 535662    0.31415   29   69    0.19180    0.33629  75.3%   261 1633s
H566265 538097                       0.1918033    0.33618  75.3%   261 1639s
H566349 538097                       0.1918033    0.33617  75.3%   261 1639s
H566711 538093                       0.1918504    0.33616  75.2%   261 1639s
 568891 541340    0.32092   28   68    0.19185    0.33614  75.2%   261 1645s
 572359 544573    0.33558   25   68    0.19185    0.33595  75.1%   261 1651s
 575831 547786    0.33397   27   67    0.19185    0.33584  75.1%   261 1656s
 579280 551002    0.30985   27   68    0.19185    0.33569  75.0%   261 1662s
 582757 554633    0.31614   30   66    0.19185    0.33558  74.9%   261 1669s
 586683 557615    0.32963   31   57    0.19185    0.33544  74.8%   261 1675s
 589923 560830    0.32834   28   65    0.19185    0.33531  74.8%   260 1681s
 593381 563975     cutoff   30         0.19185    0.33518  74.7%   260 1687s
 596766 567108    0.32369   31   63    0.19185    0.33506  74.6%   260 1693s
 600133 569842    0.33387   26   70    0.19185    0.33494  74.6%   260 1699s
 603063 573166    0.32986   27   63    0.19185    0.33483  74.5%   260 1704s
 606619 576437    0.31142   29   68    0.19185    0.33471  74.5%   260 1709s
 610124 579501    0.31605   27   75    0.19185    0.33458  74.4%   260 1714s
 613417 579531    0.31851   26   67    0.19185    0.33446  74.3%   260 1721s
H613421 579531                       0.1918504    0.33445  74.3%   260 1721s
H613428 579531                       0.1918504    0.33445  74.3%   260 1721s
H613434 579531                       0.1918505    0.33445  74.3%   260 1721s
 613451 588376    0.32627   26   64    0.19185    0.33444  74.3%   260 1739s
 622891 591631    0.33089   28   62    0.19185    0.33414  74.2%   259 1745s
 626417 594915    0.31052   31   63    0.19185    0.33404  74.1%   259 1752s
 629968 598254    0.30608   28   70    0.19185    0.33392  74.1%   259 1758s
 633528 601455    0.32504   29   66    0.19185    0.33380  74.0%   259 1764s
 636967 604707    0.32336   30   68    0.19185    0.33367  73.9%   259 1770s
 640439 607774    0.32110   29   64    0.19185    0.33356  73.9%   259 1776s
 643741 611464    0.31806   28   67    0.19185    0.33345  73.8%   259 1783s
 647710 614544    0.32209   31   65    0.19185    0.33333  73.7%   259 1789s
 651027 617429    0.32225   27   66    0.19185    0.33322  73.7%   258 1795s
 654127 620558    0.31968   25   71    0.19185    0.33311  73.6%   258 1801s
 657509 623742    0.31357   29   68    0.19185    0.33299  73.6%   258 1807s
 660929 625949    0.32664   28   62    0.19185    0.33288  73.5%   258 1813s
H661122 625949                       0.1918505    0.33288  73.5%   258 1813s
H661515 625949                       0.1918505    0.33287  73.5%   258 1813s
H662008 625949                       0.1918505    0.33287  73.5%   258 1813s
H663011 625949                       0.1918505    0.33286  73.5%   258 1813s
H663108 625949                       0.1918505    0.33286  73.5%   258 1813s
H663112 625949                       0.1918506    0.33286  73.5%   258 1813s
 663310 629076    0.31574   31   65    0.19185    0.33286  73.5%   258 1819s
 666683 632060    0.31551   30   65    0.19185    0.33280  73.5%   258 1825s
 669884 635083    0.32226   30   64    0.19185    0.33267  73.4%   258 1831s
 673100 638522    0.20266   31   63    0.19185    0.33256  73.3%   258 1838s
 676811 641523    0.31584   27   67    0.19185    0.33245  73.3%   258 1844s
 677721 641523    0.32568   29   64    0.19185    0.33242  73.3%   258 1845s
 680011 644612    0.33190   29   66    0.19185    0.33235  73.2%   258 1851s
 683315 647478    0.32111   28   68    0.19185    0.33222  73.2%   258 1857s
 686357 651103    0.31365   30   65    0.19185    0.33209  73.1%   257 1863s
 690268 654434    0.32397   32   68    0.19185    0.33190  73.0%   257 1869s
 693818 657458     cutoff   26         0.19185    0.33179  72.9%   257 1876s
 697114 657488    0.32467   28   66    0.19185    0.33168  72.9%   257 1883s
H697115 657488                       0.1918506    0.33168  72.9%   257 1883s
H697116 657488                       0.1918507    0.33168  72.9%   257 1883s
 697148 660135    0.32281   30   67    0.19185    0.33166  72.9%   257 1889s
 700000 663554    0.32942   26   68    0.19185    0.33158  72.8%   257 1896s
 703698 667277    0.33047   28   64    0.19185    0.33145  72.8%   257 1903s
 707700 670411    0.32286   27   64    0.19185    0.33134  72.7%   257 1908s
 711064 673390    0.31199   28   71    0.19185    0.33123  72.7%   257 1914s
 714310 676401    0.31327   27   68    0.19185    0.33113  72.6%   257 1920s
 717590 679424    0.32359   29   69    0.19185    0.33104  72.6%   257 1926s
 720868 682504    0.32885   28   70    0.19185    0.33094  72.5%   257 1931s
 724144 685464    0.32028   25   70    0.19185    0.33084  72.4%   256 1937s
 727364 688501    0.32130   29   67    0.19185    0.33074  72.4%   256 1943s
 730584 691851    0.32807   27   65    0.19185    0.33063  72.3%   256 1949s
 734175 695614    0.31130   29   66    0.19185    0.33053  72.3%   256 1955s
 738193 698572    0.32222   27   69    0.19185    0.33040  72.2%   256 1961s
 741450 701435    0.31662   29   67    0.19185    0.33031  72.2%   256 1967s
 744523 704664    0.32311   29   63    0.19185    0.33024  72.1%   256 1973s
 748001 707785    0.33009   23   71    0.19185    0.33013  72.1%   256 1979s
 751346 711009    0.32928   26   69    0.19185    0.33002  72.0%   256 1984s
 754784 714139    0.32807   27   66    0.19185    0.32991  72.0%   256 1990s
 758128 717162    0.31480   31   66    0.19185    0.32981  71.9%   256 1996s
 761427 720174    0.31919   26   69    0.19185    0.32971  71.9%   256 2002s
 764724 723772    0.32400   29   68    0.19185    0.32960  71.8%   255 2009s
 768604 726660    0.32720   24   73    0.19185    0.32950  71.7%   255 2015s
 771717 729628    0.32707   27   67    0.19185    0.32939  71.7%   255 2021s
 774939 732874    0.31416   28   71    0.19185    0.32928  71.6%   255 2027s
 778425 732901    0.32827   24   70    0.19185    0.32918  71.6%   255 2035s
H778429 732901                       0.1918507    0.32918  71.6%   255 2035s
H778449 732901                       0.1918532    0.32916  71.6%   255 2035s
 778460 736001    0.29965   28   72    0.19185    0.32916  71.6%   255 2040s
 781805 739371    0.31610   26   71    0.19185    0.32906  71.5%   255 2046s
 785429 742456    0.31798   25   71    0.19185    0.32896  71.5%   255 2052s
 788771 745644    0.32019   29   61    0.19185    0.32886  71.4%   255 2059s
 792166 748800    0.32070   29   62    0.19185    0.32876  71.4%   255 2065s
 795542 752118    0.31228   31   66    0.19185    0.32867  71.3%   255 2072s
 799137 755623    0.32172   27   64    0.19185    0.32856  71.3%   255 2078s
 802927 758935    0.31748   31   64    0.19185    0.32847  71.2%   255 2084s
 806501 761983    0.31789   29   68    0.19185    0.32835  71.1%   254 2089s
 809794 765161    0.24579   31   61    0.19185    0.32827  71.1%   254 2095s
 813202 768146    0.31569   30   66    0.19185    0.32815  71.0%   254 2101s
 816419 771224    0.32033   30   68    0.19185    0.32806  71.0%   254 2107s
 819778 774327    0.30949   30   64    0.19185    0.32798  71.0%   254 2113s
 823074 777434    0.31284   32   63    0.19185    0.32787  70.9%   254 2119s
 826401 780896    0.31345   31   62    0.19185    0.32778  70.8%   254 2126s
 830113 784193    0.31592   27   66    0.19185    0.32767  70.8%   254 2132s
 833680 787320    0.24178   29   62    0.19185    0.32757  70.7%   254 2137s
 837046 790519    0.31249   28   67    0.19185    0.32747  70.7%   254 2143s
 840524 790550    0.31158   29   62    0.19185    0.32738  70.6%   254 2150s
H840525 790550                       0.1918532    0.32738  70.6%   254 2150s
H840541 790550                       0.1918533    0.32736  70.6%   254 2150s
H840542 790550                       0.1918533    0.32736  70.6%   254 2150s
 840557 792296    0.32296   28   66    0.19185    0.32736  70.6%   254 2156s
H840795 792296                       0.1918533    0.32736  70.6%   254 2156s
 842451 795366    0.30702   32   67    0.19185    0.32731  70.6%   254 2162s
 845799 798653    0.31531   25   69    0.19185    0.32722  70.6%   254 2169s
 849382 801798    0.31209   30   68    0.19185    0.32713  70.5%   254 2175s
 852825 805300    0.32504   25   66    0.19185    0.32702  70.5%   254 2181s
 856579 808998    0.32132   29   66    0.19185    0.32693  70.4%   254 2188s
 860549 812054    0.31959   31   69    0.19185    0.32681  70.3%   253 2193s
 863842 815078    0.31459   29   67    0.19185    0.32672  70.3%   253 2199s
 867135 818013    0.30117   31   68    0.19185    0.32663  70.2%   253 2205s
 870299 821028    0.29102   31   64    0.19185    0.32654  70.2%   253 2210s
 873519 824146    0.30848   29   69    0.19185    0.32645  70.2%   253 2215s
 876899 827346    0.32379   30   66    0.19185    0.32636  70.1%   253 2220s
 880324 830175    0.31684   27   64    0.19185    0.32628  70.1%   253 2226s
 883357 833397    0.32032   29   62    0.19185    0.32619  70.0%   253 2232s
 886832 836886    0.31407   28   65    0.19185    0.32609  70.0%   253 2238s
 890614 840076    0.31004   29   63    0.19185    0.32600  69.9%   253 2244s
 894067 840106    0.32550   26   67    0.19185    0.32591  69.9%   253 2251s
 894101 840137    0.31844   28   65    0.19185    0.32589  69.9%   253 2259s
H894104 840137                       0.1918533    0.32589  69.9%   253 2259s
 894134 840257    0.32567   25   66    0.19185    0.32588  69.9%   253 2270s
 894265 840382    0.29950   26   73    0.19185    0.32587  69.9%   253 2278s
H894378 840382                       0.1918533    0.32587  69.9%   253 2278s
 894395 840623    0.31310   31   66    0.19185    0.32587  69.9%   253 2288s
H894519 840623                       0.1918533    0.32587  69.9%   253 2289s
 894664 840994    0.31503   27   72    0.19185    0.32586  69.9%   253 2295s
 895070 841459    0.32462   26   66    0.19185    0.32586  69.8%   253 2302s
 895562 842063    0.32163   25   66    0.19185    0.32585  69.8%   253 2312s
 896231 842255    0.31583   29   66    0.19185    0.32585  69.8%   253 2324s
 896447 843698    0.31193   28   65    0.19185    0.32584  69.8%   253 2334s
H896620 843698                       0.1918533    0.32584  69.8%   253 2334s
 898022 846211    0.31342   28   64    0.19185    0.32583  69.8%   253 2344s
 900746 849618    0.32448   27   69    0.19185    0.32582  69.8%   253 2356s
 904415 853581 infeasible   28         0.19185    0.32579  69.8%   253 2368s
H907573 853581                       0.1918533    0.32576  69.8%   253 2368s
H908679 857738                       0.1918536    0.32574  69.8%   253 2379s
 913177 862295    0.32206   28   67    0.19185    0.32563  69.7%   253 2391s
 918170 865416    0.30719   31   62    0.19185    0.32544  69.6%   252 2399s
 921519 868858    0.31691   28   63    0.19185    0.32527  69.5%   252 2407s
 925204 871940    0.31225   32   65    0.19185    0.32513  69.5%   252 2415s
 928525 875347    0.31408   28   71    0.19185    0.32501  69.4%   252 2422s
 932222 878620    0.31736   27   68    0.19185    0.32492  69.4%   252 2430s
 935749 881784    0.31250   26   66    0.19185    0.32483  69.3%   252 2438s
 939169 884937    0.32006   27   69    0.19185    0.32474  69.3%   252 2445s
 942637 888170    0.30769   31   66    0.19185    0.32459  69.2%   252 2451s
 946126 891088    0.32270   27   66    0.19185    0.32450  69.1%   252 2457s
 949265 894783    0.31154   28   65    0.19185    0.32441  69.1%   252 2464s
 953306 897789    0.30840   31   67    0.19185    0.32432  69.0%   252 2469s
 956556 900974    0.32343   30   63    0.19185    0.32423  69.0%   252 2476s
 960021 903866    0.31099   30   69    0.19185    0.32414  68.9%   252 2481s
 963198 906996    0.31261   26   68    0.19185    0.32407  68.9%   252 2487s
 966586 910156    0.28194   29   62    0.19185    0.32400  68.9%   252 2492s
 969957 913250    0.31907   29   65    0.19185    0.32390  68.8%   252 2498s
 973328 916290    0.31669   30   65    0.19185    0.32380  68.8%   252 2504s
 976611 919420    0.31656   29   65    0.19185    0.32373  68.7%   251 2509s
 979955 922800    0.30508   29   63    0.19185    0.32365  68.7%   251 2516s
 983564 926286    0.32051   26   69    0.19185    0.32356  68.6%   251 2523s
 987369 929599    0.30981   30   65    0.19185    0.32348  68.6%   251 2529s
 990947 932822    0.32011   28   61    0.19185    0.32338  68.6%   251 2535s
 994477 935756    0.31815   27   71    0.19185    0.32330  68.5%   251 2541s
 997667 938828    0.30887   28   69    0.19185    0.32323  68.5%   251 2547s
 1001016 941986    0.30799   30   63    0.19185    0.32314  68.4%   251 2553s
 1004452 945056    0.31491   29   63    0.19185    0.32307  68.4%   251 2559s
 1007816 947915    0.31390   28   62    0.19185    0.32298  68.3%   251 2565s
 1010908 951415    0.31407   27   67    0.19185    0.32291  68.3%   251 2573s
 1014721 954617     cutoff   29         0.19185    0.32283  68.3%   251 2580s
 1018240 957803    0.32229   28   64    0.19185    0.32274  68.2%   251 2587s
 1021711 961015     cutoff   27         0.19185    0.32266  68.2%   251 2593s
 1025207 964083    0.31234   29   70    0.19185    0.32257  68.1%   251 2600s
 1028563 967010    0.32232   29   63    0.19185    0.32249  68.1%   251 2606s
 1031741 969997    0.31548   25   70    0.19185    0.32242  68.1%   251 2613s
 1035000 972935    0.31700   26   69    0.19185    0.32235  68.0%   251 2620s
 1038176 976220    0.30919   29   65    0.19185    0.32227  68.0%   250 2627s
 1041715 979856    0.30559   26   71    0.19185    0.32218  67.9%   250 2635s
 1045672 982832    0.31935   30   68    0.19185    0.32210  67.9%   250 2642s
 1048979 985870    0.30522   31   64    0.19185    0.32202  67.8%   250 2649s
 1052265 988935    0.32089   25   71    0.19185    0.32193  67.8%   250 2656s
 1055635 991947    0.31025   29   68    0.19185    0.32185  67.8%   250 2664s
 1058947 994972    0.30504   31   60    0.19185    0.32178  67.7%   250 2671s
 1062183 998031    0.30991   28   69    0.19185    0.32169  67.7%   250 2679s
 1065505 1001172    0.32154   30   66    0.19185    0.32162  67.6%   250 2686s
 1068961 1004243     cutoff   29         0.19185    0.32154  67.6%   250 2694s
 1072309 1007876    0.32013   27   65    0.19185    0.32145  67.6%   250 2701s
 1076219 1011048    0.30590   27   62    0.19185    0.32138  67.5%   250 2708s
 1079657 1014104    0.32095   26   70    0.19185    0.32129  67.5%   250 2714s
 1082985 1017172    0.30825   30   63    0.19185    0.32122  67.4%   250 2722s
 1086253 1020154    0.23204   30   52    0.19185    0.32116  67.4%   250 2729s
 1089520 1023216    0.30759   27   67    0.19185    0.32109  67.4%   250 2736s
 1092784 1026381    0.30422   29   66    0.19185    0.32101  67.3%   250 2744s
 1096222 1029462    0.31278   29   71    0.19185    0.32093  67.3%   250 2752s
 1099621 1032328    0.31344   29   65    0.19185    0.32085  67.2%   250 2759s
 1102715 1035953    0.31261   29   66    0.19185    0.32079  67.2%   250 2768s
 1106719 1039059    0.32036   29   62    0.19185    0.32070  67.2%   250 2776s
 1110058 1042048    0.32028   28   62    0.19185    0.32062  67.1%   249 2783s
 1113309 1044973    0.31254   28   66    0.19185    0.32055  67.1%   249 2790s
 1116478 1048104    0.30814   26   70    0.19185    0.32047  67.0%   249 2797s
 1119888 1051072    0.31275   30   64    0.19185    0.32040  67.0%   249 2804s
 1123126 1054163    0.31893   30   65    0.19185    0.32033  67.0%   249 2811s
 1126500 1057287    0.31198   26   71    0.19185    0.32026  66.9%   249 2819s
 1129916 1060221    0.30787   27   67    0.19185    0.32019  66.9%   249 2826s
 1133091 1063642    0.30780   31   64    0.19185    0.32012  66.9%   249 2833s
 1136887 1066796    0.31173   27   68    0.19185    0.32003  66.8%   249 2841s
 1140315 1069987    0.31500   29   69    0.19185    0.31995  66.8%   249 2847s
 1143788 1073171    0.31230   30   61    0.19185    0.31988  66.7%   249 2853s
 1147223 1076048    0.31653   27   61    0.19185    0.31980  66.7%   249 2859s
 1150366 1079112    0.30477   29   64    0.19185    0.31973  66.7%   249 2867s
 1153718 1082371    0.31953   24   72    0.19185    0.31965  66.6%   249 2875s
 1157268 1085478    0.31317   29   63    0.19185    0.31957  66.6%   249 2882s
 1160683 1088582    0.30378   31   67    0.19185    0.31951  66.5%   249 2890s
 1164029 1091909    0.30455   30   68    0.19185    0.31943  66.5%   249 2899s
 1167693 1094961    0.31041   30   65    0.19185    0.31935  66.5%   249 2907s
 1171019 1098140    0.31721   25   68    0.19185    0.31927  66.4%   249 2915s
 1174489 1101343    0.30719   31   63    0.19185    0.31920  66.4%   249 2923s
 1177957 1104513    0.30941   28   63    0.19185    0.31913  66.3%   249 2931s
 1181400 1107506    0.30939   27   69    0.19185    0.31905  66.3%   249 2939s
 1184644 1110806    0.31133   31   60    0.19185    0.31899  66.3%   249 2947s
 1188221 1114045    0.30947   30   64    0.19185    0.31892  66.2%   248 2955s
 1191718 1117122    0.29737   26   67    0.19185    0.31885  66.2%   248 2963s
 1195045 1120575    0.31827   25   70    0.19185    0.31878  66.2%   248 2972s
 1198834 1123731    0.27042   35   56    0.19185    0.31870  66.1%   248 2980s
 1202292 1126593    0.30548   29   65    0.19185    0.31862  66.1%   248 2988s
 1205394 1129766    0.30858   29   65    0.19185    0.31855  66.0%   248 2996s
 1208919 1132923    0.30541   29   69    0.19185    0.31847  66.0%   248 3004s
 1212395 1135751    0.31006   27   69    0.19185    0.31840  66.0%   248 3012s
 1215491 1138958    0.31797   25   67    0.19185    0.31834  65.9%   248 3019s
 1219012 1142155    0.31033   30   70    0.19185    0.31826  65.9%   248 3027s
 1222522 1145063    0.29958   25   69    0.19185    0.31818  65.8%   248 3035s
 1225730 1148544    0.30052   32   63    0.19185    0.31812  65.8%   248 3044s
 1229525 1151594    0.30488   30   65    0.19185    0.31805  65.8%   248 3052s
 1232850 1154672    0.30979   28   70    0.19185    0.31798  65.7%   248 3059s
 1236228 1157600    0.30545   27   66    0.19185    0.31791  65.7%   248 3067s
 1239405 1160837    0.31665   28   67    0.19185    0.31786  65.7%   248 3075s
 1242938 1164188    0.30429   29   61    0.19185    0.31778  65.6%   248 3083s
 1246531 1167122    0.30880   31   64    0.19185    0.31771  65.6%   248 3091s
 1249800 1170202    0.29502   34   58    0.19185    0.31764  65.6%   248 3098s
 1253120 1173018    0.31038   31   61    0.19185    0.31758  65.5%   248 3106s
 1256273 1176462    0.30862   30   63    0.19185    0.31751  65.5%   248 3115s
 1260052 1179539    0.31016   30   64    0.19185    0.31744  65.5%   248 3121s
 1263409 1182562    0.31707   27   66    0.19185    0.31738  65.4%   248 3127s
 1266753 1185592    0.30970   29   63    0.19185    0.31731  65.4%   248 3133s
 1270082 1188563    0.31406   29   66    0.19185    0.31725  65.4%   248 3141s
 1273333 1191763    0.31266   29   62    0.19185    0.31718  65.3%   248 3149s
 1276827 1194923    0.30555   26   69    0.19185    0.31712  65.3%   247 3157s
 1280293 1197934    0.30338   28   66    0.19185    0.31705  65.3%   247 3165s
 1283610 1201007    0.30521   30   67    0.19185    0.31697  65.2%   247 3173s
 1286976 1204519    0.30848   29   62    0.19185    0.31691  65.2%   247 3182s
 1290832 1206582    0.30263   29   62    0.19185    0.31684  65.1%   247 3192s
 1293085 1208889    0.31433   28   65    0.19185    0.31682  65.1%   247 3204s
H1295592 1208889                       0.1918536    0.31681  65.1%   247 3204s
 1295593 1211766    0.30648   25   73    0.19185    0.31681  65.1%   247 3214s
 1298759 1214653    0.30879   28   67    0.19185    0.31677  65.1%   247 3226s
 1301904 1217462    0.30502   32   63    0.19185    0.31672  65.1%   247 3235s
 1304992 1220324    0.31622   27   64    0.19185    0.31667  65.1%   247 3246s
 1308156 1223383    0.29562   30   64    0.19185    0.31661  65.0%   247 3256s
 1311518 1225978    0.30002   29   66    0.19185    0.31655  65.0%   247 3265s
 1314388 1229226    0.30457   32   62    0.19185    0.31648  65.0%   247 3274s
 1317982 1232171    0.31599   25   68    0.19185    0.31642  64.9%   247 3284s
 1321201 1235562    0.29872   29   68    0.19185    0.31634  64.9%   247 3291s
 1324909 1238802    0.31546   29   66    0.19185    0.31625  64.8%   247 3300s
 1328425 1242246    0.30321   26   67    0.19185    0.31614  64.8%   247 3308s
 1332233 1245415    0.30617   29   67    0.19185    0.31604  64.7%   247 3316s
 1335694 1248479    0.29806   27   69    0.19185    0.31598  64.7%   247 3322s
 1339057 1251749    0.29957   30   63    0.19185    0.31591  64.7%   247 3328s
 1342670 1254725    0.29666   35   60    0.19185    0.31585  64.6%   247 3334s
 1345886 1257846    0.30748   27   62    0.19185    0.31579  64.6%   247 3342s
 1349366 1261408    0.30832   29   69    0.19185    0.31572  64.6%   247 3351s
 1353297 1264397    0.30842   31   67    0.19185    0.31565  64.5%   247 3359s
 1356586 1267357    0.31116   30   64    0.19185    0.31558  64.5%   247 3366s
 1359891 1270297    0.30507   31   65    0.19185    0.31552  64.5%   247 3374s
 1363132 1273401    0.30195   32   60    0.19185    0.31547  64.4%   247 3382s
 1366552 1276478    0.30543   31   70    0.19185    0.31540  64.4%   247 3391s
 1369967 1279492    0.31482   25   72    0.19185    0.31534  64.4%   246 3398s
 1373275 1282535    0.30288   29   59    0.19185    0.31527  64.3%   246 3406s
 1376611 1285429    0.29478   29   67    0.19185    0.31521  64.3%   246 3414s
 1379845 1288768    0.29632   32   60    0.19185    0.31516  64.3%   246 3421s
 1383478 1291938    0.28021   33   61    0.19185    0.31510  64.2%   246 3427s
 1386945 1295057    0.30780   30   64    0.19185    0.31504  64.2%   246 3434s
 1390399 1297994     cutoff   28         0.19185    0.31498  64.2%   246 3442s
 1393673 1301060    0.31464   31   62    0.19185    0.31491  64.1%   246 3450s
 1397005 1304159    0.31431   28   65    0.19185    0.31485  64.1%   246 3458s
 1400408 1307210    0.30277   30   69    0.19185    0.31480  64.1%   246 3466s
 1403808 1310047    0.30284   28   65    0.19185    0.31473  64.0%   246 3474s
 1406933 1313108    0.29885   25   70    0.19185    0.31468  64.0%   246 3482s
 1410354 1316685    0.30292   28   65    0.19185    0.31462  64.0%   246 3491s
 1414205 1319640    0.31430   27   65    0.19185    0.31456  64.0%   246 3499s
 1417517 1322695    0.30750   29   60    0.19185    0.31449  63.9%   246 3507s
 1420876 1325780    0.30733   29   61    0.19185    0.31444  63.9%   246 3515s
 1424280 1328824    0.29547   27   64    0.19185    0.31438  63.9%   246 3523s
 1427631 1331568    0.30262   31   64    0.19185    0.31433  63.8%   246 3531s
 1430652 1334777    0.31302   28   66    0.19185    0.31427  63.8%   246 3539s
 1434230 1337876    0.30865   27   69    0.19185    0.31422  63.8%   246 3547s
 1437646 1340678    0.30070   31   61    0.19185    0.31415  63.7%   246 3553s
 1440741 1344216    0.31000   29   73    0.19185    0.31410  63.7%   246 3559s
 1444600 1347231    0.29248   27   70    0.19185    0.31404  63.7%   246 3566s
 1447902 1350205    0.30259   28   64    0.19185    0.31399  63.7%   246 3574s
 1451132 1353243    0.29331   31   62    0.19185    0.31393  63.6%   246 3581s
 1454485 1356256    0.31174   28   62    0.19185    0.31387  63.6%   246 3589s
 1457787 1359298    0.30325   30   65    0.19185    0.31382  63.6%   246 3597s
 1461123 1362332    0.29201   30   61    0.19185    0.31376  63.5%   246 3605s
 1464504 1365266    0.29764   31   63    0.19185    0.31371  63.5%   246 3613s
 1467725 1368448    0.30653   29   69    0.19185    0.31366  63.5%   246 3621s
 1471195 1371782    0.29994   29   67    0.19185    0.31360  63.5%   246 3630s
 1474914 1374953    0.22374   30   63    0.19185    0.31354  63.4%   245 3638s
 1478469 1377847    0.30480   35   59    0.19185    0.31348  63.4%   245 3646s
 1481664 1381017    0.29391   32   62    0.19185    0.31343  63.4%   245 3653s
 1485203 1384126    0.30117   31   63    0.19185    0.31338  63.3%   245 3660s
 1488641 1387169    0.30428   29   68    0.19185    0.31332  63.3%   245 3666s
 1491994 1390140    0.27275   30   69    0.19185    0.31326  63.3%   245 3672s
 1495296 1393120    0.30624   30   64    0.19185    0.31320  63.3%   245 3680s
 1498589 1396129    0.30223   28   67    0.19185    0.31315  63.2%   245 3688s
 1501904 1399308    0.29136   31   65    0.19185    0.31310  63.2%   245 3695s
 1505424 1402256    0.28843   31   64    0.19185    0.31304  63.2%   245 3703s
 1508668 1405634    0.29562   29   64    0.19185    0.31299  63.1%   245 3711s
 1512358 1408652    0.29843   33   66    0.19185    0.31293  63.1%   245 3720s
 1515643 1411967    0.30974   30   64    0.19185    0.31288  63.1%   245 3728s
 1519280 1415087    0.30148   29   70    0.19185    0.31282  63.1%   245 3736s
 1522680 1418178    0.30194   26   70    0.19185    0.31277  63.0%   245 3744s
 1526084 1421368     cutoff   30         0.19185    0.31272  63.0%   245 3752s
 1529615 1424400    0.29285   34   64    0.19185    0.31267  63.0%   245 3759s
 1532982 1427582    0.29862   32   65    0.19185    0.31262  62.9%   245 3769s
 1536520 1430893    0.30502   31   60    0.19185    0.31256  62.9%   245 3777s
 1540152 1434133    0.29617   30   67    0.19185    0.31250  62.9%   245 3785s
 1543707 1437237    0.27517   30   64    0.19185    0.31245  62.9%   245 3793s
 1547150 1440062    0.30009   28   63    0.19185    0.31240  62.8%   245 3800s
 1550307 1442939    0.30328   29   61    0.19185    0.31235  62.8%   245 3808s
 1553446 1446186    0.30560   29   65    0.19185    0.31230  62.8%   245 3816s
 1557012 1449308    0.30344   31   64    0.19185    0.31225  62.8%   245 3824s
 1560425 1452386    0.28713   34   63    0.19185    0.31219  62.7%   245 3831s
 1563826 1455734    0.31084   29   61    0.19185    0.31214  62.7%   245 3840s
 1567505 1458827    0.29558   28   66    0.19185    0.31209  62.7%   245 3847s
 1570943 1461832    0.30252   34   67    0.19185    0.31204  62.6%   245 3855s
 1574274 1464906    0.30535   30   63    0.19185    0.31198  62.6%   245 3863s
 1577686 1468014 infeasible   29         0.19185    0.31194  62.6%   245 3869s
 1581099 1470760     cutoff   31         0.19185    0.31188  62.6%   244 3876s
 1584154 1473953    0.30330   30   58    0.19185    0.31184  62.5%   244 3885s
 1587677 1477060     cutoff   31         0.19185    0.31179  62.5%   244 3893s
 1591124 1480231    0.31139   31   69    0.19185    0.31173  62.5%   244 3899s
 1594593 1483581    0.30556   28   65    0.19185    0.31169  62.5%   244 3906s
 1598331 1486633    0.31027   29   65    0.19185    0.31163  62.4%   244 3912s
 1601667 1489586    0.31052   26   69    0.19185    0.31158  62.4%   244 3919s
 1602903 1489586    0.29922   32   63    0.19185    0.31158  62.4%   244 3920s
 1604924 1492659    0.29164   32   67    0.19185    0.31154  62.4%   244 3928s
 1608307 1495742    0.30177   33   62    0.19185    0.31149  62.4%   244 3936s
 1611725 1498805    0.30010   32   65    0.19185    0.31144  62.3%   244 3942s
 1615082 1501649    0.29044   32   63    0.19185    0.31140  62.3%   244 3948s
 1618266 1504758    0.29399   31   64    0.19185    0.31135  62.3%   244 3954s
 1621732 1507842    0.27942   32   67    0.19185    0.31130  62.3%   244 3962s
 1625178 1511030    0.30681   30   70    0.19185    0.31125  62.2%   244 3972s
 1628669 1514386    0.29475   33   67    0.19185    0.31120  62.2%   244 3979s
 1632395 1517561    0.29379   30   62    0.19185    0.31115  62.2%   244 3984s
 1635943 1520561    0.30664   31   61    0.19185    0.31110  62.2%   244 3990s
 1639259 1523328    0.30646   29   64    0.19185    0.31104  62.1%   244 3998s
 1642283 1526455    0.29526   30   64    0.19185    0.31100  62.1%   244 4006s
 1645733 1529582    0.29914   31   62    0.19185    0.31096  62.1%   244 4014s
 1649139 1532604    0.27893   31   63    0.19185    0.31091  62.1%   244 4022s
 1652482 1535669    0.30201   32   63    0.19185    0.31086  62.0%   244 4030s
 1655875 1539156    0.30869   29   63    0.19185    0.31082  62.0%   244 4039s
 1659700 1542227    0.29601   27   67    0.19185    0.31077  62.0%   244 4046s
 1663074 1545147    0.29912   30   68    0.19185    0.31073  62.0%   244 4054s
 1666324 1547971     cutoff   30         0.19185    0.31068  61.9%   244 4061s
 1669451 1551002    0.30875   28   65    0.19185    0.31064  61.9%   244 4069s
 1672767 1553964    0.30478   28   64    0.19185    0.31059  61.9%   244 4077s
 1676081 1556952    0.30771   28   64    0.19185    0.31054  61.9%   244 4085s
 1679387 1559956    0.29601   30   64    0.19185    0.31050  61.8%   244 4092s
 1682700 1562924    0.30621   30   66    0.19185    0.31045  61.8%   244 4100s
 1686000 1566419    0.30409   27   67    0.19185    0.31041  61.8%   244 4109s
 1689902 1569047    0.30407   31   66    0.19185    0.31035  61.8%   244 4117s
 1692838 1572218    0.30193   29   59    0.19185    0.31031  61.7%   244 4124s
 1696334 1575174    0.30425   27   70    0.19185    0.31027  61.7%   244 4132s
 1699530 1578138    0.30071   33   67    0.19185    0.31022  61.7%   243 4140s
 1702811 1580994    0.30830   27   69    0.19185    0.31018  61.7%   243 4148s
 1705969 1584232    0.29590   30   65    0.19185    0.31014  61.7%   243 4155s
 1709507 1587361    0.30616   30   66    0.19185    0.31010  61.6%   243 4163s
 1712994 1590390    0.30749   30   63    0.19185    0.31005  61.6%   243 4170s
 1716348 1593556    0.30267   31   66    0.19185    0.31000  61.6%   243 4180s
 1719874 1596826    0.29979   30   65    0.19185    0.30997  61.6%   243 4188s
 1723493 1599756    0.29488   28   71    0.19185    0.30991  61.5%   243 4197s
 1726761 1602885    0.30084   32   62    0.19185    0.30987  61.5%   243 4205s
 1730213 1605984    0.28978   32   61    0.19185    0.30982  61.5%   243 4213s
 1733627 1609052    0.25785   29   75    0.19185    0.30978  61.5%   243 4221s
 1737051 1612058    0.30950   29   65    0.19185    0.30974  61.4%   243 4229s
 1740381 1614983    0.30914   27   70    0.19185    0.30969  61.4%   243 4237s
 1743577 1618138    0.28943   27   68    0.19185    0.30965  61.4%   243 4245s
 1747071 1621572    0.30182   28   70    0.19185    0.30960  61.4%   243 4253s
 1750861 1624502    0.29975   29   61    0.19185    0.30956  61.4%   243 4260s
 1754093 1627405    0.30844   29   66    0.19185    0.30951  61.3%   243 4268s
 1757378 1630442    0.30100   31   60    0.19185    0.30948  61.3%   243 4275s
 1760752 1633432    0.29241   29   69    0.19185    0.30943  61.3%   243 4283s
 1764042 1633456    0.30042   31   64    0.19185    0.30939  61.3%   243 4292s
 1764080 1633486    0.29695   27   70    0.19185    0.30938  61.3%   243 4299s
 1764114 1633518    0.29846   31   66    0.19185    0.30938  61.3%   243 4309s
 1764146 1633548    0.30920   29   64    0.19185    0.30938  61.3%   243 4317s
 1764183 1633663    0.30334   28   67    0.19185    0.30938  61.3%   243 4326s
 1764310 1633814    0.29602   30   64    0.19185    0.30937  61.3%   243 4336s
 1764481 1634116    0.29966   29   64    0.19185    0.30937  61.3%   243 4345s
H1764576 1634116                       0.1918536    0.30937  61.3%   243 4346s
H1764743 1634116                       0.1918536    0.30937  61.3%   243 4346s
 1764830 1635202    0.29836   30   61    0.19185    0.30937  61.3%   243 4356s
 1766026 1636049    0.29046   26   68    0.19185    0.30937  61.3%   243 4368s
 1766966 1638056    0.28176   31   64    0.19185    0.30936  61.2%   243 4382s
 1769178 1640569    0.30589   33   58    0.19185    0.30936  61.2%   243 4395s
H1769776 1640569                       0.1918536    0.30936  61.2%   243 4396s
 1771958 1644358     cutoff   29         0.19185    0.30934  61.2%   243 4412s
H1772158 1644358                       0.1918536    0.30934  61.2%   243 4412s
 1776111 1646952    0.28542   32   68    0.19185    0.30931  61.2%   243 4423s
 1778981 1650286    0.30900   30   66    0.19185    0.30927  61.2%   243 4435s
 1782626 1653386    0.30282   33   61    0.19185    0.30921  61.2%   243 4444s
 1786112 1656741    0.29915   31   64    0.19185    0.30916  61.1%   243 4453s
 1789911 1660116     cutoff   30         0.19185    0.30912  61.1%   243 4462s
 1793637 1663599    0.29280   32   63    0.19185    0.30904  61.1%   243 4471s
 1797466 1666838    0.29815   28   66    0.19185    0.30897  61.0%   243 4479s
 1799298 1666838    0.29162   32   61    0.19185    0.30896  61.0%   243 4480s
 1801102 1670109    0.29341   30   70    0.19185    0.30892  61.0%   243 4487s
 1804744 1673291    0.29757   29   64    0.19185    0.30887  61.0%   243 4495s
 1808310 1676616    0.29308   31   62    0.19185    0.30883  61.0%   243 4504s
 1812074 1679610    0.30284   30   66    0.19185    0.30879  60.9%   243 4511s
 1815452 1682454    0.29905   33   63    0.19185    0.30874  60.9%   243 4517s
 1818691 1685444    0.30486   29   65    0.19185    0.30870  60.9%   243 4523s
 1822036 1688413    0.29502   33   62    0.19185    0.30866  60.9%   243 4529s
 1825322 1691472    0.29921   29   65    0.19185    0.30862  60.9%   243 4536s
 1828700 1694564    0.29095   32   65    0.19185    0.30859  60.8%   243 4543s
 1832145 1697585    0.30128   28   65    0.19185    0.30854  60.8%   243 4551s
 1835457 1700463    0.30641   26   67    0.19185    0.30850  60.8%   242 4558s
 1838651 1703669    0.30367   30   70    0.19185    0.30846  60.8%   242 4567s
 1842205 1706818    0.29111   27   69    0.19185    0.30842  60.8%   242 4575s
 1845719 1709876    0.30622   28   67    0.19185    0.30838  60.7%   242 4582s
 1849135 1712924    0.29594   32   61    0.19185    0.30834  60.7%   242 4590s
 1852503 1715960    0.30271   34   60    0.19185    0.30830  60.7%   242 4598s
 1855890 1718971    0.29611   26   68    0.19185    0.30827  60.7%   242 4605s
 1859264 1722079    0.30628   28   67    0.19185    0.30823  60.7%   242 4613s
 1862731 1725084    0.29288   31   65    0.19185    0.30819  60.6%   242 4621s
 1866039 1728012    0.30617   30   63    0.19185    0.30815  60.6%   242 4628s
 1869385 1731411    0.30013   27   68    0.19185    0.30811  60.6%   242 4635s
 1873150 1734502    0.28763   32   64    0.19185    0.30807  60.6%   242 4642s
 1876562 1737542    0.27579   31   66    0.19185    0.30803  60.6%   242 4650s
 1879909 1740656    0.29310   29   67    0.19185    0.30800  60.5%   242 4657s
 1883348 1743613    0.30088   30   66    0.19185    0.30796  60.5%   242 4665s
 1886638 1746537    0.30327   30   62    0.19185    0.30792  60.5%   242 4672s
 1889919 1749443     cutoff   32         0.19185    0.30788  60.5%   242 4680s
 1893153 1752465    0.29381   31   60    0.19185    0.30785  60.5%   242 4688s
 1896454 1755480    0.30734   28   63    0.19185    0.30780  60.4%   242 4695s
 1899799 1758893    0.30001   29   63    0.19185    0.30777  60.4%   242 4704s
 1903622 1761786    0.28505   32   61    0.19185    0.30772  60.4%   242 4711s
 1906831 1764787    0.30306   31   65    0.19185    0.30769  60.4%   242 4719s
 1910202 1767626    0.30477   30   63    0.19185    0.30765  60.4%   242 4727s
 1913395 1770618     cutoff   31         0.19185    0.30762  60.3%   242 4734s
 1916767 1773396    0.29143   28   70    0.19185    0.30758  60.3%   242 4742s
 1919880 1776570    0.29819   31   66    0.19185    0.30754  60.3%   242 4750s
 1923430 1779605    0.30713   30   66    0.19185    0.30750  60.3%   242 4758s
 1926808 1782451    0.29045   32   62    0.19185    0.30746  60.3%   242 4766s
 1929970 1785829     cutoff   30         0.19185    0.30742  60.2%   242 4774s
 1933768 1788780    0.29774   29   72    0.19185    0.30739  60.2%   242 4782s
 1937093 1791623    0.29274   26   72    0.19185    0.30735  60.2%   242 4789s
 1940290 1794724    0.29987   29   66    0.19185    0.30732  60.2%   242 4797s
 1943771 1797623    0.28981   31   59    0.19185    0.30728  60.2%   242 4804s
 1947048 1800512    0.29687   31   62    0.19185    0.30724  60.1%   242 4811s
 1950291 1803599    0.28929   31   63    0.19185    0.30721  60.1%   242 4818s
 1953762 1806717    0.30657   29   61    0.19185    0.30717  60.1%   242 4826s
 1957285 1809644    0.28432   33   62    0.19185    0.30713  60.1%   242 4833s
 1960570 1812877    0.29694   29   66    0.19185    0.30710  60.1%   242 4842s
 1964172 1815968    0.29329   27   66    0.19185    0.30706  60.0%   242 4850s
 1967582 1819094    0.29861   30   60    0.19185    0.30703  60.0%   242 4858s
 1971057 1822084    0.29473   31   66    0.19185    0.30699  60.0%   242 4865s
 1974345 1825173    0.29049   27   63    0.19185    0.30695  60.0%   242 4873s
 1977784 1828079    0.29611   28   62    0.19185    0.30692  60.0%   242 4881s
 1981081 1831100    0.29555   32   60    0.19185    0.30688  60.0%   241 4887s
 1984429 1834075    0.29424   30   66    0.19185    0.30684  59.9%   241 4893s
 1987762 1837160    0.29299   31   64    0.19185    0.30681  59.9%   241 4899s
 1991200 1840585    0.29515   30   65    0.19185    0.30677  59.9%   241 4905s
 1995023 1843535    0.29017   31   64    0.19185    0.30673  59.9%   241 4912s
 1998302 1846502    0.29631   30   62    0.19185    0.30669  59.9%   241 4919s
 2001596 1849567    0.29473   29   66    0.19185    0.30666  59.8%   241 4926s
 2004963 1852210    0.29432   30   64    0.19185    0.30663  59.8%   241 4933s
 2007907 1855173    0.29465   33   67    0.19185    0.30660  59.8%   241 4940s
 2011166 1858390    0.30360   27   67    0.19185    0.30656  59.8%   241 4946s
 2014672 1861555    0.28509   30   68    0.19185    0.30652  59.8%   241 4952s
 2018165 1864569    0.29957   32   60    0.19185    0.30649  59.8%   241 4958s
 2021530 1868005    0.28528   32   66    0.19185    0.30646  59.7%   241 4966s
 2025323 1870948    0.29785   33   60    0.19185    0.30642  59.7%   241 4974s
 2028578 1873938    0.29633   30   60    0.19185    0.30638  59.7%   241 4981s
 2031856 1876798    0.30472   28   62    0.19185    0.30635  59.7%   241 4989s
 2035019 1879960    0.30608   31   64    0.19185    0.30632  59.7%   241 4997s
 2038538 1883040    0.29004   31   67    0.19185    0.30628  59.6%   241 5005s
 2041945 1885920    0.29533   31   59    0.19185    0.30624  59.6%   241 5012s
 2045209 1888983    0.29786   32   62    0.19185    0.30621  59.6%   241 5020s
 2048589 1891987    0.30444   26   71    0.19185    0.30617  59.6%   241 5028s
 2051934 1895292    0.29922   33   66    0.19185    0.30614  59.6%   241 5037s
 2055585 1898450    0.29863   29   67    0.19185    0.30610  59.5%   241 5044s
 2059117 1901458    0.30011   29   67    0.19185    0.30606  59.5%   241 5050s
 2062449 1904465    0.30451   26   68    0.19185    0.30603  59.5%   241 5058s
 2065776 1907194    0.29805   31   66    0.19185    0.30599  59.5%   241 5065s
 2068840 1909937    0.30416   27   75    0.19185    0.30596  59.5%   241 5073s
 2071960 1913041    0.30288   31   62    0.19185    0.30593  59.5%   241 5080s
 2075404 1916047    0.28914   30   67    0.19185    0.30590  59.4%   241 5088s
 2078761 1919116    0.29651   32   65    0.19185    0.30586  59.4%   241 5094s
 2082164 1922484    0.29207   31   62    0.19185    0.30583  59.4%   241 5099s
 2085945 1925412    0.29824   34   63    0.19185    0.30579  59.4%   241 5106s
 2089215 1928428    0.29715   30   62    0.19185    0.30576  59.4%   241 5114s
 2092578 1931240    0.29719   33   62    0.19185    0.30572  59.4%   241 5121s
 2095755 1934157    0.29830   29   64    0.19185    0.30570  59.3%   241 5129s
 2099035 1937090    0.30445   28   66    0.19185    0.30566  59.3%   241 5136s
 2102358 1940091    0.29963   29   64    0.19185    0.30563  59.3%   241 5144s
 2105684 1943140    0.30029   30   64    0.19185    0.30559  59.3%   241 5151s
 2109114 1946015    0.29951   34   64    0.19185    0.30556  59.3%   241 5158s
 2112334 1949434    0.28677   31   68    0.19185    0.30553  59.2%   241 5167s
 2116183 1952043    0.28947   32   61    0.19185    0.30549  59.2%   241 5174s
 2119034 1955146    0.29122   33   65    0.19185    0.30546  59.2%   241 5181s
 2122496 1958371    0.30457   27   71    0.19185    0.30543  59.2%   241 5189s
 2126060 1961325    0.29246   29   66    0.19185    0.30539  59.2%   241 5196s
 2129374 1964410    0.28803   29   68    0.19185    0.30536  59.2%   241 5204s
 2132850 1967474    0.29671   30   62    0.19185    0.30532  59.1%   241 5212s
 2136247 1970162    0.26715   28   65    0.19185    0.30529  59.1%   241 5219s
 2139252 1973325    0.28835   32   63    0.19185    0.30526  59.1%   241 5227s
 2142780 1976617    0.29775   30   65    0.19185    0.30523  59.1%   241 5235s
 2146443 1979541    0.29543   32   59    0.19185    0.30519  59.1%   241 5243s
 2149690 1982644    0.29711   34   59    0.19185    0.30516  59.1%   241 5250s
 2153189 1985611    0.28642   28   68    0.19185    0.30512  59.0%   241 5256s
 2156510 1988631    0.28843   30   62    0.19185    0.30509  59.0%   240 5262s
 2159894 1991672    0.29715   33   61    0.19185    0.30506  59.0%   240 5270s
 2163252 1994567    0.29784   29   61    0.19185    0.30502  59.0%   240 5278s
 2166462 1997764    0.29652   32   66    0.19185    0.30499  59.0%   240 5285s
 2170102 2000779    0.29958   30   60    0.19185    0.30496  59.0%   240 5292s
 2173513 2004130    0.30431   25   66    0.19185    0.30492  58.9%   240 5301s
 2177246 2006950    0.29798   31   64    0.19185    0.30489  58.9%   240 5307s
 2180420 2010036    0.29297   31   59    0.19185    0.30485  58.9%   240 5314s
 2183868 2013085    0.27593   31   65    0.19185    0.30482  58.9%   240 5322s
 2187264 2015959    0.28315   32   64    0.19185    0.30479  58.9%   240 5329s
 2190467 2018855    0.29732   27   68    0.19185    0.30476  58.8%   240 5337s
 2193714 2021911    0.28795   29   66    0.19185    0.30472  58.8%   240 5344s
 2197144 2024929    0.30312   27   67    0.19185    0.30469  58.8%   240 5352s
 2200509 2027836    0.30328   29   63    0.19185    0.30466  58.8%   240 5360s
 2203797 2031123    0.30387   30   61    0.19185    0.30463  58.8%   240 5368s
 2207459 2034187    0.29425   33   65    0.19185    0.30460  58.8%   240 5375s
 2210857 2037255     cutoff   30         0.19185    0.30456  58.7%   240 5382s
 2214223 2040295    0.26158   32   62    0.19185    0.30453  58.7%   240 5390s
 2217617 2043248    0.28912   31   60    0.19185    0.30450  58.7%   240 5398s
 2220883 2046396    0.30314   30   67    0.19185    0.30447  58.7%   240 5405s
 2224410 2049190     cutoff   33         0.19185    0.30443  58.7%   240 5413s
 2227510 2052312    0.29659   32   64    0.19185    0.30441  58.7%   240 5420s
 2230971 2055440    0.28410   32   61    0.19185    0.30438  58.7%   240 5425s
 2234448 2058590    0.29958   33   61    0.19185    0.30434  58.6%   240 5434s
 2236493 2058590    0.29326   30   58    0.19185    0.30434  58.6%   240 5435s
 2237904 2061969    0.29436   29   67    0.19185    0.30431  58.6%   240 5442s
 2241712 2064958    0.29300   31   75    0.19185    0.30427  58.6%   240 5448s
 2245065 2067813    0.29466   31   67    0.19185    0.30424  58.6%   240 5456s
 2248226 2070730    0.30073   30   70    0.19185    0.30422  58.6%   240 5462s
 2251480 2073871    0.30210   30   68    0.19185    0.30419  58.6%   240 5467s
 2255009 2076985    0.30099   32   68    0.19185    0.30415  58.5%   240 5474s
 2258503 2079800    0.29473   33   64    0.19185    0.30412  58.5%   240 5481s
 2261630 2082488    0.30219   28   65    0.19185    0.30409  58.5%   240 5488s
 2264667 2086023    0.29332   30   62    0.19185    0.30406  58.5%   240 5496s
 2268573 2088824    0.29148   28   63    0.19185    0.30403  58.5%   240 5503s
 2271693 2091737    0.29599   29   69    0.19185    0.30400  58.5%   240 5510s
 2274983 2094804    0.29797   30   60    0.19185    0.30397  58.4%   240 5518s
 2278397 2097736    0.30329   29   68    0.19185    0.30393  58.4%   240 5525s
 2281687 2100806    0.29038   29   67    0.19185    0.30391  58.4%   240 5532s
 2285099 2103510    0.29049   30   69    0.19185    0.30387  58.4%   240 5539s
 2288112 2106745    0.28468   33   64    0.19185    0.30385  58.4%   240 5547s
 2291726 2109817    0.29967   29   65    0.19185    0.30382  58.4%   240 5554s
 2295140 2113189     cutoff   34         0.19185    0.30379  58.3%   240 5563s
 2298870 2116196    0.29027   30   60    0.19185    0.30375  58.3%   240 5570s
 2302237 2119166    0.28857   32   62    0.19185    0.30372  58.3%   240 5575s
 2305532 2121929    0.28047   29   65    0.19185    0.30369  58.3%   240 5580s
 2308643 2125076    0.29142   29   70    0.19185    0.30366  58.3%   240 5586s
 2312174 2128069    0.28603   34   63    0.19185    0.30363  58.3%   240 5591s
 2315579 2130794    0.28929   29   67    0.19185    0.30360  58.2%   240 5599s
 2318655 2133816    0.29115   36   61    0.19185    0.30357  58.2%   240 5606s
 2322038 2136868    0.28971   32   65    0.19185    0.30354  58.2%   240 5613s
 2325432 2140210    0.28714   33   66    0.19185    0.30351  58.2%   239 5621s
 2329140 2143242    0.29694   33   58    0.19185    0.30348  58.2%   239 5629s
 2332510 2146175    0.29089   30   65    0.19185    0.30345  58.2%   239 5636s
 2335786 2149227    0.29331   31   63    0.19185    0.30342  58.2%   239 5644s
 2339200 2152129    0.29655   34   59    0.19185    0.30339  58.1%   239 5651s
 2342458 2155091     cutoff   30         0.19185    0.30336  58.1%   239 5659s
 2345747 2158071    0.29338   30   58    0.19185    0.30333  58.1%   239 5667s
 2349083 2161033    0.29745   31   66    0.19185    0.30330  58.1%   239 5672s
 2352419 2163978    0.27211   32   60    0.19185    0.30327  58.1%   239 5678s
 2355729 2167200    0.28959   30   61    0.19185    0.30324  58.1%   239 5684s
 2359371 2170321    0.28597   33   62    0.19185    0.30321  58.0%   239 5692s
 2362841 2173205    0.30227   30   65    0.19185    0.30318  58.0%   239 5697s
 2366032 2176228    0.27984   31   68    0.19185    0.30315  58.0%   239 5705s
 2369414 2179319    0.29520   31   67    0.19185    0.30313  58.0%   239 5712s
 2372819 2182211    0.28539   31   68    0.19185    0.30309  58.0%   239 5720s
 2376053 2185280    0.30192   29   67    0.19185    0.30307  58.0%   239 5728s
 2379458 2188241    0.28663   31   61    0.19185    0.30304  58.0%   239 5735s
 2382837 2191242    0.28824   31   65    0.19185    0.30301  57.9%   239 5743s
 2386240 2194534    0.29385   30   68    0.19185    0.30298  57.9%   239 5752s
 2389870 2197411    0.28867   31   63    0.19185    0.30295  57.9%   239 5759s
 2393158 2200539    0.29638   28   65    0.19185    0.30292  57.9%   239 5767s
 2396661 2203517    0.28325   33   61    0.19185    0.30289  57.9%   239 5775s
 2399984 2206476    0.29582   31   62    0.19185    0.30286  57.9%   239 5782s
 2403325 2209599    0.29140   33   69    0.19185    0.30283  57.8%   239 5790s
 2406783 2212362    0.29293   31   58    0.19185    0.30280  57.8%   239 5798s
 2409867 2215521    0.29502   31   67    0.19185    0.30277  57.8%   239 5806s
 2413329 2218635    0.28828   31   63    0.19185    0.30275  57.8%   239 5813s
 2416810 2221739    0.28852   31   63    0.19185    0.30272  57.8%   239 5819s
 2420267 2225088    0.29667   29   64    0.19185    0.30269  57.8%   239 5825s
 2423988 2228025    0.29754   27   66    0.19185    0.30265  57.8%   239 5831s
 2427232 2231076    0.28902   30   70    0.19185    0.30263  57.7%   239 5838s
 2430656 2234166    0.29442   33   65    0.19185    0.30260  57.7%   239 5846s
 2434155 2237152    0.30058   28   68    0.19185    0.30256  57.7%   239 5853s
 2437476 2240128    0.28376   32   66    0.19185    0.30254  57.7%   239 5860s
 2440833 2243071    0.29416   28   69    0.19185    0.30251  57.7%   239 5866s
 2444090 2246122    0.29815   29   68    0.19185    0.30248  57.7%   239 5874s
 2447532 2249421    0.29688   29   66    0.19185    0.30245  57.6%   239 5881s
 2451219 2252449    0.28724   34   61    0.19185    0.30242  57.6%   239 5889s
 2454651 2255454    0.28355   32   61    0.19185    0.30239  57.6%   239 5896s
 2457974 2258441    0.28656   33   68    0.19185    0.30236  57.6%   239 5904s
 2461306 2261445    0.29661   29   67    0.19185    0.30233  57.6%   239 5911s
 2464659 2264410    0.28480   29   62    0.19185    0.30230  57.6%   239 5918s
 2468019 2267419    0.28383   32   65    0.19185    0.30228  57.6%   239 5926s
 2471440 2270366    0.30206   29   63    0.19185    0.30225  57.5%   239 5933s
 2474757 2273300    0.29244   30   67    0.19185    0.30222  57.5%   239 5941s
 2478038 2276645    0.28586   32   68    0.19185    0.30219  57.5%   239 5950s
 2481781 2279406    0.28592   32   61    0.19185    0.30216  57.5%   239 5957s
 2484916 2282346    0.29009   31   61    0.19185    0.30213  57.5%   239 5965s
 2488217 2285409    0.28491   34   57    0.19185    0.30210  57.5%   239 5972s
 2491649 2288517    0.29529   27   68    0.19185    0.30208  57.5%   239 5980s
 2495161 2291450    0.28954   32   64    0.19185    0.30204  57.4%   239 5987s
 2498455 2294193    0.28389   30   65    0.19185    0.30202  57.4%   239 5995s
 2501542 2297407    0.29350   32   65    0.19185    0.30199  57.4%   239 6002s
 2505055 2300477    0.28176   31   67    0.19185    0.30196  57.4%   239 6010s
 2508541 2303804    0.29055   32   66    0.19185    0.30193  57.4%   239 6018s
 2512231 2305902     cutoff   33         0.19185    0.30190  57.4%   238 6027s
H2512339 2305902                       0.1918536    0.30190  57.4%   238 6029s
H2512595 2305902                       0.1918536    0.30190  57.4%   238 6029s
H2514219 2305902                       0.1918537    0.30190  57.4%   238 6029s
 2514596 2308774    0.28005   31   65    0.19185    0.30190  57.4%   238 6037s
 2517815 2311212    0.29426   30   67    0.19185    0.30189  57.4%   238 6046s
H2519102 2311212                       0.1918537    0.30188  57.3%   238 6046s
 2520555 2314056    0.29191   27   70    0.19185    0.30187  57.3%   238 6055s
 2523805 2317161    0.28257   33   63    0.19185    0.30184  57.3%   238 6065s
 2527264 2320228    0.27751   30   60    0.19185    0.30182  57.3%   238 6073s
 2530699 2323196    0.28691   30   67    0.19185    0.30179  57.3%   238 6079s
 2533976 2326192    0.29139   29   63    0.19185    0.30177  57.3%   238 6085s
 2537296 2329100    0.29028   30   65    0.19185    0.30174  57.3%   238 6092s
 2540570 2331821    0.29245   31   62    0.19185    0.30171  57.3%   238 6100s
 2543663 2334833    0.29137   31   64    0.19185    0.30168  57.2%   238 6109s
 2547080 2337669    0.29262   31   65    0.19185    0.30165  57.2%   238 6118s
 2550293 2340892    0.29257   31   65    0.19185    0.30163  57.2%   238 6127s
 2553918 2344120    0.29979   30   65    0.19185    0.30160  57.2%   238 6136s
 2557645 2347326    0.30154   27   69    0.19185    0.30156  57.2%   238 6145s
 2561230 2350336    0.28245   30   65    0.19185    0.30152  57.2%   238 6154s
 2564598 2353490    0.29579   30   61    0.19185    0.30149  57.1%   238 6162s
 2568142 2356650    0.29281   33   63    0.19185    0.30147  57.1%   238 6170s
 2571697 2359836    0.30120   28   67    0.19185    0.30144  57.1%   238 6179s
 2575292 2362779    0.29367   28   68    0.19185    0.30140  57.1%   238 6187s
 2578638 2365713    0.29573   32   62    0.19185    0.30138  57.1%   238 6195s
 2581973 2368743    0.28608   28   61    0.19185    0.30133  57.1%   238 6202s
 2585367 2371726    0.28660   32   56    0.19185    0.30130  57.0%   238 6209s
 2588752 2374765    0.29166   31   63    0.19185    0.30127  57.0%   238 6216s
 2592148 2377552    0.30089   30   62    0.19185    0.30124  57.0%   238 6222s
 2595231 2380656    0.28384   31   60    0.19185    0.30122  57.0%   238 6230s
 2598711 2383727    0.30096   29   67    0.19185    0.30119  57.0%   238 6239s
 2602158 2386992    0.30037   29   67    0.19185    0.30116  57.0%   238 6247s
 2605918 2389909    0.29563   33   63    0.19185    0.30113  57.0%   238 6255s
 2609214 2392847    0.29329   32   59    0.19185    0.30111  56.9%   238 6263s
 2612513 2395809    0.29132   30   65    0.19185    0.30108  56.9%   238 6271s
 2615864 2398688    0.29362   31   61    0.19185    0.30106  56.9%   238 6279s
 2619079 2401563    0.29278   32   63    0.19185    0.30103  56.9%   238 6287s
 2622316 2404710    0.27944   33   61    0.19185    0.30101  56.9%   238 6294s
 2625803 2407689    0.29811   29   67    0.19185    0.30098  56.9%   238 6302s
 2629234 2410259    0.19595   33   60    0.19185    0.30095  56.9%   238 6310s
 2632194 2413267    0.29816   29   63    0.19185    0.30093  56.9%   238 6318s
 2635566 2416640    0.27339   33   56    0.19185    0.30090  56.8%   238 6325s
 2639391 2419640    0.27995   29   68    0.19185    0.30087  56.8%   238 6331s
 2642785 2422703    0.28012   31   70    0.19185    0.30084  56.8%   238 6337s
 2646212 2425696    0.28814   30   64    0.19185    0.30082  56.8%   238 6344s
 2649568 2428745    0.29967   31   68    0.19185    0.30079  56.8%   238 6351s
 2652995 2431778     cutoff   32         0.19185    0.30077  56.8%   238 6358s
 2656398 2434785    0.29317   34   64    0.19185    0.30074  56.8%   238 6364s
 2659755 2437762    0.29163   32   61    0.19185    0.30071  56.7%   238 6373s
 2663110 2441073    0.28790   30   67    0.19185    0.30069  56.7%   238 6381s
 2666800 2444042    0.30065   29   69    0.19185    0.30066  56.7%   238 6389s
 2670103 2446987    0.29106   32   65    0.19185    0.30063  56.7%   238 6397s
 2673399 2449986    0.29179   31   58    0.19185    0.30061  56.7%   238 6404s
 2676791 2452991    0.28231   32   61    0.19185    0.30058  56.7%   238 6412s
 2680193 2455969    0.29259   34   61    0.19185    0.30055  56.7%   238 6419s
 2683113 2455969    0.28864   35   60    0.19185    0.30055  56.7%   238 6420s
 2683522 2459010    0.29272   31   62    0.19185    0.30053  56.6%   238 6428s
 2686894 2461796    0.20655   32   60    0.19185    0.30051  56.6%   238 6436s
 2689985 2464928    0.28989   31   63    0.19185    0.30048  56.6%   238 6443s
 2693464 2468167    0.30040   27   69    0.19185    0.30046  56.6%   238 6452s
 2697161 2471099    0.28871   32   66    0.19185    0.30042  56.6%   238 6459s
 2700509 2474132    0.29910   31   64    0.19185    0.30040  56.6%   238 6467s
 2703867 2477006    0.28513   31   63    0.19185    0.30037  56.6%   238 6475s
 2707075 2480057    0.27134   33   64    0.19185    0.30035  56.6%   238 6482s
 2710501 2483024    0.29904   27   63    0.19185    0.30032  56.5%   238 6490s
 2713822 2485831    0.28904   31   69    0.19185    0.30030  56.5%   238 6497s
 2716957 2488954    0.29902   30   67    0.19185    0.30027  56.5%   237 6505s
 2720458 2491991     cutoff   27         0.19185    0.30025  56.5%   237 6512s
 2723915 2495287    0.29178   30   67    0.19185    0.30022  56.5%   237 6521s
 2727624 2498351    0.29230   32   68    0.19185    0.30020  56.5%   237 6528s
 2731077 2501322    0.29308   31   65    0.19185    0.30017  56.5%   237 6536s
 2734401 2503995    0.29415   30   68    0.19185    0.30015  56.4%   237 6543s
 2737395 2506919    0.28666   28   68    0.19185    0.30012  56.4%   237 6551s
 2740684 2509956    0.28632   32   61    0.19185    0.30010  56.4%   237 6558s
 2744175 2512889    0.29317   29   63    0.19185    0.30007  56.4%   237 6566s
 2747495 2515856    0.29758   29   61    0.19185    0.30005  56.4%   237 6573s
 2750776 2518843    0.28961   27   75    0.19185    0.30002  56.4%   237 6581s
 2754128 2522068    0.29795   31   60    0.19185    0.30000  56.4%   237 6589s
 2757727 2525140    0.29099   31   61    0.19185    0.29997  56.4%   237 6597s
 2761230 2528127    0.28890   33   58    0.19185    0.29995  56.3%   237 6605s
 2764619 2530923    0.25307   31   63    0.19185    0.29992  56.3%   237 6612s
 2767765 2533985    0.28652   31   71    0.19185    0.29989  56.3%   237 6620s
 2771226 2536961    0.28338   32   69    0.19185    0.29987  56.3%   237 6627s
 2774557 2539857    0.29645   28   66    0.19185    0.29985  56.3%   237 6635s
 2777800 2542914    0.29146   31   67    0.19185    0.29982  56.3%   237 6642s
 2781234 2545866    0.29054   30   67    0.19185    0.29980  56.3%   237 6651s
 2784586 2548747    0.28977   31   68    0.19185    0.29977  56.2%   237 6659s
 2787840 2552085    0.29196   32   58    0.19185    0.29974  56.2%   237 6668s
 2791594 2555163    0.28495   30   65    0.19185    0.29972  56.2%   237 6676s
 2795047 2558298    0.29830   31   59    0.19185    0.29969  56.2%   237 6684s
 2798628 2561375    0.28212   35   62    0.19185    0.29967  56.2%   237 6691s
 2802130 2564414    0.27258   32   60    0.19185    0.29964  56.2%   237 6698s
 2805517 2567108    0.27820   33   58    0.19185    0.29961  56.2%   237 6705s
 2808542 2570265    0.29599   29   67    0.19185    0.29959  56.2%   237 6713s
 2812091 2573419    0.28284   34   63    0.19185    0.29957  56.1%   237 6720s
 2815621 2576669    0.28917   27   70    0.19185    0.29954  56.1%   237 6728s
 2819271 2579722    0.29585   30   60    0.19185    0.29951  56.1%   237 6734s
 2822704 2582732     cutoff   32         0.19185    0.29949  56.1%   237 6742s
 2826101 2585773    0.28570   33   63    0.19185    0.29946  56.1%   237 6749s
 2829533 2588556    0.29623   30   65    0.19185    0.29944  56.1%   237 6757s
 2832717 2591380    0.29889   29   64    0.19185    0.29942  56.1%   237 6764s
 2835952 2594356    0.28978   33   66    0.19185    0.29939  56.1%   237 6772s
 2839321 2597286    0.28318   29   63    0.19185    0.29937  56.0%   237 6779s
 2842616 2600146    0.29761   27   67    0.19185    0.29934  56.0%   237 6787s
 2845888 2603503    0.29200   34   58    0.19185    0.29932  56.0%   237 6795s
 2849705 2606328    0.28610   34   62    0.19185    0.29929  56.0%   237 6802s
 2852848 2609298    0.29146   31   65    0.19185    0.29927  56.0%   237 6810s
 2856174 2612246    0.29353   30   60    0.19185    0.29924  56.0%   237 6817s
 2859469 2615000    0.29107   31   67    0.19185    0.29922  56.0%   237 6824s
 2862586 2618020    0.27078   35   54    0.19185    0.29920  56.0%   237 6832s
 2865950 2620976    0.28591   31   65    0.19185    0.29917  55.9%   237 6840s
 2869292 2623819    0.28780   30   66    0.19185    0.29915  55.9%   237 6848s
 2872464 2626916    0.29067   29   62    0.19185    0.29913  55.9%   237 6856s
 2875927 2630153    0.29109   31   67    0.19185    0.29910  55.9%   237 6864s
 2879630 2633043    0.28726   33   61    0.19185    0.29908  55.9%   237 6871s
 2882869 2635921    0.29628   28   67    0.19185    0.29905  55.9%   237 6879s
 2886108 2639014    0.28251   29   64    0.19185    0.29903  55.9%   237 6887s
 2889598 2642040    0.29393   31   61    0.19185    0.29900  55.9%   237 6894s
 2893029 2644977    0.28453   29   68    0.19185    0.29898  55.8%   237 6903s
 2896330 2647955    0.29278   31   62    0.19185    0.29896  55.8%   237 6910s
 2899683 2650872    0.28065   32   61    0.19185    0.29893  55.8%   237 6918s
 2902919 2653924    0.29316   35   60    0.19185    0.29891  55.8%   237 6925s
 2906345 2657186    0.28726   31   66    0.19185    0.29889  55.8%   237 6934s
 2909953 2660137    0.26781   30   68    0.19185    0.29887  55.8%   237 6941s
 2913263 2663097    0.29263   31   59    0.19185    0.29884  55.8%   237 6949s
 2916670 2666081    0.28470   29   61    0.19185    0.29882  55.8%   237 6957s
 2919994 2669070    0.28603   34   61    0.19185    0.29879  55.7%   237 6964s
 2923386 2672058    0.28045   32   59    0.19185    0.29877  55.7%   237 6972s
 2926775 2674802    0.28951   28   65    0.19185    0.29875  55.7%   236 6980s
 2929946 2677763    0.23796   30   57    0.19185    0.29872  55.7%   236 6988s
 2933354 2680885    0.29012   31   65    0.19185    0.29870  55.7%   236 6996s
 2936861 2684169    0.28579   32   64    0.19185    0.29868  55.7%   236 7004s
 2940588 2687000    0.29155   31   67    0.19185    0.29865  55.7%   236 7011s
 2943798 2689760    0.29755   31   69    0.19185    0.29863  55.7%   236 7019s
 2946904 2692925    0.29787   32   67    0.19185    0.29861  55.6%   236 7027s
 2950460 2695904    0.28445   34   65    0.19185    0.29858  55.6%   236 7034s
 2953805 2698671    0.27905   30   64    0.19185    0.29856  55.6%   236 7042s
 2956954 2701717    0.28755   31   61    0.19185    0.29853  55.6%   236 7049s
 2958401 2701717    0.29190   29   64    0.19185    0.29853  55.6%   236 7050s
 2960359 2704696    0.26580   32   63    0.19185    0.29851  55.6%   236 7056s
 2963757 2707637    0.27937   30   66    0.19185    0.29849  55.6%   236 7063s
 2967094 2710935    0.28935   31   70    0.19185    0.29847  55.6%   236 7072s
 2970779 2713808    0.29457   30   70    0.19185    0.29844  55.6%   236 7078s
 2974032 2716597    0.29802   29   65    0.19185    0.29842  55.5%   236 7086s
 2977118 2719596     cutoff   32         0.19185    0.29840  55.5%   236 7093s
 2980536 2722608    0.29449   28   69    0.19185    0.29837  55.5%   236 7101s
 2983905 2725361    0.28696   32   68    0.19185    0.29835  55.5%   236 7109s
 2987026 2728580    0.29004   30   64    0.19185    0.29833  55.5%   236 7117s
 2990553 2731769    0.28774   31   62    0.19185    0.29830  55.5%   236 7126s
 2994208 2734756    0.21792   30   55    0.19185    0.29827  55.5%   236 7134s
 2997592 2737973    0.28914   32   61    0.19185    0.29825  55.5%   236 7144s
 3001156 2741044    0.29103   31   59    0.19185    0.29822  55.4%   236 7150s
 3004628 2744014    0.28015   28   63    0.19185    0.29820  55.4%   236 7156s
 3007970 2746794    0.28491   29   63    0.19185    0.29817  55.4%   236 7161s
 3011129 2749830    0.29002   31   59    0.19185    0.29815  55.4%   236 7169s
 3014630 2752797    0.28347   32   60    0.19185    0.29813  55.4%   236 7178s
 3017958 2755858    0.29025   31   64    0.19185    0.29810  55.4%   236 7184s
 3021389 2758662    0.28849   34   64    0.19185    0.29808  55.4%   236 7190s
 3024530 2761656    0.28962   29   63    0.19185    0.29806  55.4%   236 7198s
 3027931 2764720    0.25793   32   64    0.19185    0.29803  55.3%   236 7207s
 3031427 2767778    0.27092   32   65    0.19185    0.29801  55.3%   236 7215s
 3034877 2770908    0.27916   33   67    0.19185    0.29799  55.3%   236 7223s
 3038381 2773870    0.29613   32   61    0.19185    0.29796  55.3%   236 7231s
 3041744 2776829    0.29761   31   64    0.19185    0.29794  55.3%   236 7239s
 3045038 2779852    0.29528   30   63    0.19185    0.29792  55.3%   236 7247s
 3048469 2782886    0.21634   31   59    0.19185    0.29789  55.3%   236 7255s
 3051915 2785893 infeasible   27         0.19185    0.29787  55.3%   236 7263s
 3055288 2788837    0.28993   31   66    0.19185    0.29785  55.2%   236 7271s
 3058640 2792104     cutoff   32         0.19185    0.29783  55.2%   236 7280s
 3062344 2794996    0.28468   32   66    0.19185    0.29780  55.2%   236 7287s
 3065577 2797802    0.28593   30   67    0.19185    0.29778  55.2%   236 7295s
 3068751 2800649    0.28692   26   69    0.19185    0.29776  55.2%   236 7302s
 3071960 2803862    0.28788   26   68    0.19185    0.29774  55.2%   236 7310s
 3075540 2806910    0.28943   31   63    0.19185    0.29771  55.2%   236 7318s
 3078968 2809870    0.27967   25   70    0.19185    0.29769  55.2%   236 7325s
 3082371 2812776    0.28418   31   64    0.19185    0.29767  55.2%   236 7334s
 3085622 2815727    0.28718   31   69    0.19185    0.29764  55.1%   236 7342s
 3088927 2818979    0.29532   29   67    0.19185    0.29762  55.1%   236 7350s
 3092615 2821800    0.28324   33   64    0.19185    0.29759  55.1%   236 7357s
 3095754 2824786     cutoff   33         0.19185    0.29757  55.1%   236 7366s
 3099120 2827808    0.29594   27   64    0.19185    0.29755  55.1%   236 7373s
 3102554 2830831    0.26773   30   62    0.19185    0.29753  55.1%   236 7381s
 3105961 2833858    0.28621   33   61    0.19185    0.29750  55.1%   236 7389s
 3109416 2836766    0.28216   29   70    0.19185    0.29748  55.1%   236 7396s
 3112794 2839643    0.27496   31   65    0.19185    0.29746  55.0%   236 7403s
 3116056 2842494    0.29340   30   70    0.19185    0.29744  55.0%   236 7411s
 3119233 2845662    0.29331   32   62    0.19185    0.29742  55.0%   236 7418s
 3122796 2848545    0.29447   29   67    0.19185    0.29739  55.0%   236 7424s
 3126093 2851585    0.28730   31   58    0.19185    0.29737  55.0%   236 7432s
 3129532 2854373    0.29421   28   64    0.19185    0.29735  55.0%   236 7439s
 3132742 2857467    0.29700   32   63    0.19185    0.29733  55.0%   236 7446s
 3136228 2860591    0.28699   28   68    0.19185    0.29730  55.0%   236 7454s
 3139717 2863609    0.27859   32   64    0.19185    0.29728  55.0%   236 7461s
 3143108 2866582    0.28494   31   61    0.19185    0.29726  54.9%   236 7468s
 3146444 2869500    0.28671   33   61    0.19185    0.29723  54.9%   236 7476s
 3149793 2872699    0.29396   33   61    0.19185    0.29721  54.9%   236 7483s
 3153406 2875812    0.29405   30   60    0.19185    0.29718  54.9%   236 7490s
 3156954 2878635    0.29006   31   65    0.19185    0.29716  54.9%   236 7498s
 3160163 2881510    0.28969   32   68    0.19185    0.29714  54.9%   236 7505s
 3163414 2884278    0.29413   28   65    0.19185    0.29712  54.9%   236 7513s
 3166594 2887323    0.28625   32   59    0.19185    0.29709  54.9%   236 7521s
 3170028 2890037    0.29417   31   64    0.19185    0.29707  54.8%   236 7528s
 3173117 2893030    0.29116   31   63    0.19185    0.29705  54.8%   236 7534s
 3176528 2896039    0.28420   33   61    0.19185    0.29703  54.8%   236 7540s
 3179897 2899257    0.28839   31   64    0.19185    0.29701  54.8%   235 7548s
 3183516 2902170    0.29214   30   65    0.19185    0.29698  54.8%   235 7555s
 3186808 2905119    0.29105   32   65    0.19185    0.29696  54.8%   235 7563s
 3190167 2908084    0.28409   31   61    0.19185    0.29694  54.8%   235 7571s
 3193490 2911035    0.28611   28   69    0.19185    0.29691  54.8%   235 7578s
 3196823 2913942    0.28691   32   60    0.19185    0.29690  54.8%   235 7586s
 3200103 2916908    0.28409   33   66    0.19185    0.29687  54.7%   235 7594s
 3203498 2919843    0.29386   33   57    0.19185    0.29685  54.7%   235 7602s
 3206813 2922832    0.28811   34   65    0.19185    0.29683  54.7%   235 7610s
 3210167 2926021    0.28658   31   65    0.19185    0.29680  54.7%   235 7618s
 3213787 2928997    0.28128   34   57    0.19185    0.29678  54.7%   235 7626s
 3217181 2931907    0.29474   32   60    0.19185    0.29675  54.7%   235 7634s
 3220472 2934874    0.28952   30   63    0.19185    0.29673  54.7%   235 7641s
 3223825 2937828    0.28621   31   69    0.19185    0.29671  54.7%   235 7649s
 3227189 2940729    0.28925   29   60    0.19185    0.29669  54.6%   235 7657s
 3230444 2943531    0.28702   28   62    0.19185    0.29667  54.6%   235 7665s
 3233680 2946491    0.29046   35   60    0.19185    0.29665  54.6%   235 7672s
 3237059 2949511    0.28671   33   58    0.19185    0.29663  54.6%   235 7680s
 3240475 2952592    0.29045   29   68    0.19185    0.29660  54.6%   235 7686s
 3243977 2955556    0.29421   26   67    0.19185    0.29658  54.6%   235 7692s
 3247411 2958548    0.28381   32   67    0.19185    0.29656  54.6%   235 7699s
 3250805 2961546    0.28706   31   62    0.19185    0.29653  54.6%   235 7707s
 3254159 2964316    0.29466   26   66    0.19185    0.29651  54.6%   235 7715s
 3257313 2967377    0.28337   30   65    0.19185    0.29649  54.5%   235 7723s
 3260829 2970289    0.24140   30   62    0.19185    0.29647  54.5%   235 7730s
 3264092 2973163    0.29215   31   67    0.19185    0.29645  54.5%   235 7738s
 3267362 2975913    0.28786   31   63    0.19185    0.29643  54.5%   235 7746s
 3270497 2979205    0.28253   28   67    0.19185    0.29641  54.5%   235 7754s
 3274191 2982057    0.28405   32   61    0.19185    0.29638  54.5%   235 7762s
 3277401 2985033    0.29543   31   64    0.19185    0.29636  54.5%   235 7770s
 3280760 2988005    0.28353   31   69    0.19185    0.29634  54.5%   235 7776s
 3284074 2990779    0.27713   31   62    0.19185    0.29632  54.5%   235 7782s
 3287193 2993839    0.28023   31   61    0.19185    0.29630  54.4%   235 7788s
 3290634 2996998    0.28982   32   59    0.19185    0.29628  54.4%   235 7796s
 3294166 2999951    0.28772   33   63    0.19185    0.29626  54.4%   235 7804s
 3297524 3002577    0.27938   33   65    0.19185    0.29624  54.4%   235 7812s
 3300516 3005780    0.29547   29   64    0.19185    0.29622  54.4%   235 7820s
 3304163 3008729    0.28757   31   64    0.19185    0.29620  54.4%   235 7828s
 3307509 3011540    0.29596   29   66    0.19185    0.29617  54.4%   235 7835s
 3310677 3014675    0.27894   32   63    0.19185    0.29615  54.4%   235 7843s
 3314249 3017670    0.29407   32   71    0.19185    0.29613  54.4%   235 7850s
 3317617 3020441    0.29029   31   65    0.19185    0.29611  54.3%   235 7858s
 3320785 3023406    0.28450   31   61    0.19185    0.29609  54.3%   235 7864s
 3324230 3026346    0.28861   26   63    0.19185    0.29607  54.3%   235 7870s
 3327607 3029069    0.29003   31   62    0.19185    0.29605  54.3%   235 7878s
 3330715 3032374    0.28260   28   64    0.19185    0.29603  54.3%   235 7886s
 3334449 3035370    0.28084   34   61    0.19185    0.29600  54.3%   235 7894s
 3337842 3038196    0.29250   25   69    0.19185    0.29598  54.3%   235 7901s
 3341015 3041111    0.28431   31   61    0.19185    0.29596  54.3%   235 7909s
 3344295 3044045    0.29549   30   67    0.19185    0.29594  54.3%   235 7916s
 3347605 3046833    0.28573   31   60    0.19185    0.29592  54.2%   235 7922s
 3350770 3049907    0.29261   29   66    0.19185    0.29590  54.2%   235 7927s
 3354242 3052884    0.29249   31   60    0.19185    0.29587  54.2%   235 7933s
 3357683 3055590    0.28633   34   61    0.19185    0.29586  54.2%   235 7941s
 3360806 3058840    0.29407   32   68    0.19185    0.29584  54.2%   235 7950s
 3364526 3061618    0.29296   29   64    0.19185    0.29581  54.2%   235 7957s
 3367741 3064535    0.29492   27   65    0.19185    0.29579  54.2%   235 7965s
 3371088 3067506    0.28342   30   69    0.19185    0.29577  54.2%   235 7972s
 3374409 3070476    0.28567   30   60    0.19185    0.29575  54.2%   235 7980s
 3377738 3073125    0.29034   29   67    0.19185    0.29573  54.1%   235 7987s
 3380754 3076140    0.29489   28   67    0.19185    0.29571  54.1%   235 7995s
 3384211 3078993     cutoff   34         0.19185    0.29569  54.1%   235 8002s
 3387409 3081976    0.28427   32   67    0.19185    0.29567  54.1%   235 8010s
 3390786 3084993    0.27860   32   66    0.19185    0.29565  54.1%   235 8018s
 3394209 3088179    0.29490   32   61    0.19185    0.29563  54.1%   235 8026s
 3397838 3091173    0.28284   30   66    0.19185    0.29561  54.1%   235 8033s
 3401230 3094201    0.28704   32   62    0.19185    0.29558  54.1%   235 8041s
 3404643 3097070    0.29342   28   65    0.19185    0.29556  54.1%   235 8049s
 3407869 3100001    0.29415   26   66    0.19185    0.29554  54.0%   235 8057s
 3411186 3102914    0.28755   33   60    0.19185    0.29552  54.0%   235 8065s
 3414526 3105841    0.29526   30   65    0.19185    0.29550  54.0%   235 8073s
 3417837 3108797    0.27529   33   68    0.19185    0.29548  54.0%   235 8080s
 3421225 3112009    0.28235   32   67    0.19185    0.29546  54.0%   235 8089s
 3424920 3114813    0.28475   30   63    0.19185    0.29544  54.0%   235 8096s
 3428101 3117834    0.28481   29   68    0.19185    0.29542  54.0%   235 8104s
 3431461 3120699    0.28609   32   62    0.19185    0.29540  54.0%   235 8112s
 3434707 3123569    0.29499   28   66    0.19185    0.29538  54.0%   235 8120s
 3437985 3126246     cutoff   31         0.19185    0.29536  53.9%   235 8126s
 3441036 3129249    0.29410   26   69    0.19185    0.29533  53.9%   235 8132s
 3444518 3132229    0.28758   30   66    0.19185    0.29531  53.9%   235 8138s
 3447863 3135029    0.28669   33   62    0.19185    0.29529  53.9%   235 8144s
 3451057 3138339    0.27640   31   68    0.19185    0.29527  53.9%   235 8153s
 3454785 3141276    0.28598   33   59    0.19185    0.29525  53.9%   235 8160s
 3458119 3144228    0.28380   30   70    0.19185    0.29523  53.9%   234 8168s
 3461426 3147071    0.29229   29   69    0.19185    0.29521  53.9%   234 8175s
 3464613 3149997    0.28401   28   67    0.19185    0.29519  53.9%   234 8183s
 3467939 3152878    0.28262   29   65    0.19185    0.29517  53.9%   234 8190s
 3471172 3155795     cutoff   34         0.19185    0.29515  53.8%   234 8198s
 3474499 3158547    0.29474   28   67    0.19185    0.29513  53.8%   234 8206s
 3477624 3161634    0.28816   33   66    0.19185    0.29511  53.8%   234 8213s
 3481081 3164761    0.28658   30   64    0.19185    0.29509  53.8%   234 8222s
 3484656 3167754    0.29420   30   63    0.19185    0.29507  53.8%   234 8228s
 3488042 3170717    0.28423   33   70    0.19185    0.29504  53.8%   234 8235s
 3491399 3173599    0.28644   30   64    0.19185    0.29503  53.8%   234 8243s
 3494698 3176628    0.28207   31   66    0.19185    0.29501  53.8%   234 8250s
 3498163 3179632    0.28679   31   61    0.19185    0.29499  53.8%   234 8256s
 3501592 3182622    0.29493   26   64    0.19185    0.29497  53.7%   234 8265s
 3504963 3185459    0.29153   30   67    0.19185    0.29495  53.7%   234 8273s
 3508206 3188478    0.28078   30   65    0.19185    0.29492  53.7%   234 8278s
 3511626 3191800    0.28923   27   69    0.19185    0.29490  53.7%   234 8285s
 3515389 3194484    0.28597   29   66    0.19185    0.29488  53.7%   234 8292s
 3518431 3197574    0.28656   31   63    0.19185    0.29486  53.7%   234 8299s
 3521936 3200454    0.28718   30   62    0.19185    0.29484  53.7%   234 8307s
 3525212 3203382    0.27895   32   61    0.19185    0.29482  53.7%   234 8315s
 3528534 3206341    0.28446   33   61    0.19185    0.29480  53.7%   234 8323s
 3531829 3209056    0.28722   31   60    0.19185    0.29477  53.6%   234 8330s
 3534943 3212005    0.28757   29   65    0.19185    0.29476  53.6%   234 8338s
 3538277 3214802    0.27592   34   61    0.19185    0.29473  53.6%   234 8346s
 3541415 3217964    0.29028   33   61    0.19185    0.29471  53.6%   234 8355s
 3545013 3221050    0.28698   31   66    0.19185    0.29469  53.6%   234 8362s
 3548440 3223866    0.29233   30   64    0.19185    0.29468  53.6%   234 8370s
 3551657 3223894     cutoff   28         0.19185    0.29465  53.6%   234 8379s
 3551693 3223925    0.28146   33   64    0.19185    0.29465  53.6%   234 8387s
H3551696 3223925                       0.1918537    0.29465  53.6%   234 8389s
H3551720 3223925                       0.1918537    0.29465  53.6%   234 8390s
 3551726 3224254    0.27571   32   67    0.19185    0.29465  53.6%   234 8399s
H3551833 3224254                       0.1918538    0.29465  53.6%   234 8400s
 3552108 3224692    0.28611   31   63    0.19185    0.29465  53.6%   234 8410s
 3552592 3225180    0.27480   29   67    0.19185    0.29464  53.6%   234 8422s
 3553138 3225492    0.28850   31   62    0.19185    0.29464  53.6%   234 8433s
 3553504 3225899     cutoff   30         0.19185    0.29464  53.6%   234 8443s
 3553974 3226228    0.28089   32   62    0.19185    0.29464  53.6%   234 8454s
 3554356 3226762    0.28587   28   67    0.19185    0.29464  53.6%   234 8464s
 3554948 3227597     cutoff   34         0.19185    0.29464  53.6%   234 8478s
 3555886 3228662    0.28623   30   64    0.19185    0.29464  53.6%   234 8501s
 3557087 3230734    0.28391   31   64    0.19185    0.29463  53.6%   234 8519s
 3559449 3234304    0.28753   33   67    0.19185    0.29463  53.6%   234 8537s
 3563427 3239344    0.28652   33   59    0.19185    0.29463  53.6%   234 8554s
 3569224 3244520     cutoff   33         0.19185    0.29461  53.6%   234 8568s
 3575066 3247518    0.27965   32   67    0.19185    0.29456  53.5%   234 8575s
 3578475 3250658    0.28376   29   66    0.19185    0.29448  53.5%   234 8581s
 3582010 3253755    0.28526   34   59    0.19185    0.29446  53.5%   234 8589s
 3585489 3256745    0.28159   31   62    0.19185    0.29444  53.5%   234 8597s
 3588866 3259724    0.27703   31   66    0.19185    0.29442  53.5%   234 8606s
 3592298 3262695    0.28766   29   59    0.19185    0.29440  53.4%   234 8613s
 3595712 3265485    0.27505   30   66    0.19185    0.29438  53.4%   234 8621s
 3598903 3268548    0.28432   34   64    0.19185    0.29436  53.4%   234 8629s
 3602360 3271476    0.28466   30   63    0.19185    0.29434  53.4%   234 8637s
 3605700 3274744    0.29245   29   64    0.19185    0.29432  53.4%   234 8645s
 3609355 3277667    0.29098   29   63    0.19185    0.29430  53.4%   234 8652s
 3612707 3280387    0.27650   33   59    0.19185    0.29428  53.4%   234 8660s
 3615837 3283301    0.29269   29   66    0.19185    0.29426  53.4%   234 8668s
 3619111 3286118    0.28496   34   58    0.19185    0.29424  53.4%   234 8676s
 3622287 3289022    0.28788   33   64    0.19185    0.29422  53.4%   234 8684s
 3625594 3292106    0.29095   26   67    0.19185    0.29420  53.3%   234 8692s
 3629089 3295163    0.26455   32   56    0.19185    0.29418  53.3%   234 8700s
 3632520 3298155    0.28521   34   55    0.19185    0.29416  53.3%   234 8707s
 3635907 3301349    0.28259   30   63    0.19185    0.29414  53.3%   234 8714s
 3639601 3304115    0.27304   33   60    0.19185    0.29412  53.3%   234 8722s
 3642819 3306937    0.28726   34   65    0.19185    0.29410  53.3%   234 8729s
 3646109 3309905    0.28681   32   64    0.19185    0.29408  53.3%   234 8734s
 3649471 3311735     cutoff   29         0.19185    0.29406  53.3%   234 8743s
 3651534 3313654    0.28309   29   67    0.19185    0.29406  53.3%   234 8751s
H3652901 3313654                       0.1918538    0.29406  53.3%   234 8755s
 3653723 3316553    0.28611   31   67    0.19185    0.29405  53.3%   234 8768s
 3657027 3319430    0.25202   32   56    0.19185    0.29404  53.3%   234 8777s
 3660256 3322195    0.29172   28   68    0.19185    0.29402  53.3%   234 8786s
 3663379 3325104    0.27705   30   65    0.19185    0.29400  53.2%   234 8795s
 3666663 3327759    0.28575   31   64    0.19185    0.29398  53.2%   234 8803s
 3669683 3330652     cutoff   31         0.19185    0.29397  53.2%   234 8813s
 3672985 3333456    0.28495   29   63    0.19185    0.29395  53.2%   234 8822s
 3676231 3336276     cutoff   33         0.19185    0.29393  53.2%   234 8832s
 3679462 3339303    0.28641   28   69    0.19185    0.29391  53.2%   234 8842s
H3679721 3339302                       0.1918539    0.29391  53.2%   234 8843s
 3682925 3342356    0.28376   32   57    0.19185    0.29389  53.2%   234 8852s
 3686360 3345559    0.28096   29   63    0.19185    0.29387  53.2%   234 8862s
 3690000 3348764    0.28825   31   62    0.19185    0.29385  53.2%   234 8874s
 3693671 3351804    0.28720   27   66    0.19185    0.29382  53.1%   234 8883s
 3697151 3354826    0.28606   32   63    0.19185    0.29380  53.1%   234 8892s
 3700574 3357772    0.28172   33   64    0.19185    0.29378  53.1%   234 8900s
 3703934 3360718    0.28176   32   63    0.19185    0.29375  53.1%   234 8909s
 3707296 3363816    0.28186   30   66    0.19185    0.29373  53.1%   234 8917s
 3710780 3366799    0.29290   28   67    0.19185    0.29371  53.1%   234 8925s
 3714191 3369830    0.28605   31   56    0.19185    0.29368  53.1%   234 8933s
 3717662 3372790    0.27993   29   70    0.19185    0.29366  53.1%   234 8941s
 3721046 3375806    0.28272   34   62    0.19185    0.29364  53.1%   234 8949s
 3724464 3378710    0.28086   33   57    0.19185    0.29362  53.0%   234 8957s
 3727812 3381975    0.28964   29   64    0.19185    0.29360  53.0%   234 8965s
 3731507 3384840    0.28891   31   53    0.19185    0.29358  53.0%   234 8973s
 3734728 3387595    0.28373   33   63    0.19185    0.29356  53.0%   234 8980s
 3737839 3390606    0.19381   34   60    0.19185    0.29355  53.0%   234 8988s
 3741221 3393533    0.28353   33   65    0.19185    0.29353  53.0%   234 8996s
 3744593 3396582    0.29193   33   62    0.19185    0.29351  53.0%   234 9004s
 3747999 3399666    0.29302   30   65    0.19185    0.29349  53.0%   234 9012s
 3751469 3402352    0.28143   33   67    0.19185    0.29347  53.0%   234 9020s
 3754521 3405292    0.28093   29   65    0.19185    0.29345  53.0%   234 9028s
 3757882 3408328    0.28208   31   64    0.19185    0.29343  52.9%   234 9037s
 3761392 3411239    0.28139   34   59    0.19185    0.29341  52.9%   234 9045s
 3764735 3414281    0.28319   31   62    0.19185    0.29339  52.9%   234 9054s
 3768166 3417275    0.29223   28   69    0.19185    0.29337  52.9%   234 9061s
 3771545 3420229    0.27460   33   56    0.19185    0.29335  52.9%   234 9069s
 3774909 3423168    0.27719   30   63    0.19185    0.29333  52.9%   234 9077s
 3778265 3425936    0.29108   28   72    0.19185    0.29332  52.9%   234 9085s
 3781454 3428835    0.28277   35   59    0.19185    0.29330  52.9%   234 9092s
 3784739 3431867    0.28031   31   62    0.19185    0.29328  52.9%   233 9101s
 3788182 3435231    0.28029   32   59    0.19185    0.29326  52.9%   233 9109s
 3792016 3438113    0.27562   33   65    0.19185    0.29324  52.8%   233 9116s
 3795262 3440917 infeasible   32         0.19185    0.29322  52.8%   233 9122s
 3798441 3443771    0.29144   30   64    0.19185    0.29320  52.8%   233 9129s
 3801721 3446633    0.29311   27   71    0.19185    0.29318  52.8%   233 9137s
 3804983 3449580     cutoff   35         0.19185    0.29316  52.8%   233 9143s
 3808306 3452456    0.26304   32   65    0.19185    0.29314  52.8%   233 9149s
 3811573 3455187    0.28291   30   64    0.19185    0.29313  52.8%   233 9157s
 3814740 3458190    0.27862   29   68    0.19185    0.29311  52.8%   233 9163s
 3818119 3461371    0.28264   30   64    0.19185    0.29309  52.8%   233 9172s
 3821786 3464251    0.24318   32   66    0.19185    0.29307  52.8%   233 9180s
 3825063 3467115    0.27669   30   63    0.19185    0.29305  52.7%   233 9188s
 3828322 3470000    0.28230   33   62    0.19185    0.29303  52.7%   233 9196s
 3831608 3472850    0.29301   28   65    0.19185    0.29301  52.7%   233 9204s
 3834840 3475645    0.28815   34   56    0.19185    0.29300  52.7%   233 9210s
 3838035 3478595    0.28455   31   64    0.19185    0.29298  52.7%   233 9216s
 3841426 3481625    0.28520   31   63    0.19185    0.29296  52.7%   233 9222s
 3844901 3484568    0.28384   29   67    0.19185    0.29294  52.7%   233 9230s
 3848302 3487765    0.29282   31   60    0.19185    0.29292  52.7%   233 9239s
 3851906 3490733 infeasible   29         0.19185    0.29290  52.7%   233 9247s
 3855279 3493698    0.29273   32   59    0.19185    0.29288  52.7%   233 9254s
 3858609 3496507    0.27431   35   58    0.19185    0.29286  52.6%   233 9262s
 3861770 3499557    0.28610   31   66    0.19185    0.29284  52.6%   233 9270s
 3865249 3502454    0.28614   30   67    0.19185    0.29283  52.6%   233 9278s
 3868543 3505496     cutoff   33         0.19185    0.29281  52.6%   233 9286s
 3872086 3508439    0.29254   27   65    0.19185    0.29279  52.6%   233 9294s
 3875442 3511227     cutoff   31         0.19185    0.29277  52.6%   233 9302s
 3878657 3514292    0.28280   34   60    0.19185    0.29275  52.6%   233 9311s
 3882097 3517474    0.27127   30   56    0.19185    0.29273  52.6%   233 9319s
 3885734 3520432     cutoff   30         0.19185    0.29271  52.6%   233 9327s
 3889241 3523168    0.29200   31   63    0.19185    0.29270  52.6%   233 9334s
 3892346 3526293    0.28381   31   68    0.19185    0.29268  52.6%   233 9342s
 3895889 3529273    0.28300   32   64    0.19185    0.29266  52.5%   233 9348s
 3899300 3532228    0.28160   31   62    0.19185    0.29264  52.5%   233 9354s
 3902633 3535187    0.27483   31   66    0.19185    0.29262  52.5%   233 9360s
 3906038 3538115    0.28032   28   66    0.19185    0.29260  52.5%   233 9367s
 3909350 3541326    0.29177   29   68    0.19185    0.29258  52.5%   233 9376s
 3913025 3544025    0.29057   27   67    0.19185    0.29256  52.5%   233 9384s
 3916065 3546908    0.28184   29   63    0.19185    0.29255  52.5%   233 9391s
 3919419 3549976    0.28997   33   63    0.19185    0.29253  52.5%   233 9399s
 3922889 3553002 infeasible   32         0.19185    0.29251  52.5%   233 9407s
 3926329 3556009    0.28225   32   65    0.19185    0.29249  52.5%   233 9414s
 3929463 3556009    0.26683   31   62    0.19185    0.29249  52.5%   233 9415s
 3929780 3558824    0.28232   32   64    0.19185    0.29247  52.4%   233 9422s
 3933009 3561902    0.27822   31   63    0.19185    0.29245  52.4%   233 9430s
 3936476 3564873    0.28002   32   65    0.19185    0.29244  52.4%   233 9438s
 3939891 3568010    0.28959   32   61    0.19185    0.29242  52.4%   233 9445s
 3943459 3571053    0.27222   30   65    0.19185    0.29240  52.4%   233 9453s
 3946945 3573977    0.29016   33   62    0.19185    0.29238  52.4%   233 9461s
 3950292 3576803    0.28254   30   60    0.19185    0.29236  52.4%   233 9469s
 3953534 3579841    0.27688   28   68    0.19185    0.29234  52.4%   233 9476s
 3956963 3582719    0.28969   30   64    0.19185    0.29233  52.4%   233 9484s
 3960266 3585670    0.27923   32   63    0.19185    0.29231  52.4%   233 9492s
 3963619 3588551    0.27669   30   62    0.19185    0.29229  52.3%   233 9499s
 3966935 3591413    0.28174   29   72    0.19185    0.29227  52.3%   233 9507s
 3970239 3594640    0.28339   34   64    0.19185    0.29225  52.3%   233 9515s
 3973871 3597301    0.27834   30   63    0.19185    0.29223  52.3%   233 9523s
 3976901 3600262    0.28853   31   59    0.19185    0.29221  52.3%   233 9531s
 3980334 3603219     cutoff   31         0.19185    0.29220  52.3%   233 9539s
 3983788 3606172    0.28960   30   69    0.19185    0.29217  52.3%   233 9546s
 3987117 3609070    0.28618   32   61    0.19185    0.29216  52.3%   233 9554s
 3990425 3612079    0.28001   31   60    0.19185    0.29214  52.3%   233 9560s
 3993908 3614695    0.28753   34   62    0.19185    0.29212  52.3%   233 9567s
 3996954 3617642    0.28557   31   61    0.19185    0.29211  52.3%   233 9575s
 4000453 3620885    0.28164   30   65    0.19185    0.29209  52.2%   233 9584s
 4004134 3623728    0.28227   33   64    0.19185    0.29207  52.2%   233 9591s
 4007455 3626639    0.28969   32   61    0.19185    0.29205  52.2%   233 9598s
 4010788 3629567    0.29182   27   66    0.19185    0.29203  52.2%   233 9606s
 4014162 3632467    0.27381   34   61    0.19185    0.29201  52.2%   233 9613s
 4017469 3635420    0.27736   31   67    0.19185    0.29199  52.2%   233 9622s
 4020784 3638096    0.28046   33   63    0.19185    0.29198  52.2%   233 9629s
 4023872 3640933    0.29174   29   65    0.19185    0.29196  52.2%   233 9637s
 4027099 3643872    0.27648   32   64    0.19185    0.29194  52.2%   233 9645s
 4030491 3647029    0.27246   33   59    0.19185    0.29192  52.2%   233 9653s
 4034052 3649902    0.29125   29   65    0.19185    0.29191  52.1%   233 9661s
 4037330 3652924    0.28354   32   63    0.19185    0.29189  52.1%   233 9669s
 4040797 3656035    0.25158   32   64    0.19185    0.29187  52.1%   233 9677s
 4044340 3658684    0.28136   32   61    0.19185    0.29185  52.1%   233 9685s
 4047356 3661691    0.28229   31   63    0.19185    0.29183  52.1%   233 9693s
 4050744 3664558    0.28218   29   63    0.19185    0.29181  52.1%   233 9701s
 4054049 3667604    0.28656   28   67    0.19185    0.29179  52.1%   233 9709s
 4057555 3670570    0.27777   29   63    0.19185    0.29178  52.1%   233 9716s
 4060987 3673690    0.28527   30   68    0.19185    0.29176  52.1%   233 9725s
 4064533 3676661    0.29131   29   64    0.19185    0.29174  52.1%   233 9733s
 4067941 3679600    0.28952   28   64    0.19185    0.29172  52.1%   233 9741s
 4071327 3682565    0.28277   31   66    0.19185    0.29170  52.0%   233 9748s
 4074729 3685202    0.28350   34   61    0.19185    0.29169  52.0%   233 9756s
 4077770 3688201    0.27553   34   65    0.19185    0.29167  52.0%   233 9762s
 4081240 3691218    0.28041   29   66    0.19185    0.29165  52.0%   233 9768s
 4084657 3693915    0.28468   32   64    0.19185    0.29163  52.0%   233 9775s
 4087818 3696884    0.23183   33   62    0.19185    0.29161  52.0%   233 9783s
 4091248 3700206    0.28930   26   71    0.19185    0.29159  52.0%   233 9791s
 4095042 3702902    0.29147   32   62    0.19185    0.29158  52.0%   233 9798s
 4098087 3705666    0.28917   31   64    0.19185    0.29156  52.0%   233 9806s
 4101285 3708626    0.28243   30   67    0.19185    0.29154  52.0%   233 9814s
 4104675 3711583    0.28288   32   66    0.19185    0.29153  52.0%   233 9821s
 4108042 3714443    0.28247   32   62    0.19185    0.29151  51.9%   233 9829s
 4111291 3717266    0.28357   30   63    0.19185    0.29149  51.9%   233 9837s
 4114627 3720190    0.28141   29   65    0.19185    0.29147  51.9%   233 9844s
 4117948 3723120    0.27510   34   60    0.19185    0.29146  51.9%   233 9852s
 4121257 3726305    0.28145   29   70    0.19185    0.29144  51.9%   233 9858s
 4124867 3729191    0.27627   32   63    0.19185    0.29142  51.9%   233 9864s
 4128220 3731892     cutoff   30         0.19185    0.29140  51.9%   232 9870s
 4131361 3734924    0.28034   33   58    0.19185    0.29139  51.9%   232 9878s
 4134820 3737936    0.27951   34   57    0.19185    0.29137  51.9%   232 9886s
 4138315 3740738    0.28379   31   63    0.19185    0.29135  51.9%   232 9894s
 4141547 3743702    0.27719   30   66    0.19185    0.29133  51.9%   232 9901s
 4144891 3746666    0.28947   28   61    0.19185    0.29131  51.8%   232 9909s
 4148273 3749439     cutoff   33         0.19185    0.29129  51.8%   232 9917s
 4151390 3752658    0.28342   32   59    0.19185    0.29128  51.8%   232 9925s
 4155096 3755609    0.28542   32   62    0.19185    0.29126  51.8%   232 9932s
 4158445 3758062    0.27902   27   65    0.19185    0.29124  51.8%   232 9940s
 4161254 3761236    0.27954   30   65    0.19185    0.29123  51.8%   232 9948s
 4164848 3764182    0.28075   32   60    0.19185    0.29121  51.8%   232 9956s
 4168192 3767088     cutoff   34         0.19185    0.29119  51.8%   232 9963s
 4171616 3769937    0.29078   29   62    0.19185    0.29117  51.8%   232 9972s
 4174891 3772931    0.28912   32   63    0.19185    0.29115  51.8%   232 9980s
 4178297 3775672    0.28145   34   63    0.19185    0.29114  51.7%   232 9987s
 4181410 3778904    0.27931   32   64    0.19185    0.29112  51.7%   232 9996s
 4185145 3781717    0.28419   30   63    0.19185    0.29110  51.7%   232 10004s
 4188367 3784411    0.27838   29   68    0.19185    0.29108  51.7%   232 10012s
 4191445 3787402     cutoff   32         0.19185    0.29107  51.7%   232 10019s
 4194860 3790283    0.27734   31   63    0.19185    0.29105  51.7%   232 10025s
 4198190 3793223    0.27184   34   64    0.19185    0.29103  51.7%   232 10031s
 4201540 3796154    0.28211   30   71    0.19185    0.29101  51.7%   232 10036s
 4204874 3799024    0.28357   29   66    0.19185    0.29100  51.7%   232 10043s
 4208149 3801963    0.28449   32   66    0.19185    0.29098  51.7%   232 10050s
 4211528 3805040    0.27797   33   61    0.19185    0.29096  51.7%   232 10059s
 4215087 3808024    0.27338   31   59    0.19185    0.29094  51.6%   232 10067s
 4218439 3810931    0.27838   32   59    0.19185    0.29093  51.6%   232 10074s
 4220493 3810931    0.28941   29   69    0.19185    0.29092  51.6%   232 10075s
 4221786 3813744    0.28475   31   65    0.19185    0.29091  51.6%   232 10082s
 4225011 3816695    0.28465   31   62    0.19185    0.29089  51.6%   232 10090s
 4228399 3819405     cutoff   32         0.19185    0.29087  51.6%   232 10098s
 4231481 3822530    0.28040   30   71    0.19185    0.29086  51.6%   232 10106s
 4235066 3825541    0.28120   30   66    0.19185    0.29084  51.6%   232 10114s
 4238530 3828512    0.28320   32   62    0.19185    0.29082  51.6%   232 10122s
 4241898 3831565    0.27477   33   66    0.19185    0.29081  51.6%   232 10130s
 4245350 3834531    0.29003   29   68    0.19185    0.29079  51.6%   232 10138s
 4248700 3837473    0.25637   35   58    0.19185    0.29077  51.6%   232 10146s
 4252113 3840438    0.27866   27   72    0.19185    0.29075  51.5%   232 10154s
 4255464 3843394    0.28354   34   56    0.19185    0.29074  51.5%   232 10162s
 4258905 3846516    0.28269   32   64    0.19185    0.29072  51.5%   232 10168s
 4262460 3849334    0.28878   28   65    0.19185    0.29070  51.5%   232 10174s
 4265672 3852344    0.29037   32   59    0.19185    0.29068  51.5%   232 10180s
 4269082 3855151    0.29010   33   58    0.19185    0.29067  51.5%   232 10188s
 4272288 3858332    0.28296   26   67    0.19185    0.29065  51.5%   232 10196s
 4275937 3861303     cutoff   34         0.19185    0.29063  51.5%   232 10204s
 4279307 3864184    0.28916   33   63    0.19185    0.29061  51.5%   232 10212s
 4282602 3866977    0.28062   32   63    0.19185    0.29060  51.5%   232 10219s
 4285847 3869863    0.29025   32   64    0.19185    0.29058  51.5%   232 10227s
 4289154 3872753    0.28203   31   68    0.19185    0.29056  51.5%   232 10235s
 4292479 3875522    0.27810   32   61    0.19185    0.29055  51.4%   232 10242s
 4295630 3878538    0.28817   30   68    0.19185    0.29053  51.4%   232 10250s
 4299101 3881548    0.27939   31   63    0.19185    0.29051  51.4%   232 10257s
 4302580 3884346    0.28644   31   61    0.19185    0.29050  51.4%   232 10265s
 4305764 3887764    0.27841   32   66    0.19185    0.29048  51.4%   232 10274s
 4309642 3890815    0.27501   32   55    0.19185    0.29046  51.4%   232 10282s
 4313118 3893842    0.27054   33   63    0.19185    0.29044  51.4%   232 10288s
 4316644 3896815    0.28964   30   65    0.19185    0.29042  51.4%   232 10294s
 4320024 3899785    0.29040   33   59    0.19185    0.29041  51.4%   232 10300s
 4323433 3902742    0.27912   32   64    0.19185    0.29039  51.4%   232 10308s
 4326780 3905518    0.27676   31   61    0.19185    0.29037  51.4%   232 10316s
 4329905 3908309    0.27203   33   63    0.19185    0.29036  51.3%   232 10324s
 4333122 3911590    0.28360   30   60    0.19185    0.29034  51.3%   232 10333s
 4336825 3914566    0.28103   32   69    0.19185    0.29032  51.3%   232 10340s
 4340205 3917345    0.28858   31   68    0.19185    0.29031  51.3%   232 10348s
 4343391 3920227    0.27020   30   67    0.19185    0.29029  51.3%   232 10355s
 4346657 3922950    0.28220   33   58    0.19185    0.29027  51.3%   232 10363s
 4349827 3925894    0.27977   28   66    0.19185    0.29026  51.3%   232 10370s
 4353218 3928750    0.27652   32   66    0.19185    0.29024  51.3%   232 10378s
 4356546 3931696    0.27359   29   66    0.19185    0.29022  51.3%   232 10385s
 4359870 3934396    0.27920   34   62    0.19185    0.29021  51.3%   232 10392s
 4362970 3937525    0.27319   31   59    0.19185    0.29019  51.3%   232 10398s
 4366567 3940468    0.27512   33   64    0.19185    0.29017  51.2%   232 10404s
 4369894 3943239    0.28209   32   63    0.19185    0.29015  51.2%   232 10409s
 4373097 3946189    0.28491   31   69    0.19185    0.29014  51.2%   232 10415s
 4376452 3949213     cutoff   35         0.19185    0.29012  51.2%   232 10422s
 4379845 3952119    0.28610   29   65    0.19185    0.29010  51.2%   232 10430s
 4383119 3954996    0.27872   34   61    0.19185    0.29009  51.2%   232 10438s
 4386428 3957898    0.28883   32   65    0.19185    0.29007  51.2%   232 10445s
 4389774 3960718    0.27990   34   59    0.19185    0.29005  51.2%   232 10453s
 4392955 3963978    0.27926   31   59    0.19185    0.29004  51.2%   232 10462s
 4396658 3966604    0.27898   32   63    0.19185    0.29002  51.2%   232 10469s
 4399667 3969656     cutoff   35         0.19185    0.29001  51.2%   232 10477s
 4403173 3972591    0.27184   31   66    0.19185    0.28999  51.2%   232 10485s
 4406511 3975481    0.28978   30   63    0.19185    0.28997  51.1%   232 10492s
 4409827 3978489    0.27348   35   62    0.19185    0.28995  51.1%   232 10500s
 4413261 3981472    0.27450   32   63    0.19185    0.28994  51.1%   232 10507s
 4416681 3984153    0.28337   30   66    0.19185    0.28992  51.1%   232 10514s
 4419770 3987177    0.28416   31   65    0.19185    0.28991  51.1%   232 10522s
 4423208 3990299    0.25610   30   59    0.19185    0.28989  51.1%   232 10530s
 4426785 3993044    0.27621   33   63    0.19185    0.28987  51.1%   232 10537s
 4429989 3996078    0.28614   30   61    0.19185    0.28985  51.1%   232 10545s
 4433432 3999089    0.28922   32   64    0.19185    0.28984  51.1%   232 10553s
 4436941 4002070    0.27740   30   69    0.19185    0.28982  51.1%   232 10560s
 4440367 4004996    0.28152   33   59    0.19185    0.28981  51.1%   232 10568s
 4443723 4007935    0.27884   30   66    0.19185    0.28979  51.0%   232 10575s
 4447044 4010788    0.28106   31   62    0.19185    0.28977  51.0%   232 10582s
 4450367 4013634    0.22568   32   58    0.19185    0.28975  51.0%   232 10589s
 4453666 4016776    0.28968   29   65    0.19185    0.28974  51.0%   232 10595s
 4457259 4019719    0.27973   30   65    0.19185    0.28972  51.0%   232 10602s
 4460639 4022536    0.28922   30   62    0.19185    0.28970  51.0%   232 10609s
 4463870 4025320    0.28475   34   60    0.19185    0.28969  51.0%   232 10615s
 4467043 4028307    0.28035   30   66    0.19185    0.28967  51.0%   232 10623s
 4470485 4031384    0.27449   32   66    0.19185    0.28965  51.0%   232 10630s
 4474018 4034245    0.27866   27   62    0.19185    0.28964  51.0%   232 10638s
 4477280 4037142    0.27824   34   63    0.19185    0.28962  51.0%   232 10645s
 4480635 4040146    0.27450   27   68    0.19185    0.28960  51.0%   232 10653s
 4484054 4043274    0.27982   31   64    0.19185    0.28959  50.9%   232 10661s
 4487628 4046218    0.28034   31   61    0.19185    0.28957  50.9%   232 10668s
 4491027 4048880    0.28287   31   65    0.19185    0.28955  50.9%   232 10675s
 4494049 4051832    0.27026   31   61    0.19185    0.28954  50.9%   232 10684s
 4497437 4054676    0.27584   34   61    0.19185    0.28952  50.9%   232 10690s
 4500700 4057743    0.27302   31   65    0.19185    0.28950  50.9%   232 10696s
 4504169 4060957    0.28923   27   69    0.19185    0.28949  50.9%   232 10702s
 4507837 4064000    0.28100   34   62    0.19185    0.28947  50.9%   232 10710s
 4511243 4066926    0.28120   31   65    0.19185    0.28946  50.9%   231 10717s
 4514609 4069930    0.26999   33   64    0.19185    0.28944  50.9%   231 10725s
 4518033 4073022    0.28734   27   67    0.19185    0.28942  50.9%   231 10733s
 4521564 4076064    0.27681   32   61    0.19185    0.28941  50.8%   231 10741s
 4525030 4078810    0.28873   29   66    0.19185    0.28939  50.8%   231 10749s
 4528133 4081881    0.28800   31   62    0.19185    0.28937  50.8%   231 10757s
 4531665 4084955    0.27700   29   66    0.19185    0.28936  50.8%   231 10763s
 4535137 4087878    0.27758   32   64    0.19185    0.28934  50.8%   231 10770s
 4538443 4090731    0.28875   32   63    0.19185    0.28932  50.8%   231 10777s
 4541739 4093633    0.28252   33   60    0.19185    0.28931  50.8%   231 10784s
 4545052 4096666    0.28727   28   65    0.19185    0.28929  50.8%   231 10791s
 4548563 4099729    0.27424   31   67    0.19185    0.28928  50.8%   231 10798s
 4552030 4100490    0.28923   30   61    0.19185    0.28926  50.8%   231 10800s

Cutting planes:
  Gomory: 9
  Lift-and-project: 8
  Cover: 1
  Projected implied bound: 13
  MIR: 153
  Mixing: 4
  Flow cover: 517
  RLT: 461
  Relax-and-lift: 14

Explored 4552867 nodes (1053504776 simplex iterations) in 10802.96 seconds (16122.38 work units)
Thread count was 32 (of 255 available processors)

Solution count 10: 0.191854 0.191854 0.191854 ... 0.191854

Time limit reached
Best objective 1.918538761143e-01, best bound 2.892537390368e-01, gap 50.7677%

User-callback calls 9545595, time in user-callback 3.66 sec
source: 0 target: 6 model_arch: 3x50 perturbation type: occ perturbation size: [0, 3.0, 3.0, 5.0] dataset: mnist
Attack:   0%|          | 0/500 [00:00<?, ?it/s]Attack:   0%|          | 1/500 [00:00<01:16,  6.55it/s]Attack:   5%|▍         | 23/500 [00:00<00:04, 108.71it/s]Attack:   9%|▉         | 44/500 [00:00<00:03, 147.03it/s]Attack:  13%|█▎        | 65/500 [00:00<00:02, 167.84it/s]Attack:  17%|█▋        | 85/500 [00:00<00:02, 175.69it/s]Attack:  21%|██        | 105/500 [00:00<00:02, 182.68it/s]Attack:  25%|██▌       | 126/500 [00:00<00:01, 190.20it/s]Attack:  30%|███       | 150/500 [00:00<00:01, 204.40it/s]Attack:  35%|███▌      | 175/500 [00:00<00:01, 218.00it/s]Attack:  40%|████      | 200/500 [00:01<00:01, 227.25it/s]Attack:  45%|████▌     | 227/500 [00:01<00:01, 238.05it/s]Attack:  50%|█████     | 251/500 [00:01<00:01, 237.70it/s]Attack:  55%|█████▌    | 276/500 [00:01<00:00, 239.46it/s]Attack:  61%|██████    | 306/500 [00:01<00:00, 255.31it/s]Attack:  67%|██████▋   | 336/500 [00:01<00:00, 267.84it/s]Attack:  73%|███████▎  | 366/500 [00:01<00:00, 275.80it/s]Attack:  79%|███████▉  | 397/500 [00:01<00:00, 285.20it/s]Attack:  85%|████████▌ | 426/500 [00:01<00:00, 282.44it/s]Attack:  91%|█████████▏| 457/500 [00:01<00:00, 289.08it/s]Attack:  98%|█████████▊| 492/500 [00:02<00:00, 306.63it/s]Attack: 100%|█████████▉| 499/500 [00:02<00:00, 235.66it/s]
best_val 0.027425646781921387
Set parameter WLSAccessID
Set parameter WLSSecret
Set parameter LicenseID to value 2478548
Academic license 2478548 - for non-commercial use only - registered to ne___@campus.technion.ac.il
Encoding the two copies...
apply_sibgate_constraints!: emitted 11 coupling lines (both-thin), 0 conditional triangles on org (org-dropped), 0 conditional triangles on pert (pert-dropped).
Encoding dependencies (activation_start=1, layers_offset=2)...
apply_n1_var_hints!: mode=VH_PREV_PGD, Start-consensus on 148 of 148 N2 binaries (pgd-silent-filled=84, pgd-agreed-nop=56, pgd-disagreed-withdrew=8, flipped=6, no-N1-match=0, Tech2-eliminated-but-survived=0)
0.19185387611431215  0.2892537390368137  10802.997125148773
Clean sample classification: 1
Perturbed sample classification: 1

══ Advanced-standard: loading N1 state from /root/Downloads/for_dana/vaghar_org/paper_experiments/mnist/3x50_exp/occ/eps_3,3,5/n1_state_3x50_19 (c_tag=1, c_target=7) ══
load_n1_state: loaded from /root/Downloads/for_dana/vaghar_org/paper_experiments/mnist/3x50_exp/occ/eps_3,3,5/n1_state_3x50_19 (c_tag=1, c_target=7, 1910 vars, 170 neurons, 0 basis)

══ Advanced-standard PASS 2: solving N2 with N1 info (c_tag=1, c_target=7) ══
set_n1_neuron_bounds: loaded 170 neuron bounds from N1
compute_n2_pert_relaxation_bounds: populated 2 ReLU layers
compute_n2_relax_decision!: τ=0.5, both=13 org-only=0 pert-only=0 none=74 (plus 13 stable neurons)
[notice | Main.MIPVerify]: Determining upper and lower bounds for the input to each non-linear unit.
Set parameter WLSAccessID
Set parameter WLSSecret
Set parameter LicenseID to value 2478548
Academic license 2478548 - for non-commercial use only - registered to ne___@campus.technion.ac.il
Set parameter TimeLimit to value 5
Set parameter TimeLimit to value 5
Set parameter WLSAccessID
Set parameter WLSSecret
Set parameter LicenseID to value 2478548
Academic license 2478548 - for non-commercial use only - registered to ne___@campus.technion.ac.il
Set parameter MIPFocus to value 3
Set parameter Cutoff to value 2.7425646781921387e-02
Set parameter Threads to value 32
Set parameter TimeLimit to value 10800
Set parameter MIPGap to value 0.01
Set parameter Seed to value 4
Set parameter Seed to value 4
Set parameter MIPGap to value 0.01
Set parameter MIPFocus to value 3
Set parameter Cutoff to value 2.7425646781921387e-02
Set parameter Threads to value 32
Set parameter TimeLimit to value 10800
Warning for adding constraints: zero or small (< 1e-13) coefficients, ignored
Gurobi Optimizer version 13.0.0 build v13.0.0rc1 (linux64 - "Ubuntu 20.04.2 LTS")

CPU model: AMD EPYC 7713 64-Core Processor, instruction set [SSE2|AVX|AVX2]
Thread count: 127 physical cores, 255 logical processors, using up to 32 threads

Non-default parameters:
Cutoff  2.7425646781921387e-02
TimeLimit  10800
MIPGap  0.01
MIPFocus  3
Seed  4
Threads  32

Academic license 2478548 - for non-commercial use only - registered to ne___@campus.technion.ac.il
Optimize a model with 1645 rows, 1893 columns and 158221 nonzeros (Max)
Model fingerprint: 0xe4202342
Model has 1 linear objective coefficients
Variable types: 1745 continuous, 148 integer (148 binary)
Coefficient statistics:
  Matrix range     [1e-13, 4e+01]
  Objective range  [1e+00, 1e+00]
  Bounds range     [2e-09, 4e+01]
  RHS range        [4e-13, 3e+01]

User MIP start produced solution with objective 0.109102 (1.58s)
User MIP start produced solution with objective 0.10929 (1.58s)
User MIP start produced solution with objective 0.10929 (1.59s)
Loaded user MIP start with objective 0.10929
Processed MIP start in 1.59 seconds (1.13 work units)

Presolve removed 989 rows and 792 columns
Presolve time: 0.35s
Presolved: 656 rows, 1101 columns, 121148 nonzeros
Variable types: 953 continuous, 148 integer (148 binary)
Root relaxation presolve removed 11 rows and 10 columns
Root relaxation presolved: 645 rows, 1091 columns, 120033 nonzeros

Warning: Markowitz tolerance tightened to 0.03125

Extra simplex iterations after uncrush: 91

Root relaxation: objective 5.265529e-01, 1527 iterations, 0.35 seconds (0.32 work units)

    Nodes    |    Current Node    |     Objective Bounds      |     Work
 Expl Unexpl |  Obj  Depth IntInf | Incumbent    BestBd   Gap | It/Node Time

     0     0    0.52655    0   74    0.10929    0.52655   382%     -    2s
     0     0    0.52606    0   74    0.10929    0.52606   381%     -    3s
     0     0    0.52606    0   74    0.10929    0.52606   381%     -    3s
     0     0    0.49177    0   76    0.10929    0.49177   350%     -    3s
H    0     0                       0.1092901    0.49177   350%     -    3s
H    0     0                       0.1092901    0.49177   350%     -    3s
H    0     0                       0.1092901    0.49177   350%     -    3s
     0     0    0.48580    0   80    0.10929    0.48580   345%     -    3s
     0     0    0.48580    0   80    0.10929    0.48580   345%     -    4s
     0     0    0.47112    0   78    0.10929    0.47112   331%     -    4s
     0     0    0.46739    0   84    0.10929    0.46739   328%     -    4s
     0     0    0.46739    0   81    0.10929    0.46739   328%     -    4s
     0     0    0.46569    0   83    0.10929    0.46569   326%     -    4s
     0     0    0.45927    0   82    0.10929    0.45927   320%     -    5s
     0     0    0.45927    0   82    0.10929    0.45927   320%     -    5s
     0     0    0.45010    0   82    0.10929    0.45010   312%     -    6s
     0     0    0.45010    0   82    0.10929    0.45010   312%     -    6s
     0     2    0.45010    0   81    0.10929    0.45010   312%     -    6s
   127   234    0.45010    8   77    0.10929    0.45010   312%   335   10s
   837   872    0.44348    9   84    0.10929    0.44987   312%   254   15s
  1532  1631    0.43904   10   74    0.10929    0.44482   307%   238   20s
H 2931  2932                       0.1092902    0.44150   304%   216   29s
H 2931  2932                       0.1092902    0.44150   304%   216   31s
H 2931  2932                       0.1144607    0.44150   286%   216   35s
  2934  2934    0.43173   12   73    0.11446    0.44150   286%   216   41s
  2938  2937    0.41170   13   82    0.11446    0.44150   286%   216   46s
H 2938  2790                       0.1144607    0.44150   286%   216   47s
H 2938  2650                       0.1144608    0.44150   286%   216   47s
  2941  2652    0.43774   13   82    0.11446    0.44150   286%   216   50s
  3004  2727    0.44150   21   82    0.11446    0.44150   286%   228   55s
H 3043  2634                       0.1144608    0.44150   286%   232   56s
H 3047  2507                       0.1144609    0.44150   286%   233   56s
  3188  2600    0.43826   23   81    0.11446    0.44150   286%   252   60s
H 3192  2478                       0.1144610    0.44150   286%   253   60s
  3505  2715    0.44150   22   83    0.11446    0.44150   286%   295   65s
H 3742  2747                       0.1144611    0.44150   286%   319   68s
H 3779  2627                       0.1144612    0.44150   286%   322   68s
  3868  2753    0.41783   25   86    0.11446    0.44150   286%   329   70s
H 4198  2885                       0.1204917    0.43644   262%   352   73s
  4418  3046    0.40819   26   75    0.12049    0.43367   260%   362   75s
  5202  3486    0.39227   24   82    0.12049    0.42616   254%   379   83s
  5234  3508    0.39044   23   77    0.12049    0.42519   253%   381   85s
  5330  3572    0.39882   25   89    0.12049    0.42135   250%   388   91s
H 5356  3466                       0.1204918    0.42037   249%   390   91s
  5394  3520    0.39729   26   72    0.12049    0.41855   247%   392   96s
  5479  3574    0.38639   26   77    0.12049    0.41676   246%   396  101s
  5661  3812    0.38467   26   77    0.12049    0.41457   244%   402  106s
H 6037  3969                       0.1205461    0.41142   241%   405  109s
H 6064  3872                       0.1205527    0.41136   241%   405  109s
  6187  4156    0.40077   26   71    0.12055    0.41070   241%   405  110s
H 6514  4230                       0.1205727    0.40970   240%   406  111s
H 6534  4144                       0.1205730    0.40958   240%   406  111s
  7562  4938    0.38349   27   79    0.12057    0.40473   236%   404  115s
  9038  6525    0.37917   24   73    0.12057    0.40003   232%   406  120s
  9964  7240    0.39695   26   77    0.12057    0.39741   230%   404  126s
H10014  7240                       0.1205900    0.39735   230%   404  126s
H10069  7240                       0.1205940    0.39717   229%   404  126s
 10787  8322    0.36850   28   77    0.12059    0.39559   228%   403  131s
 11893  9423    0.37710   26   75    0.12059    0.39298   226%   402  135s
 13081 10652    0.35561   27   77    0.12059    0.38986   223%   402  140s
 14249 11843    0.37554   27   73    0.12059    0.38660   221%   403  145s
 15594 13251    0.36219   28   81    0.12059    0.38317   218%   403  150s
 17130 14891    0.36373   29   71    0.12059    0.37964   215%   401  156s
 18811 16573    0.36158   27   72    0.12059    0.37609   212%   399  161s
 19676 17423    0.34010   28   61    0.12059    0.37460   211%   397  165s
 21414 19280    0.37174   25   74    0.12059    0.37180   208%   396  171s
 23355 21266    0.35114   28   76    0.12059    0.36816   205%   394  178s
 24417 21298    0.34776   27   71    0.12059    0.36689   204%   393  183s
 24449 21329    0.34977   29   70    0.12059    0.36635   204%   393  188s
H24459 21329                       0.1205948    0.36616   204%   393  188s
H24468 21329                       0.1264408    0.36608   190%   393  188s
 24482 22435    0.33661   29   71    0.12644    0.36599   189%   393  191s
 25602 23527    0.35209   26   78    0.12644    0.36492   189%   392  195s
 27950 25991    0.34004   29   80    0.12644    0.36187   186%   390  202s
 29184 27203    0.35049   28   72    0.12644    0.36031   185%   389  208s
 30408 28398    0.34864   28   75    0.12644    0.35944   184%   388  213s
H30734 28398                       0.1264408    0.35901   184%   387  213s
H31090 28398                       0.1264409    0.35852   184%   387  213s
 31621 29632    0.34892   29   69    0.12644    0.35789   183%   387  218s
 32867 30757    0.35505   27   86    0.12644    0.35605   182%   386  224s
 34004 32160    0.32533   30   71    0.12644    0.35460   180%   385  228s
 35433 33715    0.33246   30   67    0.12644    0.35299   179%   384  232s
H35807 33715                       0.1270222    0.35257   178%   384  232s
 37004 33747    0.33513   30   76    0.12702    0.35134   177%   383  238s
H37010 33747                       0.1270222    0.35102   176%   383  238s
 37036 33819    0.34821   28   73    0.12702    0.35019   176%   383  245s
H37088 33819                       0.1270237    0.35006   176%   383  245s
H37099 33819                       0.1270329    0.35000   176%   383  245s
 37110 35584    0.34000   27   72    0.12703    0.34990   175%   383  251s
 38895 37440    0.34481   29   64    0.12703    0.34851   174%   382  257s
 40781 39333    0.33098   30   76    0.12703    0.34738   173%   380  263s
 42706 41345    0.34454   28   73    0.12703    0.34613   172%   379  268s
 44744 43359    0.31288   29   72    0.12703    0.34501   172%   377  274s
 46796 45283    0.32912   30   76    0.12703    0.34386   171%   375  281s
 48768 45315    0.31983   28   71    0.12703    0.34278   170%   374  290s
H48773 45315                       0.1270329    0.34267   170%   374  290s
H48776 45315                       0.1270332    0.34259   170%   374  290s
H48781 45315                       0.1272203    0.34257   169%   374  290s
H48782 45315                       0.1272299    0.34257   169%   374  290s
 48800 47345    0.32639   28   73    0.12723    0.34244   169%   374  296s
 50856 49494    0.32815   28   70    0.12723    0.34174   169%   373  303s
 53029 51785    0.31668   29   73    0.12723    0.34070   168%   372  310s
 55352 54057    0.33295   30   73    0.12723    0.33986   167%   370  317s
 57654 56370    0.32475   30   71    0.12723    0.33903   166%   369  324s
 59993 59526    0.33793   29   83    0.12723    0.33825   166%   369  335s
 63187 61962    0.32743   31   74    0.12723    0.33724   165%   368  343s
 65647 64546    0.33110   28   74    0.12723    0.33641   164%   367  350s
 68265 67321    0.33336   27   71    0.12723    0.33552   164%   366  359s
 71096 69795    0.31937   31   72    0.12723    0.33469   163%   365  367s
 73606 72872    0.32407   30   70    0.12723    0.33405   163%   365  374s
 76713 76003    0.32676   30   82    0.12723    0.33312   162%   364  383s
 79928 79242    0.31479   31   79    0.12723    0.33225   161%   363  393s
 83197 82629    0.31102   29   69    0.12723    0.33132   160%   363  403s
 86616 85921    0.31504   31   73    0.12723    0.33043   160%   362  411s
 89946 86605    0.32423   30   70    0.12723    0.32949   159%   361  425s
H90055 86605                       0.1272299    0.32943   159%   361  425s
H90400 86605                       0.1272306    0.32936   159%   361  425s
 90646 99644    0.32908   29   83    0.12723    0.32925   159%   361  469s
 103939 103366    0.31600   32   76    0.12723    0.32608   156%   358  480s
 107709 106871    0.32523   30   66    0.12723    0.32534   156%   357  490s
 111284 110275    0.30616   31   68    0.12723    0.32443   155%   357  500s
 114764 113723    0.31208   31   70    0.12723    0.32362   154%   356  510s
 118272 117065    0.32260   30   79    0.12723    0.32283   154%   356  520s
 121684 120697    0.30717   30   74    0.12723    0.32202   153%   355  532s
 125393 124198    0.29002   32   68    0.12723    0.32124   152%   355  543s
 128974 127660    0.31533   29   69    0.12723    0.32041   152%   354  553s
 132494 131028    0.29800   31   69    0.12723    0.31967   151%   353  561s
 135920 134318    0.31665   30   70    0.12723    0.31901   151%   353  569s
 139295 137587    0.31468   31   71    0.12723    0.31837   150%   352  577s
 142619 140966    0.30293   30   81    0.12723    0.31769   150%   352  587s
 146056 144291    0.30437   31   76    0.12723    0.31711   149%   351  597s
 149444 147472    0.30184   31   72    0.12723    0.31649   149%   351  607s
 152683 147849    0.30896   30   70    0.12723    0.31593   148%   351  621s
H152695 147849                       0.1272306    0.31593   148%   351  621s
H152826 147849                       0.1272306    0.31589   148%   351  621s
 153068 161536    0.30232   31   68    0.12723    0.31582   148%   351  667s
 167027 165160    0.30617   31   71    0.12723    0.31364   147%   349  676s
 170733 168672    0.29981   33   82    0.12723    0.31321   146%   349  687s
 174299 171853    0.30952   29   82    0.12723    0.31262   146%   348  696s
 177550 175286    0.30498   31   69    0.12723    0.31225   145%   348  704s
 181055 178879    0.30767   29   67    0.12723    0.31167   145%   348  713s
 184707 182636    0.29394   31   71    0.12723    0.31116   145%   347  724s
 188540 185934    0.30938   29   73    0.12723    0.31054   144%   347  734s
 191907 189327    0.29985   32   71    0.12723    0.31008   144%   346  743s
 195370 192065    0.30326   32   67    0.12723    0.30965   143%   346  753s
 198180 195577    0.29548   32   66    0.12723    0.30919   143%   346  762s
 201748 198907    0.30843   30   68    0.12723    0.30873   143%   345  772s
 205118 202091    0.30797   31   66    0.12723    0.30826   142%   345  781s
 208368 205536    0.30705   31   72    0.12723    0.30782   142%   345  791s
 211885 208725    0.28744   31   68    0.12723    0.30740   142%   344  801s
 215144 212465    0.29559   31   74    0.12723    0.30702   141%   344  812s
H218980 212497                       0.1272306    0.30649   141%   344  824s
H218989 212497                       0.1272306    0.30643   141%   344  824s
 219012 215527    0.30604   31   73    0.12723    0.30639   141%   344  832s
 222148 219012    0.29356   30   71    0.12723    0.30604   141%   344  843s
 225723 219044    0.30479   30   68    0.12723    0.30564   140%   343  852s
H225748 219044                       0.1272306    0.30552   140%   343  852s
 225755 219190    0.29107   32   71    0.12723    0.30551   140%   343  862s
H225774 219190                       0.1272306    0.30548   140%   343  862s
H225899 219190                       0.1272308    0.30547   140%   343  862s
 225905 219549    0.29375   32   65    0.12723    0.30547   140%   343  873s
H226153 219549                       0.1272308    0.30544   140%   343  873s
 226272 219801    0.29551   33   72    0.12723    0.30543   140%   343  885s
H226394 219801                       0.1272308    0.30541   140%   343  885s
 226524 220189    0.30398   31   72    0.12723    0.30539   140%   343  894s
 226916 220664    0.29016   30   70    0.12723    0.30536   140%   343  905s
 227399 220950    0.30370   32   80    0.12723    0.30532   140%   343  921s
H227402 220950                       0.1272309    0.30532   140%   343  921s
 227695 222621    0.30090   31   71    0.12723    0.30528   140%   343  937s
 229388 225115    0.28498   31   73    0.12723    0.30524   140%   343  957s
 231926 227880    0.29755   32   71    0.12723    0.30513   140%   343  977s
H231927 227880                       0.1272309    0.30513   140%   343  977s
H232172 227880                       0.1272309    0.30511   140%   343  977s
H234518 227880                       0.1272318    0.30500   140%   343  977s
 234757 233454    0.29284   33   70    0.12723    0.30497   140%   343  995s
 240438 238246    0.27372   31   67    0.12723    0.30366   139%   342 1010s
 245305 242354    0.30229   32   68    0.12723    0.30309   138%   342 1026s
H247282 242354                       0.1272318    0.30302   138%   342 1026s
H248031 242354                       0.1272318    0.30301   138%   342 1026s
 249472 245148    0.29316   31   70    0.12723    0.30267   138%   342 1040s
H249641 245148                       0.1272318    0.30266   138%   342 1040s
 252326 248687    0.30224   30   71    0.12723    0.30249   138%   342 1051s
 255927 252190    0.29867   32   69    0.12723    0.30199   137%   341 1064s
 259498 255348    0.29311   33   66    0.12723    0.30164   137%   341 1074s
 262723 258720    0.29271   32   70    0.12723    0.30134   137%   341 1084s
 266168 261779    0.29022   33   68    0.12723    0.30098   137%   341 1095s
 269297 265206    0.30053   30   74    0.12723    0.30068   136%   341 1105s
 272798 268483    0.28726   34   63    0.12723    0.30032   136%   340 1114s
 276177 272592    0.28902   31   65    0.12723    0.30001   136%   340 1127s
 280400 275807    0.29682   32   74    0.12723    0.29966   136%   340 1136s
 283719 279006    0.27490   34   66    0.12723    0.29931   135%   340 1145s
 287012 282262    0.27961   34   69    0.12723    0.29901   135%   340 1155s
 290353 285453    0.28560   31   68    0.12723    0.29876   135%   339 1165s
 293630 288729    0.29255   33   72    0.12723    0.29841   135%   339 1175s
 296990 291859    0.28568   33   67    0.12723    0.29815   134%   339 1184s
 300224 295089    0.29079   31   68    0.12723    0.29789   134%   339 1192s
 303544 298082    0.28683   33   71    0.12723    0.29758   134%   339 1201s
 306631 302081    0.27903   32   71    0.12723    0.29735   134%   339 1212s
 310752 305200    0.26654   33   63    0.12723    0.29698   133%   338 1219s
 313965 308316    0.28487   31   70    0.12723    0.29670   133%   338 1230s
 317173 311600    0.28389   31   67    0.12723    0.29646   133%   338 1239s
 320565 314643    0.26592   34   70    0.12723    0.29617   133%   338 1249s
 323705 317981    0.27700   31   72    0.12723    0.29596   133%   338 1259s
 327127 321368    0.28023   32   73    0.12723    0.29573   132%   338 1269s
 330608 324542    0.29375   30   74    0.12723    0.29546   132%   338 1279s
 333877 327835    0.29319   30   83    0.12723    0.29523   132%   338 1289s
 337262 331710    0.29387   32   56    0.12723    0.29498   132%   338 1301s
 341245 334957    0.27456   31   70    0.12723    0.29470   132%   337 1311s
 344592 338057    0.29432   32   79    0.12723    0.29449   131%   337 1321s
 347780 341475    0.28017   33   68    0.12723    0.29426   131%   337 1330s
 351336 344816    0.27803   32   68    0.12723    0.29401   131%   337 1339s
 354775 347997    0.28194   33   66    0.12723    0.29378   131%   337 1347s
 358043 351179    0.28264   33   66    0.12723    0.29357   131%   337 1354s
 361294 353396    0.27802   36   67    0.12723    0.29336   131%   337 1365s
H361717 353396                       0.1272318    0.29335   131%   337 1365s
H362434 353396                       0.1272318    0.29332   131%   337 1365s
H362872 353396                       0.1272318    0.29332   131%   337 1365s
 363587 356436     cutoff   33         0.12723    0.29331   131%   337 1375s
 366727 359427    0.29272   31   67    0.12723    0.29322   130%   336 1390s
H367702 359427                       0.1272318    0.29315   130%   336 1390s
 369855 362572    0.27667   33   71    0.12723    0.29301   130%   336 1404s
 373082 366322    0.28442   35   66    0.12723    0.29283   130%   336 1417s
 376943 369880    0.28420   33   69    0.12723    0.29262   130%   336 1430s
 380597 373584    0.27564   32   70    0.12723    0.29231   130%   336 1444s
 384407 377227    0.27452   34   67    0.12723    0.29202   130%   336 1455s
 388154 380594    0.29141   32   69    0.12723    0.29171   129%   336 1466s
 391623 384100    0.28550   33   73    0.12723    0.29151   129%   336 1477s
 395269 387467    0.27989   31   71    0.12723    0.29128   129%   336 1487s
 398755 390853    0.27418   34   65    0.12723    0.29108   129%   336 1499s
 402239 394548    0.27854   33   69    0.12723    0.29090   129%   335 1510s
 406046 398000    0.28526   32   67    0.12723    0.29068   128%   335 1520s
 409596 401308    0.28990   32   70    0.12723    0.29049   128%   335 1530s
 413016 404607    0.28324   31   67    0.12723    0.29030   128%   335 1541s
 416460 407950    0.27921   33   72    0.12723    0.29010   128%   335 1551s
 419907 411271    0.28581   31   71    0.12723    0.28991   128%   335 1560s
 423359 411303    0.27665   32   68    0.12723    0.28972   128%   335 1572s
H423376 411303                       0.1272318    0.28970   128%   335 1573s
 423391 411444    0.28848   30   70    0.12723    0.28969   128%   335 1581s
 423542 411590    0.28162   33   63    0.12723    0.28968   128%   335 1589s
 423688 411732    0.28918   34   68    0.12723    0.28967   128%   335 1601s
 423834 412008    0.26890   33   74    0.12723    0.28966   128%   335 1612s
 424114 412848    0.27463   31   75    0.12723    0.28965   128%   335 1623s
H424847 412848                       0.1272319    0.28964   128%   335 1623s
 424966 414392    0.28842   32   71    0.12723    0.28964   128%   335 1635s
 426548 416996    0.28292   33   67    0.12723    0.28962   128%   335 1650s
H427070 416996                       0.1272319    0.28962   128%   335 1650s
H427173 416996                       0.1272319    0.28961   128%   335 1650s
 429222 419894    0.28039   31   68    0.12723    0.28958   128%   334 1666s
 432216 423609    0.27653   32   72    0.12723    0.28945   127%   334 1680s
 436052 427381    0.26894   34   67    0.12723    0.28927   127%   334 1692s
 439922 431091    0.27437   33   64    0.12723    0.28904   127%   334 1704s
 443732 434722    0.27363   34   72    0.12723    0.28874   127%   334 1715s
 447484 438284    0.26447   33   67    0.12723    0.28849   127%   334 1725s
 451149 441826    0.28748   32   65    0.12723    0.28831   127%   334 1735s
 454771 445295    0.27587   34   71    0.12723    0.28817   126%   334 1745s
 458340 449256    0.27482   32   65    0.12723    0.28802   126%   334 1753s
 462417 452420    0.28125   34   64    0.12723    0.28782   126%   334 1762s
 465685 455653    0.27897   34   68    0.12723    0.28769   126%   334 1770s
 469054 458926    0.27197   31   69    0.12723    0.28754   126%   333 1781s
 472411 462086    0.28223   31   70    0.12723    0.28740   126%   333 1788s
 475679 465242    0.27252   33   64    0.12723    0.28726   126%   333 1799s
 478941 468095    0.27802   33   65    0.12723    0.28713   126%   333 1809s
 481888 471198     cutoff   35         0.12723    0.28700   126%   333 1820s
 485093 474482    0.28397   33   71    0.12723    0.28686   125%   333 1830s
 488509 478096    0.27299   32   72    0.12723    0.28671   125%   333 1842s
 492227 481496    0.28640   34   65    0.12723    0.28654   125%   333 1852s
 495726 484757    0.28186   34   71    0.12723    0.28637   125%   333 1863s
 499084 488171    0.27189   34   75    0.12723    0.28621   125%   333 1873s
 502632 491421    0.28542   32   63    0.12723    0.28608   125%   333 1883s
 506015 494780    0.27323   33   69    0.12723    0.28594   125%   333 1893s
 509482 498032    0.28562   33   67    0.12723    0.28579   125%   333 1901s
 512847 501340    0.28549   31   65    0.12723    0.28565   125%   333 1909s
 516271 504550    0.28264   34   62    0.12723    0.28550   124%   333 1917s
 519592 508410    0.27532   33   69    0.12723    0.28536   124%   332 1926s
 523586 511633    0.27315   33   72    0.12723    0.28522   124%   332 1933s
 526899 514719    0.28419   33   68    0.12723    0.28507   124%   332 1940s
 530074 517831    0.28444   32   71    0.12723    0.28493   124%   332 1947s
 533258 520918    0.27301   33   69    0.12723    0.28480   124%   332 1953s
 536475 524165    0.27729   33   59    0.12723    0.28466   124%   332 1961s
 539841 527424    0.27298   34   80    0.12723    0.28454   124%   332 1968s
 543234 530687    0.27697   31   75    0.12723    0.28439   124%   332 1975s
 546614 533977    0.27491   32   69    0.12723    0.28426   123%   332 1982s
 550060 537444    0.26548   34   68    0.12723    0.28413   123%   332 1990s
 553683 540847    0.23425   35   69    0.12723    0.28398   123%   332 1998s
 557229 544073    0.25812   35   70    0.12723    0.28384   123%   332 2005s
 560583 547474    0.27568   33   67    0.12723    0.28372   123%   332 2012s
 564103 550497    0.28230   33   68    0.12723    0.28359   123%   332 2020s
 567245 553600    0.28257   33   74    0.12723    0.28346   123%   332 2027s
 570449 556820    0.28198   33   83    0.12723    0.28334   123%   332 2034s
 573796 560209    0.27395   33   64    0.12723    0.28320   123%   332 2041s
 577301 563498    0.28287   31   73    0.12723    0.28308   122%   331 2049s
 580696 567218    0.27175   31   69    0.12723    0.28296   122%   331 2057s
 584549 570447    0.26764   34   73    0.12723    0.28280   122%   331 2064s
 587883 573697 infeasible   34         0.12723    0.28268   122%   331 2071s
 591267 576863    0.27238   34   67    0.12723    0.28255   122%   331 2078s
 594539 580061    0.27800   32   70    0.12723    0.28243   122%   331 2086s
 597887 583241    0.27352   32   70    0.12723    0.28230   122%   331 2093s
 601154 586087    0.28139   33   68    0.12723    0.28219   122%   331 2100s
 604066 589433    0.28194   33   71    0.12723    0.28208   122%   331 2108s
 607542 592755    0.28196   32   68    0.12723    0.28196   122%   331 2115s
 611012 596501    0.26440   33   70    0.12723    0.28181   121%   331 2123s
 614884 599686    0.26177   34   76    0.12723    0.28169   121%   331 2131s
 618159 602670    0.27354   34   68    0.12723    0.28158   121%   331 2138s
 621201 606027    0.28135   32   80    0.12723    0.28147   121%   331 2146s
 624718 609349    0.27139   34   64    0.12723    0.28135   121%   331 2152s
 628140 612568    0.26487   34   64    0.12723    0.28123   121%   331 2159s
 631443 615848    0.26797   33   71    0.12723    0.28111   121%   331 2166s
 634851 618977    0.25968   33   70    0.12723    0.28100   121%   330 2173s
 638095 622136    0.27856   32   73    0.12723    0.28089   121%   330 2181s
 641344 625771    0.26285   35   63    0.12723    0.28077   121%   330 2189s
 645109 629077    0.27931   34   64    0.12723    0.28064   121%   330 2196s
 648543 632305    0.26623   36   65    0.12723    0.28053   120%   330 2204s
 651886 635471    0.27673   33   62    0.12723    0.28044   120%   330 2211s
 655188 638614    0.27594   34   74    0.12723    0.28031   120%   330 2218s
 658462 641801    0.27985   33   70    0.12723    0.28020   120%   330 2226s
 661779 645015    0.26462   35   63    0.12723    0.28010   120%   330 2233s
 665105 648358    0.27818   32   69    0.12723    0.27998   120%   330 2240s
 668558 651500    0.26653   35   60    0.12723    0.27987   120%   330 2248s
 671786 655257    0.25443   34   71    0.12723    0.27976   120%   330 2256s
 675637 658337    0.27864   33   74    0.12723    0.27962   120%   330 2263s
 678839 661531    0.27046   34   64    0.12723    0.27951   120%   330 2271s
 682197 664736    0.25648   33   72    0.12723    0.27940   120%   330 2278s
 685524 667661    0.27158   33   62    0.12723    0.27929   120%   330 2285s
 688561 670939    0.27011   33   71    0.12723    0.27919   119%   330 2292s
 691944 674270    0.26327   34   67    0.12723    0.27909   119%   330 2299s
 695395 677522    0.26840   33   67    0.12723    0.27898   119%   330 2307s
 698783 680677    0.27886   32   70    0.12723    0.27888   119%   329 2314s
 702052 684391    0.27621   32   73    0.12723    0.27877   119%   329 2322s
 705905 687445    0.25932   34   65    0.12723    0.27865   119%   329 2329s
 709091 690522    0.25481   34   63    0.12723    0.27854   119%   329 2336s
 712282 693785    0.24476   33   73    0.12723    0.27844   119%   329 2343s
 715675 697030    0.26423   34   65    0.12723    0.27833   119%   329 2351s
 719040 699561    0.26937   35   60    0.12723    0.27822   119%   329 2358s
H721383 699561                       0.1272319    0.27820   119%   329 2359s
 721686 702519    0.26815   33   72    0.12723    0.27820   119%   329 2366s
 724791 705324    0.27670   32   65    0.12723    0.27815   119%   329 2374s
H724905 705324                       0.1272319    0.27815   119%   329 2374s
 727696 708248    0.26699   33   69    0.12723    0.27804   119%   329 2382s
H729041 708248                       0.1272319    0.27799   118%   329 2383s
 730729 711146    0.27635   32   62    0.12723    0.27796   118%   329 2391s
H730829 711146                       0.1272319    0.27796   118%   329 2391s
H731500 711146                       0.1272319    0.27793   118%   329 2391s
 733745 714207    0.26404   36   66    0.12723    0.27787   118%   329 2399s
H733845 714207                       0.1272319    0.27787   118%   329 2399s
 736940 717717    0.26678   36   75    0.12723    0.27779   118%   329 2408s
 740605 721193    0.26830   34   70    0.12723    0.27767   118%   329 2416s
 744209 724562    0.26339   32   65    0.12723    0.27756   118%   329 2424s
 747744 727635    0.26715   33   65    0.12723    0.27741   118%   329 2432s
 750932 731148    0.27409   32   66    0.12723    0.27729   118%   329 2439s
 754607 734471    0.27148   32   73    0.12723    0.27719   118%   329 2447s
 758036 737802    0.26502   32   59    0.12723    0.27710   118%   329 2454s
 761483 740815    0.26195   34   66    0.12723    0.27699   118%   329 2462s
 764639 744519    0.27525   32   70    0.12723    0.27689   118%   329 2470s
 768494 747666    0.27636   32   68    0.12723    0.27678   118%   329 2477s
 771795 750927    0.27175   32   65    0.12723    0.27668   117%   328 2484s
 775142 754055    0.26477   34   71    0.12723    0.27658   117%   328 2491s
 778384 757215    0.27442   33   66    0.12723    0.27649   117%   328 2498s
 781676 760313    0.27421   32   68    0.12723    0.27638   117%   328 2505s
 784922 763588    0.26654   33   67    0.12723    0.27629   117%   328 2512s
 788317 766693    0.26757   34   69    0.12723    0.27619   117%   328 2519s
 791537 769444    0.27388   33   72    0.12723    0.27610   117%   328 2527s
 794377 773262    0.26135   34   65    0.12723    0.27601   117%   328 2534s
 798359 776413    0.27000   34   64    0.12723    0.27590   117%   328 2540s
 801620 779373    0.26872   32   70    0.12723    0.27581   117%   328 2546s
 804666 782624    0.25947   33   67    0.12723    0.27572   117%   328 2553s
 808056 785710    0.26038   35   79    0.12723    0.27564   117%   328 2560s
 811248 788828    0.26181   32   68    0.12723    0.27555   117%   328 2567s
 814507 791856    0.27440   30   55    0.12723    0.27545   116%   328 2574s
 817628 795146    0.26989   35   67    0.12723    0.27536   116%   328 2580s
 821064 798327    0.26522   36   66    0.12723    0.27526   116%   328 2587s
 824368 801844    0.23998   35   65    0.12723    0.27518   116%   328 2595s
 828027 805063    0.27493   34   69    0.12723    0.27507   116%   328 2602s
 831390 808239    0.25184   33   70    0.12723    0.27497   116%   328 2609s
 834721 811445    0.25880   32   65    0.12723    0.27488   116%   328 2617s
 838045 814619    0.26718   32   70    0.12723    0.27480   116%   327 2624s
 841385 817703    0.25853   34   66    0.12723    0.27470   116%   327 2631s
 844553 821073    0.25898   34   61    0.12723    0.27462   116%   327 2638s
 848019 824430    0.27439   33   63    0.12723    0.27453   116%   327 2645s
 851504 827605    0.25664   32   82    0.12723    0.27443   116%   327 2652s
 854793 831214    0.25985   34   69    0.12723    0.27432   116%   327 2660s
 858550 834364    0.26418   33   65    0.12723    0.27423   116%   327 2667s
 861814 837517    0.25558   34   68    0.12723    0.27414   115%   327 2674s
 865101 840762    0.25840   35   65    0.12723    0.27404   115%   327 2681s
 868462 843946    0.25473   35   60    0.12723    0.27396   115%   327 2688s
 871758 847055    0.27332   33   71    0.12723    0.27387   115%   327 2696s
 874968 850170    0.25880   37   66    0.12723    0.27378   115%   327 2703s
 878201 853573    0.26615   37   63    0.12723    0.27371   115%   327 2710s
 881693 856391    0.27210   32   70    0.12723    0.27363   115%   327 2716s
 884635 859951    0.27343   34   61    0.12723    0.27355   115%   327 2725s
 888348 863096    0.27185   32   69    0.12723    0.27345   115%   327 2732s
 891596 866408    0.26121   33   69    0.12723    0.27336   115%   327 2739s
 895035 869443    0.26331   34   67    0.12723    0.27328   115%   327 2746s
 898213 872575 infeasible   33         0.12723    0.27321   115%   327 2753s
 901502 875875    0.26204   33   81    0.12723    0.27312   115%   327 2761s
 904945 879129    0.26036   33   64    0.12723    0.27303   115%   327 2769s
 908330 882286    0.26394   33   69    0.12723    0.27295   115%   327 2778s
 911627 885453    0.26270   35   69    0.12723    0.27286   114%   327 2787s
 914908 888844    0.26003   35   67    0.12723    0.27278   114%   327 2797s
 918455 892022    0.25917   35   70    0.12723    0.27270   114%   326 2807s
 921741 895174    0.26233   35   70    0.12723    0.27261   114%   326 2816s
 925019 898561    0.25244   34   70    0.12723    0.27252   114%   326 2826s
 928544 901933    0.25843   35   72    0.12723    0.27244   114%   326 2835s
 932075 905231    0.25738   34   69    0.12723    0.27236   114%   326 2843s
 935495 908350    0.27220   32   69    0.12723    0.27228   114%   326 2850s
 938738 911618    0.26253   33   65    0.12723    0.27219   114%   326 2858s
 942140 914505    0.27149   31   69    0.12723    0.27210   114%   326 2865s
 945107 918049    0.26265   36   63    0.12723    0.27203   114%   326 2873s
 948794 921108    0.26511   34   68    0.12723    0.27194   114%   326 2880s
 951994 924417    0.26118   34   66    0.12723    0.27186   114%   326 2887s
 955459 927623    0.25384   33   66    0.12723    0.27177   114%   326 2894s
 958818 930638    0.27107   34   63    0.12723    0.27169   114%   326 2902s
 961960 933827    0.27026   34   68    0.12723    0.27163   113%   326 2909s
 965312 937042    0.25286   32   76    0.12723    0.27155   113%   326 2916s
 968625 940246    0.26870   33   72    0.12723    0.27147   113%   326 2924s
 971965 943318    0.25294   35   70    0.12723    0.27140   113%   326 2931s
 975137 946822    0.25611   34   70    0.12723    0.27132   113%   326 2940s
 978770 950000    0.24646   35   69    0.12723    0.27124   113%   326 2947s
 982096 953285    0.27002   33   59    0.12723    0.27117   113%   326 2954s
 985508 956424    0.25915   35   84    0.12723    0.27108   113%   326 2962s
 988757 959654    0.26706   34   71    0.12723    0.27101   113%   326 2971s
 992111 962827    0.27081   31   67    0.12723    0.27092   113%   326 2980s
 995408 965988    0.24748   34   65    0.12723    0.27085   113%   326 2989s
 998677 969238    0.26070   32   64    0.12723    0.27078   113%   326 2997s
 1002076 972452    0.26918   35   69    0.12723    0.27070   113%   326 3006s
 1005391 975840    0.24787   33   70    0.12723    0.27062   113%   326 3016s
 1008891 978864    0.26970   33   64    0.12723    0.27054   113%   326 3025s
 1012043 982318    0.25875   31   87    0.12723    0.27048   113%   326 3035s
 1015637 985660    0.25170   34   64    0.12723    0.27039   113%   326 3044s
 1019119 988925    0.26319   34   71    0.12723    0.27030   112%   326 3054s
 1022497 992191    0.26258   34   66    0.12723    0.27023   112%   326 3063s
 1025909 995260    0.26157   37   61    0.12723    0.27015   112%   326 3073s
 1029108 998685    0.26261   35   66    0.12723    0.27008   112%   326 3082s
 1032664 1001903    0.26825   34   62    0.12723    0.26999   112%   325 3091s
 1036024 1005168     cutoff   33         0.12723    0.26992   112%   325 3101s
 1039454 1008283    0.25345   32   66    0.12723    0.26984   112%   325 3110s
 1042710 1011677    0.26746   33   73    0.12723    0.26976   112%   325 3120s
 1046261 1015048    0.26132   36   72    0.12723    0.26968   112%   325 3129s
 1049771 1018084    0.25572   35   67    0.12723    0.26961   112%   325 3140s
 1052962 1021385    0.25183   34   62    0.12723    0.26953   112%   325 3150s
 1056404 1024666    0.26296   33   77    0.12723    0.26945   112%   325 3158s
 1059810 1027613    0.25045   32   65    0.12723    0.26938   112%   325 3168s
 1062857 1030999    0.25102   35   66    0.12723    0.26931   112%   325 3178s
 1066366 1034461    0.25547   36   68    0.12723    0.26924   112%   325 3187s
 1069993 1037602    0.26037   36   66    0.12723    0.26915   112%   325 3194s
 1073232 1040846    0.26723   35   70    0.12723    0.26908   111%   325 3203s
 1076597 1043984    0.26572   34   70    0.12723    0.26901   111%   325 3213s
 1079893 1047222    0.25096   36   64    0.12723    0.26894   111%   325 3223s
 1083255 1050422    0.25360   33   69    0.12723    0.26887   111%   325 3232s
 1086592 1053598    0.26549   35   73    0.12723    0.26880   111%   325 3242s
H1089927 1056113                       0.1272320    0.26872   111%   325 3257s
 1092562 1058951 infeasible   35         0.12723    0.26871   111%   325 3267s
 1095522 1061968    0.25610   35   69    0.12723    0.26868   111%   325 3281s
 1098655 1065028    0.25689   34   64    0.12723    0.26859   111%   325 3293s
 1101870 1068253    0.25814   37   66    0.12723    0.26854   111%   325 3303s
 1105257 1071496    0.26275   33   64    0.12723    0.26846   111%   325 3315s
 1108672 1074736    0.25512   34   69    0.12723    0.26840   111%   325 3326s
 1112064 1078254    0.26688   32   77    0.12723    0.26832   111%   325 3334s
 1115708 1081770    0.25481   33   72    0.12723    0.26823   111%   325 3346s
 1119380 1085184    0.26587   34   69    0.12723    0.26813   111%   325 3357s
 1122913 1088686    0.26752   36   64    0.12723    0.26801   111%   325 3367s
 1126551 1091906    0.25878   35   62    0.12723    0.26792   111%   325 3378s
 1129883 1095444    0.24656   34   63    0.12723    0.26785   111%   325 3389s
 1133600 1098808    0.26735   31   72    0.12723    0.26777   110%   325 3399s
 1137097 1101993    0.24885   34   69    0.12723    0.26770   110%   325 3409s
 1140415 1105201    0.25615   35   65    0.12723    0.26762   110%   325 3419s
 1143778 1108368    0.26077   34   70    0.12723    0.26755   110%   325 3429s
 1147077 1111495    0.25897   32   71    0.12723    0.26748   110%   325 3439s
 1150314 1114695    0.26549   32   70    0.12723    0.26741   110%   325 3449s
 1153638 1117954    0.26639   31   68    0.12723    0.26733   110%   325 3459s
 1157051 1121316    0.26004   34   64    0.12723    0.26727   110%   325 3470s
 1160579 1124655    0.25886   32   69    0.12723    0.26721   110%   324 3480s
 1164034 1127820    0.26006   35   76    0.12723    0.26713   110%   324 3490s
 1167340 1131003    0.25466   34   65    0.12723    0.26706   110%   324 3500s
 1170669 1134282    0.26376   36   67    0.12723    0.26700   110%   324 3509s
 1174066 1137226    0.24972   34   67    0.12723    0.26693   110%   324 3516s
 1177158 1140598    0.26113   32   65    0.12723    0.26686   110%   324 3524s
 1180646 1143821    0.26623   32   67    0.12723    0.26680   110%   324 3531s
 1184021 1147064    0.26161   35   62    0.12723    0.26672   110%   324 3539s
 1187423 1150176    0.25284   35   60    0.12723    0.26665   110%   324 3550s
 1190667 1153712    0.26063   34   66    0.12723    0.26658   110%   324 3561s
 1194344 1156711    0.26566   33   71    0.12723    0.26651   109%   324 3572s
 1197460 1160092    0.26433   32   68    0.12723    0.26645   109%   324 3582s
 1200961 1163344    0.25396   35   70    0.12723    0.26638   109%   324 3593s
 1204369 1166383    0.25605   33   68    0.12723    0.26631   109%   324 3603s
 1207505 1169577    0.26420   34   67    0.12723    0.26625   109%   324 3614s
 1210807 1173049    0.26477   33   69    0.12723    0.26618   109%   324 3624s
 1214469 1176342    0.26336   33   69    0.12723    0.26611   109%   324 3633s
 1217912 1179851    0.24784   35   66    0.12723    0.26604   109%   324 3643s
 1221583 1182915    0.26438   34   67    0.12723    0.26597   109%   324 3652s
 1224756 1186045    0.25724   33   68    0.12723    0.26591   109%   324 3659s
 1228055 1189230    0.24674   35   79    0.12723    0.26585   109%   324 3668s
 1231373 1192227    0.26565   34   68    0.12723    0.26578   109%   324 3677s
 1234494 1195490    0.24432   33   64    0.12723    0.26572   109%   324 3685s
 1237905 1198721    0.25767   35   75    0.12723    0.26566   109%   324 3696s
 1241283 1201889     cutoff   33         0.12723    0.26560   109%   324 3704s
 1244601 1205032    0.25337   36   63    0.12723    0.26553   109%   324 3715s
 1247932 1208372    0.26214   34   67    0.12723    0.26547   109%   324 3724s
 1251418 1211280    0.25151   36   72    0.12723    0.26539   109%   324 3732s
 1254442 1214673    0.25173   35   63    0.12723    0.26533   109%   324 3744s
 1258012 1218035    0.25891   36   68    0.12723    0.26527   108%   324 3753s
 1261511 1221103    0.25263   37   59    0.12723    0.26520   108%   324 3764s
 1264709 1224410    0.25394   35   60    0.12723    0.26514   108%   324 3773s
 1268209 1227701    0.26427   34   68    0.12723    0.26508   108%   324 3783s
 1271664 1230950    0.26149   34   70    0.12723    0.26500   108%   324 3793s
 1275044 1234145    0.26148   33   66    0.12723    0.26494   108%   324 3803s
 1278373 1237576    0.25152   34   70    0.12723    0.26488   108%   324 3813s
 1281959 1240667    0.26382   34   62    0.12723    0.26481   108%   324 3823s
 1285212 1243799    0.24710   33   64    0.12723    0.26475   108%   324 3833s
 1288487 1246888     cutoff   34         0.12723    0.26469   108%   324 3842s
 1291738 1250103    0.26421   34   61    0.12723    0.26462   108%   324 3853s
 1295117 1253375    0.25414   35   67    0.12723    0.26456   108%   324 3861s
 1298536 1256391    0.26258   32   75    0.12723    0.26450   108%   324 3869s
 1301696 1259678    0.24909   36   66    0.12723    0.26445   108%   324 3879s
 1305154 1262957    0.25550   35   55    0.12723    0.26438   108%   324 3889s
 1308626 1266303    0.25076   34   68    0.12723    0.26431   108%   324 3899s
 1312094 1269551    0.24824   36   67    0.12723    0.26425   108%   324 3909s
 1315459 1272808    0.25404   34   68    0.12723    0.26418   108%   324 3919s
 1318856 1276034    0.26302   32   62    0.12723    0.26413   108%   324 3928s
 1322218 1279207    0.24923   35   70    0.12723    0.26407   108%   324 3939s
 1325535 1282398    0.25529   36   61    0.12723    0.26400   107%   324 3951s
 1328894 1285567    0.26019   32   67    0.12723    0.26394   107%   324 3962s
 1332226 1288823    0.24574   35   64    0.12723    0.26388   107%   324 3973s
 1335601 1291801    0.26371   36   67    0.12723    0.26382   107%   324 3984s
 1336315 1291801    0.26083   32   68    0.12723    0.26382   107%   324 3985s
 1338713 1295238    0.25728   33   69    0.12723    0.26376   107%   324 3997s
 1342339 1298420    0.26324   34   66    0.12723    0.26369   107%   323 4008s
 1345654 1301245    0.24314   36   68    0.12723    0.26363   107%   323 4020s
 1348645 1304702    0.25927   34   69    0.12723    0.26358   107%   323 4032s
 1352220 1307850    0.25685   36   60    0.12723    0.26352   107%   323 4042s
 1355547 1310940    0.26212   33   72    0.12723    0.26346   107%   323 4054s
 1358797 1314030    0.26164   32   70    0.12723    0.26340   107%   323 4066s
 1362046 1317275    0.26124   34   68    0.12723    0.26334   107%   323 4078s
 1365459 1320345    0.24748   35   68    0.12723    0.26329   107%   323 4091s
 1368686 1323418    0.25581   34   68    0.12723    0.26322   107%   323 4104s
 1371909 1326962    0.25482   34   63    0.12723    0.26316   107%   323 4117s
 1375583 1330312    0.26303   33   75    0.12723    0.26309   107%   323 4129s
 1379094 1333535    0.26225   32   70    0.12723    0.26303   107%   323 4142s
 1382464 1336688    0.26242   35   66    0.12723    0.26297   107%   323 4154s
 1385776 1339771    0.25641   34   67    0.12723    0.26292   107%   323 4167s
 1389017 1343083    0.25789   34   65    0.12723    0.26286   107%   323 4179s
 1392470 1346360    0.26066   34   65    0.12723    0.26279   107%   323 4190s
 1395917 1349447    0.24873   35   76    0.12723    0.26274   107%   323 4201s
 1399160 1352924    0.24897   33   68    0.12723    0.26267   106%   323 4213s
 1402793 1355702    0.25471   34   62    0.12723    0.26262   106%   323 4223s
 1405700 1359097    0.24619   33   67    0.12723    0.26256   106%   323 4234s
 1409273 1362315    0.25483   34   69    0.12723    0.26249   106%   323 4244s
 1412648 1365506    0.24904   34   67    0.12723    0.26243   106%   323 4253s
 1415966 1368642    0.24945   34   69    0.12723    0.26238   106%   323 4262s
 1419216 1371829    0.24345   35   60    0.12723    0.26232   106%   323 4270s
 1422533 1374936 infeasible   34         0.12723    0.26226   106%   323 4278s
 1425791 1377960    0.25693   35   69    0.12723    0.26220   106%   323 4287s
 1428936 1381376    0.25002   34   67    0.12723    0.26214   106%   323 4295s
 1432514 1384529    0.25775   34   67    0.12723    0.26208   106%   323 4303s
 1435835 1387453    0.25414   37   63    0.12723    0.26203   106%   323 4311s
 1438905 1390750    0.26174   35   71    0.12723    0.26197   106%   323 4318s
 1442370 1393970    0.24931   36   60    0.12723    0.26191   106%   323 4326s
 1445727 1397178    0.25142   34   66    0.12723    0.26185   106%   323 4335s
 1449076 1400310    0.23543   34   72    0.12723    0.26179   106%   323 4343s
 1452386 1403469    0.25985   34   66    0.12723    0.26173   106%   323 4354s
 1455672 1406660    0.24441   35   68    0.12723    0.26167   106%   323 4364s
 1459021 1409979    0.26059   34   67    0.12723    0.26162   106%   323 4375s
 1462503 1413123    0.25660   33   68    0.12723    0.26155   106%   323 4385s
 1465804 1416323    0.25025   34   73    0.12723    0.26150   106%   323 4396s
 1469182 1419544    0.24451   33   69    0.12723    0.26144   105%   323 4407s
 1472582 1422443    0.24739   34   67    0.12723    0.26138   105%   323 4417s
 1475619 1425740    0.25706   31   64    0.12723    0.26133   105%   323 4428s
 1479086 1428979    0.25326   35   69    0.12723    0.26127   105%   323 4439s
 1482464 1431894    0.24711   33   68    0.12723    0.26122   105%   323 4449s
 1485537 1435267    0.25101   34   67    0.12723    0.26116   105%   323 4461s
 1489084 1438612    0.25268   36   62    0.12723    0.26110   105%   323 4472s
 1492584 1441785    0.24942   36   59    0.12723    0.26104   105%   323 4482s
 1495950 1444789    0.24415   35   75    0.12723    0.26098   105%   323 4492s
 1499110 1448031    0.24796   34   67    0.12723    0.26093   105%   323 4502s
 1502541 1451212    0.24754   36   72    0.12723    0.26088   105%   323 4511s
 1505904 1454281    0.24885   35   70    0.12723    0.26082   105%   323 4520s
 1509143 1457540    0.25490   33   74    0.12723    0.26076   105%   323 4528s
 1512577 1460716     cutoff   32         0.12723    0.26071   105%   323 4536s
 1515888 1463868    0.26049   36   58    0.12723    0.26066   105%   323 4546s
 1519172 1467240    0.25719   34   66    0.12723    0.26060   105%   323 4556s
 1522728 1470480    0.25235   34   66    0.12723    0.26054   105%   323 4564s
 1526140 1473607    0.24831   33   64    0.12723    0.26049   105%   323 4573s
 1529406 1476751    0.25913   34   69    0.12723    0.26043   105%   323 4583s
 1532710 1479972    0.25368   34   63    0.12723    0.26038   105%   322 4593s
 1536076 1483197    0.24361   37   64    0.12723    0.26033   105%   322 4602s
 1539475 1486259    0.25226   36   72    0.12723    0.26028   105%   322 4612s
 1542679 1489345    0.24869   36   64    0.12723    0.26023   105%   322 4622s
 1545903 1492453    0.26012   34   63    0.12723    0.26018   104%   322 4632s
 1549189 1495698    0.25363   36   67    0.12723    0.26012   104%   322 4642s
 1552638 1498961    0.24279   35   70    0.12723    0.26006   104%   322 4652s
 1556038 1501886    0.24412   35   67    0.12723    0.26001   104%   322 4662s
 1559089 1504637    0.25122   35   62    0.12723    0.25997   104%   322 4673s
 1561994 1508127    0.25036   36   64    0.12723    0.25992   104%   322 4684s
 1565668 1508445    0.25781   34   70    0.12723    0.25986   104%   322 4695s
H1565695 1508444                       0.1272494    0.25986   104%   322 4696s
 1566008 1511827    0.24293   35   65    0.12725    0.25986   104%   322 4707s
 1569574 1514802    0.25414   36   65    0.12725    0.25980   104%   322 4719s
H1570218 1514802                       0.1272494    0.25980   104%   322 4719s
 1572686 1517421    0.24784   36   68    0.12725    0.25979   104%   322 4732s
H1572914 1517421                       0.1272494    0.25979   104%   322 4733s
H1573837 1517421                       0.1272495    0.25977   104%   322 4733s
H1574652 1517421                       0.1272496    0.25977   104%   322 4733s
 1575427 1521076    0.24763   34   72    0.12725    0.25974   104%   322 4745s
 1579299 1523670    0.25376   35   70    0.12725    0.25965   104%   322 4756s
H1579658 1523670                       0.1272511    0.25965   104%   322 4756s
H1581396 1523670                       0.1272513    0.25964   104%   322 4757s
 1582046 1527403    0.24912   35   72    0.12725    0.25964   104%   322 4770s
 1585985 1530867    0.23925   37   65    0.12725    0.25955   104%   322 4782s
 1589624 1534332    0.25231   35   64    0.12725    0.25948   104%   322 4793s
 1593247 1537779    0.25786   32   71    0.12725    0.25943   104%   322 4804s
 1596870 1541132    0.25643   35   73    0.12725    0.25937   104%   322 4815s
 1600373 1544436    0.24642   34   69    0.12725    0.25931   104%   322 4826s
 1603838 1547832    0.25783   33   65    0.12725    0.25926   104%   322 4836s
 1607379 1551032    0.25870   32   66    0.12725    0.25921   104%   322 4846s
 1610716 1554328    0.25865   35   55    0.12725    0.25916   104%   322 4857s
 1614201 1557346    0.25857   32   84    0.12725    0.25910   104%   322 4867s
 1617387 1560692    0.24887   35   66    0.12725    0.25905   104%   322 4877s
 1620893 1563866    0.25808   34   68    0.12725    0.25899   104%   322 4888s
 1624242 1566851    0.25109   34   72    0.12725    0.25894   103%   322 4898s
 1627406 1570102    0.24706   34   59    0.12725    0.25889   103%   322 4908s
 1630849 1573376    0.25836   35   67    0.12725    0.25884   103%   322 4918s
 1634257 1576358    0.24597   35   64    0.12725    0.25878   103%   322 4928s
 1637401 1579672    0.24565   37   66    0.12725    0.25873   103%   322 4937s
 1640894 1583005    0.24797   34   63    0.12725    0.25868   103%   322 4948s
 1644413 1586205    0.24579   34   64    0.12725    0.25863   103%   322 4958s
 1647760 1589324    0.25022   35   74    0.12725    0.25858   103%   322 4967s
 1651007 1592361    0.25515   34   64    0.12725    0.25853   103%   322 4977s
 1654208 1595722    0.23061   36   68    0.12725    0.25849   103%   322 4988s
 1657744 1598923    0.25731   34   68    0.12725    0.25843   103%   322 4998s
 1661161 1602049    0.24358   35   66    0.12725    0.25838   103%   322 5007s
 1664427 1605201    0.23503   32   74    0.12725    0.25833   103%   322 5017s
 1667748 1608258    0.25288   34   67    0.12725    0.25828   103%   322 5027s
 1670958 1611452    0.24333   36   69    0.12725    0.25823   103%   322 5038s
 1674312 1614769    0.25099   34   70    0.12725    0.25818   103%   322 5048s
 1677822 1618023    0.23460   37   63    0.12725    0.25813   103%   322 5058s
 1681242 1621149    0.24299   35   67    0.12725    0.25808   103%   322 5068s
 1684554 1624352    0.24316   35   69    0.12725    0.25803   103%   322 5078s
 1687947 1627581    0.25386   33   67    0.12725    0.25798   103%   322 5088s
 1691335 1630556    0.25084   34   53    0.12725    0.25792   103%   322 5098s
 1694477 1633546    0.23827   37   63    0.12725    0.25788   103%   322 5108s
 1697646 1636791    0.24593   35   68    0.12725    0.25783   103%   322 5119s
 1701028 1640116    0.25501   33   70    0.12725    0.25779   103%   322 5129s
 1704507 1643288    0.25651   32   71    0.12725    0.25773   103%   322 5139s
 1707843 1646270    0.24884   34   70    0.12725    0.25769   103%   322 5149s
 1710989 1649531    0.24280   37   64    0.12725    0.25765   102%   322 5159s
 1714385 1652655    0.23404   36   69    0.12725    0.25760   102%   322 5170s
 1717684 1655995    0.24937   35   58    0.12725    0.25755   102%   322 5179s
 1721176 1659228     cutoff   34         0.12725    0.25750   102%   321 5189s
 1724602 1662411    0.25358   33   70    0.12725    0.25745   102%   321 5198s
 1727971 1665614    0.24644   35   64    0.12725    0.25740   102%   321 5208s
 1731352 1668838    0.25452   35   70    0.12725    0.25736   102%   321 5219s
 1734750 1672073 infeasible   37         0.12725    0.25731   102%   321 5229s
 1738174 1675354    0.24681   33   73    0.12725    0.25726   102%   321 5238s
 1741644 1678568    0.24649   35   64    0.12725    0.25721   102%   321 5248s
 1745016 1681780    0.24797   34   66    0.12725    0.25716   102%   321 5257s
 1748395 1684794    0.25559   36   66    0.12725    0.25712   102%   321 5267s
 1751576 1688027    0.25241   34   69    0.12725    0.25707   102%   321 5276s
 1754969 1691263    0.24965   34   69    0.12725    0.25703   102%   321 5285s
 1758406 1694384    0.24333   38   59    0.12725    0.25698   102%   321 5295s
 1761713 1697571    0.25592   34   69    0.12725    0.25694   102%   321 5305s
 1765095 1700811    0.24533   36   72    0.12725    0.25689   102%   321 5314s
 1768519 1703863    0.25520   33   65    0.12725    0.25685   102%   321 5324s
 1771700 1707194    0.24860   34   65    0.12725    0.25680   102%   321 5334s
 1775222 1710555    0.25298   34   66    0.12725    0.25675   102%   321 5343s
 1778763 1713741    0.25533   35   60    0.12725    0.25671   102%   321 5353s
 1782095 1716807    0.25130   35   60    0.12725    0.25666   102%   321 5363s
 1785355 1719994    0.25038   36   65    0.12725    0.25662   102%   321 5373s
 1788718 1723123     cutoff   36         0.12725    0.25658   102%   321 5382s
 1792063 1726442    0.24711   35   63    0.12725    0.25653   102%   321 5393s
 1795592 1729455    0.24135   33   71    0.12725    0.25649   102%   321 5403s
 1798813 1732692    0.23762   34   66    0.12725    0.25644   102%   321 5412s
 1802259 1735853    0.24372   38   64    0.12725    0.25639   101%   321 5422s
 1805560 1738636    0.24414   35   63    0.12725    0.25635   101%   321 5432s
 1808492 1741987    0.24240   35   55    0.12725    0.25632   101%   321 5442s
 1812037 1745270    0.25398   34   65    0.12725    0.25627   101%   321 5452s
 1815502 1748385    0.24399   35   71    0.12725    0.25622   101%   321 5461s
 1818752 1751673    0.25595   33   73    0.12725    0.25618   101%   321 5471s
 1822220 1755080    0.24917   35   63    0.12725    0.25613   101%   321 5481s
 1825812 1758139    0.24790   34   66    0.12725    0.25608   101%   321 5490s
 1829054 1761297    0.24207   36   61    0.12725    0.25604   101%   321 5500s
 1832382 1764381    0.25184   33   67    0.12725    0.25600   101%   321 5509s
 1835625 1767326    0.25553   34   53    0.12725    0.25596   101%   321 5519s
 1838730 1770546    0.24767   35   62    0.12725    0.25592   101%   321 5528s
 1842123 1773815    0.24015   34   83    0.12725    0.25588   101%   321 5538s
 1845564 1776984    0.24743   33   67    0.12725    0.25583   101%   321 5547s
 1848896 1780091    0.24213   34   63    0.12725    0.25579   101%   321 5557s
 1852179 1783382    0.24707   36   65    0.12725    0.25575   101%   321 5568s
 1855657 1786336    0.24050   35   64    0.12725    0.25571   101%   321 5577s
 1858764 1789736    0.24811   35   62    0.12725    0.25567   101%   321 5587s
 1862280 1793003    0.24804   35   68    0.12725    0.25563   101%   321 5597s
 1865777 1796195    0.24960   36   70    0.12725    0.25558   101%   321 5606s
 1869156 1799219    0.23785   36   63    0.12725    0.25554   101%   321 5615s
 1872346 1802119    0.23960   36   65    0.12725    0.25550   101%   321 5624s
 1875391 1805404    0.24583   35   70    0.12725    0.25547   101%   321 5633s
 1878846 1808788    0.23968   35   74    0.12725    0.25542   101%   321 5642s
 1882408 1812095    0.24504   37   68    0.12725    0.25538   101%   321 5651s
 1885912 1815272    0.25519   33   66    0.12725    0.25533   101%   321 5659s
 1889276 1818253    0.24460   36   67    0.12725    0.25529   101%   320 5666s
 1892394 1821569    0.25497   33   71    0.12725    0.25525   101%   320 5675s
 1895882 1824729    0.23720   36   65    0.12725    0.25520   101%   320 5684s
 1899247 1827759    0.25005   35   68    0.12725    0.25516   101%   320 5692s
 1902440 1831040    0.23319   35   72    0.12725    0.25512   100%   320 5701s
 1905908 1834129     cutoff   34         0.12725    0.25508   100%   320 5709s
 1909210 1837214    0.24325   36   63    0.12725    0.25504   100%   320 5716s
 1912442 1840497    0.24572   37   64    0.12725    0.25500   100%   320 5727s
 1915928 1843727    0.24559   35   64    0.12725    0.25496   100%   320 5736s
 1919336 1846815    0.24309   35   63    0.12725    0.25492   100%   320 5746s
 1922603 1849985    0.24611   33   63    0.12725    0.25488   100%   320 5754s
 1925956 1853107    0.25123   34   67    0.12725    0.25484   100%   320 5763s
 1929250 1855286    0.24441   34   65    0.12725    0.25480   100%   320 5774s
 1931556 1858248    0.24424   36   61    0.12725    0.25479   100%   320 5785s
 1934670 1861268    0.24094   35   66    0.12725    0.25477   100%   320 5794s
 1937822 1864052    0.24799   35   55    0.12725    0.25475   100%   320 5805s
 1940742 1867191    0.25443   35   67    0.12725    0.25470   100%   320 5817s
 1944034 1870290    0.24693   36   60    0.12725    0.25467   100%   320 5828s
 1947291 1873406    0.23061   35   74    0.12725    0.25463   100%   320 5838s
 1950603 1876553    0.24056   34   72    0.12725    0.25458   100%   320 5849s
 1953953 1879676    0.24609   35   63    0.12725    0.25454   100%   320 5859s
 1957278 1882911    0.24149   34   63    0.12725    0.25450   100%   320 5869s
 1960659 1886182    0.24436   35   65    0.12725    0.25446   100%   320 5879s
 1964100 1889492    0.25165   35   64    0.12725    0.25439   100%   320 5889s
 1967547 1892745    0.25387   34   66    0.12725    0.25435   100%   320 5899s
 1970984 1895927    0.24047   37   67    0.12725    0.25432   100%   320 5909s
 1974327 1899243    0.23539   36   65    0.12725    0.25428   100%   320 5920s
 1977834 1902198    0.24235   35   68    0.12725    0.25423   100%   320 5929s
 1980968 1905238 infeasible   34         0.12725    0.25420   100%   320 5939s
 1984177 1908549    0.25161   36   63    0.12725    0.25416   100%   320 5949s
 1987664 1911819    0.24527   38   63    0.12725    0.25412   100%   320 5958s
 1991125 1914900    0.24466   35   67    0.12725    0.25408   100%   320 5967s
 1994361 1917848    0.24256   37   60    0.12725    0.25404   100%   320 5976s
 1997438 1921143    0.22801   36   69    0.12725    0.25400   100%   320 5986s
 2000940 1923954    0.25221   33   66    0.12725    0.25396   100%   320 5997s
 2003944 1927376    0.24398   34   64    0.12725    0.25393   100%   320 6006s
 2007528 1930521    0.24566   34   65    0.12725    0.25390   100%   320 6016s
 2010821 1933687    0.25158   33   80    0.12725    0.25385  99.5%   320 6025s
 2014159 1936816    0.24782   34   69    0.12725    0.25381  99.5%   320 6035s
 2017487 1939927    0.24788   34   68    0.12725    0.25378  99.4%   320 6044s
 2020762 1943028    0.24174   36   73    0.12725    0.25374  99.4%   320 6053s
 2024044 1946202    0.25336   34   65    0.12725    0.25370  99.4%   320 6063s
 2027396 1949242    0.25359   34   68    0.12725    0.25367  99.3%   320 6072s
 2030615 1952245    0.22973   35   71    0.12725    0.25363  99.3%   320 6082s
 2033839 1955366    0.23638   38   64    0.12725    0.25360  99.3%   320 6092s
 2037199 1958709    0.25181   35   67    0.12725    0.25356  99.3%   320 6102s
 2040770 1961738    0.24052   36   68    0.12725    0.25352  99.2%   320 6111s
 2043956 1964960    0.25311   36   60    0.12725    0.25349  99.2%   320 6120s
 2047365 1968194    0.22541   36   69    0.12725    0.25345  99.2%   320 6127s
 2050765 1971176    0.24654   37   63    0.12725    0.25341  99.1%   320 6137s
 2053963 1974491    0.24598   36   65    0.12725    0.25338  99.1%   320 6145s
 2057433 1977700    0.24024   35   73    0.12725    0.25334  99.1%   320 6154s
 2060831 1980783    0.24336   36   67    0.12725    0.25331  99.1%   320 6163s
 2064121 1984064    0.23290   37   59    0.12725    0.25327  99.0%   320 6173s
 2067553 1984096    0.22494   39   64    0.12725    0.25323  99.0%   320 6185s
 2067585 1984127    0.24630   36   77    0.12725    0.25322  99.0%   320 6196s
H2067603 1984123                       0.1274525    0.25322  98.7%   320 6198s
 2067618 1987045    0.23912   35   70    0.12745    0.25322  98.7%   320 6207s
 2070750 1989857    0.24670   35   66    0.12745    0.25319  98.7%   320 6220s
H2071913 1989857                       0.1274525    0.25318  98.6%   320 6221s
 2073678 1992875    0.23823   37   63    0.12745    0.25318  98.6%   320 6234s
H2073991 1992875                       0.1274662    0.25317  98.6%   320 6234s
 2076869 1995961    0.23908   36   64    0.12747    0.25313  98.6%   320 6248s
H2078898 1995961                       0.1274662    0.25312  98.6%   320 6248s
H2079473 1995961                       0.1274663    0.25312  98.6%   320 6248s
 2080124 1999562    0.24576   36   68    0.12747    0.25312  98.6%   320 6259s
 2080737 1999562    0.24561   35   80    0.12747    0.25311  98.6%   320 6260s
 2083883 2003194    0.24409   37   65    0.12747    0.25305  98.5%   320 6271s
 2087693 2006755    0.25239   33   69    0.12747    0.25301  98.5%   319 6282s
 2091456 2010195    0.23534   35   66    0.12747    0.25297  98.5%   319 6292s
 2095073 2013492    0.24241   35   68    0.12747    0.25293  98.4%   319 6302s
 2098532 2016616    0.24088   36   60    0.12747    0.25289  98.4%   319 6312s
 2101815 2019765    0.23998   34   58    0.12747    0.25285  98.4%   319 6321s
 2105151 2022808    0.23987   35   62    0.12747    0.25282  98.3%   319 6331s
 2108362 2026045    0.23535   36   67    0.12747    0.25278  98.3%   319 6341s
 2111794 2029201    0.25157   35   66    0.12747    0.25274  98.3%   319 6351s
 2115139 2032206    0.25223   33   67    0.12747    0.25271  98.3%   319 6361s
 2118329 2035546    0.24615   35   63    0.12747    0.25267  98.2%   319 6370s
 2121878 2038783    0.25242   35   59    0.12747    0.25264  98.2%   319 6380s
 2125290 2042111    0.24011   34   66    0.12747    0.25260  98.2%   319 6389s
 2128763 2045245    0.24409   35   69    0.12747    0.25257  98.1%   319 6397s
 2132066 2048487    0.24601   35   67    0.12747    0.25253  98.1%   319 6406s
 2135504 2051546    0.23900   33   67    0.12747    0.25250  98.1%   319 6415s
 2138745 2054800    0.25177   35   73    0.12747    0.25246  98.1%   319 6424s
 2142179 2057893    0.23257   36   69    0.12747    0.25242  98.0%   319 6435s
 2145395 2061145    0.24203   37   58    0.12747    0.25239  98.0%   319 6444s
 2148861 2064355    0.24950   35   59    0.12747    0.25235  98.0%   319 6453s
 2152278 2067154    0.24039   33   57    0.12747    0.25232  98.0%   319 6463s
 2155256 2070548    0.24979   35   69    0.12747    0.25229  97.9%   319 6473s
 2158894 2073644    0.24037   38   61    0.12747    0.25226  97.9%   319 6482s
 2162184 2076724    0.23226   37   68    0.12747    0.25222  97.9%   319 6491s
 2165436 2079670    0.25215   33   65    0.12747    0.25218  97.8%   319 6500s
 2168555 2082738    0.22489   37   66    0.12747    0.25215  97.8%   319 6509s
 2171791 2085840    0.25126   35   67    0.12747    0.25212  97.8%   319 6519s
 2175058 2088984    0.23224   35   54    0.12747    0.25209  97.8%   319 6528s
 2178390 2091904    0.24013   37   67    0.12747    0.25205  97.7%   319 6538s
 2181446 2095204    0.24497   36   74    0.12747    0.25202  97.7%   319 6548s
 2184924 2098579    0.23735   36   65    0.12747    0.25198  97.7%   319 6558s
 2188503 2101584    0.25170   35   71    0.12747    0.25195  97.7%   319 6567s
 2191685 2104769    0.23988   36   62    0.12747    0.25192  97.6%   319 6577s
 2195031 2107846    0.23614   37   65    0.12747    0.25189  97.6%   319 6587s
 2198341 2110620    0.23905   36   65    0.12747    0.25185  97.6%   319 6597s
 2201275 2113895    0.24908   34   68    0.12747    0.25182  97.6%   319 6606s
 2204746 2117231    0.24880   34   68    0.12747    0.25178  97.5%   319 6613s
 2208251 2120406    0.24062   36   73    0.12747    0.25175  97.5%   319 6620s
 2211600 2123587    0.25095   34   67    0.12747    0.25172  97.5%   319 6629s
 2214953 2126797    0.22501   33   66    0.12747    0.25168  97.5%   319 6639s
 2218343 2129835    0.24904   36   63    0.12747    0.25165  97.4%   319 6649s
 2221591 2133165    0.24753   37   62    0.12747    0.25162  97.4%   319 6659s
 2225133 2136454    0.24221   36   64    0.12747    0.25158  97.4%   319 6669s
 2228627 2139718    0.24557   35   69    0.12747    0.25155  97.3%   319 6679s
 2232039 2142890    0.24176   37   63    0.12747    0.25151  97.3%   319 6688s
 2235407 2145705    0.24020   35   60    0.12747    0.25148  97.3%   319 6698s
 2238413 2148960    0.24241   35   66    0.12747    0.25145  97.3%   319 6707s
 2241870 2152237    0.25115   35   64    0.12747    0.25142  97.2%   319 6717s
 2245348 2155485    0.23674   37   62    0.12747    0.25139  97.2%   319 6727s
 2248808 2158689    0.23918   35   60    0.12747    0.25136  97.2%   319 6737s
 2252187 2161679    0.23260   36   68    0.12747    0.25132  97.2%   319 6746s
 2255357 2165040    0.23834   36   65    0.12747    0.25129  97.1%   319 6756s
 2258889 2168290    0.23150   34   67    0.12747    0.25125  97.1%   319 6765s
 2262326 2171401    0.23910   36   65    0.12747    0.25122  97.1%   319 6775s
 2265626 2174459    0.25116   34   60    0.12747    0.25119  97.1%   319 6784s
 2268885 2177621    0.24784   35   69    0.12747    0.25115  97.0%   319 6794s
 2272250 2180755 infeasible   35         0.12747    0.25112  97.0%   319 6803s
 2275546 2184062    0.24118   35   70    0.12747    0.25110  97.0%   319 6813s
 2279032 2187103    0.23241   36   63    0.12747    0.25106  97.0%   319 6822s
 2282251 2190281    0.24803   35   67    0.12747    0.25103  96.9%   319 6832s
 2285637 2193357    0.24220   36   68    0.12747    0.25099  96.9%   318 6842s
 2288905 2196507    0.24092   36   67    0.12747    0.25096  96.9%   318 6851s
 2292228 2199711     cutoff   36         0.12747    0.25093  96.9%   318 6861s
 2295585 2202922    0.23036   35   68    0.12747    0.25090  96.8%   318 6872s
 2299000 2205881    0.25016   35   62    0.12747    0.25087  96.8%   318 6881s
 2302133 2209155    0.24765   34   82    0.12747    0.25084  96.8%   318 6891s
 2305607 2212516    0.24154   35   68    0.12747    0.25080  96.8%   318 6902s
 2309174 2215570    0.24940   34   61    0.12747    0.25077  96.7%   318 6909s
 2312401 2218699    0.24585   35   65    0.12747    0.25074  96.7%   318 6916s
 2315680 2221805    0.23077   35   61    0.12747    0.25071  96.7%   318 6925s
 2318970 2224933    0.23911   35   68    0.12747    0.25068  96.7%   318 6935s
 2322246 2228015    0.24008   35   72    0.12747    0.25065  96.6%   318 6944s
 2325518 2231248    0.23815   36   64    0.12747    0.25062  96.6%   318 6954s
 2328915 2234322    0.23028   37   70    0.12747    0.25059  96.6%   318 6964s
 2332172 2237301     cutoff   35         0.12747    0.25056  96.6%   318 6974s
 2335321 2240575    0.23828   35   70    0.12747    0.25053  96.5%   318 6983s
 2338795 2243749    0.23428   36   67    0.12747    0.25050  96.5%   318 6993s
 2342144 2246754    0.24264   36   83    0.12747    0.25047  96.5%   318 7003s
 2345358 2249798    0.24791   37   59    0.12747    0.25043  96.5%   318 7013s
 2348578 2252948    0.23531   34   64    0.12747    0.25040  96.4%   318 7022s
 2351926 2256022    0.24165   36   74    0.12747    0.25037  96.4%   318 7032s
 2355181 2259298    0.23743   34   70    0.12747    0.25034  96.4%   318 7042s
 2358649 2262314    0.24769   33   63    0.12747    0.25031  96.4%   318 7051s
 2361848 2265654    0.23471   35   68    0.12747    0.25028  96.3%   318 7061s
 2365369 2269013    0.24898   35   66    0.12747    0.25024  96.3%   318 7070s
 2368925 2272113    0.23465   36   43    0.12747    0.25021  96.3%   318 7078s
 2372190 2275170    0.24376   34   68    0.12747    0.25019  96.3%   318 7085s
 2375438 2278289    0.23405   36   71    0.12747    0.25015  96.2%   318 7094s
 2378744 2281278    0.24174   37   60    0.12747    0.25012  96.2%   318 7102s
 2381924 2284491    0.24035   33   66    0.12747    0.25010  96.2%   318 7111s
 2385319 2287657    0.25007   35   61    0.12747    0.25007  96.2%   318 7120s
 2388700 2290467    0.23424   35   68    0.12747    0.25003  96.2%   318 7128s
 2391711 2290499    0.21877   36   69    0.12747    0.25001  96.1%   318 7139s
H2391721 2290499                       0.1274663    0.25000  96.1%   318 7140s
H2391723 2290499                       0.1274669    0.25000  96.1%   318 7141s
 2391743 2290825    0.24997   35   67    0.12747    0.25000  96.1%   318 7152s
 2392081 2291130    0.23799   36   69    0.12747    0.25000  96.1%   318 7162s
 2392407 2291668    0.24139   36   65    0.12747    0.25000  96.1%   318 7174s
 2392973 2292474    0.24858   36   63    0.12747    0.24999  96.1%   318 7186s
 2393807 2292506    0.23536   37   62    0.12747    0.24999  96.1%   318 7204s
H2393838 2292506                       0.1274670    0.24999  96.1%   318 7205s
 2393839 2293178     cutoff   37         0.12747    0.24999  96.1%   318 7216s
 2394558 2294003    0.24984   35   64    0.12747    0.24999  96.1%   318 7224s
 2395413 2296289    0.24992   35   72    0.12747    0.24998  96.1%   318 7260s
 2397852 2300516    0.24628   36   64    0.12747    0.24998  96.1%   318 7300s
 2402274 2308499    0.23581   35   62    0.12747    0.24997  96.1%   318 7329s
 2410759 2314434    0.24566   36   63    0.12747    0.24991  96.1%   318 7347s
 2417030 2319177    0.23427   37   69    0.12747    0.24977  96.0%   318 7361s
 2422058 2323300 infeasible   34         0.12747    0.24973  95.9%   318 7373s
 2426419 2326619    0.23789   36   57    0.12747    0.24969  95.9%   318 7384s
 2429919 2329781    0.24160   35   64    0.12747    0.24966  95.9%   318 7393s
 2433270 2332900    0.24696   35   68    0.12747    0.24963  95.8%   318 7403s
 2436576 2336030    0.23616   36   69    0.12747    0.24960  95.8%   318 7413s
 2439879 2339322    0.23942   36   64    0.12747    0.24957  95.8%   318 7423s
 2443373 2342445    0.23998   32   72    0.12747    0.24954  95.8%   318 7431s
 2446662 2345572    0.23653   37   66    0.12747    0.24951  95.7%   318 7438s
 2449984 2348733    0.23487   36   71    0.12747    0.24948  95.7%   318 7448s
 2453358 2351867    0.23477   36   59    0.12747    0.24945  95.7%   318 7458s
 2456641 2355126    0.24032   37   58    0.12747    0.24942  95.7%   318 7468s
 2460106 2358365    0.23645   36   62    0.12747    0.24939  95.7%   318 7478s
 2463547 2361215    0.24887   34   65    0.12747    0.24936  95.6%   318 7488s
 2466566 2364306    0.24711   33   66    0.12747    0.24934  95.6%   318 7497s
 2469861 2367382    0.24857   35   72    0.12747    0.24931  95.6%   318 7507s
 2473109 2370633    0.23019   34   78    0.12747    0.24928  95.6%   318 7517s
 2476544 2373655    0.24050   35   70    0.12747    0.24925  95.5%   318 7527s
 2479772 2376902    0.23103   35   66    0.12747    0.24923  95.5%   318 7537s
 2483184 2380156    0.24041   37   60    0.12747    0.24919  95.5%   318 7547s
 2486659 2383471    0.23463   33   63    0.12747    0.24916  95.5%   318 7557s
 2490185 2386601    0.24073   33   62    0.12747    0.24913  95.4%   318 7566s
 2493499 2389678    0.23607   34   70    0.12747    0.24910  95.4%   318 7573s
 2496742 2392776    0.24066   35   60    0.12747    0.24907  95.4%   318 7581s
 2500035 2395980 infeasible   34         0.12747    0.24904  95.4%   318 7588s
 2503449 2398947 infeasible   35         0.12747    0.24902  95.4%   318 7597s
 2506588 2402141    0.23633   34   70    0.12747    0.24899  95.3%   318 7607s
 2509954 2405169    0.23731   38   64    0.12747    0.24896  95.3%   318 7616s
 2513164 2408379    0.23973   35   71    0.12747    0.24893  95.3%   317 7626s
 2516592 2411745    0.24744   33   70    0.12747    0.24890  95.3%   317 7636s
 2520122 2414820    0.23398   35   65    0.12747    0.24887  95.2%   317 7646s
 2523407 2417828    0.24590   35   67    0.12747    0.24884  95.2%   317 7655s
 2526570 2421045    0.23162   37   59    0.12747    0.24882  95.2%   317 7665s
 2529976 2424052    0.24851   36   59    0.12747    0.24879  95.2%   317 7674s
 2533158 2427330    0.23712   36   68    0.12747    0.24876  95.2%   317 7684s
 2536636 2430477 infeasible   36         0.12747    0.24873  95.1%   317 7694s
 2539953 2433674    0.24859   36   65    0.12747    0.24870  95.1%   317 7703s
 2543322 2436638    0.23448   38   62    0.12747    0.24867  95.1%   317 7713s
 2546447 2440068    0.24629   33   69    0.12747    0.24865  95.1%   317 7723s
 2550126 2443149    0.23828   35   76    0.12747    0.24862  95.0%   317 7732s
 2553387 2446224    0.24234   38   64    0.12747    0.24859  95.0%   317 7741s
 2556649 2449258    0.24851   35   69    0.12747    0.24856  95.0%   317 7751s
 2559871 2452337    0.23444   35   66    0.12747    0.24853  95.0%   317 7760s
 2563121 2455426    0.22740   34   65    0.12747    0.24850  95.0%   317 7770s
 2566430 2458499    0.24471   34   66    0.12747    0.24848  94.9%   317 7779s
 2569691 2461567    0.24520   36   65    0.12747    0.24845  94.9%   317 7786s
 2572910 2464735    0.23762   35   74    0.12747    0.24842  94.9%   317 7793s
 2576277 2468079    0.24816   36   66    0.12747    0.24839  94.9%   317 7801s
 2579828 2471281    0.23700   35   57    0.12747    0.24836  94.8%   317 7810s
 2583213 2474103    0.24701   36   68    0.12747    0.24834  94.8%   317 7820s
 2586217 2477023    0.24126   36   65    0.12747    0.24831  94.8%   317 7829s
 2589280 2480268    0.23613   36   67    0.12747    0.24828  94.8%   317 7839s
 2592748 2483587    0.24819   36   70    0.12747    0.24826  94.8%   317 7849s
 2596256 2486757    0.23381   35   64    0.12747    0.24822  94.7%   317 7858s
 2599627 2489905    0.24177   35   62    0.12747    0.24820  94.7%   317 7868s
 2602989 2493020    0.24150   36   61    0.12747    0.24817  94.7%   317 7878s
 2606303 2496351    0.24791   35   69    0.12747    0.24814  94.7%   317 7888s
 2609843 2499516    0.23952   36   80    0.12747    0.24812  94.7%   317 7897s
 2613181 2502606    0.24754   35   68    0.12747    0.24809  94.6%   317 7906s
 2616427 2505916    0.23496   36   59    0.12747    0.24807  94.6%   317 7916s
 2619938 2509001    0.23682   37   65    0.12747    0.24804  94.6%   317 7926s
 2623191 2511857    0.23146   37   69    0.12747    0.24801  94.6%   317 7935s
 2626246 2515078    0.23324   35   64    0.12747    0.24799  94.6%   317 7945s
 2629698 2518281    0.24596   35   59    0.12747    0.24796  94.5%   317 7954s
 2633078 2521226    0.23024   35   64    0.12747    0.24794  94.5%   317 7963s
 2636173 2524698    0.23591   37   63    0.12747    0.24791  94.5%   317 7973s
 2639827 2527719    0.24745   34   67    0.12747    0.24788  94.5%   317 7979s
 2643013 2530670    0.24612   34   64    0.12747    0.24786  94.4%   317 7987s
 2646172 2533984    0.23777   35   66    0.12747    0.24783  94.4%   317 7997s
 2649649 2537180    0.24168   34   70    0.12747    0.24781  94.4%   317 8006s
 2653075 2540263    0.24358   37   62    0.12747    0.24778  94.4%   317 8015s
 2656338 2543259    0.24162   38   59    0.12747    0.24776  94.4%   317 8024s
 2659520 2546313    0.23795   37   66    0.12747    0.24773  94.3%   317 8034s
 2662756 2549417    0.24099   37   58    0.12747    0.24771  94.3%   317 8043s
 2666054 2552799    0.22868   36   67    0.12747    0.24768  94.3%   317 8053s
 2669663 2555810    0.24755   35   66    0.12747    0.24765  94.3%   317 8063s
 2672869 2558726    0.22227   36   58    0.12747    0.24762  94.3%   317 8072s
 2675949 2561926    0.24298   35   69    0.12747    0.24760  94.2%   317 8083s
 2679316 2564860    0.24252   37   70    0.12747    0.24757  94.2%   317 8093s
 2682405 2568140    0.22823   38   64    0.12747    0.24755  94.2%   317 8102s
 2685859 2571363    0.23251   35   70    0.12747    0.24752  94.2%   317 8112s
 2689266 2574435    0.23183   35   62    0.12747    0.24750  94.2%   317 8122s
 2692499 2577738    0.24669   35   58    0.12747    0.24747  94.1%   317 8131s
 2695980 2581072    0.24360   36   73    0.12747    0.24744  94.1%   317 8142s
 2699515 2584245    0.22504   37   60    0.12747    0.24741  94.1%   317 8149s
 2702857 2587184    0.23781   36   64    0.12747    0.24739  94.1%   317 8156s
 2705972 2590337    0.23985   35   69    0.12747    0.24736  94.1%   317 8165s
 2709300 2593441 infeasible   37         0.12747    0.24734  94.0%   317 8175s
 2712586 2596664    0.23460   37   68    0.12747    0.24731  94.0%   317 8184s
 2716023 2599893    0.23891   36   63    0.12747    0.24729  94.0%   317 8194s
 2719446 2603088    0.22818   36   63    0.12747    0.24726  94.0%   317 8203s
 2722846 2606193    0.24434   33   62    0.12747    0.24723  94.0%   317 8213s
 2726150 2609521    0.24316   36   62    0.12747    0.24721  93.9%   317 8223s
 2729711 2612428    0.23893   35   68    0.12747    0.24718  93.9%   317 8233s
 2732770 2615708    0.23344   37   58    0.12747    0.24716  93.9%   317 8242s
 2736207 2618917    0.23368   36   66    0.12747    0.24713  93.9%   317 8252s
 2739599 2622004    0.23513   34   72    0.12747    0.24710  93.9%   317 8262s
 2742861 2625026    0.23546   35   66    0.12747    0.24708  93.8%   317 8272s
 2746075 2628228    0.23492   36   65    0.12747    0.24705  93.8%   317 8282s
 2749494 2631285    0.24687   35   66    0.12747    0.24703  93.8%   317 8292s
 2752765 2634486    0.24412   36   57    0.12747    0.24700  93.8%   317 8301s
 2756148 2637774    0.24508   35   72    0.12747    0.24698  93.8%   316 8312s
 2759636 2640847    0.24158   34   68    0.12747    0.24695  93.7%   316 8322s
 2762881 2643976    0.23387   37   63    0.12747    0.24693  93.7%   316 8331s
 2766175 2647085    0.23722   36   61    0.12747    0.24690  93.7%   316 8341s
 2769511 2650038    0.23892   34   70    0.12747    0.24688  93.7%   316 8351s
 2772658 2653317    0.24547   36   69    0.12747    0.24685  93.7%   316 8361s
 2776166 2656545    0.23574   36   67    0.12747    0.24682  93.6%   316 8371s
 2779616 2659525    0.23537   38   62    0.12747    0.24680  93.6%   316 8380s
 2782748 2662722    0.23609   36   68    0.12747    0.24678  93.6%   316 8390s
 2786125 2666094    0.23731   36   54    0.12747    0.24675  93.6%   316 8400s
 2789695 2669112    0.23858   36   60    0.12747    0.24673  93.6%   316 8409s
 2792887 2672278    0.23724   34   75    0.12747    0.24670  93.5%   316 8418s
 2796276 2675372    0.23709   37   61    0.12747    0.24668  93.5%   316 8428s
 2799576 2678102    0.22914   37   66    0.12747    0.24665  93.5%   316 8438s
 2802472 2681404    0.23697   35   74    0.12747    0.24663  93.5%   316 8448s
 2806025 2684591    0.23223   38   64    0.12747    0.24660  93.5%   316 8457s
 2809388 2687804    0.24366   34   65    0.12747    0.24658  93.4%   316 8467s
 2812785 2690930    0.24255   37   56    0.12747    0.24655  93.4%   316 8476s
 2816089 2694129    0.24603   33   66    0.12747    0.24653  93.4%   316 8486s
 2819507 2697130    0.19463   36   66    0.12747    0.24650  93.4%   316 8496s
 2822678 2700548    0.24039   35   74    0.12747    0.24648  93.4%   316 8506s
 2826287 2703712    0.22944   37   67    0.12747    0.24645  93.3%   316 8515s
 2829626 2706672    0.24597   35   81    0.12747    0.24642  93.3%   316 8525s
 2832747 2709940    0.23601   36   68    0.12747    0.24640  93.3%   316 8535s
 2836200 2713167    0.23627   35   66    0.12747    0.24637  93.3%   316 8544s
 2839623 2716163    0.23928   35   62    0.12747    0.24635  93.3%   316 8554s
 2842821 2719463    0.23705   33   69    0.12747    0.24633  93.2%   316 8564s
 2846340 2722840    0.24316   36   64    0.12747    0.24630  93.2%   316 8574s
 2849926 2725950    0.22773   36   56    0.12747    0.24627  93.2%   316 8583s
 2853240 2729016    0.24588   35   56    0.12747    0.24624  93.2%   316 8592s
 2856496 2732093    0.23069   37   61    0.12747    0.24622  93.2%   316 8602s
 2859750 2735270    0.24551   35   52    0.12747    0.24620  93.1%   316 8609s
 2863086 2738284    0.23908   37   67    0.12747    0.24617  93.1%   316 8616s
 2866272 2741299    0.22984   35   72    0.12747    0.24615  93.1%   316 8624s
 2869523 2744531    0.24121   35   63    0.12747    0.24612  93.1%   316 8634s
 2872933 2747654    0.24409   35   68    0.12747    0.24610  93.1%   316 8643s
 2876255 2750815    0.24541   36   67    0.12747    0.24608  93.1%   316 8654s
 2879622 2753991    0.23665   37   68    0.12747    0.24605  93.0%   316 8664s
 2882996 2757142    0.23073   37   57    0.12747    0.24603  93.0%   316 8674s
 2886377 2760384    0.23334   35   65    0.12747    0.24600  93.0%   316 8684s
 2889834 2763537    0.23471   36   65    0.12747    0.24598  93.0%   316 8693s
 2893176 2766711    0.24544   35   70    0.12747    0.24595  93.0%   316 8703s
 2896503 2769895    0.24092   35   59    0.12747    0.24593  92.9%   316 8712s
 2899886 2773007    0.24404   34   67    0.12747    0.24591  92.9%   316 8722s
 2903213 2776022    0.23665   36   58    0.12747    0.24588  92.9%   316 8731s
 2906379 2779329    0.23378   36   64    0.12747    0.24586  92.9%   316 8739s
 2909877 2782457    0.23859   36   67    0.12747    0.24583  92.9%   316 8746s
 2913162 2785346    0.23742   34   70    0.12747    0.24581  92.8%   316 8753s
 2916246 2788601    0.23053   37   65    0.12747    0.24579  92.8%   316 8763s
 2919664 2791850    0.24458   34   66    0.12747    0.24576  92.8%   316 8773s
 2923089 2794916    0.23647   37   67    0.12747    0.24574  92.8%   316 8783s
 2926336 2798086    0.24413   34   69    0.12747    0.24571  92.8%   316 8792s
 2929671 2801358    0.23635   36   65    0.12747    0.24569  92.7%   316 8802s
 2933161 2804326    0.24110   38   63    0.12747    0.24566  92.7%   316 8812s
 2936290 2807685    0.24335   35   65    0.12747    0.24564  92.7%   316 8822s
 2939861 2810541    0.23384   36   64    0.12747    0.24561  92.7%   316 8831s
 2942880 2813838    0.22829   35   63    0.12747    0.24559  92.7%   316 8840s
 2946364 2817038    0.23243   35   64    0.12747    0.24557  92.7%   316 8850s
 2949752 2820238    0.23579   37   65    0.12747    0.24555  92.6%   316 8859s
 2953131 2823361    0.23765   35   70    0.12747    0.24552  92.6%   316 8869s
 2956437 2826499    0.23278   36   67    0.12747    0.24550  92.6%   316 8878s
 2959775 2829597    0.22279   35   66    0.12747    0.24548  92.6%   316 8887s
 2963048 2832526    0.23353   37   61    0.12747    0.24545  92.6%   316 8896s
 2966125 2835818    0.22910   36   65    0.12747    0.24543  92.5%   316 8905s
 2969646 2838909    0.22567   35   62    0.12747    0.24541  92.5%   316 8914s
 2972890 2841818    0.23188   35   57    0.12747    0.24538  92.5%   316 8924s
 2975985 2845060    0.24400   35   65    0.12747    0.24536  92.5%   316 8934s
 2979418 2848260    0.24469   35   70    0.12747    0.24534  92.5%   316 8944s
 2982823 2851430    0.23731   35   61    0.12747    0.24531  92.5%   316 8954s
 2986167 2854647    0.24507   34   67    0.12747    0.24529  92.4%   316 8963s
 2989528 2857758    0.24514   35   73    0.12747    0.24527  92.4%   316 8973s
 2992813 2860873    0.23373   36   66    0.12747    0.24524  92.4%   316 8983s
 2996101 2864112    0.23341   36   63    0.12747    0.24522  92.4%   316 8993s
 2999578 2867232    0.24388   35   66    0.12747    0.24520  92.4%   316 9002s
 3002879 2870215    0.23754   37   68    0.12747    0.24517  92.3%   316 9012s
 3006070 2873433    0.23922   35   67    0.12747    0.24515  92.3%   316 9021s
 3009444 2876620    0.24487   34   70    0.12747    0.24513  92.3%   316 9031s
 3012823 2879741    0.23963   35   72    0.12747    0.24510  92.3%   316 9041s
 3016104 2882935    0.23678   36   72    0.12747    0.24508  92.3%   316 9051s
 3019492 2886110    0.22552   35   76    0.12747    0.24506  92.3%   316 9058s
 3022858 2889030    0.23517   37   71    0.12747    0.24503  92.2%   316 9066s
 3025973 2892452    0.23837   35   68    0.12747    0.24501  92.2%   316 9075s
 3029583 2895614    0.23915   35   68    0.12747    0.24499  92.2%   316 9082s
 3032915 2898671    0.23516   36   66    0.12747    0.24497  92.2%   316 9091s
 3036160 2901784    0.23079   38   66    0.12747    0.24494  92.2%   316 9100s
 3039476 2904862    0.23846   34   80    0.12747    0.24492  92.1%   316 9109s
 3042770 2907865    0.23280   35   64    0.12747    0.24490  92.1%   316 9117s
 3045959 2911063    0.23318   36   74    0.12747    0.24488  92.1%   316 9126s
 3049369 2914188    0.22748   36   65    0.12747    0.24486  92.1%   316 9135s
 3052681 2917324    0.23087   37   72    0.12747    0.24483  92.1%   316 9143s
 3056042 2920475    0.23657   37   57    0.12747    0.24481  92.1%   315 9153s
 3059361 2923813    0.22936   37   65    0.12747    0.24479  92.0%   315 9163s
 3062921 2927021    0.22720   36   68    0.12747    0.24477  92.0%   315 9173s
 3066375 2930157    0.23772   36   58    0.12747    0.24474  92.0%   315 9182s
 3069713 2933121    0.23155   38   65    0.12747    0.24472  92.0%   315 9192s
 3072844 2936284    0.24172   33   67    0.12747    0.24470  92.0%   315 9201s
 3076213 2939398    0.23943   36   69    0.12747    0.24468  92.0%   315 9211s
 3079498 2942635    0.21120   34   76    0.12747    0.24466  91.9%   315 9221s
 3082944 2945786    0.23842   35   63    0.12747    0.24464  91.9%   315 9230s
 3086279 2949083    0.22449   37   64    0.12747    0.24462  91.9%   315 9240s
 3089755 2952332    0.21474   35   70    0.12747    0.24459  91.9%   315 9250s
 3093200 2955412    0.23899   35   65    0.12747    0.24457  91.9%   315 9259s
 3096480 2958556    0.23856   36   64    0.12747    0.24455  91.9%   315 9269s
 3099828 2961613    0.22863   36   62    0.12747    0.24453  91.8%   315 9278s
 3103101 2964524     cutoff   35         0.12747    0.24451  91.8%   315 9288s
 3106210 2967711    0.24237   35   51    0.12747    0.24449  91.8%   315 9297s
 3109601 2970732    0.23346   35   61    0.12747    0.24447  91.8%   315 9307s
 3112809 2973914    0.22830   35   63    0.12747    0.24444  91.8%   315 9316s
 3116245 2977119    0.22862   36   64    0.12747    0.24442  91.8%   315 9326s
 3119650 2980290    0.22685   37   65    0.12747    0.24440  91.7%   315 9335s
 3123013 2983450    0.24386   35   63    0.12747    0.24438  91.7%   315 9343s
 3126430 2986555    0.23378   35   73    0.12747    0.24436  91.7%   315 9353s
 3129779 2989714    0.23632   37   68    0.12747    0.24433  91.7%   315 9362s
 3133120 2992932    0.23869   35   60    0.12747    0.24431  91.7%   315 9372s
 3136525 2995817    0.22987   36   66    0.12747    0.24429  91.6%   315 9381s
 3139592 2998966    0.23787   35   74    0.12747    0.24427  91.6%   315 9391s
 3142941 3002152    0.23603   35   75    0.12747    0.24425  91.6%   315 9401s
 3146389 3005343    0.24253   36   63    0.12747    0.24422  91.6%   315 9411s
 3149783 3008534    0.24302   36   64    0.12747    0.24420  91.6%   315 9421s
 3153150 3011672    0.23370   35   61    0.12747    0.24418  91.6%   315 9429s
 3156525 3014808    0.24384   36   70    0.12747    0.24416  91.5%   315 9438s
 3159886 3017697    0.23380   35   64    0.12747    0.24414  91.5%   315 9447s
 3162960 3020983     cutoff   38         0.12747    0.24412  91.5%   315 9457s
 3166459 3024027    0.23845   33   66    0.12747    0.24410  91.5%   315 9467s
 3169675 3027288    0.23703   37   57    0.12747    0.24408  91.5%   315 9477s
 3173145 3030413    0.23531   37   66    0.12747    0.24405  91.5%   315 9487s
 3176519 3033716    0.21884   37   67    0.12747    0.24403  91.4%   315 9497s
 3180104 3036717    0.23246   38   67    0.12747    0.24401  91.4%   315 9506s
 3183319 3039656    0.24353   35   58    0.12747    0.24399  91.4%   315 9515s
 3186450 3042880    0.23784   38   61    0.12747    0.24397  91.4%   315 9525s
 3189877 3045988    0.24217   37   70    0.12747    0.24394  91.4%   315 9535s
 3193235 3049111    0.23287   37   66    0.12747    0.24392  91.4%   315 9544s
 3196556 3052287    0.23525   35   69    0.12747    0.24390  91.3%   315 9554s
 3199921 3055345    0.24342   33   71    0.12747    0.24388  91.3%   315 9563s
 3203218 3058472    0.23269   37   66    0.12747    0.24386  91.3%   315 9573s
 3206550 3061760    0.22885   32   77    0.12747    0.24384  91.3%   315 9583s
 3210046 3064814    0.24300   35   71    0.12747    0.24381  91.3%   315 9593s
 3213351 3067770    0.23566   38   64    0.12747    0.24379  91.3%   315 9602s
 3216530 3071125    0.24041   35   62    0.12747    0.24377  91.2%   315 9612s
 3220119 3074264    0.23005   35   65    0.12747    0.24375  91.2%   315 9621s
 3223440 3077348     cutoff   39         0.12747    0.24373  91.2%   315 9629s
 3226749 3080465    0.22914   36   64    0.12747    0.24371  91.2%   315 9636s
 3230064 3083599    0.23833   36   60    0.12747    0.24369  91.2%   315 9643s
 3233419 3086573    0.23245   36   66    0.12747    0.24367  91.2%   315 9653s
 3236659 3089828    0.23032   38   60    0.12747    0.24365  91.1%   315 9663s
 3240095 3092945    0.23064   34   66    0.12747    0.24362  91.1%   315 9673s
 3243455 3095830    0.22429   39   63    0.12747    0.24360  91.1%   315 9682s
 3246529 3099102    0.23616   37   66    0.12747    0.24358  91.1%   315 9692s
 3250008 3102383    0.22636   38   65    0.12747    0.24356  91.1%   315 9702s
 3253509 3105701    0.23180   36   66    0.12747    0.24354  91.1%   315 9711s
 3257016 3108801    0.23283   37   65    0.12747    0.24352  91.0%   315 9721s
 3260299 3111859    0.24215   36   65    0.12747    0.24350  91.0%   315 9731s
 3263587 3114969    0.22449   35   69    0.12747    0.24348  91.0%   315 9740s
 3266876 3118195    0.22974   36   60    0.12747    0.24346  91.0%   315 9750s
 3270375 3120985    0.23399   35   67    0.12747    0.24343  91.0%   315 9759s
 3273303 3124306    0.23457   37   64    0.12747    0.24342  91.0%   315 9769s
 3276835 3127561    0.24191   36   70    0.12747    0.24339  90.9%   315 9779s
 3280277 3130796    0.24226   35   66    0.12747    0.24337  90.9%   315 9789s
 3283704 3133922    0.23611   35   68    0.12747    0.24335  90.9%   315 9799s
 3287058 3136908    0.22923   36   66    0.12747    0.24333  90.9%   315 9809s
 3290239 3140134    0.23210   36   63    0.12747    0.24331  90.9%   315 9817s
 3293662 3143292    0.24256   35   68    0.12747    0.24329  90.9%   315 9824s
 3297077 3146500    0.23482   37   62    0.12747    0.24327  90.8%   315 9835s
 3300489 3149726    0.22678   36   66    0.12747    0.24325  90.8%   315 9844s
 3303954 3152786    0.23394   37   61    0.12747    0.24323  90.8%   315 9853s
 3307192 3155907    0.23352   36   66    0.12747    0.24321  90.8%   315 9863s
 3310514 3158921    0.22827   36   65    0.12747    0.24319  90.8%   315 9873s
 3313750 3162177    0.23352   35   69    0.12747    0.24317  90.8%   315 9882s
 3317229 3165270    0.24209   37   65    0.12747    0.24315  90.8%   315 9892s
 3320513 3168372    0.22493   36   58    0.12747    0.24313  90.7%   315 9901s
 3323823 3171521    0.22692   36   68    0.12747    0.24311  90.7%   315 9911s
 3327233 3174807    0.23953   35   68    0.12747    0.24309  90.7%   315 9921s
 3330734 3177872    0.23625   38   62    0.12747    0.24306  90.7%   315 9931s
 3334028 3180974    0.23794   36   64    0.12747    0.24305  90.7%   315 9940s
 3337335 3184101    0.23463   36   64    0.12747    0.24303  90.7%   315 9950s
 3340663 3187041    0.21999   37   72    0.12747    0.24301  90.6%   314 9960s
 3343773 3190213    0.23143   37   68    0.12747    0.24299  90.6%   314 9970s
 3347160 3193333    0.24261   35   59    0.12747    0.24297  90.6%   314 9979s
 3350461 3196512    0.23760   36   62    0.12747    0.24294  90.6%   314 9989s
 3353901 3199454    0.24292   36   68    0.12747    0.24292  90.6%   314 10000s
 3357056 3202798    0.23552   37   67    0.12747    0.24290  90.6%   314 10010s
 3360638 3205622    0.23797   36   60    0.12747    0.24288  90.5%   314 10019s
 3363652 3208800    0.23241   37   55    0.12747    0.24286  90.5%   314 10029s
 3367030 3211996    0.22714   38   64    0.12747    0.24284  90.5%   314 10038s
 3370471 3215192    0.23557   36   67    0.12747    0.24282  90.5%   314 10049s
 3373865 3218244    0.23192   34   68    0.12747    0.24280  90.5%   314 10058s
 3377077 3221438    0.23351   38   65    0.12747    0.24278  90.5%   314 10069s
 3380481 3224517    0.21682   36   66    0.12747    0.24276  90.5%   314 10078s
 3383764 3227595    0.23976   37   64    0.12747    0.24275  90.4%   314 10088s
 3387052 3230566    0.24235   37   67    0.12747    0.24272  90.4%   314 10098s
 3390213 3234059    0.22923   36   60    0.12747    0.24270  90.4%   314 10109s
 3393910 3237300    0.23859   36   60    0.12747    0.24268  90.4%   314 10117s
 3397378 3240495    0.24108   37   64    0.12747    0.24266  90.4%   314 10126s
 3400808 3243643    0.24230   35   68    0.12747    0.24264  90.4%   314 10135s
 3404136 3246824    0.23203   35   65    0.12747    0.24262  90.3%   314 10145s
 3407538 3249962    0.22138   37   73    0.12747    0.24260  90.3%   314 10155s
 3410877 3253141    0.23491   36   72    0.12747    0.24258  90.3%   314 10165s
 3414284 3256197    0.24133   37   65    0.12747    0.24256  90.3%   314 10174s
 3417566 3259460    0.24251   34   57    0.12747    0.24254  90.3%   314 10184s
 3421107 3262497    0.23191   38   67    0.12747    0.24252  90.3%   314 10193s
 3424339 3265629     cutoff   35         0.12747    0.24250  90.2%   314 10203s
 3427719 3268677    0.23407   37   60    0.12747    0.24248  90.2%   314 10212s
 3430948 3271755    0.23771   35   67    0.12747    0.24246  90.2%   314 10222s
 3434223 3274892    0.23038   37   62    0.12747    0.24244  90.2%   314 10232s
 3437595 3277822    0.22389   39   66    0.12747    0.24242  90.2%   314 10241s
 3440728 3280907    0.23429   37   61    0.12747    0.24240  90.2%   314 10251s
 3444055 3284018    0.22858   37   65    0.12747    0.24238  90.2%   314 10261s
 3447378 3287241    0.23118   34   72    0.12747    0.24236  90.1%   314 10271s
 3450803 3290260    0.22276   36   62    0.12747    0.24234  90.1%   314 10281s
 3454042 3293521     cutoff   36         0.12747    0.24232  90.1%   314 10291s
 3457508 3296565    0.24198   35   70    0.12747    0.24230  90.1%   314 10301s
 3460751 3299500    0.23120   36   67    0.12747    0.24228  90.1%   314 10310s
 3463897 3302460    0.23100   36   60    0.12747    0.24227  90.1%   314 10320s
 3467087 3305749    0.22795   37   68    0.12747    0.24225  90.0%   314 10328s
 3470645 3308937    0.24056   34   68    0.12747    0.24222  90.0%   314 10337s
 3474071 3312113    0.22756   35   65    0.12747    0.24220  90.0%   314 10345s
 3477500 3315265    0.22934   36   64    0.12747    0.24218  90.0%   314 10353s
 3480878 3318580    0.23235   33   67    0.12747    0.24216  90.0%   314 10363s
 3484433 3321447    0.23825   37   66    0.12747    0.24215  90.0%   314 10370s
 3487495 3324702    0.23904   36   68    0.12747    0.24213  90.0%   314 10378s
 3490983 3327807    0.22259   36   65    0.12747    0.24211  89.9%   314 10388s
 3494294 3330984     cutoff   36         0.12747    0.24209  89.9%   314 10396s
 3497690 3334155    0.22214   37   67    0.12747    0.24206  89.9%   314 10406s
 3501063 3337261    0.23543   35   72    0.12747    0.24205  89.9%   314 10415s
 3504352 3340349     cutoff   36         0.12747    0.24202  89.9%   314 10423s
 3507634 3343681    0.23190   36   63    0.12747    0.24201  89.9%   314 10432s
 3511164 3346645    0.23455   36   63    0.12747    0.24199  89.8%   314 10441s
 3514375 3349635    0.22903   37   67    0.12747    0.24196  89.8%   314 10450s
 3517534 3352903    0.23327   35   67    0.12747    0.24195  89.8%   314 10457s
 3521030 3356066 infeasible   36         0.12747    0.24193  89.8%   314 10466s
 3524415 3359192    0.23809   35   72    0.12747    0.24191  89.8%   314 10475s
 3527756 3362280    0.22905   35   69    0.12747    0.24189  89.8%   314 10483s
 3531064 3365338    0.24084   37   61    0.12747    0.24187  89.7%   314 10490s
 3534341 3368256    0.24024   34   70    0.12747    0.24185  89.7%   314 10496s
 3537427 3371635    0.23604   36   81    0.12747    0.24183  89.7%   314 10505s
 3541016 3374424    0.22603   37   69    0.12747    0.24181  89.7%   314 10513s
 3543973 3377704    0.22721   38   66    0.12747    0.24179  89.7%   314 10522s
 3547476 3380826    0.23266   38   65    0.12747    0.24177  89.7%   314 10530s
 3550794 3383986    0.23333   36   72    0.12747    0.24175  89.7%   314 10537s
 3554174 3387084    0.23176   36   61    0.12747    0.24174  89.6%   314 10546s
 3557487 3390118    0.24170   34   80    0.12747    0.24172  89.6%   314 10556s
 3560728 3393075    0.22681   35   68    0.12747    0.24170  89.6%   314 10565s
 3563862 3396200    0.22218   36   65    0.12747    0.24168  89.6%   314 10574s
 3567222 3399301    0.23881   35   73    0.12747    0.24166  89.6%   314 10584s
 3570507 3402618    0.22047   37   67    0.12747    0.24164  89.6%   314 10593s
 3574063 3405576    0.22479   37   64    0.12747    0.24162  89.6%   314 10603s
 3577215 3408978    0.23273   36   66    0.12747    0.24160  89.5%   314 10612s
 3580832 3412124    0.23269   37   63    0.12747    0.24158  89.5%   314 10621s
 3584207 3415122    0.24104   37   66    0.12747    0.24157  89.5%   314 10630s
 3587408 3418357    0.24153   34   65    0.12747    0.24155  89.5%   314 10640s
 3590848 3421593    0.23299   36   63    0.12747    0.24153  89.5%   314 10647s
 3594291 3424724    0.22886   38   63    0.12747    0.24151  89.5%   314 10656s
 3597650 3428005    0.24149   33   69    0.12747    0.24149  89.5%   314 10666s
 3601116 3430891    0.22923   35   71    0.12747    0.24147  89.4%   314 10673s
 3604196 3434150    0.23580   35   66    0.12747    0.24145  89.4%   314 10681s
 3607696 3437372    0.23483   39   63    0.12747    0.24143  89.4%   314 10690s
 3611160 3440620    0.23499   34   64    0.12747    0.24141  89.4%   314 10699s
 3614581 3443778    0.23974   38   56    0.12747    0.24139  89.4%   314 10706s
 3617948 3446881    0.23018   35   65    0.12747    0.24138  89.4%   314 10713s
 3621301 3449938    0.22838   36   62    0.12747    0.24136  89.3%   314 10722s
 3624590 3453161    0.23328   38   56    0.12747    0.24134  89.3%   314 10732s
 3628060 3456156    0.22764   37   69    0.12747    0.24132  89.3%   314 10741s
 3631306 3459430    0.23481   36   70    0.12747    0.24130  89.3%   314 10751s
 3634820 3462605    0.22860   36   62    0.12747    0.24128  89.3%   314 10761s
 3638230 3465634    0.22519   37   65    0.12747    0.24126  89.3%   314 10771s
 3641482 3468898    0.24039   35   81    0.12747    0.24124  89.3%   314 10780s
 3645007 3472187    0.22886   34   72    0.12747    0.24123  89.2%   314 10790s
 3648547 3475222    0.23653   37   56    0.12747    0.24121  89.2%   314 10799s
 3651796 3475351    0.22811   38   67    0.12747    0.24119  89.2%   314 10800s

Cutting planes:
  Gomory: 11
  Lift-and-project: 6
  Implied bound: 1
  Projected implied bound: 17
  MIR: 131
  Mixing: 4
  Flow cover: 524
  RLT: 505
  Relax-and-lift: 60

Explored 3651933 nodes (1144881268 simplex iterations) in 10800.03 seconds (16912.92 work units)
Thread count was 32 (of 255 available processors)

Solution count 10: 0.127467 0.127467 0.127467 ... 0.127251

Time limit reached
Best objective 1.274669972038e-01, best bound 2.411853589882e-01, gap 89.2140%

User-callback calls 7711315, time in user-callback 3.17 sec
source: 0 target: 7 model_arch: 3x50 perturbation type: occ perturbation size: [0, 3.0, 3.0, 5.0] dataset: mnist
Attack:   0%|          | 0/500 [00:00<?, ?it/s]Attack:   0%|          | 1/500 [00:00<01:12,  6.85it/s]Attack:   6%|▌         | 31/500 [00:00<00:03, 151.44it/s]Attack:  12%|█▏        | 62/500 [00:00<00:02, 216.02it/s]Attack:  19%|█▉        | 94/500 [00:00<00:01, 252.07it/s]Attack:  25%|██▌       | 126/500 [00:00<00:01, 273.94it/s]Attack:  32%|███▏      | 159/500 [00:00<00:01, 289.81it/s]Attack:  38%|███▊      | 191/500 [00:00<00:01, 298.81it/s]Attack:  44%|████▍     | 222/500 [00:00<00:00, 301.37it/s]Attack:  51%|█████     | 253/500 [00:00<00:00, 302.17it/s]Attack:  57%|█████▋    | 284/500 [00:01<00:00, 301.38it/s]Attack:  63%|██████▎   | 315/500 [00:01<00:00, 302.43it/s]Attack:  69%|██████▉   | 346/500 [00:01<00:00, 304.56it/s]Attack:  76%|███████▌  | 378/500 [00:01<00:00, 308.91it/s]Attack:  82%|████████▏ | 410/500 [00:01<00:00, 311.75it/s]Attack:  88%|████████▊ | 442/500 [00:01<00:00, 310.93it/s]Attack:  95%|█████████▌| 475/500 [00:01<00:00, 314.41it/s]Attack: 100%|█████████▉| 499/500 [00:01<00:00, 287.21it/s]
best_val 0.011229276657104492
Set parameter WLSAccessID
Set parameter WLSSecret
Set parameter LicenseID to value 2478548
Academic license 2478548 - for non-commercial use only - registered to ne___@campus.technion.ac.il
Encoding the two copies...
apply_sibgate_constraints!: emitted 11 coupling lines (both-thin), 0 conditional triangles on org (org-dropped), 0 conditional triangles on pert (pert-dropped).
Encoding dependencies (activation_start=1, layers_offset=2)...
apply_n1_var_hints!: mode=VH_PREV_PGD, Start-consensus on 148 of 148 N2 binaries (pgd-silent-filled=78, pgd-agreed-nop=64, pgd-disagreed-withdrew=6, flipped=2, no-N1-match=0, Tech2-eliminated-but-survived=0)
0.1274669972037611  0.2411853589881795  10800.079998016357
Clean sample classification: 1
Perturbed sample classification: 1

══ Advanced-standard: loading N1 state from /root/Downloads/for_dana/vaghar_org/paper_experiments/mnist/3x50_exp/occ/eps_3,3,5/n1_state_3x50_19 (c_tag=1, c_target=8) ══
load_n1_state: loaded from /root/Downloads/for_dana/vaghar_org/paper_experiments/mnist/3x50_exp/occ/eps_3,3,5/n1_state_3x50_19 (c_tag=1, c_target=8, 1910 vars, 170 neurons, 0 basis)

══ Advanced-standard PASS 2: solving N2 with N1 info (c_tag=1, c_target=8) ══
set_n1_neuron_bounds: loaded 170 neuron bounds from N1
compute_n2_pert_relaxation_bounds: populated 2 ReLU layers
compute_n2_relax_decision!: τ=0.5, both=13 org-only=0 pert-only=0 none=74 (plus 13 stable neurons)
[notice | Main.MIPVerify]: Determining upper and lower bounds for the input to each non-linear unit.
Set parameter WLSAccessID
Set parameter WLSSecret
Set parameter LicenseID to value 2478548
Academic license 2478548 - for non-commercial use only - registered to ne___@campus.technion.ac.il
Set parameter TimeLimit to value 5
Set parameter TimeLimit to value 5
Set parameter WLSAccessID
Set parameter WLSSecret
Set parameter LicenseID to value 2478548
Academic license 2478548 - for non-commercial use only - registered to ne___@campus.technion.ac.il
Set parameter MIPFocus to value 3
Set parameter Cutoff to value 1.1229276657104492e-02
Set parameter Threads to value 32
Set parameter TimeLimit to value 10800
Set parameter MIPGap to value 0.01
Set parameter Seed to value 4
Set parameter Seed to value 4
Set parameter MIPGap to value 0.01
Set parameter MIPFocus to value 3
Set parameter Cutoff to value 1.1229276657104492e-02
Set parameter Threads to value 32
Set parameter TimeLimit to value 10800
Warning for adding constraints: zero or small (< 1e-13) coefficients, ignored
Gurobi Optimizer version 13.0.0 build v13.0.0rc1 (linux64 - "Ubuntu 20.04.2 LTS")

CPU model: AMD EPYC 7713 64-Core Processor, instruction set [SSE2|AVX|AVX2]
Thread count: 127 physical cores, 255 logical processors, using up to 32 threads

Non-default parameters:
Cutoff  1.1229276657104492e-02
TimeLimit  10800
MIPGap  0.01
MIPFocus  3
Seed  4
Threads  32

Academic license 2478548 - for non-commercial use only - registered to ne___@campus.technion.ac.il
Optimize a model with 1644 rows, 1892 columns and 158218 nonzeros (Max)
Model fingerprint: 0x37e49e71
Model has 1 linear objective coefficients
Variable types: 1744 continuous, 148 integer (148 binary)
Coefficient statistics:
  Matrix range     [1e-13, 4e+01]
  Objective range  [1e+00, 1e+00]
  Bounds range     [2e-09, 4e+01]
  RHS range        [4e-13, 3e+01]

User MIP start produced solution with objective 0.0282679 (0.65s)
User MIP start produced solution with objective 0.028268 (1.66s)
User MIP start produced solution with objective 0.0305103 (1.66s)
User MIP start produced solution with objective 0.132467 (1.78s)
User MIP start produced solution with objective 0.140977 (1.97s)
User MIP start produced solution with objective 0.144333 (1.97s)
User MIP start produced solution with objective 0.144995 (1.97s)
User MIP start produced solution with objective 0.146949 (2.04s)
User MIP start produced solution with objective 0.14919 (2.07s)
User MIP start produced solution with objective 0.149348 (2.07s)
User MIP start produced solution with objective 0.149348 (2.08s)
Loaded user MIP start with objective 0.149348
Processed MIP start in 2.08 seconds (2.39 work units)

Presolve removed 988 rows and 791 columns
Presolve time: 0.30s
Presolved: 656 rows, 1101 columns, 121148 nonzeros
Variable types: 953 continuous, 148 integer (148 binary)
Root relaxation presolve removed 11 rows and 10 columns
Root relaxation presolved: 645 rows, 1091 columns, 120033 nonzeros

Warning: Markowitz tolerance tightened to 0.03125

Extra simplex iterations after uncrush: 18

Root relaxation: objective 7.556675e-01, 1555 iterations, 0.29 seconds (0.30 work units)

    Nodes    |    Current Node    |     Objective Bounds      |     Work
 Expl Unexpl |  Obj  Depth IntInf | Incumbent    BestBd   Gap | It/Node Time

     0     0    0.75567    0   78    0.14935    0.75567   406%     -    2s
     0     0    0.75025    0   78    0.14935    0.75025   402%     -    3s
     0     0    0.75025    0   78    0.14935    0.75025   402%     -    3s
     0     0    0.72507    0   79    0.14935    0.72507   385%     -    4s
     0     0    0.72507    0   79    0.14935    0.72507   385%     -    4s
     0     0    0.71737    0   83    0.14935    0.71737   380%     -    5s
     0     0    0.69428    0   85    0.14935    0.69428   365%     -    5s
     0     0    0.69428    0   83    0.14935    0.69428   365%     -    5s
     0     0    0.68836    0   84    0.14935    0.68836   361%     -    5s
     0     0    0.67971    0   84    0.14935    0.67971   355%     -    6s
     0     0    0.67971    0   84    0.14935    0.67971   355%     -    6s
     0     0    0.67660    0   84    0.14935    0.67660   353%     -    7s
     0     0    0.67660    0   84    0.14935    0.67660   353%     -    7s
     0     2    0.67660    0   84    0.14935    0.67660   353%     -    8s
    31    64    0.67660    5   78    0.14935    0.67660   353%   804   10s
H  234   265                       0.1493483    0.65767   340%   546   13s
   342   421    0.63428    9   70    0.14935    0.64667   333%   496   15s
H  347   421                       0.1510912    0.64612   328%   492   15s
  1093  1181    0.59501    9   74    0.15109    0.63248   319%   375   20s
  1463  1539    0.61255   12   70    0.15109    0.62892   316%   357   25s
H 1668  1713                       0.1512349    0.62712   315%   349   29s
  1915  2006    0.62568   10   75    0.15123    0.62595   314%   333   30s
  3033  3020    0.58244   10   84    0.15123    0.62281   312%   287   57s
  3037  3023    0.55559   21   84    0.15123    0.62281   312%   286   60s
  3041  3025    0.59508   15   86    0.15123    0.62281   312%   286   67s
  3049  3040    0.62281   18   80    0.15123    0.62281   312%   290   70s
  3267  3217    0.62281   25   75    0.15123    0.62281   312%   304   75s
  3435  3332    0.62281   25   77    0.15123    0.62281   312%   319   81s
  3546  3446    0.58076   26   67    0.15123    0.62281   312%   327   85s
  3792  3584    0.57513   25   75    0.15123    0.62281   312%   345   92s
H 3848  3413                       0.1592359    0.62281   291%   348   92s
  4217  3789    0.61032   26   76    0.15924    0.62281   291%   364   95s
  5029  4232    0.61057   25   78    0.15924    0.61262   285%   385  103s
  5061  4263    0.54363   26   77    0.15924    0.61053   283%   387  105s
  5144  4320    0.59765   26   75    0.15924    0.60757   282%   390  110s
H 5215  4190                       0.1592359    0.60367   279%   393  112s
H 5268  4093                       0.1592359    0.60211   278%   395  114s
  5283  4194    0.57195   27   77    0.15924    0.60196   278%   396  116s
  5744  4596    0.57095   27   73    0.15924    0.59760   275%   403  120s
H 6106  4577                       0.1648802    0.59524   261%   404  122s
  6471  5078    0.56038   27   71    0.16488    0.59274   259%   407  125s
  7805  5980    0.57341   27   72    0.16488    0.58576   255%   410  131s
  8883  6776    0.55522   27   67    0.16488    0.58093   252%   412  136s
H 9451  6802                       0.1671848    0.57875   246%   412  138s
 10127  7567    0.56988   25   73    0.16718    0.57687   245%   410  141s
 11099  8492    0.56713   28   76    0.16718    0.57270   243%   409  145s
 12517  9959    0.54978   28   76    0.16718    0.56781   240%   412  151s
 13320 10841    0.56066   27   63    0.16718    0.56531   238%   412  156s
 14547 12022    0.55934   25   76    0.16718    0.56136   236%   412  162s
 15897 13561    0.53796   29   71    0.16718    0.55729   233%   411  167s
 16652 14329    0.55465   26   76    0.16718    0.55507   232%   410  170s
 18214 15910    0.54719   28   75    0.16718    0.55113   230%   409  177s
 19027 16362    0.53238   25   78    0.16718    0.54886   228%   408  181s
H19122 16362                       0.1671848    0.54835   228%   408  181s
H20082 17158                       0.1671848    0.54684   227%   407  184s
 20285 18017    0.53774   29   74    0.16718    0.54649   227%   407  188s
 21154 18935    0.51101   30   70    0.16718    0.54441   226%   406  192s
 22084 19861    0.52816   29   62    0.16718    0.54273   225%   405  196s
 24063 22096    0.53721   26   67    0.16718    0.53849   222%   404  203s
 25295 23303    0.51070   26   60    0.16718    0.53621   221%   401  207s
 26528 24503    0.53090   30   71    0.16718    0.53469   220%   397  211s
 27738 24535    0.51712   27   76    0.16718    0.53269   219%   396  217s
 27770 24567    0.51564   27   74    0.16718    0.53168   218%   396  222s
 27802 24599    0.52251   31   71    0.16718    0.53125   218%   397  229s
 27834 24631    0.51873   29   73    0.16718    0.53086   218%   397  235s
H27850 24631                       0.1671848    0.53070   217%   397  235s
 27866 24733    0.50381   30   63    0.16718    0.53052   217%   397  245s
 27968 24854    0.53022   29   73    0.16718    0.53024   217%   397  257s
H27982 24854                       0.1671848    0.53010   217%   397  257s
 28091 24979    0.50898   30   73    0.16718    0.52989   217%   397  263s
H28092 24978                       0.2150850    0.52989   146%   397  263s
 28220 26198    0.50925   32   50    0.21508    0.52934   146%   398  268s
 29462 27903    0.49669   28   58    0.21508    0.52804   146%   398  274s
 31195 29286    0.49271   30   72    0.21508    0.52612   145%   397  279s
 32623 30640    0.50934   28   69    0.21508    0.52464   144%   395  283s
 34032 31811    0.50703   34   66    0.21508    0.52322   143%   392  287s
 35244 33262    0.49437   25   76    0.21508    0.52170   143%   391  291s
 36712 34634    0.48519   30   71    0.21508    0.52002   142%   389  295s
 38116 36179    0.51851   29   71    0.21508    0.51851   141%   388  302s
 39723 37688    0.51272   26   57    0.21508    0.51700   140%   386  306s
 41282 37720    0.47679   31   68    0.21508    0.51573   140%   384  315s
H41297 37719                       0.2213691    0.51537   133%   384  315s
 41314 37751    0.51319   30   76    0.22137    0.51512   133%   384  321s
H41320 37751                       0.2213691    0.51508   133%   384  321s
H41338 37751                       0.2213696    0.51498   133%   385  321s
 41346 38019    0.51099   30   72    0.22137    0.51488   133%   385  325s
H41350 38017                       0.2242845    0.51486   130%   385  325s
 43348 41418    0.50145   32   67    0.22428    0.51328   129%   383  334s
 45118 43326    0.49342   30   53    0.22428    0.51173   128%   382  340s
 47082 45156    0.49231   31   51    0.22428    0.50993   127%   380  345s
 48946 47177    0.45341   31   74    0.22428    0.50841   127%   378  351s
 51010 49120    0.48296   27   80    0.22428    0.50699   126%   377  358s
 52999 51230    0.50427   30   69    0.22428    0.50560   125%   376  364s
 55160 53447    0.50339   31   72    0.22428    0.50403   125%   375  371s
 57437 55856    0.49062   31   68    0.22428    0.50260   124%   373  377s
 59925 59243    0.48427   32   70    0.22428    0.50128   124%   371  390s
 63412 61753    0.46768   28   66    0.22428    0.49942   123%   370  397s
 65981 64306    0.48134   33   57    0.22428    0.49792   122%   368  405s
 68658 64338    0.48793   28   73    0.22428    0.49649   121%   367  416s
H68660 64338                       0.2242845    0.49643   121%   367  416s
H68661 64338                       0.2244470    0.49642   121%   367  416s
 68690 67058    0.48279   31   55    0.22445    0.49620   121%   367  424s
 71484 69916    0.47504   29   69    0.22445    0.49529   121%   365  433s
 74436 72782    0.48513   31   77    0.22445    0.49414   120%   364  441s
 77427 75886    0.48432   31   65    0.22445    0.49289   120%   362  450s
 80657 78738    0.47335   33   66    0.22445    0.49176   119%   361  460s
 83589 81996    0.47294   31   71    0.22445    0.49062   119%   359  469s
 86943 85312    0.35531   33   56    0.22445    0.48952   118%   358  478s
 90449 89787    0.48795   29   75    0.22445    0.48837   118%   357  491s
 95068 92867    0.47609   29   75    0.22445    0.48689   117%   355  500s
 98230 96007    0.47348   30   72    0.22445    0.48596   117%   354  509s
 101492 99295    0.48440   30   68    0.22445    0.48496   116%   354  518s
 104867 102437    0.47138   33   73    0.22445    0.48392   116%   353  527s
 108141 105568    0.47592   34   65    0.22445    0.48299   115%   352  537s
 111364 108587    0.47881   30   50    0.22445    0.48205   115%   351  550s
 114492 111851    0.47039   32   70    0.22445    0.48099   114%   350  560s
 117888 115215    0.47869   33   67    0.22445    0.48007   114%   350  569s
H121382 115931                       0.2266827    0.47925   111%   349  585s
 122126 129554    0.46311   33   64    0.22668    0.47892   111%   349  641s
H122646 129554                       0.2266828    0.47892   111%   348  641s
H124835 129554                       0.2266836    0.47888   111%   348  641s
H129652 129553                       0.2268846    0.47882   111%   346  641s
 136245 133715    0.46058   30   73    0.22688    0.47871   111%   345  654s
 140607 137899    0.44868   31   70    0.22688    0.47485   109%   344  666s
 144934 141632    0.46160   29   71    0.22688    0.47376   109%   343  676s
 148743 145257    0.45052   31   60    0.22688    0.47289   108%   342  686s
 152482 149403    0.46630   35   63    0.22688    0.47202   108%   341  697s
 156815 152176    0.45976   31   73    0.22688    0.47112   108%   340  706s
 159714 155485    0.45912   33   55    0.22688    0.47051   107%   339  714s
 163124 158871    0.46916   30   52    0.22688    0.46983   107%   339  721s
 166635 162236    0.45369   34   71    0.22688    0.46908   107%   338  730s
 170120 165571    0.45198   31   73    0.22688    0.46841   106%   337  739s
 173594 168878    0.46708   31   65    0.22688    0.46778   106%   337  748s
 177006 172105    0.44764   28   73    0.22688    0.46714   106%   336  757s
 180369 175208    0.46397   31   65    0.22688    0.46650   106%   335  766s
 183556 179359    0.44735   31   69    0.22688    0.46594   105%   335  777s
 187879 179391    0.45350   30   73    0.22688    0.46525   105%   334  789s
H187883 179391                       0.2268846    0.46520   105%   334  789s
H187892 179391                       0.2268856    0.46514   105%   334  789s
 187911 182299    0.45837   29   71    0.22689    0.46509   105%   334  798s
 190934 185807    0.46161   27   71    0.22689    0.46471   105%   334  805s
 194544 189150    0.46132   33   69    0.22689    0.46417   105%   333  812s
 197991 192521    0.44428   34   49    0.22689    0.46363   104%   333  818s
 201523 195884    0.45494   30   69    0.22689    0.46312   104%   332  827s
 205025 199110    0.45611   33   52    0.22689    0.46259   104%   331  836s
 208365 201819    0.44723   35   61    0.22689    0.46214   104%   331  845s
 211143 205332    0.40099   36   58    0.22689    0.46181   104%   330  853s
 214789 209646    0.45065   28   74    0.22689    0.46136   103%   330  864s
 219215 212725    0.45418   34   67    0.22689    0.46080   103%   329  872s
 222395 215576    0.44101   35   67    0.22689    0.46043   103%   328  880s
 225352 218903    0.44877   33   66    0.22689    0.46010   103%   328  889s
 228814 222233    0.45681   35   57    0.22689    0.45972   103%   328  898s
 232265 225492    0.44938   33   64    0.22689    0.45932   102%   327  906s
 235646 228535    0.44219   33   70    0.22689    0.45895   102%   327  914s
 238842 231647    0.45103   34   65    0.22689    0.45863   102%   326  923s
 242054 234873    0.44323   35   62    0.22689    0.45825   102%   326  931s
 245435 238622    0.45182   34   72    0.22689    0.45793   102%   325  941s
 249316 242221    0.43516   37   63    0.22689    0.45748   102%   325  950s
 253047 245400    0.43993   35   65    0.22689    0.45708   101%   324  959s
 256390 245432    0.43798   36   63    0.22689    0.45677   101%   324  972s
H256395 245432                       0.2268856    0.45676   101%   324  972s
H256409 245432                       0.2268864    0.45672   101%   324  972s
 256422 248192    0.45209   34   71    0.22689    0.45670   101%   324  981s
 259321 251544    0.45325   30   72    0.22689    0.45648   101%   324  990s
 262882 254838    0.44542   36   61    0.22689    0.45612   101%   323  999s
 266329 257961    0.44265   32   63    0.22689    0.45581   101%   323 1007s
 269552 261206    0.44939   35   70    0.22689    0.45549   101%   323 1016s
 272980 264440    0.43004   31   62    0.22689    0.45517   101%   322 1025s
 276376 268325    0.45485   29   68    0.22689    0.45487   100%   322 1037s
 280442 271638    0.43233   33   68    0.22689    0.45452   100%   322 1046s
 283894 274780    0.43927   32   68    0.22689    0.45418   100%   321 1054s
 287171 277832    0.43897   36   56    0.22689    0.45391   100%   321 1064s
 290391 281036    0.44346   37   70    0.22689    0.45362   100%   321 1073s
 293739 284169    0.44212   32   62    0.22689    0.45335   100%   320 1081s
 297010 287252    0.44499   36   59    0.22689    0.45310   100%   320 1090s
 300215 290448    0.44791   32   61    0.22689    0.45279   100%   320 1098s
 303582 293460    0.43029   38   65    0.22689    0.45249  99.4%   319 1108s
 306729 297443    0.43831   30   73    0.22689    0.45219  99.3%   319 1118s
 310914 300169    0.43207   32   54    0.22689    0.45187  99.2%   319 1126s
 313776 303494    0.43007   34   68    0.22689    0.45164  99.1%   319 1135s
 317251 306765    0.44304   33   74    0.22689    0.45134  98.9%   318 1144s
 320703 309848    0.44089   35   67    0.22689    0.45104  98.8%   318 1151s
 323949 312875    0.43138   31   73    0.22689    0.45077  98.7%   318 1158s
H327106 312906                       0.2268864    0.45053  98.6%   317 1172s
H327115 312906                       0.2268865    0.45049  98.6%   317 1172s
H327130 312906                       0.2268865    0.45047  98.5%   317 1172s
 327139 315846    0.44939   31   71    0.22689    0.45046  98.5%   317 1181s
 330204 319370    0.42187   34   54    0.22689    0.45025  98.4%   317 1190s
 333920 322475    0.42920   34   61    0.22689    0.44996  98.3%   317 1199s
 337151 326506    0.42838   34   63    0.22689    0.44975  98.2%   316 1209s
 341349 329650    0.43997   35   66    0.22689    0.44943  98.1%   316 1217s
 344668 332412    0.43470   29   73    0.22689    0.44910  97.9%   316 1225s
 347557 335682    0.40394   36   69    0.22689    0.44891  97.9%   316 1234s
 350966 338878    0.43466   36   52    0.22689    0.44864  97.7%   315 1242s
 354315 342023    0.44299   33   68    0.22689    0.44839  97.6%   315 1251s
 357592 345081    0.43103   32   65    0.22689    0.44814  97.5%   315 1259s
 360764 348299    0.43168   31   69    0.22689    0.44794  97.4%   315 1268s
 364132 351331    0.43685   36   69    0.22689    0.44773  97.3%   315 1277s
 367325 355145    0.43433   36   65    0.22689    0.44747  97.2%   314 1287s
 371290 358427    0.43100   36   67    0.22689    0.44716  97.1%   314 1295s
 374735 361380    0.42803   31   61    0.22689    0.44691  97.0%   314 1304s
 377831 364552    0.42779   38   65    0.22689    0.44670  96.9%   314 1312s
 381149 367917    0.42436   33   55    0.22689    0.44644  96.8%   314 1321s
 384660 371018    0.40159   34   61    0.22689    0.44619  96.7%   313 1329s
 387908 374173    0.42378   33   65    0.22689    0.44593  96.5%   313 1338s
 391264 377398    0.42832   37   66    0.22689    0.44566  96.4%   313 1346s
 394636 380583    0.42907   35   66    0.22689    0.44547  96.3%   313 1355s
 397966 384329    0.43370   37   48    0.22689    0.44523  96.2%   312 1364s
 401932 384361    0.42186   35   61    0.22689    0.44497  96.1%   312 1377s
H401937 384361                       0.2268865    0.44494  96.1%   312 1377s
H401962 384361                       0.2268865    0.44491  96.1%   312 1377s
 401964 386915    0.43239   35   69    0.22689    0.44491  96.1%   312 1386s
 404656 390482    0.43280   33   67    0.22689    0.44475  96.0%   312 1398s
 408409 393851    0.44027   31   73    0.22689    0.44451  95.9%   312 1407s
 411973 397061    0.44068   32   69    0.22689    0.44427  95.8%   312 1415s
 415350 400318    0.43029   34   64    0.22689    0.44405  95.7%   311 1424s
 418762 403443    0.44036   31   63    0.22689    0.44381  95.6%   311 1433s
 422095 406844    0.44335   32   74    0.22689    0.44360  95.5%   311 1442s
 425674 409912    0.43552   34   68    0.22689    0.44338  95.4%   311 1451s
 428875 413634    0.43275   38   63    0.22689    0.44318  95.3%   311 1461s
 432796 416900    0.43720   34   65    0.22689    0.44294  95.2%   310 1468s
 436238 420089    0.42287   30   73    0.22689    0.44270  95.1%   310 1474s
 439619 423136    0.42509   35   62    0.22689    0.44251  95.0%   310 1481s
 442801 426287    0.44029   34   69    0.22689    0.44228  94.9%   310 1489s
 446108 429625    0.43064   35   61    0.22689    0.44208  94.8%   310 1498s
 449582 432489    0.43122   35   61    0.22689    0.44184  94.7%   309 1507s
 452580 435713    0.43132   33   63    0.22689    0.44163  94.6%   309 1515s
 455972 438921    0.42204   34   64    0.22689    0.44143  94.6%   309 1523s
 459353 442814    0.41192   33   66    0.22689    0.44122  94.5%   309 1533s
 463466 445886    0.42475   34   66    0.22689    0.44096  94.4%   309 1541s
 466694 448879    0.41553   33   58    0.22689    0.44074  94.3%   308 1549s
 469863 451850    0.43042   37   63    0.22689    0.44055  94.2%   308 1557s
 472991 451882    0.43880   30   71    0.22689    0.44037  94.1%   308 1569s
H472999 451882                       0.2268865    0.44036  94.1%   308 1569s
H473010 451882                       0.2268865    0.44034  94.1%   308 1569s
 473023 453493    0.42630   33   66    0.22689    0.44033  94.1%   308 1577s
H474528 453493                       0.2268865    0.44031  94.1%   308 1578s
 474740 456977    0.40487   36   50    0.22689    0.44023  94.0%   308 1587s
 478389 460344    0.42198   34   51    0.22689    0.44005  93.9%   308 1595s
 481918 463560    0.42546   35   70    0.22689    0.43984  93.9%   308 1605s
 485351 466972    0.42219   37   64    0.22689    0.43963  93.8%   307 1614s
 488944 470567    0.41485   32   70    0.22689    0.43943  93.7%   307 1624s
 492710 473985    0.41426   38   66    0.22689    0.43922  93.6%   307 1631s
 496318 477256    0.43432   36   68    0.22689    0.43899  93.5%   307 1639s
 499765 480449    0.43841   34   65    0.22689    0.43879  93.4%   307 1647s
 503142 483567    0.41776   35   67    0.22689    0.43859  93.3%   306 1655s
 506459 486616    0.42301   35   67    0.22689    0.43841  93.2%   306 1664s
 509698 489772    0.43250   38   66    0.22689    0.43822  93.1%   306 1672s
 513019 492846    0.43742   37   59    0.22689    0.43803  93.1%   306 1680s
 516286 495961    0.42633   37   61    0.22689    0.43785  93.0%   306 1688s
 519653 499704    0.30472   36   64    0.22689    0.43767  92.9%   306 1698s
 523598 502751    0.42015   33   68    0.22689    0.43748  92.8%   305 1707s
 526792 505834    0.42740   31   50    0.22689    0.43728  92.7%   305 1716s
 530047 508787    0.43223   33   67    0.22689    0.43712  92.7%   305 1724s
 533143 512152    0.42535   36   67    0.22689    0.43694  92.6%   305 1733s
 536670 515311    0.43312   35   62    0.22689    0.43675  92.5%   305 1741s
 540044 518369    0.41254   34   70    0.22689    0.43657  92.4%   305 1750s
 543220 521666    0.41674   32   55    0.22689    0.43640  92.3%   305 1758s
 546758 524850    0.42418   37   61    0.22689    0.43623  92.3%   304 1764s
 550135 524880    0.42217   32   68    0.22689    0.43606  92.2%   304 1772s
H550142 524880                       0.2268865    0.43604  92.2%   304 1772s
 550169 537008    0.41944   36   72    0.22689    0.43602  92.2%   304 1805s
 563109 540450    0.42360   37   67    0.22689    0.43540  91.9%   304 1814s
 566733 543670    0.43031   31   62    0.22689    0.43527  91.8%   304 1823s
 570105 546603    0.42353   33   71    0.22689    0.43510  91.8%   303 1831s
 573194 549928    0.43089   33   69    0.22689    0.43495  91.7%   303 1839s
 576717 553054    0.42048   37   68    0.22689    0.43478  91.6%   303 1848s
 580032 556641    0.42511   34   60    0.22689    0.43459  91.5%   303 1858s
 583931 559760    0.42168   38   62    0.22689    0.43440  91.5%   303 1866s
 587214 562654    0.42161   35   65    0.22689    0.43423  91.4%   303 1875s
 590295 565877    0.42344   30   68    0.22689    0.43409  91.3%   303 1884s
 593735 569069    0.42235   35   65    0.22689    0.43393  91.3%   303 1892s
 597126 572305     cutoff   40         0.22689    0.43374  91.2%   303 1901s
 600569 575425    0.41007   35   72    0.22689    0.43360  91.1%   302 1909s
 603899 578526    0.41507   38   64    0.22689    0.43343  91.0%   302 1917s
 607181 581449    0.42999   31   67    0.22689    0.43326  91.0%   302 1926s
 610224 584167    0.42323   32   46    0.22689    0.43314  90.9%   302 1939s
H611819 584167                       0.2268865    0.43310  90.9%   302 1939s
H611934 584167                       0.2268865    0.43310  90.9%   302 1939s
H612541 584167                       0.2268866    0.43309  90.9%   302 1939s
 613111 584197    0.41164   38   59    0.22689    0.43309  90.9%   302 1954s
 613145 584228    0.41145   36   70    0.22689    0.43302  90.9%   302 1970s
H613150 584228                       0.2268866    0.43301  90.9%   302 1970s
H613162 584228                       0.2268866    0.43300  90.8%   302 1970s
 613178 585022    0.40382   37   62    0.22689    0.43298  90.8%   302 1983s
H613866 585022                       0.2268866    0.43296  90.8%   302 1984s
 614035 586705    0.43184   33   75    0.22689    0.43294  90.8%   302 2002s
 615822 587746    0.42196   35   45    0.22689    0.43290  90.8%   302 2025s
H616295 587746                       0.2268866    0.43289  90.8%   302 2025s
H616697 587746                       0.2268866    0.43288  90.8%   302 2025s
 616959 590079    0.42031   37   67    0.22689    0.43288  90.8%   302 2050s
H617791 590059                       0.2273597    0.43286  90.4%   302 2050s
 619402 596473    0.42935   33   54    0.22736    0.43285  90.4%   302 2077s
H619866 596473                       0.2273597    0.43284  90.4%   302 2077s
H621571 596461                       0.2276656    0.43284  90.1%   302 2077s
H623885 596425                       0.2289332    0.43282  89.1%   302 2077s
 626167 603320    0.41501   34   69    0.22893    0.43238  88.9%   301 2092s
 633469 608129    0.41503   35   66    0.22893    0.43202  88.7%   301 2103s
 638497 612522    0.42103   34   66    0.22893    0.43177  88.6%   301 2114s
H643163 612457                       0.2323174    0.43155  85.8%   301 2129s
H643171 612417                       0.2335176    0.43153  84.8%   301 2129s
H643173 612324                       0.2366321    0.43153  82.4%   301 2129s
H643184 612271                       0.2383253    0.43153  81.1%   301 2129s
 643200 623444    0.42988   30   69    0.23833    0.43152  81.1%   301 2165s
 655005 626520    0.41792   36   63    0.23833    0.43098  80.8%   301 2174s
 658243 629520    0.42881   36   65    0.23833    0.43085  80.8%   301 2183s
 661389 632742    0.41866   36   64    0.23833    0.43070  80.7%   301 2192s
 664806 636081    0.35761   36   64    0.23833    0.43052  80.6%   301 2201s
 668330 639054    0.41708   29   74    0.23833    0.43036  80.6%   301 2210s
 671473 642380    0.40646   36   69    0.23833    0.43022  80.5%   301 2218s
 674988 646000    0.39938   36   48    0.23833    0.43008  80.5%   300 2229s
 678803 646521    0.39624   36   71    0.23833    0.42990  80.4%   300 2240s
H678809 646521                       0.2383253    0.42989  80.4%   300 2240s
H678844 646516                       0.2384479    0.42989  80.3%   300 2240s
H678892 646516                       0.2384479    0.42988  80.3%   300 2241s
H678941 646481                       0.2395325    0.42988  79.5%   300 2241s
H679067 646434                       0.2410498    0.42988  78.3%   300 2241s
 679347 650204    0.41670   32   66    0.24105    0.42987  78.3%   300 2251s
 683356 653881    0.42120   34   60    0.24105    0.42969  78.3%   300 2261s
 687268 657260    0.40921   35   64    0.24105    0.42952  78.2%   300 2272s
 690865 660722    0.40659   35   67    0.24105    0.42934  78.1%   300 2281s
 694555 663900    0.40946   40   51    0.24105    0.42915  78.0%   300 2290s
 697949 667215    0.41099   33   71    0.24105    0.42901  78.0%   300 2298s
 701457 670356    0.42081   35   65    0.24105    0.42884  77.9%   300 2307s
 704756 673928    0.41439   35   68    0.24105    0.42870  77.8%   300 2319s
 708543 677060    0.42456   36   64    0.24105    0.42853  77.8%   300 2328s
 711892 680215    0.42762   35   67    0.24105    0.42841  77.7%   300 2336s
 715237 683313    0.41635   33   59    0.24105    0.42827  77.7%   300 2345s
 718536 686560    0.41279   35   66    0.24105    0.42816  77.6%   300 2354s
 722011 689758    0.40934   33   70    0.24105    0.42802  77.6%   300 2363s
 725427 692604    0.41714   35   71    0.24105    0.42790  77.5%   299 2372s
 728434 692901    0.41479   38   60    0.24105    0.42779  77.5%   299 2383s
H728437 692901                       0.2410498    0.42778  77.5%   299 2383s
H728439 692852                       0.2422678    0.42778  76.6%   299 2383s
 728743 696045    0.40606   35   68    0.24227    0.42776  76.6%   299 2390s
 732108 699482    0.42686   33   67    0.24227    0.42766  76.5%   299 2397s
 735786 703108    0.40587   34   67    0.24227    0.42751  76.5%   299 2404s
 739650 706152    0.42248   35   67    0.24227    0.42736  76.4%   299 2410s
 742898 709255    0.40647   38   64    0.24227    0.42724  76.4%   299 2416s
 746233 712444    0.41117   33   67    0.24227    0.42711  76.3%   299 2422s
 749604 715504    0.39890   36   67    0.24227    0.42699  76.2%   299 2428s
 752887 718620    0.41398   37   67    0.24227    0.42688  76.2%   299 2435s
 756201 721789    0.41731   38   64    0.24227    0.42676  76.2%   299 2441s
 759605 724799    0.42654   37   68    0.24227    0.42663  76.1%   299 2448s
 762796 727920    0.41622   38   64    0.24227    0.42651  76.0%   299 2454s
 766127 731568    0.40185   29   75    0.24227    0.42640  76.0%   299 2462s
 769997 734593    0.31152   40   54    0.24227    0.42626  75.9%   299 2468s
 773206 737461    0.42403   30   71    0.24227    0.42613  75.9%   299 2474s
 776230 740704    0.40833   33   68    0.24227    0.42601  75.8%   298 2480s
 779644 743708    0.40642   36   61    0.24227    0.42590  75.8%   298 2487s
 782842 746926    0.41386   38   64    0.24227    0.42578  75.7%   298 2493s
 786286 747602    0.40520   39   66    0.24227    0.42564  75.7%   298 2500s
H786378 747600                       0.2423123    0.42563  75.7%   298 2500s
H786432 747600                       0.2423124    0.42562  75.6%   298 2501s
H786734 747572                       0.2430635    0.42561  75.1%   298 2501s
 786997 751154    0.41380   35   63    0.24306    0.42560  75.1%   298 2508s
 790795 754594    0.39628   37   57    0.24306    0.42545  75.0%   298 2515s
 794431 757894    0.41444   37   63    0.24306    0.42529  75.0%   298 2521s
 797935 761377    0.40895   36   58    0.24306    0.42516  74.9%   298 2528s
 801637 764650    0.41148   37   66    0.24306    0.42503  74.9%   298 2535s
 805088 767754    0.40533   37   64    0.24306    0.42490  74.8%   298 2541s
 808366 771096    0.41899   37   59    0.24306    0.42478  74.8%   298 2548s
 811923 774153    0.41321   36   64    0.24306    0.42462  74.7%   298 2554s
 815164 777326    0.42190   32   67    0.24306    0.42450  74.6%   298 2561s
 818546 780313    0.40790   31   63    0.24306    0.42437  74.6%   298 2567s
 821715 783405    0.40675   38   71    0.24306    0.42426  74.5%   298 2573s
 825010 786407    0.41591   35   71    0.24306    0.42413  74.5%   298 2580s
 828216 789943    0.40381   34   72    0.24306    0.42400  74.4%   298 2587s
 831953 793068    0.40817   32   56    0.24306    0.42387  74.4%   298 2593s
 835268 793408    0.41066   32   49    0.24306    0.42375  74.3%   298 2602s
H835269 793407                       0.2430787    0.42375  74.3%   298 2602s
H835304 793401                       0.2431661    0.42374  74.3%   298 2602s
H835615 793401                       0.2431691    0.42372  74.2%   298 2602s
 835630 796785    0.40275   30   74    0.24317    0.42372  74.2%   298 2610s
 839239 800186    0.40287   32   69    0.24317    0.42360  74.2%   297 2616s
 842888 803188    0.40694   36   62    0.24317    0.42346  74.1%   297 2623s
 846096 806609    0.42198   36   64    0.24317    0.42334  74.1%   297 2630s
 849771 809864    0.41164   35   63    0.24317    0.42323  74.0%   297 2636s
 853224 813046    0.41082   39   60    0.24317    0.42310  74.0%   297 2643s
 856629 816173    0.41944   31   55    0.24317    0.42298  73.9%   297 2650s
 859912 819715    0.41389   31   53    0.24317    0.42285  73.9%   297 2658s
 863664 822573    0.41789   37   57    0.24317    0.42272  73.8%   297 2664s
 865712 822573    0.41194   37   64    0.24317    0.42270  73.8%   297 2665s
 866728 825875    0.39814   39   65    0.24317    0.42261  73.8%   297 2671s
H870247 828230                       0.2431691    0.42248  73.7%   297 2679s
H870351 828230                       0.2431691    0.42247  73.7%   297 2679s
H872008 828230                       0.2431693    0.42245  73.7%   297 2679s
 872720 830968    0.41025   34   66    0.24317    0.42244  73.7%   297 2686s
 875625 834010    0.41187   37   64    0.24317    0.42240  73.7%   297 2693s
 878850 837053    0.41023   38   61    0.24317    0.42229  73.7%   297 2700s
H882065 837561                       0.2431734    0.42221  73.6%   297 2710s
H882170 837561                       0.2431734    0.42219  73.6%   297 2710s
H882205 837561                       0.2431734    0.42217  73.6%   297 2710s
 882614 841487 infeasible   37         0.24317    0.42210  73.6%   297 2717s
 886751 844865    0.39341   33   67    0.24317    0.42192  73.5%   297 2725s
 890374 848411    0.40275   36   66    0.24317    0.42178  73.4%   297 2732s
 894167 851513    0.40248   41   58    0.24317    0.42167  73.4%   297 2738s
 897473 854587    0.40194   38   62    0.24317    0.42155  73.4%   297 2745s
 900731 857170 infeasible   35         0.24317    0.42144  73.3%   297 2752s
 903465 860477    0.40752   34   69    0.24317    0.42136  73.3%   297 2758s
 906974 863774    0.39692   34   65    0.24317    0.42122  73.2%   296 2765s
 910507 866998    0.40664   35   69    0.24317    0.42113  73.2%   296 2772s
 913943 870122    0.41146   36   68    0.24317    0.42102  73.1%   296 2778s
 917253 873241    0.40973   38   64    0.24317    0.42090  73.1%   296 2785s
 920602 876712    0.39920   34   68    0.24317    0.42079  73.0%   296 2792s
 924296 879863    0.40094   36   66    0.24317    0.42067  73.0%   296 2799s
 927660 883012    0.40818   37   65    0.24317    0.42056  72.9%   296 2806s
 930975 883422    0.37879   35   59    0.24317    0.42045  72.9%   296 2813s
H930981 883422                       0.2431742    0.42044  72.9%   296 2813s
 931403 886531    0.41247   36   65    0.24317    0.42043  72.9%   296 2819s
 934656 890001    0.41378   37   69    0.24317    0.42034  72.9%   296 2826s
 938343 893317    0.41107   32   63    0.24317    0.42022  72.8%   296 2833s
 941862 896482    0.39283   35   64    0.24317    0.42011  72.8%   296 2840s
 945224 899892    0.39042   36   65    0.24317    0.42000  72.7%   296 2847s
 948841 902899    0.40425   34   47    0.24317    0.41989  72.7%   296 2854s
 952013 906467    0.41278   34   64    0.24317    0.41978  72.6%   296 2861s
 955817 909508    0.41490   36   65    0.24317    0.41967  72.6%   296 2868s
 959045 912724    0.41857   31   69    0.24317    0.41956  72.5%   296 2875s
 962437 915777    0.41556   32   49    0.24317    0.41946  72.5%   296 2881s
 965727 918802    0.41828   32   68    0.24317    0.41936  72.5%   296 2887s
 968985 921870    0.41858   37   67    0.24317    0.41925  72.4%   296 2893s
 972242 925180    0.39638   36   64    0.24317    0.41915  72.4%   296 2899s
 975762 928304    0.41559   36   54    0.24317    0.41902  72.3%   296 2905s
 979071 931421    0.40914   35   63    0.24317    0.41893  72.3%   296 2912s
 982370 934961    0.38930   33   65    0.24317    0.41882  72.2%   296 2919s
 986144 938169    0.39911   40   59    0.24317    0.41872  72.2%   296 2926s
 989517 940888    0.41484   31   65    0.24317    0.41861  72.1%   295 2932s
 992397 941352    0.39546   36   69    0.24317    0.41853  72.1%   295 2939s
H992545 941352                       0.2431742    0.41851  72.1%   295 2939s
H992671 941352                       0.2431742    0.41850  72.1%   295 2940s
 992883 944577    0.38985   34   61    0.24317    0.41849  72.1%   295 2947s
H995570 944577                       0.2431742    0.41848  72.1%   295 2947s
 996334 948092    0.39729   38   65    0.24317    0.41839  72.1%   295 2954s
 1000045 951483    0.41145   37   58    0.24317    0.41827  72.0%   295 2961s
 1003656 954907    0.39504   37   64    0.24317    0.41816  72.0%   295 2968s
 1007273 958113    0.41132   37   65    0.24317    0.41803  71.9%   295 2975s
 1010651 961234    0.40609   37   65    0.24317    0.41793  71.9%   295 2981s
 1013993 964713    0.41086   37   68    0.24317    0.41784  71.8%   295 2988s
 1017636 967919    0.40983   38   63    0.24317    0.41772  71.8%   295 2995s
 1021043 971079    0.41155   36   61    0.24317    0.41762  71.7%   295 3002s
 1024406 974231    0.39996   34   65    0.24317    0.41751  71.7%   295 3008s
 1027741 977426    0.40450   39   63    0.24317    0.41741  71.7%   295 3015s
 1031121 980639    0.41061   38   67    0.24317    0.41731  71.6%   295 3021s
 1034536 983808    0.39962   41   61    0.24317    0.41721  71.6%   295 3027s
 1037903 986884    0.41376   34   67    0.24317    0.41711  71.5%   295 3034s
 1041208 990017    0.39721   37   59    0.24317    0.41700  71.5%   295 3040s
 1044533 993613    0.40713   36   51    0.24317    0.41690  71.4%   295 3048s
 1048350 996646    0.39968   38   66    0.24317    0.41680  71.4%   295 3054s
H1051552 997428                       0.2431743    0.41670  71.4%   295 3062s
H1051726 997428                       0.2431743    0.41668  71.4%   295 3062s
 1052376 1000970    0.40458   33   66    0.24317    0.41667  71.3%   295 3069s
 1056114 1004434    0.40349   31   69    0.24317    0.41655  71.3%   295 3076s
 1059820 1007679    0.40510   39   49    0.24317    0.41645  71.3%   295 3083s
 1063258 1010934    0.40068   35   58    0.24317    0.41634  71.2%   295 3090s
 1066728 1014070    0.38728   35   67    0.24317    0.41624  71.2%   295 3096s
 1070071 1017181    0.40619   36   70    0.24317    0.41616  71.1%   294 3103s
 1073352 1020558    0.41141   39   46    0.24317    0.41606  71.1%   294 3109s
 1076908 1024183    0.41235   35   73    0.24317    0.41596  71.1%   294 3117s
 1080765 1027064    0.40252   37   63    0.24317    0.41585  71.0%   294 3123s
 1083816 1030171    0.40919   34   63    0.24317    0.41575  71.0%   294 3129s
 1087135 1033227    0.41322   27   77    0.24317    0.41566  70.9%   294 3136s
 1090364 1036398    0.40062   38   54    0.24317    0.41558  70.9%   294 3142s
 1093708 1039298    0.39994   36   65    0.24317    0.41548  70.9%   294 3148s
H1096788 1039906                       0.2431743    0.41538  70.8%   294 3156s
 1097436 1043580    0.39643   37   64    0.24317    0.41537  70.8%   294 3163s
 1101332 1046992    0.41506   31   70    0.24317    0.41528  70.8%   294 3169s
 1104950 1050250    0.40149   38   61    0.24317    0.41517  70.7%   294 3176s
 1108438 1053945    0.40418   36   67    0.24317    0.41507  70.7%   294 3183s
 1112353 1056942    0.39043   36   67    0.24317    0.41496  70.6%   294 3190s
 1115567 1059800    0.40424   36   70    0.24317    0.41486  70.6%   294 3197s
 1118612 1063051    0.41254   32   64    0.24317    0.41479  70.6%   294 3204s
 1122036 1066022    0.40221   36   66    0.24317    0.41470  70.5%   294 3212s
 1125226 1068916    0.41459   36   69    0.24317    0.41461  70.5%   294 3220s
 1128331 1072165     cutoff   37         0.24317    0.41454  70.5%   294 3228s
 1131795 1075438    0.40627   37   68    0.24317    0.41444  70.4%   294 3236s
 1135287 1078693    0.40483   38   59    0.24317    0.41434  70.4%   294 3244s
 1138744 1082231    0.40133   32   73    0.24317    0.41426  70.4%   294 3254s
 1142514 1085202    0.39688   35   66    0.24317    0.41416  70.3%   294 3262s
 1145665 1088286    0.40545   33   46    0.24317    0.41407  70.3%   293 3269s
 1148954 1091604    0.39596   39   63    0.24317    0.41398  70.2%   293 3276s
 1152490 1092201    0.40720   35   65    0.24317    0.41389  70.2%   293 3283s
H1152491 1092201                       0.2431743    0.41389  70.2%   293 3283s
H1152493 1092200                       0.2431782    0.41388  70.2%   293 3283s
 1153134 1095693    0.39486   38   56    0.24318    0.41387  70.2%   293 3290s
 1156839 1099091    0.41120   36   70    0.24318    0.41377  70.2%   293 3297s
 1160485 1102208    0.39903   39   66    0.24318    0.41367  70.1%   293 3305s
 1163826 1105699    0.39939   38   50    0.24318    0.41359  70.1%   293 3311s
 1167561 1108891    0.40062   35   68    0.24318    0.41350  70.0%   293 3317s
 1170965 1112247    0.40324   36   68    0.24318    0.41341  70.0%   293 3324s
 1174560 1115408    0.40326   38   66    0.24318    0.41332  70.0%   293 3331s
 1177917 1118722    0.39984   39   61    0.24318    0.41323  69.9%   293 3338s
 1181435 1121877    0.40911   36   67    0.24318    0.41315  69.9%   293 3345s
 1184804 1125072    0.39444   34   68    0.24318    0.41307  69.9%   293 3351s
 1188157 1128133    0.39229   33   69    0.24318    0.41297  69.8%   293 3358s
 1191386 1131147    0.40088   37   67    0.24318    0.41289  69.8%   293 3365s
 1194593 1134437    0.39273   37   68    0.24318    0.41281  69.8%   293 3371s
 1198151 1137467    0.39430   38   71    0.24318    0.41273  69.7%   293 3378s
 1201389 1139456    0.40953   33   71    0.24318    0.41265  69.7%   293 3387s
 1203497 1144909    0.39624   35   69    0.24318    0.41264  69.7%   293 3400s
 1209279 1148154    0.40968   33   70    0.24318    0.41247  69.6%   293 3410s
 1212749 1151911    0.40003   37   62    0.24318    0.41237  69.6%   293 3418s
 1216741 1155317    0.41169   32   68    0.24318    0.41227  69.5%   293 3427s
 1220361 1158508    0.39391   39   57    0.24318    0.41216  69.5%   293 3435s
 1223775 1161884    0.39868   38   56    0.24318    0.41210  69.5%   292 3443s
 1227411 1165198    0.39898   38   67    0.24318    0.41200  69.4%   292 3450s
 1230941 1168635    0.40288   33   67    0.24318    0.41192  69.4%   292 3459s
 1234605 1170915    0.40803   35   64    0.24318    0.41182  69.3%   292 3469s
 1237026 1173604    0.41089   31   72    0.24318    0.41181  69.3%   292 3478s
 1239851 1176339    0.41087   35   53    0.24318    0.41179  69.3%   292 3488s
 1242779 1179266    0.40761   38   68    0.24318    0.41173  69.3%   292 3499s
 1245877 1182537    0.39513   34   69    0.24318    0.41166  69.3%   292 3511s
 1249344 1186221    0.40962   35   65    0.24318    0.41158  69.3%   292 3523s
 1253263 1189872    0.40413   37   62    0.24318    0.41146  69.2%   292 3533s
 1257175 1193188    0.39314   37   51    0.24318    0.41134  69.2%   292 3542s
 1260719 1196673 infeasible   35         0.24318    0.41121  69.1%   292 3551s
 1264444 1199274    0.38789   36   50    0.24318    0.41111  69.1%   292 3559s
 1267173 1202611    0.39585   38   61    0.24318    0.41104  69.0%   292 3568s
 1270714 1205987    0.40465   38   59    0.24318    0.41096  69.0%   292 3576s
 1274296 1209152    0.40935   30   67    0.24318    0.41088  69.0%   292 3584s
 1277677 1212324    0.39006   32   71    0.24318    0.41080  68.9%   292 3593s
 1281029 1215539    0.38772   34   70    0.24318    0.41071  68.9%   292 3600s
 1284461 1218647    0.40694   36   61    0.24318    0.41064  68.9%   292 3608s
 1287770 1221975    0.39379   39   63    0.24318    0.41057  68.8%   292 3614s
 1291304 1225567    0.39277   32   63    0.24318    0.41049  68.8%   292 3623s
 1295164 1228555    0.39001   37   62    0.24318    0.41040  68.8%   292 3630s
 1298373 1231571    0.40559   40   58    0.24318    0.41033  68.7%   292 3638s
 1301605 1234659    0.40914   34   47    0.24318    0.41025  68.7%   292 3646s
 1304923 1237747    0.39474   37   67    0.24318    0.41018  68.7%   292 3656s
 1308204 1240768    0.39124   35   70    0.24318    0.41010  68.6%   292 3665s
 1311432 1243778    0.40258   38   62    0.24318    0.41003  68.6%   292 3674s
 1314627 1246920    0.39896   39   49    0.24318    0.40996  68.6%   292 3682s
 1318017 1249884    0.38883   33   65    0.24318    0.40989  68.6%   291 3691s
 1321167 1253442    0.39290   36   66    0.24318    0.40983  68.5%   291 3700s
 1324983 1253853    0.40063   36   70    0.24318    0.40974  68.5%   291 3711s
 1325447 1256199    0.40467   34   66    0.24318    0.40973  68.5%   291 3722s
 1327967 1259747    0.39960   39   58    0.24318    0.40972  68.5%   291 3734s
 1331757 1263664    0.40084   35   63    0.24318    0.40969  68.5%   291 3745s
 1335916 1267288    0.38522   35   68    0.24318    0.40954  68.4%   291 3755s
 1339831 1270886    0.38217   38   61    0.24318    0.40944  68.4%   291 3764s
 1343651 1274146    0.38785   33   75    0.24318    0.40935  68.3%   291 3773s
 1347153 1277595    0.39965   35   46    0.24318    0.40928  68.3%   291 3782s
 1350811 1281188    0.40413   39   56    0.24318    0.40919  68.3%   291 3792s
 1354700 1283969    0.38633   35   69    0.24318    0.40912  68.2%   291 3801s
 1357635 1287308    0.39772   39   38    0.24318    0.40905  68.2%   291 3810s
 1361202 1290477    0.38501   38   55    0.24318    0.40897  68.2%   291 3818s
 1364610 1293519    0.39061   40   60    0.24318    0.40890  68.1%   291 3827s
 1367862 1296492    0.40675   35   65    0.24318    0.40883  68.1%   291 3836s
 1371047 1299612    0.39784   36   64    0.24318    0.40876  68.1%   291 3844s
 1374398 1302755    0.39320   31   70    0.24318    0.40870  68.1%   291 3852s
 1377803 1305721    0.40004   39   58    0.24318    0.40862  68.0%   291 3860s
 1380919 1309364    0.39766   35   68    0.24318    0.40856  68.0%   291 3869s
 1384783 1312047    0.39828   38   63    0.24318    0.40848  68.0%   291 3878s
 1387655 1315375    0.40741   35   65    0.24318    0.40842  68.0%   291 3886s
 1391238 1318430    0.39353   37   53    0.24318    0.40835  67.9%   291 3894s
 1394523 1321563    0.38918   37   70    0.24318    0.40827  67.9%   290 3902s
 1397844 1324737    0.40248   34   49    0.24318    0.40821  67.9%   290 3912s
 1401192 1327813    0.38821   37   65    0.24318    0.40815  67.8%   290 3921s
 1404443 1330994    0.39837   36   64    0.24318    0.40808  67.8%   290 3929s
 1407857 1334086    0.39967   37   53    0.24318    0.40801  67.8%   290 3938s
 1411185 1337595    0.39648   33   63    0.24318    0.40795  67.8%   290 3947s
 1414962 1340724    0.39615   36   55    0.24318    0.40788  67.7%   290 3955s
 1418299 1343703    0.37682   41   57    0.24318    0.40781  67.7%   290 3964s
 1421471 1346840    0.39307   34   62    0.24318    0.40776  67.7%   290 3972s
 1424852 1349964    0.39987   31   68    0.24318    0.40769  67.6%   290 3981s
 1428210 1353081    0.39361   39   53    0.24318    0.40762  67.6%   290 3990s
 1431556 1356175    0.40471   35   65    0.24318    0.40756  67.6%   290 3999s
 1434866 1359200    0.39870   34   59    0.24318    0.40749  67.6%   290 4006s
 1438066 1362470    0.39495   38   64    0.24318    0.40743  67.5%   290 4013s
 1441560 1365889    0.40168   36   45    0.24318    0.40737  67.5%   290 4022s
 1445159 1369153    0.38861   37   58    0.24318    0.40730  67.5%   290 4031s
 1448690 1372293    0.40394   35   50    0.24318    0.40723  67.5%   290 4040s
 1452060 1375493    0.39517   34   69    0.24318    0.40718  67.4%   290 4048s
 1455478 1378594    0.38000   39   66    0.24318    0.40710  67.4%   290 4057s
 1458780 1381687    0.40284   36   49    0.24318    0.40704  67.4%   290 4066s
 1462089 1384817    0.38654   40   62    0.24318    0.40698  67.4%   290 4076s
 1465431 1387957    0.39382   37   64    0.24318    0.40691  67.3%   290 4084s
 1468758 1391106    0.38201   35   62    0.24318    0.40685  67.3%   290 4092s
 1472131 1394737    0.40416   37   56    0.24318    0.40679  67.3%   289 4102s
 1476001 1397734    0.39532   39   63    0.24318    0.40672  67.3%   289 4110s
 1479235 1400848    0.39659   40   57    0.24318    0.40666  67.2%   289 4118s
 1482563 1403699    0.40651   34   71    0.24318    0.40660  67.2%   289 4127s
 1485568 1406879    0.40203   35   58    0.24318    0.40654  67.2%   289 4136s
 1488983 1410025    0.37664   35   64    0.24318    0.40648  67.2%   289 4144s
 1492361 1413072    0.39967   38   64    0.24318    0.40642  67.1%   289 4152s
 1495658 1416141    0.39012   40   65    0.24318    0.40636  67.1%   289 4160s
 1498948 1419072    0.36030   39   63    0.24318    0.40630  67.1%   289 4168s
 1502082 1422553    0.40516   35   66    0.24318    0.40625  67.1%   289 4176s
 1505808 1425626    0.38556   39   66    0.24318    0.40617  67.0%   289 4184s
 1509108 1428737    0.38986   37   65    0.24318    0.40611  67.0%   289 4193s
 1512498 1431897    0.40548   33   65    0.24318    0.40606  67.0%   289 4203s
 1515898 1434912    0.40306   31   70    0.24318    0.40599  67.0%   289 4211s
 1519118 1438028    0.38644   33   61    0.24318    0.40593  66.9%   289 4220s
 1522478 1441136    0.40003   33   68    0.24318    0.40588  66.9%   289 4229s
 1525857 1444175    0.39934   38   63    0.24318    0.40582  66.9%   289 4237s
 1529131 1447303    0.39648   31   67    0.24318    0.40576  66.9%   289 4246s
 1532465 1450826    0.39355   36   65    0.24318    0.40570  66.8%   289 4256s
 1536212 1453999    0.38600   31   71    0.24318    0.40563  66.8%   289 4263s
 1539578 1456887    0.40348   37   62    0.24318    0.40557  66.8%   289 4270s
 1542650 1460066    0.38447   39   58    0.24318    0.40552  66.8%   289 4277s
 1546058 1463048    0.38836   35   68    0.24318    0.40546  66.7%   289 4286s
 1549247 1466271    0.39476   34   67    0.24318    0.40541  66.7%   289 4294s
 1552693 1469323    0.39339   39   44    0.24318    0.40535  66.7%   288 4300s
 1556003 1472387    0.40014   39   65    0.24318    0.40529  66.7%   288 4307s
 1559245 1475367    0.39850   38   66    0.24318    0.40523  66.6%   288 4315s
 1562450 1478847    0.39501   35   66    0.24318    0.40518  66.6%   288 4325s
 1566207 1482004    0.40222   36   70    0.24318    0.40511  66.6%   288 4333s
 1569581 1485187    0.39251   36   65    0.24318    0.40507  66.6%   288 4341s
 1573000 1488269    0.38946   39   63    0.24318    0.40501  66.5%   288 4350s
 1576327 1491405    0.39505   37   67    0.24318    0.40495  66.5%   288 4359s
 1579639 1494338    0.38084   40   61    0.24318    0.40490  66.5%   288 4367s
 1582800 1497278    0.39594   38   64    0.24318    0.40484  66.5%   288 4375s
 1585955 1500391    0.38770   39   70    0.24318    0.40479  66.5%   288 4384s
 1589302 1503535    0.39232   34   64    0.24318    0.40473  66.4%   288 4394s
 1592704 1506880    0.39226   40   49    0.24318    0.40468  66.4%   288 4404s
 1596248 1510240    0.38135   41   60    0.24318    0.40462  66.4%   288 4413s
 1599818 1513304    0.38785   37   65    0.24318    0.40456  66.4%   288 4422s
 1603101 1516189    0.40360   36   63    0.24318    0.40450  66.3%   288 4430s
 1606197 1519478    0.39729   41   60    0.24318    0.40444  66.3%   288 4437s
 1609775 1522715    0.38049   37   67    0.24318    0.40438  66.3%   288 4445s
 1613230 1525862    0.38504   37   63    0.24318    0.40433  66.3%   288 4453s
 1616648 1528923    0.38108   38   67    0.24318    0.40427  66.2%   288 4462s
 1619963 1532077    0.38533   37   61    0.24318    0.40422  66.2%   288 4470s
 1623373 1535553    0.38953   40   63    0.24318    0.40417  66.2%   288 4481s
 1627093 1538455    0.39216   40   50    0.24318    0.40411  66.2%   288 4490s
 1630216 1541817    0.38824   35   67    0.24318    0.40405  66.2%   288 4498s
 1633820 1544914    0.38519   34   61    0.24318    0.40400  66.1%   287 4506s
 1637132 1548067    0.39520   36   64    0.24318    0.40394  66.1%   287 4514s
 1640496 1551055    0.40147   40   59    0.24318    0.40389  66.1%   287 4523s
 1643708 1553730    0.38312   40   53    0.24318    0.40383  66.1%   287 4532s
 1646567 1557012    0.38589   38   63    0.24318    0.40378  66.0%   287 4540s
 1650105 1560289    0.38372   35   60    0.24318    0.40373  66.0%   287 4549s
 1653610 1563698    0.39733   38   62    0.24318    0.40367  66.0%   287 4559s
 1657239 1566773    0.39182   38   54    0.24318    0.40361  66.0%   287 4568s
 1660508 1570004    0.39084   36   67    0.24318    0.40356  66.0%   287 4577s
 1663993 1573308    0.39966   37   59    0.24318    0.40351  65.9%   287 4585s
 1667567 1576466    0.39122   39   62    0.24318    0.40345  65.9%   287 4593s
 1670903 1579410    0.38892   39   61    0.24318    0.40339  65.9%   287 4600s
 1674043 1582551    0.38343   31   69    0.24318    0.40335  65.9%   287 4608s
 1677386 1585817    0.38499   34   66    0.24318    0.40330  65.8%   287 4616s
 1680886 1588669    0.35729   40   60    0.24318    0.40324  65.8%   287 4623s
 1683903 1592209    0.39242   33   65    0.24318    0.40319  65.8%   287 4630s
 1687715 1595292    0.38960   34   70    0.24318    0.40313  65.8%   287 4639s
 1691002 1598291    0.39898   37   65    0.24318    0.40309  65.8%   287 4647s
 1694239 1601406     cutoff   39         0.24318    0.40303  65.7%   287 4656s
 1697546 1604515    0.39010   38   61    0.24318    0.40298  65.7%   287 4665s
 1700837 1607328    0.38695   30   73    0.24318    0.40293  65.7%   287 4672s
 1703898 1610464    0.38895   28   73    0.24318    0.40288  65.7%   287 4681s
 1707290 1613635 infeasible   37         0.24318    0.40283  65.7%   287 4689s
 1710682 1616769    0.38999   38   61    0.24318    0.40278  65.6%   287 4698s
 1714038 1620207    0.39225   36   66    0.24318    0.40273  65.6%   287 4707s
 1717747 1623278    0.39270   32   70    0.24318    0.40267  65.6%   287 4716s
 1720988 1626494    0.40103   37   51    0.24318    0.40263  65.6%   287 4724s
 1724381 1629626    0.39016   32   68    0.24318    0.40257  65.5%   286 4731s
 1727740 1632524    0.39806   38   60    0.24318    0.40252  65.5%   286 4738s
 1730854 1635776    0.38259   39   64    0.24318    0.40248  65.5%   286 4746s
 1734335 1638931    0.39638   38   59    0.24318    0.40243  65.5%   286 4754s
 1737689 1641881    0.39629   34   68    0.24318    0.40238  65.5%   286 4763s
 1740891 1645204    0.39230   36   64    0.24318    0.40233  65.4%   286 4771s
 1744459 1648436    0.40001   38   64    0.24318    0.40228  65.4%   286 4780s
 1747901 1651815    0.37183   34   61    0.24318    0.40223  65.4%   286 4790s
 1751495 1654853    0.39978   33   68    0.24318    0.40217  65.4%   286 4800s
 1754779 1658169    0.39744   37   63    0.24318    0.40213  65.4%   286 4809s
 1758312 1661416     cutoff   40         0.24318    0.40207  65.3%   286 4817s
 1761787 1664471    0.38647   39   64    0.24318    0.40202  65.3%   286 4825s
 1765056 1667614    0.38947   38   57    0.24318    0.40197  65.3%   286 4835s
 1768413 1670781    0.39555   35   64    0.24318    0.40192  65.3%   286 4842s
 1771795 1673929    0.38821   40   60    0.24318    0.40187  65.3%   286 4848s
 1775136 1677464    0.39656   34   60    0.24318    0.40181  65.2%   286 4858s
 1778955 1680314    0.38471   39   42    0.24318    0.40176  65.2%   286 4866s
 1782038 1683403    0.38778   35   70    0.24318    0.40172  65.2%   286 4874s
 1785351 1686610    0.38776   40   60    0.24318    0.40166  65.2%   286 4883s
 1788763 1689776    0.38914   39   62    0.24318    0.40162  65.2%   286 4891s
 1792113 1692845    0.39466   32   62    0.24318    0.40157  65.1%   286 4900s
 1795405 1695985    0.38563   32   73    0.24318    0.40153  65.1%   286 4908s
 1798758 1698849    0.38966   38   48    0.24318    0.40147  65.1%   286 4916s
 1801819 1702061    0.39658   35   71    0.24318    0.40143  65.1%   286 4924s
 1805208 1705432    0.39500   40   67    0.24318    0.40138  65.1%   286 4935s
 1808887 1708547    0.38591   36   64    0.24318    0.40133  65.0%   286 4943s
 1812234 1711597    0.39979   30   69    0.24318    0.40128  65.0%   286 4952s
 1815497 1714515    0.39179   39   59    0.24318    0.40123  65.0%   286 4962s
 1818638 1717748    0.39110   35   69    0.24318    0.40119  65.0%   285 4970s
 1822125 1720853    0.38548   33   64    0.24318    0.40114  65.0%   285 4978s
 1825514 1724104    0.40084   35   60    0.24318    0.40109  64.9%   285 4986s
 1828985 1727200    0.40026   36   50    0.24318    0.40104  64.9%   285 4994s
 1832272 1729026    0.39913   36   65    0.24318    0.40101  64.9%   285 5004s
 1834237 1732540    0.39330   38   53    0.24318    0.40099  64.9%   285 5014s
 1838037 1735553    0.37547   32   72    0.24318    0.40092  64.9%   285 5023s
 1841260 1738636    0.38498   39   65    0.24318    0.40088  64.9%   285 5030s
 1844579 1741675    0.38694   34   46    0.24318    0.40084  64.8%   285 5038s
 1847814 1744627    0.38602   38   62    0.24318    0.40079  64.8%   285 5045s
 1851010 1747671    0.38926   34   68    0.24318    0.40075  64.8%   285 5053s
 1854277 1750795    0.38572   34   65    0.24318    0.40070  64.8%   285 5060s
 1857642 1753731    0.38784   37   61    0.24318    0.40065  64.8%   285 5068s
 1860742 1756953    0.39194   38   62    0.24318    0.40061  64.7%   285 5076s
 1864186 1760310    0.38689   41   57    0.24318    0.40056  64.7%   285 5085s
 1867790 1763604    0.38505   34   66    0.24318    0.40051  64.7%   285 5091s
 1871341 1766469     cutoff   36         0.24318    0.40046  64.7%   285 5098s
 1874423 1769093    0.38737   38   69    0.24318    0.40042  64.7%   285 5105s
 1877263 1772348    0.38467   39   69    0.24318    0.40037  64.6%   285 5115s
 1880772 1775588    0.38087   37   61    0.24318    0.40032  64.6%   285 5123s
 1884223 1778661    0.40011   32   62    0.24318    0.40028  64.6%   285 5132s
 1887529 1781820    0.38703   36   67    0.24318    0.40023  64.6%   285 5141s
 1890928 1784999    0.38487   36   66    0.24318    0.40019  64.6%   285 5149s
 1894346 1788553    0.38051   37   66    0.24318    0.40014  64.5%   285 5158s
 1898143 1791465    0.38340   37   66    0.24318    0.40009  64.5%   285 5167s
 1901270 1794286    0.39040   31   69    0.24318    0.40005  64.5%   285 5175s
 1904315 1797553    0.38631   37   62    0.24318    0.40001  64.5%   285 5183s
 1907780 1800667    0.38566   38   67    0.24318    0.39996  64.5%   285 5191s
 1911120 1803905    0.39304   35   67    0.24318    0.39991  64.5%   285 5200s
 1914581 1807049    0.38812   36   61    0.24318    0.39987  64.4%   285 5208s
 1917942 1810280    0.39882   38   37    0.24318    0.39982  64.4%   284 5216s
 1921377 1813278     cutoff   40         0.24318    0.39978  64.4%   284 5227s
 1924588 1816698     cutoff   38         0.24318    0.39975  64.4%   284 5237s
 1928263 1819705    0.38557   40   49    0.24318    0.39969  64.4%   284 5246s
 1931504 1822874    0.38821   38   66    0.24318    0.39965  64.3%   284 5254s
 1934942 1825971    0.38060   38   63    0.24318    0.39961  64.3%   284 5263s
 1938272 1829082    0.38676   39   61    0.24318    0.39956  64.3%   284 5271s
 1941646 1832150    0.38581   37   51    0.24318    0.39952  64.3%   284 5279s
 1944915 1835255    0.39164   39   62    0.24318    0.39948  64.3%   284 5287s
 1948240 1838339    0.39755   35   58    0.24318    0.39942  64.3%   284 5297s
 1951577 1841396    0.38373   39   64    0.24318    0.39937  64.2%   284 5305s
 1954876 1844630    0.35198   41   66    0.24318    0.39933  64.2%   284 5314s
 1958316 1848015    0.39511   41   54    0.24318    0.39929  64.2%   284 5323s
 1961974 1851206    0.38366   36   63    0.24318    0.39924  64.2%   284 5332s
 1965389 1854394    0.38000   35   65    0.24318    0.39920  64.2%   284 5340s
 1968781 1857537    0.33331   38   67    0.24318    0.39915  64.1%   284 5349s
 1972169 1860605    0.38617   39   62    0.24318    0.39910  64.1%   284 5357s
 1975454 1863773    0.39247   37   63    0.24318    0.39906  64.1%   284 5366s
 1978835 1866888    0.38396   41   56    0.24318    0.39902  64.1%   284 5375s
 1982184 1869881    0.39713   37   59    0.24318    0.39898  64.1%   284 5383s
 1985418 1873108    0.38036   38   44    0.24318    0.39893  64.1%   284 5390s
 1988869 1876397    0.39170   35   56    0.24318    0.39888  64.0%   284 5398s
 1992383 1879441    0.38053   37   65    0.24318    0.39884  64.0%   284 5408s
 1995658 1882797    0.38911   37   62    0.24318    0.39880  64.0%   284 5417s
 1999250 1885924    0.38604   39   66    0.24318    0.39875  64.0%   284 5426s
 2002572 1889039    0.37041   37   68    0.24318    0.39872  64.0%   284 5435s
 2005909 1891865    0.39270   33   69    0.24318    0.39868  63.9%   284 5444s
 2008982 1895187    0.34284   37   69    0.24318    0.39863  63.9%   284 5452s
 2012550 1898480    0.38687   37   65    0.24318    0.39859  63.9%   284 5461s
 2016073 1901982    0.38250   38   66    0.24318    0.39854  63.9%   283 5470s
 2019847 1904872    0.38406   34   66    0.24318    0.39850  63.9%   283 5478s
 2022936 1907297    0.38840   36   64    0.24318    0.39846  63.9%   283 5487s
 2025539 1909972    0.37879   38   49    0.24318    0.39845  63.9%   283 5494s
 2028391 1912583    0.38675   37   65    0.24318    0.39844  63.8%   283 5504s
 2030875 1912583    0.39792   35   67    0.24318    0.39841  63.8%   283 5505s
 2031198 1915437    0.38828   31   53    0.24318    0.39840  63.8%   283 5515s
 2034228 1918055    0.38867   37   61    0.24318    0.39836  63.8%   283 5530s
 2037011 1921358    0.38285   40   62    0.24318    0.39833  63.8%   283 5543s
 2040549 1925028    0.38380   34   67    0.24318    0.39829  63.8%   283 5552s
 2044505 1928758    0.38502   35   58    0.24318    0.39820  63.7%   283 5562s
 2048489 1932326    0.38423   36   67    0.24318    0.39814  63.7%   283 5571s
 2052322 1935396    0.39525   38   59    0.24318    0.39809  63.7%   283 5580s
 2055592 1938321    0.37801   39   41    0.24318    0.39805  63.7%   283 5588s
 2058714 1938353    0.37792   39   63    0.24318    0.39801  63.7%   283 5599s
 2058746 1938384    0.38638   38   64    0.24318    0.39800  63.7%   283 5610s
 2058779 1938415    0.37808   37   68    0.24318    0.39800  63.7%   283 5618s
 2058812 1938446    0.39147   35   52    0.24318    0.39800  63.7%   283 5631s
 2058845 1938530    0.39593   38   42    0.24318    0.39799  63.7%   283 5647s
 2058937 1938716    0.39176   38   60    0.24318    0.39799  63.7%   283 5655s
 2059133 1938968    0.39529   35   71    0.24318    0.39799  63.7%   283 5665s
 2059403 1939450    0.39450   36   67    0.24318    0.39799  63.7%   283 5676s
 2059905 1940034    0.39601   35   68    0.24318    0.39798  63.7%   283 5689s
 2060537 1940713    0.39565   30   75    0.24318    0.39798  63.7%   283 5700s
 2061252 1942303    0.38520   38   64    0.24318    0.39797  63.7%   283 5714s
 2062966 1944507    0.38901   35   40    0.24318    0.39797  63.7%   283 5731s
 2065344 1948215     cutoff   39         0.24318    0.39796  63.7%   283 5745s
 2069326 1952593    0.38479   41   55    0.24318    0.39795  63.6%   283 5759s
 2074043 1956624    0.39556   35   72    0.24318    0.39792  63.6%   283 5772s
 2078410 1959806    0.38833   37   56    0.24318    0.39785  63.6%   283 5782s
 2081827 1963070    0.38688   37   65    0.24318    0.39776  63.6%   283 5790s
 2085334 1966401    0.38000   40   52    0.24318    0.39770  63.5%   283 5801s
 2088906 1969197 infeasible   39         0.24318    0.39763  63.5%   283 5809s
 2091888 1972417    0.39721   34   65    0.24318    0.39759  63.5%   283 5818s
 2095343 1975623    0.39453   35   71    0.24318    0.39754  63.5%   283 5826s
 2098761 1978864    0.39309   38   70    0.24318    0.39750  63.5%   283 5835s
 2102282 1982041    0.38336   36   63    0.24318    0.39746  63.4%   283 5844s
 2105755 1985260    0.38967   33   64    0.24318    0.39741  63.4%   283 5852s
 2109200 1988693    0.38325   36   68    0.24318    0.39738  63.4%   283 5861s
 2112844 1991935    0.38621   36   63    0.24318    0.39733  63.4%   283 5870s
 2116341 1995023    0.38300   38   59    0.24318    0.39730  63.4%   283 5878s
 2119650 1998125    0.38760   34   65    0.24318    0.39726  63.4%   283 5886s
 2122986 2001145    0.38772   35   70    0.24318    0.39722  63.3%   282 5894s
 2126218 2004053    0.38932   40   52    0.24318    0.39718  63.3%   282 5902s
 2129390 2007297    0.38862   42   60    0.24318    0.39714  63.3%   282 5910s
 2132846 2010547    0.38338   32   71    0.24318    0.39709  63.3%   282 5917s
 2136356 2013614    0.39543   39   58    0.24318    0.39705  63.3%   282 5924s
 2139643 2017107    0.39348   34   68    0.24318    0.39701  63.3%   282 5934s
 2143430 2020142    0.37415   40   61    0.24318    0.39697  63.2%   282 5940s
 2146678 2023196    0.37705   39   62    0.24318    0.39693  63.2%   282 5946s
 2149985 2026362    0.38677   35   66    0.24318    0.39689  63.2%   282 5954s
 2153366 2029451    0.38075   34   65    0.24318    0.39685  63.2%   282 5962s
 2156706 2032540    0.38116   35   66    0.24318    0.39681  63.2%   282 5969s
 2160072 2035617    0.38035   37   58    0.24318    0.39677  63.2%   282 5975s
 2163414 2038528    0.39158   32   69    0.24318    0.39674  63.1%   282 5983s
 2166577 2041622     cutoff   37         0.24318    0.39670  63.1%   282 5991s
 2169955 2044979    0.39205   38   63    0.24318    0.39666  63.1%   282 5998s
 2173550 2048212    0.37271   41   59    0.24318    0.39662  63.1%   282 6008s
 2177004 2051429    0.38091   35   71    0.24318    0.39658  63.1%   282 6015s
 2180509 2054380    0.39350   37   62    0.24318    0.39654  63.1%   282 6022s
 2183641 2057598    0.39032   39   63    0.24318    0.39651  63.1%   282 6030s
 2187086 2060632    0.38775   39   68    0.24318    0.39647  63.0%   282 6039s
 2190326 2063531    0.38605   38   52    0.24318    0.39644  63.0%   282 6045s
 2193412 2066645    0.37882   41   61    0.24318    0.39640  63.0%   282 6055s
 2196789 2069771    0.38032   39   64    0.24318    0.39636  63.0%   282 6063s
 2200173 2073323    0.38639   35   69    0.24318    0.39632  63.0%   282 6075s
 2203983 2076176     cutoff   38         0.24318    0.39628  63.0%   282 6083s
 2207048 2079273    0.38340   37   67    0.24318    0.39625  62.9%   282 6093s
 2210377 2082274    0.38665   38   56    0.24318    0.39621  62.9%   282 6102s
 2213622 2085388    0.35645   38   66    0.24318    0.39617  62.9%   282 6108s
 2216981 2088508    0.39562   33   67    0.24318    0.39613  62.9%   282 6115s
 2220361 2091459    0.38332   39   56    0.24318    0.39609  62.9%   282 6121s
 2223551 2094702    0.39486   35   53    0.24318    0.39605  62.9%   282 6129s
 2227024 2097832    0.38716   36   58    0.24318    0.39602  62.9%   282 6138s
 2230379 2101144    0.38125   39   66    0.24318    0.39597  62.8%   282 6147s
 2233979 2104427    0.38828   37   63    0.24318    0.39593  62.8%   282 6155s
 2237520 2107524    0.39411   39   62    0.24318    0.39590  62.8%   281 6165s
 2240851 2110550    0.36349   37   70    0.24318    0.39585  62.8%   281 6173s
 2244108 2113696    0.38314   36   66    0.24318    0.39581  62.8%   281 6179s
 2247496 2116796    0.38307   36   65    0.24318    0.39577  62.7%   281 6187s
 2250864 2119857    0.39282   40   54    0.24318    0.39574  62.7%   281 6196s
 2254245 2122930    0.38360   39   59    0.24318    0.39570  62.7%   281 6205s
 2257552 2126073    0.39333   37   67    0.24318    0.39566  62.7%   281 6213s
 2260957 2129596    0.38879   36   69    0.24318    0.39562  62.7%   281 6223s
 2264721 2132752    0.38536   42   66    0.24318    0.39558  62.7%   281 6232s
 2268116 2135667    0.39333   39   62    0.24318    0.39555  62.7%   281 6239s
 2271250 2138416    0.37150   36   61    0.24318    0.39551  62.6%   281 6247s
 2274214 2141129    0.38939   38   65    0.24318    0.39548  62.6%   281 6256s
 2277185 2144392    0.38053   37   62    0.24318    0.39545  62.6%   281 6264s
 2280717 2147527    0.38249   40   61    0.24318    0.39541  62.6%   281 6273s
 2284089 2150478    0.38174   40   68    0.24318    0.39537  62.6%   281 6281s
 2287318 2153677    0.37077   39   68    0.24318    0.39534  62.6%   281 6291s
 2290804 2157164    0.38748   38   64    0.24318    0.39530  62.6%   281 6300s
 2294571 2160095    0.37946   39   56    0.24318    0.39526  62.5%   281 6309s
 2297732 2163150    0.37793   37   65    0.24318    0.39523  62.5%   281 6319s
 2301049 2166116 infeasible   39         0.24318    0.39519  62.5%   281 6327s
 2304273 2169340    0.39147   34   60    0.24318    0.39516  62.5%   281 6336s
 2307722 2172476    0.35535   42   62    0.24318    0.39512  62.5%   281 6344s
 2311083 2175643    0.38493   38   59    0.24318    0.39508  62.5%   281 6353s
 2314495 2178727    0.38787   38   61    0.24318    0.39504  62.4%   281 6362s
 2317808 2181841    0.38576   37   57    0.24318    0.39501  62.4%   281 6370s
 2321102 2185307    0.37979   34   65    0.24318    0.39497  62.4%   281 6380s
 2324808 2188373    0.38414   32   69    0.24318    0.39492  62.4%   281 6388s
 2328114 2191455    0.39344   30   55    0.24318    0.39489  62.4%   281 6397s
 2331419 2194655    0.38520   37   62    0.24318    0.39485  62.4%   281 6406s
 2334861 2197667    0.38782   37   62    0.24318    0.39482  62.4%   281 6416s
 2338105 2200789    0.38686   38   64    0.24318    0.39478  62.3%   281 6424s
 2341437 2204033    0.37671   32   52    0.24318    0.39475  62.3%   281 6433s
 2344872 2206946    0.39418   37   63    0.24318    0.39471  62.3%   281 6441s
 2348021 2210100    0.37458   34   66    0.24318    0.39468  62.3%   280 6449s
 2351429 2213758    0.38966   31   71    0.24318    0.39464  62.3%   280 6458s
 2355329 2216253    0.39337   36   60    0.24318    0.39460  62.3%   280 6464s
 2358008 2219456    0.38712   38   60    0.24318    0.39457  62.3%   280 6472s
 2361489 2222632    0.38742   41   58    0.24318    0.39454  62.2%   280 6480s
 2364892 2225855    0.37507   36   70    0.24318    0.39450  62.2%   280 6489s
 2368394 2226929    0.39334   36   46    0.24318    0.39446  62.2%   280 6496s
 2369547 2230304    0.39410   30   73    0.24318    0.39445  62.2%   280 6505s
 2373131 2233802    0.37646   37   66    0.24318    0.39444  62.2%   280 6514s
 2376898 2237116    0.39411   34   67    0.24318    0.39437  62.2%   280 6523s
 2380474 2240563    0.38364   35   70    0.24318    0.39433  62.2%   280 6531s
 2384184 2243699     cutoff   38         0.24318    0.39429  62.1%   280 6538s
 2387547 2246765    0.37919   33   69    0.24318    0.39426  62.1%   280 6544s
 2390857 2249800    0.38743   37   64    0.24318    0.39423  62.1%   280 6550s
 2394133 2252889    0.37962   44   62    0.24318    0.39419  62.1%   280 6559s
 2397491 2256055    0.37025   39   65    0.24318    0.39415  62.1%   280 6567s
 2400922 2259151    0.38062   40   66    0.24318    0.39412  62.1%   280 6575s
 2404257 2262324    0.37939   36   64    0.24318    0.39408  62.1%   280 6584s
 2407676 2265107    0.37930   38   56    0.24318    0.39405  62.0%   280 6592s
 2410671 2268394    0.39332   38   49    0.24318    0.39402  62.0%   280 6601s
 2414225 2271640    0.38367   39   55    0.24318    0.39399  62.0%   280 6610s
 2417739 2274696    0.39394   36   65    0.24318    0.39395  62.0%   280 6618s
 2420993 2277953     cutoff   36         0.24318    0.39392  62.0%   280 6627s
 2424488 2281121    0.38951   31   72    0.24318    0.39388  62.0%   280 6635s
 2427944 2284189    0.38547   33   73    0.24318    0.39385  62.0%   280 6644s
 2431266 2287295    0.37329   37   58    0.24318    0.39381  61.9%   280 6652s
 2434606 2290189    0.37856   41   59    0.24318    0.39378  61.9%   280 6660s
 2437722 2293323    0.37780   38   48    0.24318    0.39375  61.9%   280 6669s
 2441093 2296926    0.38637   41   61    0.24318    0.39372  61.9%   280 6678s
 2444970 2299887    0.37557   38   61    0.24318    0.39368  61.9%   280 6686s
 2448128 2302967    0.38265   36   66    0.24318    0.39365  61.9%   280 6694s
 2451429 2306006    0.37916   33   69    0.24318    0.39361  61.9%   280 6702s
 2454684 2308980    0.37674   37   64    0.24318    0.39358  61.8%   280 6710s
 2457893 2311941    0.36959   38   63    0.24318    0.39354  61.8%   280 6719s
 2461056 2315133    0.37105   35   65    0.24318    0.39351  61.8%   280 6728s
 2464491 2318162    0.37048   39   63    0.24318    0.39347  61.8%   280 6736s
 2467736 2321353    0.38867   35   55    0.24318    0.39344  61.8%   279 6743s
 2471190 2324806    0.38438   38   60    0.24318    0.39341  61.8%   279 6750s
 2474919 2327652    0.39185   39   58    0.24318    0.39337  61.8%   279 6757s
 2478008 2330868 infeasible   37         0.24318    0.39334  61.8%   279 6764s
 2481479 2333548    0.38382   37   64    0.24318    0.39330  61.7%   279 6772s
 2484360 2336798     cutoff   40         0.24318    0.39327  61.7%   279 6781s
 2487866 2339847    0.38182   40   58    0.24318    0.39323  61.7%   279 6790s
 2491172 2343027    0.38445   34   65    0.24318    0.39320  61.7%   279 6799s
 2494611 2346134    0.38220   39   62    0.24318    0.39316  61.7%   279 6807s
 2497967 2349045    0.38030   35   68    0.24318    0.39313  61.7%   279 6816s
 2501090 2352559    0.36581   39   63    0.24318    0.39310  61.7%   279 6825s
 2504892 2355626    0.35681   39   56    0.24318    0.39306  61.6%   279 6834s
 2508216 2358673    0.38055   37   65    0.24318    0.39303  61.6%   279 6842s
 2511519 2361663    0.36954   34   70    0.24318    0.39300  61.6%   279 6851s
 2514727 2364692    0.38217   38   65    0.24318    0.39297  61.6%   279 6859s
 2518023 2367762    0.37295   41   67    0.24318    0.39294  61.6%   279 6867s
 2521327 2368716     cutoff   41         0.24318    0.39290  61.6%   279 6879s
 2522359 2371746    0.37922   38   64    0.24318    0.39290  61.6%   279 6889s
 2525629 2375262 infeasible   40         0.24318    0.39286  61.6%   279 6898s
 2529389 2378409    0.39247   35   58    0.24318    0.39283  61.5%   279 6907s
 2532750 2381956    0.38486   39   64    0.24318    0.39279  61.5%   279 6917s
 2536553 2385010    0.38064   34   61    0.24318    0.39276  61.5%   279 6925s
 2539851 2387951    0.39201   38   56    0.24318    0.39272  61.5%   279 6935s
 2543047 2390959    0.37196   42   62    0.24318    0.39269  61.5%   279 6942s
 2546294 2394152    0.38390   37   46    0.24318    0.39267  61.5%   279 6950s
 2549738 2397306    0.37621   37   71    0.24318    0.39264  61.5%   279 6958s
 2553110 2400338    0.38687   38   60    0.24318    0.39260  61.4%   279 6966s
 2556342 2403425    0.37760   38   64    0.24318    0.39257  61.4%   279 6974s
 2559683 2406484    0.38583   36   58    0.24318    0.39254  61.4%   279 6982s
 2562938 2409897    0.38816   35   58    0.24318    0.39251  61.4%   279 6993s
 2566649 2412946    0.37976   39   60    0.24318    0.39247  61.4%   279 7000s
 2569919 2415946    0.38509   38   64    0.24318    0.39244  61.4%   279 7007s
 2573166 2418665    0.38554   37   67    0.24318    0.39241  61.4%   279 7016s
 2576151 2421946    0.39167   38   61    0.24318    0.39238  61.4%   279 7025s
 2579713 2425022    0.38097   36   57    0.24318    0.39235  61.3%   279 7033s
 2583042 2428139    0.37422   33   73    0.24318    0.39231  61.3%   279 7042s
 2586386 2431231    0.35736   43   57    0.24318    0.39229  61.3%   279 7051s
 2589746 2434332    0.38550   36   68    0.24318    0.39226  61.3%   279 7059s
 2593094 2437527    0.37607   35   69    0.24318    0.39223  61.3%   279 7069s
 2596515 2440974    0.35553   38   61    0.24318    0.39219  61.3%   279 7078s
 2600245 2444217    0.38280   36   67    0.24318    0.39216  61.3%   279 7087s
 2603717 2447362    0.38241   39   64    0.24318    0.39213  61.3%   279 7095s
 2607135 2449947    0.37801   40   60    0.24318    0.39210  61.2%   278 7104s
 2609976 2453180    0.38390   38   57    0.24318    0.39207  61.2%   278 7113s
 2613464 2456537    0.38360   41   56    0.24318    0.39204  61.2%   278 7122s
 2617039 2459748    0.37346   33   69    0.24318    0.39201  61.2%   278 7130s
 2620524 2462862    0.37002   38   66    0.24318    0.39198  61.2%   278 7138s
 2623885 2466442    0.39154   36   60    0.24318    0.39195  61.2%   278 7148s
 2627741 2469084    0.38434   38   62    0.24318    0.39192  61.2%   278 7156s
 2630604 2472283    0.39136   35   66    0.24318    0.39189  61.2%   278 7163s
 2634088 2475432 infeasible   36         0.24318    0.39186  61.1%   278 7172s
 2637466 2478522    0.36968   37   66    0.24318    0.39183  61.1%   278 7179s
 2640751 2481617    0.37896   33   71    0.24318    0.39180  61.1%   278 7186s
 2644099 2484756    0.36792   37   68    0.24318    0.39177  61.1%   278 7194s
 2647485 2487807    0.38774   34   70    0.24318    0.39174  61.1%   278 7202s
 2650754 2490964    0.38646   37   62    0.24318    0.39172  61.1%   278 7210s
 2654197 2494261    0.37873   39   60    0.24318    0.39169  61.1%   278 7219s
 2657773 2497343    0.38140   37   66    0.24318    0.39166  61.1%   278 7227s
 2661168 2500593    0.38693   37   59    0.24318    0.39163  61.0%   278 7236s
 2664602 2503689    0.38793   40   50    0.24318    0.39160  61.0%   278 7244s
 2667949 2506626    0.37529   40   64    0.24318    0.39158  61.0%   278 7252s
 2671145 2509945    0.37651   36   65    0.24318    0.39155  61.0%   278 7261s
 2674683 2513083    0.37218   42   60    0.24318    0.39152  61.0%   278 7268s
 2678066 2516178    0.38123   39   64    0.24318    0.39149  61.0%   278 7276s
 2681401 2519297    0.38154   36   67    0.24318    0.39147  61.0%   278 7283s
 2684787 2522727    0.36673   36   63    0.24318    0.39144  61.0%   278 7292s
 2688484 2525941    0.37743   38   53    0.24318    0.39141  61.0%   278 7301s
 2691963 2528954    0.37764   42   57    0.24318    0.39139  60.9%   278 7310s
 2695227 2532016    0.38155   38   68    0.24318    0.39136  60.9%   278 7317s
 2698524 2535077    0.38091   35   62    0.24318    0.39133  60.9%   278 7326s
 2701846 2537727    0.38922   37   63    0.24318    0.39131  60.9%   278 7335s
 2704707 2540874    0.37554   36   57    0.24318    0.39128  60.9%   278 7343s
 2708119 2543999    0.38712   37   65    0.24318    0.39126  60.9%   278 7352s
 2711505 2547120    0.38383   37   64    0.24318    0.39123  60.9%   278 7360s
 2714899 2550525    0.37517   40   62    0.24318    0.39120  60.9%   278 7370s
 2718614 2553606    0.37465   36   55    0.24318    0.39117  60.9%   278 7378s
 2721976 2556627    0.37997   34   67    0.24318    0.39114  60.8%   278 7386s
 2725235 2559718    0.38040   40   58    0.24318    0.39112  60.8%   278 7392s
 2728550 2562851    0.37168   35   48    0.24318    0.39109  60.8%   278 7400s
 2731902 2565880    0.38434   40   66    0.24318    0.39107  60.8%   278 7408s
 2735127 2568945    0.38048   38   58    0.24318    0.39104  60.8%   278 7417s
 2738446 2571854    0.38276   35   63    0.24318    0.39102  60.8%   278 7424s
 2741593 2575043    0.38354   39   60    0.24318    0.39100  60.8%   277 7430s
 2745060 2578470    0.36906   36   40    0.24318    0.39097  60.8%   277 7439s
 2748743 2581276    0.38426   37   64    0.24318    0.39094  60.8%   277 7448s
 2751762 2584557    0.37676   41   60    0.24318    0.39091  60.8%   277 7457s
 2755286 2587683    0.37924   37   63    0.24318    0.39089  60.7%   277 7467s
 2758654 2590638    0.37476   35   67    0.24318    0.39086  60.7%   277 7475s
 2761837 2593875    0.33357   38   62    0.24318    0.39084  60.7%   277 7484s
 2765367 2597047    0.37233   42   63    0.24318    0.39081  60.7%   277 7490s
 2768837 2600145    0.37708   39   61    0.24318    0.39078  60.7%   277 7497s
 2772211 2603230    0.37664   40   55    0.24318    0.39075  60.7%   277 7505s
 2775476 2606503    0.36588   40   54    0.24318    0.39073  60.7%   277 7514s
 2779026 2609798    0.37463   40   60    0.24318    0.39070  60.7%   277 7523s
 2782573 2612722    0.37954   39   42    0.24318    0.39068  60.7%   277 7529s
 2785749 2615912    0.38162   39   56    0.24318    0.39065  60.6%   277 7538s
 2789194 2619015    0.38456   36   65    0.24318    0.39062  60.6%   277 7547s
 2792507 2621773    0.37560   37   65    0.24318    0.39060  60.6%   277 7556s
 2795532 2625011    0.37462   40   62    0.24318    0.39058  60.6%   277 7563s
 2799058 2628161    0.38995   38   63    0.24318    0.39055  60.6%   277 7572s
 2802514 2631295    0.37387   37   67    0.24318    0.39053  60.6%   277 7580s
 2805908 2633299    0.36191   38   63    0.24318    0.39051  60.6%   277 7588s
 2808055 2638498    0.38320   39   45    0.24318    0.39050  60.6%   277 7603s
 2813684 2641241    0.37190   36   65    0.24318    0.39045  60.6%   277 7614s
 2816641 2644977     cutoff   42         0.24318    0.39042  60.6%   277 7624s
 2820683 2648470    0.37254   41   53    0.24318    0.39040  60.5%   277 7633s
 2824481 2651615    0.38312   41   57    0.24318    0.39037  60.5%   277 7642s
 2827877 2655068    0.37686   41   67    0.24318    0.39035  60.5%   277 7650s
 2831588 2657993    0.36250   38   62    0.24318    0.39032  60.5%   277 7659s
 2834761 2661544    0.38809   38   60    0.24318    0.39030  60.5%   277 7669s
 2838585 2664711    0.37599   40   67    0.24318    0.39027  60.5%   277 7677s
 2841976 2667655    0.38290   33   67    0.24318    0.39025  60.5%   277 7685s
 2845118 2670546    0.38716   39   65    0.24318    0.39022  60.5%   277 7693s
 2848265 2673661    0.37366   39   53    0.24318    0.39020  60.5%   277 7701s
 2851636 2676468    0.38938   32   62    0.24318    0.39017  60.4%   277 7709s
 2854656 2679673     cutoff   40         0.24318    0.39015  60.4%   277 7718s
 2858103 2681036    0.37675   39   63    0.24318    0.39013  60.4%   277 7729s
 2859559 2683997    0.38483   34   73    0.24318    0.39012  60.4%   277 7736s
 2862786 2687408    0.37630   36   65    0.24318    0.39011  60.4%   277 7743s
 2866491 2690794    0.37811   39   62    0.24318    0.39007  60.4%   277 7751s
 2870217 2693843    0.30683   39   66    0.24318    0.39004  60.4%   277 7758s
 2873525 2696876    0.36800   41   64    0.24318    0.39001  60.4%   277 7766s
 2876764 2699918    0.38943   34   52    0.24318    0.38999  60.4%   277 7775s
 2880057 2703062    0.38116   39   50    0.24318    0.38997  60.4%   277 7783s
 2883469 2706216    0.37769   40   62    0.24318    0.38994  60.4%   277 7791s
 2886852 2709227    0.38136   35   52    0.24318    0.38992  60.3%   277 7799s
 2890119 2712196    0.37351   41   38    0.24318    0.38989  60.3%   277 7807s
 2893357 2715265     cutoff   38         0.24318    0.38987  60.3%   277 7815s
 2896692 2718472    0.38303   42   56    0.24318    0.38984  60.3%   276 7825s
 2900206 2721765    0.29819   38   57    0.24318    0.38982  60.3%   276 7833s
 2903770 2724690    0.37949   34   58    0.24318    0.38979  60.3%   276 7842s
 2906938 2727935    0.38191   37   62    0.24318    0.38977  60.3%   276 7850s
 2910433 2731119    0.37033   40   60    0.24318    0.38974  60.3%   276 7858s
 2913880 2734174    0.38040   42   48    0.24318    0.38972  60.3%   276 7868s
 2917195 2737381    0.37358   34   58    0.24318    0.38970  60.3%   276 7876s
 2920680 2740397    0.38119   41   60    0.24318    0.38967  60.2%   276 7885s
 2923964 2743274    0.36808   39   63    0.24318    0.38964  60.2%   276 7893s
 2927116 2746509    0.37737   36   66    0.24318    0.38962  60.2%   276 7902s
 2930603 2749759    0.37472   40   62    0.24318    0.38959  60.2%   276 7911s
 2934162 2752885     cutoff   38         0.24318    0.38957  60.2%   276 7919s
 2937529 2756039    0.38665   39   46    0.24318    0.38955  60.2%   276 7928s
 2940918 2759145    0.37393   34   66    0.24318    0.38952  60.2%   276 7936s
 2944258 2762117    0.37106   39   65    0.24318    0.38950  60.2%   276 7944s
 2947466 2765277    0.37573   39   59    0.24318    0.38948  60.2%   276 7953s
 2950893 2768290    0.37781   36   61    0.24318    0.38945  60.1%   276 7961s
 2954126 2771438    0.37324   37   67    0.24318    0.38943  60.1%   276 7969s
 2957499 2774854    0.38045   35   67    0.24318    0.38941  60.1%   276 7978s
 2961159 2777861    0.38295   41   52    0.24318    0.38938  60.1%   276 7984s
 2964450 2781014    0.37080   39   60    0.24318    0.38936  60.1%   276 7990s
 2967866 2783826     cutoff   37         0.24318    0.38933  60.1%   276 7997s
 2970958 2786900    0.38145   40   62    0.24318    0.38931  60.1%   276 8004s
 2974269 2790020    0.38363   38   50    0.24318    0.38929  60.1%   276 8012s
 2977674 2793152    0.38751   38   63    0.24318    0.38927  60.1%   276 8021s
 2981061 2796280    0.36659   37   63    0.24318    0.38925  60.1%   276 8030s
 2984447 2799392    0.31145   38   61    0.24318    0.38922  60.1%   276 8039s
 2987833 2802800    0.37392   34   65    0.24318    0.38920  60.0%   276 8048s
 2991527 2804769    0.37462   35   64    0.24318    0.38918  60.0%   276 8059s
 2993633 2807208    0.37228   39   68    0.24318    0.38917  60.0%   276 8071s
 2996281 2809913     cutoff   41         0.24318    0.38917  60.0%   276 8082s
 2999169 2812107    0.38134   37   61    0.24318    0.38915  60.0%   276 8093s
 3001527 2815051    0.37352   36   72    0.24318    0.38914  60.0%   276 8104s
 3004727 2818029     cutoff   37         0.24318    0.38912  60.0%   276 8119s
 3007980 2821585    0.38757   41   63    0.24318    0.38910  60.0%   276 8133s
 3011823 2825221    0.37675   35   67    0.24318    0.38908  60.0%   276 8150s
 3015770 2829151    0.38390   37   69    0.24318    0.38903  60.0%   276 8160s
 3020028 2832434    0.38623   35   41    0.24318    0.38899  60.0%   276 8170s
 3023583 2835665    0.36984   31   70    0.24318    0.38895  59.9%   276 8177s
 3027073 2838647    0.38140   40   60    0.24318    0.38893  59.9%   276 8183s
 3030321 2841809    0.37491   36   66    0.24318    0.38891  59.9%   276 8190s
 3033752 2844898    0.37786   33   69    0.24318    0.38889  59.9%   276 8198s
 3037093 2848043    0.38251   39   63    0.24318    0.38886  59.9%   276 8207s
 3040509 2851127    0.38181   40   61    0.24318    0.38884  59.9%   276 8216s
 3043813 2854067    0.38370   38   57    0.24318    0.38882  59.9%   276 8224s
 3047006 2857354    0.36677   39   60    0.24318    0.38880  59.9%   276 8232s
 3050512 2860786    0.37619   41   47    0.24318    0.38877  59.9%   276 8241s
 3054243 2863800    0.38229   38   63    0.24318    0.38875  59.9%   276 8250s
 3057526 2866857    0.37642   38   52    0.24318    0.38873  59.9%   276 8258s
 3060836 2869990    0.37588   40   59    0.24318    0.38870  59.8%   276 8266s
 3064209 2873016    0.37863   39   59    0.24318    0.38868  59.8%   276 8274s
 3067527 2876000    0.37774   39   61    0.24318    0.38866  59.8%   275 8283s
 3070763 2879012    0.38414   37   60    0.24318    0.38864  59.8%   275 8291s
 3074005 2882241    0.37733   35   63    0.24318    0.38862  59.8%   275 8300s
 3077469 2885357    0.37972   39   50    0.24318    0.38860  59.8%   275 8308s
 3080855 2888818    0.37222   40   55    0.24318    0.38857  59.8%   275 8317s
 3084631 2891694    0.36749   37   66    0.24318    0.38855  59.8%   275 8325s
 3087754 2894830    0.36787   40   61    0.24318    0.38852  59.8%   275 8334s
 3091129 2897873    0.37312   41   62    0.24318    0.38850  59.8%   275 8342s
 3094394 2901038    0.37401   39   61    0.24318    0.38848  59.8%   275 8350s
 3097828 2904144    0.37871   40   67    0.24318    0.38846  59.7%   275 8358s
 3101233 2906929     cutoff   40         0.24318    0.38844  59.7%   275 8365s
 3104244 2910107    0.38419   41   61    0.24318    0.38842  59.7%   275 8374s
 3107648 2913013    0.37355   42   64    0.24318    0.38839  59.7%   275 8382s
 3110838 2916531    0.37064   38   55    0.24318    0.38837  59.7%   275 8392s
 3114699 2919444    0.36341   38   60    0.24318    0.38835  59.7%   275 8400s
 3117828 2922453    0.36968   39   58    0.24318    0.38833  59.7%   275 8408s
 3121055 2925516    0.38744   38   54    0.24318    0.38830  59.7%   275 8417s
 3124367 2928547    0.38131   41   57    0.24318    0.38828  59.7%   275 8425s
 3127654 2931617    0.37298   39   49    0.24318    0.38826  59.7%   275 8433s
 3130955 2934728    0.37927   35   70    0.24318    0.38824  59.7%   275 8441s
 3134315 2937855    0.38376   34   72    0.24318    0.38822  59.6%   275 8449s
 3137701 2940870    0.38115   38   64    0.24318    0.38819  59.6%   275 8457s
 3140954 2944336    0.38245   35   61    0.24318    0.38817  59.6%   275 8467s
 3144659 2947388    0.37581   40   57    0.24318    0.38815  59.6%   275 8475s
 3147910 2950477    0.38687   33   69    0.24318    0.38813  59.6%   275 8484s
 3151274 2953380    0.37584   41   48    0.24318    0.38811  59.6%   275 8492s
 3154396 2956273    0.37974   38   60    0.24318    0.38809  59.6%   275 8500s
 3157517 2959425    0.38370   39   62    0.24318    0.38806  59.6%   275 8508s
 3160955 2962590    0.37969   36   63    0.24318    0.38804  59.6%   275 8517s
 3164392 2965471    0.32713   42   56    0.24318    0.38802  59.6%   275 8525s
 3167494 2968616    0.38303   36   62    0.24318    0.38800  59.6%   275 8533s
 3170923 2972077    0.36880   36   67    0.24318    0.38798  59.5%   275 8542s
 3174634 2975227    0.37934   39   62    0.24318    0.38795  59.5%   275 8551s
 3178030 2978211    0.37416   42   52    0.24318    0.38793  59.5%   275 8559s
 3181286 2981023    0.36906   39   69    0.24318    0.38791  59.5%   275 8568s
 3184359 2984199    0.37129   39   67    0.24318    0.38789  59.5%   275 8576s
 3187772 2987300    0.36923   37   50    0.24318    0.38787  59.5%   275 8584s
 3191103 2990310    0.36975   37   61    0.24318    0.38784  59.5%   275 8592s
 3194394 2993268    0.38766   41   61    0.24318    0.38783  59.5%   275 8600s
 3197592 2996387     cutoff   36         0.24318    0.38781  59.5%   275 8609s
 3201026 2999859    0.36404   38   59    0.24318    0.38778  59.5%   275 8619s
 3204801 3002770     cutoff   38         0.24318    0.38776  59.5%   275 8627s
 3207991 3005780    0.36609   34   71    0.24318    0.38774  59.4%   275 8635s
 3211240 3008883    0.37680   38   66    0.24318    0.38772  59.4%   275 8644s
 3214607 3012018    0.38056   39   66    0.24318    0.38769  59.4%   275 8652s
 3217975 3014576    0.37040   33   63    0.24318    0.38768  59.4%   275 8660s
 3220803 3017719    0.38157   38   62    0.24318    0.38765  59.4%   275 8669s
 3224235 3020523    0.37856   39   60    0.24318    0.38763  59.4%   275 8678s
 3227260 3023779 infeasible   39         0.24318    0.38761  59.4%   275 8686s
 3230786 3027376    0.38178   39   55    0.24318    0.38759  59.4%   275 8696s
 3234635 3030370    0.37097   37   60    0.24318    0.38757  59.4%   275 8704s
 3237896 3033411    0.37532   32   68    0.24318    0.38755  59.4%   274 8712s
 3241161 3036176    0.36974   39   56    0.24318    0.38753  59.4%   274 8720s
 3244158 3039248    0.37916   36   59    0.24318    0.38751  59.4%   274 8728s
 3247556 3042164    0.38573   32   69    0.24318    0.38749  59.3%   274 8737s
 3250806 3045227    0.37712   37   58    0.24318    0.38747  59.3%   274 8744s
 3254136 3048118    0.38421   35   67    0.24318    0.38745  59.3%   274 8751s
 3257266 3051331    0.37054   39   58    0.24318    0.38743  59.3%   274 8757s
 3260756 3054819    0.38054   38   42    0.24318    0.38741  59.3%   274 8766s
 3264513 3057687    0.37077   34   72    0.24318    0.38738  59.3%   274 8774s
 3267641 3060759    0.37313   40   65    0.24318    0.38736  59.3%   274 8783s
 3270958 3063765    0.38408   37   68    0.24318    0.38734  59.3%   274 8791s
 3274232 3066847    0.37150   40   60    0.24318    0.38732  59.3%   274 8799s
 3277602 3069946    0.36669   38   70    0.24318    0.38730  59.3%   274 8808s
 3280914 3072965    0.38685   33   69    0.24318    0.38728  59.3%   274 8816s
 3284215 3074021     cutoff   38         0.24318    0.38726  59.2%   274 8827s
 3285346 3077077    0.36285   38   62    0.24318    0.38725  59.2%   274 8836s
 3288645 3080511    0.37886   37   52    0.24318    0.38724  59.2%   274 8845s
 3292360 3083968    0.37832   36   66    0.24318    0.38720  59.2%   274 8855s
 3296064 3086849    0.37434   38   67    0.24318    0.38718  59.2%   274 8863s
 3299212 3090054    0.37827   37   63    0.24318    0.38716  59.2%   274 8871s
 3302653 3093034    0.37428   36   65    0.24318    0.38714  59.2%   274 8882s
 3305894 3096136    0.37502   41   63    0.24318    0.38712  59.2%   274 8890s
 3309262 3099259    0.37462   40   63    0.24318    0.38710  59.2%   274 8899s
 3312682 3102304     cutoff   40         0.24318    0.38708  59.2%   274 8907s
 3316026 3104736    0.37918   43   60    0.24318    0.38706  59.2%   274 8915s
 3318646 3107837    0.37814   38   57    0.24318    0.38704  59.2%   274 8924s
 3322004 3111071    0.37470   39   57    0.24318    0.38702  59.2%   274 8934s
 3325570 3114266    0.37825   39   65    0.24318    0.38700  59.1%   274 8942s
 3329021 3117461    0.37866   41   50    0.24318    0.38697  59.1%   274 8950s
 3332491 3120532    0.37885   41   58    0.24318    0.38695  59.1%   274 8960s
 3335841 3123509    0.37940   38   56    0.24318    0.38693  59.1%   274 8968s
 3339105 3126618    0.37681   41   65    0.24318    0.38692  59.1%   274 8977s
 3342459 3129634    0.38467   33   66    0.24318    0.38690  59.1%   274 8985s
 3345742 3132629    0.38525   37   68    0.24318    0.38687  59.1%   274 8993s
 3349028 3135654     cutoff   41         0.24318    0.38686  59.1%   274 9003s
 3352303 3139049    0.36797   38   58    0.24318    0.38684  59.1%   274 9012s
 3356000 3142045    0.38499   35   67    0.24318    0.38681  59.1%   274 9021s
 3359236 3145169    0.36843   41   64    0.24318    0.38679  59.1%   274 9029s
 3362662 3148052    0.37638   38   64    0.24318    0.38677  59.0%   274 9039s
 3365786 3151264    0.37797   37   63    0.24318    0.38675  59.0%   274 9047s
 3369261 3154351    0.36331   40   62    0.24318    0.38673  59.0%   274 9053s
 3372607 3157311    0.36277   35   60    0.24318    0.38671  59.0%   274 9059s
 3375813 3160218    0.36920   37   60    0.24318    0.38669  59.0%   274 9067s
 3378953 3163292    0.38456   28   72    0.24318    0.38667  59.0%   274 9075s
 3382289 3166653    0.37143   40   63    0.24318    0.38665  59.0%   274 9084s
 3385938 3169889    0.37873   36   68    0.24318    0.38663  59.0%   274 9092s
 3389411 3172945    0.36674   37   63    0.24318    0.38661  59.0%   274 9100s
 3392730 3175490    0.36438   40   64    0.24318    0.38659  59.0%   274 9109s
 3395499 3178570    0.36372   35   62    0.24318    0.38658  59.0%   274 9117s
 3398844 3181740    0.37218   36   61    0.24318    0.38656  59.0%   274 9125s
 3402274 3184814    0.37081   41   65    0.24318    0.38654  59.0%   274 9133s
 3405595 3188035    0.37701   33   70    0.24318    0.38652  58.9%   274 9142s
 3409051 3191097    0.37417   40   62    0.24318    0.38649  58.9%   274 9150s
 3412355 3194446    0.36656   34   63    0.24318    0.38647  58.9%   274 9160s
 3416006 3197481    0.37533   38   61    0.24318    0.38645  58.9%   274 9168s
 3419257 3200546    0.37174   36   66    0.24318    0.38643  58.9%   274 9176s
 3422549 3203217    0.36652   34   69    0.24318    0.38641  58.9%   274 9185s
 3425430 3206429    0.36864   37   60    0.24318    0.38639  58.9%   274 9193s
 3428872 3209641    0.37303   37   66    0.24318    0.38637  58.9%   274 9202s
 3432352 3212687    0.37380   41   62    0.24318    0.38636  58.9%   273 9210s
 3435669 3215830    0.38597   36   68    0.24318    0.38634  58.9%   273 9219s
 3439117 3218940    0.37527   34   66    0.24318    0.38632  58.9%   273 9227s
 3442504 3222352 infeasible   38         0.24318    0.38630  58.9%   273 9237s
 3446170 3225433    0.37162   42   62    0.24318    0.38627  58.8%   273 9245s
 3449505 3228488    0.36737   39   63    0.24318    0.38625  58.8%   273 9253s
 3452768 3231560    0.36700   38   64    0.24318    0.38623  58.8%   273 9261s
 3456134 3234636    0.37219   40   60    0.24318    0.38621  58.8%   273 9270s
 3459453 3237598    0.37648   32   68    0.24318    0.38620  58.8%   273 9279s
 3462666 3240646    0.36534   33   67    0.24318    0.38618  58.8%   273 9287s
 3465986 3243666    0.36651   39   61    0.24318    0.38616  58.8%   273 9295s
 3469258 3246861    0.37931   38   58    0.24318    0.38614  58.8%   273 9303s
 3472747 3250217    0.37989   37   63    0.24318    0.38611  58.8%   273 9312s
 3476403 3253357    0.33129   40   59    0.24318    0.38609  58.8%   273 9321s
 3479796 3256406    0.36624   40   62    0.24318    0.38607  58.8%   273 9329s
 3483066 3259381    0.38560   37   58    0.24318    0.38605  58.8%   273 9337s
 3486339 3262452    0.37703   39   66    0.24318    0.38603  58.7%   273 9346s
 3489646 3265543    0.37074   39   67    0.24318    0.38601  58.7%   273 9355s
 3493025 3268604    0.36731   40   63    0.24318    0.38599  58.7%   273 9363s
 3496403 3271456    0.37907   37   59    0.24318    0.38597  58.7%   273 9371s
 3499521 3274311    0.37313   31   73    0.24318    0.38595  58.7%   273 9379s
 3502626 3277784    0.36545   39   58    0.24318    0.38594  58.7%   273 9388s
 3506423 3280545    0.36384   39   62    0.24318    0.38592  58.7%   273 9395s
 3509406 3283680    0.37403   41   57    0.24318    0.38590  58.7%   273 9402s
 3512825 3286736    0.37499   40   60    0.24318    0.38588  58.7%   273 9411s
 3516145 3289796    0.37423   39   61    0.24318    0.38586  58.7%   273 9422s
 3519490 3292973    0.37897   38   45    0.24318    0.38584  58.7%   273 9431s
 3522959 3295780    0.35713   40   58    0.24318    0.38582  58.7%   273 9440s
 3526035 3298909    0.37715   38   48    0.24318    0.38580  58.6%   273 9448s
 3529490 3301959    0.37642   37   61    0.24318    0.38578  58.6%   273 9458s
 3532840 3305354    0.37269   38   61    0.24318    0.38576  58.6%   273 9467s
 3536606 3307832    0.38389   40   51    0.24318    0.38574  58.6%   273 9475s
 3539289 3310941    0.38028   40   63    0.24318    0.38572  58.6%   273 9484s
 3542690 3314197    0.37404   41   53    0.24318    0.38570  58.6%   273 9492s
 3546279 3317347    0.38456   31   50    0.24318    0.38568  58.6%   273 9501s
 3549769 3320433    0.37085   34   72    0.24318    0.38566  58.6%   273 9509s
 3553162 3323473    0.38201   38   60    0.24318    0.38564  58.6%   273 9517s
 3556524 3326449    0.37359   40   58    0.24318    0.38563  58.6%   273 9526s
 3559793 3329507    0.36853   41   61    0.24318    0.38561  58.6%   273 9537s
 3563162 3332860    0.38004   40   63    0.24318    0.38559  58.6%   273 9546s
 3566851 3335901    0.37994   39   56    0.24318    0.38557  58.6%   273 9554s
 3570191 3338882    0.38269   38   61    0.24318    0.38555  58.5%   273 9563s
 3573475 3341929    0.37273   40   63    0.24318    0.38553  58.5%   273 9571s
 3576827 3345101    0.37199   37   63    0.24318    0.38552  58.5%   273 9579s
 3580249 3348174    0.36865   38   61    0.24318    0.38550  58.5%   273 9588s
 3583603 3351226    0.37801   30   63    0.24318    0.38548  58.5%   273 9596s
 3586991 3354182    0.37903   38   68    0.24318    0.38546  58.5%   273 9603s
 3590224 3357206    0.37930   31   71    0.24318    0.38544  58.5%   273 9610s
 3593511 3360674     cutoff   37         0.24318    0.38543  58.5%   273 9619s
 3597330 3363611    0.38061   37   64    0.24318    0.38540  58.5%   273 9628s
 3600549 3366681    0.37513   34   69    0.24318    0.38539  58.5%   273 9636s
 3603894 3369588    0.37472   34   45    0.24318    0.38537  58.5%   273 9645s
 3607071 3372372    0.37847   37   68    0.24318    0.38535  58.5%   273 9653s
 3610106 3375520    0.36511   38   66    0.24318    0.38534  58.5%   273 9662s
 3613539 3378560    0.37755   40   59    0.24318    0.38532  58.5%   273 9670s
 3616865 3381583    0.37280   41   58    0.24318    0.38530  58.4%   273 9678s
 3620199 3384438    0.38037   40   56    0.24318    0.38528  58.4%   273 9692s
 3623299 3387776    0.38233   36   56    0.24318    0.38527  58.4%   272 9699s
 3626960 3390941    0.37839   39   64    0.24318    0.38525  58.4%   272 9706s
 3630400 3394011    0.38101   37   65    0.24318    0.38523  58.4%   272 9714s
 3633787 3396793    0.37917   41   55    0.24318    0.38521  58.4%   272 9723s
 3636843 3399862    0.37576   39   38    0.24318    0.38519  58.4%   272 9731s
 3640207 3402693    0.37733   35   65    0.24318    0.38518  58.4%   272 9739s
 3643344 3405832    0.38248   36   52    0.24318    0.38516  58.4%   272 9748s
 3646814 3408904    0.37376   37   70    0.24318    0.38514  58.4%   272 9756s
 3650172 3411934    0.38018   39   63    0.24318    0.38512  58.4%   272 9764s
 3653479 3415309    0.36799   36   52    0.24318    0.38510  58.4%   272 9773s
 3657188 3418328    0.38333   34   48    0.24318    0.38508  58.4%   272 9782s
 3660493 3421475    0.37782   42   58    0.24318    0.38506  58.3%   272 9790s
 3663933 3424304 infeasible   38         0.24318    0.38505  58.3%   272 9799s
 3667009 3427337    0.36774   33   70    0.24318    0.38503  58.3%   272 9807s
 3670320 3430141    0.37941   39   54    0.24318    0.38501  58.3%   272 9815s
 3673356 3433275    0.37270   38   59    0.24318    0.38500  58.3%   272 9823s
 3676789 3436304    0.37738   40   58    0.24318    0.38498  58.3%   272 9832s
 3680126 3439324    0.37799   37   61    0.24318    0.38496  58.3%   272 9840s
 3683463 3442716    0.36408   36   69    0.24318    0.38494  58.3%   272 9849s
 3687164 3445633 infeasible   40         0.24318    0.38492  58.3%   272 9857s
 3690372 3448559    0.37815   38   62    0.24318    0.38490  58.3%   272 9865s
 3693562 3451701    0.37028   36   67    0.24318    0.38489  58.3%   272 9874s
 3696985 3454792    0.36282   37   72    0.24318    0.38487  58.3%   272 9882s
 3700384 3457624    0.37652   38   66    0.24318    0.38485  58.3%   272 9891s
 3703516 3460777    0.37768   38   68    0.24318    0.38483  58.3%   272 9899s
 3706958 3464073    0.36775   36   67    0.24318    0.38482  58.2%   272 9907s
 3710534 3466968    0.27284   41   57    0.24318    0.38480  58.2%   272 9915s
 3713761 3470221    0.36281   40   62    0.24318    0.38478  58.2%   272 9925s
 3717307 3473429    0.38474   35   66    0.24318    0.38476  58.2%   272 9933s
 3720842 3476543     cutoff   42         0.24318    0.38474  58.2%   272 9941s
 3724228 3479524    0.37589   39   55    0.24318    0.38472  58.2%   272 9950s
 3727504 3482579    0.38385   39   61    0.24318    0.38471  58.2%   272 9958s
 3730828 3485643    0.36978   39   65    0.24318    0.38469  58.2%   272 9964s
 3734197 3488546    0.38130   37   67    0.24318    0.38467  58.2%   272 9970s
 3737396 3491477    0.37289   38   64    0.24318    0.38465  58.2%   272 9976s
 3740570 3494562    0.35704   36   65    0.24318    0.38464  58.2%   272 9984s
 3743943 3497989    0.36687   33   52    0.24318    0.38462  58.2%   272 9994s
 3747716 3500831    0.37483   36   61    0.24318    0.38460  58.2%   272 10002s
 3750867 3503798    0.38289   36   61    0.24318    0.38458  58.1%   272 10010s
 3754119 3506937    0.36623   37   64    0.24318    0.38457  58.1%   272 10018s
 3757570 3509999    0.36657   40   64    0.24318    0.38454  58.1%   272 10027s
 3760922 3513016    0.37912   39   57    0.24318    0.38453  58.1%   272 10035s
 3764267 3515981    0.37534   40   63    0.24318    0.38451  58.1%   272 10043s
 3767539 3519037    0.37237   36   66    0.24318    0.38449  58.1%   272 10052s
 3770844 3522023    0.37499   39   63    0.24318    0.38447  58.1%   272 10060s
 3774142 3525318    0.36961   41   57    0.24318    0.38446  58.1%   272 10069s
 3777796 3528426    0.36718   36   65    0.24318    0.38444  58.1%   272 10078s
 3781173 3531426    0.37687   36   59    0.24318    0.38442  58.1%   272 10086s
 3784470 3533932    0.38061   38   61    0.24318    0.38440  58.1%   272 10094s
 3787230 3537027    0.36826   39   63    0.24318    0.38439  58.1%   272 10102s
 3790614 3540126    0.36546   40   64    0.24318    0.38437  58.1%   272 10110s
 3794026 3543158    0.35520   41   62    0.24318    0.38435  58.1%   272 10119s
 3797355 3546188    0.37458   42   58    0.24318    0.38433  58.0%   272 10127s
 3800698 3547083    0.37274   40   59    0.24318    0.38432  58.0%   272 10140s
 3801689 3549711    0.37191   36   65    0.24318    0.38431  58.0%   272 10149s
 3804587 3552950    0.38164   36   66    0.24318    0.38431  58.0%   272 10159s
 3808122 3556015    0.37103   40   60    0.24318    0.38428  58.0%   272 10167s
 3811547 3558861    0.37849   41   55    0.24318    0.38426  58.0%   272 10177s
 3814676 3562115    0.36722   38   67    0.24318    0.38424  58.0%   272 10185s
 3818209 3565339    0.37797   40   59    0.24318    0.38422  58.0%   272 10193s
 3821682 3568446    0.37325   35   69    0.24318    0.38420  58.0%   272 10201s
 3825020 3571645    0.37110   39   57    0.24318    0.38419  58.0%   272 10210s
 3828503 3574613    0.37006   40   63    0.24318    0.38417  58.0%   271 10219s
 3831761 3577621    0.36468   36   58    0.24318    0.38415  58.0%   271 10228s
 3835058 3581057    0.37007   33   68    0.24318    0.38414  58.0%   271 10237s
 3838867 3583982    0.37165   40   60    0.24318    0.38412  58.0%   271 10248s
 3842081 3587007    0.36572   35   55    0.24318    0.38410  58.0%   271 10256s
 3845364 3589770    0.37303   41   57    0.24318    0.38408  57.9%   271 10263s
 3848414 3592906    0.37740   38   63    0.24318    0.38407  57.9%   271 10269s
 3851796 3595971    0.38227   41   62    0.24318    0.38405  57.9%   271 10275s
 3855150 3598967    0.36822   38   68    0.24318    0.38403  57.9%   271 10281s
 3858381 3601858    0.35895   34   69    0.24318    0.38401  57.9%   271 10290s
 3861545 3604911    0.37095   37   64    0.24318    0.38400  57.9%   271 10298s
 3864904 3608234    0.35733   39   68    0.24318    0.38398  57.9%   271 10307s
 3868581 3611335    0.36638   38   59    0.24318    0.38396  57.9%   271 10316s
 3871994 3613713    0.36742   34   66    0.24318    0.38394  57.9%   271 10324s
 3874632 3616801    0.35133   41   61    0.24318    0.38393  57.9%   271 10333s
 3877981 3620042    0.34321   38   65    0.24318    0.38391  57.9%   271 10341s
 3881516 3623077    0.36375   39   61    0.24318    0.38389  57.9%   271 10350s
 3884855 3626194    0.36455   40   46    0.24318    0.38387  57.9%   271 10360s
 3888249 3629045    0.36282   38   63    0.24318    0.38385  57.8%   271 10368s
 3891421 3632224    0.37087   41   60    0.24318    0.38384  57.8%   271 10377s
 3894898 3635737    0.36602   38   59    0.24318    0.38382  57.8%   271 10386s
 3898759 3638530    0.37098   40   65    0.24318    0.38380  57.8%   271 10394s
 3901843 3641563    0.37789   34   64    0.24318    0.38378  57.8%   271 10402s
 3905151 3644545    0.37288   38   71    0.24318    0.38377  57.8%   271 10410s
 3908456 3647496    0.37180   40   66    0.24318    0.38375  57.8%   271 10418s
 3911704 3650428    0.38191   39   64    0.24318    0.38373  57.8%   271 10426s
 3914908 3653536     cutoff   39         0.24318    0.38371  57.8%   271 10434s
 3918310 3656554    0.36047   38   65    0.24318    0.38370  57.8%   271 10443s
 3921578 3659514     cutoff   37         0.24318    0.38368  57.8%   271 10451s
 3924775 3662755    0.37166   35   63    0.24318    0.38367  57.8%   271 10460s
 3928302 3665981    0.37023   39   59    0.24318    0.38365  57.8%   271 10468s
 3931826 3669222    0.37533   37   65    0.24318    0.38363  57.8%   271 10476s
 3935384 3672324    0.36770   36   60    0.24318    0.38362  57.8%   271 10485s
 3938821 3675178    0.36464   33   71    0.24318    0.38360  57.7%   271 10492s
 3941937 3678233    0.37150   41   58    0.24318    0.38358  57.7%   271 10498s
 3945276 3681272    0.35072   39   60    0.24318    0.38356  57.7%   271 10506s
 3948624 3684285    0.36458   38   55    0.24318    0.38355  57.7%   271 10514s
 3951914 3687332    0.31064   40   49    0.24318    0.38353  57.7%   271 10522s
 3955226 3690694    0.38350   40   61    0.24318    0.38351  57.7%   271 10531s
 3958895 3693542    0.36773   39   59    0.24318    0.38349  57.7%   271 10539s
 3962070 3696826    0.36698   37   65    0.24318    0.38348  57.7%   271 10547s
 3965631 3699917    0.37029   37   68    0.24318    0.38346  57.7%   271 10554s
 3968986 3702754    0.36732   40   65    0.24318    0.38344  57.7%   271 10562s
 3972108 3705877    0.37357   39   62    0.24318    0.38343  57.7%   271 10571s
 3975546 3708965    0.37845   40   55    0.24318    0.38341  57.7%   271 10578s
 3978908 3711823    0.36451   37   64    0.24318    0.38339  57.7%   271 10587s
 3982002 3714444    0.37752   39   62    0.24318    0.38338  57.7%   271 10593s
 3984874 3717892    0.37485   37   64    0.24318    0.38336  57.6%   271 10600s
 3988568 3720937    0.38169   38   47    0.24318    0.38334  57.6%   271 10607s
 3991871 3723809     cutoff   39         0.24318    0.38332  57.6%   271 10613s
 3995001 3726810    0.37929   39   64    0.24318    0.38331  57.6%   271 10622s
 3998312 3729842    0.37981   37   67    0.24318    0.38329  57.6%   271 10631s
 4001634 3732918    0.36327   35   66    0.24318    0.38327  57.6%   271 10639s
 4004950 3735760    0.38041   38   58    0.24318    0.38326  57.6%   271 10648s
 4008060 3738992    0.37441   39   63    0.24318    0.38324  57.6%   271 10656s
 4011626 3742102    0.36155   38   69    0.24318    0.38322  57.6%   271 10664s
 4015029 3745586     cutoff   39         0.24318    0.38321  57.6%   271 10673s
 4018839 3748700    0.38229   35   65    0.24318    0.38319  57.6%   271 10681s
 4022238 3751611    0.36611   40   64    0.24318    0.38317  57.6%   271 10689s
 4025397 3754476    0.37080   40   35    0.24318    0.38316  57.6%   271 10696s
 4028559 3757423    0.37250   33   62    0.24318    0.38314  57.6%   271 10707s
 4031764 3760460    0.38198   38   59    0.24318    0.38312  57.5%   271 10715s
 4035081 3763456    0.35319   40   64    0.24318    0.38311  57.5%   271 10723s
 4038356 3766427    0.37013   36   69    0.24318    0.38309  57.5%   271 10731s
 4041618 3769529    0.36618   38   66    0.24318    0.38308  57.5%   271 10739s
 4045023 3772662    0.36694   42   64    0.24318    0.38306  57.5%   271 10747s
 4048465 3775809    0.36478   37   63    0.24318    0.38305  57.5%   270 10755s
 4051949 3775859    0.36391   40   59    0.24318    0.38303  57.5%   270 10765s
 4052005 3776346    0.37407   42   61    0.24318    0.38302  57.5%   270 10773s
 4052521 3778186    0.37634   39   66    0.24318    0.38302  57.5%   270 10782s
 4054540 3781250    0.37073   42   57    0.24318    0.38302  57.5%   270 10793s
 4057915 3783963    0.37305   36   67    0.24318    0.38302  57.5%   270 10800s

Cutting planes:
  Gomory: 11
  Lift-and-project: 18
  Projected implied bound: 39
  MIR: 168
  Mixing: 9
  Flow cover: 526
  RLT: 432
  Relax-and-lift: 40

Explored 4060905 nodes (1098269314 simplex iterations) in 10800.07 seconds (17383.39 work units)
Thread count was 32 (of 255 available processors)

Solution count 10: 0.243178 0.243178 0.243174 ... 0.243169

Time limit reached
Best objective 2.431781929529e-01, best bound 3.830020587904e-01, gap 57.4985%

User-callback calls 8581978, time in user-callback 3.45 sec
source: 0 target: 8 model_arch: 3x50 perturbation type: occ perturbation size: [0, 3.0, 3.0, 5.0] dataset: mnist
Attack:   0%|          | 0/500 [00:00<?, ?it/s]Attack:   0%|          | 1/500 [00:00<02:00,  4.13it/s]Attack:   3%|▎         | 17/500 [00:00<00:07, 61.19it/s]Attack:   7%|▋         | 33/500 [00:00<00:04, 94.57it/s]Attack:  10%|▉         | 48/500 [00:00<00:04, 112.14it/s]Attack:  13%|█▎        | 65/500 [00:00<00:03, 129.91it/s]Attack:  16%|█▋        | 82/500 [00:00<00:02, 141.64it/s]Attack:  20%|█▉        | 99/500 [00:00<00:02, 148.61it/s]Attack:  23%|██▎       | 116/500 [00:00<00:02, 152.92it/s]Attack:  26%|██▋       | 132/500 [00:01<00:02, 154.60it/s]Attack:  30%|██▉       | 148/500 [00:01<00:02, 154.02it/s]Attack:  33%|███▎      | 164/500 [00:01<00:02, 155.54it/s]Attack:  36%|███▌      | 181/500 [00:01<00:02, 157.33it/s]Attack:  40%|███▉      | 198/500 [00:01<00:01, 158.56it/s]Attack:  43%|████▎     | 214/500 [00:01<00:01, 157.40it/s]Attack:  46%|████▌     | 230/500 [00:01<00:01, 156.23it/s]Attack:  49%|████▉     | 246/500 [00:01<00:01, 155.80it/s]Attack:  52%|█████▏    | 262/500 [00:01<00:01, 154.77it/s]Attack:  56%|█████▌    | 279/500 [00:01<00:01, 157.30it/s]Attack:  59%|█████▉    | 295/500 [00:02<00:01, 156.76it/s]Attack:  62%|██████▏   | 311/500 [00:02<00:01, 156.42it/s]Attack:  65%|██████▌   | 327/500 [00:02<00:01, 155.78it/s]Attack:  69%|██████▊   | 343/500 [00:02<00:01, 154.25it/s]Attack:  72%|███████▏  | 359/500 [00:02<00:00, 150.87it/s]Attack:  75%|███████▌  | 376/500 [00:02<00:00, 154.43it/s]Attack:  79%|███████▊  | 393/500 [00:02<00:00, 156.69it/s]Attack:  82%|████████▏ | 410/500 [00:02<00:00, 157.83it/s]Attack:  85%|████████▌ | 427/500 [00:02<00:00, 159.56it/s]Attack:  89%|████████▉ | 444/500 [00:03<00:00, 160.41it/s]Attack:  92%|█████████▏| 461/500 [00:03<00:00, 162.24it/s]Attack:  96%|█████████▌| 479/500 [00:03<00:00, 165.75it/s]Attack: 100%|█████████▉| 499/500 [00:03<00:00, 175.01it/s]Attack: 100%|█████████▉| 499/500 [00:03<00:00, 148.45it/s]
best_val 0.019054055213928223
Set parameter WLSAccessID
Set parameter WLSSecret
Set parameter LicenseID to value 2478548
Academic license 2478548 - for non-commercial use only - registered to ne___@campus.technion.ac.il
Encoding the two copies...
apply_sibgate_constraints!: emitted 11 coupling lines (both-thin), 0 conditional triangles on org (org-dropped), 0 conditional triangles on pert (pert-dropped).
Encoding dependencies (activation_start=1, layers_offset=2)...
apply_n1_var_hints!: mode=VH_PREV_PGD, Start-consensus on 148 of 148 N2 binaries (pgd-silent-filled=56, pgd-agreed-nop=64, pgd-disagreed-withdrew=28, flipped=6, no-N1-match=0, Tech2-eliminated-but-survived=0)
0.2431781929528744  0.38300205879035104  10800.109995126724
Clean sample classification: 1
Perturbed sample classification: 1

══ Advanced-standard: loading N1 state from /root/Downloads/for_dana/vaghar_org/paper_experiments/mnist/3x50_exp/occ/eps_3,3,5/n1_state_3x50_19 (c_tag=1, c_target=9) ══
load_n1_state: loaded from /root/Downloads/for_dana/vaghar_org/paper_experiments/mnist/3x50_exp/occ/eps_3,3,5/n1_state_3x50_19 (c_tag=1, c_target=9, 1910 vars, 170 neurons, 0 basis)

══ Advanced-standard PASS 2: solving N2 with N1 info (c_tag=1, c_target=9) ══
set_n1_neuron_bounds: loaded 170 neuron bounds from N1
compute_n2_pert_relaxation_bounds: populated 2 ReLU layers
compute_n2_relax_decision!: τ=0.5, both=13 org-only=0 pert-only=0 none=74 (plus 13 stable neurons)
[notice | Main.MIPVerify]: Determining upper and lower bounds for the input to each non-linear unit.
Set parameter WLSAccessID
Set parameter WLSSecret
Set parameter LicenseID to value 2478548
Academic license 2478548 - for non-commercial use only - registered to ne___@campus.technion.ac.il
Set parameter TimeLimit to value 5
Set parameter TimeLimit to value 5
Set parameter WLSAccessID
Set parameter WLSSecret
Set parameter LicenseID to value 2478548
Academic license 2478548 - for non-commercial use only - registered to ne___@campus.technion.ac.il
Set parameter MIPFocus to value 3
Set parameter Cutoff to value 1.9054055213928223e-02
Set parameter Threads to value 32
Set parameter TimeLimit to value 10800
Set parameter MIPGap to value 0.01
Set parameter Seed to value 4
Set parameter Seed to value 4
Set parameter MIPGap to value 0.01
Set parameter MIPFocus to value 3
Set parameter Cutoff to value 1.9054055213928223e-02
Set parameter Threads to value 32
Set parameter TimeLimit to value 10800
Warning for adding constraints: zero or small (< 1e-13) coefficients, ignored
Gurobi Optimizer version 13.0.0 build v13.0.0rc1 (linux64 - "Ubuntu 20.04.2 LTS")

CPU model: AMD EPYC 7713 64-Core Processor, instruction set [SSE2|AVX|AVX2]
Thread count: 127 physical cores, 255 logical processors, using up to 32 threads

Non-default parameters:
Cutoff  1.9054055213928223e-02
TimeLimit  10800
MIPGap  0.01
MIPFocus  3
Seed  4
Threads  32

Academic license 2478548 - for non-commercial use only - registered to ne___@campus.technion.ac.il
Optimize a model with 1643 rows, 1891 columns and 158215 nonzeros (Max)
Model fingerprint: 0x53496756
Model has 1 linear objective coefficients
Variable types: 1743 continuous, 148 integer (148 binary)
Coefficient statistics:
  Matrix range     [1e-13, 3e+01]
  Objective range  [1e+00, 1e+00]
  Bounds range     [2e-09, 3e+01]
  RHS range        [4e-13, 3e+01]

User MIP start produced solution with objective 0.104525 (1.08s)
User MIP start produced solution with objective 0.104526 (1.87s)
User MIP start produced solution with objective 0.107605 (2.05s)
User MIP start produced solution with objective 0.117334 (2.05s)
User MIP start produced solution with objective 0.120032 (2.06s)
User MIP start produced solution with objective 0.120701 (2.12s)
User MIP start produced solution with objective 0.120701 (2.14s)
Loaded user MIP start with objective 0.120701
Processed MIP start in 2.14 seconds (1.33 work units)

Presolve removed 987 rows and 790 columns
Presolve time: 0.58s
Presolved: 656 rows, 1101 columns, 121148 nonzeros
Variable types: 953 continuous, 148 integer (148 binary)
Root relaxation presolve removed 11 rows and 10 columns
Root relaxation presolved: 645 rows, 1091 columns, 120033 nonzeros


Root relaxation: objective 5.412480e-01, 1506 iterations, 0.38 seconds (0.30 work units)

    Nodes    |    Current Node    |     Objective Bounds      |     Work
 Expl Unexpl |  Obj  Depth IntInf | Incumbent    BestBd   Gap | It/Node Time

     0     0    0.54125    0   78    0.12070    0.54125   348%     -    3s
     0     0    0.52743    0   80    0.12070    0.52743   337%     -    4s
     0     0    0.52743    0   79    0.12070    0.52743   337%     -    4s
     0     0    0.49636    0   79    0.12070    0.49636   311%     -    5s
     0     0    0.49485    0   79    0.12070    0.49485   310%     -    6s
     0     0    0.47647    0   84    0.12070    0.47647   295%     -    6s
     0     0    0.47647    0   83    0.12070    0.47647   295%     -    6s
     0     0    0.47010    0   82    0.12070    0.47010   289%     -    6s
     0     0    0.46839    0   81    0.12070    0.46839   288%     -    7s
     0     0    0.46839    0   81    0.12070    0.46839   288%     -    7s
     0     0    0.46724    0   81    0.12070    0.46724   287%     -    8s
     0     0    0.46724    0   81    0.12070    0.46724   287%     -    8s
     0     2    0.46724    0   81    0.12070    0.46724   287%     -    8s
    63    96    0.45287    6   73    0.12070    0.46724   287%   492   10s
   610   643    0.42880   13   70    0.12070    0.44032   265%   202   15s
H  738   741                       0.1207008    0.43862   263%   218   16s
H  873   888                       0.1207008    0.43711   262%   223   18s
H  875   888                       0.1207012    0.43707   262%   223   18s
  1087  1143    0.43549   13   70    0.12070    0.43579   261%   212   20s
  1932  2035    0.42939   14   68    0.12070    0.42974   256%   221   25s
H 2287  2365                       0.1231512    0.42827   248%   219   26s
H 2885  2886                       0.1231512    0.42686   247%   220   37s
H 2885  2886                       0.1231516    0.42686   247%   220   44s
  2886  2887    0.37276   18   81    0.12315    0.42686   247%   220   46s
  2891  2890    0.35366   16   84    0.12315    0.42686   247%   219   50s
  2894  2892    0.42113   10   84    0.12315    0.42686   247%   219   56s
  2926  2947    0.42686   20   65    0.12315    0.42686   247%   228   60s
  3151  3115    0.38876   23   53    0.12315    0.42686   247%   252   65s
  3280  3190    0.38349   23   74    0.12315    0.41190   234%   266   71s
  3415  3280    0.35700   22   73    0.12315    0.40288   227%   283   75s
  3561  3388    0.37157   23   80    0.12315    0.38877   216%   296   80s
  3704  3482    0.35903   25   69    0.12315    0.38117   210%   312   85s
H 3881  3479                       0.1539526    0.37754   145%   322   89s
  3956  3638    0.34191   25   75    0.15395    0.37648   145%   325   90s
  4646  4084    0.34991   25   73    0.15395    0.36979   140%   347   95s
  5039  4207    0.35439   23   72    0.15395    0.36562   137%   361  102s
  5103  4250    0.34569   25   48    0.15395    0.36315   136%   365  106s
H 5142  4131                       0.1539788    0.36197   135%   367  108s
  5167  4299    0.34111   25   64    0.15398    0.36150   135%   369  110s
  5741  4725    0.34238   26   48    0.15398    0.35738   132%   372  115s
H 6092  4698                       0.1539790    0.35480   130%   374  116s
  6722  5284    0.34718   26   67    0.15398    0.35128   128%   377  121s
  7151  5585    0.33380   26   70    0.15398    0.34861   126%   380  125s
  8084  6334    0.33881   27   71    0.15398    0.34499   124%   383  130s
  9302  7156    0.32911   27   74    0.15398    0.34139   122%   382  135s
 10559  8114    0.33236   26   65    0.15398    0.33631   118%   382  141s
 11413  9093    0.32938   28   55    0.15398    0.33364   117%   382  146s
 13262 11061    0.31730   28   73    0.15398    0.32982   114%   382  152s
 14661 12604    0.31481   28   75    0.15398    0.32698   112%   380  157s
 15510 13402    0.30579   27   54    0.15398    0.32599   112%   377  160s
 18089 16064    0.32071   28   70    0.15398    0.32164   109%   370  167s
 18985 17005    0.31638   26   76    0.15398    0.32062   108%   369  170s
H19961 17069                       0.1554001    0.31914   105%   367  177s
H19965 17069                       0.1559355    0.31880   104%   367  177s
H19987 17069                       0.1564038    0.31867   104%   367  177s
 19993 18089    0.30540   27   65    0.15640    0.31856   104%   367  180s
 21872 20039    0.30264   30   65    0.15640    0.31672   103%   364  187s
 22977 21171    0.30947   28   73    0.15640    0.31546   102%   362  190s
H24147 21203                       0.1564039    0.31371   101%   360  194s
 24151 21274    0.30950   28   46    0.15640    0.31368   101%   360  199s
H24153 21274                       0.1564103    0.31368   101%   360  199s
 24224 22445    0.29314   29   74    0.15641    0.31343   100%   360  203s
 25410 23687    0.30857   31   67    0.15641    0.31258   100%   357  206s
 27875 26324    0.31023   28   72    0.15641    0.31038  98.4%   353  213s
 29306 28175    0.29778   29   56    0.15641    0.30919  97.7%   350  219s
 31177 29343    0.29752   29   53    0.15641    0.30788  96.8%   347  223s
 32349 30554    0.29189   30   73    0.15641    0.30686  96.2%   346  227s
 33564 31862    0.30520   28   73    0.15641    0.30620  95.8%   345  231s
 35995 34359    0.30308   29   73    0.15641    0.30472  94.8%   342  239s
 37405 35888    0.29344   30   47    0.15641    0.30392  94.3%   341  243s
 38940 37401    0.29792   28   73    0.15641    0.30317  93.8%   339  247s
 40468 38948    0.29066   30   67    0.15641    0.30233  93.3%   338  252s
 42017 40670    0.29127   30   52    0.15641    0.30158  92.8%   337  256s
 43759 42381    0.30077   29   66    0.15641    0.30078  92.3%   336  261s
 45495 44060    0.28159   29   71    0.15641    0.29981  91.7%   334  266s
 47192 45805    0.29013   30   73    0.15641    0.29903  91.2%   334  272s
 48959 47687    0.28258   29   70    0.15641    0.29823  90.7%   333  277s
 50868 49639    0.28303   31   68    0.15641    0.29740  90.1%   332  283s
 52834 51433    0.29471   29   69    0.15641    0.29664  89.7%   331  289s
 54669 53631    0.29313   29   76    0.15641    0.29609  89.3%   331  295s
 56892 55863    0.28648   28   77    0.15641    0.29523  88.8%   330  302s
 59140 58782    0.28166   29   61    0.15641    0.29443  88.2%   329  310s
 62085 61116    0.27396   29   73    0.15641    0.29351  87.7%   329  316s
 64433 63734    0.29118   29   64    0.15641    0.29262  87.1%   328  322s
 67092 63795    0.29172   27   73    0.15641    0.29173  86.5%   327  329s
H67102 63794                       0.1570656    0.29164  85.7%   327  329s
 67153 66524    0.27732   28   70    0.15707    0.29155  85.6%   327  336s
 69919 69342    0.28700   32   69    0.15707    0.29074  85.1%   327  342s
 72777 72135    0.28027   30   64    0.15707    0.28994  84.6%   326  349s
 75635 75245    0.27434   32   72    0.15707    0.28919  84.1%   325  358s
 78799 78566    0.27049   29   67    0.15707    0.28832  83.6%   325  367s
 82177 81904    0.28553   30   73    0.15707    0.28744  83.0%   324  376s
 85570 85281    0.28561   29   65    0.15707    0.28669  82.5%   323  386s
 89009 89296    0.28433   30   68    0.15707    0.28583  82.0%   322  397s
 93087 92570    0.28449   30   51    0.15707    0.28502  81.5%   321  407s
 96415 95898    0.27577   29   76    0.15707    0.28421  80.9%   320  416s
 99802 99054    0.27065   36   54    0.15707    0.28352  80.5%   320  425s
 103004 102302    0.27417   32   71    0.15707    0.28294  80.1%   320  435s
 106300 105574    0.27581   29   56    0.15707    0.28227  79.7%   319  444s
 109627 105606    0.27716   33   68    0.15707    0.28161  79.3%   319  457s
H109638 105606                       0.1570656    0.28157  79.3%   319  457s
 109659 105736    0.28087   28   73    0.15707    0.28151  79.2%   319  467s
H109663 105736                       0.1570656    0.28151  79.2%   319  467s
H109665 105736                       0.1570679    0.28150  79.2%   319  467s
 109789 109165    0.27730   34   69    0.15707    0.28147  79.2%   319  477s
H113328 109196                       0.1573877    0.28091  78.5%   318  490s
H113356 109196                       0.1573883    0.28080  78.4%   318  490s
 113361 112207    0.27677   29   48    0.15739    0.28080  78.4%   318  500s
 116467 115827    0.27641   31   69    0.15739    0.28025  78.1%   318  511s
 120193 119809    0.24897   30   77    0.15739    0.27964  77.7%   317  522s
 124278 123286    0.27750   31   71    0.15739    0.27895  77.2%   316  529s
 127870 126557    0.27803   28   65    0.15739    0.27833  76.8%   315  537s
 131241 129585    0.27639   32   70    0.15739    0.27784  76.5%   315  544s
 134333 133023    0.26527   31   72    0.15739    0.27739  76.2%   314  553s
 137862 136326    0.27142   32   44    0.15739    0.27681  75.9%   313  562s
 141277 139502    0.27091   32   45    0.15739    0.27637  75.6%   313  571s
 144536 142502    0.26944   34   66    0.15739    0.27595  75.3%   312  580s
 147638 145893    0.27108   32   48    0.15739    0.27550  75.0%   312  590s
 151132 149930    0.26133   32   73    0.15739    0.27503  74.7%   311  600s
 155289 152885    0.27446   28   73    0.15739    0.27451  74.4%   311  608s
 158325 156281    0.25556   32   72    0.15739    0.27410  74.2%   310  617s
 161794 159706    0.25550   29   68    0.15739    0.27371  73.9%   310  626s
 165320 162675    0.27311   31   73    0.15739    0.27331  73.7%   309  635s
 168375 165985    0.25917   32   70    0.15739    0.27301  73.5%   309  645s
 171770 169227    0.26820   32   65    0.15739    0.27257  73.2%   309  652s
 175145 172400    0.25476   32   64    0.15739    0.27220  73.0%   308  658s
 178448 172442    0.25586   34   53    0.15739    0.27187  72.7%   308  666s
H178449 172442                       0.1573888    0.27187  72.7%   308  666s
H178466 172430                       0.1583382    0.27180  71.7%   308  666s
 178490 175694    0.26792   30   64    0.15834    0.27176  71.6%   308  676s
 181897 179456    0.26753   33   55    0.15834    0.27147  71.5%   308  687s
 185821 182662    0.25505   33   69    0.15834    0.27106  71.2%   307  696s
 189127 185850    0.27053   30   46    0.15834    0.27068  71.0%   307  705s
 192437 189000    0.26804   33   69    0.15834    0.27034  70.7%   307  714s
 195742 192236    0.25485   31   71    0.15834    0.27000  70.5%   307  724s
 199108 195470    0.24901   30   75    0.15834    0.26965  70.3%   306  733s
 202457 198690    0.26060   32   75    0.15834    0.26935  70.1%   306  742s
 205761 201895    0.26502   29   68    0.15834    0.26901  69.9%   306  751s
 209063 205173    0.25175   32   69    0.15834    0.26870  69.7%   306  760s
 212430 208916    0.25711   30   65    0.15834    0.26835  69.5%   306  771s
 216301 211888    0.25825   31   69    0.15834    0.26799  69.3%   305  780s
 219358 214145    0.25903   29   69    0.15834    0.26769  69.1%   305  791s
H220322 214145                       0.1583382    0.26767  69.1%   305  791s
H220767 214145                       0.1583382    0.26766  69.0%   305  791s
 221714 217419    0.25726   33   68    0.15834    0.26765  69.0%   305  801s
 225092 220909    0.26621   30   63    0.15834    0.26741  68.9%   305  809s
 228715 224268    0.25615   31   66    0.15834    0.26687  68.5%   305  819s
 232202 227545    0.25770   34   70    0.15834    0.26655  68.3%   305  829s
 235610 230982    0.25683   31   63    0.15834    0.26626  68.2%   304  839s
 239123 231014    0.26268   32   57    0.15834    0.26596  68.0%   304  850s
H239125 231012                       0.1584310    0.26596  67.9%   304  850s
H239132 231012                       0.1584311    0.26594  67.9%   304  850s
 239155 234465    0.24981   34   53    0.15843    0.26591  67.8%   304  860s
 242727 238149    0.25044   33   64    0.15843    0.26569  67.7%   304  869s
 246549 241268    0.25709   32   63    0.15843    0.26535  67.5%   304  877s
 249792 244545    0.25288   34   65    0.15843    0.26508  67.3%   304  885s
 253145 247631    0.25595   32   61    0.15843    0.26485  67.2%   304  895s
 256343 250751    0.24466   37   59    0.15843    0.26456  67.0%   303  904s
 259573 253921    0.26012   30   73    0.15843    0.26431  66.8%   303  913s
 262865 257155    0.24887   33   72    0.15843    0.26408  66.7%   303  923s
 266235 260105     cutoff   33         0.15843    0.26382  66.5%   303  932s
 269307 263469    0.26208   32   71    0.15843    0.26356  66.4%   303  939s
 272824 266988    0.25137   36   61    0.15843    0.26329  66.2%   303  949s
 276507 270095    0.26218   31   66    0.15843    0.26305  66.0%   303  958s
 279716 273415     cutoff   40         0.15843    0.26283  65.9%   303  968s
 283189 276725    0.25651   32   68    0.15843    0.26258  65.7%   303  977s
 286599 280023    0.24933   32   71    0.15843    0.26237  65.6%   302  987s
 289972 283244    0.22824   31   63    0.15843    0.26215  65.5%   302  996s
 293327 286397    0.26078   31   64    0.15843    0.26190  65.3%   302 1006s
 296605 289611    0.25659   33   54    0.15843    0.26171  65.2%   302 1015s
 299931 292862    0.25641   32   65    0.15843    0.26148  65.0%   302 1024s
 303266 292893    0.25095   32   64    0.15843    0.26126  64.9%   302 1036s
H303293 292893                       0.1584312    0.26123  64.9%   302 1036s
 303299 299717    0.26060   32   66    0.15843    0.26123  64.9%   302 1057s
 310389 303038    0.25539   37   63    0.15843    0.26079  64.6%   302 1067s
 313837 306395    0.25860   31   71    0.15843    0.26062  64.5%   302 1077s
 317322 309699    0.24991   32   65    0.15843    0.26041  64.4%   302 1087s
 320777 312964 infeasible   30         0.15843    0.26021  64.2%   301 1096s
 324165 316129    0.24605   35   63    0.15843    0.26001  64.1%   301 1105s
 327454 319401    0.25313   37   64    0.15843    0.25982  64.0%   301 1115s
 330849 322686    0.25531   34   61    0.15843    0.25963  63.9%   301 1124s
 334258 326158    0.25701   35   45    0.15843    0.25941  63.7%   301 1132s
 337852 329408    0.25554   34   65    0.15843    0.25922  63.6%   301 1138s
 341230 332537    0.24727   31   65    0.15843    0.25904  63.5%   301 1147s
 344476 335722    0.25784   34   68    0.15843    0.25886  63.4%   301 1156s
 347830 338977    0.25548   33   70    0.15843    0.25866  63.3%   301 1166s
 351199 342230    0.25581   36   65    0.15843    0.25849  63.2%   301 1175s
 354575 344276    0.25653   34   62    0.15843    0.25833  63.1%   300 1187s
H355051 344276                       0.1584312    0.25830  63.0%   300 1187s
H356069 344276                       0.1584312    0.25829  63.0%   300 1187s
H356070 344276                       0.1584313    0.25829  63.0%   300 1187s
 356720 346734    0.24503   36   48    0.15843    0.25828  63.0%   300 1197s
 359286 349195    0.24869   33   48    0.15843    0.25825  63.0%   300 1208s
H361738 349195                       0.1584320    0.25817  63.0%   300 1208s
 361838 352538    0.25668   31   69    0.15843    0.25814  62.9%   300 1220s
 365318 356020    0.25487   31   66    0.15843    0.25791  62.8%   300 1231s
H368940 356052                       0.1584321    0.25754  62.6%   300 1243s
H368958 356052                       0.1584321    0.25751  62.5%   300 1243s
 368972 359419    0.25037   33   74    0.15843    0.25751  62.5%   300 1253s
 372458 362692    0.24862   34   70    0.15843    0.25734  62.4%   300 1263s
 375833 365813    0.25040   33   64    0.15843    0.25717  62.3%   300 1273s
 379062 369102    0.25013   33   69    0.15843    0.25704  62.2%   300 1282s
 382481 372382    0.24428   33   65    0.15843    0.25684  62.1%   300 1291s
 385890 372413    0.24388   34   68    0.15843    0.25668  62.0%   300 1303s
H385901 372413                       0.1584321    0.25667  62.0%   300 1303s
 385923 372614 infeasible   30         0.15843    0.25666  62.0%   300 1312s
 386138 373577    0.25455   33   68    0.15843    0.25665  62.0%   300 1323s
 387147 375439    0.25635   33   55    0.15843    0.25664  62.0%   300 1331s
 389090 378006    0.25612   32   61    0.15843    0.25663  62.0%   300 1346s
 391748 380833    0.23730   34   68    0.15843    0.25660  62.0%   300 1363s
 394684 383825    0.24921   35   43    0.15843    0.25654  61.9%   300 1372s
 397748 387278     cutoff   34         0.15843    0.25637  61.8%   300 1382s
H397749 387278                       0.1584321    0.25637  61.8%   300 1382s
 401339 391116    0.25153   33   68    0.15843    0.25606  61.6%   300 1394s
 405296 394693    0.24505   32   68    0.15843    0.25574  61.4%   300 1403s
 409015 398216    0.24621   34   69    0.15843    0.25556  61.3%   299 1413s
 412675 401363    0.25007   32   68    0.15843    0.25540  61.2%   299 1422s
 415953 404544    0.24981   33   68    0.15843    0.25524  61.1%   299 1432s
H417598 404544                       0.1584321    0.25523  61.1%   299 1432s
H419237 404575                       0.1584322    0.25509  61.0%   299 1446s
 419270 407868    0.25323   34   66    0.15843    0.25507  61.0%   299 1456s
 422725 410995    0.24645   31   71    0.15843    0.25493  60.9%   299 1468s
 425972 414400     cutoff   35         0.15843    0.25477  60.8%   299 1480s
 429501 417821    0.24679   31   70    0.15843    0.25463  60.7%   299 1491s
 433052 421108    0.24864   33   66    0.15843    0.25446  60.6%   299 1501s
 436468 424400    0.24162   36   64    0.15843    0.25430  60.5%   299 1511s
 439902 427575    0.23490   34   61    0.15843    0.25414  60.4%   299 1521s
 443258 430883    0.24013   39   62    0.15843    0.25397  60.3%   299 1529s
 446697 434075    0.23070   33   69    0.15843    0.25382  60.2%   299 1538s
 450001 437323    0.24145   34   63    0.15843    0.25368  60.1%   299 1548s
 453378 440489    0.24530   36   61    0.15843    0.25353  60.0%   299 1558s
 456674 444040    0.25038   36   59    0.15843    0.25339  59.9%   299 1569s
 460400 447303    0.24255   34   64    0.15843    0.25324  59.8%   299 1580s
 463777 450437    0.23858   34   67    0.15843    0.25309  59.7%   298 1590s
 467046 453708    0.24634   31   68    0.15843    0.25294  59.7%   298 1600s
 470415 456846     cutoff   31         0.15843    0.25281  59.6%   298 1609s
 473695 460036    0.23776   32   70    0.15843    0.25268  59.5%   298 1619s
 477023 463370    0.25083   31   70    0.15843    0.25253  59.4%   298 1630s
 480490 466355    0.24886   35   56    0.15843    0.25240  59.3%   298 1640s
 483628 469583    0.23707   34   64    0.15843    0.25227  59.2%   298 1650s
 486991 473116    0.24405   30   74    0.15843    0.25213  59.1%   298 1661s
 490705 476376    0.25140   32   50    0.15843    0.25198  59.0%   298 1671s
 494088 479587    0.24704   34   71    0.15843    0.25186  59.0%   298 1680s
 497425 482721    0.24635   33   69    0.15843    0.25173  58.9%   298 1690s
 500719 485890    0.24472   33   68    0.15843    0.25161  58.8%   298 1700s
 504035 489170    0.23856   36   65    0.15843    0.25148  58.7%   298 1709s
 507445 492213    0.23837   33   69    0.15843    0.25135  58.7%   297 1719s
 510618 495350    0.24323   34   67    0.15843    0.25123  58.6%   297 1729s
 513893 498546    0.24778   35   67    0.15843    0.25110  58.5%   297 1738s
 517228 502139    0.23872   31   73    0.15843    0.25100  58.4%   297 1747s
 521000 505178    0.24467   31   69    0.15843    0.25084  58.3%   297 1756s
 524162 508326    0.23820   34   63    0.15843    0.25071  58.2%   297 1765s
 527456 511375    0.24526   34   69    0.15843    0.25058  58.2%   297 1775s
 530654 514656    0.23988   33   65    0.15843    0.25046  58.1%   297 1784s
 534118 517843    0.23171   33   73    0.15843    0.25033  58.0%   297 1793s
 537429 521011    0.24281   35   64    0.15843    0.25021  57.9%   297 1803s
 540748 524177    0.24630   36   66    0.15843    0.25010  57.9%   297 1812s
 544054 527211    0.23994   34   71    0.15843    0.24999  57.8%   297 1822s
 547207 530727    0.23467   32   70    0.15843    0.24988  57.7%   297 1833s
 550858 533844    0.23891   33   68    0.15843    0.24975  57.6%   297 1842s
 554104 536882    0.23596   33   54    0.15843    0.24963  57.6%   297 1852s
 557287 540084    0.24411   34   65    0.15843    0.24952  57.5%   297 1862s
 560649 543411    0.24248   33   49    0.15843    0.24941  57.4%   297 1871s
 564123 546499    0.23753   35   57    0.15843    0.24928  57.3%   296 1881s
 567353 549544    0.23977   34   66    0.15843    0.24917  57.3%   296 1890s
 570532 552798    0.24312   37   41    0.15843    0.24907  57.2%   296 1899s
 573972 556018    0.24034   33   67    0.15843    0.24896  57.1%   296 1909s
 577349 559599    0.23754   34   65    0.15843    0.24885  57.1%   296 1919s
 581087 562636    0.23749   36   66    0.15843    0.24873  57.0%   296 1928s
 584240 565563    0.24192   34   61    0.15843    0.24862  56.9%   296 1938s
 587315 568752    0.24172   33   58    0.15843    0.24852  56.9%   296 1947s
 590656 571979    0.24645   33   63    0.15843    0.24843  56.8%   296 1957s
 594037 575249    0.23678   30   65    0.15843    0.24832  56.7%   296 1965s
 597488 578429    0.24605   33   49    0.15843    0.24819  56.7%   296 1972s
 600833 581636    0.24039   38   61    0.15843    0.24808  56.6%   296 1980s
 604181 584454    0.23799   33   63    0.15843    0.24798  56.5%   296 1989s
 607154 587969    0.23903   34   64    0.15843    0.24789  56.5%   296 1999s
 610825 591145    0.23557   34   66    0.15843    0.24777  56.4%   296 2008s
 614153 593887    0.23784   33   68    0.15843    0.24767  56.3%   296 2017s
 617005 597269    0.23715   32   71    0.15843    0.24758  56.3%   296 2027s
 620538 600624    0.24563   33   65    0.15843    0.24748  56.2%   296 2036s
 624040 603996    0.24209   33   68    0.15843    0.24737  56.1%   296 2046s
 627591 607209    0.24129   36   72    0.15843    0.24727  56.1%   295 2055s
 630938 607241    0.24543   34   66    0.15843    0.24717  56.0%   295 2068s
 630970 607273    0.24364   33   51    0.15843    0.24715  56.0%   295 2082s
H630979 607273                       0.1584322    0.24715  56.0%   295 2082s
 631002 607447    0.23549   33   70    0.15843    0.24715  56.0%   295 2094s
 631180 607681    0.24464   34   48    0.15843    0.24714  56.0%   295 2105s
 631428 608009    0.24515   33   67    0.15843    0.24714  56.0%   295 2119s
 631764 608492    0.23593   33   72    0.15843    0.24713  56.0%   295 2134s
 632273 609037    0.23240   35   67    0.15843    0.24713  56.0%   295 2147s
 632835 610387    0.24044   35   60    0.15843    0.24712  56.0%   295 2161s
 634246 612745    0.24418   32   62    0.15843    0.24712  56.0%   295 2174s
 636716 615347    0.23397   33   71    0.15843    0.24711  56.0%   295 2185s
 639422 618759    0.24190   36   66    0.15843    0.24707  55.9%   295 2199s
 643002 621756    0.23697   34   65    0.15843    0.24702  55.9%   295 2211s
 646149 625519    0.23621   32   69    0.15843    0.24690  55.8%   295 2224s
 650075 629275    0.24578   32   69    0.15843    0.24676  55.8%   295 2243s
 654023 632984    0.23712   32   68    0.15843    0.24665  55.7%   295 2254s
 657655 632984    0.23839   34   64    0.15843    0.24653  55.6%   295 2255s
 657915 636542    0.23931   37   65    0.15843    0.24648  55.6%   295 2266s
 661645 640116    0.23696   34   69    0.15843    0.24637  55.5%   295 2278s
 665380 643589    0.22864   32   66    0.15843    0.24622  55.4%   295 2289s
 669065 647336    0.24509   33   63    0.15843    0.24608  55.3%   295 2300s
 672983 650355    0.24299   35   65    0.15843    0.24597  55.3%   294 2309s
 673560 650355    0.24108   36   47    0.15843    0.24596  55.2%   294 2310s
 676125 652760    0.24214   36   64    0.15843    0.24588  55.2%   294 2322s
H676654 652760                       0.1584322    0.24588  55.2%   294 2322s
H677072 652760                       0.1584324    0.24588  55.2%   294 2322s
 678652 655434    0.22968   38   63    0.15843    0.24587  55.2%   294 2333s
 681465 658335    0.23834   36   67    0.15843    0.24585  55.2%   294 2343s
 684532 661282    0.22840   40   61    0.15843    0.24578  55.1%   294 2356s
 687640 664619    0.24480   37   62    0.15843    0.24571  55.1%   294 2368s
 691139 668228    0.23888   37   70    0.15843    0.24561  55.0%   294 2379s
 694888 671526    0.23765   33   54    0.15843    0.24540  54.9%   294 2390s
 698348 674934    0.22759   34   72    0.15843    0.24530  54.8%   294 2400s
 701937 678404    0.18970   34   65    0.15843    0.24521  54.8%   294 2411s
 705556 681601    0.23859   32   58    0.15843    0.24512  54.7%   294 2419s
 708914 684756    0.23553   34   48    0.15843    0.24502  54.7%   294 2429s
 712213 687965    0.22539   36   68    0.15843    0.24494  54.6%   294 2438s
 715559 691236    0.23526   35   45    0.15843    0.24485  54.5%   294 2445s
 718973 694491    0.24383   34   49    0.15843    0.24477  54.5%   294 2454s
 722379 697478    0.23038   37   65    0.15843    0.24468  54.4%   294 2464s
 725514 700604    0.24199   30   72    0.15843    0.24460  54.4%   294 2473s
 728815 704179    0.24331   31   68    0.15843    0.24452  54.3%   293 2485s
 732586 707258    0.23453   36   58    0.15843    0.24442  54.3%   293 2494s
 735805 710497    0.22696   35   49    0.15843    0.24434  54.2%   293 2504s
 739178 713744    0.23533   34   76    0.15843    0.24425  54.2%   293 2514s
 742588 716982    0.23079   35   66    0.15843    0.24417  54.1%   293 2524s
 745983 720025    0.24361   31   61    0.15843    0.24409  54.1%   293 2534s
 749163 723257    0.23852   35   67    0.15843    0.24401  54.0%   293 2543s
 752524 726456    0.23659   33   47    0.15843    0.24393  54.0%   293 2553s
 755885 729675    0.23848   31   71    0.15843    0.24384  53.9%   293 2562s
 759254 733327    0.23925   32   67    0.15843    0.24376  53.9%   293 2573s
 763058 736454    0.23332   36   47    0.15843    0.24367  53.8%   293 2582s
 766341 739675    0.24070   34   65    0.15843    0.24358  53.7%   293 2592s
 769739 742822    0.23057   34   64    0.15843    0.24351  53.7%   293 2601s
 773022 745904    0.23569   35   63    0.15843    0.24343  53.6%   293 2610s
 776244 749009    0.22563   37   64    0.15843    0.24334  53.6%   293 2620s
 779518 752044    0.23130   36   54    0.15843    0.24327  53.5%   293 2630s
 782699 755237    0.24016   36   68    0.15843    0.24318  53.5%   293 2639s
 786081 758401    0.21744   38   62    0.15843    0.24311  53.4%   293 2649s
 789399 761686    0.23620   33   69    0.15843    0.24303  53.4%   293 2660s
 792845 765121    0.23502   32   66    0.15843    0.24295  53.3%   293 2668s
 796429 768409    0.23239   33   68    0.15843    0.24286  53.3%   292 2676s
 799925 771668    0.24193   33   71    0.15843    0.24279  53.2%   292 2683s
 803388 774883    0.24183   33   63    0.15843    0.24270  53.2%   292 2692s
 806766 778128    0.23027   37   67    0.15843    0.24262  53.1%   292 2702s
 810198 781221    0.23248   33   67    0.15843    0.24255  53.1%   292 2711s
 813431 784321     cutoff   38         0.15843    0.24247  53.0%   292 2721s
 816688 787588    0.23225   32   69    0.15843    0.24239  53.0%   292 2730s
 820126 791199    0.23072   35   64    0.15843    0.24232  53.0%   292 2737s
 823924 794269    0.24028   35   65    0.15843    0.24224  52.9%   292 2745s
 827149 797408    0.23888   35   64    0.15843    0.24217  52.9%   292 2751s
 830441 800418    0.22894   34   73    0.15843    0.24209  52.8%   292 2758s
 833577 803501    0.22736   35   67    0.15843    0.24202  52.8%   292 2765s
 836841 806747    0.24020   35   66    0.15843    0.24195  52.7%   292 2772s
 840244 810059    0.23295   34   63    0.15843    0.24188  52.7%   292 2779s
 843716 813187    0.23271   34   67    0.15843    0.24181  52.6%   292 2786s
 847052 816378    0.22553   33   71    0.15843    0.24174  52.6%   292 2792s
 850400 819793    0.23582   36   46    0.15843    0.24167  52.5%   292 2800s
 853994 823011    0.23291   36   66    0.15843    0.24159  52.5%   292 2806s
 857398 826052    0.23708   32   74    0.15843    0.24150  52.4%   291 2813s
 860601 829355    0.24088   31   45    0.15843    0.24144  52.4%   291 2820s
 864070 832601    0.21632   35   52    0.15843    0.24136  52.3%   291 2827s
 867468 835780    0.24050   35   44    0.15843    0.24129  52.3%   291 2835s
 870806 838922     cutoff   36         0.15843    0.24122  52.3%   291 2842s
 874114 842191    0.23555   38   71    0.15843    0.24115  52.2%   291 2849s
 877544 845297    0.23750   32   67    0.15843    0.24108  52.2%   291 2856s
 880853 848786    0.23080   34   42    0.15843    0.24101  52.1%   291 2863s
 884559 851903    0.23205   34   60    0.15843    0.24094  52.1%   291 2870s
 887860 854993    0.23617   34   65    0.15843    0.24087  52.0%   291 2877s
 891098 858113    0.22829   36   64    0.15843    0.24080  52.0%   291 2884s
 894404 861396    0.23130   36   66    0.15843    0.24073  51.9%   291 2892s
 897861 864581    0.23112   35   66    0.15843    0.24067  51.9%   291 2899s
 901248 867613    0.23335   36   66    0.15843    0.24059  51.9%   291 2906s
 904485 870810    0.22810   34   66    0.15843    0.24053  51.8%   291 2913s
 907852 873978    0.23057   36   63    0.15843    0.24046  51.8%   291 2921s
 911148 877187    0.23739   37   55    0.15843    0.24039  51.7%   291 2929s
 914484 880728    0.23055   37   69    0.15843    0.24033  51.7%   291 2936s
 918203 883814    0.23189   34   70    0.15843    0.24026  51.6%   291 2943s
 921423 887173    0.23953   32   47    0.15843    0.24019  51.6%   291 2951s
 924994 890406    0.23342   38   42    0.15843    0.24013  51.6%   291 2959s
 928432 893729    0.22104   38   64    0.15843    0.24007  51.5%   290 2966s
 931970 896826    0.22779   31   68    0.15843    0.24000  51.5%   290 2973s
 935241 899907     cutoff   40         0.15843    0.23993  51.4%   290 2980s
 938513 903155    0.23282   36   61    0.15843    0.23987  51.4%   290 2987s
 941917 906666    0.22977   37   62    0.15843    0.23980  51.4%   290 2995s
 945623 909894    0.22823   32   67    0.15843    0.23973  51.3%   290 3003s
 949004 913055    0.23790   36   67    0.15843    0.23967  51.3%   290 3010s
 952324 916183    0.23911   32   73    0.15843    0.23960  51.2%   290 3017s
 955588 919251    0.23360   37   65    0.15843    0.23954  51.2%   290 3024s
 958858 922263    0.23554   36   66    0.15843    0.23947  51.2%   290 3031s
 962028 925306    0.23718   35   48    0.15843    0.23942  51.1%   290 3039s
 965249 928464    0.23495   38   63    0.15843    0.23935  51.1%   290 3046s
 968562 931616    0.22950   33   69    0.15843    0.23930  51.0%   290 3053s
 971861 934987    0.23105   34   65    0.15843    0.23923  51.0%   290 3061s
 975409 938247    0.23348   36   64    0.15843    0.23917  51.0%   290 3068s
 978842 941379    0.23439   34   69    0.15843    0.23911  50.9%   290 3075s
 982159 944589    0.23611   35   64    0.15843    0.23905  50.9%   290 3082s
 985541 947795    0.21987   33   63    0.15843    0.23899  50.8%   290 3089s
 988882 950844    0.22725   33   67    0.15843    0.23893  50.8%   290 3096s
 992070 954107    0.22682   34   62    0.15843    0.23888  50.8%   290 3104s
 995510 957234    0.22489   35   47    0.15843    0.23881  50.7%   290 3112s
 998794 960370    0.23776   34   63    0.15843    0.23875  50.7%   290 3119s
 1002091 963805    0.22620   35   65    0.15843    0.23869  50.7%   290 3127s
 1005705 966945    0.22581   34   68    0.15843    0.23863  50.6%   290 3135s
 1009012 970042    0.23109   33   71    0.15843    0.23857  50.6%   289 3142s
 1012308 973218    0.23081   34   68    0.15843    0.23850  50.5%   289 3150s
 1015631 976156    0.22582   32   71    0.15843    0.23844  50.5%   289 3158s
 1018740 979414    0.23722   34   50    0.15843    0.23839  50.5%   289 3165s
 1022157 982622    0.22881   33   42    0.15843    0.23832  50.4%   289 3172s
 1025555 985907    0.23176   34   68    0.15843    0.23827  50.4%   289 3180s
 1028990 989024    0.23755   32   68    0.15843    0.23820  50.3%   289 3187s
 1032267 992454    0.21560   38   67    0.15843    0.23814  50.3%   289 3194s
 1035897 995592    0.23782   34   60    0.15843    0.23808  50.3%   289 3201s
 1039214 998706    0.22471   34   68    0.15843    0.23803  50.2%   289 3208s
 1042531 1001918    0.23746   34   48    0.15843    0.23797  50.2%   289 3215s
 1045902 1005137    0.23695   34   62    0.15843    0.23791  50.2%   289 3223s
 1049270 1008428    0.21557   33   73    0.15843    0.23786  50.1%   289 3230s
 1052715 1011634    0.22242   33   72    0.15843    0.23780  50.1%   289 3237s
 1056084 1014631    0.22482   35   70    0.15843    0.23774  50.1%   289 3244s
 1059262 1017845    0.23548   35   66    0.15843    0.23769  50.0%   289 3251s
 1062655 1021377    0.23339   31   74    0.15843    0.23764  50.0%   289 3260s
 1066362 1024216    0.23096   36   53    0.15843    0.23757  50.0%   289 3267s
H1067142 1024216                       0.1584326    0.23757  49.9%   289 3268s
 1069342 1027447    0.23659   33   66    0.15843    0.23752  49.9%   289 3275s
 1072762 1030605    0.23239   37   58    0.15843    0.23747  49.9%   289 3283s
 1076103 1033676    0.22392   35   66    0.15843    0.23741  49.9%   289 3290s
 1079372 1036869    0.23110   36   59    0.15843    0.23736  49.8%   289 3297s
 1082754 1040063    0.22506   34   71    0.15843    0.23730  49.8%   288 3304s
 1086096 1043159    0.22745   35   68    0.15843    0.23724  49.7%   288 3311s
 1089358 1046355    0.23225   34   67    0.15843    0.23719  49.7%   288 3319s
 1092713 1049749    0.23538   32   68    0.15843    0.23714  49.7%   288 3326s
 1096293 1052906    0.23348   39   62    0.15843    0.23708  49.6%   288 3333s
 1099627 1055986    0.23124   36   43    0.15843    0.23703  49.6%   288 3341s
 1102886 1059181    0.23607   33   64    0.15843    0.23697  49.6%   288 3349s
 1106283 1062026    0.23691   32   67    0.15843    0.23692  49.5%   288 3356s
 1109285 1065301    0.22987   33   64    0.15843    0.23687  49.5%   288 3364s
 1112726 1068498    0.23045   34   62    0.15843    0.23681  49.5%   288 3371s
 1116109 1071564    0.23247   34   68    0.15843    0.23676  49.4%   288 3379s
 1119341 1074765    0.23060   32   73    0.15843    0.23671  49.4%   288 3386s
 1122719 1078352    0.23156   33   67    0.15843    0.23666  49.4%   288 3394s
 1126485 1081456    0.23500   35   55    0.15843    0.23660  49.3%   288 3401s
 1129783 1084512    0.22545   36   63    0.15843    0.23655  49.3%   288 3409s
 1133013 1087594    0.23064   40   56    0.15843    0.23650  49.3%   288 3416s
 1136251 1090511    0.22102   35   63    0.15843    0.23645  49.2%   288 3423s
 1139319 1093634    0.18120   37   59    0.15843    0.23640  49.2%   288 3431s
 1142633 1096781    0.21876   34   68    0.15843    0.23635  49.2%   288 3438s
 1145965 1098973    0.21558   36   71    0.15843    0.23630  49.1%   288 3446s
 1148281 1101341    0.22621   39   65    0.15843    0.23629  49.1%   288 3454s
 1150774 1103834 infeasible   34         0.15843    0.23628  49.1%   288 3462s
 1153409 1106336    0.23341   37   53    0.15843    0.23626  49.1%   288 3470s
 1156033 1109634    0.23240   33   65    0.15843    0.23622  49.1%   288 3479s
 1159524 1113261    0.22685   33   70    0.15843    0.23618  49.1%   288 3489s
 1163325 1116921    0.23486   33   73    0.15843    0.23612  49.0%   288 3498s
 1167189 1120619    0.22829   37   63    0.15843    0.23601  49.0%   287 3506s
 1171095 1124372    0.22389   35   56    0.15843    0.23591  48.9%   287 3514s
 1175032 1127793    0.22378   36   58    0.15843    0.23585  48.9%   287 3521s
 1178649 1131091    0.23578   31   65    0.15843    0.23580  48.8%   287 3529s
 1182154 1134443    0.23521   35   47    0.15843    0.23574  48.8%   287 3536s
 1185705 1137909    0.23105   37   65    0.15843    0.23569  48.8%   287 3544s
 1189369 1140764    0.22208   34   63    0.15843    0.23563  48.7%   287 3552s
 1192373 1143626    0.20364   33   75    0.15843    0.23559  48.7%   287 3559s
 1195352 1146731    0.22265   36   41    0.15843    0.23555  48.7%   287 3568s
 1198628 1150178    0.22880   34   67    0.15843    0.23550  48.6%   287 3575s
 1202264 1153513    0.22564   33   68    0.15843    0.23545  48.6%   287 3583s
 1205775 1156812    0.23043   34   73    0.15843    0.23539  48.6%   287 3590s
 1209254 1160021    0.22242   37   49    0.15843    0.23534  48.5%   287 3597s
 1212633 1163236    0.22581   38   65    0.15843    0.23529  48.5%   287 3605s
 1216008 1166784    0.22538   33   65    0.15843    0.23524  48.5%   287 3613s
 1219732 1169779    0.22828   37   68    0.15843    0.23519  48.5%   287 3620s
 1222880 1172949    0.22195   33   74    0.15843    0.23515  48.4%   287 3627s
 1226226 1175958    0.22539   34   62    0.15843    0.23511  48.4%   287 3634s
 1229386 1179003    0.21969   34   66    0.15843    0.23505  48.4%   287 3642s
 1232581 1182273    0.23238   35   46    0.15843    0.23501  48.3%   287 3650s
 1236027 1185570    0.22935   38   63    0.15843    0.23496  48.3%   287 3657s
 1239462 1188553    0.22164   38   64    0.15843    0.23491  48.3%   287 3665s
 1242611 1191612    0.23269   33   66    0.15843    0.23486  48.2%   287 3675s
 1245841 1195168    0.23468   33   59    0.15843    0.23481  48.2%   287 3685s
 1249549 1198234    0.23215   35   59    0.15843    0.23477  48.2%   287 3694s
 1252796 1201269    0.22361   35   64    0.15843    0.23472  48.2%   287 3703s
 1256008 1204417    0.22770   34   71    0.15843    0.23467  48.1%   287 3712s
 1259323 1207605    0.22488   39   66    0.15843    0.23463  48.1%   287 3721s
 1262677 1210783    0.23354   36   59    0.15843    0.23458  48.1%   286 3729s
 1266003 1213976    0.23180   35   66    0.15843    0.23453  48.0%   286 3736s
 1269353 1217156    0.23143   36   61    0.15843    0.23449  48.0%   286 3743s
 1272736 1220252    0.22774   37   65    0.15843    0.23444  48.0%   286 3750s
 1276029 1223669    0.22268   37   60    0.15843    0.23439  47.9%   286 3758s
 1279642 1226807    0.22419   35   69    0.15843    0.23435  47.9%   286 3765s
 1282936 1230067    0.23081   35   70    0.15843    0.23430  47.9%   286 3772s
 1286374 1233199    0.22079   34   62    0.15843    0.23425  47.9%   286 3779s
 1289688 1236363    0.22168   35   66    0.15843    0.23420  47.8%   286 3786s
 1293027 1239452    0.23216   37   46    0.15843    0.23416  47.8%   286 3793s
 1296266 1242610    0.23286   34   57    0.15843    0.23412  47.8%   286 3800s
 1299628 1245776    0.23066   35   64    0.15843    0.23407  47.7%   286 3807s
 1302976 1248893    0.22772   38   59    0.15843    0.23403  47.7%   286 3814s
 1306255 1252253    0.23132   35   55    0.15843    0.23398  47.7%   286 3822s
 1309800 1255560    0.22042   37   64    0.15843    0.23393  47.7%   286 3829s
 1313275 1258778    0.22262   37   47    0.15843    0.23389  47.6%   286 3837s
 1316662 1262027    0.23256   37   63    0.15843    0.23384  47.6%   286 3844s
 1320081 1265114    0.22178   37   65    0.15843    0.23380  47.6%   286 3852s
 1323385 1268237    0.22706   36   66    0.15843    0.23375  47.5%   286 3860s
 1326689 1271447    0.22720   37   63    0.15843    0.23371  47.5%   286 3869s
 1330037 1274560    0.22010   35   66    0.15843    0.23367  47.5%   286 3877s
 1333338 1277640    0.23260   36   66    0.15843    0.23363  47.5%   286 3885s
 1336569 1280976    0.23205   32   71    0.15843    0.23358  47.4%   286 3894s
 1340049 1284238    0.22454   34   65    0.15843    0.23354  47.4%   286 3902s
 1343493 1287433    0.22603   35   70    0.15843    0.23349  47.4%   286 3911s
 1346868 1290484    0.22266   38   66    0.15843    0.23345  47.3%   286 3920s
 1350105 1293443    0.22732   34   63    0.15843    0.23341  47.3%   285 3929s
 1353200 1296798    0.23041   36   68    0.15843    0.23337  47.3%   285 3937s
 1356733 1300067    0.22497   33   67    0.15843    0.23332  47.3%   285 3944s
 1360118 1303315    0.22027   36   65    0.15843    0.23328  47.2%   285 3953s
 1363533 1306446    0.22277   34   66    0.15843    0.23324  47.2%   285 3961s
 1366860 1309767    0.23274   34   60    0.15843    0.23319  47.2%   285 3969s
 1370391 1312963     cutoff   38         0.15843    0.23315  47.2%   285 3978s
 1373776 1316025    0.22342   34   66    0.15843    0.23311  47.1%   285 3986s
 1377023 1319222    0.23111   35   52    0.15843    0.23306  47.1%   285 3995s
 1380412 1322413    0.22502   35   59    0.15843    0.23301  47.1%   285 4004s
 1383748 1325396    0.23152   35   62    0.15843    0.23297  47.0%   285 4013s
 1386856 1328776    0.23216   37   63    0.15843    0.23294  47.0%   285 4021s
 1390398 1331885    0.23143   31   69    0.15843    0.23290  47.0%   285 4029s
 1393700 1334903    0.22696   37   61    0.15843    0.23285  47.0%   285 4037s
 1396870 1338429    0.22727   34   69    0.15843    0.23282  46.9%   285 4046s
 1400583 1341664    0.22298   32   67    0.15843    0.23277  46.9%   285 4055s
 1403993 1344711    0.22764   36   67    0.15843    0.23273  46.9%   285 4063s
 1407197 1347811    0.22593   33   67    0.15843    0.23269  46.9%   285 4072s
 1410465 1350871    0.22868   38   64    0.15843    0.23265  46.8%   285 4080s
 1413687 1353837    0.22189   33   48    0.15843    0.23261  46.8%   285 4090s
 1416854 1356926    0.22049   34   58    0.15843    0.23258  46.8%   285 4099s
 1420155 1360092    0.22998   40   59    0.15843    0.23253  46.8%   285 4109s
 1423467 1363205    0.22605   36   64    0.15843    0.23249  46.7%   285 4118s
 1426741 1366598    0.22936   38   66    0.15843    0.23245  46.7%   285 4130s
 1430326 1369866    0.22703   39   60    0.15843    0.23241  46.7%   285 4139s
 1433766 1372945    0.22844   33   61    0.15843    0.23237  46.7%   285 4149s
 1436987 1376042    0.21642   33   68    0.15843    0.23233  46.6%   285 4158s
 1440234 1379224    0.23227   33   73    0.15843    0.23229  46.6%   285 4168s
 1443604 1382272    0.23077   35   64    0.15843    0.23225  46.6%   285 4177s
 1446832 1385557    0.20691   38   64    0.15843    0.23221  46.6%   284 4186s
 1450317 1388654    0.21374   36   67    0.15843    0.23217  46.5%   284 4195s
 1453604 1391651    0.22659   35   62    0.15843    0.23213  46.5%   284 4204s
 1456792 1394936    0.21568   34   59    0.15843    0.23210  46.5%   284 4213s
 1460280 1398185    0.22065   33   66    0.15843    0.23205  46.5%   284 4223s
 1463731 1401395    0.22147   36   67    0.15843    0.23201  46.4%   284 4234s
 1467079 1404544    0.22197   38   59    0.15843    0.23197  46.4%   284 4243s
 1470396 1407706    0.22368   35   70    0.15843    0.23193  46.4%   284 4253s
 1473776 1410868     cutoff   37         0.15843    0.23190  46.4%   284 4263s
 1477147 1413993    0.21584   38   47    0.15843    0.23186  46.3%   284 4272s
 1480459 1416965    0.22019   36   64    0.15843    0.23182  46.3%   284 4282s
 1483609 1420116    0.21818   37   65    0.15843    0.23178  46.3%   284 4291s
 1486988 1423565    0.22725   33   65    0.15843    0.23174  46.3%   284 4302s
 1490663 1426692    0.21968   36   67    0.15843    0.23169  46.2%   284 4311s
 1493961 1429608    0.21336   36   64    0.15843    0.23166  46.2%   284 4321s
 1497072 1432933    0.23140   35   64    0.15843    0.23162  46.2%   284 4330s
 1500600 1436043    0.22312   34   52    0.15843    0.23158  46.2%   284 4338s
 1503856 1439109    0.21625   33   62    0.15843    0.23154  46.1%   284 4348s
 1507067 1442251     cutoff   34         0.15843    0.23150  46.1%   284 4356s
 1510382 1445294    0.22898   34   62    0.15843    0.23147  46.1%   284 4364s
 1513588 1448421    0.22124   38   61    0.15843    0.23143  46.1%   284 4371s
 1516886 1451772    0.22705   36   69    0.15843    0.23139  46.0%   284 4382s
 1520469 1454710    0.22178   34   64    0.15843    0.23135  46.0%   284 4392s
 1523574 1457962    0.23067   36   43    0.15843    0.23131  46.0%   284 4402s
 1527038 1460971    0.23038   33   68    0.15843    0.23127  46.0%   284 4412s
 1530229 1464169    0.22153   35   64    0.15843    0.23123  45.9%   284 4421s
 1533624 1467441    0.21937   36   62    0.15843    0.23119  45.9%   284 4430s
 1537095 1470581    0.22432   38   70    0.15843    0.23115  45.9%   284 4440s
 1540419 1473713    0.21802   35   68    0.15843    0.23112  45.9%   284 4450s
 1543746 1476856    0.22337   37   48    0.15843    0.23108  45.9%   284 4459s
 1547068 1480067    0.22177   36   68    0.15843    0.23105  45.8%   284 4469s
 1550458 1483399    0.22307   36   64    0.15843    0.23101  45.8%   284 4479s
 1554033 1486540    0.23065   34   50    0.15843    0.23097  45.8%   283 4488s
 1557351 1489806    0.22136   34   60    0.15843    0.23093  45.8%   283 4497s
 1560800 1493053    0.22519   37   64    0.15843    0.23089  45.7%   283 4506s
 1564261 1496076    0.22146   38   42    0.15843    0.23085  45.7%   283 4513s
 1567482 1499259    0.22022   35   63    0.15843    0.23081  45.7%   283 4523s
 1570831 1502326    0.22596   36   62    0.15843    0.23078  45.7%   283 4533s
 1574105 1505311    0.22065   34   69    0.15843    0.23074  45.6%   283 4540s
 1577258 1508745    0.23058   38   58    0.15843    0.23070  45.6%   283 4548s
 1580883 1511905    0.22984   36   50    0.15843    0.23067  45.6%   283 4555s
 1584205 1514913    0.22650   38   62    0.15843    0.23063  45.6%   283 4562s
 1587360 1518210    0.16950   36   65    0.15843    0.23060  45.5%   283 4570s
 1590838 1521351    0.22094   35   65    0.15843    0.23055  45.5%   283 4578s
 1594118 1524282    0.22321   39   60    0.15843    0.23052  45.5%   283 4587s
 1597199 1527531    0.22614   33   68    0.15843    0.23049  45.5%   283 4595s
 1600674 1530829    0.22985   34   64    0.15843    0.23045  45.5%   283 4602s
 1604132 1533673    0.22479   36   67    0.15843    0.23041  45.4%   283 4610s
 1607130 1537089    0.21317   37   73    0.15843    0.23038  45.4%   283 4617s
 1610754 1540199    0.22815   36   66    0.15843    0.23034  45.4%   283 4627s
 1614055 1543455    0.22019   37   68    0.15843    0.23030  45.4%   283 4637s
 1617483 1546585    0.22857   32   68    0.15843    0.23027  45.3%   283 4647s
 1620737 1549775    0.22708   36   65    0.15843    0.23023  45.3%   283 4656s
 1624076 1552568    0.23004   34   64    0.15843    0.23020  45.3%   283 4665s
 1627007 1555849    0.22632   36   60    0.15843    0.23016  45.3%   283 4674s
 1630505 1558948    0.21671   35   64    0.15843    0.23012  45.3%   283 4682s
 1633792 1562060    0.22693   39   64    0.15843    0.23009  45.2%   283 4691s
 1637109 1565445    0.22457   36   62    0.15843    0.23005  45.2%   283 4701s
 1640713 1568707    0.22146   35   63    0.15843    0.23001  45.2%   283 4709s
 1644167 1571730    0.22574   32   63    0.15843    0.22998  45.2%   283 4719s
 1647356 1574793    0.21828   37   65    0.15843    0.22995  45.1%   283 4728s
 1650608 1577872    0.22051   37   63    0.15843    0.22991  45.1%   283 4738s
 1653844 1580969     cutoff   38         0.15843    0.22988  45.1%   283 4747s
 1657140 1584026    0.22097   36   62    0.15843    0.22984  45.1%   283 4756s
 1660398 1587267    0.21952   37   69    0.15843    0.22981  45.1%   283 4765s
 1663853 1590360    0.22469   36   64    0.15843    0.22978  45.0%   282 4775s
 1667141 1593644    0.22654   31   67    0.15843    0.22974  45.0%   282 4785s
 1670618 1596856    0.22970   34   59    0.15843    0.22971  45.0%   282 4796s
 1674068 1600100    0.21709   35   69    0.15843    0.22967  45.0%   282 4806s
 1677483 1603258    0.22710   34   67    0.15843    0.22964  44.9%   282 4815s
 1680825 1606436    0.22736   37   63    0.15843    0.22960  44.9%   282 4825s
 1684198 1609479    0.22054   37   64    0.15843    0.22957  44.9%   282 4832s
 1687423 1612671    0.22439   36   65    0.15843    0.22953  44.9%   282 4840s
 1690752 1615864    0.21267   38   68    0.15843    0.22950  44.9%   282 4847s
 1694086 1619011    0.22760   35   67    0.15843    0.22947  44.8%   282 4854s
 1697430 1622460    0.22656   36   65    0.15843    0.22943  44.8%   282 4864s
 1701092 1625493    0.22187   34   59    0.15843    0.22940  44.8%   282 4874s
 1704302 1628485    0.21300   35   64    0.15843    0.22936  44.8%   282 4883s
 1707497 1631690    0.22517   39   56    0.15843    0.22933  44.7%   282 4893s
 1710857 1634881    0.21642   37   64    0.15843    0.22929  44.7%   282 4902s
 1714207 1638104    0.22315   38   60    0.15843    0.22926  44.7%   282 4912s
 1717612 1641139    0.22447   33   73    0.15843    0.22922  44.7%   282 4921s
 1720836 1644278    0.22627   35   66    0.15843    0.22919  44.7%   282 4930s
 1724159 1647415    0.22528   33   72    0.15843    0.22916  44.6%   282 4940s
 1727471 1650763    0.22833   36   67    0.15843    0.22913  44.6%   282 4951s
 1731019 1653673    0.21267   35   64    0.15843    0.22909  44.6%   282 4960s
 1734088 1657022    0.20902   33   79    0.15843    0.22906  44.6%   282 4970s
 1737627 1660264    0.21454   39   64    0.15843    0.22902  44.6%   282 4980s
 1741081 1663377     cutoff   35         0.15843    0.22899  44.5%   282 4987s
 1744400 1666403    0.21833   39   47    0.15843    0.22896  44.5%   282 4995s
 1747621 1669620    0.21847   35   64    0.15843    0.22892  44.5%   282 5001s
 1751021 1672792    0.21613   34   67    0.15843    0.22889  44.5%   282 5010s
 1754393 1675926    0.22280   36   62    0.15843    0.22885  44.4%   282 5019s
 1757696 1679279    0.22454   37   58    0.15843    0.22882  44.4%   282 5030s
 1761187 1682497    0.21913   36   66    0.15843    0.22879  44.4%   282 5040s
 1764596 1685649    0.22839   38   46    0.15843    0.22876  44.4%   282 5050s
 1767929 1688836    0.22013   35   70    0.15843    0.22873  44.4%   282 5060s
 1771286 1692054    0.22718   36   64    0.15843    0.22870  44.3%   282 5069s
 1774702 1695158    0.21342   33   68    0.15843    0.22866  44.3%   282 5077s
 1777989 1698346    0.22725   37   66    0.15843    0.22863  44.3%   281 5085s
 1781374 1701557    0.22687   37   62    0.15843    0.22859  44.3%   281 5094s
 1784762 1704727    0.22171   33   71    0.15843    0.22856  44.3%   281 5103s
 1788126 1708183    0.21947   36   54    0.15843    0.22854  44.2%   281 5113s
 1791738 1711247    0.21788   39   55    0.15843    0.22850  44.2%   281 5123s
 1794994 1714356    0.21052   36   63    0.15843    0.22847  44.2%   281 5133s
 1798295 1717647    0.22732   33   69    0.15843    0.22844  44.2%   281 5143s
 1801757 1720764    0.20911   35   60    0.15843    0.22840  44.2%   281 5153s
 1805047 1723896    0.21763   38   66    0.15843    0.22837  44.1%   281 5163s
 1808375 1726938    0.21999   39   62    0.15843    0.22834  44.1%   281 5172s
 1811632 1730059    0.21665   37   63    0.15843    0.22831  44.1%   281 5182s
 1814953 1733181    0.21229   35   65    0.15843    0.22828  44.1%   281 5191s
 1818221 1736553    0.22408   39   60    0.15843    0.22825  44.1%   281 5201s
 1821801 1739660    0.22217   38   58    0.15843    0.22821  44.0%   281 5210s
 1825085 1742879    0.21027   32   59    0.15843    0.22818  44.0%   281 5220s
 1828477 1745906    0.22155   37   60    0.15843    0.22815  44.0%   281 5227s
 1831703 1749028    0.21696   33   72    0.15843    0.22812  44.0%   281 5235s
 1835044 1752171    0.21554   36   56    0.15843    0.22809  44.0%   281 5244s
 1838376 1755245    0.22339   36   62    0.15843    0.22806  43.9%   281 5254s
 1841615 1757173    0.22205   36   61    0.15843    0.22803  43.9%   281 5265s
 1843681 1760573    0.21808   38   67    0.15843    0.22802  43.9%   281 5275s
 1847304 1763862    0.22622   35   69    0.15843    0.22798  43.9%   281 5286s
 1850819 1767044    0.22518   38   67    0.15843    0.22795  43.9%   281 5295s
 1854203 1770126    0.22245   38   62    0.15843    0.22792  43.9%   281 5304s
 1857146 1770126    0.22148   42   60    0.15843    0.22791  43.9%   281 5305s
 1857474 1773280    0.21647   35   69    0.15843    0.22789  43.8%   281 5315s
 1860803 1776499    0.22566   36   61    0.15843    0.22785  43.8%   281 5325s
 1864203 1779709    0.21592   38   63    0.15843    0.22782  43.8%   281 5334s
 1866841 1779709    0.21997   36   62    0.15843    0.22782  43.8%   281 5335s
 1867600 1782807    0.22080   34   69    0.15843    0.22779  43.8%   281 5342s
 1870908 1785931    0.21871   36   71    0.15843    0.22776  43.8%   281 5352s
 1874245 1789096    0.22400   36   66    0.15843    0.22773  43.7%   281 5361s
 1877607 1792471    0.22523   38   63    0.15843    0.22770  43.7%   281 5371s
 1881168 1795685    0.21500   37   61    0.15843    0.22767  43.7%   281 5380s
 1884543 1798811    0.21975   38   61    0.15843    0.22764  43.7%   281 5390s
 1887879 1801904    0.22489   32   66    0.15843    0.22761  43.7%   281 5400s
 1891158 1805003    0.20948   36   63    0.15843    0.22758  43.6%   281 5410s
 1894504 1808019    0.21843   36   65    0.15843    0.22755  43.6%   280 5420s
 1897708 1811033    0.21142   40   68    0.15843    0.22752  43.6%   280 5429s
 1900875 1814239    0.22012   35   42    0.15843    0.22749  43.6%   280 5436s
 1904270 1817214    0.21351   36   67    0.15843    0.22746  43.6%   280 5443s
 1907428 1820651    0.21745   36   65    0.15843    0.22743  43.6%   280 5454s
 1911071 1823687    0.22263   36   61    0.15843    0.22740  43.5%   280 5463s
 1914330 1826771    0.21308   34   63    0.15843    0.22737  43.5%   280 5472s
 1917624 1829933    0.22565   33   68    0.15843    0.22734  43.5%   280 5481s
 1921001 1832978    0.22411   35   67    0.15843    0.22731  43.5%   280 5491s
 1924258 1836045    0.21856   36   62    0.15843    0.22728  43.5%   280 5500s
 1927542 1839247    0.22063   37   62    0.15843    0.22726  43.4%   280 5509s
 1930940 1842352    0.22086   37   64    0.15843    0.22723  43.4%   280 5518s
